관측소코드,관측소명,날짜,고조1시간,고조1조위,저조1시간,저조1조위,고조2시간,고조2조위,저조2시간,저조2조위
"SO_0564","국화도","2026-01-01","2026-01-01 01:57","626","2026-01-01 08:22","105","2026-01-01 14:49","751","2026-01-01 21:20","195"
"SO_0564","국화도","2026-01-02","2026-01-02 03:02","648","2026-01-02 09:23","64","2026-01-02 15:47","792","2026-01-02 22:20","161"
"SO_0564","국화도","2026-01-03","2026-01-03 03:59","674","2026-01-03 10:18","29","2026-01-03 16:41","822","2026-01-03 23:14","133"
"SO_0564","국화도","2026-01-04","2026-01-04 04:51","697","2026-01-04 11:10","5","2026-01-04 17:30","838","",""
"SO_0564","국화도","2026-01-05","2026-01-05 05:39","715","2026-01-05 00:02","114","2026-01-05 18:15","841","2026-01-05 11:58","-7"
"SO_0564","국화도","2026-01-06","2026-01-06 06:24","724","2026-01-06 00:46","105","2026-01-06 18:56","829","2026-01-06 12:43","-3"
"SO_0564","국화도","2026-01-07","2026-01-07 07:06","723","2026-01-07 01:26","104","2026-01-07 19:34","805","2026-01-07 13:24","19"
"SO_0564","국화도","2026-01-08","2026-01-08 07:46","711","2026-01-08 02:03","114","2026-01-08 20:09","768","2026-01-08 14:03","57"
"SO_0564","국화도","2026-01-09","2026-01-09 00:00","819","2026-01-09 00:00","64","2026-01-09 08:27","688","2026-01-09 02:38","132"
"SO_0564","국화도","2026-01-10","2026-01-10 00:00","807","2026-01-10 00:00","72","2026-01-10 09:10","657","2026-01-10 03:13","157"
"SO_0564","국화도","2026-01-11","2026-01-11 10:01","622","2026-01-11 03:52","187","2026-01-11 22:06","608","2026-01-11 16:10","239"
"SO_0564","국화도","2026-01-12","2026-01-12 11:06","593","2026-01-12 04:38","216","2026-01-12 23:07","557","2026-01-12 17:14","294"
"SO_0564","국화도","2026-01-13","2026-01-13 12:27","586","2026-01-13 05:42","237","","","2026-01-13 18:43","320"
"SO_0564","국화도","2026-01-14","2026-01-14 00:28","530","2026-01-14 06:58","235","2026-01-14 13:46","606","2026-01-14 20:11","307"
"SO_0564","국화도","2026-01-15","2026-01-15 01:49","537","2026-01-15 08:06","210","2026-01-15 14:48","641","2026-01-15 21:14","272"
"SO_0564","국화도","2026-01-16","2026-01-16 02:50","566","2026-01-16 09:01","172","2026-01-16 15:36","679","2026-01-16 22:01","235"
"SO_0564","국화도","2026-01-17","2026-01-17 03:38","603","2026-01-17 09:47","131","2026-01-17 16:16","715","2026-01-17 22:42","199"
"SO_0564","국화도","2026-01-18","2026-01-18 04:19","639","2026-01-18 10:30","94","2026-01-18 16:53","746","2026-01-18 23:19","167"
"SO_0564","국화도","2026-01-19","2026-01-19 04:58","671","2026-01-19 11:09","62","2026-01-19 17:27","772","2026-01-19 23:54","140"
"SO_0564","국화도","2026-01-20","2026-01-20 05:34","696","2026-01-20 11:47","39","2026-01-20 18:00","791","",""
"SO_0564","국화도","2026-01-21","2026-01-21 06:08","714","2026-01-21 00:28","118","2026-01-21 18:32","802","2026-01-21 12:24","28"
"SO_0564","국화도","2026-01-22","2026-01-22 06:43","724","2026-01-22 01:01","102","2026-01-22 19:03","802","2026-01-22 12:59","29"
"SO_0564","국화도","2026-01-23","2026-01-23 07:17","728","2026-01-23 01:33","93","2026-01-23 19:34","790","2026-01-23 13:35","45"
"SO_0564","국화도","2026-01-24","2026-01-24 07:54","724","2026-01-24 02:05","93","2026-01-24 20:08","763","2026-01-24 14:12","76"
"SO_0564","국화도","2026-01-25","2026-01-25 08:35","711","2026-01-25 02:39","101","2026-01-25 20:46","721","2026-01-25 14:52","123"
"SO_0564","국화도","2026-01-26","2026-01-26 09:25","688","2026-01-26 03:18","119","2026-01-26 21:32","666","2026-01-26 15:39","182"
"SO_0564","국화도","2026-01-27","2026-01-27 10:28","661","2026-01-27 04:06","146","2026-01-27 22:33","606","2026-01-27 16:42","245"
"SO_0564","국화도","2026-01-28","2026-01-28 11:51","646","2026-01-28 05:12","172","","","2026-01-28 18:11","288"
"SO_0564","국화도","2026-01-29","2026-01-29 00:01","564","2026-01-29 06:38","179","2026-01-29 13:24","662","2026-01-29 19:58","280"
"SO_0564","국화도","2026-01-30","2026-01-30 01:40","565","2026-01-30 08:06","150","2026-01-30 14:44","706","2026-01-30 21:21","234"
"SO_0564","국화도","2026-01-31","2026-01-31 03:00","605","2026-01-31 09:18","100","2026-01-31 15:48","757","2026-01-31 22:21","178"
"SO_0564","국화도","2026-02-01","2026-02-01 04:00","658","2026-02-01 10:17","48","2026-02-01 16:39","800","2026-02-01 23:09","128"
"SO_0564","국화도","2026-02-02","2026-02-02 04:49","706","2026-02-02 11:07","8","2026-02-02 17:23","826","2026-02-02 23:51","90"
"SO_0564","국화도","2026-02-03","2026-02-03 05:33","742","2026-02-03 11:51","-13","2026-02-03 18:01","836","",""
"SO_0564","국화도","2026-02-04","2026-02-04 06:12","763","2026-02-04 00:29","66","2026-02-04 18:35","831","2026-02-04 12:31","-14"
"SO_0564","국화도","2026-02-05","2026-02-05 06:49","768","2026-02-05 01:02","56","2026-02-05 19:06","812","2026-02-05 13:07","6"
"SO_0564","국화도","2026-02-06","2026-02-06 07:23","759","2026-02-06 01:32","60","2026-02-06 19:35","780","2026-02-06 13:40","42"
"SO_0564","국화도","2026-02-07","2026-02-07 07:56","736","2026-02-07 02:00","76","2026-02-07 20:03","737","2026-02-07 14:11","94"
"SO_0564","국화도","2026-02-08","2026-02-08 08:29","702","2026-02-08 02:26","105","2026-02-08 20:32","683","2026-02-08 14:43","156"
"SO_0564","국화도","2026-02-09","2026-02-09 09:06","658","2026-02-09 02:54","143","2026-02-09 21:04","620","2026-02-09 15:18","226"
"SO_0564","국화도","2026-02-10","2026-02-10 09:53","611","2026-02-10 03:27","189","2026-02-10 21:47","556","2026-02-10 16:04","296"
"SO_0564","국화도","2026-02-11","2026-02-11 11:05","570","2026-02-11 04:13","237","2026-02-11 23:00","500","2026-02-11 17:22","352"
"SO_0564","국화도","2026-02-12","2026-02-12 12:54","564","2026-02-12 05:32","273","","","2026-02-12 19:35","356"
"SO_0564","국화도","2026-02-13","2026-02-13 01:01","488","2026-02-13 07:22","264","2026-02-13 14:24","601","2026-02-13 20:59","309"
"SO_0564","국화도","2026-02-14","2026-02-14 02:28","528","2026-02-14 08:38","215","2026-02-14 15:20","653","2026-02-14 21:47","253"
"SO_0564","국화도","2026-02-15","2026-02-15 03:23","586","2026-02-15 09:32","156","2026-02-15 16:01","705","2026-02-15 22:25","198"
"SO_0564","국화도","2026-02-16","2026-02-16 04:05","644","2026-02-16 10:16","100","2026-02-16 16:36","751","2026-02-16 23:01","147"
"SO_0564","국화도","2026-02-17","2026-02-17 04:43","695","2026-02-17 10:57","53","2026-02-17 17:09","787","2026-02-17 23:34","103"
"SO_0564","국화도","2026-02-18","2026-02-18 05:18","737","2026-02-18 11:35","21","2026-02-18 17:40","811","",""
"SO_0564","국화도","2026-02-19","2026-02-19 05:53","767","2026-02-19 00:07","68","2026-02-19 18:11","823","2026-02-19 12:11","5"
"SO_0564","국화도","2026-02-20","2026-02-20 06:26","786","2026-02-20 00:38","44","2026-02-20 18:41","821","2026-02-20 12:46","6"
"SO_0564","국화도","2026-02-21","2026-02-21 07:00","793","2026-02-21 01:09","32","2026-02-21 19:12","803","2026-02-21 13:21","27"
"SO_0564","국화도","2026-02-22","2026-02-22 07:35","787","2026-02-22 01:40","35","2026-02-22 19:44","769","2026-02-22 13:56","66"
"SO_0564","국화도","2026-02-23","2026-02-23 08:14","765","2026-02-23 02:12","53","2026-02-23 20:19","717","2026-02-23 14:34","125"
"SO_0564","국화도","2026-02-24","2026-02-24 08:59","725","2026-02-24 02:47","87","2026-02-24 21:00","651","2026-02-24 15:18","198"
"SO_0564","국화도","2026-02-25","2026-02-25 09:59","673","2026-02-25 03:31","137","2026-02-25 21:59","578","2026-02-25 16:18","277"
"SO_0564","국화도","2026-02-26","2026-02-26 11:29","631","2026-02-26 04:36","193","2026-02-26 23:41","525","2026-02-26 18:00","330"
"SO_0564","국화도","2026-02-27","2026-02-27 13:23","639","2026-02-27 06:20","221","","","2026-02-27 20:07","306"
"SO_0564","국화도","2026-02-28","2026-02-28 01:45","543","2026-02-28 08:06","186","2026-02-28 14:48","691","2026-02-28 21:22","238"
"SO_0564","국화도","2026-03-01","2026-03-01 03:03","610","2026-03-01 09:18","122","2026-03-01 15:44","747","2026-03-01 22:12","168"
"SO_0564","국화도","2026-03-02","2026-03-02 03:56","681","2026-03-02 10:12","63","2026-03-02 16:28","790","2026-03-02 22:53","110"
"SO_0564","국화도","2026-03-03","2026-03-03 04:39","740","2026-03-03 10:57","23","2026-03-03 17:04","815","2026-03-03 23:29","68"
"SO_0564","국화도","2026-03-04","2026-03-04 05:18","779","2026-03-04 11:36","5","2026-03-04 17:37","823","",""
"SO_0564","국화도","2026-03-05","2026-03-05 05:53","799","2026-03-05 00:01","42","2026-03-05 18:07","817","2026-03-05 12:11","8"
"SO_0564","국화도","2026-03-06","2026-03-06 06:25","802","2026-03-06 00:31","32","2026-03-06 18:34","801","2026-03-06 12:43","28"
"SO_0564","국화도","2026-03-07","2026-03-07 06:55","790","2026-03-07 00:57","37","2026-03-07 19:00","773","2026-03-07 13:13","63"
"SO_0564","국화도","2026-03-08","2026-03-08 07:23","768","2026-03-08 01:21","55","2026-03-08 19:26","734","2026-03-08 13:41","109"
"SO_0564","국화도","2026-03-09","2026-03-09 07:51","735","2026-03-09 01:45","84","2026-03-09 19:52","685","2026-03-09 14:09","164"
"SO_0564","국화도","2026-03-10","2026-03-10 08:22","693","2026-03-10 02:09","124","2026-03-10 20:21","628","2026-03-10 14:39","228"
"SO_0564","국화도","2026-03-11","2026-03-11 08:59","643","2026-03-11 02:36","172","2026-03-11 20:55","565","2026-03-11 15:16","296"
"SO_0564","국화도","2026-03-12","2026-03-12 09:55","591","2026-03-12 03:13","228","2026-03-12 21:52","504","2026-03-12 16:17","359"
"SO_0564","국화도","2026-03-13","2026-03-13 11:44","558","2026-03-13 04:17","282","","","2026-03-13 18:47","381"
"SO_0564","국화도","2026-03-14","2026-03-14 00:05","475","2026-03-14 06:24","299","2026-03-14 13:45","587","2026-03-14 20:30","328"
"SO_0564","국화도","2026-03-15","2026-03-15 01:58","520","2026-03-15 08:08","250","2026-03-15 14:48","644","2026-03-15 21:18","260"
"SO_0564","국화도","2026-03-16","2026-03-16 02:57","592","2026-03-16 09:07","181","2026-03-16 15:30","703","2026-03-16 21:55","192"
"SO_0564","국화도","2026-03-17","2026-03-17 03:40","666","2026-03-17 09:53","116","2026-03-17 16:06","753","2026-03-17 22:30","129"
"SO_0564","국화도","2026-03-18","2026-03-18 04:18","731","2026-03-18 10:35","63","2026-03-18 16:39","792","2026-03-18 23:03","75"
"SO_0564","국화도","2026-03-19","2026-03-19 04:54","783","2026-03-19 11:14","29","2026-03-19 17:12","815","2026-03-19 23:37","35"
"SO_0564","국화도","2026-03-20","2026-03-20 05:29","820","2026-03-20 11:52","13","2026-03-20 17:44","823","",""
"SO_0564","국화도","2026-03-21","2026-03-21 06:05","841","2026-03-21 00:09","9","2026-03-21 18:17","815","2026-03-21 12:29","19"
"SO_0564","국화도","2026-03-22","2026-03-22 06:40","844","2026-03-22 00:42","1","2026-03-22 18:49","790","2026-03-22 13:05","45"
"SO_0564","국화도","2026-03-23","2026-03-23 07:17","830","2026-03-23 01:14","12","2026-03-23 19:23","750","2026-03-23 13:42","91"
"SO_0564","국화도","2026-03-24","2026-03-24 07:57","795","2026-03-24 01:48","41","2026-03-24 20:00","695","2026-03-24 14:21","156"
"SO_0564","국화도","2026-03-25","2026-03-25 08:44","742","2026-03-25 02:25","89","2026-03-25 20:45","628","2026-03-25 15:08","233"
"SO_0564","국화도","2026-03-26","2026-03-26 09:48","678","2026-03-26 03:12","153","2026-03-26 21:50","559","2026-03-26 16:14","308"
"SO_0564","국화도","2026-03-27","2026-03-27 11:26","632","2026-03-27 04:23","219","2026-03-27 23:48","524","2026-03-27 18:10","341"
"SO_0564","국화도","2026-03-28","2026-03-28 13:19","643","2026-03-28 06:19","245","","","2026-03-28 19:59","297"
"SO_0564","국화도","2026-03-29","2026-03-29 01:43","567","2026-03-29 08:00","204","2026-03-29 14:34","690","2026-03-29 21:01","225"
"SO_0564","국화도","2026-03-30","2026-03-30 02:51","644","2026-03-30 09:06","143","2026-03-30 15:24","737","2026-03-30 21:46","157"
"SO_0564","국화도","2026-03-31","2026-03-31 03:40","716","2026-03-31 09:55","93","2026-03-31 16:02","769","2026-03-31 22:23","102"
"SO_0564","국화도","2026-04-01","2026-04-01 04:19","770","2026-04-01 10:37","63","2026-04-01 16:36","786","2026-04-01 22:57","65"
"SO_0564","국화도","2026-04-02","2026-04-02 04:55","802","2026-04-02 11:14","53","2026-04-02 17:06","790","2026-04-02 23:28","44"
"SO_0564","국화도","2026-04-03","2026-04-03 05:27","815","2026-04-03 11:47","60","2026-04-03 17:35","784","2026-04-03 23:56","40"
"SO_0564","국화도","2026-04-04","2026-04-04 05:58","812","2026-04-04 12:18","79","2026-04-04 18:02","769","",""
"SO_0564","국화도","2026-04-05","2026-04-05 06:26","800","2026-04-05 00:22","48","2026-04-05 18:29","746","2026-04-05 12:47","107"
"SO_0564","국화도","2026-04-06","2026-04-06 06:53","780","2026-04-06 00:46","66","2026-04-06 18:56","715","2026-04-06 13:15","143"
"SO_0564","국화도","2026-04-07","2026-04-07 07:20","754","2026-04-07 01:10","92","2026-04-07 19:23","675","2026-04-07 13:43","187"
"SO_0564","국화도","2026-04-08","2026-04-08 07:49","720","2026-04-08 01:35","126","2026-04-08 19:52","629","2026-04-08 14:13","238"
"SO_0564","국화도","2026-04-09","2026-04-09 08:25","678","2026-04-09 02:04","168","2026-04-09 20:28","578","2026-04-09 14:49","294"
"SO_0564","국화도","2026-04-10","2026-04-10 09:16","630","2026-04-10 02:41","219","2026-04-10 21:25","527","2026-04-10 15:46","346"
"SO_0564","국화도","2026-04-11","2026-04-11 10:41","591","2026-04-11 03:39","272","2026-04-11 23:14","501","2026-04-11 17:38","370"
"SO_0564","국화도","2026-04-12","2026-04-12 12:37","596","2026-04-12 05:24","302","","","2026-04-12 19:29","329"
"SO_0564","국화도","2026-04-13","2026-04-13 01:08","538","2026-04-13 07:17","271","2026-04-13 13:54","640","2026-04-13 20:27","260"
"SO_0564","국화도","2026-04-14","2026-04-14 02:15","612","2026-04-14 08:27","209","2026-04-14 14:44","693","2026-04-14 21:09","187"
"SO_0564","국화도","2026-04-15","2026-04-15 03:03","692","2026-04-15 09:20","146","2026-04-15 15:25","740","2026-04-15 21:48","119"
"SO_0564","국화도","2026-04-16","2026-04-16 03:45","763","2026-04-16 10:05","96","2026-04-16 16:02","775","2026-04-16 22:25","64"
"SO_0564","국화도","2026-04-17","2026-04-17 04:24","819","2026-04-17 10:48","63","2026-04-17 16:39","794","2026-04-17 23:02","24"
"SO_0564","국화도","2026-04-18","2026-04-18 05:03","856","2026-04-18 11:30","51","2026-04-18 17:16","798","2026-04-18 23:39","3"
"SO_0564","국화도","2026-04-19","2026-04-19 05:41","873","2026-04-19 12:10","58","2026-04-19 17:53","786","",""
"SO_0564","국화도","2026-04-20","2026-04-20 06:21","871","2026-04-20 00:15","","2026-04-20 18:31","760","2026-04-20 12:51","85"
"SO_0564","국화도","2026-04-21","2026-04-21 07:03","849","2026-04-21 00:53","16","2026-04-21 19:10","722","2026-04-21 13:32","130"
"SO_0564","국화도","2026-04-22","2026-04-22 07:48","809","2026-04-22 01:31","50","2026-04-22 19:53","674","2026-04-22 14:17","188"
"SO_0564","국화도","2026-04-23","2026-04-23 08:40","754","2026-04-23 02:15","102","2026-04-23 20:46","621","2026-04-23 15:09","250"
"SO_0564","국화도","2026-04-24","2026-04-24 09:46","696","2026-04-24 03:08","165","2026-04-24 21:59","575","2026-04-24 16:20","299"
"SO_0564","국화도","2026-04-25","2026-04-25 11:14","657","2026-04-25 04:23","223","2026-04-25 23:42","566","2026-04-25 17:55","310"
"SO_0564","국화도","2026-04-26","2026-04-26 12:47","655","2026-04-26 06:03","245","","","2026-04-26 19:20","273"
"SO_0564","국화도","2026-04-27","2026-04-27 01:16","608","2026-04-27 07:32","221","2026-04-27 13:56","678","2026-04-27 20:20","216"
"SO_0564","국화도","2026-04-28","2026-04-28 02:22","673","2026-04-28 08:37","181","2026-04-28 14:46","706","2026-04-28 21:06","160"
"SO_0564","국화도","2026-04-29","2026-04-29 03:11","732","2026-04-29 09:27","147","2026-04-29 15:26","727","2026-04-29 21:44","115"
"SO_0564","국화도","2026-04-30","2026-04-30 03:51","775","2026-04-30 10:09","128","2026-04-30 16:01","738","2026-04-30 22:19","85"
"SO_0564","국화도","2026-05-01","2026-05-01 04:27","798","2026-05-01 10:47","122","2026-05-01 16:33","742","2026-05-01 22:51","71"
"SO_0564","국화도","2026-05-02","2026-05-02 05:00","805","2026-05-02 11:21","126","2026-05-02 17:03","739","2026-05-02 23:21","70"
"SO_0564","국화도","2026-05-03","2026-05-03 05:31","802","2026-05-03 11:54","138","2026-05-03 17:34","729","2026-05-03 23:49","77"
"SO_0564","국화도","2026-05-04","2026-05-04 05:59","792","2026-05-04 12:24","155","2026-05-04 18:04","714","",""
"SO_0564","국화도","2026-05-05","2026-05-05 06:28","780","2026-05-05 00:16","91","2026-05-05 18:34","693","2026-05-05 12:55","178"
"SO_0564","국화도","2026-05-06","2026-05-06 06:58","764","2026-05-06 00:44","109","2026-05-06 19:05","667","2026-05-06 13:26","207"
"SO_0564","국화도","2026-05-07","2026-05-07 07:30","743","2026-05-07 01:13","133","2026-05-07 19:38","636","2026-05-07 13:59","240"
"SO_0564","국화도","2026-05-08","2026-05-08 08:08","714","2026-05-08 01:46","164","2026-05-08 20:19","601","2026-05-08 14:38","276"
"SO_0564","국화도","2026-05-09","2026-05-09 08:55","679","2026-05-09 02:27","203","2026-05-09 21:15","570","2026-05-09 15:31","308"
"SO_0564","국화도","2026-05-10","2026-05-10 10:00","646","2026-05-10 03:22","245","2026-05-10 22:36","556","2026-05-10 16:46","320"
"SO_0564","국화도","2026-05-11","2026-05-11 11:22","632","2026-05-11 04:42","275","","","2026-05-11 18:11","297"
"SO_0564","국화도","2026-05-12","2026-05-12 00:08","582","2026-05-12 06:16","271","2026-05-12 12:42","646","2026-05-12 19:19","244"
"SO_0564","국화도","2026-05-13","2026-05-13 01:22","643","2026-05-13 07:36","234","2026-05-13 13:45","679","2026-05-13 20:13","181"
"SO_0564","국화도","2026-05-14","2026-05-14 02:19","715","2026-05-14 08:38","186","2026-05-14 14:37","713","2026-05-14 21:00","119"
"SO_0564","국화도","2026-05-15","2026-05-15 03:08","782","2026-05-15 09:32","144","2026-05-15 15:22","740","2026-05-15 21:45","69"
"SO_0564","국화도","2026-05-16","2026-05-16 03:53","834","2026-05-16 10:22","116","2026-05-16 16:07","755","2026-05-16 22:28","34"
"SO_0564","국화도","2026-05-17","2026-05-17 04:38","867","2026-05-17 11:09","103","2026-05-17 16:51","759","2026-05-17 23:12","16"
"SO_0564","국화도","2026-05-18","2026-05-18 05:23","881","2026-05-18 11:56","106","2026-05-18 17:35","751","2026-05-18 23:55","14"
"SO_0564","국화도","2026-05-19","2026-05-19 06:09","876","2026-05-19 12:42","124","2026-05-19 18:19","735","",""
"SO_0564","국화도","2026-05-20","2026-05-20 06:56","857","2026-05-20 00:39","27","2026-05-20 19:05","711","2026-05-20 13:29","152"
"SO_0564","국화도","2026-05-21","2026-05-21 07:45","824","2026-05-21 01:24","56","2026-05-21 19:55","683","2026-05-21 14:17","187"
"SO_0564","국화도","2026-05-22","2026-05-22 08:37","781","2026-05-22 02:13","98","2026-05-22 20:49","653","2026-05-22 15:09","222"
"SO_0564","국화도","2026-05-23","2026-05-23 09:34","733","2026-05-23 03:06","149","2026-05-23 21:54","629","2026-05-23 16:08","250"
"SO_0564","국화도","2026-05-24","2026-05-24 10:39","690","2026-05-24 04:11","200","2026-05-24 23:11","622","2026-05-24 17:14","259"
"SO_0564","국화도","2026-05-25","2026-05-25 11:50","663","2026-05-25 05:26","236","","","2026-05-25 18:23","245"
"SO_0564","국화도","2026-05-26","2026-05-26 00:31","642","2026-05-26 06:45","246","2026-05-26 12:58","655","2026-05-26 19:24","215"
"SO_0564","국화도","2026-05-27","2026-05-27 01:39","680","2026-05-27 07:55","235","2026-05-27 13:55","660","2026-05-27 20:16","178"
"SO_0564","국화도","2026-05-28","2026-05-28 02:34","721","2026-05-28 08:52","217","2026-05-28 14:43","671","2026-05-28 21:01","146"
"SO_0564","국화도","2026-05-29","2026-05-29 03:19","752","2026-05-29 09:39","201","2026-05-29 15:24","682","2026-05-29 21:40","123"
"SO_0564","국화도","2026-05-30","2026-05-30 03:59","771","2026-05-30 10:21","191","2026-05-30 16:02","691","2026-05-30 22:16","110"
"SO_0564","국화도","2026-05-31","2026-05-31 04:35","779","2026-05-31 10:59","187","2026-05-31 16:38","695","2026-05-31 22:51","105"
"SO_0564","국화도","2026-06-01","2026-06-01 05:09","782","2026-06-01 11:34","186","2026-06-01 17:13","696","2026-06-01 23:24","105"
"SO_0564","국화도","2026-06-02","2026-06-02 05:41","782","2026-06-02 12:08","189","2026-06-02 17:47","693","2026-06-02 23:56","108"
"SO_0564","국화도","2026-06-03","2026-06-03 06:13","781","2026-06-03 12:42","195","2026-06-03 18:21","686","",""
"SO_0564","국화도","2026-06-04","2026-06-04 06:45","778","2026-06-04 00:29","114","2026-06-04 18:55","676","2026-06-04 13:16","205"
"SO_0564","국화도","2026-06-05","2026-06-05 07:19","771","2026-06-05 01:03","125","2026-06-05 19:31","662","2026-06-05 13:51","218"
"SO_0564","국화도","2026-06-06","2026-06-06 07:56","756","2026-06-06 01:39","144","2026-06-06 20:12","646","2026-06-06 14:29","232"
"SO_0564","국화도","2026-06-07","2026-06-07 08:37","734","2026-06-07 02:20","171","2026-06-07 21:01","632","2026-06-07 15:13","244"
"SO_0564","국화도","2026-06-08","2026-06-08 09:26","706","2026-06-08 03:09","204","2026-06-08 22:03","626","2026-06-08 16:05","248"
"SO_0564","국화도","2026-06-09","2026-06-09 10:25","680","2026-06-09 04:10","237","2026-06-09 23:15","638","2026-06-09 17:06","240"
"SO_0564","국화도","2026-06-10","2026-06-10 11:35","664","2026-06-10 05:23","257","","","2026-06-10 18:12","214"
"SO_0564","국화도","2026-06-11","2026-06-11 00:29","675","2026-06-11 06:42","253","2026-06-11 12:45","665","2026-06-11 19:16","173"
"SO_0564","국화도","2026-06-12","2026-06-12 01:35","728","2026-06-12 07:57","230","2026-06-12 13:50","678","2026-06-12 20:15","129"
"SO_0564","국화도","2026-06-13","2026-06-13 02:34","782","2026-06-13 09:02","200","2026-06-13 14:48","695","2026-06-13 21:10","88"
"SO_0564","국화도","2026-06-14","2026-06-14 03:29","826","2026-06-14 10:01","172","2026-06-14 15:42","712","2026-06-14 22:02","56"
"SO_0564","국화도","2026-06-15","2026-06-15 04:21","858","2026-06-15 10:56","152","2026-06-15 16:34","724","2026-06-15 22:54","34"
"SO_0564","국화도","2026-06-16","2026-06-16 05:13","875","2026-06-16 11:48","140","2026-06-16 17:25","732","2026-06-16 23:44","23"
"SO_0564","국화도","2026-06-17","2026-06-17 06:03","879","2026-06-17 12:37","136","2026-06-17 18:14","736","",""
"SO_0564","국화도","2026-06-18","2026-06-18 06:51","872","2026-06-18 00:33","25","2026-06-18 19:02","734","2026-06-18 13:24","139"
"SO_0564","국화도","2026-06-19","2026-06-19 07:37","851","2026-06-19 01:20","40","2026-06-19 19:50","726","2026-06-19 14:08","150"
"SO_0564","국화도","2026-06-20","2026-06-20 08:22","817","2026-06-20 02:06","72","2026-06-20 20:38","711","2026-06-20 14:52","166"
"SO_0564","국화도","2026-06-21","2026-06-21 09:06","773","2026-06-21 02:53","118","2026-06-21 21:30","690","2026-06-21 15:36","185"
"SO_0564","국화도","2026-06-22","2026-06-22 09:53","722","2026-06-22 03:43","174","2026-06-22 22:30","671","2026-06-22 16:25","205"
"SO_0564","국화도","2026-06-23","2026-06-23 10:47","672","2026-06-23 04:41","230","2026-06-23 23:38","661","2026-06-23 17:19","218"
"SO_0564","국화도","2026-06-24","2026-06-24 11:49","634","2026-06-24 05:48","275","","","2026-06-24 18:20","221"
"SO_0564","국화도","2026-06-25","2026-06-25 00:50","667","2026-06-25 07:04","294","2026-06-25 12:56","615","2026-06-25 19:22","210"
"SO_0564","국화도","2026-06-26","2026-06-26 01:55","688","2026-06-26 08:15","288","2026-06-26 13:59","616","2026-06-26 20:18","190"
"SO_0564","국화도","2026-06-27","2026-06-27 02:50","713","2026-06-27 09:13","269","2026-06-27 14:52","631","2026-06-27 21:07","168"
"SO_0564","국화도","2026-06-28","2026-06-28 03:36","736","2026-06-28 10:01","248","2026-06-28 15:39","650","2026-06-28 21:50","148"
"SO_0564","국화도","2026-06-29","2026-06-29 04:17","755","2026-06-29 10:43","227","2026-06-29 16:20","669","2026-06-29 22:30","130"
"SO_0564","국화도","2026-06-30","2026-06-30 04:54","771","2026-06-30 11:21","210","2026-06-30 16:59","686","2026-06-30 23:08","115"
"SO_0564","국화도","2026-07-01","2026-07-01 05:29","785","2026-07-01 11:57","194","2026-07-01 17:36","698","2026-07-01 23:45","104"
"SO_0564","국화도","2026-07-02","2026-07-02 06:03","797","2026-07-02 12:32","183","2026-07-02 18:11","706","",""
"SO_0564","국화도","2026-07-03","2026-07-03 06:35","806","2026-07-03 00:21","97","2026-07-03 18:46","710","2026-07-03 13:06","174"
"SO_0564","국화도","2026-07-04","2026-07-04 07:07","808","2026-07-04 00:56","99","2026-07-04 19:21","710","2026-07-04 13:39","170"
"SO_0564","국화도","2026-07-05","2026-07-05 07:40","800","2026-07-05 01:32","110","2026-07-05 19:58","706","2026-07-05 14:12","170"
"SO_0564","국화도","2026-07-06","2026-07-06 08:15","782","2026-07-06 02:10","133","2026-07-06 20:40","700","2026-07-06 14:48","173"
"SO_0564","국화도","2026-07-07","2026-07-07 08:54","752","2026-07-07 02:52","167","2026-07-07 21:30","692","2026-07-07 15:28","179"
"SO_0564","국화도","2026-07-08","2026-07-08 09:41","714","2026-07-08 03:40","209","2026-07-08 22:31","687","2026-07-08 16:17","186"
"SO_0564","국화도","2026-07-09","2026-07-09 10:39","673","2026-07-09 04:41","251","2026-07-09 23:44","695","2026-07-09 17:16","189"
"SO_0564","국화도","2026-07-10","2026-07-10 11:53","643","2026-07-10 05:57","280","","","2026-07-10 18:27","180"
"SO_0564","국화도","2026-07-11","2026-07-11 01:01","721","2026-07-11 07:25","280","2026-07-11 13:12","636","2026-07-11 19:41","155"
"SO_0564","국화도","2026-07-12","2026-07-12 02:13","761","2026-07-12 08:45","254","2026-07-12 14:27","653","2026-07-12 20:48","118"
"SO_0564","국화도","2026-07-13","2026-07-13 03:17","805","2026-07-13 09:53","214","2026-07-13 15:32","683","2026-07-13 21:50","78"
"SO_0564","국화도","2026-07-14","2026-07-14 04:16","845","2026-07-14 10:51","175","2026-07-14 16:29","716","2026-07-14 22:47","43"
"SO_0564","국화도","2026-07-15","2026-07-15 05:08","874","2026-07-15 11:42","141","2026-07-15 17:20","746","2026-07-15 23:38","18"
"SO_0564","국화도","2026-07-16","2026-07-16 05:55","891","2026-07-16 12:27","114","2026-07-16 18:07","770","",""
"SO_0564","국화도","2026-07-17","2026-07-17 06:38","891","2026-07-17 00:26","9","2026-07-17 18:51","782","2026-07-17 13:09","100"
"SO_0564","국화도","2026-07-18","2026-07-18 07:17","875","2026-07-18 01:09","18","2026-07-18 19:33","781","2026-07-18 13:46","99"
"SO_0564","국화도","2026-07-19","2026-07-19 07:54","843","2026-07-19 01:50","49","2026-07-19 20:14","767","2026-07-19 14:22","109"
"SO_0564","국화도","2026-07-20","2026-07-20 08:29","797","2026-07-20 02:29","99","2026-07-20 20:57","739","2026-07-20 14:57","132"
"SO_0564","국화도","2026-07-21","2026-07-21 09:06","741","2026-07-21 03:09","163","2026-07-21 21:44","703","2026-07-21 15:34","164"
"SO_0564","국화도","2026-07-22","2026-07-22 09:47","678","2026-07-22 03:54","234","2026-07-22 22:42","667","2026-07-22 16:16","201"
"SO_0564","국화도","2026-07-23","2026-07-23 10:39","619","2026-07-23 04:50","301","2026-07-23 23:56","643","2026-07-23 17:11","236"
"SO_0564","국화도","2026-07-24","2026-07-24 11:52","576","2026-07-24 06:09","346","","","2026-07-24 18:24","254"
"SO_0564","국화도","2026-07-25","2026-07-25 01:18","646","2026-07-25 07:43","348","2026-07-25 13:18","568","2026-07-25 19:40","244"
"SO_0564","국화도","2026-07-26","2026-07-26 02:28","673","2026-07-26 08:56","319","2026-07-26 14:29","591","2026-07-26 20:43","213"
"SO_0564","국화도","2026-07-27","2026-07-27 03:22","709","2026-07-27 09:48","279","2026-07-27 15:24","628","2026-07-27 21:34","176"
"SO_0564","국화도","2026-07-28","2026-07-28 04:05","744","2026-07-28 10:30","240","2026-07-28 16:07","668","2026-07-28 22:17","139"
"SO_0564","국화도","2026-07-29","2026-07-29 04:42","777","2026-07-29 11:07","203","2026-07-29 16:46","702","2026-07-29 22:57","107"
"SO_0564","국화도","2026-07-30","2026-07-30 05:15","804","2026-07-30 11:42","172","2026-07-30 17:22","730","2026-07-30 23:34","83"
"SO_0564","국화도","2026-07-31","2026-07-31 05:47","825","2026-07-31 12:14","145","2026-07-31 17:57","751","",""
"SO_0564","국화도","2026-08-01","2026-08-01 06:17","837","2026-08-01 00:10","69","2026-08-01 18:30","764","2026-08-01 12:46","125"
"SO_0564","국화도","2026-08-02","2026-08-02 06:47","839","2026-08-02 00:45","68","2026-08-02 19:03","770","2026-08-02 13:17","113"
"SO_0564","국화도","2026-08-03","2026-08-03 07:17","830","2026-08-03 01:19","81","2026-08-03 19:38","770","2026-08-03 13:47","109"
"SO_0564","국화도","2026-08-04","2026-08-04 07:48","807","2026-08-04 01:54","108","2026-08-04 20:15","761","2026-08-04 14:19","115"
"SO_0564","국화도","2026-08-05","2026-08-05 08:23","770","2026-08-05 02:32","150","2026-08-05 21:00","742","2026-08-05 14:53","131"
"SO_0564","국화도","2026-08-06","2026-08-06 09:04","719","2026-08-06 03:14","205","2026-08-06 21:55","715","2026-08-06 15:36","157"
"SO_0564","국화도","2026-08-07","2026-08-07 09:57","660","2026-08-07 04:09","267","2026-08-07 23:10","693","2026-08-07 16:33","189"
"SO_0564","국화도","2026-08-08","2026-08-08 11:14","608","2026-08-08 05:27","318","","","2026-08-08 17:53","210"
"SO_0564","국화도","2026-08-09","2026-08-09 00:43","697","2026-08-09 07:14","327","2026-08-09 12:56","594","2026-08-09 19:25","194"
"SO_0564","국화도","2026-08-10","2026-08-10 02:10","737","2026-08-10 08:46","283","2026-08-10 14:25","629","2026-08-10 20:44","146"
"SO_0564","국화도","2026-08-11","2026-08-11 03:17","792","2026-08-11 09:52","221","2026-08-11 15:32","686","2026-08-11 21:48","89"
"SO_0564","국화도","2026-08-12","2026-08-12 04:12","843","2026-08-12 10:44","161","2026-08-12 16:25","743","2026-08-12 22:42","40"
"SO_0564","국화도","2026-08-13","2026-08-13 04:58","879","2026-08-13 11:27","112","2026-08-13 17:11","789","2026-08-13 23:29","10"
"SO_0564","국화도","2026-08-14","2026-08-14 05:38","896","2026-08-14 12:07","78","2026-08-14 17:52","819","",""
"SO_0564","국화도","2026-08-15","2026-08-15 06:15","894","2026-08-15 00:11","2","2026-08-15 18:31","831","2026-08-15 12:43","61"
"SO_0564","국화도","2026-08-16","2026-08-16 06:49","875","2026-08-16 00:50","16","2026-08-16 19:08","826","2026-08-16 13:15","59"
"SO_0564","국화도","2026-08-17","2026-08-17 07:20","842","2026-08-17 01:26","52","2026-08-17 19:43","804","2026-08-17 13:45","74"
"SO_0564","국화도","2026-08-18","2026-08-18 07:50","796","2026-08-18 02:00","106","2026-08-18 20:19","769","2026-08-18 14:14","103"
"SO_0564","국화도","2026-08-19","2026-08-19 08:21","739","2026-08-19 02:33","172","2026-08-19 20:57","721","2026-08-19 14:44","146"
"SO_0564","국화도","2026-08-20","2026-08-20 08:54","674","2026-08-20 03:10","246","2026-08-20 21:44","669","2026-08-20 15:17","198"
"SO_0564","국화도","2026-08-21","2026-08-21 09:37","606","2026-08-21 03:56","321","2026-08-21 22:55","622","2026-08-21 16:02","253"
"SO_0564","국화도","2026-08-22","2026-08-22 10:47","547","2026-08-22 05:10","380","","","2026-08-22 17:17","296"
"SO_0564","국화도","2026-08-23","2026-08-23 00:40","610","2026-08-23 07:18","388","2026-08-23 12:44","530","2026-08-23 19:06","295"
"SO_0564","국화도","2026-08-24","2026-08-24 02:10","642","2026-08-24 08:44","342","2026-08-24 14:13","568","2026-08-24 20:25","251"
"SO_0564","국화도","2026-08-25","2026-08-25 03:06","693","2026-08-25 09:32","285","2026-08-25 15:09","625","2026-08-25 21:18","194"
"SO_0564","국화도","2026-08-26","2026-08-26 03:46","742","2026-08-26 10:09","229","2026-08-26 15:51","684","2026-08-26 22:01","140"
"SO_0564","국화도","2026-08-27","2026-08-27 04:20","785","2026-08-27 10:43","178","2026-08-27 16:27","735","2026-08-27 22:40","96"
"SO_0564","국화도","2026-08-28","2026-08-28 04:52","819","2026-08-28 11:16","134","2026-08-28 17:02","775","2026-08-28 23:17","66"
"SO_0564","국화도","2026-08-29","2026-08-29 05:22","841","2026-08-29 11:47","99","2026-08-29 17:35","804","2026-08-29 23:53","51"
"SO_0564","국화도","2026-08-30","2026-08-30 05:52","851","2026-08-30 12:18","75","2026-08-30 18:08","821","",""
"SO_0564","국화도","2026-08-31","2026-08-31 06:21","848","2026-08-31 00:28","53","2026-08-31 18:41","828","2026-08-31 12:48","63"
"SO_0564","국화도","2026-09-01","2026-09-01 06:51","832","2026-09-01 01:02","71","2026-09-01 19:14","823","2026-09-01 13:18","64"
"SO_0564","국화도","2026-09-02","2026-09-02 07:22","801","2026-09-02 01:36","107","2026-09-02 19:50","804","2026-09-02 13:49","80"
"SO_0564","국화도","2026-09-03","2026-09-03 07:55","755","2026-09-03 02:12","158","2026-09-03 20:33","769","2026-09-03 14:23","110"
"SO_0564","국화도","2026-09-04","2026-09-04 08:35","695","2026-09-04 02:54","224","2026-09-04 21:29","722","2026-09-04 15:04","156"
"SO_0564","국화도","2026-09-05","2026-09-05 09:29","626","2026-09-05 03:49","297","2026-09-05 22:51","678","2026-09-05 16:03","210"
"SO_0564","국화도","2026-09-06","2026-09-06 11:00","569","2026-09-06 05:19","353","","","2026-09-06 17:38","247"
"SO_0564","국화도","2026-09-07","2026-09-07 00:42","677","2026-09-07 07:25","340","2026-09-07 13:04","575","2026-09-07 19:27","223"
"SO_0564","국화도","2026-09-08","2026-09-08 02:12","726","2026-09-08 08:47","271","2026-09-08 14:30","640","2026-09-08 20:45","158"
"SO_0564","국화도","2026-09-09","2026-09-09 03:12","787","2026-09-09 09:41","194","2026-09-09 15:27","718","2026-09-09 21:42","92"
"SO_0564","국화도","2026-09-10","2026-09-10 03:59","837","2026-09-10 10:24","128","2026-09-10 16:13","785","2026-09-10 22:30","44"
"SO_0564","국화도","2026-09-11","2026-09-11 04:38","866","2026-09-11 11:02","78","2026-09-11 16:54","832","2026-09-11 23:12","21"
"SO_0564","국화도","2026-09-12","2026-09-12 05:13","876","2026-09-12 11:37","48","2026-09-12 17:31","856","2026-09-12 23:51","21"
"SO_0564","국화도","2026-09-13","2026-09-13 05:45","868","2026-09-13 12:10","36","2026-09-13 18:06","860","",""
"SO_0564","국화도","2026-09-14","2026-09-14 06:16","847","2026-09-14 00:26","43","2026-09-14 18:39","847","2026-09-14 12:39","42"
"SO_0564","국화도","2026-09-15","2026-09-15 06:45","813","2026-09-15 00:59","81","2026-09-15 19:10","819","2026-09-15 13:07","63"
"SO_0564","국화도","2026-09-16","2026-09-16 07:13","770","2026-09-16 01:30","132","2026-09-16 19:41","780","2026-09-16 13:32","97"
"SO_0564","국화도","2026-09-17","2026-09-17 07:41","717","2026-09-17 02:00","192","2026-09-17 20:14","732","2026-09-17 13:58","143"
"SO_0564","국화도","2026-09-18","2026-09-18 08:12","657","2026-09-18 02:32","258","2026-09-18 20:52","677","2026-09-18 14:27","197"
"SO_0564","국화도","2026-09-19","2026-09-19 08:49","592","2026-09-19 03:12","327","2026-09-19 21:51","621","2026-09-19 15:04","257"
"SO_0564","국화도","2026-09-20","2026-09-20 09:51","531","2026-09-20 04:17","388","2026-09-20 23:43","591","2026-09-20 16:09","313"
"SO_0564","국화도","2026-09-21","2026-09-21 12:04","508","2026-09-21 06:45","400","","","2026-09-21 18:19","329"
"SO_0564","국화도","2026-09-22","2026-09-22 01:35","619","2026-09-22 08:15","346","2026-09-22 13:48","556","2026-09-22 19:56","280"
"SO_0564","국화도","2026-09-23","2026-09-23 02:34","673","2026-09-23 09:01","278","2026-09-23 14:44","628","2026-09-23 20:52","213"
"SO_0564","국화도","2026-09-24","2026-09-24 03:14","728","2026-09-24 09:35","211","2026-09-24 15:24","700","2026-09-24 21:36","150"
"SO_0564","국화도","2026-09-25","2026-09-25 03:47","774","2026-09-25 10:09","150","2026-09-25 16:00","763","2026-09-25 22:16","101"
"SO_0564","국화도","2026-09-26","2026-09-26 04:19","808","2026-09-26 10:41","99","2026-09-26 16:35","813","2026-09-26 22:54","68"
"SO_0564","국화도","2026-09-27","2026-09-27 04:50","829","2026-09-27 11:13","60","2026-09-27 17:08","847","2026-09-27 23:31","54"
"SO_0564","국화도","2026-09-28","2026-09-28 05:22","835","2026-09-28 11:45","36","2026-09-28 17:42","865","",""
"SO_0564","국화도","2026-09-29","2026-09-29 05:53","827","2026-09-29 00:07","59","2026-09-29 18:17","868","2026-09-29 12:17","28"
"SO_0564","국화도","2026-09-30","2026-09-30 06:25","805","2026-09-30 00:43","82","2026-09-30 18:53","854","2026-09-30 12:50","37"
"SO_0564","국화도","2026-10-01","2026-10-01 06:59","768","2026-10-01 01:20","122","2026-10-01 19:31","824","2026-10-01 13:23","63"
"SO_0564","국화도","2026-10-02","2026-10-02 07:35","718","2026-10-02 01:59","179","2026-10-02 20:17","776","2026-10-02 14:01","106"
"SO_0564","국화도","2026-10-03","2026-10-03 08:19","657","2026-10-03 02:44","246","2026-10-03 21:16","718","2026-10-03 14:45","164"
"SO_0564","국화도","2026-10-04","2026-10-04 09:21","592","2026-10-04 03:46","314","2026-10-04 22:46","670","2026-10-04 15:51","227"
"SO_0564","국화도","2026-10-05","2026-10-05 11:09","554","2026-10-05 05:28","348","","","2026-10-05 17:36","261"
"SO_0564","국화도","2026-10-06","2026-10-06 00:37","672","2026-10-06 07:19","312","2026-10-06 13:06","589","2026-10-06 19:21","229"
"SO_0564","국화도","2026-10-07","2026-10-07 01:57","716","2026-10-07 08:27","239","2026-10-07 14:20","667","2026-10-07 20:33","166"
"SO_0564","국화도","2026-10-08","2026-10-08 02:51","765","2026-10-08 09:14","164","2026-10-08 15:11","746","2026-10-08 21:26","110"
"SO_0564","국화도","2026-10-09","2026-10-09 03:33","801","2026-10-09 09:54","103","2026-10-09 15:53","808","2026-10-09 22:11","74"
"SO_0564","국화도","2026-10-10","2026-10-10 04:09","820","2026-10-10 10:30","60","2026-10-10 16:31","846","2026-10-10 22:51","60"
"SO_0564","국화도","2026-10-11","2026-10-11 04:43","823","2026-10-11 11:04","37","2026-10-11 17:06","860","2026-10-11 23:27","67"
"SO_0564","국화도","2026-10-12","2026-10-12 05:14","813","2026-10-12 11:35","34","2026-10-12 17:39","856","",""
"SO_0564","국화도","2026-10-13","2026-10-13 05:44","793","2026-10-13 00:01","89","2026-10-13 18:10","837","2026-10-13 12:03","45"
"SO_0564","국화도","2026-10-14","2026-10-14 06:13","765","2026-10-14 00:33","121","2026-10-14 18:39","810","2026-10-14 12:30","69"
"SO_0564","국화도","2026-10-15","2026-10-15 06:41","730","2026-10-15 01:03","161","2026-10-15 19:08","777","2026-10-15 12:56","101"
"SO_0564","국화도","2026-10-16","2026-10-16 07:10","687","2026-10-16 01:33","207","2026-10-16 19:38","738","2026-10-16 13:22","140"
"SO_0564","국화도","2026-10-17","2026-10-17 07:41","638","2026-10-17 02:04","258","2026-10-17 20:14","692","2026-10-17 13:51","187"
"SO_0564","국화도","2026-10-18","2026-10-18 08:19","586","2026-10-18 02:41","311","2026-10-18 21:03","642","2026-10-18 14:27","239"
"SO_0564","국화도","2026-10-19","2026-10-19 09:17","535","2026-10-19 03:39","360","2026-10-19 22:27","602","2026-10-19 15:24","294"
"SO_0564","국화도","2026-10-20","2026-10-20 11:06","511","2026-10-20 05:32","378","","","2026-10-20 17:09","326"
"SO_0564","국화도","2026-10-21","2026-10-21 00:22","603","2026-10-21 07:14","336","2026-10-21 12:57","549","2026-10-21 19:02","298"
"SO_0564","국화도","2026-10-22","2026-10-22 01:37","643","2026-10-22 08:09","270","2026-10-22 14:02","622","2026-10-22 20:11","237"
"SO_0564","국화도","2026-10-23","2026-10-23 02:26","690","2026-10-23 08:49","199","2026-10-23 14:47","701","2026-10-23 21:01","177"
"SO_0564","국화도","2026-10-24","2026-10-24 03:05","734","2026-10-24 09:25","133","2026-10-24 15:26","771","2026-10-24 21:45","127"
"SO_0564","국화도","2026-10-25","2026-10-25 03:41","768","2026-10-25 10:01","77","2026-10-25 16:04","827","2026-10-25 22:26","93"
"SO_0564","국화도","2026-10-26","2026-10-26 04:16","788","2026-10-26 10:37","37","2026-10-26 16:41","863","2026-10-26 23:07","78"
"SO_0564","국화도","2026-10-27","2026-10-27 04:52","793","2026-10-27 11:13","14","2026-10-27 17:18","881","2026-10-27 23:47","82"
"SO_0564","국화도","2026-10-28","2026-10-28 05:28","785","2026-10-28 11:50","9","2026-10-28 17:57","880","",""
"SO_0564","국화도","2026-10-29","2026-10-29 06:06","763","2026-10-29 00:27","103","2026-10-29 18:38","862","2026-10-29 12:28","22"
"SO_0564","국화도","2026-10-30","2026-10-30 06:45","729","2026-10-30 01:09","139","2026-10-30 19:22","827","2026-10-30 13:07","51"
"SO_0564","국화도","2026-10-31","2026-10-31 07:28","686","2026-10-31 01:53","187","2026-10-31 20:11","779","2026-10-31 13:50","96"
"SO_0564","국화도","2026-11-01","2026-11-01 08:19","637","2026-11-01 02:44","240","2026-11-01 21:13","724","2026-11-01 14:40","153"
"SO_0564","국화도","2026-11-02","2026-11-02 09:27","592","2026-11-02 03:49","285","2026-11-02 22:32","680","2026-11-02 15:49","211"
"SO_0564","국화도","2026-11-03","2026-11-03 11:03","576","2026-11-03 05:15","300","","","2026-11-03 17:21","243"
"SO_0564","국화도","2026-11-04","2026-11-04 00:04","667","2026-11-04 06:41","270","2026-11-04 12:41","610","2026-11-04 18:54","229"
"SO_0564","국화도","2026-11-05","2026-11-05 01:20","685","2026-11-05 07:47","212","2026-11-05 13:52","675","2026-11-05 20:05","191"
"SO_0564","국화도","2026-11-06","2026-11-06 02:15","711","2026-11-06 08:36","152","2026-11-06 14:45","741","2026-11-06 21:01","153"
"SO_0564","국화도","2026-11-07","2026-11-07 03:00","733","2026-11-07 09:18","102","2026-11-07 15:29","790","2026-11-07 21:46","128"
"SO_0564","국화도","2026-11-08","2026-11-08 03:38","746","2026-11-08 09:56","68","2026-11-08 16:07","818","2026-11-08 22:27","119"
"SO_0564","국화도","2026-11-09","2026-11-09 04:13","750","2026-11-09 10:31","52","2026-11-09 16:42","825","2026-11-09 23:04","124"
"SO_0564","국화도","2026-11-10","2026-11-10 04:46","745","2026-11-10 11:03","51","2026-11-10 17:15","819","2026-11-10 23:39","137"
"SO_0564","국화도","2026-11-11","2026-11-11 05:18","733","2026-11-11 11:33","62","2026-11-11 17:46","804","",""
"SO_0564","국화도","2026-11-12","2026-11-12 05:49","715","2026-11-12 00:11","156","2026-11-12 18:15","787","2026-11-12 12:02","79"
"SO_0564","국화도","2026-11-13","2026-11-13 06:20","693","2026-11-13 00:43","179","2026-11-13 18:45","767","2026-11-13 12:30","101"
"SO_0564","국화도","2026-11-14","2026-11-14 06:51","665","2026-11-14 01:13","206","2026-11-14 19:17","743","2026-11-14 12:59","127"
"SO_0564","국화도","2026-11-15","2026-11-15 07:25","633","2026-11-15 01:46","237","2026-11-15 19:52","714","2026-11-15 13:32","159"
"SO_0564","국화도","2026-11-16","2026-11-16 08:03","598","2026-11-16 02:24","269","2026-11-16 20:35","678","2026-11-16 14:09","198"
"SO_0564","국화도","2026-11-17","2026-11-17 08:55","565","2026-11-17 03:13","299","2026-11-17 21:32","640","2026-11-17 15:00","243"
"SO_0564","국화도","2026-11-18","2026-11-18 10:10","544","2026-11-18 04:20","315","2026-11-18 22:50","615","2026-11-18 16:13","280"
"SO_0564","국화도","2026-11-19","2026-11-19 11:43","560","2026-11-19 05:44","300","","","2026-11-19 17:47","288"
"SO_0564","국화도","2026-11-20","2026-11-20 00:14","618","2026-11-20 06:55","254","2026-11-20 13:02","614","2026-11-20 19:12","259"
"SO_0564","국화도","2026-11-21","2026-11-21 01:22","643","2026-11-21 07:51","192","2026-11-21 14:00","685","2026-11-21 20:17","212"
"SO_0564","국화도","2026-11-22","2026-11-22 02:14","677","2026-11-22 08:37","129","2026-11-22 14:48","754","2026-11-22 21:11","167"
"SO_0564","국화도","2026-11-23","2026-11-23 03:00","707","2026-11-23 09:21","75","2026-11-23 15:33","810","2026-11-23 22:00","132"
"SO_0564","국화도","2026-11-24","2026-11-24 03:44","729","2026-11-24 10:04","34","2026-11-24 16:16","848","2026-11-24 22:46","113"
"SO_0564","국화도","2026-11-25","2026-11-25 04:27","739","2026-11-25 10:47","9","2026-11-25 17:00","867","2026-11-25 23:33","108"
"SO_0564","국화도","2026-11-26","2026-11-26 05:11","738","2026-11-26 11:31","","2026-11-26 17:45","870","",""
"SO_0564","국화도","2026-11-27","2026-11-27 05:55","728","2026-11-27 00:19","116","2026-11-27 18:31","857","2026-11-27 12:15","6"
"SO_0564","국화도","2026-11-28","2026-11-28 06:41","711","2026-11-28 01:05","135","2026-11-28 19:19","831","2026-11-28 13:00","27"
"SO_0564","국화도","2026-11-29","2026-11-29 07:28","686","2026-11-29 01:52","161","2026-11-29 20:08","793","2026-11-29 13:47","62"
"SO_0564","국화도","2026-11-30","2026-11-30 08:20","659","2026-11-30 02:41","190","2026-11-30 21:01","747","2026-11-30 14:39","110"
"SO_0564","국화도","2026-12-01","2026-12-01 09:20","632","2026-12-01 03:36","215","2026-12-01 22:01","699","2026-12-01 15:37","163"
"SO_0564","국화도","2026-12-02","2026-12-02 10:32","616","2026-12-02 04:37","230","2026-12-02 23:09","660","2026-12-02 16:47","209"
"SO_0564","국화도","2026-12-03","2026-12-03 11:54","624","2026-12-03 05:45","226","","","2026-12-03 18:07","235"
"SO_0564","국화도","2026-12-04","2026-12-04 00:21","640","2026-12-04 06:51","201","2026-12-04 13:10","657","2026-12-04 19:24","232"
"SO_0564","국화도","2026-12-05","2026-12-05 01:26","639","2026-12-05 07:50","165","2026-12-05 14:12","699","2026-12-05 20:29","215"
"SO_0564","국화도","2026-12-06","2026-12-06 02:21","649","2026-12-06 08:40","130","2026-12-06 15:03","734","2026-12-06 21:21","196"
"SO_0564","국화도","2026-12-07","2026-12-07 03:06","662","2026-12-07 09:24","102","2026-12-07 15:45","757","2026-12-07 22:06","182"
"SO_0564","국화도","2026-12-08","2026-12-08 03:47","673","2026-12-08 10:03","86","2026-12-08 16:24","766","2026-12-08 22:46","174"
"SO_0564","국화도","2026-12-09","2026-12-09 04:25","681","2026-12-09 10:39","79","2026-12-09 16:58","769","2026-12-09 23:23","171"
"SO_0564","국화도","2026-12-10","2026-12-10 05:00","684","2026-12-10 11:13","78","2026-12-10 17:31","767","2026-12-10 23:57","172"
"SO_0564","국화도","2026-12-11","2026-12-11 05:35","683","2026-12-11 11:45","81","2026-12-11 18:02","766","",""
"SO_0564","국화도","2026-12-12","2026-12-12 06:08","677","2026-12-12 00:30","175","2026-12-12 18:33","763","2026-12-12 12:17","87"
"SO_0564","국화도","2026-12-13","2026-12-13 06:41","667","2026-12-13 01:02","181","2026-12-13 19:04","756","2026-12-13 12:49","98"
"SO_0564","국화도","2026-12-14","2026-12-14 07:15","653","2026-12-14 01:35","191","2026-12-14 19:37","742","2026-12-14 13:23","115"
"SO_0564","국화도","2026-12-15","2026-12-15 07:51","636","2026-12-15 02:09","204","2026-12-15 20:13","718","2026-12-15 14:00","142"
"SO_0564","국화도","2026-12-16","2026-12-16 08:34","617","2026-12-16 02:47","217","2026-12-16 20:54","686","2026-12-16 14:42","177"
"SO_0564","국화도","2026-12-17","2026-12-17 09:27","602","2026-12-17 03:31","228","2026-12-17 21:46","650","2026-12-17 15:35","218"
"SO_0564","국화도","2026-12-18","2026-12-18 10:35","598","2026-12-18 04:27","231","2026-12-18 22:52","620","2026-12-18 16:42","253"
"SO_0564","국화도","2026-12-19","2026-12-19 11:54","618","2026-12-19 05:33","219","","","2026-12-19 18:04","266"
"SO_0564","국화도","2026-12-20","2026-12-20 00:07","607","2026-12-20 06:43","188","2026-12-20 13:08","662","2026-12-20 19:27","249"
"SO_0564","국화도","2026-12-21","2026-12-21 01:20","617","2026-12-21 07:48","143","2026-12-21 14:12","718","2026-12-21 20:38","215"
"SO_0564","국화도","2026-12-22","2026-12-22 02:24","641","2026-12-22 08:46","94","2026-12-22 15:08","770","2026-12-22 21:39","177"
"SO_0564","국화도","2026-12-23","2026-12-23 03:20","668","2026-12-23 09:40","50","2026-12-23 16:01","813","2026-12-23 22:34","145"
"SO_0564","국화도","2026-12-24","2026-12-24 04:13","692","2026-12-24 10:32","16","2026-12-24 16:51","842","2026-12-24 23:25","121"
"SO_0564","국화도","2026-12-25","2026-12-25 05:03","711","2026-12-25 11:22","-7","2026-12-25 17:40","857","",""
"SO_0564","국화도","2026-12-26","2026-12-26 05:51","723","2026-12-26 00:14","106","2026-12-26 18:27","859","2026-12-26 12:11","-17"
"SO_0564","국화도","2026-12-27","2026-12-27 06:38","728","2026-12-27 01:00","100","2026-12-27 19:12","846","2026-12-27 12:57","-11"
"SO_0564","국화도","2026-12-28","2026-12-28 07:24","725","2026-12-28 01:43","102","2026-12-28 19:54","817","2026-12-28 13:42","12"
"SO_0564","국화도","2026-12-29","2026-12-29 08:09","712","2026-12-29 02:25","115","2026-12-29 20:36","773","2026-12-29 14:27","55"
"SO_0564","국화도","2026-12-30","2026-12-30 08:58","688","2026-12-30 03:06","134","2026-12-30 21:20","718","2026-12-30 15:14","114"
"SO_0564","국화도","2026-12-31","2026-12-31 09:53","659","2026-12-31 03:51","159","2026-12-31 22:10","659","2026-12-31 16:06","181"
"SO_0565","향화도항","2026-01-01","2026-01-01 00:03","465","2026-01-01 05:55","60","2026-01-01 12:54","566","2026-01-01 19:01","140"
"SO_0565","향화도항","2026-01-02","2026-01-02 01:05","482","2026-01-02 06:53","32","2026-01-02 13:53","602","2026-01-02 19:55","116"
"SO_0565","향화도항","2026-01-03","2026-01-03 02:00","502","2026-01-03 07:46","8","2026-01-03 14:47","628","2026-01-03 20:44","97"
"SO_0565","향화도항","2026-01-04","2026-01-04 02:52","520","2026-01-04 08:35","-7","2026-01-04 15:37","642","2026-01-04 21:29","85"
"SO_0565","향화도항","2026-01-05","2026-01-05 03:41","534","2026-01-05 09:21","-13","2026-01-05 16:23","643","2026-01-05 22:11","81"
"SO_0565","향화도항","2026-01-06","2026-01-06 04:27","542","2026-01-06 10:04","-6","2026-01-06 17:07","632","2026-01-06 22:50","82"
"SO_0565","향화도항","2026-01-07","2026-01-07 05:12","541","2026-01-07 10:46","14","2026-01-07 17:48","608","2026-01-07 23:29","89"
"SO_0565","향화도항","2026-01-08","2026-01-08 05:55","532","2026-01-08 11:26","46","2026-01-08 18:27","574","",""
"SO_0565","향화도항","2026-01-09","2026-01-09 00:00","623","2026-01-09 00:00","88","2026-01-09 06:38","513","2026-01-09 00:07","101"
"SO_0565","향화도항","2026-01-10","2026-01-10 00:00","608","2026-01-10 00:00","68","2026-01-10 07:23","489","2026-01-10 00:46","117"
"SO_0565","향화도항","2026-01-11","2026-01-11 08:14","462","2026-01-11 01:29","135","2026-01-11 20:27","439","2026-01-11 13:47","184"
"SO_0565","향화도항","2026-01-12","2026-01-12 09:15","441","2026-01-12 02:23","153","2026-01-12 21:22","402","2026-01-12 15:07","221"
"SO_0565","향화도항","2026-01-13","2026-01-13 10:30","435","2026-01-13 03:30","163","2026-01-13 22:32","382","2026-01-13 16:45","233"
"SO_0565","향화도항","2026-01-14","2026-01-14 11:49","448","2026-01-14 04:40","160","2026-01-14 23:45","385","2026-01-14 18:07","220"
"SO_0565","향화도항","2026-01-15","2026-01-15 12:53","474","2026-01-15 05:43","145","","","2026-01-15 19:04","195"
"SO_0565","향화도항","2026-01-16","2026-01-16 00:45","404","2026-01-16 06:36","121","2026-01-16 13:43","503","2026-01-16 19:46","168"
"SO_0565","향화도항","2026-01-17","2026-01-17 01:33","431","2026-01-17 07:21","93","2026-01-17 14:24","531","2026-01-17 20:21","142"
"SO_0565","향화도항","2026-01-18","2026-01-18 02:16","460","2026-01-18 08:00","66","2026-01-18 15:01","555","2026-01-18 20:53","119"
"SO_0565","향화도항","2026-01-19","2026-01-19 02:56","486","2026-01-19 08:37","41","2026-01-19 15:37","576","2026-01-19 21:24","100"
"SO_0565","향화도항","2026-01-20","2026-01-20 03:35","507","2026-01-20 09:12","22","2026-01-20 16:12","592","2026-01-20 21:55","84"
"SO_0565","향화도항","2026-01-21","2026-01-21 04:14","524","2026-01-21 09:47","12","2026-01-21 16:47","600","2026-01-21 22:27","72"
"SO_0565","향화도항","2026-01-22","2026-01-22 04:52","534","2026-01-22 10:23","13","2026-01-22 17:22","599","2026-01-22 22:59","65"
"SO_0565","향화도항","2026-01-23","2026-01-23 05:32","539","2026-01-23 10:59","25","2026-01-23 17:57","587","2026-01-23 23:33","62"
"SO_0565","향화도항","2026-01-24","2026-01-24 06:12","537","2026-01-24 11:37","50","2026-01-24 18:33","562","",""
"SO_0565","향화도항","2026-01-25","2026-01-25 06:55","528","2026-01-25 00:08","65","2026-01-25 19:13","527","2026-01-25 12:18","88"
"SO_0565","향화도항","2026-01-26","2026-01-26 07:44","513","2026-01-26 00:49","76","2026-01-26 19:59","485","2026-01-26 13:10","137"
"SO_0565","향화도항","2026-01-27","2026-01-27 08:44","497","2026-01-27 01:41","93","2026-01-27 20:58","443","2026-01-27 14:23","186"
"SO_0565","향화도항","2026-01-28","2026-01-28 09:59","489","2026-01-28 02:51","109","2026-01-28 22:16","417","2026-01-28 16:13","211"
"SO_0565","향화도항","2026-01-29","2026-01-29 11:26","501","2026-01-29 04:18","111","2026-01-29 23:41","419","2026-01-29 17:52","198"
"SO_0565","향화도항","2026-01-30","2026-01-30 12:46","534","2026-01-30 05:41","92","","","2026-01-30 19:02","163"
"SO_0565","향화도항","2026-01-31","2026-01-31 00:56","448","2026-01-31 06:50","59","2026-01-31 13:50","575","2026-01-31 19:54","124"
"SO_0565","향화도항","2026-02-01","2026-02-01 01:56","487","2026-02-01 07:45","24","2026-02-01 14:41","608","2026-02-01 20:37","91"
"SO_0565","향화도항","2026-02-02","2026-02-02 02:46","525","2026-02-02 08:32","-2","2026-02-02 15:26","629","2026-02-02 21:15","66"
"SO_0565","향화도항","2026-02-03","2026-02-03 03:32","555","2026-02-03 09:14","-15","2026-02-03 16:07","636","2026-02-03 21:51","51"
"SO_0565","향화도항","2026-02-04","2026-02-04 04:14","573","2026-02-04 09:52","-13","2026-02-04 16:44","629","2026-02-04 22:25","44"
"SO_0565","향화도항","2026-02-05","2026-02-05 04:54","579","2026-02-05 10:27","3","2026-02-05 17:19","609","2026-02-05 22:57","47"
"SO_0565","향화도항","2026-02-06","2026-02-06 05:32","571","2026-02-06 11:02","32","2026-02-06 17:52","578","2026-02-06 23:27","58"
"SO_0565","향화도항","2026-02-07","2026-02-07 06:09","552","2026-02-07 11:36","72","2026-02-07 18:22","538","2026-02-07 23:57","77"
"SO_0565","향화도항","2026-02-08","2026-02-08 06:46","524","2026-02-08 12:11","119","2026-02-08 18:52","491","",""
"SO_0565","향화도항","2026-02-09","2026-02-09 07:25","490","2026-02-09 00:28","103","2026-02-09 19:23","443","2026-02-09 12:52","171"
"SO_0565","향화도항","2026-02-10","2026-02-10 08:12","455","2026-02-10 01:05","134","2026-02-10 20:04","398","2026-02-10 13:50","222"
"SO_0565","향화도항","2026-02-11","2026-02-11 09:15","427","2026-02-11 01:59","165","2026-02-11 21:06","362","2026-02-11 15:37","254"
"SO_0565","향화도항","2026-02-12","2026-02-12 10:47","420","2026-02-12 03:27","185","2026-02-12 22:39","351","2026-02-12 17:38","247"
"SO_0565","향화도항","2026-02-13","2026-02-13 12:28","445","2026-02-13 05:03","177","","","2026-02-13 18:47","214"
"SO_0565","향화도항","2026-02-14","2026-02-14 00:19","376","2026-02-14 06:16","145","2026-02-14 13:26","484","2026-02-14 19:29","175"
"SO_0565","향화도항","2026-02-15","2026-02-15 01:19","419","2026-02-15 07:08","104","2026-02-15 14:07","524","2026-02-15 20:01","138"
"SO_0565","향화도항","2026-02-16","2026-02-16 02:03","466","2026-02-16 07:49","64","2026-02-16 14:43","559","2026-02-16 20:31","102"
"SO_0565","향화도항","2026-02-17","2026-02-17 02:43","509","2026-02-17 08:25","30","2026-02-17 15:17","589","2026-02-17 21:01","71"
"SO_0565","향화도항","2026-02-18","2026-02-18 03:22","545","2026-02-18 09:00","7","2026-02-18 15:50","610","2026-02-18 21:31","46"
"SO_0565","향화도항","2026-02-19","2026-02-19 03:59","573","2026-02-19 09:34","-5","2026-02-19 16:24","621","2026-02-19 22:01","28"
"SO_0565","향화도항","2026-02-20","2026-02-20 04:37","591","2026-02-20 10:09","-2","2026-02-20 16:58","619","2026-02-20 22:32","18"
"SO_0565","향화도항","2026-02-21","2026-02-21 05:14","599","2026-02-21 10:44","14","2026-02-21 17:32","602","2026-02-21 23:04","17"
"SO_0565","향화도항","2026-02-22","2026-02-22 05:53","595","2026-02-22 11:21","46","2026-02-22 18:07","571","2026-02-22 23:37","28"
"SO_0565","향화도항","2026-02-23","2026-02-23 06:35","578","2026-02-23 12:01","93","2026-02-23 18:45","527","",""
"SO_0565","향화도항","2026-02-24","2026-02-24 07:22","549","2026-02-24 00:15","52","2026-02-24 19:29","475","2026-02-24 12:49","151"
"SO_0565","향화도항","2026-02-25","2026-02-25 08:20","513","2026-02-25 01:02","88","2026-02-25 20:27","424","2026-02-25 14:02","210"
"SO_0565","향화도항","2026-02-26","2026-02-26 09:39","484","2026-02-26 02:13","128","2026-02-26 21:53","391","2026-02-26 16:12","237"
"SO_0565","향화도항","2026-02-27","2026-02-27 11:19","486","2026-02-27 04:06","145","2026-02-27 23:37","402","2026-02-27 17:57","212"
"SO_0565","향화도항","2026-02-28","2026-02-28 12:44","523","2026-02-28 05:44","122","","","2026-02-28 18:59","166"
"SO_0565","향화도항","2026-03-01","2026-03-01 00:55","451","2026-03-01 06:51","80","2026-03-01 13:42","565","2026-03-01 19:42","119"
"SO_0565","향화도항","2026-03-02","2026-03-02 01:50","507","2026-03-02 07:40","40","2026-03-02 14:27","599","2026-03-02 20:19","80"
"SO_0565","향화도항","2026-03-03","2026-03-03 02:36","554","2026-03-03 08:21","13","2026-03-03 15:06","618","2026-03-03 20:53","51"
"SO_0565","향화도항","2026-03-04","2026-03-04 03:17","588","2026-03-04 08:58","2","2026-03-04 15:42","624","2026-03-04 21:25","32"
"SO_0565","향화도항","2026-03-05","2026-03-05 03:56","606","2026-03-05 09:32","5","2026-03-05 16:16","617","2026-03-05 21:54","25"
"SO_0565","향화도항","2026-03-06","2026-03-06 04:32","609","2026-03-06 10:05","21","2026-03-06 16:47","599","2026-03-06 22:22","29"
"SO_0565","향화도항","2026-03-07","2026-03-07 05:06","600","2026-03-07 10:36","47","2026-03-07 17:16","571","2026-03-07 22:48","41"
"SO_0565","향화도항","2026-03-08","2026-03-08 05:39","580","2026-03-08 11:07","82","2026-03-08 17:43","536","2026-03-08 23:13","61"
"SO_0565","향화도항","2026-03-09","2026-03-09 06:11","552","2026-03-09 11:39","124","2026-03-09 18:09","495","2026-03-09 23:39","88"
"SO_0565","향화도항","2026-03-10","2026-03-10 06:44","518","2026-03-10 12:15","172","2026-03-10 18:37","452","",""
"SO_0565","향화도항","2026-03-11","2026-03-11 07:24","481","2026-03-11 00:09","122","2026-03-11 19:12","408","2026-03-11 13:02","221"
"SO_0565","향화도항","2026-03-12","2026-03-12 08:17","444","2026-03-12 00:50","161","2026-03-12 20:06","368","2026-03-12 14:36","261"
"SO_0565","향화도항","2026-03-13","2026-03-13 09:41","422","2026-03-13 02:11","197","2026-03-13 21:37","348","2026-03-13 16:51","260"
"SO_0565","향화도항","2026-03-14","2026-03-14 11:45","436","2026-03-14 04:21","200","2026-03-14 23:47","371","2026-03-14 18:10","226"
"SO_0565","향화도항","2026-03-15","2026-03-15 12:54","478","2026-03-15 05:50","166","","","2026-03-15 18:54","180"
"SO_0565","향화도항","2026-03-16","2026-03-16 00:57","427","2026-03-16 06:45","119","2026-03-16 13:36","522","2026-03-16 19:28","134"
"SO_0565","향화도항","2026-03-17","2026-03-17 01:42","487","2026-03-17 07:26","73","2026-03-17 14:12","562","2026-03-17 19:59","89"
"SO_0565","향화도항","2026-03-18","2026-03-18 02:22","542","2026-03-18 08:04","37","2026-03-18 14:46","595","2026-03-18 20:29","50"
"SO_0565","향화도항","2026-03-19","2026-03-19 03:00","587","2026-03-19 08:40","13","2026-03-19 15:21","616","2026-03-19 21:00","20"
"SO_0565","향화도항","2026-03-20","2026-03-20 03:38","622","2026-03-20 09:15","4","2026-03-20 15:56","625","2026-03-20 21:32","1"
"SO_0565","향화도항","2026-03-21","2026-03-21 04:16","643","2026-03-21 09:51","11","2026-03-21 16:31","619","2026-03-21 22:04","-7"
"SO_0565","향화도항","2026-03-22","2026-03-22 04:55","649","2026-03-22 10:28","33","2026-03-22 17:07","598","2026-03-22 22:36","-1"
"SO_0565","향화도항","2026-03-23","2026-03-23 05:35","638","2026-03-23 11:07","71","2026-03-23 17:44","563","2026-03-23 23:11","20"
"SO_0565","향화도항","2026-03-24","2026-03-24 06:18","611","2026-03-24 11:49","122","2026-03-24 18:23","516","2026-03-24 23:50","56"
"SO_0565","향화도항","2026-03-25","2026-03-25 07:07","569","2026-03-25 12:42","180","2026-03-25 19:10","464","",""
"SO_0565","향화도항","2026-03-26","2026-03-26 08:09","522","2026-03-26 00:39","105","2026-03-26 20:13","415","2026-03-26 14:08","231"
"SO_0565","향화도항","2026-03-27","2026-03-27 09:32","488","2026-03-27 02:02","155","2026-03-27 21:48","392","2026-03-27 16:15","240"
"SO_0565","향화도항","2026-03-28","2026-03-28 11:13","489","2026-03-28 04:09","169","2026-03-28 23:34","420","2026-03-28 17:43","208"
"SO_0565","향화도항","2026-03-29","2026-03-29 12:29","520","2026-03-29 05:40","141","","","2026-03-29 18:38","161"
"SO_0565","향화도항","2026-03-30","2026-03-30 00:45","478","2026-03-30 06:40","102","2026-03-30 13:21","555","2026-03-30 19:18","116"
"SO_0565","향화도항","2026-03-31","2026-03-31 01:35","536","2026-03-31 07:25","69","2026-03-31 14:02","580","2026-03-31 19:52","77"
"SO_0565","향화도항","2026-04-01","2026-04-01 02:17","580","2026-04-01 08:03","50","2026-04-01 14:38","593","2026-04-01 20:24","50"
"SO_0565","향화도항","2026-04-02","2026-04-02 02:56","608","2026-04-02 08:38","44","2026-04-02 15:12","596","2026-04-02 20:54","35"
"SO_0565","향화도항","2026-04-03","2026-04-03 03:33","620","2026-04-03 09:11","49","2026-04-03 15:44","589","2026-04-03 21:21","32"
"SO_0565","향화도항","2026-04-04","2026-04-04 04:07","620","2026-04-04 09:42","62","2026-04-04 16:14","574","2026-04-04 21:47","37"
"SO_0565","향화도항","2026-04-05","2026-04-05 04:40","609","2026-04-05 10:12","83","2026-04-05 16:42","551","2026-04-05 22:11","50"
"SO_0565","향화도항","2026-04-06","2026-04-06 05:10","592","2026-04-06 10:43","109","2026-04-06 17:08","524","2026-04-06 22:36","67"
"SO_0565","향화도항","2026-04-07","2026-04-07 05:41","568","2026-04-07 11:15","142","2026-04-07 17:35","492","2026-04-07 23:02","89"
"SO_0565","향화도항","2026-04-08","2026-04-08 06:13","539","2026-04-08 11:51","180","2026-04-08 18:05","458","2026-04-08 23:33","119"
"SO_0565","향화도항","2026-04-09","2026-04-09 06:51","506","2026-04-09 12:38","219","2026-04-09 18:42","422","",""
"SO_0565","향화도항","2026-04-10","2026-04-10 07:42","472","2026-04-10 00:13","155","2026-04-10 19:35","388","2026-04-10 13:59","252"
"SO_0565","향화도항","2026-04-11","2026-04-11 08:56","446","2026-04-11 01:23","195","2026-04-11 20:58","370","2026-04-11 15:49","254"
"SO_0565","향화도항","2026-04-12","2026-04-12 10:36","446","2026-04-12 03:30","208","2026-04-12 22:55","388","2026-04-12 17:10","225"
"SO_0565","향화도항","2026-04-13","2026-04-13 11:58","475","2026-04-13 05:07","182","","","2026-04-13 18:02","181"
"SO_0565","향화도항","2026-04-14","2026-04-14 00:18","444","2026-04-14 06:09","140","2026-04-14 12:50","515","2026-04-14 18:42","130"
"SO_0565","향화도항","2026-04-15","2026-04-15 01:09","509","2026-04-15 06:56","98","2026-04-15 13:32","552","2026-04-15 19:18","82"
"SO_0565","향화도항","2026-04-16","2026-04-16 01:52","568","2026-04-16 07:37","64","2026-04-16 14:10","581","2026-04-16 19:53","41"
"SO_0565","향화도항","2026-04-17","2026-04-17 02:33","618","2026-04-17 08:16","43","2026-04-17 14:49","600","2026-04-17 20:27","10"
"SO_0565","향화도항","2026-04-18","2026-04-18 03:13","653","2026-04-18 08:55","36","2026-04-18 15:27","606","2026-04-18 21:02","-7"
"SO_0565","향화도항","2026-04-19","2026-04-19 03:54","672","2026-04-19 09:35","45","2026-04-19 16:05","598","2026-04-19 21:37","-10"
"SO_0565","향화도항","2026-04-20","2026-04-20 04:36","674","2026-04-20 10:15","69","2026-04-20 16:44","577","2026-04-20 22:14","3"
"SO_0565","향화도항","2026-04-21","2026-04-21 05:20","658","2026-04-21 10:59","106","2026-04-21 17:26","545","2026-04-21 22:53","31"
"SO_0565","향화도항","2026-04-22","2026-04-22 06:07","626","2026-04-22 11:48","150","2026-04-22 18:11","506","2026-04-22 23:37","73"
"SO_0565","향화도항","2026-04-23","2026-04-23 07:01","582","2026-04-23 12:49","193","2026-04-23 19:03","464","",""
"SO_0565","향화도항","2026-04-24","2026-04-24 08:04","537","2026-04-24 00:36","123","2026-04-24 20:11","431","2026-04-24 14:16","222"
"SO_0565","향화도항","2026-04-25","2026-04-25 09:21","505","2026-04-25 02:07","166","2026-04-25 21:40","423","2026-04-25 15:49","221"
"SO_0565","향화도항","2026-04-26","2026-04-26 10:44","497","2026-04-26 03:55","177","2026-04-26 23:12","451","2026-04-26 17:04","195"
"SO_0565","향화도항","2026-04-27","2026-04-27 11:54","510","2026-04-27 05:18","160","","","2026-04-27 18:00","157"
"SO_0565","향화도항","2026-04-28","2026-04-28 00:20","501","2026-04-28 06:17","136","2026-04-28 12:46","528","2026-04-28 18:42","119"
"SO_0565","향화도항","2026-04-29","2026-04-29 01:10","548","2026-04-29 07:03","115","2026-04-29 13:29","543","2026-04-29 19:19","88"
"SO_0565","향화도항","2026-04-30","2026-04-30 01:53","583","2026-04-30 07:42","103","2026-04-30 14:06","551","2026-04-30 19:52","68"
"SO_0565","향화도항","2026-05-01","2026-05-01 02:32","603","2026-05-01 08:17","99","2026-05-01 14:40","552","2026-05-01 20:21","58"
"SO_0565","향화도항","2026-05-02","2026-05-02 03:09","611","2026-05-02 08:50","102","2026-05-02 15:12","548","2026-05-02 20:49","58"
"SO_0565","향화도항","2026-05-03","2026-05-03 03:43","609","2026-05-03 09:22","110","2026-05-03 15:43","538","2026-05-03 21:15","62"
"SO_0565","향화도항","2026-05-04","2026-05-04 04:15","600","2026-05-04 09:54","122","2026-05-04 16:12","524","2026-05-04 21:41","70"
"SO_0565","향화도항","2026-05-05","2026-05-05 04:47","588","2026-05-05 10:26","138","2026-05-05 16:41","507","2026-05-05 22:08","80"
"SO_0565","향화도항","2026-05-06","2026-05-06 05:19","573","2026-05-06 11:01","158","2026-05-06 17:13","487","2026-05-06 22:39","95"
"SO_0565","향화도항","2026-05-07","2026-05-07 05:54","554","2026-05-07 11:40","182","2026-05-07 17:47","464","2026-05-07 23:14","117"
"SO_0565","향화도항","2026-05-08","2026-05-08 06:34","530","2026-05-08 12:27","206","2026-05-08 18:29","440","2026-05-08 23:58","146"
"SO_0565","향화도항","2026-05-09","2026-05-09 07:23","504","2026-05-09 13:31","224","2026-05-09 19:22","419","",""
"SO_0565","향화도항","2026-05-10","2026-05-10 08:23","482","2026-05-10 01:02","178","2026-05-10 20:34","409","2026-05-10 14:48","225"
"SO_0565","향화도항","2026-05-11","2026-05-11 09:36","471","2026-05-11 02:37","198","2026-05-11 22:03","424","2026-05-11 16:00","205"
"SO_0565","향화도항","2026-05-12","2026-05-12 10:51","479","2026-05-12 04:12","191","2026-05-12 23:26","467","2026-05-12 17:00","169"
"SO_0565","향화도항","2026-05-13","2026-05-13 11:54","502","2026-05-13 05:24","165","","","2026-05-13 17:50","124"
"SO_0565","향화도항","2026-05-14","2026-05-14 00:27","525","2026-05-14 06:20","133","2026-05-14 12:46","528","2026-05-14 18:33","80"
"SO_0565","향화도항","2026-05-15","2026-05-15 01:18","581","2026-05-15 07:09","105","2026-05-15 13:33","551","2026-05-15 19:15","42"
"SO_0565","향화도항","2026-05-16","2026-05-16 02:04","628","2026-05-16 07:54","86","2026-05-16 14:17","566","2026-05-16 19:56","15"
"SO_0565","향화도항","2026-05-17","2026-05-17 02:50","660","2026-05-17 08:38","80","2026-05-17 15:00","572","2026-05-17 20:36","2"
"SO_0565","향화도항","2026-05-18","2026-05-18 03:36","676","2026-05-18 09:23","86","2026-05-18 15:44","568","2026-05-18 21:18","3"
"SO_0565","향화도항","2026-05-19","2026-05-19 04:22","677","2026-05-19 10:09","103","2026-05-19 16:29","555","2026-05-19 22:01","17"
"SO_0565","향화도항","2026-05-20","2026-05-20 05:11","662","2026-05-20 10:57","126","2026-05-20 17:16","536","2026-05-20 22:47","43"
"SO_0565","향화도항","2026-05-21","2026-05-21 06:02","635","2026-05-21 11:50","151","2026-05-21 18:05","513","2026-05-21 23:38","79"
"SO_0565","향화도항","2026-05-22","2026-05-22 06:55","600","2026-05-22 12:48","174","2026-05-22 19:00","490","",""
"SO_0565","향화도항","2026-05-23","2026-05-23 07:52","561","2026-05-23 00:38","120","2026-05-23 20:03","471","2026-05-23 13:54","188"
"SO_0565","향화도항","2026-05-24","2026-05-24 08:53","525","2026-05-24 01:52","157","2026-05-24 21:14","465","2026-05-24 15:03","189"
"SO_0565","향화도항","2026-05-25","2026-05-25 09:59","499","2026-05-25 03:18","181","2026-05-25 22:32","478","2026-05-25 16:10","177"
"SO_0565","향화도항","2026-05-26","2026-05-26 11:05","488","2026-05-26 04:39","186","2026-05-26 23:43","506","2026-05-26 17:09","155"
"SO_0565","향화도항","2026-05-27","2026-05-27 12:02","489","2026-05-27 05:44","179","","","2026-05-27 17:59","131"
"SO_0565","향화도항","2026-05-28","2026-05-28 00:39","538","2026-05-28 06:37","168","2026-05-28 12:50","495","2026-05-28 18:41","111"
"SO_0565","향화도항","2026-05-29","2026-05-29 01:27","563","2026-05-29 07:20","159","2026-05-29 13:31","501","2026-05-29 19:18","97"
"SO_0565","향화도항","2026-05-30","2026-05-30 02:08","578","2026-05-30 07:59","152","2026-05-30 14:09","505","2026-05-30 19:50","90"
"SO_0565","향화도항","2026-05-31","2026-05-31 02:47","585","2026-05-31 08:35","148","2026-05-31 14:44","506","2026-05-31 20:21","87"
"SO_0565","향화도항","2026-06-01","2026-06-01 03:23","587","2026-06-01 09:10","147","2026-06-01 15:18","505","2026-06-01 20:51","86"
"SO_0565","향화도항","2026-06-02","2026-06-02 03:58","586","2026-06-02 09:44","148","2026-06-02 15:51","502","2026-06-02 21:22","86"
"SO_0565","향화도항","2026-06-03","2026-06-03 04:32","584","2026-06-03 10:18","152","2026-06-03 16:25","497","2026-06-03 21:54","88"
"SO_0565","향화도항","2026-06-04","2026-06-04 05:07","579","2026-06-04 10:54","159","2026-06-04 17:02","489","2026-06-04 22:29","94"
"SO_0565","향화도항","2026-06-05","2026-06-05 05:44","571","2026-06-05 11:31","167","2026-06-05 17:41","481","2026-06-05 23:08","106"
"SO_0565","향화도항","2026-06-06","2026-06-06 06:23","558","2026-06-06 12:12","175","2026-06-06 18:24","470","2026-06-06 23:51","126"
"SO_0565","향화도항","2026-06-07","2026-06-07 07:05","540","2026-06-07 12:59","180","2026-06-07 19:14","462","",""
"SO_0565","향화도항","2026-06-08","2026-06-08 07:53","520","2026-06-08 00:44","152","2026-06-08 20:12","459","2026-06-08 13:54","180"
"SO_0565","향화도항","2026-06-09","2026-06-09 08:48","501","2026-06-09 01:52","178","2026-06-09 21:20","468","2026-06-09 14:55","169"
"SO_0565","향화도항","2026-06-10","2026-06-10 09:51","488","2026-06-10 03:14","193","2026-06-10 22:34","494","2026-06-10 15:58","147"
"SO_0565","향화도항","2026-06-11","2026-06-11 10:58","488","2026-06-11 04:36","189","2026-06-11 23:44","534","2026-06-11 16:56","117"
"SO_0565","향화도항","2026-06-12","2026-06-12 12:01","498","2026-06-12 05:45","172","","","2026-06-12 17:51","85"
"SO_0565","향화도항","2026-06-13","2026-06-13 00:45","579","2026-06-13 06:45","150","2026-06-13 12:58","513","2026-06-13 18:43","55"
"SO_0565","향화도항","2026-06-14","2026-06-14 01:40","619","2026-06-14 07:39","132","2026-06-14 13:50","527","2026-06-14 19:32","33"
"SO_0565","향화도항","2026-06-15","2026-06-15 02:33","649","2026-06-15 08:30","119","2026-06-15 14:41","539","2026-06-15 20:21","19"
"SO_0565","향화도항","2026-06-16","2026-06-16 03:24","667","2026-06-16 09:18","113","2026-06-16 15:31","547","2026-06-16 21:09","15"
"SO_0565","향화도항","2026-06-17","2026-06-17 04:15","674","2026-06-17 10:06","113","2026-06-17 16:20","551","2026-06-17 21:56","21"
"SO_0565","향화도항","2026-06-18","2026-06-18 05:05","668","2026-06-18 10:53","118","2026-06-18 17:10","551","2026-06-18 22:44","38"
"SO_0565","향화도항","2026-06-19","2026-06-19 05:53","651","2026-06-19 11:39","126","2026-06-19 17:59","545","2026-06-19 23:33","66"
"SO_0565","향화도항","2026-06-20","2026-06-20 06:40","622","2026-06-20 12:27","136","2026-06-20 18:48","535","",""
"SO_0565","향화도항","2026-06-21","2026-06-21 07:26","584","2026-06-21 00:24","102","2026-06-21 19:41","519","2026-06-21 13:17","146"
"SO_0565","향화도항","2026-06-22","2026-06-22 08:14","541","2026-06-22 01:21","145","2026-06-22 20:39","504","2026-06-22 14:10","155"
"SO_0565","향화도항","2026-06-23","2026-06-23 09:06","499","2026-06-23 02:28","185","2026-06-23 21:45","494","2026-06-23 15:10","160"
"SO_0565","향화도항","2026-06-24","2026-06-24 10:05","467","2026-06-24 03:47","213","2026-06-24 22:57","497","2026-06-24 16:11","159"
"SO_0565","향화도항","2026-06-25","2026-06-25 11:08","449","2026-06-25 05:04","222","","","2026-06-25 17:10","153"
"SO_0565","향화도항","2026-06-26","2026-06-26 00:04","511","2026-06-26 06:11","217","2026-06-26 12:07","447","2026-06-26 18:02","143"
"SO_0565","향화도항","2026-06-27","2026-06-27 01:01","529","2026-06-27 07:04","205","2026-06-27 12:59","455","2026-06-27 18:48","131"
"SO_0565","향화도항","2026-06-28","2026-06-28 01:49","546","2026-06-28 07:50","190","2026-06-28 13:44","466","2026-06-28 19:29","120"
"SO_0565","향화도항","2026-06-29","2026-06-29 02:32","560","2026-06-29 08:28","175","2026-06-29 14:24","479","2026-06-29 20:06","108"
"SO_0565","향화도항","2026-06-30","2026-06-30 03:11","572","2026-06-30 09:03","163","2026-06-30 15:02","491","2026-06-30 20:40","97"
"SO_0565","향화도항","2026-07-01","2026-07-01 03:47","583","2026-07-01 09:36","152","2026-07-01 15:40","501","2026-07-01 21:15","86"
"SO_0565","향화도항","2026-07-02","2026-07-02 04:22","592","2026-07-02 10:08","144","2026-07-02 16:18","509","2026-07-02 21:49","80"
"SO_0565","향화도항","2026-07-03","2026-07-03 04:57","598","2026-07-03 10:41","139","2026-07-03 16:56","514","2026-07-03 22:25","79"
"SO_0565","향화도항","2026-07-04","2026-07-04 05:31","598","2026-07-04 11:14","136","2026-07-04 17:35","517","2026-07-04 23:01","86"
"SO_0565","향화도항","2026-07-05","2026-07-05 06:06","590","2026-07-05 11:48","134","2026-07-05 18:15","517","2026-07-05 23:40","103"
"SO_0565","향화도항","2026-07-06","2026-07-06 06:43","575","2026-07-06 12:26","134","2026-07-06 18:59","514","",""
"SO_0565","향화도항","2026-07-07","2026-07-07 07:23","551","2026-07-07 00:23","129","2026-07-07 19:47","511","2026-07-07 13:08","134"
"SO_0565","향화도항","2026-07-08","2026-07-08 08:08","522","2026-07-08 01:16","163","2026-07-08 20:45","510","2026-07-08 13:59","135"
"SO_0565","향화도항","2026-07-09","2026-07-09 09:03","493","2026-07-09 02:25","196","2026-07-09 21:53","516","2026-07-09 15:01","132"
"SO_0565","향화도항","2026-07-10","2026-07-10 10:10","472","2026-07-10 03:54","215","2026-07-10 23:08","535","2026-07-10 16:10","122"
"SO_0565","향화도항","2026-07-11","2026-07-11 11:23","467","2026-07-11 05:21","211","","","2026-07-11 17:19","104"
"SO_0565","향화도항","2026-07-12","2026-07-12 00:21","566","2026-07-12 06:34","191","2026-07-12 12:33","479","2026-07-12 18:23","80"
"SO_0565","향화도항","2026-07-13","2026-07-13 01:27","603","2026-07-13 07:35","163","2026-07-13 13:36","502","2026-07-13 19:23","54"
"SO_0565","향화도항","2026-07-14","2026-07-14 02:25","637","2026-07-14 08:27","136","2026-07-14 14:32","529","2026-07-14 20:17","31"
"SO_0565","향화도항","2026-07-15","2026-07-15 03:18","663","2026-07-15 09:13","114","2026-07-15 15:24","555","2026-07-15 21:05","16"
"SO_0565","향화도항","2026-07-16","2026-07-16 04:06","678","2026-07-16 09:56","99","2026-07-16 16:12","576","2026-07-16 21:51","14"
"SO_0565","향화도항","2026-07-17","2026-07-17 04:51","679","2026-07-17 10:36","92","2026-07-17 16:58","589","2026-07-17 22:34","26"
"SO_0565","향화도항","2026-07-18","2026-07-18 05:33","664","2026-07-18 11:15","92","2026-07-18 17:43","591","2026-07-18 23:16","52"
"SO_0565","향화도항","2026-07-19","2026-07-19 06:13","636","2026-07-19 11:54","99","2026-07-19 18:27","580","2026-07-19 23:59","92"
"SO_0565","향화도항","2026-07-20","2026-07-20 06:51","595","2026-07-20 12:33","112","2026-07-20 19:12","559","",""
"SO_0565","향화도항","2026-07-21","2026-07-21 07:30","547","2026-07-21 00:43","141","2026-07-21 20:00","531","2026-07-21 13:16","132"
"SO_0565","향화도항","2026-07-22","2026-07-22 08:12","496","2026-07-22 01:37","192","2026-07-22 20:57","502","2026-07-22 14:06","155"
"SO_0565","향화도항","2026-07-23","2026-07-23 09:01","451","2026-07-23 02:49","236","2026-07-23 22:05","483","2026-07-23 15:08","174"
"SO_0565","향화도항","2026-07-24","2026-07-24 10:04","419","2026-07-24 04:22","259","2026-07-24 23:26","481","2026-07-24 16:20","183"
"SO_0565","향화도항","2026-07-25","2026-07-25 11:22","409","2026-07-25 05:50","255","","","2026-07-25 17:29","178"
"SO_0565","향화도항","2026-07-26","2026-07-26 00:40","499","2026-07-26 06:55","234","2026-07-26 12:33","422","2026-07-26 18:30","161"
"SO_0565","향화도항","2026-07-27","2026-07-27 01:36","525","2026-07-27 07:41","207","2026-07-27 13:28","448","2026-07-27 19:18","138"
"SO_0565","향화도항","2026-07-28","2026-07-28 02:19","551","2026-07-28 08:17","181","2026-07-28 14:12","476","2026-07-28 19:57","113"
"SO_0565","향화도항","2026-07-29","2026-07-29 02:57","575","2026-07-29 08:49","157","2026-07-29 14:51","503","2026-07-29 20:33","90"
"SO_0565","향화도항","2026-07-30","2026-07-30 03:32","596","2026-07-30 09:18","137","2026-07-30 15:29","527","2026-07-30 21:06","72"
"SO_0565","향화도항","2026-07-31","2026-07-31 04:05","612","2026-07-31 09:47","121","2026-07-31 16:06","546","2026-07-31 21:39","61"
"SO_0565","향화도항","2026-08-01","2026-08-01 04:37","622","2026-08-01 10:17","108","2026-08-01 16:43","561","2026-08-01 22:13","60"
"SO_0565","향화도항","2026-08-02","2026-08-02 05:09","624","2026-08-02 10:47","98","2026-08-02 17:20","569","2026-08-02 22:47","69"
"SO_0565","향화도항","2026-08-03","2026-08-03 05:42","615","2026-08-03 11:18","94","2026-08-03 17:58","571","2026-08-03 23:23","90"
"SO_0565","향화도항","2026-08-04","2026-08-04 06:16","596","2026-08-04 11:51","94","2026-08-04 18:38","567","",""
"SO_0565","향화도항","2026-08-05","2026-08-05 06:53","565","2026-08-05 00:02","122","2026-08-05 19:23","555","2026-08-05 12:27","102"
"SO_0565","향화도항","2026-08-06","2026-08-06 07:34","526","2026-08-06 00:48","165","2026-08-06 20:16","539","2026-08-06 13:12","116"
"SO_0565","향화도항","2026-08-07","2026-08-07 08:26","484","2026-08-07 01:50","212","2026-08-07 21:23","526","2026-08-07 14:14","135"
"SO_0565","향화도항","2026-08-08","2026-08-08 09:35","451","2026-08-08 03:29","246","2026-08-08 22:46","527","2026-08-08 15:38","146"
"SO_0565","향화도항","2026-08-09","2026-08-09 11:01","440","2026-08-09 05:16","242","","","2026-08-09 17:06","135"
"SO_0565","향화도항","2026-08-10","2026-08-10 00:13","553","2026-08-10 06:36","209","2026-08-10 12:25","463","2026-08-10 18:22","104"
"SO_0565","향화도항","2026-08-11","2026-08-11 01:23","595","2026-08-11 07:33","167","2026-08-11 13:32","505","2026-08-11 19:23","66"
"SO_0565","향화도항","2026-08-12","2026-08-12 02:19","636","2026-08-12 08:17","128","2026-08-12 14:26","551","2026-08-12 20:13","33"
"SO_0565","향화도항","2026-08-13","2026-08-13 03:06","665","2026-08-13 08:57","96","2026-08-13 15:14","590","2026-08-13 20:57","14"
"SO_0565","향화도항","2026-08-14","2026-08-14 03:48","680","2026-08-14 09:34","75","2026-08-14 15:58","618","2026-08-14 21:37","12"
"SO_0565","향화도항","2026-08-15","2026-08-15 04:27","679","2026-08-15 10:09","64","2026-08-15 16:40","631","2026-08-15 22:15","27"
"SO_0565","향화도항","2026-08-16","2026-08-16 05:04","662","2026-08-16 10:43","64","2026-08-16 17:20","629","2026-08-16 22:52","57"
"SO_0565","향화도항","2026-08-17","2026-08-17 05:39","632","2026-08-17 11:16","74","2026-08-17 18:00","613","2026-08-17 23:29","98"
"SO_0565","향화도항","2026-08-18","2026-08-18 06:13","590","2026-08-18 11:48","95","2026-08-18 18:39","584","",""
"SO_0565","향화도항","2026-08-19","2026-08-19 06:45","541","2026-08-19 00:07","148","2026-08-19 19:21","547","2026-08-19 12:21","124"
"SO_0565","향화도항","2026-08-20","2026-08-20 07:19","489","2026-08-20 00:50","202","2026-08-20 20:09","507","2026-08-20 13:00","158"
"SO_0565","향화도항","2026-08-21","2026-08-21 07:59","440","2026-08-21 01:52","252","2026-08-21 21:11","473","2026-08-21 13:55","193"
"SO_0565","향화도항","2026-08-22","2026-08-22 08:57","401","2026-08-22 03:40","282","2026-08-22 22:41","460","2026-08-22 15:26","216"
"SO_0565","향화도항","2026-08-23","2026-08-23 10:30","385","2026-08-23 05:27","276","","","2026-08-23 17:03","210"
"SO_0565","향화도항","2026-08-24","2026-08-24 00:20","479","2026-08-24 06:36","247","2026-08-24 12:15","407","2026-08-24 18:14","183"
"SO_0565","향화도항","2026-08-25","2026-08-25 01:18","515","2026-08-25 07:19","210","2026-08-25 13:14","448","2026-08-25 19:03","146"
"SO_0565","향화도항","2026-08-26","2026-08-26 01:58","550","2026-08-26 07:52","175","2026-08-26 13:56","492","2026-08-26 19:41","110"
"SO_0565","향화도항","2026-08-27","2026-08-27 02:33","582","2026-08-27 08:21","142","2026-08-27 14:34","533","2026-08-27 20:16","80"
"SO_0565","향화도항","2026-08-28","2026-08-28 03:05","608","2026-08-28 08:49","113","2026-08-28 15:10","568","2026-08-28 20:48","60"
"SO_0565","향화도항","2026-08-29","2026-08-29 03:36","626","2026-08-29 09:17","90","2026-08-29 15:46","594","2026-08-29 21:21","50"
"SO_0565","향화도항","2026-08-30","2026-08-30 04:08","636","2026-08-30 09:46","73","2026-08-30 16:22","613","2026-08-30 21:54","52"
"SO_0565","향화도항","2026-08-31","2026-08-31 04:41","635","2026-08-31 10:15","62","2026-08-31 16:59","622","2026-08-31 22:28","67"
"SO_0565","향화도항","2026-09-01","2026-09-01 05:14","622","2026-09-01 10:45","60","2026-09-01 17:36","621","2026-09-01 23:04","93"
"SO_0565","향화도항","2026-09-02","2026-09-02 05:48","596","2026-09-02 11:17","67","2026-09-02 18:16","608","2026-09-02 23:42","133"
"SO_0565","향화도항","2026-09-03","2026-09-03 06:25","558","2026-09-03 11:53","86","2026-09-03 19:01","585","",""
"SO_0565","향화도항","2026-09-04","2026-09-04 07:07","512","2026-09-04 00:28","183","2026-09-04 19:55","553","2026-09-04 12:36","117"
"SO_0565","향화도항","2026-09-05","2026-09-05 08:00","464","2026-09-05 01:33","236","2026-09-05 21:07","525","2026-09-05 13:40","154"
"SO_0565","향화도항","2026-09-06","2026-09-06 09:17","429","2026-09-06 03:33","266","2026-09-06 22:40","520","2026-09-06 15:27","176"
"SO_0565","향화도항","2026-09-07","2026-09-07 10:58","429","2026-09-07 05:23","247","","","2026-09-07 17:11","158"
"SO_0565","향화도항","2026-09-08","2026-09-08 00:11","550","2026-09-08 06:32","202","2026-09-08 12:25","473","2026-09-08 18:23","117"
"SO_0565","향화도항","2026-09-09","2026-09-09 01:14","594","2026-09-09 07:18","152","2026-09-09 13:25","532","2026-09-09 19:17","74"
"SO_0565","향화도항","2026-09-10","2026-09-10 02:02","631","2026-09-10 07:58","109","2026-09-10 14:14","586","2026-09-10 20:01","43"
"SO_0565","향화도항","2026-09-11","2026-09-11 02:44","654","2026-09-11 08:33","75","2026-09-11 14:57","626","2026-09-11 20:40","29"
"SO_0565","향화도항","2026-09-12","2026-09-12 03:22","663","2026-09-12 09:06","54","2026-09-12 15:37","650","2026-09-12 21:17","32"
"SO_0565","향화도항","2026-09-13","2026-09-13 03:57","656","2026-09-13 09:38","46","2026-09-13 16:16","656","2026-09-13 21:52","50"
"SO_0565","향화도항","2026-09-14","2026-09-14 04:31","637","2026-09-14 10:08","50","2026-09-14 16:54","647","2026-09-14 22:26","79"
"SO_0565","향화도항","2026-09-15","2026-09-15 05:03","606","2026-09-15 10:37","66","2026-09-15 17:30","625","2026-09-15 23:00","117"
"SO_0565","향화도항","2026-09-16","2026-09-16 05:34","567","2026-09-16 11:04","90","2026-09-16 18:05","592","2026-09-16 23:34","162"
"SO_0565","향화도항","2026-09-17","2026-09-17 06:02","523","2026-09-17 11:31","121","2026-09-17 18:42","553","",""
"SO_0565","향화도항","2026-09-18","2026-09-18 06:32","478","2026-09-18 00:13","209","2026-09-18 19:23","512","2026-09-18 12:02","157"
"SO_0565","향화도항","2026-09-19","2026-09-19 07:07","433","2026-09-19 01:05","256","2026-09-19 20:19","474","2026-09-19 12:44","198"
"SO_0565","향화도항","2026-09-20","2026-09-20 08:01","394","2026-09-20 02:55","287","2026-09-20 21:46","452","2026-09-20 14:14","233"
"SO_0565","향화도항","2026-09-21","2026-09-21 09:35","375","2026-09-21 04:46","281","2026-09-21 23:39","465","2026-09-21 16:25","232"
"SO_0565","향화도항","2026-09-22","2026-09-22 11:46","400","2026-09-22 05:57","249","","","2026-09-22 17:45","199"
"SO_0565","향화도항","2026-09-23","2026-09-23 00:42","502","2026-09-23 06:42","207","2026-09-23 12:48","454","2026-09-23 18:36","156"
"SO_0565","향화도항","2026-09-24","2026-09-24 01:22","540","2026-09-24 07:14","164","2026-09-24 13:30","509","2026-09-24 19:15","116"
"SO_0565","향화도항","2026-09-25","2026-09-25 01:57","574","2026-09-25 07:43","123","2026-09-25 14:07","560","2026-09-25 19:51","84"
"SO_0565","향화도항","2026-09-26","2026-09-26 02:29","601","2026-09-26 08:12","87","2026-09-26 14:44","602","2026-09-26 20:25","63"
"SO_0565","향화도항","2026-09-27","2026-09-27 03:02","619","2026-09-27 08:42","59","2026-09-27 15:20","634","2026-09-27 20:59","54"
"SO_0565","향화도항","2026-09-28","2026-09-28 03:36","627","2026-09-28 09:12","40","2026-09-28 15:57","653","2026-09-28 21:34","59"
"SO_0565","향화도항","2026-09-29","2026-09-29 04:10","623","2026-09-29 09:43","31","2026-09-29 16:35","660","2026-09-29 22:09","77"
"SO_0565","향화도항","2026-09-30","2026-09-30 04:46","606","2026-09-30 10:15","34","2026-09-30 17:14","653","2026-09-30 22:47","108"
"SO_0565","향화도항","2026-10-01","2026-10-01 05:23","577","2026-10-01 10:49","50","2026-10-01 17:57","632","2026-10-01 23:29","150"
"SO_0565","향화도항","2026-10-02","2026-10-02 06:02","537","2026-10-02 11:26","80","2026-10-02 18:45","597","",""
"SO_0565","향화도항","2026-10-03","2026-10-03 06:48","491","2026-10-03 00:19","200","2026-10-03 19:43","557","2026-10-03 12:13","123"
"SO_0565","향화도항","2026-10-04","2026-10-04 07:48","447","2026-10-04 01:38","246","2026-10-04 20:59","524","2026-10-04 13:26","171"
"SO_0565","향화도항","2026-10-05","2026-10-05 09:13","422","2026-10-05 03:38","257","2026-10-05 22:32","519","2026-10-05 15:29","190"
"SO_0565","향화도항","2026-10-06","2026-10-06 10:56","441","2026-10-06 05:09","227","2026-10-06 23:53","544","2026-10-06 17:07","167"
"SO_0565","향화도항","2026-10-07","2026-10-07 12:14","496","2026-10-07 06:08","181","","","2026-10-07 18:13","127"
"SO_0565","향화도항","2026-10-08","2026-10-08 00:50","577","2026-10-08 06:52","133","2026-10-08 13:09","557","2026-10-08 19:02","92"
"SO_0565","향화도항","2026-10-09","2026-10-09 01:35","603","2026-10-09 07:29","91","2026-10-09 13:54","607","2026-10-09 19:43","70"
"SO_0565","향화도항","2026-10-10","2026-10-10 02:14","618","2026-10-10 08:03","61","2026-10-10 14:35","639","2026-10-10 20:20","62"
"SO_0565","향화도항","2026-10-11","2026-10-11 02:51","619","2026-10-11 08:35","45","2026-10-11 15:14","654","2026-10-11 20:55","68"
"SO_0565","향화도항","2026-10-12","2026-10-12 03:25","610","2026-10-12 09:05","42","2026-10-12 15:51","653","2026-10-12 21:29","84"
"SO_0565","향화도항","2026-10-13","2026-10-13 03:58","592","2026-10-13 09:33","50","2026-10-13 16:27","639","2026-10-13 22:02","108"
"SO_0565","향화도항","2026-10-14","2026-10-14 04:29","566","2026-10-14 09:59","66","2026-10-14 17:01","616","2026-10-14 22:34","136"
"SO_0565","향화도항","2026-10-15","2026-10-15 04:57","536","2026-10-15 10:24","87","2026-10-15 17:34","587","2026-10-15 23:08","169"
"SO_0565","향화도항","2026-10-16","2026-10-16 05:25","502","2026-10-16 10:51","113","2026-10-16 18:07","554","2026-10-16 23:45","204"
"SO_0565","향화도항","2026-10-17","2026-10-17 05:55","467","2026-10-17 11:22","144","2026-10-17 18:46","519","",""
"SO_0565","향화도항","2026-10-18","2026-10-18 06:31","431","2026-10-18 00:34","240","2026-10-18 19:36","484","2026-10-18 12:01","180"
"SO_0565","향화도항","2026-10-19","2026-10-19 07:24","399","2026-10-19 01:58","267","2026-10-19 20:48","459","2026-10-19 13:08","219"
"SO_0565","향화도항","2026-10-20","2026-10-20 08:47","381","2026-10-20 03:39","266","2026-10-20 22:22","456","2026-10-20 15:19","234"
"SO_0565","향화도항","2026-10-21","2026-10-21 10:43","399","2026-10-21 04:54","239","2026-10-21 23:40","479","2026-10-21 16:54","211"
"SO_0565","향화도항","2026-10-22","2026-10-22 12:02","452","2026-10-22 05:45","198","","","2026-10-22 17:55","173"
"SO_0565","향화도항","2026-10-23","2026-10-23 00:31","512","2026-10-23 06:24","151","2026-10-23 12:52","512","2026-10-23 18:40","134"
"SO_0565","향화도항","2026-10-24","2026-10-24 01:11","544","2026-10-24 06:59","105","2026-10-24 13:33","569","2026-10-24 19:20","101"
"SO_0565","향화도항","2026-10-25","2026-10-25 01:49","571","2026-10-25 07:32","64","2026-10-25 14:13","616","2026-10-25 19:58","80"
"SO_0565","향화도항","2026-10-26","2026-10-26 02:26","589","2026-10-26 08:05","33","2026-10-26 14:52","650","2026-10-26 20:36","70"
"SO_0565","향화도항","2026-10-27","2026-10-27 03:03","597","2026-10-27 08:39","14","2026-10-27 15:32","670","2026-10-27 21:15","74"
"SO_0565","향화도항","2026-10-28","2026-10-28 03:42","593","2026-10-28 09:15","8","2026-10-28 16:14","674","2026-10-28 21:54","91"
"SO_0565","향화도항","2026-10-29","2026-10-29 04:22","577","2026-10-29 09:51","16","2026-10-29 16:57","663","2026-10-29 22:37","119"
"SO_0565","향화도항","2026-10-30","2026-10-30 05:03","551","2026-10-30 10:29","37","2026-10-30 17:44","637","2026-10-30 23:24","155"
"SO_0565","향화도항","2026-10-31","2026-10-31 05:47","517","2026-10-31 11:13","73","2026-10-31 18:35","601","",""
"SO_0565","향화도항","2026-11-01","2026-11-01 06:39","480","2026-11-01 00:21","192","2026-11-01 19:35","562","2026-11-01 12:06","118"
"SO_0565","향화도항","2026-11-02","2026-11-02 07:42","449","2026-11-02 01:37","220","2026-11-02 20:45","529","2026-11-02 13:24","162"
"SO_0565","향화도항","2026-11-03","2026-11-03 09:03","437","2026-11-03 03:09","222","2026-11-03 22:04","514","2026-11-03 15:10","183"
"SO_0565","향화도항","2026-11-04","2026-11-04 10:33","458","2026-11-04 04:29","199","2026-11-04 23:17","520","2026-11-04 16:42","173"
"SO_0565","향화도항","2026-11-05","2026-11-05 11:47","505","2026-11-05 05:29","161","","","2026-11-05 17:49","148"
"SO_0565","향화도항","2026-11-06","2026-11-06 00:15","535","2026-11-06 06:16","121","2026-11-06 12:44","555","2026-11-06 18:40","126"
"SO_0565","향화도항","2026-11-07","2026-11-07 01:02","549","2026-11-07 06:55","86","2026-11-07 13:30","594","2026-11-07 19:22","111"
"SO_0565","향화도항","2026-11-08","2026-11-08 01:42","557","2026-11-08 07:31","63","2026-11-08 14:12","618","2026-11-08 20:00","106"
"SO_0565","향화도항","2026-11-09","2026-11-09 02:19","558","2026-11-09 08:03","51","2026-11-09 14:51","626","2026-11-09 20:36","108"
"SO_0565","향화도항","2026-11-10","2026-11-10 02:54","552","2026-11-10 08:34","51","2026-11-10 15:28","622","2026-11-10 21:10","116"
"SO_0565","향화도항","2026-11-11","2026-11-11 03:27","540","2026-11-11 09:02","57","2026-11-11 16:03","610","2026-11-11 21:43","128"
"SO_0565","향화도항","2026-11-12","2026-11-12 03:58","524","2026-11-12 09:29","67","2026-11-12 16:36","594","2026-11-12 22:17","143"
"SO_0565","향화도항","2026-11-13","2026-11-13 04:28","505","2026-11-13 09:56","80","2026-11-13 17:09","575","2026-11-13 22:51","161"
"SO_0565","향화도항","2026-11-14","2026-11-14 04:59","485","2026-11-14 10:26","95","2026-11-14 17:43","554","2026-11-14 23:28","182"
"SO_0565","향화도항","2026-11-15","2026-11-15 05:33","462","2026-11-15 11:00","116","2026-11-15 18:20","530","",""
"SO_0565","향화도항","2026-11-16","2026-11-16 06:12","439","2026-11-16 00:11","203","2026-11-16 19:05","503","2026-11-16 11:41","144"
"SO_0565","향화도항","2026-11-17","2026-11-17 07:03","417","2026-11-17 01:07","220","2026-11-17 20:01","478","2026-11-17 12:36","177"
"SO_0565","향화도항","2026-11-18","2026-11-18 08:10","405","2026-11-18 02:19","225","2026-11-18 21:08","462","2026-11-18 14:01","205"
"SO_0565","향화도항","2026-11-19","2026-11-19 09:34","413","2026-11-19 03:32","211","2026-11-19 22:21","461","2026-11-19 15:42","209"
"SO_0565","향화도항","2026-11-20","2026-11-20 10:59","449","2026-11-20 04:34","179","2026-11-20 23:26","476","2026-11-20 17:01","188"
"SO_0565","향화도항","2026-11-21","2026-11-21 12:04","502","2026-11-21 05:25","137","","","2026-11-21 18:00","158"
"SO_0565","향화도항","2026-11-22","2026-11-22 00:20","500","2026-11-22 06:10","92","2026-11-22 12:55","557","2026-11-22 18:49","128"
"SO_0565","향화도항","2026-11-23","2026-11-23 01:07","524","2026-11-23 06:52","51","2026-11-23 13:42","605","2026-11-23 19:34","104"
"SO_0565","향화도항","2026-11-24","2026-11-24 01:52","543","2026-11-24 07:32","19","2026-11-24 14:27","640","2026-11-24 20:18","91"
"SO_0565","향화도항","2026-11-25","2026-11-25 02:35","554","2026-11-25 08:13","","2026-11-25 15:12","661","2026-11-25 21:02","88"
"SO_0565","향화도항","2026-11-26","2026-11-26 03:19","556","2026-11-26 08:55","-7","2026-11-26 15:58","667","2026-11-26 21:46","95"
"SO_0565","향화도항","2026-11-27","2026-11-27 04:04","550","2026-11-27 09:37","-1","2026-11-27 16:46","659","2026-11-27 22:32","111"
"SO_0565","향화도항","2026-11-28","2026-11-28 04:51","536","2026-11-28 10:22","18","2026-11-28 17:35","639","2026-11-28 23:21","131"
"SO_0565","향화도항","2026-11-29","2026-11-29 05:40","518","2026-11-29 11:10","48","2026-11-29 18:26","609","",""
"SO_0565","향화도항","2026-11-30","2026-11-30 06:32","497","2026-11-30 00:13","151","2026-11-30 19:20","573","2026-11-30 12:03","87"
"SO_0565","향화도항","2026-12-01","2026-12-01 07:31","478","2026-12-01 01:12","167","2026-12-01 20:17","534","2026-12-01 13:08","130"
"SO_0565","향화도항","2026-12-02","2026-12-02 08:37","466","2026-12-02 02:19","173","2026-12-02 21:19","502","2026-12-02 14:28","165"
"SO_0565","향화도항","2026-12-03","2026-12-03 09:53","469","2026-12-03 03:30","167","2026-12-03 22:26","481","2026-12-03 15:58","182"
"SO_0565","향화도항","2026-12-04","2026-12-04 11:09","492","2026-12-04 04:36","147","2026-12-04 23:29","476","2026-12-04 17:15","179"
"SO_0565","향화도항","2026-12-05","2026-12-05 12:13","523","2026-12-05 05:33","122","","","2026-12-05 18:15","168"
"SO_0565","향화도항","2026-12-06","2026-12-06 00:23","480","2026-12-06 06:20","99","2026-12-06 13:05","551","2026-12-06 19:04","155"
"SO_0565","향화도항","2026-12-07","2026-12-07 01:10","487","2026-12-07 07:01","81","2026-12-07 13:51","569","2026-12-07 19:45","145"
"SO_0565","향화도항","2026-12-08","2026-12-08 01:51","493","2026-12-08 07:37","71","2026-12-08 14:32","577","2026-12-08 20:23","137"
"SO_0565","향화도항","2026-12-09","2026-12-09 02:29","497","2026-12-09 08:10","66","2026-12-09 15:10","579","2026-12-09 20:58","133"
"SO_0565","향화도항","2026-12-10","2026-12-10 03:04","497","2026-12-10 08:41","64","2026-12-10 15:46","577","2026-12-10 21:32","131"
"SO_0565","향화도항","2026-12-11","2026-12-11 03:38","495","2026-12-11 09:11","63","2026-12-11 16:20","573","2026-12-11 22:05","131"
"SO_0565","향화도항","2026-12-12","2026-12-12 04:11","490","2026-12-12 09:42","63","2026-12-12 16:53","568","2026-12-12 22:37","135"
"SO_0565","향화도항","2026-12-13","2026-12-13 04:46","483","2026-12-13 10:15","67","2026-12-13 17:27","560","2026-12-13 23:11","141"
"SO_0565","향화도항","2026-12-14","2026-12-14 05:22","474","2026-12-14 10:50","78","2026-12-14 18:02","547","2026-12-14 23:47","149"
"SO_0565","향화도항","2026-12-15","2026-12-15 06:02","463","2026-12-15 11:29","97","2026-12-15 18:40","527","",""
"SO_0565","향화도항","2026-12-16","2026-12-16 06:46","452","2026-12-16 00:27","156","2026-12-16 19:23","503","2026-12-16 12:14","126"
"SO_0565","향화도항","2026-12-17","2026-12-17 07:39","443","2026-12-17 01:15","162","2026-12-17 20:12","477","2026-12-17 13:10","159"
"SO_0565","향화도항","2026-12-18","2026-12-18 08:42","442","2026-12-18 02:12","160","2026-12-18 21:12","457","2026-12-18 14:26","187"
"SO_0565","향화도항","2026-12-19","2026-12-19 09:57","456","2026-12-19 03:18","147","2026-12-19 22:20","448","2026-12-19 15:58","196"
"SO_0565","향화도항","2026-12-20","2026-12-20 11:11","489","2026-12-20 04:23","122","2026-12-20 23:28","455","2026-12-20 17:17","182"
"SO_0565","향화도항","2026-12-21","2026-12-21 12:17","533","2026-12-21 05:22","89","","","2026-12-21 18:21","157"
"SO_0565","향화도항","2026-12-22","2026-12-22 00:29","473","2026-12-22 06:18","54","2026-12-22 13:15","577","2026-12-22 19:17","130"
"SO_0565","향화도항","2026-12-23","2026-12-23 01:24","496","2026-12-23 07:09","22","2026-12-23 14:08","614","2026-12-23 20:08","107"
"SO_0565","향화도항","2026-12-24","2026-12-24 02:16","516","2026-12-24 07:59","-3","2026-12-24 15:00","641","2026-12-24 20:55","90"
"SO_0565","향화도항","2026-12-25","2026-12-25 03:06","533","2026-12-25 08:46","-18","2026-12-25 15:49","656","2026-12-25 21:40","81"
"SO_0565","향화도항","2026-12-26","2026-12-26 03:55","544","2026-12-26 09:33","-22","2026-12-26 16:38","659","2026-12-26 22:25","79"
"SO_0565","향화도항","2026-12-27","2026-12-27 04:43","550","2026-12-27 10:19","-13","2026-12-27 17:24","647","2026-12-27 23:08","83"
"SO_0565","향화도항","2026-12-28","2026-12-28 05:30","548","2026-12-28 11:04","11","2026-12-28 18:09","622","2026-12-28 23:51","92"
"SO_0565","향화도항","2026-12-29","2026-12-29 06:19","538","2026-12-29 11:51","48","2026-12-29 18:53","584","",""
"SO_0565","향화도항","2026-12-30","2026-12-30 07:08","520","2026-12-30 00:36","106","2026-12-30 19:39","537","2026-12-30 12:41","96"
"SO_1282","선재도","2026-01-09","2026-01-09 00:00","835","2026-01-09 00:00","63","","","",""
"SO_1282","선재도","2026-01-10","2026-01-10 00:00","758","2026-01-10 00:00","55","","","",""
"SO_1283","사천진항","2026-01-01","2026-01-01 15:03","18","2026-01-01 07:36","-5","","","2026-01-01 19:00","15"
"SO_1283","사천진항","2026-01-02","2026-01-02 00:48","29","2026-01-02 08:31","-7","2026-01-02 16:05","20","2026-01-02 19:48","16"
"SO_1283","사천진항","2026-01-03","2026-01-03 01:38","32","2026-01-03 09:27","-8","2026-01-03 16:47","20","2026-01-03 20:36","16"
"SO_1283","사천진항","2026-01-04","2026-01-04 02:28","33","2026-01-04 10:19","-9","2026-01-04 17:22","20","2026-01-04 21:28","16"
"SO_1283","사천진항","2026-01-05","2026-01-05 03:18","33","2026-01-05 11:07","-9","2026-01-05 17:55","19","2026-01-05 22:24","14"
"SO_1283","사천진항","2026-01-06","2026-01-06 04:08","32","2026-01-06 11:50","-8","2026-01-06 18:26","18","2026-01-06 23:19","11"
"SO_1283","사천진항","2026-01-07","2026-01-07 04:56","28","2026-01-07 12:30","-6","2026-01-07 18:57","16","",""
"SO_1283","사천진항","2026-01-08","2026-01-08 05:44","24","2026-01-08 00:12","9","2026-01-08 19:29","15","2026-01-08 13:06","-4"
"SO_1283","사천진항","2026-01-09","2026-01-09 00:00","29","2026-01-09 00:00","14","2026-01-09 06:31","19","2026-01-09 01:09","7"
"SO_1283","사천진항","2026-01-10","2026-01-10 00:00","26","2026-01-10 00:00","","2026-01-10 07:22","14","2026-01-10 02:19","5"
"SO_1283","사천진항","2026-01-11","2026-01-11 08:35","10","2026-01-11 03:53","4","2026-01-11 21:33","15","2026-01-11 14:06","6"
"SO_1283","사천진항","2026-01-12","2026-01-12 22:30","17","2026-01-12 05:11","2","","","",""
"SO_1283","사천진항","2026-01-13","2026-01-13 23:17","19","2026-01-13 06:09","1","","","",""
"SO_1283","사천진항","2026-01-14","2026-01-14 23:56","21","2026-01-14 06:59","","","","",""
"SO_1283","사천진항","2026-01-15","","","2026-01-15 07:45","-1","","","",""
"SO_1283","사천진항","2026-01-16","2026-01-16 00:33","23","2026-01-16 08:27","-1","2026-01-16 16:32","17","2026-01-16 19:04","16"
"SO_1283","사천진항","2026-01-17","2026-01-17 01:10","25","2026-01-17 09:07","-2","2026-01-17 16:37","17","2026-01-17 19:41","15"
"SO_1283","사천진항","2026-01-18","2026-01-18 01:48","26","2026-01-18 09:42","-4","2026-01-18 16:51","17","2026-01-18 20:20","14"
"SO_1283","사천진항","2026-01-19","2026-01-19 02:27","27","2026-01-19 10:15","-5","2026-01-19 17:05","16","2026-01-19 21:04","12"
"SO_1283","사천진항","2026-01-20","2026-01-20 03:07","27","2026-01-20 10:46","-7","2026-01-20 17:20","15","2026-01-20 21:52","10"
"SO_1283","사천진항","2026-01-21","2026-01-21 03:48","26","2026-01-21 11:17","-7","2026-01-21 17:36","15","2026-01-21 22:40","8"
"SO_1283","사천진항","2026-01-22","2026-01-22 04:31","24","2026-01-22 11:47","-7","2026-01-22 17:57","15","2026-01-22 23:28","6"
"SO_1283","사천진항","2026-01-23","2026-01-23 05:16","22","2026-01-23 12:16","-5","2026-01-23 18:22","15","",""
"SO_1283","사천진항","2026-01-24","2026-01-24 06:04","19","2026-01-24 00:18","4","2026-01-24 18:51","17","2026-01-24 12:46","-1"
"SO_1283","사천진항","2026-01-25","2026-01-25 06:56","17","2026-01-25 01:11","3","2026-01-25 19:24","18","2026-01-25 13:15","3"
"SO_1283","사천진항","2026-01-26","2026-01-26 08:04","14","2026-01-26 02:20","3","2026-01-26 20:05","21","2026-01-26 13:43","8"
"SO_1283","사천진항","2026-01-27","2026-01-27 11:12","14","2026-01-27 04:03","2","2026-01-27 20:57","23","2026-01-27 14:07","12"
"SO_1283","사천진항","2026-01-28","2026-01-28 22:14","26","2026-01-28 05:27","1","","","",""
"SO_1283","사천진항","2026-01-29","2026-01-29 15:28","19","2026-01-29 06:34","-1","2026-01-29 23:30","28","2026-01-29 17:42","18"
"SO_1283","사천진항","2026-01-30","2026-01-30 15:40","20","2026-01-30 07:35","-3","","","2026-01-30 18:45","18"
"SO_1283","사천진항","2026-01-31","2026-01-31 00:33","30","2026-01-31 08:32","-5","2026-01-31 15:57","20","2026-01-31 19:40","17"
"SO_1283","사천진항","2026-02-01","2026-02-01 01:30","31","2026-02-01 09:22","-7","2026-02-01 16:15","20","2026-02-01 20:35","14"
"SO_1283","사천진항","2026-02-02","2026-02-02 02:24","31","2026-02-02 10:06","-8","2026-02-02 16:35","18","2026-02-02 21:28","11"
"SO_1283","사천진항","2026-02-03","2026-02-03 03:13","30","2026-02-03 10:44","-9","2026-02-03 16:57","17","2026-02-03 22:17","7"
"SO_1283","사천진항","2026-02-04","2026-02-04 04:00","27","2026-02-04 11:17","-8","2026-02-04 17:20","16","2026-02-04 23:04","4"
"SO_1283","사천진항","2026-02-05","2026-02-05 04:44","23","2026-02-05 11:46","-6","2026-02-05 17:44","16","2026-02-05 23:50","2"
"SO_1283","사천진항","2026-02-06","2026-02-06 05:25","19","2026-02-06 12:10","-3","2026-02-06 18:08","16","",""
"SO_1283","사천진항","2026-02-07","2026-02-07 06:07","15","2026-02-07 00:37","2","2026-02-07 18:31","17","2026-02-07 12:26","1"
"SO_1283","사천진항","2026-02-08","2026-02-08 06:53","12","2026-02-08 01:33","2","2026-02-08 18:55","18","2026-02-08 12:30","5"
"SO_1283","사천진항","2026-02-09","2026-02-09 09:20","10","2026-02-09 02:58","3","2026-02-09 19:22","19","2026-02-09 12:22","9"
"SO_1283","사천진항","2026-02-10","2026-02-10 19:55","20","2026-02-10 04:27","3","","","",""
"SO_1283","사천진항","2026-02-11","2026-02-11 20:51","21","2026-02-11 05:36","3","","","",""
"SO_1283","사천진항","2026-02-12","2026-02-12 22:54","22","2026-02-12 06:35","2","","","",""
"SO_1283","사천진항","2026-02-13","2026-02-13 16:22","18","2026-02-13 07:27","1","2026-02-13 23:54","23","2026-02-13 18:06","17"
"SO_1283","사천진항","2026-02-14","2026-02-14 15:54","17","2026-02-14 08:09","-1","","","2026-02-14 18:54","16"
"SO_1283","사천진항","2026-02-15","2026-02-15 00:44","23","2026-02-15 08:44","-4","2026-02-15 15:51","16","2026-02-15 19:38","13"
"SO_1283","사천진항","2026-02-16","2026-02-16 01:30","24","2026-02-16 09:16","-6","2026-02-16 15:58","15","2026-02-16 20:23","10"
"SO_1283","사천진항","2026-02-17","2026-02-17 02:15","24","2026-02-17 09:45","-8","2026-02-17 16:08","14","2026-02-17 21:08","6"
"SO_1283","사천진항","2026-02-18","2026-02-18 02:58","23","2026-02-18 10:14","-9","2026-02-18 16:22","14","2026-02-18 21:51","3"
"SO_1283","사천진항","2026-02-19","2026-02-19 03:42","22","2026-02-19 10:43","-8","2026-02-19 16:41","15","2026-02-19 22:35",""
"SO_1283","사천진항","2026-02-20","2026-02-20 04:25","21","2026-02-20 11:11","-6","2026-02-20 17:03","17","2026-02-20 23:18","-1"
"SO_1283","사천진항","2026-02-21","2026-02-21 05:10","19","2026-02-21 11:38","-2","2026-02-21 17:30","19","",""
"SO_1283","사천진항","2026-02-22","2026-02-22 05:59","18","2026-02-22 00:05","-2","2026-02-22 17:59","21","2026-02-22 12:05","3"
"SO_1283","사천진항","2026-02-23","2026-02-23 06:57","16","2026-02-23 00:57","-1","2026-02-23 18:33","23","2026-02-23 12:29","8"
"SO_1283","사천진항","2026-02-24","2026-02-24 09:49","14","2026-02-24 02:09","1","2026-02-24 19:14","25","2026-02-24 12:44","13"
"SO_1283","사천진항","2026-02-25","2026-02-25 20:12","26","2026-02-25 03:51","1","","","",""
"SO_1283","사천진항","2026-02-26","2026-02-26 21:49","26","2026-02-26 05:17","1","","","",""
"SO_1283","사천진항","2026-02-27","2026-02-27 15:04","20","2026-02-27 06:29","-1","2026-02-27 23:18","27","2026-02-27 17:47","19"
"SO_1283","사천진항","2026-02-28","2026-02-28 15:05","19","2026-02-28 07:31","-4","","","2026-02-28 18:52","16"
"SO_1283","사천진항","2026-03-01","2026-03-01 00:28","27","2026-03-01 08:22","-6","2026-03-01 15:13","18","2026-03-01 19:47","12"
"SO_1283","사천진항","2026-03-02","2026-03-02 01:28","26","2026-03-02 09:03","-8","2026-03-02 15:25","16","2026-03-02 20:36","7"
"SO_1283","사천진항","2026-03-03","2026-03-03 02:20","25","2026-03-03 09:38","-8","2026-03-03 15:42","15","2026-03-03 21:21","2"
"SO_1283","사천진항","2026-03-04","2026-03-04 03:07","22","2026-03-04 10:09","-8","2026-03-04 16:02","15","2026-03-04 22:03","-1"
"SO_1283","사천진항","2026-03-05","2026-03-05 03:50","20","2026-03-05 10:36","-6","2026-03-05 16:23","16","2026-03-05 22:44","-4"
"SO_1283","사천진항","2026-03-06","2026-03-06 04:31","17","2026-03-06 10:57","-4","2026-03-06 16:45","17","2026-03-06 23:24","-4"
"SO_1283","사천진항","2026-03-07","2026-03-07 05:11","15","2026-03-07 11:13","","2026-03-07 17:07","18","",""
"SO_1283","사천진항","2026-03-08","2026-03-08 05:53","13","2026-03-08 00:05","-3","2026-03-08 17:29","20","2026-03-08 11:24","4"
"SO_1283","사천진항","2026-03-09","2026-03-09 06:45","11","2026-03-09 00:51","-1","2026-03-09 17:53","21","2026-03-09 11:29","8"
"SO_1283","사천진항","2026-03-10","2026-03-10 18:18","22","2026-03-10 01:55","1","","","",""
"SO_1283","사천진항","2026-03-11","2026-03-11 18:49","22","2026-03-11 03:30","3","","","",""
"SO_1283","사천진항","2026-03-12","2026-03-12 19:35","21","2026-03-12 04:49","4","","","",""
"SO_1283","사천진항","2026-03-13","2026-03-13 21:25","20","2026-03-13 05:56","2","","","",""
"SO_1283","사천진항","2026-03-14","2026-03-14 15:11","16","2026-03-14 06:50","","2026-03-14 23:07","19","2026-03-14 18:08","15"
"SO_1283","사천진항","2026-03-15","2026-03-15 14:48","15","2026-03-15 07:31","-3","","","2026-03-15 18:54","12"
"SO_1283","사천진항","2026-03-16","2026-03-16 00:13","19","2026-03-16 08:05","-6","2026-03-16 14:49","13","2026-03-16 19:35","7"
"SO_1283","사천진항","2026-03-17","2026-03-17 01:11","19","2026-03-17 08:36","-8","2026-03-17 14:57","13","2026-03-17 20:16","3"
"SO_1283","사천진항","2026-03-18","2026-03-18 02:02","18","2026-03-18 09:05","-9","2026-03-18 15:10","13","2026-03-18 20:57","-1"
"SO_1283","사천진항","2026-03-19","2026-03-19 02:49","18","2026-03-19 09:35","-8","2026-03-19 15:29","15","2026-03-19 21:39","-5"
"SO_1283","사천진항","2026-03-20","2026-03-20 03:35","18","2026-03-20 10:04","-6","2026-03-20 15:52","17","2026-03-20 22:21","-7"
"SO_1283","사천진항","2026-03-21","2026-03-21 04:21","18","2026-03-21 10:34","-2","2026-03-21 16:18","20","2026-03-21 23:06","-7"
"SO_1283","사천진항","2026-03-22","2026-03-22 05:11","18","2026-03-22 11:02","4","2026-03-22 16:47","24","2026-03-22 23:53","-6"
"SO_1283","사천진항","2026-03-23","2026-03-23 06:09","17","2026-03-23 11:29","9","2026-03-23 17:19","26","",""
"SO_1283","사천진항","2026-03-24","2026-03-24 08:27","16","2026-03-24 00:51","-4","2026-03-24 17:55","28","2026-03-24 11:50","14"
"SO_1283","사천진항","2026-03-25","2026-03-25 18:41","27","2026-03-25 02:08","-1","","","",""
"SO_1283","사천진항","2026-03-26","2026-03-26 19:55","26","2026-03-26 03:40","","","","",""
"SO_1283","사천진항","2026-03-27","2026-03-27 14:07","20","2026-03-27 05:04","","2026-03-27 21:44","25","2026-03-27 16:40","19"
"SO_1283","사천진항","2026-03-28","2026-03-28 14:04","19","2026-03-28 06:17","-2","2026-03-28 23:12","23","2026-03-28 18:01","15"
"SO_1283","사천진항","2026-03-29","2026-03-29 14:10","17","2026-03-29 07:13","-4","","","2026-03-29 18:58","10"
"SO_1283","사천진항","2026-03-30","2026-03-30 00:26","21","2026-03-30 07:56","-5","2026-03-30 14:19","15","2026-03-30 19:45","5"
"SO_1283","사천진항","2026-03-31","2026-03-31 01:27","20","2026-03-31 08:32","-6","2026-03-31 14:33","14","2026-03-31 20:27",""
"SO_1283","사천진항","2026-04-01","2026-04-01 02:17","18","2026-04-01 09:01","-5","2026-04-01 14:50","15","2026-04-01 21:07","-4"
"SO_1283","사천진항","2026-04-02","2026-04-02 03:01","16","2026-04-02 09:27","-4","2026-04-02 15:10","16","2026-04-02 21:45","-7"
"SO_1283","사천진항","2026-04-03","2026-04-03 03:43","15","2026-04-03 09:49","-1","2026-04-03 15:32","18","2026-04-03 22:23","-7"
"SO_1283","사천진항","2026-04-04","2026-04-04 04:24","14","2026-04-04 10:07","2","2026-04-04 15:54","20","2026-04-04 23:00","-6"
"SO_1283","사천진항","2026-04-05","2026-04-05 05:08","14","2026-04-05 10:22","6","2026-04-05 16:18","22","2026-04-05 23:37","-4"
"SO_1283","사천진항","2026-04-06","2026-04-06 06:00","14","2026-04-06 10:35","10","2026-04-06 16:42","24","",""
"SO_1283","사천진항","2026-04-07","2026-04-07 08:07","14","2026-04-07 00:18","-1","2026-04-07 17:08","25","2026-04-07 10:46","13"
"SO_1283","사천진항","2026-04-08","2026-04-08 17:35","25","2026-04-08 01:09","2","","","",""
"SO_1283","사천진항","2026-04-09","2026-04-09 18:08","23","2026-04-09 02:26","4","","","",""
"SO_1283","사천진항","2026-04-10","2026-04-10 19:02","21","2026-04-10 03:49","4","","","",""
"SO_1283","사천진항","2026-04-11","2026-04-11 20:45","19","2026-04-11 05:00","3","","","",""
"SO_1283","사천진항","2026-04-12","2026-04-12 13:41","15","2026-04-12 05:57","","2026-04-12 22:20","17","2026-04-12 17:53","13"
"SO_1283","사천진항","2026-04-13","2026-04-13 13:38","14","2026-04-13 06:40","-2","2026-04-13 23:42","16","2026-04-13 18:37","8"
"SO_1283","사천진항","2026-04-14","2026-04-14 13:44","14","2026-04-14 07:16","-4","","","2026-04-14 19:17","4"
"SO_1283","사천진항","2026-04-15","2026-04-15 00:53","16","2026-04-15 07:49","-5","2026-04-15 13:56","15","2026-04-15 19:57","-1"
"SO_1283","사천진항","2026-04-16","2026-04-16 01:51","17","2026-04-16 08:21","-4","2026-04-16 14:15","17","2026-04-16 20:39","-5"
"SO_1283","사천진항","2026-04-17","2026-04-17 02:43","18","2026-04-17 08:53","-1","2026-04-17 14:40","20","2026-04-17 21:22","-7"
"SO_1283","사천진항","2026-04-18","2026-04-18 03:33","19","2026-04-18 09:26","3","2026-04-18 15:08","24","2026-04-18 22:07","-8"
"SO_1283","사천진항","2026-04-19","2026-04-19 04:26","20","2026-04-19 09:59","8","2026-04-19 15:40","28","2026-04-19 22:55","-7"
"SO_1283","사천진항","2026-04-20","2026-04-20 05:30","20","2026-04-20 10:30","13","2026-04-20 16:14","31","2026-04-20 23:49","-5"
"SO_1283","사천진항","2026-04-21","2026-04-21 07:25","21","2026-04-21 11:01","18","2026-04-21 16:52","33","",""
"SO_1283","사천진항","2026-04-22","2026-04-22 09:08","22","2026-04-22 00:53","-2","2026-04-22 17:36","33","2026-04-22 11:28","21"
"SO_1283","사천진항","2026-04-23","2026-04-23 18:35","31","2026-04-23 02:07","1","","","",""
"SO_1283","사천진항","2026-04-24","2026-04-24 12:34","23","2026-04-24 03:24","2","2026-04-24 20:03","27","2026-04-24 15:00","22"
"SO_1283","사천진항","2026-04-25","2026-04-25 12:48","22","2026-04-25 04:41","2","2026-04-25 21:35","24","2026-04-25 16:43","18"
"SO_1283","사천진항","2026-04-26","2026-04-26 13:01","20","2026-04-26 05:50","2","2026-04-26 23:06","21","2026-04-26 17:57","13"
"SO_1283","사천진항","2026-04-27","2026-04-27 13:13","18","2026-04-27 06:41","1","","","2026-04-27 18:49","8"
"SO_1283","사천진항","2026-04-28","2026-04-28 00:28","19","2026-04-28 07:20","1","2026-04-28 13:27","18","2026-04-28 19:33","3"
"SO_1283","사천진항","2026-04-29","2026-04-29 01:29","17","2026-04-29 07:51","2","2026-04-29 13:43","18","2026-04-29 20:12","-1"
"SO_1283","사천진항","2026-04-30","2026-04-30 02:18","17","2026-04-30 08:18","4","2026-04-30 14:03","20","2026-04-30 20:50","-3"
"SO_1283","사천진항","2026-05-01","2026-05-01 03:03","16","2026-05-01 08:40","7","2026-05-01 14:25","22","2026-05-01 21:27","-4"
"SO_1283","사천진항","2026-05-02","2026-05-02 03:47","17","2026-05-02 09:00","10","2026-05-02 14:49","25","2026-05-02 22:04","-3"
"SO_1283","사천진항","2026-05-03","2026-05-03 04:34","18","2026-05-03 09:19","13","2026-05-03 15:14","28","2026-05-03 22:40","-1"
"SO_1283","사천진항","2026-05-04","2026-05-04 05:34","19","2026-05-04 09:37","16","2026-05-04 15:41","30","2026-05-04 23:18","2"
"SO_1283","사천진항","2026-05-05","2026-05-05 06:53","21","2026-05-05 09:58","18","2026-05-05 16:09","31","2026-05-05 23:59","4"
"SO_1283","사천진항","2026-05-06","2026-05-06 08:03","21","2026-05-06 10:17","20","2026-05-06 16:39","31","",""
"SO_1283","사천진항","2026-05-07","2026-05-07 09:16","22","2026-05-07 00:46","6","2026-05-07 17:12","30","2026-05-07 10:29","21"
"SO_1283","사천진항","2026-05-08","2026-05-08 17:54","28","2026-05-08 01:42","7","","","",""
"SO_1283","사천진항","2026-05-09","2026-05-09 18:59","25","2026-05-09 02:43","7","","","",""
"SO_1283","사천진항","2026-05-10","2026-05-10 12:21","20","2026-05-10 03:46","6","2026-05-10 20:22","23","2026-05-10 15:27","19"
"SO_1283","사천진항","2026-05-11","2026-05-11 12:20","19","2026-05-11 04:47","5","2026-05-11 21:41","21","2026-05-11 17:10","15"
"SO_1283","사천진항","2026-05-12","2026-05-12 12:25","19","2026-05-12 05:38","5","2026-05-12 23:14","20","2026-05-12 18:05","11"
"SO_1283","사천진항","2026-05-13","2026-05-13 12:37","21","2026-05-13 06:20","5","","","2026-05-13 18:51","6"
"SO_1283","사천진항","2026-05-14","2026-05-14 00:43","20","2026-05-14 06:59","7","2026-05-14 12:57","24","2026-05-14 19:35","3"
"SO_1283","사천진항","2026-05-15","2026-05-15 01:47","22","2026-05-15 07:36","10","2026-05-15 13:25","28","2026-05-15 20:21",""
"SO_1283","사천진항","2026-05-16","2026-05-16 02:44","24","2026-05-16 08:13","14","2026-05-16 13:58","32","2026-05-16 21:08","-1"
"SO_1283","사천진항","2026-05-17","2026-05-17 03:43","26","2026-05-17 08:50","18","2026-05-17 14:34","37","2026-05-17 21:59","-1"
"SO_1283","사천진항","2026-05-18","2026-05-18 04:54","28","2026-05-18 09:27","22","2026-05-18 15:13","40","2026-05-18 22:53",""
"SO_1283","사천진항","2026-05-19","2026-05-19 06:25","29","2026-05-19 10:06","25","2026-05-19 15:56","42","2026-05-19 23:51","2"
"SO_1283","사천진항","2026-05-20","2026-05-20 07:39","30","2026-05-20 10:48","27","2026-05-20 16:42","42","",""
"SO_1283","사천진항","2026-05-21","2026-05-21 08:49","30","2026-05-21 00:53","4","2026-05-21 17:37","40","2026-05-21 11:47","28"
"SO_1283","사천진항","2026-05-22","2026-05-22 10:07","29","2026-05-22 01:54","6","2026-05-22 18:43","36","2026-05-22 13:19","28"
"SO_1283","사천진항","2026-05-23","2026-05-23 11:05","28","2026-05-23 02:57","8","2026-05-23 19:56","32","2026-05-23 14:52","25"
"SO_1283","사천진항","2026-05-24","2026-05-24 11:37","27","2026-05-24 04:04","10","2026-05-24 21:15","28","2026-05-24 16:25","21"
"SO_1283","사천진항","2026-05-25","2026-05-25 11:58","26","2026-05-25 05:07","11","2026-05-25 23:02","24","2026-05-25 17:39","16"
"SO_1283","사천진항","2026-05-26","2026-05-26 12:18","26","2026-05-26 05:57","12","","","2026-05-26 18:32","12"
"SO_1283","사천진항","2026-05-27","2026-05-27 00:34","23","2026-05-27 06:35","14","2026-05-27 12:37","26","2026-05-27 19:17","9"
"SO_1283","사천진항","2026-05-28","2026-05-28 01:38","23","2026-05-28 07:06","16","2026-05-28 12:59","28","2026-05-28 19:57","7"
"SO_1283","사천진항","2026-05-29","2026-05-29 02:33","23","2026-05-29 07:31","19","2026-05-29 13:22","31","2026-05-29 20:35","6"
"SO_1283","사천진항","2026-05-30","2026-05-30 03:27","25","2026-05-30 07:53","21","2026-05-30 13:49","34","2026-05-30 21:14","7"
"SO_1283","사천진항","2026-05-31","2026-05-31 04:24","26","2026-05-31 08:13","24","2026-05-31 14:17","37","2026-05-31 21:53","8"
"SO_1283","사천진항","2026-06-01","2026-06-01 05:16","28","2026-06-01 08:37","26","2026-06-01 14:47","39","2026-06-01 22:32","10"
"SO_1283","사천진항","2026-06-02","2026-06-02 06:01","30","2026-06-02 09:02","28","2026-06-02 15:18","40","2026-06-02 23:11","11"
"SO_1283","사천진항","2026-06-03","2026-06-03 06:44","30","2026-06-03 09:31","29","2026-06-03 15:51","41","2026-06-03 23:51","12"
"SO_1283","사천진항","2026-06-04","2026-06-04 07:28","30","2026-06-04 10:01","29","2026-06-04 16:27","40","",""
"SO_1283","사천진항","2026-06-05","2026-06-05 17:08","38","2026-06-05 00:31","13","","","",""
"SO_1283","사천진항","2026-06-06","2026-06-06 17:57","36","2026-06-06 01:10","13","","","",""
"SO_1283","사천진항","2026-06-07","2026-06-07 10:07","28","2026-06-07 01:51","13","2026-06-07 18:56","33","2026-06-07 13:08","27"
"SO_1283","사천진항","2026-06-08","2026-06-08 10:27","27","2026-06-08 02:33","14","2026-06-08 20:00","31","2026-06-08 14:35","24"
"SO_1283","사천진항","2026-06-09","2026-06-09 10:35","28","2026-06-09 03:20","15","2026-06-09 21:12","29","2026-06-09 16:15","22"
"SO_1283","사천진항","2026-06-10","2026-06-10 10:55","30","2026-06-10 04:15","17","2026-06-10 23:04","28","2026-06-10 17:32","18"
"SO_1283","사천진항","2026-06-11","2026-06-11 11:26","33","2026-06-11 05:15","20","","","2026-06-11 18:28","15"
"SO_1283","사천진항","2026-06-12","2026-06-12 00:45","30","2026-06-12 06:07","23","2026-06-12 12:03","37","2026-06-12 19:18","13"
"SO_1283","사천진항","2026-06-13","2026-06-13 01:55","32","2026-06-13 06:53","27","2026-06-13 12:44","42","2026-06-13 20:09","11"
"SO_1283","사천진항","2026-06-14","2026-06-14 03:03","34","2026-06-14 07:36","30","2026-06-14 13:28","46","2026-06-14 21:02","10"
"SO_1283","사천진항","2026-06-15","2026-06-15 04:17","37","2026-06-15 08:20","33","2026-06-15 14:13","50","2026-06-15 21:59","10"
"SO_1283","사천진항","2026-06-16","2026-06-16 05:23","38","2026-06-16 09:05","34","2026-06-16 15:01","52","2026-06-16 22:55","10"
"SO_1283","사천진항","2026-06-17","2026-06-17 06:15","38","2026-06-17 09:56","35","2026-06-17 15:51","52","2026-06-17 23:49","11"
"SO_1283","사천진항","2026-06-18","2026-06-18 07:02","38","2026-06-18 10:56","35","2026-06-18 16:44","51","",""
"SO_1283","사천진항","2026-06-19","2026-06-19 07:49","37","2026-06-19 00:39","12","2026-06-19 17:39","47","2026-06-19 12:02","33"
"SO_1283","사천진항","2026-06-20","2026-06-20 08:38","35","2026-06-20 01:28","14","2026-06-20 18:36","43","2026-06-20 13:09","31"
"SO_1283","사천진항","2026-06-21","2026-06-21 09:30","34","2026-06-21 02:17","17","2026-06-21 19:36","38","2026-06-21 14:24","29"
"SO_1283","사천진항","2026-06-22","2026-06-22 10:14","34","2026-06-22 03:08","20","2026-06-22 20:50","33","2026-06-22 15:55","26"
"SO_1283","사천진항","2026-06-23","2026-06-23 10:49","35","2026-06-23 04:04","23","2026-06-23 23:13","31","2026-06-23 17:13","23"
"SO_1283","사천진항","2026-06-24","2026-06-24 11:21","36","2026-06-24 04:59","26","","","2026-06-24 18:11","20"
"SO_1283","사천진항","2026-06-25","2026-06-25 00:52","31","2026-06-25 05:43","28","2026-06-25 11:51","38","2026-06-25 19:00","19"
"SO_1283","사천진항","2026-06-26","2026-06-26 02:56","32","2026-06-26 06:17","31","2026-06-26 12:21","40","2026-06-26 19:45","19"
"SO_1283","사천진항","2026-06-27","2026-06-27 04:15","34","2026-06-27 06:45","33","2026-06-27 12:52","43","2026-06-27 20:29","19"
"SO_1283","사천진항","2026-06-28","2026-06-28 04:35","36","2026-06-28 07:10","35","2026-06-28 13:24","45","2026-06-28 21:11","19"
"SO_1283","사천진항","2026-06-29","2026-06-29 04:52","37","2026-06-29 07:37","36","2026-06-29 13:57","47","2026-06-29 21:51","19"
"SO_1283","사천진항","2026-06-30","2026-06-30 05:12","38","2026-06-30 08:08","36","2026-06-30 14:32","48","2026-06-30 22:29","19"
"SO_1283","사천진항","2026-07-01","2026-07-01 05:36","38","2026-07-01 08:43","36","2026-07-01 15:08","49","2026-07-01 23:04","19"
"SO_1283","사천진항","2026-07-02","2026-07-02 06:02","38","2026-07-02 09:22","35","2026-07-02 15:46","48","2026-07-02 23:36","19"
"SO_1283","사천진항","2026-07-03","2026-07-03 06:25","37","2026-07-03 10:09","34","2026-07-03 16:24","47","",""
"SO_1283","사천진항","2026-07-04","2026-07-04 06:44","36","2026-07-04 00:07","18","2026-07-04 17:07","45","2026-07-04 11:03","33"
"SO_1283","사천진항","2026-07-05","2026-07-05 07:04","35","2026-07-05 00:37","19","2026-07-05 17:53","43","2026-07-05 12:00","31"
"SO_1283","사천진항","2026-07-06","2026-07-06 07:29","35","2026-07-06 01:07","20","2026-07-06 18:44","40","2026-07-06 12:58","30"
"SO_1283","사천진항","2026-07-07","2026-07-07 07:59","37","2026-07-07 01:39","23","2026-07-07 19:41","38","2026-07-07 14:02","29"
"SO_1283","사천진항","2026-07-08","2026-07-08 08:36","39","2026-07-08 02:13","26","2026-07-08 20:56","37","2026-07-08 15:32","28"
"SO_1283","사천진항","2026-07-09","2026-07-09 09:22","42","2026-07-09 02:52","30","2026-07-09 23:36","37","2026-07-09 17:07","26"
"SO_1283","사천진항","2026-07-10","2026-07-10 10:20","45","2026-07-10 03:47","34","","","2026-07-10 18:11","24"
"SO_1283","사천진항","2026-07-11","2026-07-11 01:10","39","2026-07-11 05:18","37","2026-07-11 11:22","49","2026-07-11 19:09","22"
"SO_1283","사천진항","2026-07-12","2026-07-12 02:34","41","2026-07-12 06:20","39","2026-07-12 12:19","53","2026-07-12 20:07","20"
"SO_1283","사천진항","2026-07-13","2026-07-13 03:40","43","2026-07-13 07:12","41","2026-07-13 13:13","56","2026-07-13 21:05","18"
"SO_1283","사천진항","2026-07-14","2026-07-14 04:22","44","2026-07-14 08:04","41","2026-07-14 14:06","58","2026-07-14 21:59","17"
"SO_1283","사천진항","2026-07-15","2026-07-15 04:57","44","2026-07-15 08:59","39","2026-07-15 14:58","58","2026-07-15 22:48","16"
"SO_1283","사천진항","2026-07-16","2026-07-16 05:28","43","2026-07-16 09:58","37","2026-07-16 15:51","57","2026-07-16 23:32","16"
"SO_1283","사천진항","2026-07-17","2026-07-17 05:59","42","2026-07-17 10:56","35","2026-07-17 16:41","54","",""
"SO_1283","사천진항","2026-07-18","2026-07-18 06:29","40","2026-07-18 00:12","18","2026-07-18 17:30","50","2026-07-18 11:50","33"
"SO_1283","사천진항","2026-07-19","2026-07-19 07:01","40","2026-07-19 00:49","20","2026-07-19 18:19","45","2026-07-19 12:46","31"
"SO_1283","사천진항","2026-07-20","2026-07-20 07:34","40","2026-07-20 01:23","24","2026-07-20 19:11","40","2026-07-20 13:51","30"
"SO_1283","사천진항","2026-07-21","2026-07-21 08:12","40","2026-07-21 01:53","28","2026-07-21 20:34","37","2026-07-21 15:18","29"
"SO_1283","사천진항","2026-07-22","2026-07-22 09:03","41","2026-07-22 02:11","32","2026-07-22 23:31","36","2026-07-22 16:42","28"
"SO_1283","사천진항","2026-07-23","2026-07-23 10:10","43","2026-07-23 01:42","35","","","2026-07-23 17:47","27"
"SO_1283","사천진항","2026-07-24","2026-07-24 11:03","45","2026-07-24 18:44","26","","","",""
"SO_1283","사천진항","2026-07-25","2026-07-25 04:21","41","2026-07-25 05:35","40","2026-07-25 11:47","47","2026-07-25 19:37","26"
"SO_1283","사천진항","2026-07-26","2026-07-26 12:28","49","2026-07-26 20:24","25","","","",""
"SO_1283","사천진항","2026-07-27","2026-07-27 04:18","42","2026-07-27 06:51","41","2026-07-27 13:07","50","2026-07-27 21:05","24"
"SO_1283","사천진항","2026-07-28","2026-07-28 04:19","41","2026-07-28 07:25","40","2026-07-28 13:45","51","2026-07-28 21:40","23"
"SO_1283","사천진항","2026-07-29","2026-07-29 04:31","41","2026-07-29 08:04","38","2026-07-29 14:23","51","2026-07-29 22:11","21"
"SO_1283","사천진항","2026-07-30","2026-07-30 04:45","40","2026-07-30 08:47","36","2026-07-30 15:01","50","2026-07-30 22:39","20"
"SO_1283","사천진항","2026-07-31","2026-07-31 05:00","39","2026-07-31 09:34","34","2026-07-31 15:40","49","2026-07-31 23:06","19"
"SO_1283","사천진항","2026-08-01","2026-08-01 05:15","38","2026-08-01 10:20","31","2026-08-01 16:19","48","2026-08-01 23:33","19"
"SO_1283","사천진항","2026-08-02","2026-08-02 05:33","38","2026-08-02 11:06","30","2026-08-02 17:01","46","",""
"SO_1283","사천진항","2026-08-03","2026-08-03 05:56","39","2026-08-03 00:00","21","2026-08-03 17:45","44","2026-08-03 11:52","28"
"SO_1283","사천진항","2026-08-04","2026-08-04 06:23","41","2026-08-04 00:27","24","2026-08-04 18:33","42","2026-08-04 12:41","28"
"SO_1283","사천진항","2026-08-05","2026-08-05 06:54","43","2026-08-05 00:54","28","2026-08-05 19:33","40","2026-08-05 13:40","28"
"SO_1283","사천진항","2026-08-06","2026-08-06 07:33","45","2026-08-06 01:22","33","2026-08-06 22:12","39","2026-08-06 15:12","29"
"SO_1283","사천진항","2026-08-07","2026-08-07 08:25","48","2026-08-07 01:51","37","","","2026-08-07 16:51","28"
"SO_1283","사천진항","2026-08-08","2026-08-08 09:39","50","2026-08-08 18:03","26","","","",""
"SO_1283","사천진항","2026-08-09","2026-08-09 02:26","43","2026-08-09 05:05","42","2026-08-09 11:02","52","2026-08-09 19:07","23"
"SO_1283","사천진항","2026-08-10","2026-08-10 02:58","44","2026-08-10 06:14","42","2026-08-10 12:09","54","2026-08-10 20:07","21"
"SO_1283","사천진항","2026-08-11","2026-08-11 03:21","44","2026-08-11 07:11","40","2026-08-11 13:09","55","2026-08-11 21:00","18"
"SO_1283","사천진항","2026-08-12","2026-08-12 03:43","43","2026-08-12 08:07","37","2026-08-12 14:05","55","2026-08-12 21:45","16"
"SO_1283","사천진항","2026-08-13","2026-08-13 04:07","41","2026-08-13 09:02","33","2026-08-13 14:57","54","2026-08-13 22:25","16"
"SO_1283","사천진항","2026-08-14","2026-08-14 04:30","40","2026-08-14 09:54","30","2026-08-14 15:45","51","2026-08-14 23:01","16"
"SO_1283","사천진항","2026-08-15","2026-08-15 04:55","39","2026-08-15 10:43","26","2026-08-15 16:31","48","2026-08-15 23:33","18"
"SO_1283","사천진항","2026-08-16","2026-08-16 05:21","39","2026-08-16 11:30","24","2026-08-16 17:16","44","",""
"SO_1283","사천진항","2026-08-17","2026-08-17 05:47","40","2026-08-17 00:02","22","2026-08-17 18:02","40","2026-08-17 12:19","24"
"SO_1283","사천진항","2026-08-18","2026-08-18 06:13","41","2026-08-18 00:24","26","2026-08-18 18:56","37","2026-08-18 13:16","24"
"SO_1283","사천진항","2026-08-19","2026-08-19 06:41","42","2026-08-19 00:36","30","2026-08-19 21:33","35","2026-08-19 14:36","26"
"SO_1283","사천진항","2026-08-20","2026-08-20 07:12","43","2026-08-20 00:31","34","","","2026-08-20 16:04","27"
"SO_1283","사천진항","2026-08-21","2026-08-21 07:55","43","2026-08-21 17:17","27","","","",""
"SO_1283","사천진항","2026-08-22","2026-08-22 09:58","44","2026-08-22 18:22","26","","","",""
"SO_1283","사천진항","2026-08-23","2026-08-23 11:11","44","2026-08-23 19:19","24","","","",""
"SO_1283","사천진항","2026-08-24","2026-08-24 03:35","40","2026-08-24 06:14","39","2026-08-24 12:02","45","2026-08-24 20:03","22"
"SO_1283","사천진항","2026-08-25","2026-08-25 03:20","38","2026-08-25 06:54","36","2026-08-25 12:48","45","2026-08-25 20:39","20"
"SO_1283","사천진항","2026-08-26","2026-08-26 03:24","37","2026-08-26 07:32","33","2026-08-26 13:30","44","2026-08-26 21:08","17"
"SO_1283","사천진항","2026-08-27","2026-08-27 03:34","35","2026-08-27 08:11","29","2026-08-27 14:11","43","2026-08-27 21:36","15"
"SO_1283","사천진항","2026-08-28","2026-08-28 03:46","34","2026-08-28 08:51","26","2026-08-28 14:51","43","2026-08-28 22:02","14"
"SO_1283","사천진항","2026-08-29","2026-08-29 03:59","34","2026-08-29 09:32","23","2026-08-29 15:31","42","2026-08-29 22:28","14"
"SO_1283","사천진항","2026-08-30","2026-08-30 04:17","34","2026-08-30 10:13","20","2026-08-30 16:11","41","2026-08-30 22:55","16"
"SO_1283","사천진항","2026-08-31","2026-08-31 04:39","36","2026-08-31 10:55","19","2026-08-31 16:54","40","2026-08-31 23:22","20"
"SO_1283","사천진항","2026-09-01","2026-09-01 05:04","38","2026-09-01 11:39","19","2026-09-01 17:40","39","2026-09-01 23:49","24"
"SO_1283","사천진항","2026-09-02","2026-09-02 05:33","41","2026-09-02 12:27","20","2026-09-02 18:35","37","",""
"SO_1283","사천진항","2026-09-03","2026-09-03 06:07","43","2026-09-03 00:16","29","2026-09-03 20:33","36","2026-09-03 13:30","21"
"SO_1283","사천진항","2026-09-04","2026-09-04 06:49","44","2026-09-04 00:41","33","","","2026-09-04 15:07","22"
"SO_1283","사천진항","2026-09-05","2026-09-05 07:49","45","2026-09-05 16:41","22","","","",""
"SO_1283","사천진항","2026-09-06","2026-09-06 09:26","45","2026-09-06 17:57","20","","","",""
"SO_1283","사천진항","2026-09-07","2026-09-07 02:03","38","2026-09-07 05:20","37","2026-09-07 10:56","46","2026-09-07 19:02","17"
"SO_1283","사천진항","2026-09-08","2026-09-08 02:19","37","2026-09-08 06:24","33","2026-09-08 12:06","45","2026-09-08 19:56","14"
"SO_1283","사천진항","2026-09-09","2026-09-09 02:35","35","2026-09-09 07:19","28","2026-09-09 13:08","45","2026-09-09 20:40","12"
"SO_1283","사천진항","2026-09-10","2026-09-10 02:54","34","2026-09-10 08:09","23","2026-09-10 14:03","43","2026-09-10 21:18","10"
"SO_1283","사천진항","2026-09-11","2026-09-11 03:14","32","2026-09-11 08:56","19","2026-09-11 14:52","41","2026-09-11 21:51","11"
"SO_1283","사천진항","2026-09-12","2026-09-12 03:36","32","2026-09-12 09:41","15","2026-09-12 15:38","38","2026-09-12 22:22","12"
"SO_1283","사천진항","2026-09-13","2026-09-13 04:00","33","2026-09-13 10:25","12","2026-09-13 16:22","35","2026-09-13 22:48","15"
"SO_1283","사천진항","2026-09-14","2026-09-14 04:24","34","2026-09-14 11:08","12","2026-09-14 17:06","33","2026-09-14 23:10","19"
"SO_1283","사천진항","2026-09-15","2026-09-15 04:49","35","2026-09-15 11:52","13","2026-09-15 17:55","31","2026-09-15 23:26","23"
"SO_1283","사천진항","2026-09-16","2026-09-16 05:15","37","2026-09-16 12:43","15","2026-09-16 19:18","29","2026-09-16 23:34","26"
"SO_1283","사천진항","2026-09-17","2026-09-17 05:42","38","2026-09-17 13:51","17","2026-09-17 21:39","30","2026-09-17 23:33","29"
"SO_1283","사천진항","2026-09-18","2026-09-18 06:11","38","2026-09-18 15:17","19","","","",""
"SO_1283","사천진항","2026-09-19","2026-09-19 06:49","37","2026-09-19 16:35","19","","","",""
"SO_1283","사천진항","2026-09-20","2026-09-20 08:01","35","2026-09-20 17:45","18","","","",""
"SO_1283","사천진항","2026-09-21","2026-09-21 02:52","32","2026-09-21 05:22","31","2026-09-21 10:16","34","2026-09-21 18:42","16"
"SO_1283","사천진항","2026-09-22","2026-09-22 02:18","30","2026-09-22 06:14","28","2026-09-22 11:24","33","2026-09-22 19:23","13"
"SO_1283","사천진항","2026-09-23","2026-09-23 02:16","28","2026-09-23 06:52","24","2026-09-23 12:21","32","2026-09-23 19:56","10"
"SO_1283","사천진항","2026-09-24","2026-09-24 02:24","26","2026-09-24 07:27","19","2026-09-24 13:10","31","2026-09-24 20:24","7"
"SO_1283","사천진항","2026-09-25","2026-09-25 02:34","25","2026-09-25 08:02","15","2026-09-25 13:56","30","2026-09-25 20:52","6"
"SO_1283","사천진항","2026-09-26","2026-09-26 02:47","25","2026-09-26 08:39","11","2026-09-26 14:39","30","2026-09-26 21:19","7"
"SO_1283","사천진항","2026-09-27","2026-09-27 03:05","26","2026-09-27 09:18","8","2026-09-27 15:23","30","2026-09-27 21:47","9"
"SO_1283","사천진항","2026-09-28","2026-09-28 03:27","29","2026-09-28 09:58","6","2026-09-28 16:06","30","2026-09-28 22:16","12"
"SO_1283","사천진항","2026-09-29","2026-09-29 03:53","32","2026-09-29 10:41","6","2026-09-29 16:54","30","2026-09-29 22:46","17"
"SO_1283","사천진항","2026-09-30","2026-09-30 04:22","35","2026-09-30 11:27","7","2026-09-30 17:49","30","2026-09-30 23:16","21"
"SO_1283","사천진항","2026-10-01","2026-10-01 04:56","37","2026-10-01 12:21","8","2026-10-01 19:38","29","2026-10-01 23:46","25"
"SO_1283","사천진항","2026-10-02","2026-10-02 05:34","38","2026-10-02 13:32","11","2026-10-02 21:48","29","",""
"SO_1283","사천진항","2026-10-03","2026-10-03 06:24","38","2026-10-03 00:17","28","","","2026-10-03 15:02","12"
"SO_1283","사천진항","2026-10-04","2026-10-04 07:40","36","2026-10-04 16:27","11","","","",""
"SO_1283","사천진항","2026-10-05","2026-10-05 00:48","30","2026-10-05 04:10","28","2026-10-05 09:23","35","2026-10-05 17:43","9"
"SO_1283","사천진항","2026-10-06","2026-10-06 01:12","28","2026-10-06 05:28","24","2026-10-06 10:49","33","2026-10-06 18:44","7"
"SO_1283","사천진항","2026-10-07","2026-10-07 01:29","26","2026-10-07 06:28","18","2026-10-07 12:06","31","2026-10-07 19:31","5"
"SO_1283","사천진항","2026-10-08","2026-10-08 01:46","24","2026-10-08 07:18","12","2026-10-08 13:10","29","2026-10-08 20:09","4"
"SO_1283","사천진항","2026-10-09","2026-10-09 02:04","23","2026-10-09 08:02","7","2026-10-09 14:02","27","2026-10-09 20:42","4"
"SO_1283","사천진항","2026-10-10","2026-10-10 02:25","23","2026-10-10 08:45","3","2026-10-10 14:49","25","2026-10-10 21:12","6"
"SO_1283","사천진항","2026-10-11","2026-10-11 02:47","24","2026-10-11 09:26","","2026-10-11 15:34","24","2026-10-11 21:38","8"
"SO_1283","사천진항","2026-10-12","2026-10-12 03:12","26","2026-10-12 10:06","","2026-10-12 16:19","23","2026-10-12 22:01","11"
"SO_1283","사천진항","2026-10-13","2026-10-13 03:37","28","2026-10-13 10:47","","2026-10-13 17:08","23","2026-10-13 22:20","15"
"SO_1283","사천진항","2026-10-14","2026-10-14 04:04","30","2026-10-14 11:28","3","2026-10-14 18:15","22","2026-10-14 22:37","18"
"SO_1283","사천진항","2026-10-15","2026-10-15 04:31","31","2026-10-15 12:15","5","2026-10-15 19:53","22","2026-10-15 22:51","20"
"SO_1283","사천진항","2026-10-16","2026-10-16 05:01","31","2026-10-16 13:13","8","2026-10-16 21:13","23","2026-10-16 23:02","22"
"SO_1283","사천진항","2026-10-17","2026-10-17 05:33","30","2026-10-17 14:25","9","","","",""
"SO_1283","사천진항","2026-10-18","2026-10-18 06:12","28","2026-10-18 15:39","10","","","",""
"SO_1283","사천진항","2026-10-19","2026-10-19 07:20","25","2026-10-19 16:49","8","","","",""
"SO_1283","사천진항","2026-10-20","2026-10-20 01:13","21","2026-10-20 05:00","20","2026-10-20 09:02","22","2026-10-20 17:48","6"
"SO_1283","사천진항","2026-10-21","2026-10-21 01:05","19","2026-10-21 05:53","16","2026-10-21 10:26","20","2026-10-21 18:30","3"
"SO_1283","사천진항","2026-10-22","2026-10-22 01:14","18","2026-10-22 06:31","11","2026-10-22 11:45","19","2026-10-22 19:04","1"
"SO_1283","사천진항","2026-10-23","2026-10-23 01:23","17","2026-10-23 07:05","6","2026-10-23 12:51","18","2026-10-23 19:34","1"
"SO_1283","사천진항","2026-10-24","2026-10-24 01:35","17","2026-10-24 07:41","2","2026-10-24 13:44","19","2026-10-24 20:04","2"
"SO_1283","사천진항","2026-10-25","2026-10-25 01:52","19","2026-10-25 08:20","-2","2026-10-25 14:32","20","2026-10-25 20:35","4"
"SO_1283","사천진항","2026-10-26","2026-10-26 02:16","22","2026-10-26 09:01","-4","2026-10-26 15:20","21","2026-10-26 21:08","7"
"SO_1283","사천진항","2026-10-27","2026-10-27 02:45","26","2026-10-27 09:44","-5","2026-10-27 16:10","22","2026-10-27 21:41","11"
"SO_1283","사천진항","2026-10-28","2026-10-28 03:17","29","2026-10-28 10:31","-4","2026-10-28 17:11","23","2026-10-28 22:15","15"
"SO_1283","사천진항","2026-10-29","2026-10-29 03:53","32","2026-10-29 11:23","-3","2026-10-29 18:44","23","2026-10-29 22:50","18"
"SO_1283","사천진항","2026-10-30","2026-10-30 04:33","33","2026-10-30 12:23","-1","2026-10-30 20:18","23","2026-10-30 23:31","21"
"SO_1283","사천진항","2026-10-31","2026-10-31 05:19","33","2026-10-31 13:33","1","2026-10-31 21:38","23","",""
"SO_1283","사천진항","2026-11-01","2026-11-01 06:21","31","2026-11-01 00:37","22","2026-11-01 22:59","22","2026-11-01 14:46","2"
"SO_1283","사천진항","2026-11-02","2026-11-02 07:43","28","2026-11-02 02:28","20","2026-11-02 23:49","20","2026-11-02 16:02","2"
"SO_1283","사천진항","2026-11-03","2026-11-03 09:09","24","2026-11-03 04:03","16","","","2026-11-03 17:14","1"
"SO_1283","사천진항","2026-11-04","2026-11-04 00:17","19","2026-11-04 05:22","11","2026-11-04 10:39","21","2026-11-04 18:12","1"
"SO_1283","사천진항","2026-11-05","2026-11-05 00:38","17","2026-11-05 06:20","5","2026-11-05 12:08","18","2026-11-05 18:55","1"
"SO_1283","사천진항","2026-11-06","2026-11-06 00:58","16","2026-11-06 07:08","","2026-11-06 13:14","17","2026-11-06 19:31","2"
"SO_1283","사천진항","2026-11-07","2026-11-07 01:18","17","2026-11-07 07:51","-4","2026-11-07 14:08","16","2026-11-07 20:01","3"
"SO_1283","사천진항","2026-11-08","2026-11-08 01:41","18","2026-11-08 08:31","-6","2026-11-08 14:56","15","2026-11-08 20:29","6"
"SO_1283","사천진항","2026-11-09","2026-11-09 02:06","20","2026-11-09 09:11","-7","2026-11-09 15:44","16","2026-11-09 20:53","8"
"SO_1283","사천진항","2026-11-10","2026-11-10 02:33","23","2026-11-10 09:51","-6","2026-11-10 16:35","16","2026-11-10 21:16","11"
"SO_1283","사천진항","2026-11-11","2026-11-11 03:02","25","2026-11-11 10:32","-5","2026-11-11 17:33","17","2026-11-11 21:37","13"
"SO_1283","사천진항","2026-11-12","2026-11-12 03:32","27","2026-11-12 11:14","-3","2026-11-12 18:34","18","2026-11-12 22:00","15"
"SO_1283","사천진항","2026-11-13","2026-11-13 04:04","27","2026-11-13 11:57","-1","2026-11-13 19:31","18","2026-11-13 22:23","16"
"SO_1283","사천진항","2026-11-14","2026-11-14 04:37","26","2026-11-14 12:44","1","2026-11-14 20:28","17","2026-11-14 22:49","16"
"SO_1283","사천진항","2026-11-15","2026-11-15 05:13","24","2026-11-15 13:34","2","","","",""
"SO_1283","사천진항","2026-11-16","2026-11-16 05:57","21","2026-11-16 14:27","2","2026-11-16 23:00","15","",""
"SO_1283","사천진항","2026-11-17","2026-11-17 06:58","18","2026-11-17 01:05","14","2026-11-17 23:35","13","2026-11-17 15:25","1"
"SO_1283","사천진항","2026-11-18","2026-11-18 08:10","15","2026-11-18 03:38","12","2026-11-18 23:52","12","2026-11-18 16:24",""
"SO_1283","사천진항","2026-11-19","2026-11-19 09:25","12","2026-11-19 05:06","8","","","2026-11-19 17:18","-1"
"SO_1283","사천진항","2026-11-20","2026-11-20 00:03","12","2026-11-20 05:56","3","2026-11-20 11:05","11","2026-11-20 18:01",""
"SO_1283","사천진항","2026-11-21","2026-11-21 00:15","13","2026-11-21 06:37","-1","2026-11-21 12:37","12","2026-11-21 18:39","1"
"SO_1283","사천진항","2026-11-22","2026-11-22 00:34","15","2026-11-22 07:19","-4","2026-11-22 13:39","13","2026-11-22 19:16","4"
"SO_1283","사천진항","2026-11-23","2026-11-23 01:01","19","2026-11-23 08:02","-7","2026-11-23 14:34","15","2026-11-23 19:53","7"
"SO_1283","사천진항","2026-11-24","2026-11-24 01:35","23","2026-11-24 08:47","-8","2026-11-24 15:30","18","2026-11-24 20:31","10"
"SO_1283","사천진항","2026-11-25","2026-11-25 02:12","27","2026-11-25 09:36","-9","2026-11-25 16:35","19","2026-11-25 21:10","13"
"SO_1283","사천진항","2026-11-26","2026-11-26 02:53","31","2026-11-26 10:29","-9","2026-11-26 17:48","20","2026-11-26 21:52","15"
"SO_1283","사천진항","2026-11-27","2026-11-27 03:37","32","2026-11-27 11:25","-8","2026-11-27 18:52","20","2026-11-27 22:39","16"
"SO_1283","사천진항","2026-11-28","2026-11-28 04:25","32","2026-11-28 12:22","-7","2026-11-28 19:50","20","2026-11-28 23:39","16"
"SO_1283","사천진항","2026-11-29","2026-11-29 05:20","30","2026-11-29 13:20","-5","2026-11-29 20:49","18","",""
"SO_1283","사천진항","2026-11-30","2026-11-30 06:23","26","2026-11-30 00:53","15","2026-11-30 21:50","17","2026-11-30 14:18","-3"
"SO_1283","사천진항","2026-12-01","2026-12-01 07:30","22","2026-12-01 02:12","12","2026-12-01 22:40","15","2026-12-01 15:19","-2"
"SO_1283","사천진항","2026-12-02","2026-12-02 08:45","17","2026-12-02 03:40","9","2026-12-02 23:14","14","2026-12-02 16:25",""
"SO_1283","사천진항","2026-12-03","2026-12-03 10:32","13","2026-12-03 05:03","4","2026-12-03 23:43","14","2026-12-03 17:24","1"
"SO_1283","사천진항","2026-12-04","2026-12-04 12:19","12","2026-12-04 06:05","","","","2026-12-04 18:10","3"
"SO_1283","사천진항","2026-12-05","2026-12-05 00:09","15","2026-12-05 06:55","-4","2026-12-05 13:31","11","2026-12-05 18:47","6"
"SO_1283","사천진항","2026-12-06","2026-12-06 00:35","17","2026-12-06 07:40","-6","2026-12-06 14:35","12","2026-12-06 19:19","8"
"SO_1283","사천진항","2026-12-07","2026-12-07 01:04","19","2026-12-07 08:22","-7","2026-12-07 15:35","13","2026-12-07 19:46","10"
"SO_1283","사천진항","2026-12-08","2026-12-08 01:34","22","2026-12-08 09:03","-6","2026-12-08 16:24","15","2026-12-08 20:12","12"
"SO_1283","사천진항","2026-12-09","2026-12-09 02:06","24","2026-12-09 09:45","-6","2026-12-09 17:02","16","2026-12-09 20:38","13"
"SO_1283","사천진항","2026-12-10","2026-12-10 02:40","26","2026-12-10 10:26","-5","2026-12-10 17:37","16","2026-12-10 21:06","13"
"SO_1283","사천진항","2026-12-11","2026-12-11 03:14","26","2026-12-11 11:05","-4","2026-12-11 18:11","16","2026-12-11 21:38","13"
"SO_1283","사천진항","2026-12-12","2026-12-12 03:49","26","2026-12-12 11:42","-3","2026-12-12 18:46","16","2026-12-12 22:13","13"
"SO_1283","사천진항","2026-12-13","2026-12-13 04:25","24","2026-12-13 12:17","-3","2026-12-13 19:22","14","2026-12-13 22:56","12"
"SO_1283","사천진항","2026-12-14","2026-12-14 05:04","22","2026-12-14 12:50","-3","2026-12-14 19:58","13","2026-12-14 23:54","11"
"SO_1283","사천진항","2026-12-15","2026-12-15 05:48","19","2026-12-15 13:23","-3","2026-12-15 20:32","12","",""
"SO_1283","사천진항","2026-12-16","2026-12-16 06:37","16","2026-12-16 01:00","9","2026-12-16 21:00","11","2026-12-16 13:56","-2"
"SO_1283","사천진항","2026-12-17","2026-12-17 07:34","13","2026-12-17 02:10","7","2026-12-17 21:27","12","2026-12-17 14:33",""
"SO_1283","사천진항","2026-12-18","2026-12-18 08:40","11","2026-12-18 03:45","5","2026-12-18 22:02","13","2026-12-18 15:16","2"
"SO_1283","사천진항","2026-12-19","2026-12-19 10:37","10","2026-12-19 05:13","2","2026-12-19 22:44","16","2026-12-19 16:17","5"
"SO_1283","사천진항","2026-12-20","2026-12-20 12:40","12","2026-12-20 06:09","-1","2026-12-20 23:30","20","2026-12-20 17:31","8"
"SO_1283","사천진항","2026-12-21","2026-12-21 13:50","14","2026-12-21 06:59","-4","","","2026-12-21 18:27","11"
"SO_1283","사천진항","2026-12-22","2026-12-22 00:17","24","2026-12-22 07:49","-6","2026-12-22 14:57","17","2026-12-22 19:15","13"
"SO_1283","사천진항","2026-12-23","2026-12-23 01:04","28","2026-12-23 08:41","-8","2026-12-23 16:01","19","2026-12-23 20:01","15"
"SO_1283","사천진항","2026-12-24","2026-12-24 01:52","31","2026-12-24 09:35","-9","2026-12-24 16:52","20","2026-12-24 20:49","15"
"SO_1283","사천진항","2026-12-25","2026-12-25 02:41","33","2026-12-25 10:29","-9","2026-12-25 17:35","20","2026-12-25 21:42","15"
"SO_1283","사천진항","2026-12-26","2026-12-26 03:32","34","2026-12-26 11:20","-9","2026-12-26 18:15","19","2026-12-26 22:40","14"
"SO_1283","사천진항","2026-12-27","2026-12-27 04:24","32","2026-12-27 12:08","-9","2026-12-27 18:52","18","",""
"SO_1283","사천진항","2026-12-28","2026-12-28 05:18","29","2026-12-28 00:00","12","2026-12-28 19:30","17","2026-12-28 12:52","-7"
"SO_1283","사천진항","2026-12-29","2026-12-29 06:12","24","2026-12-29 00:40","9","2026-12-29 20:10","15","2026-12-29 13:35","-4"
"SO_1283","사천진항","2026-12-30","2026-12-30 07:08","19","2026-12-30 01:45","7","2026-12-30 20:54","15","2026-12-30 14:19",""
"SO_1283","사천진항","2026-12-31","2026-12-31 08:16","14","2026-12-31 03:08","5","2026-12-31 21:44","15","2026-12-31 15:06","3"