관측소코드,관측소명,날짜,고조1시간,고조1조위,저조1시간,저조1조위,고조2시간,고조2조위,저조2시간,저조2조위
"SO_0539","강화외포","2028-01-09","2028-01-09 00:00","827","2028-01-09 00:00","116","","","",""
"SO_0539","강화외포","2028-01-10","2028-01-10 00:00","785","2028-01-10 00:00","99","","","",""
"SO_0540","호산항","2028-01-09","2028-01-09 00:00","27","2028-01-09 00:00","10","","","",""
"SO_0540","호산항","2028-01-10","2028-01-10 00:00","24","2028-01-10 00:00","3","","","",""
"SO_0547","말도","2028-01-09","2028-01-09 00:00","607","2028-01-09 00:00","83","","","",""
"SO_0547","말도","2028-01-10","2028-01-10 00:00","520","2028-01-10 00:00","90","","","",""
"SO_0548","우이도","2028-01-09","2028-01-09 00:00","338","2028-01-09 00:00","58","","","",""
"SO_0548","우이도","2028-01-10","2028-01-10 00:00","303","2028-01-10 00:00","127","","","",""
"SO_0549","초도","2028-01-09","2028-01-09 00:00","303","2028-01-09 00:00","116","","","",""
"SO_0549","초도","2028-01-10","2028-01-10 00:00","236","2028-01-10 00:00","63","","","",""
"SO_0550","나로도","2028-01-09","2028-01-09 00:00","283","2028-01-09 00:00","109","","","",""
"SO_0550","나로도","2028-01-10","2028-01-10 00:00","310","2028-01-10 00:00","122","","","",""
"SO_0551","여서도","2028-01-09","2028-01-09 00:00","277","2028-01-09 00:00","63","","","",""
"SO_0551","여서도","2028-01-10","2028-01-10 00:00","273","2028-01-10 00:00","57","","","",""
"SO_0552","고현항","2028-01-09","2028-01-09 00:00","172","2028-01-09 00:00","45","","","",""
"SO_0552","고현항","2028-01-10","2028-01-10 00:00","175","2028-01-10 00:00","51","","","",""
"SO_0553","해운대","2028-01-09","2028-01-09 00:00","91","2028-01-09 00:00","24","","","",""
"SO_0553","해운대","2028-01-10","2028-01-10 00:00","88","2028-01-10 00:00","22","","","",""
"SO_0554","영종왕산","2028-01-09","2028-01-09 00:00","794","2028-01-09 00:00","85","","","",""
"SO_0554","영종왕산","2028-01-10","2028-01-10 00:00","700","2028-01-10 00:00","99","","","",""
"SO_0555","서망항","2028-01-09","2028-01-09 00:00","284","2028-01-09 00:00","59","","","",""
"SO_0555","서망항","2028-01-10","2028-01-10 00:00","257","2028-01-10 00:00","123","","","",""
"SO_0562","승봉도","2028-01-09","2028-01-09 00:00","740","2028-01-09 00:00","94","","","",""
"SO_0562","승봉도","2028-01-10","2028-01-10 00:00","650","2028-01-10 00:00","108","","","",""
"SO_0563","울도","2028-01-09","2028-01-09 00:00","664","2028-01-09 00:00","88","","","",""
"SO_0563","울도","2028-01-10","2028-01-10 00:00","578","2028-01-10 00:00","101","","","",""
"SO_1268","궁평항","2028-01-01","2028-01-01 06:59","698","2028-01-01 01:17","152","2028-01-01 19:16","775","2028-01-01 13:09","81"
"SO_1268","궁평항","2028-01-02","2028-01-02 07:31","688","2028-01-02 01:45","154","2028-01-02 19:45","755","2028-01-02 13:42","105"
"SO_1268","궁평항","2028-01-03","2028-01-03 08:05","671","2028-01-03 02:14","163","2028-01-03 20:18","723","2028-01-03 14:16","142"
"SO_1268","궁평항","2028-01-04","2028-01-04 08:44","647","2028-01-04 02:47","179","2028-01-04 20:54","681","2028-01-04 14:55","190"
"SO_1268","궁평항","2028-01-05","2028-01-05 09:34","622","2028-01-05 03:25","201","2028-01-05 21:40","635","2028-01-05 15:42","244"
"SO_1268","궁평항","2028-01-06","2028-01-06 10:38","604","2028-01-06 04:15","223","2028-01-06 22:41","593","2028-01-06 16:45","293"
"SO_1268","궁평항","2028-01-07","2028-01-07 11:59","608","2028-01-07 05:22","235","","","2028-01-07 18:12","318"
"SO_1268","궁평항","2028-01-08","2028-01-08 00:02","571","2028-01-08 06:42","222","2028-01-08 13:19","641","2028-01-08 19:45","302"
"SO_1268","궁평항","2028-01-09","2028-01-09 00:00","811","2028-01-09 00:00","122","2028-01-09 01:26","581","2028-01-09 07:55","183"
"SO_1268","궁평항","2028-01-10","2028-01-10 00:00","705","2028-01-10 00:00","175","2028-01-10 02:36","615","2028-01-10 08:57","131"
"SO_1268","궁평항","2028-01-11","2028-01-11 03:33","658","2028-01-11 09:52","76","2028-01-11 16:13","802","2028-01-11 22:45","159"
"SO_1268","궁평항","2028-01-12","2028-01-12 04:25","701","2028-01-12 10:43","27","2028-01-12 17:01","846","2028-01-12 23:33","114"
"SO_1268","궁평항","2028-01-13","2028-01-13 05:13","739","2028-01-13 11:32","-12","2028-01-13 17:46","875","",""
"SO_1268","궁평항","2028-01-14","2028-01-14 05:59","769","2028-01-14 00:17","77","2028-01-14 18:29","887","2028-01-14 12:19","-34"
"SO_1268","궁평항","2028-01-15","2028-01-15 06:43","786","2028-01-15 00:58","52","2028-01-15 19:09","878","2028-01-15 13:03","-34"
"SO_1268","궁평항","2028-01-16","2028-01-16 07:26","789","2028-01-16 01:38","41","2028-01-16 19:48","849","2028-01-16 13:45","-8"
"SO_1268","궁평항","2028-01-17","2028-01-17 08:09","775","2028-01-17 02:15","48","2028-01-17 20:26","801","2028-01-17 14:27","43"
"SO_1268","궁평항","2028-01-18","2028-01-18 08:54","745","2028-01-18 02:53","73","2028-01-18 21:06","737","2028-01-18 15:10","115"
"SO_1268","궁평항","2028-01-19","2028-01-19 09:45","702","2028-01-19 03:33","112","2028-01-19 21:52","665","2028-01-19 15:59","198"
"SO_1268","궁평항","2028-01-20","2028-01-20 10:50","657","2028-01-20 04:21","161","2028-01-20 22:53","595","2028-01-20 17:04","278"
"SO_1268","궁평항","2028-01-21","2028-01-21 12:16","630","2028-01-21 05:27","207","","","2028-01-21 18:42","323"
"SO_1268","궁평항","2028-01-22","2028-01-22 00:22","552","2028-01-22 06:56","225","2028-01-22 13:51","641","2028-01-22 20:24","310"
"SO_1268","궁평항","2028-01-23","2028-01-23 01:58","557","2028-01-23 08:19","205","2028-01-23 15:03","678","2028-01-23 21:32","267"
"SO_1268","궁평항","2028-01-24","2028-01-24 03:08","594","2028-01-24 09:20","167","2028-01-24 15:55","717","2028-01-24 22:20","223"
"SO_1268","궁평항","2028-01-25","2028-01-25 03:57","638","2028-01-25 10:07","128","2028-01-25 16:33","749","2028-01-25 22:58","187"
"SO_1268","궁평항","2028-01-26","2028-01-26 04:36","676","2028-01-26 10:46","96","2028-01-26 17:05","773","2028-01-26 23:30","157"
"SO_1268","궁평항","2028-01-27","2028-01-27 05:09","707","2028-01-27 11:21","72","2028-01-27 17:34","790","2028-01-27 23:59","134"
"SO_1268","궁평항","2028-01-28","2028-01-28 05:41","730","2028-01-28 11:53","56","2028-01-28 18:00","802","",""
"SO_1268","궁평항","2028-01-29","2028-01-29 06:10","744","2028-01-29 00:27","116","2028-01-29 18:26","806","2028-01-29 12:24","51"
"SO_1268","궁평항","2028-01-30","2028-01-30 06:39","751","2028-01-30 00:53","104","2028-01-30 18:52","801","2028-01-30 12:54","58"
"SO_1268","궁평항","2028-01-31","2028-01-31 07:08","748","2028-01-31 01:18","100","2028-01-31 19:18","784","2028-01-31 13:24","80"
"SO_1268","궁평항","2028-02-01","2028-02-01 07:38","736","2028-02-01 01:44","106","2028-02-01 19:46","754","2028-02-01 13:54","117"
"SO_1268","궁평항","2028-02-02","2028-02-02 08:11","715","2028-02-02 02:11","123","2028-02-02 20:16","714","2028-02-02 14:26","166"
"SO_1268","궁평항","2028-02-03","2028-02-03 08:48","686","2028-02-03 02:41","148","2028-02-03 20:51","664","2028-02-03 15:03","224"
"SO_1268","궁평항","2028-02-04","2028-02-04 09:38","652","2028-02-04 03:19","182","2028-02-04 21:38","610","2028-02-04 15:50","284"
"SO_1268","궁평항","2028-02-05","2028-02-05 10:50","623","2028-02-05 04:11","219","2028-02-05 22:52","560","2028-02-05 17:05","335"
"SO_1268","궁평항","2028-02-06","2028-02-06 12:29","624","2028-02-06 05:35","241","","","2028-02-06 19:04","342"
"SO_1268","궁평항","2028-02-07","2028-02-07 00:44","549","2028-02-07 07:17","220","2028-02-07 14:01","670","2028-02-07 20:39","290"
"SO_1268","궁평항","2028-02-08","2028-02-08 02:17","591","2028-02-08 08:38","158","2028-02-08 15:09","738","2028-02-08 21:43","217"
"SO_1268","궁평항","2028-02-09","2028-02-09 03:23","657","2028-02-09 09:41","86","2028-02-09 16:02","805","2028-02-09 22:33","143"
"SO_1268","궁평항","2028-02-10","2028-02-10 04:15","726","2028-02-10 10:34","19","2028-02-10 16:48","859","2028-02-10 23:18","79"
"SO_1268","궁평항","2028-02-11","2028-02-11 05:02","784","2028-02-11 11:23","-30","2028-02-11 17:31","893","2028-02-11 23:59","29"
"SO_1268","궁평항","2028-02-12","2028-02-12 05:46","828","2028-02-12 12:07","-54","2028-02-12 18:10","903","",""
"SO_1268","궁평항","2028-02-13","2028-02-13 06:27","851","2028-02-13 00:37","-2","2028-02-13 18:47","889","2028-02-13 12:49","-49"
"SO_1268","궁평항","2028-02-14","2028-02-14 07:07","853","2028-02-14 01:12","-12","2028-02-14 19:22","854","2028-02-14 13:28","-14"
"SO_1268","궁평항","2028-02-15","2028-02-15 07:46","832","2028-02-15 01:46","2","2028-02-15 19:56","799","2028-02-15 14:06","48"
"SO_1268","궁평항","2028-02-16","2028-02-16 08:26","789","2028-02-16 02:19","39","2028-02-16 20:31","730","2028-02-16 14:44","130"
"SO_1268","궁평항","2028-02-17","2028-02-17 09:10","728","2028-02-17 02:54","95","2028-02-17 21:10","651","2028-02-17 15:26","223"
"SO_1268","궁평항","2028-02-18","2028-02-18 10:06","659","2028-02-18 03:34","165","2028-02-18 22:02","571","2028-02-18 16:23","313"
"SO_1268","궁평항","2028-02-19","2028-02-19 11:35","604","2028-02-19 04:31","238","2028-02-19 23:42","513","2028-02-19 18:13","370"
"SO_1268","궁평항","2028-02-20","2028-02-20 13:36","603","2028-02-20 06:17","281","","","2028-02-20 20:21","344"
"SO_1268","궁평항","2028-02-21","2028-02-21 01:48","525","2028-02-21 08:04","258","2028-02-21 14:55","646","2028-02-21 21:24","285"
"SO_1268","궁평항","2028-02-22","2028-02-22 02:59","581","2028-02-22 09:08","206","2028-02-22 15:41","694","2028-02-22 22:04","229"
"SO_1268","궁평항","2028-02-23","2028-02-23 03:43","641","2028-02-23 09:53","153","2028-02-23 16:14","735","2028-02-23 22:36","180"
"SO_1268","궁평항","2028-02-24","2028-02-24 04:18","693","2028-02-24 10:29","108","2028-02-24 16:42","767","2028-02-24 23:05","139"
"SO_1268","궁평항","2028-02-25","2028-02-25 04:50","735","2028-02-25 11:02","75","2028-02-25 17:08","791","2028-02-25 23:32","107"
"SO_1268","궁평항","2028-02-26","2028-02-26 05:19","767","2028-02-26 11:34","55","2028-02-26 17:35","806","2028-02-26 23:58","82"
"SO_1268","궁평항","2028-02-27","2028-02-27 05:48","787","2028-02-27 12:05","49","2028-02-27 18:00","811","",""
"SO_1268","궁평항","2028-02-28","2028-02-28 06:17","796","2028-02-28 00:24","68","2028-02-28 18:26","803","2028-02-28 12:35","58"
"SO_1268","궁평항","2028-02-29","2028-02-29 06:45","795","2028-02-29 00:50","64","2028-02-29 18:51","785","2028-02-29 13:04","81"
"SO_1268","궁평항","2028-03-01","2028-03-01 07:13","784","2028-03-01 01:15","72","2028-03-01 19:17","758","2028-03-01 13:33","118"
"SO_1268","궁평항","2028-03-02","2028-03-02 07:42","764","2028-03-02 01:41","90","2028-03-02 19:45","720","2028-03-02 14:03","164"
"SO_1268","궁평항","2028-03-03","2028-03-03 08:16","733","2028-03-03 02:09","117","2028-03-03 20:17","673","2028-03-03 14:36","219"
"SO_1268","궁평항","2028-03-04","2028-03-04 09:02","691","2028-03-04 02:43","156","2028-03-04 21:01","616","2028-03-04 15:20","280"
"SO_1268","궁평항","2028-03-05","2028-03-05 10:09","646","2028-03-05 03:31","204","2028-03-05 22:15","557","2028-03-05 16:30","337"
"SO_1268","궁평항","2028-03-06","2028-03-06 11:54","627","2028-03-06 04:54","245","","","2028-03-06 18:40","348"
"SO_1268","궁평항","2028-03-07","2028-03-07 00:21","541","2028-03-07 06:53","235","2028-03-07 13:40","667","2028-03-07 20:23","283"
"SO_1268","궁평항","2028-03-08","2028-03-08 02:04","598","2028-03-08 08:23","167","2028-03-08 14:50","739","2028-03-08 21:23","196"
"SO_1268","궁평항","2028-03-09","2028-03-09 03:09","682","2028-03-09 09:27","87","2028-03-09 15:42","807","2028-03-09 22:11","113"
"SO_1268","궁평항","2028-03-10","2028-03-10 03:59","764","2028-03-10 10:19","19","2028-03-10 16:26","857","2028-03-10 22:53","44"
"SO_1268","궁평항","2028-03-11","2028-03-11 04:44","830","2028-03-11 11:06","-24","2028-03-11 17:06","883","2028-03-11 23:32","-4"
"SO_1268","궁평항","2028-03-12","2028-03-12 05:26","873","2028-03-12 11:49","-38","2028-03-12 17:44","884","",""
"SO_1268","궁평항","2028-03-13","2028-03-13 06:06","891","2028-03-13 00:08","-29","2028-03-13 18:20","864","2028-03-13 12:29","-23"
"SO_1268","궁평항","2028-03-14","2028-03-14 06:44","884","2028-03-14 00:43","-30","2028-03-14 18:54","825","2028-03-14 13:08","20"
"SO_1268","궁평항","2028-03-15","2028-03-15 07:22","853","2028-03-15 01:16","-6","2028-03-15 19:28","771","2028-03-15 13:44","84"
"SO_1268","궁평항","2028-03-16","2028-03-16 07:59","801","2028-03-16 01:47","39","2028-03-16 20:02","705","2028-03-16 14:21","163"
"SO_1268","궁평항","2028-03-17","2028-03-17 08:40","734","2028-03-17 02:20","102","2028-03-17 20:39","632","2028-03-17 15:01","248"
"SO_1268","궁평항","2028-03-18","2028-03-18 09:29","659","2028-03-18 02:57","178","2028-03-18 21:28","558","2028-03-18 15:53","329"
"SO_1268","궁평항","2028-03-19","2028-03-19 10:50","596","2028-03-19 03:47","256","2028-03-19 23:06","503","2028-03-19 17:40","381"
"SO_1268","궁평항","2028-03-20","2028-03-20 12:57","583","2028-03-20 05:30","310","","","2028-03-20 19:52","353"
"SO_1268","궁평항","2028-03-21","2028-03-21 01:19","517","2028-03-21 07:33","292","2028-03-21 14:21","621","2028-03-21 20:52","292"
"SO_1268","궁평항","2028-03-22","2028-03-22 02:32","578","2028-03-22 08:40","236","2028-03-22 15:07","669","2028-03-22 21:30","231"
"SO_1268","궁평항","2028-03-23","2028-03-23 03:16","645","2028-03-23 09:25","179","2028-03-23 15:39","713","2028-03-23 22:01","175"
"SO_1268","궁평항","2028-03-24","2028-03-24 03:50","705","2028-03-24 10:02","130","2028-03-24 16:08","750","2028-03-24 22:29","128"
"SO_1268","궁평항","2028-03-25","2028-03-25 04:22","754","2028-03-25 10:37","95","2028-03-25 16:37","776","2028-03-25 22:58","91"
"SO_1268","궁평항","2028-03-26","2028-03-26 04:53","790","2028-03-26 11:10","75","2028-03-26 17:04","790","2028-03-26 23:26","66"
"SO_1268","궁평항","2028-03-27","2028-03-27 05:23","812","2028-03-27 11:43","70","2028-03-27 17:32","791","2028-03-27 23:54","53"
"SO_1268","궁평항","2028-03-28","2028-03-28 05:52","821","2028-03-28 12:14","81","2028-03-28 17:59","782","",""
"SO_1268","궁평항","2028-03-29","2028-03-29 06:21","820","2028-03-29 00:21","52","2028-03-29 18:27","765","2028-03-29 12:45","104"
"SO_1268","궁평항","2028-03-30","2028-03-30 06:50","810","2028-03-30 00:48","61","2028-03-30 18:55","740","2028-03-30 13:15","136"
"SO_1268","궁평항","2028-03-31","2028-03-31 07:21","790","2028-03-31 01:16","78","2028-03-31 19:24","707","2028-03-31 13:46","177"
"SO_1268","궁평항","2028-04-01","2028-04-01 07:58","759","2028-04-01 01:47","106","2028-04-01 20:01","664","2028-04-01 14:22","225"
"SO_1268","궁평항","2028-04-02","2028-04-02 08:45","715","2028-04-02 02:24","145","2028-04-02 20:50","612","2028-04-02 15:10","278"
"SO_1268","궁평항","2028-04-03","2028-04-03 09:54","668","2028-04-03 03:17","195","2028-04-03 22:11","563","2028-04-03 16:26","322"
"SO_1268","궁평항","2028-04-04","2028-04-04 11:34","647","2028-04-04 04:42","237","","","2028-04-04 18:22","317"
"SO_1268","궁평항","2028-04-05","2028-04-05 00:10","563","2028-04-05 06:34","228","2028-04-05 13:13","679","2028-04-05 19:52","251"
"SO_1268","궁평항","2028-04-06","2028-04-06 01:44","628","2028-04-06 08:01","169","2028-04-06 14:21","737","2028-04-06 20:52","168"
"SO_1268","궁평항","2028-04-07","2028-04-07 02:47","714","2028-04-07 09:05","101","2028-04-07 15:13","790","2028-04-07 21:39","91"
"SO_1268","궁평항","2028-04-08","2028-04-08 03:37","793","2028-04-08 09:58","48","2028-04-08 15:57","826","2028-04-08 22:21","32"
"SO_1268","궁평항","2028-04-09","2028-04-09 04:21","852","2028-04-09 10:45","19","2028-04-09 16:38","840","2028-04-09 23:01","-6"
"SO_1268","궁평항","2028-04-10","2028-04-10 05:03","885","2028-04-10 11:28","17","2028-04-10 17:17","834","2028-04-10 23:38","-19"
"SO_1268","궁평항","2028-04-11","2028-04-11 05:43","892","2028-04-11 12:09","39","2028-04-11 17:54","811","",""
"SO_1268","궁평항","2028-04-12","2028-04-12 06:23","877","2028-04-12 00:14","-11","2028-04-12 18:30","776","2028-04-12 12:49","80"
"SO_1268","궁평항","2028-04-13","2028-04-13 07:00","842","2028-04-13 00:48","18","2028-04-13 19:05","731","2028-04-13 13:26","134"
"SO_1268","궁평항","2028-04-14","2028-04-14 07:38","792","2028-04-14 01:21","63","2028-04-14 19:41","679","2028-04-14 14:03","196"
"SO_1268","궁평항","2028-04-15","2028-04-15 08:16","734","2028-04-15 01:54","121","2028-04-15 20:20","622","2028-04-15 14:42","260"
"SO_1268","궁평항","2028-04-16","2028-04-16 09:01","671","2028-04-16 02:31","186","2028-04-16 21:09","567","2028-04-16 15:31","318"
"SO_1268","궁평항","2028-04-17","2028-04-17 10:04","615","2028-04-17 03:18","251","2028-04-17 22:29","525","2028-04-17 16:51","357"
"SO_1268","궁평항","2028-04-18","2028-04-18 11:39","586","2028-04-18 04:37","303","","","2028-04-18 18:40","348"
"SO_1268","궁평항","2028-04-19","2028-04-19 00:20","528","2028-04-19 06:28","308","2028-04-19 13:11","601","2028-04-19 19:52","300"
"SO_1268","궁평항","2028-04-20","2028-04-20 01:41","578","2028-04-20 07:49","269","2028-04-20 14:10","639","2028-04-20 20:38","241"
"SO_1268","궁평항","2028-04-21","2028-04-21 02:33","643","2028-04-21 08:44","218","2028-04-21 14:52","681","2028-04-21 21:14","184"
"SO_1268","궁평항","2028-04-22","2028-04-22 03:14","706","2028-04-22 09:27","172","2028-04-22 15:27","716","2028-04-22 21:47","135"
"SO_1268","궁평항","2028-04-23","2028-04-23 03:49","757","2028-04-23 10:06","138","2028-04-23 16:00","741","2028-04-23 22:19","98"
"SO_1268","궁평항","2028-04-24","2028-04-24 04:23","795","2028-04-24 10:43","119","2028-04-24 16:32","755","2028-04-24 22:51","73"
"SO_1268","궁평항","2028-04-25","2028-04-25 04:56","818","2028-04-25 11:19","113","2028-04-25 17:04","757","2028-04-25 23:23","60"
"SO_1268","궁평항","2028-04-26","2028-04-26 05:28","828","2028-04-26 11:54","120","2028-04-26 17:35","751","2028-04-26 23:54","57"
"SO_1268","궁평항","2028-04-27","2028-04-27 06:00","829","2028-04-27 12:28","136","2028-04-27 18:07","739","",""
"SO_1268","궁평항","2028-04-28","2028-04-28 06:33","822","2028-04-28 00:26","63","2028-04-28 18:40","720","2028-04-28 13:03","159"
"SO_1268","궁평항","2028-04-29","2028-04-29 07:10","805","2028-04-29 01:00","77","2028-04-29 19:17","695","2028-04-29 13:39","188"
"SO_1268","궁평항","2028-04-30","2028-04-30 07:52","778","2028-04-30 01:37","101","2028-04-30 20:00","661","2028-04-30 14:21","222"
"SO_1268","궁평항","2028-05-01","2028-05-01 08:43","741","2028-05-01 02:21","137","2028-05-01 20:57","624","2028-05-01 15:14","255"
"SO_1268","궁평항","2028-05-02","2028-05-02 09:48","704","2028-05-02 03:19","179","2028-05-02 22:16","600","2028-05-02 16:26","275"
"SO_1268","궁평항","2028-05-03","2028-05-03 11:10","683","2028-05-03 04:37","214","2028-05-03 23:51","613","2028-05-03 17:51","263"
"SO_1268","궁평항","2028-05-04","2028-05-04 12:33","692","2028-05-04 06:09","216","","","2028-05-04 19:10","215"
"SO_1268","궁평항","2028-05-05","2028-05-05 01:14","667","2028-05-05 07:31","184","2028-05-05 13:42","721","2028-05-05 20:11","152"
"SO_1268","궁평항","2028-05-06","2028-05-06 02:17","737","2028-05-06 08:38","143","2028-05-06 14:37","751","2028-05-06 21:02","94"
"SO_1268","궁평항","2028-05-07","2028-05-07 03:10","800","2028-05-07 09:34","111","2028-05-07 15:26","771","2028-05-07 21:48","51"
"SO_1268","궁평항","2028-05-08","2028-05-08 03:58","844","2028-05-08 10:24","95","2028-05-08 16:10","777","2028-05-08 22:30","27"
"SO_1268","궁평항","2028-05-09","2028-05-09 04:42","865","2028-05-09 11:10","97","2028-05-09 16:52","771","2028-05-09 23:11","22"
"SO_1268","궁평항","2028-05-10","2028-05-10 05:24","866","2028-05-10 11:53","114","2028-05-10 17:32","755","2028-05-10 23:50","34"
"SO_1268","궁평항","2028-05-11","2028-05-11 06:05","849","2028-05-11 12:34","141","2028-05-11 18:11","732","",""
"SO_1268","궁평항","2028-05-12","2028-05-12 06:43","822","2028-05-12 00:26","58","2028-05-12 18:49","705","2028-05-12 13:13","174"
"SO_1268","궁평항","2028-05-13","2028-05-13 07:20","787","2028-05-13 01:02","92","2028-05-13 19:27","673","2028-05-13 13:49","211"
"SO_1268","궁평항","2028-05-14","2028-05-14 07:56","747","2028-05-14 01:36","133","2028-05-14 20:05","639","2028-05-14 14:26","247"
"SO_1268","궁평항","2028-05-15","2028-05-15 08:34","706","2028-05-15 02:13","178","2028-05-15 20:50","604","2028-05-15 15:07","280"
"SO_1268","궁평항","2028-05-16","2028-05-16 09:20","664","2028-05-16 02:55","226","2028-05-16 21:49","575","2028-05-16 15:58","305"
"SO_1268","궁평항","2028-05-17","2028-05-17 10:20","628","2028-05-17 03:52","272","2028-05-17 23:09","566","2028-05-17 17:08","314"
"SO_1268","궁평항","2028-05-18","2028-05-18 11:37","611","2028-05-18 05:10","301","","","2028-05-18 18:25","296"
"SO_1268","궁평항","2028-05-19","2028-05-19 00:32","590","2028-05-19 06:37","299","2028-05-19 12:52","619","2028-05-19 19:28","256"
"SO_1268","궁평항","2028-05-20","2028-05-20 01:39","640","2028-05-20 07:50","270","2028-05-20 13:51","645","2028-05-20 20:18","208"
"SO_1268","궁평항","2028-05-21","2028-05-21 02:30","696","2028-05-21 08:46","233","2028-05-21 14:39","674","2028-05-21 21:00","162"
"SO_1268","궁평항","2028-05-22","2028-05-22 03:12","747","2028-05-22 09:32","201","2028-05-22 15:21","698","2028-05-22 21:39","124"
"SO_1268","궁평항","2028-05-23","2028-05-23 03:51","787","2028-05-23 10:15","179","2028-05-23 15:59","716","2028-05-23 22:17","96"
"SO_1268","궁평항","2028-05-24","2028-05-24 04:29","814","2028-05-24 10:56","165","2028-05-24 16:37","725","2028-05-24 22:55","77"
"SO_1268","궁평항","2028-05-25","2028-05-25 05:06","831","2028-05-25 11:36","160","2028-05-25 17:15","729","2028-05-25 23:33","67"
"SO_1268","궁평항","2028-05-26","2028-05-26 05:45","840","2028-05-26 12:16","160","2028-05-26 17:54","728","",""
"SO_1268","궁평항","2028-05-27","2028-05-27 06:25","841","2028-05-27 00:12","63","2028-05-27 18:34","722","2028-05-27 12:57","165"
"SO_1268","궁평항","2028-05-28","2028-05-28 07:06","833","2028-05-28 00:53","69","2028-05-28 19:18","710","2028-05-28 13:39","174"
"SO_1268","궁평항","2028-05-29","2028-05-29 07:51","816","2028-05-29 01:36","85","2028-05-29 20:05","694","2028-05-29 14:23","186"
"SO_1268","궁평항","2028-05-30","2028-05-30 08:40","788","2028-05-30 02:24","113","2028-05-30 21:00","676","2028-05-30 15:13","199"
"SO_1268","궁평항","2028-05-31","2028-05-31 09:35","754","2028-05-31 03:19","150","2028-05-31 22:07","664","2028-05-31 16:09","208"
"SO_1268","궁평항","2028-06-01","2028-06-01 10:38","721","2028-06-01 04:22","189","2028-06-01 23:22","670","2028-06-01 17:13","207"
"SO_1268","궁평항","2028-06-02","2028-06-02 11:48","699","2028-06-02 05:37","218","","","2028-06-02 18:21","190"
"SO_1268","궁평항","2028-06-03","2028-06-03 00:39","698","2028-06-03 06:56","224","2028-06-03 12:58","693","2028-06-03 19:27","159"
"SO_1268","궁평항","2028-06-04","2028-06-04 01:47","741","2028-06-04 08:10","213","2028-06-04 14:01","698","2028-06-04 20:26","126"
"SO_1268","궁평항","2028-06-05","2028-06-05 02:47","784","2028-06-05 09:13","194","2028-06-05 14:57","708","2028-06-05 21:18","98"
"SO_1268","궁평항","2028-06-06","2028-06-06 03:40","815","2028-06-06 10:08","180","2028-06-06 15:48","716","2028-06-06 22:07","80"
"SO_1268","궁평항","2028-06-07","2028-06-07 04:28","832","2028-06-07 10:57","173","2028-06-07 16:35","721","2028-06-07 22:51","75"
"SO_1268","궁평항","2028-06-08","2028-06-08 05:12","835","2028-06-08 11:42","173","2028-06-08 17:18","721","2028-06-08 23:33","78"
"SO_1268","궁평항","2028-06-09","2028-06-09 05:52","829","2028-06-09 12:23","179","2028-06-09 17:59","717","",""
"SO_1268","궁평항","2028-06-10","2028-06-10 06:29","817","2028-06-10 00:11","89","2028-06-10 18:36","710","2028-06-10 13:00","188"
"SO_1268","궁평항","2028-06-11","2028-06-11 07:02","801","2028-06-11 00:47","106","2028-06-11 19:12","699","2028-06-11 13:33","199"
"SO_1268","궁평항","2028-06-12","2028-06-12 07:33","782","2028-06-12 01:21","127","2028-06-12 19:47","684","2028-06-12 14:05","211"
"SO_1268","궁평항","2028-06-13","2028-06-13 08:06","757","2028-06-13 01:55","156","2028-06-13 20:25","665","2028-06-13 14:37","226"
"SO_1268","궁평항","2028-06-14","2028-06-14 08:41","726","2028-06-14 02:32","192","2028-06-14 21:10","643","2028-06-14 15:13","242"
"SO_1268","궁평항","2028-06-15","2028-06-15 09:24","689","2028-06-15 03:15","236","2028-06-15 22:07","624","2028-06-15 15:59","258"
"SO_1268","궁평항","2028-06-16","2028-06-16 10:17","651","2028-06-16 04:10","281","2028-06-16 23:19","621","2028-06-16 16:56","269"
"SO_1268","궁평항","2028-06-17","2028-06-17 11:26","624","2028-06-17 05:21","315","","","2028-06-17 18:06","263"
"SO_1268","궁평항","2028-06-18","2028-06-18 00:35","642","2028-06-18 06:45","322","2028-06-18 12:40","619","2028-06-18 19:13","238"
"SO_1268","궁평항","2028-06-19","2028-06-19 01:41","682","2028-06-19 07:59","301","2028-06-19 13:46","634","2028-06-19 20:11","200"
"SO_1268","궁평항","2028-06-20","2028-06-20 02:35","729","2028-06-20 08:59","269","2028-06-20 14:41","659","2028-06-20 21:01","160"
"SO_1268","궁평항","2028-06-21","2028-06-21 03:22","774","2028-06-21 09:50","236","2028-06-21 15:30","686","2028-06-21 21:48","123"
"SO_1268","궁평항","2028-06-22","2028-06-22 04:07","812","2028-06-22 10:37","207","2028-06-22 16:17","711","2028-06-22 22:34","91"
"SO_1268","궁평항","2028-06-23","2028-06-23 04:51","842","2028-06-23 11:23","180","2028-06-23 17:01","732","2028-06-23 23:20","65"
"SO_1268","궁평항","2028-06-24","2028-06-24 05:35","865","2028-06-24 12:07","157","2028-06-24 17:46","749","",""
"SO_1268","궁평항","2028-06-25","2028-06-25 06:18","878","2028-06-25 00:05","47","2028-06-25 18:30","760","2028-06-25 12:50","139"
"SO_1268","궁평항","2028-06-26","2028-06-26 07:00","880","2028-06-26 00:49","41","2028-06-26 19:15","766","2028-06-26 13:32","127"
"SO_1268","궁평항","2028-06-27","2028-06-27 07:42","868","2028-06-27 01:34","50","2028-06-27 20:01","763","2028-06-27 14:13","124"
"SO_1268","궁평항","2028-06-28","2028-06-28 08:25","840","2028-06-28 02:19","78","2028-06-28 20:50","751","2028-06-28 14:55","130"
"SO_1268","궁평항","2028-06-29","2028-06-29 09:10","797","2028-06-29 03:06","124","2028-06-29 21:44","733","2028-06-29 15:40","146"
"SO_1268","궁평항","2028-06-30","2028-06-30 10:01","745","2028-06-30 03:59","182","2028-06-30 22:49","716","2028-06-30 16:31","167"
"SO_1268","궁평항","2028-07-01","2028-07-01 11:01","693","2028-07-01 05:02","241","","","2028-07-01 17:33","186"
"SO_1268","궁평항","2028-07-02","2028-07-02 00:03","710","2028-07-02 06:21","283","2028-07-02 12:13","656","2028-07-02 18:45","191"
"SO_1268","궁평항","2028-07-03","2028-07-03 01:22","723","2028-07-03 07:48","290","2028-07-03 13:31","644","2028-07-03 19:57","178"
"SO_1268","궁평항","2028-07-04","2028-07-04 02:33","751","2028-07-04 09:02","270","2028-07-04 14:40","656","2028-07-04 20:59","155"
"SO_1268","궁평항","2028-07-05","2028-07-05 03:32","782","2028-07-05 10:01","242","2028-07-05 15:38","680","2028-07-05 21:53","132"
"SO_1268","궁평항","2028-07-06","2028-07-06 04:22","806","2028-07-06 10:50","216","2028-07-06 16:27","703","2028-07-06 22:40","114"
"SO_1268","궁평항","2028-07-07","2028-07-07 05:03","820","2028-07-07 11:32","196","2028-07-07 17:08","723","2028-07-07 23:21","102"
"SO_1268","궁평항","2028-07-08","2028-07-08 05:39","828","2028-07-08 12:09","182","2028-07-08 17:45","736","2028-07-08 23:57","98"
"SO_1268","궁평항","2028-07-09","2028-07-09 06:10","830","2028-07-09 12:40","172","2028-07-09 18:19","744","",""
"SO_1268","궁평항","2028-07-10","2028-07-10 06:39","828","2028-07-10 00:31","100","2028-07-10 18:51","747","2028-07-10 13:09","166"
"SO_1268","궁평항","2028-07-11","2028-07-11 07:07","821","2028-07-11 01:02","110","2028-07-11 19:23","743","2028-07-11 13:36","165"
"SO_1268","궁평항","2028-07-12","2028-07-12 07:35","805","2028-07-12 01:34","130","2028-07-12 19:56","731","2028-07-12 14:04","170"
"SO_1268","궁평항","2028-07-13","2028-07-13 08:05","777","2028-07-13 02:07","163","2028-07-13 20:33","711","2028-07-13 14:34","184"
"SO_1268","궁평항","2028-07-14","2028-07-14 08:39","738","2028-07-14 02:43","209","2028-07-14 21:17","685","2028-07-14 15:08","206"
"SO_1268","궁평항","2028-07-15","2028-07-15 09:20","690","2028-07-15 03:25","264","2028-07-15 22:13","661","2028-07-15 15:51","234"
"SO_1268","궁평항","2028-07-16","2028-07-16 10:12","642","2028-07-16 04:19","318","2028-07-16 23:27","651","2028-07-16 16:49","257"
"SO_1268","궁평항","2028-07-17","2028-07-17 11:25","608","2028-07-17 05:36","356","","","2028-07-17 18:05","262"
"SO_1268","궁평항","2028-07-18","2028-07-18 00:49","668","2028-07-18 07:11","355","2028-07-18 12:53","604","2028-07-18 19:24","237"
"SO_1268","궁평항","2028-07-19","2028-07-19 02:00","710","2028-07-19 08:30","320","2028-07-19 14:09","632","2028-07-19 20:30","192"
"SO_1268","궁평항","2028-07-20","2028-07-20 02:59","763","2028-07-20 09:31","270","2028-07-20 15:10","675","2028-07-20 21:27","138"
"SO_1268","궁평항","2028-07-21","2028-07-21 03:51","816","2028-07-21 10:23","216","2028-07-21 16:02","721","2028-07-21 22:20","87"
"SO_1268","궁평항","2028-07-22","2028-07-22 04:38","863","2028-07-22 11:10","166","2028-07-22 16:50","764","2028-07-22 23:09","44"
"SO_1268","궁평항","2028-07-23","2028-07-23 05:22","899","2028-07-23 11:53","121","2028-07-23 17:35","801","2028-07-23 23:56","15"
"SO_1268","궁평항","2028-07-24","2028-07-24 06:04","920","2028-07-24 12:35","85","2028-07-24 18:19","827","",""
"SO_1268","궁평항","2028-07-25","2028-07-25 06:44","923","2028-07-25 00:40","4","2028-07-25 19:02","840","2028-07-25 13:13","64"
"SO_1268","궁평항","2028-07-26","2028-07-26 07:23","905","2028-07-26 01:22","17","2028-07-26 19:44","838","2028-07-26 13:51","59"
"SO_1268","궁평항","2028-07-27","2028-07-27 08:01","867","2028-07-27 02:04","55","2028-07-27 20:28","818","2028-07-27 14:28","73"
"SO_1268","궁평항","2028-07-28","2028-07-28 08:41","812","2028-07-28 02:46","116","2028-07-28 21:17","781","2028-07-28 15:07","105"
"SO_1268","궁평항","2028-07-29","2028-07-29 09:24","743","2028-07-29 03:32","195","2028-07-29 22:15","735","2028-07-29 15:51","152"
"SO_1268","궁평항","2028-07-30","2028-07-30 10:19","671","2028-07-30 04:29","277","2028-07-30 23:32","696","2028-07-30 16:49","204"
"SO_1268","궁평항","2028-07-31","2028-07-31 11:37","613","2028-07-31 05:53","340","","","2028-07-31 18:11","239"
"SO_1268","궁평항","2028-08-01","2028-08-01 01:07","689","2028-08-01 07:40","347","2028-08-01 13:16","598","2028-08-01 19:41","234"
"SO_1268","궁평항","2028-08-02","2028-08-02 02:30","717","2028-08-02 09:01","308","2028-08-02 14:37","629","2028-08-02 20:52","200"
"SO_1268","궁평항","2028-08-03","2028-08-03 03:29","757","2028-08-03 09:56","260","2028-08-03 15:34","674","2028-08-03 21:46","160"
"SO_1268","궁평항","2028-08-04","2028-08-04 04:13","792","2028-08-04 10:38","217","2028-08-04 16:17","716","2028-08-04 22:29","127"
"SO_1268","궁평항","2028-08-05","2028-08-05 04:48","816","2028-08-05 11:14","184","2028-08-05 16:54","750","2028-08-05 23:06","103"
"SO_1268","궁평항","2028-08-06","2028-08-06 05:18","833","2028-08-06 11:44","158","2028-08-06 17:26","774","2028-08-06 23:40","89"
"SO_1268","궁평항","2028-08-07","2028-08-07 05:46","844","2028-08-07 12:13","138","2028-08-07 17:57","790","",""
"SO_1268","궁평항","2028-08-08","2028-08-08 06:12","848","2028-08-08 00:11","84","2028-08-08 18:27","798","2028-08-08 12:39","125"
"SO_1268","궁평항","2028-08-09","2028-08-09 06:38","843","2028-08-09 00:42","91","2028-08-09 18:56","797","2028-08-09 13:05","119"
"SO_1268","궁평항","2028-08-10","2028-08-10 07:05","826","2028-08-10 01:12","112","2028-08-10 19:26","786","2028-08-10 13:30","124"
"SO_1268","궁평항","2028-08-11","2028-08-11 07:32","797","2028-08-11 01:42","147","2028-08-11 19:58","764","2028-08-11 13:57","140"
"SO_1268","궁평항","2028-08-12","2028-08-12 08:02","757","2028-08-12 02:14","195","2028-08-12 20:35","733","2028-08-12 14:27","168"
"SO_1268","궁평항","2028-08-13","2028-08-13 08:35","707","2028-08-13 02:49","252","2028-08-13 21:21","696","2028-08-13 15:03","204"
"SO_1268","궁평항","2028-08-14","2028-08-14 09:19","652","2028-08-14 03:33","312","2028-08-14 22:26","662","2028-08-14 15:51","244"
"SO_1268","궁평항","2028-08-15","2028-08-15 10:26","601","2028-08-15 04:40","365","","","2028-08-15 17:06","273"
"SO_1268","궁평항","2028-08-16","2028-08-16 00:00","655","2028-08-16 06:29","380","2028-08-16 12:12","582","2028-08-16 18:46","262"
"SO_1268","궁평항","2028-08-17","2028-08-17 01:32","692","2028-08-17 08:09","335","2028-08-17 13:48","618","2028-08-17 20:09","207"
"SO_1268","궁평항","2028-08-18","2028-08-18 02:41","756","2028-08-18 09:14","264","2028-08-18 14:55","682","2028-08-18 21:13","136"
"SO_1268","궁평항","2028-08-19","2028-08-19 03:34","823","2028-08-19 10:05","189","2028-08-19 15:48","752","2028-08-19 22:07","68"
"SO_1268","궁평항","2028-08-20","2028-08-20 04:20","880","2028-08-20 10:49","121","2028-08-20 16:35","814","2028-08-20 22:56","16"
"SO_1268","궁평항","2028-08-21","2028-08-21 05:03","919","2028-08-21 11:31","65","2028-08-21 17:19","862","2028-08-21 23:41","-15"
"SO_1268","궁평항","2028-08-22","2028-08-22 05:43","936","2028-08-22 12:10","26","2028-08-22 18:01","892","",""
"SO_1268","궁평항","2028-08-23","2028-08-23 06:21","931","2028-08-23 00:24","-19","2028-08-23 18:42","902","2028-08-23 12:47","8"
"SO_1268","궁평항","2028-08-24","2028-08-24 06:58","903","2028-08-24 01:05","5","2028-08-24 19:22","889","2028-08-24 13:22","12"
"SO_1268","궁평항","2028-08-25","2028-08-25 07:34","855","2028-08-25 01:44","56","2028-08-25 20:03","852","2028-08-25 13:57","40"
"SO_1268","궁평항","2028-08-26","2028-08-26 08:11","790","2028-08-26 02:24","130","2028-08-26 20:49","796","2028-08-26 14:34","90"
"SO_1268","궁평항","2028-08-27","2028-08-27 08:52","713","2028-08-27 03:08","218","2028-08-27 21:44","727","2028-08-27 15:15","158"
"SO_1268","궁평항","2028-08-28","2028-08-28 09:45","633","2028-08-28 04:03","307","2028-08-28 23:04","667","2028-08-28 16:11","232"
"SO_1268","궁평항","2028-08-29","2028-08-29 11:14","571","2028-08-29 05:35","371","","","2028-08-29 17:44","283"
"SO_1268","궁평항","2028-08-30","2028-08-30 00:57","652","2028-08-30 07:39","362","2028-08-30 13:12","570","2028-08-30 19:33","272"
"SO_1268","궁평항","2028-08-31","2028-08-31 02:23","687","2028-08-31 08:53","306","2028-08-31 14:31","621","2028-08-31 20:44","223"
"SO_1268","궁평항","2028-09-01","2028-09-01 03:16","733","2028-09-01 09:39","246","2028-09-01 15:21","682","2028-09-01 21:32","171"
"SO_1268","궁평항","2028-09-02","2028-09-02 03:53","773","2028-09-02 10:14","195","2028-09-02 15:59","735","2028-09-02 22:11","128"
"SO_1268","궁평항","2028-09-03","2028-09-03 04:23","803","2028-09-03 10:45","154","2028-09-03 16:32","777","2028-09-03 22:45","97"
"SO_1268","궁평항","2028-09-04","2028-09-04 04:50","825","2028-09-04 11:13","121","2028-09-04 17:02","808","2028-09-04 23:18","79"
"SO_1268","궁평항","2028-09-05","2028-09-05 05:17","838","2028-09-05 11:40","98","2028-09-05 17:32","827","2028-09-05 23:49","74"
"SO_1268","궁평항","2028-09-06","2028-09-06 05:43","840","2028-09-06 12:07","84","2028-09-06 18:01","835","",""
"SO_1268","궁평항","2028-09-07","2028-09-07 06:10","832","2028-09-07 00:19","83","2028-09-07 18:29","832","2028-09-07 12:33","82"
"SO_1268","궁평항","2028-09-08","2028-09-08 06:36","812","2028-09-08 00:49","107","2028-09-08 18:58","818","2028-09-08 12:59","91"
"SO_1268","궁평항","2028-09-09","2028-09-09 07:03","782","2028-09-09 01:19","143","2028-09-09 19:27","794","2028-09-09 13:25","111"
"SO_1268","궁평항","2028-09-10","2028-09-10 07:31","743","2028-09-10 01:49","189","2028-09-10 20:00","760","2028-09-10 13:54","141"
"SO_1268","궁평항","2028-09-11","2028-09-11 08:03","697","2028-09-11 02:22","242","2028-09-11 20:43","718","2028-09-11 14:27","180"
"SO_1268","궁평항","2028-09-12","2028-09-12 08:44","642","2028-09-12 03:03","299","2028-09-12 21:45","672","2028-09-12 15:13","227"
"SO_1268","궁평항","2028-09-13","2028-09-13 09:52","587","2028-09-13 04:07","352","2028-09-13 23:22","648","2028-09-13 16:27","268"
"SO_1268","궁평항","2028-09-14","2028-09-14 11:49","568","2028-09-14 06:01","367","","","2028-09-14 18:19","265"
"SO_1268","궁평항","2028-09-15","2028-09-15 01:06","680","2028-09-15 07:47","312","2028-09-15 13:32","617","2028-09-15 19:51","204"
"SO_1268","궁평항","2028-09-16","2028-09-16 02:18","747","2028-09-16 08:50","227","2028-09-16 14:39","700","2028-09-16 20:56","125"
"SO_1268","궁평항","2028-09-17","2028-09-17 03:11","816","2028-09-17 09:39","142","2028-09-17 15:30","784","2028-09-17 21:50","53"
"SO_1268","궁평항","2028-09-18","2028-09-18 03:56","870","2028-09-18 10:22","68","2028-09-18 16:15","854","2028-09-18 22:37","4"
"SO_1268","궁평항","2028-09-19","2028-09-19 04:37","903","2028-09-19 11:02","14","2028-09-19 16:58","903","2028-09-19 23:22","-18"
"SO_1268","궁평항","2028-09-20","2028-09-20 05:17","910","2028-09-20 11:41","-18","2028-09-20 17:39","928","",""
"SO_1268","궁평항","2028-09-21","2028-09-21 05:55","895","2028-09-21 00:05","-11","2028-09-21 18:19","926","2028-09-21 12:18","-25"
"SO_1268","궁평항","2028-09-22","2028-09-22 06:32","860","2028-09-22 00:45","22","2028-09-22 18:59","899","2028-09-22 12:53","-8"
"SO_1268","궁평항","2028-09-23","2028-09-23 07:09","808","2028-09-23 01:25","79","2028-09-23 19:40","850","2028-09-23 13:29","32"
"SO_1268","궁평항","2028-09-24","2028-09-24 07:46","744","2028-09-24 02:05","153","2028-09-24 20:24","783","2028-09-24 14:05","93"
"SO_1268","궁평항","2028-09-25","2028-09-25 08:28","671","2028-09-25 02:48","235","2028-09-25 21:16","708","2028-09-25 14:46","168"
"SO_1268","궁평항","2028-09-26","2028-09-26 09:22","597","2028-09-26 03:43","314","2028-09-26 22:34","641","2028-09-26 15:40","246"
"SO_1268","궁평항","2028-09-27","2028-09-27 10:55","544","2028-09-27 05:18","365","","","2028-09-27 17:14","301"
"SO_1268","궁평항","2028-09-28","2028-09-28 00:27","620","2028-09-28 07:15","348","2028-09-28 12:53","554","2028-09-28 19:08","292"
"SO_1268","궁평항","2028-09-29","2028-09-29 01:53","648","2028-09-29 08:23","290","2028-09-29 14:09","611","2028-09-29 20:19","241"
"SO_1268","궁평항","2028-09-30","2028-09-30 02:43","692","2028-09-30 09:06","229","2028-09-30 14:56","677","2028-09-30 21:06","186"
"SO_1268","궁평항","2028-10-01","2028-10-01 03:19","733","2028-10-01 09:39","174","2028-10-01 15:32","736","2028-10-01 21:44","140"
"SO_1268","궁평항","2028-10-02","2028-10-02 03:49","767","2028-10-02 10:09","127","2028-10-02 16:05","784","2028-10-02 22:19","106"
"SO_1268","궁평항","2028-10-03","2028-10-03 04:18","791","2028-10-03 10:38","92","2028-10-03 16:36","819","2028-10-03 22:53","86"
"SO_1268","궁평항","2028-10-04","2028-10-04 04:47","803","2028-10-04 11:06","68","2028-10-04 17:06","839","2028-10-04 23:26","82"
"SO_1268","궁평항","2028-10-05","2028-10-05 05:15","804","2028-10-05 11:35","57","2028-10-05 17:35","846","2028-10-05 23:58","92"
"SO_1268","궁평항","2028-10-06","2028-10-06 05:43","793","2028-10-06 12:03","58","2028-10-06 18:05","840","",""
"SO_1268","궁평항","2028-10-07","2028-10-07 06:11","773","2028-10-07 00:29","115","2028-10-07 18:34","826","2028-10-07 12:31","70"
"SO_1268","궁평항","2028-10-08","2028-10-08 06:39","746","2028-10-08 00:59","147","2028-10-08 19:04","802","2028-10-08 12:59","90"
"SO_1268","궁평항","2028-10-09","2028-10-09 07:09","713","2028-10-09 01:31","186","2028-10-09 19:39","770","2028-10-09 13:29","118"
"SO_1268","궁평항","2028-10-10","2028-10-10 07:43","672","2028-10-10 02:05","230","2028-10-10 20:23","728","2028-10-10 14:06","156"
"SO_1268","궁평항","2028-10-11","2028-10-11 08:29","623","2028-10-11 02:49","277","2028-10-11 21:24","682","2028-10-11 14:54","203"
"SO_1268","궁평항","2028-10-12","2028-10-12 09:42","577","2028-10-12 03:56","317","2028-10-12 22:55","655","2028-10-12 16:09","245"
"SO_1268","궁평항","2028-10-13","2028-10-13 11:33","570","2028-10-13 05:39","320","","","2028-10-13 17:55","246"
"SO_1268","궁평항","2028-10-14","2028-10-14 00:32","675","2028-10-14 07:13","264","2028-10-14 13:09","627","2028-10-14 19:26","195"
"SO_1268","궁평항","2028-10-15","2028-10-15 01:45","727","2028-10-15 08:16","182","2028-10-15 14:15","713","2028-10-15 20:33","126"
"SO_1268","궁평항","2028-10-16","2028-10-16 02:40","783","2028-10-16 09:06","101","2028-10-16 15:06","797","2028-10-16 21:27","66"
"SO_1268","궁평항","2028-10-17","2028-10-17 03:27","825","2028-10-17 09:50","35","2028-10-17 15:52","864","2028-10-17 22:17","28"
"SO_1268","궁평항","2028-10-18","2028-10-18 04:09","847","2028-10-18 10:32","-10","2028-10-18 16:36","905","2028-10-18 23:02","16"
"SO_1268","궁평항","2028-10-19","2028-10-19 04:50","847","2028-10-19 11:12","-31","2028-10-19 17:18","920","2028-10-19 23:46","29"
"SO_1268","궁평항","2028-10-20","2028-10-20 05:30","828","2028-10-20 11:51","-29","2028-10-20 18:00","908","",""
"SO_1268","궁평항","2028-10-21","2028-10-21 06:10","795","2028-10-21 00:28","62","2028-10-21 18:41","876","2028-10-21 12:28","-4"
"SO_1268","궁평항","2028-10-22","2028-10-22 06:49","750","2028-10-22 01:09","111","2028-10-22 19:22","826","2028-10-22 13:06","39"
"SO_1268","궁평항","2028-10-23","2028-10-23 07:29","698","2028-10-23 01:50","169","2028-10-23 20:04","765","2028-10-23 13:43","97"
"SO_1268","궁평항","2028-10-24","2028-10-24 08:11","641","2028-10-24 02:33","231","2028-10-24 20:51","699","2028-10-24 14:23","164"
"SO_1268","궁평항","2028-10-25","2028-10-25 09:04","584","2028-10-25 03:25","288","2028-10-25 21:52","639","2028-10-25 15:13","232"
"SO_1268","궁평항","2028-10-26","2028-10-26 10:21","543","2028-10-26 04:38","326","2028-10-26 23:18","603","2028-10-26 16:27","287"
"SO_1268","궁평항","2028-10-27","2028-10-27 12:02","542","2028-10-27 06:13","324","","","2028-10-27 18:08","301"
"SO_1268","궁평항","2028-10-28","2028-10-28 00:47","606","2028-10-28 07:27","283","2028-10-28 13:23","587","2028-10-28 19:31","269"
"SO_1268","궁평항","2028-10-29","2028-10-29 01:49","636","2028-10-29 08:17","227","2028-10-29 14:18","649","2028-10-29 20:28","222"
"SO_1268","궁평항","2028-10-30","2028-10-30 02:34","674","2028-10-30 08:56","172","2028-10-30 14:59","711","2028-10-30 21:12","176"
"SO_1268","궁평항","2028-10-31","2028-10-31 03:10","708","2028-10-31 09:29","123","2028-10-31 15:35","764","2028-10-31 21:51","140"
"SO_1268","궁평항","2028-11-01","2028-11-01 03:44","734","2028-11-01 10:01","86","2028-11-01 16:08","801","2028-11-01 22:28","119"
"SO_1268","궁평항","2028-11-02","2028-11-02 04:16","748","2028-11-02 10:33","61","2028-11-02 16:41","824","2028-11-02 23:03","111"
"SO_1268","궁평항","2028-11-03","2028-11-03 04:48","752","2028-11-03 11:05","49","2028-11-03 17:13","832","2028-11-03 23:38","116"
"SO_1268","궁평항","2028-11-04","2028-11-04 05:20","745","2028-11-04 11:37","48","2028-11-04 17:45","830","",""
"SO_1268","궁평항","2028-11-05","2028-11-05 05:51","732","2028-11-05 00:12","130","2028-11-05 18:17","821","2028-11-05 12:09","55"
"SO_1268","궁평항","2028-11-06","2028-11-06 06:24","713","2028-11-06 00:46","150","2028-11-06 18:52","804","2028-11-06 12:42","69"
"SO_1268","궁평항","2028-11-07","2028-11-07 06:58","689","2028-11-07 01:21","175","2028-11-07 19:30","779","2028-11-07 13:18","92"
"SO_1268","궁평항","2028-11-08","2028-11-08 07:39","660","2028-11-08 02:01","204","2028-11-08 20:15","746","2028-11-08 13:58","124"
"SO_1268","궁평항","2028-11-09","2028-11-09 08:29","625","2028-11-09 02:48","232","2028-11-09 21:12","708","2028-11-09 14:50","164"
"SO_1268","궁평항","2028-11-10","2028-11-10 09:38","597","2028-11-10 03:49","253","2028-11-10 22:26","678","2028-11-10 15:58","202"
"SO_1268","궁평항","2028-11-11","2028-11-11 11:08","597","2028-11-11 05:07","251","2028-11-11 23:49","674","2028-11-11 17:24","217"
"SO_1268","궁평항","2028-11-12","2028-11-12 12:35","641","2028-11-12 06:28","214","","","2028-11-12 18:51","197"
"SO_1268","궁평항","2028-11-13","2028-11-13 01:04","696","2028-11-13 07:35","154","2028-11-13 13:45","711","2028-11-13 20:04","155"
"SO_1268","궁평항","2028-11-14","2028-11-14 02:05","727","2028-11-14 08:30","90","2028-11-14 14:42","782","2028-11-14 21:04","115"
"SO_1268","궁평항","2028-11-15","2028-11-15 02:57","754","2028-11-15 09:19","38","2028-11-15 15:32","836","2028-11-15 21:57","87"
"SO_1268","궁평항","2028-11-16","2028-11-16 03:44","768","2028-11-16 10:05","3","2028-11-16 16:18","868","2028-11-16 22:46","78"
"SO_1268","궁평항","2028-11-17","2028-11-17 04:29","769","2028-11-17 10:48","-11","2028-11-17 17:03","877","2028-11-17 23:33","85"
"SO_1268","궁평항","2028-11-18","2028-11-18 05:13","758","2028-11-18 11:30","-6","2028-11-18 17:47","866","",""
"SO_1268","궁평항","2028-11-19","2028-11-19 05:55","739","2028-11-19 00:17","104","2028-11-19 18:28","840","2028-11-19 12:11","14"
"SO_1268","궁평항","2028-11-20","2028-11-20 06:36","712","2028-11-20 00:58","133","2028-11-20 19:08","804","2028-11-20 12:50","47"
"SO_1268","궁평항","2028-11-21","2028-11-21 07:15","680","2028-11-21 01:38","167","2028-11-21 19:46","761","2028-11-21 13:27","90"
"SO_1268","궁평항","2028-11-22","2028-11-22 07:56","644","2028-11-22 02:17","202","2028-11-22 20:23","715","2028-11-22 14:05","139"
"SO_1268","궁평항","2028-11-23","2028-11-23 08:40","607","2028-11-23 02:58","236","2028-11-23 21:06","668","2028-11-23 14:46","192"
"SO_1268","궁평항","2028-11-24","2028-11-24 09:34","573","2028-11-24 03:44","265","2028-11-24 21:59","624","2028-11-24 15:37","245"
"SO_1268","궁평항","2028-11-25","2028-11-25 10:47","555","2028-11-25 04:45","281","2028-11-25 23:09","595","2028-11-25 16:47","285"
"SO_1268","궁평항","2028-11-26","2028-11-26 12:12","569","2028-11-26 06:00","274","","","2028-11-26 18:14","296"
"SO_1268","궁평항","2028-11-27","2028-11-27 00:29","591","2028-11-27 07:09","242","2028-11-27 13:24","613","2028-11-27 19:34","273"
"SO_1268","궁평항","2028-11-28","2028-11-28 01:35","611","2028-11-28 08:02","197","2028-11-28 14:19","668","2028-11-28 20:33","235"
"SO_1268","궁평항","2028-11-29","2028-11-29 02:26","640","2028-11-29 08:47","150","2028-11-29 15:03","720","2028-11-29 21:21","199"
"SO_1268","궁평항","2028-11-30","2028-11-30 03:09","667","2028-11-30 09:26","110","2028-11-30 15:42","762","2028-11-30 22:03","171"
"SO_1268","궁평항","2028-12-01","2028-12-01 03:48","689","2028-12-01 10:04","79","2028-12-01 16:18","792","2028-12-01 22:43","153"
"SO_1268","궁평항","2028-12-02","2028-12-02 04:25","703","2028-12-02 10:41","57","2028-12-02 16:55","810","2028-12-02 23:21","143"
"SO_1268","궁평항","2028-12-03","2028-12-03 05:02","710","2028-12-03 11:18","44","2028-12-03 17:31","820","",""
"SO_1268","궁평항","2028-12-04","2028-12-04 05:39","711","2028-12-04 00:00","139","2028-12-04 18:08","823","2028-12-04 11:56","39"
"SO_1268","궁평항","2028-12-05","2028-12-05 06:16","708","2028-12-05 00:38","140","2028-12-05 18:46","818","2028-12-05 12:35","42"
"SO_1268","궁평항","2028-12-06","2028-12-06 06:56","699","2028-12-06 01:17","144","2028-12-06 19:26","805","2028-12-06 13:15","54"
"SO_1268","궁평항","2028-12-07","2028-12-07 07:38","686","2028-12-07 01:58","152","2028-12-07 20:09","782","2028-12-07 13:58","78"
"SO_1268","궁평항","2028-12-08","2028-12-08 08:27","668","2028-12-08 02:42","162","2028-12-08 20:57","748","2028-12-08 14:46","113"
"SO_1268","궁평항","2028-12-09","2028-12-09 09:25","651","2028-12-09 03:31","173","2028-12-09 21:54","710","2028-12-09 15:42","156"
"SO_1268","궁평항","2028-12-10","2028-12-10 10:35","643","2028-12-10 04:29","180","2028-12-10 23:01","676","2028-12-10 16:50","196"
"SO_1268","궁평항","2028-12-11","2028-12-11 11:55","656","2028-12-11 05:36","175","","","2028-12-11 18:11","218"
"SO_1268","궁평항","2028-12-12","2028-12-12 00:15","658","2028-12-12 06:48","152","2028-12-12 13:12","694","2028-12-12 19:34","212"
"SO_1268","궁평항","2028-12-13","2028-12-13 01:27","659","2028-12-13 07:54","116","2028-12-13 14:19","742","2028-12-13 20:45","188"
"SO_1268","궁평항","2028-12-14","2028-12-14 02:31","674","2028-12-14 08:53","79","2028-12-14 15:17","785","2028-12-14 21:45","161"
"SO_1268","궁평항","2028-12-15","2028-12-15 03:27","692","2028-12-15 09:46","48","2028-12-15 16:09","814","2028-12-15 22:38","141"
"SO_1268","궁평항","2028-12-16","2028-12-16 04:18","706","2028-12-16 10:34","30","2028-12-16 16:57","828","2028-12-16 23:26","130"
"SO_1268","궁평항","2028-12-17","2028-12-17 05:04","714","2028-12-17 11:19","25","2028-12-17 17:39","829","",""
"SO_1268","궁평항","2028-12-18","2028-12-18 05:46","715","2028-12-18 00:09","128","2028-12-18 18:18","818","2028-12-18 12:00","31"
"SO_1268","궁평항","2028-12-19","2028-12-19 06:25","710","2028-12-19 00:47","132","2028-12-19 18:52","801","2028-12-19 12:38","47"
"SO_1268","궁평항","2028-12-20","2028-12-20 07:01","698","2028-12-20 01:22","142","2028-12-20 19:23","777","2028-12-20 13:12","72"
"SO_1268","궁평항","2028-12-21","2028-12-21 07:35","681","2028-12-21 01:53","156","2028-12-21 19:53","749","2028-12-21 13:45","104"
"SO_1268","궁평항","2028-12-22","2028-12-22 08:11","659","2028-12-22 02:24","174","2028-12-22 20:25","714","2028-12-22 14:19","145"
"SO_1268","궁평항","2028-12-23","2028-12-23 08:51","632","2028-12-23 02:56","194","2028-12-23 21:01","672","2028-12-23 14:57","195"
"SO_1268","궁평항","2028-12-24","2028-12-24 09:40","603","2028-12-24 03:35","218","2028-12-24 21:48","625","2028-12-24 15:44","249"
"SO_1268","궁평항","2028-12-25","2028-12-25 10:48","584","2028-12-25 04:25","241","2028-12-25 22:51","584","2028-12-25 16:49","297"
"SO_1268","궁평항","2028-12-26","2028-12-26 12:11","589","2028-12-26 05:35","251","","","2028-12-26 18:18","319"
"SO_1268","궁평항","2028-12-27","2028-12-27 00:14","565","2028-12-27 06:53","237","2028-12-27 13:28","623","2028-12-27 19:46","303"
"SO_1268","궁평항","2028-12-28","2028-12-28 01:33","577","2028-12-28 07:59","200","2028-12-28 14:28","670","2028-12-28 20:51","266"
"SO_1268","궁평항","2028-12-29","2028-12-29 02:34","607","2028-12-29 08:51","155","2028-12-29 15:16","718","2028-12-29 21:42","226"
"SO_1268","궁평항","2028-12-30","2028-12-30 03:23","641","2028-12-30 09:38","111","2028-12-30 16:00","761","2028-12-30 22:26","189"
"SO_1268","궁평항","2028-12-31","2028-12-31 04:07","674","2028-12-31 10:22","72","2028-12-31 16:40","797","2028-12-31 23:09","156"
"SO_1269","연도항","2028-01-01","2028-01-01 05:33","543","2028-01-01 00:06","127","2028-01-01 17:59","611","2028-01-01 11:54","72"
"SO_1269","연도항","2028-01-02","2028-01-02 06:08","536","2028-01-02 00:35","129","2028-01-02 18:31","592","2028-01-02 12:27","92"
"SO_1269","연도항","2028-01-03","2028-01-03 06:45","523","2028-01-03 01:07","136","2028-01-03 19:04","566","2028-01-03 13:02","121"
"SO_1269","연도항","2028-01-04","2028-01-04 07:27","506","2028-01-04 01:41","147","2028-01-04 19:40","533","2028-01-04 13:43","159"
"SO_1269","연도항","2028-01-05","2028-01-05 08:15","488","2028-01-05 02:21","162","2028-01-05 20:24","498","2028-01-05 14:32","201"
"SO_1269","연도항","2028-01-06","2028-01-06 09:16","475","2028-01-06 03:11","175","2028-01-06 21:21","466","2028-01-06 15:38","237"
"SO_1269","연도항","2028-01-07","2028-01-07 10:34","477","2028-01-07 04:15","181","2028-01-07 22:35","447","2028-01-07 17:06","254"
"SO_1269","연도항","2028-01-08","2028-01-08 11:55","503","2028-01-08 05:29","169","2028-01-08 23:56","452","2028-01-08 18:35","241"
"SO_1269","연도항","2028-01-09","2028-01-09 00:00","639","2028-01-09 00:00","81","2028-01-09 13:03","545","2028-01-09 06:39","140"
"SO_1269","연도항","2028-01-10","2028-01-10 00:00","545","2028-01-10 00:00","90","2028-01-10 01:03","476","2028-01-10 07:40","101"
"SO_1269","연도항","2028-01-11","2028-01-11 01:59","509","2028-01-11 08:36","59","2028-01-11 14:47","636","2028-01-11 21:34","127"
"SO_1269","연도항","2028-01-12","2028-01-12 02:50","542","2028-01-12 09:29","20","2028-01-12 15:34","671","2028-01-12 22:21","91"
"SO_1269","연도항","2028-01-13","2028-01-13 03:38","571","2028-01-13 10:19","-9","2028-01-13 16:19","693","2028-01-13 23:05","62"
"SO_1269","연도항","2028-01-14","2028-01-14 04:25","594","2028-01-14 11:06","-26","2028-01-14 17:02","700","2028-01-14 23:47","43"
"SO_1269","연도항","2028-01-15","2028-01-15 05:12","609","2028-01-15 11:51","-23","2028-01-15 17:44","691","",""
"SO_1269","연도항","2028-01-16","2028-01-16 05:57","613","2028-01-16 00:28","36","2028-01-16 18:25","666","2028-01-16 12:34",""
"SO_1269","연도항","2028-01-17","2028-01-17 06:44","605","2028-01-17 01:07","43","2028-01-17 19:04","626","2028-01-17 13:18","43"
"SO_1269","연도항","2028-01-18","2028-01-18 07:31","583","2028-01-18 01:47","62","2028-01-18 19:46","575","2028-01-18 14:03","101"
"SO_1269","연도항","2028-01-19","2028-01-19 08:24","551","2028-01-19 02:29","91","2028-01-19 20:33","519","2028-01-19 14:55","166"
"SO_1269","연도항","2028-01-20","2028-01-20 09:29","517","2028-01-20 03:18","125","2028-01-20 21:32","465","2028-01-20 16:04","224"
"SO_1269","연도항","2028-01-21","2028-01-21 10:56","497","2028-01-21 04:24","156","2028-01-21 22:55","431","2028-01-21 17:39","254"
"SO_1269","연도항","2028-01-22","2028-01-22 12:31","507","2028-01-22 05:47","166","","","2028-01-22 19:14","243"
"SO_1269","연도항","2028-01-23","2028-01-23 00:26","432","2028-01-23 07:07","153","2028-01-23 13:42","536","2028-01-23 20:21","211"
"SO_1269","연도항","2028-01-24","2028-01-24 01:35","457","2028-01-24 08:09","126","2028-01-24 14:31","566","2028-01-24 21:09","178"
"SO_1269","연도항","2028-01-25","2028-01-25 02:25","490","2028-01-25 08:57","99","2028-01-25 15:09","591","2028-01-25 21:46","150"
"SO_1269","연도항","2028-01-26","2028-01-26 03:04","520","2028-01-26 09:36","77","2028-01-26 15:41","611","2028-01-26 22:19","128"
"SO_1269","연도항","2028-01-27","2028-01-27 03:39","544","2028-01-27 10:09","60","2028-01-27 16:10","624","2028-01-27 22:48","110"
"SO_1269","연도항","2028-01-28","2028-01-28 04:11","563","2028-01-28 10:40","50","2028-01-28 16:38","632","2028-01-28 23:15","97"
"SO_1269","연도항","2028-01-29","2028-01-29 04:42","576","2028-01-29 11:10","48","2028-01-29 17:05","632","2028-01-29 23:41","88"
"SO_1269","연도항","2028-01-30","2028-01-30 05:14","582","2028-01-30 11:40","55","2028-01-30 17:32","625","",""
"SO_1269","연도항","2028-01-31","2028-01-31 05:45","581","2028-01-31 00:08","86","2028-01-31 17:59","610","2028-01-31 12:10","74"
"SO_1269","연도항","2028-02-01","2028-02-01 06:17","573","2028-02-01 00:35","92","2028-02-01 18:27","586","2028-02-01 12:41","103"
"SO_1269","연도항","2028-02-02","2028-02-02 06:51","559","2028-02-02 01:03","104","2028-02-02 18:56","556","2028-02-02 13:14","142"
"SO_1269","연도항","2028-02-03","2028-02-03 07:30","538","2028-02-03 01:34","123","2028-02-03 19:32","519","2028-02-03 13:53","186"
"SO_1269","연도항","2028-02-04","2028-02-04 08:20","513","2028-02-04 02:12","146","2028-02-04 20:19","479","2028-02-04 14:43","232"
"SO_1269","연도항","2028-02-05","2028-02-05 09:30","491","2028-02-05 03:05","170","2028-02-05 21:30","441","2028-02-05 16:04","268"
"SO_1269","연도항","2028-02-06","2028-02-06 11:06","493","2028-02-06 04:26","182","2028-02-06 23:12","431","2028-02-06 17:56","268"
"SO_1269","연도항","2028-02-07","2028-02-07 12:37","530","2028-02-07 06:01","164","","","2028-02-07 19:28","227"
"SO_1269","연도항","2028-02-08","2028-02-08 00:42","459","2028-02-08 07:22","119","2028-02-08 13:43","583","2028-02-08 20:32","170"
"SO_1269","연도항","2028-02-09","2028-02-09 01:47","508","2028-02-09 08:27","64","2028-02-09 14:35","635","2028-02-09 21:22","111"
"SO_1269","연도항","2028-02-10","2028-02-10 02:41","559","2028-02-10 09:22","12","2028-02-10 15:21","676","2028-02-10 22:06","60"
"SO_1269","연도항","2028-02-11","2028-02-11 03:29","605","2028-02-11 10:10","-26","2028-02-11 16:03","700","2028-02-11 22:47","22"
"SO_1269","연도항","2028-02-12","2028-02-12 04:14","640","2028-02-12 10:55","-43","2028-02-12 16:42","706","2028-02-12 23:25","-1"
"SO_1269","연도항","2028-02-13","2028-02-13 04:57","661","2028-02-13 11:37","-36","2028-02-13 17:20","693","",""
"SO_1269","연도항","2028-02-14","2028-02-14 05:39","665","2028-02-14 00:02","-7","2028-02-14 17:56","663","2028-02-14 12:17","-5"
"SO_1269","연도항","2028-02-15","2028-02-15 06:21","651","2028-02-15 00:37","6","2028-02-15 18:33","619","2028-02-15 12:57","47"
"SO_1269","연도항","2028-02-16","2028-02-16 07:04","619","2028-02-16 01:11","35","2028-02-16 19:10","565","2028-02-16 13:37","113"
"SO_1269","연도항","2028-02-17","2028-02-17 07:51","572","2028-02-17 01:47","78","2028-02-17 19:51","505","2028-02-17 14:22","186"
"SO_1269","연도항","2028-02-18","2028-02-18 08:50","519","2028-02-18 02:29","130","2028-02-18 20:45","445","2028-02-18 15:23","252"
"SO_1269","연도항","2028-02-19","2028-02-19 10:18","477","2028-02-19 03:29","180","2028-02-19 22:15","402","2028-02-19 17:11","288"
"SO_1269","연도항","2028-02-20","2028-02-20 12:16","478","2028-02-20 05:09","208","","","2028-02-20 19:08","268"
"SO_1269","연도항","2028-02-21","2028-02-21 00:13","407","2028-02-21 06:53","192","2028-02-21 13:33","510","2028-02-21 20:11","224"
"SO_1269","연도항","2028-02-22","2028-02-22 01:28","446","2028-02-22 08:00","155","2028-02-22 14:18","546","2028-02-22 20:52","181"
"SO_1269","연도항","2028-02-23","2028-02-23 02:14","491","2028-02-23 08:44","117","2028-02-23 14:51","576","2028-02-23 21:25","144"
"SO_1269","연도항","2028-02-24","2028-02-24 02:50","531","2028-02-24 09:20","86","2028-02-24 15:19","601","2028-02-24 21:53","113"
"SO_1269","연도항","2028-02-25","2028-02-25 03:22","565","2028-02-25 09:52","63","2028-02-25 15:46","618","2028-02-25 22:20","88"
"SO_1269","연도항","2028-02-26","2028-02-26 03:53","590","2028-02-26 10:22","49","2028-02-26 16:12","628","2028-02-26 22:46","69"
"SO_1269","연도항","2028-02-27","2028-02-27 04:22","607","2028-02-27 10:52","46","2028-02-27 16:38","628","2028-02-27 23:13","59"
"SO_1269","연도항","2028-02-28","2028-02-28 04:52","617","2028-02-28 11:22","54","2028-02-28 17:03","621","2028-02-28 23:39","57"
"SO_1269","연도항","2028-02-29","2028-02-29 05:20","618","2028-02-29 11:52","73","2028-02-29 17:28","607","",""
"SO_1269","연도항","2028-03-01","2028-03-01 05:50","613","2028-03-01 00:04","64","2028-03-01 17:54","587","2028-03-01 12:22","102"
"SO_1269","연도항","2028-03-02","2028-03-02 06:21","600","2028-03-02 00:31","78","2028-03-02 18:22","560","2028-03-02 12:53","139"
"SO_1269","연도항","2028-03-03","2028-03-03 06:58","577","2028-03-03 00:58","99","2028-03-03 18:57","526","2028-03-03 13:28","183"
"SO_1269","연도항","2028-03-04","2028-03-04 07:45","545","2028-03-04 01:32","126","2028-03-04 19:44","482","2028-03-04 14:14","229"
"SO_1269","연도항","2028-03-05","2028-03-05 08:54","510","2028-03-05 02:23","160","2028-03-05 20:57","439","2028-03-05 15:31","269"
"SO_1269","연도항","2028-03-06","2028-03-06 10:34","497","2028-03-06 03:47","186","2028-03-06 22:50","426","2028-03-06 17:34","270"
"SO_1269","연도항","2028-03-07","2028-03-07 12:15","529","2028-03-07 05:37","175","","","2028-03-07 19:12","219"
"SO_1269","연도항","2028-03-08","2028-03-08 00:28","464","2028-03-08 07:09","126","2028-03-08 13:24","582","2028-03-08 20:12","151"
"SO_1269","연도항","2028-03-09","2028-03-09 01:35","526","2028-03-09 08:15","65","2028-03-09 14:15","632","2028-03-09 21:00","86"
"SO_1269","연도항","2028-03-10","2028-03-10 02:27","589","2028-03-10 09:08","12","2028-03-10 14:58","668","2028-03-10 21:42","32"
"SO_1269","연도항","2028-03-11","2028-03-11 03:13","642","2028-03-11 09:55","-21","2028-03-11 15:38","686","2028-03-11 22:21","-5"
"SO_1269","연도항","2028-03-12","2028-03-12 03:56","679","2028-03-12 10:38","-31","2028-03-12 16:16","686","2028-03-12 22:58","-24"
"SO_1269","연도항","2028-03-13","2028-03-13 04:37","697","2028-03-13 11:19","-16","2028-03-13 16:52","668","2028-03-13 23:32","-22"
"SO_1269","연도항","2028-03-14","2028-03-14 05:18","694","2028-03-14 11:57","21","2028-03-14 17:27","637","",""
"SO_1269","연도항","2028-03-15","2028-03-15 05:58","672","2028-03-15 00:06","-2","2028-03-15 18:03","595","2028-03-15 12:35","74"
"SO_1269","연도항","2028-03-16","2028-03-16 06:39","632","2028-03-16 00:39","35","2028-03-16 18:39","545","2028-03-16 13:14","138"
"SO_1269","연도항","2028-03-17","2028-03-17 07:24","579","2028-03-17 01:12","84","2028-03-17 19:19","490","2028-03-17 13:55","204"
"SO_1269","연도항","2028-03-18","2028-03-18 08:18","521","2028-03-18 01:49","140","2028-03-18 20:11","436","2028-03-18 14:51","263"
"SO_1269","연도항","2028-03-19","2028-03-19 09:39","473","2028-03-19 02:42","195","2028-03-19 21:41","396","2028-03-19 16:37","296"
"SO_1269","연도항","2028-03-20","2028-03-20 11:38","465","2028-03-20 04:23","231","2028-03-20 23:45","403","2028-03-20 18:37","274"
"SO_1269","연도항","2028-03-21","2028-03-21 12:58","491","2028-03-21 06:23","219","","","2028-03-21 19:38","229"
"SO_1269","연도항","2028-03-22","2028-03-22 01:02","446","2028-03-22 07:32","180","2028-03-22 13:44","526","2028-03-22 20:18","182"
"SO_1269","연도항","2028-03-23","2028-03-23 01:49","496","2028-03-23 08:17","139","2028-03-23 14:18","558","2028-03-23 20:49","140"
"SO_1269","연도항","2028-03-24","2028-03-24 02:26","542","2028-03-24 08:53","105","2028-03-24 14:47","583","2028-03-24 21:18","104"
"SO_1269","연도항","2028-03-25","2028-03-25 02:58","581","2028-03-25 09:27","80","2028-03-25 15:15","600","2028-03-25 21:46","76"
"SO_1269","연도항","2028-03-26","2028-03-26 03:29","610","2028-03-26 09:59","66","2028-03-26 15:42","609","2028-03-26 22:14","57"
"SO_1269","연도항","2028-03-27","2028-03-27 03:59","629","2028-03-27 10:31","63","2028-03-27 16:08","608","2028-03-27 22:42","48"
"SO_1269","연도항","2028-03-28","2028-03-28 04:27","639","2028-03-28 11:02","71","2028-03-28 16:34","602","2028-03-28 23:09","47"
"SO_1269","연도항","2028-03-29","2028-03-29 04:56","642","2028-03-29 11:34","89","2028-03-29 16:59","590","2028-03-29 23:36","54"
"SO_1269","연도항","2028-03-30","2028-03-30 05:26","637","2028-03-30 12:05","115","2028-03-30 17:27","574","",""
"SO_1269","연도항","2028-03-31","2028-03-31 06:00","624","2028-03-31 00:04","68","2028-03-31 18:00","551","2028-03-31 12:38","148"
"SO_1269","연도항","2028-04-01","2028-04-01 06:39","600","2028-04-01 00:35","89","2028-04-01 18:40","519","2028-04-01 13:16","187"
"SO_1269","연도항","2028-04-02","2028-04-02 07:30","565","2028-04-02 01:13","119","2028-04-02 19:33","479","2028-04-02 14:07","227"
"SO_1269","연도항","2028-04-03","2028-04-03 08:40","530","2028-04-03 02:08","154","2028-04-03 20:52","444","2028-04-03 15:27","255"
"SO_1269","연도항","2028-04-04","2028-04-04 10:14","515","2028-04-04 03:34","182","2028-04-04 22:39","444","2028-04-04 17:16","245"
"SO_1269","연도항","2028-04-05","2028-04-05 11:46","538","2028-04-05 05:22","173","","","2028-04-05 18:42","193"
"SO_1269","연도항","2028-04-06","2028-04-06 00:10","489","2028-04-06 06:51","129","2028-04-06 12:54","578","2028-04-06 19:42","129"
"SO_1269","연도항","2028-04-07","2028-04-07 01:15","554","2028-04-07 07:55","78","2028-04-07 13:45","615","2028-04-07 20:29","70"
"SO_1269","연도항","2028-04-08","2028-04-08 02:07","616","2028-04-08 08:48","37","2028-04-08 14:28","640","2028-04-08 21:12","24"
"SO_1269","연도항","2028-04-09","2028-04-09 02:52","665","2028-04-09 09:35","15","2028-04-09 15:08","649","2028-04-09 21:51","-4"
"SO_1269","연도항","2028-04-10","2028-04-10 03:35","695","2028-04-10 10:18","14","2028-04-10 15:47","644","2028-04-10 22:28","-14"
"SO_1269","연도항","2028-04-11","2028-04-11 04:16","705","2028-04-11 10:59","33","2028-04-11 16:24","626","2028-04-11 23:04","-6"
"SO_1269","연도항","2028-04-12","2028-04-12 04:57","696","2028-04-12 11:39","67","2028-04-12 17:01","599","2028-04-12 23:38","18"
"SO_1269","연도항","2028-04-13","2028-04-13 05:38","670","2028-04-13 12:17","112","2028-04-13 17:39","566","",""
"SO_1269","연도항","2028-04-14","2028-04-14 06:18","631","2028-04-14 00:11","54","2028-04-14 18:17","527","2028-04-14 12:55","162"
"SO_1269","연도항","2028-04-15","2028-04-15 07:01","583","2028-04-15 00:44","98","2028-04-15 18:59","486","2028-04-15 13:35","211"
"SO_1269","연도항","2028-04-16","2028-04-16 07:51","534","2028-04-16 01:20","147","2028-04-16 19:51","446","2028-04-16 14:27","254"
"SO_1269","연도항","2028-04-17","2028-04-17 08:56","491","2028-04-17 02:09","195","2028-04-17 21:07","416","2028-04-17 15:47","278"
"SO_1269","연도항","2028-04-18","2028-04-18 10:27","471","2028-04-18 03:28","232","2028-04-18 22:50","416","2028-04-18 17:27","269"
"SO_1269","연도항","2028-04-19","2028-04-19 11:51","480","2028-04-19 05:19","236","","","2028-04-19 18:37","234"
"SO_1269","연도항","2028-04-20","2028-04-20 00:14","451","2028-04-20 06:41","210","2028-04-20 12:49","505","2028-04-20 19:25","190"
"SO_1269","연도항","2028-04-21","2028-04-21 01:10","499","2028-04-21 07:35","175","2028-04-21 13:31","532","2028-04-21 20:02","148"
"SO_1269","연도항","2028-04-22","2028-04-22 01:52","546","2028-04-22 08:19","142","2028-04-22 14:06","555","2028-04-22 20:36","112"
"SO_1269","연도항","2028-04-23","2028-04-23 02:28","586","2028-04-23 08:57","118","2028-04-23 14:38","571","2028-04-23 21:07","84"
"SO_1269","연도항","2028-04-24","2028-04-24 03:01","617","2028-04-24 09:33","103","2028-04-24 15:08","579","2028-04-24 21:39","65"
"SO_1269","연도항","2028-04-25","2028-04-25 03:33","638","2028-04-25 10:08","98","2028-04-25 15:37","581","2028-04-25 22:10","55"
"SO_1269","연도항","2028-04-26","2028-04-26 04:03","651","2028-04-26 10:42","103","2028-04-26 16:06","578","2028-04-26 22:42","52"
"SO_1269","연도항","2028-04-27","2028-04-27 04:35","655","2028-04-27 11:17","115","2028-04-27 16:37","571","2028-04-27 23:14","57"
"SO_1269","연도항","2028-04-28","2028-04-28 05:10","652","2028-04-28 11:54","134","2028-04-28 17:11","560","2028-04-28 23:48","68"
"SO_1269","연도항","2028-04-29","2028-04-29 05:49","640","2028-04-29 12:32","158","2028-04-29 17:50","542","",""
"SO_1269","연도항","2028-04-30","2028-04-30 06:33","619","2028-04-30 00:25","87","2028-04-30 18:37","518","2028-04-30 13:17","184"
"SO_1269","연도항","2028-05-01","2028-05-01 07:27","590","2028-05-01 01:10","114","2028-05-01 19:37","491","2028-05-01 14:12","208"
"SO_1269","연도항","2028-05-02","2028-05-02 08:33","562","2028-05-02 02:10","145","2028-05-02 20:53","475","2028-05-02 15:24","218"
"SO_1269","연도항","2028-05-03","2028-05-03 09:51","545","2028-05-03 03:29","169","2028-05-03 22:22","484","2028-05-03 16:47","204"
"SO_1269","연도항","2028-05-04","2028-05-04 11:08","549","2028-05-04 05:01","170","2028-05-04 23:43","523","2028-05-04 18:01","166"
"SO_1269","연도항","2028-05-05","2028-05-05 12:14","566","2028-05-05 06:23","147","","","2028-05-05 19:02","120"
"SO_1269","연도항","2028-05-06","2028-05-06 00:49","576","2028-05-06 07:30","116","2028-05-06 13:09","584","2028-05-06 19:53","76"
"SO_1269","연도항","2028-05-07","2028-05-07 01:43","627","2028-05-07 08:26","91","2028-05-07 13:56","596","2028-05-07 20:39","43"
"SO_1269","연도항","2028-05-08","2028-05-08 02:31","665","2028-05-08 09:16","79","2028-05-08 14:40","600","2028-05-08 21:22","25"
"SO_1269","연도항","2028-05-09","2028-05-09 03:16","686","2028-05-09 10:01","80","2028-05-09 15:22","596","2028-05-09 22:01","21"
"SO_1269","연도항","2028-05-10","2028-05-10 03:59","691","2028-05-10 10:44","94","2028-05-10 16:02","585","2028-05-10 22:39","31"
"SO_1269","연도항","2028-05-11","2028-05-11 04:41","681","2028-05-11 11:24","117","2028-05-11 16:42","569","2028-05-11 23:16","51"
"SO_1269","연도항","2028-05-12","2028-05-12 05:21","660","2028-05-12 12:03","145","2028-05-12 17:21","549","2028-05-12 23:50","79"
"SO_1269","연도항","2028-05-13","2028-05-13 06:01","632","2028-05-13 12:41","174","2028-05-13 18:01","527","",""
"SO_1269","연도항","2028-05-14","2028-05-14 06:41","599","2028-05-14 00:24","111","2028-05-14 18:44","503","2028-05-14 13:19","202"
"SO_1269","연도항","2028-05-15","2028-05-15 07:24","565","2028-05-15 01:00","146","2028-05-15 19:32","478","2028-05-15 14:01","226"
"SO_1269","연도항","2028-05-16","2028-05-16 08:13","531","2028-05-16 01:44","183","2028-05-16 20:31","456","2028-05-16 14:55","242"
"SO_1269","연도항","2028-05-17","2028-05-17 09:13","503","2028-05-17 02:42","218","2028-05-17 21:47","449","2028-05-17 16:03","245"
"SO_1269","연도항","2028-05-18","2028-05-18 10:25","488","2028-05-18 04:02","240","2028-05-18 23:10","465","2028-05-18 17:14","230"
"SO_1269","연도항","2028-05-19","2028-05-19 11:35","491","2028-05-19 05:29","240","","","2028-05-19 18:15","202"
"SO_1269","연도항","2028-05-20","2028-05-20 00:19","500","2028-05-20 06:41","221","2028-05-20 12:32","504","2028-05-20 19:04","168"
"SO_1269","연도항","2028-05-21","2028-05-21 01:11","543","2028-05-21 07:37","196","2028-05-21 13:18","522","2028-05-21 19:47","136"
"SO_1269","연도항","2028-05-22","2028-05-22 01:53","583","2028-05-22 08:24","172","2028-05-22 13:57","537","2028-05-22 20:27","108"
"SO_1269","연도항","2028-05-23","2028-05-23 02:31","616","2028-05-23 09:06","154","2028-05-23 14:33","550","2028-05-23 21:04","87"
"SO_1269","연도항","2028-05-24","2028-05-24 03:07","641","2028-05-24 09:46","142","2028-05-24 15:08","558","2028-05-24 21:42","71"
"SO_1269","연도항","2028-05-25","2028-05-25 03:43","659","2028-05-25 10:26","137","2028-05-25 15:44","564","2028-05-25 22:20","62"
"SO_1269","연도항","2028-05-26","2028-05-26 04:21","669","2028-05-26 11:06","136","2028-05-26 16:22","565","2028-05-26 23:00","59"
"SO_1269","연도항","2028-05-27","2028-05-27 05:01","672","2028-05-27 11:48","140","2028-05-27 17:04","562","2028-05-27 23:41","64"
"SO_1269","연도항","2028-05-28","2028-05-28 05:45","666","2028-05-28 12:32","147","2028-05-28 17:50","556","",""
"SO_1269","연도항","2028-05-29","2028-05-29 06:31","652","2028-05-29 00:26","77","2028-05-29 18:41","545","2028-05-29 13:18","156"
"SO_1269","연도항","2028-05-30","2028-05-30 07:22","630","2028-05-30 01:14","99","2028-05-30 19:39","534","2028-05-30 14:09","165"
"SO_1269","연도항","2028-05-31","2028-05-31 08:17","603","2028-05-31 02:10","129","2028-05-31 20:44","527","2028-05-31 15:06","169"
"SO_1269","연도항","2028-06-01","2028-06-01 09:19","576","2028-06-01 03:16","158","2028-06-01 21:57","531","2028-06-01 16:09","165"
"SO_1269","연도항","2028-06-02","2028-06-02 10:24","555","2028-06-02 04:32","180","2028-06-02 23:12","552","2028-06-02 17:15","150"
"SO_1269","연도항","2028-06-03","2028-06-03 11:30","545","2028-06-03 05:51","185","","","2028-06-03 18:18","128"
"SO_1269","연도항","2028-06-04","2028-06-04 00:22","585","2028-06-04 07:04","176","2028-06-04 12:32","545","2028-06-04 19:16","104"
"SO_1269","연도항","2028-06-05","2028-06-05 01:23","620","2028-06-05 08:07","162","2028-06-05 13:28","550","2028-06-05 20:09","83"
"SO_1269","연도항","2028-06-06","2028-06-06 02:17","648","2028-06-06 09:02","149","2028-06-06 14:18","556","2028-06-06 20:58","70"
"SO_1269","연도항","2028-06-07","2028-06-07 03:04","665","2028-06-07 09:50","143","2028-06-07 15:04","560","2028-06-07 21:43","66"
"SO_1269","연도항","2028-06-08","2028-06-08 03:48","671","2028-06-08 10:34","143","2028-06-08 15:48","561","2028-06-08 22:23","70"
"SO_1269","연도항","2028-06-09","2028-06-09 04:29","668","2028-06-09 11:14","149","2028-06-09 16:28","560","2028-06-09 23:01","80"
"SO_1269","연도항","2028-06-10","2028-06-10 05:07","659","2028-06-10 11:51","157","2028-06-10 17:07","556","2028-06-10 23:35","94"
"SO_1269","연도항","2028-06-11","2028-06-11 05:43","645","2028-06-11 12:25","167","2028-06-11 17:47","549","",""
"SO_1269","연도항","2028-06-12","2028-06-12 06:18","628","2028-06-12 00:08","112","2028-06-12 18:26","539","2028-06-12 12:58","177"
"SO_1269","연도항","2028-06-13","2028-06-13 06:54","605","2028-06-13 00:42","136","2028-06-13 19:07","525","2028-06-13 13:31","188"
"SO_1269","연도항","2028-06-14","2028-06-14 07:32","578","2028-06-14 01:20","165","2028-06-14 19:55","509","2028-06-14 14:10","199"
"SO_1269","연도항","2028-06-15","2028-06-15 08:15","547","2028-06-15 02:05","200","2028-06-15 20:51","495","2028-06-15 14:56","209"
"SO_1269","연도항","2028-06-16","2028-06-16 09:07","517","2028-06-16 03:02","235","2028-06-16 22:00","491","2028-06-16 15:53","214"
"SO_1269","연도항","2028-06-17","2028-06-17 10:10","494","2028-06-17 04:15","261","2028-06-17 23:15","506","2028-06-17 16:57","209"
"SO_1269","연도항","2028-06-18","2028-06-18 11:19","486","2028-06-18 05:37","266","","","2028-06-18 18:00","192"
"SO_1269","연도항","2028-06-19","2028-06-19 00:23","536","2028-06-19 06:51","252","2028-06-19 12:23","494","2028-06-19 18:56","167"
"SO_1269","연도항","2028-06-20","2028-06-20 01:17","574","2028-06-20 07:50","228","2028-06-20 13:15","510","2028-06-20 19:47","138"
"SO_1269","연도항","2028-06-21","2028-06-21 02:03","611","2028-06-21 08:41","202","2028-06-21 14:02","530","2028-06-21 20:34","109"
"SO_1269","연도항","2028-06-22","2028-06-22 02:46","644","2028-06-22 09:29","177","2028-06-22 14:46","550","2028-06-22 21:21","84"
"SO_1269","연도항","2028-06-23","2028-06-23 03:28","672","2028-06-23 10:14","154","2028-06-23 15:29","568","2028-06-23 22:07","63"
"SO_1269","연도항","2028-06-24","2028-06-24 04:11","691","2028-06-24 10:58","135","2028-06-24 16:14","582","2028-06-24 22:53","49"
"SO_1269","연도항","2028-06-25","2028-06-25 04:54","702","2028-06-25 11:42","120","2028-06-25 17:00","593","2028-06-25 23:39","45"
"SO_1269","연도항","2028-06-26","2028-06-26 05:38","703","2028-06-26 12:25","110","2028-06-26 17:48","600","",""
"SO_1269","연도항","2028-06-27","2028-06-27 06:22","692","2028-06-27 00:24","53","2028-06-27 18:37","600","2028-06-27 13:08","108"
"SO_1269","연도항","2028-06-28","2028-06-28 07:06","669","2028-06-28 01:11","77","2028-06-28 19:28","595","2028-06-28 13:51","112"
"SO_1269","연도항","2028-06-29","2028-06-29 07:52","635","2028-06-29 01:59","114","2028-06-29 20:24","583","2028-06-29 14:37","123"
"SO_1269","연도항","2028-06-30","2028-06-30 08:42","593","2028-06-30 02:54","160","2028-06-30 21:28","570","2028-06-30 15:29","138"
"SO_1269","연도항","2028-07-01","2028-07-01 09:40","550","2028-07-01 04:00","205","2028-07-01 22:42","565","2028-07-01 16:29","150"
"SO_1269","연도항","2028-07-02","2028-07-02 10:48","518","2028-07-02 05:19","235","","","2028-07-02 17:37","153"
"SO_1269","연도항","2028-07-03","2028-07-03 00:01","576","2028-07-03 06:44","239","2028-07-03 12:03","506","2028-07-03 18:48","145"
"SO_1269","연도항","2028-07-04","2028-07-04 01:13","599","2028-07-04 07:57","223","2028-07-04 13:11","512","2028-07-04 19:51","129"
"SO_1269","연도항","2028-07-05","2028-07-05 02:11","625","2028-07-05 08:55","200","2028-07-05 14:08","529","2028-07-05 20:45","112"
"SO_1269","연도항","2028-07-06","2028-07-06 02:59","646","2028-07-06 09:43","179","2028-07-06 14:57","547","2028-07-06 21:33","99"
"SO_1269","연도항","2028-07-07","2028-07-07 03:40","659","2028-07-07 10:24","163","2028-07-07 15:39","563","2028-07-07 22:13","91"
"SO_1269","연도항","2028-07-08","2028-07-08 04:17","666","2028-07-08 11:00","153","2028-07-08 16:17","575","2028-07-08 22:48","90"
"SO_1269","연도항","2028-07-09","2028-07-09 04:50","667","2028-07-09 11:32","147","2028-07-09 16:52","583","2028-07-09 23:20","94"
"SO_1269","연도항","2028-07-10","2028-07-10 05:21","664","2028-07-10 12:01","144","2028-07-10 17:27","587","2028-07-10 23:52","104"
"SO_1269","연도항","2028-07-11","2028-07-11 05:51","655","2028-07-11 12:30","144","2028-07-11 18:03","584","",""
"SO_1269","연도항","2028-07-12","2028-07-12 06:22","639","2028-07-12 00:23","122","2028-07-12 18:40","576","2028-07-12 12:59","148"
"SO_1269","연도항","2028-07-13","2028-07-13 06:54","614","2028-07-13 00:56","149","2028-07-13 19:19","561","2028-07-13 13:30","159"
"SO_1269","연도항","2028-07-14","2028-07-14 07:28","582","2028-07-14 01:34","185","2028-07-14 20:03","543","2028-07-14 14:05","175"
"SO_1269","연도항","2028-07-15","2028-07-15 08:06","545","2028-07-15 02:18","228","2028-07-15 20:57","525","2028-07-15 14:49","193"
"SO_1269","연도항","2028-07-16","2028-07-16 08:56","509","2028-07-16 03:14","269","2028-07-16 22:07","516","2028-07-16 15:45","209"
"SO_1269","연도항","2028-07-17","2028-07-17 10:03","481","2028-07-17 04:32","296","2028-07-17 23:30","529","2028-07-17 16:55","211"
"SO_1269","연도항","2028-07-18","2028-07-18 11:26","475","2028-07-18 06:04","294","","","2028-07-18 18:09","193"
"SO_1269","연도항","2028-07-19","2028-07-19 00:43","562","2028-07-19 07:21","267","2028-07-19 12:41","493","2028-07-19 19:15","161"
"SO_1269","연도항","2028-07-20","2028-07-20 01:40","606","2028-07-20 08:23","228","2028-07-20 13:40","524","2028-07-20 20:14","121"
"SO_1269","연도항","2028-07-21","2028-07-21 02:29","650","2028-07-21 09:15","184","2028-07-21 14:31","560","2028-07-21 21:08","81"
"SO_1269","연도항","2028-07-22","2028-07-22 03:15","688","2028-07-22 10:02","142","2028-07-22 15:19","594","2028-07-22 21:58","47"
"SO_1269","연도항","2028-07-23","2028-07-23 03:58","716","2028-07-23 10:45","105","2028-07-23 16:05","624","2028-07-23 22:46","23"
"SO_1269","연도항","2028-07-24","2028-07-24 04:40","732","2028-07-24 11:27","77","2028-07-24 16:51","646","2028-07-24 23:30","16"
"SO_1269","연도항","2028-07-25","2028-07-25 05:22","732","2028-07-25 12:06","60","2028-07-25 17:36","660","",""
"SO_1269","연도항","2028-07-26","2028-07-26 06:01","717","2028-07-26 00:14","28","2028-07-26 18:22","661","2028-07-26 12:45","58"
"SO_1269","연도항","2028-07-27","2028-07-27 06:41","686","2028-07-27 00:56","61","2028-07-27 19:08","648","2028-07-27 13:23","69"
"SO_1269","연도항","2028-07-28","2028-07-28 07:22","641","2028-07-28 01:40","111","2028-07-28 19:59","622","2028-07-28 14:03","94"
"SO_1269","연도항","2028-07-29","2028-07-29 08:06","587","2028-07-29 02:29","173","2028-07-29 20:58","587","2028-07-29 14:49","128"
"SO_1269","연도항","2028-07-30","2028-07-30 09:00","531","2028-07-30 03:30","235","2028-07-30 22:15","557","2028-07-30 15:48","164"
"SO_1269","연도항","2028-07-31","2028-07-31 10:14","486","2028-07-31 04:54","278","2028-07-31 23:49","553","2028-07-31 17:05","188"
"SO_1269","연도항","2028-08-01","2028-08-01 11:47","472","2028-08-01 06:35","281","","","2028-08-01 18:32","185"
"SO_1269","연도항","2028-08-02","2028-08-02 01:12","575","2028-08-02 07:54","251","2028-08-02 13:07","492","2028-08-02 19:45","161"
"SO_1269","연도항","2028-08-03","2028-08-03 02:10","606","2028-08-03 08:49","214","2028-08-03 14:05","524","2028-08-03 20:40","132"
"SO_1269","연도항","2028-08-04","2028-08-04 02:53","632","2028-08-04 09:31","181","2028-08-04 14:49","556","2028-08-04 21:23","109"
"SO_1269","연도항","2028-08-05","2028-08-05 03:27","652","2028-08-05 10:06","155","2028-08-05 15:27","583","2028-08-05 22:00","93"
"SO_1269","연도항","2028-08-06","2028-08-06 03:58","665","2028-08-06 10:37","135","2028-08-06 16:00","604","2028-08-06 22:32","85"
"SO_1269","연도항","2028-08-07","2028-08-07 04:26","672","2028-08-07 11:05","121","2028-08-07 16:33","618","2028-08-07 23:02","84"
"SO_1269","연도항","2028-08-08","2028-08-08 04:54","672","2028-08-08 11:32","112","2028-08-08 17:05","625","2028-08-08 23:32","92"
"SO_1269","연도항","2028-08-09","2028-08-09 05:22","665","2028-08-09 11:58","110","2028-08-09 17:37","626","",""
"SO_1269","연도항","2028-08-10","2028-08-10 05:49","649","2028-08-10 00:02","110","2028-08-10 18:10","618","2028-08-10 12:25","115"
"SO_1269","연도항","2028-08-11","2028-08-11 06:17","625","2028-08-11 00:33","138","2028-08-11 18:43","602","2028-08-11 12:52","128"
"SO_1269","연도항","2028-08-12","2028-08-12 06:46","593","2028-08-12 01:06","175","2028-08-12 19:21","580","2028-08-12 13:23","148"
"SO_1269","연도항","2028-08-13","2028-08-13 07:20","557","2028-08-13 01:43","219","2028-08-13 20:07","553","2028-08-13 13:59","174"
"SO_1269","연도항","2028-08-14","2028-08-14 08:02","516","2028-08-14 02:30","265","2028-08-14 21:10","528","2028-08-14 14:48","201"
"SO_1269","연도항","2028-08-15","2028-08-15 09:05","478","2028-08-15 03:40","303","2028-08-15 22:41","522","2028-08-15 16:00","218"
"SO_1269","연도항","2028-08-16","2028-08-16 10:44","461","2028-08-16 05:24","310","","","2028-08-16 17:32","209"
"SO_1269","연도항","2028-08-17","2028-08-17 00:13","551","2028-08-17 07:00","275","2028-08-17 12:17","484","2028-08-17 18:54","170"
"SO_1269","연도항","2028-08-18","2028-08-18 01:20","601","2028-08-18 08:06","220","2028-08-18 13:25","531","2028-08-18 20:01","117"
"SO_1269","연도항","2028-08-19","2028-08-19 02:12","653","2028-08-19 08:57","160","2028-08-19 14:18","584","2028-08-19 20:57","65"
"SO_1269","연도항","2028-08-20","2028-08-20 02:57","697","2028-08-20 09:42","105","2028-08-20 15:05","633","2028-08-20 21:46","23"
"SO_1269","연도항","2028-08-21","2028-08-21 03:38","726","2028-08-21 10:23","60","2028-08-21 15:51","673","2028-08-21 22:32","-1"
"SO_1269","연도항","2028-08-22","2028-08-22 04:18","738","2028-08-22 11:02","29","2028-08-22 16:34","700","2028-08-22 23:15","-4"
"SO_1269","연도항","2028-08-23","2028-08-23 04:56","731","2028-08-23 11:39","16","2028-08-23 17:17","710","2028-08-23 23:56","18"
"SO_1269","연도항","2028-08-24","2028-08-24 05:34","708","2028-08-24 12:16","21","2028-08-24 18:00","703","",""
"SO_1269","연도항","2028-08-25","2028-08-25 06:12","670","2028-08-25 00:37","60","2028-08-25 18:44","677","2028-08-25 12:52","43"
"SO_1269","연도항","2028-08-26","2028-08-26 06:51","619","2028-08-26 01:19","120","2028-08-26 19:32","634","2028-08-26 13:30","82"
"SO_1269","연도항","2028-08-27","2028-08-27 07:34","561","2028-08-27 02:06","189","2028-08-27 20:30","581","2028-08-27 14:13","132"
"SO_1269","연도항","2028-08-28","2028-08-28 08:28","501","2028-08-28 03:04","256","2028-08-28 21:51","536","2028-08-28 15:11","184"
"SO_1269","연도항","2028-08-29","2028-08-29 09:51","455","2028-08-29 04:37","298","2028-08-29 23:40","526","2028-08-29 16:41","217"
"SO_1269","연도항","2028-08-30","2028-08-30 11:41","451","2028-08-30 06:29","288","","","2028-08-30 18:23","209"
"SO_1269","연도항","2028-08-31","2028-08-31 01:04","551","2028-08-31 07:42","247","2028-08-31 13:03","485","2028-08-31 19:36","175"
"SO_1269","연도항","2028-09-01","2028-09-01 01:56","584","2028-09-01 08:29","202","2028-09-01 13:55","529","2028-09-01 20:27","139"
"SO_1269","연도항","2028-09-02","2028-09-02 02:33","612","2028-09-02 09:06","163","2028-09-02 14:34","570","2028-09-02 21:05","109"
"SO_1269","연도항","2028-09-03","2028-09-03 03:03","635","2028-09-03 09:37","132","2028-09-03 15:08","604","2028-09-03 21:39","89"
"SO_1269","연도항","2028-09-04","2028-09-04 03:31","650","2028-09-04 10:05","107","2028-09-04 15:39","629","2028-09-04 22:10","78"
"SO_1269","연도항","2028-09-05","2028-09-05 03:58","658","2028-09-05 10:32","91","2028-09-05 16:09","645","2028-09-05 22:40","76"
"SO_1269","연도항","2028-09-06","2028-09-06 04:24","657","2028-09-06 10:58","81","2028-09-06 16:40","653","2028-09-06 23:10","84"
"SO_1269","연도항","2028-09-07","2028-09-07 04:51","648","2028-09-07 11:25","81","2028-09-07 17:10","652","2028-09-07 23:40","103"
"SO_1269","연도항","2028-09-08","2028-09-08 05:17","631","2028-09-08 11:51","89","2028-09-08 17:39","642","",""
"SO_1269","연도항","2028-09-09","2028-09-09 05:43","608","2028-09-09 00:11","131","2028-09-09 18:11","626","2028-09-09 12:18","104"
"SO_1269","연도항","2028-09-10","2028-09-10 06:12","580","2028-09-10 00:42","168","2028-09-10 18:46","601","2028-09-10 12:47","126"
"SO_1269","연도항","2028-09-11","2028-09-11 06:45","547","2028-09-11 01:17","209","2028-09-11 19:31","569","2028-09-11 13:21","155"
"SO_1269","연도항","2028-09-12","2028-09-12 07:28","507","2028-09-12 02:01","252","2028-09-12 20:33","536","2028-09-12 14:08","187"
"SO_1269","연도항","2028-09-13","2028-09-13 08:35","467","2028-09-13 03:10","289","2028-09-13 22:05","519","2028-09-13 15:23","212"
"SO_1269","연도항","2028-09-14","2028-09-14 10:21","451","2028-09-14 04:59","294","2028-09-14 23:45","543","2028-09-14 17:07","207"
"SO_1269","연도항","2028-09-15","2028-09-15 12:00","485","2028-09-15 06:37","250","","","2028-09-15 18:38","163"
"SO_1269","연도항","2028-09-16","2028-09-16 00:55","593","2028-09-16 07:41","185","2028-09-16 13:09","545","2028-09-16 19:45","104"
"SO_1269","연도항","2028-09-17","2028-09-17 01:47","643","2028-09-17 08:30","119","2028-09-17 14:01","609","2028-09-17 20:40","50"
"SO_1269","연도항","2028-09-18","2028-09-18 02:31","683","2028-09-18 09:14","62","2028-09-18 14:47","666","2028-09-18 21:29","11"
"SO_1269","연도항","2028-09-19","2028-09-19 03:11","706","2028-09-19 09:54","19","2028-09-19 15:30","708","2028-09-19 22:13","-6"
"SO_1269","연도항","2028-09-20","2028-09-20 03:50","710","2028-09-20 10:33","-6","2028-09-20 16:13","731","2028-09-20 22:56",""
"SO_1269","연도항","2028-09-21","2028-09-21 04:28","697","2028-09-21 11:10","-11","2028-09-21 16:55","733","2028-09-21 23:37","28"
"SO_1269","연도항","2028-09-22","2028-09-22 05:06","669","2028-09-22 11:46","3","2028-09-22 17:38","714","",""
"SO_1269","연도항","2028-09-23","2028-09-23 05:45","629","2028-09-23 00:18","75","2028-09-23 18:22","677","2028-09-23 12:22","35"
"SO_1269","연도항","2028-09-24","2028-09-24 06:25","580","2028-09-24 00:59","134","2028-09-24 19:09","625","2028-09-24 13:00","82"
"SO_1269","연도항","2028-09-25","2028-09-25 07:09","526","2028-09-25 01:45","198","2028-09-25 20:05","566","2028-09-25 13:42","138"
"SO_1269","연도항","2028-09-26","2028-09-26 08:05","472","2028-09-26 02:44","255","2028-09-26 21:22","517","2028-09-26 14:39","193"
"SO_1269","연도항","2028-09-27","2028-09-27 09:30","434","2028-09-27 04:17","287","2028-09-27 23:09","501","2028-09-27 16:13","230"
"SO_1269","연도항","2028-09-28","2028-09-28 11:22","438","2028-09-28 06:02","273","","","2028-09-28 18:00","222"
"SO_1269","연도항","2028-09-29","2028-09-29 00:31","520","2028-09-29 07:09","231","2028-09-29 12:41","477","2028-09-29 19:11","187"
"SO_1269","연도항","2028-09-30","2028-09-30 01:22","549","2028-09-30 07:54","186","2028-09-30 13:31","526","2028-09-30 19:59","150"
"SO_1269","연도항","2028-10-01","2028-10-01 01:59","577","2028-10-01 08:29","145","2028-10-01 14:09","571","2028-10-01 20:38","118"
"SO_1269","연도항","2028-10-02","2028-10-02 02:30","600","2028-10-02 09:00","110","2028-10-02 14:43","609","2028-10-02 21:12","95"
"SO_1269","연도항","2028-10-03","2028-10-03 02:59","616","2028-10-03 09:29","84","2028-10-03 15:15","636","2028-10-03 21:45","82"
"SO_1269","연도항","2028-10-04","2028-10-04 03:26","623","2028-10-04 09:57","67","2028-10-04 15:45","654","2028-10-04 22:16","80"
"SO_1269","연도항","2028-10-05","2028-10-05 03:54","621","2028-10-05 10:25","59","2028-10-05 16:15","661","2028-10-05 22:48","88"
"SO_1269","연도항","2028-10-06","2028-10-06 04:21","612","2028-10-06 10:52","60","2028-10-06 16:44","659","2028-10-06 23:20","105"
"SO_1269","연도항","2028-10-07","2028-10-07 04:48","597","2028-10-07 11:21","69","2028-10-07 17:14","650","2028-10-07 23:51","130"
"SO_1269","연도항","2028-10-08","2028-10-08 05:15","579","2028-10-08 11:49","84","2028-10-08 17:46","634","",""
"SO_1269","연도항","2028-10-09","2028-10-09 05:46","556","2028-10-09 00:24","161","2028-10-09 18:23","610","2028-10-09 12:20","105"
"SO_1269","연도항","2028-10-10","2028-10-10 06:23","527","2028-10-10 01:01","195","2028-10-10 19:10","578","2028-10-10 12:57","133"
"SO_1269","연도항","2028-10-11","2028-10-11 07:13","491","2028-10-11 01:49","231","2028-10-11 20:12","544","2028-10-11 13:47","166"
"SO_1269","연도항","2028-10-12","2028-10-12 08:25","459","2028-10-12 02:59","257","2028-10-12 21:38","525","2028-10-12 15:03","193"
"SO_1269","연도항","2028-10-13","2028-10-13 10:04","453","2028-10-13 04:37","252","2028-10-13 23:09","539","2028-10-13 16:45","191"
"SO_1269","연도항","2028-10-14","2028-10-14 11:37","493","2028-10-14 06:04","207","","","2028-10-14 18:15","154"
"SO_1269","연도항","2028-10-15","2028-10-15 00:19","575","2028-10-15 07:06","146","2028-10-15 12:45","556","2028-10-15 19:23","103"
"SO_1269","연도항","2028-10-16","2028-10-16 01:14","613","2028-10-16 07:57","84","2028-10-16 13:38","621","2028-10-16 20:19","58"
"SO_1269","연도항","2028-10-17","2028-10-17 01:59","642","2028-10-17 08:41","34","2028-10-17 14:25","676","2028-10-17 21:08","28"
"SO_1269","연도항","2028-10-18","2028-10-18 02:41","657","2028-10-18 09:23","-2","2028-10-18 15:09","713","2028-10-18 21:54","19"
"SO_1269","연도항","2028-10-19","2028-10-19 03:22","656","2028-10-19 10:03","-18","2028-10-19 15:52","728","2028-10-19 22:38","29"
"SO_1269","연도항","2028-10-20","2028-10-20 04:02","641","2028-10-20 10:42","-16","2028-10-20 16:35","723","2028-10-20 23:20","56"
"SO_1269","연도항","2028-10-21","2028-10-21 04:41","616","2028-10-21 11:20","3","2028-10-21 17:18","699","",""
"SO_1269","연도항","2028-10-22","2028-10-22 05:22","583","2028-10-22 00:02","96","2028-10-22 18:02","660","2028-10-22 11:57","38"
"SO_1269","연도항","2028-10-23","2028-10-23 06:04","544","2028-10-23 00:43","143","2028-10-23 18:48","612","2028-10-23 12:34","82"
"SO_1269","연도항","2028-10-24","2028-10-24 06:49","503","2028-10-24 01:29","190","2028-10-24 19:39","560","2028-10-24 13:16","133"
"SO_1269","연도항","2028-10-25","2028-10-25 07:43","462","2028-10-25 02:22","231","2028-10-25 20:42","514","2028-10-25 14:07","183"
"SO_1269","연도항","2028-10-26","2028-10-26 08:57","432","2028-10-26 03:36","255","2028-10-26 22:04","487","2028-10-26 15:24","222"
"SO_1269","연도항","2028-10-27","2028-10-27 10:32","430","2028-10-27 05:03","250","2028-10-27 23:26","487","2028-10-27 17:03","230"
"SO_1269","연도항","2028-10-28","2028-10-28 11:56","461","2028-10-28 06:13","220","","","2028-10-28 18:23","210"
"SO_1269","연도항","2028-10-29","2028-10-29 00:28","505","2028-10-29 07:03","180","2028-10-29 12:55","506","2028-10-29 19:20","178"
"SO_1269","연도항","2028-10-30","2028-10-30 01:13","529","2028-10-30 07:43","140","2028-10-30 13:38","553","2028-10-30 20:04","147"
"SO_1269","연도항","2028-10-31","2028-10-31 01:50","551","2028-10-31 08:18","105","2028-10-31 14:15","593","2028-10-31 20:42","122"
"SO_1269","연도항","2028-11-01","2028-11-01 02:23","566","2028-11-01 08:50","78","2028-11-01 14:49","623","2028-11-01 21:18","106"
"SO_1269","연도항","2028-11-02","2028-11-02 02:54","575","2028-11-02 09:22","59","2028-11-02 15:21","643","2028-11-02 21:53","100"
"SO_1269","연도항","2028-11-03","2028-11-03 03:24","576","2028-11-03 09:53","50","2028-11-03 15:52","652","2028-11-03 22:27","103"
"SO_1269","연도항","2028-11-04","2028-11-04 03:54","572","2028-11-04 10:25","48","2028-11-04 16:22","654","2028-11-04 23:02","113"
"SO_1269","연도항","2028-11-05","2028-11-05 04:24","565","2028-11-05 10:57","53","2028-11-05 16:55","649","2028-11-05 23:37","129"
"SO_1269","연도항","2028-11-06","2028-11-06 04:56","553","2028-11-06 11:30","64","2028-11-06 17:31","638","",""
"SO_1269","연도항","2028-11-07","2028-11-07 05:32","538","2028-11-07 00:14","149","2028-11-07 18:12","619","2028-11-07 12:06","81"
"SO_1269","연도항","2028-11-08","2028-11-08 06:15","517","2028-11-08 00:56","171","2028-11-08 19:00","593","2028-11-08 12:48","105"
"SO_1269","연도항","2028-11-09","2028-11-09 07:09","493","2028-11-09 01:46","191","2028-11-09 19:58","565","2028-11-09 13:40","134"
"SO_1269","연도항","2028-11-10","2028-11-10 08:18","473","2028-11-10 02:49","203","2028-11-10 21:08","543","2028-11-10 14:51","162"
"SO_1269","연도항","2028-11-11","2028-11-11 09:42","474","2028-11-11 04:05","196","2028-11-11 22:25","538","2028-11-11 16:17","171"
"SO_1269","연도항","2028-11-12","2028-11-12 11:06","505","2028-11-12 05:20","165","2028-11-12 23:36","549","2028-11-12 17:43","156"
"SO_1269","연도항","2028-11-13","2028-11-13 12:16","557","2028-11-13 06:25","119","","","2028-11-13 18:56","125"
"SO_1269","연도항","2028-11-14","2028-11-14 00:36","567","2028-11-14 07:20","72","2028-11-14 13:15","612","2028-11-14 19:56","94"
"SO_1269","연도항","2028-11-15","2028-11-15 01:27","584","2028-11-15 08:09","33","2028-11-15 14:06","658","2028-11-15 20:49","73"
"SO_1269","연도항","2028-11-16","2028-11-16 02:14","593","2028-11-16 08:55","7","2028-11-16 14:53","687","2028-11-16 21:38","65"
"SO_1269","연도항","2028-11-17","2028-11-17 02:58","594","2028-11-17 09:39","-5","2028-11-17 15:38","698","2028-11-17 22:24","70"
"SO_1269","연도항","2028-11-18","2028-11-18 03:41","586","2028-11-18 10:20","-1","2028-11-18 16:22","692","2028-11-18 23:07","86"
"SO_1269","연도항","2028-11-19","2028-11-19 04:24","572","2028-11-19 11:00","15","2028-11-19 17:04","673","2028-11-19 23:49","110"
"SO_1269","연도항","2028-11-20","2028-11-20 05:05","553","2028-11-20 11:39","42","2028-11-20 17:46","644","",""
"SO_1269","연도항","2028-11-21","2028-11-21 05:47","530","2028-11-21 00:29","138","2028-11-21 18:27","609","2028-11-21 12:16","76"
"SO_1269","연도항","2028-11-22","2028-11-22 06:31","505","2028-11-22 01:10","165","2028-11-22 19:09","571","2028-11-22 12:53","114"
"SO_1269","연도항","2028-11-23","2028-11-23 07:18","478","2028-11-23 01:52","190","2028-11-23 19:55","533","2028-11-23 13:35","155"
"SO_1269","연도항","2028-11-24","2028-11-24 08:14","454","2028-11-24 02:41","209","2028-11-24 20:50","499","2028-11-24 14:28","195"
"SO_1269","연도항","2028-11-25","2028-11-25 09:26","440","2028-11-25 03:42","217","2028-11-25 21:58","475","2028-11-25 15:41","225"
"SO_1269","연도항","2028-11-26","2028-11-26 10:49","448","2028-11-26 04:50","209","2028-11-26 23:11","469","2028-11-26 17:08","233"
"SO_1269","연도항","2028-11-27","2028-11-27 12:03","479","2028-11-27 05:54","186","","","2028-11-27 18:25","218"
"SO_1269","연도항","2028-11-28","2028-11-28 00:15","479","2028-11-28 06:47","155","2028-11-28 13:00","520","2028-11-28 19:24","193"
"SO_1269","연도항","2028-11-29","2028-11-29 01:05","496","2028-11-29 07:32","122","2028-11-29 13:45","561","2028-11-29 20:11","166"
"SO_1269","연도항","2028-11-30","2028-11-30 01:47","513","2028-11-30 08:12","93","2028-11-30 14:23","594","2028-11-30 20:52","145"
"SO_1269","연도항","2028-12-01","2028-12-01 02:23","528","2028-12-01 08:49","70","2028-12-01 14:58","620","2028-12-01 21:31","130"
"SO_1269","연도항","2028-12-02","2028-12-02 02:58","539","2028-12-02 09:26","53","2028-12-02 15:32","638","2028-12-02 22:10","121"
"SO_1269","연도항","2028-12-03","2028-12-03 03:32","545","2028-12-03 10:04","42","2028-12-03 16:07","648","2028-12-03 22:49","117"
"SO_1269","연도항","2028-12-04","2028-12-04 04:07","549","2028-12-04 10:42","37","2028-12-04 16:43","652","2028-12-04 23:28","118"
"SO_1269","연도항","2028-12-05","2028-12-05 04:45","549","2028-12-05 11:21","39","2028-12-05 17:22","650","",""
"SO_1269","연도항","2028-12-06","2028-12-06 05:26","545","2028-12-06 00:08","121","2028-12-06 18:04","640","2028-12-06 12:02","49"
"SO_1269","연도항","2028-12-07","2028-12-07 06:12","537","2028-12-07 00:51","127","2028-12-07 18:50","621","2028-12-07 12:47","68"
"SO_1269","연도항","2028-12-08","2028-12-08 07:04","525","2028-12-08 01:37","134","2028-12-08 19:39","594","2028-12-08 13:36","96"
"SO_1269","연도항","2028-12-09","2028-12-09 08:03","514","2028-12-09 02:28","140","2028-12-09 20:35","564","2028-12-09 14:35","130"
"SO_1269","연도항","2028-12-10","2028-12-10 09:12","509","2028-12-10 03:26","142","2028-12-10 21:39","536","2028-12-10 15:45","159"
"SO_1269","연도항","2028-12-11","2028-12-11 10:28","519","2028-12-11 04:31","134","2028-12-11 22:48","518","2028-12-11 17:06","175"
"SO_1269","연도항","2028-12-12","2028-12-12 11:46","546","2028-12-12 05:39","116","2028-12-12 23:57","515","2028-12-12 18:27","169"
"SO_1269","연도항","2028-12-13","2028-12-13 12:54","584","2028-12-13 06:44","89","","","2028-12-13 19:38","150"
"SO_1269","연도항","2028-12-14","2028-12-14 01:00","522","2028-12-14 07:43","61","2028-12-14 13:53","620","2028-12-14 20:37","129"
"SO_1269","연도항","2028-12-15","2028-12-15 01:55","534","2028-12-15 08:36","38","2028-12-15 14:44","646","2028-12-15 21:29","113"
"SO_1269","연도항","2028-12-16","2028-12-16 02:45","544","2028-12-16 09:24","24","2028-12-16 15:30","659","2028-12-16 22:15","104"
"SO_1269","연도항","2028-12-17","2028-12-17 03:30","551","2028-12-17 10:08","21","2028-12-17 16:13","661","2028-12-17 22:58","103"
"SO_1269","연도항","2028-12-18","2028-12-18 04:12","553","2028-12-18 10:48","27","2028-12-18 16:52","653","2028-12-18 23:36","109"
"SO_1269","연도항","2028-12-19","2028-12-19 04:53","551","2028-12-19 11:25","41","2028-12-19 17:28","639","",""
"SO_1269","연도항","2028-12-20","2028-12-20 05:31","544","2028-12-20 00:12","117","2028-12-20 18:03","619","2028-12-20 11:59","63"
"SO_1269","연도항","2028-12-21","2028-12-21 06:10","533","2028-12-21 00:44","129","2028-12-21 18:37","594","2028-12-21 12:32","90"
"SO_1269","연도항","2028-12-22","2028-12-22 06:49","516","2028-12-22 01:16","142","2028-12-22 19:12","564","2028-12-22 13:06","123"
"SO_1269","연도항","2028-12-23","2028-12-23 07:33","496","2028-12-23 01:50","157","2028-12-23 19:51","529","2028-12-23 13:45","162"
"SO_1269","연도항","2028-12-24","2028-12-24 08:24","474","2028-12-24 02:31","173","2028-12-24 20:38","491","2028-12-24 14:35","203"
"SO_1269","연도항","2028-12-25","2028-12-25 09:30","459","2028-12-25 03:23","187","2028-12-25 21:38","459","2028-12-25 15:43","239"
"SO_1269","연도항","2028-12-26","2028-12-26 10:51","461","2028-12-26 04:28","192","2028-12-26 22:55","442","2028-12-26 17:11","255"
"SO_1269","연도항","2028-12-27","2028-12-27 12:10","486","2028-12-27 05:39","181","","","2028-12-27 18:34","243"
"SO_1269","연도항","2028-12-28","2028-12-28 00:10","447","2028-12-28 06:41","156","2028-12-28 13:10","523","2028-12-28 19:38","216"
"SO_1269","연도항","2028-12-29","2028-12-29 01:08","467","2028-12-29 07:34","124","2028-12-29 13:57","562","2028-12-29 20:29","185"
"SO_1269","연도항","2028-12-30","2028-12-30 01:55","492","2028-12-30 08:22","91","2028-12-30 14:38","598","2028-12-30 21:14","155"
"SO_1269","연도항","2028-12-31","2028-12-31 02:36","517","2028-12-31 09:07","60","2028-12-31 15:16","628","2028-12-31 21:56","129"
"SO_1270","삼길포항","2028-01-01","2028-01-01 06:50","654","2028-01-01 01:05","150","2028-01-01 19:09","729","2028-01-01 12:56","81"
"SO_1270","삼길포항","2028-01-02","2028-01-02 07:23","645","2028-01-02 01:34","152","2028-01-02 19:39","709","2028-01-02 13:29","104"
"SO_1270","삼길포항","2028-01-03","2028-01-03 07:58","629","2028-01-03 02:03","160","2028-01-03 20:11","679","2028-01-03 14:04","139"
"SO_1270","삼길포항","2028-01-04","2028-01-04 08:38","607","2028-01-04 02:37","174","2028-01-04 20:48","639","2028-01-04 14:44","184"
"SO_1270","삼길포항","2028-01-05","2028-01-05 09:27","583","2028-01-05 03:15","193","2028-01-05 21:33","595","2028-01-05 15:32","235"
"SO_1270","삼길포항","2028-01-06","2028-01-06 10:32","566","2028-01-06 04:06","212","2028-01-06 22:33","555","2028-01-06 16:35","280"
"SO_1270","삼길포항","2028-01-07","2028-01-07 11:53","570","2028-01-07 05:13","222","2028-01-07 23:55","533","2028-01-07 18:04","302"
"SO_1270","삼길포항","2028-01-08","2028-01-08 13:13","602","2028-01-08 06:31","209","","","2028-01-08 19:35","287"
"SO_1270","삼길포항","2028-01-09","2028-01-09 00:00","733","2028-01-09 00:00","122","2028-01-09 01:18","542","2028-01-09 07:43","172"
"SO_1270","삼길포항","2028-01-10","2028-01-10 00:00","662","2028-01-10 00:00","175","2028-01-10 02:27","573","2028-01-10 08:43","124"
"SO_1270","삼길포항","2028-01-11","2028-01-11 03:25","613","2028-01-11 09:38","73","2028-01-11 16:07","756","2028-01-11 22:34","156"
"SO_1270","삼길포항","2028-01-12","2028-01-12 04:17","653","2028-01-12 10:29","28","2028-01-12 16:54","797","2028-01-12 23:20","115"
"SO_1270","삼길포항","2028-01-13","2028-01-13 05:05","689","2028-01-13 11:18","-7","2028-01-13 17:40","825","",""
"SO_1270","삼길포항","2028-01-14","2028-01-14 05:51","718","2028-01-14 00:04","81","2028-01-14 18:22","836","2028-01-14 12:05","-26"
"SO_1270","삼길포항","2028-01-15","2028-01-15 06:35","735","2028-01-15 00:46","58","2028-01-15 19:03","827","2028-01-15 12:49","-25"
"SO_1270","삼길포항","2028-01-16","2028-01-16 07:19","738","2028-01-16 01:25","49","2028-01-16 19:41","798","2028-01-16 13:32",""
"SO_1270","삼길포항","2028-01-17","2028-01-17 08:02","725","2028-01-17 02:03","54","2028-01-17 20:20","750","2028-01-17 14:15","48"
"SO_1270","삼길포항","2028-01-18","2028-01-18 08:47","697","2028-01-18 02:42","76","2028-01-18 21:00","689","2028-01-18 14:59","115"
"SO_1270","삼길포항","2028-01-19","2028-01-19 09:39","656","2028-01-19 03:22","111","2028-01-19 21:45","620","2028-01-19 15:50","192"
"SO_1270","삼길포항","2028-01-20","2028-01-20 10:44","615","2028-01-20 04:11","154","2028-01-20 22:46","555","2028-01-20 16:56","265"
"SO_1270","삼길포항","2028-01-21","2028-01-21 12:11","591","2028-01-21 05:18","194","","","2028-01-21 18:34","306"
"SO_1270","삼길포항","2028-01-22","2028-01-22 00:14","514","2028-01-22 06:45","209","2028-01-22 13:45","603","2028-01-22 20:15","293"
"SO_1270","삼길포항","2028-01-23","2028-01-23 01:50","518","2028-01-23 08:07","191","2028-01-23 14:58","638","2028-01-23 21:23","253"
"SO_1270","삼길포항","2028-01-24","2028-01-24 02:59","552","2028-01-24 09:08","156","2028-01-24 15:48","675","2028-01-24 22:10","213"
"SO_1270","삼길포항","2028-01-25","2028-01-25 03:48","592","2028-01-25 09:55","121","2028-01-25 16:27","704","2028-01-25 22:47","179"
"SO_1270","삼길포항","2028-01-26","2028-01-26 04:27","628","2028-01-26 10:33","91","2028-01-26 16:59","726","2028-01-26 23:19","152"
"SO_1270","삼길포항","2028-01-27","2028-01-27 05:01","657","2028-01-27 11:08","69","2028-01-27 17:27","741","2028-01-27 23:47","131"
"SO_1270","삼길포항","2028-01-28","2028-01-28 05:32","679","2028-01-28 11:39","55","2028-01-28 17:53","751","",""
"SO_1270","삼길포항","2028-01-29","2028-01-29 06:02","693","2028-01-29 00:14","114","2028-01-29 18:19","754","2028-01-29 12:10","51"
"SO_1270","삼길포항","2028-01-30","2028-01-30 06:32","700","2028-01-30 00:40","102","2028-01-30 18:45","748","2028-01-30 12:40","58"
"SO_1270","삼길포항","2028-01-31","2028-01-31 07:01","697","2028-01-31 01:05","98","2028-01-31 19:12","731","2028-01-31 13:11","79"
"SO_1270","삼길포항","2028-02-01","2028-02-01 07:32","686","2028-02-01 01:32","103","2028-02-01 19:39","703","2028-02-01 13:42","113"
"SO_1270","삼길포항","2028-02-02","2028-02-02 08:04","666","2028-02-02 01:59","117","2028-02-02 20:08","664","2028-02-02 14:14","159"
"SO_1270","삼길포항","2028-02-03","2028-02-03 08:42","638","2028-02-03 02:29","140","2028-02-03 20:43","617","2028-02-03 14:51","212"
"SO_1270","삼길포항","2028-02-04","2028-02-04 09:31","606","2028-02-04 03:07","170","2028-02-04 21:29","566","2028-02-04 15:40","269"
"SO_1270","삼길포항","2028-02-05","2028-02-05 10:44","580","2028-02-05 04:01","203","2028-02-05 22:43","519","2028-02-05 16:57","315"
"SO_1270","삼길포항","2028-02-06","2028-02-06 12:23","583","2028-02-06 05:25","222","","","2028-02-06 18:54","320"
"SO_1270","삼길포항","2028-02-07","2028-02-07 00:35","508","2028-02-07 07:05","201","2028-02-07 13:54","627","2028-02-07 20:29","271"
"SO_1270","삼길포항","2028-02-08","2028-02-08 02:08","547","2028-02-08 08:25","145","2028-02-08 15:02","691","2028-02-08 21:31","204"
"SO_1270","삼길포항","2028-02-09","2028-02-09 03:15","609","2028-02-09 09:27","78","2028-02-09 15:55","754","2028-02-09 22:21","136"
"SO_1270","삼길포항","2028-02-10","2028-02-10 04:08","673","2028-02-10 10:21","17","2028-02-10 16:41","805","2028-02-10 23:05","77"
"SO_1270","삼길포항","2028-02-11","2028-02-11 04:55","729","2028-02-11 11:09","-27","2028-02-11 17:24","836","2028-02-11 23:46","32"
"SO_1270","삼길포항","2028-02-12","2028-02-12 05:39","770","2028-02-12 11:53","-48","2028-02-12 18:03","845","",""
"SO_1270","삼길포항","2028-02-13","2028-02-13 06:20","793","2028-02-13 00:23","4","2028-02-13 18:40","831","2028-02-13 12:35","-41"
"SO_1270","삼길포항","2028-02-14","2028-02-14 07:00","796","2028-02-14 00:59","-4","2028-02-14 19:15","796","2028-02-14 13:15","-8"
"SO_1270","삼길포항","2028-02-15","2028-02-15 07:39","776","2028-02-15 01:33","8","2028-02-15 19:49","743","2028-02-15 13:54","50"
"SO_1270","삼길포항","2028-02-16","2028-02-16 08:19","735","2028-02-16 02:07","41","2028-02-16 20:24","677","2028-02-16 14:33","127"
"SO_1270","삼길포항","2028-02-17","2028-02-17 09:03","678","2028-02-17 02:42","91","2028-02-17 21:02","602","2028-02-17 15:16","212"
"SO_1270","삼길포항","2028-02-18","2028-02-18 10:00","613","2028-02-18 03:23","154","2028-02-18 21:54","528","2028-02-18 16:15","295"
"SO_1270","삼길포항","2028-02-19","2028-02-19 11:30","563","2028-02-19 04:22","220","2028-02-19 23:32","474","2028-02-19 18:06","345"
"SO_1270","삼길포항","2028-02-20","2028-02-20 13:30","565","2028-02-20 06:06","258","","","2028-02-20 20:12","321"
"SO_1270","삼길포항","2028-02-21","2028-02-21 01:39","485","2028-02-21 07:53","237","2028-02-21 14:49","605","2028-02-21 21:15","266"
"SO_1270","삼길포항","2028-02-22","2028-02-22 02:51","537","2028-02-22 08:57","189","2028-02-22 15:34","649","2028-02-22 21:54","214"
"SO_1270","삼길포항","2028-02-23","2028-02-23 03:36","593","2028-02-23 09:42","141","2028-02-23 16:07","686","2028-02-23 22:25","169"
"SO_1270","삼길포항","2028-02-24","2028-02-24 04:11","641","2028-02-24 10:17","100","2028-02-24 16:35","715","2028-02-24 22:53","132"
"SO_1270","삼길포항","2028-02-25","2028-02-25 04:42","681","2028-02-25 10:50","71","2028-02-25 17:02","736","2028-02-25 23:19","102"
"SO_1270","삼길포항","2028-02-26","2028-02-26 05:12","711","2028-02-26 11:21","53","2028-02-26 17:27","749","2028-02-26 23:45","80"
"SO_1270","삼길포항","2028-02-27","2028-02-27 05:41","731","2028-02-27 11:52","48","2028-02-27 17:53","753","",""
"SO_1270","삼길포항","2028-02-28","2028-02-28 06:10","740","2028-02-28 00:11","66","2028-02-28 18:19","746","2028-02-28 12:22","57"
"SO_1270","삼길포항","2028-02-29","2028-02-29 06:38","739","2028-02-29 00:36","63","2028-02-29 18:45","729","2028-02-29 12:51","79"
"SO_1270","삼길포항","2028-03-01","2028-03-01 07:06","730","2028-03-01 01:01","69","2028-03-01 19:10","702","2028-03-01 13:21","112"
"SO_1270","삼길포항","2028-03-02","2028-03-02 07:36","711","2028-03-02 01:27","84","2028-03-02 19:38","667","2028-03-02 13:50","155"
"SO_1270","삼길포항","2028-03-03","2028-03-03 08:10","682","2028-03-03 01:55","109","2028-03-03 20:09","623","2028-03-03 14:24","206"
"SO_1270","삼길포항","2028-03-04","2028-03-04 08:55","642","2028-03-04 02:30","143","2028-03-04 20:52","569","2028-03-04 15:09","263"
"SO_1270","삼길포항","2028-03-05","2028-03-05 10:03","600","2028-03-05 03:20","187","2028-03-05 22:06","514","2028-03-05 16:22","315"
"SO_1270","삼길포항","2028-03-06","2028-03-06 11:48","583","2028-03-06 04:45","224","","","2028-03-06 18:31","322"
"SO_1270","삼길포항","2028-03-07","2028-03-07 00:13","499","2028-03-07 06:41","214","2028-03-07 13:33","623","2028-03-07 20:12","262"
"SO_1270","삼길포항","2028-03-08","2028-03-08 01:56","552","2028-03-08 08:10","152","2028-03-08 14:43","689","2028-03-08 21:12","182"
"SO_1270","삼길포항","2028-03-09","2028-03-09 03:01","631","2028-03-09 09:14","78","2028-03-09 15:35","753","2028-03-09 21:59","105"
"SO_1270","삼길포항","2028-03-10","2028-03-10 03:52","708","2028-03-10 10:06","16","2028-03-10 16:19","799","2028-03-10 22:40","43"
"SO_1270","삼길포항","2028-03-11","2028-03-11 04:37","770","2028-03-11 10:53","-22","2028-03-11 16:59","822","2028-03-11 23:18","-1"
"SO_1270","삼길포항","2028-03-12","2028-03-12 05:19","812","2028-03-12 11:36","-33","2028-03-12 17:37","823","2028-03-12 23:55","-23"
"SO_1270","삼길포항","2028-03-13","2028-03-13 05:59","830","2028-03-13 12:16","-17","2028-03-13 18:13","802","",""
"SO_1270","삼길포항","2028-03-14","2028-03-14 06:37","824","2028-03-14 00:29","-23","2028-03-14 18:47","765","2028-03-14 12:55","24"
"SO_1270","삼길포항","2028-03-15","2028-03-15 07:15","796","2028-03-15 01:02","-2","2028-03-15 19:20","713","2028-03-15 13:32","84"
"SO_1270","삼길포항","2028-03-16","2028-03-16 07:53","747","2028-03-16 01:35","39","2028-03-16 19:54","652","2028-03-16 14:10","156"
"SO_1270","삼길포항","2028-03-17","2028-03-17 08:34","684","2028-03-17 02:08","96","2028-03-17 20:30","584","2028-03-17 14:51","235"
"SO_1270","삼길포항","2028-03-18","2028-03-18 09:24","614","2028-03-18 02:46","164","2028-03-18 21:19","516","2028-03-18 15:45","308"
"SO_1270","삼길포항","2028-03-19","2028-03-19 10:46","555","2028-03-19 03:38","235","2028-03-19 22:56","465","2028-03-19 17:33","353"
"SO_1270","삼길포항","2028-03-20","2028-03-20 12:51","545","2028-03-20 05:20","283","","","2028-03-20 19:42","328"
"SO_1270","삼길포항","2028-03-21","2028-03-21 01:10","478","2028-03-21 07:21","268","2028-03-21 14:14","580","2028-03-21 20:42","272"
"SO_1270","삼길포항","2028-03-22","2028-03-22 02:24","535","2028-03-22 08:29","217","2028-03-22 15:00","624","2028-03-22 21:19","215"
"SO_1270","삼길포항","2028-03-23","2028-03-23 03:08","597","2028-03-23 09:14","165","2028-03-23 15:33","664","2028-03-23 21:50","164"
"SO_1270","삼길포항","2028-03-24","2028-03-24 03:43","653","2028-03-24 09:51","121","2028-03-24 16:02","696","2028-03-24 22:18","120"
"SO_1270","삼길포항","2028-03-25","2028-03-25 04:15","699","2028-03-25 10:25","89","2028-03-25 16:30","719","2028-03-25 22:45","87"
"SO_1270","삼길포항","2028-03-26","2028-03-26 04:46","733","2028-03-26 10:58","72","2028-03-26 16:57","731","2028-03-26 23:13","64"
"SO_1270","삼길포항","2028-03-27","2028-03-27 05:16","755","2028-03-27 11:30","70","2028-03-27 17:25","733","2028-03-27 23:40","53"
"SO_1270","삼길포항","2028-03-28","2028-03-28 05:45","764","2028-03-28 12:01","80","2028-03-28 17:52","725","",""
"SO_1270","삼길포항","2028-03-29","2028-03-29 06:14","764","2028-03-29 00:07","51","2028-03-29 18:19","708","2028-03-29 12:32","101"
"SO_1270","삼길포항","2028-03-30","2028-03-30 06:43","755","2028-03-30 00:34","58","2028-03-30 18:47","685","2028-03-30 13:02","131"
"SO_1270","삼길포항","2028-03-31","2028-03-31 07:15","737","2028-03-31 01:02","74","2028-03-31 19:17","655","2028-03-31 13:34","168"
"SO_1270","삼길포항","2028-04-01","2028-04-01 07:51","707","2028-04-01 01:33","98","2028-04-01 19:52","614","2028-04-01 14:11","212"
"SO_1270","삼길포항","2028-04-02","2028-04-02 08:39","666","2028-04-02 02:12","135","2028-04-02 20:42","565","2028-04-02 15:00","261"
"SO_1270","삼길포항","2028-04-03","2028-04-03 09:48","622","2028-04-03 03:06","180","2028-04-03 22:04","520","2028-04-03 16:17","300"
"SO_1270","삼길포항","2028-04-04","2028-04-04 11:28","604","2028-04-04 04:32","218","","","2028-04-04 18:12","293"
"SO_1270","삼길포항","2028-04-05","2028-04-05 00:03","522","2028-04-05 06:23","209","2028-04-05 13:05","634","2028-04-05 19:41","233"
"SO_1270","삼길포항","2028-04-06","2028-04-06 01:36","582","2028-04-06 07:49","155","2028-04-06 14:14","687","2028-04-06 20:40","156"
"SO_1270","삼길포항","2028-04-07","2028-04-07 02:39","663","2028-04-07 08:53","93","2028-04-07 15:06","736","2028-04-07 21:27","86"
"SO_1270","삼길포항","2028-04-08","2028-04-08 03:30","737","2028-04-08 09:45","45","2028-04-08 15:50","768","2028-04-08 22:08","32"
"SO_1270","삼길포항","2028-04-09","2028-04-09 04:14","793","2028-04-09 10:32","21","2028-04-09 16:31","780","2028-04-09 22:47","-2"
"SO_1270","삼길포항","2028-04-10","2028-04-10 04:56","825","2028-04-10 11:15","20","2028-04-10 17:09","774","2028-04-10 23:24","-14"
"SO_1270","삼길포항","2028-04-11","2028-04-11 05:36","834","2028-04-11 11:57","42","2028-04-11 17:46","752","",""
"SO_1270","삼길포항","2028-04-12","2028-04-12 06:15","821","2028-04-12 00:00","-6","2028-04-12 18:22","719","2028-04-12 12:36","80"
"SO_1270","삼길포항","2028-04-13","2028-04-13 06:53","789","2028-04-13 00:34","20","2028-04-13 18:57","677","2028-04-13 13:15","131"
"SO_1270","삼길포항","2028-04-14","2028-04-14 07:31","742","2028-04-14 01:08","61","2028-04-14 19:32","629","2028-04-14 13:52","188"
"SO_1270","삼길포항","2028-04-15","2028-04-15 08:10","687","2028-04-15 01:42","113","2028-04-15 20:11","578","2028-04-15 14:33","246"
"SO_1270","삼길포항","2028-04-16","2028-04-16 08:55","628","2028-04-16 02:20","172","2028-04-16 21:00","526","2028-04-16 15:23","299"
"SO_1270","삼길포항","2028-04-17","2028-04-17 09:59","576","2028-04-17 03:09","232","2028-04-17 22:20","488","2028-04-17 16:43","332"
"SO_1270","삼길포항","2028-04-18","2028-04-18 11:34","550","2028-04-18 04:28","279","","","2028-04-18 18:30","323"
"SO_1270","삼길포항","2028-04-19","2028-04-19 00:11","491","2028-04-19 06:17","285","2028-04-19 13:04","563","2028-04-19 19:42","279"
"SO_1270","삼길포항","2028-04-20","2028-04-20 01:33","538","2028-04-20 07:39","250","2028-04-20 14:03","597","2028-04-20 20:27","225"
"SO_1270","삼길포항","2028-04-21","2028-04-21 02:26","598","2028-04-21 08:33","204","2028-04-21 14:45","633","2028-04-21 21:03","173"
"SO_1270","삼길포항","2028-04-22","2028-04-22 03:07","656","2028-04-22 09:16","163","2028-04-22 15:20","665","2028-04-22 21:36","128"
"SO_1270","삼길포항","2028-04-23","2028-04-23 03:42","705","2028-04-23 09:55","133","2028-04-23 15:53","687","2028-04-23 22:07","94"
"SO_1270","삼길포항","2028-04-24","2028-04-24 04:16","741","2028-04-24 10:31","116","2028-04-24 16:25","699","2028-04-24 22:38","72"
"SO_1270","삼길포항","2028-04-25","2028-04-25 04:49","764","2028-04-25 11:06","112","2028-04-25 16:56","702","2028-04-25 23:09","60"
"SO_1270","삼길포항","2028-04-26","2028-04-26 05:21","775","2028-04-26 11:41","119","2028-04-26 17:27","697","2028-04-26 23:40","58"
"SO_1270","삼길포항","2028-04-27","2028-04-27 05:53","777","2028-04-27 12:15","134","2028-04-27 17:59","685","",""
"SO_1270","삼길포항","2028-04-28","2028-04-28 06:27","770","2028-04-28 00:12","62","2028-04-28 18:32","668","2028-04-28 12:50","155"
"SO_1270","삼길포항","2028-04-29","2028-04-29 07:03","755","2028-04-29 00:45","75","2028-04-29 19:09","645","2028-04-29 13:27","181"
"SO_1270","삼길포항","2028-04-30","2028-04-30 07:46","729","2028-04-30 01:23","97","2028-04-30 19:52","614","2028-04-30 14:10","212"
"SO_1270","삼길포항","2028-05-01","2028-05-01 08:37","694","2028-05-01 02:09","130","2028-05-01 20:50","579","2028-05-01 15:04","242"
"SO_1270","삼길포항","2028-05-02","2028-05-02 09:43","660","2028-05-02 03:08","169","2028-05-02 22:09","558","2028-05-02 16:17","258"
"SO_1270","삼길포항","2028-05-03","2028-05-03 11:04","640","2028-05-03 04:27","200","2028-05-03 23:44","571","2028-05-03 17:42","245"
"SO_1270","삼길포항","2028-05-04","2028-05-04 12:26","648","2028-05-04 05:58","202","","","2028-05-04 18:59","201"
"SO_1270","삼길포항","2028-05-05","2028-05-05 01:06","622","2028-05-05 07:20","174","2028-05-05 13:34","673","2028-05-05 19:59","143"
"SO_1270","삼길포항","2028-05-06","2028-05-06 02:11","687","2028-05-06 08:26","137","2028-05-06 14:30","699","2028-05-06 20:50","90"
"SO_1270","삼길포항","2028-05-07","2028-05-07 03:04","747","2028-05-07 09:22","108","2028-05-07 15:18","716","2028-05-07 21:35","51"
"SO_1270","삼길포항","2028-05-08","2028-05-08 03:51","790","2028-05-08 10:12","94","2028-05-08 16:03","722","2028-05-08 22:17","29"
"SO_1270","삼길포항","2028-05-09","2028-05-09 04:35","811","2028-05-09 10:57","97","2028-05-09 16:44","716","2028-05-09 22:57","25"
"SO_1270","삼길포항","2028-05-10","2028-05-10 05:18","813","2028-05-10 11:41","113","2028-05-10 17:24","701","2028-05-10 23:36","36"
"SO_1270","삼길포항","2028-05-11","2028-05-11 05:58","799","2028-05-11 12:22","139","2028-05-11 18:03","681","",""
"SO_1270","삼길포항","2028-05-12","2028-05-12 06:37","774","2028-05-12 00:13","58","2028-05-12 18:41","656","2028-05-12 13:01","170"
"SO_1270","삼길포항","2028-05-13","2028-05-13 07:14","741","2028-05-13 00:48","89","2028-05-13 19:18","628","2028-05-13 13:38","203"
"SO_1270","삼길포항","2028-05-14","2028-05-14 07:50","703","2028-05-14 01:23","126","2028-05-14 19:57","597","2028-05-14 14:16","235"
"SO_1270","삼길포항","2028-05-15","2028-05-15 08:29","663","2028-05-15 02:01","168","2028-05-15 20:42","565","2028-05-15 14:58","265"
"SO_1270","삼길포항","2028-05-16","2028-05-16 09:15","624","2028-05-16 02:45","212","2028-05-16 21:41","538","2028-05-16 15:50","287"
"SO_1270","삼길포항","2028-05-17","2028-05-17 10:15","590","2028-05-17 03:43","255","2028-05-17 23:01","529","2028-05-17 17:00","294"
"SO_1270","삼길포항","2028-05-18","2028-05-18 11:30","573","2028-05-18 05:01","283","","","2028-05-18 18:15","276"
"SO_1270","삼길포항","2028-05-19","2028-05-19 00:25","552","2028-05-19 06:28","281","2028-05-19 12:45","580","2028-05-19 19:18","239"
"SO_1270","삼길포항","2028-05-20","2028-05-20 01:32","598","2028-05-20 07:40","256","2028-05-20 13:44","601","2028-05-20 20:07","195"
"SO_1270","삼길포항","2028-05-21","2028-05-21 02:23","651","2028-05-21 08:35","223","2028-05-21 14:31","627","2028-05-21 20:49","154"
"SO_1270","삼길포항","2028-05-22","2028-05-22 03:06","698","2028-05-22 09:22","194","2028-05-22 15:13","649","2028-05-22 21:27","120"
"SO_1270","삼길포항","2028-05-23","2028-05-23 03:45","736","2028-05-23 10:04","174","2028-05-23 15:51","664","2028-05-23 22:04","95"
"SO_1270","삼길포항","2028-05-24","2028-05-24 04:22","763","2028-05-24 10:44","163","2028-05-24 16:29","674","2028-05-24 22:41","77"
"SO_1270","삼길포항","2028-05-25","2028-05-25 05:00","781","2028-05-25 11:24","158","2028-05-25 17:07","678","2028-05-25 23:19","67"
"SO_1270","삼길포항","2028-05-26","2028-05-26 05:38","790","2028-05-26 12:04","159","2028-05-26 17:46","677","2028-05-26 23:58","64"
"SO_1270","삼길포항","2028-05-27","2028-05-27 06:18","792","2028-05-27 12:44","163","2028-05-27 18:27","672","",""
"SO_1270","삼길포항","2028-05-28","2028-05-28 07:01","785","2028-05-28 00:39","69","2028-05-28 19:10","662","2028-05-28 13:27","170"
"SO_1270","삼길포항","2028-05-29","2028-05-29 07:45","768","2028-05-29 01:23","84","2028-05-29 19:59","648","2028-05-29 14:12","181"
"SO_1270","삼길포항","2028-05-30","2028-05-30 08:34","742","2028-05-30 02:12","110","2028-05-30 20:54","632","2028-05-30 15:03","192"
"SO_1270","삼길포항","2028-05-31","2028-05-31 09:29","709","2028-05-31 03:07","145","2028-05-31 22:00","621","2028-05-31 15:59","199"
"SO_1270","삼길포항","2028-06-01","2028-06-01 10:32","677","2028-06-01 04:12","182","2028-06-01 23:16","627","2028-06-01 17:04","196"
"SO_1270","삼길포항","2028-06-02","2028-06-02 11:41","655","2028-06-02 05:27","208","","","2028-06-02 18:12","179"
"SO_1270","삼길포항","2028-06-03","2028-06-03 00:32","654","2028-06-03 06:46","214","2028-06-03 12:50","647","2028-06-03 19:16","151"
"SO_1270","삼길포항","2028-06-04","2028-06-04 01:41","694","2028-06-04 07:59","204","2028-06-04 13:53","650","2028-06-04 20:14","120"
"SO_1270","삼길포항","2028-06-05","2028-06-05 02:41","735","2028-06-05 09:02","188","2028-06-05 14:50","659","2028-06-05 21:06","95"
"SO_1270","삼길포항","2028-06-06","2028-06-06 03:34","766","2028-06-06 09:57","175","2028-06-06 15:41","666","2028-06-06 21:53","79"
"SO_1270","삼길포항","2028-06-07","2028-06-07 04:21","783","2028-06-07 10:46","169","2028-06-07 16:27","671","2028-06-07 22:38","74"
"SO_1270","삼길포항","2028-06-08","2028-06-08 05:06","788","2028-06-08 11:31","169","2028-06-08 17:11","672","2028-06-08 23:19","78"
"SO_1270","삼길포항","2028-06-09","2028-06-09 05:46","783","2028-06-09 12:11","175","2028-06-09 17:50","669","2028-06-09 23:57","88"
"SO_1270","삼길포항","2028-06-10","2028-06-10 06:22","771","2028-06-10 12:48","183","2028-06-10 18:28","663","",""
"SO_1270","삼길포항","2028-06-11","2028-06-11 06:56","756","2028-06-11 00:33","103","2028-06-11 19:03","653","2028-06-11 13:22","193"
"SO_1270","삼길포항","2028-06-12","2028-06-12 07:27","737","2028-06-12 01:08","123","2028-06-12 19:39","640","2028-06-12 13:53","203"
"SO_1270","삼길포항","2028-06-13","2028-06-13 08:00","713","2028-06-13 01:42","149","2028-06-13 20:18","623","2028-06-13 14:27","216"
"SO_1270","삼길포항","2028-06-14","2028-06-14 08:35","682","2028-06-14 02:21","183","2028-06-14 21:03","602","2028-06-14 15:04","230"
"SO_1270","삼길포항","2028-06-15","2028-06-15 09:18","647","2028-06-15 03:05","225","2028-06-15 22:01","585","2028-06-15 15:50","244"
"SO_1270","삼길포항","2028-06-16","2028-06-16 10:11","610","2028-06-16 04:01","268","2028-06-16 23:12","581","2028-06-16 16:48","253"
"SO_1270","삼길포항","2028-06-17","2028-06-17 11:18","584","2028-06-17 05:13","300","","","2028-06-17 17:57","247"
"SO_1270","삼길포항","2028-06-18","2028-06-18 00:28","601","2028-06-18 06:36","306","2028-06-18 12:32","578","2028-06-18 19:03","223"
"SO_1270","삼길포항","2028-06-19","2028-06-19 01:34","639","2028-06-19 07:50","287","2028-06-19 13:38","591","2028-06-19 19:59","189"
"SO_1270","삼길포항","2028-06-20","2028-06-20 02:28","684","2028-06-20 08:49","258","2028-06-20 14:34","613","2028-06-20 20:49","152"
"SO_1270","삼길포항","2028-06-21","2028-06-21 03:16","726","2028-06-21 09:39","228","2028-06-21 15:22","638","2028-06-21 21:35","118"
"SO_1270","삼길포항","2028-06-22","2028-06-22 04:01","763","2028-06-22 10:26","201","2028-06-22 16:08","661","2028-06-22 22:20","89"
"SO_1270","삼길포항","2028-06-23","2028-06-23 04:45","793","2028-06-23 11:11","176","2028-06-23 16:54","682","2028-06-23 23:05","65"
"SO_1270","삼길포항","2028-06-24","2028-06-24 05:28","815","2028-06-24 11:55","156","2028-06-24 17:38","698","2028-06-24 23:51","49"
"SO_1270","삼길포항","2028-06-25","2028-06-25 06:11","829","2028-06-25 12:38","139","2028-06-25 18:23","710","",""
"SO_1270","삼길포항","2028-06-26","2028-06-26 06:54","830","2028-06-26 00:36","44","2028-06-26 19:08","716","2028-06-26 13:20","127"
"SO_1270","삼길포항","2028-06-27","2028-06-27 07:36","818","2028-06-27 01:21","54","2028-06-27 19:54","714","2028-06-27 14:02","123"
"SO_1270","삼길포항","2028-06-28","2028-06-28 08:19","790","2028-06-28 02:06","80","2028-06-28 20:43","704","2028-06-28 14:44","128"
"SO_1270","삼길포항","2028-06-29","2028-06-29 09:04","749","2028-06-29 02:55","123","2028-06-29 21:38","687","2028-06-29 15:30","142"
"SO_1270","삼길포항","2028-06-30","2028-06-30 09:54","698","2028-06-30 03:48","177","2028-06-30 22:42","671","2028-06-30 16:22","160"
"SO_1270","삼길포항","2028-07-01","2028-07-01 10:54","648","2028-07-01 04:53","232","2028-07-01 23:57","665","2028-07-01 17:24","176"
"SO_1270","삼길포항","2028-07-02","2028-07-02 12:06","612","2028-07-02 06:13","270","","","2028-07-02 18:35","180"
"SO_1270","삼길포항","2028-07-03","2028-07-03 01:16","679","2028-07-03 07:39","277","2028-07-03 13:23","600","2028-07-03 19:45","168"
"SO_1270","삼길포항","2028-07-04","2028-07-04 02:27","707","2028-07-04 08:52","258","2028-07-04 14:33","611","2028-07-04 20:47","147"
"SO_1270","삼길포항","2028-07-05","2028-07-05 03:26","737","2028-07-05 09:51","232","2028-07-05 15:30","633","2028-07-05 21:40","126"
"SO_1270","삼길포항","2028-07-06","2028-07-06 04:15","760","2028-07-06 10:40","208","2028-07-06 16:19","655","2028-07-06 22:26","109"
"SO_1270","삼길포항","2028-07-07","2028-07-07 04:57","774","2028-07-07 11:21","189","2028-07-07 17:00","674","2028-07-07 23:07","99"
"SO_1270","삼길포항","2028-07-08","2028-07-08 05:32","781","2028-07-08 11:56","177","2028-07-08 17:37","687","2028-07-08 23:44","95"
"SO_1270","삼길포항","2028-07-09","2028-07-09 06:04","783","2028-07-09 12:28","168","2028-07-09 18:11","695","",""
"SO_1270","삼길포항","2028-07-10","2028-07-10 06:33","780","2028-07-10 00:17","97","2028-07-10 18:43","698","2028-07-10 12:57","162"
"SO_1270","삼길포항","2028-07-11","2028-07-11 07:01","772","2028-07-11 00:49","107","2028-07-11 19:16","695","2028-07-11 13:25","160"
"SO_1270","삼길포항","2028-07-12","2028-07-12 07:29","756","2028-07-12 01:21","126","2028-07-12 19:49","684","2028-07-12 13:53","164"
"SO_1270","삼길포항","2028-07-13","2028-07-13 07:59","729","2028-07-13 01:55","158","2028-07-13 20:27","665","2028-07-13 14:23","176"
"SO_1270","삼길포항","2028-07-14","2028-07-14 08:33","691","2028-07-14 02:32","201","2028-07-14 21:11","641","2028-07-14 14:59","196"
"SO_1270","삼길포항","2028-07-15","2028-07-15 09:13","646","2028-07-15 03:15","253","2028-07-15 22:07","618","2028-07-15 15:42","221"
"SO_1270","삼길포항","2028-07-16","2028-07-16 10:05","600","2028-07-16 04:10","303","2028-07-16 23:20","609","2028-07-16 16:40","242"
"SO_1270","삼길포항","2028-07-17","2028-07-17 11:18","567","2028-07-17 05:28","338","","","2028-07-17 17:56","245"
"SO_1270","삼길포항","2028-07-18","2028-07-18 00:42","626","2028-07-18 07:02","337","2028-07-18 12:45","563","2028-07-18 19:13","222"
"SO_1270","삼길포항","2028-07-19","2028-07-19 01:54","666","2028-07-19 08:20","304","2028-07-19 14:00","587","2028-07-19 20:18","180"
"SO_1270","삼길포항","2028-07-20","2028-07-20 02:53","717","2028-07-20 09:20","257","2028-07-20 15:01","627","2028-07-20 21:14","130"
"SO_1270","삼길포항","2028-07-21","2028-07-21 03:44","768","2028-07-21 10:11","208","2028-07-21 15:54","671","2028-07-21 22:06","83"
"SO_1270","삼길포항","2028-07-22","2028-07-22 04:31","813","2028-07-22 10:58","161","2028-07-22 16:42","712","2028-07-22 22:55","44"
"SO_1270","삼길포항","2028-07-23","2028-07-23 05:16","847","2028-07-23 11:41","120","2028-07-23 17:28","747","2028-07-23 23:42","18"
"SO_1270","삼길포항","2028-07-24","2028-07-24 05:58","867","2028-07-24 12:22","88","2028-07-24 18:12","773","",""
"SO_1270","삼길포항","2028-07-25","2028-07-25 06:38","869","2028-07-25 00:26","10","2028-07-25 18:55","787","2028-07-25 13:01","68"
"SO_1270","삼길포항","2028-07-26","2028-07-26 07:16","851","2028-07-26 01:09","23","2028-07-26 19:38","785","2028-07-26 13:39","63"
"SO_1270","삼길포항","2028-07-27","2028-07-27 07:55","814","2028-07-27 01:51","59","2028-07-27 20:22","766","2028-07-27 14:16","75"
"SO_1270","삼길포항","2028-07-28","2028-07-28 08:34","760","2028-07-28 02:35","117","2028-07-28 21:10","732","2028-07-28 14:56","104"
"SO_1270","삼길포항","2028-07-29","2028-07-29 09:17","694","2028-07-29 03:22","190","2028-07-29 22:09","689","2028-07-29 15:41","146"
"SO_1270","삼길포항","2028-07-30","2028-07-30 10:12","625","2028-07-30 04:21","266","2028-07-30 23:26","653","2028-07-30 16:40","192"
"SO_1270","삼길포항","2028-07-31","2028-07-31 11:29","571","2028-07-31 05:45","322","","","2028-07-31 18:00","223"
"SO_1270","삼길포항","2028-08-01","2028-08-01 01:01","648","2028-08-01 07:32","328","2028-08-01 13:07","558","2028-08-01 19:30","219"
"SO_1270","삼길포항","2028-08-02","2028-08-02 02:24","676","2028-08-02 08:52","292","2028-08-02 14:29","585","2028-08-02 20:40","187"
"SO_1270","삼길포항","2028-08-03","2028-08-03 03:23","714","2028-08-03 09:47","247","2028-08-03 15:26","627","2028-08-03 21:34","151"
"SO_1270","삼길포항","2028-08-04","2028-08-04 04:07","746","2028-08-04 10:28","208","2028-08-04 16:09","667","2028-08-04 22:17","121"
"SO_1270","삼길포항","2028-08-05","2028-08-05 04:42","769","2028-08-05 11:02","177","2028-08-05 16:46","699","2028-08-05 22:53","99"
"SO_1270","삼길포항","2028-08-06","2028-08-06 05:12","783","2028-08-06 11:32","153","2028-08-06 17:19","722","2028-08-06 23:26","86"
"SO_1270","삼길포항","2028-08-07","2028-08-07 05:39","792","2028-08-07 12:00","135","2028-08-07 17:49","738","2028-08-07 23:58","83"
"SO_1270","삼길포항","2028-08-08","2028-08-08 06:06","795","2028-08-08 12:26","122","2028-08-08 18:19","746","",""
"SO_1270","삼길포항","2028-08-09","2028-08-09 06:32","790","2028-08-09 00:28","90","2028-08-09 18:49","746","2028-08-09 12:52","117"
"SO_1270","삼길포항","2028-08-10","2028-08-10 06:59","774","2028-08-10 00:59","110","2028-08-10 19:20","736","2028-08-10 13:18","121"
"SO_1270","삼길포항","2028-08-11","2028-08-11 07:26","746","2028-08-11 01:30","143","2028-08-11 19:52","715","2028-08-11 13:46","136"
"SO_1270","삼길포항","2028-08-12","2028-08-12 07:55","707","2028-08-12 02:02","188","2028-08-12 20:29","686","2028-08-12 14:16","161"
"SO_1270","삼길포항","2028-08-13","2028-08-13 08:28","660","2028-08-13 02:38","241","2028-08-13 21:15","651","2028-08-13 14:52","193"
"SO_1270","삼길포항","2028-08-14","2028-08-14 09:11","608","2028-08-14 03:23","298","2028-08-14 22:21","620","2028-08-14 15:41","229"
"SO_1270","삼길포항","2028-08-15","2028-08-15 10:18","560","2028-08-15 04:32","346","2028-08-15 23:54","614","2028-08-15 16:57","255"
"SO_1270","삼길포항","2028-08-16","2028-08-16 12:03","542","2028-08-16 06:21","359","","","2028-08-16 18:35","243"
"SO_1270","삼길포항","2028-08-17","2028-08-17 01:26","650","2028-08-17 07:59","317","2028-08-17 13:39","575","2028-08-17 19:56","193"
"SO_1270","삼길포항","2028-08-18","2028-08-18 02:34","710","2028-08-18 09:03","250","2028-08-18 14:47","635","2028-08-18 21:00","127"
"SO_1270","삼길포항","2028-08-19","2028-08-19 03:28","774","2028-08-19 09:53","181","2028-08-19 15:40","700","2028-08-19 21:53","65"
"SO_1270","삼길포항","2028-08-20","2028-08-20 04:14","827","2028-08-20 10:37","118","2028-08-20 16:28","759","2028-08-20 22:42","17"
"SO_1270","삼길포항","2028-08-21","2028-08-21 04:56","864","2028-08-21 11:18","67","2028-08-21 17:12","805","2028-08-21 23:28","-10"
"SO_1270","삼길포항","2028-08-22","2028-08-22 05:36","880","2028-08-22 11:57","32","2028-08-22 17:54","835","",""
"SO_1270","삼길포항","2028-08-23","2028-08-23 06:14","874","2028-08-23 00:10","-11","2028-08-23 18:35","845","2028-08-23 12:34","16"
"SO_1270","삼길포항","2028-08-24","2028-08-24 06:51","846","2028-08-24 00:52","13","2028-08-24 19:15","833","2028-08-24 13:10","20"
"SO_1270","삼길포항","2028-08-25","2028-08-25 07:27","800","2028-08-25 01:32","61","2028-08-25 19:57","799","2028-08-25 13:45","45"
"SO_1270","삼길포항","2028-08-26","2028-08-26 08:04","738","2028-08-26 02:13","130","2028-08-26 20:42","746","2028-08-26 14:22","90"
"SO_1270","삼길포항","2028-08-27","2028-08-27 08:45","666","2028-08-27 02:58","212","2028-08-27 21:38","682","2028-08-27 15:05","151"
"SO_1270","삼길포항","2028-08-28","2028-08-28 09:37","591","2028-08-28 03:55","294","2028-08-28 22:59","627","2028-08-28 16:02","218"
"SO_1270","삼길포항","2028-08-29","2028-08-29 11:05","533","2028-08-29 05:28","351","","","2028-08-29 17:35","263"
"SO_1270","삼길포항","2028-08-30","2028-08-30 00:50","615","2028-08-30 07:30","342","2028-08-30 13:03","532","2028-08-30 19:21","253"
"SO_1270","삼길포항","2028-08-31","2028-08-31 02:16","648","2028-08-31 08:43","290","2028-08-31 14:23","580","2028-08-31 20:32","209"
"SO_1270","삼길포항","2028-09-01","2028-09-01 03:09","690","2028-09-01 09:29","235","2028-09-01 15:13","636","2028-09-01 21:21","161"
"SO_1270","삼길포항","2028-09-02","2028-09-02 03:46","727","2028-09-02 10:03","188","2028-09-02 15:51","686","2028-09-02 21:59","122"
"SO_1270","삼길포항","2028-09-03","2028-09-03 04:16","754","2028-09-03 10:33","149","2028-09-03 16:24","725","2028-09-03 22:33","95"
"SO_1270","삼길포항","2028-09-04","2028-09-04 04:43","773","2028-09-04 11:01","120","2028-09-04 16:55","755","2028-09-04 23:05","79"
"SO_1270","삼길포항","2028-09-05","2028-09-05 05:10","784","2028-09-05 11:27","98","2028-09-05 17:24","774","2028-09-05 23:36","75"
"SO_1270","삼길포항","2028-09-06","2028-09-06 05:37","786","2028-09-06 11:53","86","2028-09-06 17:54","782","",""
"SO_1270","삼길포항","2028-09-07","2028-09-07 06:03","778","2028-09-07 00:06","85","2028-09-07 18:23","779","2028-09-07 12:19","83"
"SO_1270","삼길포항","2028-09-08","2028-09-08 06:30","759","2028-09-08 00:36","107","2028-09-08 18:51","767","2028-09-08 12:46","91"
"SO_1270","삼길포항","2028-09-09","2028-09-09 06:56","731","2028-09-09 01:06","141","2028-09-09 19:22","744","2028-09-09 13:12","109"
"SO_1270","삼길포항","2028-09-10","2028-09-10 07:24","695","2028-09-10 01:37","184","2028-09-10 19:55","713","2028-09-10 13:41","136"
"SO_1270","삼길포항","2028-09-11","2028-09-11 07:55","651","2028-09-11 02:10","233","2028-09-11 20:38","673","2028-09-11 14:16","172"
"SO_1270","삼길포항","2028-09-12","2028-09-12 08:37","600","2028-09-12 02:53","286","2028-09-12 21:40","630","2028-09-12 15:02","214"
"SO_1270","삼길포항","2028-09-13","2028-09-13 09:44","549","2028-09-13 03:59","335","2028-09-13 23:17","610","2028-09-13 16:18","251"
"SO_1270","삼길포항","2028-09-14","2028-09-14 11:41","531","2028-09-14 05:54","347","","","2028-09-14 18:08","247"
"SO_1270","삼길포항","2028-09-15","2028-09-15 01:00","641","2028-09-15 07:37","294","2028-09-15 13:24","577","2028-09-15 19:39","191"
"SO_1270","삼길포항","2028-09-16","2028-09-16 02:11","703","2028-09-16 08:39","216","2028-09-16 14:31","654","2028-09-16 20:44","118"
"SO_1270","삼길포항","2028-09-17","2028-09-17 03:04","767","2028-09-17 09:27","137","2028-09-17 15:22","732","2028-09-17 21:36","53"
"SO_1270","삼길포항","2028-09-18","2028-09-18 03:49","818","2028-09-18 10:09","70","2028-09-18 16:08","799","2028-09-18 22:24","8"
"SO_1270","삼길포항","2028-09-19","2028-09-19 04:31","847","2028-09-19 10:49","21","2028-09-19 16:51","846","2028-09-19 23:09","-10"
"SO_1270","삼길포항","2028-09-20","2028-09-20 05:10","853","2028-09-20 11:27","-8","2028-09-20 17:32","871","2028-09-20 23:51","-2"
"SO_1270","삼길포항","2028-09-21","2028-09-21 05:48","838","2028-09-21 12:04","-14","2028-09-21 18:13","870","",""
"SO_1270","삼길포항","2028-09-22","2028-09-22 06:24","805","2028-09-22 00:32","31","2028-09-22 18:53","846","2028-09-22 12:40","1"
"SO_1270","삼길포항","2028-09-23","2028-09-23 07:01","756","2028-09-23 01:13","85","2028-09-23 19:34","800","2028-09-23 13:16","38"
"SO_1270","삼길포항","2028-09-24","2028-09-24 07:39","695","2028-09-24 01:54","153","2028-09-24 20:18","737","2028-09-24 13:53","93"
"SO_1270","삼길포항","2028-09-25","2028-09-25 08:20","627","2028-09-25 02:38","229","2028-09-25 21:11","667","2028-09-25 14:35","162"
"SO_1270","삼길포항","2028-09-26","2028-09-26 09:14","560","2028-09-26 03:35","301","2028-09-26 22:30","606","2028-09-26 15:31","233"
"SO_1270","삼길포항","2028-09-27","2028-09-27 10:46","511","2028-09-27 05:11","345","","","2028-09-27 17:06","282"
"SO_1270","삼길포항","2028-09-28","2028-09-28 00:20","587","2028-09-28 07:05","329","2028-09-28 12:44","520","2028-09-28 18:57","273"
"SO_1270","삼길포항","2028-09-29","2028-09-29 01:45","613","2028-09-29 08:13","277","2028-09-29 14:00","573","2028-09-29 20:08","228"
"SO_1270","삼길포항","2028-09-30","2028-09-30 02:36","653","2028-09-30 08:55","220","2028-09-30 14:48","634","2028-09-30 20:55","178"
"SO_1270","삼길포항","2028-10-01","2028-10-01 03:12","689","2028-10-01 09:28","169","2028-10-01 15:25","690","2028-10-01 21:34","136"
"SO_1270","삼길포항","2028-10-02","2028-10-02 03:43","720","2028-10-02 09:57","126","2028-10-02 15:57","735","2028-10-02 22:08","105"
"SO_1270","삼길포항","2028-10-03","2028-10-03 04:11","741","2028-10-03 10:25","93","2028-10-03 16:28","768","2028-10-03 22:41","89"
"SO_1270","삼길포항","2028-10-04","2028-10-04 04:39","752","2028-10-04 10:53","72","2028-10-04 16:59","787","2028-10-04 23:13","86"
"SO_1270","삼길포항","2028-10-05","2028-10-05 05:08","752","2028-10-05 11:21","62","2028-10-05 17:28","794","2028-10-05 23:45","97"
"SO_1270","삼길포항","2028-10-06","2028-10-06 05:36","742","2028-10-06 11:49","63","2028-10-06 17:58","790","",""
"SO_1270","삼길포항","2028-10-07","2028-10-07 06:04","724","2028-10-07 00:16","118","2028-10-07 18:27","777","2028-10-07 12:17","74"
"SO_1270","삼길포항","2028-10-08","2028-10-08 06:32","699","2028-10-08 00:47","148","2028-10-08 18:58","755","2028-10-08 12:45","92"
"SO_1270","삼길포항","2028-10-09","2028-10-09 07:02","668","2028-10-09 01:18","183","2028-10-09 19:33","725","2028-10-09 13:16","117"
"SO_1270","삼길포항","2028-10-10","2028-10-10 07:36","629","2028-10-10 01:54","224","2028-10-10 20:17","686","2028-10-10 13:53","152"
"SO_1270","삼길포항","2028-10-11","2028-10-11 08:22","584","2028-10-11 02:39","267","2028-10-11 21:19","643","2028-10-11 14:43","194"
"SO_1270","삼길포항","2028-10-12","2028-10-12 09:35","542","2028-10-12 03:48","304","2028-10-12 22:49","619","2028-10-12 15:59","232"
"SO_1270","삼길포항","2028-10-13","2028-10-13 11:26","536","2028-10-13 05:31","304","","","2028-10-13 17:44","233"
"SO_1270","삼길포항","2028-10-14","2028-10-14 00:26","638","2028-10-14 07:03","251","2028-10-14 13:01","590","2028-10-14 19:14","185"
"SO_1270","삼길포항","2028-10-15","2028-10-15 01:38","686","2028-10-15 08:05","176","2028-10-15 14:07","669","2028-10-15 20:21","122"
"SO_1270","삼길포항","2028-10-16","2028-10-16 02:33","737","2028-10-16 08:54","101","2028-10-16 14:59","748","2028-10-16 21:15","68"
"SO_1270","삼길포항","2028-10-17","2028-10-17 03:20","775","2028-10-17 09:38","40","2028-10-17 15:45","811","2028-10-17 22:04","34"
"SO_1270","삼길포항","2028-10-18","2028-10-18 04:02","794","2028-10-18 10:19","-1","2028-10-18 16:29","852","2028-10-18 22:49","25"
"SO_1270","삼길포항","2028-10-19","2028-10-19 04:43","794","2028-10-19 10:58","-19","2028-10-19 17:11","867","2028-10-19 23:33","38"
"SO_1270","삼길포항","2028-10-20","2028-10-20 05:23","776","2028-10-20 11:37","-17","2028-10-20 17:53","858","",""
"SO_1270","삼길포항","2028-10-21","2028-10-21 06:02","745","2028-10-21 00:16","71","2028-10-21 18:34","828","2028-10-21 12:15","6"
"SO_1270","삼길포항","2028-10-22","2028-10-22 06:41","704","2028-10-22 00:57","117","2028-10-22 19:15","781","2028-10-22 12:52","46"
"SO_1270","삼길포항","2028-10-23","2028-10-23 07:20","655","2028-10-23 01:39","171","2028-10-23 19:58","723","2028-10-23 13:30","99"
"SO_1270","삼길포항","2028-10-24","2028-10-24 08:03","602","2028-10-24 02:23","227","2028-10-24 20:46","662","2028-10-24 14:12","160"
"SO_1270","삼길포항","2028-10-25","2028-10-25 08:55","551","2028-10-25 03:16","278","2028-10-25 21:47","606","2028-10-25 15:03","222"
"SO_1270","삼길포항","2028-10-26","2028-10-26 10:12","513","2028-10-26 04:30","312","2028-10-26 23:12","573","2028-10-26 16:18","272"
"SO_1270","삼길포항","2028-10-27","2028-10-27 11:53","513","2028-10-27 06:04","308","","","2028-10-27 17:58","284"
"SO_1270","삼길포항","2028-10-28","2028-10-28 00:40","576","2028-10-28 07:17","270","2028-10-28 13:15","554","2028-10-28 19:20","256"
"SO_1270","삼길포항","2028-10-29","2028-10-29 01:42","602","2028-10-29 08:07","219","2028-10-29 14:10","612","2028-10-29 20:17","214"
"SO_1270","삼길포항","2028-10-30","2028-10-30 02:27","635","2028-10-30 08:45","168","2028-10-30 14:51","670","2028-10-30 21:02","172"
"SO_1270","삼길포항","2028-10-31","2028-10-31 03:03","666","2028-10-31 09:18","123","2028-10-31 15:28","719","2028-10-31 21:40","141"
"SO_1270","삼길포항","2028-11-01","2028-11-01 03:36","689","2028-11-01 09:49","89","2028-11-01 16:01","754","2028-11-01 22:16","122"
"SO_1270","삼길포항","2028-11-02","2028-11-02 04:09","701","2028-11-02 10:20","67","2028-11-02 16:34","776","2028-11-02 22:51","116"
"SO_1270","삼길포항","2028-11-03","2028-11-03 04:40","704","2028-11-03 10:52","56","2028-11-03 17:06","785","2028-11-03 23:25","121"
"SO_1270","삼길포항","2028-11-04","2028-11-04 05:12","699","2028-11-04 11:23","55","2028-11-04 17:38","784","2028-11-04 23:59","135"
"SO_1270","삼길포항","2028-11-05","2028-11-05 05:44","687","2028-11-05 11:55","61","2028-11-05 18:11","776","",""
"SO_1270","삼길포항","2028-11-06","2028-11-06 06:16","670","2028-11-06 00:33","154","2028-11-06 18:45","760","2028-11-06 12:28","74"
"SO_1270","삼길포항","2028-11-07","2028-11-07 06:51","648","2028-11-07 01:09","176","2028-11-07 19:24","736","2028-11-07 13:04","95"
"SO_1270","삼길포항","2028-11-08","2028-11-08 07:31","620","2028-11-08 01:49","202","2028-11-08 20:10","705","2028-11-08 13:46","124"
"SO_1270","삼길포항","2028-11-09","2028-11-09 08:22","588","2028-11-09 02:37","227","2028-11-09 21:07","670","2028-11-09 14:38","161"
"SO_1270","삼길포항","2028-11-10","2028-11-10 09:32","562","2028-11-10 03:40","245","2028-11-10 22:20","643","2028-11-10 15:47","196"
"SO_1270","삼길포항","2028-11-11","2028-11-11 11:01","564","2028-11-11 04:58","241","2028-11-11 23:42","639","2028-11-11 17:15","209"
"SO_1270","삼길포항","2028-11-12","2028-11-12 12:28","605","2028-11-12 06:18","206","","","2028-11-12 18:41","191"
"SO_1270","삼길포항","2028-11-13","2028-11-13 00:56","657","2028-11-13 07:24","150","2028-11-13 13:38","670","2028-11-13 19:53","153"
"SO_1270","삼길포항","2028-11-14","2028-11-14 01:57","685","2028-11-14 08:18","92","2028-11-14 14:35","736","2028-11-14 20:53","116"
"SO_1270","삼길포항","2028-11-15","2028-11-15 02:49","708","2028-11-15 09:07","44","2028-11-15 15:25","789","2028-11-15 21:45","92"
"SO_1270","삼길포항","2028-11-16","2028-11-16 03:37","720","2028-11-16 09:52","12","2028-11-16 16:12","820","2028-11-16 22:34","85"
"SO_1270","삼길포항","2028-11-17","2028-11-17 04:22","721","2028-11-17 10:35","-1","2028-11-17 16:56","830","2028-11-17 23:20","92"
"SO_1270","삼길포항","2028-11-18","2028-11-18 05:05","712","2028-11-18 11:16","4","2028-11-18 17:40","821","",""
"SO_1270","삼길포항","2028-11-19","2028-11-19 05:47","693","2028-11-19 00:04","111","2028-11-19 18:21","797","2028-11-19 11:57","23"
"SO_1270","삼길포항","2028-11-20","2028-11-20 06:27","669","2028-11-20 00:47","138","2028-11-20 19:01","763","2028-11-20 12:36","53"
"SO_1270","삼길포항","2028-11-21","2028-11-21 07:07","640","2028-11-21 01:27","169","2028-11-21 19:39","722","2028-11-21 13:14","92"
"SO_1270","삼길포항","2028-11-22","2028-11-22 07:47","607","2028-11-22 02:07","201","2028-11-22 20:17","678","2028-11-22 13:52","138"
"SO_1270","삼길포항","2028-11-23","2028-11-23 08:31","573","2028-11-23 02:48","231","2028-11-23 21:00","633","2028-11-23 14:35","186"
"SO_1270","삼길포항","2028-11-24","2028-11-24 09:27","542","2028-11-24 03:36","256","2028-11-24 21:54","592","2028-11-24 15:27","235"
"SO_1270","삼길포항","2028-11-25","2028-11-25 10:40","526","2028-11-25 04:37","269","2028-11-25 23:04","564","2028-11-25 16:38","272"
"SO_1270","삼길포항","2028-11-26","2028-11-26 12:05","538","2028-11-26 05:51","262","","","2028-11-26 18:06","283"
"SO_1270","삼길포항","2028-11-27","2028-11-27 00:21","560","2028-11-27 06:59","232","2028-11-27 13:17","579","2028-11-27 19:24","263"
"SO_1270","삼길포항","2028-11-28","2028-11-28 01:27","576","2028-11-28 07:52","190","2028-11-28 14:12","631","2028-11-28 20:23","229"
"SO_1270","삼길포항","2028-11-29","2028-11-29 02:18","601","2028-11-29 08:35","147","2028-11-29 14:56","679","2028-11-29 21:11","196"
"SO_1270","삼길포항","2028-11-30","2028-11-30 03:01","626","2028-11-30 09:14","111","2028-11-30 15:35","719","2028-11-30 21:52","171"
"SO_1270","삼길포항","2028-12-01","2028-12-01 03:40","646","2028-12-01 09:51","83","2028-12-01 16:11","747","2028-12-01 22:31","155"
"SO_1270","삼길포항","2028-12-02","2028-12-02 04:17","659","2028-12-02 10:27","63","2028-12-02 16:47","766","2028-12-02 23:09","146"
"SO_1270","삼길포항","2028-12-03","2028-12-03 04:54","665","2028-12-03 11:04","51","2028-12-03 17:24","776","2028-12-03 23:47","143"
"SO_1270","삼길포항","2028-12-04","2028-12-04 05:31","667","2028-12-04 11:41","46","2028-12-04 18:01","779","",""
"SO_1270","삼길포항","2028-12-05","2028-12-05 06:09","664","2028-12-05 00:26","144","2028-12-05 18:39","775","2028-12-05 12:20","48"
"SO_1270","삼길포항","2028-12-06","2028-12-06 06:48","657","2028-12-06 01:05","147","2028-12-06 19:20","762","2028-12-06 13:01","59"
"SO_1270","삼길포항","2028-12-07","2028-12-07 07:31","644","2028-12-07 01:46","153","2028-12-07 20:03","739","2028-12-07 13:45","81"
"SO_1270","삼길포항","2028-12-08","2028-12-08 08:20","628","2028-12-08 02:31","162","2028-12-08 20:52","707","2028-12-08 14:34","114"
"SO_1270","삼길포항","2028-12-09","2028-12-09 09:19","612","2028-12-09 03:21","171","2028-12-09 21:48","670","2028-12-09 15:31","154"
"SO_1270","삼길포항","2028-12-10","2028-12-10 10:29","605","2028-12-10 04:19","176","2028-12-10 22:54","637","2028-12-10 16:40","192"
"SO_1270","삼길포항","2028-12-11","2028-12-11 11:48","619","2028-12-11 05:26","170","","","2028-12-11 18:01","212"
"SO_1270","삼길포항","2028-12-12","2028-12-12 00:07","619","2028-12-12 06:37","148","2028-12-12 13:05","654","2028-12-12 19:23","206"
"SO_1270","삼길포항","2028-12-13","2028-12-13 01:19","619","2028-12-13 07:43","114","2028-12-13 14:13","699","2028-12-13 20:34","184"
"SO_1270","삼길포항","2028-12-14","2028-12-14 02:23","632","2028-12-14 08:41","80","2028-12-14 15:11","741","2028-12-14 21:34","160"
"SO_1270","삼길포항","2028-12-15","2028-12-15 03:20","648","2028-12-15 09:33","52","2028-12-15 16:03","770","2028-12-15 22:27","142"
"SO_1270","삼길포항","2028-12-16","2028-12-16 04:10","661","2028-12-16 10:21","36","2028-12-16 16:50","784","2028-12-16 23:14","132"
"SO_1270","삼길포항","2028-12-17","2028-12-17 04:56","669","2028-12-17 11:05","31","2028-12-17 17:32","785","2028-12-17 23:57","131"
"SO_1270","삼길포항","2028-12-18","2028-12-18 05:38","670","2028-12-18 11:46","37","2028-12-18 18:11","775","",""
"SO_1270","삼길포항","2028-12-19","2028-12-19 06:16","666","2028-12-19 00:35","135","2028-12-19 18:45","758","2028-12-19 12:24","51"
"SO_1270","삼길포항","2028-12-20","2028-12-20 06:52","655","2028-12-20 01:10","144","2028-12-20 19:17","735","2028-12-20 12:59","74"
"SO_1270","삼길포항","2028-12-21","2028-12-21 07:27","640","2028-12-21 01:42","156","2028-12-21 19:46","707","2028-12-21 13:32","104"
"SO_1270","삼길포항","2028-12-22","2028-12-22 08:03","620","2028-12-22 02:13","171","2028-12-22 20:18","673","2028-12-22 14:07","142"
"SO_1270","삼길포항","2028-12-23","2028-12-23 08:44","594","2028-12-23 02:46","189","2028-12-23 20:55","633","2028-12-23 14:46","189"
"SO_1270","삼길포항","2028-12-24","2028-12-24 09:34","568","2028-12-24 03:26","210","2028-12-24 21:42","588","2028-12-24 15:34","240"
"SO_1270","삼길포항","2028-12-25","2028-12-25 10:41","550","2028-12-25 04:18","230","2028-12-25 22:45","549","2028-12-25 16:41","285"
"SO_1270","삼길포항","2028-12-26","2028-12-26 12:04","554","2028-12-26 05:28","238","","","2028-12-26 18:10","305"
"SO_1270","삼길포항","2028-12-27","2028-12-27 00:07","531","2028-12-27 06:44","224","2028-12-27 13:21","586","2028-12-27 19:37","290"
"SO_1270","삼길포항","2028-12-28","2028-12-28 01:25","540","2028-12-28 07:48","190","2028-12-28 14:21","631","2028-12-28 20:41","256"
"SO_1270","삼길포항","2028-12-29","2028-12-29 02:25","567","2028-12-29 08:40","149","2028-12-29 15:10","676","2028-12-29 21:31","219"
"SO_1270","삼길포항","2028-12-30","2028-12-30 03:14","598","2028-12-30 09:25","109","2028-12-30 15:53","717","2028-12-30 22:15","185"
"SO_1270","삼길포항","2028-12-31","2028-12-31 03:59","629","2028-12-31 10:09","73","2028-12-31 16:34","751","2028-12-31 22:57","155"
"SO_1271","어은돌항","2028-01-01","2028-01-01 06:16","537","2028-01-01 00:37","130","2028-01-01 18:42","609","2028-01-01 12:26","66"
"SO_1271","어은돌항","2028-01-02","2028-01-02 06:51","530","2028-01-02 01:06","132","2028-01-02 19:12","590","2028-01-02 13:00","87"
"SO_1271","어은돌항","2028-01-03","2028-01-03 07:28","518","2028-01-03 01:38","138","2028-01-03 19:45","564","2028-01-03 13:35","119"
"SO_1271","어은돌항","2028-01-04","2028-01-04 08:10","500","2028-01-04 02:12","149","2028-01-04 20:22","531","2028-01-04 14:15","159"
"SO_1271","어은돌항","2028-01-05","2028-01-05 09:00","482","2028-01-05 02:52","163","2028-01-05 21:06","495","2028-01-05 15:05","202"
"SO_1271","어은돌항","2028-01-06","2028-01-06 10:05","470","2028-01-06 03:43","177","2028-01-06 22:05","463","2028-01-06 16:10","241"
"SO_1271","어은돌항","2028-01-07","2028-01-07 11:26","475","2028-01-07 04:48","183","2028-01-07 23:23","445","2028-01-07 17:39","259"
"SO_1271","어은돌항","2028-01-08","2028-01-08 12:47","503","2028-01-08 06:03","171","","","2028-01-08 19:10","247"
"SO_1271","어은돌항","2028-01-09","2028-01-09 00:00","605","2028-01-09 00:00","114","2028-01-09 00:45","450","2028-01-09 07:13","140"
"SO_1271","어은돌항","2028-01-10","2028-01-10 00:00","543","2028-01-10 00:00","157","2028-01-10 01:53","473","2028-01-10 08:13","99"
"SO_1271","어은돌항","2028-01-11","2028-01-11 02:49","504","2028-01-11 09:06","55","2028-01-11 15:38","635","2028-01-11 22:05","135"
"SO_1271","어은돌항","2028-01-12","2028-01-12 03:40","535","2028-01-12 09:57","16","2028-01-12 16:24","669","2028-01-12 22:51","101"
"SO_1271","어은돌항","2028-01-13","2028-01-13 04:28","563","2028-01-13 10:45","-12","2028-01-13 17:09","690","2028-01-13 23:35","73"
"SO_1271","어은돌항","2028-01-14","2028-01-14 05:15","585","2028-01-14 11:31","-27","2028-01-14 17:52","696","",""
"SO_1271","어은돌항","2028-01-15","2028-01-15 06:01","600","2028-01-15 00:16","54","2028-01-15 18:33","686","2028-01-15 12:16","-23"
"SO_1271","어은돌항","2028-01-16","2028-01-16 06:46","604","2028-01-16 00:56","46","2028-01-16 19:12","660","2028-01-16 13:01","1"
"SO_1271","어은돌항","2028-01-17","2028-01-17 07:32","596","2028-01-17 01:35","51","2028-01-17 19:51","620","2028-01-17 13:45","44"
"SO_1271","어은돌항","2028-01-18","2028-01-18 08:20","575","2028-01-18 02:15","67","2028-01-18 20:31","569","2028-01-18 14:31","103"
"SO_1271","어은돌항","2028-01-19","2028-01-19 09:14","545","2028-01-19 02:57","94","2028-01-19 21:18","513","2028-01-19 15:25","170"
"SO_1271","어은돌항","2028-01-20","2028-01-20 10:21","513","2028-01-20 03:48","129","2028-01-20 22:17","460","2028-01-20 16:35","231"
"SO_1271","어은돌항","2028-01-21","2028-01-21 11:50","497","2028-01-21 04:55","159","2028-01-21 23:44","427","2028-01-21 18:14","263"
"SO_1271","어은돌항","2028-01-22","2028-01-22 13:23","509","2028-01-22 06:20","170","","","2028-01-22 19:53","251"
"SO_1271","어은돌항","2028-01-23","2028-01-23 01:17","429","2028-01-23 07:40","155","2028-01-23 14:34","539","2028-01-23 20:58","218"
"SO_1271","어은돌항","2028-01-24","2028-01-24 02:26","455","2028-01-24 08:40","126","2028-01-24 15:23","569","2028-01-24 21:43","184"
"SO_1271","어은돌항","2028-01-25","2028-01-25 03:15","487","2028-01-25 09:25","97","2028-01-25 15:59","592","2028-01-25 22:19","156"
"SO_1271","어은돌항","2028-01-26","2028-01-26 03:53","516","2028-01-26 10:03","73","2028-01-26 16:30","609","2028-01-26 22:50","133"
"SO_1271","어은돌항","2028-01-27","2028-01-27 04:26","540","2028-01-27 10:37","55","2028-01-27 16:57","621","2028-01-27 23:18","115"
"SO_1271","어은돌항","2028-01-28","2028-01-28 04:57","558","2028-01-28 11:08","44","2028-01-28 17:23","628","2028-01-28 23:44","101"
"SO_1271","어은돌항","2028-01-29","2028-01-29 05:28","571","2028-01-29 11:38","42","2028-01-29 17:49","629","",""
"SO_1271","어은돌항","2028-01-30","2028-01-30 05:58","577","2028-01-30 00:10","92","2028-01-30 18:15","622","2028-01-30 12:09","51"
"SO_1271","어은돌항","2028-01-31","2028-01-31 06:29","576","2028-01-31 00:36","88","2028-01-31 18:41","607","2028-01-31 12:40","71"
"SO_1271","어은돌항","2028-02-01","2028-02-01 07:00","568","2028-02-01 01:03","92","2028-02-01 19:08","584","2028-02-01 13:11","101"
"SO_1271","어은돌항","2028-02-02","2028-02-02 07:34","553","2028-02-02 01:31","102","2028-02-02 19:38","553","2028-02-02 13:44","141"
"SO_1271","어은돌항","2028-02-03","2028-02-03 08:13","532","2028-02-03 02:03","120","2028-02-03 20:12","516","2028-02-03 14:23","186"
"SO_1271","어은돌항","2028-02-04","2028-02-04 09:04","507","2028-02-04 02:42","144","2028-02-04 20:58","474","2028-02-04 15:14","234"
"SO_1271","어은돌항","2028-02-05","2028-02-05 10:18","487","2028-02-05 03:37","169","2028-02-05 22:12","436","2028-02-05 16:35","273"
"SO_1271","어은돌항","2028-02-06","2028-02-06 11:58","492","2028-02-06 05:00","183","","","2028-02-06 18:32","275"
"SO_1271","어은돌항","2028-02-07","2028-02-07 00:01","425","2028-02-07 06:37","165","2028-02-07 13:28","530","2028-02-07 20:04","233"
"SO_1271","어은돌항","2028-02-08","2028-02-08 01:33","454","2028-02-08 07:55","117","2028-02-08 14:34","583","2028-02-08 21:04","176"
"SO_1271","어은돌항","2028-02-09","2028-02-09 02:39","502","2028-02-09 08:56","60","2028-02-09 15:26","634","2028-02-09 21:52","119"
"SO_1271","어은돌항","2028-02-10","2028-02-10 03:32","553","2028-02-10 09:49","9","2028-02-10 16:11","674","2028-02-10 22:35","70"
"SO_1271","어은돌항","2028-02-11","2028-02-11 04:19","598","2028-02-11 10:36","-26","2028-02-11 16:53","697","2028-02-11 23:15","32"
"SO_1271","어은돌항","2028-02-12","2028-02-12 05:04","632","2028-02-12 11:21","-41","2028-02-12 17:32","701","2028-02-12 23:52","9"
"SO_1271","어은돌항","2028-02-13","2028-02-13 05:47","653","2028-02-13 12:03","-33","2028-02-13 18:09","687","",""
"SO_1271","어은돌항","2028-02-14","2028-02-14 06:28","657","2028-02-14 00:28","2","2028-02-14 18:44","657","2028-02-14 12:44","-1"
"SO_1271","어은돌항","2028-02-15","2028-02-15 07:09","643","2028-02-15 01:03","11","2028-02-15 19:18","613","2028-02-15 13:24","51"
"SO_1271","어은돌항","2028-02-16","2028-02-16 07:52","612","2028-02-16 01:38","38","2028-02-16 19:53","559","2028-02-16 14:06","118"
"SO_1271","어은돌항","2028-02-17","2028-02-17 08:39","566","2028-02-17 02:15","79","2028-02-17 20:32","499","2028-02-17 14:52","191"
"SO_1271","어은돌항","2028-02-18","2028-02-18 09:39","515","2028-02-18 02:58","131","2028-02-18 21:26","440","2028-02-18 15:55","259"
"SO_1271","어은돌항","2028-02-19","2028-02-19 11:11","477","2028-02-19 04:00","183","2028-02-19 23:02","398","2028-02-19 17:48","296"
"SO_1271","어은돌항","2028-02-20","2028-02-20 13:08","481","2028-02-20 05:43","212","","","2028-02-20 19:48","274"
"SO_1271","어은돌항","2028-02-21","2028-02-21 01:05","405","2028-02-21 07:26","195","2028-02-21 14:24","514","2028-02-21 20:49","229"
"SO_1271","어은돌항","2028-02-22","2028-02-22 02:18","445","2028-02-22 08:30","156","2028-02-22 15:08","548","2028-02-22 21:27","186"
"SO_1271","어은돌항","2028-02-23","2028-02-23 03:03","489","2028-02-23 09:13","116","2028-02-23 15:40","577","2028-02-23 21:57","149"
"SO_1271","어은돌항","2028-02-24","2028-02-24 03:38","529","2028-02-24 09:48","83","2028-02-24 16:07","599","2028-02-24 22:24","117"
"SO_1271","어은돌항","2028-02-25","2028-02-25 04:09","562","2028-02-25 10:19","60","2028-02-25 16:32","615","2028-02-25 22:50","92"
"SO_1271","어은돌항","2028-02-26","2028-02-26 04:39","587","2028-02-26 10:50","47","2028-02-26 16:57","624","2028-02-26 23:15","73"
"SO_1271","어은돌항","2028-02-27","2028-02-27 05:08","604","2028-02-27 11:20","45","2028-02-27 17:22","625","2028-02-27 23:39","62"
"SO_1271","어은돌항","2028-02-28","2028-02-28 05:37","613","2028-02-28 11:50","54","2028-02-28 17:47","619","",""
"SO_1271","어은돌항","2028-02-29","2028-02-29 06:05","615","2028-02-29 00:05","58","2028-02-29 18:11","605","2028-02-29 12:19","74"
"SO_1271","어은돌항","2028-03-01","2028-03-01 06:34","609","2028-03-01 00:29","62","2028-03-01 18:37","584","2028-03-01 12:49","103"
"SO_1271","어은돌항","2028-03-02","2028-03-02 07:04","595","2028-03-02 00:56","73","2028-03-02 19:04","557","2028-03-02 13:20","140"
"SO_1271","어은돌항","2028-03-03","2028-03-03 07:40","572","2028-03-03 01:26","93","2028-03-03 19:37","521","2028-03-03 13:56","183"
"SO_1271","어은돌항","2028-03-04","2028-03-04 08:28","540","2028-03-04 02:03","122","2028-03-04 20:22","477","2028-03-04 14:43","231"
"SO_1271","어은돌항","2028-03-05","2028-03-05 09:38","506","2028-03-05 02:56","157","2028-03-05 21:36","432","2028-03-05 16:02","274"
"SO_1271","어은돌항","2028-03-06","2028-03-06 11:25","495","2028-03-06 04:21","186","2028-03-06 23:40","419","2028-03-06 18:10","276"
"SO_1271","어은돌항","2028-03-07","2028-03-07 13:07","529","2028-03-07 06:14","176","","","2028-03-07 19:47","224"
"SO_1271","어은돌항","2028-03-08","2028-03-08 01:22","459","2028-03-08 07:41","124","2028-03-08 14:15","582","2028-03-08 20:44","157"
"SO_1271","어은돌항","2028-03-09","2028-03-09 02:27","522","2028-03-09 08:44","63","2028-03-09 15:05","631","2028-03-09 21:29","92"
"SO_1271","어은돌항","2028-03-10","2028-03-10 03:18","584","2028-03-10 09:35","12","2028-03-10 15:48","666","2028-03-10 22:09","40"
"SO_1271","어은돌항","2028-03-11","2028-03-11 04:03","636","2028-03-11 10:21","-19","2028-03-11 16:27","682","2028-03-11 22:47","3"
"SO_1271","어은돌항","2028-03-12","2028-03-12 04:46","672","2028-03-12 11:04","-25","2028-03-12 17:04","680","2028-03-12 23:22","-16"
"SO_1271","어은돌항","2028-03-13","2028-03-13 05:27","690","2028-03-13 11:45","-9","2028-03-13 17:39","661","2028-03-13 23:57","-17"
"SO_1271","어은돌항","2028-03-14","2028-03-14 06:07","687","2028-03-14 12:24","29","2028-03-14 18:13","630","",""
"SO_1271","어은돌항","2028-03-15","2028-03-15 06:46","665","2028-03-15 00:30","","2028-03-15 18:47","588","2028-03-15 13:04","82"
"SO_1271","어은돌항","2028-03-16","2028-03-16 07:26","627","2028-03-16 01:04","35","2028-03-16 19:22","539","2028-03-16 13:43","145"
"SO_1271","어은돌항","2028-03-17","2028-03-17 08:10","575","2028-03-17 01:39","83","2028-03-17 20:00","486","2028-03-17 14:27","210"
"SO_1271","어은돌항","2028-03-18","2028-03-18 09:04","519","2028-03-18 02:20","139","2028-03-18 20:51","432","2028-03-18 15:25","270"
"SO_1271","어은돌항","2028-03-19","2028-03-19 10:28","473","2028-03-19 03:16","196","2028-03-19 22:26","393","2028-03-19 17:14","303"
"SO_1271","어은돌항","2028-03-20","2028-03-20 12:28","466","2028-03-20 04:58","234","","","2028-03-20 19:17","280"
"SO_1271","어은돌항","2028-03-21","2028-03-21 00:36","401","2028-03-21 06:55","221","2028-03-21 13:48","494","2028-03-21 20:16","233"
"SO_1271","어은돌항","2028-03-22","2028-03-22 01:52","446","2028-03-22 08:02","181","2028-03-22 14:33","527","2028-03-22 20:52","186"
"SO_1271","어은돌항","2028-03-23","2028-03-23 02:37","496","2028-03-23 08:46","139","2028-03-23 15:05","558","2028-03-23 21:22","144"
"SO_1271","어은돌항","2028-03-24","2028-03-24 03:13","542","2028-03-24 09:23","104","2028-03-24 15:33","582","2028-03-24 21:49","108"
"SO_1271","어은돌항","2028-03-25","2028-03-25 03:45","580","2028-03-25 09:56","80","2028-03-25 16:00","598","2028-03-25 22:15","80"
"SO_1271","어은돌항","2028-03-26","2028-03-26 04:15","609","2028-03-26 10:28","67","2028-03-26 16:27","606","2028-03-26 22:41","60"
"SO_1271","어은돌항","2028-03-27","2028-03-27 04:45","628","2028-03-27 10:59","67","2028-03-27 16:53","606","2028-03-27 23:07","50"
"SO_1271","어은돌항","2028-03-28","2028-03-28 05:14","638","2028-03-28 11:29","76","2028-03-28 17:19","600","2028-03-28 23:33","47"
"SO_1271","어은돌항","2028-03-29","2028-03-29 05:42","640","2028-03-29 12:00","95","2028-03-29 17:44","588","",""
"SO_1271","어은돌항","2028-03-30","2028-03-30 06:11","635","2028-03-30 00:00","51","2028-03-30 18:11","570","2028-03-30 12:31","120"
"SO_1271","어은돌항","2028-03-31","2028-03-31 06:43","621","2028-03-31 00:29","63","2028-03-31 18:42","546","2028-03-31 13:04","151"
"SO_1271","어은돌항","2028-04-01","2028-04-01 07:22","597","2028-04-01 01:02","83","2028-04-01 19:19","513","2028-04-01 13:44","189"
"SO_1271","어은돌항","2028-04-02","2028-04-02 08:13","562","2028-04-02 01:43","114","2028-04-02 20:11","473","2028-04-02 14:37","230"
"SO_1271","어은돌항","2028-04-03","2028-04-03 09:25","527","2028-04-03 02:41","152","2028-04-03 21:34","436","2028-04-03 15:59","261"
"SO_1271","어은돌항","2028-04-04","2028-04-04 11:05","514","2028-04-04 04:08","182","2028-04-04 23:31","437","2028-04-04 17:51","251"
"SO_1271","어은돌항","2028-04-05","2028-04-05 12:38","538","2028-04-05 05:57","174","","","2028-04-05 19:16","198"
"SO_1271","어은돌항","2028-04-06","2028-04-06 01:03","486","2028-04-06 07:21","129","2028-04-06 13:44","578","2028-04-06 20:12","134"
"SO_1271","어은돌항","2028-04-07","2028-04-07 02:07","551","2028-04-07 08:23","79","2028-04-07 14:34","614","2028-04-07 20:57","75"
"SO_1271","어은돌항","2028-04-08","2028-04-08 02:57","613","2028-04-08 09:15","40","2028-04-08 15:18","637","2028-04-08 21:37","29"
"SO_1271","어은돌항","2028-04-09","2028-04-09 03:42","660","2028-04-09 10:01","21","2028-04-09 15:57","644","2028-04-09 22:15","-1"
"SO_1271","어은돌항","2028-04-10","2028-04-10 04:24","690","2028-04-10 10:45","23","2028-04-10 16:35","637","2028-04-10 22:51","-11"
"SO_1271","어은돌항","2028-04-11","2028-04-11 05:05","699","2028-04-11 11:26","44","2028-04-11 17:11","619","2028-04-11 23:27","-5"
"SO_1271","어은돌항","2028-04-12","2028-04-12 05:45","690","2028-04-12 12:07","78","2028-04-12 17:47","593","",""
"SO_1271","어은돌항","2028-04-13","2028-04-13 06:25","665","2028-04-13 00:02","17","2028-04-13 18:23","560","2028-04-13 12:46","122"
"SO_1271","어은돌항","2028-04-14","2028-04-14 07:04","627","2028-04-14 00:37","52","2028-04-14 19:00","522","2028-04-14 13:26","170"
"SO_1271","어은돌항","2028-04-15","2028-04-15 07:46","582","2028-04-15 01:13","96","2028-04-15 19:40","482","2028-04-15 14:09","218"
"SO_1271","어은돌항","2028-04-16","2028-04-16 08:35","534","2028-04-16 01:53","146","2028-04-16 20:32","442","2028-04-16 15:02","259"
"SO_1271","어은돌항","2028-04-17","2028-04-17 09:40","492","2028-04-17 02:45","195","2028-04-17 21:51","412","2028-04-17 16:23","284"
"SO_1271","어은돌항","2028-04-18","2028-04-18 11:12","471","2028-04-18 04:06","234","2028-04-18 23:39","414","2028-04-18 18:06","274"
"SO_1271","어은돌항","2028-04-19","2028-04-19 12:38","481","2028-04-19 05:53","239","","","2028-04-19 19:16","238"
"SO_1271","어은돌항","2028-04-20","2028-04-20 01:03","451","2028-04-20 07:13","212","2028-04-20 13:35","505","2028-04-20 20:01","194"
"SO_1271","어은돌항","2028-04-21","2028-04-21 01:57","500","2028-04-21 08:07","176","2028-04-21 14:17","532","2028-04-21 20:36","151"
"SO_1271","어은돌항","2028-04-22","2028-04-22 02:39","547","2028-04-22 08:50","144","2028-04-22 14:51","555","2028-04-22 21:07","114"
"SO_1271","어은돌항","2028-04-23","2028-04-23 03:14","588","2028-04-23 09:27","121","2028-04-23 15:23","570","2028-04-23 21:36","85"
"SO_1271","어은돌항","2028-04-24","2028-04-24 03:47","619","2028-04-24 10:02","108","2028-04-24 15:53","578","2028-04-24 22:06","66"
"SO_1271","어은돌항","2028-04-25","2028-04-25 04:19","640","2028-04-25 10:36","105","2028-04-25 16:22","580","2028-04-25 22:35","55"
"SO_1271","어은돌항","2028-04-26","2028-04-26 04:50","651","2028-04-26 11:10","111","2028-04-26 16:52","576","2028-04-26 23:05","51"
"SO_1271","어은돌항","2028-04-27","2028-04-27 05:22","655","2028-04-27 11:44","124","2028-04-27 17:22","568","2028-04-27 23:37","53"
"SO_1271","어은돌항","2028-04-28","2028-04-28 05:55","651","2028-04-28 12:20","141","2028-04-28 17:55","555","",""
"SO_1271","어은돌항","2028-04-29","2028-04-29 06:33","639","2028-04-29 00:12","63","2028-04-29 18:33","536","2028-04-29 12:59","164"
"SO_1271","어은돌항","2028-04-30","2028-04-30 07:18","617","2028-04-30 00:52","83","2028-04-30 19:19","511","2028-04-30 13:45","190"
"SO_1271","어은돌항","2028-05-01","2028-05-01 08:12","588","2028-05-01 01:40","111","2028-05-01 20:19","483","2028-05-01 14:42","214"
"SO_1271","어은돌항","2028-05-02","2028-05-02 09:19","559","2028-05-02 02:41","144","2028-05-02 21:41","466","2028-05-02 15:56","224"
"SO_1271","어은돌항","2028-05-03","2028-05-03 10:40","544","2028-05-03 04:02","170","2028-05-03 23:14","478","2028-05-03 17:20","210"
"SO_1271","어은돌항","2028-05-04","2028-05-04 11:58","548","2028-05-04 05:33","172","","","2028-05-04 18:33","171"
"SO_1271","어은돌항","2028-05-05","2028-05-05 00:36","521","2028-05-05 06:53","150","2028-05-05 13:04","565","2028-05-05 19:32","123"
"SO_1271","어은돌항","2028-05-06","2028-05-06 01:40","575","2028-05-06 07:59","120","2028-05-06 13:58","582","2028-05-06 20:20","78"
"SO_1271","어은돌항","2028-05-07","2028-05-07 02:34","626","2028-05-07 08:53","98","2028-05-07 14:45","593","2028-05-07 21:04","44"
"SO_1271","어은돌항","2028-05-08","2028-05-08 03:21","663","2028-05-08 09:43","88","2028-05-08 15:28","595","2028-05-08 21:45","25"
"SO_1271","어은돌항","2028-05-09","2028-05-09 04:06","683","2028-05-09 10:29","91","2028-05-09 16:09","590","2028-05-09 22:25","21"
"SO_1271","어은돌항","2028-05-10","2028-05-10 04:48","687","2028-05-10 11:12","106","2028-05-10 16:49","578","2028-05-10 23:03","30"
"SO_1271","어은돌항","2028-05-11","2028-05-11 05:29","677","2028-05-11 11:54","128","2028-05-11 17:27","563","2028-05-11 23:40","49"
"SO_1271","어은돌항","2028-05-12","2028-05-12 06:08","657","2028-05-12 12:34","154","2028-05-12 18:06","544","",""
"SO_1271","어은돌항","2028-05-13","2028-05-13 06:47","630","2028-05-13 00:17","75","2028-05-13 18:45","522","2028-05-13 13:12","181"
"SO_1271","어은돌항","2028-05-14","2028-05-14 07:25","599","2028-05-14 00:54","107","2028-05-14 19:26","498","2028-05-14 13:52","208"
"SO_1271","어은돌항","2028-05-15","2028-05-15 08:06","565","2028-05-15 01:34","143","2028-05-15 20:14","474","2028-05-15 14:36","231"
"SO_1271","어은돌항","2028-05-16","2028-05-16 08:55","531","2028-05-16 02:20","182","2028-05-16 21:15","453","2028-05-16 15:31","247"
"SO_1271","어은돌항","2028-05-17","2028-05-17 09:55","504","2028-05-17 03:19","218","2028-05-17 22:35","447","2028-05-17 16:39","251"
"SO_1271","어은돌항","2028-05-18","2028-05-18 11:09","489","2028-05-18 04:38","243","2028-05-18 23:58","465","2028-05-18 17:51","235"
"SO_1271","어은돌항","2028-05-19","2028-05-19 12:19","492","2028-05-19 06:05","244","","","2028-05-19 18:52","205"
"SO_1271","어은돌항","2028-05-20","2028-05-20 01:06","503","2028-05-20 07:16","225","2028-05-20 13:16","506","2028-05-20 19:39","170"
"SO_1271","어은돌항","2028-05-21","2028-05-21 01:57","546","2028-05-21 08:10","200","2028-05-21 14:02","523","2028-05-21 20:20","136"
"SO_1271","어은돌항","2028-05-22","2028-05-22 02:40","586","2028-05-22 08:55","177","2028-05-22 14:42","538","2028-05-22 20:56","107"
"SO_1271","어은돌항","2028-05-23","2028-05-23 03:18","619","2028-05-23 09:36","160","2028-05-23 15:19","550","2028-05-23 21:32","85"
"SO_1271","어은돌항","2028-05-24","2028-05-24 03:54","644","2028-05-24 10:15","150","2028-05-24 15:55","557","2028-05-24 22:08","69"
"SO_1271","어은돌항","2028-05-25","2028-05-25 04:31","660","2028-05-25 10:55","146","2028-05-25 16:31","560","2028-05-25 22:45","59"
"SO_1271","어은돌항","2028-05-26","2028-05-26 05:08","669","2028-05-26 11:35","146","2028-05-26 17:10","560","2028-05-26 23:24","56"
"SO_1271","어은돌항","2028-05-27","2028-05-27 05:48","671","2028-05-27 12:16","150","2028-05-27 17:51","556","",""
"SO_1271","어은돌항","2028-05-28","2028-05-28 06:31","665","2028-05-28 00:06","61","2028-05-28 18:35","548","2028-05-28 13:00","156"
"SO_1271","어은돌항","2028-05-29","2028-05-29 07:18","650","2028-05-29 00:52","74","2028-05-29 19:26","537","2028-05-29 13:47","164"
"SO_1271","어은돌항","2028-05-30","2028-05-30 08:09","627","2028-05-30 01:42","98","2028-05-30 20:25","526","2028-05-30 14:39","171"
"SO_1271","어은돌항","2028-05-31","2028-05-31 09:04","600","2028-05-31 02:40","128","2028-05-31 21:33","520","2028-05-31 15:37","175"
"SO_1271","어은돌항","2028-06-01","2028-06-01 10:07","573","2028-06-01 03:46","160","2028-06-01 22:49","527","2028-06-01 16:41","170"
"SO_1271","어은돌항","2028-06-02","2028-06-02 11:13","553","2028-06-02 05:03","183","","","2028-06-02 17:47","154"
"SO_1271","어은돌항","2028-06-03","2028-06-03 00:05","551","2028-06-03 06:22","190","2028-06-03 12:19","543","2028-06-03 18:49","130"
"SO_1271","어은돌항","2028-06-04","2028-06-04 01:14","586","2028-06-04 07:34","183","2028-06-04 13:21","542","2028-06-04 19:45","104"
"SO_1271","어은돌항","2028-06-05","2028-06-05 02:14","621","2028-06-05 08:37","170","2028-06-05 14:16","546","2028-06-05 20:36","82"
"SO_1271","어은돌항","2028-06-06","2028-06-06 03:07","648","2028-06-06 09:31","160","2028-06-06 15:06","551","2028-06-06 21:23","69"
"SO_1271","어은돌항","2028-06-07","2028-06-07 03:54","664","2028-06-07 10:19","154","2028-06-07 15:52","554","2028-06-07 22:06","64"
"SO_1271","어은돌항","2028-06-08","2028-06-08 04:38","669","2028-06-08 11:03","154","2028-06-08 16:35","556","2028-06-08 22:47","67"
"SO_1271","어은돌항","2028-06-09","2028-06-09 05:18","666","2028-06-09 11:43","159","2028-06-09 17:15","554","2028-06-09 23:25","75"
"SO_1271","어은돌항","2028-06-10","2028-06-10 05:54","657","2028-06-10 12:20","165","2028-06-10 17:53","551","",""
"SO_1271","어은돌항","2028-06-11","2028-06-11 06:28","644","2028-06-11 00:02","89","2028-06-11 18:30","544","2028-06-11 12:55","173"
"SO_1271","어은돌항","2028-06-12","2028-06-12 07:01","627","2028-06-12 00:38","107","2028-06-12 19:08","534","2028-06-12 13:29","182"
"SO_1271","어은돌항","2028-06-13","2028-06-13 07:35","605","2028-06-13 01:14","132","2028-06-13 19:50","521","2028-06-13 14:04","192"
"SO_1271","어은돌항","2028-06-14","2028-06-14 08:13","579","2028-06-14 01:54","163","2028-06-14 20:38","505","2028-06-14 14:43","203"
"SO_1271","어은돌항","2028-06-15","2028-06-15 08:56","548","2028-06-15 02:40","200","2028-06-15 21:37","492","2028-06-15 15:30","213"
"SO_1271","어은돌항","2028-06-16","2028-06-16 09:49","518","2028-06-16 03:36","237","2028-06-16 22:49","491","2028-06-16 16:27","219"
"SO_1271","어은돌항","2028-06-17","2028-06-17 10:54","495","2028-06-17 04:50","265","","","2028-06-17 17:32","213"
"SO_1271","어은돌항","2028-06-18","2028-06-18 00:04","508","2028-06-18 06:12","272","2028-06-18 12:04","488","2028-06-18 18:36","194"
"SO_1271","어은돌항","2028-06-19","2028-06-19 01:10","540","2028-06-19 07:26","258","2028-06-19 13:08","495","2028-06-19 19:30","166"
"SO_1271","어은돌항","2028-06-20","2028-06-20 02:04","578","2028-06-20 08:24","234","2028-06-20 14:02","511","2028-06-20 20:18","136"
"SO_1271","어은돌항","2028-06-21","2028-06-21 02:50","615","2028-06-21 09:14","208","2028-06-21 14:49","530","2028-06-21 21:04","106"
"SO_1271","어은돌항","2028-06-22","2028-06-22 03:33","647","2028-06-22 09:59","184","2028-06-22 15:34","548","2028-06-22 21:48","80"
"SO_1271","어은돌항","2028-06-23","2028-06-23 04:16","673","2028-06-23 10:44","163","2028-06-23 16:18","564","2028-06-23 22:32","59"
"SO_1271","어은돌항","2028-06-24","2028-06-24 04:59","691","2028-06-24 11:27","145","2028-06-24 17:02","577","2028-06-24 23:18","46"
"SO_1271","어은돌항","2028-06-25","2028-06-25 05:42","701","2028-06-25 12:11","131","2028-06-25 17:48","586","",""
"SO_1271","어은돌항","2028-06-26","2028-06-26 06:25","701","2028-06-26 00:03","43","2028-06-26 18:35","592","2028-06-26 12:53","121"
"SO_1271","어은돌항","2028-06-27","2028-06-27 07:09","689","2028-06-27 00:50","52","2028-06-27 19:24","592","2028-06-27 13:36","117"
"SO_1271","어은돌항","2028-06-28","2028-06-28 07:52","665","2028-06-28 01:37","77","2028-06-28 20:16","586","2028-06-28 14:19","120"
"SO_1271","어은돌항","2028-06-29","2028-06-29 08:38","630","2028-06-29 02:27","115","2028-06-29 21:13","576","2028-06-29 15:06","129"
"SO_1271","어은돌항","2028-06-30","2028-06-30 09:28","588","2028-06-30 03:23","163","2028-06-30 22:19","566","2028-06-30 15:59","142"
"SO_1271","어은돌항","2028-07-01","2028-07-01 10:27","546","2028-07-01 04:30","210","2028-07-01 23:34","564","2028-07-01 17:00","153"
"SO_1271","어은돌항","2028-07-02","2028-07-02 11:36","514","2028-07-02 05:51","242","","","2028-07-02 18:09","155"
"SO_1271","어은돌항","2028-07-03","2028-07-03 00:52","577","2028-07-03 07:16","248","2028-07-03 12:51","502","2028-07-03 19:18","145"
"SO_1271","어은돌항","2028-07-04","2028-07-04 02:04","601","2028-07-04 08:29","232","2028-07-04 14:00","509","2028-07-04 20:19","128"
"SO_1271","어은돌항","2028-07-05","2028-07-05 03:02","627","2028-07-05 09:27","209","2028-07-05 14:57","525","2028-07-05 21:12","110"
"SO_1271","어은돌항","2028-07-06","2028-07-06 03:50","646","2028-07-06 10:14","189","2028-07-06 15:45","543","2028-07-06 21:57","96"
"SO_1271","어은돌항","2028-07-07","2028-07-07 04:30","658","2028-07-07 10:54","173","2028-07-07 16:26","559","2028-07-07 22:37","87"
"SO_1271","어은돌항","2028-07-08","2028-07-08 05:05","664","2028-07-08 11:29","162","2028-07-08 17:03","570","2028-07-08 23:13","84"
"SO_1271","어은돌항","2028-07-09","2028-07-09 05:35","665","2028-07-09 12:00","154","2028-07-09 17:37","578","2028-07-09 23:46","88"
"SO_1271","어은돌항","2028-07-10","2028-07-10 06:04","662","2028-07-10 12:30","149","2028-07-10 18:11","582","",""
"SO_1271","어은돌항","2028-07-11","2028-07-11 06:33","653","2028-07-11 00:19","98","2028-07-11 18:46","580","2028-07-11 12:58","148"
"SO_1271","어은돌항","2028-07-12","2028-07-12 07:03","638","2028-07-12 00:53","117","2028-07-12 19:22","572","2028-07-12 13:28","151"
"SO_1271","어은돌항","2028-07-13","2028-07-13 07:34","614","2028-07-13 01:27","147","2028-07-13 20:01","557","2028-07-13 14:00","161"
"SO_1271","어은돌항","2028-07-14","2028-07-14 08:08","582","2028-07-14 02:05","185","2028-07-14 20:47","539","2028-07-14 14:35","176"
"SO_1271","어은돌항","2028-07-15","2028-07-15 08:47","545","2028-07-15 02:49","230","2028-07-15 21:44","522","2028-07-15 15:20","195"
"SO_1271","어은돌항","2028-07-16","2028-07-16 09:38","508","2028-07-16 03:45","273","2028-07-16 22:57","516","2028-07-16 16:17","210"
"SO_1271","어은돌항","2028-07-17","2028-07-17 10:48","480","2028-07-17 05:05","302","","","2028-07-17 17:29","212"
"SO_1271","어은돌항","2028-07-18","2028-07-18 00:19","531","2028-07-18 06:39","301","2028-07-18 12:13","474","2028-07-18 18:44","193"
"SO_1271","어은돌항","2028-07-19","2028-07-19 01:31","566","2028-07-19 07:57","273","2028-07-19 13:28","492","2028-07-19 19:49","158"
"SO_1271","어은돌항","2028-07-20","2028-07-20 02:28","609","2028-07-20 08:56","233","2028-07-20 14:28","522","2028-07-20 20:44","116"
"SO_1271","어은돌항","2028-07-21","2028-07-21 03:17","652","2028-07-21 09:45","190","2028-07-21 15:20","556","2028-07-21 21:35","76"
"SO_1271","어은돌항","2028-07-22","2028-07-22 04:03","688","2028-07-22 10:30","150","2028-07-22 16:07","589","2028-07-22 22:23","42"
"SO_1271","어은돌항","2028-07-23","2028-07-23 04:47","715","2028-07-23 11:13","115","2028-07-23 16:54","617","2028-07-23 23:09","21"
"SO_1271","어은돌항","2028-07-24","2028-07-24 05:28","729","2028-07-24 11:53","88","2028-07-24 17:39","639","2028-07-24 23:54","16"
"SO_1271","어은돌항","2028-07-25","2028-07-25 06:09","729","2028-07-25 12:33","71","2028-07-25 18:24","651","",""
"SO_1271","어은돌항","2028-07-26","2028-07-26 06:48","712","2028-07-26 00:38","30","2028-07-26 19:09","652","2028-07-26 13:11","67"
"SO_1271","어은돌항","2028-07-27","2028-07-27 07:26","680","2028-07-27 01:22","64","2028-07-27 19:56","640","2028-07-27 13:50","75"
"SO_1271","어은돌항","2028-07-28","2028-07-28 08:06","636","2028-07-28 02:08","115","2028-07-28 20:47","615","2028-07-28 14:31","98"
"SO_1271","어은돌항","2028-07-29","2028-07-29 08:50","582","2028-07-29 02:58","178","2028-07-29 21:47","582","2028-07-29 15:17","131"
"SO_1271","어은돌항","2028-07-30","2028-07-30 09:44","526","2028-07-30 04:00","242","2028-07-30 23:06","556","2028-07-30 16:17","167"
"SO_1271","어은돌항","2028-07-31","2028-07-31 11:00","482","2028-07-31 05:26","287","","","2028-07-31 17:37","191"
"SO_1271","어은돌항","2028-08-01","2028-08-01 00:41","554","2028-08-01 07:11","290","2028-08-01 12:36","469","2028-08-01 19:04","187"
"SO_1271","어은돌항","2028-08-02","2028-08-02 02:02","578","2028-08-02 08:30","259","2028-08-02 13:57","489","2028-08-02 20:14","161"
"SO_1271","어은돌항","2028-08-03","2028-08-03 03:00","608","2028-08-03 09:22","222","2028-08-03 14:54","522","2028-08-03 21:06","131"
"SO_1271","어은돌항","2028-08-04","2028-08-04 03:42","633","2028-08-04 10:02","189","2028-08-04 15:37","553","2028-08-04 21:48","106"
"SO_1271","어은돌항","2028-08-05","2028-08-05 04:15","650","2028-08-05 10:36","162","2028-08-05 16:13","579","2028-08-05 22:24","89"
"SO_1271","어은돌항","2028-08-06","2028-08-06 04:44","662","2028-08-06 11:05","142","2028-08-06 16:46","599","2028-08-06 22:56","79"
"SO_1271","어은돌항","2028-08-07","2028-08-07 05:11","668","2028-08-07 11:32","127","2028-08-07 17:17","613","2028-08-07 23:28","79"
"SO_1271","어은돌항","2028-08-08","2028-08-08 05:37","669","2028-08-08 11:58","116","2028-08-08 17:48","621","2028-08-08 23:58","87"
"SO_1271","어은돌항","2028-08-09","2028-08-09 06:03","662","2028-08-09 12:24","112","2028-08-09 18:19","621","",""
"SO_1271","어은돌항","2028-08-10","2028-08-10 06:30","648","2028-08-10 00:29","107","2028-08-10 18:52","614","2028-08-10 12:51","115"
"SO_1271","어은돌항","2028-08-11","2028-08-11 06:57","624","2028-08-11 01:01","137","2028-08-11 19:25","598","2028-08-11 13:19","127"
"SO_1271","어은돌항","2028-08-12","2028-08-12 07:26","593","2028-08-12 01:34","175","2028-08-12 20:03","576","2028-08-12 13:50","146"
"SO_1271","어은돌항","2028-08-13","2028-08-13 07:59","556","2028-08-13 02:11","221","2028-08-13 20:50","549","2028-08-13 14:27","171"
"SO_1271","어은돌항","2028-08-14","2028-08-14 08:42","514","2028-08-14 02:58","268","2028-08-14 21:58","525","2028-08-14 15:17","199"
"SO_1271","어은돌항","2028-08-15","2028-08-15 09:47","475","2028-08-15 04:09","308","2028-08-15 23:32","522","2028-08-15 16:33","218"
"SO_1271","어은돌항","2028-08-16","2028-08-16 11:31","458","2028-08-16 05:59","317","","","2028-08-16 18:08","209"
"SO_1271","어은돌항","2028-08-17","2028-08-17 01:03","553","2028-08-17 07:37","280","2028-08-17 13:07","481","2028-08-17 19:29","166"
"SO_1271","어은돌항","2028-08-18","2028-08-18 02:09","603","2028-08-18 08:39","224","2028-08-18 14:14","528","2028-08-18 20:31","111"
"SO_1271","어은돌항","2028-08-19","2028-08-19 03:00","654","2028-08-19 09:27","165","2028-08-19 15:07","579","2028-08-19 21:23","59"
"SO_1271","어은돌항","2028-08-20","2028-08-20 03:45","696","2028-08-20 10:09","112","2028-08-20 15:54","627","2028-08-20 22:11","19"
"SO_1271","어은돌항","2028-08-21","2028-08-21 04:26","723","2028-08-21 10:49","69","2028-08-21 16:38","665","2028-08-21 22:56","-2"
"SO_1271","어은돌항","2028-08-22","2028-08-22 05:06","734","2028-08-22 11:27","39","2028-08-22 17:22","691","2028-08-22 23:39","-1"
"SO_1271","어은돌항","2028-08-23","2028-08-23 05:43","726","2028-08-23 12:04","24","2028-08-23 18:04","702","",""
"SO_1271","어은돌항","2028-08-24","2028-08-24 06:20","702","2028-08-24 00:21","23","2028-08-24 18:47","694","2028-08-24 12:40","27"
"SO_1271","어은돌항","2028-08-25","2028-08-25 06:57","663","2028-08-25 01:03","67","2028-08-25 19:31","669","2028-08-25 13:17","47"
"SO_1271","어은돌항","2028-08-26","2028-08-26 07:35","613","2028-08-26 01:46","127","2028-08-26 20:20","627","2028-08-26 13:56","84"
"SO_1271","어은돌항","2028-08-27","2028-08-27 08:16","555","2028-08-27 02:34","197","2028-08-27 21:18","576","2028-08-27 14:41","134"
"SO_1271","어은돌항","2028-08-28","2028-08-28 09:10","495","2028-08-28 03:35","264","2028-08-28 22:42","534","2028-08-28 15:40","186"
"SO_1271","어은돌항","2028-08-29","2028-08-29 10:37","450","2028-08-29 05:11","307","","","2028-08-29 17:13","221"
"SO_1271","어은돌항","2028-08-30","2028-08-30 00:31","527","2028-08-30 07:08","297","2028-08-30 12:31","448","2028-08-30 18:56","212"
"SO_1271","어은돌항","2028-08-31","2028-08-31 01:54","553","2028-08-31 08:19","254","2028-08-31 13:52","484","2028-08-31 20:06","176"
"SO_1271","어은돌항","2028-09-01","2028-09-01 02:45","586","2028-09-01 09:04","209","2028-09-01 14:43","528","2028-09-01 20:54","138"
"SO_1271","어은돌항","2028-09-02","2028-09-02 03:21","613","2028-09-02 09:38","169","2028-09-02 15:21","567","2028-09-02 21:32","107"
"SO_1271","어은돌항","2028-09-03","2028-09-03 03:50","633","2028-09-03 10:07","137","2028-09-03 15:54","600","2028-09-03 22:05","86"
"SO_1271","어은돌항","2028-09-04","2028-09-04 04:15","647","2028-09-04 10:33","112","2028-09-04 16:24","624","2028-09-04 22:36","74"
"SO_1271","어은돌항","2028-09-05","2028-09-05 04:41","654","2028-09-05 10:59","94","2028-09-05 16:54","641","2028-09-05 23:06","74"
"SO_1271","어은돌항","2028-09-06","2028-09-06 05:07","654","2028-09-06 11:24","83","2028-09-06 17:23","649","2028-09-06 23:36","84"
"SO_1271","어은돌항","2028-09-07","2028-09-07 05:33","646","2028-09-07 11:50","81","2028-09-07 17:52","648","",""
"SO_1271","어은돌항","2028-09-08","2028-09-08 05:59","630","2028-09-08 00:07","104","2028-09-08 18:22","639","2028-09-08 12:16","87"
"SO_1271","어은돌항","2028-09-09","2028-09-09 06:24","608","2028-09-09 00:37","133","2028-09-09 18:53","622","2028-09-09 12:43","100"
"SO_1271","어은돌항","2028-09-10","2028-09-10 06:52","579","2028-09-10 01:08","169","2028-09-10 19:28","597","2028-09-10 13:12","121"
"SO_1271","어은돌항","2028-09-11","2028-09-11 07:24","545","2028-09-11 01:43","211","2028-09-11 20:13","565","2028-09-11 13:48","150"
"SO_1271","어은돌항","2028-09-12","2028-09-12 08:06","504","2028-09-12 02:28","255","2028-09-12 21:18","531","2028-09-12 14:38","184"
"SO_1271","어은돌항","2028-09-13","2028-09-13 09:15","462","2028-09-13 03:39","294","2028-09-13 22:56","517","2028-09-13 15:56","212"
"SO_1271","어은돌항","2028-09-14","2028-09-14 11:10","446","2028-09-14 05:34","301","","","2028-09-14 17:42","207"
"SO_1271","어은돌항","2028-09-15","2028-09-15 00:36","544","2028-09-15 07:13","255","2028-09-15 12:51","481","2028-09-15 19:11","161"
"SO_1271","어은돌항","2028-09-16","2028-09-16 01:44","593","2028-09-16 08:13","189","2028-09-16 13:59","541","2028-09-16 20:15","100"
"SO_1271","어은돌항","2028-09-17","2028-09-17 02:35","643","2028-09-17 09:00","123","2028-09-17 14:50","604","2028-09-17 21:07","47"
"SO_1271","어은돌항","2028-09-18","2028-09-18 03:18","681","2028-09-18 09:40","66","2028-09-18 15:35","660","2028-09-18 21:54","11"
"SO_1271","어은돌항","2028-09-19","2028-09-19 03:59","702","2028-09-19 10:19","24","2028-09-19 16:18","700","2028-09-19 22:38","-3"
"SO_1271","어은돌항","2028-09-20","2028-09-20 04:37","704","2028-09-20 10:56","-1","2028-09-20 17:00","722","2028-09-20 23:21","6"
"SO_1271","어은돌항","2028-09-21","2028-09-21 05:15","690","2028-09-21 11:32","-8","2028-09-21 17:42","724","",""
"SO_1271","어은돌항","2028-09-22","2028-09-22 05:52","661","2028-09-22 00:03","37","2028-09-22 18:24","706","2028-09-22 12:09","5"
"SO_1271","어은돌항","2028-09-23","2028-09-23 06:29","622","2028-09-23 00:45","84","2028-09-23 19:08","669","2028-09-23 12:46","36"
"SO_1271","어은돌항","2028-09-24","2028-09-24 07:08","573","2028-09-24 01:28","143","2028-09-24 19:55","619","2028-09-24 13:25","82"
"SO_1271","어은돌항","2028-09-25","2028-09-25 07:51","520","2028-09-25 02:15","206","2028-09-25 20:52","562","2028-09-25 14:09","138"
"SO_1271","어은돌항","2028-09-26","2028-09-26 08:47","467","2028-09-26 03:17","264","2028-09-26 22:13","515","2028-09-26 15:09","194"
"SO_1271","어은돌항","2028-09-27","2028-09-27 10:17","429","2028-09-27 04:52","296","2028-09-27 23:59","502","2028-09-27 16:44","232"
"SO_1271","어은돌항","2028-09-28","2028-09-28 12:12","435","2028-09-28 06:41","280","","","2028-09-28 18:32","225"
"SO_1271","어은돌항","2028-09-29","2028-09-29 01:21","521","2028-09-29 07:47","237","2028-09-29 13:30","476","2028-09-29 19:42","189"
"SO_1271","어은돌항","2028-09-30","2028-09-30 02:10","550","2028-09-30 08:29","191","2028-09-30 14:19","525","2028-09-30 20:29","150"
"SO_1271","어은돌항","2028-10-01","2028-10-01 02:46","577","2028-10-01 09:02","148","2028-10-01 14:56","569","2028-10-01 21:07","117"
"SO_1271","어은돌항","2028-10-02","2028-10-02 03:15","599","2028-10-02 09:30","113","2028-10-02 15:29","606","2028-10-02 21:41","94"
"SO_1271","어은돌항","2028-10-03","2028-10-03 03:43","613","2028-10-03 09:57","86","2028-10-03 15:59","634","2028-10-03 22:13","82"
"SO_1271","어은돌항","2028-10-04","2028-10-04 04:10","620","2028-10-04 10:24","68","2028-10-04 16:29","651","2028-10-04 22:44","82"
"SO_1271","어은돌항","2028-10-05","2028-10-05 04:37","619","2028-10-05 10:50","59","2028-10-05 16:59","659","2028-10-05 23:15","92"
"SO_1271","어은돌항","2028-10-06","2028-10-06 05:04","610","2028-10-06 11:17","59","2028-10-06 17:28","657","2028-10-06 23:46","110"
"SO_1271","어은돌항","2028-10-07","2028-10-07 05:30","596","2028-10-07 11:45","65","2028-10-07 17:57","648","",""
"SO_1271","어은돌항","2028-10-08","2028-10-08 05:58","576","2028-10-08 00:17","135","2028-10-08 18:28","631","2028-10-08 12:13","79"
"SO_1271","어은돌항","2028-10-09","2028-10-09 06:27","552","2028-10-09 00:50","165","2028-10-09 19:05","606","2028-10-09 12:46","99"
"SO_1271","어은돌항","2028-10-10","2028-10-10 07:03","522","2028-10-10 01:28","199","2028-10-10 19:52","574","2028-10-10 13:25","128"
"SO_1271","어은돌항","2028-10-11","2028-10-11 07:51","485","2028-10-11 02:16","235","2028-10-11 20:57","540","2028-10-11 14:17","162"
"SO_1271","어은돌항","2028-10-12","2028-10-12 09:06","451","2028-10-12 03:30","262","2028-10-12 22:28","522","2028-10-12 15:36","192"
"SO_1271","어은돌항","2028-10-13","2028-10-13 10:55","446","2028-10-13 05:11","258","","","2028-10-13 17:19","192"
"SO_1271","어은돌항","2028-10-14","2028-10-14 00:00","538","2028-10-14 06:38","212","2028-10-14 12:30","489","2028-10-14 18:47","153"
"SO_1271","어은돌항","2028-10-15","2028-10-15 01:10","575","2028-10-15 07:39","149","2028-10-15 13:36","553","2028-10-15 19:52","102"
"SO_1271","어은돌항","2028-10-16","2028-10-16 02:03","612","2028-10-16 08:26","86","2028-10-16 14:28","618","2028-10-16 20:46","58"
"SO_1271","어은돌항","2028-10-17","2028-10-17 02:47","639","2028-10-17 09:08","35","2028-10-17 15:14","671","2028-10-17 21:34","31"
"SO_1271","어은돌항","2028-10-18","2028-10-18 03:29","652","2028-10-18 09:47","-1","2028-10-18 15:58","706","2028-10-18 22:20","25"
"SO_1271","어은돌항","2028-10-19","2028-10-19 04:09","649","2028-10-19 10:26","-18","2028-10-19 16:41","721","2028-10-19 23:04","38"
"SO_1271","어은돌항","2028-10-20","2028-10-20 04:48","634","2028-10-20 11:04","-17","2028-10-20 17:23","715","2028-10-20 23:47","67"
"SO_1271","어은돌항","2028-10-21","2028-10-21 05:27","608","2028-10-21 11:43","2","2028-10-21 18:06","691","",""
"SO_1271","어은돌항","2028-10-22","2028-10-22 06:07","575","2028-10-22 00:30","107","2028-10-22 18:49","654","2028-10-22 12:21","36"
"SO_1271","어은돌항","2028-10-23","2028-10-23 06:48","537","2028-10-23 01:13","153","2028-10-23 19:34","607","2028-10-23 13:02","80"
"SO_1271","어은돌항","2028-10-24","2028-10-24 07:32","496","2028-10-24 02:00","199","2028-10-24 20:25","557","2028-10-24 13:45","131"
"SO_1271","어은돌항","2028-10-25","2028-10-25 08:27","456","2028-10-25 02:55","238","2028-10-25 21:29","512","2028-10-25 14:39","182"
"SO_1271","어은돌항","2028-10-26","2028-10-26 09:44","427","2028-10-26 04:10","262","2028-10-26 22:52","486","2028-10-26 15:56","222"
"SO_1271","어은돌항","2028-10-27","2028-10-27 11:23","427","2028-10-27 05:40","257","","","2028-10-27 17:35","233"
"SO_1271","어은돌항","2028-10-28","2028-10-28 00:15","487","2028-10-28 06:51","225","2028-10-28 12:46","460","2028-10-28 18:56","212"
"SO_1271","어은돌항","2028-10-29","2028-10-29 01:15","506","2028-10-29 07:40","184","2028-10-29 13:42","506","2028-10-29 19:52","179"
"SO_1271","어은돌항","2028-10-30","2028-10-30 01:59","529","2028-10-30 08:18","142","2028-10-30 14:25","553","2028-10-30 20:36","147"
"SO_1271","어은돌항","2028-10-31","2028-10-31 02:35","550","2028-10-31 08:50","106","2028-10-31 15:01","593","2028-10-31 21:14","124"
"SO_1271","어은돌항","2028-11-01","2028-11-01 03:08","566","2028-11-01 09:21","78","2028-11-01 15:34","623","2028-11-01 21:49","110"
"SO_1271","어은돌항","2028-11-02","2028-11-02 03:39","574","2028-11-02 09:50","59","2028-11-02 16:06","642","2028-11-02 22:23","106"
"SO_1271","어은돌항","2028-11-03","2028-11-03 04:09","575","2028-11-03 10:20","49","2028-11-03 16:37","652","2028-11-03 22:56","110"
"SO_1271","어은돌항","2028-11-04","2028-11-04 04:39","570","2028-11-04 10:50","46","2028-11-04 17:08","653","2028-11-04 23:30","121"
"SO_1271","어은돌항","2028-11-05","2028-11-05 05:09","562","2028-11-05 11:21","49","2028-11-05 17:41","647","",""
"SO_1271","어은돌항","2028-11-06","2028-11-06 05:40","549","2028-11-06 00:04","137","2028-11-06 18:15","634","2028-11-06 11:55","59"
"SO_1271","어은돌항","2028-11-07","2028-11-07 06:15","531","2028-11-07 00:41","155","2028-11-07 18:56","615","2028-11-07 12:33","75"
"SO_1271","어은돌항","2028-11-08","2028-11-08 06:57","509","2028-11-08 01:23","176","2028-11-08 19:43","588","2028-11-08 13:16","100"
"SO_1271","어은돌항","2028-11-09","2028-11-09 07:51","484","2028-11-09 02:15","196","2028-11-09 20:44","560","2028-11-09 14:11","131"
"SO_1271","어은돌항","2028-11-10","2028-11-10 09:03","464","2028-11-10 03:19","208","2028-11-10 21:57","538","2028-11-10 15:23","160"
"SO_1271","어은돌항","2028-11-11","2028-11-11 10:33","466","2028-11-11 04:37","201","2028-11-11 23:16","534","2028-11-11 16:50","172"
"SO_1271","어은돌항","2028-11-12","2028-11-12 11:59","501","2028-11-12 05:54","169","","","2028-11-12 18:15","157"
"SO_1271","어은돌항","2028-11-13","2028-11-13 00:26","547","2028-11-13 06:57","122","2028-11-13 13:08","555","2028-11-13 19:26","127"
"SO_1271","어은돌항","2028-11-14","2028-11-14 01:25","565","2028-11-14 07:50","73","2028-11-14 14:06","610","2028-11-14 20:25","99"
"SO_1271","어은돌항","2028-11-15","2028-11-15 02:16","580","2028-11-15 08:37","32","2028-11-15 14:55","654","2028-11-15 21:17","80"
"SO_1271","어은돌항","2028-11-16","2028-11-16 03:02","588","2028-11-16 09:20","5","2028-11-16 15:42","682","2028-11-16 22:06","75"
"SO_1271","어은돌항","2028-11-17","2028-11-17 03:46","587","2028-11-17 10:03","-7","2028-11-17 16:27","692","2028-11-17 22:52","82"
"SO_1271","어은돌항","2028-11-18","2028-11-18 04:29","579","2028-11-18 10:44","-4","2028-11-18 17:11","686","2028-11-18 23:36","98"
"SO_1271","어은돌항","2028-11-19","2028-11-19 05:11","565","2028-11-19 11:25","12","2028-11-19 17:53","667","",""
"SO_1271","어은돌항","2028-11-20","2028-11-20 05:52","546","2028-11-20 00:19","121","2028-11-20 18:34","639","2028-11-20 12:05","38"
"SO_1271","어은돌항","2028-11-21","2028-11-21 06:33","523","2028-11-21 01:00","146","2028-11-21 19:13","605","2028-11-21 12:44","71"
"SO_1271","어은돌항","2028-11-22","2028-11-22 07:15","498","2028-11-22 01:41","172","2028-11-22 19:53","568","2028-11-22 13:24","110"
"SO_1271","어은돌항","2028-11-23","2028-11-23 08:01","472","2028-11-23 02:24","196","2028-11-23 20:39","531","2028-11-23 14:08","152"
"SO_1271","어은돌항","2028-11-24","2028-11-24 08:59","448","2028-11-24 03:14","214","2028-11-24 21:34","497","2028-11-24 15:03","194"
"SO_1271","어은돌항","2028-11-25","2028-11-25 10:14","436","2028-11-25 04:17","223","2028-11-25 22:43","474","2028-11-25 16:16","226"
"SO_1271","어은돌항","2028-11-26","2028-11-26 11:39","447","2028-11-26 05:28","215","2028-11-26 23:57","469","2028-11-26 17:43","236"
"SO_1271","어은돌항","2028-11-27","2028-11-27 12:52","480","2028-11-27 06:33","190","","","2028-11-27 19:01","222"
"SO_1271","어은돌항","2028-11-28","2028-11-28 01:00","479","2028-11-28 07:25","157","2028-11-28 13:47","522","2028-11-28 19:59","196"
"SO_1271","어은돌항","2028-11-29","2028-11-29 01:50","496","2028-11-29 08:07","123","2028-11-29 14:31","563","2028-11-29 20:45","171"
"SO_1271","어은돌항","2028-11-30","2028-11-30 02:32","513","2028-11-30 08:45","93","2028-11-30 15:09","596","2028-11-30 21:26","151"
"SO_1271","어은돌항","2028-12-01","2028-12-01 03:09","527","2028-12-01 09:20","69","2028-12-01 15:45","621","2028-12-01 22:04","137"
"SO_1271","어은돌항","2028-12-02","2028-12-02 03:45","537","2028-12-02 09:55","51","2028-12-02 16:19","638","2028-12-02 22:41","129"
"SO_1271","어은돌항","2028-12-03","2028-12-03 04:19","542","2028-12-03 10:31","39","2028-12-03 16:55","647","2028-12-03 23:18","126"
"SO_1271","어은돌항","2028-12-04","2028-12-04 04:54","544","2028-12-04 11:08","33","2028-12-04 17:31","650","2028-12-04 23:56","126"
"SO_1271","어은돌항","2028-12-05","2028-12-05 05:32","542","2028-12-05 11:47","35","2028-12-05 18:09","646","",""
"SO_1271","어은돌항","2028-12-06","2028-12-06 06:12","536","2028-12-06 00:37","129","2028-12-06 18:51","635","2028-12-06 12:29","44"
"SO_1271","어은돌항","2028-12-07","2028-12-07 06:57","527","2028-12-07 01:19","133","2028-12-07 19:35","615","2028-12-07 13:14","64"
"SO_1271","어은돌항","2028-12-08","2028-12-08 07:49","515","2028-12-08 02:06","139","2028-12-08 20:25","588","2028-12-08 14:05","93"
"SO_1271","어은돌항","2028-12-09","2028-12-09 08:50","503","2028-12-09 02:58","145","2028-12-09 21:22","558","2028-12-09 15:05","129"
"SO_1271","어은돌항","2028-12-10","2028-12-10 10:02","500","2028-12-10 03:56","146","2028-12-10 22:27","530","2028-12-10 16:16","161"
"SO_1271","어은돌항","2028-12-11","2028-12-11 11:22","513","2028-12-11 05:03","138","2028-12-11 23:38","513","2028-12-11 17:37","179"
"SO_1271","어은돌항","2028-12-12","2028-12-12 12:38","544","2028-12-12 06:11","118","","","2028-12-12 18:58","175"
"SO_1271","어은돌항","2028-12-13","2028-12-13 00:47","510","2028-12-13 07:14","90","2028-12-13 13:46","583","2028-12-13 20:09","158"
"SO_1271","어은돌항","2028-12-14","2028-12-14 01:50","517","2028-12-14 08:11","60","2028-12-14 14:44","618","2028-12-14 21:08","138"
"SO_1271","어은돌항","2028-12-15","2028-12-15 02:45","528","2028-12-15 09:02","37","2028-12-15 15:35","644","2028-12-15 22:00","123"
"SO_1271","어은돌항","2028-12-16","2028-12-16 03:34","538","2028-12-16 09:50","22","2028-12-16 16:22","656","2028-12-16 22:46","115"
"SO_1271","어은돌항","2028-12-17","2028-12-17 04:19","544","2028-12-17 10:33","18","2028-12-17 17:03","657","2028-12-17 23:28","114"
"SO_1271","어은돌항","2028-12-18","2028-12-18 05:01","546","2028-12-18 11:14","23","2028-12-18 17:41","649","",""
"SO_1271","어은돌항","2028-12-19","2028-12-19 05:40","544","2028-12-19 00:06","117","2028-12-19 18:16","635","2028-12-19 11:52","36"
"SO_1271","어은돌항","2028-12-20","2028-12-20 06:17","537","2028-12-20 00:42","124","2028-12-20 18:48","615","2028-12-20 12:27","56"
"SO_1271","어은돌항","2028-12-21","2028-12-21 06:54","526","2028-12-21 01:14","134","2028-12-21 19:20","591","2028-12-21 13:02","84"
"SO_1271","어은돌항","2028-12-22","2028-12-22 07:32","510","2028-12-22 01:47","146","2028-12-22 19:53","561","2028-12-22 13:38","119"
"SO_1271","어은돌항","2028-12-23","2028-12-23 08:16","490","2028-12-23 02:22","160","2028-12-23 20:32","527","2028-12-23 14:19","160"
"SO_1271","어은돌항","2028-12-24","2028-12-24 09:10","469","2028-12-24 03:04","176","2028-12-24 21:19","490","2028-12-24 15:10","204"
"SO_1271","어은돌항","2028-12-25","2028-12-25 10:19","456","2028-12-25 03:57","191","2028-12-25 22:22","458","2028-12-25 16:18","243"
"SO_1271","어은돌항","2028-12-26","2028-12-26 11:42","461","2028-12-26 05:05","196","2028-12-26 23:41","442","2028-12-26 17:48","261"
"SO_1271","어은돌항","2028-12-27","2028-12-27 12:58","488","2028-12-27 06:17","184","","","2028-12-27 19:14","249"
"SO_1271","어은돌항","2028-12-28","2028-12-28 00:56","447","2028-12-28 07:19","157","2028-12-28 13:58","526","2028-12-28 20:17","222"
"SO_1271","어은돌항","2028-12-29","2028-12-29 01:55","467","2028-12-29 08:10","124","2028-12-29 14:45","565","2028-12-29 21:05","191"
"SO_1271","어은돌항","2028-12-30","2028-12-30 02:43","491","2028-12-30 08:55","89","2028-12-30 15:26","599","2028-12-30 21:48","162"
"SO_1271","어은돌항","2028-12-31","2028-12-31 03:25","515","2028-12-31 09:37","58","2028-12-31 16:05","628","2028-12-31 22:29","136"
"SO_1272","다대포항","2028-01-01","2028-01-01 11:01","115","2028-01-01 04:29","10","2028-01-01 23:09","100","2028-01-01 17:07","13"
"SO_1272","다대포항","2028-01-02","2028-01-02 11:25","108","2028-01-02 05:00","15","2028-01-02 23:46","95","2028-01-02 17:39","17"
"SO_1272","다대포항","2028-01-03","2028-01-03 11:50","101","2028-01-03 05:34","21","","","2028-01-03 18:14","23"
"SO_1272","다대포항","2028-01-04","2028-01-04 00:28","90","2028-01-04 06:14","29","2028-01-04 12:21","93","2028-01-04 18:54","28"
"SO_1272","다대포항","2028-01-05","2028-01-05 01:21","86","2028-01-05 07:03","37","2028-01-05 13:04","86","2028-01-05 19:47","33"
"SO_1272","다대포항","2028-01-06","2028-01-06 02:35","85","2028-01-06 08:11","44","2028-01-06 14:20","81","2028-01-06 20:57","36"
"SO_1272","다대포항","2028-01-07","2028-01-07 04:00","88","2028-01-07 09:42","47","2028-01-07 16:03","82","2028-01-07 22:16","35"
"SO_1272","다대포항","2028-01-08","2028-01-08 05:17","96","2028-01-08 11:13","43","2028-01-08 17:21","88","2028-01-08 23:29","30"
"SO_1272","다대포항","2028-01-09","2028-01-09 00:00","127","2028-01-09 00:00","23","2028-01-09 06:22","107","2028-01-09 12:22","34"
"SO_1272","다대포항","2028-01-10","2028-01-10 00:00","120","2028-01-10 00:00","25","2028-01-10 07:17","120","2028-01-10 00:30","21"
"SO_1272","다대포항","2028-01-11","2028-01-11 08:06","132","2028-01-11 01:23","11","2028-01-11 20:12","115","2028-01-11 14:00","11"
"SO_1272","다대포항","2028-01-12","2028-01-12 08:51","142","2028-01-12 02:11","1","2028-01-12 21:00","122","2028-01-12 14:43",""
"SO_1272","다대포항","2028-01-13","2028-01-13 09:33","148","2028-01-13 02:56","-8","2028-01-13 21:45","126","2028-01-13 15:25","-8"
"SO_1272","다대포항","2028-01-14","2028-01-14 10:12","149","2028-01-14 03:38","-12","2028-01-14 22:29","126","2028-01-14 16:05","-12"
"SO_1272","다대포항","2028-01-15","2028-01-15 10:50","145","2028-01-15 04:20","-12","2028-01-15 23:11","121","2028-01-15 16:45","-11"
"SO_1272","다대포항","2028-01-16","2028-01-16 11:27","135","2028-01-16 05:02","-7","2028-01-16 23:53","114","2028-01-16 17:24","-6"
"SO_1272","다대포항","2028-01-17","2028-01-17 12:03","121","2028-01-17 05:44","3","","","2028-01-17 18:04","4"
"SO_1272","다대포항","2028-01-18","2028-01-18 00:39","104","2028-01-18 06:29","16","2028-01-18 12:42","106","2028-01-18 18:47","15"
"SO_1272","다대포항","2028-01-19","2028-01-19 01:33","93","2028-01-19 07:21","30","2028-01-19 13:28","91","2028-01-19 19:37","27"
"SO_1272","다대포항","2028-01-20","2028-01-20 02:55","86","2028-01-20 08:36","42","2028-01-20 14:43","80","2028-01-20 20:49","37"
"SO_1272","다대포항","2028-01-21","2028-01-21 04:42","86","2028-01-21 10:28","46","2028-01-21 16:31","77","2028-01-21 22:39","40"
"SO_1272","다대포항","2028-01-22","2028-01-22 06:08","93","2028-01-22 12:03","40","2028-01-22 17:55","82","",""
"SO_1272","다대포항","2028-01-23","2028-01-23 07:07","104","2028-01-23 00:09","35","2028-01-23 18:52","90","2028-01-23 12:57","31"
"SO_1272","다대포항","2028-01-24","2028-01-24 07:49","114","2028-01-24 01:02","26","2028-01-24 19:35","99","2028-01-24 13:35","21"
"SO_1272","다대포항","2028-01-25","2028-01-25 08:24","121","2028-01-25 01:40","18","2028-01-25 20:12","106","2028-01-25 14:09","12"
"SO_1272","다대포항","2028-01-26","2028-01-26 08:55","126","2028-01-26 02:13","10","2028-01-26 20:45","111","2028-01-26 14:41","5"
"SO_1272","다대포항","2028-01-27","2028-01-27 09:23","129","2028-01-27 02:44","4","2028-01-27 21:16","115","2028-01-27 15:12","1"
"SO_1272","다대포항","2028-01-28","2028-01-28 09:48","128","2028-01-28 03:12","","2028-01-28 21:47","116","2028-01-28 15:41","-1"
"SO_1272","다대포항","2028-01-29","2028-01-29 10:11","125","2028-01-29 03:41","-1","2028-01-29 22:17","115","2028-01-29 16:09","-1"
"SO_1272","다대포항","2028-01-30","2028-01-30 10:33","121","2028-01-30 04:08","1","2028-01-30 22:46","113","2028-01-30 16:35","2"
"SO_1272","다대포항","2028-01-31","2028-01-31 10:54","116","2028-01-31 04:37","5","2028-01-31 23:17","109","2028-01-31 17:01","8"
"SO_1272","다대포항","2028-02-01","2028-02-01 11:16","109","2028-02-01 05:07","12","2028-02-01 23:49","105","2028-02-01 17:29","14"
"SO_1272","다대포항","2028-02-02","2028-02-02 11:41","102","2028-02-02 05:40","21","","","2028-02-02 18:01","22"
"SO_1272","다대포항","2028-02-03","2028-02-03 00:27","99","2028-02-03 06:20","32","2028-02-03 12:12","95","2028-02-03 18:41","31"
"SO_1272","다대포항","2028-02-04","2028-02-04 01:19","93","2028-02-04 07:12","43","2028-02-04 13:00","86","2028-02-04 19:41","39"
"SO_1272","다대포항","2028-02-05","2028-02-05 02:54","89","2028-02-05 08:41","52","2028-02-05 14:59","80","2028-02-05 21:22","44"
"SO_1272","다대포항","2028-02-06","2028-02-06 04:47","94","2028-02-06 10:52","51","2028-02-06 17:03","85","2028-02-06 23:10","38"
"SO_1272","다대포항","2028-02-07","2028-02-07 06:09","105","2028-02-07 12:15","38","2028-02-07 18:20","96","",""
"SO_1272","다대포항","2028-02-08","2028-02-08 07:07","120","2028-02-08 00:24","25","2028-02-08 19:18","108","2028-02-08 13:06","22"
"SO_1272","다대포항","2028-02-09","2028-02-09 07:54","134","2028-02-09 01:16","10","2028-02-09 20:06","121","2028-02-09 13:49","6"
"SO_1272","다대포항","2028-02-10","2028-02-10 08:35","145","2028-02-10 02:02","-5","2028-02-10 20:50","131","2028-02-10 14:28","-9"
"SO_1272","다대포항","2028-02-11","2028-02-11 09:13","152","2028-02-11 02:43","-16","2028-02-11 21:31","137","2028-02-11 15:06","-19"
"SO_1272","다대포항","2028-02-12","2028-02-12 09:50","152","2028-02-12 03:22","-22","2028-02-12 22:11","138","2028-02-12 15:43","-23"
"SO_1272","다대포항","2028-02-13","2028-02-13 10:24","147","2028-02-13 04:01","-21","2028-02-13 22:48","133","2028-02-13 16:19","-21"
"SO_1272","다대포항","2028-02-14","2028-02-14 10:57","136","2028-02-14 04:39","-14","2028-02-14 23:25","124","2028-02-14 16:54","-12"
"SO_1272","다대포항","2028-02-15","2028-02-15 11:29","121","2028-02-15 05:17","-2","","","2028-02-15 17:28","1"
"SO_1272","다대포항","2028-02-16","2028-02-16 00:02","112","2028-02-16 05:57","15","2028-02-16 12:00","105","2028-02-16 18:03","16"
"SO_1272","다대포항","2028-02-17","2028-02-17 00:43","98","2028-02-17 06:42","32","2028-02-17 12:35","90","2028-02-17 18:42","31"
"SO_1272","다대포항","2028-02-18","2028-02-18 01:51","86","2028-02-18 07:50","48","2028-02-18 13:35","76","2028-02-18 19:43","45"
"SO_1272","다대포항","2028-02-19","2028-02-19 04:18","83","2028-02-19 10:15","54","2028-02-19 16:15","72","2028-02-19 22:20","51"
"SO_1272","다대포항","2028-02-20","2028-02-20 05:59","91","2028-02-20 12:00","45","2028-02-20 17:51","80","",""
"SO_1272","다대포항","2028-02-21","2028-02-21 06:53","101","2028-02-21 00:09","42","2028-02-21 18:43","90","2028-02-21 12:44","33"
"SO_1272","다대포항","2028-02-22","2028-02-22 07:31","111","2028-02-22 00:53","31","2028-02-22 19:20","100","2028-02-22 13:17","22"
"SO_1272","다대포항","2028-02-23","2028-02-23 08:02","118","2028-02-23 01:24","20","2028-02-23 19:53","109","2028-02-23 13:48","11"
"SO_1272","다대포항","2028-02-24","2028-02-24 08:29","123","2028-02-24 01:54","10","2028-02-24 20:24","116","2028-02-24 14:17","3"
"SO_1272","다대포항","2028-02-25","2028-02-25 08:54","126","2028-02-25 02:22","2","2028-02-25 20:54","121","2028-02-25 14:45","-3"
"SO_1272","다대포항","2028-02-26","2028-02-26 09:18","127","2028-02-26 02:49","-3","2028-02-26 21:24","124","2028-02-26 15:11","-6"
"SO_1272","다대포항","2028-02-27","2028-02-27 09:40","126","2028-02-27 03:16","-5","2028-02-27 21:52","126","2028-02-27 15:37","-6"
"SO_1272","다대포항","2028-02-28","2028-02-28 10:02","124","2028-02-28 03:44","-4","2028-02-28 22:21","125","2028-02-28 16:02","-3"
"SO_1272","다대포항","2028-02-29","2028-02-29 10:24","121","2028-02-29 04:12","","2028-02-29 22:50","122","2028-02-29 16:28","3"
"SO_1272","다대포항","2028-03-01","2028-03-01 10:47","115","2028-03-01 04:42","7","2028-03-01 23:20","117","2028-03-01 16:55","10"
"SO_1272","다대포항","2028-03-02","2028-03-02 11:12","108","2028-03-02 05:14","18","2028-03-02 23:54","110","2028-03-02 17:26","19"
"SO_1272","다대포항","2028-03-03","2028-03-03 11:41","100","2028-03-03 05:52","30","","","2028-03-03 18:04","30"
"SO_1272","다대포항","2028-03-04","2028-03-04 00:39","101","2028-03-04 06:41","43","2028-03-04 12:23","89","2028-03-04 19:01","41"
"SO_1272","다대포항","2028-03-05","2028-03-05 02:06","93","2028-03-05 08:07","54","2028-03-05 14:27","79","2028-03-05 20:53","47"
"SO_1272","다대포항","2028-03-06","2028-03-06 04:22","94","2028-03-06 10:38","51","2028-03-06 16:59","85","2028-03-06 22:57","40"
"SO_1272","다대포항","2028-03-07","2028-03-07 05:48","105","2028-03-07 11:59","35","2028-03-07 18:12","98","",""
"SO_1272","다대포항","2028-03-08","2028-03-08 06:45","119","2028-03-08 00:08","24","2028-03-08 19:04","113","2028-03-08 12:46","17"
"SO_1272","다대포항","2028-03-09","2028-03-09 07:30","132","2028-03-09 00:58","7","2028-03-09 19:49","126","2028-03-09 13:26","-1"
"SO_1272","다대포항","2028-03-10","2028-03-10 08:10","142","2028-03-10 01:41","-9","2028-03-10 20:30","137","2028-03-10 14:03","-15"
"SO_1272","다대포항","2028-03-11","2028-03-11 08:47","148","2028-03-11 02:21","-20","2028-03-11 21:10","143","2028-03-11 14:39","-24"
"SO_1272","다대포항","2028-03-12","2028-03-12 09:22","148","2028-03-12 03:00","-24","2028-03-12 21:47","143","2028-03-12 15:15","-26"
"SO_1272","다대포항","2028-03-13","2028-03-13 09:56","142","2028-03-13 03:38","-22","2028-03-13 22:24","138","2028-03-13 15:50","-21"
"SO_1272","다대포항","2028-03-14","2028-03-14 10:28","131","2028-03-14 04:16","-13","2028-03-14 22:59","129","2028-03-14 16:24","-11"
"SO_1272","다대포항","2028-03-15","2028-03-15 10:58","118","2028-03-15 04:53","1","2028-03-15 23:33","116","2028-03-15 16:56","4"
"SO_1272","다대포항","2028-03-16","2028-03-16 11:27","103","2028-03-16 05:31","17","","","2028-03-16 17:29","20"
"SO_1272","다대포항","2028-03-17","2028-03-17 00:09","103","2028-03-17 06:14","34","2028-03-17 11:58","89","2028-03-17 18:05","35"
"SO_1272","다대포항","2028-03-18","2028-03-18 01:01","90","2028-03-18 07:19","49","2028-03-18 12:52","76","2028-03-18 18:58","48"
"SO_1272","다대포항","2028-03-19","2028-03-19 03:30","83","2028-03-19 09:41","55","2028-03-19 15:48","72","2028-03-19 21:32","54"
"SO_1272","다대포항","2028-03-20","2028-03-20 05:19","88","2028-03-20 11:25","46","2028-03-20 17:22","80","2028-03-20 23:32","46"
"SO_1272","다대포항","2028-03-21","2028-03-21 06:17","96","2028-03-21 12:11","34","2028-03-21 18:13","90","",""
"SO_1272","다대포항","2028-03-22","2028-03-22 06:55","104","2028-03-22 00:19","34","2028-03-22 18:50","100","2028-03-22 12:45","22"
"SO_1272","다대포항","2028-03-23","2028-03-23 07:25","111","2028-03-23 00:53","23","2028-03-23 19:23","109","2028-03-23 13:15","12"
"SO_1272","다대포항","2028-03-24","2028-03-24 07:53","116","2028-03-24 01:23","13","2028-03-24 19:55","118","2028-03-24 13:44","3"
"SO_1272","다대포항","2028-03-25","2028-03-25 08:18","120","2028-03-25 01:52","5","2028-03-25 20:26","124","2028-03-25 14:11","-2"
"SO_1272","다대포항","2028-03-26","2028-03-26 08:42","122","2028-03-26 02:21","-1","2028-03-26 20:56","129","2028-03-26 14:38","-5"
"SO_1272","다대포항","2028-03-27","2028-03-27 09:06","124","2028-03-27 02:49","-4","2028-03-27 21:26","133","2028-03-27 15:04","-5"
"SO_1272","다대포항","2028-03-28","2028-03-28 09:31","124","2028-03-28 03:18","-3","2028-03-28 21:57","133","2028-03-28 15:30","-3"
"SO_1272","다대포항","2028-03-29","2028-03-29 09:56","122","2028-03-29 03:49","1","2028-03-29 22:28","131","2028-03-29 15:58","3"
"SO_1272","다대포항","2028-03-30","2028-03-30 10:23","117","2028-03-30 04:21","8","2028-03-30 23:00","126","2028-03-30 16:29","10"
"SO_1272","다대포항","2028-03-31","2028-03-31 10:52","110","2028-03-31 04:56","18","2028-03-31 23:37","117","2028-03-31 17:03","20"
"SO_1272","다대포항","2028-04-01","2028-04-01 11:26","100","2028-04-01 05:37","30","","","2028-04-01 17:46","31"
"SO_1272","다대포항","2028-04-02","2028-04-02 00:26","107","2028-04-02 06:30","42","2028-04-02 12:18","88","2028-04-02 18:51","41"
"SO_1272","다대포항","2028-04-03","2028-04-03 01:53","98","2028-04-03 08:03","50","2028-04-03 14:50","81","2028-04-03 20:46","46"
"SO_1272","다대포항","2028-04-04","2028-04-04 03:51","98","2028-04-04 10:11","44","2028-04-04 16:43","89","2028-04-04 22:33","37"
"SO_1272","다대포항","2028-04-05","2028-04-05 05:12","106","2028-04-05 11:25","29","2028-04-05 17:49","102","2028-04-05 23:40","22"
"SO_1272","다대포항","2028-04-06","2028-04-06 06:10","116","2028-04-06 12:13","13","2028-04-06 18:39","115","",""
"SO_1272","다대포항","2028-04-07","2028-04-07 06:56","126","2028-04-07 00:31","7","2028-04-07 19:24","128","2028-04-07 12:54","-2"
"SO_1272","다대포항","2028-04-08","2028-04-08 07:37","134","2028-04-08 01:16","-6","2028-04-08 20:06","137","2028-04-08 13:32","-13"
"SO_1272","다대포항","2028-04-09","2028-04-09 08:16","138","2028-04-09 01:57","-14","2028-04-09 20:46","142","2028-04-09 14:10","-19"
"SO_1272","다대포항","2028-04-10","2028-04-10 08:53","137","2028-04-10 02:37","-17","2028-04-10 21:25","143","2028-04-10 14:47","-18"
"SO_1272","다대포항","2028-04-11","2028-04-11 09:28","132","2028-04-11 03:16","-13","2028-04-11 22:02","138","2028-04-11 15:22","-12"
"SO_1272","다대포항","2028-04-12","2028-04-12 10:01","123","2028-04-12 03:55","-5","2028-04-12 22:38","130","2028-04-12 15:57","-2"
"SO_1272","다대포항","2028-04-13","2028-04-13 10:33","112","2028-04-13 04:33","8","2028-04-13 23:13","119","2028-04-13 16:31","11"
"SO_1272","다대포항","2028-04-14","2028-04-14 11:04","100","2028-04-14 05:13","21","2028-04-14 23:50","107","2028-04-14 17:05","24"
"SO_1272","다대포항","2028-04-15","2028-04-15 11:40","89","2028-04-15 05:57","35","","","2028-04-15 17:43","37"
"SO_1272","다대포항","2028-04-16","2028-04-16 00:36","96","2028-04-16 06:59","46","2028-04-16 12:41","79","2028-04-16 18:37","47"
"SO_1272","다대포항","2028-04-17","2028-04-17 02:12","87","2028-04-17 08:41","50","2028-04-17 14:54","75","2028-04-17 20:24","53"
"SO_1272","다대포항","2028-04-18","2028-04-18 04:02","86","2028-04-18 10:19","45","2028-04-18 16:26","81","2028-04-18 22:17","49"
"SO_1272","다대포항","2028-04-19","2028-04-19 05:14","90","2028-04-19 11:19","36","2028-04-19 17:24","90","2028-04-19 23:25","40"
"SO_1272","다대포항","2028-04-20","2028-04-20 06:01","95","2028-04-20 12:00","26","2028-04-20 18:09","99","",""
"SO_1272","다대포항","2028-04-21","2028-04-21 06:37","101","2028-04-21 00:10","30","2028-04-21 18:46","109","2028-04-21 12:33","17"
"SO_1272","다대포항","2028-04-22","2028-04-22 07:07","107","2028-04-22 00:45","21","2028-04-22 19:22","118","2028-04-22 13:04","10"
"SO_1272","다대포항","2028-04-23","2028-04-23 07:36","112","2028-04-23 01:18","13","2028-04-23 19:56","126","2028-04-23 13:33","5"
"SO_1272","다대포항","2028-04-24","2028-04-24 08:04","117","2028-04-24 01:50","8","2028-04-24 20:29","133","2028-04-24 14:01","2"
"SO_1272","다대포항","2028-04-25","2028-04-25 08:33","121","2028-04-25 02:22","5","2028-04-25 21:02","137","2028-04-25 14:31","2"
"SO_1272","다대포항","2028-04-26","2028-04-26 09:03","122","2028-04-26 02:55","4","2028-04-26 21:37","139","2028-04-26 15:02","3"
"SO_1272","다대포항","2028-04-27","2028-04-27 09:34","121","2028-04-27 03:30","7","2028-04-27 22:12","138","2028-04-27 15:36","7"
"SO_1272","다대포항","2028-04-28","2028-04-28 10:07","117","2028-04-28 04:06","13","2028-04-28 22:50","132","2028-04-28 16:12","14"
"SO_1272","다대포항","2028-04-29","2028-04-29 10:45","109","2028-04-29 04:46","21","2028-04-29 23:33","124","2028-04-29 16:54","22"
"SO_1272","다대포항","2028-04-30","2028-04-30 11:31","100","2028-04-30 05:32","30","","","2028-04-30 17:45","32"
"SO_1272","다대포항","2028-05-01","2028-05-01 00:27","114","2028-05-01 06:32","38","2028-05-01 12:46","91","2028-05-01 18:56","39"
"SO_1272","다대포항","2028-05-02","2028-05-02 01:43","106","2028-05-02 07:55","41","2028-05-02 14:46","89","2028-05-02 20:29","41"
"SO_1272","다대포항","2028-05-03","2028-05-03 03:11","103","2028-05-03 09:28","37","2028-05-03 16:13","95","2028-05-03 21:57","36"
"SO_1272","다대포항","2028-05-04","2028-05-04 04:27","106","2028-05-04 10:39","26","2028-05-04 17:17","105","2028-05-04 23:06","26"
"SO_1272","다대포항","2028-05-05","2028-05-05 05:28","112","2028-05-05 11:32","15","2028-05-05 18:11","116","",""
"SO_1272","다대포항","2028-05-06","2028-05-06 06:19","118","2028-05-06 00:01","16","2028-05-06 18:59","126","2028-05-06 12:18","6"
"SO_1272","다대포항","2028-05-07","2028-05-07 07:04","122","2028-05-07 00:50","7","2028-05-07 19:44","134","2028-05-07 13:01","-1"
"SO_1272","다대포항","2028-05-08","2028-05-08 07:47","125","2028-05-08 01:35","1","2028-05-08 20:27","138","2028-05-08 13:42","-4"
"SO_1272","다대포항","2028-05-09","2028-05-09 08:27","125","2028-05-09 02:18","","2028-05-09 21:09","140","2028-05-09 14:22","-2"
"SO_1272","다대포항","2028-05-10","2028-05-10 09:04","123","2028-05-10 02:59","2","2028-05-10 21:48","137","2028-05-10 15:00","3"
"SO_1272","다대포항","2028-05-11","2028-05-11 09:41","117","2028-05-11 03:39","8","2028-05-11 22:25","132","2028-05-11 15:37","10"
"SO_1272","다대포항","2028-05-12","2028-05-12 10:16","110","2028-05-12 04:19","15","2028-05-12 23:01","124","2028-05-12 16:13","18"
"SO_1272","다대포항","2028-05-13","2028-05-13 10:52","103","2028-05-13 05:00","24","2028-05-13 23:35","114","2028-05-13 16:49","28"
"SO_1272","다대포항","2028-05-14","2028-05-14 11:32","95","2028-05-14 05:42","33","","","2028-05-14 17:29","36"
"SO_1272","다대포항","2028-05-15","2028-05-15 00:12","105","2028-05-15 06:33","40","2028-05-15 12:28","87","2028-05-15 18:17","44"
"SO_1272","다대포항","2028-05-16","2028-05-16 01:02","96","2028-05-16 07:39","45","2028-05-16 13:51","84","2028-05-16 19:25","50"
"SO_1272","다대포항","2028-05-17","2028-05-17 02:18","90","2028-05-17 08:57","45","2028-05-17 15:17","85","2028-05-17 20:53","52"
"SO_1272","다대포항","2028-05-18","2028-05-18 03:41","88","2028-05-18 10:05","41","2028-05-18 16:25","91","2028-05-18 22:13","49"
"SO_1272","다대포항","2028-05-19","2028-05-19 04:46","90","2028-05-19 10:58","35","2028-05-19 17:19","100","2028-05-19 23:15","42"
"SO_1272","다대포항","2028-05-20","2028-05-20 05:35","95","2028-05-20 11:41","29","2028-05-20 18:04","109","",""
"SO_1272","다대포항","2028-05-21","2028-05-21 06:15","101","2028-05-21 00:03","35","2028-05-21 18:46","118","2028-05-21 12:17","24"
"SO_1272","다대포항","2028-05-22","2028-05-22 06:52","108","2028-05-22 00:44","28","2028-05-22 19:25","128","2028-05-22 12:53","19"
"SO_1272","다대포항","2028-05-23","2028-05-23 07:28","114","2028-05-23 01:22","22","2028-05-23 20:04","136","2028-05-23 13:28","16"
"SO_1272","다대포항","2028-05-24","2028-05-24 08:05","120","2028-05-24 01:59","18","2028-05-24 20:44","142","2028-05-24 14:05","13"
"SO_1272","다대포항","2028-05-25","2028-05-25 08:43","122","2028-05-25 02:38","16","2028-05-25 21:24","145","2028-05-25 14:43","13"
"SO_1272","다대포항","2028-05-26","2028-05-26 09:23","123","2028-05-26 03:18","15","2028-05-26 22:05","145","2028-05-26 15:24","14"
"SO_1272","다대포항","2028-05-27","2028-05-27 10:06","120","2028-05-27 03:58","17","2028-05-27 22:47","141","2028-05-27 16:07","18"
"SO_1272","다대포항","2028-05-28","2028-05-28 10:53","114","2028-05-28 04:43","21","2028-05-28 23:32","134","2028-05-28 16:54","24"
"SO_1272","다대포항","2028-05-29","2028-05-29 11:49","108","2028-05-29 05:31","26","","","2028-05-29 17:48","30"
"SO_1272","다대포항","2028-05-30","2028-05-30 00:22","125","2028-05-30 06:26","30","2028-05-30 12:58","102","2028-05-30 18:50","36"
"SO_1272","다대포항","2028-05-31","2028-05-31 01:20","117","2028-05-31 07:29","33","2028-05-31 14:18","100","2028-05-31 20:01","40"
"SO_1272","다대포항","2028-06-01","2028-06-01 02:27","110","2028-06-01 08:39","34","2028-06-01 15:35","103","2028-06-01 21:17","40"
"SO_1272","다대포항","2028-06-02","2028-06-02 03:38","107","2028-06-02 09:47","31","2028-06-02 16:44","108","2028-06-02 22:30","37"
"SO_1272","다대포항","2028-06-03","2028-06-03 04:45","107","2028-06-03 10:49","27","2028-06-03 17:45","116","2028-06-03 23:35","32"
"SO_1272","다대포항","2028-06-04","2028-06-04 05:44","110","2028-06-04 11:44","23","2028-06-04 18:40","123","",""
"SO_1272","다대포항","2028-06-05","2028-06-05 06:36","113","2028-06-05 00:31","26","2028-06-05 19:30","131","2028-06-05 12:35","20"
"SO_1272","다대포항","2028-06-06","2028-06-06 07:25","117","2028-06-06 01:21","22","2028-06-06 20:17","136","2028-06-06 13:22","18"
"SO_1272","다대포항","2028-06-07","2028-06-07 08:09","119","2028-06-07 02:06","18","2028-06-07 20:59","139","2028-06-07 14:06","17"
"SO_1272","다대포항","2028-06-08","2028-06-08 08:50","120","2028-06-08 02:48","17","2028-06-08 21:38","139","2028-06-08 14:47","18"
"SO_1272","다대포항","2028-06-09","2028-06-09 09:29","118","2028-06-09 03:28","18","2028-06-09 22:14","137","2028-06-09 15:24","20"
"SO_1272","다대포항","2028-06-10","2028-06-10 10:05","115","2028-06-10 04:06","21","2028-06-10 22:46","131","2028-06-10 16:00","24"
"SO_1272","다대포항","2028-06-11","2028-06-11 10:42","111","2028-06-11 04:43","26","2028-06-11 23:15","124","2028-06-11 16:35","29"
"SO_1272","다대포항","2028-06-12","2028-06-12 11:20","106","2028-06-12 05:20","31","2028-06-12 23:42","116","2028-06-12 17:11","36"
"SO_1272","다대포항","2028-06-13","2028-06-13 12:02","101","2028-06-13 05:59","36","","","2028-06-13 17:50","42"
"SO_1272","다대포항","2028-06-14","2028-06-14 00:12","108","2028-06-14 06:42","41","2028-06-14 12:55","97","2028-06-14 18:37","49"
"SO_1272","다대포항","2028-06-15","2028-06-15 00:50","100","2028-06-15 07:34","45","2028-06-15 14:01","95","2028-06-15 19:37","55"
"SO_1272","다대포항","2028-06-16","2028-06-16 01:49","95","2028-06-16 08:36","47","2028-06-16 15:15","97","2028-06-16 20:52","58"
"SO_1272","다대포항","2028-06-17","2028-06-17 03:12","93","2028-06-17 09:39","47","2028-06-17 16:22","103","2028-06-17 22:11","57"
"SO_1272","다대포항","2028-06-18","2028-06-18 04:26","95","2028-06-18 10:37","45","2028-06-18 17:20","111","2028-06-18 23:18","52"
"SO_1272","다대포항","2028-06-19","2028-06-19 05:24","101","2028-06-19 11:29","41","2028-06-19 18:12","121","",""
"SO_1272","다대포항","2028-06-20","2028-06-20 06:14","108","2028-06-20 00:13","46","2028-06-20 19:01","130","2028-06-20 12:17","36"
"SO_1272","다대포항","2028-06-21","2028-06-21 07:01","116","2028-06-21 01:00","39","2028-06-21 19:47","140","2028-06-21 13:03","31"
"SO_1272","다대포항","2028-06-22","2028-06-22 07:48","122","2028-06-22 01:44","32","2028-06-22 20:32","148","2028-06-22 13:49","25"
"SO_1272","다대포항","2028-06-23","2028-06-23 08:35","127","2028-06-23 02:27","25","2028-06-23 21:16","153","2028-06-23 14:34","21"
"SO_1272","다대포항","2028-06-24","2028-06-24 09:22","130","2028-06-24 03:09","20","2028-06-24 21:59","155","2028-06-24 15:19","18"
"SO_1272","다대포항","2028-06-25","2028-06-25 10:10","130","2028-06-25 03:52","17","2028-06-25 22:40","153","2028-06-25 16:04","18"
"SO_1272","다대포항","2028-06-26","2028-06-26 10:57","128","2028-06-26 04:35","17","2028-06-26 23:21","147","2028-06-26 16:50","21"
"SO_1272","다대포항","2028-06-27","2028-06-27 11:46","123","2028-06-27 05:18","20","","","2028-06-27 17:37","26"
"SO_1272","다대포항","2028-06-28","2028-06-28 00:03","137","2028-06-28 06:04","25","2028-06-28 12:39","118","2028-06-28 18:29","34"
"SO_1272","다대포항","2028-06-29","2028-06-29 00:48","126","2028-06-29 06:54","31","2028-06-29 13:40","112","2028-06-29 19:27","43"
"SO_1272","다대포항","2028-06-30","2028-06-30 01:41","115","2028-06-30 07:50","37","2028-06-30 14:53","109","2028-06-30 20:37","50"
"SO_1272","다대포항","2028-07-01","2028-07-01 02:49","107","2028-07-01 08:55","43","2028-07-01 16:14","110","2028-07-01 21:59","54"
"SO_1272","다대포항","2028-07-02","2028-07-02 04:08","103","2028-07-02 10:09","45","2028-07-02 17:29","115","2028-07-02 23:20","52"
"SO_1272","다대포항","2028-07-03","2028-07-03 05:21","105","2028-07-03 11:22","44","2028-07-03 18:34","122","",""
"SO_1272","다대포항","2028-07-04","2028-07-04 06:23","109","2028-07-04 00:26","46","2028-07-04 19:28","130","2028-07-04 12:24","41"
"SO_1272","다대포항","2028-07-05","2028-07-05 07:15","115","2028-07-05 01:17","39","2028-07-05 20:12","138","2028-07-05 13:16","35"
"SO_1272","다대포항","2028-07-06","2028-07-06 08:01","120","2028-07-06 01:59","32","2028-07-06 20:52","142","2028-07-06 13:59","31"
"SO_1272","다대포항","2028-07-07","2028-07-07 08:41","124","2028-07-07 02:38","27","2028-07-07 21:26","144","2028-07-07 14:37","27"
"SO_1272","다대포항","2028-07-08","2028-07-08 09:17","125","2028-07-08 03:13","24","2028-07-08 21:56","143","2028-07-08 15:12","25"
"SO_1272","다대포항","2028-07-09","2028-07-09 09:51","125","2028-07-09 03:47","24","2028-07-09 22:23","139","2028-07-09 15:44","26"
"SO_1272","다대포항","2028-07-10","2028-07-10 10:24","123","2028-07-10 04:19","25","2028-07-10 22:47","133","2028-07-10 16:15","29"
"SO_1272","다대포항","2028-07-11","2028-07-11 10:56","120","2028-07-11 04:50","29","2028-07-11 23:09","126","2028-07-11 16:46","34"
"SO_1272","다대포항","2028-07-12","2028-07-12 11:30","116","2028-07-12 05:20","34","2028-07-12 23:31","119","2028-07-12 17:19","40"
"SO_1272","다대포항","2028-07-13","2028-07-13 12:08","112","2028-07-13 05:52","40","2028-07-13 23:57","113","2028-07-13 17:55","48"
"SO_1272","다대포항","2028-07-14","2028-07-14 12:54","109","2028-07-14 06:27","46","","","2028-07-14 18:40","56"
"SO_1272","다대포항","2028-07-15","2028-07-15 00:33","106","2028-07-15 07:12","52","2028-07-15 13:57","106","2028-07-15 19:39","64"
"SO_1272","다대포항","2028-07-16","2028-07-16 01:32","101","2028-07-16 08:14","57","2028-07-16 15:20","108","2028-07-16 21:02","69"
"SO_1272","다대포항","2028-07-17","2028-07-17 03:15","99","2028-07-17 09:32","59","2028-07-17 16:39","113","2028-07-17 22:38","67"
"SO_1272","다대포항","2028-07-18","2028-07-18 04:44","103","2028-07-18 10:49","56","2028-07-18 17:47","122","2028-07-18 23:52","60"
"SO_1272","다대포항","2028-07-19","2028-07-19 05:50","111","2028-07-19 11:56","49","2028-07-19 18:45","133","",""
"SO_1272","다대포항","2028-07-20","2028-07-20 06:48","120","2028-07-20 00:47","50","2028-07-20 19:36","144","2028-07-20 12:51","40"
"SO_1272","다대포항","2028-07-21","2028-07-21 07:42","129","2028-07-21 01:33","38","2028-07-21 20:22","154","2028-07-21 13:41","30"
"SO_1272","다대포항","2028-07-22","2028-07-22 08:31","136","2028-07-22 02:16","27","2028-07-22 21:04","161","2028-07-22 14:26","20"
"SO_1272","다대포항","2028-07-23","2028-07-23 09:18","142","2028-07-23 02:56","18","2028-07-23 21:44","164","2028-07-23 15:10","14"
"SO_1272","다대포항","2028-07-24","2028-07-24 10:02","145","2028-07-24 03:37","12","2028-07-24 22:22","162","2028-07-24 15:53","12"
"SO_1272","다대포항","2028-07-25","2028-07-25 10:45","144","2028-07-25 04:16","10","2028-07-25 22:59","155","2028-07-25 16:35","15"
"SO_1272","다대포항","2028-07-26","2028-07-26 11:27","138","2028-07-26 04:55","14","2028-07-26 23:36","144","2028-07-26 17:17","23"
"SO_1272","다대포항","2028-07-27","2028-07-27 12:10","130","2028-07-27 05:35","22","","","2028-07-27 18:01","34"
"SO_1272","다대포항","2028-07-28","2028-07-28 00:14","131","2028-07-28 06:17","33","2028-07-28 13:00","121","2028-07-28 18:52","48"
"SO_1272","다대포항","2028-07-29","2028-07-29 00:57","117","2028-07-29 07:03","45","2028-07-29 14:11","112","2028-07-29 19:58","61"
"SO_1272","다대포항","2028-07-30","2028-07-30 02:02","105","2028-07-30 08:06","56","2028-07-30 15:55","109","2028-07-30 21:41","68"
"SO_1272","다대포항","2028-07-31","2028-07-31 03:48","99","2028-07-31 09:43","62","2028-07-31 17:29","114","2028-07-31 23:26","64"
"SO_1272","다대포항","2028-08-01","2028-08-01 05:20","102","2028-08-01 11:26","60","2028-08-01 18:36","123","",""
"SO_1272","다대포항","2028-08-02","2028-08-02 06:24","110","2028-08-02 00:29","55","2028-08-02 19:24","132","2028-08-02 12:30","52"
"SO_1272","다대포항","2028-08-03","2028-08-03 07:11","118","2028-08-03 01:11","46","2028-08-03 20:02","139","2028-08-03 13:14","43"
"SO_1272","다대포항","2028-08-04","2028-08-04 07:51","124","2028-08-04 01:47","36","2028-08-04 20:35","144","2028-08-04 13:50","35"
"SO_1272","다대포항","2028-08-05","2028-08-05 08:26","130","2028-08-05 02:20","29","2028-08-05 21:04","145","2028-08-05 14:22","28"
"SO_1272","다대포항","2028-08-06","2028-08-06 08:58","133","2028-08-06 02:51","24","2028-08-06 21:30","145","2028-08-06 14:53","24"
"SO_1272","다대포항","2028-08-07","2028-08-07 09:29","134","2028-08-07 03:21","22","2028-08-07 21:53","142","2028-08-07 15:22","23"
"SO_1272","다대포항","2028-08-08","2028-08-08 09:59","134","2028-08-08 03:49","23","2028-08-08 22:15","138","2028-08-08 15:50","25"
"SO_1272","다대포항","2028-08-09","2028-08-09 10:29","132","2028-08-09 04:16","26","2028-08-09 22:34","133","2028-08-09 16:19","30"
"SO_1272","다대포항","2028-08-10","2028-08-10 10:58","129","2028-08-10 04:42","31","2028-08-10 22:55","127","2028-08-10 16:49","37"
"SO_1272","다대포항","2028-08-11","2028-08-11 11:30","125","2028-08-11 05:08","38","2028-08-11 23:19","121","2028-08-11 17:20","45"
"SO_1272","다대포항","2028-08-12","2028-08-12 12:06","120","2028-08-12 05:38","46","2028-08-12 23:47","114","2028-08-12 17:58","55"
"SO_1272","다대포항","2028-08-13","2028-08-13 12:53","114","2028-08-13 06:15","54","","","2028-08-13 18:47","66"
"SO_1272","다대포항","2028-08-14","2028-08-14 00:29","107","2028-08-14 07:09","62","2028-08-14 14:16","110","2028-08-14 20:05","74"
"SO_1272","다대포항","2028-08-15","2028-08-15 02:06","100","2028-08-15 08:40","67","2028-08-15 16:08","113","2028-08-15 22:12","75"
"SO_1272","다대포항","2028-08-16","2028-08-16 04:26","103","2028-08-16 10:30","63","2028-08-16 17:31","122","2028-08-16 23:41","64"
"SO_1272","다대포항","2028-08-17","2028-08-17 05:44","112","2028-08-17 11:47","53","2028-08-17 18:32","134","",""
"SO_1272","다대포항","2028-08-18","2028-08-18 06:43","123","2028-08-18 00:35","50","2028-08-18 19:21","146","2028-08-18 12:43","39"
"SO_1272","다대포항","2028-08-19","2028-08-19 07:33","135","2028-08-19 01:18","34","2028-08-19 20:04","157","2028-08-19 13:29","25"
"SO_1272","다대포항","2028-08-20","2028-08-20 08:19","145","2028-08-20 01:58","20","2028-08-20 20:43","164","2028-08-20 14:12","13"
"SO_1272","다대포항","2028-08-21","2028-08-21 09:02","152","2028-08-21 02:36","9","2028-08-21 21:21","167","2028-08-21 14:53","5"
"SO_1272","다대포항","2028-08-22","2028-08-22 09:43","155","2028-08-22 03:14","3","2028-08-22 21:57","164","2028-08-22 15:33","4"
"SO_1272","다대포항","2028-08-23","2028-08-23 10:23","153","2028-08-23 03:50","3","2028-08-23 22:32","155","2028-08-23 16:13","9"
"SO_1272","다대포항","2028-08-24","2028-08-24 11:02","146","2028-08-24 04:27","9","2028-08-24 23:06","143","2028-08-24 16:53","20"
"SO_1272","다대포항","2028-08-25","2028-08-25 11:42","135","2028-08-25 05:04","21","2028-08-25 23:41","127","2028-08-25 17:35","35"
"SO_1272","다대포항","2028-08-26","2028-08-26 12:26","122","2028-08-26 05:41","35","","","2028-08-26 18:22","51"
"SO_1272","다대포항","2028-08-27","2028-08-27 00:19","112","2028-08-27 06:24","51","2028-08-27 13:35","110","2028-08-27 19:29","66"
"SO_1272","다대포항","2028-08-28","2028-08-28 01:22","98","2028-08-28 07:25","64","2028-08-28 15:46","106","2028-08-28 21:43","73"
"SO_1272","다대포항","2028-08-29","2028-08-29 03:51","94","2028-08-29 09:43","70","2028-08-29 17:25","111","2028-08-29 23:31","65"
"SO_1272","다대포항","2028-08-30","2028-08-30 05:24","100","2028-08-30 11:36","63","2028-08-30 18:25","120","",""
"SO_1272","다대포항","2028-08-31","2028-08-31 06:18","109","2028-08-31 00:20","54","2028-08-31 19:06","128","2028-08-31 12:24","52"
"SO_1272","다대포항","2028-09-01","2028-09-01 06:57","118","2028-09-01 00:54","43","2028-09-01 19:38","134","2028-09-01 12:59","41"
"SO_1272","다대포항","2028-09-02","2028-09-02 07:31","125","2028-09-02 01:25","33","2028-09-02 20:07","138","2028-09-02 13:29","32"
"SO_1272","다대포항","2028-09-03","2028-09-03 08:03","131","2028-09-03 01:54","25","2028-09-03 20:33","140","2028-09-03 13:59","24"
"SO_1272","다대포항","2028-09-04","2028-09-04 08:34","135","2028-09-04 02:23","19","2028-09-04 20:57","139","2028-09-04 14:28","20"
"SO_1272","다대포항","2028-09-05","2028-09-05 09:04","138","2028-09-05 02:50","17","2028-09-05 21:20","138","2028-09-05 14:56","18"
"SO_1272","다대포항","2028-09-06","2028-09-06 09:33","139","2028-09-06 03:16","18","2028-09-06 21:41","136","2028-09-06 15:24","20"
"SO_1272","다대포항","2028-09-07","2028-09-07 10:01","138","2028-09-07 03:42","21","2028-09-07 22:02","132","2028-09-07 15:52","24"
"SO_1272","다대포항","2028-09-08","2028-09-08 10:30","135","2028-09-08 04:06","26","2028-09-08 22:24","128","2028-09-08 16:21","31"
"SO_1272","다대포항","2028-09-09","2028-09-09 11:01","131","2028-09-09 04:32","33","2028-09-09 22:48","122","2028-09-09 16:53","40"
"SO_1272","다대포항","2028-09-10","2028-09-10 11:34","125","2028-09-10 05:02","42","2028-09-10 23:16","114","2028-09-10 17:30","51"
"SO_1272","다대포항","2028-09-11","2028-09-11 12:17","117","2028-09-11 05:40","51","2028-09-11 23:55","105","2028-09-11 18:17","62"
"SO_1272","다대포항","2028-09-12","2028-09-12 13:35","109","2028-09-12 06:33","60","","","2028-09-12 19:35","72"
"SO_1272","다대포항","2028-09-13","2028-09-13 01:34","96","2028-09-13 08:16","66","2028-09-13 15:45","110","2028-09-13 21:59","70"
"SO_1272","다대포항","2028-09-14","2028-09-14 04:25","100","2028-09-14 10:20","60","2028-09-14 17:10","118","2028-09-14 23:24","57"
"SO_1272","다대포항","2028-09-15","2028-09-15 05:37","111","2028-09-15 11:33","46","2028-09-15 18:09","130","",""
"SO_1272","다대포항","2028-09-16","2028-09-16 06:30","124","2028-09-16 00:13","40","2028-09-16 18:56","141","2028-09-16 12:25","30"
"SO_1272","다대포항","2028-09-17","2028-09-17 07:16","136","2028-09-17 00:54","23","2028-09-17 19:37","151","2028-09-17 13:10","15"
"SO_1272","다대포항","2028-09-18","2028-09-18 08:00","147","2028-09-18 01:32","8","2028-09-18 20:16","157","2028-09-18 13:51","4"
"SO_1272","다대포항","2028-09-19","2028-09-19 08:41","154","2028-09-19 02:10","-2","2028-09-19 20:54","158","2028-09-19 14:32","-2"
"SO_1272","다대포항","2028-09-20","2028-09-20 09:22","156","2028-09-20 02:47","-5","2028-09-20 21:30","154","2028-09-20 15:12","-2"
"SO_1272","다대포항","2028-09-21","2028-09-21 10:01","153","2028-09-21 03:24","-3","2028-09-21 22:05","145","2028-09-21 15:52","5"
"SO_1272","다대포항","2028-09-22","2028-09-22 10:40","144","2028-09-22 04:00","6","2028-09-22 22:39","132","2028-09-22 16:32","17"
"SO_1272","다대포항","2028-09-23","2028-09-23 11:20","132","2028-09-23 04:36","19","2028-09-23 23:13","118","2028-09-23 17:13","33"
"SO_1272","다대포항","2028-09-24","2028-09-24 12:03","119","2028-09-24 05:13","35","2028-09-24 23:52","103","2028-09-24 18:01","49"
"SO_1272","다대포항","2028-09-25","2028-09-25 13:11","106","2028-09-25 05:55","50","","","2028-09-25 19:12","62"
"SO_1272","다대포항","2028-09-26","2028-09-26 01:04","90","2028-09-26 06:59","62","2028-09-26 15:18","100","2028-09-26 21:28","66"
"SO_1272","다대포항","2028-09-27","2028-09-27 03:42","88","2028-09-27 09:24","66","2028-09-27 16:53","104","2028-09-27 23:04","58"
"SO_1272","다대포항","2028-09-28","2028-09-28 05:03","95","2028-09-28 11:06","58","2028-09-28 17:52","110","2028-09-28 23:50","46"
"SO_1272","다대포항","2028-09-29","2028-09-29 05:52","103","2028-09-29 11:55","48","2028-09-29 18:32","116","",""
"SO_1272","다대포항","2028-09-30","2028-09-30 06:30","112","2028-09-30 00:24","35","2028-09-30 19:04","121","2028-09-30 12:30","37"
"SO_1272","다대포항","2028-10-01","2028-10-01 07:03","120","2028-10-01 00:54","26","2028-10-01 19:31","124","2028-10-01 13:02","28"
"SO_1272","다대포항","2028-10-02","2028-10-02 07:35","126","2028-10-02 01:23","18","2028-10-02 19:57","127","2028-10-02 13:32","20"
"SO_1272","다대포항","2028-10-03","2028-10-03 08:07","132","2028-10-03 01:51","14","2028-10-03 20:21","128","2028-10-03 14:01","16"
"SO_1272","다대포항","2028-10-04","2028-10-04 08:37","136","2028-10-04 02:18","11","2028-10-04 20:45","129","2028-10-04 14:30","14"
"SO_1272","다대포항","2028-10-05","2028-10-05 09:08","138","2028-10-05 02:44","12","2028-10-05 21:10","128","2028-10-05 14:59","15"
"SO_1272","다대포항","2028-10-06","2028-10-06 09:38","138","2028-10-06 03:10","15","2028-10-06 21:35","126","2028-10-06 15:30","19"
"SO_1272","다대포항","2028-10-07","2028-10-07 10:09","136","2028-10-07 03:37","19","2028-10-07 22:00","122","2028-10-07 16:01","25"
"SO_1272","다대포항","2028-10-08","2028-10-08 10:42","132","2028-10-08 04:07","26","2028-10-08 22:28","116","2028-10-08 16:36","33"
"SO_1272","다대포항","2028-10-09","2028-10-09 11:18","124","2028-10-09 04:40","34","2028-10-09 23:01","107","2028-10-09 17:15","43"
"SO_1272","다대포항","2028-10-10","2028-10-10 12:05","115","2028-10-10 05:22","43","2028-10-10 23:49","97","2028-10-10 18:06","53"
"SO_1272","다대포항","2028-10-11","2028-10-11 13:23","107","2028-10-11 06:23","52","","","2028-10-11 19:28","60"
"SO_1272","다대포항","2028-10-12","2028-10-12 02:06","89","2028-10-12 08:08","56","2028-10-12 15:15","105","2028-10-12 21:33","56"
"SO_1272","다대포항","2028-10-13","2028-10-13 04:11","95","2028-10-13 09:55","49","2028-10-13 16:36","111","2028-10-13 22:51","42"
"SO_1272","다대포항","2028-10-14","2028-10-14 05:17","106","2028-10-14 11:06","36","2028-10-14 17:35","120","2028-10-14 23:41","27"
"SO_1272","다대포항","2028-10-15","2028-10-15 06:08","119","2028-10-15 12:00","22","2028-10-15 18:23","129","",""
"SO_1272","다대포항","2028-10-16","2028-10-16 06:55","131","2028-10-16 00:23","12","2028-10-16 19:06","137","2028-10-16 12:46","9"
"SO_1272","다대포항","2028-10-17","2028-10-17 07:39","141","2028-10-17 01:03","","2028-10-17 19:47","141","2028-10-17 13:30",""
"SO_1272","다대포항","2028-10-18","2028-10-18 08:21","147","2028-10-18 01:43","-7","2028-10-18 20:27","142","2028-10-18 14:12","-4"
"SO_1272","다대포항","2028-10-19","2028-10-19 09:03","148","2028-10-19 02:22","-8","2028-10-19 21:05","138","2028-10-19 14:54","-3"
"SO_1272","다대포항","2028-10-20","2028-10-20 09:45","145","2028-10-20 03:00","-4","2028-10-20 21:43","130","2028-10-20 15:35","4"
"SO_1272","다대포항","2028-10-21","2028-10-21 10:25","138","2028-10-21 03:38","4","2028-10-21 22:19","119","2028-10-21 16:17","14"
"SO_1272","다대포항","2028-10-22","2028-10-22 11:06","127","2028-10-22 04:16","16","2028-10-22 22:56","107","2028-10-22 17:00","27"
"SO_1272","다대포항","2028-10-23","2028-10-23 11:50","115","2028-10-23 04:55","29","2028-10-23 23:40","94","2028-10-23 17:49","40"
"SO_1272","다대포항","2028-10-24","2028-10-24 12:47","104","2028-10-24 05:38","41","","","2028-10-24 18:54","49"
"SO_1272","다대포항","2028-10-25","2028-10-25 00:53","84","2028-10-25 06:38","51","2028-10-25 14:15","95","2028-10-25 20:31","53"
"SO_1272","다대포항","2028-10-26","2028-10-26 02:51","81","2028-10-26 08:17","56","2028-10-26 15:46","93","2028-10-26 22:02","48"
"SO_1272","다대포항","2028-10-27","2028-10-27 04:14","85","2028-10-27 09:59","53","2028-10-27 16:54","95","2028-10-27 23:01","39"
"SO_1272","다대포항","2028-10-28","2028-10-28 05:11","93","2028-10-28 11:06","45","2028-10-28 17:43","99","2028-10-28 23:42","30"
"SO_1272","다대포항","2028-10-29","2028-10-29 05:54","101","2028-10-29 11:52","36","2028-10-29 18:19","103","",""
"SO_1272","다대포항","2028-10-30","2028-10-30 06:32","109","2028-10-30 00:17","22","2028-10-30 18:51","107","2028-10-30 12:30","28"
"SO_1272","다대포항","2028-10-31","2028-10-31 07:07","117","2028-10-31 00:49","16","2028-10-31 19:19","111","2028-10-31 13:04","21"
"SO_1272","다대포항","2028-11-01","2028-11-01 07:41","124","2028-11-01 01:19","12","2028-11-01 19:47","115","2028-11-01 13:36","16"
"SO_1272","다대포항","2028-11-02","2028-11-02 08:15","130","2028-11-02 01:47","9","2028-11-02 20:16","118","2028-11-02 14:08","13"
"SO_1272","다대포항","2028-11-03","2028-11-03 08:48","134","2028-11-03 02:16","9","2028-11-03 20:45","119","2028-11-03 14:40","13"
"SO_1272","다대포항","2028-11-04","2028-11-04 09:22","136","2028-11-04 02:47","10","2028-11-04 21:16","118","2028-11-04 15:14","15"
"SO_1272","다대포항","2028-11-05","2028-11-05 09:57","135","2028-11-05 03:19","13","2028-11-05 21:48","114","2028-11-05 15:50","19"
"SO_1272","다대포항","2028-11-06","2028-11-06 10:34","131","2028-11-06 03:54","17","2028-11-06 22:25","108","2028-11-06 16:28","24"
"SO_1272","다대포항","2028-11-07","2028-11-07 11:15","124","2028-11-07 04:33","24","2028-11-07 23:08","100","2028-11-07 17:12","31"
"SO_1272","다대포항","2028-11-08","2028-11-08 12:04","116","2028-11-08 05:21","31","","","2028-11-08 18:06","38"
"SO_1272","다대포항","2028-11-09","2028-11-09 00:12","91","2028-11-09 06:23","38","2028-11-09 13:10","108","2028-11-09 19:18","41"
"SO_1272","다대포항","2028-11-10","2028-11-10 02:01","87","2028-11-10 07:48","41","2028-11-10 14:31","103","2028-11-10 20:47","38"
"SO_1272","다대포항","2028-11-11","2028-11-11 03:37","91","2028-11-11 09:17","38","2028-11-11 15:49","104","2028-11-11 22:03","30"
"SO_1272","다대포항","2028-11-12","2028-11-12 04:46","100","2028-11-12 10:31","30","2028-11-12 16:53","108","2028-11-12 23:01","19"
"SO_1272","다대포항","2028-11-13","2028-11-13 05:43","110","2028-11-13 11:32","21","2028-11-13 17:48","114","2028-11-13 23:51","9"
"SO_1272","다대포항","2028-11-14","2028-11-14 06:34","121","2028-11-14 12:24","11","2028-11-14 18:37","119","",""
"SO_1272","다대포항","2028-11-15","2028-11-15 07:22","129","2028-11-15 00:36","1","2028-11-15 19:23","122","2028-11-15 13:12","4"
"SO_1272","다대포항","2028-11-16","2028-11-16 08:09","136","2028-11-16 01:21","-4","2028-11-16 20:06","124","2028-11-16 13:58","1"
"SO_1272","다대포항","2028-11-17","2028-11-17 08:53","139","2028-11-17 02:04","-5","2028-11-17 20:49","122","2028-11-17 14:42","1"
"SO_1272","다대포항","2028-11-18","2028-11-18 09:36","138","2028-11-18 02:45","-2","2028-11-18 21:29","117","2028-11-18 15:25","4"
"SO_1272","다대포항","2028-11-19","2028-11-19 10:17","133","2028-11-19 03:26","3","2028-11-19 22:09","110","2028-11-19 16:08","10"
"SO_1272","다대포항","2028-11-20","2028-11-20 10:57","125","2028-11-20 04:05","11","2028-11-20 22:49","101","2028-11-20 16:50","17"
"SO_1272","다대포항","2028-11-21","2028-11-21 11:35","116","2028-11-21 04:44","19","2028-11-21 23:32","92","2028-11-21 17:34","25"
"SO_1272","다대포항","2028-11-22","2028-11-22 12:14","105","2028-11-22 05:24","28","","","2028-11-22 18:24","32"
"SO_1272","다대포항","2028-11-23","2028-11-23 00:25","84","2028-11-23 06:10","36","2028-11-23 13:00","95","2028-11-23 19:24","37"
"SO_1272","다대포항","2028-11-24","2028-11-24 01:37","79","2028-11-24 07:10","43","2028-11-24 14:04","87","2028-11-24 20:37","38"
"SO_1272","다대포항","2028-11-25","2028-11-25 02:59","79","2028-11-25 08:29","46","2028-11-25 15:23","83","2028-11-25 21:48","36"
"SO_1272","다대포항","2028-11-26","2028-11-26 04:11","83","2028-11-26 09:53","45","2028-11-26 16:32","83","2028-11-26 22:46","31"
"SO_1272","다대포항","2028-11-27","2028-11-27 05:09","90","2028-11-27 11:03","40","2028-11-27 17:25","87","2028-11-27 23:32","26"
"SO_1272","다대포항","2028-11-28","2028-11-28 05:57","99","2028-11-28 11:56","34","2028-11-28 18:07","92","",""
"SO_1272","다대포항","2028-11-29","2028-11-29 06:39","108","2028-11-29 00:11","21","2028-11-29 18:44","98","2028-11-29 12:38","27"
"SO_1272","다대포항","2028-11-30","2028-11-30 07:19","116","2028-11-30 00:47","16","2028-11-30 19:19","104","2028-11-30 13:16","21"
"SO_1272","다대포항","2028-12-01","2028-12-01 07:57","124","2028-12-01 01:22","13","2028-12-01 19:54","109","2028-12-01 13:52","16"
"SO_1272","다대포항","2028-12-02","2028-12-02 08:35","130","2028-12-02 01:57","9","2028-12-02 20:31","112","2028-12-02 14:28","13"
"SO_1272","다대포항","2028-12-03","2028-12-03 09:13","135","2028-12-03 02:33","7","2028-12-03 21:09","113","2028-12-03 15:05","11"
"SO_1272","다대포항","2028-12-04","2028-12-04 09:52","136","2028-12-04 03:11","7","2028-12-04 21:51","112","2028-12-04 15:44","10"
"SO_1272","다대포항","2028-12-05","2028-12-05 10:31","134","2028-12-05 03:51","8","2028-12-05 22:34","108","2028-12-05 16:25","12"
"SO_1272","다대포항","2028-12-06","2028-12-06 11:12","129","2028-12-06 04:34","11","2028-12-06 23:23","102","2028-12-06 17:08","15"
"SO_1272","다대포항","2028-12-07","2028-12-07 11:56","121","2028-12-07 05:22","16","","","2028-12-07 17:57","18"
"SO_1272","다대포항","2028-12-08","2028-12-08 00:20","96","2028-12-08 06:15","22","2028-12-08 12:46","112","2028-12-08 18:52","22"
"SO_1272","다대포항","2028-12-09","2028-12-09 01:30","91","2028-12-09 07:19","28","2028-12-09 13:45","104","2028-12-09 19:56","24"
"SO_1272","다대포항","2028-12-10","2028-12-10 02:51","91","2028-12-10 08:32","32","2028-12-10 14:56","98","2028-12-10 21:07","24"
"SO_1272","다대포항","2028-12-11","2028-12-11 04:09","94","2028-12-11 09:51","32","2028-12-11 16:09","96","2028-12-11 22:17","21"
"SO_1272","다대포항","2028-12-12","2028-12-12 05:19","101","2028-12-12 11:06","28","2028-12-12 17:16","98","2028-12-12 23:21","16"
"SO_1272","다대포항","2028-12-13","2028-12-13 06:21","110","2028-12-13 12:11","21","2028-12-13 18:16","102","",""
"SO_1272","다대포항","2028-12-14","2028-12-14 07:16","119","2028-12-14 00:18","11","2028-12-14 19:09","107","2028-12-14 13:05","14"
"SO_1272","다대포항","2028-12-15","2028-12-15 08:05","127","2028-12-15 01:10","6","2028-12-15 19:57","111","2028-12-15 13:53","8"
"SO_1272","다대포항","2028-12-16","2028-12-16 08:50","132","2028-12-16 01:57","2","2028-12-16 20:42","113","2028-12-16 14:37","4"
"SO_1272","다대포항","2028-12-17","2028-12-17 09:31","134","2028-12-17 02:40","","2028-12-17 21:23","112","2028-12-17 15:18","2"
"SO_1272","다대포항","2028-12-18","2028-12-18 10:07","133","2028-12-18 03:19","1","2028-12-18 22:02","110","2028-12-18 15:57","3"
"SO_1272","다대포항","2028-12-19","2028-12-19 10:41","127","2028-12-19 03:56","3","2028-12-19 22:38","105","2028-12-19 16:34","6"
"SO_1272","다대포항","2028-12-20","2028-12-20 11:11","119","2028-12-20 04:30","8","2028-12-20 23:14","99","2028-12-20 17:10","11"
"SO_1272","다대포항","2028-12-21","2028-12-21 11:39","109","2028-12-21 05:04","15","2028-12-21 23:52","92","2028-12-21 17:47","17"
"SO_1272","다대포항","2028-12-22","2028-12-22 12:05","100","2028-12-22 05:39","22","","","2028-12-22 18:26","23"
"SO_1272","다대포항","2028-12-23","2028-12-23 00:35","86","2028-12-23 06:19","30","2028-12-23 12:34","90","2028-12-23 19:11","30"
"SO_1272","다대포항","2028-12-24","2028-12-24 01:32","82","2028-12-24 07:10","39","2028-12-24 13:19","82","2028-12-24 20:10","34"
"SO_1272","다대포항","2028-12-25","2028-12-25 02:47","80","2028-12-25 08:20","45","2028-12-25 14:41","77","2028-12-25 21:21","37"
"SO_1272","다대포항","2028-12-26","2028-12-26 04:08","84","2028-12-26 09:51","47","2028-12-26 16:14","78","2028-12-26 22:33","35"
"SO_1272","다대포항","2028-12-27","2028-12-27 05:16","91","2028-12-27 11:16","44","2028-12-27 17:22","83","2028-12-27 23:32","32"
"SO_1272","다대포항","2028-12-28","2028-12-28 06:13","100","2028-12-28 12:16","37","2028-12-28 18:14","90","",""
"SO_1272","다대포항","2028-12-29","2028-12-29 07:01","111","2028-12-29 00:22","26","2028-12-29 19:00","98","2028-12-29 13:02","29"
"SO_1272","다대포항","2028-12-30","2028-12-30 07:45","121","2028-12-30 01:06","19","2028-12-30 19:44","105","2028-12-30 13:42","20"
"SO_1272","다대포항","2028-12-31","2028-12-31 08:26","130","2028-12-31 01:47","11","2028-12-31 20:27","112","2028-12-31 14:20","12"
"SO_1273","장호항","2028-01-01","2028-01-01 04:56","18","2028-01-01 12:08","-4","2028-01-01 18:55","11","2028-01-01 23:39","7"
"SO_1273","장호항","2028-01-02","2028-01-02 05:32","15","2028-01-02 12:39","-3","2028-01-02 19:25","10","",""
"SO_1273","장호항","2028-01-03","2028-01-03 06:11","13","2028-01-03 00:34","7","2028-01-03 19:53","11","2028-01-03 13:12","-2"
"SO_1273","장호항","2028-01-04","2028-01-04 06:58","10","2028-01-04 01:49","6","2028-01-04 20:22","11","2028-01-04 13:48","1"
"SO_1273","장호항","2028-01-05","2028-01-05 08:07","9","2028-01-05 03:16","5","2028-01-05 20:50","13","2028-01-05 14:27","4"
"SO_1273","장호항","2028-01-06","2028-01-06 11:23","9","2028-01-06 04:26","4","2028-01-06 21:24","15","2028-01-06 15:11","7"
"SO_1273","장호항","2028-01-07","2028-01-07 13:13","11","2028-01-07 05:27","2","2028-01-07 22:05","18","2028-01-07 15:58","10"
"SO_1273","장호항","2028-01-08","2028-01-08 14:18","14","2028-01-08 06:24","1","2028-01-08 22:55","21","2028-01-08 16:51","13"
"SO_1273","장호항","2028-01-09","2028-01-09 00:00","30","2028-01-09 00:00","27","2028-01-09 15:07","16","2028-01-09 07:18","-1"
"SO_1273","장호항","2028-01-10","2028-01-10 00:00","30","2028-01-10 00:00","8","2028-01-10 15:48","17","2028-01-10 08:10","-3"
"SO_1273","장호항","2028-01-11","2028-01-11 00:52","26","2028-01-11 08:58","-5","2028-01-11 16:24","18","2028-01-11 20:07","16"
"SO_1273","장호항","2028-01-12","2028-01-12 01:51","28","2028-01-12 09:45","-6","2028-01-12 16:57","17","2028-01-12 20:58","15"
"SO_1273","장호항","2028-01-13","2028-01-13 02:45","29","2028-01-13 10:31","-7","2028-01-13 17:27","16","2028-01-13 21:47","13"
"SO_1273","장호항","2028-01-14","2028-01-14 03:37","28","2028-01-14 11:16","-7","2028-01-14 17:55","16","2028-01-14 22:37","10"
"SO_1273","장호항","2028-01-15","2028-01-15 04:28","26","2028-01-15 12:00","-6","2028-01-15 18:22","15","2028-01-15 23:32","8"
"SO_1273","장호항","2028-01-16","2028-01-16 05:20","23","2028-01-16 12:42","-3","2028-01-16 18:50","15","",""
"SO_1273","장호항","2028-01-17","2028-01-17 06:17","19","2028-01-17 00:38","6","2028-01-17 19:21","16","2028-01-17 13:23","1"
"SO_1273","장호항","2028-01-18","2028-01-18 07:29","15","2028-01-18 02:01","4","2028-01-18 19:56","17","2028-01-18 14:01","5"
"SO_1273","장호항","2028-01-19","2028-01-19 09:50","13","2028-01-19 03:27","3","2028-01-19 20:38","19","2028-01-19 14:32","9"
"SO_1273","장호항","2028-01-20","2028-01-20 21:31","21","2028-01-20 04:46","2","","","",""
"SO_1273","장호항","2028-01-21","2028-01-21 22:32","22","2028-01-21 05:59","1","","","",""
"SO_1273","장호항","2028-01-22","2028-01-22 23:34","24","2028-01-22 07:04","","","","",""
"SO_1273","장호항","2028-01-23","","","2028-01-23 07:58","-1","","","",""
"SO_1273","장호항","2028-01-24","2028-01-24 00:32","25","2028-01-24 08:44","-1","2028-01-24 17:08","17","2028-01-24 19:30","16"
"SO_1273","장호항","2028-01-25","2028-01-25 01:23","25","2028-01-25 09:23","-2","2028-01-25 16:59","16","2028-01-25 20:12","14"
"SO_1273","장호항","2028-01-26","2028-01-26 02:08","24","2028-01-26 09:55","-3","2028-01-26 16:52","14","2028-01-26 20:50","12"
"SO_1273","장호항","2028-01-27","2028-01-27 02:50","23","2028-01-27 10:21","-3","2028-01-27 16:55","13","2028-01-27 21:26","10"
"SO_1273","장호항","2028-01-28","2028-01-28 03:28","21","2028-01-28 10:44","-4","2028-01-28 17:08","13","2028-01-28 22:04","7"
"SO_1273","장호항","2028-01-29","2028-01-29 04:04","19","2028-01-29 11:07","-4","2028-01-29 17:24","12","2028-01-29 22:43","6"
"SO_1273","장호항","2028-01-30","2028-01-30 04:40","17","2028-01-30 11:31","-3","2028-01-30 17:43","12","2028-01-30 23:25","5"
"SO_1273","장호항","2028-01-31","2028-01-31 05:16","15","2028-01-31 11:56","-1","2028-01-31 18:04","13","",""
"SO_1273","장호항","2028-02-01","2028-02-01 05:54","14","2028-02-01 00:11","4","2028-02-01 18:26","15","2028-02-01 12:23","2"
"SO_1273","장호항","2028-02-02","2028-02-02 06:39","13","2028-02-02 01:03","4","2028-02-02 18:51","17","2028-02-02 12:49","5"
"SO_1273","장호항","2028-02-03","2028-02-03 07:46","12","2028-02-03 02:08","5","2028-02-03 19:23","19","2028-02-03 13:15","9"
"SO_1273","장호항","2028-02-04","2028-02-04 20:05","21","2028-02-04 03:28","5","","","",""
"SO_1273","장호항","2028-02-05","2028-02-05 21:01","23","2028-02-05 04:50","5","","","",""
"SO_1273","장호항","2028-02-06","2028-02-06 22:13","25","2028-02-06 06:01","3","","","",""
"SO_1273","장호항","2028-02-07","2028-02-07 23:32","26","2028-02-07 07:02","1","","","",""
"SO_1273","장호항","2028-02-08","2028-02-08 15:42","18","2028-02-08 07:55","-2","","","2028-02-08 19:04","17"
"SO_1273","장호항","2028-02-09","2028-02-09 00:43","27","2028-02-09 08:44","-5","2028-02-09 15:56","17","2028-02-09 19:59","14"
"SO_1273","장호항","2028-02-10","2028-02-10 01:44","27","2028-02-10 09:29","-6","2028-02-10 16:13","16","2028-02-10 20:51","11"
"SO_1273","장호항","2028-02-11","2028-02-11 02:40","27","2028-02-11 10:12","-7","2028-02-11 16:33","16","2028-02-11 21:42","7"
"SO_1273","장호항","2028-02-12","2028-02-12 03:33","25","2028-02-12 10:52","-6","2028-02-12 16:55","15","2028-02-12 22:34","4"
"SO_1273","장호항","2028-02-13","2028-02-13 04:26","23","2028-02-13 11:31","-3","2028-02-13 17:19","16","2028-02-13 23:29","2"
"SO_1273","장호항","2028-02-14","2028-02-14 05:21","20","2028-02-14 12:05","1","2028-02-14 17:46","17","",""
"SO_1273","장호항","2028-02-15","2028-02-15 06:25","16","2028-02-15 00:30","1","2028-02-15 18:17","19","2028-02-15 12:35","5"
"SO_1273","장호항","2028-02-16","2028-02-16 08:18","14","2028-02-16 01:40","1","2028-02-16 18:51","21","2028-02-16 12:53","10"
"SO_1273","장호항","2028-02-17","2028-02-17 10:39","14","2028-02-17 03:00","1","2028-02-17 19:33","22","2028-02-17 12:44","13"
"SO_1273","장호항","2028-02-18","2028-02-18 20:34","23","2028-02-18 04:23","2","","","",""
"SO_1273","장호항","2028-02-19","2028-02-19 22:00","23","2028-02-19 05:42","2","","","",""
"SO_1273","장호항","2028-02-20","2028-02-20 23:15","23","2028-02-20 06:51","1","","","",""
"SO_1273","장호항","2028-02-21","2028-02-21 16:22","17","2028-02-21 07:46","","","","2028-02-21 18:43","16"
"SO_1273","장호항","2028-02-22","2028-02-22 00:16","22","2028-02-22 08:30","-1","2028-02-22 16:12","15","2028-02-22 19:28","13"
"SO_1273","장호항","2028-02-23","2028-02-23 01:08","21","2028-02-23 09:03","-2","2028-02-23 16:03","13","2028-02-23 20:07","10"
"SO_1273","장호항","2028-02-24","2028-02-24 01:54","20","2028-02-24 09:29","-3","2028-02-24 16:00","12","2028-02-24 20:42","7"
"SO_1273","장호항","2028-02-25","2028-02-25 02:36","18","2028-02-25 09:49","-4","2028-02-25 16:05","11","2028-02-25 21:17","4"
"SO_1273","장호항","2028-02-26","2028-02-26 03:15","16","2028-02-26 10:08","-4","2028-02-26 16:16","11","2028-02-26 21:53","2"
"SO_1273","장호항","2028-02-27","2028-02-27 03:53","15","2028-02-27 10:30","-4","2028-02-27 16:31","12","2028-02-27 22:30",""
"SO_1273","장호항","2028-02-28","2028-02-28 04:30","14","2028-02-28 10:52","-2","2028-02-28 16:48","14","2028-02-28 23:08",""
"SO_1273","장호항","2028-02-29","2028-02-29 05:08","14","2028-02-29 11:17","1","2028-02-29 17:07","16","2028-02-29 23:49",""
"SO_1273","장호항","2028-03-01","2028-03-01 05:50","13","2028-03-01 11:41","5","2028-03-01 17:30","18","",""
"SO_1273","장호항","2028-03-02","2028-03-02 06:41","13","2028-03-02 00:35","1","2028-03-02 17:57","20","2028-03-02 12:05","9"
"SO_1273","장호항","2028-03-03","2028-03-03 09:27","13","2028-03-03 01:30","2","2028-03-03 18:32","22","2028-03-03 12:24","12"
"SO_1273","장호항","2028-03-04","2028-03-04 19:19","23","2028-03-04 02:47","3","","","",""
"SO_1273","장호항","2028-03-05","2028-03-05 20:23","23","2028-03-05 04:20","3","","","",""
"SO_1273","장호항","2028-03-06","2028-03-06 21:52","23","2028-03-06 05:37","1","","","",""
"SO_1273","장호항","2028-03-07","2028-03-07 14:56","16","2028-03-07 06:38","-1","2028-03-07 23:21","23","2028-03-07 18:02","15"
"SO_1273","장호항","2028-03-08","2028-03-08 14:51","15","2028-03-08 07:31","-4","","","2028-03-08 19:00","11"
"SO_1273","장호항","2028-03-09","2028-03-09 00:32","23","2028-03-09 08:18","-6","2028-03-09 15:00","14","2028-03-09 19:52","7"
"SO_1273","장호항","2028-03-10","2028-03-10 01:36","22","2028-03-10 09:02","-7","2028-03-10 15:15","14","2028-03-10 20:44","3"
"SO_1273","장호항","2028-03-11","2028-03-11 02:36","21","2028-03-11 09:43","-6","2028-03-11 15:36","14","2028-03-11 21:37","-1"
"SO_1273","장호항","2028-03-12","2028-03-12 03:35","19","2028-03-12 10:21","-4","2028-03-12 16:00","15","2028-03-12 22:29","-4"
"SO_1273","장호항","2028-03-13","2028-03-13 04:34","17","2028-03-13 10:56","","2028-03-13 16:28","17","2028-03-13 23:22","-5"
"SO_1273","장호항","2028-03-14","2028-03-14 05:39","16","2028-03-14 11:25","4","2028-03-14 16:57","19","",""
"SO_1273","장호항","2028-03-15","2028-03-15 07:08","14","2028-03-15 00:17","-5","2028-03-15 17:30","21","2028-03-15 11:47","9"
"SO_1273","장호항","2028-03-16","2028-03-16 09:03","14","2028-03-16 01:17","-3","2028-03-16 18:05","22","2028-03-16 11:56","12"
"SO_1273","장호항","2028-03-17","2028-03-17 18:48","22","2028-03-17 02:28","-1","","","",""
"SO_1273","장호항","2028-03-18","2028-03-18 19:48","21","2028-03-18 03:50","1","","","",""
"SO_1273","장호항","2028-03-19","2028-03-19 21:27","20","2028-03-19 05:09","1","","","",""
"SO_1273","장호항","2028-03-20","2028-03-20 15:22","15","2028-03-20 06:18","","2028-03-20 22:50","18","2028-03-20 17:49","14"
"SO_1273","장호항","2028-03-21","2028-03-21 15:08","13","2028-03-21 07:13","-1","2028-03-21 23:53","16","2028-03-21 18:46","11"
"SO_1273","장호항","2028-03-22","2028-03-22 15:02","11","2028-03-22 07:53","-2","","","2028-03-22 19:28","8"
"SO_1273","장호항","2028-03-23","2028-03-23 00:50","14","2028-03-23 08:22","-4","2028-03-23 15:01","10","2028-03-23 20:02","4"
"SO_1273","장호항","2028-03-24","2028-03-24 01:41","13","2028-03-24 08:44","-4","2028-03-24 15:04","9","2028-03-24 20:34","1"
"SO_1273","장호항","2028-03-25","2028-03-25 02:28","12","2028-03-25 09:04","-4","2028-03-25 15:12","9","2028-03-25 21:06","-2"
"SO_1273","장호항","2028-03-26","2028-03-26 03:11","11","2028-03-26 09:25","-3","2028-03-26 15:24","11","2028-03-26 21:39","-4"
"SO_1273","장호항","2028-03-27","2028-03-27 03:52","11","2028-03-27 09:48","-1","2028-03-27 15:39","13","2028-03-27 22:14","-4"
"SO_1273","장호항","2028-03-28","2028-03-28 04:32","12","2028-03-28 10:13","2","2028-03-28 15:57","15","2028-03-28 22:51","-4"
"SO_1273","장호항","2028-03-29","2028-03-29 05:15","13","2028-03-29 10:40","5","2028-03-29 16:20","18","2028-03-29 23:32","-3"
"SO_1273","장호항","2028-03-30","2028-03-30 06:05","13","2028-03-30 11:06","9","2028-03-30 16:47","21","",""
"SO_1273","장호항","2028-03-31","2028-03-31 07:27","14","2028-03-31 00:17","-2","2028-03-31 17:21","23","2028-03-31 11:30","12"
"SO_1273","장호항","2028-04-01","2028-04-01 18:02","23","2028-04-01 01:12","","","","",""
"SO_1273","장호항","2028-04-02","2028-04-02 18:56","22","2028-04-02 02:27","1","","","",""
"SO_1273","장호항","2028-04-03","2028-04-03 20:10","21","2028-04-03 03:56","","","","",""
"SO_1273","장호항","2028-04-04","2028-04-04 13:53","15","2028-04-04 05:08","-1","2028-04-04 21:46","20","2028-04-04 16:54","14"
"SO_1273","장호항","2028-04-05","2028-04-05 13:36","13","2028-04-05 06:07","-3","2028-04-05 23:11","18","2028-04-05 17:58","10"
"SO_1273","장호항","2028-04-06","2028-04-06 13:39","13","2028-04-06 06:57","-4","","","2028-04-06 18:52","5"
"SO_1273","장호항","2028-04-07","2028-04-07 00:24","17","2028-04-07 07:43","-5","2028-04-07 13:54","13","2028-04-07 19:45",""
"SO_1273","장호항","2028-04-08","2028-04-08 01:36","16","2028-04-08 08:27","-4","2028-04-08 14:15","14","2028-04-08 20:38","-4"
"SO_1273","장호항","2028-04-09","2028-04-09 02:45","15","2028-04-09 09:07","-1","2028-04-09 14:42","16","2028-04-09 21:31","-7"
"SO_1273","장호항","2028-04-10","2028-04-10 03:53","15","2028-04-10 09:45","2","2028-04-10 15:12","18","2028-04-10 22:22","-8"
"SO_1273","장호항","2028-04-11","2028-04-11 04:59","15","2028-04-11 10:19","6","2028-04-11 15:45","21","2028-04-11 23:12","-8"
"SO_1273","장호항","2028-04-12","2028-04-12 06:13","15","2028-04-12 10:47","10","2028-04-12 16:20","23","",""
"SO_1273","장호항","2028-04-13","2028-04-13 07:41","15","2028-04-13 00:01","-6","2028-04-13 16:57","24","2028-04-13 11:08","12"
"SO_1273","장호항","2028-04-14","2028-04-14 09:08","15","2028-04-14 00:53","-4","2028-04-14 17:37","24","2028-04-14 11:19","14"
"SO_1273","장호항","2028-04-15","2028-04-15 18:22","22","2028-04-15 01:55","-1","","","",""
"SO_1273","장호항","2028-04-16","2028-04-16 19:19","20","2028-04-16 03:09","","","","",""
"SO_1273","장호항","2028-04-17","2028-04-17 20:47","17","2028-04-17 04:21","1","","","",""
"SO_1273","장호항","2028-04-18","2028-04-18 13:54","13","2028-04-18 05:22","1","2028-04-18 22:14","14","2028-04-18 17:42","11"
"SO_1273","장호항","2028-04-19","2028-04-19 13:47","12","2028-04-19 06:11","","2028-04-19 23:26","12","2028-04-19 18:37","8"
"SO_1273","장호항","2028-04-20","2028-04-20 13:52","11","2028-04-20 06:48","-1","","","2028-04-20 19:16","4"
"SO_1273","장호항","2028-04-21","2028-04-21 00:34","10","2028-04-21 07:18","-1","2028-04-21 13:58","10","2028-04-21 19:48","1"
"SO_1273","장호항","2028-04-22","2028-04-22 01:38","10","2028-04-22 07:43","-1","2028-04-22 14:06","11","2028-04-22 20:17","-1"
"SO_1273","장호항","2028-04-23","2028-04-23 02:34","10","2028-04-23 08:08","1","2028-04-23 14:16","12","2028-04-23 20:48","-3"
"SO_1273","장호항","2028-04-24","2028-04-24 03:21","11","2028-04-24 08:35","3","2028-04-24 14:30","15","2028-04-24 21:22","-4"
"SO_1273","장호항","2028-04-25","2028-04-25 04:04","13","2028-04-25 09:04","6","2028-04-25 14:49","18","2028-04-25 21:59","-4"
"SO_1273","장호항","2028-04-26","2028-04-26 04:48","14","2028-04-26 09:36","9","2028-04-26 15:14","21","2028-04-26 22:39","-3"
"SO_1273","장호항","2028-04-27","2028-04-27 05:36","16","2028-04-27 10:07","12","2028-04-27 15:44","24","2028-04-27 23:22","-2"
"SO_1273","장호항","2028-04-28","2028-04-28 06:37","17","2028-04-28 10:37","14","2028-04-28 16:20","26","",""
"SO_1273","장호항","2028-04-29","2028-04-29 08:20","17","2028-04-29 00:10","-1","2028-04-29 17:03","27","2028-04-29 11:06","16"
"SO_1273","장호항","2028-04-30","2028-04-30 17:52","26","2028-04-30 01:07","","","","",""
"SO_1273","장호항","2028-05-01","2028-05-01 18:54","24","2028-05-01 02:18","1","","","",""
"SO_1273","장호항","2028-05-02","2028-05-02 11:47","17","2028-05-02 03:33","1","2028-05-02 20:12","21","2028-05-02 15:20","16"
"SO_1273","장호항","2028-05-03","2028-05-03 11:59","16","2028-05-03 04:36","","2028-05-03 21:40","19","2028-05-03 16:46","12"
"SO_1273","장호항","2028-05-04","2028-05-04 12:10","15","2028-05-04 05:29","1","2028-05-04 23:04","17","2028-05-04 17:47","8"
"SO_1273","장호항","2028-05-05","2028-05-05 12:27","16","2028-05-05 06:17","1","","","2028-05-05 18:43","4"
"SO_1273","장호항","2028-05-06","2028-05-06 00:31","16","2028-05-06 07:02","3","2028-05-06 12:51","17","2028-05-06 19:39",""
"SO_1273","장호항","2028-05-07","2028-05-07 02:01","16","2028-05-07 07:46","6","2028-05-07 13:21","20","2028-05-07 20:34","-3"
"SO_1273","장호항","2028-05-08","2028-05-08 03:16","17","2028-05-08 08:28","9","2028-05-08 13:57","23","2028-05-08 21:26","-4"
"SO_1273","장호항","2028-05-09","2028-05-09 04:20","18","2028-05-09 09:08","12","2028-05-09 14:36","25","2028-05-09 22:14","-4"
"SO_1273","장호항","2028-05-10","2028-05-10 05:23","19","2028-05-10 09:42","15","2028-05-10 15:16","28","2028-05-10 23:01","-3"
"SO_1273","장호항","2028-05-11","2028-05-11 06:32","19","2028-05-11 10:12","17","2028-05-11 15:57","29","2028-05-11 23:46","-1"
"SO_1273","장호항","2028-05-12","2028-05-12 07:45","20","2028-05-12 10:38","18","2028-05-12 16:39","29","",""
"SO_1273","장호항","2028-05-13","2028-05-13 17:21","28","2028-05-13 00:33","1","","","",""
"SO_1273","장호항","2028-05-14","2028-05-14 09:43","19","2028-05-14 01:23","3","2028-05-14 18:06","25","2028-05-14 11:30","18"
"SO_1273","장호항","2028-05-15","2028-05-15 18:57","22","2028-05-15 02:20","4","","","",""
"SO_1273","장호항","2028-05-16","2028-05-16 11:26","17","2028-05-16 03:19","5","2028-05-16 20:03","19","2028-05-16 15:49","16"
"SO_1273","장호항","2028-05-17","2028-05-17 12:00","16","2028-05-17 04:11","5","2028-05-17 21:29","16","2028-05-17 17:09","13"
"SO_1273","장호항","2028-05-18","2028-05-18 12:24","16","2028-05-18 04:53","5","2028-05-18 22:59","14","2028-05-18 18:04","10"
"SO_1273","장호항","2028-05-19","2028-05-19 12:41","16","2028-05-19 05:28","6","","","2028-05-19 18:44","8"
"SO_1273","장호항","2028-05-20","2028-05-20 00:32","13","2028-05-20 06:01","7","2028-05-20 12:52","17","2028-05-20 19:18","6"
"SO_1273","장호항","2028-05-21","2028-05-21 01:51","14","2028-05-21 06:33","9","2028-05-21 13:02","19","2028-05-21 19:52","4"
"SO_1273","장호항","2028-05-22","2028-05-22 02:47","16","2028-05-22 07:06","12","2028-05-22 13:16","22","2028-05-22 20:28","4"
"SO_1273","장호항","2028-05-23","2028-05-23 03:33","18","2028-05-23 07:42","15","2028-05-23 13:38","25","2028-05-23 21:07","3"
"SO_1273","장호항","2028-05-24","2028-05-24 04:16","20","2028-05-24 08:20","17","2028-05-24 14:07","28","2028-05-24 21:49","3"
"SO_1273","장호항","2028-05-25","2028-05-25 05:00","22","2028-05-25 09:01","20","2028-05-25 14:45","31","2028-05-25 22:32","3"
"SO_1273","장호항","2028-05-26","2028-05-26 05:50","23","2028-05-26 09:40","21","2028-05-26 15:27","34","2028-05-26 23:18","4"
"SO_1273","장호항","2028-05-27","2028-05-27 06:59","24","2028-05-27 10:20","22","2028-05-27 16:13","34","",""
"SO_1273","장호항","2028-05-28","2028-05-28 08:20","24","2028-05-28 00:08","4","2028-05-28 17:02","34","2028-05-28 11:01","23"
"SO_1273","장호항","2028-05-29","2028-05-29 09:15","23","2028-05-29 01:03","5","2028-05-29 17:56","32","2028-05-29 11:52","22"
"SO_1273","장호항","2028-05-30","2028-05-30 09:52","23","2028-05-30 02:03","6","2028-05-30 18:57","29","2028-05-30 13:16","21"
"SO_1273","장호항","2028-05-31","2028-05-31 10:17","22","2028-05-31 03:05","7","2028-05-31 20:11","26","2028-05-31 15:15","19"
"SO_1273","장호항","2028-06-01","2028-06-01 10:36","23","2028-06-01 04:00","9","2028-06-01 21:39","24","2028-06-01 16:33","16"
"SO_1273","장호항","2028-06-02","2028-06-02 10:58","24","2028-06-02 04:49","11","2028-06-02 23:23","22","2028-06-02 17:37","12"
"SO_1273","장호항","2028-06-03","2028-06-03 11:26","26","2028-06-03 05:33","14","","","2028-06-03 18:39","9"
"SO_1273","장호항","2028-06-04","2028-06-04 01:22","22","2028-06-04 06:16","17","2028-06-04 12:01","28","2028-06-04 19:37","7"
"SO_1273","장호항","2028-06-05","2028-06-05 02:43","24","2028-06-05 07:01","20","2028-06-05 12:42","31","2028-06-05 20:31","6"
"SO_1273","장호항","2028-06-06","2028-06-06 03:46","25","2028-06-06 07:46","23","2028-06-06 13:28","34","2028-06-06 21:21","5"
"SO_1273","장호항","2028-06-07","2028-06-07 04:44","26","2028-06-07 08:30","25","2028-06-07 14:15","36","2028-06-07 22:08","6"
"SO_1273","장호항","2028-06-08","2028-06-08 05:43","27","2028-06-08 09:09","26","2028-06-08 15:00","37","2028-06-08 22:51","7"
"SO_1273","장호항","2028-06-09","2028-06-09 06:39","27","2028-06-09 09:44","26","2028-06-09 15:45","37","2028-06-09 23:32","8"
"SO_1273","장호항","2028-06-10","2028-06-10 07:24","27","2028-06-10 10:18","25","2028-06-10 16:28","36","",""
"SO_1273","장호항","2028-06-11","2028-06-11 08:03","26","2028-06-11 00:11","9","2028-06-11 17:09","34","2028-06-11 10:55","24"
"SO_1273","장호항","2028-06-12","2028-06-12 08:41","25","2028-06-12 00:49","10","2028-06-12 17:50","31","2028-06-12 11:38","24"
"SO_1273","장호항","2028-06-13","2028-06-13 09:21","24","2028-06-13 01:28","11","2028-06-13 18:33","28","2028-06-13 12:37","23"
"SO_1273","장호항","2028-06-14","2028-06-14 10:00","24","2028-06-14 02:08","12","2028-06-14 19:24","25","2028-06-14 14:40","22"
"SO_1273","장호항","2028-06-15","2028-06-15 10:34","24","2028-06-15 02:49","13","2028-06-15 20:39","23","2028-06-15 16:13","20"
"SO_1273","장호항","2028-06-16","2028-06-16 11:01","25","2028-06-16 03:30","15","2028-06-16 22:44","22","2028-06-16 17:11","18"
"SO_1273","장호항","2028-06-17","2028-06-17 11:19","26","2028-06-17 04:09","17","","","2028-06-17 17:59","17"
"SO_1273","장호항","2028-06-18","2028-06-18 00:46","23","2028-06-18 04:46","20","2028-06-18 11:31","28","2028-06-18 18:43","16"
"SO_1273","장호항","2028-06-19","2028-06-19 01:59","25","2028-06-19 05:23","23","2028-06-19 11:49","31","2028-06-19 19:27","15"
"SO_1273","장호항","2028-06-20","2028-06-20 02:52","27","2028-06-20 06:02","26","2028-06-20 12:17","34","2028-06-20 20:11","14"
"SO_1273","장호항","2028-06-21","2028-06-21 03:38","29","2028-06-21 06:48","28","2028-06-21 12:56","38","2028-06-21 20:56","13"
"SO_1273","장호항","2028-06-22","2028-06-22 04:21","31","2028-06-22 07:42","30","2028-06-22 13:44","40","2028-06-22 21:41","12"
"SO_1273","장호항","2028-06-23","2028-06-23 05:05","31","2028-06-23 08:36","30","2028-06-23 14:33","42","2028-06-23 22:26","11"
"SO_1273","장호항","2028-06-24","2028-06-24 05:50","32","2028-06-24 09:26","30","2028-06-24 15:23","43","2028-06-24 23:13","11"
"SO_1273","장호항","2028-06-25","2028-06-25 06:36","31","2028-06-25 10:14","29","2028-06-25 16:13","43","",""
"SO_1273","장호항","2028-06-26","2028-06-26 07:17","31","2028-06-26 00:00","11","2028-06-26 17:03","41","2028-06-26 11:05","28"
"SO_1273","장호항","2028-06-27","2028-06-27 07:50","30","2028-06-27 00:49","12","2028-06-27 17:56","39","2028-06-27 12:06","27"
"SO_1273","장호항","2028-06-28","2028-06-28 08:20","30","2028-06-28 01:39","15","2028-06-28 18:57","35","2028-06-28 13:28","25"
"SO_1273","장호항","2028-06-29","2028-06-29 08:49","31","2028-06-29 02:29","18","2028-06-29 20:15","32","2028-06-29 15:02","23"
"SO_1273","장호항","2028-06-30","2028-06-30 09:20","33","2028-06-30 03:17","21","2028-06-30 22:17","30","2028-06-30 16:21","21"
"SO_1273","장호항","2028-07-01","2028-07-01 09:57","35","2028-07-01 04:03","25","","","2028-07-01 17:31","19"
"SO_1273","장호항","2028-07-02","2028-07-02 00:36","31","2028-07-02 04:45","28","2028-07-02 10:40","38","2028-07-02 18:37","17"
"SO_1273","장호항","2028-07-03","2028-07-03 02:15","32","2028-07-03 05:27","31","2028-07-03 11:29","40","2028-07-03 19:37","16"
"SO_1273","장호항","2028-07-04","2028-07-04 12:21","42","2028-07-04 20:31","16","","","",""
"SO_1273","장호항","2028-07-05","2028-07-05 13:14","44","2028-07-05 21:19","15","","","",""
"SO_1273","장호항","2028-07-06","2028-07-06 14:04","45","2028-07-06 22:02","15","","","",""
"SO_1273","장호항","2028-07-07","2028-07-07 05:50","34","2028-07-07 08:46","33","2028-07-07 14:50","44","2028-07-07 22:41","15"
"SO_1273","장호항","2028-07-08","2028-07-08 06:02","33","2028-07-08 09:26","31","2028-07-08 15:34","43","2028-07-08 23:15","16"
"SO_1273","장호항","2028-07-09","2028-07-09 06:13","32","2028-07-09 10:05","29","2028-07-09 16:14","41","2028-07-09 23:44","16"
"SO_1273","장호항","2028-07-10","2028-07-10 06:28","31","2028-07-10 10:46","28","2028-07-10 16:52","39","",""
"SO_1273","장호항","2028-07-11","2028-07-11 06:51","30","2028-07-11 00:11","17","2028-07-11 17:30","36","2028-07-11 11:30","27"
"SO_1273","장호항","2028-07-12","2028-07-12 07:17","30","2028-07-12 00:37","18","2028-07-12 18:09","33","2028-07-12 12:23","26"
"SO_1273","장호항","2028-07-13","2028-07-13 07:45","31","2028-07-13 01:05","19","2028-07-13 18:54","31","2028-07-13 13:32","26"
"SO_1273","장호항","2028-07-14","2028-07-14 08:13","32","2028-07-14 01:36","22","2028-07-14 19:59","30","2028-07-14 14:56","26"
"SO_1273","장호항","2028-07-15","2028-07-15 08:41","33","2028-07-15 02:10","25","2028-07-15 23:07","30","2028-07-15 16:09","25"
"SO_1273","장호항","2028-07-16","2028-07-16 09:11","36","2028-07-16 02:47","28","","","2028-07-16 17:13","25"
"SO_1273","장호항","2028-07-17","2028-07-17 00:51","32","2028-07-17 03:26","31","2028-07-17 09:50","38","2028-07-17 18:12","24"
"SO_1273","장호항","2028-07-18","2028-07-18 10:39","41","2028-07-18 19:06","22","","","",""
"SO_1273","장호항","2028-07-19","2028-07-19 03:02","36","2028-07-19 05:06","35","2028-07-19 11:35","43","2028-07-19 19:56","20"
"SO_1273","장호항","2028-07-20","2028-07-20 03:45","37","2028-07-20 06:24","36","2028-07-20 12:35","46","2028-07-20 20:43","18"
"SO_1273","장호항","2028-07-21","2028-07-21 04:18","37","2028-07-21 07:32","36","2028-07-21 13:33","47","2028-07-21 21:29","16"
"SO_1273","장호항","2028-07-22","2028-07-22 04:44","36","2028-07-22 08:28","34","2028-07-22 14:26","48","2028-07-22 22:14","15"
"SO_1273","장호항","2028-07-23","2028-07-23 05:07","35","2028-07-23 09:19","32","2028-07-23 15:18","48","2028-07-23 22:57","15"
"SO_1273","장호항","2028-07-24","2028-07-24 05:30","35","2028-07-24 10:11","30","2028-07-24 16:09","46","2028-07-24 23:40","16"
"SO_1273","장호항","2028-07-25","2028-07-25 05:55","35","2028-07-25 11:06","28","2028-07-25 17:00","44","",""
"SO_1273","장호항","2028-07-26","2028-07-26 06:22","35","2028-07-26 00:22","18","2028-07-26 17:56","41","2028-07-26 12:09","26"
"SO_1273","장호항","2028-07-27","2028-07-27 06:53","36","2028-07-27 01:04","22","2028-07-27 19:05","37","2028-07-27 13:23","25"
"SO_1273","장호항","2028-07-28","2028-07-28 07:28","38","2028-07-28 01:45","26","2028-07-28 21:11","35","2028-07-28 14:48","24"
"SO_1273","장호항","2028-07-29","2028-07-29 08:11","40","2028-07-29 02:23","30","2028-07-29 23:28","35","2028-07-29 16:09","23"
"SO_1273","장호항","2028-07-30","2028-07-30 09:06","42","2028-07-30 02:57","34","","","2028-07-30 17:25","23"
"SO_1273","장호항","2028-07-31","2028-07-31 10:10","44","2028-07-31 18:35","22","","","",""
"SO_1273","장호항","2028-08-01","2028-08-01 11:13","45","2028-08-01 19:36","21","","","",""
"SO_1273","장호항","2028-08-02","2028-08-02 12:12","46","2028-08-02 20:28","20","","","",""
"SO_1273","장호항","2028-08-03","2028-08-03 04:53","37","2028-08-03 07:10","36","2028-08-03 13:05","46","2028-08-03 21:12","19"
"SO_1273","장호항","2028-08-04","2028-08-04 04:52","35","2028-08-04 07:55","34","2028-08-04 13:54","45","2028-08-04 21:50","18"
"SO_1273","장호항","2028-08-05","2028-08-05 04:47","34","2028-08-05 08:35","32","2028-08-05 14:38","43","2028-08-05 22:21","17"
"SO_1273","장호항","2028-08-06","2028-08-06 04:46","33","2028-08-06 09:15","29","2028-08-06 15:20","41","2028-08-06 22:46","17"
"SO_1273","장호항","2028-08-07","2028-08-07 04:55","32","2028-08-07 09:54","27","2028-08-07 15:58","39","2028-08-07 23:07","17"
"SO_1273","장호항","2028-08-08","2028-08-08 05:11","31","2028-08-08 10:34","25","2028-08-08 16:35","37","2028-08-08 23:27","18"
"SO_1273","장호항","2028-08-09","2028-08-09 05:30","32","2028-08-09 11:16","24","2028-08-09 17:13","35","2028-08-09 23:50","20"
"SO_1273","장호항","2028-08-10","2028-08-10 05:51","33","2028-08-10 12:00","24","2028-08-10 17:52","33","",""
"SO_1273","장호항","2028-08-11","2028-08-11 06:13","34","2028-08-11 00:15","23","2028-08-11 18:37","32","2028-08-11 12:49","24"
"SO_1273","장호항","2028-08-12","2028-08-12 06:37","36","2028-08-12 00:41","26","2028-08-12 19:53","32","2028-08-12 13:50","25"
"SO_1273","장호항","2028-08-13","2028-08-13 07:06","38","2028-08-13 01:08","29","2028-08-13 23:15","33","2028-08-13 15:08","26"
"SO_1273","장호항","2028-08-14","2028-08-14 07:46","39","2028-08-14 01:33","32","","","2028-08-14 16:33","25"
"SO_1273","장호항","2028-08-15","2028-08-15 08:42","41","2028-08-15 17:44","24","","","",""
"SO_1273","장호항","2028-08-16","2028-08-16 09:56","42","2028-08-16 18:44","21","","","",""
"SO_1273","장호항","2028-08-17","2028-08-17 11:15","43","2028-08-17 19:36","19","","","",""
"SO_1273","장호항","2028-08-18","2028-08-18 03:22","35","2028-08-18 06:35","34","2028-08-18 12:23","44","2028-08-18 20:23","16"
"SO_1273","장호항","2028-08-19","2028-08-19 03:33","34","2028-08-19 07:30","31","2028-08-19 13:22","44","2028-08-19 21:08","14"
"SO_1273","장호항","2028-08-20","2028-08-20 03:48","33","2028-08-20 08:22","28","2028-08-20 14:18","44","2028-08-20 21:50","13"
"SO_1273","장호항","2028-08-21","2028-08-21 04:06","32","2028-08-21 09:14","25","2028-08-21 15:12","43","2028-08-21 22:31","13"
"SO_1273","장호항","2028-08-22","2028-08-22 04:28","33","2028-08-22 10:07","22","2028-08-22 16:06","41","2028-08-22 23:10","16"
"SO_1273","장호항","2028-08-23","2028-08-23 04:53","33","2028-08-23 11:03","20","2028-08-23 17:02","38","2028-08-23 23:48","19"
"SO_1273","장호항","2028-08-24","2028-08-24 05:22","35","2028-08-24 12:03","19","2028-08-24 18:09","36","",""
"SO_1273","장호항","2028-08-25","2028-08-25 05:54","37","2028-08-25 00:24","24","2028-08-25 19:58","34","2028-08-25 13:11","18"
"SO_1273","장호항","2028-08-26","2028-08-26 06:30","39","2028-08-26 00:54","28","2028-08-26 22:05","33","2028-08-26 14:29","19"
"SO_1273","장호항","2028-08-27","2028-08-27 07:17","40","2028-08-27 01:11","32","","","2028-08-27 15:53","19"
"SO_1273","장호항","2028-08-28","2028-08-28 08:23","40","2028-08-28 17:12","19","","","",""
"SO_1273","장호항","2028-08-29","2028-08-29 09:49","41","2028-08-29 18:24","19","","","",""
"SO_1273","장호항","2028-08-30","2028-08-30 03:35","35","2028-08-30 05:29","34","2028-08-30 11:01","40","2028-08-30 19:24","18"
"SO_1273","장호항","2028-08-31","2028-08-31 03:40","33","2028-08-31 06:26","32","2028-08-31 12:01","39","2028-08-31 20:12","16"
"SO_1273","장호항","2028-09-01","2028-09-01 03:39","31","2028-09-01 07:12","29","2028-09-01 12:53","38","2028-09-01 20:51","15"
"SO_1273","장호항","2028-09-02","2028-09-02 03:35","29","2028-09-02 07:53","25","2028-09-02 13:42","36","2028-09-02 21:22","13"
"SO_1273","장호항","2028-09-03","2028-09-03 03:36","27","2028-09-03 08:30","22","2028-09-03 14:27","33","2028-09-03 21:45","13"
"SO_1273","장호항","2028-09-04","2028-09-04 03:43","26","2028-09-04 09:07","19","2028-09-04 15:08","31","2028-09-04 22:04","12"
"SO_1273","장호항","2028-09-05","2028-09-05 03:57","26","2028-09-05 09:42","17","2028-09-05 15:48","30","2028-09-05 22:22","13"
"SO_1273","장호항","2028-09-06","2028-09-06 04:14","26","2028-09-06 10:18","15","2028-09-06 16:26","29","2028-09-06 22:43","15"
"SO_1273","장호항","2028-09-07","2028-09-07 04:32","28","2028-09-07 10:56","15","2028-09-07 17:05","28","2028-09-07 23:07","17"
"SO_1273","장호항","2028-09-08","2028-09-08 04:51","29","2028-09-08 11:35","15","2028-09-08 17:47","28","2028-09-08 23:32","20"
"SO_1273","장호항","2028-09-09","2028-09-09 05:14","31","2028-09-09 12:18","16","2028-09-09 18:40","28","2028-09-09 23:57","24"
"SO_1273","장호항","2028-09-10","2028-09-10 05:39","33","2028-09-10 13:11","17","2028-09-10 21:25","28","",""
"SO_1273","장호항","2028-09-11","2028-09-11 06:14","34","2028-09-11 00:22","26","2028-09-11 23:11","29","2028-09-11 14:24","18"
"SO_1273","장호항","2028-09-12","2028-09-12 07:00","35","2028-09-12 00:38","28","","","2028-09-12 15:59","18"
"SO_1273","장호항","2028-09-13","2028-09-13 08:06","35","2028-09-13 17:15","16","","","",""
"SO_1273","장호항","2028-09-14","2028-09-14 09:38","35","2028-09-14 18:15","13","","","",""
"SO_1273","장호항","2028-09-15","2028-09-15 02:14","28","2028-09-15 05:39","26","2028-09-15 11:03","34","2028-09-15 19:06","10"
"SO_1273","장호항","2028-09-16","2028-09-16 02:17","27","2028-09-16 06:33","23","2028-09-16 12:11","34","2028-09-16 19:52","8"
"SO_1273","장호항","2028-09-17","2028-09-17 02:27","25","2028-09-17 07:24","19","2028-09-17 13:13","33","2028-09-17 20:36","7"
"SO_1273","장호항","2028-09-18","2028-09-18 02:44","25","2028-09-18 08:15","14","2028-09-18 14:14","32","2028-09-18 21:18","7"
"SO_1273","장호항","2028-09-19","2028-09-19 03:06","25","2028-09-19 09:08","11","2028-09-19 15:13","31","2028-09-19 21:58","9"
"SO_1273","장호항","2028-09-20","2028-09-20 03:32","27","2028-09-20 10:01","8","2028-09-20 16:14","30","2028-09-20 22:37","13"
"SO_1273","장호항","2028-09-21","2028-09-21 04:01","29","2028-09-21 10:56","6","2028-09-21 17:21","28","2028-09-21 23:12","17"
"SO_1273","장호항","2028-09-22","2028-09-22 04:34","31","2028-09-22 11:52","6","2028-09-22 18:47","27","2028-09-22 23:43","21"
"SO_1273","장호항","2028-09-23","2028-09-23 05:10","32","2028-09-23 12:53","8","2028-09-23 20:38","26","",""
"SO_1273","장호항","2028-09-24","2028-09-24 05:50","33","2028-09-24 00:07","24","","","2028-09-24 14:05","9"
"SO_1273","장호항","2028-09-25","2028-09-25 06:39","33","2028-09-25 15:27","11","","","",""
"SO_1273","장호항","2028-09-26","2028-09-26 07:51","32","2028-09-26 16:46","11","","","",""
"SO_1273","장호항","2028-09-27","2028-09-27 09:26","30","2028-09-27 17:55","10","","","",""
"SO_1273","장호항","2028-09-28","2028-09-28 02:24","24","2028-09-28 05:35","23","2028-09-28 10:41","28","2028-09-28 18:51","9"
"SO_1273","장호항","2028-09-29","2028-09-29 02:20","22","2028-09-29 06:28","19","2028-09-29 11:44","26","2028-09-29 19:36","7"
"SO_1273","장호항","2028-09-30","2028-09-30 02:21","20","2028-09-30 07:12","15","2028-09-30 12:41","24","2028-09-30 20:10","6"
"SO_1273","장호항","2028-10-01","2028-10-01 02:27","18","2028-10-01 07:50","11","2028-10-01 13:35","21","2028-10-01 20:36","5"
"SO_1273","장호항","2028-10-02","2028-10-02 02:36","17","2028-10-02 08:24","8","2028-10-02 14:24","20","2028-10-02 20:56","5"
"SO_1273","장호항","2028-10-03","2028-10-03 02:49","17","2028-10-03 08:55","6","2028-10-03 15:08","19","2028-10-03 21:15","6"
"SO_1273","장호항","2028-10-04","2028-10-04 03:04","18","2028-10-04 09:27","4","2028-10-04 15:49","19","2028-10-04 21:36","8"
"SO_1273","장호항","2028-10-05","2028-10-05 03:21","20","2028-10-05 10:00","3","2028-10-05 16:30","19","2028-10-05 22:01","10"
"SO_1273","장호항","2028-10-06","2028-10-06 03:40","22","2028-10-06 10:35","3","2028-10-06 17:11","20","2028-10-06 22:28","13"
"SO_1273","장호항","2028-10-07","2028-10-07 04:02","24","2028-10-07 11:14","4","2028-10-07 17:58","20","2028-10-07 22:55","16"
"SO_1273","장호항","2028-10-08","2028-10-08 04:29","26","2028-10-08 11:57","5","2028-10-08 19:10","20","2028-10-08 23:24","18"
"SO_1273","장호항","2028-10-09","2028-10-09 05:01","27","2028-10-09 12:49","7","","","",""
"SO_1273","장호항","2028-10-10","2028-10-10 05:42","27","2028-10-10 13:58","7","","","",""
"SO_1273","장호항","2028-10-11","2028-10-11 06:36","26","2028-10-11 15:27","7","","","",""
"SO_1273","장호항","2028-10-12","2028-10-12 07:51","25","2028-10-12 16:41","5","","","",""
"SO_1273","장호항","2028-10-13","2028-10-13 00:44","19","2028-10-13 04:34","17","2028-10-13 09:26","23","2028-10-13 17:40","3"
"SO_1273","장호항","2028-10-14","2028-10-14 00:51","18","2028-10-14 05:33","13","2028-10-14 10:50","22","2028-10-14 18:29","1"
"SO_1273","장호항","2028-10-15","2028-10-15 01:02","17","2028-10-15 06:25","9","2028-10-15 12:02","21","2028-10-15 19:15","1"
"SO_1273","장호항","2028-10-16","2028-10-16 01:19","17","2028-10-16 07:15","4","2028-10-16 13:13","20","2028-10-16 19:59","2"
"SO_1273","장호항","2028-10-17","2028-10-17 01:42","18","2028-10-17 08:08","","2028-10-17 14:24","20","2028-10-17 20:42","4"
"SO_1273","장호항","2028-10-18","2028-10-18 02:11","19","2028-10-18 09:01","-3","2028-10-18 15:31","20","2028-10-18 21:23","7"
"SO_1273","장호항","2028-10-19","2028-10-19 02:44","22","2028-10-19 09:54","-5","2028-10-19 16:37","20","2028-10-19 22:02","10"
"SO_1273","장호항","2028-10-20","2028-10-20 03:20","24","2028-10-20 10:45","-5","2028-10-20 17:46","19","2028-10-20 22:37","13"
"SO_1273","장호항","2028-10-21","2028-10-21 03:58","26","2028-10-21 11:37","-4","2028-10-21 19:10","19","2028-10-21 23:07","16"
"SO_1273","장호항","2028-10-22","2028-10-22 04:39","27","2028-10-22 12:32","-2","2028-10-22 20:37","19","2028-10-22 23:33","17"
"SO_1273","장호항","2028-10-23","2028-10-23 05:24","26","2028-10-23 13:35","","","","",""
"SO_1273","장호항","2028-10-24","2028-10-24 06:15","24","2028-10-24 14:49","2","","","",""
"SO_1273","장호항","2028-10-25","2028-10-25 07:22","21","2028-10-25 16:02","2","","","",""
"SO_1273","장호항","2028-10-26","2028-10-26 00:25","16","2028-10-26 04:15","15","2028-10-26 08:50","18","2028-10-26 17:04","2"
"SO_1273","장호항","2028-10-27","2028-10-27 00:39","14","2028-10-27 05:26","11","2028-10-27 10:13","15","2028-10-27 17:55","1"
"SO_1273","장호항","2028-10-28","2028-10-28 00:55","13","2028-10-28 06:20","7","2028-10-28 11:26","13","2028-10-28 18:36","1"
"SO_1273","장호항","2028-10-29","2028-10-29 01:10","11","2028-10-29 07:04","3","2028-10-29 12:37","11","2028-10-29 19:08",""
"SO_1273","장호항","2028-10-30","2028-10-30 01:26","11","2028-10-30 07:39","","2028-10-30 13:43","10","2028-10-30 19:33","1"
"SO_1273","장호항","2028-10-31","2028-10-31 01:40","11","2028-10-31 08:09","-2","2028-10-31 14:36","10","2028-10-31 19:58","2"
"SO_1273","장호항","2028-11-01","2028-11-01 01:56","12","2028-11-01 08:38","-4","2028-11-01 15:20","11","2028-11-01 20:23","4"
"SO_1273","장호항","2028-11-02","2028-11-02 02:13","14","2028-11-02 09:09","-5","2028-11-02 16:01","12","2028-11-02 20:51","6"
"SO_1273","장호항","2028-11-03","2028-11-03 02:32","16","2028-11-03 09:43","-5","2028-11-03 16:39","13","2028-11-03 21:22","8"
"SO_1273","장호항","2028-11-04","2028-11-04 02:57","19","2028-11-04 10:20","-4","2028-11-04 17:20","14","2028-11-04 21:55","10"
"SO_1273","장호항","2028-11-05","2028-11-05 03:27","21","2028-11-05 11:01","-4","2028-11-05 18:08","15","2028-11-05 22:27","12"
"SO_1273","장호항","2028-11-06","2028-11-06 04:02","23","2028-11-06 11:46","-3","2028-11-06 19:17","15","2028-11-06 23:01","13"
"SO_1273","장호항","2028-11-07","2028-11-07 04:43","23","2028-11-07 12:37","-2","","","",""
"SO_1273","장호항","2028-11-08","2028-11-08 05:32","22","2028-11-08 13:40","-1","2028-11-08 22:01","14","",""
"SO_1273","장호항","2028-11-09","2028-11-09 06:31","20","2028-11-09 00:33","13","2028-11-09 22:44","13","2028-11-09 14:54","-1"
"SO_1273","장호항","2028-11-10","2028-11-10 07:44","17","2028-11-10 02:48","12","2028-11-10 23:10","12","2028-11-10 16:01","-2"
"SO_1273","장호항","2028-11-11","2028-11-11 09:13","15","2028-11-11 04:20","8","2028-11-11 23:28","12","2028-11-11 16:56","-2"
"SO_1273","장호항","2028-11-12","2028-11-12 10:41","13","2028-11-12 05:20","4","2028-11-12 23:49","12","2028-11-12 17:46","-1"
"SO_1273","장호항","2028-11-13","2028-11-13 12:10","12","2028-11-13 06:15","-1","","","2028-11-13 18:32","1"
"SO_1273","장호항","2028-11-14","2028-11-14 00:16","14","2028-11-14 07:09","-4","2028-11-14 13:41","13","2028-11-14 19:18","3"
"SO_1273","장호항","2028-11-15","2028-11-15 00:49","16","2028-11-15 08:04","-7","2028-11-15 14:54","14","2028-11-15 20:04","6"
"SO_1273","장호항","2028-11-16","2028-11-16 01:27","19","2028-11-16 08:57","-9","2028-11-16 15:56","15","2028-11-16 20:48","8"
"SO_1273","장호항","2028-11-17","2028-11-17 02:08","21","2028-11-17 09:47","-10","2028-11-17 16:54","15","2028-11-17 21:29","11"
"SO_1273","장호항","2028-11-18","2028-11-18 02:52","23","2028-11-18 10:36","-9","2028-11-18 17:55","15","2028-11-18 22:06","12"
"SO_1273","장호항","2028-11-19","2028-11-19 03:37","24","2028-11-19 11:23","-8","2028-11-19 19:02","15","2028-11-19 22:39","13"
"SO_1273","장호항","2028-11-20","2028-11-20 04:22","24","2028-11-20 12:11","-6","2028-11-20 20:05","14","2028-11-20 23:12","12"
"SO_1273","장호항","2028-11-21","2028-11-21 05:08","22","2028-11-21 13:01","-4","2028-11-21 20:57","13","2028-11-21 23:50","11"
"SO_1273","장호항","2028-11-22","2028-11-22 05:56","19","2028-11-22 13:56","-3","2028-11-22 21:44","11","",""
"SO_1273","장호항","2028-11-23","2028-11-23 06:50","15","2028-11-23 00:54","10","2028-11-23 22:26","10","2028-11-23 14:55","-2"
"SO_1273","장호항","2028-11-24","2028-11-24 08:00","11","2028-11-24 03:41","8","2028-11-24 23:04","9","2028-11-24 15:49","-1"
"SO_1273","장호항","2028-11-25","2028-11-25 09:33","8","2028-11-25 04:57","5","2028-11-25 23:37","9","2028-11-25 16:34","-1"
"SO_1273","장호항","2028-11-26","2028-11-26 11:12","6","2028-11-26 05:56","1","","","2028-11-26 17:12",""
"SO_1273","장호항","2028-11-27","2028-11-27 00:03","9","2028-11-27 06:41","-1","2028-11-27 12:49","6","2028-11-27 17:46","1"
"SO_1273","장호항","2028-11-28","2028-11-28 00:25","10","2028-11-28 07:16","-3","2028-11-28 13:58","7","2028-11-28 18:19","3"
"SO_1273","장호항","2028-11-29","2028-11-29 00:44","11","2028-11-29 07:48","-4","2028-11-29 14:47","9","2028-11-29 18:54","5"
"SO_1273","장호항","2028-11-30","2028-11-30 01:02","13","2028-11-30 08:19","-5","2028-11-30 15:28","10","2028-11-30 19:30","7"
"SO_1273","장호항","2028-12-01","2028-12-01 01:25","16","2028-12-01 08:54","-6","2028-12-01 16:06","12","2028-12-01 20:09","9"
"SO_1273","장호항","2028-12-02","2028-12-02 01:54","19","2028-12-02 09:32","-6","2028-12-02 16:42","13","2028-12-02 20:49","10"
"SO_1273","장호항","2028-12-03","2028-12-03 02:30","21","2028-12-03 10:12","-7","2028-12-03 17:20","14","2028-12-03 21:29","11"
"SO_1273","장호항","2028-12-04","2028-12-04 03:10","23","2028-12-04 10:54","-7","2028-12-04 18:02","14","2028-12-04 22:09","11"
"SO_1273","장호항","2028-12-05","2028-12-05 03:54","23","2028-12-05 11:38","-6","2028-12-05 18:50","13","2028-12-05 22:51","11"
"SO_1273","장호항","2028-12-06","2028-12-06 04:40","22","2028-12-06 12:26","-6","2028-12-06 19:45","12","2028-12-06 23:41","10"
"SO_1273","장호항","2028-12-07","2028-12-07 05:30","20","2028-12-07 13:18","-5","2028-12-07 20:34","12","",""
"SO_1273","장호항","2028-12-08","2028-12-08 06:27","18","2028-12-08 00:49","9","2028-12-08 21:10","12","2028-12-08 14:16","-3"
"SO_1273","장호항","2028-12-09","2028-12-09 07:35","15","2028-12-09 02:32","7","2028-12-09 21:40","12","2028-12-09 15:13","-1"
"SO_1273","장호항","2028-12-10","2028-12-10 09:04","12","2028-12-10 03:59","4","2028-12-10 22:11","13","2028-12-10 16:07","1"
"SO_1273","장호항","2028-12-11","2028-12-11 10:57","11","2028-12-11 05:06","1","2028-12-11 22:45","15","2028-12-11 16:57","4"
"SO_1273","장호항","2028-12-12","2028-12-12 13:02","11","2028-12-12 06:08","-3","2028-12-12 23:25","18","2028-12-12 17:45","7"
"SO_1273","장호항","2028-12-13","2028-12-13 14:23","13","2028-12-13 07:07","-5","","","2028-12-13 18:35","9"
"SO_1273","장호항","2028-12-14","2028-12-14 00:10","20","2028-12-14 08:03","-7","2028-12-14 15:23","14","2028-12-14 19:28","12"
"SO_1273","장호항","2028-12-15","2028-12-15 00:59","23","2028-12-15 08:54","-8","2028-12-15 16:15","15","2028-12-15 20:17","13"
"SO_1273","장호항","2028-12-16","2028-12-16 01:50","24","2028-12-16 09:42","-8","2028-12-16 17:03","15","2028-12-16 21:00","13"
"SO_1273","장호항","2028-12-17","2028-12-17 02:39","25","2028-12-17 10:27","-8","2028-12-17 17:45","15","2028-12-17 21:40","13"
"SO_1273","장호항","2028-12-18","2028-12-18 03:26","25","2028-12-18 11:09","-7","2028-12-18 18:23","14","2028-12-18 22:17","11"
"SO_1273","장호항","2028-12-19","2028-12-19 04:11","23","2028-12-19 11:48","-6","2028-12-19 18:56","13","2028-12-19 22:57","10"
"SO_1273","장호항","2028-12-20","2028-12-20 04:54","21","2028-12-20 12:24","-5","2028-12-20 19:31","12","2028-12-20 23:41","9"
"SO_1273","장호항","2028-12-21","2028-12-21 05:36","17","2028-12-21 12:58","-3","2028-12-21 20:08","11","",""
"SO_1273","장호항","2028-12-22","2028-12-22 06:21","14","2028-12-22 00:40","7","2028-12-22 20:50","10","2028-12-22 13:32","-2"
"SO_1273","장호항","2028-12-23","2028-12-23 07:13","10","2028-12-23 02:28","6","2028-12-23 21:31","10","2028-12-23 14:07",""
"SO_1273","장호항","2028-12-24","2028-12-24 08:35","7","2028-12-24 04:02","4","2028-12-24 22:09","11","2028-12-24 14:46","2"
"SO_1273","장호항","2028-12-25","2028-12-25 11:09","7","2028-12-25 05:07","2","2028-12-25 22:41","12","2028-12-25 15:28","4"
"SO_1273","장호항","2028-12-26","2028-12-26 12:58","8","2028-12-26 05:59","1","2028-12-26 23:09","14","2028-12-26 16:12","7"
"SO_1273","장호항","2028-12-27","2028-12-27 14:05","10","2028-12-27 06:43","","2028-12-27 23:36","16","2028-12-27 16:58","9"
"SO_1273","장호항","2028-12-28","2028-12-28 14:54","12","2028-12-28 07:23","-1","","","2028-12-28 17:47","11"
"SO_1273","장호항","2028-12-29","2028-12-29 00:08","18","2028-12-29 08:02","-2","2028-12-29 15:33","14","2028-12-29 18:42","13"
"SO_1273","장호항","2028-12-30","2028-12-30 00:47","21","2028-12-30 08:41","-3","2028-12-30 16:07","15","2028-12-30 19:37","13"
"SO_1273","장호항","2028-12-31","2028-12-31 01:31","23","2028-12-31 09:21","-5","2028-12-31 16:37","15","2028-12-31 20:27","13"
"SO_1274","거진항","2028-01-01","2028-01-01 04:52","22","2028-01-01 12:20","-4","2028-01-01 18:48","14","2028-01-01 23:49","8"
"SO_1274","거진항","2028-01-02","2028-01-02 05:30","19","2028-01-02 12:43","-3","2028-01-02 19:13","13","",""
"SO_1274","거진항","2028-01-03","2028-01-03 06:09","16","2028-01-03 00:37","7","2028-01-03 19:37","13","2028-01-03 13:04","-1"
"SO_1274","거진항","2028-01-04","2028-01-04 06:52","13","2028-01-04 01:29","7","2028-01-04 20:02","13","2028-01-04 13:26","1"
"SO_1274","거진항","2028-01-05","2028-01-05 07:42","11","2028-01-05 02:41","6","2028-01-05 20:34","15","2028-01-05 13:49","4"
"SO_1274","거진항","2028-01-06","2028-01-06 08:59","9","2028-01-06 04:36","5","2028-01-06 21:15","17","2028-01-06 14:13","7"
"SO_1274","거진항","2028-01-07","2028-01-07 12:35","11","2028-01-07 05:38","3","2028-01-07 22:12","20","2028-01-07 14:41","10"
"SO_1274","거진항","2028-01-08","2028-01-08 23:16","23","2028-01-08 06:27","1","","","",""
"SO_1274","거진항","2028-01-09","2028-01-09 00:00","27","2028-01-09 00:00","10","2028-01-09 15:12","16","2028-01-09 07:15","-2"
"SO_1274","거진항","2028-01-10","2028-01-10 00:00","28","2028-01-10 00:00","4","2028-01-10 00:13","26","2028-01-10 08:04","-4"
"SO_1274","거진항","2028-01-11","2028-01-11 01:05","29","2028-01-11 08:54","-6","2028-01-11 16:11","19","2028-01-11 20:00","15"
"SO_1274","거진항","2028-01-12","2028-01-12 01:57","31","2028-01-12 09:43","-8","2028-01-12 16:39","19","2028-01-12 20:54","13"
"SO_1274","거진항","2028-01-13","2028-01-13 02:49","32","2028-01-13 10:30","-10","2028-01-13 17:07","19","2028-01-13 21:51","11"
"SO_1274","거진항","2028-01-14","2028-01-14 03:40","32","2028-01-14 11:12","-10","2028-01-14 17:38","18","2028-01-14 22:47","9"
"SO_1274","거진항","2028-01-15","2028-01-15 04:32","29","2028-01-15 11:53","-8","2028-01-15 18:09","18","2028-01-15 23:43","6"
"SO_1274","거진항","2028-01-16","2028-01-16 05:23","26","2028-01-16 12:31","-5","2028-01-16 18:41","17","",""
"SO_1274","거진항","2028-01-17","2028-01-17 06:16","22","2028-01-17 00:38","5","2028-01-17 19:14","18","2028-01-17 13:08","-1"
"SO_1274","거진항","2028-01-18","2028-01-18 07:15","17","2028-01-18 01:42","3","2028-01-18 19:51","18","2028-01-18 13:42","4"
"SO_1274","거진항","2028-01-19","2028-01-19 08:51","13","2028-01-19 03:07","3","2028-01-19 20:35","20","2028-01-19 14:11","8"
"SO_1274","거진항","2028-01-20","2028-01-20 21:41","21","2028-01-20 04:37","2","","","",""
"SO_1274","거진항","2028-01-21","2028-01-21 22:53","23","2028-01-21 05:49","","","","",""
"SO_1274","거진항","2028-01-22","2028-01-22 16:01","18","2028-01-22 06:51","-1","2028-01-22 23:50","25","2028-01-22 17:58","17"
"SO_1274","거진항","2028-01-23","2028-01-23 16:14","18","2028-01-23 07:47","-2","","","2028-01-23 18:47","17"
"SO_1274","거진항","2028-01-24","2028-01-24 00:40","26","2028-01-24 08:36","-3","2028-01-24 16:14","18","2028-01-24 19:30","16"
"SO_1274","거진항","2028-01-25","2028-01-25 01:25","27","2028-01-25 09:17","-4","2028-01-25 16:14","17","2028-01-25 20:12","14"
"SO_1274","거진항","2028-01-26","2028-01-26 02:09","27","2028-01-26 09:53","-5","2028-01-26 16:25","16","2028-01-26 20:54","11"
"SO_1274","거진항","2028-01-27","2028-01-27 02:49","26","2028-01-27 10:23","-5","2028-01-27 16:41","15","2028-01-27 21:35","9"
"SO_1274","거진항","2028-01-28","2028-01-28 03:27","24","2028-01-28 10:50","-6","2028-01-28 17:00","15","2028-01-28 22:14","6"
"SO_1274","거진항","2028-01-29","2028-01-29 04:02","22","2028-01-29 11:13","-6","2028-01-29 17:19","14","2028-01-29 22:52","5"
"SO_1274","거진항","2028-01-30","2028-01-30 04:37","20","2028-01-30 11:33","-5","2028-01-30 17:38","15","2028-01-30 23:29","4"
"SO_1274","거진항","2028-01-31","2028-01-31 05:11","18","2028-01-31 11:52","-3","2028-01-31 17:58","15","",""
"SO_1274","거진항","2028-02-01","2028-02-01 05:47","16","2028-02-01 00:07","3","2028-02-01 18:21","16","2028-02-01 12:10",""
"SO_1274","거진항","2028-02-02","2028-02-02 06:27","14","2028-02-02 00:48","4","2028-02-02 18:48","18","2028-02-02 12:29","4"
"SO_1274","거진항","2028-02-03","2028-02-03 07:16","13","2028-02-03 01:40","5","2028-02-03 19:20","20","2028-02-03 12:47","8"
"SO_1274","거진항","2028-02-04","2028-02-04 10:55","12","2028-02-04 03:09","5","2028-02-04 20:03","22","2028-02-04 12:59","11"
"SO_1274","거진항","2028-02-05","2028-02-05 21:05","24","2028-02-05 04:56","4","","","",""
"SO_1274","거진항","2028-02-06","2028-02-06 22:32","26","2028-02-06 06:02","2","","","",""
"SO_1274","거진항","2028-02-07","2028-02-07 15:10","18","2028-02-07 06:59","-1","2028-02-07 23:48","28","2028-02-07 17:50","17"
"SO_1274","거진항","2028-02-08","2028-02-08 15:14","18","2028-02-08 07:52","-4","","","2028-02-08 18:57","15"
"SO_1274","거진항","2028-02-09","2028-02-09 00:51","29","2028-02-09 08:41","-8","2028-02-09 15:31","18","2028-02-09 19:57","12"
"SO_1274","거진항","2028-02-10","2028-02-10 01:49","30","2028-02-10 09:26","-10","2028-02-10 15:54","18","2028-02-10 20:55","8"
"SO_1274","거진항","2028-02-11","2028-02-11 02:44","29","2028-02-11 10:07","-11","2028-02-11 16:19","18","2028-02-11 21:48","4"
"SO_1274","거진항","2028-02-12","2028-02-12 03:36","28","2028-02-12 10:45","-10","2028-02-12 16:46","18","2028-02-12 22:39","1"
"SO_1274","거진항","2028-02-13","2028-02-13 04:26","25","2028-02-13 11:20","-7","2028-02-13 17:14","19","2028-02-13 23:29","-1"
"SO_1274","거진항","2028-02-14","2028-02-14 05:16","22","2028-02-14 11:52","-3","2028-02-14 17:44","20","",""
"SO_1274","거진항","2028-02-15","2028-02-15 06:08","18","2028-02-15 00:21","-1","2028-02-15 18:13","21","2028-02-15 12:20","3"
"SO_1274","거진항","2028-02-16","2028-02-16 07:14","15","2028-02-16 01:22","-1","2028-02-16 18:45","22","2028-02-16 12:41","8"
"SO_1274","거진항","2028-02-17","2028-02-17 19:22","23","2028-02-17 02:44","1","","","",""
"SO_1274","거진항","2028-02-18","2028-02-18 20:16","23","2028-02-18 04:13","1","","","",""
"SO_1274","거진항","2028-02-19","2028-02-19 22:08","23","2028-02-19 05:30","1","","","",""
"SO_1274","거진항","2028-02-20","2028-02-20 15:42","19","2028-02-20 06:40","","2028-02-20 23:25","24","2028-02-20 17:50","18"
"SO_1274","거진항","2028-02-21","2028-02-21 15:37","18","2028-02-21 07:37","-1","","","2028-02-21 18:48","16"
"SO_1274","거진항","2028-02-22","2028-02-22 00:24","23","2028-02-22 08:20","-2","2028-02-22 15:25","16","2028-02-22 19:35","13"
"SO_1274","거진항","2028-02-23","2028-02-23 01:15","23","2028-02-23 08:54","-4","2028-02-23 15:25","15","2028-02-23 20:16","9"
"SO_1274","거진항","2028-02-24","2028-02-24 01:59","21","2028-02-24 09:22","-6","2028-02-24 15:36","14","2028-02-24 20:52","5"
"SO_1274","거진항","2028-02-25","2028-02-25 02:38","20","2028-02-25 09:47","-7","2028-02-25 15:51","13","2028-02-25 21:27","2"
"SO_1274","거진항","2028-02-26","2028-02-26 03:14","18","2028-02-26 10:09","-7","2028-02-26 16:06","13","2028-02-26 22:01",""
"SO_1274","거진항","2028-02-27","2028-02-27 03:49","17","2028-02-27 10:29","-6","2028-02-27 16:24","14","2028-02-27 22:33","-1"
"SO_1274","거진항","2028-02-28","2028-02-28 04:22","16","2028-02-28 10:48","-3","2028-02-28 16:42","16","2028-02-28 23:06","-2"
"SO_1274","거진항","2028-02-29","2028-02-29 04:57","15","2028-02-29 11:07","","2028-02-29 17:04","18","2028-02-29 23:41","-1"
"SO_1274","거진항","2028-03-01","2028-03-01 05:34","15","2028-03-01 11:27","4","2028-03-01 17:28","20","",""
"SO_1274","거진항","2028-03-02","2028-03-02 06:16","14","2028-03-02 00:21","","2028-03-02 17:56","22","2028-03-02 11:47","8"
"SO_1274","거진항","2028-03-03","2028-03-03 07:14","13","2028-03-03 01:10","2","2028-03-03 18:32","24","2028-03-03 12:02","11"
"SO_1274","거진항","2028-03-04","2028-03-04 19:19","25","2028-03-04 02:27","3","","","",""
"SO_1274","거진항","2028-03-05","2028-03-05 20:31","25","2028-03-05 04:17","3","","","",""
"SO_1274","거진항","2028-03-06","2028-03-06 22:09","24","2028-03-06 05:35","","","","",""
"SO_1274","거진항","2028-03-07","2028-03-07 14:12","17","2028-03-07 06:38","-3","2028-03-07 23:31","25","2028-03-07 17:54","14"
"SO_1274","거진항","2028-03-08","2028-03-08 14:23","16","2028-03-08 07:31","-6","","","2028-03-08 19:00","10"
"SO_1274","거진항","2028-03-09","2028-03-09 00:42","25","2028-03-09 08:16","-9","2028-03-09 14:42","16","2028-03-09 19:57","5"
"SO_1274","거진항","2028-03-10","2028-03-10 01:44","24","2028-03-10 08:57","-10","2028-03-10 15:04","16","2028-03-10 20:49",""
"SO_1274","거진항","2028-03-11","2028-03-11 02:40","23","2028-03-11 09:35","-9","2028-03-11 15:30","17","2028-03-11 21:38","-4"
"SO_1274","거진항","2028-03-12","2028-03-12 03:31","22","2028-03-12 10:09","-7","2028-03-12 15:57","19","2028-03-12 22:26","-6"
"SO_1274","거진항","2028-03-13","2028-03-13 04:21","20","2028-03-13 10:42","-3","2028-03-13 16:25","21","2028-03-13 23:14","-7"
"SO_1274","거진항","2028-03-14","2028-03-14 05:12","18","2028-03-14 11:10","2","2028-03-14 16:55","23","",""
"SO_1274","거진항","2028-03-15","2028-03-15 06:13","16","2028-03-15 00:05","-6","2028-03-15 17:24","24","2028-03-15 11:33","7"
"SO_1274","거진항","2028-03-16","2028-03-16 08:14","14","2028-03-16 01:04","-4","2028-03-16 17:56","25","2028-03-16 11:44","12"
"SO_1274","거진항","2028-03-17","2028-03-17 18:32","25","2028-03-17 02:20","-1","","","",""
"SO_1274","거진항","2028-03-18","2028-03-18 19:22","23","2028-03-18 03:41","1","","","",""
"SO_1274","거진항","2028-03-19","2028-03-19 15:02","19","2028-03-19 04:59","1","2028-03-19 21:20","21","2028-03-19 16:25","18"
"SO_1274","거진항","2028-03-20","2028-03-20 14:45","17","2028-03-20 06:11","","2028-03-20 22:54","20","2028-03-20 17:53","16"
"SO_1274","거진항","2028-03-21","2028-03-21 14:29","16","2028-03-21 07:05","-1","","","2028-03-21 18:51","12"
"SO_1274","거진항","2028-03-22","2028-03-22 00:05","18","2028-03-22 07:44","-3","2028-03-22 14:23","14","2028-03-22 19:32","7"
"SO_1274","거진항","2028-03-23","2028-03-23 01:02","17","2028-03-23 08:14","-4","2028-03-23 14:31","13","2028-03-23 20:06","3"
"SO_1274","거진항","2028-03-24","2028-03-24 01:47","15","2028-03-24 08:40","-5","2028-03-24 14:44","12","2028-03-24 20:38","-1"
"SO_1274","거진항","2028-03-25","2028-03-25 02:27","14","2028-03-25 09:02","-5","2028-03-25 14:59","13","2028-03-25 21:09","-3"
"SO_1274","거진항","2028-03-26","2028-03-26 03:03","14","2028-03-26 09:23","-4","2028-03-26 15:15","14","2028-03-26 21:40","-5"
"SO_1274","거진항","2028-03-27","2028-03-27 03:38","14","2028-03-27 09:44","-2","2028-03-27 15:33","17","2028-03-27 22:11","-5"
"SO_1274","거진항","2028-03-28","2028-03-28 04:14","14","2028-03-28 10:06","1","2028-03-28 15:54","19","2028-03-28 22:44","-5"
"SO_1274","거진항","2028-03-29","2028-03-29 04:51","15","2028-03-29 10:28","5","2028-03-29 16:19","22","2028-03-29 23:21","-3"
"SO_1274","거진항","2028-03-30","2028-03-30 05:33","16","2028-03-30 10:52","9","2028-03-30 16:47","25","",""
"SO_1274","거진항","2028-03-31","2028-03-31 06:28","16","2028-03-31 00:03","-2","2028-03-31 17:20","26","2028-03-31 11:14","12"
"SO_1274","거진항","2028-04-01","2028-04-01 09:28","16","2028-04-01 00:57","","2028-04-01 18:01","26","2028-04-01 11:32","15"
"SO_1274","거진항","2028-04-02","2028-04-02 18:57","25","2028-04-02 02:14","2","","","",""
"SO_1274","거진항","2028-04-03","2028-04-03 20:22","24","2028-04-03 03:45","1","","","",""
"SO_1274","거진항","2028-04-04","2028-04-04 12:58","17","2028-04-04 05:04","-1","2028-04-04 21:56","22","2028-04-04 16:39","14"
"SO_1274","거진항","2028-04-05","2028-04-05 13:11","16","2028-04-05 06:08","-3","2028-04-05 23:22","21","2028-04-05 17:59","10"
"SO_1274","거진항","2028-04-06","2028-04-06 13:29","16","2028-04-06 07:00","-5","","","2028-04-06 18:58","4"
"SO_1274","거진항","2028-04-07","2028-04-07 00:39","20","2028-04-07 07:44","-6","2028-04-07 13:51","16","2028-04-07 19:50","-1"
"SO_1274","거진항","2028-04-08","2028-04-08 01:43","20","2028-04-08 08:23","-5","2028-04-08 14:16","18","2028-04-08 20:37","-5"
"SO_1274","거진항","2028-04-09","2028-04-09 02:38","19","2028-04-09 08:59","-2","2028-04-09 14:44","20","2028-04-09 21:24","-8"
"SO_1274","거진항","2028-04-10","2028-04-10 03:30","19","2028-04-10 09:32","1","2028-04-10 15:13","23","2028-04-10 22:11","-9"
"SO_1274","거진항","2028-04-11","2028-04-11 04:23","18","2028-04-11 10:03","5","2028-04-11 15:43","26","2028-04-11 22:59","-8"
"SO_1274","거진항","2028-04-12","2028-04-12 05:24","18","2028-04-12 10:29","10","2028-04-12 16:14","28","2028-04-12 23:50","-6"
"SO_1274","거진항","2028-04-13","2028-04-13 06:53","18","2028-04-13 10:50","14","2028-04-13 16:47","29","",""
"SO_1274","거진항","2028-04-14","2028-04-14 08:33","18","2028-04-14 00:48","-3","2028-04-14 17:22","29","2028-04-14 10:58","17"
"SO_1274","거진항","2028-04-15","2028-04-15 18:01","27","2028-04-15 01:54","","","","",""
"SO_1274","거진항","2028-04-16","2028-04-16 18:56","24","2028-04-16 03:03","2","","","",""
"SO_1274","거진항","2028-04-17","2028-04-17 13:46","19","2028-04-17 04:15","3","2028-04-17 20:33","20","2028-04-17 16:17","18"
"SO_1274","거진항","2028-04-18","2028-04-18 13:19","17","2028-04-18 05:23","3","2028-04-18 22:09","17","2028-04-18 17:43","14"
"SO_1274","거진항","2028-04-19","2028-04-19 13:15","16","2028-04-19 06:15","2","2028-04-19 23:38","15","2028-04-19 18:35","10"
"SO_1274","거진항","2028-04-20","2028-04-20 13:25","15","2028-04-20 06:54","","","","2028-04-20 19:13","6"
"SO_1274","거진항","2028-04-21","2028-04-21 00:46","14","2028-04-21 07:24","","2028-04-21 13:38","15","2028-04-21 19:44","2"
"SO_1274","거진항","2028-04-22","2028-04-22 01:36","13","2028-04-22 07:49","","2028-04-22 13:52","16","2028-04-22 20:15","-1"
"SO_1274","거진항","2028-04-23","2028-04-23 02:17","14","2028-04-23 08:13","2","2028-04-23 14:07","17","2028-04-23 20:45","-3"
"SO_1274","거진항","2028-04-24","2028-04-24 02:56","15","2028-04-24 08:36","4","2028-04-24 14:25","20","2028-04-24 21:17","-3"
"SO_1274","거진항","2028-04-25","2028-04-25 03:35","16","2028-04-25 09:01","7","2028-04-25 14:48","24","2028-04-25 21:51","-3"
"SO_1274","거진항","2028-04-26","2028-04-26 04:15","18","2028-04-26 09:27","11","2028-04-26 15:15","27","2028-04-26 22:28","-2"
"SO_1274","거진항","2028-04-27","2028-04-27 05:00","20","2028-04-27 09:55","14","2028-04-27 15:46","30","2028-04-27 23:10","-1"
"SO_1274","거진항","2028-04-28","2028-04-28 06:04","20","2028-04-28 10:24","17","2028-04-28 16:20","32","2028-04-28 23:59","1"
"SO_1274","거진항","2028-04-29","2028-04-29 07:53","21","2028-04-29 10:54","19","2028-04-29 17:01","32","",""
"SO_1274","거진항","2028-04-30","2028-04-30 09:15","21","2028-04-30 00:57","2","2028-04-30 17:51","31","2028-04-30 11:30","20"
"SO_1274","거진항","2028-05-01","2028-05-01 10:35","21","2028-05-01 02:05","3","2028-05-01 18:59","29","2028-05-01 12:49","20"
"SO_1274","거진항","2028-05-02","2028-05-02 11:23","20","2028-05-02 03:16","3","2028-05-02 20:22","26","2028-05-02 15:00","19"
"SO_1274","거진항","2028-05-03","2028-05-03 11:50","20","2028-05-03 04:28","3","2028-05-03 21:46","23","2028-05-03 16:39","15"
"SO_1274","거진항","2028-05-04","2028-05-04 12:13","20","2028-05-04 05:33","3","2028-05-04 23:20","22","2028-05-04 17:52","10"
"SO_1274","거진항","2028-05-05","2028-05-05 12:37","21","2028-05-05 06:24","3","","","2028-05-05 18:48","5"
"SO_1274","거진항","2028-05-06","2028-05-06 00:44","21","2028-05-06 07:07","5","2028-05-06 13:03","23","2028-05-06 19:38","1"
"SO_1274","거진항","2028-05-07","2028-05-07 01:48","21","2028-05-07 07:46","7","2028-05-07 13:32","25","2028-05-07 20:25","-2"
"SO_1274","거진항","2028-05-08","2028-05-08 02:45","22","2028-05-08 08:21","11","2028-05-08 14:04","29","2028-05-08 21:12","-3"
"SO_1274","거진항","2028-05-09","2028-05-09 03:41","23","2028-05-09 08:53","14","2028-05-09 14:36","32","2028-05-09 22:00","-3"
"SO_1274","거진항","2028-05-10","2028-05-10 04:43","23","2028-05-10 09:24","18","2028-05-10 15:11","35","2028-05-10 22:50","-1"
"SO_1274","거진항","2028-05-11","2028-05-11 05:56","24","2028-05-11 09:52","20","2028-05-11 15:47","36","2028-05-11 23:41","1"
"SO_1274","거진항","2028-05-12","2028-05-12 07:03","25","2028-05-12 10:16","22","2028-05-12 16:24","36","",""
"SO_1274","거진항","2028-05-13","2028-05-13 08:03","25","2028-05-13 00:33","4","2028-05-13 17:05","35","2028-05-13 10:36","24"
"SO_1274","거진항","2028-05-14","2028-05-14 17:50","32","2028-05-14 01:26","6","","","",""
"SO_1274","거진항","2028-05-15","2028-05-15 18:44","28","2028-05-15 02:20","8","","","",""
"SO_1274","거진항","2028-05-16","2028-05-16 11:27","23","2028-05-16 03:16","9","2028-05-16 19:50","24","2028-05-16 15:38","21"
"SO_1274","거진항","2028-05-17","2028-05-17 11:48","22","2028-05-17 04:16","9","2028-05-17 21:04","21","2028-05-17 17:09","18"
"SO_1274","거진항","2028-05-18","2028-05-18 12:08","22","2028-05-18 05:11","9","2028-05-18 22:59","19","2028-05-18 18:04","14"
"SO_1274","거진항","2028-05-19","2028-05-19 12:26","22","2028-05-19 05:53","10","","","2028-05-19 18:43","11"
"SO_1274","거진항","2028-05-20","2028-05-20 00:31","18","2028-05-20 06:26","11","2028-05-20 12:42","23","2028-05-20 19:16","8"
"SO_1274","거진항","2028-05-21","2028-05-21 01:27","19","2028-05-21 06:53","13","2028-05-21 12:57","25","2028-05-21 19:48","7"
"SO_1274","거진항","2028-05-22","2028-05-22 02:14","21","2028-05-22 07:20","15","2028-05-22 13:16","28","2028-05-22 20:21","6"
"SO_1274","거진항","2028-05-23","2028-05-23 02:59","23","2028-05-23 07:49","18","2028-05-23 13:42","32","2028-05-23 20:58","5"
"SO_1274","거진항","2028-05-24","2028-05-24 03:47","25","2028-05-24 08:20","21","2028-05-24 14:13","36","2028-05-24 21:38","5"
"SO_1274","거진항","2028-05-25","2028-05-25 04:40","27","2028-05-25 08:53","24","2028-05-25 14:48","39","2028-05-25 22:22","6"
"SO_1274","거진항","2028-05-26","2028-05-26 05:40","29","2028-05-26 09:29","25","2028-05-26 15:27","41","2028-05-26 23:10","6"
"SO_1274","거진항","2028-05-27","2028-05-27 06:38","29","2028-05-27 10:09","27","2028-05-27 16:11","42","",""
"SO_1274","거진항","2028-05-28","2028-05-28 07:30","29","2028-05-28 00:01","7","2028-05-28 17:00","41","2028-05-28 10:59","27"
"SO_1274","거진항","2028-05-29","2028-05-29 08:22","29","2028-05-29 00:54","8","2028-05-29 17:58","39","2028-05-29 12:07","27"
"SO_1274","거진항","2028-05-30","2028-05-30 09:16","28","2028-05-30 01:48","9","2028-05-30 19:04","36","2028-05-30 13:28","25"
"SO_1274","거진항","2028-05-31","2028-05-31 10:04","28","2028-05-31 02:44","11","2028-05-31 20:14","32","2028-05-31 14:54","23"
"SO_1274","거진항","2028-06-01","2028-06-01 10:43","28","2028-06-01 03:46","13","2028-06-01 21:39","29","2028-06-01 16:27","19"
"SO_1274","거진항","2028-06-02","2028-06-02 11:16","30","2028-06-02 04:50","15","2028-06-02 23:36","28","2028-06-02 17:40","15"
"SO_1274","거진항","2028-06-03","2028-06-03 11:48","32","2028-06-03 05:45","18","","","2028-06-03 18:37","12"
"SO_1274","거진항","2028-06-04","2028-06-04 01:01","28","2028-06-04 06:30","21","2028-06-04 12:22","35","2028-06-04 19:28","10"
"SO_1274","거진항","2028-06-05","2028-06-05 02:08","29","2028-06-05 07:09","24","2028-06-05 12:57","38","2028-06-05 20:17","9"
"SO_1274","거진항","2028-06-06","2028-06-06 03:13","31","2028-06-06 07:45","26","2028-06-06 13:34","41","2028-06-06 21:07","8"
"SO_1274","거진항","2028-06-07","2028-06-07 04:18","32","2028-06-07 08:19","28","2028-06-07 14:13","44","2028-06-07 21:57","9"
"SO_1274","거진항","2028-06-08","2028-06-08 05:09","33","2028-06-08 08:51","30","2028-06-08 14:53","45","2028-06-08 22:46","10"
"SO_1274","거진항","2028-06-09","2028-06-09 05:50","33","2028-06-09 09:25","31","2028-06-09 15:33","45","2028-06-09 23:31","11"
"SO_1274","거진항","2028-06-10","2028-06-10 06:28","33","2028-06-10 10:02","31","2028-06-10 16:15","44","",""
"SO_1274","거진항","2028-06-11","2028-06-11 07:07","33","2028-06-11 00:14","13","2028-06-11 16:57","42","2028-06-11 10:48","30"
"SO_1274","거진항","2028-06-12","2028-06-12 07:48","32","2028-06-12 00:53","14","2028-06-12 17:40","39","2028-06-12 11:51","30"
"SO_1274","거진항","2028-06-13","2028-06-13 08:36","31","2028-06-13 01:30","16","2028-06-13 18:25","35","2028-06-13 13:02","28"
"SO_1274","거진항","2028-06-14","2028-06-14 09:33","30","2028-06-14 02:05","17","2028-06-14 19:13","32","2028-06-14 14:24","27"
"SO_1274","거진항","2028-06-15","2028-06-15 10:22","30","2028-06-15 02:38","19","2028-06-15 20:06","29","2028-06-15 16:12","25"
"SO_1274","거진항","2028-06-16","2028-06-16 10:55","31","2028-06-16 03:10","21","2028-06-16 21:32","27","2028-06-16 17:21","23"
"SO_1274","거진항","2028-06-17","2028-06-17 11:16","32","2028-06-17 03:49","23","","","2028-06-17 18:07","21"
"SO_1274","거진항","2028-06-18","2028-06-18 00:20","28","2028-06-18 04:53","25","2028-06-18 11:34","35","2028-06-18 18:45","19"
"SO_1274","거진항","2028-06-19","2028-06-19 01:27","30","2028-06-19 05:43","28","2028-06-19 11:57","38","2028-06-19 19:23","18"
"SO_1274","거진항","2028-06-20","2028-06-20 02:28","32","2028-06-20 06:25","30","2028-06-20 12:30","42","2028-06-20 20:03","17"
"SO_1274","거진항","2028-06-21","2028-06-21 03:26","34","2028-06-21 07:05","32","2028-06-21 13:08","45","2028-06-21 20:46","16"
"SO_1274","거진항","2028-06-22","2028-06-22 04:13","36","2028-06-22 07:46","34","2028-06-22 13:50","48","2028-06-22 21:33","15"
"SO_1274","거진항","2028-06-23","2028-06-23 04:51","37","2028-06-23 08:30","34","2028-06-23 14:34","51","2028-06-23 22:21","14"
"SO_1274","거진항","2028-06-24","2028-06-24 05:26","38","2028-06-24 09:18","34","2028-06-24 15:22","52","2028-06-24 23:08","14"
"SO_1274","거진항","2028-06-25","2028-06-25 05:59","38","2028-06-25 10:14","34","2028-06-25 16:12","51","2028-06-25 23:54","14"
"SO_1274","거진항","2028-06-26","2028-06-26 06:34","37","2028-06-26 11:15","32","2028-06-26 17:05","49","",""
"SO_1274","거진항","2028-06-27","2028-06-27 07:10","37","2028-06-27 00:37","15","2028-06-27 18:00","46","2028-06-27 12:17","31"
"SO_1274","거진항","2028-06-28","2028-06-28 07:49","37","2028-06-28 01:21","18","2028-06-28 18:58","43","2028-06-28 13:22","29"
"SO_1274","거진항","2028-06-29","2028-06-29 08:32","37","2028-06-29 02:06","21","2028-06-29 20:05","39","2028-06-29 14:39","27"
"SO_1274","거진항","2028-06-30","2028-06-30 09:21","39","2028-06-30 02:55","25","2028-06-30 22:00","36","2028-06-30 16:12","25"
"SO_1274","거진항","2028-07-01","2028-07-01 10:15","41","2028-07-01 03:57","29","","","2028-07-01 17:28","23"
"SO_1274","거진항","2028-07-02","2028-07-02 00:08","36","2028-07-02 05:03","33","2028-07-02 11:05","43","2028-07-02 18:28","21"
"SO_1274","거진항","2028-07-03","2028-07-03 01:43","37","2028-07-03 05:56","35","2028-07-03 11:51","46","2028-07-03 19:24","20"
"SO_1274","거진항","2028-07-04","2028-07-04 03:25","39","2028-07-04 06:40","37","2028-07-04 12:36","49","2028-07-04 20:18","20"
"SO_1274","거진항","2028-07-05","2028-07-05 04:07","40","2028-07-05 07:19","38","2028-07-05 13:19","51","2028-07-05 21:09","19"
"SO_1274","거진항","2028-07-06","2028-07-06 04:29","40","2028-07-06 07:57","38","2028-07-06 14:03","52","2028-07-06 21:55","19"
"SO_1274","거진항","2028-07-07","2028-07-07 04:48","40","2028-07-07 08:36","37","2028-07-07 14:46","52","2028-07-07 22:36","19"
"SO_1274","거진항","2028-07-08","2028-07-08 05:09","40","2028-07-08 09:20","36","2028-07-08 15:28","51","2028-07-08 23:12","19"
"SO_1274","거진항","2028-07-09","2028-07-09 05:34","39","2028-07-09 10:08","34","2028-07-09 16:08","49","2028-07-09 23:45","19"
"SO_1274","거진항","2028-07-10","2028-07-10 06:01","38","2028-07-10 10:55","33","2028-07-10 16:47","47","",""
"SO_1274","거진항","2028-07-11","2028-07-11 06:28","37","2028-07-11 00:13","20","2028-07-11 17:25","44","2028-07-11 11:41","32"
"SO_1274","거진항","2028-07-12","2028-07-12 06:54","37","2028-07-12 00:37","22","2028-07-12 18:02","41","2028-07-12 12:26","31"
"SO_1274","거진항","2028-07-13","2028-07-13 07:20","37","2028-07-13 00:57","24","2028-07-13 18:42","38","2028-07-13 13:16","31"
"SO_1274","거진항","2028-07-14","2028-07-14 07:45","38","2028-07-14 01:14","27","2028-07-14 19:27","36","2028-07-14 14:25","31"
"SO_1274","거진항","2028-07-15","2028-07-15 08:15","40","2028-07-15 01:33","29","2028-07-15 20:34","35","2028-07-15 16:21","30"
"SO_1274","거진항","2028-07-16","2028-07-16 08:55","42","2028-07-16 01:52","33","","","2028-07-16 17:25","29"
"SO_1274","거진항","2028-07-17","2028-07-17 09:51","44","2028-07-17 18:15","28","","","",""
"SO_1274","거진항","2028-07-18","2028-07-18 10:57","47","2028-07-18 19:02","26","","","",""
"SO_1274","거진항","2028-07-19","2028-07-19 11:54","50","2028-07-19 19:50","24","","","",""
"SO_1274","거진항","2028-07-20","2028-07-20 03:29","41","2028-07-20 06:36","40","2028-07-20 12:46","53","2028-07-20 20:38","21"
"SO_1274","거진항","2028-07-21","2028-07-21 03:51","42","2028-07-21 07:29","39","2028-07-21 13:37","55","2028-07-21 21:25","19"
"SO_1274","거진항","2028-07-22","2028-07-22 04:14","42","2028-07-22 08:23","37","2028-07-22 14:28","56","2028-07-22 22:10","17"
"SO_1274","거진항","2028-07-23","2028-07-23 04:39","42","2028-07-23 09:21","35","2028-07-23 15:20","55","2028-07-23 22:52","16"
"SO_1274","거진항","2028-07-24","2028-07-24 05:08","42","2028-07-24 10:18","33","2028-07-24 16:11","54","2028-07-24 23:31","17"
"SO_1274","거진항","2028-07-25","2028-07-25 05:37","42","2028-07-25 11:13","30","2028-07-25 17:02","51","",""
"SO_1274","거진항","2028-07-26","2028-07-26 06:09","42","2028-07-26 00:09","20","2028-07-26 17:55","48","2028-07-26 12:08","29"
"SO_1274","거진항","2028-07-27","2028-07-27 06:43","43","2028-07-27 00:46","24","2028-07-27 18:51","44","2028-07-27 13:08","28"
"SO_1274","거진항","2028-07-28","2028-07-28 07:21","44","2028-07-28 01:22","29","2028-07-28 20:12","41","2028-07-28 14:23","28"
"SO_1274","거진항","2028-07-29","2028-07-29 08:06","45","2028-07-29 01:59","34","2028-07-29 22:57","40","2028-07-29 15:56","28"
"SO_1274","거진항","2028-07-30","2028-07-30 09:12","47","2028-07-30 02:42","38","","","2028-07-30 17:15","27"
"SO_1274","거진항","2028-07-31","2028-07-31 10:31","49","2028-07-31 18:22","26","","","",""
"SO_1274","거진항","2028-08-01","2028-08-01 03:15","43","2028-08-01 05:37","42","2028-08-01 11:32","51","2028-08-01 19:24","25"
"SO_1274","거진항","2028-08-02","2028-08-02 03:37","43","2028-08-02 06:28","42","2028-08-02 12:25","52","2028-08-02 20:19","24"
"SO_1274","거진항","2028-08-03","2028-08-03 03:45","43","2028-08-03 07:13","40","2028-08-03 13:14","52","2028-08-03 21:03","22"
"SO_1274","거진항","2028-08-04","2028-08-04 03:49","41","2028-08-04 07:56","38","2028-08-04 13:59","52","2028-08-04 21:41","21"
"SO_1274","거진항","2028-08-05","2028-08-05 04:01","40","2028-08-05 08:40","35","2028-08-05 14:42","51","2028-08-05 22:13","20"
"SO_1274","거진항","2028-08-06","2028-08-06 04:18","39","2028-08-06 09:22","32","2028-08-06 15:21","49","2028-08-06 22:41","20"
"SO_1274","거진항","2028-08-07","2028-08-07 04:38","38","2028-08-07 10:03","30","2028-08-07 15:57","47","2028-08-07 23:06","20"
"SO_1274","거진항","2028-08-08","2028-08-08 05:00","38","2028-08-08 10:41","28","2028-08-08 16:32","44","2028-08-08 23:28","21"
"SO_1274","거진항","2028-08-09","2028-08-09 05:20","38","2028-08-09 11:18","27","2028-08-09 17:07","42","2028-08-09 23:46","23"
"SO_1274","거진항","2028-08-10","2028-08-10 05:42","39","2028-08-10 11:55","27","2028-08-10 17:42","40","",""
"SO_1274","거진항","2028-08-11","2028-08-11 06:04","40","2028-08-11 00:04","26","2028-08-11 18:19","39","2028-08-11 12:34","28"
"SO_1274","거진항","2028-08-12","2028-08-12 06:30","42","2028-08-12 00:21","29","2028-08-12 19:05","37","2028-08-12 13:23","29"
"SO_1274","거진항","2028-08-13","2028-08-13 07:03","43","2028-08-13 00:40","33","2028-08-13 22:39","37","2028-08-13 14:48","30"
"SO_1274","거진항","2028-08-14","2028-08-14 07:45","45","2028-08-14 00:56","36","","","2028-08-14 16:39","30"
"SO_1274","거진항","2028-08-15","2028-08-15 08:47","46","2028-08-15 17:45","28","","","",""
"SO_1274","거진항","2028-08-16","2028-08-16 10:15","48","2028-08-16 18:42","25","","","",""
"SO_1274","거진항","2028-08-17","2028-08-17 02:33","40","2028-08-17 05:28","39","2028-08-17 11:29","49","2028-08-17 19:34","21"
"SO_1274","거진항","2028-08-18","2028-08-18 02:43","40","2028-08-18 06:31","37","2028-08-18 12:32","50","2028-08-18 20:21","18"
"SO_1274","거진항","2028-08-19","2028-08-19 03:02","39","2028-08-19 07:29","33","2028-08-19 13:29","51","2028-08-19 21:05","15"
"SO_1274","거진항","2028-08-20","2028-08-20 03:24","39","2028-08-20 08:26","30","2028-08-20 14:24","51","2028-08-20 21:45","14"
"SO_1274","거진항","2028-08-21","2028-08-21 03:49","39","2028-08-21 09:20","26","2028-08-21 15:16","50","2028-08-21 22:23","14"
"SO_1274","거진항","2028-08-22","2028-08-22 04:17","39","2028-08-22 10:12","23","2028-08-22 16:07","48","2028-08-22 23:00","16"
"SO_1274","거진항","2028-08-23","2028-08-23 04:46","40","2028-08-23 11:02","21","2028-08-23 16:57","45","2028-08-23 23:34","20"
"SO_1274","거진항","2028-08-24","2028-08-24 05:17","42","2028-08-24 11:55","20","2028-08-24 17:50","42","",""
"SO_1274","거진항","2028-08-25","2028-08-25 05:50","43","2028-08-25 00:08","25","2028-08-25 18:57","39","2028-08-25 12:53","21"
"SO_1274","거진항","2028-08-26","2028-08-26 06:26","44","2028-08-26 00:39","30","2028-08-26 21:24","38","2028-08-26 14:09","22"
"SO_1274","거진항","2028-08-27","2028-08-27 07:09","45","2028-08-27 01:04","35","","","2028-08-27 15:38","23"
"SO_1274","거진항","2028-08-28","2028-08-28 08:18","45","2028-08-28 16:58","23","","","",""
"SO_1274","거진항","2028-08-29","2028-08-29 02:32","40","2028-08-29 04:23","39","2028-08-29 10:04","45","2028-08-29 18:11","22"
"SO_1274","거진항","2028-08-30","2028-08-30 02:42","40","2028-08-30 05:36","38","2028-08-30 11:16","45","2028-08-30 19:14","21"
"SO_1274","거진항","2028-08-31","2028-08-31 02:48","38","2028-08-31 06:32","35","2028-08-31 12:16","44","2028-08-31 20:02","19"
"SO_1274","거진항","2028-09-01","2028-09-01 02:49","36","2028-09-01 07:18","32","2028-09-01 13:08","43","2028-09-01 20:39","17"
"SO_1274","거진항","2028-09-02","2028-09-02 02:56","34","2028-09-02 07:59","28","2028-09-02 13:53","42","2028-09-02 21:10","16"
"SO_1274","거진항","2028-09-03","2028-09-03 03:10","33","2028-09-03 08:37","24","2028-09-03 14:34","40","2028-09-03 21:37","15"
"SO_1274","거진항","2028-09-04","2028-09-04 03:27","32","2028-09-04 09:13","20","2028-09-04 15:10","38","2028-09-04 22:01","14"
"SO_1274","거진항","2028-09-05","2028-09-05 03:46","32","2028-09-05 09:47","18","2028-09-05 15:45","36","2028-09-05 22:22","15"
"SO_1274","거진항","2028-09-06","2028-09-06 04:05","33","2028-09-06 10:20","17","2028-09-06 16:19","35","2028-09-06 22:41","17"
"SO_1274","거진항","2028-09-07","2028-09-07 04:25","34","2028-09-07 10:53","17","2028-09-07 16:53","34","2028-09-07 23:00","20"
"SO_1274","거진항","2028-09-08","2028-09-08 04:47","36","2028-09-08 11:28","18","2028-09-08 17:28","34","2028-09-08 23:21","24"
"SO_1274","거진항","2028-09-09","2028-09-09 05:11","38","2028-09-09 12:05","19","2028-09-09 18:09","33","2028-09-09 23:41","27"
"SO_1274","거진항","2028-09-10","2028-09-10 05:39","39","2028-09-10 12:51","21","2028-09-10 19:06","32","",""
"SO_1274","거진항","2028-09-11","2028-09-11 06:14","40","2028-09-11 00:03","30","","","2028-09-11 14:02","22"
"SO_1274","거진항","2028-09-12","2028-09-12 07:02","40","2028-09-12 15:52","22","","","",""
"SO_1274","거진항","2028-09-13","2028-09-13 08:15","40","2028-09-13 17:12","19","","","",""
"SO_1274","거진항","2028-09-14","2028-09-14 01:22","33","2028-09-14 04:06","32","2028-09-14 09:51","39","2028-09-14 18:15","16"
"SO_1274","거진항","2028-09-15","2028-09-15 01:32","32","2028-09-15 05:33","29","2028-09-15 11:12","39","2028-09-15 19:07","12"
"SO_1274","거진항","2028-09-16","2028-09-16 01:49","31","2028-09-16 06:34","24","2028-09-16 12:22","39","2028-09-16 19:53","9"
"SO_1274","거진항","2028-09-17","2028-09-17 02:10","31","2028-09-17 07:30","19","2028-09-17 13:24","39","2028-09-17 20:34","8"
"SO_1274","거진항","2028-09-18","2028-09-18 02:35","31","2028-09-18 08:21","15","2028-09-18 14:20","38","2028-09-18 21:13","8"
"SO_1274","거진항","2028-09-19","2028-09-19 03:01","32","2028-09-19 09:11","11","2028-09-19 15:12","37","2028-09-19 21:49","10"
"SO_1274","거진항","2028-09-20","2028-09-20 03:30","33","2028-09-20 10:00","8","2028-09-20 16:04","36","2028-09-20 22:24","13"
"SO_1274","거진항","2028-09-21","2028-09-21 04:01","35","2028-09-21 10:49","7","2028-09-21 16:56","34","2028-09-21 22:58","18"
"SO_1274","거진항","2028-09-22","2028-09-22 04:33","37","2028-09-22 11:41","8","2028-09-22 17:59","32","2028-09-22 23:30","22"
"SO_1274","거진항","2028-09-23","2028-09-23 05:07","39","2028-09-23 12:40","10","2028-09-23 19:47","31","2028-09-23 23:59","26"
"SO_1274","거진항","2028-09-24","2028-09-24 05:44","39","2028-09-24 13:52","12","2028-09-24 21:37","31","",""
"SO_1274","거진항","2028-09-25","2028-09-25 06:29","38","2028-09-25 00:20","29","","","2028-09-25 15:12","14"
"SO_1274","거진항","2028-09-26","2028-09-26 07:42","36","2028-09-26 16:31","14","","","",""
"SO_1274","거진항","2028-09-27","2028-09-27 01:33","31","2028-09-27 04:18","30","2028-09-27 09:31","35","2028-09-27 17:45","14"
"SO_1274","거진항","2028-09-28","2028-09-28 01:39","30","2028-09-28 05:34","26","2028-09-28 10:53","33","2028-09-28 18:44","12"
"SO_1274","거진항","2028-09-29","2028-09-29 01:43","28","2028-09-29 06:30","22","2028-09-29 12:02","31","2028-09-29 19:27","10"
"SO_1274","거진항","2028-09-30","2028-09-30 01:51","26","2028-09-30 07:13","17","2028-09-30 12:59","29","2028-09-30 20:00","8"
"SO_1274","거진항","2028-10-01","2028-10-01 02:04","24","2028-10-01 07:50","13","2028-10-01 13:44","27","2028-10-01 20:28","8"
"SO_1274","거진항","2028-10-02","2028-10-02 02:21","23","2028-10-02 08:23","9","2028-10-02 14:24","25","2028-10-02 20:53","7"
"SO_1274","거진항","2028-10-03","2028-10-03 02:38","23","2028-10-03 08:56","6","2028-10-03 15:01","25","2028-10-03 21:15","8"
"SO_1274","거진항","2028-10-04","2028-10-04 02:56","24","2028-10-04 09:27","5","2028-10-04 15:36","24","2028-10-04 21:37","10"
"SO_1274","거진항","2028-10-05","2028-10-05 03:17","26","2028-10-05 09:59","4","2028-10-05 16:11","25","2028-10-05 21:58","13"
"SO_1274","거진항","2028-10-06","2028-10-06 03:39","28","2028-10-06 10:31","5","2028-10-06 16:47","25","2028-10-06 22:21","16"
"SO_1274","거진항","2028-10-07","2028-10-07 04:03","30","2028-10-07 11:06","6","2028-10-07 17:28","25","2028-10-07 22:45","19"
"SO_1274","거진항","2028-10-08","2028-10-08 04:31","32","2028-10-08 11:46","8","2028-10-08 18:24","25","2028-10-08 23:10","21"
"SO_1274","거진항","2028-10-09","2028-10-09 05:03","33","2028-10-09 12:36","10","2028-10-09 20:53","24","2028-10-09 23:37","23"
"SO_1274","거진항","2028-10-10","2028-10-10 05:44","33","2028-10-10 13:46","10","","","",""
"SO_1274","거진항","2028-10-11","2028-10-11 06:40","32","2028-10-11 15:13","10","2028-10-11 23:38","24","",""
"SO_1274","거진항","2028-10-12","2028-10-12 08:03","30","2028-10-12 02:01","23","","","2028-10-12 16:33","8"
"SO_1274","거진항","2028-10-13","2028-10-13 00:13","23","2028-10-13 04:15","20","2028-10-13 09:33","28","2028-10-13 17:40","5"
"SO_1274","거진항","2028-10-14","2028-10-14 00:34","22","2028-10-14 05:31","15","2028-10-14 10:57","27","2028-10-14 18:33","3"
"SO_1274","거진항","2028-10-15","2028-10-15 00:56","21","2028-10-15 06:30","10","2028-10-15 12:16","26","2028-10-15 19:18","2"
"SO_1274","거진항","2028-10-16","2028-10-16 01:21","22","2028-10-16 07:22","5","2028-10-16 13:22","25","2028-10-16 19:59","3"
"SO_1274","거진항","2028-10-17","2028-10-17 01:48","23","2028-10-17 08:11","","2028-10-17 14:19","25","2028-10-17 20:37","4"
"SO_1274","거진항","2028-10-18","2028-10-18 02:18","25","2028-10-18 08:59","-3","2028-10-18 15:13","25","2028-10-18 21:13","7"
"SO_1274","거진항","2028-10-19","2028-10-19 02:49","28","2028-10-19 09:47","-4","2028-10-19 16:07","25","2028-10-19 21:49","11"
"SO_1274","거진항","2028-10-20","2028-10-20 03:23","31","2028-10-20 10:37","-4","2028-10-20 17:08","24","2028-10-20 22:23","15"
"SO_1274","거진항","2028-10-21","2028-10-21 03:58","32","2028-10-21 11:29","-2","2028-10-21 18:29","24","2028-10-21 22:56","18"
"SO_1274","거진항","2028-10-22","2028-10-22 04:35","33","2028-10-22 12:28","","2028-10-22 19:56","23","2028-10-22 23:29","21"
"SO_1274","거진항","2028-10-23","2028-10-23 05:16","32","2028-10-23 13:31","3","2028-10-23 21:13","23","",""
"SO_1274","거진항","2028-10-24","2028-10-24 06:05","30","2028-10-24 00:07","22","2028-10-24 22:54","22","2028-10-24 14:38","5"
"SO_1274","거진항","2028-10-25","2028-10-25 07:16","27","2028-10-25 02:15","21","","","2028-10-25 15:48","5"
"SO_1274","거진항","2028-10-26","2028-10-26 00:03","21","2028-10-26 03:56","19","2028-10-26 08:46","23","2028-10-26 16:58","5"
"SO_1274","거진항","2028-10-27","2028-10-27 00:22","19","2028-10-27 05:17","15","2028-10-27 10:14","20","2028-10-27 17:56","4"
"SO_1274","거진항","2028-10-28","2028-10-28 00:39","18","2028-10-28 06:14","10","2028-10-28 11:42","17","2028-10-28 18:39","3"
"SO_1274","거진항","2028-10-29","2028-10-29 00:57","16","2028-10-29 06:56","5","2028-10-29 12:47","16","2028-10-29 19:13","3"
"SO_1274","거진항","2028-10-30","2028-10-30 01:15","16","2028-10-30 07:31","2","2028-10-30 13:37","15","2028-10-30 19:40","3"
"SO_1274","거진항","2028-10-31","2028-10-31 01:33","16","2028-10-31 08:04","-1","2028-10-31 14:19","15","2028-10-31 20:05","4"
"SO_1274","거진항","2028-11-01","2028-11-01 01:51","18","2028-11-01 08:35","-3","2028-11-01 14:58","15","2028-11-01 20:29","6"
"SO_1274","거진항","2028-11-02","2028-11-02 02:12","20","2028-11-02 09:06","-4","2028-11-02 15:36","16","2028-11-02 20:53","8"
"SO_1274","거진항","2028-11-03","2028-11-03 02:35","22","2028-11-03 09:40","-4","2028-11-03 16:16","18","2028-11-03 21:19","11"
"SO_1274","거진항","2028-11-04","2028-11-04 03:02","25","2028-11-04 10:15","-3","2028-11-04 17:00","19","2028-11-04 21:47","13"
"SO_1274","거진항","2028-11-05","2028-11-05 03:32","27","2028-11-05 10:55","-2","2028-11-05 17:58","19","2028-11-05 22:17","15"
"SO_1274","거진항","2028-11-06","2028-11-06 04:06","28","2028-11-06 11:40","-1","2028-11-06 19:12","19","2028-11-06 22:51","16"
"SO_1274","거진항","2028-11-07","2028-11-07 04:46","28","2028-11-07 12:33","","2028-11-07 20:21","18","2028-11-07 23:34","17"
"SO_1274","거진항","2028-11-08","2028-11-08 05:34","27","2028-11-08 13:32","1","2028-11-08 21:26","17","",""
"SO_1274","거진항","2028-11-09","2028-11-09 06:38","25","2028-11-09 00:46","16","2028-11-09 22:25","16","2028-11-09 14:37","1"
"SO_1274","거진항","2028-11-10","2028-11-10 07:54","22","2028-11-10 02:25","14","2028-11-10 23:05","16","2028-11-10 15:47",""
"SO_1274","거진항","2028-11-11","2028-11-11 09:14","19","2028-11-11 04:01","10","2028-11-11 23:35","16","2028-11-11 16:55",""
"SO_1274","거진항","2028-11-12","2028-11-12 10:47","17","2028-11-12 05:20","5","","","2028-11-12 17:53",""
"SO_1274","거진항","2028-11-13","2028-11-13 00:04","16","2028-11-13 06:20","","2028-11-13 12:19","17","2028-11-13 18:40","2"
"SO_1274","거진항","2028-11-14","2028-11-14 00:34","18","2028-11-14 07:11","-4","2028-11-14 13:28","17","2028-11-14 19:22","4"
"SO_1274","거진항","2028-11-15","2028-11-15 01:06","21","2028-11-15 08:00","-7","2028-11-15 14:27","18","2028-11-15 20:02","6"
"SO_1274","거진항","2028-11-16","2028-11-16 01:41","24","2028-11-16 08:49","-9","2028-11-16 15:24","18","2028-11-16 20:39","9"
"SO_1274","거진항","2028-11-17","2028-11-17 02:18","27","2028-11-17 09:38","-9","2028-11-17 16:25","19","2028-11-17 21:16","12"
"SO_1274","거진항","2028-11-18","2028-11-18 02:55","29","2028-11-18 10:30","-8","2028-11-18 17:30","19","2028-11-18 21:53","14"
"SO_1274","거진항","2028-11-19","2028-11-19 03:35","30","2028-11-19 11:22","-7","2028-11-19 18:29","19","2028-11-19 22:31","15"
"SO_1274","거진항","2028-11-20","2028-11-20 04:17","30","2028-11-20 12:13","-5","2028-11-20 19:23","18","2028-11-20 23:15","15"
"SO_1274","거진항","2028-11-21","2028-11-21 05:01","28","2028-11-21 13:05","-3","2028-11-21 20:16","17","",""
"SO_1274","거진항","2028-11-22","2028-11-22 05:51","24","2028-11-22 00:18","15","2028-11-22 21:14","16","2028-11-22 13:56","-1"
"SO_1274","거진항","2028-11-23","2028-11-23 06:47","20","2028-11-23 01:41","14","2028-11-23 22:15","14","2028-11-23 14:49",""
"SO_1274","거진항","2028-11-24","2028-11-24 07:50","16","2028-11-24 03:12","11","2028-11-24 23:02","13","2028-11-24 15:48","1"
"SO_1274","거진항","2028-11-25","2028-11-25 09:06","12","2028-11-25 04:42","8","2028-11-25 23:35","13","2028-11-25 16:48","2"
"SO_1274","거진항","2028-11-26","2028-11-26 11:13","9","2028-11-26 05:45","4","","","2028-11-26 17:37","2"
"SO_1274","거진항","2028-11-27","2028-11-27 00:01","13","2028-11-27 06:30","1","2028-11-27 12:36","9","2028-11-27 18:15","3"
"SO_1274","거진항","2028-11-28","2028-11-28 00:24","14","2028-11-28 07:07","-2","2028-11-28 13:34","10","2028-11-28 18:47","5"
"SO_1274","거진항","2028-11-29","2028-11-29 00:44","15","2028-11-29 07:42","-4","2028-11-29 14:23","11","2028-11-29 19:15","6"
"SO_1274","거진항","2028-11-30","2028-11-30 01:06","18","2028-11-30 08:15","-5","2028-11-30 15:09","13","2028-11-30 19:43","8"
"SO_1274","거진항","2028-12-01","2028-12-01 01:31","21","2028-12-01 08:50","-5","2028-12-01 15:55","15","2028-12-01 20:13","10"
"SO_1274","거진항","2028-12-02","2028-12-02 02:02","23","2028-12-02 09:27","-6","2028-12-02 16:40","16","2028-12-02 20:45","12"
"SO_1274","거진항","2028-12-03","2028-12-03 02:36","26","2028-12-03 10:08","-6","2028-12-03 17:22","17","2028-12-03 21:21","13"
"SO_1274","거진항","2028-12-04","2028-12-04 03:14","28","2028-12-04 10:52","-6","2028-12-04 18:02","17","2028-12-04 22:02","13"
"SO_1274","거진항","2028-12-05","2028-12-05 03:56","28","2028-12-05 11:38","-6","2028-12-05 18:41","17","2028-12-05 22:49","13"
"SO_1274","거진항","2028-12-06","2028-12-06 04:42","27","2028-12-06 12:24","-5","2028-12-06 19:20","16","2028-12-06 23:49","12"
"SO_1274","거진항","2028-12-07","2028-12-07 05:36","25","2028-12-07 13:11","-4","2028-12-07 20:02","15","",""
"SO_1274","거진항","2028-12-08","2028-12-08 06:35","22","2028-12-08 00:56","10","2028-12-08 20:47","14","2028-12-08 14:00","-3"
"SO_1274","거진항","2028-12-09","2028-12-09 07:40","18","2028-12-09 02:11","8","2028-12-09 21:35","14","2028-12-09 14:53","-1"
"SO_1274","거진항","2028-12-10","2028-12-10 08:56","15","2028-12-10 03:39","5","2028-12-10 22:23","16","2028-12-10 15:56","2"
"SO_1274","거진항","2028-12-11","2028-12-11 10:56","13","2028-12-11 05:04","1","2028-12-11 23:08","17","2028-12-11 17:04","4"
"SO_1274","거진항","2028-12-12","2028-12-12 12:37","14","2028-12-12 06:08","-2","2028-12-12 23:50","20","2028-12-12 18:00","7"
"SO_1274","거진항","2028-12-13","2028-12-13 13:49","15","2028-12-13 07:03","-5","","","2028-12-13 18:47","10"
"SO_1274","거진항","2028-12-14","2028-12-14 00:32","23","2028-12-14 07:55","-7","2028-12-14 14:57","16","2028-12-14 19:29","12"
"SO_1274","거진항","2028-12-15","2028-12-15 01:14","26","2028-12-15 08:46","-8","2028-12-15 15:57","17","2028-12-15 20:09","13"
"SO_1274","거진항","2028-12-16","2028-12-16 01:56","28","2028-12-16 09:37","-8","2028-12-16 16:43","18","2028-12-16 20:50","14"
"SO_1274","거진항","2028-12-17","2028-12-17 02:40","30","2028-12-17 10:25","-8","2028-12-17 17:21","18","2028-12-17 21:32","14"
"SO_1274","거진항","2028-12-18","2028-12-18 03:23","30","2028-12-18 11:11","-7","2028-12-18 17:55","17","2028-12-18 22:18","13"
"SO_1274","거진항","2028-12-19","2028-12-19 04:07","28","2028-12-19 11:52","-6","2028-12-19 18:28","16","2028-12-19 23:08","12"
"SO_1274","거진항","2028-12-20","2028-12-20 04:51","25","2028-12-20 12:30","-5","2028-12-20 19:03","15","",""
"SO_1274","거진항","2028-12-21","2028-12-21 05:33","22","2028-12-21 00:01","10","2028-12-21 19:40","14","2028-12-21 13:05","-3"
"SO_1274","거진항","2028-12-22","2028-12-22 06:17","18","2028-12-22 00:58","9","2028-12-22 20:21","13","2028-12-22 13:36","-1"
"SO_1274","거진항","2028-12-23","2028-12-23 07:02","14","2028-12-23 02:05","8","2028-12-23 21:09","13","2028-12-23 14:03","1"
"SO_1274","거진항","2028-12-24","2028-12-24 07:54","10","2028-12-24 03:44","6","2028-12-24 22:01","13","2028-12-24 14:23","3"
"SO_1274","거진항","2028-12-25","2028-12-25 10:36","8","2028-12-25 05:04","4","2028-12-25 22:43","14","2028-12-25 14:40","6"
"SO_1274","거진항","2028-12-26","2028-12-26 12:32","9","2028-12-26 05:58","2","2028-12-26 23:14","16","2028-12-26 15:02","8"
"SO_1274","거진항","2028-12-27","2028-12-27 13:54","11","2028-12-27 06:40","","2028-12-27 23:44","19","2028-12-27 17:31","10"
"SO_1274","거진항","2028-12-28","2028-12-28 15:08","13","2028-12-28 07:19","-1","","","2028-12-28 18:18","12"
"SO_1274","거진항","2028-12-29","2028-12-29 00:18","21","2028-12-29 07:58","-2","2028-12-29 15:43","15","2028-12-29 18:58","13"
"SO_1274","거진항","2028-12-30","2028-12-30 00:56","24","2028-12-30 08:38","-4","2028-12-30 16:10","16","2028-12-30 19:38","14"
"SO_1274","거진항","2028-12-31","2028-12-31 01:36","27","2028-12-31 09:20","-6","2028-12-31 16:35","17","2028-12-31 20:21","13"
"SO_1275","공현진항","2028-01-01","2028-01-01 04:51","22","2028-01-01 12:12","-5","2028-01-01 18:33","14","2028-01-01 23:47","8"
"SO_1275","공현진항","2028-01-02","2028-01-02 05:29","19","2028-01-02 12:41","-4","2028-01-02 19:09","13","",""
"SO_1275","공현진항","2028-01-03","2028-01-03 06:08","15","2028-01-03 00:35","7","2028-01-03 19:42","13","2028-01-03 13:08","-2"
"SO_1275","공현진항","2028-01-04","2028-01-04 06:54","13","2028-01-04 01:33","6","2028-01-04 20:15","14","2028-01-04 13:34",""
"SO_1275","공현진항","2028-01-05","2028-01-05 07:52","10","2028-01-05 02:47","5","2028-01-05 20:47","15","2028-01-05 13:58","3"
"SO_1275","공현진항","2028-01-06","2028-01-06 09:19","9","2028-01-06 04:15","4","2028-01-06 21:23","17","2028-01-06 14:25","7"
"SO_1275","공현진항","2028-01-07","2028-01-07 22:09","20","2028-01-07 05:28","2","","","",""
"SO_1275","공현진항","2028-01-08","2028-01-08 23:05","23","2028-01-08 06:26","","","","",""
"SO_1275","공현진항","2028-01-09","2028-01-09 00:00","32","2028-01-09 00:00","12","2028-01-09 14:44","16","2028-01-09 07:19","-2"
"SO_1275","공현진항","2028-01-10","2028-01-10 00:00","28","2028-01-10 00:00","5","2028-01-10 00:07","26","2028-01-10 08:10","-4"
"SO_1275","공현진항","2028-01-11","2028-01-11 01:06","29","2028-01-11 08:59","-7","2028-01-11 15:56","19","2028-01-11 20:07","14"
"SO_1275","공현진항","2028-01-12","2028-01-12 01:58","31","2028-01-12 09:46","-9","2028-01-12 16:32","19","2028-01-12 21:00","13"
"SO_1275","공현진항","2028-01-13","2028-01-13 02:48","32","2028-01-13 10:31","-10","2028-01-13 17:08","18","2028-01-13 21:51","11"
"SO_1275","공현진항","2028-01-14","2028-01-14 03:36","31","2028-01-14 11:14","-10","2028-01-14 17:44","18","2028-01-14 22:42","8"
"SO_1275","공현진항","2028-01-15","2028-01-15 04:25","29","2028-01-15 11:55","-9","2028-01-15 18:17","17","2028-01-15 23:35","6"
"SO_1275","공현진항","2028-01-16","2028-01-16 05:15","25","2028-01-16 12:34","-6","2028-01-16 18:48","17","",""
"SO_1275","공현진항","2028-01-17","2028-01-17 06:09","21","2028-01-17 00:33","4","2028-01-17 19:20","18","2028-01-17 13:11","-2"
"SO_1275","공현진항","2028-01-18","2028-01-18 07:14","17","2028-01-18 01:42","3","2028-01-18 19:53","19","2028-01-18 13:45","3"
"SO_1275","공현진항","2028-01-19","2028-01-19 08:57","13","2028-01-19 03:07","2","2028-01-19 20:33","20","2028-01-19 14:16","8"
"SO_1275","공현진항","2028-01-20","2028-01-20 12:02","13","2028-01-20 04:33","1","2028-01-20 21:23","22","2028-01-20 14:38","12"
"SO_1275","공현진항","2028-01-21","2028-01-21 22:31","23","2028-01-21 05:49","","","","",""
"SO_1275","공현진항","2028-01-22","2028-01-22 23:42","25","2028-01-22 06:53","-1","","","",""
"SO_1275","공현진항","2028-01-23","2028-01-23 16:07","18","2028-01-23 07:48","-2","","","2028-01-23 18:52","17"
"SO_1275","공현진항","2028-01-24","2028-01-24 00:40","26","2028-01-24 08:35","-3","2028-01-24 16:15","17","2028-01-24 19:35","15"
"SO_1275","공현진항","2028-01-25","2028-01-25 01:27","26","2028-01-25 09:15","-4","2028-01-25 16:17","16","2028-01-25 20:14","13"
"SO_1275","공현진항","2028-01-26","2028-01-26 02:08","26","2028-01-26 09:48","-5","2028-01-26 16:17","15","2028-01-26 20:52","10"
"SO_1275","공현진항","2028-01-27","2028-01-27 02:46","25","2028-01-27 10:16","-6","2028-01-27 16:27","14","2028-01-27 21:30","8"
"SO_1275","공현진항","2028-01-28","2028-01-28 03:23","24","2028-01-28 10:42","-7","2028-01-28 16:47","14","2028-01-28 22:08","5"
"SO_1275","공현진항","2028-01-29","2028-01-29 03:59","22","2028-01-29 11:07","-6","2028-01-29 17:12","14","2028-01-29 22:47","4"
"SO_1275","공현진항","2028-01-30","2028-01-30 04:34","19","2028-01-30 11:31","-5","2028-01-30 17:39","14","2028-01-30 23:26","3"
"SO_1275","공현진항","2028-01-31","2028-01-31 05:10","17","2028-01-31 11:53","-3","2028-01-31 18:05","15","",""
"SO_1275","공현진항","2028-02-01","2028-02-01 05:48","15","2028-02-01 00:07","3","2028-02-01 18:30","16","2028-02-01 12:12",""
"SO_1275","공현진항","2028-02-02","2028-02-02 06:31","13","2028-02-02 00:53","3","2028-02-02 18:56","18","2028-02-02 12:28","3"
"SO_1275","공현진항","2028-02-03","2028-02-03 07:25","12","2028-02-03 01:48","4","2028-02-03 19:26","20","2028-02-03 12:38","7"
"SO_1275","공현진항","2028-02-04","2028-02-04 08:52","11","2028-02-04 03:07","4","2028-02-04 20:07","22","2028-02-04 12:42","10"
"SO_1275","공현진항","2028-02-05","2028-02-05 21:03","23","2028-02-05 04:41","3","","","",""
"SO_1275","공현진항","2028-02-06","2028-02-06 22:22","25","2028-02-06 05:57","1","","","",""
"SO_1275","공현진항","2028-02-07","2028-02-07 14:40","17","2028-02-07 06:58","-2","2028-02-07 23:48","27","2028-02-07 17:50","16"
"SO_1275","공현진항","2028-02-08","2028-02-08 15:02","17","2028-02-08 07:52","-5","","","2028-02-08 19:03","14"
"SO_1275","공현진항","2028-02-09","2028-02-09 00:54","28","2028-02-09 08:41","-8","2028-02-09 15:29","17","2028-02-09 19:59","11"
"SO_1275","공현진항","2028-02-10","2028-02-10 01:49","29","2028-02-10 09:27","-10","2028-02-10 15:56","17","2028-02-10 20:51","7"
"SO_1275","공현진항","2028-02-11","2028-02-11 02:39","28","2028-02-11 10:08","-11","2028-02-11 16:23","17","2028-02-11 21:42","4"
"SO_1275","공현진항","2028-02-12","2028-02-12 03:28","27","2028-02-12 10:46","-10","2028-02-12 16:49","17","2028-02-12 22:33","1"
"SO_1275","공현진항","2028-02-13","2028-02-13 04:18","24","2028-02-13 11:21","-7","2028-02-13 17:15","18","2028-02-13 23:24","-1"
"SO_1275","공현진항","2028-02-14","2028-02-14 05:10","21","2028-02-14 11:53","-3","2028-02-14 17:43","19","",""
"SO_1275","공현진항","2028-02-15","2028-02-15 06:06","18","2028-02-15 00:20","-2","2028-02-15 18:13","21","2028-02-15 12:21","2"
"SO_1275","공현진항","2028-02-16","2028-02-16 07:19","15","2028-02-16 01:24","-1","2028-02-16 18:47","22","2028-02-16 12:41","8"
"SO_1275","공현진항","2028-02-17","2028-02-17 10:09","13","2028-02-17 02:41","","2028-02-17 19:26","23","2028-02-17 12:43","12"
"SO_1275","공현진항","2028-02-18","2028-02-18 20:17","23","2028-02-18 04:09","","","","",""
"SO_1275","공현진항","2028-02-19","2028-02-19 21:43","23","2028-02-19 05:28","","","","",""
"SO_1275","공현진항","2028-02-20","2028-02-20 15:39","18","2028-02-20 06:36","","2028-02-20 23:25","23","2028-02-20 17:56","17"
"SO_1275","공현진항","2028-02-21","2028-02-21 15:38","17","2028-02-21 07:32","-1","","","2028-02-21 18:49","15"
"SO_1275","공현진항","2028-02-22","2028-02-22 00:26","23","2028-02-22 08:16","-3","2028-02-22 15:35","15","2028-02-22 19:30","12"
"SO_1275","공현진항","2028-02-23","2028-02-23 01:13","22","2028-02-23 08:50","-5","2028-02-23 15:28","14","2028-02-23 20:06","8"
"SO_1275","공현진항","2028-02-24","2028-02-24 01:53","21","2028-02-24 09:18","-6","2028-02-24 15:29","12","2028-02-24 20:42","4"
"SO_1275","공현진항","2028-02-25","2028-02-25 02:31","20","2028-02-25 09:42","-7","2028-02-25 15:42","12","2028-02-25 21:18","1"
"SO_1275","공현진항","2028-02-26","2028-02-26 03:08","18","2028-02-26 10:05","-7","2028-02-26 16:02","12","2028-02-26 21:54","-1"
"SO_1275","공현진항","2028-02-27","2028-02-27 03:45","16","2028-02-27 10:27","-6","2028-02-27 16:24","13","2028-02-27 22:31","-2"
"SO_1275","공현진항","2028-02-28","2028-02-28 04:22","15","2028-02-28 10:48","-4","2028-02-28 16:46","15","2028-02-28 23:07","-2"
"SO_1275","공현진항","2028-02-29","2028-02-29 04:59","14","2028-02-29 11:07","-1","2028-02-29 17:07","17","2028-02-29 23:44","-2"
"SO_1275","공현진항","2028-03-01","2028-03-01 05:39","14","2028-03-01 11:22","3","2028-03-01 17:29","19","",""
"SO_1275","공현진항","2028-03-02","2028-03-02 06:24","14","2028-03-02 00:25","","2028-03-02 17:56","21","2028-03-02 11:34","7"
"SO_1275","공현진항","2028-03-03","2028-03-03 07:23","13","2028-03-03 01:17","1","2028-03-03 18:31","23","2028-03-03 11:43","10"
"SO_1275","공현진항","2028-03-04","2028-03-04 19:17","24","2028-03-04 02:29","2","","","",""
"SO_1275","공현진항","2028-03-05","2028-03-05 20:21","24","2028-03-05 04:06","2","","","",""
"SO_1275","공현진항","2028-03-06","2028-03-06 21:59","23","2028-03-06 05:28","","","","",""
"SO_1275","공현진항","2028-03-07","2028-03-07 14:05","16","2028-03-07 06:32","-3","2028-03-07 23:35","23","2028-03-07 17:58","13"
"SO_1275","공현진항","2028-03-08","2028-03-08 14:22","15","2028-03-08 07:26","-7","","","2028-03-08 18:58","9"
"SO_1275","공현진항","2028-03-09","2028-03-09 00:42","23","2028-03-09 08:14","-9","2028-03-09 14:43","15","2028-03-09 19:51","4"
"SO_1275","공현진항","2028-03-10","2028-03-10 01:38","23","2028-03-10 08:57","-10","2028-03-10 15:05","15","2028-03-10 20:43",""
"SO_1275","공현진항","2028-03-11","2028-03-11 02:31","22","2028-03-11 09:35","-9","2028-03-11 15:29","16","2028-03-11 21:33","-4"
"SO_1275","공현진항","2028-03-12","2028-03-12 03:24","21","2028-03-12 10:10","-7","2028-03-12 15:53","18","2028-03-12 22:23","-7"
"SO_1275","공현진항","2028-03-13","2028-03-13 04:17","19","2028-03-13 10:42","-3","2028-03-13 16:21","20","2028-03-13 23:13","-7"
"SO_1275","공현진항","2028-03-14","2028-03-14 05:13","17","2028-03-14 11:09","2","2028-03-14 16:51","22","",""
"SO_1275","공현진항","2028-03-15","2028-03-15 06:19","15","2028-03-15 00:06","-7","2028-03-15 17:24","24","2028-03-15 11:31","7"
"SO_1275","공현진항","2028-03-16","2028-03-16 08:09","14","2028-03-16 01:05","-4","2028-03-16 17:59","25","2028-03-16 11:44","12"
"SO_1275","공현진항","2028-03-17","2028-03-17 18:39","24","2028-03-17 02:14","-2","","","",""
"SO_1275","공현진항","2028-03-18","2028-03-18 19:29","23","2028-03-18 03:36","","","","",""
"SO_1275","공현진항","2028-03-19","2028-03-19 20:58","21","2028-03-19 04:56","1","","","",""
"SO_1275","공현진항","2028-03-20","2028-03-20 14:42","17","2028-03-20 06:03","","2028-03-20 22:59","19","2028-03-20 17:54","15"
"SO_1275","공현진항","2028-03-21","2028-03-21 14:37","15","2028-03-21 06:57","-2","","","2028-03-21 18:44","11"
"SO_1275","공현진항","2028-03-22","2028-03-22 00:03","18","2028-03-22 07:38","-4","2028-03-22 14:33","13","2028-03-22 19:23","7"
"SO_1275","공현진항","2028-03-23","2028-03-23 00:53","16","2028-03-23 08:09","-5","2028-03-23 14:31","11","2028-03-23 19:58","2"
"SO_1275","공현진항","2028-03-24","2028-03-24 01:37","15","2028-03-24 08:35","-6","2028-03-24 14:39","11","2028-03-24 20:31","-1"
"SO_1275","공현진항","2028-03-25","2028-03-25 02:18","14","2028-03-25 08:59","-6","2028-03-25 14:55","12","2028-03-25 21:05","-4"
"SO_1275","공현진항","2028-03-26","2028-03-26 02:58","13","2028-03-26 09:22","-5","2028-03-26 15:14","13","2028-03-26 21:40","-5"
"SO_1275","공현진항","2028-03-27","2028-03-27 03:39","13","2028-03-27 09:44","-2","2028-03-27 15:34","15","2028-03-27 22:14","-6"
"SO_1275","공현진항","2028-03-28","2028-03-28 04:19","14","2028-03-28 10:05","1","2028-03-28 15:55","18","2028-03-28 22:50","-5"
"SO_1275","공현진항","2028-03-29","2028-03-29 05:00","14","2028-03-29 10:23","5","2028-03-29 16:17","21","2028-03-29 23:28","-4"
"SO_1275","공현진항","2028-03-30","2028-03-30 05:45","15","2028-03-30 10:40","9","2028-03-30 16:43","24","",""
"SO_1275","공현진항","2028-03-31","2028-03-31 06:40","15","2028-03-31 00:12","-2","2028-03-31 17:16","25","2028-03-31 10:56","12"
"SO_1275","공현진항","2028-04-01","2028-04-01 08:14","15","2028-04-01 01:05","","2028-04-01 17:56","25","2028-04-01 11:10","14"
"SO_1275","공현진항","2028-04-02","2028-04-02 18:49","25","2028-04-02 02:15","1","","","",""
"SO_1275","공현진항","2028-04-03","2028-04-03 20:03","23","2028-04-03 03:42","1","","","",""
"SO_1275","공현진항","2028-04-04","2028-04-04 12:54","16","2028-04-04 04:58","-1","2028-04-04 21:53","21","2028-04-04 16:43","14"
"SO_1275","공현진항","2028-04-05","2028-04-05 13:09","15","2028-04-05 06:01","-3","2028-04-05 23:24","20","2028-04-05 17:55","10"
"SO_1275","공현진항","2028-04-06","2028-04-06 13:28","15","2028-04-06 06:53","-5","","","2028-04-06 18:51","4"
"SO_1275","공현진항","2028-04-07","2028-04-07 00:32","19","2028-04-07 07:39","-6","2028-04-07 13:48","15","2028-04-07 19:44","-1"
"SO_1275","공현진항","2028-04-08","2028-04-08 01:34","19","2028-04-08 08:19","-5","2028-04-08 14:11","17","2028-04-08 20:34","-5"
"SO_1275","공현진항","2028-04-09","2028-04-09 02:33","18","2028-04-09 08:56","-2","2028-04-09 14:37","19","2028-04-09 21:25","-8"
"SO_1275","공현진항","2028-04-10","2028-04-10 03:31","18","2028-04-10 09:30","1","2028-04-10 15:06","22","2028-04-10 22:14","-9"
"SO_1275","공현진항","2028-04-11","2028-04-11 04:30","18","2028-04-11 10:00","6","2028-04-11 15:37","25","2028-04-11 23:03","-8"
"SO_1275","공현진항","2028-04-12","2028-04-12 05:33","17","2028-04-12 10:27","10","2028-04-12 16:12","27","2028-04-12 23:53","-6"
"SO_1275","공현진항","2028-04-13","2028-04-13 06:49","17","2028-04-13 10:50","14","2028-04-13 16:48","28","",""
"SO_1275","공현진항","2028-04-14","2028-04-14 17:26","28","2028-04-14 00:46","-3","","","",""
"SO_1275","공현진항","2028-04-15","2028-04-15 18:09","26","2028-04-15 01:46","","","","",""
"SO_1275","공현진항","2028-04-16","2028-04-16 19:00","23","2028-04-16 02:57","2","","","",""
"SO_1275","공현진항","2028-04-17","2028-04-17 13:30","18","2028-04-17 04:10","2","2028-04-17 20:21","20","2028-04-17 16:22","17"
"SO_1275","공현진항","2028-04-18","2028-04-18 13:21","17","2028-04-18 05:13","2","2028-04-18 22:15","17","2028-04-18 17:40","14"
"SO_1275","공현진항","2028-04-19","2028-04-19 13:24","15","2028-04-19 06:04","1","2028-04-19 23:31","15","2028-04-19 18:32","9"
"SO_1275","공현진항","2028-04-20","2028-04-20 13:27","14","2028-04-20 06:44","","","","2028-04-20 19:10","5"
"SO_1275","공현진항","2028-04-21","2028-04-21 00:31","13","2028-04-21 07:15","-1","2028-04-21 13:34","14","2028-04-21 19:44","2"
"SO_1275","공현진항","2028-04-22","2028-04-22 01:25","13","2028-04-22 07:42","","2028-04-22 13:47","15","2028-04-22 20:16","-1"
"SO_1275","공현진항","2028-04-23","2028-04-23 02:14","13","2028-04-23 08:08","1","2028-04-23 14:05","17","2028-04-23 20:50","-3"
"SO_1275","공현진항","2028-04-24","2028-04-24 03:00","14","2028-04-24 08:33","4","2028-04-24 14:25","19","2028-04-24 21:24","-4"
"SO_1275","공현진항","2028-04-25","2028-04-25 03:45","16","2028-04-25 08:58","7","2028-04-25 14:47","23","2028-04-25 22:01","-3"
"SO_1275","공현진항","2028-04-26","2028-04-26 04:29","18","2028-04-26 09:22","11","2028-04-26 15:12","26","2028-04-26 22:40","-2"
"SO_1275","공현진항","2028-04-27","2028-04-27 05:15","19","2028-04-27 09:46","14","2028-04-27 15:42","29","2028-04-27 23:22","-1"
"SO_1275","공현진항","2028-04-28","2028-04-28 06:07","20","2028-04-28 10:12","17","2028-04-28 16:16","31","",""
"SO_1275","공현진항","2028-04-29","2028-04-29 07:13","20","2028-04-29 00:10","1","2028-04-29 16:56","31","2028-04-29 10:40","19"
"SO_1275","공현진항","2028-04-30","2028-04-30 17:44","30","2028-04-30 01:05","2","","","",""
"SO_1275","공현진항","2028-05-01","2028-05-01 18:44","28","2028-05-01 02:08","3","","","",""
"SO_1275","공현진항","2028-05-02","2028-05-02 11:10","20","2028-05-02 03:19","3","2028-05-02 20:07","25","2028-05-02 15:01","18"
"SO_1275","공현진항","2028-05-03","2028-05-03 11:42","19","2028-05-03 04:26","3","2028-05-03 21:49","22","2028-05-03 16:38","15"
"SO_1275","공현진항","2028-05-04","2028-05-04 12:07","19","2028-05-04 05:24","3","2028-05-04 23:17","21","2028-05-04 17:46","10"
"SO_1275","공현진항","2028-05-05","2028-05-05 12:31","20","2028-05-05 06:14","3","","","2028-05-05 18:44","5"
"SO_1275","공현진항","2028-05-06","2028-05-06 00:35","20","2028-05-06 06:59","5","2028-05-06 12:55","22","2028-05-06 19:38","1"
"SO_1275","공현진항","2028-05-07","2028-05-07 01:48","20","2028-05-07 07:38","8","2028-05-07 13:23","25","2028-05-07 20:29","-2"
"SO_1275","공현진항","2028-05-08","2028-05-08 02:56","21","2028-05-08 08:15","11","2028-05-08 13:55","28","2028-05-08 21:18","-3"
"SO_1275","공현진항","2028-05-09","2028-05-09 03:56","22","2028-05-09 08:49","14","2028-05-09 14:30","32","2028-05-09 22:07","-3"
"SO_1275","공현진항","2028-05-10","2028-05-10 04:53","23","2028-05-10 09:22","18","2028-05-10 15:08","34","2028-05-10 22:54","-1"
"SO_1275","공현진항","2028-05-11","2028-05-11 05:51","24","2028-05-11 09:53","20","2028-05-11 15:47","35","2028-05-11 23:40","1"
"SO_1275","공현진항","2028-05-12","2028-05-12 07:00","24","2028-05-12 10:25","22","2028-05-12 16:27","35","",""
"SO_1275","공현진항","2028-05-13","2028-05-13 08:32","24","2028-05-13 00:27","4","2028-05-13 17:09","34","2028-05-13 11:00","23"
"SO_1275","공현진항","2028-05-14","2028-05-14 09:56","24","2028-05-14 01:17","6","2028-05-14 17:53","31","2028-05-14 11:45","23"
"SO_1275","공현진항","2028-05-15","2028-05-15 18:43","28","2028-05-15 02:11","7","","","",""
"SO_1275","공현진항","2028-05-16","2028-05-16 11:30","22","2028-05-16 03:09","8","2028-05-16 19:49","24","2028-05-16 15:30","21"
"SO_1275","공현진항","2028-05-17","2028-05-17 11:53","22","2028-05-17 04:05","8","2028-05-17 21:16","20","2028-05-17 17:06","18"
"SO_1275","공현진항","2028-05-18","2028-05-18 12:07","21","2028-05-18 04:54","8","2028-05-18 22:49","18","2028-05-18 18:05","14"
"SO_1275","공현진항","2028-05-19","2028-05-19 12:19","21","2028-05-19 05:35","9","","","2028-05-19 18:46","11"
"SO_1275","공현진항","2028-05-20","2028-05-20 00:15","18","2028-05-20 06:10","10","2028-05-20 12:34","22","2028-05-20 19:21","8"
"SO_1275","공현진항","2028-05-21","2028-05-21 01:28","19","2028-05-21 06:41","12","2028-05-21 12:52","25","2028-05-21 19:55","7"
"SO_1275","공현진항","2028-05-22","2028-05-22 02:25","20","2028-05-22 07:11","15","2028-05-22 13:14","28","2028-05-22 20:32","6"
"SO_1275","공현진항","2028-05-23","2028-05-23 03:12","23","2028-05-23 07:41","18","2028-05-23 13:40","31","2028-05-23 21:10","5"
"SO_1275","공현진항","2028-05-24","2028-05-24 03:55","25","2028-05-24 08:14","21","2028-05-24 14:12","35","2028-05-24 21:51","5"
"SO_1275","공현진항","2028-05-25","2028-05-25 04:39","27","2028-05-25 08:49","23","2028-05-25 14:47","38","2028-05-25 22:35","6"
"SO_1275","공현진항","2028-05-26","2028-05-26 05:24","29","2028-05-26 09:28","25","2028-05-26 15:27","40","2028-05-26 23:21","6"
"SO_1275","공현진항","2028-05-27","2028-05-27 06:16","29","2028-05-27 10:11","26","2028-05-27 16:09","41","",""
"SO_1275","공현진항","2028-05-28","2028-05-28 07:16","29","2028-05-28 00:09","7","2028-05-28 16:56","40","2028-05-28 11:00","27"
"SO_1275","공현진항","2028-05-29","2028-05-29 08:21","28","2028-05-29 01:00","8","2028-05-29 17:48","38","2028-05-29 12:01","26"
"SO_1275","공현진항","2028-05-30","2028-05-30 09:17","28","2028-05-30 01:54","9","2028-05-30 18:51","35","2028-05-30 13:21","25"
"SO_1275","공현진항","2028-05-31","2028-05-31 10:01","28","2028-05-31 02:51","11","2028-05-31 20:09","31","2028-05-31 14:58","23"
"SO_1275","공현진항","2028-06-01","2028-06-01 10:36","28","2028-06-01 03:48","13","2028-06-01 21:44","28","2028-06-01 16:25","19"
"SO_1275","공현진항","2028-06-02","2028-06-02 11:06","30","2028-06-02 04:43","15","2028-06-02 23:29","27","2028-06-02 17:36","16"
"SO_1275","공현진항","2028-06-03","2028-06-03 11:37","32","2028-06-03 05:33","18","","","2028-06-03 18:38","12"
"SO_1275","공현진항","2028-06-04","2028-06-04 01:11","27","2028-06-04 06:18","21","2028-06-04 12:10","35","2028-06-04 19:34","10"
"SO_1275","공현진항","2028-06-05","2028-06-05 02:29","29","2028-06-05 07:00","24","2028-06-05 12:47","38","2028-06-05 20:26","9"
"SO_1275","공현진항","2028-06-06","2028-06-06 03:30","30","2028-06-06 07:39","26","2028-06-06 13:28","41","2028-06-06 21:15","8"
"SO_1275","공현진항","2028-06-07","2028-06-07 04:20","32","2028-06-07 08:17","28","2028-06-07 14:11","43","2028-06-07 22:02","9"
"SO_1275","공현진항","2028-06-08","2028-06-08 05:05","32","2028-06-08 08:55","30","2028-06-08 14:53","45","2028-06-08 22:45","10"
"SO_1275","공현진항","2028-06-09","2028-06-09 05:47","33","2028-06-09 09:34","30","2028-06-09 15:35","45","2028-06-09 23:27","12"
"SO_1275","공현진항","2028-06-10","2028-06-10 06:27","32","2028-06-10 10:16","30","2028-06-10 16:16","44","",""
"SO_1275","공현진항","2028-06-11","2028-06-11 07:10","32","2028-06-11 00:07","13","2028-06-11 16:57","42","2028-06-11 11:01","30"
"SO_1275","공현진항","2028-06-12","2028-06-12 07:58","31","2028-06-12 00:44","14","2028-06-12 17:39","38","2028-06-12 11:50","29"
"SO_1275","공현진항","2028-06-13","2028-06-13 08:46","30","2028-06-13 01:22","15","2028-06-13 18:24","35","2028-06-13 12:51","28"
"SO_1275","공현진항","2028-06-14","2028-06-14 09:27","30","2028-06-14 02:01","16","2028-06-14 19:16","31","2028-06-14 14:13","27"
"SO_1275","공현진항","2028-06-15","2028-06-15 10:00","30","2028-06-15 02:40","18","2028-06-15 20:21","28","2028-06-15 16:00","25"
"SO_1275","공현진항","2028-06-16","2028-06-16 10:27","31","2028-06-16 03:21","20","2028-06-16 21:54","27","2028-06-16 17:18","23"
"SO_1275","공현진항","2028-06-17","2028-06-17 10:52","32","2028-06-17 04:03","22","","","2028-06-17 18:09","21"
"SO_1275","공현진항","2028-06-18","2028-06-18 00:19","27","2028-06-18 04:44","25","2028-06-18 11:19","35","2028-06-18 18:51","19"
"SO_1275","공현진항","2028-06-19","2028-06-19 01:45","29","2028-06-19 05:25","27","2028-06-19 11:50","38","2028-06-19 19:32","18"
"SO_1275","공현진항","2028-06-20","2028-06-20 02:36","32","2028-06-20 06:07","30","2028-06-20 12:26","41","2028-06-20 20:14","17"
"SO_1275","공현진항","2028-06-21","2028-06-21 03:16","34","2028-06-21 06:54","32","2028-06-21 13:08","45","2028-06-21 20:58","16"
"SO_1275","공현진항","2028-06-22","2028-06-22 03:54","36","2028-06-22 07:43","33","2028-06-22 13:52","48","2028-06-22 21:43","14"
"SO_1275","공현진항","2028-06-23","2028-06-23 04:34","37","2028-06-23 08:35","34","2028-06-23 14:37","50","2028-06-23 22:29","14"
"SO_1275","공현진항","2028-06-24","2028-06-24 05:15","38","2028-06-24 09:26","34","2028-06-24 15:22","51","2028-06-24 23:13","13"
"SO_1275","공현진항","2028-06-25","2028-06-25 05:59","37","2028-06-25 10:17","33","2028-06-25 16:09","50","2028-06-25 23:59","14"
"SO_1275","공현진항","2028-06-26","2028-06-26 06:43","37","2028-06-26 11:11","32","2028-06-26 16:58","48","",""
"SO_1275","공현진항","2028-06-27","2028-06-27 07:27","37","2028-06-27 00:43","15","2028-06-27 17:51","45","2028-06-27 12:11","31"
"SO_1275","공현진항","2028-06-28","2028-06-28 08:08","37","2028-06-28 01:28","18","2028-06-28 18:52","42","2028-06-28 13:21","29"
"SO_1275","공현진항","2028-06-29","2028-06-29 08:46","38","2028-06-29 02:14","21","2028-06-29 20:08","38","2028-06-29 14:44","28"
"SO_1275","공현진항","2028-06-30","2028-06-30 09:23","39","2028-06-30 03:03","25","2028-06-30 22:05","36","2028-06-30 16:11","25"
"SO_1275","공현진항","2028-07-01","2028-07-01 10:04","41","2028-07-01 03:56","29","","","2028-07-01 17:27","23"
"SO_1275","공현진항","2028-07-02","2028-07-02 00:23","36","2028-07-02 04:52","33","2028-07-02 10:49","44","2028-07-02 18:33","21"
"SO_1275","공현진항","2028-07-03","2028-07-03 02:02","37","2028-07-03 05:47","36","2028-07-03 11:40","46","2028-07-03 19:31","20"
"SO_1275","공현진항","2028-07-04","2028-07-04 03:10","39","2028-07-04 06:36","37","2028-07-04 12:31","49","2028-07-04 20:24","19"
"SO_1275","공현진항","2028-07-05","2028-07-05 03:58","40","2028-07-05 07:21","38","2028-07-05 13:19","51","2028-07-05 21:12","19"
"SO_1275","공현진항","2028-07-06","2028-07-06 04:31","40","2028-07-06 08:02","38","2028-07-06 14:04","52","2028-07-06 21:56","19"
"SO_1275","공현진항","2028-07-07","2028-07-07 04:53","39","2028-07-07 08:43","37","2028-07-07 14:45","52","2028-07-07 22:33","19"
"SO_1275","공현진항","2028-07-08","2028-07-08 05:07","39","2028-07-08 09:24","35","2028-07-08 15:25","51","2028-07-08 23:07","19"
"SO_1275","공현진항","2028-07-09","2028-07-09 05:24","38","2028-07-09 10:06","34","2028-07-09 16:04","49","2028-07-09 23:38","19"
"SO_1275","공현진항","2028-07-10","2028-07-10 05:48","38","2028-07-10 10:49","32","2028-07-10 16:42","46","",""
"SO_1275","공현진항","2028-07-11","2028-07-11 06:19","37","2028-07-11 00:06","20","2028-07-11 17:21","43","2028-07-11 11:34","31"
"SO_1275","공현진항","2028-07-12","2028-07-12 06:53","37","2028-07-12 00:34","22","2028-07-12 18:02","40","2028-07-12 12:24","31"
"SO_1275","공현진항","2028-07-13","2028-07-13 07:27","38","2028-07-13 01:00","24","2028-07-13 18:47","38","2028-07-13 13:20","31"
"SO_1275","공현진항","2028-07-14","2028-07-14 08:00","38","2028-07-14 01:26","26","2028-07-14 19:41","36","2028-07-14 14:33","31"
"SO_1275","공현진항","2028-07-15","2028-07-15 08:32","40","2028-07-15 01:47","29","2028-07-15 21:02","35","2028-07-15 16:05","30"
"SO_1275","공현진항","2028-07-16","2028-07-16 09:07","42","2028-07-16 02:06","33","","","2028-07-16 17:19","29"
"SO_1275","공현진항","2028-07-17","2028-07-17 09:51","44","2028-07-17 18:16","28","","","",""
"SO_1275","공현진항","2028-07-18","2028-07-18 10:48","47","2028-07-18 19:07","26","","","",""
"SO_1275","공현진항","2028-07-19","2028-07-19 02:37","40","2028-07-19 05:16","39","2028-07-19 11:51","50","2028-07-19 19:55","23"
"SO_1275","공현진항","2028-07-20","2028-07-20 03:05","41","2028-07-20 06:35","40","2028-07-20 12:49","52","2028-07-20 20:43","21"
"SO_1275","공현진항","2028-07-21","2028-07-21 03:37","42","2028-07-21 07:35","39","2028-07-21 13:41","54","2028-07-21 21:29","19"
"SO_1275","공현진항","2028-07-22","2028-07-22 04:10","42","2028-07-22 08:29","37","2028-07-22 14:30","55","2028-07-22 22:13","17"
"SO_1275","공현진항","2028-07-23","2028-07-23 04:44","42","2028-07-23 09:22","35","2028-07-23 15:17","55","2028-07-23 22:55","17"
"SO_1275","공현진항","2028-07-24","2028-07-24 05:17","41","2028-07-24 10:14","33","2028-07-24 16:04","53","2028-07-24 23:36","18"
"SO_1275","공현진항","2028-07-25","2028-07-25 05:49","41","2028-07-25 11:07","31","2028-07-25 16:55","51","",""
"SO_1275","공현진항","2028-07-26","2028-07-26 06:21","42","2028-07-26 00:14","20","2028-07-26 17:49","47","2028-07-26 12:05","29"
"SO_1275","공현진항","2028-07-27","2028-07-27 06:52","43","2028-07-27 00:52","24","2028-07-27 18:52","44","2028-07-27 13:11","29"
"SO_1275","공현진항","2028-07-28","2028-07-28 07:27","45","2028-07-28 01:29","29","2028-07-28 20:25","41","2028-07-28 14:29","28"
"SO_1275","공현진항","2028-07-29","2028-07-29 08:08","46","2028-07-29 02:07","34","2028-07-29 23:09","40","2028-07-29 15:56","28"
"SO_1275","공현진항","2028-07-30","2028-07-30 09:00","48","2028-07-30 02:55","38","","","2028-07-30 17:16","27"
"SO_1275","공현진항","2028-07-31","2028-07-31 01:35","42","2028-07-31 04:25","41","2028-07-31 10:13","50","2028-07-31 18:26","26"
"SO_1275","공현진항","2028-08-01","2028-08-01 11:28","51","2028-08-01 19:26","25","","","",""
"SO_1275","공현진항","2028-08-02","2028-08-02 03:35","44","2028-08-02 06:34","42","2028-08-02 12:26","52","2028-08-02 20:19","24"
"SO_1275","공현진항","2028-08-03","2028-08-03 03:54","43","2028-08-03 07:18","40","2028-08-03 13:14","52","2028-08-03 21:04","23"
"SO_1275","공현진항","2028-08-04","2028-08-04 04:04","41","2028-08-04 07:56","38","2028-08-04 13:56","52","2028-08-04 21:40","22"
"SO_1275","공현진항","2028-08-05","2028-08-05 04:05","40","2028-08-05 08:35","35","2028-08-05 14:34","51","2028-08-05 22:11","21"
"SO_1275","공현진항","2028-08-06","2028-08-06 04:11","39","2028-08-06 09:13","32","2028-08-06 15:12","49","2028-08-06 22:36","20"
"SO_1275","공현진항","2028-08-07","2028-08-07 04:29","38","2028-08-07 09:53","30","2028-08-07 15:49","46","2028-08-07 23:01","20"
"SO_1275","공현진항","2028-08-08","2028-08-08 04:53","38","2028-08-08 10:33","28","2028-08-08 16:26","44","2028-08-08 23:24","21"
"SO_1275","공현진항","2028-08-09","2028-08-09 05:20","39","2028-08-09 11:14","28","2028-08-09 17:05","42","2028-08-09 23:47","24"
"SO_1275","공현진항","2028-08-10","2028-08-10 05:48","39","2028-08-10 11:56","28","2028-08-10 17:43","40","",""
"SO_1275","공현진항","2028-08-11","2028-08-11 06:14","40","2028-08-11 00:07","27","2028-08-11 18:26","38","2028-08-11 12:41","29"
"SO_1275","공현진항","2028-08-12","2028-08-12 06:40","42","2028-08-12 00:23","30","2028-08-12 19:17","37","2028-08-12 13:35","30"
"SO_1275","공현진항","2028-08-13","2028-08-13 07:10","44","2028-08-13 00:32","33","2028-08-13 20:46","37","2028-08-13 14:51","30"
"SO_1275","공현진항","2028-08-14","2028-08-14 07:49","45","2028-08-14 00:28","36","","","2028-08-14 16:26","30"
"SO_1275","공현진항","2028-08-15","2028-08-15 08:43","47","2028-08-15 17:41","28","","","",""
"SO_1275","공현진항","2028-08-16","2028-08-16 10:03","48","2028-08-16 18:40","25","","","",""
"SO_1275","공현진항","2028-08-17","2028-08-17 02:18","40","2028-08-17 05:26","39","2028-08-17 11:30","49","2028-08-17 19:32","22"
"SO_1275","공현진항","2028-08-18","2028-08-18 02:36","40","2028-08-18 06:35","37","2028-08-18 12:35","50","2028-08-18 20:21","18"
"SO_1275","공현진항","2028-08-19","2028-08-19 03:01","39","2028-08-19 07:30","34","2028-08-19 13:29","51","2028-08-19 21:05","16"
"SO_1275","공현진항","2028-08-20","2028-08-20 03:28","39","2028-08-20 08:22","30","2028-08-20 14:19","51","2028-08-20 21:47","14"
"SO_1275","공현진항","2028-08-21","2028-08-21 03:55","39","2028-08-21 09:14","27","2028-08-21 15:08","50","2028-08-21 22:27","15"
"SO_1275","공현진항","2028-08-22","2028-08-22 04:22","39","2028-08-22 10:06","24","2028-08-22 15:59","48","2028-08-22 23:04","18"
"SO_1275","공현진항","2028-08-23","2028-08-23 04:49","40","2028-08-23 10:59","22","2028-08-23 16:52","45","2028-08-23 23:38","22"
"SO_1275","공현진항","2028-08-24","2028-08-24 05:18","42","2028-08-24 11:55","21","2028-08-24 17:52","42","",""
"SO_1275","공현진항","2028-08-25","2028-08-25 05:50","44","2028-08-25 00:11","26","2028-08-25 19:08","40","2028-08-25 12:57","22"
"SO_1275","공현진항","2028-08-26","2028-08-26 06:26","45","2028-08-26 00:41","32","2028-08-26 21:31","38","2028-08-26 14:12","23"
"SO_1275","공현진항","2028-08-27","2028-08-27 07:09","46","2028-08-27 01:07","36","","","2028-08-27 15:37","24"
"SO_1275","공현진항","2028-08-28","2028-08-28 08:06","46","2028-08-28 16:59","24","","","",""
"SO_1275","공현진항","2028-08-29","2028-08-29 02:31","41","2028-08-29 04:31","40","2028-08-29 09:48","46","2028-08-29 18:10","23"
"SO_1275","공현진항","2028-08-30","2028-08-30 02:43","40","2028-08-30 05:42","39","2028-08-30 11:18","46","2028-08-30 19:11","21"
"SO_1275","공현진항","2028-08-31","2028-08-31 02:56","39","2028-08-31 06:33","36","2028-08-31 12:17","45","2028-08-31 20:01","20"
"SO_1275","공현진항","2028-09-01","2028-09-01 03:04","37","2028-09-01 07:14","32","2028-09-01 13:03","44","2028-09-01 20:40","18"
"SO_1275","공현진항","2028-09-02","2028-09-02 03:05","34","2028-09-02 07:51","28","2028-09-02 13:44","42","2028-09-02 21:10","16"
"SO_1275","공현진항","2028-09-03","2028-09-03 03:07","33","2028-09-03 08:27","24","2028-09-03 14:22","40","2028-09-03 21:35","15"
"SO_1275","공현진항","2028-09-04","2028-09-04 03:20","32","2028-09-04 09:03","21","2028-09-04 14:59","38","2028-09-04 21:57","15"
"SO_1275","공현진항","2028-09-05","2028-09-05 03:40","32","2028-09-05 09:40","19","2028-09-05 15:37","37","2028-09-05 22:19","16"
"SO_1275","공현진항","2028-09-06","2028-09-06 04:03","33","2028-09-06 10:17","18","2028-09-06 16:16","35","2028-09-06 22:41","18"
"SO_1275","공현진항","2028-09-07","2028-09-07 04:27","34","2028-09-07 10:53","18","2028-09-07 16:54","34","2028-09-07 23:01","21"
"SO_1275","공현진항","2028-09-08","2028-09-08 04:50","36","2028-09-08 11:31","19","2028-09-08 17:34","34","2028-09-08 23:18","25"
"SO_1275","공현진항","2028-09-09","2028-09-09 05:12","38","2028-09-09 12:12","20","2028-09-09 18:19","33","2028-09-09 23:30","28"
"SO_1275","공현진항","2028-09-10","2028-09-10 05:38","39","2028-09-10 13:01","22","2028-09-10 19:16","33","",""
"SO_1275","공현진항","2028-09-11","2028-09-11 06:12","40","2028-09-11 00:00","31","","","2028-09-11 14:09","23"
"SO_1275","공현진항","2028-09-12","2028-09-12 06:57","41","2028-09-12 15:42","22","","","",""
"SO_1275","공현진항","2028-09-13","2028-09-13 08:02","40","2028-09-13 17:04","20","","","",""
"SO_1275","공현진항","2028-09-14","2028-09-14 09:40","40","2028-09-14 18:08","17","","","",""
"SO_1275","공현진항","2028-09-15","2028-09-15 01:28","32","2028-09-15 05:33","30","2028-09-15 11:15","39","2028-09-15 19:01","13"
"SO_1275","공현진항","2028-09-16","2028-09-16 01:48","31","2028-09-16 06:31","26","2028-09-16 12:21","39","2028-09-16 19:49","10"
"SO_1275","공현진항","2028-09-17","2028-09-17 02:11","31","2028-09-17 07:23","21","2028-09-17 13:18","39","2028-09-17 20:33","9"
"SO_1275","공현진항","2028-09-18","2028-09-18 02:35","31","2028-09-18 08:14","16","2028-09-18 14:11","38","2028-09-18 21:13","9"
"SO_1275","공현진항","2028-09-19","2028-09-19 02:59","32","2028-09-19 09:05","12","2028-09-19 15:05","37","2028-09-19 21:51","11"
"SO_1275","공현진항","2028-09-20","2028-09-20 03:26","33","2028-09-20 09:57","10","2028-09-20 16:01","36","2028-09-20 22:26","15"
"SO_1275","공현진항","2028-09-21","2028-09-21 03:56","36","2028-09-21 10:49","9","2028-09-21 17:00","35","2028-09-21 23:00","19"
"SO_1275","공현진항","2028-09-22","2028-09-22 04:28","38","2028-09-22 11:44","9","2028-09-22 18:09","33","2028-09-22 23:31","24"
"SO_1275","공현진항","2028-09-23","2028-09-23 05:03","40","2028-09-23 12:43","11","2028-09-23 19:50","32","2028-09-23 23:59","28"
"SO_1275","공현진항","2028-09-24","2028-09-24 05:43","40","2028-09-24 13:51","13","2028-09-24 21:56","32","",""
"SO_1275","공현진항","2028-09-25","2028-09-25 06:28","39","2028-09-25 00:23","31","","","2028-09-25 15:10","15"
"SO_1275","공현진항","2028-09-26","2028-09-26 07:29","38","2028-09-26 16:30","15","","","",""
"SO_1275","공현진항","2028-09-27","2028-09-27 01:26","32","2028-09-27 04:27","31","2028-09-27 09:19","35","2028-09-27 17:40","14"
"SO_1275","공현진항","2028-09-28","2028-09-28 01:40","30","2028-09-28 05:36","27","2028-09-28 10:56","33","2028-09-28 18:38","13"
"SO_1275","공현진항","2028-09-29","2028-09-29 01:52","28","2028-09-29 06:27","23","2028-09-29 11:58","31","2028-09-29 19:23","11"
"SO_1275","공현진항","2028-09-30","2028-09-30 01:59","26","2028-09-30 07:08","19","2028-09-30 12:48","29","2028-09-30 19:58","9"
"SO_1275","공현진항","2028-10-01","2028-10-01 02:05","24","2028-10-01 07:44","14","2028-10-01 13:32","28","2028-10-01 20:26","9"
"SO_1275","공현진항","2028-10-02","2028-10-02 02:15","24","2028-10-02 08:19","10","2028-10-02 14:14","26","2028-10-02 20:50","8"
"SO_1275","공현진항","2028-10-03","2028-10-03 02:32","24","2028-10-03 08:53","8","2028-10-03 14:55","25","2028-10-03 21:13","9"
"SO_1275","공현진항","2028-10-04","2028-10-04 02:53","25","2028-10-04 09:26","6","2028-10-04 15:35","25","2028-10-04 21:36","11"
"SO_1275","공현진항","2028-10-05","2028-10-05 03:15","26","2028-10-05 10:01","6","2028-10-05 16:15","25","2028-10-05 21:59","14"
"SO_1275","공현진항","2028-10-06","2028-10-06 03:38","28","2028-10-06 10:36","6","2028-10-06 16:56","26","2028-10-06 22:20","17"
"SO_1275","공현진항","2028-10-07","2028-10-07 04:01","31","2028-10-07 11:14","8","2028-10-07 17:39","26","2028-10-07 22:38","20"
"SO_1275","공현진항","2028-10-08","2028-10-08 04:26","32","2028-10-08 11:56","9","2028-10-08 18:30","26","2028-10-08 22:56","22"
"SO_1275","공현진항","2028-10-09","2028-10-09 04:57","33","2028-10-09 12:45","11","2028-10-09 19:45","25","2028-10-09 23:16","24"
"SO_1275","공현진항","2028-10-10","2028-10-10 05:37","33","2028-10-10 13:49","11","2028-10-10 21:58","25","2028-10-10 23:44","24"
"SO_1275","공현진항","2028-10-11","2028-10-11 06:29","32","2028-10-11 15:09","11","","","",""
"SO_1275","공현진항","2028-10-12","2028-10-12 07:42","30","2028-10-12 16:26","9","","","",""
"SO_1275","공현진항","2028-10-13","2028-10-13 00:01","23","2028-10-13 04:16","21","2028-10-13 09:28","28","2028-10-13 17:31","7"
"SO_1275","공현진항","2028-10-14","2028-10-14 00:26","22","2028-10-14 05:26","17","2028-10-14 10:59","27","2028-10-14 18:23","5"
"SO_1275","공현진항","2028-10-15","2028-10-15 00:51","22","2028-10-15 06:22","12","2028-10-15 12:10","26","2028-10-15 19:11","4"
"SO_1275","공현진항","2028-10-16","2028-10-16 01:15","22","2028-10-16 07:15","7","2028-10-16 13:13","26","2028-10-16 19:54","4"
"SO_1275","공현진항","2028-10-17","2028-10-17 01:40","24","2028-10-17 08:06","2","2028-10-17 14:14","26","2028-10-17 20:34","6"
"SO_1275","공현진항","2028-10-18","2028-10-18 02:09","26","2028-10-18 08:58","-1","2028-10-18 15:15","25","2028-10-18 21:12","9"
"SO_1275","공현진항","2028-10-19","2028-10-19 02:41","29","2028-10-19 09:49","-2","2028-10-19 16:16","25","2028-10-19 21:49","13"
"SO_1275","공현진항","2028-10-20","2028-10-20 03:15","31","2028-10-20 10:40","-2","2028-10-20 17:19","25","2028-10-20 22:23","17"
"SO_1275","공현진항","2028-10-21","2028-10-21 03:52","33","2028-10-21 11:32","-1","2028-10-21 18:29","25","2028-10-21 22:58","20"
"SO_1275","공현진항","2028-10-22","2028-10-22 04:32","34","2028-10-22 12:26","2","2028-10-22 20:00","24","2028-10-22 23:33","22"
"SO_1275","공현진항","2028-10-23","2028-10-23 05:15","33","2028-10-23 13:26","4","2028-10-23 21:39","24","",""
"SO_1275","공현진항","2028-10-24","2028-10-24 06:03","31","2028-10-24 00:17","23","2028-10-24 23:01","23","2028-10-24 14:34","6"
"SO_1275","공현진항","2028-10-25","2028-10-25 07:02","27","2028-10-25 01:59","22","2028-10-25 23:52","22","2028-10-25 15:45","6"
"SO_1275","공현진항","2028-10-26","2028-10-26 08:31","24","2028-10-26 04:02","20","","","2028-10-26 16:51","6"
"SO_1275","공현진항","2028-10-27","2028-10-27 00:22","20","2028-10-27 05:18","16","2028-10-27 10:15","20","2028-10-27 17:45","5"
"SO_1275","공현진항","2028-10-28","2028-10-28 00:41","18","2028-10-28 06:13","11","2028-10-28 11:31","18","2028-10-28 18:28","4"
"SO_1275","공현진항","2028-10-29","2028-10-29 00:55","17","2028-10-29 06:56","7","2028-10-29 12:34","16","2028-10-29 19:04","3"
"SO_1275","공현진항","2028-10-30","2028-10-30 01:08","17","2028-10-30 07:33","3","2028-10-30 13:29","15","2028-10-30 19:33","4"
"SO_1275","공현진항","2028-10-31","2028-10-31 01:25","17","2028-10-31 08:06","","2028-10-31 14:19","15","2028-10-31 20:00","5"
"SO_1275","공현진항","2028-11-01","2028-11-01 01:46","18","2028-11-01 08:39","-2","2028-11-01 15:03","16","2028-11-01 20:26","7"
"SO_1275","공현진항","2028-11-02","2028-11-02 02:08","20","2028-11-02 09:12","-2","2028-11-02 15:44","17","2028-11-02 20:53","9"
"SO_1275","공현진항","2028-11-03","2028-11-03 02:32","23","2028-11-03 09:48","-2","2028-11-03 16:24","19","2028-11-03 21:20","12"
"SO_1275","공현진항","2028-11-04","2028-11-04 02:59","25","2028-11-04 10:25","-2","2028-11-04 17:04","20","2028-11-04 21:47","14"
"SO_1275","공현진항","2028-11-05","2028-11-05 03:28","27","2028-11-05 11:05","-1","2028-11-05 17:49","20","2028-11-05 22:16","16"
"SO_1275","공현진항","2028-11-06","2028-11-06 04:02","29","2028-11-06 11:50","","2028-11-06 18:40","20","2028-11-06 22:49","17"
"SO_1275","공현진항","2028-11-07","2028-11-07 04:41","29","2028-11-07 12:39","1","2028-11-07 19:47","19","2028-11-07 23:31","17"
"SO_1275","공현진항","2028-11-08","2028-11-08 05:26","27","2028-11-08 13:34","1","2028-11-08 21:04","18","",""
"SO_1275","공현진항","2028-11-09","2028-11-09 06:23","25","2028-11-09 00:37","16","2028-11-09 22:07","17","2028-11-09 14:38","1"
"SO_1275","공현진항","2028-11-10","2028-11-10 07:38","22","2028-11-10 02:23","15","2028-11-10 22:49","16","2028-11-10 15:44","1"
"SO_1275","공현진항","2028-11-11","2028-11-11 09:13","19","2028-11-11 04:00","11","2028-11-11 23:22","16","2028-11-11 16:45","1"
"SO_1275","공현진항","2028-11-12","2028-11-12 10:46","17","2028-11-12 05:12","7","2028-11-12 23:51","17","2028-11-12 17:40","1"
"SO_1275","공현진항","2028-11-13","2028-11-13 12:09","17","2028-11-13 06:13","2","","","2028-11-13 18:28","3"
"SO_1275","공현진항","2028-11-14","2028-11-14 00:21","19","2028-11-14 07:09","-2","2028-11-14 13:29","17","2028-11-14 19:13","5"
"SO_1275","공현진항","2028-11-15","2028-11-15 00:54","21","2028-11-15 08:01","-6","2028-11-15 14:38","18","2028-11-15 19:55","8"
"SO_1275","공현진항","2028-11-16","2028-11-16 01:29","24","2028-11-16 08:53","-7","2028-11-16 15:39","19","2028-11-16 20:36","11"
"SO_1275","공현진항","2028-11-17","2028-11-17 02:08","27","2028-11-17 09:44","-8","2028-11-17 16:34","20","2028-11-17 21:16","13"
"SO_1275","공현진항","2028-11-18","2028-11-18 02:49","29","2028-11-18 10:33","-7","2028-11-18 17:28","20","2028-11-18 21:55","15"
"SO_1275","공현진항","2028-11-19","2028-11-19 03:31","30","2028-11-19 11:21","-6","2028-11-19 18:24","20","2028-11-19 22:35","16"
"SO_1275","공현진항","2028-11-20","2028-11-20 04:14","30","2028-11-20 12:08","-4","2028-11-20 19:28","19","2028-11-20 23:18","16"
"SO_1275","공현진항","2028-11-21","2028-11-21 04:59","28","2028-11-21 12:56","-2","2028-11-21 20:36","18","",""
"SO_1275","공현진항","2028-11-22","2028-11-22 05:45","25","2028-11-22 00:09","15","2028-11-22 21:35","16","2028-11-22 13:47",""
"SO_1275","공현진항","2028-11-23","2028-11-23 06:38","21","2028-11-23 01:20","14","2028-11-23 22:20","15","2028-11-23 14:40","1"
"SO_1275","공현진항","2028-11-24","2028-11-24 07:42","16","2028-11-24 03:06","12","2028-11-24 22:56","14","2028-11-24 15:35","1"
"SO_1275","공현진항","2028-11-25","2028-11-25 09:08","12","2028-11-25 04:41","8","2028-11-25 23:23","14","2028-11-25 16:28","2"
"SO_1275","공현진항","2028-11-26","2028-11-26 10:51","10","2028-11-26 05:47","5","2028-11-26 23:46","14","2028-11-26 17:15","2"
"SO_1275","공현진항","2028-11-27","2028-11-27 12:30","9","2028-11-27 06:35","1","","","2028-11-27 17:55","3"
"SO_1275","공현진항","2028-11-28","2028-11-28 00:08","14","2028-11-28 07:14","-1","2028-11-28 13:42","10","2028-11-28 18:31","5"
"SO_1275","공현진항","2028-11-29","2028-11-29 00:33","16","2028-11-29 07:48","-3","2028-11-29 14:34","11","2028-11-29 19:04","7"
"SO_1275","공현진항","2028-11-30","2028-11-30 00:59","18","2028-11-30 08:23","-4","2028-11-30 15:13","13","2028-11-30 19:38","9"
"SO_1275","공현진항","2028-12-01","2028-12-01 01:29","21","2028-12-01 08:59","-5","2028-12-01 15:50","15","2028-12-01 20:13","11"
"SO_1275","공현진항","2028-12-02","2028-12-02 02:01","24","2028-12-02 09:37","-5","2028-12-02 16:25","17","2028-12-02 20:50","12"
"SO_1275","공현진항","2028-12-03","2028-12-03 02:36","26","2028-12-03 10:18","-6","2028-12-03 17:03","17","2028-12-03 21:29","13"
"SO_1275","공현진항","2028-12-04","2028-12-04 03:15","27","2028-12-04 11:00","-6","2028-12-04 17:44","18","2028-12-04 22:10","13"
"SO_1275","공현진항","2028-12-05","2028-12-05 03:55","28","2028-12-05 11:43","-5","2028-12-05 18:29","17","2028-12-05 22:55","13"
"SO_1275","공현진항","2028-12-06","2028-12-06 04:39","27","2028-12-06 12:27","-5","2028-12-06 19:17","16","2028-12-06 23:47","12"
"SO_1275","공현진항","2028-12-07","2028-12-07 05:26","25","2028-12-07 13:14","-4","2028-12-07 20:07","15","",""
"SO_1275","공현진항","2028-12-08","2028-12-08 06:23","22","2028-12-08 00:51","10","2028-12-08 20:53","15","2028-12-08 14:03","-2"
"SO_1275","공현진항","2028-12-09","2028-12-09 07:31","18","2028-12-09 02:11","8","2028-12-09 21:34","15","2028-12-09 14:56",""
"SO_1275","공현진항","2028-12-10","2028-12-10 08:57","15","2028-12-10 03:39","6","2028-12-10 22:13","16","2028-12-10 15:52","2"
"SO_1275","공현진항","2028-12-11","2028-12-11 10:47","13","2028-12-11 04:58","2","2028-12-11 22:51","18","2028-12-11 16:48","5"
"SO_1275","공현진항","2028-12-12","2028-12-12 12:43","14","2028-12-12 06:05","-1","2028-12-12 23:33","21","2028-12-12 17:43","8"
"SO_1275","공현진항","2028-12-13","2028-12-13 14:07","15","2028-12-13 07:05","-4","","","2028-12-13 18:34","10"
"SO_1275","공현진항","2028-12-14","2028-12-14 00:18","24","2028-12-14 08:00","-6","2028-12-14 15:09","17","2028-12-14 19:23","12"
"SO_1275","공현진항","2028-12-15","2028-12-15 01:05","26","2028-12-15 08:51","-7","2028-12-15 15:58","18","2028-12-15 20:09","14"
"SO_1275","공현진항","2028-12-16","2028-12-16 01:51","29","2028-12-16 09:40","-8","2028-12-16 16:40","18","2028-12-16 20:52","14"
"SO_1275","공현진항","2028-12-17","2028-12-17 02:36","30","2028-12-17 10:25","-7","2028-12-17 17:16","18","2028-12-17 21:34","14"
"SO_1275","공현진항","2028-12-18","2028-12-18 03:20","30","2028-12-18 11:06","-7","2028-12-18 17:49","17","2028-12-18 22:17","13"
"SO_1275","공현진항","2028-12-19","2028-12-19 04:02","28","2028-12-19 11:45","-6","2028-12-19 18:19","16","2028-12-19 23:01","11"
"SO_1275","공현진항","2028-12-20","2028-12-20 04:44","26","2028-12-20 12:21","-4","2028-12-20 18:52","15","2028-12-20 23:48","10"
"SO_1275","공현진항","2028-12-21","2028-12-21 05:27","22","2028-12-21 12:55","-3","2028-12-21 19:28","14","",""
"SO_1275","공현진항","2028-12-22","2028-12-22 06:12","18","2028-12-22 00:43","9","2028-12-22 20:08","14","2028-12-22 13:28","-2"
"SO_1275","공현진항","2028-12-23","2028-12-23 07:02","14","2028-12-23 01:54","8","2028-12-23 20:49","14","2028-12-23 14:01",""
"SO_1275","공현진항","2028-12-24","2028-12-24 08:04","10","2028-12-24 03:31","6","2028-12-24 21:30","14","2028-12-24 14:36","3"
"SO_1275","공현진항","2028-12-25","2028-12-25 09:43","8","2028-12-25 04:59","4","2028-12-25 22:09","15","2028-12-25 15:13","5"
"SO_1275","공현진항","2028-12-26","2028-12-26 12:49","9","2028-12-26 05:59","2","2028-12-26 22:48","17","2028-12-26 16:00","8"
"SO_1275","공현진항","2028-12-27","2028-12-27 14:07","11","2028-12-27 06:45","","2028-12-27 23:29","19","2028-12-27 16:59","10"
"SO_1275","공현진항","2028-12-28","2028-12-28 14:47","13","2028-12-28 07:25","-1","","","2028-12-28 17:59","12"
"SO_1275","공현진항","2028-12-29","2028-12-29 00:13","21","2028-12-29 08:04","-3","2028-12-29 15:15","15","2028-12-29 18:53","13"
"SO_1275","공현진항","2028-12-30","2028-12-30 00:57","24","2028-12-30 08:45","-4","2028-12-30 15:43","16","2028-12-30 19:43","13"
"SO_1275","공현진항","2028-12-31","2028-12-31 01:41","26","2028-12-31 09:25","-6","2028-12-31 16:13","17","2028-12-31 20:31","13"
"SO_1276","아야진항","2028-01-01","2028-01-01 04:52","22","2028-01-01 12:09","-4","2028-01-01 18:31","13","2028-01-01 23:36","8"
"SO_1276","아야진항","2028-01-02","2028-01-02 05:27","19","2028-01-02 12:38","-3","2028-01-02 19:03","13","",""
"SO_1276","아야진항","2028-01-03","2028-01-03 06:05","16","2028-01-03 00:25","7","2028-01-03 19:37","13","2028-01-03 13:07","-1"
"SO_1276","아야진항","2028-01-04","2028-01-04 06:50","13","2028-01-04 01:23","7","2028-01-04 20:13","14","2028-01-04 13:36","1"
"SO_1276","아야진항","2028-01-05","2028-01-05 07:54","11","2028-01-05 02:33","6","2028-01-05 20:52","15","2028-01-05 14:08","4"
"SO_1276","아야진항","2028-01-06","2028-01-06 09:39","10","2028-01-06 03:55","5","2028-01-06 21:35","18","2028-01-06 14:45","7"
"SO_1276","아야진항","2028-01-07","2028-01-07 12:10","11","2028-01-07 05:13","3","2028-01-07 22:20","21","2028-01-07 15:40","10"
"SO_1276","아야진항","2028-01-08","2028-01-08 14:14","14","2028-01-08 06:19","1","2028-01-08 23:10","24","2028-01-08 16:56","13"
"SO_1276","아야진항","2028-01-09","2028-01-09 00:00","322","2028-01-09 00:00","121","2028-01-09 15:06","16","2028-01-09 07:15","-1"
"SO_1276","아야진항","2028-01-10","2028-01-10 00:00","260","2028-01-10 00:00","57","2028-01-10 00:04","27","2028-01-10 08:06","-3"
"SO_1276","아야진항","2028-01-11","2028-01-11 01:00","29","2028-01-11 08:55","-5","2028-01-11 16:14","19","2028-01-11 20:01","15"
"SO_1276","아야진항","2028-01-12","2028-01-12 01:54","31","2028-01-12 09:43","-7","2028-01-12 16:44","19","2028-01-12 20:53","14"
"SO_1276","아야진항","2028-01-13","2028-01-13 02:48","32","2028-01-13 10:28","-9","2028-01-13 17:12","18","2028-01-13 21:44","11"
"SO_1276","아야진항","2028-01-14","2028-01-14 03:38","32","2028-01-14 11:11","-8","2028-01-14 17:40","18","2028-01-14 22:36","9"
"SO_1276","아야진항","2028-01-15","2028-01-15 04:28","30","2028-01-15 11:52","-7","2028-01-15 18:09","18","2028-01-15 23:31","7"
"SO_1276","아야진항","2028-01-16","2028-01-16 05:17","26","2028-01-16 12:31","-4","2028-01-16 18:41","18","",""
"SO_1276","아야진항","2028-01-17","2028-01-17 06:10","22","2028-01-17 00:31","5","2028-01-17 19:16","19","2028-01-17 13:07",""
"SO_1276","아야진항","2028-01-18","2028-01-18 07:12","18","2028-01-18 01:40","4","2028-01-18 19:55","20","2028-01-18 13:39","4"
"SO_1276","아야진항","2028-01-19","2028-01-19 08:57","14","2028-01-19 03:02","4","2028-01-19 20:42","21","2028-01-19 14:07","9"
"SO_1276","아야진항","2028-01-20","2028-01-20 11:41","14","2028-01-20 04:30","3","2028-01-20 21:40","23","2028-01-20 14:17","13"
"SO_1276","아야진항","2028-01-21","2028-01-21 22:42","25","2028-01-21 05:53","2","","","",""
"SO_1276","아야진항","2028-01-22","2028-01-22 23:43","26","2028-01-22 07:02","","","","",""
"SO_1276","아야진항","2028-01-23","2028-01-23 16:08","19","2028-01-23 07:56","-1","","","2028-01-23 18:54","18"
"SO_1276","아야진항","2028-01-24","2028-01-24 00:38","27","2028-01-24 08:39","-2","2028-01-24 16:13","19","2028-01-24 19:39","17"
"SO_1276","아야진항","2028-01-25","2028-01-25 01:28","28","2028-01-25 09:16","-3","2028-01-25 16:17","18","2028-01-25 20:16","14"
"SO_1276","아야진항","2028-01-26","2028-01-26 02:11","28","2028-01-26 09:48","-4","2028-01-26 16:23","17","2028-01-26 20:51","12"
"SO_1276","아야진항","2028-01-27","2028-01-27 02:50","27","2028-01-27 10:16","-4","2028-01-27 16:35","16","2028-01-27 21:25","10"
"SO_1276","아야진항","2028-01-28","2028-01-28 03:26","25","2028-01-28 10:41","-5","2028-01-28 16:53","15","2028-01-28 22:00","7"
"SO_1276","아야진항","2028-01-29","2028-01-29 04:00","23","2028-01-29 11:05","-5","2028-01-29 17:13","14","2028-01-29 22:37","6"
"SO_1276","아야진항","2028-01-30","2028-01-30 04:34","20","2028-01-30 11:28","-4","2028-01-30 17:35","15","2028-01-30 23:17","5"
"SO_1276","아야진항","2028-01-31","2028-01-31 05:08","18","2028-01-31 11:50","-2","2028-01-31 17:59","16","2028-01-31 23:59","5"
"SO_1276","아야진항","2028-02-01","2028-02-01 05:44","16","2028-02-01 12:12","1","2028-02-01 18:24","17","",""
"SO_1276","아야진항","2028-02-02","2028-02-02 06:27","15","2028-02-02 00:47","5","2028-02-02 18:53","19","2028-02-02 12:33","5"
"SO_1276","아야진항","2028-02-03","2028-02-03 07:28","14","2028-02-03 01:47","5","2028-02-03 19:30","21","2028-02-03 12:53","8"
"SO_1276","아야진항","2028-02-04","2028-02-04 09:32","13","2028-02-04 03:04","6","2028-02-04 20:19","23","2028-02-04 13:03","12"
"SO_1276","아야진항","2028-02-05","2028-02-05 21:23","25","2028-02-05 04:29","5","","","",""
"SO_1276","아야진항","2028-02-06","2028-02-06 22:35","27","2028-02-06 05:49","3","","","",""
"SO_1276","아야진항","2028-02-07","2028-02-07 15:18","19","2028-02-07 06:57","","2028-02-07 23:44","28","2028-02-07 17:49","18"
"SO_1276","아야진항","2028-02-08","2028-02-08 15:28","19","2028-02-08 07:53","-3","","","2028-02-08 18:58","16"
"SO_1276","아야진항","2028-02-09","2028-02-09 00:48","30","2028-02-09 08:41","-6","2028-02-09 15:41","18","2028-02-09 19:55","13"
"SO_1276","아야진항","2028-02-10","2028-02-10 01:47","30","2028-02-10 09:24","-8","2028-02-10 15:58","18","2028-02-10 20:47","9"
"SO_1276","아야진항","2028-02-11","2028-02-11 02:40","30","2028-02-11 10:05","-9","2028-02-11 16:19","18","2028-02-11 21:38","6"
"SO_1276","아야진항","2028-02-12","2028-02-12 03:31","29","2028-02-12 10:42","-8","2028-02-12 16:43","18","2028-02-12 22:29","3"
"SO_1276","아야진항","2028-02-13","2028-02-13 04:20","26","2028-02-13 11:17","-5","2028-02-13 17:10","20","2028-02-13 23:22","1"
"SO_1276","아야진항","2028-02-14","2028-02-14 05:10","23","2028-02-14 11:49","-1","2028-02-14 17:41","21","",""
"SO_1276","아야진항","2028-02-15","2028-02-15 06:05","20","2028-02-15 00:20","","2028-02-15 18:13","23","2028-02-15 12:17","4"
"SO_1276","아야진항","2028-02-16","2028-02-16 07:20","16","2028-02-16 01:26","1","2028-02-16 18:50","24","2028-02-16 12:38","9"
"SO_1276","아야진항","2028-02-17","2028-02-17 09:56","15","2028-02-17 02:42","2","2028-02-17 19:35","25","2028-02-17 12:41","14"
"SO_1276","아야진항","2028-02-18","2028-02-18 20:40","25","2028-02-18 04:07","3","","","",""
"SO_1276","아야진항","2028-02-19","2028-02-19 22:05","25","2028-02-19 05:34","3","","","",""
"SO_1276","아야진항","2028-02-20","2028-02-20 15:38","20","2028-02-20 06:49","2","2028-02-20 23:21","25","2028-02-20 17:49","19"
"SO_1276","아야진항","2028-02-21","2028-02-21 15:31","19","2028-02-21 07:42","","","","2028-02-21 18:58","17"
"SO_1276","아야진항","2028-02-22","2028-02-22 00:23","25","2028-02-22 08:22","-2","2028-02-22 15:31","17","2028-02-22 19:40","14"
"SO_1276","아야진항","2028-02-23","2028-02-23 01:14","24","2028-02-23 08:54","-3","2028-02-23 15:34","16","2028-02-23 20:14","10"
"SO_1276","아야진항","2028-02-24","2028-02-24 01:57","23","2028-02-24 09:20","-5","2028-02-24 15:41","14","2028-02-24 20:45","7"
"SO_1276","아야진항","2028-02-25","2028-02-25 02:36","21","2028-02-25 09:43","-5","2028-02-25 15:51","14","2028-02-25 21:17","4"
"SO_1276","아야진항","2028-02-26","2028-02-26 03:11","19","2028-02-26 10:03","-5","2028-02-26 16:06","14","2028-02-26 21:50","2"
"SO_1276","아야진항","2028-02-27","2028-02-27 03:46","18","2028-02-27 10:23","-4","2028-02-27 16:22","15","2028-02-27 22:23","1"
"SO_1276","아야진항","2028-02-28","2028-02-28 04:20","17","2028-02-28 10:43","-2","2028-02-28 16:41","16","2028-02-28 22:59",""
"SO_1276","아야진항","2028-02-29","2028-02-29 04:55","16","2028-02-29 11:03","1","2028-02-29 17:02","19","2028-02-29 23:39","1"
"SO_1276","아야진항","2028-03-01","2028-03-01 05:35","16","2028-03-01 11:23","5","2028-03-01 17:27","21","",""
"SO_1276","아야진항","2028-03-02","2028-03-02 06:22","15","2028-03-02 00:23","2","2028-03-02 17:56","23","2028-03-02 11:43","8"
"SO_1276","아야진항","2028-03-03","2028-03-03 07:42","15","2028-03-03 01:20","3","2028-03-03 18:31","25","2028-03-03 11:58","12"
"SO_1276","아야진항","2028-03-04","2028-03-04 19:20","25","2028-03-04 02:34","4","","","",""
"SO_1276","아야진항","2028-03-05","2028-03-05 20:38","25","2028-03-05 03:58","4","","","",""
"SO_1276","아야진항","2028-03-06","2028-03-06 22:12","25","2028-03-06 05:22","2","","","",""
"SO_1276","아야진항","2028-03-07","2028-03-07 14:32","17","2028-03-07 06:33","-1","2028-03-07 23:31","25","2028-03-07 17:52","15"
"SO_1276","아야진항","2028-03-08","2028-03-08 14:33","17","2028-03-08 07:29","-4","","","2028-03-08 18:57","11"
"SO_1276","아야진항","2028-03-09","2028-03-09 00:38","25","2028-03-09 08:14","-7","2028-03-09 14:43","16","2028-03-09 19:51","6"
"SO_1276","아야진항","2028-03-10","2028-03-10 01:38","25","2028-03-10 08:54","-8","2028-03-10 15:01","16","2028-03-10 20:41","2"
"SO_1276","아야진항","2028-03-11","2028-03-11 02:33","24","2028-03-11 09:30","-7","2028-03-11 15:24","18","2028-03-11 21:30","-2"
"SO_1276","아야진항","2028-03-12","2028-03-12 03:25","23","2028-03-12 10:04","-5","2028-03-12 15:51","20","2028-03-12 22:20","-5"
"SO_1276","아야진항","2028-03-13","2028-03-13 04:17","21","2028-03-13 10:35","-1","2028-03-13 16:21","22","2028-03-13 23:12","-5"
"SO_1276","아야진항","2028-03-14","2028-03-14 05:12","19","2028-03-14 11:05","4","2028-03-14 16:52","24","",""
"SO_1276","아야진항","2028-03-15","2028-03-15 06:19","17","2028-03-15 00:07","-5","2028-03-15 17:25","26","2028-03-15 11:29","9"
"SO_1276","아야진항","2028-03-16","2028-03-16 08:13","16","2028-03-16 01:08","-3","2028-03-16 18:01","26","2028-03-16 11:44","13"
"SO_1276","아야진항","2028-03-17","2028-03-17 18:44","26","2028-03-17 02:16","","","","",""
"SO_1276","아야진항","2028-03-18","2028-03-18 19:47","24","2028-03-18 03:33","2","","","",""
"SO_1276","아야진항","2028-03-19","2028-03-19 21:24","22","2028-03-19 04:57","2","","","",""
"SO_1276","아야진항","2028-03-20","2028-03-20 14:26","18","2028-03-20 06:15","1","2028-03-20 22:52","21","2028-03-20 18:08","17"
"SO_1276","아야진항","2028-03-21","2028-03-21 14:29","17","2028-03-21 07:09","","","","2028-03-21 19:06","13"
"SO_1276","아야진항","2028-03-22","2028-03-22 00:02","19","2028-03-22 07:47","-2","2028-03-22 14:36","15","2028-03-22 19:41","9"
"SO_1276","아야진항","2028-03-23","2028-03-23 00:57","18","2028-03-23 08:17","-4","2028-03-23 14:42","13","2028-03-23 20:11","5"
"SO_1276","아야진항","2028-03-24","2028-03-24 01:44","16","2028-03-24 08:40","-5","2028-03-24 14:50","12","2028-03-24 20:39","1"
"SO_1276","아야진항","2028-03-25","2028-03-25 02:25","15","2028-03-25 09:00","-5","2028-03-25 14:59","13","2028-03-25 21:07","-2"
"SO_1276","아야진항","2028-03-26","2028-03-26 03:02","14","2028-03-26 09:18","-3","2028-03-26 15:12","14","2028-03-26 21:36","-3"
"SO_1276","아야진항","2028-03-27","2028-03-27 03:39","14","2028-03-27 09:37","-1","2028-03-27 15:29","17","2028-03-27 22:08","-4"
"SO_1276","아야진항","2028-03-28","2028-03-28 04:16","15","2028-03-28 09:57","2","2028-03-28 15:50","20","2028-03-28 22:43","-3"
"SO_1276","아야진항","2028-03-29","2028-03-29 04:57","15","2028-03-29 10:19","6","2028-03-29 16:15","23","2028-03-29 23:22","-2"
"SO_1276","아야진항","2028-03-30","2028-03-30 05:44","16","2028-03-30 10:43","9","2028-03-30 16:44","25","",""
"SO_1276","아야진항","2028-03-31","2028-03-31 06:50","16","2028-03-31 00:09","-1","2028-03-31 17:17","26","2028-03-31 11:06","13"
"SO_1276","아야진항","2028-04-01","2028-04-01 08:36","16","2028-04-01 01:06","1","2028-04-01 17:56","26","2028-04-01 11:24","15"
"SO_1276","아야진항","2028-04-02","2028-04-02 18:50","25","2028-04-02 02:17","2","","","",""
"SO_1276","아야진항","2028-04-03","2028-04-03 20:21","23","2028-04-03 03:35","2","","","",""
"SO_1276","아야진항","2028-04-04","2028-04-04 13:11","17","2028-04-04 04:53","","2028-04-04 22:02","22","2028-04-04 16:35","15"
"SO_1276","아야진항","2028-04-05","2028-04-05 13:12","16","2028-04-05 06:01","-2","2028-04-05 23:22","21","2028-04-05 17:53","11"
"SO_1276","아야진항","2028-04-06","2028-04-06 13:23","16","2028-04-06 06:55","-4","","","2028-04-06 18:53","6"
"SO_1276","아야진항","2028-04-07","2028-04-07 00:32","20","2028-04-07 07:38","-4","2028-04-07 13:42","16","2028-04-07 19:44","1"
"SO_1276","아야진항","2028-04-08","2028-04-08 01:34","20","2028-04-08 08:16","-4","2028-04-08 14:06","18","2028-04-08 20:33","-4"
"SO_1276","아야진항","2028-04-09","2028-04-09 02:32","19","2028-04-09 08:52","-1","2028-04-09 14:35","21","2028-04-09 21:21","-7"
"SO_1276","아야진항","2028-04-10","2028-04-10 03:28","19","2028-04-10 09:24","2","2028-04-10 15:06","24","2028-04-10 22:10","-8"
"SO_1276","아야진항","2028-04-11","2028-04-11 04:26","19","2028-04-11 09:55","7","2028-04-11 15:39","26","2028-04-11 23:00","-7"
"SO_1276","아야진항","2028-04-12","2028-04-12 05:30","18","2028-04-12 10:24","11","2028-04-12 16:14","28","2028-04-12 23:52","-5"
"SO_1276","아야진항","2028-04-13","2028-04-13 06:51","18","2028-04-13 10:50","15","2028-04-13 16:50","29","",""
"SO_1276","아야진항","2028-04-14","2028-04-14 08:38","18","2028-04-14 00:47","-2","2028-04-14 17:29","29","2028-04-14 11:06","17"
"SO_1276","아야진항","2028-04-15","2028-04-15 18:13","27","2028-04-15 01:46","1","","","",""
"SO_1276","아야진항","2028-04-16","2028-04-16 19:15","24","2028-04-16 02:50","3","","","",""
"SO_1276","아야진항","2028-04-17","2028-04-17 13:05","19","2028-04-17 04:02","3","2028-04-17 20:43","21","2028-04-17 15:48","18"
"SO_1276","아야진항","2028-04-18","2028-04-18 13:14","18","2028-04-18 05:17","3","2028-04-18 22:11","18","2028-04-18 18:04","15"
"SO_1276","아야진항","2028-04-19","2028-04-19 13:26","16","2028-04-19 06:16","1","2028-04-19 23:33","16","2028-04-19 18:56","10"
"SO_1276","아야진항","2028-04-20","2028-04-20 13:36","15","2028-04-20 06:56","","","","2028-04-20 19:30","6"
"SO_1276","아야진항","2028-04-21","2028-04-21 00:41","14","2028-04-21 07:26","","2028-04-21 13:43","14","2028-04-21 19:57","3"
"SO_1276","아야진항","2028-04-22","2028-04-22 01:36","14","2028-04-22 07:48","","2028-04-22 13:50","15","2028-04-22 20:22",""
"SO_1276","아야진항","2028-04-23","2028-04-23 02:22","14","2028-04-23 08:08","2","2028-04-23 14:01","17","2028-04-23 20:49","-2"
"SO_1276","아야진항","2028-04-24","2028-04-24 03:04","15","2028-04-24 08:29","4","2028-04-24 14:18","20","2028-04-24 21:18","-3"
"SO_1276","아야진항","2028-04-25","2028-04-25 03:45","16","2028-04-25 08:51","7","2028-04-25 14:41","23","2028-04-25 21:52","-3"
"SO_1276","아야진항","2028-04-26","2028-04-26 04:28","18","2028-04-26 09:17","10","2028-04-26 15:09","27","2028-04-26 22:30","-2"
"SO_1276","아야진항","2028-04-27","2028-04-27 05:15","19","2028-04-27 09:46","14","2028-04-27 15:41","29","2028-04-27 23:14",""
"SO_1276","아야진항","2028-04-28","2028-04-28 06:13","20","2028-04-28 10:16","16","2028-04-28 16:17","31","",""
"SO_1276","아야진항","2028-04-29","2028-04-29 07:26","21","2028-04-29 00:05","1","2028-04-29 16:58","31","2028-04-29 10:48","19"
"SO_1276","아야진항","2028-04-30","2028-04-30 08:50","21","2028-04-30 01:03","2","2028-04-30 17:47","30","2028-04-30 11:28","20"
"SO_1276","아야진항","2028-05-01","2028-05-01 18:52","28","2028-05-01 02:06","3","","","",""
"SO_1276","아야진항","2028-05-02","2028-05-02 11:11","20","2028-05-02 03:13","3","2028-05-02 20:22","25","2028-05-02 15:01","18"
"SO_1276","아야진항","2028-05-03","2028-05-03 11:38","20","2028-05-03 04:20","3","2028-05-03 21:53","23","2028-05-03 16:31","15"
"SO_1276","아야진항","2028-05-04","2028-05-04 12:00","20","2028-05-04 05:22","3","2028-05-04 23:17","21","2028-05-04 17:44","10"
"SO_1276","아야진항","2028-05-05","2028-05-05 12:22","21","2028-05-05 06:14","4","","","2028-05-05 18:44","5"
"SO_1276","아야진항","2028-05-06","2028-05-06 00:33","21","2028-05-06 06:59","5","2028-05-06 12:49","23","2028-05-06 19:36","1"
"SO_1276","아야진항","2028-05-07","2028-05-07 01:42","21","2028-05-07 07:38","8","2028-05-07 13:21","26","2028-05-07 20:26","-1"
"SO_1276","아야진항","2028-05-08","2028-05-08 02:46","21","2028-05-08 08:13","11","2028-05-08 13:55","29","2028-05-08 21:14","-3"
"SO_1276","아야진항","2028-05-09","2028-05-09 03:47","22","2028-05-09 08:48","14","2028-05-09 14:32","32","2028-05-09 22:01","-2"
"SO_1276","아야진항","2028-05-10","2028-05-10 04:47","23","2028-05-10 09:21","18","2028-05-10 15:10","34","2028-05-10 22:49","-1"
"SO_1276","아야진항","2028-05-11","2028-05-11 05:48","24","2028-05-11 09:53","20","2028-05-11 15:49","35","2028-05-11 23:37","1"
"SO_1276","아야진항","2028-05-12","2028-05-12 06:52","24","2028-05-12 10:26","22","2028-05-12 16:30","35","",""
"SO_1276","아야진항","2028-05-13","2028-05-13 08:10","24","2028-05-13 00:25","4","2028-05-13 17:13","34","2028-05-13 11:01","23"
"SO_1276","아야진항","2028-05-14","2028-05-14 17:59","31","2028-05-14 01:14","6","","","",""
"SO_1276","아야진항","2028-05-15","2028-05-15 11:04","23","2028-05-15 02:05","7","2028-05-15 18:52","27","2028-05-15 13:15","22"
"SO_1276","아야진항","2028-05-16","2028-05-16 11:38","22","2028-05-16 02:58","8","2028-05-16 20:00","24","2028-05-16 14:59","21"
"SO_1276","아야진항","2028-05-17","2028-05-17 12:00","21","2028-05-17 03:56","8","2028-05-17 21:22","20","2028-05-17 17:15","18"
"SO_1276","아야진항","2028-05-18","2028-05-18 12:16","21","2028-05-18 04:52","9","2028-05-18 22:55","18","2028-05-18 18:23","14"
"SO_1276","아야진항","2028-05-19","2028-05-19 12:24","21","2028-05-19 05:39","9","","","2028-05-19 19:00","11"
"SO_1276","아야진항","2028-05-20","2028-05-20 00:26","18","2028-05-20 06:15","10","2028-05-20 12:31","22","2028-05-20 19:29","8"
"SO_1276","아야진항","2028-05-21","2028-05-21 01:35","19","2028-05-21 06:44","12","2028-05-21 12:44","24","2028-05-21 19:57","7"
"SO_1276","아야진항","2028-05-22","2028-05-22 02:29","20","2028-05-22 07:12","14","2028-05-22 13:04","28","2028-05-22 20:27","5"
"SO_1276","아야진항","2028-05-23","2028-05-23 03:15","23","2028-05-23 07:41","17","2028-05-23 13:32","31","2028-05-23 21:02","5"
"SO_1276","아야진항","2028-05-24","2028-05-24 03:59","25","2028-05-24 08:12","20","2028-05-24 14:06","35","2028-05-24 21:41","5"
"SO_1276","아야진항","2028-05-25","2028-05-25 04:44","27","2028-05-25 08:46","22","2028-05-25 14:44","38","2028-05-25 22:25","6"
"SO_1276","아야진항","2028-05-26","2028-05-26 05:31","28","2028-05-26 09:24","24","2028-05-26 15:25","40","2028-05-26 23:13","6"
"SO_1276","아야진항","2028-05-27","2028-05-27 06:24","28","2028-05-27 10:07","25","2028-05-27 16:10","40","",""
"SO_1276","아야진항","2028-05-28","2028-05-28 07:24","28","2028-05-28 00:04","7","2028-05-28 16:59","39","2028-05-28 10:58","26"
"SO_1276","아야진항","2028-05-29","2028-05-29 08:26","28","2028-05-29 00:57","8","2028-05-29 17:54","37","2028-05-29 12:04","26"
"SO_1276","아야진항","2028-05-30","2028-05-30 09:19","27","2028-05-30 01:51","9","2028-05-30 18:58","34","2028-05-30 13:25","24"
"SO_1276","아야진항","2028-05-31","2028-05-31 09:59","27","2028-05-31 02:46","11","2028-05-31 20:16","31","2028-05-31 14:51","22"
"SO_1276","아야진항","2028-06-01","2028-06-01 10:31","28","2028-06-01 03:42","12","2028-06-01 21:48","28","2028-06-01 16:17","19"
"SO_1276","아야진항","2028-06-02","2028-06-02 11:01","29","2028-06-02 04:37","15","2028-06-02 23:24","27","2028-06-02 17:34","15"
"SO_1276","아야진항","2028-06-03","2028-06-03 11:33","32","2028-06-03 05:30","17","","","2028-06-03 18:38","12"
"SO_1276","아야진항","2028-06-04","2028-06-04 00:55","27","2028-06-04 06:18","20","2028-06-04 12:09","34","2028-06-04 19:33","10"
"SO_1276","아야진항","2028-06-05","2028-06-05 02:15","29","2028-06-05 07:02","23","2028-06-05 12:47","38","2028-06-05 20:23","8"
"SO_1276","아야진항","2028-06-06","2028-06-06 03:20","30","2028-06-06 07:43","26","2028-06-06 13:29","41","2028-06-06 21:10","8"
"SO_1276","아야진항","2028-06-07","2028-06-07 04:14","31","2028-06-07 08:20","28","2028-06-07 14:12","43","2028-06-07 21:56","9"
"SO_1276","아야진항","2028-06-08","2028-06-08 04:58","32","2028-06-08 08:57","29","2028-06-08 14:56","44","2028-06-08 22:40","10"
"SO_1276","아야진항","2028-06-09","2028-06-09 05:36","32","2028-06-09 09:34","30","2028-06-09 15:38","44","2028-06-09 23:22","11"
"SO_1276","아야진항","2028-06-10","2028-06-10 06:12","32","2028-06-10 10:13","30","2028-06-10 16:21","43","",""
"SO_1276","아야진항","2028-06-11","2028-06-11 06:50","31","2028-06-11 00:02","13","2028-06-11 17:01","41","2028-06-11 10:56","29"
"SO_1276","아야진항","2028-06-12","2028-06-12 07:34","30","2028-06-12 00:41","14","2028-06-12 17:42","38","2028-06-12 11:46","28"
"SO_1276","아야진항","2028-06-13","2028-06-13 08:29","29","2028-06-13 01:19","15","2028-06-13 18:26","34","2028-06-13 12:46","27"
"SO_1276","아야진항","2028-06-14","2028-06-14 09:24","29","2028-06-14 01:57","16","2028-06-14 19:17","31","2028-06-14 14:01","26"
"SO_1276","아야진항","2028-06-15","2028-06-15 10:02","29","2028-06-15 02:36","18","2028-06-15 20:28","28","2028-06-15 15:34","25"
"SO_1276","아야진항","2028-06-16","2028-06-16 10:27","30","2028-06-16 03:17","19","2028-06-16 22:08","27","2028-06-16 17:11","23"
"SO_1276","아야진항","2028-06-17","2028-06-17 10:49","32","2028-06-17 04:01","22","","","2028-06-17 18:10","21"
"SO_1276","아야진항","2028-06-18","2028-06-18 00:13","27","2028-06-18 04:47","24","2028-06-18 11:14","34","2028-06-18 18:51","19"
"SO_1276","아야진항","2028-06-19","2028-06-19 01:42","29","2028-06-19 05:34","27","2028-06-19 11:44","37","2028-06-19 19:29","18"
"SO_1276","아야진항","2028-06-20","2028-06-20 02:41","32","2028-06-20 06:18","29","2028-06-20 12:19","41","2028-06-20 20:08","16"
"SO_1276","아야진항","2028-06-21","2028-06-21 03:26","34","2028-06-21 07:01","31","2028-06-21 13:01","44","2028-06-21 20:51","15"
"SO_1276","아야진항","2028-06-22","2028-06-22 04:07","35","2028-06-22 07:44","32","2028-06-22 13:46","47","2028-06-22 21:35","14"
"SO_1276","아야진항","2028-06-23","2028-06-23 04:45","36","2028-06-23 08:29","33","2028-06-23 14:33","49","2028-06-23 22:22","14"
"SO_1276","아야진항","2028-06-24","2028-06-24 05:23","37","2028-06-24 09:17","33","2028-06-24 15:22","50","2028-06-24 23:08","14"
"SO_1276","아야진항","2028-06-25","2028-06-25 06:03","37","2028-06-25 10:09","32","2028-06-25 16:11","50","2028-06-25 23:55","14"
"SO_1276","아야진항","2028-06-26","2028-06-26 06:43","36","2028-06-26 11:06","31","2028-06-26 17:01","48","",""
"SO_1276","아야진항","2028-06-27","2028-06-27 07:23","36","2028-06-27 00:40","15","2028-06-27 17:54","45","2028-06-27 12:08","30"
"SO_1276","아야진항","2028-06-28","2028-06-28 08:04","36","2028-06-28 01:25","18","2028-06-28 18:53","41","2028-06-28 13:18","29"
"SO_1276","아야진항","2028-06-29","2028-06-29 08:44","37","2028-06-29 02:09","21","2028-06-29 20:09","38","2028-06-29 14:38","27"
"SO_1276","아야진항","2028-06-30","2028-06-30 09:25","39","2028-06-30 02:54","25","2028-06-30 22:02","36","2028-06-30 16:05","25"
"SO_1276","아야진항","2028-07-01","2028-07-01 10:08","41","2028-07-01 03:43","29","","","2028-07-01 17:25","23"
"SO_1276","아야진항","2028-07-02","2028-07-02 00:04","35","2028-07-02 04:41","32","2028-07-02 10:53","44","2028-07-02 18:36","22"
"SO_1276","아야진항","2028-07-03","2028-07-03 01:55","37","2028-07-03 05:43","35","2028-07-03 11:41","46","2028-07-03 19:34","20"
"SO_1276","아야진항","2028-07-04","2028-07-04 03:15","39","2028-07-04 06:39","37","2028-07-04 12:30","49","2028-07-04 20:25","19"
"SO_1276","아야진항","2028-07-05","2028-07-05 03:58","40","2028-07-05 07:25","38","2028-07-05 13:19","50","2028-07-05 21:10","19"
"SO_1276","아야진항","2028-07-06","2028-07-06 04:24","40","2028-07-06 08:06","37","2028-07-06 14:06","52","2028-07-06 21:51","19"
"SO_1276","아야진항","2028-07-07","2028-07-07 04:42","40","2028-07-07 08:45","36","2028-07-07 14:49","52","2028-07-07 22:28","19"
"SO_1276","아야진항","2028-07-08","2028-07-08 04:59","39","2028-07-08 09:22","35","2028-07-08 15:30","51","2028-07-08 23:02","19"
"SO_1276","아야진항","2028-07-09","2028-07-09 05:20","38","2028-07-09 10:01","34","2028-07-09 16:09","49","2028-07-09 23:34","19"
"SO_1276","아야진항","2028-07-10","2028-07-10 05:46","37","2028-07-10 10:41","32","2028-07-10 16:45","46","",""
"SO_1276","아야진항","2028-07-11","2028-07-11 06:15","36","2028-07-11 00:04","20","2028-07-11 17:22","43","2028-07-11 11:25","31"
"SO_1276","아야진항","2028-07-12","2028-07-12 06:47","36","2028-07-12 00:31","21","2028-07-12 17:59","40","2028-07-12 12:14","31"
"SO_1276","아야진항","2028-07-13","2028-07-13 07:22","37","2028-07-13 00:59","23","2028-07-13 18:42","37","2028-07-13 13:11","31"
"SO_1276","아야진항","2028-07-14","2028-07-14 07:59","38","2028-07-14 01:26","26","2028-07-14 19:42","35","2028-07-14 14:21","30"
"SO_1276","아야진항","2028-07-15","2028-07-15 08:38","39","2028-07-15 01:54","29","2028-07-15 21:31","35","2028-07-15 15:44","30"
"SO_1276","아야진항","2028-07-16","2028-07-16 09:21","42","2028-07-16 02:28","32","","","2028-07-16 17:04","29"
"SO_1276","아야진항","2028-07-17","2028-07-17 00:16","36","2028-07-17 03:16","35","2028-07-17 10:08","44","2028-07-17 18:09","28"
"SO_1276","아야진항","2028-07-18","2028-07-18 10:56","47","2028-07-18 19:05","26","","","",""
"SO_1276","아야진항","2028-07-19","2028-07-19 02:58","40","2028-07-19 05:40","39","2028-07-19 11:48","50","2028-07-19 19:54","23"
"SO_1276","아야진항","2028-07-20","2028-07-20 03:29","41","2028-07-20 06:39","39","2028-07-20 12:42","52","2028-07-20 20:40","21"
"SO_1276","아야진항","2028-07-21","2028-07-21 03:56","41","2028-07-21 07:32","38","2028-07-21 13:35","54","2028-07-21 21:25","19"
"SO_1276","아야진항","2028-07-22","2028-07-22 04:21","41","2028-07-22 08:24","37","2028-07-22 14:28","55","2028-07-22 22:09","17"
"SO_1276","아야진항","2028-07-23","2028-07-23 04:45","41","2028-07-23 09:16","35","2028-07-23 15:18","55","2028-07-23 22:50","17"
"SO_1276","아야진항","2028-07-24","2028-07-24 05:10","41","2028-07-24 10:08","32","2028-07-24 16:07","53","2028-07-24 23:31","18"
"SO_1276","아야진항","2028-07-25","2028-07-25 05:39","41","2028-07-25 11:03","30","2028-07-25 16:56","51","",""
"SO_1276","아야진항","2028-07-26","2028-07-26 06:10","42","2028-07-26 00:09","20","2028-07-26 17:48","47","2028-07-26 12:01","29"
"SO_1276","아야진항","2028-07-27","2028-07-27 06:44","43","2028-07-27 00:46","24","2028-07-27 18:49","44","2028-07-27 13:08","28"
"SO_1276","아야진항","2028-07-28","2028-07-28 07:24","44","2028-07-28 01:22","29","2028-07-28 20:25","41","2028-07-28 14:26","28"
"SO_1276","아야진항","2028-07-29","2028-07-29 08:13","46","2028-07-29 01:56","34","2028-07-29 22:53","40","2028-07-29 15:52","28"
"SO_1276","아야진항","2028-07-30","2028-07-30 09:14","48","2028-07-30 02:30","38","","","2028-07-30 17:17","27"
"SO_1276","아야진항","2028-07-31","2028-07-31 10:22","50","2028-07-31 18:33","26","","","",""
"SO_1276","아야진항","2028-08-01","2028-08-01 03:12","43","2028-08-01 05:30","42","2028-08-01 11:26","51","2028-08-01 19:34","25"
"SO_1276","아야진항","2028-08-02","2028-08-02 03:33","43","2028-08-02 06:36","42","2028-08-02 12:24","52","2028-08-02 20:23","23"
"SO_1276","아야진항","2028-08-03","2028-08-03 03:47","43","2028-08-03 07:24","40","2028-08-03 13:15","52","2028-08-03 21:02","22"
"SO_1276","아야진항","2028-08-04","2028-08-04 03:55","41","2028-08-04 08:03","38","2028-08-04 14:00","52","2028-08-04 21:37","21"
"SO_1276","아야진항","2028-08-05","2028-08-05 04:02","40","2028-08-05 08:39","35","2028-08-05 14:40","50","2028-08-05 22:07","20"
"SO_1276","아야진항","2028-08-06","2028-08-06 04:14","39","2028-08-06 09:14","32","2028-08-06 15:18","48","2028-08-06 22:33","20"
"SO_1276","아야진항","2028-08-07","2028-08-07 04:33","38","2028-08-07 09:50","30","2028-08-07 15:53","46","2028-08-07 22:58","20"
"SO_1276","아야진항","2028-08-08","2028-08-08 04:54","38","2028-08-08 10:27","29","2028-08-08 16:28","44","2028-08-08 23:20","21"
"SO_1276","아야진항","2028-08-09","2028-08-09 05:16","38","2028-08-09 11:05","28","2028-08-09 17:02","42","2028-08-09 23:41","23"
"SO_1276","아야진항","2028-08-10","2028-08-10 05:40","39","2028-08-10 11:47","28","2028-08-10 17:39","40","",""
"SO_1276","아야진항","2028-08-11","2028-08-11 06:04","40","2028-08-11 00:02","26","2028-08-11 18:20","38","2028-08-11 12:33","28"
"SO_1276","아야진항","2028-08-12","2028-08-12 06:32","42","2028-08-12 00:22","29","2028-08-12 19:19","37","2028-08-12 13:30","29"
"SO_1276","아야진항","2028-08-13","2028-08-13 07:07","43","2028-08-13 00:41","33","2028-08-13 21:30","37","2028-08-13 14:45","30"
"SO_1276","아야진항","2028-08-14","2028-08-14 07:57","45","2028-08-14 00:51","36","","","2028-08-14 16:09","29"
"SO_1276","아야진항","2028-08-15","2028-08-15 09:05","46","2028-08-15 17:30","28","","","",""
"SO_1276","아야진항","2028-08-16","2028-08-16 10:20","47","2028-08-16 18:39","25","","","",""
"SO_1276","아야진항","2028-08-17","2028-08-17 02:49","40","2028-08-17 05:31","39","2028-08-17 11:27","49","2028-08-17 19:34","21"
"SO_1276","아야진항","2028-08-18","2028-08-18 03:00","40","2028-08-18 06:35","37","2028-08-18 12:29","50","2028-08-18 20:21","18"
"SO_1276","아야진항","2028-08-19","2028-08-19 03:12","39","2028-08-19 07:30","34","2028-08-19 13:27","50","2028-08-19 21:03","16"
"SO_1276","아야진항","2028-08-20","2028-08-20 03:28","38","2028-08-20 08:21","30","2028-08-20 14:20","50","2028-08-20 21:42","14"
"SO_1276","아야진항","2028-08-21","2028-08-21 03:48","38","2028-08-21 09:11","26","2028-08-21 15:11","49","2028-08-21 22:19","15"
"SO_1276","아야진항","2028-08-22","2028-08-22 04:13","39","2028-08-22 10:02","23","2028-08-22 16:01","47","2028-08-22 22:55","17"
"SO_1276","아야진항","2028-08-23","2028-08-23 04:41","40","2028-08-23 10:55","21","2028-08-23 16:51","45","2028-08-23 23:30","21"
"SO_1276","아야진항","2028-08-24","2028-08-24 05:12","42","2028-08-24 11:52","21","2028-08-24 17:48","42","",""
"SO_1276","아야진항","2028-08-25","2028-08-25 05:46","44","2028-08-25 00:03","26","2028-08-25 19:04","39","2028-08-25 12:56","21"
"SO_1276","아야진항","2028-08-26","2028-08-26 06:24","45","2028-08-26 00:32","31","2028-08-26 21:23","38","2028-08-26 14:11","22"
"SO_1276","아야진항","2028-08-27","2028-08-27 07:11","46","2028-08-27 00:55","35","","","2028-08-27 15:33","24"
"SO_1276","아야진항","2028-08-28","2028-08-28 08:22","46","2028-08-28 16:59","24","","","",""
"SO_1276","아야진항","2028-08-29","2028-08-29 09:54","46","2028-08-29 18:20","23","","","",""
"SO_1276","아야진항","2028-08-30","2028-08-30 02:38","40","2028-08-30 05:42","39","2028-08-30 11:11","45","2028-08-30 19:21","21"
"SO_1276","아야진항","2028-08-31","2028-08-31 02:49","39","2028-08-31 06:46","36","2028-08-31 12:14","45","2028-08-31 20:05","19"
"SO_1276","아야진항","2028-09-01","2028-09-01 02:58","37","2028-09-01 07:29","32","2028-09-01 13:06","43","2028-09-01 20:40","17"
"SO_1276","아야진항","2028-09-02","2028-09-02 03:05","35","2028-09-02 08:04","28","2028-09-02 13:51","42","2028-09-02 21:09","16"
"SO_1276","아야진항","2028-09-03","2028-09-03 03:14","33","2028-09-03 08:37","24","2028-09-03 14:30","40","2028-09-03 21:33","15"
"SO_1276","아야진항","2028-09-04","2028-09-04 03:27","32","2028-09-04 09:08","21","2028-09-04 15:07","38","2028-09-04 21:55","15"
"SO_1276","아야진항","2028-09-05","2028-09-05 03:43","32","2028-09-05 09:40","19","2028-09-05 15:42","36","2028-09-05 22:14","16"
"SO_1276","아야진항","2028-09-06","2028-09-06 04:02","32","2028-09-06 10:12","18","2028-09-06 16:17","35","2028-09-06 22:33","18"
"SO_1276","아야진항","2028-09-07","2028-09-07 04:20","34","2028-09-07 10:46","17","2028-09-07 16:52","34","2028-09-07 22:52","20"
"SO_1276","아야진항","2028-09-08","2028-09-08 04:41","35","2028-09-08 11:22","18","2028-09-08 17:30","33","2028-09-08 23:12","24"
"SO_1276","아야진항","2028-09-09","2028-09-09 05:05","37","2028-09-09 12:04","19","2028-09-09 18:17","33","2028-09-09 23:32","27"
"SO_1276","아야진항","2028-09-10","2028-09-10 05:32","39","2028-09-10 12:56","21","2028-09-10 19:34","32","",""
"SO_1276","아야진항","2028-09-11","2028-09-11 06:06","40","2028-09-11 00:01","30","","","2028-09-11 14:06","21"
"SO_1276","아야진항","2028-09-12","2028-09-12 06:53","40","2028-09-12 15:29","21","","","",""
"SO_1276","아야진항","2028-09-13","2028-09-13 08:14","39","2028-09-13 16:53","19","","","",""
"SO_1276","아야진항","2028-09-14","2028-09-14 01:57","33","2028-09-14 04:10","32","2028-09-14 09:54","39","2028-09-14 18:07","16"
"SO_1276","아야진항","2028-09-15","2028-09-15 01:51","32","2028-09-15 05:31","29","2028-09-15 11:12","38","2028-09-15 19:04","13"
"SO_1276","아야진항","2028-09-16","2028-09-16 01:56","31","2028-09-16 06:33","25","2028-09-16 12:19","38","2028-09-16 19:50","10"
"SO_1276","아야진항","2028-09-17","2028-09-17 02:09","30","2028-09-17 07:26","20","2028-09-17 13:18","38","2028-09-17 20:30","9"
"SO_1276","아야진항","2028-09-18","2028-09-18 02:28","30","2028-09-18 08:15","15","2028-09-18 14:13","38","2028-09-18 21:07","9"
"SO_1276","아야진항","2028-09-19","2028-09-19 02:53","31","2028-09-19 09:04","11","2028-09-19 15:06","37","2028-09-19 21:43","11"
"SO_1276","아야진항","2028-09-20","2028-09-20 03:22","33","2028-09-20 09:53","8","2028-09-20 16:00","36","2028-09-20 22:17","14"
"SO_1276","아야진항","2028-09-21","2028-09-21 03:53","35","2028-09-21 10:45","7","2028-09-21 16:56","34","2028-09-21 22:50","19"
"SO_1276","아야진항","2028-09-22","2028-09-22 04:26","38","2028-09-22 11:40","8","2028-09-22 18:05","32","2028-09-22 23:22","23"
"SO_1276","아야진항","2028-09-23","2028-09-23 05:02","39","2028-09-23 12:41","10","2028-09-23 19:48","31","2028-09-23 23:51","27"
"SO_1276","아야진항","2028-09-24","2028-09-24 05:41","39","2028-09-24 13:49","12","","","",""
"SO_1276","아야진항","2028-09-25","2028-09-25 06:28","38","2028-09-25 15:03","14","","","",""
"SO_1276","아야진항","2028-09-26","2028-09-26 07:39","36","2028-09-26 16:25","15","","","",""
"SO_1276","아야진항","2028-09-27","2028-09-27 01:17","31","2028-09-27 04:08","30","2028-09-27 09:20","34","2028-09-27 17:47","14"
"SO_1276","아야진항","2028-09-28","2028-09-28 01:34","30","2028-09-28 05:50","27","2028-09-28 10:49","32","2028-09-28 18:48","12"
"SO_1276","아야진항","2028-09-29","2028-09-29 01:49","28","2028-09-29 06:49","22","2028-09-29 12:00","30","2028-09-29 19:32","10"
"SO_1276","아야진항","2028-09-30","2028-09-30 02:02","26","2028-09-30 07:29","18","2028-09-30 12:57","28","2028-09-30 20:04","8"
"SO_1276","아야진항","2028-10-01","2028-10-01 02:13","24","2028-10-01 08:02","13","2028-10-01 13:45","26","2028-10-01 20:31","7"
"SO_1276","아야진항","2028-10-02","2028-10-02 02:24","23","2028-10-02 08:31","10","2028-10-02 14:26","25","2028-10-02 20:53","7"
"SO_1276","아야진항","2028-10-03","2028-10-03 02:37","23","2028-10-03 08:59","7","2028-10-03 15:04","24","2028-10-03 21:12","8"
"SO_1276","아야진항","2028-10-04","2028-10-04 02:52","23","2028-10-04 09:26","5","2028-10-04 15:41","24","2028-10-04 21:29","10"
"SO_1276","아야진항","2028-10-05","2028-10-05 03:10","25","2028-10-05 09:55","5","2028-10-05 16:17","24","2028-10-05 21:49","13"
"SO_1276","아야진항","2028-10-06","2028-10-06 03:31","27","2028-10-06 10:27","5","2028-10-06 16:55","24","2028-10-06 22:10","15"
"SO_1276","아야진항","2028-10-07","2028-10-07 03:55","30","2028-10-07 11:04","6","2028-10-07 17:38","25","2028-10-07 22:34","18"
"SO_1276","아야진항","2028-10-08","2028-10-08 04:23","32","2028-10-08 11:46","8","2028-10-08 18:34","25","2028-10-08 23:00","21"
"SO_1276","아야진항","2028-10-09","2028-10-09 04:55","32","2028-10-09 12:38","9","2028-10-09 19:56","24","2028-10-09 23:26","22"
"SO_1276","아야진항","2028-10-10","2028-10-10 05:33","32","2028-10-10 13:43","10","2028-10-10 21:31","24","2028-10-10 23:56","23"
"SO_1276","아야진항","2028-10-11","2028-10-11 06:25","30","2028-10-11 14:58","9","","","",""
"SO_1276","아야진항","2028-10-12","2028-10-12 07:52","28","2028-10-12 16:15","8","","","",""
"SO_1276","아야진항","2028-10-13","2028-10-13 00:07","22","2028-10-13 04:09","20","2028-10-13 09:36","26","2028-10-13 17:27","6"
"SO_1276","아야진항","2028-10-14","2028-10-14 00:25","21","2028-10-14 05:24","16","2028-10-14 10:59","25","2028-10-14 18:25","4"
"SO_1276","아야진항","2028-10-15","2028-10-15 00:44","21","2028-10-15 06:24","10","2028-10-15 12:10","25","2028-10-15 19:12","3"
"SO_1276","아야진항","2028-10-16","2028-10-16 01:07","21","2028-10-16 07:17","5","2028-10-16 13:14","24","2028-10-16 19:53","3"
"SO_1276","아야진항","2028-10-17","2028-10-17 01:35","23","2028-10-17 08:06","1","2028-10-17 14:14","24","2028-10-17 20:30","5"
"SO_1276","아야진항","2028-10-18","2028-10-18 02:06","25","2028-10-18 08:55","-3","2028-10-18 15:12","24","2028-10-18 21:06","8"
"SO_1276","아야진항","2028-10-19","2028-10-19 02:39","28","2028-10-19 09:44","-4","2028-10-19 16:11","24","2028-10-19 21:41","12"
"SO_1276","아야진항","2028-10-20","2028-10-20 03:15","30","2028-10-20 10:34","-4","2028-10-20 17:14","24","2028-10-20 22:16","15"
"SO_1276","아야진항","2028-10-21","2028-10-21 03:53","32","2028-10-21 11:27","-2","2028-10-21 18:26","23","2028-10-21 22:52","18"
"SO_1276","아야진항","2028-10-22","2028-10-22 04:33","32","2028-10-22 12:23","","2028-10-22 19:51","23","2028-10-22 23:30","20"
"SO_1276","아야진항","2028-10-23","2028-10-23 05:16","32","2028-10-23 13:21","2","2028-10-23 21:29","22","",""
"SO_1276","아야진항","2028-10-24","2028-10-24 06:06","29","2028-10-24 00:20","21","","","2028-10-24 14:24","4"
"SO_1276","아야진항","2028-10-25","2028-10-25 07:11","26","2028-10-25 15:33","5","2028-10-25 23:55","20","",""
"SO_1276","아야진항","2028-10-26","2028-10-26 08:36","22","2028-10-26 03:43","18","","","2028-10-26 16:48","5"
"SO_1276","아야진항","2028-10-27","2028-10-27 00:25","19","2028-10-27 05:33","14","2028-10-27 10:10","19","2028-10-27 17:54","4"
"SO_1276","아야진항","2028-10-28","2028-10-28 00:46","17","2028-10-28 06:35","10","2028-10-28 11:39","16","2028-10-28 18:42","3"
"SO_1276","아야진항","2028-10-29","2028-10-29 01:03","16","2028-10-29 07:16","5","2028-10-29 12:50","15","2028-10-29 19:17","2"
"SO_1276","아야진항","2028-10-30","2028-10-30 01:16","15","2028-10-30 07:49","2","2028-10-30 13:45","14","2028-10-30 19:44","3"
"SO_1276","아야진항","2028-10-31","2028-10-31 01:29","15","2028-10-31 08:16","-1","2028-10-31 14:31","14","2028-10-31 20:05","4"
"SO_1276","아야진항","2028-11-01","2028-11-01 01:43","17","2028-11-01 08:42","-3","2028-11-01 15:13","15","2028-11-01 20:24","6"
"SO_1276","아야진항","2028-11-02","2028-11-02 02:01","19","2028-11-02 09:09","-4","2028-11-02 15:51","16","2028-11-02 20:45","8"
"SO_1276","아야진항","2028-11-03","2028-11-03 02:24","21","2028-11-03 09:40","-4","2028-11-03 16:28","17","2028-11-03 21:10","10"
"SO_1276","아야진항","2028-11-04","2028-11-04 02:52","24","2028-11-04 10:14","-3","2028-11-04 17:07","18","2028-11-04 21:38","12"
"SO_1276","아야진항","2028-11-05","2028-11-05 03:24","26","2028-11-05 10:54","-2","2028-11-05 17:50","19","2028-11-05 22:11","14"
"SO_1276","아야진항","2028-11-06","2028-11-06 04:00","27","2028-11-06 11:40","-1","2028-11-06 18:43","18","2028-11-06 22:47","15"
"SO_1276","아야진항","2028-11-07","2028-11-07 04:41","27","2028-11-07 12:31","","2028-11-07 19:47","18","2028-11-07 23:35","15"
"SO_1276","아야진항","2028-11-08","2028-11-08 05:27","25","2028-11-08 13:28","","2028-11-08 20:56","17","",""
"SO_1276","아야진항","2028-11-09","2028-11-09 06:26","23","2028-11-09 00:50","15","2028-11-09 21:57","16","2028-11-09 14:31",""
"SO_1276","아야진항","2028-11-10","2028-11-10 07:47","20","2028-11-10 02:25","13","2028-11-10 22:41","15","2028-11-10 15:35",""
"SO_1276","아야진항","2028-11-11","2028-11-11 09:19","17","2028-11-11 03:51","10","2028-11-11 23:13","15","2028-11-11 16:39",""
"SO_1276","아야진항","2028-11-12","2028-11-12 10:47","16","2028-11-12 05:08","5","2028-11-12 23:44","16","2028-11-12 17:37","1"
"SO_1276","아야진항","2028-11-13","2028-11-13 12:08","15","2028-11-13 06:12","1","","","2028-11-13 18:29","2"
"SO_1276","아야진항","2028-11-14","2028-11-14 00:15","18","2028-11-14 07:08","-4","2028-11-14 13:23","16","2028-11-14 19:13","4"
"SO_1276","아야진항","2028-11-15","2028-11-15 00:50","20","2028-11-15 07:59","-7","2028-11-15 14:30","17","2028-11-15 19:55","7"
"SO_1276","아야진항","2028-11-16","2028-11-16 01:28","23","2028-11-16 08:49","-9","2028-11-16 15:32","18","2028-11-16 20:34","9"
"SO_1276","아야진항","2028-11-17","2028-11-17 02:08","26","2028-11-17 09:37","-9","2028-11-17 16:30","19","2028-11-17 21:13","12"
"SO_1276","아야진항","2028-11-18","2028-11-18 02:50","28","2028-11-18 10:26","-8","2028-11-18 17:24","19","2028-11-18 21:52","14"
"SO_1276","아야진항","2028-11-19","2028-11-19 03:34","29","2028-11-19 11:15","-7","2028-11-19 18:17","19","2028-11-19 22:32","15"
"SO_1276","아야진항","2028-11-20","2028-11-20 04:18","29","2028-11-20 12:03","-5","2028-11-20 19:11","18","2028-11-20 23:17","15"
"SO_1276","아야진항","2028-11-21","2028-11-21 05:03","27","2028-11-21 12:51","-3","2028-11-21 20:12","16","",""
"SO_1276","아야진항","2028-11-22","2028-11-22 05:51","23","2028-11-22 00:10","14","2028-11-22 21:20","15","2028-11-22 13:39","-1"
"SO_1276","아야진항","2028-11-23","2028-11-23 06:44","19","2028-11-23 01:17","13","2028-11-23 22:19","14","2028-11-23 14:29",""
"SO_1276","아야진항","2028-11-24","2028-11-24 07:47","15","2028-11-24 02:43","11","2028-11-24 23:00","13","2028-11-24 15:22",""
"SO_1276","아야진항","2028-11-25","2028-11-25 09:10","11","2028-11-25 04:38","8","2028-11-25 23:29","12","2028-11-25 16:20","1"
"SO_1276","아야진항","2028-11-26","2028-11-26 11:03","9","2028-11-26 06:01","4","2028-11-26 23:50","12","2028-11-26 17:17","2"
"SO_1276","아야진항","2028-11-27","2028-11-27 12:44","8","2028-11-27 06:50","1","","","2028-11-27 18:03","3"
"SO_1276","아야진항","2028-11-28","2028-11-28 00:08","13","2028-11-28 07:25","-2","2028-11-28 13:51","9","2028-11-28 18:37","4"
"SO_1276","아야진항","2028-11-29","2028-11-29 00:26","14","2028-11-29 07:54","-4","2028-11-29 14:41","11","2028-11-29 19:06","6"
"SO_1276","아야진항","2028-11-30","2028-11-30 00:50","17","2028-11-30 08:23","-5","2028-11-30 15:23","12","2028-11-30 19:35","8"
"SO_1276","아야진항","2028-12-01","2028-12-01 01:18","20","2028-12-01 08:54","-6","2028-12-01 15:59","14","2028-12-01 20:06","10"
"SO_1276","아야진항","2028-12-02","2028-12-02 01:52","23","2028-12-02 09:29","-6","2028-12-02 16:34","15","2028-12-02 20:40","11"
"SO_1276","아야진항","2028-12-03","2028-12-03 02:30","25","2028-12-03 10:08","-6","2028-12-03 17:09","16","2028-12-03 21:17","12"
"SO_1276","아야진항","2028-12-04","2028-12-04 03:11","26","2028-12-04 10:51","-6","2028-12-04 17:47","16","2028-12-04 22:00","12"
"SO_1276","아야진항","2028-12-05","2028-12-05 03:54","27","2028-12-05 11:36","-6","2028-12-05 18:29","16","2028-12-05 22:49","11"
"SO_1276","아야진항","2028-12-06","2028-12-06 04:41","26","2028-12-06 12:22","-5","2028-12-06 19:15","15","2028-12-06 23:45","11"
"SO_1276","아야진항","2028-12-07","2028-12-07 05:31","24","2028-12-07 13:10","-4","2028-12-07 20:02","14","",""
"SO_1276","아야진항","2028-12-08","2028-12-08 06:27","21","2028-12-08 00:51","9","2028-12-08 20:49","14","2028-12-08 13:59","-3"
"SO_1276","아야진항","2028-12-09","2028-12-09 07:36","17","2028-12-09 02:07","7","2028-12-09 21:30","15","2028-12-09 14:49","-1"
"SO_1276","아야진항","2028-12-10","2028-12-10 09:02","14","2028-12-10 03:29","5","2028-12-10 22:10","16","2028-12-10 15:43","2"
"SO_1276","아야진항","2028-12-11","2028-12-11 10:45","13","2028-12-11 04:51","2","2028-12-11 22:50","18","2028-12-11 16:41","5"
"SO_1276","아야진항","2028-12-12","2028-12-12 12:27","13","2028-12-12 06:03","-1","2028-12-12 23:32","20","2028-12-12 17:40","8"
"SO_1276","아야진항","2028-12-13","2028-12-13 13:57","14","2028-12-13 07:04","-4","","","2028-12-13 18:35","10"
"SO_1276","아야진항","2028-12-14","2028-12-14 00:17","23","2028-12-14 07:58","-6","2028-12-14 15:07","16","2028-12-14 19:24","12"
"SO_1276","아야진항","2028-12-15","2028-12-15 01:04","26","2028-12-15 08:48","-7","2028-12-15 15:58","17","2028-12-15 20:09","13"
"SO_1276","아야진항","2028-12-16","2028-12-16 01:52","28","2028-12-16 09:35","-8","2028-12-16 16:38","18","2028-12-16 20:51","14"
"SO_1276","아야진항","2028-12-17","2028-12-17 02:39","29","2028-12-17 10:19","-7","2028-12-17 17:11","18","2028-12-17 21:33","13"
"SO_1276","아야진항","2028-12-18","2028-12-18 03:25","29","2028-12-18 11:01","-7","2028-12-18 17:41","17","2028-12-18 22:15","12"
"SO_1276","아야진항","2028-12-19","2028-12-19 04:08","28","2028-12-19 11:40","-6","2028-12-19 18:11","16","2028-12-19 22:59","11"
"SO_1276","아야진항","2028-12-20","2028-12-20 04:51","25","2028-12-20 12:18","-4","2028-12-20 18:44","15","2028-12-20 23:46","10"
"SO_1276","아야진항","2028-12-21","2028-12-21 05:32","22","2028-12-21 12:53","-3","2028-12-21 19:21","14","",""
"SO_1276","아야진항","2028-12-22","2028-12-22 06:14","18","2028-12-22 00:40","9","2028-12-22 20:03","13","2028-12-22 13:26","-1"
"SO_1276","아야진항","2028-12-23","2028-12-23 07:03","14","2028-12-23 01:44","7","2028-12-23 20:48","13","2028-12-23 13:59",""
"SO_1276","아야진항","2028-12-24","2028-12-24 08:07","10","2028-12-24 03:08","6","2028-12-24 21:32","13","2028-12-24 14:34","3"
"SO_1276","아야진항","2028-12-25","2028-12-25 09:58","8","2028-12-25 04:50","5","2028-12-25 22:11","14","2028-12-25 15:13","5"
"SO_1276","아야진항","2028-12-26","2028-12-26 12:43","9","2028-12-26 06:03","3","2028-12-26 22:47","16","2028-12-26 16:03","8"
"SO_1276","아야진항","2028-12-27","2028-12-27 14:08","11","2028-12-27 06:50","1","2028-12-27 23:23","19","2028-12-27 17:03","10"
"SO_1276","아야진항","2028-12-28","2028-12-28 14:57","13","2028-12-28 07:28","-1","","","2028-12-28 18:00","12"
"SO_1276","아야진항","2028-12-29","2028-12-29 00:03","21","2028-12-29 08:04","-2","2028-12-29 15:31","15","2028-12-29 18:49","13"
"SO_1276","아야진항","2028-12-30","2028-12-30 00:46","24","2028-12-30 08:41","-4","2028-12-30 16:01","16","2028-12-30 19:35","13"
"SO_1276","아야진항","2028-12-31","2028-12-31 01:32","26","2028-12-31 09:21","-5","2028-12-31 16:28","17","2028-12-31 20:20","13"
"SO_1277","화순항","2028-01-01","2028-01-01 12:50","241","2028-01-01 06:15","26","","","2028-01-01 19:10","81"
"SO_1277","화순항","2028-01-02","2028-01-02 00:34","195","2028-01-02 06:48","43","2028-01-02 13:20","229","2028-01-02 19:45","83"
"SO_1277","화순항","2028-01-03","2028-01-03 01:16","186","2028-01-03 07:24","62","2028-01-03 13:52","215","2028-01-03 20:24","84"
"SO_1277","화순항","2028-01-04","2028-01-04 02:06","178","2028-01-04 08:05","83","2028-01-04 14:26","202","2028-01-04 21:09","84"
"SO_1277","화순항","2028-01-05","2028-01-05 03:07","173","2028-01-05 09:00","103","2028-01-05 15:08","190","2028-01-05 22:04","81"
"SO_1277","화순항","2028-01-06","2028-01-06 04:23","174","2028-01-06 10:16","119","2028-01-06 16:01","180","2028-01-06 23:06","73"
"SO_1277","화순항","2028-01-07","2028-01-07 05:51","185","2028-01-07 11:53","126","2028-01-07 17:08","174","",""
"SO_1277","화순항","2028-01-08","2028-01-08 07:11","205","2028-01-08 00:10","60","2028-01-08 18:23","176","2028-01-08 13:22","121"
"SO_1277","화순항","2028-01-09","2028-01-09 00:00","251","2028-01-09 00:00","60","2028-01-09 08:11","229","2028-01-09 01:09","42"
"SO_1277","화순항","2028-01-10","2028-01-10 00:00","244","2028-01-10 00:00","52","2028-01-10 09:00","255","2028-01-10 02:04","21"
"SO_1277","화순항","2028-01-11","2028-01-11 09:45","277","2028-01-11 02:56","-1","2028-01-11 21:19","214","2028-01-11 16:05","79"
"SO_1277","화순항","2028-01-12","2028-01-12 10:27","294","2028-01-12 03:45","-21","2028-01-12 22:07","228","2028-01-12 16:48","63"
"SO_1277","화순항","2028-01-13","2028-01-13 11:09","303","2028-01-13 04:33","-33","2028-01-13 22:54","237","2028-01-13 17:29","50"
"SO_1277","화순항","2028-01-14","2028-01-14 11:49","301","2028-01-14 05:19","-35","2028-01-14 23:41","239","2028-01-14 18:10","41"
"SO_1277","화순항","2028-01-15","2028-01-15 12:29","289","2028-01-15 06:05","-25","","","2028-01-15 18:51","37"
"SO_1277","화순항","2028-01-16","2028-01-16 00:29","234","2028-01-16 06:50","-3","2028-01-16 13:08","269","2028-01-16 19:32","37"
"SO_1277","화순항","2028-01-17","2028-01-17 01:20","223","2028-01-17 07:36","29","2028-01-17 13:46","243","2028-01-17 20:15","42"
"SO_1277","화순항","2028-01-18","2028-01-18 02:17","207","2028-01-18 08:27","64","2028-01-18 14:25","216","2028-01-18 21:04","50"
"SO_1277","화순항","2028-01-19","2028-01-19 03:25","192","2028-01-19 09:28","99","2028-01-19 15:07","190","2028-01-19 22:02","57"
"SO_1277","화순항","2028-01-20","2028-01-20 05:00","184","2028-01-20 10:59","124","2028-01-20 16:02","169","2028-01-20 23:16","61"
"SO_1277","화순항","2028-01-21","2028-01-21 07:01","192","2028-01-21 13:04","129","2028-01-21 17:27","157","",""
"SO_1277","화순항","2028-01-22","2028-01-22 08:14","208","2028-01-22 00:36","57","2028-01-22 19:02","159","2028-01-22 14:25","119"
"SO_1277","화순항","2028-01-23","2028-01-23 08:58","224","2028-01-23 01:41","47","2028-01-23 20:05","171","2028-01-23 15:11","107"
"SO_1277","화순항","2028-01-24","2028-01-24 09:32","237","2028-01-24 02:31","34","2028-01-24 20:50","186","2028-01-24 15:45","95"
"SO_1277","화순항","2028-01-25","2028-01-25 10:02","248","2028-01-25 03:12","22","2028-01-25 21:28","200","2028-01-25 16:15","83"
"SO_1277","화순항","2028-01-26","2028-01-26 10:29","256","2028-01-26 03:49","11","2028-01-26 22:02","212","2028-01-26 16:43","73"
"SO_1277","화순항","2028-01-27","2028-01-27 10:56","260","2028-01-27 04:23","5","2028-01-27 22:35","219","2028-01-27 17:10","65"
"SO_1277","화순항","2028-01-28","2028-01-28 11:22","259","2028-01-28 04:54","4","2028-01-28 23:07","222","2028-01-28 17:37","59"
"SO_1277","화순항","2028-01-29","2028-01-29 11:48","255","2028-01-29 05:24","9","2028-01-29 23:39","221","2028-01-29 18:03","55"
"SO_1277","화순항","2028-01-30","2028-01-30 12:13","247","2028-01-30 05:55","19","","","2028-01-30 18:30","53"
"SO_1277","화순항","2028-01-31","2028-01-31 00:13","217","2028-01-31 06:25","35","2028-01-31 12:38","237","2028-01-31 18:59","54"
"SO_1277","화순항","2028-02-01","2028-02-01 00:50","211","2028-02-01 06:57","54","2028-02-01 13:04","224","2028-02-01 19:31","57"
"SO_1277","화순항","2028-02-02","2028-02-02 01:31","203","2028-02-02 07:33","76","2028-02-02 13:33","209","2028-02-02 20:08","62"
"SO_1277","화순항","2028-02-03","2028-02-03 02:21","194","2028-02-03 08:18","100","2028-02-03 14:06","194","2028-02-03 20:55","67"
"SO_1277","화순항","2028-02-04","2028-02-04 03:27","188","2028-02-04 09:24","121","2028-02-04 14:51","179","2028-02-04 22:01","70"
"SO_1277","화순항","2028-02-05","2028-02-05 04:59","189","2028-02-05 11:12","135","2028-02-05 16:06","166","2028-02-05 23:24","65"
"SO_1277","화순항","2028-02-06","2028-02-06 06:46","203","2028-02-06 13:13","129","2028-02-06 17:54","164","",""
"SO_1277","화순항","2028-02-07","2028-02-07 07:58","228","2028-02-07 00:45","49","2028-02-07 19:21","178","2028-02-07 14:24","111"
"SO_1277","화순항","2028-02-08","2028-02-08 08:48","254","2028-02-08 01:51","25","2028-02-08 20:23","199","2028-02-08 15:11","89"
"SO_1277","화순항","2028-02-09","2028-02-09 09:30","277","2028-02-09 02:47","-1","2028-02-09 21:13","223","2028-02-09 15:51","66"
"SO_1277","화순항","2028-02-10","2028-02-10 10:09","294","2028-02-10 03:37","-23","2028-02-10 22:00","244","2028-02-10 16:28","43"
"SO_1277","화순항","2028-02-11","2028-02-11 10:46","301","2028-02-11 04:23","-37","2028-02-11 22:44","259","2028-02-11 17:05","23"
"SO_1277","화순항","2028-02-12","2028-02-12 11:22","298","2028-02-12 05:06","-37","2028-02-12 23:29","264","2028-02-12 17:42","9"
"SO_1277","화순항","2028-02-13","2028-02-13 11:57","285","2028-02-13 05:49","-24","","","2028-02-13 18:18","4"
"SO_1277","화순항","2028-02-14","2028-02-14 00:14","259","2028-02-14 06:32","3","2028-02-14 12:31","263","2028-02-14 18:55","8"
"SO_1277","화순항","2028-02-15","2028-02-15 01:00","244","2028-02-15 07:15","38","2028-02-15 13:04","235","2028-02-15 19:33","20"
"SO_1277","화순항","2028-02-16","2028-02-16 01:51","223","2028-02-16 08:00","76","2028-02-16 13:37","207","2028-02-16 20:14","38"
"SO_1277","화순항","2028-02-17","2028-02-17 02:52","201","2028-02-17 08:56","112","2028-02-17 14:10","180","2028-02-17 21:06","57"
"SO_1277","화순항","2028-02-18","2028-02-18 04:27","184","2028-02-18 10:34","136","2028-02-18 14:54","158","2028-02-18 22:26","72"
"SO_1277","화순항","2028-02-19","2028-02-19 06:55","187","2028-02-19 13:21","135","","","",""
"SO_1277","화순항","2028-02-20","2028-02-20 08:05","202","2028-02-20 00:13","74","2028-02-20 19:02","153","2028-02-20 14:26","120"
"SO_1277","화순항","2028-02-21","2028-02-21 08:43","215","2028-02-21 01:30","63","2028-02-21 20:00","171","2028-02-21 14:57","105"
"SO_1277","화순항","2028-02-22","2028-02-22 09:11","227","2028-02-22 02:20","48","2028-02-22 20:40","189","2028-02-22 15:24","90"
"SO_1277","화순항","2028-02-23","2028-02-23 09:36","238","2028-02-23 02:59","34","2028-02-23 21:14","206","2028-02-23 15:49","76"
"SO_1277","화순항","2028-02-24","2028-02-24 10:01","246","2028-02-24 03:33","22","2028-02-24 21:46","220","2028-02-24 16:13","62"
"SO_1277","화순항","2028-02-25","2028-02-25 10:25","251","2028-02-25 04:04","15","2028-02-25 22:17","231","2028-02-25 16:37","50"
"SO_1277","화순항","2028-02-26","2028-02-26 10:48","252","2028-02-26 04:34","12","2028-02-26 22:48","238","2028-02-26 17:01","39"
"SO_1277","화순항","2028-02-27","2028-02-27 11:12","250","2028-02-27 05:04","16","2028-02-27 23:19","241","2028-02-27 17:27","32"
"SO_1277","화순항","2028-02-28","2028-02-28 11:36","245","2028-02-28 05:33","25","2028-02-28 23:52","241","2028-02-28 17:52","29"
"SO_1277","화순항","2028-02-29","2028-02-29 12:00","236","2028-02-29 06:04","39","","","2028-02-29 18:20","30"
"SO_1277","화순항","2028-03-01","2028-03-01 00:27","236","2028-03-01 06:37","57","2028-03-01 12:26","224","2028-03-01 18:49","35"
"SO_1277","화순항","2028-03-02","2028-03-02 01:06","228","2028-03-02 07:13","79","2028-03-02 12:54","210","2028-03-02 19:24","45"
"SO_1277","화순항","2028-03-03","2028-03-03 01:52","216","2028-03-03 07:57","102","2028-03-03 13:26","193","2028-03-03 20:09","57"
"SO_1277","화순항","2028-03-04","2028-03-04 02:55","204","2028-03-04 09:04","125","2028-03-04 14:09","175","2028-03-04 21:17","68"
"SO_1277","화순항","2028-03-05","2028-03-05 04:30","198","2028-03-05 11:02","136","2028-03-05 15:36","159","2028-03-05 22:55","70"
"SO_1277","화순항","2028-03-06","2028-03-06 06:24","208","2028-03-06 13:08","125","2028-03-06 17:51","160","",""
"SO_1277","화순항","2028-03-07","2028-03-07 07:37","229","2028-03-07 00:28","56","2028-03-07 19:17","180","2028-03-07 14:08","102"
"SO_1277","화순항","2028-03-08","2028-03-08 08:24","251","2028-03-08 01:39","32","2028-03-08 20:15","208","2028-03-08 14:48","75"
"SO_1277","화순항","2028-03-09","2028-03-09 09:03","270","2028-03-09 02:35","7","2028-03-09 21:02","236","2028-03-09 15:24","47"
"SO_1277","화순항","2028-03-10","2028-03-10 09:40","282","2028-03-10 03:23","-13","2028-03-10 21:47","260","2028-03-10 16:00","20"
"SO_1277","화순항","2028-03-11","2028-03-11 10:15","286","2028-03-11 04:08","-22","2028-03-11 22:31","276","2028-03-11 16:35","-1"
"SO_1277","화순항","2028-03-12","2028-03-12 10:50","281","2028-03-12 04:51","-18","2028-03-12 23:14","281","2028-03-12 17:09","-14"
"SO_1277","화순항","2028-03-13","2028-03-13 11:23","267","2028-03-13 05:33","-2","2028-03-13 23:57","275","2028-03-13 17:44","-16"
"SO_1277","화순항","2028-03-14","2028-03-14 11:56","246","2028-03-14 06:14","25","","","2028-03-14 18:20","-7"
"SO_1277","화순항","2028-03-15","2028-03-15 00:42","258","2028-03-15 06:57","58","2028-03-15 12:28","221","2028-03-15 18:55","11"
"SO_1277","화순항","2028-03-16","2028-03-16 01:30","235","2028-03-16 07:42","91","2028-03-16 12:58","196","2028-03-16 19:34","35"
"SO_1277","화순항","2028-03-17","2028-03-17 02:27","210","2028-03-17 08:40","120","2028-03-17 13:30","173","2028-03-17 20:22","60"
"SO_1277","화순항","2028-03-18","2028-03-18 03:53","190","2028-03-18 10:19","138","","","2028-03-18 21:40","81"
"SO_1277","화순항","2028-03-19","2028-03-19 06:11","187","2028-03-19 12:58","133","","","2028-03-19 23:37","87"
"SO_1277","화순항","2028-03-20","2028-03-20 07:26","196","2028-03-20 13:54","117","2028-03-20 18:47","154","",""
"SO_1277","화순항","2028-03-21","2028-03-21 08:05","206","2028-03-21 01:03","78","2028-03-21 19:42","173","2028-03-21 14:23","101"
"SO_1277","화순항","2028-03-22","2028-03-22 08:34","215","2028-03-22 01:56","65","2028-03-22 20:20","192","2028-03-22 14:48","85"
"SO_1277","화순항","2028-03-23","2028-03-23 08:59","223","2028-03-23 02:35","53","2028-03-23 20:54","209","2028-03-23 15:12","69"
"SO_1277","화순항","2028-03-24","2028-03-24 09:23","230","2028-03-24 03:09","42","2028-03-24 21:25","225","2028-03-24 15:36","53"
"SO_1277","화순항","2028-03-25","2028-03-25 09:46","235","2028-03-25 03:41","35","2028-03-25 21:56","239","2028-03-25 15:59","38"
"SO_1277","화순항","2028-03-26","2028-03-26 10:09","238","2028-03-26 04:11","33","2028-03-26 22:27","250","2028-03-26 16:23","26"
"SO_1277","화순항","2028-03-27","2028-03-27 10:33","238","2028-03-27 04:42","34","2028-03-27 22:59","258","2028-03-27 16:49","17"
"SO_1277","화순항","2028-03-28","2028-03-28 10:59","236","2028-03-28 05:13","41","2028-03-28 23:32","260","2028-03-28 17:17","13"
"SO_1277","화순항","2028-03-29","2028-03-29 11:26","229","2028-03-29 05:46","52","","","2028-03-29 17:46","15"
"SO_1277","화순항","2028-03-30","2028-03-30 00:08","257","2028-03-30 06:22","68","2028-03-30 11:56","219","2028-03-30 18:19","23"
"SO_1277","화순항","2028-03-31","2028-03-31 00:49","248","2028-03-31 07:03","88","2028-03-31 12:27","204","2028-03-31 18:57","37"
"SO_1277","화순항","2028-04-01","2028-04-01 01:38","233","2028-04-01 07:54","109","2028-04-01 13:04","187","2028-04-01 19:45","53"
"SO_1277","화순항","2028-04-02","2028-04-02 02:43","218","2028-04-02 09:11","126","2028-04-02 13:58","169","2028-04-02 20:59","68"
"SO_1277","화순항","2028-04-03","2028-04-03 04:15","209","2028-04-03 11:03","128","2028-04-03 15:49","157","2028-04-03 22:38","73"
"SO_1277","화순항","2028-04-04","2028-04-04 05:52","215","2028-04-04 12:40","112","2028-04-04 17:49","166","",""
"SO_1277","화순항","2028-04-05","2028-04-05 06:59","228","2028-04-05 00:10","62","2028-04-05 19:05","190","2028-04-05 13:34","88"
"SO_1277","화순항","2028-04-06","2028-04-06 07:47","242","2028-04-06 01:21","44","2028-04-06 20:00","219","2028-04-06 14:14","60"
"SO_1277","화순항","2028-04-07","2028-04-07 08:27","253","2028-04-07 02:16","27","2028-04-07 20:47","247","2028-04-07 14:51","32"
"SO_1277","화순항","2028-04-08","2028-04-08 09:05","259","2028-04-08 03:05","15","2028-04-08 21:32","269","2028-04-08 15:26","7"
"SO_1277","화순항","2028-04-09","2028-04-09 09:41","260","2028-04-09 03:51","12","2028-04-09 22:16","284","2028-04-09 16:02","-12"
"SO_1277","화순항","2028-04-10","2028-04-10 10:17","254","2028-04-10 04:35","18","2028-04-10 22:59","287","2028-04-10 16:38","-21"
"SO_1277","화순항","2028-04-11","2028-04-11 10:52","242","2028-04-11 05:18","33","2028-04-11 23:43","280","2028-04-11 17:14","-19"
"SO_1277","화순항","2028-04-12","2028-04-12 11:26","226","2028-04-12 06:01","55","","","2028-04-12 17:50","-6"
"SO_1277","화순항","2028-04-13","2028-04-13 00:27","264","2028-04-13 06:44","79","2028-04-13 11:59","207","2028-04-13 18:26","14"
"SO_1277","화순항","2028-04-14","2028-04-14 01:14","242","2028-04-14 07:32","103","2028-04-14 12:33","189","2028-04-14 19:05","39"
"SO_1277","화순항","2028-04-15","2028-04-15 02:07","219","2028-04-15 08:30","122","2028-04-15 13:11","171","2028-04-15 19:52","64"
"SO_1277","화순항","2028-04-16","2028-04-16 03:16","200","2028-04-16 09:52","132","2028-04-16 14:08","155","2028-04-16 21:00","85"
"SO_1277","화순항","2028-04-17","2028-04-17 04:51","191","2028-04-17 11:41","129","2028-04-17 16:07","148","2028-04-17 22:38","96"
"SO_1277","화순항","2028-04-18","2028-04-18 06:15","191","2028-04-18 12:53","116","2028-04-18 18:04","157","",""
"SO_1277","화순항","2028-04-19","2028-04-19 07:06","196","2028-04-19 00:11","95","2028-04-19 19:09","174","2028-04-19 13:32","101"
"SO_1277","화순항","2028-04-20","2028-04-20 07:41","202","2028-04-20 01:15","87","2028-04-20 19:52","192","2028-04-20 14:01","84"
"SO_1277","화순항","2028-04-21","2028-04-21 08:09","207","2028-04-21 02:01","79","2028-04-21 20:28","210","2028-04-21 14:27","68"
"SO_1277","화순항","2028-04-22","2028-04-22 08:35","213","2028-04-22 02:38","71","2028-04-22 21:00","228","2028-04-22 14:52","52"
"SO_1277","화순항","2028-04-23","2028-04-23 09:01","218","2028-04-23 03:13","65","2028-04-23 21:32","245","2028-04-23 15:17","36"
"SO_1277","화순항","2028-04-24","2028-04-24 09:28","222","2028-04-24 03:47","62","2028-04-24 22:05","260","2028-04-24 15:45","22"
"SO_1277","화순항","2028-04-25","2028-04-25 09:56","226","2028-04-25 04:21","61","2028-04-25 22:39","270","2028-04-25 16:15","12"
"SO_1277","화순항","2028-04-26","2028-04-26 10:27","226","2028-04-26 04:56","64","2028-04-26 23:16","275","2028-04-26 16:47","8"
"SO_1277","화순항","2028-04-27","2028-04-27 10:59","222","2028-04-27 05:33","72","2028-04-27 23:56","272","2028-04-27 17:22","11"
"SO_1277","화순항","2028-04-28","2028-04-28 11:35","214","2028-04-28 06:15","84","","","2028-04-28 18:01","20"
"SO_1277","화순항","2028-04-29","2028-04-29 00:41","262","2028-04-29 07:02","98","2028-04-29 12:14","201","2028-04-29 18:45","35"
"SO_1277","화순항","2028-04-30","2028-04-30 01:34","248","2028-04-30 08:01","111","2028-04-30 13:03","186","2028-04-30 19:41","52"
"SO_1277","화순항","2028-05-01","2028-05-01 02:39","234","2028-05-01 09:16","119","2028-05-01 14:15","172","2028-05-01 20:54","68"
"SO_1277","화순항","2028-05-02","2028-05-02 03:55","224","2028-05-02 10:40","114","2028-05-02 15:57","168","2028-05-02 22:20","76"
"SO_1277","화순항","2028-05-03","2028-05-03 05:10","222","2028-05-03 11:54","99","2028-05-03 17:32","180","2028-05-03 23:45","75"
"SO_1277","화순항","2028-05-04","2028-05-04 06:12","224","2028-05-04 12:50","77","2028-05-04 18:45","202","",""
"SO_1277","화순항","2028-05-05","2028-05-05 07:02","228","2028-05-05 00:56","68","2028-05-05 19:42","227","2028-05-05 13:34","53"
"SO_1277","화순항","2028-05-06","2028-05-06 07:46","231","2028-05-06 01:56","61","2028-05-06 20:33","251","2028-05-06 14:14","29"
"SO_1277","화순항","2028-05-07","2028-05-07 08:27","232","2028-05-07 02:49","56","2028-05-07 21:20","270","2028-05-07 14:54","10"
"SO_1277","화순항","2028-05-08","2028-05-08 09:08","231","2028-05-08 03:37","56","2028-05-08 22:05","281","2028-05-08 15:32","-3"
"SO_1277","화순항","2028-05-09","2028-05-09 09:47","228","2028-05-09 04:24","61","2028-05-09 22:49","285","2028-05-09 16:11","-8"
"SO_1277","화순항","2028-05-10","2028-05-10 10:25","222","2028-05-10 05:08","70","2028-05-10 23:32","279","2028-05-10 16:49","-4"
"SO_1277","화순항","2028-05-11","2028-05-11 11:03","214","2028-05-11 05:52","82","","","2028-05-11 17:27","8"
"SO_1277","화순항","2028-05-12","2028-05-12 00:15","267","2028-05-12 06:36","96","2028-05-12 11:40","203","2028-05-12 18:06","25"
"SO_1277","화순항","2028-05-13","2028-05-13 00:59","251","2028-05-13 07:21","109","2028-05-13 12:19","191","2028-05-13 18:46","46"
"SO_1277","화순항","2028-05-14","2028-05-14 01:44","233","2028-05-14 08:11","119","2028-05-14 13:01","179","2028-05-14 19:30","67"
"SO_1277","화순항","2028-05-15","2028-05-15 02:35","216","2028-05-15 09:09","125","2028-05-15 13:58","168","2028-05-15 20:23","87"
"SO_1277","화순항","2028-05-16","2028-05-16 03:33","203","2028-05-16 10:17","125","2028-05-16 15:20","161","2028-05-16 21:32","103"
"SO_1277","화순항","2028-05-17","2028-05-17 04:36","196","2028-05-17 11:27","117","2028-05-17 16:55","164","2028-05-17 22:53","111"
"SO_1277","화순항","2028-05-18","2028-05-18 05:35","193","2028-05-18 12:20","105","2028-05-18 18:16","176","",""
"SO_1277","화순항","2028-05-19","2028-05-19 06:23","193","2028-05-19 00:12","113","2028-05-19 19:13","192","2028-05-19 12:59","91"
"SO_1277","화순항","2028-05-20","2028-05-20 07:02","196","2028-05-20 01:14","110","2028-05-20 19:55","211","2028-05-20 13:32","75"
"SO_1277","화순항","2028-05-21","2028-05-21 07:37","200","2028-05-21 02:02","105","2028-05-21 20:33","231","2028-05-21 14:03","59"
"SO_1277","화순항","2028-05-22","2028-05-22 08:11","206","2028-05-22 02:44","99","2028-05-22 21:09","250","2028-05-22 14:35","43"
"SO_1277","화순항","2028-05-23","2028-05-23 08:47","213","2028-05-23 03:23","94","2028-05-23 21:46","267","2028-05-23 15:09","29"
"SO_1277","화순항","2028-05-24","2028-05-24 09:24","219","2028-05-24 04:03","91","2028-05-24 22:25","280","2028-05-24 15:47","18"
"SO_1277","화순항","2028-05-25","2028-05-25 10:02","223","2028-05-25 04:43","89","2028-05-25 23:06","286","2028-05-25 16:26","12"
"SO_1277","화순항","2028-05-26","2028-05-26 10:42","223","2028-05-26 05:26","91","2028-05-26 23:50","286","2028-05-26 17:08","12"
"SO_1277","화순항","2028-05-27","2028-05-27 11:26","219","2028-05-27 06:12","95","","","2028-05-27 17:54","20"
"SO_1277","화순항","2028-05-28","2028-05-28 00:38","279","2028-05-28 07:03","101","2028-05-28 12:14","210","2028-05-28 18:44","33"
"SO_1277","화순항","2028-05-29","2028-05-29 01:29","267","2028-05-29 07:58","105","2028-05-29 13:11","200","2028-05-29 19:40","51"
"SO_1277","화순항","2028-05-30","2028-05-30 02:24","253","2028-05-30 08:58","105","2028-05-30 14:22","191","2028-05-30 20:45","69"
"SO_1277","화순항","2028-05-31","2028-05-31 03:23","239","2028-05-31 10:02","100","2028-05-31 15:44","190","2028-05-31 21:57","85"
"SO_1277","화순항","2028-06-01","2028-06-01 04:22","228","2028-06-01 11:05","89","2028-06-01 17:08","197","2028-06-01 23:15","97"
"SO_1277","화순항","2028-06-02","2028-06-02 05:19","219","2028-06-02 12:03","74","2028-06-02 18:25","213","",""
"SO_1277","화순항","2028-06-03","2028-06-03 06:14","213","2028-06-03 00:32","102","2028-06-03 19:30","232","2028-06-03 12:54","58"
"SO_1277","화순항","2028-06-04","2028-06-04 07:06","210","2028-06-04 01:41","102","2028-06-04 20:26","250","2028-06-04 13:42","42"
"SO_1277","화순항","2028-06-05","2028-06-05 07:56","210","2028-06-05 02:41","100","2028-06-05 21:16","266","2028-06-05 14:27","29"
"SO_1277","화순항","2028-06-06","2028-06-06 08:43","212","2028-06-06 03:32","98","2028-06-06 22:01","277","2028-06-06 15:11","19"
"SO_1277","화순항","2028-06-07","2028-06-07 09:27","215","2028-06-07 04:19","97","2028-06-07 22:43","281","2028-06-07 15:53","15"
"SO_1277","화순항","2028-06-08","2028-06-08 10:09","217","2028-06-08 05:03","98","2028-06-08 23:23","280","2028-06-08 16:34","17"
"SO_1277","화순항","2028-06-09","2028-06-09 10:49","216","2028-06-09 05:43","100","","","2028-06-09 17:13","24"
"SO_1277","화순항","2028-06-10","2028-06-10 00:01","273","2028-06-10 06:22","105","2028-06-10 11:27","213","2028-06-10 17:51","36"
"SO_1277","화순항","2028-06-11","2028-06-11 00:38","262","2028-06-11 07:00","110","2028-06-11 12:06","206","2028-06-11 18:28","52"
"SO_1277","화순항","2028-06-12","2028-06-12 01:14","249","2028-06-12 07:39","115","2028-06-12 12:47","197","2028-06-12 19:05","70"
"SO_1277","화순항","2028-06-13","2028-06-13 01:51","235","2028-06-13 08:20","118","2028-06-13 13:34","188","2028-06-13 19:46","90"
"SO_1277","화순항","2028-06-14","2028-06-14 02:29","221","2028-06-14 09:07","119","2028-06-14 14:33","181","2028-06-14 20:35","109"
"SO_1277","화순항","2028-06-15","2028-06-15 03:10","210","2028-06-15 09:58","116","2028-06-15 15:44","179","2028-06-15 21:36","125"
"SO_1277","화순항","2028-06-16","2028-06-16 03:56","201","2028-06-16 10:52","110","2028-06-16 17:04","184","2028-06-16 22:52","136"
"SO_1277","화순항","2028-06-17","2028-06-17 04:47","196","2028-06-17 11:44","100","2028-06-17 18:19","197","",""
"SO_1277","화순항","2028-06-18","2028-06-18 05:40","194","2028-06-18 00:14","140","2028-06-18 19:19","215","2028-06-18 12:31","88"
"SO_1277","화순항","2028-06-19","2028-06-19 06:34","196","2028-06-19 01:23","137","2028-06-19 20:07","236","2028-06-19 13:15","73"
"SO_1277","화순항","2028-06-20","2028-06-20 07:25","202","2028-06-20 02:18","131","2028-06-20 20:51","256","2028-06-20 13:59","57"
"SO_1277","화순항","2028-06-21","2028-06-21 08:14","211","2028-06-21 03:06","123","2028-06-21 21:33","276","2028-06-21 14:44","41"
"SO_1277","화순항","2028-06-22","2028-06-22 09:02","221","2028-06-22 03:51","115","2028-06-22 22:16","291","2028-06-22 15:29","27"
"SO_1277","화순항","2028-06-23","2028-06-23 09:48","230","2028-06-23 04:36","107","2028-06-23 22:59","301","2028-06-23 16:15","17"
"SO_1277","화순항","2028-06-24","2028-06-24 10:35","236","2028-06-24 05:20","100","2028-06-24 23:42","304","2028-06-24 17:03","13"
"SO_1277","화순항","2028-06-25","2028-06-25 11:23","237","2028-06-25 06:05","95","","","2028-06-25 17:51","18"
"SO_1277","화순항","2028-06-26","2028-06-26 00:26","299","2028-06-26 06:51","91","2028-06-26 12:14","234","2028-06-26 18:40","31"
"SO_1277","화순항","2028-06-27","2028-06-27 01:11","287","2028-06-27 07:38","90","2028-06-27 13:09","227","2028-06-27 19:31","52"
"SO_1277","화순항","2028-06-28","2028-06-28 01:56","270","2028-06-28 08:27","89","2028-06-28 14:11","219","2028-06-28 20:26","77"
"SO_1277","화순항","2028-06-29","2028-06-29 02:43","250","2028-06-29 09:19","87","2028-06-29 15:22","213","2028-06-29 21:29","104"
"SO_1277","화순항","2028-06-30","2028-06-30 03:32","230","2028-06-30 10:17","85","2028-06-30 16:43","213","2028-06-30 22:46","126"
"SO_1277","화순항","2028-07-01","2028-07-01 04:25","213","2028-07-01 11:19","80","2028-07-01 18:14","220","",""
"SO_1277","화순항","2028-07-02","2028-07-02 05:27","201","2028-07-02 00:18","138","2028-07-02 19:34","235","2028-07-02 12:22","73"
"SO_1277","화순항","2028-07-03","2028-07-03 06:35","196","2028-07-03 01:43","138","2028-07-03 20:33","251","2028-07-03 13:21","63"
"SO_1277","화순항","2028-07-04","2028-07-04 07:39","199","2028-07-04 02:47","132","2028-07-04 21:20","265","2028-07-04 14:14","53"
"SO_1277","화순항","2028-07-05","2028-07-05 08:32","207","2028-07-05 03:35","125","2028-07-05 21:59","275","2028-07-05 15:01","44"
"SO_1277","화순항","2028-07-06","2028-07-06 09:18","217","2028-07-06 04:16","118","2028-07-06 22:35","282","2028-07-06 15:44","38"
"SO_1277","화순항","2028-07-07","2028-07-07 09:59","225","2028-07-07 04:52","111","2028-07-07 23:08","283","2028-07-07 16:23","35"
"SO_1277","화순항","2028-07-08","2028-07-08 10:37","230","2028-07-08 05:26","107","2028-07-08 23:39","280","2028-07-08 16:59","37"
"SO_1277","화순항","2028-07-09","2028-07-09 11:13","230","2028-07-09 05:58","105","","","2028-07-09 17:34","45"
"SO_1277","화순항","2028-07-10","2028-07-10 00:09","273","2028-07-10 06:29","105","2028-07-10 11:48","227","2028-07-10 18:07","58"
"SO_1277","화순항","2028-07-11","2028-07-11 00:38","263","2028-07-11 07:00","106","2028-07-11 12:25","221","2028-07-11 18:39","75"
"SO_1277","화순항","2028-07-12","2028-07-12 01:05","251","2028-07-12 07:31","108","2028-07-12 13:05","213","2028-07-12 19:12","94"
"SO_1277","화순항","2028-07-13","2028-07-13 01:34","238","2028-07-13 08:06","110","2028-07-13 13:51","206","2028-07-13 19:51","115"
"SO_1277","화순항","2028-07-14","2028-07-14 02:04","226","2028-07-14 08:46","111","2028-07-14 14:47","201","2028-07-14 20:38","135"
"SO_1277","화순항","2028-07-15","2028-07-15 02:39","214","2028-07-15 09:35","111","2028-07-15 15:57","200","2028-07-15 21:45","152"
"SO_1277","화순항","2028-07-16","2028-07-16 03:24","204","2028-07-16 10:33","108","2028-07-16 17:20","207","2028-07-16 23:16","162"
"SO_1277","화순항","2028-07-17","2028-07-17 04:25","198","2028-07-17 11:36","100","2028-07-17 18:46","222","",""
"SO_1277","화순항","2028-07-18","2028-07-18 05:41","197","2028-07-18 00:54","161","2028-07-18 19:50","243","2028-07-18 12:38","87"
"SO_1277","화순항","2028-07-19","2028-07-19 06:56","203","2028-07-19 02:05","152","2028-07-19 20:39","265","2028-07-19 13:36","69"
"SO_1277","화순항","2028-07-20","2028-07-20 07:59","215","2028-07-20 02:58","139","2028-07-20 21:23","286","2028-07-20 14:29","50"
"SO_1277","화순항","2028-07-21","2028-07-21 08:52","231","2028-07-21 03:43","124","2028-07-21 22:04","304","2028-07-21 15:20","31"
"SO_1277","화순항","2028-07-22","2028-07-22 09:41","246","2028-07-22 04:25","107","2028-07-22 22:45","316","2028-07-22 16:08","17"
"SO_1277","화순항","2028-07-23","2028-07-23 10:29","258","2028-07-23 05:06","92","2028-07-23 23:24","319","2028-07-23 16:55","11"
"SO_1277","화순항","2028-07-24","2028-07-24 11:16","265","2028-07-24 05:45","79","","","2028-07-24 17:41","16"
"SO_1277","화순항","2028-07-25","2028-07-25 00:03","313","2028-07-25 06:26","70","2028-07-25 12:05","265","2028-07-25 18:27","33"
"SO_1277","화순항","2028-07-26","2028-07-26 00:42","298","2028-07-26 07:07","68","2028-07-26 12:56","258","2028-07-26 19:14","60"
"SO_1277","화순항","2028-07-27","2028-07-27 01:21","276","2028-07-27 07:50","70","2028-07-27 13:52","245","2028-07-27 20:05","93"
"SO_1277","화순항","2028-07-28","2028-07-28 02:00","250","2028-07-28 08:36","77","2028-07-28 14:58","232","2028-07-28 21:04","126"
"SO_1277","화순항","2028-07-29","2028-07-29 02:42","225","2028-07-29 09:32","86","2028-07-29 16:25","222","2028-07-29 22:28","153"
"SO_1277","화순항","2028-07-30","2028-07-30 03:34","204","2028-07-30 10:42","92","2028-07-30 18:23","225","",""
"SO_1277","화순항","2028-07-31","2028-07-31 04:52","190","2028-07-31 00:28","162","2028-07-31 19:49","239","2028-07-31 12:03","91"
"SO_1277","화순항","2028-08-01","2028-08-01 06:31","189","2028-08-01 02:03","154","2028-08-01 20:39","253","2028-08-01 13:15","83"
"SO_1277","화순항","2028-08-02","2028-08-02 07:42","199","2028-08-02 02:54","143","2028-08-02 21:16","265","2028-08-02 14:11","72"
"SO_1277","화순항","2028-08-03","2028-08-03 08:31","213","2028-08-03 03:30","131","2028-08-03 21:46","274","2028-08-03 14:56","61"
"SO_1277","화순항","2028-08-04","2028-08-04 09:11","227","2028-08-04 04:01","120","2028-08-04 22:15","280","2028-08-04 15:34","52"
"SO_1277","화순항","2028-08-05","2028-08-05 09:47","238","2028-08-05 04:30","110","2028-08-05 22:42","283","2028-08-05 16:10","47"
"SO_1277","화순항","2028-08-06","2028-08-06 10:21","246","2028-08-06 04:57","102","2028-08-06 23:08","282","2028-08-06 16:42","47"
"SO_1277","화순항","2028-08-07","2028-08-07 10:55","249","2028-08-07 05:24","96","2028-08-07 23:33","277","2028-08-07 17:13","53"
"SO_1277","화순항","2028-08-08","2028-08-08 11:28","248","2028-08-08 05:51","92","","","2028-08-08 17:43","65"
"SO_1277","화순항","2028-08-09","2028-08-09 00:00","269","2028-08-09 06:17","91","2028-08-09 12:01","244","2028-08-09 18:13","81"
"SO_1277","화순항","2028-08-10","2028-08-10 00:22","258","2028-08-10 06:44","92","2028-08-10 12:37","238","2028-08-10 18:44","99"
"SO_1277","화순항","2028-08-11","2028-08-11 00:46","246","2028-08-11 07:14","96","2028-08-11 13:17","230","2028-08-11 19:19","120"
"SO_1277","화순항","2028-08-12","2028-08-12 01:12","233","2028-08-12 07:49","101","2028-08-12 14:05","223","2028-08-12 20:01","141"
"SO_1277","화순항","2028-08-13","2028-08-13 01:42","220","2028-08-13 08:33","107","2028-08-13 15:08","217","2028-08-13 21:04","161"
"SO_1277","화순항","2028-08-14","2028-08-14 02:21","207","2028-08-14 09:36","110","2028-08-14 16:37","216","2028-08-14 22:46","173"
"SO_1277","화순항","2028-08-15","2028-08-15 03:29","196","2028-08-15 10:56","108","2028-08-15 18:24","228","",""
"SO_1277","화순항","2028-08-16","2028-08-16 05:17","193","2028-08-16 00:49","169","2028-08-16 19:37","249","2028-08-16 12:16","96"
"SO_1277","화순항","2028-08-17","2028-08-17 06:51","203","2028-08-17 02:02","154","2028-08-17 20:24","271","2028-08-17 13:23","75"
"SO_1277","화순항","2028-08-18","2028-08-18 07:54","222","2028-08-18 02:47","134","2028-08-18 21:05","292","2028-08-18 14:20","52"
"SO_1277","화순항","2028-08-19","2028-08-19 08:46","245","2028-08-19 03:26","112","2028-08-19 21:43","309","2028-08-19 15:10","31"
"SO_1277","화순항","2028-08-20","2028-08-20 09:33","266","2028-08-20 04:03","89","2028-08-20 22:20","319","2028-08-20 15:57","16"
"SO_1277","화순항","2028-08-21","2028-08-21 10:19","283","2028-08-21 04:39","67","2028-08-21 22:56","319","2028-08-21 16:42","12"
"SO_1277","화순항","2028-08-22","2028-08-22 11:05","292","2028-08-22 05:16","51","2028-08-22 23:32","310","2028-08-22 17:26","21"
"SO_1277","화순항","2028-08-23","2028-08-23 11:51","291","2028-08-23 05:54","42","","","2028-08-23 18:11","43"
"SO_1277","화순항","2028-08-24","2028-08-24 00:08","291","2028-08-24 06:32","42","2028-08-24 12:40","280","2028-08-24 18:56","74"
"SO_1277","화순항","2028-08-25","2028-08-25 00:43","267","2028-08-25 07:12","52","2028-08-25 13:33","262","2028-08-25 19:46","109"
"SO_1277","화순항","2028-08-26","2028-08-26 01:19","239","2028-08-26 07:57","68","2028-08-26 14:38","241","2028-08-26 20:48","142"
"SO_1277","화순항","2028-08-27","2028-08-27 01:58","213","2028-08-27 08:52","87","2028-08-27 16:14","226","2028-08-27 22:27","165"
"SO_1277","화순항","2028-08-28","2028-08-28 02:52","191","2028-08-28 10:13","101","2028-08-28 18:27","227","",""
"SO_1277","화순항","2028-08-29","2028-08-29 19:42","239","2028-08-29 00:53","163","","","2028-08-29 11:54","104"
"SO_1277","화순항","2028-08-30","2028-08-30 06:46","187","2028-08-30 02:03","150","2028-08-30 20:23","249","2028-08-30 13:12","94"
"SO_1277","화순항","2028-08-31","2028-08-31 07:43","203","2028-08-31 02:39","136","2028-08-31 20:53","258","2028-08-31 14:03","82"
"SO_1277","화순항","2028-09-01","2028-09-01 08:24","220","2028-09-01 03:06","122","2028-09-01 21:19","265","2028-09-01 14:44","71"
"SO_1277","화순항","2028-09-02","2028-09-02 08:59","235","2028-09-02 03:32","108","2028-09-02 21:44","270","2028-09-02 15:19","62"
"SO_1277","화순항","2028-09-03","2028-09-03 09:32","247","2028-09-03 03:57","96","2028-09-03 22:08","272","2028-09-03 15:51","57"
"SO_1277","화순항","2028-09-04","2028-09-04 10:03","256","2028-09-04 04:22","85","2028-09-04 22:32","272","2028-09-04 16:21","57"
"SO_1277","화순항","2028-09-05","2028-09-05 10:35","262","2028-09-05 04:46","76","2028-09-05 22:55","268","2028-09-05 16:51","61"
"SO_1277","화순항","2028-09-06","2028-09-06 11:06","264","2028-09-06 05:11","71","2028-09-06 23:18","262","2028-09-06 17:20","71"
"SO_1277","화순항","2028-09-07","2028-09-07 11:38","262","2028-09-07 05:35","68","2028-09-07 23:41","253","2028-09-07 17:51","85"
"SO_1277","화순항","2028-09-08","2028-09-08 12:12","258","2028-09-08 06:02","70","","","2028-09-08 18:22","102"
"SO_1277","화순항","2028-09-09","2028-09-09 00:06","242","2028-09-09 06:31","76","2028-09-09 12:50","250","2028-09-09 18:58","121"
"SO_1277","화순항","2028-09-10","2028-09-10 00:32","229","2028-09-10 07:05","85","2028-09-10 13:36","239","2028-09-10 19:42","142"
"SO_1277","화순항","2028-09-11","2028-09-11 01:03","215","2028-09-11 07:49","96","2028-09-11 14:38","228","2028-09-11 20:50","160"
"SO_1277","화순항","2028-09-12","2028-09-12 01:43","199","2028-09-12 08:56","106","2028-09-12 16:11","222","2028-09-12 22:45","168"
"SO_1277","화순항","2028-09-13","2028-09-13 03:09","186","2028-09-13 10:31","108","2028-09-13 18:00","231","",""
"SO_1277","화순항","2028-09-14","2028-09-14 05:25","186","2028-09-14 00:46","157","2028-09-14 19:10","249","2028-09-14 12:01","96"
"SO_1277","화순항","2028-09-15","2028-09-15 06:51","204","2028-09-15 01:43","136","2028-09-15 19:56","268","2028-09-15 13:11","75"
"SO_1277","화순항","2028-09-16","2028-09-16 07:48","229","2028-09-16 02:22","112","2028-09-16 20:35","285","2028-09-16 14:07","52"
"SO_1277","화순항","2028-09-17","2028-09-17 08:36","256","2028-09-17 02:57","85","2028-09-17 21:12","298","2028-09-17 14:56","33"
"SO_1277","화순항","2028-09-18","2028-09-18 09:21","280","2028-09-18 03:32","58","2028-09-18 21:47","303","2028-09-18 15:42","22"
"SO_1277","화순항","2028-09-19","2028-09-19 10:05","298","2028-09-19 04:08","35","2028-09-19 22:23","300","2028-09-19 16:26","22"
"SO_1277","화순항","2028-09-20","2028-09-20 10:50","307","2028-09-20 04:44","19","2028-09-20 22:59","288","2028-09-20 17:11","34"
"SO_1277","화순항","2028-09-21","2028-09-21 11:36","304","2028-09-21 05:21","14","2028-09-21 23:35","270","2028-09-21 17:56","57"
"SO_1277","화순항","2028-09-22","2028-09-22 12:24","290","2028-09-22 05:59","20","","","2028-09-22 18:42","86"
"SO_1277","화순항","2028-09-23","2028-09-23 00:10","246","2028-09-23 06:39","36","2028-09-23 13:16","268","2028-09-23 19:34","117"
"SO_1277","화순항","2028-09-24","2028-09-24 00:46","221","2028-09-24 07:23","59","2028-09-24 14:20","243","2028-09-24 20:40","144"
"SO_1277","화순항","2028-09-25","2028-09-25 01:27","197","2028-09-25 08:19","84","2028-09-25 15:53","225","2028-09-25 22:25","157"
"SO_1277","화순항","2028-09-26","2028-09-26 02:33","177","2028-09-26 09:44","103","2028-09-26 17:53","221","",""
"SO_1277","화순항","2028-09-27","2028-09-27 04:55","171","2028-09-27 00:32","150","2028-09-27 19:05","227","2028-09-27 11:31","107"
"SO_1277","화순항","2028-09-28","2028-09-28 06:37","184","2028-09-28 01:30","135","2028-09-28 19:46","234","2028-09-28 12:50","100"
"SO_1277","화순항","2028-09-29","2028-09-29 07:30","201","2028-09-29 02:03","120","2028-09-29 20:15","239","2028-09-29 13:42","89"
"SO_1277","화순항","2028-09-30","2028-09-30 08:07","218","2028-09-30 02:30","105","2028-09-30 20:41","244","2028-09-30 14:22","80"
"SO_1277","화순항","2028-10-01","2028-10-01 08:41","233","2028-10-01 02:55","90","2028-10-01 21:05","247","2028-10-01 14:56","72"
"SO_1277","화순항","2028-10-02","2028-10-02 09:13","246","2028-10-02 03:19","76","2028-10-02 21:29","249","2028-10-02 15:28","68"
"SO_1277","화순항","2028-10-03","2028-10-03 09:44","258","2028-10-03 03:43","64","2028-10-03 21:52","249","2028-10-03 15:59","67"
"SO_1277","화순항","2028-10-04","2028-10-04 10:14","266","2028-10-04 04:07","54","2028-10-04 22:17","248","2028-10-04 16:29","70"
"SO_1277","화순항","2028-10-05","2028-10-05 10:45","272","2028-10-05 04:32","47","2028-10-05 22:41","245","2028-10-05 17:00","77"
"SO_1277","화순항","2028-10-06","2028-10-06 11:18","273","2028-10-06 04:59","44","2028-10-06 23:07","239","2028-10-06 17:33","87"
"SO_1277","화순항","2028-10-07","2028-10-07 11:52","269","2028-10-07 05:28","46","2028-10-07 23:35","229","2028-10-07 18:07","100"
"SO_1277","화순항","2028-10-08","2028-10-08 12:32","261","2028-10-08 06:00","54","","","2028-10-08 18:47","117"
"SO_1277","화순항","2028-10-09","2028-10-09 00:06","217","2028-10-09 06:37","66","2028-10-09 13:19","248","2028-10-09 19:38","134"
"SO_1277","화순항","2028-10-10","2028-10-10 00:42","202","2028-10-10 07:24","80","2028-10-10 14:22","234","2028-10-10 20:53","147"
"SO_1277","화순항","2028-10-11","2028-10-11 01:35","185","2028-10-11 08:34","94","2028-10-11 15:49","226","2028-10-11 22:39","148"
"SO_1277","화순항","2028-10-12","2028-10-12 03:24","174","2028-10-12 10:10","98","2028-10-12 17:21","230","",""
"SO_1277","화순항","2028-10-13","2028-10-13 05:22","182","2028-10-13 00:12","133","2028-10-13 18:29","241","2028-10-13 11:40","90"
"SO_1277","화순항","2028-10-14","2028-10-14 06:39","204","2028-10-14 01:06","110","2028-10-14 19:17","253","2028-10-14 12:52","74"
"SO_1277","화순항","2028-10-15","2028-10-15 07:34","231","2028-10-15 01:46","83","2028-10-15 19:58","263","2028-10-15 13:49","57"
"SO_1277","화순항","2028-10-16","2028-10-16 08:22","259","2028-10-16 02:23","55","2028-10-16 20:36","269","2028-10-16 14:39","44"
"SO_1277","화순항","2028-10-17","2028-10-17 09:08","283","2028-10-17 02:59","29","2028-10-17 21:15","271","2028-10-17 15:26","38"
"SO_1277","화순항","2028-10-18","2028-10-18 09:53","299","2028-10-18 03:37","8","2028-10-18 21:52","266","2028-10-18 16:12","41"
"SO_1277","화순항","2028-10-19","2028-10-19 10:38","306","2028-10-19 04:15","-4","2028-10-19 22:30","256","2028-10-19 16:58","51"
"SO_1277","화순항","2028-10-20","2028-10-20 11:24","302","2028-10-20 04:53","-6","2028-10-20 23:07","242","2028-10-20 17:44","69"
"SO_1277","화순항","2028-10-21","2028-10-21 12:12","288","2028-10-21 05:33","4","2028-10-21 23:45","224","2028-10-21 18:32","91"
"SO_1277","화순항","2028-10-22","2028-10-22 13:02","266","2028-10-22 06:13","23","","","2028-10-22 19:24","112"
"SO_1277","화순항","2028-10-23","2028-10-23 00:25","204","2028-10-23 06:58","47","2028-10-23 13:59","243","2028-10-23 20:27","129"
"SO_1277","화순항","2028-10-24","2028-10-24 01:12","185","2028-10-24 07:51","73","2028-10-24 15:10","223","2028-10-24 21:48","137"
"SO_1277","화순항","2028-10-25","2028-10-25 02:21","169","2028-10-25 09:03","94","2028-10-25 16:38","211","2028-10-25 23:23","133"
"SO_1277","화순항","2028-10-26","2028-10-26 04:14","164","2028-10-26 10:35","105","2028-10-26 17:55","209","",""
"SO_1277","화순항","2028-10-27","2028-10-27 05:58","173","2028-10-27 00:32","120","2028-10-27 18:47","210","2028-10-27 12:02","105"
"SO_1277","화순항","2028-10-28","2028-10-28 07:01","189","2028-10-28 01:14","105","2028-10-28 19:24","212","2028-10-28 13:05","100"
"SO_1277","화순항","2028-10-29","2028-10-29 07:44","205","2028-10-29 01:45","90","2028-10-29 19:54","215","2028-10-29 13:51","93"
"SO_1277","화순항","2028-10-30","2028-10-30 08:20","221","2028-10-30 02:12","75","2028-10-30 20:21","218","2028-10-30 14:30","87"
"SO_1277","화순항","2028-10-31","2028-10-31 08:53","237","2028-10-31 02:38","60","2028-10-31 20:48","221","2028-10-31 15:05","82"
"SO_1277","화순항","2028-11-01","2028-11-01 09:24","251","2028-11-01 03:04","47","2028-11-01 21:14","223","2028-11-01 15:38","80"
"SO_1277","화순항","2028-11-02","2028-11-02 09:56","263","2028-11-02 03:31","35","2028-11-02 21:42","226","2028-11-02 16:10","79"
"SO_1277","화순항","2028-11-03","2028-11-03 10:28","272","2028-11-03 04:00","27","2028-11-03 22:11","226","2028-11-03 16:44","81"
"SO_1277","화순항","2028-11-04","2028-11-04 11:03","276","2028-11-04 04:31","22","2028-11-04 22:43","224","2028-11-04 17:20","86"
"SO_1277","화순항","2028-11-05","2028-11-05 11:40","275","2028-11-05 05:05","23","2028-11-05 23:18","217","2028-11-05 17:59","94"
"SO_1277","화순항","2028-11-06","2028-11-06 12:23","267","2028-11-06 05:42","30","2028-11-06 23:55","207","2028-11-06 18:44","105"
"SO_1277","화순항","2028-11-07","2028-11-07 13:12","255","2028-11-07 06:25","43","","","2028-11-07 19:38","115"
"SO_1277","화순항","2028-11-08","2028-11-08 00:42","193","2028-11-08 07:16","58","2028-11-08 14:10","242","2028-11-08 20:46","121"
"SO_1277","화순항","2028-11-09","2028-11-09 01:47","180","2028-11-09 08:23","73","2028-11-09 15:19","231","2028-11-09 22:04","118"
"SO_1277","화순항","2028-11-10","2028-11-10 03:21","173","2028-11-10 09:44","83","2028-11-10 16:31","226","2028-11-10 23:19","104"
"SO_1277","화순항","2028-11-11","2028-11-11 04:58","181","2028-11-11 11:08","85","2028-11-11 17:36","226","",""
"SO_1277","화순항","2028-11-12","2028-11-12 06:15","201","2028-11-12 00:18","83","2028-11-12 18:30","228","2028-11-12 12:24","79"
"SO_1277","화순항","2028-11-13","2028-11-13 07:17","226","2028-11-13 01:05","59","2028-11-13 19:18","231","2028-11-13 13:28","72"
"SO_1277","화순항","2028-11-14","2028-11-14 08:10","251","2028-11-14 01:48","34","2028-11-14 20:02","232","2028-11-14 14:24","65"
"SO_1277","화순항","2028-11-15","2028-11-15 08:59","272","2028-11-15 02:29","12","2028-11-15 20:45","233","2028-11-15 15:16","61"
"SO_1277","화순항","2028-11-16","2028-11-16 09:45","288","2028-11-16 03:10","-4","2028-11-16 21:27","232","2028-11-16 16:04","62"
"SO_1277","화순항","2028-11-17","2028-11-17 10:31","294","2028-11-17 03:52","-13","2028-11-17 22:09","228","2028-11-17 16:51","66"
"SO_1277","화순항","2028-11-18","2028-11-18 11:16","292","2028-11-18 04:33","-14","2028-11-18 22:49","221","2028-11-18 17:37","75"
"SO_1277","화순항","2028-11-19","2028-11-19 12:01","281","2028-11-19 05:15","-5","2028-11-19 23:30","211","2028-11-19 18:22","86"
"SO_1277","화순항","2028-11-20","2028-11-20 12:46","264","2028-11-20 05:56","11","","","2028-11-20 19:09","97"
"SO_1277","화순항","2028-11-21","2028-11-21 00:12","198","2028-11-21 06:39","32","2028-11-21 13:31","245","2028-11-21 19:58","107"
"SO_1277","화순항","2028-11-22","2028-11-22 00:57","184","2028-11-22 07:24","55","2028-11-22 14:19","225","2028-11-22 20:53","113"
"SO_1277","화순항","2028-11-23","2028-11-23 01:54","171","2028-11-23 08:14","78","2028-11-23 15:13","208","2028-11-23 21:56","113"
"SO_1277","화순항","2028-11-24","2028-11-24 03:08","162","2028-11-24 09:18","97","2028-11-24 16:12","196","2028-11-24 23:04","108"
"SO_1277","화순항","2028-11-25","2028-11-25 04:41","162","2028-11-25 10:37","109","2028-11-25 17:12","189","",""
"SO_1277","화순항","2028-11-26","2028-11-26 06:10","172","2028-11-26 00:03","97","2028-11-26 18:06","187","2028-11-26 12:01","113"
"SO_1277","화순항","2028-11-27","2028-11-27 07:12","188","2028-11-27 00:47","83","2028-11-27 18:51","187","2028-11-27 13:09","111"
"SO_1277","화순항","2028-11-28","2028-11-28 07:56","205","2028-11-28 01:23","69","2028-11-28 19:29","190","2028-11-28 14:00","105"
"SO_1277","화순항","2028-11-29","2028-11-29 08:33","223","2028-11-29 01:55","54","2028-11-29 20:05","195","2028-11-29 14:41","99"
"SO_1277","화순항","2028-11-30","2028-11-30 09:07","241","2028-11-30 02:27","40","2028-11-30 20:39","202","2028-11-30 15:18","94"
"SO_1277","화순항","2028-12-01","2028-12-01 09:41","257","2028-12-01 03:01","26","2028-12-01 21:14","208","2028-12-01 15:55","88"
"SO_1277","화순항","2028-12-02","2028-12-02 10:16","270","2028-12-02 03:36","14","2028-12-02 21:51","214","2028-12-02 16:32","84"
"SO_1277","화순항","2028-12-03","2028-12-03 10:53","278","2028-12-03 04:14","6","2028-12-03 22:30","217","2028-12-03 17:11","82"
"SO_1277","화순항","2028-12-04","2028-12-04 11:33","280","2028-12-04 04:53","3","2028-12-04 23:10","215","2028-12-04 17:53","82"
"SO_1277","화순항","2028-12-05","2028-12-05 12:15","276","2028-12-05 05:36","7","2028-12-05 23:54","209","2028-12-05 18:38","84"
"SO_1277","화순항","2028-12-06","2028-12-06 13:01","266","2028-12-06 06:21","17","","","2028-12-06 19:27","87"
"SO_1277","화순항","2028-12-07","2028-12-07 00:45","200","2028-12-07 07:11","32","2028-12-07 13:50","253","2028-12-07 20:21","88"
"SO_1277","화순항","2028-12-08","2028-12-08 01:46","190","2028-12-08 08:08","51","2028-12-08 14:43","237","2028-12-08 21:20","85"
"SO_1277","화순항","2028-12-09","2028-12-09 03:00","184","2028-12-09 09:14","70","2028-12-09 15:39","223","2028-12-09 22:22","77"
"SO_1277","화순항","2028-12-10","2028-12-10 04:23","185","2028-12-10 10:30","86","2028-12-10 16:38","210","2028-12-10 23:25","64"
"SO_1277","화순항","2028-12-11","2028-12-11 05:47","197","2028-12-11 11:53","94","2028-12-11 17:38","202","",""
"SO_1277","화순항","2028-12-12","2028-12-12 07:03","216","2028-12-12 00:24","48","2028-12-12 18:37","198","2028-12-12 13:12","95"
"SO_1277","화순항","2028-12-13","2028-12-13 08:05","237","2028-12-13 01:17","30","2028-12-13 19:33","199","2028-12-13 14:18","90"
"SO_1277","화순항","2028-12-14","2028-12-14 08:58","256","2028-12-14 02:07","13","2028-12-14 20:25","203","2028-12-14 15:13","83"
"SO_1277","화순항","2028-12-15","2028-12-15 09:44","271","2028-12-15 02:54","-1","2028-12-15 21:13","208","2028-12-15 16:02","77"
"SO_1277","화순항","2028-12-16","2028-12-16 10:28","280","2028-12-16 03:39","-10","2028-12-16 21:57","213","2028-12-16 16:46","73"
"SO_1277","화순항","2028-12-17","2028-12-17 11:08","281","2028-12-17 04:22","-14","2028-12-17 22:39","215","2028-12-17 17:26","72"
"SO_1277","화순항","2028-12-18","2028-12-18 11:46","276","2028-12-18 05:03","-10","2028-12-18 23:18","212","2028-12-18 18:06","73"
"SO_1277","화순항","2028-12-19","2028-12-19 12:22","265","2028-12-19 05:42","1","2028-12-19 23:58","205","2028-12-19 18:43","77"
"SO_1277","화순항","2028-12-20","2028-12-20 12:57","249","2028-12-20 06:19","17","","","2028-12-20 19:20","81"
"SO_1277","화순항","2028-12-21","2028-12-21 00:37","195","2028-12-21 06:55","38","2028-12-21 13:31","232","2028-12-21 19:58","86"
"SO_1277","화순항","2028-12-22","2028-12-22 01:21","183","2028-12-22 07:32","61","2028-12-22 14:05","215","2028-12-22 20:39","90"
"SO_1277","화순항","2028-12-23","2028-12-23 02:12","172","2028-12-23 08:14","84","2028-12-23 14:42","199","2028-12-23 21:28","91"
"SO_1277","화순항","2028-12-24","2028-12-24 03:17","164","2028-12-24 09:08","105","2028-12-24 15:25","185","2028-12-24 22:24","89"
"SO_1277","화순항","2028-12-25","2028-12-25 04:39","164","2028-12-25 10:24","121","2028-12-25 16:18","175","2028-12-25 23:25","83"
"SO_1277","화순항","2028-12-26","2028-12-26 06:14","174","2028-12-26 12:01","127","2028-12-26 17:21","170","",""
"SO_1277","화순항","2028-12-27","2028-12-27 07:25","191","2028-12-27 00:21","72","2028-12-27 18:27","171","2028-12-27 13:24","124"
"SO_1277","화순항","2028-12-28","2028-12-28 08:13","211","2028-12-28 01:11","58","2028-12-28 19:24","178","2028-12-28 14:20","115"
"SO_1277","화순항","2028-12-29","2028-12-29 08:52","232","2028-12-29 01:55","41","2028-12-29 20:13","188","2028-12-29 15:03","105"
"SO_1277","화순항","2028-12-30","2028-12-30 09:29","251","2028-12-30 02:38","24","2028-12-30 20:57","201","2028-12-30 15:43","93"
"SO_1277","화순항","2028-12-31","2028-12-31 10:06","269","2028-12-31 03:21","7","2028-12-31 21:40","213","2028-12-31 16:22","82"
"SO_1278","원평항","2028-01-01","2028-01-01 04:51","22","2028-01-01 12:12","-5","2028-01-01 18:33","14","2028-01-01 23:47","8"
"SO_1278","원평항","2028-01-02","2028-01-02 05:29","19","2028-01-02 12:41","-4","2028-01-02 19:09","13","",""
"SO_1278","원평항","2028-01-03","2028-01-03 06:08","15","2028-01-03 00:35","7","2028-01-03 19:42","13","2028-01-03 13:08","-2"
"SO_1278","원평항","2028-01-04","2028-01-04 06:54","13","2028-01-04 01:33","6","2028-01-04 20:15","14","2028-01-04 13:34",""
"SO_1278","원평항","2028-01-05","2028-01-05 07:52","10","2028-01-05 02:47","5","2028-01-05 20:47","15","2028-01-05 13:58","3"
"SO_1278","원평항","2028-01-06","2028-01-06 09:19","9","2028-01-06 04:15","4","2028-01-06 21:23","17","2028-01-06 14:25","7"
"SO_1278","원평항","2028-01-07","2028-01-07 22:09","20","2028-01-07 05:28","2","","","",""
"SO_1278","원평항","2028-01-08","2028-01-08 23:05","23","2028-01-08 06:26","","","","",""
"SO_1278","원평항","2028-01-09","2028-01-09 00:00","32","2028-01-09 00:00","12","2028-01-09 14:44","16","2028-01-09 07:19","-2"
"SO_1278","원평항","2028-01-10","2028-01-10 00:00","28","2028-01-10 00:00","20","2028-01-10 00:07","26","2028-01-10 08:10","-4"
"SO_1278","원평항","2028-01-11","2028-01-11 01:06","29","2028-01-11 08:59","-7","2028-01-11 15:56","19","2028-01-11 20:07","14"
"SO_1278","원평항","2028-01-12","2028-01-12 01:58","31","2028-01-12 09:46","-9","2028-01-12 16:32","19","2028-01-12 21:00","13"
"SO_1278","원평항","2028-01-13","2028-01-13 02:48","32","2028-01-13 10:31","-10","2028-01-13 17:08","18","2028-01-13 21:51","11"
"SO_1278","원평항","2028-01-14","2028-01-14 03:36","31","2028-01-14 11:14","-10","2028-01-14 17:44","18","2028-01-14 22:42","8"
"SO_1278","원평항","2028-01-15","2028-01-15 04:25","29","2028-01-15 11:55","-9","2028-01-15 18:17","17","2028-01-15 23:35","6"
"SO_1278","원평항","2028-01-16","2028-01-16 05:15","25","2028-01-16 12:34","-6","2028-01-16 18:48","17","",""
"SO_1278","원평항","2028-01-17","2028-01-17 06:09","21","2028-01-17 00:33","4","2028-01-17 19:20","18","2028-01-17 13:11","-2"
"SO_1278","원평항","2028-01-18","2028-01-18 07:14","17","2028-01-18 01:42","3","2028-01-18 19:53","19","2028-01-18 13:45","3"
"SO_1278","원평항","2028-01-19","2028-01-19 08:57","13","2028-01-19 03:07","2","2028-01-19 20:33","20","2028-01-19 14:16","8"
"SO_1278","원평항","2028-01-20","2028-01-20 12:02","13","2028-01-20 04:33","1","2028-01-20 21:23","22","2028-01-20 14:38","12"
"SO_1278","원평항","2028-01-21","2028-01-21 22:31","23","2028-01-21 05:49","","","","",""
"SO_1278","원평항","2028-01-22","2028-01-22 23:42","25","2028-01-22 06:53","-1","","","",""
"SO_1278","원평항","2028-01-23","2028-01-23 16:07","18","2028-01-23 07:48","-2","","","2028-01-23 18:52","17"
"SO_1278","원평항","2028-01-24","2028-01-24 00:40","26","2028-01-24 08:35","-3","2028-01-24 16:15","17","2028-01-24 19:35","15"
"SO_1278","원평항","2028-01-25","2028-01-25 01:27","26","2028-01-25 09:15","-4","2028-01-25 16:17","16","2028-01-25 20:14","13"
"SO_1278","원평항","2028-01-26","2028-01-26 02:08","26","2028-01-26 09:48","-5","2028-01-26 16:17","15","2028-01-26 20:52","10"
"SO_1278","원평항","2028-01-27","2028-01-27 02:46","25","2028-01-27 10:16","-6","2028-01-27 16:27","14","2028-01-27 21:30","8"
"SO_1278","원평항","2028-01-28","2028-01-28 03:23","24","2028-01-28 10:42","-7","2028-01-28 16:47","14","2028-01-28 22:08","5"
"SO_1278","원평항","2028-01-29","2028-01-29 03:59","22","2028-01-29 11:07","-6","2028-01-29 17:12","14","2028-01-29 22:47","4"
"SO_1278","원평항","2028-01-30","2028-01-30 04:34","19","2028-01-30 11:31","-5","2028-01-30 17:39","14","2028-01-30 23:26","3"
"SO_1278","원평항","2028-01-31","2028-01-31 05:10","17","2028-01-31 11:53","-3","2028-01-31 18:05","15","",""
"SO_1278","원평항","2028-02-01","2028-02-01 05:48","15","2028-02-01 00:07","3","2028-02-01 18:30","16","2028-02-01 12:12",""
"SO_1278","원평항","2028-02-02","2028-02-02 06:31","13","2028-02-02 00:53","3","2028-02-02 18:56","18","2028-02-02 12:28","3"
"SO_1278","원평항","2028-02-03","2028-02-03 07:25","12","2028-02-03 01:48","4","2028-02-03 19:26","20","2028-02-03 12:38","7"
"SO_1278","원평항","2028-02-04","2028-02-04 08:52","11","2028-02-04 03:07","4","2028-02-04 20:07","22","2028-02-04 12:42","10"
"SO_1278","원평항","2028-02-05","2028-02-05 21:03","23","2028-02-05 04:41","3","","","",""
"SO_1278","원평항","2028-02-06","2028-02-06 22:22","25","2028-02-06 05:57","1","","","",""
"SO_1278","원평항","2028-02-07","2028-02-07 14:40","17","2028-02-07 06:58","-2","2028-02-07 23:48","27","2028-02-07 17:50","16"
"SO_1278","원평항","2028-02-08","2028-02-08 15:02","17","2028-02-08 07:52","-5","","","2028-02-08 19:03","14"
"SO_1278","원평항","2028-02-09","2028-02-09 00:54","28","2028-02-09 08:41","-8","2028-02-09 15:29","17","2028-02-09 19:59","11"
"SO_1278","원평항","2028-02-10","2028-02-10 01:49","29","2028-02-10 09:27","-10","2028-02-10 15:56","17","2028-02-10 20:51","7"
"SO_1278","원평항","2028-02-11","2028-02-11 02:39","28","2028-02-11 10:08","-11","2028-02-11 16:23","17","2028-02-11 21:42","4"
"SO_1278","원평항","2028-02-12","2028-02-12 03:28","27","2028-02-12 10:46","-10","2028-02-12 16:49","17","2028-02-12 22:33","1"
"SO_1278","원평항","2028-02-13","2028-02-13 04:18","24","2028-02-13 11:21","-7","2028-02-13 17:15","18","2028-02-13 23:24","-1"
"SO_1278","원평항","2028-02-14","2028-02-14 05:10","21","2028-02-14 11:53","-3","2028-02-14 17:43","19","",""
"SO_1278","원평항","2028-02-15","2028-02-15 06:06","18","2028-02-15 00:20","-2","2028-02-15 18:13","21","2028-02-15 12:21","2"
"SO_1278","원평항","2028-02-16","2028-02-16 07:19","15","2028-02-16 01:24","-1","2028-02-16 18:47","22","2028-02-16 12:41","8"
"SO_1278","원평항","2028-02-17","2028-02-17 10:09","13","2028-02-17 02:41","","2028-02-17 19:26","23","2028-02-17 12:43","12"
"SO_1278","원평항","2028-02-18","2028-02-18 20:17","23","2028-02-18 04:09","","","","",""
"SO_1278","원평항","2028-02-19","2028-02-19 21:43","23","2028-02-19 05:28","","","","",""
"SO_1278","원평항","2028-02-20","2028-02-20 15:39","18","2028-02-20 06:36","","2028-02-20 23:25","23","2028-02-20 17:56","17"
"SO_1278","원평항","2028-02-21","2028-02-21 15:38","17","2028-02-21 07:32","-1","","","2028-02-21 18:49","15"
"SO_1278","원평항","2028-02-22","2028-02-22 00:26","23","2028-02-22 08:16","-3","2028-02-22 15:35","15","2028-02-22 19:30","12"
"SO_1278","원평항","2028-02-23","2028-02-23 01:13","22","2028-02-23 08:50","-5","2028-02-23 15:28","14","2028-02-23 20:06","8"
"SO_1278","원평항","2028-02-24","2028-02-24 01:53","21","2028-02-24 09:18","-6","2028-02-24 15:29","12","2028-02-24 20:42","4"
"SO_1278","원평항","2028-02-25","2028-02-25 02:31","20","2028-02-25 09:42","-7","2028-02-25 15:42","12","2028-02-25 21:18","1"
"SO_1278","원평항","2028-02-26","2028-02-26 03:08","18","2028-02-26 10:05","-7","2028-02-26 16:02","12","2028-02-26 21:54","-1"
"SO_1278","원평항","2028-02-27","2028-02-27 03:45","16","2028-02-27 10:27","-6","2028-02-27 16:24","13","2028-02-27 22:31","-2"
"SO_1278","원평항","2028-02-28","2028-02-28 04:22","15","2028-02-28 10:48","-4","2028-02-28 16:46","15","2028-02-28 23:07","-2"
"SO_1278","원평항","2028-02-29","2028-02-29 04:59","14","2028-02-29 11:07","-1","2028-02-29 17:07","17","2028-02-29 23:44","-2"
"SO_1278","원평항","2028-03-01","2028-03-01 05:39","14","2028-03-01 11:22","3","2028-03-01 17:29","19","",""
"SO_1278","원평항","2028-03-02","2028-03-02 06:24","14","2028-03-02 00:25","","2028-03-02 17:56","21","2028-03-02 11:34","7"
"SO_1278","원평항","2028-03-03","2028-03-03 07:23","13","2028-03-03 01:17","1","2028-03-03 18:31","23","2028-03-03 11:43","10"
"SO_1278","원평항","2028-03-04","2028-03-04 19:17","24","2028-03-04 02:29","2","","","",""
"SO_1278","원평항","2028-03-05","2028-03-05 20:21","24","2028-03-05 04:06","2","","","",""
"SO_1278","원평항","2028-03-06","2028-03-06 21:59","23","2028-03-06 05:28","","","","",""
"SO_1278","원평항","2028-03-07","2028-03-07 14:05","16","2028-03-07 06:32","-3","2028-03-07 23:35","23","2028-03-07 17:58","13"
"SO_1278","원평항","2028-03-08","2028-03-08 14:22","15","2028-03-08 07:26","-7","","","2028-03-08 18:58","9"
"SO_1278","원평항","2028-03-09","2028-03-09 00:42","23","2028-03-09 08:14","-9","2028-03-09 14:43","15","2028-03-09 19:51","4"
"SO_1278","원평항","2028-03-10","2028-03-10 01:38","23","2028-03-10 08:57","-10","2028-03-10 15:05","15","2028-03-10 20:43",""
"SO_1278","원평항","2028-03-11","2028-03-11 02:31","22","2028-03-11 09:35","-9","2028-03-11 15:29","16","2028-03-11 21:33","-4"
"SO_1278","원평항","2028-03-12","2028-03-12 03:24","21","2028-03-12 10:10","-7","2028-03-12 15:53","18","2028-03-12 22:23","-7"
"SO_1278","원평항","2028-03-13","2028-03-13 04:17","19","2028-03-13 10:42","-3","2028-03-13 16:21","20","2028-03-13 23:13","-7"
"SO_1278","원평항","2028-03-14","2028-03-14 05:13","17","2028-03-14 11:09","2","2028-03-14 16:51","22","",""
"SO_1278","원평항","2028-03-15","2028-03-15 06:19","15","2028-03-15 00:06","-7","2028-03-15 17:24","24","2028-03-15 11:31","7"
"SO_1278","원평항","2028-03-16","2028-03-16 08:09","14","2028-03-16 01:05","-4","2028-03-16 17:59","25","2028-03-16 11:44","12"
"SO_1278","원평항","2028-03-17","2028-03-17 18:39","24","2028-03-17 02:14","-2","","","",""
"SO_1278","원평항","2028-03-18","2028-03-18 19:29","23","2028-03-18 03:36","","","","",""
"SO_1278","원평항","2028-03-19","2028-03-19 20:58","21","2028-03-19 04:56","1","","","",""
"SO_1278","원평항","2028-03-20","2028-03-20 14:42","17","2028-03-20 06:03","","2028-03-20 22:59","19","2028-03-20 17:54","15"
"SO_1278","원평항","2028-03-21","2028-03-21 14:37","15","2028-03-21 06:57","-2","","","2028-03-21 18:44","11"
"SO_1278","원평항","2028-03-22","2028-03-22 00:03","18","2028-03-22 07:38","-4","2028-03-22 14:33","13","2028-03-22 19:23","7"
"SO_1278","원평항","2028-03-23","2028-03-23 00:53","16","2028-03-23 08:09","-5","2028-03-23 14:31","11","2028-03-23 19:58","2"
"SO_1278","원평항","2028-03-24","2028-03-24 01:37","15","2028-03-24 08:35","-6","2028-03-24 14:39","11","2028-03-24 20:31","-1"
"SO_1278","원평항","2028-03-25","2028-03-25 02:18","14","2028-03-25 08:59","-6","2028-03-25 14:55","12","2028-03-25 21:05","-4"
"SO_1278","원평항","2028-03-26","2028-03-26 02:58","13","2028-03-26 09:22","-5","2028-03-26 15:14","13","2028-03-26 21:40","-5"
"SO_1278","원평항","2028-03-27","2028-03-27 03:39","13","2028-03-27 09:44","-2","2028-03-27 15:34","15","2028-03-27 22:14","-6"
"SO_1278","원평항","2028-03-28","2028-03-28 04:19","14","2028-03-28 10:05","1","2028-03-28 15:55","18","2028-03-28 22:50","-5"
"SO_1278","원평항","2028-03-29","2028-03-29 05:00","14","2028-03-29 10:23","5","2028-03-29 16:17","21","2028-03-29 23:28","-4"
"SO_1278","원평항","2028-03-30","2028-03-30 05:45","15","2028-03-30 10:40","9","2028-03-30 16:43","24","",""
"SO_1278","원평항","2028-03-31","2028-03-31 06:40","15","2028-03-31 00:12","-2","2028-03-31 17:16","25","2028-03-31 10:56","12"
"SO_1278","원평항","2028-04-01","2028-04-01 08:14","15","2028-04-01 01:05","","2028-04-01 17:56","25","2028-04-01 11:10","14"
"SO_1278","원평항","2028-04-02","2028-04-02 18:49","25","2028-04-02 02:15","1","","","",""
"SO_1278","원평항","2028-04-03","2028-04-03 20:03","23","2028-04-03 03:42","1","","","",""
"SO_1278","원평항","2028-04-04","2028-04-04 12:54","16","2028-04-04 04:58","-1","2028-04-04 21:53","21","2028-04-04 16:43","14"
"SO_1278","원평항","2028-04-05","2028-04-05 13:09","15","2028-04-05 06:01","-3","2028-04-05 23:24","20","2028-04-05 17:55","10"
"SO_1278","원평항","2028-04-06","2028-04-06 13:28","15","2028-04-06 06:53","-5","","","2028-04-06 18:51","4"
"SO_1278","원평항","2028-04-07","2028-04-07 00:32","19","2028-04-07 07:39","-6","2028-04-07 13:48","15","2028-04-07 19:44","-1"
"SO_1278","원평항","2028-04-08","2028-04-08 01:34","19","2028-04-08 08:19","-5","2028-04-08 14:11","17","2028-04-08 20:34","-5"
"SO_1278","원평항","2028-04-09","2028-04-09 02:33","18","2028-04-09 08:56","-2","2028-04-09 14:37","19","2028-04-09 21:25","-8"
"SO_1278","원평항","2028-04-10","2028-04-10 03:31","18","2028-04-10 09:30","1","2028-04-10 15:06","22","2028-04-10 22:14","-9"
"SO_1278","원평항","2028-04-11","2028-04-11 04:30","18","2028-04-11 10:00","6","2028-04-11 15:37","25","2028-04-11 23:03","-8"
"SO_1278","원평항","2028-04-12","2028-04-12 05:33","17","2028-04-12 10:27","10","2028-04-12 16:12","27","2028-04-12 23:53","-6"
"SO_1278","원평항","2028-04-13","2028-04-13 06:49","17","2028-04-13 10:50","14","2028-04-13 16:48","28","",""
"SO_1278","원평항","2028-04-14","2028-04-14 17:26","28","2028-04-14 00:46","-3","","","",""
"SO_1278","원평항","2028-04-15","2028-04-15 18:09","26","2028-04-15 01:46","","","","",""
"SO_1278","원평항","2028-04-16","2028-04-16 19:00","23","2028-04-16 02:57","2","","","",""
"SO_1278","원평항","2028-04-17","2028-04-17 13:30","18","2028-04-17 04:10","2","2028-04-17 20:21","20","2028-04-17 16:22","17"
"SO_1278","원평항","2028-04-18","2028-04-18 13:21","17","2028-04-18 05:13","2","2028-04-18 22:15","17","2028-04-18 17:40","14"
"SO_1278","원평항","2028-04-19","2028-04-19 13:24","15","2028-04-19 06:04","1","2028-04-19 23:31","15","2028-04-19 18:32","9"
"SO_1278","원평항","2028-04-20","2028-04-20 13:27","14","2028-04-20 06:44","","","","2028-04-20 19:10","5"
"SO_1278","원평항","2028-04-21","2028-04-21 00:31","13","2028-04-21 07:15","-1","2028-04-21 13:34","14","2028-04-21 19:44","2"
"SO_1278","원평항","2028-04-22","2028-04-22 01:25","13","2028-04-22 07:42","","2028-04-22 13:47","15","2028-04-22 20:16","-1"
"SO_1278","원평항","2028-04-23","2028-04-23 02:14","13","2028-04-23 08:08","1","2028-04-23 14:05","17","2028-04-23 20:50","-3"
"SO_1278","원평항","2028-04-24","2028-04-24 03:00","14","2028-04-24 08:33","4","2028-04-24 14:25","19","2028-04-24 21:24","-4"
"SO_1278","원평항","2028-04-25","2028-04-25 03:45","16","2028-04-25 08:58","7","2028-04-25 14:47","23","2028-04-25 22:01","-3"
"SO_1278","원평항","2028-04-26","2028-04-26 04:29","18","2028-04-26 09:22","11","2028-04-26 15:12","26","2028-04-26 22:40","-2"
"SO_1278","원평항","2028-04-27","2028-04-27 05:15","19","2028-04-27 09:46","14","2028-04-27 15:42","29","2028-04-27 23:22","-1"
"SO_1278","원평항","2028-04-28","2028-04-28 06:07","20","2028-04-28 10:12","17","2028-04-28 16:16","31","",""
"SO_1278","원평항","2028-04-29","2028-04-29 07:13","20","2028-04-29 00:10","1","2028-04-29 16:56","31","2028-04-29 10:40","19"
"SO_1278","원평항","2028-04-30","2028-04-30 17:44","30","2028-04-30 01:05","2","","","",""
"SO_1278","원평항","2028-05-01","2028-05-01 18:44","28","2028-05-01 02:08","3","","","",""
"SO_1278","원평항","2028-05-02","2028-05-02 11:10","20","2028-05-02 03:19","3","2028-05-02 20:07","25","2028-05-02 15:01","18"
"SO_1278","원평항","2028-05-03","2028-05-03 11:42","19","2028-05-03 04:26","3","2028-05-03 21:49","22","2028-05-03 16:38","15"
"SO_1278","원평항","2028-05-04","2028-05-04 12:07","19","2028-05-04 05:24","3","2028-05-04 23:17","21","2028-05-04 17:46","10"
"SO_1278","원평항","2028-05-05","2028-05-05 12:31","20","2028-05-05 06:14","3","","","2028-05-05 18:44","5"
"SO_1278","원평항","2028-05-06","2028-05-06 00:35","20","2028-05-06 06:59","5","2028-05-06 12:55","22","2028-05-06 19:38","1"
"SO_1278","원평항","2028-05-07","2028-05-07 01:48","20","2028-05-07 07:38","8","2028-05-07 13:23","25","2028-05-07 20:29","-2"
"SO_1278","원평항","2028-05-08","2028-05-08 02:56","21","2028-05-08 08:15","11","2028-05-08 13:55","28","2028-05-08 21:18","-3"
"SO_1278","원평항","2028-05-09","2028-05-09 03:56","22","2028-05-09 08:49","14","2028-05-09 14:30","32","2028-05-09 22:07","-3"
"SO_1278","원평항","2028-05-10","2028-05-10 04:53","23","2028-05-10 09:22","18","2028-05-10 15:08","34","2028-05-10 22:54","-1"
"SO_1278","원평항","2028-05-11","2028-05-11 05:51","24","2028-05-11 09:53","20","2028-05-11 15:47","35","2028-05-11 23:40","1"
"SO_1278","원평항","2028-05-12","2028-05-12 07:00","24","2028-05-12 10:25","22","2028-05-12 16:27","35","",""
"SO_1278","원평항","2028-05-13","2028-05-13 08:32","24","2028-05-13 00:27","4","2028-05-13 17:09","34","2028-05-13 11:00","23"
"SO_1278","원평항","2028-05-14","2028-05-14 09:56","24","2028-05-14 01:17","6","2028-05-14 17:53","31","2028-05-14 11:45","23"
"SO_1278","원평항","2028-05-15","2028-05-15 18:43","28","2028-05-15 02:11","7","","","",""
"SO_1278","원평항","2028-05-16","2028-05-16 11:30","22","2028-05-16 03:09","8","2028-05-16 19:49","24","2028-05-16 15:30","21"
"SO_1278","원평항","2028-05-17","2028-05-17 11:53","22","2028-05-17 04:05","8","2028-05-17 21:16","20","2028-05-17 17:06","18"
"SO_1278","원평항","2028-05-18","2028-05-18 12:07","21","2028-05-18 04:54","8","2028-05-18 22:49","18","2028-05-18 18:05","14"
"SO_1278","원평항","2028-05-19","2028-05-19 12:19","21","2028-05-19 05:35","9","","","2028-05-19 18:46","11"
"SO_1278","원평항","2028-05-20","2028-05-20 00:15","18","2028-05-20 06:10","10","2028-05-20 12:34","22","2028-05-20 19:21","8"
"SO_1278","원평항","2028-05-21","2028-05-21 01:28","19","2028-05-21 06:41","12","2028-05-21 12:52","25","2028-05-21 19:55","7"
"SO_1278","원평항","2028-05-22","2028-05-22 02:25","20","2028-05-22 07:11","15","2028-05-22 13:14","28","2028-05-22 20:32","6"
"SO_1278","원평항","2028-05-23","2028-05-23 03:12","23","2028-05-23 07:41","18","2028-05-23 13:40","31","2028-05-23 21:10","5"
"SO_1278","원평항","2028-05-24","2028-05-24 03:55","25","2028-05-24 08:14","21","2028-05-24 14:12","35","2028-05-24 21:51","5"
"SO_1278","원평항","2028-05-25","2028-05-25 04:39","27","2028-05-25 08:49","23","2028-05-25 14:47","38","2028-05-25 22:35","6"
"SO_1278","원평항","2028-05-26","2028-05-26 05:24","29","2028-05-26 09:28","25","2028-05-26 15:27","40","2028-05-26 23:21","6"
"SO_1278","원평항","2028-05-27","2028-05-27 06:16","29","2028-05-27 10:11","26","2028-05-27 16:09","41","",""
"SO_1278","원평항","2028-05-28","2028-05-28 07:16","29","2028-05-28 00:09","7","2028-05-28 16:56","40","2028-05-28 11:00","27"
"SO_1278","원평항","2028-05-29","2028-05-29 08:21","28","2028-05-29 01:00","8","2028-05-29 17:48","38","2028-05-29 12:01","26"
"SO_1278","원평항","2028-05-30","2028-05-30 09:17","28","2028-05-30 01:54","9","2028-05-30 18:51","35","2028-05-30 13:21","25"
"SO_1278","원평항","2028-05-31","2028-05-31 10:01","28","2028-05-31 02:51","11","2028-05-31 20:09","31","2028-05-31 14:58","23"
"SO_1278","원평항","2028-06-01","2028-06-01 10:36","28","2028-06-01 03:48","13","2028-06-01 21:44","28","2028-06-01 16:25","19"
"SO_1278","원평항","2028-06-02","2028-06-02 11:06","30","2028-06-02 04:43","15","2028-06-02 23:29","27","2028-06-02 17:36","16"
"SO_1278","원평항","2028-06-03","2028-06-03 11:37","32","2028-06-03 05:33","18","","","2028-06-03 18:38","12"
"SO_1278","원평항","2028-06-04","2028-06-04 01:11","27","2028-06-04 06:18","21","2028-06-04 12:10","35","2028-06-04 19:34","10"
"SO_1278","원평항","2028-06-05","2028-06-05 02:29","29","2028-06-05 07:00","24","2028-06-05 12:47","38","2028-06-05 20:26","9"
"SO_1278","원평항","2028-06-06","2028-06-06 03:30","30","2028-06-06 07:39","26","2028-06-06 13:28","41","2028-06-06 21:15","8"
"SO_1278","원평항","2028-06-07","2028-06-07 04:20","32","2028-06-07 08:17","28","2028-06-07 14:11","43","2028-06-07 22:02","9"
"SO_1278","원평항","2028-06-08","2028-06-08 05:05","32","2028-06-08 08:55","30","2028-06-08 14:53","45","2028-06-08 22:45","10"
"SO_1278","원평항","2028-06-09","2028-06-09 05:47","33","2028-06-09 09:34","30","2028-06-09 15:35","45","2028-06-09 23:27","12"
"SO_1278","원평항","2028-06-10","2028-06-10 06:27","32","2028-06-10 10:16","30","2028-06-10 16:16","44","",""
"SO_1278","원평항","2028-06-11","2028-06-11 07:10","32","2028-06-11 00:07","13","2028-06-11 16:57","42","2028-06-11 11:01","30"
"SO_1278","원평항","2028-06-12","2028-06-12 07:58","31","2028-06-12 00:44","14","2028-06-12 17:39","38","2028-06-12 11:50","29"
"SO_1278","원평항","2028-06-13","2028-06-13 08:46","30","2028-06-13 01:22","15","2028-06-13 18:24","35","2028-06-13 12:51","28"
"SO_1278","원평항","2028-06-14","2028-06-14 09:27","30","2028-06-14 02:01","16","2028-06-14 19:16","31","2028-06-14 14:13","27"
"SO_1278","원평항","2028-06-15","2028-06-15 10:00","30","2028-06-15 02:40","18","2028-06-15 20:21","28","2028-06-15 16:00","25"
"SO_1278","원평항","2028-06-16","2028-06-16 10:27","31","2028-06-16 03:21","20","2028-06-16 21:54","27","2028-06-16 17:18","23"
"SO_1278","원평항","2028-06-17","2028-06-17 10:52","32","2028-06-17 04:03","22","","","2028-06-17 18:09","21"
"SO_1278","원평항","2028-06-18","2028-06-18 00:19","27","2028-06-18 04:44","25","2028-06-18 11:19","35","2028-06-18 18:51","19"
"SO_1278","원평항","2028-06-19","2028-06-19 01:45","29","2028-06-19 05:25","27","2028-06-19 11:50","38","2028-06-19 19:32","18"
"SO_1278","원평항","2028-06-20","2028-06-20 02:36","32","2028-06-20 06:07","30","2028-06-20 12:26","41","2028-06-20 20:14","17"
"SO_1278","원평항","2028-06-21","2028-06-21 03:16","34","2028-06-21 06:54","32","2028-06-21 13:08","45","2028-06-21 20:58","16"
"SO_1278","원평항","2028-06-22","2028-06-22 03:54","36","2028-06-22 07:43","33","2028-06-22 13:52","48","2028-06-22 21:43","14"
"SO_1278","원평항","2028-06-23","2028-06-23 04:34","37","2028-06-23 08:35","34","2028-06-23 14:37","50","2028-06-23 22:29","14"
"SO_1278","원평항","2028-06-24","2028-06-24 05:15","38","2028-06-24 09:26","34","2028-06-24 15:22","51","2028-06-24 23:13","13"
"SO_1278","원평항","2028-06-25","2028-06-25 05:59","37","2028-06-25 10:17","33","2028-06-25 16:09","50","2028-06-25 23:59","14"
"SO_1278","원평항","2028-06-26","2028-06-26 06:43","37","2028-06-26 11:11","32","2028-06-26 16:58","48","",""
"SO_1278","원평항","2028-06-27","2028-06-27 07:27","37","2028-06-27 00:43","15","2028-06-27 17:51","45","2028-06-27 12:11","31"
"SO_1278","원평항","2028-06-28","2028-06-28 08:08","37","2028-06-28 01:28","18","2028-06-28 18:52","42","2028-06-28 13:21","29"
"SO_1278","원평항","2028-06-29","2028-06-29 08:46","38","2028-06-29 02:14","21","2028-06-29 20:08","38","2028-06-29 14:44","28"
"SO_1278","원평항","2028-06-30","2028-06-30 09:23","39","2028-06-30 03:03","25","2028-06-30 22:05","36","2028-06-30 16:11","25"
"SO_1278","원평항","2028-07-01","2028-07-01 10:04","41","2028-07-01 03:56","29","","","2028-07-01 17:27","23"
"SO_1278","원평항","2028-07-02","2028-07-02 00:23","36","2028-07-02 04:52","33","2028-07-02 10:49","44","2028-07-02 18:33","21"
"SO_1278","원평항","2028-07-03","2028-07-03 02:02","37","2028-07-03 05:47","36","2028-07-03 11:40","46","2028-07-03 19:31","20"
"SO_1278","원평항","2028-07-04","2028-07-04 03:10","39","2028-07-04 06:36","37","2028-07-04 12:31","49","2028-07-04 20:24","19"
"SO_1278","원평항","2028-07-05","2028-07-05 03:58","40","2028-07-05 07:21","38","2028-07-05 13:19","51","2028-07-05 21:12","19"
"SO_1278","원평항","2028-07-06","2028-07-06 04:31","40","2028-07-06 08:02","38","2028-07-06 14:04","52","2028-07-06 21:56","19"
"SO_1278","원평항","2028-07-07","2028-07-07 04:53","39","2028-07-07 08:43","37","2028-07-07 14:45","52","2028-07-07 22:33","19"
"SO_1278","원평항","2028-07-08","2028-07-08 05:07","39","2028-07-08 09:24","35","2028-07-08 15:25","51","2028-07-08 23:07","19"
"SO_1278","원평항","2028-07-09","2028-07-09 05:24","38","2028-07-09 10:06","34","2028-07-09 16:04","49","2028-07-09 23:38","19"
"SO_1278","원평항","2028-07-10","2028-07-10 05:48","38","2028-07-10 10:49","32","2028-07-10 16:42","46","",""
"SO_1278","원평항","2028-07-11","2028-07-11 06:19","37","2028-07-11 00:06","20","2028-07-11 17:21","43","2028-07-11 11:34","31"
"SO_1278","원평항","2028-07-12","2028-07-12 06:53","37","2028-07-12 00:34","22","2028-07-12 18:02","40","2028-07-12 12:24","31"
"SO_1278","원평항","2028-07-13","2028-07-13 07:27","38","2028-07-13 01:00","24","2028-07-13 18:47","38","2028-07-13 13:20","31"
"SO_1278","원평항","2028-07-14","2028-07-14 08:00","38","2028-07-14 01:26","26","2028-07-14 19:41","36","2028-07-14 14:33","31"
"SO_1278","원평항","2028-07-15","2028-07-15 08:32","40","2028-07-15 01:47","29","2028-07-15 21:02","35","2028-07-15 16:05","30"
"SO_1278","원평항","2028-07-16","2028-07-16 09:07","42","2028-07-16 02:06","33","","","2028-07-16 17:19","29"
"SO_1278","원평항","2028-07-17","2028-07-17 09:51","44","2028-07-17 18:16","28","","","",""
"SO_1278","원평항","2028-07-18","2028-07-18 10:48","47","2028-07-18 19:07","26","","","",""
"SO_1278","원평항","2028-07-19","2028-07-19 02:37","40","2028-07-19 05:16","39","2028-07-19 11:51","50","2028-07-19 19:55","23"
"SO_1278","원평항","2028-07-20","2028-07-20 03:05","41","2028-07-20 06:35","40","2028-07-20 12:49","52","2028-07-20 20:43","21"
"SO_1278","원평항","2028-07-21","2028-07-21 03:37","42","2028-07-21 07:35","39","2028-07-21 13:41","54","2028-07-21 21:29","19"
"SO_1278","원평항","2028-07-22","2028-07-22 04:10","42","2028-07-22 08:29","37","2028-07-22 14:30","55","2028-07-22 22:13","17"
"SO_1278","원평항","2028-07-23","2028-07-23 04:44","42","2028-07-23 09:22","35","2028-07-23 15:17","55","2028-07-23 22:55","17"
"SO_1278","원평항","2028-07-24","2028-07-24 05:17","41","2028-07-24 10:14","33","2028-07-24 16:04","53","2028-07-24 23:36","18"
"SO_1278","원평항","2028-07-25","2028-07-25 05:49","41","2028-07-25 11:07","31","2028-07-25 16:55","51","",""
"SO_1278","원평항","2028-07-26","2028-07-26 06:21","42","2028-07-26 00:14","20","2028-07-26 17:49","47","2028-07-26 12:05","29"
"SO_1278","원평항","2028-07-27","2028-07-27 06:52","43","2028-07-27 00:52","24","2028-07-27 18:52","44","2028-07-27 13:11","29"
"SO_1278","원평항","2028-07-28","2028-07-28 07:27","45","2028-07-28 01:29","29","2028-07-28 20:25","41","2028-07-28 14:29","28"
"SO_1278","원평항","2028-07-29","2028-07-29 08:08","46","2028-07-29 02:07","34","2028-07-29 23:09","40","2028-07-29 15:56","28"
"SO_1278","원평항","2028-07-30","2028-07-30 09:00","48","2028-07-30 02:55","38","","","2028-07-30 17:16","27"
"SO_1278","원평항","2028-07-31","2028-07-31 01:35","42","2028-07-31 04:25","41","2028-07-31 10:13","50","2028-07-31 18:26","26"
"SO_1278","원평항","2028-08-01","2028-08-01 11:28","51","2028-08-01 19:26","25","","","",""
"SO_1278","원평항","2028-08-02","2028-08-02 03:35","44","2028-08-02 06:34","42","2028-08-02 12:26","52","2028-08-02 20:19","24"
"SO_1278","원평항","2028-08-03","2028-08-03 03:54","43","2028-08-03 07:18","40","2028-08-03 13:14","52","2028-08-03 21:04","23"
"SO_1278","원평항","2028-08-04","2028-08-04 04:04","41","2028-08-04 07:56","38","2028-08-04 13:56","52","2028-08-04 21:40","22"
"SO_1278","원평항","2028-08-05","2028-08-05 04:05","40","2028-08-05 08:35","35","2028-08-05 14:34","51","2028-08-05 22:11","21"
"SO_1278","원평항","2028-08-06","2028-08-06 04:11","39","2028-08-06 09:13","32","2028-08-06 15:12","49","2028-08-06 22:36","20"
"SO_1278","원평항","2028-08-07","2028-08-07 04:29","38","2028-08-07 09:53","30","2028-08-07 15:49","46","2028-08-07 23:01","20"
"SO_1278","원평항","2028-08-08","2028-08-08 04:53","38","2028-08-08 10:33","28","2028-08-08 16:26","44","2028-08-08 23:24","21"
"SO_1278","원평항","2028-08-09","2028-08-09 05:20","39","2028-08-09 11:14","28","2028-08-09 17:05","42","2028-08-09 23:47","24"
"SO_1278","원평항","2028-08-10","2028-08-10 05:48","39","2028-08-10 11:56","28","2028-08-10 17:43","40","",""
"SO_1278","원평항","2028-08-11","2028-08-11 06:14","40","2028-08-11 00:07","27","2028-08-11 18:26","38","2028-08-11 12:41","29"
"SO_1278","원평항","2028-08-12","2028-08-12 06:40","42","2028-08-12 00:23","30","2028-08-12 19:17","37","2028-08-12 13:35","30"
"SO_1278","원평항","2028-08-13","2028-08-13 07:10","44","2028-08-13 00:32","33","2028-08-13 20:46","37","2028-08-13 14:51","30"
"SO_1278","원평항","2028-08-14","2028-08-14 07:49","45","2028-08-14 00:28","36","","","2028-08-14 16:26","30"
"SO_1278","원평항","2028-08-15","2028-08-15 08:43","47","2028-08-15 17:41","28","","","",""
"SO_1278","원평항","2028-08-16","2028-08-16 10:03","48","2028-08-16 18:40","25","","","",""
"SO_1278","원평항","2028-08-17","2028-08-17 02:18","40","2028-08-17 05:26","39","2028-08-17 11:30","49","2028-08-17 19:32","22"
"SO_1278","원평항","2028-08-18","2028-08-18 02:36","40","2028-08-18 06:35","37","2028-08-18 12:35","50","2028-08-18 20:21","18"
"SO_1278","원평항","2028-08-19","2028-08-19 03:01","39","2028-08-19 07:30","34","2028-08-19 13:29","51","2028-08-19 21:05","16"
"SO_1278","원평항","2028-08-20","2028-08-20 03:28","39","2028-08-20 08:22","30","2028-08-20 14:19","51","2028-08-20 21:47","14"
"SO_1278","원평항","2028-08-21","2028-08-21 03:55","39","2028-08-21 09:14","27","2028-08-21 15:08","50","2028-08-21 22:27","15"
"SO_1278","원평항","2028-08-22","2028-08-22 04:22","39","2028-08-22 10:06","24","2028-08-22 15:59","48","2028-08-22 23:04","18"
"SO_1278","원평항","2028-08-23","2028-08-23 04:49","40","2028-08-23 10:59","22","2028-08-23 16:52","45","2028-08-23 23:38","22"
"SO_1278","원평항","2028-08-24","2028-08-24 05:18","42","2028-08-24 11:55","21","2028-08-24 17:52","42","",""
"SO_1278","원평항","2028-08-25","2028-08-25 05:50","44","2028-08-25 00:11","26","2028-08-25 19:08","40","2028-08-25 12:57","22"
"SO_1278","원평항","2028-08-26","2028-08-26 06:26","45","2028-08-26 00:41","32","2028-08-26 21:31","38","2028-08-26 14:12","23"
"SO_1278","원평항","2028-08-27","2028-08-27 07:09","46","2028-08-27 01:07","36","","","2028-08-27 15:37","24"
"SO_1278","원평항","2028-08-28","2028-08-28 08:06","46","2028-08-28 16:59","24","","","",""
"SO_1278","원평항","2028-08-29","2028-08-29 02:31","41","2028-08-29 04:31","40","2028-08-29 09:48","46","2028-08-29 18:10","23"
"SO_1278","원평항","2028-08-30","2028-08-30 02:43","40","2028-08-30 05:42","39","2028-08-30 11:18","46","2028-08-30 19:11","21"
"SO_1278","원평항","2028-08-31","2028-08-31 02:56","39","2028-08-31 06:33","36","2028-08-31 12:17","45","2028-08-31 20:01","20"
"SO_1278","원평항","2028-09-01","2028-09-01 03:04","37","2028-09-01 07:14","32","2028-09-01 13:03","44","2028-09-01 20:40","18"
"SO_1278","원평항","2028-09-02","2028-09-02 03:05","34","2028-09-02 07:51","28","2028-09-02 13:44","42","2028-09-02 21:10","16"
"SO_1278","원평항","2028-09-03","2028-09-03 03:07","33","2028-09-03 08:27","24","2028-09-03 14:22","40","2028-09-03 21:35","15"
"SO_1278","원평항","2028-09-04","2028-09-04 03:20","32","2028-09-04 09:03","21","2028-09-04 14:59","38","2028-09-04 21:57","15"
"SO_1278","원평항","2028-09-05","2028-09-05 03:40","32","2028-09-05 09:40","19","2028-09-05 15:37","37","2028-09-05 22:19","16"
"SO_1278","원평항","2028-09-06","2028-09-06 04:03","33","2028-09-06 10:17","18","2028-09-06 16:16","35","2028-09-06 22:41","18"
"SO_1278","원평항","2028-09-07","2028-09-07 04:27","34","2028-09-07 10:53","18","2028-09-07 16:54","34","2028-09-07 23:01","21"
"SO_1278","원평항","2028-09-08","2028-09-08 04:50","36","2028-09-08 11:31","19","2028-09-08 17:34","34","2028-09-08 23:18","25"
"SO_1278","원평항","2028-09-09","2028-09-09 05:12","38","2028-09-09 12:12","20","2028-09-09 18:19","33","2028-09-09 23:30","28"
"SO_1278","원평항","2028-09-10","2028-09-10 05:38","39","2028-09-10 13:01","22","2028-09-10 19:16","33","",""
"SO_1278","원평항","2028-09-11","2028-09-11 06:12","40","2028-09-11 00:00","31","","","2028-09-11 14:09","23"
"SO_1278","원평항","2028-09-12","2028-09-12 06:57","41","2028-09-12 15:42","22","","","",""
"SO_1278","원평항","2028-09-13","2028-09-13 08:02","40","2028-09-13 17:04","20","","","",""
"SO_1278","원평항","2028-09-14","2028-09-14 09:40","40","2028-09-14 18:08","17","","","",""
"SO_1278","원평항","2028-09-15","2028-09-15 01:28","32","2028-09-15 05:33","30","2028-09-15 11:15","39","2028-09-15 19:01","13"
"SO_1278","원평항","2028-09-16","2028-09-16 01:48","31","2028-09-16 06:31","26","2028-09-16 12:21","39","2028-09-16 19:49","10"
"SO_1278","원평항","2028-09-17","2028-09-17 02:11","31","2028-09-17 07:23","21","2028-09-17 13:18","39","2028-09-17 20:33","9"
"SO_1278","원평항","2028-09-18","2028-09-18 02:35","31","2028-09-18 08:14","16","2028-09-18 14:11","38","2028-09-18 21:13","9"
"SO_1278","원평항","2028-09-19","2028-09-19 02:59","32","2028-09-19 09:05","12","2028-09-19 15:05","37","2028-09-19 21:51","11"
"SO_1278","원평항","2028-09-20","2028-09-20 03:26","33","2028-09-20 09:57","10","2028-09-20 16:01","36","2028-09-20 22:26","15"
"SO_1278","원평항","2028-09-21","2028-09-21 03:56","36","2028-09-21 10:49","9","2028-09-21 17:00","35","2028-09-21 23:00","19"
"SO_1278","원평항","2028-09-22","2028-09-22 04:28","38","2028-09-22 11:44","9","2028-09-22 18:09","33","2028-09-22 23:31","24"
"SO_1278","원평항","2028-09-23","2028-09-23 05:03","40","2028-09-23 12:43","11","2028-09-23 19:50","32","2028-09-23 23:59","28"
"SO_1278","원평항","2028-09-24","2028-09-24 05:43","40","2028-09-24 13:51","13","2028-09-24 21:56","32","",""
"SO_1278","원평항","2028-09-25","2028-09-25 06:28","39","2028-09-25 00:23","31","","","2028-09-25 15:10","15"
"SO_1278","원평항","2028-09-26","2028-09-26 07:29","38","2028-09-26 16:30","15","","","",""
"SO_1278","원평항","2028-09-27","2028-09-27 01:26","32","2028-09-27 04:27","31","2028-09-27 09:19","35","2028-09-27 17:40","14"
"SO_1278","원평항","2028-09-28","2028-09-28 01:40","30","2028-09-28 05:36","27","2028-09-28 10:56","33","2028-09-28 18:38","13"
"SO_1278","원평항","2028-09-29","2028-09-29 01:52","28","2028-09-29 06:27","23","2028-09-29 11:58","31","2028-09-29 19:23","11"
"SO_1278","원평항","2028-09-30","2028-09-30 01:59","26","2028-09-30 07:08","19","2028-09-30 12:48","29","2028-09-30 19:58","9"
"SO_1278","원평항","2028-10-01","2028-10-01 02:05","24","2028-10-01 07:44","14","2028-10-01 13:32","28","2028-10-01 20:26","9"
"SO_1278","원평항","2028-10-02","2028-10-02 02:15","24","2028-10-02 08:19","10","2028-10-02 14:14","26","2028-10-02 20:50","8"
"SO_1278","원평항","2028-10-03","2028-10-03 02:32","24","2028-10-03 08:53","8","2028-10-03 14:55","25","2028-10-03 21:13","9"
"SO_1278","원평항","2028-10-04","2028-10-04 02:53","25","2028-10-04 09:26","6","2028-10-04 15:35","25","2028-10-04 21:36","11"
"SO_1278","원평항","2028-10-05","2028-10-05 03:15","26","2028-10-05 10:01","6","2028-10-05 16:15","25","2028-10-05 21:59","14"
"SO_1278","원평항","2028-10-06","2028-10-06 03:38","28","2028-10-06 10:36","6","2028-10-06 16:56","26","2028-10-06 22:20","17"
"SO_1278","원평항","2028-10-07","2028-10-07 04:01","31","2028-10-07 11:14","8","2028-10-07 17:39","26","2028-10-07 22:38","20"
"SO_1278","원평항","2028-10-08","2028-10-08 04:26","32","2028-10-08 11:56","9","2028-10-08 18:30","26","2028-10-08 22:56","22"
"SO_1278","원평항","2028-10-09","2028-10-09 04:57","33","2028-10-09 12:45","11","2028-10-09 19:45","25","2028-10-09 23:16","24"
"SO_1278","원평항","2028-10-10","2028-10-10 05:37","33","2028-10-10 13:49","11","2028-10-10 21:58","25","2028-10-10 23:44","24"
"SO_1278","원평항","2028-10-11","2028-10-11 06:29","32","2028-10-11 15:09","11","","","",""
"SO_1278","원평항","2028-10-12","2028-10-12 07:42","30","2028-10-12 16:26","9","","","",""
"SO_1278","원평항","2028-10-13","2028-10-13 00:01","23","2028-10-13 04:16","21","2028-10-13 09:28","28","2028-10-13 17:31","7"
"SO_1278","원평항","2028-10-14","2028-10-14 00:26","22","2028-10-14 05:26","17","2028-10-14 10:59","27","2028-10-14 18:23","5"
"SO_1278","원평항","2028-10-15","2028-10-15 00:51","22","2028-10-15 06:22","12","2028-10-15 12:10","26","2028-10-15 19:11","4"
"SO_1278","원평항","2028-10-16","2028-10-16 01:15","22","2028-10-16 07:15","7","2028-10-16 13:13","26","2028-10-16 19:54","4"
"SO_1278","원평항","2028-10-17","2028-10-17 01:40","24","2028-10-17 08:06","2","2028-10-17 14:14","26","2028-10-17 20:34","6"
"SO_1278","원평항","2028-10-18","2028-10-18 02:09","26","2028-10-18 08:58","-1","2028-10-18 15:15","25","2028-10-18 21:12","9"
"SO_1278","원평항","2028-10-19","2028-10-19 02:41","29","2028-10-19 09:49","-2","2028-10-19 16:16","25","2028-10-19 21:49","13"
"SO_1278","원평항","2028-10-20","2028-10-20 03:15","31","2028-10-20 10:40","-2","2028-10-20 17:19","25","2028-10-20 22:23","17"
"SO_1278","원평항","2028-10-21","2028-10-21 03:52","33","2028-10-21 11:32","-1","2028-10-21 18:29","25","2028-10-21 22:58","20"
"SO_1278","원평항","2028-10-22","2028-10-22 04:32","34","2028-10-22 12:26","2","2028-10-22 20:00","24","2028-10-22 23:33","22"
"SO_1278","원평항","2028-10-23","2028-10-23 05:15","33","2028-10-23 13:26","4","2028-10-23 21:39","24","",""
"SO_1278","원평항","2028-10-24","2028-10-24 06:03","31","2028-10-24 00:17","23","2028-10-24 23:01","23","2028-10-24 14:34","6"
"SO_1278","원평항","2028-10-25","2028-10-25 07:02","27","2028-10-25 01:59","22","2028-10-25 23:52","22","2028-10-25 15:45","6"
"SO_1278","원평항","2028-10-26","2028-10-26 08:31","24","2028-10-26 04:02","20","","","2028-10-26 16:51","6"
"SO_1278","원평항","2028-10-27","2028-10-27 00:22","20","2028-10-27 05:18","16","2028-10-27 10:15","20","2028-10-27 17:45","5"
"SO_1278","원평항","2028-10-28","2028-10-28 00:41","18","2028-10-28 06:13","11","2028-10-28 11:31","18","2028-10-28 18:28","4"
"SO_1278","원평항","2028-10-29","2028-10-29 00:55","17","2028-10-29 06:56","7","2028-10-29 12:34","16","2028-10-29 19:04","3"
"SO_1278","원평항","2028-10-30","2028-10-30 01:08","17","2028-10-30 07:33","3","2028-10-30 13:29","15","2028-10-30 19:33","4"
"SO_1278","원평항","2028-10-31","2028-10-31 01:25","17","2028-10-31 08:06","","2028-10-31 14:19","15","2028-10-31 20:00","5"
"SO_1278","원평항","2028-11-01","2028-11-01 01:46","18","2028-11-01 08:39","-2","2028-11-01 15:03","16","2028-11-01 20:26","7"
"SO_1278","원평항","2028-11-02","2028-11-02 02:08","20","2028-11-02 09:12","-2","2028-11-02 15:44","17","2028-11-02 20:53","9"
"SO_1278","원평항","2028-11-03","2028-11-03 02:32","23","2028-11-03 09:48","-2","2028-11-03 16:24","19","2028-11-03 21:20","12"
"SO_1278","원평항","2028-11-04","2028-11-04 02:59","25","2028-11-04 10:25","-2","2028-11-04 17:04","20","2028-11-04 21:47","14"
"SO_1278","원평항","2028-11-05","2028-11-05 03:28","27","2028-11-05 11:05","-1","2028-11-05 17:49","20","2028-11-05 22:16","16"
"SO_1278","원평항","2028-11-06","2028-11-06 04:02","29","2028-11-06 11:50","","2028-11-06 18:40","20","2028-11-06 22:49","17"
"SO_1278","원평항","2028-11-07","2028-11-07 04:41","29","2028-11-07 12:39","1","2028-11-07 19:47","19","2028-11-07 23:31","17"
"SO_1278","원평항","2028-11-08","2028-11-08 05:26","27","2028-11-08 13:34","1","2028-11-08 21:04","18","",""
"SO_1278","원평항","2028-11-09","2028-11-09 06:23","25","2028-11-09 00:37","16","2028-11-09 22:07","17","2028-11-09 14:38","1"
"SO_1278","원평항","2028-11-10","2028-11-10 07:38","22","2028-11-10 02:23","15","2028-11-10 22:49","16","2028-11-10 15:44","1"
"SO_1278","원평항","2028-11-11","2028-11-11 09:13","19","2028-11-11 04:00","11","2028-11-11 23:22","16","2028-11-11 16:45","1"
"SO_1278","원평항","2028-11-12","2028-11-12 10:46","17","2028-11-12 05:12","7","2028-11-12 23:51","17","2028-11-12 17:40","1"
"SO_1278","원평항","2028-11-13","2028-11-13 12:09","17","2028-11-13 06:13","2","","","2028-11-13 18:28","3"
"SO_1278","원평항","2028-11-14","2028-11-14 00:21","19","2028-11-14 07:09","-2","2028-11-14 13:29","17","2028-11-14 19:13","5"
"SO_1278","원평항","2028-11-15","2028-11-15 00:54","21","2028-11-15 08:01","-6","2028-11-15 14:38","18","2028-11-15 19:55","8"
"SO_1278","원평항","2028-11-16","2028-11-16 01:29","24","2028-11-16 08:53","-7","2028-11-16 15:39","19","2028-11-16 20:36","11"
"SO_1278","원평항","2028-11-17","2028-11-17 02:08","27","2028-11-17 09:44","-8","2028-11-17 16:34","20","2028-11-17 21:16","13"
"SO_1278","원평항","2028-11-18","2028-11-18 02:49","29","2028-11-18 10:33","-7","2028-11-18 17:28","20","2028-11-18 21:55","15"
"SO_1278","원평항","2028-11-19","2028-11-19 03:31","30","2028-11-19 11:21","-6","2028-11-19 18:24","20","2028-11-19 22:35","16"
"SO_1278","원평항","2028-11-20","2028-11-20 04:14","30","2028-11-20 12:08","-4","2028-11-20 19:28","19","2028-11-20 23:18","16"
"SO_1278","원평항","2028-11-21","2028-11-21 04:59","28","2028-11-21 12:56","-2","2028-11-21 20:36","18","",""
"SO_1278","원평항","2028-11-22","2028-11-22 05:45","25","2028-11-22 00:09","15","2028-11-22 21:35","16","2028-11-22 13:47",""
"SO_1278","원평항","2028-11-23","2028-11-23 06:38","21","2028-11-23 01:20","14","2028-11-23 22:20","15","2028-11-23 14:40","1"
"SO_1278","원평항","2028-11-24","2028-11-24 07:42","16","2028-11-24 03:06","12","2028-11-24 22:56","14","2028-11-24 15:35","1"
"SO_1278","원평항","2028-11-25","2028-11-25 09:08","12","2028-11-25 04:41","8","2028-11-25 23:23","14","2028-11-25 16:28","2"
"SO_1278","원평항","2028-11-26","2028-11-26 10:51","10","2028-11-26 05:47","5","2028-11-26 23:46","14","2028-11-26 17:15","2"
"SO_1278","원평항","2028-11-27","2028-11-27 12:30","9","2028-11-27 06:35","1","","","2028-11-27 17:55","3"
"SO_1278","원평항","2028-11-28","2028-11-28 00:08","14","2028-11-28 07:14","-1","2028-11-28 13:42","10","2028-11-28 18:31","5"
"SO_1278","원평항","2028-11-29","2028-11-29 00:33","16","2028-11-29 07:48","-3","2028-11-29 14:34","11","2028-11-29 19:04","7"
"SO_1278","원평항","2028-11-30","2028-11-30 00:59","18","2028-11-30 08:23","-4","2028-11-30 15:13","13","2028-11-30 19:38","9"
"SO_1278","원평항","2028-12-01","2028-12-01 01:29","21","2028-12-01 08:59","-5","2028-12-01 15:50","15","2028-12-01 20:13","11"
"SO_1278","원평항","2028-12-02","2028-12-02 02:01","24","2028-12-02 09:37","-5","2028-12-02 16:25","17","2028-12-02 20:50","12"
"SO_1278","원평항","2028-12-03","2028-12-03 02:36","26","2028-12-03 10:18","-6","2028-12-03 17:03","17","2028-12-03 21:29","13"
"SO_1278","원평항","2028-12-04","2028-12-04 03:15","27","2028-12-04 11:00","-6","2028-12-04 17:44","18","2028-12-04 22:10","13"
"SO_1278","원평항","2028-12-05","2028-12-05 03:55","28","2028-12-05 11:43","-5","2028-12-05 18:29","17","2028-12-05 22:55","13"
"SO_1278","원평항","2028-12-06","2028-12-06 04:39","27","2028-12-06 12:27","-5","2028-12-06 19:17","16","2028-12-06 23:47","12"
"SO_1278","원평항","2028-12-07","2028-12-07 05:26","25","2028-12-07 13:14","-4","2028-12-07 20:07","15","",""
"SO_1278","원평항","2028-12-08","2028-12-08 06:23","22","2028-12-08 00:51","10","2028-12-08 20:53","15","2028-12-08 14:03","-2"
"SO_1278","원평항","2028-12-09","2028-12-09 07:31","18","2028-12-09 02:11","8","2028-12-09 21:34","15","2028-12-09 14:56",""
"SO_1278","원평항","2028-12-10","2028-12-10 08:57","15","2028-12-10 03:39","6","2028-12-10 22:13","16","2028-12-10 15:52","2"
"SO_1278","원평항","2028-12-11","2028-12-11 10:47","13","2028-12-11 04:58","2","2028-12-11 22:51","18","2028-12-11 16:48","5"
"SO_1278","원평항","2028-12-12","2028-12-12 12:43","14","2028-12-12 06:05","-1","2028-12-12 23:33","21","2028-12-12 17:43","8"
"SO_1278","원평항","2028-12-13","2028-12-13 14:07","15","2028-12-13 07:05","-4","","","2028-12-13 18:34","10"
"SO_1278","원평항","2028-12-14","2028-12-14 00:18","24","2028-12-14 08:00","-6","2028-12-14 15:09","17","2028-12-14 19:23","12"
"SO_1278","원평항","2028-12-15","2028-12-15 01:05","26","2028-12-15 08:51","-7","2028-12-15 15:58","18","2028-12-15 20:09","14"
"SO_1278","원평항","2028-12-16","2028-12-16 01:51","29","2028-12-16 09:40","-8","2028-12-16 16:40","18","2028-12-16 20:52","14"
"SO_1278","원평항","2028-12-17","2028-12-17 02:36","30","2028-12-17 10:25","-7","2028-12-17 17:16","18","2028-12-17 21:34","14"
"SO_1278","원평항","2028-12-18","2028-12-18 03:20","30","2028-12-18 11:06","-7","2028-12-18 17:49","17","2028-12-18 22:17","13"
"SO_1278","원평항","2028-12-19","2028-12-19 04:02","28","2028-12-19 11:45","-6","2028-12-19 18:19","16","2028-12-19 23:01","11"
"SO_1278","원평항","2028-12-20","2028-12-20 04:44","26","2028-12-20 12:21","-4","2028-12-20 18:52","15","2028-12-20 23:48","10"
"SO_1278","원평항","2028-12-21","2028-12-21 05:27","22","2028-12-21 12:55","-3","2028-12-21 19:28","14","",""
"SO_1278","원평항","2028-12-22","2028-12-22 06:12","18","2028-12-22 00:43","9","2028-12-22 20:08","14","2028-12-22 13:28","-2"
"SO_1278","원평항","2028-12-23","2028-12-23 07:02","14","2028-12-23 01:54","8","2028-12-23 20:49","14","2028-12-23 14:01",""
"SO_1278","원평항","2028-12-24","2028-12-24 08:04","10","2028-12-24 03:31","6","2028-12-24 21:30","14","2028-12-24 14:36","3"
"SO_1278","원평항","2028-12-25","2028-12-25 09:43","8","2028-12-25 04:59","4","2028-12-25 22:09","15","2028-12-25 15:13","5"
"SO_1278","원평항","2028-12-26","2028-12-26 12:49","9","2028-12-26 05:59","2","2028-12-26 22:48","17","2028-12-26 16:00","8"
"SO_1278","원평항","2028-12-27","2028-12-27 14:07","11","2028-12-27 06:45","","2028-12-27 23:29","19","2028-12-27 16:59","10"
"SO_1278","원평항","2028-12-28","2028-12-28 14:47","13","2028-12-28 07:25","-1","","","2028-12-28 17:59","12"
"SO_1278","원평항","2028-12-29","2028-12-29 00:13","21","2028-12-29 08:04","-3","2028-12-29 15:15","15","2028-12-29 18:53","13"
"SO_1278","원평항","2028-12-30","2028-12-30 00:57","24","2028-12-30 08:45","-4","2028-12-30 15:43","16","2028-12-30 19:43","13"
"SO_1278","원평항","2028-12-31","2028-12-31 01:41","26","2028-12-31 09:25","-6","2028-12-31 16:13","17","2028-12-31 20:31","13"
"SO_1279","어란진항","2028-01-01","2028-01-01 04:52","22","2028-01-01 12:09","-4","2028-01-01 18:31","13","2028-01-01 23:36","8"
"SO_1279","어란진항","2028-01-02","2028-01-02 05:27","19","2028-01-02 12:38","-3","2028-01-02 19:03","13","",""
"SO_1279","어란진항","2028-01-03","2028-01-03 06:05","16","2028-01-03 00:25","7","2028-01-03 19:37","13","2028-01-03 13:07","-1"
"SO_1279","어란진항","2028-01-04","2028-01-04 06:50","13","2028-01-04 01:23","7","2028-01-04 20:13","14","2028-01-04 13:36","1"
"SO_1279","어란진항","2028-01-05","2028-01-05 07:54","11","2028-01-05 02:33","6","2028-01-05 20:52","15","2028-01-05 14:08","4"
"SO_1279","어란진항","2028-01-06","2028-01-06 09:39","10","2028-01-06 03:55","5","2028-01-06 21:35","18","2028-01-06 14:45","7"
"SO_1279","어란진항","2028-01-07","2028-01-07 12:10","11","2028-01-07 05:13","3","2028-01-07 22:20","21","2028-01-07 15:40","10"
"SO_1279","어란진항","2028-01-08","2028-01-08 14:14","14","2028-01-08 06:19","1","2028-01-08 23:10","24","2028-01-08 16:56","13"
"SO_1279","어란진항","2028-01-09","2028-01-09 00:00","322","2028-01-09 00:00","121","2028-01-09 15:06","16","2028-01-09 07:15","-1"
"SO_1279","어란진항","2028-01-10","2028-01-10 00:00","260","2028-01-10 00:00","57","2028-01-10 00:04","27","2028-01-10 08:06","-3"
"SO_1279","어란진항","2028-01-11","2028-01-11 01:00","29","2028-01-11 08:55","-5","2028-01-11 16:14","19","2028-01-11 20:01","15"
"SO_1279","어란진항","2028-01-12","2028-01-12 01:54","31","2028-01-12 09:43","-7","2028-01-12 16:44","19","2028-01-12 20:53","14"
"SO_1279","어란진항","2028-01-13","2028-01-13 02:48","32","2028-01-13 10:28","-9","2028-01-13 17:12","18","2028-01-13 21:44","11"
"SO_1279","어란진항","2028-01-14","2028-01-14 03:38","32","2028-01-14 11:11","-8","2028-01-14 17:40","18","2028-01-14 22:36","9"
"SO_1279","어란진항","2028-01-15","2028-01-15 04:28","30","2028-01-15 11:52","-7","2028-01-15 18:09","18","2028-01-15 23:31","7"
"SO_1279","어란진항","2028-01-16","2028-01-16 05:17","26","2028-01-16 12:31","-4","2028-01-16 18:41","18","",""
"SO_1279","어란진항","2028-01-17","2028-01-17 06:10","22","2028-01-17 00:31","5","2028-01-17 19:16","19","2028-01-17 13:07",""
"SO_1279","어란진항","2028-01-18","2028-01-18 07:12","18","2028-01-18 01:40","4","2028-01-18 19:55","20","2028-01-18 13:39","4"
"SO_1279","어란진항","2028-01-19","2028-01-19 08:57","14","2028-01-19 03:02","4","2028-01-19 20:42","21","2028-01-19 14:07","9"
"SO_1279","어란진항","2028-01-20","2028-01-20 11:41","14","2028-01-20 04:30","3","2028-01-20 21:40","23","2028-01-20 14:17","13"
"SO_1279","어란진항","2028-01-21","2028-01-21 22:42","25","2028-01-21 05:53","2","","","",""
"SO_1279","어란진항","2028-01-22","2028-01-22 23:43","26","2028-01-22 07:02","","","","",""
"SO_1279","어란진항","2028-01-23","2028-01-23 16:08","19","2028-01-23 07:56","-1","","","2028-01-23 18:54","18"
"SO_1279","어란진항","2028-01-24","2028-01-24 00:38","27","2028-01-24 08:39","-2","2028-01-24 16:13","19","2028-01-24 19:39","17"
"SO_1279","어란진항","2028-01-25","2028-01-25 01:28","28","2028-01-25 09:16","-3","2028-01-25 16:17","18","2028-01-25 20:16","14"
"SO_1279","어란진항","2028-01-26","2028-01-26 02:11","28","2028-01-26 09:48","-4","2028-01-26 16:23","17","2028-01-26 20:51","12"
"SO_1279","어란진항","2028-01-27","2028-01-27 02:50","27","2028-01-27 10:16","-4","2028-01-27 16:35","16","2028-01-27 21:25","10"
"SO_1279","어란진항","2028-01-28","2028-01-28 03:26","25","2028-01-28 10:41","-5","2028-01-28 16:53","15","2028-01-28 22:00","7"
"SO_1279","어란진항","2028-01-29","2028-01-29 04:00","23","2028-01-29 11:05","-5","2028-01-29 17:13","14","2028-01-29 22:37","6"
"SO_1279","어란진항","2028-01-30","2028-01-30 04:34","20","2028-01-30 11:28","-4","2028-01-30 17:35","15","2028-01-30 23:17","5"
"SO_1279","어란진항","2028-01-31","2028-01-31 05:08","18","2028-01-31 11:50","-2","2028-01-31 17:59","16","2028-01-31 23:59","5"
"SO_1279","어란진항","2028-02-01","2028-02-01 05:44","16","2028-02-01 12:12","1","2028-02-01 18:24","17","",""
"SO_1279","어란진항","2028-02-02","2028-02-02 06:27","15","2028-02-02 00:47","5","2028-02-02 18:53","19","2028-02-02 12:33","5"
"SO_1279","어란진항","2028-02-03","2028-02-03 07:28","14","2028-02-03 01:47","5","2028-02-03 19:30","21","2028-02-03 12:53","8"
"SO_1279","어란진항","2028-02-04","2028-02-04 09:32","13","2028-02-04 03:04","6","2028-02-04 20:19","23","2028-02-04 13:03","12"
"SO_1279","어란진항","2028-02-05","2028-02-05 21:23","25","2028-02-05 04:29","5","","","",""
"SO_1279","어란진항","2028-02-06","2028-02-06 22:35","27","2028-02-06 05:49","3","","","",""
"SO_1279","어란진항","2028-02-07","2028-02-07 15:18","19","2028-02-07 06:57","","2028-02-07 23:44","28","2028-02-07 17:49","18"
"SO_1279","어란진항","2028-02-08","2028-02-08 15:28","19","2028-02-08 07:53","-3","","","2028-02-08 18:58","16"
"SO_1279","어란진항","2028-02-09","2028-02-09 00:48","30","2028-02-09 08:41","-6","2028-02-09 15:41","18","2028-02-09 19:55","13"
"SO_1279","어란진항","2028-02-10","2028-02-10 01:47","30","2028-02-10 09:24","-8","2028-02-10 15:58","18","2028-02-10 20:47","9"
"SO_1279","어란진항","2028-02-11","2028-02-11 02:40","30","2028-02-11 10:05","-9","2028-02-11 16:19","18","2028-02-11 21:38","6"
"SO_1279","어란진항","2028-02-12","2028-02-12 03:31","29","2028-02-12 10:42","-8","2028-02-12 16:43","18","2028-02-12 22:29","3"
"SO_1279","어란진항","2028-02-13","2028-02-13 04:20","26","2028-02-13 11:17","-5","2028-02-13 17:10","20","2028-02-13 23:22","1"
"SO_1279","어란진항","2028-02-14","2028-02-14 05:10","23","2028-02-14 11:49","-1","2028-02-14 17:41","21","",""
"SO_1279","어란진항","2028-02-15","2028-02-15 06:05","20","2028-02-15 00:20","","2028-02-15 18:13","23","2028-02-15 12:17","4"
"SO_1279","어란진항","2028-02-16","2028-02-16 07:20","16","2028-02-16 01:26","1","2028-02-16 18:50","24","2028-02-16 12:38","9"
"SO_1279","어란진항","2028-02-17","2028-02-17 09:56","15","2028-02-17 02:42","2","2028-02-17 19:35","25","2028-02-17 12:41","14"
"SO_1279","어란진항","2028-02-18","2028-02-18 20:40","25","2028-02-18 04:07","3","","","",""
"SO_1279","어란진항","2028-02-19","2028-02-19 22:05","25","2028-02-19 05:34","3","","","",""
"SO_1279","어란진항","2028-02-20","2028-02-20 15:38","20","2028-02-20 06:49","2","2028-02-20 23:21","25","2028-02-20 17:49","19"
"SO_1279","어란진항","2028-02-21","2028-02-21 15:31","19","2028-02-21 07:42","","","","2028-02-21 18:58","17"
"SO_1279","어란진항","2028-02-22","2028-02-22 00:23","25","2028-02-22 08:22","-2","2028-02-22 15:31","17","2028-02-22 19:40","14"
"SO_1279","어란진항","2028-02-23","2028-02-23 01:14","24","2028-02-23 08:54","-3","2028-02-23 15:34","16","2028-02-23 20:14","10"
"SO_1279","어란진항","2028-02-24","2028-02-24 01:57","23","2028-02-24 09:20","-5","2028-02-24 15:41","14","2028-02-24 20:45","7"
"SO_1279","어란진항","2028-02-25","2028-02-25 02:36","21","2028-02-25 09:43","-5","2028-02-25 15:51","14","2028-02-25 21:17","4"
"SO_1279","어란진항","2028-02-26","2028-02-26 03:11","19","2028-02-26 10:03","-5","2028-02-26 16:06","14","2028-02-26 21:50","2"
"SO_1279","어란진항","2028-02-27","2028-02-27 03:46","18","2028-02-27 10:23","-4","2028-02-27 16:22","15","2028-02-27 22:23","1"
"SO_1279","어란진항","2028-02-28","2028-02-28 04:20","17","2028-02-28 10:43","-2","2028-02-28 16:41","16","2028-02-28 22:59",""
"SO_1279","어란진항","2028-02-29","2028-02-29 04:55","16","2028-02-29 11:03","1","2028-02-29 17:02","19","2028-02-29 23:39","1"
"SO_1279","어란진항","2028-03-01","2028-03-01 05:35","16","2028-03-01 11:23","5","2028-03-01 17:27","21","",""
"SO_1279","어란진항","2028-03-02","2028-03-02 06:22","15","2028-03-02 00:23","2","2028-03-02 17:56","23","2028-03-02 11:43","8"
"SO_1279","어란진항","2028-03-03","2028-03-03 07:42","15","2028-03-03 01:20","3","2028-03-03 18:31","25","2028-03-03 11:58","12"
"SO_1279","어란진항","2028-03-04","2028-03-04 19:20","25","2028-03-04 02:34","4","","","",""
"SO_1279","어란진항","2028-03-05","2028-03-05 20:38","25","2028-03-05 03:58","4","","","",""
"SO_1279","어란진항","2028-03-06","2028-03-06 22:12","25","2028-03-06 05:22","2","","","",""
"SO_1279","어란진항","2028-03-07","2028-03-07 14:32","17","2028-03-07 06:33","-1","2028-03-07 23:31","25","2028-03-07 17:52","15"
"SO_1279","어란진항","2028-03-08","2028-03-08 14:33","17","2028-03-08 07:29","-4","","","2028-03-08 18:57","11"
"SO_1279","어란진항","2028-03-09","2028-03-09 00:38","25","2028-03-09 08:14","-7","2028-03-09 14:43","16","2028-03-09 19:51","6"
"SO_1279","어란진항","2028-03-10","2028-03-10 01:38","25","2028-03-10 08:54","-8","2028-03-10 15:01","16","2028-03-10 20:41","2"
"SO_1279","어란진항","2028-03-11","2028-03-11 02:33","24","2028-03-11 09:30","-7","2028-03-11 15:24","18","2028-03-11 21:30","-2"
"SO_1279","어란진항","2028-03-12","2028-03-12 03:25","23","2028-03-12 10:04","-5","2028-03-12 15:51","20","2028-03-12 22:20","-5"
"SO_1279","어란진항","2028-03-13","2028-03-13 04:17","21","2028-03-13 10:35","-1","2028-03-13 16:21","22","2028-03-13 23:12","-5"
"SO_1279","어란진항","2028-03-14","2028-03-14 05:12","19","2028-03-14 11:05","4","2028-03-14 16:52","24","",""
"SO_1279","어란진항","2028-03-15","2028-03-15 06:19","17","2028-03-15 00:07","-5","2028-03-15 17:25","26","2028-03-15 11:29","9"
"SO_1279","어란진항","2028-03-16","2028-03-16 08:13","16","2028-03-16 01:08","-3","2028-03-16 18:01","26","2028-03-16 11:44","13"
"SO_1279","어란진항","2028-03-17","2028-03-17 18:44","26","2028-03-17 02:16","","","","",""
"SO_1279","어란진항","2028-03-18","2028-03-18 19:47","24","2028-03-18 03:33","2","","","",""
"SO_1279","어란진항","2028-03-19","2028-03-19 21:24","22","2028-03-19 04:57","2","","","",""
"SO_1279","어란진항","2028-03-20","2028-03-20 14:26","18","2028-03-20 06:15","1","2028-03-20 22:52","21","2028-03-20 18:08","17"
"SO_1279","어란진항","2028-03-21","2028-03-21 14:29","17","2028-03-21 07:09","","","","2028-03-21 19:06","13"
"SO_1279","어란진항","2028-03-22","2028-03-22 00:02","19","2028-03-22 07:47","-2","2028-03-22 14:36","15","2028-03-22 19:41","9"
"SO_1279","어란진항","2028-03-23","2028-03-23 00:57","18","2028-03-23 08:17","-4","2028-03-23 14:42","13","2028-03-23 20:11","5"
"SO_1279","어란진항","2028-03-24","2028-03-24 01:44","16","2028-03-24 08:40","-5","2028-03-24 14:50","12","2028-03-24 20:39","1"
"SO_1279","어란진항","2028-03-25","2028-03-25 02:25","15","2028-03-25 09:00","-5","2028-03-25 14:59","13","2028-03-25 21:07","-2"
"SO_1279","어란진항","2028-03-26","2028-03-26 03:02","14","2028-03-26 09:18","-3","2028-03-26 15:12","14","2028-03-26 21:36","-3"
"SO_1279","어란진항","2028-03-27","2028-03-27 03:39","14","2028-03-27 09:37","-1","2028-03-27 15:29","17","2028-03-27 22:08","-4"
"SO_1279","어란진항","2028-03-28","2028-03-28 04:16","15","2028-03-28 09:57","2","2028-03-28 15:50","20","2028-03-28 22:43","-3"
"SO_1279","어란진항","2028-03-29","2028-03-29 04:57","15","2028-03-29 10:19","6","2028-03-29 16:15","23","2028-03-29 23:22","-2"
"SO_1279","어란진항","2028-03-30","2028-03-30 05:44","16","2028-03-30 10:43","9","2028-03-30 16:44","25","",""
"SO_1279","어란진항","2028-03-31","2028-03-31 06:50","16","2028-03-31 00:09","-1","2028-03-31 17:17","26","2028-03-31 11:06","13"
"SO_1279","어란진항","2028-04-01","2028-04-01 08:36","16","2028-04-01 01:06","1","2028-04-01 17:56","26","2028-04-01 11:24","15"
"SO_1279","어란진항","2028-04-02","2028-04-02 18:50","25","2028-04-02 02:17","2","","","",""
"SO_1279","어란진항","2028-04-03","2028-04-03 20:21","23","2028-04-03 03:35","2","","","",""
"SO_1279","어란진항","2028-04-04","2028-04-04 13:11","17","2028-04-04 04:53","","2028-04-04 22:02","22","2028-04-04 16:35","15"
"SO_1279","어란진항","2028-04-05","2028-04-05 13:12","16","2028-04-05 06:01","-2","2028-04-05 23:22","21","2028-04-05 17:53","11"
"SO_1279","어란진항","2028-04-06","2028-04-06 13:23","16","2028-04-06 06:55","-4","","","2028-04-06 18:53","6"
"SO_1279","어란진항","2028-04-07","2028-04-07 00:32","20","2028-04-07 07:38","-4","2028-04-07 13:42","16","2028-04-07 19:44","1"
"SO_1279","어란진항","2028-04-08","2028-04-08 01:34","20","2028-04-08 08:16","-4","2028-04-08 14:06","18","2028-04-08 20:33","-4"
"SO_1279","어란진항","2028-04-09","2028-04-09 02:32","19","2028-04-09 08:52","-1","2028-04-09 14:35","21","2028-04-09 21:21","-7"
"SO_1279","어란진항","2028-04-10","2028-04-10 03:28","19","2028-04-10 09:24","2","2028-04-10 15:06","24","2028-04-10 22:10","-8"
"SO_1279","어란진항","2028-04-11","2028-04-11 04:26","19","2028-04-11 09:55","7","2028-04-11 15:39","26","2028-04-11 23:00","-7"
"SO_1279","어란진항","2028-04-12","2028-04-12 05:30","18","2028-04-12 10:24","11","2028-04-12 16:14","28","2028-04-12 23:52","-5"
"SO_1279","어란진항","2028-04-13","2028-04-13 06:51","18","2028-04-13 10:50","15","2028-04-13 16:50","29","",""
"SO_1279","어란진항","2028-04-14","2028-04-14 08:38","18","2028-04-14 00:47","-2","2028-04-14 17:29","29","2028-04-14 11:06","17"
"SO_1279","어란진항","2028-04-15","2028-04-15 18:13","27","2028-04-15 01:46","1","","","",""
"SO_1279","어란진항","2028-04-16","2028-04-16 19:15","24","2028-04-16 02:50","3","","","",""
"SO_1279","어란진항","2028-04-17","2028-04-17 13:05","19","2028-04-17 04:02","3","2028-04-17 20:43","21","2028-04-17 15:48","18"
"SO_1279","어란진항","2028-04-18","2028-04-18 13:14","18","2028-04-18 05:17","3","2028-04-18 22:11","18","2028-04-18 18:04","15"
"SO_1279","어란진항","2028-04-19","2028-04-19 13:26","16","2028-04-19 06:16","1","2028-04-19 23:33","16","2028-04-19 18:56","10"
"SO_1279","어란진항","2028-04-20","2028-04-20 13:36","15","2028-04-20 06:56","","","","2028-04-20 19:30","6"
"SO_1279","어란진항","2028-04-21","2028-04-21 00:41","14","2028-04-21 07:26","","2028-04-21 13:43","14","2028-04-21 19:57","3"
"SO_1279","어란진항","2028-04-22","2028-04-22 01:36","14","2028-04-22 07:48","","2028-04-22 13:50","15","2028-04-22 20:22",""
"SO_1279","어란진항","2028-04-23","2028-04-23 02:22","14","2028-04-23 08:08","2","2028-04-23 14:01","17","2028-04-23 20:49","-2"
"SO_1279","어란진항","2028-04-24","2028-04-24 03:04","15","2028-04-24 08:29","4","2028-04-24 14:18","20","2028-04-24 21:18","-3"
"SO_1279","어란진항","2028-04-25","2028-04-25 03:45","16","2028-04-25 08:51","7","2028-04-25 14:41","23","2028-04-25 21:52","-3"
"SO_1279","어란진항","2028-04-26","2028-04-26 04:28","18","2028-04-26 09:17","10","2028-04-26 15:09","27","2028-04-26 22:30","-2"
"SO_1279","어란진항","2028-04-27","2028-04-27 05:15","19","2028-04-27 09:46","14","2028-04-27 15:41","29","2028-04-27 23:14",""
"SO_1279","어란진항","2028-04-28","2028-04-28 06:13","20","2028-04-28 10:16","16","2028-04-28 16:17","31","",""
"SO_1279","어란진항","2028-04-29","2028-04-29 07:26","21","2028-04-29 00:05","1","2028-04-29 16:58","31","2028-04-29 10:48","19"
"SO_1279","어란진항","2028-04-30","2028-04-30 08:50","21","2028-04-30 01:03","2","2028-04-30 17:47","30","2028-04-30 11:28","20"
"SO_1279","어란진항","2028-05-01","2028-05-01 18:52","28","2028-05-01 02:06","3","","","",""
"SO_1279","어란진항","2028-05-02","2028-05-02 11:11","20","2028-05-02 03:13","3","2028-05-02 20:22","25","2028-05-02 15:01","18"
"SO_1279","어란진항","2028-05-03","2028-05-03 11:38","20","2028-05-03 04:20","3","2028-05-03 21:53","23","2028-05-03 16:31","15"
"SO_1279","어란진항","2028-05-04","2028-05-04 12:00","20","2028-05-04 05:22","3","2028-05-04 23:17","21","2028-05-04 17:44","10"
"SO_1279","어란진항","2028-05-05","2028-05-05 12:22","21","2028-05-05 06:14","4","","","2028-05-05 18:44","5"
"SO_1279","어란진항","2028-05-06","2028-05-06 00:33","21","2028-05-06 06:59","5","2028-05-06 12:49","23","2028-05-06 19:36","1"
"SO_1279","어란진항","2028-05-07","2028-05-07 01:42","21","2028-05-07 07:38","8","2028-05-07 13:21","26","2028-05-07 20:26","-1"
"SO_1279","어란진항","2028-05-08","2028-05-08 02:46","21","2028-05-08 08:13","11","2028-05-08 13:55","29","2028-05-08 21:14","-3"
"SO_1279","어란진항","2028-05-09","2028-05-09 03:47","22","2028-05-09 08:48","14","2028-05-09 14:32","32","2028-05-09 22:01","-2"
"SO_1279","어란진항","2028-05-10","2028-05-10 04:47","23","2028-05-10 09:21","18","2028-05-10 15:10","34","2028-05-10 22:49","-1"
"SO_1279","어란진항","2028-05-11","2028-05-11 05:48","24","2028-05-11 09:53","20","2028-05-11 15:49","35","2028-05-11 23:37","1"
"SO_1279","어란진항","2028-05-12","2028-05-12 06:52","24","2028-05-12 10:26","22","2028-05-12 16:30","35","",""
"SO_1279","어란진항","2028-05-13","2028-05-13 08:10","24","2028-05-13 00:25","4","2028-05-13 17:13","34","2028-05-13 11:01","23"
"SO_1279","어란진항","2028-05-14","2028-05-14 17:59","31","2028-05-14 01:14","6","","","",""
"SO_1279","어란진항","2028-05-15","2028-05-15 11:04","23","2028-05-15 02:05","7","2028-05-15 18:52","27","2028-05-15 13:15","22"
"SO_1279","어란진항","2028-05-16","2028-05-16 11:38","22","2028-05-16 02:58","8","2028-05-16 20:00","24","2028-05-16 14:59","21"
"SO_1279","어란진항","2028-05-17","2028-05-17 12:00","21","2028-05-17 03:56","8","2028-05-17 21:22","20","2028-05-17 17:15","18"
"SO_1279","어란진항","2028-05-18","2028-05-18 12:16","21","2028-05-18 04:52","9","2028-05-18 22:55","18","2028-05-18 18:23","14"
"SO_1279","어란진항","2028-05-19","2028-05-19 12:24","21","2028-05-19 05:39","9","","","2028-05-19 19:00","11"
"SO_1279","어란진항","2028-05-20","2028-05-20 00:26","18","2028-05-20 06:15","10","2028-05-20 12:31","22","2028-05-20 19:29","8"
"SO_1279","어란진항","2028-05-21","2028-05-21 01:35","19","2028-05-21 06:44","12","2028-05-21 12:44","24","2028-05-21 19:57","7"
"SO_1279","어란진항","2028-05-22","2028-05-22 02:29","20","2028-05-22 07:12","14","2028-05-22 13:04","28","2028-05-22 20:27","5"
"SO_1279","어란진항","2028-05-23","2028-05-23 03:15","23","2028-05-23 07:41","17","2028-05-23 13:32","31","2028-05-23 21:02","5"
"SO_1279","어란진항","2028-05-24","2028-05-24 03:59","25","2028-05-24 08:12","20","2028-05-24 14:06","35","2028-05-24 21:41","5"
"SO_1279","어란진항","2028-05-25","2028-05-25 04:44","27","2028-05-25 08:46","22","2028-05-25 14:44","38","2028-05-25 22:25","6"
"SO_1279","어란진항","2028-05-26","2028-05-26 05:31","28","2028-05-26 09:24","24","2028-05-26 15:25","40","2028-05-26 23:13","6"
"SO_1279","어란진항","2028-05-27","2028-05-27 06:24","28","2028-05-27 10:07","25","2028-05-27 16:10","40","",""
"SO_1279","어란진항","2028-05-28","2028-05-28 07:24","28","2028-05-28 00:04","7","2028-05-28 16:59","39","2028-05-28 10:58","26"
"SO_1279","어란진항","2028-05-29","2028-05-29 08:26","28","2028-05-29 00:57","8","2028-05-29 17:54","37","2028-05-29 12:04","26"
"SO_1279","어란진항","2028-05-30","2028-05-30 09:19","27","2028-05-30 01:51","9","2028-05-30 18:58","34","2028-05-30 13:25","24"
"SO_1279","어란진항","2028-05-31","2028-05-31 09:59","27","2028-05-31 02:46","11","2028-05-31 20:16","31","2028-05-31 14:51","22"
"SO_1279","어란진항","2028-06-01","2028-06-01 10:31","28","2028-06-01 03:42","12","2028-06-01 21:48","28","2028-06-01 16:17","19"
"SO_1279","어란진항","2028-06-02","2028-06-02 11:01","29","2028-06-02 04:37","15","2028-06-02 23:24","27","2028-06-02 17:34","15"
"SO_1279","어란진항","2028-06-03","2028-06-03 11:33","32","2028-06-03 05:30","17","","","2028-06-03 18:38","12"
"SO_1279","어란진항","2028-06-04","2028-06-04 00:55","27","2028-06-04 06:18","20","2028-06-04 12:09","34","2028-06-04 19:33","10"
"SO_1279","어란진항","2028-06-05","2028-06-05 02:15","29","2028-06-05 07:02","23","2028-06-05 12:47","38","2028-06-05 20:23","8"
"SO_1279","어란진항","2028-06-06","2028-06-06 03:20","30","2028-06-06 07:43","26","2028-06-06 13:29","41","2028-06-06 21:10","8"
"SO_1279","어란진항","2028-06-07","2028-06-07 04:14","31","2028-06-07 08:20","28","2028-06-07 14:12","43","2028-06-07 21:56","9"
"SO_1279","어란진항","2028-06-08","2028-06-08 04:58","32","2028-06-08 08:57","29","2028-06-08 14:56","44","2028-06-08 22:40","10"
"SO_1279","어란진항","2028-06-09","2028-06-09 05:36","32","2028-06-09 09:34","30","2028-06-09 15:38","44","2028-06-09 23:22","11"
"SO_1279","어란진항","2028-06-10","2028-06-10 06:12","32","2028-06-10 10:13","30","2028-06-10 16:21","43","",""
"SO_1279","어란진항","2028-06-11","2028-06-11 06:50","31","2028-06-11 00:02","13","2028-06-11 17:01","41","2028-06-11 10:56","29"
"SO_1279","어란진항","2028-06-12","2028-06-12 07:34","30","2028-06-12 00:41","14","2028-06-12 17:42","38","2028-06-12 11:46","28"
"SO_1279","어란진항","2028-06-13","2028-06-13 08:29","29","2028-06-13 01:19","15","2028-06-13 18:26","34","2028-06-13 12:46","27"
"SO_1279","어란진항","2028-06-14","2028-06-14 09:24","29","2028-06-14 01:57","16","2028-06-14 19:17","31","2028-06-14 14:01","26"
"SO_1279","어란진항","2028-06-15","2028-06-15 10:02","29","2028-06-15 02:36","18","2028-06-15 20:28","28","2028-06-15 15:34","25"
"SO_1279","어란진항","2028-06-16","2028-06-16 10:27","30","2028-06-16 03:17","19","2028-06-16 22:08","27","2028-06-16 17:11","23"
"SO_1279","어란진항","2028-06-17","2028-06-17 10:49","32","2028-06-17 04:01","22","","","2028-06-17 18:10","21"
"SO_1279","어란진항","2028-06-18","2028-06-18 00:13","27","2028-06-18 04:47","24","2028-06-18 11:14","34","2028-06-18 18:51","19"
"SO_1279","어란진항","2028-06-19","2028-06-19 01:42","29","2028-06-19 05:34","27","2028-06-19 11:44","37","2028-06-19 19:29","18"
"SO_1279","어란진항","2028-06-20","2028-06-20 02:41","32","2028-06-20 06:18","29","2028-06-20 12:19","41","2028-06-20 20:08","16"
"SO_1279","어란진항","2028-06-21","2028-06-21 03:26","34","2028-06-21 07:01","31","2028-06-21 13:01","44","2028-06-21 20:51","15"
"SO_1279","어란진항","2028-06-22","2028-06-22 04:07","35","2028-06-22 07:44","32","2028-06-22 13:46","47","2028-06-22 21:35","14"
"SO_1279","어란진항","2028-06-23","2028-06-23 04:45","36","2028-06-23 08:29","33","2028-06-23 14:33","49","2028-06-23 22:22","14"
"SO_1279","어란진항","2028-06-24","2028-06-24 05:23","37","2028-06-24 09:17","33","2028-06-24 15:22","50","2028-06-24 23:08","14"
"SO_1279","어란진항","2028-06-25","2028-06-25 06:03","37","2028-06-25 10:09","32","2028-06-25 16:11","50","2028-06-25 23:55","14"
"SO_1279","어란진항","2028-06-26","2028-06-26 06:43","36","2028-06-26 11:06","31","2028-06-26 17:01","48","",""
"SO_1279","어란진항","2028-06-27","2028-06-27 07:23","36","2028-06-27 00:40","15","2028-06-27 17:54","45","2028-06-27 12:08","30"
"SO_1279","어란진항","2028-06-28","2028-06-28 08:04","36","2028-06-28 01:25","18","2028-06-28 18:53","41","2028-06-28 13:18","29"
"SO_1279","어란진항","2028-06-29","2028-06-29 08:44","37","2028-06-29 02:09","21","2028-06-29 20:09","38","2028-06-29 14:38","27"
"SO_1279","어란진항","2028-06-30","2028-06-30 09:25","39","2028-06-30 02:54","25","2028-06-30 22:02","36","2028-06-30 16:05","25"
"SO_1279","어란진항","2028-07-01","2028-07-01 10:08","41","2028-07-01 03:43","29","","","2028-07-01 17:25","23"
"SO_1279","어란진항","2028-07-02","2028-07-02 00:04","35","2028-07-02 04:41","32","2028-07-02 10:53","44","2028-07-02 18:36","22"
"SO_1279","어란진항","2028-07-03","2028-07-03 01:55","37","2028-07-03 05:43","35","2028-07-03 11:41","46","2028-07-03 19:34","20"
"SO_1279","어란진항","2028-07-04","2028-07-04 03:15","39","2028-07-04 06:39","37","2028-07-04 12:30","49","2028-07-04 20:25","19"
"SO_1279","어란진항","2028-07-05","2028-07-05 03:58","40","2028-07-05 07:25","38","2028-07-05 13:19","50","2028-07-05 21:10","19"
"SO_1279","어란진항","2028-07-06","2028-07-06 04:24","40","2028-07-06 08:06","37","2028-07-06 14:06","52","2028-07-06 21:51","19"
"SO_1279","어란진항","2028-07-07","2028-07-07 04:42","40","2028-07-07 08:45","36","2028-07-07 14:49","52","2028-07-07 22:28","19"
"SO_1279","어란진항","2028-07-08","2028-07-08 04:59","39","2028-07-08 09:22","35","2028-07-08 15:30","51","2028-07-08 23:02","19"
"SO_1279","어란진항","2028-07-09","2028-07-09 05:20","38","2028-07-09 10:01","34","2028-07-09 16:09","49","2028-07-09 23:34","19"
"SO_1279","어란진항","2028-07-10","2028-07-10 05:46","37","2028-07-10 10:41","32","2028-07-10 16:45","46","",""
"SO_1279","어란진항","2028-07-11","2028-07-11 06:15","36","2028-07-11 00:04","20","2028-07-11 17:22","43","2028-07-11 11:25","31"
"SO_1279","어란진항","2028-07-12","2028-07-12 06:47","36","2028-07-12 00:31","21","2028-07-12 17:59","40","2028-07-12 12:14","31"
"SO_1279","어란진항","2028-07-13","2028-07-13 07:22","37","2028-07-13 00:59","23","2028-07-13 18:42","37","2028-07-13 13:11","31"
"SO_1279","어란진항","2028-07-14","2028-07-14 07:59","38","2028-07-14 01:26","26","2028-07-14 19:42","35","2028-07-14 14:21","30"
"SO_1279","어란진항","2028-07-15","2028-07-15 08:38","39","2028-07-15 01:54","29","2028-07-15 21:31","35","2028-07-15 15:44","30"
"SO_1279","어란진항","2028-07-16","2028-07-16 09:21","42","2028-07-16 02:28","32","","","2028-07-16 17:04","29"
"SO_1279","어란진항","2028-07-17","2028-07-17 00:16","36","2028-07-17 03:16","35","2028-07-17 10:08","44","2028-07-17 18:09","28"
"SO_1279","어란진항","2028-07-18","2028-07-18 10:56","47","2028-07-18 19:05","26","","","",""
"SO_1279","어란진항","2028-07-19","2028-07-19 02:58","40","2028-07-19 05:40","39","2028-07-19 11:48","50","2028-07-19 19:54","23"
"SO_1279","어란진항","2028-07-20","2028-07-20 03:29","41","2028-07-20 06:39","39","2028-07-20 12:42","52","2028-07-20 20:40","21"
"SO_1279","어란진항","2028-07-21","2028-07-21 03:56","41","2028-07-21 07:32","38","2028-07-21 13:35","54","2028-07-21 21:25","19"
"SO_1279","어란진항","2028-07-22","2028-07-22 04:21","41","2028-07-22 08:24","37","2028-07-22 14:28","55","2028-07-22 22:09","17"
"SO_1279","어란진항","2028-07-23","2028-07-23 04:45","41","2028-07-23 09:16","35","2028-07-23 15:18","55","2028-07-23 22:50","17"
"SO_1279","어란진항","2028-07-24","2028-07-24 05:10","41","2028-07-24 10:08","32","2028-07-24 16:07","53","2028-07-24 23:31","18"
"SO_1279","어란진항","2028-07-25","2028-07-25 05:39","41","2028-07-25 11:03","30","2028-07-25 16:56","51","",""
"SO_1279","어란진항","2028-07-26","2028-07-26 06:10","42","2028-07-26 00:09","20","2028-07-26 17:48","47","2028-07-26 12:01","29"
"SO_1279","어란진항","2028-07-27","2028-07-27 06:44","43","2028-07-27 00:46","24","2028-07-27 18:49","44","2028-07-27 13:08","28"
"SO_1279","어란진항","2028-07-28","2028-07-28 07:24","44","2028-07-28 01:22","29","2028-07-28 20:25","41","2028-07-28 14:26","28"
"SO_1279","어란진항","2028-07-29","2028-07-29 08:13","46","2028-07-29 01:56","34","2028-07-29 22:53","40","2028-07-29 15:52","28"
"SO_1279","어란진항","2028-07-30","2028-07-30 09:14","48","2028-07-30 02:30","38","","","2028-07-30 17:17","27"
"SO_1279","어란진항","2028-07-31","2028-07-31 10:22","50","2028-07-31 18:33","26","","","",""
"SO_1279","어란진항","2028-08-01","2028-08-01 03:12","43","2028-08-01 05:30","42","2028-08-01 11:26","51","2028-08-01 19:34","25"
"SO_1279","어란진항","2028-08-02","2028-08-02 03:33","43","2028-08-02 06:36","42","2028-08-02 12:24","52","2028-08-02 20:23","23"
"SO_1279","어란진항","2028-08-03","2028-08-03 03:47","43","2028-08-03 07:24","40","2028-08-03 13:15","52","2028-08-03 21:02","22"
"SO_1279","어란진항","2028-08-04","2028-08-04 03:55","41","2028-08-04 08:03","38","2028-08-04 14:00","52","2028-08-04 21:37","21"
"SO_1279","어란진항","2028-08-05","2028-08-05 04:02","40","2028-08-05 08:39","35","2028-08-05 14:40","50","2028-08-05 22:07","20"
"SO_1279","어란진항","2028-08-06","2028-08-06 04:14","39","2028-08-06 09:14","32","2028-08-06 15:18","48","2028-08-06 22:33","20"
"SO_1279","어란진항","2028-08-07","2028-08-07 04:33","38","2028-08-07 09:50","30","2028-08-07 15:53","46","2028-08-07 22:58","20"
"SO_1279","어란진항","2028-08-08","2028-08-08 04:54","38","2028-08-08 10:27","29","2028-08-08 16:28","44","2028-08-08 23:20","21"
"SO_1279","어란진항","2028-08-09","2028-08-09 05:16","38","2028-08-09 11:05","28","2028-08-09 17:02","42","2028-08-09 23:41","23"
"SO_1279","어란진항","2028-08-10","2028-08-10 05:40","39","2028-08-10 11:47","28","2028-08-10 17:39","40","",""
"SO_1279","어란진항","2028-08-11","2028-08-11 06:04","40","2028-08-11 00:02","26","2028-08-11 18:20","38","2028-08-11 12:33","28"
"SO_1279","어란진항","2028-08-12","2028-08-12 06:32","42","2028-08-12 00:22","29","2028-08-12 19:19","37","2028-08-12 13:30","29"
"SO_1279","어란진항","2028-08-13","2028-08-13 07:07","43","2028-08-13 00:41","33","2028-08-13 21:30","37","2028-08-13 14:45","30"
"SO_1279","어란진항","2028-08-14","2028-08-14 07:57","45","2028-08-14 00:51","36","","","2028-08-14 16:09","29"
"SO_1279","어란진항","2028-08-15","2028-08-15 09:05","46","2028-08-15 17:30","28","","","",""
"SO_1279","어란진항","2028-08-16","2028-08-16 10:20","47","2028-08-16 18:39","25","","","",""
"SO_1279","어란진항","2028-08-17","2028-08-17 02:49","40","2028-08-17 05:31","39","2028-08-17 11:27","49","2028-08-17 19:34","21"
"SO_1279","어란진항","2028-08-18","2028-08-18 03:00","40","2028-08-18 06:35","37","2028-08-18 12:29","50","2028-08-18 20:21","18"
"SO_1279","어란진항","2028-08-19","2028-08-19 03:12","39","2028-08-19 07:30","34","2028-08-19 13:27","50","2028-08-19 21:03","16"
"SO_1279","어란진항","2028-08-20","2028-08-20 03:28","38","2028-08-20 08:21","30","2028-08-20 14:20","50","2028-08-20 21:42","14"
"SO_1279","어란진항","2028-08-21","2028-08-21 03:48","38","2028-08-21 09:11","26","2028-08-21 15:11","49","2028-08-21 22:19","15"
"SO_1279","어란진항","2028-08-22","2028-08-22 04:13","39","2028-08-22 10:02","23","2028-08-22 16:01","47","2028-08-22 22:55","17"
"SO_1279","어란진항","2028-08-23","2028-08-23 04:41","40","2028-08-23 10:55","21","2028-08-23 16:51","45","2028-08-23 23:30","21"
"SO_1279","어란진항","2028-08-24","2028-08-24 05:12","42","2028-08-24 11:52","21","2028-08-24 17:48","42","",""
"SO_1279","어란진항","2028-08-25","2028-08-25 05:46","44","2028-08-25 00:03","26","2028-08-25 19:04","39","2028-08-25 12:56","21"
"SO_1279","어란진항","2028-08-26","2028-08-26 06:24","45","2028-08-26 00:32","31","2028-08-26 21:23","38","2028-08-26 14:11","22"
"SO_1279","어란진항","2028-08-27","2028-08-27 07:11","46","2028-08-27 00:55","35","","","2028-08-27 15:33","24"
"SO_1279","어란진항","2028-08-28","2028-08-28 08:22","46","2028-08-28 16:59","24","","","",""
"SO_1279","어란진항","2028-08-29","2028-08-29 09:54","46","2028-08-29 18:20","23","","","",""
"SO_1279","어란진항","2028-08-30","2028-08-30 02:38","40","2028-08-30 05:42","39","2028-08-30 11:11","45","2028-08-30 19:21","21"
"SO_1279","어란진항","2028-08-31","2028-08-31 02:49","39","2028-08-31 06:46","36","2028-08-31 12:14","45","2028-08-31 20:05","19"
"SO_1279","어란진항","2028-09-01","2028-09-01 02:58","37","2028-09-01 07:29","32","2028-09-01 13:06","43","2028-09-01 20:40","17"
"SO_1279","어란진항","2028-09-02","2028-09-02 03:05","35","2028-09-02 08:04","28","2028-09-02 13:51","42","2028-09-02 21:09","16"
"SO_1279","어란진항","2028-09-03","2028-09-03 03:14","33","2028-09-03 08:37","24","2028-09-03 14:30","40","2028-09-03 21:33","15"
"SO_1279","어란진항","2028-09-04","2028-09-04 03:27","32","2028-09-04 09:08","21","2028-09-04 15:07","38","2028-09-04 21:55","15"
"SO_1279","어란진항","2028-09-05","2028-09-05 03:43","32","2028-09-05 09:40","19","2028-09-05 15:42","36","2028-09-05 22:14","16"
"SO_1279","어란진항","2028-09-06","2028-09-06 04:02","32","2028-09-06 10:12","18","2028-09-06 16:17","35","2028-09-06 22:33","18"
"SO_1279","어란진항","2028-09-07","2028-09-07 04:20","34","2028-09-07 10:46","17","2028-09-07 16:52","34","2028-09-07 22:52","20"
"SO_1279","어란진항","2028-09-08","2028-09-08 04:41","35","2028-09-08 11:22","18","2028-09-08 17:30","33","2028-09-08 23:12","24"
"SO_1279","어란진항","2028-09-09","2028-09-09 05:05","37","2028-09-09 12:04","19","2028-09-09 18:17","33","2028-09-09 23:32","27"
"SO_1279","어란진항","2028-09-10","2028-09-10 05:32","39","2028-09-10 12:56","21","2028-09-10 19:34","32","",""
"SO_1279","어란진항","2028-09-11","2028-09-11 06:06","40","2028-09-11 00:01","30","","","2028-09-11 14:06","21"
"SO_1279","어란진항","2028-09-12","2028-09-12 06:53","40","2028-09-12 15:29","21","","","",""
"SO_1279","어란진항","2028-09-13","2028-09-13 08:14","39","2028-09-13 16:53","19","","","",""
"SO_1279","어란진항","2028-09-14","2028-09-14 01:57","33","2028-09-14 04:10","32","2028-09-14 09:54","39","2028-09-14 18:07","16"
"SO_1279","어란진항","2028-09-15","2028-09-15 01:51","32","2028-09-15 05:31","29","2028-09-15 11:12","38","2028-09-15 19:04","13"
"SO_1279","어란진항","2028-09-16","2028-09-16 01:56","31","2028-09-16 06:33","25","2028-09-16 12:19","38","2028-09-16 19:50","10"
"SO_1279","어란진항","2028-09-17","2028-09-17 02:09","30","2028-09-17 07:26","20","2028-09-17 13:18","38","2028-09-17 20:30","9"
"SO_1279","어란진항","2028-09-18","2028-09-18 02:28","30","2028-09-18 08:15","15","2028-09-18 14:13","38","2028-09-18 21:07","9"
"SO_1279","어란진항","2028-09-19","2028-09-19 02:53","31","2028-09-19 09:04","11","2028-09-19 15:06","37","2028-09-19 21:43","11"
"SO_1279","어란진항","2028-09-20","2028-09-20 03:22","33","2028-09-20 09:53","8","2028-09-20 16:00","36","2028-09-20 22:17","14"
"SO_1279","어란진항","2028-09-21","2028-09-21 03:53","35","2028-09-21 10:45","7","2028-09-21 16:56","34","2028-09-21 22:50","19"
"SO_1279","어란진항","2028-09-22","2028-09-22 04:26","38","2028-09-22 11:40","8","2028-09-22 18:05","32","2028-09-22 23:22","23"
"SO_1279","어란진항","2028-09-23","2028-09-23 05:02","39","2028-09-23 12:41","10","2028-09-23 19:48","31","2028-09-23 23:51","27"
"SO_1279","어란진항","2028-09-24","2028-09-24 05:41","39","2028-09-24 13:49","12","","","",""
"SO_1279","어란진항","2028-09-25","2028-09-25 06:28","38","2028-09-25 15:03","14","","","",""
"SO_1279","어란진항","2028-09-26","2028-09-26 07:39","36","2028-09-26 16:25","15","","","",""
"SO_1279","어란진항","2028-09-27","2028-09-27 01:17","31","2028-09-27 04:08","30","2028-09-27 09:20","34","2028-09-27 17:47","14"
"SO_1279","어란진항","2028-09-28","2028-09-28 01:34","30","2028-09-28 05:50","27","2028-09-28 10:49","32","2028-09-28 18:48","12"
"SO_1279","어란진항","2028-09-29","2028-09-29 01:49","28","2028-09-29 06:49","22","2028-09-29 12:00","30","2028-09-29 19:32","10"
"SO_1279","어란진항","2028-09-30","2028-09-30 02:02","26","2028-09-30 07:29","18","2028-09-30 12:57","28","2028-09-30 20:04","8"
"SO_1279","어란진항","2028-10-01","2028-10-01 02:13","24","2028-10-01 08:02","13","2028-10-01 13:45","26","2028-10-01 20:31","7"
"SO_1279","어란진항","2028-10-02","2028-10-02 02:24","23","2028-10-02 08:31","10","2028-10-02 14:26","25","2028-10-02 20:53","7"
"SO_1279","어란진항","2028-10-03","2028-10-03 02:37","23","2028-10-03 08:59","7","2028-10-03 15:04","24","2028-10-03 21:12","8"
"SO_1279","어란진항","2028-10-04","2028-10-04 02:52","23","2028-10-04 09:26","5","2028-10-04 15:41","24","2028-10-04 21:29","10"
"SO_1279","어란진항","2028-10-05","2028-10-05 03:10","25","2028-10-05 09:55","5","2028-10-05 16:17","24","2028-10-05 21:49","13"
"SO_1279","어란진항","2028-10-06","2028-10-06 03:31","27","2028-10-06 10:27","5","2028-10-06 16:55","24","2028-10-06 22:10","15"
"SO_1279","어란진항","2028-10-07","2028-10-07 03:55","30","2028-10-07 11:04","6","2028-10-07 17:38","25","2028-10-07 22:34","18"
"SO_1279","어란진항","2028-10-08","2028-10-08 04:23","32","2028-10-08 11:46","8","2028-10-08 18:34","25","2028-10-08 23:00","21"
"SO_1279","어란진항","2028-10-09","2028-10-09 04:55","32","2028-10-09 12:38","9","2028-10-09 19:56","24","2028-10-09 23:26","22"
"SO_1279","어란진항","2028-10-10","2028-10-10 05:33","32","2028-10-10 13:43","10","2028-10-10 21:31","24","2028-10-10 23:56","23"
"SO_1279","어란진항","2028-10-11","2028-10-11 06:25","30","2028-10-11 14:58","9","","","",""
"SO_1279","어란진항","2028-10-12","2028-10-12 07:52","28","2028-10-12 16:15","8","","","",""
"SO_1279","어란진항","2028-10-13","2028-10-13 00:07","22","2028-10-13 04:09","20","2028-10-13 09:36","26","2028-10-13 17:27","6"
"SO_1279","어란진항","2028-10-14","2028-10-14 00:25","21","2028-10-14 05:24","16","2028-10-14 10:59","25","2028-10-14 18:25","4"
"SO_1279","어란진항","2028-10-15","2028-10-15 00:44","21","2028-10-15 06:24","10","2028-10-15 12:10","25","2028-10-15 19:12","3"
"SO_1279","어란진항","2028-10-16","2028-10-16 01:07","21","2028-10-16 07:17","5","2028-10-16 13:14","24","2028-10-16 19:53","3"
"SO_1279","어란진항","2028-10-17","2028-10-17 01:35","23","2028-10-17 08:06","1","2028-10-17 14:14","24","2028-10-17 20:30","5"
"SO_1279","어란진항","2028-10-18","2028-10-18 02:06","25","2028-10-18 08:55","-3","2028-10-18 15:12","24","2028-10-18 21:06","8"
"SO_1279","어란진항","2028-10-19","2028-10-19 02:39","28","2028-10-19 09:44","-4","2028-10-19 16:11","24","2028-10-19 21:41","12"
"SO_1279","어란진항","2028-10-20","2028-10-20 03:15","30","2028-10-20 10:34","-4","2028-10-20 17:14","24","2028-10-20 22:16","15"
"SO_1279","어란진항","2028-10-21","2028-10-21 03:53","32","2028-10-21 11:27","-2","2028-10-21 18:26","23","2028-10-21 22:52","18"
"SO_1279","어란진항","2028-10-22","2028-10-22 04:33","32","2028-10-22 12:23","","2028-10-22 19:51","23","2028-10-22 23:30","20"
"SO_1279","어란진항","2028-10-23","2028-10-23 05:16","32","2028-10-23 13:21","2","2028-10-23 21:29","22","",""
"SO_1279","어란진항","2028-10-24","2028-10-24 06:06","29","2028-10-24 00:20","21","","","2028-10-24 14:24","4"
"SO_1279","어란진항","2028-10-25","2028-10-25 07:11","26","2028-10-25 15:33","5","2028-10-25 23:55","20","",""
"SO_1279","어란진항","2028-10-26","2028-10-26 08:36","22","2028-10-26 03:43","18","","","2028-10-26 16:48","5"
"SO_1279","어란진항","2028-10-27","2028-10-27 00:25","19","2028-10-27 05:33","14","2028-10-27 10:10","19","2028-10-27 17:54","4"
"SO_1279","어란진항","2028-10-28","2028-10-28 00:46","17","2028-10-28 06:35","10","2028-10-28 11:39","16","2028-10-28 18:42","3"
"SO_1279","어란진항","2028-10-29","2028-10-29 01:03","16","2028-10-29 07:16","5","2028-10-29 12:50","15","2028-10-29 19:17","2"
"SO_1279","어란진항","2028-10-30","2028-10-30 01:16","15","2028-10-30 07:49","2","2028-10-30 13:45","14","2028-10-30 19:44","3"
"SO_1279","어란진항","2028-10-31","2028-10-31 01:29","15","2028-10-31 08:16","-1","2028-10-31 14:31","14","2028-10-31 20:05","4"
"SO_1279","어란진항","2028-11-01","2028-11-01 01:43","17","2028-11-01 08:42","-3","2028-11-01 15:13","15","2028-11-01 20:24","6"
"SO_1279","어란진항","2028-11-02","2028-11-02 02:01","19","2028-11-02 09:09","-4","2028-11-02 15:51","16","2028-11-02 20:45","8"
"SO_1279","어란진항","2028-11-03","2028-11-03 02:24","21","2028-11-03 09:40","-4","2028-11-03 16:28","17","2028-11-03 21:10","10"
"SO_1279","어란진항","2028-11-04","2028-11-04 02:52","24","2028-11-04 10:14","-3","2028-11-04 17:07","18","2028-11-04 21:38","12"
"SO_1279","어란진항","2028-11-05","2028-11-05 03:24","26","2028-11-05 10:54","-2","2028-11-05 17:50","19","2028-11-05 22:11","14"
"SO_1279","어란진항","2028-11-06","2028-11-06 04:00","27","2028-11-06 11:40","-1","2028-11-06 18:43","18","2028-11-06 22:47","15"
"SO_1279","어란진항","2028-11-07","2028-11-07 04:41","27","2028-11-07 12:31","","2028-11-07 19:47","18","2028-11-07 23:35","15"
"SO_1279","어란진항","2028-11-08","2028-11-08 05:27","25","2028-11-08 13:28","","2028-11-08 20:56","17","",""
"SO_1279","어란진항","2028-11-09","2028-11-09 06:26","23","2028-11-09 00:50","15","2028-11-09 21:57","16","2028-11-09 14:31",""
"SO_1279","어란진항","2028-11-10","2028-11-10 07:47","20","2028-11-10 02:25","13","2028-11-10 22:41","15","2028-11-10 15:35",""
"SO_1279","어란진항","2028-11-11","2028-11-11 09:19","17","2028-11-11 03:51","10","2028-11-11 23:13","15","2028-11-11 16:39",""
"SO_1279","어란진항","2028-11-12","2028-11-12 10:47","16","2028-11-12 05:08","5","2028-11-12 23:44","16","2028-11-12 17:37","1"
"SO_1279","어란진항","2028-11-13","2028-11-13 12:08","15","2028-11-13 06:12","1","","","2028-11-13 18:29","2"
"SO_1279","어란진항","2028-11-14","2028-11-14 00:15","18","2028-11-14 07:08","-4","2028-11-14 13:23","16","2028-11-14 19:13","4"
"SO_1279","어란진항","2028-11-15","2028-11-15 00:50","20","2028-11-15 07:59","-7","2028-11-15 14:30","17","2028-11-15 19:55","7"
"SO_1279","어란진항","2028-11-16","2028-11-16 01:28","23","2028-11-16 08:49","-9","2028-11-16 15:32","18","2028-11-16 20:34","9"
"SO_1279","어란진항","2028-11-17","2028-11-17 02:08","26","2028-11-17 09:37","-9","2028-11-17 16:30","19","2028-11-17 21:13","12"
"SO_1279","어란진항","2028-11-18","2028-11-18 02:50","28","2028-11-18 10:26","-8","2028-11-18 17:24","19","2028-11-18 21:52","14"
"SO_1279","어란진항","2028-11-19","2028-11-19 03:34","29","2028-11-19 11:15","-7","2028-11-19 18:17","19","2028-11-19 22:32","15"
"SO_1279","어란진항","2028-11-20","2028-11-20 04:18","29","2028-11-20 12:03","-5","2028-11-20 19:11","18","2028-11-20 23:17","15"
"SO_1279","어란진항","2028-11-21","2028-11-21 05:03","27","2028-11-21 12:51","-3","2028-11-21 20:12","16","",""
"SO_1279","어란진항","2028-11-22","2028-11-22 05:51","23","2028-11-22 00:10","14","2028-11-22 21:20","15","2028-11-22 13:39","-1"
"SO_1279","어란진항","2028-11-23","2028-11-23 06:44","19","2028-11-23 01:17","13","2028-11-23 22:19","14","2028-11-23 14:29",""
"SO_1279","어란진항","2028-11-24","2028-11-24 07:47","15","2028-11-24 02:43","11","2028-11-24 23:00","13","2028-11-24 15:22",""
"SO_1279","어란진항","2028-11-25","2028-11-25 09:10","11","2028-11-25 04:38","8","2028-11-25 23:29","12","2028-11-25 16:20","1"
"SO_1279","어란진항","2028-11-26","2028-11-26 11:03","9","2028-11-26 06:01","4","2028-11-26 23:50","12","2028-11-26 17:17","2"
"SO_1279","어란진항","2028-11-27","2028-11-27 12:44","8","2028-11-27 06:50","1","","","2028-11-27 18:03","3"
"SO_1279","어란진항","2028-11-28","2028-11-28 00:08","13","2028-11-28 07:25","-2","2028-11-28 13:51","9","2028-11-28 18:37","4"
"SO_1279","어란진항","2028-11-29","2028-11-29 00:26","14","2028-11-29 07:54","-4","2028-11-29 14:41","11","2028-11-29 19:06","6"
"SO_1279","어란진항","2028-11-30","2028-11-30 00:50","17","2028-11-30 08:23","-5","2028-11-30 15:23","12","2028-11-30 19:35","8"
"SO_1279","어란진항","2028-12-01","2028-12-01 01:18","20","2028-12-01 08:54","-6","2028-12-01 15:59","14","2028-12-01 20:06","10"
"SO_1279","어란진항","2028-12-02","2028-12-02 01:52","23","2028-12-02 09:29","-6","2028-12-02 16:34","15","2028-12-02 20:40","11"
"SO_1279","어란진항","2028-12-03","2028-12-03 02:30","25","2028-12-03 10:08","-6","2028-12-03 17:09","16","2028-12-03 21:17","12"
"SO_1279","어란진항","2028-12-04","2028-12-04 03:11","26","2028-12-04 10:51","-6","2028-12-04 17:47","16","2028-12-04 22:00","12"
"SO_1279","어란진항","2028-12-05","2028-12-05 03:54","27","2028-12-05 11:36","-6","2028-12-05 18:29","16","2028-12-05 22:49","11"
"SO_1279","어란진항","2028-12-06","2028-12-06 04:41","26","2028-12-06 12:22","-5","2028-12-06 19:15","15","2028-12-06 23:45","11"
"SO_1279","어란진항","2028-12-07","2028-12-07 05:31","24","2028-12-07 13:10","-4","2028-12-07 20:02","14","",""
"SO_1279","어란진항","2028-12-08","2028-12-08 06:27","21","2028-12-08 00:51","9","2028-12-08 20:49","14","2028-12-08 13:59","-3"
"SO_1279","어란진항","2028-12-09","2028-12-09 07:36","17","2028-12-09 02:07","7","2028-12-09 21:30","15","2028-12-09 14:49","-1"
"SO_1279","어란진항","2028-12-10","2028-12-10 09:02","14","2028-12-10 03:29","5","2028-12-10 22:10","16","2028-12-10 15:43","2"
"SO_1279","어란진항","2028-12-11","2028-12-11 10:45","13","2028-12-11 04:51","2","2028-12-11 22:50","18","2028-12-11 16:41","5"
"SO_1279","어란진항","2028-12-12","2028-12-12 12:27","13","2028-12-12 06:03","-1","2028-12-12 23:32","20","2028-12-12 17:40","8"
"SO_1279","어란진항","2028-12-13","2028-12-13 13:57","14","2028-12-13 07:04","-4","","","2028-12-13 18:35","10"
"SO_1279","어란진항","2028-12-14","2028-12-14 00:17","23","2028-12-14 07:58","-6","2028-12-14 15:07","16","2028-12-14 19:24","12"
"SO_1279","어란진항","2028-12-15","2028-12-15 01:04","26","2028-12-15 08:48","-7","2028-12-15 15:58","17","2028-12-15 20:09","13"
"SO_1279","어란진항","2028-12-16","2028-12-16 01:52","28","2028-12-16 09:35","-8","2028-12-16 16:38","18","2028-12-16 20:51","14"
"SO_1279","어란진항","2028-12-17","2028-12-17 02:39","29","2028-12-17 10:19","-7","2028-12-17 17:11","18","2028-12-17 21:33","13"
"SO_1279","어란진항","2028-12-18","2028-12-18 03:25","29","2028-12-18 11:01","-7","2028-12-18 17:41","17","2028-12-18 22:15","12"
"SO_1279","어란진항","2028-12-19","2028-12-19 04:08","28","2028-12-19 11:40","-6","2028-12-19 18:11","16","2028-12-19 22:59","11"
"SO_1279","어란진항","2028-12-20","2028-12-20 04:51","25","2028-12-20 12:18","-4","2028-12-20 18:44","15","2028-12-20 23:46","10"
"SO_1279","어란진항","2028-12-21","2028-12-21 05:32","22","2028-12-21 12:53","-3","2028-12-21 19:21","14","",""
"SO_1279","어란진항","2028-12-22","2028-12-22 06:14","18","2028-12-22 00:40","9","2028-12-22 20:03","13","2028-12-22 13:26","-1"
"SO_1279","어란진항","2028-12-23","2028-12-23 07:03","14","2028-12-23 01:44","7","2028-12-23 20:48","13","2028-12-23 13:59",""
"SO_1279","어란진항","2028-12-24","2028-12-24 08:07","10","2028-12-24 03:08","6","2028-12-24 21:32","13","2028-12-24 14:34","3"
"SO_1279","어란진항","2028-12-25","2028-12-25 09:58","8","2028-12-25 04:50","5","2028-12-25 22:11","14","2028-12-25 15:13","5"
"SO_1279","어란진항","2028-12-26","2028-12-26 12:43","9","2028-12-26 06:03","3","2028-12-26 22:47","16","2028-12-26 16:03","8"
"SO_1279","어란진항","2028-12-27","2028-12-27 14:08","11","2028-12-27 06:50","1","2028-12-27 23:23","19","2028-12-27 17:03","10"
"SO_1279","어란진항","2028-12-28","2028-12-28 14:57","13","2028-12-28 07:28","-1","","","2028-12-28 18:00","12"
"SO_1279","어란진항","2028-12-29","2028-12-29 00:03","21","2028-12-29 08:04","-2","2028-12-29 15:31","15","2028-12-29 18:49","13"
"SO_1279","어란진항","2028-12-30","2028-12-30 00:46","24","2028-12-30 08:41","-4","2028-12-30 16:01","16","2028-12-30 19:35","13"
"SO_1279","어란진항","2028-12-31","2028-12-31 01:32","26","2028-12-31 09:21","-5","2028-12-31 16:28","17","2028-12-31 20:20","13"
"SO_1280","덕산항","2028-01-01","2028-01-01 04:56","18","2028-01-01 12:08","-4","2028-01-01 18:55","11","2028-01-01 23:39","7"
"SO_1280","덕산항","2028-01-02","2028-01-02 05:32","15","2028-01-02 12:39","-3","2028-01-02 19:25","10","",""
"SO_1280","덕산항","2028-01-03","2028-01-03 06:11","13","2028-01-03 00:34","7","2028-01-03 19:53","11","2028-01-03 13:12","-2"
"SO_1280","덕산항","2028-01-04","2028-01-04 06:58","10","2028-01-04 01:49","6","2028-01-04 20:22","11","2028-01-04 13:48","1"
"SO_1280","덕산항","2028-01-05","2028-01-05 08:07","9","2028-01-05 03:16","5","2028-01-05 20:50","13","2028-01-05 14:27","4"
"SO_1280","덕산항","2028-01-06","2028-01-06 11:23","9","2028-01-06 04:26","4","2028-01-06 21:24","15","2028-01-06 15:11","7"
"SO_1280","덕산항","2028-01-07","2028-01-07 13:13","11","2028-01-07 05:27","2","2028-01-07 22:05","18","2028-01-07 15:58","10"
"SO_1280","덕산항","2028-01-08","2028-01-08 14:18","14","2028-01-08 06:24","1","2028-01-08 22:55","21","2028-01-08 16:51","13"
"SO_1280","덕산항","2028-01-09","2028-01-09 00:00","30","2028-01-09 00:00","27","2028-01-09 15:07","16","2028-01-09 07:18","-1"
"SO_1280","덕산항","2028-01-10","2028-01-10 00:00","30","2028-01-10 00:00","8","2028-01-10 15:48","17","2028-01-10 08:10","-3"
"SO_1280","덕산항","2028-01-11","2028-01-11 00:52","26","2028-01-11 08:58","-5","2028-01-11 16:24","18","2028-01-11 20:07","16"
"SO_1280","덕산항","2028-01-12","2028-01-12 01:51","28","2028-01-12 09:45","-6","2028-01-12 16:57","17","2028-01-12 20:58","15"
"SO_1280","덕산항","2028-01-13","2028-01-13 02:45","29","2028-01-13 10:31","-7","2028-01-13 17:27","16","2028-01-13 21:47","13"
"SO_1280","덕산항","2028-01-14","2028-01-14 03:37","28","2028-01-14 11:16","-7","2028-01-14 17:55","16","2028-01-14 22:37","10"
"SO_1280","덕산항","2028-01-15","2028-01-15 04:28","26","2028-01-15 12:00","-6","2028-01-15 18:22","15","2028-01-15 23:32","8"
"SO_1280","덕산항","2028-01-16","2028-01-16 05:20","23","2028-01-16 12:42","-3","2028-01-16 18:50","15","",""
"SO_1280","덕산항","2028-01-17","2028-01-17 06:17","19","2028-01-17 00:38","6","2028-01-17 19:21","16","2028-01-17 13:23","1"
"SO_1280","덕산항","2028-01-18","2028-01-18 07:29","15","2028-01-18 02:01","4","2028-01-18 19:56","17","2028-01-18 14:01","5"
"SO_1280","덕산항","2028-01-19","2028-01-19 09:50","13","2028-01-19 03:27","3","2028-01-19 20:38","19","2028-01-19 14:32","9"
"SO_1280","덕산항","2028-01-20","2028-01-20 21:31","21","2028-01-20 04:46","2","","","",""
"SO_1280","덕산항","2028-01-21","2028-01-21 22:32","22","2028-01-21 05:59","1","","","",""
"SO_1280","덕산항","2028-01-22","2028-01-22 23:34","24","2028-01-22 07:04","","","","",""
"SO_1280","덕산항","2028-01-23","","","2028-01-23 07:58","-1","","","",""
"SO_1280","덕산항","2028-01-24","2028-01-24 00:32","25","2028-01-24 08:44","-1","2028-01-24 17:08","17","2028-01-24 19:30","16"
"SO_1280","덕산항","2028-01-25","2028-01-25 01:23","25","2028-01-25 09:23","-2","2028-01-25 16:59","16","2028-01-25 20:12","14"
"SO_1280","덕산항","2028-01-26","2028-01-26 02:08","24","2028-01-26 09:55","-3","2028-01-26 16:52","14","2028-01-26 20:50","12"
"SO_1280","덕산항","2028-01-27","2028-01-27 02:50","23","2028-01-27 10:21","-3","2028-01-27 16:55","13","2028-01-27 21:26","10"
"SO_1280","덕산항","2028-01-28","2028-01-28 03:28","21","2028-01-28 10:44","-4","2028-01-28 17:08","13","2028-01-28 22:04","7"
"SO_1280","덕산항","2028-01-29","2028-01-29 04:04","19","2028-01-29 11:07","-4","2028-01-29 17:24","12","2028-01-29 22:43","6"
"SO_1280","덕산항","2028-01-30","2028-01-30 04:40","17","2028-01-30 11:31","-3","2028-01-30 17:43","12","2028-01-30 23:25","5"
"SO_1280","덕산항","2028-01-31","2028-01-31 05:16","15","2028-01-31 11:56","-1","2028-01-31 18:04","13","",""
"SO_1280","덕산항","2028-02-01","2028-02-01 05:54","14","2028-02-01 00:11","4","2028-02-01 18:26","15","2028-02-01 12:23","2"
"SO_1280","덕산항","2028-02-02","2028-02-02 06:39","13","2028-02-02 01:03","4","2028-02-02 18:51","17","2028-02-02 12:49","5"
"SO_1280","덕산항","2028-02-03","2028-02-03 07:46","12","2028-02-03 02:08","5","2028-02-03 19:23","19","2028-02-03 13:15","9"
"SO_1280","덕산항","2028-02-04","2028-02-04 20:05","21","2028-02-04 03:28","5","","","",""
"SO_1280","덕산항","2028-02-05","2028-02-05 21:01","23","2028-02-05 04:50","5","","","",""
"SO_1280","덕산항","2028-02-06","2028-02-06 22:13","25","2028-02-06 06:01","3","","","",""
"SO_1280","덕산항","2028-02-07","2028-02-07 23:32","26","2028-02-07 07:02","1","","","",""
"SO_1280","덕산항","2028-02-08","2028-02-08 15:42","18","2028-02-08 07:55","-2","","","2028-02-08 19:04","17"
"SO_1280","덕산항","2028-02-09","2028-02-09 00:43","27","2028-02-09 08:44","-5","2028-02-09 15:56","17","2028-02-09 19:59","14"
"SO_1280","덕산항","2028-02-10","2028-02-10 01:44","27","2028-02-10 09:29","-6","2028-02-10 16:13","16","2028-02-10 20:51","11"
"SO_1280","덕산항","2028-02-11","2028-02-11 02:40","27","2028-02-11 10:12","-7","2028-02-11 16:33","16","2028-02-11 21:42","7"
"SO_1280","덕산항","2028-02-12","2028-02-12 03:33","25","2028-02-12 10:52","-6","2028-02-12 16:55","15","2028-02-12 22:34","4"
"SO_1280","덕산항","2028-02-13","2028-02-13 04:26","23","2028-02-13 11:31","-3","2028-02-13 17:19","16","2028-02-13 23:29","2"
"SO_1280","덕산항","2028-02-14","2028-02-14 05:21","20","2028-02-14 12:05","1","2028-02-14 17:46","17","",""
"SO_1280","덕산항","2028-02-15","2028-02-15 06:25","16","2028-02-15 00:30","1","2028-02-15 18:17","19","2028-02-15 12:35","5"
"SO_1280","덕산항","2028-02-16","2028-02-16 08:18","14","2028-02-16 01:40","1","2028-02-16 18:51","21","2028-02-16 12:53","10"
"SO_1280","덕산항","2028-02-17","2028-02-17 10:39","14","2028-02-17 03:00","1","2028-02-17 19:33","22","2028-02-17 12:44","13"
"SO_1280","덕산항","2028-02-18","2028-02-18 20:34","23","2028-02-18 04:23","2","","","",""
"SO_1280","덕산항","2028-02-19","2028-02-19 22:00","23","2028-02-19 05:42","2","","","",""
"SO_1280","덕산항","2028-02-20","2028-02-20 23:15","23","2028-02-20 06:51","1","","","",""
"SO_1280","덕산항","2028-02-21","2028-02-21 16:22","17","2028-02-21 07:46","","","","2028-02-21 18:43","16"
"SO_1280","덕산항","2028-02-22","2028-02-22 00:16","22","2028-02-22 08:30","-1","2028-02-22 16:12","15","2028-02-22 19:28","13"
"SO_1280","덕산항","2028-02-23","2028-02-23 01:08","21","2028-02-23 09:03","-2","2028-02-23 16:03","13","2028-02-23 20:07","10"
"SO_1280","덕산항","2028-02-24","2028-02-24 01:54","20","2028-02-24 09:29","-3","2028-02-24 16:00","12","2028-02-24 20:42","7"
"SO_1280","덕산항","2028-02-25","2028-02-25 02:36","18","2028-02-25 09:49","-4","2028-02-25 16:05","11","2028-02-25 21:17","4"
"SO_1280","덕산항","2028-02-26","2028-02-26 03:15","16","2028-02-26 10:08","-4","2028-02-26 16:16","11","2028-02-26 21:53","2"
"SO_1280","덕산항","2028-02-27","2028-02-27 03:53","15","2028-02-27 10:30","-4","2028-02-27 16:31","12","2028-02-27 22:30",""
"SO_1280","덕산항","2028-02-28","2028-02-28 04:30","14","2028-02-28 10:52","-2","2028-02-28 16:48","14","2028-02-28 23:08",""
"SO_1280","덕산항","2028-02-29","2028-02-29 05:08","14","2028-02-29 11:17","1","2028-02-29 17:07","16","2028-02-29 23:49",""
"SO_1280","덕산항","2028-03-01","2028-03-01 05:50","13","2028-03-01 11:41","5","2028-03-01 17:30","18","",""
"SO_1280","덕산항","2028-03-02","2028-03-02 06:41","13","2028-03-02 00:35","1","2028-03-02 17:57","20","2028-03-02 12:05","9"
"SO_1280","덕산항","2028-03-03","2028-03-03 09:27","13","2028-03-03 01:30","2","2028-03-03 18:32","22","2028-03-03 12:24","12"
"SO_1280","덕산항","2028-03-04","2028-03-04 19:19","23","2028-03-04 02:47","3","","","",""
"SO_1280","덕산항","2028-03-05","2028-03-05 20:23","23","2028-03-05 04:20","3","","","",""
"SO_1280","덕산항","2028-03-06","2028-03-06 21:52","23","2028-03-06 05:37","1","","","",""
"SO_1280","덕산항","2028-03-07","2028-03-07 14:56","16","2028-03-07 06:38","-1","2028-03-07 23:21","23","2028-03-07 18:02","15"
"SO_1280","덕산항","2028-03-08","2028-03-08 14:51","15","2028-03-08 07:31","-4","","","2028-03-08 19:00","11"
"SO_1280","덕산항","2028-03-09","2028-03-09 00:32","23","2028-03-09 08:18","-6","2028-03-09 15:00","14","2028-03-09 19:52","7"
"SO_1280","덕산항","2028-03-10","2028-03-10 01:36","22","2028-03-10 09:02","-7","2028-03-10 15:15","14","2028-03-10 20:44","3"
"SO_1280","덕산항","2028-03-11","2028-03-11 02:36","21","2028-03-11 09:43","-6","2028-03-11 15:36","14","2028-03-11 21:37","-1"
"SO_1280","덕산항","2028-03-12","2028-03-12 03:35","19","2028-03-12 10:21","-4","2028-03-12 16:00","15","2028-03-12 22:29","-4"
"SO_1280","덕산항","2028-03-13","2028-03-13 04:34","17","2028-03-13 10:56","","2028-03-13 16:28","17","2028-03-13 23:22","-5"
"SO_1280","덕산항","2028-03-14","2028-03-14 05:39","16","2028-03-14 11:25","4","2028-03-14 16:57","19","",""
"SO_1280","덕산항","2028-03-15","2028-03-15 07:08","14","2028-03-15 00:17","-5","2028-03-15 17:30","21","2028-03-15 11:47","9"
"SO_1280","덕산항","2028-03-16","2028-03-16 09:03","14","2028-03-16 01:17","-3","2028-03-16 18:05","22","2028-03-16 11:56","12"
"SO_1280","덕산항","2028-03-17","2028-03-17 18:48","22","2028-03-17 02:28","-1","","","",""
"SO_1280","덕산항","2028-03-18","2028-03-18 19:48","21","2028-03-18 03:50","1","","","",""
"SO_1280","덕산항","2028-03-19","2028-03-19 21:27","20","2028-03-19 05:09","1","","","",""
"SO_1280","덕산항","2028-03-20","2028-03-20 15:22","15","2028-03-20 06:18","","2028-03-20 22:50","18","2028-03-20 17:49","14"
"SO_1280","덕산항","2028-03-21","2028-03-21 15:08","13","2028-03-21 07:13","-1","2028-03-21 23:53","16","2028-03-21 18:46","11"
"SO_1280","덕산항","2028-03-22","2028-03-22 15:02","11","2028-03-22 07:53","-2","","","2028-03-22 19:28","8"
"SO_1280","덕산항","2028-03-23","2028-03-23 00:50","14","2028-03-23 08:22","-4","2028-03-23 15:01","10","2028-03-23 20:02","4"
"SO_1280","덕산항","2028-03-24","2028-03-24 01:41","13","2028-03-24 08:44","-4","2028-03-24 15:04","9","2028-03-24 20:34","1"
"SO_1280","덕산항","2028-03-25","2028-03-25 02:28","12","2028-03-25 09:04","-4","2028-03-25 15:12","9","2028-03-25 21:06","-2"
"SO_1280","덕산항","2028-03-26","2028-03-26 03:11","11","2028-03-26 09:25","-3","2028-03-26 15:24","11","2028-03-26 21:39","-4"
"SO_1280","덕산항","2028-03-27","2028-03-27 03:52","11","2028-03-27 09:48","-1","2028-03-27 15:39","13","2028-03-27 22:14","-4"
"SO_1280","덕산항","2028-03-28","2028-03-28 04:32","12","2028-03-28 10:13","2","2028-03-28 15:57","15","2028-03-28 22:51","-4"
"SO_1280","덕산항","2028-03-29","2028-03-29 05:15","13","2028-03-29 10:40","5","2028-03-29 16:20","18","2028-03-29 23:32","-3"
"SO_1280","덕산항","2028-03-30","2028-03-30 06:05","13","2028-03-30 11:06","9","2028-03-30 16:47","21","",""
"SO_1280","덕산항","2028-03-31","2028-03-31 07:27","14","2028-03-31 00:17","-2","2028-03-31 17:21","23","2028-03-31 11:30","12"
"SO_1280","덕산항","2028-04-01","2028-04-01 18:02","23","2028-04-01 01:12","","","","",""
"SO_1280","덕산항","2028-04-02","2028-04-02 18:56","22","2028-04-02 02:27","1","","","",""
"SO_1280","덕산항","2028-04-03","2028-04-03 20:10","21","2028-04-03 03:56","","","","",""
"SO_1280","덕산항","2028-04-04","2028-04-04 13:53","15","2028-04-04 05:08","-1","2028-04-04 21:46","20","2028-04-04 16:54","14"
"SO_1280","덕산항","2028-04-05","2028-04-05 13:36","13","2028-04-05 06:07","-3","2028-04-05 23:11","18","2028-04-05 17:58","10"
"SO_1280","덕산항","2028-04-06","2028-04-06 13:39","13","2028-04-06 06:57","-4","","","2028-04-06 18:52","5"
"SO_1280","덕산항","2028-04-07","2028-04-07 00:24","17","2028-04-07 07:43","-5","2028-04-07 13:54","13","2028-04-07 19:45",""
"SO_1280","덕산항","2028-04-08","2028-04-08 01:36","16","2028-04-08 08:27","-4","2028-04-08 14:15","14","2028-04-08 20:38","-4"
"SO_1280","덕산항","2028-04-09","2028-04-09 02:45","15","2028-04-09 09:07","-1","2028-04-09 14:42","16","2028-04-09 21:31","-7"
"SO_1280","덕산항","2028-04-10","2028-04-10 03:53","15","2028-04-10 09:45","2","2028-04-10 15:12","18","2028-04-10 22:22","-8"
"SO_1280","덕산항","2028-04-11","2028-04-11 04:59","15","2028-04-11 10:19","6","2028-04-11 15:45","21","2028-04-11 23:12","-8"
"SO_1280","덕산항","2028-04-12","2028-04-12 06:13","15","2028-04-12 10:47","10","2028-04-12 16:20","23","",""
"SO_1280","덕산항","2028-04-13","2028-04-13 07:41","15","2028-04-13 00:01","-6","2028-04-13 16:57","24","2028-04-13 11:08","12"
"SO_1280","덕산항","2028-04-14","2028-04-14 09:08","15","2028-04-14 00:53","-4","2028-04-14 17:37","24","2028-04-14 11:19","14"
"SO_1280","덕산항","2028-04-15","2028-04-15 18:22","22","2028-04-15 01:55","-1","","","",""
"SO_1280","덕산항","2028-04-16","2028-04-16 19:19","20","2028-04-16 03:09","","","","",""
"SO_1280","덕산항","2028-04-17","2028-04-17 20:47","17","2028-04-17 04:21","1","","","",""
"SO_1280","덕산항","2028-04-18","2028-04-18 13:54","13","2028-04-18 05:22","1","2028-04-18 22:14","14","2028-04-18 17:42","11"
"SO_1280","덕산항","2028-04-19","2028-04-19 13:47","12","2028-04-19 06:11","","2028-04-19 23:26","12","2028-04-19 18:37","8"
"SO_1280","덕산항","2028-04-20","2028-04-20 13:52","11","2028-04-20 06:48","-1","","","2028-04-20 19:16","4"
"SO_1280","덕산항","2028-04-21","2028-04-21 00:34","10","2028-04-21 07:18","-1","2028-04-21 13:58","10","2028-04-21 19:48","1"
"SO_1280","덕산항","2028-04-22","2028-04-22 01:38","10","2028-04-22 07:43","-1","2028-04-22 14:06","11","2028-04-22 20:17","-1"
"SO_1280","덕산항","2028-04-23","2028-04-23 02:34","10","2028-04-23 08:08","1","2028-04-23 14:16","12","2028-04-23 20:48","-3"
"SO_1280","덕산항","2028-04-24","2028-04-24 03:21","11","2028-04-24 08:35","3","2028-04-24 14:30","15","2028-04-24 21:22","-4"
"SO_1280","덕산항","2028-04-25","2028-04-25 04:04","13","2028-04-25 09:04","6","2028-04-25 14:49","18","2028-04-25 21:59","-4"
"SO_1280","덕산항","2028-04-26","2028-04-26 04:48","14","2028-04-26 09:36","9","2028-04-26 15:14","21","2028-04-26 22:39","-3"
"SO_1280","덕산항","2028-04-27","2028-04-27 05:36","16","2028-04-27 10:07","12","2028-04-27 15:44","24","2028-04-27 23:22","-2"
"SO_1280","덕산항","2028-04-28","2028-04-28 06:37","17","2028-04-28 10:37","14","2028-04-28 16:20","26","",""
"SO_1280","덕산항","2028-04-29","2028-04-29 08:20","17","2028-04-29 00:10","-1","2028-04-29 17:03","27","2028-04-29 11:06","16"
"SO_1280","덕산항","2028-04-30","2028-04-30 17:52","26","2028-04-30 01:07","","","","",""
"SO_1280","덕산항","2028-05-01","2028-05-01 18:54","24","2028-05-01 02:18","1","","","",""
"SO_1280","덕산항","2028-05-02","2028-05-02 11:47","17","2028-05-02 03:33","1","2028-05-02 20:12","21","2028-05-02 15:20","16"
"SO_1280","덕산항","2028-05-03","2028-05-03 11:59","16","2028-05-03 04:36","","2028-05-03 21:40","19","2028-05-03 16:46","12"
"SO_1280","덕산항","2028-05-04","2028-05-04 12:10","15","2028-05-04 05:29","1","2028-05-04 23:04","17","2028-05-04 17:47","8"
"SO_1280","덕산항","2028-05-05","2028-05-05 12:27","16","2028-05-05 06:17","1","","","2028-05-05 18:43","4"
"SO_1280","덕산항","2028-05-06","2028-05-06 00:31","16","2028-05-06 07:02","3","2028-05-06 12:51","17","2028-05-06 19:39",""
"SO_1280","덕산항","2028-05-07","2028-05-07 02:01","16","2028-05-07 07:46","6","2028-05-07 13:21","20","2028-05-07 20:34","-3"
"SO_1280","덕산항","2028-05-08","2028-05-08 03:16","17","2028-05-08 08:28","9","2028-05-08 13:57","23","2028-05-08 21:26","-4"
"SO_1280","덕산항","2028-05-09","2028-05-09 04:20","18","2028-05-09 09:08","12","2028-05-09 14:36","25","2028-05-09 22:14","-4"
"SO_1280","덕산항","2028-05-10","2028-05-10 05:23","19","2028-05-10 09:42","15","2028-05-10 15:16","28","2028-05-10 23:01","-3"
"SO_1280","덕산항","2028-05-11","2028-05-11 06:32","19","2028-05-11 10:12","17","2028-05-11 15:57","29","2028-05-11 23:46","-1"
"SO_1280","덕산항","2028-05-12","2028-05-12 07:45","20","2028-05-12 10:38","18","2028-05-12 16:39","29","",""
"SO_1280","덕산항","2028-05-13","2028-05-13 17:21","28","2028-05-13 00:33","1","","","",""
"SO_1280","덕산항","2028-05-14","2028-05-14 09:43","19","2028-05-14 01:23","3","2028-05-14 18:06","25","2028-05-14 11:30","18"
"SO_1280","덕산항","2028-05-15","2028-05-15 18:57","22","2028-05-15 02:20","4","","","",""
"SO_1280","덕산항","2028-05-16","2028-05-16 11:26","17","2028-05-16 03:19","5","2028-05-16 20:03","19","2028-05-16 15:49","16"
"SO_1280","덕산항","2028-05-17","2028-05-17 12:00","16","2028-05-17 04:11","5","2028-05-17 21:29","16","2028-05-17 17:09","13"
"SO_1280","덕산항","2028-05-18","2028-05-18 12:24","16","2028-05-18 04:53","5","2028-05-18 22:59","14","2028-05-18 18:04","10"
"SO_1280","덕산항","2028-05-19","2028-05-19 12:41","16","2028-05-19 05:28","6","","","2028-05-19 18:44","8"
"SO_1280","덕산항","2028-05-20","2028-05-20 00:32","13","2028-05-20 06:01","7","2028-05-20 12:52","17","2028-05-20 19:18","6"
"SO_1280","덕산항","2028-05-21","2028-05-21 01:51","14","2028-05-21 06:33","9","2028-05-21 13:02","19","2028-05-21 19:52","4"
"SO_1280","덕산항","2028-05-22","2028-05-22 02:47","16","2028-05-22 07:06","12","2028-05-22 13:16","22","2028-05-22 20:28","4"
"SO_1280","덕산항","2028-05-23","2028-05-23 03:33","18","2028-05-23 07:42","15","2028-05-23 13:38","25","2028-05-23 21:07","3"
"SO_1280","덕산항","2028-05-24","2028-05-24 04:16","20","2028-05-24 08:20","17","2028-05-24 14:07","28","2028-05-24 21:49","3"
"SO_1280","덕산항","2028-05-25","2028-05-25 05:00","22","2028-05-25 09:01","20","2028-05-25 14:45","31","2028-05-25 22:32","3"
"SO_1280","덕산항","2028-05-26","2028-05-26 05:50","23","2028-05-26 09:40","21","2028-05-26 15:27","34","2028-05-26 23:18","4"
"SO_1280","덕산항","2028-05-27","2028-05-27 06:59","24","2028-05-27 10:20","22","2028-05-27 16:13","34","",""
"SO_1280","덕산항","2028-05-28","2028-05-28 08:20","24","2028-05-28 00:08","4","2028-05-28 17:02","34","2028-05-28 11:01","23"
"SO_1280","덕산항","2028-05-29","2028-05-29 09:15","23","2028-05-29 01:03","5","2028-05-29 17:56","32","2028-05-29 11:52","22"
"SO_1280","덕산항","2028-05-30","2028-05-30 09:52","23","2028-05-30 02:03","6","2028-05-30 18:57","29","2028-05-30 13:16","21"
"SO_1280","덕산항","2028-05-31","2028-05-31 10:17","22","2028-05-31 03:05","7","2028-05-31 20:11","26","2028-05-31 15:15","19"
"SO_1280","덕산항","2028-06-01","2028-06-01 10:36","23","2028-06-01 04:00","9","2028-06-01 21:39","24","2028-06-01 16:33","16"
"SO_1280","덕산항","2028-06-02","2028-06-02 10:58","24","2028-06-02 04:49","11","2028-06-02 23:23","22","2028-06-02 17:37","12"
"SO_1280","덕산항","2028-06-03","2028-06-03 11:26","26","2028-06-03 05:33","14","","","2028-06-03 18:39","9"
"SO_1280","덕산항","2028-06-04","2028-06-04 01:22","22","2028-06-04 06:16","17","2028-06-04 12:01","28","2028-06-04 19:37","7"
"SO_1280","덕산항","2028-06-05","2028-06-05 02:43","24","2028-06-05 07:01","20","2028-06-05 12:42","31","2028-06-05 20:31","6"
"SO_1280","덕산항","2028-06-06","2028-06-06 03:46","25","2028-06-06 07:46","23","2028-06-06 13:28","34","2028-06-06 21:21","5"
"SO_1280","덕산항","2028-06-07","2028-06-07 04:44","26","2028-06-07 08:30","25","2028-06-07 14:15","36","2028-06-07 22:08","6"
"SO_1280","덕산항","2028-06-08","2028-06-08 05:43","27","2028-06-08 09:09","26","2028-06-08 15:00","37","2028-06-08 22:51","7"
"SO_1280","덕산항","2028-06-09","2028-06-09 06:39","27","2028-06-09 09:44","26","2028-06-09 15:45","37","2028-06-09 23:32","8"
"SO_1280","덕산항","2028-06-10","2028-06-10 07:24","27","2028-06-10 10:18","25","2028-06-10 16:28","36","",""
"SO_1280","덕산항","2028-06-11","2028-06-11 08:03","26","2028-06-11 00:11","9","2028-06-11 17:09","34","2028-06-11 10:55","24"
"SO_1280","덕산항","2028-06-12","2028-06-12 08:41","25","2028-06-12 00:49","10","2028-06-12 17:50","31","2028-06-12 11:38","24"
"SO_1280","덕산항","2028-06-13","2028-06-13 09:21","24","2028-06-13 01:28","11","2028-06-13 18:33","28","2028-06-13 12:37","23"
"SO_1280","덕산항","2028-06-14","2028-06-14 10:00","24","2028-06-14 02:08","12","2028-06-14 19:24","25","2028-06-14 14:40","22"
"SO_1280","덕산항","2028-06-15","2028-06-15 10:34","24","2028-06-15 02:49","13","2028-06-15 20:39","23","2028-06-15 16:13","20"
"SO_1280","덕산항","2028-06-16","2028-06-16 11:01","25","2028-06-16 03:30","15","2028-06-16 22:44","22","2028-06-16 17:11","18"
"SO_1280","덕산항","2028-06-17","2028-06-17 11:19","26","2028-06-17 04:09","17","","","2028-06-17 17:59","17"
"SO_1280","덕산항","2028-06-18","2028-06-18 00:46","23","2028-06-18 04:46","20","2028-06-18 11:31","28","2028-06-18 18:43","16"
"SO_1280","덕산항","2028-06-19","2028-06-19 01:59","25","2028-06-19 05:23","23","2028-06-19 11:49","31","2028-06-19 19:27","15"
"SO_1280","덕산항","2028-06-20","2028-06-20 02:52","27","2028-06-20 06:02","26","2028-06-20 12:17","34","2028-06-20 20:11","14"
"SO_1280","덕산항","2028-06-21","2028-06-21 03:38","29","2028-06-21 06:48","28","2028-06-21 12:56","38","2028-06-21 20:56","13"
"SO_1280","덕산항","2028-06-22","2028-06-22 04:21","31","2028-06-22 07:42","30","2028-06-22 13:44","40","2028-06-22 21:41","12"
"SO_1280","덕산항","2028-06-23","2028-06-23 05:05","31","2028-06-23 08:36","30","2028-06-23 14:33","42","2028-06-23 22:26","11"
"SO_1280","덕산항","2028-06-24","2028-06-24 05:50","32","2028-06-24 09:26","30","2028-06-24 15:23","43","2028-06-24 23:13","11"
"SO_1280","덕산항","2028-06-25","2028-06-25 06:36","31","2028-06-25 10:14","29","2028-06-25 16:13","43","",""
"SO_1280","덕산항","2028-06-26","2028-06-26 07:17","31","2028-06-26 00:00","11","2028-06-26 17:03","41","2028-06-26 11:05","28"
"SO_1280","덕산항","2028-06-27","2028-06-27 07:50","30","2028-06-27 00:49","12","2028-06-27 17:56","39","2028-06-27 12:06","27"
"SO_1280","덕산항","2028-06-28","2028-06-28 08:20","30","2028-06-28 01:39","15","2028-06-28 18:57","35","2028-06-28 13:28","25"
"SO_1280","덕산항","2028-06-29","2028-06-29 08:49","31","2028-06-29 02:29","18","2028-06-29 20:15","32","2028-06-29 15:02","23"
"SO_1280","덕산항","2028-06-30","2028-06-30 09:20","33","2028-06-30 03:17","21","2028-06-30 22:17","30","2028-06-30 16:21","21"
"SO_1280","덕산항","2028-07-01","2028-07-01 09:57","35","2028-07-01 04:03","25","","","2028-07-01 17:31","19"
"SO_1280","덕산항","2028-07-02","2028-07-02 00:36","31","2028-07-02 04:45","28","2028-07-02 10:40","38","2028-07-02 18:37","17"
"SO_1280","덕산항","2028-07-03","2028-07-03 02:15","32","2028-07-03 05:27","31","2028-07-03 11:29","40","2028-07-03 19:37","16"
"SO_1280","덕산항","2028-07-04","2028-07-04 12:21","42","2028-07-04 20:31","16","","","",""
"SO_1280","덕산항","2028-07-05","2028-07-05 13:14","44","2028-07-05 21:19","15","","","",""
"SO_1280","덕산항","2028-07-06","2028-07-06 14:04","45","2028-07-06 22:02","15","","","",""
"SO_1280","덕산항","2028-07-07","2028-07-07 05:50","34","2028-07-07 08:46","33","2028-07-07 14:50","44","2028-07-07 22:41","15"
"SO_1280","덕산항","2028-07-08","2028-07-08 06:02","33","2028-07-08 09:26","31","2028-07-08 15:34","43","2028-07-08 23:15","16"
"SO_1280","덕산항","2028-07-09","2028-07-09 06:13","32","2028-07-09 10:05","29","2028-07-09 16:14","41","2028-07-09 23:44","16"
"SO_1280","덕산항","2028-07-10","2028-07-10 06:28","31","2028-07-10 10:46","28","2028-07-10 16:52","39","",""
"SO_1280","덕산항","2028-07-11","2028-07-11 06:51","30","2028-07-11 00:11","17","2028-07-11 17:30","36","2028-07-11 11:30","27"
"SO_1280","덕산항","2028-07-12","2028-07-12 07:17","30","2028-07-12 00:37","18","2028-07-12 18:09","33","2028-07-12 12:23","26"
"SO_1280","덕산항","2028-07-13","2028-07-13 07:45","31","2028-07-13 01:05","19","2028-07-13 18:54","31","2028-07-13 13:32","26"
"SO_1280","덕산항","2028-07-14","2028-07-14 08:13","32","2028-07-14 01:36","22","2028-07-14 19:59","30","2028-07-14 14:56","26"
"SO_1280","덕산항","2028-07-15","2028-07-15 08:41","33","2028-07-15 02:10","25","2028-07-15 23:07","30","2028-07-15 16:09","25"
"SO_1280","덕산항","2028-07-16","2028-07-16 09:11","36","2028-07-16 02:47","28","","","2028-07-16 17:13","25"
"SO_1280","덕산항","2028-07-17","2028-07-17 00:51","32","2028-07-17 03:26","31","2028-07-17 09:50","38","2028-07-17 18:12","24"
"SO_1280","덕산항","2028-07-18","2028-07-18 10:39","41","2028-07-18 19:06","22","","","",""
"SO_1280","덕산항","2028-07-19","2028-07-19 03:02","36","2028-07-19 05:06","35","2028-07-19 11:35","43","2028-07-19 19:56","20"
"SO_1280","덕산항","2028-07-20","2028-07-20 03:45","37","2028-07-20 06:24","36","2028-07-20 12:35","46","2028-07-20 20:43","18"
"SO_1280","덕산항","2028-07-21","2028-07-21 04:18","37","2028-07-21 07:32","36","2028-07-21 13:33","47","2028-07-21 21:29","16"
"SO_1280","덕산항","2028-07-22","2028-07-22 04:44","36","2028-07-22 08:28","34","2028-07-22 14:26","48","2028-07-22 22:14","15"
"SO_1280","덕산항","2028-07-23","2028-07-23 05:07","35","2028-07-23 09:19","32","2028-07-23 15:18","48","2028-07-23 22:57","15"
"SO_1280","덕산항","2028-07-24","2028-07-24 05:30","35","2028-07-24 10:11","30","2028-07-24 16:09","46","2028-07-24 23:40","16"
"SO_1280","덕산항","2028-07-25","2028-07-25 05:55","35","2028-07-25 11:06","28","2028-07-25 17:00","44","",""
"SO_1280","덕산항","2028-07-26","2028-07-26 06:22","35","2028-07-26 00:22","18","2028-07-26 17:56","41","2028-07-26 12:09","26"
"SO_1280","덕산항","2028-07-27","2028-07-27 06:53","36","2028-07-27 01:04","22","2028-07-27 19:05","37","2028-07-27 13:23","25"
"SO_1280","덕산항","2028-07-28","2028-07-28 07:28","38","2028-07-28 01:45","26","2028-07-28 21:11","35","2028-07-28 14:48","24"
"SO_1280","덕산항","2028-07-29","2028-07-29 08:11","40","2028-07-29 02:23","30","2028-07-29 23:28","35","2028-07-29 16:09","23"
"SO_1280","덕산항","2028-07-30","2028-07-30 09:06","42","2028-07-30 02:57","34","","","2028-07-30 17:25","23"
"SO_1280","덕산항","2028-07-31","2028-07-31 10:10","44","2028-07-31 18:35","22","","","",""
"SO_1280","덕산항","2028-08-01","2028-08-01 11:13","45","2028-08-01 19:36","21","","","",""
"SO_1280","덕산항","2028-08-02","2028-08-02 12:12","46","2028-08-02 20:28","20","","","",""
"SO_1280","덕산항","2028-08-03","2028-08-03 04:53","37","2028-08-03 07:10","36","2028-08-03 13:05","46","2028-08-03 21:12","19"
"SO_1280","덕산항","2028-08-04","2028-08-04 04:52","35","2028-08-04 07:55","34","2028-08-04 13:54","45","2028-08-04 21:50","18"
"SO_1280","덕산항","2028-08-05","2028-08-05 04:47","34","2028-08-05 08:35","32","2028-08-05 14:38","43","2028-08-05 22:21","17"
"SO_1280","덕산항","2028-08-06","2028-08-06 04:46","33","2028-08-06 09:15","29","2028-08-06 15:20","41","2028-08-06 22:46","17"
"SO_1280","덕산항","2028-08-07","2028-08-07 04:55","32","2028-08-07 09:54","27","2028-08-07 15:58","39","2028-08-07 23:07","17"
"SO_1280","덕산항","2028-08-08","2028-08-08 05:11","31","2028-08-08 10:34","25","2028-08-08 16:35","37","2028-08-08 23:27","18"
"SO_1280","덕산항","2028-08-09","2028-08-09 05:30","32","2028-08-09 11:16","24","2028-08-09 17:13","35","2028-08-09 23:50","20"
"SO_1280","덕산항","2028-08-10","2028-08-10 05:51","33","2028-08-10 12:00","24","2028-08-10 17:52","33","",""
"SO_1280","덕산항","2028-08-11","2028-08-11 06:13","34","2028-08-11 00:15","23","2028-08-11 18:37","32","2028-08-11 12:49","24"
"SO_1280","덕산항","2028-08-12","2028-08-12 06:37","36","2028-08-12 00:41","26","2028-08-12 19:53","32","2028-08-12 13:50","25"
"SO_1280","덕산항","2028-08-13","2028-08-13 07:06","38","2028-08-13 01:08","29","2028-08-13 23:15","33","2028-08-13 15:08","26"
"SO_1280","덕산항","2028-08-14","2028-08-14 07:46","39","2028-08-14 01:33","32","","","2028-08-14 16:33","25"
"SO_1280","덕산항","2028-08-15","2028-08-15 08:42","41","2028-08-15 17:44","24","","","",""
"SO_1280","덕산항","2028-08-16","2028-08-16 09:56","42","2028-08-16 18:44","21","","","",""
"SO_1280","덕산항","2028-08-17","2028-08-17 11:15","43","2028-08-17 19:36","19","","","",""
"SO_1280","덕산항","2028-08-18","2028-08-18 03:22","35","2028-08-18 06:35","34","2028-08-18 12:23","44","2028-08-18 20:23","16"
"SO_1280","덕산항","2028-08-19","2028-08-19 03:33","34","2028-08-19 07:30","31","2028-08-19 13:22","44","2028-08-19 21:08","14"
"SO_1280","덕산항","2028-08-20","2028-08-20 03:48","33","2028-08-20 08:22","28","2028-08-20 14:18","44","2028-08-20 21:50","13"
"SO_1280","덕산항","2028-08-21","2028-08-21 04:06","32","2028-08-21 09:14","25","2028-08-21 15:12","43","2028-08-21 22:31","13"
"SO_1280","덕산항","2028-08-22","2028-08-22 04:28","33","2028-08-22 10:07","22","2028-08-22 16:06","41","2028-08-22 23:10","16"
"SO_1280","덕산항","2028-08-23","2028-08-23 04:53","33","2028-08-23 11:03","20","2028-08-23 17:02","38","2028-08-23 23:48","19"
"SO_1280","덕산항","2028-08-24","2028-08-24 05:22","35","2028-08-24 12:03","19","2028-08-24 18:09","36","",""
"SO_1280","덕산항","2028-08-25","2028-08-25 05:54","37","2028-08-25 00:24","24","2028-08-25 19:58","34","2028-08-25 13:11","18"
"SO_1280","덕산항","2028-08-26","2028-08-26 06:30","39","2028-08-26 00:54","28","2028-08-26 22:05","33","2028-08-26 14:29","19"
"SO_1280","덕산항","2028-08-27","2028-08-27 07:17","40","2028-08-27 01:11","32","","","2028-08-27 15:53","19"
"SO_1280","덕산항","2028-08-28","2028-08-28 08:23","40","2028-08-28 17:12","19","","","",""
"SO_1280","덕산항","2028-08-29","2028-08-29 09:49","41","2028-08-29 18:24","19","","","",""
"SO_1280","덕산항","2028-08-30","2028-08-30 03:35","35","2028-08-30 05:29","34","2028-08-30 11:01","40","2028-08-30 19:24","18"
"SO_1280","덕산항","2028-08-31","2028-08-31 03:40","33","2028-08-31 06:26","32","2028-08-31 12:01","39","2028-08-31 20:12","16"
"SO_1280","덕산항","2028-09-01","2028-09-01 03:39","31","2028-09-01 07:12","29","2028-09-01 12:53","38","2028-09-01 20:51","15"
"SO_1280","덕산항","2028-09-02","2028-09-02 03:35","29","2028-09-02 07:53","25","2028-09-02 13:42","36","2028-09-02 21:22","13"
"SO_1280","덕산항","2028-09-03","2028-09-03 03:36","27","2028-09-03 08:30","22","2028-09-03 14:27","33","2028-09-03 21:45","13"
"SO_1280","덕산항","2028-09-04","2028-09-04 03:43","26","2028-09-04 09:07","19","2028-09-04 15:08","31","2028-09-04 22:04","12"
"SO_1280","덕산항","2028-09-05","2028-09-05 03:57","26","2028-09-05 09:42","17","2028-09-05 15:48","30","2028-09-05 22:22","13"
"SO_1280","덕산항","2028-09-06","2028-09-06 04:14","26","2028-09-06 10:18","15","2028-09-06 16:26","29","2028-09-06 22:43","15"
"SO_1280","덕산항","2028-09-07","2028-09-07 04:32","28","2028-09-07 10:56","15","2028-09-07 17:05","28","2028-09-07 23:07","17"
"SO_1280","덕산항","2028-09-08","2028-09-08 04:51","29","2028-09-08 11:35","15","2028-09-08 17:47","28","2028-09-08 23:32","20"
"SO_1280","덕산항","2028-09-09","2028-09-09 05:14","31","2028-09-09 12:18","16","2028-09-09 18:40","28","2028-09-09 23:57","24"
"SO_1280","덕산항","2028-09-10","2028-09-10 05:39","33","2028-09-10 13:11","17","2028-09-10 21:25","28","",""
"SO_1280","덕산항","2028-09-11","2028-09-11 06:14","34","2028-09-11 00:22","26","2028-09-11 23:11","29","2028-09-11 14:24","18"
"SO_1280","덕산항","2028-09-12","2028-09-12 07:00","35","2028-09-12 00:38","28","","","2028-09-12 15:59","18"
"SO_1280","덕산항","2028-09-13","2028-09-13 08:06","35","2028-09-13 17:15","16","","","",""
"SO_1280","덕산항","2028-09-14","2028-09-14 09:38","35","2028-09-14 18:15","13","","","",""
"SO_1280","덕산항","2028-09-15","2028-09-15 02:14","28","2028-09-15 05:39","26","2028-09-15 11:03","34","2028-09-15 19:06","10"
"SO_1280","덕산항","2028-09-16","2028-09-16 02:17","27","2028-09-16 06:33","23","2028-09-16 12:11","34","2028-09-16 19:52","8"
"SO_1280","덕산항","2028-09-17","2028-09-17 02:27","25","2028-09-17 07:24","19","2028-09-17 13:13","33","2028-09-17 20:36","7"
"SO_1280","덕산항","2028-09-18","2028-09-18 02:44","25","2028-09-18 08:15","14","2028-09-18 14:14","32","2028-09-18 21:18","7"
"SO_1280","덕산항","2028-09-19","2028-09-19 03:06","25","2028-09-19 09:08","11","2028-09-19 15:13","31","2028-09-19 21:58","9"
"SO_1280","덕산항","2028-09-20","2028-09-20 03:32","27","2028-09-20 10:01","8","2028-09-20 16:14","30","2028-09-20 22:37","13"
"SO_1280","덕산항","2028-09-21","2028-09-21 04:01","29","2028-09-21 10:56","6","2028-09-21 17:21","28","2028-09-21 23:12","17"
"SO_1280","덕산항","2028-09-22","2028-09-22 04:34","31","2028-09-22 11:52","6","2028-09-22 18:47","27","2028-09-22 23:43","21"
"SO_1280","덕산항","2028-09-23","2028-09-23 05:10","32","2028-09-23 12:53","8","2028-09-23 20:38","26","",""
"SO_1280","덕산항","2028-09-24","2028-09-24 05:50","33","2028-09-24 00:07","24","","","2028-09-24 14:05","9"
"SO_1280","덕산항","2028-09-25","2028-09-25 06:39","33","2028-09-25 15:27","11","","","",""
"SO_1280","덕산항","2028-09-26","2028-09-26 07:51","32","2028-09-26 16:46","11","","","",""
"SO_1280","덕산항","2028-09-27","2028-09-27 09:26","30","2028-09-27 17:55","10","","","",""
"SO_1280","덕산항","2028-09-28","2028-09-28 02:24","24","2028-09-28 05:35","23","2028-09-28 10:41","28","2028-09-28 18:51","9"
"SO_1280","덕산항","2028-09-29","2028-09-29 02:20","22","2028-09-29 06:28","19","2028-09-29 11:44","26","2028-09-29 19:36","7"
"SO_1280","덕산항","2028-09-30","2028-09-30 02:21","20","2028-09-30 07:12","15","2028-09-30 12:41","24","2028-09-30 20:10","6"
"SO_1280","덕산항","2028-10-01","2028-10-01 02:27","18","2028-10-01 07:50","11","2028-10-01 13:35","21","2028-10-01 20:36","5"
"SO_1280","덕산항","2028-10-02","2028-10-02 02:36","17","2028-10-02 08:24","8","2028-10-02 14:24","20","2028-10-02 20:56","5"
"SO_1280","덕산항","2028-10-03","2028-10-03 02:49","17","2028-10-03 08:55","6","2028-10-03 15:08","19","2028-10-03 21:15","6"
"SO_1280","덕산항","2028-10-04","2028-10-04 03:04","18","2028-10-04 09:27","4","2028-10-04 15:49","19","2028-10-04 21:36","8"
"SO_1280","덕산항","2028-10-05","2028-10-05 03:21","20","2028-10-05 10:00","3","2028-10-05 16:30","19","2028-10-05 22:01","10"
"SO_1280","덕산항","2028-10-06","2028-10-06 03:40","22","2028-10-06 10:35","3","2028-10-06 17:11","20","2028-10-06 22:28","13"
"SO_1280","덕산항","2028-10-07","2028-10-07 04:02","24","2028-10-07 11:14","4","2028-10-07 17:58","20","2028-10-07 22:55","16"
"SO_1280","덕산항","2028-10-08","2028-10-08 04:29","26","2028-10-08 11:57","5","2028-10-08 19:10","20","2028-10-08 23:24","18"
"SO_1280","덕산항","2028-10-09","2028-10-09 05:01","27","2028-10-09 12:49","7","","","",""
"SO_1280","덕산항","2028-10-10","2028-10-10 05:42","27","2028-10-10 13:58","7","","","",""
"SO_1280","덕산항","2028-10-11","2028-10-11 06:36","26","2028-10-11 15:27","7","","","",""
"SO_1280","덕산항","2028-10-12","2028-10-12 07:51","25","2028-10-12 16:41","5","","","",""
"SO_1280","덕산항","2028-10-13","2028-10-13 00:44","19","2028-10-13 04:34","17","2028-10-13 09:26","23","2028-10-13 17:40","3"
"SO_1280","덕산항","2028-10-14","2028-10-14 00:51","18","2028-10-14 05:33","13","2028-10-14 10:50","22","2028-10-14 18:29","1"
"SO_1280","덕산항","2028-10-15","2028-10-15 01:02","17","2028-10-15 06:25","9","2028-10-15 12:02","21","2028-10-15 19:15","1"
"SO_1280","덕산항","2028-10-16","2028-10-16 01:19","17","2028-10-16 07:15","4","2028-10-16 13:13","20","2028-10-16 19:59","2"
"SO_1280","덕산항","2028-10-17","2028-10-17 01:42","18","2028-10-17 08:08","","2028-10-17 14:24","20","2028-10-17 20:42","4"
"SO_1280","덕산항","2028-10-18","2028-10-18 02:11","19","2028-10-18 09:01","-3","2028-10-18 15:31","20","2028-10-18 21:23","7"
"SO_1280","덕산항","2028-10-19","2028-10-19 02:44","22","2028-10-19 09:54","-5","2028-10-19 16:37","20","2028-10-19 22:02","10"
"SO_1280","덕산항","2028-10-20","2028-10-20 03:20","24","2028-10-20 10:45","-5","2028-10-20 17:46","19","2028-10-20 22:37","13"
"SO_1280","덕산항","2028-10-21","2028-10-21 03:58","26","2028-10-21 11:37","-4","2028-10-21 19:10","19","2028-10-21 23:07","16"
"SO_1280","덕산항","2028-10-22","2028-10-22 04:39","27","2028-10-22 12:32","-2","2028-10-22 20:37","19","2028-10-22 23:33","17"
"SO_1280","덕산항","2028-10-23","2028-10-23 05:24","26","2028-10-23 13:35","","","","",""
"SO_1280","덕산항","2028-10-24","2028-10-24 06:15","24","2028-10-24 14:49","2","","","",""
"SO_1280","덕산항","2028-10-25","2028-10-25 07:22","21","2028-10-25 16:02","2","","","",""
"SO_1280","덕산항","2028-10-26","2028-10-26 00:25","16","2028-10-26 04:15","15","2028-10-26 08:50","18","2028-10-26 17:04","2"
"SO_1280","덕산항","2028-10-27","2028-10-27 00:39","14","2028-10-27 05:26","11","2028-10-27 10:13","15","2028-10-27 17:55","1"
"SO_1280","덕산항","2028-10-28","2028-10-28 00:55","13","2028-10-28 06:20","7","2028-10-28 11:26","13","2028-10-28 18:36","1"
"SO_1280","덕산항","2028-10-29","2028-10-29 01:10","11","2028-10-29 07:04","3","2028-10-29 12:37","11","2028-10-29 19:08",""
"SO_1280","덕산항","2028-10-30","2028-10-30 01:26","11","2028-10-30 07:39","","2028-10-30 13:43","10","2028-10-30 19:33","1"
"SO_1280","덕산항","2028-10-31","2028-10-31 01:40","11","2028-10-31 08:09","-2","2028-10-31 14:36","10","2028-10-31 19:58","2"
"SO_1280","덕산항","2028-11-01","2028-11-01 01:56","12","2028-11-01 08:38","-4","2028-11-01 15:20","11","2028-11-01 20:23","4"
"SO_1280","덕산항","2028-11-02","2028-11-02 02:13","14","2028-11-02 09:09","-5","2028-11-02 16:01","12","2028-11-02 20:51","6"
"SO_1280","덕산항","2028-11-03","2028-11-03 02:32","16","2028-11-03 09:43","-5","2028-11-03 16:39","13","2028-11-03 21:22","8"
"SO_1280","덕산항","2028-11-04","2028-11-04 02:57","19","2028-11-04 10:20","-4","2028-11-04 17:20","14","2028-11-04 21:55","10"
"SO_1280","덕산항","2028-11-05","2028-11-05 03:27","21","2028-11-05 11:01","-4","2028-11-05 18:08","15","2028-11-05 22:27","12"
"SO_1280","덕산항","2028-11-06","2028-11-06 04:02","23","2028-11-06 11:46","-3","2028-11-06 19:17","15","2028-11-06 23:01","13"
"SO_1280","덕산항","2028-11-07","2028-11-07 04:43","23","2028-11-07 12:37","-2","","","",""
"SO_1280","덕산항","2028-11-08","2028-11-08 05:32","22","2028-11-08 13:40","-1","2028-11-08 22:01","14","",""
"SO_1280","덕산항","2028-11-09","2028-11-09 06:31","20","2028-11-09 00:33","13","2028-11-09 22:44","13","2028-11-09 14:54","-1"
"SO_1280","덕산항","2028-11-10","2028-11-10 07:44","17","2028-11-10 02:48","12","2028-11-10 23:10","12","2028-11-10 16:01","-2"
"SO_1280","덕산항","2028-11-11","2028-11-11 09:13","15","2028-11-11 04:20","8","2028-11-11 23:28","12","2028-11-11 16:56","-2"
"SO_1280","덕산항","2028-11-12","2028-11-12 10:41","13","2028-11-12 05:20","4","2028-11-12 23:49","12","2028-11-12 17:46","-1"
"SO_1280","덕산항","2028-11-13","2028-11-13 12:10","12","2028-11-13 06:15","-1","","","2028-11-13 18:32","1"
"SO_1280","덕산항","2028-11-14","2028-11-14 00:16","14","2028-11-14 07:09","-4","2028-11-14 13:41","13","2028-11-14 19:18","3"
"SO_1280","덕산항","2028-11-15","2028-11-15 00:49","16","2028-11-15 08:04","-7","2028-11-15 14:54","14","2028-11-15 20:04","6"
"SO_1280","덕산항","2028-11-16","2028-11-16 01:27","19","2028-11-16 08:57","-9","2028-11-16 15:56","15","2028-11-16 20:48","8"
"SO_1280","덕산항","2028-11-17","2028-11-17 02:08","21","2028-11-17 09:47","-10","2028-11-17 16:54","15","2028-11-17 21:29","11"
"SO_1280","덕산항","2028-11-18","2028-11-18 02:52","23","2028-11-18 10:36","-9","2028-11-18 17:55","15","2028-11-18 22:06","12"
"SO_1280","덕산항","2028-11-19","2028-11-19 03:37","24","2028-11-19 11:23","-8","2028-11-19 19:02","15","2028-11-19 22:39","13"
"SO_1280","덕산항","2028-11-20","2028-11-20 04:22","24","2028-11-20 12:11","-6","2028-11-20 20:05","14","2028-11-20 23:12","12"
"SO_1280","덕산항","2028-11-21","2028-11-21 05:08","22","2028-11-21 13:01","-4","2028-11-21 20:57","13","2028-11-21 23:50","11"
"SO_1280","덕산항","2028-11-22","2028-11-22 05:56","19","2028-11-22 13:56","-3","2028-11-22 21:44","11","",""
"SO_1280","덕산항","2028-11-23","2028-11-23 06:50","15","2028-11-23 00:54","10","2028-11-23 22:26","10","2028-11-23 14:55","-2"
"SO_1280","덕산항","2028-11-24","2028-11-24 08:00","11","2028-11-24 03:41","8","2028-11-24 23:04","9","2028-11-24 15:49","-1"
"SO_1280","덕산항","2028-11-25","2028-11-25 09:33","8","2028-11-25 04:57","5","2028-11-25 23:37","9","2028-11-25 16:34","-1"
"SO_1280","덕산항","2028-11-26","2028-11-26 11:12","6","2028-11-26 05:56","1","","","2028-11-26 17:12",""
"SO_1280","덕산항","2028-11-27","2028-11-27 00:03","9","2028-11-27 06:41","-1","2028-11-27 12:49","6","2028-11-27 17:46","1"
"SO_1280","덕산항","2028-11-28","2028-11-28 00:25","10","2028-11-28 07:16","-3","2028-11-28 13:58","7","2028-11-28 18:19","3"
"SO_1280","덕산항","2028-11-29","2028-11-29 00:44","11","2028-11-29 07:48","-4","2028-11-29 14:47","9","2028-11-29 18:54","5"
"SO_1280","덕산항","2028-11-30","2028-11-30 01:02","13","2028-11-30 08:19","-5","2028-11-30 15:28","10","2028-11-30 19:30","7"
"SO_1280","덕산항","2028-12-01","2028-12-01 01:25","16","2028-12-01 08:54","-6","2028-12-01 16:06","12","2028-12-01 20:09","9"
"SO_1280","덕산항","2028-12-02","2028-12-02 01:54","19","2028-12-02 09:32","-6","2028-12-02 16:42","13","2028-12-02 20:49","10"
"SO_1280","덕산항","2028-12-03","2028-12-03 02:30","21","2028-12-03 10:12","-7","2028-12-03 17:20","14","2028-12-03 21:29","11"
"SO_1280","덕산항","2028-12-04","2028-12-04 03:10","23","2028-12-04 10:54","-7","2028-12-04 18:02","14","2028-12-04 22:09","11"
"SO_1280","덕산항","2028-12-05","2028-12-05 03:54","23","2028-12-05 11:38","-6","2028-12-05 18:50","13","2028-12-05 22:51","11"
"SO_1280","덕산항","2028-12-06","2028-12-06 04:40","22","2028-12-06 12:26","-6","2028-12-06 19:45","12","2028-12-06 23:41","10"
"SO_1280","덕산항","2028-12-07","2028-12-07 05:30","20","2028-12-07 13:18","-5","2028-12-07 20:34","12","",""
"SO_1280","덕산항","2028-12-08","2028-12-08 06:27","18","2028-12-08 00:49","9","2028-12-08 21:10","12","2028-12-08 14:16","-3"
"SO_1280","덕산항","2028-12-09","2028-12-09 07:35","15","2028-12-09 02:32","7","2028-12-09 21:40","12","2028-12-09 15:13","-1"
"SO_1280","덕산항","2028-12-10","2028-12-10 09:04","12","2028-12-10 03:59","4","2028-12-10 22:11","13","2028-12-10 16:07","1"
"SO_1280","덕산항","2028-12-11","2028-12-11 10:57","11","2028-12-11 05:06","1","2028-12-11 22:45","15","2028-12-11 16:57","4"
"SO_1280","덕산항","2028-12-12","2028-12-12 13:02","11","2028-12-12 06:08","-3","2028-12-12 23:25","18","2028-12-12 17:45","7"
"SO_1280","덕산항","2028-12-13","2028-12-13 14:23","13","2028-12-13 07:07","-5","","","2028-12-13 18:35","9"
"SO_1280","덕산항","2028-12-14","2028-12-14 00:10","20","2028-12-14 08:03","-7","2028-12-14 15:23","14","2028-12-14 19:28","12"
"SO_1280","덕산항","2028-12-15","2028-12-15 00:59","23","2028-12-15 08:54","-8","2028-12-15 16:15","15","2028-12-15 20:17","13"
"SO_1280","덕산항","2028-12-16","2028-12-16 01:50","24","2028-12-16 09:42","-8","2028-12-16 17:03","15","2028-12-16 21:00","13"
"SO_1280","덕산항","2028-12-17","2028-12-17 02:39","25","2028-12-17 10:27","-8","2028-12-17 17:45","15","2028-12-17 21:40","13"
"SO_1280","덕산항","2028-12-18","2028-12-18 03:26","25","2028-12-18 11:09","-7","2028-12-18 18:23","14","2028-12-18 22:17","11"
"SO_1280","덕산항","2028-12-19","2028-12-19 04:11","23","2028-12-19 11:48","-6","2028-12-19 18:56","13","2028-12-19 22:57","10"
"SO_1280","덕산항","2028-12-20","2028-12-20 04:54","21","2028-12-20 12:24","-5","2028-12-20 19:31","12","2028-12-20 23:41","9"
"SO_1280","덕산항","2028-12-21","2028-12-21 05:36","17","2028-12-21 12:58","-3","2028-12-21 20:08","11","",""
"SO_1280","덕산항","2028-12-22","2028-12-22 06:21","14","2028-12-22 00:40","7","2028-12-22 20:50","10","2028-12-22 13:32","-2"
"SO_1280","덕산항","2028-12-23","2028-12-23 07:13","10","2028-12-23 02:28","6","2028-12-23 21:31","10","2028-12-23 14:07",""
"SO_1280","덕산항","2028-12-24","2028-12-24 08:35","7","2028-12-24 04:02","4","2028-12-24 22:09","11","2028-12-24 14:46","2"
"SO_1280","덕산항","2028-12-25","2028-12-25 11:09","7","2028-12-25 05:07","2","2028-12-25 22:41","12","2028-12-25 15:28","4"
"SO_1280","덕산항","2028-12-26","2028-12-26 12:58","8","2028-12-26 05:59","1","2028-12-26 23:09","14","2028-12-26 16:12","7"
"SO_1280","덕산항","2028-12-27","2028-12-27 14:05","10","2028-12-27 06:43","","2028-12-27 23:36","16","2028-12-27 16:58","9"
"SO_1280","덕산항","2028-12-28","2028-12-28 14:54","12","2028-12-28 07:23","-1","","","2028-12-28 17:47","11"
"SO_1280","덕산항","2028-12-29","2028-12-29 00:08","18","2028-12-29 08:02","-2","2028-12-29 15:33","14","2028-12-29 18:42","13"
"SO_1280","덕산항","2028-12-30","2028-12-30 00:47","21","2028-12-30 08:41","-3","2028-12-30 16:07","15","2028-12-30 19:37","13"
"SO_1280","덕산항","2028-12-31","2028-12-31 01:31","23","2028-12-31 09:21","-5","2028-12-31 16:37","15","2028-12-31 20:27","13"
"SO_1281","임원항","2028-01-01","2028-01-01 04:48","32","2028-01-01 12:06","7","2028-01-01 18:50","23","2028-01-01 23:31","18"
"SO_1281","임원항","2028-01-02","2028-01-02 05:22","29","2028-01-02 12:34","8","2028-01-02 19:32","22","",""
"SO_1281","임원항","2028-01-03","2028-01-03 05:56","25","2028-01-03 00:15","17","2028-01-03 20:11","22","2028-01-03 13:00","9"
"SO_1281","임원항","2028-01-04","2028-01-04 06:35","22","2028-01-04 01:19","16","2028-01-04 20:42","22","2028-01-04 13:21","12"
"SO_1281","임원항","2028-01-05","2028-01-05 07:34","20","2028-01-05 03:08","15","2028-01-05 21:07","24","2028-01-05 13:38","14"
"SO_1281","임원항","2028-01-06","2028-01-06 10:22","19","2028-01-06 04:23","14","2028-01-06 21:34","26","2028-01-06 13:55","17"
"SO_1281","임원항","2028-01-07","2028-01-07 22:12","29","2028-01-07 05:26","12","","","",""
"SO_1281","임원항","2028-01-08","2028-01-08 23:02","32","2028-01-08 06:24","10","","","",""
"SO_1281","임원항","2028-01-09","2028-01-09 00:00","34","2028-01-09 00:00","17","2028-01-09 15:00","26","2028-01-09 07:19","8"
"SO_1281","임원항","2028-01-10","2028-01-10 00:00","29","2028-01-10 00:00","8","2028-01-10 00:06","35","2028-01-10 08:09","6"
"SO_1281","임원항","2028-01-11","2028-01-11 01:11","37","2028-01-11 08:57","3","2028-01-11 16:02","28","2028-01-11 20:15","25"
"SO_1281","임원항","2028-01-12","2028-01-12 02:07","39","2028-01-12 09:42","1","2028-01-12 16:34","28","2028-01-12 21:05","23"
"SO_1281","임원항","2028-01-13","2028-01-13 02:56","40","2028-01-13 10:25","","2028-01-13 17:05","28","2028-01-13 21:52","20"
"SO_1281","임원항","2028-01-14","2028-01-14 03:42","40","2028-01-14 11:06","","2028-01-14 17:36","27","2028-01-14 22:38","18"
"SO_1281","임원항","2028-01-15","2028-01-15 04:27","38","2028-01-15 11:45","2","2028-01-15 18:07","26","2028-01-15 23:26","16"
"SO_1281","임원항","2028-01-16","2028-01-16 05:12","35","2028-01-16 12:22","5","2028-01-16 18:38","26","",""
"SO_1281","임원항","2028-01-17","2028-01-17 06:01","31","2028-01-17 00:19","14","2028-01-17 19:12","27","2028-01-17 12:58","9"
"SO_1281","임원항","2028-01-18","2028-01-18 07:00","26","2028-01-18 01:27","14","2028-01-18 19:51","28","2028-01-18 13:34","13"
"SO_1281","임원항","2028-01-19","2028-01-19 08:29","23","2028-01-19 02:56","13","2028-01-19 20:34","30","2028-01-19 14:12","18"
"SO_1281","임원항","2028-01-20","2028-01-20 12:46","23","2028-01-20 04:24","12","2028-01-20 21:24","32","2028-01-20 15:04","22"
"SO_1281","임원항","2028-01-21","2028-01-21 14:25","26","2028-01-21 05:48","11","2028-01-21 22:19","33","2028-01-21 16:17","25"
"SO_1281","임원항","2028-01-22","2028-01-22 15:03","28","2028-01-22 06:59","10","2028-01-22 23:25","35","2028-01-22 17:30","27"
"SO_1281","임원항","2028-01-23","2028-01-23 15:31","28","2028-01-23 07:54","9","","","2028-01-23 18:36","27"
"SO_1281","임원항","2028-01-24","2028-01-24 00:34","36","2028-01-24 08:37","8","2028-01-24 15:52","28","2028-01-24 19:28","25"
"SO_1281","임원항","2028-01-25","2028-01-25 01:29","36","2028-01-25 09:13","7","2028-01-25 16:05","27","2028-01-25 20:12","23"
"SO_1281","임원항","2028-01-26","2028-01-26 02:11","36","2028-01-26 09:44","6","2028-01-26 16:12","26","2028-01-26 20:50","20"
"SO_1281","임원항","2028-01-27","2028-01-27 02:49","35","2028-01-27 10:11","5","2028-01-27 16:23","24","2028-01-27 21:27","18"
"SO_1281","임원항","2028-01-28","2028-01-28 03:24","33","2028-01-28 10:35","4","2028-01-28 16:41","23","2028-01-28 22:02","15"
"SO_1281","임원항","2028-01-29","2028-01-29 03:57","31","2028-01-29 10:58","4","2028-01-29 17:04","23","2028-01-29 22:37","13"
"SO_1281","임원항","2028-01-30","2028-01-30 04:30","29","2028-01-30 11:21","5","2028-01-30 17:28","22","2028-01-30 23:13","12"
"SO_1281","임원항","2028-01-31","2028-01-31 05:04","26","2028-01-31 11:41","7","2028-01-31 17:52","23","2028-01-31 23:50","12"
"SO_1281","임원항","2028-02-01","2028-02-01 05:39","24","2028-02-01 11:59","10","2028-02-01 18:16","24","",""
"SO_1281","임원항","2028-02-02","2028-02-02 06:20","22","2028-02-02 00:33","12","2028-02-02 18:43","26","2028-02-02 12:15","13"
"SO_1281","임원항","2028-02-03","2028-02-03 07:17","21","2028-02-03 01:37","13","2028-02-03 19:16","28","2028-02-03 12:29","17"
"SO_1281","임원항","2028-02-04","2028-02-04 10:43","21","2028-02-04 03:24","13","2028-02-04 19:59","30","2028-02-04 12:31","20"
"SO_1281","임원항","2028-02-05","2028-02-05 20:55","32","2028-02-05 04:46","13","","","",""
"SO_1281","임원항","2028-02-06","2028-02-06 22:06","33","2028-02-06 05:55","11","","","",""
"SO_1281","임원항","2028-02-07","2028-02-07 14:40","27","2028-02-07 06:57","8","2028-02-07 23:41","35","2028-02-07 17:57","26"
"SO_1281","임원항","2028-02-08","2028-02-08 15:00","27","2028-02-08 07:50","5","","","2028-02-08 19:08","24"
"SO_1281","임원항","2028-02-09","2028-02-09 01:02","36","2028-02-09 08:38","2","2028-02-09 15:24","27","2028-02-09 20:06","21"
"SO_1281","임원항","2028-02-10","2028-02-10 01:59","37","2028-02-10 09:21","-1","2028-02-10 15:48","26","2028-02-10 20:56","17"
"SO_1281","임원항","2028-02-11","2028-02-11 02:48","37","2028-02-11 10:01","-1","2028-02-11 16:14","26","2028-02-11 21:44","13"
"SO_1281","임원항","2028-02-12","2028-02-12 03:34","35","2028-02-12 10:38","","2028-02-12 16:40","26","2028-02-12 22:30","10"
"SO_1281","임원항","2028-02-13","2028-02-13 04:19","33","2028-02-13 11:12","3","2028-02-13 17:08","27","2028-02-13 23:17","8"
"SO_1281","임원항","2028-02-14","2028-02-14 05:07","30","2028-02-14 11:42","7","2028-02-14 17:38","28","",""
"SO_1281","임원항","2028-02-15","2028-02-15 05:59","27","2028-02-15 00:09","8","2028-02-15 18:11","30","2028-02-15 12:08","12"
"SO_1281","임원항","2028-02-16","2028-02-16 07:10","24","2028-02-16 01:12","9","2028-02-16 18:50","32","2028-02-16 12:30","17"
"SO_1281","임원항","2028-02-17","2028-02-17 19:36","33","2028-02-17 02:35","10","","","",""
"SO_1281","임원항","2028-02-18","2028-02-18 20:32","33","2028-02-18 04:02","11","","","",""
"SO_1281","임원항","2028-02-19","2028-02-19 21:42","33","2028-02-19 05:28","12","","","",""
"SO_1281","임원항","2028-02-20","2028-02-20 14:46","28","2028-02-20 06:43","11","2028-02-20 23:05","33","2028-02-20 17:26","27"
"SO_1281","임원항","2028-02-21","2028-02-21 15:02","28","2028-02-21 07:38","9","","","2028-02-21 18:35","25"
"SO_1281","임원항","2028-02-22","2028-02-22 00:25","32","2028-02-22 08:19","8","2028-02-22 15:14","26","2028-02-22 19:25","22"
"SO_1281","임원항","2028-02-23","2028-02-23 01:18","32","2028-02-23 08:51","6","2028-02-23 15:18","24","2028-02-23 20:05","18"
"SO_1281","임원항","2028-02-24","2028-02-24 01:58","30","2028-02-24 09:16","4","2028-02-24 15:23","23","2028-02-24 20:41","14"
"SO_1281","임원항","2028-02-25","2028-02-25 02:34","29","2028-02-25 09:37","3","2028-02-25 15:34","22","2028-02-25 21:15","11"
"SO_1281","임원항","2028-02-26","2028-02-26 03:07","27","2028-02-26 09:58","2","2028-02-26 15:52","21","2028-02-26 21:48","8"
"SO_1281","임원항","2028-02-27","2028-02-27 03:41","26","2028-02-27 10:18","3","2028-02-27 16:12","22","2028-02-27 22:21","7"
"SO_1281","임원항","2028-02-28","2028-02-28 04:15","24","2028-02-28 10:39","5","2028-02-28 16:34","23","2028-02-28 22:55","6"
"SO_1281","임원항","2028-02-29","2028-02-29 04:51","23","2028-02-29 11:00","8","2028-02-29 16:57","25","2028-02-29 23:31","7"
"SO_1281","임원항","2028-03-01","2028-03-01 05:31","23","2028-03-01 11:19","12","2028-03-01 17:22","27","",""
"SO_1281","임원항","2028-03-02","2028-03-02 06:19","22","2028-03-02 00:11","8","2028-03-02 17:52","29","2028-03-02 11:38","16"
"SO_1281","임원항","2028-03-03","2028-03-03 08:05","22","2028-03-03 01:05","10","2028-03-03 18:28","31","2028-03-03 11:53","20"
"SO_1281","임원항","2028-03-04","2028-03-04 19:14","32","2028-03-04 02:40","11","","","",""
"SO_1281","임원항","2028-03-05","2028-03-05 20:15","32","2028-03-05 04:15","11","","","",""
"SO_1281","임원항","2028-03-06","2028-03-06 13:50","26","2028-03-06 05:28","9","2028-03-06 21:36","31","2028-03-06 16:35","25"
"SO_1281","임원항","2028-03-07","2028-03-07 13:59","26","2028-03-07 06:30","6","2028-03-07 23:30","31","2028-03-07 17:55","23"
"SO_1281","임원항","2028-03-08","2028-03-08 14:18","25","2028-03-08 07:25","3","","","2028-03-08 19:00","19"
"SO_1281","임원항","2028-03-09","2028-03-09 00:53","31","2028-03-09 08:11","","2028-03-09 14:39","25","2028-03-09 19:56","14"
"SO_1281","임원항","2028-03-10","2028-03-10 01:50","31","2028-03-10 08:53","-1","2028-03-10 15:02","25","2028-03-10 20:47","9"
"SO_1281","임원항","2028-03-11","2028-03-11 02:40","31","2028-03-11 09:31","","2028-03-11 15:26","25","2028-03-11 21:35","5"
"SO_1281","임원항","2028-03-12","2028-03-12 03:28","29","2028-03-12 10:05","3","2028-03-12 15:53","27","2028-03-12 22:21","3"
"SO_1281","임원항","2028-03-13","2028-03-13 04:17","28","2028-03-13 10:35","7","2028-03-13 16:21","29","2028-03-13 23:08","2"
"SO_1281","임원항","2028-03-14","2028-03-14 05:10","26","2028-03-14 11:02","12","2028-03-14 16:52","31","2028-03-14 23:59","3"
"SO_1281","임원항","2028-03-15","2028-03-15 06:18","24","2028-03-15 11:25","17","2028-03-15 17:26","33","",""
"SO_1281","임원항","2028-03-16","2028-03-16 08:23","23","2028-03-16 00:58","6","2028-03-16 18:04","34","2028-03-16 11:38","21"
"SO_1281","임원항","2028-03-17","2028-03-17 18:51","34","2028-03-17 02:14","9","","","",""
"SO_1281","임원항","2028-03-18","2028-03-18 19:52","33","2028-03-18 03:36","11","","","",""
"SO_1281","임원항","2028-03-19","2028-03-19 14:01","28","2028-03-19 04:56","11","2028-03-19 21:13","31","2028-03-19 16:07","27"
"SO_1281","임원항","2028-03-20","2028-03-20 14:08","27","2028-03-20 06:10","11","2028-03-20 22:45","29","2028-03-20 17:34","25"
"SO_1281","임원항","2028-03-21","2028-03-21 14:20","26","2028-03-21 07:05","9","","","2028-03-21 18:39","21"
"SO_1281","임원항","2028-03-22","2028-03-22 00:06","27","2028-03-22 07:44","7","2028-03-22 14:27","24","2028-03-22 19:24","17"
"SO_1281","임원항","2028-03-23","2028-03-23 00:59","25","2028-03-23 08:11","5","2028-03-23 14:27","22","2028-03-23 19:58","13"
"SO_1281","임원항","2028-03-24","2028-03-24 01:40","24","2028-03-24 08:33","4","2028-03-24 14:34","21","2028-03-24 20:30","9"
"SO_1281","임원항","2028-03-25","2028-03-25 02:17","23","2028-03-25 08:54","4","2028-03-25 14:48","21","2028-03-25 21:01","6"
"SO_1281","임원항","2028-03-26","2028-03-26 02:53","22","2028-03-26 09:15","5","2028-03-26 15:06","22","2028-03-26 21:33","4"
"SO_1281","임원항","2028-03-27","2028-03-27 03:29","22","2028-03-27 09:38","7","2028-03-27 15:26","24","2028-03-27 22:06","3"
"SO_1281","임원항","2028-03-28","2028-03-28 04:08","22","2028-03-28 10:01","10","2028-03-28 15:49","27","2028-03-28 22:40","4"
"SO_1281","임원항","2028-03-29","2028-03-29 04:49","23","2028-03-29 10:25","14","2028-03-29 16:15","29","2028-03-29 23:17","5"
"SO_1281","임원항","2028-03-30","2028-03-30 05:38","23","2028-03-30 10:49","18","2028-03-30 16:45","32","",""
"SO_1281","임원항","2028-03-31","2028-03-31 07:21","23","2028-03-31 00:00","7","2028-03-31 17:19","33","2028-03-31 11:12","21"
"SO_1281","임원항","2028-04-01","2028-04-01 18:00","34","2028-04-01 00:56","9","","","",""
"SO_1281","임원항","2028-04-02","2028-04-02 18:51","33","2028-04-02 02:24","10","","","",""
"SO_1281","임원항","2028-04-03","2028-04-03 19:57","32","2028-04-03 03:51","10","","","",""
"SO_1281","임원항","2028-04-04","2028-04-04 12:54","26","2028-04-04 05:00","8","2028-04-04 21:27","30","2028-04-04 16:37","23"
"SO_1281","임원항","2028-04-05","2028-04-05 13:12","25","2028-04-05 05:59","6","2028-04-05 23:22","28","2028-04-05 17:47","19"
"SO_1281","임원항","2028-04-06","2028-04-06 13:32","25","2028-04-06 06:52","4","","","2028-04-06 18:49","14"
"SO_1281","임원항","2028-04-07","2028-04-07 00:44","28","2028-04-07 07:38","4","2028-04-07 13:53","25","2028-04-07 19:46","9"
"SO_1281","임원항","2028-04-08","2028-04-08 01:45","28","2028-04-08 08:20","5","2028-04-08 14:15","26","2028-04-08 20:38","5"
"SO_1281","임원항","2028-04-09","2028-04-09 02:39","27","2028-04-09 08:57","8","2028-04-09 14:41","29","2028-04-09 21:26","2"
"SO_1281","임원항","2028-04-10","2028-04-10 03:32","27","2028-04-10 09:30","11","2028-04-10 15:10","32","2028-04-10 22:12","1"
"SO_1281","임원항","2028-04-11","2028-04-11 04:29","26","2028-04-11 09:59","16","2028-04-11 15:41","35","2028-04-11 22:59","2"
"SO_1281","임원항","2028-04-12","2028-04-12 05:40","26","2028-04-12 10:25","20","2028-04-12 16:15","37","2028-04-12 23:47","5"
"SO_1281","임원항","2028-04-13","2028-04-13 07:24","27","2028-04-13 10:47","24","2028-04-13 16:52","38","",""
"SO_1281","임원항","2028-04-14","2028-04-14 08:51","27","2028-04-14 00:43","8","2028-04-14 17:33","38","2028-04-14 11:02","26"
"SO_1281","임원항","2028-04-15","2028-04-15 18:19","36","2028-04-15 01:51","11","","","",""
"SO_1281","임원항","2028-04-16","2028-04-16 19:19","33","2028-04-16 03:05","13","","","",""
"SO_1281","임원항","2028-04-17","2028-04-17 13:12","29","2028-04-17 04:15","13","2028-04-17 20:43","30","2028-04-17 16:06","27"
"SO_1281","임원항","2028-04-18","2028-04-18 13:23","28","2028-04-18 05:18","12","2028-04-18 22:15","27","2028-04-18 17:27","24"
"SO_1281","임원항","2028-04-19","2028-04-19 13:31","26","2028-04-19 06:09","11","2028-04-19 23:36","25","2028-04-19 18:31","20"
"SO_1281","임원항","2028-04-20","2028-04-20 13:31","25","2028-04-20 06:46","10","","","2028-04-20 19:12","16"
"SO_1281","임원항","2028-04-21","2028-04-21 00:37","23","2028-04-21 07:14","9","2028-04-21 13:32","24","2028-04-21 19:43","12"
"SO_1281","임원항","2028-04-22","2028-04-22 01:24","22","2028-04-22 07:39","10","2028-04-22 13:44","24","2028-04-22 20:12","9"
"SO_1281","임원항","2028-04-23","2028-04-23 02:05","22","2028-04-23 08:04","11","2028-04-23 14:00","26","2028-04-23 20:44","7"
"SO_1281","임원항","2028-04-24","2028-04-24 02:46","23","2028-04-24 08:30","13","2028-04-24 14:21","29","2028-04-24 21:17","6"
"SO_1281","임원항","2028-04-25","2028-04-25 03:29","25","2028-04-25 08:58","16","2028-04-25 14:45","32","2028-04-25 21:52","6"
"SO_1281","임원항","2028-04-26","2028-04-26 04:15","26","2028-04-26 09:27","20","2028-04-26 15:13","35","2028-04-26 22:30","7"
"SO_1281","임원항","2028-04-27","2028-04-27 05:10","27","2028-04-27 09:57","23","2028-04-27 15:45","37","2028-04-27 23:12","9"
"SO_1281","임원항","2028-04-28","2028-04-28 07:01","29","2028-04-28 10:26","26","2028-04-28 16:22","39","2028-04-28 23:59","11"
"SO_1281","임원항","2028-04-29","2028-04-29 08:32","30","2028-04-29 10:58","28","2028-04-29 17:02","40","",""
"SO_1281","임원항","2028-04-30","2028-04-30 17:49","39","2028-04-30 00:59","12","","","",""
"SO_1281","임원항","2028-05-01","2028-05-01 18:44","37","2028-05-01 02:14","13","","","",""
"SO_1281","임원항","2028-05-02","2028-05-02 11:27","30","2028-05-02 03:26","13","2028-05-02 19:53","34","2028-05-02 14:57","28"
"SO_1281","임원항","2028-05-03","2028-05-03 11:56","29","2028-05-03 04:27","12","2028-05-03 21:24","32","2028-05-03 16:26","25"
"SO_1281","임원항","2028-05-04","2028-05-04 12:18","29","2028-05-04 05:22","12","2028-05-04 23:15","30","2028-05-04 17:35","20"
"SO_1281","임원항","2028-05-05","2028-05-05 12:39","30","2028-05-05 06:12","13","","","2028-05-05 18:39","16"
"SO_1281","임원항","2028-05-06","2028-05-06 00:45","30","2028-05-06 06:59","15","2028-05-06 13:01","32","2028-05-06 19:38","12"
"SO_1281","임원항","2028-05-07","2028-05-07 01:55","30","2028-05-07 07:41","18","2028-05-07 13:28","35","2028-05-07 20:30","9"
"SO_1281","임원항","2028-05-08","2028-05-08 02:56","31","2028-05-08 08:19","21","2028-05-08 14:00","38","2028-05-08 21:19","8"
"SO_1281","임원항","2028-05-09","2028-05-09 03:58","32","2028-05-09 08:53","25","2028-05-09 14:34","41","2028-05-09 22:04","8"
"SO_1281","임원항","2028-05-10","2028-05-10 05:07","33","2028-05-10 09:24","28","2028-05-10 15:11","44","2028-05-10 22:49","10"
"SO_1281","임원항","2028-05-11","2028-05-11 06:26","33","2028-05-11 09:53","31","2028-05-11 15:50","46","2028-05-11 23:35","12"
"SO_1281","임원항","2028-05-12","2028-05-12 07:34","34","2028-05-12 10:22","32","2028-05-12 16:31","46","",""
"SO_1281","임원항","2028-05-13","2028-05-13 08:36","34","2028-05-13 00:25","15","2028-05-13 17:13","44","2028-05-13 10:51","33"
"SO_1281","임원항","2028-05-14","2028-05-14 17:58","41","2028-05-14 01:23","17","","","",""
"SO_1281","임원항","2028-05-15","2028-05-15 18:48","38","2028-05-15 02:26","19","","","",""
"SO_1281","임원항","2028-05-16","2028-05-16 11:56","33","2028-05-16 03:25","19","2028-05-16 19:59","34","2028-05-16 15:40","31"
"SO_1281","임원항","2028-05-17","2028-05-17 12:09","32","2028-05-17 04:16","19","2028-05-17 21:33","30","2028-05-17 16:55","28"
"SO_1281","임원항","2028-05-18","2028-05-18 12:12","32","2028-05-18 04:59","19","2028-05-18 23:01","28","2028-05-18 17:55","25"
"SO_1281","임원항","2028-05-19","2028-05-19 12:18","32","2028-05-19 05:35","19","","","2028-05-19 18:39","22"
"SO_1281","임원항","2028-05-20","2028-05-20 00:15","28","2028-05-20 06:07","20","2028-05-20 12:31","33","2028-05-20 19:14","19"
"SO_1281","임원항","2028-05-21","2028-05-21 01:16","28","2028-05-21 06:37","22","2028-05-21 12:49","34","2028-05-21 19:48","17"
"SO_1281","임원항","2028-05-22","2028-05-22 02:09","30","2028-05-22 07:08","25","2028-05-22 13:11","37","2028-05-22 20:24","16"
"SO_1281","임원항","2028-05-23","2028-05-23 02:57","32","2028-05-23 07:42","28","2028-05-23 13:39","41","2028-05-23 21:02","15"
"SO_1281","임원항","2028-05-24","2028-05-24 03:47","34","2028-05-24 08:19","30","2028-05-24 14:11","44","2028-05-24 21:43","15"
"SO_1281","임원항","2028-05-25","2028-05-25 04:42","36","2028-05-25 08:58","33","2028-05-25 14:49","47","2028-05-25 22:25","16"
"SO_1281","임원항","2028-05-26","2028-05-26 05:59","37","2028-05-26 09:37","35","2028-05-26 15:30","49","2028-05-26 23:10","16"
"SO_1281","임원항","2028-05-27","2028-05-27 07:25","38","2028-05-27 10:18","36","2028-05-27 16:13","50","2028-05-27 23:58","17"
"SO_1281","임원항","2028-05-28","2028-05-28 08:21","38","2028-05-28 11:01","37","2028-05-28 16:59","49","",""
"SO_1281","임원항","2028-05-29","2028-05-29 09:08","38","2028-05-29 00:52","18","2028-05-29 17:48","47","2028-05-29 11:54","36"
"SO_1281","임원항","2028-05-30","2028-05-30 09:49","38","2028-05-30 01:52","20","2028-05-30 18:43","44","2028-05-30 13:06","35"
"SO_1281","임원항","2028-05-31","2028-05-31 10:21","38","2028-05-31 02:53","21","2028-05-31 19:50","41","2028-05-31 14:45","33"
"SO_1281","임원항","2028-06-01","2028-06-01 10:48","38","2028-06-01 03:48","23","2028-06-01 21:22","38","2028-06-01 16:12","30"
"SO_1281","임원항","2028-06-02","2028-06-02 11:10","39","2028-06-02 04:39","25","2028-06-02 23:28","37","2028-06-02 17:24","27"
"SO_1281","임원항","2028-06-03","2028-06-03 11:36","42","2028-06-03 05:26","28","","","2028-06-03 18:32","23"
"SO_1281","임원항","2028-06-04","2028-06-04 01:17","38","2028-06-04 06:12","31","2028-06-04 12:08","45","2028-06-04 19:32","21"
"SO_1281","임원항","2028-06-05","2028-06-05 02:32","39","2028-06-05 06:57","34","2028-06-05 12:45","48","2028-06-05 20:25","20"
"SO_1281","임원항","2028-06-06","2028-06-06 03:33","41","2028-06-06 07:38","37","2028-06-06 13:26","51","2028-06-06 21:12","19"
"SO_1281","임원항","2028-06-07","2028-06-07 04:29","42","2028-06-07 08:17","39","2028-06-07 14:10","54","2028-06-07 21:56","20"
"SO_1281","임원항","2028-06-08","2028-06-08 05:22","43","2028-06-08 08:54","41","2028-06-08 14:53","55","2028-06-08 22:38","21"
"SO_1281","임원항","2028-06-09","2028-06-09 06:12","43","2028-06-09 09:30","41","2028-06-09 15:35","56","2028-06-09 23:19","23"
"SO_1281","임원항","2028-06-10","2028-06-10 06:58","43","2028-06-10 10:08","41","2028-06-10 16:17","54","",""
"SO_1281","임원항","2028-06-11","2028-06-11 07:42","42","2028-06-11 00:01","24","2028-06-11 16:57","52","2028-06-11 10:48","40"
"SO_1281","임원항","2028-06-12","2028-06-12 08:25","41","2028-06-12 00:44","26","2028-06-12 17:37","49","2028-06-12 11:35","40"
"SO_1281","임원항","2028-06-13","2028-06-13 09:05","41","2028-06-13 01:31","27","2028-06-13 18:17","45","2028-06-13 12:46","39"
"SO_1281","임원항","2028-06-14","2028-06-14 09:42","40","2028-06-14 02:20","28","2028-06-14 19:07","41","2028-06-14 14:49","38"
"SO_1281","임원항","2028-06-15","2028-06-15 10:12","41","2028-06-15 03:07","29","2028-06-15 20:39","38","2028-06-15 16:06","35"
"SO_1281","임원항","2028-06-16","2028-06-16 10:38","41","2028-06-16 03:49","30","2028-06-16 22:28","37","2028-06-16 17:04","33"
"SO_1281","임원항","2028-06-17","2028-06-17 11:01","43","2028-06-17 04:25","32","","","2028-06-17 17:54","31"
"SO_1281","임원항","2028-06-18","2028-06-18 00:07","37","2028-06-18 04:58","35","2028-06-18 11:23","45","2028-06-18 18:39","29"
"SO_1281","임원항","2028-06-19","2028-06-19 01:36","39","2028-06-19 05:31","37","2028-06-19 11:49","48","2028-06-19 19:22","28"
"SO_1281","임원항","2028-06-20","2028-06-20 02:32","41","2028-06-20 06:09","40","2028-06-20 12:22","51","2028-06-20 20:05","27"
"SO_1281","임원항","2028-06-21","2028-06-21 03:16","44","2028-06-21 06:55","42","2028-06-21 13:03","54","2028-06-21 20:49","25"
"SO_1281","임원항","2028-06-22","2028-06-22 03:57","45","2028-06-22 07:48","43","2028-06-22 13:50","57","2028-06-22 21:33","24"
"SO_1281","임원항","2028-06-23","2028-06-23 04:39","46","2028-06-23 08:39","44","2028-06-23 14:38","59","2028-06-23 22:17","24"
"SO_1281","임원항","2028-06-24","2028-06-24 05:27","47","2028-06-24 09:27","44","2028-06-24 15:24","60","2028-06-24 23:01","24"
"SO_1281","임원항","2028-06-25","2028-06-25 06:24","47","2028-06-25 10:15","43","2028-06-25 16:10","59","2028-06-25 23:45","24"
"SO_1281","임원항","2028-06-26","2028-06-26 07:19","46","2028-06-26 11:04","42","2028-06-26 16:56","58","",""
"SO_1281","임원항","2028-06-27","2028-06-27 07:57","46","2028-06-27 00:30","26","2028-06-27 17:44","55","2028-06-27 11:57","41"
"SO_1281","임원항","2028-06-28","2028-06-28 08:27","46","2028-06-28 01:17","28","2028-06-28 18:39","51","2028-06-28 13:03","40"
"SO_1281","임원항","2028-06-29","2028-06-29 08:52","47","2028-06-29 02:06","31","2028-06-29 19:48","48","2028-06-29 14:33","38"
"SO_1281","임원항","2028-06-30","2028-06-30 09:21","49","2028-06-30 02:57","35","2028-06-30 21:39","46","2028-06-30 16:01","36"
"SO_1281","임원항","2028-07-01","2028-07-01 09:55","51","2028-07-01 03:48","39","","","2028-07-01 17:18","34"
"SO_1281","임원항","2028-07-02","2028-07-02 00:36","46","2028-07-02 04:37","43","2028-07-02 10:36","54","2028-07-02 18:28","33"
"SO_1281","임원항","2028-07-03","2028-07-03 02:06","48","2028-07-03 05:25","46","2028-07-03 11:23","57","2028-07-03 19:29","31"
"SO_1281","임원항","2028-07-04","2028-07-04 03:03","50","2028-07-04 06:15","48","2028-07-04 12:17","59","2028-07-04 20:20","31"
"SO_1281","임원항","2028-07-05","2028-07-05 03:45","51","2028-07-05 07:04","49","2028-07-05 13:11","61","2028-07-05 21:06","30"
"SO_1281","임원항","2028-07-06","2028-07-06 04:18","51","2028-07-06 07:50","49","2028-07-06 14:00","63","2028-07-06 21:46","30"
"SO_1281","임원항","2028-07-07","2028-07-07 04:41","50","2028-07-07 08:35","48","2028-07-07 14:44","63","2028-07-07 22:23","30"
"SO_1281","임원항","2028-07-08","2028-07-08 04:59","49","2028-07-08 09:17","46","2028-07-08 15:24","62","2028-07-08 22:56","30"
"SO_1281","임원항","2028-07-09","2028-07-09 05:19","48","2028-07-09 09:57","44","2028-07-09 16:01","59","2028-07-09 23:27","31"
"SO_1281","임원항","2028-07-10","2028-07-10 05:48","47","2028-07-10 10:37","43","2028-07-10 16:38","56","2028-07-10 23:57","32"
"SO_1281","임원항","2028-07-11","2028-07-11 06:26","47","2028-07-11 11:20","42","2028-07-11 17:13","53","",""
"SO_1281","임원항","2028-07-12","2028-07-12 07:13","47","2028-07-12 00:25","33","2028-07-12 17:50","50","2028-07-12 12:07","42"
"SO_1281","임원항","2028-07-13","2028-07-13 07:59","47","2028-07-13 00:53","35","2028-07-13 18:32","47","2028-07-13 13:16","41"
"SO_1281","임원항","2028-07-14","2028-07-14 08:36","48","2028-07-14 01:16","37","2028-07-14 19:40","45","2028-07-14 15:03","41"
"SO_1281","임원항","2028-07-15","2028-07-15 09:06","49","2028-07-15 01:31","40","2028-07-15 22:15","45","2028-07-15 16:13","40"
"SO_1281","임원항","2028-07-16","2028-07-16 09:32","52","2028-07-16 01:34","43","","","2028-07-16 17:11","39"
"SO_1281","임원항","2028-07-17","2028-07-17 10:03","54","2028-07-17 18:05","37","","","",""
"SO_1281","임원항","2028-07-18","2028-07-18 10:45","57","2028-07-18 18:57","35","","","",""
"SO_1281","임원항","2028-07-19","2028-07-19 11:41","59","2028-07-19 19:47","33","","","",""
"SO_1281","임원항","2028-07-20","2028-07-20 03:03","51","2028-07-20 06:30","50","2028-07-20 12:44","62","2028-07-20 20:34","31"
"SO_1281","임원항","2028-07-21","2028-07-21 03:30","52","2028-07-21 07:33","49","2028-07-21 13:41","63","2028-07-21 21:18","29"
"SO_1281","임원항","2028-07-22","2028-07-22 04:00","52","2028-07-22 08:30","47","2028-07-22 14:31","64","2028-07-22 22:01","27"
"SO_1281","임원항","2028-07-23","2028-07-23 04:31","51","2028-07-23 09:21","45","2028-07-23 15:18","64","2028-07-23 22:42","27"
"SO_1281","임원항","2028-07-24","2028-07-24 05:02","51","2028-07-24 10:10","43","2028-07-24 16:03","62","2028-07-24 23:21","28"
"SO_1281","임원항","2028-07-25","2028-07-25 05:34","51","2028-07-25 10:59","41","2028-07-25 16:50","60","2028-07-25 23:58","31"
"SO_1281","임원항","2028-07-26","2028-07-26 06:07","51","2028-07-26 11:52","40","2028-07-26 17:39","57","",""
"SO_1281","임원항","2028-07-27","2028-07-27 06:43","52","2028-07-27 00:36","35","2028-07-27 18:37","53","2028-07-27 12:55","39"
"SO_1281","임원항","2028-07-28","2028-07-28 07:24","54","2028-07-28 01:14","39","2028-07-28 20:05","51","2028-07-28 14:22","39"
"SO_1281","임원항","2028-07-29","2028-07-29 08:10","56","2028-07-29 01:57","44","2028-07-29 23:16","50","2028-07-29 15:51","39"
"SO_1281","임원항","2028-07-30","2028-07-30 09:01","59","2028-07-30 02:55","48","","","2028-07-30 17:11","38"
"SO_1281","임원항","2028-07-31","2028-07-31 01:32","52","2028-07-31 04:03","51","2028-07-31 09:57","60","2028-07-31 18:24","37"
"SO_1281","임원항","2028-08-01","2028-08-01 02:23","54","2028-08-01 05:05","53","2028-08-01 11:01","62","2028-08-01 19:25","36"
"SO_1281","임원항","2028-08-02","2028-08-02 02:56","54","2028-08-02 06:01","53","2028-08-02 12:10","63","2028-08-02 20:14","35"
"SO_1281","임원항","2028-08-03","2028-08-03 03:20","54","2028-08-03 06:54","51","2028-08-03 13:08","63","2028-08-03 20:56","34"
"SO_1281","임원항","2028-08-04","2028-08-04 03:36","52","2028-08-04 07:41","49","2028-08-04 13:54","63","2028-08-04 21:30","33"
"SO_1281","임원항","2028-08-05","2028-08-05 03:46","51","2028-08-05 08:24","46","2028-08-05 14:33","61","2028-08-05 21:59","32"
"SO_1281","임원항","2028-08-06","2028-08-06 03:58","49","2028-08-06 09:05","43","2028-08-06 15:09","59","2028-08-06 22:25","31"
"SO_1281","임원항","2028-08-07","2028-08-07 04:17","48","2028-08-07 09:44","40","2028-08-07 15:44","57","2028-08-07 22:48","31"
"SO_1281","임원항","2028-08-08","2028-08-08 04:41","48","2028-08-08 10:21","39","2028-08-08 16:18","54","2028-08-08 23:10","32"
"SO_1281","임원항","2028-08-09","2028-08-09 05:07","48","2028-08-09 10:58","38","2028-08-09 16:53","52","2028-08-09 23:31","34"
"SO_1281","임원항","2028-08-10","2028-08-10 05:34","48","2028-08-10 11:36","38","2028-08-10 17:30","50","2028-08-10 23:50","37"
"SO_1281","임원항","2028-08-11","2028-08-11 06:00","49","2028-08-11 12:21","39","2028-08-11 18:12","48","",""
"SO_1281","임원항","2028-08-12","2028-08-12 06:29","51","2028-08-12 00:06","40","2028-08-12 19:21","47","2028-08-12 13:30","40"
"SO_1281","임원항","2028-08-13","2028-08-13 07:03","53","2028-08-13 00:19","44","","","2028-08-13 15:23","40"
"SO_1281","임원항","2028-08-14","2028-08-14 07:48","54","2028-08-14 16:35","39","","","",""
"SO_1281","임원항","2028-08-15","2028-08-15 08:46","56","2028-08-15 17:37","37","","","",""
"SO_1281","임원항","2028-08-16","2028-08-16 09:56","57","2028-08-16 18:34","35","","","",""
"SO_1281","임원항","2028-08-17","2028-08-17 02:06","51","2028-08-17 05:27","49","2028-08-17 11:21","58","2028-08-17 19:26","31"
"SO_1281","임원항","2028-08-18","2028-08-18 02:27","50","2028-08-18 06:28","47","2028-08-18 12:37","59","2028-08-18 20:12","28"
"SO_1281","임원항","2028-08-19","2028-08-19 02:50","50","2028-08-19 07:27","44","2028-08-19 13:34","60","2028-08-19 20:56","26"
"SO_1281","임원항","2028-08-20","2028-08-20 03:16","49","2028-08-20 08:22","40","2028-08-20 14:24","60","2028-08-20 21:37","25"
"SO_1281","임원항","2028-08-21","2028-08-21 03:43","48","2028-08-21 09:13","37","2028-08-21 15:11","59","2028-08-21 22:15","25"
"SO_1281","임원항","2028-08-22","2028-08-22 04:10","49","2028-08-22 10:02","34","2028-08-22 15:57","57","2028-08-22 22:50","28"
"SO_1281","임원항","2028-08-23","2028-08-23 04:40","50","2028-08-23 10:51","32","2028-08-23 16:45","54","2028-08-23 23:24","32"
"SO_1281","임원항","2028-08-24","2028-08-24 05:12","51","2028-08-24 11:43","32","2028-08-24 17:39","51","2028-08-24 23:55","37"
"SO_1281","임원항","2028-08-25","2028-08-25 05:48","53","2028-08-25 12:46","33","2028-08-25 18:55","49","",""
"SO_1281","임원항","2028-08-26","2028-08-26 06:29","55","2028-08-26 00:26","42","2028-08-26 21:32","48","2028-08-26 14:10","34"
"SO_1281","임원항","2028-08-27","2028-08-27 07:20","56","2028-08-27 00:58","46","","","2028-08-27 15:39","35"
"SO_1281","임원항","2028-08-28","2028-08-28 08:23","57","2028-08-28 17:00","35","","","",""
"SO_1281","임원항","2028-08-29","2028-08-29 01:36","51","2028-08-29 04:01","50","2028-08-29 09:36","57","2028-08-29 18:14","34"
"SO_1281","임원항","2028-08-30","2028-08-30 02:02","51","2028-08-30 05:10","49","2028-08-30 10:56","57","2028-08-30 19:13","33"
"SO_1281","임원항","2028-08-31","2028-08-31 02:24","50","2028-08-31 06:06","46","2028-08-31 12:11","56","2028-08-31 19:59","31"
"SO_1281","임원항","2028-09-01","2028-09-01 02:40","48","2028-09-01 06:55","43","2028-09-01 13:04","55","2028-09-01 20:36","29"
"SO_1281","임원항","2028-09-02","2028-09-02 02:49","46","2028-09-02 07:38","39","2028-09-02 13:44","53","2028-09-02 21:04","27"
"SO_1281","임원항","2028-09-03","2028-09-03 02:56","44","2028-09-03 08:17","35","2028-09-03 14:20","51","2028-09-03 21:27","26"
"SO_1281","임원항","2028-09-04","2028-09-04 03:10","42","2028-09-04 08:54","32","2028-09-04 14:54","49","2028-09-04 21:47","26"
"SO_1281","임원항","2028-09-05","2028-09-05 03:28","42","2028-09-05 09:29","30","2028-09-05 15:28","47","2028-09-05 22:08","27"
"SO_1281","임원항","2028-09-06","2028-09-06 03:50","42","2028-09-06 10:03","28","2028-09-06 16:03","45","2028-09-06 22:29","29"
"SO_1281","임원항","2028-09-07","2028-09-07 04:13","43","2028-09-07 10:37","28","2028-09-07 16:39","44","2028-09-07 22:49","31"
"SO_1281","임원항","2028-09-08","2028-09-08 04:37","45","2028-09-08 11:13","29","2028-09-08 17:19","44","2028-09-08 23:09","35"
"SO_1281","임원항","2028-09-09","2028-09-09 05:02","46","2028-09-09 11:52","30","2028-09-09 18:09","43","2028-09-09 23:28","38"
"SO_1281","임원항","2028-09-10","2028-09-10 05:32","48","2028-09-10 12:45","32","2028-09-10 20:56","42","",""
"SO_1281","임원항","2028-09-11","2028-09-11 06:10","49","2028-09-11 00:00","41","","","2028-09-11 14:34","33"
"SO_1281","임원항","2028-09-12","2028-09-12 06:59","50","2028-09-12 16:04","32","","","",""
"SO_1281","임원항","2028-09-13","2028-09-13 08:05","50","2028-09-13 17:10","30","","","",""
"SO_1281","임원항","2028-09-14","2028-09-14 01:03","44","2028-09-14 04:29","42","2028-09-14 09:31","49","2028-09-14 18:07","27"
"SO_1281","임원항","2028-09-15","2028-09-15 01:22","43","2028-09-15 05:28","39","2028-09-15 11:13","49","2028-09-15 18:58","23"
"SO_1281","임원항","2028-09-16","2028-09-16 01:44","42","2028-09-16 06:24","35","2028-09-16 12:30","49","2028-09-16 19:45","21"
"SO_1281","임원항","2028-09-17","2028-09-17 02:07","41","2028-09-17 07:20","31","2028-09-17 13:27","49","2028-09-17 20:28","19"
"SO_1281","임원항","2028-09-18","2028-09-18 02:31","41","2028-09-18 08:14","26","2028-09-18 14:18","48","2028-09-18 21:08","20"
"SO_1281","임원항","2028-09-19","2028-09-19 02:57","42","2028-09-19 09:05","23","2028-09-19 15:07","47","2028-09-19 21:44","22"
"SO_1281","임원항","2028-09-20","2028-09-20 03:25","43","2028-09-20 09:54","20","2028-09-20 15:57","45","2028-09-20 22:19","25"
"SO_1281","임원항","2028-09-21","2028-09-21 03:56","45","2028-09-21 10:43","19","2028-09-21 16:52","44","2028-09-21 22:50","30"
"SO_1281","임원항","2028-09-22","2028-09-22 04:29","47","2028-09-22 11:34","20","2028-09-22 18:04","42","2028-09-22 23:20","34"
"SO_1281","임원항","2028-09-23","2028-09-23 05:06","49","2028-09-23 12:35","23","2028-09-23 20:13","42","2028-09-23 23:48","38"
"SO_1281","임원항","2028-09-24","2028-09-24 05:50","50","2028-09-24 13:53","25","2028-09-24 21:58","42","",""
"SO_1281","임원항","2028-09-25","2028-09-25 06:43","50","2028-09-25 00:16","41","","","2028-09-25 15:18","27"
"SO_1281","임원항","2028-09-26","2028-09-26 00:36","43","2028-09-26 02:23","42","2028-09-26 07:55","48","2028-09-26 16:37","27"
"SO_1281","임원항","2028-09-27","2028-09-27 01:02","43","2028-09-27 04:04","41","2028-09-27 09:18","47","2028-09-27 17:49","26"
"SO_1281","임원항","2028-09-28","2028-09-28 01:25","42","2028-09-28 05:14","38","2028-09-28 10:45","45","2028-09-28 18:47","24"
"SO_1281","임원항","2028-09-29","2028-09-29 01:44","40","2028-09-29 06:11","34","2028-09-29 12:01","43","2028-09-29 19:31","22"
"SO_1281","임원항","2028-09-30","2028-09-30 01:56","37","2028-09-30 06:58","29","2028-09-30 12:54","41","2028-09-30 20:03","21"
"SO_1281","임원항","2028-10-01","2028-10-01 02:01","35","2028-10-01 07:36","25","2028-10-01 13:33","39","2028-10-01 20:26","20"
"SO_1281","임원항","2028-10-02","2028-10-02 02:10","34","2028-10-02 08:10","22","2028-10-02 14:09","37","2028-10-02 20:47","19"
"SO_1281","임원항","2028-10-03","2028-10-03 02:24","34","2028-10-03 08:42","19","2028-10-03 14:44","36","2028-10-03 21:07","20"
"SO_1281","임원항","2028-10-04","2028-10-04 02:44","34","2028-10-04 09:14","17","2028-10-04 15:20","35","2028-10-04 21:29","22"
"SO_1281","임원항","2028-10-05","2028-10-05 03:05","36","2028-10-05 09:47","16","2028-10-05 15:58","35","2028-10-05 21:51","24"
"SO_1281","임원항","2028-10-06","2028-10-06 03:29","38","2028-10-06 10:21","17","2028-10-06 16:39","35","2028-10-06 22:15","27"
"SO_1281","임원항","2028-10-07","2028-10-07 03:55","40","2028-10-07 10:58","18","2028-10-07 17:27","35","2028-10-07 22:40","30"
"SO_1281","임원항","2028-10-08","2028-10-08 04:25","41","2028-10-08 11:38","20","2028-10-08 19:25","35","2028-10-08 23:06","32"
"SO_1281","임원항","2028-10-09","2028-10-09 05:00","42","2028-10-09 12:31","22","2028-10-09 21:10","35","2028-10-09 23:33","34"
"SO_1281","임원항","2028-10-10","2028-10-10 05:42","42","2028-10-10 14:00","22","","","",""
"SO_1281","임원항","2028-10-11","2028-10-11 06:34","41","2028-10-11 15:32","21","2028-10-11 23:36","35","",""
"SO_1281","임원항","2028-10-12","2028-10-12 07:42","40","2028-10-12 02:52","34","","","2028-10-12 16:37","19"
"SO_1281","임원항","2028-10-13","2028-10-13 00:11","34","2028-10-13 04:19","31","2028-10-13 09:14","38","2028-10-13 17:34","17"
"SO_1281","임원항","2028-10-14","2028-10-14 00:35","33","2028-10-14 05:19","27","2028-10-14 11:02","36","2028-10-14 18:25","15"
"SO_1281","임원항","2028-10-15","2028-10-15 00:57","32","2028-10-15 06:16","22","2028-10-15 12:23","36","2028-10-15 19:12","14"
"SO_1281","임원항","2028-10-16","2028-10-16 01:20","32","2028-10-16 07:13","17","2028-10-16 13:25","36","2028-10-16 19:56","15"
"SO_1281","임원항","2028-10-17","2028-10-17 01:46","34","2028-10-17 08:07","13","2028-10-17 14:20","36","2028-10-17 20:36","17"
"SO_1281","임원항","2028-10-18","2028-10-18 02:14","36","2028-10-18 08:58","10","2028-10-18 15:15","35","2028-10-18 21:13","20"
"SO_1281","임원항","2028-10-19","2028-10-19 02:45","38","2028-10-19 09:47","9","2028-10-19 16:13","35","2028-10-19 21:48","24"
"SO_1281","임원항","2028-10-20","2028-10-20 03:19","41","2028-10-20 10:35","9","2028-10-20 17:23","35","2028-10-20 22:20","27"
"SO_1281","임원항","2028-10-21","2028-10-21 03:56","43","2028-10-21 11:25","11","2028-10-21 19:00","35","2028-10-21 22:51","30"
"SO_1281","임원항","2028-10-22","2028-10-22 04:37","44","2028-10-22 12:21","14","2028-10-22 20:20","35","2028-10-22 23:22","32"
"SO_1281","임원항","2028-10-23","2028-10-23 05:23","43","2028-10-23 13:29","16","2028-10-23 21:38","34","",""
"SO_1281","임원항","2028-10-24","2028-10-24 06:16","41","2028-10-24 00:06","33","2028-10-24 23:16","34","2028-10-24 14:45","18"
"SO_1281","임원항","2028-10-25","2028-10-25 07:23","38","2028-10-25 02:10","33","","","2028-10-25 15:57","18"
"SO_1281","임원항","2028-10-26","2028-10-26 00:09","33","2028-10-26 03:51","30","2028-10-26 08:47","35","2028-10-26 17:01","18"
"SO_1281","임원항","2028-10-27","2028-10-27 00:37","31","2028-10-27 05:05","26","2028-10-27 10:15","32","2028-10-27 17:56","16"
"SO_1281","임원항","2028-10-28","2028-10-28 00:54","30","2028-10-28 06:07","22","2028-10-28 11:39","29","2028-10-28 18:39","15"
"SO_1281","임원항","2028-10-29","2028-10-29 01:03","28","2028-10-29 06:55","18","2028-10-29 12:41","27","2028-10-29 19:10","15"
"SO_1281","임원항","2028-10-30","2028-10-30 01:09","27","2028-10-30 07:30","14","2028-10-30 13:28","26","2028-10-30 19:35","15"
"SO_1281","임원항","2028-10-31","2028-10-31 01:22","27","2028-10-31 08:00","12","2028-10-31 14:08","26","2028-10-31 19:58","16"
"SO_1281","임원항","2028-11-01","2028-11-01 01:41","28","2028-11-01 08:30","10","2028-11-01 14:47","26","2028-11-01 20:24","18"
"SO_1281","임원항","2028-11-02","2028-11-02 02:02","30","2028-11-02 09:02","9","2028-11-02 15:27","27","2028-11-02 20:50","20"
"SO_1281","임원항","2028-11-03","2028-11-03 02:27","32","2028-11-03 09:36","8","2028-11-03 16:10","28","2028-11-03 21:19","22"
"SO_1281","임원항","2028-11-04","2028-11-04 02:56","35","2028-11-04 10:13","9","2028-11-04 16:59","29","2028-11-04 21:49","24"
"SO_1281","임원항","2028-11-05","2028-11-05 03:29","36","2028-11-05 10:52","10","2028-11-05 18:12","29","2028-11-05 22:21","26"
"SO_1281","임원항","2028-11-06","2028-11-06 04:05","37","2028-11-06 11:36","11","2028-11-06 19:49","29","2028-11-06 22:55","27"
"SO_1281","임원항","2028-11-07","2028-11-07 04:46","37","2028-11-07 12:28","12","2028-11-07 20:55","29","2028-11-07 23:36","27"
"SO_1281","임원항","2028-11-08","2028-11-08 05:31","36","2028-11-08 13:35","13","2028-11-08 21:50","28","",""
"SO_1281","임원항","2028-11-09","2028-11-09 06:24","34","2028-11-09 00:35","27","2028-11-09 22:36","27","2028-11-09 14:51","12"
"SO_1281","임원항","2028-11-10","2028-11-10 07:29","32","2028-11-10 02:24","25","2028-11-10 23:11","27","2028-11-10 15:55","12"
"SO_1281","임원항","2028-11-11","2028-11-11 08:55","29","2028-11-11 03:56","21","2028-11-11 23:38","26","2028-11-11 16:50","12"
"SO_1281","임원항","2028-11-12","2028-11-12 10:48","27","2028-11-12 05:04","17","","","2028-11-12 17:42","12"
"SO_1281","임원항","2028-11-13","2028-11-13 00:03","27","2028-11-13 06:07","13","2028-11-13 12:25","27","2028-11-13 18:32","14"
"SO_1281","임원항","2028-11-14","2028-11-14 00:29","29","2028-11-14 07:07","9","2028-11-14 13:39","27","2028-11-14 19:19","16"
"SO_1281","임원항","2028-11-15","2028-11-15 01:00","31","2028-11-15 08:03","6","2028-11-15 14:43","28","2028-11-15 20:03","19"
"SO_1281","임원항","2028-11-16","2028-11-16 01:35","34","2028-11-16 08:54","4","2028-11-16 15:44","29","2028-11-16 20:42","22"
"SO_1281","임원항","2028-11-17","2028-11-17 02:14","37","2028-11-17 09:42","3","2028-11-17 16:45","30","2028-11-17 21:18","24"
"SO_1281","임원항","2028-11-18","2028-11-18 02:55","40","2028-11-18 10:29","4","2028-11-18 17:50","30","2028-11-18 21:54","26"
"SO_1281","임원항","2028-11-19","2028-11-19 03:37","41","2028-11-19 11:15","6","2028-11-19 18:53","30","2028-11-19 22:28","27"
"SO_1281","임원항","2028-11-20","2028-11-20 04:20","41","2028-11-20 12:04","8","2028-11-20 19:48","29","2028-11-20 23:07","27"
"SO_1281","임원항","2028-11-21","2028-11-21 05:05","39","2028-11-21 12:57","10","2028-11-21 20:40","28","2028-11-21 23:57","26"
"SO_1281","임원항","2028-11-22","2028-11-22 05:53","36","2028-11-22 13:56","12","2028-11-22 21:33","27","",""
"SO_1281","임원항","2028-11-23","2028-11-23 06:45","31","2028-11-23 01:26","25","2028-11-23 22:23","26","2028-11-23 14:56","13"
"SO_1281","임원항","2028-11-24","2028-11-24 07:54","27","2028-11-24 03:14","23","2028-11-24 23:03","25","2028-11-24 15:51","13"
"SO_1281","임원항","2028-11-25","2028-11-25 09:25","23","2028-11-25 04:34","19","2028-11-25 23:30","24","2028-11-25 16:40","13"
"SO_1281","임원항","2028-11-26","2028-11-26 11:00","21","2028-11-26 05:42","16","2028-11-26 23:50","24","2028-11-26 17:22","13"
"SO_1281","임원항","2028-11-27","2028-11-27 12:35","20","2028-11-27 06:35","13","","","2028-11-27 17:58","14"
"SO_1281","임원항","2028-11-28","2028-11-28 00:10","25","2028-11-28 07:13","10","2028-11-28 13:43","20","2028-11-28 18:32","16"
"SO_1281","임원항","2028-11-29","2028-11-29 00:32","26","2028-11-29 07:44","8","2028-11-29 14:31","22","2028-11-29 19:05","18"
"SO_1281","임원항","2028-11-30","2028-11-30 00:57","28","2028-11-30 08:17","7","2028-11-30 15:11","23","2028-11-30 19:39","20"
"SO_1281","임원항","2028-12-01","2028-12-01 01:26","30","2028-12-01 08:53","6","2028-12-01 15:50","25","2028-12-01 20:15","21"
"SO_1281","임원항","2028-12-02","2028-12-02 02:00","33","2028-12-02 09:30","5","2028-12-02 16:31","26","2028-12-02 20:53","22"
"SO_1281","임원항","2028-12-03","2028-12-03 02:37","35","2028-12-03 10:09","5","2028-12-03 17:16","27","2028-12-03 21:31","23"
"SO_1281","임원항","2028-12-04","2028-12-04 03:17","37","2028-12-04 10:50","5","2028-12-04 18:10","27","2028-12-04 22:11","23"
"SO_1281","임원항","2028-12-05","2028-12-05 03:59","37","2028-12-05 11:32","5","2028-12-05 19:13","26","2028-12-05 22:52","23"
"SO_1281","임원항","2028-12-06","2028-12-06 04:42","36","2028-12-06 12:17","6","2028-12-06 20:06","26","2028-12-06 23:39","22"
"SO_1281","임원항","2028-12-07","2028-12-07 05:27","34","2028-12-07 13:06","7","2028-12-07 20:47","25","",""
"SO_1281","임원항","2028-12-08","2028-12-08 06:17","31","2028-12-08 00:36","21","2028-12-08 21:21","24","2028-12-08 14:00","8"
"SO_1281","임원항","2028-12-09","2028-12-09 07:17","28","2028-12-09 01:56","19","2028-12-09 21:49","25","2028-12-09 14:57","10"
"SO_1281","임원항","2028-12-10","2028-12-10 08:37","25","2028-12-10 03:29","16","2028-12-10 22:18","26","2028-12-10 15:53","13"
"SO_1281","임원항","2028-12-11","2028-12-11 10:47","23","2028-12-11 04:48","13","2028-12-11 22:52","28","2028-12-11 16:48","15"
"SO_1281","임원항","2028-12-12","2028-12-12 13:00","24","2028-12-12 06:00","10","2028-12-12 23:32","30","2028-12-12 17:43","19"
"SO_1281","임원항","2028-12-13","2028-12-13 14:19","26","2028-12-13 07:05","7","","","2028-12-13 18:37","21"
"SO_1281","임원항","2028-12-14","2028-12-14 00:18","33","2028-12-14 08:02","5","2028-12-14 15:18","28","2028-12-14 19:28","24"
"SO_1281","임원항","2028-12-15","2028-12-15 01:07","36","2028-12-15 08:52","4","2028-12-15 16:08","29","2028-12-15 20:13","25"
"SO_1281","임원항","2028-12-16","2028-12-16 01:55","39","2028-12-16 09:38","3","2028-12-16 16:50","29","2028-12-16 20:54","25"
"SO_1281","임원항","2028-12-17","2028-12-17 02:42","40","2028-12-17 10:21","4","2028-12-17 17:27","29","2028-12-17 21:33","24"
"SO_1281","임원항","2028-12-18","2028-12-18 03:26","40","2028-12-18 11:01","5","2028-12-18 17:58","28","2028-12-18 22:12","23"
"SO_1281","임원항","2028-12-19","2028-12-19 04:08","39","2028-12-19 11:40","6","2028-12-19 18:29","27","2028-12-19 22:53","22"
"SO_1281","임원항","2028-12-20","2028-12-20 04:49","36","2028-12-20 12:17","7","2028-12-20 19:07","25","2028-12-20 23:39","21"
"SO_1281","임원항","2028-12-21","2028-12-21 05:29","32","2028-12-21 12:56","9","2028-12-21 19:52","24","",""
"SO_1281","임원항","2028-12-22","2028-12-22 06:10","28","2028-12-22 00:37","20","2028-12-22 20:37","24","2028-12-22 13:36","10"
"SO_1281","임원항","2028-12-23","2028-12-23 06:57","24","2028-12-23 02:09","18","2028-12-23 21:19","24","2028-12-23 14:21","12"
"SO_1281","임원항","2028-12-24","2028-12-24 08:17","20","2028-12-24 03:38","17","2028-12-24 21:56","24","2028-12-24 15:08","14"
"SO_1281","임원항","2028-12-25","2028-12-25 10:16","18","2028-12-25 04:49","15","2028-12-25 22:29","25","2028-12-25 15:56","16"
"SO_1281","임원항","2028-12-26","2028-12-26 14:00","19","2028-12-26 05:49","13","2028-12-26 23:01","26","2028-12-26 16:41","18"
"SO_1281","임원항","2028-12-27","2028-12-27 14:50","21","2028-12-27 06:40","11","2028-12-27 23:34","28","2028-12-27 17:25","20"
"SO_1281","임원항","2028-12-28","2028-12-28 15:15","23","2028-12-28 07:21","9","","","2028-12-28 18:10","22"
"SO_1281","임원항","2028-12-29","2028-12-29 00:13","31","2028-12-29 08:01","8","2028-12-29 15:32","25","2028-12-29 18:59","23"
"SO_1281","임원항","2028-12-30","2028-12-30 00:57","33","2028-12-30 08:40","6","2028-12-30 15:52","26","2028-12-30 19:48","23"
"SO_1281","임원항","2028-12-31","2028-12-31 01:43","35","2028-12-31 09:20","4","2028-12-31 16:19","26","2028-12-31 20:35","23"