관측소코드,관측소명,날짜시간,조위(cm),고저구분
"SO_0564","국화도","2027-12-31 00:48","149","고조"
"SO_0564","국화도","2027-12-31 06:26","690","저조"
"SO_0564","국화도","2027-12-31 06:27","690","저조"
"SO_0564","국화도","2027-12-31 12:38","74","고조"
"SO_0564","국화도","2027-12-31 18:49","766","저조"
"SO_0564","국화도","2028-01-09 00:00","93","고조"
"SO_0564","국화도","2028-01-09 00:00","128","고조"
"SO_0564","국화도","2028-01-09 00:00","772","저조"
"SO_0564","국화도","2028-01-09 00:00","790","저조"
"SO_0564","국화도","2028-01-10 00:00","112","고조"
"SO_0564","국화도","2028-01-09 00:00","772","저조"
"SO_0564","국화도","2028-01-09 00:00","128","고조"
"SO_0564","국화도","2028-01-09 00:00","790","저조"
"SO_0564","국화도","2028-01-09 00:00","93","고조"
"SO_0564","국화도","2028-01-10 00:00","112","고조"
"SO_0564","국화도","2028-01-10 00:00","700","저조"
"SO_0564","국화도","2028-01-10 00:00","768","저조"
"SO_0564","국화도","2028-01-10 00:00","182","고조"
"SO_0564","국화도","2028-01-09 00:00","772","저조"
"SO_0564","국화도","2028-01-09 00:00","128","고조"
"SO_0564","국화도","2028-01-09 00:00","790","저조"
"SO_0564","국화도","2028-01-09 00:00","93","고조"
"SO_0564","국화도","2028-01-10 00:00","112","고조"
"SO_0564","국화도","2028-01-10 00:00","700","저조"
"SO_0564","국화도","2028-01-10 00:00","768","저조"
"SO_0564","국화도","2028-01-10 00:00","182","고조"
"SO_0564","국화도","2028-01-09 00:00","772","저조"
"SO_0564","국화도","2028-01-09 00:00","128","고조"
"SO_0564","국화도","2028-01-09 00:00","790","저조"
"SO_0564","국화도","2028-01-09 00:00","93","고조"
"SO_0564","국화도","2028-01-10 00:00","112","고조"
"SO_0564","국화도","2028-01-10 00:00","700","저조"
"SO_0564","국화도","2028-01-10 00:00","768","저조"
"SO_0564","국화도","2028-01-10 00:00","182","고조"
"SO_0564","국화도","2028-01-09 00:00","772","저조"
"SO_0564","국화도","2028-01-09 00:00","128","고조"
"SO_0564","국화도","2028-01-09 00:00","790","저조"
"SO_0564","국화도","2028-01-09 00:00","93","고조"
"SO_0564","국화도","2028-01-10 00:00","112","고조"
"SO_0564","국화도","2028-01-10 00:00","700","저조"
"SO_0564","국화도","2028-01-10 00:00","768","저조"
"SO_0564","국화도","2028-01-10 00:00","182","고조"
"SO_0564","국화도","2028-01-09 00:00","772","저조"
"SO_0564","국화도","2028-01-09 00:00","128","고조"
"SO_0564","국화도","2028-01-09 00:00","790","저조"
"SO_0564","국화도","2028-01-09 00:00","93","고조"
"SO_0564","국화도","2028-01-10 00:00","112","고조"
"SO_0564","국화도","2028-01-10 00:00","700","저조"
"SO_0564","국화도","2028-01-10 00:00","768","저조"
"SO_0564","국화도","2028-01-10 00:00","182","고조"
"SO_0564","국화도","2028-01-09 00:00","772","저조"
"SO_0564","국화도","2028-01-09 00:00","128","고조"
"SO_0564","국화도","2028-01-09 00:00","790","저조"
"SO_0564","국화도","2028-01-09 00:00","93","고조"
"SO_0564","국화도","2028-01-10 00:00","112","고조"
"SO_0564","국화도","2028-01-10 00:00","700","저조"
"SO_0564","국화도","2028-01-10 00:00","768","저조"
"SO_0564","국화도","2028-01-10 00:00","182","고조"
"SO_0564","국화도","2028-01-09 00:00","772","저조"
"SO_0564","국화도","2028-01-09 00:00","128","고조"
"SO_0564","국화도","2028-01-09 00:00","790","저조"
"SO_0564","국화도","2028-01-09 00:00","93","고조"
"SO_0564","국화도","2028-01-10 00:00","112","고조"
"SO_0564","국화도","2028-01-10 00:00","700","저조"
"SO_0564","국화도","2028-01-10 00:00","768","저조"
"SO_0564","국화도","2028-01-10 00:00","182","고조"
"SO_0564","국화도","2028-01-09 00:00","772","저조"
"SO_0564","국화도","2028-01-09 00:00","128","고조"
"SO_0564","국화도","2028-01-09 00:00","790","저조"
"SO_0564","국화도","2028-01-09 00:00","93","고조"
"SO_0564","국화도","2028-01-10 00:00","112","고조"
"SO_0564","국화도","2028-01-10 00:00","700","저조"
"SO_0564","국화도","2028-01-10 00:00","768","저조"
"SO_0564","국화도","2028-01-10 00:00","182","고조"
"SO_0564","국화도","2028-01-09 00:00","772","저조"
"SO_0564","국화도","2028-01-09 00:00","128","고조"
"SO_0564","국화도","2028-01-09 00:00","790","저조"
"SO_0564","국화도","2028-01-09 00:00","93","고조"
"SO_0564","국화도","2028-01-10 00:00","112","고조"
"SO_0564","국화도","2028-01-10 00:00","700","저조"
"SO_0564","국화도","2028-01-10 00:00","768","저조"
"SO_0564","국화도","2028-01-10 00:00","182","고조"
"SO_0564","국화도","2028-01-10 00:00","700","저조"
"SO_0564","국화도","2028-01-10 00:00","182","고조"
"SO_0564","국화도","2028-01-10 00:00","768","저조"
"SO_0564","국화도","2028-01-10 00:00","112","고조"
"SO_0564","국화도","2029-01-09 00:00","122","고조"
"SO_0564","국화도","2029-01-09 00:00","734","저조"
"SO_0564","국화도","2029-01-09 00:00","762","저조"
"SO_0564","국화도","2029-01-09 00:00","168","고조"
"SO_0564","국화도","2029-01-09 00:00","734","저조"
"SO_0564","국화도","2029-01-09 00:00","168","고조"
"SO_0564","국화도","2029-01-09 00:00","762","저조"
"SO_0564","국화도","2029-01-09 00:00","122","고조"
"SO_0564","국화도","2029-01-10 00:00","143","고조"
"SO_0564","국화도","2029-01-10 00:00","664","저조"
"SO_0564","국화도","2029-01-10 00:00","737","저조"
"SO_0564","국화도","2029-01-10 00:00","220","고조"
"SO_0564","국화도","2029-01-09 00:00","734","저조"
"SO_0564","국화도","2029-01-09 00:00","168","고조"
"SO_0564","국화도","2029-01-09 00:00","762","저조"
"SO_0564","국화도","2029-01-09 00:00","122","고조"
"SO_0564","국화도","2029-01-10 00:00","143","고조"
"SO_0564","국화도","2029-01-10 00:00","664","저조"
"SO_0564","국화도","2029-01-10 00:00","737","저조"
"SO_0564","국화도","2029-01-10 00:00","220","고조"
"SO_0564","국화도","2029-01-09 00:00","734","저조"
"SO_0564","국화도","2029-01-09 00:00","168","고조"
"SO_0564","국화도","2029-01-09 00:00","762","저조"
"SO_0564","국화도","2029-01-09 00:00","122","고조"
"SO_0564","국화도","2029-01-10 00:00","143","고조"
"SO_0564","국화도","2029-01-10 00:00","664","저조"
"SO_0564","국화도","2029-01-10 00:00","737","저조"
"SO_0564","국화도","2029-01-10 00:00","220","고조"
"SO_0564","국화도","2029-01-09 00:00","734","저조"
"SO_0564","국화도","2029-01-09 00:00","168","고조"
"SO_0564","국화도","2029-01-09 00:00","762","저조"
"SO_0564","국화도","2029-01-09 00:00","122","고조"
"SO_0564","국화도","2029-01-10 00:00","143","고조"
"SO_0564","국화도","2029-01-10 00:00","664","저조"
"SO_0564","국화도","2029-01-10 00:00","737","저조"
"SO_0564","국화도","2029-01-10 00:00","220","고조"
"SO_0564","국화도","2029-01-09 00:00","734","저조"
"SO_0564","국화도","2029-01-09 00:00","168","고조"
"SO_0564","국화도","2029-01-09 00:00","762","저조"
"SO_0564","국화도","2029-01-09 00:00","122","고조"
"SO_0564","국화도","2029-01-10 00:00","143","고조"
"SO_0564","국화도","2029-01-10 00:00","664","저조"
"SO_0564","국화도","2029-01-10 00:00","737","저조"
"SO_0564","국화도","2029-01-10 00:00","220","고조"
"SO_0564","국화도","2029-01-09 00:00","734","저조"
"SO_0564","국화도","2029-01-09 00:00","168","고조"
"SO_0564","국화도","2029-01-09 00:00","762","저조"
"SO_0564","국화도","2029-01-09 00:00","122","고조"
"SO_0564","국화도","2029-01-10 00:00","143","고조"
"SO_0564","국화도","2029-01-10 00:00","664","저조"
"SO_0564","국화도","2029-01-10 00:00","737","저조"
"SO_0564","국화도","2029-01-10 00:00","220","고조"
"SO_0564","국화도","2029-01-09 00:00","734","저조"
"SO_0564","국화도","2029-01-09 00:00","168","고조"
"SO_0564","국화도","2029-01-09 00:00","762","저조"
"SO_0564","국화도","2029-01-09 00:00","122","고조"
"SO_0564","국화도","2029-01-10 00:00","143","고조"
"SO_0564","국화도","2029-01-10 00:00","664","저조"
"SO_0564","국화도","2029-01-10 00:00","737","저조"
"SO_0564","국화도","2029-01-10 00:00","220","고조"
"SO_0564","국화도","2029-01-09 00:00","734","저조"
"SO_0564","국화도","2029-01-09 00:00","168","고조"
"SO_0564","국화도","2029-01-09 00:00","762","저조"
"SO_0564","국화도","2029-01-09 00:00","122","고조"
"SO_0564","국화도","2029-01-10 00:00","143","고조"
"SO_0564","국화도","2029-01-10 00:00","664","저조"
"SO_0564","국화도","2029-01-10 00:00","737","저조"
"SO_0564","국화도","2029-01-10 00:00","220","고조"
"SO_0564","국화도","2029-01-09 00:00","734","저조"
"SO_0564","국화도","2029-01-09 00:00","168","고조"
"SO_0564","국화도","2029-01-09 00:00","762","저조"
"SO_0564","국화도","2029-01-09 00:00","122","고조"
"SO_0564","국화도","2029-01-10 00:00","143","고조"
"SO_0564","국화도","2029-01-10 00:00","664","저조"
"SO_0564","국화도","2029-01-10 00:00","737","저조"
"SO_0564","국화도","2029-01-10 00:00","220","고조"
"SO_0564","국화도","2029-01-09 00:00","734","저조"
"SO_0564","국화도","2029-01-09 00:00","168","고조"
"SO_0564","국화도","2029-01-09 00:00","762","저조"
"SO_0564","국화도","2029-01-09 00:00","122","고조"
"SO_0564","국화도","2029-01-10 00:00","143","고조"
"SO_0564","국화도","2029-01-10 00:00","664","저조"
"SO_0564","국화도","2029-01-10 00:00","737","저조"
"SO_0564","국화도","2029-01-10 00:00","220","고조"
"SO_0564","국화도","2029-01-09 00:00","734","저조"
"SO_0564","국화도","2029-01-09 00:00","168","고조"
"SO_0564","국화도","2029-01-09 00:00","762","저조"
"SO_0564","국화도","2029-01-09 00:00","122","고조"
"SO_0564","국화도","2029-01-10 00:00","143","고조"
"SO_0564","국화도","2029-01-10 00:00","664","저조"
"SO_0564","국화도","2029-01-10 00:00","737","저조"
"SO_0564","국화도","2029-01-10 00:00","220","고조"
"SO_0564","국화도","2029-01-09 00:00","734","저조"
"SO_0564","국화도","2029-01-09 00:00","168","고조"
"SO_0564","국화도","2029-01-09 00:00","762","저조"
"SO_0564","국화도","2029-01-09 00:00","122","고조"
"SO_0564","국화도","2029-01-10 00:00","143","고조"
"SO_0564","국화도","2029-01-10 00:00","664","저조"
"SO_0564","국화도","2029-01-10 00:00","737","저조"
"SO_0564","국화도","2029-01-10 00:00","220","고조"
"SO_0564","국화도","2029-01-09 00:00","734","저조"
"SO_0564","국화도","2029-01-09 00:00","168","고조"
"SO_0564","국화도","2029-01-09 00:00","762","저조"
"SO_0564","국화도","2029-01-09 00:00","122","고조"
"SO_0564","국화도","2029-01-10 00:00","143","고조"
"SO_0564","국화도","2029-01-10 00:00","664","저조"
"SO_0564","국화도","2029-01-10 00:00","737","저조"
"SO_0564","국화도","2029-01-10 00:00","220","고조"
"SO_0564","국화도","2029-01-09 00:00","734","저조"
"SO_0564","국화도","2029-01-09 00:00","168","고조"
"SO_0564","국화도","2029-01-09 00:00","762","저조"
"SO_0564","국화도","2029-01-09 00:00","122","고조"
"SO_0564","국화도","2029-01-10 00:00","143","고조"
"SO_0564","국화도","2029-01-10 00:00","664","저조"
"SO_0564","국화도","2029-01-10 00:00","737","저조"
"SO_0564","국화도","2029-01-10 00:00","220","고조"
"SO_0564","국화도","2029-01-09 00:00","734","저조"
"SO_0564","국화도","2029-01-09 00:00","168","고조"
"SO_0564","국화도","2029-01-09 00:00","762","저조"
"SO_0564","국화도","2029-01-09 00:00","122","고조"
"SO_0564","국화도","2029-01-10 00:00","143","고조"
"SO_0564","국화도","2029-01-10 00:00","664","저조"
"SO_0564","국화도","2029-01-10 00:00","737","저조"
"SO_0564","국화도","2029-01-10 00:00","220","고조"
"SO_0564","국화도","2029-01-09 00:00","734","저조"
"SO_0564","국화도","2029-01-09 00:00","168","고조"
"SO_0564","국화도","2029-01-09 00:00","762","저조"
"SO_0564","국화도","2029-01-09 00:00","122","고조"
"SO_0564","국화도","2029-01-10 00:00","143","고조"
"SO_0564","국화도","2029-01-10 00:00","664","저조"
"SO_0564","국화도","2029-01-10 00:00","737","저조"
"SO_0564","국화도","2029-01-10 00:00","220","고조"
"SO_0564","국화도","2029-01-09 00:00","734","저조"
"SO_0564","국화도","2029-01-09 00:00","168","고조"
"SO_0564","국화도","2029-01-09 00:00","762","저조"
"SO_0564","국화도","2029-01-09 00:00","122","고조"
"SO_0564","국화도","2029-01-10 00:00","143","고조"
"SO_0564","국화도","2029-01-10 00:00","664","저조"
"SO_0564","국화도","2029-01-10 00:00","737","저조"
"SO_0564","국화도","2029-01-10 00:00","220","고조"
"SO_0564","국화도","2029-01-09 00:00","734","저조"
"SO_0564","국화도","2029-01-09 00:00","168","고조"
"SO_0564","국화도","2029-01-09 00:00","762","저조"
"SO_0564","국화도","2029-01-09 00:00","122","고조"
"SO_0564","국화도","2029-01-10 00:00","143","고조"
"SO_0564","국화도","2029-01-10 00:00","664","저조"
"SO_0564","국화도","2029-01-10 00:00","737","저조"
"SO_0564","국화도","2029-01-10 00:00","220","고조"
"SO_0564","국화도","2029-01-09 00:00","734","저조"
"SO_0564","국화도","2029-01-09 00:00","168","고조"
"SO_0564","국화도","2029-01-09 00:00","762","저조"
"SO_0564","국화도","2029-01-09 00:00","122","고조"
"SO_0564","국화도","2029-01-10 00:00","143","고조"
"SO_0564","국화도","2029-01-10 00:00","664","저조"
"SO_0564","국화도","2029-01-10 00:00","737","저조"
"SO_0564","국화도","2029-01-10 00:00","220","고조"
"SO_0564","국화도","2029-01-09 00:00","734","저조"
"SO_0564","국화도","2029-01-09 00:00","168","고조"
"SO_0564","국화도","2029-01-09 00:00","762","저조"
"SO_0564","국화도","2029-01-09 00:00","122","고조"
"SO_0564","국화도","2029-01-10 00:00","143","고조"
"SO_0564","국화도","2029-01-10 00:00","664","저조"
"SO_0564","국화도","2029-01-10 00:00","737","저조"
"SO_0564","국화도","2029-01-10 00:00","220","고조"
"SO_0564","국화도","2029-01-09 00:00","734","저조"
"SO_0564","국화도","2029-01-09 00:00","168","고조"
"SO_0564","국화도","2029-01-09 00:00","762","저조"
"SO_0564","국화도","2029-01-09 00:00","122","고조"
"SO_0564","국화도","2029-01-10 00:00","143","고조"
"SO_0564","국화도","2029-01-10 00:00","664","저조"
"SO_0564","국화도","2029-01-10 00:00","737","저조"
"SO_0564","국화도","2029-01-10 00:00","220","고조"
"SO_0564","국화도","2029-01-09 00:00","734","저조"
"SO_0564","국화도","2029-01-09 00:00","168","고조"
"SO_0564","국화도","2029-01-09 00:00","762","저조"
"SO_0564","국화도","2029-01-09 00:00","122","고조"
"SO_0564","국화도","2029-01-10 00:00","143","고조"
"SO_0564","국화도","2029-01-10 00:00","664","저조"
"SO_0564","국화도","2029-01-10 00:00","737","저조"
"SO_0564","국화도","2029-01-10 00:00","220","고조"
"SO_0564","국화도","2029-01-09 00:00","734","저조"
"SO_0564","국화도","2029-01-09 00:00","168","고조"
"SO_0564","국화도","2029-01-09 00:00","762","저조"
"SO_0564","국화도","2029-01-09 00:00","122","고조"
"SO_0564","국화도","2029-01-10 00:00","143","고조"
"SO_0564","국화도","2029-01-10 00:00","664","저조"
"SO_0564","국화도","2029-01-10 00:00","737","저조"
"SO_0564","국화도","2029-01-10 00:00","220","고조"
"SO_0564","국화도","2029-01-09 00:00","734","저조"
"SO_0564","국화도","2029-01-09 00:00","168","고조"
"SO_0564","국화도","2029-01-09 00:00","762","저조"
"SO_0564","국화도","2029-01-09 00:00","122","고조"
"SO_0564","국화도","2029-01-10 00:00","143","고조"
"SO_0564","국화도","2029-01-10 00:00","664","저조"
"SO_0564","국화도","2029-01-10 00:00","737","저조"
"SO_0564","국화도","2029-01-10 00:00","220","고조"
"SO_0564","국화도","2029-01-09 00:00","734","저조"
"SO_0564","국화도","2029-01-09 00:00","168","고조"
"SO_0564","국화도","2029-01-09 00:00","762","저조"
"SO_0564","국화도","2029-01-09 00:00","122","고조"
"SO_0564","국화도","2029-01-10 00:00","143","고조"
"SO_0564","국화도","2029-01-10 00:00","664","저조"
"SO_0564","국화도","2029-01-10 00:00","737","저조"
"SO_0564","국화도","2029-01-10 00:00","220","고조"
"SO_0564","국화도","2029-01-09 00:00","734","저조"
"SO_0564","국화도","2029-01-09 00:00","168","고조"
"SO_0564","국화도","2029-01-09 00:00","762","저조"
"SO_0564","국화도","2029-01-09 00:00","122","고조"
"SO_0564","국화도","2029-01-10 00:00","143","고조"
"SO_0564","국화도","2029-01-10 00:00","664","저조"
"SO_0564","국화도","2029-01-10 00:00","737","저조"
"SO_0564","국화도","2029-01-10 00:00","220","고조"
"SO_0564","국화도","2029-01-09 00:00","734","저조"
"SO_0564","국화도","2029-01-09 00:00","168","고조"
"SO_0564","국화도","2029-01-09 00:00","762","저조"
"SO_0564","국화도","2029-01-09 00:00","122","고조"
"SO_0564","국화도","2029-01-10 00:00","143","고조"
"SO_0564","국화도","2029-01-10 00:00","664","저조"
"SO_0564","국화도","2029-01-10 00:00","737","저조"
"SO_0564","국화도","2029-01-10 00:00","220","고조"
"SO_0564","국화도","2029-01-09 00:00","734","저조"
"SO_0564","국화도","2029-01-09 00:00","168","고조"
"SO_0564","국화도","2029-01-09 00:00","762","저조"
"SO_0564","국화도","2029-01-09 00:00","122","고조"
"SO_0564","국화도","2029-01-10 00:00","143","고조"
"SO_0564","국화도","2029-01-10 00:00","664","저조"
"SO_0564","국화도","2029-01-10 00:00","737","저조"
"SO_0564","국화도","2029-01-10 00:00","220","고조"
"SO_0564","국화도","2029-01-09 00:00","734","저조"
"SO_0564","국화도","2029-01-09 00:00","168","고조"
"SO_0564","국화도","2029-01-09 00:00","762","저조"
"SO_0564","국화도","2029-01-09 00:00","122","고조"
"SO_0564","국화도","2029-01-10 00:00","143","고조"
"SO_0564","국화도","2029-01-10 00:00","664","저조"
"SO_0564","국화도","2029-01-10 00:00","737","저조"
"SO_0564","국화도","2029-01-10 00:00","220","고조"
"SO_0564","국화도","2029-01-09 00:00","734","저조"
"SO_0564","국화도","2029-01-09 00:00","168","고조"
"SO_0564","국화도","2029-01-09 00:00","762","저조"
"SO_0564","국화도","2029-01-09 00:00","122","고조"
"SO_0564","국화도","2029-01-10 00:00","143","고조"
"SO_0564","국화도","2029-01-10 00:00","664","저조"
"SO_0564","국화도","2029-01-10 00:00","737","저조"
"SO_0564","국화도","2029-01-10 00:00","220","고조"
"SO_0564","국화도","2029-01-09 00:00","734","저조"
"SO_0564","국화도","2029-01-09 00:00","168","고조"
"SO_0564","국화도","2029-01-09 00:00","762","저조"
"SO_0564","국화도","2029-01-09 00:00","122","고조"
"SO_0564","국화도","2029-01-10 00:00","143","고조"
"SO_0564","국화도","2029-01-10 00:00","664","저조"
"SO_0564","국화도","2029-01-10 00:00","737","저조"
"SO_0564","국화도","2029-01-10 00:00","220","고조"
"SO_0564","국화도","2029-01-09 00:00","734","저조"
"SO_0564","국화도","2029-01-09 00:00","168","고조"
"SO_0564","국화도","2029-01-09 00:00","762","저조"
"SO_0564","국화도","2029-01-09 00:00","122","고조"
"SO_0564","국화도","2029-01-10 00:00","143","고조"
"SO_0564","국화도","2029-01-10 00:00","664","저조"
"SO_0564","국화도","2029-01-10 00:00","737","저조"
"SO_0564","국화도","2029-01-10 00:00","220","고조"
"SO_0564","국화도","2029-01-09 00:00","734","저조"
"SO_0564","국화도","2029-01-09 00:00","168","고조"
"SO_0564","국화도","2029-01-09 00:00","762","저조"
"SO_0564","국화도","2029-01-09 00:00","122","고조"
"SO_0564","국화도","2029-01-10 00:00","143","고조"
"SO_0564","국화도","2029-01-10 00:00","664","저조"
"SO_0564","국화도","2029-01-10 00:00","737","저조"
"SO_0564","국화도","2029-01-10 00:00","220","고조"
"SO_0564","국화도","2029-01-09 00:00","734","저조"
"SO_0564","국화도","2029-01-09 00:00","168","고조"
"SO_0564","국화도","2029-01-09 00:00","762","저조"
"SO_0564","국화도","2029-01-09 00:00","122","고조"
"SO_0564","국화도","2029-01-10 00:00","143","고조"
"SO_0564","국화도","2029-01-10 00:00","664","저조"
"SO_0564","국화도","2029-01-10 00:00","737","저조"
"SO_0564","국화도","2029-01-10 00:00","220","고조"
"SO_0564","국화도","2029-01-09 00:00","734","저조"
"SO_0564","국화도","2029-01-09 00:00","168","고조"
"SO_0564","국화도","2029-01-09 00:00","762","저조"
"SO_0564","국화도","2029-01-09 00:00","122","고조"
"SO_0564","국화도","2029-01-10 00:00","143","고조"
"SO_0564","국화도","2029-01-10 00:00","664","저조"
"SO_0564","국화도","2029-01-10 00:00","737","저조"
"SO_0564","국화도","2029-01-10 00:00","220","고조"
"SO_0564","국화도","2029-01-09 00:00","734","저조"
"SO_0564","국화도","2029-01-09 00:00","168","고조"
"SO_0564","국화도","2029-01-09 00:00","762","저조"
"SO_0564","국화도","2029-01-09 00:00","122","고조"
"SO_0564","국화도","2029-01-10 00:00","143","고조"
"SO_0564","국화도","2029-01-10 00:00","664","저조"
"SO_0564","국화도","2029-01-10 00:00","737","저조"
"SO_0564","국화도","2029-01-10 00:00","220","고조"
"SO_0564","국화도","2029-01-09 00:00","734","저조"
"SO_0564","국화도","2029-01-09 00:00","168","고조"
"SO_0564","국화도","2029-01-09 00:00","762","저조"
"SO_0564","국화도","2029-01-09 00:00","122","고조"
"SO_0564","국화도","2029-01-10 00:00","143","고조"
"SO_0564","국화도","2029-01-10 00:00","664","저조"
"SO_0564","국화도","2029-01-10 00:00","737","저조"
"SO_0564","국화도","2029-01-10 00:00","220","고조"
"SO_0564","국화도","2029-01-09 00:00","734","저조"
"SO_0564","국화도","2029-01-09 00:00","168","고조"
"SO_0564","국화도","2029-01-09 00:00","762","저조"
"SO_0564","국화도","2029-01-09 00:00","122","고조"
"SO_0564","국화도","2029-01-10 00:00","143","고조"
"SO_0564","국화도","2029-01-10 00:00","664","저조"
"SO_0564","국화도","2029-01-10 00:00","737","저조"
"SO_0564","국화도","2029-01-10 00:00","220","고조"
"SO_0564","국화도","2029-01-09 00:00","734","저조"
"SO_0564","국화도","2029-01-09 00:00","168","고조"
"SO_0564","국화도","2029-01-09 00:00","762","저조"
"SO_0564","국화도","2029-01-09 00:00","122","고조"
"SO_0564","국화도","2029-01-10 00:00","143","고조"
"SO_0564","국화도","2029-01-10 00:00","664","저조"
"SO_0564","국화도","2029-01-10 00:00","737","저조"
"SO_0564","국화도","2029-01-10 00:00","220","고조"
"SO_0564","국화도","2029-01-09 00:00","734","저조"
"SO_0564","국화도","2029-01-09 00:00","168","고조"
"SO_0564","국화도","2029-01-09 00:00","762","저조"
"SO_0564","국화도","2029-01-09 00:00","122","고조"
"SO_0564","국화도","2029-01-10 00:00","143","고조"
"SO_0564","국화도","2029-01-10 00:00","664","저조"
"SO_0564","국화도","2029-01-10 00:00","737","저조"
"SO_0564","국화도","2029-01-10 00:00","220","고조"
"SO_0564","국화도","2029-01-09 00:00","734","저조"
"SO_0564","국화도","2029-01-09 00:00","168","고조"
"SO_0564","국화도","2029-01-09 00:00","762","저조"
"SO_0564","국화도","2029-01-09 00:00","122","고조"
"SO_0564","국화도","2029-01-10 00:00","143","고조"
"SO_0564","국화도","2029-01-10 00:00","664","저조"
"SO_0564","국화도","2029-01-10 00:00","737","저조"
"SO_0564","국화도","2029-01-10 00:00","220","고조"
"SO_0564","국화도","2029-01-09 00:00","734","저조"
"SO_0564","국화도","2029-01-09 00:00","168","고조"
"SO_0564","국화도","2029-01-09 00:00","762","저조"
"SO_0564","국화도","2029-01-09 00:00","122","고조"
"SO_0564","국화도","2029-01-10 00:00","143","고조"
"SO_0564","국화도","2029-01-10 00:00","664","저조"
"SO_0564","국화도","2029-01-10 00:00","737","저조"
"SO_0564","국화도","2029-01-10 00:00","220","고조"
"SO_0564","국화도","2029-01-09 00:00","734","저조"
"SO_0564","국화도","2029-01-09 00:00","168","고조"
"SO_0564","국화도","2029-01-09 00:00","762","저조"
"SO_0564","국화도","2029-01-09 00:00","122","고조"
"SO_0564","국화도","2029-01-10 00:00","143","고조"
"SO_0564","국화도","2029-01-10 00:00","664","저조"
"SO_0564","국화도","2029-01-10 00:00","737","저조"
"SO_0564","국화도","2029-01-10 00:00","220","고조"
"SO_0564","국화도","2029-01-09 00:00","734","저조"
"SO_0564","국화도","2029-01-09 00:00","168","고조"
"SO_0564","국화도","2029-01-09 00:00","762","저조"
"SO_0564","국화도","2029-01-09 00:00","122","고조"
"SO_0564","국화도","2029-01-10 00:00","143","고조"
"SO_0564","국화도","2029-01-10 00:00","664","저조"
"SO_0564","국화도","2029-01-10 00:00","737","저조"
"SO_0564","국화도","2029-01-10 00:00","220","고조"
"SO_0564","국화도","2029-01-09 00:00","734","저조"
"SO_0564","국화도","2029-01-09 00:00","168","고조"
"SO_0564","국화도","2029-01-09 00:00","762","저조"
"SO_0564","국화도","2029-01-09 00:00","122","고조"
"SO_0564","국화도","2029-01-10 00:00","143","고조"
"SO_0564","국화도","2029-01-10 00:00","664","저조"
"SO_0564","국화도","2029-01-10 00:00","737","저조"
"SO_0564","국화도","2029-01-10 00:00","220","고조"
"SO_0564","국화도","2029-01-09 00:00","734","저조"
"SO_0564","국화도","2029-01-09 00:00","168","고조"
"SO_0564","국화도","2029-01-09 00:00","762","저조"
"SO_0564","국화도","2029-01-09 00:00","122","고조"
"SO_0564","국화도","2029-01-10 00:00","143","고조"
"SO_0564","국화도","2029-01-10 00:00","664","저조"
"SO_0564","국화도","2029-01-10 00:00","737","저조"
"SO_0564","국화도","2029-01-10 00:00","220","고조"
"SO_0564","국화도","2029-01-09 00:00","734","저조"
"SO_0564","국화도","2029-01-09 00:00","168","고조"
"SO_0564","국화도","2029-01-09 00:00","762","저조"
"SO_0564","국화도","2029-01-09 00:00","122","고조"
"SO_0564","국화도","2029-01-10 00:00","143","고조"
"SO_0564","국화도","2029-01-10 00:00","664","저조"
"SO_0564","국화도","2029-01-10 00:00","737","저조"
"SO_0564","국화도","2029-01-10 00:00","220","고조"
"SO_0564","국화도","2029-01-09 00:00","734","저조"
"SO_0564","국화도","2029-01-09 00:00","168","고조"
"SO_0564","국화도","2029-01-09 00:00","762","저조"
"SO_0564","국화도","2029-01-09 00:00","122","고조"
"SO_0564","국화도","2029-01-10 00:00","143","고조"
"SO_0564","국화도","2029-01-10 00:00","664","저조"
"SO_0564","국화도","2029-01-10 00:00","737","저조"
"SO_0564","국화도","2029-01-10 00:00","220","고조"
"SO_0564","국화도","2029-01-09 00:00","734","저조"
"SO_0564","국화도","2029-01-09 00:00","168","고조"
"SO_0564","국화도","2029-01-09 00:00","762","저조"
"SO_0564","국화도","2029-01-09 00:00","122","고조"
"SO_0564","국화도","2029-01-10 00:00","143","고조"
"SO_0564","국화도","2029-01-10 00:00","664","저조"
"SO_0564","국화도","2029-01-10 00:00","737","저조"
"SO_0564","국화도","2029-01-10 00:00","220","고조"
"SO_0564","국화도","2029-01-09 00:00","734","저조"
"SO_0564","국화도","2029-01-09 00:00","168","고조"
"SO_0564","국화도","2029-01-09 00:00","762","저조"
"SO_0564","국화도","2029-01-09 00:00","122","고조"
"SO_0564","국화도","2029-01-10 00:00","143","고조"
"SO_0564","국화도","2029-01-10 00:00","664","저조"
"SO_0564","국화도","2029-01-10 00:00","737","저조"
"SO_0564","국화도","2029-01-10 00:00","220","고조"
"SO_0564","국화도","2029-01-09 00:00","734","저조"
"SO_0564","국화도","2029-01-09 00:00","168","고조"
"SO_0564","국화도","2029-01-09 00:00","762","저조"
"SO_0564","국화도","2029-01-09 00:00","122","고조"
"SO_0564","국화도","2029-01-10 00:00","143","고조"
"SO_0564","국화도","2029-01-10 00:00","664","저조"
"SO_0564","국화도","2029-01-10 00:00","737","저조"
"SO_0564","국화도","2029-01-10 00:00","220","고조"
"SO_0564","국화도","2029-01-09 00:00","734","저조"
"SO_0564","국화도","2029-01-09 00:00","168","고조"
"SO_0564","국화도","2029-01-09 00:00","762","저조"
"SO_0564","국화도","2029-01-09 00:00","122","고조"
"SO_0564","국화도","2029-01-10 00:00","143","고조"
"SO_0564","국화도","2029-01-10 00:00","664","저조"
"SO_0564","국화도","2029-01-10 00:00","737","저조"
"SO_0564","국화도","2029-01-10 00:00","220","고조"
"SO_0564","국화도","2029-01-09 00:00","734","저조"
"SO_0564","국화도","2029-01-09 00:00","168","고조"
"SO_0564","국화도","2029-01-09 00:00","762","저조"
"SO_0564","국화도","2029-01-09 00:00","122","고조"
"SO_0564","국화도","2029-01-10 00:00","143","고조"
"SO_0564","국화도","2029-01-10 00:00","664","저조"
"SO_0564","국화도","2029-01-10 00:00","737","저조"
"SO_0564","국화도","2029-01-10 00:00","220","고조"
"SO_0564","국화도","2029-01-09 00:00","734","저조"
"SO_0564","국화도","2029-01-09 00:00","168","고조"
"SO_0564","국화도","2029-01-09 00:00","762","저조"
"SO_0564","국화도","2029-01-09 00:00","122","고조"
"SO_0564","국화도","2029-01-10 00:00","143","고조"
"SO_0564","국화도","2029-01-10 00:00","664","저조"
"SO_0564","국화도","2029-01-10 00:00","737","저조"
"SO_0564","국화도","2029-01-10 00:00","220","고조"
"SO_0564","국화도","2029-01-09 00:00","734","저조"
"SO_0564","국화도","2029-01-09 00:00","168","고조"
"SO_0564","국화도","2029-01-09 00:00","762","저조"
"SO_0564","국화도","2029-01-09 00:00","122","고조"
"SO_0564","국화도","2029-01-10 00:00","143","고조"
"SO_0564","국화도","2029-01-10 00:00","664","저조"
"SO_0564","국화도","2029-01-10 00:00","737","저조"
"SO_0564","국화도","2029-01-10 00:00","220","고조"
"SO_0564","국화도","2029-01-09 00:00","734","저조"
"SO_0564","국화도","2029-01-09 00:00","168","고조"
"SO_0564","국화도","2029-01-09 00:00","762","저조"
"SO_0564","국화도","2029-01-09 00:00","122","고조"
"SO_0564","국화도","2029-01-10 00:00","143","고조"
"SO_0564","국화도","2029-01-10 00:00","664","저조"
"SO_0564","국화도","2029-01-10 00:00","737","저조"
"SO_0564","국화도","2029-01-10 00:00","220","고조"
"SO_0564","국화도","2029-01-09 00:00","734","저조"
"SO_0564","국화도","2029-01-09 00:00","168","고조"
"SO_0564","국화도","2029-01-09 00:00","762","저조"
"SO_0564","국화도","2029-01-09 00:00","122","고조"
"SO_0564","국화도","2029-01-10 00:00","143","고조"
"SO_0564","국화도","2029-01-10 00:00","664","저조"
"SO_0564","국화도","2029-01-10 00:00","737","저조"
"SO_0564","국화도","2029-01-10 00:00","220","고조"
"SO_0564","국화도","2029-01-09 00:00","734","저조"
"SO_0564","국화도","2029-01-09 00:00","168","고조"
"SO_0564","국화도","2029-01-09 00:00","762","저조"
"SO_0564","국화도","2029-01-09 00:00","122","고조"
"SO_0564","국화도","2029-01-10 00:00","143","고조"
"SO_0564","국화도","2029-01-10 00:00","664","저조"
"SO_0564","국화도","2029-01-10 00:00","737","저조"
"SO_0564","국화도","2029-01-10 00:00","220","고조"
"SO_0564","국화도","2029-01-09 00:00","734","저조"
"SO_0564","국화도","2029-01-09 00:00","168","고조"
"SO_0564","국화도","2029-01-09 00:00","762","저조"
"SO_0564","국화도","2029-01-09 00:00","122","고조"
"SO_0564","국화도","2029-01-10 00:00","143","고조"
"SO_0564","국화도","2029-01-10 00:00","664","저조"
"SO_0564","국화도","2029-01-10 00:00","737","저조"
"SO_0564","국화도","2029-01-10 00:00","220","고조"
"SO_0564","국화도","2029-01-09 00:00","734","저조"
"SO_0564","국화도","2029-01-09 00:00","168","고조"
"SO_0564","국화도","2029-01-09 00:00","762","저조"
"SO_0564","국화도","2029-01-09 00:00","122","고조"
"SO_0564","국화도","2029-01-10 00:00","143","고조"
"SO_0564","국화도","2029-01-10 00:00","664","저조"
"SO_0564","국화도","2029-01-10 00:00","737","저조"
"SO_0564","국화도","2029-01-10 00:00","220","고조"
"SO_0564","국화도","2029-01-09 00:00","734","저조"
"SO_0564","국화도","2029-01-09 00:00","168","고조"
"SO_0564","국화도","2029-01-09 00:00","762","저조"
"SO_0564","국화도","2029-01-09 00:00","122","고조"
"SO_0564","국화도","2029-01-10 00:00","143","고조"
"SO_0564","국화도","2029-01-10 00:00","664","저조"
"SO_0564","국화도","2029-01-10 00:00","737","저조"
"SO_0564","국화도","2029-01-10 00:00","220","고조"
"SO_0564","국화도","2029-01-09 00:00","734","저조"
"SO_0564","국화도","2029-01-09 00:00","168","고조"
"SO_0564","국화도","2029-01-09 00:00","762","저조"
"SO_0564","국화도","2029-01-09 00:00","122","고조"
"SO_0564","국화도","2029-01-10 00:00","143","고조"
"SO_0564","국화도","2029-01-10 00:00","664","저조"
"SO_0564","국화도","2029-01-10 00:00","737","저조"
"SO_0564","국화도","2029-01-10 00:00","220","고조"
"SO_0564","국화도","2029-01-09 00:00","734","저조"
"SO_0564","국화도","2029-01-09 00:00","168","고조"
"SO_0564","국화도","2029-01-09 00:00","762","저조"
"SO_0564","국화도","2029-01-09 00:00","122","고조"
"SO_0564","국화도","2029-01-10 00:00","143","고조"
"SO_0564","국화도","2029-01-10 00:00","664","저조"
"SO_0564","국화도","2029-01-10 00:00","737","저조"
"SO_0564","국화도","2029-01-10 00:00","220","고조"
"SO_0564","국화도","2029-01-09 00:00","734","저조"
"SO_0564","국화도","2029-01-09 00:00","168","고조"
"SO_0564","국화도","2029-01-09 00:00","762","저조"
"SO_0564","국화도","2029-01-09 00:00","122","고조"
"SO_0564","국화도","2029-01-10 00:00","143","고조"
"SO_0564","국화도","2029-01-10 00:00","664","저조"
"SO_0564","국화도","2029-01-10 00:00","737","저조"
"SO_0564","국화도","2029-01-10 00:00","220","고조"
"SO_0564","국화도","2029-01-09 00:00","734","저조"
"SO_0564","국화도","2029-01-09 00:00","168","고조"
"SO_0564","국화도","2029-01-09 00:00","762","저조"
"SO_0564","국화도","2029-01-09 00:00","122","고조"
"SO_0564","국화도","2029-01-10 00:00","143","고조"
"SO_0564","국화도","2029-01-10 00:00","664","저조"
"SO_0564","국화도","2029-01-10 00:00","737","저조"
"SO_0564","국화도","2029-01-10 00:00","220","고조"
"SO_0564","국화도","2029-01-09 00:00","734","저조"
"SO_0564","국화도","2029-01-09 00:00","168","고조"
"SO_0564","국화도","2029-01-09 00:00","762","저조"
"SO_0564","국화도","2029-01-09 00:00","122","고조"
"SO_0564","국화도","2029-01-10 00:00","143","고조"
"SO_0564","국화도","2029-01-10 00:00","664","저조"
"SO_0564","국화도","2029-01-10 00:00","737","저조"
"SO_0564","국화도","2029-01-10 00:00","220","고조"
"SO_0564","국화도","2029-01-09 00:00","734","저조"
"SO_0564","국화도","2029-01-09 00:00","168","고조"
"SO_0564","국화도","2029-01-09 00:00","762","저조"
"SO_0564","국화도","2029-01-09 00:00","122","고조"
"SO_0564","국화도","2029-01-10 00:00","143","고조"
"SO_0564","국화도","2029-01-10 00:00","664","저조"
"SO_0564","국화도","2029-01-10 00:00","737","저조"
"SO_0564","국화도","2029-01-10 00:00","220","고조"
"SO_0564","국화도","2029-01-09 00:00","734","저조"
"SO_0564","국화도","2029-01-09 00:00","168","고조"
"SO_0564","국화도","2029-01-09 00:00","762","저조"
"SO_0564","국화도","2029-01-09 00:00","122","고조"
"SO_0564","국화도","2029-01-10 00:00","143","고조"
"SO_0564","국화도","2029-01-10 00:00","664","저조"
"SO_0564","국화도","2029-01-10 00:00","737","저조"
"SO_0564","국화도","2029-01-10 00:00","220","고조"
"SO_0564","국화도","2029-01-09 00:00","734","저조"
"SO_0564","국화도","2029-01-09 00:00","168","고조"
"SO_0564","국화도","2029-01-09 00:00","762","저조"
"SO_0564","국화도","2029-01-09 00:00","122","고조"
"SO_0564","국화도","2029-01-10 00:00","143","고조"
"SO_0564","국화도","2029-01-10 00:00","664","저조"
"SO_0564","국화도","2029-01-10 00:00","737","저조"
"SO_0564","국화도","2029-01-10 00:00","220","고조"
"SO_0564","국화도","2029-01-09 00:00","734","저조"
"SO_0564","국화도","2029-01-09 00:00","168","고조"
"SO_0564","국화도","2029-01-09 00:00","762","저조"
"SO_0564","국화도","2029-01-09 00:00","122","고조"
"SO_0564","국화도","2029-01-10 00:00","143","고조"
"SO_0564","국화도","2029-01-10 00:00","664","저조"
"SO_0564","국화도","2029-01-10 00:00","737","저조"
"SO_0564","국화도","2029-01-10 00:00","220","고조"
"SO_0564","국화도","2029-01-09 00:00","734","저조"
"SO_0564","국화도","2029-01-09 00:00","168","고조"
"SO_0564","국화도","2029-01-09 00:00","762","저조"
"SO_0564","국화도","2029-01-09 00:00","122","고조"
"SO_0564","국화도","2029-01-10 00:00","143","고조"
"SO_0564","국화도","2029-01-10 00:00","664","저조"
"SO_0564","국화도","2029-01-10 00:00","737","저조"
"SO_0564","국화도","2029-01-10 00:00","220","고조"
"SO_0564","국화도","2029-01-09 00:00","734","저조"
"SO_0564","국화도","2029-01-09 00:00","168","고조"
"SO_0564","국화도","2029-01-09 00:00","762","저조"
"SO_0564","국화도","2029-01-09 00:00","122","고조"
"SO_0564","국화도","2029-01-10 00:00","143","고조"
"SO_0564","국화도","2029-01-10 00:00","664","저조"
"SO_0564","국화도","2029-01-10 00:00","737","저조"
"SO_0564","국화도","2029-01-10 00:00","220","고조"
"SO_0564","국화도","2029-01-09 00:00","734","저조"
"SO_0564","국화도","2029-01-09 00:00","168","고조"
"SO_0564","국화도","2029-01-09 00:00","762","저조"
"SO_0564","국화도","2029-01-09 00:00","122","고조"
"SO_0564","국화도","2029-01-10 00:00","143","고조"
"SO_0564","국화도","2029-01-10 00:00","664","저조"
"SO_0564","국화도","2029-01-10 00:00","737","저조"
"SO_0564","국화도","2029-01-10 00:00","220","고조"
"SO_0564","국화도","2029-01-09 00:00","734","저조"
"SO_0564","국화도","2029-01-09 00:00","168","고조"
"SO_0564","국화도","2029-01-09 00:00","762","저조"
"SO_0564","국화도","2029-01-09 00:00","122","고조"
"SO_0564","국화도","2029-01-10 00:00","143","고조"
"SO_0564","국화도","2029-01-10 00:00","664","저조"
"SO_0564","국화도","2029-01-10 00:00","737","저조"
"SO_0564","국화도","2029-01-10 00:00","220","고조"
"SO_0564","국화도","2029-01-09 00:00","734","저조"
"SO_0564","국화도","2029-01-09 00:00","168","고조"
"SO_0564","국화도","2029-01-09 00:00","762","저조"
"SO_0564","국화도","2029-01-09 00:00","122","고조"
"SO_0564","국화도","2029-01-10 00:00","143","고조"
"SO_0564","국화도","2029-01-10 00:00","664","저조"
"SO_0564","국화도","2029-01-10 00:00","737","저조"
"SO_0564","국화도","2029-01-10 00:00","220","고조"
"SO_0564","국화도","2029-01-09 00:00","734","저조"
"SO_0564","국화도","2029-01-09 00:00","168","고조"
"SO_0564","국화도","2029-01-09 00:00","762","저조"
"SO_0564","국화도","2029-01-09 00:00","122","고조"
"SO_0564","국화도","2029-01-10 00:00","143","고조"
"SO_0564","국화도","2029-01-10 00:00","664","저조"
"SO_0564","국화도","2029-01-10 00:00","737","저조"
"SO_0564","국화도","2029-01-10 00:00","220","고조"
"SO_0564","국화도","2029-01-09 00:00","734","저조"
"SO_0564","국화도","2029-01-09 00:00","168","고조"
"SO_0564","국화도","2029-01-09 00:00","762","저조"
"SO_0564","국화도","2029-01-09 00:00","122","고조"
"SO_0564","국화도","2029-01-10 00:00","143","고조"
"SO_0564","국화도","2029-01-10 00:00","664","저조"
"SO_0564","국화도","2029-01-10 00:00","737","저조"
"SO_0564","국화도","2029-01-10 00:00","220","고조"
"SO_0564","국화도","2029-01-09 00:00","734","저조"
"SO_0564","국화도","2029-01-09 00:00","168","고조"
"SO_0564","국화도","2029-01-09 00:00","762","저조"
"SO_0564","국화도","2029-01-09 00:00","122","고조"
"SO_0564","국화도","2029-01-10 00:00","143","고조"
"SO_0564","국화도","2029-01-10 00:00","664","저조"
"SO_0564","국화도","2029-01-10 00:00","737","저조"
"SO_0564","국화도","2029-01-10 00:00","220","고조"
"SO_0564","국화도","2029-01-09 00:00","734","저조"
"SO_0564","국화도","2029-01-09 00:00","168","고조"
"SO_0564","국화도","2029-01-09 00:00","762","저조"
"SO_0564","국화도","2029-01-09 00:00","122","고조"
"SO_0564","국화도","2029-01-10 00:00","143","고조"
"SO_0564","국화도","2029-01-10 00:00","664","저조"
"SO_0564","국화도","2029-01-10 00:00","737","저조"
"SO_0564","국화도","2029-01-10 00:00","220","고조"
"SO_0564","국화도","2029-01-09 00:00","734","저조"
"SO_0564","국화도","2029-01-09 00:00","168","고조"
"SO_0564","국화도","2029-01-09 00:00","762","저조"
"SO_0564","국화도","2029-01-09 00:00","122","고조"
"SO_0564","국화도","2029-01-10 00:00","143","고조"
"SO_0564","국화도","2029-01-10 00:00","664","저조"
"SO_0564","국화도","2029-01-10 00:00","737","저조"
"SO_0564","국화도","2029-01-10 00:00","220","고조"
"SO_0564","국화도","2029-01-09 00:00","734","저조"
"SO_0564","국화도","2029-01-09 00:00","168","고조"
"SO_0564","국화도","2029-01-09 00:00","762","저조"
"SO_0564","국화도","2029-01-09 00:00","122","고조"
"SO_0564","국화도","2029-01-10 00:00","143","고조"
"SO_0564","국화도","2029-01-10 00:00","664","저조"
"SO_0564","국화도","2029-01-10 00:00","737","저조"
"SO_0564","국화도","2029-01-10 00:00","220","고조"
"SO_0564","국화도","2029-01-09 00:00","734","저조"
"SO_0564","국화도","2029-01-09 00:00","168","고조"
"SO_0564","국화도","2029-01-09 00:00","762","저조"
"SO_0564","국화도","2029-01-09 00:00","122","고조"
"SO_0564","국화도","2029-01-10 00:00","143","고조"
"SO_0564","국화도","2029-01-10 00:00","664","저조"
"SO_0564","국화도","2029-01-10 00:00","737","저조"
"SO_0564","국화도","2029-01-10 00:00","220","고조"
"SO_0564","국화도","2029-01-09 00:00","734","저조"
"SO_0564","국화도","2029-01-09 00:00","168","고조"
"SO_0564","국화도","2029-01-09 00:00","762","저조"
"SO_0564","국화도","2029-01-09 00:00","122","고조"
"SO_0564","국화도","2029-01-10 00:00","143","고조"
"SO_0564","국화도","2029-01-10 00:00","664","저조"
"SO_0564","국화도","2029-01-10 00:00","737","저조"
"SO_0564","국화도","2029-01-10 00:00","220","고조"
"SO_0564","국화도","2029-01-09 00:00","734","저조"
"SO_0564","국화도","2029-01-09 00:00","168","고조"
"SO_0564","국화도","2029-01-09 00:00","762","저조"
"SO_0564","국화도","2029-01-09 00:00","122","고조"
"SO_0564","국화도","2029-01-10 00:00","143","고조"
"SO_0564","국화도","2029-01-10 00:00","664","저조"
"SO_0564","국화도","2029-01-10 00:00","737","저조"
"SO_0564","국화도","2029-01-10 00:00","220","고조"
"SO_0564","국화도","2029-01-09 00:00","734","저조"
"SO_0564","국화도","2029-01-09 00:00","168","고조"
"SO_0564","국화도","2029-01-09 00:00","762","저조"
"SO_0564","국화도","2029-01-09 00:00","122","고조"
"SO_0564","국화도","2029-01-10 00:00","143","고조"
"SO_0564","국화도","2029-01-10 00:00","664","저조"
"SO_0564","국화도","2029-01-10 00:00","737","저조"
"SO_0564","국화도","2029-01-10 00:00","220","고조"
"SO_0564","국화도","2029-01-09 00:00","734","저조"
"SO_0564","국화도","2029-01-09 00:00","168","고조"
"SO_0564","국화도","2029-01-09 00:00","762","저조"
"SO_0564","국화도","2029-01-09 00:00","122","고조"
"SO_0564","국화도","2029-01-10 00:00","143","고조"
"SO_0564","국화도","2029-01-10 00:00","664","저조"
"SO_0564","국화도","2029-01-10 00:00","737","저조"
"SO_0564","국화도","2029-01-10 00:00","220","고조"
"SO_0564","국화도","2029-01-09 00:00","734","저조"
"SO_0564","국화도","2029-01-09 00:00","168","고조"
"SO_0564","국화도","2029-01-09 00:00","762","저조"
"SO_0564","국화도","2029-01-09 00:00","122","고조"
"SO_0564","국화도","2029-01-10 00:00","143","고조"
"SO_0564","국화도","2029-01-10 00:00","664","저조"
"SO_0564","국화도","2029-01-10 00:00","737","저조"
"SO_0564","국화도","2029-01-10 00:00","220","고조"
"SO_0564","국화도","2029-01-09 00:00","734","저조"
"SO_0564","국화도","2029-01-09 00:00","168","고조"
"SO_0564","국화도","2029-01-09 00:00","762","저조"
"SO_0564","국화도","2029-01-09 00:00","122","고조"
"SO_0564","국화도","2029-01-10 00:00","143","고조"
"SO_0564","국화도","2029-01-10 00:00","664","저조"
"SO_0564","국화도","2029-01-10 00:00","737","저조"
"SO_0564","국화도","2029-01-10 00:00","220","고조"
"SO_0564","국화도","2029-01-09 00:00","734","저조"
"SO_0564","국화도","2029-01-09 00:00","168","고조"
"SO_0564","국화도","2029-01-09 00:00","762","저조"
"SO_0564","국화도","2029-01-09 00:00","122","고조"
"SO_0564","국화도","2029-01-10 00:00","143","고조"
"SO_0564","국화도","2029-01-10 00:00","664","저조"
"SO_0564","국화도","2029-01-10 00:00","737","저조"
"SO_0564","국화도","2029-01-10 00:00","220","고조"
"SO_0564","국화도","2029-01-09 00:00","734","저조"
"SO_0564","국화도","2029-01-09 00:00","168","고조"
"SO_0564","국화도","2029-01-09 00:00","762","저조"
"SO_0564","국화도","2029-01-09 00:00","122","고조"
"SO_0564","국화도","2029-01-10 00:00","143","고조"
"SO_0564","국화도","2029-01-10 00:00","664","저조"
"SO_0564","국화도","2029-01-10 00:00","737","저조"
"SO_0564","국화도","2029-01-10 00:00","220","고조"
"SO_0564","국화도","2029-01-09 00:00","734","저조"
"SO_0564","국화도","2029-01-09 00:00","168","고조"
"SO_0564","국화도","2029-01-09 00:00","762","저조"
"SO_0564","국화도","2029-01-09 00:00","122","고조"
"SO_0564","국화도","2029-01-10 00:00","143","고조"
"SO_0564","국화도","2029-01-10 00:00","664","저조"
"SO_0564","국화도","2029-01-10 00:00","737","저조"
"SO_0564","국화도","2029-01-10 00:00","220","고조"
"SO_0564","국화도","2029-01-09 00:00","734","저조"
"SO_0564","국화도","2029-01-09 00:00","168","고조"
"SO_0564","국화도","2029-01-09 00:00","762","저조"
"SO_0564","국화도","2029-01-09 00:00","122","고조"
"SO_0564","국화도","2029-01-10 00:00","143","고조"
"SO_0564","국화도","2029-01-10 00:00","664","저조"
"SO_0564","국화도","2029-01-10 00:00","737","저조"
"SO_0564","국화도","2029-01-10 00:00","220","고조"
"SO_0564","국화도","2029-01-09 00:00","734","저조"
"SO_0564","국화도","2029-01-09 00:00","168","고조"
"SO_0564","국화도","2029-01-09 00:00","762","저조"
"SO_0564","국화도","2029-01-09 00:00","122","고조"
"SO_0564","국화도","2029-01-10 00:00","143","고조"
"SO_0564","국화도","2029-01-10 00:00","664","저조"
"SO_0564","국화도","2029-01-10 00:00","737","저조"
"SO_0564","국화도","2029-01-10 00:00","220","고조"
"SO_0564","국화도","2029-01-09 00:00","734","저조"
"SO_0564","국화도","2029-01-09 00:00","168","고조"
"SO_0564","국화도","2029-01-09 00:00","762","저조"
"SO_0564","국화도","2029-01-09 00:00","122","고조"
"SO_0564","국화도","2029-01-10 00:00","143","고조"
"SO_0564","국화도","2029-01-10 00:00","664","저조"
"SO_0564","국화도","2029-01-10 00:00","737","저조"
"SO_0564","국화도","2029-01-10 00:00","220","고조"
"SO_0564","국화도","2029-01-09 00:00","734","저조"
"SO_0564","국화도","2029-01-09 00:00","168","고조"
"SO_0564","국화도","2029-01-09 00:00","762","저조"
"SO_0564","국화도","2029-01-09 00:00","122","고조"
"SO_0564","국화도","2029-01-10 00:00","143","고조"
"SO_0564","국화도","2029-01-10 00:00","664","저조"
"SO_0564","국화도","2029-01-10 00:00","737","저조"
"SO_0564","국화도","2029-01-10 00:00","220","고조"
"SO_0564","국화도","2029-01-09 00:00","734","저조"
"SO_0564","국화도","2029-01-09 00:00","168","고조"
"SO_0564","국화도","2029-01-09 00:00","762","저조"
"SO_0564","국화도","2029-01-09 00:00","122","고조"
"SO_0564","국화도","2029-01-10 00:00","143","고조"
"SO_0564","국화도","2029-01-10 00:00","664","저조"
"SO_0564","국화도","2029-01-10 00:00","737","저조"
"SO_0564","국화도","2029-01-10 00:00","220","고조"
"SO_0564","국화도","2029-01-09 00:00","734","저조"
"SO_0564","국화도","2029-01-09 00:00","168","고조"
"SO_0564","국화도","2029-01-09 00:00","762","저조"
"SO_0564","국화도","2029-01-09 00:00","122","고조"
"SO_0564","국화도","2029-01-10 00:00","143","고조"
"SO_0564","국화도","2029-01-10 00:00","664","저조"
"SO_0564","국화도","2029-01-10 00:00","737","저조"
"SO_0564","국화도","2029-01-10 00:00","220","고조"
"SO_0564","국화도","2029-01-09 00:00","734","저조"
"SO_0564","국화도","2029-01-09 00:00","168","고조"
"SO_0564","국화도","2029-01-09 00:00","762","저조"
"SO_0564","국화도","2029-01-09 00:00","122","고조"
"SO_0564","국화도","2029-01-10 00:00","143","고조"
"SO_0564","국화도","2029-01-10 00:00","664","저조"
"SO_0564","국화도","2029-01-10 00:00","737","저조"
"SO_0564","국화도","2029-01-10 00:00","220","고조"
"SO_0564","국화도","2029-01-09 00:00","734","저조"
"SO_0564","국화도","2029-01-09 00:00","168","고조"
"SO_0564","국화도","2029-01-09 00:00","762","저조"
"SO_0564","국화도","2029-01-09 00:00","122","고조"
"SO_0564","국화도","2029-01-10 00:00","143","고조"
"SO_0564","국화도","2029-01-10 00:00","664","저조"
"SO_0564","국화도","2029-01-10 00:00","737","저조"
"SO_0564","국화도","2029-01-10 00:00","220","고조"
"SO_0564","국화도","2029-01-09 00:00","734","저조"
"SO_0564","국화도","2029-01-09 00:00","168","고조"
"SO_0564","국화도","2029-01-09 00:00","762","저조"
"SO_0564","국화도","2029-01-09 00:00","122","고조"
"SO_0564","국화도","2029-01-10 00:00","143","고조"
"SO_0564","국화도","2029-01-10 00:00","664","저조"
"SO_0564","국화도","2029-01-10 00:00","737","저조"
"SO_0564","국화도","2029-01-10 00:00","220","고조"
"SO_0564","국화도","2029-01-09 00:00","734","저조"
"SO_0564","국화도","2029-01-09 00:00","168","고조"
"SO_0564","국화도","2029-01-09 00:00","762","저조"
"SO_0564","국화도","2029-01-09 00:00","122","고조"
"SO_0564","국화도","2029-01-10 00:00","143","고조"
"SO_0564","국화도","2029-01-10 00:00","664","저조"
"SO_0564","국화도","2029-01-10 00:00","737","저조"
"SO_0564","국화도","2029-01-10 00:00","220","고조"
"SO_0564","국화도","2029-01-09 00:00","734","저조"
"SO_0564","국화도","2029-01-09 00:00","168","고조"
"SO_0564","국화도","2029-01-09 00:00","762","저조"
"SO_0564","국화도","2029-01-09 00:00","122","고조"
"SO_0564","국화도","2029-01-10 00:00","143","고조"
"SO_0564","국화도","2029-01-10 00:00","664","저조"
"SO_0564","국화도","2029-01-10 00:00","737","저조"
"SO_0564","국화도","2029-01-10 00:00","220","고조"
"SO_0564","국화도","2029-01-09 00:00","734","저조"
"SO_0564","국화도","2029-01-09 00:00","168","고조"
"SO_0564","국화도","2029-01-09 00:00","762","저조"
"SO_0564","국화도","2029-01-09 00:00","122","고조"
"SO_0564","국화도","2029-01-10 00:00","143","고조"
"SO_0564","국화도","2029-01-10 00:00","664","저조"
"SO_0564","국화도","2029-01-10 00:00","737","저조"
"SO_0564","국화도","2029-01-10 00:00","220","고조"
"SO_0564","국화도","2029-01-09 00:00","734","저조"
"SO_0564","국화도","2029-01-09 00:00","168","고조"
"SO_0564","국화도","2029-01-09 00:00","762","저조"
"SO_0564","국화도","2029-01-09 00:00","122","고조"
"SO_0564","국화도","2029-01-10 00:00","143","고조"
"SO_0564","국화도","2029-01-10 00:00","664","저조"
"SO_0564","국화도","2029-01-10 00:00","737","저조"
"SO_0564","국화도","2029-01-10 00:00","220","고조"
"SO_0564","국화도","2029-01-09 00:00","734","저조"
"SO_0564","국화도","2029-01-09 00:00","168","고조"
"SO_0564","국화도","2029-01-09 00:00","762","저조"
"SO_0564","국화도","2029-01-09 00:00","122","고조"
"SO_0564","국화도","2029-01-10 00:00","143","고조"
"SO_0564","국화도","2029-01-10 00:00","664","저조"
"SO_0564","국화도","2029-01-10 00:00","737","저조"
"SO_0564","국화도","2029-01-10 00:00","220","고조"
"SO_0564","국화도","2029-01-09 00:00","734","저조"
"SO_0564","국화도","2029-01-09 00:00","168","고조"
"SO_0564","국화도","2029-01-09 00:00","762","저조"
"SO_0564","국화도","2029-01-09 00:00","122","고조"
"SO_0564","국화도","2029-01-10 00:00","143","고조"
"SO_0564","국화도","2029-01-10 00:00","664","저조"
"SO_0564","국화도","2029-01-10 00:00","737","저조"
"SO_0564","국화도","2029-01-10 00:00","220","고조"
"SO_0564","국화도","2029-01-09 00:00","734","저조"
"SO_0564","국화도","2029-01-09 00:00","168","고조"
"SO_0564","국화도","2029-01-09 00:00","762","저조"
"SO_0564","국화도","2029-01-09 00:00","122","고조"
"SO_0564","국화도","2029-01-10 00:00","143","고조"
"SO_0564","국화도","2029-01-10 00:00","664","저조"
"SO_0564","국화도","2029-01-10 00:00","737","저조"
"SO_0564","국화도","2029-01-10 00:00","220","고조"
"SO_0564","국화도","2029-01-09 00:00","734","저조"
"SO_0564","국화도","2029-01-09 00:00","168","고조"
"SO_0564","국화도","2029-01-09 00:00","762","저조"
"SO_0564","국화도","2029-01-09 00:00","122","고조"
"SO_0564","국화도","2029-01-10 00:00","143","고조"
"SO_0564","국화도","2029-01-10 00:00","664","저조"
"SO_0564","국화도","2029-01-10 00:00","737","저조"
"SO_0564","국화도","2029-01-10 00:00","220","고조"
"SO_0564","국화도","2029-01-09 00:00","734","저조"
"SO_0564","국화도","2029-01-09 00:00","168","고조"
"SO_0564","국화도","2029-01-09 00:00","762","저조"
"SO_0564","국화도","2029-01-09 00:00","122","고조"
"SO_0564","국화도","2029-01-10 00:00","143","고조"
"SO_0564","국화도","2029-01-10 00:00","664","저조"
"SO_0564","국화도","2029-01-10 00:00","737","저조"
"SO_0564","국화도","2029-01-10 00:00","220","고조"
"SO_0564","국화도","2029-01-09 00:00","734","저조"
"SO_0564","국화도","2029-01-09 00:00","168","고조"
"SO_0564","국화도","2029-01-09 00:00","762","저조"
"SO_0564","국화도","2029-01-09 00:00","122","고조"
"SO_0564","국화도","2029-01-10 00:00","143","고조"
"SO_0564","국화도","2029-01-10 00:00","664","저조"
"SO_0564","국화도","2029-01-10 00:00","737","저조"
"SO_0564","국화도","2029-01-10 00:00","220","고조"
"SO_0564","국화도","2029-01-09 00:00","734","저조"
"SO_0564","국화도","2029-01-09 00:00","168","고조"
"SO_0564","국화도","2029-01-09 00:00","762","저조"
"SO_0564","국화도","2029-01-09 00:00","122","고조"
"SO_0564","국화도","2029-01-10 00:00","143","고조"
"SO_0564","국화도","2029-01-10 00:00","664","저조"
"SO_0564","국화도","2029-01-10 00:00","737","저조"
"SO_0564","국화도","2029-01-10 00:00","220","고조"
"SO_0564","국화도","2029-01-09 00:00","734","저조"
"SO_0564","국화도","2029-01-09 00:00","168","고조"
"SO_0564","국화도","2029-01-09 00:00","762","저조"
"SO_0564","국화도","2029-01-09 00:00","122","고조"
"SO_0564","국화도","2029-01-10 00:00","143","고조"
"SO_0564","국화도","2029-01-10 00:00","664","저조"
"SO_0564","국화도","2029-01-10 00:00","737","저조"
"SO_0564","국화도","2029-01-10 00:00","220","고조"
"SO_0564","국화도","2029-01-09 00:00","734","저조"
"SO_0564","국화도","2029-01-09 00:00","168","고조"
"SO_0564","국화도","2029-01-09 00:00","762","저조"
"SO_0564","국화도","2029-01-09 00:00","122","고조"
"SO_0564","국화도","2029-01-10 00:00","143","고조"
"SO_0564","국화도","2029-01-10 00:00","664","저조"
"SO_0564","국화도","2029-01-10 00:00","737","저조"
"SO_0564","국화도","2029-01-10 00:00","220","고조"
"SO_0564","국화도","2029-01-09 00:00","734","저조"
"SO_0564","국화도","2029-01-09 00:00","168","고조"
"SO_0564","국화도","2029-01-09 00:00","762","저조"
"SO_0564","국화도","2029-01-09 00:00","122","고조"
"SO_0564","국화도","2029-01-10 00:00","143","고조"
"SO_0564","국화도","2029-01-10 00:00","664","저조"
"SO_0564","국화도","2029-01-10 00:00","737","저조"
"SO_0564","국화도","2029-01-10 00:00","220","고조"
"SO_0564","국화도","2029-01-09 00:00","734","저조"
"SO_0564","국화도","2029-01-09 00:00","168","고조"
"SO_0564","국화도","2029-01-09 00:00","762","저조"
"SO_0564","국화도","2029-01-09 00:00","122","고조"
"SO_0564","국화도","2029-01-10 00:00","143","고조"
"SO_0564","국화도","2029-01-10 00:00","664","저조"
"SO_0564","국화도","2029-01-10 00:00","737","저조"
"SO_0564","국화도","2029-01-10 00:00","220","고조"
"SO_0564","국화도","2029-01-09 00:00","734","저조"
"SO_0564","국화도","2029-01-09 00:00","168","고조"
"SO_0564","국화도","2029-01-09 00:00","762","저조"
"SO_0564","국화도","2029-01-09 00:00","122","고조"
"SO_0564","국화도","2029-01-10 00:00","143","고조"
"SO_0564","국화도","2029-01-10 00:00","664","저조"
"SO_0564","국화도","2029-01-10 00:00","737","저조"
"SO_0564","국화도","2029-01-10 00:00","220","고조"
"SO_0564","국화도","2029-01-09 00:00","734","저조"
"SO_0564","국화도","2029-01-09 00:00","168","고조"
"SO_0564","국화도","2029-01-09 00:00","762","저조"
"SO_0564","국화도","2029-01-09 00:00","122","고조"
"SO_0564","국화도","2029-01-10 00:00","143","고조"
"SO_0564","국화도","2029-01-10 00:00","664","저조"
"SO_0564","국화도","2029-01-10 00:00","737","저조"
"SO_0564","국화도","2029-01-10 00:00","220","고조"
"SO_0564","국화도","2029-01-09 00:00","734","저조"
"SO_0564","국화도","2029-01-09 00:00","168","고조"
"SO_0564","국화도","2029-01-09 00:00","762","저조"
"SO_0564","국화도","2029-01-09 00:00","122","고조"
"SO_0564","국화도","2029-01-10 00:00","143","고조"
"SO_0564","국화도","2029-01-10 00:00","664","저조"
"SO_0564","국화도","2029-01-10 00:00","737","저조"
"SO_0564","국화도","2029-01-10 00:00","220","고조"
"SO_0564","국화도","2029-01-09 00:00","734","저조"
"SO_0564","국화도","2029-01-09 00:00","168","고조"
"SO_0564","국화도","2029-01-09 00:00","762","저조"
"SO_0564","국화도","2029-01-09 00:00","122","고조"
"SO_0564","국화도","2029-01-10 00:00","143","고조"
"SO_0564","국화도","2029-01-10 00:00","664","저조"
"SO_0564","국화도","2029-01-10 00:00","737","저조"
"SO_0564","국화도","2029-01-10 00:00","220","고조"
"SO_0564","국화도","2029-01-09 00:00","734","저조"
"SO_0564","국화도","2029-01-09 00:00","168","고조"
"SO_0564","국화도","2029-01-09 00:00","762","저조"
"SO_0564","국화도","2029-01-09 00:00","122","고조"
"SO_0564","국화도","2029-01-10 00:00","143","고조"
"SO_0564","국화도","2029-01-10 00:00","664","저조"
"SO_0564","국화도","2029-01-10 00:00","737","저조"
"SO_0564","국화도","2029-01-10 00:00","220","고조"
"SO_0564","국화도","2029-01-09 00:00","734","저조"
"SO_0564","국화도","2029-01-09 00:00","168","고조"
"SO_0564","국화도","2029-01-09 00:00","762","저조"
"SO_0564","국화도","2029-01-09 00:00","122","고조"
"SO_0564","국화도","2029-01-10 00:00","143","고조"
"SO_0564","국화도","2029-01-10 00:00","664","저조"
"SO_0564","국화도","2029-01-10 00:00","737","저조"
"SO_0564","국화도","2029-01-10 00:00","220","고조"
"SO_0564","국화도","2029-01-09 00:00","734","저조"
"SO_0564","국화도","2029-01-09 00:00","168","고조"
"SO_0564","국화도","2029-01-09 00:00","762","저조"
"SO_0564","국화도","2029-01-09 00:00","122","고조"
"SO_0564","국화도","2029-01-10 00:00","143","고조"
"SO_0564","국화도","2029-01-10 00:00","664","저조"
"SO_0564","국화도","2029-01-10 00:00","737","저조"
"SO_0564","국화도","2029-01-10 00:00","220","고조"
"SO_0564","국화도","2029-01-09 00:00","734","저조"
"SO_0564","국화도","2029-01-09 00:00","168","고조"
"SO_0564","국화도","2029-01-09 00:00","762","저조"
"SO_0564","국화도","2029-01-09 00:00","122","고조"
"SO_0564","국화도","2029-01-10 00:00","143","고조"
"SO_0564","국화도","2029-01-10 00:00","664","저조"
"SO_0564","국화도","2029-01-10 00:00","737","저조"
"SO_0564","국화도","2029-01-10 00:00","220","고조"
"SO_0564","국화도","2029-01-09 00:00","734","저조"
"SO_0564","국화도","2029-01-09 00:00","168","고조"
"SO_0564","국화도","2029-01-09 00:00","762","저조"
"SO_0564","국화도","2029-01-09 00:00","122","고조"
"SO_0564","국화도","2029-01-10 00:00","143","고조"
"SO_0564","국화도","2029-01-10 00:00","664","저조"
"SO_0564","국화도","2029-01-10 00:00","737","저조"
"SO_0564","국화도","2029-01-10 00:00","220","고조"
"SO_0564","국화도","2029-01-09 00:00","734","저조"
"SO_0564","국화도","2029-01-09 00:00","168","고조"
"SO_0564","국화도","2029-01-09 00:00","762","저조"
"SO_0564","국화도","2029-01-09 00:00","122","고조"
"SO_0564","국화도","2029-01-10 00:00","143","고조"
"SO_0564","국화도","2029-01-10 00:00","664","저조"
"SO_0564","국화도","2029-01-10 00:00","737","저조"
"SO_0564","국화도","2029-01-10 00:00","220","고조"
"SO_0564","국화도","2029-01-09 00:00","734","저조"
"SO_0564","국화도","2029-01-09 00:00","168","고조"
"SO_0564","국화도","2029-01-09 00:00","762","저조"
"SO_0564","국화도","2029-01-09 00:00","122","고조"
"SO_0564","국화도","2029-01-10 00:00","143","고조"
"SO_0564","국화도","2029-01-10 00:00","664","저조"
"SO_0564","국화도","2029-01-10 00:00","737","저조"
"SO_0564","국화도","2029-01-10 00:00","220","고조"
"SO_0564","국화도","2029-01-09 00:00","734","저조"
"SO_0564","국화도","2029-01-09 00:00","168","고조"
"SO_0564","국화도","2029-01-09 00:00","762","저조"
"SO_0564","국화도","2029-01-09 00:00","122","고조"
"SO_0564","국화도","2029-01-10 00:00","143","고조"
"SO_0564","국화도","2029-01-10 00:00","664","저조"
"SO_0564","국화도","2029-01-10 00:00","737","저조"
"SO_0564","국화도","2029-01-10 00:00","220","고조"
"SO_0564","국화도","2029-01-09 00:00","734","저조"
"SO_0564","국화도","2029-01-09 00:00","168","고조"
"SO_0564","국화도","2029-01-09 00:00","762","저조"
"SO_0564","국화도","2029-01-09 00:00","122","고조"
"SO_0564","국화도","2029-01-10 00:00","143","고조"
"SO_0564","국화도","2029-01-10 00:00","664","저조"
"SO_0564","국화도","2029-01-10 00:00","737","저조"
"SO_0564","국화도","2029-01-10 00:00","220","고조"
"SO_0564","국화도","2029-01-09 00:00","734","저조"
"SO_0564","국화도","2029-01-09 00:00","168","고조"
"SO_0564","국화도","2029-01-09 00:00","762","저조"
"SO_0564","국화도","2029-01-09 00:00","122","고조"
"SO_0564","국화도","2029-01-10 00:00","143","고조"
"SO_0564","국화도","2029-01-10 00:00","664","저조"
"SO_0564","국화도","2029-01-10 00:00","737","저조"
"SO_0564","국화도","2029-01-10 00:00","220","고조"
"SO_0564","국화도","2029-01-09 00:00","734","저조"
"SO_0564","국화도","2029-01-09 00:00","168","고조"
"SO_0564","국화도","2029-01-09 00:00","762","저조"
"SO_0564","국화도","2029-01-09 00:00","122","고조"
"SO_0564","국화도","2029-01-10 00:00","143","고조"
"SO_0564","국화도","2029-01-10 00:00","664","저조"
"SO_0564","국화도","2029-01-10 00:00","737","저조"
"SO_0564","국화도","2029-01-10 00:00","220","고조"
"SO_0564","국화도","2029-01-09 00:00","734","저조"
"SO_0564","국화도","2029-01-09 00:00","168","고조"
"SO_0564","국화도","2029-01-09 00:00","762","저조"
"SO_0564","국화도","2029-01-09 00:00","122","고조"
"SO_0564","국화도","2029-01-10 00:00","143","고조"
"SO_0564","국화도","2029-01-10 00:00","664","저조"
"SO_0564","국화도","2029-01-10 00:00","737","저조"
"SO_0564","국화도","2029-01-10 00:00","220","고조"
"SO_0564","국화도","2029-01-09 00:00","734","저조"
"SO_0564","국화도","2029-01-09 00:00","168","고조"
"SO_0564","국화도","2029-01-09 00:00","762","저조"
"SO_0564","국화도","2029-01-09 00:00","122","고조"
"SO_0564","국화도","2029-01-10 00:00","143","고조"
"SO_0564","국화도","2029-01-10 00:00","664","저조"
"SO_0564","국화도","2029-01-10 00:00","737","저조"
"SO_0564","국화도","2029-01-10 00:00","220","고조"
"SO_0564","국화도","2029-01-09 00:00","734","저조"
"SO_0564","국화도","2029-01-09 00:00","168","고조"
"SO_0564","국화도","2029-01-09 00:00","762","저조"
"SO_0564","국화도","2029-01-09 00:00","122","고조"
"SO_0564","국화도","2029-01-10 00:00","143","고조"
"SO_0564","국화도","2029-01-10 00:00","664","저조"
"SO_0564","국화도","2029-01-10 00:00","737","저조"
"SO_0564","국화도","2029-01-10 00:00","220","고조"
"SO_0564","국화도","2029-01-09 00:00","734","저조"
"SO_0564","국화도","2029-01-09 00:00","168","고조"
"SO_0564","국화도","2029-01-09 00:00","762","저조"
"SO_0564","국화도","2029-01-09 00:00","122","고조"
"SO_0564","국화도","2029-01-10 00:00","143","고조"
"SO_0564","국화도","2029-01-10 00:00","664","저조"
"SO_0564","국화도","2029-01-10 00:00","737","저조"
"SO_0564","국화도","2029-01-10 00:00","220","고조"
"SO_0564","국화도","2029-01-09 00:00","734","저조"
"SO_0564","국화도","2029-01-09 00:00","168","고조"
"SO_0564","국화도","2029-01-09 00:00","762","저조"
"SO_0564","국화도","2029-01-09 00:00","122","고조"
"SO_0564","국화도","2029-01-10 00:00","143","고조"
"SO_0564","국화도","2029-01-10 00:00","664","저조"
"SO_0564","국화도","2029-01-10 00:00","737","저조"
"SO_0564","국화도","2029-01-10 00:00","220","고조"
"SO_0564","국화도","2029-01-09 00:00","734","저조"
"SO_0564","국화도","2029-01-09 00:00","168","고조"
"SO_0564","국화도","2029-01-09 00:00","762","저조"
"SO_0564","국화도","2029-01-09 00:00","122","고조"
"SO_0564","국화도","2029-01-10 00:00","143","고조"
"SO_0564","국화도","2029-01-10 00:00","664","저조"
"SO_0564","국화도","2029-01-10 00:00","737","저조"
"SO_0564","국화도","2029-01-10 00:00","220","고조"
"SO_0564","국화도","2029-01-09 00:00","734","저조"
"SO_0564","국화도","2029-01-09 00:00","168","고조"
"SO_0564","국화도","2029-01-09 00:00","762","저조"
"SO_0564","국화도","2029-01-09 00:00","122","고조"
"SO_0564","국화도","2029-01-10 00:00","143","고조"
"SO_0564","국화도","2029-01-10 00:00","664","저조"
"SO_0564","국화도","2029-01-10 00:00","737","저조"
"SO_0564","국화도","2029-01-10 00:00","220","고조"
"SO_0564","국화도","2029-01-09 00:00","734","저조"
"SO_0564","국화도","2029-01-09 00:00","168","고조"
"SO_0564","국화도","2029-01-09 00:00","762","저조"
"SO_0564","국화도","2029-01-09 00:00","122","고조"
"SO_0564","국화도","2029-01-10 00:00","143","고조"
"SO_0564","국화도","2029-01-10 00:00","664","저조"
"SO_0564","국화도","2029-01-10 00:00","737","저조"
"SO_0564","국화도","2029-01-10 00:00","220","고조"
"SO_0564","국화도","2029-01-09 00:00","734","저조"
"SO_0564","국화도","2029-01-09 00:00","168","고조"
"SO_0564","국화도","2029-01-09 00:00","762","저조"
"SO_0564","국화도","2029-01-09 00:00","122","고조"
"SO_0564","국화도","2029-01-10 00:00","143","고조"
"SO_0564","국화도","2029-01-10 00:00","664","저조"
"SO_0564","국화도","2029-01-10 00:00","737","저조"
"SO_0564","국화도","2029-01-10 00:00","220","고조"
"SO_0564","국화도","2029-01-09 00:00","734","저조"
"SO_0564","국화도","2029-01-09 00:00","168","고조"
"SO_0564","국화도","2029-01-09 00:00","762","저조"
"SO_0564","국화도","2029-01-09 00:00","122","고조"
"SO_0564","국화도","2029-01-10 00:00","143","고조"
"SO_0564","국화도","2029-01-10 00:00","664","저조"
"SO_0564","국화도","2029-01-10 00:00","737","저조"
"SO_0564","국화도","2029-01-10 00:00","220","고조"
"SO_0564","국화도","2029-01-09 00:00","734","저조"
"SO_0564","국화도","2029-01-09 00:00","168","고조"
"SO_0564","국화도","2029-01-09 00:00","762","저조"
"SO_0564","국화도","2029-01-09 00:00","122","고조"
"SO_0564","국화도","2029-01-10 00:00","143","고조"
"SO_0564","국화도","2029-01-10 00:00","664","저조"
"SO_0564","국화도","2029-01-10 00:00","737","저조"
"SO_0564","국화도","2029-01-10 00:00","220","고조"
"SO_0564","국화도","2029-01-09 00:00","734","저조"
"SO_0564","국화도","2029-01-09 00:00","168","고조"
"SO_0564","국화도","2029-01-09 00:00","762","저조"
"SO_0564","국화도","2029-01-09 00:00","122","고조"
"SO_0564","국화도","2029-01-10 00:00","143","고조"
"SO_0564","국화도","2029-01-10 00:00","664","저조"
"SO_0564","국화도","2029-01-10 00:00","737","저조"
"SO_0564","국화도","2029-01-10 00:00","220","고조"
"SO_0564","국화도","2029-01-09 00:00","734","저조"
"SO_0564","국화도","2029-01-09 00:00","168","고조"
"SO_0564","국화도","2029-01-09 00:00","762","저조"
"SO_0564","국화도","2029-01-09 00:00","122","고조"
"SO_0564","국화도","2029-01-10 00:00","143","고조"
"SO_0564","국화도","2029-01-10 00:00","664","저조"
"SO_0564","국화도","2029-01-10 00:00","737","저조"
"SO_0564","국화도","2029-01-10 00:00","220","고조"
"SO_0564","국화도","2029-01-09 00:00","734","저조"
"SO_0564","국화도","2029-01-09 00:00","168","고조"
"SO_0564","국화도","2029-01-09 00:00","762","저조"
"SO_0564","국화도","2029-01-09 00:00","122","고조"
"SO_0564","국화도","2029-01-10 00:00","143","고조"
"SO_0564","국화도","2029-01-10 00:00","664","저조"
"SO_0564","국화도","2029-01-10 00:00","737","저조"
"SO_0564","국화도","2029-01-10 00:00","220","고조"
"SO_0564","국화도","2029-01-09 00:00","734","저조"
"SO_0564","국화도","2029-01-09 00:00","168","고조"
"SO_0564","국화도","2029-01-09 00:00","762","저조"
"SO_0564","국화도","2029-01-09 00:00","122","고조"
"SO_0564","국화도","2029-01-10 00:00","143","고조"
"SO_0564","국화도","2029-01-10 00:00","664","저조"
"SO_0564","국화도","2029-01-10 00:00","737","저조"
"SO_0564","국화도","2029-01-10 00:00","220","고조"
"SO_0564","국화도","2029-01-09 00:00","734","저조"
"SO_0564","국화도","2029-01-09 00:00","168","고조"
"SO_0564","국화도","2029-01-09 00:00","762","저조"
"SO_0564","국화도","2029-01-09 00:00","122","고조"
"SO_0564","국화도","2029-01-10 00:00","143","고조"
"SO_0564","국화도","2029-01-10 00:00","664","저조"
"SO_0564","국화도","2029-01-10 00:00","737","저조"
"SO_0564","국화도","2029-01-10 00:00","220","고조"
"SO_0564","국화도","2029-01-09 00:00","734","저조"
"SO_0564","국화도","2029-01-09 00:00","168","고조"
"SO_0564","국화도","2029-01-09 00:00","762","저조"
"SO_0564","국화도","2029-01-09 00:00","122","고조"
"SO_0564","국화도","2029-01-10 00:00","143","고조"
"SO_0564","국화도","2029-01-10 00:00","664","저조"
"SO_0564","국화도","2029-01-10 00:00","737","저조"
"SO_0564","국화도","2029-01-10 00:00","220","고조"
"SO_0564","국화도","2029-01-09 00:00","734","저조"
"SO_0564","국화도","2029-01-09 00:00","168","고조"
"SO_0564","국화도","2029-01-09 00:00","762","저조"
"SO_0564","국화도","2029-01-09 00:00","122","고조"
"SO_0564","국화도","2029-01-10 00:00","143","고조"
"SO_0564","국화도","2029-01-10 00:00","664","저조"
"SO_0564","국화도","2029-01-10 00:00","737","저조"
"SO_0564","국화도","2029-01-10 00:00","220","고조"
"SO_0564","국화도","2029-01-09 00:00","734","저조"
"SO_0564","국화도","2029-01-09 00:00","168","고조"
"SO_0564","국화도","2029-01-09 00:00","762","저조"
"SO_0564","국화도","2029-01-09 00:00","122","고조"
"SO_0564","국화도","2029-01-10 00:00","143","고조"
"SO_0564","국화도","2029-01-10 00:00","664","저조"
"SO_0564","국화도","2029-01-10 00:00","737","저조"
"SO_0564","국화도","2029-01-10 00:00","220","고조"
"SO_0564","국화도","2029-01-09 00:00","734","저조"
"SO_0564","국화도","2029-01-09 00:00","168","고조"
"SO_0564","국화도","2029-01-09 00:00","762","저조"
"SO_0564","국화도","2029-01-09 00:00","122","고조"
"SO_0564","국화도","2029-01-10 00:00","143","고조"
"SO_0564","국화도","2029-01-10 00:00","664","저조"
"SO_0564","국화도","2029-01-10 00:00","737","저조"
"SO_0564","국화도","2029-01-10 00:00","220","고조"
"SO_0564","국화도","2029-01-09 00:00","734","저조"
"SO_0564","국화도","2029-01-09 00:00","168","고조"
"SO_0564","국화도","2029-01-09 00:00","762","저조"
"SO_0564","국화도","2029-01-09 00:00","122","고조"
"SO_0564","국화도","2029-01-10 00:00","143","고조"
"SO_0564","국화도","2029-01-10 00:00","664","저조"
"SO_0564","국화도","2029-01-10 00:00","737","저조"
"SO_0564","국화도","2029-01-10 00:00","220","고조"
"SO_0564","국화도","2029-01-09 00:00","734","저조"
"SO_0564","국화도","2029-01-09 00:00","168","고조"
"SO_0564","국화도","2029-01-09 00:00","762","저조"
"SO_0564","국화도","2029-01-09 00:00","122","고조"
"SO_0564","국화도","2029-01-10 00:00","143","고조"
"SO_0564","국화도","2029-01-10 00:00","664","저조"
"SO_0564","국화도","2029-01-10 00:00","737","저조"
"SO_0564","국화도","2029-01-10 00:00","220","고조"
"SO_0564","국화도","2029-01-09 00:00","734","저조"
"SO_0564","국화도","2029-01-09 00:00","168","고조"
"SO_0564","국화도","2029-01-09 00:00","762","저조"
"SO_0564","국화도","2029-01-09 00:00","122","고조"
"SO_0564","국화도","2029-01-10 00:00","143","고조"
"SO_0564","국화도","2029-01-10 00:00","664","저조"
"SO_0564","국화도","2029-01-10 00:00","737","저조"
"SO_0564","국화도","2029-01-10 00:00","220","고조"
"SO_0564","국화도","2029-01-09 00:00","734","저조"
"SO_0564","국화도","2029-01-09 00:00","168","고조"
"SO_0564","국화도","2029-01-09 00:00","762","저조"
"SO_0564","국화도","2029-01-09 00:00","122","고조"
"SO_0564","국화도","2029-01-10 00:00","143","고조"
"SO_0564","국화도","2029-01-10 00:00","664","저조"
"SO_0564","국화도","2029-01-10 00:00","737","저조"
"SO_0564","국화도","2029-01-10 00:00","220","고조"
"SO_0564","국화도","2029-01-09 00:00","734","저조"
"SO_0564","국화도","2029-01-09 00:00","168","고조"
"SO_0564","국화도","2029-01-09 00:00","762","저조"
"SO_0564","국화도","2029-01-09 00:00","122","고조"
"SO_0564","국화도","2029-01-10 00:00","143","고조"
"SO_0564","국화도","2029-01-10 00:00","664","저조"
"SO_0564","국화도","2029-01-10 00:00","737","저조"
"SO_0564","국화도","2029-01-10 00:00","220","고조"
"SO_0564","국화도","2029-01-09 00:00","734","저조"
"SO_0564","국화도","2029-01-09 00:00","168","고조"
"SO_0564","국화도","2029-01-09 00:00","762","저조"
"SO_0564","국화도","2029-01-09 00:00","122","고조"
"SO_0564","국화도","2029-01-10 00:00","143","고조"
"SO_0564","국화도","2029-01-10 00:00","664","저조"
"SO_0564","국화도","2029-01-10 00:00","737","저조"
"SO_0564","국화도","2029-01-10 00:00","220","고조"
"SO_0564","국화도","2029-01-09 00:00","734","저조"
"SO_0564","국화도","2029-01-09 00:00","168","고조"
"SO_0564","국화도","2029-01-09 00:00","762","저조"
"SO_0564","국화도","2029-01-09 00:00","122","고조"
"SO_0564","국화도","2029-01-10 00:00","143","고조"
"SO_0564","국화도","2029-01-10 00:00","664","저조"
"SO_0564","국화도","2029-01-10 00:00","737","저조"
"SO_0564","국화도","2029-01-10 00:00","220","고조"
"SO_0564","국화도","2029-01-09 00:00","734","저조"
"SO_0564","국화도","2029-01-09 00:00","168","고조"
"SO_0564","국화도","2029-01-09 00:00","762","저조"
"SO_0564","국화도","2029-01-09 00:00","122","고조"
"SO_0564","국화도","2029-01-10 00:00","143","고조"
"SO_0564","국화도","2029-01-10 00:00","664","저조"
"SO_0564","국화도","2029-01-10 00:00","737","저조"
"SO_0564","국화도","2029-01-10 00:00","220","고조"
"SO_0564","국화도","2029-01-09 00:00","734","저조"
"SO_0564","국화도","2029-01-09 00:00","168","고조"
"SO_0564","국화도","2029-01-09 00:00","762","저조"
"SO_0564","국화도","2029-01-09 00:00","122","고조"
"SO_0564","국화도","2029-01-10 00:00","143","고조"
"SO_0564","국화도","2029-01-10 00:00","664","저조"
"SO_0564","국화도","2029-01-10 00:00","737","저조"
"SO_0564","국화도","2029-01-10 00:00","220","고조"
"SO_0564","국화도","2029-01-09 00:00","734","저조"
"SO_0564","국화도","2029-01-09 00:00","168","고조"
"SO_0564","국화도","2029-01-09 00:00","762","저조"
"SO_0564","국화도","2029-01-09 00:00","122","고조"
"SO_0564","국화도","2029-01-10 00:00","143","고조"
"SO_0564","국화도","2029-01-10 00:00","664","저조"
"SO_0564","국화도","2029-01-10 00:00","737","저조"
"SO_0564","국화도","2029-01-10 00:00","220","고조"
"SO_0564","국화도","2029-01-09 00:00","734","저조"
"SO_0564","국화도","2029-01-09 00:00","168","고조"
"SO_0564","국화도","2029-01-09 00:00","762","저조"
"SO_0564","국화도","2029-01-09 00:00","122","고조"
"SO_0564","국화도","2029-01-10 00:00","143","고조"
"SO_0564","국화도","2029-01-10 00:00","664","저조"
"SO_0564","국화도","2029-01-10 00:00","737","저조"
"SO_0564","국화도","2029-01-10 00:00","220","고조"
"SO_0564","국화도","2029-01-09 00:00","734","저조"
"SO_0564","국화도","2029-01-09 00:00","168","고조"
"SO_0564","국화도","2029-01-09 00:00","762","저조"
"SO_0564","국화도","2029-01-09 00:00","122","고조"
"SO_0564","국화도","2029-01-10 00:00","143","고조"
"SO_0564","국화도","2029-01-10 00:00","664","저조"
"SO_0564","국화도","2029-01-10 00:00","737","저조"
"SO_0564","국화도","2029-01-10 00:00","220","고조"
"SO_0564","국화도","2029-01-09 00:00","734","저조"
"SO_0564","국화도","2029-01-09 00:00","168","고조"
"SO_0564","국화도","2029-01-09 00:00","762","저조"
"SO_0564","국화도","2029-01-09 00:00","122","고조"
"SO_0564","국화도","2029-01-10 00:00","143","고조"
"SO_0564","국화도","2029-01-10 00:00","664","저조"
"SO_0564","국화도","2029-01-10 00:00","737","저조"
"SO_0564","국화도","2029-01-10 00:00","220","고조"
"SO_0564","국화도","2029-01-09 00:00","734","저조"
"SO_0564","국화도","2029-01-09 00:00","168","고조"
"SO_0564","국화도","2029-01-09 00:00","762","저조"
"SO_0564","국화도","2029-01-09 00:00","122","고조"
"SO_0564","국화도","2029-01-10 00:00","143","고조"
"SO_0564","국화도","2029-01-10 00:00","664","저조"
"SO_0564","국화도","2029-01-10 00:00","737","저조"
"SO_0564","국화도","2029-01-10 00:00","220","고조"
"SO_0564","국화도","2029-01-09 00:00","734","저조"
"SO_0564","국화도","2029-01-09 00:00","168","고조"
"SO_0564","국화도","2029-01-09 00:00","762","저조"
"SO_0564","국화도","2029-01-09 00:00","122","고조"
"SO_0564","국화도","2029-01-10 00:00","143","고조"
"SO_0564","국화도","2029-01-10 00:00","664","저조"
"SO_0564","국화도","2029-01-10 00:00","737","저조"
"SO_0564","국화도","2029-01-10 00:00","220","고조"
"SO_0564","국화도","2029-01-09 00:00","734","저조"
"SO_0564","국화도","2029-01-09 00:00","168","고조"
"SO_0564","국화도","2029-01-09 00:00","762","저조"
"SO_0564","국화도","2029-01-09 00:00","122","고조"
"SO_0564","국화도","2029-01-10 00:00","143","고조"
"SO_0564","국화도","2029-01-10 00:00","664","저조"
"SO_0564","국화도","2029-01-10 00:00","737","저조"
"SO_0564","국화도","2029-01-10 00:00","220","고조"
"SO_0564","국화도","2029-01-09 00:00","734","저조"
"SO_0564","국화도","2029-01-09 00:00","168","고조"
"SO_0564","국화도","2029-01-09 00:00","762","저조"
"SO_0564","국화도","2029-01-09 00:00","122","고조"
"SO_0564","국화도","2029-01-10 00:00","143","고조"
"SO_0564","국화도","2029-01-10 00:00","664","저조"
"SO_0564","국화도","2029-01-10 00:00","737","저조"
"SO_0564","국화도","2029-01-10 00:00","220","고조"
"SO_0564","국화도","2029-01-09 00:00","734","저조"
"SO_0564","국화도","2029-01-09 00:00","168","고조"
"SO_0564","국화도","2029-01-09 00:00","762","저조"
"SO_0564","국화도","2029-01-09 00:00","122","고조"
"SO_0564","국화도","2029-01-10 00:00","143","고조"
"SO_0564","국화도","2029-01-10 00:00","664","저조"
"SO_0564","국화도","2029-01-10 00:00","737","저조"
"SO_0564","국화도","2029-01-10 00:00","220","고조"
"SO_0564","국화도","2029-01-09 00:00","734","저조"
"SO_0564","국화도","2029-01-09 00:00","168","고조"
"SO_0564","국화도","2029-01-09 00:00","762","저조"
"SO_0564","국화도","2029-01-09 00:00","122","고조"
"SO_0564","국화도","2029-01-10 00:00","143","고조"
"SO_0564","국화도","2029-01-10 00:00","664","저조"
"SO_0564","국화도","2029-01-10 00:00","737","저조"
"SO_0564","국화도","2029-01-10 00:00","220","고조"
"SO_0564","국화도","2029-01-09 00:00","734","저조"
"SO_0564","국화도","2029-01-09 00:00","168","고조"
"SO_0564","국화도","2029-01-09 00:00","762","저조"
"SO_0564","국화도","2029-01-09 00:00","122","고조"
"SO_0564","국화도","2029-01-10 00:00","143","고조"
"SO_0564","국화도","2029-01-10 00:00","664","저조"
"SO_0564","국화도","2029-01-10 00:00","737","저조"
"SO_0564","국화도","2029-01-10 00:00","220","고조"
"SO_0564","국화도","2029-01-09 00:00","734","저조"
"SO_0564","국화도","2029-01-09 00:00","168","고조"
"SO_0564","국화도","2029-01-09 00:00","762","저조"
"SO_0564","국화도","2029-01-09 00:00","122","고조"
"SO_0564","국화도","2029-01-10 00:00","143","고조"
"SO_0564","국화도","2029-01-10 00:00","664","저조"
"SO_0564","국화도","2029-01-10 00:00","737","저조"
"SO_0564","국화도","2029-01-10 00:00","220","고조"
"SO_0564","국화도","2029-01-09 00:00","734","저조"
"SO_0564","국화도","2029-01-09 00:00","168","고조"
"SO_0564","국화도","2029-01-09 00:00","762","저조"
"SO_0564","국화도","2029-01-09 00:00","122","고조"
"SO_0564","국화도","2029-01-10 00:00","143","고조"
"SO_0564","국화도","2029-01-10 00:00","664","저조"
"SO_0564","국화도","2029-01-10 00:00","737","저조"
"SO_0564","국화도","2029-01-10 00:00","220","고조"
"SO_0564","국화도","2029-01-09 00:00","734","저조"
"SO_0564","국화도","2029-01-09 00:00","168","고조"
"SO_0564","국화도","2029-01-09 00:00","762","저조"
"SO_0564","국화도","2029-01-09 00:00","122","고조"
"SO_0564","국화도","2029-01-10 00:00","143","고조"
"SO_0564","국화도","2029-01-10 00:00","664","저조"
"SO_0564","국화도","2029-01-10 00:00","737","저조"
"SO_0564","국화도","2029-01-10 00:00","220","고조"
"SO_0564","국화도","2029-01-09 00:00","734","저조"
"SO_0564","국화도","2029-01-09 00:00","168","고조"
"SO_0564","국화도","2029-01-09 00:00","762","저조"
"SO_0564","국화도","2029-01-09 00:00","122","고조"
"SO_0564","국화도","2029-01-10 00:00","143","고조"
"SO_0564","국화도","2029-01-10 00:00","664","저조"
"SO_0564","국화도","2029-01-10 00:00","737","저조"
"SO_0564","국화도","2029-01-10 00:00","220","고조"
"SO_0564","국화도","2029-01-09 00:00","734","저조"
"SO_0564","국화도","2029-01-09 00:00","168","고조"
"SO_0564","국화도","2029-01-09 00:00","762","저조"
"SO_0564","국화도","2029-01-09 00:00","122","고조"
"SO_0564","국화도","2029-01-10 00:00","143","고조"
"SO_0564","국화도","2029-01-10 00:00","664","저조"
"SO_0564","국화도","2029-01-10 00:00","737","저조"
"SO_0564","국화도","2029-01-10 00:00","220","고조"
"SO_0564","국화도","2029-01-09 00:00","734","저조"
"SO_0564","국화도","2029-01-09 00:00","168","고조"
"SO_0564","국화도","2029-01-09 00:00","762","저조"
"SO_0564","국화도","2029-01-09 00:00","122","고조"
"SO_0564","국화도","2029-01-10 00:00","143","고조"
"SO_0564","국화도","2029-01-10 00:00","664","저조"
"SO_0564","국화도","2029-01-10 00:00","737","저조"
"SO_0564","국화도","2029-01-10 00:00","220","고조"
"SO_0564","국화도","2029-01-09 00:00","734","저조"
"SO_0564","국화도","2029-01-09 00:00","168","고조"
"SO_0564","국화도","2029-01-09 00:00","762","저조"
"SO_0564","국화도","2029-01-09 00:00","122","고조"
"SO_0564","국화도","2029-01-10 00:00","143","고조"
"SO_0564","국화도","2029-01-10 00:00","664","저조"
"SO_0564","국화도","2029-01-10 00:00","737","저조"
"SO_0564","국화도","2029-01-10 00:00","220","고조"
"SO_0564","국화도","2029-01-09 00:00","734","저조"
"SO_0564","국화도","2029-01-09 00:00","168","고조"
"SO_0564","국화도","2029-01-09 00:00","762","저조"
"SO_0564","국화도","2029-01-09 00:00","122","고조"
"SO_0564","국화도","2029-01-10 00:00","143","고조"
"SO_0564","국화도","2029-01-10 00:00","664","저조"
"SO_0564","국화도","2029-01-10 00:00","737","저조"
"SO_0564","국화도","2029-01-10 00:00","220","고조"
"SO_0564","국화도","2029-01-09 00:00","734","저조"
"SO_0564","국화도","2029-01-09 00:00","168","고조"
"SO_0564","국화도","2029-01-09 00:00","762","저조"
"SO_0564","국화도","2029-01-09 00:00","122","고조"
"SO_0564","국화도","2029-01-10 00:00","143","고조"
"SO_0564","국화도","2029-01-10 00:00","664","저조"
"SO_0564","국화도","2029-01-10 00:00","737","저조"
"SO_0564","국화도","2029-01-10 00:00","220","고조"
"SO_0564","국화도","2029-01-09 00:00","734","저조"
"SO_0564","국화도","2029-01-09 00:00","168","고조"
"SO_0564","국화도","2029-01-09 00:00","762","저조"
"SO_0564","국화도","2029-01-09 00:00","122","고조"
"SO_0564","국화도","2029-01-10 00:00","143","고조"
"SO_0564","국화도","2029-01-10 00:00","664","저조"
"SO_0564","국화도","2029-01-10 00:00","737","저조"
"SO_0564","국화도","2029-01-10 00:00","220","고조"
"SO_0564","국화도","2029-01-09 00:00","734","저조"
"SO_0564","국화도","2029-01-09 00:00","168","고조"
"SO_0564","국화도","2029-01-09 00:00","762","저조"
"SO_0564","국화도","2029-01-09 00:00","122","고조"
"SO_0564","국화도","2029-01-10 00:00","143","고조"
"SO_0564","국화도","2029-01-10 00:00","664","저조"
"SO_0564","국화도","2029-01-10 00:00","737","저조"
"SO_0564","국화도","2029-01-10 00:00","220","고조"
"SO_0564","국화도","2029-01-09 00:00","734","저조"
"SO_0564","국화도","2029-01-09 00:00","168","고조"
"SO_0564","국화도","2029-01-09 00:00","762","저조"
"SO_0564","국화도","2029-01-09 00:00","122","고조"
"SO_0564","국화도","2029-01-10 00:00","143","고조"
"SO_0564","국화도","2029-01-10 00:00","664","저조"
"SO_0564","국화도","2029-01-10 00:00","737","저조"
"SO_0564","국화도","2029-01-10 00:00","220","고조"
"SO_0564","국화도","2029-01-09 00:00","734","저조"
"SO_0564","국화도","2029-01-09 00:00","168","고조"
"SO_0564","국화도","2029-01-09 00:00","762","저조"
"SO_0564","국화도","2029-01-09 00:00","122","고조"
"SO_0564","국화도","2029-01-10 00:00","143","고조"
"SO_0564","국화도","2029-01-10 00:00","664","저조"
"SO_0564","국화도","2029-01-10 00:00","737","저조"
"SO_0564","국화도","2029-01-10 00:00","220","고조"
"SO_0564","국화도","2029-01-09 00:00","734","저조"
"SO_0564","국화도","2029-01-09 00:00","168","고조"
"SO_0564","국화도","2029-01-09 00:00","762","저조"
"SO_0564","국화도","2029-01-09 00:00","122","고조"
"SO_0564","국화도","2029-01-10 00:00","143","고조"
"SO_0564","국화도","2029-01-10 00:00","664","저조"
"SO_0564","국화도","2029-01-10 00:00","737","저조"
"SO_0564","국화도","2029-01-10 00:00","220","고조"
"SO_0564","국화도","2029-01-09 00:00","734","저조"
"SO_0564","국화도","2029-01-09 00:00","168","고조"
"SO_0564","국화도","2029-01-09 00:00","762","저조"
"SO_0564","국화도","2029-01-09 00:00","122","고조"
"SO_0564","국화도","2029-01-10 00:00","143","고조"
"SO_0564","국화도","2029-01-10 00:00","664","저조"
"SO_0564","국화도","2029-01-10 00:00","737","저조"
"SO_0564","국화도","2029-01-10 00:00","220","고조"
"SO_0564","국화도","2029-01-09 00:00","734","저조"
"SO_0564","국화도","2029-01-09 00:00","168","고조"
"SO_0564","국화도","2029-01-09 00:00","762","저조"
"SO_0564","국화도","2029-01-09 00:00","122","고조"
"SO_0564","국화도","2029-01-10 00:00","143","고조"
"SO_0564","국화도","2029-01-10 00:00","664","저조"
"SO_0564","국화도","2029-01-10 00:00","737","저조"
"SO_0564","국화도","2029-01-10 00:00","220","고조"
"SO_0564","국화도","2029-01-09 00:00","734","저조"
"SO_0564","국화도","2029-01-09 00:00","168","고조"
"SO_0564","국화도","2029-01-09 00:00","762","저조"
"SO_0564","국화도","2029-01-09 00:00","122","고조"
"SO_0564","국화도","2029-01-10 00:00","143","고조"
"SO_0564","국화도","2029-01-10 00:00","664","저조"
"SO_0564","국화도","2029-01-10 00:00","737","저조"
"SO_0564","국화도","2029-01-10 00:00","220","고조"
"SO_0564","국화도","2029-01-09 00:00","734","저조"
"SO_0564","국화도","2029-01-09 00:00","168","고조"
"SO_0564","국화도","2029-01-09 00:00","762","저조"
"SO_0564","국화도","2029-01-09 00:00","122","고조"
"SO_0564","국화도","2029-01-10 00:00","143","고조"
"SO_0564","국화도","2029-01-10 00:00","664","저조"
"SO_0564","국화도","2029-01-10 00:00","737","저조"
"SO_0564","국화도","2029-01-10 00:00","220","고조"
"SO_0564","국화도","2029-01-09 00:00","734","저조"
"SO_0564","국화도","2029-01-09 00:00","168","고조"
"SO_0564","국화도","2029-01-09 00:00","762","저조"
"SO_0564","국화도","2029-01-09 00:00","122","고조"
"SO_0564","국화도","2029-01-10 00:00","143","고조"
"SO_0564","국화도","2029-01-10 00:00","664","저조"
"SO_0564","국화도","2029-01-10 00:00","737","저조"
"SO_0564","국화도","2029-01-10 00:00","220","고조"
"SO_0564","국화도","2029-01-09 00:00","734","저조"
"SO_0564","국화도","2029-01-09 00:00","168","고조"
"SO_0564","국화도","2029-01-09 00:00","762","저조"
"SO_0564","국화도","2029-01-09 00:00","122","고조"
"SO_0564","국화도","2029-01-10 00:00","143","고조"
"SO_0564","국화도","2029-01-10 00:00","664","저조"
"SO_0564","국화도","2029-01-10 00:00","737","저조"
"SO_0564","국화도","2029-01-10 00:00","220","고조"
"SO_0564","국화도","2029-01-09 00:00","734","저조"
"SO_0564","국화도","2029-01-09 00:00","168","고조"
"SO_0564","국화도","2029-01-09 00:00","762","저조"
"SO_0564","국화도","2029-01-09 00:00","122","고조"
"SO_0564","국화도","2029-01-10 00:00","143","고조"
"SO_0564","국화도","2029-01-10 00:00","664","저조"
"SO_0564","국화도","2029-01-10 00:00","737","저조"
"SO_0564","국화도","2029-01-10 00:00","220","고조"
"SO_0564","국화도","2029-01-09 00:00","734","저조"
"SO_0564","국화도","2029-01-09 00:00","168","고조"
"SO_0564","국화도","2029-01-09 00:00","762","저조"
"SO_0564","국화도","2029-01-09 00:00","122","고조"
"SO_0564","국화도","2029-01-10 00:00","143","고조"
"SO_0564","국화도","2029-01-10 00:00","664","저조"
"SO_0564","국화도","2029-01-10 00:00","737","저조"
"SO_0564","국화도","2029-01-10 00:00","220","고조"
"SO_0564","국화도","2029-01-09 00:00","734","저조"
"SO_0564","국화도","2029-01-09 00:00","168","고조"
"SO_0564","국화도","2029-01-09 00:00","762","저조"
"SO_0564","국화도","2029-01-09 00:00","122","고조"
"SO_0564","국화도","2029-01-10 00:00","143","고조"
"SO_0564","국화도","2029-01-10 00:00","664","저조"
"SO_0564","국화도","2029-01-10 00:00","737","저조"
"SO_0564","국화도","2029-01-10 00:00","220","고조"
"SO_0564","국화도","2029-01-09 00:00","734","저조"
"SO_0564","국화도","2029-01-09 00:00","168","고조"
"SO_0564","국화도","2029-01-09 00:00","762","저조"
"SO_0564","국화도","2029-01-09 00:00","122","고조"
"SO_0564","국화도","2029-01-10 00:00","143","고조"
"SO_0564","국화도","2029-01-10 00:00","664","저조"
"SO_0564","국화도","2029-01-10 00:00","737","저조"
"SO_0564","국화도","2029-01-10 00:00","220","고조"
"SO_0564","국화도","2029-01-09 00:00","734","저조"
"SO_0564","국화도","2029-01-09 00:00","168","고조"
"SO_0564","국화도","2029-01-09 00:00","762","저조"
"SO_0564","국화도","2029-01-09 00:00","122","고조"
"SO_0564","국화도","2029-01-10 00:00","143","고조"
"SO_0564","국화도","2029-01-10 00:00","664","저조"
"SO_0564","국화도","2029-01-10 00:00","737","저조"
"SO_0564","국화도","2029-01-10 00:00","220","고조"
"SO_0564","국화도","2029-01-09 00:00","734","저조"
"SO_0564","국화도","2029-01-09 00:00","168","고조"
"SO_0564","국화도","2029-01-09 00:00","762","저조"
"SO_0564","국화도","2029-01-09 00:00","122","고조"
"SO_0564","국화도","2029-01-10 00:00","143","고조"
"SO_0564","국화도","2029-01-10 00:00","664","저조"
"SO_0564","국화도","2029-01-10 00:00","737","저조"
"SO_0564","국화도","2029-01-10 00:00","220","고조"
"SO_0564","국화도","2029-01-09 00:00","734","저조"
"SO_0564","국화도","2029-01-09 00:00","168","고조"
"SO_0564","국화도","2029-01-09 00:00","762","저조"
"SO_0564","국화도","2029-01-09 00:00","122","고조"
"SO_0564","국화도","2029-01-10 00:00","143","고조"
"SO_0564","국화도","2029-01-10 00:00","664","저조"
"SO_0564","국화도","2029-01-10 00:00","737","저조"
"SO_0564","국화도","2029-01-10 00:00","220","고조"
"SO_0564","국화도","2029-01-09 00:00","734","저조"
"SO_0564","국화도","2029-01-09 00:00","168","고조"
"SO_0564","국화도","2029-01-09 00:00","762","저조"
"SO_0564","국화도","2029-01-09 00:00","122","고조"
"SO_0564","국화도","2029-01-10 00:00","143","고조"
"SO_0564","국화도","2029-01-10 00:00","664","저조"
"SO_0564","국화도","2029-01-10 00:00","737","저조"
"SO_0564","국화도","2029-01-10 00:00","220","고조"
"SO_0564","국화도","2029-01-09 00:00","734","저조"
"SO_0564","국화도","2029-01-09 00:00","168","고조"
"SO_0564","국화도","2029-01-09 00:00","762","저조"
"SO_0564","국화도","2029-01-09 00:00","122","고조"
"SO_0564","국화도","2029-01-10 00:00","143","고조"
"SO_0564","국화도","2029-01-10 00:00","664","저조"
"SO_0564","국화도","2029-01-10 00:00","737","저조"
"SO_0564","국화도","2029-01-10 00:00","220","고조"
"SO_0564","국화도","2029-01-09 00:00","734","저조"
"SO_0564","국화도","2029-01-09 00:00","168","고조"
"SO_0564","국화도","2029-01-09 00:00","762","저조"
"SO_0564","국화도","2029-01-09 00:00","122","고조"
"SO_0564","국화도","2029-01-10 00:00","143","고조"
"SO_0564","국화도","2029-01-10 00:00","664","저조"
"SO_0564","국화도","2029-01-10 00:00","737","저조"
"SO_0564","국화도","2029-01-10 00:00","220","고조"
"SO_0564","국화도","2029-01-09 00:00","734","저조"
"SO_0564","국화도","2029-01-09 00:00","168","고조"
"SO_0564","국화도","2029-01-09 00:00","762","저조"
"SO_0564","국화도","2029-01-09 00:00","122","고조"
"SO_0564","국화도","2029-01-10 00:00","143","고조"
"SO_0564","국화도","2029-01-10 00:00","664","저조"
"SO_0564","국화도","2029-01-10 00:00","737","저조"
"SO_0564","국화도","2029-01-10 00:00","220","고조"
"SO_0564","국화도","2029-01-09 00:00","734","저조"
"SO_0564","국화도","2029-01-09 00:00","168","고조"
"SO_0564","국화도","2029-01-09 00:00","762","저조"
"SO_0564","국화도","2029-01-09 00:00","122","고조"
"SO_0564","국화도","2029-01-10 00:00","143","고조"
"SO_0564","국화도","2029-01-10 00:00","664","저조"
"SO_0564","국화도","2029-01-10 00:00","737","저조"
"SO_0564","국화도","2029-01-10 00:00","220","고조"
"SO_0564","국화도","2029-01-09 00:00","734","저조"
"SO_0564","국화도","2029-01-09 00:00","168","고조"
"SO_0564","국화도","2029-01-09 00:00","762","저조"
"SO_0564","국화도","2029-01-09 00:00","122","고조"
"SO_0564","국화도","2029-01-10 00:00","143","고조"
"SO_0564","국화도","2029-01-10 00:00","664","저조"
"SO_0564","국화도","2029-01-10 00:00","737","저조"
"SO_0564","국화도","2029-01-10 00:00","220","고조"
"SO_0564","국화도","2029-01-09 00:00","734","저조"
"SO_0564","국화도","2029-01-09 00:00","168","고조"
"SO_0564","국화도","2029-01-09 00:00","762","저조"
"SO_0564","국화도","2029-01-09 00:00","122","고조"
"SO_0564","국화도","2029-01-10 00:00","143","고조"
"SO_0564","국화도","2029-01-10 00:00","664","저조"
"SO_0564","국화도","2029-01-10 00:00","737","저조"
"SO_0564","국화도","2029-01-10 00:00","220","고조"
"SO_0564","국화도","2029-01-09 00:00","734","저조"
"SO_0564","국화도","2029-01-09 00:00","168","고조"
"SO_0564","국화도","2029-01-09 00:00","762","저조"
"SO_0564","국화도","2029-01-09 00:00","122","고조"
"SO_0564","국화도","2029-01-10 00:00","143","고조"
"SO_0564","국화도","2029-01-10 00:00","664","저조"
"SO_0564","국화도","2029-01-10 00:00","737","저조"
"SO_0564","국화도","2029-01-10 00:00","220","고조"
"SO_0564","국화도","2029-01-09 00:00","734","저조"
"SO_0564","국화도","2029-01-09 00:00","168","고조"
"SO_0564","국화도","2029-01-09 00:00","762","저조"
"SO_0564","국화도","2029-01-09 00:00","122","고조"
"SO_0564","국화도","2029-01-10 00:00","143","고조"
"SO_0564","국화도","2029-01-10 00:00","664","저조"
"SO_0564","국화도","2029-01-10 00:00","737","저조"
"SO_0564","국화도","2029-01-10 00:00","220","고조"
"SO_0564","국화도","2029-01-09 00:00","734","저조"
"SO_0564","국화도","2029-01-09 00:00","168","고조"
"SO_0564","국화도","2029-01-09 00:00","762","저조"
"SO_0564","국화도","2029-01-09 00:00","122","고조"
"SO_0564","국화도","2029-01-10 00:00","143","고조"
"SO_0564","국화도","2029-01-10 00:00","664","저조"
"SO_0564","국화도","2029-01-10 00:00","737","저조"
"SO_0564","국화도","2029-01-10 00:00","220","고조"
"SO_0564","국화도","2029-01-09 00:00","734","저조"
"SO_0564","국화도","2029-01-09 00:00","168","고조"
"SO_0564","국화도","2029-01-09 00:00","762","저조"
"SO_0564","국화도","2029-01-09 00:00","122","고조"
"SO_0564","국화도","2029-01-10 00:00","143","고조"
"SO_0564","국화도","2029-01-10 00:00","664","저조"
"SO_0564","국화도","2029-01-10 00:00","737","저조"
"SO_0564","국화도","2029-01-10 00:00","220","고조"
"SO_0564","국화도","2029-01-09 00:00","734","저조"
"SO_0564","국화도","2029-01-09 00:00","168","고조"
"SO_0564","국화도","2029-01-09 00:00","762","저조"
"SO_0564","국화도","2029-01-09 00:00","122","고조"
"SO_0564","국화도","2029-01-10 00:00","143","고조"
"SO_0564","국화도","2029-01-10 00:00","664","저조"
"SO_0564","국화도","2029-01-10 00:00","737","저조"
"SO_0564","국화도","2029-01-10 00:00","220","고조"
"SO_0564","국화도","2029-01-09 00:00","734","저조"
"SO_0564","국화도","2029-01-09 00:00","168","고조"
"SO_0564","국화도","2029-01-09 00:00","762","저조"
"SO_0564","국화도","2029-01-09 00:00","122","고조"
"SO_0564","국화도","2029-01-10 00:00","143","고조"
"SO_0564","국화도","2029-01-10 00:00","664","저조"
"SO_0564","국화도","2029-01-10 00:00","737","저조"
"SO_0564","국화도","2029-01-10 00:00","220","고조"
"SO_0564","국화도","2029-01-09 00:00","734","저조"
"SO_0564","국화도","2029-01-09 00:00","168","고조"
"SO_0564","국화도","2029-01-09 00:00","762","저조"
"SO_0564","국화도","2029-01-09 00:00","122","고조"
"SO_0564","국화도","2029-01-10 00:00","143","고조"
"SO_0564","국화도","2029-01-10 00:00","664","저조"
"SO_0564","국화도","2029-01-10 00:00","737","저조"
"SO_0564","국화도","2029-01-10 00:00","220","고조"
"SO_0564","국화도","2029-01-09 00:00","734","저조"
"SO_0564","국화도","2029-01-09 00:00","168","고조"
"SO_0564","국화도","2029-01-09 00:00","762","저조"
"SO_0564","국화도","2029-01-09 00:00","122","고조"
"SO_0564","국화도","2029-01-10 00:00","143","고조"
"SO_0564","국화도","2029-01-10 00:00","664","저조"
"SO_0564","국화도","2029-01-10 00:00","737","저조"
"SO_0564","국화도","2029-01-10 00:00","220","고조"
"SO_0564","국화도","2029-01-09 00:00","734","저조"
"SO_0564","국화도","2029-01-09 00:00","168","고조"
"SO_0564","국화도","2029-01-09 00:00","762","저조"
"SO_0564","국화도","2029-01-09 00:00","122","고조"
"SO_0564","국화도","2029-01-10 00:00","143","고조"
"SO_0564","국화도","2029-01-10 00:00","664","저조"
"SO_0564","국화도","2029-01-10 00:00","737","저조"
"SO_0564","국화도","2029-01-10 00:00","220","고조"
"SO_0564","국화도","2029-01-09 00:00","734","저조"
"SO_0564","국화도","2029-01-09 00:00","168","고조"
"SO_0564","국화도","2029-01-09 00:00","762","저조"
"SO_0564","국화도","2029-01-09 00:00","122","고조"
"SO_0564","국화도","2029-01-10 00:00","143","고조"
"SO_0564","국화도","2029-01-10 00:00","664","저조"
"SO_0564","국화도","2029-01-10 00:00","737","저조"
"SO_0564","국화도","2029-01-10 00:00","220","고조"
"SO_0564","국화도","2029-01-09 00:00","734","저조"
"SO_0564","국화도","2029-01-09 00:00","168","고조"
"SO_0564","국화도","2029-01-09 00:00","762","저조"
"SO_0564","국화도","2029-01-09 00:00","122","고조"
"SO_0564","국화도","2029-01-10 00:00","143","고조"
"SO_0564","국화도","2029-01-10 00:00","664","저조"
"SO_0564","국화도","2029-01-10 00:00","737","저조"
"SO_0564","국화도","2029-01-10 00:00","220","고조"
"SO_0564","국화도","2029-01-09 00:00","734","저조"
"SO_0564","국화도","2029-01-09 00:00","168","고조"
"SO_0564","국화도","2029-01-09 00:00","762","저조"
"SO_0564","국화도","2029-01-09 00:00","122","고조"
"SO_0564","국화도","2029-01-10 00:00","143","고조"
"SO_0564","국화도","2029-01-10 00:00","664","저조"
"SO_0564","국화도","2029-01-10 00:00","737","저조"
"SO_0564","국화도","2029-01-10 00:00","220","고조"
"SO_0564","국화도","2029-01-09 00:00","734","저조"
"SO_0564","국화도","2029-01-09 00:00","168","고조"
"SO_0564","국화도","2029-01-09 00:00","762","저조"
"SO_0564","국화도","2029-01-09 00:00","122","고조"
"SO_0564","국화도","2029-01-10 00:00","143","고조"
"SO_0564","국화도","2029-01-10 00:00","664","저조"
"SO_0564","국화도","2029-01-10 00:00","737","저조"
"SO_0564","국화도","2029-01-10 00:00","220","고조"
"SO_0564","국화도","2029-01-09 00:00","734","저조"
"SO_0564","국화도","2029-01-09 00:00","168","고조"
"SO_0564","국화도","2029-01-09 00:00","762","저조"
"SO_0564","국화도","2029-01-09 00:00","122","고조"
"SO_0564","국화도","2029-01-10 00:00","143","고조"
"SO_0564","국화도","2029-01-10 00:00","664","저조"
"SO_0564","국화도","2029-01-10 00:00","737","저조"
"SO_0564","국화도","2029-01-10 00:00","220","고조"
"SO_0564","국화도","2029-01-09 00:00","734","저조"
"SO_0564","국화도","2029-01-09 00:00","168","고조"
"SO_0564","국화도","2029-01-09 00:00","762","저조"
"SO_0564","국화도","2029-01-09 00:00","122","고조"
"SO_0564","국화도","2029-01-10 00:00","143","고조"
"SO_0564","국화도","2029-01-10 00:00","664","저조"
"SO_0564","국화도","2029-01-10 00:00","737","저조"
"SO_0564","국화도","2029-01-10 00:00","220","고조"
"SO_0564","국화도","2029-01-09 00:00","734","저조"
"SO_0564","국화도","2029-01-09 00:00","168","고조"
"SO_0564","국화도","2029-01-09 00:00","762","저조"
"SO_0564","국화도","2029-01-09 00:00","122","고조"
"SO_0564","국화도","2029-01-10 00:00","143","고조"
"SO_0564","국화도","2029-01-10 00:00","664","저조"
"SO_0564","국화도","2029-01-10 00:00","737","저조"
"SO_0564","국화도","2029-01-10 00:00","220","고조"
"SO_0564","국화도","2029-01-09 00:00","734","저조"
"SO_0564","국화도","2029-01-09 00:00","168","고조"
"SO_0564","국화도","2029-01-09 00:00","762","저조"
"SO_0564","국화도","2029-01-09 00:00","122","고조"
"SO_0564","국화도","2029-01-10 00:00","143","고조"
"SO_0564","국화도","2029-01-10 00:00","664","저조"
"SO_0564","국화도","2029-01-10 00:00","737","저조"
"SO_0564","국화도","2029-01-10 00:00","220","고조"
"SO_0564","국화도","2029-01-09 00:00","734","저조"
"SO_0564","국화도","2029-01-09 00:00","168","고조"
"SO_0564","국화도","2029-01-09 00:00","762","저조"
"SO_0564","국화도","2029-01-09 00:00","122","고조"
"SO_0564","국화도","2029-01-10 00:00","143","고조"
"SO_0564","국화도","2029-01-10 00:00","664","저조"
"SO_0564","국화도","2029-01-10 00:00","737","저조"
"SO_0564","국화도","2029-01-10 00:00","220","고조"
"SO_0564","국화도","2029-01-09 00:00","734","저조"
"SO_0564","국화도","2029-01-09 00:00","168","고조"
"SO_0564","국화도","2029-01-09 00:00","762","저조"
"SO_0564","국화도","2029-01-09 00:00","122","고조"
"SO_0564","국화도","2029-01-10 00:00","143","고조"
"SO_0564","국화도","2029-01-10 00:00","664","저조"
"SO_0564","국화도","2029-01-10 00:00","737","저조"
"SO_0564","국화도","2029-01-10 00:00","220","고조"
"SO_0564","국화도","2029-01-09 00:00","734","저조"
"SO_0564","국화도","2029-01-09 00:00","168","고조"
"SO_0564","국화도","2029-01-09 00:00","762","저조"
"SO_0564","국화도","2029-01-09 00:00","122","고조"
"SO_0564","국화도","2029-01-10 00:00","143","고조"
"SO_0564","국화도","2029-01-10 00:00","664","저조"
"SO_0564","국화도","2029-01-10 00:00","737","저조"
"SO_0564","국화도","2029-01-10 00:00","220","고조"
"SO_0564","국화도","2029-01-09 00:00","734","저조"
"SO_0564","국화도","2029-01-09 00:00","168","고조"
"SO_0564","국화도","2029-01-09 00:00","762","저조"
"SO_0564","국화도","2029-01-09 00:00","122","고조"
"SO_0564","국화도","2029-01-10 00:00","143","고조"
"SO_0564","국화도","2029-01-10 00:00","664","저조"
"SO_0564","국화도","2029-01-10 00:00","737","저조"
"SO_0564","국화도","2029-01-10 00:00","220","고조"
"SO_0564","국화도","2029-01-09 00:00","734","저조"
"SO_0564","국화도","2029-01-09 00:00","168","고조"
"SO_0564","국화도","2029-01-09 00:00","762","저조"
"SO_0564","국화도","2029-01-09 00:00","122","고조"
"SO_0564","국화도","2029-01-10 00:00","143","고조"
"SO_0564","국화도","2029-01-10 00:00","664","저조"
"SO_0564","국화도","2029-01-10 00:00","737","저조"
"SO_0564","국화도","2029-01-10 00:00","220","고조"
"SO_0564","국화도","2029-01-09 00:00","734","저조"
"SO_0564","국화도","2029-01-09 00:00","168","고조"
"SO_0564","국화도","2029-01-09 00:00","762","저조"
"SO_0564","국화도","2029-01-09 00:00","122","고조"
"SO_0564","국화도","2029-01-10 00:00","143","고조"
"SO_0564","국화도","2029-01-10 00:00","664","저조"
"SO_0564","국화도","2029-01-10 00:00","737","저조"
"SO_0564","국화도","2029-01-10 00:00","220","고조"
"SO_0564","국화도","2029-01-09 00:00","734","저조"
"SO_0564","국화도","2029-01-09 00:00","168","고조"
"SO_0564","국화도","2029-01-09 00:00","762","저조"
"SO_0564","국화도","2029-01-09 00:00","122","고조"
"SO_0564","국화도","2029-01-10 00:00","143","고조"
"SO_0564","국화도","2029-01-10 00:00","664","저조"
"SO_0564","국화도","2029-01-10 00:00","737","저조"
"SO_0564","국화도","2029-01-10 00:00","220","고조"
"SO_0564","국화도","2029-01-09 00:00","734","저조"
"SO_0564","국화도","2029-01-09 00:00","168","고조"
"SO_0564","국화도","2029-01-09 00:00","762","저조"
"SO_0564","국화도","2029-01-09 00:00","122","고조"
"SO_0564","국화도","2029-01-10 00:00","143","고조"
"SO_0564","국화도","2029-01-10 00:00","664","저조"
"SO_0564","국화도","2029-01-10 00:00","737","저조"
"SO_0564","국화도","2029-01-10 00:00","220","고조"
"SO_0564","국화도","2029-01-09 00:00","734","저조"
"SO_0564","국화도","2029-01-09 00:00","168","고조"
"SO_0564","국화도","2029-01-09 00:00","762","저조"
"SO_0564","국화도","2029-01-09 00:00","122","고조"
"SO_0564","국화도","2029-01-10 00:00","143","고조"
"SO_0564","국화도","2029-01-10 00:00","664","저조"
"SO_0564","국화도","2029-01-10 00:00","737","저조"
"SO_0564","국화도","2029-01-10 00:00","220","고조"
"SO_0564","국화도","2029-01-09 00:00","734","저조"
"SO_0564","국화도","2029-01-09 00:00","168","고조"
"SO_0564","국화도","2029-01-09 00:00","762","저조"
"SO_0564","국화도","2029-01-09 00:00","122","고조"
"SO_0564","국화도","2029-01-10 00:00","143","고조"
"SO_0564","국화도","2029-01-10 00:00","664","저조"
"SO_0564","국화도","2029-01-10 00:00","737","저조"
"SO_0564","국화도","2029-01-10 00:00","220","고조"
"SO_0564","국화도","2029-01-09 00:00","734","저조"
"SO_0564","국화도","2029-01-09 00:00","168","고조"
"SO_0564","국화도","2029-01-09 00:00","762","저조"
"SO_0564","국화도","2029-01-09 00:00","122","고조"
"SO_0564","국화도","2029-01-10 00:00","143","고조"
"SO_0564","국화도","2029-01-10 00:00","664","저조"
"SO_0564","국화도","2029-01-10 00:00","737","저조"
"SO_0564","국화도","2029-01-10 00:00","220","고조"
"SO_0564","국화도","2029-01-09 00:00","734","저조"
"SO_0564","국화도","2029-01-09 00:00","168","고조"
"SO_0564","국화도","2029-01-09 00:00","762","저조"
"SO_0564","국화도","2029-01-09 00:00","122","고조"
"SO_0564","국화도","2029-01-10 00:00","143","고조"
"SO_0564","국화도","2029-01-10 00:00","664","저조"
"SO_0564","국화도","2029-01-10 00:00","737","저조"
"SO_0564","국화도","2029-01-10 00:00","220","고조"
"SO_0564","국화도","2029-01-09 00:00","734","저조"
"SO_0564","국화도","2029-01-09 00:00","168","고조"
"SO_0564","국화도","2029-01-09 00:00","762","저조"
"SO_0564","국화도","2029-01-09 00:00","122","고조"
"SO_0564","국화도","2029-01-10 00:00","143","고조"
"SO_0564","국화도","2029-01-10 00:00","664","저조"
"SO_0564","국화도","2029-01-10 00:00","737","저조"
"SO_0564","국화도","2029-01-10 00:00","220","고조"
"SO_0564","국화도","2029-01-09 00:00","734","저조"
"SO_0564","국화도","2029-01-09 00:00","168","고조"
"SO_0564","국화도","2029-01-09 00:00","762","저조"
"SO_0564","국화도","2029-01-09 00:00","122","고조"
"SO_0564","국화도","2029-01-10 00:00","143","고조"
"SO_0564","국화도","2029-01-10 00:00","664","저조"
"SO_0564","국화도","2029-01-10 00:00","737","저조"
"SO_0564","국화도","2029-01-10 00:00","220","고조"
"SO_0564","국화도","2029-01-09 00:00","734","저조"
"SO_0564","국화도","2029-01-09 00:00","168","고조"
"SO_0564","국화도","2029-01-09 00:00","762","저조"
"SO_0564","국화도","2029-01-09 00:00","122","고조"
"SO_0564","국화도","2029-01-10 00:00","143","고조"
"SO_0564","국화도","2029-01-10 00:00","664","저조"
"SO_0564","국화도","2029-01-10 00:00","737","저조"
"SO_0564","국화도","2029-01-10 00:00","220","고조"
"SO_0564","국화도","2029-01-09 00:00","734","저조"
"SO_0564","국화도","2029-01-09 00:00","168","고조"
"SO_0564","국화도","2029-01-09 00:00","762","저조"
"SO_0564","국화도","2029-01-09 00:00","122","고조"
"SO_0564","국화도","2029-01-10 00:00","143","고조"
"SO_0564","국화도","2029-01-10 00:00","664","저조"
"SO_0564","국화도","2029-01-10 00:00","737","저조"
"SO_0564","국화도","2029-01-10 00:00","220","고조"
"SO_0564","국화도","2029-01-09 00:00","734","저조"
"SO_0564","국화도","2029-01-09 00:00","168","고조"
"SO_0564","국화도","2029-01-09 00:00","762","저조"
"SO_0564","국화도","2029-01-09 00:00","122","고조"
"SO_0564","국화도","2029-01-10 00:00","143","고조"
"SO_0564","국화도","2029-01-10 00:00","664","저조"
"SO_0564","국화도","2029-01-10 00:00","737","저조"
"SO_0564","국화도","2029-01-10 00:00","220","고조"
"SO_0564","국화도","2029-01-09 00:00","734","저조"
"SO_0564","국화도","2029-01-09 00:00","168","고조"
"SO_0564","국화도","2029-01-09 00:00","762","저조"
"SO_0564","국화도","2029-01-09 00:00","122","고조"
"SO_0564","국화도","2029-01-10 00:00","143","고조"
"SO_0564","국화도","2029-01-10 00:00","664","저조"
"SO_0564","국화도","2029-01-10 00:00","737","저조"
"SO_0564","국화도","2029-01-10 00:00","220","고조"
"SO_0564","국화도","2029-01-09 00:00","734","저조"
"SO_0564","국화도","2029-01-09 00:00","168","고조"
"SO_0564","국화도","2029-01-09 00:00","762","저조"
"SO_0564","국화도","2029-01-09 00:00","122","고조"
"SO_0564","국화도","2029-01-10 00:00","143","고조"
"SO_0564","국화도","2029-01-10 00:00","664","저조"
"SO_0564","국화도","2029-01-10 00:00","737","저조"
"SO_0564","국화도","2029-01-10 00:00","220","고조"
"SO_0564","국화도","2029-01-09 00:00","734","저조"
"SO_0564","국화도","2029-01-09 00:00","168","고조"
"SO_0564","국화도","2029-01-09 00:00","762","저조"
"SO_0564","국화도","2029-01-09 00:00","122","고조"
"SO_0564","국화도","2029-01-10 00:00","143","고조"
"SO_0564","국화도","2029-01-10 00:00","664","저조"
"SO_0564","국화도","2029-01-10 00:00","737","저조"
"SO_0564","국화도","2029-01-10 00:00","220","고조"
"SO_0564","국화도","2029-01-09 00:00","734","저조"
"SO_0564","국화도","2029-01-09 00:00","168","고조"
"SO_0564","국화도","2029-01-09 00:00","762","저조"
"SO_0564","국화도","2029-01-09 00:00","122","고조"
"SO_0564","국화도","2029-01-10 00:00","143","고조"
"SO_0564","국화도","2029-01-10 00:00","664","저조"
"SO_0564","국화도","2029-01-10 00:00","737","저조"
"SO_0564","국화도","2029-01-10 00:00","220","고조"
"SO_0564","국화도","2029-01-09 00:00","734","저조"
"SO_0564","국화도","2029-01-09 00:00","168","고조"
"SO_0564","국화도","2029-01-09 00:00","762","저조"
"SO_0564","국화도","2029-01-09 00:00","122","고조"
"SO_0564","국화도","2029-01-10 00:00","143","고조"
"SO_0564","국화도","2029-01-10 00:00","664","저조"
"SO_0564","국화도","2029-01-10 00:00","737","저조"
"SO_0564","국화도","2029-01-10 00:00","220","고조"
"SO_0564","국화도","2029-01-09 00:00","734","저조"
"SO_0564","국화도","2029-01-09 00:00","168","고조"
"SO_0564","국화도","2029-01-09 00:00","762","저조"
"SO_0564","국화도","2029-01-09 00:00","122","고조"
"SO_0564","국화도","2029-01-10 00:00","143","고조"
"SO_0564","국화도","2029-01-10 00:00","664","저조"
"SO_0564","국화도","2029-01-10 00:00","737","저조"
"SO_0564","국화도","2029-01-10 00:00","220","고조"
"SO_0564","국화도","2029-01-09 00:00","734","저조"
"SO_0564","국화도","2029-01-09 00:00","168","고조"
"SO_0564","국화도","2029-01-09 00:00","762","저조"
"SO_0564","국화도","2029-01-09 00:00","122","고조"
"SO_0564","국화도","2029-01-10 00:00","143","고조"
"SO_0564","국화도","2029-01-10 00:00","664","저조"
"SO_0564","국화도","2029-01-10 00:00","737","저조"
"SO_0564","국화도","2029-01-10 00:00","220","고조"
"SO_0564","국화도","2029-01-09 00:00","734","저조"
"SO_0564","국화도","2029-01-09 00:00","168","고조"
"SO_0564","국화도","2029-01-09 00:00","762","저조"
"SO_0564","국화도","2029-01-09 00:00","122","고조"
"SO_0564","국화도","2029-01-10 00:00","143","고조"
"SO_0564","국화도","2029-01-10 00:00","664","저조"
"SO_0564","국화도","2029-01-10 00:00","737","저조"
"SO_0564","국화도","2029-01-10 00:00","220","고조"
"SO_0564","국화도","2029-01-09 00:00","734","저조"
"SO_0564","국화도","2029-01-09 00:00","168","고조"
"SO_0564","국화도","2029-01-09 00:00","762","저조"
"SO_0564","국화도","2029-01-09 00:00","122","고조"
"SO_0564","국화도","2029-01-10 00:00","143","고조"
"SO_0564","국화도","2029-01-10 00:00","664","저조"
"SO_0564","국화도","2029-01-10 00:00","737","저조"
"SO_0564","국화도","2029-01-10 00:00","220","고조"
"SO_0564","국화도","2029-01-09 00:00","734","저조"
"SO_0564","국화도","2029-01-09 00:00","168","고조"
"SO_0564","국화도","2029-01-09 00:00","762","저조"
"SO_0564","국화도","2029-01-09 00:00","122","고조"
"SO_0564","국화도","2029-01-10 00:00","143","고조"
"SO_0564","국화도","2029-01-10 00:00","664","저조"
"SO_0564","국화도","2029-01-10 00:00","737","저조"
"SO_0564","국화도","2029-01-10 00:00","220","고조"
"SO_0564","국화도","2029-01-09 00:00","734","저조"
"SO_0564","국화도","2029-01-09 00:00","168","고조"
"SO_0564","국화도","2029-01-09 00:00","762","저조"
"SO_0564","국화도","2029-01-09 00:00","122","고조"
"SO_0564","국화도","2029-01-10 00:00","143","고조"
"SO_0564","국화도","2029-01-10 00:00","664","저조"
"SO_0564","국화도","2029-01-10 00:00","737","저조"
"SO_0564","국화도","2029-01-10 00:00","220","고조"
"SO_0564","국화도","2029-01-09 00:00","734","저조"
"SO_0564","국화도","2029-01-09 00:00","168","고조"
"SO_0564","국화도","2029-01-09 00:00","762","저조"
"SO_0564","국화도","2029-01-09 00:00","122","고조"
"SO_0564","국화도","2029-01-10 00:00","143","고조"
"SO_0564","국화도","2029-01-10 00:00","664","저조"
"SO_0564","국화도","2029-01-10 00:00","737","저조"
"SO_0564","국화도","2029-01-10 00:00","220","고조"
"SO_0564","국화도","2029-01-09 00:00","734","저조"
"SO_0564","국화도","2029-01-09 00:00","168","고조"
"SO_0564","국화도","2029-01-09 00:00","762","저조"
"SO_0564","국화도","2029-01-09 00:00","122","고조"
"SO_0564","국화도","2029-01-10 00:00","143","고조"
"SO_0564","국화도","2029-01-10 00:00","664","저조"
"SO_0564","국화도","2029-01-10 00:00","737","저조"
"SO_0564","국화도","2029-01-10 00:00","220","고조"
"SO_0564","국화도","2029-01-09 00:00","734","저조"
"SO_0564","국화도","2029-01-09 00:00","168","고조"
"SO_0564","국화도","2029-01-09 00:00","762","저조"
"SO_0564","국화도","2029-01-09 00:00","122","고조"
"SO_0564","국화도","2029-01-10 00:00","143","고조"
"SO_0564","국화도","2029-01-10 00:00","664","저조"
"SO_0564","국화도","2029-01-10 00:00","737","저조"
"SO_0564","국화도","2029-01-10 00:00","220","고조"
"SO_0564","국화도","2029-01-09 00:00","734","저조"
"SO_0564","국화도","2029-01-09 00:00","168","고조"
"SO_0564","국화도","2029-01-09 00:00","762","저조"
"SO_0564","국화도","2029-01-09 00:00","122","고조"
"SO_0564","국화도","2029-01-10 00:00","143","고조"
"SO_0564","국화도","2029-01-10 00:00","664","저조"
"SO_0564","국화도","2029-01-10 00:00","737","저조"
"SO_0564","국화도","2029-01-10 00:00","220","고조"
"SO_0564","국화도","2029-01-09 00:00","734","저조"
"SO_0564","국화도","2029-01-09 00:00","168","고조"
"SO_0564","국화도","2029-01-09 00:00","762","저조"
"SO_0564","국화도","2029-01-09 00:00","122","고조"
"SO_0564","국화도","2029-01-10 00:00","143","고조"
"SO_0564","국화도","2029-01-10 00:00","664","저조"
"SO_0564","국화도","2029-01-10 00:00","737","저조"
"SO_0564","국화도","2029-01-10 00:00","220","고조"
"SO_0564","국화도","2029-01-09 00:00","734","저조"
"SO_0564","국화도","2029-01-09 00:00","168","고조"
"SO_0564","국화도","2029-01-09 00:00","762","저조"
"SO_0564","국화도","2029-01-09 00:00","122","고조"
"SO_0564","국화도","2029-01-10 00:00","143","고조"
"SO_0564","국화도","2029-01-10 00:00","664","저조"
"SO_0564","국화도","2029-01-10 00:00","737","저조"
"SO_0564","국화도","2029-01-10 00:00","220","고조"
"SO_0564","국화도","2029-01-09 00:00","734","저조"
"SO_0564","국화도","2029-01-09 00:00","168","고조"
"SO_0564","국화도","2029-01-09 00:00","762","저조"
"SO_0564","국화도","2029-01-09 00:00","122","고조"
"SO_0564","국화도","2029-01-10 00:00","143","고조"
"SO_0564","국화도","2029-01-10 00:00","664","저조"
"SO_0564","국화도","2029-01-10 00:00","737","저조"
"SO_0564","국화도","2029-01-10 00:00","220","고조"
"SO_0564","국화도","2029-01-09 00:00","734","저조"
"SO_0564","국화도","2029-01-09 00:00","168","고조"
"SO_0564","국화도","2029-01-09 00:00","762","저조"
"SO_0564","국화도","2029-01-09 00:00","122","고조"
"SO_0564","국화도","2029-01-10 00:00","143","고조"
"SO_0564","국화도","2029-01-10 00:00","664","저조"
"SO_0564","국화도","2029-01-10 00:00","737","저조"
"SO_0564","국화도","2029-01-10 00:00","220","고조"
"SO_0564","국화도","2029-01-09 00:00","734","저조"
"SO_0564","국화도","2029-01-09 00:00","168","고조"
"SO_0564","국화도","2029-01-09 00:00","762","저조"
"SO_0564","국화도","2029-01-09 00:00","122","고조"
"SO_0564","국화도","2029-01-10 00:00","143","고조"
"SO_0564","국화도","2029-01-10 00:00","664","저조"
"SO_0564","국화도","2029-01-10 00:00","737","저조"
"SO_0564","국화도","2029-01-10 00:00","220","고조"
"SO_0564","국화도","2029-01-09 00:00","734","저조"
"SO_0564","국화도","2029-01-09 00:00","168","고조"
"SO_0564","국화도","2029-01-09 00:00","762","저조"
"SO_0564","국화도","2029-01-09 00:00","122","고조"
"SO_0564","국화도","2029-01-10 00:00","143","고조"
"SO_0564","국화도","2029-01-10 00:00","664","저조"
"SO_0564","국화도","2029-01-10 00:00","737","저조"
"SO_0564","국화도","2029-01-10 00:00","220","고조"
"SO_0564","국화도","2029-01-09 00:00","734","저조"
"SO_0564","국화도","2029-01-09 00:00","168","고조"
"SO_0564","국화도","2029-01-09 00:00","762","저조"
"SO_0564","국화도","2029-01-09 00:00","122","고조"
"SO_0564","국화도","2029-01-10 00:00","143","고조"
"SO_0564","국화도","2029-01-10 00:00","664","저조"
"SO_0564","국화도","2029-01-10 00:00","737","저조"
"SO_0564","국화도","2029-01-10 00:00","220","고조"
"SO_0564","국화도","2029-01-09 00:00","734","저조"
"SO_0564","국화도","2029-01-09 00:00","168","고조"
"SO_0564","국화도","2029-01-09 00:00","762","저조"
"SO_0564","국화도","2029-01-09 00:00","122","고조"
"SO_0564","국화도","2029-01-10 00:00","143","고조"
"SO_0564","국화도","2029-01-10 00:00","664","저조"
"SO_0564","국화도","2029-01-10 00:00","737","저조"
"SO_0564","국화도","2029-01-10 00:00","220","고조"
"SO_0564","국화도","2029-01-09 00:00","734","저조"
"SO_0564","국화도","2029-01-09 00:00","168","고조"
"SO_0564","국화도","2029-01-09 00:00","762","저조"
"SO_0564","국화도","2029-01-09 00:00","122","고조"
"SO_0564","국화도","2029-01-10 00:00","143","고조"
"SO_0564","국화도","2029-01-10 00:00","664","저조"
"SO_0564","국화도","2029-01-10 00:00","737","저조"
"SO_0564","국화도","2029-01-10 00:00","220","고조"
"SO_0564","국화도","2029-01-09 00:00","734","저조"
"SO_0564","국화도","2029-01-09 00:00","168","고조"
"SO_0564","국화도","2029-01-09 00:00","762","저조"
"SO_0564","국화도","2029-01-09 00:00","122","고조"
"SO_0564","국화도","2029-01-10 00:00","143","고조"
"SO_0564","국화도","2029-01-10 00:00","664","저조"
"SO_0564","국화도","2029-01-10 00:00","737","저조"
"SO_0564","국화도","2029-01-10 00:00","220","고조"
"SO_0564","국화도","2029-01-09 00:00","734","저조"
"SO_0564","국화도","2029-01-09 00:00","168","고조"
"SO_0564","국화도","2029-01-09 00:00","762","저조"
"SO_0564","국화도","2029-01-09 00:00","122","고조"
"SO_0564","국화도","2029-01-10 00:00","143","고조"
"SO_0564","국화도","2029-01-10 00:00","664","저조"
"SO_0564","국화도","2029-01-10 00:00","737","저조"
"SO_0564","국화도","2029-01-10 00:00","220","고조"
"SO_0564","국화도","2029-01-09 00:00","734","저조"
"SO_0564","국화도","2029-01-09 00:00","168","고조"
"SO_0564","국화도","2029-01-09 00:00","762","저조"
"SO_0564","국화도","2029-01-09 00:00","122","고조"
"SO_0564","국화도","2029-01-10 00:00","143","고조"
"SO_0564","국화도","2029-01-10 00:00","664","저조"
"SO_0564","국화도","2029-01-10 00:00","737","저조"
"SO_0564","국화도","2029-01-10 00:00","220","고조"
"SO_0564","국화도","2029-01-09 00:00","734","저조"
"SO_0564","국화도","2029-01-09 00:00","168","고조"
"SO_0564","국화도","2029-01-09 00:00","762","저조"
"SO_0564","국화도","2029-01-09 00:00","122","고조"
"SO_0564","국화도","2029-01-10 00:00","143","고조"
"SO_0564","국화도","2029-01-10 00:00","664","저조"
"SO_0564","국화도","2029-01-10 00:00","737","저조"
"SO_0564","국화도","2029-01-10 00:00","220","고조"
"SO_0564","국화도","2029-01-09 00:00","734","저조"
"SO_0564","국화도","2029-01-09 00:00","168","고조"
"SO_0564","국화도","2029-01-09 00:00","762","저조"
"SO_0564","국화도","2029-01-09 00:00","122","고조"
"SO_0564","국화도","2029-01-10 00:00","143","고조"
"SO_0564","국화도","2029-01-10 00:00","664","저조"
"SO_0564","국화도","2029-01-10 00:00","737","저조"
"SO_0564","국화도","2029-01-10 00:00","220","고조"
"SO_0564","국화도","2029-01-09 00:00","734","저조"
"SO_0564","국화도","2029-01-09 00:00","168","고조"
"SO_0564","국화도","2029-01-09 00:00","762","저조"
"SO_0564","국화도","2029-01-09 00:00","122","고조"
"SO_0564","국화도","2029-01-10 00:00","143","고조"
"SO_0564","국화도","2029-01-10 00:00","664","저조"
"SO_0564","국화도","2029-01-10 00:00","737","저조"
"SO_0564","국화도","2029-01-10 00:00","220","고조"
"SO_0564","국화도","2029-01-09 00:00","734","저조"
"SO_0564","국화도","2029-01-09 00:00","168","고조"
"SO_0564","국화도","2029-01-09 00:00","762","저조"
"SO_0564","국화도","2029-01-09 00:00","122","고조"
"SO_0564","국화도","2029-01-10 00:00","143","고조"
"SO_0564","국화도","2029-01-10 00:00","664","저조"
"SO_0564","국화도","2029-01-10 00:00","737","저조"
"SO_0564","국화도","2029-01-10 00:00","220","고조"
"SO_0564","국화도","2029-01-09 00:00","734","저조"
"SO_0564","국화도","2029-01-09 00:00","168","고조"
"SO_0564","국화도","2029-01-09 00:00","762","저조"
"SO_0564","국화도","2029-01-09 00:00","122","고조"
"SO_0564","국화도","2029-01-10 00:00","143","고조"
"SO_0564","국화도","2029-01-10 00:00","664","저조"
"SO_0564","국화도","2029-01-10 00:00","737","저조"
"SO_0564","국화도","2029-01-10 00:00","220","고조"
"SO_0564","국화도","2029-01-09 00:00","734","저조"
"SO_0564","국화도","2029-01-09 00:00","168","고조"
"SO_0564","국화도","2029-01-09 00:00","762","저조"
"SO_0564","국화도","2029-01-09 00:00","122","고조"
"SO_0564","국화도","2029-01-10 00:00","143","고조"
"SO_0564","국화도","2029-01-10 00:00","664","저조"
"SO_0564","국화도","2029-01-10 00:00","737","저조"
"SO_0564","국화도","2029-01-10 00:00","220","고조"
"SO_0564","국화도","2029-01-09 00:00","734","저조"
"SO_0564","국화도","2029-01-09 00:00","168","고조"
"SO_0564","국화도","2029-01-09 00:00","762","저조"
"SO_0564","국화도","2029-01-09 00:00","122","고조"
"SO_0564","국화도","2029-01-10 00:00","143","고조"
"SO_0564","국화도","2029-01-10 00:00","664","저조"
"SO_0564","국화도","2029-01-10 00:00","737","저조"
"SO_0564","국화도","2029-01-10 00:00","220","고조"
"SO_0564","국화도","2029-01-09 00:00","734","저조"
"SO_0564","국화도","2029-01-09 00:00","168","고조"
"SO_0564","국화도","2029-01-09 00:00","762","저조"
"SO_0564","국화도","2029-01-09 00:00","122","고조"
"SO_0564","국화도","2029-01-10 00:00","143","고조"
"SO_0564","국화도","2029-01-10 00:00","664","저조"
"SO_0564","국화도","2029-01-10 00:00","737","저조"
"SO_0564","국화도","2029-01-10 00:00","220","고조"
"SO_0564","국화도","2029-01-09 00:00","734","저조"
"SO_0564","국화도","2029-01-09 00:00","168","고조"
"SO_0564","국화도","2029-01-09 00:00","762","저조"
"SO_0564","국화도","2029-01-09 00:00","122","고조"
"SO_0564","국화도","2029-01-10 00:00","143","고조"
"SO_0564","국화도","2029-01-10 00:00","664","저조"
"SO_0564","국화도","2029-01-10 00:00","737","저조"
"SO_0564","국화도","2029-01-10 00:00","220","고조"
"SO_0564","국화도","2029-01-09 00:00","734","저조"
"SO_0564","국화도","2029-01-09 00:00","168","고조"
"SO_0564","국화도","2029-01-09 00:00","762","저조"
"SO_0564","국화도","2029-01-09 00:00","122","고조"
"SO_0564","국화도","2029-01-10 00:00","143","고조"
"SO_0564","국화도","2029-01-10 00:00","664","저조"
"SO_0564","국화도","2029-01-10 00:00","737","저조"
"SO_0564","국화도","2029-01-10 00:00","220","고조"
"SO_0564","국화도","2029-01-09 00:00","734","저조"
"SO_0564","국화도","2029-01-09 00:00","168","고조"
"SO_0564","국화도","2029-01-09 00:00","762","저조"
"SO_0564","국화도","2029-01-09 00:00","122","고조"
"SO_0564","국화도","2029-01-10 00:00","143","고조"
"SO_0564","국화도","2029-01-10 00:00","664","저조"
"SO_0564","국화도","2029-01-10 00:00","737","저조"
"SO_0564","국화도","2029-01-10 00:00","220","고조"
"SO_0564","국화도","2029-01-09 00:00","734","저조"
"SO_0564","국화도","2029-01-09 00:00","168","고조"
"SO_0564","국화도","2029-01-09 00:00","762","저조"
"SO_0564","국화도","2029-01-09 00:00","122","고조"
"SO_0564","국화도","2029-01-10 00:00","143","고조"
"SO_0564","국화도","2029-01-10 00:00","664","저조"
"SO_0564","국화도","2029-01-10 00:00","737","저조"
"SO_0564","국화도","2029-01-10 00:00","220","고조"
"SO_0564","국화도","2029-01-09 00:00","734","저조"
"SO_0564","국화도","2029-01-09 00:00","168","고조"
"SO_0564","국화도","2029-01-09 00:00","762","저조"
"SO_0564","국화도","2029-01-09 00:00","122","고조"
"SO_0564","국화도","2029-01-10 00:00","143","고조"
"SO_0564","국화도","2029-01-10 00:00","664","저조"
"SO_0564","국화도","2029-01-10 00:00","737","저조"
"SO_0564","국화도","2029-01-10 00:00","220","고조"
"SO_0564","국화도","2029-01-09 00:00","734","저조"
"SO_0564","국화도","2029-01-09 00:00","168","고조"
"SO_0564","국화도","2029-01-09 00:00","762","저조"
"SO_0564","국화도","2029-01-09 00:00","122","고조"
"SO_0564","국화도","2029-01-10 00:00","143","고조"
"SO_0564","국화도","2029-01-10 00:00","664","저조"
"SO_0564","국화도","2029-01-10 00:00","737","저조"
"SO_0564","국화도","2029-01-10 00:00","220","고조"
"SO_0564","국화도","2029-01-09 00:00","734","저조"
"SO_0564","국화도","2029-01-09 00:00","168","고조"
"SO_0564","국화도","2029-01-09 00:00","762","저조"
"SO_0564","국화도","2029-01-09 00:00","122","고조"
"SO_0564","국화도","2029-01-10 00:00","143","고조"
"SO_0564","국화도","2029-01-10 00:00","664","저조"
"SO_0564","국화도","2029-01-10 00:00","737","저조"
"SO_0564","국화도","2029-01-10 00:00","220","고조"
"SO_0564","국화도","2029-01-09 00:00","734","저조"
"SO_0564","국화도","2029-01-09 00:00","168","고조"
"SO_0564","국화도","2029-01-09 00:00","762","저조"
"SO_0564","국화도","2029-01-09 00:00","122","고조"
"SO_0564","국화도","2029-01-10 00:00","143","고조"
"SO_0564","국화도","2029-01-10 00:00","664","저조"
"SO_0564","국화도","2029-01-10 00:00","737","저조"
"SO_0564","국화도","2029-01-10 00:00","220","고조"
"SO_0564","국화도","2029-01-09 00:00","734","저조"
"SO_0564","국화도","2029-01-09 00:00","168","고조"
"SO_0564","국화도","2029-01-09 00:00","762","저조"
"SO_0564","국화도","2029-01-09 00:00","122","고조"
"SO_0564","국화도","2029-01-10 00:00","143","고조"
"SO_0564","국화도","2029-01-10 00:00","664","저조"
"SO_0564","국화도","2029-01-10 00:00","737","저조"
"SO_0564","국화도","2029-01-10 00:00","220","고조"
"SO_0564","국화도","2029-01-09 00:00","734","저조"
"SO_0564","국화도","2029-01-09 00:00","168","고조"
"SO_0564","국화도","2029-01-09 00:00","762","저조"
"SO_0564","국화도","2029-01-09 00:00","122","고조"
"SO_0564","국화도","2029-01-10 00:00","143","고조"
"SO_0564","국화도","2029-01-10 00:00","664","저조"
"SO_0564","국화도","2029-01-10 00:00","737","저조"
"SO_0564","국화도","2029-01-10 00:00","220","고조"
"SO_0564","국화도","2029-01-09 00:00","734","저조"
"SO_0564","국화도","2029-01-09 00:00","168","고조"
"SO_0564","국화도","2029-01-09 00:00","762","저조"
"SO_0564","국화도","2029-01-09 00:00","122","고조"
"SO_0564","국화도","2029-01-10 00:00","143","고조"
"SO_0564","국화도","2029-01-10 00:00","664","저조"
"SO_0564","국화도","2029-01-10 00:00","737","저조"
"SO_0564","국화도","2029-01-10 00:00","220","고조"
"SO_0564","국화도","2029-01-09 00:00","734","저조"
"SO_0564","국화도","2029-01-09 00:00","168","고조"
"SO_0564","국화도","2029-01-09 00:00","762","저조"
"SO_0564","국화도","2029-01-09 00:00","122","고조"
"SO_0564","국화도","2029-01-10 00:00","143","고조"
"SO_0564","국화도","2029-01-10 00:00","664","저조"
"SO_0564","국화도","2029-01-10 00:00","737","저조"
"SO_0564","국화도","2029-01-10 00:00","220","고조"
"SO_0564","국화도","2029-01-09 00:00","734","저조"
"SO_0564","국화도","2029-01-09 00:00","168","고조"
"SO_0564","국화도","2029-01-09 00:00","762","저조"
"SO_0564","국화도","2029-01-09 00:00","122","고조"
"SO_0564","국화도","2029-01-10 00:00","143","고조"
"SO_0564","국화도","2029-01-10 00:00","664","저조"
"SO_0564","국화도","2029-01-10 00:00","737","저조"
"SO_0564","국화도","2029-01-10 00:00","220","고조"
"SO_0564","국화도","2029-01-09 00:00","734","저조"
"SO_0564","국화도","2029-01-09 00:00","168","고조"
"SO_0564","국화도","2029-01-09 00:00","762","저조"
"SO_0564","국화도","2029-01-09 00:00","122","고조"
"SO_0564","국화도","2029-01-10 00:00","143","고조"
"SO_0564","국화도","2029-01-10 00:00","664","저조"
"SO_0564","국화도","2029-01-10 00:00","737","저조"
"SO_0564","국화도","2029-01-10 00:00","220","고조"
"SO_0564","국화도","2029-01-09 00:00","734","저조"
"SO_0564","국화도","2029-01-09 00:00","168","고조"
"SO_0564","국화도","2029-01-09 00:00","762","저조"
"SO_0564","국화도","2029-01-09 00:00","122","고조"
"SO_0564","국화도","2029-01-10 00:00","143","고조"
"SO_0564","국화도","2029-01-10 00:00","664","저조"
"SO_0564","국화도","2029-01-10 00:00","737","저조"
"SO_0564","국화도","2029-01-10 00:00","220","고조"
"SO_0564","국화도","2029-01-09 00:00","734","저조"
"SO_0564","국화도","2029-01-09 00:00","168","고조"
"SO_0564","국화도","2029-01-09 00:00","762","저조"
"SO_0564","국화도","2029-01-09 00:00","122","고조"
"SO_0564","국화도","2029-01-10 00:00","143","고조"
"SO_0564","국화도","2029-01-10 00:00","664","저조"
"SO_0564","국화도","2029-01-10 00:00","737","저조"
"SO_0564","국화도","2029-01-10 00:00","220","고조"
"SO_0564","국화도","2029-01-09 00:00","734","저조"
"SO_0564","국화도","2029-01-09 00:00","168","고조"
"SO_0564","국화도","2029-01-09 00:00","762","저조"
"SO_0564","국화도","2029-01-09 00:00","122","고조"
"SO_0564","국화도","2029-01-10 00:00","143","고조"
"SO_0564","국화도","2029-01-10 00:00","664","저조"
"SO_0564","국화도","2029-01-10 00:00","737","저조"
"SO_0564","국화도","2029-01-10 00:00","220","고조"
"SO_0564","국화도","2029-01-09 00:00","734","저조"
"SO_0564","국화도","2029-01-09 00:00","168","고조"
"SO_0564","국화도","2029-01-09 00:00","762","저조"
"SO_0564","국화도","2029-01-09 00:00","122","고조"
"SO_0564","국화도","2029-01-10 00:00","143","고조"
"SO_0564","국화도","2029-01-10 00:00","664","저조"
"SO_0564","국화도","2029-01-10 00:00","737","저조"
"SO_0564","국화도","2029-01-10 00:00","220","고조"
"SO_0564","국화도","2029-01-09 00:00","734","저조"
"SO_0564","국화도","2029-01-09 00:00","168","고조"
"SO_0564","국화도","2029-01-09 00:00","762","저조"
"SO_0564","국화도","2029-01-09 00:00","122","고조"
"SO_0564","국화도","2029-01-10 00:00","143","고조"
"SO_0564","국화도","2029-01-10 00:00","664","저조"
"SO_0564","국화도","2029-01-10 00:00","737","저조"
"SO_0564","국화도","2029-01-10 00:00","220","고조"
"SO_0564","국화도","2029-01-09 00:00","734","저조"
"SO_0564","국화도","2029-01-09 00:00","168","고조"
"SO_0564","국화도","2029-01-09 00:00","762","저조"
"SO_0564","국화도","2029-01-09 00:00","122","고조"
"SO_0564","국화도","2029-01-10 00:00","143","고조"
"SO_0564","국화도","2029-01-10 00:00","664","저조"
"SO_0564","국화도","2029-01-10 00:00","737","저조"
"SO_0564","국화도","2029-01-10 00:00","220","고조"
"SO_0564","국화도","2029-01-09 00:00","734","저조"
"SO_0564","국화도","2029-01-09 00:00","168","고조"
"SO_0564","국화도","2029-01-09 00:00","762","저조"
"SO_0564","국화도","2029-01-09 00:00","122","고조"
"SO_0564","국화도","2029-01-10 00:00","143","고조"
"SO_0564","국화도","2029-01-10 00:00","664","저조"
"SO_0564","국화도","2029-01-10 00:00","737","저조"
"SO_0564","국화도","2029-01-10 00:00","220","고조"
"SO_0564","국화도","2029-01-09 00:00","734","저조"
"SO_0564","국화도","2029-01-09 00:00","168","고조"
"SO_0564","국화도","2029-01-09 00:00","762","저조"
"SO_0564","국화도","2029-01-09 00:00","122","고조"
"SO_0564","국화도","2029-01-10 00:00","143","고조"
"SO_0564","국화도","2029-01-10 00:00","664","저조"
"SO_0564","국화도","2029-01-10 00:00","737","저조"
"SO_0564","국화도","2029-01-10 00:00","220","고조"
"SO_0564","국화도","2029-01-09 00:00","734","저조"
"SO_0564","국화도","2029-01-09 00:00","168","고조"
"SO_0564","국화도","2029-01-09 00:00","762","저조"
"SO_0564","국화도","2029-01-09 00:00","122","고조"
"SO_0564","국화도","2029-01-10 00:00","143","고조"
"SO_0564","국화도","2029-01-10 00:00","664","저조"
"SO_0564","국화도","2029-01-10 00:00","737","저조"
"SO_0564","국화도","2029-01-10 00:00","220","고조"
"SO_0564","국화도","2029-01-09 00:00","734","저조"
"SO_0564","국화도","2029-01-09 00:00","168","고조"
"SO_0564","국화도","2029-01-09 00:00","762","저조"
"SO_0564","국화도","2029-01-09 00:00","122","고조"
"SO_0564","국화도","2029-01-10 00:00","143","고조"
"SO_0564","국화도","2029-01-10 00:00","664","저조"
"SO_0564","국화도","2029-01-10 00:00","737","저조"
"SO_0564","국화도","2029-01-10 00:00","220","고조"
"SO_0564","국화도","2029-01-09 00:00","734","저조"
"SO_0564","국화도","2029-01-09 00:00","168","고조"
"SO_0564","국화도","2029-01-09 00:00","762","저조"
"SO_0564","국화도","2029-01-09 00:00","122","고조"
"SO_0564","국화도","2029-01-10 00:00","143","고조"
"SO_0564","국화도","2029-01-10 00:00","664","저조"
"SO_0564","국화도","2029-01-10 00:00","737","저조"
"SO_0564","국화도","2029-01-10 00:00","220","고조"
"SO_0564","국화도","2029-01-09 00:00","734","저조"
"SO_0564","국화도","2029-01-09 00:00","168","고조"
"SO_0564","국화도","2029-01-09 00:00","762","저조"
"SO_0564","국화도","2029-01-09 00:00","122","고조"
"SO_0564","국화도","2029-01-10 00:00","143","고조"
"SO_0564","국화도","2029-01-10 00:00","664","저조"
"SO_0564","국화도","2029-01-10 00:00","737","저조"
"SO_0564","국화도","2029-01-10 00:00","220","고조"
"SO_0564","국화도","2029-01-09 00:00","734","저조"
"SO_0564","국화도","2029-01-09 00:00","168","고조"
"SO_0564","국화도","2029-01-09 00:00","762","저조"
"SO_0564","국화도","2029-01-09 00:00","122","고조"
"SO_0564","국화도","2029-01-10 00:00","143","고조"
"SO_0564","국화도","2029-01-10 00:00","664","저조"
"SO_0564","국화도","2029-01-10 00:00","737","저조"
"SO_0564","국화도","2029-01-10 00:00","220","고조"
"SO_0564","국화도","2029-01-09 00:00","734","저조"
"SO_0564","국화도","2029-01-09 00:00","168","고조"
"SO_0564","국화도","2029-01-09 00:00","762","저조"
"SO_0564","국화도","2029-01-09 00:00","122","고조"
"SO_0564","국화도","2029-01-10 00:00","143","고조"
"SO_0564","국화도","2029-01-10 00:00","664","저조"
"SO_0564","국화도","2029-01-10 00:00","737","저조"
"SO_0564","국화도","2029-01-10 00:00","220","고조"
"SO_0564","국화도","2029-01-09 00:00","734","저조"
"SO_0564","국화도","2029-01-09 00:00","168","고조"
"SO_0564","국화도","2029-01-09 00:00","762","저조"
"SO_0564","국화도","2029-01-09 00:00","122","고조"
"SO_0564","국화도","2029-01-10 00:00","143","고조"
"SO_0564","국화도","2029-01-10 00:00","664","저조"
"SO_0564","국화도","2029-01-10 00:00","737","저조"
"SO_0564","국화도","2029-01-10 00:00","220","고조"
"SO_0564","국화도","2029-01-09 00:00","734","저조"
"SO_0564","국화도","2029-01-09 00:00","168","고조"
"SO_0564","국화도","2029-01-09 00:00","762","저조"
"SO_0564","국화도","2029-01-09 00:00","122","고조"
"SO_0564","국화도","2029-01-10 00:00","143","고조"
"SO_0564","국화도","2029-01-10 00:00","664","저조"
"SO_0564","국화도","2029-01-10 00:00","737","저조"
"SO_0564","국화도","2029-01-10 00:00","220","고조"
"SO_0564","국화도","2029-01-09 00:00","734","저조"
"SO_0564","국화도","2029-01-09 00:00","168","고조"
"SO_0564","국화도","2029-01-09 00:00","762","저조"
"SO_0564","국화도","2029-01-09 00:00","122","고조"
"SO_0564","국화도","2029-01-10 00:00","143","고조"
"SO_0564","국화도","2029-01-10 00:00","664","저조"
"SO_0564","국화도","2029-01-10 00:00","737","저조"
"SO_0564","국화도","2029-01-10 00:00","220","고조"
"SO_0564","국화도","2029-01-09 00:00","734","저조"
"SO_0564","국화도","2029-01-09 00:00","168","고조"
"SO_0564","국화도","2029-01-09 00:00","762","저조"
"SO_0564","국화도","2029-01-09 00:00","122","고조"
"SO_0564","국화도","2029-01-10 00:00","143","고조"
"SO_0564","국화도","2029-01-10 00:00","664","저조"
"SO_0564","국화도","2029-01-10 00:00","737","저조"
"SO_0564","국화도","2029-01-10 00:00","220","고조"
"SO_0564","국화도","2029-01-09 00:00","734","저조"
"SO_0564","국화도","2029-01-09 00:00","168","고조"
"SO_0564","국화도","2029-01-09 00:00","762","저조"
"SO_0564","국화도","2029-01-09 00:00","122","고조"
"SO_0564","국화도","2029-01-10 00:00","143","고조"
"SO_0564","국화도","2029-01-10 00:00","664","저조"
"SO_0564","국화도","2029-01-10 00:00","737","저조"
"SO_0564","국화도","2029-01-10 00:00","220","고조"
"SO_0564","국화도","2029-01-09 00:00","734","저조"
"SO_0564","국화도","2029-01-09 00:00","168","고조"
"SO_0564","국화도","2029-01-09 00:00","762","저조"
"SO_0564","국화도","2029-01-09 00:00","122","고조"
"SO_0564","국화도","2029-01-10 00:00","143","고조"
"SO_0564","국화도","2029-01-10 00:00","664","저조"
"SO_0564","국화도","2029-01-10 00:00","737","저조"
"SO_0564","국화도","2029-01-10 00:00","220","고조"
"SO_0564","국화도","2029-01-09 00:00","734","저조"
"SO_0564","국화도","2029-01-09 00:00","168","고조"
"SO_0564","국화도","2029-01-09 00:00","762","저조"
"SO_0564","국화도","2029-01-09 00:00","122","고조"
"SO_0564","국화도","2029-01-10 00:00","143","고조"
"SO_0564","국화도","2029-01-10 00:00","664","저조"
"SO_0564","국화도","2029-01-10 00:00","737","저조"
"SO_0564","국화도","2029-01-10 00:00","220","고조"
"SO_0564","국화도","2029-01-09 00:00","734","저조"
"SO_0564","국화도","2029-01-09 00:00","168","고조"
"SO_0564","국화도","2029-01-09 00:00","762","저조"
"SO_0564","국화도","2029-01-09 00:00","122","고조"
"SO_0564","국화도","2029-01-10 00:00","143","고조"
"SO_0564","국화도","2029-01-10 00:00","664","저조"
"SO_0564","국화도","2029-01-10 00:00","737","저조"
"SO_0564","국화도","2029-01-10 00:00","220","고조"
"SO_0564","국화도","2029-01-09 00:00","734","저조"
"SO_0564","국화도","2029-01-09 00:00","168","고조"
"SO_0564","국화도","2029-01-09 00:00","762","저조"
"SO_0564","국화도","2029-01-09 00:00","122","고조"
"SO_0564","국화도","2029-01-10 00:00","143","고조"
"SO_0564","국화도","2029-01-10 00:00","664","저조"
"SO_0564","국화도","2029-01-10 00:00","737","저조"
"SO_0564","국화도","2029-01-10 00:00","220","고조"
"SO_0564","국화도","2029-01-09 00:00","734","저조"
"SO_0564","국화도","2029-01-09 00:00","168","고조"
"SO_0564","국화도","2029-01-09 00:00","762","저조"
"SO_0564","국화도","2029-01-09 00:00","122","고조"
"SO_0564","국화도","2029-01-10 00:00","143","고조"
"SO_0564","국화도","2029-01-10 00:00","664","저조"
"SO_0564","국화도","2029-01-10 00:00","737","저조"
"SO_0564","국화도","2029-01-10 00:00","220","고조"
"SO_0564","국화도","2029-01-09 00:00","734","저조"
"SO_0564","국화도","2029-01-09 00:00","168","고조"
"SO_0564","국화도","2029-01-09 00:00","762","저조"
"SO_0564","국화도","2029-01-09 00:00","122","고조"
"SO_0564","국화도","2029-01-10 00:00","143","고조"
"SO_0564","국화도","2029-01-10 00:00","664","저조"
"SO_0564","국화도","2029-01-10 00:00","737","저조"
"SO_0564","국화도","2029-01-10 00:00","220","고조"
"SO_0564","국화도","2029-01-09 00:00","734","저조"
"SO_0564","국화도","2029-01-09 00:00","168","고조"
"SO_0564","국화도","2029-01-09 00:00","762","저조"
"SO_0564","국화도","2029-01-09 00:00","122","고조"
"SO_0564","국화도","2029-01-10 00:00","143","고조"
"SO_0564","국화도","2029-01-10 00:00","664","저조"
"SO_0564","국화도","2029-01-10 00:00","737","저조"
"SO_0564","국화도","2029-01-10 00:00","220","고조"
"SO_0564","국화도","2029-01-09 00:00","734","저조"
"SO_0564","국화도","2029-01-09 00:00","168","고조"
"SO_0564","국화도","2029-01-09 00:00","762","저조"
"SO_0564","국화도","2029-01-09 00:00","122","고조"
"SO_0564","국화도","2029-01-10 00:00","143","고조"
"SO_0564","국화도","2029-01-10 00:00","664","저조"
"SO_0564","국화도","2029-01-10 00:00","737","저조"
"SO_0564","국화도","2029-01-10 00:00","220","고조"
"SO_0564","국화도","2029-01-09 00:00","734","저조"
"SO_0564","국화도","2029-01-09 00:00","168","고조"
"SO_0564","국화도","2029-01-09 00:00","762","저조"
"SO_0564","국화도","2029-01-09 00:00","122","고조"
"SO_0564","국화도","2029-01-10 00:00","143","고조"
"SO_0564","국화도","2029-01-10 00:00","664","저조"
"SO_0564","국화도","2029-01-10 00:00","737","저조"
"SO_0564","국화도","2029-01-10 00:00","220","고조"
"SO_0564","국화도","2029-01-09 00:00","734","저조"
"SO_0564","국화도","2029-01-09 00:00","168","고조"
"SO_0564","국화도","2029-01-09 00:00","762","저조"
"SO_0564","국화도","2029-01-09 00:00","122","고조"
"SO_0564","국화도","2029-01-10 00:00","143","고조"
"SO_0564","국화도","2029-01-10 00:00","664","저조"
"SO_0564","국화도","2029-01-10 00:00","737","저조"
"SO_0564","국화도","2029-01-10 00:00","220","고조"
"SO_0564","국화도","2029-01-09 00:00","734","저조"
"SO_0564","국화도","2029-01-09 00:00","168","고조"
"SO_0564","국화도","2029-01-09 00:00","762","저조"
"SO_0564","국화도","2029-01-09 00:00","122","고조"
"SO_0564","국화도","2029-01-10 00:00","143","고조"
"SO_0564","국화도","2029-01-10 00:00","664","저조"
"SO_0564","국화도","2029-01-10 00:00","737","저조"
"SO_0564","국화도","2029-01-10 00:00","220","고조"
"SO_0564","국화도","2029-01-09 00:00","734","저조"
"SO_0564","국화도","2029-01-09 00:00","168","고조"
"SO_0564","국화도","2029-01-09 00:00","762","저조"
"SO_0564","국화도","2029-01-09 00:00","122","고조"
"SO_0564","국화도","2029-01-10 00:00","143","고조"
"SO_0564","국화도","2029-01-10 00:00","664","저조"
"SO_0564","국화도","2029-01-10 00:00","737","저조"
"SO_0564","국화도","2029-01-10 00:00","220","고조"
"SO_0564","국화도","2029-01-09 00:00","734","저조"
"SO_0564","국화도","2029-01-09 00:00","168","고조"
"SO_0564","국화도","2029-01-09 00:00","762","저조"
"SO_0564","국화도","2029-01-09 00:00","122","고조"
"SO_0564","국화도","2029-01-10 00:00","143","고조"
"SO_0564","국화도","2029-01-10 00:00","664","저조"
"SO_0564","국화도","2029-01-10 00:00","737","저조"
"SO_0564","국화도","2029-01-10 00:00","220","고조"
"SO_0564","국화도","2029-01-09 00:00","734","저조"
"SO_0564","국화도","2029-01-09 00:00","168","고조"
"SO_0564","국화도","2029-01-09 00:00","762","저조"
"SO_0564","국화도","2029-01-09 00:00","122","고조"
"SO_0564","국화도","2029-01-10 00:00","143","고조"
"SO_0564","국화도","2029-01-10 00:00","664","저조"
"SO_0564","국화도","2029-01-10 00:00","737","저조"
"SO_0564","국화도","2029-01-10 00:00","220","고조"
"SO_0564","국화도","2029-01-09 00:00","734","저조"
"SO_0564","국화도","2029-01-09 00:00","168","고조"
"SO_0564","국화도","2029-01-09 00:00","762","저조"
"SO_0564","국화도","2029-01-09 00:00","122","고조"
"SO_0564","국화도","2029-01-10 00:00","143","고조"
"SO_0564","국화도","2029-01-10 00:00","664","저조"
"SO_0564","국화도","2029-01-10 00:00","737","저조"
"SO_0564","국화도","2029-01-10 00:00","220","고조"
"SO_0564","국화도","2029-01-09 00:00","734","저조"
"SO_0564","국화도","2029-01-09 00:00","168","고조"
"SO_0564","국화도","2029-01-09 00:00","762","저조"
"SO_0564","국화도","2029-01-09 00:00","122","고조"
"SO_0564","국화도","2029-01-10 00:00","143","고조"
"SO_0564","국화도","2029-01-10 00:00","664","저조"
"SO_0564","국화도","2029-01-10 00:00","737","저조"
"SO_0564","국화도","2029-01-10 00:00","220","고조"
"SO_0564","국화도","2029-01-09 00:00","734","저조"
"SO_0564","국화도","2029-01-09 00:00","168","고조"
"SO_0564","국화도","2029-01-09 00:00","762","저조"
"SO_0564","국화도","2029-01-09 00:00","122","고조"
"SO_0564","국화도","2029-01-10 00:00","143","고조"
"SO_0564","국화도","2029-01-10 00:00","664","저조"
"SO_0564","국화도","2029-01-10 00:00","737","저조"
"SO_0564","국화도","2029-01-10 00:00","220","고조"
"SO_0564","국화도","2029-01-09 00:00","734","저조"
"SO_0564","국화도","2029-01-09 00:00","168","고조"
"SO_0564","국화도","2029-01-09 00:00","762","저조"
"SO_0564","국화도","2029-01-09 00:00","122","고조"
"SO_0564","국화도","2029-01-10 00:00","143","고조"
"SO_0564","국화도","2029-01-10 00:00","664","저조"
"SO_0564","국화도","2029-01-10 00:00","737","저조"
"SO_0564","국화도","2029-01-10 00:00","220","고조"
"SO_0564","국화도","2029-01-09 00:00","734","저조"
"SO_0564","국화도","2029-01-09 00:00","168","고조"
"SO_0564","국화도","2029-01-09 00:00","762","저조"
"SO_0564","국화도","2029-01-09 00:00","122","고조"
"SO_0564","국화도","2029-01-10 00:00","143","고조"
"SO_0564","국화도","2029-01-10 00:00","664","저조"
"SO_0564","국화도","2029-01-10 00:00","737","저조"
"SO_0564","국화도","2029-01-10 00:00","220","고조"
"SO_0564","국화도","2029-01-09 00:00","734","저조"
"SO_0564","국화도","2029-01-09 00:00","168","고조"
"SO_0564","국화도","2029-01-09 00:00","762","저조"
"SO_0564","국화도","2029-01-09 00:00","122","고조"
"SO_0564","국화도","2029-01-10 00:00","143","고조"
"SO_0564","국화도","2029-01-10 00:00","664","저조"
"SO_0564","국화도","2029-01-10 00:00","737","저조"
"SO_0564","국화도","2029-01-10 00:00","220","고조"
"SO_0564","국화도","2029-01-09 00:00","734","저조"
"SO_0564","국화도","2029-01-09 00:00","168","고조"
"SO_0564","국화도","2029-01-09 00:00","762","저조"
"SO_0564","국화도","2029-01-09 00:00","122","고조"
"SO_0564","국화도","2029-01-10 00:00","143","고조"
"SO_0564","국화도","2029-01-10 00:00","664","저조"
"SO_0564","국화도","2029-01-10 00:00","737","저조"
"SO_0564","국화도","2029-01-10 00:00","220","고조"
"SO_0564","국화도","2029-01-09 00:00","734","저조"
"SO_0564","국화도","2029-01-09 00:00","168","고조"
"SO_0564","국화도","2029-01-09 00:00","762","저조"
"SO_0564","국화도","2029-01-09 00:00","122","고조"
"SO_0564","국화도","2029-01-10 00:00","143","고조"
"SO_0564","국화도","2029-01-10 00:00","664","저조"
"SO_0564","국화도","2029-01-10 00:00","737","저조"
"SO_0564","국화도","2029-01-10 00:00","220","고조"
"SO_0564","국화도","2029-01-09 00:00","734","저조"
"SO_0564","국화도","2029-01-09 00:00","168","고조"
"SO_0564","국화도","2029-01-09 00:00","762","저조"
"SO_0564","국화도","2029-01-09 00:00","122","고조"
"SO_0564","국화도","2029-01-10 00:00","143","고조"
"SO_0564","국화도","2029-01-10 00:00","664","저조"
"SO_0564","국화도","2029-01-10 00:00","737","저조"
"SO_0564","국화도","2029-01-10 00:00","220","고조"
"SO_0564","국화도","2029-01-09 00:00","734","저조"
"SO_0564","국화도","2029-01-09 00:00","168","고조"
"SO_0564","국화도","2029-01-09 00:00","762","저조"
"SO_0564","국화도","2029-01-09 00:00","122","고조"
"SO_0564","국화도","2029-01-10 00:00","143","고조"
"SO_0564","국화도","2029-01-10 00:00","664","저조"
"SO_0564","국화도","2029-01-10 00:00","737","저조"
"SO_0564","국화도","2029-01-10 00:00","220","고조"
"SO_0564","국화도","2029-01-09 00:00","734","저조"
"SO_0564","국화도","2029-01-09 00:00","168","고조"
"SO_0564","국화도","2029-01-09 00:00","762","저조"
"SO_0564","국화도","2029-01-09 00:00","122","고조"
"SO_0564","국화도","2029-01-10 00:00","143","고조"
"SO_0564","국화도","2029-01-10 00:00","664","저조"
"SO_0564","국화도","2029-01-10 00:00","737","저조"
"SO_0564","국화도","2029-01-10 00:00","220","고조"
"SO_0564","국화도","2029-01-09 00:00","734","저조"
"SO_0564","국화도","2029-01-09 00:00","168","고조"
"SO_0564","국화도","2029-01-09 00:00","762","저조"
"SO_0564","국화도","2029-01-09 00:00","122","고조"
"SO_0564","국화도","2029-01-10 00:00","143","고조"
"SO_0564","국화도","2029-01-10 00:00","664","저조"
"SO_0564","국화도","2029-01-10 00:00","737","저조"
"SO_0564","국화도","2029-01-10 00:00","220","고조"
"SO_0564","국화도","2029-01-09 00:00","734","저조"
"SO_0564","국화도","2029-01-09 00:00","168","고조"
"SO_0564","국화도","2029-01-09 00:00","762","저조"
"SO_0564","국화도","2029-01-09 00:00","122","고조"
"SO_0564","국화도","2029-01-10 00:00","143","고조"
"SO_0564","국화도","2029-01-10 00:00","664","저조"
"SO_0564","국화도","2029-01-10 00:00","737","저조"
"SO_0564","국화도","2029-01-10 00:00","220","고조"
"SO_0564","국화도","2029-01-09 00:00","734","저조"
"SO_0564","국화도","2029-01-09 00:00","168","고조"
"SO_0564","국화도","2029-01-09 00:00","762","저조"
"SO_0564","국화도","2029-01-09 00:00","122","고조"
"SO_0564","국화도","2029-01-10 00:00","143","고조"
"SO_0564","국화도","2029-01-10 00:00","664","저조"
"SO_0564","국화도","2029-01-10 00:00","737","저조"
"SO_0564","국화도","2029-01-10 00:00","220","고조"
"SO_0564","국화도","2029-01-09 00:00","734","저조"
"SO_0564","국화도","2029-01-09 00:00","168","고조"
"SO_0564","국화도","2029-01-09 00:00","762","저조"
"SO_0564","국화도","2029-01-09 00:00","122","고조"
"SO_0564","국화도","2029-01-10 00:00","143","고조"
"SO_0564","국화도","2029-01-10 00:00","664","저조"
"SO_0564","국화도","2029-01-10 00:00","737","저조"
"SO_0564","국화도","2029-01-10 00:00","220","고조"
"SO_0564","국화도","2029-01-09 00:00","734","저조"
"SO_0564","국화도","2029-01-09 00:00","168","고조"
"SO_0564","국화도","2029-01-09 00:00","762","저조"
"SO_0564","국화도","2029-01-09 00:00","122","고조"
"SO_0564","국화도","2029-01-10 00:00","143","고조"
"SO_0564","국화도","2029-01-10 00:00","664","저조"
"SO_0564","국화도","2029-01-10 00:00","737","저조"
"SO_0564","국화도","2029-01-10 00:00","220","고조"
"SO_0564","국화도","2029-01-09 00:00","734","저조"
"SO_0564","국화도","2029-01-09 00:00","168","고조"
"SO_0564","국화도","2029-01-09 00:00","762","저조"
"SO_0564","국화도","2029-01-09 00:00","122","고조"
"SO_0564","국화도","2029-01-10 00:00","143","고조"
"SO_0564","국화도","2029-01-10 00:00","664","저조"
"SO_0564","국화도","2029-01-10 00:00","737","저조"
"SO_0564","국화도","2029-01-10 00:00","220","고조"
"SO_0564","국화도","2029-01-09 00:00","734","저조"
"SO_0564","국화도","2029-01-09 00:00","168","고조"
"SO_0564","국화도","2029-01-09 00:00","762","저조"
"SO_0564","국화도","2029-01-09 00:00","122","고조"
"SO_0564","국화도","2029-01-10 00:00","143","고조"
"SO_0564","국화도","2029-01-10 00:00","664","저조"
"SO_0564","국화도","2029-01-10 00:00","737","저조"
"SO_0564","국화도","2029-01-10 00:00","220","고조"
"SO_0564","국화도","2029-01-09 00:00","734","저조"
"SO_0564","국화도","2029-01-09 00:00","168","고조"
"SO_0564","국화도","2029-01-09 00:00","762","저조"
"SO_0564","국화도","2029-01-09 00:00","122","고조"
"SO_0564","국화도","2029-01-10 00:00","143","고조"
"SO_0564","국화도","2029-01-10 00:00","664","저조"
"SO_0564","국화도","2029-01-10 00:00","737","저조"
"SO_0564","국화도","2029-01-10 00:00","220","고조"
"SO_0564","국화도","2029-01-09 00:00","734","저조"
"SO_0564","국화도","2029-01-09 00:00","168","고조"
"SO_0564","국화도","2029-01-09 00:00","762","저조"
"SO_0564","국화도","2029-01-09 00:00","122","고조"
"SO_0564","국화도","2029-01-10 00:00","143","고조"
"SO_0564","국화도","2029-01-10 00:00","664","저조"
"SO_0564","국화도","2029-01-10 00:00","737","저조"
"SO_0564","국화도","2029-01-10 00:00","220","고조"
"SO_0564","국화도","2029-01-09 00:00","734","저조"
"SO_0564","국화도","2029-01-09 00:00","168","고조"
"SO_0564","국화도","2029-01-09 00:00","762","저조"
"SO_0564","국화도","2029-01-09 00:00","122","고조"
"SO_0564","국화도","2029-01-10 00:00","143","고조"
"SO_0564","국화도","2029-01-10 00:00","664","저조"
"SO_0564","국화도","2029-01-10 00:00","737","저조"
"SO_0564","국화도","2029-01-10 00:00","220","고조"
"SO_0564","국화도","2029-01-09 00:00","734","저조"
"SO_0564","국화도","2029-01-09 00:00","168","고조"
"SO_0564","국화도","2029-01-09 00:00","762","저조"
"SO_0564","국화도","2029-01-09 00:00","122","고조"
"SO_0564","국화도","2029-01-10 00:00","143","고조"
"SO_0564","국화도","2029-01-10 00:00","664","저조"
"SO_0564","국화도","2029-01-10 00:00","737","저조"
"SO_0564","국화도","2029-01-10 00:00","220","고조"
"SO_0564","국화도","2029-01-09 00:00","734","저조"
"SO_0564","국화도","2029-01-09 00:00","168","고조"
"SO_0564","국화도","2029-01-09 00:00","762","저조"
"SO_0564","국화도","2029-01-09 00:00","122","고조"
"SO_0564","국화도","2029-01-10 00:00","143","고조"
"SO_0564","국화도","2029-01-10 00:00","664","저조"
"SO_0564","국화도","2029-01-10 00:00","737","저조"
"SO_0564","국화도","2029-01-10 00:00","220","고조"
"SO_0564","국화도","2029-01-09 00:00","734","저조"
"SO_0564","국화도","2029-01-09 00:00","168","고조"
"SO_0564","국화도","2029-01-09 00:00","762","저조"
"SO_0564","국화도","2029-01-09 00:00","122","고조"
"SO_0564","국화도","2029-01-10 00:00","143","고조"
"SO_0564","국화도","2029-01-10 00:00","664","저조"
"SO_0564","국화도","2029-01-10 00:00","737","저조"
"SO_0564","국화도","2029-01-10 00:00","220","고조"
"SO_0564","국화도","2029-01-09 00:00","734","저조"
"SO_0564","국화도","2029-01-09 00:00","168","고조"
"SO_0564","국화도","2029-01-09 00:00","762","저조"
"SO_0564","국화도","2029-01-09 00:00","122","고조"
"SO_0564","국화도","2029-01-10 00:00","143","고조"
"SO_0564","국화도","2029-01-10 00:00","664","저조"
"SO_0564","국화도","2029-01-10 00:00","737","저조"
"SO_0564","국화도","2029-01-10 00:00","220","고조"
"SO_0564","국화도","2029-01-09 00:00","734","저조"
"SO_0564","국화도","2029-01-09 00:00","168","고조"
"SO_0564","국화도","2029-01-09 00:00","762","저조"
"SO_0564","국화도","2029-01-09 00:00","122","고조"
"SO_0564","국화도","2029-01-10 00:00","143","고조"
"SO_0564","국화도","2029-01-10 00:00","664","저조"
"SO_0564","국화도","2029-01-10 00:00","737","저조"
"SO_0564","국화도","2029-01-10 00:00","220","고조"
"SO_0564","국화도","2029-01-09 00:00","734","저조"
"SO_0564","국화도","2029-01-09 00:00","168","고조"
"SO_0564","국화도","2029-01-09 00:00","762","저조"
"SO_0564","국화도","2029-01-09 00:00","122","고조"
"SO_0564","국화도","2029-01-10 00:00","143","고조"
"SO_0564","국화도","2029-01-10 00:00","664","저조"
"SO_0564","국화도","2029-01-10 00:00","737","저조"
"SO_0564","국화도","2029-01-10 00:00","220","고조"
"SO_0564","국화도","2029-01-09 00:00","734","저조"
"SO_0564","국화도","2029-01-09 00:00","168","고조"
"SO_0564","국화도","2029-01-09 00:00","762","저조"
"SO_0564","국화도","2029-01-09 00:00","122","고조"
"SO_0564","국화도","2029-01-10 00:00","143","고조"
"SO_0564","국화도","2029-01-10 00:00","664","저조"
"SO_0564","국화도","2029-01-10 00:00","737","저조"
"SO_0564","국화도","2029-01-10 00:00","220","고조"
"SO_0564","국화도","2029-01-09 00:00","734","저조"
"SO_0564","국화도","2029-01-09 00:00","168","고조"
"SO_0564","국화도","2029-01-09 00:00","762","저조"
"SO_0564","국화도","2029-01-09 00:00","122","고조"
"SO_0564","국화도","2029-01-10 00:00","143","고조"
"SO_0564","국화도","2029-01-10 00:00","664","저조"
"SO_0564","국화도","2029-01-10 00:00","737","저조"
"SO_0564","국화도","2029-01-10 00:00","220","고조"
"SO_0564","국화도","2029-01-09 00:00","734","저조"
"SO_0564","국화도","2029-01-09 00:00","168","고조"
"SO_0564","국화도","2029-01-09 00:00","762","저조"
"SO_0564","국화도","2029-01-09 00:00","122","고조"
"SO_0564","국화도","2029-01-10 00:00","143","고조"
"SO_0564","국화도","2029-01-10 00:00","664","저조"
"SO_0564","국화도","2029-01-10 00:00","737","저조"
"SO_0564","국화도","2029-01-10 00:00","220","고조"
"SO_0564","국화도","2029-01-09 00:00","734","저조"
"SO_0564","국화도","2029-01-09 00:00","168","고조"
"SO_0564","국화도","2029-01-09 00:00","762","저조"
"SO_0564","국화도","2029-01-09 00:00","122","고조"
"SO_0564","국화도","2029-01-10 00:00","143","고조"
"SO_0564","국화도","2029-01-10 00:00","664","저조"
"SO_0564","국화도","2029-01-10 00:00","737","저조"
"SO_0564","국화도","2029-01-10 00:00","220","고조"
"SO_0564","국화도","2029-01-09 00:00","734","저조"
"SO_0564","국화도","2029-01-09 00:00","168","고조"
"SO_0564","국화도","2029-01-09 00:00","762","저조"
"SO_0564","국화도","2029-01-09 00:00","122","고조"
"SO_0564","국화도","2029-01-10 00:00","143","고조"
"SO_0564","국화도","2029-01-10 00:00","664","저조"
"SO_0564","국화도","2029-01-10 00:00","737","저조"
"SO_0564","국화도","2029-01-10 00:00","220","고조"
"SO_0564","국화도","2029-01-09 00:00","734","저조"
"SO_0564","국화도","2029-01-09 00:00","168","고조"
"SO_0564","국화도","2029-01-09 00:00","762","저조"
"SO_0564","국화도","2029-01-09 00:00","122","고조"
"SO_0564","국화도","2029-01-10 00:00","143","고조"
"SO_0564","국화도","2029-01-10 00:00","664","저조"
"SO_0564","국화도","2029-01-10 00:00","737","저조"
"SO_0564","국화도","2029-01-10 00:00","220","고조"
"SO_0564","국화도","2029-01-09 00:00","734","저조"
"SO_0564","국화도","2029-01-09 00:00","168","고조"
"SO_0564","국화도","2029-01-09 00:00","762","저조"
"SO_0564","국화도","2029-01-09 00:00","122","고조"
"SO_0564","국화도","2029-01-10 00:00","143","고조"
"SO_0564","국화도","2029-01-10 00:00","664","저조"
"SO_0564","국화도","2029-01-10 00:00","737","저조"
"SO_0564","국화도","2029-01-10 00:00","220","고조"
"SO_0564","국화도","2029-01-09 00:00","734","저조"
"SO_0564","국화도","2029-01-09 00:00","168","고조"
"SO_0564","국화도","2029-01-09 00:00","762","저조"
"SO_0564","국화도","2029-01-09 00:00","122","고조"
"SO_0564","국화도","2029-01-10 00:00","143","고조"
"SO_0564","국화도","2029-01-10 00:00","664","저조"
"SO_0564","국화도","2029-01-10 00:00","737","저조"
"SO_0564","국화도","2029-01-10 00:00","220","고조"
"SO_1282","선재도","2027-12-31 00:50","149","고조"
"SO_1282","선재도","2027-12-31 06:30","709","저조"
"SO_1282","선재도","2027-12-31 12:41","68","고조"
"SO_1282","선재도","2027-12-31 18:52","781","저조"
"SO_1282","선재도","2028-01-09 00:00","801","저조"
"SO_1282","선재도","2028-01-09 00:00","777","저조"
"SO_1282","선재도","2028-01-09 00:00","81","고조"
"SO_1282","선재도","2028-01-09 00:00","120","고조"
"SO_1282","선재도","2028-01-10 00:00","99","고조"
"SO_1282","선재도","2028-01-10 00:00","171","고조"
"SO_1282","선재도","2028-01-09 00:00","777","저조"
"SO_1282","선재도","2028-01-09 00:00","120","고조"
"SO_1282","선재도","2028-01-09 00:00","801","저조"
"SO_1282","선재도","2028-01-09 00:00","81","고조"
"SO_1282","선재도","2028-01-10 00:00","99","고조"
"SO_1282","선재도","2028-01-10 00:00","701","저조"
"SO_1282","선재도","2028-01-10 00:00","766","저조"
"SO_1282","선재도","2028-01-10 00:00","171","고조"
"SO_1282","선재도","2028-01-09 00:00","777","저조"
"SO_1282","선재도","2028-01-09 00:00","120","고조"
"SO_1282","선재도","2028-01-09 00:00","801","저조"
"SO_1282","선재도","2028-01-09 00:00","81","고조"
"SO_1282","선재도","2028-01-10 00:00","99","고조"
"SO_1282","선재도","2028-01-10 00:00","701","저조"
"SO_1282","선재도","2028-01-10 00:00","766","저조"
"SO_1282","선재도","2028-01-10 00:00","171","고조"
"SO_1282","선재도","2028-01-09 00:00","777","저조"
"SO_1282","선재도","2028-01-09 00:00","120","고조"
"SO_1282","선재도","2028-01-09 00:00","801","저조"
"SO_1282","선재도","2028-01-09 00:00","81","고조"
"SO_1282","선재도","2028-01-10 00:00","99","고조"
"SO_1282","선재도","2028-01-10 00:00","701","저조"
"SO_1282","선재도","2028-01-10 00:00","766","저조"
"SO_1282","선재도","2028-01-10 00:00","171","고조"
"SO_1282","선재도","2028-01-09 00:00","777","저조"
"SO_1282","선재도","2028-01-09 00:00","120","고조"
"SO_1282","선재도","2028-01-09 00:00","801","저조"
"SO_1282","선재도","2028-01-09 00:00","81","고조"
"SO_1282","선재도","2028-01-10 00:00","99","고조"
"SO_1282","선재도","2028-01-10 00:00","701","저조"
"SO_1282","선재도","2028-01-10 00:00","766","저조"
"SO_1282","선재도","2028-01-10 00:00","171","고조"
"SO_1282","선재도","2028-01-09 00:00","777","저조"
"SO_1282","선재도","2028-01-09 00:00","120","고조"
"SO_1282","선재도","2028-01-09 00:00","801","저조"
"SO_1282","선재도","2028-01-09 00:00","81","고조"
"SO_1282","선재도","2028-01-10 00:00","99","고조"
"SO_1282","선재도","2028-01-10 00:00","701","저조"
"SO_1282","선재도","2028-01-10 00:00","766","저조"
"SO_1282","선재도","2028-01-10 00:00","171","고조"
"SO_1282","선재도","2028-01-09 00:00","777","저조"
"SO_1282","선재도","2028-01-09 00:00","120","고조"
"SO_1282","선재도","2028-01-09 00:00","801","저조"
"SO_1282","선재도","2028-01-09 00:00","81","고조"
"SO_1282","선재도","2028-01-10 00:00","99","고조"
"SO_1282","선재도","2028-01-10 00:00","701","저조"
"SO_1282","선재도","2028-01-10 00:00","766","저조"
"SO_1282","선재도","2028-01-10 00:00","171","고조"
"SO_1282","선재도","2028-01-09 00:00","777","저조"
"SO_1282","선재도","2028-01-09 00:00","120","고조"
"SO_1282","선재도","2028-01-09 00:00","801","저조"
"SO_1282","선재도","2028-01-09 00:00","81","고조"
"SO_1282","선재도","2028-01-10 00:00","99","고조"
"SO_1282","선재도","2028-01-10 00:00","701","저조"
"SO_1282","선재도","2028-01-10 00:00","766","저조"
"SO_1282","선재도","2028-01-10 00:00","171","고조"
"SO_1282","선재도","2028-01-09 00:00","777","저조"
"SO_1282","선재도","2028-01-09 00:00","120","고조"
"SO_1282","선재도","2028-01-09 00:00","801","저조"
"SO_1282","선재도","2028-01-09 00:00","81","고조"
"SO_1282","선재도","2028-01-10 00:00","99","고조"
"SO_1282","선재도","2028-01-10 00:00","701","저조"
"SO_1282","선재도","2028-01-10 00:00","766","저조"
"SO_1282","선재도","2028-01-10 00:00","171","고조"
"SO_1282","선재도","2028-01-09 00:00","777","저조"
"SO_1282","선재도","2028-01-09 00:00","120","고조"
"SO_1282","선재도","2028-01-09 00:00","801","저조"
"SO_1282","선재도","2028-01-09 00:00","81","고조"
"SO_1282","선재도","2028-01-10 00:00","99","고조"
"SO_1282","선재도","2028-01-10 00:00","701","저조"
"SO_1282","선재도","2028-01-10 00:00","766","저조"
"SO_1282","선재도","2028-01-10 00:00","171","고조"
"SO_1282","선재도","2028-01-10 00:00","701","저조"
"SO_1282","선재도","2028-01-10 00:00","171","고조"
"SO_1282","선재도","2028-01-10 00:00","766","저조"
"SO_1282","선재도","2028-01-10 00:00","99","고조"
"SO_1282","선재도","2029-01-09 00:00","109","고조"
"SO_1282","선재도","2029-01-09 00:00","738","저조"
"SO_1282","선재도","2029-01-09 00:00","766","저조"
"SO_1282","선재도","2029-01-09 00:00","164","고조"
"SO_1282","선재도","2029-01-09 00:00","738","저조"
"SO_1282","선재도","2029-01-09 00:00","164","고조"
"SO_1282","선재도","2029-01-09 00:00","766","저조"
"SO_1282","선재도","2029-01-09 00:00","109","고조"
"SO_1282","선재도","2029-01-10 00:00","134","고조"
"SO_1282","선재도","2029-01-10 00:00","663","저조"
"SO_1282","선재도","2029-01-10 00:00","730","저조"
"SO_1282","선재도","2029-01-10 00:00","212","고조"
"SO_1282","선재도","2029-01-09 00:00","738","저조"
"SO_1282","선재도","2029-01-09 00:00","164","고조"
"SO_1282","선재도","2029-01-09 00:00","766","저조"
"SO_1282","선재도","2029-01-09 00:00","109","고조"
"SO_1282","선재도","2029-01-10 00:00","134","고조"
"SO_1282","선재도","2029-01-10 00:00","663","저조"
"SO_1282","선재도","2029-01-10 00:00","730","저조"
"SO_1282","선재도","2029-01-10 00:00","212","고조"
"SO_1282","선재도","2029-01-09 00:00","738","저조"
"SO_1282","선재도","2029-01-09 00:00","164","고조"
"SO_1282","선재도","2029-01-09 00:00","766","저조"
"SO_1282","선재도","2029-01-09 00:00","109","고조"
"SO_1282","선재도","2029-01-10 00:00","134","고조"
"SO_1282","선재도","2029-01-10 00:00","663","저조"
"SO_1282","선재도","2029-01-10 00:00","730","저조"
"SO_1282","선재도","2029-01-10 00:00","212","고조"
"SO_1282","선재도","2029-01-09 00:00","738","저조"
"SO_1282","선재도","2029-01-09 00:00","164","고조"
"SO_1282","선재도","2029-01-09 00:00","766","저조"
"SO_1282","선재도","2029-01-09 00:00","109","고조"
"SO_1282","선재도","2029-01-10 00:00","134","고조"
"SO_1282","선재도","2029-01-10 00:00","663","저조"
"SO_1282","선재도","2029-01-10 00:00","730","저조"
"SO_1282","선재도","2029-01-10 00:00","212","고조"
"SO_1282","선재도","2029-01-09 00:00","738","저조"
"SO_1282","선재도","2029-01-09 00:00","164","고조"
"SO_1282","선재도","2029-01-09 00:00","766","저조"
"SO_1282","선재도","2029-01-09 00:00","109","고조"
"SO_1282","선재도","2029-01-10 00:00","134","고조"
"SO_1282","선재도","2029-01-10 00:00","663","저조"
"SO_1282","선재도","2029-01-10 00:00","730","저조"
"SO_1282","선재도","2029-01-10 00:00","212","고조"
"SO_1282","선재도","2029-01-09 00:00","738","저조"
"SO_1282","선재도","2029-01-09 00:00","164","고조"
"SO_1282","선재도","2029-01-09 00:00","766","저조"
"SO_1282","선재도","2029-01-09 00:00","109","고조"
"SO_1282","선재도","2029-01-10 00:00","134","고조"
"SO_1282","선재도","2029-01-10 00:00","663","저조"
"SO_1282","선재도","2029-01-10 00:00","730","저조"
"SO_1282","선재도","2029-01-10 00:00","212","고조"
"SO_1282","선재도","2029-01-09 00:00","738","저조"
"SO_1282","선재도","2029-01-09 00:00","164","고조"
"SO_1282","선재도","2029-01-09 00:00","766","저조"
"SO_1282","선재도","2029-01-09 00:00","109","고조"
"SO_1282","선재도","2029-01-10 00:00","134","고조"
"SO_1282","선재도","2029-01-10 00:00","663","저조"
"SO_1282","선재도","2029-01-10 00:00","730","저조"
"SO_1282","선재도","2029-01-10 00:00","212","고조"
"SO_1282","선재도","2029-01-09 00:00","738","저조"
"SO_1282","선재도","2029-01-09 00:00","164","고조"
"SO_1282","선재도","2029-01-09 00:00","766","저조"
"SO_1282","선재도","2029-01-09 00:00","109","고조"
"SO_1282","선재도","2029-01-10 00:00","134","고조"
"SO_1282","선재도","2029-01-10 00:00","663","저조"
"SO_1282","선재도","2029-01-10 00:00","730","저조"
"SO_1282","선재도","2029-01-10 00:00","212","고조"
"SO_1282","선재도","2029-01-09 00:00","738","저조"
"SO_1282","선재도","2029-01-09 00:00","164","고조"
"SO_1282","선재도","2029-01-09 00:00","766","저조"
"SO_1282","선재도","2029-01-09 00:00","109","고조"
"SO_1282","선재도","2029-01-10 00:00","134","고조"
"SO_1282","선재도","2029-01-10 00:00","663","저조"
"SO_1282","선재도","2029-01-10 00:00","730","저조"
"SO_1282","선재도","2029-01-10 00:00","212","고조"
"SO_1282","선재도","2029-01-09 00:00","738","저조"
"SO_1282","선재도","2029-01-09 00:00","164","고조"
"SO_1282","선재도","2029-01-09 00:00","766","저조"
"SO_1282","선재도","2029-01-09 00:00","109","고조"
"SO_1282","선재도","2029-01-10 00:00","134","고조"
"SO_1282","선재도","2029-01-10 00:00","663","저조"
"SO_1282","선재도","2029-01-10 00:00","730","저조"
"SO_1282","선재도","2029-01-10 00:00","212","고조"
"SO_1282","선재도","2029-01-09 00:00","738","저조"
"SO_1282","선재도","2029-01-09 00:00","164","고조"
"SO_1282","선재도","2029-01-09 00:00","766","저조"
"SO_1282","선재도","2029-01-09 00:00","109","고조"
"SO_1282","선재도","2029-01-10 00:00","134","고조"
"SO_1282","선재도","2029-01-10 00:00","663","저조"
"SO_1282","선재도","2029-01-10 00:00","730","저조"
"SO_1282","선재도","2029-01-10 00:00","212","고조"
"SO_1282","선재도","2029-01-09 00:00","738","저조"
"SO_1282","선재도","2029-01-09 00:00","164","고조"
"SO_1282","선재도","2029-01-09 00:00","766","저조"
"SO_1282","선재도","2029-01-09 00:00","109","고조"
"SO_1282","선재도","2029-01-10 00:00","134","고조"
"SO_1282","선재도","2029-01-10 00:00","663","저조"
"SO_1282","선재도","2029-01-10 00:00","730","저조"
"SO_1282","선재도","2029-01-10 00:00","212","고조"
"SO_1282","선재도","2029-01-09 00:00","738","저조"
"SO_1282","선재도","2029-01-09 00:00","164","고조"
"SO_1282","선재도","2029-01-09 00:00","766","저조"
"SO_1282","선재도","2029-01-09 00:00","109","고조"
"SO_1282","선재도","2029-01-10 00:00","134","고조"
"SO_1282","선재도","2029-01-10 00:00","663","저조"
"SO_1282","선재도","2029-01-10 00:00","730","저조"
"SO_1282","선재도","2029-01-10 00:00","212","고조"
"SO_1282","선재도","2029-01-09 00:00","738","저조"
"SO_1282","선재도","2029-01-09 00:00","164","고조"
"SO_1282","선재도","2029-01-09 00:00","766","저조"
"SO_1282","선재도","2029-01-09 00:00","109","고조"
"SO_1282","선재도","2029-01-10 00:00","134","고조"
"SO_1282","선재도","2029-01-10 00:00","663","저조"
"SO_1282","선재도","2029-01-10 00:00","730","저조"
"SO_1282","선재도","2029-01-10 00:00","212","고조"
"SO_1282","선재도","2029-01-09 00:00","738","저조"
"SO_1282","선재도","2029-01-09 00:00","164","고조"
"SO_1282","선재도","2029-01-09 00:00","766","저조"
"SO_1282","선재도","2029-01-09 00:00","109","고조"
"SO_1282","선재도","2029-01-10 00:00","134","고조"
"SO_1282","선재도","2029-01-10 00:00","663","저조"
"SO_1282","선재도","2029-01-10 00:00","730","저조"
"SO_1282","선재도","2029-01-10 00:00","212","고조"
"SO_1282","선재도","2029-01-09 00:00","738","저조"
"SO_1282","선재도","2029-01-09 00:00","164","고조"
"SO_1282","선재도","2029-01-09 00:00","766","저조"
"SO_1282","선재도","2029-01-09 00:00","109","고조"
"SO_1282","선재도","2029-01-10 00:00","134","고조"
"SO_1282","선재도","2029-01-10 00:00","663","저조"
"SO_1282","선재도","2029-01-10 00:00","730","저조"
"SO_1282","선재도","2029-01-10 00:00","212","고조"
"SO_1282","선재도","2029-01-09 00:00","738","저조"
"SO_1282","선재도","2029-01-09 00:00","164","고조"
"SO_1282","선재도","2029-01-09 00:00","766","저조"
"SO_1282","선재도","2029-01-09 00:00","109","고조"
"SO_1282","선재도","2029-01-10 00:00","134","고조"
"SO_1282","선재도","2029-01-10 00:00","663","저조"
"SO_1282","선재도","2029-01-10 00:00","730","저조"
"SO_1282","선재도","2029-01-10 00:00","212","고조"
"SO_1282","선재도","2029-01-09 00:00","738","저조"
"SO_1282","선재도","2029-01-09 00:00","164","고조"
"SO_1282","선재도","2029-01-09 00:00","766","저조"
"SO_1282","선재도","2029-01-09 00:00","109","고조"
"SO_1282","선재도","2029-01-10 00:00","134","고조"
"SO_1282","선재도","2029-01-10 00:00","663","저조"
"SO_1282","선재도","2029-01-10 00:00","730","저조"
"SO_1282","선재도","2029-01-10 00:00","212","고조"
"SO_1282","선재도","2029-01-09 00:00","738","저조"
"SO_1282","선재도","2029-01-09 00:00","164","고조"
"SO_1282","선재도","2029-01-09 00:00","766","저조"
"SO_1282","선재도","2029-01-09 00:00","109","고조"
"SO_1282","선재도","2029-01-10 00:00","134","고조"
"SO_1282","선재도","2029-01-10 00:00","663","저조"
"SO_1282","선재도","2029-01-10 00:00","730","저조"
"SO_1282","선재도","2029-01-10 00:00","212","고조"
"SO_1282","선재도","2029-01-09 00:00","738","저조"
"SO_1282","선재도","2029-01-09 00:00","164","고조"
"SO_1282","선재도","2029-01-09 00:00","766","저조"
"SO_1282","선재도","2029-01-09 00:00","109","고조"
"SO_1282","선재도","2029-01-10 00:00","134","고조"
"SO_1282","선재도","2029-01-10 00:00","663","저조"
"SO_1282","선재도","2029-01-10 00:00","730","저조"
"SO_1282","선재도","2029-01-10 00:00","212","고조"
"SO_1282","선재도","2029-01-09 00:00","738","저조"
"SO_1282","선재도","2029-01-09 00:00","164","고조"
"SO_1282","선재도","2029-01-09 00:00","766","저조"
"SO_1282","선재도","2029-01-09 00:00","109","고조"
"SO_1282","선재도","2029-01-10 00:00","134","고조"
"SO_1282","선재도","2029-01-10 00:00","663","저조"
"SO_1282","선재도","2029-01-10 00:00","730","저조"
"SO_1282","선재도","2029-01-10 00:00","212","고조"
"SO_1282","선재도","2029-01-09 00:00","738","저조"
"SO_1282","선재도","2029-01-09 00:00","164","고조"
"SO_1282","선재도","2029-01-09 00:00","766","저조"
"SO_1282","선재도","2029-01-09 00:00","109","고조"
"SO_1282","선재도","2029-01-10 00:00","134","고조"
"SO_1282","선재도","2029-01-10 00:00","663","저조"
"SO_1282","선재도","2029-01-10 00:00","730","저조"
"SO_1282","선재도","2029-01-10 00:00","212","고조"
"SO_1282","선재도","2029-01-09 00:00","738","저조"
"SO_1282","선재도","2029-01-09 00:00","164","고조"
"SO_1282","선재도","2029-01-09 00:00","766","저조"
"SO_1282","선재도","2029-01-09 00:00","109","고조"
"SO_1282","선재도","2029-01-10 00:00","134","고조"
"SO_1282","선재도","2029-01-10 00:00","663","저조"
"SO_1282","선재도","2029-01-10 00:00","730","저조"
"SO_1282","선재도","2029-01-10 00:00","212","고조"
"SO_1282","선재도","2029-01-09 00:00","738","저조"
"SO_1282","선재도","2029-01-09 00:00","164","고조"
"SO_1282","선재도","2029-01-09 00:00","766","저조"
"SO_1282","선재도","2029-01-09 00:00","109","고조"
"SO_1282","선재도","2029-01-10 00:00","134","고조"
"SO_1282","선재도","2029-01-10 00:00","663","저조"
"SO_1282","선재도","2029-01-10 00:00","730","저조"
"SO_1282","선재도","2029-01-10 00:00","212","고조"
"SO_1282","선재도","2029-01-09 00:00","738","저조"
"SO_1282","선재도","2029-01-09 00:00","164","고조"
"SO_1282","선재도","2029-01-09 00:00","766","저조"
"SO_1282","선재도","2029-01-09 00:00","109","고조"
"SO_1282","선재도","2029-01-10 00:00","134","고조"
"SO_1282","선재도","2029-01-10 00:00","663","저조"
"SO_1282","선재도","2029-01-10 00:00","730","저조"
"SO_1282","선재도","2029-01-10 00:00","212","고조"
"SO_1282","선재도","2029-01-09 00:00","738","저조"
"SO_1282","선재도","2029-01-09 00:00","164","고조"
"SO_1282","선재도","2029-01-09 00:00","766","저조"
"SO_1282","선재도","2029-01-09 00:00","109","고조"
"SO_1282","선재도","2029-01-10 00:00","134","고조"
"SO_1282","선재도","2029-01-10 00:00","663","저조"
"SO_1282","선재도","2029-01-10 00:00","730","저조"
"SO_1282","선재도","2029-01-10 00:00","212","고조"
"SO_1282","선재도","2029-01-09 00:00","738","저조"
"SO_1282","선재도","2029-01-09 00:00","164","고조"
"SO_1282","선재도","2029-01-09 00:00","766","저조"
"SO_1282","선재도","2029-01-09 00:00","109","고조"
"SO_1282","선재도","2029-01-10 00:00","134","고조"
"SO_1282","선재도","2029-01-10 00:00","663","저조"
"SO_1282","선재도","2029-01-10 00:00","730","저조"
"SO_1282","선재도","2029-01-10 00:00","212","고조"
"SO_1282","선재도","2029-01-09 00:00","738","저조"
"SO_1282","선재도","2029-01-09 00:00","164","고조"
"SO_1282","선재도","2029-01-09 00:00","766","저조"
"SO_1282","선재도","2029-01-09 00:00","109","고조"
"SO_1282","선재도","2029-01-10 00:00","134","고조"
"SO_1282","선재도","2029-01-10 00:00","663","저조"
"SO_1282","선재도","2029-01-10 00:00","730","저조"
"SO_1282","선재도","2029-01-10 00:00","212","고조"
"SO_1282","선재도","2029-01-09 00:00","738","저조"
"SO_1282","선재도","2029-01-09 00:00","164","고조"
"SO_1282","선재도","2029-01-09 00:00","766","저조"
"SO_1282","선재도","2029-01-09 00:00","109","고조"
"SO_1282","선재도","2029-01-10 00:00","134","고조"
"SO_1282","선재도","2029-01-10 00:00","663","저조"
"SO_1282","선재도","2029-01-10 00:00","730","저조"
"SO_1282","선재도","2029-01-10 00:00","212","고조"
"SO_1282","선재도","2029-01-09 00:00","738","저조"
"SO_1282","선재도","2029-01-09 00:00","164","고조"
"SO_1282","선재도","2029-01-09 00:00","766","저조"
"SO_1282","선재도","2029-01-09 00:00","109","고조"
"SO_1282","선재도","2029-01-10 00:00","134","고조"
"SO_1282","선재도","2029-01-10 00:00","663","저조"
"SO_1282","선재도","2029-01-10 00:00","730","저조"
"SO_1282","선재도","2029-01-10 00:00","212","고조"
"SO_1282","선재도","2029-01-09 00:00","738","저조"
"SO_1282","선재도","2029-01-09 00:00","164","고조"
"SO_1282","선재도","2029-01-09 00:00","766","저조"
"SO_1282","선재도","2029-01-09 00:00","109","고조"
"SO_1282","선재도","2029-01-10 00:00","134","고조"
"SO_1282","선재도","2029-01-10 00:00","663","저조"
"SO_1282","선재도","2029-01-10 00:00","730","저조"
"SO_1282","선재도","2029-01-10 00:00","212","고조"
"SO_1282","선재도","2029-01-09 00:00","738","저조"
"SO_1282","선재도","2029-01-09 00:00","164","고조"
"SO_1282","선재도","2029-01-09 00:00","766","저조"
"SO_1282","선재도","2029-01-09 00:00","109","고조"
"SO_1282","선재도","2029-01-10 00:00","134","고조"
"SO_1282","선재도","2029-01-10 00:00","663","저조"
"SO_1282","선재도","2029-01-10 00:00","730","저조"
"SO_1282","선재도","2029-01-10 00:00","212","고조"
"SO_1282","선재도","2029-01-09 00:00","738","저조"
"SO_1282","선재도","2029-01-09 00:00","164","고조"
"SO_1282","선재도","2029-01-09 00:00","766","저조"
"SO_1282","선재도","2029-01-09 00:00","109","고조"
"SO_1282","선재도","2029-01-10 00:00","134","고조"
"SO_1282","선재도","2029-01-10 00:00","663","저조"
"SO_1282","선재도","2029-01-10 00:00","730","저조"
"SO_1282","선재도","2029-01-10 00:00","212","고조"
"SO_1282","선재도","2029-01-09 00:00","738","저조"
"SO_1282","선재도","2029-01-09 00:00","164","고조"
"SO_1282","선재도","2029-01-09 00:00","766","저조"
"SO_1282","선재도","2029-01-09 00:00","109","고조"
"SO_1282","선재도","2029-01-10 00:00","134","고조"
"SO_1282","선재도","2029-01-10 00:00","663","저조"
"SO_1282","선재도","2029-01-10 00:00","730","저조"
"SO_1282","선재도","2029-01-10 00:00","212","고조"
"SO_1282","선재도","2029-01-09 00:00","738","저조"
"SO_1282","선재도","2029-01-09 00:00","164","고조"
"SO_1282","선재도","2029-01-09 00:00","766","저조"
"SO_1282","선재도","2029-01-09 00:00","109","고조"
"SO_1282","선재도","2029-01-10 00:00","134","고조"
"SO_1282","선재도","2029-01-10 00:00","663","저조"
"SO_1282","선재도","2029-01-10 00:00","730","저조"
"SO_1282","선재도","2029-01-10 00:00","212","고조"
"SO_1282","선재도","2029-01-09 00:00","738","저조"
"SO_1282","선재도","2029-01-09 00:00","164","고조"
"SO_1282","선재도","2029-01-09 00:00","766","저조"
"SO_1282","선재도","2029-01-09 00:00","109","고조"
"SO_1282","선재도","2029-01-10 00:00","134","고조"
"SO_1282","선재도","2029-01-10 00:00","663","저조"
"SO_1282","선재도","2029-01-10 00:00","730","저조"
"SO_1282","선재도","2029-01-10 00:00","212","고조"
"SO_1282","선재도","2029-01-09 00:00","738","저조"
"SO_1282","선재도","2029-01-09 00:00","164","고조"
"SO_1282","선재도","2029-01-09 00:00","766","저조"
"SO_1282","선재도","2029-01-09 00:00","109","고조"
"SO_1282","선재도","2029-01-10 00:00","134","고조"
"SO_1282","선재도","2029-01-10 00:00","663","저조"
"SO_1282","선재도","2029-01-10 00:00","730","저조"
"SO_1282","선재도","2029-01-10 00:00","212","고조"
"SO_1282","선재도","2029-01-09 00:00","738","저조"
"SO_1282","선재도","2029-01-09 00:00","164","고조"
"SO_1282","선재도","2029-01-09 00:00","766","저조"
"SO_1282","선재도","2029-01-09 00:00","109","고조"
"SO_1282","선재도","2029-01-10 00:00","134","고조"
"SO_1282","선재도","2029-01-10 00:00","663","저조"
"SO_1282","선재도","2029-01-10 00:00","730","저조"
"SO_1282","선재도","2029-01-10 00:00","212","고조"
"SO_1282","선재도","2029-01-09 00:00","738","저조"
"SO_1282","선재도","2029-01-09 00:00","164","고조"
"SO_1282","선재도","2029-01-09 00:00","766","저조"
"SO_1282","선재도","2029-01-09 00:00","109","고조"
"SO_1282","선재도","2029-01-10 00:00","134","고조"
"SO_1282","선재도","2029-01-10 00:00","663","저조"
"SO_1282","선재도","2029-01-10 00:00","730","저조"
"SO_1282","선재도","2029-01-10 00:00","212","고조"
"SO_1282","선재도","2029-01-09 00:00","738","저조"
"SO_1282","선재도","2029-01-09 00:00","164","고조"
"SO_1282","선재도","2029-01-09 00:00","766","저조"
"SO_1282","선재도","2029-01-09 00:00","109","고조"
"SO_1282","선재도","2029-01-10 00:00","134","고조"
"SO_1282","선재도","2029-01-10 00:00","663","저조"
"SO_1282","선재도","2029-01-10 00:00","730","저조"
"SO_1282","선재도","2029-01-10 00:00","212","고조"
"SO_1282","선재도","2029-01-09 00:00","738","저조"
"SO_1282","선재도","2029-01-09 00:00","164","고조"
"SO_1282","선재도","2029-01-09 00:00","766","저조"
"SO_1282","선재도","2029-01-09 00:00","109","고조"
"SO_1282","선재도","2029-01-10 00:00","134","고조"
"SO_1282","선재도","2029-01-10 00:00","663","저조"
"SO_1282","선재도","2029-01-10 00:00","730","저조"
"SO_1282","선재도","2029-01-10 00:00","212","고조"
"SO_1282","선재도","2029-01-09 00:00","738","저조"
"SO_1282","선재도","2029-01-09 00:00","164","고조"
"SO_1282","선재도","2029-01-09 00:00","766","저조"
"SO_1282","선재도","2029-01-09 00:00","109","고조"
"SO_1282","선재도","2029-01-10 00:00","134","고조"
"SO_1282","선재도","2029-01-10 00:00","663","저조"
"SO_1282","선재도","2029-01-10 00:00","730","저조"
"SO_1282","선재도","2029-01-10 00:00","212","고조"
"SO_1282","선재도","2029-01-09 00:00","738","저조"
"SO_1282","선재도","2029-01-09 00:00","164","고조"
"SO_1282","선재도","2029-01-09 00:00","766","저조"
"SO_1282","선재도","2029-01-09 00:00","109","고조"
"SO_1282","선재도","2029-01-10 00:00","134","고조"
"SO_1282","선재도","2029-01-10 00:00","663","저조"
"SO_1282","선재도","2029-01-10 00:00","730","저조"
"SO_1282","선재도","2029-01-10 00:00","212","고조"
"SO_1282","선재도","2029-01-09 00:00","738","저조"
"SO_1282","선재도","2029-01-09 00:00","164","고조"
"SO_1282","선재도","2029-01-09 00:00","766","저조"
"SO_1282","선재도","2029-01-09 00:00","109","고조"
"SO_1282","선재도","2029-01-10 00:00","134","고조"
"SO_1282","선재도","2029-01-10 00:00","663","저조"
"SO_1282","선재도","2029-01-10 00:00","730","저조"
"SO_1282","선재도","2029-01-10 00:00","212","고조"
"SO_1282","선재도","2029-01-09 00:00","738","저조"
"SO_1282","선재도","2029-01-09 00:00","164","고조"
"SO_1282","선재도","2029-01-09 00:00","766","저조"
"SO_1282","선재도","2029-01-09 00:00","109","고조"
"SO_1282","선재도","2029-01-10 00:00","134","고조"
"SO_1282","선재도","2029-01-10 00:00","663","저조"
"SO_1282","선재도","2029-01-10 00:00","730","저조"
"SO_1282","선재도","2029-01-10 00:00","212","고조"
"SO_1282","선재도","2029-01-09 00:00","738","저조"
"SO_1282","선재도","2029-01-09 00:00","164","고조"
"SO_1282","선재도","2029-01-09 00:00","766","저조"
"SO_1282","선재도","2029-01-09 00:00","109","고조"
"SO_1282","선재도","2029-01-10 00:00","134","고조"
"SO_1282","선재도","2029-01-10 00:00","663","저조"
"SO_1282","선재도","2029-01-10 00:00","730","저조"
"SO_1282","선재도","2029-01-10 00:00","212","고조"
"SO_1282","선재도","2029-01-09 00:00","738","저조"
"SO_1282","선재도","2029-01-09 00:00","164","고조"
"SO_1282","선재도","2029-01-09 00:00","766","저조"
"SO_1282","선재도","2029-01-09 00:00","109","고조"
"SO_1282","선재도","2029-01-10 00:00","134","고조"
"SO_1282","선재도","2029-01-10 00:00","663","저조"
"SO_1282","선재도","2029-01-10 00:00","730","저조"
"SO_1282","선재도","2029-01-10 00:00","212","고조"
"SO_1282","선재도","2029-01-09 00:00","738","저조"
"SO_1282","선재도","2029-01-09 00:00","164","고조"
"SO_1282","선재도","2029-01-09 00:00","766","저조"
"SO_1282","선재도","2029-01-09 00:00","109","고조"
"SO_1282","선재도","2029-01-10 00:00","134","고조"
"SO_1282","선재도","2029-01-10 00:00","663","저조"
"SO_1282","선재도","2029-01-10 00:00","730","저조"
"SO_1282","선재도","2029-01-10 00:00","212","고조"
"SO_1282","선재도","2029-01-09 00:00","738","저조"
"SO_1282","선재도","2029-01-09 00:00","164","고조"
"SO_1282","선재도","2029-01-09 00:00","766","저조"
"SO_1282","선재도","2029-01-09 00:00","109","고조"
"SO_1282","선재도","2029-01-10 00:00","134","고조"
"SO_1282","선재도","2029-01-10 00:00","663","저조"
"SO_1282","선재도","2029-01-10 00:00","730","저조"
"SO_1282","선재도","2029-01-10 00:00","212","고조"
"SO_1282","선재도","2029-01-09 00:00","738","저조"
"SO_1282","선재도","2029-01-09 00:00","164","고조"
"SO_1282","선재도","2029-01-09 00:00","766","저조"
"SO_1282","선재도","2029-01-09 00:00","109","고조"
"SO_1282","선재도","2029-01-10 00:00","134","고조"
"SO_1282","선재도","2029-01-10 00:00","663","저조"
"SO_1282","선재도","2029-01-10 00:00","730","저조"
"SO_1282","선재도","2029-01-10 00:00","212","고조"
"SO_1282","선재도","2029-01-09 00:00","738","저조"
"SO_1282","선재도","2029-01-09 00:00","164","고조"
"SO_1282","선재도","2029-01-09 00:00","766","저조"
"SO_1282","선재도","2029-01-09 00:00","109","고조"
"SO_1282","선재도","2029-01-10 00:00","134","고조"
"SO_1282","선재도","2029-01-10 00:00","663","저조"
"SO_1282","선재도","2029-01-10 00:00","730","저조"
"SO_1282","선재도","2029-01-10 00:00","212","고조"
"SO_1282","선재도","2029-01-09 00:00","738","저조"
"SO_1282","선재도","2029-01-09 00:00","164","고조"
"SO_1282","선재도","2029-01-09 00:00","766","저조"
"SO_1282","선재도","2029-01-09 00:00","109","고조"
"SO_1282","선재도","2029-01-10 00:00","134","고조"
"SO_1282","선재도","2029-01-10 00:00","663","저조"
"SO_1282","선재도","2029-01-10 00:00","730","저조"
"SO_1282","선재도","2029-01-10 00:00","212","고조"
"SO_1282","선재도","2029-01-09 00:00","738","저조"
"SO_1282","선재도","2029-01-09 00:00","164","고조"
"SO_1282","선재도","2029-01-09 00:00","766","저조"
"SO_1282","선재도","2029-01-09 00:00","109","고조"
"SO_1282","선재도","2029-01-10 00:00","134","고조"
"SO_1282","선재도","2029-01-10 00:00","663","저조"
"SO_1282","선재도","2029-01-10 00:00","730","저조"
"SO_1282","선재도","2029-01-10 00:00","212","고조"
"SO_1282","선재도","2029-01-09 00:00","738","저조"
"SO_1282","선재도","2029-01-09 00:00","164","고조"
"SO_1282","선재도","2029-01-09 00:00","766","저조"
"SO_1282","선재도","2029-01-09 00:00","109","고조"
"SO_1282","선재도","2029-01-10 00:00","134","고조"
"SO_1282","선재도","2029-01-10 00:00","663","저조"
"SO_1282","선재도","2029-01-10 00:00","730","저조"
"SO_1282","선재도","2029-01-10 00:00","212","고조"
"SO_1282","선재도","2029-01-09 00:00","738","저조"
"SO_1282","선재도","2029-01-09 00:00","164","고조"
"SO_1282","선재도","2029-01-09 00:00","766","저조"
"SO_1282","선재도","2029-01-09 00:00","109","고조"
"SO_1282","선재도","2029-01-10 00:00","134","고조"
"SO_1282","선재도","2029-01-10 00:00","663","저조"
"SO_1282","선재도","2029-01-10 00:00","730","저조"
"SO_1282","선재도","2029-01-10 00:00","212","고조"
"SO_1282","선재도","2029-01-09 00:00","738","저조"
"SO_1282","선재도","2029-01-09 00:00","164","고조"
"SO_1282","선재도","2029-01-09 00:00","766","저조"
"SO_1282","선재도","2029-01-09 00:00","109","고조"
"SO_1282","선재도","2029-01-10 00:00","134","고조"
"SO_1282","선재도","2029-01-10 00:00","663","저조"
"SO_1282","선재도","2029-01-10 00:00","730","저조"
"SO_1282","선재도","2029-01-10 00:00","212","고조"
"SO_1282","선재도","2029-01-09 00:00","738","저조"
"SO_1282","선재도","2029-01-09 00:00","164","고조"
"SO_1282","선재도","2029-01-09 00:00","766","저조"
"SO_1282","선재도","2029-01-09 00:00","109","고조"
"SO_1282","선재도","2029-01-10 00:00","134","고조"
"SO_1282","선재도","2029-01-10 00:00","663","저조"
"SO_1282","선재도","2029-01-10 00:00","730","저조"
"SO_1282","선재도","2029-01-10 00:00","212","고조"
"SO_1282","선재도","2029-01-09 00:00","738","저조"
"SO_1282","선재도","2029-01-09 00:00","164","고조"
"SO_1282","선재도","2029-01-09 00:00","766","저조"
"SO_1282","선재도","2029-01-09 00:00","109","고조"
"SO_1282","선재도","2029-01-10 00:00","134","고조"
"SO_1282","선재도","2029-01-10 00:00","663","저조"
"SO_1282","선재도","2029-01-10 00:00","730","저조"
"SO_1282","선재도","2029-01-10 00:00","212","고조"
"SO_1282","선재도","2029-01-09 00:00","738","저조"
"SO_1282","선재도","2029-01-09 00:00","164","고조"
"SO_1282","선재도","2029-01-09 00:00","766","저조"
"SO_1282","선재도","2029-01-09 00:00","109","고조"
"SO_1282","선재도","2029-01-10 00:00","134","고조"
"SO_1282","선재도","2029-01-10 00:00","663","저조"
"SO_1282","선재도","2029-01-10 00:00","730","저조"
"SO_1282","선재도","2029-01-10 00:00","212","고조"
"SO_1282","선재도","2029-01-09 00:00","738","저조"
"SO_1282","선재도","2029-01-09 00:00","164","고조"
"SO_1282","선재도","2029-01-09 00:00","766","저조"
"SO_1282","선재도","2029-01-09 00:00","109","고조"
"SO_1282","선재도","2029-01-10 00:00","134","고조"
"SO_1282","선재도","2029-01-10 00:00","663","저조"
"SO_1282","선재도","2029-01-10 00:00","730","저조"
"SO_1282","선재도","2029-01-10 00:00","212","고조"
"SO_1282","선재도","2029-01-09 00:00","738","저조"
"SO_1282","선재도","2029-01-09 00:00","164","고조"
"SO_1282","선재도","2029-01-09 00:00","766","저조"
"SO_1282","선재도","2029-01-09 00:00","109","고조"
"SO_1282","선재도","2029-01-10 00:00","134","고조"
"SO_1282","선재도","2029-01-10 00:00","663","저조"
"SO_1282","선재도","2029-01-10 00:00","730","저조"
"SO_1282","선재도","2029-01-10 00:00","212","고조"
"SO_1282","선재도","2029-01-09 00:00","738","저조"
"SO_1282","선재도","2029-01-09 00:00","164","고조"
"SO_1282","선재도","2029-01-09 00:00","766","저조"
"SO_1282","선재도","2029-01-09 00:00","109","고조"
"SO_1282","선재도","2029-01-10 00:00","134","고조"
"SO_1282","선재도","2029-01-10 00:00","663","저조"
"SO_1282","선재도","2029-01-10 00:00","730","저조"
"SO_1282","선재도","2029-01-10 00:00","212","고조"
"SO_1282","선재도","2029-01-09 00:00","738","저조"
"SO_1282","선재도","2029-01-09 00:00","164","고조"
"SO_1282","선재도","2029-01-09 00:00","766","저조"
"SO_1282","선재도","2029-01-09 00:00","109","고조"
"SO_1282","선재도","2029-01-10 00:00","134","고조"
"SO_1282","선재도","2029-01-10 00:00","663","저조"
"SO_1282","선재도","2029-01-10 00:00","730","저조"
"SO_1282","선재도","2029-01-10 00:00","212","고조"
"SO_1282","선재도","2029-01-09 00:00","738","저조"
"SO_1282","선재도","2029-01-09 00:00","164","고조"
"SO_1282","선재도","2029-01-09 00:00","766","저조"
"SO_1282","선재도","2029-01-09 00:00","109","고조"
"SO_1282","선재도","2029-01-10 00:00","134","고조"
"SO_1282","선재도","2029-01-10 00:00","663","저조"
"SO_1282","선재도","2029-01-10 00:00","730","저조"
"SO_1282","선재도","2029-01-10 00:00","212","고조"
"SO_1282","선재도","2029-01-09 00:00","738","저조"
"SO_1282","선재도","2029-01-09 00:00","164","고조"
"SO_1282","선재도","2029-01-09 00:00","766","저조"
"SO_1282","선재도","2029-01-09 00:00","109","고조"
"SO_1282","선재도","2029-01-10 00:00","134","고조"
"SO_1282","선재도","2029-01-10 00:00","663","저조"
"SO_1282","선재도","2029-01-10 00:00","730","저조"
"SO_1282","선재도","2029-01-10 00:00","212","고조"
"SO_1282","선재도","2029-01-09 00:00","738","저조"
"SO_1282","선재도","2029-01-09 00:00","164","고조"
"SO_1282","선재도","2029-01-09 00:00","766","저조"
"SO_1282","선재도","2029-01-09 00:00","109","고조"
"SO_1282","선재도","2029-01-10 00:00","134","고조"
"SO_1282","선재도","2029-01-10 00:00","663","저조"
"SO_1282","선재도","2029-01-10 00:00","730","저조"
"SO_1282","선재도","2029-01-10 00:00","212","고조"
"SO_1282","선재도","2029-01-09 00:00","738","저조"
"SO_1282","선재도","2029-01-09 00:00","164","고조"
"SO_1282","선재도","2029-01-09 00:00","766","저조"
"SO_1282","선재도","2029-01-09 00:00","109","고조"
"SO_1282","선재도","2029-01-10 00:00","134","고조"
"SO_1282","선재도","2029-01-10 00:00","663","저조"
"SO_1282","선재도","2029-01-10 00:00","730","저조"
"SO_1282","선재도","2029-01-10 00:00","212","고조"
"SO_1282","선재도","2029-01-09 00:00","738","저조"
"SO_1282","선재도","2029-01-09 00:00","164","고조"
"SO_1282","선재도","2029-01-09 00:00","766","저조"
"SO_1282","선재도","2029-01-09 00:00","109","고조"
"SO_1282","선재도","2029-01-10 00:00","134","고조"
"SO_1282","선재도","2029-01-10 00:00","663","저조"
"SO_1282","선재도","2029-01-10 00:00","730","저조"
"SO_1282","선재도","2029-01-10 00:00","212","고조"
"SO_1282","선재도","2029-01-09 00:00","738","저조"
"SO_1282","선재도","2029-01-09 00:00","164","고조"
"SO_1282","선재도","2029-01-09 00:00","766","저조"
"SO_1282","선재도","2029-01-09 00:00","109","고조"
"SO_1282","선재도","2029-01-10 00:00","134","고조"
"SO_1282","선재도","2029-01-10 00:00","663","저조"
"SO_1282","선재도","2029-01-10 00:00","730","저조"
"SO_1282","선재도","2029-01-10 00:00","212","고조"
"SO_1282","선재도","2029-01-09 00:00","738","저조"
"SO_1282","선재도","2029-01-09 00:00","164","고조"
"SO_1282","선재도","2029-01-09 00:00","766","저조"
"SO_1282","선재도","2029-01-09 00:00","109","고조"
"SO_1282","선재도","2029-01-10 00:00","134","고조"
"SO_1282","선재도","2029-01-10 00:00","663","저조"
"SO_1282","선재도","2029-01-10 00:00","730","저조"
"SO_1282","선재도","2029-01-10 00:00","212","고조"
"SO_1282","선재도","2029-01-09 00:00","738","저조"
"SO_1282","선재도","2029-01-09 00:00","164","고조"
"SO_1282","선재도","2029-01-09 00:00","766","저조"
"SO_1282","선재도","2029-01-09 00:00","109","고조"
"SO_1282","선재도","2029-01-10 00:00","134","고조"
"SO_1282","선재도","2029-01-10 00:00","663","저조"
"SO_1282","선재도","2029-01-10 00:00","730","저조"
"SO_1282","선재도","2029-01-10 00:00","212","고조"
"SO_1282","선재도","2029-01-09 00:00","738","저조"
"SO_1282","선재도","2029-01-09 00:00","164","고조"
"SO_1282","선재도","2029-01-09 00:00","766","저조"
"SO_1282","선재도","2029-01-09 00:00","109","고조"
"SO_1282","선재도","2029-01-10 00:00","134","고조"
"SO_1282","선재도","2029-01-10 00:00","663","저조"
"SO_1282","선재도","2029-01-10 00:00","730","저조"
"SO_1282","선재도","2029-01-10 00:00","212","고조"
"SO_1282","선재도","2029-01-09 00:00","738","저조"
"SO_1282","선재도","2029-01-09 00:00","164","고조"
"SO_1282","선재도","2029-01-09 00:00","766","저조"
"SO_1282","선재도","2029-01-09 00:00","109","고조"
"SO_1282","선재도","2029-01-10 00:00","134","고조"
"SO_1282","선재도","2029-01-10 00:00","663","저조"
"SO_1282","선재도","2029-01-10 00:00","730","저조"
"SO_1282","선재도","2029-01-10 00:00","212","고조"
"SO_1282","선재도","2029-01-09 00:00","738","저조"
"SO_1282","선재도","2029-01-09 00:00","164","고조"
"SO_1282","선재도","2029-01-09 00:00","766","저조"
"SO_1282","선재도","2029-01-09 00:00","109","고조"
"SO_1282","선재도","2029-01-10 00:00","134","고조"
"SO_1282","선재도","2029-01-10 00:00","663","저조"
"SO_1282","선재도","2029-01-10 00:00","730","저조"
"SO_1282","선재도","2029-01-10 00:00","212","고조"
"SO_1282","선재도","2029-01-09 00:00","738","저조"
"SO_1282","선재도","2029-01-09 00:00","164","고조"
"SO_1282","선재도","2029-01-09 00:00","766","저조"
"SO_1282","선재도","2029-01-09 00:00","109","고조"
"SO_1282","선재도","2029-01-10 00:00","134","고조"
"SO_1282","선재도","2029-01-10 00:00","663","저조"
"SO_1282","선재도","2029-01-10 00:00","730","저조"
"SO_1282","선재도","2029-01-10 00:00","212","고조"
"SO_1282","선재도","2029-01-09 00:00","738","저조"
"SO_1282","선재도","2029-01-09 00:00","164","고조"
"SO_1282","선재도","2029-01-09 00:00","766","저조"
"SO_1282","선재도","2029-01-09 00:00","109","고조"
"SO_1282","선재도","2029-01-10 00:00","134","고조"
"SO_1282","선재도","2029-01-10 00:00","663","저조"
"SO_1282","선재도","2029-01-10 00:00","730","저조"
"SO_1282","선재도","2029-01-10 00:00","212","고조"
"SO_1282","선재도","2029-01-09 00:00","738","저조"
"SO_1282","선재도","2029-01-09 00:00","164","고조"
"SO_1282","선재도","2029-01-09 00:00","766","저조"
"SO_1282","선재도","2029-01-09 00:00","109","고조"
"SO_1282","선재도","2029-01-10 00:00","134","고조"
"SO_1282","선재도","2029-01-10 00:00","663","저조"
"SO_1282","선재도","2029-01-10 00:00","730","저조"
"SO_1282","선재도","2029-01-10 00:00","212","고조"
"SO_1282","선재도","2029-01-09 00:00","738","저조"
"SO_1282","선재도","2029-01-09 00:00","164","고조"
"SO_1282","선재도","2029-01-09 00:00","766","저조"
"SO_1282","선재도","2029-01-09 00:00","109","고조"
"SO_1282","선재도","2029-01-10 00:00","134","고조"
"SO_1282","선재도","2029-01-10 00:00","663","저조"
"SO_1282","선재도","2029-01-10 00:00","730","저조"
"SO_1282","선재도","2029-01-10 00:00","212","고조"
"SO_1282","선재도","2029-01-09 00:00","738","저조"
"SO_1282","선재도","2029-01-09 00:00","164","고조"
"SO_1282","선재도","2029-01-09 00:00","766","저조"
"SO_1282","선재도","2029-01-09 00:00","109","고조"
"SO_1282","선재도","2029-01-10 00:00","134","고조"
"SO_1282","선재도","2029-01-10 00:00","663","저조"
"SO_1282","선재도","2029-01-10 00:00","730","저조"
"SO_1282","선재도","2029-01-10 00:00","212","고조"
"SO_1282","선재도","2029-01-09 00:00","738","저조"
"SO_1282","선재도","2029-01-09 00:00","164","고조"
"SO_1282","선재도","2029-01-09 00:00","766","저조"
"SO_1282","선재도","2029-01-09 00:00","109","고조"
"SO_1282","선재도","2029-01-10 00:00","134","고조"
"SO_1282","선재도","2029-01-10 00:00","663","저조"
"SO_1282","선재도","2029-01-10 00:00","730","저조"
"SO_1282","선재도","2029-01-10 00:00","212","고조"
"SO_1282","선재도","2029-01-09 00:00","738","저조"
"SO_1282","선재도","2029-01-09 00:00","164","고조"
"SO_1282","선재도","2029-01-09 00:00","766","저조"
"SO_1282","선재도","2029-01-09 00:00","109","고조"
"SO_1282","선재도","2029-01-10 00:00","134","고조"
"SO_1282","선재도","2029-01-10 00:00","663","저조"
"SO_1282","선재도","2029-01-10 00:00","730","저조"
"SO_1282","선재도","2029-01-10 00:00","212","고조"
"SO_1282","선재도","2029-01-09 00:00","738","저조"
"SO_1282","선재도","2029-01-09 00:00","164","고조"
"SO_1282","선재도","2029-01-09 00:00","766","저조"
"SO_1282","선재도","2029-01-09 00:00","109","고조"
"SO_1282","선재도","2029-01-10 00:00","134","고조"
"SO_1282","선재도","2029-01-10 00:00","663","저조"
"SO_1282","선재도","2029-01-10 00:00","730","저조"
"SO_1282","선재도","2029-01-10 00:00","212","고조"
"SO_1282","선재도","2029-01-09 00:00","738","저조"
"SO_1282","선재도","2029-01-09 00:00","164","고조"
"SO_1282","선재도","2029-01-09 00:00","766","저조"
"SO_1282","선재도","2029-01-09 00:00","109","고조"
"SO_1282","선재도","2029-01-10 00:00","134","고조"
"SO_1282","선재도","2029-01-10 00:00","663","저조"
"SO_1282","선재도","2029-01-10 00:00","730","저조"
"SO_1282","선재도","2029-01-10 00:00","212","고조"
"SO_1282","선재도","2029-01-09 00:00","738","저조"
"SO_1282","선재도","2029-01-09 00:00","164","고조"
"SO_1282","선재도","2029-01-09 00:00","766","저조"
"SO_1282","선재도","2029-01-09 00:00","109","고조"
"SO_1282","선재도","2029-01-10 00:00","134","고조"
"SO_1282","선재도","2029-01-10 00:00","663","저조"
"SO_1282","선재도","2029-01-10 00:00","730","저조"
"SO_1282","선재도","2029-01-10 00:00","212","고조"
"SO_1282","선재도","2029-01-09 00:00","738","저조"
"SO_1282","선재도","2029-01-09 00:00","164","고조"
"SO_1282","선재도","2029-01-09 00:00","766","저조"
"SO_1282","선재도","2029-01-09 00:00","109","고조"
"SO_1282","선재도","2029-01-10 00:00","134","고조"
"SO_1282","선재도","2029-01-10 00:00","663","저조"
"SO_1282","선재도","2029-01-10 00:00","730","저조"
"SO_1282","선재도","2029-01-10 00:00","212","고조"
"SO_1282","선재도","2029-01-09 00:00","738","저조"
"SO_1282","선재도","2029-01-09 00:00","164","고조"
"SO_1282","선재도","2029-01-09 00:00","766","저조"
"SO_1282","선재도","2029-01-09 00:00","109","고조"
"SO_1282","선재도","2029-01-10 00:00","134","고조"
"SO_1282","선재도","2029-01-10 00:00","663","저조"
"SO_1282","선재도","2029-01-10 00:00","730","저조"
"SO_1282","선재도","2029-01-10 00:00","212","고조"
"SO_1282","선재도","2029-01-09 00:00","738","저조"
"SO_1282","선재도","2029-01-09 00:00","164","고조"
"SO_1282","선재도","2029-01-09 00:00","766","저조"
"SO_1282","선재도","2029-01-09 00:00","109","고조"
"SO_1282","선재도","2029-01-10 00:00","134","고조"
"SO_1282","선재도","2029-01-10 00:00","663","저조"
"SO_1282","선재도","2029-01-10 00:00","730","저조"
"SO_1282","선재도","2029-01-10 00:00","212","고조"
"SO_1282","선재도","2029-01-09 00:00","738","저조"
"SO_1282","선재도","2029-01-09 00:00","164","고조"
"SO_1282","선재도","2029-01-09 00:00","766","저조"
"SO_1282","선재도","2029-01-09 00:00","109","고조"
"SO_1282","선재도","2029-01-10 00:00","134","고조"
"SO_1282","선재도","2029-01-10 00:00","663","저조"
"SO_1282","선재도","2029-01-10 00:00","730","저조"
"SO_1282","선재도","2029-01-10 00:00","212","고조"
"SO_1282","선재도","2029-01-09 00:00","738","저조"
"SO_1282","선재도","2029-01-09 00:00","164","고조"
"SO_1282","선재도","2029-01-09 00:00","766","저조"
"SO_1282","선재도","2029-01-09 00:00","109","고조"
"SO_1282","선재도","2029-01-10 00:00","134","고조"
"SO_1282","선재도","2029-01-10 00:00","663","저조"
"SO_1282","선재도","2029-01-10 00:00","730","저조"
"SO_1282","선재도","2029-01-10 00:00","212","고조"
"SO_1282","선재도","2029-01-09 00:00","738","저조"
"SO_1282","선재도","2029-01-09 00:00","164","고조"
"SO_1282","선재도","2029-01-09 00:00","766","저조"
"SO_1282","선재도","2029-01-09 00:00","109","고조"
"SO_1282","선재도","2029-01-10 00:00","134","고조"
"SO_1282","선재도","2029-01-10 00:00","663","저조"
"SO_1282","선재도","2029-01-10 00:00","730","저조"
"SO_1282","선재도","2029-01-10 00:00","212","고조"
"SO_1282","선재도","2029-01-09 00:00","738","저조"
"SO_1282","선재도","2029-01-09 00:00","164","고조"
"SO_1282","선재도","2029-01-09 00:00","766","저조"
"SO_1282","선재도","2029-01-09 00:00","109","고조"
"SO_1282","선재도","2029-01-10 00:00","134","고조"
"SO_1282","선재도","2029-01-10 00:00","663","저조"
"SO_1282","선재도","2029-01-10 00:00","730","저조"
"SO_1282","선재도","2029-01-10 00:00","212","고조"
"SO_1282","선재도","2029-01-09 00:00","738","저조"
"SO_1282","선재도","2029-01-09 00:00","164","고조"
"SO_1282","선재도","2029-01-09 00:00","766","저조"
"SO_1282","선재도","2029-01-09 00:00","109","고조"
"SO_1282","선재도","2029-01-10 00:00","134","고조"
"SO_1282","선재도","2029-01-10 00:00","663","저조"
"SO_1282","선재도","2029-01-10 00:00","730","저조"
"SO_1282","선재도","2029-01-10 00:00","212","고조"
"SO_1282","선재도","2029-01-09 00:00","738","저조"
"SO_1282","선재도","2029-01-09 00:00","164","고조"
"SO_1282","선재도","2029-01-09 00:00","766","저조"
"SO_1282","선재도","2029-01-09 00:00","109","고조"
"SO_1282","선재도","2029-01-10 00:00","134","고조"
"SO_1282","선재도","2029-01-10 00:00","663","저조"
"SO_1282","선재도","2029-01-10 00:00","730","저조"
"SO_1282","선재도","2029-01-10 00:00","212","고조"
"SO_1282","선재도","2029-01-09 00:00","738","저조"
"SO_1282","선재도","2029-01-09 00:00","164","고조"
"SO_1282","선재도","2029-01-09 00:00","766","저조"
"SO_1282","선재도","2029-01-09 00:00","109","고조"
"SO_1282","선재도","2029-01-10 00:00","134","고조"
"SO_1282","선재도","2029-01-10 00:00","663","저조"
"SO_1282","선재도","2029-01-10 00:00","730","저조"
"SO_1282","선재도","2029-01-10 00:00","212","고조"
"SO_1282","선재도","2029-01-09 00:00","738","저조"
"SO_1282","선재도","2029-01-09 00:00","164","고조"
"SO_1282","선재도","2029-01-09 00:00","766","저조"
"SO_1282","선재도","2029-01-09 00:00","109","고조"
"SO_1282","선재도","2029-01-10 00:00","134","고조"
"SO_1282","선재도","2029-01-10 00:00","663","저조"
"SO_1282","선재도","2029-01-10 00:00","730","저조"
"SO_1282","선재도","2029-01-10 00:00","212","고조"
"SO_1282","선재도","2029-01-09 00:00","738","저조"
"SO_1282","선재도","2029-01-09 00:00","164","고조"
"SO_1282","선재도","2029-01-09 00:00","766","저조"
"SO_1282","선재도","2029-01-09 00:00","109","고조"
"SO_1282","선재도","2029-01-10 00:00","134","고조"
"SO_1282","선재도","2029-01-10 00:00","663","저조"
"SO_1282","선재도","2029-01-10 00:00","730","저조"
"SO_1282","선재도","2029-01-10 00:00","212","고조"
"SO_1282","선재도","2029-01-09 00:00","738","저조"
"SO_1282","선재도","2029-01-09 00:00","164","고조"
"SO_1282","선재도","2029-01-09 00:00","766","저조"
"SO_1282","선재도","2029-01-09 00:00","109","고조"
"SO_1282","선재도","2029-01-10 00:00","134","고조"
"SO_1282","선재도","2029-01-10 00:00","663","저조"
"SO_1282","선재도","2029-01-10 00:00","730","저조"
"SO_1282","선재도","2029-01-10 00:00","212","고조"
"SO_1282","선재도","2029-01-09 00:00","738","저조"
"SO_1282","선재도","2029-01-09 00:00","164","고조"
"SO_1282","선재도","2029-01-09 00:00","766","저조"
"SO_1282","선재도","2029-01-09 00:00","109","고조"
"SO_1282","선재도","2029-01-10 00:00","134","고조"
"SO_1282","선재도","2029-01-10 00:00","663","저조"
"SO_1282","선재도","2029-01-10 00:00","730","저조"
"SO_1282","선재도","2029-01-10 00:00","212","고조"
"SO_1282","선재도","2029-01-09 00:00","738","저조"
"SO_1282","선재도","2029-01-09 00:00","164","고조"
"SO_1282","선재도","2029-01-09 00:00","766","저조"
"SO_1282","선재도","2029-01-09 00:00","109","고조"
"SO_1282","선재도","2029-01-10 00:00","134","고조"
"SO_1282","선재도","2029-01-10 00:00","663","저조"
"SO_1282","선재도","2029-01-10 00:00","730","저조"
"SO_1282","선재도","2029-01-10 00:00","212","고조"
"SO_1282","선재도","2029-01-09 00:00","738","저조"
"SO_1282","선재도","2029-01-09 00:00","164","고조"
"SO_1282","선재도","2029-01-09 00:00","766","저조"
"SO_1282","선재도","2029-01-09 00:00","109","고조"
"SO_1282","선재도","2029-01-10 00:00","134","고조"
"SO_1282","선재도","2029-01-10 00:00","663","저조"
"SO_1282","선재도","2029-01-10 00:00","730","저조"
"SO_1282","선재도","2029-01-10 00:00","212","고조"
"SO_1282","선재도","2029-01-09 00:00","738","저조"
"SO_1282","선재도","2029-01-09 00:00","164","고조"
"SO_1282","선재도","2029-01-09 00:00","766","저조"
"SO_1282","선재도","2029-01-09 00:00","109","고조"
"SO_1282","선재도","2029-01-10 00:00","134","고조"
"SO_1282","선재도","2029-01-10 00:00","663","저조"
"SO_1282","선재도","2029-01-10 00:00","730","저조"
"SO_1282","선재도","2029-01-10 00:00","212","고조"
"SO_1282","선재도","2029-01-09 00:00","738","저조"
"SO_1282","선재도","2029-01-09 00:00","164","고조"
"SO_1282","선재도","2029-01-09 00:00","766","저조"
"SO_1282","선재도","2029-01-09 00:00","109","고조"
"SO_1282","선재도","2029-01-10 00:00","134","고조"
"SO_1282","선재도","2029-01-10 00:00","663","저조"
"SO_1282","선재도","2029-01-10 00:00","730","저조"
"SO_1282","선재도","2029-01-10 00:00","212","고조"
"SO_1282","선재도","2029-01-09 00:00","738","저조"
"SO_1282","선재도","2029-01-09 00:00","164","고조"
"SO_1282","선재도","2029-01-09 00:00","766","저조"
"SO_1282","선재도","2029-01-09 00:00","109","고조"
"SO_1282","선재도","2029-01-10 00:00","134","고조"
"SO_1282","선재도","2029-01-10 00:00","663","저조"
"SO_1282","선재도","2029-01-10 00:00","730","저조"
"SO_1282","선재도","2029-01-10 00:00","212","고조"
"SO_1282","선재도","2029-01-09 00:00","738","저조"
"SO_1282","선재도","2029-01-09 00:00","164","고조"
"SO_1282","선재도","2029-01-09 00:00","766","저조"
"SO_1282","선재도","2029-01-09 00:00","109","고조"
"SO_1282","선재도","2029-01-10 00:00","134","고조"
"SO_1282","선재도","2029-01-10 00:00","663","저조"
"SO_1282","선재도","2029-01-10 00:00","730","저조"
"SO_1282","선재도","2029-01-10 00:00","212","고조"
"SO_1282","선재도","2029-01-09 00:00","738","저조"
"SO_1282","선재도","2029-01-09 00:00","164","고조"
"SO_1282","선재도","2029-01-09 00:00","766","저조"
"SO_1282","선재도","2029-01-09 00:00","109","고조"
"SO_1282","선재도","2029-01-10 00:00","134","고조"
"SO_1282","선재도","2029-01-10 00:00","663","저조"
"SO_1282","선재도","2029-01-10 00:00","730","저조"
"SO_1282","선재도","2029-01-10 00:00","212","고조"
"SO_1282","선재도","2029-01-09 00:00","738","저조"
"SO_1282","선재도","2029-01-09 00:00","164","고조"
"SO_1282","선재도","2029-01-09 00:00","766","저조"
"SO_1282","선재도","2029-01-09 00:00","109","고조"
"SO_1282","선재도","2029-01-10 00:00","134","고조"
"SO_1282","선재도","2029-01-10 00:00","663","저조"
"SO_1282","선재도","2029-01-10 00:00","730","저조"
"SO_1282","선재도","2029-01-10 00:00","212","고조"
"SO_1282","선재도","2029-01-09 00:00","738","저조"
"SO_1282","선재도","2029-01-09 00:00","164","고조"
"SO_1282","선재도","2029-01-09 00:00","766","저조"
"SO_1282","선재도","2029-01-09 00:00","109","고조"
"SO_1282","선재도","2029-01-10 00:00","134","고조"
"SO_1282","선재도","2029-01-10 00:00","663","저조"
"SO_1282","선재도","2029-01-10 00:00","730","저조"
"SO_1282","선재도","2029-01-10 00:00","212","고조"
"SO_1282","선재도","2029-01-09 00:00","738","저조"
"SO_1282","선재도","2029-01-09 00:00","164","고조"
"SO_1282","선재도","2029-01-09 00:00","766","저조"
"SO_1282","선재도","2029-01-09 00:00","109","고조"
"SO_1282","선재도","2029-01-10 00:00","134","고조"
"SO_1282","선재도","2029-01-10 00:00","663","저조"
"SO_1282","선재도","2029-01-10 00:00","730","저조"
"SO_1282","선재도","2029-01-10 00:00","212","고조"
"SO_1282","선재도","2029-01-09 00:00","738","저조"
"SO_1282","선재도","2029-01-09 00:00","164","고조"
"SO_1282","선재도","2029-01-09 00:00","766","저조"
"SO_1282","선재도","2029-01-09 00:00","109","고조"
"SO_1282","선재도","2029-01-10 00:00","134","고조"
"SO_1282","선재도","2029-01-10 00:00","663","저조"
"SO_1282","선재도","2029-01-10 00:00","730","저조"
"SO_1282","선재도","2029-01-10 00:00","212","고조"
"SO_1282","선재도","2029-01-09 00:00","738","저조"
"SO_1282","선재도","2029-01-09 00:00","164","고조"
"SO_1282","선재도","2029-01-09 00:00","766","저조"
"SO_1282","선재도","2029-01-09 00:00","109","고조"
"SO_1282","선재도","2029-01-10 00:00","134","고조"
"SO_1282","선재도","2029-01-10 00:00","663","저조"
"SO_1282","선재도","2029-01-10 00:00","730","저조"
"SO_1282","선재도","2029-01-10 00:00","212","고조"
"SO_1282","선재도","2029-01-09 00:00","738","저조"
"SO_1282","선재도","2029-01-09 00:00","164","고조"
"SO_1282","선재도","2029-01-09 00:00","766","저조"
"SO_1282","선재도","2029-01-09 00:00","109","고조"
"SO_1282","선재도","2029-01-10 00:00","134","고조"
"SO_1282","선재도","2029-01-10 00:00","663","저조"
"SO_1282","선재도","2029-01-10 00:00","730","저조"
"SO_1282","선재도","2029-01-10 00:00","212","고조"
"SO_1282","선재도","2029-01-09 00:00","738","저조"
"SO_1282","선재도","2029-01-09 00:00","164","고조"
"SO_1282","선재도","2029-01-09 00:00","766","저조"
"SO_1282","선재도","2029-01-09 00:00","109","고조"
"SO_1282","선재도","2029-01-10 00:00","134","고조"
"SO_1282","선재도","2029-01-10 00:00","663","저조"
"SO_1282","선재도","2029-01-10 00:00","730","저조"
"SO_1282","선재도","2029-01-10 00:00","212","고조"
"SO_1282","선재도","2029-01-09 00:00","738","저조"
"SO_1282","선재도","2029-01-09 00:00","164","고조"
"SO_1282","선재도","2029-01-09 00:00","766","저조"
"SO_1282","선재도","2029-01-09 00:00","109","고조"
"SO_1282","선재도","2029-01-10 00:00","134","고조"
"SO_1282","선재도","2029-01-10 00:00","663","저조"
"SO_1282","선재도","2029-01-10 00:00","730","저조"
"SO_1282","선재도","2029-01-10 00:00","212","고조"
"SO_1282","선재도","2029-01-09 00:00","738","저조"
"SO_1282","선재도","2029-01-09 00:00","164","고조"
"SO_1282","선재도","2029-01-09 00:00","766","저조"
"SO_1282","선재도","2029-01-09 00:00","109","고조"
"SO_1282","선재도","2029-01-10 00:00","134","고조"
"SO_1282","선재도","2029-01-10 00:00","663","저조"
"SO_1282","선재도","2029-01-10 00:00","730","저조"
"SO_1282","선재도","2029-01-10 00:00","212","고조"
"SO_1282","선재도","2029-01-09 00:00","738","저조"
"SO_1282","선재도","2029-01-09 00:00","164","고조"
"SO_1282","선재도","2029-01-09 00:00","766","저조"
"SO_1282","선재도","2029-01-09 00:00","109","고조"
"SO_1282","선재도","2029-01-10 00:00","134","고조"
"SO_1282","선재도","2029-01-10 00:00","663","저조"
"SO_1282","선재도","2029-01-10 00:00","730","저조"
"SO_1282","선재도","2029-01-10 00:00","212","고조"
"SO_1282","선재도","2029-01-09 00:00","738","저조"
"SO_1282","선재도","2029-01-09 00:00","164","고조"
"SO_1282","선재도","2029-01-09 00:00","766","저조"
"SO_1282","선재도","2029-01-09 00:00","109","고조"
"SO_1282","선재도","2029-01-10 00:00","134","고조"
"SO_1282","선재도","2029-01-10 00:00","663","저조"
"SO_1282","선재도","2029-01-10 00:00","730","저조"
"SO_1282","선재도","2029-01-10 00:00","212","고조"
"SO_1282","선재도","2029-01-09 00:00","738","저조"
"SO_1282","선재도","2029-01-09 00:00","164","고조"
"SO_1282","선재도","2029-01-09 00:00","766","저조"
"SO_1282","선재도","2029-01-09 00:00","109","고조"
"SO_1282","선재도","2029-01-10 00:00","134","고조"
"SO_1282","선재도","2029-01-10 00:00","663","저조"
"SO_1282","선재도","2029-01-10 00:00","730","저조"
"SO_1282","선재도","2029-01-10 00:00","212","고조"
"SO_1282","선재도","2029-01-09 00:00","738","저조"
"SO_1282","선재도","2029-01-09 00:00","164","고조"
"SO_1282","선재도","2029-01-09 00:00","766","저조"
"SO_1282","선재도","2029-01-09 00:00","109","고조"
"SO_1282","선재도","2029-01-10 00:00","134","고조"
"SO_1282","선재도","2029-01-10 00:00","663","저조"
"SO_1282","선재도","2029-01-10 00:00","730","저조"
"SO_1282","선재도","2029-01-10 00:00","212","고조"
"SO_1282","선재도","2029-01-09 00:00","738","저조"
"SO_1282","선재도","2029-01-09 00:00","164","고조"
"SO_1282","선재도","2029-01-09 00:00","766","저조"
"SO_1282","선재도","2029-01-09 00:00","109","고조"
"SO_1282","선재도","2029-01-10 00:00","134","고조"
"SO_1282","선재도","2029-01-10 00:00","663","저조"
"SO_1282","선재도","2029-01-10 00:00","730","저조"
"SO_1282","선재도","2029-01-10 00:00","212","고조"
"SO_1282","선재도","2029-01-09 00:00","738","저조"
"SO_1282","선재도","2029-01-09 00:00","164","고조"
"SO_1282","선재도","2029-01-09 00:00","766","저조"
"SO_1282","선재도","2029-01-09 00:00","109","고조"
"SO_1282","선재도","2029-01-10 00:00","134","고조"
"SO_1282","선재도","2029-01-10 00:00","663","저조"
"SO_1282","선재도","2029-01-10 00:00","730","저조"
"SO_1282","선재도","2029-01-10 00:00","212","고조"
"SO_1282","선재도","2029-01-09 00:00","738","저조"
"SO_1282","선재도","2029-01-09 00:00","164","고조"
"SO_1282","선재도","2029-01-09 00:00","766","저조"
"SO_1282","선재도","2029-01-09 00:00","109","고조"
"SO_1282","선재도","2029-01-10 00:00","134","고조"
"SO_1282","선재도","2029-01-10 00:00","663","저조"
"SO_1282","선재도","2029-01-10 00:00","730","저조"
"SO_1282","선재도","2029-01-10 00:00","212","고조"
"SO_1282","선재도","2029-01-09 00:00","738","저조"
"SO_1282","선재도","2029-01-09 00:00","164","고조"
"SO_1282","선재도","2029-01-09 00:00","766","저조"
"SO_1282","선재도","2029-01-09 00:00","109","고조"
"SO_1282","선재도","2029-01-10 00:00","134","고조"
"SO_1282","선재도","2029-01-10 00:00","663","저조"
"SO_1282","선재도","2029-01-10 00:00","730","저조"
"SO_1282","선재도","2029-01-10 00:00","212","고조"
"SO_1282","선재도","2029-01-09 00:00","738","저조"
"SO_1282","선재도","2029-01-09 00:00","164","고조"
"SO_1282","선재도","2029-01-09 00:00","766","저조"
"SO_1282","선재도","2029-01-09 00:00","109","고조"
"SO_1282","선재도","2029-01-10 00:00","134","고조"
"SO_1282","선재도","2029-01-10 00:00","663","저조"
"SO_1282","선재도","2029-01-10 00:00","730","저조"
"SO_1282","선재도","2029-01-10 00:00","212","고조"
"SO_1282","선재도","2029-01-09 00:00","738","저조"
"SO_1282","선재도","2029-01-09 00:00","164","고조"
"SO_1282","선재도","2029-01-09 00:00","766","저조"
"SO_1282","선재도","2029-01-09 00:00","109","고조"
"SO_1282","선재도","2029-01-10 00:00","134","고조"
"SO_1282","선재도","2029-01-10 00:00","663","저조"
"SO_1282","선재도","2029-01-10 00:00","730","저조"
"SO_1282","선재도","2029-01-10 00:00","212","고조"
"SO_1282","선재도","2029-01-09 00:00","738","저조"
"SO_1282","선재도","2029-01-09 00:00","164","고조"
"SO_1282","선재도","2029-01-09 00:00","766","저조"
"SO_1282","선재도","2029-01-09 00:00","109","고조"
"SO_1282","선재도","2029-01-10 00:00","134","고조"
"SO_1282","선재도","2029-01-10 00:00","663","저조"
"SO_1282","선재도","2029-01-10 00:00","730","저조"
"SO_1282","선재도","2029-01-10 00:00","212","고조"
"SO_1282","선재도","2029-01-09 00:00","738","저조"
"SO_1282","선재도","2029-01-09 00:00","164","고조"
"SO_1282","선재도","2029-01-09 00:00","766","저조"
"SO_1282","선재도","2029-01-09 00:00","109","고조"
"SO_1282","선재도","2029-01-10 00:00","134","고조"
"SO_1282","선재도","2029-01-10 00:00","663","저조"
"SO_1282","선재도","2029-01-10 00:00","730","저조"
"SO_1282","선재도","2029-01-10 00:00","212","고조"
"SO_1282","선재도","2029-01-09 00:00","738","저조"
"SO_1282","선재도","2029-01-09 00:00","164","고조"
"SO_1282","선재도","2029-01-09 00:00","766","저조"
"SO_1282","선재도","2029-01-09 00:00","109","고조"
"SO_1282","선재도","2029-01-10 00:00","134","고조"
"SO_1282","선재도","2029-01-10 00:00","663","저조"
"SO_1282","선재도","2029-01-10 00:00","730","저조"
"SO_1282","선재도","2029-01-10 00:00","212","고조"
"SO_1282","선재도","2029-01-09 00:00","738","저조"
"SO_1282","선재도","2029-01-09 00:00","164","고조"
"SO_1282","선재도","2029-01-09 00:00","766","저조"
"SO_1282","선재도","2029-01-09 00:00","109","고조"
"SO_1282","선재도","2029-01-10 00:00","134","고조"
"SO_1282","선재도","2029-01-10 00:00","663","저조"
"SO_1282","선재도","2029-01-10 00:00","730","저조"
"SO_1282","선재도","2029-01-10 00:00","212","고조"
"SO_1282","선재도","2029-01-09 00:00","738","저조"
"SO_1282","선재도","2029-01-09 00:00","164","고조"
"SO_1282","선재도","2029-01-09 00:00","766","저조"
"SO_1282","선재도","2029-01-09 00:00","109","고조"
"SO_1282","선재도","2029-01-10 00:00","134","고조"
"SO_1282","선재도","2029-01-10 00:00","663","저조"
"SO_1282","선재도","2029-01-10 00:00","730","저조"
"SO_1282","선재도","2029-01-10 00:00","212","고조"
"SO_1282","선재도","2029-01-09 00:00","738","저조"
"SO_1282","선재도","2029-01-09 00:00","164","고조"
"SO_1282","선재도","2029-01-09 00:00","766","저조"
"SO_1282","선재도","2029-01-09 00:00","109","고조"
"SO_1282","선재도","2029-01-10 00:00","134","고조"
"SO_1282","선재도","2029-01-10 00:00","663","저조"
"SO_1282","선재도","2029-01-10 00:00","730","저조"
"SO_1282","선재도","2029-01-10 00:00","212","고조"
"SO_1282","선재도","2029-01-09 00:00","738","저조"
"SO_1282","선재도","2029-01-09 00:00","164","고조"
"SO_1282","선재도","2029-01-09 00:00","766","저조"
"SO_1282","선재도","2029-01-09 00:00","109","고조"
"SO_1282","선재도","2029-01-10 00:00","134","고조"
"SO_1282","선재도","2029-01-10 00:00","663","저조"
"SO_1282","선재도","2029-01-10 00:00","730","저조"
"SO_1282","선재도","2029-01-10 00:00","212","고조"
"SO_1282","선재도","2029-01-09 00:00","738","저조"
"SO_1282","선재도","2029-01-09 00:00","164","고조"
"SO_1282","선재도","2029-01-09 00:00","766","저조"
"SO_1282","선재도","2029-01-09 00:00","109","고조"
"SO_1282","선재도","2029-01-10 00:00","134","고조"
"SO_1282","선재도","2029-01-10 00:00","663","저조"
"SO_1282","선재도","2029-01-10 00:00","730","저조"
"SO_1282","선재도","2029-01-10 00:00","212","고조"
"SO_1282","선재도","2029-01-09 00:00","738","저조"
"SO_1282","선재도","2029-01-09 00:00","164","고조"
"SO_1282","선재도","2029-01-09 00:00","766","저조"
"SO_1282","선재도","2029-01-09 00:00","109","고조"
"SO_1282","선재도","2029-01-10 00:00","134","고조"
"SO_1282","선재도","2029-01-10 00:00","663","저조"
"SO_1282","선재도","2029-01-10 00:00","730","저조"
"SO_1282","선재도","2029-01-10 00:00","212","고조"
"SO_1282","선재도","2029-01-09 00:00","738","저조"
"SO_1282","선재도","2029-01-09 00:00","164","고조"
"SO_1282","선재도","2029-01-09 00:00","766","저조"
"SO_1282","선재도","2029-01-09 00:00","109","고조"
"SO_1282","선재도","2029-01-10 00:00","134","고조"
"SO_1282","선재도","2029-01-10 00:00","663","저조"
"SO_1282","선재도","2029-01-10 00:00","730","저조"
"SO_1282","선재도","2029-01-10 00:00","212","고조"
"SO_1282","선재도","2029-01-09 00:00","738","저조"
"SO_1282","선재도","2029-01-09 00:00","164","고조"
"SO_1282","선재도","2029-01-09 00:00","766","저조"
"SO_1282","선재도","2029-01-09 00:00","109","고조"
"SO_1282","선재도","2029-01-10 00:00","134","고조"
"SO_1282","선재도","2029-01-10 00:00","663","저조"
"SO_1282","선재도","2029-01-10 00:00","730","저조"
"SO_1282","선재도","2029-01-10 00:00","212","고조"
"SO_1282","선재도","2029-01-09 00:00","738","저조"
"SO_1282","선재도","2029-01-09 00:00","164","고조"
"SO_1282","선재도","2029-01-09 00:00","766","저조"
"SO_1282","선재도","2029-01-09 00:00","109","고조"
"SO_1282","선재도","2029-01-10 00:00","134","고조"
"SO_1282","선재도","2029-01-10 00:00","663","저조"
"SO_1282","선재도","2029-01-10 00:00","730","저조"
"SO_1282","선재도","2029-01-10 00:00","212","고조"
"SO_1282","선재도","2029-01-09 00:00","738","저조"
"SO_1282","선재도","2029-01-09 00:00","164","고조"
"SO_1282","선재도","2029-01-09 00:00","766","저조"
"SO_1282","선재도","2029-01-09 00:00","109","고조"
"SO_1282","선재도","2029-01-10 00:00","134","고조"
"SO_1282","선재도","2029-01-10 00:00","663","저조"
"SO_1282","선재도","2029-01-10 00:00","730","저조"
"SO_1282","선재도","2029-01-10 00:00","212","고조"
"SO_1282","선재도","2029-01-09 00:00","738","저조"
"SO_1282","선재도","2029-01-09 00:00","164","고조"
"SO_1282","선재도","2029-01-09 00:00","766","저조"
"SO_1282","선재도","2029-01-09 00:00","109","고조"
"SO_1282","선재도","2029-01-10 00:00","134","고조"
"SO_1282","선재도","2029-01-10 00:00","663","저조"
"SO_1282","선재도","2029-01-10 00:00","730","저조"
"SO_1282","선재도","2029-01-10 00:00","212","고조"
"SO_1282","선재도","2029-01-09 00:00","738","저조"
"SO_1282","선재도","2029-01-09 00:00","164","고조"
"SO_1282","선재도","2029-01-09 00:00","766","저조"
"SO_1282","선재도","2029-01-09 00:00","109","고조"
"SO_1282","선재도","2029-01-10 00:00","134","고조"
"SO_1282","선재도","2029-01-10 00:00","663","저조"
"SO_1282","선재도","2029-01-10 00:00","730","저조"
"SO_1282","선재도","2029-01-10 00:00","212","고조"
"SO_1282","선재도","2029-01-09 00:00","738","저조"
"SO_1282","선재도","2029-01-09 00:00","164","고조"
"SO_1282","선재도","2029-01-09 00:00","766","저조"
"SO_1282","선재도","2029-01-09 00:00","109","고조"
"SO_1282","선재도","2029-01-10 00:00","134","고조"
"SO_1282","선재도","2029-01-10 00:00","663","저조"
"SO_1282","선재도","2029-01-10 00:00","730","저조"
"SO_1282","선재도","2029-01-10 00:00","212","고조"
"SO_1282","선재도","2029-01-09 00:00","738","저조"
"SO_1282","선재도","2029-01-09 00:00","164","고조"
"SO_1282","선재도","2029-01-09 00:00","766","저조"
"SO_1282","선재도","2029-01-09 00:00","109","고조"
"SO_1282","선재도","2029-01-10 00:00","134","고조"
"SO_1282","선재도","2029-01-10 00:00","663","저조"
"SO_1282","선재도","2029-01-10 00:00","730","저조"
"SO_1282","선재도","2029-01-10 00:00","212","고조"
"SO_1282","선재도","2029-01-09 00:00","738","저조"
"SO_1282","선재도","2029-01-09 00:00","164","고조"
"SO_1282","선재도","2029-01-09 00:00","766","저조"
"SO_1282","선재도","2029-01-09 00:00","109","고조"
"SO_1282","선재도","2029-01-10 00:00","134","고조"
"SO_1282","선재도","2029-01-10 00:00","663","저조"
"SO_1282","선재도","2029-01-10 00:00","730","저조"
"SO_1282","선재도","2029-01-10 00:00","212","고조"
"SO_1282","선재도","2029-01-09 00:00","738","저조"
"SO_1282","선재도","2029-01-09 00:00","164","고조"
"SO_1282","선재도","2029-01-09 00:00","766","저조"
"SO_1282","선재도","2029-01-09 00:00","109","고조"
"SO_1282","선재도","2029-01-10 00:00","134","고조"
"SO_1282","선재도","2029-01-10 00:00","663","저조"
"SO_1282","선재도","2029-01-10 00:00","730","저조"
"SO_1282","선재도","2029-01-10 00:00","212","고조"
"SO_1282","선재도","2029-01-09 00:00","738","저조"
"SO_1282","선재도","2029-01-09 00:00","164","고조"
"SO_1282","선재도","2029-01-09 00:00","766","저조"
"SO_1282","선재도","2029-01-09 00:00","109","고조"
"SO_1282","선재도","2029-01-10 00:00","134","고조"
"SO_1282","선재도","2029-01-10 00:00","663","저조"
"SO_1282","선재도","2029-01-10 00:00","730","저조"
"SO_1282","선재도","2029-01-10 00:00","212","고조"
"SO_1282","선재도","2029-01-09 00:00","738","저조"
"SO_1282","선재도","2029-01-09 00:00","164","고조"
"SO_1282","선재도","2029-01-09 00:00","766","저조"
"SO_1282","선재도","2029-01-09 00:00","109","고조"
"SO_1282","선재도","2029-01-10 00:00","134","고조"
"SO_1282","선재도","2029-01-10 00:00","663","저조"
"SO_1282","선재도","2029-01-10 00:00","730","저조"
"SO_1282","선재도","2029-01-10 00:00","212","고조"
"SO_1282","선재도","2029-01-09 00:00","738","저조"
"SO_1282","선재도","2029-01-09 00:00","164","고조"
"SO_1282","선재도","2029-01-09 00:00","766","저조"
"SO_1282","선재도","2029-01-09 00:00","109","고조"
"SO_1282","선재도","2029-01-10 00:00","134","고조"
"SO_1282","선재도","2029-01-10 00:00","663","저조"
"SO_1282","선재도","2029-01-10 00:00","730","저조"
"SO_1282","선재도","2029-01-10 00:00","212","고조"
"SO_1282","선재도","2029-01-09 00:00","738","저조"
"SO_1282","선재도","2029-01-09 00:00","164","고조"
"SO_1282","선재도","2029-01-09 00:00","766","저조"
"SO_1282","선재도","2029-01-09 00:00","109","고조"
"SO_1282","선재도","2029-01-10 00:00","134","고조"
"SO_1282","선재도","2029-01-10 00:00","663","저조"
"SO_1282","선재도","2029-01-10 00:00","730","저조"
"SO_1282","선재도","2029-01-10 00:00","212","고조"
"SO_1282","선재도","2029-01-09 00:00","738","저조"
"SO_1282","선재도","2029-01-09 00:00","164","고조"
"SO_1282","선재도","2029-01-09 00:00","766","저조"
"SO_1282","선재도","2029-01-09 00:00","109","고조"
"SO_1282","선재도","2029-01-10 00:00","134","고조"
"SO_1282","선재도","2029-01-10 00:00","663","저조"
"SO_1282","선재도","2029-01-10 00:00","730","저조"
"SO_1282","선재도","2029-01-10 00:00","212","고조"
"SO_1282","선재도","2029-01-09 00:00","738","저조"
"SO_1282","선재도","2029-01-09 00:00","164","고조"
"SO_1282","선재도","2029-01-09 00:00","766","저조"
"SO_1282","선재도","2029-01-09 00:00","109","고조"
"SO_1282","선재도","2029-01-10 00:00","134","고조"
"SO_1282","선재도","2029-01-10 00:00","663","저조"
"SO_1282","선재도","2029-01-10 00:00","730","저조"
"SO_1282","선재도","2029-01-10 00:00","212","고조"
"SO_1282","선재도","2029-01-09 00:00","738","저조"
"SO_1282","선재도","2029-01-09 00:00","164","고조"
"SO_1282","선재도","2029-01-09 00:00","766","저조"
"SO_1282","선재도","2029-01-09 00:00","109","고조"
"SO_1282","선재도","2029-01-10 00:00","134","고조"
"SO_1282","선재도","2029-01-10 00:00","663","저조"
"SO_1282","선재도","2029-01-10 00:00","730","저조"
"SO_1282","선재도","2029-01-10 00:00","212","고조"
"SO_1282","선재도","2029-01-09 00:00","738","저조"
"SO_1282","선재도","2029-01-09 00:00","164","고조"
"SO_1282","선재도","2029-01-09 00:00","766","저조"
"SO_1282","선재도","2029-01-09 00:00","109","고조"
"SO_1282","선재도","2029-01-10 00:00","134","고조"
"SO_1282","선재도","2029-01-10 00:00","663","저조"
"SO_1282","선재도","2029-01-10 00:00","730","저조"
"SO_1282","선재도","2029-01-10 00:00","212","고조"
"SO_1282","선재도","2029-01-09 00:00","738","저조"
"SO_1282","선재도","2029-01-09 00:00","164","고조"
"SO_1282","선재도","2029-01-09 00:00","766","저조"
"SO_1282","선재도","2029-01-09 00:00","109","고조"
"SO_1282","선재도","2029-01-10 00:00","134","고조"
"SO_1282","선재도","2029-01-10 00:00","663","저조"
"SO_1282","선재도","2029-01-10 00:00","730","저조"
"SO_1282","선재도","2029-01-10 00:00","212","고조"
"SO_1282","선재도","2029-01-09 00:00","738","저조"
"SO_1282","선재도","2029-01-09 00:00","164","고조"
"SO_1282","선재도","2029-01-09 00:00","766","저조"
"SO_1282","선재도","2029-01-09 00:00","109","고조"
"SO_1282","선재도","2029-01-10 00:00","134","고조"
"SO_1282","선재도","2029-01-10 00:00","663","저조"
"SO_1282","선재도","2029-01-10 00:00","730","저조"
"SO_1282","선재도","2029-01-10 00:00","212","고조"
"SO_1282","선재도","2029-01-09 00:00","738","저조"
"SO_1282","선재도","2029-01-09 00:00","164","고조"
"SO_1282","선재도","2029-01-09 00:00","766","저조"
"SO_1282","선재도","2029-01-09 00:00","109","고조"
"SO_1282","선재도","2029-01-10 00:00","134","고조"
"SO_1282","선재도","2029-01-10 00:00","663","저조"
"SO_1282","선재도","2029-01-10 00:00","730","저조"
"SO_1282","선재도","2029-01-10 00:00","212","고조"
"SO_1282","선재도","2029-01-09 00:00","738","저조"
"SO_1282","선재도","2029-01-09 00:00","164","고조"
"SO_1282","선재도","2029-01-09 00:00","766","저조"
"SO_1282","선재도","2029-01-09 00:00","109","고조"
"SO_1282","선재도","2029-01-10 00:00","134","고조"
"SO_1282","선재도","2029-01-10 00:00","663","저조"
"SO_1282","선재도","2029-01-10 00:00","730","저조"
"SO_1282","선재도","2029-01-10 00:00","212","고조"
"SO_1282","선재도","2029-01-09 00:00","738","저조"
"SO_1282","선재도","2029-01-09 00:00","164","고조"
"SO_1282","선재도","2029-01-09 00:00","766","저조"
"SO_1282","선재도","2029-01-09 00:00","109","고조"
"SO_1282","선재도","2029-01-10 00:00","134","고조"
"SO_1282","선재도","2029-01-10 00:00","663","저조"
"SO_1282","선재도","2029-01-10 00:00","730","저조"
"SO_1282","선재도","2029-01-10 00:00","212","고조"
"SO_1282","선재도","2029-01-09 00:00","738","저조"
"SO_1282","선재도","2029-01-09 00:00","164","고조"
"SO_1282","선재도","2029-01-09 00:00","766","저조"
"SO_1282","선재도","2029-01-09 00:00","109","고조"
"SO_1282","선재도","2029-01-10 00:00","134","고조"
"SO_1282","선재도","2029-01-10 00:00","663","저조"
"SO_1282","선재도","2029-01-10 00:00","730","저조"
"SO_1282","선재도","2029-01-10 00:00","212","고조"
"SO_1282","선재도","2029-01-09 00:00","738","저조"
"SO_1282","선재도","2029-01-09 00:00","164","고조"
"SO_1282","선재도","2029-01-09 00:00","766","저조"
"SO_1282","선재도","2029-01-09 00:00","109","고조"
"SO_1282","선재도","2029-01-10 00:00","134","고조"
"SO_1282","선재도","2029-01-10 00:00","663","저조"
"SO_1282","선재도","2029-01-10 00:00","730","저조"
"SO_1282","선재도","2029-01-10 00:00","212","고조"
"SO_1282","선재도","2029-01-09 00:00","738","저조"
"SO_1282","선재도","2029-01-09 00:00","164","고조"
"SO_1282","선재도","2029-01-09 00:00","766","저조"
"SO_1282","선재도","2029-01-09 00:00","109","고조"
"SO_1282","선재도","2029-01-10 00:00","134","고조"
"SO_1282","선재도","2029-01-10 00:00","663","저조"
"SO_1282","선재도","2029-01-10 00:00","730","저조"
"SO_1282","선재도","2029-01-10 00:00","212","고조"
"SO_1282","선재도","2029-01-09 00:00","738","저조"
"SO_1282","선재도","2029-01-09 00:00","164","고조"
"SO_1282","선재도","2029-01-09 00:00","766","저조"
"SO_1282","선재도","2029-01-09 00:00","109","고조"
"SO_1282","선재도","2029-01-10 00:00","134","고조"
"SO_1282","선재도","2029-01-10 00:00","663","저조"
"SO_1282","선재도","2029-01-10 00:00","730","저조"
"SO_1282","선재도","2029-01-10 00:00","212","고조"
"SO_1282","선재도","2029-01-09 00:00","738","저조"
"SO_1282","선재도","2029-01-09 00:00","164","고조"
"SO_1282","선재도","2029-01-09 00:00","766","저조"
"SO_1282","선재도","2029-01-09 00:00","109","고조"
"SO_1282","선재도","2029-01-10 00:00","134","고조"
"SO_1282","선재도","2029-01-10 00:00","663","저조"
"SO_1282","선재도","2029-01-10 00:00","730","저조"
"SO_1282","선재도","2029-01-10 00:00","212","고조"
"SO_1282","선재도","2029-01-09 00:00","738","저조"
"SO_1282","선재도","2029-01-09 00:00","164","고조"
"SO_1282","선재도","2029-01-09 00:00","766","저조"
"SO_1282","선재도","2029-01-09 00:00","109","고조"
"SO_1282","선재도","2029-01-10 00:00","134","고조"
"SO_1282","선재도","2029-01-10 00:00","663","저조"
"SO_1282","선재도","2029-01-10 00:00","730","저조"
"SO_1282","선재도","2029-01-10 00:00","212","고조"
"SO_1282","선재도","2029-01-09 00:00","738","저조"
"SO_1282","선재도","2029-01-09 00:00","164","고조"
"SO_1282","선재도","2029-01-09 00:00","766","저조"
"SO_1282","선재도","2029-01-09 00:00","109","고조"
"SO_1282","선재도","2029-01-10 00:00","134","고조"
"SO_1282","선재도","2029-01-10 00:00","663","저조"
"SO_1282","선재도","2029-01-10 00:00","730","저조"
"SO_1282","선재도","2029-01-10 00:00","212","고조"
"SO_1282","선재도","2029-01-09 00:00","738","저조"
"SO_1282","선재도","2029-01-09 00:00","164","고조"
"SO_1282","선재도","2029-01-09 00:00","766","저조"
"SO_1282","선재도","2029-01-09 00:00","109","고조"
"SO_1282","선재도","2029-01-10 00:00","134","고조"
"SO_1282","선재도","2029-01-10 00:00","663","저조"
"SO_1282","선재도","2029-01-10 00:00","730","저조"
"SO_1282","선재도","2029-01-10 00:00","212","고조"
"SO_1282","선재도","2029-01-09 00:00","738","저조"
"SO_1282","선재도","2029-01-09 00:00","164","고조"
"SO_1282","선재도","2029-01-09 00:00","766","저조"
"SO_1282","선재도","2029-01-09 00:00","109","고조"
"SO_1282","선재도","2029-01-10 00:00","134","고조"
"SO_1282","선재도","2029-01-10 00:00","663","저조"
"SO_1282","선재도","2029-01-10 00:00","730","저조"
"SO_1282","선재도","2029-01-10 00:00","212","고조"
"SO_1282","선재도","2029-01-09 00:00","738","저조"
"SO_1282","선재도","2029-01-09 00:00","164","고조"
"SO_1282","선재도","2029-01-09 00:00","766","저조"
"SO_1282","선재도","2029-01-09 00:00","109","고조"
"SO_1282","선재도","2029-01-10 00:00","134","고조"
"SO_1282","선재도","2029-01-10 00:00","663","저조"
"SO_1282","선재도","2029-01-10 00:00","730","저조"
"SO_1282","선재도","2029-01-10 00:00","212","고조"
"SO_1282","선재도","2029-01-09 00:00","738","저조"
"SO_1282","선재도","2029-01-09 00:00","164","고조"
"SO_1282","선재도","2029-01-09 00:00","766","저조"
"SO_1282","선재도","2029-01-09 00:00","109","고조"
"SO_1282","선재도","2029-01-10 00:00","134","고조"
"SO_1282","선재도","2029-01-10 00:00","663","저조"
"SO_1282","선재도","2029-01-10 00:00","730","저조"
"SO_1282","선재도","2029-01-10 00:00","212","고조"
"SO_1282","선재도","2029-01-09 00:00","738","저조"
"SO_1282","선재도","2029-01-09 00:00","164","고조"
"SO_1282","선재도","2029-01-09 00:00","766","저조"
"SO_1282","선재도","2029-01-09 00:00","109","고조"
"SO_1282","선재도","2029-01-10 00:00","134","고조"
"SO_1282","선재도","2029-01-10 00:00","663","저조"
"SO_1282","선재도","2029-01-10 00:00","730","저조"
"SO_1282","선재도","2029-01-10 00:00","212","고조"
"SO_1282","선재도","2029-01-09 00:00","738","저조"
"SO_1282","선재도","2029-01-09 00:00","164","고조"
"SO_1282","선재도","2029-01-09 00:00","766","저조"
"SO_1282","선재도","2029-01-09 00:00","109","고조"
"SO_1282","선재도","2029-01-10 00:00","134","고조"
"SO_1282","선재도","2029-01-10 00:00","663","저조"
"SO_1282","선재도","2029-01-10 00:00","730","저조"
"SO_1282","선재도","2029-01-10 00:00","212","고조"
"SO_1282","선재도","2029-01-09 00:00","738","저조"
"SO_1282","선재도","2029-01-09 00:00","164","고조"
"SO_1282","선재도","2029-01-09 00:00","766","저조"
"SO_1282","선재도","2029-01-09 00:00","109","고조"
"SO_1282","선재도","2029-01-10 00:00","134","고조"
"SO_1282","선재도","2029-01-10 00:00","663","저조"
"SO_1282","선재도","2029-01-10 00:00","730","저조"
"SO_1282","선재도","2029-01-10 00:00","212","고조"
"SO_1282","선재도","2029-01-09 00:00","738","저조"
"SO_1282","선재도","2029-01-09 00:00","164","고조"
"SO_1282","선재도","2029-01-09 00:00","766","저조"
"SO_1282","선재도","2029-01-09 00:00","109","고조"
"SO_1282","선재도","2029-01-10 00:00","134","고조"
"SO_1282","선재도","2029-01-10 00:00","663","저조"
"SO_1282","선재도","2029-01-10 00:00","730","저조"
"SO_1282","선재도","2029-01-10 00:00","212","고조"
"SO_1282","선재도","2029-01-09 00:00","738","저조"
"SO_1282","선재도","2029-01-09 00:00","164","고조"
"SO_1282","선재도","2029-01-09 00:00","766","저조"
"SO_1282","선재도","2029-01-09 00:00","109","고조"
"SO_1282","선재도","2029-01-10 00:00","134","고조"
"SO_1282","선재도","2029-01-10 00:00","663","저조"
"SO_1282","선재도","2029-01-10 00:00","730","저조"
"SO_1282","선재도","2029-01-10 00:00","212","고조"
"SO_1282","선재도","2029-01-09 00:00","738","저조"
"SO_1282","선재도","2029-01-09 00:00","164","고조"
"SO_1282","선재도","2029-01-09 00:00","766","저조"
"SO_1282","선재도","2029-01-09 00:00","109","고조"
"SO_1282","선재도","2029-01-10 00:00","134","고조"
"SO_1282","선재도","2029-01-10 00:00","663","저조"
"SO_1282","선재도","2029-01-10 00:00","730","저조"
"SO_1282","선재도","2029-01-10 00:00","212","고조"
"SO_1282","선재도","2029-01-09 00:00","738","저조"
"SO_1282","선재도","2029-01-09 00:00","164","고조"
"SO_1282","선재도","2029-01-09 00:00","766","저조"
"SO_1282","선재도","2029-01-09 00:00","109","고조"
"SO_1282","선재도","2029-01-10 00:00","134","고조"
"SO_1282","선재도","2029-01-10 00:00","663","저조"
"SO_1282","선재도","2029-01-10 00:00","730","저조"
"SO_1282","선재도","2029-01-10 00:00","212","고조"
"SO_1282","선재도","2029-01-09 00:00","738","저조"
"SO_1282","선재도","2029-01-09 00:00","164","고조"
"SO_1282","선재도","2029-01-09 00:00","766","저조"
"SO_1282","선재도","2029-01-09 00:00","109","고조"
"SO_1282","선재도","2029-01-10 00:00","134","고조"
"SO_1282","선재도","2029-01-10 00:00","663","저조"
"SO_1282","선재도","2029-01-10 00:00","730","저조"
"SO_1282","선재도","2029-01-10 00:00","212","고조"
"SO_1282","선재도","2029-01-09 00:00","738","저조"
"SO_1282","선재도","2029-01-09 00:00","164","고조"
"SO_1282","선재도","2029-01-09 00:00","766","저조"
"SO_1282","선재도","2029-01-09 00:00","109","고조"
"SO_1282","선재도","2029-01-10 00:00","134","고조"
"SO_1282","선재도","2029-01-10 00:00","663","저조"
"SO_1282","선재도","2029-01-10 00:00","730","저조"
"SO_1282","선재도","2029-01-10 00:00","212","고조"
"SO_1282","선재도","2029-01-09 00:00","738","저조"
"SO_1282","선재도","2029-01-09 00:00","164","고조"
"SO_1282","선재도","2029-01-09 00:00","766","저조"
"SO_1282","선재도","2029-01-09 00:00","109","고조"
"SO_1282","선재도","2029-01-10 00:00","134","고조"
"SO_1282","선재도","2029-01-10 00:00","663","저조"
"SO_1282","선재도","2029-01-10 00:00","730","저조"
"SO_1282","선재도","2029-01-10 00:00","212","고조"
"SO_1282","선재도","2029-01-09 00:00","738","저조"
"SO_1282","선재도","2029-01-09 00:00","164","고조"
"SO_1282","선재도","2029-01-09 00:00","766","저조"
"SO_1282","선재도","2029-01-09 00:00","109","고조"
"SO_1282","선재도","2029-01-10 00:00","134","고조"
"SO_1282","선재도","2029-01-10 00:00","663","저조"
"SO_1282","선재도","2029-01-10 00:00","730","저조"
"SO_1282","선재도","2029-01-10 00:00","212","고조"
"SO_1282","선재도","2029-01-09 00:00","738","저조"
"SO_1282","선재도","2029-01-09 00:00","164","고조"
"SO_1282","선재도","2029-01-09 00:00","766","저조"
"SO_1282","선재도","2029-01-09 00:00","109","고조"
"SO_1282","선재도","2029-01-10 00:00","134","고조"
"SO_1282","선재도","2029-01-10 00:00","663","저조"
"SO_1282","선재도","2029-01-10 00:00","730","저조"
"SO_1282","선재도","2029-01-10 00:00","212","고조"
"SO_1282","선재도","2029-01-09 00:00","738","저조"
"SO_1282","선재도","2029-01-09 00:00","164","고조"
"SO_1282","선재도","2029-01-09 00:00","766","저조"
"SO_1282","선재도","2029-01-09 00:00","109","고조"
"SO_1282","선재도","2029-01-10 00:00","134","고조"
"SO_1282","선재도","2029-01-10 00:00","663","저조"
"SO_1282","선재도","2029-01-10 00:00","730","저조"
"SO_1282","선재도","2029-01-10 00:00","212","고조"
"SO_1282","선재도","2029-01-09 00:00","738","저조"
"SO_1282","선재도","2029-01-09 00:00","164","고조"
"SO_1282","선재도","2029-01-09 00:00","766","저조"
"SO_1282","선재도","2029-01-09 00:00","109","고조"
"SO_1282","선재도","2029-01-10 00:00","134","고조"
"SO_1282","선재도","2029-01-10 00:00","663","저조"
"SO_1282","선재도","2029-01-10 00:00","730","저조"
"SO_1282","선재도","2029-01-10 00:00","212","고조"
"SO_1282","선재도","2029-01-09 00:00","738","저조"
"SO_1282","선재도","2029-01-09 00:00","164","고조"
"SO_1282","선재도","2029-01-09 00:00","766","저조"
"SO_1282","선재도","2029-01-09 00:00","109","고조"
"SO_1282","선재도","2029-01-10 00:00","134","고조"
"SO_1282","선재도","2029-01-10 00:00","663","저조"
"SO_1282","선재도","2029-01-10 00:00","730","저조"
"SO_1282","선재도","2029-01-10 00:00","212","고조"
"SO_1282","선재도","2029-01-09 00:00","738","저조"
"SO_1282","선재도","2029-01-09 00:00","164","고조"
"SO_1282","선재도","2029-01-09 00:00","766","저조"
"SO_1282","선재도","2029-01-09 00:00","109","고조"
"SO_1282","선재도","2029-01-10 00:00","134","고조"
"SO_1282","선재도","2029-01-10 00:00","663","저조"
"SO_1282","선재도","2029-01-10 00:00","730","저조"
"SO_1282","선재도","2029-01-10 00:00","212","고조"
"SO_1282","선재도","2029-01-09 00:00","738","저조"
"SO_1282","선재도","2029-01-09 00:00","164","고조"
"SO_1282","선재도","2029-01-09 00:00","766","저조"
"SO_1282","선재도","2029-01-09 00:00","109","고조"
"SO_1282","선재도","2029-01-10 00:00","134","고조"
"SO_1282","선재도","2029-01-10 00:00","663","저조"
"SO_1282","선재도","2029-01-10 00:00","730","저조"
"SO_1282","선재도","2029-01-10 00:00","212","고조"
"SO_1282","선재도","2029-01-09 00:00","738","저조"
"SO_1282","선재도","2029-01-09 00:00","164","고조"
"SO_1282","선재도","2029-01-09 00:00","766","저조"
"SO_1282","선재도","2029-01-09 00:00","109","고조"
"SO_1282","선재도","2029-01-10 00:00","134","고조"
"SO_1282","선재도","2029-01-10 00:00","663","저조"
"SO_1282","선재도","2029-01-10 00:00","730","저조"
"SO_1282","선재도","2029-01-10 00:00","212","고조"
"SO_1282","선재도","2029-01-09 00:00","738","저조"
"SO_1282","선재도","2029-01-09 00:00","164","고조"
"SO_1282","선재도","2029-01-09 00:00","766","저조"
"SO_1282","선재도","2029-01-09 00:00","109","고조"
"SO_1282","선재도","2029-01-10 00:00","134","고조"
"SO_1282","선재도","2029-01-10 00:00","663","저조"
"SO_1282","선재도","2029-01-10 00:00","730","저조"
"SO_1282","선재도","2029-01-10 00:00","212","고조"
"SO_1282","선재도","2029-01-09 00:00","738","저조"
"SO_1282","선재도","2029-01-09 00:00","164","고조"
"SO_1282","선재도","2029-01-09 00:00","766","저조"
"SO_1282","선재도","2029-01-09 00:00","109","고조"
"SO_1282","선재도","2029-01-10 00:00","134","고조"
"SO_1282","선재도","2029-01-10 00:00","663","저조"
"SO_1282","선재도","2029-01-10 00:00","730","저조"
"SO_1282","선재도","2029-01-10 00:00","212","고조"
"SO_1282","선재도","2029-01-09 00:00","738","저조"
"SO_1282","선재도","2029-01-09 00:00","164","고조"
"SO_1282","선재도","2029-01-09 00:00","766","저조"
"SO_1282","선재도","2029-01-09 00:00","109","고조"
"SO_1282","선재도","2029-01-10 00:00","134","고조"
"SO_1282","선재도","2029-01-10 00:00","663","저조"
"SO_1282","선재도","2029-01-10 00:00","730","저조"
"SO_1282","선재도","2029-01-10 00:00","212","고조"
"SO_1282","선재도","2029-01-09 00:00","738","저조"
"SO_1282","선재도","2029-01-09 00:00","164","고조"
"SO_1282","선재도","2029-01-09 00:00","766","저조"
"SO_1282","선재도","2029-01-09 00:00","109","고조"
"SO_1282","선재도","2029-01-10 00:00","134","고조"
"SO_1282","선재도","2029-01-10 00:00","663","저조"
"SO_1282","선재도","2029-01-10 00:00","730","저조"
"SO_1282","선재도","2029-01-10 00:00","212","고조"
"SO_1282","선재도","2029-01-09 00:00","738","저조"
"SO_1282","선재도","2029-01-09 00:00","164","고조"
"SO_1282","선재도","2029-01-09 00:00","766","저조"
"SO_1282","선재도","2029-01-09 00:00","109","고조"
"SO_1282","선재도","2029-01-10 00:00","134","고조"
"SO_1282","선재도","2029-01-10 00:00","663","저조"
"SO_1282","선재도","2029-01-10 00:00","730","저조"
"SO_1282","선재도","2029-01-10 00:00","212","고조"
"SO_1282","선재도","2029-01-09 00:00","738","저조"
"SO_1282","선재도","2029-01-09 00:00","164","고조"
"SO_1282","선재도","2029-01-09 00:00","766","저조"
"SO_1282","선재도","2029-01-09 00:00","109","고조"
"SO_1282","선재도","2029-01-10 00:00","134","고조"
"SO_1282","선재도","2029-01-10 00:00","663","저조"
"SO_1282","선재도","2029-01-10 00:00","730","저조"
"SO_1282","선재도","2029-01-10 00:00","212","고조"
"SO_1282","선재도","2029-01-09 00:00","738","저조"
"SO_1282","선재도","2029-01-09 00:00","164","고조"
"SO_1282","선재도","2029-01-09 00:00","766","저조"
"SO_1282","선재도","2029-01-09 00:00","109","고조"
"SO_1282","선재도","2029-01-10 00:00","134","고조"
"SO_1282","선재도","2029-01-10 00:00","663","저조"
"SO_1282","선재도","2029-01-10 00:00","730","저조"
"SO_1282","선재도","2029-01-10 00:00","212","고조"
"SO_1282","선재도","2029-01-09 00:00","738","저조"
"SO_1282","선재도","2029-01-09 00:00","164","고조"
"SO_1282","선재도","2029-01-09 00:00","766","저조"
"SO_1282","선재도","2029-01-09 00:00","109","고조"
"SO_1282","선재도","2029-01-10 00:00","134","고조"
"SO_1282","선재도","2029-01-10 00:00","663","저조"
"SO_1282","선재도","2029-01-10 00:00","730","저조"
"SO_1282","선재도","2029-01-10 00:00","212","고조"
"SO_1282","선재도","2029-01-09 00:00","738","저조"
"SO_1282","선재도","2029-01-09 00:00","164","고조"
"SO_1282","선재도","2029-01-09 00:00","766","저조"
"SO_1282","선재도","2029-01-09 00:00","109","고조"
"SO_1282","선재도","2029-01-10 00:00","134","고조"
"SO_1282","선재도","2029-01-10 00:00","663","저조"
"SO_1282","선재도","2029-01-10 00:00","730","저조"
"SO_1282","선재도","2029-01-10 00:00","212","고조"
"SO_1282","선재도","2029-01-09 00:00","738","저조"
"SO_1282","선재도","2029-01-09 00:00","164","고조"
"SO_1282","선재도","2029-01-09 00:00","766","저조"
"SO_1282","선재도","2029-01-09 00:00","109","고조"
"SO_1282","선재도","2029-01-10 00:00","134","고조"
"SO_1282","선재도","2029-01-10 00:00","663","저조"
"SO_1282","선재도","2029-01-10 00:00","730","저조"
"SO_1282","선재도","2029-01-10 00:00","212","고조"
"SO_1282","선재도","2029-01-09 00:00","738","저조"
"SO_1282","선재도","2029-01-09 00:00","164","고조"
"SO_1282","선재도","2029-01-09 00:00","766","저조"
"SO_1282","선재도","2029-01-09 00:00","109","고조"
"SO_1282","선재도","2029-01-10 00:00","134","고조"
"SO_1282","선재도","2029-01-10 00:00","663","저조"
"SO_1282","선재도","2029-01-10 00:00","730","저조"
"SO_1282","선재도","2029-01-10 00:00","212","고조"
"SO_1282","선재도","2029-01-09 00:00","738","저조"
"SO_1282","선재도","2029-01-09 00:00","164","고조"
"SO_1282","선재도","2029-01-09 00:00","766","저조"
"SO_1282","선재도","2029-01-09 00:00","109","고조"
"SO_1282","선재도","2029-01-10 00:00","134","고조"
"SO_1282","선재도","2029-01-10 00:00","663","저조"
"SO_1282","선재도","2029-01-10 00:00","730","저조"
"SO_1282","선재도","2029-01-10 00:00","212","고조"
"SO_1282","선재도","2029-01-09 00:00","738","저조"
"SO_1282","선재도","2029-01-09 00:00","164","고조"
"SO_1282","선재도","2029-01-09 00:00","766","저조"
"SO_1282","선재도","2029-01-09 00:00","109","고조"
"SO_1282","선재도","2029-01-10 00:00","134","고조"
"SO_1282","선재도","2029-01-10 00:00","663","저조"
"SO_1282","선재도","2029-01-10 00:00","730","저조"
"SO_1282","선재도","2029-01-10 00:00","212","고조"
"SO_1282","선재도","2029-01-09 00:00","738","저조"
"SO_1282","선재도","2029-01-09 00:00","164","고조"
"SO_1282","선재도","2029-01-09 00:00","766","저조"
"SO_1282","선재도","2029-01-09 00:00","109","고조"
"SO_1282","선재도","2029-01-10 00:00","134","고조"
"SO_1282","선재도","2029-01-10 00:00","663","저조"
"SO_1282","선재도","2029-01-10 00:00","730","저조"
"SO_1282","선재도","2029-01-10 00:00","212","고조"
"SO_1282","선재도","2029-01-09 00:00","738","저조"
"SO_1282","선재도","2029-01-09 00:00","164","고조"
"SO_1282","선재도","2029-01-09 00:00","766","저조"
"SO_1282","선재도","2029-01-09 00:00","109","고조"
"SO_1282","선재도","2029-01-10 00:00","134","고조"
"SO_1282","선재도","2029-01-10 00:00","663","저조"
"SO_1282","선재도","2029-01-10 00:00","730","저조"
"SO_1282","선재도","2029-01-10 00:00","212","고조"
"SO_1282","선재도","2029-01-09 00:00","738","저조"
"SO_1282","선재도","2029-01-09 00:00","164","고조"
"SO_1282","선재도","2029-01-09 00:00","766","저조"
"SO_1282","선재도","2029-01-09 00:00","109","고조"
"SO_1282","선재도","2029-01-10 00:00","134","고조"
"SO_1282","선재도","2029-01-10 00:00","663","저조"
"SO_1282","선재도","2029-01-10 00:00","730","저조"
"SO_1282","선재도","2029-01-10 00:00","212","고조"
"SO_1282","선재도","2029-01-09 00:00","738","저조"
"SO_1282","선재도","2029-01-09 00:00","164","고조"
"SO_1282","선재도","2029-01-09 00:00","766","저조"
"SO_1282","선재도","2029-01-09 00:00","109","고조"
"SO_1282","선재도","2029-01-10 00:00","134","고조"
"SO_1282","선재도","2029-01-10 00:00","663","저조"
"SO_1282","선재도","2029-01-10 00:00","730","저조"
"SO_1282","선재도","2029-01-10 00:00","212","고조"
"SO_1282","선재도","2029-01-09 00:00","738","저조"
"SO_1282","선재도","2029-01-09 00:00","164","고조"
"SO_1282","선재도","2029-01-09 00:00","766","저조"
"SO_1282","선재도","2029-01-09 00:00","109","고조"
"SO_1282","선재도","2029-01-10 00:00","134","고조"
"SO_1282","선재도","2029-01-10 00:00","663","저조"
"SO_1282","선재도","2029-01-10 00:00","730","저조"
"SO_1282","선재도","2029-01-10 00:00","212","고조"
"SO_1282","선재도","2029-01-09 00:00","738","저조"
"SO_1282","선재도","2029-01-09 00:00","164","고조"
"SO_1282","선재도","2029-01-09 00:00","766","저조"
"SO_1282","선재도","2029-01-09 00:00","109","고조"
"SO_1282","선재도","2029-01-10 00:00","134","고조"
"SO_1282","선재도","2029-01-10 00:00","663","저조"
"SO_1282","선재도","2029-01-10 00:00","730","저조"
"SO_1282","선재도","2029-01-10 00:00","212","고조"
"SO_1282","선재도","2029-01-09 00:00","738","저조"
"SO_1282","선재도","2029-01-09 00:00","164","고조"
"SO_1282","선재도","2029-01-09 00:00","766","저조"
"SO_1282","선재도","2029-01-09 00:00","109","고조"
"SO_1282","선재도","2029-01-10 00:00","134","고조"
"SO_1282","선재도","2029-01-10 00:00","663","저조"
"SO_1282","선재도","2029-01-10 00:00","730","저조"
"SO_1282","선재도","2029-01-10 00:00","212","고조"
"SO_1282","선재도","2029-01-09 00:00","738","저조"
"SO_1282","선재도","2029-01-09 00:00","164","고조"
"SO_1282","선재도","2029-01-09 00:00","766","저조"
"SO_1282","선재도","2029-01-09 00:00","109","고조"
"SO_1282","선재도","2029-01-10 00:00","134","고조"
"SO_1282","선재도","2029-01-10 00:00","663","저조"
"SO_1282","선재도","2029-01-10 00:00","730","저조"
"SO_1282","선재도","2029-01-10 00:00","212","고조"
"SO_1282","선재도","2029-01-09 00:00","738","저조"
"SO_1282","선재도","2029-01-09 00:00","164","고조"
"SO_1282","선재도","2029-01-09 00:00","766","저조"
"SO_1282","선재도","2029-01-09 00:00","109","고조"
"SO_1282","선재도","2029-01-10 00:00","134","고조"
"SO_1282","선재도","2029-01-10 00:00","663","저조"
"SO_1282","선재도","2029-01-10 00:00","730","저조"
"SO_1282","선재도","2029-01-10 00:00","212","고조"
"SO_1282","선재도","2029-01-09 00:00","738","저조"
"SO_1282","선재도","2029-01-09 00:00","164","고조"
"SO_1282","선재도","2029-01-09 00:00","766","저조"
"SO_1282","선재도","2029-01-09 00:00","109","고조"
"SO_1282","선재도","2029-01-10 00:00","134","고조"
"SO_1282","선재도","2029-01-10 00:00","663","저조"
"SO_1282","선재도","2029-01-10 00:00","730","저조"
"SO_1282","선재도","2029-01-10 00:00","212","고조"
"SO_1282","선재도","2029-01-09 00:00","738","저조"
"SO_1282","선재도","2029-01-09 00:00","164","고조"
"SO_1282","선재도","2029-01-09 00:00","766","저조"
"SO_1282","선재도","2029-01-09 00:00","109","고조"
"SO_1282","선재도","2029-01-10 00:00","134","고조"
"SO_1282","선재도","2029-01-10 00:00","663","저조"
"SO_1282","선재도","2029-01-10 00:00","730","저조"
"SO_1282","선재도","2029-01-10 00:00","212","고조"
"SO_1282","선재도","2029-01-09 00:00","738","저조"
"SO_1282","선재도","2029-01-09 00:00","164","고조"
"SO_1282","선재도","2029-01-09 00:00","766","저조"
"SO_1282","선재도","2029-01-09 00:00","109","고조"
"SO_1282","선재도","2029-01-10 00:00","134","고조"
"SO_1282","선재도","2029-01-10 00:00","663","저조"
"SO_1282","선재도","2029-01-10 00:00","730","저조"
"SO_1282","선재도","2029-01-10 00:00","212","고조"
"SO_1282","선재도","2029-01-09 00:00","738","저조"
"SO_1282","선재도","2029-01-09 00:00","164","고조"
"SO_1282","선재도","2029-01-09 00:00","766","저조"
"SO_1282","선재도","2029-01-09 00:00","109","고조"
"SO_1282","선재도","2029-01-10 00:00","134","고조"
"SO_1282","선재도","2029-01-10 00:00","663","저조"
"SO_1282","선재도","2029-01-10 00:00","730","저조"
"SO_1282","선재도","2029-01-10 00:00","212","고조"
"SO_1282","선재도","2029-01-09 00:00","738","저조"
"SO_1282","선재도","2029-01-09 00:00","164","고조"
"SO_1282","선재도","2029-01-09 00:00","766","저조"
"SO_1282","선재도","2029-01-09 00:00","109","고조"
"SO_1282","선재도","2029-01-10 00:00","134","고조"
"SO_1282","선재도","2029-01-10 00:00","663","저조"
"SO_1282","선재도","2029-01-10 00:00","730","저조"
"SO_1282","선재도","2029-01-10 00:00","212","고조"
"SO_1282","선재도","2029-01-09 00:00","738","저조"
"SO_1282","선재도","2029-01-09 00:00","164","고조"
"SO_1282","선재도","2029-01-09 00:00","766","저조"
"SO_1282","선재도","2029-01-09 00:00","109","고조"
"SO_1282","선재도","2029-01-10 00:00","134","고조"
"SO_1282","선재도","2029-01-10 00:00","663","저조"
"SO_1282","선재도","2029-01-10 00:00","730","저조"
"SO_1282","선재도","2029-01-10 00:00","212","고조"
"SO_1282","선재도","2029-01-09 00:00","738","저조"
"SO_1282","선재도","2029-01-09 00:00","164","고조"
"SO_1282","선재도","2029-01-09 00:00","766","저조"
"SO_1282","선재도","2029-01-09 00:00","109","고조"
"SO_1282","선재도","2029-01-10 00:00","134","고조"
"SO_1282","선재도","2029-01-10 00:00","663","저조"
"SO_1282","선재도","2029-01-10 00:00","730","저조"
"SO_1282","선재도","2029-01-10 00:00","212","고조"
"SO_1282","선재도","2029-01-09 00:00","738","저조"
"SO_1282","선재도","2029-01-09 00:00","164","고조"
"SO_1282","선재도","2029-01-09 00:00","766","저조"
"SO_1282","선재도","2029-01-09 00:00","109","고조"
"SO_1282","선재도","2029-01-10 00:00","134","고조"
"SO_1282","선재도","2029-01-10 00:00","663","저조"
"SO_1282","선재도","2029-01-10 00:00","730","저조"
"SO_1282","선재도","2029-01-10 00:00","212","고조"
"SO_1282","선재도","2029-01-09 00:00","738","저조"
"SO_1282","선재도","2029-01-09 00:00","164","고조"
"SO_1282","선재도","2029-01-09 00:00","766","저조"
"SO_1282","선재도","2029-01-09 00:00","109","고조"
"SO_1282","선재도","2029-01-10 00:00","134","고조"
"SO_1282","선재도","2029-01-10 00:00","663","저조"
"SO_1282","선재도","2029-01-10 00:00","730","저조"
"SO_1282","선재도","2029-01-10 00:00","212","고조"
"SO_1282","선재도","2029-01-09 00:00","738","저조"
"SO_1282","선재도","2029-01-09 00:00","164","고조"
"SO_1282","선재도","2029-01-09 00:00","766","저조"
"SO_1282","선재도","2029-01-09 00:00","109","고조"
"SO_1282","선재도","2029-01-10 00:00","134","고조"
"SO_1282","선재도","2029-01-10 00:00","663","저조"
"SO_1282","선재도","2029-01-10 00:00","730","저조"
"SO_1282","선재도","2029-01-10 00:00","212","고조"
"SO_1282","선재도","2029-01-09 00:00","738","저조"
"SO_1282","선재도","2029-01-09 00:00","164","고조"
"SO_1282","선재도","2029-01-09 00:00","766","저조"
"SO_1282","선재도","2029-01-09 00:00","109","고조"
"SO_1282","선재도","2029-01-10 00:00","134","고조"
"SO_1282","선재도","2029-01-10 00:00","663","저조"
"SO_1282","선재도","2029-01-10 00:00","730","저조"
"SO_1282","선재도","2029-01-10 00:00","212","고조"
"SO_1282","선재도","2029-01-09 00:00","738","저조"
"SO_1282","선재도","2029-01-09 00:00","164","고조"
"SO_1282","선재도","2029-01-09 00:00","766","저조"
"SO_1282","선재도","2029-01-09 00:00","109","고조"
"SO_1282","선재도","2029-01-10 00:00","134","고조"
"SO_1282","선재도","2029-01-10 00:00","663","저조"
"SO_1282","선재도","2029-01-10 00:00","730","저조"
"SO_1282","선재도","2029-01-10 00:00","212","고조"
"SO_1282","선재도","2029-01-09 00:00","738","저조"
"SO_1282","선재도","2029-01-09 00:00","164","고조"
"SO_1282","선재도","2029-01-09 00:00","766","저조"
"SO_1282","선재도","2029-01-09 00:00","109","고조"
"SO_1282","선재도","2029-01-10 00:00","134","고조"
"SO_1282","선재도","2029-01-10 00:00","663","저조"
"SO_1282","선재도","2029-01-10 00:00","730","저조"
"SO_1282","선재도","2029-01-10 00:00","212","고조"
"SO_1282","선재도","2029-01-09 00:00","738","저조"
"SO_1282","선재도","2029-01-09 00:00","164","고조"
"SO_1282","선재도","2029-01-09 00:00","766","저조"
"SO_1282","선재도","2029-01-09 00:00","109","고조"
"SO_1282","선재도","2029-01-10 00:00","134","고조"
"SO_1282","선재도","2029-01-10 00:00","663","저조"
"SO_1282","선재도","2029-01-10 00:00","730","저조"
"SO_1282","선재도","2029-01-10 00:00","212","고조"
"SO_1282","선재도","2029-01-09 00:00","738","저조"
"SO_1282","선재도","2029-01-09 00:00","164","고조"
"SO_1282","선재도","2029-01-09 00:00","766","저조"
"SO_1282","선재도","2029-01-09 00:00","109","고조"
"SO_1282","선재도","2029-01-10 00:00","134","고조"
"SO_1282","선재도","2029-01-10 00:00","663","저조"
"SO_1282","선재도","2029-01-10 00:00","730","저조"
"SO_1282","선재도","2029-01-10 00:00","212","고조"
"SO_1282","선재도","2029-01-09 00:00","738","저조"
"SO_1282","선재도","2029-01-09 00:00","164","고조"
"SO_1282","선재도","2029-01-09 00:00","766","저조"
"SO_1282","선재도","2029-01-09 00:00","109","고조"
"SO_1282","선재도","2029-01-10 00:00","134","고조"
"SO_1282","선재도","2029-01-10 00:00","663","저조"
"SO_1282","선재도","2029-01-10 00:00","730","저조"
"SO_1282","선재도","2029-01-10 00:00","212","고조"
"SO_1282","선재도","2029-01-09 00:00","738","저조"
"SO_1282","선재도","2029-01-09 00:00","164","고조"
"SO_1282","선재도","2029-01-09 00:00","766","저조"
"SO_1282","선재도","2029-01-09 00:00","109","고조"
"SO_1282","선재도","2029-01-10 00:00","134","고조"
"SO_1282","선재도","2029-01-10 00:00","663","저조"
"SO_1282","선재도","2029-01-10 00:00","730","저조"
"SO_1282","선재도","2029-01-10 00:00","212","고조"
"SO_1282","선재도","2029-01-09 00:00","738","저조"
"SO_1282","선재도","2029-01-09 00:00","164","고조"
"SO_1282","선재도","2029-01-09 00:00","766","저조"
"SO_1282","선재도","2029-01-09 00:00","109","고조"
"SO_1282","선재도","2029-01-10 00:00","134","고조"
"SO_1282","선재도","2029-01-10 00:00","663","저조"
"SO_1282","선재도","2029-01-10 00:00","730","저조"
"SO_1282","선재도","2029-01-10 00:00","212","고조"
"SO_1282","선재도","2029-01-09 00:00","738","저조"
"SO_1282","선재도","2029-01-09 00:00","164","고조"
"SO_1282","선재도","2029-01-09 00:00","766","저조"
"SO_1282","선재도","2029-01-09 00:00","109","고조"
"SO_1282","선재도","2029-01-10 00:00","134","고조"
"SO_1282","선재도","2029-01-10 00:00","663","저조"
"SO_1282","선재도","2029-01-10 00:00","730","저조"
"SO_1282","선재도","2029-01-10 00:00","212","고조"
"SO_1282","선재도","2029-01-09 00:00","738","저조"
"SO_1282","선재도","2029-01-09 00:00","164","고조"
"SO_1282","선재도","2029-01-09 00:00","766","저조"
"SO_1282","선재도","2029-01-09 00:00","109","고조"
"SO_1282","선재도","2029-01-10 00:00","134","고조"
"SO_1282","선재도","2029-01-10 00:00","663","저조"
"SO_1282","선재도","2029-01-10 00:00","730","저조"
"SO_1282","선재도","2029-01-10 00:00","212","고조"
"SO_1282","선재도","2029-01-09 00:00","738","저조"
"SO_1282","선재도","2029-01-09 00:00","164","고조"
"SO_1282","선재도","2029-01-09 00:00","766","저조"
"SO_1282","선재도","2029-01-09 00:00","109","고조"
"SO_1282","선재도","2029-01-10 00:00","134","고조"
"SO_1282","선재도","2029-01-10 00:00","663","저조"
"SO_1282","선재도","2029-01-10 00:00","730","저조"
"SO_1282","선재도","2029-01-10 00:00","212","고조"
"SO_1282","선재도","2029-01-09 00:00","738","저조"
"SO_1282","선재도","2029-01-09 00:00","164","고조"
"SO_1282","선재도","2029-01-09 00:00","766","저조"
"SO_1282","선재도","2029-01-09 00:00","109","고조"
"SO_1282","선재도","2029-01-10 00:00","134","고조"
"SO_1282","선재도","2029-01-10 00:00","663","저조"
"SO_1282","선재도","2029-01-10 00:00","730","저조"
"SO_1282","선재도","2029-01-10 00:00","212","고조"
"SO_1282","선재도","2029-01-09 00:00","738","저조"
"SO_1282","선재도","2029-01-09 00:00","164","고조"
"SO_1282","선재도","2029-01-09 00:00","766","저조"
"SO_1282","선재도","2029-01-09 00:00","109","고조"
"SO_1282","선재도","2029-01-10 00:00","134","고조"
"SO_1282","선재도","2029-01-10 00:00","663","저조"
"SO_1282","선재도","2029-01-10 00:00","730","저조"
"SO_1282","선재도","2029-01-10 00:00","212","고조"
"SO_1282","선재도","2029-01-09 00:00","738","저조"
"SO_1282","선재도","2029-01-09 00:00","164","고조"
"SO_1282","선재도","2029-01-09 00:00","766","저조"
"SO_1282","선재도","2029-01-09 00:00","109","고조"
"SO_1282","선재도","2029-01-10 00:00","134","고조"
"SO_1282","선재도","2029-01-10 00:00","663","저조"
"SO_1282","선재도","2029-01-10 00:00","730","저조"
"SO_1282","선재도","2029-01-10 00:00","212","고조"
"SO_1282","선재도","2029-01-09 00:00","738","저조"
"SO_1282","선재도","2029-01-09 00:00","164","고조"
"SO_1282","선재도","2029-01-09 00:00","766","저조"
"SO_1282","선재도","2029-01-09 00:00","109","고조"
"SO_1282","선재도","2029-01-10 00:00","134","고조"
"SO_1282","선재도","2029-01-10 00:00","663","저조"
"SO_1282","선재도","2029-01-10 00:00","730","저조"
"SO_1282","선재도","2029-01-10 00:00","212","고조"
"SO_1282","선재도","2029-01-09 00:00","738","저조"
"SO_1282","선재도","2029-01-09 00:00","164","고조"
"SO_1282","선재도","2029-01-09 00:00","766","저조"
"SO_1282","선재도","2029-01-09 00:00","109","고조"
"SO_1282","선재도","2029-01-10 00:00","134","고조"
"SO_1282","선재도","2029-01-10 00:00","663","저조"
"SO_1282","선재도","2029-01-10 00:00","730","저조"
"SO_1282","선재도","2029-01-10 00:00","212","고조"
"SO_1282","선재도","2029-01-09 00:00","738","저조"
"SO_1282","선재도","2029-01-09 00:00","164","고조"
"SO_1282","선재도","2029-01-09 00:00","766","저조"
"SO_1282","선재도","2029-01-09 00:00","109","고조"
"SO_1282","선재도","2029-01-10 00:00","134","고조"
"SO_1282","선재도","2029-01-10 00:00","663","저조"
"SO_1282","선재도","2029-01-10 00:00","730","저조"
"SO_1282","선재도","2029-01-10 00:00","212","고조"
"SO_1282","선재도","2029-01-09 00:00","738","저조"
"SO_1282","선재도","2029-01-09 00:00","164","고조"
"SO_1282","선재도","2029-01-09 00:00","766","저조"
"SO_1282","선재도","2029-01-09 00:00","109","고조"
"SO_1282","선재도","2029-01-10 00:00","134","고조"
"SO_1282","선재도","2029-01-10 00:00","663","저조"
"SO_1282","선재도","2029-01-10 00:00","730","저조"
"SO_1282","선재도","2029-01-10 00:00","212","고조"
"SO_1282","선재도","2029-01-09 00:00","738","저조"
"SO_1282","선재도","2029-01-09 00:00","164","고조"
"SO_1282","선재도","2029-01-09 00:00","766","저조"
"SO_1282","선재도","2029-01-09 00:00","109","고조"
"SO_1282","선재도","2029-01-10 00:00","134","고조"
"SO_1282","선재도","2029-01-10 00:00","663","저조"
"SO_1282","선재도","2029-01-10 00:00","730","저조"
"SO_1282","선재도","2029-01-10 00:00","212","고조"
"SO_1282","선재도","2029-01-09 00:00","738","저조"
"SO_1282","선재도","2029-01-09 00:00","164","고조"
"SO_1282","선재도","2029-01-09 00:00","766","저조"
"SO_1282","선재도","2029-01-09 00:00","109","고조"
"SO_1282","선재도","2029-01-10 00:00","134","고조"
"SO_1282","선재도","2029-01-10 00:00","663","저조"
"SO_1282","선재도","2029-01-10 00:00","730","저조"
"SO_1282","선재도","2029-01-10 00:00","212","고조"
"SO_1282","선재도","2029-01-09 00:00","738","저조"
"SO_1282","선재도","2029-01-09 00:00","164","고조"
"SO_1282","선재도","2029-01-09 00:00","766","저조"
"SO_1282","선재도","2029-01-09 00:00","109","고조"
"SO_1282","선재도","2029-01-10 00:00","134","고조"
"SO_1282","선재도","2029-01-10 00:00","663","저조"
"SO_1282","선재도","2029-01-10 00:00","730","저조"
"SO_1282","선재도","2029-01-10 00:00","212","고조"
"SO_1282","선재도","2029-01-09 00:00","738","저조"
"SO_1282","선재도","2029-01-09 00:00","164","고조"
"SO_1282","선재도","2029-01-09 00:00","766","저조"
"SO_1282","선재도","2029-01-09 00:00","109","고조"
"SO_1282","선재도","2029-01-10 00:00","134","고조"
"SO_1282","선재도","2029-01-10 00:00","663","저조"
"SO_1282","선재도","2029-01-10 00:00","730","저조"
"SO_1282","선재도","2029-01-10 00:00","212","고조"
"SO_1282","선재도","2029-01-09 00:00","738","저조"
"SO_1282","선재도","2029-01-09 00:00","164","고조"
"SO_1282","선재도","2029-01-09 00:00","766","저조"
"SO_1282","선재도","2029-01-09 00:00","109","고조"
"SO_1282","선재도","2029-01-10 00:00","134","고조"
"SO_1282","선재도","2029-01-10 00:00","663","저조"
"SO_1282","선재도","2029-01-10 00:00","730","저조"
"SO_1282","선재도","2029-01-10 00:00","212","고조"
"SO_1282","선재도","2029-01-09 00:00","738","저조"
"SO_1282","선재도","2029-01-09 00:00","164","고조"
"SO_1282","선재도","2029-01-09 00:00","766","저조"
"SO_1282","선재도","2029-01-09 00:00","109","고조"
"SO_1282","선재도","2029-01-10 00:00","134","고조"
"SO_1282","선재도","2029-01-10 00:00","663","저조"
"SO_1282","선재도","2029-01-10 00:00","730","저조"
"SO_1282","선재도","2029-01-10 00:00","212","고조"
"SO_1282","선재도","2029-01-09 00:00","738","저조"
"SO_1282","선재도","2029-01-09 00:00","164","고조"
"SO_1282","선재도","2029-01-09 00:00","766","저조"
"SO_1282","선재도","2029-01-09 00:00","109","고조"
"SO_1282","선재도","2029-01-10 00:00","134","고조"
"SO_1282","선재도","2029-01-10 00:00","663","저조"
"SO_1282","선재도","2029-01-10 00:00","730","저조"
"SO_1282","선재도","2029-01-10 00:00","212","고조"
"SO_1282","선재도","2029-01-09 00:00","738","저조"
"SO_1282","선재도","2029-01-09 00:00","164","고조"
"SO_1282","선재도","2029-01-09 00:00","766","저조"
"SO_1282","선재도","2029-01-09 00:00","109","고조"
"SO_1282","선재도","2029-01-10 00:00","134","고조"
"SO_1282","선재도","2029-01-10 00:00","663","저조"
"SO_1282","선재도","2029-01-10 00:00","730","저조"
"SO_1282","선재도","2029-01-10 00:00","212","고조"
"SO_1282","선재도","2029-01-09 00:00","738","저조"
"SO_1282","선재도","2029-01-09 00:00","164","고조"
"SO_1282","선재도","2029-01-09 00:00","766","저조"
"SO_1282","선재도","2029-01-09 00:00","109","고조"
"SO_1282","선재도","2029-01-10 00:00","134","고조"
"SO_1282","선재도","2029-01-10 00:00","663","저조"
"SO_1282","선재도","2029-01-10 00:00","730","저조"
"SO_1282","선재도","2029-01-10 00:00","212","고조"
"SO_1282","선재도","2029-01-09 00:00","738","저조"
"SO_1282","선재도","2029-01-09 00:00","164","고조"
"SO_1282","선재도","2029-01-09 00:00","766","저조"
"SO_1282","선재도","2029-01-09 00:00","109","고조"
"SO_1282","선재도","2029-01-10 00:00","134","고조"
"SO_1282","선재도","2029-01-10 00:00","663","저조"
"SO_1282","선재도","2029-01-10 00:00","730","저조"
"SO_1282","선재도","2029-01-10 00:00","212","고조"
"SO_1282","선재도","2029-01-09 00:00","738","저조"
"SO_1282","선재도","2029-01-09 00:00","164","고조"
"SO_1282","선재도","2029-01-09 00:00","766","저조"
"SO_1282","선재도","2029-01-09 00:00","109","고조"
"SO_1282","선재도","2029-01-10 00:00","134","고조"
"SO_1282","선재도","2029-01-10 00:00","663","저조"
"SO_1282","선재도","2029-01-10 00:00","730","저조"
"SO_1282","선재도","2029-01-10 00:00","212","고조"
"SO_1282","선재도","2029-01-09 00:00","738","저조"
"SO_1282","선재도","2029-01-09 00:00","164","고조"
"SO_1282","선재도","2029-01-09 00:00","766","저조"
"SO_1282","선재도","2029-01-09 00:00","109","고조"
"SO_1282","선재도","2029-01-10 00:00","134","고조"
"SO_1282","선재도","2029-01-10 00:00","663","저조"
"SO_1282","선재도","2029-01-10 00:00","730","저조"
"SO_1282","선재도","2029-01-10 00:00","212","고조"
"SO_1282","선재도","2029-01-09 00:00","738","저조"
"SO_1282","선재도","2029-01-09 00:00","164","고조"
"SO_1282","선재도","2029-01-09 00:00","766","저조"
"SO_1282","선재도","2029-01-09 00:00","109","고조"
"SO_1282","선재도","2029-01-10 00:00","134","고조"
"SO_1282","선재도","2029-01-10 00:00","663","저조"
"SO_1282","선재도","2029-01-10 00:00","730","저조"
"SO_1282","선재도","2029-01-10 00:00","212","고조"
"SO_1282","선재도","2029-01-09 00:00","738","저조"
"SO_1282","선재도","2029-01-09 00:00","164","고조"
"SO_1282","선재도","2029-01-09 00:00","766","저조"
"SO_1282","선재도","2029-01-09 00:00","109","고조"
"SO_1282","선재도","2029-01-10 00:00","134","고조"
"SO_1282","선재도","2029-01-10 00:00","663","저조"
"SO_1282","선재도","2029-01-10 00:00","730","저조"
"SO_1282","선재도","2029-01-10 00:00","212","고조"
"SO_1282","선재도","2029-01-09 00:00","738","저조"
"SO_1282","선재도","2029-01-09 00:00","164","고조"
"SO_1282","선재도","2029-01-09 00:00","766","저조"
"SO_1282","선재도","2029-01-09 00:00","109","고조"
"SO_1282","선재도","2029-01-10 00:00","134","고조"
"SO_1282","선재도","2029-01-10 00:00","663","저조"
"SO_1282","선재도","2029-01-10 00:00","730","저조"
"SO_1282","선재도","2029-01-10 00:00","212","고조"
"SO_1282","선재도","2029-01-09 00:00","738","저조"
"SO_1282","선재도","2029-01-09 00:00","164","고조"
"SO_1282","선재도","2029-01-09 00:00","766","저조"
"SO_1282","선재도","2029-01-09 00:00","109","고조"
"SO_1282","선재도","2029-01-10 00:00","134","고조"
"SO_1282","선재도","2029-01-10 00:00","663","저조"
"SO_1282","선재도","2029-01-10 00:00","730","저조"
"SO_1282","선재도","2029-01-10 00:00","212","고조"
"SO_1282","선재도","2029-01-09 00:00","738","저조"
"SO_1282","선재도","2029-01-09 00:00","164","고조"
"SO_1282","선재도","2029-01-09 00:00","766","저조"
"SO_1282","선재도","2029-01-09 00:00","109","고조"
"SO_1282","선재도","2029-01-10 00:00","134","고조"
"SO_1282","선재도","2029-01-10 00:00","663","저조"
"SO_1282","선재도","2029-01-10 00:00","730","저조"
"SO_1282","선재도","2029-01-10 00:00","212","고조"
"SO_1282","선재도","2029-01-09 00:00","738","저조"
"SO_1282","선재도","2029-01-09 00:00","164","고조"
"SO_1282","선재도","2029-01-09 00:00","766","저조"
"SO_1282","선재도","2029-01-09 00:00","109","고조"
"SO_1282","선재도","2029-01-10 00:00","134","고조"
"SO_1282","선재도","2029-01-10 00:00","663","저조"
"SO_1282","선재도","2029-01-10 00:00","730","저조"
"SO_1282","선재도","2029-01-10 00:00","212","고조"
"SO_1282","선재도","2029-01-09 00:00","738","저조"
"SO_1282","선재도","2029-01-09 00:00","164","고조"
"SO_1282","선재도","2029-01-09 00:00","766","저조"
"SO_1282","선재도","2029-01-09 00:00","109","고조"
"SO_1282","선재도","2029-01-10 00:00","134","고조"
"SO_1282","선재도","2029-01-10 00:00","663","저조"
"SO_1282","선재도","2029-01-10 00:00","730","저조"
"SO_1282","선재도","2029-01-10 00:00","212","고조"
"SO_1282","선재도","2029-01-09 00:00","738","저조"
"SO_1282","선재도","2029-01-09 00:00","164","고조"
"SO_1282","선재도","2029-01-09 00:00","766","저조"
"SO_1282","선재도","2029-01-09 00:00","109","고조"
"SO_1282","선재도","2029-01-10 00:00","134","고조"
"SO_1282","선재도","2029-01-10 00:00","663","저조"
"SO_1282","선재도","2029-01-10 00:00","730","저조"
"SO_1282","선재도","2029-01-10 00:00","212","고조"
"SO_1282","선재도","2029-01-09 00:00","738","저조"
"SO_1282","선재도","2029-01-09 00:00","164","고조"
"SO_1282","선재도","2029-01-09 00:00","766","저조"
"SO_1282","선재도","2029-01-09 00:00","109","고조"
"SO_1282","선재도","2029-01-10 00:00","134","고조"
"SO_1282","선재도","2029-01-10 00:00","663","저조"
"SO_1282","선재도","2029-01-10 00:00","730","저조"
"SO_1282","선재도","2029-01-10 00:00","212","고조"
"SO_1282","선재도","2029-01-09 00:00","738","저조"
"SO_1282","선재도","2029-01-09 00:00","164","고조"
"SO_1282","선재도","2029-01-09 00:00","766","저조"
"SO_1282","선재도","2029-01-09 00:00","109","고조"
"SO_1282","선재도","2029-01-10 00:00","134","고조"
"SO_1282","선재도","2029-01-10 00:00","663","저조"
"SO_1282","선재도","2029-01-10 00:00","730","저조"
"SO_1282","선재도","2029-01-10 00:00","212","고조"
"SO_1282","선재도","2029-01-09 00:00","738","저조"
"SO_1282","선재도","2029-01-09 00:00","164","고조"
"SO_1282","선재도","2029-01-09 00:00","766","저조"
"SO_1282","선재도","2029-01-09 00:00","109","고조"
"SO_1282","선재도","2029-01-10 00:00","134","고조"
"SO_1282","선재도","2029-01-10 00:00","663","저조"
"SO_1282","선재도","2029-01-10 00:00","730","저조"
"SO_1282","선재도","2029-01-10 00:00","212","고조"
"SO_1282","선재도","2029-01-09 00:00","738","저조"
"SO_1282","선재도","2029-01-09 00:00","164","고조"
"SO_1282","선재도","2029-01-09 00:00","766","저조"
"SO_1282","선재도","2029-01-09 00:00","109","고조"
"SO_1282","선재도","2029-01-10 00:00","134","고조"
"SO_1282","선재도","2029-01-10 00:00","663","저조"
"SO_1282","선재도","2029-01-10 00:00","730","저조"
"SO_1282","선재도","2029-01-10 00:00","212","고조"
"SO_1282","선재도","2029-01-09 00:00","738","저조"
"SO_1282","선재도","2029-01-09 00:00","164","고조"
"SO_1282","선재도","2029-01-09 00:00","766","저조"
"SO_1282","선재도","2029-01-09 00:00","109","고조"
"SO_1282","선재도","2029-01-10 00:00","134","고조"
"SO_1282","선재도","2029-01-10 00:00","663","저조"
"SO_1282","선재도","2029-01-10 00:00","730","저조"
"SO_1282","선재도","2029-01-10 00:00","212","고조"
"SO_1282","선재도","2029-01-09 00:00","738","저조"
"SO_1282","선재도","2029-01-09 00:00","164","고조"
"SO_1282","선재도","2029-01-09 00:00","766","저조"
"SO_1282","선재도","2029-01-09 00:00","109","고조"
"SO_1282","선재도","2029-01-10 00:00","134","고조"
"SO_1282","선재도","2029-01-10 00:00","663","저조"
"SO_1282","선재도","2029-01-10 00:00","730","저조"
"SO_1282","선재도","2029-01-10 00:00","212","고조"
"SO_1282","선재도","2029-01-09 00:00","738","저조"
"SO_1282","선재도","2029-01-09 00:00","164","고조"
"SO_1282","선재도","2029-01-09 00:00","766","저조"
"SO_1282","선재도","2029-01-09 00:00","109","고조"
"SO_1282","선재도","2029-01-10 00:00","134","고조"
"SO_1282","선재도","2029-01-10 00:00","663","저조"
"SO_1282","선재도","2029-01-10 00:00","730","저조"
"SO_1282","선재도","2029-01-10 00:00","212","고조"
"SO_1282","선재도","2029-01-09 00:00","738","저조"
"SO_1282","선재도","2029-01-09 00:00","164","고조"
"SO_1282","선재도","2029-01-09 00:00","766","저조"
"SO_1282","선재도","2029-01-09 00:00","109","고조"
"SO_1282","선재도","2029-01-10 00:00","134","고조"
"SO_1282","선재도","2029-01-10 00:00","663","저조"
"SO_1282","선재도","2029-01-10 00:00","730","저조"
"SO_1282","선재도","2029-01-10 00:00","212","고조"
"SO_1282","선재도","2029-01-09 00:00","738","저조"
"SO_1282","선재도","2029-01-09 00:00","164","고조"
"SO_1282","선재도","2029-01-09 00:00","766","저조"
"SO_1282","선재도","2029-01-09 00:00","109","고조"
"SO_1282","선재도","2029-01-10 00:00","134","고조"
"SO_1282","선재도","2029-01-10 00:00","663","저조"
"SO_1282","선재도","2029-01-10 00:00","730","저조"
"SO_1282","선재도","2029-01-10 00:00","212","고조"
"SO_1282","선재도","2029-01-09 00:00","738","저조"
"SO_1282","선재도","2029-01-09 00:00","164","고조"
"SO_1282","선재도","2029-01-09 00:00","766","저조"
"SO_1282","선재도","2029-01-09 00:00","109","고조"
"SO_1282","선재도","2029-01-10 00:00","134","고조"
"SO_1282","선재도","2029-01-10 00:00","663","저조"
"SO_1282","선재도","2029-01-10 00:00","730","저조"
"SO_1282","선재도","2029-01-10 00:00","212","고조"
"SO_1282","선재도","2029-01-09 00:00","738","저조"
"SO_1282","선재도","2029-01-09 00:00","164","고조"
"SO_1282","선재도","2029-01-09 00:00","766","저조"
"SO_1282","선재도","2029-01-09 00:00","109","고조"
"SO_1282","선재도","2029-01-10 00:00","134","고조"
"SO_1282","선재도","2029-01-10 00:00","663","저조"
"SO_1282","선재도","2029-01-10 00:00","730","저조"
"SO_1282","선재도","2029-01-10 00:00","212","고조"
"SO_1282","선재도","2029-01-09 00:00","738","저조"
"SO_1282","선재도","2029-01-09 00:00","164","고조"
"SO_1282","선재도","2029-01-09 00:00","766","저조"
"SO_1282","선재도","2029-01-09 00:00","109","고조"
"SO_1282","선재도","2029-01-10 00:00","134","고조"
"SO_1282","선재도","2029-01-10 00:00","663","저조"
"SO_1282","선재도","2029-01-10 00:00","730","저조"
"SO_1282","선재도","2029-01-10 00:00","212","고조"
"SO_1282","선재도","2029-01-09 00:00","738","저조"
"SO_1282","선재도","2029-01-09 00:00","164","고조"
"SO_1282","선재도","2029-01-09 00:00","766","저조"
"SO_1282","선재도","2029-01-09 00:00","109","고조"
"SO_1282","선재도","2029-01-10 00:00","134","고조"
"SO_1282","선재도","2029-01-10 00:00","663","저조"
"SO_1282","선재도","2029-01-10 00:00","730","저조"
"SO_1282","선재도","2029-01-10 00:00","212","고조"
"SO_1282","선재도","2029-01-09 00:00","738","저조"
"SO_1282","선재도","2029-01-09 00:00","164","고조"
"SO_1282","선재도","2029-01-09 00:00","766","저조"
"SO_1282","선재도","2029-01-09 00:00","109","고조"
"SO_1282","선재도","2029-01-10 00:00","134","고조"
"SO_1282","선재도","2029-01-10 00:00","663","저조"
"SO_1282","선재도","2029-01-10 00:00","730","저조"
"SO_1282","선재도","2029-01-10 00:00","212","고조"
"SO_1282","선재도","2029-01-09 00:00","738","저조"
"SO_1282","선재도","2029-01-09 00:00","164","고조"
"SO_1282","선재도","2029-01-09 00:00","766","저조"
"SO_1282","선재도","2029-01-09 00:00","109","고조"
"SO_1282","선재도","2029-01-10 00:00","134","고조"
"SO_1282","선재도","2029-01-10 00:00","663","저조"
"SO_1282","선재도","2029-01-10 00:00","730","저조"
"SO_1282","선재도","2029-01-10 00:00","212","고조"
"SO_1282","선재도","2029-01-09 00:00","738","저조"
"SO_1282","선재도","2029-01-09 00:00","164","고조"
"SO_1282","선재도","2029-01-09 00:00","766","저조"
"SO_1282","선재도","2029-01-09 00:00","109","고조"
"SO_1282","선재도","2029-01-10 00:00","134","고조"
"SO_1282","선재도","2029-01-10 00:00","663","저조"
"SO_1282","선재도","2029-01-10 00:00","730","저조"
"SO_1282","선재도","2029-01-10 00:00","212","고조"
"SO_1282","선재도","2029-01-09 00:00","738","저조"
"SO_1282","선재도","2029-01-09 00:00","164","고조"
"SO_1282","선재도","2029-01-09 00:00","766","저조"
"SO_1282","선재도","2029-01-09 00:00","109","고조"
"SO_1282","선재도","2029-01-10 00:00","134","고조"
"SO_1282","선재도","2029-01-10 00:00","663","저조"
"SO_1282","선재도","2029-01-10 00:00","730","저조"
"SO_1282","선재도","2029-01-10 00:00","212","고조"
"SO_1282","선재도","2029-01-09 00:00","738","저조"
"SO_1282","선재도","2029-01-09 00:00","164","고조"
"SO_1282","선재도","2029-01-09 00:00","766","저조"
"SO_1282","선재도","2029-01-09 00:00","109","고조"
"SO_1282","선재도","2029-01-10 00:00","134","고조"
"SO_1282","선재도","2029-01-10 00:00","663","저조"
"SO_1282","선재도","2029-01-10 00:00","730","저조"
"SO_1282","선재도","2029-01-10 00:00","212","고조"
"SO_1282","선재도","2029-01-09 00:00","738","저조"
"SO_1282","선재도","2029-01-09 00:00","164","고조"
"SO_1282","선재도","2029-01-09 00:00","766","저조"
"SO_1282","선재도","2029-01-09 00:00","109","고조"
"SO_1282","선재도","2029-01-10 00:00","134","고조"
"SO_1282","선재도","2029-01-10 00:00","663","저조"
"SO_1282","선재도","2029-01-10 00:00","730","저조"
"SO_1282","선재도","2029-01-10 00:00","212","고조"
"SO_1282","선재도","2029-01-09 00:00","738","저조"
"SO_1282","선재도","2029-01-09 00:00","164","고조"
"SO_1282","선재도","2029-01-09 00:00","766","저조"
"SO_1282","선재도","2029-01-09 00:00","109","고조"
"SO_1282","선재도","2029-01-10 00:00","134","고조"
"SO_1282","선재도","2029-01-10 00:00","663","저조"
"SO_1282","선재도","2029-01-10 00:00","730","저조"
"SO_1282","선재도","2029-01-10 00:00","212","고조"
"SO_1282","선재도","2029-01-09 00:00","738","저조"
"SO_1282","선재도","2029-01-09 00:00","164","고조"
"SO_1282","선재도","2029-01-09 00:00","766","저조"
"SO_1282","선재도","2029-01-09 00:00","109","고조"
"SO_1282","선재도","2029-01-10 00:00","134","고조"
"SO_1282","선재도","2029-01-10 00:00","663","저조"
"SO_1282","선재도","2029-01-10 00:00","730","저조"
"SO_1282","선재도","2029-01-10 00:00","212","고조"
"SO_1282","선재도","2029-01-09 00:00","738","저조"
"SO_1282","선재도","2029-01-09 00:00","164","고조"
"SO_1282","선재도","2029-01-09 00:00","766","저조"
"SO_1282","선재도","2029-01-09 00:00","109","고조"
"SO_1282","선재도","2029-01-10 00:00","134","고조"
"SO_1282","선재도","2029-01-10 00:00","663","저조"
"SO_1282","선재도","2029-01-10 00:00","730","저조"
"SO_1282","선재도","2029-01-10 00:00","212","고조"
"SO_1282","선재도","2029-01-09 00:00","738","저조"
"SO_1282","선재도","2029-01-09 00:00","164","고조"
"SO_1282","선재도","2029-01-09 00:00","766","저조"
"SO_1282","선재도","2029-01-09 00:00","109","고조"
"SO_1282","선재도","2029-01-10 00:00","134","고조"
"SO_1282","선재도","2029-01-10 00:00","663","저조"
"SO_1282","선재도","2029-01-10 00:00","730","저조"
"SO_1282","선재도","2029-01-10 00:00","212","고조"
"SO_1282","선재도","2029-01-09 00:00","738","저조"
"SO_1282","선재도","2029-01-09 00:00","164","고조"
"SO_1282","선재도","2029-01-09 00:00","766","저조"
"SO_1282","선재도","2029-01-09 00:00","109","고조"
"SO_1282","선재도","2029-01-10 00:00","134","고조"
"SO_1282","선재도","2029-01-10 00:00","663","저조"
"SO_1282","선재도","2029-01-10 00:00","730","저조"
"SO_1282","선재도","2029-01-10 00:00","212","고조"
"SO_1282","선재도","2029-01-09 00:00","738","저조"
"SO_1282","선재도","2029-01-09 00:00","164","고조"
"SO_1282","선재도","2029-01-09 00:00","766","저조"
"SO_1282","선재도","2029-01-09 00:00","109","고조"
"SO_1282","선재도","2029-01-10 00:00","134","고조"
"SO_1282","선재도","2029-01-10 00:00","663","저조"
"SO_1282","선재도","2029-01-10 00:00","730","저조"
"SO_1282","선재도","2029-01-10 00:00","212","고조"
"SO_1282","선재도","2029-01-09 00:00","738","저조"
"SO_1282","선재도","2029-01-09 00:00","164","고조"
"SO_1282","선재도","2029-01-09 00:00","766","저조"
"SO_1282","선재도","2029-01-09 00:00","109","고조"
"SO_1282","선재도","2029-01-10 00:00","134","고조"
"SO_1282","선재도","2029-01-10 00:00","663","저조"
"SO_1282","선재도","2029-01-10 00:00","730","저조"
"SO_1282","선재도","2029-01-10 00:00","212","고조"
"SO_1282","선재도","2029-01-09 00:00","738","저조"
"SO_1282","선재도","2029-01-09 00:00","164","고조"
"SO_1282","선재도","2029-01-09 00:00","766","저조"
"SO_1282","선재도","2029-01-09 00:00","109","고조"
"SO_1282","선재도","2029-01-10 00:00","134","고조"
"SO_1282","선재도","2029-01-10 00:00","663","저조"
"SO_1282","선재도","2029-01-10 00:00","730","저조"
"SO_1282","선재도","2029-01-10 00:00","212","고조"
"SO_1282","선재도","2029-01-09 00:00","738","저조"
"SO_1282","선재도","2029-01-09 00:00","164","고조"
"SO_1282","선재도","2029-01-09 00:00","766","저조"
"SO_1282","선재도","2029-01-09 00:00","109","고조"
"SO_1282","선재도","2029-01-10 00:00","134","고조"
"SO_1282","선재도","2029-01-10 00:00","663","저조"
"SO_1282","선재도","2029-01-10 00:00","730","저조"
"SO_1282","선재도","2029-01-10 00:00","212","고조"
"SO_1282","선재도","2029-01-09 00:00","738","저조"
"SO_1282","선재도","2029-01-09 00:00","164","고조"
"SO_1282","선재도","2029-01-09 00:00","766","저조"
"SO_1282","선재도","2029-01-09 00:00","109","고조"
"SO_1282","선재도","2029-01-10 00:00","134","고조"
"SO_1282","선재도","2029-01-10 00:00","663","저조"
"SO_1282","선재도","2029-01-10 00:00","730","저조"
"SO_1282","선재도","2029-01-10 00:00","212","고조"
"SO_1282","선재도","2029-01-09 00:00","738","저조"
"SO_1282","선재도","2029-01-09 00:00","164","고조"
"SO_1282","선재도","2029-01-09 00:00","766","저조"
"SO_1282","선재도","2029-01-09 00:00","109","고조"
"SO_1282","선재도","2029-01-10 00:00","134","고조"
"SO_1282","선재도","2029-01-10 00:00","663","저조"
"SO_1282","선재도","2029-01-10 00:00","730","저조"
"SO_1282","선재도","2029-01-10 00:00","212","고조"
"SO_1282","선재도","2029-01-09 00:00","738","저조"
"SO_1282","선재도","2029-01-09 00:00","164","고조"
"SO_1282","선재도","2029-01-09 00:00","766","저조"
"SO_1282","선재도","2029-01-09 00:00","109","고조"
"SO_1282","선재도","2029-01-10 00:00","134","고조"
"SO_1282","선재도","2029-01-10 00:00","663","저조"
"SO_1282","선재도","2029-01-10 00:00","730","저조"
"SO_1282","선재도","2029-01-10 00:00","212","고조"
"SO_1282","선재도","2029-01-09 00:00","738","저조"
"SO_1282","선재도","2029-01-09 00:00","164","고조"
"SO_1282","선재도","2029-01-09 00:00","766","저조"
"SO_1282","선재도","2029-01-09 00:00","109","고조"
"SO_1282","선재도","2029-01-10 00:00","134","고조"
"SO_1282","선재도","2029-01-10 00:00","663","저조"
"SO_1282","선재도","2029-01-10 00:00","730","저조"
"SO_1282","선재도","2029-01-10 00:00","212","고조"
"SO_1282","선재도","2029-01-09 00:00","738","저조"
"SO_1282","선재도","2029-01-09 00:00","164","고조"
"SO_1282","선재도","2029-01-09 00:00","766","저조"
"SO_1282","선재도","2029-01-09 00:00","109","고조"
"SO_1282","선재도","2029-01-10 00:00","134","고조"
"SO_1282","선재도","2029-01-10 00:00","663","저조"
"SO_1282","선재도","2029-01-10 00:00","730","저조"
"SO_1282","선재도","2029-01-10 00:00","212","고조"
"SO_1282","선재도","2029-01-09 00:00","738","저조"
"SO_1282","선재도","2029-01-09 00:00","164","고조"
"SO_1282","선재도","2029-01-09 00:00","766","저조"
"SO_1282","선재도","2029-01-09 00:00","109","고조"
"SO_1282","선재도","2029-01-10 00:00","134","고조"
"SO_1282","선재도","2029-01-10 00:00","663","저조"
"SO_1282","선재도","2029-01-10 00:00","730","저조"
"SO_1282","선재도","2029-01-10 00:00","212","고조"
"SO_1282","선재도","2029-01-09 00:00","738","저조"
"SO_1282","선재도","2029-01-09 00:00","164","고조"
"SO_1282","선재도","2029-01-09 00:00","766","저조"
"SO_1282","선재도","2029-01-09 00:00","109","고조"
"SO_1282","선재도","2029-01-10 00:00","134","고조"
"SO_1282","선재도","2029-01-10 00:00","663","저조"
"SO_1282","선재도","2029-01-10 00:00","730","저조"
"SO_1282","선재도","2029-01-10 00:00","212","고조"
"SO_1282","선재도","2029-01-09 00:00","738","저조"
"SO_1282","선재도","2029-01-09 00:00","164","고조"
"SO_1282","선재도","2029-01-09 00:00","766","저조"
"SO_1282","선재도","2029-01-09 00:00","109","고조"
"SO_1282","선재도","2029-01-10 00:00","134","고조"
"SO_1282","선재도","2029-01-10 00:00","663","저조"
"SO_1282","선재도","2029-01-10 00:00","730","저조"
"SO_1282","선재도","2029-01-10 00:00","212","고조"
"SO_1282","선재도","2029-01-09 00:00","738","저조"
"SO_1282","선재도","2029-01-09 00:00","164","고조"
"SO_1282","선재도","2029-01-09 00:00","766","저조"
"SO_1282","선재도","2029-01-09 00:00","109","고조"
"SO_1282","선재도","2029-01-10 00:00","134","고조"
"SO_1282","선재도","2029-01-10 00:00","663","저조"
"SO_1282","선재도","2029-01-10 00:00","730","저조"
"SO_1282","선재도","2029-01-10 00:00","212","고조"
"SO_1282","선재도","2029-01-09 00:00","738","저조"
"SO_1282","선재도","2029-01-09 00:00","164","고조"
"SO_1282","선재도","2029-01-09 00:00","766","저조"
"SO_1282","선재도","2029-01-09 00:00","109","고조"
"SO_1282","선재도","2029-01-10 00:00","134","고조"
"SO_1282","선재도","2029-01-10 00:00","663","저조"
"SO_1282","선재도","2029-01-10 00:00","730","저조"
"SO_1282","선재도","2029-01-10 00:00","212","고조"
"SO_1282","선재도","2029-01-09 00:00","738","저조"
"SO_1282","선재도","2029-01-09 00:00","164","고조"
"SO_1282","선재도","2029-01-09 00:00","766","저조"
"SO_1282","선재도","2029-01-09 00:00","109","고조"
"SO_1282","선재도","2029-01-10 00:00","134","고조"
"SO_1282","선재도","2029-01-10 00:00","663","저조"
"SO_1282","선재도","2029-01-10 00:00","730","저조"
"SO_1282","선재도","2029-01-10 00:00","212","고조"
"SO_1282","선재도","2029-01-09 00:00","738","저조"
"SO_1282","선재도","2029-01-09 00:00","164","고조"
"SO_1282","선재도","2029-01-09 00:00","766","저조"
"SO_1282","선재도","2029-01-09 00:00","109","고조"
"SO_1282","선재도","2029-01-10 00:00","134","고조"
"SO_1282","선재도","2029-01-10 00:00","663","저조"
"SO_1282","선재도","2029-01-10 00:00","730","저조"
"SO_1282","선재도","2029-01-10 00:00","212","고조"
"SO_1282","선재도","2029-01-09 00:00","738","저조"
"SO_1282","선재도","2029-01-09 00:00","164","고조"
"SO_1282","선재도","2029-01-09 00:00","766","저조"
"SO_1282","선재도","2029-01-09 00:00","109","고조"
"SO_1282","선재도","2029-01-10 00:00","134","고조"
"SO_1282","선재도","2029-01-10 00:00","663","저조"
"SO_1282","선재도","2029-01-10 00:00","730","저조"
"SO_1282","선재도","2029-01-10 00:00","212","고조"
"SO_1282","선재도","2029-01-09 00:00","738","저조"
"SO_1282","선재도","2029-01-09 00:00","164","고조"
"SO_1282","선재도","2029-01-09 00:00","766","저조"
"SO_1282","선재도","2029-01-09 00:00","109","고조"
"SO_1282","선재도","2029-01-10 00:00","134","고조"
"SO_1282","선재도","2029-01-10 00:00","663","저조"
"SO_1282","선재도","2029-01-10 00:00","730","저조"
"SO_1282","선재도","2029-01-10 00:00","212","고조"
"SO_1282","선재도","2029-01-09 00:00","738","저조"
"SO_1282","선재도","2029-01-09 00:00","164","고조"
"SO_1282","선재도","2029-01-09 00:00","766","저조"
"SO_1282","선재도","2029-01-09 00:00","109","고조"
"SO_1282","선재도","2029-01-10 00:00","134","고조"
"SO_1282","선재도","2029-01-10 00:00","663","저조"
"SO_1282","선재도","2029-01-10 00:00","730","저조"
"SO_1282","선재도","2029-01-10 00:00","212","고조"
"SO_1282","선재도","2029-01-09 00:00","738","저조"
"SO_1282","선재도","2029-01-09 00:00","164","고조"
"SO_1282","선재도","2029-01-09 00:00","766","저조"
"SO_1282","선재도","2029-01-09 00:00","109","고조"
"SO_1282","선재도","2029-01-10 00:00","134","고조"
"SO_1282","선재도","2029-01-10 00:00","663","저조"
"SO_1282","선재도","2029-01-10 00:00","730","저조"
"SO_1282","선재도","2029-01-10 00:00","212","고조"
"SO_1282","선재도","2029-01-09 00:00","738","저조"
"SO_1282","선재도","2029-01-09 00:00","164","고조"
"SO_1282","선재도","2029-01-09 00:00","766","저조"
"SO_1282","선재도","2029-01-09 00:00","109","고조"
"SO_1282","선재도","2029-01-10 00:00","134","고조"
"SO_1282","선재도","2029-01-10 00:00","663","저조"
"SO_1282","선재도","2029-01-10 00:00","730","저조"
"SO_1282","선재도","2029-01-10 00:00","212","고조"
"SO_1282","선재도","2029-01-09 00:00","738","저조"
"SO_1282","선재도","2029-01-09 00:00","164","고조"
"SO_1282","선재도","2029-01-09 00:00","766","저조"
"SO_1282","선재도","2029-01-09 00:00","109","고조"
"SO_1282","선재도","2029-01-10 00:00","134","고조"
"SO_1282","선재도","2029-01-10 00:00","663","저조"
"SO_1282","선재도","2029-01-10 00:00","730","저조"
"SO_1282","선재도","2029-01-10 00:00","212","고조"
"SO_1282","선재도","2029-01-09 00:00","738","저조"
"SO_1282","선재도","2029-01-09 00:00","164","고조"
"SO_1282","선재도","2029-01-09 00:00","766","저조"
"SO_1282","선재도","2029-01-09 00:00","109","고조"
"SO_1282","선재도","2029-01-10 00:00","134","고조"
"SO_1282","선재도","2029-01-10 00:00","663","저조"
"SO_1282","선재도","2029-01-10 00:00","730","저조"
"SO_1282","선재도","2029-01-10 00:00","212","고조"
"SO_1282","선재도","2029-01-09 00:00","738","저조"
"SO_1282","선재도","2029-01-09 00:00","164","고조"
"SO_1282","선재도","2029-01-09 00:00","766","저조"
"SO_1282","선재도","2029-01-09 00:00","109","고조"
"SO_1282","선재도","2029-01-10 00:00","134","고조"
"SO_1282","선재도","2029-01-10 00:00","663","저조"
"SO_1282","선재도","2029-01-10 00:00","730","저조"
"SO_1282","선재도","2029-01-10 00:00","212","고조"
"SO_1282","선재도","2029-01-09 00:00","738","저조"
"SO_1282","선재도","2029-01-09 00:00","164","고조"
"SO_1282","선재도","2029-01-09 00:00","766","저조"
"SO_1282","선재도","2029-01-09 00:00","109","고조"
"SO_1282","선재도","2029-01-10 00:00","134","고조"
"SO_1282","선재도","2029-01-10 00:00","663","저조"
"SO_1282","선재도","2029-01-10 00:00","730","저조"
"SO_1282","선재도","2029-01-10 00:00","212","고조"
"SO_1282","선재도","2029-01-09 00:00","738","저조"
"SO_1282","선재도","2029-01-09 00:00","164","고조"
"SO_1282","선재도","2029-01-09 00:00","766","저조"
"SO_1282","선재도","2029-01-09 00:00","109","고조"
"SO_1282","선재도","2029-01-10 00:00","134","고조"
"SO_1282","선재도","2029-01-10 00:00","663","저조"
"SO_1282","선재도","2029-01-10 00:00","730","저조"
"SO_1282","선재도","2029-01-10 00:00","212","고조"
"SO_1282","선재도","2029-01-09 00:00","738","저조"
"SO_1282","선재도","2029-01-09 00:00","164","고조"
"SO_1282","선재도","2029-01-09 00:00","766","저조"
"SO_1282","선재도","2029-01-09 00:00","109","고조"
"SO_1282","선재도","2029-01-10 00:00","134","고조"
"SO_1282","선재도","2029-01-10 00:00","663","저조"
"SO_1282","선재도","2029-01-10 00:00","730","저조"
"SO_1282","선재도","2029-01-10 00:00","212","고조"
"SO_1282","선재도","2029-01-09 00:00","738","저조"
"SO_1282","선재도","2029-01-09 00:00","164","고조"
"SO_1282","선재도","2029-01-09 00:00","766","저조"
"SO_1282","선재도","2029-01-09 00:00","109","고조"
"SO_1282","선재도","2029-01-10 00:00","134","고조"
"SO_1282","선재도","2029-01-10 00:00","663","저조"
"SO_1282","선재도","2029-01-10 00:00","730","저조"
"SO_1282","선재도","2029-01-10 00:00","212","고조"
"SO_1282","선재도","2029-01-09 00:00","738","저조"
"SO_1282","선재도","2029-01-09 00:00","164","고조"
"SO_1282","선재도","2029-01-09 00:00","766","저조"
"SO_1282","선재도","2029-01-09 00:00","109","고조"
"SO_1282","선재도","2029-01-10 00:00","134","고조"
"SO_1282","선재도","2029-01-10 00:00","663","저조"
"SO_1282","선재도","2029-01-10 00:00","730","저조"
"SO_1282","선재도","2029-01-10 00:00","212","고조"
"SO_1282","선재도","2029-01-09 00:00","738","저조"
"SO_1282","선재도","2029-01-09 00:00","164","고조"
"SO_1282","선재도","2029-01-09 00:00","766","저조"
"SO_1282","선재도","2029-01-09 00:00","109","고조"
"SO_1282","선재도","2029-01-10 00:00","134","고조"
"SO_1282","선재도","2029-01-10 00:00","663","저조"
"SO_1282","선재도","2029-01-10 00:00","730","저조"
"SO_1282","선재도","2029-01-10 00:00","212","고조"
"SO_1282","선재도","2029-01-09 00:00","738","저조"
"SO_1282","선재도","2029-01-09 00:00","164","고조"
"SO_1282","선재도","2029-01-09 00:00","766","저조"
"SO_1282","선재도","2029-01-09 00:00","109","고조"
"SO_1282","선재도","2029-01-10 00:00","134","고조"
"SO_1282","선재도","2029-01-10 00:00","663","저조"
"SO_1282","선재도","2029-01-10 00:00","730","저조"
"SO_1282","선재도","2029-01-10 00:00","212","고조"
"SO_1282","선재도","2029-01-09 00:00","738","저조"
"SO_1282","선재도","2029-01-09 00:00","164","고조"
"SO_1282","선재도","2029-01-09 00:00","766","저조"
"SO_1282","선재도","2029-01-09 00:00","109","고조"
"SO_1282","선재도","2029-01-10 00:00","134","고조"
"SO_1282","선재도","2029-01-10 00:00","663","저조"
"SO_1282","선재도","2029-01-10 00:00","730","저조"
"SO_1282","선재도","2029-01-10 00:00","212","고조"
"SO_1282","선재도","2029-01-09 00:00","738","저조"
"SO_1282","선재도","2029-01-09 00:00","164","고조"
"SO_1282","선재도","2029-01-09 00:00","766","저조"
"SO_1282","선재도","2029-01-09 00:00","109","고조"
"SO_1282","선재도","2029-01-10 00:00","134","고조"
"SO_1282","선재도","2029-01-10 00:00","663","저조"
"SO_1282","선재도","2029-01-10 00:00","730","저조"
"SO_1282","선재도","2029-01-10 00:00","212","고조"
"SO_1282","선재도","2029-01-09 00:00","738","저조"
"SO_1282","선재도","2029-01-09 00:00","164","고조"
"SO_1282","선재도","2029-01-09 00:00","766","저조"
"SO_1282","선재도","2029-01-09 00:00","109","고조"
"SO_1282","선재도","2029-01-10 00:00","134","고조"
"SO_1282","선재도","2029-01-10 00:00","663","저조"
"SO_1282","선재도","2029-01-10 00:00","730","저조"
"SO_1282","선재도","2029-01-10 00:00","212","고조"
"SO_1282","선재도","2029-01-09 00:00","738","저조"
"SO_1282","선재도","2029-01-09 00:00","164","고조"
"SO_1282","선재도","2029-01-09 00:00","766","저조"
"SO_1282","선재도","2029-01-09 00:00","109","고조"
"SO_1282","선재도","2029-01-10 00:00","134","고조"
"SO_1282","선재도","2029-01-10 00:00","663","저조"
"SO_1282","선재도","2029-01-10 00:00","730","저조"
"SO_1282","선재도","2029-01-10 00:00","212","고조"
"SO_1282","선재도","2029-01-09 00:00","738","저조"
"SO_1282","선재도","2029-01-09 00:00","164","고조"
"SO_1282","선재도","2029-01-09 00:00","766","저조"
"SO_1282","선재도","2029-01-09 00:00","109","고조"
"SO_1282","선재도","2029-01-10 00:00","134","고조"
"SO_1282","선재도","2029-01-10 00:00","663","저조"
"SO_1282","선재도","2029-01-10 00:00","730","저조"
"SO_1282","선재도","2029-01-10 00:00","212","고조"
"SO_1282","선재도","2029-01-09 00:00","738","저조"
"SO_1282","선재도","2029-01-09 00:00","164","고조"
"SO_1282","선재도","2029-01-09 00:00","766","저조"
"SO_1282","선재도","2029-01-09 00:00","109","고조"
"SO_1282","선재도","2029-01-10 00:00","134","고조"
"SO_1282","선재도","2029-01-10 00:00","663","저조"
"SO_1282","선재도","2029-01-10 00:00","730","저조"
"SO_1282","선재도","2029-01-10 00:00","212","고조"
"SO_1282","선재도","2029-01-09 00:00","738","저조"
"SO_1282","선재도","2029-01-09 00:00","164","고조"
"SO_1282","선재도","2029-01-09 00:00","766","저조"
"SO_1282","선재도","2029-01-09 00:00","109","고조"
"SO_1282","선재도","2029-01-10 00:00","134","고조"
"SO_1282","선재도","2029-01-10 00:00","663","저조"
"SO_1282","선재도","2029-01-10 00:00","730","저조"
"SO_1282","선재도","2029-01-10 00:00","212","고조"
"SO_1282","선재도","2029-01-09 00:00","738","저조"
"SO_1282","선재도","2029-01-09 00:00","164","고조"
"SO_1282","선재도","2029-01-09 00:00","766","저조"
"SO_1282","선재도","2029-01-09 00:00","109","고조"
"SO_1282","선재도","2029-01-10 00:00","134","고조"
"SO_1282","선재도","2029-01-10 00:00","663","저조"
"SO_1282","선재도","2029-01-10 00:00","730","저조"
"SO_1282","선재도","2029-01-10 00:00","212","고조"
"SO_1282","선재도","2029-01-09 00:00","738","저조"
"SO_1282","선재도","2029-01-09 00:00","164","고조"
"SO_1282","선재도","2029-01-09 00:00","766","저조"
"SO_1282","선재도","2029-01-09 00:00","109","고조"
"SO_1282","선재도","2029-01-10 00:00","134","고조"
"SO_1282","선재도","2029-01-10 00:00","663","저조"
"SO_1282","선재도","2029-01-10 00:00","730","저조"
"SO_1282","선재도","2029-01-10 00:00","212","고조"
"SO_1282","선재도","2029-01-09 00:00","738","저조"
"SO_1282","선재도","2029-01-09 00:00","164","고조"
"SO_1282","선재도","2029-01-09 00:00","766","저조"
"SO_1282","선재도","2029-01-09 00:00","109","고조"
"SO_1282","선재도","2029-01-10 00:00","134","고조"
"SO_1282","선재도","2029-01-10 00:00","663","저조"
"SO_1282","선재도","2029-01-10 00:00","730","저조"
"SO_1282","선재도","2029-01-10 00:00","212","고조"
"SO_1282","선재도","2029-01-09 00:00","738","저조"
"SO_1282","선재도","2029-01-09 00:00","164","고조"
"SO_1282","선재도","2029-01-09 00:00","766","저조"
"SO_1282","선재도","2029-01-09 00:00","109","고조"
"SO_1282","선재도","2029-01-10 00:00","134","고조"
"SO_1282","선재도","2029-01-10 00:00","663","저조"
"SO_1282","선재도","2029-01-10 00:00","730","저조"
"SO_1282","선재도","2029-01-10 00:00","212","고조"
"SO_1282","선재도","2029-01-09 00:00","738","저조"
"SO_1282","선재도","2029-01-09 00:00","164","고조"
"SO_1282","선재도","2029-01-09 00:00","766","저조"
"SO_1282","선재도","2029-01-09 00:00","109","고조"
"SO_1282","선재도","2029-01-10 00:00","134","고조"
"SO_1282","선재도","2029-01-10 00:00","663","저조"
"SO_1282","선재도","2029-01-10 00:00","730","저조"
"SO_1282","선재도","2029-01-10 00:00","212","고조"
"SO_1282","선재도","2029-01-09 00:00","738","저조"
"SO_1282","선재도","2029-01-09 00:00","164","고조"
"SO_1282","선재도","2029-01-09 00:00","766","저조"
"SO_1282","선재도","2029-01-09 00:00","109","고조"
"SO_1282","선재도","2029-01-10 00:00","134","고조"
"SO_1282","선재도","2029-01-10 00:00","663","저조"
"SO_1282","선재도","2029-01-10 00:00","730","저조"
"SO_1282","선재도","2029-01-10 00:00","212","고조"
"SO_1282","선재도","2029-01-09 00:00","738","저조"
"SO_1282","선재도","2029-01-09 00:00","164","고조"
"SO_1282","선재도","2029-01-09 00:00","766","저조"
"SO_1282","선재도","2029-01-09 00:00","109","고조"
"SO_1282","선재도","2029-01-10 00:00","134","고조"
"SO_1282","선재도","2029-01-10 00:00","663","저조"
"SO_1282","선재도","2029-01-10 00:00","730","저조"
"SO_1282","선재도","2029-01-10 00:00","212","고조"
"SO_1282","선재도","2029-01-09 00:00","738","저조"
"SO_1282","선재도","2029-01-09 00:00","164","고조"
"SO_1282","선재도","2029-01-09 00:00","766","저조"
"SO_1282","선재도","2029-01-09 00:00","109","고조"
"SO_1282","선재도","2029-01-10 00:00","134","고조"
"SO_1282","선재도","2029-01-10 00:00","663","저조"
"SO_1282","선재도","2029-01-10 00:00","730","저조"
"SO_1282","선재도","2029-01-10 00:00","212","고조"
"SO_1282","선재도","2029-01-09 00:00","738","저조"
"SO_1282","선재도","2029-01-09 00:00","164","고조"
"SO_1282","선재도","2029-01-09 00:00","766","저조"
"SO_1282","선재도","2029-01-09 00:00","109","고조"
"SO_1282","선재도","2029-01-10 00:00","134","고조"
"SO_1282","선재도","2029-01-10 00:00","663","저조"
"SO_1282","선재도","2029-01-10 00:00","730","저조"
"SO_1282","선재도","2029-01-10 00:00","212","고조"
"SO_1282","선재도","2029-01-09 00:00","738","저조"
"SO_1282","선재도","2029-01-09 00:00","164","고조"
"SO_1282","선재도","2029-01-09 00:00","766","저조"
"SO_1282","선재도","2029-01-09 00:00","109","고조"
"SO_1282","선재도","2029-01-10 00:00","134","고조"
"SO_1282","선재도","2029-01-10 00:00","663","저조"
"SO_1282","선재도","2029-01-10 00:00","730","저조"
"SO_1282","선재도","2029-01-10 00:00","212","고조"
"SO_1282","선재도","2029-01-09 00:00","738","저조"
"SO_1282","선재도","2029-01-09 00:00","164","고조"
"SO_1282","선재도","2029-01-09 00:00","766","저조"
"SO_1282","선재도","2029-01-09 00:00","109","고조"
"SO_1282","선재도","2029-01-10 00:00","134","고조"
"SO_1282","선재도","2029-01-10 00:00","663","저조"
"SO_1282","선재도","2029-01-10 00:00","730","저조"
"SO_1282","선재도","2029-01-10 00:00","212","고조"
"SO_1282","선재도","2029-01-09 00:00","738","저조"
"SO_1282","선재도","2029-01-09 00:00","164","고조"
"SO_1282","선재도","2029-01-09 00:00","766","저조"
"SO_1282","선재도","2029-01-09 00:00","109","고조"
"SO_1282","선재도","2029-01-10 00:00","134","고조"
"SO_1282","선재도","2029-01-10 00:00","663","저조"
"SO_1282","선재도","2029-01-10 00:00","730","저조"
"SO_1282","선재도","2029-01-10 00:00","212","고조"
"SO_1282","선재도","2029-01-09 00:00","738","저조"
"SO_1282","선재도","2029-01-09 00:00","164","고조"
"SO_1282","선재도","2029-01-09 00:00","766","저조"
"SO_1282","선재도","2029-01-09 00:00","109","고조"
"SO_1282","선재도","2029-01-10 00:00","134","고조"
"SO_1282","선재도","2029-01-10 00:00","663","저조"
"SO_1282","선재도","2029-01-10 00:00","730","저조"
"SO_1282","선재도","2029-01-10 00:00","212","고조"
"SO_1282","선재도","2029-01-09 00:00","738","저조"
"SO_1282","선재도","2029-01-09 00:00","164","고조"
"SO_1282","선재도","2029-01-09 00:00","766","저조"
"SO_1282","선재도","2029-01-09 00:00","109","고조"
"SO_1282","선재도","2029-01-10 00:00","134","고조"
"SO_1282","선재도","2029-01-10 00:00","663","저조"
"SO_1282","선재도","2029-01-10 00:00","730","저조"
"SO_1282","선재도","2029-01-10 00:00","212","고조"
"SO_1282","선재도","2029-01-09 00:00","738","저조"
"SO_1282","선재도","2029-01-09 00:00","164","고조"
"SO_1282","선재도","2029-01-09 00:00","766","저조"
"SO_1282","선재도","2029-01-09 00:00","109","고조"
"SO_1282","선재도","2029-01-10 00:00","134","고조"
"SO_1282","선재도","2029-01-10 00:00","663","저조"
"SO_1282","선재도","2029-01-10 00:00","730","저조"
"SO_1282","선재도","2029-01-10 00:00","212","고조"
"SO_1282","선재도","2029-01-09 00:00","738","저조"
"SO_1282","선재도","2029-01-09 00:00","164","고조"
"SO_1282","선재도","2029-01-09 00:00","766","저조"
"SO_1282","선재도","2029-01-09 00:00","109","고조"
"SO_1282","선재도","2029-01-10 00:00","134","고조"
"SO_1282","선재도","2029-01-10 00:00","663","저조"
"SO_1282","선재도","2029-01-10 00:00","730","저조"
"SO_1282","선재도","2029-01-10 00:00","212","고조"
"SO_1282","선재도","2029-01-09 00:00","738","저조"
"SO_1282","선재도","2029-01-09 00:00","164","고조"
"SO_1282","선재도","2029-01-09 00:00","766","저조"
"SO_1282","선재도","2029-01-09 00:00","109","고조"
"SO_1282","선재도","2029-01-10 00:00","134","고조"
"SO_1282","선재도","2029-01-10 00:00","663","저조"
"SO_1282","선재도","2029-01-10 00:00","730","저조"
"SO_1282","선재도","2029-01-10 00:00","212","고조"
"SO_1282","선재도","2029-01-09 00:00","738","저조"
"SO_1282","선재도","2029-01-09 00:00","164","고조"
"SO_1282","선재도","2029-01-09 00:00","766","저조"
"SO_1282","선재도","2029-01-09 00:00","109","고조"
"SO_1282","선재도","2029-01-10 00:00","134","고조"
"SO_1282","선재도","2029-01-10 00:00","663","저조"
"SO_1282","선재도","2029-01-10 00:00","730","저조"
"SO_1282","선재도","2029-01-10 00:00","212","고조"
"SO_1282","선재도","2029-01-09 00:00","738","저조"
"SO_1282","선재도","2029-01-09 00:00","164","고조"
"SO_1282","선재도","2029-01-09 00:00","766","저조"
"SO_1282","선재도","2029-01-09 00:00","109","고조"
"SO_1282","선재도","2029-01-10 00:00","134","고조"
"SO_1282","선재도","2029-01-10 00:00","663","저조"
"SO_1282","선재도","2029-01-10 00:00","730","저조"
"SO_1282","선재도","2029-01-10 00:00","212","고조"
"SO_1282","선재도","2029-01-09 00:00","738","저조"
"SO_1282","선재도","2029-01-09 00:00","164","고조"
"SO_1282","선재도","2029-01-09 00:00","766","저조"
"SO_1282","선재도","2029-01-09 00:00","109","고조"
"SO_1282","선재도","2029-01-10 00:00","134","고조"
"SO_1282","선재도","2029-01-10 00:00","663","저조"
"SO_1282","선재도","2029-01-10 00:00","730","저조"
"SO_1282","선재도","2029-01-10 00:00","212","고조"
"SO_1282","선재도","2029-01-09 00:00","738","저조"
"SO_1282","선재도","2029-01-09 00:00","164","고조"
"SO_1282","선재도","2029-01-09 00:00","766","저조"
"SO_1282","선재도","2029-01-09 00:00","109","고조"
"SO_1282","선재도","2029-01-10 00:00","134","고조"
"SO_1282","선재도","2029-01-10 00:00","663","저조"
"SO_1282","선재도","2029-01-10 00:00","730","저조"
"SO_1282","선재도","2029-01-10 00:00","212","고조"
"SO_1282","선재도","2029-01-09 00:00","738","저조"
"SO_1282","선재도","2029-01-09 00:00","164","고조"
"SO_1282","선재도","2029-01-09 00:00","766","저조"
"SO_1282","선재도","2029-01-09 00:00","109","고조"
"SO_1282","선재도","2029-01-10 00:00","134","고조"
"SO_1282","선재도","2029-01-10 00:00","663","저조"
"SO_1282","선재도","2029-01-10 00:00","730","저조"
"SO_1282","선재도","2029-01-10 00:00","212","고조"
"SO_1282","선재도","2029-01-09 00:00","738","저조"
"SO_1282","선재도","2029-01-09 00:00","164","고조"
"SO_1282","선재도","2029-01-09 00:00","766","저조"
"SO_1282","선재도","2029-01-09 00:00","109","고조"
"SO_1282","선재도","2029-01-10 00:00","134","고조"
"SO_1282","선재도","2029-01-10 00:00","663","저조"
"SO_1282","선재도","2029-01-10 00:00","730","저조"
"SO_1282","선재도","2029-01-10 00:00","212","고조"
"SO_1282","선재도","2029-01-09 00:00","738","저조"
"SO_1282","선재도","2029-01-09 00:00","164","고조"
"SO_1282","선재도","2029-01-09 00:00","766","저조"
"SO_1282","선재도","2029-01-09 00:00","109","고조"
"SO_1282","선재도","2029-01-10 00:00","134","고조"
"SO_1282","선재도","2029-01-10 00:00","663","저조"
"SO_1282","선재도","2029-01-10 00:00","730","저조"
"SO_1282","선재도","2029-01-10 00:00","212","고조"
"SO_1282","선재도","2029-01-09 00:00","738","저조"
"SO_1282","선재도","2029-01-09 00:00","164","고조"
"SO_1282","선재도","2029-01-09 00:00","766","저조"
"SO_1282","선재도","2029-01-09 00:00","109","고조"
"SO_1282","선재도","2029-01-10 00:00","134","고조"
"SO_1282","선재도","2029-01-10 00:00","663","저조"
"SO_1282","선재도","2029-01-10 00:00","730","저조"
"SO_1282","선재도","2029-01-10 00:00","212","고조"
"SO_1282","선재도","2029-01-09 00:00","738","저조"
"SO_1282","선재도","2029-01-09 00:00","164","고조"
"SO_1282","선재도","2029-01-09 00:00","766","저조"
"SO_1282","선재도","2029-01-09 00:00","109","고조"
"SO_1282","선재도","2029-01-10 00:00","134","고조"
"SO_1282","선재도","2029-01-10 00:00","663","저조"
"SO_1282","선재도","2029-01-10 00:00","730","저조"
"SO_1282","선재도","2029-01-10 00:00","212","고조"
"SO_1282","선재도","2029-01-09 00:00","738","저조"
"SO_1282","선재도","2029-01-09 00:00","164","고조"
"SO_1282","선재도","2029-01-09 00:00","766","저조"
"SO_1282","선재도","2029-01-09 00:00","109","고조"
"SO_1282","선재도","2029-01-10 00:00","134","고조"
"SO_1282","선재도","2029-01-10 00:00","663","저조"
"SO_1282","선재도","2029-01-10 00:00","730","저조"
"SO_1282","선재도","2029-01-10 00:00","212","고조"
"SO_1282","선재도","2029-01-09 00:00","738","저조"
"SO_1282","선재도","2029-01-09 00:00","164","고조"
"SO_1282","선재도","2029-01-09 00:00","766","저조"
"SO_1282","선재도","2029-01-09 00:00","109","고조"
"SO_1282","선재도","2029-01-10 00:00","134","고조"
"SO_1282","선재도","2029-01-10 00:00","663","저조"
"SO_1282","선재도","2029-01-10 00:00","730","저조"
"SO_1282","선재도","2029-01-10 00:00","212","고조"
"SO_1282","선재도","2029-01-09 00:00","738","저조"
"SO_1282","선재도","2029-01-09 00:00","164","고조"
"SO_1282","선재도","2029-01-09 00:00","766","저조"
"SO_1282","선재도","2029-01-09 00:00","109","고조"
"SO_1282","선재도","2029-01-10 00:00","134","고조"
"SO_1282","선재도","2029-01-10 00:00","663","저조"
"SO_1282","선재도","2029-01-10 00:00","730","저조"
"SO_1282","선재도","2029-01-10 00:00","212","고조"
"SO_1282","선재도","2029-01-09 00:00","738","저조"
"SO_1282","선재도","2029-01-09 00:00","164","고조"
"SO_1282","선재도","2029-01-09 00:00","766","저조"
"SO_1282","선재도","2029-01-09 00:00","109","고조"
"SO_1282","선재도","2029-01-10 00:00","134","고조"
"SO_1282","선재도","2029-01-10 00:00","663","저조"
"SO_1282","선재도","2029-01-10 00:00","730","저조"
"SO_1282","선재도","2029-01-10 00:00","212","고조"
"SO_1282","선재도","2029-01-09 00:00","738","저조"
"SO_1282","선재도","2029-01-09 00:00","164","고조"
"SO_1282","선재도","2029-01-09 00:00","766","저조"
"SO_1282","선재도","2029-01-09 00:00","109","고조"
"SO_1282","선재도","2029-01-10 00:00","134","고조"
"SO_1282","선재도","2029-01-10 00:00","663","저조"
"SO_1282","선재도","2029-01-10 00:00","730","저조"
"SO_1282","선재도","2029-01-10 00:00","212","고조"
"SO_1282","선재도","2029-01-09 00:00","738","저조"
"SO_1282","선재도","2029-01-09 00:00","164","고조"
"SO_1282","선재도","2029-01-09 00:00","766","저조"
"SO_1282","선재도","2029-01-09 00:00","109","고조"
"SO_1282","선재도","2029-01-10 00:00","134","고조"
"SO_1282","선재도","2029-01-10 00:00","663","저조"
"SO_1282","선재도","2029-01-10 00:00","730","저조"
"SO_1282","선재도","2029-01-10 00:00","212","고조"
"SO_1282","선재도","2029-01-09 00:00","738","저조"
"SO_1282","선재도","2029-01-09 00:00","164","고조"
"SO_1282","선재도","2029-01-09 00:00","766","저조"
"SO_1282","선재도","2029-01-09 00:00","109","고조"
"SO_1282","선재도","2029-01-10 00:00","134","고조"
"SO_1282","선재도","2029-01-10 00:00","663","저조"
"SO_1282","선재도","2029-01-10 00:00","730","저조"
"SO_1282","선재도","2029-01-10 00:00","212","고조"
"SO_1282","선재도","2029-01-09 00:00","738","저조"
"SO_1282","선재도","2029-01-09 00:00","164","고조"
"SO_1282","선재도","2029-01-09 00:00","766","저조"
"SO_1282","선재도","2029-01-09 00:00","109","고조"
"SO_1282","선재도","2029-01-10 00:00","134","고조"
"SO_1282","선재도","2029-01-10 00:00","663","저조"
"SO_1282","선재도","2029-01-10 00:00","730","저조"
"SO_1282","선재도","2029-01-10 00:00","212","고조"
"SO_1282","선재도","2029-01-09 00:00","738","저조"
"SO_1282","선재도","2029-01-09 00:00","164","고조"
"SO_1282","선재도","2029-01-09 00:00","766","저조"
"SO_1282","선재도","2029-01-09 00:00","109","고조"
"SO_1282","선재도","2029-01-10 00:00","134","고조"
"SO_1282","선재도","2029-01-10 00:00","663","저조"
"SO_1282","선재도","2029-01-10 00:00","730","저조"
"SO_1282","선재도","2029-01-10 00:00","212","고조"
"SO_1282","선재도","2029-01-09 00:00","738","저조"
"SO_1282","선재도","2029-01-09 00:00","164","고조"
"SO_1282","선재도","2029-01-09 00:00","766","저조"
"SO_1282","선재도","2029-01-09 00:00","109","고조"
"SO_1282","선재도","2029-01-10 00:00","134","고조"
"SO_1282","선재도","2029-01-10 00:00","663","저조"
"SO_1282","선재도","2029-01-10 00:00","730","저조"
"SO_1282","선재도","2029-01-10 00:00","212","고조"
"SO_1282","선재도","2029-01-09 00:00","738","저조"
"SO_1282","선재도","2029-01-09 00:00","164","고조"
"SO_1282","선재도","2029-01-09 00:00","766","저조"
"SO_1282","선재도","2029-01-09 00:00","109","고조"
"SO_1282","선재도","2029-01-10 00:00","134","고조"
"SO_1282","선재도","2029-01-10 00:00","663","저조"
"SO_1282","선재도","2029-01-10 00:00","730","저조"
"SO_1282","선재도","2029-01-10 00:00","212","고조"
"SO_1282","선재도","2029-01-09 00:00","738","저조"
"SO_1282","선재도","2029-01-09 00:00","164","고조"
"SO_1282","선재도","2029-01-09 00:00","766","저조"
"SO_1282","선재도","2029-01-09 00:00","109","고조"
"SO_1282","선재도","2029-01-10 00:00","134","고조"
"SO_1282","선재도","2029-01-10 00:00","663","저조"
"SO_1282","선재도","2029-01-10 00:00","730","저조"
"SO_1282","선재도","2029-01-10 00:00","212","고조"
"SO_0565","향화도항","2028-01-09 00:00","567","저조"
"SO_0565","향화도항","2028-01-09 00:00","86","고조"
"SO_0565","향화도항","2028-01-09 00:00","594","저조"
"SO_0565","향화도항","2028-01-09 00:00","140","고조"
"SO_0565","향화도항","2028-01-10 00:00","176","고조"
"SO_0565","향화도항","2028-01-10 00:00","513","저조"
"SO_0565","향화도항","2028-01-10 00:00","575","저조"
"SO_0565","향화도항","2028-01-10 00:00","89","고조"
"SO_0565","향화도항","2028-01-09 00:00","567","저조"
"SO_0565","향화도항","2028-01-09 00:00","86","고조"
"SO_0565","향화도항","2028-01-09 00:00","594","저조"
"SO_0565","향화도항","2028-01-09 00:00","140","고조"
"SO_0565","향화도항","2028-01-10 00:00","176","고조"
"SO_0565","향화도항","2028-01-10 00:00","513","저조"
"SO_0565","향화도항","2028-01-10 00:00","575","저조"
"SO_0565","향화도항","2028-01-10 00:00","89","고조"
"SO_0565","향화도항","2028-01-09 00:00","567","저조"
"SO_0565","향화도항","2028-01-09 00:00","86","고조"
"SO_0565","향화도항","2028-01-09 00:00","594","저조"
"SO_0565","향화도항","2028-01-09 00:00","140","고조"
"SO_0565","향화도항","2028-01-10 00:00","176","고조"
"SO_0565","향화도항","2028-01-10 00:00","513","저조"
"SO_0565","향화도항","2028-01-10 00:00","575","저조"
"SO_0565","향화도항","2028-01-10 00:00","89","고조"
"SO_0565","향화도항","2028-01-09 00:00","567","저조"
"SO_0565","향화도항","2028-01-09 00:00","86","고조"
"SO_0565","향화도항","2028-01-09 00:00","594","저조"
"SO_0565","향화도항","2028-01-09 00:00","140","고조"
"SO_0565","향화도항","2028-01-10 00:00","176","고조"
"SO_0565","향화도항","2028-01-10 00:00","513","저조"
"SO_0565","향화도항","2028-01-10 00:00","575","저조"
"SO_0565","향화도항","2028-01-10 00:00","89","고조"
"SO_0565","향화도항","2028-01-09 00:00","567","저조"
"SO_0565","향화도항","2028-01-09 00:00","86","고조"
"SO_0565","향화도항","2028-01-09 00:00","594","저조"
"SO_0565","향화도항","2028-01-09 00:00","140","고조"
"SO_0565","향화도항","2028-01-10 00:00","176","고조"
"SO_0565","향화도항","2028-01-10 00:00","513","저조"
"SO_0565","향화도항","2028-01-10 00:00","575","저조"
"SO_0565","향화도항","2028-01-10 00:00","89","고조"
"SO_0565","향화도항","2028-01-09 00:00","567","저조"
"SO_0565","향화도항","2028-01-09 00:00","86","고조"
"SO_0565","향화도항","2028-01-09 00:00","594","저조"
"SO_0565","향화도항","2028-01-09 00:00","140","고조"
"SO_0565","향화도항","2028-01-10 00:00","176","고조"
"SO_0565","향화도항","2028-01-10 00:00","513","저조"
"SO_0565","향화도항","2028-01-10 00:00","575","저조"
"SO_0565","향화도항","2028-01-10 00:00","89","고조"
"SO_0565","향화도항","2028-01-09 00:00","567","저조"
"SO_0565","향화도항","2028-01-09 00:00","86","고조"
"SO_0565","향화도항","2028-01-09 00:00","594","저조"
"SO_0565","향화도항","2028-01-09 00:00","140","고조"
"SO_0565","향화도항","2028-01-10 00:00","176","고조"
"SO_0565","향화도항","2028-01-10 00:00","513","저조"
"SO_0565","향화도항","2028-01-10 00:00","575","저조"
"SO_0565","향화도항","2028-01-10 00:00","89","고조"
"SO_0565","향화도항","2028-01-09 00:00","567","저조"
"SO_0565","향화도항","2028-01-09 00:00","86","고조"
"SO_0565","향화도항","2028-01-09 00:00","594","저조"
"SO_0565","향화도항","2028-01-09 00:00","140","고조"
"SO_0565","향화도항","2028-01-10 00:00","176","고조"
"SO_0565","향화도항","2028-01-10 00:00","513","저조"
"SO_0565","향화도항","2028-01-10 00:00","575","저조"
"SO_0565","향화도항","2028-01-10 00:00","89","고조"
"SO_0565","향화도항","2028-01-09 00:00","567","저조"
"SO_0565","향화도항","2028-01-09 00:00","86","고조"
"SO_0565","향화도항","2028-01-09 00:00","594","저조"
"SO_0565","향화도항","2028-01-09 00:00","140","고조"
"SO_0565","향화도항","2028-01-10 00:00","176","고조"
"SO_0565","향화도항","2028-01-10 00:00","513","저조"
"SO_0565","향화도항","2028-01-10 00:00","575","저조"
"SO_0565","향화도항","2028-01-10 00:00","89","고조"
"SO_0565","향화도항","2028-01-09 00:00","567","저조"
"SO_0565","향화도항","2028-01-09 00:00","86","고조"
"SO_0565","향화도항","2028-01-09 00:00","594","저조"
"SO_0565","향화도항","2028-01-09 00:00","140","고조"
"SO_0565","향화도항","2028-01-10 00:00","176","고조"
"SO_0565","향화도항","2028-01-10 00:00","513","저조"
"SO_0565","향화도항","2028-01-10 00:00","575","저조"
"SO_0565","향화도항","2028-01-10 00:00","89","고조"
"SO_0565","향화도항","2028-01-10 00:00","513","저조"
"SO_0565","향화도항","2028-01-10 00:00","89","고조"
"SO_0565","향화도항","2028-01-10 00:00","575","저조"
"SO_0565","향화도항","2028-01-10 00:00","176","고조"
"SO_0565","향화도항","2029-01-09 00:00","177","고조"
"SO_0565","향화도항","2029-01-09 00:00","536","저조"
"SO_0565","향화도항","2029-01-09 00:00","572","저조"
"SO_0565","향화도항","2029-01-09 00:00","103","고조"
"SO_0565","향화도항","2029-01-09 00:00","536","저조"
"SO_0565","향화도항","2029-01-09 00:00","103","고조"
"SO_0565","향화도항","2029-01-09 00:00","572","저조"
"SO_0565","향화도항","2029-01-09 00:00","177","고조"
"SO_0565","향화도항","2029-01-10 00:00","207","고조"
"SO_0565","향화도항","2029-01-10 00:00","486","저조"
"SO_0565","향화도항","2029-01-10 00:00","551","저조"
"SO_0565","향화도항","2029-01-10 00:00","107","고조"
"SO_0565","향화도항","2029-01-09 00:00","536","저조"
"SO_0565","향화도항","2029-01-09 00:00","103","고조"
"SO_0565","향화도항","2029-01-09 00:00","572","저조"
"SO_0565","향화도항","2029-01-09 00:00","177","고조"
"SO_0565","향화도항","2029-01-10 00:00","207","고조"
"SO_0565","향화도항","2029-01-10 00:00","486","저조"
"SO_0565","향화도항","2029-01-10 00:00","551","저조"
"SO_0565","향화도항","2029-01-10 00:00","107","고조"
"SO_0565","향화도항","2029-01-09 00:00","536","저조"
"SO_0565","향화도항","2029-01-09 00:00","103","고조"
"SO_0565","향화도항","2029-01-09 00:00","572","저조"
"SO_0565","향화도항","2029-01-09 00:00","177","고조"
"SO_0565","향화도항","2029-01-10 00:00","207","고조"
"SO_0565","향화도항","2029-01-10 00:00","486","저조"
"SO_0565","향화도항","2029-01-10 00:00","551","저조"
"SO_0565","향화도항","2029-01-10 00:00","107","고조"
"SO_0565","향화도항","2029-01-09 00:00","536","저조"
"SO_0565","향화도항","2029-01-09 00:00","103","고조"
"SO_0565","향화도항","2029-01-09 00:00","572","저조"
"SO_0565","향화도항","2029-01-09 00:00","177","고조"
"SO_0565","향화도항","2029-01-10 00:00","207","고조"
"SO_0565","향화도항","2029-01-10 00:00","486","저조"
"SO_0565","향화도항","2029-01-10 00:00","551","저조"
"SO_0565","향화도항","2029-01-10 00:00","107","고조"
"SO_0565","향화도항","2029-01-09 00:00","536","저조"
"SO_0565","향화도항","2029-01-09 00:00","103","고조"
"SO_0565","향화도항","2029-01-09 00:00","572","저조"
"SO_0565","향화도항","2029-01-09 00:00","177","고조"
"SO_0565","향화도항","2029-01-10 00:00","207","고조"
"SO_0565","향화도항","2029-01-10 00:00","486","저조"
"SO_0565","향화도항","2029-01-10 00:00","551","저조"
"SO_0565","향화도항","2029-01-10 00:00","107","고조"
"SO_0565","향화도항","2029-01-09 00:00","536","저조"
"SO_0565","향화도항","2029-01-09 00:00","103","고조"
"SO_0565","향화도항","2029-01-09 00:00","572","저조"
"SO_0565","향화도항","2029-01-09 00:00","177","고조"
"SO_0565","향화도항","2029-01-10 00:00","207","고조"
"SO_0565","향화도항","2029-01-10 00:00","486","저조"
"SO_0565","향화도항","2029-01-10 00:00","551","저조"
"SO_0565","향화도항","2029-01-10 00:00","107","고조"
"SO_0565","향화도항","2029-01-09 00:00","536","저조"
"SO_0565","향화도항","2029-01-09 00:00","103","고조"
"SO_0565","향화도항","2029-01-09 00:00","572","저조"
"SO_0565","향화도항","2029-01-09 00:00","177","고조"
"SO_0565","향화도항","2029-01-10 00:00","207","고조"
"SO_0565","향화도항","2029-01-10 00:00","486","저조"
"SO_0565","향화도항","2029-01-10 00:00","551","저조"
"SO_0565","향화도항","2029-01-10 00:00","107","고조"
"SO_0565","향화도항","2029-01-09 00:00","536","저조"
"SO_0565","향화도항","2029-01-09 00:00","103","고조"
"SO_0565","향화도항","2029-01-09 00:00","572","저조"
"SO_0565","향화도항","2029-01-09 00:00","177","고조"
"SO_0565","향화도항","2029-01-10 00:00","207","고조"
"SO_0565","향화도항","2029-01-10 00:00","486","저조"
"SO_0565","향화도항","2029-01-10 00:00","551","저조"
"SO_0565","향화도항","2029-01-10 00:00","107","고조"
"SO_0565","향화도항","2029-01-09 00:00","536","저조"
"SO_0565","향화도항","2029-01-09 00:00","103","고조"
"SO_0565","향화도항","2029-01-09 00:00","572","저조"
"SO_0565","향화도항","2029-01-09 00:00","177","고조"
"SO_0565","향화도항","2029-01-10 00:00","207","고조"
"SO_0565","향화도항","2029-01-10 00:00","486","저조"
"SO_0565","향화도항","2029-01-10 00:00","551","저조"
"SO_0565","향화도항","2029-01-10 00:00","107","고조"
"SO_0565","향화도항","2029-01-09 00:00","536","저조"
"SO_0565","향화도항","2029-01-09 00:00","103","고조"
"SO_0565","향화도항","2029-01-09 00:00","572","저조"
"SO_0565","향화도항","2029-01-09 00:00","177","고조"
"SO_0565","향화도항","2029-01-10 00:00","207","고조"
"SO_0565","향화도항","2029-01-10 00:00","486","저조"
"SO_0565","향화도항","2029-01-10 00:00","551","저조"
"SO_0565","향화도항","2029-01-10 00:00","107","고조"
"SO_0565","향화도항","2029-01-09 00:00","536","저조"
"SO_0565","향화도항","2029-01-09 00:00","103","고조"
"SO_0565","향화도항","2029-01-09 00:00","572","저조"
"SO_0565","향화도항","2029-01-09 00:00","177","고조"
"SO_0565","향화도항","2029-01-10 00:00","207","고조"
"SO_0565","향화도항","2029-01-10 00:00","486","저조"
"SO_0565","향화도항","2029-01-10 00:00","551","저조"
"SO_0565","향화도항","2029-01-10 00:00","107","고조"
"SO_0565","향화도항","2029-01-09 00:00","536","저조"
"SO_0565","향화도항","2029-01-09 00:00","103","고조"
"SO_0565","향화도항","2029-01-09 00:00","572","저조"
"SO_0565","향화도항","2029-01-09 00:00","177","고조"
"SO_0565","향화도항","2029-01-10 00:00","207","고조"
"SO_0565","향화도항","2029-01-10 00:00","486","저조"
"SO_0565","향화도항","2029-01-10 00:00","551","저조"
"SO_0565","향화도항","2029-01-10 00:00","107","고조"
"SO_0565","향화도항","2029-01-09 00:00","536","저조"
"SO_0565","향화도항","2029-01-09 00:00","103","고조"
"SO_0565","향화도항","2029-01-09 00:00","572","저조"
"SO_0565","향화도항","2029-01-09 00:00","177","고조"
"SO_0565","향화도항","2029-01-10 00:00","207","고조"
"SO_0565","향화도항","2029-01-10 00:00","486","저조"
"SO_0565","향화도항","2029-01-10 00:00","551","저조"
"SO_0565","향화도항","2029-01-10 00:00","107","고조"
"SO_0565","향화도항","2029-01-09 00:00","536","저조"
"SO_0565","향화도항","2029-01-09 00:00","103","고조"
"SO_0565","향화도항","2029-01-09 00:00","572","저조"
"SO_0565","향화도항","2029-01-09 00:00","177","고조"
"SO_0565","향화도항","2029-01-10 00:00","207","고조"
"SO_0565","향화도항","2029-01-10 00:00","486","저조"
"SO_0565","향화도항","2029-01-10 00:00","551","저조"
"SO_0565","향화도항","2029-01-10 00:00","107","고조"
"SO_0565","향화도항","2029-01-09 00:00","536","저조"
"SO_0565","향화도항","2029-01-09 00:00","103","고조"
"SO_0565","향화도항","2029-01-09 00:00","572","저조"
"SO_0565","향화도항","2029-01-09 00:00","177","고조"
"SO_0565","향화도항","2029-01-10 00:00","207","고조"
"SO_0565","향화도항","2029-01-10 00:00","486","저조"
"SO_0565","향화도항","2029-01-10 00:00","551","저조"
"SO_0565","향화도항","2029-01-10 00:00","107","고조"
"SO_0565","향화도항","2029-01-09 00:00","536","저조"
"SO_0565","향화도항","2029-01-09 00:00","103","고조"
"SO_0565","향화도항","2029-01-09 00:00","572","저조"
"SO_0565","향화도항","2029-01-09 00:00","177","고조"
"SO_0565","향화도항","2029-01-10 00:00","207","고조"
"SO_0565","향화도항","2029-01-10 00:00","486","저조"
"SO_0565","향화도항","2029-01-10 00:00","551","저조"
"SO_0565","향화도항","2029-01-10 00:00","107","고조"
"SO_0565","향화도항","2029-01-09 00:00","536","저조"
"SO_0565","향화도항","2029-01-09 00:00","103","고조"
"SO_0565","향화도항","2029-01-09 00:00","572","저조"
"SO_0565","향화도항","2029-01-09 00:00","177","고조"
"SO_0565","향화도항","2029-01-10 00:00","207","고조"
"SO_0565","향화도항","2029-01-10 00:00","486","저조"
"SO_0565","향화도항","2029-01-10 00:00","551","저조"
"SO_0565","향화도항","2029-01-10 00:00","107","고조"
"SO_0565","향화도항","2029-01-09 00:00","536","저조"
"SO_0565","향화도항","2029-01-09 00:00","103","고조"
"SO_0565","향화도항","2029-01-09 00:00","572","저조"
"SO_0565","향화도항","2029-01-09 00:00","177","고조"
"SO_0565","향화도항","2029-01-10 00:00","207","고조"
"SO_0565","향화도항","2029-01-10 00:00","486","저조"
"SO_0565","향화도항","2029-01-10 00:00","551","저조"
"SO_0565","향화도항","2029-01-10 00:00","107","고조"
"SO_0565","향화도항","2029-01-09 00:00","536","저조"
"SO_0565","향화도항","2029-01-09 00:00","103","고조"
"SO_0565","향화도항","2029-01-09 00:00","572","저조"
"SO_0565","향화도항","2029-01-09 00:00","177","고조"
"SO_0565","향화도항","2029-01-10 00:00","207","고조"
"SO_0565","향화도항","2029-01-10 00:00","486","저조"
"SO_0565","향화도항","2029-01-10 00:00","551","저조"
"SO_0565","향화도항","2029-01-10 00:00","107","고조"
"SO_0565","향화도항","2029-01-09 00:00","536","저조"
"SO_0565","향화도항","2029-01-09 00:00","103","고조"
"SO_0565","향화도항","2029-01-09 00:00","572","저조"
"SO_0565","향화도항","2029-01-09 00:00","177","고조"
"SO_0565","향화도항","2029-01-10 00:00","207","고조"
"SO_0565","향화도항","2029-01-10 00:00","486","저조"
"SO_0565","향화도항","2029-01-10 00:00","551","저조"
"SO_0565","향화도항","2029-01-10 00:00","107","고조"
"SO_0565","향화도항","2029-01-09 00:00","536","저조"
"SO_0565","향화도항","2029-01-09 00:00","103","고조"
"SO_0565","향화도항","2029-01-09 00:00","572","저조"
"SO_0565","향화도항","2029-01-09 00:00","177","고조"
"SO_0565","향화도항","2029-01-10 00:00","207","고조"
"SO_0565","향화도항","2029-01-10 00:00","486","저조"
"SO_0565","향화도항","2029-01-10 00:00","551","저조"
"SO_0565","향화도항","2029-01-10 00:00","107","고조"
"SO_0565","향화도항","2029-01-09 00:00","536","저조"
"SO_0565","향화도항","2029-01-09 00:00","103","고조"
"SO_0565","향화도항","2029-01-09 00:00","572","저조"
"SO_0565","향화도항","2029-01-09 00:00","177","고조"
"SO_0565","향화도항","2029-01-10 00:00","207","고조"
"SO_0565","향화도항","2029-01-10 00:00","486","저조"
"SO_0565","향화도항","2029-01-10 00:00","551","저조"
"SO_0565","향화도항","2029-01-10 00:00","107","고조"
"SO_0565","향화도항","2029-01-09 00:00","536","저조"
"SO_0565","향화도항","2029-01-09 00:00","103","고조"
"SO_0565","향화도항","2029-01-09 00:00","572","저조"
"SO_0565","향화도항","2029-01-09 00:00","177","고조"
"SO_0565","향화도항","2029-01-10 00:00","207","고조"
"SO_0565","향화도항","2029-01-10 00:00","486","저조"
"SO_0565","향화도항","2029-01-10 00:00","551","저조"
"SO_0565","향화도항","2029-01-10 00:00","107","고조"
"SO_0565","향화도항","2029-01-09 00:00","536","저조"
"SO_0565","향화도항","2029-01-09 00:00","103","고조"
"SO_0565","향화도항","2029-01-09 00:00","572","저조"
"SO_0565","향화도항","2029-01-09 00:00","177","고조"
"SO_0565","향화도항","2029-01-10 00:00","207","고조"
"SO_0565","향화도항","2029-01-10 00:00","486","저조"
"SO_0565","향화도항","2029-01-10 00:00","551","저조"
"SO_0565","향화도항","2029-01-10 00:00","107","고조"
"SO_0565","향화도항","2029-01-09 00:00","536","저조"
"SO_0565","향화도항","2029-01-09 00:00","103","고조"
"SO_0565","향화도항","2029-01-09 00:00","572","저조"
"SO_0565","향화도항","2029-01-09 00:00","177","고조"
"SO_0565","향화도항","2029-01-10 00:00","207","고조"
"SO_0565","향화도항","2029-01-10 00:00","486","저조"
"SO_0565","향화도항","2029-01-10 00:00","551","저조"
"SO_0565","향화도항","2029-01-10 00:00","107","고조"
"SO_0565","향화도항","2029-01-09 00:00","536","저조"
"SO_0565","향화도항","2029-01-09 00:00","103","고조"
"SO_0565","향화도항","2029-01-09 00:00","572","저조"
"SO_0565","향화도항","2029-01-09 00:00","177","고조"
"SO_0565","향화도항","2029-01-10 00:00","207","고조"
"SO_0565","향화도항","2029-01-10 00:00","486","저조"
"SO_0565","향화도항","2029-01-10 00:00","551","저조"
"SO_0565","향화도항","2029-01-10 00:00","107","고조"
"SO_0565","향화도항","2029-01-09 00:00","536","저조"
"SO_0565","향화도항","2029-01-09 00:00","103","고조"
"SO_0565","향화도항","2029-01-09 00:00","572","저조"
"SO_0565","향화도항","2029-01-09 00:00","177","고조"
"SO_0565","향화도항","2029-01-10 00:00","207","고조"
"SO_0565","향화도항","2029-01-10 00:00","486","저조"
"SO_0565","향화도항","2029-01-10 00:00","551","저조"
"SO_0565","향화도항","2029-01-10 00:00","107","고조"
"SO_0565","향화도항","2029-01-09 00:00","536","저조"
"SO_0565","향화도항","2029-01-09 00:00","103","고조"
"SO_0565","향화도항","2029-01-09 00:00","572","저조"
"SO_0565","향화도항","2029-01-09 00:00","177","고조"
"SO_0565","향화도항","2029-01-10 00:00","207","고조"
"SO_0565","향화도항","2029-01-10 00:00","486","저조"
"SO_0565","향화도항","2029-01-10 00:00","551","저조"
"SO_0565","향화도항","2029-01-10 00:00","107","고조"
"SO_0565","향화도항","2029-01-09 00:00","536","저조"
"SO_0565","향화도항","2029-01-09 00:00","103","고조"
"SO_0565","향화도항","2029-01-09 00:00","572","저조"
"SO_0565","향화도항","2029-01-09 00:00","177","고조"
"SO_0565","향화도항","2029-01-10 00:00","207","고조"
"SO_0565","향화도항","2029-01-10 00:00","486","저조"
"SO_0565","향화도항","2029-01-10 00:00","551","저조"
"SO_0565","향화도항","2029-01-10 00:00","107","고조"
"SO_0565","향화도항","2029-01-09 00:00","536","저조"
"SO_0565","향화도항","2029-01-09 00:00","103","고조"
"SO_0565","향화도항","2029-01-09 00:00","572","저조"
"SO_0565","향화도항","2029-01-09 00:00","177","고조"
"SO_0565","향화도항","2029-01-10 00:00","207","고조"
"SO_0565","향화도항","2029-01-10 00:00","486","저조"
"SO_0565","향화도항","2029-01-10 00:00","551","저조"
"SO_0565","향화도항","2029-01-10 00:00","107","고조"
"SO_0565","향화도항","2029-01-09 00:00","536","저조"
"SO_0565","향화도항","2029-01-09 00:00","103","고조"
"SO_0565","향화도항","2029-01-09 00:00","572","저조"
"SO_0565","향화도항","2029-01-09 00:00","177","고조"
"SO_0565","향화도항","2029-01-10 00:00","207","고조"
"SO_0565","향화도항","2029-01-10 00:00","486","저조"
"SO_0565","향화도항","2029-01-10 00:00","551","저조"
"SO_0565","향화도항","2029-01-10 00:00","107","고조"
"SO_0565","향화도항","2029-01-09 00:00","536","저조"
"SO_0565","향화도항","2029-01-09 00:00","103","고조"
"SO_0565","향화도항","2029-01-09 00:00","572","저조"
"SO_0565","향화도항","2029-01-09 00:00","177","고조"
"SO_0565","향화도항","2029-01-10 00:00","207","고조"
"SO_0565","향화도항","2029-01-10 00:00","486","저조"
"SO_0565","향화도항","2029-01-10 00:00","551","저조"
"SO_0565","향화도항","2029-01-10 00:00","107","고조"
"SO_0565","향화도항","2029-01-09 00:00","536","저조"
"SO_0565","향화도항","2029-01-09 00:00","103","고조"
"SO_0565","향화도항","2029-01-09 00:00","572","저조"
"SO_0565","향화도항","2029-01-09 00:00","177","고조"
"SO_0565","향화도항","2029-01-10 00:00","207","고조"
"SO_0565","향화도항","2029-01-10 00:00","486","저조"
"SO_0565","향화도항","2029-01-10 00:00","551","저조"
"SO_0565","향화도항","2029-01-10 00:00","107","고조"
"SO_0565","향화도항","2029-01-09 00:00","536","저조"
"SO_0565","향화도항","2029-01-09 00:00","103","고조"
"SO_0565","향화도항","2029-01-09 00:00","572","저조"
"SO_0565","향화도항","2029-01-09 00:00","177","고조"
"SO_0565","향화도항","2029-01-10 00:00","207","고조"
"SO_0565","향화도항","2029-01-10 00:00","486","저조"
"SO_0565","향화도항","2029-01-10 00:00","551","저조"
"SO_0565","향화도항","2029-01-10 00:00","107","고조"
"SO_0565","향화도항","2029-01-09 00:00","536","저조"
"SO_0565","향화도항","2029-01-09 00:00","103","고조"
"SO_0565","향화도항","2029-01-09 00:00","572","저조"
"SO_0565","향화도항","2029-01-09 00:00","177","고조"
"SO_0565","향화도항","2029-01-10 00:00","207","고조"
"SO_0565","향화도항","2029-01-10 00:00","486","저조"
"SO_0565","향화도항","2029-01-10 00:00","551","저조"
"SO_0565","향화도항","2029-01-10 00:00","107","고조"
"SO_0565","향화도항","2029-01-09 00:00","536","저조"
"SO_0565","향화도항","2029-01-09 00:00","103","고조"
"SO_0565","향화도항","2029-01-09 00:00","572","저조"
"SO_0565","향화도항","2029-01-09 00:00","177","고조"
"SO_0565","향화도항","2029-01-10 00:00","207","고조"
"SO_0565","향화도항","2029-01-10 00:00","486","저조"
"SO_0565","향화도항","2029-01-10 00:00","551","저조"
"SO_0565","향화도항","2029-01-10 00:00","107","고조"
"SO_0565","향화도항","2029-01-09 00:00","536","저조"
"SO_0565","향화도항","2029-01-09 00:00","103","고조"
"SO_0565","향화도항","2029-01-09 00:00","572","저조"
"SO_0565","향화도항","2029-01-09 00:00","177","고조"
"SO_0565","향화도항","2029-01-10 00:00","207","고조"
"SO_0565","향화도항","2029-01-10 00:00","486","저조"
"SO_0565","향화도항","2029-01-10 00:00","551","저조"
"SO_0565","향화도항","2029-01-10 00:00","107","고조"
"SO_0565","향화도항","2029-01-09 00:00","536","저조"
"SO_0565","향화도항","2029-01-09 00:00","103","고조"
"SO_0565","향화도항","2029-01-09 00:00","572","저조"
"SO_0565","향화도항","2029-01-09 00:00","177","고조"
"SO_0565","향화도항","2029-01-10 00:00","207","고조"
"SO_0565","향화도항","2029-01-10 00:00","486","저조"
"SO_0565","향화도항","2029-01-10 00:00","551","저조"
"SO_0565","향화도항","2029-01-10 00:00","107","고조"
"SO_0565","향화도항","2029-01-09 00:00","536","저조"
"SO_0565","향화도항","2029-01-09 00:00","103","고조"
"SO_0565","향화도항","2029-01-09 00:00","572","저조"
"SO_0565","향화도항","2029-01-09 00:00","177","고조"
"SO_0565","향화도항","2029-01-10 00:00","207","고조"
"SO_0565","향화도항","2029-01-10 00:00","486","저조"
"SO_0565","향화도항","2029-01-10 00:00","551","저조"
"SO_0565","향화도항","2029-01-10 00:00","107","고조"
"SO_0565","향화도항","2029-01-09 00:00","536","저조"
"SO_0565","향화도항","2029-01-09 00:00","103","고조"
"SO_0565","향화도항","2029-01-09 00:00","572","저조"
"SO_0565","향화도항","2029-01-09 00:00","177","고조"
"SO_0565","향화도항","2029-01-10 00:00","207","고조"
"SO_0565","향화도항","2029-01-10 00:00","486","저조"
"SO_0565","향화도항","2029-01-10 00:00","551","저조"
"SO_0565","향화도항","2029-01-10 00:00","107","고조"
"SO_0565","향화도항","2029-01-09 00:00","536","저조"
"SO_0565","향화도항","2029-01-09 00:00","103","고조"
"SO_0565","향화도항","2029-01-09 00:00","572","저조"
"SO_0565","향화도항","2029-01-09 00:00","177","고조"
"SO_0565","향화도항","2029-01-10 00:00","207","고조"
"SO_0565","향화도항","2029-01-10 00:00","486","저조"
"SO_0565","향화도항","2029-01-10 00:00","551","저조"
"SO_0565","향화도항","2029-01-10 00:00","107","고조"
"SO_0565","향화도항","2029-01-09 00:00","536","저조"
"SO_0565","향화도항","2029-01-09 00:00","103","고조"
"SO_0565","향화도항","2029-01-09 00:00","572","저조"
"SO_0565","향화도항","2029-01-09 00:00","177","고조"
"SO_0565","향화도항","2029-01-10 00:00","207","고조"
"SO_0565","향화도항","2029-01-10 00:00","486","저조"
"SO_0565","향화도항","2029-01-10 00:00","551","저조"
"SO_0565","향화도항","2029-01-10 00:00","107","고조"
"SO_0565","향화도항","2029-01-09 00:00","536","저조"
"SO_0565","향화도항","2029-01-09 00:00","103","고조"
"SO_0565","향화도항","2029-01-09 00:00","572","저조"
"SO_0565","향화도항","2029-01-09 00:00","177","고조"
"SO_0565","향화도항","2029-01-10 00:00","207","고조"
"SO_0565","향화도항","2029-01-10 00:00","486","저조"
"SO_0565","향화도항","2029-01-10 00:00","551","저조"
"SO_0565","향화도항","2029-01-10 00:00","107","고조"
"SO_0565","향화도항","2029-01-09 00:00","536","저조"
"SO_0565","향화도항","2029-01-09 00:00","103","고조"
"SO_0565","향화도항","2029-01-09 00:00","572","저조"
"SO_0565","향화도항","2029-01-09 00:00","177","고조"
"SO_0565","향화도항","2029-01-10 00:00","207","고조"
"SO_0565","향화도항","2029-01-10 00:00","486","저조"
"SO_0565","향화도항","2029-01-10 00:00","551","저조"
"SO_0565","향화도항","2029-01-10 00:00","107","고조"
"SO_0565","향화도항","2029-01-09 00:00","536","저조"
"SO_0565","향화도항","2029-01-09 00:00","103","고조"
"SO_0565","향화도항","2029-01-09 00:00","572","저조"
"SO_0565","향화도항","2029-01-09 00:00","177","고조"
"SO_0565","향화도항","2029-01-10 00:00","207","고조"
"SO_0565","향화도항","2029-01-10 00:00","486","저조"
"SO_0565","향화도항","2029-01-10 00:00","551","저조"
"SO_0565","향화도항","2029-01-10 00:00","107","고조"
"SO_0565","향화도항","2029-01-09 00:00","536","저조"
"SO_0565","향화도항","2029-01-09 00:00","103","고조"
"SO_0565","향화도항","2029-01-09 00:00","572","저조"
"SO_0565","향화도항","2029-01-09 00:00","177","고조"
"SO_0565","향화도항","2029-01-10 00:00","207","고조"
"SO_0565","향화도항","2029-01-10 00:00","486","저조"
"SO_0565","향화도항","2029-01-10 00:00","551","저조"
"SO_0565","향화도항","2029-01-10 00:00","107","고조"
"SO_0565","향화도항","2029-01-09 00:00","536","저조"
"SO_0565","향화도항","2029-01-09 00:00","103","고조"
"SO_0565","향화도항","2029-01-09 00:00","572","저조"
"SO_0565","향화도항","2029-01-09 00:00","177","고조"
"SO_0565","향화도항","2029-01-10 00:00","207","고조"
"SO_0565","향화도항","2029-01-10 00:00","486","저조"
"SO_0565","향화도항","2029-01-10 00:00","551","저조"
"SO_0565","향화도항","2029-01-10 00:00","107","고조"
"SO_0565","향화도항","2029-01-09 00:00","536","저조"
"SO_0565","향화도항","2029-01-09 00:00","103","고조"
"SO_0565","향화도항","2029-01-09 00:00","572","저조"
"SO_0565","향화도항","2029-01-09 00:00","177","고조"
"SO_0565","향화도항","2029-01-10 00:00","207","고조"
"SO_0565","향화도항","2029-01-10 00:00","486","저조"
"SO_0565","향화도항","2029-01-10 00:00","551","저조"
"SO_0565","향화도항","2029-01-10 00:00","107","고조"
"SO_0565","향화도항","2029-01-09 00:00","536","저조"
"SO_0565","향화도항","2029-01-09 00:00","103","고조"
"SO_0565","향화도항","2029-01-09 00:00","572","저조"
"SO_0565","향화도항","2029-01-09 00:00","177","고조"
"SO_0565","향화도항","2029-01-10 00:00","207","고조"
"SO_0565","향화도항","2029-01-10 00:00","486","저조"
"SO_0565","향화도항","2029-01-10 00:00","551","저조"
"SO_0565","향화도항","2029-01-10 00:00","107","고조"
"SO_0565","향화도항","2029-01-09 00:00","536","저조"
"SO_0565","향화도항","2029-01-09 00:00","103","고조"
"SO_0565","향화도항","2029-01-09 00:00","572","저조"
"SO_0565","향화도항","2029-01-09 00:00","177","고조"
"SO_0565","향화도항","2029-01-10 00:00","207","고조"
"SO_0565","향화도항","2029-01-10 00:00","486","저조"
"SO_0565","향화도항","2029-01-10 00:00","551","저조"
"SO_0565","향화도항","2029-01-10 00:00","107","고조"
"SO_0565","향화도항","2029-01-09 00:00","536","저조"
"SO_0565","향화도항","2029-01-09 00:00","103","고조"
"SO_0565","향화도항","2029-01-09 00:00","572","저조"
"SO_0565","향화도항","2029-01-09 00:00","177","고조"
"SO_0565","향화도항","2029-01-10 00:00","207","고조"
"SO_0565","향화도항","2029-01-10 00:00","486","저조"
"SO_0565","향화도항","2029-01-10 00:00","551","저조"
"SO_0565","향화도항","2029-01-10 00:00","107","고조"
"SO_0565","향화도항","2029-01-09 00:00","536","저조"
"SO_0565","향화도항","2029-01-09 00:00","103","고조"
"SO_0565","향화도항","2029-01-09 00:00","572","저조"
"SO_0565","향화도항","2029-01-09 00:00","177","고조"
"SO_0565","향화도항","2029-01-10 00:00","207","고조"
"SO_0565","향화도항","2029-01-10 00:00","486","저조"
"SO_0565","향화도항","2029-01-10 00:00","551","저조"
"SO_0565","향화도항","2029-01-10 00:00","107","고조"
"SO_0565","향화도항","2029-01-09 00:00","536","저조"
"SO_0565","향화도항","2029-01-09 00:00","103","고조"
"SO_0565","향화도항","2029-01-09 00:00","572","저조"
"SO_0565","향화도항","2029-01-09 00:00","177","고조"
"SO_0565","향화도항","2029-01-10 00:00","207","고조"
"SO_0565","향화도항","2029-01-10 00:00","486","저조"
"SO_0565","향화도항","2029-01-10 00:00","551","저조"
"SO_0565","향화도항","2029-01-10 00:00","107","고조"
"SO_0565","향화도항","2029-01-09 00:00","536","저조"
"SO_0565","향화도항","2029-01-09 00:00","103","고조"
"SO_0565","향화도항","2029-01-09 00:00","572","저조"
"SO_0565","향화도항","2029-01-09 00:00","177","고조"
"SO_0565","향화도항","2029-01-10 00:00","207","고조"
"SO_0565","향화도항","2029-01-10 00:00","486","저조"
"SO_0565","향화도항","2029-01-10 00:00","551","저조"
"SO_0565","향화도항","2029-01-10 00:00","107","고조"
"SO_0565","향화도항","2029-01-09 00:00","536","저조"
"SO_0565","향화도항","2029-01-09 00:00","103","고조"
"SO_0565","향화도항","2029-01-09 00:00","572","저조"
"SO_0565","향화도항","2029-01-09 00:00","177","고조"
"SO_0565","향화도항","2029-01-10 00:00","207","고조"
"SO_0565","향화도항","2029-01-10 00:00","486","저조"
"SO_0565","향화도항","2029-01-10 00:00","551","저조"
"SO_0565","향화도항","2029-01-10 00:00","107","고조"
"SO_0565","향화도항","2029-01-09 00:00","536","저조"
"SO_0565","향화도항","2029-01-09 00:00","103","고조"
"SO_0565","향화도항","2029-01-09 00:00","572","저조"
"SO_0565","향화도항","2029-01-09 00:00","177","고조"
"SO_0565","향화도항","2029-01-10 00:00","207","고조"
"SO_0565","향화도항","2029-01-10 00:00","486","저조"
"SO_0565","향화도항","2029-01-10 00:00","551","저조"
"SO_0565","향화도항","2029-01-10 00:00","107","고조"
"SO_0565","향화도항","2029-01-09 00:00","536","저조"
"SO_0565","향화도항","2029-01-09 00:00","103","고조"
"SO_0565","향화도항","2029-01-09 00:00","572","저조"
"SO_0565","향화도항","2029-01-09 00:00","177","고조"
"SO_0565","향화도항","2029-01-10 00:00","207","고조"
"SO_0565","향화도항","2029-01-10 00:00","486","저조"
"SO_0565","향화도항","2029-01-10 00:00","551","저조"
"SO_0565","향화도항","2029-01-10 00:00","107","고조"
"SO_0565","향화도항","2029-01-09 00:00","536","저조"
"SO_0565","향화도항","2029-01-09 00:00","103","고조"
"SO_0565","향화도항","2029-01-09 00:00","572","저조"
"SO_0565","향화도항","2029-01-09 00:00","177","고조"
"SO_0565","향화도항","2029-01-10 00:00","207","고조"
"SO_0565","향화도항","2029-01-10 00:00","486","저조"
"SO_0565","향화도항","2029-01-10 00:00","551","저조"
"SO_0565","향화도항","2029-01-10 00:00","107","고조"
"SO_0565","향화도항","2029-01-09 00:00","536","저조"
"SO_0565","향화도항","2029-01-09 00:00","103","고조"
"SO_0565","향화도항","2029-01-09 00:00","572","저조"
"SO_0565","향화도항","2029-01-09 00:00","177","고조"
"SO_0565","향화도항","2029-01-10 00:00","207","고조"
"SO_0565","향화도항","2029-01-10 00:00","486","저조"
"SO_0565","향화도항","2029-01-10 00:00","551","저조"
"SO_0565","향화도항","2029-01-10 00:00","107","고조"
"SO_0565","향화도항","2029-01-09 00:00","536","저조"
"SO_0565","향화도항","2029-01-09 00:00","103","고조"
"SO_0565","향화도항","2029-01-09 00:00","572","저조"
"SO_0565","향화도항","2029-01-09 00:00","177","고조"
"SO_0565","향화도항","2029-01-10 00:00","207","고조"
"SO_0565","향화도항","2029-01-10 00:00","486","저조"
"SO_0565","향화도항","2029-01-10 00:00","551","저조"
"SO_0565","향화도항","2029-01-10 00:00","107","고조"
"SO_0565","향화도항","2029-01-09 00:00","536","저조"
"SO_0565","향화도항","2029-01-09 00:00","103","고조"
"SO_0565","향화도항","2029-01-09 00:00","572","저조"
"SO_0565","향화도항","2029-01-09 00:00","177","고조"
"SO_0565","향화도항","2029-01-10 00:00","207","고조"
"SO_0565","향화도항","2029-01-10 00:00","486","저조"
"SO_0565","향화도항","2029-01-10 00:00","551","저조"
"SO_0565","향화도항","2029-01-10 00:00","107","고조"
"SO_0565","향화도항","2029-01-09 00:00","536","저조"
"SO_0565","향화도항","2029-01-09 00:00","103","고조"
"SO_0565","향화도항","2029-01-09 00:00","572","저조"
"SO_0565","향화도항","2029-01-09 00:00","177","고조"
"SO_0565","향화도항","2029-01-10 00:00","207","고조"
"SO_0565","향화도항","2029-01-10 00:00","486","저조"
"SO_0565","향화도항","2029-01-10 00:00","551","저조"
"SO_0565","향화도항","2029-01-10 00:00","107","고조"
"SO_0565","향화도항","2029-01-09 00:00","536","저조"
"SO_0565","향화도항","2029-01-09 00:00","103","고조"
"SO_0565","향화도항","2029-01-09 00:00","572","저조"
"SO_0565","향화도항","2029-01-09 00:00","177","고조"
"SO_0565","향화도항","2029-01-10 00:00","207","고조"
"SO_0565","향화도항","2029-01-10 00:00","486","저조"
"SO_0565","향화도항","2029-01-10 00:00","551","저조"
"SO_0565","향화도항","2029-01-10 00:00","107","고조"
"SO_0565","향화도항","2029-01-09 00:00","536","저조"
"SO_0565","향화도항","2029-01-09 00:00","103","고조"
"SO_0565","향화도항","2029-01-09 00:00","572","저조"
"SO_0565","향화도항","2029-01-09 00:00","177","고조"
"SO_0565","향화도항","2029-01-10 00:00","207","고조"
"SO_0565","향화도항","2029-01-10 00:00","486","저조"
"SO_0565","향화도항","2029-01-10 00:00","551","저조"
"SO_0565","향화도항","2029-01-10 00:00","107","고조"
"SO_0565","향화도항","2029-01-09 00:00","536","저조"
"SO_0565","향화도항","2029-01-09 00:00","103","고조"
"SO_0565","향화도항","2029-01-09 00:00","572","저조"
"SO_0565","향화도항","2029-01-09 00:00","177","고조"
"SO_0565","향화도항","2029-01-10 00:00","207","고조"
"SO_0565","향화도항","2029-01-10 00:00","486","저조"
"SO_0565","향화도항","2029-01-10 00:00","551","저조"
"SO_0565","향화도항","2029-01-10 00:00","107","고조"
"SO_0565","향화도항","2029-01-09 00:00","536","저조"
"SO_0565","향화도항","2029-01-09 00:00","103","고조"
"SO_0565","향화도항","2029-01-09 00:00","572","저조"
"SO_0565","향화도항","2029-01-09 00:00","177","고조"
"SO_0565","향화도항","2029-01-10 00:00","207","고조"
"SO_0565","향화도항","2029-01-10 00:00","486","저조"
"SO_0565","향화도항","2029-01-10 00:00","551","저조"
"SO_0565","향화도항","2029-01-10 00:00","107","고조"
"SO_0565","향화도항","2029-01-09 00:00","536","저조"
"SO_0565","향화도항","2029-01-09 00:00","103","고조"
"SO_0565","향화도항","2029-01-09 00:00","572","저조"
"SO_0565","향화도항","2029-01-09 00:00","177","고조"
"SO_0565","향화도항","2029-01-10 00:00","207","고조"
"SO_0565","향화도항","2029-01-10 00:00","486","저조"
"SO_0565","향화도항","2029-01-10 00:00","551","저조"
"SO_0565","향화도항","2029-01-10 00:00","107","고조"
"SO_0565","향화도항","2029-01-09 00:00","536","저조"
"SO_0565","향화도항","2029-01-09 00:00","103","고조"
"SO_0565","향화도항","2029-01-09 00:00","572","저조"
"SO_0565","향화도항","2029-01-09 00:00","177","고조"
"SO_0565","향화도항","2029-01-10 00:00","207","고조"
"SO_0565","향화도항","2029-01-10 00:00","486","저조"
"SO_0565","향화도항","2029-01-10 00:00","551","저조"
"SO_0565","향화도항","2029-01-10 00:00","107","고조"
"SO_0565","향화도항","2029-01-09 00:00","536","저조"
"SO_0565","향화도항","2029-01-09 00:00","103","고조"
"SO_0565","향화도항","2029-01-09 00:00","572","저조"
"SO_0565","향화도항","2029-01-09 00:00","177","고조"
"SO_0565","향화도항","2029-01-10 00:00","207","고조"
"SO_0565","향화도항","2029-01-10 00:00","486","저조"
"SO_0565","향화도항","2029-01-10 00:00","551","저조"
"SO_0565","향화도항","2029-01-10 00:00","107","고조"
"SO_0565","향화도항","2029-01-09 00:00","536","저조"
"SO_0565","향화도항","2029-01-09 00:00","103","고조"
"SO_0565","향화도항","2029-01-09 00:00","572","저조"
"SO_0565","향화도항","2029-01-09 00:00","177","고조"
"SO_0565","향화도항","2029-01-10 00:00","207","고조"
"SO_0565","향화도항","2029-01-10 00:00","486","저조"
"SO_0565","향화도항","2029-01-10 00:00","551","저조"
"SO_0565","향화도항","2029-01-10 00:00","107","고조"
"SO_0565","향화도항","2029-01-09 00:00","536","저조"
"SO_0565","향화도항","2029-01-09 00:00","103","고조"
"SO_0565","향화도항","2029-01-09 00:00","572","저조"
"SO_0565","향화도항","2029-01-09 00:00","177","고조"
"SO_0565","향화도항","2029-01-10 00:00","207","고조"
"SO_0565","향화도항","2029-01-10 00:00","486","저조"
"SO_0565","향화도항","2029-01-10 00:00","551","저조"
"SO_0565","향화도항","2029-01-10 00:00","107","고조"
"SO_0565","향화도항","2029-01-09 00:00","536","저조"
"SO_0565","향화도항","2029-01-09 00:00","103","고조"
"SO_0565","향화도항","2029-01-09 00:00","572","저조"
"SO_0565","향화도항","2029-01-09 00:00","177","고조"
"SO_0565","향화도항","2029-01-10 00:00","207","고조"
"SO_0565","향화도항","2029-01-10 00:00","486","저조"
"SO_0565","향화도항","2029-01-10 00:00","551","저조"
"SO_0565","향화도항","2029-01-10 00:00","107","고조"
"SO_0565","향화도항","2029-01-09 00:00","536","저조"
"SO_0565","향화도항","2029-01-09 00:00","103","고조"
"SO_0565","향화도항","2029-01-09 00:00","572","저조"
"SO_0565","향화도항","2029-01-09 00:00","177","고조"
"SO_0565","향화도항","2029-01-10 00:00","207","고조"
"SO_0565","향화도항","2029-01-10 00:00","486","저조"
"SO_0565","향화도항","2029-01-10 00:00","551","저조"
"SO_0565","향화도항","2029-01-10 00:00","107","고조"
"SO_0565","향화도항","2029-01-09 00:00","536","저조"
"SO_0565","향화도항","2029-01-09 00:00","103","고조"
"SO_0565","향화도항","2029-01-09 00:00","572","저조"
"SO_0565","향화도항","2029-01-09 00:00","177","고조"
"SO_0565","향화도항","2029-01-10 00:00","207","고조"
"SO_0565","향화도항","2029-01-10 00:00","486","저조"
"SO_0565","향화도항","2029-01-10 00:00","551","저조"
"SO_0565","향화도항","2029-01-10 00:00","107","고조"
"SO_0565","향화도항","2029-01-09 00:00","536","저조"
"SO_0565","향화도항","2029-01-09 00:00","103","고조"
"SO_0565","향화도항","2029-01-09 00:00","572","저조"
"SO_0565","향화도항","2029-01-09 00:00","177","고조"
"SO_0565","향화도항","2029-01-10 00:00","207","고조"
"SO_0565","향화도항","2029-01-10 00:00","486","저조"
"SO_0565","향화도항","2029-01-10 00:00","551","저조"
"SO_0565","향화도항","2029-01-10 00:00","107","고조"
"SO_0565","향화도항","2029-01-09 00:00","536","저조"
"SO_0565","향화도항","2029-01-09 00:00","103","고조"
"SO_0565","향화도항","2029-01-09 00:00","572","저조"
"SO_0565","향화도항","2029-01-09 00:00","177","고조"
"SO_0565","향화도항","2029-01-10 00:00","207","고조"
"SO_0565","향화도항","2029-01-10 00:00","486","저조"
"SO_0565","향화도항","2029-01-10 00:00","551","저조"
"SO_0565","향화도항","2029-01-10 00:00","107","고조"
"SO_0565","향화도항","2029-01-09 00:00","536","저조"
"SO_0565","향화도항","2029-01-09 00:00","103","고조"
"SO_0565","향화도항","2029-01-09 00:00","572","저조"
"SO_0565","향화도항","2029-01-09 00:00","177","고조"
"SO_0565","향화도항","2029-01-10 00:00","207","고조"
"SO_0565","향화도항","2029-01-10 00:00","486","저조"
"SO_0565","향화도항","2029-01-10 00:00","551","저조"
"SO_0565","향화도항","2029-01-10 00:00","107","고조"
"SO_0565","향화도항","2029-01-09 00:00","536","저조"
"SO_0565","향화도항","2029-01-09 00:00","103","고조"
"SO_0565","향화도항","2029-01-09 00:00","572","저조"
"SO_0565","향화도항","2029-01-09 00:00","177","고조"
"SO_0565","향화도항","2029-01-10 00:00","207","고조"
"SO_0565","향화도항","2029-01-10 00:00","486","저조"
"SO_0565","향화도항","2029-01-10 00:00","551","저조"
"SO_0565","향화도항","2029-01-10 00:00","107","고조"
"SO_0565","향화도항","2029-01-09 00:00","536","저조"
"SO_0565","향화도항","2029-01-09 00:00","103","고조"
"SO_0565","향화도항","2029-01-09 00:00","572","저조"
"SO_0565","향화도항","2029-01-09 00:00","177","고조"
"SO_0565","향화도항","2029-01-10 00:00","207","고조"
"SO_0565","향화도항","2029-01-10 00:00","486","저조"
"SO_0565","향화도항","2029-01-10 00:00","551","저조"
"SO_0565","향화도항","2029-01-10 00:00","107","고조"
"SO_0565","향화도항","2029-01-09 00:00","536","저조"
"SO_0565","향화도항","2029-01-09 00:00","103","고조"
"SO_0565","향화도항","2029-01-09 00:00","572","저조"
"SO_0565","향화도항","2029-01-09 00:00","177","고조"
"SO_0565","향화도항","2029-01-10 00:00","207","고조"
"SO_0565","향화도항","2029-01-10 00:00","486","저조"
"SO_0565","향화도항","2029-01-10 00:00","551","저조"
"SO_0565","향화도항","2029-01-10 00:00","107","고조"
"SO_0565","향화도항","2029-01-09 00:00","536","저조"
"SO_0565","향화도항","2029-01-09 00:00","103","고조"
"SO_0565","향화도항","2029-01-09 00:00","572","저조"
"SO_0565","향화도항","2029-01-09 00:00","177","고조"
"SO_0565","향화도항","2029-01-10 00:00","207","고조"
"SO_0565","향화도항","2029-01-10 00:00","486","저조"
"SO_0565","향화도항","2029-01-10 00:00","551","저조"
"SO_0565","향화도항","2029-01-10 00:00","107","고조"
"SO_0565","향화도항","2029-01-09 00:00","536","저조"
"SO_0565","향화도항","2029-01-09 00:00","103","고조"
"SO_0565","향화도항","2029-01-09 00:00","572","저조"
"SO_0565","향화도항","2029-01-09 00:00","177","고조"
"SO_0565","향화도항","2029-01-10 00:00","207","고조"
"SO_0565","향화도항","2029-01-10 00:00","486","저조"
"SO_0565","향화도항","2029-01-10 00:00","551","저조"
"SO_0565","향화도항","2029-01-10 00:00","107","고조"
"SO_0565","향화도항","2029-01-09 00:00","536","저조"
"SO_0565","향화도항","2029-01-09 00:00","103","고조"
"SO_0565","향화도항","2029-01-09 00:00","572","저조"
"SO_0565","향화도항","2029-01-09 00:00","177","고조"
"SO_0565","향화도항","2029-01-10 00:00","207","고조"
"SO_0565","향화도항","2029-01-10 00:00","486","저조"
"SO_0565","향화도항","2029-01-10 00:00","551","저조"
"SO_0565","향화도항","2029-01-10 00:00","107","고조"
"SO_0565","향화도항","2029-01-09 00:00","536","저조"
"SO_0565","향화도항","2029-01-09 00:00","103","고조"
"SO_0565","향화도항","2029-01-09 00:00","572","저조"
"SO_0565","향화도항","2029-01-09 00:00","177","고조"
"SO_0565","향화도항","2029-01-10 00:00","207","고조"
"SO_0565","향화도항","2029-01-10 00:00","486","저조"
"SO_0565","향화도항","2029-01-10 00:00","551","저조"
"SO_0565","향화도항","2029-01-10 00:00","107","고조"
"SO_0565","향화도항","2029-01-09 00:00","536","저조"
"SO_0565","향화도항","2029-01-09 00:00","103","고조"
"SO_0565","향화도항","2029-01-09 00:00","572","저조"
"SO_0565","향화도항","2029-01-09 00:00","177","고조"
"SO_0565","향화도항","2029-01-10 00:00","207","고조"
"SO_0565","향화도항","2029-01-10 00:00","486","저조"
"SO_0565","향화도항","2029-01-10 00:00","551","저조"
"SO_0565","향화도항","2029-01-10 00:00","107","고조"
"SO_0565","향화도항","2029-01-09 00:00","536","저조"
"SO_0565","향화도항","2029-01-09 00:00","103","고조"
"SO_0565","향화도항","2029-01-09 00:00","572","저조"
"SO_0565","향화도항","2029-01-09 00:00","177","고조"
"SO_0565","향화도항","2029-01-10 00:00","207","고조"
"SO_0565","향화도항","2029-01-10 00:00","486","저조"
"SO_0565","향화도항","2029-01-10 00:00","551","저조"
"SO_0565","향화도항","2029-01-10 00:00","107","고조"
"SO_0565","향화도항","2029-01-09 00:00","536","저조"
"SO_0565","향화도항","2029-01-09 00:00","103","고조"
"SO_0565","향화도항","2029-01-09 00:00","572","저조"
"SO_0565","향화도항","2029-01-09 00:00","177","고조"
"SO_0565","향화도항","2029-01-10 00:00","207","고조"
"SO_0565","향화도항","2029-01-10 00:00","486","저조"
"SO_0565","향화도항","2029-01-10 00:00","551","저조"
"SO_0565","향화도항","2029-01-10 00:00","107","고조"
"SO_0565","향화도항","2029-01-09 00:00","536","저조"
"SO_0565","향화도항","2029-01-09 00:00","103","고조"
"SO_0565","향화도항","2029-01-09 00:00","572","저조"
"SO_0565","향화도항","2029-01-09 00:00","177","고조"
"SO_0565","향화도항","2029-01-10 00:00","207","고조"
"SO_0565","향화도항","2029-01-10 00:00","486","저조"
"SO_0565","향화도항","2029-01-10 00:00","551","저조"
"SO_0565","향화도항","2029-01-10 00:00","107","고조"
"SO_0565","향화도항","2029-01-09 00:00","536","저조"
"SO_0565","향화도항","2029-01-09 00:00","103","고조"
"SO_0565","향화도항","2029-01-09 00:00","572","저조"
"SO_0565","향화도항","2029-01-09 00:00","177","고조"
"SO_0565","향화도항","2029-01-10 00:00","207","고조"
"SO_0565","향화도항","2029-01-10 00:00","486","저조"
"SO_0565","향화도항","2029-01-10 00:00","551","저조"
"SO_0565","향화도항","2029-01-10 00:00","107","고조"
"SO_0565","향화도항","2029-01-09 00:00","536","저조"
"SO_0565","향화도항","2029-01-09 00:00","103","고조"
"SO_0565","향화도항","2029-01-09 00:00","572","저조"
"SO_0565","향화도항","2029-01-09 00:00","177","고조"
"SO_0565","향화도항","2029-01-10 00:00","207","고조"
"SO_0565","향화도항","2029-01-10 00:00","486","저조"
"SO_0565","향화도항","2029-01-10 00:00","551","저조"
"SO_0565","향화도항","2029-01-10 00:00","107","고조"
"SO_0565","향화도항","2029-01-09 00:00","536","저조"
"SO_0565","향화도항","2029-01-09 00:00","103","고조"
"SO_0565","향화도항","2029-01-09 00:00","572","저조"
"SO_0565","향화도항","2029-01-09 00:00","177","고조"
"SO_0565","향화도항","2029-01-10 00:00","207","고조"
"SO_0565","향화도항","2029-01-10 00:00","486","저조"
"SO_0565","향화도항","2029-01-10 00:00","551","저조"
"SO_0565","향화도항","2029-01-10 00:00","107","고조"
"SO_0565","향화도항","2029-01-09 00:00","536","저조"
"SO_0565","향화도항","2029-01-09 00:00","103","고조"
"SO_0565","향화도항","2029-01-09 00:00","572","저조"
"SO_0565","향화도항","2029-01-09 00:00","177","고조"
"SO_0565","향화도항","2029-01-10 00:00","207","고조"
"SO_0565","향화도항","2029-01-10 00:00","486","저조"
"SO_0565","향화도항","2029-01-10 00:00","551","저조"
"SO_0565","향화도항","2029-01-10 00:00","107","고조"
"SO_0565","향화도항","2029-01-09 00:00","536","저조"
"SO_0565","향화도항","2029-01-09 00:00","103","고조"
"SO_0565","향화도항","2029-01-09 00:00","572","저조"
"SO_0565","향화도항","2029-01-09 00:00","177","고조"
"SO_0565","향화도항","2029-01-10 00:00","207","고조"
"SO_0565","향화도항","2029-01-10 00:00","486","저조"
"SO_0565","향화도항","2029-01-10 00:00","551","저조"
"SO_0565","향화도항","2029-01-10 00:00","107","고조"
"SO_0565","향화도항","2029-01-09 00:00","536","저조"
"SO_0565","향화도항","2029-01-09 00:00","103","고조"
"SO_0565","향화도항","2029-01-09 00:00","572","저조"
"SO_0565","향화도항","2029-01-09 00:00","177","고조"
"SO_0565","향화도항","2029-01-10 00:00","207","고조"
"SO_0565","향화도항","2029-01-10 00:00","486","저조"
"SO_0565","향화도항","2029-01-10 00:00","551","저조"
"SO_0565","향화도항","2029-01-10 00:00","107","고조"
"SO_0565","향화도항","2029-01-09 00:00","536","저조"
"SO_0565","향화도항","2029-01-09 00:00","103","고조"
"SO_0565","향화도항","2029-01-09 00:00","572","저조"
"SO_0565","향화도항","2029-01-09 00:00","177","고조"
"SO_0565","향화도항","2029-01-10 00:00","207","고조"
"SO_0565","향화도항","2029-01-10 00:00","486","저조"
"SO_0565","향화도항","2029-01-10 00:00","551","저조"
"SO_0565","향화도항","2029-01-10 00:00","107","고조"
"SO_0565","향화도항","2029-01-09 00:00","536","저조"
"SO_0565","향화도항","2029-01-09 00:00","103","고조"
"SO_0565","향화도항","2029-01-09 00:00","572","저조"
"SO_0565","향화도항","2029-01-09 00:00","177","고조"
"SO_0565","향화도항","2029-01-10 00:00","207","고조"
"SO_0565","향화도항","2029-01-10 00:00","486","저조"
"SO_0565","향화도항","2029-01-10 00:00","551","저조"
"SO_0565","향화도항","2029-01-10 00:00","107","고조"
"SO_0565","향화도항","2029-01-09 00:00","536","저조"
"SO_0565","향화도항","2029-01-09 00:00","103","고조"
"SO_0565","향화도항","2029-01-09 00:00","572","저조"
"SO_0565","향화도항","2029-01-09 00:00","177","고조"
"SO_0565","향화도항","2029-01-10 00:00","207","고조"
"SO_0565","향화도항","2029-01-10 00:00","486","저조"
"SO_0565","향화도항","2029-01-10 00:00","551","저조"
"SO_0565","향화도항","2029-01-10 00:00","107","고조"
"SO_0565","향화도항","2029-01-09 00:00","536","저조"
"SO_0565","향화도항","2029-01-09 00:00","103","고조"
"SO_0565","향화도항","2029-01-09 00:00","572","저조"
"SO_0565","향화도항","2029-01-09 00:00","177","고조"
"SO_0565","향화도항","2029-01-10 00:00","207","고조"
"SO_0565","향화도항","2029-01-10 00:00","486","저조"
"SO_0565","향화도항","2029-01-10 00:00","551","저조"
"SO_0565","향화도항","2029-01-10 00:00","107","고조"
"SO_0565","향화도항","2029-01-09 00:00","536","저조"
"SO_0565","향화도항","2029-01-09 00:00","103","고조"
"SO_0565","향화도항","2029-01-09 00:00","572","저조"
"SO_0565","향화도항","2029-01-09 00:00","177","고조"
"SO_0565","향화도항","2029-01-10 00:00","207","고조"
"SO_0565","향화도항","2029-01-10 00:00","486","저조"
"SO_0565","향화도항","2029-01-10 00:00","551","저조"
"SO_0565","향화도항","2029-01-10 00:00","107","고조"
"SO_0565","향화도항","2029-01-09 00:00","536","저조"
"SO_0565","향화도항","2029-01-09 00:00","103","고조"
"SO_0565","향화도항","2029-01-09 00:00","572","저조"
"SO_0565","향화도항","2029-01-09 00:00","177","고조"
"SO_0565","향화도항","2029-01-10 00:00","207","고조"
"SO_0565","향화도항","2029-01-10 00:00","486","저조"
"SO_0565","향화도항","2029-01-10 00:00","551","저조"
"SO_0565","향화도항","2029-01-10 00:00","107","고조"
"SO_0565","향화도항","2029-01-09 00:00","536","저조"
"SO_0565","향화도항","2029-01-09 00:00","103","고조"
"SO_0565","향화도항","2029-01-09 00:00","572","저조"
"SO_0565","향화도항","2029-01-09 00:00","177","고조"
"SO_0565","향화도항","2029-01-10 00:00","207","고조"
"SO_0565","향화도항","2029-01-10 00:00","486","저조"
"SO_0565","향화도항","2029-01-10 00:00","551","저조"
"SO_0565","향화도항","2029-01-10 00:00","107","고조"
"SO_0565","향화도항","2029-01-09 00:00","536","저조"
"SO_0565","향화도항","2029-01-09 00:00","103","고조"
"SO_0565","향화도항","2029-01-09 00:00","572","저조"
"SO_0565","향화도항","2029-01-09 00:00","177","고조"
"SO_0565","향화도항","2029-01-10 00:00","207","고조"
"SO_0565","향화도항","2029-01-10 00:00","486","저조"
"SO_0565","향화도항","2029-01-10 00:00","551","저조"
"SO_0565","향화도항","2029-01-10 00:00","107","고조"
"SO_0565","향화도항","2029-01-09 00:00","536","저조"
"SO_0565","향화도항","2029-01-09 00:00","103","고조"
"SO_0565","향화도항","2029-01-09 00:00","572","저조"
"SO_0565","향화도항","2029-01-09 00:00","177","고조"
"SO_0565","향화도항","2029-01-10 00:00","207","고조"
"SO_0565","향화도항","2029-01-10 00:00","486","저조"
"SO_0565","향화도항","2029-01-10 00:00","551","저조"
"SO_0565","향화도항","2029-01-10 00:00","107","고조"
"SO_0565","향화도항","2029-01-09 00:00","536","저조"
"SO_0565","향화도항","2029-01-09 00:00","103","고조"
"SO_0565","향화도항","2029-01-09 00:00","572","저조"
"SO_0565","향화도항","2029-01-09 00:00","177","고조"
"SO_0565","향화도항","2029-01-10 00:00","207","고조"
"SO_0565","향화도항","2029-01-10 00:00","486","저조"
"SO_0565","향화도항","2029-01-10 00:00","551","저조"
"SO_0565","향화도항","2029-01-10 00:00","107","고조"
"SO_0565","향화도항","2029-01-09 00:00","536","저조"
"SO_0565","향화도항","2029-01-09 00:00","103","고조"
"SO_0565","향화도항","2029-01-09 00:00","572","저조"
"SO_0565","향화도항","2029-01-09 00:00","177","고조"
"SO_0565","향화도항","2029-01-10 00:00","207","고조"
"SO_0565","향화도항","2029-01-10 00:00","486","저조"
"SO_0565","향화도항","2029-01-10 00:00","551","저조"
"SO_0565","향화도항","2029-01-10 00:00","107","고조"
"SO_0565","향화도항","2029-01-09 00:00","536","저조"
"SO_0565","향화도항","2029-01-09 00:00","103","고조"
"SO_0565","향화도항","2029-01-09 00:00","572","저조"
"SO_0565","향화도항","2029-01-09 00:00","177","고조"
"SO_0565","향화도항","2029-01-10 00:00","207","고조"
"SO_0565","향화도항","2029-01-10 00:00","486","저조"
"SO_0565","향화도항","2029-01-10 00:00","551","저조"
"SO_0565","향화도항","2029-01-10 00:00","107","고조"
"SO_0565","향화도항","2029-01-09 00:00","536","저조"
"SO_0565","향화도항","2029-01-09 00:00","103","고조"
"SO_0565","향화도항","2029-01-09 00:00","572","저조"
"SO_0565","향화도항","2029-01-09 00:00","177","고조"
"SO_0565","향화도항","2029-01-10 00:00","207","고조"
"SO_0565","향화도항","2029-01-10 00:00","486","저조"
"SO_0565","향화도항","2029-01-10 00:00","551","저조"
"SO_0565","향화도항","2029-01-10 00:00","107","고조"
"SO_0565","향화도항","2029-01-09 00:00","536","저조"
"SO_0565","향화도항","2029-01-09 00:00","103","고조"
"SO_0565","향화도항","2029-01-09 00:00","572","저조"
"SO_0565","향화도항","2029-01-09 00:00","177","고조"
"SO_0565","향화도항","2029-01-10 00:00","207","고조"
"SO_0565","향화도항","2029-01-10 00:00","486","저조"
"SO_0565","향화도항","2029-01-10 00:00","551","저조"
"SO_0565","향화도항","2029-01-10 00:00","107","고조"
"SO_0565","향화도항","2029-01-09 00:00","536","저조"
"SO_0565","향화도항","2029-01-09 00:00","103","고조"
"SO_0565","향화도항","2029-01-09 00:00","572","저조"
"SO_0565","향화도항","2029-01-09 00:00","177","고조"
"SO_0565","향화도항","2029-01-10 00:00","207","고조"
"SO_0565","향화도항","2029-01-10 00:00","486","저조"
"SO_0565","향화도항","2029-01-10 00:00","551","저조"
"SO_0565","향화도항","2029-01-10 00:00","107","고조"
"SO_0565","향화도항","2029-01-09 00:00","536","저조"
"SO_0565","향화도항","2029-01-09 00:00","103","고조"
"SO_0565","향화도항","2029-01-09 00:00","572","저조"
"SO_0565","향화도항","2029-01-09 00:00","177","고조"
"SO_0565","향화도항","2029-01-10 00:00","207","고조"
"SO_0565","향화도항","2029-01-10 00:00","486","저조"
"SO_0565","향화도항","2029-01-10 00:00","551","저조"
"SO_0565","향화도항","2029-01-10 00:00","107","고조"
"SO_0565","향화도항","2029-01-09 00:00","536","저조"
"SO_0565","향화도항","2029-01-09 00:00","103","고조"
"SO_0565","향화도항","2029-01-09 00:00","572","저조"
"SO_0565","향화도항","2029-01-09 00:00","177","고조"
"SO_0565","향화도항","2029-01-10 00:00","207","고조"
"SO_0565","향화도항","2029-01-10 00:00","486","저조"
"SO_0565","향화도항","2029-01-10 00:00","551","저조"
"SO_0565","향화도항","2029-01-10 00:00","107","고조"
"SO_0565","향화도항","2029-01-09 00:00","536","저조"
"SO_0565","향화도항","2029-01-09 00:00","103","고조"
"SO_0565","향화도항","2029-01-09 00:00","572","저조"
"SO_0565","향화도항","2029-01-09 00:00","177","고조"
"SO_0565","향화도항","2029-01-10 00:00","207","고조"
"SO_0565","향화도항","2029-01-10 00:00","486","저조"
"SO_0565","향화도항","2029-01-10 00:00","551","저조"
"SO_0565","향화도항","2029-01-10 00:00","107","고조"
"SO_0565","향화도항","2029-01-09 00:00","536","저조"
"SO_0565","향화도항","2029-01-09 00:00","103","고조"
"SO_0565","향화도항","2029-01-09 00:00","572","저조"
"SO_0565","향화도항","2029-01-09 00:00","177","고조"
"SO_0565","향화도항","2029-01-10 00:00","207","고조"
"SO_0565","향화도항","2029-01-10 00:00","486","저조"
"SO_0565","향화도항","2029-01-10 00:00","551","저조"
"SO_0565","향화도항","2029-01-10 00:00","107","고조"
"SO_0565","향화도항","2029-01-09 00:00","536","저조"
"SO_0565","향화도항","2029-01-09 00:00","103","고조"
"SO_0565","향화도항","2029-01-09 00:00","572","저조"
"SO_0565","향화도항","2029-01-09 00:00","177","고조"
"SO_0565","향화도항","2029-01-10 00:00","207","고조"
"SO_0565","향화도항","2029-01-10 00:00","486","저조"
"SO_0565","향화도항","2029-01-10 00:00","551","저조"
"SO_0565","향화도항","2029-01-10 00:00","107","고조"
"SO_0565","향화도항","2029-01-09 00:00","536","저조"
"SO_0565","향화도항","2029-01-09 00:00","103","고조"
"SO_0565","향화도항","2029-01-09 00:00","572","저조"
"SO_0565","향화도항","2029-01-09 00:00","177","고조"
"SO_0565","향화도항","2029-01-10 00:00","207","고조"
"SO_0565","향화도항","2029-01-10 00:00","486","저조"
"SO_0565","향화도항","2029-01-10 00:00","551","저조"
"SO_0565","향화도항","2029-01-10 00:00","107","고조"
"SO_0565","향화도항","2029-01-09 00:00","536","저조"
"SO_0565","향화도항","2029-01-09 00:00","103","고조"
"SO_0565","향화도항","2029-01-09 00:00","572","저조"
"SO_0565","향화도항","2029-01-09 00:00","177","고조"
"SO_0565","향화도항","2029-01-10 00:00","207","고조"
"SO_0565","향화도항","2029-01-10 00:00","486","저조"
"SO_0565","향화도항","2029-01-10 00:00","551","저조"
"SO_0565","향화도항","2029-01-10 00:00","107","고조"
"SO_0565","향화도항","2029-01-09 00:00","536","저조"
"SO_0565","향화도항","2029-01-09 00:00","103","고조"
"SO_0565","향화도항","2029-01-09 00:00","572","저조"
"SO_0565","향화도항","2029-01-09 00:00","177","고조"
"SO_0565","향화도항","2029-01-10 00:00","207","고조"
"SO_0565","향화도항","2029-01-10 00:00","486","저조"
"SO_0565","향화도항","2029-01-10 00:00","551","저조"
"SO_0565","향화도항","2029-01-10 00:00","107","고조"
"SO_0565","향화도항","2029-01-09 00:00","536","저조"
"SO_0565","향화도항","2029-01-09 00:00","103","고조"
"SO_0565","향화도항","2029-01-09 00:00","572","저조"
"SO_0565","향화도항","2029-01-09 00:00","177","고조"
"SO_0565","향화도항","2029-01-10 00:00","207","고조"
"SO_0565","향화도항","2029-01-10 00:00","486","저조"
"SO_0565","향화도항","2029-01-10 00:00","551","저조"
"SO_0565","향화도항","2029-01-10 00:00","107","고조"
"SO_0565","향화도항","2029-01-09 00:00","536","저조"
"SO_0565","향화도항","2029-01-09 00:00","103","고조"
"SO_0565","향화도항","2029-01-09 00:00","572","저조"
"SO_0565","향화도항","2029-01-09 00:00","177","고조"
"SO_0565","향화도항","2029-01-10 00:00","207","고조"
"SO_0565","향화도항","2029-01-10 00:00","486","저조"
"SO_0565","향화도항","2029-01-10 00:00","551","저조"
"SO_0565","향화도항","2029-01-10 00:00","107","고조"
"SO_0565","향화도항","2029-01-09 00:00","536","저조"
"SO_0565","향화도항","2029-01-09 00:00","103","고조"
"SO_0565","향화도항","2029-01-09 00:00","572","저조"
"SO_0565","향화도항","2029-01-09 00:00","177","고조"
"SO_0565","향화도항","2029-01-10 00:00","207","고조"
"SO_0565","향화도항","2029-01-10 00:00","486","저조"
"SO_0565","향화도항","2029-01-10 00:00","551","저조"
"SO_0565","향화도항","2029-01-10 00:00","107","고조"
"SO_0565","향화도항","2029-01-09 00:00","536","저조"
"SO_0565","향화도항","2029-01-09 00:00","103","고조"
"SO_0565","향화도항","2029-01-09 00:00","572","저조"
"SO_0565","향화도항","2029-01-09 00:00","177","고조"
"SO_0565","향화도항","2029-01-10 00:00","207","고조"
"SO_0565","향화도항","2029-01-10 00:00","486","저조"
"SO_0565","향화도항","2029-01-10 00:00","551","저조"
"SO_0565","향화도항","2029-01-10 00:00","107","고조"
"SO_0565","향화도항","2029-01-09 00:00","536","저조"
"SO_0565","향화도항","2029-01-09 00:00","103","고조"
"SO_0565","향화도항","2029-01-09 00:00","572","저조"
"SO_0565","향화도항","2029-01-09 00:00","177","고조"
"SO_0565","향화도항","2029-01-10 00:00","207","고조"
"SO_0565","향화도항","2029-01-10 00:00","486","저조"
"SO_0565","향화도항","2029-01-10 00:00","551","저조"
"SO_0565","향화도항","2029-01-10 00:00","107","고조"
"SO_0565","향화도항","2029-01-09 00:00","536","저조"
"SO_0565","향화도항","2029-01-09 00:00","103","고조"
"SO_0565","향화도항","2029-01-09 00:00","572","저조"
"SO_0565","향화도항","2029-01-09 00:00","177","고조"
"SO_0565","향화도항","2029-01-10 00:00","207","고조"
"SO_0565","향화도항","2029-01-10 00:00","486","저조"
"SO_0565","향화도항","2029-01-10 00:00","551","저조"
"SO_0565","향화도항","2029-01-10 00:00","107","고조"
"SO_0565","향화도항","2029-01-09 00:00","536","저조"
"SO_0565","향화도항","2029-01-09 00:00","103","고조"
"SO_0565","향화도항","2029-01-09 00:00","572","저조"
"SO_0565","향화도항","2029-01-09 00:00","177","고조"
"SO_0565","향화도항","2029-01-10 00:00","207","고조"
"SO_0565","향화도항","2029-01-10 00:00","486","저조"
"SO_0565","향화도항","2029-01-10 00:00","551","저조"
"SO_0565","향화도항","2029-01-10 00:00","107","고조"
"SO_0565","향화도항","2029-01-09 00:00","536","저조"
"SO_0565","향화도항","2029-01-09 00:00","103","고조"
"SO_0565","향화도항","2029-01-09 00:00","572","저조"
"SO_0565","향화도항","2029-01-09 00:00","177","고조"
"SO_0565","향화도항","2029-01-10 00:00","207","고조"
"SO_0565","향화도항","2029-01-10 00:00","486","저조"
"SO_0565","향화도항","2029-01-10 00:00","551","저조"
"SO_0565","향화도항","2029-01-10 00:00","107","고조"
"SO_0565","향화도항","2029-01-09 00:00","536","저조"
"SO_0565","향화도항","2029-01-09 00:00","103","고조"
"SO_0565","향화도항","2029-01-09 00:00","572","저조"
"SO_0565","향화도항","2029-01-09 00:00","177","고조"
"SO_0565","향화도항","2029-01-10 00:00","207","고조"
"SO_0565","향화도항","2029-01-10 00:00","486","저조"
"SO_0565","향화도항","2029-01-10 00:00","551","저조"
"SO_0565","향화도항","2029-01-10 00:00","107","고조"
"SO_0565","향화도항","2029-01-09 00:00","536","저조"
"SO_0565","향화도항","2029-01-09 00:00","103","고조"
"SO_0565","향화도항","2029-01-09 00:00","572","저조"
"SO_0565","향화도항","2029-01-09 00:00","177","고조"
"SO_0565","향화도항","2029-01-10 00:00","207","고조"
"SO_0565","향화도항","2029-01-10 00:00","486","저조"
"SO_0565","향화도항","2029-01-10 00:00","551","저조"
"SO_0565","향화도항","2029-01-10 00:00","107","고조"
"SO_0565","향화도항","2029-01-09 00:00","536","저조"
"SO_0565","향화도항","2029-01-09 00:00","103","고조"
"SO_0565","향화도항","2029-01-09 00:00","572","저조"
"SO_0565","향화도항","2029-01-09 00:00","177","고조"
"SO_0565","향화도항","2029-01-10 00:00","207","고조"
"SO_0565","향화도항","2029-01-10 00:00","486","저조"
"SO_0565","향화도항","2029-01-10 00:00","551","저조"
"SO_0565","향화도항","2029-01-10 00:00","107","고조"
"SO_0565","향화도항","2029-01-09 00:00","536","저조"
"SO_0565","향화도항","2029-01-09 00:00","103","고조"
"SO_0565","향화도항","2029-01-09 00:00","572","저조"
"SO_0565","향화도항","2029-01-09 00:00","177","고조"
"SO_0565","향화도항","2029-01-10 00:00","207","고조"
"SO_0565","향화도항","2029-01-10 00:00","486","저조"
"SO_0565","향화도항","2029-01-10 00:00","551","저조"
"SO_0565","향화도항","2029-01-10 00:00","107","고조"
"SO_0565","향화도항","2029-01-09 00:00","536","저조"
"SO_0565","향화도항","2029-01-09 00:00","103","고조"
"SO_0565","향화도항","2029-01-09 00:00","572","저조"
"SO_0565","향화도항","2029-01-09 00:00","177","고조"
"SO_0565","향화도항","2029-01-10 00:00","207","고조"
"SO_0565","향화도항","2029-01-10 00:00","486","저조"
"SO_0565","향화도항","2029-01-10 00:00","551","저조"
"SO_0565","향화도항","2029-01-10 00:00","107","고조"
"SO_0565","향화도항","2029-01-09 00:00","536","저조"
"SO_0565","향화도항","2029-01-09 00:00","103","고조"
"SO_0565","향화도항","2029-01-09 00:00","572","저조"
"SO_0565","향화도항","2029-01-09 00:00","177","고조"
"SO_0565","향화도항","2029-01-10 00:00","207","고조"
"SO_0565","향화도항","2029-01-10 00:00","486","저조"
"SO_0565","향화도항","2029-01-10 00:00","551","저조"
"SO_0565","향화도항","2029-01-10 00:00","107","고조"
"SO_0565","향화도항","2029-01-09 00:00","536","저조"
"SO_0565","향화도항","2029-01-09 00:00","103","고조"
"SO_0565","향화도항","2029-01-09 00:00","572","저조"
"SO_0565","향화도항","2029-01-09 00:00","177","고조"
"SO_0565","향화도항","2029-01-10 00:00","207","고조"
"SO_0565","향화도항","2029-01-10 00:00","486","저조"
"SO_0565","향화도항","2029-01-10 00:00","551","저조"
"SO_0565","향화도항","2029-01-10 00:00","107","고조"
"SO_0565","향화도항","2029-01-09 00:00","536","저조"
"SO_0565","향화도항","2029-01-09 00:00","103","고조"
"SO_0565","향화도항","2029-01-09 00:00","572","저조"
"SO_0565","향화도항","2029-01-09 00:00","177","고조"
"SO_0565","향화도항","2029-01-10 00:00","207","고조"
"SO_0565","향화도항","2029-01-10 00:00","486","저조"
"SO_0565","향화도항","2029-01-10 00:00","551","저조"
"SO_0565","향화도항","2029-01-10 00:00","107","고조"
"SO_0565","향화도항","2029-01-09 00:00","536","저조"
"SO_0565","향화도항","2029-01-09 00:00","103","고조"
"SO_0565","향화도항","2029-01-09 00:00","572","저조"
"SO_0565","향화도항","2029-01-09 00:00","177","고조"
"SO_0565","향화도항","2029-01-10 00:00","207","고조"
"SO_0565","향화도항","2029-01-10 00:00","486","저조"
"SO_0565","향화도항","2029-01-10 00:00","551","저조"
"SO_0565","향화도항","2029-01-10 00:00","107","고조"
"SO_0565","향화도항","2029-01-09 00:00","536","저조"
"SO_0565","향화도항","2029-01-09 00:00","103","고조"
"SO_0565","향화도항","2029-01-09 00:00","572","저조"
"SO_0565","향화도항","2029-01-09 00:00","177","고조"
"SO_0565","향화도항","2029-01-10 00:00","207","고조"
"SO_0565","향화도항","2029-01-10 00:00","486","저조"
"SO_0565","향화도항","2029-01-10 00:00","551","저조"
"SO_0565","향화도항","2029-01-10 00:00","107","고조"
"SO_0565","향화도항","2029-01-09 00:00","536","저조"
"SO_0565","향화도항","2029-01-09 00:00","103","고조"
"SO_0565","향화도항","2029-01-09 00:00","572","저조"
"SO_0565","향화도항","2029-01-09 00:00","177","고조"
"SO_0565","향화도항","2029-01-10 00:00","207","고조"
"SO_0565","향화도항","2029-01-10 00:00","486","저조"
"SO_0565","향화도항","2029-01-10 00:00","551","저조"
"SO_0565","향화도항","2029-01-10 00:00","107","고조"
"SO_0565","향화도항","2029-01-09 00:00","536","저조"
"SO_0565","향화도항","2029-01-09 00:00","103","고조"
"SO_0565","향화도항","2029-01-09 00:00","572","저조"
"SO_0565","향화도항","2029-01-09 00:00","177","고조"
"SO_0565","향화도항","2029-01-10 00:00","207","고조"
"SO_0565","향화도항","2029-01-10 00:00","486","저조"
"SO_0565","향화도항","2029-01-10 00:00","551","저조"
"SO_0565","향화도항","2029-01-10 00:00","107","고조"
"SO_0565","향화도항","2029-01-09 00:00","536","저조"
"SO_0565","향화도항","2029-01-09 00:00","103","고조"
"SO_0565","향화도항","2029-01-09 00:00","572","저조"
"SO_0565","향화도항","2029-01-09 00:00","177","고조"
"SO_0565","향화도항","2029-01-10 00:00","207","고조"
"SO_0565","향화도항","2029-01-10 00:00","486","저조"
"SO_0565","향화도항","2029-01-10 00:00","551","저조"
"SO_0565","향화도항","2029-01-10 00:00","107","고조"
"SO_0565","향화도항","2029-01-09 00:00","536","저조"
"SO_0565","향화도항","2029-01-09 00:00","103","고조"
"SO_0565","향화도항","2029-01-09 00:00","572","저조"
"SO_0565","향화도항","2029-01-09 00:00","177","고조"
"SO_0565","향화도항","2029-01-10 00:00","207","고조"
"SO_0565","향화도항","2029-01-10 00:00","486","저조"
"SO_0565","향화도항","2029-01-10 00:00","551","저조"
"SO_0565","향화도항","2029-01-10 00:00","107","고조"
"SO_0565","향화도항","2029-01-09 00:00","536","저조"
"SO_0565","향화도항","2029-01-09 00:00","103","고조"
"SO_0565","향화도항","2029-01-09 00:00","572","저조"
"SO_0565","향화도항","2029-01-09 00:00","177","고조"
"SO_0565","향화도항","2029-01-10 00:00","207","고조"
"SO_0565","향화도항","2029-01-10 00:00","486","저조"
"SO_0565","향화도항","2029-01-10 00:00","551","저조"
"SO_0565","향화도항","2029-01-10 00:00","107","고조"
"SO_0565","향화도항","2029-01-09 00:00","536","저조"
"SO_0565","향화도항","2029-01-09 00:00","103","고조"
"SO_0565","향화도항","2029-01-09 00:00","572","저조"
"SO_0565","향화도항","2029-01-09 00:00","177","고조"
"SO_0565","향화도항","2029-01-10 00:00","207","고조"
"SO_0565","향화도항","2029-01-10 00:00","486","저조"
"SO_0565","향화도항","2029-01-10 00:00","551","저조"
"SO_0565","향화도항","2029-01-10 00:00","107","고조"
"SO_0565","향화도항","2029-01-09 00:00","536","저조"
"SO_0565","향화도항","2029-01-09 00:00","103","고조"
"SO_0565","향화도항","2029-01-09 00:00","572","저조"
"SO_0565","향화도항","2029-01-09 00:00","177","고조"
"SO_0565","향화도항","2029-01-10 00:00","207","고조"
"SO_0565","향화도항","2029-01-10 00:00","486","저조"
"SO_0565","향화도항","2029-01-10 00:00","551","저조"
"SO_0565","향화도항","2029-01-10 00:00","107","고조"
"SO_0565","향화도항","2029-01-09 00:00","536","저조"
"SO_0565","향화도항","2029-01-09 00:00","103","고조"
"SO_0565","향화도항","2029-01-09 00:00","572","저조"
"SO_0565","향화도항","2029-01-09 00:00","177","고조"
"SO_0565","향화도항","2029-01-10 00:00","207","고조"
"SO_0565","향화도항","2029-01-10 00:00","486","저조"
"SO_0565","향화도항","2029-01-10 00:00","551","저조"
"SO_0565","향화도항","2029-01-10 00:00","107","고조"
"SO_0565","향화도항","2029-01-09 00:00","536","저조"
"SO_0565","향화도항","2029-01-09 00:00","103","고조"
"SO_0565","향화도항","2029-01-09 00:00","572","저조"
"SO_0565","향화도항","2029-01-09 00:00","177","고조"
"SO_0565","향화도항","2029-01-10 00:00","207","고조"
"SO_0565","향화도항","2029-01-10 00:00","486","저조"
"SO_0565","향화도항","2029-01-10 00:00","551","저조"
"SO_0565","향화도항","2029-01-10 00:00","107","고조"
"SO_0565","향화도항","2029-01-09 00:00","536","저조"
"SO_0565","향화도항","2029-01-09 00:00","103","고조"
"SO_0565","향화도항","2029-01-09 00:00","572","저조"
"SO_0565","향화도항","2029-01-09 00:00","177","고조"
"SO_0565","향화도항","2029-01-10 00:00","207","고조"
"SO_0565","향화도항","2029-01-10 00:00","486","저조"
"SO_0565","향화도항","2029-01-10 00:00","551","저조"
"SO_0565","향화도항","2029-01-10 00:00","107","고조"
"SO_0565","향화도항","2029-01-09 00:00","536","저조"
"SO_0565","향화도항","2029-01-09 00:00","103","고조"
"SO_0565","향화도항","2029-01-09 00:00","572","저조"
"SO_0565","향화도항","2029-01-09 00:00","177","고조"
"SO_0565","향화도항","2029-01-10 00:00","207","고조"
"SO_0565","향화도항","2029-01-10 00:00","486","저조"
"SO_0565","향화도항","2029-01-10 00:00","551","저조"
"SO_0565","향화도항","2029-01-10 00:00","107","고조"
"SO_0565","향화도항","2029-01-09 00:00","536","저조"
"SO_0565","향화도항","2029-01-09 00:00","103","고조"
"SO_0565","향화도항","2029-01-09 00:00","572","저조"
"SO_0565","향화도항","2029-01-09 00:00","177","고조"
"SO_0565","향화도항","2029-01-10 00:00","207","고조"
"SO_0565","향화도항","2029-01-10 00:00","486","저조"
"SO_0565","향화도항","2029-01-10 00:00","551","저조"
"SO_0565","향화도항","2029-01-10 00:00","107","고조"
"SO_0565","향화도항","2029-01-09 00:00","536","저조"
"SO_0565","향화도항","2029-01-09 00:00","103","고조"
"SO_0565","향화도항","2029-01-09 00:00","572","저조"
"SO_0565","향화도항","2029-01-09 00:00","177","고조"
"SO_0565","향화도항","2029-01-10 00:00","207","고조"
"SO_0565","향화도항","2029-01-10 00:00","486","저조"
"SO_0565","향화도항","2029-01-10 00:00","551","저조"
"SO_0565","향화도항","2029-01-10 00:00","107","고조"
"SO_0565","향화도항","2029-01-09 00:00","536","저조"
"SO_0565","향화도항","2029-01-09 00:00","103","고조"
"SO_0565","향화도항","2029-01-09 00:00","572","저조"
"SO_0565","향화도항","2029-01-09 00:00","177","고조"
"SO_0565","향화도항","2029-01-10 00:00","207","고조"
"SO_0565","향화도항","2029-01-10 00:00","486","저조"
"SO_0565","향화도항","2029-01-10 00:00","551","저조"
"SO_0565","향화도항","2029-01-10 00:00","107","고조"
"SO_0565","향화도항","2029-01-09 00:00","536","저조"
"SO_0565","향화도항","2029-01-09 00:00","103","고조"
"SO_0565","향화도항","2029-01-09 00:00","572","저조"
"SO_0565","향화도항","2029-01-09 00:00","177","고조"
"SO_0565","향화도항","2029-01-10 00:00","207","고조"
"SO_0565","향화도항","2029-01-10 00:00","486","저조"
"SO_0565","향화도항","2029-01-10 00:00","551","저조"
"SO_0565","향화도항","2029-01-10 00:00","107","고조"
"SO_0565","향화도항","2029-01-09 00:00","536","저조"
"SO_0565","향화도항","2029-01-09 00:00","103","고조"
"SO_0565","향화도항","2029-01-09 00:00","572","저조"
"SO_0565","향화도항","2029-01-09 00:00","177","고조"
"SO_0565","향화도항","2029-01-10 00:00","207","고조"
"SO_0565","향화도항","2029-01-10 00:00","486","저조"
"SO_0565","향화도항","2029-01-10 00:00","551","저조"
"SO_0565","향화도항","2029-01-10 00:00","107","고조"
"SO_0565","향화도항","2029-01-09 00:00","536","저조"
"SO_0565","향화도항","2029-01-09 00:00","103","고조"
"SO_0565","향화도항","2029-01-09 00:00","572","저조"
"SO_0565","향화도항","2029-01-09 00:00","177","고조"
"SO_0565","향화도항","2029-01-10 00:00","207","고조"
"SO_0565","향화도항","2029-01-10 00:00","486","저조"
"SO_0565","향화도항","2029-01-10 00:00","551","저조"
"SO_0565","향화도항","2029-01-10 00:00","107","고조"
"SO_0565","향화도항","2029-01-09 00:00","536","저조"
"SO_0565","향화도항","2029-01-09 00:00","103","고조"
"SO_0565","향화도항","2029-01-09 00:00","572","저조"
"SO_0565","향화도항","2029-01-09 00:00","177","고조"
"SO_0565","향화도항","2029-01-10 00:00","207","고조"
"SO_0565","향화도항","2029-01-10 00:00","486","저조"
"SO_0565","향화도항","2029-01-10 00:00","551","저조"
"SO_0565","향화도항","2029-01-10 00:00","107","고조"
"SO_0565","향화도항","2029-01-09 00:00","536","저조"
"SO_0565","향화도항","2029-01-09 00:00","103","고조"
"SO_0565","향화도항","2029-01-09 00:00","572","저조"
"SO_0565","향화도항","2029-01-09 00:00","177","고조"
"SO_0565","향화도항","2029-01-10 00:00","207","고조"
"SO_0565","향화도항","2029-01-10 00:00","486","저조"
"SO_0565","향화도항","2029-01-10 00:00","551","저조"
"SO_0565","향화도항","2029-01-10 00:00","107","고조"
"SO_0565","향화도항","2029-01-09 00:00","536","저조"
"SO_0565","향화도항","2029-01-09 00:00","103","고조"
"SO_0565","향화도항","2029-01-09 00:00","572","저조"
"SO_0565","향화도항","2029-01-09 00:00","177","고조"
"SO_0565","향화도항","2029-01-10 00:00","207","고조"
"SO_0565","향화도항","2029-01-10 00:00","486","저조"
"SO_0565","향화도항","2029-01-10 00:00","551","저조"
"SO_0565","향화도항","2029-01-10 00:00","107","고조"
"SO_0565","향화도항","2029-01-09 00:00","536","저조"
"SO_0565","향화도항","2029-01-09 00:00","103","고조"
"SO_0565","향화도항","2029-01-09 00:00","572","저조"
"SO_0565","향화도항","2029-01-09 00:00","177","고조"
"SO_0565","향화도항","2029-01-10 00:00","207","고조"
"SO_0565","향화도항","2029-01-10 00:00","486","저조"
"SO_0565","향화도항","2029-01-10 00:00","551","저조"
"SO_0565","향화도항","2029-01-10 00:00","107","고조"
"SO_0565","향화도항","2029-01-09 00:00","536","저조"
"SO_0565","향화도항","2029-01-09 00:00","103","고조"
"SO_0565","향화도항","2029-01-09 00:00","572","저조"
"SO_0565","향화도항","2029-01-09 00:00","177","고조"
"SO_0565","향화도항","2029-01-10 00:00","207","고조"
"SO_0565","향화도항","2029-01-10 00:00","486","저조"
"SO_0565","향화도항","2029-01-10 00:00","551","저조"
"SO_0565","향화도항","2029-01-10 00:00","107","고조"
"SO_0565","향화도항","2029-01-09 00:00","536","저조"
"SO_0565","향화도항","2029-01-09 00:00","103","고조"
"SO_0565","향화도항","2029-01-09 00:00","572","저조"
"SO_0565","향화도항","2029-01-09 00:00","177","고조"
"SO_0565","향화도항","2029-01-10 00:00","207","고조"
"SO_0565","향화도항","2029-01-10 00:00","486","저조"
"SO_0565","향화도항","2029-01-10 00:00","551","저조"
"SO_0565","향화도항","2029-01-10 00:00","107","고조"
"SO_0565","향화도항","2029-01-09 00:00","536","저조"
"SO_0565","향화도항","2029-01-09 00:00","103","고조"
"SO_0565","향화도항","2029-01-09 00:00","572","저조"
"SO_0565","향화도항","2029-01-09 00:00","177","고조"
"SO_0565","향화도항","2029-01-10 00:00","207","고조"
"SO_0565","향화도항","2029-01-10 00:00","486","저조"
"SO_0565","향화도항","2029-01-10 00:00","551","저조"
"SO_0565","향화도항","2029-01-10 00:00","107","고조"
"SO_0565","향화도항","2029-01-09 00:00","536","저조"
"SO_0565","향화도항","2029-01-09 00:00","103","고조"
"SO_0565","향화도항","2029-01-09 00:00","572","저조"
"SO_0565","향화도항","2029-01-09 00:00","177","고조"
"SO_0565","향화도항","2029-01-10 00:00","207","고조"
"SO_0565","향화도항","2029-01-10 00:00","486","저조"
"SO_0565","향화도항","2029-01-10 00:00","551","저조"
"SO_0565","향화도항","2029-01-10 00:00","107","고조"
"SO_0565","향화도항","2029-01-09 00:00","536","저조"
"SO_0565","향화도항","2029-01-09 00:00","103","고조"
"SO_0565","향화도항","2029-01-09 00:00","572","저조"
"SO_0565","향화도항","2029-01-09 00:00","177","고조"
"SO_0565","향화도항","2029-01-10 00:00","207","고조"
"SO_0565","향화도항","2029-01-10 00:00","486","저조"
"SO_0565","향화도항","2029-01-10 00:00","551","저조"
"SO_0565","향화도항","2029-01-10 00:00","107","고조"
"SO_0565","향화도항","2029-01-09 00:00","536","저조"
"SO_0565","향화도항","2029-01-09 00:00","103","고조"
"SO_0565","향화도항","2029-01-09 00:00","572","저조"
"SO_0565","향화도항","2029-01-09 00:00","177","고조"
"SO_0565","향화도항","2029-01-10 00:00","207","고조"
"SO_0565","향화도항","2029-01-10 00:00","486","저조"
"SO_0565","향화도항","2029-01-10 00:00","551","저조"
"SO_0565","향화도항","2029-01-10 00:00","107","고조"
"SO_0565","향화도항","2029-01-09 00:00","536","저조"
"SO_0565","향화도항","2029-01-09 00:00","103","고조"
"SO_0565","향화도항","2029-01-09 00:00","572","저조"
"SO_0565","향화도항","2029-01-09 00:00","177","고조"
"SO_0565","향화도항","2029-01-10 00:00","207","고조"
"SO_0565","향화도항","2029-01-10 00:00","486","저조"
"SO_0565","향화도항","2029-01-10 00:00","551","저조"
"SO_0565","향화도항","2029-01-10 00:00","107","고조"
"SO_0565","향화도항","2029-01-09 00:00","536","저조"
"SO_0565","향화도항","2029-01-09 00:00","103","고조"
"SO_0565","향화도항","2029-01-09 00:00","572","저조"
"SO_0565","향화도항","2029-01-09 00:00","177","고조"
"SO_0565","향화도항","2029-01-10 00:00","207","고조"
"SO_0565","향화도항","2029-01-10 00:00","486","저조"
"SO_0565","향화도항","2029-01-10 00:00","551","저조"
"SO_0565","향화도항","2029-01-10 00:00","107","고조"
"SO_0565","향화도항","2029-01-09 00:00","536","저조"
"SO_0565","향화도항","2029-01-09 00:00","103","고조"
"SO_0565","향화도항","2029-01-09 00:00","572","저조"
"SO_0565","향화도항","2029-01-09 00:00","177","고조"
"SO_0565","향화도항","2029-01-10 00:00","207","고조"
"SO_0565","향화도항","2029-01-10 00:00","486","저조"
"SO_0565","향화도항","2029-01-10 00:00","551","저조"
"SO_0565","향화도항","2029-01-10 00:00","107","고조"
"SO_0565","향화도항","2029-01-09 00:00","536","저조"
"SO_0565","향화도항","2029-01-09 00:00","103","고조"
"SO_0565","향화도항","2029-01-09 00:00","572","저조"
"SO_0565","향화도항","2029-01-09 00:00","177","고조"
"SO_0565","향화도항","2029-01-10 00:00","207","고조"
"SO_0565","향화도항","2029-01-10 00:00","486","저조"
"SO_0565","향화도항","2029-01-10 00:00","551","저조"
"SO_0565","향화도항","2029-01-10 00:00","107","고조"
"SO_0565","향화도항","2029-01-09 00:00","536","저조"
"SO_0565","향화도항","2029-01-09 00:00","103","고조"
"SO_0565","향화도항","2029-01-09 00:00","572","저조"
"SO_0565","향화도항","2029-01-09 00:00","177","고조"
"SO_0565","향화도항","2029-01-10 00:00","207","고조"
"SO_0565","향화도항","2029-01-10 00:00","486","저조"
"SO_0565","향화도항","2029-01-10 00:00","551","저조"
"SO_0565","향화도항","2029-01-10 00:00","107","고조"
"SO_0565","향화도항","2029-01-09 00:00","536","저조"
"SO_0565","향화도항","2029-01-09 00:00","103","고조"
"SO_0565","향화도항","2029-01-09 00:00","572","저조"
"SO_0565","향화도항","2029-01-09 00:00","177","고조"
"SO_0565","향화도항","2029-01-10 00:00","207","고조"
"SO_0565","향화도항","2029-01-10 00:00","486","저조"
"SO_0565","향화도항","2029-01-10 00:00","551","저조"
"SO_0565","향화도항","2029-01-10 00:00","107","고조"
"SO_0565","향화도항","2029-01-09 00:00","536","저조"
"SO_0565","향화도항","2029-01-09 00:00","103","고조"
"SO_0565","향화도항","2029-01-09 00:00","572","저조"
"SO_0565","향화도항","2029-01-09 00:00","177","고조"
"SO_0565","향화도항","2029-01-10 00:00","207","고조"
"SO_0565","향화도항","2029-01-10 00:00","486","저조"
"SO_0565","향화도항","2029-01-10 00:00","551","저조"
"SO_0565","향화도항","2029-01-10 00:00","107","고조"
"SO_0565","향화도항","2029-01-09 00:00","536","저조"
"SO_0565","향화도항","2029-01-09 00:00","103","고조"
"SO_0565","향화도항","2029-01-09 00:00","572","저조"
"SO_0565","향화도항","2029-01-09 00:00","177","고조"
"SO_0565","향화도항","2029-01-10 00:00","207","고조"
"SO_0565","향화도항","2029-01-10 00:00","486","저조"
"SO_0565","향화도항","2029-01-10 00:00","551","저조"
"SO_0565","향화도항","2029-01-10 00:00","107","고조"
"SO_0565","향화도항","2029-01-09 00:00","536","저조"
"SO_0565","향화도항","2029-01-09 00:00","103","고조"
"SO_0565","향화도항","2029-01-09 00:00","572","저조"
"SO_0565","향화도항","2029-01-09 00:00","177","고조"
"SO_0565","향화도항","2029-01-10 00:00","207","고조"
"SO_0565","향화도항","2029-01-10 00:00","486","저조"
"SO_0565","향화도항","2029-01-10 00:00","551","저조"
"SO_0565","향화도항","2029-01-10 00:00","107","고조"
"SO_0565","향화도항","2029-01-09 00:00","536","저조"
"SO_0565","향화도항","2029-01-09 00:00","103","고조"
"SO_0565","향화도항","2029-01-09 00:00","572","저조"
"SO_0565","향화도항","2029-01-09 00:00","177","고조"
"SO_0565","향화도항","2029-01-10 00:00","207","고조"
"SO_0565","향화도항","2029-01-10 00:00","486","저조"
"SO_0565","향화도항","2029-01-10 00:00","551","저조"
"SO_0565","향화도항","2029-01-10 00:00","107","고조"
"SO_0565","향화도항","2029-01-09 00:00","536","저조"
"SO_0565","향화도항","2029-01-09 00:00","103","고조"
"SO_0565","향화도항","2029-01-09 00:00","572","저조"
"SO_0565","향화도항","2029-01-09 00:00","177","고조"
"SO_0565","향화도항","2029-01-10 00:00","207","고조"
"SO_0565","향화도항","2029-01-10 00:00","486","저조"
"SO_0565","향화도항","2029-01-10 00:00","551","저조"
"SO_0565","향화도항","2029-01-10 00:00","107","고조"
"SO_0565","향화도항","2029-01-09 00:00","536","저조"
"SO_0565","향화도항","2029-01-09 00:00","103","고조"
"SO_0565","향화도항","2029-01-09 00:00","572","저조"
"SO_0565","향화도항","2029-01-09 00:00","177","고조"
"SO_0565","향화도항","2029-01-10 00:00","207","고조"
"SO_0565","향화도항","2029-01-10 00:00","486","저조"
"SO_0565","향화도항","2029-01-10 00:00","551","저조"
"SO_0565","향화도항","2029-01-10 00:00","107","고조"
"SO_0565","향화도항","2029-01-09 00:00","536","저조"
"SO_0565","향화도항","2029-01-09 00:00","103","고조"
"SO_0565","향화도항","2029-01-09 00:00","572","저조"
"SO_0565","향화도항","2029-01-09 00:00","177","고조"
"SO_0565","향화도항","2029-01-10 00:00","207","고조"
"SO_0565","향화도항","2029-01-10 00:00","486","저조"
"SO_0565","향화도항","2029-01-10 00:00","551","저조"
"SO_0565","향화도항","2029-01-10 00:00","107","고조"
"SO_0565","향화도항","2029-01-09 00:00","536","저조"
"SO_0565","향화도항","2029-01-09 00:00","103","고조"
"SO_0565","향화도항","2029-01-09 00:00","572","저조"
"SO_0565","향화도항","2029-01-09 00:00","177","고조"
"SO_0565","향화도항","2029-01-10 00:00","207","고조"
"SO_0565","향화도항","2029-01-10 00:00","486","저조"
"SO_0565","향화도항","2029-01-10 00:00","551","저조"
"SO_0565","향화도항","2029-01-10 00:00","107","고조"
"SO_0565","향화도항","2029-01-09 00:00","536","저조"
"SO_0565","향화도항","2029-01-09 00:00","103","고조"
"SO_0565","향화도항","2029-01-09 00:00","572","저조"
"SO_0565","향화도항","2029-01-09 00:00","177","고조"
"SO_0565","향화도항","2029-01-10 00:00","207","고조"
"SO_0565","향화도항","2029-01-10 00:00","486","저조"
"SO_0565","향화도항","2029-01-10 00:00","551","저조"
"SO_0565","향화도항","2029-01-10 00:00","107","고조"
"SO_0565","향화도항","2029-01-09 00:00","536","저조"
"SO_0565","향화도항","2029-01-09 00:00","103","고조"
"SO_0565","향화도항","2029-01-09 00:00","572","저조"
"SO_0565","향화도항","2029-01-09 00:00","177","고조"
"SO_0565","향화도항","2029-01-10 00:00","207","고조"
"SO_0565","향화도항","2029-01-10 00:00","486","저조"
"SO_0565","향화도항","2029-01-10 00:00","551","저조"
"SO_0565","향화도항","2029-01-10 00:00","107","고조"
"SO_0565","향화도항","2029-01-09 00:00","536","저조"
"SO_0565","향화도항","2029-01-09 00:00","103","고조"
"SO_0565","향화도항","2029-01-09 00:00","572","저조"
"SO_0565","향화도항","2029-01-09 00:00","177","고조"
"SO_0565","향화도항","2029-01-10 00:00","207","고조"
"SO_0565","향화도항","2029-01-10 00:00","486","저조"
"SO_0565","향화도항","2029-01-10 00:00","551","저조"
"SO_0565","향화도항","2029-01-10 00:00","107","고조"
"SO_0565","향화도항","2029-01-09 00:00","536","저조"
"SO_0565","향화도항","2029-01-09 00:00","103","고조"
"SO_0565","향화도항","2029-01-09 00:00","572","저조"
"SO_0565","향화도항","2029-01-09 00:00","177","고조"
"SO_0565","향화도항","2029-01-10 00:00","207","고조"
"SO_0565","향화도항","2029-01-10 00:00","486","저조"
"SO_0565","향화도항","2029-01-10 00:00","551","저조"
"SO_0565","향화도항","2029-01-10 00:00","107","고조"
"SO_0565","향화도항","2029-01-09 00:00","536","저조"
"SO_0565","향화도항","2029-01-09 00:00","103","고조"
"SO_0565","향화도항","2029-01-09 00:00","572","저조"
"SO_0565","향화도항","2029-01-09 00:00","177","고조"
"SO_0565","향화도항","2029-01-10 00:00","207","고조"
"SO_0565","향화도항","2029-01-10 00:00","486","저조"
"SO_0565","향화도항","2029-01-10 00:00","551","저조"
"SO_0565","향화도항","2029-01-10 00:00","107","고조"
"SO_0565","향화도항","2029-01-09 00:00","536","저조"
"SO_0565","향화도항","2029-01-09 00:00","103","고조"
"SO_0565","향화도항","2029-01-09 00:00","572","저조"
"SO_0565","향화도항","2029-01-09 00:00","177","고조"
"SO_0565","향화도항","2029-01-10 00:00","207","고조"
"SO_0565","향화도항","2029-01-10 00:00","486","저조"
"SO_0565","향화도항","2029-01-10 00:00","551","저조"
"SO_0565","향화도항","2029-01-10 00:00","107","고조"
"SO_0565","향화도항","2029-01-09 00:00","536","저조"
"SO_0565","향화도항","2029-01-09 00:00","103","고조"
"SO_0565","향화도항","2029-01-09 00:00","572","저조"
"SO_0565","향화도항","2029-01-09 00:00","177","고조"
"SO_0565","향화도항","2029-01-10 00:00","207","고조"
"SO_0565","향화도항","2029-01-10 00:00","486","저조"
"SO_0565","향화도항","2029-01-10 00:00","551","저조"
"SO_0565","향화도항","2029-01-10 00:00","107","고조"
"SO_0565","향화도항","2029-01-09 00:00","536","저조"
"SO_0565","향화도항","2029-01-09 00:00","103","고조"
"SO_0565","향화도항","2029-01-09 00:00","572","저조"
"SO_0565","향화도항","2029-01-09 00:00","177","고조"
"SO_0565","향화도항","2029-01-10 00:00","207","고조"
"SO_0565","향화도항","2029-01-10 00:00","486","저조"
"SO_0565","향화도항","2029-01-10 00:00","551","저조"
"SO_0565","향화도항","2029-01-10 00:00","107","고조"
"SO_0565","향화도항","2029-01-09 00:00","536","저조"
"SO_0565","향화도항","2029-01-09 00:00","103","고조"
"SO_0565","향화도항","2029-01-09 00:00","572","저조"
"SO_0565","향화도항","2029-01-09 00:00","177","고조"
"SO_0565","향화도항","2029-01-10 00:00","207","고조"
"SO_0565","향화도항","2029-01-10 00:00","486","저조"
"SO_0565","향화도항","2029-01-10 00:00","551","저조"
"SO_0565","향화도항","2029-01-10 00:00","107","고조"
"SO_0565","향화도항","2029-01-09 00:00","536","저조"
"SO_0565","향화도항","2029-01-09 00:00","103","고조"
"SO_0565","향화도항","2029-01-09 00:00","572","저조"
"SO_0565","향화도항","2029-01-09 00:00","177","고조"
"SO_0565","향화도항","2029-01-10 00:00","207","고조"
"SO_0565","향화도항","2029-01-10 00:00","486","저조"
"SO_0565","향화도항","2029-01-10 00:00","551","저조"
"SO_0565","향화도항","2029-01-10 00:00","107","고조"
"SO_0565","향화도항","2029-01-09 00:00","536","저조"
"SO_0565","향화도항","2029-01-09 00:00","103","고조"
"SO_0565","향화도항","2029-01-09 00:00","572","저조"
"SO_0565","향화도항","2029-01-09 00:00","177","고조"
"SO_0565","향화도항","2029-01-10 00:00","207","고조"
"SO_0565","향화도항","2029-01-10 00:00","486","저조"
"SO_0565","향화도항","2029-01-10 00:00","551","저조"
"SO_0565","향화도항","2029-01-10 00:00","107","고조"
"SO_0565","향화도항","2029-01-09 00:00","536","저조"
"SO_0565","향화도항","2029-01-09 00:00","103","고조"
"SO_0565","향화도항","2029-01-09 00:00","572","저조"
"SO_0565","향화도항","2029-01-09 00:00","177","고조"
"SO_0565","향화도항","2029-01-10 00:00","207","고조"
"SO_0565","향화도항","2029-01-10 00:00","486","저조"
"SO_0565","향화도항","2029-01-10 00:00","551","저조"
"SO_0565","향화도항","2029-01-10 00:00","107","고조"
"SO_0565","향화도항","2029-01-09 00:00","536","저조"
"SO_0565","향화도항","2029-01-09 00:00","103","고조"
"SO_0565","향화도항","2029-01-09 00:00","572","저조"
"SO_0565","향화도항","2029-01-09 00:00","177","고조"
"SO_0565","향화도항","2029-01-10 00:00","207","고조"
"SO_0565","향화도항","2029-01-10 00:00","486","저조"
"SO_0565","향화도항","2029-01-10 00:00","551","저조"
"SO_0565","향화도항","2029-01-10 00:00","107","고조"
"SO_0565","향화도항","2029-01-09 00:00","536","저조"
"SO_0565","향화도항","2029-01-09 00:00","103","고조"
"SO_0565","향화도항","2029-01-09 00:00","572","저조"
"SO_0565","향화도항","2029-01-09 00:00","177","고조"
"SO_0565","향화도항","2029-01-10 00:00","207","고조"
"SO_0565","향화도항","2029-01-10 00:00","486","저조"
"SO_0565","향화도항","2029-01-10 00:00","551","저조"
"SO_0565","향화도항","2029-01-10 00:00","107","고조"
"SO_0565","향화도항","2029-01-09 00:00","536","저조"
"SO_0565","향화도항","2029-01-09 00:00","103","고조"
"SO_0565","향화도항","2029-01-09 00:00","572","저조"
"SO_0565","향화도항","2029-01-09 00:00","177","고조"
"SO_0565","향화도항","2029-01-10 00:00","207","고조"
"SO_0565","향화도항","2029-01-10 00:00","486","저조"
"SO_0565","향화도항","2029-01-10 00:00","551","저조"
"SO_0565","향화도항","2029-01-10 00:00","107","고조"
"SO_0565","향화도항","2029-01-09 00:00","536","저조"
"SO_0565","향화도항","2029-01-09 00:00","103","고조"
"SO_0565","향화도항","2029-01-09 00:00","572","저조"
"SO_0565","향화도항","2029-01-09 00:00","177","고조"
"SO_0565","향화도항","2029-01-10 00:00","207","고조"
"SO_0565","향화도항","2029-01-10 00:00","486","저조"
"SO_0565","향화도항","2029-01-10 00:00","551","저조"
"SO_0565","향화도항","2029-01-10 00:00","107","고조"
"SO_0565","향화도항","2029-01-09 00:00","536","저조"
"SO_0565","향화도항","2029-01-09 00:00","103","고조"
"SO_0565","향화도항","2029-01-09 00:00","572","저조"
"SO_0565","향화도항","2029-01-09 00:00","177","고조"
"SO_0565","향화도항","2029-01-10 00:00","207","고조"
"SO_0565","향화도항","2029-01-10 00:00","486","저조"
"SO_0565","향화도항","2029-01-10 00:00","551","저조"
"SO_0565","향화도항","2029-01-10 00:00","107","고조"
"SO_0565","향화도항","2029-01-09 00:00","536","저조"
"SO_0565","향화도항","2029-01-09 00:00","103","고조"
"SO_0565","향화도항","2029-01-09 00:00","572","저조"
"SO_0565","향화도항","2029-01-09 00:00","177","고조"
"SO_0565","향화도항","2029-01-10 00:00","207","고조"
"SO_0565","향화도항","2029-01-10 00:00","486","저조"
"SO_0565","향화도항","2029-01-10 00:00","551","저조"
"SO_0565","향화도항","2029-01-10 00:00","107","고조"
"SO_0565","향화도항","2029-01-09 00:00","536","저조"
"SO_0565","향화도항","2029-01-09 00:00","103","고조"
"SO_0565","향화도항","2029-01-09 00:00","572","저조"
"SO_0565","향화도항","2029-01-09 00:00","177","고조"
"SO_0565","향화도항","2029-01-10 00:00","207","고조"
"SO_0565","향화도항","2029-01-10 00:00","486","저조"
"SO_0565","향화도항","2029-01-10 00:00","551","저조"
"SO_0565","향화도항","2029-01-10 00:00","107","고조"
"SO_0565","향화도항","2029-01-09 00:00","536","저조"
"SO_0565","향화도항","2029-01-09 00:00","103","고조"
"SO_0565","향화도항","2029-01-09 00:00","572","저조"
"SO_0565","향화도항","2029-01-09 00:00","177","고조"
"SO_0565","향화도항","2029-01-10 00:00","207","고조"
"SO_0565","향화도항","2029-01-10 00:00","486","저조"
"SO_0565","향화도항","2029-01-10 00:00","551","저조"
"SO_0565","향화도항","2029-01-10 00:00","107","고조"
"SO_0565","향화도항","2029-01-09 00:00","536","저조"
"SO_0565","향화도항","2029-01-09 00:00","103","고조"
"SO_0565","향화도항","2029-01-09 00:00","572","저조"
"SO_0565","향화도항","2029-01-09 00:00","177","고조"
"SO_0565","향화도항","2029-01-10 00:00","207","고조"
"SO_0565","향화도항","2029-01-10 00:00","486","저조"
"SO_0565","향화도항","2029-01-10 00:00","551","저조"
"SO_0565","향화도항","2029-01-10 00:00","107","고조"
"SO_0565","향화도항","2029-01-09 00:00","536","저조"
"SO_0565","향화도항","2029-01-09 00:00","103","고조"
"SO_0565","향화도항","2029-01-09 00:00","572","저조"
"SO_0565","향화도항","2029-01-09 00:00","177","고조"
"SO_0565","향화도항","2029-01-10 00:00","207","고조"
"SO_0565","향화도항","2029-01-10 00:00","486","저조"
"SO_0565","향화도항","2029-01-10 00:00","551","저조"
"SO_0565","향화도항","2029-01-10 00:00","107","고조"
"SO_0565","향화도항","2029-01-09 00:00","536","저조"
"SO_0565","향화도항","2029-01-09 00:00","103","고조"
"SO_0565","향화도항","2029-01-09 00:00","572","저조"
"SO_0565","향화도항","2029-01-09 00:00","177","고조"
"SO_0565","향화도항","2029-01-10 00:00","207","고조"
"SO_0565","향화도항","2029-01-10 00:00","486","저조"
"SO_0565","향화도항","2029-01-10 00:00","551","저조"
"SO_0565","향화도항","2029-01-10 00:00","107","고조"
"SO_0565","향화도항","2029-01-09 00:00","536","저조"
"SO_0565","향화도항","2029-01-09 00:00","103","고조"
"SO_0565","향화도항","2029-01-09 00:00","572","저조"
"SO_0565","향화도항","2029-01-09 00:00","177","고조"
"SO_0565","향화도항","2029-01-10 00:00","207","고조"
"SO_0565","향화도항","2029-01-10 00:00","486","저조"
"SO_0565","향화도항","2029-01-10 00:00","551","저조"
"SO_0565","향화도항","2029-01-10 00:00","107","고조"
"SO_0565","향화도항","2029-01-09 00:00","536","저조"
"SO_0565","향화도항","2029-01-09 00:00","103","고조"
"SO_0565","향화도항","2029-01-09 00:00","572","저조"
"SO_0565","향화도항","2029-01-09 00:00","177","고조"
"SO_0565","향화도항","2029-01-10 00:00","207","고조"
"SO_0565","향화도항","2029-01-10 00:00","486","저조"
"SO_0565","향화도항","2029-01-10 00:00","551","저조"
"SO_0565","향화도항","2029-01-10 00:00","107","고조"
"SO_0565","향화도항","2029-01-09 00:00","536","저조"
"SO_0565","향화도항","2029-01-09 00:00","103","고조"
"SO_0565","향화도항","2029-01-09 00:00","572","저조"
"SO_0565","향화도항","2029-01-09 00:00","177","고조"
"SO_0565","향화도항","2029-01-10 00:00","207","고조"
"SO_0565","향화도항","2029-01-10 00:00","486","저조"
"SO_0565","향화도항","2029-01-10 00:00","551","저조"
"SO_0565","향화도항","2029-01-10 00:00","107","고조"
"SO_0565","향화도항","2029-01-09 00:00","536","저조"
"SO_0565","향화도항","2029-01-09 00:00","103","고조"
"SO_0565","향화도항","2029-01-09 00:00","572","저조"
"SO_0565","향화도항","2029-01-09 00:00","177","고조"
"SO_0565","향화도항","2029-01-10 00:00","207","고조"
"SO_0565","향화도항","2029-01-10 00:00","486","저조"
"SO_0565","향화도항","2029-01-10 00:00","551","저조"
"SO_0565","향화도항","2029-01-10 00:00","107","고조"
"SO_0565","향화도항","2029-01-09 00:00","536","저조"
"SO_0565","향화도항","2029-01-09 00:00","103","고조"
"SO_0565","향화도항","2029-01-09 00:00","572","저조"
"SO_0565","향화도항","2029-01-09 00:00","177","고조"
"SO_0565","향화도항","2029-01-10 00:00","207","고조"
"SO_0565","향화도항","2029-01-10 00:00","486","저조"
"SO_0565","향화도항","2029-01-10 00:00","551","저조"
"SO_0565","향화도항","2029-01-10 00:00","107","고조"
"SO_0565","향화도항","2029-01-09 00:00","536","저조"
"SO_0565","향화도항","2029-01-09 00:00","103","고조"
"SO_0565","향화도항","2029-01-09 00:00","572","저조"
"SO_0565","향화도항","2029-01-09 00:00","177","고조"
"SO_0565","향화도항","2029-01-10 00:00","207","고조"
"SO_0565","향화도항","2029-01-10 00:00","486","저조"
"SO_0565","향화도항","2029-01-10 00:00","551","저조"
"SO_0565","향화도항","2029-01-10 00:00","107","고조"
"SO_0565","향화도항","2029-01-09 00:00","536","저조"
"SO_0565","향화도항","2029-01-09 00:00","103","고조"
"SO_0565","향화도항","2029-01-09 00:00","572","저조"
"SO_0565","향화도항","2029-01-09 00:00","177","고조"
"SO_0565","향화도항","2029-01-10 00:00","207","고조"
"SO_0565","향화도항","2029-01-10 00:00","486","저조"
"SO_0565","향화도항","2029-01-10 00:00","551","저조"
"SO_0565","향화도항","2029-01-10 00:00","107","고조"
"SO_0565","향화도항","2029-01-09 00:00","536","저조"
"SO_0565","향화도항","2029-01-09 00:00","103","고조"
"SO_0565","향화도항","2029-01-09 00:00","572","저조"
"SO_0565","향화도항","2029-01-09 00:00","177","고조"
"SO_0565","향화도항","2029-01-10 00:00","207","고조"
"SO_0565","향화도항","2029-01-10 00:00","486","저조"
"SO_0565","향화도항","2029-01-10 00:00","551","저조"
"SO_0565","향화도항","2029-01-10 00:00","107","고조"
"SO_0565","향화도항","2029-01-09 00:00","536","저조"
"SO_0565","향화도항","2029-01-09 00:00","103","고조"
"SO_0565","향화도항","2029-01-09 00:00","572","저조"
"SO_0565","향화도항","2029-01-09 00:00","177","고조"
"SO_0565","향화도항","2029-01-10 00:00","207","고조"
"SO_0565","향화도항","2029-01-10 00:00","486","저조"
"SO_0565","향화도항","2029-01-10 00:00","551","저조"
"SO_0565","향화도항","2029-01-10 00:00","107","고조"
"SO_0565","향화도항","2029-01-09 00:00","536","저조"
"SO_0565","향화도항","2029-01-09 00:00","103","고조"
"SO_0565","향화도항","2029-01-09 00:00","572","저조"
"SO_0565","향화도항","2029-01-09 00:00","177","고조"
"SO_0565","향화도항","2029-01-10 00:00","207","고조"
"SO_0565","향화도항","2029-01-10 00:00","486","저조"
"SO_0565","향화도항","2029-01-10 00:00","551","저조"
"SO_0565","향화도항","2029-01-10 00:00","107","고조"
"SO_0565","향화도항","2029-01-09 00:00","536","저조"
"SO_0565","향화도항","2029-01-09 00:00","103","고조"
"SO_0565","향화도항","2029-01-09 00:00","572","저조"
"SO_0565","향화도항","2029-01-09 00:00","177","고조"
"SO_0565","향화도항","2029-01-10 00:00","207","고조"
"SO_0565","향화도항","2029-01-10 00:00","486","저조"
"SO_0565","향화도항","2029-01-10 00:00","551","저조"
"SO_0565","향화도항","2029-01-10 00:00","107","고조"
"SO_0565","향화도항","2029-01-09 00:00","536","저조"
"SO_0565","향화도항","2029-01-09 00:00","103","고조"
"SO_0565","향화도항","2029-01-09 00:00","572","저조"
"SO_0565","향화도항","2029-01-09 00:00","177","고조"
"SO_0565","향화도항","2029-01-10 00:00","207","고조"
"SO_0565","향화도항","2029-01-10 00:00","486","저조"
"SO_0565","향화도항","2029-01-10 00:00","551","저조"
"SO_0565","향화도항","2029-01-10 00:00","107","고조"
"SO_0565","향화도항","2029-01-09 00:00","536","저조"
"SO_0565","향화도항","2029-01-09 00:00","103","고조"
"SO_0565","향화도항","2029-01-09 00:00","572","저조"
"SO_0565","향화도항","2029-01-09 00:00","177","고조"
"SO_0565","향화도항","2029-01-10 00:00","207","고조"
"SO_0565","향화도항","2029-01-10 00:00","486","저조"
"SO_0565","향화도항","2029-01-10 00:00","551","저조"
"SO_0565","향화도항","2029-01-10 00:00","107","고조"
"SO_0565","향화도항","2029-01-09 00:00","536","저조"
"SO_0565","향화도항","2029-01-09 00:00","103","고조"
"SO_0565","향화도항","2029-01-09 00:00","572","저조"
"SO_0565","향화도항","2029-01-09 00:00","177","고조"
"SO_0565","향화도항","2029-01-10 00:00","207","고조"
"SO_0565","향화도항","2029-01-10 00:00","486","저조"
"SO_0565","향화도항","2029-01-10 00:00","551","저조"
"SO_0565","향화도항","2029-01-10 00:00","107","고조"
"SO_0565","향화도항","2029-01-09 00:00","536","저조"
"SO_0565","향화도항","2029-01-09 00:00","103","고조"
"SO_0565","향화도항","2029-01-09 00:00","572","저조"
"SO_0565","향화도항","2029-01-09 00:00","177","고조"
"SO_0565","향화도항","2029-01-10 00:00","207","고조"
"SO_0565","향화도항","2029-01-10 00:00","486","저조"
"SO_0565","향화도항","2029-01-10 00:00","551","저조"
"SO_0565","향화도항","2029-01-10 00:00","107","고조"
"SO_0565","향화도항","2029-01-09 00:00","536","저조"
"SO_0565","향화도항","2029-01-09 00:00","103","고조"
"SO_0565","향화도항","2029-01-09 00:00","572","저조"
"SO_0565","향화도항","2029-01-09 00:00","177","고조"
"SO_0565","향화도항","2029-01-10 00:00","207","고조"
"SO_0565","향화도항","2029-01-10 00:00","486","저조"
"SO_0565","향화도항","2029-01-10 00:00","551","저조"
"SO_0565","향화도항","2029-01-10 00:00","107","고조"
"SO_0565","향화도항","2029-01-09 00:00","536","저조"
"SO_0565","향화도항","2029-01-09 00:00","103","고조"
"SO_0565","향화도항","2029-01-09 00:00","572","저조"
"SO_0565","향화도항","2029-01-09 00:00","177","고조"
"SO_0565","향화도항","2029-01-10 00:00","207","고조"
"SO_0565","향화도항","2029-01-10 00:00","486","저조"
"SO_0565","향화도항","2029-01-10 00:00","551","저조"
"SO_0565","향화도항","2029-01-10 00:00","107","고조"
"SO_0565","향화도항","2029-01-09 00:00","536","저조"
"SO_0565","향화도항","2029-01-09 00:00","103","고조"
"SO_0565","향화도항","2029-01-09 00:00","572","저조"
"SO_0565","향화도항","2029-01-09 00:00","177","고조"
"SO_0565","향화도항","2029-01-10 00:00","207","고조"
"SO_0565","향화도항","2029-01-10 00:00","486","저조"
"SO_0565","향화도항","2029-01-10 00:00","551","저조"
"SO_0565","향화도항","2029-01-10 00:00","107","고조"
"SO_0565","향화도항","2029-01-09 00:00","536","저조"
"SO_0565","향화도항","2029-01-09 00:00","103","고조"
"SO_0565","향화도항","2029-01-09 00:00","572","저조"
"SO_0565","향화도항","2029-01-09 00:00","177","고조"
"SO_0565","향화도항","2029-01-10 00:00","207","고조"
"SO_0565","향화도항","2029-01-10 00:00","486","저조"
"SO_0565","향화도항","2029-01-10 00:00","551","저조"
"SO_0565","향화도항","2029-01-10 00:00","107","고조"
"SO_0565","향화도항","2029-01-09 00:00","536","저조"
"SO_0565","향화도항","2029-01-09 00:00","103","고조"
"SO_0565","향화도항","2029-01-09 00:00","572","저조"
"SO_0565","향화도항","2029-01-09 00:00","177","고조"
"SO_0565","향화도항","2029-01-10 00:00","207","고조"
"SO_0565","향화도항","2029-01-10 00:00","486","저조"
"SO_0565","향화도항","2029-01-10 00:00","551","저조"
"SO_0565","향화도항","2029-01-10 00:00","107","고조"
"SO_0565","향화도항","2029-01-09 00:00","536","저조"
"SO_0565","향화도항","2029-01-09 00:00","103","고조"
"SO_0565","향화도항","2029-01-09 00:00","572","저조"
"SO_0565","향화도항","2029-01-09 00:00","177","고조"
"SO_0565","향화도항","2029-01-10 00:00","207","고조"
"SO_0565","향화도항","2029-01-10 00:00","486","저조"
"SO_0565","향화도항","2029-01-10 00:00","551","저조"
"SO_0565","향화도항","2029-01-10 00:00","107","고조"
"SO_0565","향화도항","2029-01-09 00:00","536","저조"
"SO_0565","향화도항","2029-01-09 00:00","103","고조"
"SO_0565","향화도항","2029-01-09 00:00","572","저조"
"SO_0565","향화도항","2029-01-09 00:00","177","고조"
"SO_0565","향화도항","2029-01-10 00:00","207","고조"
"SO_0565","향화도항","2029-01-10 00:00","486","저조"
"SO_0565","향화도항","2029-01-10 00:00","551","저조"
"SO_0565","향화도항","2029-01-10 00:00","107","고조"
"SO_0565","향화도항","2029-01-09 00:00","536","저조"
"SO_0565","향화도항","2029-01-09 00:00","103","고조"
"SO_0565","향화도항","2029-01-09 00:00","572","저조"
"SO_0565","향화도항","2029-01-09 00:00","177","고조"
"SO_0565","향화도항","2029-01-10 00:00","207","고조"
"SO_0565","향화도항","2029-01-10 00:00","486","저조"
"SO_0565","향화도항","2029-01-10 00:00","551","저조"
"SO_0565","향화도항","2029-01-10 00:00","107","고조"
"SO_0565","향화도항","2029-01-09 00:00","536","저조"
"SO_0565","향화도항","2029-01-09 00:00","103","고조"
"SO_0565","향화도항","2029-01-09 00:00","572","저조"
"SO_0565","향화도항","2029-01-09 00:00","177","고조"
"SO_0565","향화도항","2029-01-10 00:00","207","고조"
"SO_0565","향화도항","2029-01-10 00:00","486","저조"
"SO_0565","향화도항","2029-01-10 00:00","551","저조"
"SO_0565","향화도항","2029-01-10 00:00","107","고조"
"SO_0565","향화도항","2029-01-09 00:00","536","저조"
"SO_0565","향화도항","2029-01-09 00:00","103","고조"
"SO_0565","향화도항","2029-01-09 00:00","572","저조"
"SO_0565","향화도항","2029-01-09 00:00","177","고조"
"SO_0565","향화도항","2029-01-10 00:00","207","고조"
"SO_0565","향화도항","2029-01-10 00:00","486","저조"
"SO_0565","향화도항","2029-01-10 00:00","551","저조"
"SO_0565","향화도항","2029-01-10 00:00","107","고조"
"SO_0565","향화도항","2029-01-09 00:00","536","저조"
"SO_0565","향화도항","2029-01-09 00:00","103","고조"
"SO_0565","향화도항","2029-01-09 00:00","572","저조"
"SO_0565","향화도항","2029-01-09 00:00","177","고조"
"SO_0565","향화도항","2029-01-10 00:00","207","고조"
"SO_0565","향화도항","2029-01-10 00:00","486","저조"
"SO_0565","향화도항","2029-01-10 00:00","551","저조"
"SO_0565","향화도항","2029-01-10 00:00","107","고조"
"SO_0565","향화도항","2029-01-09 00:00","536","저조"
"SO_0565","향화도항","2029-01-09 00:00","103","고조"
"SO_0565","향화도항","2029-01-09 00:00","572","저조"
"SO_0565","향화도항","2029-01-09 00:00","177","고조"
"SO_0565","향화도항","2029-01-10 00:00","207","고조"
"SO_0565","향화도항","2029-01-10 00:00","486","저조"
"SO_0565","향화도항","2029-01-10 00:00","551","저조"
"SO_0565","향화도항","2029-01-10 00:00","107","고조"
"SO_0565","향화도항","2029-01-09 00:00","536","저조"
"SO_0565","향화도항","2029-01-09 00:00","103","고조"
"SO_0565","향화도항","2029-01-09 00:00","572","저조"
"SO_0565","향화도항","2029-01-09 00:00","177","고조"
"SO_0565","향화도항","2029-01-10 00:00","207","고조"
"SO_0565","향화도항","2029-01-10 00:00","486","저조"
"SO_0565","향화도항","2029-01-10 00:00","551","저조"
"SO_0565","향화도항","2029-01-10 00:00","107","고조"
"SO_0565","향화도항","2029-01-09 00:00","536","저조"
"SO_0565","향화도항","2029-01-09 00:00","103","고조"
"SO_0565","향화도항","2029-01-09 00:00","572","저조"
"SO_0565","향화도항","2029-01-09 00:00","177","고조"
"SO_0565","향화도항","2029-01-10 00:00","207","고조"
"SO_0565","향화도항","2029-01-10 00:00","486","저조"
"SO_0565","향화도항","2029-01-10 00:00","551","저조"
"SO_0565","향화도항","2029-01-10 00:00","107","고조"
"SO_0565","향화도항","2029-01-09 00:00","536","저조"
"SO_0565","향화도항","2029-01-09 00:00","103","고조"
"SO_0565","향화도항","2029-01-09 00:00","572","저조"
"SO_0565","향화도항","2029-01-09 00:00","177","고조"
"SO_0565","향화도항","2029-01-10 00:00","207","고조"
"SO_0565","향화도항","2029-01-10 00:00","486","저조"
"SO_0565","향화도항","2029-01-10 00:00","551","저조"
"SO_0565","향화도항","2029-01-10 00:00","107","고조"
"SO_0565","향화도항","2029-01-09 00:00","536","저조"
"SO_0565","향화도항","2029-01-09 00:00","103","고조"
"SO_0565","향화도항","2029-01-09 00:00","572","저조"
"SO_0565","향화도항","2029-01-09 00:00","177","고조"
"SO_0565","향화도항","2029-01-10 00:00","207","고조"
"SO_0565","향화도항","2029-01-10 00:00","486","저조"
"SO_0565","향화도항","2029-01-10 00:00","551","저조"
"SO_0565","향화도항","2029-01-10 00:00","107","고조"
"SO_0565","향화도항","2029-01-09 00:00","536","저조"
"SO_0565","향화도항","2029-01-09 00:00","103","고조"
"SO_0565","향화도항","2029-01-09 00:00","572","저조"
"SO_0565","향화도항","2029-01-09 00:00","177","고조"
"SO_0565","향화도항","2029-01-10 00:00","207","고조"
"SO_0565","향화도항","2029-01-10 00:00","486","저조"
"SO_0565","향화도항","2029-01-10 00:00","551","저조"
"SO_0565","향화도항","2029-01-10 00:00","107","고조"
"SO_0565","향화도항","2029-01-09 00:00","536","저조"
"SO_0565","향화도항","2029-01-09 00:00","103","고조"
"SO_0565","향화도항","2029-01-09 00:00","572","저조"
"SO_0565","향화도항","2029-01-09 00:00","177","고조"
"SO_0565","향화도항","2029-01-10 00:00","207","고조"
"SO_0565","향화도항","2029-01-10 00:00","486","저조"
"SO_0565","향화도항","2029-01-10 00:00","551","저조"
"SO_0565","향화도항","2029-01-10 00:00","107","고조"
"SO_0565","향화도항","2029-01-09 00:00","536","저조"
"SO_0565","향화도항","2029-01-09 00:00","103","고조"
"SO_0565","향화도항","2029-01-09 00:00","572","저조"
"SO_0565","향화도항","2029-01-09 00:00","177","고조"
"SO_0565","향화도항","2029-01-10 00:00","207","고조"
"SO_0565","향화도항","2029-01-10 00:00","486","저조"
"SO_0565","향화도항","2029-01-10 00:00","551","저조"
"SO_0565","향화도항","2029-01-10 00:00","107","고조"
"SO_0565","향화도항","2029-01-09 00:00","536","저조"
"SO_0565","향화도항","2029-01-09 00:00","103","고조"
"SO_0565","향화도항","2029-01-09 00:00","572","저조"
"SO_0565","향화도항","2029-01-09 00:00","177","고조"
"SO_0565","향화도항","2029-01-10 00:00","207","고조"
"SO_0565","향화도항","2029-01-10 00:00","486","저조"
"SO_0565","향화도항","2029-01-10 00:00","551","저조"
"SO_0565","향화도항","2029-01-10 00:00","107","고조"
"SO_0565","향화도항","2029-01-09 00:00","536","저조"
"SO_0565","향화도항","2029-01-09 00:00","103","고조"
"SO_0565","향화도항","2029-01-09 00:00","572","저조"
"SO_0565","향화도항","2029-01-09 00:00","177","고조"
"SO_0565","향화도항","2029-01-10 00:00","207","고조"
"SO_0565","향화도항","2029-01-10 00:00","486","저조"
"SO_0565","향화도항","2029-01-10 00:00","551","저조"
"SO_0565","향화도항","2029-01-10 00:00","107","고조"
"SO_0565","향화도항","2029-01-09 00:00","536","저조"
"SO_0565","향화도항","2029-01-09 00:00","103","고조"
"SO_0565","향화도항","2029-01-09 00:00","572","저조"
"SO_0565","향화도항","2029-01-09 00:00","177","고조"
"SO_0565","향화도항","2029-01-10 00:00","207","고조"
"SO_0565","향화도항","2029-01-10 00:00","486","저조"
"SO_0565","향화도항","2029-01-10 00:00","551","저조"
"SO_0565","향화도항","2029-01-10 00:00","107","고조"
"SO_0565","향화도항","2029-01-09 00:00","536","저조"
"SO_0565","향화도항","2029-01-09 00:00","103","고조"
"SO_0565","향화도항","2029-01-09 00:00","572","저조"
"SO_0565","향화도항","2029-01-09 00:00","177","고조"
"SO_0565","향화도항","2029-01-10 00:00","207","고조"
"SO_0565","향화도항","2029-01-10 00:00","486","저조"
"SO_0565","향화도항","2029-01-10 00:00","551","저조"
"SO_0565","향화도항","2029-01-10 00:00","107","고조"
"SO_0565","향화도항","2029-01-09 00:00","536","저조"
"SO_0565","향화도항","2029-01-09 00:00","103","고조"
"SO_0565","향화도항","2029-01-09 00:00","572","저조"
"SO_0565","향화도항","2029-01-09 00:00","177","고조"
"SO_0565","향화도항","2029-01-10 00:00","207","고조"
"SO_0565","향화도항","2029-01-10 00:00","486","저조"
"SO_0565","향화도항","2029-01-10 00:00","551","저조"
"SO_0565","향화도항","2029-01-10 00:00","107","고조"
"SO_0565","향화도항","2029-01-09 00:00","536","저조"
"SO_0565","향화도항","2029-01-09 00:00","103","고조"
"SO_0565","향화도항","2029-01-09 00:00","572","저조"
"SO_0565","향화도항","2029-01-09 00:00","177","고조"
"SO_0565","향화도항","2029-01-10 00:00","207","고조"
"SO_0565","향화도항","2029-01-10 00:00","486","저조"
"SO_0565","향화도항","2029-01-10 00:00","551","저조"
"SO_0565","향화도항","2029-01-10 00:00","107","고조"
"SO_0565","향화도항","2029-01-09 00:00","536","저조"
"SO_0565","향화도항","2029-01-09 00:00","103","고조"
"SO_0565","향화도항","2029-01-09 00:00","572","저조"
"SO_0565","향화도항","2029-01-09 00:00","177","고조"
"SO_0565","향화도항","2029-01-10 00:00","207","고조"
"SO_0565","향화도항","2029-01-10 00:00","486","저조"
"SO_0565","향화도항","2029-01-10 00:00","551","저조"
"SO_0565","향화도항","2029-01-10 00:00","107","고조"
"SO_0565","향화도항","2029-01-09 00:00","536","저조"
"SO_0565","향화도항","2029-01-09 00:00","103","고조"
"SO_0565","향화도항","2029-01-09 00:00","572","저조"
"SO_0565","향화도항","2029-01-09 00:00","177","고조"
"SO_0565","향화도항","2029-01-10 00:00","207","고조"
"SO_0565","향화도항","2029-01-10 00:00","486","저조"
"SO_0565","향화도항","2029-01-10 00:00","551","저조"
"SO_0565","향화도항","2029-01-10 00:00","107","고조"
"SO_0565","향화도항","2029-01-09 00:00","536","저조"
"SO_0565","향화도항","2029-01-09 00:00","103","고조"
"SO_0565","향화도항","2029-01-09 00:00","572","저조"
"SO_0565","향화도항","2029-01-09 00:00","177","고조"
"SO_0565","향화도항","2029-01-10 00:00","207","고조"
"SO_0565","향화도항","2029-01-10 00:00","486","저조"
"SO_0565","향화도항","2029-01-10 00:00","551","저조"
"SO_0565","향화도항","2029-01-10 00:00","107","고조"
"SO_0565","향화도항","2029-01-09 00:00","536","저조"
"SO_0565","향화도항","2029-01-09 00:00","103","고조"
"SO_0565","향화도항","2029-01-09 00:00","572","저조"
"SO_0565","향화도항","2029-01-09 00:00","177","고조"
"SO_0565","향화도항","2029-01-10 00:00","207","고조"
"SO_0565","향화도항","2029-01-10 00:00","486","저조"
"SO_0565","향화도항","2029-01-10 00:00","551","저조"
"SO_0565","향화도항","2029-01-10 00:00","107","고조"
"SO_0565","향화도항","2029-01-09 00:00","536","저조"
"SO_0565","향화도항","2029-01-09 00:00","103","고조"
"SO_0565","향화도항","2029-01-09 00:00","572","저조"
"SO_0565","향화도항","2029-01-09 00:00","177","고조"
"SO_0565","향화도항","2029-01-10 00:00","207","고조"
"SO_0565","향화도항","2029-01-10 00:00","486","저조"
"SO_0565","향화도항","2029-01-10 00:00","551","저조"
"SO_0565","향화도항","2029-01-10 00:00","107","고조"
"SO_0565","향화도항","2029-01-09 00:00","536","저조"
"SO_0565","향화도항","2029-01-09 00:00","103","고조"
"SO_0565","향화도항","2029-01-09 00:00","572","저조"
"SO_0565","향화도항","2029-01-09 00:00","177","고조"
"SO_0565","향화도항","2029-01-10 00:00","207","고조"
"SO_0565","향화도항","2029-01-10 00:00","486","저조"
"SO_0565","향화도항","2029-01-10 00:00","551","저조"
"SO_0565","향화도항","2029-01-10 00:00","107","고조"
"SO_0565","향화도항","2029-01-09 00:00","536","저조"
"SO_0565","향화도항","2029-01-09 00:00","103","고조"
"SO_0565","향화도항","2029-01-09 00:00","572","저조"
"SO_0565","향화도항","2029-01-09 00:00","177","고조"
"SO_0565","향화도항","2029-01-10 00:00","207","고조"
"SO_0565","향화도항","2029-01-10 00:00","486","저조"
"SO_0565","향화도항","2029-01-10 00:00","551","저조"
"SO_0565","향화도항","2029-01-10 00:00","107","고조"
"SO_0565","향화도항","2029-01-09 00:00","536","저조"
"SO_0565","향화도항","2029-01-09 00:00","103","고조"
"SO_0565","향화도항","2029-01-09 00:00","572","저조"
"SO_0565","향화도항","2029-01-09 00:00","177","고조"
"SO_0565","향화도항","2029-01-10 00:00","207","고조"
"SO_0565","향화도항","2029-01-10 00:00","486","저조"
"SO_0565","향화도항","2029-01-10 00:00","551","저조"
"SO_0565","향화도항","2029-01-10 00:00","107","고조"
"SO_0565","향화도항","2029-01-09 00:00","536","저조"
"SO_0565","향화도항","2029-01-09 00:00","103","고조"
"SO_0565","향화도항","2029-01-09 00:00","572","저조"
"SO_0565","향화도항","2029-01-09 00:00","177","고조"
"SO_0565","향화도항","2029-01-10 00:00","207","고조"
"SO_0565","향화도항","2029-01-10 00:00","486","저조"
"SO_0565","향화도항","2029-01-10 00:00","551","저조"
"SO_0565","향화도항","2029-01-10 00:00","107","고조"
"SO_0565","향화도항","2029-01-09 00:00","536","저조"
"SO_0565","향화도항","2029-01-09 00:00","103","고조"
"SO_0565","향화도항","2029-01-09 00:00","572","저조"
"SO_0565","향화도항","2029-01-09 00:00","177","고조"
"SO_0565","향화도항","2029-01-10 00:00","207","고조"
"SO_0565","향화도항","2029-01-10 00:00","486","저조"
"SO_0565","향화도항","2029-01-10 00:00","551","저조"
"SO_0565","향화도항","2029-01-10 00:00","107","고조"
"SO_0565","향화도항","2029-01-09 00:00","536","저조"
"SO_0565","향화도항","2029-01-09 00:00","103","고조"
"SO_0565","향화도항","2029-01-09 00:00","572","저조"
"SO_0565","향화도항","2029-01-09 00:00","177","고조"
"SO_0565","향화도항","2029-01-10 00:00","207","고조"
"SO_0565","향화도항","2029-01-10 00:00","486","저조"
"SO_0565","향화도항","2029-01-10 00:00","551","저조"
"SO_0565","향화도항","2029-01-10 00:00","107","고조"
"SO_0565","향화도항","2029-01-09 00:00","536","저조"
"SO_0565","향화도항","2029-01-09 00:00","103","고조"
"SO_0565","향화도항","2029-01-09 00:00","572","저조"
"SO_0565","향화도항","2029-01-09 00:00","177","고조"
"SO_0565","향화도항","2029-01-10 00:00","207","고조"
"SO_0565","향화도항","2029-01-10 00:00","486","저조"
"SO_0565","향화도항","2029-01-10 00:00","551","저조"
"SO_0565","향화도항","2029-01-10 00:00","107","고조"
"SO_0565","향화도항","2029-01-09 00:00","536","저조"
"SO_0565","향화도항","2029-01-09 00:00","103","고조"
"SO_0565","향화도항","2029-01-09 00:00","572","저조"
"SO_0565","향화도항","2029-01-09 00:00","177","고조"
"SO_0565","향화도항","2029-01-10 00:00","207","고조"
"SO_0565","향화도항","2029-01-10 00:00","486","저조"
"SO_0565","향화도항","2029-01-10 00:00","551","저조"
"SO_0565","향화도항","2029-01-10 00:00","107","고조"
"SO_0565","향화도항","2029-01-09 00:00","536","저조"
"SO_0565","향화도항","2029-01-09 00:00","103","고조"
"SO_0565","향화도항","2029-01-09 00:00","572","저조"
"SO_0565","향화도항","2029-01-09 00:00","177","고조"
"SO_0565","향화도항","2029-01-10 00:00","207","고조"
"SO_0565","향화도항","2029-01-10 00:00","486","저조"
"SO_0565","향화도항","2029-01-10 00:00","551","저조"
"SO_0565","향화도항","2029-01-10 00:00","107","고조"
"SO_0565","향화도항","2029-01-09 00:00","536","저조"
"SO_0565","향화도항","2029-01-09 00:00","103","고조"
"SO_0565","향화도항","2029-01-09 00:00","572","저조"
"SO_0565","향화도항","2029-01-09 00:00","177","고조"
"SO_0565","향화도항","2029-01-10 00:00","207","고조"
"SO_0565","향화도항","2029-01-10 00:00","486","저조"
"SO_0565","향화도항","2029-01-10 00:00","551","저조"
"SO_0565","향화도항","2029-01-10 00:00","107","고조"
"SO_0565","향화도항","2029-01-09 00:00","536","저조"
"SO_0565","향화도항","2029-01-09 00:00","103","고조"
"SO_0565","향화도항","2029-01-09 00:00","572","저조"
"SO_0565","향화도항","2029-01-09 00:00","177","고조"
"SO_0565","향화도항","2029-01-10 00:00","207","고조"
"SO_0565","향화도항","2029-01-10 00:00","486","저조"
"SO_0565","향화도항","2029-01-10 00:00","551","저조"
"SO_0565","향화도항","2029-01-10 00:00","107","고조"
"SO_0565","향화도항","2029-01-09 00:00","536","저조"
"SO_0565","향화도항","2029-01-09 00:00","103","고조"
"SO_0565","향화도항","2029-01-09 00:00","572","저조"
"SO_0565","향화도항","2029-01-09 00:00","177","고조"
"SO_0565","향화도항","2029-01-10 00:00","207","고조"
"SO_0565","향화도항","2029-01-10 00:00","486","저조"
"SO_0565","향화도항","2029-01-10 00:00","551","저조"
"SO_0565","향화도항","2029-01-10 00:00","107","고조"
"SO_0565","향화도항","2029-01-09 00:00","536","저조"
"SO_0565","향화도항","2029-01-09 00:00","103","고조"
"SO_0565","향화도항","2029-01-09 00:00","572","저조"
"SO_0565","향화도항","2029-01-09 00:00","177","고조"
"SO_0565","향화도항","2029-01-10 00:00","207","고조"
"SO_0565","향화도항","2029-01-10 00:00","486","저조"
"SO_0565","향화도항","2029-01-10 00:00","551","저조"
"SO_0565","향화도항","2029-01-10 00:00","107","고조"
"SO_0565","향화도항","2029-01-09 00:00","536","저조"
"SO_0565","향화도항","2029-01-09 00:00","103","고조"
"SO_0565","향화도항","2029-01-09 00:00","572","저조"
"SO_0565","향화도항","2029-01-09 00:00","177","고조"
"SO_0565","향화도항","2029-01-10 00:00","207","고조"
"SO_0565","향화도항","2029-01-10 00:00","486","저조"
"SO_0565","향화도항","2029-01-10 00:00","551","저조"
"SO_0565","향화도항","2029-01-10 00:00","107","고조"
"SO_0565","향화도항","2029-01-09 00:00","536","저조"
"SO_0565","향화도항","2029-01-09 00:00","103","고조"
"SO_0565","향화도항","2029-01-09 00:00","572","저조"
"SO_0565","향화도항","2029-01-09 00:00","177","고조"
"SO_0565","향화도항","2029-01-10 00:00","207","고조"
"SO_0565","향화도항","2029-01-10 00:00","486","저조"
"SO_0565","향화도항","2029-01-10 00:00","551","저조"
"SO_0565","향화도항","2029-01-10 00:00","107","고조"
"SO_0565","향화도항","2029-01-09 00:00","536","저조"
"SO_0565","향화도항","2029-01-09 00:00","103","고조"
"SO_0565","향화도항","2029-01-09 00:00","572","저조"
"SO_0565","향화도항","2029-01-09 00:00","177","고조"
"SO_0565","향화도항","2029-01-10 00:00","207","고조"
"SO_0565","향화도항","2029-01-10 00:00","486","저조"
"SO_0565","향화도항","2029-01-10 00:00","551","저조"
"SO_0565","향화도항","2029-01-10 00:00","107","고조"
"SO_0565","향화도항","2029-01-09 00:00","536","저조"
"SO_0565","향화도항","2029-01-09 00:00","103","고조"
"SO_0565","향화도항","2029-01-09 00:00","572","저조"
"SO_0565","향화도항","2029-01-09 00:00","177","고조"
"SO_0565","향화도항","2029-01-10 00:00","207","고조"
"SO_0565","향화도항","2029-01-10 00:00","486","저조"
"SO_0565","향화도항","2029-01-10 00:00","551","저조"
"SO_0565","향화도항","2029-01-10 00:00","107","고조"
"SO_0565","향화도항","2029-01-09 00:00","536","저조"
"SO_0565","향화도항","2029-01-09 00:00","103","고조"
"SO_0565","향화도항","2029-01-09 00:00","572","저조"
"SO_0565","향화도항","2029-01-09 00:00","177","고조"
"SO_0565","향화도항","2029-01-10 00:00","207","고조"
"SO_0565","향화도항","2029-01-10 00:00","486","저조"
"SO_0565","향화도항","2029-01-10 00:00","551","저조"
"SO_0565","향화도항","2029-01-10 00:00","107","고조"
"SO_0565","향화도항","2029-01-09 00:00","536","저조"
"SO_0565","향화도항","2029-01-09 00:00","103","고조"
"SO_0565","향화도항","2029-01-09 00:00","572","저조"
"SO_0565","향화도항","2029-01-09 00:00","177","고조"
"SO_0565","향화도항","2029-01-10 00:00","207","고조"
"SO_0565","향화도항","2029-01-10 00:00","486","저조"
"SO_0565","향화도항","2029-01-10 00:00","551","저조"
"SO_0565","향화도항","2029-01-10 00:00","107","고조"
"SO_0565","향화도항","2029-01-09 00:00","536","저조"
"SO_0565","향화도항","2029-01-09 00:00","103","고조"
"SO_0565","향화도항","2029-01-09 00:00","572","저조"
"SO_0565","향화도항","2029-01-09 00:00","177","고조"
"SO_0565","향화도항","2029-01-10 00:00","207","고조"
"SO_0565","향화도항","2029-01-10 00:00","486","저조"
"SO_0565","향화도항","2029-01-10 00:00","551","저조"
"SO_0565","향화도항","2029-01-10 00:00","107","고조"
"SO_0565","향화도항","2029-01-09 00:00","536","저조"
"SO_0565","향화도항","2029-01-09 00:00","103","고조"
"SO_0565","향화도항","2029-01-09 00:00","572","저조"
"SO_0565","향화도항","2029-01-09 00:00","177","고조"
"SO_0565","향화도항","2029-01-10 00:00","207","고조"
"SO_0565","향화도항","2029-01-10 00:00","486","저조"
"SO_0565","향화도항","2029-01-10 00:00","551","저조"
"SO_0565","향화도항","2029-01-10 00:00","107","고조"
"SO_0565","향화도항","2029-01-09 00:00","536","저조"
"SO_0565","향화도항","2029-01-09 00:00","103","고조"
"SO_0565","향화도항","2029-01-09 00:00","572","저조"
"SO_0565","향화도항","2029-01-09 00:00","177","고조"
"SO_0565","향화도항","2029-01-10 00:00","207","고조"
"SO_0565","향화도항","2029-01-10 00:00","486","저조"
"SO_0565","향화도항","2029-01-10 00:00","551","저조"
"SO_0565","향화도항","2029-01-10 00:00","107","고조"
"SO_0565","향화도항","2029-01-09 00:00","536","저조"
"SO_0565","향화도항","2029-01-09 00:00","103","고조"
"SO_0565","향화도항","2029-01-09 00:00","572","저조"
"SO_0565","향화도항","2029-01-09 00:00","177","고조"
"SO_0565","향화도항","2029-01-10 00:00","207","고조"
"SO_0565","향화도항","2029-01-10 00:00","486","저조"
"SO_0565","향화도항","2029-01-10 00:00","551","저조"
"SO_0565","향화도항","2029-01-10 00:00","107","고조"
"SO_0565","향화도항","2029-01-09 00:00","536","저조"
"SO_0565","향화도항","2029-01-09 00:00","103","고조"
"SO_0565","향화도항","2029-01-09 00:00","572","저조"
"SO_0565","향화도항","2029-01-09 00:00","177","고조"
"SO_0565","향화도항","2029-01-10 00:00","207","고조"
"SO_0565","향화도항","2029-01-10 00:00","486","저조"
"SO_0565","향화도항","2029-01-10 00:00","551","저조"
"SO_0565","향화도항","2029-01-10 00:00","107","고조"
"SO_0565","향화도항","2029-01-09 00:00","536","저조"
"SO_0565","향화도항","2029-01-09 00:00","103","고조"
"SO_0565","향화도항","2029-01-09 00:00","572","저조"
"SO_0565","향화도항","2029-01-09 00:00","177","고조"
"SO_0565","향화도항","2029-01-10 00:00","207","고조"
"SO_0565","향화도항","2029-01-10 00:00","486","저조"
"SO_0565","향화도항","2029-01-10 00:00","551","저조"
"SO_0565","향화도항","2029-01-10 00:00","107","고조"
"SO_0565","향화도항","2029-01-09 00:00","536","저조"
"SO_0565","향화도항","2029-01-09 00:00","103","고조"
"SO_0565","향화도항","2029-01-09 00:00","572","저조"
"SO_0565","향화도항","2029-01-09 00:00","177","고조"
"SO_0565","향화도항","2029-01-10 00:00","207","고조"
"SO_0565","향화도항","2029-01-10 00:00","486","저조"
"SO_0565","향화도항","2029-01-10 00:00","551","저조"
"SO_0565","향화도항","2029-01-10 00:00","107","고조"
"SO_0565","향화도항","2029-01-09 00:00","536","저조"
"SO_0565","향화도항","2029-01-09 00:00","103","고조"
"SO_0565","향화도항","2029-01-09 00:00","572","저조"
"SO_0565","향화도항","2029-01-09 00:00","177","고조"
"SO_0565","향화도항","2029-01-10 00:00","207","고조"
"SO_0565","향화도항","2029-01-10 00:00","486","저조"
"SO_0565","향화도항","2029-01-10 00:00","551","저조"
"SO_0565","향화도항","2029-01-10 00:00","107","고조"
"SO_0565","향화도항","2029-01-09 00:00","536","저조"
"SO_0565","향화도항","2029-01-09 00:00","103","고조"
"SO_0565","향화도항","2029-01-09 00:00","572","저조"
"SO_0565","향화도항","2029-01-09 00:00","177","고조"
"SO_0565","향화도항","2029-01-10 00:00","207","고조"
"SO_0565","향화도항","2029-01-10 00:00","486","저조"
"SO_0565","향화도항","2029-01-10 00:00","551","저조"
"SO_0565","향화도항","2029-01-10 00:00","107","고조"
"SO_0565","향화도항","2029-01-09 00:00","536","저조"
"SO_0565","향화도항","2029-01-09 00:00","103","고조"
"SO_0565","향화도항","2029-01-09 00:00","572","저조"
"SO_0565","향화도항","2029-01-09 00:00","177","고조"
"SO_0565","향화도항","2029-01-10 00:00","207","고조"
"SO_0565","향화도항","2029-01-10 00:00","486","저조"
"SO_0565","향화도항","2029-01-10 00:00","551","저조"
"SO_0565","향화도항","2029-01-10 00:00","107","고조"
"SO_0565","향화도항","2029-01-09 00:00","536","저조"
"SO_0565","향화도항","2029-01-09 00:00","103","고조"
"SO_0565","향화도항","2029-01-09 00:00","572","저조"
"SO_0565","향화도항","2029-01-09 00:00","177","고조"
"SO_0565","향화도항","2029-01-10 00:00","207","고조"
"SO_0565","향화도항","2029-01-10 00:00","486","저조"
"SO_0565","향화도항","2029-01-10 00:00","551","저조"
"SO_0565","향화도항","2029-01-10 00:00","107","고조"
"SO_0565","향화도항","2029-01-09 00:00","536","저조"
"SO_0565","향화도항","2029-01-09 00:00","103","고조"
"SO_0565","향화도항","2029-01-09 00:00","572","저조"
"SO_0565","향화도항","2029-01-09 00:00","177","고조"
"SO_0565","향화도항","2029-01-10 00:00","207","고조"
"SO_0565","향화도항","2029-01-10 00:00","486","저조"
"SO_0565","향화도항","2029-01-10 00:00","551","저조"
"SO_0565","향화도항","2029-01-10 00:00","107","고조"
"SO_0565","향화도항","2029-01-09 00:00","536","저조"
"SO_0565","향화도항","2029-01-09 00:00","103","고조"
"SO_0565","향화도항","2029-01-09 00:00","572","저조"
"SO_0565","향화도항","2029-01-09 00:00","177","고조"
"SO_0565","향화도항","2029-01-10 00:00","207","고조"
"SO_0565","향화도항","2029-01-10 00:00","486","저조"
"SO_0565","향화도항","2029-01-10 00:00","551","저조"
"SO_0565","향화도항","2029-01-10 00:00","107","고조"
"SO_0565","향화도항","2029-01-09 00:00","536","저조"
"SO_0565","향화도항","2029-01-09 00:00","103","고조"
"SO_0565","향화도항","2029-01-09 00:00","572","저조"
"SO_0565","향화도항","2029-01-09 00:00","177","고조"
"SO_0565","향화도항","2029-01-10 00:00","207","고조"
"SO_0565","향화도항","2029-01-10 00:00","486","저조"
"SO_0565","향화도항","2029-01-10 00:00","551","저조"
"SO_0565","향화도항","2029-01-10 00:00","107","고조"
"SO_0565","향화도항","2029-01-09 00:00","536","저조"
"SO_0565","향화도항","2029-01-09 00:00","103","고조"
"SO_0565","향화도항","2029-01-09 00:00","572","저조"
"SO_0565","향화도항","2029-01-09 00:00","177","고조"
"SO_0565","향화도항","2029-01-10 00:00","207","고조"
"SO_0565","향화도항","2029-01-10 00:00","486","저조"
"SO_0565","향화도항","2029-01-10 00:00","551","저조"
"SO_0565","향화도항","2029-01-10 00:00","107","고조"
"SO_0565","향화도항","2029-01-09 00:00","536","저조"
"SO_0565","향화도항","2029-01-09 00:00","103","고조"
"SO_0565","향화도항","2029-01-09 00:00","572","저조"
"SO_0565","향화도항","2029-01-09 00:00","177","고조"
"SO_0565","향화도항","2029-01-10 00:00","207","고조"
"SO_0565","향화도항","2029-01-10 00:00","486","저조"
"SO_0565","향화도항","2029-01-10 00:00","551","저조"
"SO_0565","향화도항","2029-01-10 00:00","107","고조"
"SO_0565","향화도항","2029-01-09 00:00","536","저조"
"SO_0565","향화도항","2029-01-09 00:00","103","고조"
"SO_0565","향화도항","2029-01-09 00:00","572","저조"
"SO_0565","향화도항","2029-01-09 00:00","177","고조"
"SO_0565","향화도항","2029-01-10 00:00","207","고조"
"SO_0565","향화도항","2029-01-10 00:00","486","저조"
"SO_0565","향화도항","2029-01-10 00:00","551","저조"
"SO_0565","향화도항","2029-01-10 00:00","107","고조"
"SO_0565","향화도항","2029-01-09 00:00","536","저조"
"SO_0565","향화도항","2029-01-09 00:00","103","고조"
"SO_0565","향화도항","2029-01-09 00:00","572","저조"
"SO_0565","향화도항","2029-01-09 00:00","177","고조"
"SO_0565","향화도항","2029-01-10 00:00","207","고조"
"SO_0565","향화도항","2029-01-10 00:00","486","저조"
"SO_0565","향화도항","2029-01-10 00:00","551","저조"
"SO_0565","향화도항","2029-01-10 00:00","107","고조"
"SO_0565","향화도항","2029-01-09 00:00","536","저조"
"SO_0565","향화도항","2029-01-09 00:00","103","고조"
"SO_0565","향화도항","2029-01-09 00:00","572","저조"
"SO_0565","향화도항","2029-01-09 00:00","177","고조"
"SO_0565","향화도항","2029-01-10 00:00","207","고조"
"SO_0565","향화도항","2029-01-10 00:00","486","저조"
"SO_0565","향화도항","2029-01-10 00:00","551","저조"
"SO_0565","향화도항","2029-01-10 00:00","107","고조"
"SO_0565","향화도항","2029-01-09 00:00","536","저조"
"SO_0565","향화도항","2029-01-09 00:00","103","고조"
"SO_0565","향화도항","2029-01-09 00:00","572","저조"
"SO_0565","향화도항","2029-01-09 00:00","177","고조"
"SO_0565","향화도항","2029-01-10 00:00","207","고조"
"SO_0565","향화도항","2029-01-10 00:00","486","저조"
"SO_0565","향화도항","2029-01-10 00:00","551","저조"
"SO_0565","향화도항","2029-01-10 00:00","107","고조"
"SO_0565","향화도항","2029-01-09 00:00","536","저조"
"SO_0565","향화도항","2029-01-09 00:00","103","고조"
"SO_0565","향화도항","2029-01-09 00:00","572","저조"
"SO_0565","향화도항","2029-01-09 00:00","177","고조"
"SO_0565","향화도항","2029-01-10 00:00","207","고조"
"SO_0565","향화도항","2029-01-10 00:00","486","저조"
"SO_0565","향화도항","2029-01-10 00:00","551","저조"
"SO_0565","향화도항","2029-01-10 00:00","107","고조"
"SO_0565","향화도항","2029-01-09 00:00","536","저조"
"SO_0565","향화도항","2029-01-09 00:00","103","고조"
"SO_0565","향화도항","2029-01-09 00:00","572","저조"
"SO_0565","향화도항","2029-01-09 00:00","177","고조"
"SO_0565","향화도항","2029-01-10 00:00","207","고조"
"SO_0565","향화도항","2029-01-10 00:00","486","저조"
"SO_0565","향화도항","2029-01-10 00:00","551","저조"
"SO_0565","향화도항","2029-01-10 00:00","107","고조"
"SO_0565","향화도항","2029-01-09 00:00","536","저조"
"SO_0565","향화도항","2029-01-09 00:00","103","고조"
"SO_0565","향화도항","2029-01-09 00:00","572","저조"
"SO_0565","향화도항","2029-01-09 00:00","177","고조"
"SO_0565","향화도항","2029-01-10 00:00","207","고조"
"SO_0565","향화도항","2029-01-10 00:00","486","저조"
"SO_0565","향화도항","2029-01-10 00:00","551","저조"
"SO_0565","향화도항","2029-01-10 00:00","107","고조"
"SO_0565","향화도항","2029-01-09 00:00","536","저조"
"SO_0565","향화도항","2029-01-09 00:00","103","고조"
"SO_0565","향화도항","2029-01-09 00:00","572","저조"
"SO_0565","향화도항","2029-01-09 00:00","177","고조"
"SO_0565","향화도항","2029-01-10 00:00","207","고조"
"SO_0565","향화도항","2029-01-10 00:00","486","저조"
"SO_0565","향화도항","2029-01-10 00:00","551","저조"
"SO_0565","향화도항","2029-01-10 00:00","107","고조"
"SO_0565","향화도항","2029-01-09 00:00","536","저조"
"SO_0565","향화도항","2029-01-09 00:00","103","고조"
"SO_0565","향화도항","2029-01-09 00:00","572","저조"
"SO_0565","향화도항","2029-01-09 00:00","177","고조"
"SO_0565","향화도항","2029-01-10 00:00","207","고조"
"SO_0565","향화도항","2029-01-10 00:00","486","저조"
"SO_0565","향화도항","2029-01-10 00:00","551","저조"
"SO_0565","향화도항","2029-01-10 00:00","107","고조"
"SO_0565","향화도항","2029-01-09 00:00","536","저조"
"SO_0565","향화도항","2029-01-09 00:00","103","고조"
"SO_0565","향화도항","2029-01-09 00:00","572","저조"
"SO_0565","향화도항","2029-01-09 00:00","177","고조"
"SO_0565","향화도항","2029-01-10 00:00","207","고조"
"SO_0565","향화도항","2029-01-10 00:00","486","저조"
"SO_0565","향화도항","2029-01-10 00:00","551","저조"
"SO_0565","향화도항","2029-01-10 00:00","107","고조"
"SO_0565","향화도항","2029-01-09 00:00","536","저조"
"SO_0565","향화도항","2029-01-09 00:00","103","고조"
"SO_0565","향화도항","2029-01-09 00:00","572","저조"
"SO_0565","향화도항","2029-01-09 00:00","177","고조"
"SO_0565","향화도항","2029-01-10 00:00","207","고조"
"SO_0565","향화도항","2029-01-10 00:00","486","저조"
"SO_0565","향화도항","2029-01-10 00:00","551","저조"
"SO_0565","향화도항","2029-01-10 00:00","107","고조"
"SO_0565","향화도항","2029-01-09 00:00","536","저조"
"SO_0565","향화도항","2029-01-09 00:00","103","고조"
"SO_0565","향화도항","2029-01-09 00:00","572","저조"
"SO_0565","향화도항","2029-01-09 00:00","177","고조"
"SO_0565","향화도항","2029-01-10 00:00","207","고조"
"SO_0565","향화도항","2029-01-10 00:00","486","저조"
"SO_0565","향화도항","2029-01-10 00:00","551","저조"
"SO_0565","향화도항","2029-01-10 00:00","107","고조"
"SO_0565","향화도항","2029-01-09 00:00","536","저조"
"SO_0565","향화도항","2029-01-09 00:00","103","고조"
"SO_0565","향화도항","2029-01-09 00:00","572","저조"
"SO_0565","향화도항","2029-01-09 00:00","177","고조"
"SO_0565","향화도항","2029-01-10 00:00","207","고조"
"SO_0565","향화도항","2029-01-10 00:00","486","저조"
"SO_0565","향화도항","2029-01-10 00:00","551","저조"
"SO_0565","향화도항","2029-01-10 00:00","107","고조"
"SO_0565","향화도항","2029-01-09 00:00","536","저조"
"SO_0565","향화도항","2029-01-09 00:00","103","고조"
"SO_0565","향화도항","2029-01-09 00:00","572","저조"
"SO_0565","향화도항","2029-01-09 00:00","177","고조"
"SO_0565","향화도항","2029-01-10 00:00","207","고조"
"SO_0565","향화도항","2029-01-10 00:00","486","저조"
"SO_0565","향화도항","2029-01-10 00:00","551","저조"
"SO_0565","향화도항","2029-01-10 00:00","107","고조"
"SO_0565","향화도항","2029-01-09 00:00","536","저조"
"SO_0565","향화도항","2029-01-09 00:00","103","고조"
"SO_0565","향화도항","2029-01-09 00:00","572","저조"
"SO_0565","향화도항","2029-01-09 00:00","177","고조"
"SO_0565","향화도항","2029-01-10 00:00","207","고조"
"SO_0565","향화도항","2029-01-10 00:00","486","저조"
"SO_0565","향화도항","2029-01-10 00:00","551","저조"
"SO_0565","향화도항","2029-01-10 00:00","107","고조"
"SO_0565","향화도항","2029-01-09 00:00","536","저조"
"SO_0565","향화도항","2029-01-09 00:00","103","고조"
"SO_0565","향화도항","2029-01-09 00:00","572","저조"
"SO_0565","향화도항","2029-01-09 00:00","177","고조"
"SO_0565","향화도항","2029-01-10 00:00","207","고조"
"SO_0565","향화도항","2029-01-10 00:00","486","저조"
"SO_0565","향화도항","2029-01-10 00:00","551","저조"
"SO_0565","향화도항","2029-01-10 00:00","107","고조"
"SO_0565","향화도항","2029-01-09 00:00","536","저조"
"SO_0565","향화도항","2029-01-09 00:00","103","고조"
"SO_0565","향화도항","2029-01-09 00:00","572","저조"
"SO_0565","향화도항","2029-01-09 00:00","177","고조"
"SO_0565","향화도항","2029-01-10 00:00","207","고조"
"SO_0565","향화도항","2029-01-10 00:00","486","저조"
"SO_0565","향화도항","2029-01-10 00:00","551","저조"
"SO_0565","향화도항","2029-01-10 00:00","107","고조"
"SO_0565","향화도항","2029-01-09 00:00","536","저조"
"SO_0565","향화도항","2029-01-09 00:00","103","고조"
"SO_0565","향화도항","2029-01-09 00:00","572","저조"
"SO_0565","향화도항","2029-01-09 00:00","177","고조"
"SO_0565","향화도항","2029-01-10 00:00","207","고조"
"SO_0565","향화도항","2029-01-10 00:00","486","저조"
"SO_0565","향화도항","2029-01-10 00:00","551","저조"
"SO_0565","향화도항","2029-01-10 00:00","107","고조"
"SO_0565","향화도항","2029-01-09 00:00","536","저조"
"SO_0565","향화도항","2029-01-09 00:00","103","고조"
"SO_0565","향화도항","2029-01-09 00:00","572","저조"
"SO_0565","향화도항","2029-01-09 00:00","177","고조"
"SO_0565","향화도항","2029-01-10 00:00","207","고조"
"SO_0565","향화도항","2029-01-10 00:00","486","저조"
"SO_0565","향화도항","2029-01-10 00:00","551","저조"
"SO_0565","향화도항","2029-01-10 00:00","107","고조"
"SO_0565","향화도항","2029-01-09 00:00","536","저조"
"SO_0565","향화도항","2029-01-09 00:00","103","고조"
"SO_0565","향화도항","2029-01-09 00:00","572","저조"
"SO_0565","향화도항","2029-01-09 00:00","177","고조"
"SO_0565","향화도항","2029-01-10 00:00","207","고조"
"SO_0565","향화도항","2029-01-10 00:00","486","저조"
"SO_0565","향화도항","2029-01-10 00:00","551","저조"
"SO_0565","향화도항","2029-01-10 00:00","107","고조"
"SO_0565","향화도항","2029-01-09 00:00","536","저조"
"SO_0565","향화도항","2029-01-09 00:00","103","고조"
"SO_0565","향화도항","2029-01-09 00:00","572","저조"
"SO_0565","향화도항","2029-01-09 00:00","177","고조"
"SO_0565","향화도항","2029-01-10 00:00","207","고조"
"SO_0565","향화도항","2029-01-10 00:00","486","저조"
"SO_0565","향화도항","2029-01-10 00:00","551","저조"
"SO_0565","향화도항","2029-01-10 00:00","107","고조"
"SO_0565","향화도항","2029-01-09 00:00","536","저조"
"SO_0565","향화도항","2029-01-09 00:00","103","고조"
"SO_0565","향화도항","2029-01-09 00:00","572","저조"
"SO_0565","향화도항","2029-01-09 00:00","177","고조"
"SO_0565","향화도항","2029-01-10 00:00","207","고조"
"SO_0565","향화도항","2029-01-10 00:00","486","저조"
"SO_0565","향화도항","2029-01-10 00:00","551","저조"
"SO_0565","향화도항","2029-01-10 00:00","107","고조"
"SO_0565","향화도항","2029-01-09 00:00","536","저조"
"SO_0565","향화도항","2029-01-09 00:00","103","고조"
"SO_0565","향화도항","2029-01-09 00:00","572","저조"
"SO_0565","향화도항","2029-01-09 00:00","177","고조"
"SO_0565","향화도항","2029-01-10 00:00","207","고조"
"SO_0565","향화도항","2029-01-10 00:00","486","저조"
"SO_0565","향화도항","2029-01-10 00:00","551","저조"
"SO_0565","향화도항","2029-01-10 00:00","107","고조"
"SO_0565","향화도항","2029-01-09 00:00","536","저조"
"SO_0565","향화도항","2029-01-09 00:00","103","고조"
"SO_0565","향화도항","2029-01-09 00:00","572","저조"
"SO_0565","향화도항","2029-01-09 00:00","177","고조"
"SO_0565","향화도항","2029-01-10 00:00","207","고조"
"SO_0565","향화도항","2029-01-10 00:00","486","저조"
"SO_0565","향화도항","2029-01-10 00:00","551","저조"
"SO_0565","향화도항","2029-01-10 00:00","107","고조"
"SO_0565","향화도항","2029-01-09 00:00","536","저조"
"SO_0565","향화도항","2029-01-09 00:00","103","고조"
"SO_0565","향화도항","2029-01-09 00:00","572","저조"
"SO_0565","향화도항","2029-01-09 00:00","177","고조"
"SO_0565","향화도항","2029-01-10 00:00","207","고조"
"SO_0565","향화도항","2029-01-10 00:00","486","저조"
"SO_0565","향화도항","2029-01-10 00:00","551","저조"
"SO_0565","향화도항","2029-01-10 00:00","107","고조"
"SO_0565","향화도항","2029-01-09 00:00","536","저조"
"SO_0565","향화도항","2029-01-09 00:00","103","고조"
"SO_0565","향화도항","2029-01-09 00:00","572","저조"
"SO_0565","향화도항","2029-01-09 00:00","177","고조"
"SO_0565","향화도항","2029-01-10 00:00","207","고조"
"SO_0565","향화도항","2029-01-10 00:00","486","저조"
"SO_0565","향화도항","2029-01-10 00:00","551","저조"
"SO_0565","향화도항","2029-01-10 00:00","107","고조"
"SO_0565","향화도항","2029-01-09 00:00","536","저조"
"SO_0565","향화도항","2029-01-09 00:00","103","고조"
"SO_0565","향화도항","2029-01-09 00:00","572","저조"
"SO_0565","향화도항","2029-01-09 00:00","177","고조"
"SO_0565","향화도항","2029-01-10 00:00","207","고조"
"SO_0565","향화도항","2029-01-10 00:00","486","저조"
"SO_0565","향화도항","2029-01-10 00:00","551","저조"
"SO_0565","향화도항","2029-01-10 00:00","107","고조"
"SO_0565","향화도항","2029-01-09 00:00","536","저조"
"SO_0565","향화도항","2029-01-09 00:00","103","고조"
"SO_0565","향화도항","2029-01-09 00:00","572","저조"
"SO_0565","향화도항","2029-01-09 00:00","177","고조"
"SO_0565","향화도항","2029-01-10 00:00","207","고조"
"SO_0565","향화도항","2029-01-10 00:00","486","저조"
"SO_0565","향화도항","2029-01-10 00:00","551","저조"
"SO_0565","향화도항","2029-01-10 00:00","107","고조"
"SO_0565","향화도항","2029-01-09 00:00","536","저조"
"SO_0565","향화도항","2029-01-09 00:00","103","고조"
"SO_0565","향화도항","2029-01-09 00:00","572","저조"
"SO_0565","향화도항","2029-01-09 00:00","177","고조"
"SO_0565","향화도항","2029-01-10 00:00","207","고조"
"SO_0565","향화도항","2029-01-10 00:00","486","저조"
"SO_0565","향화도항","2029-01-10 00:00","551","저조"
"SO_0565","향화도항","2029-01-10 00:00","107","고조"
"SO_0565","향화도항","2029-01-09 00:00","536","저조"
"SO_0565","향화도항","2029-01-09 00:00","103","고조"
"SO_0565","향화도항","2029-01-09 00:00","572","저조"
"SO_0565","향화도항","2029-01-09 00:00","177","고조"
"SO_0565","향화도항","2029-01-10 00:00","207","고조"
"SO_0565","향화도항","2029-01-10 00:00","486","저조"
"SO_0565","향화도항","2029-01-10 00:00","551","저조"
"SO_0565","향화도항","2029-01-10 00:00","107","고조"
"SO_0565","향화도항","2029-01-09 00:00","536","저조"
"SO_0565","향화도항","2029-01-09 00:00","103","고조"
"SO_0565","향화도항","2029-01-09 00:00","572","저조"
"SO_0565","향화도항","2029-01-09 00:00","177","고조"
"SO_0565","향화도항","2029-01-10 00:00","207","고조"
"SO_0565","향화도항","2029-01-10 00:00","486","저조"
"SO_0565","향화도항","2029-01-10 00:00","551","저조"
"SO_0565","향화도항","2029-01-10 00:00","107","고조"
"SO_0565","향화도항","2029-01-09 00:00","536","저조"
"SO_0565","향화도항","2029-01-09 00:00","103","고조"
"SO_0565","향화도항","2029-01-09 00:00","572","저조"
"SO_0565","향화도항","2029-01-09 00:00","177","고조"
"SO_0565","향화도항","2029-01-10 00:00","207","고조"
"SO_0565","향화도항","2029-01-10 00:00","486","저조"
"SO_0565","향화도항","2029-01-10 00:00","551","저조"
"SO_0565","향화도항","2029-01-10 00:00","107","고조"
"SO_0565","향화도항","2029-01-09 00:00","536","저조"
"SO_0565","향화도항","2029-01-09 00:00","103","고조"
"SO_0565","향화도항","2029-01-09 00:00","572","저조"
"SO_0565","향화도항","2029-01-09 00:00","177","고조"
"SO_0565","향화도항","2029-01-10 00:00","207","고조"
"SO_0565","향화도항","2029-01-10 00:00","486","저조"
"SO_0565","향화도항","2029-01-10 00:00","551","저조"
"SO_0565","향화도항","2029-01-10 00:00","107","고조"
"SO_0565","향화도항","2029-01-09 00:00","536","저조"
"SO_0565","향화도항","2029-01-09 00:00","103","고조"
"SO_0565","향화도항","2029-01-09 00:00","572","저조"
"SO_0565","향화도항","2029-01-09 00:00","177","고조"
"SO_0565","향화도항","2029-01-10 00:00","207","고조"
"SO_0565","향화도항","2029-01-10 00:00","486","저조"
"SO_0565","향화도항","2029-01-10 00:00","551","저조"
"SO_0565","향화도항","2029-01-10 00:00","107","고조"
"SO_0565","향화도항","2029-01-09 00:00","536","저조"
"SO_0565","향화도항","2029-01-09 00:00","103","고조"
"SO_0565","향화도항","2029-01-09 00:00","572","저조"
"SO_0565","향화도항","2029-01-09 00:00","177","고조"
"SO_0565","향화도항","2029-01-10 00:00","207","고조"
"SO_0565","향화도항","2029-01-10 00:00","486","저조"
"SO_0565","향화도항","2029-01-10 00:00","551","저조"
"SO_0565","향화도항","2029-01-10 00:00","107","고조"
"SO_0565","향화도항","2029-01-09 00:00","536","저조"
"SO_0565","향화도항","2029-01-09 00:00","103","고조"
"SO_0565","향화도항","2029-01-09 00:00","572","저조"
"SO_0565","향화도항","2029-01-09 00:00","177","고조"
"SO_0565","향화도항","2029-01-10 00:00","207","고조"
"SO_0565","향화도항","2029-01-10 00:00","486","저조"
"SO_0565","향화도항","2029-01-10 00:00","551","저조"
"SO_0565","향화도항","2029-01-10 00:00","107","고조"
"SO_0565","향화도항","2029-01-09 00:00","536","저조"
"SO_0565","향화도항","2029-01-09 00:00","103","고조"
"SO_0565","향화도항","2029-01-09 00:00","572","저조"
"SO_0565","향화도항","2029-01-09 00:00","177","고조"
"SO_0565","향화도항","2029-01-10 00:00","207","고조"
"SO_0565","향화도항","2029-01-10 00:00","486","저조"
"SO_0565","향화도항","2029-01-10 00:00","551","저조"
"SO_0565","향화도항","2029-01-10 00:00","107","고조"
"SO_0565","향화도항","2029-01-09 00:00","536","저조"
"SO_0565","향화도항","2029-01-09 00:00","103","고조"
"SO_0565","향화도항","2029-01-09 00:00","572","저조"
"SO_0565","향화도항","2029-01-09 00:00","177","고조"
"SO_0565","향화도항","2029-01-10 00:00","207","고조"
"SO_0565","향화도항","2029-01-10 00:00","486","저조"
"SO_0565","향화도항","2029-01-10 00:00","551","저조"
"SO_0565","향화도항","2029-01-10 00:00","107","고조"
"SO_0565","향화도항","2029-01-09 00:00","536","저조"
"SO_0565","향화도항","2029-01-09 00:00","103","고조"
"SO_0565","향화도항","2029-01-09 00:00","572","저조"
"SO_0565","향화도항","2029-01-09 00:00","177","고조"
"SO_0565","향화도항","2029-01-10 00:00","207","고조"
"SO_0565","향화도항","2029-01-10 00:00","486","저조"
"SO_0565","향화도항","2029-01-10 00:00","551","저조"
"SO_0565","향화도항","2029-01-10 00:00","107","고조"
"SO_0565","향화도항","2029-01-09 00:00","536","저조"
"SO_0565","향화도항","2029-01-09 00:00","103","고조"
"SO_0565","향화도항","2029-01-09 00:00","572","저조"
"SO_0565","향화도항","2029-01-09 00:00","177","고조"
"SO_0565","향화도항","2029-01-10 00:00","207","고조"
"SO_0565","향화도항","2029-01-10 00:00","486","저조"
"SO_0565","향화도항","2029-01-10 00:00","551","저조"
"SO_0565","향화도항","2029-01-10 00:00","107","고조"
"SO_0565","향화도항","2029-01-09 00:00","536","저조"
"SO_0565","향화도항","2029-01-09 00:00","103","고조"
"SO_0565","향화도항","2029-01-09 00:00","572","저조"
"SO_0565","향화도항","2029-01-09 00:00","177","고조"
"SO_0565","향화도항","2029-01-10 00:00","207","고조"
"SO_0565","향화도항","2029-01-10 00:00","486","저조"
"SO_0565","향화도항","2029-01-10 00:00","551","저조"
"SO_0565","향화도항","2029-01-10 00:00","107","고조"
"SO_0565","향화도항","2029-01-09 00:00","536","저조"
"SO_0565","향화도항","2029-01-09 00:00","103","고조"
"SO_0565","향화도항","2029-01-09 00:00","572","저조"
"SO_0565","향화도항","2029-01-09 00:00","177","고조"
"SO_0565","향화도항","2029-01-10 00:00","207","고조"
"SO_0565","향화도항","2029-01-10 00:00","486","저조"
"SO_0565","향화도항","2029-01-10 00:00","551","저조"
"SO_0565","향화도항","2029-01-10 00:00","107","고조"
"SO_0565","향화도항","2029-01-09 00:00","536","저조"
"SO_0565","향화도항","2029-01-09 00:00","103","고조"
"SO_0565","향화도항","2029-01-09 00:00","572","저조"
"SO_0565","향화도항","2029-01-09 00:00","177","고조"
"SO_0565","향화도항","2029-01-10 00:00","207","고조"
"SO_0565","향화도항","2029-01-10 00:00","486","저조"
"SO_0565","향화도항","2029-01-10 00:00","551","저조"
"SO_0565","향화도항","2029-01-10 00:00","107","고조"
"SO_0565","향화도항","2029-01-09 00:00","536","저조"
"SO_0565","향화도항","2029-01-09 00:00","103","고조"
"SO_0565","향화도항","2029-01-09 00:00","572","저조"
"SO_0565","향화도항","2029-01-09 00:00","177","고조"
"SO_0565","향화도항","2029-01-10 00:00","207","고조"
"SO_0565","향화도항","2029-01-10 00:00","486","저조"
"SO_0565","향화도항","2029-01-10 00:00","551","저조"
"SO_0565","향화도항","2029-01-10 00:00","107","고조"
"SO_0565","향화도항","2029-01-09 00:00","536","저조"
"SO_0565","향화도항","2029-01-09 00:00","103","고조"
"SO_0565","향화도항","2029-01-09 00:00","572","저조"
"SO_0565","향화도항","2029-01-09 00:00","177","고조"
"SO_0565","향화도항","2029-01-10 00:00","207","고조"
"SO_0565","향화도항","2029-01-10 00:00","486","저조"
"SO_0565","향화도항","2029-01-10 00:00","551","저조"
"SO_0565","향화도항","2029-01-10 00:00","107","고조"
"SO_0565","향화도항","2029-01-09 00:00","536","저조"
"SO_0565","향화도항","2029-01-09 00:00","103","고조"
"SO_0565","향화도항","2029-01-09 00:00","572","저조"
"SO_0565","향화도항","2029-01-09 00:00","177","고조"
"SO_0565","향화도항","2029-01-10 00:00","207","고조"
"SO_0565","향화도항","2029-01-10 00:00","486","저조"
"SO_0565","향화도항","2029-01-10 00:00","551","저조"
"SO_0565","향화도항","2029-01-10 00:00","107","고조"
"SO_0565","향화도항","2029-01-09 00:00","536","저조"
"SO_0565","향화도항","2029-01-09 00:00","103","고조"
"SO_0565","향화도항","2029-01-09 00:00","572","저조"
"SO_0565","향화도항","2029-01-09 00:00","177","고조"
"SO_0565","향화도항","2029-01-10 00:00","207","고조"
"SO_0565","향화도항","2029-01-10 00:00","486","저조"
"SO_0565","향화도항","2029-01-10 00:00","551","저조"
"SO_0565","향화도항","2029-01-10 00:00","107","고조"
"SO_0565","향화도항","2029-01-09 00:00","536","저조"
"SO_0565","향화도항","2029-01-09 00:00","103","고조"
"SO_0565","향화도항","2029-01-09 00:00","572","저조"
"SO_0565","향화도항","2029-01-09 00:00","177","고조"
"SO_0565","향화도항","2029-01-10 00:00","207","고조"
"SO_0565","향화도항","2029-01-10 00:00","486","저조"
"SO_0565","향화도항","2029-01-10 00:00","551","저조"
"SO_0565","향화도항","2029-01-10 00:00","107","고조"
"SO_0565","향화도항","2029-01-09 00:00","536","저조"
"SO_0565","향화도항","2029-01-09 00:00","103","고조"
"SO_0565","향화도항","2029-01-09 00:00","572","저조"
"SO_0565","향화도항","2029-01-09 00:00","177","고조"
"SO_0565","향화도항","2029-01-10 00:00","207","고조"
"SO_0565","향화도항","2029-01-10 00:00","486","저조"
"SO_0565","향화도항","2029-01-10 00:00","551","저조"
"SO_0565","향화도항","2029-01-10 00:00","107","고조"
"SO_0565","향화도항","2029-01-09 00:00","536","저조"
"SO_0565","향화도항","2029-01-09 00:00","103","고조"
"SO_0565","향화도항","2029-01-09 00:00","572","저조"
"SO_0565","향화도항","2029-01-09 00:00","177","고조"
"SO_0565","향화도항","2029-01-10 00:00","207","고조"
"SO_0565","향화도항","2029-01-10 00:00","486","저조"
"SO_0565","향화도항","2029-01-10 00:00","551","저조"
"SO_0565","향화도항","2029-01-10 00:00","107","고조"
"SO_0565","향화도항","2029-01-09 00:00","536","저조"
"SO_0565","향화도항","2029-01-09 00:00","103","고조"
"SO_0565","향화도항","2029-01-09 00:00","572","저조"
"SO_0565","향화도항","2029-01-09 00:00","177","고조"
"SO_0565","향화도항","2029-01-10 00:00","207","고조"
"SO_0565","향화도항","2029-01-10 00:00","486","저조"
"SO_0565","향화도항","2029-01-10 00:00","551","저조"
"SO_0565","향화도항","2029-01-10 00:00","107","고조"
"SO_0565","향화도항","2029-01-09 00:00","536","저조"
"SO_0565","향화도항","2029-01-09 00:00","103","고조"
"SO_0565","향화도항","2029-01-09 00:00","572","저조"
"SO_0565","향화도항","2029-01-09 00:00","177","고조"
"SO_0565","향화도항","2029-01-10 00:00","207","고조"
"SO_0565","향화도항","2029-01-10 00:00","486","저조"
"SO_0565","향화도항","2029-01-10 00:00","551","저조"
"SO_0565","향화도항","2029-01-10 00:00","107","고조"
"SO_0565","향화도항","2029-01-09 00:00","536","저조"
"SO_0565","향화도항","2029-01-09 00:00","103","고조"
"SO_0565","향화도항","2029-01-09 00:00","572","저조"
"SO_0565","향화도항","2029-01-09 00:00","177","고조"
"SO_0565","향화도항","2029-01-10 00:00","207","고조"
"SO_0565","향화도항","2029-01-10 00:00","486","저조"
"SO_0565","향화도항","2029-01-10 00:00","551","저조"
"SO_0565","향화도항","2029-01-10 00:00","107","고조"
"SO_0565","향화도항","2029-01-09 00:00","536","저조"
"SO_0565","향화도항","2029-01-09 00:00","103","고조"
"SO_0565","향화도항","2029-01-09 00:00","572","저조"
"SO_0565","향화도항","2029-01-09 00:00","177","고조"
"SO_0565","향화도항","2029-01-10 00:00","207","고조"
"SO_0565","향화도항","2029-01-10 00:00","486","저조"
"SO_0565","향화도항","2029-01-10 00:00","551","저조"
"SO_0565","향화도항","2029-01-10 00:00","107","고조"
"SO_0565","향화도항","2029-01-09 00:00","536","저조"
"SO_0565","향화도항","2029-01-09 00:00","103","고조"
"SO_0565","향화도항","2029-01-09 00:00","572","저조"
"SO_0565","향화도항","2029-01-09 00:00","177","고조"
"SO_0565","향화도항","2029-01-10 00:00","207","고조"
"SO_0565","향화도항","2029-01-10 00:00","486","저조"
"SO_0565","향화도항","2029-01-10 00:00","551","저조"
"SO_0565","향화도항","2029-01-10 00:00","107","고조"
"SO_0565","향화도항","2029-01-09 00:00","536","저조"
"SO_0565","향화도항","2029-01-09 00:00","103","고조"
"SO_0565","향화도항","2029-01-09 00:00","572","저조"
"SO_0565","향화도항","2029-01-09 00:00","177","고조"
"SO_0565","향화도항","2029-01-10 00:00","207","고조"
"SO_0565","향화도항","2029-01-10 00:00","486","저조"
"SO_0565","향화도항","2029-01-10 00:00","551","저조"
"SO_0565","향화도항","2029-01-10 00:00","107","고조"
"SO_0565","향화도항","2029-01-09 00:00","536","저조"
"SO_0565","향화도항","2029-01-09 00:00","103","고조"
"SO_0565","향화도항","2029-01-09 00:00","572","저조"
"SO_0565","향화도항","2029-01-09 00:00","177","고조"
"SO_0565","향화도항","2029-01-10 00:00","207","고조"
"SO_0565","향화도항","2029-01-10 00:00","486","저조"
"SO_0565","향화도항","2029-01-10 00:00","551","저조"
"SO_0565","향화도항","2029-01-10 00:00","107","고조"
"SO_0565","향화도항","2029-01-09 00:00","536","저조"
"SO_0565","향화도항","2029-01-09 00:00","103","고조"
"SO_0565","향화도항","2029-01-09 00:00","572","저조"
"SO_0565","향화도항","2029-01-09 00:00","177","고조"
"SO_0565","향화도항","2029-01-10 00:00","207","고조"
"SO_0565","향화도항","2029-01-10 00:00","486","저조"
"SO_0565","향화도항","2029-01-10 00:00","551","저조"
"SO_0565","향화도항","2029-01-10 00:00","107","고조"
"SO_0565","향화도항","2029-01-09 00:00","536","저조"
"SO_0565","향화도항","2029-01-09 00:00","103","고조"
"SO_0565","향화도항","2029-01-09 00:00","572","저조"
"SO_0565","향화도항","2029-01-09 00:00","177","고조"
"SO_0565","향화도항","2029-01-10 00:00","207","고조"
"SO_0565","향화도항","2029-01-10 00:00","486","저조"
"SO_0565","향화도항","2029-01-10 00:00","551","저조"
"SO_0565","향화도항","2029-01-10 00:00","107","고조"
"SO_0565","향화도항","2029-01-09 00:00","536","저조"
"SO_0565","향화도항","2029-01-09 00:00","103","고조"
"SO_0565","향화도항","2029-01-09 00:00","572","저조"
"SO_0565","향화도항","2029-01-09 00:00","177","고조"
"SO_0565","향화도항","2029-01-10 00:00","207","고조"
"SO_0565","향화도항","2029-01-10 00:00","486","저조"
"SO_0565","향화도항","2029-01-10 00:00","551","저조"
"SO_0565","향화도항","2029-01-10 00:00","107","고조"
"SO_0565","향화도항","2029-01-09 00:00","536","저조"
"SO_0565","향화도항","2029-01-09 00:00","103","고조"
"SO_0565","향화도항","2029-01-09 00:00","572","저조"
"SO_0565","향화도항","2029-01-09 00:00","177","고조"
"SO_0565","향화도항","2029-01-10 00:00","207","고조"
"SO_0565","향화도항","2029-01-10 00:00","486","저조"
"SO_0565","향화도항","2029-01-10 00:00","551","저조"
"SO_0565","향화도항","2029-01-10 00:00","107","고조"
"SO_0565","향화도항","2029-01-09 00:00","536","저조"
"SO_0565","향화도항","2029-01-09 00:00","103","고조"
"SO_0565","향화도항","2029-01-09 00:00","572","저조"
"SO_0565","향화도항","2029-01-09 00:00","177","고조"
"SO_0565","향화도항","2029-01-10 00:00","207","고조"
"SO_0565","향화도항","2029-01-10 00:00","486","저조"
"SO_0565","향화도항","2029-01-10 00:00","551","저조"
"SO_0565","향화도항","2029-01-10 00:00","107","고조"
"SO_0565","향화도항","2029-01-09 00:00","536","저조"
"SO_0565","향화도항","2029-01-09 00:00","103","고조"
"SO_0565","향화도항","2029-01-09 00:00","572","저조"
"SO_0565","향화도항","2029-01-09 00:00","177","고조"
"SO_0565","향화도항","2029-01-10 00:00","207","고조"
"SO_0565","향화도항","2029-01-10 00:00","486","저조"
"SO_0565","향화도항","2029-01-10 00:00","551","저조"
"SO_0565","향화도항","2029-01-10 00:00","107","고조"
"SO_0565","향화도항","2029-01-09 00:00","536","저조"
"SO_0565","향화도항","2029-01-09 00:00","103","고조"
"SO_0565","향화도항","2029-01-09 00:00","572","저조"
"SO_0565","향화도항","2029-01-09 00:00","177","고조"
"SO_0565","향화도항","2029-01-10 00:00","207","고조"
"SO_0565","향화도항","2029-01-10 00:00","486","저조"
"SO_0565","향화도항","2029-01-10 00:00","551","저조"
"SO_0565","향화도항","2029-01-10 00:00","107","고조"
"SO_0565","향화도항","2029-01-09 00:00","536","저조"
"SO_0565","향화도항","2029-01-09 00:00","103","고조"
"SO_0565","향화도항","2029-01-09 00:00","572","저조"
"SO_0565","향화도항","2029-01-09 00:00","177","고조"
"SO_0565","향화도항","2029-01-10 00:00","207","고조"
"SO_0565","향화도항","2029-01-10 00:00","486","저조"
"SO_0565","향화도항","2029-01-10 00:00","551","저조"
"SO_0565","향화도항","2029-01-10 00:00","107","고조"
"SO_0565","향화도항","2029-01-09 00:00","536","저조"
"SO_0565","향화도항","2029-01-09 00:00","103","고조"
"SO_0565","향화도항","2029-01-09 00:00","572","저조"
"SO_0565","향화도항","2029-01-09 00:00","177","고조"
"SO_0565","향화도항","2029-01-10 00:00","207","고조"
"SO_0565","향화도항","2029-01-10 00:00","486","저조"
"SO_0565","향화도항","2029-01-10 00:00","551","저조"
"SO_0565","향화도항","2029-01-10 00:00","107","고조"
"SO_0565","향화도항","2029-01-09 00:00","536","저조"
"SO_0565","향화도항","2029-01-09 00:00","103","고조"
"SO_0565","향화도항","2029-01-09 00:00","572","저조"
"SO_0565","향화도항","2029-01-09 00:00","177","고조"
"SO_0565","향화도항","2029-01-10 00:00","207","고조"
"SO_0565","향화도항","2029-01-10 00:00","486","저조"
"SO_0565","향화도항","2029-01-10 00:00","551","저조"
"SO_0565","향화도항","2029-01-10 00:00","107","고조"
"SO_0565","향화도항","2029-01-09 00:00","536","저조"
"SO_0565","향화도항","2029-01-09 00:00","103","고조"
"SO_0565","향화도항","2029-01-09 00:00","572","저조"
"SO_0565","향화도항","2029-01-09 00:00","177","고조"
"SO_0565","향화도항","2029-01-10 00:00","207","고조"
"SO_0565","향화도항","2029-01-10 00:00","486","저조"
"SO_0565","향화도항","2029-01-10 00:00","551","저조"
"SO_0565","향화도항","2029-01-10 00:00","107","고조"
"SO_0565","향화도항","2029-01-09 00:00","536","저조"
"SO_0565","향화도항","2029-01-09 00:00","103","고조"
"SO_0565","향화도항","2029-01-09 00:00","572","저조"
"SO_0565","향화도항","2029-01-09 00:00","177","고조"
"SO_0565","향화도항","2029-01-10 00:00","207","고조"
"SO_0565","향화도항","2029-01-10 00:00","486","저조"
"SO_0565","향화도항","2029-01-10 00:00","551","저조"
"SO_0565","향화도항","2029-01-10 00:00","107","고조"
"SO_0565","향화도항","2029-01-09 00:00","536","저조"
"SO_0565","향화도항","2029-01-09 00:00","103","고조"
"SO_0565","향화도항","2029-01-09 00:00","572","저조"
"SO_0565","향화도항","2029-01-09 00:00","177","고조"
"SO_0565","향화도항","2029-01-10 00:00","207","고조"
"SO_0565","향화도항","2029-01-10 00:00","486","저조"
"SO_0565","향화도항","2029-01-10 00:00","551","저조"
"SO_0565","향화도항","2029-01-10 00:00","107","고조"
"SO_0565","향화도항","2029-01-09 00:00","536","저조"
"SO_0565","향화도항","2029-01-09 00:00","103","고조"
"SO_0565","향화도항","2029-01-09 00:00","572","저조"
"SO_0565","향화도항","2029-01-09 00:00","177","고조"
"SO_0565","향화도항","2029-01-10 00:00","207","고조"
"SO_0565","향화도항","2029-01-10 00:00","486","저조"
"SO_0565","향화도항","2029-01-10 00:00","551","저조"
"SO_0565","향화도항","2029-01-10 00:00","107","고조"
"SO_0565","향화도항","2029-01-09 00:00","536","저조"
"SO_0565","향화도항","2029-01-09 00:00","103","고조"
"SO_0565","향화도항","2029-01-09 00:00","572","저조"
"SO_0565","향화도항","2029-01-09 00:00","177","고조"
"SO_0565","향화도항","2029-01-10 00:00","207","고조"
"SO_0565","향화도항","2029-01-10 00:00","486","저조"
"SO_0565","향화도항","2029-01-10 00:00","551","저조"
"SO_0565","향화도항","2029-01-10 00:00","107","고조"
"SO_0565","향화도항","2029-01-09 00:00","536","저조"
"SO_0565","향화도항","2029-01-09 00:00","103","고조"
"SO_0565","향화도항","2029-01-09 00:00","572","저조"
"SO_0565","향화도항","2029-01-09 00:00","177","고조"
"SO_0565","향화도항","2029-01-10 00:00","207","고조"
"SO_0565","향화도항","2029-01-10 00:00","486","저조"
"SO_0565","향화도항","2029-01-10 00:00","551","저조"
"SO_0565","향화도항","2029-01-10 00:00","107","고조"
"SO_0565","향화도항","2029-01-09 00:00","536","저조"
"SO_0565","향화도항","2029-01-09 00:00","103","고조"
"SO_0565","향화도항","2029-01-09 00:00","572","저조"
"SO_0565","향화도항","2029-01-09 00:00","177","고조"
"SO_0565","향화도항","2029-01-10 00:00","207","고조"
"SO_0565","향화도항","2029-01-10 00:00","486","저조"
"SO_0565","향화도항","2029-01-10 00:00","551","저조"
"SO_0565","향화도항","2029-01-10 00:00","107","고조"
"SO_0565","향화도항","2029-01-09 00:00","536","저조"
"SO_0565","향화도항","2029-01-09 00:00","103","고조"
"SO_0565","향화도항","2029-01-09 00:00","572","저조"
"SO_0565","향화도항","2029-01-09 00:00","177","고조"
"SO_0565","향화도항","2029-01-10 00:00","207","고조"
"SO_0565","향화도항","2029-01-10 00:00","486","저조"
"SO_0565","향화도항","2029-01-10 00:00","551","저조"
"SO_0565","향화도항","2029-01-10 00:00","107","고조"
"SO_0565","향화도항","2029-01-09 00:00","536","저조"
"SO_0565","향화도항","2029-01-09 00:00","103","고조"
"SO_0565","향화도항","2029-01-09 00:00","572","저조"
"SO_0565","향화도항","2029-01-09 00:00","177","고조"
"SO_0565","향화도항","2029-01-10 00:00","207","고조"
"SO_0565","향화도항","2029-01-10 00:00","486","저조"
"SO_0565","향화도항","2029-01-10 00:00","551","저조"
"SO_0565","향화도항","2029-01-10 00:00","107","고조"
"SO_1283","사천진항","2027-12-31 04:15","25","저조"
"SO_1283","사천진항","2027-12-31 11:52","-5","고조"
"SO_1283","사천진항","2027-12-31 18:21","15","저조"
"SO_1283","사천진항","2027-12-31 23:02","10","고조"
"SO_1283","사천진항","2027-12-31 23:03","10","고조"
"SO_1283","사천진항","2028-01-01 04:52","22","저조"
"SO_1283","사천진항","2028-01-01 12:20","-4","고조"
"SO_1283","사천진항","2028-01-01 18:48","14","저조"
"SO_1283","사천진항","2028-01-01 23:49","8","고조"
"SO_1283","사천진항","2028-01-02 05:30","19","저조"
"SO_1283","사천진항","2028-01-01 04:52","22","저조"
"SO_1283","사천진항","2028-01-01 12:20","-4","고조"
"SO_1283","사천진항","2028-01-01 18:48","14","저조"
"SO_1283","사천진항","2028-01-01 23:49","8","고조"
"SO_1283","사천진항","2028-01-02 05:30","19","저조"
"SO_1283","사천진항","2028-01-02 12:43","-3","고조"
"SO_1283","사천진항","2028-01-02 19:13","13","저조"
"SO_1283","사천진항","2028-01-03 00:37","7","고조"
"SO_1283","사천진항","2028-01-03 06:09","16","저조"
"SO_1283","사천진항","2028-01-03 13:04","-1","고조"
"SO_1283","사천진항","2028-01-02 05:30","19","저조"
"SO_1283","사천진항","2028-01-02 12:43","-3","고조"
"SO_1283","사천진항","2028-01-02 19:13","13","저조"
"SO_1283","사천진항","2028-01-03 00:37","7","고조"
"SO_1283","사천진항","2028-01-03 06:09","16","저조"
"SO_1283","사천진항","2028-01-03 13:04","-1","고조"
"SO_1283","사천진항","2028-01-03 19:37","13","저조"
"SO_1283","사천진항","2028-01-04 01:29","7","고조"
"SO_1283","사천진항","2028-01-04 06:52","13","저조"
"SO_1283","사천진항","2028-01-04 13:26","1","고조"
"SO_1283","사천진항","2028-01-03 00:37","7","고조"
"SO_1283","사천진항","2028-01-03 06:09","16","저조"
"SO_1283","사천진항","2028-01-03 13:04","-1","고조"
"SO_1283","사천진항","2028-01-03 19:37","13","저조"
"SO_1283","사천진항","2028-01-04 01:29","7","고조"
"SO_1283","사천진항","2028-01-04 06:52","13","저조"
"SO_1283","사천진항","2028-01-04 13:26","1","고조"
"SO_1283","사천진항","2028-01-04 20:02","13","저조"
"SO_1283","사천진항","2028-01-05 02:41","6","고조"
"SO_1283","사천진항","2028-01-05 07:42","11","저조"
"SO_1283","사천진항","2028-01-04 01:29","7","고조"
"SO_1283","사천진항","2028-01-04 06:52","13","저조"
"SO_1283","사천진항","2028-01-04 13:26","1","고조"
"SO_1283","사천진항","2028-01-04 20:02","13","저조"
"SO_1283","사천진항","2028-01-05 02:41","6","고조"
"SO_1283","사천진항","2028-01-05 07:42","11","저조"
"SO_1283","사천진항","2028-01-05 13:49","4","고조"
"SO_1283","사천진항","2028-01-05 20:34","15","저조"
"SO_1283","사천진항","2028-01-06 04:36","5","고조"
"SO_1283","사천진항","2028-01-06 08:59","9","저조"
"SO_1283","사천진항","2028-01-05 02:41","6","고조"
"SO_1283","사천진항","2028-01-05 07:42","11","저조"
"SO_1283","사천진항","2028-01-05 13:49","4","고조"
"SO_1283","사천진항","2028-01-05 20:34","15","저조"
"SO_1283","사천진항","2028-01-06 04:36","5","고조"
"SO_1283","사천진항","2028-01-06 08:59","9","저조"
"SO_1283","사천진항","2028-01-06 14:13","7","고조"
"SO_1283","사천진항","2028-01-06 21:15","17","저조"
"SO_1283","사천진항","2028-01-07 05:38","3","고조"
"SO_1283","사천진항","2028-01-07 12:35","11","저조"
"SO_1283","사천진항","2028-01-06 04:36","5","고조"
"SO_1283","사천진항","2028-01-06 08:59","9","저조"
"SO_1283","사천진항","2028-01-06 14:13","7","고조"
"SO_1283","사천진항","2028-01-06 21:15","17","저조"
"SO_1283","사천진항","2028-01-07 05:38","3","고조"
"SO_1283","사천진항","2028-01-07 12:35","11","저조"
"SO_1283","사천진항","2028-01-07 14:41","10","고조"
"SO_1283","사천진항","2028-01-07 22:12","20","저조"
"SO_1283","사천진항","2028-01-08 06:27","1","고조"
"SO_1283","사천진항","2028-01-08 23:16","23","저조"
"SO_1283","사천진항","2028-01-07 05:38","3","고조"
"SO_1283","사천진항","2028-01-07 12:35","11","저조"
"SO_1283","사천진항","2028-01-07 14:41","10","고조"
"SO_1283","사천진항","2028-01-07 22:12","20","저조"
"SO_1283","사천진항","2028-01-08 06:27","1","고조"
"SO_1283","사천진항","2028-01-08 23:16","23","저조"
"SO_1283","사천진항","2028-01-09 00:00","27","저조"
"SO_1283","사천진항","2028-01-09 00:00","32","저조"
"SO_1283","사천진항","2028-01-09 00:00","10","고조"
"SO_1283","사천진항","2028-01-09 00:00","21","고조"
"SO_1283","사천진항","2028-01-08 06:27","1","고조"
"SO_1283","사천진항","2028-01-08 23:16","23","저조"
"SO_1283","사천진항","2028-01-09 00:00","10","고조"
"SO_1283","사천진항","2028-01-09 00:00","27","저조"
"SO_1283","사천진항","2028-01-09 00:00","21","고조"
"SO_1283","사천진항","2028-01-09 00:00","32","저조"
"SO_1283","사천진항","2028-01-09 07:15","-2","고조"
"SO_1283","사천진항","2028-01-09 15:12","16","저조"
"SO_1283","사천진항","2028-01-09 18:13","15","고조"
"SO_1283","사천진항","2028-01-10 00:00","28","저조"
"SO_1283","사천진항","2028-01-09 00:00","10","고조"
"SO_1283","사천진항","2028-01-09 00:00","27","저조"
"SO_1283","사천진항","2028-01-09 00:00","32","저조"
"SO_1283","사천진항","2028-01-09 00:00","21","고조"
"SO_1283","사천진항","2028-01-09 07:15","-2","고조"
"SO_1283","사천진항","2028-01-09 15:12","16","저조"
"SO_1283","사천진항","2028-01-09 18:13","15","고조"
"SO_1283","사천진항","2028-01-10 00:00","28","저조"
"SO_1283","사천진항","2028-01-10 00:00","20","저조"
"SO_1283","사천진항","2028-01-10 00:00","19","고조"
"SO_1283","사천진항","2028-01-10 00:00","20","저조"
"SO_1283","사천진항","2028-01-10 00:00","28","저조"
"SO_1283","사천진항","2028-01-10 00:00","19","고조"
"SO_1283","사천진항","2028-01-10 00:13","26","저조"
"SO_1283","사천진항","2028-01-10 08:04","-4","고조"
"SO_1283","사천진항","2028-01-10 15:43","18","저조"
"SO_1283","사천진항","2028-01-10 19:08","15","고조"
"SO_1283","사천진항","2028-01-11 01:05","29","저조"
"SO_1283","사천진항","2028-01-11 08:54","-6","고조"
"SO_1283","사천진항","2028-01-11 16:11","19","저조"
"SO_1283","사천진항","2028-01-11 01:05","29","저조"
"SO_1283","사천진항","2028-01-11 08:54","-6","고조"
"SO_1283","사천진항","2028-01-11 16:11","19","저조"
"SO_1283","사천진항","2028-01-11 20:00","15","고조"
"SO_1283","사천진항","2028-01-12 01:57","31","저조"
"SO_1283","사천진항","2028-01-12 09:43","-8","고조"
"SO_1283","사천진항","2028-01-12 16:39","19","저조"
"SO_1283","사천진항","2028-01-12 20:54","13","고조"
"SO_1283","사천진항","2028-01-13 02:49","32","저조"
"SO_1283","사천진항","2028-01-13 10:30","-10","고조"
"SO_1283","사천진항","2028-01-12 01:57","31","저조"
"SO_1283","사천진항","2028-01-12 09:43","-8","고조"
"SO_1283","사천진항","2028-01-12 16:39","19","저조"
"SO_1283","사천진항","2028-01-12 20:54","13","고조"
"SO_1283","사천진항","2028-01-13 02:49","32","저조"
"SO_1283","사천진항","2028-01-13 10:30","-10","고조"
"SO_1283","사천진항","2028-01-13 17:07","19","저조"
"SO_1283","사천진항","2028-01-13 21:51","11","고조"
"SO_1283","사천진항","2028-01-14 03:40","32","저조"
"SO_1283","사천진항","2028-01-14 11:12","-10","고조"
"SO_1283","사천진항","2028-01-13 02:49","32","저조"
"SO_1283","사천진항","2028-01-13 10:30","-10","고조"
"SO_1283","사천진항","2028-01-13 17:07","19","저조"
"SO_1283","사천진항","2028-01-13 21:51","11","고조"
"SO_1283","사천진항","2028-01-14 03:40","32","저조"
"SO_1283","사천진항","2028-01-14 11:12","-10","고조"
"SO_1283","사천진항","2028-01-14 17:38","18","저조"
"SO_1283","사천진항","2028-01-14 22:47","9","고조"
"SO_1283","사천진항","2028-01-15 04:32","29","저조"
"SO_1283","사천진항","2028-01-15 11:53","-8","고조"
"SO_1283","사천진항","2028-01-14 03:40","32","저조"
"SO_1283","사천진항","2028-01-14 11:12","-10","고조"
"SO_1283","사천진항","2028-01-14 17:38","18","저조"
"SO_1283","사천진항","2028-01-14 22:47","9","고조"
"SO_1283","사천진항","2028-01-15 04:32","29","저조"
"SO_1283","사천진항","2028-01-15 11:53","-8","고조"
"SO_1283","사천진항","2028-01-15 18:09","18","저조"
"SO_1283","사천진항","2028-01-15 23:43","6","고조"
"SO_1283","사천진항","2028-01-16 05:23","26","저조"
"SO_1283","사천진항","2028-01-16 12:31","-5","고조"
"SO_1283","사천진항","2028-01-15 04:32","29","저조"
"SO_1283","사천진항","2028-01-15 11:53","-8","고조"
"SO_1283","사천진항","2028-01-15 18:09","18","저조"
"SO_1283","사천진항","2028-01-15 23:43","6","고조"
"SO_1283","사천진항","2028-01-16 05:23","26","저조"
"SO_1283","사천진항","2028-01-16 12:31","-5","고조"
"SO_1283","사천진항","2028-01-16 18:41","17","저조"
"SO_1283","사천진항","2028-01-17 00:38","5","고조"
"SO_1283","사천진항","2028-01-17 06:16","22","저조"
"SO_1283","사천진항","2028-01-17 13:08","-1","고조"
"SO_1283","사천진항","2028-01-16 05:23","26","저조"
"SO_1283","사천진항","2028-01-16 12:31","-5","고조"
"SO_1283","사천진항","2028-01-16 18:41","17","저조"
"SO_1283","사천진항","2028-01-17 00:38","5","고조"
"SO_1283","사천진항","2028-01-17 06:16","22","저조"
"SO_1283","사천진항","2028-01-17 13:08","-1","고조"
"SO_1283","사천진항","2028-01-17 19:14","18","저조"
"SO_1283","사천진항","2028-01-18 01:42","3","고조"
"SO_1283","사천진항","2028-01-18 07:15","17","저조"
"SO_1283","사천진항","2028-01-18 13:42","4","고조"
"SO_1283","사천진항","2028-01-17 00:38","5","고조"
"SO_1283","사천진항","2028-01-17 06:16","22","저조"
"SO_1283","사천진항","2028-01-17 13:08","-1","고조"
"SO_1283","사천진항","2028-01-17 19:14","18","저조"
"SO_1283","사천진항","2028-01-18 01:42","3","고조"
"SO_1283","사천진항","2028-01-18 07:15","17","저조"
"SO_1283","사천진항","2028-01-18 13:42","4","고조"
"SO_1283","사천진항","2028-01-18 19:51","18","저조"
"SO_1283","사천진항","2028-01-19 03:07","3","고조"
"SO_1283","사천진항","2028-01-19 08:51","13","저조"
"SO_1283","사천진항","2028-01-18 01:42","3","고조"
"SO_1283","사천진항","2028-01-18 07:15","17","저조"
"SO_1283","사천진항","2028-01-18 13:42","4","고조"
"SO_1283","사천진항","2028-01-18 19:51","18","저조"
"SO_1283","사천진항","2028-01-19 03:07","3","고조"
"SO_1283","사천진항","2028-01-19 08:51","13","저조"
"SO_1283","사천진항","2028-01-19 14:11","8","고조"
"SO_1283","사천진항","2028-01-19 20:35","20","저조"
"SO_1283","사천진항","2028-01-20 04:37","2","고조"
"SO_1283","사천진항","2028-01-20 21:41","21","저조"
"SO_1283","사천진항","2028-01-19 03:07","3","고조"
"SO_1283","사천진항","2028-01-19 08:51","13","저조"
"SO_1283","사천진항","2028-01-19 14:11","8","고조"
"SO_1283","사천진항","2028-01-19 20:35","20","저조"
"SO_1283","사천진항","2028-01-20 04:37","2","고조"
"SO_1283","사천진항","2028-01-20 21:41","21","저조"
"SO_1283","사천진항","2028-01-21 05:49","","고조"
"SO_1283","사천진항","2028-01-21 22:53","23","저조"
"SO_1283","사천진항","2028-01-22 06:51","-1","고조"
"SO_1283","사천진항","2028-01-22 16:01","18","저조"
"SO_1283","사천진항","2028-01-20 04:37","2","고조"
"SO_1283","사천진항","2028-01-20 21:41","21","저조"
"SO_1283","사천진항","2028-01-21 05:49","","고조"
"SO_1283","사천진항","2028-01-21 22:53","23","저조"
"SO_1283","사천진항","2028-01-22 06:51","-1","고조"
"SO_1283","사천진항","2028-01-22 16:01","18","저조"
"SO_1283","사천진항","2028-01-22 17:58","17","고조"
"SO_1283","사천진항","2028-01-22 23:50","25","저조"
"SO_1283","사천진항","2028-01-23 07:47","-2","고조"
"SO_1283","사천진항","2028-01-23 16:14","18","저조"
"SO_1283","사천진항","2028-01-21 05:49","","고조"
"SO_1283","사천진항","2028-01-21 22:53","23","저조"
"SO_1283","사천진항","2028-01-22 06:51","-1","고조"
"SO_1283","사천진항","2028-01-22 16:01","18","저조"
"SO_1283","사천진항","2028-01-22 17:58","17","고조"
"SO_1283","사천진항","2028-01-22 23:50","25","저조"
"SO_1283","사천진항","2028-01-23 07:47","-2","고조"
"SO_1283","사천진항","2028-01-23 16:14","18","저조"
"SO_1283","사천진항","2028-01-23 18:47","17","고조"
"SO_1283","사천진항","2028-01-24 00:40","26","저조"
"SO_1283","사천진항","2028-01-22 06:51","-1","고조"
"SO_1283","사천진항","2028-01-22 16:01","18","저조"
"SO_1283","사천진항","2028-01-22 17:58","17","고조"
"SO_1283","사천진항","2028-01-22 23:50","25","저조"
"SO_1283","사천진항","2028-01-23 07:47","-2","고조"
"SO_1283","사천진항","2028-01-23 16:14","18","저조"
"SO_1283","사천진항","2028-01-23 18:47","17","고조"
"SO_1283","사천진항","2028-01-24 00:40","26","저조"
"SO_1283","사천진항","2028-01-24 08:36","-3","고조"
"SO_1283","사천진항","2028-01-24 16:14","18","저조"
"SO_1283","사천진항","2028-01-23 07:47","-2","고조"
"SO_1283","사천진항","2028-01-23 16:14","18","저조"
"SO_1283","사천진항","2028-01-23 18:47","17","고조"
"SO_1283","사천진항","2028-01-24 00:40","26","저조"
"SO_1283","사천진항","2028-01-24 08:36","-3","고조"
"SO_1283","사천진항","2028-01-24 16:14","18","저조"
"SO_1283","사천진항","2028-01-24 19:30","16","고조"
"SO_1283","사천진항","2028-01-25 01:25","27","저조"
"SO_1283","사천진항","2028-01-25 09:17","-4","고조"
"SO_1283","사천진항","2028-01-25 16:14","17","저조"
"SO_1283","사천진항","2028-01-24 00:40","26","저조"
"SO_1283","사천진항","2028-01-24 08:36","-3","고조"
"SO_1283","사천진항","2028-01-24 16:14","18","저조"
"SO_1283","사천진항","2028-01-24 19:30","16","고조"
"SO_1283","사천진항","2028-01-25 01:25","27","저조"
"SO_1283","사천진항","2028-01-25 09:17","-4","고조"
"SO_1283","사천진항","2028-01-25 16:14","17","저조"
"SO_1283","사천진항","2028-01-25 20:12","14","고조"
"SO_1283","사천진항","2028-01-26 02:09","27","저조"
"SO_1283","사천진항","2028-01-26 09:53","-5","고조"
"SO_1283","사천진항","2028-01-25 01:25","27","저조"
"SO_1283","사천진항","2028-01-25 09:17","-4","고조"
"SO_1283","사천진항","2028-01-25 16:14","17","저조"
"SO_1283","사천진항","2028-01-25 20:12","14","고조"
"SO_1283","사천진항","2028-01-26 02:09","27","저조"
"SO_1283","사천진항","2028-01-26 09:53","-5","고조"
"SO_1283","사천진항","2028-01-26 16:25","16","저조"
"SO_1283","사천진항","2028-01-26 20:54","11","고조"
"SO_1283","사천진항","2028-01-27 02:49","26","저조"
"SO_1283","사천진항","2028-01-27 10:23","-5","고조"
"SO_1283","사천진항","2028-01-26 02:09","27","저조"
"SO_1283","사천진항","2028-01-26 09:53","-5","고조"
"SO_1283","사천진항","2028-01-26 16:25","16","저조"
"SO_1283","사천진항","2028-01-26 20:54","11","고조"
"SO_1283","사천진항","2028-01-27 02:49","26","저조"
"SO_1283","사천진항","2028-01-27 10:23","-5","고조"
"SO_1283","사천진항","2028-01-27 16:41","15","저조"
"SO_1283","사천진항","2028-01-27 21:35","9","고조"
"SO_1283","사천진항","2028-01-28 03:27","24","저조"
"SO_1283","사천진항","2028-01-28 10:50","-6","고조"
"SO_1283","사천진항","2028-01-27 02:49","26","저조"
"SO_1283","사천진항","2028-01-27 10:23","-5","고조"
"SO_1283","사천진항","2028-01-27 16:41","15","저조"
"SO_1283","사천진항","2028-01-27 21:35","9","고조"
"SO_1283","사천진항","2028-01-28 03:27","24","저조"
"SO_1283","사천진항","2028-01-28 10:50","-6","고조"
"SO_1283","사천진항","2028-01-28 17:00","15","저조"
"SO_1283","사천진항","2028-01-28 22:14","6","고조"
"SO_1283","사천진항","2028-01-29 04:02","22","저조"
"SO_1283","사천진항","2028-01-29 11:13","-6","고조"
"SO_1283","사천진항","2028-01-28 03:27","24","저조"
"SO_1283","사천진항","2028-01-28 10:50","-6","고조"
"SO_1283","사천진항","2028-01-28 17:00","15","저조"
"SO_1283","사천진항","2028-01-28 22:14","6","고조"
"SO_1283","사천진항","2028-01-29 04:02","22","저조"
"SO_1283","사천진항","2028-01-29 11:13","-6","고조"
"SO_1283","사천진항","2028-01-29 17:19","14","저조"
"SO_1283","사천진항","2028-01-29 22:52","5","고조"
"SO_1283","사천진항","2028-01-30 04:37","20","저조"
"SO_1283","사천진항","2028-01-30 11:33","-5","고조"
"SO_1283","사천진항","2028-01-29 04:02","22","저조"
"SO_1283","사천진항","2028-01-29 11:13","-6","고조"
"SO_1283","사천진항","2028-01-29 17:19","14","저조"
"SO_1283","사천진항","2028-01-29 22:52","5","고조"
"SO_1283","사천진항","2028-01-30 04:37","20","저조"
"SO_1283","사천진항","2028-01-30 11:33","-5","고조"
"SO_1283","사천진항","2028-01-30 17:38","15","저조"
"SO_1283","사천진항","2028-01-30 23:29","4","고조"
"SO_1283","사천진항","2028-01-31 05:11","18","저조"
"SO_1283","사천진항","2028-01-31 11:52","-3","고조"
"SO_1283","사천진항","2028-01-30 04:37","20","저조"
"SO_1283","사천진항","2028-01-30 11:33","-5","고조"
"SO_1283","사천진항","2028-01-30 17:38","15","저조"
"SO_1283","사천진항","2028-01-30 23:29","4","고조"
"SO_1283","사천진항","2028-01-31 05:11","18","저조"
"SO_1283","사천진항","2028-01-31 11:52","-3","고조"
"SO_1283","사천진항","2028-01-31 17:58","15","저조"
"SO_1283","사천진항","2028-02-01 00:07","3","고조"
"SO_1283","사천진항","2028-02-01 05:47","16","저조"
"SO_1283","사천진항","2028-02-01 12:10","","고조"
"SO_1283","사천진항","2028-01-31 05:11","18","저조"
"SO_1283","사천진항","2028-01-31 11:52","-3","고조"
"SO_1283","사천진항","2028-01-31 17:58","15","저조"
"SO_1283","사천진항","2028-02-01 00:07","3","고조"
"SO_1283","사천진항","2028-02-01 05:47","16","저조"
"SO_1283","사천진항","2028-02-01 12:10","","고조"
"SO_1283","사천진항","2028-02-01 18:21","16","저조"
"SO_1283","사천진항","2028-02-02 00:48","4","고조"
"SO_1283","사천진항","2028-02-02 06:27","14","저조"
"SO_1283","사천진항","2028-02-02 12:29","4","고조"
"SO_1283","사천진항","2028-02-01 00:07","3","고조"
"SO_1283","사천진항","2028-02-01 05:47","16","저조"
"SO_1283","사천진항","2028-02-01 12:10","","고조"
"SO_1283","사천진항","2028-02-01 18:21","16","저조"
"SO_1283","사천진항","2028-02-02 00:48","4","고조"
"SO_1283","사천진항","2028-02-02 06:27","14","저조"
"SO_1283","사천진항","2028-02-02 12:29","4","고조"
"SO_1283","사천진항","2028-02-02 18:48","18","저조"
"SO_1283","사천진항","2028-02-03 01:40","5","고조"
"SO_1283","사천진항","2028-02-03 07:16","13","저조"
"SO_1283","사천진항","2028-02-02 00:48","4","고조"
"SO_1283","사천진항","2028-02-02 06:27","14","저조"
"SO_1283","사천진항","2028-02-02 12:29","4","고조"
"SO_1283","사천진항","2028-02-02 18:48","18","저조"
"SO_1283","사천진항","2028-02-03 01:40","5","고조"
"SO_1283","사천진항","2028-02-03 07:16","13","저조"
"SO_1283","사천진항","2028-02-03 12:47","8","고조"
"SO_1283","사천진항","2028-02-03 19:20","20","저조"
"SO_1283","사천진항","2028-02-04 03:09","5","고조"
"SO_1283","사천진항","2028-02-04 10:55","12","저조"
"SO_1283","사천진항","2028-02-03 01:40","5","고조"
"SO_1283","사천진항","2028-02-03 07:16","13","저조"
"SO_1283","사천진항","2028-02-03 12:47","8","고조"
"SO_1283","사천진항","2028-02-03 19:20","20","저조"
"SO_1283","사천진항","2028-02-04 03:09","5","고조"
"SO_1283","사천진항","2028-02-04 10:55","12","저조"
"SO_1283","사천진항","2028-02-04 12:59","11","고조"
"SO_1283","사천진항","2028-02-04 20:03","22","저조"
"SO_1283","사천진항","2028-02-05 04:56","4","고조"
"SO_1283","사천진항","2028-02-05 21:05","24","저조"
"SO_1283","사천진항","2028-02-04 03:09","5","고조"
"SO_1283","사천진항","2028-02-04 10:55","12","저조"
"SO_1283","사천진항","2028-02-04 12:59","11","고조"
"SO_1283","사천진항","2028-02-04 20:03","22","저조"
"SO_1283","사천진항","2028-02-05 04:56","4","고조"
"SO_1283","사천진항","2028-02-05 21:05","24","저조"
"SO_1283","사천진항","2028-02-06 06:02","2","고조"
"SO_1283","사천진항","2028-02-06 22:32","26","저조"
"SO_1283","사천진항","2028-02-07 06:59","-1","고조"
"SO_1283","사천진항","2028-02-07 15:10","18","저조"
"SO_1283","사천진항","2028-02-05 04:56","4","고조"
"SO_1283","사천진항","2028-02-05 21:05","24","저조"
"SO_1283","사천진항","2028-02-06 06:02","2","고조"
"SO_1283","사천진항","2028-02-06 22:32","26","저조"
"SO_1283","사천진항","2028-02-07 06:59","-1","고조"
"SO_1283","사천진항","2028-02-07 15:10","18","저조"
"SO_1283","사천진항","2028-02-07 17:50","17","고조"
"SO_1283","사천진항","2028-02-07 23:48","28","저조"
"SO_1283","사천진항","2028-02-08 07:52","-4","고조"
"SO_1283","사천진항","2028-02-08 15:14","18","저조"
"SO_1283","사천진항","2028-02-06 06:02","2","고조"
"SO_1283","사천진항","2028-02-06 22:32","26","저조"
"SO_1283","사천진항","2028-02-07 06:59","-1","고조"
"SO_1283","사천진항","2028-02-07 15:10","18","저조"
"SO_1283","사천진항","2028-02-07 17:50","17","고조"
"SO_1283","사천진항","2028-02-07 23:48","28","저조"
"SO_1283","사천진항","2028-02-08 07:52","-4","고조"
"SO_1283","사천진항","2028-02-08 15:14","18","저조"
"SO_1283","사천진항","2028-02-08 18:57","15","고조"
"SO_1283","사천진항","2028-02-09 00:51","29","저조"
"SO_1283","사천진항","2028-02-07 06:59","-1","고조"
"SO_1283","사천진항","2028-02-07 15:10","18","저조"
"SO_1283","사천진항","2028-02-07 17:50","17","고조"
"SO_1283","사천진항","2028-02-07 23:48","28","저조"
"SO_1283","사천진항","2028-02-08 07:52","-4","고조"
"SO_1283","사천진항","2028-02-08 15:14","18","저조"
"SO_1283","사천진항","2028-02-08 18:57","15","고조"
"SO_1283","사천진항","2028-02-09 00:51","29","저조"
"SO_1283","사천진항","2028-02-09 08:41","-8","고조"
"SO_1283","사천진항","2028-02-09 15:31","18","저조"
"SO_1283","사천진항","2028-02-08 07:52","-4","고조"
"SO_1283","사천진항","2028-02-08 15:14","18","저조"
"SO_1283","사천진항","2028-02-08 18:57","15","고조"
"SO_1283","사천진항","2028-02-09 00:51","29","저조"
"SO_1283","사천진항","2028-02-09 08:41","-8","고조"
"SO_1283","사천진항","2028-02-09 15:31","18","저조"
"SO_1283","사천진항","2028-02-09 19:57","12","고조"
"SO_1283","사천진항","2028-02-10 01:49","30","저조"
"SO_1283","사천진항","2028-02-10 09:26","-10","고조"
"SO_1283","사천진항","2028-02-10 15:54","18","저조"
"SO_1283","사천진항","2028-02-09 00:51","29","저조"
"SO_1283","사천진항","2028-02-09 08:41","-8","고조"
"SO_1283","사천진항","2028-02-09 15:31","18","저조"
"SO_1283","사천진항","2028-02-09 19:57","12","고조"
"SO_1283","사천진항","2028-02-10 01:49","30","저조"
"SO_1283","사천진항","2028-02-10 09:26","-10","고조"
"SO_1283","사천진항","2028-02-10 15:54","18","저조"
"SO_1283","사천진항","2028-02-10 20:55","8","고조"
"SO_1283","사천진항","2028-02-11 02:44","29","저조"
"SO_1283","사천진항","2028-02-11 10:07","-11","고조"
"SO_1283","사천진항","2028-02-10 01:49","30","저조"
"SO_1283","사천진항","2028-02-10 09:26","-10","고조"
"SO_1283","사천진항","2028-02-10 15:54","18","저조"
"SO_1283","사천진항","2028-02-10 20:55","8","고조"
"SO_1283","사천진항","2028-02-11 02:44","29","저조"
"SO_1283","사천진항","2028-02-11 10:07","-11","고조"
"SO_1283","사천진항","2028-02-11 16:19","18","저조"
"SO_1283","사천진항","2028-02-11 21:48","4","고조"
"SO_1283","사천진항","2028-02-12 03:36","28","저조"
"SO_1283","사천진항","2028-02-12 10:45","-10","고조"
"SO_1283","사천진항","2028-02-11 02:44","29","저조"
"SO_1283","사천진항","2028-02-11 10:07","-11","고조"
"SO_1283","사천진항","2028-02-11 16:19","18","저조"
"SO_1283","사천진항","2028-02-11 21:48","4","고조"
"SO_1283","사천진항","2028-02-12 03:36","28","저조"
"SO_1283","사천진항","2028-02-12 10:45","-10","고조"
"SO_1283","사천진항","2028-02-12 16:46","18","저조"
"SO_1283","사천진항","2028-02-12 22:39","1","고조"
"SO_1283","사천진항","2028-02-13 04:26","25","저조"
"SO_1283","사천진항","2028-02-13 11:20","-7","고조"
"SO_1283","사천진항","2028-02-12 03:36","28","저조"
"SO_1283","사천진항","2028-02-12 10:45","-10","고조"
"SO_1283","사천진항","2028-02-12 16:46","18","저조"
"SO_1283","사천진항","2028-02-12 22:39","1","고조"
"SO_1283","사천진항","2028-02-13 04:26","25","저조"
"SO_1283","사천진항","2028-02-13 11:20","-7","고조"
"SO_1283","사천진항","2028-02-13 17:14","19","저조"
"SO_1283","사천진항","2028-02-13 23:29","-1","고조"
"SO_1283","사천진항","2028-02-14 05:16","22","저조"
"SO_1283","사천진항","2028-02-14 11:52","-3","고조"
"SO_1283","사천진항","2028-02-13 04:26","25","저조"
"SO_1283","사천진항","2028-02-13 11:20","-7","고조"
"SO_1283","사천진항","2028-02-13 17:14","19","저조"
"SO_1283","사천진항","2028-02-13 23:29","-1","고조"
"SO_1283","사천진항","2028-02-14 05:16","22","저조"
"SO_1283","사천진항","2028-02-14 11:52","-3","고조"
"SO_1283","사천진항","2028-02-14 17:44","20","저조"
"SO_1283","사천진항","2028-02-15 00:21","-1","고조"
"SO_1283","사천진항","2028-02-15 06:08","18","저조"
"SO_1283","사천진항","2028-02-15 12:20","3","고조"
"SO_1283","사천진항","2028-02-14 05:16","22","저조"
"SO_1283","사천진항","2028-02-14 11:52","-3","고조"
"SO_1283","사천진항","2028-02-14 17:44","20","저조"
"SO_1283","사천진항","2028-02-15 00:21","-1","고조"
"SO_1283","사천진항","2028-02-15 06:08","18","저조"
"SO_1283","사천진항","2028-02-15 12:20","3","고조"
"SO_1283","사천진항","2028-02-15 18:13","21","저조"
"SO_1283","사천진항","2028-02-16 01:22","-1","고조"
"SO_1283","사천진항","2028-02-16 07:14","15","저조"
"SO_1283","사천진항","2028-02-16 12:41","8","고조"
"SO_1283","사천진항","2028-02-15 00:21","-1","고조"
"SO_1283","사천진항","2028-02-15 06:08","18","저조"
"SO_1283","사천진항","2028-02-15 12:20","3","고조"
"SO_1283","사천진항","2028-02-15 18:13","21","저조"
"SO_1283","사천진항","2028-02-16 01:22","-1","고조"
"SO_1283","사천진항","2028-02-16 07:14","15","저조"
"SO_1283","사천진항","2028-02-16 12:41","8","고조"
"SO_1283","사천진항","2028-02-16 18:45","22","저조"
"SO_1283","사천진항","2028-02-17 02:44","1","고조"
"SO_1283","사천진항","2028-02-17 19:22","23","저조"
"SO_1283","사천진항","2028-02-16 01:22","-1","고조"
"SO_1283","사천진항","2028-02-16 07:14","15","저조"
"SO_1283","사천진항","2028-02-16 12:41","8","고조"
"SO_1283","사천진항","2028-02-16 18:45","22","저조"
"SO_1283","사천진항","2028-02-17 02:44","1","고조"
"SO_1283","사천진항","2028-02-17 19:22","23","저조"
"SO_1283","사천진항","2028-02-18 04:13","1","고조"
"SO_1283","사천진항","2028-02-18 20:16","23","저조"
"SO_1283","사천진항","2028-02-19 05:30","1","고조"
"SO_1283","사천진항","2028-02-19 22:08","23","저조"
"SO_1283","사천진항","2028-02-17 02:44","1","고조"
"SO_1283","사천진항","2028-02-17 19:22","23","저조"
"SO_1283","사천진항","2028-02-18 04:13","1","고조"
"SO_1283","사천진항","2028-02-18 20:16","23","저조"
"SO_1283","사천진항","2028-02-19 05:30","1","고조"
"SO_1283","사천진항","2028-02-19 22:08","23","저조"
"SO_1283","사천진항","2028-02-20 06:40","","고조"
"SO_1283","사천진항","2028-02-20 15:42","19","저조"
"SO_1283","사천진항","2028-02-20 17:50","18","고조"
"SO_1283","사천진항","2028-02-20 23:25","24","저조"
"SO_1283","사천진항","2028-02-18 04:13","1","고조"
"SO_1283","사천진항","2028-02-18 20:16","23","저조"
"SO_1283","사천진항","2028-02-19 05:30","1","고조"
"SO_1283","사천진항","2028-02-19 22:08","23","저조"
"SO_1283","사천진항","2028-02-20 06:40","","고조"
"SO_1283","사천진항","2028-02-20 15:42","19","저조"
"SO_1283","사천진항","2028-02-20 17:50","18","고조"
"SO_1283","사천진항","2028-02-20 23:25","24","저조"
"SO_1283","사천진항","2028-02-21 07:37","-1","고조"
"SO_1283","사천진항","2028-02-21 15:37","18","저조"
"SO_1283","사천진항","2028-02-19 05:30","1","고조"
"SO_1283","사천진항","2028-02-19 22:08","23","저조"
"SO_1283","사천진항","2028-02-20 06:40","","고조"
"SO_1283","사천진항","2028-02-20 15:42","19","저조"
"SO_1283","사천진항","2028-02-20 17:50","18","고조"
"SO_1283","사천진항","2028-02-20 23:25","24","저조"
"SO_1283","사천진항","2028-02-21 07:37","-1","고조"
"SO_1283","사천진항","2028-02-21 15:37","18","저조"
"SO_1283","사천진항","2028-02-21 18:48","16","고조"
"SO_1283","사천진항","2028-02-22 00:24","23","저조"
"SO_1283","사천진항","2028-02-20 06:40","","고조"
"SO_1283","사천진항","2028-02-20 15:42","19","저조"
"SO_1283","사천진항","2028-02-20 17:50","18","고조"
"SO_1283","사천진항","2028-02-20 23:25","24","저조"
"SO_1283","사천진항","2028-02-21 07:37","-1","고조"
"SO_1283","사천진항","2028-02-21 15:37","18","저조"
"SO_1283","사천진항","2028-02-21 18:48","16","고조"
"SO_1283","사천진항","2028-02-22 00:24","23","저조"
"SO_1283","사천진항","2028-02-22 08:20","-2","고조"
"SO_1283","사천진항","2028-02-22 15:25","16","저조"
"SO_1283","사천진항","2028-02-21 07:37","-1","고조"
"SO_1283","사천진항","2028-02-21 15:37","18","저조"
"SO_1283","사천진항","2028-02-21 18:48","16","고조"
"SO_1283","사천진항","2028-02-22 00:24","23","저조"
"SO_1283","사천진항","2028-02-22 08:20","-2","고조"
"SO_1283","사천진항","2028-02-22 15:25","16","저조"
"SO_1283","사천진항","2028-02-22 19:35","13","고조"
"SO_1283","사천진항","2028-02-23 01:15","23","저조"
"SO_1283","사천진항","2028-02-23 08:54","-4","고조"
"SO_1283","사천진항","2028-02-23 15:25","15","저조"
"SO_1283","사천진항","2028-02-22 00:24","23","저조"
"SO_1283","사천진항","2028-02-22 08:20","-2","고조"
"SO_1283","사천진항","2028-02-22 15:25","16","저조"
"SO_1283","사천진항","2028-02-22 19:35","13","고조"
"SO_1283","사천진항","2028-02-23 01:15","23","저조"
"SO_1283","사천진항","2028-02-23 08:54","-4","고조"
"SO_1283","사천진항","2028-02-23 15:25","15","저조"
"SO_1283","사천진항","2028-02-23 20:16","9","고조"
"SO_1283","사천진항","2028-02-24 01:59","21","저조"
"SO_1283","사천진항","2028-02-24 09:22","-6","고조"
"SO_1283","사천진항","2028-02-23 01:15","23","저조"
"SO_1283","사천진항","2028-02-23 08:54","-4","고조"
"SO_1283","사천진항","2028-02-23 15:25","15","저조"
"SO_1283","사천진항","2028-02-23 20:16","9","고조"
"SO_1283","사천진항","2028-02-24 01:59","21","저조"
"SO_1283","사천진항","2028-02-24 09:22","-6","고조"
"SO_1283","사천진항","2028-02-24 15:36","14","저조"
"SO_1283","사천진항","2028-02-24 20:52","5","고조"
"SO_1283","사천진항","2028-02-25 02:38","20","저조"
"SO_1283","사천진항","2028-02-25 09:47","-7","고조"
"SO_1283","사천진항","2028-02-24 01:59","21","저조"
"SO_1283","사천진항","2028-02-24 09:22","-6","고조"
"SO_1283","사천진항","2028-02-24 15:36","14","저조"
"SO_1283","사천진항","2028-02-24 20:52","5","고조"
"SO_1283","사천진항","2028-02-25 02:38","20","저조"
"SO_1283","사천진항","2028-02-25 09:47","-7","고조"
"SO_1283","사천진항","2028-02-25 15:51","13","저조"
"SO_1283","사천진항","2028-02-25 21:27","2","고조"
"SO_1283","사천진항","2028-02-26 03:14","18","저조"
"SO_1283","사천진항","2028-02-26 10:09","-7","고조"
"SO_1283","사천진항","2028-02-25 02:38","20","저조"
"SO_1283","사천진항","2028-02-25 09:47","-7","고조"
"SO_1283","사천진항","2028-02-25 15:51","13","저조"
"SO_1283","사천진항","2028-02-25 21:27","2","고조"
"SO_1283","사천진항","2028-02-26 03:14","18","저조"
"SO_1283","사천진항","2028-02-26 10:09","-7","고조"
"SO_1283","사천진항","2028-02-26 16:06","13","저조"
"SO_1283","사천진항","2028-02-26 22:01","","고조"
"SO_1283","사천진항","2028-02-27 03:49","17","저조"
"SO_1283","사천진항","2028-02-27 10:29","-6","고조"
"SO_1283","사천진항","2028-02-26 03:14","18","저조"
"SO_1283","사천진항","2028-02-26 10:09","-7","고조"
"SO_1283","사천진항","2028-02-26 16:06","13","저조"
"SO_1283","사천진항","2028-02-26 22:01","","고조"
"SO_1283","사천진항","2028-02-27 03:49","17","저조"
"SO_1283","사천진항","2028-02-27 10:29","-6","고조"
"SO_1283","사천진항","2028-02-27 16:24","14","저조"
"SO_1283","사천진항","2028-02-27 22:33","-1","고조"
"SO_1283","사천진항","2028-02-28 04:22","16","저조"
"SO_1283","사천진항","2028-02-28 10:48","-3","고조"
"SO_1283","사천진항","2028-02-27 03:49","17","저조"
"SO_1283","사천진항","2028-02-27 10:29","-6","고조"
"SO_1283","사천진항","2028-02-27 16:24","14","저조"
"SO_1283","사천진항","2028-02-27 22:33","-1","고조"
"SO_1283","사천진항","2028-02-28 04:22","16","저조"
"SO_1283","사천진항","2028-02-28 10:48","-3","고조"
"SO_1283","사천진항","2028-02-28 16:42","16","저조"
"SO_1283","사천진항","2028-02-28 23:06","-2","고조"
"SO_1283","사천진항","2028-02-29 04:57","15","저조"
"SO_1283","사천진항","2028-02-29 11:07","","고조"
"SO_1283","사천진항","2028-02-28 04:22","16","저조"
"SO_1283","사천진항","2028-02-28 10:48","-3","고조"
"SO_1283","사천진항","2028-02-28 16:42","16","저조"
"SO_1283","사천진항","2028-02-28 23:06","-2","고조"
"SO_1283","사천진항","2028-02-29 04:57","15","저조"
"SO_1283","사천진항","2028-02-29 11:07","","고조"
"SO_1283","사천진항","2028-02-29 17:04","18","저조"
"SO_1283","사천진항","2028-02-29 23:41","-1","고조"
"SO_1283","사천진항","2028-03-01 05:34","15","저조"
"SO_1283","사천진항","2028-03-01 11:27","4","고조"
"SO_1283","사천진항","2028-02-29 04:57","15","저조"
"SO_1283","사천진항","2028-02-29 11:07","","고조"
"SO_1283","사천진항","2028-02-29 17:04","18","저조"
"SO_1283","사천진항","2028-02-29 23:41","-1","고조"
"SO_1283","사천진항","2028-03-01 05:34","15","저조"
"SO_1283","사천진항","2028-03-01 11:27","4","고조"
"SO_1283","사천진항","2028-03-01 17:28","20","저조"
"SO_1283","사천진항","2028-03-02 00:21","","고조"
"SO_1283","사천진항","2028-03-02 06:16","14","저조"
"SO_1283","사천진항","2028-03-02 11:47","8","고조"
"SO_1283","사천진항","2028-03-01 05:34","15","저조"
"SO_1283","사천진항","2028-03-01 11:27","4","고조"
"SO_1283","사천진항","2028-03-01 17:28","20","저조"
"SO_1283","사천진항","2028-03-02 00:21","","고조"
"SO_1283","사천진항","2028-03-02 06:16","14","저조"
"SO_1283","사천진항","2028-03-02 11:47","8","고조"
"SO_1283","사천진항","2028-03-02 17:56","22","저조"
"SO_1283","사천진항","2028-03-03 01:10","2","고조"
"SO_1283","사천진항","2028-03-03 07:14","13","저조"
"SO_1283","사천진항","2028-03-03 12:02","11","고조"
"SO_1283","사천진항","2028-03-02 00:21","","고조"
"SO_1283","사천진항","2028-03-02 06:16","14","저조"
"SO_1283","사천진항","2028-03-02 11:47","8","고조"
"SO_1283","사천진항","2028-03-02 17:56","22","저조"
"SO_1283","사천진항","2028-03-03 01:10","2","고조"
"SO_1283","사천진항","2028-03-03 07:14","13","저조"
"SO_1283","사천진항","2028-03-03 12:02","11","고조"
"SO_1283","사천진항","2028-03-03 18:32","24","저조"
"SO_1283","사천진항","2028-03-04 02:27","3","고조"
"SO_1283","사천진항","2028-03-04 19:19","25","저조"
"SO_1283","사천진항","2028-03-03 01:10","2","고조"
"SO_1283","사천진항","2028-03-03 07:14","13","저조"
"SO_1283","사천진항","2028-03-03 12:02","11","고조"
"SO_1283","사천진항","2028-03-03 18:32","24","저조"
"SO_1283","사천진항","2028-03-04 02:27","3","고조"
"SO_1283","사천진항","2028-03-04 19:19","25","저조"
"SO_1283","사천진항","2028-03-05 04:17","3","고조"
"SO_1283","사천진항","2028-03-05 20:31","25","저조"
"SO_1283","사천진항","2028-03-06 05:35","","고조"
"SO_1283","사천진항","2028-03-06 22:09","24","저조"
"SO_1283","사천진항","2028-03-04 02:27","3","고조"
"SO_1283","사천진항","2028-03-04 19:19","25","저조"
"SO_1283","사천진항","2028-03-05 04:17","3","고조"
"SO_1283","사천진항","2028-03-05 20:31","25","저조"
"SO_1283","사천진항","2028-03-06 05:35","","고조"
"SO_1283","사천진항","2028-03-06 22:09","24","저조"
"SO_1283","사천진항","2028-03-07 06:38","-3","고조"
"SO_1283","사천진항","2028-03-07 14:12","17","저조"
"SO_1283","사천진항","2028-03-07 17:54","14","고조"
"SO_1283","사천진항","2028-03-07 23:31","25","저조"
"SO_1283","사천진항","2028-03-05 04:17","3","고조"
"SO_1283","사천진항","2028-03-05 20:31","25","저조"
"SO_1283","사천진항","2028-03-06 05:35","","고조"
"SO_1283","사천진항","2028-03-06 22:09","24","저조"
"SO_1283","사천진항","2028-03-07 06:38","-3","고조"
"SO_1283","사천진항","2028-03-07 14:12","17","저조"
"SO_1283","사천진항","2028-03-07 17:54","14","고조"
"SO_1283","사천진항","2028-03-07 23:31","25","저조"
"SO_1283","사천진항","2028-03-08 07:31","-6","고조"
"SO_1283","사천진항","2028-03-08 14:23","16","저조"
"SO_1283","사천진항","2028-03-06 05:35","","고조"
"SO_1283","사천진항","2028-03-06 22:09","24","저조"
"SO_1283","사천진항","2028-03-07 06:38","-3","고조"
"SO_1283","사천진항","2028-03-07 14:12","17","저조"
"SO_1283","사천진항","2028-03-07 17:54","14","고조"
"SO_1283","사천진항","2028-03-07 23:31","25","저조"
"SO_1283","사천진항","2028-03-08 07:31","-6","고조"
"SO_1283","사천진항","2028-03-08 14:23","16","저조"
"SO_1283","사천진항","2028-03-08 19:00","10","고조"
"SO_1283","사천진항","2028-03-09 00:42","25","저조"
"SO_1283","사천진항","2028-03-07 06:38","-3","고조"
"SO_1283","사천진항","2028-03-07 14:12","17","저조"
"SO_1283","사천진항","2028-03-07 17:54","14","고조"
"SO_1283","사천진항","2028-03-07 23:31","25","저조"
"SO_1283","사천진항","2028-03-08 07:31","-6","고조"
"SO_1283","사천진항","2028-03-08 14:23","16","저조"
"SO_1283","사천진항","2028-03-08 19:00","10","고조"
"SO_1283","사천진항","2028-03-09 00:42","25","저조"
"SO_1283","사천진항","2028-03-09 08:16","-9","고조"
"SO_1283","사천진항","2028-03-09 14:42","16","저조"
"SO_1283","사천진항","2028-03-08 07:31","-6","고조"
"SO_1283","사천진항","2028-03-08 14:23","16","저조"
"SO_1283","사천진항","2028-03-08 19:00","10","고조"
"SO_1283","사천진항","2028-03-09 00:42","25","저조"
"SO_1283","사천진항","2028-03-09 08:16","-9","고조"
"SO_1283","사천진항","2028-03-09 14:42","16","저조"
"SO_1283","사천진항","2028-03-09 19:57","5","고조"
"SO_1283","사천진항","2028-03-10 01:44","24","저조"
"SO_1283","사천진항","2028-03-10 08:57","-10","고조"
"SO_1283","사천진항","2028-03-10 15:04","16","저조"
"SO_1283","사천진항","2028-03-09 00:42","25","저조"
"SO_1283","사천진항","2028-03-09 08:16","-9","고조"
"SO_1283","사천진항","2028-03-09 14:42","16","저조"
"SO_1283","사천진항","2028-03-09 19:57","5","고조"
"SO_1283","사천진항","2028-03-10 01:44","24","저조"
"SO_1283","사천진항","2028-03-10 08:57","-10","고조"
"SO_1283","사천진항","2028-03-10 15:04","16","저조"
"SO_1283","사천진항","2028-03-10 20:49","","고조"
"SO_1283","사천진항","2028-03-11 02:40","23","저조"
"SO_1283","사천진항","2028-03-11 09:35","-9","고조"
"SO_1283","사천진항","2028-03-10 01:44","24","저조"
"SO_1283","사천진항","2028-03-10 08:57","-10","고조"
"SO_1283","사천진항","2028-03-10 15:04","16","저조"
"SO_1283","사천진항","2028-03-10 20:49","","고조"
"SO_1283","사천진항","2028-03-11 02:40","23","저조"
"SO_1283","사천진항","2028-03-11 09:35","-9","고조"
"SO_1283","사천진항","2028-03-11 15:30","17","저조"
"SO_1283","사천진항","2028-03-11 21:38","-4","고조"
"SO_1283","사천진항","2028-03-12 03:31","22","저조"
"SO_1283","사천진항","2028-03-12 10:09","-7","고조"
"SO_1283","사천진항","2028-03-11 02:40","23","저조"
"SO_1283","사천진항","2028-03-11 09:35","-9","고조"
"SO_1283","사천진항","2028-03-11 15:30","17","저조"
"SO_1283","사천진항","2028-03-11 21:38","-4","고조"
"SO_1283","사천진항","2028-03-12 03:31","22","저조"
"SO_1283","사천진항","2028-03-12 10:09","-7","고조"
"SO_1283","사천진항","2028-03-12 15:57","19","저조"
"SO_1283","사천진항","2028-03-12 22:26","-6","고조"
"SO_1283","사천진항","2028-03-13 04:21","20","저조"
"SO_1283","사천진항","2028-03-13 10:42","-3","고조"
"SO_1283","사천진항","2028-03-12 03:31","22","저조"
"SO_1283","사천진항","2028-03-12 10:09","-7","고조"
"SO_1283","사천진항","2028-03-12 15:57","19","저조"
"SO_1283","사천진항","2028-03-12 22:26","-6","고조"
"SO_1283","사천진항","2028-03-13 04:21","20","저조"
"SO_1283","사천진항","2028-03-13 10:42","-3","고조"
"SO_1283","사천진항","2028-03-13 16:25","21","저조"
"SO_1283","사천진항","2028-03-13 23:14","-7","고조"
"SO_1283","사천진항","2028-03-14 05:12","18","저조"
"SO_1283","사천진항","2028-03-14 11:10","2","고조"
"SO_1283","사천진항","2028-03-13 04:21","20","저조"
"SO_1283","사천진항","2028-03-13 10:42","-3","고조"
"SO_1283","사천진항","2028-03-13 16:25","21","저조"
"SO_1283","사천진항","2028-03-13 23:14","-7","고조"
"SO_1283","사천진항","2028-03-14 05:12","18","저조"
"SO_1283","사천진항","2028-03-14 11:10","2","고조"
"SO_1283","사천진항","2028-03-14 16:55","23","저조"
"SO_1283","사천진항","2028-03-15 00:05","-6","고조"
"SO_1283","사천진항","2028-03-15 06:13","16","저조"
"SO_1283","사천진항","2028-03-15 11:33","7","고조"
"SO_1283","사천진항","2028-03-14 05:12","18","저조"
"SO_1283","사천진항","2028-03-14 11:10","2","고조"
"SO_1283","사천진항","2028-03-14 16:55","23","저조"
"SO_1283","사천진항","2028-03-15 00:05","-6","고조"
"SO_1283","사천진항","2028-03-15 06:13","16","저조"
"SO_1283","사천진항","2028-03-15 11:33","7","고조"
"SO_1283","사천진항","2028-03-15 17:24","24","저조"
"SO_1283","사천진항","2028-03-16 01:04","-4","고조"
"SO_1283","사천진항","2028-03-16 08:14","14","저조"
"SO_1283","사천진항","2028-03-16 11:44","12","고조"
"SO_1283","사천진항","2028-03-15 00:05","-6","고조"
"SO_1283","사천진항","2028-03-15 06:13","16","저조"
"SO_1283","사천진항","2028-03-15 11:33","7","고조"
"SO_1283","사천진항","2028-03-15 17:24","24","저조"
"SO_1283","사천진항","2028-03-16 01:04","-4","고조"
"SO_1283","사천진항","2028-03-16 08:14","14","저조"
"SO_1283","사천진항","2028-03-16 11:44","12","고조"
"SO_1283","사천진항","2028-03-16 17:56","25","저조"
"SO_1283","사천진항","2028-03-17 02:20","-1","고조"
"SO_1283","사천진항","2028-03-17 18:32","25","저조"
"SO_1283","사천진항","2028-03-16 01:04","-4","고조"
"SO_1283","사천진항","2028-03-16 08:14","14","저조"
"SO_1283","사천진항","2028-03-16 11:44","12","고조"
"SO_1283","사천진항","2028-03-16 17:56","25","저조"
"SO_1283","사천진항","2028-03-17 02:20","-1","고조"
"SO_1283","사천진항","2028-03-17 18:32","25","저조"
"SO_1283","사천진항","2028-03-18 03:41","1","고조"
"SO_1283","사천진항","2028-03-18 19:22","23","저조"
"SO_1283","사천진항","2028-03-19 04:59","1","고조"
"SO_1283","사천진항","2028-03-19 15:02","19","저조"
"SO_1283","사천진항","2028-03-17 02:20","-1","고조"
"SO_1283","사천진항","2028-03-17 18:32","25","저조"
"SO_1283","사천진항","2028-03-18 03:41","1","고조"
"SO_1283","사천진항","2028-03-18 19:22","23","저조"
"SO_1283","사천진항","2028-03-19 04:59","1","고조"
"SO_1283","사천진항","2028-03-19 15:02","19","저조"
"SO_1283","사천진항","2028-03-19 16:25","18","고조"
"SO_1283","사천진항","2028-03-19 21:20","21","저조"
"SO_1283","사천진항","2028-03-20 06:11","","고조"
"SO_1283","사천진항","2028-03-20 14:45","17","저조"
"SO_1283","사천진항","2028-03-18 03:41","1","고조"
"SO_1283","사천진항","2028-03-18 19:22","23","저조"
"SO_1283","사천진항","2028-03-19 04:59","1","고조"
"SO_1283","사천진항","2028-03-19 15:02","19","저조"
"SO_1283","사천진항","2028-03-19 16:25","18","고조"
"SO_1283","사천진항","2028-03-19 21:20","21","저조"
"SO_1283","사천진항","2028-03-20 06:11","","고조"
"SO_1283","사천진항","2028-03-20 14:45","17","저조"
"SO_1283","사천진항","2028-03-20 17:53","16","고조"
"SO_1283","사천진항","2028-03-20 22:54","20","저조"
"SO_1283","사천진항","2028-03-19 04:59","1","고조"
"SO_1283","사천진항","2028-03-19 15:02","19","저조"
"SO_1283","사천진항","2028-03-19 16:25","18","고조"
"SO_1283","사천진항","2028-03-19 21:20","21","저조"
"SO_1283","사천진항","2028-03-20 06:11","","고조"
"SO_1283","사천진항","2028-03-20 14:45","17","저조"
"SO_1283","사천진항","2028-03-20 17:53","16","고조"
"SO_1283","사천진항","2028-03-20 22:54","20","저조"
"SO_1283","사천진항","2028-03-21 07:05","-1","고조"
"SO_1283","사천진항","2028-03-21 14:29","16","저조"
"SO_1283","사천진항","2028-03-20 06:11","","고조"
"SO_1283","사천진항","2028-03-20 14:45","17","저조"
"SO_1283","사천진항","2028-03-20 17:53","16","고조"
"SO_1283","사천진항","2028-03-20 22:54","20","저조"
"SO_1283","사천진항","2028-03-21 07:05","-1","고조"
"SO_1283","사천진항","2028-03-21 14:29","16","저조"
"SO_1283","사천진항","2028-03-21 18:51","12","고조"
"SO_1283","사천진항","2028-03-22 00:05","18","저조"
"SO_1283","사천진항","2028-03-22 07:44","-3","고조"
"SO_1283","사천진항","2028-03-22 14:23","14","저조"
"SO_1283","사천진항","2028-03-21 07:05","-1","고조"
"SO_1283","사천진항","2028-03-21 14:29","16","저조"
"SO_1283","사천진항","2028-03-21 18:51","12","고조"
"SO_1283","사천진항","2028-03-22 00:05","18","저조"
"SO_1283","사천진항","2028-03-22 07:44","-3","고조"
"SO_1283","사천진항","2028-03-22 14:23","14","저조"
"SO_1283","사천진항","2028-03-22 19:32","7","고조"
"SO_1283","사천진항","2028-03-23 01:02","17","저조"
"SO_1283","사천진항","2028-03-23 08:14","-4","고조"
"SO_1283","사천진항","2028-03-23 14:31","13","저조"
"SO_1283","사천진항","2028-03-22 00:05","18","저조"
"SO_1283","사천진항","2028-03-22 07:44","-3","고조"
"SO_1283","사천진항","2028-03-22 14:23","14","저조"
"SO_1283","사천진항","2028-03-22 19:32","7","고조"
"SO_1283","사천진항","2028-03-23 01:02","17","저조"
"SO_1283","사천진항","2028-03-23 08:14","-4","고조"
"SO_1283","사천진항","2028-03-23 14:31","13","저조"
"SO_1283","사천진항","2028-03-23 20:06","3","고조"
"SO_1283","사천진항","2028-03-24 01:47","15","저조"
"SO_1283","사천진항","2028-03-24 08:40","-5","고조"
"SO_1283","사천진항","2028-03-23 01:02","17","저조"
"SO_1283","사천진항","2028-03-23 08:14","-4","고조"
"SO_1283","사천진항","2028-03-23 14:31","13","저조"
"SO_1283","사천진항","2028-03-23 20:06","3","고조"
"SO_1283","사천진항","2028-03-24 01:47","15","저조"
"SO_1283","사천진항","2028-03-24 08:40","-5","고조"
"SO_1283","사천진항","2028-03-24 14:44","12","저조"
"SO_1283","사천진항","2028-03-24 20:38","-1","고조"
"SO_1283","사천진항","2028-03-25 02:27","14","저조"
"SO_1283","사천진항","2028-03-25 09:02","-5","고조"
"SO_1283","사천진항","2028-03-24 01:47","15","저조"
"SO_1283","사천진항","2028-03-24 08:40","-5","고조"
"SO_1283","사천진항","2028-03-24 14:44","12","저조"
"SO_1283","사천진항","2028-03-24 20:38","-1","고조"
"SO_1283","사천진항","2028-03-25 02:27","14","저조"
"SO_1283","사천진항","2028-03-25 09:02","-5","고조"
"SO_1283","사천진항","2028-03-25 14:59","13","저조"
"SO_1283","사천진항","2028-03-25 21:09","-3","고조"
"SO_1283","사천진항","2028-03-26 03:03","14","저조"
"SO_1283","사천진항","2028-03-26 09:23","-4","고조"
"SO_1283","사천진항","2028-03-25 02:27","14","저조"
"SO_1283","사천진항","2028-03-25 09:02","-5","고조"
"SO_1283","사천진항","2028-03-25 14:59","13","저조"
"SO_1283","사천진항","2028-03-25 21:09","-3","고조"
"SO_1283","사천진항","2028-03-26 03:03","14","저조"
"SO_1283","사천진항","2028-03-26 09:23","-4","고조"
"SO_1283","사천진항","2028-03-26 15:15","14","저조"
"SO_1283","사천진항","2028-03-26 21:40","-5","고조"
"SO_1283","사천진항","2028-03-27 03:38","14","저조"
"SO_1283","사천진항","2028-03-27 09:44","-2","고조"
"SO_1283","사천진항","2028-03-26 03:03","14","저조"
"SO_1283","사천진항","2028-03-26 09:23","-4","고조"
"SO_1283","사천진항","2028-03-26 15:15","14","저조"
"SO_1283","사천진항","2028-03-26 21:40","-5","고조"
"SO_1283","사천진항","2028-03-27 03:38","14","저조"
"SO_1283","사천진항","2028-03-27 09:44","-2","고조"
"SO_1283","사천진항","2028-03-27 15:33","17","저조"
"SO_1283","사천진항","2028-03-27 22:11","-5","고조"
"SO_1283","사천진항","2028-03-28 04:14","14","저조"
"SO_1283","사천진항","2028-03-28 10:06","1","고조"
"SO_1283","사천진항","2028-03-27 03:38","14","저조"
"SO_1283","사천진항","2028-03-27 09:44","-2","고조"
"SO_1283","사천진항","2028-03-27 15:33","17","저조"
"SO_1283","사천진항","2028-03-27 22:11","-5","고조"
"SO_1283","사천진항","2028-03-28 04:14","14","저조"
"SO_1283","사천진항","2028-03-28 10:06","1","고조"
"SO_1283","사천진항","2028-03-28 15:54","19","저조"
"SO_1283","사천진항","2028-03-28 22:44","-5","고조"
"SO_1283","사천진항","2028-03-29 04:51","15","저조"
"SO_1283","사천진항","2028-03-29 10:28","5","고조"
"SO_1283","사천진항","2028-03-28 04:14","14","저조"
"SO_1283","사천진항","2028-03-28 10:06","1","고조"
"SO_1283","사천진항","2028-03-28 15:54","19","저조"
"SO_1283","사천진항","2028-03-28 22:44","-5","고조"
"SO_1283","사천진항","2028-03-29 04:51","15","저조"
"SO_1283","사천진항","2028-03-29 10:28","5","고조"
"SO_1283","사천진항","2028-03-29 16:19","22","저조"
"SO_1283","사천진항","2028-03-29 23:21","-3","고조"
"SO_1283","사천진항","2028-03-30 05:33","16","저조"
"SO_1283","사천진항","2028-03-30 10:52","9","고조"
"SO_1283","사천진항","2028-03-29 04:51","15","저조"
"SO_1283","사천진항","2028-03-29 10:28","5","고조"
"SO_1283","사천진항","2028-03-29 16:19","22","저조"
"SO_1283","사천진항","2028-03-29 23:21","-3","고조"
"SO_1283","사천진항","2028-03-30 05:33","16","저조"
"SO_1283","사천진항","2028-03-30 10:52","9","고조"
"SO_1283","사천진항","2028-03-30 16:47","25","저조"
"SO_1283","사천진항","2028-03-31 00:03","-2","고조"
"SO_1283","사천진항","2028-03-31 06:28","16","저조"
"SO_1283","사천진항","2028-03-31 11:14","12","고조"
"SO_1283","사천진항","2028-03-30 05:33","16","저조"
"SO_1283","사천진항","2028-03-30 10:52","9","고조"
"SO_1283","사천진항","2028-03-30 16:47","25","저조"
"SO_1283","사천진항","2028-03-31 00:03","-2","고조"
"SO_1283","사천진항","2028-03-31 06:28","16","저조"
"SO_1283","사천진항","2028-03-31 11:14","12","고조"
"SO_1283","사천진항","2028-03-31 17:20","26","저조"
"SO_1283","사천진항","2028-04-01 00:57","","고조"
"SO_1283","사천진항","2028-04-01 09:28","16","저조"
"SO_1283","사천진항","2028-04-01 11:32","15","고조"
"SO_1283","사천진항","2028-03-31 00:03","-2","고조"
"SO_1283","사천진항","2028-03-31 06:28","16","저조"
"SO_1283","사천진항","2028-03-31 11:14","12","고조"
"SO_1283","사천진항","2028-03-31 17:20","26","저조"
"SO_1283","사천진항","2028-04-01 00:57","","고조"
"SO_1283","사천진항","2028-04-01 09:28","16","저조"
"SO_1283","사천진항","2028-04-01 11:32","15","고조"
"SO_1283","사천진항","2028-04-01 18:01","26","저조"
"SO_1283","사천진항","2028-04-02 02:14","2","고조"
"SO_1283","사천진항","2028-04-02 18:57","25","저조"
"SO_1283","사천진항","2028-04-01 00:57","","고조"
"SO_1283","사천진항","2028-04-01 09:28","16","저조"
"SO_1283","사천진항","2028-04-01 11:32","15","고조"
"SO_1283","사천진항","2028-04-01 18:01","26","저조"
"SO_1283","사천진항","2028-04-02 02:14","2","고조"
"SO_1283","사천진항","2028-04-02 18:57","25","저조"
"SO_1283","사천진항","2028-04-03 03:45","1","고조"
"SO_1283","사천진항","2028-04-03 20:22","24","저조"
"SO_1283","사천진항","2028-04-04 05:04","-1","고조"
"SO_1283","사천진항","2028-04-04 12:58","17","저조"
"SO_1283","사천진항","2028-04-02 02:14","2","고조"
"SO_1283","사천진항","2028-04-02 18:57","25","저조"
"SO_1283","사천진항","2028-04-03 03:45","1","고조"
"SO_1283","사천진항","2028-04-03 20:22","24","저조"
"SO_1283","사천진항","2028-04-04 05:04","-1","고조"
"SO_1283","사천진항","2028-04-04 12:58","17","저조"
"SO_1283","사천진항","2028-04-04 16:39","14","고조"
"SO_1283","사천진항","2028-04-04 21:56","22","저조"
"SO_1283","사천진항","2028-04-05 06:08","-3","고조"
"SO_1283","사천진항","2028-04-05 13:11","16","저조"
"SO_1283","사천진항","2028-04-03 03:45","1","고조"
"SO_1283","사천진항","2028-04-03 20:22","24","저조"
"SO_1283","사천진항","2028-04-04 05:04","-1","고조"
"SO_1283","사천진항","2028-04-04 12:58","17","저조"
"SO_1283","사천진항","2028-04-04 16:39","14","고조"
"SO_1283","사천진항","2028-04-04 21:56","22","저조"
"SO_1283","사천진항","2028-04-05 06:08","-3","고조"
"SO_1283","사천진항","2028-04-05 13:11","16","저조"
"SO_1283","사천진항","2028-04-05 17:59","10","고조"
"SO_1283","사천진항","2028-04-05 23:22","21","저조"
"SO_1283","사천진항","2028-04-04 05:04","-1","고조"
"SO_1283","사천진항","2028-04-04 12:58","17","저조"
"SO_1283","사천진항","2028-04-04 16:39","14","고조"
"SO_1283","사천진항","2028-04-04 21:56","22","저조"
"SO_1283","사천진항","2028-04-05 06:08","-3","고조"
"SO_1283","사천진항","2028-04-05 13:11","16","저조"
"SO_1283","사천진항","2028-04-05 17:59","10","고조"
"SO_1283","사천진항","2028-04-05 23:22","21","저조"
"SO_1283","사천진항","2028-04-06 07:00","-5","고조"
"SO_1283","사천진항","2028-04-06 13:29","16","저조"
"SO_1283","사천진항","2028-04-05 06:08","-3","고조"
"SO_1283","사천진항","2028-04-05 13:11","16","저조"
"SO_1283","사천진항","2028-04-05 17:59","10","고조"
"SO_1283","사천진항","2028-04-05 23:22","21","저조"
"SO_1283","사천진항","2028-04-06 07:00","-5","고조"
"SO_1283","사천진항","2028-04-06 13:29","16","저조"
"SO_1283","사천진항","2028-04-06 18:58","4","고조"
"SO_1283","사천진항","2028-04-07 00:39","20","저조"
"SO_1283","사천진항","2028-04-07 07:44","-6","고조"
"SO_1283","사천진항","2028-04-07 13:51","16","저조"
"SO_1283","사천진항","2028-04-06 07:00","-5","고조"
"SO_1283","사천진항","2028-04-06 13:29","16","저조"
"SO_1283","사천진항","2028-04-06 18:58","4","고조"
"SO_1283","사천진항","2028-04-07 00:39","20","저조"
"SO_1283","사천진항","2028-04-07 07:44","-6","고조"
"SO_1283","사천진항","2028-04-07 13:51","16","저조"
"SO_1283","사천진항","2028-04-07 19:50","-1","고조"
"SO_1283","사천진항","2028-04-08 01:43","20","저조"
"SO_1283","사천진항","2028-04-08 08:23","-5","고조"
"SO_1283","사천진항","2028-04-08 14:16","18","저조"
"SO_1283","사천진항","2028-04-07 00:39","20","저조"
"SO_1283","사천진항","2028-04-07 07:44","-6","고조"
"SO_1283","사천진항","2028-04-07 13:51","16","저조"
"SO_1283","사천진항","2028-04-07 19:50","-1","고조"
"SO_1283","사천진항","2028-04-08 01:43","20","저조"
"SO_1283","사천진항","2028-04-08 08:23","-5","고조"
"SO_1283","사천진항","2028-04-08 14:16","18","저조"
"SO_1283","사천진항","2028-04-08 20:37","-5","고조"
"SO_1283","사천진항","2028-04-09 02:38","19","저조"
"SO_1283","사천진항","2028-04-09 08:59","-2","고조"
"SO_1283","사천진항","2028-04-08 01:43","20","저조"
"SO_1283","사천진항","2028-04-08 08:23","-5","고조"
"SO_1283","사천진항","2028-04-08 14:16","18","저조"
"SO_1283","사천진항","2028-04-08 20:37","-5","고조"
"SO_1283","사천진항","2028-04-09 02:38","19","저조"
"SO_1283","사천진항","2028-04-09 08:59","-2","고조"
"SO_1283","사천진항","2028-04-09 14:44","20","저조"
"SO_1283","사천진항","2028-04-09 21:24","-8","고조"
"SO_1283","사천진항","2028-04-10 03:30","19","저조"
"SO_1283","사천진항","2028-04-10 09:32","1","고조"
"SO_1283","사천진항","2028-04-09 02:38","19","저조"
"SO_1283","사천진항","2028-04-09 08:59","-2","고조"
"SO_1283","사천진항","2028-04-09 14:44","20","저조"
"SO_1283","사천진항","2028-04-09 21:24","-8","고조"
"SO_1283","사천진항","2028-04-10 03:30","19","저조"
"SO_1283","사천진항","2028-04-10 09:32","1","고조"
"SO_1283","사천진항","2028-04-10 15:13","23","저조"
"SO_1283","사천진항","2028-04-10 22:11","-9","고조"
"SO_1283","사천진항","2028-04-11 04:23","18","저조"
"SO_1283","사천진항","2028-04-11 10:03","5","고조"
"SO_1283","사천진항","2028-04-10 03:30","19","저조"
"SO_1283","사천진항","2028-04-10 09:32","1","고조"
"SO_1283","사천진항","2028-04-10 15:13","23","저조"
"SO_1283","사천진항","2028-04-10 22:11","-9","고조"
"SO_1283","사천진항","2028-04-11 04:23","18","저조"
"SO_1283","사천진항","2028-04-11 10:03","5","고조"
"SO_1283","사천진항","2028-04-11 15:43","26","저조"
"SO_1283","사천진항","2028-04-11 22:59","-8","고조"
"SO_1283","사천진항","2028-04-12 05:24","18","저조"
"SO_1283","사천진항","2028-04-12 10:29","10","고조"
"SO_1283","사천진항","2028-04-11 04:23","18","저조"
"SO_1283","사천진항","2028-04-11 10:03","5","고조"
"SO_1283","사천진항","2028-04-11 15:43","26","저조"
"SO_1283","사천진항","2028-04-11 22:59","-8","고조"
"SO_1283","사천진항","2028-04-12 05:24","18","저조"
"SO_1283","사천진항","2028-04-12 10:29","10","고조"
"SO_1283","사천진항","2028-04-12 16:14","28","저조"
"SO_1283","사천진항","2028-04-12 23:50","-6","고조"
"SO_1283","사천진항","2028-04-13 06:53","18","저조"
"SO_1283","사천진항","2028-04-13 10:50","14","고조"
"SO_1283","사천진항","2028-04-12 05:24","18","저조"
"SO_1283","사천진항","2028-04-12 10:29","10","고조"
"SO_1283","사천진항","2028-04-12 16:14","28","저조"
"SO_1283","사천진항","2028-04-12 23:50","-6","고조"
"SO_1283","사천진항","2028-04-13 06:53","18","저조"
"SO_1283","사천진항","2028-04-13 10:50","14","고조"
"SO_1283","사천진항","2028-04-13 16:47","29","저조"
"SO_1283","사천진항","2028-04-14 00:48","-3","고조"
"SO_1283","사천진항","2028-04-14 08:33","18","저조"
"SO_1283","사천진항","2028-04-14 10:58","17","고조"
"SO_1283","사천진항","2028-04-13 06:53","18","저조"
"SO_1283","사천진항","2028-04-13 10:50","14","고조"
"SO_1283","사천진항","2028-04-13 16:47","29","저조"
"SO_1283","사천진항","2028-04-14 00:48","-3","고조"
"SO_1283","사천진항","2028-04-14 08:33","18","저조"
"SO_1283","사천진항","2028-04-14 10:58","17","고조"
"SO_1283","사천진항","2028-04-14 17:22","29","저조"
"SO_1283","사천진항","2028-04-15 01:54","","고조"
"SO_1283","사천진항","2028-04-15 18:01","27","저조"
"SO_1283","사천진항","2028-04-16 03:03","2","고조"
"SO_1283","사천진항","2028-04-14 00:48","-3","고조"
"SO_1283","사천진항","2028-04-14 08:33","18","저조"
"SO_1283","사천진항","2028-04-14 10:58","17","고조"
"SO_1283","사천진항","2028-04-14 17:22","29","저조"
"SO_1283","사천진항","2028-04-15 01:54","","고조"
"SO_1283","사천진항","2028-04-15 18:01","27","저조"
"SO_1283","사천진항","2028-04-16 03:03","2","고조"
"SO_1283","사천진항","2028-04-16 18:56","24","저조"
"SO_1283","사천진항","2028-04-17 04:15","3","고조"
"SO_1283","사천진항","2028-04-17 13:46","19","저조"
"SO_1283","사천진항","2028-04-15 01:54","","고조"
"SO_1283","사천진항","2028-04-15 18:01","27","저조"
"SO_1283","사천진항","2028-04-16 03:03","2","고조"
"SO_1283","사천진항","2028-04-16 18:56","24","저조"
"SO_1283","사천진항","2028-04-17 04:15","3","고조"
"SO_1283","사천진항","2028-04-17 13:46","19","저조"
"SO_1283","사천진항","2028-04-17 16:17","18","고조"
"SO_1283","사천진항","2028-04-17 20:33","20","저조"
"SO_1283","사천진항","2028-04-18 05:23","3","고조"
"SO_1283","사천진항","2028-04-18 13:19","17","저조"
"SO_1283","사천진항","2028-04-16 03:03","2","고조"
"SO_1283","사천진항","2028-04-16 18:56","24","저조"
"SO_1283","사천진항","2028-04-17 04:15","3","고조"
"SO_1283","사천진항","2028-04-17 13:46","19","저조"
"SO_1283","사천진항","2028-04-17 16:17","18","고조"
"SO_1283","사천진항","2028-04-17 20:33","20","저조"
"SO_1283","사천진항","2028-04-18 05:23","3","고조"
"SO_1283","사천진항","2028-04-18 13:19","17","저조"
"SO_1283","사천진항","2028-04-18 17:43","14","고조"
"SO_1283","사천진항","2028-04-18 22:09","17","저조"
"SO_1283","사천진항","2028-04-17 04:15","3","고조"
"SO_1283","사천진항","2028-04-17 13:46","19","저조"
"SO_1283","사천진항","2028-04-17 16:17","18","고조"
"SO_1283","사천진항","2028-04-17 20:33","20","저조"
"SO_1283","사천진항","2028-04-18 05:23","3","고조"
"SO_1283","사천진항","2028-04-18 13:19","17","저조"
"SO_1283","사천진항","2028-04-18 17:43","14","고조"
"SO_1283","사천진항","2028-04-18 22:09","17","저조"
"SO_1283","사천진항","2028-04-19 06:15","2","고조"
"SO_1283","사천진항","2028-04-19 13:15","16","저조"
"SO_1283","사천진항","2028-04-18 05:23","3","고조"
"SO_1283","사천진항","2028-04-18 13:19","17","저조"
"SO_1283","사천진항","2028-04-18 17:43","14","고조"
"SO_1283","사천진항","2028-04-18 22:09","17","저조"
"SO_1283","사천진항","2028-04-19 06:15","2","고조"
"SO_1283","사천진항","2028-04-19 13:15","16","저조"
"SO_1283","사천진항","2028-04-19 18:35","10","고조"
"SO_1283","사천진항","2028-04-19 23:38","15","저조"
"SO_1283","사천진항","2028-04-20 06:54","","고조"
"SO_1283","사천진항","2028-04-20 13:25","15","저조"
"SO_1283","사천진항","2028-04-19 06:15","2","고조"
"SO_1283","사천진항","2028-04-19 13:15","16","저조"
"SO_1283","사천진항","2028-04-19 18:35","10","고조"
"SO_1283","사천진항","2028-04-19 23:38","15","저조"
"SO_1283","사천진항","2028-04-20 06:54","","고조"
"SO_1283","사천진항","2028-04-20 13:25","15","저조"
"SO_1283","사천진항","2028-04-20 19:13","6","고조"
"SO_1283","사천진항","2028-04-21 00:46","14","저조"
"SO_1283","사천진항","2028-04-21 07:24","","고조"
"SO_1283","사천진항","2028-04-21 13:38","15","저조"
"SO_1283","사천진항","2028-04-20 06:54","","고조"
"SO_1283","사천진항","2028-04-20 13:25","15","저조"
"SO_1283","사천진항","2028-04-20 19:13","6","고조"
"SO_1283","사천진항","2028-04-21 00:46","14","저조"
"SO_1283","사천진항","2028-04-21 07:24","","고조"
"SO_1283","사천진항","2028-04-21 13:38","15","저조"
"SO_1283","사천진항","2028-04-21 19:44","2","고조"
"SO_1283","사천진항","2028-04-22 01:36","13","저조"
"SO_1283","사천진항","2028-04-22 07:49","","고조"
"SO_1283","사천진항","2028-04-22 13:52","16","저조"
"SO_1283","사천진항","2028-04-21 00:46","14","저조"
"SO_1283","사천진항","2028-04-21 07:24","","고조"
"SO_1283","사천진항","2028-04-21 13:38","15","저조"
"SO_1283","사천진항","2028-04-21 19:44","2","고조"
"SO_1283","사천진항","2028-04-22 01:36","13","저조"
"SO_1283","사천진항","2028-04-22 07:49","","고조"
"SO_1283","사천진항","2028-04-22 13:52","16","저조"
"SO_1283","사천진항","2028-04-22 20:15","-1","고조"
"SO_1283","사천진항","2028-04-23 02:17","14","저조"
"SO_1283","사천진항","2028-04-23 08:13","2","고조"
"SO_1283","사천진항","2028-04-22 01:36","13","저조"
"SO_1283","사천진항","2028-04-22 07:49","","고조"
"SO_1283","사천진항","2028-04-22 13:52","16","저조"
"SO_1283","사천진항","2028-04-22 20:15","-1","고조"
"SO_1283","사천진항","2028-04-23 02:17","14","저조"
"SO_1283","사천진항","2028-04-23 08:13","2","고조"
"SO_1283","사천진항","2028-04-23 14:07","17","저조"
"SO_1283","사천진항","2028-04-23 20:45","-3","고조"
"SO_1283","사천진항","2028-04-24 02:56","15","저조"
"SO_1283","사천진항","2028-04-24 08:36","4","고조"
"SO_1283","사천진항","2028-04-23 02:17","14","저조"
"SO_1283","사천진항","2028-04-23 08:13","2","고조"
"SO_1283","사천진항","2028-04-23 14:07","17","저조"
"SO_1283","사천진항","2028-04-23 20:45","-3","고조"
"SO_1283","사천진항","2028-04-24 02:56","15","저조"
"SO_1283","사천진항","2028-04-24 08:36","4","고조"
"SO_1283","사천진항","2028-04-24 14:25","20","저조"
"SO_1283","사천진항","2028-04-24 21:17","-3","고조"
"SO_1283","사천진항","2028-04-25 03:35","16","저조"
"SO_1283","사천진항","2028-04-25 09:01","7","고조"
"SO_1283","사천진항","2028-04-24 02:56","15","저조"
"SO_1283","사천진항","2028-04-24 08:36","4","고조"
"SO_1283","사천진항","2028-04-24 14:25","20","저조"
"SO_1283","사천진항","2028-04-24 21:17","-3","고조"
"SO_1283","사천진항","2028-04-25 03:35","16","저조"
"SO_1283","사천진항","2028-04-25 09:01","7","고조"
"SO_1283","사천진항","2028-04-25 14:48","24","저조"
"SO_1283","사천진항","2028-04-25 21:51","-3","고조"
"SO_1283","사천진항","2028-04-26 04:15","18","저조"
"SO_1283","사천진항","2028-04-26 09:27","11","고조"
"SO_1283","사천진항","2028-04-25 03:35","16","저조"
"SO_1283","사천진항","2028-04-25 09:01","7","고조"
"SO_1283","사천진항","2028-04-25 14:48","24","저조"
"SO_1283","사천진항","2028-04-25 21:51","-3","고조"
"SO_1283","사천진항","2028-04-26 04:15","18","저조"
"SO_1283","사천진항","2028-04-26 09:27","11","고조"
"SO_1283","사천진항","2028-04-26 15:15","27","저조"
"SO_1283","사천진항","2028-04-26 22:28","-2","고조"
"SO_1283","사천진항","2028-04-27 05:00","20","저조"
"SO_1283","사천진항","2028-04-27 09:55","14","고조"
"SO_1283","사천진항","2028-04-26 04:15","18","저조"
"SO_1283","사천진항","2028-04-26 09:27","11","고조"
"SO_1283","사천진항","2028-04-26 15:15","27","저조"
"SO_1283","사천진항","2028-04-26 22:28","-2","고조"
"SO_1283","사천진항","2028-04-27 05:00","20","저조"
"SO_1283","사천진항","2028-04-27 09:55","14","고조"
"SO_1283","사천진항","2028-04-27 15:46","30","저조"
"SO_1283","사천진항","2028-04-27 23:10","-1","고조"
"SO_1283","사천진항","2028-04-28 06:04","20","저조"
"SO_1283","사천진항","2028-04-28 10:24","17","고조"
"SO_1283","사천진항","2028-04-27 05:00","20","저조"
"SO_1283","사천진항","2028-04-27 09:55","14","고조"
"SO_1283","사천진항","2028-04-27 15:46","30","저조"
"SO_1283","사천진항","2028-04-27 23:10","-1","고조"
"SO_1283","사천진항","2028-04-28 06:04","20","저조"
"SO_1283","사천진항","2028-04-28 10:24","17","고조"
"SO_1283","사천진항","2028-04-28 16:20","32","저조"
"SO_1283","사천진항","2028-04-28 23:59","1","고조"
"SO_1283","사천진항","2028-04-29 07:53","21","저조"
"SO_1283","사천진항","2028-04-29 10:54","19","고조"
"SO_1283","사천진항","2028-04-28 06:04","20","저조"
"SO_1283","사천진항","2028-04-28 10:24","17","고조"
"SO_1283","사천진항","2028-04-28 16:20","32","저조"
"SO_1283","사천진항","2028-04-28 23:59","1","고조"
"SO_1283","사천진항","2028-04-29 07:53","21","저조"
"SO_1283","사천진항","2028-04-29 10:54","19","고조"
"SO_1283","사천진항","2028-04-29 17:01","32","저조"
"SO_1283","사천진항","2028-04-30 00:57","2","고조"
"SO_1283","사천진항","2028-04-30 09:15","21","저조"
"SO_1283","사천진항","2028-04-30 11:30","20","고조"
"SO_1283","사천진항","2028-04-29 07:53","21","저조"
"SO_1283","사천진항","2028-04-29 10:54","19","고조"
"SO_1283","사천진항","2028-04-29 17:01","32","저조"
"SO_1283","사천진항","2028-04-30 00:57","2","고조"
"SO_1283","사천진항","2028-04-30 09:15","21","저조"
"SO_1283","사천진항","2028-04-30 11:30","20","고조"
"SO_1283","사천진항","2028-04-30 17:51","31","저조"
"SO_1283","사천진항","2028-05-01 02:05","3","고조"
"SO_1283","사천진항","2028-05-01 10:35","21","저조"
"SO_1283","사천진항","2028-05-01 12:49","20","고조"
"SO_1283","사천진항","2028-04-30 00:57","2","고조"
"SO_1283","사천진항","2028-04-30 09:15","21","저조"
"SO_1283","사천진항","2028-04-30 11:30","20","고조"
"SO_1283","사천진항","2028-04-30 17:51","31","저조"
"SO_1283","사천진항","2028-05-01 02:05","3","고조"
"SO_1283","사천진항","2028-05-01 10:35","21","저조"
"SO_1283","사천진항","2028-05-01 12:49","20","고조"
"SO_1283","사천진항","2028-05-01 18:59","29","저조"
"SO_1283","사천진항","2028-05-02 03:16","3","고조"
"SO_1283","사천진항","2028-05-02 11:23","20","저조"
"SO_1283","사천진항","2028-05-01 02:05","3","고조"
"SO_1283","사천진항","2028-05-01 10:35","21","저조"
"SO_1283","사천진항","2028-05-01 12:49","20","고조"
"SO_1283","사천진항","2028-05-01 18:59","29","저조"
"SO_1283","사천진항","2028-05-02 03:16","3","고조"
"SO_1283","사천진항","2028-05-02 11:23","20","저조"
"SO_1283","사천진항","2028-05-02 15:00","19","고조"
"SO_1283","사천진항","2028-05-02 20:22","26","저조"
"SO_1283","사천진항","2028-05-03 04:28","3","고조"
"SO_1283","사천진항","2028-05-03 11:50","20","저조"
"SO_1283","사천진항","2028-05-02 03:16","3","고조"
"SO_1283","사천진항","2028-05-02 11:23","20","저조"
"SO_1283","사천진항","2028-05-02 15:00","19","고조"
"SO_1283","사천진항","2028-05-02 20:22","26","저조"
"SO_1283","사천진항","2028-05-03 04:28","3","고조"
"SO_1283","사천진항","2028-05-03 11:50","20","저조"
"SO_1283","사천진항","2028-05-03 16:39","15","고조"
"SO_1283","사천진항","2028-05-03 21:46","23","저조"
"SO_1283","사천진항","2028-05-04 05:33","3","고조"
"SO_1283","사천진항","2028-05-04 12:13","20","저조"
"SO_1283","사천진항","2028-05-03 04:28","3","고조"
"SO_1283","사천진항","2028-05-03 11:50","20","저조"
"SO_1283","사천진항","2028-05-03 16:39","15","고조"
"SO_1283","사천진항","2028-05-03 21:46","23","저조"
"SO_1283","사천진항","2028-05-04 05:33","3","고조"
"SO_1283","사천진항","2028-05-04 12:13","20","저조"
"SO_1283","사천진항","2028-05-04 17:52","10","고조"
"SO_1283","사천진항","2028-05-04 23:20","22","저조"
"SO_1283","사천진항","2028-05-05 06:24","3","고조"
"SO_1283","사천진항","2028-05-05 12:37","21","저조"
"SO_1283","사천진항","2028-05-04 05:33","3","고조"
"SO_1283","사천진항","2028-05-04 12:13","20","저조"
"SO_1283","사천진항","2028-05-04 17:52","10","고조"
"SO_1283","사천진항","2028-05-04 23:20","22","저조"
"SO_1283","사천진항","2028-05-05 06:24","3","고조"
"SO_1283","사천진항","2028-05-05 12:37","21","저조"
"SO_1283","사천진항","2028-05-05 18:48","5","고조"
"SO_1283","사천진항","2028-05-06 00:44","21","저조"
"SO_1283","사천진항","2028-05-06 07:07","5","고조"
"SO_1283","사천진항","2028-05-06 13:03","23","저조"
"SO_1283","사천진항","2028-05-05 06:24","3","고조"
"SO_1283","사천진항","2028-05-05 12:37","21","저조"
"SO_1283","사천진항","2028-05-05 18:48","5","고조"
"SO_1283","사천진항","2028-05-06 00:44","21","저조"
"SO_1283","사천진항","2028-05-06 07:07","5","고조"
"SO_1283","사천진항","2028-05-06 13:03","23","저조"
"SO_1283","사천진항","2028-05-06 19:38","1","고조"
"SO_1283","사천진항","2028-05-07 01:48","21","저조"
"SO_1283","사천진항","2028-05-07 07:46","7","고조"
"SO_1283","사천진항","2028-05-07 13:32","25","저조"
"SO_1283","사천진항","2028-05-06 00:44","21","저조"
"SO_1283","사천진항","2028-05-06 07:07","5","고조"
"SO_1283","사천진항","2028-05-06 13:03","23","저조"
"SO_1283","사천진항","2028-05-06 19:38","1","고조"
"SO_1283","사천진항","2028-05-07 01:48","21","저조"
"SO_1283","사천진항","2028-05-07 07:46","7","고조"
"SO_1283","사천진항","2028-05-07 13:32","25","저조"
"SO_1283","사천진항","2028-05-07 20:25","-2","고조"
"SO_1283","사천진항","2028-05-08 02:45","22","저조"
"SO_1283","사천진항","2028-05-08 08:21","11","고조"
"SO_1283","사천진항","2028-05-07 01:48","21","저조"
"SO_1283","사천진항","2028-05-07 07:46","7","고조"
"SO_1283","사천진항","2028-05-07 13:32","25","저조"
"SO_1283","사천진항","2028-05-07 20:25","-2","고조"
"SO_1283","사천진항","2028-05-08 02:45","22","저조"
"SO_1283","사천진항","2028-05-08 08:21","11","고조"
"SO_1283","사천진항","2028-05-08 14:04","29","저조"
"SO_1283","사천진항","2028-05-08 21:12","-3","고조"
"SO_1283","사천진항","2028-05-09 03:41","23","저조"
"SO_1283","사천진항","2028-05-09 08:53","14","고조"
"SO_1283","사천진항","2028-05-08 02:45","22","저조"
"SO_1283","사천진항","2028-05-08 08:21","11","고조"
"SO_1283","사천진항","2028-05-08 14:04","29","저조"
"SO_1283","사천진항","2028-05-08 21:12","-3","고조"
"SO_1283","사천진항","2028-05-09 03:41","23","저조"
"SO_1283","사천진항","2028-05-09 08:53","14","고조"
"SO_1283","사천진항","2028-05-09 14:36","32","저조"
"SO_1283","사천진항","2028-05-09 22:00","-3","고조"
"SO_1283","사천진항","2028-05-10 04:43","23","저조"
"SO_1283","사천진항","2028-05-10 09:24","18","고조"
"SO_1283","사천진항","2028-05-09 03:41","23","저조"
"SO_1283","사천진항","2028-05-09 08:53","14","고조"
"SO_1283","사천진항","2028-05-09 14:36","32","저조"
"SO_1283","사천진항","2028-05-09 22:00","-3","고조"
"SO_1283","사천진항","2028-05-10 04:43","23","저조"
"SO_1283","사천진항","2028-05-10 09:24","18","고조"
"SO_1283","사천진항","2028-05-10 15:11","35","저조"
"SO_1283","사천진항","2028-05-10 22:50","-1","고조"
"SO_1283","사천진항","2028-05-11 05:56","24","저조"
"SO_1283","사천진항","2028-05-11 09:52","20","고조"
"SO_1283","사천진항","2028-05-10 04:43","23","저조"
"SO_1283","사천진항","2028-05-10 09:24","18","고조"
"SO_1283","사천진항","2028-05-10 15:11","35","저조"
"SO_1283","사천진항","2028-05-10 22:50","-1","고조"
"SO_1283","사천진항","2028-05-11 05:56","24","저조"
"SO_1283","사천진항","2028-05-11 09:52","20","고조"
"SO_1283","사천진항","2028-05-11 15:47","36","저조"
"SO_1283","사천진항","2028-05-11 23:41","1","고조"
"SO_1283","사천진항","2028-05-12 07:03","25","저조"
"SO_1283","사천진항","2028-05-12 10:16","22","고조"
"SO_1283","사천진항","2028-05-11 05:56","24","저조"
"SO_1283","사천진항","2028-05-11 09:52","20","고조"
"SO_1283","사천진항","2028-05-11 15:47","36","저조"
"SO_1283","사천진항","2028-05-11 23:41","1","고조"
"SO_1283","사천진항","2028-05-12 07:03","25","저조"
"SO_1283","사천진항","2028-05-12 10:16","22","고조"
"SO_1283","사천진항","2028-05-12 16:24","36","저조"
"SO_1283","사천진항","2028-05-13 00:33","4","고조"
"SO_1283","사천진항","2028-05-13 08:03","25","저조"
"SO_1283","사천진항","2028-05-13 10:36","24","고조"
"SO_1283","사천진항","2028-05-12 07:03","25","저조"
"SO_1283","사천진항","2028-05-12 10:16","22","고조"
"SO_1283","사천진항","2028-05-12 16:24","36","저조"
"SO_1283","사천진항","2028-05-13 00:33","4","고조"
"SO_1283","사천진항","2028-05-13 08:03","25","저조"
"SO_1283","사천진항","2028-05-13 10:36","24","고조"
"SO_1283","사천진항","2028-05-13 17:05","35","저조"
"SO_1283","사천진항","2028-05-14 01:26","6","고조"
"SO_1283","사천진항","2028-05-14 17:50","32","저조"
"SO_1283","사천진항","2028-05-15 02:20","8","고조"
"SO_1283","사천진항","2028-05-13 00:33","4","고조"
"SO_1283","사천진항","2028-05-13 08:03","25","저조"
"SO_1283","사천진항","2028-05-13 10:36","24","고조"
"SO_1283","사천진항","2028-05-13 17:05","35","저조"
"SO_1283","사천진항","2028-05-14 01:26","6","고조"
"SO_1283","사천진항","2028-05-14 17:50","32","저조"
"SO_1283","사천진항","2028-05-15 02:20","8","고조"
"SO_1283","사천진항","2028-05-15 18:44","28","저조"
"SO_1283","사천진항","2028-05-16 03:16","9","고조"
"SO_1283","사천진항","2028-05-16 11:27","23","저조"
"SO_1283","사천진항","2028-05-14 01:26","6","고조"
"SO_1283","사천진항","2028-05-14 17:50","32","저조"
"SO_1283","사천진항","2028-05-15 02:20","8","고조"
"SO_1283","사천진항","2028-05-15 18:44","28","저조"
"SO_1283","사천진항","2028-05-16 03:16","9","고조"
"SO_1283","사천진항","2028-05-16 11:27","23","저조"
"SO_1283","사천진항","2028-05-16 15:38","21","고조"
"SO_1283","사천진항","2028-05-16 19:50","24","저조"
"SO_1283","사천진항","2028-05-17 04:16","9","고조"
"SO_1283","사천진항","2028-05-17 11:48","22","저조"
"SO_1283","사천진항","2028-05-15 02:20","8","고조"
"SO_1283","사천진항","2028-05-15 18:44","28","저조"
"SO_1283","사천진항","2028-05-16 03:16","9","고조"
"SO_1283","사천진항","2028-05-16 11:27","23","저조"
"SO_1283","사천진항","2028-05-16 15:38","21","고조"
"SO_1283","사천진항","2028-05-16 19:50","24","저조"
"SO_1283","사천진항","2028-05-17 04:16","9","고조"
"SO_1283","사천진항","2028-05-17 11:48","22","저조"
"SO_1283","사천진항","2028-05-17 17:09","18","고조"
"SO_1283","사천진항","2028-05-17 21:04","21","저조"
"SO_1283","사천진항","2028-05-16 03:16","9","고조"
"SO_1283","사천진항","2028-05-16 11:27","23","저조"
"SO_1283","사천진항","2028-05-16 15:38","21","고조"
"SO_1283","사천진항","2028-05-16 19:50","24","저조"
"SO_1283","사천진항","2028-05-17 04:16","9","고조"
"SO_1283","사천진항","2028-05-17 11:48","22","저조"
"SO_1283","사천진항","2028-05-17 17:09","18","고조"
"SO_1283","사천진항","2028-05-17 21:04","21","저조"
"SO_1283","사천진항","2028-05-18 05:11","9","고조"
"SO_1283","사천진항","2028-05-18 12:08","22","저조"
"SO_1283","사천진항","2028-05-17 04:16","9","고조"
"SO_1283","사천진항","2028-05-17 11:48","22","저조"
"SO_1283","사천진항","2028-05-17 17:09","18","고조"
"SO_1283","사천진항","2028-05-17 21:04","21","저조"
"SO_1283","사천진항","2028-05-18 05:11","9","고조"
"SO_1283","사천진항","2028-05-18 12:08","22","저조"
"SO_1283","사천진항","2028-05-18 18:04","14","고조"
"SO_1283","사천진항","2028-05-18 22:59","19","저조"
"SO_1283","사천진항","2028-05-19 05:53","10","고조"
"SO_1283","사천진항","2028-05-19 12:26","22","저조"
"SO_1283","사천진항","2028-05-18 05:11","9","고조"
"SO_1283","사천진항","2028-05-18 12:08","22","저조"
"SO_1283","사천진항","2028-05-18 18:04","14","고조"
"SO_1283","사천진항","2028-05-18 22:59","19","저조"
"SO_1283","사천진항","2028-05-19 05:53","10","고조"
"SO_1283","사천진항","2028-05-19 12:26","22","저조"
"SO_1283","사천진항","2028-05-19 18:43","11","고조"
"SO_1283","사천진항","2028-05-20 00:31","18","저조"
"SO_1283","사천진항","2028-05-20 06:26","11","고조"
"SO_1283","사천진항","2028-05-20 12:42","23","저조"
"SO_1283","사천진항","2028-05-19 05:53","10","고조"
"SO_1283","사천진항","2028-05-19 12:26","22","저조"
"SO_1283","사천진항","2028-05-19 18:43","11","고조"
"SO_1283","사천진항","2028-05-20 00:31","18","저조"
"SO_1283","사천진항","2028-05-20 06:26","11","고조"
"SO_1283","사천진항","2028-05-20 12:42","23","저조"
"SO_1283","사천진항","2028-05-20 19:16","8","고조"
"SO_1283","사천진항","2028-05-21 01:27","19","저조"
"SO_1283","사천진항","2028-05-21 06:53","13","고조"
"SO_1283","사천진항","2028-05-21 12:57","25","저조"
"SO_1283","사천진항","2028-05-20 00:31","18","저조"
"SO_1283","사천진항","2028-05-20 06:26","11","고조"
"SO_1283","사천진항","2028-05-20 12:42","23","저조"
"SO_1283","사천진항","2028-05-20 19:16","8","고조"
"SO_1283","사천진항","2028-05-21 01:27","19","저조"
"SO_1283","사천진항","2028-05-21 06:53","13","고조"
"SO_1283","사천진항","2028-05-21 12:57","25","저조"
"SO_1283","사천진항","2028-05-21 19:48","7","고조"
"SO_1283","사천진항","2028-05-22 02:14","21","저조"
"SO_1283","사천진항","2028-05-22 07:20","15","고조"
"SO_1283","사천진항","2028-05-21 01:27","19","저조"
"SO_1283","사천진항","2028-05-21 06:53","13","고조"
"SO_1283","사천진항","2028-05-21 12:57","25","저조"
"SO_1283","사천진항","2028-05-21 19:48","7","고조"
"SO_1283","사천진항","2028-05-22 02:14","21","저조"
"SO_1283","사천진항","2028-05-22 07:20","15","고조"
"SO_1283","사천진항","2028-05-22 13:16","28","저조"
"SO_1283","사천진항","2028-05-22 20:21","6","고조"
"SO_1283","사천진항","2028-05-23 02:59","23","저조"
"SO_1283","사천진항","2028-05-23 07:49","18","고조"
"SO_1283","사천진항","2028-05-22 02:14","21","저조"
"SO_1283","사천진항","2028-05-22 07:20","15","고조"
"SO_1283","사천진항","2028-05-22 13:16","28","저조"
"SO_1283","사천진항","2028-05-22 20:21","6","고조"
"SO_1283","사천진항","2028-05-23 02:59","23","저조"
"SO_1283","사천진항","2028-05-23 07:49","18","고조"
"SO_1283","사천진항","2028-05-23 13:42","32","저조"
"SO_1283","사천진항","2028-05-23 20:58","5","고조"
"SO_1283","사천진항","2028-05-24 03:47","25","저조"
"SO_1283","사천진항","2028-05-24 08:20","21","고조"
"SO_1283","사천진항","2028-05-23 02:59","23","저조"
"SO_1283","사천진항","2028-05-23 07:49","18","고조"
"SO_1283","사천진항","2028-05-23 13:42","32","저조"
"SO_1283","사천진항","2028-05-23 20:58","5","고조"
"SO_1283","사천진항","2028-05-24 03:47","25","저조"
"SO_1283","사천진항","2028-05-24 08:20","21","고조"
"SO_1283","사천진항","2028-05-24 14:13","36","저조"
"SO_1283","사천진항","2028-05-24 21:38","5","고조"
"SO_1283","사천진항","2028-05-25 04:40","27","저조"
"SO_1283","사천진항","2028-05-25 08:53","24","고조"
"SO_1283","사천진항","2028-05-24 03:47","25","저조"
"SO_1283","사천진항","2028-05-24 08:20","21","고조"
"SO_1283","사천진항","2028-05-24 14:13","36","저조"
"SO_1283","사천진항","2028-05-24 21:38","5","고조"
"SO_1283","사천진항","2028-05-25 04:40","27","저조"
"SO_1283","사천진항","2028-05-25 08:53","24","고조"
"SO_1283","사천진항","2028-05-25 14:48","39","저조"
"SO_1283","사천진항","2028-05-25 22:22","6","고조"
"SO_1283","사천진항","2028-05-26 05:40","29","저조"
"SO_1283","사천진항","2028-05-26 09:29","25","고조"
"SO_1283","사천진항","2028-05-25 04:40","27","저조"
"SO_1283","사천진항","2028-05-25 08:53","24","고조"
"SO_1283","사천진항","2028-05-25 14:48","39","저조"
"SO_1283","사천진항","2028-05-25 22:22","6","고조"
"SO_1283","사천진항","2028-05-26 05:40","29","저조"
"SO_1283","사천진항","2028-05-26 09:29","25","고조"
"SO_1283","사천진항","2028-05-26 15:27","41","저조"
"SO_1283","사천진항","2028-05-26 23:10","6","고조"
"SO_1283","사천진항","2028-05-27 06:38","29","저조"
"SO_1283","사천진항","2028-05-27 10:09","27","고조"
"SO_1283","사천진항","2028-05-26 05:40","29","저조"
"SO_1283","사천진항","2028-05-26 09:29","25","고조"
"SO_1283","사천진항","2028-05-26 15:27","41","저조"
"SO_1283","사천진항","2028-05-26 23:10","6","고조"
"SO_1283","사천진항","2028-05-27 06:38","29","저조"
"SO_1283","사천진항","2028-05-27 10:09","27","고조"
"SO_1283","사천진항","2028-05-27 16:11","42","저조"
"SO_1283","사천진항","2028-05-28 00:01","7","고조"
"SO_1283","사천진항","2028-05-28 07:30","29","저조"
"SO_1283","사천진항","2028-05-28 10:59","27","고조"
"SO_1283","사천진항","2028-05-27 06:38","29","저조"
"SO_1283","사천진항","2028-05-27 10:09","27","고조"
"SO_1283","사천진항","2028-05-27 16:11","42","저조"
"SO_1283","사천진항","2028-05-28 00:01","7","고조"
"SO_1283","사천진항","2028-05-28 07:30","29","저조"
"SO_1283","사천진항","2028-05-28 10:59","27","고조"
"SO_1283","사천진항","2028-05-28 17:00","41","저조"
"SO_1283","사천진항","2028-05-29 00:54","8","고조"
"SO_1283","사천진항","2028-05-29 08:22","29","저조"
"SO_1283","사천진항","2028-05-29 12:07","27","고조"
"SO_1283","사천진항","2028-05-28 00:01","7","고조"
"SO_1283","사천진항","2028-05-28 07:30","29","저조"
"SO_1283","사천진항","2028-05-28 10:59","27","고조"
"SO_1283","사천진항","2028-05-28 17:00","41","저조"
"SO_1283","사천진항","2028-05-29 00:54","8","고조"
"SO_1283","사천진항","2028-05-29 08:22","29","저조"
"SO_1283","사천진항","2028-05-29 12:07","27","고조"
"SO_1283","사천진항","2028-05-29 17:58","39","저조"
"SO_1283","사천진항","2028-05-30 01:48","9","고조"
"SO_1283","사천진항","2028-05-30 09:16","28","저조"
"SO_1283","사천진항","2028-05-29 00:54","8","고조"
"SO_1283","사천진항","2028-05-29 08:22","29","저조"
"SO_1283","사천진항","2028-05-29 12:07","27","고조"
"SO_1283","사천진항","2028-05-29 17:58","39","저조"
"SO_1283","사천진항","2028-05-30 01:48","9","고조"
"SO_1283","사천진항","2028-05-30 09:16","28","저조"
"SO_1283","사천진항","2028-05-30 13:28","25","고조"
"SO_1283","사천진항","2028-05-30 19:04","36","저조"
"SO_1283","사천진항","2028-05-31 02:44","11","고조"
"SO_1283","사천진항","2028-05-31 10:04","28","저조"
"SO_1283","사천진항","2028-05-30 01:48","9","고조"
"SO_1283","사천진항","2028-05-30 09:16","28","저조"
"SO_1283","사천진항","2028-05-30 13:28","25","고조"
"SO_1283","사천진항","2028-05-30 19:04","36","저조"
"SO_1283","사천진항","2028-05-31 02:44","11","고조"
"SO_1283","사천진항","2028-05-31 10:04","28","저조"
"SO_1283","사천진항","2028-05-31 14:54","23","고조"
"SO_1283","사천진항","2028-05-31 20:14","32","저조"
"SO_1283","사천진항","2028-06-01 03:46","13","고조"
"SO_1283","사천진항","2028-06-01 10:43","28","저조"
"SO_1283","사천진항","2028-05-31 02:44","11","고조"
"SO_1283","사천진항","2028-05-31 10:04","28","저조"
"SO_1283","사천진항","2028-05-31 14:54","23","고조"
"SO_1283","사천진항","2028-05-31 20:14","32","저조"
"SO_1283","사천진항","2028-06-01 03:46","13","고조"
"SO_1283","사천진항","2028-06-01 10:43","28","저조"
"SO_1283","사천진항","2028-06-01 16:27","19","고조"
"SO_1283","사천진항","2028-06-01 21:39","29","저조"
"SO_1283","사천진항","2028-06-02 04:50","15","고조"
"SO_1283","사천진항","2028-06-02 11:16","30","저조"
"SO_1283","사천진항","2028-06-01 03:46","13","고조"
"SO_1283","사천진항","2028-06-01 10:43","28","저조"
"SO_1283","사천진항","2028-06-01 16:27","19","고조"
"SO_1283","사천진항","2028-06-01 21:39","29","저조"
"SO_1283","사천진항","2028-06-02 04:50","15","고조"
"SO_1283","사천진항","2028-06-02 11:16","30","저조"
"SO_1283","사천진항","2028-06-02 17:40","15","고조"
"SO_1283","사천진항","2028-06-02 23:36","28","저조"
"SO_1283","사천진항","2028-06-03 05:45","18","고조"
"SO_1283","사천진항","2028-06-03 11:48","32","저조"
"SO_1283","사천진항","2028-06-02 04:50","15","고조"
"SO_1283","사천진항","2028-06-02 11:16","30","저조"
"SO_1283","사천진항","2028-06-02 17:40","15","고조"
"SO_1283","사천진항","2028-06-02 23:36","28","저조"
"SO_1283","사천진항","2028-06-03 05:45","18","고조"
"SO_1283","사천진항","2028-06-03 11:48","32","저조"
"SO_1283","사천진항","2028-06-03 18:37","12","고조"
"SO_1283","사천진항","2028-06-04 01:01","28","저조"
"SO_1283","사천진항","2028-06-04 06:30","21","고조"
"SO_1283","사천진항","2028-06-04 12:22","35","저조"
"SO_1283","사천진항","2028-06-03 05:45","18","고조"
"SO_1283","사천진항","2028-06-03 11:48","32","저조"
"SO_1283","사천진항","2028-06-03 18:37","12","고조"
"SO_1283","사천진항","2028-06-04 01:01","28","저조"
"SO_1283","사천진항","2028-06-04 06:30","21","고조"
"SO_1283","사천진항","2028-06-04 12:22","35","저조"
"SO_1283","사천진항","2028-06-04 19:28","10","고조"
"SO_1283","사천진항","2028-06-05 02:08","29","저조"
"SO_1283","사천진항","2028-06-05 07:09","24","고조"
"SO_1283","사천진항","2028-06-05 12:57","38","저조"
"SO_1283","사천진항","2028-06-04 01:01","28","저조"
"SO_1283","사천진항","2028-06-04 06:30","21","고조"
"SO_1283","사천진항","2028-06-04 12:22","35","저조"
"SO_1283","사천진항","2028-06-04 19:28","10","고조"
"SO_1283","사천진항","2028-06-05 02:08","29","저조"
"SO_1283","사천진항","2028-06-05 07:09","24","고조"
"SO_1283","사천진항","2028-06-05 12:57","38","저조"
"SO_1283","사천진항","2028-06-05 20:17","9","고조"
"SO_1283","사천진항","2028-06-06 03:13","31","저조"
"SO_1283","사천진항","2028-06-06 07:45","26","고조"
"SO_1283","사천진항","2028-06-05 02:08","29","저조"
"SO_1283","사천진항","2028-06-05 07:09","24","고조"
"SO_1283","사천진항","2028-06-05 12:57","38","저조"
"SO_1283","사천진항","2028-06-05 20:17","9","고조"
"SO_1283","사천진항","2028-06-06 03:13","31","저조"
"SO_1283","사천진항","2028-06-06 07:45","26","고조"
"SO_1283","사천진항","2028-06-06 13:34","41","저조"
"SO_1283","사천진항","2028-06-06 21:07","8","고조"
"SO_1283","사천진항","2028-06-07 04:18","32","저조"
"SO_1283","사천진항","2028-06-07 08:19","28","고조"
"SO_1283","사천진항","2028-06-06 03:13","31","저조"
"SO_1283","사천진항","2028-06-06 07:45","26","고조"
"SO_1283","사천진항","2028-06-06 13:34","41","저조"
"SO_1283","사천진항","2028-06-06 21:07","8","고조"
"SO_1283","사천진항","2028-06-07 04:18","32","저조"
"SO_1283","사천진항","2028-06-07 08:19","28","고조"
"SO_1283","사천진항","2028-06-07 14:13","44","저조"
"SO_1283","사천진항","2028-06-07 21:57","9","고조"
"SO_1283","사천진항","2028-06-08 05:09","33","저조"
"SO_1283","사천진항","2028-06-08 08:51","30","고조"
"SO_1283","사천진항","2028-06-07 04:18","32","저조"
"SO_1283","사천진항","2028-06-07 08:19","28","고조"
"SO_1283","사천진항","2028-06-07 14:13","44","저조"
"SO_1283","사천진항","2028-06-07 21:57","9","고조"
"SO_1283","사천진항","2028-06-08 05:09","33","저조"
"SO_1283","사천진항","2028-06-08 08:51","30","고조"
"SO_1283","사천진항","2028-06-08 14:53","45","저조"
"SO_1283","사천진항","2028-06-08 22:46","10","고조"
"SO_1283","사천진항","2028-06-09 05:50","33","저조"
"SO_1283","사천진항","2028-06-09 09:25","31","고조"
"SO_1283","사천진항","2028-06-08 05:09","33","저조"
"SO_1283","사천진항","2028-06-08 08:51","30","고조"
"SO_1283","사천진항","2028-06-08 14:53","45","저조"
"SO_1283","사천진항","2028-06-08 22:46","10","고조"
"SO_1283","사천진항","2028-06-09 05:50","33","저조"
"SO_1283","사천진항","2028-06-09 09:25","31","고조"
"SO_1283","사천진항","2028-06-09 15:33","45","저조"
"SO_1283","사천진항","2028-06-09 23:31","11","고조"
"SO_1283","사천진항","2028-06-10 06:28","33","저조"
"SO_1283","사천진항","2028-06-10 10:02","31","고조"
"SO_1283","사천진항","2028-06-09 05:50","33","저조"
"SO_1283","사천진항","2028-06-09 09:25","31","고조"
"SO_1283","사천진항","2028-06-09 15:33","45","저조"
"SO_1283","사천진항","2028-06-09 23:31","11","고조"
"SO_1283","사천진항","2028-06-10 06:28","33","저조"
"SO_1283","사천진항","2028-06-10 10:02","31","고조"
"SO_1283","사천진항","2028-06-10 16:15","44","저조"
"SO_1283","사천진항","2028-06-11 00:14","13","고조"
"SO_1283","사천진항","2028-06-11 07:07","33","저조"
"SO_1283","사천진항","2028-06-11 10:48","30","고조"
"SO_1283","사천진항","2028-06-10 06:28","33","저조"
"SO_1283","사천진항","2028-06-10 10:02","31","고조"
"SO_1283","사천진항","2028-06-10 16:15","44","저조"
"SO_1283","사천진항","2028-06-11 00:14","13","고조"
"SO_1283","사천진항","2028-06-11 07:07","33","저조"
"SO_1283","사천진항","2028-06-11 10:48","30","고조"
"SO_1283","사천진항","2028-06-11 16:57","42","저조"
"SO_1283","사천진항","2028-06-12 00:53","14","고조"
"SO_1283","사천진항","2028-06-12 07:48","32","저조"
"SO_1283","사천진항","2028-06-12 11:51","30","고조"
"SO_1283","사천진항","2028-06-11 00:14","13","고조"
"SO_1283","사천진항","2028-06-11 07:07","33","저조"
"SO_1283","사천진항","2028-06-11 10:48","30","고조"
"SO_1283","사천진항","2028-06-11 16:57","42","저조"
"SO_1283","사천진항","2028-06-12 00:53","14","고조"
"SO_1283","사천진항","2028-06-12 07:48","32","저조"
"SO_1283","사천진항","2028-06-12 11:51","30","고조"
"SO_1283","사천진항","2028-06-12 17:40","39","저조"
"SO_1283","사천진항","2028-06-13 01:30","16","고조"
"SO_1283","사천진항","2028-06-13 08:36","31","저조"
"SO_1283","사천진항","2028-06-12 00:53","14","고조"
"SO_1283","사천진항","2028-06-12 07:48","32","저조"
"SO_1283","사천진항","2028-06-12 11:51","30","고조"
"SO_1283","사천진항","2028-06-12 17:40","39","저조"
"SO_1283","사천진항","2028-06-13 01:30","16","고조"
"SO_1283","사천진항","2028-06-13 08:36","31","저조"
"SO_1283","사천진항","2028-06-13 13:02","28","고조"
"SO_1283","사천진항","2028-06-13 18:25","35","저조"
"SO_1283","사천진항","2028-06-14 02:05","17","고조"
"SO_1283","사천진항","2028-06-14 09:33","30","저조"
"SO_1283","사천진항","2028-06-13 01:30","16","고조"
"SO_1283","사천진항","2028-06-13 08:36","31","저조"
"SO_1283","사천진항","2028-06-13 13:02","28","고조"
"SO_1283","사천진항","2028-06-13 18:25","35","저조"
"SO_1283","사천진항","2028-06-14 02:05","17","고조"
"SO_1283","사천진항","2028-06-14 09:33","30","저조"
"SO_1283","사천진항","2028-06-14 14:24","27","고조"
"SO_1283","사천진항","2028-06-14 19:13","32","저조"
"SO_1283","사천진항","2028-06-15 02:38","19","고조"
"SO_1283","사천진항","2028-06-15 10:22","30","저조"
"SO_1283","사천진항","2028-06-14 02:05","17","고조"
"SO_1283","사천진항","2028-06-14 09:33","30","저조"
"SO_1283","사천진항","2028-06-14 14:24","27","고조"
"SO_1283","사천진항","2028-06-14 19:13","32","저조"
"SO_1283","사천진항","2028-06-15 02:38","19","고조"
"SO_1283","사천진항","2028-06-15 10:22","30","저조"
"SO_1283","사천진항","2028-06-15 16:12","25","고조"
"SO_1283","사천진항","2028-06-15 20:06","29","저조"
"SO_1283","사천진항","2028-06-16 03:10","21","고조"
"SO_1283","사천진항","2028-06-16 10:55","31","저조"
"SO_1283","사천진항","2028-06-15 02:38","19","고조"
"SO_1283","사천진항","2028-06-15 10:22","30","저조"
"SO_1283","사천진항","2028-06-15 16:12","25","고조"
"SO_1283","사천진항","2028-06-15 20:06","29","저조"
"SO_1283","사천진항","2028-06-16 03:10","21","고조"
"SO_1283","사천진항","2028-06-16 10:55","31","저조"
"SO_1283","사천진항","2028-06-16 17:21","23","고조"
"SO_1283","사천진항","2028-06-16 21:32","27","저조"
"SO_1283","사천진항","2028-06-17 03:49","23","고조"
"SO_1283","사천진항","2028-06-17 11:16","32","저조"
"SO_1283","사천진항","2028-06-16 03:10","21","고조"
"SO_1283","사천진항","2028-06-16 10:55","31","저조"
"SO_1283","사천진항","2028-06-16 17:21","23","고조"
"SO_1283","사천진항","2028-06-16 21:32","27","저조"
"SO_1283","사천진항","2028-06-17 03:49","23","고조"
"SO_1283","사천진항","2028-06-17 11:16","32","저조"
"SO_1283","사천진항","2028-06-17 18:07","21","고조"
"SO_1283","사천진항","2028-06-18 00:20","28","저조"
"SO_1283","사천진항","2028-06-18 04:53","25","고조"
"SO_1283","사천진항","2028-06-18 11:34","35","저조"
"SO_1283","사천진항","2028-06-17 03:49","23","고조"
"SO_1283","사천진항","2028-06-17 11:16","32","저조"
"SO_1283","사천진항","2028-06-17 18:07","21","고조"
"SO_1283","사천진항","2028-06-18 00:20","28","저조"
"SO_1283","사천진항","2028-06-18 04:53","25","고조"
"SO_1283","사천진항","2028-06-18 11:34","35","저조"
"SO_1283","사천진항","2028-06-18 18:45","19","고조"
"SO_1283","사천진항","2028-06-19 01:27","30","저조"
"SO_1283","사천진항","2028-06-19 05:43","28","고조"
"SO_1283","사천진항","2028-06-19 11:57","38","저조"
"SO_1283","사천진항","2028-06-18 00:20","28","저조"
"SO_1283","사천진항","2028-06-18 04:53","25","고조"
"SO_1283","사천진항","2028-06-18 11:34","35","저조"
"SO_1283","사천진항","2028-06-18 18:45","19","고조"
"SO_1283","사천진항","2028-06-19 01:27","30","저조"
"SO_1283","사천진항","2028-06-19 05:43","28","고조"
"SO_1283","사천진항","2028-06-19 11:57","38","저조"
"SO_1283","사천진항","2028-06-19 19:23","18","고조"
"SO_1283","사천진항","2028-06-20 02:28","32","저조"
"SO_1283","사천진항","2028-06-20 06:25","30","고조"
"SO_1283","사천진항","2028-06-19 01:27","30","저조"
"SO_1283","사천진항","2028-06-19 05:43","28","고조"
"SO_1283","사천진항","2028-06-19 11:57","38","저조"
"SO_1283","사천진항","2028-06-19 19:23","18","고조"
"SO_1283","사천진항","2028-06-20 02:28","32","저조"
"SO_1283","사천진항","2028-06-20 06:25","30","고조"
"SO_1283","사천진항","2028-06-20 12:30","42","저조"
"SO_1283","사천진항","2028-06-20 20:03","17","고조"
"SO_1283","사천진항","2028-06-21 03:26","34","저조"
"SO_1283","사천진항","2028-06-21 07:05","32","고조"
"SO_1283","사천진항","2028-06-20 02:28","32","저조"
"SO_1283","사천진항","2028-06-20 06:25","30","고조"
"SO_1283","사천진항","2028-06-20 12:30","42","저조"
"SO_1283","사천진항","2028-06-20 20:03","17","고조"
"SO_1283","사천진항","2028-06-21 03:26","34","저조"
"SO_1283","사천진항","2028-06-21 07:05","32","고조"
"SO_1283","사천진항","2028-06-21 13:08","45","저조"
"SO_1283","사천진항","2028-06-21 20:46","16","고조"
"SO_1283","사천진항","2028-06-22 04:13","36","저조"
"SO_1283","사천진항","2028-06-22 07:46","34","고조"
"SO_1283","사천진항","2028-06-21 03:26","34","저조"
"SO_1283","사천진항","2028-06-21 07:05","32","고조"
"SO_1283","사천진항","2028-06-21 13:08","45","저조"
"SO_1283","사천진항","2028-06-21 20:46","16","고조"
"SO_1283","사천진항","2028-06-22 04:13","36","저조"
"SO_1283","사천진항","2028-06-22 07:46","34","고조"
"SO_1283","사천진항","2028-06-22 13:50","48","저조"
"SO_1283","사천진항","2028-06-22 21:33","15","고조"
"SO_1283","사천진항","2028-06-23 04:51","37","저조"
"SO_1283","사천진항","2028-06-23 08:30","34","고조"
"SO_1283","사천진항","2028-06-22 04:13","36","저조"
"SO_1283","사천진항","2028-06-22 07:46","34","고조"
"SO_1283","사천진항","2028-06-22 13:50","48","저조"
"SO_1283","사천진항","2028-06-22 21:33","15","고조"
"SO_1283","사천진항","2028-06-23 04:51","37","저조"
"SO_1283","사천진항","2028-06-23 08:30","34","고조"
"SO_1283","사천진항","2028-06-23 14:34","51","저조"
"SO_1283","사천진항","2028-06-23 22:21","14","고조"
"SO_1283","사천진항","2028-06-24 05:26","38","저조"
"SO_1283","사천진항","2028-06-24 09:18","34","고조"
"SO_1283","사천진항","2028-06-23 04:51","37","저조"
"SO_1283","사천진항","2028-06-23 08:30","34","고조"
"SO_1283","사천진항","2028-06-23 14:34","51","저조"
"SO_1283","사천진항","2028-06-23 22:21","14","고조"
"SO_1283","사천진항","2028-06-24 05:26","38","저조"
"SO_1283","사천진항","2028-06-24 09:18","34","고조"
"SO_1283","사천진항","2028-06-24 15:22","52","저조"
"SO_1283","사천진항","2028-06-24 23:08","14","고조"
"SO_1283","사천진항","2028-06-25 05:59","38","저조"
"SO_1283","사천진항","2028-06-25 10:14","34","고조"
"SO_1283","사천진항","2028-06-24 05:26","38","저조"
"SO_1283","사천진항","2028-06-24 09:18","34","고조"
"SO_1283","사천진항","2028-06-24 15:22","52","저조"
"SO_1283","사천진항","2028-06-24 23:08","14","고조"
"SO_1283","사천진항","2028-06-25 05:59","38","저조"
"SO_1283","사천진항","2028-06-25 10:14","34","고조"
"SO_1283","사천진항","2028-06-25 16:12","51","저조"
"SO_1283","사천진항","2028-06-25 23:54","14","고조"
"SO_1283","사천진항","2028-06-26 06:34","37","저조"
"SO_1283","사천진항","2028-06-26 11:15","32","고조"
"SO_1283","사천진항","2028-06-25 05:59","38","저조"
"SO_1283","사천진항","2028-06-25 10:14","34","고조"
"SO_1283","사천진항","2028-06-25 16:12","51","저조"
"SO_1283","사천진항","2028-06-25 23:54","14","고조"
"SO_1283","사천진항","2028-06-26 06:34","37","저조"
"SO_1283","사천진항","2028-06-26 11:15","32","고조"
"SO_1283","사천진항","2028-06-26 17:05","49","저조"
"SO_1283","사천진항","2028-06-27 00:37","15","고조"
"SO_1283","사천진항","2028-06-27 07:10","37","저조"
"SO_1283","사천진항","2028-06-27 12:17","31","고조"
"SO_1283","사천진항","2028-06-26 06:34","37","저조"
"SO_1283","사천진항","2028-06-26 11:15","32","고조"
"SO_1283","사천진항","2028-06-26 17:05","49","저조"
"SO_1283","사천진항","2028-06-27 00:37","15","고조"
"SO_1283","사천진항","2028-06-27 07:10","37","저조"
"SO_1283","사천진항","2028-06-27 12:17","31","고조"
"SO_1283","사천진항","2028-06-27 18:00","46","저조"
"SO_1283","사천진항","2028-06-28 01:21","18","고조"
"SO_1283","사천진항","2028-06-28 07:49","37","저조"
"SO_1283","사천진항","2028-06-28 13:22","29","고조"
"SO_1283","사천진항","2028-06-27 00:37","15","고조"
"SO_1283","사천진항","2028-06-27 07:10","37","저조"
"SO_1283","사천진항","2028-06-27 12:17","31","고조"
"SO_1283","사천진항","2028-06-27 18:00","46","저조"
"SO_1283","사천진항","2028-06-28 01:21","18","고조"
"SO_1283","사천진항","2028-06-28 07:49","37","저조"
"SO_1283","사천진항","2028-06-28 13:22","29","고조"
"SO_1283","사천진항","2028-06-28 18:58","43","저조"
"SO_1283","사천진항","2028-06-29 02:06","21","고조"
"SO_1283","사천진항","2028-06-29 08:32","37","저조"
"SO_1283","사천진항","2028-06-28 01:21","18","고조"
"SO_1283","사천진항","2028-06-28 07:49","37","저조"
"SO_1283","사천진항","2028-06-28 13:22","29","고조"
"SO_1283","사천진항","2028-06-28 18:58","43","저조"
"SO_1283","사천진항","2028-06-29 02:06","21","고조"
"SO_1283","사천진항","2028-06-29 08:32","37","저조"
"SO_1283","사천진항","2028-06-29 14:39","27","고조"
"SO_1283","사천진항","2028-06-29 20:05","39","저조"
"SO_1283","사천진항","2028-06-30 02:55","25","고조"
"SO_1283","사천진항","2028-06-30 09:21","39","저조"
"SO_1283","사천진항","2028-06-29 02:06","21","고조"
"SO_1283","사천진항","2028-06-29 08:32","37","저조"
"SO_1283","사천진항","2028-06-29 14:39","27","고조"
"SO_1283","사천진항","2028-06-29 20:05","39","저조"
"SO_1283","사천진항","2028-06-30 02:55","25","고조"
"SO_1283","사천진항","2028-06-30 09:21","39","저조"
"SO_1283","사천진항","2028-06-30 16:12","25","고조"
"SO_1283","사천진항","2028-06-30 22:00","36","저조"
"SO_1283","사천진항","2028-07-01 03:57","29","고조"
"SO_1283","사천진항","2028-07-01 10:15","41","저조"
"SO_1283","사천진항","2028-06-30 02:55","25","고조"
"SO_1283","사천진항","2028-06-30 09:21","39","저조"
"SO_1283","사천진항","2028-06-30 16:12","25","고조"
"SO_1283","사천진항","2028-06-30 22:00","36","저조"
"SO_1283","사천진항","2028-07-01 03:57","29","고조"
"SO_1283","사천진항","2028-07-01 10:15","41","저조"
"SO_1283","사천진항","2028-07-01 17:28","23","고조"
"SO_1283","사천진항","2028-07-02 00:08","36","저조"
"SO_1283","사천진항","2028-07-02 05:03","33","고조"
"SO_1283","사천진항","2028-07-02 11:05","43","저조"
"SO_1283","사천진항","2028-07-01 03:57","29","고조"
"SO_1283","사천진항","2028-07-01 10:15","41","저조"
"SO_1283","사천진항","2028-07-01 17:28","23","고조"
"SO_1283","사천진항","2028-07-02 00:08","36","저조"
"SO_1283","사천진항","2028-07-02 05:03","33","고조"
"SO_1283","사천진항","2028-07-02 11:05","43","저조"
"SO_1283","사천진항","2028-07-02 18:28","21","고조"
"SO_1283","사천진항","2028-07-03 01:43","37","저조"
"SO_1283","사천진항","2028-07-03 05:56","35","고조"
"SO_1283","사천진항","2028-07-03 11:51","46","저조"
"SO_1283","사천진항","2028-07-02 00:08","36","저조"
"SO_1283","사천진항","2028-07-02 05:03","33","고조"
"SO_1283","사천진항","2028-07-02 11:05","43","저조"
"SO_1283","사천진항","2028-07-02 18:28","21","고조"
"SO_1283","사천진항","2028-07-03 01:43","37","저조"
"SO_1283","사천진항","2028-07-03 05:56","35","고조"
"SO_1283","사천진항","2028-07-03 11:51","46","저조"
"SO_1283","사천진항","2028-07-03 19:24","20","고조"
"SO_1283","사천진항","2028-07-04 03:25","39","저조"
"SO_1283","사천진항","2028-07-04 06:40","37","고조"
"SO_1283","사천진항","2028-07-03 01:43","37","저조"
"SO_1283","사천진항","2028-07-03 05:56","35","고조"
"SO_1283","사천진항","2028-07-03 11:51","46","저조"
"SO_1283","사천진항","2028-07-03 19:24","20","고조"
"SO_1283","사천진항","2028-07-04 03:25","39","저조"
"SO_1283","사천진항","2028-07-04 06:40","37","고조"
"SO_1283","사천진항","2028-07-04 12:36","49","저조"
"SO_1283","사천진항","2028-07-04 20:18","20","고조"
"SO_1283","사천진항","2028-07-05 04:07","40","저조"
"SO_1283","사천진항","2028-07-05 07:19","38","고조"
"SO_1283","사천진항","2028-07-04 03:25","39","저조"
"SO_1283","사천진항","2028-07-04 06:40","37","고조"
"SO_1283","사천진항","2028-07-04 12:36","49","저조"
"SO_1283","사천진항","2028-07-04 20:18","20","고조"
"SO_1283","사천진항","2028-07-05 04:07","40","저조"
"SO_1283","사천진항","2028-07-05 07:19","38","고조"
"SO_1283","사천진항","2028-07-05 13:19","51","저조"
"SO_1283","사천진항","2028-07-05 21:09","19","고조"
"SO_1283","사천진항","2028-07-06 04:29","40","저조"
"SO_1283","사천진항","2028-07-06 07:57","38","고조"
"SO_1283","사천진항","2028-07-05 04:07","40","저조"
"SO_1283","사천진항","2028-07-05 07:19","38","고조"
"SO_1283","사천진항","2028-07-05 13:19","51","저조"
"SO_1283","사천진항","2028-07-05 21:09","19","고조"
"SO_1283","사천진항","2028-07-06 04:29","40","저조"
"SO_1283","사천진항","2028-07-06 07:57","38","고조"
"SO_1283","사천진항","2028-07-06 14:03","52","저조"
"SO_1283","사천진항","2028-07-06 21:55","19","고조"
"SO_1283","사천진항","2028-07-07 04:48","40","저조"
"SO_1283","사천진항","2028-07-07 08:36","37","고조"
"SO_1283","사천진항","2028-07-06 04:29","40","저조"
"SO_1283","사천진항","2028-07-06 07:57","38","고조"
"SO_1283","사천진항","2028-07-06 14:03","52","저조"
"SO_1283","사천진항","2028-07-06 21:55","19","고조"
"SO_1283","사천진항","2028-07-07 04:48","40","저조"
"SO_1283","사천진항","2028-07-07 08:36","37","고조"
"SO_1283","사천진항","2028-07-07 14:46","52","저조"
"SO_1283","사천진항","2028-07-07 22:36","19","고조"
"SO_1283","사천진항","2028-07-08 05:09","40","저조"
"SO_1283","사천진항","2028-07-08 09:20","36","고조"
"SO_1283","사천진항","2028-07-07 04:48","40","저조"
"SO_1283","사천진항","2028-07-07 08:36","37","고조"
"SO_1283","사천진항","2028-07-07 14:46","52","저조"
"SO_1283","사천진항","2028-07-07 22:36","19","고조"
"SO_1283","사천진항","2028-07-08 05:09","40","저조"
"SO_1283","사천진항","2028-07-08 09:20","36","고조"
"SO_1283","사천진항","2028-07-08 15:28","51","저조"
"SO_1283","사천진항","2028-07-08 23:12","19","고조"
"SO_1283","사천진항","2028-07-09 05:34","39","저조"
"SO_1283","사천진항","2028-07-09 10:08","34","고조"
"SO_1283","사천진항","2028-07-08 05:09","40","저조"
"SO_1283","사천진항","2028-07-08 09:20","36","고조"
"SO_1283","사천진항","2028-07-08 15:28","51","저조"
"SO_1283","사천진항","2028-07-08 23:12","19","고조"
"SO_1283","사천진항","2028-07-09 05:34","39","저조"
"SO_1283","사천진항","2028-07-09 10:08","34","고조"
"SO_1283","사천진항","2028-07-09 16:08","49","저조"
"SO_1283","사천진항","2028-07-09 23:45","19","고조"
"SO_1283","사천진항","2028-07-10 06:01","38","저조"
"SO_1283","사천진항","2028-07-10 10:55","33","고조"
"SO_1283","사천진항","2028-07-09 05:34","39","저조"
"SO_1283","사천진항","2028-07-09 10:08","34","고조"
"SO_1283","사천진항","2028-07-09 16:08","49","저조"
"SO_1283","사천진항","2028-07-09 23:45","19","고조"
"SO_1283","사천진항","2028-07-10 06:01","38","저조"
"SO_1283","사천진항","2028-07-10 10:55","33","고조"
"SO_1283","사천진항","2028-07-10 16:47","47","저조"
"SO_1283","사천진항","2028-07-11 00:13","20","고조"
"SO_1283","사천진항","2028-07-11 06:28","37","저조"
"SO_1283","사천진항","2028-07-11 11:41","32","고조"
"SO_1283","사천진항","2028-07-10 06:01","38","저조"
"SO_1283","사천진항","2028-07-10 10:55","33","고조"
"SO_1283","사천진항","2028-07-10 16:47","47","저조"
"SO_1283","사천진항","2028-07-11 00:13","20","고조"
"SO_1283","사천진항","2028-07-11 06:28","37","저조"
"SO_1283","사천진항","2028-07-11 11:41","32","고조"
"SO_1283","사천진항","2028-07-11 17:25","44","저조"
"SO_1283","사천진항","2028-07-12 00:37","22","고조"
"SO_1283","사천진항","2028-07-12 06:54","37","저조"
"SO_1283","사천진항","2028-07-12 12:26","31","고조"
"SO_1283","사천진항","2028-07-11 00:13","20","고조"
"SO_1283","사천진항","2028-07-11 06:28","37","저조"
"SO_1283","사천진항","2028-07-11 11:41","32","고조"
"SO_1283","사천진항","2028-07-11 17:25","44","저조"
"SO_1283","사천진항","2028-07-12 00:37","22","고조"
"SO_1283","사천진항","2028-07-12 06:54","37","저조"
"SO_1283","사천진항","2028-07-12 12:26","31","고조"
"SO_1283","사천진항","2028-07-12 18:02","41","저조"
"SO_1283","사천진항","2028-07-13 00:57","24","고조"
"SO_1283","사천진항","2028-07-13 07:20","37","저조"
"SO_1283","사천진항","2028-07-12 00:37","22","고조"
"SO_1283","사천진항","2028-07-12 06:54","37","저조"
"SO_1283","사천진항","2028-07-12 12:26","31","고조"
"SO_1283","사천진항","2028-07-12 18:02","41","저조"
"SO_1283","사천진항","2028-07-13 00:57","24","고조"
"SO_1283","사천진항","2028-07-13 07:20","37","저조"
"SO_1283","사천진항","2028-07-13 13:16","31","고조"
"SO_1283","사천진항","2028-07-13 18:42","38","저조"
"SO_1283","사천진항","2028-07-14 01:14","27","고조"
"SO_1283","사천진항","2028-07-14 07:45","38","저조"
"SO_1283","사천진항","2028-07-13 00:57","24","고조"
"SO_1283","사천진항","2028-07-13 07:20","37","저조"
"SO_1283","사천진항","2028-07-13 13:16","31","고조"
"SO_1283","사천진항","2028-07-13 18:42","38","저조"
"SO_1283","사천진항","2028-07-14 01:14","27","고조"
"SO_1283","사천진항","2028-07-14 07:45","38","저조"
"SO_1283","사천진항","2028-07-14 14:25","31","고조"
"SO_1283","사천진항","2028-07-14 19:27","36","저조"
"SO_1283","사천진항","2028-07-15 01:33","29","고조"
"SO_1283","사천진항","2028-07-15 08:15","40","저조"
"SO_1283","사천진항","2028-07-14 01:14","27","고조"
"SO_1283","사천진항","2028-07-14 07:45","38","저조"
"SO_1283","사천진항","2028-07-14 14:25","31","고조"
"SO_1283","사천진항","2028-07-14 19:27","36","저조"
"SO_1283","사천진항","2028-07-15 01:33","29","고조"
"SO_1283","사천진항","2028-07-15 08:15","40","저조"
"SO_1283","사천진항","2028-07-15 16:21","30","고조"
"SO_1283","사천진항","2028-07-15 20:34","35","저조"
"SO_1283","사천진항","2028-07-16 01:52","33","고조"
"SO_1283","사천진항","2028-07-16 08:55","42","저조"
"SO_1283","사천진항","2028-07-15 01:33","29","고조"
"SO_1283","사천진항","2028-07-15 08:15","40","저조"
"SO_1283","사천진항","2028-07-15 16:21","30","고조"
"SO_1283","사천진항","2028-07-15 20:34","35","저조"
"SO_1283","사천진항","2028-07-16 01:52","33","고조"
"SO_1283","사천진항","2028-07-16 08:55","42","저조"
"SO_1283","사천진항","2028-07-16 17:25","29","고조"
"SO_1283","사천진항","2028-07-17 09:51","44","저조"
"SO_1283","사천진항","2028-07-17 18:15","28","고조"
"SO_1283","사천진항","2028-07-18 10:57","47","저조"
"SO_1283","사천진항","2028-07-16 01:52","33","고조"
"SO_1283","사천진항","2028-07-16 08:55","42","저조"
"SO_1283","사천진항","2028-07-16 17:25","29","고조"
"SO_1283","사천진항","2028-07-17 09:51","44","저조"
"SO_1283","사천진항","2028-07-17 18:15","28","고조"
"SO_1283","사천진항","2028-07-18 10:57","47","저조"
"SO_1283","사천진항","2028-07-18 19:02","26","고조"
"SO_1283","사천진항","2028-07-19 11:54","50","저조"
"SO_1283","사천진항","2028-07-19 19:50","24","고조"
"SO_1283","사천진항","2028-07-20 03:29","41","저조"
"SO_1283","사천진항","2028-07-17 09:51","44","저조"
"SO_1283","사천진항","2028-07-17 18:15","28","고조"
"SO_1283","사천진항","2028-07-18 10:57","47","저조"
"SO_1283","사천진항","2028-07-18 19:02","26","고조"
"SO_1283","사천진항","2028-07-19 11:54","50","저조"
"SO_1283","사천진항","2028-07-19 19:50","24","고조"
"SO_1283","사천진항","2028-07-20 03:29","41","저조"
"SO_1283","사천진항","2028-07-20 06:36","40","고조"
"SO_1283","사천진항","2028-07-20 12:46","53","저조"
"SO_1283","사천진항","2028-07-20 20:38","21","고조"
"SO_1283","사천진항","2028-07-18 10:57","47","저조"
"SO_1283","사천진항","2028-07-18 19:02","26","고조"
"SO_1283","사천진항","2028-07-19 11:54","50","저조"
"SO_1283","사천진항","2028-07-19 19:50","24","고조"
"SO_1283","사천진항","2028-07-20 03:29","41","저조"
"SO_1283","사천진항","2028-07-20 06:36","40","고조"
"SO_1283","사천진항","2028-07-20 12:46","53","저조"
"SO_1283","사천진항","2028-07-20 20:38","21","고조"
"SO_1283","사천진항","2028-07-21 03:51","42","저조"
"SO_1283","사천진항","2028-07-21 07:29","39","고조"
"SO_1283","사천진항","2028-07-19 11:54","50","저조"
"SO_1283","사천진항","2028-07-19 19:50","24","고조"
"SO_1283","사천진항","2028-07-20 03:29","41","저조"
"SO_1283","사천진항","2028-07-20 06:36","40","고조"
"SO_1283","사천진항","2028-07-20 12:46","53","저조"
"SO_1283","사천진항","2028-07-20 20:38","21","고조"
"SO_1283","사천진항","2028-07-21 03:51","42","저조"
"SO_1283","사천진항","2028-07-21 07:29","39","고조"
"SO_1283","사천진항","2028-07-21 13:37","55","저조"
"SO_1283","사천진항","2028-07-21 21:25","19","고조"
"SO_1283","사천진항","2028-07-20 03:29","41","저조"
"SO_1283","사천진항","2028-07-20 06:36","40","고조"
"SO_1283","사천진항","2028-07-20 12:46","53","저조"
"SO_1283","사천진항","2028-07-20 20:38","21","고조"
"SO_1283","사천진항","2028-07-21 03:51","42","저조"
"SO_1283","사천진항","2028-07-21 07:29","39","고조"
"SO_1283","사천진항","2028-07-21 13:37","55","저조"
"SO_1283","사천진항","2028-07-21 21:25","19","고조"
"SO_1283","사천진항","2028-07-22 04:14","42","저조"
"SO_1283","사천진항","2028-07-22 08:23","37","고조"
"SO_1283","사천진항","2028-07-21 03:51","42","저조"
"SO_1283","사천진항","2028-07-21 07:29","39","고조"
"SO_1283","사천진항","2028-07-21 13:37","55","저조"
"SO_1283","사천진항","2028-07-21 21:25","19","고조"
"SO_1283","사천진항","2028-07-22 04:14","42","저조"
"SO_1283","사천진항","2028-07-22 08:23","37","고조"
"SO_1283","사천진항","2028-07-22 14:28","56","저조"
"SO_1283","사천진항","2028-07-22 22:10","17","고조"
"SO_1283","사천진항","2028-07-23 04:39","42","저조"
"SO_1283","사천진항","2028-07-23 09:21","35","고조"
"SO_1283","사천진항","2028-07-22 04:14","42","저조"
"SO_1283","사천진항","2028-07-22 08:23","37","고조"
"SO_1283","사천진항","2028-07-22 14:28","56","저조"
"SO_1283","사천진항","2028-07-22 22:10","17","고조"
"SO_1283","사천진항","2028-07-23 04:39","42","저조"
"SO_1283","사천진항","2028-07-23 09:21","35","고조"
"SO_1283","사천진항","2028-07-23 15:20","55","저조"
"SO_1283","사천진항","2028-07-23 22:52","16","고조"
"SO_1283","사천진항","2028-07-24 05:08","42","저조"
"SO_1283","사천진항","2028-07-24 10:18","33","고조"
"SO_1283","사천진항","2028-07-23 04:39","42","저조"
"SO_1283","사천진항","2028-07-23 09:21","35","고조"
"SO_1283","사천진항","2028-07-23 15:20","55","저조"
"SO_1283","사천진항","2028-07-23 22:52","16","고조"
"SO_1283","사천진항","2028-07-24 05:08","42","저조"
"SO_1283","사천진항","2028-07-24 10:18","33","고조"
"SO_1283","사천진항","2028-07-24 16:11","54","저조"
"SO_1283","사천진항","2028-07-24 23:31","17","고조"
"SO_1283","사천진항","2028-07-25 05:37","42","저조"
"SO_1283","사천진항","2028-07-25 11:13","30","고조"
"SO_1283","사천진항","2028-07-24 05:08","42","저조"
"SO_1283","사천진항","2028-07-24 10:18","33","고조"
"SO_1283","사천진항","2028-07-24 16:11","54","저조"
"SO_1283","사천진항","2028-07-24 23:31","17","고조"
"SO_1283","사천진항","2028-07-25 05:37","42","저조"
"SO_1283","사천진항","2028-07-25 11:13","30","고조"
"SO_1283","사천진항","2028-07-25 17:02","51","저조"
"SO_1283","사천진항","2028-07-26 00:09","20","고조"
"SO_1283","사천진항","2028-07-26 06:09","42","저조"
"SO_1283","사천진항","2028-07-26 12:08","29","고조"
"SO_1283","사천진항","2028-07-25 05:37","42","저조"
"SO_1283","사천진항","2028-07-25 11:13","30","고조"
"SO_1283","사천진항","2028-07-25 17:02","51","저조"
"SO_1283","사천진항","2028-07-26 00:09","20","고조"
"SO_1283","사천진항","2028-07-26 06:09","42","저조"
"SO_1283","사천진항","2028-07-26 12:08","29","고조"
"SO_1283","사천진항","2028-07-26 17:55","48","저조"
"SO_1283","사천진항","2028-07-27 00:46","24","고조"
"SO_1283","사천진항","2028-07-27 06:43","43","저조"
"SO_1283","사천진항","2028-07-27 13:08","28","고조"
"SO_1283","사천진항","2028-07-26 00:09","20","고조"
"SO_1283","사천진항","2028-07-26 06:09","42","저조"
"SO_1283","사천진항","2028-07-26 12:08","29","고조"
"SO_1283","사천진항","2028-07-26 17:55","48","저조"
"SO_1283","사천진항","2028-07-27 00:46","24","고조"
"SO_1283","사천진항","2028-07-27 06:43","43","저조"
"SO_1283","사천진항","2028-07-27 13:08","28","고조"
"SO_1283","사천진항","2028-07-27 18:51","44","저조"
"SO_1283","사천진항","2028-07-28 01:22","29","고조"
"SO_1283","사천진항","2028-07-28 07:21","44","저조"
"SO_1283","사천진항","2028-07-27 00:46","24","고조"
"SO_1283","사천진항","2028-07-27 06:43","43","저조"
"SO_1283","사천진항","2028-07-27 13:08","28","고조"
"SO_1283","사천진항","2028-07-27 18:51","44","저조"
"SO_1283","사천진항","2028-07-28 01:22","29","고조"
"SO_1283","사천진항","2028-07-28 07:21","44","저조"
"SO_1283","사천진항","2028-07-28 14:23","28","고조"
"SO_1283","사천진항","2028-07-28 20:12","41","저조"
"SO_1283","사천진항","2028-07-29 01:59","34","고조"
"SO_1283","사천진항","2028-07-29 08:06","45","저조"
"SO_1283","사천진항","2028-07-28 01:22","29","고조"
"SO_1283","사천진항","2028-07-28 07:21","44","저조"
"SO_1283","사천진항","2028-07-28 14:23","28","고조"
"SO_1283","사천진항","2028-07-28 20:12","41","저조"
"SO_1283","사천진항","2028-07-29 01:59","34","고조"
"SO_1283","사천진항","2028-07-29 08:06","45","저조"
"SO_1283","사천진항","2028-07-29 15:56","28","고조"
"SO_1283","사천진항","2028-07-29 22:57","40","저조"
"SO_1283","사천진항","2028-07-30 02:42","38","고조"
"SO_1283","사천진항","2028-07-30 09:12","47","저조"
"SO_1283","사천진항","2028-07-29 01:59","34","고조"
"SO_1283","사천진항","2028-07-29 08:06","45","저조"
"SO_1283","사천진항","2028-07-29 15:56","28","고조"
"SO_1283","사천진항","2028-07-29 22:57","40","저조"
"SO_1283","사천진항","2028-07-30 02:42","38","고조"
"SO_1283","사천진항","2028-07-30 09:12","47","저조"
"SO_1283","사천진항","2028-07-30 17:15","27","고조"
"SO_1283","사천진항","2028-07-31 10:31","49","저조"
"SO_1283","사천진항","2028-07-31 18:22","26","고조"
"SO_1283","사천진항","2028-08-01 03:15","43","저조"
"SO_1283","사천진항","2028-07-30 02:42","38","고조"
"SO_1283","사천진항","2028-07-30 09:12","47","저조"
"SO_1283","사천진항","2028-07-30 17:15","27","고조"
"SO_1283","사천진항","2028-07-31 10:31","49","저조"
"SO_1283","사천진항","2028-07-31 18:22","26","고조"
"SO_1283","사천진항","2028-08-01 03:15","43","저조"
"SO_1283","사천진항","2028-08-01 05:37","42","고조"
"SO_1283","사천진항","2028-08-01 11:32","51","저조"
"SO_1283","사천진항","2028-08-01 19:24","25","고조"
"SO_1283","사천진항","2028-08-02 03:37","43","저조"
"SO_1283","사천진항","2028-07-31 10:31","49","저조"
"SO_1283","사천진항","2028-07-31 18:22","26","고조"
"SO_1283","사천진항","2028-08-01 03:15","43","저조"
"SO_1283","사천진항","2028-08-01 05:37","42","고조"
"SO_1283","사천진항","2028-08-01 11:32","51","저조"
"SO_1283","사천진항","2028-08-01 19:24","25","고조"
"SO_1283","사천진항","2028-08-02 03:37","43","저조"
"SO_1283","사천진항","2028-08-02 06:28","42","고조"
"SO_1283","사천진항","2028-08-02 12:25","52","저조"
"SO_1283","사천진항","2028-08-02 20:19","24","고조"
"SO_1283","사천진항","2028-08-01 03:15","43","저조"
"SO_1283","사천진항","2028-08-01 05:37","42","고조"
"SO_1283","사천진항","2028-08-01 11:32","51","저조"
"SO_1283","사천진항","2028-08-01 19:24","25","고조"
"SO_1283","사천진항","2028-08-02 03:37","43","저조"
"SO_1283","사천진항","2028-08-02 06:28","42","고조"
"SO_1283","사천진항","2028-08-02 12:25","52","저조"
"SO_1283","사천진항","2028-08-02 20:19","24","고조"
"SO_1283","사천진항","2028-08-03 03:45","43","저조"
"SO_1283","사천진항","2028-08-03 07:13","40","고조"
"SO_1283","사천진항","2028-08-02 03:37","43","저조"
"SO_1283","사천진항","2028-08-02 06:28","42","고조"
"SO_1283","사천진항","2028-08-02 12:25","52","저조"
"SO_1283","사천진항","2028-08-02 20:19","24","고조"
"SO_1283","사천진항","2028-08-03 03:45","43","저조"
"SO_1283","사천진항","2028-08-03 07:13","40","고조"
"SO_1283","사천진항","2028-08-03 13:14","52","저조"
"SO_1283","사천진항","2028-08-03 21:03","22","고조"
"SO_1283","사천진항","2028-08-04 03:49","41","저조"
"SO_1283","사천진항","2028-08-04 07:56","38","고조"
"SO_1283","사천진항","2028-08-03 03:45","43","저조"
"SO_1283","사천진항","2028-08-03 07:13","40","고조"
"SO_1283","사천진항","2028-08-03 13:14","52","저조"
"SO_1283","사천진항","2028-08-03 21:03","22","고조"
"SO_1283","사천진항","2028-08-04 03:49","41","저조"
"SO_1283","사천진항","2028-08-04 07:56","38","고조"
"SO_1283","사천진항","2028-08-04 13:59","52","저조"
"SO_1283","사천진항","2028-08-04 21:41","21","고조"
"SO_1283","사천진항","2028-08-05 04:01","40","저조"
"SO_1283","사천진항","2028-08-05 08:40","35","고조"
"SO_1283","사천진항","2028-08-04 03:49","41","저조"
"SO_1283","사천진항","2028-08-04 07:56","38","고조"
"SO_1283","사천진항","2028-08-04 13:59","52","저조"
"SO_1283","사천진항","2028-08-04 21:41","21","고조"
"SO_1283","사천진항","2028-08-05 04:01","40","저조"
"SO_1283","사천진항","2028-08-05 08:40","35","고조"
"SO_1283","사천진항","2028-08-05 14:42","51","저조"
"SO_1283","사천진항","2028-08-05 22:13","20","고조"
"SO_1283","사천진항","2028-08-06 04:18","39","저조"
"SO_1283","사천진항","2028-08-06 09:22","32","고조"
"SO_1283","사천진항","2028-08-05 04:01","40","저조"
"SO_1283","사천진항","2028-08-05 08:40","35","고조"
"SO_1283","사천진항","2028-08-05 14:42","51","저조"
"SO_1283","사천진항","2028-08-05 22:13","20","고조"
"SO_1283","사천진항","2028-08-06 04:18","39","저조"
"SO_1283","사천진항","2028-08-06 09:22","32","고조"
"SO_1283","사천진항","2028-08-06 15:21","49","저조"
"SO_1283","사천진항","2028-08-06 22:41","20","고조"
"SO_1283","사천진항","2028-08-07 04:38","38","저조"
"SO_1283","사천진항","2028-08-07 10:03","30","고조"
"SO_1283","사천진항","2028-08-06 04:18","39","저조"
"SO_1283","사천진항","2028-08-06 09:22","32","고조"
"SO_1283","사천진항","2028-08-06 15:21","49","저조"
"SO_1283","사천진항","2028-08-06 22:41","20","고조"
"SO_1283","사천진항","2028-08-07 04:38","38","저조"
"SO_1283","사천진항","2028-08-07 10:03","30","고조"
"SO_1283","사천진항","2028-08-07 15:57","47","저조"
"SO_1283","사천진항","2028-08-07 23:06","20","고조"
"SO_1283","사천진항","2028-08-08 05:00","38","저조"
"SO_1283","사천진항","2028-08-08 10:41","28","고조"
"SO_1283","사천진항","2028-08-07 04:38","38","저조"
"SO_1283","사천진항","2028-08-07 10:03","30","고조"
"SO_1283","사천진항","2028-08-07 15:57","47","저조"
"SO_1283","사천진항","2028-08-07 23:06","20","고조"
"SO_1283","사천진항","2028-08-08 05:00","38","저조"
"SO_1283","사천진항","2028-08-08 10:41","28","고조"
"SO_1283","사천진항","2028-08-08 16:32","44","저조"
"SO_1283","사천진항","2028-08-08 23:28","21","고조"
"SO_1283","사천진항","2028-08-09 05:20","38","저조"
"SO_1283","사천진항","2028-08-09 11:18","27","고조"
"SO_1283","사천진항","2028-08-08 05:00","38","저조"
"SO_1283","사천진항","2028-08-08 10:41","28","고조"
"SO_1283","사천진항","2028-08-08 16:32","44","저조"
"SO_1283","사천진항","2028-08-08 23:28","21","고조"
"SO_1283","사천진항","2028-08-09 05:20","38","저조"
"SO_1283","사천진항","2028-08-09 11:18","27","고조"
"SO_1283","사천진항","2028-08-09 17:07","42","저조"
"SO_1283","사천진항","2028-08-09 23:46","23","고조"
"SO_1283","사천진항","2028-08-10 05:42","39","저조"
"SO_1283","사천진항","2028-08-10 11:55","27","고조"
"SO_1283","사천진항","2028-08-09 05:20","38","저조"
"SO_1283","사천진항","2028-08-09 11:18","27","고조"
"SO_1283","사천진항","2028-08-09 17:07","42","저조"
"SO_1283","사천진항","2028-08-09 23:46","23","고조"
"SO_1283","사천진항","2028-08-10 05:42","39","저조"
"SO_1283","사천진항","2028-08-10 11:55","27","고조"
"SO_1283","사천진항","2028-08-10 17:42","40","저조"
"SO_1283","사천진항","2028-08-11 00:04","26","고조"
"SO_1283","사천진항","2028-08-11 06:04","40","저조"
"SO_1283","사천진항","2028-08-11 12:34","28","고조"
"SO_1283","사천진항","2028-08-10 05:42","39","저조"
"SO_1283","사천진항","2028-08-10 11:55","27","고조"
"SO_1283","사천진항","2028-08-10 17:42","40","저조"
"SO_1283","사천진항","2028-08-11 00:04","26","고조"
"SO_1283","사천진항","2028-08-11 06:04","40","저조"
"SO_1283","사천진항","2028-08-11 12:34","28","고조"
"SO_1283","사천진항","2028-08-11 18:19","39","저조"
"SO_1283","사천진항","2028-08-12 00:21","29","고조"
"SO_1283","사천진항","2028-08-12 06:30","42","저조"
"SO_1283","사천진항","2028-08-12 13:23","29","고조"
"SO_1283","사천진항","2028-08-11 00:04","26","고조"
"SO_1283","사천진항","2028-08-11 06:04","40","저조"
"SO_1283","사천진항","2028-08-11 12:34","28","고조"
"SO_1283","사천진항","2028-08-11 18:19","39","저조"
"SO_1283","사천진항","2028-08-12 00:21","29","고조"
"SO_1283","사천진항","2028-08-12 06:30","42","저조"
"SO_1283","사천진항","2028-08-12 13:23","29","고조"
"SO_1283","사천진항","2028-08-12 19:05","37","저조"
"SO_1283","사천진항","2028-08-13 00:40","33","고조"
"SO_1283","사천진항","2028-08-13 07:03","43","저조"
"SO_1283","사천진항","2028-08-12 00:21","29","고조"
"SO_1283","사천진항","2028-08-12 06:30","42","저조"
"SO_1283","사천진항","2028-08-12 13:23","29","고조"
"SO_1283","사천진항","2028-08-12 19:05","37","저조"
"SO_1283","사천진항","2028-08-13 00:40","33","고조"
"SO_1283","사천진항","2028-08-13 07:03","43","저조"
"SO_1283","사천진항","2028-08-13 14:48","30","고조"
"SO_1283","사천진항","2028-08-13 22:39","37","저조"
"SO_1283","사천진항","2028-08-14 00:56","36","고조"
"SO_1283","사천진항","2028-08-14 07:45","45","저조"
"SO_1283","사천진항","2028-08-13 00:40","33","고조"
"SO_1283","사천진항","2028-08-13 07:03","43","저조"
"SO_1283","사천진항","2028-08-13 14:48","30","고조"
"SO_1283","사천진항","2028-08-13 22:39","37","저조"
"SO_1283","사천진항","2028-08-14 00:56","36","고조"
"SO_1283","사천진항","2028-08-14 07:45","45","저조"
"SO_1283","사천진항","2028-08-14 16:39","30","고조"
"SO_1283","사천진항","2028-08-15 08:47","46","저조"
"SO_1283","사천진항","2028-08-15 17:45","28","고조"
"SO_1283","사천진항","2028-08-16 10:15","48","저조"
"SO_1283","사천진항","2028-08-14 00:56","36","고조"
"SO_1283","사천진항","2028-08-14 07:45","45","저조"
"SO_1283","사천진항","2028-08-14 16:39","30","고조"
"SO_1283","사천진항","2028-08-15 08:47","46","저조"
"SO_1283","사천진항","2028-08-15 17:45","28","고조"
"SO_1283","사천진항","2028-08-16 10:15","48","저조"
"SO_1283","사천진항","2028-08-16 18:42","25","고조"
"SO_1283","사천진항","2028-08-17 02:33","40","저조"
"SO_1283","사천진항","2028-08-17 05:28","39","고조"
"SO_1283","사천진항","2028-08-17 11:29","49","저조"
"SO_1283","사천진항","2028-08-15 08:47","46","저조"
"SO_1283","사천진항","2028-08-15 17:45","28","고조"
"SO_1283","사천진항","2028-08-16 10:15","48","저조"
"SO_1283","사천진항","2028-08-16 18:42","25","고조"
"SO_1283","사천진항","2028-08-17 02:33","40","저조"
"SO_1283","사천진항","2028-08-17 05:28","39","고조"
"SO_1283","사천진항","2028-08-17 11:29","49","저조"
"SO_1283","사천진항","2028-08-17 19:34","21","고조"
"SO_1283","사천진항","2028-08-18 02:43","40","저조"
"SO_1283","사천진항","2028-08-18 06:31","37","고조"
"SO_1283","사천진항","2028-08-16 10:15","48","저조"
"SO_1283","사천진항","2028-08-16 18:42","25","고조"
"SO_1283","사천진항","2028-08-17 02:33","40","저조"
"SO_1283","사천진항","2028-08-17 05:28","39","고조"
"SO_1283","사천진항","2028-08-17 11:29","49","저조"
"SO_1283","사천진항","2028-08-17 19:34","21","고조"
"SO_1283","사천진항","2028-08-18 02:43","40","저조"
"SO_1283","사천진항","2028-08-18 06:31","37","고조"
"SO_1283","사천진항","2028-08-18 12:32","50","저조"
"SO_1283","사천진항","2028-08-18 20:21","18","고조"
"SO_1283","사천진항","2028-08-17 02:33","40","저조"
"SO_1283","사천진항","2028-08-17 05:28","39","고조"
"SO_1283","사천진항","2028-08-17 11:29","49","저조"
"SO_1283","사천진항","2028-08-17 19:34","21","고조"
"SO_1283","사천진항","2028-08-18 02:43","40","저조"
"SO_1283","사천진항","2028-08-18 06:31","37","고조"
"SO_1283","사천진항","2028-08-18 12:32","50","저조"
"SO_1283","사천진항","2028-08-18 20:21","18","고조"
"SO_1283","사천진항","2028-08-19 03:02","39","저조"
"SO_1283","사천진항","2028-08-19 07:29","33","고조"
"SO_1283","사천진항","2028-08-18 02:43","40","저조"
"SO_1283","사천진항","2028-08-18 06:31","37","고조"
"SO_1283","사천진항","2028-08-18 12:32","50","저조"
"SO_1283","사천진항","2028-08-18 20:21","18","고조"
"SO_1283","사천진항","2028-08-19 03:02","39","저조"
"SO_1283","사천진항","2028-08-19 07:29","33","고조"
"SO_1283","사천진항","2028-08-19 13:29","51","저조"
"SO_1283","사천진항","2028-08-19 21:05","15","고조"
"SO_1283","사천진항","2028-08-20 03:24","39","저조"
"SO_1283","사천진항","2028-08-20 08:26","30","고조"
"SO_1283","사천진항","2028-08-19 03:02","39","저조"
"SO_1283","사천진항","2028-08-19 07:29","33","고조"
"SO_1283","사천진항","2028-08-19 13:29","51","저조"
"SO_1283","사천진항","2028-08-19 21:05","15","고조"
"SO_1283","사천진항","2028-08-20 03:24","39","저조"
"SO_1283","사천진항","2028-08-20 08:26","30","고조"
"SO_1283","사천진항","2028-08-20 14:24","51","저조"
"SO_1283","사천진항","2028-08-20 21:45","14","고조"
"SO_1283","사천진항","2028-08-21 03:49","39","저조"
"SO_1283","사천진항","2028-08-21 09:20","26","고조"
"SO_1283","사천진항","2028-08-20 03:24","39","저조"
"SO_1283","사천진항","2028-08-20 08:26","30","고조"
"SO_1283","사천진항","2028-08-20 14:24","51","저조"
"SO_1283","사천진항","2028-08-20 21:45","14","고조"
"SO_1283","사천진항","2028-08-21 03:49","39","저조"
"SO_1283","사천진항","2028-08-21 09:20","26","고조"
"SO_1283","사천진항","2028-08-21 15:16","50","저조"
"SO_1283","사천진항","2028-08-21 22:23","14","고조"
"SO_1283","사천진항","2028-08-22 04:17","39","저조"
"SO_1283","사천진항","2028-08-22 10:12","23","고조"
"SO_1283","사천진항","2028-08-21 03:49","39","저조"
"SO_1283","사천진항","2028-08-21 09:20","26","고조"
"SO_1283","사천진항","2028-08-21 15:16","50","저조"
"SO_1283","사천진항","2028-08-21 22:23","14","고조"
"SO_1283","사천진항","2028-08-22 04:17","39","저조"
"SO_1283","사천진항","2028-08-22 10:12","23","고조"
"SO_1283","사천진항","2028-08-22 16:07","48","저조"
"SO_1283","사천진항","2028-08-22 23:00","16","고조"
"SO_1283","사천진항","2028-08-23 04:46","40","저조"
"SO_1283","사천진항","2028-08-23 11:02","21","고조"
"SO_1283","사천진항","2028-08-22 04:17","39","저조"
"SO_1283","사천진항","2028-08-22 10:12","23","고조"
"SO_1283","사천진항","2028-08-22 16:07","48","저조"
"SO_1283","사천진항","2028-08-22 23:00","16","고조"
"SO_1283","사천진항","2028-08-23 04:46","40","저조"
"SO_1283","사천진항","2028-08-23 11:02","21","고조"
"SO_1283","사천진항","2028-08-23 16:57","45","저조"
"SO_1283","사천진항","2028-08-23 23:34","20","고조"
"SO_1283","사천진항","2028-08-24 05:17","42","저조"
"SO_1283","사천진항","2028-08-24 11:55","20","고조"
"SO_1283","사천진항","2028-08-23 04:46","40","저조"
"SO_1283","사천진항","2028-08-23 11:02","21","고조"
"SO_1283","사천진항","2028-08-23 16:57","45","저조"
"SO_1283","사천진항","2028-08-23 23:34","20","고조"
"SO_1283","사천진항","2028-08-24 05:17","42","저조"
"SO_1283","사천진항","2028-08-24 11:55","20","고조"
"SO_1283","사천진항","2028-08-24 17:50","42","저조"
"SO_1283","사천진항","2028-08-25 00:08","25","고조"
"SO_1283","사천진항","2028-08-25 05:50","43","저조"
"SO_1283","사천진항","2028-08-25 12:53","21","고조"
"SO_1283","사천진항","2028-08-24 05:17","42","저조"
"SO_1283","사천진항","2028-08-24 11:55","20","고조"
"SO_1283","사천진항","2028-08-24 17:50","42","저조"
"SO_1283","사천진항","2028-08-25 00:08","25","고조"
"SO_1283","사천진항","2028-08-25 05:50","43","저조"
"SO_1283","사천진항","2028-08-25 12:53","21","고조"
"SO_1283","사천진항","2028-08-25 18:57","39","저조"
"SO_1283","사천진항","2028-08-26 00:39","30","고조"
"SO_1283","사천진항","2028-08-26 06:26","44","저조"
"SO_1283","사천진항","2028-08-26 14:09","22","고조"
"SO_1283","사천진항","2028-08-25 00:08","25","고조"
"SO_1283","사천진항","2028-08-25 05:50","43","저조"
"SO_1283","사천진항","2028-08-25 12:53","21","고조"
"SO_1283","사천진항","2028-08-25 18:57","39","저조"
"SO_1283","사천진항","2028-08-26 00:39","30","고조"
"SO_1283","사천진항","2028-08-26 06:26","44","저조"
"SO_1283","사천진항","2028-08-26 14:09","22","고조"
"SO_1283","사천진항","2028-08-26 21:24","38","저조"
"SO_1283","사천진항","2028-08-27 01:04","35","고조"
"SO_1283","사천진항","2028-08-27 07:09","45","저조"
"SO_1283","사천진항","2028-08-26 00:39","30","고조"
"SO_1283","사천진항","2028-08-26 06:26","44","저조"
"SO_1283","사천진항","2028-08-26 14:09","22","고조"
"SO_1283","사천진항","2028-08-26 21:24","38","저조"
"SO_1283","사천진항","2028-08-27 01:04","35","고조"
"SO_1283","사천진항","2028-08-27 07:09","45","저조"
"SO_1283","사천진항","2028-08-27 15:38","23","고조"
"SO_1283","사천진항","2028-08-28 08:18","45","저조"
"SO_1283","사천진항","2028-08-28 16:58","23","고조"
"SO_1283","사천진항","2028-08-29 02:32","40","저조"
"SO_1283","사천진항","2028-08-27 01:04","35","고조"
"SO_1283","사천진항","2028-08-27 07:09","45","저조"
"SO_1283","사천진항","2028-08-27 15:38","23","고조"
"SO_1283","사천진항","2028-08-28 08:18","45","저조"
"SO_1283","사천진항","2028-08-28 16:58","23","고조"
"SO_1283","사천진항","2028-08-29 02:32","40","저조"
"SO_1283","사천진항","2028-08-29 04:23","39","고조"
"SO_1283","사천진항","2028-08-29 10:04","45","저조"
"SO_1283","사천진항","2028-08-29 18:11","22","고조"
"SO_1283","사천진항","2028-08-30 02:42","40","저조"
"SO_1283","사천진항","2028-08-28 08:18","45","저조"
"SO_1283","사천진항","2028-08-28 16:58","23","고조"
"SO_1283","사천진항","2028-08-29 02:32","40","저조"
"SO_1283","사천진항","2028-08-29 04:23","39","고조"
"SO_1283","사천진항","2028-08-29 10:04","45","저조"
"SO_1283","사천진항","2028-08-29 18:11","22","고조"
"SO_1283","사천진항","2028-08-30 02:42","40","저조"
"SO_1283","사천진항","2028-08-30 05:36","38","고조"
"SO_1283","사천진항","2028-08-30 11:16","45","저조"
"SO_1283","사천진항","2028-08-30 19:14","21","고조"
"SO_1283","사천진항","2028-08-29 02:32","40","저조"
"SO_1283","사천진항","2028-08-29 04:23","39","고조"
"SO_1283","사천진항","2028-08-29 10:04","45","저조"
"SO_1283","사천진항","2028-08-29 18:11","22","고조"
"SO_1283","사천진항","2028-08-30 02:42","40","저조"
"SO_1283","사천진항","2028-08-30 05:36","38","고조"
"SO_1283","사천진항","2028-08-30 11:16","45","저조"
"SO_1283","사천진항","2028-08-30 19:14","21","고조"
"SO_1283","사천진항","2028-08-31 02:48","38","저조"
"SO_1283","사천진항","2028-08-31 06:32","35","고조"
"SO_1283","사천진항","2028-08-30 02:42","40","저조"
"SO_1283","사천진항","2028-08-30 05:36","38","고조"
"SO_1283","사천진항","2028-08-30 11:16","45","저조"
"SO_1283","사천진항","2028-08-30 19:14","21","고조"
"SO_1283","사천진항","2028-08-31 02:48","38","저조"
"SO_1283","사천진항","2028-08-31 06:32","35","고조"
"SO_1283","사천진항","2028-08-31 12:16","44","저조"
"SO_1283","사천진항","2028-08-31 20:02","19","고조"
"SO_1283","사천진항","2028-09-01 02:49","36","저조"
"SO_1283","사천진항","2028-09-01 07:18","32","고조"
"SO_1283","사천진항","2028-08-31 02:48","38","저조"
"SO_1283","사천진항","2028-08-31 06:32","35","고조"
"SO_1283","사천진항","2028-08-31 12:16","44","저조"
"SO_1283","사천진항","2028-08-31 20:02","19","고조"
"SO_1283","사천진항","2028-09-01 02:49","36","저조"
"SO_1283","사천진항","2028-09-01 07:18","32","고조"
"SO_1283","사천진항","2028-09-01 13:08","43","저조"
"SO_1283","사천진항","2028-09-01 20:39","17","고조"
"SO_1283","사천진항","2028-09-02 02:56","34","저조"
"SO_1283","사천진항","2028-09-02 07:59","28","고조"
"SO_1283","사천진항","2028-09-01 02:49","36","저조"
"SO_1283","사천진항","2028-09-01 07:18","32","고조"
"SO_1283","사천진항","2028-09-01 13:08","43","저조"
"SO_1283","사천진항","2028-09-01 20:39","17","고조"
"SO_1283","사천진항","2028-09-02 02:56","34","저조"
"SO_1283","사천진항","2028-09-02 07:59","28","고조"
"SO_1283","사천진항","2028-09-02 13:53","42","저조"
"SO_1283","사천진항","2028-09-02 21:10","16","고조"
"SO_1283","사천진항","2028-09-03 03:10","33","저조"
"SO_1283","사천진항","2028-09-03 08:37","24","고조"
"SO_1283","사천진항","2028-09-02 02:56","34","저조"
"SO_1283","사천진항","2028-09-02 07:59","28","고조"
"SO_1283","사천진항","2028-09-02 13:53","42","저조"
"SO_1283","사천진항","2028-09-02 21:10","16","고조"
"SO_1283","사천진항","2028-09-03 03:10","33","저조"
"SO_1283","사천진항","2028-09-03 08:37","24","고조"
"SO_1283","사천진항","2028-09-03 14:34","40","저조"
"SO_1283","사천진항","2028-09-03 21:37","15","고조"
"SO_1283","사천진항","2028-09-04 03:27","32","저조"
"SO_1283","사천진항","2028-09-04 09:13","20","고조"
"SO_1283","사천진항","2028-09-03 03:10","33","저조"
"SO_1283","사천진항","2028-09-03 08:37","24","고조"
"SO_1283","사천진항","2028-09-03 14:34","40","저조"
"SO_1283","사천진항","2028-09-03 21:37","15","고조"
"SO_1283","사천진항","2028-09-04 03:27","32","저조"
"SO_1283","사천진항","2028-09-04 09:13","20","고조"
"SO_1283","사천진항","2028-09-04 15:10","38","저조"
"SO_1283","사천진항","2028-09-04 22:01","14","고조"
"SO_1283","사천진항","2028-09-05 03:46","32","저조"
"SO_1283","사천진항","2028-09-05 09:47","18","고조"
"SO_1283","사천진항","2028-09-04 03:27","32","저조"
"SO_1283","사천진항","2028-09-04 09:13","20","고조"
"SO_1283","사천진항","2028-09-04 15:10","38","저조"
"SO_1283","사천진항","2028-09-04 22:01","14","고조"
"SO_1283","사천진항","2028-09-05 03:46","32","저조"
"SO_1283","사천진항","2028-09-05 09:47","18","고조"
"SO_1283","사천진항","2028-09-05 15:45","36","저조"
"SO_1283","사천진항","2028-09-05 22:22","15","고조"
"SO_1283","사천진항","2028-09-06 04:05","33","저조"
"SO_1283","사천진항","2028-09-06 10:20","17","고조"
"SO_1283","사천진항","2028-09-05 03:46","32","저조"
"SO_1283","사천진항","2028-09-05 09:47","18","고조"
"SO_1283","사천진항","2028-09-05 15:45","36","저조"
"SO_1283","사천진항","2028-09-05 22:22","15","고조"
"SO_1283","사천진항","2028-09-06 04:05","33","저조"
"SO_1283","사천진항","2028-09-06 10:20","17","고조"
"SO_1283","사천진항","2028-09-06 16:19","35","저조"
"SO_1283","사천진항","2028-09-06 22:41","17","고조"
"SO_1283","사천진항","2028-09-07 04:25","34","저조"
"SO_1283","사천진항","2028-09-07 10:53","17","고조"
"SO_1283","사천진항","2028-09-06 04:05","33","저조"
"SO_1283","사천진항","2028-09-06 10:20","17","고조"
"SO_1283","사천진항","2028-09-06 16:19","35","저조"
"SO_1283","사천진항","2028-09-06 22:41","17","고조"
"SO_1283","사천진항","2028-09-07 04:25","34","저조"
"SO_1283","사천진항","2028-09-07 10:53","17","고조"
"SO_1283","사천진항","2028-09-07 16:53","34","저조"
"SO_1283","사천진항","2028-09-07 23:00","20","고조"
"SO_1283","사천진항","2028-09-08 04:47","36","저조"
"SO_1283","사천진항","2028-09-08 11:28","18","고조"
"SO_1283","사천진항","2028-09-07 04:25","34","저조"
"SO_1283","사천진항","2028-09-07 10:53","17","고조"
"SO_1283","사천진항","2028-09-07 16:53","34","저조"
"SO_1283","사천진항","2028-09-07 23:00","20","고조"
"SO_1283","사천진항","2028-09-08 04:47","36","저조"
"SO_1283","사천진항","2028-09-08 11:28","18","고조"
"SO_1283","사천진항","2028-09-08 17:28","34","저조"
"SO_1283","사천진항","2028-09-08 23:21","24","고조"
"SO_1283","사천진항","2028-09-09 05:11","38","저조"
"SO_1283","사천진항","2028-09-09 12:05","19","고조"
"SO_1283","사천진항","2028-09-08 04:47","36","저조"
"SO_1283","사천진항","2028-09-08 11:28","18","고조"
"SO_1283","사천진항","2028-09-08 17:28","34","저조"
"SO_1283","사천진항","2028-09-08 23:21","24","고조"
"SO_1283","사천진항","2028-09-09 05:11","38","저조"
"SO_1283","사천진항","2028-09-09 12:05","19","고조"
"SO_1283","사천진항","2028-09-09 18:09","33","저조"
"SO_1283","사천진항","2028-09-09 23:41","27","고조"
"SO_1283","사천진항","2028-09-10 05:39","39","저조"
"SO_1283","사천진항","2028-09-10 12:51","21","고조"
"SO_1283","사천진항","2028-09-09 05:11","38","저조"
"SO_1283","사천진항","2028-09-09 12:05","19","고조"
"SO_1283","사천진항","2028-09-09 18:09","33","저조"
"SO_1283","사천진항","2028-09-09 23:41","27","고조"
"SO_1283","사천진항","2028-09-10 05:39","39","저조"
"SO_1283","사천진항","2028-09-10 12:51","21","고조"
"SO_1283","사천진항","2028-09-10 19:06","32","저조"
"SO_1283","사천진항","2028-09-11 00:03","30","고조"
"SO_1283","사천진항","2028-09-11 06:14","40","저조"
"SO_1283","사천진항","2028-09-11 14:02","22","고조"
"SO_1283","사천진항","2028-09-10 05:39","39","저조"
"SO_1283","사천진항","2028-09-10 12:51","21","고조"
"SO_1283","사천진항","2028-09-10 19:06","32","저조"
"SO_1283","사천진항","2028-09-11 00:03","30","고조"
"SO_1283","사천진항","2028-09-11 06:14","40","저조"
"SO_1283","사천진항","2028-09-11 14:02","22","고조"
"SO_1283","사천진항","2028-09-12 07:02","40","저조"
"SO_1283","사천진항","2028-09-12 15:52","22","고조"
"SO_1283","사천진항","2028-09-13 08:15","40","저조"
"SO_1283","사천진항","2028-09-13 17:12","19","고조"
"SO_1283","사천진항","2028-09-11 00:03","30","고조"
"SO_1283","사천진항","2028-09-11 06:14","40","저조"
"SO_1283","사천진항","2028-09-11 14:02","22","고조"
"SO_1283","사천진항","2028-09-12 07:02","40","저조"
"SO_1283","사천진항","2028-09-12 15:52","22","고조"
"SO_1283","사천진항","2028-09-13 08:15","40","저조"
"SO_1283","사천진항","2028-09-13 17:12","19","고조"
"SO_1283","사천진항","2028-09-14 01:22","33","저조"
"SO_1283","사천진항","2028-09-14 04:06","32","고조"
"SO_1283","사천진항","2028-09-14 09:51","39","저조"
"SO_1283","사천진항","2028-09-12 07:02","40","저조"
"SO_1283","사천진항","2028-09-12 15:52","22","고조"
"SO_1283","사천진항","2028-09-13 08:15","40","저조"
"SO_1283","사천진항","2028-09-13 17:12","19","고조"
"SO_1283","사천진항","2028-09-14 01:22","33","저조"
"SO_1283","사천진항","2028-09-14 04:06","32","고조"
"SO_1283","사천진항","2028-09-14 09:51","39","저조"
"SO_1283","사천진항","2028-09-14 18:15","16","고조"
"SO_1283","사천진항","2028-09-15 01:32","32","저조"
"SO_1283","사천진항","2028-09-15 05:33","29","고조"
"SO_1283","사천진항","2028-09-13 08:15","40","저조"
"SO_1283","사천진항","2028-09-13 17:12","19","고조"
"SO_1283","사천진항","2028-09-14 01:22","33","저조"
"SO_1283","사천진항","2028-09-14 04:06","32","고조"
"SO_1283","사천진항","2028-09-14 09:51","39","저조"
"SO_1283","사천진항","2028-09-14 18:15","16","고조"
"SO_1283","사천진항","2028-09-15 01:32","32","저조"
"SO_1283","사천진항","2028-09-15 05:33","29","고조"
"SO_1283","사천진항","2028-09-15 11:12","39","저조"
"SO_1283","사천진항","2028-09-15 19:07","12","고조"
"SO_1283","사천진항","2028-09-14 01:22","33","저조"
"SO_1283","사천진항","2028-09-14 04:06","32","고조"
"SO_1283","사천진항","2028-09-14 09:51","39","저조"
"SO_1283","사천진항","2028-09-14 18:15","16","고조"
"SO_1283","사천진항","2028-09-15 01:32","32","저조"
"SO_1283","사천진항","2028-09-15 05:33","29","고조"
"SO_1283","사천진항","2028-09-15 11:12","39","저조"
"SO_1283","사천진항","2028-09-15 19:07","12","고조"
"SO_1283","사천진항","2028-09-16 01:49","31","저조"
"SO_1283","사천진항","2028-09-16 06:34","24","고조"
"SO_1283","사천진항","2028-09-15 01:32","32","저조"
"SO_1283","사천진항","2028-09-15 05:33","29","고조"
"SO_1283","사천진항","2028-09-15 11:12","39","저조"
"SO_1283","사천진항","2028-09-15 19:07","12","고조"
"SO_1283","사천진항","2028-09-16 01:49","31","저조"
"SO_1283","사천진항","2028-09-16 06:34","24","고조"
"SO_1283","사천진항","2028-09-16 12:22","39","저조"
"SO_1283","사천진항","2028-09-16 19:53","9","고조"
"SO_1283","사천진항","2028-09-17 02:10","31","저조"
"SO_1283","사천진항","2028-09-17 07:30","19","고조"
"SO_1283","사천진항","2028-09-16 01:49","31","저조"
"SO_1283","사천진항","2028-09-16 06:34","24","고조"
"SO_1283","사천진항","2028-09-16 12:22","39","저조"
"SO_1283","사천진항","2028-09-16 19:53","9","고조"
"SO_1283","사천진항","2028-09-17 02:10","31","저조"
"SO_1283","사천진항","2028-09-17 07:30","19","고조"
"SO_1283","사천진항","2028-09-17 13:24","39","저조"
"SO_1283","사천진항","2028-09-17 20:34","8","고조"
"SO_1283","사천진항","2028-09-18 02:35","31","저조"
"SO_1283","사천진항","2028-09-18 08:21","15","고조"
"SO_1283","사천진항","2028-09-17 02:10","31","저조"
"SO_1283","사천진항","2028-09-17 07:30","19","고조"
"SO_1283","사천진항","2028-09-17 13:24","39","저조"
"SO_1283","사천진항","2028-09-17 20:34","8","고조"
"SO_1283","사천진항","2028-09-18 02:35","31","저조"
"SO_1283","사천진항","2028-09-18 08:21","15","고조"
"SO_1283","사천진항","2028-09-18 14:20","38","저조"
"SO_1283","사천진항","2028-09-18 21:13","8","고조"
"SO_1283","사천진항","2028-09-19 03:01","32","저조"
"SO_1283","사천진항","2028-09-19 09:11","11","고조"
"SO_1283","사천진항","2028-09-18 02:35","31","저조"
"SO_1283","사천진항","2028-09-18 08:21","15","고조"
"SO_1283","사천진항","2028-09-18 14:20","38","저조"
"SO_1283","사천진항","2028-09-18 21:13","8","고조"
"SO_1283","사천진항","2028-09-19 03:01","32","저조"
"SO_1283","사천진항","2028-09-19 09:11","11","고조"
"SO_1283","사천진항","2028-09-19 15:12","37","저조"
"SO_1283","사천진항","2028-09-19 21:49","10","고조"
"SO_1283","사천진항","2028-09-20 03:30","33","저조"
"SO_1283","사천진항","2028-09-20 10:00","8","고조"
"SO_1283","사천진항","2028-09-19 03:01","32","저조"
"SO_1283","사천진항","2028-09-19 09:11","11","고조"
"SO_1283","사천진항","2028-09-19 15:12","37","저조"
"SO_1283","사천진항","2028-09-19 21:49","10","고조"
"SO_1283","사천진항","2028-09-20 03:30","33","저조"
"SO_1283","사천진항","2028-09-20 10:00","8","고조"
"SO_1283","사천진항","2028-09-20 16:04","36","저조"
"SO_1283","사천진항","2028-09-20 22:24","13","고조"
"SO_1283","사천진항","2028-09-21 04:01","35","저조"
"SO_1283","사천진항","2028-09-21 10:49","7","고조"
"SO_1283","사천진항","2028-09-20 03:30","33","저조"
"SO_1283","사천진항","2028-09-20 10:00","8","고조"
"SO_1283","사천진항","2028-09-20 16:04","36","저조"
"SO_1283","사천진항","2028-09-20 22:24","13","고조"
"SO_1283","사천진항","2028-09-21 04:01","35","저조"
"SO_1283","사천진항","2028-09-21 10:49","7","고조"
"SO_1283","사천진항","2028-09-21 16:56","34","저조"
"SO_1283","사천진항","2028-09-21 22:58","18","고조"
"SO_1283","사천진항","2028-09-22 04:33","37","저조"
"SO_1283","사천진항","2028-09-22 11:41","8","고조"
"SO_1283","사천진항","2028-09-21 04:01","35","저조"
"SO_1283","사천진항","2028-09-21 10:49","7","고조"
"SO_1283","사천진항","2028-09-21 16:56","34","저조"
"SO_1283","사천진항","2028-09-21 22:58","18","고조"
"SO_1283","사천진항","2028-09-22 04:33","37","저조"
"SO_1283","사천진항","2028-09-22 11:41","8","고조"
"SO_1283","사천진항","2028-09-22 17:59","32","저조"
"SO_1283","사천진항","2028-09-22 23:30","22","고조"
"SO_1283","사천진항","2028-09-23 05:07","39","저조"
"SO_1283","사천진항","2028-09-23 12:40","10","고조"
"SO_1283","사천진항","2028-09-22 04:33","37","저조"
"SO_1283","사천진항","2028-09-22 11:41","8","고조"
"SO_1283","사천진항","2028-09-22 17:59","32","저조"
"SO_1283","사천진항","2028-09-22 23:30","22","고조"
"SO_1283","사천진항","2028-09-23 05:07","39","저조"
"SO_1283","사천진항","2028-09-23 12:40","10","고조"
"SO_1283","사천진항","2028-09-23 19:47","31","저조"
"SO_1283","사천진항","2028-09-23 23:59","26","고조"
"SO_1283","사천진항","2028-09-24 05:44","39","저조"
"SO_1283","사천진항","2028-09-24 13:52","12","고조"
"SO_1283","사천진항","2028-09-23 05:07","39","저조"
"SO_1283","사천진항","2028-09-23 12:40","10","고조"
"SO_1283","사천진항","2028-09-23 19:47","31","저조"
"SO_1283","사천진항","2028-09-23 23:59","26","고조"
"SO_1283","사천진항","2028-09-24 05:44","39","저조"
"SO_1283","사천진항","2028-09-24 13:52","12","고조"
"SO_1283","사천진항","2028-09-24 21:37","31","저조"
"SO_1283","사천진항","2028-09-25 00:20","29","고조"
"SO_1283","사천진항","2028-09-25 06:29","38","저조"
"SO_1283","사천진항","2028-09-25 15:12","14","고조"
"SO_1283","사천진항","2028-09-24 05:44","39","저조"
"SO_1283","사천진항","2028-09-24 13:52","12","고조"
"SO_1283","사천진항","2028-09-24 21:37","31","저조"
"SO_1283","사천진항","2028-09-25 00:20","29","고조"
"SO_1283","사천진항","2028-09-25 06:29","38","저조"
"SO_1283","사천진항","2028-09-25 15:12","14","고조"
"SO_1283","사천진항","2028-09-26 07:42","36","저조"
"SO_1283","사천진항","2028-09-26 16:31","14","고조"
"SO_1283","사천진항","2028-09-27 01:33","31","저조"
"SO_1283","사천진항","2028-09-27 04:18","30","고조"
"SO_1283","사천진항","2028-09-25 00:20","29","고조"
"SO_1283","사천진항","2028-09-25 06:29","38","저조"
"SO_1283","사천진항","2028-09-25 15:12","14","고조"
"SO_1283","사천진항","2028-09-26 07:42","36","저조"
"SO_1283","사천진항","2028-09-26 16:31","14","고조"
"SO_1283","사천진항","2028-09-27 01:33","31","저조"
"SO_1283","사천진항","2028-09-27 04:18","30","고조"
"SO_1283","사천진항","2028-09-27 09:31","35","저조"
"SO_1283","사천진항","2028-09-27 17:45","14","고조"
"SO_1283","사천진항","2028-09-28 01:39","30","저조"
"SO_1283","사천진항","2028-09-26 07:42","36","저조"
"SO_1283","사천진항","2028-09-26 16:31","14","고조"
"SO_1283","사천진항","2028-09-27 01:33","31","저조"
"SO_1283","사천진항","2028-09-27 04:18","30","고조"
"SO_1283","사천진항","2028-09-27 09:31","35","저조"
"SO_1283","사천진항","2028-09-27 17:45","14","고조"
"SO_1283","사천진항","2028-09-28 01:39","30","저조"
"SO_1283","사천진항","2028-09-28 05:34","26","고조"
"SO_1283","사천진항","2028-09-28 10:53","33","저조"
"SO_1283","사천진항","2028-09-28 18:44","12","고조"
"SO_1283","사천진항","2028-09-27 01:33","31","저조"
"SO_1283","사천진항","2028-09-27 04:18","30","고조"
"SO_1283","사천진항","2028-09-27 09:31","35","저조"
"SO_1283","사천진항","2028-09-27 17:45","14","고조"
"SO_1283","사천진항","2028-09-28 01:39","30","저조"
"SO_1283","사천진항","2028-09-28 05:34","26","고조"
"SO_1283","사천진항","2028-09-28 10:53","33","저조"
"SO_1283","사천진항","2028-09-28 18:44","12","고조"
"SO_1283","사천진항","2028-09-29 01:43","28","저조"
"SO_1283","사천진항","2028-09-29 06:30","22","고조"
"SO_1283","사천진항","2028-09-28 01:39","30","저조"
"SO_1283","사천진항","2028-09-28 05:34","26","고조"
"SO_1283","사천진항","2028-09-28 10:53","33","저조"
"SO_1283","사천진항","2028-09-28 18:44","12","고조"
"SO_1283","사천진항","2028-09-29 01:43","28","저조"
"SO_1283","사천진항","2028-09-29 06:30","22","고조"
"SO_1283","사천진항","2028-09-29 12:02","31","저조"
"SO_1283","사천진항","2028-09-29 19:27","10","고조"
"SO_1283","사천진항","2028-09-30 01:51","26","저조"
"SO_1283","사천진항","2028-09-30 07:13","17","고조"
"SO_1283","사천진항","2028-09-29 01:43","28","저조"
"SO_1283","사천진항","2028-09-29 06:30","22","고조"
"SO_1283","사천진항","2028-09-29 12:02","31","저조"
"SO_1283","사천진항","2028-09-29 19:27","10","고조"
"SO_1283","사천진항","2028-09-30 01:51","26","저조"
"SO_1283","사천진항","2028-09-30 07:13","17","고조"
"SO_1283","사천진항","2028-09-30 12:59","29","저조"
"SO_1283","사천진항","2028-09-30 20:00","8","고조"
"SO_1283","사천진항","2028-10-01 02:04","24","저조"
"SO_1283","사천진항","2028-10-01 07:50","13","고조"
"SO_1283","사천진항","2028-09-30 01:51","26","저조"
"SO_1283","사천진항","2028-09-30 07:13","17","고조"
"SO_1283","사천진항","2028-09-30 12:59","29","저조"
"SO_1283","사천진항","2028-09-30 20:00","8","고조"
"SO_1283","사천진항","2028-10-01 02:04","24","저조"
"SO_1283","사천진항","2028-10-01 07:50","13","고조"
"SO_1283","사천진항","2028-10-01 13:44","27","저조"
"SO_1283","사천진항","2028-10-01 20:28","8","고조"
"SO_1283","사천진항","2028-10-02 02:21","23","저조"
"SO_1283","사천진항","2028-10-02 08:23","9","고조"
"SO_1283","사천진항","2028-10-01 02:04","24","저조"
"SO_1283","사천진항","2028-10-01 07:50","13","고조"
"SO_1283","사천진항","2028-10-01 13:44","27","저조"
"SO_1283","사천진항","2028-10-01 20:28","8","고조"
"SO_1283","사천진항","2028-10-02 02:21","23","저조"
"SO_1283","사천진항","2028-10-02 08:23","9","고조"
"SO_1283","사천진항","2028-10-02 14:24","25","저조"
"SO_1283","사천진항","2028-10-02 20:53","7","고조"
"SO_1283","사천진항","2028-10-03 02:38","23","저조"
"SO_1283","사천진항","2028-10-03 08:56","6","고조"
"SO_1283","사천진항","2028-10-02 02:21","23","저조"
"SO_1283","사천진항","2028-10-02 08:23","9","고조"
"SO_1283","사천진항","2028-10-02 14:24","25","저조"
"SO_1283","사천진항","2028-10-02 20:53","7","고조"
"SO_1283","사천진항","2028-10-03 02:38","23","저조"
"SO_1283","사천진항","2028-10-03 08:56","6","고조"
"SO_1283","사천진항","2028-10-03 15:01","25","저조"
"SO_1283","사천진항","2028-10-03 21:15","8","고조"
"SO_1283","사천진항","2028-10-04 02:56","24","저조"
"SO_1283","사천진항","2028-10-04 09:27","5","고조"
"SO_1283","사천진항","2028-10-03 02:38","23","저조"
"SO_1283","사천진항","2028-10-03 08:56","6","고조"
"SO_1283","사천진항","2028-10-03 15:01","25","저조"
"SO_1283","사천진항","2028-10-03 21:15","8","고조"
"SO_1283","사천진항","2028-10-04 02:56","24","저조"
"SO_1283","사천진항","2028-10-04 09:27","5","고조"
"SO_1283","사천진항","2028-10-04 15:36","24","저조"
"SO_1283","사천진항","2028-10-04 21:37","10","고조"
"SO_1283","사천진항","2028-10-05 03:17","26","저조"
"SO_1283","사천진항","2028-10-05 09:59","4","고조"
"SO_1283","사천진항","2028-10-04 02:56","24","저조"
"SO_1283","사천진항","2028-10-04 09:27","5","고조"
"SO_1283","사천진항","2028-10-04 15:36","24","저조"
"SO_1283","사천진항","2028-10-04 21:37","10","고조"
"SO_1283","사천진항","2028-10-05 03:17","26","저조"
"SO_1283","사천진항","2028-10-05 09:59","4","고조"
"SO_1283","사천진항","2028-10-05 16:11","25","저조"
"SO_1283","사천진항","2028-10-05 21:58","13","고조"
"SO_1283","사천진항","2028-10-06 03:39","28","저조"
"SO_1283","사천진항","2028-10-06 10:31","5","고조"
"SO_1283","사천진항","2028-10-05 03:17","26","저조"
"SO_1283","사천진항","2028-10-05 09:59","4","고조"
"SO_1283","사천진항","2028-10-05 16:11","25","저조"
"SO_1283","사천진항","2028-10-05 21:58","13","고조"
"SO_1283","사천진항","2028-10-06 03:39","28","저조"
"SO_1283","사천진항","2028-10-06 10:31","5","고조"
"SO_1283","사천진항","2028-10-06 16:47","25","저조"
"SO_1283","사천진항","2028-10-06 22:21","16","고조"
"SO_1283","사천진항","2028-10-07 04:03","30","저조"
"SO_1283","사천진항","2028-10-07 11:06","6","고조"
"SO_1283","사천진항","2028-10-06 03:39","28","저조"
"SO_1283","사천진항","2028-10-06 10:31","5","고조"
"SO_1283","사천진항","2028-10-06 16:47","25","저조"
"SO_1283","사천진항","2028-10-06 22:21","16","고조"
"SO_1283","사천진항","2028-10-07 04:03","30","저조"
"SO_1283","사천진항","2028-10-07 11:06","6","고조"
"SO_1283","사천진항","2028-10-07 17:28","25","저조"
"SO_1283","사천진항","2028-10-07 22:45","19","고조"
"SO_1283","사천진항","2028-10-08 04:31","32","저조"
"SO_1283","사천진항","2028-10-08 11:46","8","고조"
"SO_1283","사천진항","2028-10-07 04:03","30","저조"
"SO_1283","사천진항","2028-10-07 11:06","6","고조"
"SO_1283","사천진항","2028-10-07 17:28","25","저조"
"SO_1283","사천진항","2028-10-07 22:45","19","고조"
"SO_1283","사천진항","2028-10-08 04:31","32","저조"
"SO_1283","사천진항","2028-10-08 11:46","8","고조"
"SO_1283","사천진항","2028-10-08 18:24","25","저조"
"SO_1283","사천진항","2028-10-08 23:10","21","고조"
"SO_1283","사천진항","2028-10-09 05:03","33","저조"
"SO_1283","사천진항","2028-10-09 12:36","10","고조"
"SO_1283","사천진항","2028-10-08 04:31","32","저조"
"SO_1283","사천진항","2028-10-08 11:46","8","고조"
"SO_1283","사천진항","2028-10-08 18:24","25","저조"
"SO_1283","사천진항","2028-10-08 23:10","21","고조"
"SO_1283","사천진항","2028-10-09 05:03","33","저조"
"SO_1283","사천진항","2028-10-09 12:36","10","고조"
"SO_1283","사천진항","2028-10-09 20:53","24","저조"
"SO_1283","사천진항","2028-10-09 23:37","23","고조"
"SO_1283","사천진항","2028-10-10 05:44","33","저조"
"SO_1283","사천진항","2028-10-10 13:46","10","고조"
"SO_1283","사천진항","2028-10-09 05:03","33","저조"
"SO_1283","사천진항","2028-10-09 12:36","10","고조"
"SO_1283","사천진항","2028-10-09 20:53","24","저조"
"SO_1283","사천진항","2028-10-09 23:37","23","고조"
"SO_1283","사천진항","2028-10-10 05:44","33","저조"
"SO_1283","사천진항","2028-10-10 13:46","10","고조"
"SO_1283","사천진항","2028-10-11 06:40","32","저조"
"SO_1283","사천진항","2028-10-11 15:13","10","고조"
"SO_1283","사천진항","2028-10-11 23:38","24","저조"
"SO_1283","사천진항","2028-10-12 02:01","23","고조"
"SO_1283","사천진항","2028-10-10 05:44","33","저조"
"SO_1283","사천진항","2028-10-10 13:46","10","고조"
"SO_1283","사천진항","2028-10-11 06:40","32","저조"
"SO_1283","사천진항","2028-10-11 15:13","10","고조"
"SO_1283","사천진항","2028-10-11 23:38","24","저조"
"SO_1283","사천진항","2028-10-12 02:01","23","고조"
"SO_1283","사천진항","2028-10-12 08:03","30","저조"
"SO_1283","사천진항","2028-10-12 16:33","8","고조"
"SO_1283","사천진항","2028-10-13 00:13","23","저조"
"SO_1283","사천진항","2028-10-13 04:15","20","고조"
"SO_1283","사천진항","2028-10-11 06:40","32","저조"
"SO_1283","사천진항","2028-10-11 15:13","10","고조"
"SO_1283","사천진항","2028-10-11 23:38","24","저조"
"SO_1283","사천진항","2028-10-12 02:01","23","고조"
"SO_1283","사천진항","2028-10-12 08:03","30","저조"
"SO_1283","사천진항","2028-10-12 16:33","8","고조"
"SO_1283","사천진항","2028-10-13 00:13","23","저조"
"SO_1283","사천진항","2028-10-13 04:15","20","고조"
"SO_1283","사천진항","2028-10-13 09:33","28","저조"
"SO_1283","사천진항","2028-10-13 17:40","5","고조"
"SO_1283","사천진항","2028-10-12 02:01","23","고조"
"SO_1283","사천진항","2028-10-12 08:03","30","저조"
"SO_1283","사천진항","2028-10-12 16:33","8","고조"
"SO_1283","사천진항","2028-10-13 00:13","23","저조"
"SO_1283","사천진항","2028-10-13 04:15","20","고조"
"SO_1283","사천진항","2028-10-13 09:33","28","저조"
"SO_1283","사천진항","2028-10-13 17:40","5","고조"
"SO_1283","사천진항","2028-10-14 00:34","22","저조"
"SO_1283","사천진항","2028-10-14 05:31","15","고조"
"SO_1283","사천진항","2028-10-14 10:57","27","저조"
"SO_1283","사천진항","2028-10-13 00:13","23","저조"
"SO_1283","사천진항","2028-10-13 04:15","20","고조"
"SO_1283","사천진항","2028-10-13 09:33","28","저조"
"SO_1283","사천진항","2028-10-13 17:40","5","고조"
"SO_1283","사천진항","2028-10-14 00:34","22","저조"
"SO_1283","사천진항","2028-10-14 05:31","15","고조"
"SO_1283","사천진항","2028-10-14 10:57","27","저조"
"SO_1283","사천진항","2028-10-14 18:33","3","고조"
"SO_1283","사천진항","2028-10-15 00:56","21","저조"
"SO_1283","사천진항","2028-10-15 06:30","10","고조"
"SO_1283","사천진항","2028-10-14 00:34","22","저조"
"SO_1283","사천진항","2028-10-14 05:31","15","고조"
"SO_1283","사천진항","2028-10-14 10:57","27","저조"
"SO_1283","사천진항","2028-10-14 18:33","3","고조"
"SO_1283","사천진항","2028-10-15 00:56","21","저조"
"SO_1283","사천진항","2028-10-15 06:30","10","고조"
"SO_1283","사천진항","2028-10-15 12:16","26","저조"
"SO_1283","사천진항","2028-10-15 19:18","2","고조"
"SO_1283","사천진항","2028-10-16 01:21","22","저조"
"SO_1283","사천진항","2028-10-16 07:22","5","고조"
"SO_1283","사천진항","2028-10-15 00:56","21","저조"
"SO_1283","사천진항","2028-10-15 06:30","10","고조"
"SO_1283","사천진항","2028-10-15 12:16","26","저조"
"SO_1283","사천진항","2028-10-15 19:18","2","고조"
"SO_1283","사천진항","2028-10-16 01:21","22","저조"
"SO_1283","사천진항","2028-10-16 07:22","5","고조"
"SO_1283","사천진항","2028-10-16 13:22","25","저조"
"SO_1283","사천진항","2028-10-16 19:59","3","고조"
"SO_1283","사천진항","2028-10-17 01:48","23","저조"
"SO_1283","사천진항","2028-10-17 08:11","","고조"
"SO_1283","사천진항","2028-10-16 01:21","22","저조"
"SO_1283","사천진항","2028-10-16 07:22","5","고조"
"SO_1283","사천진항","2028-10-16 13:22","25","저조"
"SO_1283","사천진항","2028-10-16 19:59","3","고조"
"SO_1283","사천진항","2028-10-17 01:48","23","저조"
"SO_1283","사천진항","2028-10-17 08:11","","고조"
"SO_1283","사천진항","2028-10-17 14:19","25","저조"
"SO_1283","사천진항","2028-10-17 20:37","4","고조"
"SO_1283","사천진항","2028-10-18 02:18","25","저조"
"SO_1283","사천진항","2028-10-18 08:59","-3","고조"
"SO_1283","사천진항","2028-10-17 01:48","23","저조"
"SO_1283","사천진항","2028-10-17 08:11","","고조"
"SO_1283","사천진항","2028-10-17 14:19","25","저조"
"SO_1283","사천진항","2028-10-17 20:37","4","고조"
"SO_1283","사천진항","2028-10-18 02:18","25","저조"
"SO_1283","사천진항","2028-10-18 08:59","-3","고조"
"SO_1283","사천진항","2028-10-18 15:13","25","저조"
"SO_1283","사천진항","2028-10-18 21:13","7","고조"
"SO_1283","사천진항","2028-10-19 02:49","28","저조"
"SO_1283","사천진항","2028-10-19 09:47","-4","고조"
"SO_1283","사천진항","2028-10-18 02:18","25","저조"
"SO_1283","사천진항","2028-10-18 08:59","-3","고조"
"SO_1283","사천진항","2028-10-18 15:13","25","저조"
"SO_1283","사천진항","2028-10-18 21:13","7","고조"
"SO_1283","사천진항","2028-10-19 02:49","28","저조"
"SO_1283","사천진항","2028-10-19 09:47","-4","고조"
"SO_1283","사천진항","2028-10-19 16:07","25","저조"
"SO_1283","사천진항","2028-10-19 21:49","11","고조"
"SO_1283","사천진항","2028-10-20 03:23","31","저조"
"SO_1283","사천진항","2028-10-20 10:37","-4","고조"
"SO_1283","사천진항","2028-10-19 02:49","28","저조"
"SO_1283","사천진항","2028-10-19 09:47","-4","고조"
"SO_1283","사천진항","2028-10-19 16:07","25","저조"
"SO_1283","사천진항","2028-10-19 21:49","11","고조"
"SO_1283","사천진항","2028-10-20 03:23","31","저조"
"SO_1283","사천진항","2028-10-20 10:37","-4","고조"
"SO_1283","사천진항","2028-10-20 17:08","24","저조"
"SO_1283","사천진항","2028-10-20 22:23","15","고조"
"SO_1283","사천진항","2028-10-21 03:58","32","저조"
"SO_1283","사천진항","2028-10-21 11:29","-2","고조"
"SO_1283","사천진항","2028-10-20 03:23","31","저조"
"SO_1283","사천진항","2028-10-20 10:37","-4","고조"
"SO_1283","사천진항","2028-10-20 17:08","24","저조"
"SO_1283","사천진항","2028-10-20 22:23","15","고조"
"SO_1283","사천진항","2028-10-21 03:58","32","저조"
"SO_1283","사천진항","2028-10-21 11:29","-2","고조"
"SO_1283","사천진항","2028-10-21 18:29","24","저조"
"SO_1283","사천진항","2028-10-21 22:56","18","고조"
"SO_1283","사천진항","2028-10-22 04:35","33","저조"
"SO_1283","사천진항","2028-10-22 12:28","","고조"
"SO_1283","사천진항","2028-10-21 03:58","32","저조"
"SO_1283","사천진항","2028-10-21 11:29","-2","고조"
"SO_1283","사천진항","2028-10-21 18:29","24","저조"
"SO_1283","사천진항","2028-10-21 22:56","18","고조"
"SO_1283","사천진항","2028-10-22 04:35","33","저조"
"SO_1283","사천진항","2028-10-22 12:28","","고조"
"SO_1283","사천진항","2028-10-22 19:56","23","저조"
"SO_1283","사천진항","2028-10-22 23:29","21","고조"
"SO_1283","사천진항","2028-10-23 05:16","32","저조"
"SO_1283","사천진항","2028-10-23 13:31","3","고조"
"SO_1283","사천진항","2028-10-22 04:35","33","저조"
"SO_1283","사천진항","2028-10-22 12:28","","고조"
"SO_1283","사천진항","2028-10-22 19:56","23","저조"
"SO_1283","사천진항","2028-10-22 23:29","21","고조"
"SO_1283","사천진항","2028-10-23 05:16","32","저조"
"SO_1283","사천진항","2028-10-23 13:31","3","고조"
"SO_1283","사천진항","2028-10-23 21:13","23","저조"
"SO_1283","사천진항","2028-10-24 00:07","22","고조"
"SO_1283","사천진항","2028-10-24 06:05","30","저조"
"SO_1283","사천진항","2028-10-24 14:38","5","고조"
"SO_1283","사천진항","2028-10-23 05:16","32","저조"
"SO_1283","사천진항","2028-10-23 13:31","3","고조"
"SO_1283","사천진항","2028-10-23 21:13","23","저조"
"SO_1283","사천진항","2028-10-24 00:07","22","고조"
"SO_1283","사천진항","2028-10-24 06:05","30","저조"
"SO_1283","사천진항","2028-10-24 14:38","5","고조"
"SO_1283","사천진항","2028-10-24 22:54","22","저조"
"SO_1283","사천진항","2028-10-25 02:15","21","고조"
"SO_1283","사천진항","2028-10-25 07:16","27","저조"
"SO_1283","사천진항","2028-10-25 15:48","5","고조"
"SO_1283","사천진항","2028-10-24 00:07","22","고조"
"SO_1283","사천진항","2028-10-24 06:05","30","저조"
"SO_1283","사천진항","2028-10-24 14:38","5","고조"
"SO_1283","사천진항","2028-10-24 22:54","22","저조"
"SO_1283","사천진항","2028-10-25 02:15","21","고조"
"SO_1283","사천진항","2028-10-25 07:16","27","저조"
"SO_1283","사천진항","2028-10-25 15:48","5","고조"
"SO_1283","사천진항","2028-10-26 00:03","21","저조"
"SO_1283","사천진항","2028-10-26 03:56","19","고조"
"SO_1283","사천진항","2028-10-26 08:46","23","저조"
"SO_1283","사천진항","2028-10-25 02:15","21","고조"
"SO_1283","사천진항","2028-10-25 07:16","27","저조"
"SO_1283","사천진항","2028-10-25 15:48","5","고조"
"SO_1283","사천진항","2028-10-26 00:03","21","저조"
"SO_1283","사천진항","2028-10-26 03:56","19","고조"
"SO_1283","사천진항","2028-10-26 08:46","23","저조"
"SO_1283","사천진항","2028-10-26 16:58","5","고조"
"SO_1283","사천진항","2028-10-27 00:22","19","저조"
"SO_1283","사천진항","2028-10-27 05:17","15","고조"
"SO_1283","사천진항","2028-10-27 10:14","20","저조"
"SO_1283","사천진항","2028-10-26 00:03","21","저조"
"SO_1283","사천진항","2028-10-26 03:56","19","고조"
"SO_1283","사천진항","2028-10-26 08:46","23","저조"
"SO_1283","사천진항","2028-10-26 16:58","5","고조"
"SO_1283","사천진항","2028-10-27 00:22","19","저조"
"SO_1283","사천진항","2028-10-27 05:17","15","고조"
"SO_1283","사천진항","2028-10-27 10:14","20","저조"
"SO_1283","사천진항","2028-10-27 17:56","4","고조"
"SO_1283","사천진항","2028-10-28 00:39","18","저조"
"SO_1283","사천진항","2028-10-28 06:14","10","고조"
"SO_1283","사천진항","2028-10-27 00:22","19","저조"
"SO_1283","사천진항","2028-10-27 05:17","15","고조"
"SO_1283","사천진항","2028-10-27 10:14","20","저조"
"SO_1283","사천진항","2028-10-27 17:56","4","고조"
"SO_1283","사천진항","2028-10-28 00:39","18","저조"
"SO_1283","사천진항","2028-10-28 06:14","10","고조"
"SO_1283","사천진항","2028-10-28 11:42","17","저조"
"SO_1283","사천진항","2028-10-28 18:39","3","고조"
"SO_1283","사천진항","2028-10-29 00:57","16","저조"
"SO_1283","사천진항","2028-10-29 06:56","5","고조"
"SO_1283","사천진항","2028-10-28 00:39","18","저조"
"SO_1283","사천진항","2028-10-28 06:14","10","고조"
"SO_1283","사천진항","2028-10-28 11:42","17","저조"
"SO_1283","사천진항","2028-10-28 18:39","3","고조"
"SO_1283","사천진항","2028-10-29 00:57","16","저조"
"SO_1283","사천진항","2028-10-29 06:56","5","고조"
"SO_1283","사천진항","2028-10-29 12:47","16","저조"
"SO_1283","사천진항","2028-10-29 19:13","3","고조"
"SO_1283","사천진항","2028-10-30 01:15","16","저조"
"SO_1283","사천진항","2028-10-30 07:31","2","고조"
"SO_1283","사천진항","2028-10-29 00:57","16","저조"
"SO_1283","사천진항","2028-10-29 06:56","5","고조"
"SO_1283","사천진항","2028-10-29 12:47","16","저조"
"SO_1283","사천진항","2028-10-29 19:13","3","고조"
"SO_1283","사천진항","2028-10-30 01:15","16","저조"
"SO_1283","사천진항","2028-10-30 07:31","2","고조"
"SO_1283","사천진항","2028-10-30 13:37","15","저조"
"SO_1283","사천진항","2028-10-30 19:40","3","고조"
"SO_1283","사천진항","2028-10-31 01:33","16","저조"
"SO_1283","사천진항","2028-10-31 08:04","-1","고조"
"SO_1283","사천진항","2028-10-30 01:15","16","저조"
"SO_1283","사천진항","2028-10-30 07:31","2","고조"
"SO_1283","사천진항","2028-10-30 13:37","15","저조"
"SO_1283","사천진항","2028-10-30 19:40","3","고조"
"SO_1283","사천진항","2028-10-31 01:33","16","저조"
"SO_1283","사천진항","2028-10-31 08:04","-1","고조"
"SO_1283","사천진항","2028-10-31 14:19","15","저조"
"SO_1283","사천진항","2028-10-31 20:05","4","고조"
"SO_1283","사천진항","2028-11-01 01:51","18","저조"
"SO_1283","사천진항","2028-11-01 08:35","-3","고조"
"SO_1283","사천진항","2028-10-31 01:33","16","저조"
"SO_1283","사천진항","2028-10-31 08:04","-1","고조"
"SO_1283","사천진항","2028-10-31 14:19","15","저조"
"SO_1283","사천진항","2028-10-31 20:05","4","고조"
"SO_1283","사천진항","2028-11-01 01:51","18","저조"
"SO_1283","사천진항","2028-11-01 08:35","-3","고조"
"SO_1283","사천진항","2028-11-01 14:58","15","저조"
"SO_1283","사천진항","2028-11-01 20:29","6","고조"
"SO_1283","사천진항","2028-11-02 02:12","20","저조"
"SO_1283","사천진항","2028-11-02 09:06","-4","고조"
"SO_1283","사천진항","2028-11-01 01:51","18","저조"
"SO_1283","사천진항","2028-11-01 08:35","-3","고조"
"SO_1283","사천진항","2028-11-01 14:58","15","저조"
"SO_1283","사천진항","2028-11-01 20:29","6","고조"
"SO_1283","사천진항","2028-11-02 02:12","20","저조"
"SO_1283","사천진항","2028-11-02 09:06","-4","고조"
"SO_1283","사천진항","2028-11-02 15:36","16","저조"
"SO_1283","사천진항","2028-11-02 20:53","8","고조"
"SO_1283","사천진항","2028-11-03 02:35","22","저조"
"SO_1283","사천진항","2028-11-03 09:40","-4","고조"
"SO_1283","사천진항","2028-11-02 02:12","20","저조"
"SO_1283","사천진항","2028-11-02 09:06","-4","고조"
"SO_1283","사천진항","2028-11-02 15:36","16","저조"
"SO_1283","사천진항","2028-11-02 20:53","8","고조"
"SO_1283","사천진항","2028-11-03 02:35","22","저조"
"SO_1283","사천진항","2028-11-03 09:40","-4","고조"
"SO_1283","사천진항","2028-11-03 16:16","18","저조"
"SO_1283","사천진항","2028-11-03 21:19","11","고조"
"SO_1283","사천진항","2028-11-04 03:02","25","저조"
"SO_1283","사천진항","2028-11-04 10:15","-3","고조"
"SO_1283","사천진항","2028-11-03 02:35","22","저조"
"SO_1283","사천진항","2028-11-03 09:40","-4","고조"
"SO_1283","사천진항","2028-11-03 16:16","18","저조"
"SO_1283","사천진항","2028-11-03 21:19","11","고조"
"SO_1283","사천진항","2028-11-04 03:02","25","저조"
"SO_1283","사천진항","2028-11-04 10:15","-3","고조"
"SO_1283","사천진항","2028-11-04 17:00","19","저조"
"SO_1283","사천진항","2028-11-04 21:47","13","고조"
"SO_1283","사천진항","2028-11-05 03:32","27","저조"
"SO_1283","사천진항","2028-11-05 10:55","-2","고조"
"SO_1283","사천진항","2028-11-04 03:02","25","저조"
"SO_1283","사천진항","2028-11-04 10:15","-3","고조"
"SO_1283","사천진항","2028-11-04 17:00","19","저조"
"SO_1283","사천진항","2028-11-04 21:47","13","고조"
"SO_1283","사천진항","2028-11-05 03:32","27","저조"
"SO_1283","사천진항","2028-11-05 10:55","-2","고조"
"SO_1283","사천진항","2028-11-05 17:58","19","저조"
"SO_1283","사천진항","2028-11-05 22:17","15","고조"
"SO_1283","사천진항","2028-11-06 04:06","28","저조"
"SO_1283","사천진항","2028-11-06 11:40","-1","고조"
"SO_1283","사천진항","2028-11-05 03:32","27","저조"
"SO_1283","사천진항","2028-11-05 10:55","-2","고조"
"SO_1283","사천진항","2028-11-05 17:58","19","저조"
"SO_1283","사천진항","2028-11-05 22:17","15","고조"
"SO_1283","사천진항","2028-11-06 04:06","28","저조"
"SO_1283","사천진항","2028-11-06 11:40","-1","고조"
"SO_1283","사천진항","2028-11-06 19:12","19","저조"
"SO_1283","사천진항","2028-11-06 22:51","16","고조"
"SO_1283","사천진항","2028-11-07 04:46","28","저조"
"SO_1283","사천진항","2028-11-07 12:33","","고조"
"SO_1283","사천진항","2028-11-06 04:06","28","저조"
"SO_1283","사천진항","2028-11-06 11:40","-1","고조"
"SO_1283","사천진항","2028-11-06 19:12","19","저조"
"SO_1283","사천진항","2028-11-06 22:51","16","고조"
"SO_1283","사천진항","2028-11-07 04:46","28","저조"
"SO_1283","사천진항","2028-11-07 12:33","","고조"
"SO_1283","사천진항","2028-11-07 20:21","18","저조"
"SO_1283","사천진항","2028-11-07 23:34","17","고조"
"SO_1283","사천진항","2028-11-08 05:34","27","저조"
"SO_1283","사천진항","2028-11-08 13:32","1","고조"
"SO_1283","사천진항","2028-11-07 04:46","28","저조"
"SO_1283","사천진항","2028-11-07 12:33","","고조"
"SO_1283","사천진항","2028-11-07 20:21","18","저조"
"SO_1283","사천진항","2028-11-07 23:34","17","고조"
"SO_1283","사천진항","2028-11-08 05:34","27","저조"
"SO_1283","사천진항","2028-11-08 13:32","1","고조"
"SO_1283","사천진항","2028-11-08 21:26","17","저조"
"SO_1283","사천진항","2028-11-09 00:46","16","고조"
"SO_1283","사천진항","2028-11-09 06:38","25","저조"
"SO_1283","사천진항","2028-11-09 14:37","1","고조"
"SO_1283","사천진항","2028-11-08 05:34","27","저조"
"SO_1283","사천진항","2028-11-08 13:32","1","고조"
"SO_1283","사천진항","2028-11-08 21:26","17","저조"
"SO_1283","사천진항","2028-11-09 00:46","16","고조"
"SO_1283","사천진항","2028-11-09 06:38","25","저조"
"SO_1283","사천진항","2028-11-09 14:37","1","고조"
"SO_1283","사천진항","2028-11-09 22:25","16","저조"
"SO_1283","사천진항","2028-11-10 02:25","14","고조"
"SO_1283","사천진항","2028-11-10 07:54","22","저조"
"SO_1283","사천진항","2028-11-10 15:47","","고조"
"SO_1283","사천진항","2028-11-09 00:46","16","고조"
"SO_1283","사천진항","2028-11-09 06:38","25","저조"
"SO_1283","사천진항","2028-11-09 14:37","1","고조"
"SO_1283","사천진항","2028-11-09 22:25","16","저조"
"SO_1283","사천진항","2028-11-10 02:25","14","고조"
"SO_1283","사천진항","2028-11-10 07:54","22","저조"
"SO_1283","사천진항","2028-11-10 15:47","","고조"
"SO_1283","사천진항","2028-11-10 23:05","16","저조"
"SO_1283","사천진항","2028-11-11 04:01","10","고조"
"SO_1283","사천진항","2028-11-11 09:14","19","저조"
"SO_1283","사천진항","2028-11-10 02:25","14","고조"
"SO_1283","사천진항","2028-11-10 07:54","22","저조"
"SO_1283","사천진항","2028-11-10 15:47","","고조"
"SO_1283","사천진항","2028-11-10 23:05","16","저조"
"SO_1283","사천진항","2028-11-11 04:01","10","고조"
"SO_1283","사천진항","2028-11-11 09:14","19","저조"
"SO_1283","사천진항","2028-11-11 16:55","","고조"
"SO_1283","사천진항","2028-11-11 23:35","16","저조"
"SO_1283","사천진항","2028-11-12 05:20","5","고조"
"SO_1283","사천진항","2028-11-12 10:47","17","저조"
"SO_1283","사천진항","2028-11-11 04:01","10","고조"
"SO_1283","사천진항","2028-11-11 09:14","19","저조"
"SO_1283","사천진항","2028-11-11 16:55","","고조"
"SO_1283","사천진항","2028-11-11 23:35","16","저조"
"SO_1283","사천진항","2028-11-12 05:20","5","고조"
"SO_1283","사천진항","2028-11-12 10:47","17","저조"
"SO_1283","사천진항","2028-11-12 17:53","","고조"
"SO_1283","사천진항","2028-11-13 00:04","16","저조"
"SO_1283","사천진항","2028-11-13 06:20","","고조"
"SO_1283","사천진항","2028-11-13 12:19","17","저조"
"SO_1283","사천진항","2028-11-12 05:20","5","고조"
"SO_1283","사천진항","2028-11-12 10:47","17","저조"
"SO_1283","사천진항","2028-11-12 17:53","","고조"
"SO_1283","사천진항","2028-11-13 00:04","16","저조"
"SO_1283","사천진항","2028-11-13 06:20","","고조"
"SO_1283","사천진항","2028-11-13 12:19","17","저조"
"SO_1283","사천진항","2028-11-13 18:40","2","고조"
"SO_1283","사천진항","2028-11-14 00:34","18","저조"
"SO_1283","사천진항","2028-11-14 07:11","-4","고조"
"SO_1283","사천진항","2028-11-14 13:28","17","저조"
"SO_1283","사천진항","2028-11-13 00:04","16","저조"
"SO_1283","사천진항","2028-11-13 06:20","","고조"
"SO_1283","사천진항","2028-11-13 12:19","17","저조"
"SO_1283","사천진항","2028-11-13 18:40","2","고조"
"SO_1283","사천진항","2028-11-14 00:34","18","저조"
"SO_1283","사천진항","2028-11-14 07:11","-4","고조"
"SO_1283","사천진항","2028-11-14 13:28","17","저조"
"SO_1283","사천진항","2028-11-14 19:22","4","고조"
"SO_1283","사천진항","2028-11-15 01:06","21","저조"
"SO_1283","사천진항","2028-11-15 08:00","-7","고조"
"SO_1283","사천진항","2028-11-14 00:34","18","저조"
"SO_1283","사천진항","2028-11-14 07:11","-4","고조"
"SO_1283","사천진항","2028-11-14 13:28","17","저조"
"SO_1283","사천진항","2028-11-14 19:22","4","고조"
"SO_1283","사천진항","2028-11-15 01:06","21","저조"
"SO_1283","사천진항","2028-11-15 08:00","-7","고조"
"SO_1283","사천진항","2028-11-15 14:27","18","저조"
"SO_1283","사천진항","2028-11-15 20:02","6","고조"
"SO_1283","사천진항","2028-11-16 01:41","24","저조"
"SO_1283","사천진항","2028-11-16 08:49","-9","고조"
"SO_1283","사천진항","2028-11-15 01:06","21","저조"
"SO_1283","사천진항","2028-11-15 08:00","-7","고조"
"SO_1283","사천진항","2028-11-15 14:27","18","저조"
"SO_1283","사천진항","2028-11-15 20:02","6","고조"
"SO_1283","사천진항","2028-11-16 01:41","24","저조"
"SO_1283","사천진항","2028-11-16 08:49","-9","고조"
"SO_1283","사천진항","2028-11-16 15:24","18","저조"
"SO_1283","사천진항","2028-11-16 20:39","9","고조"
"SO_1283","사천진항","2028-11-17 02:18","27","저조"
"SO_1283","사천진항","2028-11-17 09:38","-9","고조"
"SO_1283","사천진항","2028-11-16 01:41","24","저조"
"SO_1283","사천진항","2028-11-16 08:49","-9","고조"
"SO_1283","사천진항","2028-11-16 15:24","18","저조"
"SO_1283","사천진항","2028-11-16 20:39","9","고조"
"SO_1283","사천진항","2028-11-17 02:18","27","저조"
"SO_1283","사천진항","2028-11-17 09:38","-9","고조"
"SO_1283","사천진항","2028-11-17 16:25","19","저조"
"SO_1283","사천진항","2028-11-17 21:16","12","고조"
"SO_1283","사천진항","2028-11-18 02:55","29","저조"
"SO_1283","사천진항","2028-11-18 10:30","-8","고조"
"SO_1283","사천진항","2028-11-17 02:18","27","저조"
"SO_1283","사천진항","2028-11-17 09:38","-9","고조"
"SO_1283","사천진항","2028-11-17 16:25","19","저조"
"SO_1283","사천진항","2028-11-17 21:16","12","고조"
"SO_1283","사천진항","2028-11-18 02:55","29","저조"
"SO_1283","사천진항","2028-11-18 10:30","-8","고조"
"SO_1283","사천진항","2028-11-18 17:30","19","저조"
"SO_1283","사천진항","2028-11-18 21:53","14","고조"
"SO_1283","사천진항","2028-11-19 03:35","30","저조"
"SO_1283","사천진항","2028-11-19 11:22","-7","고조"
"SO_1283","사천진항","2028-11-18 02:55","29","저조"
"SO_1283","사천진항","2028-11-18 10:30","-8","고조"
"SO_1283","사천진항","2028-11-18 17:30","19","저조"
"SO_1283","사천진항","2028-11-18 21:53","14","고조"
"SO_1283","사천진항","2028-11-19 03:35","30","저조"
"SO_1283","사천진항","2028-11-19 11:22","-7","고조"
"SO_1283","사천진항","2028-11-19 18:29","19","저조"
"SO_1283","사천진항","2028-11-19 22:31","15","고조"
"SO_1283","사천진항","2028-11-20 04:17","30","저조"
"SO_1283","사천진항","2028-11-20 12:13","-5","고조"
"SO_1283","사천진항","2028-11-19 03:35","30","저조"
"SO_1283","사천진항","2028-11-19 11:22","-7","고조"
"SO_1283","사천진항","2028-11-19 18:29","19","저조"
"SO_1283","사천진항","2028-11-19 22:31","15","고조"
"SO_1283","사천진항","2028-11-20 04:17","30","저조"
"SO_1283","사천진항","2028-11-20 12:13","-5","고조"
"SO_1283","사천진항","2028-11-20 19:23","18","저조"
"SO_1283","사천진항","2028-11-20 23:15","15","고조"
"SO_1283","사천진항","2028-11-21 05:01","28","저조"
"SO_1283","사천진항","2028-11-21 13:05","-3","고조"
"SO_1283","사천진항","2028-11-20 04:17","30","저조"
"SO_1283","사천진항","2028-11-20 12:13","-5","고조"
"SO_1283","사천진항","2028-11-20 19:23","18","저조"
"SO_1283","사천진항","2028-11-20 23:15","15","고조"
"SO_1283","사천진항","2028-11-21 05:01","28","저조"
"SO_1283","사천진항","2028-11-21 13:05","-3","고조"
"SO_1283","사천진항","2028-11-21 20:16","17","저조"
"SO_1283","사천진항","2028-11-22 00:18","15","고조"
"SO_1283","사천진항","2028-11-22 05:51","24","저조"
"SO_1283","사천진항","2028-11-22 13:56","-1","고조"
"SO_1283","사천진항","2028-11-21 05:01","28","저조"
"SO_1283","사천진항","2028-11-21 13:05","-3","고조"
"SO_1283","사천진항","2028-11-21 20:16","17","저조"
"SO_1283","사천진항","2028-11-22 00:18","15","고조"
"SO_1283","사천진항","2028-11-22 05:51","24","저조"
"SO_1283","사천진항","2028-11-22 13:56","-1","고조"
"SO_1283","사천진항","2028-11-22 21:14","16","저조"
"SO_1283","사천진항","2028-11-23 01:41","14","고조"
"SO_1283","사천진항","2028-11-23 06:47","20","저조"
"SO_1283","사천진항","2028-11-23 14:49","","고조"
"SO_1283","사천진항","2028-11-22 00:18","15","고조"
"SO_1283","사천진항","2028-11-22 05:51","24","저조"
"SO_1283","사천진항","2028-11-22 13:56","-1","고조"
"SO_1283","사천진항","2028-11-22 21:14","16","저조"
"SO_1283","사천진항","2028-11-23 01:41","14","고조"
"SO_1283","사천진항","2028-11-23 06:47","20","저조"
"SO_1283","사천진항","2028-11-23 14:49","","고조"
"SO_1283","사천진항","2028-11-23 22:15","14","저조"
"SO_1283","사천진항","2028-11-24 03:12","11","고조"
"SO_1283","사천진항","2028-11-24 07:50","16","저조"
"SO_1283","사천진항","2028-11-23 01:41","14","고조"
"SO_1283","사천진항","2028-11-23 06:47","20","저조"
"SO_1283","사천진항","2028-11-23 14:49","","고조"
"SO_1283","사천진항","2028-11-23 22:15","14","저조"
"SO_1283","사천진항","2028-11-24 03:12","11","고조"
"SO_1283","사천진항","2028-11-24 07:50","16","저조"
"SO_1283","사천진항","2028-11-24 15:48","1","고조"
"SO_1283","사천진항","2028-11-24 23:02","13","저조"
"SO_1283","사천진항","2028-11-25 04:42","8","고조"
"SO_1283","사천진항","2028-11-25 09:06","12","저조"
"SO_1283","사천진항","2028-11-24 03:12","11","고조"
"SO_1283","사천진항","2028-11-24 07:50","16","저조"
"SO_1283","사천진항","2028-11-24 15:48","1","고조"
"SO_1283","사천진항","2028-11-24 23:02","13","저조"
"SO_1283","사천진항","2028-11-25 04:42","8","고조"
"SO_1283","사천진항","2028-11-25 09:06","12","저조"
"SO_1283","사천진항","2028-11-25 16:48","2","고조"
"SO_1283","사천진항","2028-11-25 23:35","13","저조"
"SO_1283","사천진항","2028-11-26 05:45","4","고조"
"SO_1283","사천진항","2028-11-26 11:13","9","저조"
"SO_1283","사천진항","2028-11-25 04:42","8","고조"
"SO_1283","사천진항","2028-11-25 09:06","12","저조"
"SO_1283","사천진항","2028-11-25 16:48","2","고조"
"SO_1283","사천진항","2028-11-25 23:35","13","저조"
"SO_1283","사천진항","2028-11-26 05:45","4","고조"
"SO_1283","사천진항","2028-11-26 11:13","9","저조"
"SO_1283","사천진항","2028-11-26 17:37","2","고조"
"SO_1283","사천진항","2028-11-27 00:01","13","저조"
"SO_1283","사천진항","2028-11-27 06:30","1","고조"
"SO_1283","사천진항","2028-11-27 12:36","9","저조"
"SO_1283","사천진항","2028-11-26 05:45","4","고조"
"SO_1283","사천진항","2028-11-26 11:13","9","저조"
"SO_1283","사천진항","2028-11-26 17:37","2","고조"
"SO_1283","사천진항","2028-11-27 00:01","13","저조"
"SO_1283","사천진항","2028-11-27 06:30","1","고조"
"SO_1283","사천진항","2028-11-27 12:36","9","저조"
"SO_1283","사천진항","2028-11-27 18:15","3","고조"
"SO_1283","사천진항","2028-11-28 00:24","14","저조"
"SO_1283","사천진항","2028-11-28 07:07","-2","고조"
"SO_1283","사천진항","2028-11-28 13:34","10","저조"
"SO_1283","사천진항","2028-11-27 00:01","13","저조"
"SO_1283","사천진항","2028-11-27 06:30","1","고조"
"SO_1283","사천진항","2028-11-27 12:36","9","저조"
"SO_1283","사천진항","2028-11-27 18:15","3","고조"
"SO_1283","사천진항","2028-11-28 00:24","14","저조"
"SO_1283","사천진항","2028-11-28 07:07","-2","고조"
"SO_1283","사천진항","2028-11-28 13:34","10","저조"
"SO_1283","사천진항","2028-11-28 18:47","5","고조"
"SO_1283","사천진항","2028-11-29 00:44","15","저조"
"SO_1283","사천진항","2028-11-29 07:42","-4","고조"
"SO_1283","사천진항","2028-11-28 00:24","14","저조"
"SO_1283","사천진항","2028-11-28 07:07","-2","고조"
"SO_1283","사천진항","2028-11-28 13:34","10","저조"
"SO_1283","사천진항","2028-11-28 18:47","5","고조"
"SO_1283","사천진항","2028-11-29 00:44","15","저조"
"SO_1283","사천진항","2028-11-29 07:42","-4","고조"
"SO_1283","사천진항","2028-11-29 14:23","11","저조"
"SO_1283","사천진항","2028-11-29 19:15","6","고조"
"SO_1283","사천진항","2028-11-30 01:06","18","저조"
"SO_1283","사천진항","2028-11-30 08:15","-5","고조"
"SO_1283","사천진항","2028-11-29 00:44","15","저조"
"SO_1283","사천진항","2028-11-29 07:42","-4","고조"
"SO_1283","사천진항","2028-11-29 14:23","11","저조"
"SO_1283","사천진항","2028-11-29 19:15","6","고조"
"SO_1283","사천진항","2028-11-30 01:06","18","저조"
"SO_1283","사천진항","2028-11-30 08:15","-5","고조"
"SO_1283","사천진항","2028-11-30 15:09","13","저조"
"SO_1283","사천진항","2028-11-30 19:43","8","고조"
"SO_1283","사천진항","2028-12-01 01:31","21","저조"
"SO_1283","사천진항","2028-12-01 08:50","-5","고조"
"SO_1283","사천진항","2028-11-30 01:06","18","저조"
"SO_1283","사천진항","2028-11-30 08:15","-5","고조"
"SO_1283","사천진항","2028-11-30 15:09","13","저조"
"SO_1283","사천진항","2028-11-30 19:43","8","고조"
"SO_1283","사천진항","2028-12-01 01:31","21","저조"
"SO_1283","사천진항","2028-12-01 08:50","-5","고조"
"SO_1283","사천진항","2028-12-01 15:55","15","저조"
"SO_1283","사천진항","2028-12-01 20:13","10","고조"
"SO_1283","사천진항","2028-12-02 02:02","23","저조"
"SO_1283","사천진항","2028-12-02 09:27","-6","고조"
"SO_1283","사천진항","2028-12-01 01:31","21","저조"
"SO_1283","사천진항","2028-12-01 08:50","-5","고조"
"SO_1283","사천진항","2028-12-01 15:55","15","저조"
"SO_1283","사천진항","2028-12-01 20:13","10","고조"
"SO_1283","사천진항","2028-12-02 02:02","23","저조"
"SO_1283","사천진항","2028-12-02 09:27","-6","고조"
"SO_1283","사천진항","2028-12-02 16:40","16","저조"
"SO_1283","사천진항","2028-12-02 20:45","12","고조"
"SO_1283","사천진항","2028-12-03 02:36","26","저조"
"SO_1283","사천진항","2028-12-03 10:08","-6","고조"
"SO_1283","사천진항","2028-12-02 02:02","23","저조"
"SO_1283","사천진항","2028-12-02 09:27","-6","고조"
"SO_1283","사천진항","2028-12-02 16:40","16","저조"
"SO_1283","사천진항","2028-12-02 20:45","12","고조"
"SO_1283","사천진항","2028-12-03 02:36","26","저조"
"SO_1283","사천진항","2028-12-03 10:08","-6","고조"
"SO_1283","사천진항","2028-12-03 17:22","17","저조"
"SO_1283","사천진항","2028-12-03 21:21","13","고조"
"SO_1283","사천진항","2028-12-04 03:14","28","저조"
"SO_1283","사천진항","2028-12-04 10:52","-6","고조"
"SO_1283","사천진항","2028-12-03 02:36","26","저조"
"SO_1283","사천진항","2028-12-03 10:08","-6","고조"
"SO_1283","사천진항","2028-12-03 17:22","17","저조"
"SO_1283","사천진항","2028-12-03 21:21","13","고조"
"SO_1283","사천진항","2028-12-04 03:14","28","저조"
"SO_1283","사천진항","2028-12-04 10:52","-6","고조"
"SO_1283","사천진항","2028-12-04 18:02","17","저조"
"SO_1283","사천진항","2028-12-04 22:02","13","고조"
"SO_1283","사천진항","2028-12-05 03:56","28","저조"
"SO_1283","사천진항","2028-12-05 11:38","-6","고조"
"SO_1283","사천진항","2028-12-04 03:14","28","저조"
"SO_1283","사천진항","2028-12-04 10:52","-6","고조"
"SO_1283","사천진항","2028-12-04 18:02","17","저조"
"SO_1283","사천진항","2028-12-04 22:02","13","고조"
"SO_1283","사천진항","2028-12-05 03:56","28","저조"
"SO_1283","사천진항","2028-12-05 11:38","-6","고조"
"SO_1283","사천진항","2028-12-05 18:41","17","저조"
"SO_1283","사천진항","2028-12-05 22:49","13","고조"
"SO_1283","사천진항","2028-12-06 04:42","27","저조"
"SO_1283","사천진항","2028-12-06 12:24","-5","고조"
"SO_1283","사천진항","2028-12-05 03:56","28","저조"
"SO_1283","사천진항","2028-12-05 11:38","-6","고조"
"SO_1283","사천진항","2028-12-05 18:41","17","저조"
"SO_1283","사천진항","2028-12-05 22:49","13","고조"
"SO_1283","사천진항","2028-12-06 04:42","27","저조"
"SO_1283","사천진항","2028-12-06 12:24","-5","고조"
"SO_1283","사천진항","2028-12-06 19:20","16","저조"
"SO_1283","사천진항","2028-12-06 23:49","12","고조"
"SO_1283","사천진항","2028-12-07 05:36","25","저조"
"SO_1283","사천진항","2028-12-07 13:11","-4","고조"
"SO_1283","사천진항","2028-12-06 04:42","27","저조"
"SO_1283","사천진항","2028-12-06 12:24","-5","고조"
"SO_1283","사천진항","2028-12-06 19:20","16","저조"
"SO_1283","사천진항","2028-12-06 23:49","12","고조"
"SO_1283","사천진항","2028-12-07 05:36","25","저조"
"SO_1283","사천진항","2028-12-07 13:11","-4","고조"
"SO_1283","사천진항","2028-12-07 20:02","15","저조"
"SO_1283","사천진항","2028-12-08 00:56","10","고조"
"SO_1283","사천진항","2028-12-08 06:35","22","저조"
"SO_1283","사천진항","2028-12-08 14:00","-3","고조"
"SO_1283","사천진항","2028-12-07 05:36","25","저조"
"SO_1283","사천진항","2028-12-07 13:11","-4","고조"
"SO_1283","사천진항","2028-12-07 20:02","15","저조"
"SO_1283","사천진항","2028-12-08 00:56","10","고조"
"SO_1283","사천진항","2028-12-08 06:35","22","저조"
"SO_1283","사천진항","2028-12-08 14:00","-3","고조"
"SO_1283","사천진항","2028-12-08 20:47","14","저조"
"SO_1283","사천진항","2028-12-09 02:11","8","고조"
"SO_1283","사천진항","2028-12-09 07:40","18","저조"
"SO_1283","사천진항","2028-12-09 14:53","-1","고조"
"SO_1283","사천진항","2028-12-08 00:56","10","고조"
"SO_1283","사천진항","2028-12-08 06:35","22","저조"
"SO_1283","사천진항","2028-12-08 14:00","-3","고조"
"SO_1283","사천진항","2028-12-08 20:47","14","저조"
"SO_1283","사천진항","2028-12-09 02:11","8","고조"
"SO_1283","사천진항","2028-12-09 07:40","18","저조"
"SO_1283","사천진항","2028-12-09 14:53","-1","고조"
"SO_1283","사천진항","2028-12-09 21:35","14","저조"
"SO_1283","사천진항","2028-12-10 03:39","5","고조"
"SO_1283","사천진항","2028-12-10 08:56","15","저조"
"SO_1283","사천진항","2028-12-09 02:11","8","고조"
"SO_1283","사천진항","2028-12-09 07:40","18","저조"
"SO_1283","사천진항","2028-12-09 14:53","-1","고조"
"SO_1283","사천진항","2028-12-09 21:35","14","저조"
"SO_1283","사천진항","2028-12-10 03:39","5","고조"
"SO_1283","사천진항","2028-12-10 08:56","15","저조"
"SO_1283","사천진항","2028-12-10 15:56","2","고조"
"SO_1283","사천진항","2028-12-10 22:23","16","저조"
"SO_1283","사천진항","2028-12-11 05:04","1","고조"
"SO_1283","사천진항","2028-12-11 10:56","13","저조"
"SO_1283","사천진항","2028-12-10 03:39","5","고조"
"SO_1283","사천진항","2028-12-10 08:56","15","저조"
"SO_1283","사천진항","2028-12-10 15:56","2","고조"
"SO_1283","사천진항","2028-12-10 22:23","16","저조"
"SO_1283","사천진항","2028-12-11 05:04","1","고조"
"SO_1283","사천진항","2028-12-11 10:56","13","저조"
"SO_1283","사천진항","2028-12-11 17:04","4","고조"
"SO_1283","사천진항","2028-12-11 23:08","17","저조"
"SO_1283","사천진항","2028-12-12 06:08","-2","고조"
"SO_1283","사천진항","2028-12-12 12:37","14","저조"
"SO_1283","사천진항","2028-12-11 05:04","1","고조"
"SO_1283","사천진항","2028-12-11 10:56","13","저조"
"SO_1283","사천진항","2028-12-11 17:04","4","고조"
"SO_1283","사천진항","2028-12-11 23:08","17","저조"
"SO_1283","사천진항","2028-12-12 06:08","-2","고조"
"SO_1283","사천진항","2028-12-12 12:37","14","저조"
"SO_1283","사천진항","2028-12-12 18:00","7","고조"
"SO_1283","사천진항","2028-12-12 23:50","20","저조"
"SO_1283","사천진항","2028-12-13 07:03","-5","고조"
"SO_1283","사천진항","2028-12-13 13:49","15","저조"
"SO_1283","사천진항","2028-12-12 06:08","-2","고조"
"SO_1283","사천진항","2028-12-12 12:37","14","저조"
"SO_1283","사천진항","2028-12-12 18:00","7","고조"
"SO_1283","사천진항","2028-12-12 23:50","20","저조"
"SO_1283","사천진항","2028-12-13 07:03","-5","고조"
"SO_1283","사천진항","2028-12-13 13:49","15","저조"
"SO_1283","사천진항","2028-12-13 18:47","10","고조"
"SO_1283","사천진항","2028-12-14 00:32","23","저조"
"SO_1283","사천진항","2028-12-14 07:55","-7","고조"
"SO_1283","사천진항","2028-12-14 14:57","16","저조"
"SO_1283","사천진항","2028-12-13 07:03","-5","고조"
"SO_1283","사천진항","2028-12-13 13:49","15","저조"
"SO_1283","사천진항","2028-12-13 18:47","10","고조"
"SO_1283","사천진항","2028-12-14 00:32","23","저조"
"SO_1283","사천진항","2028-12-14 07:55","-7","고조"
"SO_1283","사천진항","2028-12-14 14:57","16","저조"
"SO_1283","사천진항","2028-12-14 19:29","12","고조"
"SO_1283","사천진항","2028-12-15 01:14","26","저조"
"SO_1283","사천진항","2028-12-15 08:46","-8","고조"
"SO_1283","사천진항","2028-12-15 15:57","17","저조"
"SO_1283","사천진항","2028-12-14 00:32","23","저조"
"SO_1283","사천진항","2028-12-14 07:55","-7","고조"
"SO_1283","사천진항","2028-12-14 14:57","16","저조"
"SO_1283","사천진항","2028-12-14 19:29","12","고조"
"SO_1283","사천진항","2028-12-15 01:14","26","저조"
"SO_1283","사천진항","2028-12-15 08:46","-8","고조"
"SO_1283","사천진항","2028-12-15 15:57","17","저조"
"SO_1283","사천진항","2028-12-15 20:09","13","고조"
"SO_1283","사천진항","2028-12-16 01:56","28","저조"
"SO_1283","사천진항","2028-12-16 09:37","-8","고조"
"SO_1283","사천진항","2028-12-15 01:14","26","저조"
"SO_1283","사천진항","2028-12-15 08:46","-8","고조"
"SO_1283","사천진항","2028-12-15 15:57","17","저조"
"SO_1283","사천진항","2028-12-15 20:09","13","고조"
"SO_1283","사천진항","2028-12-16 01:56","28","저조"
"SO_1283","사천진항","2028-12-16 09:37","-8","고조"
"SO_1283","사천진항","2028-12-16 16:43","18","저조"
"SO_1283","사천진항","2028-12-16 20:50","14","고조"
"SO_1283","사천진항","2028-12-17 02:40","30","저조"
"SO_1283","사천진항","2028-12-17 10:25","-8","고조"
"SO_1283","사천진항","2028-12-16 01:56","28","저조"
"SO_1283","사천진항","2028-12-16 09:37","-8","고조"
"SO_1283","사천진항","2028-12-16 16:43","18","저조"
"SO_1283","사천진항","2028-12-16 20:50","14","고조"
"SO_1283","사천진항","2028-12-17 02:40","30","저조"
"SO_1283","사천진항","2028-12-17 10:25","-8","고조"
"SO_1283","사천진항","2028-12-17 17:21","18","저조"
"SO_1283","사천진항","2028-12-17 21:32","14","고조"
"SO_1283","사천진항","2028-12-18 03:23","30","저조"
"SO_1283","사천진항","2028-12-18 11:11","-7","고조"
"SO_1283","사천진항","2028-12-17 02:40","30","저조"
"SO_1283","사천진항","2028-12-17 10:25","-8","고조"
"SO_1283","사천진항","2028-12-17 17:21","18","저조"
"SO_1283","사천진항","2028-12-17 21:32","14","고조"
"SO_1283","사천진항","2028-12-18 03:23","30","저조"
"SO_1283","사천진항","2028-12-18 11:11","-7","고조"
"SO_1283","사천진항","2028-12-18 17:55","17","저조"
"SO_1283","사천진항","2028-12-18 22:18","13","고조"
"SO_1283","사천진항","2028-12-19 04:07","28","저조"
"SO_1283","사천진항","2028-12-19 11:52","-6","고조"
"SO_1283","사천진항","2028-12-18 03:23","30","저조"
"SO_1283","사천진항","2028-12-18 11:11","-7","고조"
"SO_1283","사천진항","2028-12-18 17:55","17","저조"
"SO_1283","사천진항","2028-12-18 22:18","13","고조"
"SO_1283","사천진항","2028-12-19 04:07","28","저조"
"SO_1283","사천진항","2028-12-19 11:52","-6","고조"
"SO_1283","사천진항","2028-12-19 18:28","16","저조"
"SO_1283","사천진항","2028-12-19 23:08","12","고조"
"SO_1283","사천진항","2028-12-20 04:51","25","저조"
"SO_1283","사천진항","2028-12-20 12:30","-5","고조"
"SO_1283","사천진항","2028-12-19 04:07","28","저조"
"SO_1283","사천진항","2028-12-19 11:52","-6","고조"
"SO_1283","사천진항","2028-12-19 18:28","16","저조"
"SO_1283","사천진항","2028-12-19 23:08","12","고조"
"SO_1283","사천진항","2028-12-20 04:51","25","저조"
"SO_1283","사천진항","2028-12-20 12:30","-5","고조"
"SO_1283","사천진항","2028-12-20 19:03","15","저조"
"SO_1283","사천진항","2028-12-21 00:01","10","고조"
"SO_1283","사천진항","2028-12-21 05:33","22","저조"
"SO_1283","사천진항","2028-12-21 13:05","-3","고조"
"SO_1283","사천진항","2028-12-20 04:51","25","저조"
"SO_1283","사천진항","2028-12-20 12:30","-5","고조"
"SO_1283","사천진항","2028-12-20 19:03","15","저조"
"SO_1283","사천진항","2028-12-21 00:01","10","고조"
"SO_1283","사천진항","2028-12-21 05:33","22","저조"
"SO_1283","사천진항","2028-12-21 13:05","-3","고조"
"SO_1283","사천진항","2028-12-21 19:40","14","저조"
"SO_1283","사천진항","2028-12-22 00:58","9","고조"
"SO_1283","사천진항","2028-12-22 06:17","18","저조"
"SO_1283","사천진항","2028-12-22 13:36","-1","고조"
"SO_1283","사천진항","2028-12-21 00:01","10","고조"
"SO_1283","사천진항","2028-12-21 05:33","22","저조"
"SO_1283","사천진항","2028-12-21 13:05","-3","고조"
"SO_1283","사천진항","2028-12-21 19:40","14","저조"
"SO_1283","사천진항","2028-12-22 00:58","9","고조"
"SO_1283","사천진항","2028-12-22 06:17","18","저조"
"SO_1283","사천진항","2028-12-22 13:36","-1","고조"
"SO_1283","사천진항","2028-12-22 20:21","13","저조"
"SO_1283","사천진항","2028-12-23 02:05","8","고조"
"SO_1283","사천진항","2028-12-23 07:02","14","저조"
"SO_1283","사천진항","2028-12-22 00:58","9","고조"
"SO_1283","사천진항","2028-12-22 06:17","18","저조"
"SO_1283","사천진항","2028-12-22 13:36","-1","고조"
"SO_1283","사천진항","2028-12-22 20:21","13","저조"
"SO_1283","사천진항","2028-12-23 02:05","8","고조"
"SO_1283","사천진항","2028-12-23 07:02","14","저조"
"SO_1283","사천진항","2028-12-23 14:03","1","고조"
"SO_1283","사천진항","2028-12-23 21:09","13","저조"
"SO_1283","사천진항","2028-12-24 03:44","6","고조"
"SO_1283","사천진항","2028-12-24 07:54","10","저조"
"SO_1283","사천진항","2028-12-23 02:05","8","고조"
"SO_1283","사천진항","2028-12-23 07:02","14","저조"
"SO_1283","사천진항","2028-12-23 14:03","1","고조"
"SO_1283","사천진항","2028-12-23 21:09","13","저조"
"SO_1283","사천진항","2028-12-24 03:44","6","고조"
"SO_1283","사천진항","2028-12-24 07:54","10","저조"
"SO_1283","사천진항","2028-12-24 14:23","3","고조"
"SO_1283","사천진항","2028-12-24 22:01","13","저조"
"SO_1283","사천진항","2028-12-25 05:04","4","고조"
"SO_1283","사천진항","2028-12-25 10:36","8","저조"
"SO_1283","사천진항","2028-12-24 03:44","6","고조"
"SO_1283","사천진항","2028-12-24 07:54","10","저조"
"SO_1283","사천진항","2028-12-24 14:23","3","고조"
"SO_1283","사천진항","2028-12-24 22:01","13","저조"
"SO_1283","사천진항","2028-12-25 05:04","4","고조"
"SO_1283","사천진항","2028-12-25 10:36","8","저조"
"SO_1283","사천진항","2028-12-25 14:40","6","고조"
"SO_1283","사천진항","2028-12-25 22:43","14","저조"
"SO_1283","사천진항","2028-12-26 05:58","2","고조"
"SO_1283","사천진항","2028-12-26 12:32","9","저조"
"SO_1283","사천진항","2028-12-25 05:04","4","고조"
"SO_1283","사천진항","2028-12-25 10:36","8","저조"
"SO_1283","사천진항","2028-12-25 14:40","6","고조"
"SO_1283","사천진항","2028-12-25 22:43","14","저조"
"SO_1283","사천진항","2028-12-26 05:58","2","고조"
"SO_1283","사천진항","2028-12-26 12:32","9","저조"
"SO_1283","사천진항","2028-12-26 15:02","8","고조"
"SO_1283","사천진항","2028-12-26 23:14","16","저조"
"SO_1283","사천진항","2028-12-27 06:40","","고조"
"SO_1283","사천진항","2028-12-27 13:54","11","저조"
"SO_1283","사천진항","2028-12-26 05:58","2","고조"
"SO_1283","사천진항","2028-12-26 12:32","9","저조"
"SO_1283","사천진항","2028-12-26 15:02","8","고조"
"SO_1283","사천진항","2028-12-26 23:14","16","저조"
"SO_1283","사천진항","2028-12-27 06:40","","고조"
"SO_1283","사천진항","2028-12-27 13:54","11","저조"
"SO_1283","사천진항","2028-12-27 17:31","10","고조"
"SO_1283","사천진항","2028-12-27 23:44","19","저조"
"SO_1283","사천진항","2028-12-28 07:19","-1","고조"
"SO_1283","사천진항","2028-12-28 15:08","13","저조"
"SO_1283","사천진항","2028-12-27 06:40","","고조"
"SO_1283","사천진항","2028-12-27 13:54","11","저조"
"SO_1283","사천진항","2028-12-27 17:31","10","고조"
"SO_1283","사천진항","2028-12-27 23:44","19","저조"
"SO_1283","사천진항","2028-12-28 07:19","-1","고조"
"SO_1283","사천진항","2028-12-28 15:08","13","저조"
"SO_1283","사천진항","2028-12-28 18:18","12","고조"
"SO_1283","사천진항","2028-12-29 00:18","21","저조"
"SO_1283","사천진항","2028-12-29 07:58","-2","고조"
"SO_1283","사천진항","2028-12-29 15:43","15","저조"
"SO_1283","사천진항","2028-12-28 07:19","-1","고조"
"SO_1283","사천진항","2028-12-28 15:08","13","저조"
"SO_1283","사천진항","2028-12-28 18:18","12","고조"
"SO_1283","사천진항","2028-12-29 00:18","21","저조"
"SO_1283","사천진항","2028-12-29 07:58","-2","고조"
"SO_1283","사천진항","2028-12-29 15:43","15","저조"
"SO_1283","사천진항","2028-12-29 18:58","13","고조"
"SO_1283","사천진항","2028-12-30 00:56","24","저조"
"SO_1283","사천진항","2028-12-30 08:38","-4","고조"
"SO_1283","사천진항","2028-12-30 16:10","16","저조"
"SO_1283","사천진항","2028-12-29 00:18","21","저조"
"SO_1283","사천진항","2028-12-29 07:58","-2","고조"
"SO_1283","사천진항","2028-12-29 15:43","15","저조"
"SO_1283","사천진항","2028-12-29 18:58","13","고조"
"SO_1283","사천진항","2028-12-30 00:56","24","저조"
"SO_1283","사천진항","2028-12-30 08:38","-4","고조"
"SO_1283","사천진항","2028-12-30 16:10","16","저조"
"SO_1283","사천진항","2028-12-30 19:38","14","고조"
"SO_1283","사천진항","2028-12-31 01:36","27","저조"
"SO_1283","사천진항","2028-12-31 09:20","-6","고조"
"SO_1283","사천진항","2028-12-30 00:56","24","저조"
"SO_1283","사천진항","2028-12-30 08:38","-4","고조"
"SO_1283","사천진항","2028-12-30 16:10","16","저조"
"SO_1283","사천진항","2028-12-30 19:38","14","고조"
"SO_1283","사천진항","2028-12-31 01:36","27","저조"
"SO_1283","사천진항","2028-12-31 09:20","-6","고조"
"SO_1283","사천진항","2028-12-31 16:35","17","저조"
"SO_1283","사천진항","2028-12-31 20:21","13","고조"
"SO_1283","사천진항","2029-01-09 00:00","26","저조"
"SO_1283","사천진항","2029-01-09 00:00","34","저조"