{"type":"FeatureCollection","features":[{"type":"Feature","id":"shp_wrn_poly.1","geometry":{"type":"MultiPolygon","coordinates":[[[[126.27391928,35.99998238],[126.27393368,35.99992896],[126.27391842,35.99992896],[126.27391127,35.99992896],[125,36],[124,38],[124.25569906,38],[124.75524308,37.99976766],[124.75350494,37.98939387],[124.72890659,37.84258285],[124.75038831,37.81087714],[124.7723922,37.77840074],[124.79837483,37.76259988],[124.8013762,37.76077465],[125.97458615,37.03710172],[125.97447931,37.03670501],[125.97030448,37.02120324],[125.96756712,37.01103901],[125.96039001,36.98842096],[125.96038987,36.98842053],[125.96035297,36.98830424],[125.86273986,36.68501598],[125.85720518,36.6678195],[125.8575077,36.66230309],[125.94657533,36.56215597],[125.99886765,36.50308588],[126.08680095,36.40334539],[126.09439775,36.39456264],[126.09443723,36.39452122],[126.09489677,36.39403895],[126.09544964,36.39345876],[126.09633964,36.39241154],[126.09755974,36.39097592],[126.1412124,36.34152952],[126.15331226,36.32789861],[126.19287186,36.28333333],[126.19331699,36.28264868],[126.19933501,36.26117537],[126.20898583,36.22673959],[126.2176389,36.19659069],[126.2226625,36.17937959],[126.22422209,36.17403638],[126.23065937,36.15211474],[126.23698968,36.12992042],[126.23969407,36.11991064],[126.24251907,36.10945445],[126.24858487,36.08875854],[126.24903266,36.08723074],[126.25532323,36.06498247],[126.26295518,36.03801813],[126.26751986,36.02261485],[126.26753936,36.02254908],[126.26812884,36.02055988],[126.26858409,36.01886433],[126.27086186,36.01038092],[126.27270257,36.00389529],[126.27315121,36.00258811],[126.27345653,36.0016985],[126.27391242,36.00000783],[126.27391928,35.99998238]]]]},"geometry_name":"the_geom","properties":{"id":"Shp_WRN_POLY.1","BLN_Flag":"1","Id_1":"","LAYER":"","STD_ID1":"","WarnCode":"S1252010","ZLEVEL":"","name":"서해중부안쪽먼바다","STN_IDX":101,"fct_zone_i":"12A20210"}},{"type":"Feature","id":"shp_wrn_poly.2","geometry":{"type":"MultiPolygon","coordinates":[[[[125.68125,37.955833],[125.674944,37.949556],[125.672028,37.954139],[125.675417,37.964139],[125.672889,37.968306],[125.678306,37.970361],[125.68326897,37.97766971],[125.69330776,37.97701804],[125.69375,37.9675],[125.6825,37.96375],[125.68125,37.955833]]],[[[125.66626349,37.97877362],[125.645,37.964583],[125.641694,37.968722],[125.63,37.969556],[125.632083,37.976667],[125.62794179,37.98126129],[125.66626349,37.97877362]]],[[[125.61946103,37.98181182],[125.618389,37.981278],[125.61497791,37.98210284],[125.61946103,37.98181182]]],[[[125.120361,37.9975],[125.116222,37.989139],[125.143333,37.99375],[125.138722,37.99],[125.137917,37.981667],[125.130833,37.977083],[125.150806,37.977083],[125.158361,37.98375],[125.168722,37.984139],[125.171222,37.976639],[125.163722,37.964139],[125.156639,37.962028],[125.155,37.957889],[125.143278,37.954556],[125.135806,37.963722],[125.1075,37.962083],[125.105833,37.964556],[125.101667,37.962056],[125.098306,37.964583],[125.084194,37.961222],[125.085417,37.970806],[125.080389,37.9725],[125.080778,37.983778],[125.062528,37.985417],[125.058361,37.984583],[125.051639,37.975417],[125.035833,37.971222],[125.030028,37.962056],[125.02,37.960389],[125.015833,37.967056],[125.004139,37.959583],[124.995806,37.962083],[124.983778,37.938306],[124.97625,37.930833],[124.98575,37.919556],[124.99125,37.924972],[124.992472,37.932889],[125,37.932861],[125.002528,37.939583],[125.009972,37.942889],[125.016278,37.939972],[125.016306,37.935],[125.005444,37.926667],[125.008306,37.911222],[125.020833,37.909556],[125.036611,37.900417],[125.043361,37.90375],[125.055833,37.902889],[125.06,37.909583],[125.060861,37.90625],[125.076222,37.899167],[125.075389,37.887444],[125.085806,37.879528],[125.110833,37.877028],[125.131694,37.867889],[125.136667,37.867917],[125.142056,37.878306],[125.151194,37.884139],[125.148333,37.885389],[125.138306,37.880417],[125.137944,37.8825],[125.150806,37.888722],[125.153694,37.880833],[125.149167,37.874556],[125.160861,37.86875],[125.174944,37.869583],[125.192472,37.873778],[125.204194,37.884583],[125.214972,37.885417],[125.231222,37.897472],[125.220806,37.908778],[125.213361,37.912056],[125.220028,37.91125],[125.229972,37.901222],[125.238778,37.903333],[125.237944,37.909139],[125.228778,37.914167],[125.236278,37.919972],[125.228694,37.925833],[125.239194,37.924556],[125.249583,37.932472],[125.235417,37.940833],[125.232889,37.949111],[125.237528,37.949528],[125.244167,37.940417],[125.265444,37.932472],[125.246194,37.924139],[125.244611,37.904139],[125.249167,37.907889],[125.250806,37.90375],[125.27,37.898722],[125.284972,37.900389],[125.295389,37.888333],[125.281639,37.88375],[125.280417,37.879139],[125.3025,37.881222],[125.306222,37.874972],[125.288333,37.86875],[125.275444,37.855833],[125.273722,37.846639],[125.267528,37.842083],[125.234972,37.830389],[125.228722,37.814139],[125.231667,37.81375],[125.239167,37.821222],[125.254222,37.821278],[125.26,37.81625],[125.263333,37.81875],[125.270861,37.817056],[125.275778,37.807861],[125.281639,37.80375],[125.289194,37.803778],[125.288778,37.808306],[125.275861,37.819528],[125.254583,37.8275],[125.259167,37.830389],[125.266639,37.827889],[125.275778,37.832083],[125.287083,37.828306],[125.278694,37.825833],[125.282444,37.823694],[125.295806,37.828722],[125.304167,37.835417],[125.309139,37.835361],[125.310389,37.830833],[125.305389,37.823306],[125.309583,37.820833],[125.301667,37.819556],[125.294556,37.813333],[125.300028,37.801222],[125.308361,37.807056],[125.320833,37.809556],[125.33125,37.823306],[125.330833,37.827056],[125.338306,37.826222],[125.339139,37.820417],[125.350806,37.822083],[125.350833,37.827917],[125.34625,37.826694],[125.354556,37.831667],[125.35375,37.844972],[125.3575,37.849583],[125.364139,37.844583],[125.37,37.854583],[125.382944,37.854167],[125.380861,37.862028],[125.37,37.861222],[125.3575,37.867083],[125.350778,37.867111],[125.347083,37.870833],[125.355778,37.877083],[125.361667,37.875417],[125.366667,37.87875],[125.373333,37.878722],[125.377972,37.872444],[125.371667,37.870417],[125.371222,37.8675],[125.375,37.866222],[125.380028,37.869556],[125.384944,37.865389],[125.388306,37.86875],[125.394139,37.866222],[125.391222,37.859139],[125.394139,37.857083],[125.401639,37.859556],[125.407472,37.857083],[125.410833,37.860389],[125.418278,37.85875],[125.421667,37.865389],[125.429139,37.86625],[125.427889,37.856667],[125.422028,37.847472],[125.424944,37.84625],[125.435861,37.852056],[125.434139,37.842917],[125.441639,37.842944],[125.452889,37.849111],[125.4475,37.85375],[125.442083,37.854139],[125.442472,37.857056],[125.452083,37.859139],[125.451639,37.867111],[125.439972,37.872889],[125.428778,37.870833],[125.430389,37.875778],[125.437111,37.88],[125.434139,37.88625],[125.422556,37.882083],[125.395806,37.882056],[125.375361,37.8975],[125.378306,37.907056],[125.3875,37.907056],[125.392444,37.902889],[125.394111,37.907889],[125.401639,37.899556],[125.4075,37.902056],[125.411639,37.89375],[125.423306,37.897056],[125.424944,37.903722],[125.433306,37.894611],[125.442944,37.903333],[125.440472,37.909167],[125.4375,37.912083],[125.417917,37.915],[125.425,37.915389],[125.426667,37.918722],[125.431667,37.917083],[125.436667,37.92625],[125.453306,37.932889],[125.460361,37.928333],[125.454556,37.920833],[125.461222,37.914972],[125.452056,37.904167],[125.45875,37.897528],[125.454528,37.894167],[125.4575,37.887917],[125.460806,37.887056],[125.47375,37.894167],[125.470833,37.904528],[125.474139,37.899583],[125.484972,37.897083],[125.484167,37.892917],[125.500833,37.894556],[125.503333,37.897889],[125.515056,37.895417],[125.517111,37.886667],[125.510028,37.877889],[125.498361,37.880417],[125.489139,37.877083],[125.48,37.87875],[125.470833,37.872083],[125.4625,37.871222],[125.460361,37.8675],[125.465861,37.862917],[125.477472,37.865417],[125.489139,37.864611],[125.496222,37.860861],[125.495806,37.85875],[125.479167,37.855361],[125.476194,37.849139],[125.484944,37.838778],[125.495,37.835417],[125.50075,37.82625],[125.506667,37.825444],[125.512083,37.83],[125.51125,37.835806],[125.50625,37.837472],[125.509583,37.839972],[125.508278,37.843778],[125.514139,37.844556],[125.531222,37.8375],[125.514972,37.830417],[125.5075,37.814611],[125.498361,37.812056],[125.490833,37.805389],[125.496278,37.815028],[125.492083,37.823333],[125.484167,37.827861],[125.472528,37.825417],[125.469167,37.832917],[125.4575,37.829556],[125.445806,37.820417],[125.450389,37.833306],[125.448333,37.837889],[125.442944,37.835028],[125.439111,37.827083],[125.431667,37.83125],[125.425028,37.81875],[125.411694,37.815417],[125.410778,37.807917],[125.407972,37.809139],[125.406222,37.8225],[125.40125,37.820833],[125.39875,37.805833],[125.393778,37.798306],[125.401667,37.796222],[125.405806,37.800417],[125.407889,37.796667],[125.404194,37.79125],[125.395833,37.79375],[125.393333,37.790417],[125.388361,37.792083],[125.386694,37.787944],[125.376667,37.798722],[125.360361,37.79],[125.359972,37.779556],[125.362528,37.782056],[125.375028,37.78125],[125.388333,37.784583],[125.388361,37.779556],[125.37375,37.774972],[125.374944,37.769583],[125.384167,37.767028],[125.390028,37.767083],[125.391611,37.770389],[125.394111,37.767056],[125.404139,37.769556],[125.407833,37.7775],[125.414583,37.778333],[125.415028,37.787917],[125.418278,37.785389],[125.421306,37.786667],[125.42,37.792056],[125.424167,37.787056],[125.435861,37.792944],[125.440028,37.79125],[125.44125,37.786639],[125.437083,37.7825],[125.447917,37.778333],[125.439944,37.773722],[125.433306,37.77375],[125.431667,37.762861],[125.414194,37.775417],[125.412944,37.771667],[125.408722,37.770833],[125.407556,37.763694],[125.400417,37.764139],[125.401639,37.759528],[125.396694,37.762028],[125.395,37.75875],[125.3925,37.763722],[125.384167,37.760389],[125.377472,37.761222],[125.378306,37.75125],[125.367083,37.756639],[125.372083,37.760806],[125.367083,37.7675],[125.368306,37.772056],[125.355833,37.769556],[125.350444,37.763306],[125.359972,37.761222],[125.36375,37.754972],[125.357556,37.754583],[125.355806,37.750389],[125.349111,37.752861],[125.3375,37.745361],[125.320444,37.719972],[125.314556,37.718306],[125.318333,37.71125],[125.339528,37.695833],[125.342111,37.6875],[125.338722,37.681667],[125.344972,37.677083],[125.361278,37.685778],[125.360833,37.688722],[125.35625,37.689139],[125.356667,37.693722],[125.347056,37.694139],[125.36375,37.705833],[125.357889,37.715778],[125.358333,37.721222],[125.362056,37.72],[125.360861,37.717111],[125.37375,37.719194],[125.370806,37.730389],[125.384111,37.732083],[125.385417,37.73],[125.377528,37.724611],[125.406611,37.728694],[125.419139,37.732056],[125.418333,37.734583],[125.412917,37.734972],[125.412861,37.739167],[125.419194,37.740417],[125.414972,37.737056],[125.429194,37.731278],[125.468333,37.725361],[125.485389,37.742472],[125.48125,37.751639],[125.482889,37.7575],[125.492472,37.766222],[125.498722,37.767472],[125.495444,37.773306],[125.500361,37.778306],[125.492917,37.781667],[125.497028,37.785806],[125.497889,37.794944],[125.5125,37.808722],[125.517444,37.807917],[125.524972,37.814583],[125.527917,37.814167],[125.512056,37.804139],[125.512111,37.799111],[125.516306,37.788333],[125.513694,37.782472],[125.524167,37.776194],[125.527472,37.769556],[125.535833,37.772056],[125.550028,37.768722],[125.552889,37.773333],[125.550806,37.777917],[125.544167,37.777083],[125.540861,37.779556],[125.539194,37.776222],[125.535444,37.778306],[125.546611,37.783722],[125.559944,37.797917],[125.5675,37.782917],[125.574194,37.786222],[125.5825,37.784556],[125.584139,37.78875],[125.587917,37.787444],[125.580028,37.775389],[125.57075,37.772889],[125.568361,37.774556],[125.564167,37.769556],[125.574167,37.76625],[125.581667,37.769556],[125.591611,37.765417],[125.600806,37.766222],[125.605806,37.761194],[125.617944,37.764139],[125.611278,37.780806],[125.623694,37.798333],[125.616694,37.802111],[125.605833,37.800389],[125.608806,37.804167],[125.599139,37.805417],[125.598778,37.809139],[125.602444,37.812889],[125.603361,37.807889],[125.611639,37.809583],[125.619972,37.817083],[125.636694,37.820417],[125.635417,37.823306],[125.643694,37.829139],[125.640778,37.834583],[125.634167,37.82625],[125.625,37.82875],[125.619528,37.837444],[125.626222,37.844972],[125.615389,37.852472],[125.615806,37.85625],[125.635806,37.854556],[125.639583,37.8575],[125.634528,37.863333],[125.637889,37.871667],[125.632083,37.874139],[125.629583,37.880833],[125.641278,37.891667],[125.642917,37.898333],[125.634167,37.909556],[125.622861,37.9125],[125.629139,37.912889],[125.632944,37.918278],[125.626194,37.927472],[125.633361,37.923778],[125.655,37.922889],[125.647917,37.919167],[125.64625,37.910833],[125.6525,37.905389],[125.66125,37.904139],[125.655833,37.90375],[125.654972,37.900389],[125.6475,37.905444],[125.647083,37.901667],[125.661722,37.892056],[125.680806,37.892028],[125.696667,37.89625],[125.715,37.90625],[125.72875,37.917472],[125.73625,37.933333],[125.735417,37.939139],[125.731667,37.939556],[125.726611,37.923778],[125.719972,37.922028],[125.714972,37.929583],[125.694972,37.917917],[125.699611,37.928333],[125.682889,37.933306],[125.691722,37.937056],[125.702528,37.936222],[125.702056,37.953333],[125.710833,37.960417],[125.7175,37.952917],[125.722972,37.953333],[125.714139,37.967944],[125.711222,37.964972],[125.713361,37.969556],[125.700861,37.972083],[125.704611,37.964167],[125.6975,37.961222],[125.693694,37.965833],[125.696278,37.973333],[125.69333787,37.97701608],[125.79581571,37.97036371],[125.793722,37.9675],[125.791278,37.956639],[125.801611,37.947056],[125.816694,37.942083],[125.8325,37.952111],[125.83375,37.944972],[125.827917,37.939972],[125.831278,37.929139],[125.837472,37.92125],[125.847944,37.920833],[125.845806,37.912083],[125.8625,37.908694],[125.866222,37.905],[125.864139,37.901222],[125.859556,37.900806],[125.862944,37.893361],[125.874139,37.892889],[125.883722,37.879972],[125.880389,37.877472],[125.886639,37.876222],[125.893694,37.869139],[125.892917,37.8525],[125.902917,37.848306],[125.8975,37.847861],[125.895861,37.841222],[125.905028,37.842889],[125.913333,37.837917],[125.920861,37.840444],[125.920806,37.837056],[125.925833,37.83625],[125.933306,37.847056],[125.951667,37.840417],[125.951222,37.836639],[125.9575,37.831222],[125.986639,37.831222],[125.98875,37.835],[125.985861,37.837083],[125.976694,37.837889],[125.965444,37.845833],[125.964639,37.851639],[125.972083,37.856667],[125.974583,37.863333],[125.965361,37.863361],[125.967889,37.8725],[125.961667,37.881222],[125.956194,37.883306],[125.96,37.886194],[125.966667,37.887056],[125.978333,37.882944],[125.9825,37.889583],[125.987528,37.888694],[125.991222,37.878306],[126.000917,37.871889],[126.001972,37.861556],[126.021556,37.848667],[126.033611,37.857444],[126.042389,37.876139],[126.049944,37.8745],[126.049528,37.86575],[126.053639,37.858222],[126.051944,37.842417],[126.057861,37.826583],[126.053667,37.815722],[126.059111,37.806139],[126.069944,37.807028],[126.077861,37.799056],[126.078222,37.792833],[126.085306,37.790778],[126.087389,37.782],[126.091583,37.779472],[126.096944,37.782417],[126.086222,37.754917],[126.102444,37.750333],[126.106556,37.751972],[126.127444,37.743639],[126.150722,37.742806],[126.158694,37.74575],[126.160278,37.769944],[126.168639,37.781583],[126.1495,37.81075],[126.146139,37.82825],[126.158194,37.837861],[126.172444,37.842833],[126.175778,37.840361],[126.192389,37.843667],[126.19575,37.846944],[126.213278,37.850278],[126.244056,37.852833],[126.264056,37.841167],[126.269083,37.841972],[126.273222,37.848639],[126.275722,37.845333],[126.285806,37.847806],[126.309917,37.865333],[126.339944,37.878611],[126.352417,37.882],[126.371528,37.880306],[126.374083,37.883667],[126.38825,37.887028],[126.409472,37.909861],[126.40575,37.917],[126.397,37.917361],[126.394889,37.924472],[126.410722,37.923639],[126.417833,37.919028],[126.417,37.90575],[126.409556,37.899917],[126.402833,37.883222],[126.423667,37.86325],[126.42325,37.8545],[126.430806,37.855333],[126.449889,37.847806],[126.454083,37.848639],[126.457417,37.843611],[126.467833,37.83825],[126.468222,37.820333],[126.494944,37.820333],[126.531583,37.801944],[126.539111,37.801194],[126.562472,37.788611],[126.573306,37.772028],[126.594083,37.772],[126.618278,37.792861],[126.644083,37.792806],[126.652444,37.789472],[126.652833,37.810722],[126.673278,37.837],[126.719111,37.852806],[126.727444,37.851944],[126.729917,37.844444],[126.702444,37.841167],[126.672861,37.82575],[126.682833,37.81325],[126.682,37.800722],[126.677,37.794083],[126.677833,37.781583],[126.673667,37.774056],[126.687861,37.764889],[126.686222,37.737389],[126.691222,37.731528],[126.691167,37.719056],[126.676167,37.682417],[126.69575,37.666167],[126.748333,37.642806],[126.789111,37.620278],[126.824083,37.592833],[126.83325,37.5945],[126.847472,37.577806],[126.877444,37.562833],[126.90000928,37.5462233],[126.90013439,37.54500768],[126.876667,37.552806],[126.868306,37.560333],[126.856611,37.563667],[126.842444,37.575306],[126.819944,37.586972],[126.804972,37.601167],[126.776583,37.613639],[126.769972,37.619528],[126.752417,37.625306],[126.699167,37.6545],[126.68825,37.655306],[126.676611,37.664472],[126.654917,37.669472],[126.647,37.680694],[126.654111,37.690278],[126.664528,37.69325],[126.671194,37.731611],[126.655361,37.749083],[126.649167,37.774472],[126.634083,37.774472],[126.609889,37.753667],[126.595806,37.757778],[126.571583,37.754472],[126.565333,37.75825],[126.561583,37.766972],[126.546611,37.771972],[126.531583,37.772028],[126.520333,37.765778],[126.531222,37.744083],[126.522833,37.72325],[126.522833,37.712444],[126.530389,37.704056],[126.533667,37.689944],[126.5295,37.674056],[126.542833,37.662389],[126.539917,37.657806],[126.532861,37.655778],[126.537833,37.642417],[126.547,37.636556],[126.557444,37.622],[126.574972,37.622028],[126.572833,37.609917],[126.590389,37.599111],[126.594944,37.582833],[126.601694,37.582],[126.602028,37.585778],[126.611639,37.591194],[126.615778,37.585306],[126.622111,37.584083],[126.620778,37.575361],[126.633278,37.587],[126.649972,37.577833],[126.661194,37.577417],[126.658306,37.569444],[126.651667,37.5695],[126.649111,37.566194],[126.639944,37.566972],[126.638667,37.564083],[126.644556,37.559917],[126.639139,37.559472],[126.63463046,37.55373596],[126.61181993,37.55595956],[126.61047291,37.55609087],[126.59906615,37.55613686],[126.25885666,37.55750861],[126.25841307,37.5575104],[126.22549269,37.56567669],[126.18336255,37.57327844],[126.10810219,37.58685802],[125.97897265,37.60982573],[125.70629494,37.60370101],[124.77261521,37.77849652],[124.77250943,37.77851632],[124.76127109,37.79521511],[124.75038831,37.81087714],[124.72842061,37.8424921],[124.75350494,37.98939387],[124.75530495,37.99993533],[125.11824131,38.00024163],[125.120361,37.9975]]]]},"geometry_name":"the_geom","properties":{"id":"Shp_WRN_POLY.2","BLN_Flag":"1","Id_1":"","LAYER":"","STD_ID1":"","WarnCode":"S1251100","ZLEVEL":"","name":"인천.경기북부앞바다","STN_IDX":10101,"fct_zone_i":"12A20101"}},{"type":"Feature","id":"shp_wrn_poly.3","geometry":{"type":"MultiPolygon","coordinates":[[[[124.77257321,37.77852243],[125.70629494,37.60370101],[125.97907293,37.60980783],[126.10857618,37.58665112],[126.18336255,37.57327844],[126.22589111,37.56567383],[126.25885666,37.55750861],[126.25891113,37.55749512],[126.59906615,37.55613686],[126.61047363,37.55609131],[126.61181993,37.55595956],[126.63462412,37.5537279],[126.632917,37.551556],[126.645778,37.546139],[126.649972,37.541139],[126.659556,37.539889],[126.660389,37.527389],[126.651194,37.519083],[126.6545,37.509056],[126.652,37.50575],[126.659972,37.503694],[126.665778,37.506139],[126.670389,37.499083],[126.662444,37.497833],[126.655361,37.490778],[126.657444,37.483667],[126.639972,37.488694],[126.632472,37.487],[126.623278,37.4895],[126.616611,37.4845],[126.61075,37.486167],[126.609167,37.482],[126.601583,37.482833],[126.595361,37.471611],[126.600333,37.464083],[126.592028,37.460778],[126.5925,37.457861],[126.597889,37.457389],[126.598694,37.452444],[126.589944,37.449528],[126.589528,37.444944],[126.603278,37.441194],[126.614056,37.452],[126.613722,37.44325],[126.609944,37.443694],[126.607889,37.440778],[126.624139,37.432861],[126.634111,37.435361],[126.647028,37.412444],[126.657056,37.404917],[126.663306,37.3945],[126.671639,37.389528],[126.687472,37.394528],[126.696611,37.402833],[126.702028,37.401611],[126.693722,37.389944],[126.714972,37.382],[126.723278,37.384528],[126.732444,37.394472],[126.74,37.3945],[126.744556,37.382417],[126.739583,37.371611],[126.702472,37.352],[126.699194,37.347028],[126.694083,37.347056],[126.691194,37.334111],[126.695806,37.335333],[126.70075,37.332861],[126.703306,37.336167],[126.713278,37.338667],[126.758306,37.342833],[126.759611,37.339944],[126.748722,37.329944],[126.749111,37.323667],[126.759583,37.319111],[126.748722,37.308278],[126.754083,37.303667],[126.768306,37.300333],[126.787444,37.302028],[126.798306,37.296139],[126.804139,37.299528],[126.814139,37.298667],[126.820778,37.301194],[126.819167,37.293667],[126.825778,37.2945],[126.834972,37.281194],[126.841639,37.280361],[126.843333,37.275361],[126.850778,37.277028],[126.849556,37.274083],[126.860389,37.268278],[126.850778,37.2645],[126.848278,37.258667],[126.812472,37.278667],[126.814139,37.286194],[126.806667,37.284528],[126.802083,37.276583],[126.808722,37.267444],[126.800778,37.269528],[126.792917,37.267444],[126.795444,37.251583],[126.7875,37.243694],[126.779583,37.244139],[126.780833,37.226167],[126.767917,37.23825],[126.767056,37.245778],[126.759944,37.248667],[126.758306,37.253694],[126.74075,37.253694],[126.731639,37.250361],[126.726694,37.255361],[126.716611,37.254556],[126.699944,37.261139],[126.687444,37.262056],[126.682444,37.257833],[126.676611,37.258694],[126.676611,37.256167],[126.687889,37.249917],[126.671639,37.242861],[126.664167,37.244472],[126.662861,37.242444],[126.66625,37.229917],[126.671667,37.228667],[126.67625,37.222389],[126.667889,37.216556],[126.667056,37.205806],[126.675778,37.1995],[126.695861,37.221167],[126.699167,37.221194],[126.697917,37.204972],[126.694194,37.199528],[126.686667,37.201194],[126.674167,37.193694],[126.6675,37.193667],[126.662472,37.197],[126.657861,37.193306],[126.657472,37.189528],[126.665028,37.190361],[126.667083,37.184111],[126.662472,37.176167],[126.655417,37.174944],[126.660444,37.161611],[126.6495,37.15325],[126.658361,37.152056],[126.679972,37.161194],[126.689972,37.156167],[126.694528,37.151611],[126.683361,37.148722],[126.673778,37.136611],[126.680444,37.128278],[126.683722,37.116611],[126.689167,37.116222],[126.699972,37.121167],[126.705806,37.128667],[126.7175,37.129528],[126.720806,37.134556],[126.726583,37.136222],[126.729583,37.146639],[126.739194,37.150361],[126.744972,37.160389],[126.751667,37.158667],[126.756611,37.165361],[126.760806,37.163722],[126.766611,37.167889],[126.784167,37.169528],[126.790361,37.182472],[126.795,37.185361],[126.793722,37.17325],[126.797861,37.160806],[126.782083,37.149972],[126.786694,37.147889],[126.801667,37.150333],[126.805806,37.141194],[126.813694,37.139917],[126.807861,37.136611],[126.804167,37.126167],[126.779167,37.132861],[126.779167,37.127833],[126.771639,37.128722],[126.759556,37.116583],[126.757917,37.109917],[126.770444,37.101639],[126.763722,37.079111],[126.764583,37.066611],[126.770417,37.058306],[126.750806,37.051194],[126.743722,37.038278],[126.749139,37.036222],[126.761639,37.039528],[126.770028,37.032028],[126.778361,37.033667],[126.790028,37.029528],[126.794972,37.018694],[126.802944,37.022444],[126.799611,37.016611],[126.803389,37.015361],[126.8125,37.015361],[126.823278,37.022028],[126.823278,37.014528],[126.846639,37.013694],[126.854194,37.017056],[126.85,37.008722],[126.796694,37.008722],[126.788722,37.003306],[126.788722,36.996639],[126.792444,36.995389],[126.795833,36.999583],[126.804972,36.999583],[126.812472,36.996222],[126.824972,36.996222],[126.831639,36.982889],[126.839083,36.983722],[126.843306,36.979556],[126.848722,36.979139],[126.843778,36.975],[126.844583,36.962472],[126.849944,36.960389],[126.854167,36.953722],[126.899167,36.93125],[126.904611,36.925778],[126.908333,36.912056],[126.937528,36.92625],[126.9775,36.934528],[126.979583,36.939944],[126.976222,36.956667],[126.962889,36.964167],[126.974222,36.962861],[126.972056,36.975833],[126.975806,36.977083],[126.985361,36.964139],[126.989611,36.938361],[126.993722,36.933333],[126.985361,36.928333],[126.978306,36.915389],[126.964944,36.91625],[126.958278,36.912917],[126.955028,36.907083],[126.94575,36.90875],[126.94,36.90625],[126.924139,36.893722],[126.914972,36.892944],[126.903333,36.887056],[126.877472,36.886278],[126.860389,36.878278],[126.85977912,36.87483559],[126.8039773,36.96825048],[126.70666523,37.02175054],[126.54903276,37.05299674],[126.39241367,37.09881604],[125.96039001,36.98842096],[125.95979507,36.98826552],[125.97030448,37.02120324],[125.97512056,37.0362974],[125.97447931,37.03670501],[125.96887605,37.04026671],[124.79837483,37.76259988],[124.77261521,37.77849652],[124.77257321,37.77852243]]]]},"geometry_name":"the_geom","properties":{"id":"Shp_WRN_POLY.3","BLN_Flag":"1","Id_1":"","LAYER":"","STD_ID1":"","WarnCode":"S1251200","ZLEVEL":"","name":"인천.경기남부앞바다","STN_IDX":10102,"fct_zone_i":"12A20102"}},{"type":"Feature","id":"shp_wrn_poly.4","geometry":{"type":"MultiPolygon","coordinates":[[[[126.3665049,36.73102961],[126.35186257,36.69482046],[126.37351558,36.68563287],[126.370389,36.679139],[126.373278,36.675389],[126.385389,36.677472],[126.367028,36.656639],[126.369556,36.647472],[126.365389,36.644972],[126.367083,36.636611],[126.36375,36.635],[126.366639,36.624583],[126.374139,36.629556],[126.381694,36.627889],[126.377972,36.636611],[126.380778,36.63875],[126.385028,36.635389],[126.39375,36.638333],[126.389167,36.651222],[126.394167,36.648722],[126.398333,36.651194],[126.404139,36.642917],[126.407889,36.645806],[126.408694,36.653333],[126.415444,36.655806],[126.42116751,36.66541367],[126.49679833,36.63332275],[126.4935607,36.60193826],[126.4675,36.595417],[126.4575,36.596222],[126.455417,36.593333],[126.462833,36.583361],[126.469556,36.559167],[126.46375,36.546639],[126.467028,36.54],[126.476694,36.53625],[126.48591088,36.52778351],[126.48414307,36.51064692],[126.42749023,36.39990234],[126.42270123,36.40007755],[126.427861,36.400833],[126.427083,36.407472],[126.422028,36.4125],[126.432472,36.417889],[126.434528,36.424167],[126.425028,36.432083],[126.413306,36.423694],[126.420417,36.4425],[126.414583,36.443306],[126.414167,36.452056],[126.40375,36.455833],[126.404167,36.464528],[126.394972,36.460389],[126.39625,36.465],[126.386194,36.471639],[126.390417,36.473333],[126.390028,36.477056],[126.402056,36.476611],[126.398722,36.49],[126.402861,36.499139],[126.40125,36.5075],[126.393333,36.514556],[126.382472,36.515389],[126.379583,36.519111],[126.38,36.52125],[126.385417,36.520778],[126.386194,36.526639],[126.379611,36.530778],[126.375417,36.543333],[126.367917,36.549194],[126.372111,36.554139],[126.373778,36.565],[126.365,36.567028],[126.359944,36.560389],[126.36125,36.569111],[126.357472,36.572889],[126.354139,36.575361],[126.340444,36.575028],[126.347056,36.580833],[126.344583,36.586667],[126.349139,36.590361],[126.357889,36.585806],[126.362528,36.575389],[126.368778,36.576667],[126.375361,36.589167],[126.36625,36.609111],[126.359167,36.612917],[126.348361,36.61125],[126.344972,36.604528],[126.338306,36.607917],[126.324556,36.601667],[126.327028,36.6075],[126.322056,36.609972],[126.321194,36.614139],[126.326667,36.618722],[126.330778,36.614583],[126.33375,36.614972],[126.3325,36.618722],[126.342472,36.615417],[126.349139,36.619556],[126.353278,36.61875],[126.354556,36.6225],[126.348333,36.626222],[126.3325,36.622917],[126.324972,36.637056],[126.3175,36.635389],[126.310389,36.639111],[126.313333,36.642917],[126.321667,36.642917],[126.3325,36.653694],[126.339139,36.650417],[126.342083,36.658306],[126.310444,36.675],[126.315806,36.675417],[126.31625,36.679139],[126.304556,36.682472],[126.30125,36.6875],[126.304528,36.693361],[126.29375,36.703306],[126.289583,36.716639],[126.295,36.717917],[126.295389,36.7125],[126.305806,36.70375],[126.320778,36.70625],[126.326222,36.713306],[126.324556,36.722472],[126.330361,36.733306],[126.360361,36.745833],[126.357917,36.740778],[126.3665049,36.73102961]]],[[[126.46052946,36.88326321],[126.45662159,36.87860167],[126.444556,36.880833],[126.46052946,36.88326321]]],[[[126.54903276,37.05299674],[126.70666523,37.02175054],[126.8039773,36.96825048],[126.85977912,36.87483559],[126.857889,36.864167],[126.846194,36.8425],[126.862889,36.836611],[126.84375,36.834139],[126.843722,36.825],[126.860417,36.802528],[126.857917,36.784944],[126.848333,36.784556],[126.8325,36.773722],[126.830389,36.775],[126.849583,36.793333],[126.855417,36.803333],[126.844556,36.810806],[126.830861,36.83375],[126.816583,36.834556],[126.812917,36.839139],[126.813778,36.849111],[126.825417,36.855],[126.81875,36.869111],[126.827083,36.876667],[126.828778,36.888306],[126.817944,36.898306],[126.813722,36.925806],[126.80575,36.929611],[126.793722,36.917472],[126.792083,36.907472],[126.7875,36.902889],[126.770861,36.899583],[126.767861,36.901667],[126.770833,36.917111],[126.788694,36.918306],[126.784556,36.924111],[126.784556,36.931667],[126.792056,36.935],[126.794583,36.944167],[126.784556,36.945806],[126.786194,36.955861],[126.779583,36.963333],[126.784111,36.975389],[126.78,36.977083],[126.770806,36.974556],[126.766667,36.979583],[126.751722,36.977056],[126.745861,36.979528],[126.743722,36.971639],[126.726667,36.960389],[126.709583,36.970833],[126.70875,36.982472],[126.697917,36.985833],[126.696222,36.995],[126.699556,36.998333],[126.687444,36.999583],[126.675028,36.986222],[126.665417,36.981639],[126.677917,36.968306],[126.676639,36.961194],[126.667528,36.965417],[126.6625,36.963722],[126.655417,36.955806],[126.658778,36.950833],[126.656694,36.948722],[126.6525,36.955389],[126.644167,36.952889],[126.636667,36.955417],[126.627528,36.95125],[126.625417,36.956639],[126.632917,36.973333],[126.604139,36.981222],[126.576639,36.999556],[126.572056,37.008278],[126.576222,37.014944],[126.574167,37.025389],[126.561667,37.030389],[126.559111,37.036222],[126.543333,37.034528],[126.53,37.042833],[126.521639,37.056222],[126.496639,37.060333],[126.494556,37.054111],[126.497528,37.051194],[126.5175,37.046194],[126.525417,37.038278],[126.52125,37.009111],[126.516194,37.005806],[126.527528,37.004556],[126.530417,36.994972],[126.539167,36.985389],[126.555806,36.98625],[126.553722,36.980806],[126.534972,36.982028],[126.526639,36.997083],[126.511667,36.999556],[126.508278,37.006222],[126.495778,37.008694],[126.486639,37.015361],[126.481222,37.014972],[126.491222,37.004139],[126.494167,36.992917],[126.499167,36.992889],[126.511667,36.982056],[126.530417,36.98],[126.519556,36.973306],[126.537083,36.963306],[126.532889,36.958306],[126.541194,36.950806],[126.543333,36.942028],[126.554528,36.939167],[126.552056,36.931694],[126.559611,36.9275],[126.55599419,36.92451855],[126.54493105,36.92465861],[126.545417,36.93],[126.529611,36.943278],[126.529583,36.946667],[126.524583,36.948333],[126.527111,36.9525],[126.52125,36.957472],[126.519583,36.964139],[126.515806,36.967889],[126.509167,36.966222],[126.499583,36.954972],[126.505361,36.949139],[126.502056,36.932472],[126.50329376,36.92518575],[126.49575411,36.9252812],[126.49341572,36.92249184],[126.492472,36.92375],[126.48875,36.922472],[126.48770904,36.91568458],[126.46551258,36.88920736],[126.462056,36.898306],[126.472889,36.907472],[126.471278,36.917444],[126.480417,36.924167],[126.484583,36.939139],[126.479167,36.953722],[126.4725,36.95125],[126.462472,36.952861],[126.457917,36.956667],[126.462083,36.96],[126.462861,36.969111],[126.459139,36.975389],[126.439972,36.96875],[126.43625,36.971639],[126.450417,36.987444],[126.454528,36.998306],[126.452917,37.004111],[126.448278,37.007861],[126.433389,37.010389],[126.419972,37.007083],[126.410778,37.012889],[126.40625,37.009972],[126.405389,37],[126.397861,36.999194],[126.388306,37.012917],[126.383306,37.012861],[126.380389,37.005],[126.384556,37.004139],[126.385806,36.997028],[126.363333,36.994583],[126.362917,37.006667],[126.3575,37.012056],[126.352917,37.009139],[126.352861,37],[126.340778,36.988778],[126.334972,36.988694],[126.335389,36.994139],[126.326639,36.999556],[126.327028,36.988333],[126.361611,36.982889],[126.363306,36.979556],[126.372528,36.982889],[126.377972,36.980833],[126.376722,36.973722],[126.385028,36.973722],[126.387083,36.97],[126.375,36.96875],[126.372917,36.963333],[126.368278,36.962889],[126.360833,36.970389],[126.341639,36.96875],[126.333333,36.973722],[126.332861,36.9625],[126.348333,36.962889],[126.350444,36.953333],[126.359583,36.950778],[126.356222,36.945],[126.359111,36.939556],[126.371694,36.951222],[126.374972,36.944556],[126.382083,36.943333],[126.382056,36.933306],[126.389139,36.930389],[126.397472,36.935444],[126.399972,36.932917],[126.407444,36.93375],[126.409167,36.939583],[126.415806,36.93875],[126.421194,36.931667],[126.417917,36.924139],[126.413306,36.920389],[126.404111,36.922083],[126.403722,36.919139],[126.409556,36.914972],[126.409167,36.907889],[126.425806,36.906222],[126.431222,36.9],[126.425806,36.897944],[126.421611,36.899556],[126.416667,36.894528],[126.405833,36.897056],[126.405,36.892056],[126.395833,36.893722],[126.3975,36.882028],[126.375833,36.882944],[126.365833,36.878778],[126.36375,36.875806],[126.37,36.867861],[126.382472,36.87125],[126.386639,36.867083],[126.391611,36.870417],[126.402111,36.862444],[126.381667,36.860417],[126.379222,36.857083],[126.366611,36.857889],[126.362528,36.845389],[126.355806,36.849583],[126.364556,36.833306],[126.363333,36.829556],[126.357472,36.830389],[126.342111,36.848306],[126.344139,36.861222],[126.330028,36.862917],[126.318694,36.851667],[126.32375,36.848306],[126.31625,36.840806],[126.325389,36.835806],[126.325806,36.827917],[126.334556,36.825833],[126.33625,36.814139],[126.342472,36.807056],[126.347056,36.806639],[126.351694,36.792111],[126.348361,36.797056],[126.340389,36.799111],[126.334972,36.812028],[126.320833,36.819556],[126.317056,36.815028],[126.329167,36.804583],[126.313306,36.807083],[126.309583,36.814167],[126.304167,36.815417],[126.303722,36.806639],[126.295,36.808722],[126.294583,36.8025],[126.286611,36.794583],[126.284111,36.817083],[126.274972,36.812056],[126.267528,36.802028],[126.265361,36.804167],[126.266278,36.809167],[126.282528,36.823722],[126.294139,36.824556],[126.315389,36.834139],[126.313306,36.839528],[126.293722,36.843333],[126.292917,36.856639],[126.302889,36.8575],[126.303722,36.861639],[126.299556,36.865833],[126.305833,36.867056],[126.31125,36.873306],[126.313333,36.883778],[126.316639,36.88625],[126.325806,36.884556],[126.331278,36.888306],[126.33,36.892056],[126.320778,36.892056],[126.319528,36.904167],[126.310778,36.907056],[126.306222,36.911639],[126.307944,36.914944],[126.300389,36.920778],[126.308694,36.930028],[126.302083,36.945833],[126.307111,36.9475],[126.312083,36.957444],[126.3075,36.959583],[126.301611,36.957028],[126.297444,36.96375],[126.292083,36.964139],[126.303722,36.9675],[126.30625,36.975],[126.304167,36.979583],[126.299944,36.979556],[126.293333,36.971222],[126.284167,36.970389],[126.282861,36.964972],[126.279528,36.964139],[126.285389,36.96],[126.287944,36.936639],[126.292056,36.928333],[126.282861,36.910833],[126.28375,36.903361],[126.276222,36.899111],[126.277056,36.893306],[126.272889,36.890806],[126.275417,36.881639],[126.2725,36.87375],[126.268306,36.872889],[126.266639,36.877889],[126.259111,36.881222],[126.250389,36.878333],[126.250417,36.871694],[126.244139,36.866222],[126.235833,36.867056],[126.231667,36.873722],[126.217917,36.872472],[126.215361,36.875833],[126.219583,36.884194],[126.224944,36.888722],[126.233306,36.889556],[126.232889,36.894167],[126.237028,36.897472],[126.227861,36.902472],[126.238333,36.904528],[126.240833,36.910444],[126.234972,36.910417],[126.229167,36.906222],[126.219167,36.906194],[126.210833,36.900417],[126.202528,36.906222],[126.200833,36.90125],[126.197917,36.901639],[126.200389,36.898333],[126.195028,36.88875],[126.177861,36.888306],[126.178306,36.883722],[126.186694,36.882889],[126.189556,36.878333],[126.189556,36.873361],[126.182861,36.868333],[126.189556,36.866667],[126.190806,36.859528],[126.194194,36.859556],[126.1975,36.865417],[126.211222,36.862472],[126.209167,36.850417],[126.205806,36.850389],[126.199972,36.858722],[126.187472,36.839556],[126.17625,36.834139],[126.19,36.82375],[126.211222,36.825],[126.205389,36.819139],[126.212889,36.818333],[126.214556,36.813333],[126.211611,36.812056],[126.206639,36.812056],[126.203306,36.817889],[126.195,36.815389],[126.194194,36.81875],[126.181222,36.820806],[126.18375,36.809194],[126.194556,36.804167],[126.191222,36.799972],[126.196194,36.784139],[126.192083,36.785806],[126.178722,36.8125],[126.172083,36.814972],[126.172889,36.824139],[126.167083,36.829167],[126.168722,36.842472],[126.161611,36.842083],[126.157472,36.848722],[126.154111,36.845389],[126.148722,36.846639],[126.151639,36.83875],[126.144556,36.839139],[126.157917,36.826639],[126.152917,36.821667],[126.154194,36.817917],[126.147861,36.817472],[126.152028,36.8125],[126.142056,36.809167],[126.147861,36.800833],[126.141222,36.795],[126.144556,36.791639],[126.135806,36.783722],[126.129556,36.785806],[126.131611,36.776222],[126.119944,36.774583],[126.115,36.770389],[126.113361,36.773722],[126.109528,36.773306],[126.1125,36.767083],[126.119556,36.764139],[126.119528,36.753278],[126.129139,36.752944],[126.132028,36.749972],[126.132056,36.739972],[126.120417,36.724111],[126.124556,36.716667],[126.120361,36.714167],[126.119083,36.707889],[126.121611,36.707083],[126.138361,36.721222],[126.143333,36.728722],[126.150389,36.73],[126.15,36.748694],[126.144972,36.750417],[126.145361,36.741667],[126.138722,36.74],[126.140361,36.754972],[126.137083,36.763306],[126.145,36.772083],[126.153278,36.775389],[126.152028,36.760806],[126.155,36.755389],[126.179139,36.758778],[126.1925,36.757083],[126.182056,36.745],[126.190806,36.742917],[126.196667,36.737889],[126.2075,36.737861],[126.210806,36.740417],[126.20875,36.731667],[126.201222,36.722444],[126.204111,36.72125],[126.215833,36.726222],[126.221222,36.721667],[126.221667,36.71125],[126.205028,36.706222],[126.190833,36.70875],[126.180806,36.715389],[126.164944,36.717056],[126.16,36.707056],[126.14625,36.704139],[126.150806,36.687889],[126.161222,36.690833],[126.152056,36.683333],[126.154139,36.67875],[126.197444,36.675417],[126.199583,36.684972],[126.2075,36.687056],[126.209111,36.692917],[126.228306,36.694583],[126.233306,36.702083],[126.239556,36.704111],[126.234556,36.709139],[126.235806,36.717083],[126.24,36.715389],[126.245806,36.717917],[126.250833,36.714556],[126.270389,36.728333],[126.27125,36.704167],[126.260417,36.695833],[126.264556,36.682472],[126.262889,36.674139],[126.266667,36.67125],[126.282472,36.672083],[126.295417,36.659167],[126.299583,36.641611],[126.297083,36.621639],[126.291667,36.618722],[126.289972,36.622056],[126.282,36.6225],[126.287083,36.615806],[126.288722,36.604972],[126.287861,36.599111],[126.282083,36.593333],[126.2925,36.584583],[126.300833,36.587917],[126.302861,36.592472],[126.3,36.59625],[126.296667,36.59125],[126.29375,36.591639],[126.292083,36.598306],[126.296639,36.600417],[126.305833,36.60125],[126.311611,36.589528],[126.322833,36.593333],[126.322083,36.586667],[126.314111,36.585417],[126.312083,36.5825],[126.312944,36.57],[126.327083,36.553306],[126.32625,36.5375],[126.330389,36.529167],[126.326222,36.515806],[126.332889,36.505833],[126.336222,36.490806],[126.330389,36.474972],[126.323722,36.469111],[126.3375,36.472917],[126.343333,36.484611],[126.355417,36.481667],[126.341222,36.473278],[126.340389,36.462444],[126.33375,36.461611],[126.332056,36.443306],[126.334972,36.439611],[126.34325,36.43875],[126.363278,36.441278],[126.364556,36.443361],[126.359139,36.444556],[126.35625,36.450778],[126.358333,36.455417],[126.362528,36.45625],[126.365,36.450389],[126.372917,36.4475],[126.372111,36.439111],[126.368306,36.435417],[126.356667,36.437917],[126.352444,36.424528],[126.356639,36.424583],[126.361667,36.416222],[126.371611,36.411222],[126.380361,36.415833],[126.380806,36.427917],[126.385861,36.421222],[126.389139,36.421222],[126.399972,36.428722],[126.402028,36.422472],[126.397028,36.419167],[126.39625,36.414167],[126.409139,36.412917],[126.409583,36.405833],[126.417444,36.405417],[126.419139,36.399556],[126.42228848,36.40001712],[126.40472412,36.3939209],[126.4006958,36.39190674],[126.3493042,36.41210938],[126.30291748,36.40808105],[126.09443723,36.39452122],[126.0944297,36.39452073],[125.99849419,36.50313161],[125.94657533,36.56215597],[125.8576682,36.66265409],[125.85731125,36.66793208],[125.86273986,36.68501598],[125.95055401,36.96136854],[125.95959459,36.98821274],[125.96038987,36.98842053],[126.39241367,37.09881604],[126.54903276,37.05299674]]]]},"geometry_name":"the_geom","properties":{"id":"Shp_WRN_POLY.4","BLN_Flag":"1","Id_1":"","LAYER":"","STD_ID1":"","WarnCode":"S1251300","ZLEVEL":"","name":"충남북부앞바다","STN_IDX":10103,"fct_zone_i":"12A20103"}},{"type":"Feature","id":"shp_wrn_poly.5","geometry":{"type":"MultiPolygon","coordinates":[[[[126.75482606,36.0016787],[126.72751193,36.00011248],[126.73625,36.007472],[126.744167,36.025417],[126.76293601,36.03238555],[126.76079525,36.01992279],[126.759972,36.019583],[126.75482606,36.0016787]]],[[[126.505,36.530389],[126.524583,36.520833],[126.5125,36.519556],[126.505806,36.522917],[126.497472,36.522111],[126.482944,36.506694],[126.479583,36.498306],[126.479583,36.476639],[126.486278,36.470028],[126.48625,36.453306],[126.497944,36.443306],[126.495417,36.434167],[126.505806,36.434556],[126.523306,36.445389],[126.527028,36.453361],[126.534972,36.457056],[126.543306,36.469556],[126.566639,36.479583],[126.572083,36.473333],[126.564222,36.452056],[126.55,36.453722],[126.534139,36.441194],[126.518333,36.439556],[126.505028,36.427889],[126.495,36.427056],[126.49625,36.423306],[126.491222,36.421639],[126.487111,36.41],[126.503306,36.412917],[126.509111,36.410417],[126.51125,36.405806],[126.488306,36.403722],[126.482917,36.393306],[126.506611,36.387056],[126.501222,36.383333],[126.501667,36.380361],[126.510806,36.379583],[126.546639,36.354583],[126.562944,36.351639],[126.5525,36.34875],[126.544139,36.340389],[126.529972,36.337917],[126.514139,36.326194],[126.502472,36.328722],[126.50125,36.3225],[126.511278,36.311667],[126.5175,36.297083],[126.524139,36.298778],[126.527472,36.296278],[126.544167,36.307083],[126.555389,36.298333],[126.550333,36.279167],[126.553722,36.268306],[126.545,36.260389],[126.540417,36.259972],[126.537083,36.246667],[126.529611,36.235806],[126.530417,36.223361],[126.527028,36.218306],[126.533361,36.217056],[126.538722,36.209972],[126.541667,36.197028],[126.549944,36.194556],[126.567472,36.19625],[126.569944,36.201222],[126.574167,36.202111],[126.589556,36.176667],[126.581667,36.175417],[126.568333,36.180417],[126.564167,36.177917],[126.564556,36.183306],[126.559139,36.184556],[126.554194,36.176222],[126.544556,36.172472],[126.540861,36.160389],[126.5375,36.167917],[126.530417,36.169139],[126.528333,36.175417],[126.518278,36.160444],[126.503333,36.157083],[126.497889,36.159139],[126.497028,36.139944],[126.493278,36.133694],[126.502472,36.12875],[126.506194,36.146667],[126.511667,36.150389],[126.520806,36.151222],[126.535778,36.148722],[126.547528,36.142028],[126.552861,36.1375],[126.554972,36.128722],[126.560778,36.129528],[126.569972,36.137917],[126.575833,36.137917],[126.598722,36.119139],[126.602056,36.111667],[126.606194,36.110028],[126.609944,36.097917],[126.614139,36.096222],[126.617472,36.101194],[126.622472,36.10125],[126.632056,36.098333],[126.630833,36.090417],[126.645389,36.091639],[126.644972,36.087889],[126.634972,36.083694],[126.624167,36.084556],[126.617917,36.076667],[126.629972,36.077083],[126.63125,36.054944],[126.644111,36.053778],[126.667917,36.033333],[126.666694,36.029528],[126.659556,36.029972],[126.662861,36.025],[126.660361,36.009972],[126.664556,36.005806],[126.701639,36.007028],[126.710806,36.004583],[126.712889,36.000833],[126.71800694,36.00000013],[126.27391242,36.00000783],[126.27390394,36.00000783],[126.27315121,36.00258811],[126.27265701,36.00428217],[126.27066043,36.01154117],[126.26858409,36.01886433],[126.26753936,36.02254908],[126.26753272,36.02257247],[126.26751986,36.02261485],[126.26219728,36.040157],[126.25409964,36.0690314],[126.24858487,36.08875854],[126.24767487,36.09201376],[126.24261986,36.10957292],[126.23969407,36.11991064],[126.2366321,36.13072951],[126.23040654,36.15220625],[126.22392471,36.17485992],[126.2226625,36.17937959],[126.21726687,36.19870008],[126.20903279,36.22736808],[126.19933501,36.26117537],[126.19314295,36.28276142],[126.19289487,36.28324267],[126.16414038,36.31547576],[126.15331226,36.32789861],[126.14022858,36.34290921],[126.09633964,36.39241154],[126.09489677,36.39403895],[126.09450678,36.39447883],[126.30291748,36.40808105],[126.3493042,36.41210938],[126.4006958,36.39190674],[126.40472412,36.3939209],[126.42228848,36.40001712],[126.42270123,36.40007755],[126.42749023,36.39990234],[126.48414307,36.51064692],[126.48591088,36.52778351],[126.48625,36.527472],[126.488278,36.521222],[126.499139,36.529583],[126.505,36.530389]]],[[[126.519583,36.60836507],[126.519583,36.6],[126.512417,36.597111],[126.505,36.602889],[126.497472,36.602917],[126.4935607,36.60193826],[126.49679833,36.63332275],[126.519583,36.60836507]]]]},"geometry_name":"the_geom","properties":{"id":"Shp_WRN_POLY.5","BLN_Flag":"1","Id_1":"","LAYER":"","STD_ID1":"","WarnCode":"S1251400","ZLEVEL":"","name":"충남남부앞바다","STN_IDX":10104,"fct_zone_i":"12A20104"}},{"type":"Feature","id":"shp_wrn_poly.6","geometry":{"type":"MultiPolygon","coordinates":[[[[125.90462581,34.45159523],[125.90462582,34.45159521],[125.90361358,34.45159553],[124,34.4522],[124.99999582,35.99999354],[124.99999744,35.99999603],[125,36],[125.5,36],[126.27389263,35.99999392],[126.27391127,35.99992896],[126.27547314,35.994486],[126.31458349,35.85818969],[126.30224557,35.83664005],[126.24838535,35.74256683],[126.24613282,35.73860261],[126.2059487,35.66788261],[126.17695416,35.61747706],[126.16634062,35.59903236],[126.14894966,35.56880953],[126.13109122,35.5375432],[126.12227853,35.52205058],[126.12206797,35.52168419],[126.11742531,35.51360546],[126.11742394,35.51360309],[126.11741183,35.51358201],[126.10704459,35.49531765],[126.10508562,35.49186646],[126.03341689,35.36676427],[126.02803488,35.35616917],[126.01636661,35.33260292],[125.97414214,35.22704178],[125.97413613,35.22702675],[125.91595101,35.08158682],[125.78824946,34.79325086],[125.78557931,34.78722197],[125.78557975,34.78722081],[125.78723413,34.78283173],[125.84661686,34.62528936],[125.84663683,34.62523639],[125.8349304,34.60128967],[125.81686594,34.58328318],[125.89543648,34.46538425],[125.90462581,34.45159523]]]]},"geometry_name":"the_geom","properties":{"id":"Shp_WRN_POLY.6","BLN_Flag":"1","Id_1":"","LAYER":"","STD_ID1":"","WarnCode":"S1232110","ZLEVEL":"","name":"서해남부북쪽 안쪽먼바다","STN_IDX":102,"fct_zone_i":"12A30211"}},{"type":"Feature","id":"shp_wrn_poly.7","geometry":{"type":"MultiPolygon","coordinates":[[[[126.754583,36.000833],[126.744944,35.988722],[126.738278,35.985389],[126.727472,35.98375],[126.706639,35.993722],[126.684972,35.982889],[126.623361,35.967083],[126.619556,35.956667],[126.62160799,35.95516998],[126.57269741,35.94632527],[126.52133217,35.83842173],[126.50515184,35.81177177],[126.52989823,35.76418255],[126.52399549,35.74987458],[126.45764169,35.67553723],[126.24980274,35.74181174],[126.24830408,35.74240676],[126.2791425,35.79605008],[126.30224557,35.83664005],[126.31444012,35.85806476],[126.27547314,35.994486],[126.27391842,35.99992896],[126.27390317,35.99998238],[126.27391928,35.99998238],[126.63743821,35.99999767],[126.68120375,35.99999883],[126.71800897,35.9999998],[126.725861,35.998722],[126.72751193,36.00011248],[126.75482606,36.0016787],[126.754583,36.000833]]]]},"geometry_name":"the_geom","properties":{"id":"Shp_WRN_POLY.7","BLN_Flag":"1","Id_1":"","LAYER":"","STD_ID1":"","WarnCode":"S1231100","ZLEVEL":"","name":"전북북부앞바다","STN_IDX":10201,"fct_zone_i":"22A30101"}},{"type":"Feature","id":"shp_wrn_poly.8","geometry":{"type":"MultiPolygon","coordinates":[[[[126.56968659,35.7105055],[126.57005262,35.69717994],[126.567861,35.695028],[126.569194,35.692083],[126.565806,35.69125],[126.565833,35.695389],[126.554167,35.697889],[126.539194,35.690361],[126.533306,35.690417],[126.529611,35.684972],[126.531222,35.681639],[126.527056,35.678333],[126.529583,35.669972],[126.525806,35.667083],[126.524167,35.678722],[126.498333,35.655417],[126.494944,35.657861],[126.4775,35.643778],[126.466667,35.642917],[126.460806,35.637056],[126.457056,35.638306],[126.458306,35.634556],[126.465861,35.633722],[126.469583,35.629167],[126.46625,35.624972],[126.469583,35.621611],[126.4625,35.619583],[126.459556,35.615],[126.462889,35.606667],[126.467083,35.605833],[126.463722,35.6025],[126.464972,35.59875],[126.467472,35.603722],[126.475806,35.603722],[126.484556,35.5975],[126.491667,35.585389],[126.504139,35.582917],[126.508333,35.57875],[126.5125,35.584556],[126.516222,35.584139],[126.515778,35.580389],[126.529111,35.579583],[126.531222,35.584139],[126.528333,35.597083],[126.534111,35.587917],[126.5425,35.586222],[126.558306,35.585389],[126.562056,35.587472],[126.562472,35.593778],[126.569167,35.58875],[126.583278,35.595389],[126.594139,35.591194],[126.595806,35.59375],[126.599972,35.592861],[126.605778,35.586222],[126.61375,35.591639],[126.615833,35.599528],[126.618722,35.599194],[126.615889,35.59375],[126.633278,35.602056],[126.643306,35.601222],[126.645,35.597861],[126.649167,35.600417],[126.648722,35.596694],[126.652444,35.59625],[126.66293379,35.60534087],[126.6657526,35.60405228],[126.667056,35.599167],[126.657917,35.585806],[126.660778,35.58375],[126.668306,35.585389],[126.672528,35.590389],[126.677056,35.588306],[126.66375,35.575861],[126.669556,35.571667],[126.66625,35.564972],[126.669583,35.555833],[126.677083,35.548306],[126.674556,35.541667],[126.680417,35.5375],[126.67987094,35.5344633],[126.67765464,35.53234336],[126.67340123,35.53169398],[126.662083,35.544111],[126.659556,35.554139],[126.65125,35.555806],[126.655389,35.565],[126.645833,35.562917],[126.642444,35.571222],[126.632444,35.575417],[126.629222,35.569583],[126.620889,35.567056],[126.616222,35.57],[126.616222,35.56],[126.618306,35.558722],[126.619972,35.561278],[126.623722,35.555833],[126.616667,35.557083],[126.607889,35.540833],[126.597083,35.535],[126.599583,35.521639],[126.59919084,35.52032318],[126.59644939,35.51969525],[126.592083,35.541639],[126.566694,35.545444],[126.551639,35.537056],[126.543333,35.522861],[126.526667,35.53625],[126.514167,35.535444],[126.509194,35.52875],[126.487444,35.520389],[126.484167,35.522917],[126.479556,35.513306],[126.483722,35.509972],[126.479167,35.51125],[126.472972,35.505778],[126.464556,35.489111],[126.468333,35.487889],[126.473306,35.493722],[126.472944,35.484139],[126.460833,35.482917],[126.442861,35.456667],[126.444111,35.449556],[126.454167,35.459528],[126.453722,35.450833],[126.444167,35.447083],[126.440833,35.452056],[126.436639,35.452083],[126.432917,35.441639],[126.427889,35.438333],[126.429111,35.432917],[126.447472,35.438722],[126.45,35.432083],[126.452528,35.434556],[126.45709099,35.43485066],[126.45179205,35.42588032],[126.44705991,35.42701397],[126.442472,35.43125],[126.43369646,35.43021536],[126.4263236,35.43198162],[126.12138406,35.51251623],[126.11742531,35.51360546],[126.11740173,35.51361194],[126.12206797,35.52168419],[126.12231176,35.52210593],[126.13160589,35.53821846],[126.15043112,35.57115015],[126.16634062,35.59903236],[126.17636379,35.61659846],[126.20565929,35.66848536],[126.24613282,35.73860261],[126.24832352,35.74239783],[126.24980274,35.74181174],[126.45764172,35.67553717],[126.52399549,35.74987458],[126.56968659,35.7105055]]]]},"geometry_name":"the_geom","properties":{"id":"Shp_WRN_POLY.8","BLN_Flag":"1","Id_1":"","LAYER":"","STD_ID1":"","WarnCode":"S1231200","ZLEVEL":"","name":"전북남부앞바다","STN_IDX":10202,"fct_zone_i":"22A30102"}},{"type":"Feature","id":"shp_wrn_poly.9","geometry":{"type":"MultiPolygon","coordinates":[[[[126.457056,35.074944],[126.45340228,35.0731481],[126.4525492,35.07389237],[126.44378995,35.081611],[126.457056,35.074944]]],[[[126.45620979,35.36823937],[126.455861,35.367889],[126.45192383,35.37348676],[126.45620979,35.36823937]]],[[[126.45179205,35.42588032],[126.45094119,35.42343037],[126.44705991,35.42701397],[126.45179205,35.42588032]]],[[[126.428333,35.429583],[126.422083,35.423306],[126.426639,35.416194],[126.420389,35.419972],[126.422083,35.425833],[126.4175,35.427056],[126.41375,35.424167],[126.415417,35.418306],[126.404611,35.409139],[126.407917,35.404972],[126.401278,35.396667],[126.406222,35.392528],[126.40625,35.384972],[126.413694,35.381639],[126.411194,35.376667],[126.419139,35.36875],[126.425389,35.3725],[126.422917,35.375833],[126.425861,35.382083],[126.431639,35.377889],[126.441639,35.38625],[126.442083,35.381667],[126.445833,35.380389],[126.44375,35.384167],[126.44664171,35.38772265],[126.44923939,35.37677337],[126.44968974,35.376222],[126.444167,35.376222],[126.438694,35.373306],[126.439139,35.368722],[126.429972,35.369556],[126.427056,35.364111],[126.431667,35.359583],[126.433306,35.362889],[126.444944,35.36125],[126.450389,35.355],[126.442083,35.341667],[126.432889,35.338306],[126.441639,35.335417],[126.450833,35.325361],[126.465028,35.329556],[126.469167,35.327056],[126.484167,35.329556],[126.48875,35.326667],[126.474139,35.326194],[126.468694,35.319167],[126.469583,35.311667],[126.465833,35.31125],[126.444972,35.329528],[126.440806,35.329556],[126.438333,35.334528],[126.43125,35.337472],[126.434583,35.343333],[126.432861,35.348333],[126.437083,35.348306],[126.434972,35.356222],[126.428333,35.35625],[126.42,35.36625],[126.409139,35.364611],[126.402444,35.370417],[126.395833,35.370389],[126.392056,35.359139],[126.385417,35.353333],[126.387028,35.346667],[126.378722,35.333333],[126.374583,35.316639],[126.377056,35.305806],[126.384556,35.2975],[126.382083,35.2875],[126.371611,35.278722],[126.356639,35.272917],[126.354972,35.268694],[126.339556,35.257472],[126.340778,35.254583],[126.350806,35.255389],[126.354139,35.247889],[126.367056,35.249167],[126.363333,35.245417],[126.331639,35.237917],[126.327056,35.235],[126.32625,35.227472],[126.330833,35.22375],[126.34,35.227111],[126.346222,35.222472],[126.334556,35.216667],[126.338278,35.213722],[126.349194,35.215389],[126.350806,35.21875],[126.359167,35.219556],[126.3625,35.21625],[126.378306,35.218722],[126.38510868,35.22311173],[126.39486545,35.20924684],[126.389167,35.210361],[126.377472,35.194611],[126.374972,35.200389],[126.364528,35.197472],[126.369194,35.189556],[126.375389,35.191639],[126.370806,35.180389],[126.365833,35.187889],[126.364167,35.185389],[126.350444,35.183306],[126.360389,35.181639],[126.35825,35.17375],[126.365778,35.17375],[126.369139,35.177944],[126.370861,35.171222],[126.378306,35.174583],[126.381222,35.173278],[126.376222,35.168306],[126.382111,35.165],[126.371611,35.16375],[126.370389,35.159139],[126.382056,35.1575],[126.379556,35.153333],[126.382472,35.147028],[126.392056,35.148333],[126.383722,35.142472],[126.389139,35.137056],[126.394139,35.137083],[126.397472,35.142028],[126.399972,35.13625],[126.408333,35.137917],[126.409139,35.147889],[126.414972,35.135361],[126.422917,35.134972],[126.422917,35.130833],[126.42625,35.13],[126.416222,35.126639],[126.422472,35.118694],[126.429139,35.12125],[126.431222,35.1175],[126.417917,35.110806],[126.420778,35.105389],[126.445,35.10625],[126.445778,35.10375],[126.460806,35.102111],[126.464972,35.097917],[126.467111,35.106639],[126.474139,35.110389],[126.477056,35.104167],[126.467889,35.091667],[126.476222,35.085833],[126.468306,35.090417],[126.465,35.086222],[126.464639,35.094167],[126.460778,35.096278],[126.454139,35.087889],[126.452472,35.090417],[126.43815613,35.08657552],[126.43446063,35.08983199],[126.40438085,35.11633825],[126.39964476,35.12051168],[126.3405718,35.17256668],[126.30424573,35.17271139],[126.28026038,35.17280694],[126.27069397,35.17284504],[126.2444926,35.17294942],[126.14580293,35.17334256],[126.14402245,35.17366747],[126.13590339,35.17601621],[126.09008789,35.18927002],[125.97415259,35.22704836],[126.01644018,35.33270799],[126.02804337,35.35610395],[126.07788738,35.44379702],[126.10704459,35.49531765],[126.1173971,35.51361048],[126.11742394,35.51360309],[126.12676937,35.51102882],[126.4263236,35.43198162],[126.43369646,35.43021536],[126.428333,35.429583]]]]},"geometry_name":"the_geom","properties":{"id":"Shp_WRN_POLY.9","BLN_Flag":"1","Id_1":"","LAYER":"","STD_ID1":"","WarnCode":"S1231300","ZLEVEL":"","name":"전남북부서해앞바다","STN_IDX":10203,"fct_zone_i":"22A30103"}},{"type":"Feature","id":"shp_wrn_poly.10","geometry":{"type":"MultiPolygon","coordinates":[[[[126.3405718,35.17256668],[126.39964476,35.12051168],[126.40438085,35.11633825],[126.43446063,35.08983199],[126.43815613,35.08657552],[126.435389,35.085833],[126.44378995,35.081611],[126.4525492,35.07389237],[126.45340228,35.0731481],[126.450389,35.071667],[126.441722,35.058722],[126.417917,35.045],[126.416222,35.040833],[126.423778,35.033333],[126.42375,35.025833],[126.419167,35.024583],[126.411694,35.030389],[126.405,35.027889],[126.402056,35.030806],[126.398722,35.035028],[126.400861,35.045417],[126.393333,35.042056],[126.387889,35.044972],[126.388333,35.048778],[126.390833,35.044583],[126.393306,35.047889],[126.402917,35.05],[126.390778,35.06125],[126.3975,35.060417],[126.4,35.056222],[126.404139,35.057056],[126.407083,35.063306],[126.401194,35.066667],[126.407917,35.065833],[126.398306,35.076222],[126.394556,35.075806],[126.387444,35.065417],[126.380444,35.067472],[126.387111,35.080778],[126.391222,35.082472],[126.389194,35.087083],[126.385,35.087889],[126.378722,35.081639],[126.379556,35.074972],[126.372083,35.07],[126.368722,35.059167],[126.365,35.058722],[126.367889,35.071667],[126.363333,35.079583],[126.354194,35.077917],[126.349139,35.081222],[126.345806,35.07875],[126.341222,35.080833],[126.340389,35.086639],[126.347889,35.091667],[126.350806,35.100444],[126.341639,35.09125],[126.333278,35.09125],[126.329556,35.094139],[126.333722,35.0975],[126.33375,35.105],[126.326306,35.1075],[126.331278,35.110833],[126.329167,35.117083],[126.339556,35.119139],[126.337056,35.123306],[126.344583,35.136639],[126.345806,35.160444],[126.330028,35.149556],[126.325833,35.151222],[126.323722,35.149139],[126.324167,35.145417],[126.331278,35.143333],[126.327528,35.13375],[126.317083,35.130833],[126.321222,35.13],[126.319194,35.12625],[126.324583,35.1275],[126.314556,35.1175],[126.313333,35.112028],[126.30625,35.117472],[126.310417,35.128278],[126.306222,35.129167],[126.307111,35.138333],[126.295,35.13875],[126.290028,35.142083],[126.287472,35.137056],[126.279167,35.135417],[126.272472,35.15125],[126.254611,35.140833],[126.256278,35.1325],[126.253306,35.135417],[126.249583,35.133333],[126.239556,35.111694],[126.25,35.113694],[126.257056,35.109167],[126.259111,35.099611],[126.261667,35.10125],[126.266222,35.099139],[126.2675,35.095389],[126.264944,35.097917],[126.259167,35.096222],[126.254556,35.09],[126.263333,35.083722],[126.267528,35.083722],[126.270833,35.088778],[126.278361,35.081194],[126.286639,35.084583],[126.286194,35.080806],[126.291222,35.078333],[126.284583,35.075],[126.284556,35.069167],[126.279139,35.064556],[126.272917,35.065806],[126.278333,35.079611],[126.274972,35.07625],[126.272472,35.078722],[126.265861,35.077083],[126.263722,35.074167],[126.26875,35.068278],[126.262111,35.064139],[126.262083,35.054972],[126.265028,35.052917],[126.279194,35.055417],[126.280833,35.062083],[126.292528,35.060389],[126.295389,35.058333],[126.290361,35.05],[126.298778,35.050806],[126.299583,35.046639],[126.29375,35.041639],[126.296639,35.041194],[126.31375,35.055833],[126.311611,35.059556],[126.299583,35.061639],[126.3025,35.067083],[126.311611,35.066278],[126.31625,35.070833],[126.306639,35.079556],[126.300028,35.080417],[126.295417,35.092528],[126.287083,35.096694],[126.294556,35.1],[126.292028,35.106639],[126.294972,35.112889],[126.298778,35.108333],[126.297861,35.103278],[126.30625,35.099972],[126.302889,35.098361],[126.30375,35.093333],[126.309139,35.094556],[126.314583,35.089972],[126.312528,35.082944],[126.321667,35.089556],[126.329194,35.08875],[126.334583,35.083306],[126.342111,35.069167],[126.329556,35.062472],[126.3325,35.058722],[126.335806,35.06125],[126.350417,35.053333],[126.343722,35.050833],[126.350028,35.038778],[126.369139,35.047889],[126.373333,35.04375],[126.374972,35.04875],[126.379139,35.04875],[126.388806,35.034972],[126.389139,35.025417],[126.345806,35.003722],[126.343333,34.999583],[126.33375,34.997472],[126.331611,34.99125],[126.342444,34.99625],[126.357889,34.991667],[126.358722,34.985833],[126.3525,34.984556],[126.344139,34.973722],[126.33575,34.972917],[126.328306,34.967083],[126.327917,34.972444],[126.322083,34.974167],[126.319111,34.982056],[126.314944,34.975389],[126.31125,34.975806],[126.314167,34.98875],[126.305417,34.986667],[126.303722,34.978333],[126.297083,34.975833],[126.295389,34.963333],[126.301611,34.95625],[126.307111,34.955],[126.312472,34.947056],[126.322472,34.953722],[126.326639,34.952056],[126.330778,34.957056],[126.332083,34.953306],[126.329167,34.944556],[126.321667,34.944556],[126.315806,34.937111],[126.304556,34.934167],[126.305,34.927083],[126.312472,34.926222],[126.3175,34.93125],[126.322444,34.928722],[126.324944,34.93125],[126.329167,34.923722],[126.334639,34.922472],[126.334139,34.920389],[126.329917,34.921278],[126.329167,34.917083],[126.344111,34.914528],[126.343694,34.919167],[126.350833,34.917083],[126.353778,34.923333],[126.343694,34.925],[126.348361,34.925389],[126.350417,34.929167],[126.338722,34.933306],[126.335389,34.941667],[126.337528,34.94875],[126.344944,34.940389],[126.350806,34.944556],[126.356667,34.943722],[126.365778,34.932083],[126.374583,34.94],[126.367472,34.942917],[126.367083,34.945833],[126.371194,34.947472],[126.376222,34.958333],[126.369194,34.962889],[126.361639,34.962028],[126.360417,34.969167],[126.361667,34.972111],[126.370389,34.973333],[126.366222,34.983306],[126.370861,34.997889],[126.374583,34.996667],[126.372917,34.989972],[126.378694,34.987472],[126.377889,34.971667],[126.382444,34.967917],[126.390361,34.968306],[126.38375,34.975],[126.383722,34.979972],[126.392111,34.996639],[126.397028,35],[126.397083,35.005],[126.405,35.007917],[126.409583,35.004167],[126.407083,34.998333],[126.41465148,34.99454967],[126.41497318,34.9892738],[126.414583,34.984972],[126.4152399,34.98489967],[126.41612132,34.97044434],[126.409944,34.962056],[126.400806,34.95625],[126.38875,34.953333],[126.38875,34.939944],[126.402056,34.936639],[126.390389,34.929972],[126.390361,34.922472],[126.40375,34.91],[126.4,34.900417],[126.390361,34.899972],[126.390389,34.890806],[126.383694,34.886611],[126.38875,34.885],[126.38625,34.878306],[126.388306,34.877083],[126.395417,34.8875],[126.402472,34.890389],[126.414972,34.906222],[126.408722,34.890806],[126.409167,34.887889],[126.411639,34.88875],[126.42014632,34.90443431],[126.42041794,34.89997978],[126.42156169,34.89502351],[126.421306,34.894111],[126.42191524,34.89349145],[126.42278916,34.88970448],[126.417917,34.886667],[126.416667,34.88125],[126.409111,34.882861],[126.406611,34.880389],[126.402444,34.882889],[126.395389,34.873306],[126.394556,34.868306],[126.403778,34.865],[126.40125,34.859167],[126.406222,34.8575],[126.404583,34.848361],[126.412028,34.843306],[126.4,34.84375],[126.395778,34.83375],[126.389139,34.82875],[126.385,34.830417],[126.381694,34.822056],[126.378333,34.82375],[126.375361,34.820833],[126.373722,34.815806],[126.377889,34.809139],[126.370861,34.80625],[126.364556,34.8075],[126.366222,34.804139],[126.360417,34.795778],[126.367472,34.77875],[126.379083,34.777917],[126.386667,34.784556],[126.389944,34.78125],[126.399139,34.782889],[126.409167,34.792083],[126.425028,34.792056],[126.42625,34.796667],[126.417917,34.804167],[126.422889,34.806667],[126.425778,34.813722],[126.436667,34.802917],[126.45352308,34.8095466],[126.46919689,34.78576565],[126.46725812,34.77413305],[126.46,34.76625],[126.453778,34.764167],[126.453306,34.757917],[126.444944,34.762028],[126.441222,34.760806],[126.44642051,34.75077664],[126.44465833,34.7495313],[126.434583,34.7525],[126.432028,34.757472],[126.435389,34.761667],[126.429139,34.772861],[126.420389,34.770778],[126.422056,34.761667],[126.418333,34.754556],[126.409583,34.761639],[126.412056,34.766667],[126.408306,34.771222],[126.394139,34.773722],[126.378722,34.7675],[126.37875,34.749111],[126.366667,34.752056],[126.367056,34.748306],[126.362528,34.747917],[126.362056,34.744139],[126.368306,34.739556],[126.379194,34.738778],[126.386667,34.730389],[126.395389,34.734139],[126.395,34.740361],[126.405806,34.738722],[126.406222,34.744167],[126.413333,34.747917],[126.419139,34.742083],[126.428306,34.743778],[126.425389,34.739139],[126.42667559,34.73682277],[126.42145148,34.73313086],[126.39015028,34.72336609],[126.3878138,34.72461536],[126.3803313,34.72798056],[126.37230605,34.73158985],[126.36029758,34.73699057],[126.32248832,34.753995],[126.2647305,34.77997114],[126.24636377,34.73622291],[126.2312919,34.70032281],[126.23288953,34.64702288],[126.2342877,34.60037747],[126.1996101,34.56068351],[126.13373532,34.54692944],[126.1000352,34.53989316],[126.04290771,34.51696777],[126.00918908,34.5032443],[125.90463275,34.45160055],[125.89543648,34.46538425],[125.81674103,34.58333593],[125.83480496,34.60144032],[125.84661686,34.62528936],[125.84742167,34.62691434],[125.78723413,34.78283173],[125.78555843,34.78717267],[125.78557975,34.78722081],[125.78824946,34.79325086],[125.91513646,35.07984956],[125.97413888,35.22704285],[125.97414214,35.22704178],[126.05875118,35.19948028],[126.09008789,35.18927002],[126.13590339,35.17601621],[126.14402245,35.17366747],[126.14580293,35.17334256],[126.2444926,35.17294942],[126.27069397,35.17284504],[126.28026038,35.17280694],[126.30424573,35.17271139],[126.3405718,35.17256668]]]]},"geometry_name":"the_geom","properties":{"id":"Shp_WRN_POLY.10","BLN_Flag":"1","Id_1":"","LAYER":"","STD_ID1":"","WarnCode":"S1231400","ZLEVEL":"","name":"전남중부서해앞바다","STN_IDX":10204,"fct_zone_i":"22A30104"}},{"type":"Feature","id":"shp_wrn_poly.11","geometry":{"type":"MultiPolygon","coordinates":[[[[124.49777999,33.22896423],[124.49776989,33.22895917],[124.24845069,33.84782349],[124.16631779,34.04337576],[124.1423911,34.10034342],[124.00828386,34.43169072],[124,34.4521582],[125.90361358,34.45159553],[125.90462581,34.45159523],[125.90462913,34.45159523],[125.90463498,34.45158718],[125.90923348,34.44525808],[125.90926537,34.44520992],[125.983333,34.333333],[126.05,34.316667],[126.09500629,34.29860386],[126.11258475,34.29141154],[126.15585432,34.27370757],[126.29164657,34.21814748],[126.34448643,34.19652779],[126.34447594,34.1965222],[126.33716132,34.19262679],[126.25796805,34.15045231],[126.03378739,34.02801014],[125.38168465,33.67184708],[124.49980565,33.22997919],[124.49777999,33.22896423]]]]},"geometry_name":"the_geom","properties":{"id":"Shp_WRN_POLY.11","BLN_Flag":"1","Id_1":"","LAYER":"","STD_ID1":"","WarnCode":"S1232210","ZLEVEL":"","name":"서해남부남쪽 안쪽먼바다","STN_IDX":103,"fct_zone_i":"12A30212"}},{"type":"Feature","id":"shp_wrn_poly.12","geometry":{"type":"MultiPolygon","coordinates":[[[[126.35432377,34.64446085],[126.39279405,34.6101841],[126.389167,34.609556],[126.381667,34.617917],[126.374583,34.6175],[126.374556,34.610778],[126.370028,34.604556],[126.370417,34.618306],[126.365778,34.617917],[126.367472,34.622083],[126.35375,34.626667],[126.35432377,34.64446085]]],[[[126.2647305,34.77997114],[126.32248832,34.753995],[126.36029758,34.73699057],[126.37230605,34.73158985],[126.3803313,34.72798056],[126.3878138,34.72461536],[126.39015028,34.72336609],[126.39463177,34.71338758],[126.391611,34.710417],[126.392028,34.715],[126.389167,34.716194],[126.383722,34.715],[126.384583,34.707472],[126.394917,34.704583],[126.393778,34.699972],[126.39951402,34.6951491],[126.39417375,34.69142297],[126.384111,34.702056],[126.382083,34.700833],[126.39167984,34.68968287],[126.3784049,34.68042039],[126.378361,34.680417],[126.374167,34.683694],[126.372917,34.6775],[126.37314448,34.67674997],[126.34362468,34.65615277],[126.343333,34.65625],[126.34325,34.662083],[126.335806,34.658722],[126.329944,34.660417],[126.327917,34.665028],[126.33375,34.672472],[126.330389,34.680806],[126.332861,34.695],[126.348278,34.700389],[126.348722,34.710806],[126.34,34.71875],[126.331278,34.721639],[126.330417,34.734167],[126.327083,34.736667],[126.328778,34.740833],[126.323306,34.739556],[126.31875,34.743306],[126.319111,34.75125],[126.309139,34.747083],[126.309583,34.755],[126.3025,34.761194],[126.294194,34.762889],[126.28625,34.759972],[126.275417,34.730833],[126.275389,34.723333],[126.281222,34.720833],[126.272861,34.7175],[126.268306,34.702056],[126.263333,34.709611],[126.259528,34.705806],[126.257056,34.694167],[126.259194,34.688722],[126.263806,34.688333],[126.254556,34.681639],[126.254972,34.677889],[126.258722,34.6775],[126.255389,34.663278],[126.262889,34.659167],[126.258722,34.654139],[126.267889,34.647472],[126.266667,34.644583],[126.259972,34.646222],[126.26,34.64125],[126.279139,34.629583],[126.289194,34.634556],[126.294194,34.628722],[126.301667,34.624611],[126.305806,34.625389],[126.30375,34.62],[126.308389,34.621194],[126.313694,34.6125],[126.297472,34.611222],[126.289972,34.622056],[126.281639,34.622889],[126.282889,34.618333],[126.278722,34.610806],[126.287028,34.605778],[126.279583,34.599944],[126.279583,34.595833],[126.290833,34.591222],[126.290417,34.596639],[126.297472,34.600417],[126.298333,34.590417],[126.312083,34.587444],[126.302944,34.576667],[126.3075,34.577056],[126.305389,34.573333],[126.314139,34.566194],[126.33375,34.572472],[126.33375,34.581694],[126.330389,34.585778],[126.333306,34.594556],[126.347528,34.593722],[126.3525,34.587083],[126.363778,34.583306],[126.35375,34.571639],[126.355,34.565389],[126.358306,34.565389],[126.362528,34.559528],[126.374139,34.559556],[126.379972,34.562889],[126.388722,34.558306],[126.382944,34.555778],[126.387889,34.549139],[126.377861,34.54],[126.387444,34.532083],[126.402944,34.539167],[126.4,34.548778],[126.415778,34.54625],[126.418361,34.557056],[126.43375,34.551667],[126.431222,34.545833],[126.433389,34.535389],[126.443278,34.53875],[126.445806,34.535361],[126.455806,34.536194],[126.460778,34.529556],[126.466639,34.530417],[126.469556,34.535],[126.464556,34.54],[126.466222,34.544139],[126.460417,34.557472],[126.469583,34.561611],[126.47013416,34.5648283],[126.4910043,34.55265246],[126.4977951,34.53907087],[126.497028,34.538306],[126.49834421,34.53797265],[126.50512827,34.52440452],[126.494944,34.525389],[126.494194,34.520389],[126.485778,34.519528],[126.473306,34.50875],[126.456194,34.502444],[126.457056,34.497472],[126.462861,34.494972],[126.455028,34.492056],[126.454528,34.489111],[126.461639,34.487889],[126.464639,34.483333],[126.453694,34.482472],[126.454528,34.475778],[126.4625,34.46875],[126.473333,34.468722],[126.483306,34.479583],[126.486194,34.478333],[126.478278,34.458694],[126.469167,34.462861],[126.466222,34.461667],[126.476694,34.449583],[126.467528,34.44875],[126.464083,34.454583],[126.452944,34.450806],[126.453306,34.447889],[126.466194,34.439972],[126.475,34.427028],[126.480833,34.42625],[126.48125,34.433361],[126.485028,34.434583],[126.495806,34.43125],[126.505778,34.440389],[126.512889,34.435833],[126.507083,34.426667],[126.515806,34.414528],[126.499944,34.40625],[126.4925,34.410389],[126.485417,34.409167],[126.489528,34.405806],[126.485417,34.402528],[126.489583,34.399167],[126.487889,34.395806],[126.492472,34.395389],[126.493306,34.390389],[126.500417,34.388278],[126.485806,34.387083],[126.4825,34.39125],[126.480806,34.387889],[126.470028,34.386222],[126.465417,34.380806],[126.469944,34.383722],[126.478306,34.383722],[126.472944,34.379139],[126.479583,34.375833],[126.475444,34.371639],[126.483722,34.366639],[126.475361,34.366639],[126.478306,34.35875],[126.46825,34.364556],[126.464528,34.364139],[126.464556,34.359167],[126.472472,34.350389],[126.478306,34.35125],[126.491639,34.360389],[126.498333,34.357111],[126.504194,34.366222],[126.517917,34.363333],[126.521278,34.355],[126.520389,34.345028],[126.525417,34.334139],[126.519972,34.325417],[126.511194,34.319972],[126.517917,34.314972],[126.514583,34.308306],[126.515417,34.296667],[126.52204445,34.29404654],[126.52155737,34.29306541],[126.4884652,34.27501196],[126.4711588,34.26557045],[126.39507544,34.2240199],[126.34453046,34.19650886],[126.34452131,34.19650388],[126.34447594,34.1965222],[126.31919104,34.20672944],[126.29164657,34.21814748],[126.21533956,34.24977914],[126.15585432,34.27370757],[126.12474812,34.2862203],[126.11258475,34.29141154],[126.0872307,34.30223247],[126.05,34.316667],[125.983333,34.333333],[125.91104809,34.44275631],[125.90926537,34.44520992],[125.90463266,34.45158603],[125.90463498,34.45158718],[126.00918908,34.5032443],[126.04290771,34.51696777],[126.1000352,34.53989316],[126.13373532,34.54692944],[126.1996101,34.56068351],[126.2342877,34.60037747],[126.23288953,34.64702288],[126.2312919,34.70032281],[126.24636377,34.73622291],[126.2647305,34.77997114]]]]},"geometry_name":"the_geom","properties":{"id":"Shp_WRN_POLY.12","BLN_Flag":"1","Id_1":"","LAYER":"","STD_ID1":"","WarnCode":"S1231500","ZLEVEL":"","name":"전남남부서해앞바다","STN_IDX":10301,"fct_zone_i":"22A30105"}},{"type":"Feature","id":"shp_wrn_poly.13","geometry":{"type":"MultiPolygon","coordinates":[[[[124.99999744,35.99999603],[124.99999869,35.99999354],[124.99999582,35.99999354],[124.99999085,35.99999354],[124.89999888,35.99999797],[122.72636268,36.00009447],[122.72820062,37.99760591],[123.99994694,38.00003159],[124.99999744,35.99999603]]]]},"geometry_name":"the_geom","properties":{"id":"Shp_WRN_POLY.13","BLN_Flag":"1","Id_1":"","LAYER":"","STD_ID1":"","WarnCode":"S1252020","ZLEVEL":"","name":"서해중부바깥먼바다","STN_IDX":104,"fct_zone_i":"12A20220"}},{"type":"Feature","id":"shp_wrn_poly.14","geometry":{"type":"MultiPolygon","coordinates":[[[[123.06658034,34.45225866],[122.72494031,34.45225294],[122.72494033,34.45227216],[122.72638931,36.00006988],[124.89999888,35.99999797],[124.99999158,35.99999467],[124.99999085,35.99999354],[123.99991222,34.45227427],[123.06658034,34.45225866]]]]},"geometry_name":"the_geom","properties":{"id":"Shp_WRN_POLY.14","BLN_Flag":"1","Id_1":"","LAYER":"","STD_ID1":"","WarnCode":"S1232120","ZLEVEL":"","name":"서해남부북쪽 바깥먼바다","STN_IDX":105,"fct_zone_i":"12A30221"}},{"type":"Feature","id":"shp_wrn_poly.15","geometry":{"type":"MultiPolygon","coordinates":[[[[124.49776319,33.22896068],[122.72282504,32.3396713],[122.72491175,34.45227216],[122.72494033,34.45227216],[123.06658034,34.45225866],[123.99992827,34.45222177],[124.00828386,34.43169072],[124.16631779,34.04337576],[124.49776319,33.22896068]]]]},"geometry_name":"the_geom","properties":{"id":"Shp_WRN_POLY.15","BLN_Flag":"1","Id_1":"","LAYER":"","STD_ID1":"","WarnCode":"S1232220","ZLEVEL":"","name":"서해남부남쪽 바깥먼바다","STN_IDX":106,"fct_zone_i":"12A30222"}},{"type":"Feature","id":"shp_wrn_poly.16","geometry":{"type":"MultiPolygon","coordinates":[[[[127.20923679,34.20240398],[126.91774784,33.91919564],[126.7522328,33.75722807],[126.75219582,33.75719187],[126.75165625,33.75720262],[126.75097348,33.75721621],[126.74839077,33.75709763],[126.74641081,33.75697565],[126.74415213,33.75683651],[126.73907298,33.75666275],[126.73436484,33.75644493],[126.72837212,33.7561609],[126.66635208,33.75361318],[126.66302878,33.75347666],[126.52485054,33.72800209],[126.48775317,33.721685],[126.46156566,33.71722569],[126.35882664,33.68514186],[126.27497568,33.66328962],[126.20071491,33.63298241],[126.19765976,33.63173555],[126.14511468,33.60861519],[126.141228,33.60690501],[126.14120423,33.60689455],[126.13979635,33.60566824],[126.11645223,33.58533477],[126.09694035,33.56864601],[126.07986543,33.55404161],[126.04889825,33.52731957],[126.01055806,33.49546437],[125.98439732,33.47397651],[125.92931049,33.39534336],[125.92161973,33.35882369],[125.91714161,33.33755931],[125.91713697,33.3375373],[125.91714862,33.33751598],[125.91739547,33.33706383],[125.91720214,33.33718496],[125.38294175,33.67192812],[125.97526299,33.9951554],[126.03378739,34.02801014],[126.17278824,34.10604318],[126.33716132,34.19262679],[126.34450032,34.19649261],[126.47888825,34.14167838],[126.583333,34.09907739],[126.59309032,34.09784661],[126.60253769,34.09665492],[126.69322921,34.11258962],[126.76640342,34.12545186],[126.78076351,34.12805583],[126.9083408,34.15118988],[127.06933441,34.19730545],[127.07587078,34.19917775],[127.11607871,34.20187491],[127.20764141,34.20792706],[127.21180868,34.20823169],[127.21580537,34.20852385],[127.21580685,34.20852396],[127.21588207,34.20852946],[127.21585056,34.20850041],[127.21584857,34.20849858],[127.21525401,34.20795053],[127.20923679,34.20240398]]]]},"geometry_name":"the_geom","properties":{"id":"Shp_WRN_POLY.16","BLN_Flag":"1","Id_1":"","LAYER":"","STD_ID1":"","WarnCode":"S1322100","ZLEVEL":"","name":"남해서부서쪽먼바다","STN_IDX":201,"fct_zone_i":"12B10201"}},{"type":"Feature","id":"shp_wrn_poly.17","geometry":{"type":"MultiPolygon","coordinates":[[[[127.0458121,34.63432387],[127.0682102,34.46544663],[127.13515652,34.40695407],[127.21576598,34.20862076],[127.21580537,34.20852385],[127.21581609,34.20849748],[127.21581619,34.20849723],[127.2158154,34.20849718],[127.21180868,34.20823169],[127.07590932,34.19922699],[127.06933441,34.19730545],[126.908085,34.15017976],[126.84875856,34.13953554],[126.78076351,34.12805583],[126.76389958,34.12520867],[126.69322921,34.11355166],[126.60201221,34.0968072],[126.59309032,34.09784661],[126.58357942,34.09895464],[126.47888825,34.14167838],[126.34453046,34.19650886],[126.34451892,34.19651357],[126.47237075,34.26624491],[126.4884652,34.27501196],[126.52154649,34.29303218],[126.52204846,34.29404495],[126.524972,34.292889],[126.529611,34.297472],[126.529111,34.302083],[126.544972,34.304583],[126.558306,34.322944],[126.584167,34.321222],[126.595,34.31375],[126.605028,34.315389],[126.60625,34.318333],[126.602083,34.322472],[126.604556,34.334167],[126.600417,34.338306],[126.608806,34.344139],[126.608778,34.347472],[126.601667,34.347028],[126.60125,34.349139],[126.620389,34.36],[126.616222,34.365806],[126.620389,34.379972],[126.614139,34.381222],[126.612028,34.384972],[126.621222,34.396639],[126.616222,34.403306],[126.623333,34.408722],[126.628306,34.403722],[126.636667,34.412917],[126.645,34.409528],[126.650389,34.423333],[126.6575,34.421222],[126.663306,34.428722],[126.675806,34.41625],[126.678722,34.420833],[126.674556,34.426639],[126.680806,34.427056],[126.689556,34.433333],[126.686667,34.437917],[126.677083,34.4425],[126.67899089,34.44693751],[126.68329574,34.44923884],[126.689111,34.444556],[126.698361,34.447944],[126.698722,34.441639],[126.705028,34.439528],[126.709972,34.439556],[126.714944,34.444583],[126.722472,34.442889],[126.734556,34.445],[126.734111,34.448722],[126.723306,34.447889],[126.718306,34.454556],[126.714167,34.452917],[126.708306,34.455389],[126.711639,34.467083],[126.70746108,34.467083],[126.71299684,34.47397841],[126.720806,34.47125],[126.719583,34.475],[126.728306,34.479583],[126.729972,34.472056],[126.744972,34.469583],[126.749583,34.475861],[126.741222,34.480861],[126.739583,34.487528],[126.747472,34.492083],[126.758278,34.49125],[126.759583,34.496639],[126.766194,34.499972],[126.764167,34.503778],[126.75825,34.502056],[126.754222,34.504556],[126.750833,34.502028],[126.749167,34.50625],[126.743278,34.503722],[126.73676456,34.50904886],[126.74106392,34.52451606],[126.746694,34.521194],[126.747472,34.530417],[126.755,34.526222],[126.772056,34.526639],[126.762944,34.534139],[126.7645,34.540028],[126.767889,34.540833],[126.765361,34.546611],[126.767889,34.556639],[126.763722,34.559111],[126.766278,34.563306],[126.756667,34.560361],[126.757056,34.564944],[126.75304834,34.56763073],[126.75566751,34.57705334],[126.770389,34.594111],[126.772056,34.61],[126.766639,34.621222],[126.777111,34.619139],[126.778722,34.591639],[126.789583,34.585806],[126.784583,34.576611],[126.795389,34.566694],[126.788722,34.561639],[126.79125,34.5575],[126.788694,34.554139],[126.800361,34.55],[126.791222,34.542444],[126.790417,34.524167],[126.786222,34.514139],[126.790361,34.511639],[126.792917,34.501667],[126.790417,34.4975],[126.793694,34.495778],[126.792056,34.489972],[126.795417,34.488306],[126.796222,34.480833],[126.787444,34.478722],[126.784556,34.469972],[126.789194,34.467889],[126.807444,34.469583],[126.805417,34.463306],[126.80875,34.4625],[126.803722,34.459139],[126.805806,34.451222],[126.814222,34.455389],[126.819194,34.449583],[126.830806,34.448694],[126.838361,34.45125],[126.842444,34.447861],[126.846639,34.44875],[126.855778,34.442028],[126.859167,34.442889],[126.863278,34.435361],[126.867472,34.43875],[126.875861,34.435417],[126.880361,34.424139],[126.884111,34.422889],[126.887889,34.434972],[126.87875,34.45],[126.869528,34.455861],[126.871639,34.457889],[126.888333,34.456222],[126.886222,34.4625],[126.889139,34.472917],[126.898306,34.474556],[126.898722,34.465806],[126.902472,34.462083],[126.916583,34.467083],[126.923278,34.465417],[126.929972,34.44625],[126.937472,34.447056],[126.94625,34.455833],[126.947083,34.461639],[126.941278,34.464167],[126.937083,34.474972],[126.939944,34.484583],[126.947917,34.481639],[126.954139,34.469556],[126.960833,34.470389],[126.966694,34.477083],[126.972528,34.475417],[126.975,34.470417],[126.978722,34.470806],[126.977917,34.487472],[126.967472,34.492889],[126.965361,34.4975],[126.969583,34.51],[126.9775,34.509556],[126.978694,34.511639],[126.972111,34.518278],[126.972889,34.525806],[126.963278,34.526194],[126.959583,34.5325],[126.971639,34.543694],[126.987528,34.540417],[126.989139,34.560417],[126.994944,34.56125],[127.005389,34.555806],[127.005806,34.570417],[126.999972,34.567861],[126.995861,34.570361],[126.989167,34.568722],[126.97875,34.575806],[126.985861,34.577083],[126.992056,34.584167],[126.992083,34.594139],[126.998694,34.598306],[126.996194,34.604167],[127.003306,34.602889],[127.005,34.607028],[127.009167,34.605389],[127.009528,34.609167],[126.996611,34.612917],[126.992861,34.616639],[126.994139,34.62375],[126.970861,34.62125],[126.957056,34.630806],[126.969139,34.626222],[126.990833,34.626222],[126.993306,34.632111],[126.999139,34.632083],[127.002472,34.626222],[127.015028,34.62375],[127.031611,34.629583],[127.0375,34.635389],[127.0457867,34.63463599],[127.0458121,34.63432387]]]]},"geometry_name":"the_geom","properties":{"id":"Shp_WRN_POLY.17","BLN_Flag":"1","Id_1":"","LAYER":"","STD_ID1":"","WarnCode":"S1321100","ZLEVEL":"","name":"전남서부남해앞바다","STN_IDX":20101,"fct_zone_i":"12B10101"}},{"type":"Feature","id":"shp_wrn_poly.18","geometry":{"type":"MultiPolygon","coordinates":[[[[127.805834,34.408056],[127.833232,34.420715],[127.83328834,33.66173514],[127.83333331,33.57996894],[127.83333333,33.57991789],[127.83329955,33.57990555],[127.51141187,33.46229686],[127.15810499,33.33320847],[127.15775014,33.33307882],[127.16518699,33.35676217],[127.18927803,33.43348238],[127.18885927,33.4754669],[127.17347216,33.52465556],[127.15741288,33.55453607],[127.15393185,33.55949501],[127.12933927,33.59452866],[127.09300806,33.64624145],[127.09250085,33.6469634],[126.97916135,33.71313607],[126.93232323,33.7279173],[126.82977154,33.7602807],[126.75227765,33.75720745],[126.75226745,33.75720705],[126.75228721,33.75722626],[126.75229197,33.75723089],[126.80746415,33.81087174],[127.21525401,34.20795053],[127.2158154,34.20849718],[127.21581568,34.20849744],[127.21581609,34.20849748],[127.21581797,34.20849764],[127.21585056,34.20850041],[127.22131482,34.20896586],[127.26357118,34.21184393],[127.35729208,34.26000831],[127.39653405,34.27934454],[127.39774844,34.27994292],[127.39777531,34.27998029],[127.44357331,34.34366633],[127.49263773,34.41189459],[127.54505465,34.41086781],[127.805834,34.408056]]]]},"geometry_name":"the_geom","properties":{"id":"Shp_WRN_POLY.18","BLN_Flag":"1","Id_1":"","LAYER":"","STD_ID1":"","WarnCode":"S1322200","ZLEVEL":"","name":"남해서부동쪽먼바다","STN_IDX":202,"fct_zone_i":"12B10202"}},{"type":"Feature","id":"shp_wrn_poly.19","geometry":{"type":"MultiPolygon","coordinates":[[[[127.732917,34.963361],[127.738306,34.95625],[127.755,34.961222],[127.75965449,34.96703547],[127.76030722,34.9665011],[127.82024199,34.90252798],[127.80340905,34.85797396],[127.83333309,34.80309792],[127.83333333,34.80309748],[127.83333333,34.45604627],[127.833232,34.420715],[127.805834,34.408056],[127.54416847,34.41090022],[127.49227574,34.41197561],[127.44357331,34.34366633],[127.3983925,34.28029641],[127.39777531,34.27998029],[127.39653405,34.27934454],[127.35262797,34.25685662],[127.26328478,34.21160463],[127.22221154,34.20898688],[127.21584857,34.20849858],[127.21581854,34.20849628],[127.21581797,34.20849764],[127.21580685,34.20852396],[127.21576598,34.20862076],[127.21390386,34.21303126],[127.13515652,34.40695407],[127.0682102,34.46544663],[127.0458121,34.63432387],[127.0457867,34.63463599],[127.046667,34.634556],[127.064556,34.651611],[127.065806,34.663722],[127.071694,34.66125],[127.099194,34.671222],[127.110361,34.679139],[127.115361,34.693306],[127.130778,34.704528],[127.143306,34.693722],[127.179972,34.69125],[127.19875,34.706639],[127.212917,34.731639],[127.210417,34.738306],[127.22875,34.759972],[127.228278,34.765417],[127.2325,34.762889],[127.237056,34.764167],[127.242472,34.777056],[127.246222,34.776667],[127.24625,34.755833],[127.261667,34.732056],[127.266278,34.731611],[127.271667,34.740389],[127.27875,34.739972],[127.2875,34.75625],[127.290417,34.755833],[127.292083,34.745833],[127.288333,34.739583],[127.280806,34.739556],[127.27875,34.734139],[127.287472,34.734611],[127.291667,34.729556],[127.305833,34.748778],[127.312444,34.752056],[127.326667,34.751222],[127.327917,34.730806],[127.332917,34.716667],[127.336667,34.712889],[127.343361,34.714583],[127.344611,34.710833],[127.332083,34.705861],[127.326222,34.694139],[127.327028,34.688306],[127.317889,34.681667],[127.321222,34.674139],[127.315806,34.665444],[127.297528,34.668722],[127.285833,34.659583],[127.287944,34.669167],[127.280806,34.672889],[127.278722,34.6775],[127.282083,34.679972],[127.281222,34.688306],[127.287056,34.690806],[127.284556,34.694139],[127.287056,34.6975],[127.281278,34.699139],[127.283778,34.705],[127.279583,34.714972],[127.282083,34.718306],[127.275861,34.720417],[127.27,34.712889],[127.264167,34.717889],[127.259972,34.712917],[127.2525,34.712056],[127.254111,34.704583],[127.2475,34.706194],[127.246639,34.701222],[127.239583,34.700833],[127.241222,34.694139],[127.23625,34.691667],[127.243722,34.684972],[127.239139,34.678722],[127.232917,34.680806],[127.227056,34.663306],[127.228333,34.652056],[127.234167,34.658722],[127.23875,34.655806],[127.239583,34.647528],[127.247111,34.639167],[127.244611,34.634139],[127.249583,34.628306],[127.249583,34.620806],[127.23875,34.615],[127.232028,34.595028],[127.223722,34.589111],[127.227083,34.586639],[127.221639,34.586222],[127.219111,34.591222],[127.215778,34.59125],[127.205028,34.581222],[127.191722,34.582056],[127.182444,34.577056],[127.179556,34.58],[127.177889,34.5925],[127.187889,34.597472],[127.186222,34.603333],[127.19375,34.608306],[127.195361,34.622472],[127.202083,34.629972],[127.199528,34.6325],[127.202056,34.643306],[127.197444,34.65125],[127.19625,34.645806],[127.187917,34.640806],[127.185417,34.634194],[127.176639,34.630389],[127.172056,34.624139],[127.173778,34.609972],[127.168722,34.6025],[127.172028,34.594139],[127.164972,34.591222],[127.152528,34.593722],[127.149111,34.600389],[127.142889,34.581667],[127.134972,34.579556],[127.134167,34.572889],[127.124972,34.571278],[127.115417,34.559944],[127.113722,34.546639],[127.122028,34.539972],[127.124139,34.528722],[127.130861,34.531222],[127.130389,34.528306],[127.139139,34.522889],[127.139167,34.527917],[127.147472,34.527861],[127.150806,34.52375],[127.159139,34.529583],[127.1625,34.524611],[127.167528,34.525417],[127.174139,34.519556],[127.178722,34.531667],[127.173778,34.533306],[127.172472,34.538722],[127.167083,34.539167],[127.167083,34.545806],[127.172528,34.547889],[127.178333,34.546194],[127.189139,34.552028],[127.194194,34.549583],[127.201639,34.552889],[127.205833,34.561194],[127.209139,34.558722],[127.213361,34.560389],[127.21875,34.555833],[127.221278,34.545],[127.212889,34.539139],[127.221278,34.534972],[127.226694,34.525389],[127.232472,34.528722],[127.237056,34.527472],[127.231667,34.517889],[127.239111,34.515417],[127.241639,34.517917],[127.244972,34.51375],[127.245806,34.520389],[127.254972,34.521222],[127.275778,34.502083],[127.282861,34.500833],[127.284583,34.497528],[127.279611,34.494194],[127.28375,34.491667],[127.275,34.492917],[127.268778,34.486639],[127.27,34.481222],[127.276639,34.477889],[127.281639,34.479556],[127.295056,34.470417],[127.300833,34.470444],[127.298778,34.463306],[127.304556,34.464139],[127.304139,34.457083],[127.310778,34.463694],[127.309611,34.458306],[127.317056,34.454167],[127.3075,34.455417],[127.304556,34.450806],[127.3075,34.447917],[127.313361,34.449556],[127.315,34.443722],[127.324167,34.447917],[127.320778,34.441222],[127.325,34.441222],[127.326639,34.445361],[127.328306,34.441278],[127.34,34.444583],[127.342083,34.449139],[127.337139,34.450833],[127.339556,34.456667],[127.335,34.456194],[127.326639,34.462889],[127.321667,34.460417],[127.320361,34.468306],[127.317056,34.468306],[127.316278,34.475806],[127.324556,34.476667],[127.320417,34.484972],[127.324583,34.485833],[127.324972,34.497056],[127.329167,34.475417],[127.342111,34.480806],[127.33875,34.483333],[127.342944,34.484139],[127.341611,34.48875],[127.3525,34.480417],[127.358278,34.492056],[127.36375,34.490028],[127.369167,34.480361],[127.374139,34.480417],[127.379111,34.487083],[127.381222,34.481667],[127.378722,34.479111],[127.3825,34.477056],[127.382944,34.484139],[127.385028,34.48625],[127.389139,34.483722],[127.392083,34.489139],[127.387056,34.491639],[127.38625,34.498278],[127.380389,34.503306],[127.389167,34.504556],[127.391667,34.507917],[127.394139,34.504556],[127.404194,34.503722],[127.407917,34.510806],[127.407083,34.518306],[127.414583,34.519944],[127.412056,34.525806],[127.424194,34.527917],[127.429167,34.535417],[127.437083,34.534944],[127.435778,34.540444],[127.4275,34.539583],[127.427056,34.541639],[127.439583,34.549139],[127.435,34.549583],[127.433389,34.552889],[127.429972,34.55125],[127.430806,34.555361],[127.419167,34.552083],[127.425389,34.555806],[127.418361,34.555389],[127.418278,34.55875],[127.410806,34.555389],[127.3975,34.559583],[127.395,34.556222],[127.385861,34.557083],[127.384944,34.554556],[127.378306,34.553778],[127.368278,34.54625],[127.355861,34.545389],[127.362056,34.553333],[127.358306,34.553722],[127.350444,34.5625],[127.352917,34.565],[127.351222,34.572472],[127.332028,34.584111],[127.334139,34.588722],[127.34,34.590417],[127.343333,34.587889],[127.347444,34.592056],[127.359167,34.594556],[127.364139,34.59125],[127.364139,34.59875],[127.370861,34.603722],[127.383306,34.603694],[127.385,34.609583],[127.392889,34.604972],[127.3975,34.596222],[127.402528,34.597889],[127.406667,34.594556],[127.408306,34.599556],[127.4175,34.59625],[127.41125,34.590778],[127.413333,34.587028],[127.416278,34.588333],[127.415806,34.58375],[127.428333,34.58375],[127.43,34.587889],[127.433361,34.587056],[127.433778,34.581639],[127.440806,34.577083],[127.4475,34.577056],[127.447528,34.579583],[127.450861,34.57875],[127.457917,34.583306],[127.454611,34.593306],[127.456639,34.595389],[127.462083,34.589944],[127.459556,34.587472],[127.461639,34.580389],[127.474972,34.57375],[127.480778,34.577944],[127.486694,34.572917],[127.487889,34.579111],[127.496667,34.587917],[127.504222,34.592889],[127.509611,34.5925],[127.507056,34.606667],[127.498722,34.614972],[127.497889,34.631611],[127.494139,34.636222],[127.491611,34.632917],[127.484139,34.637056],[127.478306,34.634583],[127.470806,34.637917],[127.469194,34.632056],[127.4675,34.637083],[127.464167,34.634583],[127.459139,34.63625],[127.457528,34.633694],[127.44375,34.648306],[127.455833,34.647083],[127.456639,34.644556],[127.464944,34.647889],[127.469111,34.640361],[127.475,34.640389],[127.4775,34.647056],[127.491694,34.641222],[127.488306,34.65125],[127.481639,34.650444],[127.480833,34.655417],[127.475861,34.654528],[127.476278,34.658333],[127.47125,34.659972],[127.469972,34.664556],[127.465833,34.658694],[127.460833,34.661222],[127.459167,34.657889],[127.453333,34.657861],[127.455028,34.665389],[127.44625,34.662472],[127.447889,34.665806],[127.445444,34.666639],[127.450389,34.671667],[127.443278,34.672917],[127.438306,34.677889],[127.428278,34.674556],[127.434583,34.679944],[127.427111,34.681694],[127.428722,34.684972],[127.424556,34.692472],[127.419139,34.690417],[127.402889,34.701639],[127.407472,34.70125],[127.408333,34.703722],[127.394167,34.707889],[127.391667,34.719583],[127.385861,34.722083],[127.384111,34.717889],[127.374611,34.719139],[127.377111,34.7225],[127.373694,34.726667],[127.378306,34.726222],[127.382083,34.730806],[127.374583,34.741639],[127.380806,34.749556],[127.390833,34.75125],[127.401222,34.759167],[127.402528,34.77125],[127.3975,34.772056],[127.395,34.77625],[127.379194,34.776222],[127.370861,34.772917],[127.368278,34.765417],[127.361639,34.768722],[127.361667,34.762944],[127.355806,34.76875],[127.342111,34.767472],[127.352111,34.773333],[127.351667,34.778778],[127.347472,34.776194],[127.344583,34.778333],[127.350833,34.788722],[127.357472,34.786222],[127.361639,34.789556],[127.370806,34.788694],[127.370417,34.794139],[127.374167,34.794583],[127.379222,34.792889],[127.387444,34.779583],[127.388333,34.783722],[127.393778,34.783333],[127.390417,34.787472],[127.392528,34.791222],[127.39625,34.790806],[127.396611,34.79625],[127.414972,34.802056],[127.4175,34.807861],[127.426639,34.809528],[127.429583,34.814167],[127.425833,34.815361],[127.421667,34.812056],[127.413306,34.812917],[127.411694,34.815417],[127.393361,34.81375],[127.385861,34.825444],[127.360833,34.83375],[127.356222,34.838306],[127.369139,34.834528],[127.384111,34.835361],[127.3925,34.827056],[127.402528,34.824556],[127.415861,34.82875],[127.4175,34.83375],[127.426639,34.831222],[127.428306,34.834583],[127.433306,34.833722],[127.434611,34.844167],[127.440806,34.852083],[127.437917,34.840833],[127.442528,34.835389],[127.450056,34.835361],[127.454139,34.842056],[127.464167,34.840417],[127.469972,34.845417],[127.486639,34.83875],[127.494611,34.8475],[127.494556,34.856667],[127.49125,34.859139],[127.495444,34.858333],[127.496194,34.866639],[127.490361,34.866611],[127.489583,34.874167],[127.483722,34.88],[127.508333,34.879556],[127.515806,34.88875],[127.519583,34.8825],[127.516194,34.866667],[127.524528,34.855028],[127.526278,34.846639],[127.534167,34.841222],[127.543333,34.844583],[127.545389,34.842444],[127.540417,34.834139],[127.526278,34.823333],[127.524556,34.806639],[127.528361,34.805417],[127.527028,34.808333],[127.530833,34.810444],[127.536222,34.81],[127.531639,34.806222],[127.538333,34.805361],[127.545,34.805389],[127.546611,34.80875],[127.557444,34.807028],[127.560361,34.803278],[127.559528,34.795833],[127.56625,34.791667],[127.568694,34.783278],[127.575389,34.783306],[127.55875,34.776639],[127.57,34.776194],[127.573722,34.773333],[127.572917,34.760833],[127.575778,34.75875],[127.58125,34.760833],[127.583333,34.767889],[127.591194,34.758306],[127.585444,34.75],[127.5925,34.750417],[127.595389,34.747472],[127.594139,34.744528],[127.584972,34.746194],[127.585389,34.740833],[127.579583,34.739167],[127.576667,34.731222],[127.568306,34.729583],[127.5625,34.732889],[127.561278,34.7275],[127.565028,34.727083],[127.564583,34.724944],[127.552028,34.72],[127.548694,34.712444],[127.550806,34.711222],[127.561222,34.717472],[127.555361,34.711611],[127.555,34.701194],[127.5575,34.700361],[127.563333,34.707944],[127.566639,34.701222],[127.573333,34.70375],[127.581194,34.6975],[127.560861,34.701194],[127.552917,34.693333],[127.55125,34.681694],[127.563333,34.677889],[127.564556,34.674167],[127.552083,34.67],[127.552028,34.66],[127.562472,34.657083],[127.572889,34.638306],[127.580806,34.63125],[127.582917,34.633333],[127.57625,34.642472],[127.576222,34.648306],[127.580806,34.651222],[127.591694,34.65125],[127.6175,34.641222],[127.624583,34.635],[127.624944,34.630361],[127.635028,34.632028],[127.635806,34.626194],[127.644111,34.627111],[127.651194,34.638333],[127.646639,34.637889],[127.645806,34.634556],[127.63125,34.638278],[127.635,34.638722],[127.638722,34.644167],[127.630444,34.646639],[127.640028,34.645444],[127.642056,34.6525],[127.630444,34.651667],[127.629556,34.6575],[127.634611,34.6625],[127.632056,34.666639],[127.63375,34.6725],[127.628306,34.677944],[127.623361,34.677889],[127.619556,34.683333],[127.631611,34.680389],[127.639194,34.682917],[127.639556,34.685778],[127.635806,34.687056],[127.631694,34.684556],[127.624972,34.687917],[127.625417,34.694972],[127.62875,34.697472],[127.616222,34.705],[127.618389,34.709611],[127.623778,34.71],[127.627472,34.721222],[127.627472,34.712917],[127.634972,34.711222],[127.638306,34.707083],[127.642917,34.708333],[127.641222,34.715806],[127.63625,34.719139],[127.642111,34.72],[127.644528,34.729139],[127.658722,34.7475],[127.656222,34.751639],[127.659167,34.758722],[127.662917,34.755778],[127.662472,34.751194],[127.676639,34.747056],[127.682028,34.740028],[127.680444,34.734972],[127.690028,34.73375],[127.700389,34.724139],[127.699167,34.722056],[127.715,34.720389],[127.714972,34.725444],[127.726667,34.730417],[127.732472,34.729556],[127.734111,34.734556],[127.747444,34.715417],[127.75375,34.716611],[127.750361,34.720806],[127.752472,34.722889],[127.757028,34.719972],[127.757472,34.713722],[127.761694,34.714583],[127.760833,34.710389],[127.756278,34.709944],[127.755472,34.695806],[127.759167,34.689528],[127.764167,34.687861],[127.767528,34.692083],[127.775417,34.685],[127.765861,34.68125],[127.761667,34.685389],[127.755,34.68375],[127.747111,34.675833],[127.747944,34.67],[127.744611,34.666639],[127.7225,34.656222],[127.716222,34.645],[127.723722,34.635806],[127.709583,34.622472],[127.718333,34.613694],[127.726667,34.616194],[127.728278,34.612889],[127.734944,34.612111],[127.736278,34.604944],[127.749139,34.59375],[127.759111,34.594528],[127.771639,34.588778],[127.779167,34.590389],[127.789167,34.585389],[127.803306,34.587889],[127.807889,34.597472],[127.802889,34.598361],[127.802472,34.603722],[127.789583,34.608361],[127.793722,34.61],[127.790361,34.616667],[127.793722,34.619167],[127.793694,34.629972],[127.799111,34.628722],[127.80125,34.630806],[127.798694,34.643306],[127.795417,34.645806],[127.798778,34.646639],[127.80125,34.656639],[127.805833,34.657889],[127.807917,34.662472],[127.797556,34.662083],[127.796278,34.665],[127.803333,34.667056],[127.8025,34.669583],[127.798333,34.66875],[127.795,34.674556],[127.785806,34.672917],[127.779611,34.679944],[127.78375,34.689139],[127.780833,34.69875],[127.773306,34.70125],[127.773306,34.697056],[127.767528,34.69625],[127.761222,34.704167],[127.764167,34.70625],[127.770806,34.702889],[127.772083,34.704944],[127.765444,34.709167],[127.767528,34.71125],[127.771639,34.712111],[127.773306,34.706222],[127.779972,34.711222],[127.78125,34.708306],[127.77625,34.704139],[127.789167,34.700417],[127.79125,34.708361],[127.788694,34.715833],[127.780833,34.722917],[127.762472,34.73125],[127.751611,34.734583],[127.738306,34.732889],[127.733722,34.737472],[127.752472,34.73625],[127.758722,34.740833],[127.751194,34.7475],[127.756278,34.764972],[127.747111,34.779194],[127.757944,34.784972],[127.759167,34.798722],[127.768333,34.798694],[127.77125,34.804972],[127.767917,34.808306],[127.772083,34.812472],[127.768778,34.818278],[127.774583,34.822472],[127.769167,34.822917],[127.769583,34.827528],[127.766222,34.829139],[127.774583,34.835806],[127.772917,34.841639],[127.777056,34.847528],[127.773722,34.851667],[127.777056,34.8525],[127.777056,34.855833],[127.774556,34.860833],[127.7625,34.86375],[127.764139,34.858722],[127.756694,34.859556],[127.745,34.850389],[127.736639,34.855417],[127.724194,34.854583],[127.724111,34.857917],[127.731306,34.861639],[127.728333,34.863722],[127.700833,34.854556],[127.693333,34.840417],[127.679167,34.832056],[127.675806,34.83375],[127.669167,34.822917],[127.660833,34.824528],[127.648333,34.832917],[127.645833,34.827917],[127.640028,34.832028],[127.639194,34.827028],[127.629556,34.833278],[127.628722,34.837528],[127.629194,34.840389],[127.636667,34.838694],[127.638806,34.847472],[127.629222,34.847889],[127.626667,34.845389],[127.615833,34.85375],[127.609194,34.852056],[127.605417,34.857528],[127.607917,34.861667],[127.604167,34.862028],[127.592917,34.874167],[127.595417,34.881639],[127.588278,34.887889],[127.579139,34.890417],[127.578722,34.898333],[127.57375,34.901639],[127.58375,34.905833],[127.579528,34.915806],[127.580806,34.922917],[127.595806,34.923722],[127.600417,34.928278],[127.605417,34.945],[127.595417,34.947472],[127.601222,34.948333],[127.601694,34.958694],[127.602083,34.951667],[127.608694,34.943333],[127.604611,34.934111],[127.614556,34.920833],[127.615444,34.914139],[127.623361,34.910389],[127.625833,34.905389],[127.633306,34.905417],[127.639972,34.909556],[127.645,34.905389],[127.648306,34.909583],[127.668333,34.906194],[127.669583,34.909139],[127.661278,34.916667],[127.666278,34.916667],[127.667028,34.922444],[127.672111,34.924972],[127.674111,34.930444],[127.690806,34.926194],[127.693306,34.934583],[127.700833,34.929583],[127.709972,34.939583],[127.713306,34.935389],[127.719944,34.95125],[127.724194,34.947917],[127.733806,34.957528],[127.726222,34.968333],[127.726222,34.982528],[127.719583,34.983306],[127.722889,34.985806],[127.720806,34.998722],[127.727917,34.985],[127.735417,34.981639],[127.732917,34.963361]]]]},"geometry_name":"the_geom","properties":{"id":"Shp_WRN_POLY.19","BLN_Flag":"1","Id_1":"","LAYER":"","STD_ID1":"","WarnCode":"S1321200","ZLEVEL":"","name":"전남동부남해앞바다","STN_IDX":20201,"fct_zone_i":"12B10102"}},{"type":"Feature","id":"shp_wrn_poly.20","geometry":{"type":"MultiPolygon","coordinates":[[[[129.41666701,35.13333299],[130.36415165,33.67882463],[130.36415436,33.67882047],[130.36167944,33.67777734],[130.32589828,33.66269626],[130.32578478,33.66270049],[130.319972,33.662917],[130.312861,33.677472],[130.301694,33.690417],[130.293306,33.687861],[130.294194,33.69125],[130.28875,33.689972],[130.290444,33.686639],[130.285361,33.68],[130.295806,33.662944],[130.300028,33.660361],[130.313361,33.662056],[130.32002118,33.6602796],[130.32010898,33.66025618],[130.23099358,33.62269573],[130.23091737,33.62285327],[130.225444,33.634167],[130.237056,33.649972],[130.231694,33.65625],[130.209194,33.66875],[130.205417,33.665],[130.207861,33.649167],[130.193333,33.637056],[130.172528,33.630389],[130.166694,33.633694],[130.156278,33.629972],[130.153722,33.620028],[130.16125,33.613306],[130.151667,33.598722],[130.128333,33.591222],[130.1075,33.597944],[130.107444,33.587056],[130.103306,33.589556],[130.087083,33.584139],[130.087083,33.578361],[130.097944,33.574139],[130.09983834,33.56779607],[130.09993908,33.56745874],[129.96860162,33.51210249],[129.96795315,33.51240025],[129.958722,33.516639],[129.957528,33.530417],[129.948306,33.529556],[129.930417,33.5375],[129.932472,33.552083],[129.927528,33.552917],[129.924944,33.546222],[129.915861,33.543722],[129.909139,33.551222],[129.903389,33.546222],[129.896639,33.55125],[129.890417,33.546667],[129.892444,33.537083],[129.890806,33.542944],[129.880833,33.54375],[129.882056,33.524139],[129.887944,33.5225],[129.883333,33.521222],[129.88,33.523778],[129.876667,33.517083],[129.879583,33.535],[129.859972,33.544583],[129.859556,33.550833],[129.848333,33.557889],[129.84625,33.545833],[129.85125,33.541667],[129.84875,33.536639],[129.853722,33.534139],[129.85375,33.523306],[129.848333,33.526222],[129.840861,33.525417],[129.839611,33.523361],[129.846611,33.522111],[129.847472,33.517861],[129.829167,33.520389],[129.827917,33.517472],[129.835389,33.513306],[129.827917,33.507444],[129.827917,33.504139],[129.840417,33.495],[129.834556,33.490806],[129.844611,33.480833],[129.831306,33.475833],[129.839972,33.470444],[129.849194,33.475417],[129.84625,33.468333],[129.854194,33.470389],[129.85560616,33.46521108],[129.85578571,33.46455272],[129.83871412,33.45735737],[129.83901315,33.45824151],[129.840444,33.462472],[129.826222,33.470806],[129.827083,33.480833],[129.816694,33.485417],[129.812444,33.481278],[129.806639,33.487889],[129.80375,33.480806],[129.793722,33.472444],[129.797083,33.465],[129.805,33.462083],[129.807139,33.457472],[129.800806,33.455389],[129.793278,33.461222],[129.785389,33.458306],[129.78375,33.450806],[129.784944,33.44875],[129.789972,33.450361],[129.789972,33.442944],[129.800028,33.442056],[129.80008285,33.44188959],[129.80031857,33.44117437],[129.68312317,33.39177873],[129.6817719,33.39219537],[129.676639,33.393778],[129.673306,33.400389],[129.664583,33.3975],[129.6660441,33.38558921],[129.66616179,33.38462983],[129.63340112,33.37082183],[129.63206542,33.37131713],[129.63,33.372083],[129.63026739,33.3705619],[129.63044101,33.3695742],[129.6227707,33.36634131],[129.62207348,33.3671202],[129.61875,33.370833],[129.618306,33.377917],[129.610833,33.375389],[129.608278,33.371278],[129.6,33.375444],[129.593361,33.369583],[129.592111,33.374972],[129.5975,33.382028],[129.581639,33.379528],[129.577556,33.382083],[129.573306,33.377917],[129.569194,33.379583],[129.568778,33.371639],[129.576222,33.363361],[129.571278,33.347444],[129.57159699,33.34591854],[129.57181722,33.34486538],[128.47669945,32.883294],[127.84067456,32.61887815],[127.83336454,32.61583914],[127.83333962,33.18886178],[127.83333333,33.33333333],[127.83329955,33.57990555],[127.83329955,33.5799566],[127.83328834,33.66173514],[127.833232,34.420715],[127.833232,34.420715],[128.239445,34.611112],[128.54234227,34.60008748],[128.54886973,34.60178811],[128.54891676,34.60181638],[128.54892738,34.60182277],[128.54990848,34.60241252],[128.55428441,34.60504298],[128.56069531,34.60906102],[128.5618793,34.60980309],[128.56320214,34.61059643],[128.57050356,34.6149753],[128.75181229,34.72582668],[128.9020737,34.81785803],[128.9081266,34.82195958],[128.91882562,34.82859626],[129.25855515,35.03933255],[129.41666701,35.13333299]]]]},"geometry_name":"the_geom","properties":{"id":"Shp_WRN_POLY.20","BLN_Flag":"1","Id_1":"","LAYER":"","STD_ID1":"","WarnCode":"S1312010","ZLEVEL":"","name":"남해동부 안쪽먼바다","STN_IDX":203,"fct_zone_i":"12B20210"}},{"type":"Feature","id":"shp_wrn_poly.21","geometry":{"type":"MultiPolygon","coordinates":[[[[128.41571143,34.8761806],[128.41752532,34.87430253],[128.415472,34.875],[128.41571143,34.8761806]]],[[[128.035361,35.024167],[128.036694,35.018722],[128.044167,35.023722],[128.049556,35.016667],[128.039556,34.994167],[128.052083,34.975833],[128.050028,34.969583],[128.030361,34.958306],[128.048333,34.932917],[128.054167,34.928722],[128.061639,34.929583],[128.061639,34.925389],[128.069972,34.926222],[128.07,34.922889],[128.074194,34.922056],[128.077472,34.926278],[128.085,34.926194],[128.089528,34.922472],[128.088361,34.917944],[128.0975,34.925389],[128.099139,34.920417],[128.102444,34.924556],[128.104167,34.922056],[128.115806,34.924556],[128.116667,34.920361],[128.121667,34.922083],[128.116667,34.915389],[128.104167,34.915417],[128.103694,34.913306],[128.113278,34.905417],[128.119167,34.908722],[128.11875,34.904139],[128.125028,34.900389],[128.1325,34.888694],[128.142028,34.894972],[128.142528,34.902917],[128.15,34.899528],[128.147083,34.904167],[128.155833,34.907944],[128.1625,34.899556],[128.167472,34.901194],[128.169139,34.897083],[128.175,34.895417],[128.172889,34.903306],[128.175833,34.907056],[128.181639,34.895417],[128.185389,34.896639],[128.188361,34.905417],[128.187917,34.894139],[128.196694,34.892917],[128.203722,34.896639],[128.197056,34.909139],[128.204556,34.9275],[128.20125,34.929944],[128.203722,34.933333],[128.197944,34.935833],[128.200806,34.939556],[128.206639,34.939556],[128.209111,34.93625],[128.213306,34.942056],[128.218361,34.939556],[128.222444,34.945361],[128.228333,34.941222],[128.237556,34.940417],[128.245,34.94375],[128.245,34.935389],[128.249611,34.937472],[128.250806,34.942056],[128.255833,34.937056],[128.265833,34.938722],[128.26875,34.935],[128.267028,34.929167],[128.264167,34.927083],[128.26,34.93125],[128.257056,34.929167],[128.267056,34.918333],[128.265389,34.9125],[128.270056,34.912917],[128.274583,34.909167],[128.274528,34.905833],[128.270389,34.904167],[128.272528,34.899583],[128.275,34.902917],[128.282889,34.904167],[128.282528,34.916194],[128.287417,34.909583],[128.300389,34.912472],[128.298806,34.915833],[128.303778,34.920778],[128.300389,34.922472],[128.302861,34.926611],[128.299583,34.927472],[128.300361,34.935833],[128.307472,34.936222],[128.308306,34.939528],[128.314111,34.937917],[128.321194,34.945],[128.320833,34.947056],[128.31625,34.946611],[128.319556,34.950833],[128.319167,34.959583],[128.325,34.955389],[128.332472,34.955417],[128.329583,34.9475],[128.333306,34.944611],[128.339972,34.947028],[128.342111,34.942472],[128.331194,34.936694],[128.338306,34.935417],[128.342472,34.937889],[128.345417,34.935],[128.344139,34.930389],[128.337944,34.930833],[128.339139,34.927917],[128.343722,34.928333],[128.339167,34.924583],[128.335806,34.925361],[128.334528,34.920778],[128.349222,34.922917],[128.346222,34.92],[128.354583,34.917444],[128.351194,34.915833],[128.354583,34.909167],[128.346611,34.904528],[128.333306,34.90875],[128.299139,34.906278],[128.296194,34.899944],[128.308722,34.891611],[128.307861,34.884972],[128.318333,34.878722],[128.327444,34.885361],[128.327472,34.87625],[128.335806,34.87625],[128.334167,34.881222],[128.340861,34.88125],[128.341222,34.874167],[128.3475,34.872083],[128.350444,34.881639],[128.347444,34.887083],[128.356222,34.877444],[128.355778,34.870389],[128.374972,34.868722],[128.370417,34.883306],[128.376611,34.880417],[128.379583,34.884944],[128.367083,34.899139],[128.3725,34.899583],[128.382944,34.884111],[128.381278,34.872472],[128.38875,34.873306],[128.385833,34.867056],[128.400778,34.864556],[128.407444,34.866194],[128.410833,34.862889],[128.415778,34.865389],[128.428778,34.857472],[128.414194,34.860389],[128.4125,34.857056],[128.408333,34.861222],[128.396639,34.85875],[128.396639,34.862083],[128.388278,34.862889],[128.386667,34.859556],[128.382917,34.860806],[128.384194,34.855417],[128.369556,34.849972],[128.375361,34.845028],[128.370444,34.843333],[128.372472,34.840417],[128.376667,34.838722],[128.383306,34.842889],[128.387083,34.840833],[128.383694,34.8375],[128.384972,34.832056],[128.392444,34.833778],[128.393333,34.827917],[128.396667,34.827889],[128.4,34.834556],[128.406222,34.830806],[128.393306,34.822083],[128.392556,34.826222],[128.385,34.829556],[128.387472,34.813694],[128.382917,34.823306],[128.377056,34.826639],[128.378333,34.829583],[128.375,34.827889],[128.37,34.833722],[128.366667,34.830417],[128.365806,34.83375],[128.357472,34.83125],[128.357917,34.84],[128.353306,34.842028],[128.347083,34.839944],[128.348722,34.834111],[128.344972,34.832028],[128.343722,34.839972],[128.336611,34.842056],[128.342083,34.833333],[128.340417,34.828333],[128.335,34.833694],[128.336222,34.827472],[128.331667,34.829556],[128.330389,34.824972],[128.338306,34.81625],[128.346639,34.82375],[128.358306,34.82375],[128.379972,34.813722],[128.376194,34.807472],[128.380389,34.804167],[128.376222,34.803333],[128.377917,34.799972],[128.371667,34.802056],[128.372472,34.79875],[128.369167,34.800389],[128.364556,34.794972],[128.3725,34.792889],[128.375861,34.787889],[128.377889,34.794194],[128.383306,34.796278],[128.382944,34.791639],[128.390389,34.788306],[128.386194,34.780833],[128.387917,34.775861],[128.397028,34.779167],[128.395417,34.772444],[128.398306,34.764556],[128.406611,34.767083],[128.4075,34.761222],[128.419972,34.763694],[128.424139,34.76125],[128.425389,34.769972],[128.435389,34.780778],[128.427528,34.787028],[128.421694,34.786222],[128.418722,34.7925],[128.433361,34.788722],[128.439583,34.793333],[128.438361,34.797917],[128.432917,34.8],[128.432028,34.805833],[128.435833,34.801222],[128.442083,34.801639],[128.441194,34.824944],[128.436639,34.824583],[128.419972,34.832917],[128.409583,34.833333],[128.416694,34.83875],[128.424139,34.838722],[128.425806,34.843722],[128.428278,34.837083],[128.434972,34.836194],[128.430806,34.84375],[128.443306,34.842083],[128.451667,34.845389],[128.453694,34.855806],[128.448722,34.8625],[128.449972,34.865361],[128.457056,34.864139],[128.453667,34.870806],[128.45564686,34.87660185],[128.45888196,34.87585968],[128.460417,34.871639],[128.466611,34.870417],[128.46684876,34.87175385],[128.46691895,34.8717041],[128.59130859,34.86468506],[128.69290968,34.84841732],[128.67006686,34.82462271],[128.64627225,34.81439103],[128.61819461,34.74443488],[128.61295979,34.72111616],[128.60153838,34.71635724],[128.59405974,34.71484866],[128.58063958,34.70504528],[128.58016425,34.70251504],[128.58014841,34.68757372],[128.57878613,34.68101553],[128.57878613,34.67810866],[128.57830165,34.67399059],[128.57805941,34.67035701],[128.57733269,34.66526999],[128.57684822,34.66187864],[128.5761215,34.65897177],[128.5749103,34.65436923],[128.5761017,34.64900257],[128.57378743,34.64171282],[128.56290932,34.63393456],[128.55543035,34.62975555],[128.54898873,34.62486016],[128.54891021,34.62243811],[128.54841766,34.62136735],[128.54838197,34.62097474],[128.54878886,34.61926867],[128.54891021,34.61851914],[128.54881954,34.6182733],[128.54857759,34.6179908],[128.54892738,34.60182277],[128.54892769,34.60180842],[128.54892811,34.60178935],[128.54234227,34.60008748],[128.239445,34.611112],[127.833232,34.420715],[127.83333309,34.80309792],[127.83333333,34.80424847],[127.80340905,34.85797396],[127.82024199,34.90252798],[127.76030722,34.9665011],[127.75965449,34.96703547],[127.762028,34.97],[127.762889,34.981639],[127.765833,34.980417],[127.774111,34.984556],[127.779583,34.998306],[127.785778,34.999556],[127.7875,34.991222],[127.798306,34.995389],[127.805444,34.993278],[127.795,34.992889],[127.771667,34.980417],[127.767917,34.975],[127.770833,34.966194],[127.776667,34.967056],[127.785861,34.961194],[127.789972,34.96125],[127.794972,34.967083],[127.804139,34.967056],[127.807528,34.963778],[127.811694,34.965417],[127.814139,34.955417],[127.818278,34.961222],[127.820833,34.957083],[127.824583,34.957472],[127.81875,34.953278],[127.821278,34.951639],[127.818722,34.944972],[127.8225,34.942889],[127.826667,34.952889],[127.835444,34.953333],[127.83125,34.960778],[127.834583,34.963333],[127.832889,34.970028],[127.835806,34.97125],[127.839556,34.9675],[127.837028,34.963306],[127.840861,34.954583],[127.844972,34.962056],[127.847083,34.959972],[127.845389,34.951639],[127.849194,34.94625],[127.856639,34.949583],[127.874972,34.944556],[127.881694,34.947861],[127.884111,34.953722],[127.893694,34.954167],[127.890444,34.958306],[127.891611,34.963694],[127.89625,34.964139],[127.898278,34.955389],[127.902944,34.965806],[127.900389,34.969167],[127.912861,34.971639],[127.912861,34.987472],[127.916194,34.988306],[127.919167,34.980389],[127.922889,34.987528],[127.917917,34.991667],[127.922056,34.9925],[127.918722,34.9975],[127.92375,35.000833],[127.920389,35.004167],[127.924111,35.007889],[127.930806,35.006222],[127.93875,34.9975],[127.934583,34.995],[127.934611,34.9875],[127.936611,34.985417],[127.94,34.987889],[127.940806,34.983722],[127.944583,34.983306],[127.935417,34.981667],[127.951639,34.974528],[127.953694,34.977472],[127.949583,34.979167],[127.952111,34.981639],[127.949583,34.983333],[127.958361,34.982889],[127.954556,34.9875],[127.957083,34.991667],[127.961639,34.987056],[127.971639,34.999556],[127.973722,34.984972],[127.983306,34.974583],[127.985833,34.977056],[127.99,34.975389],[127.992083,34.978333],[127.987528,34.977944],[127.985833,34.982917],[127.992889,34.980778],[127.988306,34.98625],[127.98125,34.988306],[127.983278,34.992917],[127.994111,34.982861],[127.996194,34.984139],[127.988333,34.995417],[127.995806,34.992083],[127.999111,34.994583],[128.002111,34.9925],[128.000361,34.989944],[128.00625,34.986694],[128.004583,34.9825],[128.008306,34.982056],[128.012083,34.986611],[128.008722,34.994139],[128.015417,34.990833],[128.019556,35.004972],[128.016639,35.012056],[128.007917,35.015806],[128.008778,35.023306],[128.025417,35.034167],[128.030389,35.049139],[128.026222,35.056667],[128.032889,35.061639],[128.033694,35.068361],[128.047472,35.07625],[128.053389,35.08625],[128.057472,35.086222],[128.061194,35.082472],[128.060361,35.075833],[128.054194,35.06875],[128.047917,35.0675],[128.046194,35.054139],[128.03875,35.0425],[128.042028,35.029139],[128.035361,35.024167]]]]},"geometry_name":"the_geom","properties":{"id":"Shp_WRN_POLY.21","BLN_Flag":"1","Id_1":"","LAYER":"","STD_ID1":"","WarnCode":"S1311200","ZLEVEL":"","name":"경남서부남해앞바다","STN_IDX":20303,"fct_zone_i":"12B20101"}},{"type":"Feature","id":"shp_wrn_poly.22","geometry":{"type":"MultiPolygon","coordinates":[[[[128.8110051,34.91324502],[128.90462509,34.81986934],[128.75213494,34.72631616],[128.56320214,34.61059643],[128.56069531,34.60906102],[128.55752677,34.60712032],[128.55231411,34.60389422],[128.54990848,34.60241252],[128.54892769,34.60180842],[128.54891708,34.60180189],[128.54891676,34.60181638],[128.54856305,34.61781845],[128.54857759,34.6179908],[128.54881954,34.6182733],[128.54891021,34.61851914],[128.54878886,34.61926867],[128.54838197,34.62097474],[128.54841766,34.62136735],[128.54891021,34.62243811],[128.54898873,34.62486016],[128.55530082,34.62968964],[128.55543035,34.62975555],[128.56290932,34.63393456],[128.57378743,34.64171282],[128.5761017,34.64900257],[128.57581573,34.65019736],[128.5749103,34.65436923],[128.57684822,34.66187864],[128.57733269,34.66526999],[128.57805941,34.67035701],[128.57830165,34.67399059],[128.57878613,34.67810866],[128.57878613,34.68101553],[128.58014841,34.68757372],[128.58016425,34.70251504],[128.58063958,34.70504528],[128.59405974,34.71484866],[128.60153838,34.71635724],[128.61295979,34.72111616],[128.61819461,34.74443488],[128.64627225,34.81439103],[128.67006686,34.82462271],[128.69290968,34.84841732],[128.68815076,34.87221193],[128.68386773,34.89933779],[128.70052396,34.90980742],[128.7198977,34.90958964],[128.8110051,34.91324502]]]]},"geometry_name":"the_geom","properties":{"id":"Shp_WRN_POLY.22","BLN_Flag":"1","Id_1":"","LAYER":"","STD_ID1":"","WarnCode":"S1311400","ZLEVEL":"","name":"거제시동부앞바다","STN_IDX":20304,"fct_zone_i":"12B20104"}},{"type":"Feature","id":"shp_wrn_poly.23","geometry":{"type":"MultiPolygon","coordinates":[[[[128.457083,34.880806],[128.45888196,34.87585968],[128.45564686,34.87660185],[128.457083,34.880806]]],[[[128.60375,35.185],[128.603278,35.177889],[128.592083,35.179167],[128.599583,35.165861],[128.604167,35.161222],[128.608722,35.161639],[128.611667,35.148722],[128.620806,35.146222],[128.644139,35.148694],[128.642917,35.1425],[128.659167,35.136194],[128.666667,35.119556],[128.678778,35.125833],[128.672056,35.144139],[128.686583,35.150417],[128.692056,35.148306],[128.699583,35.129139],[128.697028,35.115],[128.693306,35.111222],[128.687111,35.111639],[128.694111,35.097917],[128.701667,35.09875],[128.704139,35.105389],[128.713306,35.109528],[128.716222,35.1075],[128.714528,35.096667],[128.725806,35.097028],[128.730861,35.090389],[128.738806,35.095806],[128.743333,35.103722],[128.749083,35.095417],[128.764167,35.095389],[128.764139,35.104556],[128.77,35.10375],[128.773306,35.099528],[128.78125,35.104139],[128.785,35.11375],[128.788333,35.11375],[128.789972,35.098694],[128.801694,35.100389],[128.802944,35.097472],[128.799167,35.094528],[128.792472,35.09625],[128.78375,35.086667],[128.786722,35.079583],[128.794194,35.079583],[128.800806,35.089556],[128.8175,35.092056],[128.823278,35.101278],[128.829139,35.102083],[128.83160726,35.10190493],[128.83271992,35.07765512],[128.79331746,35.07907777],[128.78549643,35.07874701],[128.7756958,35.04730225],[128.76690674,35.03747559],[128.76348877,35.03271484],[128.75952148,35.02508545],[128.76190186,35.00952148],[128.75549316,34.99530029],[128.8042849,34.91998849],[128.8110051,34.91324502],[128.7198977,34.90958964],[128.70052396,34.90980742],[128.68386773,34.89933779],[128.69290968,34.84841732],[128.59130859,34.86468506],[128.46691895,34.8717041],[128.46684876,34.87175385],[128.46875,34.882444],[128.476222,34.89],[128.466611,34.892056],[128.463278,34.89875],[128.457056,34.896667],[128.455389,34.899972],[128.459556,34.904972],[128.45625,34.905806],[128.452472,34.91375],[128.44,34.912917],[128.43875,34.909972],[128.449583,34.902472],[128.442861,34.899167],[128.444556,34.895],[128.439583,34.892444],[128.443778,34.888306],[128.431667,34.887889],[128.432917,34.878333],[128.424139,34.872056],[128.41752532,34.87430253],[128.41571143,34.8761806],[128.419528,34.895],[128.424139,34.90125],[128.427889,34.899972],[128.418722,34.91],[128.424944,34.915417],[128.42875,34.913306],[128.429528,34.926639],[128.435361,34.929139],[128.428333,34.937861],[128.424583,34.938306],[128.429528,34.945833],[128.421194,34.954167],[128.433361,34.959583],[128.444556,34.975806],[128.440833,34.982083],[128.434972,34.983778],[128.426639,34.982917],[128.419194,34.986278],[128.408361,34.983694],[128.407889,34.994972],[128.425806,34.991222],[128.440806,34.992889],[128.455833,34.988722],[128.459139,34.991278],[128.460833,34.987889],[128.465889,34.987056],[128.464972,34.995417],[128.479194,34.99125],[128.478306,34.997083],[128.485389,34.997444],[128.482083,35.003306],[128.485778,35.011222],[128.493333,35.005417],[128.502083,35.0125],[128.499972,35.022917],[128.487028,35.024972],[128.483694,35.030806],[128.485833,35.038694],[128.477444,35.042056],[128.473306,35.038778],[128.462028,35.045806],[128.463278,35.04875],[128.479194,35.047083],[128.482917,35.0525],[128.477944,35.056639],[128.483694,35.064111],[128.471667,35.074556],[128.460806,35.063722],[128.452917,35.071667],[128.461667,35.072028],[128.467444,35.080361],[128.475,35.075417],[128.48125,35.079167],[128.45,35.096194],[128.456611,35.105389],[128.469972,35.09875],[128.4775,35.098722],[128.485056,35.100361],[128.490833,35.107083],[128.504944,35.099583],[128.518333,35.098722],[128.521639,35.105389],[128.528361,35.104556],[128.539111,35.119583],[128.541222,35.117472],[128.537944,35.108306],[128.545861,35.110389],[128.54875,35.1075],[128.542917,35.104139],[128.547472,35.092889],[128.55,35.096222],[128.556667,35.09625],[128.582889,35.089972],[128.564583,35.081611],[128.564139,35.067056],[128.571667,35.069556],[128.575833,35.065389],[128.583278,35.065417],[128.589167,35.072083],[128.594583,35.069167],[128.585,35.062056],[128.580806,35.062083],[128.574194,35.05375],[128.590889,35.057083],[128.602472,35.05625],[128.636194,35.069139],[128.635,35.072917],[128.624944,35.075389],[128.612444,35.07125],[128.612917,35.075028],[128.607028,35.078333],[128.608278,35.08125],[128.618306,35.081222],[128.627889,35.085833],[128.624139,35.090389],[128.61575,35.091222],[128.6175,35.095417],[128.602028,35.105],[128.600361,35.118333],[128.59625,35.120833],[128.600444,35.124972],[128.601278,35.133333],[128.589556,35.133333],[128.597889,35.141667],[128.596611,35.145389],[128.589556,35.148306],[128.591194,35.159972],[128.582528,35.165389],[128.576222,35.164972],[128.57375,35.169139],[128.579528,35.173333],[128.578333,35.175389],[128.562111,35.179167],[128.573778,35.194167],[128.572944,35.199139],[128.589167,35.211222],[128.608694,35.210833],[128.603306,35.202111],[128.594111,35.202083],[128.591222,35.196611],[128.60375,35.185]]]]},"geometry_name":"the_geom","properties":{"id":"Shp_WRN_POLY.23","BLN_Flag":"1","Id_1":"","LAYER":"","STD_ID1":"","WarnCode":"S1311300","ZLEVEL":"","name":"경남중부남해앞바다","STN_IDX":20302,"fct_zone_i":"12B20102"}},{"type":"Feature","id":"shp_wrn_poly.24","geometry":{"type":"MultiPolygon","coordinates":[[[[129.31918736,35.28373363],[129.41666701,35.13333299],[128.91882562,34.82859626],[128.90468865,34.81994279],[128.8110051,34.91324502],[128.8042849,34.91998849],[128.75549316,34.99530029],[128.76190186,35.00952148],[128.75952148,35.02508545],[128.76348877,35.03271484],[128.76690674,35.03747559],[128.7756958,35.04730225],[128.78549643,35.07874701],[128.79331746,35.07907777],[128.83271992,35.07765512],[128.83160726,35.10190493],[128.864167,35.099556],[128.871222,35.083306],[128.879944,35.080389],[128.888722,35.088306],[128.891194,35.11],[128.896611,35.119556],[128.906222,35.116667],[128.905361,35.100861],[128.899556,35.097472],[128.899556,35.094139],[128.905028,35.08625],[128.909944,35.08625],[128.913306,35.090389],[128.925028,35.09125],[128.936278,35.114167],[128.945417,35.121667],[128.951611,35.132083],[128.960778,35.136278],[128.967889,35.131639],[128.967889,35.128306],[128.959556,35.111639],[128.962917,35.094972],[128.957056,35.086611],[128.959556,35.081639],[128.95625,35.077528],[128.958778,35.064972],[128.962083,35.062472],[128.959583,35.053306],[128.968778,35.046667],[128.966611,35.032917],[128.974139,35.040417],[128.978722,35.040833],[128.972083,35.046667],[128.973333,35.048722],[128.979167,35.05125],[128.982917,35.047472],[128.982472,35.052917],[128.972861,35.054167],[128.974111,35.057083],[128.980417,35.058333],[128.981667,35.063722],[128.991278,35.058333],[128.994194,35.046278],[129.00125,35.047472],[128.992944,35.065],[128.996222,35.070833],[128.992083,35.078333],[128.993389,35.084583],[129.004111,35.087028],[129.006222,35.084972],[129.007056,35.073306],[129.012917,35.066639],[129.013722,35.054167],[129.016639,35.053722],[129.022917,35.061667],[129.017889,35.074139],[129.026222,35.081639],[129.025444,35.090806],[129.029972,35.097056],[129.034583,35.095778],[129.031222,35.093333],[129.035833,35.084556],[129.055028,35.071222],[129.065,35.069556],[129.065833,35.063778],[129.071694,35.059528],[129.077444,35.06125],[129.085,35.051222],[129.090833,35.050417],[129.097083,35.060833],[129.076194,35.075],[129.079556,35.084944],[129.073694,35.088333],[129.071611,35.094583],[129.05967346,35.10056597],[129.07010397,35.10942424],[129.090833,35.110361],[129.095861,35.112889],[129.099583,35.110806],[129.097083,35.104972],[129.099139,35.099528],[129.105,35.099528],[129.109194,35.104556],[129.1175,35.100389],[129.125,35.100361],[129.129583,35.114167],[129.122889,35.1325],[129.114111,35.129583],[129.109167,35.13125],[129.106222,35.136639],[129.11625,35.14],[129.11625,35.146639],[129.120806,35.152889],[129.127444,35.157056],[129.134556,35.156639],[129.131222,35.161639],[129.133306,35.164556],[129.138361,35.165389],[129.150806,35.160417],[129.150806,35.152917],[129.163306,35.159583],[129.181639,35.154583],[129.197056,35.163306],[129.202444,35.179556],[129.2125,35.182083],[129.214139,35.18625],[129.219972,35.183722],[129.224583,35.186639],[129.226278,35.195833],[129.231167,35.198306],[129.229528,35.206667],[129.224556,35.210806],[129.22875,35.224194],[129.234167,35.220389],[129.239111,35.22125],[129.246222,35.231639],[129.245389,35.238306],[129.249611,35.240806],[129.247111,35.244139],[129.254583,35.245833],[129.2525,35.260389],[129.238333,35.25875],[129.235417,35.262472],[129.237444,35.265389],[129.244139,35.26625],[129.246667,35.272083],[129.257083,35.274167],[129.261222,35.283333],[129.260444,35.306639],[129.264556,35.317444],[129.279944,35.326222],[129.286694,35.326278],[129.29,35.319556],[129.29588731,35.31953615],[129.29613545,35.31953532],[129.29674259,35.31861108],[129.30949843,35.29878949],[129.31918736,35.28373363]]]]},"geometry_name":"the_geom","properties":{"id":"Shp_WRN_POLY.24","BLN_Flag":"1","Id_1":"","LAYER":"","STD_ID1":"","WarnCode":"S1311100","ZLEVEL":"","name":"부산앞바다","STN_IDX":20301,"fct_zone_i":"12B20103"}},{"type":"Feature","id":"shp_wrn_poly.25","geometry":{"type":"MultiPolygon","coordinates":[[[[130.36415165,33.67882463],[130.36415107,33.67882339],[129.41666701,35.13333299],[129.48669346,35.18017277],[129.49869914,35.19529551],[129.61075825,35.33607352],[129.69640702,35.49087323],[129.70782612,35.53628711],[129.71332378,35.62089644],[129.72151789,35.65084462],[131.29083362,35.65086815],[131.10039134,35.25644758],[130.99530713,35.02195191],[130.9516658,34.92456618],[130.81717167,34.63980079],[130.64902549,34.27828243],[130.52840784,34.02475662],[130.46056253,33.88398259],[130.44516245,33.85202856],[130.36415165,33.67882463]]]]},"geometry_name":"the_geom","properties":{"id":"Shp_WRN_POLY.25","BLN_Flag":"1","Id_1":"","LAYER":"","STD_ID1":"","WarnCode":"S1132110","ZLEVEL":"","name":"동해남부 남쪽 안쪽먼바다","STN_IDX":301,"fct_zone_i":"12C10211"}},{"type":"Feature","id":"shp_wrn_poly.26","geometry":{"type":"MultiPolygon","coordinates":[[[[129.70782612,35.53628711],[129.69640702,35.49087323],[129.61075825,35.33607352],[129.48669346,35.18017277],[129.41666701,35.13333299],[129.31646493,35.28817438],[129.30949843,35.29878949],[129.29636646,35.31879915],[129.29588731,35.31953615],[129.29613545,35.31953532],[129.298306,35.319528],[129.306667,35.330389],[129.315,35.331222],[129.322083,35.344167],[129.331667,35.347111],[129.337472,35.35625],[129.342472,35.35625],[129.345833,35.352056],[129.362889,35.358361],[129.357083,35.371667],[129.347444,35.375417],[129.346194,35.379194],[129.349583,35.385833],[129.347861,35.390806],[129.357028,35.395833],[129.354556,35.402528],[129.362889,35.407472],[129.362528,35.412056],[129.356222,35.412472],[129.353694,35.426639],[129.365889,35.428778],[129.369528,35.432472],[129.364111,35.439611],[129.352944,35.440833],[129.360389,35.446639],[129.359139,35.448722],[129.351694,35.446222],[129.34625,35.451667],[129.343722,35.455],[129.347083,35.466667],[129.33875,35.475],[129.346611,35.475389],[129.355778,35.461278],[129.361667,35.459583],[129.365028,35.466222],[129.375806,35.469556],[129.385444,35.4775],[129.387944,35.492472],[129.376278,35.501639],[129.38625,35.506694],[129.385417,35.515],[129.377889,35.516694],[129.376278,35.5275],[129.379583,35.529167],[129.354556,35.5475],[129.37,35.544583],[129.403722,35.512472],[129.39875,35.502472],[129.407889,35.496667],[129.406222,35.481667],[129.409111,35.474556],[129.42,35.481222],[129.425806,35.481194],[129.427528,35.484556],[129.434139,35.480417],[129.445444,35.491667],[129.444194,35.49625],[129.433722,35.494167],[129.434111,35.499556],[129.443722,35.5025],[129.442472,35.506222],[129.434611,35.508306],[129.438333,35.514583],[129.445028,35.51375],[129.448694,35.516667],[129.440389,35.523333],[129.440417,35.527472],[129.448278,35.532083],[129.452917,35.530861],[129.452111,35.539944],[129.460389,35.554167],[129.454583,35.578306],[129.460028,35.584583],[129.465417,35.585833],[129.465361,35.603333],[129.459528,35.614139],[129.452056,35.616611],[129.452917,35.62],[129.444556,35.628333],[129.443722,35.644139],[129.45125,35.649139],[129.45180402,35.65088901],[129.58703096,35.65086675],[129.72151789,35.65084462],[129.71332378,35.62089644],[129.70782612,35.53628711]]]]},"geometry_name":"the_geom","properties":{"id":"Shp_WRN_POLY.26","BLN_Flag":"1","Id_1":"","LAYER":"","STD_ID1":"","WarnCode":"S1131100","ZLEVEL":"","name":"울산앞바다","STN_IDX":30101,"fct_zone_i":"12C10101"}},{"type":"Feature","id":"shp_wrn_poly.27","geometry":{"type":"MultiPolygon","coordinates":[[[[129.63246427,37.14666182],[131.07005903,37.14568562],[131.29086528,37.14638885],[131.29087019,37.14638886],[131.29087019,37.14638779],[131.29087018,37.1463813],[131.29086904,37.14544245],[131.28988708,36.33462292],[131.29083345,35.65087275],[129.72151789,35.65084462],[129.72741632,35.6722202],[129.74472476,35.72906772],[129.76191629,35.78025896],[129.78888179,35.8903463],[129.83553454,36.0371691],[129.81483068,36.12831416],[129.6544256,36.2678725],[129.64371518,36.28781237],[129.68994722,36.43319115],[129.69237886,36.58376345],[129.73130964,36.70509244],[129.73201723,36.74341503],[129.70690576,36.86022127],[129.67634957,36.92137241],[129.67438573,36.97172647],[129.67570148,36.99921574],[129.63246427,37.14666182]]]]},"geometry_name":"the_geom","properties":{"id":"Shp_WRN_POLY.27","BLN_Flag":"1","Id_1":"","LAYER":"","STD_ID1":"","WarnCode":"S1132210","ZLEVEL":"","name":"동해남부 북쪽 안쪽먼바다","STN_IDX":302,"fct_zone_i":"12C10212"}},{"type":"Feature","id":"shp_wrn_poly.28","geometry":{"type":"MultiPolygon","coordinates":[[[[129.6544256,36.2678725],[129.81483068,36.12831416],[129.83553454,36.0371691],[129.78888179,35.8903463],[129.76191629,35.78025896],[129.74472476,35.72906772],[129.72741632,35.6722202],[129.72151789,35.65084462],[129.58703096,35.65086675],[129.45180402,35.65088901],[129.456667,35.66625],[129.467111,35.667528],[129.465361,35.675833],[129.474611,35.685],[129.473778,35.707528],[129.480417,35.713333],[129.487083,35.729972],[129.484583,35.7425],[129.494639,35.7525],[129.492917,35.76],[129.497111,35.774972],[129.492944,35.789139],[129.501278,35.794139],[129.500389,35.798333],[129.50625,35.804139],[129.504556,35.808333],[129.512917,35.8075],[129.514556,35.8175],[129.511222,35.825028],[129.52125,35.838306],[129.521278,35.850806],[129.527139,35.854139],[129.528722,35.864167],[129.535472,35.869167],[129.534167,35.872889],[129.522472,35.87375],[129.520361,35.876667],[129.521639,35.882056],[129.529528,35.884139],[129.52625,35.894972],[129.53375,35.900833],[129.520444,35.919944],[129.521278,35.930833],[129.524167,35.93375],[129.529944,35.932917],[129.540417,35.948333],[129.549583,35.952472],[129.549611,35.965806],[129.555417,35.969139],[129.552944,35.978333],[129.557889,35.982472],[129.552917,35.987472],[129.558306,35.991222],[129.567528,35.990389],[129.569556,35.998972],[129.575444,36.001944],[129.577917,36.010806],[129.583778,36.015806],[129.578778,36.023278],[129.582861,36.028361],[129.578694,36.034167],[129.582083,36.037472],[129.582861,36.047472],[129.570444,36.069167],[129.570444,36.077472],[129.562444,36.080389],[129.5575,36.08625],[129.548306,36.085417],[129.531639,36.058694],[129.525778,36.058722],[129.515083,36.044583],[129.502972,36.037472],[129.501667,36.026194],[129.489139,36.017889],[129.4775,36.016222],[129.459194,36.005417],[129.456278,35.995778],[129.450806,35.992889],[129.417917,36.001278],[129.389944,36.024556],[129.378333,36.020417],[129.385444,36.030806],[129.37625,36.0475],[129.372861,36.046667],[129.384194,36.064583],[129.395861,36.063694],[129.409167,36.073722],[129.419194,36.074556],[129.418694,36.088306],[129.432028,36.101639],[129.43125,36.111667],[129.403361,36.131222],[129.396278,36.139944],[129.40125,36.153333],[129.399583,36.170806],[129.392556,36.185417],[129.380806,36.188722],[129.372889,36.199167],[129.373778,36.205806],[129.383306,36.210417],[129.387944,36.216639],[129.382944,36.23],[129.386222,36.24],[129.375389,36.252444],[129.37751412,36.26807556],[129.6544256,36.2678725]]]]},"geometry_name":"the_geom","properties":{"id":"Shp_WRN_POLY.28","BLN_Flag":"1","Id_1":"","LAYER":"","STD_ID1":"","WarnCode":"S1131200","ZLEVEL":"","name":"경북남부앞바다","STN_IDX":30201,"fct_zone_i":"12C10102"}},{"type":"Feature","id":"shp_wrn_poly.29","geometry":{"type":"MultiPolygon","coordinates":[[[[129.63246427,37.14666182],[129.67570148,36.99921574],[129.67438573,36.97172647],[129.67634957,36.92137241],[129.70690576,36.86022127],[129.73201723,36.74341503],[129.73130964,36.70509244],[129.69237886,36.58376345],[129.68994722,36.43319115],[129.64371518,36.28781237],[129.6544256,36.2678725],[129.37751412,36.26807556],[129.377889,36.270833],[129.382083,36.276667],[129.375417,36.288361],[129.380389,36.293306],[129.381278,36.331667],[129.384528,36.343333],[129.388722,36.346639],[129.388722,36.358333],[129.407111,36.381667],[129.408778,36.389111],[129.414194,36.391278],[129.429528,36.408333],[129.437111,36.426611],[129.433722,36.436667],[129.437139,36.469167],[129.433722,36.482444],[129.444583,36.488306],[129.447944,36.503306],[129.452917,36.505861],[129.452444,36.508778],[129.447917,36.509139],[129.442083,36.523306],[129.440389,36.550778],[129.419583,36.5725],[129.41125,36.589167],[129.412056,36.599139],[129.417056,36.6025],[129.41375,36.621639],[129.41875,36.638333],[129.43125,36.652472],[129.438722,36.669972],[129.445028,36.67625],[129.456639,36.68125],[129.465361,36.679139],[129.468722,36.694194],[129.476222,36.700861],[129.47375,36.724167],[129.477917,36.727472],[129.468778,36.758306],[129.478722,36.768333],[129.462028,36.788306],[129.457083,36.814944],[129.447917,36.825],[129.445361,36.833306],[129.42875,36.849111],[129.416194,36.889167],[129.420417,36.895],[129.41625,36.915806],[129.420417,36.919167],[129.421194,36.944111],[129.410444,36.981639],[129.419528,36.994139],[129.418722,37.011694],[129.41125,37.032472],[129.418694,37.036639],[129.414583,37.0425],[129.417917,37.057472],[129.425,37.060417],[129.430806,37.057028],[129.43125,37.059944],[129.428306,37.06625],[129.400028,37.082889],[129.379583,37.104139],[129.375389,37.112444],[129.381222,37.120861],[129.372889,37.131639],[129.377111,37.137472],[129.369528,37.141667],[129.3671077,37.14680096],[129.63246427,37.14666182]]]]},"geometry_name":"the_geom","properties":{"id":"Shp_WRN_POLY.29","BLN_Flag":"1","Id_1":"","LAYER":"","STD_ID1":"","WarnCode":"S1131300","ZLEVEL":"","name":"경북북부앞바다","STN_IDX":30202,"fct_zone_i":"12C10103"}},{"type":"Feature","id":"shp_wrn_poly.30","geometry":{"type":"MultiPolygon","coordinates":[[[[130.08609975,39.00001932],[131.2908639,37.14638911],[129.63253195,37.14670569],[129.5682784,37.35591728],[129.51095479,37.42787458],[129.42297655,37.53993129],[129.37703384,37.59606862],[129.37601734,37.5973094],[129.37302658,37.60276678],[129.31314091,37.71204326],[129.21738227,37.8394908],[129.15080337,37.90326698],[129.14910382,37.904596],[129.1342922,37.91617854],[129.11279384,37.93299003],[129.07758779,37.97149174],[129.01028124,38.05488724],[128.97965076,38.09638626],[128.90212509,38.18180943],[128.87100816,38.22003576],[128.85727409,38.25725496],[128.84194277,38.29546528],[128.80532181,38.36383984],[128.78165683,38.41171261],[128.75987454,38.44623622],[128.72409696,38.4961411],[128.68186395,38.57072485],[128.67356643,38.58384582],[128.6664673,38.59937911],[128.62154883,38.67929734],[128.59879227,38.76054378],[129.01362461,38.99998667],[130.08609975,39.00001932]]]]},"geometry_name":"the_geom","properties":{"id":"Shp_WRN_POLY.30","BLN_Flag":"1","Id_1":"","LAYER":"","STD_ID1":"","WarnCode":"S1152010","ZLEVEL":"","name":"동해중부 안쪽먼바다","STN_IDX":303,"fct_zone_i":"12C20210"}},{"type":"Feature","id":"shp_wrn_poly.31","geometry":{"type":"MultiPolygon","coordinates":[[[[129.5682784,37.35591728],[129.63249271,37.14669026],[129.36706374,37.14689423],[129.361278,37.159167],[129.345417,37.174944],[129.342889,37.196639],[129.349556,37.215],[129.342889,37.229139],[129.357917,37.237472],[129.35125,37.242528],[129.351278,37.248306],[129.328722,37.266639],[129.331278,37.281611],[129.323278,37.284556],[129.320806,37.292056],[129.314139,37.287917],[129.311639,37.292889],[129.304194,37.293722],[129.303778,37.304972],[129.297472,37.31375],[129.2875,37.312056],[129.272944,37.323333],[129.272083,37.330833],[129.267889,37.334944],[129.268806,37.341639],[129.252111,37.365778],[129.25375,37.376639],[129.259583,37.380806],[129.220861,37.399556],[129.203306,37.414583],[129.190417,37.434972],[129.194556,37.438306],[129.191194,37.454944],[129.130389,37.506611],[129.124583,37.520806],[129.126194,37.526639],[129.11625,37.537472],[129.112861,37.549167],[129.122472,37.552917],[129.124639,37.557444],[129.11875,37.577472],[129.07648061,37.60598643],[129.37302658,37.60276678],[129.37703384,37.59606862],[129.42297655,37.53993129],[129.5682784,37.35591728]]]]},"geometry_name":"the_geom","properties":{"id":"Shp_WRN_POLY.31","BLN_Flag":"1","Id_1":"","LAYER":"","STD_ID1":"","WarnCode":"S1151300","ZLEVEL":"","name":"강원남부앞바다","STN_IDX":30303,"fct_zone_i":"12C20101"}},{"type":"Feature","id":"shp_wrn_poly.32","geometry":{"type":"MultiPolygon","coordinates":[[[[129.31314091,37.71204326],[129.37302658,37.60276678],[129.07648061,37.60598643],[129.064972,37.61375],[129.047083,37.634139],[129.044556,37.641639],[129.047889,37.648333],[129.057139,37.654167],[129.055361,37.666639],[129.058722,37.675],[129.017444,37.705389],[129.009194,37.717083],[128.992056,37.73],[128.988306,37.740417],[128.954139,37.764556],[128.949944,37.772056],[128.934972,37.78125],[128.876222,37.830833],[128.877889,37.84],[128.831278,37.882444],[128.828806,37.89],[128.835389,37.897444],[128.828722,37.906667],[128.816639,37.912083],[128.80871773,37.91825879],[128.80998167,37.91828938],[129.1342922,37.91617854],[129.13429994,37.91617849],[129.15080337,37.90326698],[129.21738227,37.8394908],[129.31314091,37.71204326]]]]},"geometry_name":"the_geom","properties":{"id":"Shp_WRN_POLY.32","BLN_Flag":"1","Id_1":"","LAYER":"","STD_ID1":"","WarnCode":"S1151200","ZLEVEL":"","name":"강원중부앞바다","STN_IDX":30302,"fct_zone_i":"12C20102"}},{"type":"Feature","id":"shp_wrn_poly.33","geometry":{"type":"MultiPolygon","coordinates":[[[[128.72409696,38.4961411],[128.75987454,38.44623622],[128.78165683,38.41171261],[128.80532181,38.36383984],[128.84194277,38.29546528],[128.85727409,38.25725496],[128.87100816,38.22003576],[128.90212509,38.18180943],[128.97965076,38.09638626],[129.01028124,38.05488724],[129.07758779,37.97149174],[129.11279384,37.93299003],[129.13429994,37.91617849],[129.1342922,37.91617854],[128.80998167,37.91828938],[128.80871773,37.91825879],[128.793694,37.929972],[128.786222,37.946667],[128.775778,37.951222],[128.762917,37.965833],[128.763722,37.972472],[128.758722,37.975],[128.761222,37.981639],[128.751611,37.984528],[128.737889,37.998361],[128.739722,38.003278],[128.733861,38.011556],[128.738861,38.022389],[128.727667,38.024528],[128.700083,38.045306],[128.678889,38.069111],[128.678028,38.08325],[128.641,38.113639],[128.634694,38.119917],[128.631833,38.129528],[128.627611,38.1295],[128.613917,38.145778],[128.61225,38.167417],[128.608861,38.172444],[128.617222,38.181556],[128.602194,38.194889],[128.596444,38.206556],[128.597667,38.211194],[128.604306,38.210361],[128.605528,38.213278],[128.59925,38.216167],[128.564639,38.255778],[128.550417,38.289944],[128.553806,38.294944],[128.5505,38.299111],[128.552944,38.304083],[128.534611,38.319056],[128.532139,38.334111],[128.520472,38.341556],[128.513806,38.351611],[128.5155,38.356583],[128.5105,38.364111],[128.516306,38.369139],[128.514667,38.372444],[128.497917,38.38575],[128.460444,38.429083],[128.457944,38.444056],[128.460917,38.447861],[128.468389,38.447028],[128.468806,38.45075],[128.443,38.477417],[128.441306,38.486556],[128.435889,38.487861],[128.427944,38.499083],[128.430444,38.504944],[128.423,38.508278],[128.424639,38.51075],[128.420444,38.516556],[128.4255,38.523278],[128.419583,38.524917],[128.408806,38.541583],[128.413,38.551611],[128.411306,38.556583],[128.408,38.557417],[128.405528,38.56575],[128.399306,38.567861],[128.370444,38.596583],[128.361333,38.613306],[128.35992142,38.61797646],[128.59879227,38.76054378],[128.62154883,38.67929734],[128.6664673,38.59937911],[128.67356643,38.58384582],[128.68186395,38.57072485],[128.72409696,38.4961411]]]]},"geometry_name":"the_geom","properties":{"id":"Shp_WRN_POLY.33","BLN_Flag":"1","Id_1":"","LAYER":"","STD_ID1":"","WarnCode":"S1151100","ZLEVEL":"","name":"강원북부앞바다","STN_IDX":30301,"fct_zone_i":"12C20103"}},{"type":"Feature","id":"shp_wrn_poly.34","geometry":{"type":"MultiPolygon","coordinates":[[[[130.434528,33.665806],[130.434611,33.660833],[130.431694,33.659556],[130.428333,33.663694],[130.420417,33.650806],[130.424194,33.64125],[130.411639,33.644556],[130.420417,33.638306],[130.409139,33.64125],[130.403778,33.635806],[130.40875,33.629972],[130.404528,33.628306],[130.403806,33.624139],[130.414583,33.618333],[130.409111,33.619611],[130.40375,33.614167],[130.406639,33.609556],[130.400806,33.612889],[130.40025792,33.6127091],[130.40004484,33.61263916],[130.37162208,33.66505353],[130.3716667,33.66506257],[130.394111,33.669611],[130.407917,33.675806],[130.402917,33.679972],[130.404167,33.682083],[130.429139,33.687917],[130.432139,33.680833],[130.425389,33.675833],[130.434528,33.665806]]],[[[132.75875,35.455],[132.753333,35.449583],[132.722528,35.447917],[132.710028,35.442056],[132.696694,35.45125],[132.684167,35.450389],[132.685,35.44375],[132.679111,35.44375],[132.676667,35.44875],[132.667472,35.442917],[132.659167,35.444583],[132.648333,35.43875],[132.641639,35.441194],[132.645389,35.434972],[132.639972,35.432917],[132.629194,35.434556],[132.622889,35.417472],[132.643306,35.415417],[132.671694,35.400389],[132.676278,35.373306],[132.662944,35.331667],[132.650389,35.310806],[132.630833,35.289583],[132.613361,35.280417],[132.588361,35.277056],[132.583278,35.272917],[132.574972,35.272917],[132.539111,35.258722],[132.529611,35.253333],[132.525,35.242083],[132.516667,35.242083],[132.505806,35.237028],[132.498361,35.227889],[132.485833,35.230389],[132.483333,35.22125],[132.468333,35.217889],[132.463389,35.20875],[132.447444,35.197889],[132.429194,35.190389],[132.418278,35.19125],[132.420417,35.184139],[132.41625,35.183306],[132.415444,35.176639],[132.41,35.17625],[132.402917,35.170833],[132.402917,35.1575],[132.395778,35.157917],[132.389972,35.147889],[132.382861,35.1475],[132.389583,35.140833],[132.389611,35.133333],[132.382528,35.127917],[132.372472,35.127056],[132.364583,35.120833],[132.363306,35.114556],[132.359139,35.115389],[132.354194,35.10875],[132.350861,35.109611],[132.341639,35.104583],[132.33875,35.097472],[132.341639,35.093722],[132.332528,35.097861],[132.325,35.091222],[132.322917,35.083333],[132.326222,35.077472],[132.317861,35.073333],[132.309139,35.058722],[132.274194,35.042083],[132.263361,35.039583],[132.254972,35.042889],[132.236639,35.03625],[132.230444,35.030833],[132.229194,35.019583],[132.225833,35.025417],[132.223361,35.024611],[132.196722,35.004583],[132.196194,35.000806],[132.186694,34.992889],[132.156639,34.977083],[132.152472,34.978722],[132.147917,34.9675],[132.141639,34.962028],[132.121639,34.952056],[132.112528,34.952917],[132.107111,34.947472],[132.105806,34.935417],[132.095028,34.935389],[132.090833,34.931222],[132.086667,34.932056],[132.085028,34.926222],[132.07375,34.918333],[132.072056,34.913333],[132.074194,34.90875],[132.077889,34.909972],[132.077583,34.905389],[132.073694,34.905806],[132.073306,34.908722],[132.065833,34.908694],[132.05875,34.902472],[132.059972,34.897917],[132.064139,34.899556],[132.070361,34.8925],[132.058722,34.884167],[132.055806,34.873722],[132.045,34.872889],[132.042917,34.88],[132.035833,34.882917],[132.034111,34.880417],[132.028361,34.88125],[132.030417,34.876667],[132.0275,34.877028],[132.025,34.872917],[132.0175,34.873694],[132.0075,34.869556],[132.007056,34.864167],[132.014583,34.86],[132.010389,34.851667],[132.005806,34.847083],[131.997472,34.84625],[131.988306,34.832056],[131.974972,34.824528],[131.969944,34.825417],[131.954944,34.819528],[131.944167,34.794556],[131.933306,34.792861],[131.93,34.78625],[131.912417,34.777056],[131.8975,34.779528],[131.892889,34.771694],[131.893778,34.766694],[131.887056,34.767472],[131.889583,34.7625],[131.886694,34.760389],[131.873333,34.762889],[131.864139,34.75875],[131.862889,34.755],[131.872889,34.744972],[131.869611,34.741667],[131.870389,34.734972],[131.855417,34.724139],[131.855444,34.719167],[131.8475,34.712028],[131.819972,34.697889],[131.745,34.677056],[131.725,34.676194],[131.719139,34.678722],[131.702528,34.67625],[131.6925,34.679556],[131.691611,34.682889],[131.674944,34.675417],[131.669167,34.679556],[131.667083,34.671639],[131.672889,34.6675],[131.668333,34.66125],[131.663722,34.661639],[131.663306,34.657917],[131.655028,34.660389],[131.654167,34.655389],[131.646694,34.655417],[131.643806,34.649139],[131.649583,34.646667],[131.645806,34.642917],[131.639583,34.648306],[131.643694,34.6575],[131.634972,34.666222],[131.616667,34.667917],[131.604194,34.665389],[131.59875,34.66],[131.597083,34.651639],[131.589611,34.648361],[131.592861,34.639972],[131.587917,34.635],[131.591667,34.630389],[131.594611,34.630778],[131.594972,34.634556],[131.597528,34.629583],[131.6025,34.63125],[131.599556,34.628278],[131.601278,34.625833],[131.588361,34.623694],[131.574944,34.627889],[131.578333,34.622889],[131.565833,34.623722],[131.556639,34.617917],[131.555417,34.602472],[131.549528,34.595861],[131.552056,34.5875],[131.548778,34.579139],[131.537056,34.57],[131.533333,34.562861],[131.513361,34.555389],[131.502889,34.538306],[131.496667,34.534556],[131.4725,34.535389],[131.465778,34.540389],[131.460389,34.530806],[131.453722,34.527528],[131.454583,34.523306],[131.447917,34.514972],[131.452472,34.515417],[131.449583,34.509167],[131.456639,34.508722],[131.457056,34.5025],[131.462889,34.500833],[131.458722,34.487444],[131.454139,34.484583],[131.4475,34.487917],[131.441722,34.487056],[131.439611,34.484167],[131.44375,34.479167],[131.442083,34.474972],[131.437472,34.472889],[131.4325,34.475389],[131.432861,34.469139],[131.420833,34.457056],[131.415,34.456222],[131.412444,34.451222],[131.411639,34.454556],[131.406667,34.454611],[131.4,34.462056],[131.394583,34.46],[131.395806,34.449556],[131.405889,34.445389],[131.410028,34.44875],[131.412944,34.443306],[131.410444,34.440833],[131.416194,34.44],[131.407861,34.435861],[131.410806,34.42875],[131.399139,34.430417],[131.397944,34.424944],[131.390806,34.419583],[131.386694,34.419556],[131.384944,34.424583],[131.376667,34.425361],[131.375861,34.417944],[131.357472,34.413722],[131.351611,34.413778],[131.347444,34.420389],[131.339972,34.417889],[131.335806,34.421222],[131.327917,34.411639],[131.325444,34.396639],[131.310833,34.389528],[131.306639,34.390417],[131.305806,34.385389],[131.295,34.387083],[131.291639,34.384556],[131.290778,34.387111],[131.280889,34.387917],[131.279167,34.391278],[131.270833,34.392917],[131.263306,34.387083],[131.255806,34.39125],[131.255389,34.385806],[131.249111,34.382889],[131.235028,34.392889],[131.229194,34.392083],[131.225833,34.39625],[131.221194,34.388333],[131.223778,34.375806],[131.214167,34.374611],[131.207917,34.376667],[131.20875,34.383333],[131.201194,34.396639],[131.196611,34.398722],[131.180778,34.379556],[131.175056,34.380389],[131.166694,34.375389],[131.15,34.379583],[131.135444,34.393333],[131.137944,34.402472],[131.129194,34.421222],[131.124139,34.413694],[131.112528,34.412056],[131.1,34.420417],[131.086611,34.421222],[131.076694,34.425389],[131.070806,34.425361],[131.067444,34.420389],[131.062444,34.424528],[131.045861,34.412917],[131.012444,34.414556],[131.005472,34.419139],[131.001639,34.430361],[130.972472,34.444583],[130.972083,34.433306],[130.969167,34.430361],[130.960833,34.43125],[130.958778,34.429167],[130.956278,34.424167],[130.957889,34.414972],[130.947472,34.406222],[130.9375,34.405417],[130.933722,34.394139],[130.945806,34.388722],[130.953333,34.388722],[130.957083,34.400806],[130.952083,34.403333],[130.958333,34.407889],[130.970833,34.408694],[130.970389,34.405806],[130.977444,34.400417],[131.000861,34.400417],[131.003333,34.397861],[131.014944,34.406222],[131.019556,34.394167],[131.029194,34.389556],[131.037056,34.378306],[131.034583,34.374167],[131.028389,34.372028],[131.024111,34.374556],[130.999139,34.374583],[130.979167,34.36625],[130.968389,34.366278],[130.9625,34.360389],[130.952444,34.359528],[130.9475,34.354583],[130.944111,34.357083],[130.934111,34.354556],[130.928306,34.344583],[130.922472,34.356222],[130.915,34.354583],[130.906639,34.366222],[130.9,34.364583],[130.901222,34.354944],[130.889528,34.346667],[130.892056,34.325778],[130.89625,34.326639],[130.891306,34.322472],[130.895444,34.32],[130.889556,34.319111],[130.892917,34.3125],[130.885444,34.313278],[130.883333,34.297917],[130.87,34.297083],[130.866278,34.291667],[130.868333,34.287111],[130.893806,34.267472],[130.901667,34.253722],[130.920417,34.239972],[130.922889,34.229111],[130.917083,34.215806],[130.926694,34.213722],[130.929556,34.209139],[130.930389,34.185833],[130.924583,34.181667],[130.927083,34.176667],[130.920417,34.165833],[130.915806,34.162056],[130.907528,34.161222],[130.904194,34.157083],[130.897083,34.156639],[130.89875,34.150833],[130.904611,34.147472],[130.897528,34.139556],[130.887444,34.13875],[130.885861,34.144611],[130.880833,34.144556],[130.878333,34.140417],[130.869167,34.140389],[130.865417,34.116639],[130.862056,34.114167],[130.862917,34.106639],[130.873722,34.100806],[130.872889,34.090806],[130.880444,34.088361],[130.877083,34.082444],[130.887944,34.073333],[130.889972,34.067083],[130.896694,34.07125],[130.899972,34.069556],[130.908778,34.060833],[130.912083,34.051667],[130.912083,34.043306],[130.903722,34.028333],[130.910833,34.025417],[130.917083,34.017472],[130.90875,33.991667],[130.910389,33.985],[130.916278,33.980806],[130.912056,33.963333],[130.904583,33.954972],[130.908694,33.9525],[130.904167,33.952917],[130.897528,33.944556],[130.884972,33.951222],[130.875389,33.946667],[130.884194,33.939556],[130.897139,33.935],[130.9,33.921222],[130.909583,33.924167],[130.899583,33.919167],[130.905,33.912889],[130.915,33.91125],[130.925417,33.916639],[130.927917,33.93],[130.923778,33.9375],[130.929583,33.940861],[130.924139,33.950389],[130.940833,33.952056],[130.980833,33.98125],[130.991639,33.985389],[130.997083,33.990833],[130.994972,33.996194],[131.00625,34],[131.001222,34.011667],[131.004944,34.011194],[131.00875,34.014972],[131.007056,34.019167],[131.010833,34.024556],[131.010444,34.018333],[131.016639,34.014556],[131.024556,34.024167],[131.016222,34.031639],[131.033694,34.040778],[131.028722,34.049111],[131.033694,34.05],[131.039972,34.063694],[131.050028,34.042917],[131.0675,34.039528],[131.071694,34.04125],[131.079139,34.03625],[131.081639,34.040389],[131.0975,34.037083],[131.126639,33.99875],[131.1325,33.996222],[131.140778,33.997861],[131.155889,33.990389],[131.171667,33.99625],[131.161167,33.989139],[131.161222,33.984972],[131.166694,33.980417],[131.164556,33.986639],[131.168333,33.989611],[131.167056,33.979139],[131.175417,33.975778],[131.173306,33.97125],[131.162944,33.970806],[131.167944,33.965778],[131.157917,33.9575],[131.180806,33.931194],[131.183778,33.931667],[131.185,33.939556],[131.190806,33.939556],[131.196694,33.94375],[131.211667,33.944556],[131.212917,33.959139],[131.202917,33.961667],[131.215,33.960417],[131.216639,33.969556],[131.220361,33.968278],[131.21875,33.950806],[131.227917,33.948333],[131.225361,33.943278],[131.228306,33.937917],[131.237028,33.943306],[131.239167,33.951222],[131.246222,33.945833],[131.247111,33.941639],[131.236639,33.938722],[131.233278,33.93125],[131.246694,33.934611],[131.254139,33.927944],[131.262556,33.925389],[131.279194,33.932056],[131.276639,33.937083],[131.300806,33.942083],[131.314139,33.954528],[131.334194,33.95375],[131.346667,33.965417],[131.357028,33.968306],[131.353694,33.971639],[131.355444,33.974139],[131.35125,33.974944],[131.350444,33.984139],[131.353333,33.987917],[131.361639,33.987917],[131.364194,33.995444],[131.369611,33.996639],[131.370361,34.001667],[131.379556,34.011667],[131.38375,34.025],[131.36625,34.030833],[131.371694,34.029583],[131.38,34.033722],[131.38625,34.033306],[131.38375,34.037472],[131.386222,34.050028],[131.377917,34.053333],[131.395028,34.05375],[131.399139,34.07125],[131.399556,34.054972],[131.395444,34.044972],[131.41,34.047028],[131.412528,34.057917],[131.413778,34.051667],[131.4125,34.047111],[131.395806,34.04125],[131.392056,34.029972],[131.407528,34.024583],[131.410833,34.027028],[131.41375,34.023306],[131.404583,34.014972],[131.402139,34.003333],[131.397056,33.998278],[131.397889,33.986639],[131.401667,33.98625],[131.402917,33.994167],[131.411222,33.998306],[131.411167,34.008306],[131.417944,34.013333],[131.416278,34.015833],[131.425,34.017028],[131.43125,34.009972],[131.43125,33.999167],[131.426278,33.9925],[131.429194,33.989583],[131.435861,33.991222],[131.441722,33.984528],[131.446222,33.984944],[131.445361,33.993333],[131.448361,33.99625],[131.455,33.997083],[131.460778,33.988722],[131.464194,33.988722],[131.467111,33.993306],[131.457944,34.001667],[131.455833,34.009556],[131.4625,34.00625],[131.471667,34.012889],[131.479583,34.013306],[131.478333,34.019583],[131.469972,34.021222],[131.466222,34.0275],[131.468722,34.034139],[131.473333,34.037889],[131.483278,34.029556],[131.492056,34.035778],[131.499111,34.046222],[131.499972,34.040361],[131.511194,34.043306],[131.493333,34.034556],[131.491222,34.029167],[131.4975,34.026222],[131.505806,34.027889],[131.513694,34.018333],[131.507861,34.006667],[131.517556,34.005389],[131.524139,34.008722],[131.535,33.997917],[131.538333,33.999583],[131.546667,33.997056],[131.543333,34.00875],[131.552528,34.009583],[131.555,34.006278],[131.559167,34.007889],[131.560861,34.014556],[131.571722,34.017083],[131.585389,34.026639],[131.587889,34.036667],[131.584528,34.039139],[131.590833,34.04875],[131.59875,34.043306],[131.602083,34.037444],[131.600444,34.03],[131.609167,34.022889],[131.620806,34.037917],[131.635861,34.047028],[131.642528,34.047917],[131.646278,34.043333],[131.644167,34.039583],[131.6575,34.039528],[131.668278,34.045417],[131.675778,34.043722],[131.679111,34.055361],[131.689972,34.055417],[131.6875,34.048722],[131.693333,34.050361],[131.697444,34.047861],[131.698722,34.055806],[131.703333,34.057889],[131.706667,34.054556],[131.709167,34.062056],[131.714972,34.062083],[131.720833,34.057889],[131.729194,34.063722],[131.735806,34.062083],[131.741639,34.070417],[131.746667,34.070361],[131.756194,34.065806],[131.747111,34.064167],[131.747111,34.058333],[131.749944,34.057083],[131.76,34.059583],[131.760806,34.057056],[131.764167,34.05875],[131.764944,34.05375],[131.770778,34.052944],[131.771611,34.057056],[131.779139,34.05625],[131.780861,34.06125],[131.781667,34.055389],[131.795417,34.056667],[131.792028,34.053306],[131.797056,34.049139],[131.784944,34.044556],[131.781278,34.039139],[131.780389,34.035778],[131.784944,34.032083],[131.801639,34.044556],[131.818333,34.035361],[131.823306,34.036222],[131.825444,34.030806],[131.824167,34.023722],[131.817528,34.022917],[131.810861,34.017917],[131.804167,34.017889],[131.793278,34.007083],[131.790417,34.000806],[131.782861,33.995833],[131.78875,33.989167],[131.773306,33.985389],[131.773333,33.977889],[131.777472,33.977917],[131.779139,33.974556],[131.798306,33.977056],[131.810778,33.967889],[131.818306,33.969556],[131.823722,33.976639],[131.822444,33.979583],[131.8175,33.977861],[131.814139,33.983722],[131.805,33.982917],[131.797889,33.986667],[131.816639,33.991222],[131.827444,33.997917],[131.832556,34.011222],[131.8375,34.012083],[131.841667,34.008722],[131.843333,34.012861],[131.851611,34.012917],[131.867944,34.003306],[131.869611,33.995833],[131.863778,33.989972],[131.873361,33.990417],[131.881694,33.978722],[131.892444,33.981222],[131.89619731,33.97777512],[131.59914107,33.68703922],[131.594111,33.687028],[131.584139,33.692917],[131.572889,33.686611],[131.573306,33.673722],[131.564944,33.673722],[131.566278,33.679139],[131.561611,33.686222],[131.555806,33.686222],[131.555,33.682056],[131.549167,33.682083],[131.544139,33.677889],[131.535833,33.679611],[131.535,33.677028],[131.530861,33.682111],[131.522528,33.683694],[131.5275,33.672056],[131.521639,33.675417],[131.514972,33.669556],[131.506667,33.674583],[131.497861,33.669944],[131.497111,33.661667],[131.504556,33.656639],[131.4945,33.653306],[131.495861,33.644583],[131.486694,33.647917],[131.480417,33.643333],[131.483694,33.636694],[131.475417,33.630833],[131.470833,33.612028],[131.46,33.620389],[131.423694,33.591667],[131.424583,33.580833],[131.434583,33.570861],[131.435833,33.564528],[131.429972,33.567917],[131.417472,33.56375],[131.415417,33.563333],[131.428306,33.567889],[131.427917,33.570806],[131.418306,33.574611],[131.406639,33.572889],[131.396611,33.577083],[131.371694,33.577917],[131.371222,33.56],[131.350833,33.527861],[131.354583,33.54],[131.369556,33.559972],[131.369639,33.569139],[131.364139,33.577889],[131.350806,33.572861],[131.340861,33.572889],[131.334167,33.582056],[131.326667,33.581222],[131.320778,33.584556],[131.319222,33.582056],[131.2925,33.58125],[131.289167,33.578722],[131.277472,33.582083],[131.272528,33.587056],[131.265806,33.581278],[131.268806,33.5925],[131.248361,33.606222],[131.245,33.605417],[131.245806,33.612028],[131.235833,33.601222],[131.216639,33.605417],[131.210028,33.61625],[131.197444,33.617889],[131.189139,33.60875],[131.179167,33.60625],[131.184639,33.615833],[131.181639,33.620417],[131.169972,33.619583],[131.168361,33.614556],[131.153389,33.622889],[131.140778,33.626278],[131.135,33.624528],[131.129139,33.631222],[131.126194,33.629167],[131.129111,33.625389],[131.115806,33.62625],[131.114139,33.617917],[131.112528,33.625389],[131.10625,33.624972],[131.106667,33.618722],[131.099972,33.619583],[131.088278,33.637083],[131.075444,33.637528],[131.075833,33.640444],[131.083306,33.637917],[131.08375,33.641667],[131.071222,33.659111],[131.067083,33.66],[131.065417,33.669111],[131.052917,33.684972],[131.056222,33.689944],[131.040444,33.691639],[131.027028,33.714139],[131.022889,33.73],[131.020028,33.732917],[131.013694,33.7325],[131.020417,33.745],[131.017889,33.750806],[131.010833,33.751278],[131.012111,33.746667],[131.003333,33.740389],[131.007861,33.7475],[130.99875,33.748333],[131.005472,33.752444],[131.002083,33.756639],[131.00625,33.76],[130.994528,33.773306],[131.002056,33.788361],[130.998722,33.790806],[130.999639,33.796639],[130.994167,33.796222],[130.990444,33.789111],[130.98625,33.787472],[130.987917,33.795806],[130.999583,33.803333],[130.997111,33.809111],[130.983306,33.809556],[130.979194,33.812889],[130.967472,33.810389],[130.957944,33.828278],[130.960833,33.837861],[130.975833,33.833722],[130.978722,33.836667],[130.977056,33.842472],[130.983333,33.842889],[130.987917,33.849167],[130.985028,33.859583],[130.990028,33.852917],[130.99375,33.852444],[130.997083,33.869972],[130.985028,33.87125],[130.979528,33.869167],[130.985417,33.874167],[130.986333,33.888306],[130.990444,33.889944],[130.988778,33.899139],[130.996667,33.906222],[131.001611,33.902083],[131.008333,33.902889],[131.005389,33.909167],[131.007056,33.914194],[131.017889,33.919167],[131.007056,33.925806],[131.012083,33.929972],[131.010444,33.935833],[131.015056,33.94125],[131.024583,33.941667],[131.020389,33.950833],[131.026222,33.958361],[131.003306,33.964556],[130.995889,33.962861],[130.990028,33.957056],[130.987083,33.957444],[130.990833,33.962083],[130.976611,33.960361],[130.975,33.957889],[130.971639,33.962056],[130.963278,33.962889],[130.960417,33.96],[130.962889,33.954972],[130.960444,33.946667],[130.94375,33.937472],[130.939611,33.923333],[130.930361,33.908306],[130.914194,33.89625],[130.894111,33.892889],[130.890806,33.888722],[130.889972,33.894556],[130.87875,33.890778],[130.887083,33.897472],[130.885806,33.902083],[130.874167,33.897028],[130.867083,33.899944],[130.871667,33.899556],[130.88375,33.905833],[130.870806,33.917083],[130.854194,33.909611],[130.854194,33.905417],[130.849583,33.906639],[130.85,33.910417],[130.869639,33.9175],[130.864111,33.92125],[130.850833,33.917028],[130.850833,33.920417],[130.862056,33.924139],[130.8575,33.929583],[130.828306,33.923722],[130.829139,33.92125],[130.835444,33.922472],[130.822472,33.917056],[130.822944,33.906639],[130.819556,33.906611],[130.814972,33.897083],[130.804583,33.892472],[130.807944,33.879139],[130.801639,33.874583],[130.796278,33.875028],[130.804556,33.881639],[130.802528,33.892111],[130.792472,33.882056],[130.791694,33.885389],[130.784944,33.883778],[130.781611,33.877917],[130.780861,33.882917],[130.772528,33.876222],[130.771639,33.880417],[130.754139,33.874583],[130.748361,33.875417],[130.744611,33.886639],[130.7525,33.877889],[130.755806,33.877889],[130.783778,33.885833],[130.7825,33.887917],[130.765417,33.886639],[130.770806,33.889583],[130.800056,33.891222],[130.815472,33.903306],[130.816306,33.914111],[130.807472,33.912861],[130.807889,33.916639],[130.820056,33.91625],[130.824611,33.929972],[130.799583,33.933306],[130.827444,33.932111],[130.848333,33.937056],[130.840833,33.94875],[130.816722,33.942056],[130.805,33.947083],[130.797083,33.944111],[130.794194,33.931222],[130.782472,33.93625],[130.775806,33.926222],[130.756722,33.921222],[130.746667,33.924583],[130.746639,33.930417],[130.7325,33.927861],[130.7275,33.935444],[130.714194,33.939583],[130.698306,33.939556],[130.690833,33.936222],[130.684139,33.937917],[130.684528,33.926639],[130.667472,33.915361],[130.659111,33.916222],[130.665444,33.911667],[130.664111,33.908694],[130.65625,33.909944],[130.669194,33.895417],[130.678278,33.895389],[130.681222,33.8925],[130.680833,33.867889],[130.675361,33.89],[130.663306,33.89875],[130.633333,33.885417],[130.598333,33.877917],[130.574194,33.879583],[130.56625,33.885833],[130.565,33.891222],[130.555889,33.892083],[130.54,33.887944],[130.525,33.890417],[130.530389,33.880833],[130.52,33.862056],[130.502528,33.85375],[130.501639,33.850444],[130.499972,33.853722],[130.484167,33.85375],[130.477917,33.858333],[130.482056,33.849139],[130.481222,33.840778],[130.469111,33.814583],[130.460028,33.81125],[130.452472,33.812083],[130.449167,33.817917],[130.444583,33.815778],[130.45125,33.805],[130.44625,33.796639],[130.447889,33.786667],[130.450861,33.785417],[130.457944,33.789972],[130.459583,33.803306],[130.472083,33.8075],[130.462139,33.801667],[130.458778,33.789167],[130.467111,33.784139],[130.47125,33.774194],[130.467944,33.757444],[130.46125,33.741667],[130.444972,33.724556],[130.430833,33.71625],[130.421667,33.720361],[130.415444,33.703306],[130.407472,33.694583],[130.383278,33.677917],[130.36784403,33.67206226],[130.36782531,33.67205516],[130.36464076,33.67792779],[130.36415553,33.67882259],[130.46056253,33.88398259],[130.99530713,35.02195191],[131.29084488,35.65087439],[131.38323938,35.65086724],[132.80284445,35.65075735],[132.80283831,35.65072173],[132.77367768,35.48151963],[132.754972,35.47875],[132.7425,35.471222],[132.726611,35.471222],[132.731694,35.466222],[132.756694,35.457083],[132.75875,35.455]]]]},"geometry_name":"the_geom","properties":{"id":"Shp_WRN_POLY.34","BLN_Flag":"1","Id_1":"","LAYER":"","STD_ID1":"","WarnCode":"S1132120","ZLEVEL":"","name":"동해남부 남쪽 바깥먼바다","STN_IDX":304,"fct_zone_i":"12C10221"}},{"type":"Feature","id":"shp_wrn_poly.35","geometry":{"type":"MultiPolygon","coordinates":[[[[132.80050231,37.15008121],[132.80298466,35.65072172],[132.80283831,35.65072173],[131.38323938,35.65086724],[131.29083731,35.65087671],[131.29086904,37.14544245],[131.29086906,37.14638302],[131.29086906,37.14638779],[131.29087019,37.14638779],[132.80048808,37.15008117],[132.80050231,37.15008121]]]]},"geometry_name":"the_geom","properties":{"id":"Shp_WRN_POLY.35","BLN_Flag":"1","Id_1":"","LAYER":"","STD_ID1":"","WarnCode":"S1132220","ZLEVEL":"","name":"동해남부 북쪽바깥먼바다","STN_IDX":305,"fct_zone_i":"12C10222"}},{"type":"Feature","id":"shp_wrn_poly.36","geometry":{"type":"MultiPolygon","coordinates":[[[[132.80048806,37.15007948],[131.29087584,37.14637259],[131.29087018,37.1463813],[131.29086906,37.14638302],[131.29086528,37.14638885],[130.086226,39.00005903],[132.80050231,38.99811173],[132.80313395,37.49544432],[132.80048808,37.15008117],[132.80048806,37.15007948]]]]},"geometry_name":"the_geom","properties":{"id":"Shp_WRN_POLY.36","BLN_Flag":"1","Id_1":"","LAYER":"","STD_ID1":"","WarnCode":"S1152020","ZLEVEL":"","name":"동해중부 바깥먼바다","STN_IDX":306,"fct_zone_i":"12C20220"}},{"type":"Feature","id":"shp_wrn_poly.37","geometry":{"type":"MultiPolygon","coordinates":[[[[126.29444554,32.99221802],[126.29652648,32.25539769],[126.29643746,32.25544587],[124.49777999,33.22896423],[124.49777823,33.22896518],[124.49980565,33.22997919],[125.38287354,33.67164598],[125.91726736,33.33678159],[125.91756785,33.33659329],[125.94061634,33.19722826],[125.99679216,33.1198134],[125.99859847,33.11732417],[126.06881701,33.06637321],[126.15447191,33.00715931],[126.29394955,32.9922773],[126.29443784,32.9922252],[126.29444266,32.99222468],[126.29444552,32.99222438],[126.29444554,32.99222042],[126.29444554,32.99221802]]]]},"geometry_name":"the_geom","properties":{"id":"Shp_WRN_POLY.37","BLN_Flag":"1","Id_1":"","LAYER":"","STD_ID1":"","WarnCode":"S1324210","ZLEVEL":"","name":"제주도남서쪽안쪽먼바다","STN_IDX":401,"fct_zone_i":"12B10411"}},{"type":"Feature","id":"shp_wrn_poly.38","geometry":{"type":"MultiPolygon","coordinates":[[[[126.705925,33.555344],[126.70504,33.554462],[126.704163,33.554462],[126.703285,33.553581],[126.695946,33.553581],[126.695358,33.553288],[126.695358,33.552406],[126.695068,33.552116],[126.694191,33.552116],[126.693306,33.551235],[126.689201,33.551235],[126.688324,33.550354],[126.685097,33.550354],[126.684212,33.549477],[126.681572,33.549477],[126.681282,33.55006],[126.681282,33.550941],[126.67923,33.552994],[126.677467,33.552994],[126.67659,33.552116],[126.675705,33.552116],[126.674828,33.551235],[126.67424,33.551235],[126.673653,33.550941],[126.673653,33.55006],[126.672188,33.548302],[126.672188,33.545956],[126.670715,33.544487],[126.665146,33.544487],[126.664268,33.545368],[126.661629,33.545368],[126.660744,33.546249],[126.660156,33.546249],[126.658401,33.548008],[126.657516,33.548008],[126.656639,33.548889],[126.655762,33.548008],[126.654877,33.548008],[126.654587,33.548302],[126.654587,33.549183],[126.656342,33.550648],[126.654877,33.552116],[126.650772,33.552116],[126.650475,33.551529],[126.650475,33.55006],[126.649895,33.549477],[126.646667,33.549477],[126.645493,33.550941],[126.645782,33.551235],[126.647545,33.551235],[126.648422,33.552116],[126.64901,33.552116],[126.649597,33.552406],[126.647545,33.554462],[126.646667,33.554462],[126.645782,33.555344],[126.644028,33.555344],[126.642853,33.554169],[126.642853,33.553288],[126.642555,33.552994],[126.641678,33.552994],[126.6408,33.552116],[126.639915,33.552116],[126.639626,33.551529],[126.639626,33.549183],[126.638741,33.548302],[126.638741,33.547421],[126.637573,33.546249],[126.634933,33.546249],[126.634048,33.545368],[126.633171,33.545368],[126.632874,33.545074],[126.632874,33.542435],[126.633759,33.541553],[126.633759,33.540089],[126.632874,33.539207],[126.633759,33.538326],[126.633171,33.538033],[126.629944,33.538033],[126.627304,33.540382],[126.625839,33.540382],[126.625252,33.540089],[126.625252,33.538326],[126.624954,33.537743],[126.624077,33.538033],[126.621727,33.540382],[126.62085,33.540382],[126.619972,33.539501],[126.61821,33.539501],[126.617332,33.53862],[126.611755,33.53862],[126.609993,33.537155],[126.609116,33.537155],[126.608238,33.536274],[126.607353,33.537155],[126.605011,33.537155],[126.604126,33.536274],[126.600899,33.536274],[126.599144,33.537743],[126.596794,33.538033],[126.595917,33.537155],[126.595032,33.537155],[126.594154,33.536274],[126.593277,33.536274],[126.592392,33.535393],[126.591515,33.535393],[126.59034,33.534222],[126.59034,33.53334],[126.589165,33.532166],[126.58741,33.532166],[126.587112,33.531582],[126.587112,33.530994],[126.586235,33.530113],[126.586235,33.529232],[126.58535,33.528355],[126.58535,33.527473],[126.58506,33.52718],[126.583298,33.52718],[126.58242,33.526299],[126.579193,33.526299],[126.576553,33.528648],[126.575089,33.528648],[126.573326,33.526886],[126.570686,33.52718],[126.569809,33.527767],[126.568336,33.528061],[126.567459,33.528648],[126.567162,33.528355],[126.567162,33.526592],[126.566582,33.526299],[126.565697,33.526299],[126.563354,33.528648],[126.562469,33.528648],[126.561592,33.527767],[126.561005,33.528061],[126.55954,33.526592],[126.55954,33.526009],[126.558655,33.524834],[126.558655,33.524246],[126.557487,33.522781],[126.553375,33.522781],[126.552498,33.522194],[126.55162,33.522194],[126.550735,33.521313],[126.549271,33.521313],[126.546631,33.523659],[126.544868,33.523659],[126.544281,33.522781],[126.539886,33.522781],[126.537537,33.520432],[126.536659,33.520432],[126.535774,33.519554],[126.533134,33.519554],[126.532547,33.518673],[126.530792,33.518673],[126.526978,33.514858],[126.526978,33.51465559],[126.52375112,33.51423162],[126.52001428,33.512806],[126.519936,33.512806],[126.519646,33.513393],[126.519646,33.513981],[126.518761,33.514858],[126.518761,33.515739],[126.517586,33.516914],[126.514069,33.516914],[126.513191,33.516327],[126.512306,33.516327],[126.511719,33.516914],[126.508202,33.517204],[126.507614,33.518085],[126.504974,33.517792],[126.504097,33.518673],[126.502335,33.518673],[126.50087,33.520432],[126.499985,33.520432],[126.499107,33.521313],[126.497345,33.521313],[126.496758,33.522194],[126.495003,33.5219],[126.494118,33.521313],[126.491776,33.521313],[126.490891,33.520432],[126.488251,33.520432],[126.487373,33.519554],[126.486786,33.519554],[126.485321,33.518379],[126.485321,33.517498],[126.484436,33.516621],[126.484436,33.515739],[126.483559,33.514858],[126.483856,33.514271],[126.482971,33.513393],[126.482971,33.512512],[126.480919,33.51046],[126.478279,33.51046],[126.477402,33.511337],[126.475929,33.511337],[126.475052,33.51046],[126.470062,33.51046],[126.469185,33.511337],[126.467422,33.511337],[126.467133,33.510754],[126.467133,33.506645],[126.466248,33.505764],[126.466248,33.504887],[126.465958,33.504593],[126.456573,33.504593],[126.451584,33.499603],[126.450706,33.499603],[126.450119,33.498726],[126.448357,33.498726],[126.447479,33.499603],[126.445129,33.499603],[126.444252,33.498726],[126.443367,33.498726],[126.44249,33.497845],[126.440727,33.497845],[126.44014,33.496964],[126.434273,33.496964],[126.433395,33.496082],[126.430756,33.496082],[126.429878,33.495499],[126.428993,33.495499],[126.428406,33.496082],[126.425766,33.496082],[126.424889,33.495499],[126.424011,33.495499],[126.423424,33.494617],[126.421661,33.494617],[126.419312,33.491978],[126.417557,33.491978],[126.416672,33.491096],[126.414917,33.491096],[126.414032,33.490513],[126.408165,33.490215],[126.407875,33.489925],[126.407875,33.488163],[126.4067,33.486992],[126.404938,33.486992],[126.40406,33.487869],[126.403473,33.486992],[126.402298,33.486992],[126.400246,33.484936],[126.400543,33.484058],[126.399956,33.483765],[126.398193,33.485523],[126.395844,33.485523],[126.394966,33.486111],[126.394089,33.486111],[126.392914,33.487576],[126.392914,33.488457],[126.389977,33.49139],[126.389099,33.490513],[126.385872,33.490513],[126.384109,33.48875],[126.383232,33.48875],[126.380005,33.485523],[126.379128,33.486111],[126.376778,33.486111],[126.37619,33.485817],[126.37619,33.484936],[126.37326,33.482002],[126.372375,33.482002],[126.370911,33.480537],[126.369148,33.480244],[126.368271,33.479656],[126.362404,33.479656],[126.361526,33.480244],[126.355949,33.480244],[126.355362,33.47995],[126.355362,33.479069],[126.352135,33.475842],[126.352135,33.474964],[126.351547,33.47467],[126.34832,33.47467],[126.347443,33.473789],[126.345093,33.473789],[126.344215,33.472908],[126.341576,33.472908],[126.340698,33.472031],[126.340111,33.472031],[126.339523,33.471737],[126.339523,33.470856],[126.337471,33.468803],[126.333359,33.468803],[126.332771,33.469097],[126.333069,33.469975],[126.332481,33.470268],[126.329254,33.470562],[126.327492,33.468803],[126.326614,33.468803],[126.325737,33.467922],[126.321625,33.467922],[126.320747,33.468803],[126.31987,33.468803],[126.319283,33.469685],[126.318398,33.469685],[126.31752,33.470268],[126.315758,33.470268],[126.31488,33.471149],[126.314003,33.470268],[126.312531,33.470562],[126.309891,33.467922],[126.309013,33.467922],[126.308723,33.467335],[126.308723,33.46323],[126.309601,33.462643],[126.309601,33.460003],[126.308723,33.459122],[126.308723,33.458241],[126.307838,33.457363],[126.307838,33.456482],[126.306961,33.455894],[126.306961,33.455013],[126.306374,33.454136],[126.306084,33.453255],[126.304909,33.45208],[126.304024,33.45208],[126.302559,33.450321],[126.301682,33.450321],[126.298157,33.447094],[126.297569,33.447094],[126.296692,33.447975],[126.295815,33.447094],[126.29502782,33.447094],[126.29501361,33.447094],[126.19745257,33.6315134],[126.19748053,33.63152599],[126.20071491,33.63298241],[126.2053916,33.63508829],[126.27465246,33.66321555],[126.35739482,33.6850785],[126.46106766,33.71747449],[126.48775317,33.721685],[126.52639114,33.7277814],[126.66377579,33.75350497],[126.66635208,33.75361318],[126.74641081,33.75697565],[126.74855472,33.7570657],[126.75165625,33.75720262],[126.7522328,33.75722807],[126.75227421,33.7572299],[126.7522894,33.75723057],[126.75228721,33.75722626],[126.75227765,33.75720745],[126.75214945,33.75695536],[126.75106101,33.75481502],[126.72030443,33.61343421],[126.70766723,33.555344],[126.70764915,33.555344],[126.705925,33.555344]]]]},"geometry_name":"the_geom","properties":{"id":"Shp_WRN_POLY.38","BLN_Flag":"1","Id_1":"","LAYER":"","STD_ID1":"","WarnCode":"S1323100","ZLEVEL":"","name":"제주도북부앞바다","STN_IDX":40101,"fct_zone_i":"12B10302"}},{"type":"Feature","id":"shp_wrn_poly.39","geometry":{"type":"MultiPolygon","coordinates":[[[[127.13091679,33.5931151],[127.15393185,33.55949501],[127.15741288,33.55440997],[127.17319261,33.52479851],[127.18840695,33.47609558],[127.18919553,33.43426137],[127.17155938,33.37795581],[127.16518699,33.35676217],[127.15810499,33.33320847],[127.15782542,33.33227865],[127.15566239,33.32660786],[127.15556933,33.32636388],[127.14679537,33.31685092],[127.07488672,33.23888569],[127.00607675,33.16200948],[126.99324012,33.14766808],[126.95179684,33.13074238],[126.92725186,33.12071805],[126.77618872,33.29936443],[126.77361976,33.30240246],[126.773689,33.302471],[126.773689,33.30423],[126.774567,33.305111],[126.774567,33.305698],[126.77485332,33.30627855],[126.774857,33.306286],[126.775742,33.306286],[126.777496,33.308044],[126.781609,33.308044],[126.782486,33.307163],[126.784248,33.307163],[126.784836,33.306286],[126.785713,33.306286],[126.786591,33.305405],[126.787476,33.305405],[126.789238,33.303642],[126.789818,33.303642],[126.790703,33.304523],[126.79422,33.304523],[126.795105,33.303642],[126.800087,33.303642],[126.800674,33.304523],[126.804199,33.304523],[126.805077,33.303642],[126.808304,33.303642],[126.809181,33.304523],[126.810944,33.304523],[126.813293,33.307163],[126.814171,33.307163],[126.815048,33.307751],[126.815933,33.307163],[126.818275,33.307163],[126.81916,33.306286],[126.825905,33.306286],[126.826492,33.307163],[126.82737,33.307163],[126.828255,33.307751],[126.829132,33.307751],[126.830009,33.308632],[126.830894,33.308632],[126.831772,33.309509],[126.833237,33.309509],[126.834122,33.31039],[126.835876,33.31039],[126.837929,33.312447],[126.837929,33.313324],[126.840866,33.316257],[126.841743,33.316257],[126.842041,33.316551],[126.842041,33.318314],[126.844093,33.320366],[126.846733,33.320366],[126.847023,33.320953],[126.847023,33.323299],[126.848785,33.325058],[126.84761,33.326233],[126.844971,33.326233],[126.844681,33.326527],[126.844681,33.328285],[126.844093,33.328579],[126.843208,33.327991],[126.842331,33.327991],[126.841743,33.32711],[126.84123035,33.32711],[126.84068012,33.330338],[126.841743,33.330338],[126.842041,33.330925],[126.842041,33.332394],[126.842628,33.332977],[126.844093,33.332977],[126.846733,33.335327],[126.848198,33.335327],[126.849075,33.336205],[126.84996,33.336205],[126.851723,33.337967],[126.8526,33.337967],[126.853477,33.338844],[126.854942,33.338844],[126.856117,33.340019],[126.856117,33.341782],[126.857002,33.342365],[126.857002,33.343246],[126.858757,33.345009],[126.858757,33.346767],[126.859055,33.347061],[126.860809,33.347061],[126.861694,33.347939],[126.862572,33.347939],[126.864624,33.349995],[126.864624,33.350876],[126.864922,33.351166],[126.865799,33.351166],[126.866974,33.352341],[126.866974,33.353222],[126.867851,33.354099],[126.867851,33.359089],[126.866974,33.359966],[126.867851,33.360847],[126.867851,33.363194],[126.869904,33.365543],[126.871666,33.36525],[126.872841,33.366714],[126.872841,33.369942],[126.872543,33.370529],[126.870789,33.370529],[126.870491,33.370823],[126.870491,33.3717],[126.870789,33.371998],[126.872543,33.371998],[126.877533,33.376984],[126.87841,33.376984],[126.88047,33.379036],[126.88047,33.382557],[126.881638,33.383732],[126.884277,33.383732],[126.884865,33.384609],[126.887505,33.384609],[126.889854,33.386955],[126.890732,33.386955],[126.891617,33.387836],[126.895721,33.387836],[126.896599,33.386955],[126.898361,33.386955],[126.899246,33.387836],[126.899826,33.387836],[126.901588,33.389599],[126.902466,33.389599],[126.903351,33.390476],[126.904228,33.390476],[126.904526,33.39077],[126.904526,33.391651],[126.905403,33.392529],[126.905403,33.395756],[126.906281,33.396637],[126.906281,33.398396],[126.905113,33.39957],[126.904228,33.39957],[126.903641,33.399864],[126.903641,33.401623],[126.902763,33.402504],[126.902763,33.403385],[126.905403,33.405731],[126.905403,33.406612],[126.906281,33.40749],[126.906281,33.408371],[126.907166,33.409252],[126.907166,33.411598],[126.907455,33.411892],[126.908333,33.412186],[126.910393,33.414238],[126.910393,33.416584],[126.909508,33.417465],[126.910393,33.418346],[126.910393,33.419228],[126.913033,33.421574],[126.913033,33.423332],[126.91362,33.424213],[126.91362,33.425095],[126.91626,33.427441],[126.91626,33.431545],[126.915375,33.432426],[126.915375,33.433308],[126.91655,33.434479],[126.918312,33.434479],[126.919189,33.43536],[126.920074,33.434479],[126.920654,33.434479],[126.923004,33.432426],[126.923004,33.43008],[126.922127,33.429199],[126.922127,33.428322],[126.925354,33.425095],[126.925354,33.424213],[126.925941,33.423626],[126.926521,33.423626],[126.927406,33.422745],[126.928284,33.423626],[126.930046,33.423626],[126.930336,33.424213],[126.930336,33.425095],[126.931511,33.426266],[126.932388,33.426266],[126.933273,33.427147],[126.934151,33.427147],[126.935036,33.428024],[126.935913,33.428024],[126.936203,33.428322],[126.936203,33.429199],[126.933273,33.432133],[126.932388,33.432133],[126.931808,33.433014],[126.928284,33.433014],[126.927994,33.433308],[126.927994,33.434189],[126.926819,33.43536],[126.924179,33.43536],[126.923592,33.435947],[126.923592,33.436535],[126.922127,33.438293],[126.922127,33.440056],[126.921242,33.440639],[126.921242,33.446507],[126.922127,33.447388],[126.922127,33.448269],[126.923882,33.450027],[126.923592,33.451496],[126.924179,33.45208],[126.925056,33.45208],[126.925354,33.452374],[126.925354,33.453255],[126.930923,33.458828],[126.931808,33.458828],[126.932388,33.459709],[126.933273,33.458828],[126.935036,33.458828],[126.935913,33.457947],[126.93679,33.457947],[126.937088,33.457363],[126.937088,33.456776],[126.938255,33.455307],[126.93914,33.455307],[126.940018,33.45472],[126.942368,33.45443],[126.943245,33.455307],[126.945885,33.455307],[126.946182,33.455894],[126.946182,33.456776],[126.94471,33.458241],[126.94471,33.459122],[126.942368,33.461174],[126.940903,33.461174],[126.940018,33.462055],[126.93914,33.462055],[126.936203,33.464989],[126.936203,33.467335],[126.935326,33.468216],[126.935326,33.469097],[126.933563,33.470856],[126.933563,33.471737],[126.932388,33.472908],[126.931511,33.472908],[126.930923,33.472031],[126.929169,33.472031],[126.927994,33.470856],[126.927994,33.469975],[126.927109,33.469097],[126.927109,33.468216],[126.929169,33.466164],[126.930046,33.466164],[126.930336,33.46587],[126.930336,33.464989],[126.925354,33.460003],[126.925354,33.459122],[126.923302,33.457069],[126.922417,33.457069],[126.921242,33.455894],[126.921242,33.455013],[126.919189,33.452961],[126.917427,33.452961],[126.917137,33.453255],[126.917427,33.453842],[126.918312,33.453842],[126.918602,33.454136],[126.918602,33.455894],[126.919189,33.456188],[126.920074,33.456188],[126.920364,33.456776],[126.920364,33.459122],[126.922127,33.46088],[126.922127,33.462643],[126.920654,33.463814],[126.917427,33.463814],[126.91655,33.464695],[126.915085,33.464695],[126.91362,33.46587],[126.914207,33.466164],[126.91655,33.466164],[126.917427,33.465282],[126.920654,33.465282],[126.921242,33.46587],[126.921242,33.466747],[126.922417,33.467922],[126.924179,33.467922],[126.924469,33.468216],[126.924469,33.469975],[126.924179,33.470268],[126.919189,33.470268],[126.918312,33.471149],[126.917427,33.471149],[126.915962,33.472908],[126.913322,33.472908],[126.910393,33.475842],[126.910393,33.476723],[126.909508,33.477604],[126.909508,33.47995],[126.909218,33.480537],[126.908333,33.479656],[126.907455,33.479656],[126.906578,33.478779],[126.904816,33.478779],[126.904228,33.479656],[126.903351,33.479656],[126.902763,33.47995],[126.903053,33.484058],[126.903641,33.484936],[126.903641,33.487576],[126.904228,33.487869],[126.905113,33.486992],[126.906578,33.486992],[126.907455,33.487869],[126.910095,33.487869],[126.91127,33.489044],[126.91127,33.489925],[126.910393,33.490803],[126.910393,33.491684],[126.909508,33.492565],[126.909508,33.494911],[126.912148,33.497551],[126.91127,33.498432],[126.91127,33.500778],[126.912148,33.501659],[126.912148,33.502537],[126.913033,33.503418],[126.912735,33.507526],[126.91156,33.508698],[126.910683,33.508698],[126.909508,33.509872],[126.909508,33.510754],[126.909218,33.511337],[126.907455,33.511337],[126.906578,33.512218],[126.905113,33.512218],[126.904228,33.511337],[126.901588,33.511337],[126.900711,33.511925],[126.900124,33.511925],[126.899536,33.512512],[126.899536,33.513393],[126.901299,33.514858],[126.901299,33.516621],[126.902176,33.517498],[126.902176,33.51926],[126.902466,33.519554],[126.905113,33.519554],[126.905403,33.519848],[126.905403,33.520725],[126.904816,33.521313],[126.899826,33.521313],[126.898659,33.522488],[126.898659,33.523365],[126.898361,33.523659],[126.897484,33.523659],[126.894257,33.52718],[126.893372,33.52718],[126.892494,33.527767],[126.88575,33.527767],[126.884865,33.52718],[126.8834,33.52718],[126.882812,33.527473],[126.882812,33.528355],[126.881638,33.529526],[126.878998,33.529526],[126.87841,33.530407],[126.870789,33.530407],[126.869026,33.528648],[126.868439,33.528648],[126.867561,33.529526],[126.866676,33.529526],[126.866096,33.529232],[126.866096,33.528355],[126.864922,33.52718],[126.864037,33.52718],[126.863159,33.526299],[126.861694,33.526299],[126.860809,33.525421],[126.859055,33.52718],[126.855827,33.52718],[126.854942,33.526299],[126.854652,33.526592],[126.854652,33.527473],[126.85553,33.528355],[126.85553,33.529819],[126.854942,33.530407],[126.853188,33.530407],[126.852013,33.531582],[126.852013,33.532459],[126.84996,33.534515],[126.849075,33.533634],[126.848198,33.533634],[126.84761,33.533047],[126.845856,33.534515],[126.842331,33.534515],[126.841743,33.533634],[126.841156,33.534222],[126.841156,33.53598],[126.840279,33.536568],[126.840569,33.537449],[126.839989,33.538033],[126.838226,33.537743],[126.837051,33.539207],[126.837051,33.540089],[126.836174,33.54097],[126.836174,33.541553],[126.835876,33.542141],[126.834122,33.542141],[126.833237,33.54126],[126.830894,33.54361],[126.830009,33.5439],[126.828835,33.545074],[126.828835,33.546539],[126.82708,33.548302],[126.82708,33.549183],[126.827957,33.55006],[126.827957,33.550941],[126.82708,33.551529],[126.82708,33.554169],[126.826195,33.55505],[126.826195,33.555634],[126.825027,33.557102],[126.824142,33.557102],[126.821503,33.559448],[126.820915,33.559448],[126.820038,33.560329],[126.81916,33.560329],[126.818275,33.561211],[126.817398,33.561211],[126.816521,33.562088],[126.813293,33.562088],[126.810944,33.559448],[126.810066,33.559448],[126.808594,33.558277],[126.808891,33.557396],[126.808304,33.557102],[126.807426,33.557983],[126.806541,33.557983],[126.805954,33.558861],[126.805077,33.558861],[126.804199,33.557983],[126.803314,33.558861],[126.802437,33.558861],[126.801552,33.557983],[126.800674,33.557983],[126.79921,33.556221],[126.797447,33.556221],[126.795395,33.558277],[126.795395,33.559155],[126.793343,33.561211],[126.792465,33.561211],[126.79158,33.562088],[126.789238,33.562088],[126.788353,33.562969],[126.785713,33.562969],[126.784538,33.564144],[126.784538,33.565022],[126.784248,33.565315],[126.780724,33.565315],[126.779846,33.564728],[126.777496,33.564438],[126.776619,33.56385],[126.775742,33.56385],[126.774567,33.565022],[126.774567,33.565903],[126.774277,33.566196],[126.764885,33.566196],[126.764008,33.567078],[126.762543,33.567078],[126.761955,33.566784],[126.761955,33.565903],[126.761368,33.565022],[126.761368,33.564144],[126.760483,33.563263],[126.760483,33.561501],[126.761368,33.560917],[126.761368,33.560036],[126.759895,33.558861],[126.757553,33.558861],[126.756676,33.557983],[126.755791,33.557983],[126.754913,33.558861],[126.754028,33.558861],[126.753448,33.559448],[126.752563,33.559448],[126.751686,33.558861],[126.750809,33.558861],[126.750511,33.559155],[126.750511,33.560036],[126.749924,33.560329],[126.749046,33.559448],[126.748161,33.559448],[126.747581,33.558861],[126.744057,33.558861],[126.743767,33.558277],[126.743767,33.557396],[126.743179,33.557102],[126.742592,33.557983],[126.734085,33.557983],[126.733788,33.558277],[126.733788,33.559155],[126.73262,33.560329],[126.725868,33.560329],[126.723228,33.557983],[126.718246,33.557983],[126.717072,33.556808],[126.717072,33.555927],[126.716774,33.555344],[126.70766723,33.555344],[126.70764915,33.555344],[126.72030443,33.61343421],[126.75103893,33.75451161],[126.75214945,33.75695536],[126.75227421,33.7572299],[126.75227437,33.75723026],[126.75229197,33.75723089],[126.75626408,33.75737351],[126.76042975,33.75754845],[126.82966703,33.76037863],[126.93232323,33.7279173],[126.97880646,33.71321866],[127.09300806,33.64624145],[127.09324147,33.64610456],[127.13091679,33.5931151]],[[126.952637,33.525421],[126.950874,33.523659],[126.949112,33.523659],[126.948235,33.52454],[126.94735,33.52454],[126.94706,33.524246],[126.94706,33.520725],[126.947647,33.520432],[126.948235,33.520432],[126.949112,33.519554],[126.949989,33.519554],[126.950287,33.51926],[126.949989,33.518673],[126.948235,33.518673],[126.947937,33.518379],[126.947937,33.515739],[126.94735,33.515446],[126.94677,33.515446],[126.946182,33.514858],[126.946182,33.514271],[126.945885,33.513687],[126.944122,33.513687],[126.943832,33.513393],[126.943832,33.512512],[126.942955,33.511631],[126.942955,33.509285],[126.942368,33.508698],[126.941483,33.508698],[126.940315,33.507526],[126.940315,33.505764],[126.939728,33.504887],[126.939728,33.504005],[126.940315,33.503418],[126.940315,33.501659],[126.94207,33.499897],[126.94207,33.498432],[126.942955,33.497551],[126.942955,33.494911],[126.944122,33.493736],[126.945885,33.493736],[126.94677,33.492859],[126.94735,33.492859],[126.948235,33.493736],[126.950874,33.49139],[126.954979,33.49139],[126.955856,33.491978],[126.957619,33.491978],[126.958206,33.492859],[126.959671,33.491684],[126.959671,33.490803],[126.960846,33.489632],[126.965836,33.489632],[126.966125,33.489925],[126.966125,33.490803],[126.96701,33.491684],[126.96701,33.49667],[126.96759,33.496964],[126.968178,33.496964],[126.96965,33.498432],[126.96965,33.501659],[126.969063,33.501953],[126.968178,33.501953],[126.96701,33.503418],[126.96701,33.504887],[126.966125,33.505764],[126.966125,33.510754],[126.965248,33.511631],[126.965248,33.512512],[126.963486,33.514565],[126.960846,33.514565],[126.959969,33.513687],[126.959084,33.513687],[126.957916,33.514858],[126.957916,33.516621],[126.958206,33.517204],[126.959969,33.516914],[126.960556,33.517498],[126.960258,33.518379],[126.961143,33.51926],[126.959969,33.520432],[126.959084,33.520432],[126.957916,33.521606],[126.957916,33.522488],[126.957619,33.522781],[126.956741,33.522781],[126.954102,33.525421],[126.952637,33.525421]]]]},"geometry_name":"the_geom","properties":{"id":"Shp_WRN_POLY.39","BLN_Flag":"1","Id_1":"","LAYER":"","STD_ID1":"","WarnCode":"S1323200","ZLEVEL":"","name":"제주도동부앞바다","STN_IDX":40102,"fct_zone_i":"12B10301"}},{"type":"Feature","id":"shp_wrn_poly.40","geometry":{"type":"MultiPolygon","coordinates":[[[[126.7762388,33.29916807],[126.92034654,33.1288346],[126.92685011,33.12083755],[126.87232027,33.09868147],[126.83996699,33.08964809],[126.75862915,33.06693773],[126.56498961,33.0265046],[126.55024079,33.02452375],[126.39359058,33.00348473],[126.34736293,32.9972761],[126.29482711,32.99226138],[126.29444981,32.99222537],[126.29444266,32.99222468],[126.2944379,32.99222423],[126.29443784,32.9922252],[126.29426144,33.19725972],[126.29464,33.197449],[126.29464,33.200089],[126.293762,33.200676],[126.293762,33.202438],[126.292877,33.203316],[126.292877,33.204197],[126.292587,33.204491],[126.291702,33.204491],[126.291122,33.205078],[126.291122,33.205666],[126.290237,33.206543],[126.291122,33.207424],[126.291122,33.211533],[126.29464,33.21505],[126.29464,33.216812],[126.293762,33.2174],[126.29464,33.218277],[126.29464,33.219158],[126.295517,33.220039],[126.295227,33.220917],[126.296989,33.222385],[126.296989,33.223267],[126.299629,33.225906],[126.299629,33.226784],[126.299919,33.227077],[126.300797,33.227077],[126.302559,33.22884],[126.303436,33.22884],[126.304024,33.229717],[126.307549,33.229424],[126.309601,33.231773],[126.309601,33.232361],[126.310776,33.233826],[126.314293,33.233826],[126.31459,33.234119],[126.31459,33.235878],[126.315468,33.236759],[126.315468,33.237347],[126.318398,33.24028],[126.324265,33.24028],[126.325737,33.242039],[126.330719,33.242039],[126.334831,33.237934],[126.335709,33.237934],[126.336586,33.237053],[126.340698,33.237053],[126.341576,33.237934],[126.343338,33.237934],[126.344215,33.237053],[126.344803,33.237053],[126.34568,33.236172],[126.346565,33.236172],[126.347443,33.235291],[126.35067,33.235291],[126.351547,33.236172],[126.355072,33.236172],[126.355949,33.237053],[126.358299,33.237053],[126.359177,33.236172],[126.360641,33.236172],[126.362404,33.234707],[126.363281,33.234413],[126.365044,33.232944],[126.365631,33.232944],[126.366508,33.232063],[126.370033,33.232063],[126.371498,33.233826],[126.372375,33.233826],[126.37326,33.234707],[126.375015,33.234413],[126.376488,33.232944],[126.377365,33.232944],[126.37883,33.234119],[126.37883,33.235001],[126.380005,33.236172],[126.380882,33.236172],[126.381767,33.235291],[126.382355,33.235291],[126.383232,33.236172],[126.384995,33.236172],[126.385872,33.237053],[126.386749,33.237053],[126.387634,33.237934],[126.388222,33.237934],[126.389099,33.238811],[126.389977,33.238811],[126.390862,33.239693],[126.392616,33.239693],[126.393204,33.240574],[126.394089,33.24028],[126.394966,33.241158],[126.395844,33.241158],[126.396729,33.242039],[126.398193,33.242039],[126.399071,33.24292],[126.400833,33.24292],[126.402298,33.244678],[126.403183,33.243801],[126.40406,33.243801],[126.404938,33.244678],[126.4067,33.244678],[126.407578,33.24556],[126.412567,33.24556],[126.413155,33.244678],[126.414917,33.244678],[126.415794,33.243801],[126.416672,33.243801],[126.422539,33.237934],[126.424889,33.237934],[126.425766,33.237053],[126.427528,33.237053],[126.428406,33.236172],[126.429878,33.236172],[126.430756,33.235291],[126.432518,33.235291],[126.434273,33.237053],[126.43486,33.237053],[126.436623,33.238811],[126.443367,33.238811],[126.445129,33.24028],[126.445717,33.24028],[126.446594,33.241158],[126.448357,33.241158],[126.449234,33.242039],[126.450119,33.242039],[126.450996,33.24292],[126.451584,33.242039],[126.452461,33.242039],[126.453346,33.241158],[126.455101,33.241158],[126.455688,33.242039],[126.457451,33.24028],[126.458328,33.24028],[126.458626,33.239986],[126.458626,33.239105],[126.460381,33.237347],[126.460381,33.235001],[126.461266,33.234119],[126.461266,33.232361],[126.461555,33.232063],[126.46244,33.232063],[126.463318,33.231186],[126.46508,33.231186],[126.465668,33.230305],[126.466545,33.230305],[126.467133,33.230011],[126.467133,33.229134],[126.468307,33.227959],[126.473289,33.227959],[126.474174,33.22884],[126.477402,33.22884],[126.478279,33.227959],[126.482384,33.227959],[126.483269,33.22884],[126.484146,33.22884],[126.486786,33.231186],[126.488251,33.231186],[126.489136,33.232063],[126.490891,33.232063],[126.491776,33.231186],[126.492363,33.231186],[126.49324,33.232063],[126.494118,33.232063],[126.495003,33.232944],[126.496758,33.232944],[126.497055,33.232361],[126.497055,33.230892],[126.497345,33.230305],[126.49823,33.230305],[126.499107,33.231186],[126.503212,33.231186],[126.504097,33.230305],[126.505852,33.230305],[126.506737,33.231186],[126.509079,33.231186],[126.513191,33.235291],[126.514069,33.235291],[126.515533,33.236759],[126.515533,33.23764],[126.515831,33.237934],[126.518173,33.237934],[126.518761,33.238228],[126.518761,33.239105],[126.519646,33.239986],[126.519646,33.240868],[126.520813,33.242039],[126.522575,33.242039],[126.523453,33.241158],[126.524925,33.241158],[126.525803,33.24028],[126.527565,33.24028],[126.528152,33.239693],[126.530792,33.239693],[126.53167,33.24028],[126.533432,33.24028],[126.534309,33.241158],[126.535774,33.241158],[126.536659,33.242039],[126.538414,33.242039],[126.539001,33.241158],[126.539886,33.241158],[126.541641,33.239693],[126.544281,33.239693],[126.544579,33.239105],[126.544579,33.238228],[126.544868,33.237934],[126.546631,33.237934],[126.546921,33.238228],[126.546921,33.239105],[126.547806,33.239986],[126.547806,33.240868],[126.548393,33.241158],[126.549858,33.241158],[126.550735,33.24028],[126.55162,33.24028],[126.552498,33.239693],[126.556602,33.239693],[126.557777,33.240868],[126.557777,33.241745],[126.559242,33.24292],[126.55954,33.242626],[126.55954,33.241745],[126.560715,33.24028],[126.565109,33.24028],[126.569221,33.244678],[126.577431,33.244678],[126.578316,33.243801],[126.579193,33.243801],[126.58007,33.24292],[126.580956,33.243801],[126.58242,33.243801],[126.583298,33.244678],[126.58506,33.244385],[126.585938,33.243801],[126.586525,33.243801],[126.587112,33.243214],[126.587112,33.242332],[126.58799,33.241745],[126.58799,33.240868],[126.588577,33.239986],[126.588875,33.239105],[126.589165,33.238811],[126.59005,33.238811],[126.591515,33.237053],[126.592392,33.237053],[126.593277,33.236172],[126.594154,33.236172],[126.595032,33.237053],[126.598259,33.237053],[126.599144,33.237934],[126.603249,33.237934],[126.604126,33.238811],[126.605011,33.238811],[126.605888,33.239693],[126.607651,33.239693],[126.608238,33.24028],[126.612343,33.24028],[126.61322,33.241158],[126.614105,33.241158],[126.614983,33.242039],[126.61586,33.242039],[126.616745,33.24292],[126.617332,33.24292],[126.617912,33.243214],[126.617912,33.247612],[126.618797,33.248199],[126.618797,33.249081],[126.619087,33.249668],[126.62085,33.249668],[126.622612,33.251133],[126.626717,33.251133],[126.627007,33.25172],[126.627007,33.253185],[126.628181,33.254654],[126.629944,33.254654],[126.630821,33.255535],[126.631706,33.255535],[126.632874,33.256706],[126.632874,33.257587],[126.633171,33.257881],[126.637573,33.257881],[126.638161,33.258762],[126.639038,33.258762],[126.639626,33.259052],[126.639626,33.259933],[126.640503,33.260815],[126.639626,33.261696],[126.639626,33.262573],[126.639328,33.262867],[126.638451,33.262867],[126.637863,33.263161],[126.638451,33.263748],[126.641678,33.263748],[126.641968,33.264042],[126.641968,33.264919],[126.644028,33.266975],[126.644905,33.266975],[126.645782,33.267857],[126.649895,33.267857],[126.650772,33.268734],[126.652534,33.268734],[126.653412,33.269615],[126.658401,33.269615],[126.658691,33.269909],[126.657814,33.270786],[126.657814,33.27343],[126.658401,33.273724],[126.659279,33.273724],[126.660744,33.271961],[126.661629,33.271961],[126.662506,33.271084],[126.66925,33.271084],[126.669838,33.270496],[126.6716,33.270496],[126.672478,33.269615],[126.673363,33.269615],[126.675117,33.267857],[126.675705,33.267857],[126.67659,33.268734],[126.677467,33.268734],[126.67923,33.270496],[126.684212,33.270496],[126.685097,33.269615],[126.688324,33.269615],[126.689201,33.270496],[126.695068,33.270496],[126.695946,33.271084],[126.698296,33.271374],[126.699173,33.271961],[126.701523,33.271961],[126.7024,33.272842],[126.704163,33.272842],[126.70504,33.273724],[126.708267,33.273724],[126.709152,33.274601],[126.710907,33.274601],[126.711792,33.275482],[126.712379,33.275482],[126.713257,33.276363],[126.714134,33.276363],[126.715019,33.275482],[126.715897,33.275482],[126.716484,33.276363],[126.717361,33.276363],[126.718246,33.276951],[126.719124,33.276951],[126.720001,33.276363],[126.722351,33.276363],[126.724991,33.278709],[126.72998,33.278709],[126.730858,33.279591],[126.731735,33.279591],[126.732033,33.279881],[126.732033,33.280762],[126.732323,33.281349],[126.734085,33.281349],[126.735847,33.279591],[126.736725,33.280468],[126.73819,33.280468],[126.739075,33.279591],[126.739952,33.279591],[126.740829,33.278709],[126.741714,33.279591],[126.743179,33.279591],[126.744942,33.281055],[126.745819,33.281349],[126.747581,33.282818],[126.748161,33.282818],[126.749046,33.283695],[126.749924,33.283695],[126.750221,33.284283],[126.750511,33.28487],[126.749634,33.285748],[126.749634,33.28751],[126.749924,33.287804],[126.754913,33.287804],[126.75843,33.291325],[126.759018,33.291325],[126.759895,33.292202],[126.761658,33.292202],[126.762543,33.292789],[126.76342,33.292789],[126.76371,33.293377],[126.76371,33.294842],[126.764595,33.295723],[126.764595,33.297485],[126.765472,33.298363],[126.765472,33.299244],[126.766647,33.300419],[126.767525,33.300419],[126.76841,33.301296],[126.771629,33.301296],[126.772514,33.302177],[126.773392,33.302177],[126.77361976,33.30240246],[126.773689,33.302471],[126.773689,33.30423],[126.774567,33.305111],[126.774567,33.305698],[126.77485332,33.30627855],[126.77568662,33.3013329],[126.77618872,33.29936443],[126.7762388,33.29916807]]]]},"geometry_name":"the_geom","properties":{"id":"Shp_WRN_POLY.40","BLN_Flag":"1","Id_1":"","LAYER":"","STD_ID1":"","WarnCode":"S1323300","ZLEVEL":"","name":"제주도남부앞바다","STN_IDX":40103,"fct_zone_i":"12B10303"}},{"type":"Feature","id":"shp_wrn_poly.41","geometry":{"type":"MultiPolygon","coordinates":[[[[126.291702,33.446213],[126.290825,33.445335],[126.287598,33.445335],[126.28672,33.446213],[126.284081,33.446213],[126.282616,33.444454],[126.277328,33.444454],[126.276161,33.443279],[126.276161,33.442402],[126.275276,33.441521],[126.275276,33.439175],[126.274689,33.438293],[126.274399,33.437412],[126.274101,33.437119],[126.273224,33.438],[126.272346,33.438],[126.271759,33.438881],[126.269997,33.438587],[126.268234,33.437119],[126.265007,33.437119],[126.26413,33.436241],[126.26178,33.436241],[126.2612,33.435947],[126.2612,33.435066],[126.262077,33.434189],[126.262077,33.431839],[126.262955,33.430962],[126.262955,33.429199],[126.26384,33.428322],[126.26384,33.426559],[126.262955,33.425678],[126.262955,33.425095],[126.2612,33.423332],[126.262077,33.422451],[126.262077,33.420692],[126.2612,33.420105],[126.2612,33.419228],[126.260315,33.418346],[126.260315,33.416584],[126.25885,33.415119],[126.25885,33.414238],[126.255035,33.410423],[126.253273,33.410423],[126.251221,33.408371],[126.251221,33.40749],[126.250633,33.4072],[126.250046,33.4072],[126.248878,33.405731],[126.248878,33.403385],[126.247406,33.401917],[126.244179,33.40221],[126.240074,33.397812],[126.239197,33.397812],[126.236557,33.395466],[126.235672,33.395466],[126.23333,33.392822],[126.232445,33.392822],[126.231567,33.391945],[126.229218,33.391945],[126.22834,33.392822],[126.2257,33.392822],[126.225113,33.391945],[126.222473,33.391945],[126.222183,33.391651],[126.222183,33.39077],[126.221298,33.389889],[126.221298,33.389301],[126.219246,33.386955],[126.218369,33.386955],[126.215729,33.384609],[126.214844,33.384609],[126.213676,33.383434],[126.213676,33.380795],[126.214554,33.379917],[126.214554,33.379036],[126.213379,33.377865],[126.212502,33.377865],[126.211617,33.376984],[126.210739,33.376984],[126.209862,33.376396],[126.208389,33.376102],[126.207512,33.375515],[126.20575,33.375221],[126.20546,33.374928],[126.20546,33.37405],[126.203697,33.372581],[126.203697,33.3717],[126.203407,33.371117],[126.202522,33.371117],[126.198418,33.367008],[126.195778,33.367008],[126.194901,33.366127],[126.193436,33.366421],[126.191673,33.364662],[126.189911,33.364662],[126.187569,33.362022],[126.186684,33.362022],[126.185806,33.361141],[126.182579,33.361141],[126.180229,33.359089],[126.180527,33.358208],[126.181114,33.357327],[126.180527,33.356743],[126.180527,33.349995],[126.179642,33.349113],[126.179642,33.348232],[126.179054,33.347939],[126.178474,33.347939],[126.175835,33.345299],[126.17495,33.345299],[126.174072,33.344715],[126.171722,33.344421],[126.170845,33.343834],[126.16674,33.343834],[126.165268,33.342365],[126.165268,33.3409],[126.166153,33.340019],[126.165268,33.339142],[126.165268,33.338261],[126.164978,33.337967],[126.162628,33.337967],[126.162041,33.337379],[126.162926,33.336792],[126.162926,33.335033],[126.165268,33.332394],[126.165268,33.330925],[126.164978,33.330338],[126.164093,33.330338],[126.163216,33.32946],[126.162628,33.32946],[126.162041,33.329166],[126.162041,33.326527],[126.164093,33.324471],[126.16674,33.324471],[126.16703,33.324181],[126.16703,33.323299],[126.166153,33.322418],[126.166153,33.321831],[126.168793,33.319191],[126.168793,33.318314],[126.166153,33.315964],[126.166153,33.312447],[126.165268,33.311565],[126.165268,33.310978],[126.164978,33.31039],[126.164093,33.31039],[126.163803,33.310097],[126.163803,33.30658],[126.16468,33.305698],[126.164391,33.305111],[126.165268,33.30423],[126.165268,33.303352],[126.166153,33.302471],[126.166153,33.30159],[126.16703,33.300709],[126.16703,33.299244],[126.16674,33.298656],[126.165855,33.298656],[126.164093,33.297192],[126.163216,33.297192],[126.161163,33.295135],[126.161163,33.290737],[126.162041,33.289856],[126.162041,33.288391],[126.164978,33.285458],[126.165855,33.285458],[126.16674,33.284576],[126.167618,33.284576],[126.168793,33.283401],[126.168793,33.281643],[126.170258,33.279881],[126.170258,33.278416],[126.171135,33.277534],[126.171135,33.275776],[126.17202,33.274895],[126.17202,33.274014],[126.172897,33.273136],[126.172897,33.272549],[126.173187,33.271961],[126.174072,33.271961],[126.175835,33.270496],[126.176712,33.270496],[126.179642,33.267563],[126.179642,33.2658],[126.180527,33.264919],[126.180527,33.264042],[126.181114,33.263161],[126.181114,33.262573],[126.182869,33.260815],[126.182869,33.259933],[126.183167,33.25964],[126.184044,33.25964],[126.185806,33.257881],[126.187569,33.257881],[126.188446,33.257],[126.189034,33.257],[126.189911,33.256413],[126.190788,33.256123],[126.193436,33.253773],[126.194313,33.253773],[126.196655,33.251133],[126.19754,33.251133],[126.199005,33.249668],[126.199883,33.249668],[126.201645,33.247906],[126.202522,33.247906],[126.20311,33.247028],[126.204285,33.247028],[126.204872,33.246147],[126.206635,33.246147],[126.208389,33.244678],[126.210152,33.244678],[126.210739,33.243801],[126.216606,33.243801],[126.217484,33.24292],[126.220711,33.24292],[126.222473,33.241158],[126.227463,33.241158],[126.22805,33.240868],[126.22805,33.239105],[126.229805,33.237053],[126.231567,33.237053],[126.232445,33.236172],[126.234207,33.236172],[126.235382,33.235001],[126.235382,33.233238],[126.236259,33.232361],[126.236259,33.231773],[126.238312,33.229717],[126.239197,33.229424],[126.239487,33.229134],[126.239487,33.227371],[126.240372,33.226784],[126.240372,33.225025],[126.243301,33.222092],[126.244179,33.222092],[126.245064,33.22121],[126.249168,33.22121],[126.250046,33.220329],[126.250931,33.220329],[126.251221,33.220039],[126.251221,33.2174],[126.252106,33.216812],[126.252106,33.213291],[126.253273,33.212116],[126.254158,33.212116],[126.255035,33.211239],[126.255913,33.211239],[126.256798,33.210358],[126.257385,33.211239],[126.260902,33.211239],[126.26178,33.210358],[126.262367,33.210358],[126.26384,33.209183],[126.26384,33.207424],[126.262955,33.206543],[126.262955,33.205078],[126.262077,33.204197],[126.262077,33.203316],[126.2612,33.202438],[126.2612,33.200089],[126.26178,33.199505],[126.262665,33.199505],[126.265007,33.197155],[126.265892,33.197155],[126.266769,33.196278],[126.267357,33.196278],[126.268234,33.195396],[126.269997,33.195396],[126.270874,33.194515],[126.271759,33.195396],[126.272346,33.195396],[126.273224,33.196278],[126.274101,33.196278],[126.274399,33.196571],[126.274689,33.197449],[126.274986,33.197742],[126.275864,33.197742],[126.278214,33.200382],[126.279968,33.200382],[126.280853,33.201263],[126.281731,33.201263],[126.282616,33.200382],[126.284081,33.200382],[126.285545,33.199211],[126.285255,33.197449],[126.287308,33.195396],[126.290825,33.195396],[126.291702,33.196278],[126.292587,33.196278],[126.293175,33.197155],[126.294052,33.197155],[126.29426144,33.19725972],[126.29444981,32.99222537],[126.29445017,32.99221989],[126.29444554,32.99222042],[126.29394955,32.9922773],[126.15447191,33.00715931],[126.06920718,33.06625217],[125.99753371,33.11882141],[125.99679216,33.1198134],[125.94008397,33.19567343],[125.91726736,33.33678159],[125.91720214,33.33718496],[125.91714862,33.33751598],[125.91714161,33.33755931],[125.91711339,33.33773385],[125.91828879,33.34393989],[125.92161973,33.35882369],[125.92983875,33.3955491],[125.98446232,33.47373586],[126.04884248,33.52709547],[126.09694035,33.56864601],[126.13979635,33.60566824],[126.141228,33.60690501],[126.14125661,33.60692972],[126.14511468,33.60861519],[126.15234167,33.61177242],[126.19747932,33.63152827],[126.19748053,33.63152599],[126.29502782,33.447094],[126.29501361,33.447094],[126.293465,33.447094],[126.292587,33.446213],[126.291702,33.446213]],[[126.262955,33.169872],[126.265007,33.16782],[126.265892,33.16782],[126.266182,33.167526],[126.266182,33.165768],[126.266769,33.165474],[126.267357,33.165474],[126.268234,33.164593],[126.270874,33.164593],[126.274101,33.16782],[126.276741,33.16782],[126.277626,33.166943],[126.278214,33.166943],[126.278801,33.167526],[126.278801,33.168407],[126.279678,33.168995],[126.279678,33.169872],[126.278214,33.171341],[126.277626,33.171341],[126.276741,33.171928],[126.275864,33.172222],[126.275276,33.172516],[126.275276,33.173393],[126.274689,33.174274],[126.274399,33.174862],[126.273224,33.176327],[126.269119,33.176327],[126.268234,33.175449],[126.267357,33.175449],[126.265892,33.173687],[126.265007,33.173687],[126.262955,33.171635],[126.262955,33.169872]]]]},"geometry_name":"the_geom","properties":{"id":"Shp_WRN_POLY.41","BLN_Flag":"1","Id_1":"","LAYER":"","STD_ID1":"","WarnCode":"S1323400","ZLEVEL":"","name":"제주도서부앞바다","STN_IDX":40104,"fct_zone_i":"12B10304"}},{"type":"Feature","id":"shp_wrn_poly.42","geometry":{"type":"MultiPolygon","coordinates":[[[[126.87451842,32.39087662],[126.29643794,32.25526909],[126.29643775,32.25533861],[126.29643746,32.25544587],[126.29444241,32.99221766],[126.29444554,32.99221802],[126.29482711,32.99226138],[126.39359058,33.00348473],[126.42865659,33.00746959],[126.54507636,33.02344849],[126.55024079,33.02452375],[126.6995493,33.0556103],[126.83996699,33.08964809],[126.8696768,33.09684987],[126.95179684,33.13074238],[126.99318525,33.14782417],[127.00607675,33.16200948],[127.14679537,33.31685092],[127.15566239,33.32660786],[127.15593983,33.32691315],[127.15825824,33.33320845],[127.51141187,33.46229686],[127.83329955,33.5799566],[127.83333331,33.57996894],[127.83336465,33.5799804],[127.83333962,33.18886178],[127.83330295,32.61579064],[126.87451842,32.39087662]]]]},"geometry_name":"the_geom","properties":{"id":"Shp_WRN_POLY.42","BLN_Flag":"1","Id_1":"","LAYER":"","STD_ID1":"","WarnCode":"S1324110","ZLEVEL":"","name":"제주도남동쪽안쪽먼바다","STN_IDX":402,"fct_zone_i":"12B10412"}},{"type":"Feature","id":"shp_wrn_poly.43","geometry":{"type":"MultiPolygon","coordinates":[[[[126.29643775,32.25533861],[126.29651631,32.25529609],[126.87451842,32.39087662],[127.83333052,32.61578282],[127.83335108,32.60819669],[127.83771473,30.99801632],[127.83772697,30.9935],[126.57283264,30.9935],[122.71936321,31.00424387],[122.72289761,32.3396713],[124.49777773,33.22895963],[126.29643775,32.25533861]]]]},"geometry_name":"the_geom","properties":{"id":"Shp_WRN_POLY.43","BLN_Flag":"1","Id_1":"","LAYER":"","STD_ID1":"","WarnCode":"S1324020","ZLEVEL":"","name":"제주도 남쪽 바깥먼바다","STN_IDX":403,"fct_zone_i":"12B10420"}},{"type":"Feature","id":"shp_wrn_poly.44","geometry":{"type":"MultiPolygon","coordinates":[[[[130.67398705,30.99801632],[130.66832321,30.99801632],[130.668833,30.99825],[130.668861,30.999111],[130.667889,31.007472],[130.672472,31.009611],[130.67382526,31.00887554],[130.67398705,30.99801632]]],[[[129.57181722,33.34486538],[129.574583,33.331639],[129.565,33.334583],[129.560389,33.331639],[129.562083,33.324111],[129.574611,33.313306],[129.578333,33.302056],[129.582944,33.304167],[129.582528,33.31125],[129.585806,33.305389],[129.593333,33.305417],[129.5975,33.31125],[129.610833,33.316222],[129.611639,33.312889],[129.619528,33.310806],[129.616667,33.30875],[129.606694,33.312917],[129.590861,33.29375],[129.589167,33.296222],[129.584583,33.294972],[129.582889,33.29],[129.588722,33.285],[129.589194,33.272917],[129.582556,33.272889],[129.580056,33.267056],[129.578333,33.281194],[129.572083,33.273333],[129.573694,33.270806],[129.570778,33.272083],[129.565472,33.268333],[129.57625,33.263361],[129.568333,33.263722],[129.563361,33.25625],[129.559611,33.255806],[129.559639,33.250833],[129.565,33.252056],[129.565389,33.249139],[129.56,33.249556],[129.557056,33.246667],[129.559139,33.243722],[129.552056,33.2425],[129.562444,33.239583],[129.566639,33.244556],[129.567972,33.231667],[129.563361,33.22875],[129.563722,33.233333],[129.55875,33.234972],[129.559167,33.237889],[129.554194,33.23625],[129.554556,33.230806],[129.560417,33.2275],[129.552917,33.217472],[129.559167,33.214556],[129.565,33.220389],[129.576194,33.213333],[129.576667,33.207056],[129.580389,33.209139],[129.577917,33.215],[129.5825,33.21625],[129.585,33.21125],[129.5975,33.209583],[129.603722,33.213333],[129.605,33.221222],[129.616694,33.226222],[129.606222,33.220833],[129.605444,33.212528],[129.595361,33.206611],[129.596222,33.201639],[129.609139,33.206194],[129.609167,33.20375],[129.616667,33.202889],[129.620861,33.215417],[129.621222,33.200806],[129.615833,33.200389],[129.615389,33.196667],[129.621639,33.194556],[129.623361,33.190444],[129.628333,33.190417],[129.639583,33.199167],[129.640417,33.212528],[129.636222,33.223306],[129.638361,33.224556],[129.644556,33.208306],[129.64875,33.2075],[129.644528,33.203333],[129.645361,33.195833],[129.649167,33.192889],[129.650806,33.195389],[129.655361,33.193306],[129.652111,33.192528],[129.651639,33.18875],[129.645833,33.194556],[129.643694,33.192444],[129.649528,33.188306],[129.649167,33.185389],[129.655417,33.185],[129.649139,33.18125],[129.644167,33.182083],[129.642889,33.175778],[129.637944,33.174167],[129.635444,33.167472],[129.65,33.17375],[129.65,33.168722],[129.661694,33.171222],[129.665417,33.1775],[129.664194,33.184556],[129.66625,33.174111],[129.659583,33.168306],[129.667056,33.165],[129.664583,33.160833],[129.669194,33.162889],[129.675861,33.157917],[129.674556,33.164972],[129.68,33.164583],[129.678778,33.150806],[129.68375,33.148306],[129.68125,33.145806],[129.698722,33.138306],[129.689167,33.137056],[129.684167,33.141194],[129.680806,33.127083],[129.676694,33.131222],[129.665806,33.127028],[129.657917,33.136639],[129.659583,33.116639],[129.665361,33.110833],[129.666694,33.102056],[129.674528,33.107528],[129.674139,33.11875],[129.682472,33.114583],[129.6925,33.117056],[129.700833,33.113722],[129.712917,33.115778],[129.710778,33.12125],[129.702083,33.124139],[129.710778,33.122889],[129.712083,33.133306],[129.71125,33.139972],[129.706278,33.142444],[129.708778,33.151667],[129.700417,33.160806],[129.701667,33.162861],[129.708361,33.159556],[129.709139,33.164556],[129.714972,33.160389],[129.714972,33.166222],[129.719139,33.162083],[129.724111,33.162917],[129.724556,33.158333],[129.728778,33.1575],[129.722083,33.154167],[129.722889,33.148306],[129.727972,33.147472],[129.720389,33.141639],[129.720861,33.13625],[129.727028,33.136667],[129.726694,33.12625],[129.737528,33.125389],[129.732917,33.1325],[129.734139,33.137083],[129.741611,33.132056],[129.751611,33.14375],[129.76,33.138694],[129.769111,33.146194],[129.779972,33.143722],[129.782472,33.14625],[129.785,33.14125],[129.768278,33.14375],[129.75875,33.135778],[129.758306,33.131278],[129.765806,33.131222],[129.772917,33.127444],[129.758333,33.12875],[129.761222,33.1225],[129.757472,33.114611],[129.751639,33.126222],[129.745444,33.125],[129.742944,33.116639],[129.751222,33.108333],[129.751639,33.100389],[129.746667,33.099556],[129.731694,33.105361],[129.728722,33.103333],[129.736194,33.084139],[129.7425,33.077917],[129.747472,33.082083],[129.750417,33.076667],[129.74125,33.074139],[129.744556,33.068278],[129.742056,33.062472],[129.758278,33.06375],[129.755444,33.056639],[129.762444,33.050361],[129.768806,33.050833],[129.765417,33.0575],[129.769167,33.060417],[129.782111,33.060833],[129.778278,33.067056],[129.772083,33.066639],[129.771611,33.07375],[129.765056,33.074583],[129.759556,33.080806],[129.759556,33.0875],[129.763722,33.088333],[129.764611,33.0975],[129.769139,33.100389],[129.768778,33.0875],[129.765833,33.088722],[129.762111,33.0825],[129.766667,33.076222],[129.770028,33.074556],[129.772528,33.079583],[129.774167,33.075389],[129.778333,33.075417],[129.784139,33.082889],[129.789222,33.084556],[129.7925,33.082083],[129.796667,33.08875],[129.795389,33.082472],[129.799139,33.077056],[129.803667,33.076694],[129.800389,33.072472],[129.804583,33.070833],[129.798306,33.069556],[129.798278,33.065389],[129.813361,33.067917],[129.818306,33.06125],[129.822056,33.062472],[129.82,33.066278],[129.824944,33.066222],[129.826639,33.062917],[129.83625,33.059972],[129.825861,33.054556],[129.82125,33.048333],[129.819611,33.040833],[129.824139,33.035361],[129.832917,33.038333],[129.839972,33.055361],[129.844944,33.046222],[129.854972,33.060417],[129.874111,33.063722],[129.8925,33.056194],[129.901222,33.0475],[129.902917,33.040833],[129.911694,33.038722],[129.916667,33.031222],[129.924167,33.032083],[129.943778,33.014194],[129.944556,32.997528],[129.950444,32.9875],[129.949972,32.984583],[129.943722,32.983333],[129.945472,32.98],[129.936278,32.9725],[129.936639,32.969583],[129.933361,32.972056],[129.928722,32.969972],[129.932139,32.964167],[129.927944,32.9425],[129.932056,32.926639],[129.930361,32.922472],[129.957944,32.902444],[129.950444,32.894139],[129.957028,32.894167],[129.956694,32.887861],[129.969944,32.889583],[129.972944,32.8875],[129.96375,32.881611],[129.964528,32.8725],[129.979944,32.866194],[129.983333,32.859583],[129.989139,32.85875],[129.993306,32.847889],[130.009611,32.846639],[130.003694,32.842472],[130.009972,32.83875],[129.994139,32.83625],[129.987556,32.841222],[129.985833,32.835389],[129.978333,32.837056],[129.980444,32.843333],[129.977917,32.846639],[129.973333,32.849583],[129.967444,32.847056],[129.959194,32.847917],[129.95875,32.855833],[129.952472,32.862917],[129.94,32.862028],[129.932472,32.857056],[129.929583,32.859139],[129.930806,32.866222],[129.924944,32.863694],[129.920833,32.867917],[129.915,32.866222],[129.912528,32.871222],[129.91,32.867861],[129.906278,32.875806],[129.899167,32.879583],[129.893278,32.867889],[129.888333,32.874556],[129.884528,32.874139],[129.881722,32.882056],[129.877861,32.879167],[129.878722,32.864139],[129.870417,32.860833],[129.869139,32.842056],[129.858722,32.846639],[129.862083,32.848333],[129.857917,32.850833],[129.860444,32.854139],[129.855444,32.856639],[129.855,32.860417],[129.851194,32.859972],[129.847861,32.8525],[129.852944,32.841639],[129.849194,32.83125],[129.841222,32.837472],[129.841667,32.842056],[129.8375,32.840361],[129.830806,32.847861],[129.825417,32.849167],[129.825444,32.856667],[129.814972,32.861194],[129.814222,32.864583],[129.800806,32.863694],[129.795861,32.872889],[129.79125,32.872472],[129.792944,32.868333],[129.789972,32.867028],[129.791222,32.885806],[129.796639,32.887889],[129.795417,32.879139],[129.801667,32.876222],[129.800417,32.880833],[129.80375,32.879139],[129.812111,32.893278],[129.810833,32.895417],[129.80625,32.894139],[129.806639,32.90875],[129.7925,32.907917],[129.79375,32.901667],[129.789194,32.905417],[129.789222,32.899556],[129.78375,32.906639],[129.786639,32.912083],[129.789972,32.910389],[129.795417,32.913333],[129.793361,32.917056],[129.787083,32.9175],[129.789556,32.926667],[129.78625,32.929139],[129.785389,32.945806],[129.789194,32.949583],[129.801306,32.952472],[129.797083,32.946667],[129.794583,32.932472],[129.8,32.937083],[129.801306,32.932472],[129.797889,32.928333],[129.800417,32.927444],[129.797083,32.924139],[129.804639,32.915861],[129.798306,32.91625],[129.797917,32.913306],[129.806667,32.91125],[129.817944,32.924194],[129.814611,32.930806],[129.81875,32.932472],[129.815389,32.935833],[129.818722,32.937472],[129.819556,32.944972],[129.817083,32.955806],[129.807861,32.960861],[129.811667,32.967056],[129.819167,32.967889],[129.819222,32.972861],[129.825444,32.969167],[129.82375,32.981639],[129.819194,32.985417],[129.813722,32.984972],[129.815361,32.994139],[129.810861,32.993722],[129.811667,32.99875],[129.804556,33],[129.800833,33.008722],[129.795,33.010417],[129.784972,33.007111],[129.778333,33.014583],[129.771639,33.014556],[129.764972,33.022056],[129.757056,33.017528],[129.757917,33.012472],[129.752889,33.007472],[129.75125,32.999167],[129.763361,32.99875],[129.764528,32.994972],[129.758306,32.997944],[129.760861,32.992083],[129.754972,32.997083],[129.750861,32.992889],[129.749583,33.005028],[129.745806,33.00625],[129.742917,32.992472],[129.745389,32.987472],[129.740833,32.987889],[129.741278,32.992472],[129.732917,32.996667],[129.742917,33],[129.741667,33.005417],[129.732917,33.009139],[129.741278,33.016639],[129.738306,33.017861],[129.735833,33.015417],[129.735417,33.017472],[129.747917,33.031667],[129.747861,33.038306],[129.753306,33.037889],[129.762917,33.048306],[129.746611,33.061222],[129.740389,33.058333],[129.742472,33.050417],[129.737528,33.054583],[129.736278,33.048278],[129.729972,33.047083],[129.733722,33.050833],[129.729528,33.053306],[129.731194,33.057472],[129.737528,33.060417],[129.738778,33.064944],[129.734556,33.066639],[129.73,33.077083],[129.717528,33.07125],[129.722889,33.08],[129.717472,33.082083],[129.713306,33.08875],[129.707861,33.088333],[129.709583,33.083333],[129.706639,33.082889],[129.702556,33.092083],[129.698278,33.089583],[129.682472,33.100444],[129.675806,33.097083],[129.674583,33.089139],[129.67875,33.088306],[129.676278,33.082472],[129.666667,33.082083],[129.662056,33.076667],[129.674167,33.078722],[129.672889,33.072472],[129.660361,33.070833],[129.675417,33.064972],[129.666667,33.064611],[129.662056,33.060861],[129.660833,33.042056],[129.647917,33.040833],[129.64875,33.0175],[129.655417,33.008306],[129.653722,33.005806],[129.659583,33.004167],[129.66125,32.996639],[129.654111,32.99875],[129.652944,32.987472],[129.649972,32.986222],[129.646611,32.98625],[129.641639,32.994583],[129.639167,32.98875],[129.63125,32.986667],[129.629583,32.979111],[129.626222,32.977472],[129.629583,32.96],[129.625417,32.956639],[129.630444,32.953333],[129.624583,32.951639],[129.629583,32.9475],[129.626222,32.945806],[129.630806,32.943722],[129.6375,32.947056],[129.639556,32.939139],[129.632056,32.924972],[129.637083,32.924139],[129.639139,32.917028],[129.643806,32.930028],[129.648306,32.930389],[129.655361,32.918333],[129.663722,32.917472],[129.658694,32.912472],[129.659583,32.907472],[129.66625,32.903333],[129.672889,32.884139],[129.681278,32.878333],[129.677056,32.869167],[129.684528,32.852472],[129.691639,32.842056],[129.70125,32.839139],[129.701667,32.828722],[129.713278,32.832889],[129.717889,32.831667],[129.719583,32.820833],[129.73125,32.814111],[129.732472,32.806194],[129.74125,32.804944],[129.748361,32.821222],[129.755,32.817083],[129.765778,32.823694],[129.770056,32.819556],[129.771611,32.823722],[129.783694,32.825833],[129.77875,32.824139],[129.765389,32.797472],[129.775889,32.796278],[129.781667,32.787056],[129.791222,32.785],[129.791639,32.776222],[129.802111,32.774167],[129.798306,32.767083],[129.79125,32.764944],[129.796667,32.757861],[129.808278,32.760361],[129.814583,32.756667],[129.803778,32.746667],[129.804111,32.742056],[129.815,32.738722],[129.825806,32.742056],[129.82625,32.737528],[129.83125,32.734167],[129.82625,32.729944],[129.828722,32.726667],[129.815028,32.717028],[129.820778,32.718694],[129.827444,32.714528],[129.832528,32.723722],[129.836667,32.719583],[129.839139,32.725417],[129.84125,32.719944],[129.844972,32.718722],[129.84625,32.724139],[129.856194,32.730833],[129.857111,32.739944],[129.86375,32.742472],[129.865806,32.748778],[129.868778,32.747472],[129.866278,32.745833],[129.867944,32.738333],[129.855444,32.725806],[129.858806,32.721667],[129.850444,32.72],[129.845417,32.709944],[129.847083,32.704167],[129.842028,32.702472],[129.841639,32.696222],[129.8375,32.698722],[129.832917,32.696639],[129.834139,32.689583],[129.827472,32.687917],[129.820444,32.694139],[129.826194,32.696667],[129.82625,32.703333],[129.830417,32.705806],[129.824944,32.707917],[129.817472,32.704583],[129.81875,32.7025],[129.805028,32.690389],[129.792444,32.694611],[129.78875,32.69],[129.79,32.685389],[129.792444,32.687056],[129.79375,32.682444],[129.800028,32.680417],[129.803333,32.675417],[129.80875,32.6775],[129.806639,32.682083],[129.816194,32.682472],[129.817972,32.6725],[129.814611,32.653278],[129.809167,32.655361],[129.805417,32.650806],[129.801278,32.639972],[129.790472,32.629139],[129.78875,32.613333],[129.778722,32.609167],[129.779944,32.603722],[129.765861,32.593722],[129.755,32.592083],[129.757056,32.587472],[129.754111,32.582056],[129.755389,32.5875],[129.749111,32.59125],[129.735417,32.58],[129.738306,32.567889],[129.744972,32.57375],[129.753333,32.572889],[129.754972,32.577861],[129.765028,32.58125],[129.774167,32.577917],[129.780833,32.569583],[129.783778,32.575806],[129.779611,32.5775],[129.779944,32.580417],[129.805806,32.588722],[129.837889,32.619167],[129.83625,32.630806],[129.839972,32.640389],[129.843361,32.637056],[129.851694,32.63625],[129.8625,32.642944],[129.8725,32.642917],[129.873333,32.649556],[129.884194,32.651194],[129.895833,32.660389],[129.897944,32.668278],[129.903722,32.672472],[129.903722,32.68],[129.915361,32.692444],[129.916222,32.700806],[129.911222,32.703306],[129.912056,32.710806],[129.920806,32.704556],[129.925806,32.706222],[129.929556,32.720806],[129.935,32.717056],[129.943778,32.725806],[129.942083,32.731667],[129.951667,32.734556],[129.956278,32.739167],[129.956306,32.747472],[129.946222,32.758333],[129.952917,32.76],[129.953306,32.76875],[129.958278,32.763722],[129.975,32.760389],[129.980833,32.762056],[129.990833,32.752889],[129.999139,32.762083],[130.005806,32.757056],[130.017528,32.759583],[130.025,32.757917],[130.032111,32.761639],[130.026667,32.766278],[130.038306,32.765361],[130.054972,32.779611],[130.066611,32.786222],[130.080833,32.789583],[130.083306,32.79375],[130.1025,32.792889],[130.126639,32.787056],[130.135,32.78875],[130.145028,32.795361],[130.154167,32.792889],[130.178333,32.79375],[130.193722,32.782472],[130.185417,32.775806],[130.188722,32.765806],[130.184139,32.765389],[130.18375,32.762472],[130.189944,32.761222],[130.195806,32.752917],[130.199167,32.752889],[130.2,32.756194],[130.206278,32.753333],[130.207889,32.739167],[130.203778,32.727472],[130.196667,32.717917],[130.187917,32.715],[130.184167,32.707083],[130.170833,32.702056],[130.167944,32.699167],[130.169194,32.693694],[130.159139,32.69375],[130.154972,32.682889],[130.143333,32.681222],[130.1425,32.678722],[130.133306,32.682056],[130.128333,32.689556],[130.125389,32.688333],[130.126278,32.682472],[130.131222,32.678306],[130.127111,32.665806],[130.128806,32.640806],[130.135028,32.635417],[130.146639,32.633722],[130.153361,32.622083],[130.158361,32.622889],[130.159139,32.626278],[130.168722,32.619139],[130.174528,32.607444],[130.16375,32.596667],[130.167528,32.589583],[130.175028,32.592111],[130.181611,32.590389],[130.19,32.599583],[130.197917,32.599167],[130.198778,32.604139],[130.186639,32.607056],[130.186667,32.610389],[130.200861,32.607889],[130.205028,32.602861],[130.219139,32.603694],[130.232472,32.609583],[130.23125,32.615],[130.241667,32.627889],[130.251639,32.625389],[130.259583,32.631667],[130.256278,32.637472],[130.266278,32.648306],[130.258306,32.651278],[130.2875,32.652917],[130.291694,32.650417],[130.304194,32.650389],[130.335833,32.669583],[130.350472,32.673333],[130.359556,32.692472],[130.358306,32.696278],[130.349556,32.699972],[130.347083,32.709167],[130.375389,32.736639],[130.373722,32.744167],[130.377861,32.748278],[130.372139,32.765028],[130.378722,32.7775],[130.375417,32.786639],[130.378361,32.78375],[130.380444,32.785833],[130.372111,32.794111],[130.367083,32.805],[130.36875,32.8075],[130.357917,32.816611],[130.34,32.857861],[130.324167,32.863694],[130.320028,32.869583],[130.311639,32.872083],[130.31,32.876222],[130.280028,32.877917],[130.261694,32.871222],[130.2425,32.876222],[130.223333,32.859583],[130.197472,32.85125],[130.189972,32.842889],[130.160028,32.842083],[130.156639,32.82625],[130.157083,32.841639],[130.148306,32.848722],[130.141667,32.849583],[130.125861,32.842056],[130.108306,32.862083],[130.092528,32.864583],[130.087917,32.859167],[130.089556,32.861667],[130.08625,32.864167],[130.102472,32.87375],[130.108694,32.883333],[130.114167,32.885389],[130.125833,32.897889],[130.133333,32.89875],[130.1425,32.895389],[130.154944,32.900389],[130.156667,32.90625],[130.163306,32.906194],[130.1675,32.914583],[130.187139,32.913306],[130.187111,32.921611],[130.190861,32.925417],[130.203778,32.929139],[130.202056,32.95],[130.205806,32.95625],[130.213389,32.95625],[130.212528,32.960361],[130.217472,32.958722],[130.21375,32.952444],[130.218389,32.949611],[130.22625,32.954972],[130.225444,32.959167],[130.220361,32.961667],[130.225444,32.963333],[130.222972,32.975861],[130.216667,32.980389],[130.212472,32.979556],[130.212056,32.985806],[130.205056,32.992056],[130.192889,32.990806],[130.195444,32.996611],[130.187889,33.000806],[130.189611,33.012472],[130.18375,33.016667],[130.172111,33.051667],[130.147917,33.074167],[130.143806,33.089944],[130.139167,33.093722],[130.127111,33.093306],[130.137944,33.096639],[130.133306,33.102917],[130.123389,33.100389],[130.114583,33.101667],[130.120389,33.103333],[130.119167,33.107056],[130.130389,33.108278],[130.127111,33.12],[130.117944,33.129139],[130.130806,33.125417],[130.129111,33.13625],[130.141639,33.114528],[130.154139,33.113722],[130.17,33.129556],[130.194194,33.142917],[130.193333,33.147889],[130.220389,33.164139],[130.214556,33.171639],[130.229556,33.183278],[130.229556,33.187528],[130.219139,33.196222],[130.203361,33.194528],[130.193306,33.204556],[130.201667,33.197083],[130.210806,33.199556],[130.228361,33.19875],[130.236667,33.192889],[130.246639,33.19125],[130.248722,33.2025],[130.255806,33.207889],[130.257056,33.198306],[130.252111,33.190806],[130.25375,33.186667],[130.259972,33.179556],[130.278389,33.169556],[130.278722,33.163306],[130.285472,33.161639],[130.288333,33.149528],[130.328333,33.142917],[130.331278,33.155778],[130.322944,33.163306],[130.32125,33.169111],[130.326639,33.177083],[130.338722,33.184167],[130.341222,33.2075],[130.359167,33.212861],[130.366667,33.225444],[130.382056,33.234139],[130.386667,33.243778],[130.415028,33.254556],[130.428306,33.27125],[130.445833,33.275389],[130.456278,33.286667],[130.454583,33.296667],[130.455861,33.299556],[130.457861,33.298333],[130.458778,33.288306],[130.4475,33.273722],[130.427528,33.267083],[130.414972,33.252056],[130.389167,33.24375],[130.379611,33.221694],[130.362056,33.210833],[130.357083,33.179167],[130.357917,33.154111],[130.3675,33.139583],[130.377889,33.141639],[130.37375,33.138306],[130.377111,33.129167],[130.372917,33.12],[130.397083,33.107472],[130.389611,33.095806],[130.412444,33.089528],[130.432917,33.109111],[130.411222,33.085833],[130.425389,33.053306],[130.438722,33.049944],[130.430889,33.046194],[130.4275,33.050417],[130.423806,33.049944],[130.421194,33.036639],[130.425806,33.035444],[130.42625,33.0325],[130.410389,33.020833],[130.40875,33.010833],[130.411639,33.010389],[130.416722,33.01625],[130.425389,33.015],[130.419972,33.012889],[130.419194,33.008722],[130.404139,33.007917],[130.400417,33.004972],[130.414167,33.004528],[130.417444,32.999278],[130.427944,32.9975],[130.435389,32.952444],[130.442083,32.935028],[130.441278,32.927472],[130.445028,32.922917],[130.449972,32.92375],[130.460028,32.917056],[130.464167,32.917944],[130.472528,32.907056],[130.523333,32.881194],[130.535361,32.889972],[130.544556,32.906667],[130.537972,32.888361],[130.523722,32.869972],[130.52375,32.854167],[130.561694,32.842056],[130.566639,32.842861],[130.574528,32.854972],[130.56875,32.838306],[130.574972,32.832917],[130.579167,32.832917],[130.581694,32.82625],[130.590861,32.825389],[130.59375,32.821667],[130.591222,32.813278],[130.595861,32.809556],[130.601694,32.809556],[130.604528,32.806639],[130.602944,32.799972],[130.610861,32.797056],[130.61875,32.788306],[130.609972,32.792083],[130.605417,32.785833],[130.608333,32.780417],[130.619111,32.776222],[130.605861,32.77875],[130.599583,32.776639],[130.599556,32.763361],[130.607917,32.744972],[130.602917,32.733306],[130.604611,32.72],[130.6325,32.710417],[130.63875,32.698306],[130.638333,32.69625],[130.624167,32.711194],[130.610861,32.713722],[130.590861,32.711222],[130.586667,32.705389],[130.5675,32.701222],[130.542083,32.673361],[130.540833,32.667056],[130.527472,32.665389],[130.499972,32.654556],[130.479194,32.642889],[130.474222,32.637056],[130.460806,32.634583],[130.451222,32.623278],[130.460444,32.616667],[130.459556,32.6075],[130.467444,32.605417],[130.488306,32.612028],[130.504972,32.612861],[130.514167,32.610417],[130.521694,32.612889],[130.523333,32.617917],[130.5275,32.616194],[130.530861,32.620389],[130.538306,32.61875],[130.542444,32.62375],[130.556667,32.62375],[130.560833,32.620361],[130.568306,32.623722],[130.579139,32.620361],[130.591667,32.624556],[130.595,32.621194],[130.609167,32.629556],[130.636694,32.632056],[130.649167,32.641222],[130.64951076,32.64083989],[130.64988179,32.61593652],[130.644167,32.619528],[130.623333,32.618722],[130.618778,32.615],[130.638333,32.600361],[130.648306,32.587056],[130.632528,32.600389],[130.617889,32.5925],[130.624972,32.584556],[130.612528,32.593722],[130.608306,32.593722],[130.607917,32.589139],[130.615028,32.585389],[130.599972,32.585417],[130.599111,32.579583],[130.588361,32.577083],[130.589611,32.571611],[130.582917,32.569111],[130.589611,32.5675],[130.584139,32.56625],[130.581667,32.56875],[130.578694,32.56],[130.573722,32.5575],[130.564167,32.54125],[130.5525,32.542056],[130.544194,32.528722],[130.537917,32.526667],[130.551639,32.517056],[130.580778,32.505389],[130.622028,32.499139],[130.618306,32.494222],[130.612667,32.492639],[130.584917,32.490583],[130.577139,32.493583],[130.570833,32.501222],[130.543694,32.499167],[130.542083,32.4875],[130.546667,32.477944],[130.564167,32.475361],[130.577083,32.479167],[130.564611,32.468306],[130.565472,32.455028],[130.572111,32.442444],[130.56875,32.439167],[130.571194,32.4325],[130.553333,32.422917],[130.546667,32.423694],[130.536722,32.408694],[130.514167,32.392944],[130.510417,32.385806],[130.490444,32.368306],[130.486639,32.358722],[130.495,32.362056],[130.495806,32.357917],[130.504139,32.35875],[130.505444,32.354944],[130.483333,32.345417],[130.480444,32.341667],[130.482917,32.330806],[130.477472,32.32875],[130.474139,32.332056],[130.470028,32.327056],[130.465778,32.327917],[130.46875,32.324167],[130.465417,32.319167],[130.470389,32.3175],[130.470833,32.301222],[130.490028,32.300417],[130.495417,32.304139],[130.49,32.297056],[130.482472,32.296222],[130.480444,32.290806],[130.474194,32.287889],[130.470472,32.295],[130.465,32.29625],[130.467111,32.284139],[130.464167,32.277889],[130.459167,32.290361],[130.449194,32.28875],[130.452083,32.281639],[130.450833,32.279583],[130.447444,32.282083],[130.444556,32.278333],[130.449194,32.272028],[130.444167,32.269583],[130.438333,32.27125],[130.432528,32.264556],[130.427889,32.264944],[130.435389,32.254167],[130.429139,32.250389],[130.424167,32.25125],[130.425361,32.246639],[130.430806,32.240389],[130.442472,32.23625],[130.434972,32.236222],[130.432472,32.229556],[130.424167,32.237889],[130.419167,32.235444],[130.416694,32.237056],[130.41,32.232111],[130.401694,32.235389],[130.398722,32.229139],[130.39375,32.226667],[130.402139,32.219139],[130.393333,32.22375],[130.385778,32.217944],[130.385861,32.214556],[130.377917,32.211667],[130.383722,32.207472],[130.374139,32.205389],[130.373778,32.202472],[130.387083,32.201639],[130.377083,32.198333],[130.379583,32.190861],[130.374583,32.184139],[130.379611,32.175778],[130.371222,32.177472],[130.374611,32.180833],[130.373361,32.18375],[130.360389,32.181667],[130.367139,32.176667],[130.357917,32.166694],[130.362083,32.151694],[130.353722,32.145833],[130.352056,32.137472],[130.345,32.130389],[130.337917,32.128278],[130.339556,32.120833],[130.335806,32.11875],[130.329139,32.127056],[130.312111,32.115778],[130.305361,32.1075],[130.304194,32.100417],[130.301694,32.109583],[130.285833,32.109583],[130.280444,32.105],[130.276667,32.094556],[130.277944,32.104167],[130.283,32.111667],[130.272944,32.118306],[130.274528,32.125806],[130.269139,32.129583],[130.261222,32.127472],[130.272139,32.115861],[130.266722,32.119583],[130.266667,32.112056],[130.262111,32.123333],[130.253333,32.12875],[130.223333,32.129556],[130.193306,32.117889],[130.189944,32.112917],[130.180833,32.11125],[130.174583,32.105],[130.174528,32.090833],[130.169583,32.088306],[130.171306,32.078333],[130.184167,32.071222],[130.182056,32.079139],[130.190806,32.083694],[130.19125,32.077444],[130.200444,32.074972],[130.208778,32.06],[130.203778,32.055806],[130.202111,32.038333],[130.194556,32.035833],[130.19375,32.0225],[130.1875,32.016194],[130.17875,32.014167],[130.177944,32.000833],[130.182139,31.993306],[130.175861,31.993722],[130.172917,31.990833],[130.180833,31.98875],[130.186639,31.994583],[130.190833,31.985389],[130.195028,31.989583],[130.202083,31.985],[130.199583,31.977444],[130.209556,31.969972],[130.212028,31.964167],[130.215444,31.936639],[130.220417,31.926611],[130.218778,31.915806],[130.22375,31.910778],[130.221222,31.896639],[130.212889,31.890833],[130.217111,31.887472],[130.212917,31.877472],[130.208306,31.869556],[130.20125,31.869972],[130.197056,31.850833],[130.214972,31.848778],[130.208278,31.847056],[130.208306,31.843722],[130.233361,31.830361],[130.247472,31.831278],[130.229972,31.827889],[130.204139,31.842917],[130.1975,31.842917],[130.195028,31.848722],[130.18125,31.817472],[130.173778,31.815806],[130.174556,31.805833],[130.167111,31.790833],[130.172944,31.779972],[130.179167,31.778694],[130.184583,31.77],[130.188722,31.755806],[130.185389,31.751667],[130.187472,31.747056],[130.195028,31.74625],[130.204139,31.755389],[130.211639,31.754556],[130.224139,31.747056],[130.230778,31.737083],[130.237528,31.732889],[130.253361,31.730389],[130.262944,31.719111],[130.257056,31.717472],[130.262944,31.714139],[130.257944,31.706639],[130.266694,31.706194],[130.270806,31.702889],[130.275,31.704556],[130.297083,31.674167],[130.297889,31.661667],[130.311667,31.659583],[130.322056,31.650806],[130.332861,31.610833],[130.334556,31.569167],[130.323694,31.515833],[130.307139,31.475833],[130.292056,31.452444],[130.292083,31.449139],[130.298333,31.445389],[130.298389,31.440417],[130.293333,31.44625],[130.289222,31.44625],[130.279611,31.437444],[130.274194,31.424556],[130.269111,31.425417],[130.258306,31.417056],[130.253306,31.419556],[130.251722,31.411194],[130.246667,31.414583],[130.233278,31.40875],[130.2275,31.399583],[130.22,31.403722],[130.205778,31.404611],[130.203361,31.407889],[130.195028,31.408722],[130.192083,31.423333],[130.194222,31.428778],[130.186194,31.424944],[130.190389,31.417472],[130.188361,31.408722],[130.182889,31.421667],[130.172056,31.420778],[130.167917,31.434167],[130.16,31.439556],[130.154583,31.431639],[130.145833,31.427889],[130.143778,31.421667],[130.134583,31.415778],[130.135806,31.412917],[130.133333,31.417861],[130.115833,31.42375],[130.108722,31.420833],[130.106222,31.411694],[130.109167,31.407083],[130.112528,31.412889],[130.119972,31.41625],[130.140028,31.405361],[130.152056,31.385833],[130.159583,31.380806],[130.162528,31.372917],[130.171667,31.372889],[130.175833,31.364556],[130.189139,31.36625],[130.19,31.35375],[130.196694,31.353694],[130.199972,31.357056],[130.202889,31.348306],[130.208778,31.346667],[130.202472,31.333694],[130.195806,31.329583],[130.188361,31.332917],[130.180806,31.331222],[130.173806,31.321667],[130.175806,31.319583],[130.180833,31.322056],[130.188333,31.320389],[130.190833,31.313694],[130.199972,31.315389],[130.205056,31.312889],[130.207056,31.319972],[130.212472,31.320389],[130.21875,31.312472],[130.216222,31.307444],[130.223333,31.310417],[130.225361,31.308333],[130.226278,31.304944],[130.221667,31.299556],[130.216639,31.303722],[130.212472,31.298722],[130.200806,31.297056],[130.19875,31.291639],[130.203361,31.277111],[130.205833,31.282056],[130.212917,31.284111],[130.214194,31.28875],[130.216639,31.281278],[130.229556,31.28],[130.223333,31.274556],[130.2175,31.277083],[130.214611,31.273333],[130.215861,31.270389],[130.220861,31.272056],[130.227861,31.27],[130.219972,31.267028],[130.219972,31.262056],[130.21375,31.260833],[130.212056,31.254167],[130.216639,31.247056],[130.220861,31.251222],[130.227472,31.249556],[130.239139,31.258722],[130.242472,31.251222],[130.259972,31.256222],[130.279167,31.245417],[130.284611,31.252472],[130.28375,31.262444],[130.287472,31.267056],[130.295806,31.267083],[130.298361,31.262944],[130.309972,31.264528],[130.315861,31.255361],[130.345861,31.25375],[130.358361,31.24875],[130.363333,31.251278],[130.389972,31.249611],[130.392528,31.252889],[130.395028,31.250417],[130.410833,31.249556],[130.4125,31.252056],[130.4125,31.247861],[130.434972,31.244528],[130.438361,31.250389],[130.461667,31.249556],[130.474139,31.245417],[130.485806,31.237083],[130.512944,31.2075],[130.515417,31.199139],[130.507944,31.193333],[130.509611,31.181639],[130.506278,31.178361],[130.5175,31.165389],[130.530861,31.162944],[130.542472,31.167083],[130.5575,31.177917],[130.585028,31.16125],[130.587472,31.155389],[130.590861,31.162083],[130.597083,31.161667],[130.587889,31.169972],[130.593333,31.177889],[130.609167,31.183694],[130.624972,31.180389],[130.639583,31.189139],[130.644611,31.201639],[130.637444,31.212028],[130.630806,31.202083],[130.630389,31.211667],[130.638333,31.21625],[130.646639,31.215417],[130.65625,31.219972],[130.657111,31.224972],[130.652889,31.229139],[130.649528,31.244139],[130.669556,31.267472],[130.660028,31.267889],[130.656639,31.272917],[130.624944,31.275389],[130.609167,31.292944],[130.597528,31.294556],[130.591611,31.304556],[130.580806,31.307889],[130.571194,31.315806],[130.562889,31.330806],[130.547889,31.374972],[130.547056,31.381694],[130.555,31.384556],[130.55625,31.388333],[130.550028,31.397861],[130.5375,31.394583],[130.540417,31.399111],[130.53375,31.401667],[130.526278,31.414139],[130.512917,31.474944],[130.513806,31.484972],[130.517083,31.487444],[130.51375,31.491611],[130.514611,31.499972],[130.520806,31.50625],[130.530861,31.505389],[130.53375,31.508333],[130.537056,31.519167],[130.530861,31.522056],[130.526667,31.520389],[130.527056,31.524972],[130.538778,31.520806],[130.543722,31.534167],[130.541694,31.535389],[130.537056,31.530806],[130.539972,31.537056],[130.544944,31.535417],[130.547083,31.538306],[130.549583,31.543306],[130.546278,31.544944],[130.547528,31.547917],[130.560389,31.545806],[130.562917,31.557472],[130.557056,31.563333],[130.565389,31.560833],[130.569611,31.573306],[130.564611,31.574972],[130.569194,31.574583],[130.571194,31.580806],[130.570833,31.582861],[130.565389,31.581667],[130.567083,31.584972],[130.563722,31.593306],[130.56625,31.600806],[130.571222,31.602444],[130.579167,31.617083],[130.601278,31.629167],[130.604556,31.645],[130.609583,31.6525],[130.620444,31.657444],[130.612917,31.671639],[130.611306,31.684944],[130.620417,31.706667],[130.628333,31.713722],[130.635861,31.712083],[130.642917,31.716639],[130.641278,31.732444],[130.645444,31.7225],[130.65,31.721222],[130.66125,31.729972],[130.663002,31.73532174],[130.66460292,31.62786996],[130.653333,31.626278],[130.643306,31.62125],[130.625861,31.622056],[130.612056,31.609972],[130.607444,31.598722],[130.600806,31.597056],[130.599194,31.592083],[130.593361,31.592028],[130.591222,31.588278],[130.592111,31.580833],[130.598306,31.579556],[130.6025,31.572917],[130.609167,31.57375],[130.614583,31.563306],[130.620444,31.560833],[130.623278,31.552083],[130.629972,31.555417],[130.639167,31.544556],[130.6657277,31.55237548],[130.67264826,31.0878749],[130.666667,31.086194],[130.652944,31.071667],[130.653333,31.069528],[130.659972,31.070417],[130.670833,31.066222],[130.67300339,31.06403875],[130.67306738,31.05974384],[130.671306,31.058306],[130.6731122,31.05673539],[130.67325474,31.0471687],[130.672944,31.046667],[130.672889,31.042472],[130.67332621,31.04237163],[130.67350254,31.03053618],[130.661222,31.015806],[130.661278,31.011639],[130.654611,31.007472],[130.655389,31.000833],[130.65784244,30.99801632],[127.83771473,30.99801632],[127.83119865,30.99801632],[127.83335108,32.60819669],[127.83336126,32.61580633],[127.84067456,32.61887815],[129.57159699,33.34591854],[129.57181722,33.34486538]]],[[[129.63125,33.364972],[129.625861,33.362889],[129.6227707,33.36634131],[129.62207348,33.3671202],[129.63026739,33.3705619],[129.63044101,33.3695742],[129.63125,33.364972]]],[[[129.657111,33.378306],[129.657917,33.370861],[129.647528,33.374556],[129.645806,33.366222],[129.63340112,33.37082183],[129.63206542,33.37131713],[129.6660441,33.38558921],[129.66616179,33.38462983],[129.666222,33.384139],[129.657111,33.378306]]],[[[129.822056,33.418333],[129.824194,33.412861],[129.832556,33.413722],[129.839167,33.407028],[129.854972,33.403722],[129.860778,33.405417],[129.862861,33.407444],[129.860389,33.411639],[129.86375,33.411694],[129.866278,33.405833],[129.859583,33.399972],[129.867917,33.400833],[129.866278,33.397472],[129.869556,33.395833],[129.865361,33.393333],[129.870389,33.388333],[129.866639,33.389556],[129.864556,33.386639],[129.867056,33.377472],[129.859139,33.375417],[129.861194,33.384139],[129.857917,33.384111],[129.860417,33.389139],[129.858306,33.39625],[129.851222,33.392528],[129.8525,33.38875],[129.857083,33.388306],[129.855833,33.386194],[129.846667,33.38625],[129.842528,33.389556],[129.839167,33.380417],[129.837861,33.385806],[129.835806,33.384556],[129.830389,33.391639],[129.834528,33.4025],[129.831639,33.407889],[129.824194,33.411278],[129.796306,33.415],[129.801667,33.407056],[129.812889,33.402472],[129.807917,33.395806],[129.812083,33.384944],[129.807917,33.3825],[129.809639,33.371667],[129.813722,33.368333],[129.804556,33.366667],[129.804583,33.360028],[129.809611,33.355],[129.807028,33.351639],[129.811639,33.347889],[129.822889,33.359167],[129.819972,33.365417],[129.836611,33.362889],[129.842917,33.365833],[129.837917,33.370806],[129.839972,33.372028],[129.845028,33.37125],[129.846611,33.367861],[129.857917,33.371639],[129.853361,33.363694],[129.849944,33.365389],[129.847889,33.363333],[129.850444,33.356611],[129.847472,33.357028],[129.847111,33.354111],[129.850444,33.349111],[129.843361,33.350361],[129.84125,33.347472],[129.847889,33.338306],[129.847528,33.333722],[129.840861,33.338694],[129.83875,33.337444],[129.843333,33.328722],[129.847083,33.328306],[129.842139,33.324139],[129.842889,33.319167],[129.836639,33.323722],[129.835444,33.312444],[129.827056,33.3125],[129.831667,33.303722],[129.844972,33.302083],[129.857917,33.284111],[129.863306,33.281222],[129.855778,33.27875],[129.855444,33.285806],[129.848333,33.292083],[129.844944,33.292917],[129.842917,33.287472],[129.839167,33.287056],[129.830806,33.29875],[129.822472,33.297861],[129.817889,33.3025],[129.814583,33.31],[129.817972,33.314111],[129.813722,33.317528],[129.815361,33.323361],[129.810778,33.324583],[129.801694,33.335417],[129.792944,33.338333],[129.793722,33.353333],[129.789556,33.361667],[129.792028,33.369139],[129.7875,33.372889],[129.774583,33.373333],[129.773278,33.356278],[129.765833,33.355389],[129.756694,33.367083],[129.744111,33.368694],[129.727472,33.354528],[129.715861,33.349556],[129.704944,33.347056],[129.700778,33.353722],[129.696611,33.355417],[129.694972,33.352083],[129.691694,33.357083],[129.687917,33.356667],[129.685833,33.350417],[129.680833,33.350389],[129.669583,33.368333],[129.674556,33.369167],[129.676278,33.385806],[129.684167,33.385361],[129.686278,33.390806],[129.68312317,33.39177873],[129.6817719,33.39219537],[129.80008285,33.44188959],[129.80031857,33.44117437],[129.801667,33.437083],[129.808389,33.436222],[129.818333,33.424583],[129.832056,33.4225],[129.822056,33.418333]]],[[[129.851222,33.454139],[129.850806,33.447056],[129.844167,33.447028],[129.839944,33.452056],[129.836639,33.451222],[129.83871412,33.45735737],[129.83901315,33.45824151],[129.85560616,33.46521108],[129.85578571,33.46455272],[129.857944,33.456639],[129.851222,33.454139]]],[[[130.134639,33.566639],[130.130833,33.559583],[130.125861,33.562889],[130.11875,33.559972],[130.114583,33.551639],[130.115778,33.547056],[130.119194,33.547083],[130.1275,33.556222],[130.136694,33.554556],[130.143278,33.548694],[130.158361,33.560417],[130.164556,33.559167],[130.164583,33.552444],[130.15375,33.544139],[130.153361,33.537889],[130.124944,33.527056],[130.124167,33.524583],[130.133694,33.521639],[130.125861,33.511222],[130.115028,33.50875],[130.105806,33.512056],[130.10625,33.515833],[130.1,33.517944],[130.09875,33.510778],[130.093333,33.507917],[130.081639,33.508694],[130.077472,33.504556],[130.058361,33.498722],[130.045833,33.498694],[130.044556,33.495806],[130.048778,33.491639],[130.037056,33.468306],[130.040444,33.456667],[130.034111,33.451222],[130.020028,33.447889],[130.001639,33.447861],[129.979972,33.45625],[129.965861,33.457889],[129.96125,33.461639],[129.962056,33.468333],[129.972083,33.4775],[129.966694,33.485389],[129.957917,33.482472],[129.955028,33.472056],[129.946694,33.471222],[129.938694,33.475806],[129.938778,33.4825],[129.947944,33.487472],[129.946222,33.494972],[129.956667,33.505389],[129.967472,33.506222],[129.969611,33.511639],[129.96860162,33.51210249],[129.96795315,33.51240025],[130.09983834,33.56779607],[130.09993908,33.56745874],[130.100806,33.564556],[130.121667,33.575417],[130.129194,33.567889],[130.134639,33.566639]]],[[[130.3716667,33.66506257],[130.40025792,33.6127091],[130.40004484,33.61263916],[130.397083,33.611667],[130.402889,33.606667],[130.397944,33.605806],[130.397528,33.600389],[130.392889,33.609139],[130.388306,33.610389],[130.385417,33.608306],[130.386222,33.600806],[130.392083,33.598333],[130.386694,33.595417],[130.3825,33.602889],[130.375028,33.605389],[130.371639,33.600444],[130.364556,33.598333],[130.36625,33.594139],[130.363306,33.59125],[130.344111,33.586194],[130.341639,33.592917],[130.334139,33.591222],[130.314944,33.598722],[130.311222,33.595833],[130.312889,33.589167],[130.305833,33.584556],[130.295806,33.581222],[130.289167,33.58375],[130.273333,33.582944],[130.267083,33.590778],[130.274556,33.601639],[130.275389,33.611667],[130.271639,33.613722],[130.243306,33.612917],[130.234139,33.616194],[130.23099358,33.62269573],[130.23091737,33.62285327],[130.32002118,33.6602796],[130.32010898,33.66025618],[130.325861,33.658722],[130.334139,33.649528],[130.346722,33.650417],[130.357472,33.643722],[130.362889,33.644167],[130.360389,33.653306],[130.362861,33.659972],[130.369167,33.664556],[130.37162208,33.66505353],[130.3716667,33.66506257]]],[[[130.36782531,33.67205516],[130.341611,33.662111],[130.32589828,33.66269626],[130.32578478,33.66270049],[130.36167944,33.67777734],[130.36415505,33.67881717],[130.36464076,33.67792779],[130.36784403,33.67206226],[130.36782531,33.67205516]]]]},"geometry_name":"the_geom","properties":{"id":"Shp_WRN_POLY.44","BLN_Flag":"1","Id_1":"","LAYER":"","STD_ID1":"","WarnCode":"S1312020","ZLEVEL":"","name":"남해동부 바깥먼바다","STN_IDX":204,"fct_zone_i":"12B20220"}}],"totalFeatures":44,"numberMatched":44,"numberReturned":44,"timeStamp":"2026-04-25T04:41:31.399Z","crs":{"type":"name","properties":{"name":"urn:ogc:def:crs:EPSG::4326"}}}