{"type":"FeatureCollection","features":[{"type":"Feature","id":"warnArea2Poly202106.1","geometry":{"type":"MultiPolygon","coordinates":[[[[126.44000244,37.26434326],[126.44049072,37.26104736],[126.44573975,37.26324463],[126.43341064,37.23199463],[126.39241367,37.09881604],[126.29224234,37.07255962],[126.0848849,37.17660795],[126.08566195,37.22285887],[126.08613678,37.22375306],[126.09018815,37.23847848],[126.09683257,37.25961938],[126.10045653,37.2722908],[126.10135986,37.27280118],[126.10211725,37.27357629],[126.26776123,37.33648682],[126.25903967,37.55671715],[126.39671119,37.39160447],[126.43585205,37.27532959],[126.44000244,37.26434326]]]]},"geometry_name":"the_geom","properties":{"id":"Shp_WRN2_POLY.1","BLN_Flag":"","Id_1":"122","LAYER":"","STD_ID1":"","WarnCode":"S2211100","name":"인천경기남부_먼평수구역"}},{"type":"Feature","id":"warnArea2Poly202106.2","geometry":{"type":"MultiPolygon","coordinates":[[[[126.6227448,37.49628089],[126.62271044,37.49731512],[126.62664994,37.49740669],[126.63066938,37.50041373],[126.63076798,37.50425328],[126.63947347,37.5042348],[126.63951508,37.49829076],[126.64075489,37.4974802],[126.64083343,37.49573557],[126.63678185,37.49474169],[126.63631787,37.49588046],[126.62755474,37.49319638],[126.62628075,37.49247791],[126.62312227,37.49180737],[126.61523499,37.48904901],[126.60994669,37.48725517],[126.60804362,37.48676608],[126.60301466,37.48418787],[126.60155041,37.48204588],[126.6002733,37.48099835],[126.59794037,37.47728901],[126.595361,37.471611],[126.59505886,37.47017006],[126.59695028,37.46939867],[126.59820093,37.46916797],[126.59947134,37.46723656],[126.59983366,37.46644526],[126.59912278,37.46464783],[126.59577285,37.46419798],[126.5938774,37.46526647],[126.59121042,37.46416191],[126.59110252,37.46186905],[126.59246221,37.45813016],[126.59489488,37.45689359],[126.59424787,37.45538941],[126.59340811,37.45484479],[126.59698816,37.45032619],[126.59698614,37.44935536],[126.59320401,37.44934658],[126.59323721,37.4416437],[126.59413799,37.44164589],[126.59415555,37.43875972],[126.60104795,37.43870133],[126.61089532,37.45432977],[126.61388744,37.4531123],[126.61062655,37.44795149],[126.61867875,37.4446737],[126.61667731,37.44154185],[126.61018727,37.44422209],[126.607889,37.440778],[126.61545032,37.43797748],[126.61020173,37.43010883],[126.61152969,37.42972324],[126.63234821,37.42998933],[126.6335546,37.43066812],[126.63540514,37.42921339],[126.63786845,37.41969483],[126.63455539,37.41804337],[126.63275642,37.42684672],[126.60802288,37.42674263],[126.60485905,37.4252747],[126.60102744,37.41965506],[126.59228307,37.42282044],[126.59225802,37.42669377],[126.58965856,37.42668486],[126.58969777,37.41938497],[126.59605926,37.41590614],[126.60981481,37.41632155],[126.6099076,37.39866611],[126.60816284,37.397591],[126.6081811,37.39398775],[126.60993771,37.39292318],[126.60996709,37.38718718],[126.61627252,37.37944943],[126.66344966,37.35053507],[126.69429485,37.38193985],[126.68286798,37.38476577],[126.68599758,37.38700421],[126.71038724,37.38289817],[126.71082296,37.38441801],[126.71418705,37.38267826],[126.71549616,37.38262203],[126.71864304,37.38342362],[126.72004868,37.38321974],[126.72114289,37.38250406],[126.72631179,37.3864097],[126.73340538,37.39377235],[126.73731551,37.39719711],[126.73403719,37.38944798],[126.73003916,37.38563317],[126.7009125,37.3545641],[126.70329947,37.35128215],[126.69773828,37.34929878],[126.69272106,37.34807374],[126.68863322,37.34859564],[126.68592202,37.34119557],[126.69004567,37.3401533],[126.69033849,37.33978531],[126.69174394,37.33922256],[126.69177133,37.33883358],[126.69192146,37.33844731],[126.69193941,37.33778565],[126.69182789,37.33710518],[126.69072874,37.33591439],[126.67192042,37.3299392],[126.67599099,37.32267482],[126.68047365,37.31942604],[126.68511713,37.32015624],[126.69196974,37.31899918],[126.70294527,37.31220167],[126.7176981,37.3081416],[126.7239203,37.31458925],[126.73236592,37.30936521],[126.75264101,37.30390242],[126.75081517,37.29899307],[126.7550395,37.29778753],[126.75734508,37.30254306],[126.78465777,37.29479484],[126.78877252,37.295415],[126.78935322,37.2934518],[126.80125689,37.29561699],[126.80134322,37.29709482],[126.80568302,37.29801212],[126.80541967,37.29953442],[126.814139,37.298667],[126.81746105,37.29792643],[126.81670971,37.29673416],[126.81500761,37.29487892],[126.82090104,37.2917174],[126.82354156,37.28918888],[126.82598035,37.28640577],[126.82675754,37.28487413],[126.82799459,37.2802551],[126.8284464,37.27951935],[126.82949833,37.27872365],[126.83086548,37.27833656],[126.83344436,37.27806652],[126.83494897,37.27839644],[126.84009672,37.27555631],[126.84727097,37.26844771],[126.84908569,37.26865729],[126.85284393,37.27238335],[126.85873683,37.26972354],[126.85570142,37.26952472],[126.85241332,37.26767688],[126.84977885,37.26585513],[126.8514238,37.26432942],[126.84882429,37.26166607],[126.84970205,37.25620383],[126.84809276,37.25810857],[126.8456783,37.25982246],[126.84488245,37.25985209],[126.84480183,37.26127027],[126.84420041,37.2627483],[126.84498569,37.26341357],[126.84170963,37.26595687],[126.8373718,37.27072021],[126.83539242,37.27102766],[126.83128482,37.27378286],[126.82889895,37.27063958],[126.8283022,37.27061417],[126.82782951,37.270422],[126.82750094,37.27059873],[126.82736018,37.27051196],[126.82685689,37.27080073],[126.82686114,37.27091219],[126.82642174,37.27105296],[126.82534374,37.27162745],[126.82565228,37.27225075],[126.82544202,37.27257598],[126.8240034,37.27327628],[126.82320474,37.27404862],[126.81879725,37.27642396],[126.81726123,37.27700684],[126.8166726,37.27714428],[126.81614774,37.27740987],[126.81580295,37.27766946],[126.81524068,37.27783204],[126.81475824,37.27775722],[126.81416718,37.27826326],[126.81313191,37.27867962],[126.81209427,37.27881701],[126.81167428,37.27900169],[126.81152507,37.27931043],[126.80999462,37.28027219],[126.80980153,37.28060092],[126.80999157,37.28099157],[126.81003056,37.28128928],[126.81053314,37.28176076],[126.81070782,37.28222466],[126.81062825,37.28260099],[126.81123235,37.28327334],[126.81194542,37.28315011],[126.81233027,37.2839187],[126.81235159,37.28415874],[126.81344562,37.2844599],[126.81406603,37.2847639],[126.81396909,37.28493957],[126.81258519,37.28607818],[126.81055376,37.28663136],[126.80965417,37.28600632],[126.80839326,37.28589033],[126.8068824,37.28482104],[126.80514806,37.28461702],[126.803975,37.28106223],[126.8032286,37.27955039],[126.80227847,37.27865073],[126.80140902,37.27816324],[126.80078807,37.27862602],[126.80049494,37.27862566],[126.80028271,37.27796568],[126.80048075,37.27785887],[126.80070167,37.27790742],[126.80128803,37.27777264],[126.80260143,37.27693057],[126.80288459,37.2769117],[126.80326842,37.27708681],[126.80412171,37.27674194],[126.8054486,37.27481932],[126.80713395,37.27159384],[126.80825767,37.27002586],[126.80894638,37.26846828],[126.80996289,37.26887829],[126.81079427,37.26812374],[126.81076287,37.26710946],[126.80955928,37.26651062],[126.80576014,37.26795493],[126.80382605,37.2680186],[126.80312798,37.26896245],[126.800778,37.269528],[126.79255477,37.26874644],[126.79032409,37.26716817],[126.79162693,37.26190088],[126.79336962,37.2592304],[126.78830655,37.25519142],[126.78956491,37.24412948],[126.77825136,37.24554273],[126.77283224,37.24854655],[126.76722204,37.2481075],[126.76367685,37.24914247],[126.75823439,37.25171968],[126.75727798,37.2538555],[126.74479544,37.25481341],[126.7406735,37.25438257],[126.73426795,37.24941439],[126.72935341,37.25399853],[126.72580199,37.2564649],[126.716611,37.254556],[126.699944,37.261139],[126.687444,37.262056],[126.682444,37.257833],[126.68118407,37.25666393],[126.67806712,37.24859113],[126.671639,37.242861],[126.664167,37.244472],[126.662861,37.242444],[126.66625,37.229917],[126.67316665,37.22933852],[126.67701636,37.22425836],[126.67625,37.222389],[126.67145966,37.22059745],[126.67010206,37.21774151],[126.6670134,37.21784535],[126.66648351,37.2087326],[126.67408158,37.19971185],[126.67875319,37.20404528],[126.67950984,37.20749606],[126.68442675,37.20914389],[126.68828021,37.20764884],[126.69101051,37.21505047],[126.69901857,37.21401138],[126.69261145,37.20419822],[126.68178044,37.19990239],[126.67634737,37.19700001],[126.674167,37.193694],[126.6675,37.193667],[126.662472,37.197],[126.657861,37.193306],[126.657472,37.189528],[126.665028,37.190361],[126.667083,37.184111],[126.662472,37.176167],[126.65493447,37.17524532],[126.64515773,37.19079645],[126.64857959,37.2125497],[126.62407663,37.23683878],[126.58588624,37.24270483],[126.55276754,37.20839458],[126.54060771,37.2046672],[126.53498609,37.19819011],[126.45811647,37.22409847],[126.46062176,37.24542398],[126.44986734,37.24811259],[126.44070165,37.25043456],[126.44573975,37.26324463],[126.44049072,37.26104736],[126.44000244,37.26434326],[126.43585205,37.27532959],[126.39671119,37.39160447],[126.25903967,37.55671715],[126.30844494,37.56341893],[126.51756381,37.57443776],[126.54220838,37.58080428],[126.57345432,37.59033342],[126.59156456,37.59301182],[126.59176454,37.59254796],[126.59226668,37.59115008],[126.59313532,37.58856183],[126.59380368,37.58622553],[126.59362625,37.58535097],[126.58888154,37.56973466],[126.58667072,37.5667137],[126.58961247,37.56413367],[126.58864499,37.56399486],[126.59027495,37.56238553],[126.59123523,37.5632237],[126.59135895,37.5632351],[126.59173345,37.56350754],[126.59184248,37.5636518],[126.5927307,37.56366867],[126.59332463,37.56364032],[126.59369047,37.56352023],[126.5939116,37.56341175],[126.59395662,37.56353573],[126.59443935,37.56342123],[126.59445384,37.56179533],[126.59451158,37.56169728],[126.59451565,37.56147256],[126.60109704,37.56153274],[126.60112231,37.56142651],[126.60136956,37.56086487],[126.60120987,37.56082054],[126.60124699,37.56073615],[126.60140668,37.56078048],[126.60151437,37.56053605],[126.60135265,37.56049117],[126.60144557,37.5602802],[126.60160718,37.56032508],[126.6017143,37.56008182],[126.60155371,37.5600373],[126.60159129,37.55995184],[126.60175188,37.55999644],[126.60190322,37.55965269],[126.60157867,37.55956095],[126.60131826,37.55934581],[126.60173891,37.55903625],[126.60174336,37.55895908],[126.60169812,37.55885816],[126.60391551,37.55701251],[126.60730385,37.55443868],[126.60688729,37.5542122],[126.60672279,37.55408636],[126.60647881,37.5535441],[126.60654124,37.55337397],[126.60288296,37.55190573],[126.59767929,37.55023726],[126.59835491,37.54907793],[126.59665587,37.54857901],[126.5986684,37.53971226],[126.59929026,37.53327439],[126.60270536,37.52690914],[126.60276565,37.51683438],[126.60418559,37.50881915],[126.6045431,37.49590424],[126.6227448,37.49628089]]]]},"geometry_name":"the_geom","properties":{"id":"Shp_WRN2_POLY.2","BLN_Flag":"","Id_1":"121","LAYER":"","STD_ID1":"","WarnCode":"S2211600","name":"인천경기남부_앞평수구역"}},{"type":"Feature","id":"warnArea2Poly202106.3","geometry":{"type":"MultiPolygon","coordinates":[[[[126.322833,36.593333],[126.3226396,36.59161406],[126.32189113,36.59301365],[126.322833,36.593333]]],[[[126.37679766,36.62256182],[126.38654289,36.61871274],[126.39851441,36.61911194],[126.4150225,36.61405901],[126.4162873,36.60938132],[126.41382284,36.6056289],[126.42360223,36.60622667],[126.45693532,36.59486132],[126.45540813,36.59306724],[126.462833,36.583361],[126.469556,36.559167],[126.46375,36.546639],[126.467028,36.54],[126.476694,36.53625],[126.48591088,36.52778351],[126.48698163,36.52485419],[126.4824011,36.51746625],[126.48400842,36.50782355],[126.479583,36.498306],[126.479583,36.476639],[126.486278,36.470028],[126.48625,36.453306],[126.497944,36.443306],[126.495417,36.434167],[126.4981755,36.4324767],[126.5003085,36.4323599],[126.50425234,36.43587222],[126.52097787,36.44394782],[126.52314,36.4438201],[126.5247973,36.4461922],[126.52553346,36.44687004],[126.53181965,36.44096017],[126.52696491,36.43763059],[126.52218642,36.44046354],[126.51650445,36.43795257],[126.430833,36.396944],[126.424,36.3965],[126.42459,36.39871],[126.427861,36.400833],[126.427083,36.407472],[126.42415367,36.41245023],[126.432472,36.417889],[126.43453032,36.41942581],[126.434528,36.424167],[126.42777486,36.43198393],[126.431056,36.4342215],[126.43020315,36.43779238],[126.42203811,36.44010566],[126.420417,36.4425],[126.42115412,36.44611216],[126.414167,36.452056],[126.40674397,36.45276489],[126.41067004,36.4578885],[126.41684018,36.46184513],[126.41727329,36.46465774],[126.41622494,36.46742622],[126.41196957,36.47204127],[126.40908313,36.47634573],[126.40901602,36.48288575],[126.40613634,36.48739211],[126.40401191,36.48980942],[126.398722,36.49],[126.402861,36.499139],[126.40125,36.5075],[126.393333,36.514556],[126.382472,36.515389],[126.379583,36.519111],[126.38,36.52125],[126.385417,36.520778],[126.386194,36.526639],[126.379611,36.530778],[126.375417,36.543333],[126.367917,36.549194],[126.372111,36.554139],[126.373778,36.565],[126.365,36.567028],[126.36125,36.569111],[126.357472,36.572889],[126.362528,36.575389],[126.368778,36.576667],[126.375361,36.589167],[126.36625,36.609111],[126.359167,36.612917],[126.348361,36.61125],[126.344972,36.604528],[126.338306,36.607917],[126.324556,36.601667],[126.327028,36.6075],[126.322056,36.609972],[126.321194,36.614139],[126.326667,36.618722],[126.330778,36.614583],[126.33375,36.614972],[126.3325,36.618722],[126.342472,36.615417],[126.349139,36.619556],[126.353278,36.61875],[126.354556,36.6225],[126.36565873,36.62693073],[126.36888801,36.6242029],[126.37679766,36.62256182]]]]},"geometry_name":"the_geom","properties":{"id":"Shp_WRN2_POLY.3","BLN_Flag":"","Id_1":"132","LAYER":"","STD_ID1":"","WarnCode":"S2211500","name":"충남북부앞바다_천수만"}},{"type":"Feature","id":"warnArea2Poly202106.4","geometry":{"type":"MultiPolygon","coordinates":[[[[126.39241367,37.09881604],[126.46459035,37.0805141],[126.4960501,37.07025998],[126.49843533,37.0647586],[126.49495492,37.05941611],[126.49731212,37.05683498],[126.49614207,37.05443148],[126.49671504,37.05281983],[126.46410372,37.021577],[126.4625841,37.0225887],[126.46056636,37.02048528],[126.46105766,37.01798811],[126.46350985,37.01811705],[126.47072774,37.00793943],[126.46961907,37.00609678],[126.45469998,36.99905018],[126.45440324,37.00039928],[126.45246855,37.00080633],[126.45248016,37.00268914],[126.45299441,37.00289531],[126.45281726,37.00354812],[126.452917,37.004111],[126.45251327,37.00470089],[126.4502296,37.00601649],[126.44998049,37.00573979],[126.44949244,37.00601964],[126.44928888,37.00591779],[126.44530207,37.00691778],[126.44282224,37.00714827],[126.43926658,37.00728912],[126.4356684,37.00776787],[126.43387889,37.00819057],[126.43164619,37.00842403],[126.42968169,37.01058831],[126.43099432,37.01364625],[126.4258307,37.01518159],[126.41780948,37.0149031],[126.41789815,37.01210925],[126.41217548,37.01181165],[126.41220688,37.01376044],[126.40998443,37.01381052],[126.40866839,37.01180051],[126.38832803,37.01151097],[126.38491775,37.0108383],[126.38479284,37.01269757],[126.38349126,37.01181786],[126.38425398,37.01095609],[126.38307959,37.00958077],[126.36118331,37.00634537],[126.36004629,37.00667049],[126.35982491,37.01033509],[126.35860203,37.01165182],[126.35603085,37.01031496],[126.35694246,37.00944024],[126.355536,37.00755183],[126.35378459,37.00725162],[126.3534851,37.00500588],[126.33196703,36.99642167],[126.33039455,36.99816731],[126.32802548,36.99922511],[126.32677262,36.99282924],[126.32836721,36.99086345],[126.32992571,36.98695752],[126.33186567,36.98534489],[126.33578145,36.98589762],[126.34327121,36.98466271],[126.34970094,36.98279227],[126.35262728,36.98252089],[126.35349033,36.98198534],[126.35724681,36.98235025],[126.36294043,36.98255805],[126.36300766,36.98131312],[126.363306,36.979556],[126.36707413,36.9797258],[126.37044297,36.9823242],[126.37441724,36.98249804],[126.37649096,36.98063412],[126.3804154,36.98118969],[126.37920004,36.97918984],[126.37844676,36.97732668],[126.37734486,36.97578876],[126.37595241,36.97494583],[126.376722,36.973722],[126.38202096,36.97279346],[126.38417703,36.97420332],[126.38673964,36.97324905],[126.3883834,36.96930182],[126.38658014,36.96734255],[126.3853566,36.96886133],[126.38140819,36.96912273],[126.37725229,36.9683692],[126.37574716,36.96754879],[126.37490969,36.96609565],[126.37572164,36.96459359],[126.37386858,36.96224219],[126.37029131,36.96020831],[126.36767479,36.96159855],[126.36797133,36.96389737],[126.36401072,36.96786248],[126.36240162,36.96885011],[126.35734779,36.96887851],[126.35143015,36.96861351],[126.34781729,36.96677203],[126.34587506,36.96689442],[126.34337003,36.96669846],[126.3417287,36.96810474],[126.33784241,36.96853672],[126.33380341,36.96513513],[126.33355002,36.96189477],[126.33558752,36.96000938],[126.33882083,36.96054785],[126.34211824,36.96002753],[126.34328114,36.96103542],[126.34987921,36.9618206],[126.35140169,36.95974453],[126.35172494,36.95668434],[126.35098824,36.95261159],[126.3538607,36.9509749],[126.35539423,36.95240213],[126.35640205,36.95157976],[126.35867294,36.95292693],[126.36200579,36.94970198],[126.35929127,36.94714294],[126.35654311,36.9418579],[126.35970431,36.93877079],[126.36056284,36.94044899],[126.36206512,36.94201688],[126.36520791,36.94302535],[126.36543574,36.94512567],[126.36802605,36.94696378],[126.3705882,36.95151438],[126.37272327,36.94993127],[126.37380591,36.94664941],[126.37632042,36.94497748],[126.38000396,36.9451449],[126.38142507,36.94341462],[126.38160213,36.93820059],[126.382056,36.933306],[126.389139,36.930389],[126.397472,36.935444],[126.399972,36.932917],[126.407444,36.93375],[126.409167,36.939583],[126.415806,36.93875],[126.421194,36.931667],[126.417917,36.924139],[126.413306,36.920389],[126.404111,36.922083],[126.403722,36.919139],[126.409556,36.914972],[126.409167,36.907889],[126.425806,36.906222],[126.431222,36.9],[126.425806,36.897944],[126.421611,36.899556],[126.416667,36.894528],[126.405833,36.897056],[126.405,36.892056],[126.395833,36.893722],[126.3975,36.882028],[126.375833,36.882944],[126.365833,36.878778],[126.36375,36.875806],[126.37,36.867861],[126.36995592,36.85715699],[126.36419167,36.8516719],[126.355806,36.849583],[126.364556,36.833306],[126.363333,36.829556],[126.357472,36.830389],[126.342111,36.848306],[126.344139,36.861222],[126.330028,36.862917],[126.32516274,36.8564081],[126.3203748,36.85123005],[126.32503862,36.84775223],[126.31787345,36.8426557],[126.31956527,36.83869725],[126.32449904,36.83649573],[126.3252109,36.83064612],[126.32665459,36.82671497],[126.33585832,36.82858339],[126.33533738,36.81932387],[126.33748796,36.81622821],[126.32870212,36.81391456],[126.32252002,36.8195428],[126.32142027,36.81898064],[126.31716473,36.8138422],[126.31174181,36.81286805],[126.309583,36.814167],[126.30705774,36.81500616],[126.30484318,36.81399167],[126.30038106,36.81091609],[126.29613,36.80856585],[126.29527861,36.80602944],[126.29575613,36.80135855],[126.29115407,36.79788527],[126.28732123,36.7992884],[126.28746418,36.80910639],[126.28834104,36.81405513],[126.28678117,36.81652764],[126.284111,36.817083],[126.28090351,36.81759055],[126.282528,36.823722],[126.294139,36.824556],[126.315389,36.834139],[126.313306,36.839528],[126.293722,36.843333],[126.29581767,36.85294896],[126.302889,36.8575],[126.303722,36.861639],[126.299556,36.865833],[126.305833,36.867056],[126.31125,36.873306],[126.313333,36.883778],[126.316639,36.88625],[126.325806,36.884556],[126.331278,36.888306],[126.33,36.892056],[126.320778,36.892056],[126.319528,36.904167],[126.310778,36.907056],[126.306222,36.911639],[126.307944,36.914944],[126.300389,36.920778],[126.3018961,36.92629646],[126.30717536,36.92906232],[126.302083,36.945833],[126.307111,36.9475],[126.312083,36.957444],[126.3075,36.959583],[126.301611,36.957028],[126.297444,36.96375],[126.292083,36.964139],[126.303722,36.9675],[126.30625,36.975],[126.30389261,36.97739095],[126.30008346,36.97674446],[126.29227827,36.97003911],[126.28620199,36.96926627],[126.28540082,36.964572],[126.28889938,36.94577857],[126.28839651,36.94162572],[126.28933326,36.93646096],[126.292056,36.928333],[126.2852354,36.90911935],[126.2922898,36.90111089],[126.27922407,36.89862754],[126.27701714,36.89729247],[126.24717394,36.90940198],[126.24851751,36.91153528],[126.24993749,36.91203015],[126.25042299,36.91334988],[126.24845219,36.9135246],[126.24633957,36.9132233],[126.24418571,36.91038821],[126.240833,36.910444],[126.229167,36.906222],[126.21619644,36.90355369],[126.2159278,36.90098641],[126.21217191,36.89869169],[126.2067691,36.89892631],[126.20598038,36.90078036],[126.20698144,36.90243979],[126.20444383,36.90443047],[126.20358554,36.90469947],[126.20265304,36.90312585],[126.20494116,36.90145854],[126.2045247,36.89972362],[126.20220347,36.89443958],[126.19915987,36.89209254],[126.20058801,36.89102678],[126.19950192,36.8882062],[126.1972596,36.88582695],[126.19320236,36.88457261],[126.19177787,36.88579703],[126.18855163,36.88796675],[126.29224234,37.07255962],[126.39241367,37.09881604]]]]},"geometry_name":"the_geom","properties":{"id":"Shp_WRN2_POLY.4","BLN_Flag":"","Id_1":"131","LAYER":"","STD_ID1":"","WarnCode":"S2212200","name":"태안.서산 북쪽 평수구역"}},{"type":"Feature","id":"warnArea2Poly202106.5","geometry":{"type":"MultiPolygon","coordinates":[[[[126.282472,36.672083],[126.295417,36.659167],[126.299583,36.641611],[126.297083,36.621639],[126.291667,36.618722],[126.289972,36.622056],[126.282,36.6225],[126.287083,36.615806],[126.288722,36.604972],[126.287861,36.599111],[126.282083,36.593333],[126.2925,36.584583],[126.300833,36.587917],[126.302861,36.592472],[126.3,36.59625],[126.296667,36.59125],[126.29375,36.591639],[126.292083,36.598306],[126.296639,36.600417],[126.305833,36.60125],[126.311611,36.589528],[126.32189113,36.59301365],[126.3226396,36.59161406],[126.322083,36.586667],[126.314111,36.585417],[126.312083,36.5825],[126.312944,36.57],[126.327083,36.553306],[126.32625,36.5375],[126.330389,36.529167],[126.326222,36.515806],[126.332889,36.505833],[126.336222,36.490806],[126.330389,36.474972],[126.323722,36.469111],[126.3375,36.472917],[126.34073425,36.47993773],[126.34339211,36.47322813],[126.341222,36.473278],[126.340389,36.462444],[126.33375,36.461611],[126.332056,36.443306],[126.334972,36.439611],[126.34325,36.43875],[126.363278,36.441278],[126.36392529,36.44134338],[126.36530958,36.43721172],[126.36252182,36.43640857],[126.356667,36.437917],[126.352444,36.424528],[126.356639,36.424583],[126.361667,36.416222],[126.371611,36.411222],[126.380361,36.415833],[126.38116703,36.42114249],[126.385861,36.421222],[126.389139,36.421222],[126.38999457,36.42195107],[126.397028,36.419167],[126.39625,36.414167],[126.40054821,36.41251919],[126.409139,36.412917],[126.409583,36.405833],[126.417444,36.405417],[126.419139,36.399556],[126.424,36.3965],[126.430833,36.396944],[126.41527441,36.39297487],[126.406138,36.392856],[126.395174,36.393733],[126.38344942,36.39653617],[126.371475,36.401003],[126.358067,36.408178],[126.346138,36.415711],[126.33819275,36.42191552],[126.31498215,36.41368289],[126.26616923,36.67160079],[126.26617989,36.67162249],[126.266667,36.67125],[126.282472,36.672083]]]]},"geometry_name":"the_geom","properties":{"id":"Shp_WRN2_POLY._4","BLN_Flag":"","Id_1":"131","LAYER":"","STD_ID1":"","WarnCode":"S2211900","name":"안면도 서쪽 평수구역"}},{"type":"Feature","id":"warnArea2Poly202106.6","geometry":{"type":"MultiPolygon","coordinates":[[[[126.552861,36.1375],[126.554972,36.128722],[126.560778,36.129528],[126.569972,36.137917],[126.575833,36.137917],[126.598722,36.119139],[126.602056,36.111667],[126.606194,36.110028],[126.609944,36.097917],[126.614139,36.096222],[126.617472,36.101194],[126.622472,36.10125],[126.632056,36.098333],[126.630833,36.090417],[126.645389,36.091639],[126.644972,36.087889],[126.634972,36.083694],[126.624167,36.084556],[126.617917,36.076667],[126.629972,36.077083],[126.63125,36.054944],[126.644111,36.053778],[126.667917,36.033333],[126.666694,36.029528],[126.659556,36.029972],[126.662861,36.025],[126.660361,36.009972],[126.664556,36.005806],[126.701639,36.007028],[126.710806,36.004583],[126.712889,36.000833],[126.725861,35.998722],[126.72751193,36.00011248],[126.7296642,36.00356456],[126.73203816,36.0020574],[126.73461847,36.00102804],[126.73777256,36.00270501],[126.74156063,36.01194538],[126.74895627,36.01313764],[126.7560818,36.0108676],[126.756646,36.0105093],[126.7562288,36.0087587],[126.7551398,36.0086372],[126.7541798,36.0066962],[126.7530705,36.0016591],[126.7509274,35.9974776],[126.744944,35.988722],[126.738278,35.985389],[126.727472,35.98375],[126.706639,35.993722],[126.6945159,35.98766073],[126.6842041,36],[126.44581889,35.99992885],[126.4956665,36.12915039],[126.4962995,36.13206921],[126.502472,36.12875],[126.50398088,36.13005347],[126.50276775,36.13663476],[126.50295166,36.14332083],[126.506194,36.146667],[126.50815263,36.15100742],[126.511667,36.150389],[126.520806,36.151222],[126.535778,36.148722],[126.547528,36.142028],[126.552861,36.1375]]],[[[126.49180026,36.42134788],[126.487111,36.41],[126.4883313,36.4101691],[126.4882212,36.4087487],[126.4874029,36.4036707],[126.48673726,36.40068989],[126.482917,36.393306],[126.48403803,36.39301029],[126.4823097,36.3885243],[126.480315,36.3865098],[126.4806265,36.3837109],[126.4830899,36.3827108],[126.4886083,36.3831197],[126.49271,36.38141],[126.4948899,36.38299],[126.4999748,36.3826968],[126.50220064,36.3840091],[126.5004629,36.3808747],[126.5021608,36.3797262],[126.510806,36.379583],[126.546639,36.354583],[126.562944,36.351639],[126.5525,36.34875],[126.544139,36.340389],[126.529972,36.337917],[126.5197418,36.3351487],[126.516279,36.3323128],[126.516037,36.328138],[126.5126928,36.3275731],[126.502472,36.328722],[126.50125,36.3225],[126.511278,36.311667],[126.5175,36.297083],[126.524139,36.298778],[126.527472,36.296278],[126.54013262,36.2785247],[126.53948975,36.27520752],[126.36260986,36.32849121],[126.34411621,36.3269043],[126.3326416,36.3302002],[126.31498215,36.41368289],[126.33819275,36.42191552],[126.346138,36.415711],[126.358067,36.408178],[126.371475,36.401003],[126.38344942,36.39653617],[126.395174,36.393733],[126.406138,36.392856],[126.41527441,36.39297487],[126.430833,36.396944],[126.51650445,36.43795257],[126.52221757,36.44042314],[126.50591337,36.42729816],[126.50260528,36.42613818],[126.49775054,36.42613818],[126.49714906,36.42665372],[126.49553798,36.42534337],[126.49558094,36.42444116],[126.49895348,36.422916],[126.50037124,36.42186343],[126.49749276,36.41919976],[126.49180026,36.42134788]]]]},"geometry_name":"the_geom","properties":{"id":"Shp_WRN2_POLY.5","BLN_Flag":"","Id_1":"141","LAYER":"","STD_ID1":"","WarnCode":"S2210700","name":"충남남부앞바다_중평수구역 _중평"}},{"type":"Feature","id":"warnArea2Poly202106.7","geometry":{"type":"MultiPolygon","coordinates":[[[[126.6945159,35.98766073],[126.6894451,35.985232],[126.6474809,35.9790024],[126.6300699,35.97809],[126.6300366,35.9785528],[126.6279109,35.9784705],[126.6279274,35.9779552],[126.6222813,35.9777292],[126.6218151,35.9780497],[126.621641,35.9779132],[126.6222067,35.9772165],[126.624878,35.9773152],[126.6249185,35.9764979],[126.6243981,35.976467],[126.6244182,35.9759133],[126.6240978,35.9758985],[126.6244021,35.9710665],[126.6183464,35.9707528],[126.6179009,35.9764977],[126.6175936,35.9764741],[126.6175859,35.9766617],[126.617428,35.9766354],[126.6173046,35.977508],[126.6109103,35.9772052],[126.6105981,35.9773348],[126.6102748,35.9779924],[126.6100154,35.9781954],[126.6097019,35.9782358],[126.6093045,35.9781967],[126.609454,35.9776095],[126.6096072,35.9772416],[126.6098795,35.9771683],[126.5985168,35.9764495],[126.598473,35.9773631],[126.5730598,35.9761527],[126.5731463,35.9751702],[126.5633524,35.9745604],[126.5632805,35.9754402],[126.5472263,35.9746929],[126.5472589,35.9738288],[126.5348341,35.9731834],[126.5347372,35.9740937],[126.5258984,35.9736222],[126.52592,35.9733278],[126.5258142,35.9733199],[126.5258646,35.972737],[126.5254361,35.9727096],[126.5259762,35.9665048],[126.5244444,35.9664324],[126.5244532,35.96637],[126.523189,35.9663149],[126.5227214,35.9725504],[126.5223402,35.9725418],[126.5223049,35.9730931],[126.5217537,35.9730488],[126.5218097,35.9725411],[126.5213794,35.9725033],[126.5231274,35.9502137],[126.5221988,35.9495389],[126.5225951,35.9493713],[126.5230235,35.9496814],[126.523344,35.949659],[126.5233626,35.9493795],[126.5222947,35.9492722],[126.5218258,35.9486406],[126.5218633,35.9478788],[126.52329,35.94639],[126.524442,35.9459121],[126.52472,35.9458999],[126.5243981,35.9447143],[126.5250227,35.9440189],[126.5256204,35.9436278],[126.5268632,35.9436583],[126.5273936,35.9437846],[126.5284,35.9443101],[126.5293399,35.94458],[126.5300659,35.9446367],[126.5305248,35.9442808],[126.5305789,35.9435735],[126.530252,35.9425636],[126.5293279,35.9424714],[126.5284328,35.9400732],[126.5271682,35.9396647],[126.5258674,35.9387601],[126.5251816,35.9378221],[126.5248946,35.936789],[126.5250157,35.9356013],[126.5254331,35.934808],[126.5261101,35.9339854],[126.5269801,35.9334036],[126.5276363,35.9331604],[126.5278162,35.9333781],[126.5277573,35.9335886],[126.5275552,35.9336644],[126.52737,35.9335718],[126.5266305,35.93408],[126.5272447,35.9358901],[126.5292644,35.9381606],[126.5296096,35.9383796],[126.5298959,35.9384217],[126.532363,35.9377565],[126.5326577,35.9375039],[126.5327082,35.9372092],[126.5316304,35.9345401],[126.5313189,35.9346074],[126.5310326,35.933656],[126.5305611,35.9335213],[126.5300054,35.9334371],[126.5296265,35.9333529],[126.5294076,35.9335128],[126.5291213,35.9334371],[126.5290118,35.9331929],[126.5291971,35.9330497],[126.530098,35.9330834],[126.5307211,35.9331929],[126.5313021,35.9333444],[126.5317567,35.9333444],[126.531942,35.9332266],[126.4968132,35.8468224],[126.4908852,35.8382403],[126.4773,35.824],[126.4830032,35.8104622],[126.51623907,35.74113728],[126.4576416,35.67553711],[126.37360316,35.80036823],[126.3707812,35.82143669],[126.44581889,35.99992885],[126.6842041,36],[126.6945159,35.98766073]]]]},"geometry_name":"the_geom","properties":{"id":"Shp_WRN2_POLY.6","BLN_Flag":"","Id_1":"211","LAYER":"","STD_ID1":"","WarnCode":"S2210100","name":"전북북부앞바다_평수구역"}},{"type":"Feature","id":"warnArea2Poly202106.8","geometry":{"type":"MultiPolygon","coordinates":[[[[126.4576416,35.67553711],[126.51623907,35.74113728],[126.5189259,35.7352956],[126.5201734,35.7337133],[126.5213445,35.7328961],[126.5203832,35.7314615],[126.5211127,35.7310086],[126.5222741,35.7323562],[126.5227584,35.7321225],[126.5226481,35.7319922],[126.522773,35.7319077],[126.5225982,35.7317502],[126.5233103,35.7313203],[126.5239314,35.731937],[126.5263578,35.7304236],[126.5262785,35.7303467],[126.5264189,35.7297258],[126.5268284,35.7294727],[126.5269111,35.7295641],[126.5287517,35.7283261],[126.5274642,35.7278383],[126.5272067,35.7271416],[126.5308545,35.7242847],[126.5312407,35.7244589],[126.5282101,35.7269799],[126.52961,35.7276499],[126.5314761,35.7262983],[126.5316735,35.7264167],[126.5321198,35.7259499],[126.5317078,35.7255458],[126.5318623,35.7254203],[126.5323224,35.7257472],[126.5553757,35.6990376],[126.5547483,35.6987005],[126.5548817,35.6986244],[126.5554689,35.6988967],[126.5563162,35.6978352],[126.5562662,35.6977098],[126.55586492,35.69752514],[126.5555244,35.69759811],[126.5551814,35.6980471],[126.5551247,35.6980701],[126.5549972,35.6979838],[126.55520945,35.6976656],[126.554167,35.697889],[126.55409023,35.6978504],[126.5537932,35.6982254],[126.5537649,35.6983289],[126.5543173,35.6990249],[126.5543315,35.6991572],[126.5542182,35.6992492],[126.5535949,35.6984382],[126.5535241,35.6982311],[126.5545795,35.6969977],[126.5539907,35.6969826],[126.5538411,35.6967625],[126.5536636,35.6966486],[126.5534673,35.6965955],[126.553187,35.6965803],[126.5531402,35.6966941],[126.5527851,35.6965879],[126.5527664,35.6964513],[126.5524019,35.6963678],[126.5516075,35.6959655],[126.5513739,35.6961705],[126.5510375,35.6960111],[126.550701,35.6959352],[126.5504954,35.6959959],[126.5501216,35.6958137],[126.5501496,35.6957075],[126.5477291,35.6943109],[126.5474768,35.6939694],[126.5476065,35.6936329],[126.5470627,35.6926911],[126.5472608,35.6923707],[126.5472517,35.6918304],[126.54693,35.6918483],[126.5467652,35.6920018],[126.54675,35.69255],[126.5463338,35.6932596],[126.5455559,35.6929181],[126.5453301,35.69265],[126.54471,35.6923801],[126.54283,35.6919599],[126.5422796,35.6913668],[126.5419081,35.6911172],[126.5416352,35.6912317],[126.5409069,35.6910573],[126.5405479,35.6906828],[126.54002255,35.69028967],[126.539553,35.6900019],[126.5392257,35.6900801],[126.5388984,35.6898346],[126.5391299,35.68944],[126.53851,35.6891699],[126.5375086,35.6891347],[126.5371368,35.6890089],[126.5361975,35.6891894],[126.5357626,35.689436],[126.5356288,35.6895864],[126.5355763,35.6897766],[126.535961,35.6901244],[126.5356622,35.6903717],[126.5351717,35.6904132],[126.534735,35.6902805],[126.5342101,35.69024],[126.53392,35.68998],[126.5340042,35.6894419],[126.5340346,35.6890645],[126.5335301,35.6884851],[126.5327069,35.6882654],[126.5325699,35.68789],[126.53307,35.68688],[126.53308,35.6866199],[126.5327799,35.6861],[126.5327899,35.68558],[126.5322001,35.68455],[126.5322001,35.6842899],[126.5318914,35.6842487],[126.5317724,35.6839771],[126.5305805,35.6832351],[126.53066,35.6829397],[126.5309769,35.6829327],[126.5309061,35.6826738],[126.5304882,35.6827025],[126.5302758,35.6823171],[126.5303041,35.682133],[126.5304599,35.6821157],[126.5306511,35.682133],[126.5308211,35.6821272],[126.5308636,35.6818799],[126.5307928,35.6813736],[126.5304457,35.6807868],[126.5298862,35.6801942],[126.5288805,35.6786063],[126.5287105,35.6781288],[126.5281722,35.6774614],[126.52740484,35.67717881],[126.5268548,35.6770127],[126.5268123,35.6769034],[126.5269752,35.6767768],[126.5271523,35.6767768],[126.5272444,35.6762072],[126.5269327,35.6759368],[126.5267769,35.6760691],[126.5266707,35.6759886],[126.5268548,35.6758505],[126.5265219,35.6755743],[126.5267557,35.675396],[126.5262528,35.6749357],[126.5256933,35.6753039],[126.5261395,35.6756721],[126.5260262,35.6757527],[126.5255445,35.6753212],[126.5251904,35.6754707],[126.5258278,35.6758505],[126.5266211,35.6771738],[126.52659,35.6774901],[126.52596,35.6776099],[126.5253299,35.6776001],[126.52502,35.67733],[126.5240801,35.67731],[126.5237601,35.6771799],[126.5237799,35.67667],[126.52316,35.6765199],[126.52285,35.6762601],[126.52192,35.67586],[126.52194,35.67509],[126.5213201,35.6749399],[126.52069,35.67468],[126.52038,35.67441],[126.5200801,35.6742799],[126.5196501,35.6727299],[126.51935,35.67246],[126.5175956,35.6698779],[126.5172311,35.6696653],[126.516689,35.6694375],[126.5163059,35.6688453],[126.5157078,35.6680785],[126.5149694,35.6672585],[126.5146517,35.6667877],[126.5137545,35.6658766],[126.51339,35.6657627],[126.5128293,35.6653375],[126.5123994,35.6653451],[126.5119228,35.6654742],[126.511306,35.6655349],[126.5106518,35.6654818],[126.5102312,35.6652085],[126.50938,35.66378],[126.50816,35.6625999],[126.50692,35.6619301],[126.5067051,35.6615315],[126.5050901,35.66022],[126.4990994,35.6569657],[126.4989491,35.6566211],[126.498976,35.6563813],[126.4988901,35.6563551],[126.498933,35.6561588],[126.4987136,35.6561323],[126.4987136,35.6560596],[126.4989577,35.6560927],[126.4992018,35.6546978],[126.4979733,35.6539177],[126.4979733,35.653812],[126.4976966,35.6537128],[126.4976315,35.6538715],[126.4975827,35.6544135],[126.4978944,35.6548491],[126.49814695,35.65555117],[126.4983963,35.6566347],[126.4985102,35.6568925],[126.4985021,35.6571702],[126.4981209,35.6573404],[126.49669,35.6571],[126.4967,35.6565801],[126.49638,35.6567001],[126.49606,35.6567001],[126.4957599,35.65643],[126.49483,35.6560201],[126.4948501,35.65552],[126.4942199,35.6553701],[126.49202,35.6552],[126.49189,35.65442],[126.49159,35.6539101],[126.49147,35.65288],[126.4908401,35.65273],[126.49023,35.65221],[126.4889799,35.6518001],[126.489,35.6512799],[126.48837,35.6511401],[126.4877499,35.65087],[126.48745,35.6506099],[126.48682,35.6504701],[126.48669,35.6496901],[126.4860701,35.6491699],[126.48502,35.6475999],[126.4843901,35.6475899],[126.4844101,35.64708],[126.48316,35.6467901],[126.4829699,35.6478199],[126.4818401,35.6488199],[126.4809,35.64855],[126.4810999,35.6472699],[126.48145,35.6462501],[126.48146,35.64573],[126.48101,35.64521],[126.47696211,35.64373525],[126.4769699,35.64333],[126.4750799,35.64367],[126.47415,35.6431401],[126.4700799,35.64254],[126.46977,35.6424],[126.4697781,35.641249],[126.4691297,35.6412885],[126.4684481,35.641809],[126.4688757,35.64263],[126.46912,35.6429001],[126.4685001,35.64276],[126.4678699,35.64275],[126.4678928,35.6422916],[126.4674582,35.6423144],[126.4673193,35.6424775],[126.4674976,35.6426533],[126.4674228,35.6429449],[126.4673309,35.6429797],[126.4667421,35.6424302],[126.466481,35.6419699],[126.46569,35.6418001],[126.4655382,35.6414196],[126.465986,35.6412495],[126.4656818,35.6405494],[126.465874,35.6404003],[126.46545,35.6394899],[126.46482,35.6394701],[126.4645299,35.6387099],[126.46391,35.63855],[126.46265,35.63853],[126.4617,35.63864],[126.4623217,35.6379005],[126.4624766,35.6372449],[126.4602872,35.6360487],[126.4597816,35.636184],[126.4594905,35.6364899],[126.4593596,35.6371182],[126.4590712,35.6374086],[126.4586256,35.6376319],[126.45830368,35.6377059],[126.4576416,35.67553711]]]]},"geometry_name":"the_geom","properties":{"id":"Shp_WRN2_POLY.7","BLN_Flag":"","Id_1":"221","LAYER":"","STD_ID1":"","WarnCode":"S2210200","name":"전북남부앞바다_평수구역"}},{"type":"Feature","id":"warnArea2Poly202106.9","geometry":{"type":"MultiPolygon","coordinates":[[[[126.457056,35.074944],[126.45340228,35.0731481],[126.44378995,35.081611],[126.457056,35.074944]]],[[[126.33579095,35.2447672],[126.32607844,35.2411055],[126.32462962,35.23612364],[126.32416514,35.24269676],[126.32130554,35.24451684],[126.3113007,35.25331449],[126.30013568,35.23169354],[126.29928826,35.2186759],[126.30276484,35.20961954],[126.31504591,35.20756908],[126.32150479,35.20392281],[126.3287158,35.20309014],[126.3394042,35.2091987],[126.33761897,35.19258773],[126.35399724,35.19625947],[126.35630625,35.20254717],[126.36629216,35.20554679],[126.37682923,35.21190979],[126.37872831,35.20813757],[126.374972,35.200389],[126.364528,35.197472],[126.369194,35.189556],[126.375389,35.191639],[126.370806,35.180389],[126.365833,35.187889],[126.364167,35.185389],[126.350444,35.183306],[126.360389,35.181639],[126.35825,35.17375],[126.35963358,35.16828719],[126.370389,35.159139],[126.382056,35.1575],[126.379556,35.153333],[126.382472,35.147028],[126.392056,35.148333],[126.383722,35.142472],[126.389139,35.137056],[126.394139,35.137083],[126.397472,35.142028],[126.399972,35.13625],[126.417917,35.110806],[126.420778,35.105389],[126.445,35.10625],[126.445778,35.10375],[126.460806,35.102111],[126.460778,35.096278],[126.454139,35.087889],[126.452472,35.090417],[126.43815613,35.08657552],[126.34057617,35.17260742],[126.14639889,35.17336983],[126.33001709,35.28039551],[126.33396956,35.28201537],[126.3294629,35.27045517],[126.32545287,35.26235423],[126.32419584,35.25257045],[126.32667176,35.24743662],[126.33579095,35.2447672]]]]},"geometry_name":"the_geom","properties":{"id":"Shp_WRN2_POLY.8","BLN_Flag":"","Id_1":"231","LAYER":"","STD_ID1":"","WarnCode":"S2210300","name":"전남북부서해앞바다중 평수구역"}},{"type":"Feature","id":"warnArea2Poly202106.10","geometry":{"type":"MultiPolygon","coordinates":[[[[126.43815613,35.08657552],[126.435389,35.085833],[126.44378995,35.081611],[126.45340228,35.0731481],[126.450389,35.071667],[126.441722,35.058722],[126.417917,35.045],[126.416222,35.040833],[126.423778,35.033333],[126.42375,35.025833],[126.419167,35.024583],[126.411694,35.030389],[126.405,35.027889],[126.402056,35.030806],[126.398722,35.035028],[126.400861,35.045417],[126.393333,35.042056],[126.387889,35.044972],[126.388333,35.048778],[126.390833,35.044583],[126.393306,35.047889],[126.402917,35.05],[126.390778,35.06125],[126.3975,35.060417],[126.4,35.056222],[126.404139,35.057056],[126.407083,35.063306],[126.401194,35.066667],[126.407917,35.065833],[126.398306,35.076222],[126.394556,35.075806],[126.387444,35.065417],[126.380444,35.067472],[126.387111,35.080778],[126.391222,35.082472],[126.389194,35.087083],[126.385,35.087889],[126.378722,35.081639],[126.379556,35.074972],[126.372083,35.07],[126.368722,35.059167],[126.365,35.058722],[126.367889,35.071667],[126.363333,35.079583],[126.354194,35.077917],[126.349139,35.081222],[126.345806,35.07875],[126.341222,35.080833],[126.340389,35.086639],[126.347889,35.091667],[126.350806,35.100444],[126.341639,35.09125],[126.333278,35.09125],[126.329556,35.094139],[126.333722,35.0975],[126.33375,35.105],[126.326306,35.1075],[126.331278,35.110833],[126.329167,35.117083],[126.339556,35.119139],[126.337056,35.123306],[126.344583,35.136639],[126.345806,35.160444],[126.330028,35.149556],[126.325833,35.151222],[126.323722,35.149139],[126.324167,35.145417],[126.331278,35.143333],[126.327528,35.13375],[126.317083,35.130833],[126.321222,35.13],[126.32103993,35.12738312],[126.31606661,35.12792428],[126.3079991,35.12745531],[126.306222,35.129167],[126.307111,35.138333],[126.295,35.13875],[126.290028,35.142083],[126.28927466,35.13506534],[126.279167,35.135417],[126.272472,35.15125],[126.254611,35.140833],[126.256278,35.1325],[126.253306,35.135417],[126.249583,35.133333],[126.239556,35.111694],[126.25,35.113694],[126.257056,35.109167],[126.259111,35.099611],[126.261667,35.10125],[126.266222,35.099139],[126.2675,35.095389],[126.264944,35.097917],[126.259167,35.096222],[126.254556,35.09],[126.263333,35.083722],[126.267528,35.083722],[126.270833,35.088778],[126.278361,35.081194],[126.286639,35.084583],[126.286194,35.080806],[126.291222,35.078333],[126.284583,35.075],[126.284556,35.069167],[126.279139,35.064556],[126.272917,35.065806],[126.278333,35.079611],[126.274972,35.07625],[126.272472,35.078722],[126.265861,35.077083],[126.263722,35.074167],[126.26875,35.068278],[126.262111,35.064139],[126.262083,35.054972],[126.265028,35.052917],[126.279194,35.055417],[126.280833,35.062083],[126.292528,35.060389],[126.295389,35.058333],[126.290361,35.05],[126.298778,35.050806],[126.299583,35.046639],[126.29375,35.041639],[126.296639,35.041194],[126.31375,35.055833],[126.311611,35.059556],[126.299583,35.061639],[126.3025,35.067083],[126.311611,35.066278],[126.31625,35.070833],[126.306639,35.079556],[126.300028,35.080417],[126.295417,35.092528],[126.287083,35.096694],[126.294556,35.1],[126.292028,35.106639],[126.294972,35.112889],[126.298778,35.108333],[126.297861,35.103278],[126.30625,35.099972],[126.302889,35.098361],[126.30375,35.093333],[126.309139,35.094556],[126.314583,35.089972],[126.312528,35.082944],[126.321667,35.089556],[126.329194,35.08875],[126.334583,35.083306],[126.342111,35.069167],[126.329556,35.062472],[126.3325,35.058722],[126.335806,35.06125],[126.350417,35.053333],[126.343722,35.050833],[126.350028,35.038778],[126.369139,35.047889],[126.373333,35.04375],[126.374972,35.04875],[126.379139,35.04875],[126.388806,35.034972],[126.389139,35.025417],[126.345806,35.003722],[126.343333,34.999583],[126.33375,34.997472],[126.331611,34.99125],[126.342444,34.99625],[126.357889,34.991667],[126.358722,34.985833],[126.3525,34.984556],[126.344139,34.973722],[126.33575,34.972917],[126.328306,34.967083],[126.327917,34.972444],[126.322083,34.974167],[126.319111,34.982056],[126.314944,34.975389],[126.31125,34.975806],[126.314167,34.98875],[126.305417,34.986667],[126.303722,34.978333],[126.297083,34.975833],[126.295389,34.963333],[126.301611,34.95625],[126.307111,34.955],[126.312472,34.947056],[126.321667,34.944556],[126.315806,34.937111],[126.304556,34.934167],[126.305,34.927083],[126.312472,34.926222],[126.3175,34.93125],[126.322444,34.928722],[126.324944,34.93125],[126.329167,34.923722],[126.329917,34.921278],[126.329167,34.917083],[126.344111,34.914528],[126.343694,34.919167],[126.350833,34.917083],[126.353778,34.923333],[126.36804326,34.91991839],[126.365778,34.932083],[126.374583,34.94],[126.367472,34.942917],[126.367083,34.945833],[126.371194,34.947472],[126.376222,34.958333],[126.369194,34.962889],[126.361639,34.962028],[126.360417,34.969167],[126.361667,34.972111],[126.370389,34.973333],[126.366222,34.983306],[126.370861,34.997889],[126.374583,34.996667],[126.372917,34.989972],[126.378694,34.987472],[126.377889,34.971667],[126.382444,34.967917],[126.390361,34.968306],[126.39431438,34.96223318],[126.38875,34.953333],[126.38875,34.939944],[126.402056,34.936639],[126.390389,34.929972],[126.390361,34.922472],[126.40375,34.91],[126.4,34.900417],[126.390361,34.899972],[126.390389,34.890806],[126.383694,34.886611],[126.38875,34.885],[126.38625,34.878306],[126.388306,34.877083],[126.39217058,34.88275572],[126.40174805,34.88014071],[126.395389,34.873306],[126.394556,34.868306],[126.403778,34.865],[126.40125,34.859167],[126.406222,34.8575],[126.404583,34.848361],[126.412028,34.843306],[126.4,34.84375],[126.38829115,34.83580904],[126.38720503,34.83087256],[126.385,34.830417],[126.381694,34.822056],[126.378333,34.82375],[126.375361,34.820833],[126.373722,34.815806],[126.37028907,34.81334066],[126.36702476,34.81049023],[126.364556,34.8075],[126.366222,34.804139],[126.35090754,34.79709049],[126.36909494,34.78083811],[126.379083,34.777917],[126.386667,34.784556],[126.389944,34.78125],[126.399139,34.782889],[126.42884017,34.79358526],[126.44098894,34.79939043],[126.44962888,34.78304629],[126.40654649,34.77217134],[126.394139,34.773722],[126.378722,34.7675],[126.37875,34.749111],[126.366667,34.752056],[126.367056,34.748306],[126.362528,34.747917],[126.362056,34.744139],[126.368306,34.739556],[126.379194,34.738778],[126.386667,34.730389],[126.395389,34.734139],[126.395,34.740361],[126.405806,34.738722],[126.406222,34.744167],[126.413333,34.747917],[126.419139,34.742083],[126.428306,34.743778],[126.42679557,34.74137591],[126.425389,34.739139],[126.42667559,34.73682277],[126.42145148,34.73313086],[126.39015028,34.72336609],[126.26470947,34.78009033],[126.23126221,34.70043945],[126.23431396,34.6003418],[126.19958496,34.56079102],[126.10015869,34.53985596],[126.04290771,34.51696777],[126.04754639,34.5302124],[126.04821777,34.53527832],[126.04272461,34.53546143],[126.03436279,34.53656006],[126.02862549,34.54406738],[125.96899414,34.57861328],[125.97406006,34.58758545],[125.97473145,34.59246826],[125.97387695,34.59533691],[125.9710083,34.59661865],[125.96307373,34.59619141],[125.95715332,34.59484863],[125.88781738,34.73236084],[125.90478516,34.73455811],[125.92547607,34.76171875],[126.00030518,34.78967285],[126.03649902,34.84387207],[126.03961182,34.84875488],[126.04449463,34.85467529],[126.04949951,34.86083984],[126.07611084,34.91491699],[126.09088135,34.92242432],[126.12390137,34.94848633],[126.13354492,34.95367432],[126.13793945,34.95983887],[126.14105225,34.97216797],[126.14709473,34.97668457],[126.15228271,34.98632813],[126.14172363,35.00427246],[126.12963867,35.02099609],[126.12591553,35.02410889],[126.10229492,35.05151367],[126.0925293,35.07287598],[126.02947998,35.08850098],[126.019104,35.10192871],[126.01708984,35.10449219],[126.14639889,35.17336983],[126.34057617,35.17260742],[126.43815613,35.08657552]]]]},"geometry_name":"the_geom","properties":{"id":"Shp_WRN2_POLY.9","BLN_Flag":"","Id_1":"242","LAYER":"","STD_ID1":"","WarnCode":"S2211400","name":"전남중부서해앞바다중 앞평수구역"}},{"type":"Feature","id":"warnArea2Poly202106.11","geometry":{"type":"MultiPolygon","coordinates":[[[[126.02947998,35.08850098],[126.0925293,35.07287598],[126.10229492,35.05151367],[126.12591553,35.02410889],[126.12963867,35.02099609],[126.14172363,35.00427246],[126.15228271,34.98632813],[126.14709473,34.97668457],[126.14105225,34.97216797],[126.13793945,34.95983887],[126.13354492,34.95367432],[126.12390137,34.94848633],[126.09088135,34.92242432],[126.07611084,34.91491699],[126.04949951,34.86083984],[126.04449463,34.85467529],[126.03961182,34.84875488],[126.00030518,34.78967285],[125.92547607,34.76171875],[125.89971924,34.78051758],[125.90307617,34.78912354],[125.90930176,34.79510498],[125.96850586,34.87670898],[126.01068115,35.09307861],[126.01068115,35.09747314],[126.01708984,35.10449219],[126.02947998,35.08850098]]]]},"geometry_name":"the_geom","properties":{"id":"Shp_WRN2_POLY.10","BLN_Flag":"","Id_1":"241","LAYER":"","STD_ID1":"","WarnCode":"S2211300","name":"전남중부서해앞바다중 먼평수구역"}},{"type":"Feature","id":"warnArea2Poly202106.12","geometry":{"type":"MultiPolygon","coordinates":[[[[126.26470947,34.78009033],[126.3878138,34.72461536],[126.39015028,34.72336609],[126.3818573,34.7168616],[126.37502813,34.71005611],[126.3688611,34.69836883],[126.35743586,34.69328302],[126.348278,34.700389],[126.348722,34.710806],[126.34,34.71875],[126.331278,34.721639],[126.330417,34.734167],[126.327083,34.736667],[126.328778,34.740833],[126.323306,34.739556],[126.31875,34.743306],[126.319111,34.75125],[126.309139,34.747083],[126.309583,34.755],[126.3025,34.761194],[126.294194,34.762889],[126.28625,34.759972],[126.275417,34.730833],[126.275389,34.723333],[126.281222,34.720833],[126.272861,34.7175],[126.268306,34.702056],[126.263333,34.709611],[126.259528,34.705806],[126.257056,34.694167],[126.259194,34.688722],[126.263806,34.688333],[126.254556,34.681639],[126.254972,34.677889],[126.258722,34.6775],[126.255389,34.663278],[126.262889,34.659167],[126.258722,34.654139],[126.267889,34.647472],[126.266667,34.644583],[126.259972,34.646222],[126.26,34.64125],[126.279139,34.629583],[126.289194,34.634556],[126.294194,34.628722],[126.289972,34.622056],[126.281639,34.622889],[126.282889,34.618333],[126.278722,34.610806],[126.287028,34.605778],[126.279583,34.599944],[126.279583,34.595833],[126.290833,34.591222],[126.290417,34.596639],[126.297472,34.600417],[126.298333,34.590417],[126.312083,34.587444],[126.302944,34.576667],[126.3075,34.577056],[126.305389,34.573333],[126.314139,34.566194],[126.33375,34.572472],[126.35056561,34.56759693],[126.35375,34.571639],[126.355,34.565389],[126.358306,34.565389],[126.362528,34.559528],[126.374139,34.559556],[126.379972,34.562889],[126.388722,34.558306],[126.382944,34.555778],[126.387889,34.549139],[126.377861,34.54],[126.387444,34.532083],[126.402944,34.539167],[126.4,34.548778],[126.415778,34.54625],[126.418361,34.557056],[126.43375,34.551667],[126.431222,34.545833],[126.433389,34.535389],[126.443278,34.53875],[126.445806,34.535361],[126.455806,34.536194],[126.44523853,34.52659721],[126.44378839,34.52185317],[126.45668345,34.51987824],[126.473306,34.50875],[126.456194,34.502444],[126.457056,34.497472],[126.462861,34.494972],[126.455028,34.492056],[126.454528,34.489111],[126.461639,34.487889],[126.464639,34.483333],[126.453694,34.482472],[126.454528,34.475778],[126.4625,34.46875],[126.473333,34.468722],[126.469167,34.462861],[126.466222,34.461667],[126.476694,34.449583],[126.467528,34.44875],[126.464083,34.454583],[126.452944,34.450806],[126.453306,34.447889],[126.466194,34.439972],[126.475,34.427028],[126.480833,34.42625],[126.48125,34.433361],[126.485028,34.434583],[126.495806,34.43125],[126.505778,34.440389],[126.512889,34.435833],[126.507083,34.426667],[126.515806,34.414528],[126.499944,34.40625],[126.4925,34.410389],[126.485417,34.409167],[126.489528,34.405806],[126.485417,34.402528],[126.489583,34.399167],[126.487889,34.395806],[126.492472,34.395389],[126.493306,34.390389],[126.500417,34.388278],[126.485806,34.387083],[126.4825,34.39125],[126.480806,34.387889],[126.470028,34.386222],[126.465417,34.380806],[126.469944,34.383722],[126.478306,34.383722],[126.472944,34.379139],[126.479583,34.375833],[126.475444,34.371639],[126.483722,34.366639],[126.475361,34.366639],[126.478306,34.35875],[126.46825,34.364556],[126.464528,34.364139],[126.464556,34.359167],[126.472472,34.350389],[126.478306,34.35125],[126.491639,34.360389],[126.498333,34.357111],[126.504194,34.366222],[126.517917,34.363333],[126.521278,34.355],[126.520389,34.345028],[126.525417,34.334139],[126.519972,34.325417],[126.511194,34.319972],[126.517917,34.314972],[126.514583,34.308306],[126.515417,34.296667],[126.51602013,34.29642853],[126.51754587,34.29582526],[126.5164785,34.29522747],[126.46612765,34.27658528],[126.37207031,34.40875244],[126.34655762,34.38519287],[126.30297852,34.37225342],[126.30163574,34.37683105],[126.2946167,34.38323975],[126.29260254,34.39135742],[126.27941895,34.41137695],[126.159729,34.37133789],[126.15643311,34.3737793],[126.14501953,34.36938477],[126.14147949,34.36694336],[126.14611816,34.3581543],[126.10960966,34.29273044],[126.05,34.316667],[125.983333,34.333333],[126.01452637,34.3605957],[126.0402832,34.4619751],[126.043396,34.46704102],[126.0435791,34.4710083],[126.04248047,34.47564697],[126.03479004,34.47961426],[126.03283691,34.48400879],[126.04290771,34.51696777],[126.10015869,34.53985596],[126.19958496,34.56079102],[126.23431396,34.6003418],[126.23126221,34.70043945],[126.26470947,34.78009033]]]]},"geometry_name":"the_geom","properties":{"id":"Shp_WRN2_POLY.11","BLN_Flag":"","Id_1":"251","LAYER":"","STD_ID1":"","WarnCode":"S2210500","name":"전남남부서해앞바다중 평수구역"}},{"type":"Feature","id":"warnArea2Poly202106.13","geometry":{"type":"MultiPolygon","coordinates":[[[[126.10960966,34.29273044],[126.09472656,34.26727295],[126.07672119,34.24749756],[126.06848145,34.23931885],[126.02587891,34.22869873],[125.98028564,34.26550293],[125.9675293,34.3190918],[125.983333,34.333333],[126.05,34.316667],[126.10960966,34.29273044]]]]},"geometry_name":"the_geom","properties":{"id":"Shp_WRN2_POLY.12","BLN_Flag":"","Id_1":"261","LAYER":"","STD_ID1":"","WarnCode":"S2211200","name":"서해남부먼바다중 조도부근평수구?"}},{"type":"Feature","id":"warnArea2Poly202106.14","geometry":{"type":"MultiPolygon","coordinates":[[[[127.04589844,34.63446045],[127.06835938,34.46551514],[127.13525391,34.40698242],[127.16998291,34.31878662],[127.13195801,34.30029297],[126.9730835,34.30114746],[126.89233398,34.21557617],[126.88067627,34.18212891],[126.86114479,34.1766434],[126.84693318,34.17421774],[126.76208496,34.17773438],[126.6496582,34.19995117],[126.65631104,34.1852417],[126.65081787,34.14825439],[126.63317871,34.15002441],[126.6239624,34.15704346],[126.61407471,34.15814209],[126.60437012,34.16259766],[126.59643555,34.16430664],[126.58831787,34.16430664],[126.56982422,34.15948486],[126.5078125,34.13482666],[126.48071289,34.17840576],[126.47125244,34.19073486],[126.46612765,34.27658528],[126.51602013,34.29642853],[126.51754587,34.29582526],[126.524972,34.292889],[126.529611,34.297472],[126.529111,34.302083],[126.544972,34.304583],[126.558306,34.322944],[126.584167,34.321222],[126.595,34.31375],[126.605028,34.315389],[126.60625,34.318333],[126.602083,34.322472],[126.604556,34.334167],[126.600417,34.338306],[126.608806,34.344139],[126.608778,34.347472],[126.601667,34.347028],[126.60125,34.349139],[126.620389,34.36],[126.616222,34.365806],[126.620389,34.379972],[126.614139,34.381222],[126.612028,34.384972],[126.621222,34.396639],[126.616222,34.403306],[126.623333,34.408722],[126.628306,34.403722],[126.636667,34.412917],[126.645,34.409528],[126.650389,34.423333],[126.6575,34.421222],[126.663306,34.428722],[126.675806,34.41625],[126.678722,34.420833],[126.674556,34.426639],[126.680806,34.427056],[126.689556,34.433333],[126.698722,34.441639],[126.705028,34.439528],[126.709972,34.439556],[126.714944,34.444583],[126.722472,34.442889],[126.734556,34.445],[126.734111,34.448722],[126.744972,34.469583],[126.749583,34.475861],[126.741222,34.480861],[126.739583,34.487528],[126.747472,34.492083],[126.758278,34.49125],[126.759583,34.496639],[126.766194,34.499972],[126.76118677,34.50439984],[126.75833526,34.52550036],[126.772056,34.526639],[126.762944,34.534139],[126.7645,34.540028],[126.767889,34.540833],[126.765361,34.546611],[126.767889,34.556639],[126.763722,34.559111],[126.766278,34.563306],[126.770389,34.594111],[126.772056,34.61],[126.766639,34.621222],[126.777111,34.619139],[126.778722,34.591639],[126.789583,34.585806],[126.784583,34.576611],[126.795389,34.566694],[126.788722,34.561639],[126.79125,34.5575],[126.788694,34.554139],[126.800361,34.55],[126.791222,34.542444],[126.790417,34.524167],[126.786222,34.514139],[126.790361,34.511639],[126.792917,34.501667],[126.790417,34.4975],[126.793694,34.495778],[126.792056,34.489972],[126.795417,34.488306],[126.796222,34.480833],[126.787444,34.478722],[126.784556,34.469972],[126.789194,34.467889],[126.807444,34.469583],[126.805417,34.463306],[126.80875,34.4625],[126.803722,34.459139],[126.805806,34.451222],[126.814222,34.455389],[126.819194,34.449583],[126.830806,34.448694],[126.838361,34.45125],[126.842444,34.447861],[126.846639,34.44875],[126.855778,34.442028],[126.859167,34.442889],[126.863278,34.435361],[126.867472,34.43875],[126.875861,34.435417],[126.880361,34.424139],[126.884111,34.422889],[126.887889,34.434972],[126.87875,34.45],[126.869528,34.455861],[126.871639,34.457889],[126.888333,34.456222],[126.92460834,34.45290453],[126.929972,34.44625],[126.937472,34.447056],[126.94625,34.455833],[126.947083,34.461639],[126.941278,34.464167],[126.937083,34.474972],[126.939944,34.484583],[126.947917,34.481639],[126.954139,34.469556],[126.960833,34.470389],[126.966694,34.477083],[126.972528,34.475417],[126.975,34.470417],[126.978722,34.470806],[126.977917,34.487472],[126.967472,34.492889],[126.965361,34.4975],[126.969583,34.51],[126.9775,34.509556],[126.978694,34.511639],[126.972111,34.518278],[126.972889,34.525806],[126.963278,34.526194],[126.959583,34.5325],[126.971639,34.543694],[126.987528,34.540417],[126.989139,34.560417],[126.994944,34.56125],[127.005389,34.555806],[127.005806,34.570417],[126.999972,34.567861],[126.995861,34.570361],[126.989167,34.568722],[126.97875,34.575806],[126.985861,34.577083],[126.992056,34.584167],[126.992083,34.594139],[126.998694,34.598306],[126.996194,34.604167],[127.003306,34.602889],[127.005,34.607028],[127.009167,34.605389],[127.009528,34.609167],[126.996611,34.612917],[126.992861,34.616639],[126.994139,34.62375],[126.970861,34.62125],[126.957056,34.630806],[126.969139,34.626222],[126.990833,34.626222],[127.002472,34.626222],[127.015028,34.62375],[127.031611,34.629583],[127.0375,34.635389],[127.0457282,34.63464131],[127.04589844,34.63446045]]]]},"geometry_name":"the_geom","properties":{"id":"Shp_WRN2_POLY.13","BLN_Flag":"","Id_1":"311","LAYER":"","STD_ID1":"","WarnCode":"S2310700","name":"전남서부남해앞바다중 평수구역"}},{"type":"Feature","id":"warnArea2Poly202106.15","geometry":{"type":"MultiPolygon","coordinates":[[[[126.32049497,33.96573544],[126.32142831,33.96552072],[126.32162293,33.96561289],[126.32247875,33.96595699],[126.32335468,33.96626837],[126.32424884,33.96654635],[126.32515928,33.96679035],[126.32608403,33.96699983],[126.32702108,33.96717432],[126.32749645,33.96728495],[126.32824171,33.96745432],[126.32861767,33.96752992],[126.32899564,33.96759942],[126.32937548,33.96766279],[126.32975703,33.96772],[126.33014014,33.96777104],[126.33056091,33.9678241],[126.3312564,33.96795714],[126.33198906,33.96808647],[126.33237539,33.96815154],[126.33276339,33.96821065],[126.33315293,33.96826378],[126.33354386,33.96831092],[126.33393604,33.96835205],[126.33432932,33.96838714],[126.33472357,33.9684162],[126.33511864,33.9684392],[126.33551439,33.96845614],[126.33591066,33.96846702],[126.33630732,33.96847182],[126.33655253,33.96847104],[126.33702399,33.96846708],[126.33744872,33.96845913],[126.33787338,33.96844419],[126.3382978,33.96842228],[126.3387218,33.96839339],[126.3391452,33.96835755],[126.33956782,33.96831476],[126.33998948,33.96826505],[126.34041001,33.96820844],[126.34082923,33.96814494],[126.34124695,33.96807459],[126.34166301,33.96799742],[126.34207723,33.96791346],[126.34248943,33.96782274],[126.34289944,33.96772531],[126.34330709,33.9676212],[126.34371221,33.96751045],[126.34411461,33.96739313],[126.34451414,33.96726926],[126.34491063,33.96713891],[126.34520181,33.96708993],[126.3454756,33.96704326],[126.3458844,33.96697036],[126.34629151,33.9668909],[126.34669675,33.96680492],[126.34709996,33.96671246],[126.34750097,33.96661355],[126.34789962,33.96650823],[126.34829576,33.96639655],[126.34868921,33.96627855],[126.34907982,33.96615427],[126.34946743,33.96602378],[126.34985188,33.96588712],[126.35023302,33.96574434],[126.35061069,33.96559551],[126.35098473,33.96544069],[126.351355,33.96527994],[126.35172135,33.96511332],[126.35208362,33.9649409],[126.35244167,33.96476275],[126.35279535,33.96457895],[126.35314452,33.96438957],[126.35349184,33.96420951],[126.35383482,33.96402404],[126.35417332,33.96383326],[126.35450719,33.96363723],[126.35483632,33.96343603],[126.35516058,33.96322975],[126.35547982,33.96301845],[126.35579394,33.96280223],[126.35610281,33.96258117],[126.35640629,33.96235536],[126.35670428,33.96212488],[126.35699666,33.96188983],[126.35728332,33.9616503],[126.35756413,33.96140638],[126.35783899,33.96115817],[126.35810779,33.96090577],[126.35819345,33.96082386],[126.35844683,33.96057748],[126.35869436,33.96032735],[126.35893595,33.96007356],[126.35917151,33.95981622],[126.35940094,33.95955541],[126.35962416,33.95929124],[126.35984109,33.9590238],[126.36005166,33.95875319],[126.36025577,33.95847951],[126.36045336,33.95820287],[126.36064435,33.95792336],[126.36082867,33.9576411],[126.36104828,33.95734101],[126.3612602,33.95703751],[126.36146436,33.95673072],[126.36166065,33.95642078],[126.36202932,33.95579196],[126.36220154,33.95547336],[126.36236558,33.95515214],[126.36252138,33.95482844],[126.36266886,33.95450241],[126.36280797,33.95417417],[126.36293865,33.95384388],[126.36306083,33.95351166],[126.36317446,33.95317768],[126.3633124,33.95272707],[126.36337592,33.95250496],[126.36346365,33.95216651],[126.36354266,33.95182686],[126.36361293,33.95148616],[126.36367441,33.95114455],[126.36372709,33.95080218],[126.36377094,33.9504592],[126.36380594,33.95011575],[126.36383209,33.94977198],[126.36384936,33.94942804],[126.36385774,33.94908407],[126.36385725,33.94874022],[126.36384787,33.94839665],[126.36382961,33.94805349],[126.36380248,33.94771089],[126.3637665,33.94736901],[126.36372166,33.94702798],[126.36366801,33.94668795],[126.36373799,33.9463623],[126.3637998,33.94603576],[126.36385343,33.94570846],[126.36389884,33.94538053],[126.36393603,33.94505212],[126.36396497,33.94472334],[126.36398565,33.94439433],[126.36399807,33.94406524],[126.36400222,33.94373618],[126.3639981,33.9434073],[126.3639857,33.94307872],[126.36396504,33.94275059],[126.36393613,33.94242303],[126.36394518,33.94211165],[126.36394694,33.94180035],[126.3639414,33.94148923],[126.36392858,33.9411784],[126.36390847,33.94086797],[126.36388108,33.94055805],[126.36386115,33.94035881],[126.36382349,33.94002347],[126.36377729,33.939689],[126.36372258,33.93935552],[126.36365938,33.93902319],[126.3635877,33.93869214],[126.36350759,33.9383625],[126.36341907,33.93803442],[126.36332219,33.93770802],[126.36321697,33.93738345],[126.36310348,33.93706084],[126.36298174,33.93674033],[126.36285183,33.93642204],[126.36271377,33.9361061],[126.36256765,33.93579266],[126.36241351,33.93548183],[126.36225142,33.93517376],[126.36208145,33.93486856],[126.36190366,33.93456636],[126.36175446,33.93425217],[126.36159721,33.93394065],[126.36143197,33.93363194],[126.36125881,33.93332617],[126.3610778,33.93302346],[126.36088901,33.93272394],[126.36069254,33.93242773],[126.36048845,33.93213496],[126.36027684,33.93184575],[126.36005778,33.93156023],[126.35983138,33.93127849],[126.35959773,33.93100068],[126.35935693,33.9307269],[126.35910907,33.93045727],[126.35885426,33.9301919],[126.3585926,33.92993089],[126.35832421,33.92967436],[126.3580492,33.92942242],[126.35776768,33.92917517],[126.35747977,33.92893272],[126.35718558,33.92869516],[126.35688525,33.92846259],[126.35657889,33.92823511],[126.35626664,33.92801282],[126.35594863,33.9277958],[126.35562498,33.92758416],[126.35529583,33.92737797],[126.35496133,33.92717732],[126.3546216,33.9269823],[126.35427679,33.92679299],[126.35392705,33.92660946],[126.35357252,33.9264318],[126.35321334,33.92626007],[126.35284968,33.92609435],[126.35248167,33.92593471],[126.35210948,33.92578122],[126.35173326,33.92563393],[126.3517267,33.92529477],[126.35171151,33.92495597],[126.35168768,33.92461768],[126.35165523,33.92428002],[126.35161418,33.92394315],[126.35156453,33.9236072],[126.35150631,33.92327232],[126.35143955,33.92293863],[126.35136427,33.92260629],[126.3512805,33.92227543],[126.35118828,33.92194618],[126.35108765,33.92161869],[126.35097865,33.92129309],[126.35086132,33.92096952],[126.35073571,33.9206481],[126.35060188,33.92032899],[126.35045989,33.9200123],[126.35030978,33.91969817],[126.35015163,33.91938672],[126.34998549,33.9190781],[126.34981145,33.91877243],[126.34962957,33.91846984],[126.34943992,33.91817044],[126.34924259,33.91787437],[126.34903766,33.91758176],[126.34882521,33.91729271],[126.34860534,33.91700735],[126.34837813,33.91672581],[126.34814368,33.91644819],[126.34790208,33.91617462],[126.34774493,33.91600044],[126.3474919,33.91572612],[126.34723169,33.91545622],[126.34708279,33.91530838],[126.3469644,33.91519085],[126.34669016,33.91493013],[126.34640908,33.91467418],[126.34612129,33.91442309],[126.3458269,33.91417699],[126.34552604,33.91393597],[126.34521885,33.91370014],[126.34490545,33.9134696],[126.34458598,33.91324445],[126.34412727,33.91293862],[126.3439294,33.91281072],[126.34359255,33.91260231],[126.34325021,33.91239967],[126.34279112,33.91214264],[126.34219164,33.91182718],[126.34182877,33.91164844],[126.34146116,33.91147588],[126.34108896,33.91130956],[126.34071234,33.91114956],[126.34033145,33.91099595],[126.33994646,33.91084879],[126.33955754,33.91070815],[126.33898206,33.91051532],[126.33876856,33.91044667],[126.33836884,33.91032594],[126.33796587,33.91021195],[126.33755982,33.91010475],[126.33715086,33.91000439],[126.33673916,33.90991092],[126.33632491,33.90982436],[126.33590829,33.90974476],[126.33548198,33.90963941],[126.33506703,33.90954919],[126.3346112,33.9094542],[126.33420109,33.90937237],[126.33378875,33.90929734],[126.33337437,33.90922912],[126.33295811,33.90916776],[126.33254014,33.90911327],[126.33212065,33.90906569],[126.33169981,33.90902502],[126.33127779,33.9089913],[126.33085477,33.90896452],[126.33043093,33.90894471],[126.33000644,33.90893186],[126.32958149,33.908926],[126.32915625,33.90892711],[126.32852345,33.90893395],[126.32779653,33.90895314],[126.32734902,33.90889606],[126.32644294,33.90881423],[126.32478581,33.90869426],[126.32437296,33.90866764],[126.32395931,33.90864767],[126.32354503,33.90863436],[126.32313028,33.90862772],[126.32271523,33.90862774],[126.32230004,33.90863443],[126.32188489,33.90864778],[126.32146993,33.90866779],[126.32105534,33.90869446],[126.32064128,33.90872776],[126.32022792,33.90876769],[126.31981542,33.90881424],[126.31940395,33.90886737],[126.31899367,33.90892708],[126.31858476,33.90899334],[126.31817736,33.90906611],[126.31777165,33.90914538],[126.31736779,33.90923111],[126.31696593,33.90932326],[126.31656271,33.90940235],[126.31616133,33.90948783],[126.31576194,33.90957967],[126.31536469,33.90967781],[126.31496976,33.90978223],[126.3145773,33.90989288],[126.31418745,33.91000972],[126.31341624,33.91026179],[126.31303518,33.91039691],[126.31228291,33.91068507],[126.31154477,33.91099673],[126.31118136,33.91116122],[126.31066363,33.9114097],[126.31046659,33.91150718],[126.31011551,33.91168853],[126.30976882,33.91187534],[126.30942666,33.91206757],[126.30908917,33.91226512],[126.30880804,33.91243293],[126.30846516,33.91264173],[126.30812752,33.91285601],[126.30779527,33.91307571],[126.30746854,33.91330071],[126.30714746,33.91353093],[126.30683219,33.91376628],[126.30652284,33.91400664],[126.30621955,33.91425192],[126.30592245,33.91450201],[126.30563167,33.91475682],[126.30534732,33.91501622],[126.30506953,33.91528012],[126.30479842,33.9155484],[126.30453409,33.91582094],[126.30427666,33.91609764],[126.30402624,33.91637837],[126.30378294,33.91666302],[126.30354685,33.91695147],[126.30331808,33.91724359],[126.30309673,33.91753927],[126.30288288,33.91783836],[126.30267664,33.91814076],[126.30247273,33.91842684],[126.30227591,33.91871598],[126.30208625,33.91900808],[126.30190383,33.91930301],[126.30172872,33.91960065],[126.301561,33.9199009],[126.30140072,33.92020362],[126.30124796,33.92050869],[126.30110278,33.920816],[126.30096523,33.92112542],[126.30083537,33.92143682],[126.30071325,33.92175008],[126.30059892,33.92206508],[126.30053524,33.92220277],[126.3005071,33.92224709],[126.29999709,33.92292221],[126.29988946,33.9230749],[126.2997001,33.92334856],[126.29951723,33.92362494],[126.29934091,33.92390394],[126.29917123,33.92418547],[126.29900823,33.92446941],[126.29885197,33.92475567],[126.29870252,33.92504413],[126.29855993,33.9253347],[126.29842425,33.92562726],[126.29829553,33.9259217],[126.29800653,33.92641674],[126.29767429,33.92704521],[126.29752746,33.92717965],[126.29711415,33.92733561],[126.29672594,33.92747598],[126.29634118,33.92762261],[126.29596002,33.92777542],[126.29558264,33.92793436],[126.29520917,33.92809936],[126.29483979,33.92827035],[126.29447464,33.92844726],[126.29411388,33.92863001],[126.29375765,33.92881854],[126.29340611,33.92901276],[126.2930594,33.92921259],[126.29271767,33.92941794],[126.29238105,33.92962874],[126.29204969,33.92984489],[126.29172373,33.9300663],[126.2914033,33.93029289],[126.29108854,33.93052455],[126.29077958,33.93076119],[126.29047654,33.93100272],[126.29017955,33.93124902],[126.28988874,33.9315],[126.28960423,33.93175556],[126.28932614,33.93201559],[126.28894077,33.93214868],[126.28855864,33.93228795],[126.28817993,33.93243334],[126.28780477,33.9325848],[126.28743332,33.93274225],[126.28706575,33.93290564],[126.2867022,33.93307489],[126.28634281,33.93324994],[126.28598775,33.93343071],[126.28563715,33.93361713],[126.28529116,33.93380912],[126.28494992,33.93400661],[126.28461358,33.93420951],[126.28428226,33.93441774],[126.28395612,33.93463121],[126.28365326,33.93480264],[126.28335439,33.93497859],[126.28305961,33.93515899],[126.28276904,33.93534379],[126.28248277,33.9355329],[126.28220091,33.93572626],[126.28192357,33.93592381],[126.28133431,33.93618493],[126.28095252,33.93634154],[126.28057461,33.93650432],[126.28020075,33.9366732],[126.27983109,33.93684811],[126.27946578,33.93702897],[126.27910499,33.9372157],[126.27874887,33.93740824],[126.27839756,33.9376065],[126.27805121,33.93781038],[126.27770997,33.93801982],[126.27737399,33.93823472],[126.2770434,33.93845498],[126.27671834,33.93868053],[126.27630858,33.93897921],[126.27608537,33.93914706],[126.27577772,33.93938785],[126.27547615,33.93963353],[126.27518076,33.93988399],[126.2748917,33.94013912],[126.27460908,33.94039882],[126.27427685,33.94052454],[126.27394834,33.94065664],[126.27362375,33.94079506],[126.27330326,33.9409397],[126.27298708,33.94109049],[126.27261705,33.94124755],[126.27225094,33.9414106],[126.27188892,33.9415796],[126.27153112,33.94175446],[126.27117771,33.94193511],[126.27082884,33.94212147],[126.27048465,33.94231346],[126.2701453,33.94251101],[126.26981092,33.94271402],[126.26948165,33.94292241],[126.26915765,33.94313609],[126.26883905,33.94335498],[126.26850065,33.94356935],[126.26816768,33.94378918],[126.2678403,33.94401439],[126.26751864,33.94424487],[126.26720285,33.94448053],[126.26671208,33.94486768],[126.26629196,33.94521752],[126.26600094,33.94547284],[126.26543855,33.94599731],[126.26516744,33.94626623],[126.26478865,33.94666298],[126.26464593,33.94681687],[126.26435447,33.94713722],[126.26410581,33.94741628],[126.26386415,33.94769918],[126.26362959,33.94798582],[126.26340222,33.94827606],[126.26318213,33.94856979],[126.26296943,33.94886689],[126.26276419,33.94916724],[126.2625665,33.9494707],[126.26237644,33.94977716],[126.26219409,33.9500865],[126.26201953,33.95039857],[126.26185283,33.95071326],[126.26169406,33.95103043],[126.26154328,33.95134995],[126.26140055,33.95167169],[126.26126594,33.95199552],[126.2611395,33.9523213],[126.26102129,33.9526489],[126.26091134,33.95297818],[126.26080971,33.95330901],[126.26071508,33.95363096],[126.26062034,33.95396801],[126.26053426,33.95430637],[126.2604569,33.95464591],[126.26038828,33.95498647],[126.26032843,33.95532791],[126.26027739,33.95567009],[126.26023516,33.95601285],[126.26020178,33.95635606],[126.26017724,33.95669955],[126.26016158,33.95704319],[126.26015478,33.95738684],[126.26015686,33.95773033],[126.26016781,33.95807353],[126.26018764,33.95841628],[126.26021632,33.95875845],[126.26030021,33.95944043],[126.26035539,33.95977995],[126.26041935,33.96011829],[126.26049208,33.96045532],[126.26057354,33.96079089],[126.26066369,33.96112485],[126.26076251,33.96145706],[126.26086993,33.96178738],[126.26098593,33.96211567],[126.26100787,33.96240648],[126.26103919,33.96274927],[126.26107938,33.96309128],[126.2611284,33.96343237],[126.26118625,33.96377239],[126.26125288,33.96411119],[126.26132829,33.96444863],[126.26141242,33.96478457],[126.26150526,33.96511885],[126.26160675,33.96545135],[126.26179063,33.96602752],[126.26190226,33.96636248],[126.26205842,33.96677397],[126.26215069,33.9670978],[126.26225116,33.9674199],[126.26235977,33.96774014],[126.26247648,33.96805839],[126.26260125,33.96837451],[126.26273403,33.96868839],[126.26287476,33.96899988],[126.26302338,33.96930887],[126.26317984,33.96961523],[126.26334406,33.96991884],[126.26351599,33.97021956],[126.26369556,33.97051728],[126.26388268,33.97081188],[126.26407729,33.97110324],[126.26427931,33.97139123],[126.26448864,33.97167574],[126.26470522,33.97195666],[126.2648611,33.97215452],[126.26509257,33.97244153],[126.26533157,33.97272448],[126.26557798,33.97300323],[126.26583169,33.97327767],[126.26609261,33.97354768],[126.26636061,33.97381314],[126.26663559,33.97407393],[126.26691741,33.97432996],[126.26720597,33.9745811],[126.26750113,33.97482724],[126.26780277,33.97506829],[126.26811077,33.97530414],[126.26842497,33.97553468],[126.26874527,33.97575981],[126.2690715,33.97597945],[126.26940354,33.97619348],[126.26974123,33.97640184],[126.27008444,33.97660441],[126.27043302,33.97680112],[126.27078681,33.97699187],[126.27114567,33.9771766],[126.27150944,33.97735521],[126.27187796,33.97752764],[126.27221874,33.97768322],[126.27258015,33.97784429],[126.27294573,33.97799942],[126.27331532,33.97814854],[126.27368877,33.9782916],[126.27406595,33.97842852],[126.27444669,33.97855927],[126.27483084,33.97868379],[126.27521824,33.97880202],[126.27560874,33.97891392],[126.27600218,33.97901944],[126.2763984,33.97911855],[126.27679725,33.97921119],[126.27719855,33.97929734],[126.27760214,33.97937695],[126.27800787,33.97945],[126.27841557,33.97951646],[126.27882507,33.97957629],[126.27943538,33.97965194],[126.27986254,33.97969658],[126.28006273,33.97971584],[126.28047779,33.97974898],[126.28089381,33.9797754],[126.28131063,33.9797951],[126.28155102,33.97980256],[126.28172809,33.97980806],[126.282146,33.97981428],[126.28256422,33.97981376],[126.28298255,33.9798065],[126.28340084,33.9797925],[126.28379218,33.97977625],[126.28418919,33.9797569],[126.28458586,33.97973136],[126.28498203,33.97969962],[126.28537756,33.97966171],[126.28577229,33.97961763],[126.28616608,33.97956741],[126.28655877,33.97951106],[126.28695021,33.9794486],[126.28734026,33.97938006],[126.28772876,33.97930547],[126.28815216,33.9792866],[126.28857522,33.97926073],[126.28899774,33.97922788],[126.28941957,33.97918805],[126.2898405,33.97914127],[126.29026037,33.97908755],[126.29067898,33.97902691],[126.29109618,33.97895939],[126.29151177,33.97888501],[126.29192557,33.9788038],[126.29233742,33.9787158],[126.29274714,33.97862104],[126.29315454,33.97851957],[126.29355946,33.97841143],[126.29396172,33.97829666],[126.29436116,33.97817532],[126.29475759,33.97804745],[126.29515086,33.97791311],[126.29550725,33.97786589],[126.29586266,33.97781337],[126.29621696,33.97775558],[126.29657003,33.97769254],[126.29692175,33.97762426],[126.29732781,33.97754426],[126.29816645,33.9774165],[126.29856299,33.9773494],[126.29898118,33.97727508],[126.29939762,33.97719395],[126.29981211,33.97710604],[126.3002245,33.97701139],[126.3006346,33.97691004],[126.30104224,33.97680203],[126.30144725,33.97668742],[126.30184946,33.97656623],[126.30224871,33.97643854],[126.30264482,33.97630438],[126.30303763,33.97616382],[126.30342698,33.97601691],[126.30381269,33.97586372],[126.30419461,33.97570432],[126.30457258,33.97553876],[126.30494644,33.97536712],[126.30531603,33.97518947],[126.30568119,33.97500588],[126.30604178,33.97481644],[126.30639764,33.97462121],[126.30674863,33.97442029],[126.30709459,33.97421376],[126.30743538,33.9740017],[126.30777086,33.97378421],[126.30819296,33.97350492],[126.30848993,33.97330531],[126.3087822,33.97310125],[126.30906965,33.97289283],[126.30935217,33.9726801],[126.30962967,33.97246316],[126.30990204,33.97224209],[126.31016918,33.97201696],[126.31043099,33.97178787],[126.31077836,33.97159344],[126.31112093,33.97139352],[126.31145855,33.97118819],[126.31179109,33.97097752],[126.31211841,33.97076161],[126.31244037,33.97054055],[126.31275684,33.97031441],[126.3130677,33.97008331],[126.31337281,33.96984733],[126.31367205,33.96960657],[126.3139653,33.96936112],[126.31425244,33.9691111],[126.31453334,33.9688566],[126.3148079,33.96859773],[126.315076,33.96833458],[126.31533753,33.96806728],[126.31559238,33.96779593],[126.31584045,33.96752064],[126.31608164,33.96724153],[126.31631585,33.9669587],[126.31654297,33.96667228],[126.31676293,33.96638239],[126.31715839,33.96633674],[126.31755279,33.96628451],[126.31794596,33.96622574],[126.31833773,33.96616044],[126.31872793,33.96608864],[126.31911639,33.96601038],[126.31954873,33.96591859],[126.32049497,33.96573544]]]]},"geometry_name":"the_geom","properties":{"id":"Shp_WRN2_POLY.14","BLN_Flag":"","Id_1":"401","LAYER":"","STD_ID1":"","WarnCode":"S2330100","name":"남해서부먼바다중 추자도연안바다"}},{"type":"Feature","id":"warnArea2Poly202106.16","geometry":{"type":"MultiPolygon","coordinates":[[[[126.28822905,33.46664582],[126.29844059,33.44735362],[126.298157,33.447094],[126.297569,33.447094],[126.29747328,33.44719016],[126.296692,33.447975],[126.295815,33.447094],[126.293465,33.447094],[126.292587,33.446213],[126.291702,33.446213],[126.290825,33.445335],[126.287598,33.445335],[126.28672,33.446213],[126.284081,33.446213],[126.282616,33.444454],[126.277328,33.444454],[126.276161,33.443279],[126.276161,33.442402],[126.275276,33.441521],[126.275276,33.439175],[126.274689,33.438293],[126.274399,33.437412],[126.274101,33.437119],[126.273224,33.438],[126.272346,33.438],[126.271759,33.438881],[126.269997,33.438587],[126.268234,33.437119],[126.265007,33.437119],[126.26413,33.436241],[126.26178,33.436241],[126.2612,33.435947],[126.2612,33.435066],[126.262077,33.434189],[126.262077,33.431839],[126.262955,33.430962],[126.262955,33.429199],[126.26384,33.428322],[126.26384,33.426559],[126.262955,33.425678],[126.262955,33.425095],[126.2612,33.423332],[126.262077,33.422451],[126.262077,33.420692],[126.2612,33.420105],[126.2612,33.419228],[126.260315,33.418346],[126.260315,33.416584],[126.25885,33.415119],[126.25885,33.414238],[126.255035,33.410423],[126.253273,33.410423],[126.251221,33.408371],[126.251221,33.40749],[126.250633,33.4072],[126.250046,33.4072],[126.248878,33.405731],[126.248878,33.403385],[126.247406,33.401917],[126.244179,33.40221],[126.240074,33.397812],[126.239197,33.397812],[126.236557,33.395466],[126.235672,33.395466],[126.23333,33.392822],[126.232445,33.392822],[126.231567,33.391945],[126.229218,33.391945],[126.22834,33.392822],[126.2257,33.392822],[126.225113,33.391945],[126.222473,33.391945],[126.222183,33.391651],[126.222183,33.39077],[126.221298,33.389889],[126.221298,33.389301],[126.219246,33.386955],[126.218369,33.386955],[126.215729,33.384609],[126.214844,33.384609],[126.213676,33.383434],[126.213676,33.380795],[126.214554,33.379917],[126.214554,33.379036],[126.213379,33.377865],[126.212502,33.377865],[126.211617,33.376984],[126.210739,33.376984],[126.209862,33.376396],[126.208389,33.376102],[126.207512,33.375515],[126.20575,33.375221],[126.20546,33.374928],[126.20546,33.37405],[126.203697,33.372581],[126.203697,33.3717],[126.203407,33.371117],[126.202522,33.371117],[126.198418,33.367008],[126.195778,33.367008],[126.194901,33.366127],[126.193436,33.366421],[126.191673,33.364662],[126.189911,33.364662],[126.187569,33.362022],[126.186684,33.362022],[126.185806,33.361141],[126.182579,33.361141],[126.180229,33.359089],[126.180527,33.358208],[126.181114,33.357327],[126.180527,33.356743],[126.180527,33.349995],[126.179642,33.349113],[126.179642,33.348232],[126.179054,33.347939],[126.178474,33.347939],[126.175835,33.345299],[126.17495,33.345299],[126.174072,33.344715],[126.171722,33.344421],[126.170845,33.343834],[126.16674,33.343834],[126.165268,33.342365],[126.165268,33.3409],[126.166153,33.340019],[126.165268,33.339142],[126.165268,33.338261],[126.164978,33.337967],[126.162628,33.337967],[126.162041,33.337379],[126.162926,33.336792],[126.162926,33.335033],[126.165268,33.332394],[126.165268,33.330925],[126.164978,33.330338],[126.164093,33.330338],[126.163216,33.32946],[126.162628,33.32946],[126.162041,33.329166],[126.162041,33.326527],[126.164093,33.324471],[126.16674,33.324471],[126.16703,33.324181],[126.16703,33.323299],[126.166153,33.322418],[126.166153,33.321831],[126.168793,33.319191],[126.168793,33.318314],[126.166153,33.315964],[126.166153,33.312447],[126.165268,33.311565],[126.165268,33.310978],[126.164978,33.31039],[126.164093,33.31039],[126.163803,33.310097],[126.163803,33.30658],[126.16468,33.305698],[126.164391,33.305111],[126.165268,33.30423],[126.165268,33.303352],[126.166153,33.302471],[126.166153,33.30159],[126.16703,33.300709],[126.16703,33.299244],[126.16674,33.298656],[126.165855,33.298656],[126.164093,33.297192],[126.163216,33.297192],[126.161163,33.295135],[126.161163,33.290737],[126.162041,33.289856],[126.162041,33.288391],[126.164978,33.285458],[126.165855,33.285458],[126.16674,33.284576],[126.167618,33.284576],[126.168793,33.283401],[126.168793,33.28235449],[126.1682,33.2816],[126.15008545,33.26947021],[126.14910889,33.27130127],[126.14770508,33.27252197],[126.14611816,33.27392578],[126.144104,33.27587891],[126.1428833,33.27770996],[126.14190674,33.27929688],[126.14129639,33.28088379],[126.14093018,33.28289795],[126.14068604,33.28491211],[126.14031982,33.28668213],[126.13989258,33.28833008],[126.13952637,33.2901001],[126.13928223,33.29248047],[126.13940139,33.29405938],[126.13952637,33.29571533],[126.13970947,33.29730225],[126.14031982,33.29907227],[126.14129639,33.30133057],[126.14227295,33.30310059],[126.14208984,33.3057251],[126.14208984,33.30810547],[126.14227295,33.30987549],[126.14251709,33.31170654],[126.1428833,33.31347656],[126.14349365,33.31610107],[126.14208984,33.31890869],[126.14147949,33.32171631],[126.14093018,33.32647705],[126.14050293,33.32867432],[126.14007568,33.33087158],[126.13952637,33.33331299],[126.13909912,33.33612061],[126.13928223,33.33868408],[126.14007568,33.34191895],[126.14068604,33.34350586],[126.1427002,33.34667969],[126.1439209,33.34851074],[126.14532471,33.34967041],[126.14691162,33.35107422],[126.14807129,33.35247803],[126.14971924,33.35449219],[126.15112305,33.35650635],[126.15252686,33.35809326],[126.15429688,33.35931396],[126.15667725,33.36071777],[126.15911865,33.36248779],[126.16009521,33.3651123],[126.16107178,33.36669922],[126.16271973,33.36871338],[126.16552734,33.371521],[126.16772461,33.37329102],[126.16992188,33.37451172],[126.17132568,33.37548828],[126.1730957,33.37652588],[126.17529297,33.37768555],[126.17730713,33.37872314],[126.17889404,33.3795166],[126.1809082,33.38012695],[126.18292236,33.38067627],[126.18591309,33.38153076],[126.18792725,33.38232422],[126.18927002,33.38348389],[126.19128418,33.38531494],[126.19250488,33.38647461],[126.19329834,33.38830566],[126.19451904,33.39007568],[126.19550503,33.39130817],[126.19647217,33.39251709],[126.19873047,33.39428711],[126.20007324,33.39532471],[126.20147705,33.39648438],[126.20330811,33.39807129],[126.20507813,33.4005127],[126.20690918,33.40228271],[126.20831299,33.40350342],[126.21032715,33.40490723],[126.21209717,33.40588379],[126.21392822,33.40667725],[126.2166748,33.40771484],[126.21887207,33.40869141],[126.22131348,33.40948486],[126.22351074,33.41052246],[126.22509766,33.41210938],[126.22650146,33.41333008],[126.22888184,33.4151001],[126.23150635,33.41668701],[126.2321167,33.41912842],[126.23248291,33.42089844],[126.23309326,33.42272949],[126.23431396,33.42510986],[126.23571777,33.42730713],[126.23730469,33.42871094],[126.2387085,33.43127441],[126.23950195,33.43328857],[126.2399292,33.43548584],[126.2401123,33.43707275],[126.24072266,33.43908691],[126.24127197,33.44091797],[126.24249268,33.44287109],[126.24371338,33.4453125],[126.24511719,33.44708252],[126.2467041,33.44891357],[126.24810791,33.45007324],[126.24969482,33.45111084],[126.25109863,33.4520874],[126.25311279,33.45288086],[126.25549316,33.45367432],[126.25952148,33.45471191],[126.26147461,33.45507813],[126.26330566,33.45629883],[126.26593018,33.45812988],[126.26831055,33.45947266],[126.28749492,33.46803278],[126.28822905,33.46664582]]]]},"geometry_name":"the_geom","properties":{"id":"Shp_WRN2_POLY.15","BLN_Flag":"","Id_1":"941","LAYER":"","STD_ID1":"","WarnCode":"S2320610","name":"제주도서부앞바다중 북서연안바다"}},{"type":"Feature","id":"warnArea2Poly202106.17","geometry":{"type":"MultiPolygon","coordinates":[[[[126.2853394,33.17792356],[126.28551054,33.17781259],[126.28573805,33.1776559],[126.28595999,33.17749366],[126.28617616,33.177326],[126.28638639,33.17715309],[126.28659049,33.17697506],[126.28678829,33.17679206],[126.28697961,33.17660426],[126.28716429,33.17641182],[126.28734218,33.1762149],[126.28751311,33.17601367],[126.28767694,33.17580831],[126.28783353,33.175599],[126.28798274,33.1753859],[126.28817043,33.17509374],[126.28825853,33.17494913],[126.28838487,33.17472583],[126.28850336,33.1744995],[126.2886139,33.17427034],[126.28871639,33.17403856],[126.28881074,33.17380434],[126.28889687,33.1735679],[126.28897471,33.17332943],[126.2890442,33.17308914],[126.289093,33.17290956],[126.28915326,33.17268778],[126.28921977,33.17242371],[126.28923497,33.1723445],[126.28929251,33.17217572],[126.28938841,33.17183399],[126.28945842,33.17148785],[126.28948363,33.17131356],[126.28954475,33.17112368],[126.2895999,33.17093252],[126.28964906,33.1707402],[126.28973681,33.17039039],[126.28992314,33.16986699],[126.29005857,33.16937705],[126.29017692,33.16886458],[126.29022201,33.16862205],[126.29025871,33.16837851],[126.29028699,33.16813418],[126.29030681,33.16788927],[126.29031818,33.16764398],[126.29032107,33.16739851],[126.29031548,33.16715307],[126.29030142,33.16690787],[126.29027891,33.16666313],[126.29024795,33.16641903],[126.29020858,33.16617579],[126.29016083,33.16593362],[126.29010474,33.16569272],[126.29004035,33.16545329],[126.28988693,33.16497964],[126.28975302,33.16463834],[126.28959618,33.16428521],[126.28948342,33.16405879],[126.2893629,33.16383522],[126.2892347,33.16361469],[126.28909895,33.16339738],[126.28895575,33.16318348],[126.28879072,33.16294518],[126.28865141,33.16275012],[126.28850592,33.16255828],[126.28835433,33.16236981],[126.28819678,33.16218483],[126.28803336,33.16200349],[126.2878642,33.16182591],[126.28768941,33.16165223],[126.28750507,33.16147397],[126.28731583,33.1612961],[126.28712069,33.1611228],[126.28691981,33.1609542],[126.28671335,33.16079043],[126.28650148,33.16063163],[126.28628436,33.16047793],[126.28606218,33.16032944],[126.28583509,33.16018629],[126.2856033,33.16004859],[126.28536697,33.15991645],[126.28512631,33.15978997],[126.28488149,33.15966925],[126.28463272,33.1595544],[126.2843802,33.1594455],[126.28403453,33.15930158],[126.28380821,33.15921039],[126.28357916,33.15912417],[126.28334752,33.15904298],[126.28311345,33.15896688],[126.28281557,33.15884601],[126.28267376,33.15872513],[126.28254323,33.15861386],[126.28236348,33.15846408],[126.28217908,33.15831833],[126.28199018,33.15817673],[126.2817969,33.15803937],[126.28159938,33.15790635],[126.28139775,33.15777776],[126.28126594,33.15757276],[126.28112735,33.15737096],[126.28098209,33.1571725],[126.28083026,33.15697755],[126.28067199,33.15678625],[126.28050741,33.15659877],[126.28033663,33.15641525],[126.28015981,33.15623582],[126.27997707,33.15606064],[126.27978856,33.15588985],[126.27959443,33.15572356],[126.27939483,33.15556192],[126.27907356,33.15530825],[126.27886147,33.15514545],[126.27864393,33.15498783],[126.27819322,33.15468859],[126.27796041,33.15454722],[126.2777229,33.15441152],[126.27748087,33.15428159],[126.27723452,33.15415753],[126.27672967,33.15392745],[126.27647158,33.15382161],[126.27594514,33.15362878],[126.27567722,33.15354194],[126.27540646,33.15346158],[126.27513308,33.15338778],[126.2748573,33.15332057],[126.27457934,33.15326004],[126.27429944,33.15320621],[126.27401783,33.15315915],[126.27373473,33.15311887],[126.27345037,33.15308543],[126.273165,33.15305884],[126.27282233,33.15302702],[126.27227132,33.15291335],[126.27202175,33.15286469],[126.27151858,33.1527835],[126.27126532,33.15275102],[126.27101115,33.15272398],[126.27075625,33.1527024],[126.27050078,33.15268629],[126.27021212,33.1526747],[126.26992319,33.1526701],[126.26963422,33.15267248],[126.26934546,33.15268186],[126.26905713,33.15269821],[126.26876948,33.15272153],[126.26848275,33.15275179],[126.26819717,33.15278898],[126.26791297,33.15283306],[126.2676304,33.152884],[126.26734969,33.15294174],[126.26707107,33.15300625],[126.26679477,33.15307748],[126.26652102,33.15315535],[126.26625004,33.15323982],[126.26598206,33.1533308],[126.2657173,33.15342822],[126.26545598,33.15353201],[126.26519831,33.15364208],[126.26494452,33.15375833],[126.2646948,33.15388067],[126.26444936,33.154009],[126.26420841,33.15414321],[126.26397215,33.1542832],[126.26374077,33.15442884],[126.26351447,33.15458001],[126.26329342,33.1547366],[126.26307782,33.15489847],[126.26286784,33.15506549],[126.26266365,33.15523751],[126.26246543,33.1554144],[126.26227334,33.15559601],[126.26208753,33.1557822],[126.26190816,33.1559728],[126.26173721,33.15615992],[126.2615739,33.1563438],[126.26141658,33.15653133],[126.26126537,33.15672239],[126.26112039,33.15691683],[126.26098173,33.1571145],[126.26084951,33.15731528],[126.26072381,33.15751899],[126.26060474,33.15772551],[126.26049237,33.15793466],[126.26025011,33.15840242],[126.26016633,33.15856901],[126.26004009,33.15885366],[126.25994924,33.15904558],[126.25986437,33.15923943],[126.25978553,33.15943507],[126.25971278,33.15963237],[126.25964616,33.1598312],[126.25958572,33.16003143],[126.25946534,33.16019139],[126.25921016,33.16026383],[126.25895751,33.1603423],[126.2587076,33.16042673],[126.25846062,33.16051706],[126.25821677,33.16061322],[126.25797624,33.16071513],[126.25773195,33.16082172],[126.25747851,33.1609362],[126.25722908,33.16105673],[126.25698384,33.16118322],[126.25674301,33.16131556],[126.25650678,33.16145364],[126.25627534,33.16159735],[126.25604889,33.16174657],[126.25582761,33.16190118],[126.25561168,33.16206105],[126.25519657,33.16239606],[126.25499773,33.16257092],[126.25480493,33.1627505],[126.25461831,33.16293464],[126.25443804,33.1631232],[126.25426425,33.16331602],[126.25409709,33.16351295],[126.25393671,33.16371381],[126.25378322,33.16391846],[126.25363676,33.16412672],[126.25349745,33.16433841],[126.25336539,33.16455338],[126.2532407,33.16477143],[126.25312349,33.1649924],[126.25301384,33.1652161],[126.25291185,33.16544234],[126.25281759,33.16567095],[126.25267677,33.16602899],[126.25259207,33.1662549],[126.25251492,33.16648272],[126.2524454,33.16671227],[126.25238355,33.16694336],[126.25232943,33.16717582],[126.25228307,33.16740947],[126.25224451,33.16764411],[126.25221378,33.16787957],[126.25219091,33.16811567],[126.25217592,33.16835221],[126.25216881,33.16858901],[126.25216959,33.16882589],[126.25217826,33.16906265],[126.25219482,33.16929912],[126.25221925,33.16953511],[126.25225154,33.16977042],[126.25229165,33.17000489],[126.25233955,33.17023831],[126.25239521,33.17047052],[126.25245859,33.17070132],[126.25254784,33.17100674],[126.25262198,33.17124593],[126.25270448,33.17148318],[126.25279527,33.17171827],[126.25289428,33.17195101],[126.2530014,33.1721812],[126.25311656,33.17240862],[126.25323965,33.17263308],[126.25337056,33.1728544],[126.25350918,33.17307236],[126.25365539,33.1732868],[126.25373661,33.17352476],[126.25382608,33.17376062],[126.25392372,33.17399417],[126.25402946,33.17422522],[126.25414319,33.17445357],[126.25426484,33.17467901],[126.25439428,33.17490137],[126.25453141,33.17512044],[126.25467611,33.17533604],[126.25482826,33.17554798],[126.25498773,33.17575608],[126.25515438,33.17596017],[126.25532806,33.17616007],[126.25550863,33.1763556],[126.25569594,33.1765466],[126.25588982,33.1767329],[126.25605261,33.17688479],[126.25643433,33.17722181],[126.25666784,33.17741143],[126.25682394,33.17756957],[126.25698603,33.1777234],[126.25715394,33.17787276],[126.25732748,33.17801748],[126.25748063,33.17819198],[126.25763938,33.17836291],[126.25780362,33.17853014],[126.25797321,33.17869354],[126.25832797,33.17900838],[126.25851287,33.17915958],[126.2589142,33.17947706],[126.27062452,33.18115372],[126.2853394,33.17792356]],[[126.262955,33.169872],[126.265007,33.16782],[126.265892,33.16782],[126.266182,33.167526],[126.266182,33.165768],[126.266769,33.165474],[126.267357,33.165474],[126.268234,33.164593],[126.270874,33.164593],[126.274101,33.16782],[126.276741,33.16782],[126.277626,33.166943],[126.278214,33.166943],[126.278801,33.167526],[126.278801,33.168407],[126.279678,33.168995],[126.279678,33.169872],[126.278214,33.171341],[126.277626,33.171341],[126.276741,33.171928],[126.275864,33.172222],[126.275276,33.172516],[126.275276,33.173393],[126.274689,33.174274],[126.274399,33.174862],[126.273224,33.176327],[126.269119,33.176327],[126.268234,33.175449],[126.267357,33.175449],[126.265892,33.173687],[126.265007,33.173687],[126.262955,33.171635],[126.262955,33.169872]]]]},"geometry_name":"the_geom","properties":{"id":"Shp_WRN2_POLY.16","BLN_Flag":"","Id_1":"942","LAYER":"","STD_ID1":"","WarnCode":"S2330300","name":"가파도연안바다"}},{"type":"Feature","id":"warnArea2Poly202106.18","geometry":{"type":"MultiPolygon","coordinates":[[[[126.79367422,33.28555304],[126.78887939,33.28570557],[126.78491211,33.284729],[126.78271484,33.28149414],[126.77972412,33.27850342],[126.77648926,33.27630615],[126.77349854,33.27508545],[126.769104,33.27307129],[126.76550293,33.27050781],[126.76251221,33.26751709],[126.75891113,33.26531982],[126.75567627,33.26367188],[126.75109863,33.26190186],[126.746521,33.26092529],[126.74249268,33.2598877],[126.73907471,33.25970459],[126.73449707,33.26031494],[126.730896,33.26049805],[126.72729492,33.25970459],[126.7243042,33.25872803],[126.72052002,33.25811768],[126.71710205,33.25769043],[126.71350098,33.25708008],[126.71008301,33.25610352],[126.70727539,33.25488281],[126.70428467,33.25427246],[126.70007324,33.253479],[126.69549561,33.25268555],[126.69049072,33.25231934],[126.68652344,33.25189209],[126.68292236,33.25067139],[126.67828369,33.25012207],[126.67407227,33.25012207],[126.67047119,33.25109863],[126.66729736,33.25091553],[126.66308594,33.25030518],[126.65887451,33.24969482],[126.65612793,33.246521],[126.65350342,33.24432373],[126.65112305,33.24267578],[126.64770508,33.24127197],[126.64447021,33.23968506],[126.64129639,33.23828125],[126.63830566,33.23590088],[126.63671875,33.23291016],[126.63470459,33.23052979],[126.63208008,33.22808838],[126.62890625,33.22607422],[126.62432861,33.2244873],[126.61987305,33.22332764],[126.61712646,33.22210693],[126.61407471,33.22113037],[126.61071777,33.22027588],[126.60748291,33.22027588],[126.60449219,33.21972656],[126.60089111,33.21929932],[126.59729004,33.21911621],[126.59387207,33.21929932],[126.590271,33.22009277],[126.58673096,33.22131348],[126.58349609,33.22271729],[126.57952881,33.22149658],[126.57568359,33.21990967],[126.57162615,33.21906252],[126.56689453,33.21850586],[126.56390381,33.21868896],[126.56030273,33.21929932],[126.55670166,33.22052002],[126.55291748,33.22088623],[126.54827881,33.22052002],[126.54272461,33.22088623],[126.53692627,33.22088623],[126.53308105,33.22070312],[126.52990723,33.22070312],[126.5269165,33.21887207],[126.52429199,33.2175293],[126.52130127,33.21588135],[126.5177002,33.21411133],[126.51452637,33.21307373],[126.51092529,33.21252441],[126.50732422,33.21191406],[126.50250244,33.21130371],[126.49871826,33.21069336],[126.49487305,33.21087646],[126.49188232,33.2097168],[126.4888916,33.20788574],[126.48272705,33.20568848],[126.47967529,33.20507813],[126.47650146,33.20471191],[126.4730835,33.20489502],[126.46929932,33.20507813],[126.46551514,33.20611572],[126.45928955,33.20849609],[126.45611572,33.21069336],[126.45367432,33.21331787],[126.44769287,33.2175293],[126.44390869,33.2166748],[126.43969727,33.215271],[126.43530273,33.21472168],[126.4309082,33.21508789],[126.42608643,33.21588135],[126.4229126,33.2166748],[126.41931152,33.21868896],[126.4152832,33.22070312],[126.41229248,33.22229004],[126.40948486,33.22412109],[126.40631104,33.2230835],[126.40130615,33.22070312],[126.39807129,33.21887207],[126.39532471,33.21728516],[126.39190674,33.21588135],[126.38891602,33.21490479],[126.3848877,33.21411133],[126.37988281,33.21331787],[126.37487793,33.21228027],[126.37030029,33.21191406],[126.36590576,33.21228027],[126.36169434,33.21331787],[126.35852051,33.21447754],[126.35491943,33.21630859],[126.35107422,33.2175293],[126.34692383,33.2177124],[126.3425293,33.21832275],[126.33850098,33.2177124],[126.33428955,33.21710205],[126.33068848,33.2175293],[126.3269043,33.2175293],[126.32373047,33.21508789],[126.32067871,33.21307373],[126.31811523,33.21173096],[126.31567383,33.2098999],[126.31469727,33.20709229],[126.31512451,33.203125],[126.31591797,33.19909668],[126.31591797,33.19512939],[126.31469727,33.19152832],[126.31347656,33.18890381],[126.31091309,33.18572998],[126.30767822,33.18310547],[126.30663319,33.18250684],[126.30010986,33.17932129],[126.29608154,33.17828369],[126.29427917,33.17800643],[126.29426144,33.19725972],[126.29464,33.197449],[126.29464,33.200089],[126.293762,33.200676],[126.293762,33.202438],[126.292877,33.203316],[126.292877,33.204197],[126.292587,33.204491],[126.291702,33.204491],[126.291122,33.205078],[126.291122,33.205666],[126.290237,33.206543],[126.291122,33.207424],[126.291122,33.211533],[126.29464,33.21505],[126.29464,33.216812],[126.293762,33.2174],[126.29464,33.218277],[126.29464,33.219158],[126.295517,33.220039],[126.295227,33.220917],[126.296989,33.222385],[126.296989,33.223267],[126.299629,33.225906],[126.299629,33.226784],[126.299919,33.227077],[126.300797,33.227077],[126.302559,33.22884],[126.303436,33.22884],[126.304024,33.229717],[126.307549,33.229424],[126.309601,33.231773],[126.309601,33.232361],[126.310776,33.233826],[126.314293,33.233826],[126.31459,33.234119],[126.31459,33.235878],[126.315468,33.236759],[126.315468,33.237347],[126.318398,33.24028],[126.324265,33.24028],[126.325737,33.242039],[126.330719,33.242039],[126.334831,33.237934],[126.335709,33.237934],[126.336586,33.237053],[126.340698,33.237053],[126.341576,33.237934],[126.343338,33.237934],[126.344215,33.237053],[126.344803,33.237053],[126.34568,33.236172],[126.346565,33.236172],[126.347443,33.235291],[126.35067,33.235291],[126.351547,33.236172],[126.355072,33.236172],[126.355949,33.237053],[126.358299,33.237053],[126.359177,33.236172],[126.360641,33.236172],[126.362404,33.234707],[126.363281,33.234413],[126.365044,33.232944],[126.365631,33.232944],[126.366508,33.232063],[126.370033,33.232063],[126.371498,33.233826],[126.372375,33.233826],[126.37326,33.234707],[126.375015,33.234413],[126.376488,33.232944],[126.377365,33.232944],[126.37883,33.234119],[126.37883,33.235001],[126.380005,33.236172],[126.380882,33.236172],[126.381767,33.235291],[126.382355,33.235291],[126.383232,33.236172],[126.384995,33.236172],[126.385872,33.237053],[126.386749,33.237053],[126.387634,33.237934],[126.388222,33.237934],[126.389099,33.238811],[126.389977,33.238811],[126.390862,33.239693],[126.392616,33.239693],[126.393204,33.240574],[126.394089,33.24028],[126.394966,33.241158],[126.395844,33.241158],[126.396729,33.242039],[126.398193,33.242039],[126.399071,33.24292],[126.400833,33.24292],[126.402298,33.244678],[126.403183,33.243801],[126.40406,33.243801],[126.404938,33.244678],[126.4067,33.244678],[126.407578,33.24556],[126.412567,33.24556],[126.413155,33.244678],[126.414917,33.244678],[126.415794,33.243801],[126.416672,33.243801],[126.422539,33.237934],[126.424889,33.237934],[126.425766,33.237053],[126.427528,33.237053],[126.428406,33.236172],[126.429878,33.236172],[126.430756,33.235291],[126.432518,33.235291],[126.434273,33.237053],[126.43486,33.237053],[126.436623,33.238811],[126.443367,33.238811],[126.445129,33.24028],[126.445717,33.24028],[126.446594,33.241158],[126.448357,33.241158],[126.449234,33.242039],[126.450119,33.242039],[126.450996,33.24292],[126.451584,33.242039],[126.452461,33.242039],[126.453346,33.241158],[126.455101,33.241158],[126.455688,33.242039],[126.457451,33.24028],[126.458328,33.24028],[126.458626,33.239986],[126.458626,33.239105],[126.460381,33.237347],[126.460381,33.235001],[126.461266,33.234119],[126.461266,33.232361],[126.461555,33.232063],[126.46244,33.232063],[126.463318,33.231186],[126.46508,33.231186],[126.465668,33.230305],[126.466545,33.230305],[126.467133,33.230011],[126.467133,33.229134],[126.468307,33.227959],[126.473289,33.227959],[126.474174,33.22884],[126.477402,33.22884],[126.478279,33.227959],[126.482384,33.227959],[126.483269,33.22884],[126.484146,33.22884],[126.486786,33.231186],[126.488251,33.231186],[126.489136,33.232063],[126.490891,33.232063],[126.491776,33.231186],[126.492363,33.231186],[126.49324,33.232063],[126.494118,33.232063],[126.495003,33.232944],[126.496758,33.232944],[126.497055,33.232361],[126.497055,33.230892],[126.497345,33.230305],[126.49823,33.230305],[126.499107,33.231186],[126.503212,33.231186],[126.504097,33.230305],[126.505852,33.230305],[126.506737,33.231186],[126.509079,33.231186],[126.513191,33.235291],[126.514069,33.235291],[126.515533,33.236759],[126.515533,33.23764],[126.515831,33.237934],[126.518173,33.237934],[126.518761,33.238228],[126.518761,33.239105],[126.519646,33.239986],[126.519646,33.240868],[126.520813,33.242039],[126.522575,33.242039],[126.523453,33.241158],[126.524925,33.241158],[126.525803,33.24028],[126.527565,33.24028],[126.528152,33.239693],[126.530792,33.239693],[126.53167,33.24028],[126.533432,33.24028],[126.534309,33.241158],[126.535774,33.241158],[126.536659,33.242039],[126.538414,33.242039],[126.539001,33.241158],[126.539886,33.241158],[126.541641,33.239693],[126.544281,33.239693],[126.544579,33.239105],[126.544579,33.238228],[126.544868,33.237934],[126.546631,33.237934],[126.546921,33.238228],[126.546921,33.239105],[126.547806,33.239986],[126.547806,33.240868],[126.548393,33.241158],[126.549858,33.241158],[126.550735,33.24028],[126.55162,33.24028],[126.552498,33.239693],[126.556602,33.239693],[126.557777,33.240868],[126.557777,33.241745],[126.559242,33.24292],[126.55954,33.242626],[126.55954,33.241745],[126.560715,33.24028],[126.565109,33.24028],[126.569221,33.244678],[126.577431,33.244678],[126.578316,33.243801],[126.579193,33.243801],[126.58007,33.24292],[126.580956,33.243801],[126.58242,33.243801],[126.583298,33.244678],[126.58506,33.244385],[126.585938,33.243801],[126.586525,33.243801],[126.587112,33.243214],[126.587112,33.242332],[126.58799,33.241745],[126.58799,33.240868],[126.588577,33.239986],[126.588875,33.239105],[126.589165,33.238811],[126.59005,33.238811],[126.591515,33.237053],[126.592392,33.237053],[126.593277,33.236172],[126.594154,33.236172],[126.595032,33.237053],[126.598259,33.237053],[126.599144,33.237934],[126.603249,33.237934],[126.604126,33.238811],[126.605011,33.238811],[126.605888,33.239693],[126.607651,33.239693],[126.608238,33.24028],[126.612343,33.24028],[126.61322,33.241158],[126.614105,33.241158],[126.614983,33.242039],[126.61586,33.242039],[126.616745,33.24292],[126.617332,33.24292],[126.617912,33.243214],[126.617912,33.247612],[126.618797,33.248199],[126.618797,33.249081],[126.619087,33.249668],[126.62085,33.249668],[126.622612,33.251133],[126.626717,33.251133],[126.627007,33.25172],[126.627007,33.253185],[126.628181,33.254654],[126.629944,33.254654],[126.630821,33.255535],[126.631706,33.255535],[126.632874,33.256706],[126.632874,33.257587],[126.633171,33.257881],[126.637573,33.257881],[126.638161,33.258762],[126.639038,33.258762],[126.639626,33.259052],[126.639626,33.259933],[126.640503,33.260815],[126.639626,33.261696],[126.639626,33.262573],[126.639328,33.262867],[126.638451,33.262867],[126.637863,33.263161],[126.638451,33.263748],[126.641678,33.263748],[126.641968,33.264042],[126.641968,33.264919],[126.644028,33.266975],[126.644905,33.266975],[126.645782,33.267857],[126.649895,33.267857],[126.650772,33.268734],[126.652534,33.268734],[126.653412,33.269615],[126.658401,33.269615],[126.658691,33.269909],[126.657814,33.270786],[126.657814,33.27343],[126.658401,33.273724],[126.659279,33.273724],[126.660744,33.271961],[126.661629,33.271961],[126.662506,33.271084],[126.66925,33.271084],[126.669838,33.270496],[126.6716,33.270496],[126.672478,33.269615],[126.673363,33.269615],[126.675117,33.267857],[126.675705,33.267857],[126.67659,33.268734],[126.677467,33.268734],[126.67923,33.270496],[126.684212,33.270496],[126.685097,33.269615],[126.688324,33.269615],[126.689201,33.270496],[126.695068,33.270496],[126.695946,33.271084],[126.698296,33.271374],[126.699173,33.271961],[126.701523,33.271961],[126.7024,33.272842],[126.704163,33.272842],[126.70504,33.273724],[126.708267,33.273724],[126.709152,33.274601],[126.710907,33.274601],[126.711792,33.275482],[126.712379,33.275482],[126.713257,33.276363],[126.714134,33.276363],[126.715019,33.275482],[126.715897,33.275482],[126.716484,33.276363],[126.717361,33.276363],[126.718246,33.276951],[126.719124,33.276951],[126.720001,33.276363],[126.722351,33.276363],[126.724991,33.278709],[126.72998,33.278709],[126.730858,33.279591],[126.731735,33.279591],[126.732033,33.279881],[126.732033,33.280762],[126.732323,33.281349],[126.734085,33.281349],[126.735847,33.279591],[126.736725,33.280468],[126.73819,33.280468],[126.739075,33.279591],[126.739952,33.279591],[126.740829,33.278709],[126.741714,33.279591],[126.743179,33.279591],[126.744942,33.281055],[126.745819,33.281349],[126.747581,33.282818],[126.748161,33.282818],[126.749046,33.283695],[126.749924,33.283695],[126.750221,33.284283],[126.750511,33.28487],[126.749634,33.285748],[126.749634,33.28751],[126.749924,33.287804],[126.754913,33.287804],[126.75843,33.291325],[126.759018,33.291325],[126.759895,33.292202],[126.761658,33.292202],[126.762543,33.292789],[126.76342,33.292789],[126.76371,33.293377],[126.76371,33.294842],[126.764595,33.295723],[126.764595,33.297485],[126.765472,33.298363],[126.765472,33.299244],[126.766647,33.300419],[126.767525,33.300419],[126.76841,33.301296],[126.771629,33.301296],[126.772514,33.302177],[126.773392,33.302177],[126.773689,33.302471],[126.773689,33.30423],[126.774567,33.305111],[126.774567,33.305698],[126.77464656,33.30585931],[126.7765302,33.30580694],[126.79367422,33.28555304]]]]},"geometry_name":"the_geom","properties":{"id":"Shp_WRN2_POLY.17","BLN_Flag":"","Id_1":"931","LAYER":"","STD_ID1":"","WarnCode":"S2320700","name":"제주도남부연안바다"}},{"type":"Feature","id":"warnArea2Poly202106.19","geometry":{"type":"MultiPolygon","coordinates":[[[[126.95556359,33.48225152],[126.95727539,33.47491455],[126.9598999,33.47271729],[126.96270752,33.47009277],[126.96490479,33.4677124],[126.9666748,33.465271],[126.96789551,33.46228027],[126.96868896,33.4586792],[126.96832275,33.45367432],[126.96691895,33.45031738],[126.96368408,33.44610596],[126.96112061,33.44329834],[126.95831299,33.44152832],[126.95532227,33.43847656],[126.95672607,33.43450928],[126.95727539,33.43029785],[126.95709229,33.42608643],[126.95550537,33.421875],[126.95367432,33.41888428],[126.95172119,33.4163208],[126.94891357,33.41290283],[126.94488525,33.40911865],[126.94110107,33.4072876],[126.93688965,33.40588379],[126.93267822,33.40527344],[126.92907715,33.40429688],[126.92791748,33.40112305],[126.92791748,33.39709473],[126.92791748,33.3928833],[126.92712402,33.38891602],[126.92590332,33.3848877],[126.92431641,33.38250732],[126.921875,33.37988281],[126.91967773,33.37792969],[126.91687012,33.37609863],[126.91387939,33.37451172],[126.91009521,33.37329102],[126.90649414,33.37231445],[126.90252686,33.37127686],[126.89849854,33.36907959],[126.89611816,33.36651611],[126.89367676,33.3637085],[126.89251709,33.36029053],[126.89093018,33.3572998],[126.89050293,33.35369873],[126.88891602,33.34869385],[126.88690186,33.34552002],[126.8848877,33.34307861],[126.88287354,33.34088135],[126.88049316,33.33789063],[126.87768555,33.33508301],[126.87609863,33.33270264],[126.87487793,33.33007813],[126.87249756,33.3270874],[126.87011719,33.32427979],[126.86907959,33.32092285],[126.86810303,33.31750488],[126.86712646,33.31347656],[126.86529541,33.31072998],[126.8626709,33.30810547],[126.85949707,33.3057251],[126.8560791,33.30328369],[126.85351563,33.30010986],[126.8505249,33.29711914],[126.84649658,33.29412842],[126.84368896,33.29290771],[126.83929443,33.2913208],[126.83447266,33.28991699],[126.82952881,33.28887939],[126.82092285,33.28729248],[126.81787109,33.28607178],[126.81512451,33.28527832],[126.81048584,33.284729],[126.80651855,33.284729],[126.80249023,33.28527832],[126.79367422,33.28555304],[126.7765302,33.30580694],[126.77464656,33.30585931],[126.774857,33.306286],[126.775742,33.306286],[126.777496,33.308044],[126.781609,33.308044],[126.782486,33.307163],[126.784248,33.307163],[126.784836,33.306286],[126.785713,33.306286],[126.786591,33.305405],[126.787476,33.305405],[126.789238,33.303642],[126.789818,33.303642],[126.790703,33.304523],[126.79422,33.304523],[126.795105,33.303642],[126.800087,33.303642],[126.800674,33.304523],[126.804199,33.304523],[126.805077,33.303642],[126.808304,33.303642],[126.809181,33.304523],[126.810944,33.304523],[126.813293,33.307163],[126.814171,33.307163],[126.815048,33.307751],[126.815933,33.307163],[126.818275,33.307163],[126.81916,33.306286],[126.825905,33.306286],[126.826492,33.307163],[126.82737,33.307163],[126.828255,33.307751],[126.829132,33.307751],[126.830009,33.308632],[126.830894,33.308632],[126.831772,33.309509],[126.833237,33.309509],[126.834122,33.31039],[126.835876,33.31039],[126.837929,33.312447],[126.837929,33.313324],[126.840866,33.316257],[126.841743,33.316257],[126.842041,33.316551],[126.842041,33.318314],[126.844093,33.320366],[126.846733,33.320366],[126.847023,33.320953],[126.847023,33.323299],[126.848785,33.325058],[126.84761,33.326233],[126.844971,33.326233],[126.844681,33.326527],[126.844681,33.328285],[126.844093,33.328579],[126.843208,33.327991],[126.842331,33.327991],[126.841743,33.32711],[126.839989,33.32711],[126.839104,33.326233],[126.837341,33.326233],[126.835289,33.328285],[126.836761,33.32946],[126.839104,33.32946],[126.839989,33.330338],[126.841743,33.330338],[126.842041,33.330925],[126.842041,33.332394],[126.842628,33.332977],[126.844093,33.332977],[126.846733,33.335327],[126.848198,33.335327],[126.849075,33.336205],[126.84996,33.336205],[126.851723,33.337967],[126.8526,33.337967],[126.853477,33.338844],[126.854942,33.338844],[126.856117,33.340019],[126.856117,33.341782],[126.857002,33.342365],[126.857002,33.343246],[126.858757,33.345009],[126.858757,33.346767],[126.859055,33.347061],[126.860809,33.347061],[126.861694,33.347939],[126.862572,33.347939],[126.864624,33.349995],[126.864624,33.350876],[126.864922,33.351166],[126.865799,33.351166],[126.866974,33.352341],[126.866974,33.353222],[126.867851,33.354099],[126.867851,33.359089],[126.866974,33.359966],[126.867851,33.360847],[126.867851,33.363194],[126.869904,33.365543],[126.871666,33.36525],[126.872841,33.366714],[126.872841,33.369942],[126.872543,33.370529],[126.870789,33.370529],[126.870491,33.370823],[126.870491,33.3717],[126.870789,33.371998],[126.872543,33.371998],[126.877533,33.376984],[126.87841,33.376984],[126.88047,33.379036],[126.88047,33.382557],[126.881638,33.383732],[126.884277,33.383732],[126.884865,33.384609],[126.887505,33.384609],[126.889854,33.386955],[126.890732,33.386955],[126.891617,33.387836],[126.895721,33.387836],[126.896599,33.386955],[126.898361,33.386955],[126.899246,33.387836],[126.899826,33.387836],[126.901588,33.389599],[126.902466,33.389599],[126.903351,33.390476],[126.904228,33.390476],[126.904526,33.39077],[126.904526,33.391651],[126.905403,33.392529],[126.905403,33.395756],[126.906281,33.396637],[126.906281,33.398396],[126.905113,33.39957],[126.904228,33.39957],[126.903641,33.399864],[126.903641,33.401623],[126.902763,33.402504],[126.902763,33.403385],[126.905403,33.405731],[126.905403,33.406612],[126.906281,33.40749],[126.906281,33.408371],[126.907166,33.409252],[126.907166,33.411598],[126.907455,33.411892],[126.908333,33.412186],[126.910393,33.414238],[126.910393,33.416584],[126.909508,33.417465],[126.910393,33.418346],[126.910393,33.419228],[126.913033,33.421574],[126.913033,33.423332],[126.91362,33.424213],[126.91362,33.425095],[126.91626,33.427441],[126.91626,33.431545],[126.915375,33.432426],[126.915375,33.433308],[126.91655,33.434479],[126.918312,33.434479],[126.919189,33.43536],[126.920074,33.434479],[126.920654,33.434479],[126.923004,33.432426],[126.923004,33.43008],[126.922127,33.429199],[126.922127,33.428322],[126.925354,33.425095],[126.925354,33.424213],[126.925941,33.423626],[126.926521,33.423626],[126.927406,33.422745],[126.928284,33.423626],[126.930046,33.423626],[126.930336,33.424213],[126.930336,33.425095],[126.931511,33.426266],[126.932388,33.426266],[126.933273,33.427147],[126.934151,33.427147],[126.935036,33.428024],[126.935913,33.428024],[126.936203,33.428322],[126.936203,33.429199],[126.933273,33.432133],[126.932388,33.432133],[126.931808,33.433014],[126.928284,33.433014],[126.927994,33.433308],[126.927994,33.434189],[126.926819,33.43536],[126.924179,33.43536],[126.923592,33.435947],[126.923592,33.436535],[126.922127,33.438293],[126.922127,33.440056],[126.921242,33.440639],[126.921242,33.446507],[126.922127,33.447388],[126.922127,33.448269],[126.923882,33.450027],[126.923592,33.451496],[126.924179,33.45208],[126.925056,33.45208],[126.925354,33.452374],[126.925354,33.453255],[126.930923,33.458828],[126.931808,33.458828],[126.932388,33.459709],[126.933273,33.458828],[126.935036,33.458828],[126.935913,33.457947],[126.93679,33.457947],[126.937088,33.457363],[126.937088,33.456776],[126.938255,33.455307],[126.93914,33.455307],[126.940018,33.45472],[126.942368,33.45443],[126.943245,33.455307],[126.945885,33.455307],[126.946182,33.455894],[126.946182,33.456776],[126.94471,33.458241],[126.94471,33.459122],[126.942368,33.461174],[126.940903,33.461174],[126.940018,33.462055],[126.93914,33.462055],[126.936203,33.464989],[126.936203,33.467335],[126.935326,33.468216],[126.935326,33.469097],[126.933563,33.470856],[126.933563,33.471737],[126.932388,33.472908],[126.931511,33.472908],[126.930923,33.472031],[126.929169,33.472031],[126.927994,33.470856],[126.927994,33.469975],[126.927109,33.469097],[126.927109,33.468216],[126.929169,33.466164],[126.930046,33.466164],[126.930336,33.46587],[126.930336,33.464989],[126.925354,33.460003],[126.925354,33.459122],[126.923302,33.457069],[126.922417,33.457069],[126.921242,33.455894],[126.921242,33.455013],[126.919189,33.452961],[126.917427,33.452961],[126.917137,33.453255],[126.917427,33.453842],[126.918312,33.453842],[126.918602,33.454136],[126.918602,33.455894],[126.919189,33.456188],[126.920074,33.456188],[126.920364,33.456776],[126.920364,33.459122],[126.922127,33.46088],[126.922127,33.462643],[126.920654,33.463814],[126.917427,33.463814],[126.91655,33.464695],[126.915085,33.464695],[126.91362,33.46587],[126.914207,33.466164],[126.91655,33.466164],[126.917427,33.465282],[126.920654,33.465282],[126.921242,33.46587],[126.921242,33.466747],[126.922417,33.467922],[126.924179,33.467922],[126.924469,33.468216],[126.924469,33.469975],[126.924179,33.470268],[126.919189,33.470268],[126.918312,33.471149],[126.917427,33.471149],[126.915962,33.472908],[126.913322,33.472908],[126.910393,33.475842],[126.910393,33.476723],[126.909508,33.477604],[126.909508,33.47995],[126.909218,33.480537],[126.908333,33.479656],[126.907455,33.479656],[126.906578,33.478779],[126.904816,33.478779],[126.904228,33.479656],[126.903351,33.479656],[126.902763,33.47995],[126.903053,33.484058],[126.903641,33.484936],[126.903641,33.487576],[126.904228,33.487869],[126.905113,33.486992],[126.906578,33.486992],[126.907455,33.487869],[126.910095,33.487869],[126.91127,33.489044],[126.91127,33.489925],[126.910393,33.490803],[126.910393,33.491684],[126.909508,33.492565],[126.909508,33.494911],[126.912148,33.497551],[126.91127,33.498432],[126.91127,33.500778],[126.912148,33.501659],[126.912148,33.502537],[126.913033,33.503418],[126.912735,33.507526],[126.91156,33.508698],[126.910683,33.508698],[126.909508,33.509872],[126.909508,33.510754],[126.90926285,33.51124684],[126.93272672,33.51434776],[126.93450928,33.4967041],[126.93572577,33.49435502],[126.9362793,33.49328613],[126.95556359,33.48225152]]]]},"geometry_name":"the_geom","properties":{"id":"Shp_WRN2_POLY.18","BLN_Flag":"","Id_1":"922","LAYER":"","STD_ID1":"","WarnCode":"S2321000","name":"제주도남동연안바다"}},{"type":"Feature","id":"warnArea2Poly202106.20","geometry":{"type":"MultiPolygon","coordinates":[[[[126.95556359,33.48225152],[126.9362793,33.49328613],[126.93572577,33.49435502],[126.93450928,33.4967041],[126.93272672,33.51434776],[126.93287756,33.51451092],[126.93325941,33.51488827],[126.93366709,33.51524616],[126.93396122,33.51553969],[126.93422287,33.51591286],[126.93436266,33.51609486],[126.93450827,33.51627361],[126.93465961,33.516449],[126.93481657,33.5166209],[126.93497902,33.51678917],[126.93510974,33.51700713],[126.93524801,33.51722179],[126.93539372,33.51743298],[126.93554675,33.5176405],[126.93570696,33.51784419],[126.93587421,33.51804386],[126.93604837,33.51823935],[126.93622928,33.51843049],[126.9364168,33.51861711],[126.93661075,33.51879905],[126.93681097,33.51897617],[126.9370173,33.5191483],[126.93720774,33.51930307],[126.93717287,33.51969557],[126.93716694,33.51989232],[126.93716869,33.52008913],[126.93717811,33.52028579],[126.93710661,33.52052171],[126.93704326,33.52075927],[126.93698813,33.52099825],[126.93694125,33.52123847],[126.93690268,33.52147973],[126.93687243,33.52172182],[126.93685054,33.52196453],[126.93683702,33.52220768],[126.93683189,33.52245105],[126.93683514,33.52269444],[126.93684679,33.52293766],[126.93686681,33.52318049],[126.93689519,33.52342274],[126.93693191,33.5236642],[126.93697693,33.52390467],[126.93703022,33.52414395],[126.93709174,33.52438185],[126.93716143,33.52461815],[126.93723924,33.52485268],[126.9373251,33.52508523],[126.93741893,33.5253156],[126.93755784,33.52564181],[126.93765732,33.52586585],[126.93776435,33.52608743],[126.93787884,33.52630638],[126.9380007,33.52652252],[126.93812983,33.52673568],[126.93826613,33.52694569],[126.93840949,33.52715237],[126.93855979,33.52735557],[126.93871691,33.52755511],[126.93888073,33.52775084],[126.93905111,33.52794261],[126.93922791,33.52813024],[126.939411,33.5283136],[126.93960023,33.52849254],[126.93979544,33.52866691],[126.93999648,33.52883657],[126.94020319,33.52900139],[126.9404154,33.52916123],[126.94063293,33.52931597],[126.94085562,33.52946547],[126.94108328,33.52960963],[126.94131574,33.52974831],[126.9415528,33.52988142],[126.94179427,33.53000885],[126.9419695,33.53012643],[126.9421872,33.5302725],[126.94241226,33.53040424],[126.9427231,33.53058619],[126.94290784,33.53077295],[126.94309893,33.53095518],[126.94329621,33.53113272],[126.94349953,33.53130542],[126.94370871,33.53147314],[126.94392357,33.53163574],[126.94414394,33.53179308],[126.94436964,33.53194504],[126.94460048,33.53209148],[126.94483626,33.53223229],[126.94507679,33.53236736],[126.94532187,33.53249655],[126.9455713,33.53261978],[126.94582486,33.53273693],[126.94608236,33.53284791],[126.94634357,33.53295263],[126.94670535,33.53309256],[126.94695023,33.53318401],[126.94719793,33.53326997],[126.94744826,33.53335041],[126.94770105,33.53342525],[126.94795612,33.53349445],[126.94852051,33.53364066],[126.94900728,33.53375567],[126.94931091,33.53381641],[126.94988601,33.53392363],[126.95012429,33.53396563],[126.9503638,33.53400239],[126.95060437,33.53403386],[126.95084586,33.53406004],[126.95108807,33.53408091],[126.9515701,33.53416998],[126.95184391,33.53420951],[126.95209535,33.53424284],[126.95245099,33.53428998],[126.95272219,33.53432277],[126.95299434,33.53434939],[126.95326726,33.53436983],[126.95354074,33.53438406],[126.95381459,33.53439207],[126.95408859,33.53439387],[126.95436255,33.53438944],[126.95463626,33.53437879],[126.95490953,33.53436193],[126.95518215,33.53433888],[126.95545392,33.53430964],[126.95635622,33.53420212],[126.95701494,33.53410447],[126.95755849,33.53399872],[126.95777638,33.53395458],[126.9580552,33.53389663],[126.95860633,33.53376085],[126.95887821,33.53368314],[126.95914732,33.53359896],[126.95941346,33.53350839],[126.9596764,33.53341149],[126.95993593,33.53330835],[126.96019184,33.53319904],[126.96044392,33.53308366],[126.96069197,33.53296231],[126.96093578,33.53283508],[126.96117515,33.53270207],[126.9614099,33.53256339],[126.96163982,33.53241917],[126.96186473,33.5322695],[126.96208446,33.53211452],[126.9622988,33.53195435],[126.96250761,33.53178913],[126.9627107,33.53161898],[126.96290791,33.53144405],[126.96309907,33.53126447],[126.96351541,33.53086411],[126.96363059,33.53074702],[126.96383623,33.53063874],[126.96403789,33.53052533],[126.96423539,33.5304069],[126.96442856,33.53028355],[126.96461721,33.53015539],[126.96511433,33.52981463],[126.96576153,33.52937648],[126.96619774,33.52906374],[126.96640769,33.52889969],[126.96661198,33.5287307],[126.96681044,33.5285569],[126.96700291,33.52837845],[126.96718922,33.52819547],[126.96736925,33.52800812],[126.96754282,33.52781656],[126.96770981,33.52762093],[126.96787008,33.5274214],[126.9680235,33.52721813],[126.96816994,33.52701128],[126.96830929,33.52680102],[126.96844143,33.52658752],[126.96856626,33.52637096],[126.96868368,33.5261515],[126.96879358,33.52592934],[126.96889588,33.52570464],[126.9689905,33.5254776],[126.96949159,33.52506571],[126.96982204,33.52477465],[126.97085676,33.52464942],[126.97110201,33.52461715],[126.97134625,33.52457985],[126.97158932,33.52453753],[126.97183107,33.52449022],[126.97207136,33.52443795],[126.97231005,33.52438076],[126.97257895,33.52431332],[126.97326862,33.52414034],[126.97351664,33.52407521],[126.97376257,33.52400476],[126.97400625,33.52392904],[126.97424753,33.52384809],[126.97448624,33.52376196],[126.97472222,33.52367073],[126.97495533,33.52357444],[126.9751854,33.52347316],[126.97742215,33.52245751],[126.97767281,33.5223398],[126.97791937,33.52221616],[126.97816163,33.5220867],[126.9783994,33.52195152],[126.97863248,33.52181073],[126.97886068,33.52166445],[126.97908382,33.52151278],[126.97930173,33.52135587],[126.97951422,33.52119383],[126.97972112,33.52102679],[126.97992226,33.52085489],[126.98011749,33.52067827],[126.98030663,33.52049707],[126.98048955,33.52031144],[126.9806661,33.52012153],[126.98083612,33.51992749],[126.98099948,33.51972948],[126.98115606,33.51952765],[126.98130572,33.51932218],[126.98144834,33.51911323],[126.98158381,33.51890096],[126.98171201,33.51868555],[126.98183285,33.51846718],[126.98194623,33.51824601],[126.98236186,33.51740234],[126.98246737,33.51717926],[126.98256528,33.51695377],[126.98265552,33.51672604],[126.98273802,33.51649626],[126.9828127,33.51626461],[126.98287952,33.51603128],[126.98293841,33.51579646],[126.98298933,33.51556034],[126.98303224,33.5153231],[126.9830671,33.51508494],[126.98309388,33.51484605],[126.98311257,33.51460661],[126.98312315,33.51436683],[126.98312561,33.5141269],[126.98311995,33.513887],[126.98302458,33.51153396],[126.98301044,33.51128946],[126.98298787,33.51104539],[126.98295687,33.51080198],[126.98291749,33.51055942],[126.98286975,33.51031792],[126.98281369,33.51007767],[126.9827624,33.50987359],[126.98268483,33.50956492],[126.98261975,33.50932405],[126.9825463,33.50908486],[126.98246455,33.50884758],[126.98237456,33.50861239],[126.98227642,33.50837951],[126.9821702,33.50814912],[126.982056,33.50792144],[126.98193391,33.50769664],[126.98180404,33.50747492],[126.9816665,33.50725648],[126.98152141,33.50704149],[126.98136889,33.50683014],[126.98120906,33.50662261],[126.98111412,33.50650689],[126.98086807,33.50621972],[126.98068719,33.5060247],[126.9804996,33.50583419],[126.98030544,33.50564835],[126.98037687,33.50550509],[126.98049437,33.50527936],[126.9806039,33.50505082],[126.98070536,33.50481969],[126.98079866,33.50458616],[126.98088374,33.50435043],[126.9809605,33.50411272],[126.9810289,33.50387321],[126.98108886,33.50363212],[126.98114033,33.50338966],[126.98118328,33.50314604],[126.98121766,33.50290147],[126.98124345,33.50265616],[126.98126062,33.50241031],[126.98126916,33.50216415],[126.98126906,33.50191789],[126.98126032,33.50167174],[126.98131581,33.50147207],[126.98136483,33.50127121],[126.98140735,33.50106932],[126.98144334,33.50086654],[126.98147277,33.50066302],[126.98149561,33.5004589],[126.98151185,33.50025435],[126.98152593,33.50005858],[126.98160795,33.49891743],[126.98162119,33.49867568],[126.98162618,33.49843372],[126.9816229,33.49819173],[126.98161137,33.49794993],[126.98159159,33.49770849],[126.98156357,33.49746764],[126.98152735,33.49722755],[126.98148295,33.49698842],[126.98143041,33.49675046],[126.98136977,33.49651386],[126.98130108,33.4962788],[126.98122439,33.49604549],[126.98113978,33.49581411],[126.9810473,33.49558485],[126.98094704,33.4953579],[126.98083907,33.49513344],[126.98072349,33.49491166],[126.98060039,33.49469275],[126.98033204,33.4942642],[126.980187,33.49405493],[126.98003488,33.49384921],[126.97987581,33.49364723],[126.97970991,33.49344913],[126.97953732,33.4932551],[126.97935817,33.49306527],[126.97918422,33.49288626],[126.97889657,33.49259026],[126.97890083,33.49235663],[126.97889727,33.492123],[126.97888588,33.49188954],[126.97886667,33.49165644],[126.97883967,33.49142389],[126.97880488,33.49119206],[126.9787121,33.49073131],[126.97865417,33.49050276],[126.9785886,33.49027565],[126.97851546,33.49005018],[126.9784348,33.48982652],[126.97834667,33.48960484],[126.97825116,33.48938533],[126.97814833,33.48916814],[126.97803827,33.48895346],[126.97792106,33.48874145],[126.97781214,33.48844422],[126.97771639,33.48820355],[126.97762235,33.48797771],[126.97752072,33.48775419],[126.97741157,33.48753317],[126.97729499,33.48731483],[126.97717108,33.48709934],[126.97703993,33.48688689],[126.97690165,33.48667763],[126.97675636,33.48647173],[126.97660417,33.48626937],[126.97644519,33.4860707],[126.97627957,33.48587589],[126.97610743,33.48568508],[126.97592891,33.48549844],[126.97574415,33.4853161],[126.9755533,33.48513823],[126.97535651,33.48496496],[126.97515395,33.48479642],[126.97502736,33.48465214],[126.97489088,33.48449659],[126.97469867,33.48430408],[126.97450146,33.48410659],[126.97424607,33.48386589],[126.97406044,33.48369567],[126.97386934,33.48352975],[126.97367293,33.48336825],[126.97347133,33.4832113],[126.97326471,33.48305901],[126.97305072,33.48290981],[126.97283191,33.4827656],[126.97260844,33.4826265],[126.97238048,33.48249262],[126.9721482,33.48236405],[126.97191178,33.48224089],[126.97158261,33.48208249],[126.97142725,33.48201119],[126.9711795,33.48190482],[126.97092835,33.48180421],[126.97067398,33.48170944],[126.9704166,33.48162058],[126.97015639,33.4815377],[126.96989355,33.48146086],[126.96962829,33.48139012],[126.96930736,33.48130859],[126.96857463,33.48112246],[126.96834287,33.48106611],[126.96810958,33.48101442],[126.96787488,33.48096741],[126.96763891,33.48092511],[126.9674018,33.48088755],[126.96710244,33.48084323],[126.96682451,33.48077202],[126.96654425,33.48070754],[126.96626189,33.48064986],[126.96597766,33.48059901],[126.96569181,33.48055504],[126.96540456,33.480518],[126.96511616,33.4804879],[126.96482684,33.48046477],[126.96453685,33.48044864],[126.96424643,33.48043951],[126.96395581,33.48043739],[126.96366524,33.48044229],[126.96337495,33.4804542],[126.9630852,33.48047311],[126.96279622,33.48049901],[126.96250825,33.48053187],[126.96222153,33.48057167],[126.96193629,33.48061837],[126.96165277,33.48067194],[126.96137122,33.48073232],[126.96109186,33.48079948],[126.96081492,33.48087335],[126.96054063,33.48095388],[126.96026923,33.48104099],[126.96000093,33.48113461],[126.95973596,33.48123468],[126.95871392,33.48163538],[126.95849026,33.48172586],[126.95826945,33.48182112],[126.95805163,33.48192112],[126.95783696,33.48202577],[126.95762557,33.48213502],[126.95741761,33.48224879],[126.95713128,33.48223014],[126.95684443,33.48221841],[126.95655729,33.48221361],[126.95627011,33.48221576],[126.95598312,33.48222484],[126.95569657,33.48224085],[126.95556359,33.48225152]],[[126.96965,33.501659],[126.969063,33.501953],[126.968178,33.501953],[126.96701,33.503418],[126.96701,33.504887],[126.966125,33.505764],[126.966125,33.510754],[126.965248,33.511631],[126.965248,33.512512],[126.963486,33.514565],[126.960846,33.514565],[126.959969,33.513687],[126.959084,33.513687],[126.957916,33.514858],[126.957916,33.516621],[126.958206,33.517204],[126.959969,33.516914],[126.960556,33.517498],[126.960258,33.518379],[126.961143,33.51926],[126.959969,33.520432],[126.959084,33.520432],[126.957916,33.521606],[126.957916,33.522488],[126.957619,33.522781],[126.956741,33.522781],[126.954102,33.525421],[126.952637,33.525421],[126.950874,33.523659],[126.949112,33.523659],[126.948235,33.52454],[126.94735,33.52454],[126.94706,33.524246],[126.94706,33.520725],[126.947647,33.520432],[126.948235,33.520432],[126.949112,33.519554],[126.949989,33.519554],[126.950287,33.51926],[126.949989,33.518673],[126.948235,33.518673],[126.947937,33.518379],[126.947937,33.515739],[126.94735,33.515446],[126.94677,33.515446],[126.946182,33.514858],[126.946182,33.514271],[126.945885,33.513687],[126.944122,33.513687],[126.943832,33.513393],[126.943832,33.512512],[126.942955,33.511631],[126.942955,33.509285],[126.942368,33.508698],[126.941483,33.508698],[126.940315,33.507526],[126.940315,33.505764],[126.939728,33.504887],[126.939728,33.504005],[126.940315,33.503418],[126.940315,33.501659],[126.94207,33.499897],[126.94207,33.498432],[126.942955,33.497551],[126.942955,33.494911],[126.944122,33.493736],[126.945885,33.493736],[126.94677,33.492859],[126.94735,33.492859],[126.948235,33.493736],[126.950874,33.49139],[126.954979,33.49139],[126.955856,33.491978],[126.957619,33.491978],[126.958206,33.492859],[126.959671,33.491684],[126.959671,33.490803],[126.960846,33.489632],[126.965836,33.489632],[126.966125,33.489925],[126.966125,33.490803],[126.96701,33.491684],[126.96701,33.49667],[126.96759,33.496964],[126.968178,33.496964],[126.96965,33.498432],[126.96965,33.501659]]]]},"geometry_name":"the_geom","properties":{"id":"Shp_WRN2_POLY.19","BLN_Flag":"","Id_1":"923","LAYER":"","STD_ID1":"","WarnCode":"S2330200","name":"우도연안바다"}},{"type":"Feature","id":"warnArea2Poly202106.21","geometry":{"type":"MultiPolygon","coordinates":[[[[126.93272672,33.51434776],[126.90926285,33.51124684],[126.909218,33.511337],[126.907455,33.511337],[126.906578,33.512218],[126.905113,33.512218],[126.904228,33.511337],[126.901588,33.511337],[126.900711,33.511925],[126.900124,33.511925],[126.899536,33.512512],[126.899536,33.513393],[126.901299,33.514858],[126.901299,33.516621],[126.902176,33.517498],[126.902176,33.51926],[126.902466,33.519554],[126.905113,33.519554],[126.905403,33.519848],[126.905403,33.520725],[126.904816,33.521313],[126.899826,33.521313],[126.898659,33.522488],[126.898659,33.523365],[126.898361,33.523659],[126.897484,33.523659],[126.894257,33.52718],[126.893372,33.52718],[126.892494,33.527767],[126.88575,33.527767],[126.884865,33.52718],[126.8834,33.52718],[126.882812,33.527473],[126.882812,33.528355],[126.881638,33.529526],[126.878998,33.529526],[126.87841,33.530407],[126.870789,33.530407],[126.869026,33.528648],[126.868439,33.528648],[126.867561,33.529526],[126.866676,33.529526],[126.866096,33.529232],[126.866096,33.528355],[126.864922,33.52718],[126.864037,33.52718],[126.863159,33.526299],[126.861694,33.526299],[126.860809,33.525421],[126.859055,33.52718],[126.855827,33.52718],[126.854942,33.526299],[126.854652,33.526592],[126.854652,33.527473],[126.85553,33.528355],[126.85553,33.529819],[126.854942,33.530407],[126.853188,33.530407],[126.852013,33.531582],[126.852013,33.532459],[126.84996,33.534515],[126.849075,33.533634],[126.848198,33.533634],[126.84761,33.533047],[126.845856,33.534515],[126.842331,33.534515],[126.841743,33.533634],[126.841156,33.534222],[126.841156,33.53598],[126.840279,33.536568],[126.840569,33.537449],[126.839989,33.538033],[126.838226,33.537743],[126.837051,33.539207],[126.837051,33.540089],[126.836174,33.54097],[126.836174,33.541553],[126.835876,33.542141],[126.834122,33.542141],[126.833237,33.54126],[126.830894,33.54361],[126.830009,33.5439],[126.828835,33.545074],[126.828835,33.546539],[126.82708,33.548302],[126.82708,33.549183],[126.827957,33.55006],[126.827957,33.550941],[126.82708,33.551529],[126.82708,33.554169],[126.826195,33.55505],[126.826195,33.555634],[126.825027,33.557102],[126.824142,33.557102],[126.821503,33.559448],[126.820915,33.559448],[126.820038,33.560329],[126.81916,33.560329],[126.818275,33.561211],[126.817398,33.561211],[126.816521,33.562088],[126.813293,33.562088],[126.810944,33.559448],[126.810066,33.559448],[126.808594,33.558277],[126.808891,33.557396],[126.808304,33.557102],[126.807426,33.557983],[126.806541,33.557983],[126.805954,33.558861],[126.805077,33.558861],[126.804199,33.557983],[126.803314,33.558861],[126.802437,33.558861],[126.801552,33.557983],[126.800674,33.557983],[126.79921,33.556221],[126.797447,33.556221],[126.795395,33.558277],[126.795395,33.559155],[126.793343,33.561211],[126.792465,33.561211],[126.79158,33.562088],[126.789238,33.562088],[126.788353,33.562969],[126.785713,33.562969],[126.784538,33.564144],[126.784538,33.565022],[126.784248,33.565315],[126.780724,33.565315],[126.779846,33.564728],[126.777496,33.564438],[126.776619,33.56385],[126.775742,33.56385],[126.774567,33.565022],[126.774567,33.565903],[126.774277,33.566196],[126.764885,33.566196],[126.764008,33.567078],[126.762543,33.567078],[126.761955,33.566784],[126.761955,33.565903],[126.761368,33.565022],[126.761368,33.564144],[126.760483,33.563263],[126.760483,33.561501],[126.761368,33.560917],[126.761368,33.560036],[126.759895,33.558861],[126.757553,33.558861],[126.756676,33.557983],[126.755791,33.557983],[126.754913,33.558861],[126.754028,33.558861],[126.753448,33.559448],[126.752563,33.559448],[126.751686,33.558861],[126.750809,33.558861],[126.750511,33.559155],[126.750511,33.560036],[126.749924,33.560329],[126.749046,33.559448],[126.748161,33.559448],[126.747581,33.558861],[126.744057,33.558861],[126.743767,33.558277],[126.743767,33.557396],[126.743179,33.557102],[126.742592,33.557983],[126.734085,33.557983],[126.733788,33.558277],[126.733788,33.559155],[126.73262,33.560329],[126.725868,33.560329],[126.723228,33.557983],[126.718246,33.557983],[126.717072,33.556808],[126.717072,33.555927],[126.716774,33.555344],[126.70648498,33.555344],[126.71063057,33.57436221],[126.72247314,33.57952881],[126.72570801,33.58032227],[126.72949219,33.58068848],[126.73272705,33.58068848],[126.73712158,33.57989502],[126.74108887,33.57849121],[126.74487305,33.57788086],[126.74847412,33.57849121],[126.75128174,33.57989502],[126.75512695,33.58148193],[126.75970459,33.58312988],[126.76269531,33.5836792],[126.76690674,33.58392334],[126.77130127,33.58392334],[126.7756958,33.58410645],[126.78167725,33.58428955],[126.78710938,33.58349609],[126.79107666,33.58209229],[126.79492188,33.58068848],[126.79827881,33.57867432],[126.80047607,33.5769043],[126.80352783,33.57751465],[126.80792236,33.57910156],[126.81170654,33.57989502],[126.81610107,33.57989502],[126.81988525,33.57928467],[126.82373047,33.57867432],[126.82910156,33.57751465],[126.83392334,33.57647705],[126.83709717,33.57531738],[126.84008789,33.57391357],[126.8425293,33.57208252],[126.84472656,33.56970215],[126.84692383,33.56652832],[126.84869385,33.56109619],[126.84967041,33.55688477],[126.85229492,33.55352783],[126.85650635,33.55133057],[126.86029053,33.54992676],[126.86407471,33.54852295],[126.86810303,33.54827881],[126.87188721,33.54870605],[126.87512207,33.54852295],[126.87908936,33.5480957],[126.88409424,33.54772949],[126.88909912,33.54669189],[126.894104,33.54608154],[126.89868164,33.54510498],[126.90167236,33.54412842],[126.90472412,33.54327393],[126.90789795,33.54272461],[126.91149902,33.54168701],[126.9152832,33.53948975],[126.91790771,33.53747559],[126.92071533,33.53448486],[126.92388916,33.53112793],[126.92590332,33.52832031],[126.92712402,33.5256958],[126.92791748,33.52191162],[126.93272672,33.51434776]]]]},"geometry_name":"the_geom","properties":{"id":"Shp_WRN2_POLY.20","BLN_Flag":"","Id_1":"921","LAYER":"","STD_ID1":"","WarnCode":"S2320900","name":"제주도북동연안바다"}},{"type":"Feature","id":"warnArea2Poly202106.22","geometry":{"type":"MultiPolygon","coordinates":[[[[126.71063057,33.57436221],[126.70648498,33.555344],[126.705925,33.555344],[126.70504,33.554462],[126.704163,33.554462],[126.703285,33.553581],[126.695946,33.553581],[126.695358,33.553288],[126.695358,33.552406],[126.695068,33.552116],[126.694191,33.552116],[126.693306,33.551235],[126.689201,33.551235],[126.688324,33.550354],[126.685097,33.550354],[126.684212,33.549477],[126.681572,33.549477],[126.681282,33.55006],[126.681282,33.550941],[126.67923,33.552994],[126.677467,33.552994],[126.67659,33.552116],[126.675705,33.552116],[126.674828,33.551235],[126.67424,33.551235],[126.673653,33.550941],[126.673653,33.55006],[126.672188,33.548302],[126.672188,33.545956],[126.670715,33.544487],[126.665146,33.544487],[126.664268,33.545368],[126.661629,33.545368],[126.660744,33.546249],[126.660156,33.546249],[126.658401,33.548008],[126.657516,33.548008],[126.656639,33.548889],[126.655762,33.548008],[126.654877,33.548008],[126.654587,33.548302],[126.654587,33.549183],[126.656342,33.550648],[126.654877,33.552116],[126.650772,33.552116],[126.650475,33.551529],[126.650475,33.55006],[126.649895,33.549477],[126.646667,33.549477],[126.645493,33.550941],[126.645782,33.551235],[126.647545,33.551235],[126.648422,33.552116],[126.64901,33.552116],[126.649597,33.552406],[126.647545,33.554462],[126.646667,33.554462],[126.645782,33.555344],[126.644028,33.555344],[126.642853,33.554169],[126.642853,33.553288],[126.642555,33.552994],[126.641678,33.552994],[126.6408,33.552116],[126.639915,33.552116],[126.639626,33.551529],[126.639626,33.549183],[126.638741,33.548302],[126.638741,33.547421],[126.637573,33.546249],[126.634933,33.546249],[126.634048,33.545368],[126.633171,33.545368],[126.632874,33.545074],[126.632874,33.542435],[126.633759,33.541553],[126.633759,33.540089],[126.632874,33.539207],[126.633759,33.538326],[126.633171,33.538033],[126.629944,33.538033],[126.627304,33.540382],[126.625839,33.540382],[126.625252,33.540089],[126.625252,33.538326],[126.624954,33.537743],[126.624077,33.538033],[126.621727,33.540382],[126.62085,33.540382],[126.619972,33.539501],[126.61821,33.539501],[126.617332,33.53862],[126.611755,33.53862],[126.609993,33.537155],[126.609116,33.537155],[126.608238,33.536274],[126.607353,33.537155],[126.605011,33.537155],[126.604126,33.536274],[126.600899,33.536274],[126.599144,33.537743],[126.596794,33.538033],[126.595917,33.537155],[126.595032,33.537155],[126.594154,33.536274],[126.593277,33.536274],[126.592392,33.535393],[126.591515,33.535393],[126.59034,33.534222],[126.59034,33.53334],[126.589165,33.532166],[126.58741,33.532166],[126.587112,33.531582],[126.587112,33.530994],[126.586235,33.530113],[126.586235,33.529232],[126.58535,33.528355],[126.58535,33.527473],[126.58506,33.52718],[126.583298,33.52718],[126.58242,33.526299],[126.579193,33.526299],[126.576553,33.528648],[126.575089,33.528648],[126.573326,33.526886],[126.570686,33.52718],[126.569809,33.527767],[126.568336,33.528061],[126.567459,33.528648],[126.567162,33.528355],[126.567162,33.526592],[126.566582,33.526299],[126.565697,33.526299],[126.563354,33.528648],[126.562469,33.528648],[126.561592,33.527767],[126.561005,33.528061],[126.55954,33.526592],[126.55954,33.526009],[126.558655,33.524834],[126.558655,33.524246],[126.557487,33.522781],[126.553375,33.522781],[126.552498,33.522194],[126.55162,33.522194],[126.550735,33.521313],[126.549271,33.521313],[126.546631,33.523659],[126.544868,33.523659],[126.544281,33.522781],[126.539886,33.522781],[126.537537,33.520432],[126.536659,33.520432],[126.535774,33.519554],[126.533134,33.519554],[126.532547,33.518673],[126.530792,33.518673],[126.526978,33.514858],[126.526978,33.514271],[126.525803,33.512806],[126.519936,33.512806],[126.519646,33.513393],[126.519646,33.513981],[126.518761,33.514858],[126.518761,33.515739],[126.517586,33.516914],[126.514069,33.516914],[126.513191,33.516327],[126.512306,33.516327],[126.511719,33.516914],[126.508202,33.517204],[126.507614,33.518085],[126.504974,33.517792],[126.504097,33.518673],[126.502335,33.518673],[126.50087,33.520432],[126.499985,33.520432],[126.499107,33.521313],[126.497345,33.521313],[126.496758,33.522194],[126.495003,33.5219],[126.494118,33.521313],[126.491776,33.521313],[126.490891,33.520432],[126.488251,33.520432],[126.487373,33.519554],[126.486786,33.519554],[126.485321,33.518379],[126.485321,33.517498],[126.484436,33.516621],[126.484436,33.515739],[126.483559,33.514858],[126.483856,33.514271],[126.482971,33.513393],[126.482971,33.512512],[126.480919,33.51046],[126.478279,33.51046],[126.477402,33.511337],[126.475929,33.511337],[126.475052,33.51046],[126.470062,33.51046],[126.469185,33.511337],[126.467422,33.511337],[126.467133,33.510754],[126.467133,33.506645],[126.466248,33.505764],[126.466248,33.504887],[126.465958,33.504593],[126.456573,33.504593],[126.451584,33.499603],[126.450706,33.499603],[126.450119,33.498726],[126.448357,33.498726],[126.447479,33.499603],[126.445129,33.499603],[126.444252,33.498726],[126.443367,33.498726],[126.44249,33.497845],[126.440727,33.497845],[126.44014,33.496964],[126.434273,33.496964],[126.433395,33.496082],[126.430756,33.496082],[126.429878,33.495499],[126.428993,33.495499],[126.428406,33.496082],[126.425766,33.496082],[126.424889,33.495499],[126.424011,33.495499],[126.423424,33.494617],[126.421661,33.494617],[126.419312,33.491978],[126.417557,33.491978],[126.416672,33.491096],[126.414917,33.491096],[126.414032,33.490513],[126.408165,33.490215],[126.407875,33.489925],[126.407875,33.488163],[126.4067,33.486992],[126.404938,33.486992],[126.40406,33.487869],[126.403473,33.486992],[126.402298,33.486992],[126.400246,33.484936],[126.400543,33.484058],[126.399956,33.483765],[126.398193,33.485523],[126.395844,33.485523],[126.394966,33.486111],[126.394089,33.486111],[126.392914,33.487576],[126.392914,33.488457],[126.389977,33.49139],[126.389099,33.490513],[126.385872,33.490513],[126.384109,33.48875],[126.383232,33.48875],[126.380005,33.485523],[126.379128,33.486111],[126.376778,33.486111],[126.37619,33.485817],[126.37619,33.484936],[126.37326,33.482002],[126.372375,33.482002],[126.370911,33.480537],[126.369148,33.480244],[126.368271,33.479656],[126.362404,33.479656],[126.361526,33.480244],[126.355949,33.480244],[126.355362,33.47995],[126.355362,33.479069],[126.352135,33.475842],[126.352135,33.474964],[126.351547,33.47467],[126.34832,33.47467],[126.347443,33.473789],[126.345093,33.473789],[126.344215,33.472908],[126.341576,33.472908],[126.340698,33.472031],[126.340111,33.472031],[126.339523,33.471737],[126.339523,33.470856],[126.337471,33.468803],[126.333359,33.468803],[126.332771,33.469097],[126.333069,33.469975],[126.332481,33.470268],[126.329254,33.470562],[126.327492,33.468803],[126.326614,33.468803],[126.325737,33.467922],[126.321625,33.467922],[126.320747,33.468803],[126.31987,33.468803],[126.319283,33.469685],[126.318398,33.469685],[126.31752,33.470268],[126.315758,33.470268],[126.31488,33.471149],[126.314003,33.470268],[126.312531,33.470562],[126.309891,33.467922],[126.309013,33.467922],[126.308723,33.467335],[126.308723,33.46323],[126.309601,33.462643],[126.309601,33.460003],[126.308723,33.459122],[126.308723,33.458241],[126.307838,33.457363],[126.307838,33.456482],[126.306961,33.455894],[126.306961,33.455013],[126.306374,33.454136],[126.306084,33.453255],[126.304909,33.45208],[126.304024,33.45208],[126.302559,33.450321],[126.301682,33.450321],[126.29844059,33.44735362],[126.298157,33.447094],[126.297569,33.447094],[126.29747328,33.44719016],[126.28749492,33.46803278],[126.28887939,33.47131348],[126.2902832,33.4743042],[126.29229736,33.47668457],[126.29449463,33.47888184],[126.30133057,33.48352051],[126.30450439,33.48510742],[126.30810547,33.48632813],[126.31170654,33.48669434],[126.32128906,33.48669434],[126.32550049,33.48730469],[126.33331299,33.48730469],[126.33612061,33.4888916],[126.33947754,33.49047852],[126.34387207,33.49291992],[126.34869385,33.49487305],[126.35351563,33.49627686],[126.35809326,33.49707031],[126.36151123,33.49731445],[126.36431885,33.49932861],[126.36791992,33.50091553],[126.37127686,33.50231934],[126.37432861,33.50390625],[126.3770752,33.50512695],[126.37988281,33.50610352],[126.38311768,33.50671387],[126.38928223,33.50708008],[126.39312744,33.50689697],[126.40008545,33.50531006],[126.40350342,33.50592041],[126.4083252,33.50769043],[126.41229248,33.50970459],[126.41650391,33.51147461],[126.42047119,33.51269531],[126.42510986,33.51312256],[126.43011475,33.51330566],[126.43450928,33.51409912],[126.43792725,33.51507568],[126.44390869,33.5189209],[126.44909668,33.52111816],[126.453125,33.52307129],[126.45690918,33.52490234],[126.46069336,33.52630615],[126.46447754,33.52728271],[126.46850586,33.52807617],[126.47271729,33.53149414],[126.47729492,33.53430176],[126.480896,33.53570557],[126.48748779,33.53790283],[126.49047852,33.53851318],[126.49353027,33.53869629],[126.49688721,33.53869629],[126.50048828,33.53833008],[126.5032959,33.53771973],[126.50689697,33.53668213],[126.51092529,33.53588867],[126.51507568,33.53692627],[126.519104,33.53692627],[126.52807617,33.54467773],[126.53192139,33.54650879],[126.53527832,33.54730225],[126.53833008,33.54772949],[126.54187012,33.54772949],[126.54547119,33.54711914],[126.54827881,33.54632568],[126.55133057,33.54492188],[126.55511475,33.54388428],[126.55847168,33.54467773],[126.56188965,33.54492188],[126.56530762,33.54467773],[126.57629395,33.54711914],[126.58209229,33.54949951],[126.58612061,33.55187988],[126.58972168,33.55352783],[126.59448242,33.55450439],[126.59851074,33.5546875],[126.60247803,33.55432129],[126.6060791,33.55487061],[126.61029053,33.5559082],[126.61352539,33.55609131],[126.61749268,33.55670166],[126.61987305,33.55871582],[126.62207031,33.5612793],[126.62530518,33.56390381],[126.628479,33.56768799],[126.63208008,33.57067871],[126.6361084,33.57232666],[126.64031982,33.57330322],[126.64550781,33.57373047],[126.64849854,33.57348633],[126.65252686,33.57250977],[126.65667725,33.57110596],[126.66070557,33.56970215],[126.66589355,33.56829834],[126.67047119,33.5690918],[126.67388916,33.57012939],[126.67767334,33.57049561],[126.68188477,33.57067871],[126.68487549,33.5703125],[126.68829346,33.57049561],[126.69207764,33.57067871],[126.6953125,33.57092285],[126.70227051,33.57171631],[126.70611572,33.57250977],[126.70928955,33.57409668],[126.71063057,33.57436221]]]]},"geometry_name":"the_geom","properties":{"id":"Shp_WRN2_POLY.21","BLN_Flag":"","Id_1":"911","LAYER":"","STD_ID1":"","WarnCode":"S2320400","name":"제주도북부연안바다"}},{"type":"Feature","id":"warnArea2Poly202106.23","geometry":{"type":"MultiPolygon","coordinates":[[[[127.16998291,34.31878662],[127.13525391,34.40698242],[127.06835938,34.46551514],[127.04589844,34.63446045],[127.0457282,34.63464131],[127.046667,34.634556],[127.064556,34.651611],[127.065806,34.663722],[127.071694,34.66125],[127.099194,34.671222],[127.110361,34.679139],[127.115361,34.693306],[127.130778,34.704528],[127.143306,34.693722],[127.179972,34.69125],[127.19875,34.706639],[127.212917,34.731639],[127.210417,34.738306],[127.2291897,34.75755438],[127.24664801,34.76080208],[127.24625,34.755833],[127.261667,34.732056],[127.266278,34.731611],[127.271667,34.740389],[127.277406,34.73929387],[127.2789724,34.73808853],[127.27875,34.734139],[127.287472,34.734611],[127.291667,34.729556],[127.305833,34.748778],[127.312444,34.752056],[127.326667,34.751222],[127.327917,34.730806],[127.332917,34.716667],[127.336667,34.712889],[127.343361,34.714583],[127.344611,34.710833],[127.332083,34.705861],[127.326222,34.694139],[127.327028,34.688306],[127.317889,34.681667],[127.321222,34.674139],[127.315806,34.665444],[127.297528,34.668722],[127.287944,34.669167],[127.280806,34.672889],[127.278722,34.6775],[127.282083,34.679972],[127.281222,34.688306],[127.287056,34.690806],[127.284556,34.694139],[127.287056,34.6975],[127.281278,34.699139],[127.283778,34.705],[127.279583,34.714972],[127.282083,34.718306],[127.275861,34.720417],[127.27,34.712889],[127.264167,34.717889],[127.259972,34.712917],[127.2525,34.712056],[127.254111,34.704583],[127.2475,34.706194],[127.246639,34.701222],[127.239583,34.700833],[127.241222,34.694139],[127.23625,34.691667],[127.243722,34.684972],[127.239139,34.678722],[127.232917,34.680806],[127.227056,34.663306],[127.228333,34.652056],[127.19947984,34.64792366],[127.197444,34.65125],[127.19625,34.645806],[127.187917,34.640806],[127.185417,34.634194],[127.176639,34.630389],[127.172056,34.624139],[127.173778,34.609972],[127.168722,34.6025],[127.172028,34.594139],[127.164972,34.591222],[127.152528,34.593722],[127.149111,34.600389],[127.142889,34.581667],[127.134972,34.579556],[127.134167,34.572889],[127.124972,34.571278],[127.115417,34.559944],[127.113722,34.546639],[127.122028,34.539972],[127.124139,34.528722],[127.130861,34.531222],[127.130389,34.528306],[127.139139,34.522889],[127.139167,34.527917],[127.147472,34.527861],[127.150806,34.52375],[127.159139,34.529583],[127.1625,34.524611],[127.167528,34.525417],[127.174139,34.519556],[127.178722,34.531667],[127.19536333,34.53219745],[127.19983329,34.52450658],[127.20983613,34.51678251],[127.21282181,34.52613361],[127.221278,34.534972],[127.226694,34.525389],[127.232472,34.528722],[127.237056,34.527472],[127.231667,34.517889],[127.239111,34.515417],[127.241639,34.517917],[127.244972,34.51375],[127.245806,34.520389],[127.254972,34.521222],[127.275778,34.502083],[127.282861,34.500833],[127.284583,34.497528],[127.279611,34.494194],[127.28375,34.491667],[127.275,34.492917],[127.268778,34.486639],[127.27,34.481222],[127.276639,34.477889],[127.281639,34.479556],[127.28260626,34.47889715],[127.27709961,34.37463379],[127.16998291,34.31878662]]]]},"geometry_name":"the_geom","properties":{"id":"Shp_WRN2_POLY.22","BLN_Flag":"","Id_1":"321","LAYER":"","STD_ID1":"","WarnCode":"S2310800","name":"전남동부남해앞바다중 서부평수구?"}},{"type":"Feature","id":"warnArea2Poly202106.24","geometry":{"type":"MultiPolygon","coordinates":[[[[127.519583,34.8825],[127.516194,34.866667],[127.524528,34.855028],[127.526278,34.846639],[127.534167,34.841222],[127.543333,34.844583],[127.545389,34.842444],[127.540417,34.834139],[127.526278,34.823333],[127.524556,34.806639],[127.528361,34.805417],[127.527028,34.808333],[127.530833,34.810444],[127.536222,34.81],[127.531639,34.806222],[127.538333,34.805361],[127.545,34.805389],[127.546611,34.80875],[127.557444,34.807028],[127.560361,34.803278],[127.559528,34.795833],[127.56625,34.791667],[127.568694,34.783278],[127.575389,34.783306],[127.55875,34.776639],[127.57,34.776194],[127.573722,34.773333],[127.572917,34.760833],[127.575778,34.75875],[127.58125,34.760833],[127.583333,34.767889],[127.591194,34.758306],[127.585444,34.75],[127.5925,34.750417],[127.595389,34.747472],[127.594139,34.744528],[127.584972,34.746194],[127.585389,34.740833],[127.579583,34.739167],[127.576667,34.731222],[127.568306,34.729583],[127.5625,34.732889],[127.561278,34.7275],[127.565028,34.727083],[127.564583,34.724944],[127.552028,34.72],[127.548694,34.712444],[127.550806,34.711222],[127.561222,34.717472],[127.555361,34.711611],[127.555,34.701194],[127.5575,34.700361],[127.563333,34.707944],[127.566639,34.701222],[127.573333,34.70375],[127.581194,34.6975],[127.560861,34.701194],[127.552917,34.693333],[127.55125,34.681694],[127.563333,34.677889],[127.564556,34.674167],[127.552083,34.67],[127.552028,34.66],[127.562472,34.657083],[127.572889,34.638306],[127.580806,34.63125],[127.582917,34.633333],[127.57625,34.642472],[127.576222,34.648306],[127.580806,34.651222],[127.591694,34.65125],[127.6175,34.641222],[127.624583,34.635],[127.624944,34.630361],[127.635028,34.632028],[127.635806,34.626194],[127.644111,34.627111],[127.651194,34.638333],[127.646639,34.637889],[127.645806,34.634556],[127.63125,34.638278],[127.635,34.638722],[127.638722,34.644167],[127.630444,34.646639],[127.640028,34.645444],[127.642056,34.6525],[127.630444,34.651667],[127.629556,34.6575],[127.634611,34.6625],[127.632056,34.666639],[127.63375,34.6725],[127.628306,34.677944],[127.623361,34.677889],[127.619556,34.683333],[127.631611,34.680389],[127.639194,34.682917],[127.639556,34.685778],[127.635806,34.687056],[127.631694,34.684556],[127.624972,34.687917],[127.625417,34.694972],[127.62875,34.697472],[127.616222,34.705],[127.618389,34.709611],[127.623778,34.71],[127.627472,34.721222],[127.627472,34.712917],[127.634972,34.711222],[127.638306,34.707083],[127.642917,34.708333],[127.641222,34.715806],[127.63625,34.719139],[127.642111,34.72],[127.644528,34.729139],[127.658722,34.7475],[127.656222,34.751639],[127.659167,34.758722],[127.662917,34.755778],[127.662472,34.751194],[127.676639,34.747056],[127.682028,34.740028],[127.680444,34.734972],[127.690028,34.73375],[127.700389,34.724139],[127.699167,34.722056],[127.715,34.720389],[127.714972,34.725444],[127.726667,34.730417],[127.732472,34.729556],[127.734111,34.734556],[127.747444,34.715417],[127.75375,34.716611],[127.750361,34.720806],[127.752472,34.722889],[127.757028,34.719972],[127.757472,34.713722],[127.761694,34.714583],[127.760833,34.710389],[127.756278,34.709944],[127.755472,34.695806],[127.759167,34.689528],[127.764167,34.687861],[127.767528,34.692083],[127.775417,34.685],[127.765861,34.68125],[127.761667,34.685389],[127.755,34.68375],[127.747111,34.675833],[127.747944,34.67],[127.744611,34.666639],[127.7225,34.656222],[127.716222,34.645],[127.723722,34.635806],[127.709583,34.622472],[127.718333,34.613694],[127.726667,34.616194],[127.728278,34.612889],[127.734944,34.612111],[127.736278,34.604944],[127.749139,34.59375],[127.759111,34.594528],[127.771639,34.588778],[127.779167,34.590389],[127.78394433,34.58800034],[127.78399658,34.5869751],[127.76177979,34.54534912],[127.73956299,34.5402832],[127.71954346,34.53240967],[127.69818115,34.53918457],[127.44958496,34.45056152],[127.33272166,34.47689692],[127.342111,34.480806],[127.33875,34.483333],[127.342944,34.484139],[127.341611,34.48875],[127.3525,34.480417],[127.358278,34.492056],[127.36375,34.490028],[127.369167,34.480361],[127.374139,34.480417],[127.379111,34.487083],[127.381222,34.481667],[127.378722,34.479111],[127.3825,34.477056],[127.382944,34.484139],[127.385028,34.48625],[127.389139,34.483722],[127.392083,34.489139],[127.387056,34.491639],[127.38625,34.498278],[127.380389,34.503306],[127.389167,34.504556],[127.391667,34.507917],[127.394139,34.504556],[127.404194,34.503722],[127.407917,34.510806],[127.407083,34.518306],[127.414583,34.519944],[127.4185663,34.51861434],[127.41820362,34.51581982],[127.42152108,34.51372016],[127.42320167,34.51423671],[127.42548788,34.51122109],[127.43085751,34.51308194],[127.43136396,34.51438129],[127.43127171,34.52023243],[127.424194,34.527917],[127.429167,34.535417],[127.437083,34.534944],[127.435778,34.540444],[127.4275,34.539583],[127.427056,34.541639],[127.439583,34.549139],[127.435,34.549583],[127.433389,34.552889],[127.429972,34.55125],[127.430806,34.555361],[127.419167,34.552083],[127.425389,34.555806],[127.418361,34.555389],[127.418278,34.55875],[127.410806,34.555389],[127.3975,34.559583],[127.39622154,34.5593142],[127.39661162,34.5636842],[127.40401007,34.56929245],[127.39970266,34.57621891],[127.39386594,34.58171594],[127.39561217,34.58707463],[127.40097966,34.58972137],[127.41125,34.590778],[127.413333,34.587028],[127.416278,34.588333],[127.415806,34.58375],[127.428333,34.58375],[127.43,34.587889],[127.433361,34.587056],[127.433778,34.581639],[127.440806,34.577083],[127.4475,34.577056],[127.447528,34.579583],[127.450861,34.57875],[127.457917,34.583306],[127.454611,34.593306],[127.456639,34.595389],[127.462083,34.589944],[127.459556,34.587472],[127.461639,34.580389],[127.474972,34.57375],[127.480778,34.577944],[127.486694,34.572917],[127.487889,34.579111],[127.496667,34.587917],[127.504222,34.592889],[127.509611,34.5925],[127.507056,34.606667],[127.498722,34.614972],[127.497889,34.631611],[127.494139,34.636222],[127.491611,34.632917],[127.484139,34.637056],[127.478306,34.634583],[127.470806,34.637917],[127.469194,34.632056],[127.4675,34.637083],[127.464167,34.634583],[127.45888102,34.64646751],[127.464944,34.647889],[127.469111,34.640361],[127.475,34.640389],[127.4775,34.647056],[127.491694,34.641222],[127.488306,34.65125],[127.481639,34.650444],[127.480833,34.655417],[127.475861,34.654528],[127.476278,34.658333],[127.47125,34.659972],[127.469972,34.664556],[127.465833,34.658694],[127.460833,34.661222],[127.455028,34.665389],[127.44625,34.662472],[127.447889,34.665806],[127.445444,34.666639],[127.450389,34.671667],[127.443278,34.672917],[127.438306,34.677889],[127.428278,34.674556],[127.434583,34.679944],[127.427111,34.681694],[127.428722,34.684972],[127.424556,34.692472],[127.419139,34.690417],[127.402889,34.701639],[127.407472,34.70125],[127.408333,34.703722],[127.394167,34.707889],[127.391667,34.719583],[127.385861,34.722083],[127.384111,34.717889],[127.374611,34.719139],[127.377111,34.7225],[127.373694,34.726667],[127.378306,34.726222],[127.382083,34.730806],[127.374583,34.741639],[127.380806,34.749556],[127.390833,34.75125],[127.401222,34.759167],[127.402528,34.77125],[127.3975,34.772056],[127.395,34.77625],[127.38523469,34.77467329],[127.387444,34.779583],[127.388333,34.783722],[127.393778,34.783333],[127.390417,34.787472],[127.392528,34.791222],[127.39625,34.790806],[127.396611,34.79625],[127.414972,34.802056],[127.4175,34.807861],[127.426639,34.809528],[127.429583,34.814167],[127.425833,34.815361],[127.421667,34.812056],[127.413306,34.812917],[127.411694,34.815417],[127.393361,34.81375],[127.385861,34.825444],[127.360833,34.83375],[127.356222,34.838306],[127.369139,34.834528],[127.384111,34.835361],[127.3925,34.827056],[127.402528,34.824556],[127.415861,34.82875],[127.4175,34.83375],[127.426639,34.831222],[127.428306,34.834583],[127.433306,34.833722],[127.434611,34.844167],[127.440806,34.852083],[127.437917,34.840833],[127.442528,34.835389],[127.450056,34.835361],[127.454139,34.842056],[127.464167,34.840417],[127.469972,34.845417],[127.486639,34.83875],[127.494611,34.8475],[127.494556,34.856667],[127.49125,34.859139],[127.495444,34.858333],[127.496194,34.866639],[127.490361,34.866611],[127.489583,34.874167],[127.483722,34.88],[127.508333,34.879556],[127.515806,34.88875],[127.519583,34.8825]]],[[[127.732917,34.963361],[127.738306,34.95625],[127.755,34.961222],[127.75978324,34.96719628],[127.76049805,34.96643066],[127.8203125,34.90264893],[127.80334473,34.85797119],[127.83333333,34.80309748],[127.83331299,34.72399902],[127.83331299,34.6595459],[127.80118916,34.63110354],[127.798694,34.643306],[127.795417,34.645806],[127.798778,34.646639],[127.80125,34.656639],[127.805833,34.657889],[127.807917,34.662472],[127.797556,34.662083],[127.796278,34.665],[127.803333,34.667056],[127.8025,34.669583],[127.798333,34.66875],[127.795,34.674556],[127.785806,34.672917],[127.779611,34.679944],[127.78375,34.689139],[127.780833,34.69875],[127.773306,34.70125],[127.773306,34.697056],[127.767528,34.69625],[127.761222,34.704167],[127.764167,34.70625],[127.770806,34.702889],[127.772083,34.704944],[127.765444,34.709167],[127.767528,34.71125],[127.771639,34.712111],[127.773306,34.706222],[127.779972,34.711222],[127.78125,34.708306],[127.77625,34.704139],[127.789167,34.700417],[127.79125,34.708361],[127.788694,34.715833],[127.780833,34.722917],[127.762472,34.73125],[127.751611,34.734583],[127.738306,34.732889],[127.733722,34.737472],[127.752472,34.73625],[127.758722,34.740833],[127.751194,34.7475],[127.756278,34.764972],[127.747111,34.779194],[127.757944,34.784972],[127.759167,34.798722],[127.768333,34.798694],[127.77125,34.804972],[127.767917,34.808306],[127.772083,34.812472],[127.768778,34.818278],[127.774583,34.822472],[127.769167,34.822917],[127.769583,34.827528],[127.766222,34.829139],[127.774583,34.835806],[127.772917,34.841639],[127.777056,34.847528],[127.773722,34.851667],[127.777056,34.8525],[127.777056,34.855833],[127.774556,34.860833],[127.7625,34.86375],[127.764139,34.858722],[127.756694,34.859556],[127.745,34.850389],[127.736639,34.855417],[127.724194,34.854583],[127.724111,34.857917],[127.731306,34.861639],[127.728333,34.863722],[127.69501037,34.86468887],[127.67010883,34.83692581],[127.66163531,34.84455159],[127.648333,34.832917],[127.645833,34.827917],[127.640028,34.832028],[127.639194,34.827028],[127.629556,34.833278],[127.628722,34.837528],[127.629194,34.840389],[127.636667,34.838694],[127.638806,34.847472],[127.629222,34.847889],[127.626667,34.845389],[127.615833,34.85375],[127.609194,34.852056],[127.605417,34.857528],[127.607917,34.861667],[127.604167,34.862028],[127.592917,34.874167],[127.595417,34.881639],[127.588278,34.887889],[127.579139,34.890417],[127.578722,34.898333],[127.57375,34.901639],[127.58375,34.905833],[127.579528,34.915806],[127.580806,34.922917],[127.595806,34.923722],[127.600417,34.928278],[127.605417,34.945],[127.595417,34.947472],[127.601222,34.948333],[127.601694,34.958694],[127.602083,34.951667],[127.608694,34.943333],[127.604611,34.934111],[127.614556,34.920833],[127.615444,34.914139],[127.623361,34.910389],[127.625833,34.905389],[127.633306,34.905417],[127.639972,34.909556],[127.645,34.905389],[127.648306,34.909583],[127.668333,34.906194],[127.669583,34.909139],[127.661278,34.916667],[127.666278,34.916667],[127.667028,34.922444],[127.672111,34.924972],[127.674111,34.930444],[127.690806,34.926194],[127.693306,34.934583],[127.700833,34.929583],[127.709972,34.939583],[127.713306,34.935389],[127.719944,34.95125],[127.724194,34.947917],[127.733806,34.957528],[127.726222,34.968333],[127.72753759,34.97619521],[127.73175541,34.97519138],[127.732917,34.963361]]]]},"geometry_name":"the_geom","properties":{"id":"Shp_WRN2_POLY.23","BLN_Flag":"","Id_1":"322","LAYER":"","STD_ID1":"","WarnCode":"S2310900","name":"전남동부남해앞바다중 동부평수구?"}},{"type":"Feature","id":"warnArea2Poly202106.25","geometry":{"type":"MultiPolygon","coordinates":[[[[128.41570007,34.87612461],[128.41744128,34.87433108],[128.415472,34.875],[128.41570007,34.87612461]]],[[[128.035361,35.024167],[128.036694,35.018722],[128.044167,35.023722],[128.049556,35.016667],[128.039556,34.994167],[128.052083,34.975833],[128.050028,34.969583],[128.030361,34.958306],[128.048333,34.932917],[128.054167,34.928722],[128.061639,34.929583],[128.061639,34.925389],[128.069972,34.926222],[128.07,34.922889],[128.074194,34.922056],[128.077472,34.926278],[128.085,34.926194],[128.089528,34.922472],[128.088361,34.917944],[128.0975,34.925389],[128.099139,34.920417],[128.102444,34.924556],[128.104167,34.922056],[128.115806,34.924556],[128.116667,34.920361],[128.121667,34.922083],[128.116667,34.915389],[128.104167,34.915417],[128.103694,34.913306],[128.113278,34.905417],[128.119167,34.908722],[128.11875,34.904139],[128.125028,34.900389],[128.1325,34.888694],[128.142028,34.894972],[128.142528,34.902917],[128.15,34.899528],[128.147083,34.904167],[128.155833,34.907944],[128.1625,34.899556],[128.167472,34.901194],[128.169139,34.897083],[128.175,34.895417],[128.172889,34.903306],[128.175833,34.907056],[128.181639,34.895417],[128.185389,34.896639],[128.188361,34.905417],[128.187917,34.894139],[128.196694,34.892917],[128.203722,34.896639],[128.197056,34.909139],[128.204556,34.9275],[128.20125,34.929944],[128.203722,34.933333],[128.197944,34.935833],[128.200806,34.939556],[128.206639,34.939556],[128.209111,34.93625],[128.213306,34.942056],[128.218361,34.939556],[128.222444,34.945361],[128.228333,34.941222],[128.237556,34.940417],[128.245,34.94375],[128.245,34.935389],[128.249611,34.937472],[128.250806,34.942056],[128.255833,34.937056],[128.265833,34.938722],[128.26875,34.935],[128.267028,34.929167],[128.264167,34.927083],[128.26,34.93125],[128.257056,34.929167],[128.267056,34.918333],[128.265389,34.9125],[128.270056,34.912917],[128.274583,34.909167],[128.274528,34.905833],[128.270389,34.904167],[128.272528,34.899583],[128.275,34.902917],[128.282889,34.904167],[128.282528,34.916194],[128.287417,34.909583],[128.300389,34.912472],[128.298806,34.915833],[128.303778,34.920778],[128.300389,34.922472],[128.302861,34.926611],[128.299583,34.927472],[128.300361,34.935833],[128.307472,34.936222],[128.308306,34.939528],[128.314111,34.937917],[128.321194,34.945],[128.320833,34.947056],[128.31625,34.946611],[128.319556,34.950833],[128.319167,34.959583],[128.325,34.955389],[128.332472,34.955417],[128.329583,34.9475],[128.333306,34.944611],[128.339972,34.947028],[128.342111,34.942472],[128.331194,34.936694],[128.338306,34.935417],[128.342472,34.937889],[128.345417,34.935],[128.344139,34.930389],[128.337944,34.930833],[128.339139,34.927917],[128.343722,34.928333],[128.339167,34.924583],[128.335806,34.925361],[128.334528,34.920778],[128.349222,34.922917],[128.346222,34.92],[128.354583,34.917444],[128.351194,34.915833],[128.354583,34.909167],[128.346611,34.904528],[128.333306,34.90875],[128.299139,34.906278],[128.296194,34.899944],[128.308722,34.891611],[128.307861,34.884972],[128.318333,34.878722],[128.327444,34.885361],[128.327472,34.87625],[128.335806,34.87625],[128.334167,34.881222],[128.340861,34.88125],[128.341222,34.874167],[128.3475,34.872083],[128.350444,34.881639],[128.347444,34.887083],[128.356222,34.877444],[128.355778,34.870389],[128.374972,34.868722],[128.370417,34.883306],[128.376611,34.880417],[128.379583,34.884944],[128.367083,34.899139],[128.3725,34.899583],[128.382944,34.884111],[128.381278,34.872472],[128.38875,34.873306],[128.385833,34.867056],[128.400778,34.864556],[128.407444,34.866194],[128.410833,34.862889],[128.415778,34.865389],[128.42440225,34.86013683],[128.42246636,34.85873442],[128.414194,34.860389],[128.4125,34.857056],[128.408333,34.861222],[128.396639,34.85875],[128.396639,34.862083],[128.388278,34.862889],[128.386667,34.859556],[128.382917,34.860806],[128.384194,34.855417],[128.369556,34.849972],[128.375361,34.845028],[128.370444,34.843333],[128.372472,34.840417],[128.376667,34.838722],[128.383306,34.842889],[128.387083,34.840833],[128.383694,34.8375],[128.384972,34.832056],[128.392444,34.833778],[128.393333,34.827917],[128.396667,34.827889],[128.4,34.834556],[128.406222,34.830806],[128.393306,34.822083],[128.392556,34.826222],[128.385,34.829556],[128.387472,34.813694],[128.382917,34.823306],[128.377056,34.826639],[128.378333,34.829583],[128.375,34.827889],[128.37,34.833722],[128.366667,34.830417],[128.365806,34.83375],[128.357472,34.83125],[128.357917,34.84],[128.353306,34.842028],[128.347083,34.839944],[128.348722,34.834111],[128.344972,34.832028],[128.343722,34.839972],[128.336611,34.842056],[128.342083,34.833333],[128.340417,34.828333],[128.335,34.833694],[128.336222,34.827472],[128.331667,34.829556],[128.330389,34.824972],[128.338306,34.81625],[128.346639,34.82375],[128.358306,34.82375],[128.379972,34.813722],[128.376194,34.807472],[128.380389,34.804167],[128.376222,34.803333],[128.377917,34.799972],[128.371667,34.802056],[128.372472,34.79875],[128.369167,34.800389],[128.364556,34.794972],[128.3725,34.792889],[128.375861,34.787889],[128.377889,34.794194],[128.383306,34.796278],[128.382944,34.791639],[128.390389,34.788306],[128.386194,34.780833],[128.387917,34.775861],[128.397028,34.779167],[128.395417,34.772444],[128.39790602,34.76564809],[128.38238525,34.74182129],[128.30871582,34.75531006],[128.28649902,34.75567627],[128.2130127,34.80718994],[128.08726966,34.81683913],[128.06585693,34.81774902],[128.01348877,34.79858398],[127.94836426,34.7911377],[127.92614746,34.79663086],[127.88983154,34.78167725],[127.88208008,34.72412109],[127.86767578,34.71209717],[127.85839844,34.68023682],[127.83331299,34.6595459],[127.83331299,34.72399902],[127.83333333,34.80309748],[127.80334473,34.85797119],[127.8203125,34.90264893],[127.76049805,34.96643066],[127.75965449,34.96703547],[127.762028,34.97],[127.76446536,34.97124302],[127.76547753,34.97209225],[127.770833,34.966194],[127.77216522,34.96171929],[127.77993324,34.94969666],[127.78626546,34.94140795],[127.79137255,34.94092899],[127.80769731,34.94399958],[127.80891044,34.94811887],[127.81847343,34.94926817],[127.82123008,34.94475574],[127.82887074,34.94807903],[127.82901831,34.95074001],[127.835444,34.953333],[127.83306606,34.95653873],[127.83395469,34.95857284],[127.83529412,34.95887284],[127.83817555,34.95470749],[127.8397069,34.95876555],[127.84038765,34.96277293],[127.84467545,34.96050931],[127.84585677,34.95784943],[127.845389,34.951639],[127.849194,34.94625],[127.856639,34.949583],[127.874972,34.944556],[127.881694,34.947861],[127.884111,34.953722],[127.893694,34.954167],[127.890444,34.958306],[127.891611,34.963694],[127.89625,34.964139],[127.898278,34.955389],[127.902944,34.965806],[127.900389,34.969167],[127.912861,34.971639],[127.912861,34.987472],[127.916194,34.988306],[127.919167,34.980389],[127.922889,34.987528],[127.917917,34.991667],[127.922056,34.9925],[127.918722,34.9975],[127.92375,35.000833],[127.920389,35.004167],[127.924111,35.007889],[127.930806,35.006222],[127.93875,34.9975],[127.934583,34.995],[127.934611,34.9875],[127.936611,34.985417],[127.94,34.987889],[127.940806,34.983722],[127.944583,34.983306],[127.935417,34.981667],[127.951639,34.974528],[127.953694,34.977472],[127.949583,34.979167],[127.952111,34.981639],[127.949583,34.983333],[127.958361,34.982889],[127.954556,34.9875],[127.957083,34.991667],[127.961639,34.987056],[127.971639,34.999556],[127.973722,34.984972],[127.983306,34.974583],[127.985833,34.977056],[127.99,34.975389],[127.992083,34.978333],[127.987528,34.977944],[127.985833,34.982917],[127.992889,34.980778],[127.988306,34.98625],[127.98125,34.988306],[127.983278,34.992917],[127.994111,34.982861],[127.996194,34.984139],[127.988333,34.995417],[127.995806,34.992083],[127.999111,34.994583],[128.002111,34.9925],[128.000361,34.989944],[128.00625,34.986694],[128.004583,34.9825],[128.008306,34.982056],[128.012083,34.986611],[128.008722,34.994139],[128.015417,34.990833],[128.019556,35.004972],[128.016639,35.012056],[128.007917,35.015806],[128.008778,35.023306],[128.025417,35.034167],[128.030389,35.049139],[128.026222,35.056667],[128.032889,35.061639],[128.033694,35.068361],[128.047472,35.07625],[128.053389,35.08625],[128.057472,35.086222],[128.061194,35.082472],[128.060361,35.075833],[128.05337448,35.07241016],[128.047917,35.0675],[128.04023313,35.05737175],[128.03875,35.0425],[128.042028,35.029139],[128.035361,35.024167]]]]},"geometry_name":"the_geom","properties":{"id":"Shp_WRN2_POLY.24","BLN_Flag":"","Id_1":"633","LAYER":"","STD_ID1":"","WarnCode":"S2310500","name":"경남서부남해앞바다 중 서부평수구"}},{"type":"Feature","id":"warnArea2Poly202106.26","geometry":{"type":"MultiPolygon","coordinates":[[[[128.08726966,34.81683913],[128.08673096,34.81390381],[128.08673096,34.81091309],[128.08587646,34.80792236],[128.08569336,34.80352783],[128.08551025,34.79852295],[128.0847168,34.79510498],[128.08288574,34.79211426],[128.08068848,34.78948975],[128.078125,34.78692627],[128.07629395,34.7835083],[128.07427979,34.77990723],[128.07391357,34.77612305],[128.07489014,34.77331543],[128.07550049,34.76971436],[128.07568359,34.76470947],[128.07672119,34.7612915],[128.07849121,34.75872803],[128.07952881,34.75469971],[128.07971191,34.75091553],[128.07891846,34.74731445],[128.07751465,34.74328613],[128.07568359,34.73852539],[128.07330322,34.73529053],[128.0703125,34.7322998],[128.06811523,34.72949219],[128.0692749,34.72692871],[128.07250977,34.72412109],[128.07611084,34.72113037],[128.078125,34.71887207],[128.08007813,34.71551514],[128.08129883,34.71191406],[128.08129883,34.7086792],[128.08068848,34.70489502],[128.07867432,34.70111084],[128.07629395,34.69830322],[128.07348633,34.69610596],[128.06970215,34.6940918],[128.06512451,34.69268799],[128.06170654,34.69171143],[128.05871582,34.69012451],[128.05529785,34.68811035],[128.05133057,34.68670654],[128.04650879,34.68572998],[128.04107666,34.68548584],[128.0333252,34.68530273],[128.02728271,34.68389893],[128.02172852,34.68408203],[128.01751709,34.68450928],[128.01147461,34.68609619],[128.00567627,34.68908691],[128.00292969,34.69189453],[127.99969482,34.6953125],[127.99591064,34.69512939],[127.99249268,34.69372559],[127.98931885,34.69287109],[127.98651123,34.69232178],[127.98187256,34.69207764],[127.97790527,34.69250488],[127.97467041,34.69329834],[127.97070313,34.69348145],[127.9666748,34.69287109],[127.96368408,34.69232178],[127.9598999,34.69189453],[127.95550537,34.69207764],[127.95172119,34.69268799],[127.94708252,34.6942749],[127.9442749,34.69592285],[127.94152832,34.69812012],[127.93829346,34.70172119],[127.93572998,34.70507813],[127.93408203,34.70812988],[127.93292236,34.71130371],[127.93249512,34.71472168],[127.93109131,34.71832275],[127.92889404,34.72247314],[127.92547607,34.72027588],[127.921875,34.7166748],[127.91949463,34.71472168],[127.91607666,34.71252441],[127.91290283,34.71148682],[127.9072876,34.7097168],[127.9019165,34.70690918],[127.89770508,34.70550537],[127.89471436,34.70471191],[127.89129639,34.70452881],[127.88311768,34.70532227],[127.87988281,34.70611572],[127.87512207,34.70788574],[127.86767578,34.71209717],[127.88208008,34.72412109],[127.9005127,34.76812744],[127.94836426,34.7911377],[128.01348877,34.79858398],[128.06585693,34.81774902],[128.08726966,34.81683913]]]]},"geometry_name":"the_geom","properties":{"id":"Shp_WRN2_POLY.25","BLN_Flag":"","Id_1":"634","LAYER":"","STD_ID1":"","WarnCode":"S2320300","name":"경남서부남해앞바다 중 남해군연안"}},{"type":"Feature","id":"warnArea2Poly202106.27","geometry":{"type":"MultiPolygon","coordinates":[[[[128.39691162,34.73248291],[128.40008545,34.72949219],[128.40570068,34.72967529],[128.44873047,34.7097168],[128.45837767,34.70280765],[128.45839073,34.7027983],[128.39849854,34.69451904],[128.35446157,34.65282192],[128.29946354,34.63947545],[128.27648926,34.62231445],[128.25628662,34.6362915],[128.22869873,34.64831543],[128.18109131,34.69250488],[128.17889404,34.69750977],[128.16827393,34.70288086],[128.17449951,34.70507813],[128.17608643,34.71087646],[128.28649902,34.75567627],[128.30871582,34.75531006],[128.38238525,34.74182129],[128.39251709,34.73712158],[128.39807129,34.73547363],[128.39691162,34.73248291]]]]},"geometry_name":"the_geom","properties":{"id":"Shp_WRN2_POLY.26","BLN_Flag":"","Id_1":"631","LAYER":"","STD_ID1":"","WarnCode":"S2310600","name":"경남서부남해앞바다 중 남부평수구"}},{"type":"Feature","id":"warnArea2Poly202106.28","geometry":{"type":"MultiPolygon","coordinates":[[[[128.42440225,34.86013683],[128.428778,34.857472],[128.42246636,34.85873442],[128.42440225,34.86013683]]],[[[128.460417,34.871639],[128.466611,34.870417],[128.46684876,34.87175385],[128.46691895,34.8717041],[128.59130859,34.86468506],[128.61230469,34.8348999],[128.61187744,34.76269531],[128.61295979,34.72111616],[128.60153838,34.71635724],[128.59405974,34.71484866],[128.58063958,34.70504528],[128.45837767,34.70280765],[128.45802557,34.70280737],[128.44873047,34.7097168],[128.40570068,34.72967529],[128.40008545,34.72949219],[128.39691162,34.73248291],[128.39807129,34.73547363],[128.39251709,34.73712158],[128.38238525,34.74182129],[128.39790602,34.76564809],[128.398306,34.764556],[128.406611,34.767083],[128.4075,34.761222],[128.419972,34.763694],[128.424139,34.76125],[128.425389,34.769972],[128.435389,34.780778],[128.427528,34.787028],[128.421694,34.786222],[128.418722,34.7925],[128.433361,34.788722],[128.439583,34.793333],[128.438361,34.797917],[128.432917,34.8],[128.432028,34.805833],[128.435833,34.801222],[128.442083,34.801639],[128.441194,34.824944],[128.436639,34.824583],[128.419972,34.832917],[128.409583,34.833333],[128.416694,34.83875],[128.424139,34.838722],[128.425806,34.843722],[128.428278,34.837083],[128.434972,34.836194],[128.430806,34.84375],[128.443306,34.842083],[128.451667,34.845389],[128.453694,34.855806],[128.448722,34.8625],[128.449972,34.865361],[128.457056,34.864139],[128.453667,34.870806],[128.45564686,34.87660185],[128.45888196,34.87585968],[128.460417,34.871639]]]]},"geometry_name":"the_geom","properties":{"id":"Shp_WRN2_POLY.27","BLN_Flag":"","Id_1":"632","LAYER":"","STD_ID1":"","WarnCode":"S2310400","name":"경남서부남해앞바다 중 동부평수구"}},{"type":"Feature","id":"warnArea2Poly202106.29","geometry":{"type":"MultiPolygon","coordinates":[[[[128.457083,34.880806],[128.45888196,34.87585968],[128.45564686,34.87660185],[128.457083,34.880806]]],[[[128.60375,35.185],[128.603278,35.177889],[128.592083,35.179167],[128.599583,35.165861],[128.604167,35.161222],[128.608722,35.161639],[128.611667,35.148722],[128.620806,35.146222],[128.644139,35.148694],[128.642917,35.1425],[128.659167,35.136194],[128.666667,35.119556],[128.678778,35.125833],[128.672056,35.144139],[128.686583,35.150417],[128.692056,35.148306],[128.699583,35.129139],[128.697028,35.115],[128.693306,35.111222],[128.687111,35.111639],[128.694111,35.097917],[128.701667,35.09875],[128.704139,35.105389],[128.713306,35.109528],[128.716222,35.1075],[128.714528,35.096667],[128.725806,35.097028],[128.730861,35.090389],[128.738806,35.095806],[128.743333,35.103722],[128.749083,35.095417],[128.764167,35.095389],[128.764139,35.104556],[128.77,35.10375],[128.773306,35.099528],[128.78125,35.104139],[128.785,35.11375],[128.788333,35.11375],[128.789972,35.098694],[128.801694,35.100389],[128.802944,35.097472],[128.799167,35.094528],[128.792472,35.09625],[128.78375,35.086667],[128.78609829,35.08106966],[128.78609829,35.08106966],[128.78549643,35.07874701],[128.7756958,35.04730225],[128.76690674,35.03747559],[128.76348877,35.03271484],[128.75952148,35.02508545],[128.76190186,35.00952148],[128.72131348,35.02410889],[128.6942749,35.01367188],[128.68543321,34.98387092],[128.67730713,34.95648193],[128.64508057,34.87988281],[128.59130859,34.86468506],[128.46691895,34.8717041],[128.46684876,34.87175385],[128.46875,34.882444],[128.476222,34.89],[128.466611,34.892056],[128.463278,34.89875],[128.457056,34.896667],[128.455389,34.899972],[128.459556,34.904972],[128.45625,34.905806],[128.452472,34.91375],[128.44,34.912917],[128.43875,34.909972],[128.449583,34.902472],[128.442861,34.899167],[128.444556,34.895],[128.439583,34.892444],[128.443778,34.888306],[128.431667,34.887889],[128.432917,34.878333],[128.424139,34.872056],[128.41752532,34.87430253],[128.41571143,34.8761806],[128.419528,34.895],[128.424139,34.90125],[128.427889,34.899972],[128.418722,34.91],[128.424944,34.915417],[128.42875,34.913306],[128.429528,34.926639],[128.435361,34.929139],[128.428333,34.937861],[128.424583,34.938306],[128.429528,34.945833],[128.421194,34.954167],[128.433361,34.959583],[128.444556,34.975806],[128.440833,34.982083],[128.434972,34.983778],[128.426639,34.982917],[128.419194,34.986278],[128.408361,34.983694],[128.407889,34.994972],[128.425806,34.991222],[128.440806,34.992889],[128.455833,34.988722],[128.459139,34.991278],[128.460833,34.987889],[128.465889,34.987056],[128.464972,34.995417],[128.479194,34.99125],[128.478306,34.997083],[128.485389,34.997444],[128.482083,35.003306],[128.485778,35.011222],[128.493333,35.005417],[128.502083,35.0125],[128.499972,35.022917],[128.487028,35.024972],[128.483694,35.030806],[128.485833,35.038694],[128.477444,35.042056],[128.473306,35.038778],[128.462028,35.045806],[128.463278,35.04875],[128.479194,35.047083],[128.482917,35.0525],[128.477944,35.056639],[128.483694,35.064111],[128.471667,35.074556],[128.460806,35.063722],[128.452917,35.071667],[128.461667,35.072028],[128.467444,35.080361],[128.475,35.075417],[128.48125,35.079167],[128.45,35.096194],[128.456611,35.105389],[128.469972,35.09875],[128.4775,35.098722],[128.485056,35.100361],[128.490833,35.107083],[128.504944,35.099583],[128.518333,35.098722],[128.521639,35.105389],[128.528361,35.104556],[128.539111,35.119583],[128.541222,35.117472],[128.537944,35.108306],[128.545861,35.110389],[128.54875,35.1075],[128.542917,35.104139],[128.547472,35.092889],[128.55,35.096222],[128.556667,35.09625],[128.582889,35.089972],[128.564583,35.081611],[128.564139,35.067056],[128.571667,35.069556],[128.575833,35.065389],[128.583278,35.065417],[128.589167,35.072083],[128.594583,35.069167],[128.585,35.062056],[128.580806,35.062083],[128.574194,35.05375],[128.590889,35.057083],[128.602472,35.05625],[128.636194,35.069139],[128.635,35.072917],[128.624944,35.075389],[128.612444,35.07125],[128.612917,35.075028],[128.607028,35.078333],[128.608278,35.08125],[128.618306,35.081222],[128.627889,35.085833],[128.624139,35.090389],[128.61575,35.091222],[128.6175,35.095417],[128.602028,35.105],[128.600361,35.118333],[128.59625,35.120833],[128.600444,35.124972],[128.601278,35.133333],[128.589556,35.133333],[128.597889,35.141667],[128.596611,35.145389],[128.589556,35.148306],[128.591194,35.159972],[128.582528,35.165389],[128.576222,35.164972],[128.57375,35.169139],[128.579528,35.173333],[128.578333,35.175389],[128.562111,35.179167],[128.573778,35.194167],[128.572944,35.199139],[128.589167,35.211222],[128.608694,35.210833],[128.603306,35.202111],[128.594111,35.202083],[128.591222,35.196611],[128.60375,35.185]]]]},"geometry_name":"the_geom","properties":{"id":"Shp_WRN2_POLY.28","BLN_Flag":"","Id_1":"621","LAYER":"","STD_ID1":"","WarnCode":"S2310300","name":"경남중부남해앞바다 중 평수구역"}},{"type":"Feature","id":"warnArea2Poly202106.30","geometry":{"type":"MultiPolygon","coordinates":[[[[128.71730713,34.91348848],[128.7198977,34.90958964],[128.77500145,34.91181238],[128.77539793,34.91065899],[128.77582517,34.90870587],[128.77631345,34.90711895],[128.7767407,34.90540997],[128.77692381,34.90363995],[128.77692381,34.9009544],[128.7767407,34.89832989],[128.77649656,34.89613262],[128.77606931,34.8941795],[128.77564207,34.89240948],[128.77521482,34.89063946],[128.77411619,34.88844219],[128.77295652,34.88600079],[128.77185789,34.88423077],[128.77075925,34.88252178],[128.76947752,34.88093487],[128.76813474,34.8787376],[128.76856199,34.87592999],[128.76813474,34.87324444],[128.76813474,34.87104717],[128.7677075,34.8686668],[128.766853,34.86598126],[128.76593748,34.86360089],[128.76465574,34.86140362],[128.76349607,34.85920635],[128.76239744,34.85761944],[128.76129881,34.8563377],[128.76087156,34.85475079],[128.76087156,34.8530418],[128.76068845,34.8506004],[128.76044431,34.84840313],[128.75977293,34.84645001],[128.75958982,34.84486309],[128.75910154,34.84309307],[128.75800291,34.8407127],[128.75714842,34.8382713],[128.75604978,34.83650128],[128.75519529,34.83473126],[128.75342527,34.83253399],[128.75250974,34.83100811],[128.751228,34.82972637],[128.75183836,34.82795635],[128.75360838,34.82594219],[128.7553784,34.82374493],[128.75672117,34.82197491],[128.7578198,34.82026592],[128.75910154,34.81782452],[128.76001707,34.81562725],[128.76129881,34.81361309],[128.76239744,34.81141583],[128.76331297,34.80903546],[128.76416746,34.80634991],[128.76483884,34.80262676],[128.76508299,34.80067364],[128.76526609,34.79865948],[128.76526609,34.79627911],[128.76508299,34.7938377],[128.76483884,34.79164044],[128.76465574,34.78944317],[128.76416746,34.78767315],[128.76398435,34.78614727],[128.76306883,34.78370587],[128.76197019,34.78132549],[128.76129881,34.77955548],[128.75977293,34.77735821],[128.75849119,34.77534405],[128.75739256,34.77381817],[128.7553784,34.77204815],[128.75342527,34.77009503],[128.75141111,34.76856915],[128.74964109,34.76722637],[128.74768797,34.7658836],[128.74573484,34.76478497],[128.74347654,34.76368633],[128.74152342,34.7625877],[128.73957029,34.76191632],[128.73755613,34.76106182],[128.73468748,34.76020733],[128.73053709,34.75953594],[128.72742429,34.7591087],[128.72455564,34.75862042],[128.7175366,34.75862042],[128.71533933,34.75886456],[128.71338621,34.7591087],[128.71118894,34.75953594],[128.7085034,34.75996319],[128.70569578,34.76063458],[128.70301023,34.76106182],[128.70392576,34.7592918],[128.70502439,34.75709454],[128.70587888,34.75489727],[128.70655027,34.75312725],[128.70697752,34.75092999],[128.70740476,34.74873272],[128.7076489,34.7469627],[128.7076489,34.74433819],[128.7076489,34.74214092],[128.70722166,34.73994366],[128.70679441,34.73731915],[128.70612302,34.73530499],[128.70502439,34.73200909],[128.70392576,34.72962872],[128.70282713,34.7278587],[128.70148435,34.72608868],[128.69971433,34.72364727],[128.69794431,34.72169415],[128.69641843,34.72035137],[128.6953198,34.71839825],[128.69354978,34.71638409],[128.6920239,34.71443096],[128.69025388,34.71266094],[128.68848386,34.71113507],[128.68677488,34.70960919],[128.68500486,34.70844952],[128.68341795,34.70759503],[128.68146482,34.70649639],[128.67859617,34.70515362],[128.6762158,34.70429913],[128.67353025,34.70320049],[128.67133299,34.70252911],[128.66895261,34.70210186],[128.66608396,34.70167462],[128.6638867,34.70124737],[128.66187254,34.70124737],[128.65991941,34.70075909],[128.65857664,34.69966046],[128.6572949,34.69813458],[128.65552488,34.69636456],[128.65375486,34.69483868],[128.6517407,34.69374005],[128.65003172,34.69221417],[128.6482617,34.69087139],[128.64582029,34.68934551],[128.64319578,34.68781964],[128.64075437,34.68647686],[128.63855711,34.68562237],[128.63678709,34.68495098],[128.63526121,34.6842796],[128.63330808,34.68385235],[128.63001218,34.68293682],[128.62824217,34.68275372],[128.62580076,34.68208233],[128.62403074,34.68183819],[128.62226072,34.68165508],[128.61988035,34.68165508],[128.61634031,34.68012921],[128.61438718,34.67878643],[128.61261717,34.67835919],[128.61084715,34.67744366],[128.60932127,34.67677227],[128.60755125,34.67634503],[128.60535398,34.67567364],[128.60315672,34.67524639],[128.60163084,34.67481915],[128.59943357,34.6743919],[128.59699217,34.67414776],[128.59040037,34.67414776],[128.5882031,34.6743919],[128.58332029,34.67506329],[128.58051267,34.67549053],[128.57853467,34.67597127],[128.57878613,34.67810866],[128.57878613,34.68101553],[128.58014841,34.68757372],[128.58016425,34.70251504],[128.58063958,34.70504528],[128.59405974,34.71484866],[128.60153838,34.71635724],[128.61295979,34.72111616],[128.61819461,34.74443488],[128.64627225,34.81439103],[128.67006686,34.82462271],[128.69290968,34.84841732],[128.68386773,34.89933779],[128.70052396,34.90980742],[128.71730713,34.91348848]]]]},"geometry_name":"the_geom","properties":{"id":"Shp_WRN2_POLY.29","BLN_Flag":"","Id_1":"641","LAYER":"","STD_ID1":"","WarnCode":"S2320200","name":"거제시동부앞바다 중 연안바다"}},{"type":"Feature","id":"warnArea2Poly202106.31","geometry":{"type":"MultiPolygon","coordinates":[[[[128.76190186,35.00952148],[128.75549316,34.99530029],[128.75469971,34.99389648],[128.75189209,34.99029541],[128.74932861,34.98712158],[128.75067139,34.98449707],[128.7532959,34.980896],[128.75671387,34.97570801],[128.75848389,34.97210693],[128.75952148,34.96911621],[128.76171875,34.96612549],[128.76409912,34.96270752],[128.76611328,34.95910645],[128.76751709,34.95507813],[128.76849365,34.95050049],[128.76867676,34.94610596],[128.76867676,34.94189453],[128.76867676,34.93829346],[128.76849365,34.93469238],[128.76751709,34.9309082],[128.7678833,34.92767334],[128.76968735,34.92295914],[128.77284548,34.9203944],[128.77481328,34.91692864],[128.77500145,34.91181238],[128.7198977,34.90958964],[128.71730713,34.91348848],[128.69750977,34.97131348],[128.68543321,34.98387092],[128.6942749,35.01367188],[128.72131348,35.02410889],[128.76190186,35.00952148]]]]},"geometry_name":"the_geom","properties":{"id":"Shp_WRN2_POLY.30","BLN_Flag":"","Id_1":"622","LAYER":"","STD_ID1":"","WarnCode":"S2320800","name":"경남중부남해앞바다 중 연안바다"}},{"type":"Feature","id":"warnArea2Poly202106.32","geometry":{"type":"MultiPolygon","coordinates":[[[[129.069972,35.11125],[129.090833,35.110361],[129.09529831,35.11260609],[129.09755721,35.10607863],[129.097083,35.104972],[129.099139,35.099528],[129.09982414,35.099528],[129.10412598,35.08709717],[129.09675192,35.06105754],[129.076194,35.075],[129.079556,35.084944],[129.073694,35.088333],[129.071611,35.094583],[129.059167,35.101222],[129.03875,35.096639],[129.039583,35.103278],[129.045444,35.105806],[129.044611,35.114167],[129.054556,35.116694],[129.05125,35.122472],[129.059167,35.129556],[129.064944,35.129556],[129.072944,35.122528],[129.069972,35.11125]]],[[[128.957056,35.086611],[128.959556,35.081639],[128.95625,35.077528],[128.958778,35.064972],[128.962083,35.062472],[128.959583,35.053306],[128.968778,35.046667],[128.966611,35.032917],[128.974139,35.040417],[128.978722,35.040833],[128.972083,35.046667],[128.973333,35.048722],[128.979167,35.05125],[128.982917,35.047472],[128.982472,35.052917],[128.972861,35.054167],[128.974111,35.057083],[128.980417,35.058333],[128.981667,35.063722],[128.991278,35.058333],[128.994194,35.046278],[129.00125,35.047472],[128.992944,35.065],[128.996222,35.070833],[128.992083,35.078333],[128.993389,35.084583],[129.004111,35.087028],[129.006222,35.084972],[129.007056,35.073306],[129.012917,35.066639],[129.013722,35.054167],[129.016639,35.053722],[129.022917,35.061667],[129.017889,35.074139],[129.026222,35.081639],[129.025444,35.090806],[129.029972,35.097056],[129.034583,35.095778],[129.031222,35.093333],[129.035833,35.084556],[129.055028,35.071222],[129.065,35.069556],[129.065833,35.063778],[129.071694,35.059528],[129.077444,35.06125],[129.085,35.051222],[129.090833,35.050417],[129.09633561,35.05958742],[129.09631348,35.05950928],[129.09191895,35.05187988],[129.09869385,35.04168701],[128.83209229,34.98352051],[128.76190186,35.00952148],[128.75952148,35.02508545],[128.76348877,35.03271484],[128.76690674,35.03747559],[128.7756958,35.04730225],[128.78549643,35.07874701],[128.78609829,35.08106966],[128.78609829,35.08106966],[128.786722,35.079583],[128.794194,35.079583],[128.800806,35.089556],[128.8175,35.092056],[128.823278,35.101278],[128.829139,35.102083],[128.864167,35.099556],[128.871222,35.083306],[128.879944,35.080389],[128.888722,35.088306],[128.891194,35.11],[128.896611,35.119556],[128.906222,35.116667],[128.905361,35.100861],[128.899556,35.097472],[128.899556,35.094139],[128.905028,35.08625],[128.909944,35.08625],[128.913306,35.090389],[128.925028,35.09125],[128.93274653,35.11049009],[128.95628919,35.10618052],[128.962917,35.094972],[128.957056,35.086611]]]]},"geometry_name":"the_geom","properties":{"id":"Shp_WRN2_POLY.31","BLN_Flag":"","Id_1":"612","LAYER":"","STD_ID1":"","WarnCode":"S2310200","name":"부산앞바다 중 서부평수구역"}},{"type":"Feature","id":"warnArea2Poly202106.33","geometry":{"type":"MultiPolygon","coordinates":[[[[129.099583,35.110806],[129.09755721,35.10607863],[129.09529831,35.11260609],[129.095861,35.112889],[129.099583,35.110806]]],[[[129.22875,35.224194],[129.234167,35.220389],[129.23673163,35.22083563],[129.2376709,35.22009277],[129.25567627,35.18890381],[129.09869385,35.04168701],[129.09191895,35.05187988],[129.09631348,35.05950928],[129.09633561,35.05958742],[129.097083,35.060833],[129.09675192,35.06105754],[129.10412598,35.08709717],[129.09982414,35.099528],[129.105,35.099528],[129.109194,35.104556],[129.1175,35.100389],[129.125,35.100361],[129.129583,35.114167],[129.122889,35.1325],[129.114111,35.129583],[129.109167,35.13125],[129.106222,35.136639],[129.11625,35.14],[129.11625,35.146639],[129.120806,35.152889],[129.127444,35.157056],[129.134556,35.156639],[129.131222,35.161639],[129.133306,35.164556],[129.138361,35.165389],[129.150806,35.160417],[129.150806,35.152917],[129.163306,35.159583],[129.181639,35.154583],[129.197056,35.163306],[129.202444,35.179556],[129.2125,35.182083],[129.214139,35.18625],[129.219972,35.183722],[129.224583,35.186639],[129.226278,35.195833],[129.231167,35.198306],[129.229528,35.206667],[129.224556,35.210806],[129.22875,35.224194]]]]},"geometry_name":"the_geom","properties":{"id":"Shp_WRN2_POLY.32","BLN_Flag":"","Id_1":"611","LAYER":"","STD_ID1":"","WarnCode":"S2310100","name":"부산앞바다 중 동부평수구역"}},{"type":"Feature","id":"warnArea2Poly202106.34","geometry":{"type":"MultiPolygon","coordinates":[[[[129.328125,35.29870605],[129.29528809,35.28967285],[129.28790283,35.26312256],[129.2833252,35.23748779],[129.27508545,35.21868896],[129.26269531,35.21850586],[129.27532959,35.1942749],[129.27630615,35.19110107],[129.27648926,35.18811035],[129.27587891,35.18530273],[129.2744751,35.18188477],[129.27209473,35.17871094],[129.24263921,35.15107799],[129.11328125,35.02972412],[129.11090088,35.02807617],[129.10809326,35.02667236],[129.10510254,35.0255127],[129.08667848,35.02149655],[128.94844359,34.99136361],[128.83630371,34.96691895],[128.83129883,34.9666748],[128.82568359,34.9675293],[128.75549316,34.99530029],[128.76190186,35.00952148],[128.83209229,34.98352051],[129.09869385,35.04168701],[129.25567627,35.18890381],[129.2376709,35.22009277],[129.23712158,35.22070313],[129.23717189,35.2209123],[129.239111,35.22125],[129.246222,35.231639],[129.245389,35.238306],[129.249611,35.240806],[129.247111,35.244139],[129.254583,35.245833],[129.2525,35.260389],[129.238333,35.25875],[129.235417,35.262472],[129.237444,35.265389],[129.244139,35.26625],[129.246667,35.272083],[129.257083,35.274167],[129.261222,35.283333],[129.260444,35.306639],[129.264556,35.317444],[129.279944,35.326222],[129.286694,35.326278],[129.29,35.319556],[129.29613545,35.31953532],[129.29674259,35.31861108],[129.2992389,35.3182763],[129.30044012,35.31986152],[129.3019265,35.3202406],[129.30264698,35.32134548],[129.30240613,35.32172119],[129.30105899,35.3221592],[129.3020304,35.3226993],[129.3025123,35.3236987],[129.3033349,35.324486],[129.3036849,35.3250057],[129.3034986,35.3297385],[129.30403023,35.33007216],[129.328125,35.29870605]]]]},"geometry_name":"the_geom","properties":{"id":"Shp_WRN2_POLY.33","BLN_Flag":"","Id_1":"613","LAYER":"","STD_ID1":"","WarnCode":"S2320100","name":"부산앞바다 중 연안바다"}},{"type":"Feature","id":"warnArea2Poly202106.35","geometry":{"type":"MultiPolygon","coordinates":[[[[129.328125,35.29870605],[129.30403023,35.33007216],[129.3050451,35.3303643],[129.315,35.331222],[129.322083,35.344167],[129.331667,35.347111],[129.337472,35.35625],[129.342472,35.35625],[129.345833,35.352056],[129.362889,35.358361],[129.357083,35.371667],[129.347444,35.375417],[129.346194,35.379194],[129.349583,35.385833],[129.347861,35.390806],[129.357028,35.395833],[129.354556,35.402528],[129.362889,35.407472],[129.362528,35.412056],[129.356222,35.412472],[129.353694,35.426639],[129.365889,35.428778],[129.369528,35.432472],[129.36864294,35.43363841],[129.46807861,35.48010254],[129.46472168,35.5255127],[129.45050049,35.52850342],[129.44809089,35.53197325],[129.448278,35.532083],[129.452917,35.530861],[129.452111,35.539944],[129.460389,35.554167],[129.454583,35.578306],[129.460028,35.584583],[129.465417,35.585833],[129.465361,35.603333],[129.459528,35.614139],[129.452056,35.616611],[129.452917,35.62],[129.444556,35.628333],[129.443722,35.644139],[129.45125,35.649139],[129.45180084,35.65087898],[129.50198748,35.65088075],[129.49847412,35.64587402],[129.49572754,35.64312744],[129.49169922,35.64007568],[129.4899292,35.63671875],[129.4954834,35.6295166],[129.49749756,35.62567139],[129.49890137,35.6229248],[129.50048828,35.61968994],[129.50250244,35.6149292],[129.50408936,35.60992432],[129.50531006,35.60632324],[129.50592041,35.60290527],[129.50610352,35.5993042],[129.50628662,35.59613037],[129.50628662,35.59307861],[129.50689697,35.58947754],[129.50689697,35.5847168],[129.50628662,35.58129883],[129.50567627,35.57830811],[129.50469971,35.57531738],[129.5032959,35.57208252],[129.50067139,35.56811523],[129.49987793,35.5637207],[129.50030518,35.55871582],[129.50030518,35.55389404],[129.49987793,35.55010986],[129.49932861,35.54711914],[129.49829102,35.54412842],[129.4967041,35.54052734],[129.49530029,35.53747559],[129.49450684,35.53448486],[129.49353027,35.53149414],[129.49291992,35.52832031],[129.48547363,35.52209473],[129.4899292,35.47070313],[129.41052246,35.43170166],[129.41009521,35.42730713],[129.40911865,35.4230957],[129.40771484,35.41967773],[129.40612793,35.41687012],[129.40472412,35.41351318],[129.40447998,35.409729],[129.40472412,35.40509033],[129.40411377,35.4005127],[129.40307617,35.39727783],[129.40148926,35.39331055],[129.39892578,35.38928223],[129.39752197,35.3850708],[129.39910889,35.38092041],[129.40087891,35.37731934],[129.4019165,35.37432861],[129.40368652,35.36968994],[129.40447998,35.36608887],[129.40490723,35.36291504],[129.40490723,35.35888672],[129.40411377,35.35467529],[129.40289307,35.35070801],[129.4006958,35.34631348],[129.39788818,35.34210205],[129.39349365,35.33648682],[129.39007568,35.33288574],[129.38708496,35.33050537],[129.38287354,35.32788086],[129.37908936,35.32592773],[129.37609863,35.32470703],[129.37329102,35.32373047],[129.36907959,35.32250977],[129.3649292,35.32147217],[129.36029053,35.31988525],[129.35650635,35.31890869],[129.35272217,35.31750488],[129.3505249,35.31451416],[129.3480835,35.3112793],[129.34552002,35.30871582],[129.34307861,35.30651855],[129.340271,35.30450439],[129.33673096,35.30230713],[129.33209229,35.30010986],[129.328125,35.29870605]]]]},"geometry_name":"the_geom","properties":{"id":"Shp_WRN2_POLY.34","BLN_Flag":"","Id_1":"712","LAYER":"","STD_ID1":"","WarnCode":"S2120400","name":"울산앞바다 중 연안바다"}},{"type":"Feature","id":"warnArea2Poly202106.36","geometry":{"type":"MultiPolygon","coordinates":[[[[129.44809089,35.53197325],[129.45050049,35.52850342],[129.46472168,35.5255127],[129.46807861,35.48010254],[129.36864294,35.43363841],[129.364111,35.439611],[129.352944,35.440833],[129.360389,35.446639],[129.359139,35.448722],[129.351694,35.446222],[129.34625,35.451667],[129.343722,35.455],[129.347083,35.466667],[129.33875,35.475],[129.346611,35.475389],[129.355778,35.461278],[129.361667,35.459583],[129.365028,35.466222],[129.375806,35.469556],[129.385444,35.4775],[129.387944,35.492472],[129.376278,35.501639],[129.38625,35.506694],[129.385417,35.515],[129.377889,35.516694],[129.376278,35.5275],[129.379583,35.529167],[129.354556,35.5475],[129.37,35.544583],[129.403722,35.512472],[129.39875,35.502472],[129.407889,35.496667],[129.406222,35.481667],[129.409111,35.474556],[129.42,35.481222],[129.425806,35.481194],[129.427528,35.484556],[129.434139,35.480417],[129.445444,35.491667],[129.444194,35.49625],[129.433722,35.494167],[129.434111,35.499556],[129.443722,35.5025],[129.442472,35.506222],[129.434611,35.508306],[129.438333,35.514583],[129.445028,35.51375],[129.448694,35.516667],[129.440389,35.523333],[129.440417,35.527472],[129.44809089,35.53197325]]]]},"geometry_name":"the_geom","properties":{"id":"Shp_WRN2_POLY.35","BLN_Flag":"","Id_1":"711","LAYER":"","STD_ID1":"","WarnCode":"S2110200","name":"울산앞바다 중 평수구역"}},{"type":"Feature","id":"warnArea2Poly202106.37","geometry":{"type":"MultiPolygon","coordinates":[[[[129.42291006,36.26804227],[129.42431641,36.25311279],[129.42651367,36.24847412],[129.42767334,36.24407959],[129.42810059,36.24072266],[129.42810059,36.23730469],[129.42791748,36.23352051],[129.42828369,36.22949219],[129.42871094,36.22607422],[129.42889404,36.22247314],[129.42852783,36.2177124],[129.42828369,36.21429443],[129.42767334,36.21069336],[129.42651367,36.20568848],[129.42791748,36.20251465],[129.42987061,36.19970703],[129.43212891,36.19567871],[129.43408203,36.19091797],[129.43548584,36.1862793],[129.43731689,36.18212891],[129.43890381,36.17871094],[129.44012451,36.17529297],[129.44091797,36.17248535],[129.44152832,36.16967773],[129.44207764,36.16552734],[129.44268799,36.16088867],[129.44329834,36.15771484],[129.44348145,36.15307617],[129.44348145,36.14807129],[129.44628906,36.14550781],[129.44970703,36.1427002],[129.453125,36.14111328],[129.45788574,36.13830566],[129.46112061,36.1361084],[129.46368408,36.13391113],[129.46612549,36.13128662],[129.46807861,36.12872314],[129.46990967,36.12567139],[129.47131348,36.1229248],[129.47229004,36.12011719],[129.4730835,36.11730957],[129.47412109,36.11248779],[129.47491455,36.10791016],[129.47509766,36.10290527],[129.47412109,36.09667969],[129.47271729,36.09289551],[129.47131348,36.08911133],[129.47009277,36.08551025],[129.46868896,36.08251953],[129.46691895,36.07971191],[129.46289063,36.07470703],[129.46173096,36.07067871],[129.46069336,36.06707764],[129.47210693,36.05871582],[129.47491455,36.06152344],[129.47827148,36.06451416],[129.4822998,36.06750488],[129.48547363,36.07128906],[129.4876709,36.07452393],[129.4901123,36.0770874],[129.49328613,36.08032227],[129.49609375,36.08270264],[129.49908447,36.0847168],[129.50189209,36.08648682],[129.5045166,36.09088135],[129.50628662,36.09527588],[129.50787354,36.09851074],[129.50970459,36.10107422],[129.51251221,36.10467529],[129.51568604,36.10791016],[129.51831055,36.11010742],[129.52087402,36.11187744],[129.5244751,36.1138916],[129.52807617,36.11572266],[129.53192139,36.11712646],[129.53607178,36.11853027],[129.53991699,36.11932373],[129.54327393,36.11987305],[129.546875,36.12011719],[129.55108643,36.12011719],[129.55407715,36.12030029],[129.55731201,36.12030029],[129.56109619,36.12011719],[129.56530762,36.11950684],[129.5692749,36.11871338],[129.57232666,36.11791992],[129.57531738,36.11688232],[129.578125,36.11572266],[129.58087158,36.11431885],[129.58410645,36.11248779],[129.58673096,36.11047363],[129.58990479,36.10913086],[129.59307861,36.10748291],[129.59631348,36.10571289],[129.5994873,36.10327148],[129.60192871,36.10107422],[129.60491943,36.0980835],[129.60748291,36.09448242],[129.60968018,36.090271],[129.61090088,36.08709717],[129.61212158,36.08288574],[129.61248779,36.07971191],[129.61407471,36.07672119],[129.61529541,36.07348633],[129.61627197,36.07049561],[129.61767578,36.06750488],[129.61932373,36.06469727],[129.62127686,36.06170654],[129.62347412,36.05749512],[129.62487793,36.05310059],[129.62548828,36.04931641],[129.62567139,36.04608154],[129.62548828,36.04309082],[129.62487793,36.03948975],[129.62432861,36.03448486],[129.62432861,36.02947998],[129.62512207,36.02612305],[129.62609863,36.02307129],[129.62670898,36.01989746],[129.62689209,36.01611328],[129.62652588,36.01208496],[129.62567139,36.00891113],[129.62469482,36.00592041],[129.62329102,36.00268555],[129.6217041,36.00030518],[129.61987305,35.9979248],[129.61871338,35.99407959],[129.61730957,35.99072266],[129.61547852,35.98748779],[129.61248779,35.98352051],[129.61029053,35.9810791],[129.60772705,35.97851563],[129.60552979,35.97528076],[129.60388184,35.97290039],[129.60131836,35.96948242],[129.59851074,35.96691895],[129.59631348,35.96447754],[129.59570313,35.96148682],[129.59448242,35.95727539],[129.59228516,35.953125],[129.59069824,35.95031738],[129.58972168,35.94750977],[129.58868408,35.94329834],[129.58709717,35.93908691],[129.58532715,35.93572998],[129.58270264,35.93231201],[129.58087158,35.93011475],[129.57769775,35.92730713],[129.57427979,35.92468262],[129.57189941,35.92132568],[129.57373047,35.91711426],[129.57647705,35.91271973],[129.57788086,35.90911865],[129.57891846,35.90588379],[129.57928467,35.90252686],[129.57952881,35.89831543],[129.57910156,35.89489746],[129.57830811,35.89111328],[129.57727051,35.88830566],[129.57550049,35.88372803],[129.57647705,35.87890625],[129.57727051,35.87530518],[129.57769775,35.87091064],[129.57727051,35.86749268],[129.57672119,35.8637085],[129.57550049,35.86029053],[129.57427979,35.85748291],[129.57287598,35.85467529],[129.57110596,35.85168457],[129.56890869,35.84869385],[129.56732178,35.84552002],[129.56610107,35.84210205],[129.56451416,35.83892822],[129.56311035,35.83612061],[129.56231689,35.83251953],[129.56121531,35.82869504],[129.56048584,35.82672119],[129.55932617,35.82391357],[129.55731201,35.82067871],[129.55627441,35.81732178],[129.55627441,35.81427002],[129.5559082,35.81091309],[129.55511475,35.80688477],[129.55432129,35.80108643],[129.55291748,35.79711914],[129.55072021,35.79290771],[129.54852295,35.78930664],[129.54571533,35.78607178],[129.54150391,35.78210449],[129.53948975,35.77893066],[129.53912354,35.77508545],[129.53912354,35.77191162],[129.53912354,35.7689209],[129.53851318,35.76568604],[129.53710938,35.76190186],[129.53668213,35.75671387],[129.53692627,35.7532959],[129.53668213,35.74908447],[129.53552246,35.74432373],[129.53430176,35.74090576],[129.53271484,35.7376709],[129.53051758,35.73413086],[129.52850342,35.73168945],[129.52832031,35.72827148],[129.52789307,35.7244873],[129.52709961,35.72113037],[129.5255127,35.71691895],[129.52392578,35.71411133],[129.52209473,35.7098999],[129.52111816,35.70550537],[129.51989746,35.70172119],[129.51867676,35.69891357],[129.51947021,35.68927002],[129.519104,35.68572998],[129.51849365,35.68292236],[129.51690674,35.67907715],[129.51531982,35.67492676],[129.51330566,35.67071533],[129.51147461,35.66790771],[129.5098877,35.6651001],[129.50769043,35.66168213],[129.50592041,35.65771484],[129.5045166,35.65472412],[129.50292969,35.6519165],[129.50198748,35.65088075],[129.45180084,35.65087898],[129.456667,35.66625],[129.467111,35.667528],[129.465361,35.675833],[129.474611,35.685],[129.473778,35.707528],[129.480417,35.713333],[129.487083,35.729972],[129.484583,35.7425],[129.494639,35.7525],[129.492917,35.76],[129.497111,35.774972],[129.492944,35.789139],[129.501278,35.794139],[129.500389,35.798333],[129.50625,35.804139],[129.504556,35.808333],[129.512917,35.8075],[129.514556,35.8175],[129.511222,35.825028],[129.52125,35.838306],[129.521278,35.850806],[129.527139,35.854139],[129.528722,35.864167],[129.535472,35.869167],[129.534167,35.872889],[129.522472,35.87375],[129.520361,35.876667],[129.521639,35.882056],[129.529528,35.884139],[129.52625,35.894972],[129.53375,35.900833],[129.520444,35.919944],[129.521278,35.930833],[129.524167,35.93375],[129.529944,35.932917],[129.540417,35.948333],[129.549583,35.952472],[129.549611,35.965806],[129.555417,35.969139],[129.552944,35.978333],[129.557889,35.982472],[129.552917,35.987472],[129.558306,35.991222],[129.567528,35.990389],[129.569556,35.998972],[129.575444,36.001944],[129.577917,36.010806],[129.583778,36.015806],[129.578778,36.023278],[129.582861,36.028361],[129.578694,36.034167],[129.582083,36.037472],[129.582861,36.047472],[129.570444,36.069167],[129.570444,36.077472],[129.562444,36.080389],[129.5575,36.08625],[129.548306,36.085417],[129.531639,36.058694],[129.525778,36.058722],[129.515083,36.044583],[129.502972,36.037472],[129.501667,36.026194],[129.49687547,36.02301762],[129.41992188,36.07647705],[129.41910373,36.07703833],[129.418694,36.088306],[129.432028,36.101639],[129.43125,36.111667],[129.403361,36.131222],[129.396278,36.139944],[129.40125,36.153333],[129.399583,36.170806],[129.392556,36.185417],[129.380806,36.188722],[129.372889,36.199167],[129.373778,36.205806],[129.383306,36.210417],[129.387944,36.216639],[129.382944,36.23],[129.386222,36.24],[129.375389,36.252444],[129.37751412,36.26807556],[129.42291006,36.26804227]]]]},"geometry_name":"the_geom","properties":{"id":"Shp_WRN2_POLY.36","BLN_Flag":"","Id_1":"722","LAYER":"","STD_ID1":"","WarnCode":"S2120300","name":"경북남부앞바다 중 연안바다"}},{"type":"Feature","id":"warnArea2Poly202106.38","geometry":{"type":"MultiPolygon","coordinates":[[[[129.49687547,36.02301762],[129.489139,36.017889],[129.4775,36.016222],[129.459194,36.005417],[129.456278,35.995778],[129.450806,35.992889],[129.417917,36.001278],[129.389944,36.024556],[129.378333,36.020417],[129.385444,36.030806],[129.37625,36.0475],[129.372861,36.046667],[129.384194,36.064583],[129.395861,36.063694],[129.409167,36.073722],[129.419194,36.074556],[129.41910373,36.07703833],[129.41992188,36.07647705],[129.49687547,36.02301762]]]]},"geometry_name":"the_geom","properties":{"id":"Shp_WRN2_POLY.37","BLN_Flag":"","Id_1":"721","LAYER":"","STD_ID1":"","WarnCode":"S2110100","name":"경북남부앞바다 중 평수구역"}},{"type":"Feature","id":"warnArea2Poly202106.39","geometry":{"type":"MultiPolygon","coordinates":[[[[129.41375732,37.14666748],[129.41571045,37.14068604],[129.41772461,37.13848877],[129.41949463,37.13592529],[129.42132568,37.13287354],[129.4229126,37.12872314],[129.42370605,37.12512207],[129.42407227,37.1217041],[129.42407227,37.11749268],[129.42352295,37.11328125],[129.42651367,37.11010742],[129.4296875,37.10632324],[129.43432617,37.10308838],[129.43829346,37.10070801],[129.44250488,37.09869385],[129.44628906,37.09667969],[129.44927979,37.09490967],[129.45251465,37.0925293],[129.45648193,37.08972168],[129.4598999,37.08709717],[129.46270752,37.08410645],[129.46472168,37.08148193],[129.4666748,37.07849121],[129.46807861,37.07568359],[129.46990967,37.07147217],[129.47149658,37.06732178],[129.47210693,37.06408691],[129.47271729,37.06109619],[129.47271729,37.05670166],[129.47247314,37.05249023],[129.47192383,37.04968262],[129.47052002,37.04589844],[129.46887207,37.04272461],[129.4666748,37.03930664],[129.46429443,37.03631592],[129.46112061,37.03308105],[129.4597168,37.02929687],[129.45892334,37.02587891],[129.45812988,37.02148437],[129.4597168,37.01690674],[129.46087646,37.01312256],[129.46148682,37.00970459],[129.46173096,37.00610352],[129.46173096,37.00250244],[129.46209717,36.99768066],[129.46270752,36.99169922],[129.46191406,36.98669434],[129.4598999,36.98132324],[129.45727539,36.97692871],[129.45751953,36.97113037],[129.45849609,36.96728516],[129.46008301,36.96289063],[129.46173096,36.95812988],[129.46228027,36.95452881],[129.46289063,36.95068359],[129.46350098,36.94671631],[129.46411133,36.94390869],[129.46429443,36.94012451],[129.46411133,36.93572998],[129.46350098,36.9309082],[129.46289063,36.92687988],[129.46289063,36.9230957],[129.46270752,36.91967773],[129.46252441,36.9163208],[129.46191406,36.91308594],[129.46209717,36.90869141],[129.46331787,36.90429688],[129.46392822,36.9005127],[129.46392822,36.89727783],[129.46350098,36.89208984],[129.46228027,36.8862915],[129.46307373,36.88189697],[129.46392822,36.878479],[129.46429443,36.87530518],[129.46447754,36.8704834],[129.46728516,36.86547852],[129.47052002,36.86230469],[129.47491455,36.85870361],[129.47851563,36.85528564],[129.4810791,36.85211182],[129.48370361,36.84887695],[129.48590088,36.84490967],[129.4876709,36.84069824],[129.49029541,36.83752441],[129.49310303,36.83447266],[129.49591064,36.83068848],[129.49749756,36.82751465],[129.49890137,36.82409668],[129.49987793,36.82092285],[129.50048828,36.81732178],[129.50152588,36.81152344],[129.5032959,36.80767822],[129.5045166,36.80450439],[129.50549316,36.80090332],[129.50848389,36.79589844],[129.51049805,36.79248047],[129.51208496,36.78991699],[129.51507568,36.78607178],[129.51849365,36.78112793],[129.51971436,36.77752686],[129.52069092,36.7744751],[129.52148438,36.77008057],[129.52130127,36.76507568],[129.52069092,36.76092529],[129.519104,36.75689697],[129.5177002,36.75390625],[129.51611328,36.75067139],[129.51690674,36.74707031],[129.51867676,36.74230957],[129.51947021,36.7376709],[129.52008057,36.7321167],[129.52050781,36.72607422],[129.51989746,36.72113037],[129.51849365,36.71691895],[129.51849365,36.71289063],[129.51849365,36.7097168],[129.51849365,36.70611572],[129.519104,36.70227051],[129.519104,36.69769287],[129.51812744,36.69207764],[129.51672363,36.68792725],[129.51507568,36.68511963],[129.51348877,36.68249512],[129.51208496,36.67871094],[129.51068115,36.67468262],[129.50848389,36.67047119],[129.50671387,36.66772461],[129.50488281,36.66430664],[129.50292969,36.66168213],[129.50067139,36.65887451],[129.49749756,36.65570068],[129.49511719,36.65393066],[129.49047852,36.65112305],[129.48590088,36.64892578],[129.48248291,36.64727783],[129.47949219,36.64630127],[129.47650146,36.64532471],[129.47247314,36.64428711],[129.47070313,36.64208984],[129.46972656,36.63928223],[129.46850586,36.63671875],[129.46691895,36.63391113],[129.465271,36.63128662],[129.42170555,36.64167608],[129.43125,36.652472],[129.438722,36.669972],[129.445028,36.67625],[129.456639,36.68125],[129.465361,36.679139],[129.468722,36.694194],[129.476222,36.700861],[129.47375,36.724167],[129.477917,36.727472],[129.468778,36.758306],[129.478722,36.768333],[129.462028,36.788306],[129.457083,36.814944],[129.447917,36.825],[129.445361,36.833306],[129.42875,36.849111],[129.416194,36.889167],[129.420417,36.895],[129.41625,36.915806],[129.420417,36.919167],[129.421194,36.944111],[129.410444,36.981639],[129.419528,36.994139],[129.418722,37.011694],[129.41125,37.032472],[129.418694,37.036639],[129.414583,37.0425],[129.417917,37.057472],[129.425,37.060417],[129.430806,37.057028],[129.43125,37.059944],[129.428306,37.06625],[129.400028,37.082889],[129.379583,37.104139],[129.375389,37.112444],[129.381222,37.120861],[129.372889,37.131639],[129.377111,37.137472],[129.369528,37.141667],[129.36710524,37.14680619],[129.41375732,37.14666748]]]]},"geometry_name":"the_geom","properties":{"id":"Shp_WRN2_POLY.38","BLN_Flag":"","Id_1":"731","LAYER":"","STD_ID1":"","WarnCode":"S2120100","name":"경북북부앞바다 중 울진앞바다"}},{"type":"Feature","id":"warnArea2Poly202106.40","geometry":{"type":"MultiPolygon","coordinates":[[[[130.94012451,37.546875],[130.90887451,37.53668213],[130.8994751,37.54211426],[130.89709473,37.53967285],[130.87268066,37.53527832],[130.86108398,37.53167725],[130.84051514,37.52770996],[130.81512451,37.51690674],[130.81011963,37.51647949],[130.80767822,37.51470947],[130.79492188,37.51849365],[130.7756958,37.52929688],[130.77807617,37.53192139],[130.78112793,37.53387451],[130.78570557,37.53607178],[130.79052734,37.53771973],[130.79492188,37.53808594],[130.79907227,37.53790283],[130.80389404,37.53790283],[130.80792236,37.53991699],[130.81170654,37.54211426],[130.81469727,37.54370117],[130.81829834,37.54492188],[130.82208252,37.54571533],[130.82531738,37.54608154],[130.82867432,37.54711914],[130.83270264,37.54907227],[130.83691406,37.55072021],[130.84088135,37.55133057],[130.84527588,37.55187988],[130.85107422,37.55169678],[130.855896,37.55328369],[130.85949707,37.5559082],[130.8626709,37.55767822],[130.86651611,37.55932617],[130.87011719,37.56011963],[130.87371826,37.56030273],[130.87792969,37.56048584],[130.88250732,37.56072998],[130.8873291,37.56292725],[130.89129639,37.56469727],[130.894104,37.56567383],[130.89727783,37.56652832],[130.9005127,37.56707764],[130.90350342,37.56732178],[130.90789795,37.56732178],[130.91168213,37.56652832],[130.9142477,37.56586749],[130.91571045,37.56549072],[130.91912842,37.56390381],[130.92230225,37.56188965],[130.92529297,37.55969238],[130.92828369,37.55889893],[130.93127441,37.55731201],[130.93389893,37.55548096],[130.93609619,37.55328369],[130.93811035,37.55090332],[130.94012451,37.546875]]]]},"geometry_name":"the_geom","properties":{"id":"Shp_WRN2_POLY.39","BLN_Flag":"","Id_1":"843","LAYER":"","STD_ID1":"","WarnCode":"S2121000","name":"울릉도북면연안바다"}},{"type":"Feature","id":"warnArea2Poly202106.41","geometry":{"type":"MultiPolygon","coordinates":[[[[130.87567139,37.43670654],[130.87512207,37.45489502],[130.87472677,37.46129379],[130.87988281,37.4743042],[130.88812256,37.47528076],[130.89093018,37.47692871],[130.89489746,37.47827148],[130.9074707,37.52911377],[130.90887451,37.53668213],[130.94012451,37.546875],[130.94067383,37.54327393],[130.94067383,37.5402832],[130.93969727,37.53747559],[130.93792725,37.53387451],[130.93530273,37.53088379],[130.93408203,37.52807617],[130.93688965,37.52410889],[130.93829346,37.52069092],[130.93908691,37.51751709],[130.93908691,37.51428223],[130.9387207,37.5111084],[130.93811035,37.50787354],[130.93707275,37.5045166],[130.93792725,37.50067139],[130.94091797,37.49627686],[130.94268799,37.49230957],[130.94329834,37.48950195],[130.94311523,37.48590088],[130.94232178,37.48309326],[130.94110107,37.48010254],[130.9387207,37.47711182],[130.93609619,37.47491455],[130.93292236,37.47271729],[130.92950439,37.47088623],[130.92651367,37.46929932],[130.92370605,37.46728516],[130.91992188,37.46472168],[130.91650391,37.46289063],[130.91333008,37.46112061],[130.90911865,37.4597168],[130.90490723,37.45788574],[130.90289307,37.45367432],[130.89971924,37.45007324],[130.89630127,37.44732666],[130.8939209,37.44451904],[130.89093018,37.44171143],[130.88769531,37.43951416],[130.88409424,37.43811035],[130.88110352,37.43731689],[130.87567139,37.43670654]]]]},"geometry_name":"the_geom","properties":{"id":"Shp_WRN2_POLY.40","BLN_Flag":"","Id_1":"841","LAYER":"","STD_ID1":"","WarnCode":"S2120800","name":"울릉도울릉읍연안바다"}},{"type":"Feature","id":"warnArea2Poly202106.42","geometry":{"type":"MultiPolygon","coordinates":[[[[130.79492188,37.51849365],[130.84130859,37.46630859],[130.85388184,37.46569824],[130.86730957,37.46270752],[130.87512207,37.45489502],[130.87567139,37.43670654],[130.8717041,37.43688965],[130.86749268,37.43768311],[130.86309814,37.43927002],[130.85992432,37.44128418],[130.85650635,37.44207764],[130.85351563,37.44250488],[130.8494873,37.44372559],[130.84692383,37.44470215],[130.84368896,37.44488525],[130.84008789,37.44488525],[130.83691406,37.44549561],[130.8336792,37.44628906],[130.83050537,37.44787598],[130.8269043,37.44927979],[130.82373047,37.45031738],[130.82049561,37.45172119],[130.81768799,37.45349121],[130.81451416,37.45428467],[130.81152344,37.45471191],[130.80847168,37.45507813],[130.8057251,37.45568848],[130.80230713,37.45672607],[130.79888916,37.45892334],[130.79510498,37.46191406],[130.79272461,37.46472168],[130.79089355,37.46691895],[130.78912354,37.46929932],[130.78710938,37.47149658],[130.78491211,37.47412109],[130.7835083,37.47711182],[130.78167725,37.4810791],[130.78070068,37.48590088],[130.78088379,37.48950195],[130.78192139,37.49328613],[130.78088379,37.49731445],[130.77893066,37.49932861],[130.77709961,37.50091553],[130.77508545,37.5032959],[130.77349854,37.50628662],[130.77252197,37.50927734],[130.77172852,37.51208496],[130.77148438,37.51647949],[130.77209473,37.52130127],[130.77331543,37.5255127],[130.7756958,37.52929688],[130.79492188,37.51849365]]]]},"geometry_name":"the_geom","properties":{"id":"Shp_WRN2_POLY.41","BLN_Flag":"","Id_1":"842","LAYER":"","STD_ID1":"","WarnCode":"S2120900","name":"울릉도서면연안바다"}},{"type":"Feature","id":"warnArea2Poly202106.43","geometry":{"type":"MultiPolygon","coordinates":[[[[129.1451416,37.60534668],[129.15570068,37.59259033],[129.1574707,37.58905029],[129.15899658,37.58508301],[129.15991211,37.58227539],[129.16052246,37.57940674],[129.16210938,37.57562256],[129.16320801,37.57104492],[129.16448975,37.5668335],[129.16540527,37.56268311],[129.16558838,37.55737305],[129.16497803,37.55230713],[129.16381836,37.54901123],[129.16271973,37.54595947],[129.16381836,37.5413208],[129.16583252,37.5380249],[129.1673584,37.53387451],[129.16870117,37.52923584],[129.17156982,37.52703857],[129.17419434,37.5255127],[129.17681885,37.52392578],[129.18035889,37.52087402],[129.18432617,37.51690674],[129.18652344,37.51403809],[129.18804932,37.51141357],[129.18914795,37.50878906],[129.19067383,37.50500488],[129.19396973,37.50128174],[129.19683838,37.49884033],[129.19836426,37.49664307],[129.20037842,37.4944458],[129.20275879,37.49291992],[129.20544434,37.49182129],[129.20849609,37.48986816],[129.21136475,37.48742676],[129.21447754,37.48455811],[129.21685791,37.48150635],[129.21905518,37.47973633],[129.22216797,37.47662354],[129.22503662,37.47332764],[129.22723389,37.46984863],[129.22961426,37.46563721],[129.23162842,37.46081543],[129.23272705,37.45684814],[129.23449707,37.45202637],[129.23602295,37.44714355],[129.23687744,37.44384766],[129.23822021,37.44122314],[129.2388916,37.43682861],[129.23907471,37.43310547],[129.23974609,37.43023682],[129.24261475,37.42779541],[129.2456665,37.42584229],[129.2487793,37.42382813],[129.25250244,37.42272949],[129.25512695,37.421875],[129.25823975,37.42095947],[129.26153564,37.41943359],[129.26483154,37.41766357],[129.2677002,37.41571045],[129.27166748,37.41394043],[129.27563477,37.4128418],[129.27911377,37.41149902],[129.28173828,37.41040039],[129.28442383,37.40911865],[129.28747559,37.40734863],[129.29101563,37.40490723],[129.29455566,37.40161133],[129.29785156,37.39764404],[129.29956055,37.39501953],[129.30090332,37.39196777],[129.30224609,37.38867188],[129.30310059,37.38427734],[129.30334473,37.37921143],[129.30291748,37.37524414],[129.3024292,37.37237549],[129.30114746,37.3692627],[129.30090332,37.36578369],[129.30352783,37.36181641],[129.3057251,37.35870361],[129.30792236,37.35430908],[129.309021,37.35144043],[129.30993652,37.34771729],[129.31121826,37.34442139],[129.3147583,37.34332275],[129.3180542,37.34179688],[129.32202148,37.33978271],[129.32556152,37.33782959],[129.32861328,37.33563232],[129.33215332,37.33251953],[129.33544922,37.32904053],[129.33740234,37.32617188],[129.33917236,37.32287598],[129.34118652,37.32025146],[129.34515381,37.31781006],[129.34863281,37.31561279],[129.35150146,37.31359863],[129.35571289,37.30987549],[129.35791016,37.30700684],[129.36053467,37.30395508],[129.36340332,37.30133057],[129.36535645,37.29864502],[129.36755371,37.29602051],[129.36907959,37.29272461],[129.37042236,37.2901001],[129.37176514,37.28613281],[129.37261963,37.28240967],[129.37304688,37.27929687],[129.37463379,37.2769165],[129.37658691,37.27514648],[129.37963867,37.27270508],[129.38409424,37.26831055],[129.38800049,37.26348877],[129.38909912,37.2612915],[129.39086914,37.25732422],[129.39398193,37.25268555],[129.39575195,37.24981689],[129.39727783,37.24719238],[129.39880371,37.24298096],[129.3994751,37.23883057],[129.3996582,37.23419189],[129.39904785,37.22894287],[129.39746094,37.22473145],[129.3963623,37.22235107],[129.39416504,37.21881104],[129.39154053,37.215271],[129.39068604,37.21264648],[129.39068604,37.20849609],[129.39044189,37.20513916],[129.38977051,37.20233154],[129.38891602,37.199646],[129.38848877,37.1963501],[129.387146,37.19287109],[129.3862915,37.1895752],[129.38739014,37.18560791],[129.39068604,37.1807251],[129.39331055,37.17852783],[129.39550781,37.17565918],[129.39727783,37.17327881],[129.3994751,37.16955566],[129.40124512,37.16558838],[129.40319824,37.16290283],[129.40496826,37.16009521],[129.40673828,37.15740967],[129.4085083,37.1550293],[129.41156006,37.15081787],[129.41375732,37.14666748],[129.36710524,37.14680619],[129.361278,37.159167],[129.345417,37.174944],[129.342889,37.196639],[129.349556,37.215],[129.342889,37.229139],[129.357917,37.237472],[129.35125,37.242528],[129.351278,37.248306],[129.328722,37.266639],[129.331278,37.281611],[129.323278,37.284556],[129.320806,37.292056],[129.314139,37.287917],[129.311639,37.292889],[129.304194,37.293722],[129.303778,37.304972],[129.297472,37.31375],[129.2875,37.312056],[129.272944,37.323333],[129.272083,37.330833],[129.267889,37.334944],[129.268806,37.341639],[129.252111,37.365778],[129.25375,37.376639],[129.259583,37.380806],[129.220861,37.399556],[129.203306,37.414583],[129.190417,37.434972],[129.194556,37.438306],[129.191194,37.454944],[129.130389,37.506611],[129.124583,37.520806],[129.126194,37.526639],[129.11625,37.537472],[129.112861,37.549167],[129.122472,37.552917],[129.124639,37.557444],[129.11875,37.577472],[129.07648177,37.60598565],[129.1451416,37.60534668]]]]},"geometry_name":"the_geom","properties":{"id":"Shp_WRN2_POLY.42","BLN_Flag":"","Id_1":"831","LAYER":"","STD_ID1":"","WarnCode":"S2120700","name":"강원남부연안바다"}},{"type":"Feature","id":"warnArea2Poly202106.44","geometry":{"type":"MultiPolygon","coordinates":[[[[128.87145996,37.91796875],[128.87762451,37.90319824],[128.87805176,37.89837646],[128.87805176,37.89489746],[128.88134766,37.89154053],[128.88464355,37.88781738],[128.88641357,37.88519287],[128.88818359,37.88208008],[128.89038086,37.87945557],[128.89367676,37.87683105],[128.89678955,37.87438965],[128.89916992,37.87219238],[128.90203857,37.87023926],[128.90533447,37.86779785],[128.90863037,37.86474609],[128.91131592,37.86206055],[128.91394043,37.85925293],[128.9163208,37.85595703],[128.91851807,37.85150146],[128.91986084,37.84820557],[128.92205811,37.84423828],[128.92645264,37.84033203],[128.93084717,37.83703613],[128.93414307,37.83416748],[128.93658447,37.83215332],[128.93988037,37.82977295],[128.94250488,37.82733154],[128.94519043,37.82489014],[128.94781494,37.82250977],[128.95043945,37.8203125],[128.95373535,37.81719971],[128.95727539,37.81365967],[128.96099854,37.81103516],[128.96411133,37.80841064],[128.9664917,37.80664063],[128.97027588,37.80377197],[128.97332764,37.80181885],[128.97662354,37.80029297],[128.9788208,37.79852295],[128.98144531,37.79675293],[128.98364258,37.79498291],[128.98608398,37.7923584],[128.9887085,37.78924561],[128.99090576,37.78594971],[128.99249268,37.7833252],[128.99926758,37.77893066],[129.00543213,37.77453613],[129.01049805,37.77276611],[129.01556396,37.76989746],[129.01885986,37.76751709],[129.02148438,37.76550293],[129.02416992,37.76245117],[129.02636719,37.75976563],[129.02789307,37.75738525],[129.02941895,37.7545166],[129.03094482,37.7512207],[129.03253174,37.7479248],[129.034729,37.74481201],[129.03869629,37.74108887],[129.04241943,37.73822021],[129.04614258,37.73449707],[129.04943848,37.73095703],[129.05096436,37.72833252],[129.05340576,37.72521973],[129.05603027,37.72351074],[129.05914307,37.72131348],[129.06243896,37.71887207],[129.06530762,37.71691895],[129.06793213,37.71514893],[129.07189941,37.71313477],[129.0758667,37.71051025],[129.07873535,37.70788574],[129.08203125,37.7043457],[129.08551025,37.70172119],[129.08862305,37.69927979],[129.09057617,37.69708252],[129.09277344,37.6953125],[129.09564209,37.6920166],[129.09783936,37.68896484],[129.09936523,37.68609619],[129.10046387,37.68322754],[129.10205078,37.67883301],[129.10223389,37.67462158],[129.10223389,37.67089844],[129.1015625,37.6673584],[129.10046387,37.66387939],[129.10028076,37.65966797],[129.10003662,37.65637207],[129.09985352,37.65307617],[129.09875488,37.65002441],[129.09765625,37.64672852],[129.09985352,37.64294434],[129.10223389,37.63964844],[129.10375977,37.63745117],[129.10620117,37.63287354],[129.10754395,37.62841797],[129.1105957,37.6260376],[129.11431885,37.62384033],[129.11895752,37.62072754],[129.1229248,37.61853027],[129.12756348,37.6161499],[129.12994385,37.61456299],[129.13214111,37.612854],[129.13568115,37.61083984],[129.13830566,37.60974121],[129.14074707,37.60821533],[129.14379883,37.60620117],[129.1451416,37.60534668],[129.07648177,37.60598565],[129.064972,37.61375],[129.047083,37.634139],[129.044556,37.641639],[129.047889,37.648333],[129.057139,37.654167],[129.055361,37.666639],[129.058722,37.675],[129.017444,37.705389],[129.009194,37.717083],[128.992056,37.73],[128.988306,37.740417],[128.954139,37.764556],[128.949944,37.772056],[128.934972,37.78125],[128.876222,37.830833],[128.877889,37.84],[128.831278,37.882444],[128.828806,37.89],[128.835389,37.897444],[128.828722,37.906667],[128.816639,37.912083],[128.80937381,37.91774729],[128.81005859,37.918396],[128.87145996,37.91796875]]]]},"geometry_name":"the_geom","properties":{"id":"Shp_WRN2_POLY.43","BLN_Flag":"","Id_1":"821","LAYER":"","STD_ID1":"","WarnCode":"S2120500","name":"강원중부연안바다"}},{"type":"Feature","id":"warnArea2Poly202106.45","geometry":{"type":"MultiPolygon","coordinates":[[[[128.87145996,37.91796875],[128.81005859,37.918396],[128.80937381,37.91774729],[128.793694,37.929972],[128.786222,37.946667],[128.775778,37.951222],[128.762917,37.965833],[128.763722,37.972472],[128.758722,37.975],[128.761222,37.981639],[128.751611,37.984528],[128.737889,37.998361],[128.739722,38.003278],[128.733861,38.011556],[128.738861,38.022389],[128.727667,38.024528],[128.700083,38.045306],[128.678889,38.069111],[128.678028,38.08325],[128.641,38.113639],[128.634694,38.119917],[128.631833,38.129528],[128.627611,38.1295],[128.613917,38.145778],[128.61225,38.167417],[128.608861,38.172444],[128.617222,38.181556],[128.602194,38.194889],[128.596444,38.206556],[128.597667,38.211194],[128.604306,38.210361],[128.605528,38.213278],[128.59925,38.216167],[128.564639,38.255778],[128.550417,38.289944],[128.553806,38.294944],[128.5505,38.299111],[128.552944,38.304083],[128.534611,38.319056],[128.532139,38.334111],[128.520472,38.341556],[128.513806,38.351611],[128.5155,38.356583],[128.5105,38.364111],[128.516306,38.369139],[128.514667,38.372444],[128.497917,38.38575],[128.460444,38.429083],[128.457944,38.444056],[128.460917,38.447861],[128.468389,38.447028],[128.468806,38.45075],[128.443,38.477417],[128.441306,38.486556],[128.435889,38.487861],[128.427944,38.499083],[128.430444,38.504944],[128.423,38.508278],[128.424639,38.51075],[128.420444,38.516556],[128.4255,38.523278],[128.419583,38.524917],[128.408806,38.541583],[128.413,38.551611],[128.411306,38.556583],[128.408,38.557417],[128.405528,38.56575],[128.399306,38.567861],[128.370444,38.596583],[128.361333,38.613306],[128.36022238,38.61698067],[128.40704346,38.61517334],[128.40924072,38.61096191],[128.41296387,38.60742188],[128.41497803,38.605896],[128.41674805,38.60437012],[128.41802979,38.60327148],[128.4197998,38.60131836],[128.42199707,38.59887695],[128.42419434,38.59735107],[128.42596436,38.59576416],[128.42797852,38.59405518],[128.42950439,38.59295654],[128.43127441,38.59185791],[128.43347168,38.590271],[128.43566895,38.58850098],[128.43676758,38.58764648],[128.43829346,38.58569336],[128.44024658,38.5836792],[128.44158936,38.58148193],[128.44335938,38.57861328],[128.44488525,38.57641602],[128.44641113,38.57489014],[128.44799805,38.57312012],[128.44952393,38.57067871],[128.45080566,38.56872559],[128.4519043,38.56610107],[128.45281982,38.56347656],[128.45349121,38.56103516],[128.45391846,38.5581665],[128.45391846,38.5557251],[128.4543457,38.55352783],[128.4543457,38.55157471],[128.4543457,38.54937744],[128.45458984,38.54675293],[128.45568848,38.5458374],[128.45697021,38.54455566],[128.45898438,38.5425415],[128.46051025,38.54077148],[128.46203613,38.53857422],[128.46380615,38.53570557],[128.46466064,38.5333252],[128.46557617,38.53112793],[128.46643066,38.52868652],[128.4666748,38.52624512],[128.46691895,38.52404785],[128.46691895,38.52185059],[128.46820068,38.51965332],[128.46911621,38.5178833],[128.47064209,38.51507568],[128.47149658,38.51287842],[128.47302246,38.5111084],[128.47503662,38.50952148],[128.47790527,38.50671387],[128.47943115,38.50537109],[128.48077393,38.50317383],[128.4822998,38.50115967],[128.48358154,38.4987793],[128.48492432,38.49591064],[128.48577881,38.49285889],[128.4864502,38.49017334],[128.48822021,38.48864746],[128.48931885,38.4864502],[128.49084473,38.48425293],[128.49304199,38.48162842],[128.49481201,38.47918701],[128.49639893,38.47784424],[128.49835205,38.47631836],[128.50030518,38.47503662],[128.5020752,38.4732666],[128.50360107,38.47167969],[128.50494385,38.47015381],[128.50671387,38.46795654],[128.5078125,38.46643066],[128.50848389,38.46490479],[128.50958252,38.46270752],[128.51068115,38.46051025],[128.51135254,38.45782471],[128.51196289,38.45562744],[128.51220703,38.45391846],[128.51245117,38.4519043],[128.51245117,38.44995117],[128.51245117,38.44750977],[128.51196289,38.44488525],[128.51153564,38.44329834],[128.5111084,38.44177246],[128.51043701,38.4395752],[128.50933838,38.43737793],[128.50823975,38.43560791],[128.50714111,38.43389893],[128.50646973,38.43212891],[128.50823975,38.4296875],[128.51086426,38.42663574],[128.51263428,38.42462158],[128.51751709,38.42047119],[128.51922607,38.41888428],[128.52252197,38.41583252],[128.52520752,38.41363525],[128.52758789,38.41229248],[128.5291748,38.41143799],[128.53137207,38.40991211],[128.53399658,38.40771484],[128.53552246,38.40594482],[128.54126075,38.40026354],[128.5431152,38.39884036],[128.54364014,38.3984375],[128.54760742,38.39538574],[128.5507581,38.39241275],[128.55200195,38.39099121],[128.55358887,38.38897705],[128.55535889,38.38635254],[128.55664063,38.38323975],[128.55773926,38.38104248],[128.55841064,38.3793335],[128.55883789,38.37689209],[128.55908203,38.37426758],[128.55926514,38.37249756],[128.56036377,38.3671875],[128.56237793,38.36590576],[128.56390381,38.36499023],[128.56542969,38.36413574],[128.56719971,38.36303711],[128.56854248,38.36193848],[128.57022749,38.36039388],[128.57073975,38.35992432],[128.57336426,38.35754395],[128.57489014,38.35552979],[128.57647705,38.35375977],[128.57775879,38.35137939],[128.57867432,38.34985352],[128.57952881,38.34716797],[128.5802002,38.34539795],[128.58087158,38.34368896],[128.58215332,38.34191895],[128.58349609,38.33972168],[128.58502197,38.33752441],[128.58856201,38.33221436],[128.59094238,38.32824707],[128.5925293,38.32495117],[128.59423828,38.31988525],[128.59558105,38.3168335],[128.59844971,38.3104248],[128.60198975,38.30206299],[128.60308838,38.29968262],[128.60351563,38.2979126],[128.6050415,38.29174805],[128.60723877,38.28643799],[128.6083374,38.28515625],[128.61383057,38.27984619],[128.61761475,38.27655029],[128.61956787,38.27459717],[128.62091064,38.27282715],[128.62261963,38.27038574],[128.62353516,38.26867676],[128.6305542,38.25457764],[128.63165283,38.25238037],[128.63232422,38.24993896],[128.63299561,38.24798584],[128.63317871,38.24554443],[128.63342285,38.24299261],[128.63342285,38.24139404],[128.6338501,38.23828125],[128.63562012,38.23651123],[128.63763428,38.23455811],[128.63983154,38.23193359],[128.64154053,38.22924805],[128.6428833,38.22662354],[128.64398193,38.22442627],[128.64489746,38.22198486],[128.64508057,38.22027588],[128.64559478,38.21682019],[128.64599609,38.21411133],[128.6461792,38.21191406],[128.64660645,38.20922852],[128.64660645,38.20684814],[128.64727783,38.20440674],[128.64929199,38.20245361],[128.65319824,38.19781494],[128.65478516,38.19537354],[128.65563965,38.19342041],[128.65655518,38.19140625],[128.65740967,38.18902588],[128.65783691,38.18701172],[128.65826416,38.18481445],[128.6585083,38.18304443],[128.6585083,38.18084717],[128.6585083,38.1784668],[128.65808105,38.1751709],[128.65740967,38.17272949],[128.65698242,38.17120361],[128.65606689,38.16943359],[128.6552124,38.16741943],[128.65411377,38.16522217],[128.65435791,38.1630249],[128.65454102,38.16082764],[128.65545654,38.15734863],[128.65740967,38.15600586],[128.65893555,38.15490723],[128.66070557,38.15356445],[128.66247559,38.15203857],[128.66381836,38.15075684],[128.66577148,38.14898682],[128.66729736,38.14678955],[128.66882324,38.14501953],[128.67041016,38.14282227],[128.67260742,38.13995361],[128.67388916,38.13793945],[128.67498779,38.13574219],[128.67608643,38.13336182],[128.67767334,38.13201904],[128.67962646,38.13049316],[128.68182373,38.128479],[128.6831665,38.12719727],[128.68444824,38.12567139],[128.68536377,38.12457275],[128.68688965,38.12298584],[128.68951416,38.1217041],[128.69104004,38.12078857],[128.69281006,38.11993408],[128.69482422,38.11859131],[128.6963501,38.11730957],[128.69787598,38.11621094],[128.699646,38.1151123],[128.70074463,38.11376953],[128.7020874,38.11242676],[128.70336914,38.11090088],[128.7053833,38.10845947],[128.70690918,38.10583496],[128.7086792,38.10345459],[128.71020508,38.10186768],[128.71130371,38.1003418],[128.71264648,38.09857178],[128.71350098,38.09619141],[128.71502686,38.09350586],[128.71661377,38.09179688],[128.71722412,38.09020996],[128.71856689,38.0880127],[128.71990967,38.08514404],[128.72076416,38.08276367],[128.7210083,38.08123779],[128.72143555,38.07965088],[128.72161865,38.07727051],[128.72363281,38.07507324],[128.72540283,38.07305908],[128.72668457,38.07196045],[128.72827148,38.07019043],[128.7310791,38.06756592],[128.7333374,38.0657959],[128.74499512,38.05743408],[128.74914551,38.05657959],[128.75268555,38.05523682],[128.75463867,38.05480957],[128.75665283,38.05395508],[128.75817871,38.05303955],[128.75970459,38.05236816],[128.7623291,38.05084229],[128.76452637,38.04931641],[128.76654053,38.04779053],[128.77001953,38.04467773],[128.77178955,38.04315186],[128.77288818,38.04180908],[128.7744751,38.03961182],[128.77667236,38.03674316],[128.777771,38.03436279],[128.77886963,38.03149414],[128.77947998,38.02905273],[128.78015137,38.02667236],[128.78057861,38.02398682],[128.78082275,38.02069092],[128.78082275,38.01831055],[128.78173828,38.01654053],[128.78344727,38.01501465],[128.78503418,38.01342773],[128.78613281,38.012146],[128.78803411,38.0110912],[128.78961182,38.00994873],[128.79180908,38.00836182],[128.79425049,38.00683594],[128.79577637,38.00506592],[128.79730225,38.00378418],[128.79864502,38.00244141],[128.79974365,38.00091553],[128.80084229,37.99957275],[128.80194092,37.99829102],[128.80303955,37.99694824],[128.80395508,37.99542236],[128.80480957,37.99389648],[128.8059082,37.99163818],[128.8067627,37.98901367],[128.80743408,37.98638916],[128.80810547,37.98376465],[128.80877686,37.98156738],[128.8092041,37.97998047],[128.80963135,37.9776001],[128.81182861,37.97607422],[128.81427002,37.9744873],[128.81604004,37.97363281],[128.81756592,37.97253418],[128.81890869,37.97143555],[128.82019043,37.97033691],[128.8215332,37.96923828],[128.82348633,37.9677124],[128.82550049,37.965271],[128.82727051,37.96331787],[128.82897949,37.96105957],[128.83032227,37.9586792],[128.83123779,37.95715332],[128.83209229,37.95471191],[128.83294678,37.9520874],[128.83361816,37.94897461],[128.84020996,37.94281006],[128.84289551,37.94104004],[128.84484863,37.9397583],[128.84661865,37.93884277],[128.84857178,37.93798828],[128.85015869,37.93713379],[128.85186768,37.93621826],[128.8536377,37.93554688],[128.85565186,37.93444824],[128.85760498,37.93334961],[128.85955811,37.93206787],[128.86132813,37.9307251],[128.86334229,37.92877197],[128.86572266,37.92657471],[128.86749268,37.92437744],[128.86883545,37.92260742],[128.86993408,37.92059326],[128.87145996,37.91796875]]]]},"geometry_name":"the_geom","properties":{"id":"Shp_WRN2_POLY.44","BLN_Flag":"","Id_1":"811","LAYER":"","STD_ID1":"","WarnCode":"S2120600","name":"강원북부연안바다"}},{"type":"Feature","id":"warnArea2Poly202106.46","geometry":{"type":"MultiPolygon","coordinates":[[[[129.465271,36.63128662],[129.46331787,36.62908936],[129.46112061,36.62652588],[129.45910645,36.62371826],[129.45727539,36.61950684],[129.45648193,36.61627197],[129.45751953,36.61291504],[129.45812988,36.60968018],[129.45849609,36.60668945],[129.4586792,36.60369873],[129.45849609,36.6005249],[129.45812988,36.59710693],[129.45727539,36.59307861],[129.45892334,36.58929443],[129.46289063,36.58569336],[129.46551514,36.58312988],[129.46807861,36.58111572],[129.47009277,36.57867432],[129.47247314,36.57592773],[129.47467041,36.57312012],[129.47631836,36.57067871],[129.47827148,36.56768799],[129.48010254,36.56451416],[129.48132324,36.56152344],[129.4822998,36.55792236],[129.48309326,36.55291748],[129.48327637,36.54931641],[129.48309326,36.54608154],[129.48327637,36.54290771],[129.48309326,36.53869629],[129.48413086,36.53387451],[129.48712158,36.53009033],[129.48968506,36.5269165],[129.49230957,36.52270508],[129.49389648,36.51928711],[129.49468994,36.51593018],[129.4954834,36.51287842],[129.49591064,36.50891113],[129.49572754,36.50531006],[129.49511719,36.50152588],[129.49371338,36.49768066],[129.49230957,36.49450684],[129.49108887,36.49169922],[129.4888916,36.4888916],[129.48748779,36.48608398],[129.48669434,36.48168945],[129.48529053,36.47790527],[129.48388672,36.47491455],[129.48187256,36.47192383],[129.48010254,36.46807861],[129.48028564,36.46472168],[129.48028564,36.46130371],[129.47967529,36.45709229],[129.47888184,36.4519043],[129.47930908,36.44671631],[129.47888184,36.44268799],[129.47808838,36.4387207],[129.47808838,36.43408203],[129.47869873,36.43011475],[129.47869873,36.42572021],[129.47808838,36.42150879],[129.47668457,36.41607666],[129.47570801,36.41290283],[129.4743042,36.40991211],[129.47271729,36.40649414],[129.47192383,36.40270996],[129.47088623,36.39929199],[129.46948242,36.39611816],[129.4666748,36.39190674],[129.46411133,36.38848877],[129.46191406,36.38592529],[129.45947266,36.38348389],[129.45648193,36.38031006],[129.44787598,36.37011719],[129.44567871,36.36651611],[129.44207764,36.36090088],[129.43988037,36.35772705],[129.43572998,36.35211182],[129.43511963,36.3493042],[129.43432617,36.34649658],[129.43292236,36.34387207],[129.4309082,36.34008789],[129.42932129,36.33569336],[129.42791748,36.33288574],[129.42608643,36.32910156],[129.42468262,36.32647705],[129.42492676,36.32287598],[129.42449951,36.31768799],[129.42327881,36.3125],[129.42272949,36.30889893],[129.42211914,36.30371094],[129.42230225,36.29968262],[129.42230225,36.29589844],[129.42230225,36.29290771],[129.421875,36.28808594],[129.42272949,36.2835083],[129.42352295,36.27947998],[129.42370605,36.27490234],[129.42327881,36.27032471],[129.42291006,36.26804227],[129.37751412,36.26807556],[129.377889,36.270833],[129.382083,36.276667],[129.375417,36.288361],[129.380389,36.293306],[129.381278,36.331667],[129.384528,36.343333],[129.388722,36.346639],[129.388722,36.358333],[129.407111,36.381667],[129.408778,36.389111],[129.414194,36.391278],[129.429528,36.408333],[129.437111,36.426611],[129.433722,36.436667],[129.437139,36.469167],[129.433722,36.482444],[129.444583,36.488306],[129.447944,36.503306],[129.452917,36.505861],[129.452444,36.508778],[129.447917,36.509139],[129.442083,36.523306],[129.440389,36.550778],[129.419583,36.5725],[129.41125,36.589167],[129.412056,36.599139],[129.417056,36.6025],[129.41375,36.621639],[129.41875,36.638333],[129.42170555,36.64167608],[129.465271,36.63128662]]]]},"geometry_name":"the_geom","properties":{"id":"Shp_WRN2_POLY.45","BLN_Flag":"","Id_1":"732","LAYER":"","STD_ID1":"","WarnCode":"S2120100","name":"경북불부앞바다중 영덕연안바다"}},{"type":"Feature","id":"warnArea2Poly202106.47","geometry":{"type":"MultiPolygon","coordinates":[[[[126.28822905,33.46664582],[126.29844059,33.44735362],[126.298157,33.447094],[126.297569,33.447094],[126.29747328,33.44719016],[126.296692,33.447975],[126.295815,33.447094],[126.293465,33.447094],[126.292587,33.446213],[126.291702,33.446213],[126.290825,33.445335],[126.287598,33.445335],[126.28672,33.446213],[126.284081,33.446213],[126.282616,33.444454],[126.277328,33.444454],[126.276161,33.443279],[126.276161,33.442402],[126.275276,33.441521],[126.275276,33.439175],[126.274689,33.438293],[126.274399,33.437412],[126.274101,33.437119],[126.273224,33.438],[126.272346,33.438],[126.271759,33.438881],[126.269997,33.438587],[126.268234,33.437119],[126.265007,33.437119],[126.26413,33.436241],[126.26178,33.436241],[126.2612,33.435947],[126.2612,33.435066],[126.262077,33.434189],[126.262077,33.431839],[126.262955,33.430962],[126.262955,33.429199],[126.26384,33.428322],[126.26384,33.426559],[126.262955,33.425678],[126.262955,33.425095],[126.2612,33.423332],[126.262077,33.422451],[126.262077,33.420692],[126.2612,33.420105],[126.2612,33.419228],[126.260315,33.418346],[126.260315,33.416584],[126.25885,33.415119],[126.25885,33.414238],[126.255035,33.410423],[126.253273,33.410423],[126.251221,33.408371],[126.251221,33.40749],[126.250633,33.4072],[126.250046,33.4072],[126.248878,33.405731],[126.248878,33.403385],[126.247406,33.401917],[126.244179,33.40221],[126.240074,33.397812],[126.239197,33.397812],[126.236557,33.395466],[126.235672,33.395466],[126.23333,33.392822],[126.232445,33.392822],[126.231567,33.391945],[126.229218,33.391945],[126.22834,33.392822],[126.2257,33.392822],[126.225113,33.391945],[126.222473,33.391945],[126.222183,33.391651],[126.222183,33.39077],[126.221298,33.389889],[126.221298,33.389301],[126.219246,33.386955],[126.218369,33.386955],[126.215729,33.384609],[126.214844,33.384609],[126.213676,33.383434],[126.213676,33.380795],[126.214554,33.379917],[126.214554,33.379036],[126.213379,33.377865],[126.212502,33.377865],[126.211617,33.376984],[126.210739,33.376984],[126.209862,33.376396],[126.208389,33.376102],[126.207512,33.375515],[126.20575,33.375221],[126.20546,33.374928],[126.20546,33.37405],[126.203697,33.372581],[126.203697,33.3717],[126.203407,33.371117],[126.202522,33.371117],[126.198418,33.367008],[126.195778,33.367008],[126.194901,33.366127],[126.193436,33.366421],[126.191673,33.364662],[126.189911,33.364662],[126.187569,33.362022],[126.186684,33.362022],[126.185806,33.361141],[126.182579,33.361141],[126.180229,33.359089],[126.180527,33.358208],[126.181114,33.357327],[126.180527,33.356743],[126.180527,33.349995],[126.179642,33.349113],[126.179642,33.348232],[126.179054,33.347939],[126.178474,33.347939],[126.175835,33.345299],[126.17495,33.345299],[126.174072,33.344715],[126.171722,33.344421],[126.170845,33.343834],[126.16674,33.343834],[126.165268,33.342365],[126.165268,33.3409],[126.166153,33.340019],[126.165268,33.339142],[126.165268,33.338261],[126.164978,33.337967],[126.162628,33.337967],[126.162041,33.337379],[126.162926,33.336792],[126.162926,33.335033],[126.165268,33.332394],[126.165268,33.330925],[126.164978,33.330338],[126.164093,33.330338],[126.163216,33.32946],[126.162628,33.32946],[126.162041,33.329166],[126.162041,33.326527],[126.164093,33.324471],[126.16674,33.324471],[126.16703,33.324181],[126.16703,33.323299],[126.166153,33.322418],[126.166153,33.321831],[126.168793,33.319191],[126.168793,33.318314],[126.166153,33.315964],[126.166153,33.312447],[126.165268,33.311565],[126.165268,33.310978],[126.164978,33.31039],[126.164093,33.31039],[126.163803,33.310097],[126.163803,33.30658],[126.16468,33.305698],[126.164391,33.305111],[126.165268,33.30423],[126.165268,33.303352],[126.166153,33.302471],[126.166153,33.30159],[126.16703,33.300709],[126.16703,33.299244],[126.16674,33.298656],[126.165855,33.298656],[126.164093,33.297192],[126.163216,33.297192],[126.161163,33.295135],[126.161163,33.290737],[126.162041,33.289856],[126.162041,33.288391],[126.164978,33.285458],[126.165855,33.285458],[126.16674,33.284576],[126.167618,33.284576],[126.168793,33.283401],[126.168793,33.28235449],[126.168793,33.281643],[126.170258,33.279881],[126.170258,33.278416],[126.171135,33.277534],[126.171135,33.275776],[126.17202,33.274895],[126.17202,33.274014],[126.172897,33.273136],[126.172897,33.272549],[126.173187,33.271961],[126.174072,33.271961],[126.175835,33.270496],[126.176712,33.270496],[126.179642,33.267563],[126.179642,33.2658],[126.180527,33.264919],[126.180527,33.264042],[126.181114,33.263161],[126.181114,33.262573],[126.182869,33.260815],[126.182869,33.259933],[126.183167,33.25964],[126.184044,33.25964],[126.185806,33.257881],[126.187569,33.257881],[126.188446,33.257],[126.189034,33.257],[126.189911,33.256413],[126.190788,33.256123],[126.193436,33.253773],[126.194313,33.253773],[126.196655,33.251133],[126.19754,33.251133],[126.199005,33.249668],[126.199883,33.249668],[126.201645,33.247906],[126.202522,33.247906],[126.20311,33.247028],[126.204285,33.247028],[126.204872,33.246147],[126.206635,33.246147],[126.208389,33.244678],[126.210152,33.244678],[126.210739,33.243801],[126.216606,33.243801],[126.217484,33.24292],[126.220711,33.24292],[126.222473,33.241158],[126.227463,33.241158],[126.22805,33.240868],[126.22805,33.239105],[126.229805,33.237053],[126.231567,33.237053],[126.232445,33.236172],[126.234207,33.236172],[126.235382,33.235001],[126.235382,33.233238],[126.236259,33.232361],[126.236259,33.231773],[126.238312,33.229717],[126.239197,33.229424],[126.239487,33.229134],[126.239487,33.227371],[126.240372,33.226784],[126.240372,33.225025],[126.243301,33.222092],[126.244179,33.222092],[126.245064,33.22121],[126.249168,33.22121],[126.250046,33.220329],[126.250931,33.220329],[126.251221,33.220039],[126.251221,33.2174],[126.252106,33.216812],[126.252106,33.213291],[126.253273,33.212116],[126.254158,33.212116],[126.255035,33.211239],[126.255913,33.211239],[126.256798,33.210358],[126.257385,33.211239],[126.260902,33.211239],[126.26178,33.210358],[126.262367,33.210358],[126.26384,33.209183],[126.26384,33.207424],[126.262955,33.206543],[126.262955,33.205078],[126.262077,33.204197],[126.262077,33.203316],[126.2612,33.202438],[126.2612,33.200089],[126.26178,33.199505],[126.262665,33.199505],[126.265007,33.197155],[126.265892,33.197155],[126.266769,33.196278],[126.267357,33.196278],[126.268234,33.195396],[126.269997,33.195396],[126.270874,33.194515],[126.271759,33.195396],[126.272346,33.195396],[126.273224,33.196278],[126.274101,33.196278],[126.274399,33.196571],[126.274689,33.197449],[126.274986,33.197742],[126.275864,33.197742],[126.278214,33.200382],[126.279968,33.200382],[126.280853,33.201263],[126.281731,33.201263],[126.282616,33.200382],[126.284081,33.200382],[126.285545,33.199211],[126.285255,33.197449],[126.287308,33.195396],[126.290825,33.195396],[126.291702,33.196278],[126.292587,33.196278],[126.293175,33.197155],[126.294052,33.197155],[126.29426144,33.19725972],[126.29427917,33.17800643],[126.29370117,33.17791748],[126.29089355,33.17767334],[126.28790283,33.17767334],[126.2853394,33.17792356],[126.27062452,33.18115372],[126.2589142,33.17947706],[126.25567627,33.18109131],[126.253479,33.18212891],[126.25170898,33.18328857],[126.24969482,33.18469238],[126.24749756,33.18609619],[126.24591064,33.18768311],[126.24407959,33.18988037],[126.24267578,33.19171143],[126.24188232,33.19329834],[126.24108887,33.1953125],[126.24029541,33.19732666],[126.2388916,33.19848633],[126.23687744,33.19952393],[126.23510742,33.20092773],[126.23309326,33.20288086],[126.23150635,33.20489502],[126.23010254,33.20709229],[126.22888184,33.20892334],[126.22668457,33.21032715],[126.2244873,33.21191406],[126.22332764,33.21368408],[126.22210693,33.21508789],[126.22052002,33.2166748],[126.21946874,33.21782165],[126.21850586,33.21887207],[126.21728516,33.22052002],[126.21612549,33.22210693],[126.21447754,33.22332764],[126.21289063,33.22387695],[126.21087646,33.22387695],[126.20892334,33.22412109],[126.20648193,33.22467041],[126.20428467,33.22528076],[126.20269775,33.22589111],[126.20111084,33.22650146],[126.19970703,33.22729492],[126.19812012,33.22808838],[126.1953125,33.22912598],[126.19311523,33.22967529],[126.18988037,33.23132324],[126.18829346,33.2322998],[126.18609619,33.23370361],[126.18389893,33.23547363],[126.18188477,33.23669434],[126.18011475,33.23809814],[126.17828369,33.23968506],[126.17669678,33.24090576],[126.17510986,33.24188232],[126.17352295,33.24291992],[126.17169189,33.24432373],[126.16967773,33.24591064],[126.16809082,33.24707031],[126.16650391,33.24847412],[126.16467285,33.25030518],[126.16308594,33.25231934],[126.16131592,33.25531006],[126.16027832,33.25750732],[126.15869141,33.25909424],[126.15570068,33.26171875],[126.15393066,33.26348877],[126.15228271,33.26550293],[126.15087891,33.2677002],[126.15008545,33.26947021],[126.14910889,33.27130127],[126.14770508,33.27252197],[126.14611816,33.27392578],[126.144104,33.27587891],[126.1428833,33.27770996],[126.14190674,33.27929688],[126.14129639,33.28088379],[126.14093018,33.28289795],[126.14068604,33.28491211],[126.14031982,33.28668213],[126.13989258,33.28833008],[126.13952637,33.2901001],[126.13928223,33.29248047],[126.13940139,33.29405938],[126.13952637,33.29571533],[126.13970947,33.29730225],[126.14031982,33.29907227],[126.14129639,33.30133057],[126.14227295,33.30310059],[126.14208984,33.3057251],[126.14208984,33.30810547],[126.14227295,33.30987549],[126.14251709,33.31170654],[126.1428833,33.31347656],[126.14349365,33.31610107],[126.14208984,33.31890869],[126.14147949,33.32171631],[126.14093018,33.32647705],[126.14050293,33.32867432],[126.14007568,33.33087158],[126.13952637,33.33331299],[126.13909912,33.33612061],[126.13928223,33.33868408],[126.14007568,33.34191895],[126.14068604,33.34350586],[126.1427002,33.34667969],[126.1439209,33.34851074],[126.14532471,33.34967041],[126.14691162,33.35107422],[126.14807129,33.35247803],[126.14971924,33.35449219],[126.15112305,33.35650635],[126.15252686,33.35809326],[126.15429688,33.35931396],[126.15667725,33.36071777],[126.15911865,33.36248779],[126.16009521,33.3651123],[126.16107178,33.36669922],[126.16271973,33.36871338],[126.16552734,33.371521],[126.16772461,33.37329102],[126.16992188,33.37451172],[126.17132568,33.37548828],[126.1730957,33.37652588],[126.17529297,33.37768555],[126.17730713,33.37872314],[126.17889404,33.3795166],[126.1809082,33.38012695],[126.18292236,33.38067627],[126.18591309,33.38153076],[126.18792725,33.38232422],[126.18927002,33.38348389],[126.19128418,33.38531494],[126.19250488,33.38647461],[126.19329834,33.38830566],[126.19451904,33.39007568],[126.19550503,33.39130817],[126.19647217,33.39251709],[126.19873047,33.39428711],[126.20007324,33.39532471],[126.20147705,33.39648438],[126.20330811,33.39807129],[126.20507813,33.4005127],[126.20690918,33.40228271],[126.20831299,33.40350342],[126.21032715,33.40490723],[126.21209717,33.40588379],[126.21392822,33.40667725],[126.2166748,33.40771484],[126.21887207,33.40869141],[126.22131348,33.40948486],[126.22351074,33.41052246],[126.22509766,33.41210938],[126.22650146,33.41333008],[126.22888184,33.4151001],[126.23150635,33.41668701],[126.2321167,33.41912842],[126.23248291,33.42089844],[126.23309326,33.42272949],[126.23431396,33.42510986],[126.23571777,33.42730713],[126.23730469,33.42871094],[126.2387085,33.43127441],[126.23950195,33.43328857],[126.2399292,33.43548584],[126.2401123,33.43707275],[126.24072266,33.43908691],[126.24127197,33.44091797],[126.24249268,33.44287109],[126.24371338,33.4453125],[126.24511719,33.44708252],[126.2467041,33.44891357],[126.24810791,33.45007324],[126.24969482,33.45111084],[126.25109863,33.4520874],[126.25311279,33.45288086],[126.25549316,33.45367432],[126.25952148,33.45471191],[126.26147461,33.45507813],[126.26330566,33.45629883],[126.26593018,33.45812988],[126.26831055,33.45947266],[126.28749492,33.46803278],[126.28822905,33.46664582]]]]},"geometry_name":"the_geom","properties":{"id":"Shp_WRN2_POLY.46","BLN_Flag":"","Id_1":"******","LAYER":"","STD_ID1":"","WarnCode":"S2320600","name":"제주도서부앞바다 중 연안바다"}},{"type":"Feature","id":"warnArea2Poly202106.48","geometry":{"type":"MultiPolygon","coordinates":[[[[126.29426144,33.19725972],[126.29427917,33.17800643],[126.29370117,33.17791748],[126.29089355,33.17767334],[126.28790283,33.17767334],[126.2853394,33.17792356],[126.27062452,33.18115372],[126.2589142,33.17947706],[126.25567627,33.18109131],[126.253479,33.18212891],[126.25170898,33.18328857],[126.24969482,33.18469238],[126.24749756,33.18609619],[126.24591064,33.18768311],[126.24407959,33.18988037],[126.24267578,33.19171143],[126.24188232,33.19329834],[126.24108887,33.1953125],[126.24029541,33.19732666],[126.2388916,33.19848633],[126.23687744,33.19952393],[126.23510742,33.20092773],[126.23309326,33.20288086],[126.23150635,33.20489502],[126.23010254,33.20709229],[126.22888184,33.20892334],[126.22668457,33.21032715],[126.2244873,33.21191406],[126.22332764,33.21368408],[126.22210693,33.21508789],[126.22052002,33.2166748],[126.21946874,33.21782165],[126.21850586,33.21887207],[126.21728516,33.22052002],[126.21612549,33.22210693],[126.21447754,33.22332764],[126.21289063,33.22387695],[126.21087646,33.22387695],[126.20892334,33.22412109],[126.20648193,33.22467041],[126.20428467,33.22528076],[126.20269775,33.22589111],[126.20111084,33.22650146],[126.19970703,33.22729492],[126.19812012,33.22808838],[126.1953125,33.22912598],[126.19311523,33.22967529],[126.18988037,33.23132324],[126.18829346,33.2322998],[126.18609619,33.23370361],[126.18389893,33.23547363],[126.18188477,33.23669434],[126.18011475,33.23809814],[126.17828369,33.23968506],[126.17669678,33.24090576],[126.17510986,33.24188232],[126.17352295,33.24291992],[126.17169189,33.24432373],[126.16967773,33.24591064],[126.16809082,33.24707031],[126.16650391,33.24847412],[126.16467285,33.25030518],[126.16308594,33.25231934],[126.16131592,33.25531006],[126.16027832,33.25750732],[126.15869141,33.25909424],[126.15570068,33.26171875],[126.15393066,33.26348877],[126.15228271,33.26550293],[126.15087891,33.2677002],[126.15008545,33.26947021],[126.1682,33.2816],[126.168793,33.28235449],[126.168793,33.281643],[126.170258,33.279881],[126.170258,33.278416],[126.171135,33.277534],[126.171135,33.275776],[126.17202,33.274895],[126.17202,33.274014],[126.172897,33.273136],[126.172897,33.272549],[126.173187,33.271961],[126.174072,33.271961],[126.175835,33.270496],[126.176712,33.270496],[126.179642,33.267563],[126.179642,33.2658],[126.180527,33.264919],[126.180527,33.264042],[126.181114,33.263161],[126.181114,33.262573],[126.182869,33.260815],[126.182869,33.259933],[126.183167,33.25964],[126.184044,33.25964],[126.185806,33.257881],[126.187569,33.257881],[126.188446,33.257],[126.189034,33.257],[126.189911,33.256413],[126.190788,33.256123],[126.193436,33.253773],[126.194313,33.253773],[126.196655,33.251133],[126.19754,33.251133],[126.199005,33.249668],[126.199883,33.249668],[126.201645,33.247906],[126.202522,33.247906],[126.20311,33.247028],[126.204285,33.247028],[126.204872,33.246147],[126.206635,33.246147],[126.208389,33.244678],[126.210152,33.244678],[126.210739,33.243801],[126.216606,33.243801],[126.217484,33.24292],[126.220711,33.24292],[126.222473,33.241158],[126.227463,33.241158],[126.22805,33.240868],[126.22805,33.239105],[126.229805,33.237053],[126.231567,33.237053],[126.232445,33.236172],[126.234207,33.236172],[126.235382,33.235001],[126.235382,33.233238],[126.236259,33.232361],[126.236259,33.231773],[126.238312,33.229717],[126.239197,33.229424],[126.239487,33.229134],[126.239487,33.227371],[126.240372,33.226784],[126.240372,33.225025],[126.243301,33.222092],[126.244179,33.222092],[126.245064,33.22121],[126.249168,33.22121],[126.250046,33.220329],[126.250931,33.220329],[126.251221,33.220039],[126.251221,33.2174],[126.252106,33.216812],[126.252106,33.213291],[126.253273,33.212116],[126.254158,33.212116],[126.255035,33.211239],[126.255913,33.211239],[126.256798,33.210358],[126.257385,33.211239],[126.260902,33.211239],[126.26178,33.210358],[126.262367,33.210358],[126.26384,33.209183],[126.26384,33.207424],[126.262955,33.206543],[126.262955,33.205078],[126.262077,33.204197],[126.262077,33.203316],[126.2612,33.202438],[126.2612,33.200089],[126.26178,33.199505],[126.262665,33.199505],[126.265007,33.197155],[126.265892,33.197155],[126.266769,33.196278],[126.267357,33.196278],[126.268234,33.195396],[126.269997,33.195396],[126.270874,33.194515],[126.271759,33.195396],[126.272346,33.195396],[126.273224,33.196278],[126.274101,33.196278],[126.274399,33.196571],[126.274689,33.197449],[126.274986,33.197742],[126.275864,33.197742],[126.278214,33.200382],[126.279968,33.200382],[126.280853,33.201263],[126.281731,33.201263],[126.282616,33.200382],[126.284081,33.200382],[126.285545,33.199211],[126.285255,33.197449],[126.287308,33.195396],[126.290825,33.195396],[126.291702,33.196278],[126.292587,33.196278],[126.293175,33.197155],[126.294052,33.197155],[126.29426144,33.19725972]]]]},"geometry_name":"the_geom","properties":{"id":"Shp_WRN2_POLY.47","BLN_Flag":"","Id_1":"******","LAYER":"","STD_ID1":"","WarnCode":"S2320620","name":"제주도서부앞바다 중 남서연안바다"}},{"type":"Feature","id":"warnArea2Poly202106.49","geometry":{"type":"MultiPolygon","coordinates":[[[[125.68326897,37.97766971],[125.79581571,37.97036371],[125.793722,37.9675],[125.791278,37.956639],[125.801611,37.947056],[125.816694,37.942083],[125.8325,37.952111],[125.83375,37.944972],[125.827917,37.939972],[125.831278,37.929139],[125.837472,37.92125],[125.847944,37.920833],[125.845806,37.912083],[125.8625,37.908694],[125.866222,37.905],[125.864139,37.901222],[125.859556,37.900806],[125.862944,37.893361],[125.874139,37.892889],[125.883722,37.879972],[125.880389,37.877472],[125.886639,37.876222],[125.893694,37.869139],[125.892917,37.8525],[125.902917,37.848306],[125.8975,37.847861],[125.895861,37.841222],[125.905028,37.842889],[125.913333,37.837917],[125.91890719,37.83978815],[125.920861,37.840444],[125.920806,37.837056],[125.925833,37.83625],[125.933306,37.847056],[125.951667,37.840417],[125.951222,37.836639],[125.95330945,37.83483784],[125.9575,37.831222],[125.986639,37.831222],[125.98875,37.835],[125.985861,37.837083],[125.976694,37.837889],[125.97469565,37.8393001],[125.965444,37.845833],[125.964639,37.851639],[125.972083,37.856667],[125.974583,37.863333],[125.965361,37.863361],[125.967889,37.8725],[125.961667,37.881222],[125.956194,37.883306],[125.96,37.886194],[125.966667,37.887056],[125.978333,37.882944],[125.9825,37.889583],[125.987528,37.888694],[125.991222,37.878306],[126.000917,37.871889],[126.001972,37.861556],[126.021556,37.848667],[126.033611,37.857444],[126.042389,37.876139],[126.049944,37.8745],[126.049528,37.86575],[126.053639,37.858222],[126.051944,37.842417],[126.057861,37.826583],[126.053667,37.815722],[126.059111,37.806139],[126.069944,37.807028],[126.077861,37.799056],[126.078222,37.792833],[126.085306,37.790778],[126.087389,37.782],[126.091583,37.779472],[126.096944,37.782417],[126.086222,37.754917],[126.102444,37.750333],[126.106556,37.751972],[126.127444,37.743639],[126.150722,37.742806],[126.158694,37.74575],[126.160278,37.769944],[126.168639,37.781583],[126.1495,37.81075],[126.146139,37.82825],[126.158194,37.837861],[126.172444,37.842833],[126.175778,37.840361],[126.192389,37.843667],[126.19575,37.846944],[126.213278,37.850278],[126.244056,37.852833],[126.264056,37.841167],[126.269083,37.841972],[126.273222,37.848639],[126.275722,37.845333],[126.285806,37.847806],[126.309917,37.865333],[126.339944,37.878611],[126.352417,37.882],[126.371528,37.880306],[126.374083,37.883667],[126.38825,37.887028],[126.409472,37.909861],[126.40575,37.917],[126.397,37.917361],[126.394889,37.924472],[126.410722,37.923639],[126.417833,37.919028],[126.417,37.90575],[126.409556,37.899917],[126.402833,37.883222],[126.423667,37.86325],[126.42325,37.8545],[126.430806,37.855333],[126.449889,37.847806],[126.454083,37.848639],[126.457417,37.843611],[126.467833,37.83825],[126.468222,37.820333],[126.494944,37.820333],[126.531583,37.801944],[126.539111,37.801194],[126.562472,37.788611],[126.573306,37.772028],[126.594083,37.772],[126.618278,37.792861],[126.644083,37.792806],[126.652444,37.789472],[126.652833,37.810722],[126.67134651,37.83451682],[126.67144103,37.81488894],[126.6771193,37.81490472],[126.67697811,37.79328157],[126.67153725,37.79326646],[126.67163336,37.77164389],[126.67535758,37.77148927],[126.67711691,37.7696849],[126.67734849,37.76245791],[126.68302505,37.76193845],[126.68309099,37.74659676],[126.67693594,37.74656983],[126.67543327,37.75295261],[126.66510622,37.76932801],[126.66303421,37.78068308],[126.63207755,37.78094147],[126.61920847,37.77585509],[126.60475873,37.76529322],[126.59377284,37.76115639],[126.57534546,37.7627039],[126.56762984,37.76827967],[126.55468059,37.77761919],[126.53721428,37.78443489],[126.52278345,37.79009816],[126.51799797,37.77706894],[126.51704986,37.7710287],[126.52450059,37.76845535],[126.5220215,37.76745424],[126.51967142,37.76582296],[126.51835159,37.76284442],[126.5208325,37.76002557],[126.52645567,37.75557064],[126.52865097,37.75296671],[126.5299682,37.75102593],[126.53103468,37.74746241],[126.53011162,37.74630551],[126.5298215,37.74196177],[126.52704537,37.73430151],[126.5256954,37.73075532],[126.52302506,37.72441079],[126.52195544,37.7196584],[126.52168055,37.716558],[126.52162575,37.71450359],[126.52245599,37.71238071],[126.52361227,37.7106916],[126.52446864,37.7097851],[126.52690166,37.70882188],[126.52908898,37.70725399],[126.53090615,37.70502687],[126.53193384,37.70210285],[126.53294842,37.69584522],[126.53361826,37.6939018],[126.533667,37.689944],[126.53326283,37.68551243],[126.53172349,37.68152406],[126.53141416,37.68024345],[126.53026151,37.67787833],[126.52936984,37.67727112],[126.52682722,37.6742517],[126.52872763,37.67307907],[126.53056561,37.67280712],[126.5327807,37.67205012],[126.53583526,37.67117027],[126.53716622,37.67040068],[126.53870039,37.66975802],[126.53961007,37.66928407],[126.54019285,37.66852054],[126.53956803,37.66692338],[126.53963101,37.66590554],[126.54063416,37.66497247],[126.54246435,37.66408764],[126.54375126,37.66307455],[126.54335739,37.66077555],[126.54347404,37.66023543],[126.54239936,37.65991591],[126.54181573,37.65899466],[126.53161766,37.6551614],[126.537833,37.642417],[126.547,37.636556],[126.55357985,37.62303715],[126.55688045,37.60899444],[126.5609135,37.60109901],[126.56577753,37.60395513],[126.57367545,37.59917282],[126.5774983,37.60397079],[126.58157148,37.60058868],[126.590389,37.599111],[126.59023289,37.59673597],[126.59083132,37.59499015],[126.59156456,37.59301182],[126.57345432,37.59033342],[126.54220838,37.58080428],[126.51756381,37.57443776],[126.30844494,37.56341893],[126.25903967,37.55671715],[125.69255166,37.65216041],[125.69189335,37.65313005],[125.69189423,37.65317827],[125.69197475,37.65321957],[125.69200411,37.65325299],[125.69220783,37.65342904],[125.69240689,37.65359449],[125.69253425,37.65369503],[125.6931724,37.65414897],[125.69301031,37.65433186],[125.69361441,37.65440749],[125.69542948,37.65476366],[125.69574432,37.65529847],[125.69649518,37.6567835],[125.69671269,37.65668355],[125.69677898,37.65661941],[125.69683888,37.65664316],[125.697775,37.65744253],[125.69767993,37.65728861],[125.70069307,37.65883882],[125.70066094,37.65885675],[125.70085243,37.65921354],[125.70095058,37.65953205],[125.70112123,37.65986339],[125.70163797,37.65969536],[125.70259572,37.65981671],[125.70318999,37.66029881],[125.70323849,37.66025967],[125.70327158,37.66028584],[125.70323976,37.66031112],[125.7036505,37.66065039],[125.70368393,37.66062507],[125.70371731,37.66065247],[125.70366714,37.66069151],[125.70430335,37.66120801],[125.70435452,37.66116848],[125.70438784,37.66119606],[125.70435822,37.66122109],[125.70476635,37.66155285],[125.7048016,37.66152782],[125.70483323,37.66155558],[125.70478449,37.66159531],[125.70679903,37.66325338],[125.7061386,37.66374716],[125.705945,37.66375999],[125.70593835,37.6638466],[125.70618348,37.664211],[125.70696078,37.6646988],[125.70735604,37.6649296],[125.70792092,37.66521124],[125.70847052,37.66543337],[125.70906908,37.66557755],[125.70927388,37.66561059],[125.70929964,37.6656311],[125.70932683,37.66605331],[125.70977717,37.66615332],[125.70976414,37.66617595],[125.70945827,37.66638841],[125.70932097,37.66709573],[125.7092787,37.66720486],[125.70927092,37.66730762],[125.70925481,37.66737218],[125.70926673,37.66744346],[125.70931679,37.66747229],[125.70938704,37.66761009],[125.70955443,37.66785189],[125.70971439,37.66824406],[125.70999033,37.66884212],[125.71056067,37.66947253],[125.71056106,37.6695553],[125.71073472,37.67008581],[125.71098943,37.67034802],[125.71133271,37.67067214],[125.71168542,37.67101777],[125.71191676,37.67124548],[125.71249354,37.67181797],[125.71288278,37.67206877],[125.71465014,37.67233923],[125.71610549,37.67343078],[125.71658963,37.67437452],[125.71627418,37.67465204],[125.71638423,37.67511281],[125.71531083,37.67609511],[125.71480747,37.67900126],[125.71477145,37.67907152],[125.71547894,37.67970418],[125.7144233,37.68095755],[125.71284264,37.68032558],[125.71266842,37.67978524],[125.71219558,37.67963538],[125.71151948,37.6791342],[125.71098505,37.67885573],[125.71083328,37.67880611],[125.71022757,37.67865528],[125.70965948,37.67879252],[125.70903538,37.67876606],[125.70888269,37.67888235],[125.70872128,37.67905502],[125.70859659,37.6789727],[125.70850884,37.67897464],[125.70845286,37.67896338],[125.70769449,37.6801247],[125.70748133,37.68042121],[125.70692477,37.68101935],[125.70565451,37.68062911],[125.70431721,37.68069196],[125.70375513,37.67984644],[125.70094938,37.67935714],[125.7004601,37.67929161],[125.69945854,37.67792345],[125.69848756,37.67782488],[125.69707744,37.67818132],[125.69657377,37.67852585],[125.69573311,37.67866114],[125.6954292,37.67780313],[125.69537471,37.67775313],[125.69531873,37.67762876],[125.69514209,37.67740169],[125.69520451,37.6772182],[125.69513428,37.67721636],[125.69496893,37.67713733],[125.69465284,37.67722868],[125.69451495,37.67734823],[125.69427365,37.67730076],[125.69389611,37.67714772],[125.69368605,37.67694568],[125.6935461,37.67675918],[125.69324787,37.67674829],[125.69284765,37.67668619],[125.69265684,37.67662164],[125.69256445,37.67660018],[125.69249912,37.676539],[125.69212843,37.67667289],[125.69189515,37.6766321],[125.69173054,37.67668735],[125.69060041,37.67675054],[125.68897737,37.67730906],[125.68670179,37.67760394],[125.68343963,37.67951887],[125.68344736,37.68077858],[125.6831598,37.68087653],[125.68271112,37.68074841],[125.68190859,37.68078199],[125.68107015,37.6806219],[125.68107048,37.68065803],[125.68011486,37.68047986],[125.67847789,37.67990985],[125.67833773,37.6798873],[125.61782037,37.764109],[125.617944,37.764139],[125.611278,37.780806],[125.623694,37.798333],[125.616694,37.802111],[125.605833,37.800389],[125.608806,37.804167],[125.599139,37.805417],[125.598778,37.809139],[125.602444,37.812889],[125.603361,37.807889],[125.611639,37.809583],[125.619972,37.817083],[125.636694,37.820417],[125.635417,37.823306],[125.643694,37.829139],[125.640778,37.834583],[125.634167,37.82625],[125.625,37.82875],[125.619528,37.837444],[125.626222,37.844972],[125.615389,37.852472],[125.615806,37.85625],[125.635806,37.854556],[125.639583,37.8575],[125.634528,37.863333],[125.637889,37.871667],[125.632083,37.874139],[125.629583,37.880833],[125.641278,37.891667],[125.642917,37.898333],[125.64004862,37.90201207],[125.634167,37.909556],[125.622861,37.9125],[125.629139,37.912889],[125.632944,37.918278],[125.626194,37.927472],[125.633361,37.923778],[125.655,37.922889],[125.647917,37.919167],[125.64625,37.910833],[125.6525,37.905389],[125.66125,37.904139],[125.655833,37.90375],[125.654972,37.900389],[125.6475,37.905444],[125.647083,37.901667],[125.661722,37.892056],[125.680806,37.892028],[125.696667,37.89625],[125.715,37.90625],[125.72875,37.917472],[125.73625,37.933333],[125.735417,37.939139],[125.731667,37.939556],[125.726611,37.923778],[125.719972,37.922028],[125.714972,37.929583],[125.694972,37.917917],[125.699611,37.928333],[125.69095307,37.93090781],[125.682889,37.933306],[125.691722,37.937056],[125.69245001,37.93699981],[125.702528,37.936222],[125.702056,37.953333],[125.710833,37.960417],[125.7175,37.952917],[125.722972,37.953333],[125.714139,37.967944],[125.711222,37.964972],[125.713361,37.969556],[125.700861,37.972083],[125.704611,37.964167],[125.6975,37.961222],[125.693694,37.965833],[125.696278,37.973333],[125.69353388,37.97670224],[125.69375,37.9675],[125.6871613,37.96530377],[125.6825,37.96375],[125.68125,37.955833],[125.674944,37.949556],[125.672028,37.954139],[125.675417,37.964139],[125.672889,37.968306],[125.678306,37.970361],[125.68002044,37.97288576],[125.68326897,37.97766971]]]]},"geometry_name":"the_geom","properties":{"id":"Shp_WRN2_POLY.48","BLN_Flag":"","Id_1":"112","LAYER":"","STD_ID1":"","WarnCode":"S2212000","name":"인천경기북부앞바다 중 평수구역"}},{"type":"Feature","id":"warnArea2Poly202106.50","geometry":{"type":"MultiPolygon","coordinates":[[[[126.62413774,37.23699155],[126.64857959,37.2125497],[126.64515773,37.19079645],[126.655417,37.174944],[126.660444,37.161611],[126.6495,37.15325],[126.658361,37.152056],[126.679972,37.161194],[126.689972,37.156167],[126.694528,37.151611],[126.683361,37.148722],[126.673778,37.136611],[126.68188351,37.12952047],[126.68520057,37.1195675],[126.68354331,37.11350894],[126.69235594,37.11578236],[126.692863,37.12190406],[126.69914381,37.12358668],[126.70575338,37.13135735],[126.7175,37.129528],[126.72063454,37.1357876],[126.72523008,37.13811506],[126.73073336,37.14412995],[126.73112852,37.14939542],[126.739194,37.150361],[126.744972,37.160389],[126.74824997,37.16752483],[126.756611,37.165361],[126.75994845,37.16486935],[126.77750169,37.16520415],[126.784167,37.169528],[126.790361,37.182472],[126.795,37.185361],[126.793722,37.17325],[126.797861,37.160806],[126.78174296,37.15225345],[126.79017366,37.1499896],[126.79929864,37.15383338],[126.80367451,37.15213877],[126.80746256,37.14529395],[126.81613863,37.14298258],[126.80933926,37.13928863],[126.80624663,37.13819724],[126.80210072,37.13837665],[126.79500306,37.12875279],[126.78722284,37.12961039],[126.78650934,37.13256801],[126.78250759,37.13486482],[126.77631884,37.13204623],[126.771639,37.128722],[126.76508518,37.12377726],[126.759556,37.116583],[126.757917,37.109917],[126.770444,37.101639],[126.763722,37.079111],[126.76450546,37.06875748],[126.76163758,37.06812459],[126.76317868,37.06303772],[126.76952831,37.06439568],[126.77002412,37.06007099],[126.75668111,37.05545537],[126.74881554,37.04835293],[126.74669325,37.04402],[126.74549226,37.0389337],[126.74581836,37.03686078],[126.74734417,37.0350868],[126.74901427,37.03093613],[126.75072944,37.02983334],[126.76911627,37.02970491],[126.790028,37.029528],[126.79487231,37.02643652],[126.79587723,37.01842883],[126.79814177,37.01669121],[126.79763777,37.01413114],[126.78729641,37.01276898],[126.77901063,37.00724188],[126.78140992,37.00240812],[126.78557894,37.00022974],[126.78893112,36.9953401],[126.79297464,36.99455381],[126.79464503,36.99745862],[126.79715009,36.99742955],[126.79829742,36.99223592],[126.82080641,36.98475842],[126.82360418,36.98501819],[126.82500588,36.98665502],[126.82756812,36.98788439],[126.82808227,36.98747269],[126.82818579,36.98733145],[126.82561865,36.98610023],[126.82405908,36.98429071],[126.82362217,36.98409363],[126.83755945,36.9642468],[126.84250625,36.95720844],[126.84417287,36.95795575],[126.84629511,36.9553027],[126.83293791,36.94935376],[126.83205659,36.95061763],[126.83371686,36.95136449],[126.82425115,36.96467232],[126.8218935,36.96360679],[126.82108951,36.95907082],[126.83082678,36.94496345],[126.84022304,36.9156025],[126.84703694,36.90967436],[126.8563714,36.90820649],[126.90584281,36.9157604],[126.91244135,36.88939772],[126.90618337,36.8885602],[126.8825754,36.88672434],[126.87133869,36.88332446],[126.86245735,36.87987364],[126.85554119,36.88179601],[126.8039773,36.96825048],[126.75962822,36.99286527],[126.70666523,37.02175054],[126.54903276,37.05299674],[126.49970289,37.06906805],[126.46459035,37.0805141],[126.39241367,37.09881604],[126.43341064,37.23199463],[126.44106828,37.25067898],[126.4611106,37.24530178],[126.45817757,37.22428178],[126.53443615,37.19837342],[126.54054661,37.2047283],[126.55276754,37.20839458],[126.58600845,37.24285759],[126.62413774,37.23699155]]]]},"geometry_name":"the_geom","properties":{"id":"Shp_WRN2_POLY.2","BLN_Flag":"","Id_1":"121","LAYER":"","STD_ID1":"","WarnCode":"S2211700","name":"인천·경기남부앞바다중남부앞평수구역"}},{"type":"Feature","id":"warnArea2Poly202106.51","geometry":{"type":"MultiPolygon","coordinates":[[[[126.54903276,37.05299674],[126.70666523,37.02175054],[126.75962822,36.99286527],[126.8039773,36.96825048],[126.85554119,36.88179601],[126.8480278,36.8836174],[126.8476948,36.8836775],[126.8403136,36.8855619],[126.828778,36.888306],[126.81900577,36.89502281],[126.81665476,36.89867029],[126.81201147,36.92477511],[126.81019495,36.92762103],[126.80605563,36.93032636],[126.80379325,36.92468677],[126.80225202,36.92456826],[126.79240843,36.93648106],[126.79214696,36.94006589],[126.79434259,36.94249223],[126.77959203,36.96679698],[126.78362261,36.97418345],[126.7779591,36.97699186],[126.77637498,36.97464246],[126.74792208,36.98436706],[126.73606379,36.98797048],[126.7264797,36.9902515],[126.72161881,36.99145334],[126.71813092,36.99181177],[126.70466556,36.99933707],[126.699556,36.998333],[126.687444,36.999583],[126.68595281,36.99918098],[126.68504221,36.99889958],[126.68462328,36.99814273],[126.64191329,36.9996172],[126.62853912,37.00306659],[126.58005864,37.02379892],[126.57790529,37.02415519],[126.57420292,37.02338313],[126.57374605,37.02404322],[126.57308062,37.02433516],[126.57178546,37.02469455],[126.57084614,37.02557516],[126.57194922,37.02726539],[126.57050283,37.02815823],[126.56707464,37.02747107],[126.56296808,37.0283822],[126.55979849,37.030964],[126.55837367,37.03326102],[126.55814873,37.03395954],[126.55866902,37.03574753],[126.55714839,37.03544666],[126.55498838,37.03582192],[126.55261067,37.03473554],[126.54958709,37.03414708],[126.54925112,37.0339523],[126.5487512,37.03396199],[126.54669021,37.03390745],[126.5451443,37.03417145],[126.54399972,37.03444783],[126.543333,37.034528],[126.5418434,37.03489041],[126.54073919,37.03553521],[126.54028346,37.0372856],[126.53857891,37.03781083],[126.5378127,37.03779975],[126.53687109,37.03828318],[126.53660803,37.03827196],[126.53582377,37.03859267],[126.53562154,37.03938666],[126.53468465,37.0395079],[126.53449702,37.04059812],[126.53320082,37.04024441],[126.5305338,37.04201133],[126.52773944,37.04298681],[126.52672614,37.04446714],[126.5270988,37.04700547],[126.52685171,37.04701947],[126.52713407,37.04785325],[126.5275933,37.04866871],[126.52729928,37.04926641],[126.52719509,37.05004332],[126.52572087,37.05122509],[126.52611787,37.05158995],[126.5257284,37.05191423],[126.52548361,37.05162945],[126.52387122,37.05265797],[126.52346965,37.05375398],[126.52272428,37.05524832],[126.52026408,37.05564648],[126.5179828,37.05716377],[126.51843623,37.05728645],[126.51921208,37.05911749],[126.49843533,37.0647586],[126.4960501,37.07025998],[126.54903276,37.05299674]],[[126.8096328,36.9483187],[126.8090891,36.9487867],[126.808864,36.9489727],[126.8084738,36.9492232],[126.8079529,36.9494174],[126.8074443,36.949522],[126.8071826,36.9495509],[126.8067346,36.9495573],[126.8063659,36.949517],[126.8063934,36.9494562],[126.806266,36.9494256],[126.806079,36.9493414],[126.8059327,36.9492429],[126.8058257,36.9491396],[126.8057316,36.9490231],[126.8056693,36.9489121],[126.8056179,36.9487836],[126.805569,36.9483246],[126.8055171,36.9476355],[126.8054648,36.9473953],[126.8054395,36.9473396],[126.8051947,36.9471016],[126.8049775,36.9469745],[126.8047739,36.9467312],[126.8047025,36.9465709],[126.8046542,36.9463116],[126.8046891,36.9460671],[126.8048362,36.9457844],[126.8051448,36.9454328],[126.8055984,36.9449361],[126.805918,36.9445788],[126.8061055,36.9442594],[126.8061818,36.9439489],[126.8062269,36.9435722],[126.8060741,36.9432491],[126.8058481,36.9426091],[126.8057481,36.9422567],[126.8056974,36.9419719],[126.8057708,36.9416289],[126.8060064,36.941315],[126.8065081,36.9410207],[126.8084643,36.940487],[126.8091805,36.9402966],[126.8098273,36.9402567],[126.8104627,36.9403561],[126.811032,36.9406587],[126.8114163,36.9409532],[126.811654,36.9413499],[126.8118217,36.9416247],[126.8119056,36.9421356],[126.8120253,36.9427847],[126.8120852,36.9431412],[126.81212,36.94339],[126.8121594,36.9439026],[126.8121745,36.9440816],[126.8119948,36.9445899],[126.811694,36.9451732],[126.8107598,36.9467998],[126.8102079,36.9477843],[126.8096328,36.9483187]]]]},"geometry_name":"the_geom","properties":{"id":"Shp_WRN2_POLY.4","BLN_Flag":"","Id_1":"131","LAYER":"","STD_ID1":"","WarnCode":"S2212100","name":"당진 평수구역"}}],"totalFeatures":51,"numberMatched":51,"numberReturned":51,"timeStamp":"2026-04-25T05:15:14.602Z","crs":{"type":"name","properties":{"name":"urn:ogc:def:crs:EPSG::4326"}}}