{"type":"FeatureCollection","crs":{"type":"name","properties":{"name":"urn:ogc:def:crs:EPSG::4326"}},"features":[{"type":"Feature","properties":{"id":"Shp_WRN_POLY.1","BLN_Flag":"1","WarnCode":"S1131100","name":"울산앞바다","level":4,"ground":"sea"},"geometry":{"type":"MultiPolygon","coordinates":[[[[129.4469,35.6228],[129.4458,35.6264],[129.4472,35.6303],[129.446,35.6344],[129.447,35.6422],[129.4528,35.6446],[129.4537,35.6468],[129.7209,35.6468],[129.713324,35.620896],[129.707826,35.536287],[129.696407,35.490873],[129.610758,35.336074],[129.498699,35.195296],[129.486693,35.180173],[129.396834,35.15263],[129.304167,35.329722],[129.321,35.3347],[129.324998,35.3361],[129.328398,35.3428],[129.3368,35.3465],[129.3416,35.3523],[129.342199,35.3524],[129.347,35.3509],[129.348,35.3501],[129.3492,35.3486],[129.3612,35.3523],[129.3638,35.3602],[129.359,35.3649],[129.3578,35.3684],[129.3488,35.3765],[129.351599,35.3827],[129.350597,35.3845],[129.3502,35.386],[129.35,35.3869],[129.3522,35.388],[129.354,35.3883],[129.3588,35.3901],[129.359197,35.392],[129.3562,35.3982],[129.3586,35.4007],[129.359197,35.4002],[129.360998,35.4007],[129.3574,35.4103],[129.3572,35.4126],[129.355798,35.4162],[129.355798,35.418],[129.3564,35.4228],[129.357,35.4241],[129.359,35.4246],[129.3656,35.4249],[129.368597,35.4262],[129.369599,35.4342],[129.352398,35.4469],[129.3466,35.4509],[129.3468,35.4563],[129.3494,35.4625],[129.3488,35.464],[129.3474,35.4647],[129.3416,35.4702],[129.3392,35.48],[129.3426,35.4769],[129.3484,35.4723],[129.3496,35.4724],[129.3526,35.4664],[129.3562,35.4621],[129.3616,35.4568],[129.365,35.4601],[129.3818,35.4684],[129.3822,35.4689],[129.3838,35.4706],[129.3852,35.4704],[129.388,35.4746],[129.4068,35.4909],[129.4112,35.4902],[129.41,35.4884],[129.4082,35.4784],[129.4092,35.4767],[129.416,35.4722],[129.418399,35.4742],[129.419,35.476],[129.4248,35.4789],[129.428598,35.4784],[129.4282,35.4802],[129.4352,35.4805],[129.441397,35.4802],[129.442399,35.4825],[129.4482,35.4905],[129.445799,35.4924],[129.445,35.4927],[129.4434,35.4926],[129.4402,35.4908],[129.436399,35.4902],[129.435397,35.4943],[129.443998,35.498],[129.444797,35.502],[129.443199,35.5025],[129.4418,35.502],[129.4378,35.502],[129.4488,35.518],[129.448399,35.5185],[129.443998,35.5249],[129.4544,35.5244],[129.4564,35.5284],[129.4566,35.5304],[129.454197,35.5366],[129.4598,35.5443],[129.4622,35.5524],[129.462797,35.5608],[129.4606,35.5627],[129.459398,35.5643],[129.4576,35.5685],[129.4574,35.5747],[129.4574,35.5762],[129.4574,35.5768],[129.4674,35.582],[129.4682,35.584],[129.4668,35.6021],[129.4614,35.6068],[129.4616,35.6084],[129.4604,35.6104],[129.4538,35.6127],[129.4538,35.6141],[129.454,35.6169],[129.451799,35.6185],[129.44690016,35.62255632],[129.4469,35.6228]]]]}},{"type":"Feature","properties":{"id":"Shp_WRN_POLY.2","BLN_Flag":"1","WarnCode":"S1131200","name":"경북남부앞바다","level":4,"ground":"sea"},"geometry":{"type":"MultiPolygon","coordinates":[[[[129.38565,36.258453],[129.660533,36.258867],[129.814831,36.128314],[129.835535,36.037169],[129.788882,35.890346],[129.761916,35.780259],[129.744725,35.729068],[129.7209,35.6468],[129.4537,35.6468],[129.456,35.652],[129.4582,35.6608],[129.46,35.6626],[129.465,35.6622],[129.4658,35.6623],[129.4674,35.6625],[129.468797,35.6626],[129.4686,35.6705],[129.468797,35.6728],[129.4692,35.674],[129.4696,35.6744],[129.4752,35.6769],[129.476599,35.6803],[129.4784,35.682],[129.479199,35.6866],[129.4796,35.6881],[129.4786,35.6885],[129.479,35.6908],[129.4798,35.6929],[129.4788,35.6948],[129.477398,35.6964],[129.477,35.7028],[129.4796,35.7065],[129.484,35.7103],[129.4854,35.7166],[129.487,35.7206],[129.487,35.7224],[129.488599,35.7246],[129.49,35.7306],[129.489398,35.7328],[129.488,35.7405],[129.494,35.7461],[129.4944,35.7465],[129.496,35.7525],[129.4968,35.7566],[129.4982,35.7582],[129.4986,35.76],[129.4986,35.7607],[129.498798,35.766],[129.5012,35.7681],[129.501,35.7704],[129.523,35.8482],[129.5238,35.8489],[129.5272,35.85],[129.529,35.8506],[129.5284,35.8529],[129.5282,35.8544],[129.5298,35.8603],[129.5368,35.866],[129.5366,35.8668],[129.5222,35.8703],[129.5214,35.8761],[129.5326,35.896],[129.5362,35.8966],[129.530397,35.9041],[129.5272,35.9104],[129.5238,35.9161],[129.5312,35.9302],[129.5368,35.9367],[129.5366,35.9385],[129.5384,35.9407],[129.5506,35.9489],[129.550198,35.9546],[129.551999,35.956],[129.5534,35.9584],[129.5492,35.9608],[129.5498,35.962],[129.5504,35.9622],[129.5552,35.9721],[129.555,35.9742],[129.5548,35.9829],[129.5574,35.986],[129.5584,35.9868],[129.5642,35.9869],[129.5676,35.9869],[129.570799,35.9904],[129.5736,35.9983],[129.573399,35.9989],[129.5732,36.0001],[129.575797,36.0023],[129.5806,36.0062],[129.5822,36.0067],[129.5834,36.0085],[129.5834,36.0104],[129.585197,36.0161],[129.5806,36.0221],[129.580199,36.0225],[129.5816,36.0249],[129.5814,36.0302],[129.5854,36.036],[129.5848,36.0387],[129.5868,36.04],[129.5842,36.0462],[129.5822,36.0468],[129.576,36.0647],[129.5752,36.0725],[129.5668,36.0769],[129.5652,36.0764],[129.5642,36.0764],[129.562,36.0783],[129.562199,36.0804],[129.5594,36.0827],[129.5552,36.0828],[129.5478,36.0781],[129.5462,36.0721],[129.543,36.0689],[129.5426,36.0643],[129.5352,36.0583],[129.5354,36.0567],[129.5274,36.0542],[129.5256,36.0503],[129.5122,36.0386],[129.509999,36.0369],[129.5064,36.0329],[129.5054,36.0249],[129.504798,36.0228],[129.503999,36.0221],[129.499,36.0204],[129.4926,36.0145],[129.490197,36.0142],[129.484,36.0125],[129.4686,36.0047],[129.4622,36.0009],[129.4538,35.9981],[129.4532,35.998],[129.4488,35.998],[129.4442,35.998],[129.442399,35.998],[129.4394,35.998],[129.429397,35.9988],[129.4118,36.0021],[129.413198,36.0044],[129.4066,36.0101],[129.403798,36.01],[129.3992,36.0087],[129.396999,36.0082],[129.3972,36.0147],[129.396999,36.016],[129.395997,36.0224],[129.390999,36.0241],[129.3894,36.0229],[129.3886,36.0223],[129.3872,36.0241],[129.379798,36.038],[129.3742,36.0384],[129.3828,36.0468],[129.381,36.0529],[129.3818,36.0545],[129.3848,36.0585],[129.387,36.0609],[129.4014,36.0622],[129.4042,36.0661],[129.404598,36.0664],[129.4188,36.0704],[129.4222,36.07],[129.423,36.0728],[129.422,36.0868],[129.431998,36.0944],[129.4334,36.0982],[129.435,36.1069],[129.4308,36.1109],[129.4284,36.1126],[129.418,36.1189],[129.408999,36.124],[129.407198,36.1244],[129.4062,36.126],[129.4076,36.126],[129.401198,36.1322],[129.4014,36.1345],[129.400399,36.1361],[129.3984,36.1401],[129.3988,36.1407],[129.4014,36.1425],[129.401198,36.1444],[129.4024,36.1501],[129.4016,36.1542],[129.4022,36.1622],[129.4024,36.1649],[129.395997,36.1808],[129.3902,36.1821],[129.3748,36.1962],[129.3742,36.2007],[129.374597,36.2026],[129.3748,36.2041],[129.383997,36.2249],[129.3852,36.2305],[129.389198,36.2343],[129.3888,36.2361],[129.3827,36.2426],[129.38,36.2448],[129.38565,36.258453]]]]}},{"type":"Feature","properties":{"id":"Shp_WRN_POLY.3","BLN_Flag":"1","WarnCode":"S1131300","name":"경북북부앞바다","level":4,"ground":"sea"},"geometry":{"type":"MultiPolygon","coordinates":[[[[129.364096,37.146362],[129.632464,37.146662],[129.675701,36.999216],[129.674386,36.971726],[129.67635,36.921372],[129.706906,36.860221],[129.732017,36.743415],[129.73131,36.705092],[129.692379,36.583763],[129.692323,36.580277],[129.689947,36.433191],[129.634099,36.287063],[129.634467,36.280922],[129.660533,36.258867],[129.38565,36.258453],[129.3836,36.2741],[129.3794,36.2802],[129.3786,36.2827],[129.382398,36.2923],[129.3826,36.2965],[129.3812,36.3024],[129.381599,36.3046],[129.383997,36.3068],[129.383198,36.3283],[129.3834,36.3308],[129.3862,36.3324],[129.3916,36.354],[129.392597,36.3546],[129.3942,36.3562],[129.3962,36.3566],[129.399,36.3602],[129.4002,36.366],[129.4014,36.3666],[129.403798,36.3669],[129.4044,36.3681],[129.4094,36.3743],[129.411,36.3865],[129.4206,36.3948],[129.4276,36.4002],[129.4284,36.4022],[129.428598,36.4029],[129.4332,36.4065],[129.434598,36.4127],[129.4392,36.4186],[129.44,36.4266],[129.4392,36.4284],[129.437199,36.4385],[129.4418,36.4521],[129.4412,36.4601],[129.437199,36.4781],[129.437998,36.4807],[129.4486,36.4866],[129.449,36.4882],[129.4496,36.4906],[129.4516,36.4961],[129.4504,36.4988],[129.450797,36.5007],[129.4556,36.506],[129.453398,36.5064],[129.4524,36.5063],[129.451,36.5048],[129.452,36.5081],[129.4524,36.5087],[129.4478,36.5127],[129.445,36.5407],[129.4378,36.554],[129.436,36.554],[129.436399,36.5561],[129.4292,36.5625],[129.4288,36.5629],[129.4272,36.5646],[129.4256,36.566],[129.423,36.5688],[129.4196,36.5741],[129.417397,36.5784],[129.4144,36.5868],[129.4156,36.5962],[129.4272,36.64],[129.4342,36.648],[129.4358,36.6545],[129.4386,36.66],[129.4396,36.6623],[129.439799,36.6628],[129.441,36.6647],[129.4426,36.6667],[129.4434,36.668],[129.4442,36.6689],[129.4456,36.6703],[129.4512,36.6743],[129.4572,36.676],[129.4618,36.6788],[129.4634,36.6786],[129.4652,36.6763],[129.4712,36.6843],[129.4718,36.6848],[129.4752,36.6925],[129.476,36.6927],[129.4806,36.6984],[129.4798,36.7062],[129.4788,36.7103],[129.4784,36.7124],[129.4772,36.7165],[129.4778,36.7206],[129.481,36.7225],[129.480798,36.7321],[129.477398,36.7381],[129.4772,36.7387],[129.4744,36.7541],[129.478197,36.7583],[129.482599,36.7667],[129.472197,36.7821],[129.4682,36.786],[129.4684,36.7885],[129.467998,36.7926],[129.4632,36.8005],[129.463799,36.8084],[129.459398,36.8143],[129.4582,36.816],[129.4558,36.8189],[129.4516,36.8266],[129.4514,36.8282],[129.4496,36.8307],[129.4434,36.8369],[129.436,36.8441],[129.432797,36.8483],[129.4314,36.8523],[129.425998,36.8669],[129.424,36.8784],[129.4228,36.8905],[129.425,36.892],[129.421799,36.9046],[129.422,36.9066],[129.422598,36.9087],[129.425,36.9206],[129.425,36.9307],[129.4256,36.9323],[129.4258,36.9423],[129.4246,36.9441],[129.423397,36.9522],[129.4222,36.9549],[129.411397,36.9643],[129.4094,36.9644],[129.413997,36.9667],[129.416598,36.9688],[129.418399,36.9685],[129.4156,36.9748],[129.4154,36.9768],[129.4208,36.9845],[129.425,36.9884],[129.4238,36.9987],[129.4204,37.0048],[129.4194,37.0083],[129.4154,37.014],[129.412399,37.0207],[129.4118,37.0223],[129.4116,37.0228],[129.4116,37.0246],[129.412,37.026],[129.417397,37.0302],[129.414999,37.0407],[129.414999,37.0461],[129.4162,37.0489],[129.417,37.0503],[129.419198,37.0528],[129.4322,37.0549],[129.4044,37.0763],[129.3778,37.1049],[129.3812,37.1123],[129.3808,37.1169],[129.377997,37.118],[129.374,37.1261],[129.3758,37.1286],[129.376398,37.1303],[129.3768,37.1321],[129.376,37.1328],[129.367798,37.1428],[129.3682,37.1449],[129.364096,37.146362]]]]}},{"type":"Feature","properties":{"id":"Shp_WRN_POLY.4","BLN_Flag":"1","WarnCode":"S1132110","name":"동해남부 남쪽 안쪽먼바다","level":3,"ground":"sea"},"geometry":{"type":"MultiPolygon","coordinates":[[[[131.290834,35.650834],[130.168056,33.678889],[129.396834,35.15263],[129.486693,35.180173],[129.498699,35.195296],[129.610758,35.336074],[129.696407,35.490873],[129.707826,35.536287],[129.713324,35.620896],[129.7209,35.6468],[131.290834,35.650834]]]]}},{"type":"Feature","properties":{"id":"Shp_WRN_POLY.5","BLN_Flag":"1","WarnCode":"S1132120","name":"동해남부 남쪽 바깥먼바다","level":3,"ground":"sea"},"geometry":{"type":"MultiPolygon","coordinates":[[[[131.290834,35.650834],[132.0188,35.642],[132,30.9922],[130.168056,33.678889],[131.290834,35.650834]]]]}},{"type":"Feature","properties":{"id":"Shp_WRN_POLY.6","BLN_Flag":"1","WarnCode":"S1132210","name":"동해남부 북쪽 안쪽먼바다","level":3,"ground":"sea"},"geometry":{"type":"MultiPolygon","coordinates":[[[[129.7209,35.6468],[129.744725,35.729068],[129.761916,35.780259],[129.788882,35.890346],[129.835535,36.037169],[129.814831,36.128314],[129.660533,36.258867],[129.634467,36.280922],[129.634099,36.287063],[129.689947,36.433191],[129.692323,36.580277],[129.692379,36.583763],[129.73131,36.705092],[129.732017,36.743415],[129.706906,36.860221],[129.67635,36.921372],[129.674386,36.971726],[129.675701,36.999216],[129.632464,37.146662],[131.290834,37.146389],[131.290834,35.650834],[129.7209,35.6468]]]]}},{"type":"Feature","properties":{"id":"Shp_WRN_POLY.7","BLN_Flag":"1","WarnCode":"S1132220","name":"동해남부 북쪽바깥먼바다","level":3,"ground":"sea"},"geometry":{"type":"MultiPolygon","coordinates":[[[[131.290834,35.650834],[131.290834,37.146389],[132.0737,37.1375],[132.0188,35.642],[131.290834,35.650834]]]]}},{"type":"Feature","properties":{"id":"Shp_WRN_POLY.8","BLN_Flag":"1","WarnCode":"S1151100","name":"강원북부앞바다","level":4,"ground":"sea"},"geometry":{"type":"MultiPolygon","coordinates":[[[[128.36034072,38.61429052],[128.598555,38.761392],[128.621546,38.679297],[128.666467,38.599379],[128.673566,38.583846],[128.681863,38.570725],[128.724097,38.496141],[128.759875,38.446236],[128.781657,38.411713],[128.80532,38.36384],[128.84194,38.295465],[128.857272,38.257255],[128.871006,38.220036],[128.902125,38.181809],[128.979649,38.096386],[129.01028,38.054887],[129.077587,37.971492],[129.112794,37.93299],[129.149104,37.904596],[129.150803,37.903267],[128.82869,37.903442],[128.8124,37.9147],[128.796799,37.9266],[128.792,37.9362],[128.7896,37.9428],[128.7888,37.9442],[128.776997,37.9506],[128.772798,37.9567],[128.7724,37.9583],[128.7656,37.9667],[128.763399,37.9709],[128.7622,37.9742],[128.7652,37.9765],[128.7656,37.978],[128.7652,37.9788],[128.7512,37.9869],[128.751,37.9886],[128.7388,38.0003],[128.7336,38.0083],[128.7354,38.0102],[128.73287779,38.01364029],[128.72870828,38.01876735],[128.72407767,38.02163448],[128.7191327,38.02641642],[128.7117547,38.0306888],[128.7076,38.0347],[128.7054,38.0366],[128.69848719,38.04245706],[128.69264569,38.04720949],[128.68931466,38.05354039],[128.6842,38.0582],[128.6848,38.0604],[128.683,38.062],[128.6806,38.062],[128.6788,38.0682],[128.68,38.0685],[128.6796,38.07],[128.675998,38.0768],[128.6776,38.08],[128.6746,38.0806],[128.6712,38.0826],[128.668399,38.0867],[128.6686,38.0881],[128.6682,38.0888],[128.662399,38.0903],[128.65243297,38.09721904],[128.64640828,38.10095518],[128.64543598,38.10220826],[128.644399,38.1024],[128.645,38.1046],[128.6354,38.1163],[128.6268,38.1261],[128.6252,38.1284],[128.622,38.1326],[128.6194,38.1349],[128.6142,38.1425],[128.6128,38.1529],[128.6124,38.1582],[128.612,38.1608],[128.611798,38.164],[128.61,38.1727],[128.6128,38.176],[128.6132,38.1764],[128.6166,38.1782],[128.613,38.1804],[128.6068,38.1882],[128.5984,38.1981],[128.598199,38.202],[128.5976,38.2022],[128.5968,38.2043],[128.5968,38.2062],[128.601,38.21],[128.6002,38.2128],[128.5978,38.2149],[128.592,38.2225],[128.58079523,38.2346508],[128.57912999,38.23605175],[128.57199573,38.24631795],[128.570799,38.2503],[128.5642,38.2583],[128.563797,38.2627],[128.560397,38.2646],[128.5598,38.2702],[128.555,38.2807],[128.553,38.2822],[128.55,38.29],[128.5514,38.2926],[128.549399,38.2947],[128.550198,38.2962],[128.546799,38.3041],[128.5456,38.3062],[128.5452,38.3081],[128.5308,38.3207],[128.5308,38.324],[128.527999,38.3322],[128.525,38.3345],[128.5234,38.336],[128.514198,38.3509],[128.5156,38.3522],[128.5164,38.3527],[128.5166,38.354],[128.5136,38.3549],[128.5092,38.36],[128.5162,38.3662],[128.5132,38.3709],[128.511597,38.3723],[128.5058,38.3766],[128.496,38.3847],[128.489398,38.3922],[128.471398,38.4109],[128.4608,38.4262],[128.458,38.4321],[128.456797,38.4405],[128.4658,38.4444],[128.4668,38.4444],[128.4676,38.4481],[128.464,38.4521],[128.4618,38.4548],[128.454197,38.4625],[128.452598,38.4663],[128.453,38.4668],[128.4412,38.4763],[128.4404,38.4828],[128.4404,38.4845],[128.431198,38.4904],[128.4276,38.4982],[128.4282,38.4986],[128.4254,38.5029],[128.4216,38.5089],[128.4222,38.5101],[128.4214,38.5125],[128.425,38.5201],[128.4224,38.5202],[128.4208,38.5209],[128.4182,38.5267],[128.416,38.5267],[128.4138,38.5322],[128.4138,38.5327],[128.4088,38.5381],[128.4084,38.5389],[128.4086,38.5405],[128.408999,38.5428],[128.4126,38.5446],[128.4094,38.5469],[128.411397,38.5505],[128.407198,38.5522],[128.4066,38.5544],[128.406,38.5567],[128.405397,38.5587],[128.39724078,38.56660797],[128.39598378,38.56857202],[128.39597501,38.57008846],[128.38716787,38.57667373],[128.37119972,38.59477098],[128.36457811,38.60470226],[128.36218946,38.6067445],[128.36034072,38.61429052]]]]}},{"type":"Feature","properties":{"id":"Shp_WRN_POLY.9","BLN_Flag":"1","WarnCode":"S1151200","name":"강원중부앞바다","level":4,"ground":"sea"},"geometry":{"type":"MultiPolygon","coordinates":[[[[129.150803,37.903267],[129.2178,37.84],[129.313141,37.712043],[129.3766,37.5964],[129.089353,37.592254],[129.047598,37.6322],[129.0466,37.6347],[129.0464,37.6384],[129.0488,37.6448],[129.0504,37.6487],[129.0582,37.6504],[129.0602,37.658],[129.0576,37.6624],[129.0576,37.6643],[129.058799,37.6641],[129.059598,37.6709],[129.0574,37.6729],[129.058799,37.6725],[129.0564,37.6768],[129.037,37.692],[129.0256,37.698],[129.0196,37.7048],[129.0182,37.7045],[129.011,37.7147],[128.9994,37.7261],[128.9948,37.7327],[128.986798,37.7385],[128.973199,37.7487],[128.9546,37.7643],[128.9384,37.7782],[128.9172,37.7965],[128.912,37.8027],[128.886597,37.822],[128.882,37.8266],[128.8808,37.8282],[128.8794,37.8309],[128.8796,37.8383],[128.8758,37.8408],[128.8718,37.8442],[128.8688,37.8463],[128.8638,37.8506],[128.8572,37.8561],[128.8458,37.8544],[128.85,37.8645],[128.8334,37.8863],[128.836998,37.8907],[128.8372,37.8966],[128.8326,37.9006],[128.82869,37.903442],[129.150803,37.903267]]]]}},{"type":"Feature","properties":{"id":"Shp_WRN_POLY.10","BLN_Flag":"1","WarnCode":"S1151300","name":"강원남부앞바다","level":4,"ground":"sea"},"geometry":{"type":"MultiPolygon","coordinates":[[[[129.3766,37.5964],[129.422977,37.539931],[129.510955,37.427875],[129.568277,37.355917],[129.611728,37.211081],[129.615632,37.204063],[129.632464,37.146662],[129.36410728,37.14637199],[129.35780561,37.15866634],[129.34598,37.16902],[129.3453,37.170338],[129.3457,37.172386],[129.34532,37.17417],[129.34329,37.174717],[129.34258,37.175472],[129.34264,37.175987],[129.34557,37.17513],[129.34633,37.17541],[129.34427,37.17643],[129.3419,37.176685],[129.34174,37.17713],[129.34341,37.183414],[129.34285,37.18417],[129.34251,37.18781],[129.3426,37.1887],[129.3418,37.1902],[129.3466,37.1966],[129.347197,37.2007],[129.3496,37.2069],[129.3478,37.2121],[129.3454,37.2162],[129.34442,37.21969],[129.34224,37.221066],[129.3411,37.22248],[129.34096,37.223938],[129.34201,37.22709],[129.34315,37.22778],[129.34393,37.227585],[129.34328,37.22831],[129.34361,37.22925],[129.34587,37.229088],[129.34477,37.226204],[129.34529,37.226017],[129.34695,37.22976],[129.3548,37.233624],[129.3568,37.235504],[129.35538,37.2365],[129.35506,37.237343],[129.35292,37.237347],[129.3514,37.2381],[129.3514,37.2402],[129.350597,37.246],[129.3504,37.2465],[129.3442,37.2489],[129.3434,37.2521],[129.341197,37.2543],[129.340398,37.2548],[129.3304,37.2646],[129.3214,37.2825],[129.3214,37.2848],[129.3192,37.2866],[129.312,37.2849],[129.311399,37.2887],[129.3056,37.2883],[129.304397,37.2889],[129.302799,37.2961],[129.302799,37.3024],[129.297598,37.31],[129.2888,37.3083],[129.2846,37.3102],[129.2718,37.3263],[129.2706,37.3282],[129.2684,37.3288],[129.265999,37.3422],[129.2614,37.3468],[129.2584,37.3527],[129.257398,37.3545],[129.2554,37.3565],[129.2544,37.3584],[129.2528,37.3601],[129.2536,37.3707],[129.25256,37.371437],[129.25249,37.372074],[129.25227,37.372887],[129.25156,37.37317],[129.25276,37.374607],[129.25218,37.37604],[129.25387468,37.37591398],[129.25494,37.37526],[129.25555,37.377518],[129.2593,37.378635],[129.26042,37.380577],[129.25836,37.381],[129.2524,37.380344],[129.25053,37.380997],[129.24052,37.38732],[129.24063,37.389126],[129.2393,37.389996],[129.23666,37.38874],[129.22763,37.393253],[129.1998,37.4165],[129.196598,37.4203],[129.1946,37.4224],[129.1954,37.4266],[129.1956,37.432],[129.196,37.4342],[129.1954,37.438],[129.195,37.4406],[129.192,37.4469],[129.192,37.4489],[129.1913,37.4508],[129.18951087,37.45252002],[129.17038351,37.4667199],[129.16807683,37.47036737],[129.1645,37.4721],[129.16180536,37.47659246],[129.15222699,37.48615661],[129.14908551,37.48818608],[129.1352,37.4886],[129.133,37.488],[129.1318,37.49],[129.1328,37.4908],[129.1372,37.5009],[129.1314,37.5109],[129.1276,37.5146],[129.1268,37.52],[129.1276,37.5228],[129.127,37.5241],[129.124,37.5262],[129.1234,37.5264],[129.1226,37.5268],[129.1194,37.5305],[129.1148,37.5387],[129.115197,37.5408],[129.116199,37.5482],[129.116999,37.5487],[129.1258,37.5562],[129.124597,37.562],[129.1214,37.5666],[129.1218,37.5708],[129.112597,37.5788],[129.089353,37.592254],[129.3766,37.5964]]]]}},{"type":"Feature","properties":{"id":"Shp_WRN_POLY.11","BLN_Flag":"1","WarnCode":"S1152010","name":"동해중부 안쪽먼바다","level":3,"ground":"sea"},"geometry":{"type":"MultiPolygon","coordinates":[[[[128.598555,38.761392],[129,39],[129.033984,39.020283],[130.086112,39],[131.290834,37.146389],[129.632464,37.146662],[129.615632,37.204063],[129.611728,37.211081],[129.568278,37.355917],[129.510955,37.427875],[129.422977,37.539931],[129.3766,37.5964],[129.313141,37.712043],[129.2178,37.84],[129.150803,37.903267],[129.149104,37.904596],[129.112794,37.93299],[129.077588,37.971492],[129.010281,38.054887],[128.979651,38.096386],[128.902125,38.181809],[128.871008,38.220036],[128.857274,38.257255],[128.841943,38.295465],[128.805322,38.36384],[128.781657,38.411713],[128.759875,38.446236],[128.724097,38.496141],[128.681864,38.570725],[128.673566,38.583846],[128.666467,38.599379],[128.621549,38.679297],[128.598555,38.761392]]]]}},{"type":"Feature","properties":{"id":"Shp_WRN_POLY.12","BLN_Flag":"1","WarnCode":"S1152020","name":"동해중부 바깥먼바다","level":3,"ground":"sea"},"geometry":{"type":"MultiPolygon","coordinates":[[[[130.086112,39],[132.06235,39.020283],[132.07369965,37.13745712],[131.290834,37.146389],[130.086112,39]]]]}},{"type":"Feature","properties":{"id":"Shp_WRN_POLY.13","BLN_Flag":"1","WarnCode":"S1231100","name":"전북북부앞바다","level":4,"ground":"sea"},"geometry":{"type":"MultiPolygon","coordinates":[[[[126.786,35.7783],[126.7832,35.7666],[126.7792,35.7563],[126.7786,35.7564],[126.7706,35.7685],[126.7316,35.7908],[126.696294,35.798244],[126.689888,35.795381],[126.65288,35.791894],[126.637859,35.794278],[126.637649,35.79885],[126.631535,35.799513],[126.622739,35.786273],[126.626525,35.782302],[126.628498,35.748949],[126.612133,35.736071],[126.601278,35.719236],[126.569051,35.692687],[126.569901,35.691696],[126.571675,35.690673],[126.569621,35.685104],[126.568608,35.689315],[126.567407,35.690283],[126.566754,35.692052],[126.568388,35.69334],[126.562312,35.697321],[126.558756,35.698302],[126.556081,35.698032],[126.531412,35.728959],[126.530845,35.729612],[126.531233,35.730336],[126.530534,35.730626],[126.529801,35.730552],[126.525765,35.73143],[126.525548,35.732185],[126.524467,35.73245],[126.486495,35.815763],[126.481026,35.817815],[126.489197,35.827436],[126.496645,35.833995],[126.50077,35.839583],[126.499548,35.846654],[126.4977,35.846871],[126.532406,35.932793],[126.53113,35.93306],[126.496359,35.846774],[126.496732,35.845421],[126.496457,35.842878],[126.492662,35.838741],[126.479066,35.82011],[126.479938,35.817301],[126.485724,35.815091],[126.524265,35.731075],[126.45876221,35.67610601],[126.24251,35.73304],[126.314445,35.858056],[126.27406,36.00001],[126.7254,35.9997],[126.7509,35.9987],[126.7442,35.9895],[126.7081,35.993],[126.6871,35.9839],[126.521717,35.970129],[126.523039,35.943728],[126.530706,35.943687],[126.525006,35.934158],[126.533171,35.932659],[126.537851,35.942401],[126.595404,35.947889],[126.616822,35.942561],[126.611586,35.929294],[126.610184,35.916002],[126.614549,35.891247],[126.61144,35.886487],[126.629577,35.887204],[126.641293,35.884219],[126.657638,35.884527],[126.668353,35.883623],[126.674788,35.88795161],[126.674788,35.894168],[126.699867,35.893586],[126.7262,35.8844],[126.7388,35.8887],[126.7794,35.8943],[126.7862,35.9008],[126.7954,35.9041],[126.8068,35.906],[126.8154,35.906],[126.8458,35.914],[126.8166,35.8944],[126.8006,35.8845],[126.7978,35.8804],[126.8024,35.872],[126.8012,35.8708],[126.7778,35.8584],[126.775,35.8589],[126.7554,35.8626],[126.7428,35.8644],[126.7336,35.8622],[126.7314,35.8607],[126.6988,35.8503],[126.6948,35.8484],[126.712,35.834],[126.7252,35.8262],[126.7602,35.8048],[126.7714,35.8009],[126.774312,35.800054],[126.775211,35.800566],[126.781307,35.798544],[126.787165,35.797978],[126.786,35.7783]]]]}},{"type":"Feature","properties":{"id":"Shp_WRN_POLY.14","BLN_Flag":"1","WarnCode":"S1231200","name":"전북남부앞바다","level":4,"ground":"sea"},"geometry":{"type":"MultiPolygon","coordinates":[[[[126.43178953,35.42209643],[126.427791,35.418738],[126.10392,35.49077],[126.24251,35.73304],[126.458762,35.676106],[126.524265,35.731075],[126.52973275,35.72987776],[126.5552176,35.69754398],[126.53346755,35.68816304],[126.52799765,35.67677028],[126.52375056,35.67879193],[126.5156815,35.66826926],[126.50912,35.663137],[126.499616,35.65571],[126.497602,35.658628],[126.47917,35.643353],[126.462843,35.63689],[126.4658,35.6049],[126.4758,35.5989],[126.5544,35.582],[126.5932,35.5849],[126.6222,35.5906],[126.6744,35.57],[126.675415,35.565859],[126.672562,35.556479],[126.680716,35.546561],[126.680486,35.536701],[126.6686,35.5446],[126.6206,35.5649],[126.6076,35.5425],[126.5598,35.5349],[126.5552,35.5321],[126.5326,35.5281],[126.529,35.5283],[126.5228,35.5283],[126.5188,35.5287],[126.5074,35.5249],[126.5018,35.5105],[126.4984,35.5081],[126.4978,35.5083],[126.491,35.5104],[126.4816,35.5069],[126.4712,35.4889],[126.474,35.4806],[126.4724,35.4787],[126.4436,35.446],[126.4396,35.4445],[126.453,35.4244],[126.43178953,35.42209643]]]]}},{"type":"Feature","properties":{"id":"Shp_WRN_POLY.15","BLN_Flag":"1","WarnCode":"S1231300","name":"전남북부서해앞바다","level":4,"ground":"sea"},"geometry":{"type":"MultiPolygon","coordinates":[[[[126.33848,35.171062],[126.14718946,35.1706445],[125.973122,35.22738],[126.016666,35.333333],[126.033333,35.366666],[126.10392,35.49077],[126.427791,35.418738],[126.408079,35.402385],[126.410528,35.388679],[126.4162,35.3781],[126.4172,35.3784],[126.4198,35.3762],[126.412,35.3748],[126.4164,35.3705],[126.4232,35.3625],[126.4182,35.36],[126.417,35.36],[126.4098,35.3624],[126.408,35.3605],[126.406,35.3601],[126.406,35.3647],[126.3942,35.3528],[126.3898,35.3485],[126.378,35.308],[126.37436937,35.28992656],[126.32931642,35.2869771],[126.33050729,35.27224421],[126.33604885,35.26766154],[126.32919053,35.26187659],[126.32837475,35.2504704],[126.33543806,35.24712748],[126.3262,35.2404],[126.3262,35.2406],[126.31193839,35.25052432],[126.2999461,35.22701918],[126.3007577,35.21104585],[126.31465207,35.20996498],[126.30005866,35.19632227],[126.30743011,35.17877442],[126.3542,35.1981],[126.3784,35.2085],[126.36876474,35.19307939],[126.34574015,35.18673443],[126.36283939,35.17236231],[126.3896,35.1742],[126.3794,35.1545],[126.3846,35.1548],[126.3888,35.1443],[126.3894,35.1402],[126.4096,35.1246],[126.41677,35.11375],[126.33848,35.171062]]]]}},{"type":"Feature","properties":{"id":"Shp_WRN_POLY.16","BLN_Flag":"1","WarnCode":"S1231400","name":"전남중부서해앞바다","level":4,"ground":"sea"},"geometry":{"type":"MultiPolygon","coordinates":[[[[126.41677,35.11375],[126.424,35.1028],[126.4516,35.1001],[126.4664,35.0949],[126.4482,35.0843],[126.4448,35.0806],[126.4594,35.0709],[126.45356373,35.06996219],[126.44465368,35.0575638],[126.42416747,35.04770394],[126.41933161,35.04046895],[126.42655806,35.02758452],[126.40261963,35.0281011],[126.40250826,35.05111296],[126.406,35.0647],[126.39489211,35.08431637],[126.38632975,35.08663141],[126.37438498,35.07092078],[126.36979921,35.06264528],[126.36635803,35.07862253],[126.3464,35.0769],[126.34507811,35.08471294],[126.3512,35.0842],[126.35247162,35.09940761],[126.3492,35.0968],[126.34625133,35.0919656],[126.3326357,35.09325709],[126.34411112,35.11685485],[126.34573204,35.13717044],[126.34533388,35.15749434],[126.33341863,35.14820393],[126.3276231,35.15050468],[126.32633908,35.14615416],[126.33110982,35.14095383],[126.32754047,35.13391543],[126.31768011,35.13063026],[126.30433327,35.13730851],[126.29247634,35.13900374],[126.28286404,35.13447007],[126.27307815,35.14859903],[126.25967564,35.14324401],[126.25154233,35.12895717],[126.24340566,35.11280407],[126.25318382,35.09639878],[126.2528,35.0808],[126.26441707,35.06672031],[126.26889331,35.05136638],[126.28809575,35.06105541],[126.30341225,35.04711863],[126.31530199,35.05578811],[126.30499775,35.06286983],[126.31587188,35.06946955],[126.31085391,35.07487622],[126.295,35.0944],[126.3034,35.0989],[126.3138,35.0824],[126.3232,35.086],[126.33,35.0865],[126.3332,35.0843],[126.3526,35.0369],[126.36085707,35.04132521],[126.38381414,35.04455439],[126.38747937,35.02484572],[126.33339486,34.9941596],[126.34448856,34.99619378],[126.35957937,34.99199352],[126.34664215,34.97462929],[126.32822243,34.96712789],[126.32686437,34.97252143],[126.32233043,34.97222566],[126.31884636,34.98073528],[126.31617576,34.97525128],[126.31013424,34.97568527],[126.31510555,34.9884167],[126.30627642,34.98543937],[126.3040979,34.97725887],[126.29830372,34.97675863],[126.29574926,34.96868293],[126.29646919,34.96080469],[126.31890809,34.94145882],[126.30628546,34.93320947],[126.30702111,34.92906226],[126.31216785,34.92655895],[126.31873365,34.93140787],[126.32211768,34.92870254],[126.32665632,34.93055259],[126.32852142,34.92609057],[126.32998449,34.91675986],[126.34305788,34.91495308],[126.34935837,34.917003],[126.35315883,34.92196299],[126.36748369,34.91890492],[126.37015394,34.92397216],[126.36616148,34.92999732],[126.37402337,34.94074428],[126.37449096,34.95659755],[126.36848224,34.96252748],[126.36193813,34.96286296],[126.3619774,34.97001349],[126.37132401,34.97536728],[126.36643906,34.97994581],[126.368135,34.99051056],[126.37106943,34.99723609],[126.37997683,34.96932303],[126.39392006,34.96408589],[126.3890753,34.95374229],[126.38787544,34.94234802],[126.3966445,34.93568063],[126.39018733,34.92897125],[126.39101151,34.91943483],[126.40180492,34.91524606],[126.40008918,34.90199027],[126.39102241,34.90005851],[126.38698884,34.87707321],[126.39317556,34.88150348],[126.39894518,34.87920059],[126.39511769,34.8698917],[126.3996,34.8643],[126.4036,34.8586],[126.408,34.8546],[126.409,34.8502],[126.4156,34.8402],[126.41191244,34.8417462],[126.40198921,34.84230576],[126.39000151,34.83375626],[126.37661619,34.82189604],[126.36258725,34.8063077],[126.36214063,34.79356861],[126.36712844,34.78733503],[126.36972435,34.78007468],[126.38378828,34.78074511],[126.38861466,34.78492083],[126.38830889,34.78096018],[126.40106514,34.78329059],[126.41241427,34.79134815],[126.42314983,34.79140551],[126.4338,34.7968],[126.4412,34.8002],[126.4458136,34.79148531],[126.44957796,34.78191269],[126.40759507,34.77339765],[126.38221474,34.76915081],[126.37659773,34.75260129],[126.36627382,34.74642673],[126.36423206,34.74022044],[126.39052551,34.7312116],[126.40159194,34.7357232],[126.41066286,34.74189913],[126.42571411,34.74121284],[126.43246992,34.7382831],[126.44221786,34.73264666],[126.45800209,34.7294665],[126.46758948,34.73708448],[126.47833477,34.73102535],[126.48567264,34.73948118],[126.50740959,34.72735642],[126.5178,34.7144],[126.5312,34.7046],[126.5618,34.662],[126.55274078,34.65814271],[126.56861817,34.64979345],[126.60957044,34.63255784],[126.56787631,34.64045349],[126.53093017,34.65722927],[126.50063128,34.66049682],[126.47946742,34.67965614],[126.47736329,34.66599849],[126.49504501,34.6507927],[126.47727962,34.6544022],[126.46483023,34.66585233],[126.45385687,34.68639688],[126.45789464,34.70377145],[126.44078681,34.70910944],[126.42458584,34.70351855],[126.42463779,34.71160863],[126.38990333,34.7194405],[126.38519907,34.72129101],[126.3864142,34.7255159],[126.3030621,34.7625992],[126.26365,34.77537],[126.231865,34.70623],[126.2223119,34.5882597],[126.124245,34.53234],[126.109113,34.527533],[126.03865,34.5051],[125.9133,34.448386],[125.816666,34.583333],[125.85,34.616666],[125.785556,34.787223],[125.916667,35.083334],[125.973122,35.22738],[126.14718946,35.1706445],[126.33848,35.171062],[126.41677,35.11375]]]]}},{"type":"Feature","properties":{"id":"Shp_WRN_POLY.17","BLN_Flag":"1","WarnCode":"S1231500","name":"전남남부서해앞바다","level":4,"ground":"sea"},"geometry":{"type":"MultiPolygon","coordinates":[[[[126.526911,34.292867],[126.35069,34.19438],[126.05,34.316666],[125.983333,34.333333],[125.9133,34.448386],[126.03865,34.5051],[126.109113,34.527533],[126.124245,34.53234],[126.2223119,34.5882597],[126.231865,34.70623],[126.26365,34.77537],[126.3030621,34.7625992],[126.3864142,34.7255159],[126.38519907,34.72129101],[126.38990333,34.7194405],[126.37712862,34.71301864],[126.37056887,34.70684997],[126.36864234,34.69867654],[126.3548251,34.69396471],[126.35107554,34.69615295],[126.3450257,34.69006516],[126.3491091,34.67990277],[126.35937093,34.67686241],[126.37347129,34.68788872],[126.37802562,34.69511962],[126.3735795,34.70704553],[126.37873373,34.70930376],[126.39206175,34.6941319],[126.36461912,34.67394352],[126.36257975,34.66773851],[126.36728098,34.65674537],[126.37497089,34.64284181],[126.38871442,34.63657553],[126.39292657,34.62869004],[126.40094858,34.62969248],[126.40253091,34.64273121],[126.40574228,34.63526329],[126.41653144,34.63790939],[126.40718932,34.62614637],[126.42940026,34.61341987],[126.42933848,34.60389576],[126.44731952,34.59677477],[126.46160217,34.59836408],[126.4653258,34.59379128],[126.45102148,34.58888998],[126.45222934,34.58246617],[126.41728153,34.59794412],[126.40881734,34.60584803],[126.39029953,34.60799494],[126.38383078,34.61526766],[126.37433742,34.61944595],[126.37312249,34.62607654],[126.36818195,34.63851937],[126.36201615,34.6370349],[126.35673845,34.65646767],[126.34603192,34.66823584],[126.33878831,34.68767639],[126.3491677,34.70584209],[126.3336508,34.73704552],[126.31215179,34.75046744],[126.29553565,34.76144287],[126.28074112,34.74085406],[126.27529131,34.72671067],[126.27671719,34.71618887],[126.26392182,34.70166206],[126.2632,34.6867],[126.2658,34.6848],[126.2636,34.6804],[126.2606,34.6804],[126.2598,34.6785],[126.2564,34.6763],[126.2596,34.6585],[126.26171525,34.64114331],[126.27870841,34.63074257],[126.28797966,34.63133664],[126.29197219,34.62780462],[126.2831749,34.62079071],[126.27787257,34.61066041],[126.2888,34.6044],[126.28156377,34.5953283],[126.29756308,34.5898974],[126.30805197,34.57504998],[126.31148313,34.56873631],[126.3156,34.5442],[126.3066,34.5481],[126.305,34.5587],[126.2402,34.5661],[126.269,34.5509],[126.2716,34.5307],[126.26,34.5245],[126.2628,34.5187],[126.2454,34.5183],[126.2446,34.5123],[126.2252,34.5346],[126.213,34.5209],[126.2234,34.5165],[126.2016,34.5102],[126.216,34.502],[126.2166,34.4889],[126.2292,34.4783],[126.2438,34.4827],[126.2414,34.4789],[126.2358,34.4765],[126.2212,34.4622],[126.2136,34.4369],[126.2042,34.4222],[126.1952,34.4103],[126.1912,34.4203],[126.206,34.4942],[126.1172,34.4565],[126.1282,34.4386],[126.1174,34.4466],[126.1118,34.4466],[126.1076,34.4444],[126.1182,34.407],[126.1206,34.3844],[126.1386,34.3842],[126.13,34.3564],[126.148,34.3567],[126.1568,34.356],[126.1744,34.3523],[126.1842,34.3482],[126.2128,34.3681],[126.2212,34.3645],[126.28,34.3905],[126.2844,34.3906],[126.2958,34.4061],[126.3032,34.4044],[126.3094,34.4069],[126.319,34.4269],[126.3172,34.4104],[126.3574,34.4766],[126.3798,34.4767],[126.3824,34.48],[126.375,34.4963],[126.3816,34.5009],[126.374,34.5122],[126.3658,34.5163],[126.3606,34.524],[126.3434,34.5405],[126.3286,34.5501],[126.3266,34.5484],[126.315601,34.544201],[126.311484,34.568737],[126.32095112,34.5600104],[126.32847968,34.5643326],[126.33577785,34.57238156],[126.36399117,34.55985808],[126.38401933,34.56143685],[126.39022161,34.55230318],[126.37963475,34.53868248],[126.39536467,34.53365132],[126.40970159,34.54642624],[126.43296296,34.54549689],[126.43690845,34.53678472],[126.45388418,34.53173841],[126.44031966,34.52310702],[126.46380656,34.51989227],[126.47371504,34.50659665],[126.45867458,34.50108048],[126.45751024,34.47728345],[126.4736,34.4625],[126.4722,34.4566],[126.4784,34.4485],[126.4682,34.4504],[126.458,34.4466],[126.47843189,34.42831135],[126.5046,34.4346],[126.5072,34.4365],[126.5124,34.4205],[126.5186,34.4127],[126.5104,34.4041],[126.4919124,34.40439774],[126.49130811,34.3886392],[126.4736,34.3805],[126.4742,34.352],[126.4925366,34.35711196],[126.51107964,34.36065246],[126.5242,34.346],[126.5266,34.3347],[126.515117,34.31577883],[126.52466741,34.2918895],[126.526911,34.292867]]]]}},{"type":"Feature","properties":{"id":"Shp_WRN_POLY.18","BLN_Flag":"1","WarnCode":"S1232110","name":"서해남부북쪽 안쪽먼바다","level":3,"ground":"sea"},"geometry":{"type":"MultiPolygon","coordinates":[[[[124,34.452223],[125,36],[126.27406,36.00001],[126.314445,35.858056],[126.033333,35.366666],[126.016667,35.333334],[125.973122,35.22738],[125.916667,35.083334],[125.785556,34.787223],[125.85,34.616666],[125.816666,34.583333],[125.9133,34.448386],[124,34.452223]]]]}},{"type":"Feature","properties":{"id":"Shp_WRN_POLY.19","BLN_Flag":"1","WarnCode":"S1232120","name":"서해남부북쪽 바깥먼바다","level":3,"ground":"sea"},"geometry":{"type":"MultiPolygon","coordinates":[[[[124,34.452223],[122.674,34.454],[122.713783,36],[125,36],[124,34.452223]]]]}},{"type":"Feature","properties":{"id":"Shp_WRN_POLY.20","BLN_Flag":"1","WarnCode":"S1232210","name":"서해남부남쪽 안쪽먼바다","level":3,"ground":"sea"},"geometry":{"type":"MultiPolygon","coordinates":[[[[124.5,33.229723],[124,34.452223],[125.9133,34.448386],[125.983333,34.333333],[126.05,34.316666],[126.35069,34.19438],[125.360804,33.684632],[124.5,33.229723]]]]}},{"type":"Feature","properties":{"id":"Shp_WRN_POLY.21","BLN_Flag":"1","WarnCode":"S1232220","name":"서해남부남쪽 바깥먼바다","level":3,"ground":"sea"},"geometry":{"type":"MultiPolygon","coordinates":[[[[124.5,33.229723],[122.713894,32.189154],[122.672,34.454],[124,34.452223],[124.5,33.229723]]]]}},{"type":"Feature","properties":{"id":"Shp_WRN_POLY.22","BLN_Flag":"1","WarnCode":"S1251100","name":"인천.경기북부앞바다","level":4,"ground":"sea"},"geometry":{"type":"MultiPolygon","coordinates":[[[[124.772223,37.779167],[124.728889,37.8425],[124.746667,37.961389],[124.667873,37.983849],[124.667873,38],[125.107685,38.000166],[125.06969982,37.92481708],[125.08511561,37.89111205],[125.16450046,37.87997486],[125.20758171,37.89051591],[125.23353151,37.95718519],[125.2708614,37.93584772],[125.2542025,37.90758918],[125.31298374,37.89740408],[125.31325739,37.8721255],[125.25458393,37.83134485],[125.26550519,37.82041697],[125.31514357,37.84033577],[125.31288648,37.8113738],[125.39747663,37.88652627],[125.45286184,37.90722914],[125.48431019,37.90046264],[125.50606813,37.88181498],[125.50502104,37.81820672],[125.42284165,37.81287796],[125.37321511,37.79056742],[125.35413484,37.74723629],[125.34267827,37.7133301],[125.39478833,37.73689029],[125.47019103,37.74261383],[125.48134376,37.75979225],[125.6179,37.7641],[125.6201197,37.7636452],[125.6208513,37.7659656],[125.6145013,37.77313],[125.6142099,37.784295],[125.623529,37.7936851],[125.6249219,37.797921],[125.6237452,37.8002029],[125.6028421,37.8052485],[125.6018531,37.8099379],[125.6133063,37.8107189],[125.6232923,37.8187853],[125.6391323,37.8210485],[125.643996,37.8273435],[125.6447539,37.834089],[125.6416924,37.8343368],[125.6371281,37.8260663],[125.6295112,37.8270344],[125.6262669,37.8303528],[125.6259473,37.8341966],[125.6159538,37.85577],[125.6322809,37.8575829],[125.6382054,37.8549774],[125.6419425,37.8588331],[125.6368045,37.8676565],[125.6404362,37.8735991],[125.6348368,37.8738451],[125.6327412,37.8830776],[125.6432533,37.8931385],[125.6460929,37.9011287],[125.6546222,37.901333],[125.6597808,37.8953634],[125.6738939,37.8934157],[125.6928749,37.8963614],[125.7073593,37.9021679],[125.7286585,37.9178301],[125.7357976,37.9300033],[125.7375764,37.9387801],[125.7328618,37.9391467],[125.730712,37.9278781],[125.721398,37.9211469],[125.7184227,37.9306307],[125.7116309,37.927455],[125.7065996,37.921863],[125.6978224,37.9222172],[125.7025084,37.9283869],[125.6970578,37.932649],[125.7074681,37.9585794],[125.7210125,37.9598928],[125.7202429,37.9648177],[125.7114441,37.9700043],[125.7048019,37.972386],[125.7005408,37.9608926],[125.6929893,37.9703267],[125.6827571,37.978734],[125.6863802,37.9812941],[125.6910642,37.9920402],[125.6881607,37.9928913],[125.6808565,37.9888768],[125.6463611,37.9668008],[125.5805924,38.0112255],[125.6049246,38.0306383],[125.621947,38.0219559],[125.6483105,38.0201779],[125.6516617,38.0250836],[125.6789078,38.0265635],[125.6856623,38.0234564],[125.691109,38.0075104],[125.6944491,38.0147956],[125.6995697,38.014459],[125.699008,38.0053009],[125.698107,37.9956375],[125.7152876,37.9912984],[125.7199614,38.0026053],[125.7150043,38.0096534],[125.7076796,38.017829],[125.7485461,38.0189041],[125.7672777,38.0077187],[125.7704768,37.9998129],[125.7802411,37.9954592],[125.7936741,37.9954596],[125.7937698,37.9995478],[125.7991366,37.9992165],[125.7981324,37.9937265],[125.8057602,37.990651],[125.8093474,37.9959343],[125.8179952,37.9890932],[125.8082262,37.9843624],[125.7955273,37.9650968],[125.7957446,37.958323],[125.8014837,37.9510838],[125.8244305,37.9474379],[125.8341034,37.9513843],[125.8367703,37.947133],[125.8301227,37.9416778],[125.8394442,37.9235779],[125.8562805,37.9115971],[125.8584323,37.8979519],[125.8656156,37.8856384],[125.8808815,37.8907529],[125.8864412,37.8805856],[125.8722104,37.8755777],[125.8744699,37.8713191],[125.8856381,37.8748766],[125.8929814,37.8632238],[125.9060735,37.836975],[125.9126141,37.8128741],[125.9683902,37.8267131],[125.9648979,37.831869],[125.9833576,37.8339651],[126.0050646,37.824763],[126.0291522,37.8261747],[126.0364365,37.8195198],[126.0560139,37.8193542],[126.0741867,37.7858066],[126.1004778,37.7816654],[126.0905831,37.7555747],[126.1091964,37.7499733],[126.1929567,37.7499735],[126.188317,37.7942039],[126.2006739,37.8145616],[126.2206772,37.8206442],[126.2994514,37.8253963],[126.3229014,37.831292],[126.3788904,37.8564977],[126.3934104,37.8584364],[126.4188478,37.8502674],[126.451489,37.8313214],[126.4839064,37.8094821],[126.502577,37.8028946],[126.5098708,37.7990506],[126.5145491,37.795646],[126.5229391,37.7906291],[126.5105486,37.78294704],[126.5334,37.7447],[126.5302,37.7321],[126.517,37.726],[126.518,37.7285],[126.5232,37.748],[126.4544,37.8064],[126.432,37.8267],[126.4286,37.8266],[126.4182,37.8209],[126.392,37.814],[126.3262,37.8013],[126.2347,37.8072],[126.2279,37.8026],[126.2275,37.7864],[126.2201,37.758],[126.2626,37.7629],[126.2982,37.7641],[126.324,37.7805],[126.3365,37.794],[126.326201,37.801301],[126.3913,37.8138],[126.3578,37.7759],[126.3528,37.7455],[126.3493,37.7233],[126.3433,37.7203],[126.3406,37.7185],[126.3258,37.74],[126.2917,37.707],[126.2858,37.6988],[126.3287,37.6636],[126.3339,37.6601],[126.3384,37.6564],[126.3538,37.6464],[126.3783,37.6605],[126.3496,37.7047],[126.352,37.7058],[126.3609,37.7025],[126.3778,37.6962],[126.3867,37.6903],[126.3918,37.6803],[126.4028,37.6667],[126.417,37.5964],[126.434,37.5949],[126.453,37.59],[126.4634,37.5904],[126.4618,37.5986],[126.473,37.6145],[126.4916,37.5961],[126.5338,37.6342],[126.5264,37.6465],[126.5249998,37.6640332],[126.5206,37.686],[126.5214,37.6884],[126.517001,37.726001],[126.530201,37.732101],[126.536,37.6942],[126.5356,37.6906],[126.5338,37.6787],[126.5438,37.6664],[126.5434,37.6581],[126.539297,37.653481],[126.5458,37.6361],[126.5531,37.6167],[126.5559,37.6045],[126.566,37.5939],[126.5716,37.5881],[126.5761,37.5824],[126.2589,37.5574],[125.9708,37.6071],[125.7055,37.6022],[124.772223,37.779167]]]]}},{"type":"Feature","properties":{"id":"Shp_WRN_POLY.23","BLN_Flag":"1","WarnCode":"S1251200","name":"인천.경기남부앞바다","level":4,"ground":"sea"},"geometry":{"type":"MultiPolygon","coordinates":[[[[125.94958,36.95799],[125.975,37.036389],[124.772223,37.779167],[125.7055,37.6022],[125.9708,37.6071],[126.2589,37.5574],[126.5761,37.5824],[126.593733,37.55426962],[126.6025679,37.53945743],[126.6000999,37.5391926],[126.599552,37.5332855],[126.6026694,37.5331307],[126.602671,37.5277896],[126.6109046,37.527587],[126.6130227,37.5154891],[126.6119612,37.5153465],[126.6130144,37.5151551],[126.6134429,37.5127395],[126.610913,37.5128883],[126.6040992,37.5100386],[126.6053267,37.49891948],[126.626766,37.497194],[126.629665,37.499543],[126.62968,37.502355],[126.634041,37.503298],[126.635129,37.506249],[126.640978,37.506217],[126.640915,37.495619],[126.63014,37.493104],[126.632023,37.487682],[126.631708,37.48744],[126.627468,37.48532856],[126.626863,37.490592],[126.627337,37.491437],[126.626248,37.492517],[126.624098,37.492104],[126.624619,37.491068],[126.624002,37.489372],[126.623544,37.489506],[126.623956,37.490239],[126.623086,37.491835],[126.618295,37.490383],[126.618894,37.488883],[126.618353,37.488724],[126.617676,37.490205],[126.616111,37.489751],[126.617165,37.487044],[126.616215,37.486926],[126.615206,37.489062],[126.613064,37.488414],[126.584528,37.489937],[126.5783475,37.50039811],[126.5783853,37.50456981],[126.5692569,37.5085853],[126.5656485,37.51507228],[126.5559812,37.51762945],[126.5442448,37.52332598],[126.525424,37.52780685],[126.5207623,37.53429796],[126.5126436,37.53454829],[126.4976915,37.53191151],[126.4954306,37.52581051],[126.4937993,37.5181002],[126.4919211,37.5122686],[126.4834816,37.50438286],[126.4703796,37.50298488],[126.4648586,37.49988166],[126.432347,37.50378],[126.3735834,37.47189482],[126.3696544,37.47128362],[126.3686083,37.47365484],[126.3631149,37.47409201],[126.3591847,37.47327182],[126.3583844,37.47056315],[126.3560245,37.46973723],[126.3567828,37.46493728],[126.3570281,37.46201635],[126.3596411,37.46138131],[126.3609305,37.45803951],[126.3651059,37.45614726],[126.3661596,37.45739486],[126.3692895,37.45571482],[126.3697862,37.45112444],[126.3684661,37.4490436],[126.3692437,37.44778933],[126.3723719,37.44590067],[126.3702731,37.4448656],[126.366605,37.44383623],[126.3639797,37.44217725],[126.3676345,37.44091254],[126.3718195,37.44089713],[126.3765314,37.44150527],[126.3791198,37.43690711],[126.381216,37.43752487],[126.381495,37.44044371],[126.3888124,37.43937281],[126.3903843,37.43978384],[126.3893482,37.44145639],[126.3951311,37.44602226],[126.4037265,37.44014821],[126.3997744,37.43557562],[126.4013305,37.43348378],[126.4058018,37.43742851],[126.409206,37.43804038],[126.4180346,37.42820159],[126.4190549,37.42228471],[126.4234947,37.42143185],[126.4256005,37.42350851],[126.4350014,37.4215912],[126.4418001,37.42156151],[126.4767223,37.44079799],[126.4966644,37.44883549],[126.5070008,37.46567836],[126.5214214,37.46915038],[126.5424301,37.47779958],[126.549344,37.47678166],[126.566875,37.480441],[126.5700805,37.48354945],[126.584529,37.489938],[126.6130658,37.4884152],[126.6141621,37.4857939],[126.6131266,37.4855454],[126.611949,37.4880598],[126.6098059,37.4873844],[126.6116215,37.4834535],[126.6193782,37.4858323],[126.6167439,37.4835676],[126.6127111,37.4823503],[126.6141278,37.4790462],[126.6136258,37.4788704],[126.6119688,37.4821214],[126.6062262,37.4804653],[126.606027,37.4809174],[126.6054374,37.4807587],[126.6056586,37.4802893],[126.6050689,37.480148],[126.6045381,37.4812782],[126.6098215,37.4829154],[126.6080517,37.4867929],[126.6062173,37.4862818],[126.6074118,37.4837084],[126.6064948,37.4834267],[126.6058533,37.4848177],[126.6028601,37.4842678],[126.6026079,37.4823513],[126.6014504,37.4820688],[126.6016724,37.48146],[126.6005131,37.4815083],[126.5976282,37.4772971],[126.5955491,37.471828],[126.5957964,37.4705751],[126.5946036,37.4687895],[126.5959941,37.4704138],[126.5974401,37.4698615],[126.5990728,37.467133],[126.6001242,37.4667709],[126.5999683,37.4660791],[126.6032441,37.4655],[126.6034683,37.4662167],[126.6055476,37.466213],[126.6079705,37.467172],[126.6099053,37.4691338],[126.6070258,37.4755926],[126.6083424,37.4759664],[126.6094786,37.4734812],[126.611088,37.4738949],[126.609952,37.4763413],[126.6123171,37.4769909],[126.6154775,37.4702146],[126.616227,37.4698944],[126.6141594,37.4677555],[126.6141723,37.4640714],[126.6198241,37.4618863],[126.6194739,37.4611878],[126.6249718,37.4590478],[126.6242933,37.4579366],[126.6121597,37.4624058],[126.6033342,37.4601344],[126.602684,37.4608743],[126.6048033,37.4645259],[126.5996392,37.4654589],[126.5989411,37.4648876],[126.595797,37.4643119],[126.5939296,37.4653646],[126.5923374,37.4647236],[126.5931408,37.4637025],[126.5935669,37.4587257],[126.592553,37.4576983],[126.5946872,37.4564699],[126.5969888,37.4570427],[126.5999471,37.459136],[126.6017745,37.4572356],[126.5968232,37.4548885],[126.5942931,37.4555859],[126.5932774,37.4549115],[126.5963115,37.4511584],[126.5962695,37.4507345],[126.5928579,37.4505815],[126.5929085,37.4412959],[126.6030114,37.4413659],[126.6106143,37.4534663],[126.6128788,37.4526618],[126.6098027,37.447638],[126.618151,37.4443466],[126.616569,37.441764],[126.6105736,37.4442864],[126.6081113,37.4406062],[126.6150383,37.4378399],[126.6143737,37.4367932],[126.6160808,37.4362807],[126.6146481,37.4320342],[126.6235018,37.4322093],[126.6247445,37.4342711],[126.6252213,37.4339897],[126.6300822,37.4415835],[126.6315525,37.441975],[126.63155,37.4413719],[126.632593,37.4415098],[126.6330091,37.4395525],[126.6346492,37.4309811],[126.6341754,37.4300108],[126.6115283,37.4299881],[126.6114123,37.4281895],[126.6041429,37.4174268],[126.6114602,37.4175181],[126.6118292,37.3609947],[126.6171218,37.3610121],[126.6172818,37.3428302],[126.655958,37.3431741],[126.659476,37.3445903],[126.6753403,37.3525704],[126.7159059,37.3790521],[126.7160535,37.3803937],[126.7176813,37.3810881],[126.7208882,37.381118],[126.7292642,37.3876606],[126.736515,37.3954064],[126.7366739,37.3943353],[126.7345112,37.3920226],[126.7334882,37.3890119],[126.7336978,37.3882294],[126.734994,37.3870784],[126.7374192,37.3881966],[126.7405248,37.3868848],[126.7394452,37.3852339],[126.7421366,37.3841272],[126.7418282,37.383632],[126.7330746,37.3871766],[126.731647,37.3791675],[126.7267836,37.3760252],[126.7149724,37.3702616],[126.7008897,37.3549188],[126.7004273,37.3536499],[126.7025714,37.3516443],[126.7017857,37.350884],[126.694125,37.3486307],[126.6937945,37.3494502],[126.6928879,37.3482733],[126.6884219,37.3488394],[126.687197,37.3455735],[126.6861214,37.3457198],[126.6857684,37.3463154],[126.6851201,37.3448782],[126.685983,37.3452906],[126.6870125,37.3449764],[126.6855655,37.340856],[126.6898379,37.3398831],[126.6911072,37.3380856],[126.6911618,37.3363818],[126.6895539,37.3351171],[126.6870895,37.3344502],[126.6870931,37.3335945],[126.6924364,37.3338662],[126.6957174,37.3318386],[126.6958738,37.3311271],[126.6970312,37.3310463],[126.7111059,37.3221671],[126.7115559,37.3218083],[126.7106447,37.3208633],[126.722775,37.3133889],[126.7237979,37.3144496],[126.7321146,37.3090486],[126.7745785,37.2971132],[126.7738937,37.2955809],[126.7745834,37.2948277],[126.7751717,37.2949266],[126.7757068,37.2968621],[126.7844852,37.2943653],[126.785754,37.2944455],[126.7977162,37.2970085],[126.797925,37.2963127],[126.8066717,37.2977568],[126.8071276,37.299271],[126.8162948,37.297987],[126.8138946,37.2950327],[126.8216263,37.2907847],[126.8277229,37.2915938],[126.8284566,37.2888812],[126.8257109,37.2887917],[126.8260509,37.286651],[126.827681,37.2837298],[126.8342895,37.2782423],[126.8396803,37.275491],[126.8460824,37.2683325],[126.8493518,37.2684676],[126.847873,37.2655964],[126.849742,37.2649485],[126.8497448,37.2635713],[126.848216,37.2618095],[126.8462065,37.2608887],[126.8448622,37.2625319],[126.8447149,37.2642533],[126.8416439,37.2663743],[126.8373552,37.2708622],[126.8354302,37.2711327],[126.8311902,37.2739611],[126.8288451,37.2708841],[126.8273057,37.2708819],[126.8267887,37.2725203],[126.824179,37.2729604],[126.8228492,37.2746659],[126.8207937,37.2758239],[126.8104153,37.2804383],[126.8088722,37.2817677],[126.8096792,37.2839888],[126.8121132,37.2855296],[126.8111252,37.2872356],[126.808644,37.2873681],[126.8044142,37.2855511],[126.8010509,37.2796714],[126.799171,37.2789852],[126.8005427,37.2777922],[126.8035826,37.2765338],[126.8049982,37.2748969],[126.8083506,37.2683934],[126.8098895,37.2686349],[126.8104491,37.2671673],[126.8092527,37.2667897],[126.805486,37.2682178],[126.8037753,37.2682833],[126.8021469,37.2696124],[126.7961138,37.2708998],[126.7945711,37.2689505],[126.7922619,37.2689464],[126.7900856,37.2673032],[126.7900876,37.2666202],[126.7915895,37.2647446],[126.7919353,37.2634133],[126.7915134,37.2613431],[126.7930153,37.2594333],[126.7880676,37.2551555],[126.7894992,37.2478054],[126.7881359,37.2461636],[126.7892914,37.2456876],[126.789338,37.2443558],[126.7780391,37.2459298],[126.7777552,37.2407724],[126.7782727,37.2392264],[126.7830744,37.2343518],[126.7851257,37.2344921],[126.7862772,37.2328857],[126.781713,37.2343727],[126.7775883,37.2378859],[126.7758649,37.2469121],[126.775155,37.2479131],[126.7724507,37.2489957],[126.7675155,37.2483028],[126.7638415,37.2527934],[126.7592403,37.2536086],[126.7569833,37.2550283],[126.7515395,37.2551668],[126.7489097,37.2557609],[126.7463999,37.254307],[126.7450618,37.2557526],[126.7416704,37.2541135],[126.7406873,37.2551317],[126.7383109,37.2539385],[126.7355068,37.2507087],[126.7340066,37.2503305],[126.7293934,37.254443],[126.7277987,37.2542144],[126.7266663,37.255936],[126.7265656,37.2578098],[126.7254366,37.2585569],[126.7240293,37.2584036],[126.7236572,37.2575032],[126.7216472,37.2567776],[126.7172387,37.2560923],[126.7142329,37.2567597],[126.7101897,37.2586989],[126.7040895,37.2586087],[126.7017339,37.2609266],[126.7002331,37.2606979],[126.6985403,37.2615182],[126.6930966,37.2615041],[126.689149,37.262843],[126.6867093,37.2626866],[126.684846,37.2593832],[126.681101,37.2571991],[126.6797839,37.2579451],[126.679404,37.2589936],[126.6797727,37.2605689],[126.6782247,37.2613298],[126.6768825,37.2607123],[126.6753751,37.2574083],[126.6765039,37.2568117],[126.6785683,37.2568923],[126.6802615,37.2559974],[126.6765835,37.2464542],[126.6741988,37.2451746],[126.6737608,37.2441125],[126.6719465,37.2440014],[126.6689426,37.2426492],[126.6677452,37.2431763],[126.6671146,37.2456498],[126.6638877,37.2446858],[126.6626432,37.2458138],[126.6619369,37.2453874],[126.6549575,37.2467932],[126.6561265,37.2479873],[126.6549267,37.2490092],[126.6521368,37.2492485],[126.6523513,37.2507343],[126.6505486,37.2541551],[126.649912,37.2541532],[126.6496987,37.2494127],[126.6494007,37.2489943],[126.6481795,37.2491749],[126.6462337,37.247409],[126.6490869,37.2476632],[126.6494153,37.2443253],[126.6514262,37.2402294],[126.6514193,37.2387746],[126.6555504,37.2347347],[126.6576097,37.2359277],[126.6566797,37.2377805],[126.6597101,37.23769],[126.6612889,37.2382113],[126.6645057,37.2367659],[126.6650599,37.233895],[126.6647431,37.2331985],[126.6666237,37.2321611],[126.6671387,37.2298217],[126.6683567,37.228967],[126.6696002,37.2302977],[126.6708743,37.2298672],[126.6715874,37.2302655],[126.6729354,37.2295638],[126.673094,37.2280115],[126.6773614,37.2235748],[126.6755447,37.2210883],[126.6740458,37.2213839],[126.6725708,37.2205394],[126.671415,37.2205543],[126.6715313,37.2198041],[126.6692197,37.2175142],[126.6678407,37.2180775],[126.6667318,37.2177865],[126.6660611,37.2166029],[126.6675245,37.2149751],[126.6670445,37.2132785],[126.6654212,37.212001],[126.666072,37.210379],[126.64862,37.21242],[126.617,37.2544],[126.5724,37.2769],[126.5704,37.2785],[126.5634,37.272],[126.5492,37.2768],[126.5624,37.2542],[126.5648,37.192],[126.5728,37.2049],[126.5788,37.2203],[126.602,37.2244],[126.602,37.2285],[126.6334,37.2148],[126.6486,37.2084],[126.64861,37.21241],[126.666071,37.210378],[126.6539806,37.1544608],[126.6882,37.156],[126.6944,37.1503],[126.6762,37.1325],[126.6825228,37.1123404],[126.7508,37.1642],[126.7628,37.1668],[126.7768,37.1709],[126.7918,37.1703],[126.7852,37.1505],[126.7912,37.1465],[126.812,37.1369],[126.7872,37.132],[126.7766,37.1263],[126.758,37.1069],[126.7702,37.0988],[126.768185,37.08446456],[126.7774095,37.06082962],[126.7774161,37.05601046],[126.7673407,37.05438606],[126.7713956,37.03428195],[126.7927418,37.02679317],[126.8033988,37.02170692],[126.8502973,37.03574894],[126.8743091,37.04293934],[126.8530701,37.01457472],[126.8469108,37.01056387],[126.8196473,37.00693658],[126.7901217,36.99868367],[126.7939472,36.9929233],[126.8048951,36.99596107],[126.8093127,36.99608161],[126.8238141,36.99283425],[126.847675,36.95560254],[126.8725594,36.94293943],[126.8957045,36.93216105],[126.9045068,36.92603988],[126.9094,36.9061],[126.897,36.8865],[126.8818,36.884],[126.8698,36.8785],[126.8599,36.879],[126.805596,36.967036],[126.7098,37.0203],[126.3735,37.099],[125.94958,36.95799]]]]}},{"type":"Feature","properties":{"id":"Shp_WRN_POLY.24","BLN_Flag":"1","WarnCode":"S1251300","name":"충남북부앞바다","level":4,"ground":"sea"},"geometry":{"type":"MultiPolygon","coordinates":[[[[126.16642713,36.31324213],[125.854999,36.66473],[125.94958,36.95799],[126.3735,37.099],[126.7098,37.0203],[126.805596,36.967036],[126.8599,36.879],[126.853264,36.882536],[126.846986,36.878423],[126.847296,36.862589],[126.832254,36.862091],[126.828054,36.878166],[126.826908,36.88984],[126.817911,36.896164],[126.813252,36.917451],[126.812317,36.925584],[126.807194,36.930833],[126.801916,36.923793],[126.791427,36.93596],[126.7942,36.9428],[126.7858,36.9462],[126.7868,36.9508],[126.7884,36.9529],[126.7852,36.9546],[126.7784,36.9605],[126.7826,36.9668],[126.782826,36.975613],[126.746845,36.985473],[126.713183,36.994679],[126.705076,36.989736],[126.703834,36.994954],[126.69973,36.999775],[126.689602,37.000054],[126.682302,36.997604],[126.648031,36.999499],[126.639187,36.998306],[126.617951,37.005107],[126.59805,37.016272],[126.578896,37.024511],[126.543614,37.031794],[126.5122,37.0566],[126.5015,37.0573],[126.5012,37.0573],[126.463347,37.010945],[126.4095,37.0085],[126.392172,37.008281],[126.367798,37.011134],[126.327186,36.99544],[126.3308,36.9829],[126.3798,36.9769],[126.3808,36.9661],[126.3778,36.9623],[126.3722,36.9586],[126.3664,36.9641],[126.364,36.9663],[126.361,36.9665],[126.3538,36.9665],[126.3442,36.9662],[126.3346,36.9688],[126.334,36.9606],[126.3588,36.9424],[126.3576,36.9402],[126.3666,36.9403],[126.375,36.9463],[126.375,36.9444],[126.3826,36.9424],[126.384,36.9389],[126.3832,36.9341],[126.3892,36.9303],[126.4066,36.9309],[126.4114,36.9321],[126.4184,36.9201],[126.4066,36.9184],[126.4124,36.9128],[126.4122,36.9122],[126.4122,36.9063],[126.42,36.904],[126.4296,36.8961],[126.4194,36.8965],[126.4066,36.8947],[126.3992,36.8821],[126.4004,36.88],[126.3926,36.8783],[126.3776,36.8749],[126.3752,36.8768],[126.3758,36.8626],[126.3672,36.8528],[126.3596,36.8468],[126.3552,36.8304],[126.3446,36.8448],[126.3456,36.8505],[126.3458,36.8528],[126.3418,36.8585],[126.326,36.8541],[126.3272,36.8505],[126.3212,36.8485],[126.3236,36.8481],[126.3264,36.8442],[126.328,36.8286],[126.3358,36.8265],[126.3356,36.8149],[126.3254,36.8129],[126.3224,36.8165],[126.3218,36.8144],[126.3192,36.8124],[126.304,36.8029],[126.301,36.8049],[126.3006,36.8049],[126.2906,36.8],[126.2794,36.8105],[126.3038,36.8261],[126.317,36.8341],[126.316,36.836],[126.3052,36.8386],[126.3028,36.8383],[126.2982,36.8441],[126.2964,36.8465],[126.2982,36.8503],[126.3062,36.8581],[126.3082,36.8644],[126.3088,36.866],[126.313,36.8709],[126.3144,36.8784],[126.3148,36.8787],[126.3208,36.8984],[126.3214,36.9001],[126.3102,36.9105],[126.3102,36.9108],[126.3058,36.9343],[126.3058,36.9344],[126.3036,36.9423],[126.3054,36.944],[126.3014,36.9548],[126.2996,36.9589],[126.2954,36.9589],[126.3046,36.9647],[126.3006,36.9765],[126.2976,36.9729],[126.2968,36.9685],[126.295,36.968],[126.2866,36.9605],[126.293,36.9206],[126.2892,36.9148],[126.2868,36.9102],[126.2852,36.9087],[126.2854,36.9047],[126.2826,36.8985],[126.2794,36.8969],[126.2748,36.8849],[126.2736,36.8844],[126.2736,36.8803],[126.2754,36.8781],[126.2732,36.8748],[126.259,36.8768],[126.2554,36.8761],[126.2244,36.8829],[126.2274,36.8863],[126.2342,36.8901],[126.236,36.8921],[126.244,36.9042],[126.2338,36.9027],[126.2174,36.8982],[126.2108,36.8965],[126.2084,36.8968],[126.2072,36.898],[126.205,36.9028],[126.2044,36.9001],[126.2036,36.896],[126.2036,36.8943],[126.1994,36.8924],[126.18,36.886],[126.19,36.8767],[126.185,36.8668],[126.185,36.8648],[126.1914,36.8586],[126.1918,36.858],[126.1926,36.8569],[126.1943,36.8548],[126.1948,36.8536],[126.1945,36.8516],[126.1931,36.8489],[126.1884,36.8432],[126.1884,36.8431],[126.1753,36.8356],[126.1712,36.838],[126.1586,36.8463],[126.155,36.8422],[126.1548,36.8367],[126.153,36.8348],[126.1476,36.8362],[126.1576,36.8264],[126.1594,36.8244],[126.1562,36.8206],[126.155,36.8208],[126.1538,36.8189],[126.1568,36.816],[126.1538,36.8148],[126.1518,36.8128],[126.1462,36.8029],[126.1492,36.8005],[126.145,36.7983],[126.1432,36.7986],[126.1448,36.794],[126.1374,36.7826],[126.1326,36.7841],[126.1324,36.7785],[126.1354,36.7761],[126.13,36.7746],[126.1288,36.7724],[126.1286,36.7726],[126.125,36.772],[126.1154,36.7704],[126.1112,36.7704],[126.1112,36.7685],[126.1122,36.7668],[126.124328,36.755377],[126.132183,36.752582],[126.122431,36.73548],[126.1222,36.7223],[126.1212,36.7127],[126.126,36.7084],[126.1298,36.714],[126.1346,36.7162],[126.1426,36.7226],[126.149734,36.753041],[126.1688,36.7549],[126.171,36.7525],[126.1758,36.7526],[126.18,36.7509],[126.1838,36.7483],[126.1842,36.7442],[126.2116,36.7328],[126.2112,36.7302],[126.211,36.7285],[126.2046,36.7147],[126.2064,36.7121],[126.1918,36.7041],[126.1608,36.7082],[126.1516,36.6905],[126.1648,36.6845],[126.1646,36.6747],[126.1676,36.676],[126.204,36.6829],[126.2156,36.6922],[126.2216,36.6905],[126.224,36.6901],[126.2272,36.6925],[126.2296,36.694],[126.2332,36.6942],[126.2332,36.6964],[126.2328,36.6988],[126.2412,36.7005],[126.236,36.714],[126.2548,36.7163],[126.2584,36.7182],[126.2652,36.7221],[126.269,36.7267],[126.2714,36.7282],[126.2762,36.7246],[126.2734,36.7147],[126.2738,36.6988],[126.2756,36.6983],[126.2622,36.6944],[126.2622,36.6903],[126.2702,36.6704],[126.2738,36.6706],[126.278,36.6702],[126.2812,36.6724],[126.2938,36.6601],[126.2972,36.6542],[126.2994,36.648],[126.301,36.6388],[126.3022,36.636],[126.2916,36.6146],[126.2916,36.612],[126.2886,36.6149],[126.2902,36.6105],[126.2912,36.6],[126.3166,36.5847],[126.3136,36.5804],[126.3298,36.5441],[126.3288,36.5388],[126.3274,36.5328],[126.327,36.512],[126.3276,36.5087],[126.3326,36.5047],[126.3376,36.502],[126.3336,36.4785],[126.3428,36.4705],[126.341,36.4662],[126.3564,36.4445],[126.3642,36.4485],[126.373,36.4365],[126.3532,36.4223],[126.3582,36.4203],[126.3708,36.4083],[126.3766,36.4103],[126.3972,36.4147],[126.4156,36.4025],[126.424,36.3965],[126.42744967,36.40998408],[126.42902306,36.41434668],[126.4349633,36.41723373],[126.43320725,36.42410778],[126.42990867,36.43140476],[126.43176247,36.43909561],[126.42844229,36.44327165],[126.43000271,36.44555381],[126.42876327,36.45284218],[126.42415424,36.45702379],[126.42651646,36.46367257],[126.42192416,36.47055935],[126.42220083,36.47347154],[126.39645699,36.51915379],[126.39242004,36.53373856],[126.39148682,36.54997657],[126.38764738,36.55498695],[126.38638237,36.55915468],[126.39156883,36.56350534],[126.39604572,36.57826602],[126.39717532,36.59408127],[126.38971572,36.59848219],[126.38613889,36.60474104],[126.38202279,36.60725494],[126.37684804,36.60540123],[126.36822027,36.60918057],[126.3629354,36.61065719],[126.35959149,36.61295919],[126.3502845,36.61091079],[126.3463779,36.60467954],[126.34328526,36.60573109],[126.34097809,36.60886152],[126.323888,36.599166],[126.323055,36.600833],[126.3278,36.6049],[126.3336,36.6087],[126.3312,36.6185],[126.341,36.6143],[126.3456,36.6144],[126.3474,36.6908],[126.364827,36.625895],[126.416329,36.602169],[126.422012,36.602769],[126.454457,36.63634],[126.4752,36.5987],[126.4568,36.5888],[126.4658,36.5744],[126.4718,36.5566],[126.472,36.5563],[126.4686,36.5502],[126.4676,36.5483],[126.477599,36.534138],[126.490872,36.518578],[126.448485,36.498227],[126.454361,36.466774],[126.455291,36.452411],[126.453129,36.438063],[126.44998,36.429546],[126.446389,36.422176],[126.441481,36.41515],[126.436188,36.408099],[126.429469,36.399208],[126.424298,36.395537],[126.415274,36.392974],[126.406138,36.392856],[126.395174,36.393733],[126.383449,36.396536],[126.371475,36.401003],[126.358067,36.408178],[126.346138,36.415711],[126.33537,36.424071],[126.324863,36.433885],[126.306568,36.431447],[126.196435,36.370765],[126.16642713,36.31324213]]]]}},{"type":"Feature","properties":{"id":"Shp_WRN_POLY.25","BLN_Flag":"1","WarnCode":"S1251400","name":"충남남부앞바다","level":4,"ground":"sea"},"geometry":{"type":"MultiPolygon","coordinates":[[[[126.27406,36.00001],[126.193056,36.283056],[126.16643,36.31324],[126.196435,36.370765],[126.30656897,36.43144705],[126.32486329,36.43388566],[126.33537007,36.42407117],[126.34613887,36.41571134],[126.35806777,36.40817857],[126.37147584,36.40100306],[126.38344942,36.39653617],[126.39517418,36.39373331],[126.40613802,36.39285672],[126.41527441,36.39297487],[126.4242982,36.39553733],[126.429469,36.399208],[126.436188,36.408099],[126.441481,36.41515],[126.446389,36.422176],[126.44998,36.429546],[126.453129,36.438063],[126.455291,36.452411],[126.454361,36.466774],[126.448485,36.498227],[126.490872,36.518578],[126.5028,36.5289],[126.5078,36.5262],[126.5104,36.5226],[126.512,36.5204],[126.5312,36.5169],[126.5447866,36.50966648],[126.5431612,36.50798444],[126.5358,36.5062],[126.511,36.5169],[126.4966,36.5126],[126.5012,36.508],[126.4856,36.5046],[126.4824,36.4982],[126.4806,36.4888],[126.4814,36.4843],[126.4812,36.4748],[126.4894,36.4683],[126.4922,36.4665],[126.4918,36.446],[126.49614983,36.43983452],[126.50425234,36.43587222],[126.525345,36.447135],[126.5362,36.4545],[126.5394,36.4624],[126.5476,36.4765],[126.5762,36.4786],[126.577,36.4784],[126.602,36.4829],[126.6192,36.4785],[126.6122,36.4767],[126.6058,36.4725],[126.6018,36.4706],[126.5874,36.4664],[126.57409313,36.45018871],[126.54490813,36.44078155],[126.528574,36.443758],[126.51951851,36.43955868],[126.49708397,36.42734511],[126.49240515,36.42154241],[126.48305294,36.39308354],[126.48284977,36.38309789],[126.50072773,36.38248896],[126.5032,36.378],[126.5234,36.3669],[126.5338,36.3604],[126.5402,36.3563],[126.545,36.3529],[126.546,36.3521],[126.5558,36.3465],[126.5248,36.3306],[126.5214,36.3301],[126.5168,36.3263],[126.5116,36.3245],[126.5076,36.3244],[126.5024,36.3263],[126.51,36.3086],[126.5146,36.3007],[126.5438,36.2681],[126.5368,36.2523],[126.5368,36.2486],[126.5294,36.2323],[126.5382,36.2062],[126.5354,36.1927],[126.528,36.1889],[126.5224,36.16],[126.5138,36.1581],[126.5138,36.1563],[126.5008,36.1269],[126.5432,36.142],[126.593,36.124],[126.595,36.1226],[126.5944,36.1184],[126.6068,36.1065],[126.6186,36.098],[126.6294,36.0964],[126.6314,36.0626],[126.6332,36.0523],[126.6452,36.05],[126.6666,36.0326],[126.662,36.0268],[126.6638,36.018],[126.6638,36.0143],[126.6629,36.0141],[126.6842,36.0044],[126.7086,36.0022],[126.7338,36.0065],[126.7408,36.0066],[126.7508,35.9987],[126.7256,35.9997],[126.27406,36.00001]]]]}},{"type":"Feature","properties":{"id":"Shp_WRN_POLY.26","BLN_Flag":"1","WarnCode":"S1252010","name":"서해중부안쪽먼바다","level":3,"ground":"sea"},"geometry":{"type":"MultiPolygon","coordinates":[[[[126.27406,36.00001],[125,36],[124,38],[124.667873,38],[124.667873,37.983849],[124.746667,37.961389],[124.728889,37.8425],[124.772223,37.779167],[125.975,37.036389],[125.855,36.664723],[126.193056,36.283056],[126.27406,36.00001]]]]}},{"type":"Feature","properties":{"id":"Shp_WRN_POLY.27","BLN_Flag":"1","WarnCode":"S1252020","name":"서해중부바깥먼바다","level":3,"ground":"sea"},"geometry":{"type":"MultiPolygon","coordinates":[[[[125,36],[122.713783,36],[122.728455,38],[124,38],[125,36]]]]}},{"type":"Feature","properties":{"id":"Shp_WRN_POLY.28","BLN_Flag":"1","WarnCode":"S1311100","name":"부산앞바다","level":4,"ground":"sea"},"geometry":{"type":"MultiPolygon","coordinates":[[[[129.29368,35.326819],[129.304167,35.329722],[129.396834,35.15263],[128.8987,34.8258],[128.811,34.9096],[128.7555,34.9953],[128.76476,35.035995],[128.7809,35.063545],[128.80048,35.074856],[128.8446,35.08033],[128.8581115,35.08050261],[128.8664706,35.08760759],[128.8747782,35.08469148],[128.8892024,35.08483112],[128.9034,35.0846],[128.9152,35.0823],[128.944797,35.0822],[128.9534837,35.08046564],[128.9594302,35.07796784],[128.9622,35.0746],[128.9618,35.0583],[128.9622,35.0486],[128.967,35.0286],[128.9724,35.0321],[128.982168,35.04411084],[128.9865226,35.04887323],[128.997199,35.0483],[129.0112,35.0585],[129.0218,35.0665],[129.0196,35.0724],[129.0346,35.09],[129.034798,35.0865],[129.0386,35.0788],[129.0392,35.0783],[129.0498,35.0721],[129.052799,35.0688],[129.0522,35.0682],[129.0634,35.0662],[129.064,35.0589],[129.065598,35.0569],[129.073399,35.0544],[129.0762,35.0564],[129.0824,35.0546],[129.0814,35.0464],[129.09,35.0444],[129.097,35.0541],[129.0872,35.0644],[129.0868,35.0649],[129.083598,35.0683],[129.062998,35.0943],[129.056,35.0947],[129.0404,35.0921],[129.0402,35.0921],[129.0398,35.0928],[129.0426,35.0981],[129.041,35.1026],[129.043399,35.1045],[129.0436,35.1062],[129.049399,35.1142],[129.0516,35.1129],[129.0552,35.1161],[129.059,35.1165],[129.059,35.1168],[129.066397,35.1204],[129.072398,35.1161],[129.0886,35.1046],[129.09,35.1049],[129.0958,35.108],[129.0974,35.1063],[129.0984,35.1047],[129.0976,35.0982],[129.0978,35.096],[129.0974,35.0947],[129.108398,35.0964],[129.127997,35.1027],[129.1286,35.1041],[129.128999,35.1128],[129.1268,35.118],[129.125599,35.1229],[129.122,35.1284],[129.1202,35.1285],[129.1132,35.1286],[129.110998,35.1324],[129.114,35.1345],[129.1168,35.1365],[129.116199,35.1362],[129.1168,35.1426],[129.1174,35.1481],[129.1184,35.15],[129.1284,35.1527],[129.133997,35.1588],[129.1534,35.1485],[129.157198,35.1508],[129.157997,35.1522],[129.1652,35.1544],[129.168,35.1547],[129.1708,35.1549],[129.177799,35.1521],[129.186,35.1509],[129.193998,35.1561],[129.1962,35.1569],[129.1986,35.1581],[129.2002,35.1603],[129.201,35.1625],[129.2016,35.1643],[129.2016,35.1662],[129.2082,35.1746],[129.2098,35.1745],[129.211,35.1764],[129.214,35.1779],[129.2168,35.1801],[129.2176,35.1826],[129.2209,35.1827],[129.2236,35.1841],[129.2283,35.1935],[129.232,35.1989],[129.2298,35.2045],[129.2318,35.2174],[129.2308,35.2209],[129.2381,35.2165],[129.2462,35.2262],[129.247,35.2347],[129.2492,35.2343],[129.2506,35.2361],[129.2492,35.2409],[129.257,35.2406],[129.2558,35.25],[129.2562,35.2528],[129.256,35.2543],[129.2524,35.2561],[129.2494,35.2549],[129.248,35.2564],[129.2461,35.2574],[129.24,35.2607],[129.2474,35.2623],[129.2495,35.2683],[129.26,35.2706],[129.2631,35.2828],[129.2624,35.2849],[129.2646,35.2919],[129.266798,35.3126],[129.2738,35.3187],[129.276997,35.3201],[129.278798,35.3204],[129.29368,35.326819]]]]}},{"type":"Feature","properties":{"id":"Shp_WRN_POLY.29","BLN_Flag":"1","WarnCode":"S1311200","name":"경남서부남해앞바다","level":4,"ground":"sea"},"geometry":{"type":"MultiPolygon","coordinates":[[[[127.8810932,34.94953232],[127.8845,34.9501],[127.88879619,34.94596233],[127.8837221,34.94460963],[127.8761143,34.94268368],[127.871825,34.94235175],[127.8667163,34.93975502],[127.8640362,34.93400198],[127.8655105,34.93272989],[127.8624681,34.93195903],[127.859765,34.9342911],[127.8574891,34.93392002],[127.8566759,34.93186255],[127.8591275,34.9295354],[127.8565884,34.92875475],[127.8540611,34.9283884],[127.8540203,34.9269381],[127.8567174,34.92439906],[127.8581742,34.92250557],[127.8589171,34.92207677],[127.8566358,34.92149851],[127.854571,34.9196723],[127.8527637,34.91804844],[127.8506758,34.91539345],[127.855677,34.91426163],[127.8558819,34.91259941],[127.8565897,34.91092759],[127.8585434,34.90881738],[127.8610115,34.90711186],[127.8644503,34.90414396],[127.8631684,34.90252324],[127.8631644,34.90262955],[127.8515319,34.90400574],[127.8436394,34.90294128],[127.8312092,34.89949227],[127.8299841,34.88898966],[127.8266344,34.87447919],[127.8126433,34.8658356],[127.8094187,34.85391388],[127.8122079,34.84819492],[127.8138595,34.83683045],[127.8250984,34.81719155],[127.8354174,34.79999809],[127.8419443,34.78773286],[127.8465532,34.77712291],[127.8512739,34.7705578],[127.8381468,34.75704822],[127.8427993,34.74805719],[127.8533524,34.73976286],[127.8569764,34.72917262],[127.8745883,34.7280244],[127.8901015,34.7220582],[127.9049587,34.72743242],[127.9130771,34.73698427],[127.9115153,34.75077378],[127.9059385,34.76140527],[127.9120771,34.77018771],[127.9279037,34.77473089],[127.9456457,34.77761434],[127.95429103,34.77373402],[127.94793958,34.76060056],[127.9446691,34.74444916],[127.9470881,34.73171415],[127.9538464,34.7232223],[127.95619546,34.7087412],[127.9692067,34.71239076],[127.9848534,34.71126235],[127.99374957,34.71450202],[128.00820765,34.71140668],[128.0126709,34.72363749],[128.022442,34.72262483],[128.0257713,34.71931807],[128.0236637,34.71450629],[128.0205764,34.70969474],[128.0214692,34.70684364],[128.0184694,34.70488298],[128.0193623,34.70203195],[128.0213455,34.70279987],[128.0242338,34.70112106],[128.0267688,34.70390051],[128.0253741,34.70635748],[128.0288763,34.70871208],[128.0357069,34.70775957],[128.0351301,34.70493921],[128.0370264,34.70287619],[128.04462506,34.70251367],[128.04456855,34.70474198],[128.04280535,34.70654015],[128.04809909,34.70736073],[128.05319688,34.7079262],[128.05368874,34.71164499],[128.05703797,34.70841449],[128.06088718,34.70916144],[128.05483801,34.71431398],[128.0472074,34.71520563],[128.0428998,34.71853373],[128.0347109,34.72315718],[128.0362675,34.72595712],[128.0364544,34.73202318],[128.039406,34.73236581],[128.04105,34.7371873],[128.0509859,34.74142911],[128.0570035,34.74575318],[128.0581597,34.75139433],[128.0558104,34.75468174],[128.0536495,34.76403572],[128.0543031,34.76928314],[128.0500175,34.77342099],[128.0496905,34.7786893],[128.0508719,34.78514002],[128.0563779,34.7886661],[128.05860582,34.7940082],[128.05541307,34.79332468],[128.05186796,34.7954461],[128.0525849,34.79931653],[128.05534423,34.80120093],[128.06166008,34.79930546],[128.0636687,34.80061322],[128.0622873,34.80351635],[128.0619233,34.80757168],[128.0634704,34.80996738],[128.0655333,34.81316163],[128.0636474,34.81563037],[128.0632328,34.81806782],[128.0668075,34.81887255],[128.0615725,34.82022736],[128.0608838,34.82231445],[128.0553586,34.82243161],[128.0538968,34.82391329],[128.052158,34.82457181],[128.051514,34.82810865],[128.0502453,34.82772095],[128.0474182,34.82570814],[128.0456921,34.82678077],[128.0434252,34.82662127],[128.0414415,34.82749201],[128.0404817,34.82896293],[128.0382467,34.82983889],[128.0347302,34.82991266],[128.0324888,34.83058137],[128.0320438,34.83245594],[128.0313349,34.83392154],[128.0306131,34.8349729],[128.02785,34.83503066],[128.0258277,34.83465838],[128.0200058,34.83332894],[128.0184733,34.83253182],[128.0196656,34.83083866],[128.0171538,34.83089088],[128.0142,34.8314],[128.0119231,34.83245018],[128.0104034,34.83206717],[128.0080986,34.83066413],[128.00363388,34.83262163],[127.99410923,34.83596491],[127.988344,34.83649766],[127.9821262,34.83828282],[127.9794436,34.84103183],[127.9771701,34.84066365],[127.9751976,34.84194732],[127.9729551,34.84261468],[127.9692113,34.8435197],[127.969996,34.84454005],[127.9723004,34.84594405],[127.9703152,34.84681338],[127.9701382,34.84930404],[127.964979,34.8533465],[127.9633988,34.85938903],[127.9614747,34.8623296],[127.9607885,34.86462337],[127.9614327,34.86937751],[127.9663192,34.87300956],[127.9707159,34.87706589],[127.9745359,34.8786465],[127.9781048,34.88023209],[127.9776765,34.88272813],[127.9775307,34.88625484],[127.9813017,34.886178],[127.9828848,34.88863306],[127.9870695,34.89393692],[127.9903881,34.89552726],[127.9897775,34.90030738],[127.9873192,34.9022233],[127.9875368,34.90213594],[127.9931314,34.90409423],[127.9941749,34.90531657],[127.9962681,34.90796839],[127.9963434,34.91045438],[127.9996567,34.91183732],[128.0029828,34.91363449],[128.002046,34.91593408],[128.0063342,34.91626023],[128.0071959,34.91976655],[128.0115097,34.92092116],[128.0142765,34.92086385],[128.0173202,34.92162993],[128.0213002,34.92009611],[128.0299412,34.92281824],[128.0328638,34.91964759],[128.03131,34.91822896],[128.0330514,34.91757064],[128.0309564,34.91491954],[128.0279923,34.9085552],[128.0260474,34.90258424],[128.0234883,34.90118653],[128.0190995,34.89754661],[128.0169614,34.89385984],[128.0146715,34.88478686],[128.0132944,34.8808771],[128.0126653,34.87674459],[128.0102957,34.87326998],[128.0109172,34.86890439],[128.0143409,34.86572438],[128.0171243,34.86628841],[128.0200831,34.86436148],[128.0249978,34.86881908],[128.0198341,34.87265753],[128.0202441,34.8778309],[128.0216342,34.88215483],[128.0277485,34.88876406],[128.0346,34.8975],[128.0477,34.8972],[128.0518,34.883],[128.067,34.8694],[128.06503034,34.86164392],[128.0515,34.8556],[128.0556,34.8501],[128.0644,34.8548],[128.0689,34.8482],[128.0816,34.8477],[128.0814192,34.83911667],[128.0866,34.8388],[128.0871334,34.82903535],[128.0770866,34.82925085],[128.0755,34.8347],[128.069978,34.83499855],[128.0699061,34.83230578],[128.0636,34.8304],[128.0572,34.8357],[128.0504,34.8369],[128.04292542,34.83764417],[128.03524019,34.84112168],[128.03154202,34.84347897],[128.0232,34.8428],[128.0184,34.8378],[128.0092,34.8371],[127.9983,34.8367],[127.994111,34.835966],[128.003635,34.832623],[127.9996211,34.83291162],[127.9964,34.8328],[127.99629919,34.83152925],[127.9941,34.8332],[127.991,34.833],[127.988,34.8305],[127.98290524,34.82827022],[127.9755,34.8245],[127.975,34.8222],[127.9776,34.8211],[127.97509725,34.81931075],[127.9705,34.818],[127.97049032,34.81608858],[127.9655,34.8173],[127.96443853,34.81538232],[127.96114925,34.81461989],[127.95886454,34.81383709],[127.96456638,34.81123502],[127.96601138,34.80913343],[127.9598988,34.80635583],[127.9526777,34.80536811],[127.9493404,34.80867318],[127.9435028,34.81040926],[127.9427645,34.81447189],[127.9414165,34.81947253],[127.9420102,34.82256922],[127.942126,34.82650448],[127.9401653,34.82820162],[127.9362497,34.83180294],[127.9322791,34.83354002],[127.9284627,34.83195795],[127.9233966,34.83060776],[127.9217528,34.83457795],[127.9140387,34.84592176],[127.9079251,34.85184517],[127.9022111,34.86294194],[127.9022887,34.86563482],[127.8982785,34.87483296],[127.9023958,34.87806871],[127.9050292,34.88216252],[127.9113619,34.88369631],[127.9177792,34.88812988],[127.9251788,34.89171453],[127.9244002,34.89779294],[127.9229641,34.90030878],[127.9245091,34.9015219],[127.9268751,34.90499888],[127.9282657,34.90953165],[127.9302142,34.91591903],[127.9265807,34.92075893],[127.9237255,34.92641255],[127.9257682,34.9274086],[127.9275655,34.92861678],[127.9246011,34.93054125],[127.9211516,34.93309713],[127.9235247,34.93678169],[127.9203686,34.94078294],[127.9178345,34.94021105],[127.9160491,34.93941702],[127.9102502,34.93911654],[127.9089982,34.93934845],[127.90529,34.94170159],[127.8987838,34.94307274],[127.888797,34.945963],[127.884501,34.950101],[127.902,34.9544],[127.9216,34.985],[127.9259,35.0129],[127.9384,35.0035],[127.9343,34.9834],[127.9533,34.9769],[127.9632,34.9945],[127.9909,34.9814],[128.0143,34.9919],[128.0115,35.0126],[128.0194,35.0286],[128.048,35.0167],[128.0518,34.9781],[128.0294,34.9593],[128.0394,34.9404],[128.0548,34.9286],[128.0697,34.9243],[128.0771,34.9229],[128.0776,34.9259],[128.0877,34.9261],[128.0866,34.9215],[128.0859,34.9184],[128.0922,34.9182],[128.095,34.9256],[128.0999,34.9244],[128.1035,34.9227],[128.1165,34.9302],[128.123623,34.920669],[128.123313,34.916219],[128.121236,34.914243],[128.112867,34.9123],[128.110552,34.912662],[128.113554,34.906222],[128.12009,34.908746],[128.121779,34.90845],[128.122208,34.902222],[128.127321,34.900866],[128.128929,34.898032],[128.129775,34.895008],[128.143,34.8942],[128.1526,34.8984],[128.1492,34.9024],[128.152999,34.9021],[128.1556,34.9043],[128.173397,34.896],[128.188797,34.8984],[128.189,34.9003],[128.192,34.8989],[128.204,34.9002],[128.2036,34.9181],[128.2066,34.9243],[128.202,34.9363],[128.204,34.938],[128.2106,34.9386],[128.2134,34.9367],[128.2224,34.9385],[128.2262,34.9444],[128.2284,34.9425],[128.2284,34.94],[128.241199,34.9383],[128.2422,34.9402],[128.251,34.9404],[128.2544,34.9401],[128.269399,34.9387],[128.2698,34.9363],[128.2732,34.9328],[128.2712,34.9304],[128.268599,34.9268],[128.2638,34.9246],[128.2646,34.9226],[128.2674,34.9183],[128.270997,34.9163],[128.2722,34.912],[128.2838,34.912],[128.286397,34.9146],[128.302799,34.9327],[128.305,34.9349],[128.308799,34.9341],[128.3098,34.9369],[128.310397,34.9385],[128.317,34.9365],[128.3194,34.9405],[128.3212,34.9425],[128.3212,34.9449],[128.3188,34.9483],[128.3202,34.9587],[128.3252,34.9585],[128.3264,34.9568],[128.3286,34.9541],[128.334,34.9543],[128.3402,34.9445],[128.343797,34.9443],[128.341,34.9369],[128.3446,34.9364],[128.3474,34.9363],[128.3486,34.9349],[128.3488,34.9322],[128.3473,34.9285],[128.346,34.9244],[128.3444,34.9241],[128.3436,34.9202],[128.3494,34.9223],[128.3524,34.9186],[128.3544,34.9141],[128.3556,34.9048],[128.3514,34.9029],[128.3466,34.9048],[128.3426,34.9061],[128.3285,34.9066],[128.3122,34.9065],[128.301,34.9003],[128.3022,34.8966],[128.3116,34.8921],[128.3168,34.8829],[128.3248,34.8803],[128.3308,34.8845],[128.3314,34.8747],[128.3394,34.876],[128.3454,34.8783],[128.345,34.876],[128.3478,34.8709],[128.3532,34.8749],[128.3548,34.8803],[128.364,34.8682],[128.3776,34.8709],[128.3734,34.8829],[128.3864,34.882],[128.3852,34.8747],[128.387,34.872],[128.3886,34.8741],[128.3926,34.8721],[128.4116,34.8648],[128.41567,34.862897],[128.4214,34.8642],[128.425,34.8628],[128.4286,34.8608],[128.4304,34.8589],[128.4308,34.8567],[128.4298,34.8549],[128.4263,34.8561],[128.404,34.86],[128.3954,34.8605],[128.391,34.8602],[128.3884,34.8583],[128.3886,34.8548],[128.378,34.8501],[128.3802,34.8423],[128.3776,34.8423],[128.3774,34.8402],[128.3812,34.8384],[128.3844,34.8426],[128.3874,34.8344],[128.3957,34.8324],[128.401,34.8323],[128.404,34.8345],[128.413126,34.832493],[128.419,34.8369],[128.4232,34.8382],[128.4288,34.8381],[128.4288,34.8383],[128.435,34.8368],[128.4338,34.8423],[128.4516,34.8428],[128.452,34.8441],[128.4552,34.8509],[128.4526,34.856],[128.4544,34.858],[128.455,34.8646],[128.4582,34.8723],[128.4698,34.8741],[128.471,34.8766],[128.4716,34.8802],[128.4732,34.8828],[128.4766,34.8923],[128.4748,34.8901],[128.471,34.89],[128.4684,34.8943],[128.4672,34.895],[128.4927,34.8981],[128.5026,34.9029],[128.47436377,34.87653577],[128.48568301,34.84147214],[128.50274737,34.83398587],[128.51143994,34.81137507],[128.5226,34.8122],[128.5334,34.828],[128.5772,34.8426],[128.5754,34.8403],[128.5982,34.8269],[128.5556,34.7923],[128.558,34.7662],[128.5988,34.7649],[128.5864,34.7624],[128.5838,34.7605],[128.57732693,34.74166696],[128.6047936,34.73288715],[128.602358,34.72605693],[128.58836,34.716551],[128.5773674,34.7047174],[128.5799,34.6867],[128.5787,34.6809],[128.5759,34.6581],[128.575,34.6542],[128.5787,34.6458],[128.5563,34.6305],[128.55010335,34.62177136],[128.548888,34.618055],[128.239445,34.611112],[127.833232,34.420715],[127.8333,34.724],[127.8033,34.858],[127.8203,34.9026],[127.7605,34.9665],[127.7912346,34.93967795],[127.8064506,34.94374971],[127.8083159,34.93832518],[127.814383,34.93924863],[127.8125267,34.94498409],[127.8113625,34.94842633],[127.8176708,34.94893051],[127.8198155,34.94453696],[127.82955,34.94803],[127.8295,34.948627],[127.829056,34.948997],[127.828064,34.950294],[127.82874,34.95089],[127.829185,34.95075],[127.8302,34.9512],[127.83076,34.95115],[127.83242,34.949574],[127.833333,34.949474],[127.8346,34.9564],[127.8294,34.9605],[127.834,34.9688],[127.8344,34.9707],[127.8366,34.9707],[127.8374,34.9685],[127.841,34.9545],[127.849587,34.962779],[127.871404,34.968373],[127.869546,34.956177],[127.8659,34.9467],[127.8810932,34.94953232]]]]}},{"type":"Feature","properties":{"id":"Shp_WRN_POLY.30","BLN_Flag":"1","WarnCode":"S1311300","name":"경남중부남해앞바다","level":4,"ground":"sea"},"geometry":{"type":"MultiPolygon","coordinates":[[[[128.8446,35.08033],[128.80048,35.074856],[128.7809,35.063545],[128.76476,35.035995],[128.7555,34.9953],[128.811,34.9096],[128.72,34.9104],[128.72395984,34.91632535],[128.7183534,34.92153666],[128.71885596,34.92914305],[128.72481375,34.94535815],[128.71499093,34.96367479],[128.69836955,34.96994428],[128.70099741,34.99102513],[128.71257475,35.00594693],[128.71860344,35.01459351],[128.7215,35.024498],[128.71201542,35.02908911],[128.6848,35.0345],[128.675,35.0345],[128.6788,35.0286],[128.6758,35.0209],[128.66722,35.00685],[128.67223,35.004707],[128.67696,35.0038],[128.67763,35.00414],[128.6791,35.00817],[128.68153,35.006702],[128.68086,35.006367],[128.68108,35.004734],[128.68233,35.00169],[128.67793,35.001602],[128.6733,35.000927],[128.67308,34.9991],[128.6743,34.997353],[128.67862,34.9967],[128.68158,34.99142],[128.67903,34.98735],[128.67146,34.9968],[128.66873,34.998367],[128.66595,34.994453],[128.66493,34.99491],[128.66565,35.00039],[128.65866,34.997913],[128.6594,34.9917],[128.65356,34.98704],[128.6536,34.9822],[128.6564,34.9786],[128.6474,34.9641],[128.64572,34.95919],[128.63277,34.964203],[128.61308,34.961563],[128.60538,34.95857],[128.60933,34.96858],[128.59897,34.96823],[128.59944,34.95613],[128.5938,34.94953],[128.58774,34.952705],[128.58673,34.941204],[128.59569,34.93958],[128.60439854,34.92404687],[128.6086961,34.91271383],[128.6236661,34.89831532],[128.6159782,34.89007389],[128.6112566,34.89792404],[128.6081471,34.89883692],[128.5958323,34.90032818],[128.58899,34.906986],[128.58562,34.914104],[128.57071,34.908646],[128.5756079,34.90671852],[128.5751563,34.90079555],[128.5733918,34.8983025],[128.56789,34.8994],[128.55284,34.90683],[128.5449,34.910923],[128.53525,34.921528],[128.52365,34.921734],[128.51451,34.906998],[128.5059777,34.90787093],[128.5026441,34.90292912],[128.5026,34.9029],[128.492711,34.898113],[128.467154,34.89494245],[128.4577132,34.90021449],[128.4558209,34.91021396],[128.4414577,34.91008874],[128.4484201,34.90441939],[128.4438906,34.89085033],[128.4467891,34.89098468],[128.4309471,34.87417572],[128.4219915,34.87004612],[128.4182634,34.87469969],[128.4160049,34.87828009],[128.4208253,34.8862451],[128.4259017,34.90036881],[128.4290178,34.90298612],[128.424858,34.90277906],[128.4221034,34.91000043],[128.4286946,34.91470808],[128.4367478,34.92829412],[128.4339288,34.94228774],[128.4262979,34.95046141],[128.439253,34.97065513],[128.4471911,34.97242562],[128.4371006,34.98226977],[128.4220162,34.98445076],[128.4115787,34.99021584],[128.4135462,34.994483],[128.419627,34.99438894],[128.4227096,34.99281521],[128.4439268,34.99240748],[128.449406,34.99066766],[128.4633364,34.98868791],[128.46939,34.99607257],[128.4713659,34.99449814],[128.4877493,35.00875293],[128.50264198,35.01686334],[128.4916,35.0228],[128.4896,35.0263],[128.4851716,35.02878058],[128.48568434,35.03845294],[128.47482646,35.04142598],[128.45914344,35.04690506],[128.46027912,35.05029863],[128.47720975,35.04779503],[128.48192883,35.05254901],[128.47507318,35.05469403],[128.48248862,35.06404643],[128.46989782,35.0747379],[128.45975135,35.06317171],[128.45196431,35.07083533],[128.4420591,35.06226897],[128.44924973,35.0521324],[128.42173341,35.04462837],[128.40561626,35.04181335],[128.39123953,35.03480501],[128.38598176,35.01844643],[128.36824666,35.01597638],[128.36196419,35.00949289],[128.3564646,35.01076686],[128.36118012,35.01925891],[128.37194531,35.02418174],[128.3687485,35.03323269],[128.37867299,35.0359426],[128.37298137,35.04593303],[128.3770174,35.04999635],[128.3893484,35.04832942],[128.3962984,35.05006797],[128.4000007,35.05044341],[128.4022084,35.05849735],[128.41407278,35.05923362],[128.4144,35.0562],[128.4195221,35.05657854],[128.4253851,35.05653633],[128.4254,35.0565],[128.43056836,35.05680082],[128.43717009,35.06648801],[128.44180196,35.07233529],[128.45280039,35.07465161],[128.46154159,35.07225302],[128.46575518,35.07696904],[128.46970755,35.0814323],[128.47455856,35.07622711],[128.47975439,35.08019163],[128.47844399,35.08224745],[128.44873462,35.09591194],[128.45299083,35.10513964],[128.46668146,35.09831128],[128.478861,35.09685749],[128.48554159,35.10146196],[128.48819825,35.10663211],[128.49540164,35.10520313],[128.50274644,35.09920618],[128.51870323,35.09734267],[128.52265103,35.10320455],[128.52934966,35.10344569],[128.537875,35.11831612],[128.5355657,35.10753677],[128.53852602,35.10574818],[128.54476982,35.10890446],[128.54712439,35.10614603],[128.54258598,35.10465688],[128.54169329,35.10115355],[128.54461908,35.09848405],[128.54545015,35.09223899],[128.54946821,35.09171898],[128.55081525,35.09391372],[128.58027257,35.0904408],[128.5808175,35.08824819],[128.56291907,35.08229031],[128.56436635,35.06762807],[128.57736264,35.06448452],[128.58844008,35.07030981],[128.59252534,35.0683342],[128.5762534,35.05870591],[128.57726184,35.05224906],[128.63464386,35.06792935],[128.6284364,35.07359425],[128.6175867,35.07192142],[128.61373645,35.07513096],[128.6232629,35.08273446],[128.62224,35.089966],[128.60427767,35.10390834],[128.60162948,35.12949696],[128.59084256,35.15696389],[128.57908613,35.16962125],[128.57234721,35.17498664],[128.5678282,35.19078936],[128.58767624,35.20809284],[128.59536401,35.21068998],[128.60522704,35.21073825],[128.5976082,35.20494365],[128.59009488,35.19889811],[128.59297064,35.17568516],[128.60149762,35.16446081],[128.60851163,35.15338025],[128.60953071,35.13768826],[128.61852039,35.13827696],[128.64392013,35.14495651],[128.64921653,35.13848448],[128.65922885,35.13624066],[128.66478817,35.12384772],[128.67623181,35.12581618],[128.67392513,35.14050672],[128.67679418,35.14893481],[128.68258171,35.15147299],[128.698385,35.127013],[128.697153,35.1197349],[128.6915234,35.11174746],[128.68849802,35.10773977],[128.68913067,35.10160216],[128.70062336,35.09869085],[128.70442601,35.1052241],[128.71433951,35.10380723],[128.71529659,35.09641565],[128.73392092,35.0920565],[128.74082986,35.1003682],[128.75123162,35.09330638],[128.76176288,35.09388995],[128.76682064,35.09561353],[128.76394339,35.10223042],[128.76888002,35.10330905],[128.77133551,35.09867491],[128.77316894,35.09875238],[128.77995,35.103073],[128.78249,35.11252],[128.78818,35.113438],[128.78822,35.106888],[128.79143,35.102703],[128.7866176,35.09702539],[128.786504,35.08983],[128.796326,35.0879],[128.821508,35.087576],[128.8324484,35.08833527],[128.8446,35.08033]]]]}},{"type":"Feature","properties":{"id":"Shp_WRN_POLY.31","BLN_Flag":"1","WarnCode":"S1311400","name":"거제시동부앞바다","level":4,"ground":"sea"},"geometry":{"type":"MultiPolygon","coordinates":[[[[128.8987,34.8258],[128.548888,34.618055],[128.5501,34.621771],[128.5563,34.6305],[128.5787,34.6458],[128.575,34.6542],[128.5759,34.6581],[128.5787,34.6809],[128.5799,34.6867],[128.5774559,34.70475151],[128.64048297,34.71064407],[128.6258196,34.73059973],[128.6518,34.7326],[128.6571,34.7365],[128.67480978,34.73104766],[128.68161961,34.74111801],[128.6458,34.7541],[128.6696,34.7924],[128.6684,34.8067],[128.67,34.8103],[128.6982,34.8026],[128.7136,34.8007],[128.71151421,34.79355328],[128.73979349,34.787784],[128.73683046,34.79812808],[128.73156693,34.80148935],[128.720161,34.82046601],[128.7336,34.8442],[128.731995,34.85021174],[128.7517891,34.89221227],[128.7330256,34.89030582],[128.7226,34.8824],[128.71254756,34.87375102],[128.69861976,34.87766365],[128.72,34.9104],[128.811,34.9096],[128.8987,34.8258]]]]}},{"type":"Feature","properties":{"id":"Shp_WRN_POLY.32","BLN_Flag":"1","WarnCode":"S1312010","name":"남해동부 안쪽먼바다","level":3,"ground":"sea"},"geometry":{"type":"MultiPolygon","coordinates":[[[[127.833232,34.420715],[128.239445,34.611112],[128.548888,34.618055],[128.8987,34.8258],[129.396944,35.152778],[130.168056,33.678889],[127.833334,32.615],[127.833334,33.58],[127.833232,34.420715]]]]}},{"type":"Feature","properties":{"id":"Shp_WRN_POLY.33","BLN_Flag":"1","WarnCode":"S1312020","name":"남해동부 바깥먼바다","level":3,"ground":"sea"},"geometry":{"type":"MultiPolygon","coordinates":[[[[127.833334,32.615],[130.168056,33.678889],[132,30.9922],[127.833333,31.007801],[127.833334,32.615]]]]}},{"type":"Feature","properties":{"id":"Shp_WRN_POLY.34","BLN_Flag":"1","WarnCode":"S1321100","name":"전남서부남해앞바다","level":4,"ground":"sea"},"geometry":{"type":"MultiPolygon","coordinates":[[[[127.0504,34.6349],[127.0856,34.59962],[127.06264,34.55045],[127.06551,34.45947],[127.09995,34.41275],[127.16312,34.37094],[127.2148927,34.20890513],[127.075834,34.199167],[126.9075,34.150278],[126.602222,34.096666],[126.583888,34.098611],[126.35069,34.19438],[126.5246674,34.2918895],[126.5623905,34.32036347],[126.5891593,34.31858752],[126.5930152,34.31411936],[126.6042217,34.31485792],[126.6042,34.3342],[126.6182,34.3525],[126.6206,34.3627],[126.619,34.3986],[126.6538,34.4147],[126.6538,34.4202],[126.6622,34.4202],[126.6876,34.4422],[126.7008,34.4449],[126.7244,34.442597],[126.72957,34.458494],[126.723622,34.462885],[126.7436,34.4786],[126.7448,34.4846],[126.7468,34.5009],[126.744,34.5005],[126.7416,34.5048],[126.734,34.5149],[126.7312,34.518],[126.7288,34.5246],[126.751,34.518],[126.7538,34.5247],[126.766,34.5544],[126.7692,34.5668],[126.7762,34.6165],[126.7832,34.6301],[126.787,34.6247],[126.7828,34.6184],[126.7814,34.5927],[126.7894,34.5845],[126.7904,34.5825],[126.7924,34.5685],[126.7914,34.556],[126.7956,34.5425],[126.7934,34.5408],[126.7902,34.5045],[126.7954,34.492],[126.794,34.49],[126.7962,34.4869],[126.7978,34.4846],[126.7954,34.4764],[126.787,34.4666],[126.8082,34.4569],[126.8096,34.4506],[126.8148,34.4522],[126.8186,34.4483],[126.8408,34.4467],[126.8538,34.4549],[126.8492,34.4485],[126.849,34.4483],[126.8506,34.4464],[126.853,34.4429],[126.8884,34.4203],[126.902,34.4529],[126.9416,34.4445],[126.942,34.448],[126.9434,34.4605],[126.9434,34.4824],[126.9566,34.4707],[126.9618,34.4687],[126.9778,34.4707],[126.9712,34.4882],[126.9712,34.5027],[126.9802,34.5085],[126.9726,34.5226],[126.9656,34.5222],[126.9708,34.5386],[126.9778,34.5409],[126.9816,34.5402],[126.9896,34.5366],[126.9906,34.5429],[126.9882,34.5448],[126.9898,34.5664],[126.9882,34.5745],[127.0014,34.6089],[126.9962,34.6206],[126.9888,34.6204],[126.9754,34.6182],[126.972,34.6185],[126.9712,34.6186],[126.9674,34.6221],[126.974,34.6249],[127.0024,34.6245],[127.0106,34.6221],[127.0212,34.6225],[127.0266,34.626],[127.0504,34.6349]]]]}},{"type":"Feature","properties":{"id":"Shp_WRN_POLY.35","BLN_Flag":"1","WarnCode":"S1321200","name":"전남동부남해앞바다","level":4,"ground":"sea"},"geometry":{"type":"MultiPolygon","coordinates":[[[[127.7605,34.9665],[127.8203,34.9026],[127.8033,34.858],[127.8333,34.724],[127.833232,34.420715],[127.805834,34.408056],[127.491667,34.411389],[127.398612,34.280278],[127.263334,34.211667],[127.214892,34.208917],[127.16312,34.37094],[127.09995,34.41275],[127.06551,34.45947],[127.06264,34.55045],[127.0856,34.59962],[127.0504,34.6349],[127.0644,34.6482],[127.0648,34.6503],[127.0696,34.6601],[127.0792,34.662],[127.0818,34.6629],[127.084,34.6622],[127.1006,34.6705],[127.1154,34.6903],[127.1438,34.6928],[127.146,34.6903],[127.1966,34.7021],[127.2018,34.7107],[127.2084,34.7161],[127.2132,34.7265],[127.2164,34.7381],[127.219841,34.754609],[127.243334,34.772593],[127.247,34.7724],[127.248091,34.752653],[127.2534,34.7448],[127.26168876,34.7335255],[127.28054744,34.73555696],[127.29203066,34.73250451],[127.3114,34.7508],[127.329,34.7489],[127.3344,34.7122],[127.34329814,34.71171461],[127.33261947,34.70461216],[127.31757153,34.6669142],[127.29298369,34.66579567],[127.288,34.6605],[127.28108305,34.67258135],[127.28601311,34.69405662],[127.279,34.7102],[127.27745561,34.71840453],[127.27080731,34.71186343],[127.2642,34.7149],[127.25081155,34.70238819],[127.2406,34.6869],[127.2458,34.6825],[127.2462,34.6786],[127.2296,34.6548],[127.23,34.6487],[127.2422,34.6469],[127.2478,34.6343],[127.2482,34.6141],[127.2412,34.6105],[127.2372,34.6061],[127.2202,34.5862],[127.19515649,34.59270835],[127.1994,34.6221],[127.19860433,34.64484941],[127.1864,34.6344],[127.175,34.6243],[127.1754,34.6027],[127.1728,34.5923],[127.1484,34.5945],[127.1432,34.588],[127.1292,34.57],[127.1196,34.5603],[127.1174,34.5408],[127.129601,34.526101],[127.1268,34.4783],[127.12128594,34.48883619],[127.11536663,34.47876205],[127.09647312,34.46987082],[127.10376093,34.44226028],[127.11210387,34.44816669],[127.14213611,34.42215301],[127.16707373,34.43427253],[127.2105121,34.43291019],[127.2231341,34.4536553],[127.23479144,34.4758614],[127.21812601,34.49387456],[127.2006,34.488],[127.18860496,34.49279297],[127.1494,34.476],[127.1384,34.472],[127.126855,34.478309],[127.1296,34.5261],[127.1374,34.5228],[127.167,34.5224],[127.1744,34.5361],[127.2144,34.5202],[127.227,34.5227],[127.2396,34.514],[127.2492,34.518],[127.2744,34.5021],[127.2848,34.4887],[127.273,34.4862],[127.2834,34.4761],[127.3056,34.462],[127.306,34.4609],[127.3056,34.458],[127.3082,34.4566],[127.3082,34.4602],[127.3138,34.4566],[127.3164,34.4447],[127.3164,34.4422],[127.3198,34.4429],[127.329,34.44],[127.332,34.44],[127.3416,34.4468],[127.3394,34.4504],[127.3302,34.4707],[127.3326,34.4727],[127.3396,34.4806],[127.3422,34.4821],[127.3552,34.4867],[127.3722,34.4769],[127.3926,34.4823],[127.3824,34.4986],[127.394,34.506],[127.4054,34.5129],[127.4076,34.5161],[127.4168,34.5247],[127.432,34.534],[127.4368,34.5326],[127.4484,34.5325],[127.4436,34.5209],[127.4384,34.5161],[127.4536,34.4783],[127.458,34.4768],[127.457201,34.472001],[127.4544,34.4664],[127.445,34.4506],[127.4809,34.4438],[127.503,34.4392],[127.5048,34.4602],[127.487,34.4643],[127.4572,34.472],[127.458001,34.476801],[127.4682,34.4808],[127.4784,34.4807],[127.4872,34.4849],[127.498,34.5004],[127.488,34.5049],[127.463,34.5145],[127.4666,34.5148],[127.4712,34.5126],[127.448401,34.532501],[127.436801,34.532601],[127.436,34.5383],[127.4286,34.5405],[127.4286,34.5527],[127.4182,34.556],[127.4152,34.556],[127.4012,34.5568],[127.388,34.5546],[127.3864,34.5543],[127.376,34.5522],[127.369,34.5504],[127.3764,34.5605],[127.3744,34.5602],[127.36,34.5663],[127.3578,34.5669],[127.358,34.5701],[127.3484,34.5886],[127.3702,34.5941],[127.374,34.5965],[127.381,34.6009],[127.387,34.6024],[127.3908,34.5981],[127.3996,34.5881],[127.4142,34.5885],[127.41531547,34.58399362],[127.42777279,34.58406949],[127.42820404,34.58665147],[127.43307024,34.58590658],[127.43336613,34.58222676],[127.44558388,34.5770755],[127.458,34.5843],[127.458,34.5949],[127.465,34.5808],[127.47514946,34.57259164],[127.47962117,34.57666464],[127.48768703,34.57353856],[127.48794471,34.57943595],[127.50149979,34.59206501],[127.50766309,34.5933152],[127.50651718,34.60347992],[127.49849445,34.61416577],[127.49391176,34.63308214],[127.48016375,34.63453583],[127.46522234,34.63869794],[127.46162505,34.64600093],[127.46941522,34.64132676],[127.474,34.6407],[127.47706427,34.64721648],[127.49248919,34.64221658],[127.48640802,34.65038729],[127.46878666,34.66380777],[127.45621181,34.66762216],[127.44704066,34.66092472],[127.4444729,34.66386265],[127.4508,34.6688],[127.42288821,34.69172951],[127.38958951,34.71220138],[127.39134594,34.71818339],[127.37225021,34.74093164],[127.37814362,34.74675217],[127.39655307,34.75684718],[127.40030111,34.76787694],[127.39404523,34.77480395],[127.37902126,34.7767797],[127.3922,34.7863],[127.416155,34.80105],[127.423966,34.810398],[127.420487,34.810734],[127.413657,34.810377],[127.396913,34.812427],[127.394175,34.81661],[127.391357,34.828928],[127.394592,34.824478],[127.410782,34.826506],[127.419969,34.828255],[127.429547,34.832466],[127.434385,34.832498],[127.4384,34.8445],[127.4506,34.8341],[127.4668,34.8401],[127.4918,34.8547],[127.4944,34.856],[127.495,34.8628],[127.5146,34.8802],[127.5226,34.8584],[127.5258,34.8527],[127.5258,34.8468],[127.5446,34.842],[127.5428,34.8345],[127.5412,34.8321],[127.5298,34.8207],[127.5272,34.8169],[127.5294,34.8084],[127.5362,34.8081],[127.5352,34.8028],[127.5462,34.8067],[127.5536,34.8064],[127.5566,34.8069],[127.5616,34.7944],[127.571,34.7842],[127.5654,34.7741],[127.5696,34.7746],[127.5722,34.7743],[127.5728,34.7727],[127.575,34.7682],[127.576,34.7626],[127.5756,34.7588],[127.5792,34.7583],[127.5844,34.7649],[127.586,34.7663],[127.5886,34.7604],[127.593,34.7545],[127.5904,34.7508],[127.5822,34.734],[127.58,34.7303],[127.5622,34.7201],[127.5614,34.7201],[127.5534,34.7168],[127.5506,34.7102],[127.558,34.7102],[127.558,34.7063],[127.5606,34.7021],[127.5606,34.706],[127.5646,34.7024],[127.5762,34.7004],[127.5846,34.6907],[127.5542,34.6903],[127.5532,34.6881],[127.5648,34.6748],[127.5544,34.6666],[127.5564,34.6643],[127.5556,34.6569],[127.56,34.6569],[127.5626,34.6549],[127.5822,34.6303],[127.5792,34.6383],[127.5776,34.6408],[127.5806,34.6485],[127.61,34.6426],[127.6204,34.6389],[127.623,34.6367],[127.6306,34.6287],[127.6316,34.6303],[127.6346,34.6303],[127.6402,34.6245],[127.6456,34.6302],[127.644,34.6322],[127.64,34.6341],[127.638,34.6347],[127.6326,34.6347],[127.6404,34.6449],[127.6304,34.6541],[127.6348,34.6568],[127.6316,34.6701],[127.6216,34.6784],[127.6216,34.682],[127.626,34.6786],[127.629,34.68],[127.6336,34.6786],[127.6254,34.6922],[127.6258,34.6985],[127.6168,34.7005],[127.6168,34.7022],[127.6188,34.7082],[127.6252,34.712],[127.6256,34.7143],[127.6266,34.7181],[127.6432,34.7048],[127.6462,34.7061],[127.6452,34.7089],[127.6586,34.7544],[127.6626,34.7546],[127.664,34.7544],[127.664,34.7521],[127.675,34.7463],[127.6838,34.7326],[127.684,34.7326],[127.7042,34.7186],[127.707,34.7187],[127.7104,34.7204],[127.718,34.7245],[127.7252,34.7244],[127.7392,34.7245],[127.7436,34.7188],[127.7462,34.7109],[127.7592,34.7083],[127.757,34.6845],[127.7614,34.6742],[127.743,34.6625],[127.729,34.6089],[127.7772,34.5823],[127.7586,34.5469],[127.7264,34.5466],[127.726,34.5142],[127.738,34.5066],[127.7926,34.4864],[127.7968,34.4922],[127.7966,34.5023],[127.7786,34.5088],[127.762,34.5346],[127.758601,34.546901],[127.777201,34.582301],[127.7956,34.6201],[127.7998,34.6645],[127.7928,34.668],[127.7676,34.6908],[127.7736,34.7027],[127.7788,34.7066],[127.7798,34.7043],[127.739201,34.724501],[127.725201,34.724401],[127.753,34.7348],[127.7564,34.736],[127.754,34.7586],[127.7478,34.7785],[127.7712,34.8006],[127.7698,34.8066],[127.7722,34.814],[127.7734,34.8202],[127.7678,34.8286],[127.7716,34.8307],[127.7718,34.8589],[127.7666,34.8605],[127.7492,34.8507],[127.7456,34.8489],[127.7428,34.8504],[127.7402,34.8526],[127.7064,34.8522],[127.7018,34.8504],[127.6498,34.8268],[127.6422,34.8185],[127.6396,34.8202],[127.6306,34.8281],[127.633,34.8427],[127.6304,34.8442],[127.6262,34.8427],[127.6112,34.8484],[127.606767,34.852403],[127.601109,34.862703],[127.595989,34.87881],[127.590147,34.884901],[127.586787,34.886355],[127.578412,34.89638],[127.5818,34.9201],[127.597,34.9467],[127.608,34.946],[127.6224,34.9106],[127.625,34.9044],[127.6468,34.9027],[127.6634,34.9147],[127.6702,34.9227],[127.6752,34.9289],[127.6902,34.9245],[127.6904,34.9246],[127.694,34.926],[127.7072,34.9346],[127.7128,34.9343],[127.7212,34.9448],[127.7198,34.9503],[127.728,34.9487],[127.739,34.9543],[127.7605,34.9665]]]]}},{"type":"Feature","properties":{"id":"Shp_WRN_POLY.36","BLN_Flag":"1","WarnCode":"S1322100","name":"남해서부서쪽먼바다","level":4,"ground":"sea"},"geometry":{"type":"MultiPolygon","coordinates":[[[[126.756701,33.763335],[126.663776,33.759453],[126.524104,33.733729],[126.461068,33.723202],[126.358827,33.691665],[126.274383,33.669813],[126.141204,33.614011],[126.084413,33.564533],[126.046526,33.531471],[125.984926,33.480452],[125.929839,33.402034],[125.917362,33.344634],[125.360804,33.684632],[126.35069,34.19438],[126.583888,34.098611],[126.602222,34.096666],[126.9075,34.150278],[127.075834,34.199167],[127.214892,34.208905],[126.756701,33.763335]]]]}},{"type":"Feature","properties":{"id":"Shp_WRN_POLY.37","BLN_Flag":"1","WarnCode":"S1322200","name":"남해서부동쪽먼바다","level":4,"ground":"sea"},"geometry":{"type":"MultiPolygon","coordinates":[[[[127.214892,34.208905],[127.263334,34.211667],[127.398612,34.280278],[127.491667,34.411389],[127.805834,34.408056],[127.833232,34.420715],[127.833334,33.58],[127.155717,33.34173],[127.171559,33.377956],[127.189196,33.434261],[127.18923,33.481582],[127.173741,33.531382],[127.157413,33.560993],[127.132837,33.596681],[127.092501,33.653017],[126.979292,33.719212],[126.830133,33.766339],[126.756701,33.763335],[127.214892,34.208905]]]]}},{"type":"Feature","properties":{"id":"Shp_WRN_POLY.38","BLN_Flag":"1","WarnCode":"S1323100","name":"제주도북부앞바다","level":4,"ground":"sea"},"geometry":{"type":"MultiPolygon","coordinates":[[[[126.084413,33.564533],[126.141204,33.614011],[126.274383,33.669813],[126.358827,33.691665],[126.461068,33.723202],[126.524104,33.733729],[126.663776,33.759453],[126.756701,33.763335],[126.709236,33.555214],[126.7051,33.553993],[126.697136,33.553967],[126.69474,33.55201],[126.69006,33.553524],[126.68745,33.550953],[126.68331,33.55064],[126.68075,33.553654],[126.675316,33.552692],[126.67333,33.547592],[126.673195,33.545486],[126.669075,33.544807],[126.66803,33.546307],[126.66414,33.544132],[126.663506,33.546803],[126.66201,33.548355],[126.66099,33.547283],[126.65847,33.548283],[126.65809,33.552124],[126.65688,33.552578],[126.65492,33.552055],[126.65298,33.55391],[126.65091,33.552166],[126.65035,33.554806],[126.64369,33.556667],[126.639854,33.550495],[126.63698,33.549786],[126.63841,33.54631],[126.63454,33.545914],[126.63236,33.542217],[126.6342,33.539112],[126.62903,33.538],[126.62799,33.541107],[126.6269,33.539597],[126.62406,33.538918],[126.62354,33.53986],[126.61349,33.539036],[126.61203,33.538757],[126.610725,33.5368],[126.60285,33.536514],[126.59741,33.537773],[126.5911,33.53361],[126.590034,33.53403],[126.58736,33.53281],[126.586266,33.528896],[126.58424,33.527172],[126.581635,33.527184],[126.57746,33.52916],[126.57482,33.529377],[126.57258,33.52717],[126.5735,33.52534],[126.568275,33.52742],[126.56586,33.524677],[126.56449,33.52677],[126.56154,33.527798],[126.55828,33.52292],[126.5553,33.52126],[126.55243,33.52198],[126.550705,33.520638],[126.548904,33.520817],[126.54896,33.52353],[126.54455,33.523388],[126.54446,33.526978],[126.53978,33.530815],[126.535034,33.524597],[126.52783,33.519554],[126.52775,33.518837],[126.51738,33.51991],[126.51581,33.518764],[126.51576,33.517414],[126.51308,33.51635],[126.503815,33.517765],[126.498955,33.520954],[126.49332,33.521667],[126.48915,33.520382],[126.48522,33.51816],[126.48304,33.514732],[126.483864,33.512115],[126.483246,33.511368],[126.48099,33.51095],[126.47355,33.51014],[126.46339,33.50857],[126.46359,33.505928],[126.46279,33.50334],[126.46028,33.50453],[126.457085,33.503532],[126.454666,33.504635],[126.45215,33.501873],[126.45433,33.500748],[126.45368,33.499672],[126.4491,33.49808],[126.44476,33.49886],[126.44096,33.49785],[126.44035,33.496376],[126.43684,33.496136],[126.433304,33.496307],[126.43189,33.49453],[126.428406,33.494923],[126.42661,33.49617],[126.4238,33.495808],[126.41979,33.49272],[126.41869,33.489548],[126.4145,33.490517],[126.40985,33.489826],[126.405655,33.485085],[126.4039,33.486256],[126.400856,33.485508],[126.401054,33.4842],[126.39984,33.4834],[126.39473,33.484394],[126.39373,33.486427],[126.39193,33.487408],[126.391045,33.48986],[126.38564,33.48977],[126.38268,33.488224],[126.38034,33.484642],[126.37787,33.48466],[126.37628,33.48553],[126.37633,33.483902],[126.36845,33.478855],[126.36265,33.479275],[126.35979,33.480087],[126.35326,33.477917],[126.35225,33.474434],[126.34975,33.473274],[126.34693,33.474583],[126.345924,33.472473],[126.34037,33.470882],[126.33902,33.468193],[126.335526,33.46693],[126.33289,33.467587],[126.331856,33.469494],[126.33003,33.468082],[126.32782,33.46909],[126.32751,33.470333],[126.32034,33.46757],[126.313354,33.4698],[126.30809,33.466354],[126.308464,33.46269],[126.310295,33.461838],[126.309814,33.45914],[126.30508,33.45149],[126.30222,33.450836],[126.29955,33.447536],[126.29484,33.446842],[126.084413,33.564533]]]]}},{"type":"Feature","properties":{"id":"Shp_WRN_POLY.39","BLN_Flag":"1","WarnCode":"S1323200","name":"제주도동부앞바다","level":4,"ground":"sea"},"geometry":{"type":"MultiPolygon","coordinates":[[[[126.756701,33.763335],[126.830133,33.766339],[126.979292,33.719212],[127.092501,33.653017],[127.132837,33.596681],[127.157413,33.560993],[127.173741,33.531382],[127.18923,33.481582],[127.189196,33.434261],[127.171559,33.377956],[127.155717,33.34173],[127.119458,33.293679],[127.071724,33.242312],[126.99324,33.154498],[126.965284,33.143153],[126.774282,33.3022623],[126.776849,33.306406],[126.78076241,33.30666859],[126.78403125,33.30530136],[126.78624613,33.30569555],[126.78861256,33.30330452],[126.79167653,33.30281514],[126.7939224,33.3045116],[126.7985236,33.3020268],[126.80119232,33.3027872],[126.80408373,33.3032784],[126.80659324,33.30263856],[126.8085747,33.3013935],[126.8126391,33.3030738],[126.8115131,33.305259],[126.81566918,33.30684033],[126.81997164,33.30721587],[126.82043887,33.30525278],[126.82867977,33.30636726],[126.83571041,33.30888363],[126.83536704,33.31089729],[126.83890002,33.31354716],[126.84101334,33.31559079],[126.8442309,33.3191403],[126.8482756,33.3198685],[126.8494241,33.32515741],[126.8469774,33.3261135],[126.8458327,33.327699],[126.8434964,33.3278686],[126.84335702,33.33108891],[126.84887884,33.33547401],[126.8508912,33.3348947],[126.85393802,33.33723344],[126.85695611,33.33787665],[126.85768437,33.34199495],[126.85972652,33.34316246],[126.86020137,33.34666435],[126.8638045,33.34737943],[126.87023413,33.35523583],[126.8684053,33.3608179],[126.86953925,33.36088838],[126.86983209,33.36214903],[126.8681302,33.3636687],[126.87079549,33.36536303],[126.87313307,33.36554793],[126.87397311,33.3687115],[126.8733446,33.3715015],[126.88013178,33.37675077],[126.88225309,33.37915483],[126.88253279,33.38173062],[126.88612127,33.38350224],[126.88883853,33.38445677],[126.89312055,33.3875109],[126.89853705,33.38802731],[126.9040807,33.3894934],[126.9071752,33.3912012],[126.9068195,33.3928322],[126.9076146,33.3938708],[126.9076766,33.3978672],[126.9049305,33.4008495],[126.9059018,33.4026019],[126.90415043,33.40316171],[126.9062536,33.4045114],[126.9087508,33.4067672],[126.90917314,33.41082404],[126.9121942,33.4138803],[126.9117483,33.4171719],[126.9144195,33.4201217],[126.9161976,33.4247563],[126.9190692,33.4275017],[126.91892293,33.42901382],[126.91764688,33.43016076],[126.91792216,33.43229853],[126.91695392,33.43346831],[126.91930742,33.43463195],[126.9230656,33.4339846],[126.9247436,33.4293343],[126.9227792,33.4288759],[126.9221263,33.4266807],[126.926881,33.4232697],[126.9315334,33.42241889],[126.9371729,33.4291891],[126.934842,33.4320622],[126.93,33.4351687],[126.9253422,33.4353182],[126.92543135,33.44377941],[126.9225634,33.44326559],[126.9224663,33.44514915],[126.9254786,33.4456089],[126.9258043,33.4477518],[126.9234017,33.4484514],[126.9251842,33.4492451],[126.9265644,33.4524161],[126.9287116,33.4526003],[126.9307838,33.4553689],[126.9305265,33.4584169],[126.934238,33.4597603],[126.9407935,33.4543379],[126.9440145,33.454248],[126.9480191,33.45743281],[126.9448105,33.4613812],[126.9401872,33.4622935],[126.9379645,33.4654625],[126.9382901,33.4681935],[126.9356664,33.4717586],[126.9363201,33.4738192],[126.9213527,33.473839],[126.9112993,33.4755218],[126.9094717,33.4797153],[126.90584409,33.47857828],[126.90361335,33.48205557],[126.90470703,33.485553],[126.9160712,33.4852284],[126.9178628,33.486874],[126.91695687,33.48997577],[126.9130864,33.49058028],[126.91277039,33.49450388],[126.91444735,33.49557118],[126.9147534,33.49995318],[126.91625428,33.50164121],[126.9130316,33.5080798],[126.9107761,33.5102809],[126.9076042,33.5116833],[126.9003688,33.5111156],[126.8998069,33.5130819],[126.9030512,33.5137713],[126.90305,33.5148952],[126.9041686,33.515177],[126.9041305,33.5159575],[126.9016303,33.5168295],[126.9033069,33.5185479],[126.9058811,33.5181753],[126.9075567,33.5209238],[126.90397221,33.52239411],[126.90387615,33.5244071],[126.90273024,33.52622365],[126.89976067,33.5252714],[126.89618839,33.52530496],[126.8925008,33.5289483],[126.88915875,33.5293948],[126.8848362,33.52860943],[126.88233866,33.53074782],[126.87925208,33.53026033],[126.87723021,33.53110439],[126.87463777,33.53071541],[126.8716126,33.5316682],[126.8683942,33.5302807],[126.8669565,33.5309112],[126.8647627,33.528943],[126.86429198,33.5262178],[126.86103156,33.52655677],[126.85802342,33.5273577],[126.85947511,33.53007905],[126.85831602,33.53096654],[126.85554745,33.53124932],[126.85346038,33.5318355],[126.85238179,33.5342184],[126.84812488,33.53374033],[126.84229756,33.53575239],[126.84293757,33.53765571],[126.84116209,33.53854845],[126.8349563,33.5421642],[126.832541,33.5408369],[126.8335308,33.5434399],[126.82987329,33.54736657],[126.8303443,33.5491611],[126.8304355,33.5519402],[126.8286094,33.5545938],[126.8275033,33.5556917],[126.82834682,33.55847297],[126.82812073,33.56012604],[126.81398421,33.56329168],[126.8114194,33.56016603],[126.8016055,33.55976],[126.79979407,33.55691017],[126.79738901,33.55677547],[126.7942494,33.5602651],[126.7870085,33.5628664],[126.784545,33.5661074],[126.7783513,33.5667985],[126.776292,33.5650026],[126.7740043,33.5670631],[126.770237,33.566067],[126.7661593,33.5669144],[126.7620734,33.5654313],[126.760499,33.5620782],[126.7613024,33.5606423],[126.7571534,33.5586871],[126.7544829,33.5601467],[126.750082,33.5594441],[126.7490858,33.5612865],[126.7469499,33.55976261],[126.74455458,33.56050365],[126.74035042,33.55929797],[126.74100033,33.55676471],[126.73877684,33.55631755],[126.73873854,33.55843329],[126.73124981,33.56117388],[126.73059892,33.56365552],[126.72817582,33.5618681],[126.72483517,33.56070675],[126.72155293,33.55923527],[126.7181758,33.5588231],[126.7176081,33.556319],[126.71387806,33.55614551],[126.7092343,33.5552132],[126.756701,33.763335]]]]}},{"type":"Feature","properties":{"id":"Shp_WRN_POLY.40","BLN_Flag":"1","WarnCode":"S1323300","name":"제주도남부앞바다","level":4,"ground":"sea"},"geometry":{"type":"MultiPolygon","coordinates":[[[[126.965284,33.143153],[126.872615,33.105464],[126.758924,33.07372],[126.567643,33.033876],[126.294445,32.992223],[126.29415,33.200656],[126.29437,33.202614],[126.291176,33.20482],[126.29566,33.21277],[126.29738,33.219067],[126.29527,33.219296],[126.30197,33.22656],[126.30646,33.2283],[126.30841,33.226456],[126.309525,33.227108],[126.31039225,33.23075249],[126.31325274,33.23265009],[126.31490386,33.23163962],[126.31562,33.23507],[126.31769,33.23688],[126.3232,33.239246],[126.32847,33.240364],[126.33278,33.239983],[126.335075,33.238373],[126.33397124,33.23675445],[126.33549448,33.23473903],[126.34126329,33.23549164],[126.34568192,33.23604265],[126.35059,33.234303],[126.35830981,33.23486211],[126.36411539,33.23102615],[126.37029675,33.22873459],[126.37926008,33.2305032],[126.38037965,33.23328188],[126.38467,33.231483],[126.39647621,33.23811258],[126.40308,33.240692],[126.40317,33.242413],[126.41166229,33.24413005],[126.41520393,33.2415376],[126.41906575,33.2411599],[126.419914,33.239162],[126.43127344,33.23187965],[126.43544292,33.2317576],[126.43803805,33.23473503],[126.44331839,33.23563833],[126.450485,33.240047],[126.454445,33.239933],[126.459236,33.237232],[126.46002984,33.23097202],[126.46460678,33.22770282],[126.47167855,33.22174111],[126.47904273,33.22258051],[126.47871,33.226],[126.48545316,33.22718655],[126.48851,33.229942],[126.49176,33.23025],[126.493576,33.229053],[126.49623,33.230003],[126.497574,33.22754],[126.5011,33.228718],[126.507979,33.22985222],[126.51964,33.237022],[126.5209,33.240696],[126.52516,33.239834],[126.52855,33.238033],[126.53496839,33.23831175],[126.53682313,33.24015682],[126.540085,33.240772],[126.54289,33.238186],[126.54802392,33.23725826],[126.55069148,33.24095387],[126.55434,33.238728],[126.55763,33.239155],[126.55937,33.237152],[126.56024,33.237713],[126.55958096,33.2404382],[126.5605147,33.24208205],[126.56111042,33.23996532],[126.56373821,33.2388159],[126.56831194,33.23569624],[126.57074,33.237186],[126.56755597,33.24059719],[126.5708298,33.24330936],[126.57463611,33.24369882],[126.57880473,33.24341587],[126.58213,33.24195],[126.582794,33.243027],[126.585144,33.243233],[126.585945,33.244076],[126.58924,33.24294],[126.589134,33.241608],[126.592,33.240795],[126.59133998,33.23895782],[126.5931672,33.23750329],[126.59652664,33.23593608],[126.59944,33.23594],[126.6054973,33.23773497],[126.60880446,33.23719848],[126.61152639,33.23975813],[126.61668111,33.24003416],[126.62038955,33.24310262],[126.62014322,33.2496502],[126.62211,33.249996],[126.62417,33.25207],[126.62575,33.25081],[126.628136,33.251648],[126.62846758,33.25423462],[126.6306161,33.25437506],[126.63257382,33.25379509],[126.63536062,33.25655996],[126.6401506,33.25704336],[126.63982321,33.26132382],[126.64275697,33.26656179],[126.649345,33.2685],[126.651054,33.26694],[126.65236053,33.26979555],[126.65591181,33.26899796],[126.6591729,33.26990331],[126.65858,33.273064],[126.658806,33.274006],[126.66234283,33.27400515],[126.66402027,33.26986966],[126.67089,33.270638],[126.67195,33.26946],[126.67382,33.26912],[126.67404,33.267654],[126.67768308,33.26776314],[126.678566,33.27012803],[126.68022896,33.27073475],[126.686295,33.26919],[126.69286534,33.27028289],[126.69861,33.27031],[126.7059,33.27335],[126.71495136,33.27558386],[126.71767,33.274693],[126.72012912,33.27770993],[126.72183131,33.27620213],[126.72376,33.278255],[126.72647,33.278885],[126.731964,33.278404],[126.73332,33.280968],[126.73701657,33.27866337],[126.73859512,33.27710468],[126.745445,33.278065],[126.74657,33.2798],[126.74795243,33.27971226],[126.7487,33.280952],[126.75094,33.2826],[126.75,33.284008],[126.75227,33.285988],[126.75402829,33.28518024],[126.75861696,33.28931945],[126.76207564,33.29119926],[126.76587755,33.29085948],[126.76540413,33.29240984],[126.765465,33.294773],[126.7692,33.29981],[126.77304,33.300518],[126.774284,33.30226],[126.965284,33.143153]]]]}},{"type":"Feature","properties":{"id":"Shp_WRN_POLY.41","BLN_Flag":"1","WarnCode":"S1323400","name":"제주도서부앞바다","level":4,"ground":"sea"},"geometry":{"type":"MultiPolygon","coordinates":[[[[126.29415,33.200656],[126.294445,32.992223],[126.153755,33.015762],[126.072401,33.072108],[125.998598,33.12521],[125.940616,33.20153],[125.918124,33.318567],[125.917362,33.344634],[125.929839,33.402034],[125.984926,33.480452],[126.046526,33.531471],[126.084413,33.564533],[126.2948356,33.4468415],[126.29078585,33.44782075],[126.28862033,33.44499065],[126.2854313,33.4460298],[126.28289996,33.44526564],[126.28215477,33.44361743],[126.2774814,33.44414688],[126.27439379,33.44131917],[126.27327744,33.43910465],[126.26964844,33.43921812],[126.2616483,33.4375188],[126.2600117,33.4346857],[126.2617029,33.4310949],[126.25995311,33.42960071],[126.26184937,33.42691375],[126.2579722,33.42630544],[126.2563113,33.4218807],[126.2566127,33.417481],[126.2522178,33.4174045],[126.2534929,33.41280577],[126.25520878,33.4112541],[126.25163926,33.41043846],[126.24885503,33.40580452],[126.24859668,33.40245324],[126.24429387,33.40272219],[126.240177,33.4008833],[126.23984485,33.39649376],[126.2358408,33.3956086],[126.23238904,33.39156179],[126.22950831,33.39404396],[126.22661553,33.39301953],[126.22507247,33.39116679],[126.2222122,33.3912663],[126.2208812,33.3899217],[126.221121,33.3889419],[126.2204724,33.3884728],[126.2208705,33.3874703],[126.2178384,33.3848118],[126.2152517,33.3839908],[126.2137953,33.3816377],[126.2128617,33.382008],[126.2118416,33.3816222],[126.2121482,33.3803651],[126.2150632,33.3797032],[126.215507,33.378958],[126.212454,33.3780255],[126.2126606,33.3763578],[126.20965573,33.3755777],[126.20725602,33.37465479],[126.2043275,33.3723379],[126.2045184,33.3698236],[126.1969077,33.3666329],[126.18836001,33.36443299],[126.1834345,33.3620068],[126.1818417,33.3595996],[126.1800523,33.35986007],[126.17838649,33.35728516],[126.17942024,33.35326152],[126.1773158,33.3488491],[126.17903665,33.34764227],[126.1764546,33.34692525],[126.17473787,33.34821739],[126.17086617,33.34765725],[126.1673059,33.3463746],[126.166379,33.3444654],[126.1666041,33.3437709],[126.1647205,33.3429643],[126.1647084,33.3407008],[126.1653695,33.3401315],[126.1641263,33.3394108],[126.1642053,33.3389135],[126.1615318,33.3390922],[126.160106,33.3383012],[126.1591255,33.3366227],[126.1611786,33.3364891],[126.1598476,33.33452],[126.1598612,33.3331068],[126.162315,33.3317265],[126.1613252,33.3292419],[126.1616529,33.3280506],[126.1610388,33.3264177],[126.1612458,33.323868],[126.1629897,33.3225887],[126.16521322,33.32219817],[126.16624608,33.31771116],[126.16482441,33.31389867],[126.16438591,33.31034227],[126.16235716,33.30926315],[126.16228792,33.30601548],[126.1658973,33.2990382],[126.1627306,33.2969321],[126.1608215,33.2963491],[126.1593212,33.292302],[126.1613385,33.2890047],[126.160747,33.2851803],[126.1630875,33.2833289],[126.1650072,33.2827469],[126.1657858,33.2832866],[126.16822,33.281615],[126.1688661,33.2792744],[126.1685306,33.2759083],[126.1705343,33.2729791],[126.1782064,33.26624319],[126.1801624,33.261011],[126.1822681,33.2589132],[126.18621573,33.25591903],[126.192013,33.2539076],[126.1914883,33.2523338],[126.19341104,33.25134314],[126.19533776,33.24940637],[126.19757366,33.24834515],[126.1996845,33.24651101],[126.2020521,33.2448816],[126.2076601,33.2436533],[126.2092201,33.2421408],[126.2122602,33.2407792],[126.21745968,33.24234879],[126.22597204,33.23836034],[126.22780328,33.23577897],[126.23331618,33.23380712],[126.23501356,33.22813364],[126.24149159,33.22193286],[126.24589927,33.21996316],[126.2466541,33.21679168],[126.24909258,33.21299741],[126.25237571,33.21381334],[126.25676504,33.20725658],[126.2574176,33.2095739],[126.25934705,33.20913062],[126.26048519,33.21015822],[126.26232217,33.20958629],[126.2635629,33.20548582],[126.26184664,33.20554208],[126.26123041,33.20471922],[126.26029076,33.19951683],[126.26450647,33.19600094],[126.2694634,33.19402878],[126.27645828,33.19586392],[126.27830859,33.19864134],[126.28443992,33.19903549],[126.2860914,33.1965127],[126.2891485,33.194525],[126.2916264,33.1946831],[126.2939159,33.1961732],[126.2941564,33.19614516],[126.29415,33.200656]]]]}},{"type":"Feature","properties":{"id":"Shp_WRN_POLY.42","BLN_Flag":"1","WarnCode":"S1324020","name":"제주도 남쪽 바깥먼바다","level":3,"ground":"sea"},"geometry":{"type":"MultiPolygon","coordinates":[[[[126.294445,32.2525],[127.833334,32.615],[127.833333,31.007801],[122.7136,30.9935],[122.713894,32.189154],[124.5,33.229723],[126.294445,32.2525]]]]}},{"type":"Feature","properties":{"id":"Shp_WRN_POLY.43","BLN_Flag":"1","WarnCode":"S1324110","name":"제주도남동쪽안쪽먼바다","level":3,"ground":"sea"},"geometry":{"type":"MultiPolygon","coordinates":[[[[126.294445,32.992223],[126.567643,33.033876],[126.758924,33.07372],[126.872615,33.105464],[126.965284,33.143153],[126.99324,33.154498],[127.071724,33.242312],[127.119458,33.293679],[127.155717,33.34173],[127.833334,33.58],[127.833334,32.615],[126.294445,32.2525],[126.294445,32.992223]]]]}},{"type":"Feature","properties":{"id":"Shp_WRN_POLY.44","BLN_Flag":"1","WarnCode":"S1324210","name":"제주도남서쪽안쪽먼바다","level":3,"ground":"sea"},"geometry":{"type":"MultiPolygon","coordinates":[[[[125.917362,33.344635],[125.918124,33.318567],[125.940616,33.20153],[125.998598,33.12521],[126.072401,33.072108],[126.153755,33.015762],[126.294445,32.992223],[126.294445,32.2525],[124.5,33.229723],[125.360804,33.684632],[125.917362,33.344635]]]]}}]}