관측소코드,관측소명,날짜시간,조위(cm),고저구분
"SO_0564","국화도","2025-12-31 00:43","616","저조"
"SO_0564","국화도","2025-12-31 07:15","145","고조"
"SO_0564","국화도","2025-12-31 13:43","704","저조"
"SO_0564","국화도","2025-12-31 20:10","228","고조"
"SO_0564","국화도","2026-01-01 01:57","626","저조"
"SO_0564","국화도","2026-01-01 08:22","105","고조"
"SO_0564","국화도","2026-01-01 14:49","751","저조"
"SO_0564","국화도","2026-01-01 21:20","195","고조"
"SO_0564","국화도","2026-01-02 03:02","648","저조"
"SO_0564","국화도","2026-01-02 09:23","64","고조"
"SO_0564","국화도","2026-01-01 01:57","626","저조"
"SO_0564","국화도","2026-01-01 08:22","105","고조"
"SO_0564","국화도","2026-01-01 14:49","751","저조"
"SO_0564","국화도","2026-01-01 21:20","195","고조"
"SO_0564","국화도","2026-01-02 03:02","648","저조"
"SO_0564","국화도","2026-01-02 09:23","64","고조"
"SO_0564","국화도","2026-01-02 15:47","792","저조"
"SO_0564","국화도","2026-01-02 22:20","161","고조"
"SO_0564","국화도","2026-01-03 03:59","674","저조"
"SO_0564","국화도","2026-01-03 10:18","29","고조"
"SO_0564","국화도","2026-01-02 03:02","648","저조"
"SO_0564","국화도","2026-01-02 09:23","64","고조"
"SO_0564","국화도","2026-01-02 15:47","792","저조"
"SO_0564","국화도","2026-01-02 22:20","161","고조"
"SO_0564","국화도","2026-01-03 03:59","674","저조"
"SO_0564","국화도","2026-01-03 10:18","29","고조"
"SO_0564","국화도","2026-01-03 16:41","822","저조"
"SO_0564","국화도","2026-01-03 23:14","133","고조"
"SO_0564","국화도","2026-01-04 04:51","697","저조"
"SO_0564","국화도","2026-01-04 11:10","5","고조"
"SO_0564","국화도","2026-01-03 03:59","674","저조"
"SO_0564","국화도","2026-01-03 10:18","29","고조"
"SO_0564","국화도","2026-01-03 16:41","822","저조"
"SO_0564","국화도","2026-01-03 23:14","133","고조"
"SO_0564","국화도","2026-01-04 04:51","697","저조"
"SO_0564","국화도","2026-01-04 11:10","5","고조"
"SO_0564","국화도","2026-01-04 17:30","838","저조"
"SO_0564","국화도","2026-01-05 00:02","114","고조"
"SO_0564","국화도","2026-01-05 05:39","715","저조"
"SO_0564","국화도","2026-01-05 11:58","-7","고조"
"SO_0564","국화도","2026-01-04 04:51","697","저조"
"SO_0564","국화도","2026-01-04 11:10","5","고조"
"SO_0564","국화도","2026-01-04 17:30","838","저조"
"SO_0564","국화도","2026-01-05 00:02","114","고조"
"SO_0564","국화도","2026-01-05 05:39","715","저조"
"SO_0564","국화도","2026-01-05 11:58","-7","고조"
"SO_0564","국화도","2026-01-05 18:15","841","저조"
"SO_0564","국화도","2026-01-06 00:46","105","고조"
"SO_0564","국화도","2026-01-06 06:24","724","저조"
"SO_0564","국화도","2026-01-06 12:43","-3","고조"
"SO_0564","국화도","2026-01-05 00:02","114","고조"
"SO_0564","국화도","2026-01-05 05:39","715","저조"
"SO_0564","국화도","2026-01-05 11:58","-7","고조"
"SO_0564","국화도","2026-01-05 18:15","841","저조"
"SO_0564","국화도","2026-01-06 00:46","105","고조"
"SO_0564","국화도","2026-01-06 06:24","724","저조"
"SO_0564","국화도","2026-01-06 12:43","-3","고조"
"SO_0564","국화도","2026-01-06 18:56","829","저조"
"SO_0564","국화도","2026-01-07 01:26","104","고조"
"SO_0564","국화도","2026-01-07 07:06","723","저조"
"SO_0564","국화도","2026-01-06 00:46","105","고조"
"SO_0564","국화도","2026-01-06 06:24","724","저조"
"SO_0564","국화도","2026-01-06 12:43","-3","고조"
"SO_0564","국화도","2026-01-06 18:56","829","저조"
"SO_0564","국화도","2026-01-07 01:26","104","고조"
"SO_0564","국화도","2026-01-07 07:06","723","저조"
"SO_0564","국화도","2026-01-07 13:24","19","고조"
"SO_0564","국화도","2026-01-07 19:34","805","저조"
"SO_0564","국화도","2026-01-08 02:03","114","고조"
"SO_0564","국화도","2026-01-08 07:46","711","저조"
"SO_0564","국화도","2026-01-07 01:26","104","고조"
"SO_0564","국화도","2026-01-07 07:06","723","저조"
"SO_0564","국화도","2026-01-07 13:24","19","고조"
"SO_0564","국화도","2026-01-07 19:34","805","저조"
"SO_0564","국화도","2026-01-08 02:03","114","고조"
"SO_0564","국화도","2026-01-08 07:46","711","저조"
"SO_0564","국화도","2026-01-08 14:03","57","고조"
"SO_0564","국화도","2026-01-08 20:09","768","저조"
"SO_0564","국화도","2026-01-09 00:00","819","저조"
"SO_0564","국화도","2026-01-09 00:00","826","저조"
"SO_0564","국화도","2026-01-08 02:03","114","고조"
"SO_0564","국화도","2026-01-08 07:46","711","저조"
"SO_0564","국화도","2026-01-08 14:03","57","고조"
"SO_0564","국화도","2026-01-08 20:09","768","저조"
"SO_0564","국화도","2026-01-09 00:00","819","저조"
"SO_0564","국화도","2026-01-09 00:00","826","저조"
"SO_0564","국화도","2026-01-09 00:00","64","고조"
"SO_0564","국화도","2026-01-09 02:38","132","고조"
"SO_0564","국화도","2026-01-09 08:27","688","저조"
"SO_0564","국화도","2026-01-09 14:41","111","고조"
"SO_0564","국화도","2026-01-09 00:00","64","고조"
"SO_0564","국화도","2026-01-09 00:00","819","저조"
"SO_0564","국화도","2026-01-09 00:00","826","저조"
"SO_0564","국화도","2026-01-09 02:38","132","고조"
"SO_0564","국화도","2026-01-09 08:27","688","저조"
"SO_0564","국화도","2026-01-09 14:41","111","고조"
"SO_0564","국화도","2026-01-09 20:44","720","저조"
"SO_0564","국화도","2026-01-10 00:00","807","저조"
"SO_0564","국화도","2026-01-10 00:00","753","저조"
"SO_0564","국화도","2026-01-10 00:00","128","고조"
"SO_0564","국화도","2026-01-10 00:00","753","저조"
"SO_0564","국화도","2026-01-10 00:00","807","저조"
"SO_0564","국화도","2026-01-10 00:00","128","고조"
"SO_0564","국화도","2026-01-10 03:13","157","고조"
"SO_0564","국화도","2026-01-10 09:10","657","저조"
"SO_0564","국화도","2026-01-10 15:22","174","고조"
"SO_0564","국화도","2026-01-10 21:21","665","저조"
"SO_0564","국화도","2026-01-11 03:52","187","고조"
"SO_0564","국화도","2026-01-11 10:01","622","저조"
"SO_0564","국화도","2026-01-11 16:10","239","고조"
"SO_0564","국화도","2026-01-11 03:52","187","고조"
"SO_0564","국화도","2026-01-11 10:01","622","저조"
"SO_0564","국화도","2026-01-11 16:10","239","고조"
"SO_0564","국화도","2026-01-11 22:06","608","저조"
"SO_0564","국화도","2026-01-12 04:38","216","고조"
"SO_0564","국화도","2026-01-12 11:06","593","저조"
"SO_0564","국화도","2026-01-12 17:14","294","고조"
"SO_0564","국화도","2026-01-12 23:07","557","저조"
"SO_0564","국화도","2026-01-13 05:42","237","고조"
"SO_0564","국화도","2026-01-13 12:27","586","저조"
"SO_0564","국화도","2026-01-12 04:38","216","고조"
"SO_0564","국화도","2026-01-12 11:06","593","저조"
"SO_0564","국화도","2026-01-12 17:14","294","고조"
"SO_0564","국화도","2026-01-12 23:07","557","저조"
"SO_0564","국화도","2026-01-13 05:42","237","고조"
"SO_0564","국화도","2026-01-13 12:27","586","저조"
"SO_0564","국화도","2026-01-13 18:43","320","고조"
"SO_0564","국화도","2026-01-14 00:28","530","저조"
"SO_0564","국화도","2026-01-14 06:58","235","고조"
"SO_0564","국화도","2026-01-14 13:46","606","저조"
"SO_0564","국화도","2026-01-13 05:42","237","고조"
"SO_0564","국화도","2026-01-13 12:27","586","저조"
"SO_0564","국화도","2026-01-13 18:43","320","고조"
"SO_0564","국화도","2026-01-14 00:28","530","저조"
"SO_0564","국화도","2026-01-14 06:58","235","고조"
"SO_0564","국화도","2026-01-14 13:46","606","저조"
"SO_0564","국화도","2026-01-14 20:11","307","고조"
"SO_0564","국화도","2026-01-15 01:49","537","저조"
"SO_0564","국화도","2026-01-15 08:06","210","고조"
"SO_0564","국화도","2026-01-15 14:48","641","저조"
"SO_0564","국화도","2026-01-14 00:28","530","저조"
"SO_0564","국화도","2026-01-14 06:58","235","고조"
"SO_0564","국화도","2026-01-14 13:46","606","저조"
"SO_0564","국화도","2026-01-14 20:11","307","고조"
"SO_0564","국화도","2026-01-15 01:49","537","저조"
"SO_0564","국화도","2026-01-15 08:06","210","고조"
"SO_0564","국화도","2026-01-15 14:48","641","저조"
"SO_0564","국화도","2026-01-15 21:14","272","고조"
"SO_0564","국화도","2026-01-16 02:50","566","저조"
"SO_0564","국화도","2026-01-16 09:01","172","고조"
"SO_0564","국화도","2026-01-15 01:49","537","저조"
"SO_0564","국화도","2026-01-15 08:06","210","고조"
"SO_0564","국화도","2026-01-15 14:48","641","저조"
"SO_0564","국화도","2026-01-15 21:14","272","고조"
"SO_0564","국화도","2026-01-16 02:50","566","저조"
"SO_0564","국화도","2026-01-16 09:01","172","고조"
"SO_0564","국화도","2026-01-16 15:36","679","저조"
"SO_0564","국화도","2026-01-16 22:01","235","고조"
"SO_0564","국화도","2026-01-17 03:38","603","저조"
"SO_0564","국화도","2026-01-17 09:47","131","고조"
"SO_0564","국화도","2026-01-16 02:50","566","저조"
"SO_0564","국화도","2026-01-16 09:01","172","고조"
"SO_0564","국화도","2026-01-16 15:36","679","저조"
"SO_0564","국화도","2026-01-16 22:01","235","고조"
"SO_0564","국화도","2026-01-17 03:38","603","저조"
"SO_0564","국화도","2026-01-17 09:47","131","고조"
"SO_0564","국화도","2026-01-17 16:16","715","저조"
"SO_0564","국화도","2026-01-17 22:42","199","고조"
"SO_0564","국화도","2026-01-18 04:19","639","저조"
"SO_0564","국화도","2026-01-18 10:30","94","고조"
"SO_0564","국화도","2026-01-17 03:38","603","저조"
"SO_0564","국화도","2026-01-17 09:47","131","고조"
"SO_0564","국화도","2026-01-17 16:16","715","저조"
"SO_0564","국화도","2026-01-17 22:42","199","고조"
"SO_0564","국화도","2026-01-18 04:19","639","저조"
"SO_0564","국화도","2026-01-18 10:30","94","고조"
"SO_0564","국화도","2026-01-18 16:53","746","저조"
"SO_0564","국화도","2026-01-18 23:19","167","고조"
"SO_0564","국화도","2026-01-19 04:58","671","저조"
"SO_0564","국화도","2026-01-19 11:09","62","고조"
"SO_0564","국화도","2026-01-18 04:19","639","저조"
"SO_0564","국화도","2026-01-18 10:30","94","고조"
"SO_0564","국화도","2026-01-18 16:53","746","저조"
"SO_0564","국화도","2026-01-18 23:19","167","고조"
"SO_0564","국화도","2026-01-19 04:58","671","저조"
"SO_0564","국화도","2026-01-19 11:09","62","고조"
"SO_0564","국화도","2026-01-19 17:27","772","저조"
"SO_0564","국화도","2026-01-19 23:54","140","고조"
"SO_0564","국화도","2026-01-20 05:34","696","저조"
"SO_0564","국화도","2026-01-20 11:47","39","고조"
"SO_0564","국화도","2026-01-19 04:58","671","저조"
"SO_0564","국화도","2026-01-19 11:09","62","고조"
"SO_0564","국화도","2026-01-19 17:27","772","저조"
"SO_0564","국화도","2026-01-19 23:54","140","고조"
"SO_0564","국화도","2026-01-20 05:34","696","저조"
"SO_0564","국화도","2026-01-20 11:47","39","고조"
"SO_0564","국화도","2026-01-20 18:00","791","저조"
"SO_0564","국화도","2026-01-21 00:28","118","고조"
"SO_0564","국화도","2026-01-21 06:08","714","저조"
"SO_0564","국화도","2026-01-21 12:24","28","고조"
"SO_0564","국화도","2026-01-20 05:34","696","저조"
"SO_0564","국화도","2026-01-20 11:47","39","고조"
"SO_0564","국화도","2026-01-20 18:00","791","저조"
"SO_0564","국화도","2026-01-21 00:28","118","고조"
"SO_0564","국화도","2026-01-21 06:08","714","저조"
"SO_0564","국화도","2026-01-21 12:24","28","고조"
"SO_0564","국화도","2026-01-21 18:32","802","저조"
"SO_0564","국화도","2026-01-22 01:01","102","고조"
"SO_0564","국화도","2026-01-22 06:43","724","저조"
"SO_0564","국화도","2026-01-22 12:59","29","고조"
"SO_0564","국화도","2026-01-21 00:28","118","고조"
"SO_0564","국화도","2026-01-21 06:08","714","저조"
"SO_0564","국화도","2026-01-21 12:24","28","고조"
"SO_0564","국화도","2026-01-21 18:32","802","저조"
"SO_0564","국화도","2026-01-22 01:01","102","고조"
"SO_0564","국화도","2026-01-22 06:43","724","저조"
"SO_0564","국화도","2026-01-22 12:59","29","고조"
"SO_0564","국화도","2026-01-22 19:03","802","저조"
"SO_0564","국화도","2026-01-23 01:33","93","고조"
"SO_0564","국화도","2026-01-23 07:17","728","저조"
"SO_0564","국화도","2026-01-22 01:01","102","고조"
"SO_0564","국화도","2026-01-22 06:43","724","저조"
"SO_0564","국화도","2026-01-22 12:59","29","고조"
"SO_0564","국화도","2026-01-22 19:03","802","저조"
"SO_0564","국화도","2026-01-23 01:33","93","고조"
"SO_0564","국화도","2026-01-23 07:17","728","저조"
"SO_0564","국화도","2026-01-23 13:35","45","고조"
"SO_0564","국화도","2026-01-23 19:34","790","저조"
"SO_0564","국화도","2026-01-24 02:05","93","고조"
"SO_0564","국화도","2026-01-24 07:54","724","저조"
"SO_0564","국화도","2026-01-23 01:33","93","고조"
"SO_0564","국화도","2026-01-23 07:17","728","저조"
"SO_0564","국화도","2026-01-23 13:35","45","고조"
"SO_0564","국화도","2026-01-23 19:34","790","저조"
"SO_0564","국화도","2026-01-24 02:05","93","고조"
"SO_0564","국화도","2026-01-24 07:54","724","저조"
"SO_0564","국화도","2026-01-24 14:12","76","고조"
"SO_0564","국화도","2026-01-24 20:08","763","저조"
"SO_0564","국화도","2026-01-25 02:39","101","고조"
"SO_0564","국화도","2026-01-25 08:35","711","저조"
"SO_0564","국화도","2026-01-24 02:05","93","고조"
"SO_0564","국화도","2026-01-24 07:54","724","저조"
"SO_0564","국화도","2026-01-24 14:12","76","고조"
"SO_0564","국화도","2026-01-24 20:08","763","저조"
"SO_0564","국화도","2026-01-25 02:39","101","고조"
"SO_0564","국화도","2026-01-25 08:35","711","저조"
"SO_0564","국화도","2026-01-25 14:52","123","고조"
"SO_0564","국화도","2026-01-25 20:46","721","저조"
"SO_0564","국화도","2026-01-26 03:18","119","고조"
"SO_0564","국화도","2026-01-26 09:25","688","저조"
"SO_0564","국화도","2026-01-25 02:39","101","고조"
"SO_0564","국화도","2026-01-25 08:35","711","저조"
"SO_0564","국화도","2026-01-25 14:52","123","고조"
"SO_0564","국화도","2026-01-25 20:46","721","저조"
"SO_0564","국화도","2026-01-26 03:18","119","고조"
"SO_0564","국화도","2026-01-26 09:25","688","저조"
"SO_0564","국화도","2026-01-26 15:39","182","고조"
"SO_0564","국화도","2026-01-26 21:32","666","저조"
"SO_0564","국화도","2026-01-27 04:06","146","고조"
"SO_0564","국화도","2026-01-27 10:28","661","저조"
"SO_0564","국화도","2026-01-26 03:18","119","고조"
"SO_0564","국화도","2026-01-26 09:25","688","저조"
"SO_0564","국화도","2026-01-26 15:39","182","고조"
"SO_0564","국화도","2026-01-26 21:32","666","저조"
"SO_0564","국화도","2026-01-27 04:06","146","고조"
"SO_0564","국화도","2026-01-27 10:28","661","저조"
"SO_0564","국화도","2026-01-27 16:42","245","고조"
"SO_0564","국화도","2026-01-27 22:33","606","저조"
"SO_0564","국화도","2026-01-28 05:12","172","고조"
"SO_0564","국화도","2026-01-28 11:51","646","저조"
"SO_0564","국화도","2026-01-27 04:06","146","고조"
"SO_0564","국화도","2026-01-27 10:28","661","저조"
"SO_0564","국화도","2026-01-27 16:42","245","고조"
"SO_0564","국화도","2026-01-27 22:33","606","저조"
"SO_0564","국화도","2026-01-28 05:12","172","고조"
"SO_0564","국화도","2026-01-28 11:51","646","저조"
"SO_0564","국화도","2026-01-28 18:11","288","고조"
"SO_0564","국화도","2026-01-29 00:01","564","저조"
"SO_0564","국화도","2026-01-29 06:38","179","고조"
"SO_0564","국화도","2026-01-29 13:24","662","저조"
"SO_0564","국화도","2026-01-28 05:12","172","고조"
"SO_0564","국화도","2026-01-28 11:51","646","저조"
"SO_0564","국화도","2026-01-28 18:11","288","고조"
"SO_0564","국화도","2026-01-29 00:01","564","저조"
"SO_0564","국화도","2026-01-29 06:38","179","고조"
"SO_0564","국화도","2026-01-29 13:24","662","저조"
"SO_0564","국화도","2026-01-29 19:58","280","고조"
"SO_0564","국화도","2026-01-30 01:40","565","저조"
"SO_0564","국화도","2026-01-30 08:06","150","고조"
"SO_0564","국화도","2026-01-30 14:44","706","저조"
"SO_0564","국화도","2026-01-29 00:01","564","저조"
"SO_0564","국화도","2026-01-29 06:38","179","고조"
"SO_0564","국화도","2026-01-29 13:24","662","저조"
"SO_0564","국화도","2026-01-29 19:58","280","고조"
"SO_0564","국화도","2026-01-30 01:40","565","저조"
"SO_0564","국화도","2026-01-30 08:06","150","고조"
"SO_0564","국화도","2026-01-30 14:44","706","저조"
"SO_0564","국화도","2026-01-30 21:21","234","고조"
"SO_0564","국화도","2026-01-31 03:00","605","저조"
"SO_0564","국화도","2026-01-31 09:18","100","고조"
"SO_0564","국화도","2026-01-30 01:40","565","저조"
"SO_0564","국화도","2026-01-30 08:06","150","고조"
"SO_0564","국화도","2026-01-30 14:44","706","저조"
"SO_0564","국화도","2026-01-30 21:21","234","고조"
"SO_0564","국화도","2026-01-31 03:00","605","저조"
"SO_0564","국화도","2026-01-31 09:18","100","고조"
"SO_0564","국화도","2026-01-31 15:48","757","저조"
"SO_0564","국화도","2026-01-31 22:21","178","고조"
"SO_0564","국화도","2026-02-01 04:00","658","저조"
"SO_0564","국화도","2026-02-01 10:17","48","고조"
"SO_0564","국화도","2026-01-31 03:00","605","저조"
"SO_0564","국화도","2026-01-31 09:18","100","고조"
"SO_0564","국화도","2026-01-31 15:48","757","저조"
"SO_0564","국화도","2026-01-31 22:21","178","고조"
"SO_0564","국화도","2026-02-01 04:00","658","저조"
"SO_0564","국화도","2026-02-01 10:17","48","고조"
"SO_0564","국화도","2026-02-01 16:39","800","저조"
"SO_0564","국화도","2026-02-01 23:09","128","고조"
"SO_0564","국화도","2026-02-02 04:49","706","저조"
"SO_0564","국화도","2026-02-02 11:07","8","고조"
"SO_0564","국화도","2026-02-01 04:00","658","저조"
"SO_0564","국화도","2026-02-01 10:17","48","고조"
"SO_0564","국화도","2026-02-01 16:39","800","저조"
"SO_0564","국화도","2026-02-01 23:09","128","고조"
"SO_0564","국화도","2026-02-02 04:49","706","저조"
"SO_0564","국화도","2026-02-02 11:07","8","고조"
"SO_0564","국화도","2026-02-02 17:23","826","저조"
"SO_0564","국화도","2026-02-02 23:51","90","고조"
"SO_0564","국화도","2026-02-03 05:33","742","저조"
"SO_0564","국화도","2026-02-03 11:51","-13","고조"
"SO_0564","국화도","2026-02-02 04:49","706","저조"
"SO_0564","국화도","2026-02-02 11:07","8","고조"
"SO_0564","국화도","2026-02-02 17:23","826","저조"
"SO_0564","국화도","2026-02-02 23:51","90","고조"
"SO_0564","국화도","2026-02-03 05:33","742","저조"
"SO_0564","국화도","2026-02-03 11:51","-13","고조"
"SO_0564","국화도","2026-02-03 18:01","836","저조"
"SO_0564","국화도","2026-02-04 00:29","66","고조"
"SO_0564","국화도","2026-02-04 06:12","763","저조"
"SO_0564","국화도","2026-02-04 12:31","-14","고조"
"SO_0564","국화도","2026-02-03 05:33","742","저조"
"SO_0564","국화도","2026-02-03 11:51","-13","고조"
"SO_0564","국화도","2026-02-03 18:01","836","저조"
"SO_0564","국화도","2026-02-04 00:29","66","고조"
"SO_0564","국화도","2026-02-04 06:12","763","저조"
"SO_0564","국화도","2026-02-04 12:31","-14","고조"
"SO_0564","국화도","2026-02-04 18:35","831","저조"
"SO_0564","국화도","2026-02-05 01:02","56","고조"
"SO_0564","국화도","2026-02-05 06:49","768","저조"
"SO_0564","국화도","2026-02-05 13:07","6","고조"
"SO_0564","국화도","2026-02-04 00:29","66","고조"
"SO_0564","국화도","2026-02-04 06:12","763","저조"
"SO_0564","국화도","2026-02-04 12:31","-14","고조"
"SO_0564","국화도","2026-02-04 18:35","831","저조"
"SO_0564","국화도","2026-02-05 01:02","56","고조"
"SO_0564","국화도","2026-02-05 06:49","768","저조"
"SO_0564","국화도","2026-02-05 13:07","6","고조"
"SO_0564","국화도","2026-02-05 19:06","812","저조"
"SO_0564","국화도","2026-02-06 01:32","60","고조"
"SO_0564","국화도","2026-02-06 07:23","759","저조"
"SO_0564","국화도","2026-02-05 01:02","56","고조"
"SO_0564","국화도","2026-02-05 06:49","768","저조"
"SO_0564","국화도","2026-02-05 13:07","6","고조"
"SO_0564","국화도","2026-02-05 19:06","812","저조"
"SO_0564","국화도","2026-02-06 01:32","60","고조"
"SO_0564","국화도","2026-02-06 07:23","759","저조"
"SO_0564","국화도","2026-02-06 13:40","42","고조"
"SO_0564","국화도","2026-02-06 19:35","780","저조"
"SO_0564","국화도","2026-02-07 02:00","76","고조"
"SO_0564","국화도","2026-02-07 07:56","736","저조"
"SO_0564","국화도","2026-02-06 01:32","60","고조"
"SO_0564","국화도","2026-02-06 07:23","759","저조"
"SO_0564","국화도","2026-02-06 13:40","42","고조"
"SO_0564","국화도","2026-02-06 19:35","780","저조"
"SO_0564","국화도","2026-02-07 02:00","76","고조"
"SO_0564","국화도","2026-02-07 07:56","736","저조"
"SO_0564","국화도","2026-02-07 14:11","94","고조"
"SO_0564","국화도","2026-02-07 20:03","737","저조"
"SO_0564","국화도","2026-02-08 02:26","105","고조"
"SO_0564","국화도","2026-02-08 08:29","702","저조"
"SO_0564","국화도","2026-02-07 02:00","76","고조"
"SO_0564","국화도","2026-02-07 07:56","736","저조"
"SO_0564","국화도","2026-02-07 14:11","94","고조"
"SO_0564","국화도","2026-02-07 20:03","737","저조"
"SO_0564","국화도","2026-02-08 02:26","105","고조"
"SO_0564","국화도","2026-02-08 08:29","702","저조"
"SO_0564","국화도","2026-02-08 14:43","156","고조"
"SO_0564","국화도","2026-02-08 20:32","683","저조"
"SO_0564","국화도","2026-02-09 02:54","143","고조"
"SO_0564","국화도","2026-02-09 09:06","658","저조"
"SO_0564","국화도","2026-02-08 02:26","105","고조"
"SO_0564","국화도","2026-02-08 08:29","702","저조"
"SO_0564","국화도","2026-02-08 14:43","156","고조"
"SO_0564","국화도","2026-02-08 20:32","683","저조"
"SO_0564","국화도","2026-02-09 02:54","143","고조"
"SO_0564","국화도","2026-02-09 09:06","658","저조"
"SO_0564","국화도","2026-02-09 15:18","226","고조"
"SO_0564","국화도","2026-02-09 21:04","620","저조"
"SO_0564","국화도","2026-02-10 03:27","189","고조"
"SO_0564","국화도","2026-02-10 09:53","611","저조"
"SO_0564","국화도","2026-02-09 02:54","143","고조"
"SO_0564","국화도","2026-02-09 09:06","658","저조"
"SO_0564","국화도","2026-02-09 15:18","226","고조"
"SO_0564","국화도","2026-02-09 21:04","620","저조"
"SO_0564","국화도","2026-02-10 03:27","189","고조"
"SO_0564","국화도","2026-02-10 09:53","611","저조"
"SO_0564","국화도","2026-02-10 16:04","296","고조"
"SO_0564","국화도","2026-02-10 21:47","556","저조"
"SO_0564","국화도","2026-02-11 04:13","237","고조"
"SO_0564","국화도","2026-02-11 11:05","570","저조"
"SO_0564","국화도","2026-02-10 03:27","189","고조"
"SO_0564","국화도","2026-02-10 09:53","611","저조"
"SO_0564","국화도","2026-02-10 16:04","296","고조"
"SO_0564","국화도","2026-02-10 21:47","556","저조"
"SO_0564","국화도","2026-02-11 04:13","237","고조"
"SO_0564","국화도","2026-02-11 11:05","570","저조"
"SO_0564","국화도","2026-02-11 17:22","352","고조"
"SO_0564","국화도","2026-02-11 23:00","500","저조"
"SO_0564","국화도","2026-02-12 05:32","273","고조"
"SO_0564","국화도","2026-02-12 12:54","564","저조"
"SO_0564","국화도","2026-02-11 04:13","237","고조"
"SO_0564","국화도","2026-02-11 11:05","570","저조"
"SO_0564","국화도","2026-02-11 17:22","352","고조"
"SO_0564","국화도","2026-02-11 23:00","500","저조"
"SO_0564","국화도","2026-02-12 05:32","273","고조"
"SO_0564","국화도","2026-02-12 12:54","564","저조"
"SO_0564","국화도","2026-02-12 19:35","356","고조"
"SO_0564","국화도","2026-02-13 01:01","488","저조"
"SO_0564","국화도","2026-02-13 07:22","264","고조"
"SO_0564","국화도","2026-02-13 14:24","601","저조"
"SO_0564","국화도","2026-02-12 05:32","273","고조"
"SO_0564","국화도","2026-02-12 12:54","564","저조"
"SO_0564","국화도","2026-02-12 19:35","356","고조"
"SO_0564","국화도","2026-02-13 01:01","488","저조"
"SO_0564","국화도","2026-02-13 07:22","264","고조"
"SO_0564","국화도","2026-02-13 14:24","601","저조"
"SO_0564","국화도","2026-02-13 20:59","309","고조"
"SO_0564","국화도","2026-02-14 02:28","528","저조"
"SO_0564","국화도","2026-02-14 08:38","215","고조"
"SO_0564","국화도","2026-02-14 15:20","653","저조"
"SO_0564","국화도","2026-02-13 01:01","488","저조"
"SO_0564","국화도","2026-02-13 07:22","264","고조"
"SO_0564","국화도","2026-02-13 14:24","601","저조"
"SO_0564","국화도","2026-02-13 20:59","309","고조"
"SO_0564","국화도","2026-02-14 02:28","528","저조"
"SO_0564","국화도","2026-02-14 08:38","215","고조"
"SO_0564","국화도","2026-02-14 15:20","653","저조"
"SO_0564","국화도","2026-02-14 21:47","253","고조"
"SO_0564","국화도","2026-02-15 03:23","586","저조"
"SO_0564","국화도","2026-02-15 09:32","156","고조"
"SO_0564","국화도","2026-02-14 02:28","528","저조"
"SO_0564","국화도","2026-02-14 08:38","215","고조"
"SO_0564","국화도","2026-02-14 15:20","653","저조"
"SO_0564","국화도","2026-02-14 21:47","253","고조"
"SO_0564","국화도","2026-02-15 03:23","586","저조"
"SO_0564","국화도","2026-02-15 09:32","156","고조"
"SO_0564","국화도","2026-02-15 16:01","705","저조"
"SO_0564","국화도","2026-02-15 22:25","198","고조"
"SO_0564","국화도","2026-02-16 04:05","644","저조"
"SO_0564","국화도","2026-02-16 10:16","100","고조"
"SO_0564","국화도","2026-02-15 03:23","586","저조"
"SO_0564","국화도","2026-02-15 09:32","156","고조"
"SO_0564","국화도","2026-02-15 16:01","705","저조"
"SO_0564","국화도","2026-02-15 22:25","198","고조"
"SO_0564","국화도","2026-02-16 04:05","644","저조"
"SO_0564","국화도","2026-02-16 10:16","100","고조"
"SO_0564","국화도","2026-02-16 16:36","751","저조"
"SO_0564","국화도","2026-02-16 23:01","147","고조"
"SO_0564","국화도","2026-02-17 04:43","695","저조"
"SO_0564","국화도","2026-02-17 10:57","53","고조"
"SO_0564","국화도","2026-02-16 04:05","644","저조"
"SO_0564","국화도","2026-02-16 10:16","100","고조"
"SO_0564","국화도","2026-02-16 16:36","751","저조"
"SO_0564","국화도","2026-02-16 23:01","147","고조"
"SO_0564","국화도","2026-02-17 04:43","695","저조"
"SO_0564","국화도","2026-02-17 10:57","53","고조"
"SO_0564","국화도","2026-02-17 17:09","787","저조"
"SO_0564","국화도","2026-02-17 23:34","103","고조"
"SO_0564","국화도","2026-02-18 05:18","737","저조"
"SO_0564","국화도","2026-02-18 11:35","21","고조"
"SO_0564","국화도","2026-02-17 04:43","695","저조"
"SO_0564","국화도","2026-02-17 10:57","53","고조"
"SO_0564","국화도","2026-02-17 17:09","787","저조"
"SO_0564","국화도","2026-02-17 23:34","103","고조"
"SO_0564","국화도","2026-02-18 05:18","737","저조"
"SO_0564","국화도","2026-02-18 11:35","21","고조"
"SO_0564","국화도","2026-02-18 17:40","811","저조"
"SO_0564","국화도","2026-02-19 00:07","68","고조"
"SO_0564","국화도","2026-02-19 05:53","767","저조"
"SO_0564","국화도","2026-02-19 12:11","5","고조"
"SO_0564","국화도","2026-02-18 05:18","737","저조"
"SO_0564","국화도","2026-02-18 11:35","21","고조"
"SO_0564","국화도","2026-02-18 17:40","811","저조"
"SO_0564","국화도","2026-02-19 00:07","68","고조"
"SO_0564","국화도","2026-02-19 05:53","767","저조"
"SO_0564","국화도","2026-02-19 12:11","5","고조"
"SO_0564","국화도","2026-02-19 18:11","823","저조"
"SO_0564","국화도","2026-02-20 00:38","44","고조"
"SO_0564","국화도","2026-02-20 06:26","786","저조"
"SO_0564","국화도","2026-02-20 12:46","6","고조"
"SO_0564","국화도","2026-02-19 00:07","68","고조"
"SO_0564","국화도","2026-02-19 05:53","767","저조"
"SO_0564","국화도","2026-02-19 12:11","5","고조"
"SO_0564","국화도","2026-02-19 18:11","823","저조"
"SO_0564","국화도","2026-02-20 00:38","44","고조"
"SO_0564","국화도","2026-02-20 06:26","786","저조"
"SO_0564","국화도","2026-02-20 12:46","6","고조"
"SO_0564","국화도","2026-02-20 18:41","821","저조"
"SO_0564","국화도","2026-02-21 01:09","32","고조"
"SO_0564","국화도","2026-02-21 07:00","793","저조"
"SO_0564","국화도","2026-02-20 00:38","44","고조"
"SO_0564","국화도","2026-02-20 06:26","786","저조"
"SO_0564","국화도","2026-02-20 12:46","6","고조"
"SO_0564","국화도","2026-02-20 18:41","821","저조"
"SO_0564","국화도","2026-02-21 01:09","32","고조"
"SO_0564","국화도","2026-02-21 07:00","793","저조"
"SO_0564","국화도","2026-02-21 13:21","27","고조"
"SO_0564","국화도","2026-02-21 19:12","803","저조"
"SO_0564","국화도","2026-02-22 01:40","35","고조"
"SO_0564","국화도","2026-02-22 07:35","787","저조"
"SO_0564","국화도","2026-02-21 01:09","32","고조"
"SO_0564","국화도","2026-02-21 07:00","793","저조"
"SO_0564","국화도","2026-02-21 13:21","27","고조"
"SO_0564","국화도","2026-02-21 19:12","803","저조"
"SO_0564","국화도","2026-02-22 01:40","35","고조"
"SO_0564","국화도","2026-02-22 07:35","787","저조"
"SO_0564","국화도","2026-02-22 13:56","66","고조"
"SO_0564","국화도","2026-02-22 19:44","769","저조"
"SO_0564","국화도","2026-02-23 02:12","53","고조"
"SO_0564","국화도","2026-02-23 08:14","765","저조"
"SO_0564","국화도","2026-02-22 01:40","35","고조"
"SO_0564","국화도","2026-02-22 07:35","787","저조"
"SO_0564","국화도","2026-02-22 13:56","66","고조"
"SO_0564","국화도","2026-02-22 19:44","769","저조"
"SO_0564","국화도","2026-02-23 02:12","53","고조"
"SO_0564","국화도","2026-02-23 08:14","765","저조"
"SO_0564","국화도","2026-02-23 14:34","125","고조"
"SO_0564","국화도","2026-02-23 20:19","717","저조"
"SO_0564","국화도","2026-02-24 02:47","87","고조"
"SO_0564","국화도","2026-02-24 08:59","725","저조"
"SO_0564","국화도","2026-02-23 02:12","53","고조"
"SO_0564","국화도","2026-02-23 08:14","765","저조"
"SO_0564","국화도","2026-02-23 14:34","125","고조"
"SO_0564","국화도","2026-02-23 20:19","717","저조"
"SO_0564","국화도","2026-02-24 02:47","87","고조"
"SO_0564","국화도","2026-02-24 08:59","725","저조"
"SO_0564","국화도","2026-02-24 15:18","198","고조"
"SO_0564","국화도","2026-02-24 21:00","651","저조"
"SO_0564","국화도","2026-02-25 03:31","137","고조"
"SO_0564","국화도","2026-02-25 09:59","673","저조"
"SO_0564","국화도","2026-02-24 02:47","87","고조"
"SO_0564","국화도","2026-02-24 08:59","725","저조"
"SO_0564","국화도","2026-02-24 15:18","198","고조"
"SO_0564","국화도","2026-02-24 21:00","651","저조"
"SO_0564","국화도","2026-02-25 03:31","137","고조"
"SO_0564","국화도","2026-02-25 09:59","673","저조"
"SO_0564","국화도","2026-02-25 16:18","277","고조"
"SO_0564","국화도","2026-02-25 21:59","578","저조"
"SO_0564","국화도","2026-02-26 04:36","193","고조"
"SO_0564","국화도","2026-02-26 11:29","631","저조"
"SO_0564","국화도","2026-02-25 03:31","137","고조"
"SO_0564","국화도","2026-02-25 09:59","673","저조"
"SO_0564","국화도","2026-02-25 16:18","277","고조"
"SO_0564","국화도","2026-02-25 21:59","578","저조"
"SO_0564","국화도","2026-02-26 04:36","193","고조"
"SO_0564","국화도","2026-02-26 11:29","631","저조"
"SO_0564","국화도","2026-02-26 18:00","330","고조"
"SO_0564","국화도","2026-02-26 23:41","525","저조"
"SO_0564","국화도","2026-02-27 06:20","221","고조"
"SO_0564","국화도","2026-02-27 13:23","639","저조"
"SO_0564","국화도","2026-02-26 04:36","193","고조"
"SO_0564","국화도","2026-02-26 11:29","631","저조"
"SO_0564","국화도","2026-02-26 18:00","330","고조"
"SO_0564","국화도","2026-02-26 23:41","525","저조"
"SO_0564","국화도","2026-02-27 06:20","221","고조"
"SO_0564","국화도","2026-02-27 13:23","639","저조"
"SO_0564","국화도","2026-02-27 20:07","306","고조"
"SO_0564","국화도","2026-02-28 01:45","543","저조"
"SO_0564","국화도","2026-02-28 08:06","186","고조"
"SO_0564","국화도","2026-02-28 14:48","691","저조"
"SO_0564","국화도","2026-02-27 06:20","221","고조"
"SO_0564","국화도","2026-02-27 13:23","639","저조"
"SO_0564","국화도","2026-02-27 20:07","306","고조"
"SO_0564","국화도","2026-02-28 01:45","543","저조"
"SO_0564","국화도","2026-02-28 08:06","186","고조"
"SO_0564","국화도","2026-02-28 14:48","691","저조"
"SO_0564","국화도","2026-02-28 21:22","238","고조"
"SO_0564","국화도","2026-03-01 03:03","610","저조"
"SO_0564","국화도","2026-03-01 09:18","122","고조"
"SO_0564","국화도","2026-03-01 15:44","747","저조"
"SO_0564","국화도","2026-02-28 01:45","543","저조"
"SO_0564","국화도","2026-02-28 08:06","186","고조"
"SO_0564","국화도","2026-02-28 14:48","691","저조"
"SO_0564","국화도","2026-02-28 21:22","238","고조"
"SO_0564","국화도","2026-03-01 03:03","610","저조"
"SO_0564","국화도","2026-03-01 09:18","122","고조"
"SO_0564","국화도","2026-03-01 15:44","747","저조"
"SO_0564","국화도","2026-03-01 22:12","168","고조"
"SO_0564","국화도","2026-03-02 03:56","681","저조"
"SO_0564","국화도","2026-03-02 10:12","63","고조"
"SO_0564","국화도","2026-03-01 03:03","610","저조"
"SO_0564","국화도","2026-03-01 09:18","122","고조"
"SO_0564","국화도","2026-03-01 15:44","747","저조"
"SO_0564","국화도","2026-03-01 22:12","168","고조"
"SO_0564","국화도","2026-03-02 03:56","681","저조"
"SO_0564","국화도","2026-03-02 10:12","63","고조"
"SO_0564","국화도","2026-03-02 16:28","790","저조"
"SO_0564","국화도","2026-03-02 22:53","110","고조"
"SO_0564","국화도","2026-03-03 04:39","740","저조"
"SO_0564","국화도","2026-03-03 10:57","23","고조"
"SO_0564","국화도","2026-03-02 03:56","681","저조"
"SO_0564","국화도","2026-03-02 10:12","63","고조"
"SO_0564","국화도","2026-03-02 16:28","790","저조"
"SO_0564","국화도","2026-03-02 22:53","110","고조"
"SO_0564","국화도","2026-03-03 04:39","740","저조"
"SO_0564","국화도","2026-03-03 10:57","23","고조"
"SO_0564","국화도","2026-03-03 17:04","815","저조"
"SO_0564","국화도","2026-03-03 23:29","68","고조"
"SO_0564","국화도","2026-03-04 05:18","779","저조"
"SO_0564","국화도","2026-03-04 11:36","5","고조"
"SO_0564","국화도","2026-03-03 04:39","740","저조"
"SO_0564","국화도","2026-03-03 10:57","23","고조"
"SO_0564","국화도","2026-03-03 17:04","815","저조"
"SO_0564","국화도","2026-03-03 23:29","68","고조"
"SO_0564","국화도","2026-03-04 05:18","779","저조"
"SO_0564","국화도","2026-03-04 11:36","5","고조"
"SO_0564","국화도","2026-03-04 17:37","823","저조"
"SO_0564","국화도","2026-03-05 00:01","42","고조"
"SO_0564","국화도","2026-03-05 05:53","799","저조"
"SO_0564","국화도","2026-03-05 12:11","8","고조"
"SO_0564","국화도","2026-03-04 05:18","779","저조"
"SO_0564","국화도","2026-03-04 11:36","5","고조"
"SO_0564","국화도","2026-03-04 17:37","823","저조"
"SO_0564","국화도","2026-03-05 00:01","42","고조"
"SO_0564","국화도","2026-03-05 05:53","799","저조"
"SO_0564","국화도","2026-03-05 12:11","8","고조"
"SO_0564","국화도","2026-03-05 18:07","817","저조"
"SO_0564","국화도","2026-03-06 00:31","32","고조"
"SO_0564","국화도","2026-03-06 06:25","802","저조"
"SO_0564","국화도","2026-03-06 12:43","28","고조"
"SO_0564","국화도","2026-03-05 00:01","42","고조"
"SO_0564","국화도","2026-03-05 05:53","799","저조"
"SO_0564","국화도","2026-03-05 12:11","8","고조"
"SO_0564","국화도","2026-03-05 18:07","817","저조"
"SO_0564","국화도","2026-03-06 00:31","32","고조"
"SO_0564","국화도","2026-03-06 06:25","802","저조"
"SO_0564","국화도","2026-03-06 12:43","28","고조"
"SO_0564","국화도","2026-03-06 18:34","801","저조"
"SO_0564","국화도","2026-03-07 00:57","37","고조"
"SO_0564","국화도","2026-03-07 06:55","790","저조"
"SO_0564","국화도","2026-03-06 00:31","32","고조"
"SO_0564","국화도","2026-03-06 06:25","802","저조"
"SO_0564","국화도","2026-03-06 12:43","28","고조"
"SO_0564","국화도","2026-03-06 18:34","801","저조"
"SO_0564","국화도","2026-03-07 00:57","37","고조"
"SO_0564","국화도","2026-03-07 06:55","790","저조"
"SO_0564","국화도","2026-03-07 13:13","63","고조"
"SO_0564","국화도","2026-03-07 19:00","773","저조"
"SO_0564","국화도","2026-03-08 01:21","55","고조"
"SO_0564","국화도","2026-03-08 07:23","768","저조"
"SO_0564","국화도","2026-03-07 00:57","37","고조"
"SO_0564","국화도","2026-03-07 06:55","790","저조"
"SO_0564","국화도","2026-03-07 13:13","63","고조"
"SO_0564","국화도","2026-03-07 19:00","773","저조"
"SO_0564","국화도","2026-03-08 01:21","55","고조"
"SO_0564","국화도","2026-03-08 07:23","768","저조"
"SO_0564","국화도","2026-03-08 13:41","109","고조"
"SO_0564","국화도","2026-03-08 19:26","734","저조"
"SO_0564","국화도","2026-03-09 01:45","84","고조"
"SO_0564","국화도","2026-03-09 07:51","735","저조"
"SO_0564","국화도","2026-03-08 01:21","55","고조"
"SO_0564","국화도","2026-03-08 07:23","768","저조"
"SO_0564","국화도","2026-03-08 13:41","109","고조"
"SO_0564","국화도","2026-03-08 19:26","734","저조"
"SO_0564","국화도","2026-03-09 01:45","84","고조"
"SO_0564","국화도","2026-03-09 07:51","735","저조"
"SO_0564","국화도","2026-03-09 14:09","164","고조"
"SO_0564","국화도","2026-03-09 19:52","685","저조"
"SO_0564","국화도","2026-03-10 02:09","124","고조"
"SO_0564","국화도","2026-03-10 08:22","693","저조"
"SO_0564","국화도","2026-03-09 01:45","84","고조"
"SO_0564","국화도","2026-03-09 07:51","735","저조"
"SO_0564","국화도","2026-03-09 14:09","164","고조"
"SO_0564","국화도","2026-03-09 19:52","685","저조"
"SO_0564","국화도","2026-03-10 02:09","124","고조"
"SO_0564","국화도","2026-03-10 08:22","693","저조"
"SO_0564","국화도","2026-03-10 14:39","228","고조"
"SO_0564","국화도","2026-03-10 20:21","628","저조"
"SO_0564","국화도","2026-03-11 02:36","172","고조"
"SO_0564","국화도","2026-03-11 08:59","643","저조"
"SO_0564","국화도","2026-03-10 02:09","124","고조"
"SO_0564","국화도","2026-03-10 08:22","693","저조"
"SO_0564","국화도","2026-03-10 14:39","228","고조"
"SO_0564","국화도","2026-03-10 20:21","628","저조"
"SO_0564","국화도","2026-03-11 02:36","172","고조"
"SO_0564","국화도","2026-03-11 08:59","643","저조"
"SO_0564","국화도","2026-03-11 15:16","296","고조"
"SO_0564","국화도","2026-03-11 20:55","565","저조"
"SO_0564","국화도","2026-03-12 03:13","228","고조"
"SO_0564","국화도","2026-03-12 09:55","591","저조"
"SO_0564","국화도","2026-03-11 02:36","172","고조"
"SO_0564","국화도","2026-03-11 08:59","643","저조"
"SO_0564","국화도","2026-03-11 15:16","296","고조"
"SO_0564","국화도","2026-03-11 20:55","565","저조"
"SO_0564","국화도","2026-03-12 03:13","228","고조"
"SO_0564","국화도","2026-03-12 09:55","591","저조"
"SO_0564","국화도","2026-03-12 16:17","359","고조"
"SO_0564","국화도","2026-03-12 21:52","504","저조"
"SO_0564","국화도","2026-03-13 04:17","282","고조"
"SO_0564","국화도","2026-03-13 11:44","558","저조"
"SO_0564","국화도","2026-03-12 03:13","228","고조"
"SO_0564","국화도","2026-03-12 09:55","591","저조"
"SO_0564","국화도","2026-03-12 16:17","359","고조"
"SO_0564","국화도","2026-03-12 21:52","504","저조"
"SO_0564","국화도","2026-03-13 04:17","282","고조"
"SO_0564","국화도","2026-03-13 11:44","558","저조"
"SO_0564","국화도","2026-03-13 18:47","381","고조"
"SO_0564","국화도","2026-03-14 00:05","475","저조"
"SO_0564","국화도","2026-03-14 06:24","299","고조"
"SO_0564","국화도","2026-03-14 13:45","587","저조"
"SO_0564","국화도","2026-03-13 04:17","282","고조"
"SO_0564","국화도","2026-03-13 11:44","558","저조"
"SO_0564","국화도","2026-03-13 18:47","381","고조"
"SO_0564","국화도","2026-03-14 00:05","475","저조"
"SO_0564","국화도","2026-03-14 06:24","299","고조"
"SO_0564","국화도","2026-03-14 13:45","587","저조"
"SO_0564","국화도","2026-03-14 20:30","328","고조"
"SO_0564","국화도","2026-03-15 01:58","520","저조"
"SO_0564","국화도","2026-03-15 08:08","250","고조"
"SO_0564","국화도","2026-03-15 14:48","644","저조"
"SO_0564","국화도","2026-03-14 00:05","475","저조"
"SO_0564","국화도","2026-03-14 06:24","299","고조"
"SO_0564","국화도","2026-03-14 13:45","587","저조"
"SO_0564","국화도","2026-03-14 20:30","328","고조"
"SO_0564","국화도","2026-03-15 01:58","520","저조"
"SO_0564","국화도","2026-03-15 08:08","250","고조"
"SO_0564","국화도","2026-03-15 14:48","644","저조"
"SO_0564","국화도","2026-03-15 21:18","260","고조"
"SO_0564","국화도","2026-03-16 02:57","592","저조"
"SO_0564","국화도","2026-03-16 09:07","181","고조"
"SO_0564","국화도","2026-03-15 01:58","520","저조"
"SO_0564","국화도","2026-03-15 08:08","250","고조"
"SO_0564","국화도","2026-03-15 14:48","644","저조"
"SO_0564","국화도","2026-03-15 21:18","260","고조"
"SO_0564","국화도","2026-03-16 02:57","592","저조"
"SO_0564","국화도","2026-03-16 09:07","181","고조"
"SO_0564","국화도","2026-03-16 15:30","703","저조"
"SO_0564","국화도","2026-03-16 21:55","192","고조"
"SO_0564","국화도","2026-03-17 03:40","666","저조"
"SO_0564","국화도","2026-03-17 09:53","116","고조"
"SO_0564","국화도","2026-03-16 02:57","592","저조"
"SO_0564","국화도","2026-03-16 09:07","181","고조"
"SO_0564","국화도","2026-03-16 15:30","703","저조"
"SO_0564","국화도","2026-03-16 21:55","192","고조"
"SO_0564","국화도","2026-03-17 03:40","666","저조"
"SO_0564","국화도","2026-03-17 09:53","116","고조"
"SO_0564","국화도","2026-03-17 16:06","753","저조"
"SO_0564","국화도","2026-03-17 22:30","129","고조"
"SO_0564","국화도","2026-03-18 04:18","731","저조"
"SO_0564","국화도","2026-03-18 10:35","63","고조"
"SO_0564","국화도","2026-03-17 03:40","666","저조"
"SO_0564","국화도","2026-03-17 09:53","116","고조"
"SO_0564","국화도","2026-03-17 16:06","753","저조"
"SO_0564","국화도","2026-03-17 22:30","129","고조"
"SO_0564","국화도","2026-03-18 04:18","731","저조"
"SO_0564","국화도","2026-03-18 10:35","63","고조"
"SO_0564","국화도","2026-03-18 16:39","792","저조"
"SO_0564","국화도","2026-03-18 23:03","75","고조"
"SO_0564","국화도","2026-03-19 04:54","783","저조"
"SO_0564","국화도","2026-03-19 11:14","29","고조"
"SO_0564","국화도","2026-03-18 04:18","731","저조"
"SO_0564","국화도","2026-03-18 10:35","63","고조"
"SO_0564","국화도","2026-03-18 16:39","792","저조"
"SO_0564","국화도","2026-03-18 23:03","75","고조"
"SO_0564","국화도","2026-03-19 04:54","783","저조"
"SO_0564","국화도","2026-03-19 11:14","29","고조"
"SO_0564","국화도","2026-03-19 17:12","815","저조"
"SO_0564","국화도","2026-03-19 23:37","35","고조"
"SO_0564","국화도","2026-03-20 05:29","820","저조"
"SO_0564","국화도","2026-03-20 11:52","13","고조"
"SO_0564","국화도","2026-03-19 04:54","783","저조"
"SO_0564","국화도","2026-03-19 11:14","29","고조"
"SO_0564","국화도","2026-03-19 17:12","815","저조"
"SO_0564","국화도","2026-03-19 23:37","35","고조"
"SO_0564","국화도","2026-03-20 05:29","820","저조"
"SO_0564","국화도","2026-03-20 11:52","13","고조"
"SO_0564","국화도","2026-03-20 17:44","823","저조"
"SO_0564","국화도","2026-03-21 00:09","9","고조"
"SO_0564","국화도","2026-03-21 06:05","841","저조"
"SO_0564","국화도","2026-03-21 12:29","19","고조"
"SO_0564","국화도","2026-03-20 05:29","820","저조"
"SO_0564","국화도","2026-03-20 11:52","13","고조"
"SO_0564","국화도","2026-03-20 17:44","823","저조"
"SO_0564","국화도","2026-03-21 00:09","9","고조"
"SO_0564","국화도","2026-03-21 06:05","841","저조"
"SO_0564","국화도","2026-03-21 12:29","19","고조"
"SO_0564","국화도","2026-03-21 18:17","815","저조"
"SO_0564","국화도","2026-03-22 00:42","1","고조"
"SO_0564","국화도","2026-03-22 06:40","844","저조"
"SO_0564","국화도","2026-03-22 13:05","45","고조"
"SO_0564","국화도","2026-03-21 00:09","9","고조"
"SO_0564","국화도","2026-03-21 06:05","841","저조"
"SO_0564","국화도","2026-03-21 12:29","19","고조"
"SO_0564","국화도","2026-03-21 18:17","815","저조"
"SO_0564","국화도","2026-03-22 00:42","1","고조"
"SO_0564","국화도","2026-03-22 06:40","844","저조"
"SO_0564","국화도","2026-03-22 13:05","45","고조"
"SO_0564","국화도","2026-03-22 18:49","790","저조"
"SO_0564","국화도","2026-03-23 01:14","12","고조"
"SO_0564","국화도","2026-03-23 07:17","830","저조"
"SO_0564","국화도","2026-03-22 00:42","1","고조"
"SO_0564","국화도","2026-03-22 06:40","844","저조"
"SO_0564","국화도","2026-03-22 13:05","45","고조"
"SO_0564","국화도","2026-03-22 18:49","790","저조"
"SO_0564","국화도","2026-03-23 01:14","12","고조"
"SO_0564","국화도","2026-03-23 07:17","830","저조"
"SO_0564","국화도","2026-03-23 13:42","91","고조"
"SO_0564","국화도","2026-03-23 19:23","750","저조"
"SO_0564","국화도","2026-03-24 01:48","41","고조"
"SO_0564","국화도","2026-03-24 07:57","795","저조"
"SO_0564","국화도","2026-03-23 01:14","12","고조"
"SO_0564","국화도","2026-03-23 07:17","830","저조"
"SO_0564","국화도","2026-03-23 13:42","91","고조"
"SO_0564","국화도","2026-03-23 19:23","750","저조"
"SO_0564","국화도","2026-03-24 01:48","41","고조"
"SO_0564","국화도","2026-03-24 07:57","795","저조"
"SO_0564","국화도","2026-03-24 14:21","156","고조"
"SO_0564","국화도","2026-03-24 20:00","695","저조"
"SO_0564","국화도","2026-03-25 02:25","89","고조"
"SO_0564","국화도","2026-03-25 08:44","742","저조"
"SO_0564","국화도","2026-03-24 01:48","41","고조"
"SO_0564","국화도","2026-03-24 07:57","795","저조"
"SO_0564","국화도","2026-03-24 14:21","156","고조"
"SO_0564","국화도","2026-03-24 20:00","695","저조"
"SO_0564","국화도","2026-03-25 02:25","89","고조"
"SO_0564","국화도","2026-03-25 08:44","742","저조"
"SO_0564","국화도","2026-03-25 15:08","233","고조"
"SO_0564","국화도","2026-03-25 20:45","628","저조"
"SO_0564","국화도","2026-03-26 03:12","153","고조"
"SO_0564","국화도","2026-03-26 09:48","678","저조"
"SO_0564","국화도","2026-03-25 02:25","89","고조"
"SO_0564","국화도","2026-03-25 08:44","742","저조"
"SO_0564","국화도","2026-03-25 15:08","233","고조"
"SO_0564","국화도","2026-03-25 20:45","628","저조"
"SO_0564","국화도","2026-03-26 03:12","153","고조"
"SO_0564","국화도","2026-03-26 09:48","678","저조"
"SO_0564","국화도","2026-03-26 16:14","308","고조"
"SO_0564","국화도","2026-03-26 21:50","559","저조"
"SO_0564","국화도","2026-03-27 04:23","219","고조"
"SO_0564","국화도","2026-03-27 11:26","632","저조"
"SO_0564","국화도","2026-03-26 03:12","153","고조"
"SO_0564","국화도","2026-03-26 09:48","678","저조"
"SO_0564","국화도","2026-03-26 16:14","308","고조"
"SO_0564","국화도","2026-03-26 21:50","559","저조"
"SO_0564","국화도","2026-03-27 04:23","219","고조"
"SO_0564","국화도","2026-03-27 11:26","632","저조"
"SO_0564","국화도","2026-03-27 18:10","341","고조"
"SO_0564","국화도","2026-03-27 23:48","524","저조"
"SO_0564","국화도","2026-03-28 06:19","245","고조"
"SO_0564","국화도","2026-03-28 13:19","643","저조"
"SO_0564","국화도","2026-03-27 04:23","219","고조"
"SO_0564","국화도","2026-03-27 11:26","632","저조"
"SO_0564","국화도","2026-03-27 18:10","341","고조"
"SO_0564","국화도","2026-03-27 23:48","524","저조"
"SO_0564","국화도","2026-03-28 06:19","245","고조"
"SO_0564","국화도","2026-03-28 13:19","643","저조"
"SO_0564","국화도","2026-03-28 19:59","297","고조"
"SO_0564","국화도","2026-03-29 01:43","567","저조"
"SO_0564","국화도","2026-03-29 08:00","204","고조"
"SO_0564","국화도","2026-03-29 14:34","690","저조"
"SO_0564","국화도","2026-03-28 06:19","245","고조"
"SO_0564","국화도","2026-03-28 13:19","643","저조"
"SO_0564","국화도","2026-03-28 19:59","297","고조"
"SO_0564","국화도","2026-03-29 01:43","567","저조"
"SO_0564","국화도","2026-03-29 08:00","204","고조"
"SO_0564","국화도","2026-03-29 14:34","690","저조"
"SO_0564","국화도","2026-03-29 21:01","225","고조"
"SO_0564","국화도","2026-03-30 02:51","644","저조"
"SO_0564","국화도","2026-03-30 09:06","143","고조"
"SO_0564","국화도","2026-03-30 15:24","737","저조"
"SO_0564","국화도","2026-03-29 01:43","567","저조"
"SO_0564","국화도","2026-03-29 08:00","204","고조"
"SO_0564","국화도","2026-03-29 14:34","690","저조"
"SO_0564","국화도","2026-03-29 21:01","225","고조"
"SO_0564","국화도","2026-03-30 02:51","644","저조"
"SO_0564","국화도","2026-03-30 09:06","143","고조"
"SO_0564","국화도","2026-03-30 15:24","737","저조"
"SO_0564","국화도","2026-03-30 21:46","157","고조"
"SO_0564","국화도","2026-03-31 03:40","716","저조"
"SO_0564","국화도","2026-03-31 09:55","93","고조"
"SO_0564","국화도","2026-03-30 02:51","644","저조"
"SO_0564","국화도","2026-03-30 09:06","143","고조"
"SO_0564","국화도","2026-03-30 15:24","737","저조"
"SO_0564","국화도","2026-03-30 21:46","157","고조"
"SO_0564","국화도","2026-03-31 03:40","716","저조"
"SO_0564","국화도","2026-03-31 09:55","93","고조"
"SO_0564","국화도","2026-03-31 16:02","769","저조"
"SO_0564","국화도","2026-03-31 22:23","102","고조"
"SO_0564","국화도","2026-04-01 04:19","770","저조"
"SO_0564","국화도","2026-04-01 10:37","63","고조"
"SO_0564","국화도","2026-03-31 03:40","716","저조"
"SO_0564","국화도","2026-03-31 09:55","93","고조"
"SO_0564","국화도","2026-03-31 16:02","769","저조"
"SO_0564","국화도","2026-03-31 22:23","102","고조"
"SO_0564","국화도","2026-04-01 04:19","770","저조"
"SO_0564","국화도","2026-04-01 10:37","63","고조"
"SO_0564","국화도","2026-04-01 16:36","786","저조"
"SO_0564","국화도","2026-04-01 22:57","65","고조"
"SO_0564","국화도","2026-04-02 04:55","802","저조"
"SO_0564","국화도","2026-04-02 11:14","53","고조"
"SO_0564","국화도","2026-04-01 04:19","770","저조"
"SO_0564","국화도","2026-04-01 10:37","63","고조"
"SO_0564","국화도","2026-04-01 16:36","786","저조"
"SO_0564","국화도","2026-04-01 22:57","65","고조"
"SO_0564","국화도","2026-04-02 04:55","802","저조"
"SO_0564","국화도","2026-04-02 11:14","53","고조"
"SO_0564","국화도","2026-04-02 17:06","790","저조"
"SO_0564","국화도","2026-04-02 23:28","44","고조"
"SO_0564","국화도","2026-04-03 05:27","815","저조"
"SO_0564","국화도","2026-04-03 11:47","60","고조"
"SO_0564","국화도","2026-04-02 04:55","802","저조"
"SO_0564","국화도","2026-04-02 11:14","53","고조"
"SO_0564","국화도","2026-04-02 17:06","790","저조"
"SO_0564","국화도","2026-04-02 23:28","44","고조"
"SO_0564","국화도","2026-04-03 05:27","815","저조"
"SO_0564","국화도","2026-04-03 11:47","60","고조"
"SO_0564","국화도","2026-04-03 17:35","784","저조"
"SO_0564","국화도","2026-04-03 23:56","40","고조"
"SO_0564","국화도","2026-04-04 05:58","812","저조"
"SO_0564","국화도","2026-04-04 12:18","79","고조"
"SO_0564","국화도","2026-04-03 05:27","815","저조"
"SO_0564","국화도","2026-04-03 11:47","60","고조"
"SO_0564","국화도","2026-04-03 17:35","784","저조"
"SO_0564","국화도","2026-04-03 23:56","40","고조"
"SO_0564","국화도","2026-04-04 05:58","812","저조"
"SO_0564","국화도","2026-04-04 12:18","79","고조"
"SO_0564","국화도","2026-04-04 18:02","769","저조"
"SO_0564","국화도","2026-04-05 00:22","48","고조"
"SO_0564","국화도","2026-04-05 06:26","800","저조"
"SO_0564","국화도","2026-04-05 12:47","107","고조"
"SO_0564","국화도","2026-04-04 05:58","812","저조"
"SO_0564","국화도","2026-04-04 12:18","79","고조"
"SO_0564","국화도","2026-04-04 18:02","769","저조"
"SO_0564","국화도","2026-04-05 00:22","48","고조"
"SO_0564","국화도","2026-04-05 06:26","800","저조"
"SO_0564","국화도","2026-04-05 12:47","107","고조"
"SO_0564","국화도","2026-04-05 18:29","746","저조"
"SO_0564","국화도","2026-04-06 00:46","66","고조"
"SO_0564","국화도","2026-04-06 06:53","780","저조"
"SO_0564","국화도","2026-04-06 13:15","143","고조"
"SO_0564","국화도","2026-04-05 00:22","48","고조"
"SO_0564","국화도","2026-04-05 06:26","800","저조"
"SO_0564","국화도","2026-04-05 12:47","107","고조"
"SO_0564","국화도","2026-04-05 18:29","746","저조"
"SO_0564","국화도","2026-04-06 00:46","66","고조"
"SO_0564","국화도","2026-04-06 06:53","780","저조"
"SO_0564","국화도","2026-04-06 13:15","143","고조"
"SO_0564","국화도","2026-04-06 18:56","715","저조"
"SO_0564","국화도","2026-04-07 01:10","92","고조"
"SO_0564","국화도","2026-04-07 07:20","754","저조"
"SO_0564","국화도","2026-04-06 00:46","66","고조"
"SO_0564","국화도","2026-04-06 06:53","780","저조"
"SO_0564","국화도","2026-04-06 13:15","143","고조"
"SO_0564","국화도","2026-04-06 18:56","715","저조"
"SO_0564","국화도","2026-04-07 01:10","92","고조"
"SO_0564","국화도","2026-04-07 07:20","754","저조"
"SO_0564","국화도","2026-04-07 13:43","187","고조"
"SO_0564","국화도","2026-04-07 19:23","675","저조"
"SO_0564","국화도","2026-04-08 01:35","126","고조"
"SO_0564","국화도","2026-04-08 07:49","720","저조"
"SO_0564","국화도","2026-04-07 01:10","92","고조"
"SO_0564","국화도","2026-04-07 07:20","754","저조"
"SO_0564","국화도","2026-04-07 13:43","187","고조"
"SO_0564","국화도","2026-04-07 19:23","675","저조"
"SO_0564","국화도","2026-04-08 01:35","126","고조"
"SO_0564","국화도","2026-04-08 07:49","720","저조"
"SO_0564","국화도","2026-04-08 14:13","238","고조"
"SO_0564","국화도","2026-04-08 19:52","629","저조"
"SO_0564","국화도","2026-04-09 02:04","168","고조"
"SO_0564","국화도","2026-04-09 08:25","678","저조"
"SO_0564","국화도","2026-04-08 01:35","126","고조"
"SO_0564","국화도","2026-04-08 07:49","720","저조"
"SO_0564","국화도","2026-04-08 14:13","238","고조"
"SO_0564","국화도","2026-04-08 19:52","629","저조"
"SO_0564","국화도","2026-04-09 02:04","168","고조"
"SO_0564","국화도","2026-04-09 08:25","678","저조"
"SO_0564","국화도","2026-04-09 14:49","294","고조"
"SO_0564","국화도","2026-04-09 20:28","578","저조"
"SO_0564","국화도","2026-04-10 02:41","219","고조"
"SO_0564","국화도","2026-04-10 09:16","630","저조"
"SO_0564","국화도","2026-04-09 02:04","168","고조"
"SO_0564","국화도","2026-04-09 08:25","678","저조"
"SO_0564","국화도","2026-04-09 14:49","294","고조"
"SO_0564","국화도","2026-04-09 20:28","578","저조"
"SO_0564","국화도","2026-04-10 02:41","219","고조"
"SO_0564","국화도","2026-04-10 09:16","630","저조"
"SO_0564","국화도","2026-04-10 15:46","346","고조"
"SO_0564","국화도","2026-04-10 21:25","527","저조"
"SO_0564","국화도","2026-04-11 03:39","272","고조"
"SO_0564","국화도","2026-04-11 10:41","591","저조"
"SO_0564","국화도","2026-04-10 02:41","219","고조"
"SO_0564","국화도","2026-04-10 09:16","630","저조"
"SO_0564","국화도","2026-04-10 15:46","346","고조"
"SO_0564","국화도","2026-04-10 21:25","527","저조"
"SO_0564","국화도","2026-04-11 03:39","272","고조"
"SO_0564","국화도","2026-04-11 10:41","591","저조"
"SO_0564","국화도","2026-04-11 17:38","370","고조"
"SO_0564","국화도","2026-04-11 23:14","501","저조"
"SO_0564","국화도","2026-04-12 05:24","302","고조"
"SO_0564","국화도","2026-04-12 12:37","596","저조"
"SO_0564","국화도","2026-04-11 03:39","272","고조"
"SO_0564","국화도","2026-04-11 10:41","591","저조"
"SO_0564","국화도","2026-04-11 17:38","370","고조"
"SO_0564","국화도","2026-04-11 23:14","501","저조"
"SO_0564","국화도","2026-04-12 05:24","302","고조"
"SO_0564","국화도","2026-04-12 12:37","596","저조"
"SO_0564","국화도","2026-04-12 19:29","329","고조"
"SO_0564","국화도","2026-04-13 01:08","538","저조"
"SO_0564","국화도","2026-04-13 07:17","271","고조"
"SO_0564","국화도","2026-04-13 13:54","640","저조"
"SO_0564","국화도","2026-04-12 05:24","302","고조"
"SO_0564","국화도","2026-04-12 12:37","596","저조"
"SO_0564","국화도","2026-04-12 19:29","329","고조"
"SO_0564","국화도","2026-04-13 01:08","538","저조"
"SO_0564","국화도","2026-04-13 07:17","271","고조"
"SO_0564","국화도","2026-04-13 13:54","640","저조"
"SO_0564","국화도","2026-04-13 20:27","260","고조"
"SO_0564","국화도","2026-04-14 02:15","612","저조"
"SO_0564","국화도","2026-04-14 08:27","209","고조"
"SO_0564","국화도","2026-04-14 14:44","693","저조"
"SO_0564","국화도","2026-04-13 01:08","538","저조"
"SO_0564","국화도","2026-04-13 07:17","271","고조"
"SO_0564","국화도","2026-04-13 13:54","640","저조"
"SO_0564","국화도","2026-04-13 20:27","260","고조"
"SO_0564","국화도","2026-04-14 02:15","612","저조"
"SO_0564","국화도","2026-04-14 08:27","209","고조"
"SO_0564","국화도","2026-04-14 14:44","693","저조"
"SO_0564","국화도","2026-04-14 21:09","187","고조"
"SO_0564","국화도","2026-04-15 03:03","692","저조"
"SO_0564","국화도","2026-04-15 09:20","146","고조"
"SO_0564","국화도","2026-04-14 02:15","612","저조"
"SO_0564","국화도","2026-04-14 08:27","209","고조"
"SO_0564","국화도","2026-04-14 14:44","693","저조"
"SO_0564","국화도","2026-04-14 21:09","187","고조"
"SO_0564","국화도","2026-04-15 03:03","692","저조"
"SO_0564","국화도","2026-04-15 09:20","146","고조"
"SO_0564","국화도","2026-04-15 15:25","740","저조"
"SO_0564","국화도","2026-04-15 21:48","119","고조"
"SO_0564","국화도","2026-04-16 03:45","763","저조"
"SO_0564","국화도","2026-04-16 10:05","96","고조"
"SO_0564","국화도","2026-04-15 03:03","692","저조"
"SO_0564","국화도","2026-04-15 09:20","146","고조"
"SO_0564","국화도","2026-04-15 15:25","740","저조"
"SO_0564","국화도","2026-04-15 21:48","119","고조"
"SO_0564","국화도","2026-04-16 03:45","763","저조"
"SO_0564","국화도","2026-04-16 10:05","96","고조"
"SO_0564","국화도","2026-04-16 16:02","775","저조"
"SO_0564","국화도","2026-04-16 22:25","64","고조"
"SO_0564","국화도","2026-04-17 04:24","819","저조"
"SO_0564","국화도","2026-04-17 10:48","63","고조"
"SO_0564","국화도","2026-04-16 03:45","763","저조"
"SO_0564","국화도","2026-04-16 10:05","96","고조"
"SO_0564","국화도","2026-04-16 16:02","775","저조"
"SO_0564","국화도","2026-04-16 22:25","64","고조"
"SO_0564","국화도","2026-04-17 04:24","819","저조"
"SO_0564","국화도","2026-04-17 10:48","63","고조"
"SO_0564","국화도","2026-04-17 16:39","794","저조"
"SO_0564","국화도","2026-04-17 23:02","24","고조"
"SO_0564","국화도","2026-04-18 05:03","856","저조"
"SO_0564","국화도","2026-04-18 11:30","51","고조"
"SO_0564","국화도","2026-04-17 04:24","819","저조"
"SO_0564","국화도","2026-04-17 10:48","63","고조"
"SO_0564","국화도","2026-04-17 16:39","794","저조"
"SO_0564","국화도","2026-04-17 23:02","24","고조"
"SO_0564","국화도","2026-04-18 05:03","856","저조"
"SO_0564","국화도","2026-04-18 11:30","51","고조"
"SO_0564","국화도","2026-04-18 17:16","798","저조"
"SO_0564","국화도","2026-04-18 23:39","3","고조"
"SO_0564","국화도","2026-04-19 05:41","873","저조"
"SO_0564","국화도","2026-04-19 12:10","58","고조"
"SO_0564","국화도","2026-04-18 05:03","856","저조"
"SO_0564","국화도","2026-04-18 11:30","51","고조"
"SO_0564","국화도","2026-04-18 17:16","798","저조"
"SO_0564","국화도","2026-04-18 23:39","3","고조"
"SO_0564","국화도","2026-04-19 05:41","873","저조"
"SO_0564","국화도","2026-04-19 12:10","58","고조"
"SO_0564","국화도","2026-04-19 17:53","786","저조"
"SO_0564","국화도","2026-04-20 00:15","","고조"
"SO_0564","국화도","2026-04-20 06:21","871","저조"
"SO_0564","국화도","2026-04-20 12:51","85","고조"
"SO_0564","국화도","2026-04-19 05:41","873","저조"
"SO_0564","국화도","2026-04-19 12:10","58","고조"
"SO_0564","국화도","2026-04-19 17:53","786","저조"
"SO_0564","국화도","2026-04-20 00:15","","고조"
"SO_0564","국화도","2026-04-20 06:21","871","저조"
"SO_0564","국화도","2026-04-20 12:51","85","고조"
"SO_0564","국화도","2026-04-20 18:31","760","저조"
"SO_0564","국화도","2026-04-21 00:53","16","고조"
"SO_0564","국화도","2026-04-21 07:03","849","저조"
"SO_0564","국화도","2026-04-21 13:32","130","고조"
"SO_0564","국화도","2026-04-20 00:15","","고조"
"SO_0564","국화도","2026-04-20 06:21","871","저조"
"SO_0564","국화도","2026-04-20 12:51","85","고조"
"SO_0564","국화도","2026-04-20 18:31","760","저조"
"SO_0564","국화도","2026-04-21 00:53","16","고조"
"SO_0564","국화도","2026-04-21 07:03","849","저조"
"SO_0564","국화도","2026-04-21 13:32","130","고조"
"SO_0564","국화도","2026-04-21 19:10","722","저조"
"SO_0564","국화도","2026-04-22 01:31","50","고조"
"SO_0564","국화도","2026-04-22 07:48","809","저조"
"SO_0564","국화도","2026-04-21 00:53","16","고조"
"SO_0564","국화도","2026-04-21 07:03","849","저조"
"SO_0564","국화도","2026-04-21 13:32","130","고조"
"SO_0564","국화도","2026-04-21 19:10","722","저조"
"SO_0564","국화도","2026-04-22 01:31","50","고조"
"SO_0564","국화도","2026-04-22 07:48","809","저조"
"SO_0564","국화도","2026-04-22 14:17","188","고조"
"SO_0564","국화도","2026-04-22 19:53","674","저조"
"SO_0564","국화도","2026-04-23 02:15","102","고조"
"SO_0564","국화도","2026-04-23 08:40","754","저조"
"SO_0564","국화도","2026-04-22 01:31","50","고조"
"SO_0564","국화도","2026-04-22 07:48","809","저조"
"SO_0564","국화도","2026-04-22 14:17","188","고조"
"SO_0564","국화도","2026-04-22 19:53","674","저조"
"SO_0564","국화도","2026-04-23 02:15","102","고조"
"SO_0564","국화도","2026-04-23 08:40","754","저조"
"SO_0564","국화도","2026-04-23 15:09","250","고조"
"SO_0564","국화도","2026-04-23 20:46","621","저조"
"SO_0564","국화도","2026-04-24 03:08","165","고조"
"SO_0564","국화도","2026-04-24 09:46","696","저조"
"SO_0564","국화도","2026-04-23 02:15","102","고조"
"SO_0564","국화도","2026-04-23 08:40","754","저조"
"SO_0564","국화도","2026-04-23 15:09","250","고조"
"SO_0564","국화도","2026-04-23 20:46","621","저조"
"SO_0564","국화도","2026-04-24 03:08","165","고조"
"SO_0564","국화도","2026-04-24 09:46","696","저조"
"SO_0564","국화도","2026-04-24 16:20","299","고조"
"SO_0564","국화도","2026-04-24 21:59","575","저조"
"SO_0564","국화도","2026-04-25 04:23","223","고조"
"SO_0564","국화도","2026-04-25 11:14","657","저조"
"SO_0564","국화도","2026-04-24 03:08","165","고조"
"SO_0564","국화도","2026-04-24 09:46","696","저조"
"SO_0564","국화도","2026-04-24 16:20","299","고조"
"SO_0564","국화도","2026-04-24 21:59","575","저조"
"SO_0564","국화도","2026-04-25 04:23","223","고조"
"SO_0564","국화도","2026-04-25 11:14","657","저조"
"SO_0564","국화도","2026-04-25 17:55","310","고조"
"SO_0564","국화도","2026-04-25 23:42","566","저조"
"SO_0564","국화도","2026-04-26 06:03","245","고조"
"SO_0564","국화도","2026-04-26 12:47","655","저조"
"SO_0564","국화도","2026-04-25 04:23","223","고조"
"SO_0564","국화도","2026-04-25 11:14","657","저조"
"SO_0564","국화도","2026-04-25 17:55","310","고조"
"SO_0564","국화도","2026-04-25 23:42","566","저조"
"SO_0564","국화도","2026-04-26 06:03","245","고조"
"SO_0564","국화도","2026-04-26 12:47","655","저조"
"SO_0564","국화도","2026-04-26 19:20","273","고조"
"SO_0564","국화도","2026-04-27 01:16","608","저조"
"SO_0564","국화도","2026-04-27 07:32","221","고조"
"SO_0564","국화도","2026-04-27 13:56","678","저조"
"SO_0564","국화도","2026-04-26 06:03","245","고조"
"SO_0564","국화도","2026-04-26 12:47","655","저조"
"SO_0564","국화도","2026-04-26 19:20","273","고조"
"SO_0564","국화도","2026-04-27 01:16","608","저조"
"SO_0564","국화도","2026-04-27 07:32","221","고조"
"SO_0564","국화도","2026-04-27 13:56","678","저조"
"SO_0564","국화도","2026-04-27 20:20","216","고조"
"SO_0564","국화도","2026-04-28 02:22","673","저조"
"SO_0564","국화도","2026-04-28 08:37","181","고조"
"SO_0564","국화도","2026-04-28 14:46","706","저조"
"SO_0564","국화도","2026-04-27 01:16","608","저조"
"SO_0564","국화도","2026-04-27 07:32","221","고조"
"SO_0564","국화도","2026-04-27 13:56","678","저조"
"SO_0564","국화도","2026-04-27 20:20","216","고조"
"SO_0564","국화도","2026-04-28 02:22","673","저조"
"SO_0564","국화도","2026-04-28 08:37","181","고조"
"SO_0564","국화도","2026-04-28 14:46","706","저조"
"SO_0564","국화도","2026-04-28 21:06","160","고조"
"SO_0564","국화도","2026-04-29 03:11","732","저조"
"SO_0564","국화도","2026-04-29 09:27","147","고조"
"SO_0564","국화도","2026-04-28 02:22","673","저조"
"SO_0564","국화도","2026-04-28 08:37","181","고조"
"SO_0564","국화도","2026-04-28 14:46","706","저조"
"SO_0564","국화도","2026-04-28 21:06","160","고조"
"SO_0564","국화도","2026-04-29 03:11","732","저조"
"SO_0564","국화도","2026-04-29 09:27","147","고조"
"SO_0564","국화도","2026-04-29 15:26","727","저조"
"SO_0564","국화도","2026-04-29 21:44","115","고조"
"SO_0564","국화도","2026-04-30 03:51","775","저조"
"SO_0564","국화도","2026-04-30 10:09","128","고조"
"SO_0564","국화도","2026-04-29 03:11","732","저조"
"SO_0564","국화도","2026-04-29 09:27","147","고조"
"SO_0564","국화도","2026-04-29 15:26","727","저조"
"SO_0564","국화도","2026-04-29 21:44","115","고조"
"SO_0564","국화도","2026-04-30 03:51","775","저조"
"SO_0564","국화도","2026-04-30 10:09","128","고조"
"SO_0564","국화도","2026-04-30 16:01","738","저조"
"SO_0564","국화도","2026-04-30 22:19","85","고조"
"SO_0564","국화도","2026-05-01 04:27","798","저조"
"SO_0564","국화도","2026-05-01 10:47","122","고조"
"SO_0564","국화도","2026-04-30 03:51","775","저조"
"SO_0564","국화도","2026-04-30 10:09","128","고조"
"SO_0564","국화도","2026-04-30 16:01","738","저조"
"SO_0564","국화도","2026-04-30 22:19","85","고조"
"SO_0564","국화도","2026-05-01 04:27","798","저조"
"SO_0564","국화도","2026-05-01 10:47","122","고조"
"SO_0564","국화도","2026-05-01 16:33","742","저조"
"SO_0564","국화도","2026-05-01 22:51","71","고조"
"SO_0564","국화도","2026-05-02 05:00","805","저조"
"SO_0564","국화도","2026-05-02 11:21","126","고조"
"SO_0564","국화도","2026-05-01 04:27","798","저조"
"SO_0564","국화도","2026-05-01 10:47","122","고조"
"SO_0564","국화도","2026-05-01 16:33","742","저조"
"SO_0564","국화도","2026-05-01 22:51","71","고조"
"SO_0564","국화도","2026-05-02 05:00","805","저조"
"SO_0564","국화도","2026-05-02 11:21","126","고조"
"SO_0564","국화도","2026-05-02 17:03","739","저조"
"SO_0564","국화도","2026-05-02 23:21","70","고조"
"SO_0564","국화도","2026-05-03 05:31","802","저조"
"SO_0564","국화도","2026-05-03 11:54","138","고조"
"SO_0564","국화도","2026-05-02 05:00","805","저조"
"SO_0564","국화도","2026-05-02 11:21","126","고조"
"SO_0564","국화도","2026-05-02 17:03","739","저조"
"SO_0564","국화도","2026-05-02 23:21","70","고조"
"SO_0564","국화도","2026-05-03 05:31","802","저조"
"SO_0564","국화도","2026-05-03 11:54","138","고조"
"SO_0564","국화도","2026-05-03 17:34","729","저조"
"SO_0564","국화도","2026-05-03 23:49","77","고조"
"SO_0564","국화도","2026-05-04 05:59","792","저조"
"SO_0564","국화도","2026-05-04 12:24","155","고조"
"SO_0564","국화도","2026-05-03 05:31","802","저조"
"SO_0564","국화도","2026-05-03 11:54","138","고조"
"SO_0564","국화도","2026-05-03 17:34","729","저조"
"SO_0564","국화도","2026-05-03 23:49","77","고조"
"SO_0564","국화도","2026-05-04 05:59","792","저조"
"SO_0564","국화도","2026-05-04 12:24","155","고조"
"SO_0564","국화도","2026-05-04 18:04","714","저조"
"SO_0564","국화도","2026-05-05 00:16","91","고조"
"SO_0564","국화도","2026-05-05 06:28","780","저조"
"SO_0564","국화도","2026-05-05 12:55","178","고조"
"SO_0564","국화도","2026-05-04 05:59","792","저조"
"SO_0564","국화도","2026-05-04 12:24","155","고조"
"SO_0564","국화도","2026-05-04 18:04","714","저조"
"SO_0564","국화도","2026-05-05 00:16","91","고조"
"SO_0564","국화도","2026-05-05 06:28","780","저조"
"SO_0564","국화도","2026-05-05 12:55","178","고조"
"SO_0564","국화도","2026-05-05 18:34","693","저조"
"SO_0564","국화도","2026-05-06 00:44","109","고조"
"SO_0564","국화도","2026-05-06 06:58","764","저조"
"SO_0564","국화도","2026-05-06 13:26","207","고조"
"SO_0564","국화도","2026-05-05 00:16","91","고조"
"SO_0564","국화도","2026-05-05 06:28","780","저조"
"SO_0564","국화도","2026-05-05 12:55","178","고조"
"SO_0564","국화도","2026-05-05 18:34","693","저조"
"SO_0564","국화도","2026-05-06 00:44","109","고조"
"SO_0564","국화도","2026-05-06 06:58","764","저조"
"SO_0564","국화도","2026-05-06 13:26","207","고조"
"SO_0564","국화도","2026-05-06 19:05","667","저조"
"SO_0564","국화도","2026-05-07 01:13","133","고조"
"SO_0564","국화도","2026-05-07 07:30","743","저조"
"SO_0564","국화도","2026-05-06 00:44","109","고조"
"SO_0564","국화도","2026-05-06 06:58","764","저조"
"SO_0564","국화도","2026-05-06 13:26","207","고조"
"SO_0564","국화도","2026-05-06 19:05","667","저조"
"SO_0564","국화도","2026-05-07 01:13","133","고조"
"SO_0564","국화도","2026-05-07 07:30","743","저조"
"SO_0564","국화도","2026-05-07 13:59","240","고조"
"SO_0564","국화도","2026-05-07 19:38","636","저조"
"SO_0564","국화도","2026-05-08 01:46","164","고조"
"SO_0564","국화도","2026-05-08 08:08","714","저조"
"SO_0564","국화도","2026-05-07 01:13","133","고조"
"SO_0564","국화도","2026-05-07 07:30","743","저조"
"SO_0564","국화도","2026-05-07 13:59","240","고조"
"SO_0564","국화도","2026-05-07 19:38","636","저조"
"SO_0564","국화도","2026-05-08 01:46","164","고조"
"SO_0564","국화도","2026-05-08 08:08","714","저조"
"SO_0564","국화도","2026-05-08 14:38","276","고조"
"SO_0564","국화도","2026-05-08 20:19","601","저조"
"SO_0564","국화도","2026-05-09 02:27","203","고조"
"SO_0564","국화도","2026-05-09 08:55","679","저조"
"SO_0564","국화도","2026-05-08 01:46","164","고조"
"SO_0564","국화도","2026-05-08 08:08","714","저조"
"SO_0564","국화도","2026-05-08 14:38","276","고조"
"SO_0564","국화도","2026-05-08 20:19","601","저조"
"SO_0564","국화도","2026-05-09 02:27","203","고조"
"SO_0564","국화도","2026-05-09 08:55","679","저조"
"SO_0564","국화도","2026-05-09 15:31","308","고조"
"SO_0564","국화도","2026-05-09 21:15","570","저조"
"SO_0564","국화도","2026-05-10 03:22","245","고조"
"SO_0564","국화도","2026-05-10 10:00","646","저조"
"SO_0564","국화도","2026-05-09 02:27","203","고조"
"SO_0564","국화도","2026-05-09 08:55","679","저조"
"SO_0564","국화도","2026-05-09 15:31","308","고조"
"SO_0564","국화도","2026-05-09 21:15","570","저조"
"SO_0564","국화도","2026-05-10 03:22","245","고조"
"SO_0564","국화도","2026-05-10 10:00","646","저조"
"SO_0564","국화도","2026-05-10 16:46","320","고조"
"SO_0564","국화도","2026-05-10 22:36","556","저조"
"SO_0564","국화도","2026-05-11 04:42","275","고조"
"SO_0564","국화도","2026-05-11 11:22","632","저조"
"SO_0564","국화도","2026-05-10 03:22","245","고조"
"SO_0564","국화도","2026-05-10 10:00","646","저조"
"SO_0564","국화도","2026-05-10 16:46","320","고조"
"SO_0564","국화도","2026-05-10 22:36","556","저조"
"SO_0564","국화도","2026-05-11 04:42","275","고조"
"SO_0564","국화도","2026-05-11 11:22","632","저조"
"SO_0564","국화도","2026-05-11 18:11","297","고조"
"SO_0564","국화도","2026-05-12 00:08","582","저조"
"SO_0564","국화도","2026-05-12 06:16","271","고조"
"SO_0564","국화도","2026-05-12 12:42","646","저조"
"SO_0564","국화도","2026-05-11 04:42","275","고조"
"SO_0564","국화도","2026-05-11 11:22","632","저조"
"SO_0564","국화도","2026-05-11 18:11","297","고조"
"SO_0564","국화도","2026-05-12 00:08","582","저조"
"SO_0564","국화도","2026-05-12 06:16","271","고조"
"SO_0564","국화도","2026-05-12 12:42","646","저조"
"SO_0564","국화도","2026-05-12 19:19","244","고조"
"SO_0564","국화도","2026-05-13 01:22","643","저조"
"SO_0564","국화도","2026-05-13 07:36","234","고조"
"SO_0564","국화도","2026-05-13 13:45","679","저조"
"SO_0564","국화도","2026-05-12 00:08","582","저조"
"SO_0564","국화도","2026-05-12 06:16","271","고조"
"SO_0564","국화도","2026-05-12 12:42","646","저조"
"SO_0564","국화도","2026-05-12 19:19","244","고조"
"SO_0564","국화도","2026-05-13 01:22","643","저조"
"SO_0564","국화도","2026-05-13 07:36","234","고조"
"SO_0564","국화도","2026-05-13 13:45","679","저조"
"SO_0564","국화도","2026-05-13 20:13","181","고조"
"SO_0564","국화도","2026-05-14 02:19","715","저조"
"SO_0564","국화도","2026-05-14 08:38","186","고조"
"SO_0564","국화도","2026-05-13 01:22","643","저조"
"SO_0564","국화도","2026-05-13 07:36","234","고조"
"SO_0564","국화도","2026-05-13 13:45","679","저조"
"SO_0564","국화도","2026-05-13 20:13","181","고조"
"SO_0564","국화도","2026-05-14 02:19","715","저조"
"SO_0564","국화도","2026-05-14 08:38","186","고조"
"SO_0564","국화도","2026-05-14 14:37","713","저조"
"SO_0564","국화도","2026-05-14 21:00","119","고조"
"SO_0564","국화도","2026-05-15 03:08","782","저조"
"SO_0564","국화도","2026-05-15 09:32","144","고조"
"SO_0564","국화도","2026-05-14 02:19","715","저조"
"SO_0564","국화도","2026-05-14 08:38","186","고조"
"SO_0564","국화도","2026-05-14 14:37","713","저조"
"SO_0564","국화도","2026-05-14 21:00","119","고조"
"SO_0564","국화도","2026-05-15 03:08","782","저조"
"SO_0564","국화도","2026-05-15 09:32","144","고조"
"SO_0564","국화도","2026-05-15 15:22","740","저조"
"SO_0564","국화도","2026-05-15 21:45","69","고조"
"SO_0564","국화도","2026-05-16 03:53","834","저조"
"SO_0564","국화도","2026-05-16 10:22","116","고조"
"SO_0564","국화도","2026-05-15 03:08","782","저조"
"SO_0564","국화도","2026-05-15 09:32","144","고조"
"SO_0564","국화도","2026-05-15 15:22","740","저조"
"SO_0564","국화도","2026-05-15 21:45","69","고조"
"SO_0564","국화도","2026-05-16 03:53","834","저조"
"SO_0564","국화도","2026-05-16 10:22","116","고조"
"SO_0564","국화도","2026-05-16 16:07","755","저조"
"SO_0564","국화도","2026-05-16 22:28","34","고조"
"SO_0564","국화도","2026-05-17 04:38","867","저조"
"SO_0564","국화도","2026-05-17 11:09","103","고조"
"SO_0564","국화도","2026-05-16 03:53","834","저조"
"SO_0564","국화도","2026-05-16 10:22","116","고조"
"SO_0564","국화도","2026-05-16 16:07","755","저조"
"SO_0564","국화도","2026-05-16 22:28","34","고조"
"SO_0564","국화도","2026-05-17 04:38","867","저조"
"SO_0564","국화도","2026-05-17 11:09","103","고조"
"SO_0564","국화도","2026-05-17 16:51","759","저조"
"SO_0564","국화도","2026-05-17 23:12","16","고조"
"SO_0564","국화도","2026-05-18 05:23","881","저조"
"SO_0564","국화도","2026-05-18 11:56","106","고조"
"SO_0564","국화도","2026-05-17 04:38","867","저조"
"SO_0564","국화도","2026-05-17 11:09","103","고조"
"SO_0564","국화도","2026-05-17 16:51","759","저조"
"SO_0564","국화도","2026-05-17 23:12","16","고조"
"SO_0564","국화도","2026-05-18 05:23","881","저조"
"SO_0564","국화도","2026-05-18 11:56","106","고조"
"SO_0564","국화도","2026-05-18 17:35","751","저조"
"SO_0564","국화도","2026-05-18 23:55","14","고조"
"SO_0564","국화도","2026-05-19 06:09","876","저조"
"SO_0564","국화도","2026-05-19 12:42","124","고조"
"SO_0564","국화도","2026-05-18 05:23","881","저조"
"SO_0564","국화도","2026-05-18 11:56","106","고조"
"SO_0564","국화도","2026-05-18 17:35","751","저조"
"SO_0564","국화도","2026-05-18 23:55","14","고조"
"SO_0564","국화도","2026-05-19 06:09","876","저조"
"SO_0564","국화도","2026-05-19 12:42","124","고조"
"SO_0564","국화도","2026-05-19 18:19","735","저조"
"SO_0564","국화도","2026-05-20 00:39","27","고조"
"SO_0564","국화도","2026-05-20 06:56","857","저조"
"SO_0564","국화도","2026-05-20 13:29","152","고조"
"SO_0564","국화도","2026-05-19 06:09","876","저조"
"SO_0564","국화도","2026-05-19 12:42","124","고조"
"SO_0564","국화도","2026-05-19 18:19","735","저조"
"SO_0564","국화도","2026-05-20 00:39","27","고조"
"SO_0564","국화도","2026-05-20 06:56","857","저조"
"SO_0564","국화도","2026-05-20 13:29","152","고조"
"SO_0564","국화도","2026-05-20 19:05","711","저조"
"SO_0564","국화도","2026-05-21 01:24","56","고조"
"SO_0564","국화도","2026-05-21 07:45","824","저조"
"SO_0564","국화도","2026-05-21 14:17","187","고조"
"SO_0564","국화도","2026-05-20 00:39","27","고조"
"SO_0564","국화도","2026-05-20 06:56","857","저조"
"SO_0564","국화도","2026-05-20 13:29","152","고조"
"SO_0564","국화도","2026-05-20 19:05","711","저조"
"SO_0564","국화도","2026-05-21 01:24","56","고조"
"SO_0564","국화도","2026-05-21 07:45","824","저조"
"SO_0564","국화도","2026-05-21 14:17","187","고조"
"SO_0564","국화도","2026-05-21 19:55","683","저조"
"SO_0564","국화도","2026-05-22 02:13","98","고조"
"SO_0564","국화도","2026-05-22 08:37","781","저조"
"SO_0564","국화도","2026-05-21 01:24","56","고조"
"SO_0564","국화도","2026-05-21 07:45","824","저조"
"SO_0564","국화도","2026-05-21 14:17","187","고조"
"SO_0564","국화도","2026-05-21 19:55","683","저조"
"SO_0564","국화도","2026-05-22 02:13","98","고조"
"SO_0564","국화도","2026-05-22 08:37","781","저조"
"SO_0564","국화도","2026-05-22 15:09","222","고조"
"SO_0564","국화도","2026-05-22 20:49","653","저조"
"SO_0564","국화도","2026-05-23 03:06","149","고조"
"SO_0564","국화도","2026-05-23 09:34","733","저조"
"SO_0564","국화도","2026-05-22 02:13","98","고조"
"SO_0564","국화도","2026-05-22 08:37","781","저조"
"SO_0564","국화도","2026-05-22 15:09","222","고조"
"SO_0564","국화도","2026-05-22 20:49","653","저조"
"SO_0564","국화도","2026-05-23 03:06","149","고조"
"SO_0564","국화도","2026-05-23 09:34","733","저조"
"SO_0564","국화도","2026-05-23 16:08","250","고조"
"SO_0564","국화도","2026-05-23 21:54","629","저조"
"SO_0564","국화도","2026-05-24 04:11","200","고조"
"SO_0564","국화도","2026-05-24 10:39","690","저조"
"SO_0564","국화도","2026-05-23 03:06","149","고조"
"SO_0564","국화도","2026-05-23 09:34","733","저조"
"SO_0564","국화도","2026-05-23 16:08","250","고조"
"SO_0564","국화도","2026-05-23 21:54","629","저조"
"SO_0564","국화도","2026-05-24 04:11","200","고조"
"SO_0564","국화도","2026-05-24 10:39","690","저조"
"SO_0564","국화도","2026-05-24 17:14","259","고조"
"SO_0564","국화도","2026-05-24 23:11","622","저조"
"SO_0564","국화도","2026-05-25 05:26","236","고조"
"SO_0564","국화도","2026-05-25 11:50","663","저조"
"SO_0564","국화도","2026-05-24 04:11","200","고조"
"SO_0564","국화도","2026-05-24 10:39","690","저조"
"SO_0564","국화도","2026-05-24 17:14","259","고조"
"SO_0564","국화도","2026-05-24 23:11","622","저조"
"SO_0564","국화도","2026-05-25 05:26","236","고조"
"SO_0564","국화도","2026-05-25 11:50","663","저조"
"SO_0564","국화도","2026-05-25 18:23","245","고조"
"SO_0564","국화도","2026-05-26 00:31","642","저조"
"SO_0564","국화도","2026-05-26 06:45","246","고조"
"SO_0564","국화도","2026-05-26 12:58","655","저조"
"SO_0564","국화도","2026-05-25 05:26","236","고조"
"SO_0564","국화도","2026-05-25 11:50","663","저조"
"SO_0564","국화도","2026-05-25 18:23","245","고조"
"SO_0564","국화도","2026-05-26 00:31","642","저조"
"SO_0564","국화도","2026-05-26 06:45","246","고조"
"SO_0564","국화도","2026-05-26 12:58","655","저조"
"SO_0564","국화도","2026-05-26 19:24","215","고조"
"SO_0564","국화도","2026-05-27 01:39","680","저조"
"SO_0564","국화도","2026-05-27 07:55","235","고조"
"SO_0564","국화도","2026-05-27 13:55","660","저조"
"SO_0564","국화도","2026-05-26 00:31","642","저조"
"SO_0564","국화도","2026-05-26 06:45","246","고조"
"SO_0564","국화도","2026-05-26 12:58","655","저조"
"SO_0564","국화도","2026-05-26 19:24","215","고조"
"SO_0564","국화도","2026-05-27 01:39","680","저조"
"SO_0564","국화도","2026-05-27 07:55","235","고조"
"SO_0564","국화도","2026-05-27 13:55","660","저조"
"SO_0564","국화도","2026-05-27 20:16","178","고조"
"SO_0564","국화도","2026-05-28 02:34","721","저조"
"SO_0564","국화도","2026-05-28 08:52","217","고조"
"SO_0564","국화도","2026-05-27 01:39","680","저조"
"SO_0564","국화도","2026-05-27 07:55","235","고조"
"SO_0564","국화도","2026-05-27 13:55","660","저조"
"SO_0564","국화도","2026-05-27 20:16","178","고조"
"SO_0564","국화도","2026-05-28 02:34","721","저조"
"SO_0564","국화도","2026-05-28 08:52","217","고조"
"SO_0564","국화도","2026-05-28 14:43","671","저조"
"SO_0564","국화도","2026-05-28 21:01","146","고조"
"SO_0564","국화도","2026-05-29 03:19","752","저조"
"SO_0564","국화도","2026-05-29 09:39","201","고조"
"SO_0564","국화도","2026-05-28 02:34","721","저조"
"SO_0564","국화도","2026-05-28 08:52","217","고조"
"SO_0564","국화도","2026-05-28 14:43","671","저조"
"SO_0564","국화도","2026-05-28 21:01","146","고조"
"SO_0564","국화도","2026-05-29 03:19","752","저조"
"SO_0564","국화도","2026-05-29 09:39","201","고조"
"SO_0564","국화도","2026-05-29 15:24","682","저조"
"SO_0564","국화도","2026-05-29 21:40","123","고조"
"SO_0564","국화도","2026-05-30 03:59","771","저조"
"SO_0564","국화도","2026-05-30 10:21","191","고조"
"SO_0564","국화도","2026-05-29 03:19","752","저조"
"SO_0564","국화도","2026-05-29 09:39","201","고조"
"SO_0564","국화도","2026-05-29 15:24","682","저조"
"SO_0564","국화도","2026-05-29 21:40","123","고조"
"SO_0564","국화도","2026-05-30 03:59","771","저조"
"SO_0564","국화도","2026-05-30 10:21","191","고조"
"SO_0564","국화도","2026-05-30 16:02","691","저조"
"SO_0564","국화도","2026-05-30 22:16","110","고조"
"SO_0564","국화도","2026-05-31 04:35","779","저조"
"SO_0564","국화도","2026-05-31 10:59","187","고조"
"SO_0564","국화도","2026-05-30 03:59","771","저조"
"SO_0564","국화도","2026-05-30 10:21","191","고조"
"SO_0564","국화도","2026-05-30 16:02","691","저조"
"SO_0564","국화도","2026-05-30 22:16","110","고조"
"SO_0564","국화도","2026-05-31 04:35","779","저조"
"SO_0564","국화도","2026-05-31 10:59","187","고조"
"SO_0564","국화도","2026-05-31 16:38","695","저조"
"SO_0564","국화도","2026-05-31 22:51","105","고조"
"SO_0564","국화도","2026-06-01 05:09","782","저조"
"SO_0564","국화도","2026-06-01 11:34","186","고조"
"SO_0564","국화도","2026-05-31 04:35","779","저조"
"SO_0564","국화도","2026-05-31 10:59","187","고조"
"SO_0564","국화도","2026-05-31 16:38","695","저조"
"SO_0564","국화도","2026-05-31 22:51","105","고조"
"SO_0564","국화도","2026-06-01 05:09","782","저조"
"SO_0564","국화도","2026-06-01 11:34","186","고조"
"SO_0564","국화도","2026-06-01 17:13","696","저조"
"SO_0564","국화도","2026-06-01 23:24","105","고조"
"SO_0564","국화도","2026-06-02 05:41","782","저조"
"SO_0564","국화도","2026-06-02 12:08","189","고조"
"SO_0564","국화도","2026-06-01 05:09","782","저조"
"SO_0564","국화도","2026-06-01 11:34","186","고조"
"SO_0564","국화도","2026-06-01 17:13","696","저조"
"SO_0564","국화도","2026-06-01 23:24","105","고조"
"SO_0564","국화도","2026-06-02 05:41","782","저조"
"SO_0564","국화도","2026-06-02 12:08","189","고조"
"SO_0564","국화도","2026-06-02 17:47","693","저조"
"SO_0564","국화도","2026-06-02 23:56","108","고조"
"SO_0564","국화도","2026-06-03 06:13","781","저조"
"SO_0564","국화도","2026-06-03 12:42","195","고조"
"SO_0564","국화도","2026-06-02 05:41","782","저조"
"SO_0564","국화도","2026-06-02 12:08","189","고조"
"SO_0564","국화도","2026-06-02 17:47","693","저조"
"SO_0564","국화도","2026-06-02 23:56","108","고조"
"SO_0564","국화도","2026-06-03 06:13","781","저조"
"SO_0564","국화도","2026-06-03 12:42","195","고조"
"SO_0564","국화도","2026-06-03 18:21","686","저조"
"SO_0564","국화도","2026-06-04 00:29","114","고조"
"SO_0564","국화도","2026-06-04 06:45","778","저조"
"SO_0564","국화도","2026-06-04 13:16","205","고조"
"SO_0564","국화도","2026-06-03 06:13","781","저조"
"SO_0564","국화도","2026-06-03 12:42","195","고조"
"SO_0564","국화도","2026-06-03 18:21","686","저조"
"SO_0564","국화도","2026-06-04 00:29","114","고조"
"SO_0564","국화도","2026-06-04 06:45","778","저조"
"SO_0564","국화도","2026-06-04 13:16","205","고조"
"SO_0564","국화도","2026-06-04 18:55","676","저조"
"SO_0564","국화도","2026-06-05 01:03","125","고조"
"SO_0564","국화도","2026-06-05 07:19","771","저조"
"SO_0564","국화도","2026-06-05 13:51","218","고조"
"SO_0564","국화도","2026-06-04 00:29","114","고조"
"SO_0564","국화도","2026-06-04 06:45","778","저조"
"SO_0564","국화도","2026-06-04 13:16","205","고조"
"SO_0564","국화도","2026-06-04 18:55","676","저조"
"SO_0564","국화도","2026-06-05 01:03","125","고조"
"SO_0564","국화도","2026-06-05 07:19","771","저조"
"SO_0564","국화도","2026-06-05 13:51","218","고조"
"SO_0564","국화도","2026-06-05 19:31","662","저조"
"SO_0564","국화도","2026-06-06 01:39","144","고조"
"SO_0564","국화도","2026-06-06 07:56","756","저조"
"SO_0564","국화도","2026-06-05 01:03","125","고조"
"SO_0564","국화도","2026-06-05 07:19","771","저조"
"SO_0564","국화도","2026-06-05 13:51","218","고조"
"SO_0564","국화도","2026-06-05 19:31","662","저조"
"SO_0564","국화도","2026-06-06 01:39","144","고조"
"SO_0564","국화도","2026-06-06 07:56","756","저조"
"SO_0564","국화도","2026-06-06 14:29","232","고조"
"SO_0564","국화도","2026-06-06 20:12","646","저조"
"SO_0564","국화도","2026-06-07 02:20","171","고조"
"SO_0564","국화도","2026-06-07 08:37","734","저조"
"SO_0564","국화도","2026-06-06 01:39","144","고조"
"SO_0564","국화도","2026-06-06 07:56","756","저조"
"SO_0564","국화도","2026-06-06 14:29","232","고조"
"SO_0564","국화도","2026-06-06 20:12","646","저조"
"SO_0564","국화도","2026-06-07 02:20","171","고조"
"SO_0564","국화도","2026-06-07 08:37","734","저조"
"SO_0564","국화도","2026-06-07 15:13","244","고조"
"SO_0564","국화도","2026-06-07 21:01","632","저조"
"SO_0564","국화도","2026-06-08 03:09","204","고조"
"SO_0564","국화도","2026-06-08 09:26","706","저조"
"SO_0564","국화도","2026-06-07 02:20","171","고조"
"SO_0564","국화도","2026-06-07 08:37","734","저조"
"SO_0564","국화도","2026-06-07 15:13","244","고조"
"SO_0564","국화도","2026-06-07 21:01","632","저조"
"SO_0564","국화도","2026-06-08 03:09","204","고조"
"SO_0564","국화도","2026-06-08 09:26","706","저조"
"SO_0564","국화도","2026-06-08 16:05","248","고조"
"SO_0564","국화도","2026-06-08 22:03","626","저조"
"SO_0564","국화도","2026-06-09 04:10","237","고조"
"SO_0564","국화도","2026-06-09 10:25","680","저조"
"SO_0564","국화도","2026-06-08 03:09","204","고조"
"SO_0564","국화도","2026-06-08 09:26","706","저조"
"SO_0564","국화도","2026-06-08 16:05","248","고조"
"SO_0564","국화도","2026-06-08 22:03","626","저조"
"SO_0564","국화도","2026-06-09 04:10","237","고조"
"SO_0564","국화도","2026-06-09 10:25","680","저조"
"SO_0564","국화도","2026-06-09 17:06","240","고조"
"SO_0564","국화도","2026-06-09 23:15","638","저조"
"SO_0564","국화도","2026-06-10 05:23","257","고조"
"SO_0564","국화도","2026-06-10 11:35","664","저조"
"SO_0564","국화도","2026-06-09 04:10","237","고조"
"SO_0564","국화도","2026-06-09 10:25","680","저조"
"SO_0564","국화도","2026-06-09 17:06","240","고조"
"SO_0564","국화도","2026-06-09 23:15","638","저조"
"SO_0564","국화도","2026-06-10 05:23","257","고조"
"SO_0564","국화도","2026-06-10 11:35","664","저조"
"SO_0564","국화도","2026-06-10 18:12","214","고조"
"SO_0564","국화도","2026-06-11 00:29","675","저조"
"SO_0564","국화도","2026-06-11 06:42","253","고조"
"SO_0564","국화도","2026-06-11 12:45","665","저조"
"SO_0564","국화도","2026-06-10 05:23","257","고조"
"SO_0564","국화도","2026-06-10 11:35","664","저조"
"SO_0564","국화도","2026-06-10 18:12","214","고조"
"SO_0564","국화도","2026-06-11 00:29","675","저조"
"SO_0564","국화도","2026-06-11 06:42","253","고조"
"SO_0564","국화도","2026-06-11 12:45","665","저조"
"SO_0564","국화도","2026-06-11 19:16","173","고조"
"SO_0564","국화도","2026-06-12 01:35","728","저조"
"SO_0564","국화도","2026-06-12 07:57","230","고조"
"SO_0564","국화도","2026-06-12 13:50","678","저조"
"SO_0564","국화도","2026-06-11 00:29","675","저조"
"SO_0564","국화도","2026-06-11 06:42","253","고조"
"SO_0564","국화도","2026-06-11 12:45","665","저조"
"SO_0564","국화도","2026-06-11 19:16","173","고조"
"SO_0564","국화도","2026-06-12 01:35","728","저조"
"SO_0564","국화도","2026-06-12 07:57","230","고조"
"SO_0564","국화도","2026-06-12 13:50","678","저조"
"SO_0564","국화도","2026-06-12 20:15","129","고조"
"SO_0564","국화도","2026-06-13 02:34","782","저조"
"SO_0564","국화도","2026-06-13 09:02","200","고조"
"SO_0564","국화도","2026-06-12 01:35","728","저조"
"SO_0564","국화도","2026-06-12 07:57","230","고조"
"SO_0564","국화도","2026-06-12 13:50","678","저조"
"SO_0564","국화도","2026-06-12 20:15","129","고조"
"SO_0564","국화도","2026-06-13 02:34","782","저조"
"SO_0564","국화도","2026-06-13 09:02","200","고조"
"SO_0564","국화도","2026-06-13 14:48","695","저조"
"SO_0564","국화도","2026-06-13 21:10","88","고조"
"SO_0564","국화도","2026-06-14 03:29","826","저조"
"SO_0564","국화도","2026-06-14 10:01","172","고조"
"SO_0564","국화도","2026-06-13 02:34","782","저조"
"SO_0564","국화도","2026-06-13 09:02","200","고조"
"SO_0564","국화도","2026-06-13 14:48","695","저조"
"SO_0564","국화도","2026-06-13 21:10","88","고조"
"SO_0564","국화도","2026-06-14 03:29","826","저조"
"SO_0564","국화도","2026-06-14 10:01","172","고조"
"SO_0564","국화도","2026-06-14 15:42","712","저조"
"SO_0564","국화도","2026-06-14 22:02","56","고조"
"SO_0564","국화도","2026-06-15 04:21","858","저조"
"SO_0564","국화도","2026-06-15 10:56","152","고조"
"SO_0564","국화도","2026-06-14 03:29","826","저조"
"SO_0564","국화도","2026-06-14 10:01","172","고조"
"SO_0564","국화도","2026-06-14 15:42","712","저조"
"SO_0564","국화도","2026-06-14 22:02","56","고조"
"SO_0564","국화도","2026-06-15 04:21","858","저조"
"SO_0564","국화도","2026-06-15 10:56","152","고조"
"SO_0564","국화도","2026-06-15 16:34","724","저조"
"SO_0564","국화도","2026-06-15 22:54","34","고조"
"SO_0564","국화도","2026-06-16 05:13","875","저조"
"SO_0564","국화도","2026-06-16 11:48","140","고조"
"SO_0564","국화도","2026-06-15 04:21","858","저조"
"SO_0564","국화도","2026-06-15 10:56","152","고조"
"SO_0564","국화도","2026-06-15 16:34","724","저조"
"SO_0564","국화도","2026-06-15 22:54","34","고조"
"SO_0564","국화도","2026-06-16 05:13","875","저조"
"SO_0564","국화도","2026-06-16 11:48","140","고조"
"SO_0564","국화도","2026-06-16 17:25","732","저조"
"SO_0564","국화도","2026-06-16 23:44","23","고조"
"SO_0564","국화도","2026-06-17 06:03","879","저조"
"SO_0564","국화도","2026-06-17 12:37","136","고조"
"SO_0564","국화도","2026-06-16 05:13","875","저조"
"SO_0564","국화도","2026-06-16 11:48","140","고조"
"SO_0564","국화도","2026-06-16 17:25","732","저조"
"SO_0564","국화도","2026-06-16 23:44","23","고조"
"SO_0564","국화도","2026-06-17 06:03","879","저조"
"SO_0564","국화도","2026-06-17 12:37","136","고조"
"SO_0564","국화도","2026-06-17 18:14","736","저조"
"SO_0564","국화도","2026-06-18 00:33","25","고조"
"SO_0564","국화도","2026-06-18 06:51","872","저조"
"SO_0564","국화도","2026-06-18 13:24","139","고조"
"SO_0564","국화도","2026-06-17 06:03","879","저조"
"SO_0564","국화도","2026-06-17 12:37","136","고조"
"SO_0564","국화도","2026-06-17 18:14","736","저조"
"SO_0564","국화도","2026-06-18 00:33","25","고조"
"SO_0564","국화도","2026-06-18 06:51","872","저조"
"SO_0564","국화도","2026-06-18 13:24","139","고조"
"SO_0564","국화도","2026-06-18 19:02","734","저조"
"SO_0564","국화도","2026-06-19 01:20","40","고조"
"SO_0564","국화도","2026-06-19 07:37","851","저조"
"SO_0564","국화도","2026-06-19 14:08","150","고조"
"SO_0564","국화도","2026-06-18 00:33","25","고조"
"SO_0564","국화도","2026-06-18 06:51","872","저조"
"SO_0564","국화도","2026-06-18 13:24","139","고조"
"SO_0564","국화도","2026-06-18 19:02","734","저조"
"SO_0564","국화도","2026-06-19 01:20","40","고조"
"SO_0564","국화도","2026-06-19 07:37","851","저조"
"SO_0564","국화도","2026-06-19 14:08","150","고조"
"SO_0564","국화도","2026-06-19 19:50","726","저조"
"SO_0564","국화도","2026-06-20 02:06","72","고조"
"SO_0564","국화도","2026-06-20 08:22","817","저조"
"SO_0564","국화도","2026-06-19 01:20","40","고조"
"SO_0564","국화도","2026-06-19 07:37","851","저조"
"SO_0564","국화도","2026-06-19 14:08","150","고조"
"SO_0564","국화도","2026-06-19 19:50","726","저조"
"SO_0564","국화도","2026-06-20 02:06","72","고조"
"SO_0564","국화도","2026-06-20 08:22","817","저조"
"SO_0564","국화도","2026-06-20 14:52","166","고조"
"SO_0564","국화도","2026-06-20 20:38","711","저조"
"SO_0564","국화도","2026-06-21 02:53","118","고조"
"SO_0564","국화도","2026-06-21 09:06","773","저조"
"SO_0564","국화도","2026-06-20 02:06","72","고조"
"SO_0564","국화도","2026-06-20 08:22","817","저조"
"SO_0564","국화도","2026-06-20 14:52","166","고조"
"SO_0564","국화도","2026-06-20 20:38","711","저조"
"SO_0564","국화도","2026-06-21 02:53","118","고조"
"SO_0564","국화도","2026-06-21 09:06","773","저조"
"SO_0564","국화도","2026-06-21 15:36","185","고조"
"SO_0564","국화도","2026-06-21 21:30","690","저조"
"SO_0564","국화도","2026-06-22 03:43","174","고조"
"SO_0564","국화도","2026-06-22 09:53","722","저조"
"SO_0564","국화도","2026-06-21 02:53","118","고조"
"SO_0564","국화도","2026-06-21 09:06","773","저조"
"SO_0564","국화도","2026-06-21 15:36","185","고조"
"SO_0564","국화도","2026-06-21 21:30","690","저조"
"SO_0564","국화도","2026-06-22 03:43","174","고조"
"SO_0564","국화도","2026-06-22 09:53","722","저조"
"SO_0564","국화도","2026-06-22 16:25","205","고조"
"SO_0564","국화도","2026-06-22 22:30","671","저조"
"SO_0564","국화도","2026-06-23 04:41","230","고조"
"SO_0564","국화도","2026-06-23 10:47","672","저조"
"SO_0564","국화도","2026-06-22 03:43","174","고조"
"SO_0564","국화도","2026-06-22 09:53","722","저조"
"SO_0564","국화도","2026-06-22 16:25","205","고조"
"SO_0564","국화도","2026-06-22 22:30","671","저조"
"SO_0564","국화도","2026-06-23 04:41","230","고조"
"SO_0564","국화도","2026-06-23 10:47","672","저조"
"SO_0564","국화도","2026-06-23 17:19","218","고조"
"SO_0564","국화도","2026-06-23 23:38","661","저조"
"SO_0564","국화도","2026-06-24 05:48","275","고조"
"SO_0564","국화도","2026-06-24 11:49","634","저조"
"SO_0564","국화도","2026-06-23 04:41","230","고조"
"SO_0564","국화도","2026-06-23 10:47","672","저조"
"SO_0564","국화도","2026-06-23 17:19","218","고조"
"SO_0564","국화도","2026-06-23 23:38","661","저조"
"SO_0564","국화도","2026-06-24 05:48","275","고조"
"SO_0564","국화도","2026-06-24 11:49","634","저조"
"SO_0564","국화도","2026-06-24 18:20","221","고조"
"SO_0564","국화도","2026-06-25 00:50","667","저조"
"SO_0564","국화도","2026-06-25 07:04","294","고조"
"SO_0564","국화도","2026-06-25 12:56","615","저조"
"SO_0564","국화도","2026-06-24 05:48","275","고조"
"SO_0564","국화도","2026-06-24 11:49","634","저조"
"SO_0564","국화도","2026-06-24 18:20","221","고조"
"SO_0564","국화도","2026-06-25 00:50","667","저조"
"SO_0564","국화도","2026-06-25 07:04","294","고조"
"SO_0564","국화도","2026-06-25 12:56","615","저조"
"SO_0564","국화도","2026-06-25 19:22","210","고조"
"SO_0564","국화도","2026-06-26 01:55","688","저조"
"SO_0564","국화도","2026-06-26 08:15","288","고조"
"SO_0564","국화도","2026-06-26 13:59","616","저조"
"SO_0564","국화도","2026-06-25 00:50","667","저조"
"SO_0564","국화도","2026-06-25 07:04","294","고조"
"SO_0564","국화도","2026-06-25 12:56","615","저조"
"SO_0564","국화도","2026-06-25 19:22","210","고조"
"SO_0564","국화도","2026-06-26 01:55","688","저조"
"SO_0564","국화도","2026-06-26 08:15","288","고조"
"SO_0564","국화도","2026-06-26 13:59","616","저조"
"SO_0564","국화도","2026-06-26 20:18","190","고조"
"SO_0564","국화도","2026-06-27 02:50","713","저조"
"SO_0564","국화도","2026-06-27 09:13","269","고조"
"SO_0564","국화도","2026-06-26 01:55","688","저조"
"SO_0564","국화도","2026-06-26 08:15","288","고조"
"SO_0564","국화도","2026-06-26 13:59","616","저조"
"SO_0564","국화도","2026-06-26 20:18","190","고조"
"SO_0564","국화도","2026-06-27 02:50","713","저조"
"SO_0564","국화도","2026-06-27 09:13","269","고조"
"SO_0564","국화도","2026-06-27 14:52","631","저조"
"SO_0564","국화도","2026-06-27 21:07","168","고조"
"SO_0564","국화도","2026-06-28 03:36","736","저조"
"SO_0564","국화도","2026-06-28 10:01","248","고조"
"SO_0564","국화도","2026-06-27 02:50","713","저조"
"SO_0564","국화도","2026-06-27 09:13","269","고조"
"SO_0564","국화도","2026-06-27 14:52","631","저조"
"SO_0564","국화도","2026-06-27 21:07","168","고조"
"SO_0564","국화도","2026-06-28 03:36","736","저조"
"SO_0564","국화도","2026-06-28 10:01","248","고조"
"SO_0564","국화도","2026-06-28 15:39","650","저조"
"SO_0564","국화도","2026-06-28 21:50","148","고조"
"SO_0564","국화도","2026-06-29 04:17","755","저조"
"SO_0564","국화도","2026-06-29 10:43","227","고조"
"SO_0564","국화도","2026-06-28 03:36","736","저조"
"SO_0564","국화도","2026-06-28 10:01","248","고조"
"SO_0564","국화도","2026-06-28 15:39","650","저조"
"SO_0564","국화도","2026-06-28 21:50","148","고조"
"SO_0564","국화도","2026-06-29 04:17","755","저조"
"SO_0564","국화도","2026-06-29 10:43","227","고조"
"SO_0564","국화도","2026-06-29 16:20","669","저조"
"SO_0564","국화도","2026-06-29 22:30","130","고조"
"SO_0564","국화도","2026-06-30 04:54","771","저조"
"SO_0564","국화도","2026-06-30 11:21","210","고조"
"SO_0564","국화도","2026-06-29 04:17","755","저조"
"SO_0564","국화도","2026-06-29 10:43","227","고조"
"SO_0564","국화도","2026-06-29 16:20","669","저조"
"SO_0564","국화도","2026-06-29 22:30","130","고조"
"SO_0564","국화도","2026-06-30 04:54","771","저조"
"SO_0564","국화도","2026-06-30 11:21","210","고조"
"SO_0564","국화도","2026-06-30 16:59","686","저조"
"SO_0564","국화도","2026-06-30 23:08","115","고조"
"SO_0564","국화도","2026-07-01 05:29","785","저조"
"SO_0564","국화도","2026-07-01 11:57","194","고조"
"SO_0564","국화도","2026-06-30 04:54","771","저조"
"SO_0564","국화도","2026-06-30 11:21","210","고조"
"SO_0564","국화도","2026-06-30 16:59","686","저조"
"SO_0564","국화도","2026-06-30 23:08","115","고조"
"SO_0564","국화도","2026-07-01 05:29","785","저조"
"SO_0564","국화도","2026-07-01 11:57","194","고조"
"SO_0564","국화도","2026-07-01 17:36","698","저조"
"SO_0564","국화도","2026-07-01 23:45","104","고조"
"SO_0564","국화도","2026-07-02 06:03","797","저조"
"SO_0564","국화도","2026-07-02 12:32","183","고조"
"SO_0564","국화도","2026-07-01 05:29","785","저조"
"SO_0564","국화도","2026-07-01 11:57","194","고조"
"SO_0564","국화도","2026-07-01 17:36","698","저조"
"SO_0564","국화도","2026-07-01 23:45","104","고조"
"SO_0564","국화도","2026-07-02 06:03","797","저조"
"SO_0564","국화도","2026-07-02 12:32","183","고조"
"SO_0564","국화도","2026-07-02 18:11","706","저조"
"SO_0564","국화도","2026-07-03 00:21","97","고조"
"SO_0564","국화도","2026-07-03 06:35","806","저조"
"SO_0564","국화도","2026-07-03 13:06","174","고조"
"SO_0564","국화도","2026-07-02 06:03","797","저조"
"SO_0564","국화도","2026-07-02 12:32","183","고조"
"SO_0564","국화도","2026-07-02 18:11","706","저조"
"SO_0564","국화도","2026-07-03 00:21","97","고조"
"SO_0564","국화도","2026-07-03 06:35","806","저조"
"SO_0564","국화도","2026-07-03 13:06","174","고조"
"SO_0564","국화도","2026-07-03 18:46","710","저조"
"SO_0564","국화도","2026-07-04 00:56","99","고조"
"SO_0564","국화도","2026-07-04 07:07","808","저조"
"SO_0564","국화도","2026-07-04 13:39","170","고조"
"SO_0564","국화도","2026-07-03 00:21","97","고조"
"SO_0564","국화도","2026-07-03 06:35","806","저조"
"SO_0564","국화도","2026-07-03 13:06","174","고조"
"SO_0564","국화도","2026-07-03 18:46","710","저조"
"SO_0564","국화도","2026-07-04 00:56","99","고조"
"SO_0564","국화도","2026-07-04 07:07","808","저조"
"SO_0564","국화도","2026-07-04 13:39","170","고조"
"SO_0564","국화도","2026-07-04 19:21","710","저조"
"SO_0564","국화도","2026-07-05 01:32","110","고조"
"SO_0564","국화도","2026-07-05 07:40","800","저조"
"SO_0564","국화도","2026-07-04 00:56","99","고조"
"SO_0564","국화도","2026-07-04 07:07","808","저조"
"SO_0564","국화도","2026-07-04 13:39","170","고조"
"SO_0564","국화도","2026-07-04 19:21","710","저조"
"SO_0564","국화도","2026-07-05 01:32","110","고조"
"SO_0564","국화도","2026-07-05 07:40","800","저조"
"SO_0564","국화도","2026-07-05 14:12","170","고조"
"SO_0564","국화도","2026-07-05 19:58","706","저조"
"SO_0564","국화도","2026-07-06 02:10","133","고조"
"SO_0564","국화도","2026-07-06 08:15","782","저조"
"SO_0564","국화도","2026-07-05 01:32","110","고조"
"SO_0564","국화도","2026-07-05 07:40","800","저조"
"SO_0564","국화도","2026-07-05 14:12","170","고조"
"SO_0564","국화도","2026-07-05 19:58","706","저조"
"SO_0564","국화도","2026-07-06 02:10","133","고조"
"SO_0564","국화도","2026-07-06 08:15","782","저조"
"SO_0564","국화도","2026-07-06 14:48","173","고조"
"SO_0564","국화도","2026-07-06 20:40","700","저조"
"SO_0564","국화도","2026-07-07 02:52","167","고조"
"SO_0564","국화도","2026-07-07 08:54","752","저조"
"SO_0564","국화도","2026-07-06 02:10","133","고조"
"SO_0564","국화도","2026-07-06 08:15","782","저조"
"SO_0564","국화도","2026-07-06 14:48","173","고조"
"SO_0564","국화도","2026-07-06 20:40","700","저조"
"SO_0564","국화도","2026-07-07 02:52","167","고조"
"SO_0564","국화도","2026-07-07 08:54","752","저조"
"SO_0564","국화도","2026-07-07 15:28","179","고조"
"SO_0564","국화도","2026-07-07 21:30","692","저조"
"SO_0564","국화도","2026-07-08 03:40","209","고조"
"SO_0564","국화도","2026-07-08 09:41","714","저조"
"SO_0564","국화도","2026-07-07 02:52","167","고조"
"SO_0564","국화도","2026-07-07 08:54","752","저조"
"SO_0564","국화도","2026-07-07 15:28","179","고조"
"SO_0564","국화도","2026-07-07 21:30","692","저조"
"SO_0564","국화도","2026-07-08 03:40","209","고조"
"SO_0564","국화도","2026-07-08 09:41","714","저조"
"SO_0564","국화도","2026-07-08 16:17","186","고조"
"SO_0564","국화도","2026-07-08 22:31","687","저조"
"SO_0564","국화도","2026-07-09 04:41","251","고조"
"SO_0564","국화도","2026-07-09 10:39","673","저조"
"SO_0564","국화도","2026-07-08 03:40","209","고조"
"SO_0564","국화도","2026-07-08 09:41","714","저조"
"SO_0564","국화도","2026-07-08 16:17","186","고조"
"SO_0564","국화도","2026-07-08 22:31","687","저조"
"SO_0564","국화도","2026-07-09 04:41","251","고조"
"SO_0564","국화도","2026-07-09 10:39","673","저조"
"SO_0564","국화도","2026-07-09 17:16","189","고조"
"SO_0564","국화도","2026-07-09 23:44","695","저조"
"SO_0564","국화도","2026-07-10 05:57","280","고조"
"SO_0564","국화도","2026-07-10 11:53","643","저조"
"SO_0564","국화도","2026-07-09 04:41","251","고조"
"SO_0564","국화도","2026-07-09 10:39","673","저조"
"SO_0564","국화도","2026-07-09 17:16","189","고조"
"SO_0564","국화도","2026-07-09 23:44","695","저조"
"SO_0564","국화도","2026-07-10 05:57","280","고조"
"SO_0564","국화도","2026-07-10 11:53","643","저조"
"SO_0564","국화도","2026-07-10 18:27","180","고조"
"SO_0564","국화도","2026-07-11 01:01","721","저조"
"SO_0564","국화도","2026-07-11 07:25","280","고조"
"SO_0564","국화도","2026-07-11 13:12","636","저조"
"SO_0564","국화도","2026-07-10 05:57","280","고조"
"SO_0564","국화도","2026-07-10 11:53","643","저조"
"SO_0564","국화도","2026-07-10 18:27","180","고조"
"SO_0564","국화도","2026-07-11 01:01","721","저조"
"SO_0564","국화도","2026-07-11 07:25","280","고조"
"SO_0564","국화도","2026-07-11 13:12","636","저조"
"SO_0564","국화도","2026-07-11 19:41","155","고조"
"SO_0564","국화도","2026-07-12 02:13","761","저조"
"SO_0564","국화도","2026-07-12 08:45","254","고조"
"SO_0564","국화도","2026-07-12 14:27","653","저조"
"SO_0564","국화도","2026-07-11 01:01","721","저조"
"SO_0564","국화도","2026-07-11 07:25","280","고조"
"SO_0564","국화도","2026-07-11 13:12","636","저조"
"SO_0564","국화도","2026-07-11 19:41","155","고조"
"SO_0564","국화도","2026-07-12 02:13","761","저조"
"SO_0564","국화도","2026-07-12 08:45","254","고조"
"SO_0564","국화도","2026-07-12 14:27","653","저조"
"SO_0564","국화도","2026-07-12 20:48","118","고조"
"SO_0564","국화도","2026-07-13 03:17","805","저조"
"SO_0564","국화도","2026-07-13 09:53","214","고조"
"SO_0564","국화도","2026-07-12 02:13","761","저조"
"SO_0564","국화도","2026-07-12 08:45","254","고조"
"SO_0564","국화도","2026-07-12 14:27","653","저조"
"SO_0564","국화도","2026-07-12 20:48","118","고조"
"SO_0564","국화도","2026-07-13 03:17","805","저조"
"SO_0564","국화도","2026-07-13 09:53","214","고조"
"SO_0564","국화도","2026-07-13 15:32","683","저조"
"SO_0564","국화도","2026-07-13 21:50","78","고조"
"SO_0564","국화도","2026-07-14 04:16","845","저조"
"SO_0564","국화도","2026-07-14 10:51","175","고조"
"SO_0564","국화도","2026-07-13 03:17","805","저조"
"SO_0564","국화도","2026-07-13 09:53","214","고조"
"SO_0564","국화도","2026-07-13 15:32","683","저조"
"SO_0564","국화도","2026-07-13 21:50","78","고조"
"SO_0564","국화도","2026-07-14 04:16","845","저조"
"SO_0564","국화도","2026-07-14 10:51","175","고조"
"SO_0564","국화도","2026-07-14 16:29","716","저조"
"SO_0564","국화도","2026-07-14 22:47","43","고조"
"SO_0564","국화도","2026-07-15 05:08","874","저조"
"SO_0564","국화도","2026-07-15 11:42","141","고조"
"SO_0564","국화도","2026-07-14 04:16","845","저조"
"SO_0564","국화도","2026-07-14 10:51","175","고조"
"SO_0564","국화도","2026-07-14 16:29","716","저조"
"SO_0564","국화도","2026-07-14 22:47","43","고조"
"SO_0564","국화도","2026-07-15 05:08","874","저조"
"SO_0564","국화도","2026-07-15 11:42","141","고조"
"SO_0564","국화도","2026-07-15 17:20","746","저조"
"SO_0564","국화도","2026-07-15 23:38","18","고조"
"SO_0564","국화도","2026-07-16 05:55","891","저조"
"SO_0564","국화도","2026-07-16 12:27","114","고조"
"SO_0564","국화도","2026-07-15 05:08","874","저조"
"SO_0564","국화도","2026-07-15 11:42","141","고조"
"SO_0564","국화도","2026-07-15 17:20","746","저조"
"SO_0564","국화도","2026-07-15 23:38","18","고조"
"SO_0564","국화도","2026-07-16 05:55","891","저조"
"SO_0564","국화도","2026-07-16 12:27","114","고조"
"SO_0564","국화도","2026-07-16 18:07","770","저조"
"SO_0564","국화도","2026-07-17 00:26","9","고조"
"SO_0564","국화도","2026-07-17 06:38","891","저조"
"SO_0564","국화도","2026-07-17 13:09","100","고조"
"SO_0564","국화도","2026-07-16 05:55","891","저조"
"SO_0564","국화도","2026-07-16 12:27","114","고조"
"SO_0564","국화도","2026-07-16 18:07","770","저조"
"SO_0564","국화도","2026-07-17 00:26","9","고조"
"SO_0564","국화도","2026-07-17 06:38","891","저조"
"SO_0564","국화도","2026-07-17 13:09","100","고조"
"SO_0564","국화도","2026-07-17 18:51","782","저조"
"SO_0564","국화도","2026-07-18 01:09","18","고조"
"SO_0564","국화도","2026-07-18 07:17","875","저조"
"SO_0564","국화도","2026-07-18 13:46","99","고조"
"SO_0564","국화도","2026-07-17 00:26","9","고조"
"SO_0564","국화도","2026-07-17 06:38","891","저조"
"SO_0564","국화도","2026-07-17 13:09","100","고조"
"SO_0564","국화도","2026-07-17 18:51","782","저조"
"SO_0564","국화도","2026-07-18 01:09","18","고조"
"SO_0564","국화도","2026-07-18 07:17","875","저조"
"SO_0564","국화도","2026-07-18 13:46","99","고조"
"SO_0564","국화도","2026-07-18 19:33","781","저조"
"SO_0564","국화도","2026-07-19 01:50","49","고조"
"SO_0564","국화도","2026-07-19 07:54","843","저조"
"SO_0564","국화도","2026-07-18 01:09","18","고조"
"SO_0564","국화도","2026-07-18 07:17","875","저조"
"SO_0564","국화도","2026-07-18 13:46","99","고조"
"SO_0564","국화도","2026-07-18 19:33","781","저조"
"SO_0564","국화도","2026-07-19 01:50","49","고조"
"SO_0564","국화도","2026-07-19 07:54","843","저조"
"SO_0564","국화도","2026-07-19 14:22","109","고조"
"SO_0564","국화도","2026-07-19 20:14","767","저조"
"SO_0564","국화도","2026-07-20 02:29","99","고조"
"SO_0564","국화도","2026-07-20 08:29","797","저조"
"SO_0564","국화도","2026-07-19 01:50","49","고조"
"SO_0564","국화도","2026-07-19 07:54","843","저조"
"SO_0564","국화도","2026-07-19 14:22","109","고조"
"SO_0564","국화도","2026-07-19 20:14","767","저조"
"SO_0564","국화도","2026-07-20 02:29","99","고조"
"SO_0564","국화도","2026-07-20 08:29","797","저조"
"SO_0564","국화도","2026-07-20 14:57","132","고조"
"SO_0564","국화도","2026-07-20 20:57","739","저조"
"SO_0564","국화도","2026-07-21 03:09","163","고조"
"SO_0564","국화도","2026-07-21 09:06","741","저조"
"SO_0564","국화도","2026-07-20 02:29","99","고조"
"SO_0564","국화도","2026-07-20 08:29","797","저조"
"SO_0564","국화도","2026-07-20 14:57","132","고조"
"SO_0564","국화도","2026-07-20 20:57","739","저조"
"SO_0564","국화도","2026-07-21 03:09","163","고조"
"SO_0564","국화도","2026-07-21 09:06","741","저조"
"SO_0564","국화도","2026-07-21 15:34","164","고조"
"SO_0564","국화도","2026-07-21 21:44","703","저조"
"SO_0564","국화도","2026-07-22 03:54","234","고조"
"SO_0564","국화도","2026-07-22 09:47","678","저조"
"SO_0564","국화도","2026-07-21 03:09","163","고조"
"SO_0564","국화도","2026-07-21 09:06","741","저조"
"SO_0564","국화도","2026-07-21 15:34","164","고조"
"SO_0564","국화도","2026-07-21 21:44","703","저조"
"SO_0564","국화도","2026-07-22 03:54","234","고조"
"SO_0564","국화도","2026-07-22 09:47","678","저조"
"SO_0564","국화도","2026-07-22 16:16","201","고조"
"SO_0564","국화도","2026-07-22 22:42","667","저조"
"SO_0564","국화도","2026-07-23 04:50","301","고조"
"SO_0564","국화도","2026-07-23 10:39","619","저조"
"SO_0564","국화도","2026-07-22 03:54","234","고조"
"SO_0564","국화도","2026-07-22 09:47","678","저조"
"SO_0564","국화도","2026-07-22 16:16","201","고조"
"SO_0564","국화도","2026-07-22 22:42","667","저조"
"SO_0564","국화도","2026-07-23 04:50","301","고조"
"SO_0564","국화도","2026-07-23 10:39","619","저조"
"SO_0564","국화도","2026-07-23 17:11","236","고조"
"SO_0564","국화도","2026-07-23 23:56","643","저조"
"SO_0564","국화도","2026-07-24 06:09","346","고조"
"SO_0564","국화도","2026-07-24 11:52","576","저조"
"SO_0564","국화도","2026-07-23 04:50","301","고조"
"SO_0564","국화도","2026-07-23 10:39","619","저조"
"SO_0564","국화도","2026-07-23 17:11","236","고조"
"SO_0564","국화도","2026-07-23 23:56","643","저조"
"SO_0564","국화도","2026-07-24 06:09","346","고조"
"SO_0564","국화도","2026-07-24 11:52","576","저조"
"SO_0564","국화도","2026-07-24 18:24","254","고조"
"SO_0564","국화도","2026-07-25 01:18","646","저조"
"SO_0564","국화도","2026-07-25 07:43","348","고조"
"SO_0564","국화도","2026-07-25 13:18","568","저조"
"SO_0564","국화도","2026-07-24 06:09","346","고조"
"SO_0564","국화도","2026-07-24 11:52","576","저조"
"SO_0564","국화도","2026-07-24 18:24","254","고조"
"SO_0564","국화도","2026-07-25 01:18","646","저조"
"SO_0564","국화도","2026-07-25 07:43","348","고조"
"SO_0564","국화도","2026-07-25 13:18","568","저조"
"SO_0564","국화도","2026-07-25 19:40","244","고조"
"SO_0564","국화도","2026-07-26 02:28","673","저조"
"SO_0564","국화도","2026-07-26 08:56","319","고조"
"SO_0564","국화도","2026-07-26 14:29","591","저조"
"SO_0564","국화도","2026-07-25 01:18","646","저조"
"SO_0564","국화도","2026-07-25 07:43","348","고조"
"SO_0564","국화도","2026-07-25 13:18","568","저조"
"SO_0564","국화도","2026-07-25 19:40","244","고조"
"SO_0564","국화도","2026-07-26 02:28","673","저조"
"SO_0564","국화도","2026-07-26 08:56","319","고조"
"SO_0564","국화도","2026-07-26 14:29","591","저조"
"SO_0564","국화도","2026-07-26 20:43","213","고조"
"SO_0564","국화도","2026-07-27 03:22","709","저조"
"SO_0564","국화도","2026-07-27 09:48","279","고조"
"SO_0564","국화도","2026-07-26 02:28","673","저조"
"SO_0564","국화도","2026-07-26 08:56","319","고조"
"SO_0564","국화도","2026-07-26 14:29","591","저조"
"SO_0564","국화도","2026-07-26 20:43","213","고조"
"SO_0564","국화도","2026-07-27 03:22","709","저조"
"SO_0564","국화도","2026-07-27 09:48","279","고조"
"SO_0564","국화도","2026-07-27 15:24","628","저조"
"SO_0564","국화도","2026-07-27 21:34","176","고조"
"SO_0564","국화도","2026-07-28 04:05","744","저조"
"SO_0564","국화도","2026-07-28 10:30","240","고조"
"SO_0564","국화도","2026-07-27 03:22","709","저조"
"SO_0564","국화도","2026-07-27 09:48","279","고조"
"SO_0564","국화도","2026-07-27 15:24","628","저조"
"SO_0564","국화도","2026-07-27 21:34","176","고조"
"SO_0564","국화도","2026-07-28 04:05","744","저조"
"SO_0564","국화도","2026-07-28 10:30","240","고조"
"SO_0564","국화도","2026-07-28 16:07","668","저조"
"SO_0564","국화도","2026-07-28 22:17","139","고조"
"SO_0564","국화도","2026-07-29 04:42","777","저조"
"SO_0564","국화도","2026-07-29 11:07","203","고조"
"SO_0564","국화도","2026-07-28 04:05","744","저조"
"SO_0564","국화도","2026-07-28 10:30","240","고조"
"SO_0564","국화도","2026-07-28 16:07","668","저조"
"SO_0564","국화도","2026-07-28 22:17","139","고조"
"SO_0564","국화도","2026-07-29 04:42","777","저조"
"SO_0564","국화도","2026-07-29 11:07","203","고조"
"SO_0564","국화도","2026-07-29 16:46","702","저조"
"SO_0564","국화도","2026-07-29 22:57","107","고조"
"SO_0564","국화도","2026-07-30 05:15","804","저조"
"SO_0564","국화도","2026-07-30 11:42","172","고조"
"SO_0564","국화도","2026-07-29 04:42","777","저조"
"SO_0564","국화도","2026-07-29 11:07","203","고조"
"SO_0564","국화도","2026-07-29 16:46","702","저조"
"SO_0564","국화도","2026-07-29 22:57","107","고조"
"SO_0564","국화도","2026-07-30 05:15","804","저조"
"SO_0564","국화도","2026-07-30 11:42","172","고조"
"SO_0564","국화도","2026-07-30 17:22","730","저조"
"SO_0564","국화도","2026-07-30 23:34","83","고조"
"SO_0564","국화도","2026-07-31 05:47","825","저조"
"SO_0564","국화도","2026-07-31 12:14","145","고조"
"SO_0564","국화도","2026-07-30 05:15","804","저조"
"SO_0564","국화도","2026-07-30 11:42","172","고조"
"SO_0564","국화도","2026-07-30 17:22","730","저조"
"SO_0564","국화도","2026-07-30 23:34","83","고조"
"SO_0564","국화도","2026-07-31 05:47","825","저조"
"SO_0564","국화도","2026-07-31 12:14","145","고조"
"SO_0564","국화도","2026-07-31 17:57","751","저조"
"SO_0564","국화도","2026-08-01 00:10","69","고조"
"SO_0564","국화도","2026-08-01 06:17","837","저조"
"SO_0564","국화도","2026-08-01 12:46","125","고조"
"SO_0564","국화도","2026-07-31 05:47","825","저조"
"SO_0564","국화도","2026-07-31 12:14","145","고조"
"SO_0564","국화도","2026-07-31 17:57","751","저조"
"SO_0564","국화도","2026-08-01 00:10","69","고조"
"SO_0564","국화도","2026-08-01 06:17","837","저조"
"SO_0564","국화도","2026-08-01 12:46","125","고조"
"SO_0564","국화도","2026-08-01 18:30","764","저조"
"SO_0564","국화도","2026-08-02 00:45","68","고조"
"SO_0564","국화도","2026-08-02 06:47","839","저조"
"SO_0564","국화도","2026-08-02 13:17","113","고조"
"SO_0564","국화도","2026-08-01 00:10","69","고조"
"SO_0564","국화도","2026-08-01 06:17","837","저조"
"SO_0564","국화도","2026-08-01 12:46","125","고조"
"SO_0564","국화도","2026-08-01 18:30","764","저조"
"SO_0564","국화도","2026-08-02 00:45","68","고조"
"SO_0564","국화도","2026-08-02 06:47","839","저조"
"SO_0564","국화도","2026-08-02 13:17","113","고조"
"SO_0564","국화도","2026-08-02 19:03","770","저조"
"SO_0564","국화도","2026-08-03 01:19","81","고조"
"SO_0564","국화도","2026-08-03 07:17","830","저조"
"SO_0564","국화도","2026-08-02 00:45","68","고조"
"SO_0564","국화도","2026-08-02 06:47","839","저조"
"SO_0564","국화도","2026-08-02 13:17","113","고조"
"SO_0564","국화도","2026-08-02 19:03","770","저조"
"SO_0564","국화도","2026-08-03 01:19","81","고조"
"SO_0564","국화도","2026-08-03 07:17","830","저조"
"SO_0564","국화도","2026-08-03 13:47","109","고조"
"SO_0564","국화도","2026-08-03 19:38","770","저조"
"SO_0564","국화도","2026-08-04 01:54","108","고조"
"SO_0564","국화도","2026-08-04 07:48","807","저조"
"SO_0564","국화도","2026-08-03 01:19","81","고조"
"SO_0564","국화도","2026-08-03 07:17","830","저조"
"SO_0564","국화도","2026-08-03 13:47","109","고조"
"SO_0564","국화도","2026-08-03 19:38","770","저조"
"SO_0564","국화도","2026-08-04 01:54","108","고조"
"SO_0564","국화도","2026-08-04 07:48","807","저조"
"SO_0564","국화도","2026-08-04 14:19","115","고조"
"SO_0564","국화도","2026-08-04 20:15","761","저조"
"SO_0564","국화도","2026-08-05 02:32","150","고조"
"SO_0564","국화도","2026-08-05 08:23","770","저조"
"SO_0564","국화도","2026-08-04 01:54","108","고조"
"SO_0564","국화도","2026-08-04 07:48","807","저조"
"SO_0564","국화도","2026-08-04 14:19","115","고조"
"SO_0564","국화도","2026-08-04 20:15","761","저조"
"SO_0564","국화도","2026-08-05 02:32","150","고조"
"SO_0564","국화도","2026-08-05 08:23","770","저조"
"SO_0564","국화도","2026-08-05 14:53","131","고조"
"SO_0564","국화도","2026-08-05 21:00","742","저조"
"SO_0564","국화도","2026-08-06 03:14","205","고조"
"SO_0564","국화도","2026-08-06 09:04","719","저조"
"SO_0564","국화도","2026-08-05 02:32","150","고조"
"SO_0564","국화도","2026-08-05 08:23","770","저조"
"SO_0564","국화도","2026-08-05 14:53","131","고조"
"SO_0564","국화도","2026-08-05 21:00","742","저조"
"SO_0564","국화도","2026-08-06 03:14","205","고조"
"SO_0564","국화도","2026-08-06 09:04","719","저조"
"SO_0564","국화도","2026-08-06 15:36","157","고조"
"SO_0564","국화도","2026-08-06 21:55","715","저조"
"SO_0564","국화도","2026-08-07 04:09","267","고조"
"SO_0564","국화도","2026-08-07 09:57","660","저조"
"SO_0564","국화도","2026-08-06 03:14","205","고조"
"SO_0564","국화도","2026-08-06 09:04","719","저조"
"SO_0564","국화도","2026-08-06 15:36","157","고조"
"SO_0564","국화도","2026-08-06 21:55","715","저조"
"SO_0564","국화도","2026-08-07 04:09","267","고조"
"SO_0564","국화도","2026-08-07 09:57","660","저조"
"SO_0564","국화도","2026-08-07 16:33","189","고조"
"SO_0564","국화도","2026-08-07 23:10","693","저조"
"SO_0564","국화도","2026-08-08 05:27","318","고조"
"SO_0564","국화도","2026-08-08 11:14","608","저조"
"SO_0564","국화도","2026-08-07 04:09","267","고조"
"SO_0564","국화도","2026-08-07 09:57","660","저조"
"SO_0564","국화도","2026-08-07 16:33","189","고조"
"SO_0564","국화도","2026-08-07 23:10","693","저조"
"SO_0564","국화도","2026-08-08 05:27","318","고조"
"SO_0564","국화도","2026-08-08 11:14","608","저조"
"SO_0564","국화도","2026-08-08 17:53","210","고조"
"SO_0564","국화도","2026-08-09 00:43","697","저조"
"SO_0564","국화도","2026-08-09 07:14","327","고조"
"SO_0564","국화도","2026-08-09 12:56","594","저조"
"SO_0564","국화도","2026-08-08 05:27","318","고조"
"SO_0564","국화도","2026-08-08 11:14","608","저조"
"SO_0564","국화도","2026-08-08 17:53","210","고조"
"SO_0564","국화도","2026-08-09 00:43","697","저조"
"SO_0564","국화도","2026-08-09 07:14","327","고조"
"SO_0564","국화도","2026-08-09 12:56","594","저조"
"SO_0564","국화도","2026-08-09 19:25","194","고조"
"SO_0564","국화도","2026-08-10 02:10","737","저조"
"SO_0564","국화도","2026-08-10 08:46","283","고조"
"SO_0564","국화도","2026-08-10 14:25","629","저조"
"SO_0564","국화도","2026-08-09 00:43","697","저조"
"SO_0564","국화도","2026-08-09 07:14","327","고조"
"SO_0564","국화도","2026-08-09 12:56","594","저조"
"SO_0564","국화도","2026-08-09 19:25","194","고조"
"SO_0564","국화도","2026-08-10 02:10","737","저조"
"SO_0564","국화도","2026-08-10 08:46","283","고조"
"SO_0564","국화도","2026-08-10 14:25","629","저조"
"SO_0564","국화도","2026-08-10 20:44","146","고조"
"SO_0564","국화도","2026-08-11 03:17","792","저조"
"SO_0564","국화도","2026-08-11 09:52","221","고조"
"SO_0564","국화도","2026-08-10 02:10","737","저조"
"SO_0564","국화도","2026-08-10 08:46","283","고조"
"SO_0564","국화도","2026-08-10 14:25","629","저조"
"SO_0564","국화도","2026-08-10 20:44","146","고조"
"SO_0564","국화도","2026-08-11 03:17","792","저조"
"SO_0564","국화도","2026-08-11 09:52","221","고조"
"SO_0564","국화도","2026-08-11 15:32","686","저조"
"SO_0564","국화도","2026-08-11 21:48","89","고조"
"SO_0564","국화도","2026-08-12 04:12","843","저조"
"SO_0564","국화도","2026-08-12 10:44","161","고조"
"SO_0564","국화도","2026-08-11 03:17","792","저조"
"SO_0564","국화도","2026-08-11 09:52","221","고조"
"SO_0564","국화도","2026-08-11 15:32","686","저조"
"SO_0564","국화도","2026-08-11 21:48","89","고조"
"SO_0564","국화도","2026-08-12 04:12","843","저조"
"SO_0564","국화도","2026-08-12 10:44","161","고조"
"SO_0564","국화도","2026-08-12 16:25","743","저조"
"SO_0564","국화도","2026-08-12 22:42","40","고조"
"SO_0564","국화도","2026-08-13 04:58","879","저조"
"SO_0564","국화도","2026-08-13 11:27","112","고조"
"SO_0564","국화도","2026-08-12 04:12","843","저조"
"SO_0564","국화도","2026-08-12 10:44","161","고조"
"SO_0564","국화도","2026-08-12 16:25","743","저조"
"SO_0564","국화도","2026-08-12 22:42","40","고조"
"SO_0564","국화도","2026-08-13 04:58","879","저조"
"SO_0564","국화도","2026-08-13 11:27","112","고조"
"SO_0564","국화도","2026-08-13 17:11","789","저조"
"SO_0564","국화도","2026-08-13 23:29","10","고조"
"SO_0564","국화도","2026-08-14 05:38","896","저조"
"SO_0564","국화도","2026-08-14 12:07","78","고조"
"SO_0564","국화도","2026-08-13 04:58","879","저조"
"SO_0564","국화도","2026-08-13 11:27","112","고조"
"SO_0564","국화도","2026-08-13 17:11","789","저조"
"SO_0564","국화도","2026-08-13 23:29","10","고조"
"SO_0564","국화도","2026-08-14 05:38","896","저조"
"SO_0564","국화도","2026-08-14 12:07","78","고조"
"SO_0564","국화도","2026-08-14 17:52","819","저조"
"SO_0564","국화도","2026-08-15 00:11","2","고조"
"SO_0564","국화도","2026-08-15 06:15","894","저조"
"SO_0564","국화도","2026-08-15 12:43","61","고조"
"SO_0564","국화도","2026-08-14 05:38","896","저조"
"SO_0564","국화도","2026-08-14 12:07","78","고조"
"SO_0564","국화도","2026-08-14 17:52","819","저조"
"SO_0564","국화도","2026-08-15 00:11","2","고조"
"SO_0564","국화도","2026-08-15 06:15","894","저조"
"SO_0564","국화도","2026-08-15 12:43","61","고조"
"SO_0564","국화도","2026-08-15 18:31","831","저조"
"SO_0564","국화도","2026-08-16 00:50","16","고조"
"SO_0564","국화도","2026-08-16 06:49","875","저조"
"SO_0564","국화도","2026-08-16 13:15","59","고조"
"SO_0564","국화도","2026-08-15 00:11","2","고조"
"SO_0564","국화도","2026-08-15 06:15","894","저조"
"SO_0564","국화도","2026-08-15 12:43","61","고조"
"SO_0564","국화도","2026-08-15 18:31","831","저조"
"SO_0564","국화도","2026-08-16 00:50","16","고조"
"SO_0564","국화도","2026-08-16 06:49","875","저조"
"SO_0564","국화도","2026-08-16 13:15","59","고조"
"SO_0564","국화도","2026-08-16 19:08","826","저조"
"SO_0564","국화도","2026-08-17 01:26","52","고조"
"SO_0564","국화도","2026-08-17 07:20","842","저조"
"SO_0564","국화도","2026-08-16 00:50","16","고조"
"SO_0564","국화도","2026-08-16 06:49","875","저조"
"SO_0564","국화도","2026-08-16 13:15","59","고조"
"SO_0564","국화도","2026-08-16 19:08","826","저조"
"SO_0564","국화도","2026-08-17 01:26","52","고조"
"SO_0564","국화도","2026-08-17 07:20","842","저조"
"SO_0564","국화도","2026-08-17 13:45","74","고조"
"SO_0564","국화도","2026-08-17 19:43","804","저조"
"SO_0564","국화도","2026-08-18 02:00","106","고조"
"SO_0564","국화도","2026-08-18 07:50","796","저조"
"SO_0564","국화도","2026-08-17 01:26","52","고조"
"SO_0564","국화도","2026-08-17 07:20","842","저조"
"SO_0564","국화도","2026-08-17 13:45","74","고조"
"SO_0564","국화도","2026-08-17 19:43","804","저조"
"SO_0564","국화도","2026-08-18 02:00","106","고조"
"SO_0564","국화도","2026-08-18 07:50","796","저조"
"SO_0564","국화도","2026-08-18 14:14","103","고조"
"SO_0564","국화도","2026-08-18 20:19","769","저조"
"SO_0564","국화도","2026-08-19 02:33","172","고조"
"SO_0564","국화도","2026-08-19 08:21","739","저조"
"SO_0564","국화도","2026-08-18 02:00","106","고조"
"SO_0564","국화도","2026-08-18 07:50","796","저조"
"SO_0564","국화도","2026-08-18 14:14","103","고조"
"SO_0564","국화도","2026-08-18 20:19","769","저조"
"SO_0564","국화도","2026-08-19 02:33","172","고조"
"SO_0564","국화도","2026-08-19 08:21","739","저조"
"SO_0564","국화도","2026-08-19 14:44","146","고조"
"SO_0564","국화도","2026-08-19 20:57","721","저조"
"SO_0564","국화도","2026-08-20 03:10","246","고조"
"SO_0564","국화도","2026-08-20 08:54","674","저조"
"SO_0564","국화도","2026-08-19 02:33","172","고조"
"SO_0564","국화도","2026-08-19 08:21","739","저조"
"SO_0564","국화도","2026-08-19 14:44","146","고조"
"SO_0564","국화도","2026-08-19 20:57","721","저조"
"SO_0564","국화도","2026-08-20 03:10","246","고조"
"SO_0564","국화도","2026-08-20 08:54","674","저조"
"SO_0564","국화도","2026-08-20 15:17","198","고조"
"SO_0564","국화도","2026-08-20 21:44","669","저조"
"SO_0564","국화도","2026-08-21 03:56","321","고조"
"SO_0564","국화도","2026-08-21 09:37","606","저조"
"SO_0564","국화도","2026-08-20 03:10","246","고조"
"SO_0564","국화도","2026-08-20 08:54","674","저조"
"SO_0564","국화도","2026-08-20 15:17","198","고조"
"SO_0564","국화도","2026-08-20 21:44","669","저조"
"SO_0564","국화도","2026-08-21 03:56","321","고조"
"SO_0564","국화도","2026-08-21 09:37","606","저조"
"SO_0564","국화도","2026-08-21 16:02","253","고조"
"SO_0564","국화도","2026-08-21 22:55","622","저조"
"SO_0564","국화도","2026-08-22 05:10","380","고조"
"SO_0564","국화도","2026-08-22 10:47","547","저조"
"SO_0564","국화도","2026-08-21 03:56","321","고조"
"SO_0564","국화도","2026-08-21 09:37","606","저조"
"SO_0564","국화도","2026-08-21 16:02","253","고조"
"SO_0564","국화도","2026-08-21 22:55","622","저조"
"SO_0564","국화도","2026-08-22 05:10","380","고조"
"SO_0564","국화도","2026-08-22 10:47","547","저조"
"SO_0564","국화도","2026-08-22 17:17","296","고조"
"SO_0564","국화도","2026-08-23 00:40","610","저조"
"SO_0564","국화도","2026-08-23 07:18","388","고조"
"SO_0564","국화도","2026-08-23 12:44","530","저조"
"SO_0564","국화도","2026-08-22 05:10","380","고조"
"SO_0564","국화도","2026-08-22 10:47","547","저조"
"SO_0564","국화도","2026-08-22 17:17","296","고조"
"SO_0564","국화도","2026-08-23 00:40","610","저조"
"SO_0564","국화도","2026-08-23 07:18","388","고조"
"SO_0564","국화도","2026-08-23 12:44","530","저조"
"SO_0564","국화도","2026-08-23 19:06","295","고조"
"SO_0564","국화도","2026-08-24 02:10","642","저조"
"SO_0564","국화도","2026-08-24 08:44","342","고조"
"SO_0564","국화도","2026-08-24 14:13","568","저조"
"SO_0564","국화도","2026-08-23 00:40","610","저조"
"SO_0564","국화도","2026-08-23 07:18","388","고조"
"SO_0564","국화도","2026-08-23 12:44","530","저조"
"SO_0564","국화도","2026-08-23 19:06","295","고조"
"SO_0564","국화도","2026-08-24 02:10","642","저조"
"SO_0564","국화도","2026-08-24 08:44","342","고조"
"SO_0564","국화도","2026-08-24 14:13","568","저조"
"SO_0564","국화도","2026-08-24 20:25","251","고조"
"SO_0564","국화도","2026-08-25 03:06","693","저조"
"SO_0564","국화도","2026-08-25 09:32","285","고조"
"SO_0564","국화도","2026-08-24 02:10","642","저조"
"SO_0564","국화도","2026-08-24 08:44","342","고조"
"SO_0564","국화도","2026-08-24 14:13","568","저조"
"SO_0564","국화도","2026-08-24 20:25","251","고조"
"SO_0564","국화도","2026-08-25 03:06","693","저조"
"SO_0564","국화도","2026-08-25 09:32","285","고조"
"SO_0564","국화도","2026-08-25 15:09","625","저조"
"SO_0564","국화도","2026-08-25 21:18","194","고조"
"SO_0564","국화도","2026-08-26 03:46","742","저조"
"SO_0564","국화도","2026-08-26 10:09","229","고조"
"SO_0564","국화도","2026-08-25 03:06","693","저조"
"SO_0564","국화도","2026-08-25 09:32","285","고조"
"SO_0564","국화도","2026-08-25 15:09","625","저조"
"SO_0564","국화도","2026-08-25 21:18","194","고조"
"SO_0564","국화도","2026-08-26 03:46","742","저조"
"SO_0564","국화도","2026-08-26 10:09","229","고조"
"SO_0564","국화도","2026-08-26 15:51","684","저조"
"SO_0564","국화도","2026-08-26 22:01","140","고조"
"SO_0564","국화도","2026-08-27 04:20","785","저조"
"SO_0564","국화도","2026-08-27 10:43","178","고조"
"SO_0564","국화도","2026-08-26 03:46","742","저조"
"SO_0564","국화도","2026-08-26 10:09","229","고조"
"SO_0564","국화도","2026-08-26 15:51","684","저조"
"SO_0564","국화도","2026-08-26 22:01","140","고조"
"SO_0564","국화도","2026-08-27 04:20","785","저조"
"SO_0564","국화도","2026-08-27 10:43","178","고조"
"SO_0564","국화도","2026-08-27 16:27","735","저조"
"SO_0564","국화도","2026-08-27 22:40","96","고조"
"SO_0564","국화도","2026-08-28 04:52","819","저조"
"SO_0564","국화도","2026-08-28 11:16","134","고조"
"SO_0564","국화도","2026-08-27 04:20","785","저조"
"SO_0564","국화도","2026-08-27 10:43","178","고조"
"SO_0564","국화도","2026-08-27 16:27","735","저조"
"SO_0564","국화도","2026-08-27 22:40","96","고조"
"SO_0564","국화도","2026-08-28 04:52","819","저조"
"SO_0564","국화도","2026-08-28 11:16","134","고조"
"SO_0564","국화도","2026-08-28 17:02","775","저조"
"SO_0564","국화도","2026-08-28 23:17","66","고조"
"SO_0564","국화도","2026-08-29 05:22","841","저조"
"SO_0564","국화도","2026-08-29 11:47","99","고조"
"SO_0564","국화도","2026-08-28 04:52","819","저조"
"SO_0564","국화도","2026-08-28 11:16","134","고조"
"SO_0564","국화도","2026-08-28 17:02","775","저조"
"SO_0564","국화도","2026-08-28 23:17","66","고조"
"SO_0564","국화도","2026-08-29 05:22","841","저조"
"SO_0564","국화도","2026-08-29 11:47","99","고조"
"SO_0564","국화도","2026-08-29 17:35","804","저조"
"SO_0564","국화도","2026-08-29 23:53","51","고조"
"SO_0564","국화도","2026-08-30 05:52","851","저조"
"SO_0564","국화도","2026-08-30 12:18","75","고조"
"SO_0564","국화도","2026-08-29 05:22","841","저조"
"SO_0564","국화도","2026-08-29 11:47","99","고조"
"SO_0564","국화도","2026-08-29 17:35","804","저조"
"SO_0564","국화도","2026-08-29 23:53","51","고조"
"SO_0564","국화도","2026-08-30 05:52","851","저조"
"SO_0564","국화도","2026-08-30 12:18","75","고조"
"SO_0564","국화도","2026-08-30 18:08","821","저조"
"SO_0564","국화도","2026-08-31 00:28","53","고조"
"SO_0564","국화도","2026-08-31 06:21","848","저조"
"SO_0564","국화도","2026-08-31 12:48","63","고조"
"SO_0564","국화도","2026-08-30 05:52","851","저조"
"SO_0564","국화도","2026-08-30 12:18","75","고조"
"SO_0564","국화도","2026-08-30 18:08","821","저조"
"SO_0564","국화도","2026-08-31 00:28","53","고조"
"SO_0564","국화도","2026-08-31 06:21","848","저조"
"SO_0564","국화도","2026-08-31 12:48","63","고조"
"SO_0564","국화도","2026-08-31 18:41","828","저조"
"SO_0564","국화도","2026-09-01 01:02","71","고조"
"SO_0564","국화도","2026-09-01 06:51","832","저조"
"SO_0564","국화도","2026-09-01 13:18","64","고조"
"SO_0564","국화도","2026-08-31 00:28","53","고조"
"SO_0564","국화도","2026-08-31 06:21","848","저조"
"SO_0564","국화도","2026-08-31 12:48","63","고조"
"SO_0564","국화도","2026-08-31 18:41","828","저조"
"SO_0564","국화도","2026-09-01 01:02","71","고조"
"SO_0564","국화도","2026-09-01 06:51","832","저조"
"SO_0564","국화도","2026-09-01 13:18","64","고조"
"SO_0564","국화도","2026-09-01 19:14","823","저조"
"SO_0564","국화도","2026-09-02 01:36","107","고조"
"SO_0564","국화도","2026-09-02 07:22","801","저조"
"SO_0564","국화도","2026-09-01 01:02","71","고조"
"SO_0564","국화도","2026-09-01 06:51","832","저조"
"SO_0564","국화도","2026-09-01 13:18","64","고조"
"SO_0564","국화도","2026-09-01 19:14","823","저조"
"SO_0564","국화도","2026-09-02 01:36","107","고조"
"SO_0564","국화도","2026-09-02 07:22","801","저조"
"SO_0564","국화도","2026-09-02 13:49","80","고조"
"SO_0564","국화도","2026-09-02 19:50","804","저조"
"SO_0564","국화도","2026-09-03 02:12","158","고조"
"SO_0564","국화도","2026-09-03 07:55","755","저조"
"SO_0564","국화도","2026-09-02 01:36","107","고조"
"SO_0564","국화도","2026-09-02 07:22","801","저조"
"SO_0564","국화도","2026-09-02 13:49","80","고조"
"SO_0564","국화도","2026-09-02 19:50","804","저조"
"SO_0564","국화도","2026-09-03 02:12","158","고조"
"SO_0564","국화도","2026-09-03 07:55","755","저조"
"SO_0564","국화도","2026-09-03 14:23","110","고조"
"SO_0564","국화도","2026-09-03 20:33","769","저조"
"SO_0564","국화도","2026-09-04 02:54","224","고조"
"SO_0564","국화도","2026-09-04 08:35","695","저조"
"SO_0564","국화도","2026-09-03 02:12","158","고조"
"SO_0564","국화도","2026-09-03 07:55","755","저조"
"SO_0564","국화도","2026-09-03 14:23","110","고조"
"SO_0564","국화도","2026-09-03 20:33","769","저조"
"SO_0564","국화도","2026-09-04 02:54","224","고조"
"SO_0564","국화도","2026-09-04 08:35","695","저조"
"SO_0564","국화도","2026-09-04 15:04","156","고조"
"SO_0564","국화도","2026-09-04 21:29","722","저조"
"SO_0564","국화도","2026-09-05 03:49","297","고조"
"SO_0564","국화도","2026-09-05 09:29","626","저조"
"SO_0564","국화도","2026-09-04 02:54","224","고조"
"SO_0564","국화도","2026-09-04 08:35","695","저조"
"SO_0564","국화도","2026-09-04 15:04","156","고조"
"SO_0564","국화도","2026-09-04 21:29","722","저조"
"SO_0564","국화도","2026-09-05 03:49","297","고조"
"SO_0564","국화도","2026-09-05 09:29","626","저조"
"SO_0564","국화도","2026-09-05 16:03","210","고조"
"SO_0564","국화도","2026-09-05 22:51","678","저조"
"SO_0564","국화도","2026-09-06 05:19","353","고조"
"SO_0564","국화도","2026-09-06 11:00","569","저조"
"SO_0564","국화도","2026-09-05 03:49","297","고조"
"SO_0564","국화도","2026-09-05 09:29","626","저조"
"SO_0564","국화도","2026-09-05 16:03","210","고조"
"SO_0564","국화도","2026-09-05 22:51","678","저조"
"SO_0564","국화도","2026-09-06 05:19","353","고조"
"SO_0564","국화도","2026-09-06 11:00","569","저조"
"SO_0564","국화도","2026-09-06 17:38","247","고조"
"SO_0564","국화도","2026-09-07 00:42","677","저조"
"SO_0564","국화도","2026-09-07 07:25","340","고조"
"SO_0564","국화도","2026-09-07 13:04","575","저조"
"SO_0564","국화도","2026-09-06 05:19","353","고조"
"SO_0564","국화도","2026-09-06 11:00","569","저조"
"SO_0564","국화도","2026-09-06 17:38","247","고조"
"SO_0564","국화도","2026-09-07 00:42","677","저조"
"SO_0564","국화도","2026-09-07 07:25","340","고조"
"SO_0564","국화도","2026-09-07 13:04","575","저조"
"SO_0564","국화도","2026-09-07 19:27","223","고조"
"SO_0564","국화도","2026-09-08 02:12","726","저조"
"SO_0564","국화도","2026-09-08 08:47","271","고조"
"SO_0564","국화도","2026-09-08 14:30","640","저조"
"SO_0564","국화도","2026-09-07 00:42","677","저조"
"SO_0564","국화도","2026-09-07 07:25","340","고조"
"SO_0564","국화도","2026-09-07 13:04","575","저조"
"SO_0564","국화도","2026-09-07 19:27","223","고조"
"SO_0564","국화도","2026-09-08 02:12","726","저조"
"SO_0564","국화도","2026-09-08 08:47","271","고조"
"SO_0564","국화도","2026-09-08 14:30","640","저조"
"SO_0564","국화도","2026-09-08 20:45","158","고조"
"SO_0564","국화도","2026-09-09 03:12","787","저조"
"SO_0564","국화도","2026-09-09 09:41","194","고조"
"SO_0564","국화도","2026-09-08 02:12","726","저조"
"SO_0564","국화도","2026-09-08 08:47","271","고조"
"SO_0564","국화도","2026-09-08 14:30","640","저조"
"SO_0564","국화도","2026-09-08 20:45","158","고조"
"SO_0564","국화도","2026-09-09 03:12","787","저조"
"SO_0564","국화도","2026-09-09 09:41","194","고조"
"SO_0564","국화도","2026-09-09 15:27","718","저조"
"SO_0564","국화도","2026-09-09 21:42","92","고조"
"SO_0564","국화도","2026-09-10 03:59","837","저조"
"SO_0564","국화도","2026-09-10 10:24","128","고조"
"SO_0564","국화도","2026-09-09 03:12","787","저조"
"SO_0564","국화도","2026-09-09 09:41","194","고조"
"SO_0564","국화도","2026-09-09 15:27","718","저조"
"SO_0564","국화도","2026-09-09 21:42","92","고조"
"SO_0564","국화도","2026-09-10 03:59","837","저조"
"SO_0564","국화도","2026-09-10 10:24","128","고조"
"SO_0564","국화도","2026-09-10 16:13","785","저조"
"SO_0564","국화도","2026-09-10 22:30","44","고조"
"SO_0564","국화도","2026-09-11 04:38","866","저조"
"SO_0564","국화도","2026-09-11 11:02","78","고조"
"SO_0564","국화도","2026-09-10 03:59","837","저조"
"SO_0564","국화도","2026-09-10 10:24","128","고조"
"SO_0564","국화도","2026-09-10 16:13","785","저조"
"SO_0564","국화도","2026-09-10 22:30","44","고조"
"SO_0564","국화도","2026-09-11 04:38","866","저조"
"SO_0564","국화도","2026-09-11 11:02","78","고조"
"SO_0564","국화도","2026-09-11 16:54","832","저조"
"SO_0564","국화도","2026-09-11 23:12","21","고조"
"SO_0564","국화도","2026-09-12 05:13","876","저조"
"SO_0564","국화도","2026-09-12 11:37","48","고조"
"SO_0564","국화도","2026-09-11 04:38","866","저조"
"SO_0564","국화도","2026-09-11 11:02","78","고조"
"SO_0564","국화도","2026-09-11 16:54","832","저조"
"SO_0564","국화도","2026-09-11 23:12","21","고조"
"SO_0564","국화도","2026-09-12 05:13","876","저조"
"SO_0564","국화도","2026-09-12 11:37","48","고조"
"SO_0564","국화도","2026-09-12 17:31","856","저조"
"SO_0564","국화도","2026-09-12 23:51","21","고조"
"SO_0564","국화도","2026-09-13 05:45","868","저조"
"SO_0564","국화도","2026-09-13 12:10","36","고조"
"SO_0564","국화도","2026-09-12 05:13","876","저조"
"SO_0564","국화도","2026-09-12 11:37","48","고조"
"SO_0564","국화도","2026-09-12 17:31","856","저조"
"SO_0564","국화도","2026-09-12 23:51","21","고조"
"SO_0564","국화도","2026-09-13 05:45","868","저조"
"SO_0564","국화도","2026-09-13 12:10","36","고조"
"SO_0564","국화도","2026-09-13 18:06","860","저조"
"SO_0564","국화도","2026-09-14 00:26","43","고조"
"SO_0564","국화도","2026-09-14 06:16","847","저조"
"SO_0564","국화도","2026-09-14 12:39","42","고조"
"SO_0564","국화도","2026-09-13 05:45","868","저조"
"SO_0564","국화도","2026-09-13 12:10","36","고조"
"SO_0564","국화도","2026-09-13 18:06","860","저조"
"SO_0564","국화도","2026-09-14 00:26","43","고조"
"SO_0564","국화도","2026-09-14 06:16","847","저조"
"SO_0564","국화도","2026-09-14 12:39","42","고조"
"SO_0564","국화도","2026-09-14 18:39","847","저조"
"SO_0564","국화도","2026-09-15 00:59","81","고조"
"SO_0564","국화도","2026-09-15 06:45","813","저조"
"SO_0564","국화도","2026-09-15 13:07","63","고조"
"SO_0564","국화도","2026-09-14 00:26","43","고조"
"SO_0564","국화도","2026-09-14 06:16","847","저조"
"SO_0564","국화도","2026-09-14 12:39","42","고조"
"SO_0564","국화도","2026-09-14 18:39","847","저조"
"SO_0564","국화도","2026-09-15 00:59","81","고조"
"SO_0564","국화도","2026-09-15 06:45","813","저조"
"SO_0564","국화도","2026-09-15 13:07","63","고조"
"SO_0564","국화도","2026-09-15 19:10","819","저조"
"SO_0564","국화도","2026-09-16 01:30","132","고조"
"SO_0564","국화도","2026-09-16 07:13","770","저조"
"SO_0564","국화도","2026-09-15 00:59","81","고조"
"SO_0564","국화도","2026-09-15 06:45","813","저조"
"SO_0564","국화도","2026-09-15 13:07","63","고조"
"SO_0564","국화도","2026-09-15 19:10","819","저조"
"SO_0564","국화도","2026-09-16 01:30","132","고조"
"SO_0564","국화도","2026-09-16 07:13","770","저조"
"SO_0564","국화도","2026-09-16 13:32","97","고조"
"SO_0564","국화도","2026-09-16 19:41","780","저조"
"SO_0564","국화도","2026-09-17 02:00","192","고조"
"SO_0564","국화도","2026-09-17 07:41","717","저조"
"SO_0564","국화도","2026-09-16 01:30","132","고조"
"SO_0564","국화도","2026-09-16 07:13","770","저조"
"SO_0564","국화도","2026-09-16 13:32","97","고조"
"SO_0564","국화도","2026-09-16 19:41","780","저조"
"SO_0564","국화도","2026-09-17 02:00","192","고조"
"SO_0564","국화도","2026-09-17 07:41","717","저조"
"SO_0564","국화도","2026-09-17 13:58","143","고조"
"SO_0564","국화도","2026-09-17 20:14","732","저조"
"SO_0564","국화도","2026-09-18 02:32","258","고조"
"SO_0564","국화도","2026-09-18 08:12","657","저조"
"SO_0564","국화도","2026-09-17 02:00","192","고조"
"SO_0564","국화도","2026-09-17 07:41","717","저조"
"SO_0564","국화도","2026-09-17 13:58","143","고조"
"SO_0564","국화도","2026-09-17 20:14","732","저조"
"SO_0564","국화도","2026-09-18 02:32","258","고조"
"SO_0564","국화도","2026-09-18 08:12","657","저조"
"SO_0564","국화도","2026-09-18 14:27","197","고조"
"SO_0564","국화도","2026-09-18 20:52","677","저조"
"SO_0564","국화도","2026-09-19 03:12","327","고조"
"SO_0564","국화도","2026-09-19 08:49","592","저조"
"SO_0564","국화도","2026-09-18 02:32","258","고조"
"SO_0564","국화도","2026-09-18 08:12","657","저조"
"SO_0564","국화도","2026-09-18 14:27","197","고조"
"SO_0564","국화도","2026-09-18 20:52","677","저조"
"SO_0564","국화도","2026-09-19 03:12","327","고조"
"SO_0564","국화도","2026-09-19 08:49","592","저조"
"SO_0564","국화도","2026-09-19 15:04","257","고조"
"SO_0564","국화도","2026-09-19 21:51","621","저조"
"SO_0564","국화도","2026-09-20 04:17","388","고조"
"SO_0564","국화도","2026-09-20 09:51","531","저조"
"SO_0564","국화도","2026-09-19 03:12","327","고조"
"SO_0564","국화도","2026-09-19 08:49","592","저조"
"SO_0564","국화도","2026-09-19 15:04","257","고조"
"SO_0564","국화도","2026-09-19 21:51","621","저조"
"SO_0564","국화도","2026-09-20 04:17","388","고조"
"SO_0564","국화도","2026-09-20 09:51","531","저조"
"SO_0564","국화도","2026-09-20 16:09","313","고조"
"SO_0564","국화도","2026-09-20 23:43","591","저조"
"SO_0564","국화도","2026-09-21 06:45","400","고조"
"SO_0564","국화도","2026-09-21 12:04","508","저조"
"SO_0564","국화도","2026-09-20 04:17","388","고조"
"SO_0564","국화도","2026-09-20 09:51","531","저조"
"SO_0564","국화도","2026-09-20 16:09","313","고조"
"SO_0564","국화도","2026-09-20 23:43","591","저조"
"SO_0564","국화도","2026-09-21 06:45","400","고조"
"SO_0564","국화도","2026-09-21 12:04","508","저조"
"SO_0564","국화도","2026-09-21 18:19","329","고조"
"SO_0564","국화도","2026-09-22 01:35","619","저조"
"SO_0564","국화도","2026-09-22 08:15","346","고조"
"SO_0564","국화도","2026-09-22 13:48","556","저조"
"SO_0564","국화도","2026-09-21 06:45","400","고조"
"SO_0564","국화도","2026-09-21 12:04","508","저조"
"SO_0564","국화도","2026-09-21 18:19","329","고조"
"SO_0564","국화도","2026-09-22 01:35","619","저조"
"SO_0564","국화도","2026-09-22 08:15","346","고조"
"SO_0564","국화도","2026-09-22 13:48","556","저조"
"SO_0564","국화도","2026-09-22 19:56","280","고조"
"SO_0564","국화도","2026-09-23 02:34","673","저조"
"SO_0564","국화도","2026-09-23 09:01","278","고조"
"SO_0564","국화도","2026-09-23 14:44","628","저조"
"SO_0564","국화도","2026-09-22 01:35","619","저조"
"SO_0564","국화도","2026-09-22 08:15","346","고조"
"SO_0564","국화도","2026-09-22 13:48","556","저조"
"SO_0564","국화도","2026-09-22 19:56","280","고조"
"SO_0564","국화도","2026-09-23 02:34","673","저조"
"SO_0564","국화도","2026-09-23 09:01","278","고조"
"SO_0564","국화도","2026-09-23 14:44","628","저조"
"SO_0564","국화도","2026-09-23 20:52","213","고조"
"SO_0564","국화도","2026-09-24 03:14","728","저조"
"SO_0564","국화도","2026-09-24 09:35","211","고조"
"SO_0564","국화도","2026-09-23 02:34","673","저조"
"SO_0564","국화도","2026-09-23 09:01","278","고조"
"SO_0564","국화도","2026-09-23 14:44","628","저조"
"SO_0564","국화도","2026-09-23 20:52","213","고조"
"SO_0564","국화도","2026-09-24 03:14","728","저조"
"SO_0564","국화도","2026-09-24 09:35","211","고조"
"SO_0564","국화도","2026-09-24 15:24","700","저조"
"SO_0564","국화도","2026-09-24 21:36","150","고조"
"SO_0564","국화도","2026-09-25 03:47","774","저조"
"SO_0564","국화도","2026-09-25 10:09","150","고조"
"SO_0564","국화도","2026-09-24 03:14","728","저조"
"SO_0564","국화도","2026-09-24 09:35","211","고조"
"SO_0564","국화도","2026-09-24 15:24","700","저조"
"SO_0564","국화도","2026-09-24 21:36","150","고조"
"SO_0564","국화도","2026-09-25 03:47","774","저조"
"SO_0564","국화도","2026-09-25 10:09","150","고조"
"SO_0564","국화도","2026-09-25 16:00","763","저조"
"SO_0564","국화도","2026-09-25 22:16","101","고조"
"SO_0564","국화도","2026-09-26 04:19","808","저조"
"SO_0564","국화도","2026-09-26 10:41","99","고조"
"SO_0564","국화도","2026-09-25 03:47","774","저조"
"SO_0564","국화도","2026-09-25 10:09","150","고조"
"SO_0564","국화도","2026-09-25 16:00","763","저조"
"SO_0564","국화도","2026-09-25 22:16","101","고조"
"SO_0564","국화도","2026-09-26 04:19","808","저조"
"SO_0564","국화도","2026-09-26 10:41","99","고조"
"SO_0564","국화도","2026-09-26 16:35","813","저조"
"SO_0564","국화도","2026-09-26 22:54","68","고조"
"SO_0564","국화도","2026-09-27 04:50","829","저조"
"SO_0564","국화도","2026-09-27 11:13","60","고조"
"SO_0564","국화도","2026-09-26 04:19","808","저조"
"SO_0564","국화도","2026-09-26 10:41","99","고조"
"SO_0564","국화도","2026-09-26 16:35","813","저조"
"SO_0564","국화도","2026-09-26 22:54","68","고조"
"SO_0564","국화도","2026-09-27 04:50","829","저조"
"SO_0564","국화도","2026-09-27 11:13","60","고조"
"SO_0564","국화도","2026-09-27 17:08","847","저조"
"SO_0564","국화도","2026-09-27 23:31","54","고조"
"SO_0564","국화도","2026-09-28 05:22","835","저조"
"SO_0564","국화도","2026-09-28 11:45","36","고조"
"SO_0564","국화도","2026-09-27 04:50","829","저조"
"SO_0564","국화도","2026-09-27 11:13","60","고조"
"SO_0564","국화도","2026-09-27 17:08","847","저조"
"SO_0564","국화도","2026-09-27 23:31","54","고조"
"SO_0564","국화도","2026-09-28 05:22","835","저조"
"SO_0564","국화도","2026-09-28 11:45","36","고조"
"SO_0564","국화도","2026-09-28 17:42","865","저조"
"SO_0564","국화도","2026-09-29 00:07","59","고조"
"SO_0564","국화도","2026-09-29 05:53","827","저조"
"SO_0564","국화도","2026-09-29 12:17","28","고조"
"SO_0564","국화도","2026-09-28 05:22","835","저조"
"SO_0564","국화도","2026-09-28 11:45","36","고조"
"SO_0564","국화도","2026-09-28 17:42","865","저조"
"SO_0564","국화도","2026-09-29 00:07","59","고조"
"SO_0564","국화도","2026-09-29 05:53","827","저조"
"SO_0564","국화도","2026-09-29 12:17","28","고조"
"SO_0564","국화도","2026-09-29 18:17","868","저조"
"SO_0564","국화도","2026-09-30 00:43","82","고조"
"SO_0564","국화도","2026-09-30 06:25","805","저조"
"SO_0564","국화도","2026-09-30 12:50","37","고조"
"SO_0564","국화도","2026-09-29 00:07","59","고조"
"SO_0564","국화도","2026-09-29 05:53","827","저조"
"SO_0564","국화도","2026-09-29 12:17","28","고조"
"SO_0564","국화도","2026-09-29 18:17","868","저조"
"SO_0564","국화도","2026-09-30 00:43","82","고조"
"SO_0564","국화도","2026-09-30 06:25","805","저조"
"SO_0564","국화도","2026-09-30 12:50","37","고조"
"SO_0564","국화도","2026-09-30 18:53","854","저조"
"SO_0564","국화도","2026-10-01 01:20","122","고조"
"SO_0564","국화도","2026-10-01 06:59","768","저조"
"SO_0564","국화도","2026-09-30 00:43","82","고조"
"SO_0564","국화도","2026-09-30 06:25","805","저조"
"SO_0564","국화도","2026-09-30 12:50","37","고조"
"SO_0564","국화도","2026-09-30 18:53","854","저조"
"SO_0564","국화도","2026-10-01 01:20","122","고조"
"SO_0564","국화도","2026-10-01 06:59","768","저조"
"SO_0564","국화도","2026-10-01 13:23","63","고조"
"SO_0564","국화도","2026-10-01 19:31","824","저조"
"SO_0564","국화도","2026-10-02 01:59","179","고조"
"SO_0564","국화도","2026-10-02 07:35","718","저조"
"SO_0564","국화도","2026-10-01 01:20","122","고조"
"SO_0564","국화도","2026-10-01 06:59","768","저조"
"SO_0564","국화도","2026-10-01 13:23","63","고조"
"SO_0564","국화도","2026-10-01 19:31","824","저조"
"SO_0564","국화도","2026-10-02 01:59","179","고조"
"SO_0564","국화도","2026-10-02 07:35","718","저조"
"SO_0564","국화도","2026-10-02 14:01","106","고조"
"SO_0564","국화도","2026-10-02 20:17","776","저조"
"SO_0564","국화도","2026-10-03 02:44","246","고조"
"SO_0564","국화도","2026-10-03 08:19","657","저조"
"SO_0564","국화도","2026-10-02 01:59","179","고조"
"SO_0564","국화도","2026-10-02 07:35","718","저조"
"SO_0564","국화도","2026-10-02 14:01","106","고조"
"SO_0564","국화도","2026-10-02 20:17","776","저조"
"SO_0564","국화도","2026-10-03 02:44","246","고조"
"SO_0564","국화도","2026-10-03 08:19","657","저조"
"SO_0564","국화도","2026-10-03 14:45","164","고조"
"SO_0564","국화도","2026-10-03 21:16","718","저조"
"SO_0564","국화도","2026-10-04 03:46","314","고조"
"SO_0564","국화도","2026-10-04 09:21","592","저조"
"SO_0564","국화도","2026-10-03 02:44","246","고조"
"SO_0564","국화도","2026-10-03 08:19","657","저조"
"SO_0564","국화도","2026-10-03 14:45","164","고조"
"SO_0564","국화도","2026-10-03 21:16","718","저조"
"SO_0564","국화도","2026-10-04 03:46","314","고조"
"SO_0564","국화도","2026-10-04 09:21","592","저조"
"SO_0564","국화도","2026-10-04 15:51","227","고조"
"SO_0564","국화도","2026-10-04 22:46","670","저조"
"SO_0564","국화도","2026-10-05 05:28","348","고조"
"SO_0564","국화도","2026-10-05 11:09","554","저조"
"SO_0564","국화도","2026-10-04 03:46","314","고조"
"SO_0564","국화도","2026-10-04 09:21","592","저조"
"SO_0564","국화도","2026-10-04 15:51","227","고조"
"SO_0564","국화도","2026-10-04 22:46","670","저조"
"SO_0564","국화도","2026-10-05 05:28","348","고조"
"SO_0564","국화도","2026-10-05 11:09","554","저조"
"SO_0564","국화도","2026-10-05 17:36","261","고조"
"SO_0564","국화도","2026-10-06 00:37","672","저조"
"SO_0564","국화도","2026-10-06 07:19","312","고조"
"SO_0564","국화도","2026-10-06 13:06","589","저조"
"SO_0564","국화도","2026-10-05 05:28","348","고조"
"SO_0564","국화도","2026-10-05 11:09","554","저조"
"SO_0564","국화도","2026-10-05 17:36","261","고조"
"SO_0564","국화도","2026-10-06 00:37","672","저조"
"SO_0564","국화도","2026-10-06 07:19","312","고조"
"SO_0564","국화도","2026-10-06 13:06","589","저조"
"SO_0564","국화도","2026-10-06 19:21","229","고조"
"SO_0564","국화도","2026-10-07 01:57","716","저조"
"SO_0564","국화도","2026-10-07 08:27","239","고조"
"SO_0564","국화도","2026-10-07 14:20","667","저조"
"SO_0564","국화도","2026-10-06 00:37","672","저조"
"SO_0564","국화도","2026-10-06 07:19","312","고조"
"SO_0564","국화도","2026-10-06 13:06","589","저조"
"SO_0564","국화도","2026-10-06 19:21","229","고조"
"SO_0564","국화도","2026-10-07 01:57","716","저조"
"SO_0564","국화도","2026-10-07 08:27","239","고조"
"SO_0564","국화도","2026-10-07 14:20","667","저조"
"SO_0564","국화도","2026-10-07 20:33","166","고조"
"SO_0564","국화도","2026-10-08 02:51","765","저조"
"SO_0564","국화도","2026-10-08 09:14","164","고조"
"SO_0564","국화도","2026-10-07 01:57","716","저조"
"SO_0564","국화도","2026-10-07 08:27","239","고조"
"SO_0564","국화도","2026-10-07 14:20","667","저조"
"SO_0564","국화도","2026-10-07 20:33","166","고조"
"SO_0564","국화도","2026-10-08 02:51","765","저조"
"SO_0564","국화도","2026-10-08 09:14","164","고조"
"SO_0564","국화도","2026-10-08 15:11","746","저조"
"SO_0564","국화도","2026-10-08 21:26","110","고조"
"SO_0564","국화도","2026-10-09 03:33","801","저조"
"SO_0564","국화도","2026-10-09 09:54","103","고조"
"SO_0564","국화도","2026-10-08 02:51","765","저조"
"SO_0564","국화도","2026-10-08 09:14","164","고조"
"SO_0564","국화도","2026-10-08 15:11","746","저조"
"SO_0564","국화도","2026-10-08 21:26","110","고조"
"SO_0564","국화도","2026-10-09 03:33","801","저조"
"SO_0564","국화도","2026-10-09 09:54","103","고조"
"SO_0564","국화도","2026-10-09 15:53","808","저조"
"SO_0564","국화도","2026-10-09 22:11","74","고조"
"SO_0564","국화도","2026-10-10 04:09","820","저조"
"SO_0564","국화도","2026-10-10 10:30","60","고조"
"SO_0564","국화도","2026-10-09 03:33","801","저조"
"SO_0564","국화도","2026-10-09 09:54","103","고조"
"SO_0564","국화도","2026-10-09 15:53","808","저조"
"SO_0564","국화도","2026-10-09 22:11","74","고조"
"SO_0564","국화도","2026-10-10 04:09","820","저조"
"SO_0564","국화도","2026-10-10 10:30","60","고조"
"SO_0564","국화도","2026-10-10 16:31","846","저조"
"SO_0564","국화도","2026-10-10 22:51","60","고조"
"SO_0564","국화도","2026-10-11 04:43","823","저조"
"SO_0564","국화도","2026-10-11 11:04","37","고조"
"SO_0564","국화도","2026-10-10 04:09","820","저조"
"SO_0564","국화도","2026-10-10 10:30","60","고조"
"SO_0564","국화도","2026-10-10 16:31","846","저조"
"SO_0564","국화도","2026-10-10 22:51","60","고조"
"SO_0564","국화도","2026-10-11 04:43","823","저조"
"SO_0564","국화도","2026-10-11 11:04","37","고조"
"SO_0564","국화도","2026-10-11 17:06","860","저조"
"SO_0564","국화도","2026-10-11 23:27","67","고조"
"SO_0564","국화도","2026-10-12 05:14","813","저조"
"SO_0564","국화도","2026-10-12 11:35","34","고조"
"SO_0564","국화도","2026-10-11 04:43","823","저조"
"SO_0564","국화도","2026-10-11 11:04","37","고조"
"SO_0564","국화도","2026-10-11 17:06","860","저조"
"SO_0564","국화도","2026-10-11 23:27","67","고조"
"SO_0564","국화도","2026-10-12 05:14","813","저조"
"SO_0564","국화도","2026-10-12 11:35","34","고조"
"SO_0564","국화도","2026-10-12 17:39","856","저조"
"SO_0564","국화도","2026-10-13 00:01","89","고조"
"SO_0564","국화도","2026-10-13 05:44","793","저조"
"SO_0564","국화도","2026-10-13 12:03","45","고조"
"SO_0564","국화도","2026-10-12 05:14","813","저조"
"SO_0564","국화도","2026-10-12 11:35","34","고조"
"SO_0564","국화도","2026-10-12 17:39","856","저조"
"SO_0564","국화도","2026-10-13 00:01","89","고조"
"SO_0564","국화도","2026-10-13 05:44","793","저조"
"SO_0564","국화도","2026-10-13 12:03","45","고조"
"SO_0564","국화도","2026-10-13 18:10","837","저조"
"SO_0564","국화도","2026-10-14 00:33","121","고조"
"SO_0564","국화도","2026-10-14 06:13","765","저조"
"SO_0564","국화도","2026-10-14 12:30","69","고조"
"SO_0564","국화도","2026-10-13 00:01","89","고조"
"SO_0564","국화도","2026-10-13 05:44","793","저조"
"SO_0564","국화도","2026-10-13 12:03","45","고조"
"SO_0564","국화도","2026-10-13 18:10","837","저조"
"SO_0564","국화도","2026-10-14 00:33","121","고조"
"SO_0564","국화도","2026-10-14 06:13","765","저조"
"SO_0564","국화도","2026-10-14 12:30","69","고조"
"SO_0564","국화도","2026-10-14 18:39","810","저조"
"SO_0564","국화도","2026-10-15 01:03","161","고조"
"SO_0564","국화도","2026-10-15 06:41","730","저조"
"SO_0564","국화도","2026-10-14 00:33","121","고조"
"SO_0564","국화도","2026-10-14 06:13","765","저조"
"SO_0564","국화도","2026-10-14 12:30","69","고조"
"SO_0564","국화도","2026-10-14 18:39","810","저조"
"SO_0564","국화도","2026-10-15 01:03","161","고조"
"SO_0564","국화도","2026-10-15 06:41","730","저조"
"SO_0564","국화도","2026-10-15 12:56","101","고조"
"SO_0564","국화도","2026-10-15 19:08","777","저조"
"SO_0564","국화도","2026-10-16 01:33","207","고조"
"SO_0564","국화도","2026-10-16 07:10","687","저조"
"SO_0564","국화도","2026-10-15 01:03","161","고조"
"SO_0564","국화도","2026-10-15 06:41","730","저조"
"SO_0564","국화도","2026-10-15 12:56","101","고조"
"SO_0564","국화도","2026-10-15 19:08","777","저조"
"SO_0564","국화도","2026-10-16 01:33","207","고조"
"SO_0564","국화도","2026-10-16 07:10","687","저조"
"SO_0564","국화도","2026-10-16 13:22","140","고조"
"SO_0564","국화도","2026-10-16 19:38","738","저조"
"SO_0564","국화도","2026-10-17 02:04","258","고조"
"SO_0564","국화도","2026-10-17 07:41","638","저조"
"SO_0564","국화도","2026-10-16 01:33","207","고조"
"SO_0564","국화도","2026-10-16 07:10","687","저조"
"SO_0564","국화도","2026-10-16 13:22","140","고조"
"SO_0564","국화도","2026-10-16 19:38","738","저조"
"SO_0564","국화도","2026-10-17 02:04","258","고조"
"SO_0564","국화도","2026-10-17 07:41","638","저조"
"SO_0564","국화도","2026-10-17 13:51","187","고조"
"SO_0564","국화도","2026-10-17 20:14","692","저조"
"SO_0564","국화도","2026-10-18 02:41","311","고조"
"SO_0564","국화도","2026-10-18 08:19","586","저조"
"SO_0564","국화도","2026-10-17 02:04","258","고조"
"SO_0564","국화도","2026-10-17 07:41","638","저조"
"SO_0564","국화도","2026-10-17 13:51","187","고조"
"SO_0564","국화도","2026-10-17 20:14","692","저조"
"SO_0564","국화도","2026-10-18 02:41","311","고조"
"SO_0564","국화도","2026-10-18 08:19","586","저조"
"SO_0564","국화도","2026-10-18 14:27","239","고조"
"SO_0564","국화도","2026-10-18 21:03","642","저조"
"SO_0564","국화도","2026-10-19 03:39","360","고조"
"SO_0564","국화도","2026-10-19 09:17","535","저조"
"SO_0564","국화도","2026-10-18 02:41","311","고조"
"SO_0564","국화도","2026-10-18 08:19","586","저조"
"SO_0564","국화도","2026-10-18 14:27","239","고조"
"SO_0564","국화도","2026-10-18 21:03","642","저조"
"SO_0564","국화도","2026-10-19 03:39","360","고조"
"SO_0564","국화도","2026-10-19 09:17","535","저조"
"SO_0564","국화도","2026-10-19 15:24","294","고조"
"SO_0564","국화도","2026-10-19 22:27","602","저조"
"SO_0564","국화도","2026-10-20 05:32","378","고조"
"SO_0564","국화도","2026-10-20 11:06","511","저조"
"SO_0564","국화도","2026-10-19 03:39","360","고조"
"SO_0564","국화도","2026-10-19 09:17","535","저조"
"SO_0564","국화도","2026-10-19 15:24","294","고조"
"SO_0564","국화도","2026-10-19 22:27","602","저조"
"SO_0564","국화도","2026-10-20 05:32","378","고조"
"SO_0564","국화도","2026-10-20 11:06","511","저조"
"SO_0564","국화도","2026-10-20 17:09","326","고조"
"SO_0564","국화도","2026-10-21 00:22","603","저조"
"SO_0564","국화도","2026-10-21 07:14","336","고조"
"SO_0564","국화도","2026-10-21 12:57","549","저조"
"SO_0564","국화도","2026-10-20 05:32","378","고조"
"SO_0564","국화도","2026-10-20 11:06","511","저조"
"SO_0564","국화도","2026-10-20 17:09","326","고조"
"SO_0564","국화도","2026-10-21 00:22","603","저조"
"SO_0564","국화도","2026-10-21 07:14","336","고조"
"SO_0564","국화도","2026-10-21 12:57","549","저조"
"SO_0564","국화도","2026-10-21 19:02","298","고조"
"SO_0564","국화도","2026-10-22 01:37","643","저조"
"SO_0564","국화도","2026-10-22 08:09","270","고조"
"SO_0564","국화도","2026-10-22 14:02","622","저조"
"SO_0564","국화도","2026-10-21 00:22","603","저조"
"SO_0564","국화도","2026-10-21 07:14","336","고조"
"SO_0564","국화도","2026-10-21 12:57","549","저조"
"SO_0564","국화도","2026-10-21 19:02","298","고조"
"SO_0564","국화도","2026-10-22 01:37","643","저조"
"SO_0564","국화도","2026-10-22 08:09","270","고조"
"SO_0564","국화도","2026-10-22 14:02","622","저조"
"SO_0564","국화도","2026-10-22 20:11","237","고조"
"SO_0564","국화도","2026-10-23 02:26","690","저조"
"SO_0564","국화도","2026-10-23 08:49","199","고조"
"SO_0564","국화도","2026-10-22 01:37","643","저조"
"SO_0564","국화도","2026-10-22 08:09","270","고조"
"SO_0564","국화도","2026-10-22 14:02","622","저조"
"SO_0564","국화도","2026-10-22 20:11","237","고조"
"SO_0564","국화도","2026-10-23 02:26","690","저조"
"SO_0564","국화도","2026-10-23 08:49","199","고조"
"SO_0564","국화도","2026-10-23 14:47","701","저조"
"SO_0564","국화도","2026-10-23 21:01","177","고조"
"SO_0564","국화도","2026-10-24 03:05","734","저조"
"SO_0564","국화도","2026-10-24 09:25","133","고조"
"SO_0564","국화도","2026-10-23 02:26","690","저조"
"SO_0564","국화도","2026-10-23 08:49","199","고조"
"SO_0564","국화도","2026-10-23 14:47","701","저조"
"SO_0564","국화도","2026-10-23 21:01","177","고조"
"SO_0564","국화도","2026-10-24 03:05","734","저조"
"SO_0564","국화도","2026-10-24 09:25","133","고조"
"SO_0564","국화도","2026-10-24 15:26","771","저조"
"SO_0564","국화도","2026-10-24 21:45","127","고조"
"SO_0564","국화도","2026-10-25 03:41","768","저조"
"SO_0564","국화도","2026-10-25 10:01","77","고조"
"SO_0564","국화도","2026-10-24 03:05","734","저조"
"SO_0564","국화도","2026-10-24 09:25","133","고조"
"SO_0564","국화도","2026-10-24 15:26","771","저조"
"SO_0564","국화도","2026-10-24 21:45","127","고조"
"SO_0564","국화도","2026-10-25 03:41","768","저조"
"SO_0564","국화도","2026-10-25 10:01","77","고조"
"SO_0564","국화도","2026-10-25 16:04","827","저조"
"SO_0564","국화도","2026-10-25 22:26","93","고조"
"SO_0564","국화도","2026-10-26 04:16","788","저조"
"SO_0564","국화도","2026-10-26 10:37","37","고조"
"SO_0564","국화도","2026-10-25 03:41","768","저조"
"SO_0564","국화도","2026-10-25 10:01","77","고조"
"SO_0564","국화도","2026-10-25 16:04","827","저조"
"SO_0564","국화도","2026-10-25 22:26","93","고조"
"SO_0564","국화도","2026-10-26 04:16","788","저조"
"SO_0564","국화도","2026-10-26 10:37","37","고조"
"SO_0564","국화도","2026-10-26 16:41","863","저조"
"SO_0564","국화도","2026-10-26 23:07","78","고조"
"SO_0564","국화도","2026-10-27 04:52","793","저조"
"SO_0564","국화도","2026-10-27 11:13","14","고조"
"SO_0564","국화도","2026-10-26 04:16","788","저조"
"SO_0564","국화도","2026-10-26 10:37","37","고조"
"SO_0564","국화도","2026-10-26 16:41","863","저조"
"SO_0564","국화도","2026-10-26 23:07","78","고조"
"SO_0564","국화도","2026-10-27 04:52","793","저조"
"SO_0564","국화도","2026-10-27 11:13","14","고조"
"SO_0564","국화도","2026-10-27 17:18","881","저조"
"SO_0564","국화도","2026-10-27 23:47","82","고조"
"SO_0564","국화도","2026-10-28 05:28","785","저조"
"SO_0564","국화도","2026-10-28 11:50","9","고조"
"SO_0564","국화도","2026-10-27 04:52","793","저조"
"SO_0564","국화도","2026-10-27 11:13","14","고조"
"SO_0564","국화도","2026-10-27 17:18","881","저조"
"SO_0564","국화도","2026-10-27 23:47","82","고조"
"SO_0564","국화도","2026-10-28 05:28","785","저조"
"SO_0564","국화도","2026-10-28 11:50","9","고조"
"SO_0564","국화도","2026-10-28 17:57","880","저조"
"SO_0564","국화도","2026-10-29 00:27","103","고조"
"SO_0564","국화도","2026-10-29 06:06","763","저조"
"SO_0564","국화도","2026-10-29 12:28","22","고조"
"SO_0564","국화도","2026-10-28 05:28","785","저조"
"SO_0564","국화도","2026-10-28 11:50","9","고조"
"SO_0564","국화도","2026-10-28 17:57","880","저조"
"SO_0564","국화도","2026-10-29 00:27","103","고조"
"SO_0564","국화도","2026-10-29 06:06","763","저조"
"SO_0564","국화도","2026-10-29 12:28","22","고조"
"SO_0564","국화도","2026-10-29 18:38","862","저조"
"SO_0564","국화도","2026-10-30 01:09","139","고조"
"SO_0564","국화도","2026-10-30 06:45","729","저조"
"SO_0564","국화도","2026-10-30 13:07","51","고조"
"SO_0564","국화도","2026-10-29 00:27","103","고조"
"SO_0564","국화도","2026-10-29 06:06","763","저조"
"SO_0564","국화도","2026-10-29 12:28","22","고조"
"SO_0564","국화도","2026-10-29 18:38","862","저조"
"SO_0564","국화도","2026-10-30 01:09","139","고조"
"SO_0564","국화도","2026-10-30 06:45","729","저조"
"SO_0564","국화도","2026-10-30 13:07","51","고조"
"SO_0564","국화도","2026-10-30 19:22","827","저조"
"SO_0564","국화도","2026-10-31 01:53","187","고조"
"SO_0564","국화도","2026-10-31 07:28","686","저조"
"SO_0564","국화도","2026-10-30 01:09","139","고조"
"SO_0564","국화도","2026-10-30 06:45","729","저조"
"SO_0564","국화도","2026-10-30 13:07","51","고조"
"SO_0564","국화도","2026-10-30 19:22","827","저조"
"SO_0564","국화도","2026-10-31 01:53","187","고조"
"SO_0564","국화도","2026-10-31 07:28","686","저조"
"SO_0564","국화도","2026-10-31 13:50","96","고조"
"SO_0564","국화도","2026-10-31 20:11","779","저조"
"SO_0564","국화도","2026-11-01 02:44","240","고조"
"SO_0564","국화도","2026-11-01 08:19","637","저조"
"SO_0564","국화도","2026-10-31 01:53","187","고조"
"SO_0564","국화도","2026-10-31 07:28","686","저조"
"SO_0564","국화도","2026-10-31 13:50","96","고조"
"SO_0564","국화도","2026-10-31 20:11","779","저조"
"SO_0564","국화도","2026-11-01 02:44","240","고조"
"SO_0564","국화도","2026-11-01 08:19","637","저조"
"SO_0564","국화도","2026-11-01 14:40","153","고조"
"SO_0564","국화도","2026-11-01 21:13","724","저조"
"SO_0564","국화도","2026-11-02 03:49","285","고조"
"SO_0564","국화도","2026-11-02 09:27","592","저조"
"SO_0564","국화도","2026-11-01 02:44","240","고조"
"SO_0564","국화도","2026-11-01 08:19","637","저조"
"SO_0564","국화도","2026-11-01 14:40","153","고조"
"SO_0564","국화도","2026-11-01 21:13","724","저조"
"SO_0564","국화도","2026-11-02 03:49","285","고조"
"SO_0564","국화도","2026-11-02 09:27","592","저조"
"SO_0564","국화도","2026-11-02 15:49","211","고조"
"SO_0564","국화도","2026-11-02 22:32","680","저조"
"SO_0564","국화도","2026-11-03 05:15","300","고조"
"SO_0564","국화도","2026-11-03 11:03","576","저조"
"SO_0564","국화도","2026-11-02 03:49","285","고조"
"SO_0564","국화도","2026-11-02 09:27","592","저조"
"SO_0564","국화도","2026-11-02 15:49","211","고조"
"SO_0564","국화도","2026-11-02 22:32","680","저조"
"SO_0564","국화도","2026-11-03 05:15","300","고조"
"SO_0564","국화도","2026-11-03 11:03","576","저조"
"SO_0564","국화도","2026-11-03 17:21","243","고조"
"SO_0564","국화도","2026-11-04 00:04","667","저조"
"SO_0564","국화도","2026-11-04 06:41","270","고조"
"SO_0564","국화도","2026-11-04 12:41","610","저조"
"SO_0564","국화도","2026-11-03 05:15","300","고조"
"SO_0564","국화도","2026-11-03 11:03","576","저조"
"SO_0564","국화도","2026-11-03 17:21","243","고조"
"SO_0564","국화도","2026-11-04 00:04","667","저조"
"SO_0564","국화도","2026-11-04 06:41","270","고조"
"SO_0564","국화도","2026-11-04 12:41","610","저조"
"SO_0564","국화도","2026-11-04 18:54","229","고조"
"SO_0564","국화도","2026-11-05 01:20","685","저조"
"SO_0564","국화도","2026-11-05 07:47","212","고조"
"SO_0564","국화도","2026-11-05 13:52","675","저조"
"SO_0564","국화도","2026-11-04 00:04","667","저조"
"SO_0564","국화도","2026-11-04 06:41","270","고조"
"SO_0564","국화도","2026-11-04 12:41","610","저조"
"SO_0564","국화도","2026-11-04 18:54","229","고조"
"SO_0564","국화도","2026-11-05 01:20","685","저조"
"SO_0564","국화도","2026-11-05 07:47","212","고조"
"SO_0564","국화도","2026-11-05 13:52","675","저조"
"SO_0564","국화도","2026-11-05 20:05","191","고조"
"SO_0564","국화도","2026-11-06 02:15","711","저조"
"SO_0564","국화도","2026-11-06 08:36","152","고조"
"SO_0564","국화도","2026-11-05 01:20","685","저조"
"SO_0564","국화도","2026-11-05 07:47","212","고조"
"SO_0564","국화도","2026-11-05 13:52","675","저조"
"SO_0564","국화도","2026-11-05 20:05","191","고조"
"SO_0564","국화도","2026-11-06 02:15","711","저조"
"SO_0564","국화도","2026-11-06 08:36","152","고조"
"SO_0564","국화도","2026-11-06 14:45","741","저조"
"SO_0564","국화도","2026-11-06 21:01","153","고조"
"SO_0564","국화도","2026-11-07 03:00","733","저조"
"SO_0564","국화도","2026-11-07 09:18","102","고조"
"SO_0564","국화도","2026-11-06 02:15","711","저조"
"SO_0564","국화도","2026-11-06 08:36","152","고조"
"SO_0564","국화도","2026-11-06 14:45","741","저조"
"SO_0564","국화도","2026-11-06 21:01","153","고조"
"SO_0564","국화도","2026-11-07 03:00","733","저조"
"SO_0564","국화도","2026-11-07 09:18","102","고조"
"SO_0564","국화도","2026-11-07 15:29","790","저조"
"SO_0564","국화도","2026-11-07 21:46","128","고조"
"SO_0564","국화도","2026-11-08 03:38","746","저조"
"SO_0564","국화도","2026-11-08 09:56","68","고조"
"SO_0564","국화도","2026-11-07 03:00","733","저조"
"SO_0564","국화도","2026-11-07 09:18","102","고조"
"SO_0564","국화도","2026-11-07 15:29","790","저조"
"SO_0564","국화도","2026-11-07 21:46","128","고조"
"SO_0564","국화도","2026-11-08 03:38","746","저조"
"SO_0564","국화도","2026-11-08 09:56","68","고조"
"SO_0564","국화도","2026-11-08 16:07","818","저조"
"SO_0564","국화도","2026-11-08 22:27","119","고조"
"SO_0564","국화도","2026-11-09 04:13","750","저조"
"SO_0564","국화도","2026-11-09 10:31","52","고조"
"SO_0564","국화도","2026-11-08 03:38","746","저조"
"SO_0564","국화도","2026-11-08 09:56","68","고조"
"SO_0564","국화도","2026-11-08 16:07","818","저조"
"SO_0564","국화도","2026-11-08 22:27","119","고조"
"SO_0564","국화도","2026-11-09 04:13","750","저조"
"SO_0564","국화도","2026-11-09 10:31","52","고조"
"SO_0564","국화도","2026-11-09 16:42","825","저조"
"SO_0564","국화도","2026-11-09 23:04","124","고조"
"SO_0564","국화도","2026-11-10 04:46","745","저조"
"SO_0564","국화도","2026-11-10 11:03","51","고조"
"SO_0564","국화도","2026-11-09 04:13","750","저조"
"SO_0564","국화도","2026-11-09 10:31","52","고조"
"SO_0564","국화도","2026-11-09 16:42","825","저조"
"SO_0564","국화도","2026-11-09 23:04","124","고조"
"SO_0564","국화도","2026-11-10 04:46","745","저조"
"SO_0564","국화도","2026-11-10 11:03","51","고조"
"SO_0564","국화도","2026-11-10 17:15","819","저조"
"SO_0564","국화도","2026-11-10 23:39","137","고조"
"SO_0564","국화도","2026-11-11 05:18","733","저조"
"SO_0564","국화도","2026-11-11 11:33","62","고조"
"SO_0564","국화도","2026-11-10 04:46","745","저조"
"SO_0564","국화도","2026-11-10 11:03","51","고조"
"SO_0564","국화도","2026-11-10 17:15","819","저조"
"SO_0564","국화도","2026-11-10 23:39","137","고조"
"SO_0564","국화도","2026-11-11 05:18","733","저조"
"SO_0564","국화도","2026-11-11 11:33","62","고조"
"SO_0564","국화도","2026-11-11 17:46","804","저조"
"SO_0564","국화도","2026-11-12 00:11","156","고조"
"SO_0564","국화도","2026-11-12 05:49","715","저조"
"SO_0564","국화도","2026-11-12 12:02","79","고조"
"SO_0564","국화도","2026-11-11 05:18","733","저조"
"SO_0564","국화도","2026-11-11 11:33","62","고조"
"SO_0564","국화도","2026-11-11 17:46","804","저조"
"SO_0564","국화도","2026-11-12 00:11","156","고조"
"SO_0564","국화도","2026-11-12 05:49","715","저조"
"SO_0564","국화도","2026-11-12 12:02","79","고조"
"SO_0564","국화도","2026-11-12 18:15","787","저조"
"SO_0564","국화도","2026-11-13 00:43","179","고조"
"SO_0564","국화도","2026-11-13 06:20","693","저조"
"SO_0564","국화도","2026-11-13 12:30","101","고조"
"SO_0564","국화도","2026-11-12 00:11","156","고조"
"SO_0564","국화도","2026-11-12 05:49","715","저조"
"SO_0564","국화도","2026-11-12 12:02","79","고조"
"SO_0564","국화도","2026-11-12 18:15","787","저조"
"SO_0564","국화도","2026-11-13 00:43","179","고조"
"SO_0564","국화도","2026-11-13 06:20","693","저조"
"SO_0564","국화도","2026-11-13 12:30","101","고조"
"SO_0564","국화도","2026-11-13 18:45","767","저조"
"SO_0564","국화도","2026-11-14 01:13","206","고조"
"SO_0564","국화도","2026-11-14 06:51","665","저조"
"SO_0564","국화도","2026-11-13 00:43","179","고조"
"SO_0564","국화도","2026-11-13 06:20","693","저조"
"SO_0564","국화도","2026-11-13 12:30","101","고조"
"SO_0564","국화도","2026-11-13 18:45","767","저조"
"SO_0564","국화도","2026-11-14 01:13","206","고조"
"SO_0564","국화도","2026-11-14 06:51","665","저조"
"SO_0564","국화도","2026-11-14 12:59","127","고조"
"SO_0564","국화도","2026-11-14 19:17","743","저조"
"SO_0564","국화도","2026-11-15 01:46","237","고조"
"SO_0564","국화도","2026-11-15 07:25","633","저조"
"SO_0564","국화도","2026-11-14 01:13","206","고조"
"SO_0564","국화도","2026-11-14 06:51","665","저조"
"SO_0564","국화도","2026-11-14 12:59","127","고조"
"SO_0564","국화도","2026-11-14 19:17","743","저조"
"SO_0564","국화도","2026-11-15 01:46","237","고조"
"SO_0564","국화도","2026-11-15 07:25","633","저조"
"SO_0564","국화도","2026-11-15 13:32","159","고조"
"SO_0564","국화도","2026-11-15 19:52","714","저조"
"SO_0564","국화도","2026-11-16 02:24","269","고조"
"SO_0564","국화도","2026-11-16 08:03","598","저조"
"SO_0564","국화도","2026-11-15 01:46","237","고조"
"SO_0564","국화도","2026-11-15 07:25","633","저조"
"SO_0564","국화도","2026-11-15 13:32","159","고조"
"SO_0564","국화도","2026-11-15 19:52","714","저조"
"SO_0564","국화도","2026-11-16 02:24","269","고조"
"SO_0564","국화도","2026-11-16 08:03","598","저조"
"SO_0564","국화도","2026-11-16 14:09","198","고조"
"SO_0564","국화도","2026-11-16 20:35","678","저조"
"SO_0564","국화도","2026-11-17 03:13","299","고조"
"SO_0564","국화도","2026-11-17 08:55","565","저조"
"SO_0564","국화도","2026-11-16 02:24","269","고조"
"SO_0564","국화도","2026-11-16 08:03","598","저조"
"SO_0564","국화도","2026-11-16 14:09","198","고조"
"SO_0564","국화도","2026-11-16 20:35","678","저조"
"SO_0564","국화도","2026-11-17 03:13","299","고조"
"SO_0564","국화도","2026-11-17 08:55","565","저조"
"SO_0564","국화도","2026-11-17 15:00","243","고조"
"SO_0564","국화도","2026-11-17 21:32","640","저조"
"SO_0564","국화도","2026-11-18 04:20","315","고조"
"SO_0564","국화도","2026-11-18 10:10","544","저조"
"SO_0564","국화도","2026-11-17 03:13","299","고조"
"SO_0564","국화도","2026-11-17 08:55","565","저조"
"SO_0564","국화도","2026-11-17 15:00","243","고조"
"SO_0564","국화도","2026-11-17 21:32","640","저조"
"SO_0564","국화도","2026-11-18 04:20","315","고조"
"SO_0564","국화도","2026-11-18 10:10","544","저조"
"SO_0564","국화도","2026-11-18 16:13","280","고조"
"SO_0564","국화도","2026-11-18 22:50","615","저조"
"SO_0564","국화도","2026-11-19 05:44","300","고조"
"SO_0564","국화도","2026-11-19 11:43","560","저조"
"SO_0564","국화도","2026-11-18 04:20","315","고조"
"SO_0564","국화도","2026-11-18 10:10","544","저조"
"SO_0564","국화도","2026-11-18 16:13","280","고조"
"SO_0564","국화도","2026-11-18 22:50","615","저조"
"SO_0564","국화도","2026-11-19 05:44","300","고조"
"SO_0564","국화도","2026-11-19 11:43","560","저조"
"SO_0564","국화도","2026-11-19 17:47","288","고조"
"SO_0564","국화도","2026-11-20 00:14","618","저조"
"SO_0564","국화도","2026-11-20 06:55","254","고조"
"SO_0564","국화도","2026-11-20 13:02","614","저조"
"SO_0564","국화도","2026-11-19 05:44","300","고조"
"SO_0564","국화도","2026-11-19 11:43","560","저조"
"SO_0564","국화도","2026-11-19 17:47","288","고조"
"SO_0564","국화도","2026-11-20 00:14","618","저조"
"SO_0564","국화도","2026-11-20 06:55","254","고조"
"SO_0564","국화도","2026-11-20 13:02","614","저조"
"SO_0564","국화도","2026-11-20 19:12","259","고조"
"SO_0564","국화도","2026-11-21 01:22","643","저조"
"SO_0564","국화도","2026-11-21 07:51","192","고조"
"SO_0564","국화도","2026-11-21 14:00","685","저조"
"SO_0564","국화도","2026-11-20 00:14","618","저조"
"SO_0564","국화도","2026-11-20 06:55","254","고조"
"SO_0564","국화도","2026-11-20 13:02","614","저조"
"SO_0564","국화도","2026-11-20 19:12","259","고조"
"SO_0564","국화도","2026-11-21 01:22","643","저조"
"SO_0564","국화도","2026-11-21 07:51","192","고조"
"SO_0564","국화도","2026-11-21 14:00","685","저조"
"SO_0564","국화도","2026-11-21 20:17","212","고조"
"SO_0564","국화도","2026-11-22 02:14","677","저조"
"SO_0564","국화도","2026-11-22 08:37","129","고조"
"SO_0564","국화도","2026-11-21 01:22","643","저조"
"SO_0564","국화도","2026-11-21 07:51","192","고조"
"SO_0564","국화도","2026-11-21 14:00","685","저조"
"SO_0564","국화도","2026-11-21 20:17","212","고조"
"SO_0564","국화도","2026-11-22 02:14","677","저조"
"SO_0564","국화도","2026-11-22 08:37","129","고조"
"SO_0564","국화도","2026-11-22 14:48","754","저조"
"SO_0564","국화도","2026-11-22 21:11","167","고조"
"SO_0564","국화도","2026-11-23 03:00","707","저조"
"SO_0564","국화도","2026-11-23 09:21","75","고조"
"SO_0564","국화도","2026-11-22 02:14","677","저조"
"SO_0564","국화도","2026-11-22 08:37","129","고조"
"SO_0564","국화도","2026-11-22 14:48","754","저조"
"SO_0564","국화도","2026-11-22 21:11","167","고조"
"SO_0564","국화도","2026-11-23 03:00","707","저조"
"SO_0564","국화도","2026-11-23 09:21","75","고조"
"SO_0564","국화도","2026-11-23 15:33","810","저조"
"SO_0564","국화도","2026-11-23 22:00","132","고조"
"SO_0564","국화도","2026-11-24 03:44","729","저조"
"SO_0564","국화도","2026-11-24 10:04","34","고조"
"SO_0564","국화도","2026-11-23 03:00","707","저조"
"SO_0564","국화도","2026-11-23 09:21","75","고조"
"SO_0564","국화도","2026-11-23 15:33","810","저조"
"SO_0564","국화도","2026-11-23 22:00","132","고조"
"SO_0564","국화도","2026-11-24 03:44","729","저조"
"SO_0564","국화도","2026-11-24 10:04","34","고조"
"SO_0564","국화도","2026-11-24 16:16","848","저조"
"SO_0564","국화도","2026-11-24 22:46","113","고조"
"SO_0564","국화도","2026-11-25 04:27","739","저조"
"SO_0564","국화도","2026-11-25 10:47","9","고조"
"SO_0564","국화도","2026-11-24 03:44","729","저조"
"SO_0564","국화도","2026-11-24 10:04","34","고조"
"SO_0564","국화도","2026-11-24 16:16","848","저조"
"SO_0564","국화도","2026-11-24 22:46","113","고조"
"SO_0564","국화도","2026-11-25 04:27","739","저조"
"SO_0564","국화도","2026-11-25 10:47","9","고조"
"SO_0564","국화도","2026-11-25 17:00","867","저조"
"SO_0564","국화도","2026-11-25 23:33","108","고조"
"SO_0564","국화도","2026-11-26 05:11","738","저조"
"SO_0564","국화도","2026-11-26 11:31","","고조"
"SO_0564","국화도","2026-11-25 04:27","739","저조"
"SO_0564","국화도","2026-11-25 10:47","9","고조"
"SO_0564","국화도","2026-11-25 17:00","867","저조"
"SO_0564","국화도","2026-11-25 23:33","108","고조"
"SO_0564","국화도","2026-11-26 05:11","738","저조"
"SO_0564","국화도","2026-11-26 11:31","","고조"
"SO_0564","국화도","2026-11-26 17:45","870","저조"
"SO_0564","국화도","2026-11-27 00:19","116","고조"
"SO_0564","국화도","2026-11-27 05:55","728","저조"
"SO_0564","국화도","2026-11-27 12:15","6","고조"
"SO_0564","국화도","2026-11-26 05:11","738","저조"
"SO_0564","국화도","2026-11-26 11:31","","고조"
"SO_0564","국화도","2026-11-26 17:45","870","저조"
"SO_0564","국화도","2026-11-27 00:19","116","고조"
"SO_0564","국화도","2026-11-27 05:55","728","저조"
"SO_0564","국화도","2026-11-27 12:15","6","고조"
"SO_0564","국화도","2026-11-27 18:31","857","저조"
"SO_0564","국화도","2026-11-28 01:05","135","고조"
"SO_0564","국화도","2026-11-28 06:41","711","저조"
"SO_0564","국화도","2026-11-28 13:00","27","고조"
"SO_0564","국화도","2026-11-27 00:19","116","고조"
"SO_0564","국화도","2026-11-27 05:55","728","저조"
"SO_0564","국화도","2026-11-27 12:15","6","고조"
"SO_0564","국화도","2026-11-27 18:31","857","저조"
"SO_0564","국화도","2026-11-28 01:05","135","고조"
"SO_0564","국화도","2026-11-28 06:41","711","저조"
"SO_0564","국화도","2026-11-28 13:00","27","고조"
"SO_0564","국화도","2026-11-28 19:19","831","저조"
"SO_0564","국화도","2026-11-29 01:52","161","고조"
"SO_0564","국화도","2026-11-29 07:28","686","저조"
"SO_0564","국화도","2026-11-28 01:05","135","고조"
"SO_0564","국화도","2026-11-28 06:41","711","저조"
"SO_0564","국화도","2026-11-28 13:00","27","고조"
"SO_0564","국화도","2026-11-28 19:19","831","저조"
"SO_0564","국화도","2026-11-29 01:52","161","고조"
"SO_0564","국화도","2026-11-29 07:28","686","저조"
"SO_0564","국화도","2026-11-29 13:47","62","고조"
"SO_0564","국화도","2026-11-29 20:08","793","저조"
"SO_0564","국화도","2026-11-30 02:41","190","고조"
"SO_0564","국화도","2026-11-30 08:20","659","저조"
"SO_0564","국화도","2026-11-29 01:52","161","고조"
"SO_0564","국화도","2026-11-29 07:28","686","저조"
"SO_0564","국화도","2026-11-29 13:47","62","고조"
"SO_0564","국화도","2026-11-29 20:08","793","저조"
"SO_0564","국화도","2026-11-30 02:41","190","고조"
"SO_0564","국화도","2026-11-30 08:20","659","저조"
"SO_0564","국화도","2026-11-30 14:39","110","고조"
"SO_0564","국화도","2026-11-30 21:01","747","저조"
"SO_0564","국화도","2026-12-01 03:36","215","고조"
"SO_0564","국화도","2026-12-01 09:20","632","저조"
"SO_0564","국화도","2026-11-30 02:41","190","고조"
"SO_0564","국화도","2026-11-30 08:20","659","저조"
"SO_0564","국화도","2026-11-30 14:39","110","고조"
"SO_0564","국화도","2026-11-30 21:01","747","저조"
"SO_0564","국화도","2026-12-01 03:36","215","고조"
"SO_0564","국화도","2026-12-01 09:20","632","저조"
"SO_0564","국화도","2026-12-01 15:37","163","고조"
"SO_0564","국화도","2026-12-01 22:01","699","저조"
"SO_0564","국화도","2026-12-02 04:37","230","고조"
"SO_0564","국화도","2026-12-02 10:32","616","저조"
"SO_0564","국화도","2026-12-01 03:36","215","고조"
"SO_0564","국화도","2026-12-01 09:20","632","저조"
"SO_0564","국화도","2026-12-01 15:37","163","고조"
"SO_0564","국화도","2026-12-01 22:01","699","저조"
"SO_0564","국화도","2026-12-02 04:37","230","고조"
"SO_0564","국화도","2026-12-02 10:32","616","저조"
"SO_0564","국화도","2026-12-02 16:47","209","고조"
"SO_0564","국화도","2026-12-02 23:09","660","저조"
"SO_0564","국화도","2026-12-03 05:45","226","고조"
"SO_0564","국화도","2026-12-03 11:54","624","저조"
"SO_0564","국화도","2026-12-02 04:37","230","고조"
"SO_0564","국화도","2026-12-02 10:32","616","저조"
"SO_0564","국화도","2026-12-02 16:47","209","고조"
"SO_0564","국화도","2026-12-02 23:09","660","저조"
"SO_0564","국화도","2026-12-03 05:45","226","고조"
"SO_0564","국화도","2026-12-03 11:54","624","저조"
"SO_0564","국화도","2026-12-03 18:07","235","고조"
"SO_0564","국화도","2026-12-04 00:21","640","저조"
"SO_0564","국화도","2026-12-04 06:51","201","고조"
"SO_0564","국화도","2026-12-04 13:10","657","저조"
"SO_0564","국화도","2026-12-03 05:45","226","고조"
"SO_0564","국화도","2026-12-03 11:54","624","저조"
"SO_0564","국화도","2026-12-03 18:07","235","고조"
"SO_0564","국화도","2026-12-04 00:21","640","저조"
"SO_0564","국화도","2026-12-04 06:51","201","고조"
"SO_0564","국화도","2026-12-04 13:10","657","저조"
"SO_0564","국화도","2026-12-04 19:24","232","고조"
"SO_0564","국화도","2026-12-05 01:26","639","저조"
"SO_0564","국화도","2026-12-05 07:50","165","고조"
"SO_0564","국화도","2026-12-05 14:12","699","저조"
"SO_0564","국화도","2026-12-04 00:21","640","저조"
"SO_0564","국화도","2026-12-04 06:51","201","고조"
"SO_0564","국화도","2026-12-04 13:10","657","저조"
"SO_0564","국화도","2026-12-04 19:24","232","고조"
"SO_0564","국화도","2026-12-05 01:26","639","저조"
"SO_0564","국화도","2026-12-05 07:50","165","고조"
"SO_0564","국화도","2026-12-05 14:12","699","저조"
"SO_0564","국화도","2026-12-05 20:29","215","고조"
"SO_0564","국화도","2026-12-06 02:21","649","저조"
"SO_0564","국화도","2026-12-06 08:40","130","고조"
"SO_0564","국화도","2026-12-05 01:26","639","저조"
"SO_0564","국화도","2026-12-05 07:50","165","고조"
"SO_0564","국화도","2026-12-05 14:12","699","저조"
"SO_0564","국화도","2026-12-05 20:29","215","고조"
"SO_0564","국화도","2026-12-06 02:21","649","저조"
"SO_0564","국화도","2026-12-06 08:40","130","고조"
"SO_0564","국화도","2026-12-06 15:03","734","저조"
"SO_0564","국화도","2026-12-06 21:21","196","고조"
"SO_0564","국화도","2026-12-07 03:06","662","저조"
"SO_0564","국화도","2026-12-07 09:24","102","고조"
"SO_0564","국화도","2026-12-06 02:21","649","저조"
"SO_0564","국화도","2026-12-06 08:40","130","고조"
"SO_0564","국화도","2026-12-06 15:03","734","저조"
"SO_0564","국화도","2026-12-06 21:21","196","고조"
"SO_0564","국화도","2026-12-07 03:06","662","저조"
"SO_0564","국화도","2026-12-07 09:24","102","고조"
"SO_0564","국화도","2026-12-07 15:45","757","저조"
"SO_0564","국화도","2026-12-07 22:06","182","고조"
"SO_0564","국화도","2026-12-08 03:47","673","저조"
"SO_0564","국화도","2026-12-08 10:03","86","고조"
"SO_0564","국화도","2026-12-07 03:06","662","저조"
"SO_0564","국화도","2026-12-07 09:24","102","고조"
"SO_0564","국화도","2026-12-07 15:45","757","저조"
"SO_0564","국화도","2026-12-07 22:06","182","고조"
"SO_0564","국화도","2026-12-08 03:47","673","저조"
"SO_0564","국화도","2026-12-08 10:03","86","고조"
"SO_0564","국화도","2026-12-08 16:24","766","저조"
"SO_0564","국화도","2026-12-08 22:46","174","고조"
"SO_0564","국화도","2026-12-09 04:25","681","저조"
"SO_0564","국화도","2026-12-09 10:39","79","고조"
"SO_0564","국화도","2026-12-08 03:47","673","저조"
"SO_0564","국화도","2026-12-08 10:03","86","고조"
"SO_0564","국화도","2026-12-08 16:24","766","저조"
"SO_0564","국화도","2026-12-08 22:46","174","고조"
"SO_0564","국화도","2026-12-09 04:25","681","저조"
"SO_0564","국화도","2026-12-09 10:39","79","고조"
"SO_0564","국화도","2026-12-09 16:58","769","저조"
"SO_0564","국화도","2026-12-09 23:23","171","고조"
"SO_0564","국화도","2026-12-10 05:00","684","저조"
"SO_0564","국화도","2026-12-10 11:13","78","고조"
"SO_0564","국화도","2026-12-09 04:25","681","저조"
"SO_0564","국화도","2026-12-09 10:39","79","고조"
"SO_0564","국화도","2026-12-09 16:58","769","저조"
"SO_0564","국화도","2026-12-09 23:23","171","고조"
"SO_0564","국화도","2026-12-10 05:00","684","저조"
"SO_0564","국화도","2026-12-10 11:13","78","고조"
"SO_0564","국화도","2026-12-10 17:31","767","저조"
"SO_0564","국화도","2026-12-10 23:57","172","고조"
"SO_0564","국화도","2026-12-11 05:35","683","저조"
"SO_0564","국화도","2026-12-11 11:45","81","고조"
"SO_0564","국화도","2026-12-10 05:00","684","저조"
"SO_0564","국화도","2026-12-10 11:13","78","고조"
"SO_0564","국화도","2026-12-10 17:31","767","저조"
"SO_0564","국화도","2026-12-10 23:57","172","고조"
"SO_0564","국화도","2026-12-11 05:35","683","저조"
"SO_0564","국화도","2026-12-11 11:45","81","고조"
"SO_0564","국화도","2026-12-11 18:02","766","저조"
"SO_0564","국화도","2026-12-12 00:30","175","고조"
"SO_0564","국화도","2026-12-12 06:08","677","저조"
"SO_0564","국화도","2026-12-12 12:17","87","고조"
"SO_0564","국화도","2026-12-11 05:35","683","저조"
"SO_0564","국화도","2026-12-11 11:45","81","고조"
"SO_0564","국화도","2026-12-11 18:02","766","저조"
"SO_0564","국화도","2026-12-12 00:30","175","고조"
"SO_0564","국화도","2026-12-12 06:08","677","저조"
"SO_0564","국화도","2026-12-12 12:17","87","고조"
"SO_0564","국화도","2026-12-12 18:33","763","저조"
"SO_0564","국화도","2026-12-13 01:02","181","고조"
"SO_0564","국화도","2026-12-13 06:41","667","저조"
"SO_0564","국화도","2026-12-13 12:49","98","고조"
"SO_0564","국화도","2026-12-12 00:30","175","고조"
"SO_0564","국화도","2026-12-12 06:08","677","저조"
"SO_0564","국화도","2026-12-12 12:17","87","고조"
"SO_0564","국화도","2026-12-12 18:33","763","저조"
"SO_0564","국화도","2026-12-13 01:02","181","고조"
"SO_0564","국화도","2026-12-13 06:41","667","저조"
"SO_0564","국화도","2026-12-13 12:49","98","고조"
"SO_0564","국화도","2026-12-13 19:04","756","저조"
"SO_0564","국화도","2026-12-14 01:35","191","고조"
"SO_0564","국화도","2026-12-14 07:15","653","저조"
"SO_0564","국화도","2026-12-13 01:02","181","고조"
"SO_0564","국화도","2026-12-13 06:41","667","저조"
"SO_0564","국화도","2026-12-13 12:49","98","고조"
"SO_0564","국화도","2026-12-13 19:04","756","저조"
"SO_0564","국화도","2026-12-14 01:35","191","고조"
"SO_0564","국화도","2026-12-14 07:15","653","저조"
"SO_0564","국화도","2026-12-14 13:23","115","고조"
"SO_0564","국화도","2026-12-14 19:37","742","저조"
"SO_0564","국화도","2026-12-15 02:09","204","고조"
"SO_0564","국화도","2026-12-15 07:51","636","저조"
"SO_0564","국화도","2026-12-14 01:35","191","고조"
"SO_0564","국화도","2026-12-14 07:15","653","저조"
"SO_0564","국화도","2026-12-14 13:23","115","고조"
"SO_0564","국화도","2026-12-14 19:37","742","저조"
"SO_0564","국화도","2026-12-15 02:09","204","고조"
"SO_0564","국화도","2026-12-15 07:51","636","저조"
"SO_0564","국화도","2026-12-15 14:00","142","고조"
"SO_0564","국화도","2026-12-15 20:13","718","저조"
"SO_0564","국화도","2026-12-16 02:47","217","고조"
"SO_0564","국화도","2026-12-16 08:34","617","저조"
"SO_0564","국화도","2026-12-15 02:09","204","고조"
"SO_0564","국화도","2026-12-15 07:51","636","저조"
"SO_0564","국화도","2026-12-15 14:00","142","고조"
"SO_0564","국화도","2026-12-15 20:13","718","저조"
"SO_0564","국화도","2026-12-16 02:47","217","고조"
"SO_0564","국화도","2026-12-16 08:34","617","저조"
"SO_0564","국화도","2026-12-16 14:42","177","고조"
"SO_0564","국화도","2026-12-16 20:54","686","저조"
"SO_0564","국화도","2026-12-17 03:31","228","고조"
"SO_0564","국화도","2026-12-17 09:27","602","저조"
"SO_0564","국화도","2026-12-16 02:47","217","고조"
"SO_0564","국화도","2026-12-16 08:34","617","저조"
"SO_0564","국화도","2026-12-16 14:42","177","고조"
"SO_0564","국화도","2026-12-16 20:54","686","저조"
"SO_0564","국화도","2026-12-17 03:31","228","고조"
"SO_0564","국화도","2026-12-17 09:27","602","저조"
"SO_0564","국화도","2026-12-17 15:35","218","고조"
"SO_0564","국화도","2026-12-17 21:46","650","저조"
"SO_0564","국화도","2026-12-18 04:27","231","고조"
"SO_0564","국화도","2026-12-18 10:35","598","저조"
"SO_0564","국화도","2026-12-17 03:31","228","고조"
"SO_0564","국화도","2026-12-17 09:27","602","저조"
"SO_0564","국화도","2026-12-17 15:35","218","고조"
"SO_0564","국화도","2026-12-17 21:46","650","저조"
"SO_0564","국화도","2026-12-18 04:27","231","고조"
"SO_0564","국화도","2026-12-18 10:35","598","저조"
"SO_0564","국화도","2026-12-18 16:42","253","고조"
"SO_0564","국화도","2026-12-18 22:52","620","저조"
"SO_0564","국화도","2026-12-19 05:33","219","고조"
"SO_0564","국화도","2026-12-19 11:54","618","저조"
"SO_0564","국화도","2026-12-18 04:27","231","고조"
"SO_0564","국화도","2026-12-18 10:35","598","저조"
"SO_0564","국화도","2026-12-18 16:42","253","고조"
"SO_0564","국화도","2026-12-18 22:52","620","저조"
"SO_0564","국화도","2026-12-19 05:33","219","고조"
"SO_0564","국화도","2026-12-19 11:54","618","저조"
"SO_0564","국화도","2026-12-19 18:04","266","고조"
"SO_0564","국화도","2026-12-20 00:07","607","저조"
"SO_0564","국화도","2026-12-20 06:43","188","고조"
"SO_0564","국화도","2026-12-20 13:08","662","저조"
"SO_0564","국화도","2026-12-19 05:33","219","고조"
"SO_0564","국화도","2026-12-19 11:54","618","저조"
"SO_0564","국화도","2026-12-19 18:04","266","고조"
"SO_0564","국화도","2026-12-20 00:07","607","저조"
"SO_0564","국화도","2026-12-20 06:43","188","고조"
"SO_0564","국화도","2026-12-20 13:08","662","저조"
"SO_0564","국화도","2026-12-20 19:27","249","고조"
"SO_0564","국화도","2026-12-21 01:20","617","저조"
"SO_0564","국화도","2026-12-21 07:48","143","고조"
"SO_0564","국화도","2026-12-21 14:12","718","저조"
"SO_0564","국화도","2026-12-20 00:07","607","저조"
"SO_0564","국화도","2026-12-20 06:43","188","고조"
"SO_0564","국화도","2026-12-20 13:08","662","저조"
"SO_0564","국화도","2026-12-20 19:27","249","고조"
"SO_0564","국화도","2026-12-21 01:20","617","저조"
"SO_0564","국화도","2026-12-21 07:48","143","고조"
"SO_0564","국화도","2026-12-21 14:12","718","저조"
"SO_0564","국화도","2026-12-21 20:38","215","고조"
"SO_0564","국화도","2026-12-22 02:24","641","저조"
"SO_0564","국화도","2026-12-22 08:46","94","고조"
"SO_0564","국화도","2026-12-21 01:20","617","저조"
"SO_0564","국화도","2026-12-21 07:48","143","고조"
"SO_0564","국화도","2026-12-21 14:12","718","저조"
"SO_0564","국화도","2026-12-21 20:38","215","고조"
"SO_0564","국화도","2026-12-22 02:24","641","저조"
"SO_0564","국화도","2026-12-22 08:46","94","고조"
"SO_0564","국화도","2026-12-22 15:08","770","저조"
"SO_0564","국화도","2026-12-22 21:39","177","고조"
"SO_0564","국화도","2026-12-23 03:20","668","저조"
"SO_0564","국화도","2026-12-23 09:40","50","고조"
"SO_0564","국화도","2026-12-22 02:24","641","저조"
"SO_0564","국화도","2026-12-22 08:46","94","고조"
"SO_0564","국화도","2026-12-22 15:08","770","저조"
"SO_0564","국화도","2026-12-22 21:39","177","고조"
"SO_0564","국화도","2026-12-23 03:20","668","저조"
"SO_0564","국화도","2026-12-23 09:40","50","고조"
"SO_0564","국화도","2026-12-23 16:01","813","저조"
"SO_0564","국화도","2026-12-23 22:34","145","고조"
"SO_0564","국화도","2026-12-24 04:13","692","저조"
"SO_0564","국화도","2026-12-24 10:32","16","고조"
"SO_0564","국화도","2026-12-23 03:20","668","저조"
"SO_0564","국화도","2026-12-23 09:40","50","고조"
"SO_0564","국화도","2026-12-23 16:01","813","저조"
"SO_0564","국화도","2026-12-23 22:34","145","고조"
"SO_0564","국화도","2026-12-24 04:13","692","저조"
"SO_0564","국화도","2026-12-24 10:32","16","고조"
"SO_0564","국화도","2026-12-24 16:51","842","저조"
"SO_0564","국화도","2026-12-24 23:25","121","고조"
"SO_0564","국화도","2026-12-25 05:03","711","저조"
"SO_0564","국화도","2026-12-25 11:22","-7","고조"
"SO_0564","국화도","2026-12-24 04:13","692","저조"
"SO_0564","국화도","2026-12-24 10:32","16","고조"
"SO_0564","국화도","2026-12-24 16:51","842","저조"
"SO_0564","국화도","2026-12-24 23:25","121","고조"
"SO_0564","국화도","2026-12-25 05:03","711","저조"
"SO_0564","국화도","2026-12-25 11:22","-7","고조"
"SO_0564","국화도","2026-12-25 17:40","857","저조"
"SO_0564","국화도","2026-12-26 00:14","106","고조"
"SO_0564","국화도","2026-12-26 05:51","723","저조"
"SO_0564","국화도","2026-12-26 12:11","-17","고조"
"SO_0564","국화도","2026-12-25 05:03","711","저조"
"SO_0564","국화도","2026-12-25 11:22","-7","고조"
"SO_0564","국화도","2026-12-25 17:40","857","저조"
"SO_0564","국화도","2026-12-26 00:14","106","고조"
"SO_0564","국화도","2026-12-26 05:51","723","저조"
"SO_0564","국화도","2026-12-26 12:11","-17","고조"
"SO_0564","국화도","2026-12-26 18:27","859","저조"
"SO_0564","국화도","2026-12-27 01:00","100","고조"
"SO_0564","국화도","2026-12-27 06:38","728","저조"
"SO_0564","국화도","2026-12-27 12:57","-11","고조"
"SO_0564","국화도","2026-12-26 00:14","106","고조"
"SO_0564","국화도","2026-12-26 05:51","723","저조"
"SO_0564","국화도","2026-12-26 12:11","-17","고조"
"SO_0564","국화도","2026-12-26 18:27","859","저조"
"SO_0564","국화도","2026-12-27 01:00","100","고조"
"SO_0564","국화도","2026-12-27 06:38","728","저조"
"SO_0564","국화도","2026-12-27 12:57","-11","고조"
"SO_0564","국화도","2026-12-27 19:12","846","저조"
"SO_0564","국화도","2026-12-28 01:43","102","고조"
"SO_0564","국화도","2026-12-28 07:24","725","저조"
"SO_0564","국화도","2026-12-27 01:00","100","고조"
"SO_0564","국화도","2026-12-27 06:38","728","저조"
"SO_0564","국화도","2026-12-27 12:57","-11","고조"
"SO_0564","국화도","2026-12-27 19:12","846","저조"
"SO_0564","국화도","2026-12-28 01:43","102","고조"
"SO_0564","국화도","2026-12-28 07:24","725","저조"
"SO_0564","국화도","2026-12-28 13:42","12","고조"
"SO_0564","국화도","2026-12-28 19:54","817","저조"
"SO_0564","국화도","2026-12-29 02:25","115","고조"
"SO_0564","국화도","2026-12-29 08:09","712","저조"
"SO_0564","국화도","2026-12-28 01:43","102","고조"
"SO_0564","국화도","2026-12-28 07:24","725","저조"
"SO_0564","국화도","2026-12-28 13:42","12","고조"
"SO_0564","국화도","2026-12-28 19:54","817","저조"
"SO_0564","국화도","2026-12-29 02:25","115","고조"
"SO_0564","국화도","2026-12-29 08:09","712","저조"
"SO_0564","국화도","2026-12-29 14:27","55","고조"
"SO_0564","국화도","2026-12-29 20:36","773","저조"
"SO_0564","국화도","2026-12-30 03:06","134","고조"
"SO_0564","국화도","2026-12-30 08:58","688","저조"
"SO_0564","국화도","2026-12-29 02:25","115","고조"
"SO_0564","국화도","2026-12-29 08:09","712","저조"
"SO_0564","국화도","2026-12-29 14:27","55","고조"
"SO_0564","국화도","2026-12-29 20:36","773","저조"
"SO_0564","국화도","2026-12-30 03:06","134","고조"
"SO_0564","국화도","2026-12-30 08:58","688","저조"
"SO_0564","국화도","2026-12-30 15:14","114","고조"
"SO_0564","국화도","2026-12-30 21:20","718","저조"
"SO_0564","국화도","2026-12-31 03:51","159","고조"
"SO_0564","국화도","2026-12-31 09:53","659","저조"
"SO_0564","국화도","2026-12-30 03:06","134","고조"
"SO_0564","국화도","2026-12-30 08:58","688","저조"
"SO_0564","국화도","2026-12-30 15:14","114","고조"
"SO_0564","국화도","2026-12-30 21:20","718","저조"
"SO_0564","국화도","2026-12-31 03:51","159","고조"
"SO_0564","국화도","2026-12-31 09:53","659","저조"
"SO_0564","국화도","2026-12-31 16:06","181","고조"
"SO_0564","국화도","2026-12-31 22:10","659","저조"
"SO_0564","국화도","2027-01-01 04:42","184","고조"
"SO_0564","국화도","2027-01-01 10:59","634","저조"
"SO_1282","선재도","2025-12-31 00:47","622","저조"
"SO_1282","선재도","2025-12-31 07:18","149","고조"
"SO_1282","선재도","2025-12-31 13:47","716","저조"
"SO_1282","선재도","2025-12-31 20:14","231","고조"
"SO_1282","선재도","2026-01-09 00:00","835","저조"
"SO_1282","선재도","2026-01-09 00:00","825","저조"
"SO_1282","선재도","2026-01-09 00:00","63","고조"
"SO_1282","선재도","2026-01-10 00:00","758","저조"
"SO_1282","선재도","2026-01-10 00:00","55","고조"
"SO_1282","선재도","2026-01-10 00:00","817","저조"
"SO_1282","선재도","2026-01-09 00:00","825","저조"
"SO_1282","선재도","2026-01-09 00:00","835","저조"
"SO_1282","선재도","2026-01-09 00:00","63","고조"
"SO_1282","선재도","2026-01-10 00:00","758","저조"
"SO_1282","선재도","2026-01-10 00:00","55","고조"
"SO_1282","선재도","2026-01-10 00:00","110","고조"
"SO_1282","선재도","2026-01-10 00:00","817","저조"
"SO_1282","선재도","2026-01-09 00:00","825","저조"
"SO_1282","선재도","2026-01-09 00:00","63","고조"
"SO_1282","선재도","2026-01-09 00:00","835","저조"
"SO_1282","선재도","2026-01-10 00:00","110","고조"
"SO_1282","선재도","2026-01-10 00:00","758","저조"
"SO_1282","선재도","2026-01-10 00:00","817","저조"
"SO_1282","선재도","2026-01-10 00:00","55","고조"
"SO_1282","선재도","2027-01-01 04:40","197","고조"
"SO_1282","선재도","2027-01-01 10:59","625","저조"
"SO_1282","선재도","2027-01-01 17:10","271","고조"
"SO_1282","선재도","2026-01-09 00:00","825","저조"
"SO_1282","선재도","2026-01-09 00:00","63","고조"
"SO_1282","선재도","2026-01-09 00:00","835","저조"
"SO_1282","선재도","2026-01-10 00:00","758","저조"
"SO_1282","선재도","2026-01-10 00:00","110","고조"
"SO_1282","선재도","2026-01-10 00:00","817","저조"
"SO_1282","선재도","2026-01-10 00:00","55","고조"
"SO_1282","선재도","2027-01-01 04:40","197","고조"
"SO_1282","선재도","2027-01-01 10:59","625","저조"
"SO_1282","선재도","2027-01-01 17:10","271","고조"
"SO_1282","선재도","2026-01-09 00:00","63","고조"
"SO_1282","선재도","2026-01-09 00:00","835","저조"
"SO_1282","선재도","2026-01-09 00:00","825","저조"
"SO_1282","선재도","2026-01-10 00:00","110","고조"
"SO_1282","선재도","2026-01-10 00:00","758","저조"
"SO_1282","선재도","2026-01-10 00:00","55","고조"
"SO_1282","선재도","2026-01-10 00:00","817","저조"
"SO_1282","선재도","2027-01-01 04:40","197","고조"
"SO_1282","선재도","2027-01-01 10:59","625","저조"
"SO_1282","선재도","2027-01-01 17:10","271","고조"
"SO_1282","선재도","2026-01-09 00:00","825","저조"
"SO_1282","선재도","2026-01-09 00:00","835","저조"
"SO_1282","선재도","2026-01-09 00:00","63","고조"
"SO_1282","선재도","2026-01-10 00:00","758","저조"
"SO_1282","선재도","2026-01-10 00:00","817","저조"
"SO_1282","선재도","2026-01-10 00:00","55","고조"
"SO_1282","선재도","2026-01-10 00:00","110","고조"
"SO_1282","선재도","2027-01-01 04:40","197","고조"
"SO_1282","선재도","2027-01-01 10:59","625","저조"
"SO_1282","선재도","2027-01-01 17:10","271","고조"
"SO_1282","선재도","2026-01-09 00:00","825","저조"
"SO_1282","선재도","2026-01-09 00:00","835","저조"
"SO_1282","선재도","2026-01-09 00:00","63","고조"
"SO_1282","선재도","2026-01-10 00:00","110","고조"
"SO_1282","선재도","2026-01-10 00:00","758","저조"
"SO_1282","선재도","2026-01-10 00:00","817","저조"
"SO_1282","선재도","2026-01-10 00:00","55","고조"
"SO_1282","선재도","2027-01-01 04:40","197","고조"
"SO_1282","선재도","2027-01-01 10:59","625","저조"
"SO_1282","선재도","2027-01-01 17:10","271","고조"
"SO_1282","선재도","2026-01-09 00:00","63","고조"
"SO_1282","선재도","2026-01-09 00:00","825","저조"
"SO_1282","선재도","2026-01-09 00:00","835","저조"
"SO_1282","선재도","2026-01-10 00:00","758","저조"
"SO_1282","선재도","2026-01-10 00:00","817","저조"
"SO_1282","선재도","2026-01-10 00:00","110","고조"
"SO_1282","선재도","2026-01-10 00:00","55","고조"
"SO_1282","선재도","2027-01-01 04:40","197","고조"
"SO_1282","선재도","2027-01-01 10:59","625","저조"
"SO_1282","선재도","2027-01-01 17:10","271","고조"
"SO_1282","선재도","2026-01-09 00:00","63","고조"
"SO_1282","선재도","2026-01-09 00:00","835","저조"
"SO_1282","선재도","2026-01-09 00:00","825","저조"
"SO_1282","선재도","2026-01-10 00:00","817","저조"
"SO_1282","선재도","2026-01-10 00:00","758","저조"
"SO_1282","선재도","2026-01-10 00:00","55","고조"
"SO_1282","선재도","2026-01-10 00:00","110","고조"
"SO_1282","선재도","2027-01-01 04:40","197","고조"
"SO_1282","선재도","2027-01-01 10:59","625","저조"
"SO_1282","선재도","2027-01-01 17:10","271","고조"
"SO_1282","선재도","2026-01-09 00:00","825","저조"
"SO_1282","선재도","2026-01-09 00:00","835","저조"
"SO_1282","선재도","2026-01-09 00:00","63","고조"
"SO_1282","선재도","2026-01-10 00:00","817","저조"
"SO_1282","선재도","2026-01-10 00:00","758","저조"
"SO_1282","선재도","2026-01-10 00:00","110","고조"
"SO_1282","선재도","2026-01-10 00:00","55","고조"
"SO_1282","선재도","2027-01-01 04:40","197","고조"
"SO_1282","선재도","2027-01-01 10:59","625","저조"
"SO_1282","선재도","2027-01-01 17:10","271","고조"
"SO_1282","선재도","2026-01-10 00:00","55","고조"
"SO_1282","선재도","2026-01-10 00:00","110","고조"
"SO_1282","선재도","2026-01-10 00:00","817","저조"
"SO_1282","선재도","2026-01-10 00:00","758","저조"
"SO_1282","선재도","2027-01-01 04:40","197","고조"
"SO_1282","선재도","2027-01-01 10:59","625","저조"
"SO_1282","선재도","2027-01-01 17:10","271","고조"
"SO_1282","선재도","2027-01-01 23:05","604","저조"
"SO_1282","선재도","2027-01-02 05:43","219","고조"
"SO_1282","선재도","2027-01-02 12:18","618","저조"
"SO_1282","선재도","2027-01-01 04:40","197","고조"
"SO_1282","선재도","2027-01-01 10:59","625","저조"
"SO_1282","선재도","2027-01-01 17:10","271","고조"
"SO_1282","선재도","2027-01-01 23:05","604","저조"
"SO_1282","선재도","2027-01-02 05:43","219","고조"
"SO_1282","선재도","2027-01-02 12:18","618","저조"
"SO_1282","선재도","2027-01-02 18:35","306","고조"
"SO_1282","선재도","2027-01-03 00:22","571","저조"
"SO_1282","선재도","2027-01-03 06:57","220","고조"
"SO_1282","선재도","2027-01-03 13:39","638","저조"
"SO_1282","선재도","2027-01-01 04:40","197","고조"
"SO_1282","선재도","2027-01-01 10:59","625","저조"
"SO_1282","선재도","2027-01-01 17:10","271","고조"
"SO_1282","선재도","2027-01-01 23:05","604","저조"
"SO_1282","선재도","2027-01-02 05:43","219","고조"
"SO_1282","선재도","2027-01-02 12:18","618","저조"
"SO_1282","선재도","2027-01-02 18:35","306","고조"
"SO_1282","선재도","2027-01-03 00:22","571","저조"
"SO_1282","선재도","2027-01-03 06:57","220","고조"
"SO_1282","선재도","2027-01-03 13:39","638","저조"
"SO_1282","선재도","2027-01-01 04:40","197","고조"
"SO_1282","선재도","2027-01-01 10:59","625","저조"
"SO_1282","선재도","2027-01-01 17:10","271","고조"
"SO_1282","선재도","2027-01-01 23:05","604","저조"
"SO_1282","선재도","2027-01-02 05:43","219","고조"
"SO_1282","선재도","2027-01-02 12:18","618","저조"
"SO_1282","선재도","2027-01-02 18:35","306","고조"
"SO_1282","선재도","2027-01-03 00:22","571","저조"
"SO_1282","선재도","2027-01-03 06:57","220","고조"
"SO_1282","선재도","2027-01-03 13:39","638","저조"
"SO_1282","선재도","2027-01-01 04:40","197","고조"
"SO_1282","선재도","2027-01-01 10:59","625","저조"
"SO_1282","선재도","2027-01-01 17:10","271","고조"
"SO_1282","선재도","2027-01-01 23:05","604","저조"
"SO_1282","선재도","2027-01-02 05:43","219","고조"
"SO_1282","선재도","2027-01-02 12:18","618","저조"
"SO_1282","선재도","2027-01-02 18:35","306","고조"
"SO_1282","선재도","2027-01-03 00:22","571","저조"
"SO_1282","선재도","2027-01-03 06:57","220","고조"
"SO_1282","선재도","2027-01-03 13:39","638","저조"
"SO_1282","선재도","2027-01-01 04:40","197","고조"
"SO_1282","선재도","2027-01-01 10:59","625","저조"
"SO_1282","선재도","2027-01-01 17:10","271","고조"
"SO_1282","선재도","2027-01-01 23:05","604","저조"
"SO_1282","선재도","2027-01-02 05:43","219","고조"
"SO_1282","선재도","2027-01-02 12:18","618","저조"
"SO_1282","선재도","2027-01-02 18:35","306","고조"
"SO_1282","선재도","2027-01-03 00:22","571","저조"
"SO_1282","선재도","2027-01-03 06:57","220","고조"
"SO_1282","선재도","2027-01-03 13:39","638","저조"
"SO_1282","선재도","2027-01-01 04:40","197","고조"
"SO_1282","선재도","2027-01-01 10:59","625","저조"
"SO_1282","선재도","2027-01-01 17:10","271","고조"
"SO_1282","선재도","2027-01-01 23:05","604","저조"
"SO_1282","선재도","2027-01-02 05:43","219","고조"
"SO_1282","선재도","2027-01-02 12:18","618","저조"
"SO_1282","선재도","2027-01-02 18:35","306","고조"
"SO_1282","선재도","2027-01-03 00:22","571","저조"
"SO_1282","선재도","2027-01-03 06:57","220","고조"
"SO_1282","선재도","2027-01-03 13:39","638","저조"
"SO_1282","선재도","2027-01-01 04:40","197","고조"
"SO_1282","선재도","2027-01-01 10:59","625","저조"
"SO_1282","선재도","2027-01-01 17:10","271","고조"
"SO_1282","선재도","2027-01-01 23:05","604","저조"
"SO_1282","선재도","2027-01-02 05:43","219","고조"
"SO_1282","선재도","2027-01-02 12:18","618","저조"
"SO_1282","선재도","2027-01-02 18:35","306","고조"
"SO_1282","선재도","2027-01-03 00:22","571","저조"
"SO_1282","선재도","2027-01-03 06:57","220","고조"
"SO_1282","선재도","2027-01-03 13:39","638","저조"
"SO_1282","선재도","2027-01-01 04:40","197","고조"
"SO_1282","선재도","2027-01-01 10:59","625","저조"
"SO_1282","선재도","2027-01-01 17:10","271","고조"
"SO_1282","선재도","2027-01-01 23:05","604","저조"
"SO_1282","선재도","2027-01-02 05:43","219","고조"
"SO_1282","선재도","2027-01-02 12:18","618","저조"
"SO_1282","선재도","2027-01-02 18:35","306","고조"
"SO_1282","선재도","2027-01-03 00:22","571","저조"
"SO_1282","선재도","2027-01-03 06:57","220","고조"
"SO_1282","선재도","2027-01-03 13:39","638","저조"
"SO_1282","선재도","2027-01-01 04:40","197","고조"
"SO_1282","선재도","2027-01-01 10:59","625","저조"
"SO_1282","선재도","2027-01-01 17:10","271","고조"
"SO_1282","선재도","2027-01-01 23:05","604","저조"
"SO_1282","선재도","2027-01-02 05:43","219","고조"
"SO_1282","선재도","2027-01-02 12:18","618","저조"
"SO_1282","선재도","2027-01-02 18:35","306","고조"
"SO_1282","선재도","2027-01-03 00:22","571","저조"
"SO_1282","선재도","2027-01-03 06:57","220","고조"
"SO_1282","선재도","2027-01-03 13:39","638","저조"
"SO_1282","선재도","2027-01-01 04:40","197","고조"
"SO_1282","선재도","2027-01-01 10:59","625","저조"
"SO_1282","선재도","2027-01-01 17:10","271","고조"
"SO_1282","선재도","2027-01-01 23:05","604","저조"
"SO_1282","선재도","2027-01-02 05:43","219","고조"
"SO_1282","선재도","2027-01-02 12:18","618","저조"
"SO_1282","선재도","2027-01-02 18:35","306","고조"
"SO_1282","선재도","2027-01-03 00:22","571","저조"
"SO_1282","선재도","2027-01-03 06:57","220","고조"
"SO_1282","선재도","2027-01-03 13:39","638","저조"
"SO_1282","선재도","2027-01-01 04:40","197","고조"
"SO_1282","선재도","2027-01-01 10:59","625","저조"
"SO_1282","선재도","2027-01-01 17:10","271","고조"
"SO_1282","선재도","2027-01-01 23:05","604","저조"
"SO_1282","선재도","2027-01-02 05:43","219","고조"
"SO_1282","선재도","2027-01-02 12:18","618","저조"
"SO_1282","선재도","2027-01-02 18:35","306","고조"
"SO_1282","선재도","2027-01-03 00:22","571","저조"
"SO_1282","선재도","2027-01-03 06:57","220","고조"
"SO_1282","선재도","2027-01-03 13:39","638","저조"
"SO_1282","선재도","2027-01-01 04:40","197","고조"
"SO_1282","선재도","2027-01-01 10:59","625","저조"
"SO_1282","선재도","2027-01-01 17:10","271","고조"
"SO_1282","선재도","2027-01-01 23:05","604","저조"
"SO_1282","선재도","2027-01-02 05:43","219","고조"
"SO_1282","선재도","2027-01-02 12:18","618","저조"
"SO_1282","선재도","2027-01-02 18:35","306","고조"
"SO_1282","선재도","2027-01-03 00:22","571","저조"
"SO_1282","선재도","2027-01-03 06:57","220","고조"
"SO_1282","선재도","2027-01-03 13:39","638","저조"
"SO_1282","선재도","2027-01-01 04:40","197","고조"
"SO_1282","선재도","2027-01-01 10:59","625","저조"
"SO_1282","선재도","2027-01-01 17:10","271","고조"
"SO_1282","선재도","2027-01-01 23:05","604","저조"
"SO_1282","선재도","2027-01-02 05:43","219","고조"
"SO_1282","선재도","2027-01-02 12:18","618","저조"
"SO_1282","선재도","2027-01-02 18:35","306","고조"
"SO_1282","선재도","2027-01-03 00:22","571","저조"
"SO_1282","선재도","2027-01-03 06:57","220","고조"
"SO_1282","선재도","2027-01-03 13:39","638","저조"
"SO_1282","선재도","2027-01-01 04:40","197","고조"
"SO_1282","선재도","2027-01-01 10:59","625","저조"
"SO_1282","선재도","2027-01-01 17:10","271","고조"
"SO_1282","선재도","2027-01-01 23:05","604","저조"
"SO_1282","선재도","2027-01-02 05:43","219","고조"
"SO_1282","선재도","2027-01-02 12:18","618","저조"
"SO_1282","선재도","2027-01-02 18:35","306","고조"
"SO_1282","선재도","2027-01-03 00:22","571","저조"
"SO_1282","선재도","2027-01-03 06:57","220","고조"
"SO_1282","선재도","2027-01-03 13:39","638","저조"
"SO_1282","선재도","2027-01-01 04:40","197","고조"
"SO_1282","선재도","2027-01-01 10:59","625","저조"
"SO_1282","선재도","2027-01-01 17:10","271","고조"
"SO_1282","선재도","2027-01-01 23:05","604","저조"
"SO_1282","선재도","2027-01-02 05:43","219","고조"
"SO_1282","선재도","2027-01-02 12:18","618","저조"
"SO_1282","선재도","2027-01-02 18:35","306","고조"
"SO_1282","선재도","2027-01-03 00:22","571","저조"
"SO_1282","선재도","2027-01-03 06:57","220","고조"
"SO_1282","선재도","2027-01-03 13:39","638","저조"
"SO_1282","선재도","2027-01-01 04:40","197","고조"
"SO_1282","선재도","2027-01-01 10:59","625","저조"
"SO_1282","선재도","2027-01-01 17:10","271","고조"
"SO_1282","선재도","2027-01-01 23:05","604","저조"
"SO_1282","선재도","2027-01-02 05:43","219","고조"
"SO_1282","선재도","2027-01-02 12:18","618","저조"
"SO_1282","선재도","2027-01-02 18:35","306","고조"
"SO_1282","선재도","2027-01-03 00:22","571","저조"
"SO_1282","선재도","2027-01-03 06:57","220","고조"
"SO_1282","선재도","2027-01-03 13:39","638","저조"
"SO_1282","선재도","2027-01-01 04:40","197","고조"
"SO_1282","선재도","2027-01-01 10:59","625","저조"
"SO_1282","선재도","2027-01-01 17:10","271","고조"
"SO_1282","선재도","2027-01-01 23:05","604","저조"
"SO_1282","선재도","2027-01-02 05:43","219","고조"
"SO_1282","선재도","2027-01-02 12:18","618","저조"
"SO_1282","선재도","2027-01-02 18:35","306","고조"
"SO_1282","선재도","2027-01-03 00:22","571","저조"
"SO_1282","선재도","2027-01-03 06:57","220","고조"
"SO_1282","선재도","2027-01-03 13:39","638","저조"
"SO_1282","선재도","2027-01-01 04:40","197","고조"
"SO_1282","선재도","2027-01-01 10:59","625","저조"
"SO_1282","선재도","2027-01-01 17:10","271","고조"
"SO_1282","선재도","2027-01-01 23:05","604","저조"
"SO_1282","선재도","2027-01-02 05:43","219","고조"
"SO_1282","선재도","2027-01-02 12:18","618","저조"
"SO_1282","선재도","2027-01-02 18:35","306","고조"
"SO_1282","선재도","2027-01-03 00:22","571","저조"
"SO_1282","선재도","2027-01-03 06:57","220","고조"
"SO_1282","선재도","2027-01-03 13:39","638","저조"
"SO_1282","선재도","2027-01-01 04:40","197","고조"
"SO_1282","선재도","2027-01-01 10:59","625","저조"
"SO_1282","선재도","2027-01-01 17:10","271","고조"
"SO_1282","선재도","2027-01-01 23:05","604","저조"
"SO_1282","선재도","2027-01-02 05:43","219","고조"
"SO_1282","선재도","2027-01-02 12:18","618","저조"
"SO_1282","선재도","2027-01-02 18:35","306","고조"
"SO_1282","선재도","2027-01-03 00:22","571","저조"
"SO_1282","선재도","2027-01-03 06:57","220","고조"
"SO_1282","선재도","2027-01-03 13:39","638","저조"
"SO_1282","선재도","2027-01-01 04:40","197","고조"
"SO_1282","선재도","2027-01-01 10:59","625","저조"
"SO_1282","선재도","2027-01-01 17:10","271","고조"
"SO_1282","선재도","2027-01-01 23:05","604","저조"
"SO_1282","선재도","2027-01-02 05:43","219","고조"
"SO_1282","선재도","2027-01-02 12:18","618","저조"
"SO_1282","선재도","2027-01-02 18:35","306","고조"
"SO_1282","선재도","2027-01-03 00:22","571","저조"
"SO_1282","선재도","2027-01-03 06:57","220","고조"
"SO_1282","선재도","2027-01-03 13:39","638","저조"
"SO_1282","선재도","2027-01-01 04:40","197","고조"
"SO_1282","선재도","2027-01-01 10:59","625","저조"
"SO_1282","선재도","2027-01-01 17:10","271","고조"
"SO_1282","선재도","2027-01-01 23:05","604","저조"
"SO_1282","선재도","2027-01-02 05:43","219","고조"
"SO_1282","선재도","2027-01-02 12:18","618","저조"
"SO_1282","선재도","2027-01-02 18:35","306","고조"
"SO_1282","선재도","2027-01-03 00:22","571","저조"
"SO_1282","선재도","2027-01-03 06:57","220","고조"
"SO_1282","선재도","2027-01-03 13:39","638","저조"
"SO_1282","선재도","2027-01-01 04:40","197","고조"
"SO_1282","선재도","2027-01-01 10:59","625","저조"
"SO_1282","선재도","2027-01-01 17:10","271","고조"
"SO_1282","선재도","2027-01-01 23:05","604","저조"
"SO_1282","선재도","2027-01-02 05:43","219","고조"
"SO_1282","선재도","2027-01-02 12:18","618","저조"
"SO_1282","선재도","2027-01-02 18:35","306","고조"
"SO_1282","선재도","2027-01-03 00:22","571","저조"
"SO_1282","선재도","2027-01-03 06:57","220","고조"
"SO_1282","선재도","2027-01-03 13:39","638","저조"
"SO_1282","선재도","2027-01-01 04:40","197","고조"
"SO_1282","선재도","2027-01-01 10:59","625","저조"
"SO_1282","선재도","2027-01-01 17:10","271","고조"
"SO_1282","선재도","2027-01-01 23:05","604","저조"
"SO_1282","선재도","2027-01-02 05:43","219","고조"
"SO_1282","선재도","2027-01-02 12:18","618","저조"
"SO_1282","선재도","2027-01-02 18:35","306","고조"
"SO_1282","선재도","2027-01-03 00:22","571","저조"
"SO_1282","선재도","2027-01-03 06:57","220","고조"
"SO_1282","선재도","2027-01-03 13:39","638","저조"
"SO_1282","선재도","2027-01-01 04:40","197","고조"
"SO_1282","선재도","2027-01-01 10:59","625","저조"
"SO_1282","선재도","2027-01-01 17:10","271","고조"
"SO_1282","선재도","2027-01-01 23:05","604","저조"
"SO_1282","선재도","2027-01-02 05:43","219","고조"
"SO_1282","선재도","2027-01-02 12:18","618","저조"
"SO_1282","선재도","2027-01-02 18:35","306","고조"
"SO_1282","선재도","2027-01-03 00:22","571","저조"
"SO_1282","선재도","2027-01-03 06:57","220","고조"
"SO_1282","선재도","2027-01-03 13:39","638","저조"
"SO_1282","선재도","2027-01-01 04:40","197","고조"
"SO_1282","선재도","2027-01-01 10:59","625","저조"
"SO_1282","선재도","2027-01-01 17:10","271","고조"
"SO_1282","선재도","2027-01-01 23:05","604","저조"
"SO_1282","선재도","2027-01-02 05:43","219","고조"
"SO_1282","선재도","2027-01-02 12:18","618","저조"
"SO_1282","선재도","2027-01-02 18:35","306","고조"
"SO_1282","선재도","2027-01-03 00:22","571","저조"
"SO_1282","선재도","2027-01-03 06:57","220","고조"
"SO_1282","선재도","2027-01-03 13:39","638","저조"
"SO_1282","선재도","2027-01-01 04:40","197","고조"
"SO_1282","선재도","2027-01-01 10:59","625","저조"
"SO_1282","선재도","2027-01-01 17:10","271","고조"
"SO_1282","선재도","2027-01-01 23:05","604","저조"
"SO_1282","선재도","2027-01-02 05:43","219","고조"
"SO_1282","선재도","2027-01-02 12:18","618","저조"
"SO_1282","선재도","2027-01-02 18:35","306","고조"
"SO_1282","선재도","2027-01-03 00:22","571","저조"
"SO_1282","선재도","2027-01-03 06:57","220","고조"
"SO_1282","선재도","2027-01-03 13:39","638","저조"
"SO_1282","선재도","2027-01-01 04:40","197","고조"
"SO_1282","선재도","2027-01-01 10:59","625","저조"
"SO_1282","선재도","2027-01-01 17:10","271","고조"
"SO_1282","선재도","2027-01-01 23:05","604","저조"
"SO_1282","선재도","2027-01-02 05:43","219","고조"
"SO_1282","선재도","2027-01-02 12:18","618","저조"
"SO_1282","선재도","2027-01-02 18:35","306","고조"
"SO_1282","선재도","2027-01-03 00:22","571","저조"
"SO_1282","선재도","2027-01-03 06:57","220","고조"
"SO_1282","선재도","2027-01-03 13:39","638","저조"
"SO_1282","선재도","2027-01-01 04:40","197","고조"
"SO_1282","선재도","2027-01-01 10:59","625","저조"
"SO_1282","선재도","2027-01-01 17:10","271","고조"
"SO_1282","선재도","2027-01-01 23:05","604","저조"
"SO_1282","선재도","2027-01-02 05:43","219","고조"
"SO_1282","선재도","2027-01-02 12:18","618","저조"
"SO_1282","선재도","2027-01-02 18:35","306","고조"
"SO_1282","선재도","2027-01-03 00:22","571","저조"
"SO_1282","선재도","2027-01-03 06:57","220","고조"
"SO_1282","선재도","2027-01-03 13:39","638","저조"
"SO_1282","선재도","2027-01-01 04:40","197","고조"
"SO_1282","선재도","2027-01-01 10:59","625","저조"
"SO_1282","선재도","2027-01-01 17:10","271","고조"
"SO_1282","선재도","2027-01-01 23:05","604","저조"
"SO_1282","선재도","2027-01-02 05:43","219","고조"
"SO_1282","선재도","2027-01-02 12:18","618","저조"
"SO_1282","선재도","2027-01-02 18:35","306","고조"
"SO_1282","선재도","2027-01-03 00:22","571","저조"
"SO_1282","선재도","2027-01-03 06:57","220","고조"
"SO_1282","선재도","2027-01-03 13:39","638","저조"
"SO_1282","선재도","2027-01-01 04:40","197","고조"
"SO_1282","선재도","2027-01-01 10:59","625","저조"
"SO_1282","선재도","2027-01-01 17:10","271","고조"
"SO_1282","선재도","2027-01-01 23:05","604","저조"
"SO_1282","선재도","2027-01-02 05:43","219","고조"
"SO_1282","선재도","2027-01-02 12:18","618","저조"
"SO_1282","선재도","2027-01-02 18:35","306","고조"
"SO_1282","선재도","2027-01-03 00:22","571","저조"
"SO_1282","선재도","2027-01-03 06:57","220","고조"
"SO_1282","선재도","2027-01-03 13:39","638","저조"
"SO_1282","선재도","2027-01-01 04:40","197","고조"
"SO_1282","선재도","2027-01-01 10:59","625","저조"
"SO_1282","선재도","2027-01-01 17:10","271","고조"
"SO_1282","선재도","2027-01-01 23:05","604","저조"
"SO_1282","선재도","2027-01-02 05:43","219","고조"
"SO_1282","선재도","2027-01-02 12:18","618","저조"
"SO_1282","선재도","2027-01-02 18:35","306","고조"
"SO_1282","선재도","2027-01-03 00:22","571","저조"
"SO_1282","선재도","2027-01-03 06:57","220","고조"
"SO_1282","선재도","2027-01-03 13:39","638","저조"
"SO_1282","선재도","2027-01-01 04:40","197","고조"
"SO_1282","선재도","2027-01-01 10:59","625","저조"
"SO_1282","선재도","2027-01-01 17:10","271","고조"
"SO_1282","선재도","2027-01-01 23:05","604","저조"
"SO_1282","선재도","2027-01-02 05:43","219","고조"
"SO_1282","선재도","2027-01-02 12:18","618","저조"
"SO_1282","선재도","2027-01-02 18:35","306","고조"
"SO_1282","선재도","2027-01-03 00:22","571","저조"
"SO_1282","선재도","2027-01-03 06:57","220","고조"
"SO_1282","선재도","2027-01-03 13:39","638","저조"
"SO_1282","선재도","2027-01-01 04:40","197","고조"
"SO_1282","선재도","2027-01-01 10:59","625","저조"
"SO_1282","선재도","2027-01-01 17:10","271","고조"
"SO_1282","선재도","2027-01-01 23:05","604","저조"
"SO_1282","선재도","2027-01-02 05:43","219","고조"
"SO_1282","선재도","2027-01-02 12:18","618","저조"
"SO_1282","선재도","2027-01-02 18:35","306","고조"
"SO_1282","선재도","2027-01-03 00:22","571","저조"
"SO_1282","선재도","2027-01-03 06:57","220","고조"
"SO_1282","선재도","2027-01-03 13:39","638","저조"
"SO_1282","선재도","2027-01-01 04:40","197","고조"
"SO_1282","선재도","2027-01-01 10:59","625","저조"
"SO_1282","선재도","2027-01-01 17:10","271","고조"
"SO_1282","선재도","2027-01-01 23:05","604","저조"
"SO_1282","선재도","2027-01-02 05:43","219","고조"
"SO_1282","선재도","2027-01-02 12:18","618","저조"
"SO_1282","선재도","2027-01-02 18:35","306","고조"
"SO_1282","선재도","2027-01-03 00:22","571","저조"
"SO_1282","선재도","2027-01-03 06:57","220","고조"
"SO_1282","선재도","2027-01-03 13:39","638","저조"
"SO_1282","선재도","2027-01-01 04:40","197","고조"
"SO_1282","선재도","2027-01-01 10:59","625","저조"
"SO_1282","선재도","2027-01-01 17:10","271","고조"
"SO_1282","선재도","2027-01-01 23:05","604","저조"
"SO_1282","선재도","2027-01-02 05:43","219","고조"
"SO_1282","선재도","2027-01-02 12:18","618","저조"
"SO_1282","선재도","2027-01-02 18:35","306","고조"
"SO_1282","선재도","2027-01-03 00:22","571","저조"
"SO_1282","선재도","2027-01-03 06:57","220","고조"
"SO_1282","선재도","2027-01-03 13:39","638","저조"
"SO_1282","선재도","2027-01-01 04:40","197","고조"
"SO_1282","선재도","2027-01-01 10:59","625","저조"
"SO_1282","선재도","2027-01-01 17:10","271","고조"
"SO_1282","선재도","2027-01-01 23:05","604","저조"
"SO_1282","선재도","2027-01-02 05:43","219","고조"
"SO_1282","선재도","2027-01-02 12:18","618","저조"
"SO_1282","선재도","2027-01-02 18:35","306","고조"
"SO_1282","선재도","2027-01-03 00:22","571","저조"
"SO_1282","선재도","2027-01-03 06:57","220","고조"
"SO_1282","선재도","2027-01-03 13:39","638","저조"
"SO_1282","선재도","2027-01-01 04:40","197","고조"
"SO_1282","선재도","2027-01-01 10:59","625","저조"
"SO_1282","선재도","2027-01-01 17:10","271","고조"
"SO_1282","선재도","2027-01-01 23:05","604","저조"
"SO_1282","선재도","2027-01-02 05:43","219","고조"
"SO_1282","선재도","2027-01-02 12:18","618","저조"
"SO_1282","선재도","2027-01-02 18:35","306","고조"
"SO_1282","선재도","2027-01-03 00:22","571","저조"
"SO_1282","선재도","2027-01-03 06:57","220","고조"
"SO_1282","선재도","2027-01-03 13:39","638","저조"
"SO_1282","선재도","2027-01-01 04:40","197","고조"
"SO_1282","선재도","2027-01-01 10:59","625","저조"
"SO_1282","선재도","2027-01-01 17:10","271","고조"
"SO_1282","선재도","2027-01-01 23:05","604","저조"
"SO_1282","선재도","2027-01-02 05:43","219","고조"
"SO_1282","선재도","2027-01-02 12:18","618","저조"
"SO_1282","선재도","2027-01-02 18:35","306","고조"
"SO_1282","선재도","2027-01-03 00:22","571","저조"
"SO_1282","선재도","2027-01-03 06:57","220","고조"
"SO_1282","선재도","2027-01-03 13:39","638","저조"
"SO_1282","선재도","2027-01-01 04:40","197","고조"
"SO_1282","선재도","2027-01-01 10:59","625","저조"
"SO_1282","선재도","2027-01-01 17:10","271","고조"
"SO_1282","선재도","2027-01-01 23:05","604","저조"
"SO_1282","선재도","2027-01-02 05:43","219","고조"
"SO_1282","선재도","2027-01-02 12:18","618","저조"
"SO_1282","선재도","2027-01-02 18:35","306","고조"
"SO_1282","선재도","2027-01-03 00:22","571","저조"
"SO_1282","선재도","2027-01-03 06:57","220","고조"
"SO_1282","선재도","2027-01-03 13:39","638","저조"
"SO_1282","선재도","2027-01-01 04:40","197","고조"
"SO_1282","선재도","2027-01-01 10:59","625","저조"
"SO_1282","선재도","2027-01-01 17:10","271","고조"
"SO_1282","선재도","2027-01-01 23:05","604","저조"
"SO_1282","선재도","2027-01-02 05:43","219","고조"
"SO_1282","선재도","2027-01-02 12:18","618","저조"
"SO_1282","선재도","2027-01-02 18:35","306","고조"
"SO_1282","선재도","2027-01-03 00:22","571","저조"
"SO_1282","선재도","2027-01-03 06:57","220","고조"
"SO_1282","선재도","2027-01-03 13:39","638","저조"
"SO_1282","선재도","2027-01-01 04:40","197","고조"
"SO_1282","선재도","2027-01-01 10:59","625","저조"
"SO_1282","선재도","2027-01-01 17:10","271","고조"
"SO_1282","선재도","2027-01-01 23:05","604","저조"
"SO_1282","선재도","2027-01-02 05:43","219","고조"
"SO_1282","선재도","2027-01-02 12:18","618","저조"
"SO_1282","선재도","2027-01-02 18:35","306","고조"
"SO_1282","선재도","2027-01-03 00:22","571","저조"
"SO_1282","선재도","2027-01-03 06:57","220","고조"
"SO_1282","선재도","2027-01-03 13:39","638","저조"
"SO_1282","선재도","2027-01-01 04:40","197","고조"
"SO_1282","선재도","2027-01-01 10:59","625","저조"
"SO_1282","선재도","2027-01-01 17:10","271","고조"
"SO_1282","선재도","2027-01-01 23:05","604","저조"
"SO_1282","선재도","2027-01-02 05:43","219","고조"
"SO_1282","선재도","2027-01-02 12:18","618","저조"
"SO_1282","선재도","2027-01-02 18:35","306","고조"
"SO_1282","선재도","2027-01-03 00:22","571","저조"
"SO_1282","선재도","2027-01-03 06:57","220","고조"
"SO_1282","선재도","2027-01-03 13:39","638","저조"
"SO_1282","선재도","2027-01-01 04:40","197","고조"
"SO_1282","선재도","2027-01-01 10:59","625","저조"
"SO_1282","선재도","2027-01-01 17:10","271","고조"
"SO_1282","선재도","2027-01-01 23:05","604","저조"
"SO_1282","선재도","2027-01-02 05:43","219","고조"
"SO_1282","선재도","2027-01-02 12:18","618","저조"
"SO_1282","선재도","2027-01-02 18:35","306","고조"
"SO_1282","선재도","2027-01-03 00:22","571","저조"
"SO_1282","선재도","2027-01-03 06:57","220","고조"
"SO_1282","선재도","2027-01-03 13:39","638","저조"
"SO_1282","선재도","2027-01-01 04:40","197","고조"
"SO_1282","선재도","2027-01-01 10:59","625","저조"
"SO_1282","선재도","2027-01-01 17:10","271","고조"
"SO_1282","선재도","2027-01-01 23:05","604","저조"
"SO_1282","선재도","2027-01-02 05:43","219","고조"
"SO_1282","선재도","2027-01-02 12:18","618","저조"
"SO_1282","선재도","2027-01-02 18:35","306","고조"
"SO_1282","선재도","2027-01-03 00:22","571","저조"
"SO_1282","선재도","2027-01-03 06:57","220","고조"
"SO_1282","선재도","2027-01-03 13:39","638","저조"
"SO_1282","선재도","2027-01-01 04:40","197","고조"
"SO_1282","선재도","2027-01-01 10:59","625","저조"
"SO_1282","선재도","2027-01-01 17:10","271","고조"
"SO_1282","선재도","2027-01-01 23:05","604","저조"
"SO_1282","선재도","2027-01-02 05:43","219","고조"
"SO_1282","선재도","2027-01-02 12:18","618","저조"
"SO_1282","선재도","2027-01-02 18:35","306","고조"
"SO_1282","선재도","2027-01-03 00:22","571","저조"
"SO_1282","선재도","2027-01-03 06:57","220","고조"
"SO_1282","선재도","2027-01-03 13:39","638","저조"
"SO_1282","선재도","2027-01-01 04:40","197","고조"
"SO_1282","선재도","2027-01-01 10:59","625","저조"
"SO_1282","선재도","2027-01-01 17:10","271","고조"
"SO_1282","선재도","2027-01-01 23:05","604","저조"
"SO_1282","선재도","2027-01-02 05:43","219","고조"
"SO_1282","선재도","2027-01-02 12:18","618","저조"
"SO_1282","선재도","2027-01-02 18:35","306","고조"
"SO_1282","선재도","2027-01-03 00:22","571","저조"
"SO_1282","선재도","2027-01-03 06:57","220","고조"
"SO_1282","선재도","2027-01-03 13:39","638","저조"
"SO_1282","선재도","2027-01-01 04:40","197","고조"
"SO_1282","선재도","2027-01-01 10:59","625","저조"
"SO_1282","선재도","2027-01-01 17:10","271","고조"
"SO_1282","선재도","2027-01-01 23:05","604","저조"
"SO_1282","선재도","2027-01-02 05:43","219","고조"
"SO_1282","선재도","2027-01-02 12:18","618","저조"
"SO_1282","선재도","2027-01-02 18:35","306","고조"
"SO_1282","선재도","2027-01-03 00:22","571","저조"
"SO_1282","선재도","2027-01-03 06:57","220","고조"
"SO_1282","선재도","2027-01-03 13:39","638","저조"
"SO_1282","선재도","2027-01-01 04:40","197","고조"
"SO_1282","선재도","2027-01-01 10:59","625","저조"
"SO_1282","선재도","2027-01-01 17:10","271","고조"
"SO_1282","선재도","2027-01-01 23:05","604","저조"
"SO_1282","선재도","2027-01-02 05:43","219","고조"
"SO_1282","선재도","2027-01-02 12:18","618","저조"
"SO_1282","선재도","2027-01-02 18:35","306","고조"
"SO_1282","선재도","2027-01-03 00:22","571","저조"
"SO_1282","선재도","2027-01-03 06:57","220","고조"
"SO_1282","선재도","2027-01-03 13:39","638","저조"
"SO_1282","선재도","2027-01-01 04:40","197","고조"
"SO_1282","선재도","2027-01-01 10:59","625","저조"
"SO_1282","선재도","2027-01-01 17:10","271","고조"
"SO_1282","선재도","2027-01-01 23:05","604","저조"
"SO_1282","선재도","2027-01-02 05:43","219","고조"
"SO_1282","선재도","2027-01-02 12:18","618","저조"
"SO_1282","선재도","2027-01-02 18:35","306","고조"
"SO_1282","선재도","2027-01-03 00:22","571","저조"
"SO_1282","선재도","2027-01-03 06:57","220","고조"
"SO_1282","선재도","2027-01-03 13:39","638","저조"
"SO_1282","선재도","2027-01-01 04:40","197","고조"
"SO_1282","선재도","2027-01-01 10:59","625","저조"
"SO_1282","선재도","2027-01-01 17:10","271","고조"
"SO_1282","선재도","2027-01-01 23:05","604","저조"
"SO_1282","선재도","2027-01-02 05:43","219","고조"
"SO_1282","선재도","2027-01-02 12:18","618","저조"
"SO_1282","선재도","2027-01-02 18:35","306","고조"
"SO_1282","선재도","2027-01-03 00:22","571","저조"
"SO_1282","선재도","2027-01-03 06:57","220","고조"
"SO_1282","선재도","2027-01-03 13:39","638","저조"
"SO_1282","선재도","2027-01-01 04:40","197","고조"
"SO_1282","선재도","2027-01-01 10:59","625","저조"
"SO_1282","선재도","2027-01-01 17:10","271","고조"
"SO_1282","선재도","2027-01-01 23:05","604","저조"
"SO_1282","선재도","2027-01-02 05:43","219","고조"
"SO_1282","선재도","2027-01-02 12:18","618","저조"
"SO_1282","선재도","2027-01-02 18:35","306","고조"
"SO_1282","선재도","2027-01-03 00:22","571","저조"
"SO_1282","선재도","2027-01-03 06:57","220","고조"
"SO_1282","선재도","2027-01-03 13:39","638","저조"
"SO_1282","선재도","2027-01-01 04:40","197","고조"
"SO_1282","선재도","2027-01-01 10:59","625","저조"
"SO_1282","선재도","2027-01-01 17:10","271","고조"
"SO_1282","선재도","2027-01-01 23:05","604","저조"
"SO_1282","선재도","2027-01-02 05:43","219","고조"
"SO_1282","선재도","2027-01-02 12:18","618","저조"
"SO_1282","선재도","2027-01-02 18:35","306","고조"
"SO_1282","선재도","2027-01-03 00:22","571","저조"
"SO_1282","선재도","2027-01-03 06:57","220","고조"
"SO_1282","선재도","2027-01-03 13:39","638","저조"
"SO_1282","선재도","2027-01-01 04:40","197","고조"
"SO_1282","선재도","2027-01-01 10:59","625","저조"
"SO_1282","선재도","2027-01-01 17:10","271","고조"
"SO_1282","선재도","2027-01-01 23:05","604","저조"
"SO_1282","선재도","2027-01-02 05:43","219","고조"
"SO_1282","선재도","2027-01-02 12:18","618","저조"
"SO_1282","선재도","2027-01-02 18:35","306","고조"
"SO_1282","선재도","2027-01-03 00:22","571","저조"
"SO_1282","선재도","2027-01-03 06:57","220","고조"
"SO_1282","선재도","2027-01-03 13:39","638","저조"
"SO_1282","선재도","2027-01-01 04:40","197","고조"
"SO_1282","선재도","2027-01-01 10:59","625","저조"
"SO_1282","선재도","2027-01-01 17:10","271","고조"
"SO_1282","선재도","2027-01-01 23:05","604","저조"
"SO_1282","선재도","2027-01-02 05:43","219","고조"
"SO_1282","선재도","2027-01-02 12:18","618","저조"
"SO_1282","선재도","2027-01-02 18:35","306","고조"
"SO_1282","선재도","2027-01-03 00:22","571","저조"
"SO_1282","선재도","2027-01-03 06:57","220","고조"
"SO_1282","선재도","2027-01-03 13:39","638","저조"
"SO_1282","선재도","2027-01-01 04:40","197","고조"
"SO_1282","선재도","2027-01-01 10:59","625","저조"
"SO_1282","선재도","2027-01-01 17:10","271","고조"
"SO_1282","선재도","2027-01-01 23:05","604","저조"
"SO_1282","선재도","2027-01-02 05:43","219","고조"
"SO_1282","선재도","2027-01-02 12:18","618","저조"
"SO_1282","선재도","2027-01-02 18:35","306","고조"
"SO_1282","선재도","2027-01-03 00:22","571","저조"
"SO_1282","선재도","2027-01-03 06:57","220","고조"
"SO_1282","선재도","2027-01-03 13:39","638","저조"
"SO_1282","선재도","2027-01-01 04:40","197","고조"
"SO_1282","선재도","2027-01-01 10:59","625","저조"
"SO_1282","선재도","2027-01-01 17:10","271","고조"
"SO_1282","선재도","2027-01-01 23:05","604","저조"
"SO_1282","선재도","2027-01-02 05:43","219","고조"
"SO_1282","선재도","2027-01-02 12:18","618","저조"
"SO_1282","선재도","2027-01-02 18:35","306","고조"
"SO_1282","선재도","2027-01-03 00:22","571","저조"
"SO_1282","선재도","2027-01-03 06:57","220","고조"
"SO_1282","선재도","2027-01-03 13:39","638","저조"
"SO_1282","선재도","2027-01-01 04:40","197","고조"
"SO_1282","선재도","2027-01-01 10:59","625","저조"
"SO_1282","선재도","2027-01-01 17:10","271","고조"
"SO_1282","선재도","2027-01-01 23:05","604","저조"
"SO_1282","선재도","2027-01-02 05:43","219","고조"
"SO_1282","선재도","2027-01-02 12:18","618","저조"
"SO_1282","선재도","2027-01-02 18:35","306","고조"
"SO_1282","선재도","2027-01-03 00:22","571","저조"
"SO_1282","선재도","2027-01-03 06:57","220","고조"
"SO_1282","선재도","2027-01-03 13:39","638","저조"
"SO_1282","선재도","2027-01-01 04:40","197","고조"
"SO_1282","선재도","2027-01-01 10:59","625","저조"
"SO_1282","선재도","2027-01-01 17:10","271","고조"
"SO_1282","선재도","2027-01-01 23:05","604","저조"
"SO_1282","선재도","2027-01-02 05:43","219","고조"
"SO_1282","선재도","2027-01-02 12:18","618","저조"
"SO_1282","선재도","2027-01-02 18:35","306","고조"
"SO_1282","선재도","2027-01-03 00:22","571","저조"
"SO_1282","선재도","2027-01-03 06:57","220","고조"
"SO_1282","선재도","2027-01-03 13:39","638","저조"
"SO_1282","선재도","2027-01-01 04:40","197","고조"
"SO_1282","선재도","2027-01-01 10:59","625","저조"
"SO_1282","선재도","2027-01-01 17:10","271","고조"
"SO_1282","선재도","2027-01-01 23:05","604","저조"
"SO_1282","선재도","2027-01-02 05:43","219","고조"
"SO_1282","선재도","2027-01-02 12:18","618","저조"
"SO_1282","선재도","2027-01-02 18:35","306","고조"
"SO_1282","선재도","2027-01-03 00:22","571","저조"
"SO_1282","선재도","2027-01-03 06:57","220","고조"
"SO_1282","선재도","2027-01-03 13:39","638","저조"
"SO_1282","선재도","2027-01-01 04:40","197","고조"
"SO_1282","선재도","2027-01-01 10:59","625","저조"
"SO_1282","선재도","2027-01-01 17:10","271","고조"
"SO_1282","선재도","2027-01-01 23:05","604","저조"
"SO_1282","선재도","2027-01-02 05:43","219","고조"
"SO_1282","선재도","2027-01-02 12:18","618","저조"
"SO_1282","선재도","2027-01-02 18:35","306","고조"
"SO_1282","선재도","2027-01-03 00:22","571","저조"
"SO_1282","선재도","2027-01-03 06:57","220","고조"
"SO_1282","선재도","2027-01-03 13:39","638","저조"
"SO_1282","선재도","2027-01-01 04:40","197","고조"
"SO_1282","선재도","2027-01-01 10:59","625","저조"
"SO_1282","선재도","2027-01-01 17:10","271","고조"
"SO_1282","선재도","2027-01-01 23:05","604","저조"
"SO_1282","선재도","2027-01-02 05:43","219","고조"
"SO_1282","선재도","2027-01-02 12:18","618","저조"
"SO_1282","선재도","2027-01-02 18:35","306","고조"
"SO_1282","선재도","2027-01-03 00:22","571","저조"
"SO_1282","선재도","2027-01-03 06:57","220","고조"
"SO_1282","선재도","2027-01-03 13:39","638","저조"
"SO_1282","선재도","2027-01-01 04:40","197","고조"
"SO_1282","선재도","2027-01-01 10:59","625","저조"
"SO_1282","선재도","2027-01-01 17:10","271","고조"
"SO_1282","선재도","2027-01-01 23:05","604","저조"
"SO_1282","선재도","2027-01-02 05:43","219","고조"
"SO_1282","선재도","2027-01-02 12:18","618","저조"
"SO_1282","선재도","2027-01-02 18:35","306","고조"
"SO_1282","선재도","2027-01-03 00:22","571","저조"
"SO_1282","선재도","2027-01-03 06:57","220","고조"
"SO_1282","선재도","2027-01-03 13:39","638","저조"
"SO_1282","선재도","2027-01-01 04:40","197","고조"
"SO_1282","선재도","2027-01-01 10:59","625","저조"
"SO_1282","선재도","2027-01-01 17:10","271","고조"
"SO_1282","선재도","2027-01-01 23:05","604","저조"
"SO_1282","선재도","2027-01-02 05:43","219","고조"
"SO_1282","선재도","2027-01-02 12:18","618","저조"
"SO_1282","선재도","2027-01-02 18:35","306","고조"
"SO_1282","선재도","2027-01-03 00:22","571","저조"
"SO_1282","선재도","2027-01-03 06:57","220","고조"
"SO_1282","선재도","2027-01-03 13:39","638","저조"
"SO_1282","선재도","2027-01-01 04:40","197","고조"
"SO_1282","선재도","2027-01-01 10:59","625","저조"
"SO_1282","선재도","2027-01-01 17:10","271","고조"
"SO_1282","선재도","2027-01-01 23:05","604","저조"
"SO_1282","선재도","2027-01-02 05:43","219","고조"
"SO_1282","선재도","2027-01-02 12:18","618","저조"
"SO_1282","선재도","2027-01-02 18:35","306","고조"
"SO_1282","선재도","2027-01-03 00:22","571","저조"
"SO_1282","선재도","2027-01-03 06:57","220","고조"
"SO_1282","선재도","2027-01-03 13:39","638","저조"
"SO_1282","선재도","2027-01-01 04:40","197","고조"
"SO_1282","선재도","2027-01-01 10:59","625","저조"
"SO_1282","선재도","2027-01-01 17:10","271","고조"
"SO_1282","선재도","2027-01-01 23:05","604","저조"
"SO_1282","선재도","2027-01-02 05:43","219","고조"
"SO_1282","선재도","2027-01-02 12:18","618","저조"
"SO_1282","선재도","2027-01-02 18:35","306","고조"
"SO_1282","선재도","2027-01-03 00:22","571","저조"
"SO_1282","선재도","2027-01-03 06:57","220","고조"
"SO_1282","선재도","2027-01-03 13:39","638","저조"
"SO_1282","선재도","2027-01-01 04:40","197","고조"
"SO_1282","선재도","2027-01-01 10:59","625","저조"
"SO_1282","선재도","2027-01-01 17:10","271","고조"
"SO_1282","선재도","2027-01-01 23:05","604","저조"
"SO_1282","선재도","2027-01-02 05:43","219","고조"
"SO_1282","선재도","2027-01-02 12:18","618","저조"
"SO_1282","선재도","2027-01-02 18:35","306","고조"
"SO_1282","선재도","2027-01-03 00:22","571","저조"
"SO_1282","선재도","2027-01-03 06:57","220","고조"
"SO_1282","선재도","2027-01-03 13:39","638","저조"
"SO_1282","선재도","2027-01-01 04:40","197","고조"
"SO_1282","선재도","2027-01-01 10:59","625","저조"
"SO_1282","선재도","2027-01-01 17:10","271","고조"
"SO_1282","선재도","2027-01-01 23:05","604","저조"
"SO_1282","선재도","2027-01-02 05:43","219","고조"
"SO_1282","선재도","2027-01-02 12:18","618","저조"
"SO_1282","선재도","2027-01-02 18:35","306","고조"
"SO_1282","선재도","2027-01-03 00:22","571","저조"
"SO_1282","선재도","2027-01-03 06:57","220","고조"
"SO_1282","선재도","2027-01-03 13:39","638","저조"
"SO_1282","선재도","2027-01-01 04:40","197","고조"
"SO_1282","선재도","2027-01-01 10:59","625","저조"
"SO_1282","선재도","2027-01-01 17:10","271","고조"
"SO_1282","선재도","2027-01-01 23:05","604","저조"
"SO_1282","선재도","2027-01-02 05:43","219","고조"
"SO_1282","선재도","2027-01-02 12:18","618","저조"
"SO_1282","선재도","2027-01-02 18:35","306","고조"
"SO_1282","선재도","2027-01-03 00:22","571","저조"
"SO_1282","선재도","2027-01-03 06:57","220","고조"
"SO_1282","선재도","2027-01-03 13:39","638","저조"
"SO_1282","선재도","2027-01-01 04:40","197","고조"
"SO_1282","선재도","2027-01-01 10:59","625","저조"
"SO_1282","선재도","2027-01-01 17:10","271","고조"
"SO_1282","선재도","2027-01-01 23:05","604","저조"
"SO_1282","선재도","2027-01-02 05:43","219","고조"
"SO_1282","선재도","2027-01-02 12:18","618","저조"
"SO_1282","선재도","2027-01-02 18:35","306","고조"
"SO_1282","선재도","2027-01-03 00:22","571","저조"
"SO_1282","선재도","2027-01-03 06:57","220","고조"
"SO_1282","선재도","2027-01-03 13:39","638","저조"
"SO_1282","선재도","2027-01-01 04:40","197","고조"
"SO_1282","선재도","2027-01-01 10:59","625","저조"
"SO_1282","선재도","2027-01-01 17:10","271","고조"
"SO_1282","선재도","2027-01-01 23:05","604","저조"
"SO_1282","선재도","2027-01-02 05:43","219","고조"
"SO_1282","선재도","2027-01-02 12:18","618","저조"
"SO_1282","선재도","2027-01-02 18:35","306","고조"
"SO_1282","선재도","2027-01-03 00:22","571","저조"
"SO_1282","선재도","2027-01-03 06:57","220","고조"
"SO_1282","선재도","2027-01-03 13:39","638","저조"
"SO_1282","선재도","2027-01-01 04:40","197","고조"
"SO_1282","선재도","2027-01-01 10:59","625","저조"
"SO_1282","선재도","2027-01-01 17:10","271","고조"
"SO_1282","선재도","2027-01-01 23:05","604","저조"
"SO_1282","선재도","2027-01-02 05:43","219","고조"
"SO_1282","선재도","2027-01-02 12:18","618","저조"
"SO_1282","선재도","2027-01-02 18:35","306","고조"
"SO_1282","선재도","2027-01-03 00:22","571","저조"
"SO_1282","선재도","2027-01-03 06:57","220","고조"
"SO_1282","선재도","2027-01-03 13:39","638","저조"
"SO_1282","선재도","2027-01-01 04:40","197","고조"
"SO_1282","선재도","2027-01-01 10:59","625","저조"
"SO_1282","선재도","2027-01-01 17:10","271","고조"
"SO_1282","선재도","2027-01-01 23:05","604","저조"
"SO_1282","선재도","2027-01-02 05:43","219","고조"
"SO_1282","선재도","2027-01-02 12:18","618","저조"
"SO_1282","선재도","2027-01-02 18:35","306","고조"
"SO_1282","선재도","2027-01-03 00:22","571","저조"
"SO_1282","선재도","2027-01-03 06:57","220","고조"
"SO_1282","선재도","2027-01-03 13:39","638","저조"
"SO_1282","선재도","2027-01-01 04:40","197","고조"
"SO_1282","선재도","2027-01-01 10:59","625","저조"
"SO_1282","선재도","2027-01-01 17:10","271","고조"
"SO_1282","선재도","2027-01-01 23:05","604","저조"
"SO_1282","선재도","2027-01-02 05:43","219","고조"
"SO_1282","선재도","2027-01-02 12:18","618","저조"
"SO_1282","선재도","2027-01-02 18:35","306","고조"
"SO_1282","선재도","2027-01-03 00:22","571","저조"
"SO_1282","선재도","2027-01-03 06:57","220","고조"
"SO_1282","선재도","2027-01-03 13:39","638","저조"
"SO_1282","선재도","2027-01-01 04:40","197","고조"
"SO_1282","선재도","2027-01-01 10:59","625","저조"
"SO_1282","선재도","2027-01-01 17:10","271","고조"
"SO_1282","선재도","2027-01-01 23:05","604","저조"
"SO_1282","선재도","2027-01-02 05:43","219","고조"
"SO_1282","선재도","2027-01-02 12:18","618","저조"
"SO_1282","선재도","2027-01-02 18:35","306","고조"
"SO_1282","선재도","2027-01-03 00:22","571","저조"
"SO_1282","선재도","2027-01-03 06:57","220","고조"
"SO_1282","선재도","2027-01-03 13:39","638","저조"
"SO_1282","선재도","2027-01-01 04:40","197","고조"
"SO_1282","선재도","2027-01-01 10:59","625","저조"
"SO_1282","선재도","2027-01-01 17:10","271","고조"
"SO_1282","선재도","2027-01-01 23:05","604","저조"
"SO_1282","선재도","2027-01-02 05:43","219","고조"
"SO_1282","선재도","2027-01-02 12:18","618","저조"
"SO_1282","선재도","2027-01-02 18:35","306","고조"
"SO_1282","선재도","2027-01-03 00:22","571","저조"
"SO_1282","선재도","2027-01-03 06:57","220","고조"
"SO_1282","선재도","2027-01-03 13:39","638","저조"
"SO_1282","선재도","2027-01-01 04:40","197","고조"
"SO_1282","선재도","2027-01-01 10:59","625","저조"
"SO_1282","선재도","2027-01-01 17:10","271","고조"
"SO_1282","선재도","2027-01-01 23:05","604","저조"
"SO_1282","선재도","2027-01-02 05:43","219","고조"
"SO_1282","선재도","2027-01-02 12:18","618","저조"
"SO_1282","선재도","2027-01-02 18:35","306","고조"
"SO_1282","선재도","2027-01-03 00:22","571","저조"
"SO_1282","선재도","2027-01-03 06:57","220","고조"
"SO_1282","선재도","2027-01-03 13:39","638","저조"
"SO_1282","선재도","2027-01-01 04:40","197","고조"
"SO_1282","선재도","2027-01-01 10:59","625","저조"
"SO_1282","선재도","2027-01-01 17:10","271","고조"
"SO_1282","선재도","2027-01-01 23:05","604","저조"
"SO_1282","선재도","2027-01-02 05:43","219","고조"
"SO_1282","선재도","2027-01-02 12:18","618","저조"
"SO_1282","선재도","2027-01-02 18:35","306","고조"
"SO_1282","선재도","2027-01-03 00:22","571","저조"
"SO_1282","선재도","2027-01-03 06:57","220","고조"
"SO_1282","선재도","2027-01-03 13:39","638","저조"
"SO_1282","선재도","2027-01-01 04:40","197","고조"
"SO_1282","선재도","2027-01-01 10:59","625","저조"
"SO_1282","선재도","2027-01-01 17:10","271","고조"
"SO_1282","선재도","2027-01-01 23:05","604","저조"
"SO_1282","선재도","2027-01-02 05:43","219","고조"
"SO_1282","선재도","2027-01-02 12:18","618","저조"
"SO_1282","선재도","2027-01-02 18:35","306","고조"
"SO_1282","선재도","2027-01-03 00:22","571","저조"
"SO_1282","선재도","2027-01-03 06:57","220","고조"
"SO_1282","선재도","2027-01-03 13:39","638","저조"
"SO_1282","선재도","2027-01-01 04:40","197","고조"
"SO_1282","선재도","2027-01-01 10:59","625","저조"
"SO_1282","선재도","2027-01-01 17:10","271","고조"
"SO_1282","선재도","2027-01-01 23:05","604","저조"
"SO_1282","선재도","2027-01-02 05:43","219","고조"
"SO_1282","선재도","2027-01-02 12:18","618","저조"
"SO_1282","선재도","2027-01-02 18:35","306","고조"
"SO_1282","선재도","2027-01-03 00:22","571","저조"
"SO_1282","선재도","2027-01-03 06:57","220","고조"
"SO_1282","선재도","2027-01-03 13:39","638","저조"
"SO_1282","선재도","2027-01-01 04:40","197","고조"
"SO_1282","선재도","2027-01-01 10:59","625","저조"
"SO_1282","선재도","2027-01-01 17:10","271","고조"
"SO_1282","선재도","2027-01-01 23:05","604","저조"
"SO_1282","선재도","2027-01-02 05:43","219","고조"
"SO_1282","선재도","2027-01-02 12:18","618","저조"
"SO_1282","선재도","2027-01-02 18:35","306","고조"
"SO_1282","선재도","2027-01-03 00:22","571","저조"
"SO_1282","선재도","2027-01-03 06:57","220","고조"
"SO_1282","선재도","2027-01-03 13:39","638","저조"
"SO_1282","선재도","2027-01-01 04:40","197","고조"
"SO_1282","선재도","2027-01-01 10:59","625","저조"
"SO_1282","선재도","2027-01-01 17:10","271","고조"
"SO_1282","선재도","2027-01-01 23:05","604","저조"
"SO_1282","선재도","2027-01-02 05:43","219","고조"
"SO_1282","선재도","2027-01-02 12:18","618","저조"
"SO_1282","선재도","2027-01-02 18:35","306","고조"
"SO_1282","선재도","2027-01-03 00:22","571","저조"
"SO_1282","선재도","2027-01-03 06:57","220","고조"
"SO_1282","선재도","2027-01-03 13:39","638","저조"
"SO_1282","선재도","2027-01-01 04:40","197","고조"
"SO_1282","선재도","2027-01-01 10:59","625","저조"
"SO_1282","선재도","2027-01-01 17:10","271","고조"
"SO_1282","선재도","2027-01-01 23:05","604","저조"
"SO_1282","선재도","2027-01-02 05:43","219","고조"
"SO_1282","선재도","2027-01-02 12:18","618","저조"
"SO_1282","선재도","2027-01-02 18:35","306","고조"
"SO_1282","선재도","2027-01-03 00:22","571","저조"
"SO_1282","선재도","2027-01-03 06:57","220","고조"
"SO_1282","선재도","2027-01-03 13:39","638","저조"
"SO_1282","선재도","2027-01-01 04:40","197","고조"
"SO_1282","선재도","2027-01-01 10:59","625","저조"
"SO_1282","선재도","2027-01-01 17:10","271","고조"
"SO_1282","선재도","2027-01-01 23:05","604","저조"
"SO_1282","선재도","2027-01-02 05:43","219","고조"
"SO_1282","선재도","2027-01-02 12:18","618","저조"
"SO_1282","선재도","2027-01-02 18:35","306","고조"
"SO_1282","선재도","2027-01-03 00:22","571","저조"
"SO_1282","선재도","2027-01-03 06:57","220","고조"
"SO_1282","선재도","2027-01-03 13:39","638","저조"
"SO_1282","선재도","2027-01-01 04:40","197","고조"
"SO_1282","선재도","2027-01-01 10:59","625","저조"
"SO_1282","선재도","2027-01-01 17:10","271","고조"
"SO_1282","선재도","2027-01-01 23:05","604","저조"
"SO_1282","선재도","2027-01-02 05:43","219","고조"
"SO_1282","선재도","2027-01-02 12:18","618","저조"
"SO_1282","선재도","2027-01-02 18:35","306","고조"
"SO_1282","선재도","2027-01-03 00:22","571","저조"
"SO_1282","선재도","2027-01-03 06:57","220","고조"
"SO_1282","선재도","2027-01-03 13:39","638","저조"
"SO_1282","선재도","2027-01-01 04:40","197","고조"
"SO_1282","선재도","2027-01-01 10:59","625","저조"
"SO_1282","선재도","2027-01-01 17:10","271","고조"
"SO_1282","선재도","2027-01-01 23:05","604","저조"
"SO_1282","선재도","2027-01-02 05:43","219","고조"
"SO_1282","선재도","2027-01-02 12:18","618","저조"
"SO_1282","선재도","2027-01-02 18:35","306","고조"
"SO_1282","선재도","2027-01-03 00:22","571","저조"
"SO_1282","선재도","2027-01-03 06:57","220","고조"
"SO_1282","선재도","2027-01-03 13:39","638","저조"
"SO_1282","선재도","2027-01-01 04:40","197","고조"
"SO_1282","선재도","2027-01-01 10:59","625","저조"
"SO_1282","선재도","2027-01-01 17:10","271","고조"
"SO_1282","선재도","2027-01-01 23:05","604","저조"
"SO_1282","선재도","2027-01-02 05:43","219","고조"
"SO_1282","선재도","2027-01-02 12:18","618","저조"
"SO_1282","선재도","2027-01-02 18:35","306","고조"
"SO_1282","선재도","2027-01-03 00:22","571","저조"
"SO_1282","선재도","2027-01-03 06:57","220","고조"
"SO_1282","선재도","2027-01-03 13:39","638","저조"
"SO_1282","선재도","2027-01-01 04:40","197","고조"
"SO_1282","선재도","2027-01-01 10:59","625","저조"
"SO_1282","선재도","2027-01-01 17:10","271","고조"
"SO_1282","선재도","2027-01-01 23:05","604","저조"
"SO_1282","선재도","2027-01-02 05:43","219","고조"
"SO_1282","선재도","2027-01-02 12:18","618","저조"
"SO_1282","선재도","2027-01-02 18:35","306","고조"
"SO_1282","선재도","2027-01-03 00:22","571","저조"
"SO_1282","선재도","2027-01-03 06:57","220","고조"
"SO_1282","선재도","2027-01-03 13:39","638","저조"
"SO_1282","선재도","2027-01-01 04:40","197","고조"
"SO_1282","선재도","2027-01-01 10:59","625","저조"
"SO_1282","선재도","2027-01-01 17:10","271","고조"
"SO_1282","선재도","2027-01-01 23:05","604","저조"
"SO_1282","선재도","2027-01-02 05:43","219","고조"
"SO_1282","선재도","2027-01-02 12:18","618","저조"
"SO_1282","선재도","2027-01-02 18:35","306","고조"
"SO_1282","선재도","2027-01-03 00:22","571","저조"
"SO_1282","선재도","2027-01-03 06:57","220","고조"
"SO_1282","선재도","2027-01-03 13:39","638","저조"
"SO_1282","선재도","2027-01-01 04:40","197","고조"
"SO_1282","선재도","2027-01-01 10:59","625","저조"
"SO_1282","선재도","2027-01-01 17:10","271","고조"
"SO_1282","선재도","2027-01-01 23:05","604","저조"
"SO_1282","선재도","2027-01-02 05:43","219","고조"
"SO_1282","선재도","2027-01-02 12:18","618","저조"
"SO_1282","선재도","2027-01-02 18:35","306","고조"
"SO_1282","선재도","2027-01-03 00:22","571","저조"
"SO_1282","선재도","2027-01-03 06:57","220","고조"
"SO_1282","선재도","2027-01-03 13:39","638","저조"
"SO_1282","선재도","2027-01-01 04:40","197","고조"
"SO_1282","선재도","2027-01-01 10:59","625","저조"
"SO_1282","선재도","2027-01-01 17:10","271","고조"
"SO_1282","선재도","2027-01-01 23:05","604","저조"
"SO_1282","선재도","2027-01-02 05:43","219","고조"
"SO_1282","선재도","2027-01-02 12:18","618","저조"
"SO_1282","선재도","2027-01-02 18:35","306","고조"
"SO_1282","선재도","2027-01-03 00:22","571","저조"
"SO_1282","선재도","2027-01-03 06:57","220","고조"
"SO_1282","선재도","2027-01-03 13:39","638","저조"
"SO_1282","선재도","2027-01-01 04:40","197","고조"
"SO_1282","선재도","2027-01-01 10:59","625","저조"
"SO_1282","선재도","2027-01-01 17:10","271","고조"
"SO_1282","선재도","2027-01-01 23:05","604","저조"
"SO_1282","선재도","2027-01-02 05:43","219","고조"
"SO_1282","선재도","2027-01-02 12:18","618","저조"
"SO_1282","선재도","2027-01-02 18:35","306","고조"
"SO_1282","선재도","2027-01-03 00:22","571","저조"
"SO_1282","선재도","2027-01-03 06:57","220","고조"
"SO_1282","선재도","2027-01-03 13:39","638","저조"
"SO_1282","선재도","2027-01-01 04:40","197","고조"
"SO_1282","선재도","2027-01-01 10:59","625","저조"
"SO_1282","선재도","2027-01-01 17:10","271","고조"
"SO_1282","선재도","2027-01-01 23:05","604","저조"
"SO_1282","선재도","2027-01-02 05:43","219","고조"
"SO_1282","선재도","2027-01-02 12:18","618","저조"
"SO_1282","선재도","2027-01-02 18:35","306","고조"
"SO_1282","선재도","2027-01-03 00:22","571","저조"
"SO_1282","선재도","2027-01-03 06:57","220","고조"
"SO_1282","선재도","2027-01-03 13:39","638","저조"
"SO_1282","선재도","2027-01-01 04:40","197","고조"
"SO_1282","선재도","2027-01-01 10:59","625","저조"
"SO_1282","선재도","2027-01-01 17:10","271","고조"
"SO_1282","선재도","2027-01-01 23:05","604","저조"
"SO_1282","선재도","2027-01-02 05:43","219","고조"
"SO_1282","선재도","2027-01-02 12:18","618","저조"
"SO_1282","선재도","2027-01-02 18:35","306","고조"
"SO_1282","선재도","2027-01-03 00:22","571","저조"
"SO_1282","선재도","2027-01-03 06:57","220","고조"
"SO_1282","선재도","2027-01-03 13:39","638","저조"
"SO_1282","선재도","2027-01-01 04:40","197","고조"
"SO_1282","선재도","2027-01-01 10:59","625","저조"
"SO_1282","선재도","2027-01-01 17:10","271","고조"
"SO_1282","선재도","2027-01-01 23:05","604","저조"
"SO_1282","선재도","2027-01-02 05:43","219","고조"
"SO_1282","선재도","2027-01-02 12:18","618","저조"
"SO_1282","선재도","2027-01-02 18:35","306","고조"
"SO_1282","선재도","2027-01-03 00:22","571","저조"
"SO_1282","선재도","2027-01-03 06:57","220","고조"
"SO_1282","선재도","2027-01-03 13:39","638","저조"
"SO_1282","선재도","2027-01-01 04:40","197","고조"
"SO_1282","선재도","2027-01-01 10:59","625","저조"
"SO_1282","선재도","2027-01-01 17:10","271","고조"
"SO_1282","선재도","2027-01-01 23:05","604","저조"
"SO_1282","선재도","2027-01-02 05:43","219","고조"
"SO_1282","선재도","2027-01-02 12:18","618","저조"
"SO_1282","선재도","2027-01-02 18:35","306","고조"
"SO_1282","선재도","2027-01-03 00:22","571","저조"
"SO_1282","선재도","2027-01-03 06:57","220","고조"
"SO_1282","선재도","2027-01-03 13:39","638","저조"
"SO_1282","선재도","2027-01-01 04:40","197","고조"
"SO_1282","선재도","2027-01-01 10:59","625","저조"
"SO_1282","선재도","2027-01-01 17:10","271","고조"
"SO_1282","선재도","2027-01-01 23:05","604","저조"
"SO_1282","선재도","2027-01-02 05:43","219","고조"
"SO_1282","선재도","2027-01-02 12:18","618","저조"
"SO_1282","선재도","2027-01-02 18:35","306","고조"
"SO_1282","선재도","2027-01-03 00:22","571","저조"
"SO_1282","선재도","2027-01-03 06:57","220","고조"
"SO_1282","선재도","2027-01-03 13:39","638","저조"
"SO_1282","선재도","2027-01-01 04:40","197","고조"
"SO_1282","선재도","2027-01-01 10:59","625","저조"
"SO_1282","선재도","2027-01-01 17:10","271","고조"
"SO_1282","선재도","2027-01-01 23:05","604","저조"
"SO_1282","선재도","2027-01-02 05:43","219","고조"
"SO_1282","선재도","2027-01-02 12:18","618","저조"
"SO_1282","선재도","2027-01-02 18:35","306","고조"
"SO_1282","선재도","2027-01-03 00:22","571","저조"
"SO_1282","선재도","2027-01-03 06:57","220","고조"
"SO_1282","선재도","2027-01-03 13:39","638","저조"
"SO_1282","선재도","2027-01-01 04:40","197","고조"
"SO_1282","선재도","2027-01-01 10:59","625","저조"
"SO_1282","선재도","2027-01-01 17:10","271","고조"
"SO_1282","선재도","2027-01-01 23:05","604","저조"
"SO_1282","선재도","2027-01-02 05:43","219","고조"
"SO_1282","선재도","2027-01-02 12:18","618","저조"
"SO_1282","선재도","2027-01-02 18:35","306","고조"
"SO_1282","선재도","2027-01-03 00:22","571","저조"
"SO_1282","선재도","2027-01-03 06:57","220","고조"
"SO_1282","선재도","2027-01-03 13:39","638","저조"
"SO_1282","선재도","2027-01-01 04:40","197","고조"
"SO_1282","선재도","2027-01-01 10:59","625","저조"
"SO_1282","선재도","2027-01-01 17:10","271","고조"
"SO_1282","선재도","2027-01-01 23:05","604","저조"
"SO_1282","선재도","2027-01-02 05:43","219","고조"
"SO_1282","선재도","2027-01-02 12:18","618","저조"
"SO_1282","선재도","2027-01-02 18:35","306","고조"
"SO_1282","선재도","2027-01-03 00:22","571","저조"
"SO_1282","선재도","2027-01-03 06:57","220","고조"
"SO_1282","선재도","2027-01-03 13:39","638","저조"
"SO_1282","선재도","2027-01-01 04:40","197","고조"
"SO_1282","선재도","2027-01-01 10:59","625","저조"
"SO_1282","선재도","2027-01-01 17:10","271","고조"
"SO_1282","선재도","2027-01-01 23:05","604","저조"
"SO_1282","선재도","2027-01-02 05:43","219","고조"
"SO_1282","선재도","2027-01-02 12:18","618","저조"
"SO_1282","선재도","2027-01-02 18:35","306","고조"
"SO_1282","선재도","2027-01-03 00:22","571","저조"
"SO_1282","선재도","2027-01-03 06:57","220","고조"
"SO_1282","선재도","2027-01-03 13:39","638","저조"
"SO_1282","선재도","2027-01-01 04:40","197","고조"
"SO_1282","선재도","2027-01-01 10:59","625","저조"
"SO_1282","선재도","2027-01-01 17:10","271","고조"
"SO_1282","선재도","2027-01-01 23:05","604","저조"
"SO_1282","선재도","2027-01-02 05:43","219","고조"
"SO_1282","선재도","2027-01-02 12:18","618","저조"
"SO_1282","선재도","2027-01-02 18:35","306","고조"
"SO_1282","선재도","2027-01-03 00:22","571","저조"
"SO_1282","선재도","2027-01-03 06:57","220","고조"
"SO_1282","선재도","2027-01-03 13:39","638","저조"
"SO_1282","선재도","2027-01-01 04:40","197","고조"
"SO_1282","선재도","2027-01-01 10:59","625","저조"
"SO_1282","선재도","2027-01-01 17:10","271","고조"
"SO_1282","선재도","2027-01-01 23:05","604","저조"
"SO_1282","선재도","2027-01-02 05:43","219","고조"
"SO_1282","선재도","2027-01-02 12:18","618","저조"
"SO_1282","선재도","2027-01-02 18:35","306","고조"
"SO_1282","선재도","2027-01-03 00:22","571","저조"
"SO_1282","선재도","2027-01-03 06:57","220","고조"
"SO_1282","선재도","2027-01-03 13:39","638","저조"
"SO_1282","선재도","2027-01-01 04:40","197","고조"
"SO_1282","선재도","2027-01-01 10:59","625","저조"
"SO_1282","선재도","2027-01-01 17:10","271","고조"
"SO_1282","선재도","2027-01-01 23:05","604","저조"
"SO_1282","선재도","2027-01-02 05:43","219","고조"
"SO_1282","선재도","2027-01-02 12:18","618","저조"
"SO_1282","선재도","2027-01-02 18:35","306","고조"
"SO_1282","선재도","2027-01-03 00:22","571","저조"
"SO_1282","선재도","2027-01-03 06:57","220","고조"
"SO_1282","선재도","2027-01-03 13:39","638","저조"
"SO_1282","선재도","2027-01-01 04:40","197","고조"
"SO_1282","선재도","2027-01-01 10:59","625","저조"
"SO_1282","선재도","2027-01-01 17:10","271","고조"
"SO_1282","선재도","2027-01-01 23:05","604","저조"
"SO_1282","선재도","2027-01-02 05:43","219","고조"
"SO_1282","선재도","2027-01-02 12:18","618","저조"
"SO_1282","선재도","2027-01-02 18:35","306","고조"
"SO_1282","선재도","2027-01-03 00:22","571","저조"
"SO_1282","선재도","2027-01-03 06:57","220","고조"
"SO_1282","선재도","2027-01-03 13:39","638","저조"
"SO_1282","선재도","2027-01-01 04:40","197","고조"
"SO_1282","선재도","2027-01-01 10:59","625","저조"
"SO_1282","선재도","2027-01-01 17:10","271","고조"
"SO_1282","선재도","2027-01-01 23:05","604","저조"
"SO_1282","선재도","2027-01-02 05:43","219","고조"
"SO_1282","선재도","2027-01-02 12:18","618","저조"
"SO_1282","선재도","2027-01-02 18:35","306","고조"
"SO_1282","선재도","2027-01-03 00:22","571","저조"
"SO_1282","선재도","2027-01-03 06:57","220","고조"
"SO_1282","선재도","2027-01-03 13:39","638","저조"
"SO_1282","선재도","2027-01-01 04:40","197","고조"
"SO_1282","선재도","2027-01-01 10:59","625","저조"
"SO_1282","선재도","2027-01-01 17:10","271","고조"
"SO_1282","선재도","2027-01-01 23:05","604","저조"
"SO_1282","선재도","2027-01-02 05:43","219","고조"
"SO_1282","선재도","2027-01-02 12:18","618","저조"
"SO_1282","선재도","2027-01-02 18:35","306","고조"
"SO_1282","선재도","2027-01-03 00:22","571","저조"
"SO_1282","선재도","2027-01-03 06:57","220","고조"
"SO_1282","선재도","2027-01-03 13:39","638","저조"
"SO_1282","선재도","2027-01-01 04:40","197","고조"
"SO_1282","선재도","2027-01-01 10:59","625","저조"
"SO_1282","선재도","2027-01-01 17:10","271","고조"
"SO_1282","선재도","2027-01-01 23:05","604","저조"
"SO_1282","선재도","2027-01-02 05:43","219","고조"
"SO_1282","선재도","2027-01-02 12:18","618","저조"
"SO_1282","선재도","2027-01-02 18:35","306","고조"
"SO_1282","선재도","2027-01-03 00:22","571","저조"
"SO_1282","선재도","2027-01-03 06:57","220","고조"
"SO_1282","선재도","2027-01-03 13:39","638","저조"
"SO_1282","선재도","2027-01-01 04:40","197","고조"
"SO_1282","선재도","2027-01-01 10:59","625","저조"
"SO_1282","선재도","2027-01-01 17:10","271","고조"
"SO_1282","선재도","2027-01-01 23:05","604","저조"
"SO_1282","선재도","2027-01-02 05:43","219","고조"
"SO_1282","선재도","2027-01-02 12:18","618","저조"
"SO_1282","선재도","2027-01-02 18:35","306","고조"
"SO_1282","선재도","2027-01-03 00:22","571","저조"
"SO_1282","선재도","2027-01-03 06:57","220","고조"
"SO_1282","선재도","2027-01-03 13:39","638","저조"
"SO_1282","선재도","2027-01-01 04:40","197","고조"
"SO_1282","선재도","2027-01-01 10:59","625","저조"
"SO_1282","선재도","2027-01-01 17:10","271","고조"
"SO_1282","선재도","2027-01-01 23:05","604","저조"
"SO_1282","선재도","2027-01-02 05:43","219","고조"
"SO_1282","선재도","2027-01-02 12:18","618","저조"
"SO_1282","선재도","2027-01-02 18:35","306","고조"
"SO_1282","선재도","2027-01-03 00:22","571","저조"
"SO_1282","선재도","2027-01-03 06:57","220","고조"
"SO_1282","선재도","2027-01-03 13:39","638","저조"
"SO_1282","선재도","2027-01-01 04:40","197","고조"
"SO_1282","선재도","2027-01-01 10:59","625","저조"
"SO_1282","선재도","2027-01-01 17:10","271","고조"
"SO_1282","선재도","2027-01-01 23:05","604","저조"
"SO_1282","선재도","2027-01-02 05:43","219","고조"
"SO_1282","선재도","2027-01-02 12:18","618","저조"
"SO_1282","선재도","2027-01-02 18:35","306","고조"
"SO_1282","선재도","2027-01-03 00:22","571","저조"
"SO_1282","선재도","2027-01-03 06:57","220","고조"
"SO_1282","선재도","2027-01-03 13:39","638","저조"
"SO_1282","선재도","2027-01-01 04:40","197","고조"
"SO_1282","선재도","2027-01-01 10:59","625","저조"
"SO_1282","선재도","2027-01-01 17:10","271","고조"
"SO_1282","선재도","2027-01-01 23:05","604","저조"
"SO_1282","선재도","2027-01-02 05:43","219","고조"
"SO_1282","선재도","2027-01-02 12:18","618","저조"
"SO_1282","선재도","2027-01-02 18:35","306","고조"
"SO_1282","선재도","2027-01-03 00:22","571","저조"
"SO_1282","선재도","2027-01-03 06:57","220","고조"
"SO_1282","선재도","2027-01-03 13:39","638","저조"
"SO_1282","선재도","2027-01-01 04:40","197","고조"
"SO_1282","선재도","2027-01-01 10:59","625","저조"
"SO_1282","선재도","2027-01-01 17:10","271","고조"
"SO_1282","선재도","2027-01-01 23:05","604","저조"
"SO_1282","선재도","2027-01-02 05:43","219","고조"
"SO_1282","선재도","2027-01-02 12:18","618","저조"
"SO_1282","선재도","2027-01-02 18:35","306","고조"
"SO_1282","선재도","2027-01-03 00:22","571","저조"
"SO_1282","선재도","2027-01-03 06:57","220","고조"
"SO_1282","선재도","2027-01-03 13:39","638","저조"
"SO_1282","선재도","2027-01-01 04:40","197","고조"
"SO_1282","선재도","2027-01-01 10:59","625","저조"
"SO_1282","선재도","2027-01-01 17:10","271","고조"
"SO_1282","선재도","2027-01-01 23:05","604","저조"
"SO_1282","선재도","2027-01-02 05:43","219","고조"
"SO_1282","선재도","2027-01-02 12:18","618","저조"
"SO_1282","선재도","2027-01-02 18:35","306","고조"
"SO_1282","선재도","2027-01-03 00:22","571","저조"
"SO_1282","선재도","2027-01-03 06:57","220","고조"
"SO_1282","선재도","2027-01-03 13:39","638","저조"
"SO_1282","선재도","2027-01-01 04:40","197","고조"
"SO_1282","선재도","2027-01-01 10:59","625","저조"
"SO_1282","선재도","2027-01-01 17:10","271","고조"
"SO_1282","선재도","2027-01-01 23:05","604","저조"
"SO_1282","선재도","2027-01-02 05:43","219","고조"
"SO_1282","선재도","2027-01-02 12:18","618","저조"
"SO_1282","선재도","2027-01-02 18:35","306","고조"
"SO_1282","선재도","2027-01-03 00:22","571","저조"
"SO_1282","선재도","2027-01-03 06:57","220","고조"
"SO_1282","선재도","2027-01-03 13:39","638","저조"
"SO_1282","선재도","2027-01-01 04:40","197","고조"
"SO_1282","선재도","2027-01-01 10:59","625","저조"
"SO_1282","선재도","2027-01-01 17:10","271","고조"
"SO_1282","선재도","2027-01-01 23:05","604","저조"
"SO_1282","선재도","2027-01-02 05:43","219","고조"
"SO_1282","선재도","2027-01-02 12:18","618","저조"
"SO_1282","선재도","2027-01-02 18:35","306","고조"
"SO_1282","선재도","2027-01-03 00:22","571","저조"
"SO_1282","선재도","2027-01-03 06:57","220","고조"
"SO_1282","선재도","2027-01-03 13:39","638","저조"
"SO_1282","선재도","2027-01-01 04:40","197","고조"
"SO_1282","선재도","2027-01-01 10:59","625","저조"
"SO_1282","선재도","2027-01-01 17:10","271","고조"
"SO_1282","선재도","2027-01-01 23:05","604","저조"
"SO_1282","선재도","2027-01-02 05:43","219","고조"
"SO_1282","선재도","2027-01-02 12:18","618","저조"
"SO_1282","선재도","2027-01-02 18:35","306","고조"
"SO_1282","선재도","2027-01-03 00:22","571","저조"
"SO_1282","선재도","2027-01-03 06:57","220","고조"
"SO_1282","선재도","2027-01-03 13:39","638","저조"
"SO_1282","선재도","2027-01-01 04:40","197","고조"
"SO_1282","선재도","2027-01-01 10:59","625","저조"
"SO_1282","선재도","2027-01-01 17:10","271","고조"
"SO_1282","선재도","2027-01-01 23:05","604","저조"
"SO_1282","선재도","2027-01-02 05:43","219","고조"
"SO_1282","선재도","2027-01-02 12:18","618","저조"
"SO_1282","선재도","2027-01-02 18:35","306","고조"
"SO_1282","선재도","2027-01-03 00:22","571","저조"
"SO_1282","선재도","2027-01-03 06:57","220","고조"
"SO_1282","선재도","2027-01-03 13:39","638","저조"
"SO_1282","선재도","2027-01-01 04:40","197","고조"
"SO_1282","선재도","2027-01-01 10:59","625","저조"
"SO_1282","선재도","2027-01-01 17:10","271","고조"
"SO_1282","선재도","2027-01-01 23:05","604","저조"
"SO_1282","선재도","2027-01-02 05:43","219","고조"
"SO_1282","선재도","2027-01-02 12:18","618","저조"
"SO_1282","선재도","2027-01-02 18:35","306","고조"
"SO_1282","선재도","2027-01-03 00:22","571","저조"
"SO_1282","선재도","2027-01-03 06:57","220","고조"
"SO_1282","선재도","2027-01-03 13:39","638","저조"
"SO_1282","선재도","2027-01-01 04:40","197","고조"
"SO_1282","선재도","2027-01-01 10:59","625","저조"
"SO_1282","선재도","2027-01-01 17:10","271","고조"
"SO_1282","선재도","2027-01-01 23:05","604","저조"
"SO_1282","선재도","2027-01-02 05:43","219","고조"
"SO_1282","선재도","2027-01-02 12:18","618","저조"
"SO_1282","선재도","2027-01-02 18:35","306","고조"
"SO_1282","선재도","2027-01-03 00:22","571","저조"
"SO_1282","선재도","2027-01-03 06:57","220","고조"
"SO_1282","선재도","2027-01-03 13:39","638","저조"
"SO_1282","선재도","2027-01-01 04:40","197","고조"
"SO_1282","선재도","2027-01-01 10:59","625","저조"
"SO_1282","선재도","2027-01-01 17:10","271","고조"
"SO_1282","선재도","2027-01-01 23:05","604","저조"
"SO_1282","선재도","2027-01-02 05:43","219","고조"
"SO_1282","선재도","2027-01-02 12:18","618","저조"
"SO_1282","선재도","2027-01-02 18:35","306","고조"
"SO_1282","선재도","2027-01-03 00:22","571","저조"
"SO_1282","선재도","2027-01-03 06:57","220","고조"
"SO_1282","선재도","2027-01-03 13:39","638","저조"
"SO_1282","선재도","2027-01-01 04:40","197","고조"
"SO_1282","선재도","2027-01-01 10:59","625","저조"
"SO_1282","선재도","2027-01-01 17:10","271","고조"
"SO_1282","선재도","2027-01-01 23:05","604","저조"
"SO_1282","선재도","2027-01-02 05:43","219","고조"
"SO_1282","선재도","2027-01-02 12:18","618","저조"
"SO_1282","선재도","2027-01-02 18:35","306","고조"
"SO_1282","선재도","2027-01-03 00:22","571","저조"
"SO_1282","선재도","2027-01-03 06:57","220","고조"
"SO_1282","선재도","2027-01-03 13:39","638","저조"
"SO_1282","선재도","2027-01-01 04:40","197","고조"
"SO_1282","선재도","2027-01-01 10:59","625","저조"
"SO_1282","선재도","2027-01-01 17:10","271","고조"
"SO_1282","선재도","2027-01-01 23:05","604","저조"
"SO_1282","선재도","2027-01-02 05:43","219","고조"
"SO_1282","선재도","2027-01-02 12:18","618","저조"
"SO_1282","선재도","2027-01-02 18:35","306","고조"
"SO_1282","선재도","2027-01-03 00:22","571","저조"
"SO_1282","선재도","2027-01-03 06:57","220","고조"
"SO_1282","선재도","2027-01-03 13:39","638","저조"
"SO_1282","선재도","2027-01-01 04:40","197","고조"
"SO_1282","선재도","2027-01-01 10:59","625","저조"
"SO_1282","선재도","2027-01-01 17:10","271","고조"
"SO_1282","선재도","2027-01-01 23:05","604","저조"
"SO_1282","선재도","2027-01-02 05:43","219","고조"
"SO_1282","선재도","2027-01-02 12:18","618","저조"
"SO_1282","선재도","2027-01-02 18:35","306","고조"
"SO_1282","선재도","2027-01-03 00:22","571","저조"
"SO_1282","선재도","2027-01-03 06:57","220","고조"
"SO_1282","선재도","2027-01-03 13:39","638","저조"
"SO_1282","선재도","2027-01-01 04:40","197","고조"
"SO_1282","선재도","2027-01-01 10:59","625","저조"
"SO_1282","선재도","2027-01-01 17:10","271","고조"
"SO_1282","선재도","2027-01-01 23:05","604","저조"
"SO_1282","선재도","2027-01-02 05:43","219","고조"
"SO_1282","선재도","2027-01-02 12:18","618","저조"
"SO_1282","선재도","2027-01-02 18:35","306","고조"
"SO_1282","선재도","2027-01-03 00:22","571","저조"
"SO_1282","선재도","2027-01-03 06:57","220","고조"
"SO_1282","선재도","2027-01-03 13:39","638","저조"
"SO_1282","선재도","2027-01-01 04:40","197","고조"
"SO_1282","선재도","2027-01-01 10:59","625","저조"
"SO_1282","선재도","2027-01-01 17:10","271","고조"
"SO_1282","선재도","2027-01-01 23:05","604","저조"
"SO_1282","선재도","2027-01-02 05:43","219","고조"
"SO_1282","선재도","2027-01-02 12:18","618","저조"
"SO_1282","선재도","2027-01-02 18:35","306","고조"
"SO_1282","선재도","2027-01-03 00:22","571","저조"
"SO_1282","선재도","2027-01-03 06:57","220","고조"
"SO_1282","선재도","2027-01-03 13:39","638","저조"
"SO_1282","선재도","2027-01-01 04:40","197","고조"
"SO_1282","선재도","2027-01-01 10:59","625","저조"
"SO_1282","선재도","2027-01-01 17:10","271","고조"
"SO_1282","선재도","2027-01-01 23:05","604","저조"
"SO_1282","선재도","2027-01-02 05:43","219","고조"
"SO_1282","선재도","2027-01-02 12:18","618","저조"
"SO_1282","선재도","2027-01-02 18:35","306","고조"
"SO_1282","선재도","2027-01-03 00:22","571","저조"
"SO_1282","선재도","2027-01-03 06:57","220","고조"
"SO_1282","선재도","2027-01-03 13:39","638","저조"
"SO_1282","선재도","2027-01-01 04:40","197","고조"
"SO_1282","선재도","2027-01-01 10:59","625","저조"
"SO_1282","선재도","2027-01-01 17:10","271","고조"
"SO_1282","선재도","2027-01-01 23:05","604","저조"
"SO_1282","선재도","2027-01-02 05:43","219","고조"
"SO_1282","선재도","2027-01-02 12:18","618","저조"
"SO_1282","선재도","2027-01-02 18:35","306","고조"
"SO_1282","선재도","2027-01-03 00:22","571","저조"
"SO_1282","선재도","2027-01-03 06:57","220","고조"
"SO_1282","선재도","2027-01-03 13:39","638","저조"
"SO_1282","선재도","2027-01-01 04:40","197","고조"
"SO_1282","선재도","2027-01-01 10:59","625","저조"
"SO_1282","선재도","2027-01-01 17:10","271","고조"
"SO_1282","선재도","2027-01-01 23:05","604","저조"
"SO_1282","선재도","2027-01-02 05:43","219","고조"
"SO_1282","선재도","2027-01-02 12:18","618","저조"
"SO_1282","선재도","2027-01-02 18:35","306","고조"
"SO_1282","선재도","2027-01-03 00:22","571","저조"
"SO_1282","선재도","2027-01-03 06:57","220","고조"
"SO_1282","선재도","2027-01-03 13:39","638","저조"
"SO_1282","선재도","2027-01-01 04:40","197","고조"
"SO_1282","선재도","2027-01-01 10:59","625","저조"
"SO_1282","선재도","2027-01-01 17:10","271","고조"
"SO_1282","선재도","2027-01-01 23:05","604","저조"
"SO_1282","선재도","2027-01-02 05:43","219","고조"
"SO_1282","선재도","2027-01-02 12:18","618","저조"
"SO_1282","선재도","2027-01-02 18:35","306","고조"
"SO_1282","선재도","2027-01-03 00:22","571","저조"
"SO_1282","선재도","2027-01-03 06:57","220","고조"
"SO_1282","선재도","2027-01-03 13:39","638","저조"
"SO_1282","선재도","2027-01-01 04:40","197","고조"
"SO_1282","선재도","2027-01-01 10:59","625","저조"
"SO_1282","선재도","2027-01-01 17:10","271","고조"
"SO_1282","선재도","2027-01-01 23:05","604","저조"
"SO_1282","선재도","2027-01-02 05:43","219","고조"
"SO_1282","선재도","2027-01-02 12:18","618","저조"
"SO_1282","선재도","2027-01-02 18:35","306","고조"
"SO_1282","선재도","2027-01-03 00:22","571","저조"
"SO_1282","선재도","2027-01-03 06:57","220","고조"
"SO_1282","선재도","2027-01-03 13:39","638","저조"
"SO_1282","선재도","2027-01-01 04:40","197","고조"
"SO_1282","선재도","2027-01-01 10:59","625","저조"
"SO_1282","선재도","2027-01-01 17:10","271","고조"
"SO_1282","선재도","2027-01-01 23:05","604","저조"
"SO_1282","선재도","2027-01-02 05:43","219","고조"
"SO_1282","선재도","2027-01-02 12:18","618","저조"
"SO_1282","선재도","2027-01-02 18:35","306","고조"
"SO_1282","선재도","2027-01-03 00:22","571","저조"
"SO_1282","선재도","2027-01-03 06:57","220","고조"
"SO_1282","선재도","2027-01-03 13:39","638","저조"
"SO_1282","선재도","2027-01-01 04:40","197","고조"
"SO_1282","선재도","2027-01-01 10:59","625","저조"
"SO_1282","선재도","2027-01-01 17:10","271","고조"
"SO_1282","선재도","2027-01-01 23:05","604","저조"
"SO_1282","선재도","2027-01-02 05:43","219","고조"
"SO_1282","선재도","2027-01-02 12:18","618","저조"
"SO_1282","선재도","2027-01-02 18:35","306","고조"
"SO_1282","선재도","2027-01-03 00:22","571","저조"
"SO_1282","선재도","2027-01-03 06:57","220","고조"
"SO_1282","선재도","2027-01-03 13:39","638","저조"
"SO_1282","선재도","2027-01-01 04:40","197","고조"
"SO_1282","선재도","2027-01-01 10:59","625","저조"
"SO_1282","선재도","2027-01-01 17:10","271","고조"
"SO_1282","선재도","2027-01-01 23:05","604","저조"
"SO_1282","선재도","2027-01-02 05:43","219","고조"
"SO_1282","선재도","2027-01-02 12:18","618","저조"
"SO_1282","선재도","2027-01-02 18:35","306","고조"
"SO_1282","선재도","2027-01-03 00:22","571","저조"
"SO_1282","선재도","2027-01-03 06:57","220","고조"
"SO_1282","선재도","2027-01-03 13:39","638","저조"
"SO_1282","선재도","2027-01-01 04:40","197","고조"
"SO_1282","선재도","2027-01-01 10:59","625","저조"
"SO_1282","선재도","2027-01-01 17:10","271","고조"
"SO_1282","선재도","2027-01-01 23:05","604","저조"
"SO_1282","선재도","2027-01-02 05:43","219","고조"
"SO_1282","선재도","2027-01-02 12:18","618","저조"
"SO_1282","선재도","2027-01-02 18:35","306","고조"
"SO_1282","선재도","2027-01-03 00:22","571","저조"
"SO_1282","선재도","2027-01-03 06:57","220","고조"
"SO_1282","선재도","2027-01-03 13:39","638","저조"
"SO_1282","선재도","2027-01-01 04:40","197","고조"
"SO_1282","선재도","2027-01-01 10:59","625","저조"
"SO_1282","선재도","2027-01-01 17:10","271","고조"
"SO_1282","선재도","2027-01-01 23:05","604","저조"
"SO_1282","선재도","2027-01-02 05:43","219","고조"
"SO_1282","선재도","2027-01-02 12:18","618","저조"
"SO_1282","선재도","2027-01-02 18:35","306","고조"
"SO_1282","선재도","2027-01-03 00:22","571","저조"
"SO_1282","선재도","2027-01-03 06:57","220","고조"
"SO_1282","선재도","2027-01-03 13:39","638","저조"
"SO_1282","선재도","2027-01-01 04:40","197","고조"
"SO_1282","선재도","2027-01-01 10:59","625","저조"
"SO_1282","선재도","2027-01-01 17:10","271","고조"
"SO_1282","선재도","2027-01-01 23:05","604","저조"
"SO_1282","선재도","2027-01-02 05:43","219","고조"
"SO_1282","선재도","2027-01-02 12:18","618","저조"
"SO_1282","선재도","2027-01-02 18:35","306","고조"
"SO_1282","선재도","2027-01-03 00:22","571","저조"
"SO_1282","선재도","2027-01-03 06:57","220","고조"
"SO_1282","선재도","2027-01-03 13:39","638","저조"
"SO_1282","선재도","2027-01-01 04:40","197","고조"
"SO_1282","선재도","2027-01-01 10:59","625","저조"
"SO_1282","선재도","2027-01-01 17:10","271","고조"
"SO_1282","선재도","2027-01-01 23:05","604","저조"
"SO_1282","선재도","2027-01-02 05:43","219","고조"
"SO_1282","선재도","2027-01-02 12:18","618","저조"
"SO_1282","선재도","2027-01-02 18:35","306","고조"
"SO_1282","선재도","2027-01-03 00:22","571","저조"
"SO_1282","선재도","2027-01-03 06:57","220","고조"
"SO_1282","선재도","2027-01-03 13:39","638","저조"
"SO_1282","선재도","2027-01-01 04:40","197","고조"
"SO_1282","선재도","2027-01-01 10:59","625","저조"
"SO_1282","선재도","2027-01-01 17:10","271","고조"
"SO_1282","선재도","2027-01-01 23:05","604","저조"
"SO_1282","선재도","2027-01-02 05:43","219","고조"
"SO_1282","선재도","2027-01-02 12:18","618","저조"
"SO_1282","선재도","2027-01-02 18:35","306","고조"
"SO_1282","선재도","2027-01-03 00:22","571","저조"
"SO_1282","선재도","2027-01-03 06:57","220","고조"
"SO_1282","선재도","2027-01-03 13:39","638","저조"
"SO_1282","선재도","2027-01-01 04:40","197","고조"
"SO_1282","선재도","2027-01-01 10:59","625","저조"
"SO_1282","선재도","2027-01-01 17:10","271","고조"
"SO_1282","선재도","2027-01-01 23:05","604","저조"
"SO_1282","선재도","2027-01-02 05:43","219","고조"
"SO_1282","선재도","2027-01-02 12:18","618","저조"
"SO_1282","선재도","2027-01-02 18:35","306","고조"
"SO_1282","선재도","2027-01-03 00:22","571","저조"
"SO_1282","선재도","2027-01-03 06:57","220","고조"
"SO_1282","선재도","2027-01-03 13:39","638","저조"
"SO_1282","선재도","2027-01-01 04:40","197","고조"
"SO_1282","선재도","2027-01-01 10:59","625","저조"
"SO_1282","선재도","2027-01-01 17:10","271","고조"
"SO_1282","선재도","2027-01-01 23:05","604","저조"
"SO_1282","선재도","2027-01-02 05:43","219","고조"
"SO_1282","선재도","2027-01-02 12:18","618","저조"
"SO_1282","선재도","2027-01-02 18:35","306","고조"
"SO_1282","선재도","2027-01-03 00:22","571","저조"
"SO_1282","선재도","2027-01-03 06:57","220","고조"
"SO_1282","선재도","2027-01-03 13:39","638","저조"
"SO_1282","선재도","2027-01-01 04:40","197","고조"
"SO_1282","선재도","2027-01-01 10:59","625","저조"
"SO_1282","선재도","2027-01-01 17:10","271","고조"
"SO_1282","선재도","2027-01-01 23:05","604","저조"
"SO_1282","선재도","2027-01-02 05:43","219","고조"
"SO_1282","선재도","2027-01-02 12:18","618","저조"
"SO_1282","선재도","2027-01-02 18:35","306","고조"
"SO_1282","선재도","2027-01-03 00:22","571","저조"
"SO_1282","선재도","2027-01-03 06:57","220","고조"
"SO_1282","선재도","2027-01-03 13:39","638","저조"
"SO_1282","선재도","2027-01-01 04:40","197","고조"
"SO_1282","선재도","2027-01-01 10:59","625","저조"
"SO_1282","선재도","2027-01-01 17:10","271","고조"
"SO_1282","선재도","2027-01-01 23:05","604","저조"
"SO_1282","선재도","2027-01-02 05:43","219","고조"
"SO_1282","선재도","2027-01-02 12:18","618","저조"
"SO_1282","선재도","2027-01-02 18:35","306","고조"
"SO_1282","선재도","2027-01-03 00:22","571","저조"
"SO_1282","선재도","2027-01-03 06:57","220","고조"
"SO_1282","선재도","2027-01-03 13:39","638","저조"
"SO_1282","선재도","2027-01-01 04:40","197","고조"
"SO_1282","선재도","2027-01-01 10:59","625","저조"
"SO_1282","선재도","2027-01-01 17:10","271","고조"
"SO_1282","선재도","2027-01-01 23:05","604","저조"
"SO_1282","선재도","2027-01-02 05:43","219","고조"
"SO_1282","선재도","2027-01-02 12:18","618","저조"
"SO_1282","선재도","2027-01-02 18:35","306","고조"
"SO_1282","선재도","2027-01-03 00:22","571","저조"
"SO_1282","선재도","2027-01-03 06:57","220","고조"
"SO_1282","선재도","2027-01-03 13:39","638","저조"
"SO_1282","선재도","2027-01-01 04:40","197","고조"
"SO_1282","선재도","2027-01-01 10:59","625","저조"
"SO_1282","선재도","2027-01-01 17:10","271","고조"
"SO_1282","선재도","2027-01-01 23:05","604","저조"
"SO_1282","선재도","2027-01-02 05:43","219","고조"
"SO_1282","선재도","2027-01-02 12:18","618","저조"
"SO_1282","선재도","2027-01-02 18:35","306","고조"
"SO_1282","선재도","2027-01-03 00:22","571","저조"
"SO_1282","선재도","2027-01-03 06:57","220","고조"
"SO_1282","선재도","2027-01-03 13:39","638","저조"
"SO_1282","선재도","2027-01-01 04:40","197","고조"
"SO_1282","선재도","2027-01-01 10:59","625","저조"
"SO_1282","선재도","2027-01-01 17:10","271","고조"
"SO_1282","선재도","2027-01-01 23:05","604","저조"
"SO_1282","선재도","2027-01-02 05:43","219","고조"
"SO_1282","선재도","2027-01-02 12:18","618","저조"
"SO_1282","선재도","2027-01-02 18:35","306","고조"
"SO_1282","선재도","2027-01-03 00:22","571","저조"
"SO_1282","선재도","2027-01-03 06:57","220","고조"
"SO_1282","선재도","2027-01-03 13:39","638","저조"
"SO_1282","선재도","2027-01-01 04:40","197","고조"
"SO_1282","선재도","2027-01-01 10:59","625","저조"
"SO_1282","선재도","2027-01-01 17:10","271","고조"
"SO_1282","선재도","2027-01-01 23:05","604","저조"
"SO_1282","선재도","2027-01-02 05:43","219","고조"
"SO_1282","선재도","2027-01-02 12:18","618","저조"
"SO_1282","선재도","2027-01-02 18:35","306","고조"
"SO_1282","선재도","2027-01-03 00:22","571","저조"
"SO_1282","선재도","2027-01-03 06:57","220","고조"
"SO_1282","선재도","2027-01-03 13:39","638","저조"
"SO_1282","선재도","2027-01-01 04:40","197","고조"
"SO_1282","선재도","2027-01-01 10:59","625","저조"
"SO_1282","선재도","2027-01-01 17:10","271","고조"
"SO_1282","선재도","2027-01-01 23:05","604","저조"
"SO_1282","선재도","2027-01-02 05:43","219","고조"
"SO_1282","선재도","2027-01-02 12:18","618","저조"
"SO_1282","선재도","2027-01-02 18:35","306","고조"
"SO_1282","선재도","2027-01-03 00:22","571","저조"
"SO_1282","선재도","2027-01-03 06:57","220","고조"
"SO_1282","선재도","2027-01-03 13:39","638","저조"
"SO_1282","선재도","2027-01-01 04:40","197","고조"
"SO_1282","선재도","2027-01-01 10:59","625","저조"
"SO_1282","선재도","2027-01-01 17:10","271","고조"
"SO_1282","선재도","2027-01-01 23:05","604","저조"
"SO_1282","선재도","2027-01-02 05:43","219","고조"
"SO_1282","선재도","2027-01-02 12:18","618","저조"
"SO_1282","선재도","2027-01-02 18:35","306","고조"
"SO_1282","선재도","2027-01-03 00:22","571","저조"
"SO_1282","선재도","2027-01-03 06:57","220","고조"
"SO_1282","선재도","2027-01-03 13:39","638","저조"
"SO_1282","선재도","2027-01-01 04:40","197","고조"
"SO_1282","선재도","2027-01-01 10:59","625","저조"
"SO_1282","선재도","2027-01-01 17:10","271","고조"
"SO_1282","선재도","2027-01-01 23:05","604","저조"
"SO_1282","선재도","2027-01-02 05:43","219","고조"
"SO_1282","선재도","2027-01-02 12:18","618","저조"
"SO_1282","선재도","2027-01-02 18:35","306","고조"
"SO_1282","선재도","2027-01-03 00:22","571","저조"
"SO_1282","선재도","2027-01-03 06:57","220","고조"
"SO_1282","선재도","2027-01-03 13:39","638","저조"
"SO_1282","선재도","2027-01-01 04:40","197","고조"
"SO_1282","선재도","2027-01-01 10:59","625","저조"
"SO_1282","선재도","2027-01-01 17:10","271","고조"
"SO_1282","선재도","2027-01-01 23:05","604","저조"
"SO_1282","선재도","2027-01-02 05:43","219","고조"
"SO_1282","선재도","2027-01-02 12:18","618","저조"
"SO_1282","선재도","2027-01-02 18:35","306","고조"
"SO_1282","선재도","2027-01-03 00:22","571","저조"
"SO_1282","선재도","2027-01-03 06:57","220","고조"
"SO_1282","선재도","2027-01-03 13:39","638","저조"
"SO_1282","선재도","2027-01-01 04:40","197","고조"
"SO_1282","선재도","2027-01-01 10:59","625","저조"
"SO_1282","선재도","2027-01-01 17:10","271","고조"
"SO_1282","선재도","2027-01-01 23:05","604","저조"
"SO_1282","선재도","2027-01-02 05:43","219","고조"
"SO_1282","선재도","2027-01-02 12:18","618","저조"
"SO_1282","선재도","2027-01-02 18:35","306","고조"
"SO_1282","선재도","2027-01-03 00:22","571","저조"
"SO_1282","선재도","2027-01-03 06:57","220","고조"
"SO_1282","선재도","2027-01-03 13:39","638","저조"
"SO_1282","선재도","2027-01-01 04:40","197","고조"
"SO_1282","선재도","2027-01-01 10:59","625","저조"
"SO_1282","선재도","2027-01-01 17:10","271","고조"
"SO_1282","선재도","2027-01-01 23:05","604","저조"
"SO_1282","선재도","2027-01-02 05:43","219","고조"
"SO_1282","선재도","2027-01-02 12:18","618","저조"
"SO_1282","선재도","2027-01-02 18:35","306","고조"
"SO_1282","선재도","2027-01-03 00:22","571","저조"
"SO_1282","선재도","2027-01-03 06:57","220","고조"
"SO_1282","선재도","2027-01-03 13:39","638","저조"
"SO_1282","선재도","2027-01-01 04:40","197","고조"
"SO_1282","선재도","2027-01-01 10:59","625","저조"
"SO_1282","선재도","2027-01-01 17:10","271","고조"
"SO_1282","선재도","2027-01-01 23:05","604","저조"
"SO_1282","선재도","2027-01-02 05:43","219","고조"
"SO_1282","선재도","2027-01-02 12:18","618","저조"
"SO_1282","선재도","2027-01-02 18:35","306","고조"
"SO_1282","선재도","2027-01-03 00:22","571","저조"
"SO_1282","선재도","2027-01-03 06:57","220","고조"
"SO_1282","선재도","2027-01-03 13:39","638","저조"
"SO_1282","선재도","2027-01-01 04:40","197","고조"
"SO_1282","선재도","2027-01-01 10:59","625","저조"
"SO_1282","선재도","2027-01-01 17:10","271","고조"
"SO_1282","선재도","2027-01-01 23:05","604","저조"
"SO_1282","선재도","2027-01-02 05:43","219","고조"
"SO_1282","선재도","2027-01-02 12:18","618","저조"
"SO_1282","선재도","2027-01-02 18:35","306","고조"
"SO_1282","선재도","2027-01-03 00:22","571","저조"
"SO_1282","선재도","2027-01-03 06:57","220","고조"
"SO_1282","선재도","2027-01-03 13:39","638","저조"
"SO_1282","선재도","2027-01-01 04:40","197","고조"
"SO_1282","선재도","2027-01-01 10:59","625","저조"
"SO_1282","선재도","2027-01-01 17:10","271","고조"
"SO_1282","선재도","2027-01-01 23:05","604","저조"
"SO_1282","선재도","2027-01-02 05:43","219","고조"
"SO_1282","선재도","2027-01-02 12:18","618","저조"
"SO_1282","선재도","2027-01-02 18:35","306","고조"
"SO_1282","선재도","2027-01-03 00:22","571","저조"
"SO_1282","선재도","2027-01-03 06:57","220","고조"
"SO_1282","선재도","2027-01-03 13:39","638","저조"
"SO_1282","선재도","2027-01-01 04:40","197","고조"
"SO_1282","선재도","2027-01-01 10:59","625","저조"
"SO_1282","선재도","2027-01-01 17:10","271","고조"
"SO_1282","선재도","2027-01-01 23:05","604","저조"
"SO_1282","선재도","2027-01-02 05:43","219","고조"
"SO_1282","선재도","2027-01-02 12:18","618","저조"
"SO_1282","선재도","2027-01-02 18:35","306","고조"
"SO_1282","선재도","2027-01-03 00:22","571","저조"
"SO_1282","선재도","2027-01-03 06:57","220","고조"
"SO_1282","선재도","2027-01-03 13:39","638","저조"
"SO_1282","선재도","2027-01-01 04:40","197","고조"
"SO_1282","선재도","2027-01-01 10:59","625","저조"
"SO_1282","선재도","2027-01-01 17:10","271","고조"
"SO_1282","선재도","2027-01-01 23:05","604","저조"
"SO_1282","선재도","2027-01-02 05:43","219","고조"
"SO_1282","선재도","2027-01-02 12:18","618","저조"
"SO_1282","선재도","2027-01-02 18:35","306","고조"
"SO_1282","선재도","2027-01-03 00:22","571","저조"
"SO_1282","선재도","2027-01-03 06:57","220","고조"
"SO_1282","선재도","2027-01-03 13:39","638","저조"
"SO_1282","선재도","2027-01-01 04:40","197","고조"
"SO_1282","선재도","2027-01-01 10:59","625","저조"
"SO_1282","선재도","2027-01-01 17:10","271","고조"
"SO_1282","선재도","2027-01-01 23:05","604","저조"
"SO_1282","선재도","2027-01-02 05:43","219","고조"
"SO_1282","선재도","2027-01-02 12:18","618","저조"
"SO_1282","선재도","2027-01-02 18:35","306","고조"
"SO_1282","선재도","2027-01-03 00:22","571","저조"
"SO_1282","선재도","2027-01-03 06:57","220","고조"
"SO_1282","선재도","2027-01-03 13:39","638","저조"
"SO_1282","선재도","2027-01-01 04:40","197","고조"
"SO_1282","선재도","2027-01-01 10:59","625","저조"
"SO_1282","선재도","2027-01-01 17:10","271","고조"
"SO_1282","선재도","2027-01-01 23:05","604","저조"
"SO_1282","선재도","2027-01-02 05:43","219","고조"
"SO_1282","선재도","2027-01-02 12:18","618","저조"
"SO_1282","선재도","2027-01-02 18:35","306","고조"
"SO_1282","선재도","2027-01-03 00:22","571","저조"
"SO_1282","선재도","2027-01-03 06:57","220","고조"
"SO_1282","선재도","2027-01-03 13:39","638","저조"
"SO_1282","선재도","2027-01-01 04:40","197","고조"
"SO_1282","선재도","2027-01-01 10:59","625","저조"
"SO_1282","선재도","2027-01-01 17:10","271","고조"
"SO_1282","선재도","2027-01-01 23:05","604","저조"
"SO_1282","선재도","2027-01-02 05:43","219","고조"
"SO_1282","선재도","2027-01-02 12:18","618","저조"
"SO_1282","선재도","2027-01-02 18:35","306","고조"
"SO_1282","선재도","2027-01-03 00:22","571","저조"
"SO_1282","선재도","2027-01-03 06:57","220","고조"
"SO_1282","선재도","2027-01-03 13:39","638","저조"
"SO_1282","선재도","2027-01-01 04:40","197","고조"
"SO_1282","선재도","2027-01-01 10:59","625","저조"
"SO_1282","선재도","2027-01-01 17:10","271","고조"
"SO_1282","선재도","2027-01-01 23:05","604","저조"
"SO_1282","선재도","2027-01-02 05:43","219","고조"
"SO_1282","선재도","2027-01-02 12:18","618","저조"
"SO_1282","선재도","2027-01-02 18:35","306","고조"
"SO_1282","선재도","2027-01-03 00:22","571","저조"
"SO_1282","선재도","2027-01-03 06:57","220","고조"
"SO_1282","선재도","2027-01-03 13:39","638","저조"
"SO_1282","선재도","2027-01-01 04:40","197","고조"
"SO_1282","선재도","2027-01-01 10:59","625","저조"
"SO_1282","선재도","2027-01-01 17:10","271","고조"
"SO_1282","선재도","2027-01-01 23:05","604","저조"
"SO_1282","선재도","2027-01-02 05:43","219","고조"
"SO_1282","선재도","2027-01-02 12:18","618","저조"
"SO_1282","선재도","2027-01-02 18:35","306","고조"
"SO_1282","선재도","2027-01-03 00:22","571","저조"
"SO_1282","선재도","2027-01-03 06:57","220","고조"
"SO_1282","선재도","2027-01-03 13:39","638","저조"
"SO_1282","선재도","2027-01-01 04:40","197","고조"
"SO_1282","선재도","2027-01-01 10:59","625","저조"
"SO_1282","선재도","2027-01-01 17:10","271","고조"
"SO_1282","선재도","2027-01-01 23:05","604","저조"
"SO_1282","선재도","2027-01-02 05:43","219","고조"
"SO_1282","선재도","2027-01-02 12:18","618","저조"
"SO_1282","선재도","2027-01-02 18:35","306","고조"
"SO_1282","선재도","2027-01-03 00:22","571","저조"
"SO_1282","선재도","2027-01-03 06:57","220","고조"
"SO_1282","선재도","2027-01-03 13:39","638","저조"
"SO_1282","선재도","2027-01-01 04:40","197","고조"
"SO_1282","선재도","2027-01-01 10:59","625","저조"
"SO_1282","선재도","2027-01-01 17:10","271","고조"
"SO_1282","선재도","2027-01-01 23:05","604","저조"
"SO_1282","선재도","2027-01-02 05:43","219","고조"
"SO_1282","선재도","2027-01-02 12:18","618","저조"
"SO_1282","선재도","2027-01-02 18:35","306","고조"
"SO_1282","선재도","2027-01-03 00:22","571","저조"
"SO_1282","선재도","2027-01-03 06:57","220","고조"
"SO_1282","선재도","2027-01-03 13:39","638","저조"
"SO_1282","선재도","2027-01-01 04:40","197","고조"
"SO_1282","선재도","2027-01-01 10:59","625","저조"
"SO_1282","선재도","2027-01-01 17:10","271","고조"
"SO_1282","선재도","2027-01-01 23:05","604","저조"
"SO_1282","선재도","2027-01-02 05:43","219","고조"
"SO_1282","선재도","2027-01-02 12:18","618","저조"
"SO_1282","선재도","2027-01-02 18:35","306","고조"
"SO_1282","선재도","2027-01-03 00:22","571","저조"
"SO_1282","선재도","2027-01-03 06:57","220","고조"
"SO_1282","선재도","2027-01-03 13:39","638","저조"
"SO_1282","선재도","2027-01-01 04:40","197","고조"
"SO_1282","선재도","2027-01-01 10:59","625","저조"
"SO_1282","선재도","2027-01-01 17:10","271","고조"
"SO_1282","선재도","2027-01-01 23:05","604","저조"
"SO_1282","선재도","2027-01-02 05:43","219","고조"
"SO_1282","선재도","2027-01-02 12:18","618","저조"
"SO_1282","선재도","2027-01-02 18:35","306","고조"
"SO_1282","선재도","2027-01-03 00:22","571","저조"
"SO_1282","선재도","2027-01-03 06:57","220","고조"
"SO_1282","선재도","2027-01-03 13:39","638","저조"
"SO_1282","선재도","2027-01-01 04:40","197","고조"
"SO_1282","선재도","2027-01-01 10:59","625","저조"
"SO_1282","선재도","2027-01-01 17:10","271","고조"
"SO_1282","선재도","2027-01-01 23:05","604","저조"
"SO_1282","선재도","2027-01-02 05:43","219","고조"
"SO_1282","선재도","2027-01-02 12:18","618","저조"
"SO_1282","선재도","2027-01-02 18:35","306","고조"
"SO_1282","선재도","2027-01-03 00:22","571","저조"
"SO_1282","선재도","2027-01-03 06:57","220","고조"
"SO_1282","선재도","2027-01-03 13:39","638","저조"
"SO_1282","선재도","2027-01-01 04:40","197","고조"
"SO_1282","선재도","2027-01-01 10:59","625","저조"
"SO_1282","선재도","2027-01-01 17:10","271","고조"
"SO_1282","선재도","2027-01-01 23:05","604","저조"
"SO_1282","선재도","2027-01-02 05:43","219","고조"
"SO_1282","선재도","2027-01-02 12:18","618","저조"
"SO_1282","선재도","2027-01-02 18:35","306","고조"
"SO_1282","선재도","2027-01-03 00:22","571","저조"
"SO_1282","선재도","2027-01-03 06:57","220","고조"
"SO_1282","선재도","2027-01-03 13:39","638","저조"
"SO_1282","선재도","2027-01-01 04:40","197","고조"
"SO_1282","선재도","2027-01-01 10:59","625","저조"
"SO_1282","선재도","2027-01-01 17:10","271","고조"
"SO_1282","선재도","2027-01-01 23:05","604","저조"
"SO_1282","선재도","2027-01-02 05:43","219","고조"
"SO_1282","선재도","2027-01-02 12:18","618","저조"
"SO_1282","선재도","2027-01-02 18:35","306","고조"
"SO_1282","선재도","2027-01-03 00:22","571","저조"
"SO_1282","선재도","2027-01-03 06:57","220","고조"
"SO_1282","선재도","2027-01-03 13:39","638","저조"
"SO_1282","선재도","2027-01-01 04:40","197","고조"
"SO_1282","선재도","2027-01-01 10:59","625","저조"
"SO_1282","선재도","2027-01-01 17:10","271","고조"
"SO_1282","선재도","2027-01-01 23:05","604","저조"
"SO_1282","선재도","2027-01-02 05:43","219","고조"
"SO_1282","선재도","2027-01-02 12:18","618","저조"
"SO_1282","선재도","2027-01-02 18:35","306","고조"
"SO_1282","선재도","2027-01-03 00:22","571","저조"
"SO_1282","선재도","2027-01-03 06:57","220","고조"
"SO_1282","선재도","2027-01-03 13:39","638","저조"
"SO_1282","선재도","2027-01-01 04:40","197","고조"
"SO_1282","선재도","2027-01-01 10:59","625","저조"
"SO_1282","선재도","2027-01-01 17:10","271","고조"
"SO_1282","선재도","2027-01-01 23:05","604","저조"
"SO_1282","선재도","2027-01-02 05:43","219","고조"
"SO_1282","선재도","2027-01-02 12:18","618","저조"
"SO_1282","선재도","2027-01-02 18:35","306","고조"
"SO_1282","선재도","2027-01-03 00:22","571","저조"
"SO_1282","선재도","2027-01-03 06:57","220","고조"
"SO_1282","선재도","2027-01-03 13:39","638","저조"
"SO_1282","선재도","2027-01-01 04:40","197","고조"
"SO_1282","선재도","2027-01-01 10:59","625","저조"
"SO_1282","선재도","2027-01-01 17:10","271","고조"
"SO_1282","선재도","2027-01-01 23:05","604","저조"
"SO_1282","선재도","2027-01-02 05:43","219","고조"
"SO_1282","선재도","2027-01-02 12:18","618","저조"
"SO_1282","선재도","2027-01-02 18:35","306","고조"
"SO_1282","선재도","2027-01-03 00:22","571","저조"
"SO_1282","선재도","2027-01-03 06:57","220","고조"
"SO_1282","선재도","2027-01-03 13:39","638","저조"
"SO_1282","선재도","2027-01-01 04:40","197","고조"
"SO_1282","선재도","2027-01-01 10:59","625","저조"
"SO_1282","선재도","2027-01-01 17:10","271","고조"
"SO_1282","선재도","2027-01-01 23:05","604","저조"
"SO_1282","선재도","2027-01-02 05:43","219","고조"
"SO_1282","선재도","2027-01-02 12:18","618","저조"
"SO_1282","선재도","2027-01-02 18:35","306","고조"
"SO_1282","선재도","2027-01-03 00:22","571","저조"
"SO_1282","선재도","2027-01-03 06:57","220","고조"
"SO_1282","선재도","2027-01-03 13:39","638","저조"
"SO_1282","선재도","2027-01-01 04:40","197","고조"
"SO_1282","선재도","2027-01-01 10:59","625","저조"
"SO_1282","선재도","2027-01-01 17:10","271","고조"
"SO_1282","선재도","2027-01-01 23:05","604","저조"
"SO_1282","선재도","2027-01-02 05:43","219","고조"
"SO_1282","선재도","2027-01-02 12:18","618","저조"
"SO_1282","선재도","2027-01-02 18:35","306","고조"
"SO_1282","선재도","2027-01-03 00:22","571","저조"
"SO_1282","선재도","2027-01-03 06:57","220","고조"
"SO_1282","선재도","2027-01-03 13:39","638","저조"
"SO_1282","선재도","2027-01-01 04:40","197","고조"
"SO_1282","선재도","2027-01-01 10:59","625","저조"
"SO_1282","선재도","2027-01-01 17:10","271","고조"
"SO_1282","선재도","2027-01-01 23:05","604","저조"
"SO_1282","선재도","2027-01-02 05:43","219","고조"
"SO_1282","선재도","2027-01-02 12:18","618","저조"
"SO_1282","선재도","2027-01-02 18:35","306","고조"
"SO_1282","선재도","2027-01-03 00:22","571","저조"
"SO_1282","선재도","2027-01-03 06:57","220","고조"
"SO_1282","선재도","2027-01-03 13:39","638","저조"
"SO_1282","선재도","2027-01-01 04:40","197","고조"
"SO_1282","선재도","2027-01-01 10:59","625","저조"
"SO_1282","선재도","2027-01-01 17:10","271","고조"
"SO_1282","선재도","2027-01-01 23:05","604","저조"
"SO_1282","선재도","2027-01-02 05:43","219","고조"
"SO_1282","선재도","2027-01-02 12:18","618","저조"
"SO_1282","선재도","2027-01-02 18:35","306","고조"
"SO_1282","선재도","2027-01-03 00:22","571","저조"
"SO_1282","선재도","2027-01-03 06:57","220","고조"
"SO_1282","선재도","2027-01-03 13:39","638","저조"
"SO_1282","선재도","2027-01-01 04:40","197","고조"
"SO_1282","선재도","2027-01-01 10:59","625","저조"
"SO_1282","선재도","2027-01-01 17:10","271","고조"
"SO_1282","선재도","2027-01-01 23:05","604","저조"
"SO_1282","선재도","2027-01-02 05:43","219","고조"
"SO_1282","선재도","2027-01-02 12:18","618","저조"
"SO_1282","선재도","2027-01-02 18:35","306","고조"
"SO_1282","선재도","2027-01-03 00:22","571","저조"
"SO_1282","선재도","2027-01-03 06:57","220","고조"
"SO_1282","선재도","2027-01-03 13:39","638","저조"
"SO_1282","선재도","2027-01-01 04:40","197","고조"
"SO_1282","선재도","2027-01-01 10:59","625","저조"
"SO_1282","선재도","2027-01-01 17:10","271","고조"
"SO_1282","선재도","2027-01-01 23:05","604","저조"
"SO_1282","선재도","2027-01-02 05:43","219","고조"
"SO_1282","선재도","2027-01-02 12:18","618","저조"
"SO_1282","선재도","2027-01-02 18:35","306","고조"
"SO_1282","선재도","2027-01-03 00:22","571","저조"
"SO_1282","선재도","2027-01-03 06:57","220","고조"
"SO_1282","선재도","2027-01-03 13:39","638","저조"
"SO_1282","선재도","2027-01-01 04:40","197","고조"
"SO_1282","선재도","2027-01-01 10:59","625","저조"
"SO_1282","선재도","2027-01-01 17:10","271","고조"
"SO_1282","선재도","2027-01-01 23:05","604","저조"
"SO_1282","선재도","2027-01-02 05:43","219","고조"
"SO_1282","선재도","2027-01-02 12:18","618","저조"
"SO_1282","선재도","2027-01-02 18:35","306","고조"
"SO_1282","선재도","2027-01-03 00:22","571","저조"
"SO_1282","선재도","2027-01-03 06:57","220","고조"
"SO_1282","선재도","2027-01-03 13:39","638","저조"
"SO_1282","선재도","2027-01-01 04:40","197","고조"
"SO_1282","선재도","2027-01-01 10:59","625","저조"
"SO_1282","선재도","2027-01-01 17:10","271","고조"
"SO_1282","선재도","2027-01-01 23:05","604","저조"
"SO_1282","선재도","2027-01-02 05:43","219","고조"
"SO_1282","선재도","2027-01-02 12:18","618","저조"
"SO_1282","선재도","2027-01-02 18:35","306","고조"
"SO_1282","선재도","2027-01-03 00:22","571","저조"
"SO_1282","선재도","2027-01-03 06:57","220","고조"
"SO_1282","선재도","2027-01-03 13:39","638","저조"
"SO_1282","선재도","2027-01-01 04:40","197","고조"
"SO_1282","선재도","2027-01-01 10:59","625","저조"
"SO_1282","선재도","2027-01-01 17:10","271","고조"
"SO_1282","선재도","2027-01-01 23:05","604","저조"
"SO_1282","선재도","2027-01-02 05:43","219","고조"
"SO_1282","선재도","2027-01-02 12:18","618","저조"
"SO_1282","선재도","2027-01-02 18:35","306","고조"
"SO_1282","선재도","2027-01-03 00:22","571","저조"
"SO_1282","선재도","2027-01-03 06:57","220","고조"
"SO_1282","선재도","2027-01-03 13:39","638","저조"
"SO_1282","선재도","2027-01-01 04:40","197","고조"
"SO_1282","선재도","2027-01-01 10:59","625","저조"
"SO_1282","선재도","2027-01-01 17:10","271","고조"
"SO_1282","선재도","2027-01-01 23:05","604","저조"
"SO_1282","선재도","2027-01-02 05:43","219","고조"
"SO_1282","선재도","2027-01-02 12:18","618","저조"
"SO_1282","선재도","2027-01-02 18:35","306","고조"
"SO_1282","선재도","2027-01-03 00:22","571","저조"
"SO_1282","선재도","2027-01-03 06:57","220","고조"
"SO_1282","선재도","2027-01-03 13:39","638","저조"
"SO_1282","선재도","2027-01-01 04:40","197","고조"
"SO_1282","선재도","2027-01-01 10:59","625","저조"
"SO_1282","선재도","2027-01-01 17:10","271","고조"
"SO_1282","선재도","2027-01-01 23:05","604","저조"
"SO_1282","선재도","2027-01-02 05:43","219","고조"
"SO_1282","선재도","2027-01-02 12:18","618","저조"
"SO_1282","선재도","2027-01-02 18:35","306","고조"
"SO_1282","선재도","2027-01-03 00:22","571","저조"
"SO_1282","선재도","2027-01-03 06:57","220","고조"
"SO_1282","선재도","2027-01-03 13:39","638","저조"
"SO_1282","선재도","2027-01-01 04:40","197","고조"
"SO_1282","선재도","2027-01-01 10:59","625","저조"
"SO_1282","선재도","2027-01-01 17:10","271","고조"
"SO_1282","선재도","2027-01-01 23:05","604","저조"
"SO_1282","선재도","2027-01-02 05:43","219","고조"
"SO_1282","선재도","2027-01-02 12:18","618","저조"
"SO_1282","선재도","2027-01-02 18:35","306","고조"
"SO_1282","선재도","2027-01-03 00:22","571","저조"
"SO_1282","선재도","2027-01-03 06:57","220","고조"
"SO_1282","선재도","2027-01-03 13:39","638","저조"
"SO_1282","선재도","2027-01-01 04:40","197","고조"
"SO_1282","선재도","2027-01-01 10:59","625","저조"
"SO_1282","선재도","2027-01-01 17:10","271","고조"
"SO_1282","선재도","2027-01-01 23:05","604","저조"
"SO_1282","선재도","2027-01-02 05:43","219","고조"
"SO_1282","선재도","2027-01-02 12:18","618","저조"
"SO_1282","선재도","2027-01-02 18:35","306","고조"
"SO_1282","선재도","2027-01-03 00:22","571","저조"
"SO_1282","선재도","2027-01-03 06:57","220","고조"
"SO_1282","선재도","2027-01-03 13:39","638","저조"
"SO_1282","선재도","2027-01-01 04:40","197","고조"
"SO_1282","선재도","2027-01-01 10:59","625","저조"
"SO_1282","선재도","2027-01-01 17:10","271","고조"
"SO_1282","선재도","2027-01-01 23:05","604","저조"
"SO_1282","선재도","2027-01-02 05:43","219","고조"
"SO_1282","선재도","2027-01-02 12:18","618","저조"
"SO_1282","선재도","2027-01-02 18:35","306","고조"
"SO_1282","선재도","2027-01-03 00:22","571","저조"
"SO_1282","선재도","2027-01-03 06:57","220","고조"
"SO_1282","선재도","2027-01-03 13:39","638","저조"
"SO_1282","선재도","2027-01-01 04:40","197","고조"
"SO_1282","선재도","2027-01-01 10:59","625","저조"
"SO_1282","선재도","2027-01-01 17:10","271","고조"
"SO_1282","선재도","2027-01-01 23:05","604","저조"
"SO_1282","선재도","2027-01-02 05:43","219","고조"
"SO_1282","선재도","2027-01-02 12:18","618","저조"
"SO_1282","선재도","2027-01-02 18:35","306","고조"
"SO_1282","선재도","2027-01-03 00:22","571","저조"
"SO_1282","선재도","2027-01-03 06:57","220","고조"
"SO_1282","선재도","2027-01-03 13:39","638","저조"
"SO_1282","선재도","2027-01-01 04:40","197","고조"
"SO_1282","선재도","2027-01-01 10:59","625","저조"
"SO_1282","선재도","2027-01-01 17:10","271","고조"
"SO_1282","선재도","2027-01-01 23:05","604","저조"
"SO_1282","선재도","2027-01-02 05:43","219","고조"
"SO_1282","선재도","2027-01-02 12:18","618","저조"
"SO_1282","선재도","2027-01-02 18:35","306","고조"
"SO_1282","선재도","2027-01-03 00:22","571","저조"
"SO_1282","선재도","2027-01-03 06:57","220","고조"
"SO_1282","선재도","2027-01-03 13:39","638","저조"
"SO_1282","선재도","2027-01-01 04:40","197","고조"
"SO_1282","선재도","2027-01-01 10:59","625","저조"
"SO_1282","선재도","2027-01-01 17:10","271","고조"
"SO_1282","선재도","2027-01-01 23:05","604","저조"
"SO_1282","선재도","2027-01-02 05:43","219","고조"
"SO_1282","선재도","2027-01-02 12:18","618","저조"
"SO_1282","선재도","2027-01-02 18:35","306","고조"
"SO_1282","선재도","2027-01-03 00:22","571","저조"
"SO_1282","선재도","2027-01-03 06:57","220","고조"
"SO_1282","선재도","2027-01-03 13:39","638","저조"
"SO_1282","선재도","2027-01-01 04:40","197","고조"
"SO_1282","선재도","2027-01-01 10:59","625","저조"
"SO_1282","선재도","2027-01-01 17:10","271","고조"
"SO_1282","선재도","2027-01-01 23:05","604","저조"
"SO_1282","선재도","2027-01-02 05:43","219","고조"
"SO_1282","선재도","2027-01-02 12:18","618","저조"
"SO_1282","선재도","2027-01-02 18:35","306","고조"
"SO_1282","선재도","2027-01-03 00:22","571","저조"
"SO_1282","선재도","2027-01-03 06:57","220","고조"
"SO_1282","선재도","2027-01-03 13:39","638","저조"
"SO_1282","선재도","2027-01-01 04:40","197","고조"
"SO_1282","선재도","2027-01-01 10:59","625","저조"
"SO_1282","선재도","2027-01-01 17:10","271","고조"
"SO_1282","선재도","2027-01-01 23:05","604","저조"
"SO_1282","선재도","2027-01-02 05:43","219","고조"
"SO_1282","선재도","2027-01-02 12:18","618","저조"
"SO_1282","선재도","2027-01-02 18:35","306","고조"
"SO_1282","선재도","2027-01-03 00:22","571","저조"
"SO_1282","선재도","2027-01-03 06:57","220","고조"
"SO_1282","선재도","2027-01-03 13:39","638","저조"
"SO_1282","선재도","2027-01-01 04:40","197","고조"
"SO_1282","선재도","2027-01-01 10:59","625","저조"
"SO_1282","선재도","2027-01-01 17:10","271","고조"
"SO_1282","선재도","2027-01-01 23:05","604","저조"
"SO_1282","선재도","2027-01-02 05:43","219","고조"
"SO_1282","선재도","2027-01-02 12:18","618","저조"
"SO_1282","선재도","2027-01-02 18:35","306","고조"
"SO_1282","선재도","2027-01-03 00:22","571","저조"
"SO_1282","선재도","2027-01-03 06:57","220","고조"
"SO_1282","선재도","2027-01-03 13:39","638","저조"
"SO_1282","선재도","2027-01-01 04:40","197","고조"
"SO_1282","선재도","2027-01-01 10:59","625","저조"
"SO_1282","선재도","2027-01-01 17:10","271","고조"
"SO_1282","선재도","2027-01-01 23:05","604","저조"
"SO_1282","선재도","2027-01-02 05:43","219","고조"
"SO_1282","선재도","2027-01-02 12:18","618","저조"
"SO_1282","선재도","2027-01-02 18:35","306","고조"
"SO_1282","선재도","2027-01-03 00:22","571","저조"
"SO_1282","선재도","2027-01-03 06:57","220","고조"
"SO_1282","선재도","2027-01-03 13:39","638","저조"
"SO_1282","선재도","2027-01-01 04:40","197","고조"
"SO_1282","선재도","2027-01-01 10:59","625","저조"
"SO_1282","선재도","2027-01-01 17:10","271","고조"
"SO_1282","선재도","2027-01-01 23:05","604","저조"
"SO_1282","선재도","2027-01-02 05:43","219","고조"
"SO_1282","선재도","2027-01-02 12:18","618","저조"
"SO_1282","선재도","2027-01-02 18:35","306","고조"
"SO_1282","선재도","2027-01-03 00:22","571","저조"
"SO_1282","선재도","2027-01-03 06:57","220","고조"
"SO_1282","선재도","2027-01-03 13:39","638","저조"
"SO_1282","선재도","2027-01-01 04:40","197","고조"
"SO_1282","선재도","2027-01-01 10:59","625","저조"
"SO_1282","선재도","2027-01-01 17:10","271","고조"
"SO_1282","선재도","2027-01-01 23:05","604","저조"
"SO_1282","선재도","2027-01-02 05:43","219","고조"
"SO_1282","선재도","2027-01-02 12:18","618","저조"
"SO_1282","선재도","2027-01-02 18:35","306","고조"
"SO_1282","선재도","2027-01-03 00:22","571","저조"
"SO_1282","선재도","2027-01-03 06:57","220","고조"
"SO_1282","선재도","2027-01-03 13:39","638","저조"
"SO_1282","선재도","2027-01-01 04:40","197","고조"
"SO_1282","선재도","2027-01-01 10:59","625","저조"
"SO_1282","선재도","2027-01-01 17:10","271","고조"
"SO_1282","선재도","2027-01-01 23:05","604","저조"
"SO_1282","선재도","2027-01-02 05:43","219","고조"
"SO_1282","선재도","2027-01-02 12:18","618","저조"
"SO_1282","선재도","2027-01-02 18:35","306","고조"
"SO_1282","선재도","2027-01-03 00:22","571","저조"
"SO_1282","선재도","2027-01-03 06:57","220","고조"
"SO_1282","선재도","2027-01-03 13:39","638","저조"
"SO_1282","선재도","2027-01-01 04:40","197","고조"
"SO_1282","선재도","2027-01-01 10:59","625","저조"
"SO_1282","선재도","2027-01-01 17:10","271","고조"
"SO_1282","선재도","2027-01-01 23:05","604","저조"
"SO_1282","선재도","2027-01-02 05:43","219","고조"
"SO_1282","선재도","2027-01-02 12:18","618","저조"
"SO_1282","선재도","2027-01-02 18:35","306","고조"
"SO_1282","선재도","2027-01-03 00:22","571","저조"
"SO_1282","선재도","2027-01-03 06:57","220","고조"
"SO_1282","선재도","2027-01-03 13:39","638","저조"
"SO_1282","선재도","2027-01-01 04:40","197","고조"
"SO_1282","선재도","2027-01-01 10:59","625","저조"
"SO_1282","선재도","2027-01-01 17:10","271","고조"
"SO_1282","선재도","2027-01-01 23:05","604","저조"
"SO_1282","선재도","2027-01-02 05:43","219","고조"
"SO_1282","선재도","2027-01-02 12:18","618","저조"
"SO_1282","선재도","2027-01-02 18:35","306","고조"
"SO_1282","선재도","2027-01-03 00:22","571","저조"
"SO_1282","선재도","2027-01-03 06:57","220","고조"
"SO_1282","선재도","2027-01-03 13:39","638","저조"
"SO_1282","선재도","2027-01-01 04:40","197","고조"
"SO_1282","선재도","2027-01-01 10:59","625","저조"
"SO_1282","선재도","2027-01-01 17:10","271","고조"
"SO_1282","선재도","2027-01-01 23:05","604","저조"
"SO_1282","선재도","2027-01-02 05:43","219","고조"
"SO_1282","선재도","2027-01-02 12:18","618","저조"
"SO_1282","선재도","2027-01-02 18:35","306","고조"
"SO_1282","선재도","2027-01-03 00:22","571","저조"
"SO_1282","선재도","2027-01-03 06:57","220","고조"
"SO_1282","선재도","2027-01-03 13:39","638","저조"
"SO_1282","선재도","2027-01-01 04:40","197","고조"
"SO_1282","선재도","2027-01-01 10:59","625","저조"
"SO_1282","선재도","2027-01-01 17:10","271","고조"
"SO_1282","선재도","2027-01-01 23:05","604","저조"
"SO_1282","선재도","2027-01-02 05:43","219","고조"
"SO_1282","선재도","2027-01-02 12:18","618","저조"
"SO_1282","선재도","2027-01-02 18:35","306","고조"
"SO_1282","선재도","2027-01-03 00:22","571","저조"
"SO_1282","선재도","2027-01-03 06:57","220","고조"
"SO_1282","선재도","2027-01-03 13:39","638","저조"
"SO_1282","선재도","2027-01-01 04:40","197","고조"
"SO_1282","선재도","2027-01-01 10:59","625","저조"
"SO_1282","선재도","2027-01-01 17:10","271","고조"
"SO_1282","선재도","2027-01-01 23:05","604","저조"
"SO_1282","선재도","2027-01-02 05:43","219","고조"
"SO_1282","선재도","2027-01-02 12:18","618","저조"
"SO_1282","선재도","2027-01-02 18:35","306","고조"
"SO_1282","선재도","2027-01-03 00:22","571","저조"
"SO_1282","선재도","2027-01-03 06:57","220","고조"
"SO_1282","선재도","2027-01-03 13:39","638","저조"
"SO_1282","선재도","2027-01-01 04:40","197","고조"
"SO_1282","선재도","2027-01-01 10:59","625","저조"
"SO_1282","선재도","2027-01-01 17:10","271","고조"
"SO_1282","선재도","2027-01-01 23:05","604","저조"
"SO_1282","선재도","2027-01-02 05:43","219","고조"
"SO_1282","선재도","2027-01-02 12:18","618","저조"
"SO_1282","선재도","2027-01-02 18:35","306","고조"
"SO_1282","선재도","2027-01-03 00:22","571","저조"
"SO_1282","선재도","2027-01-03 06:57","220","고조"
"SO_1282","선재도","2027-01-03 13:39","638","저조"
"SO_1282","선재도","2027-01-01 04:40","197","고조"
"SO_1282","선재도","2027-01-01 10:59","625","저조"
"SO_1282","선재도","2027-01-01 17:10","271","고조"
"SO_1282","선재도","2027-01-01 23:05","604","저조"
"SO_1282","선재도","2027-01-02 05:43","219","고조"
"SO_1282","선재도","2027-01-02 12:18","618","저조"
"SO_1282","선재도","2027-01-02 18:35","306","고조"
"SO_1282","선재도","2027-01-03 00:22","571","저조"
"SO_1282","선재도","2027-01-03 06:57","220","고조"
"SO_1282","선재도","2027-01-03 13:39","638","저조"
"SO_1282","선재도","2027-01-01 04:40","197","고조"
"SO_1282","선재도","2027-01-01 10:59","625","저조"
"SO_1282","선재도","2027-01-01 17:10","271","고조"
"SO_1282","선재도","2027-01-01 23:05","604","저조"
"SO_1282","선재도","2027-01-02 05:43","219","고조"
"SO_1282","선재도","2027-01-02 12:18","618","저조"
"SO_1282","선재도","2027-01-02 18:35","306","고조"
"SO_1282","선재도","2027-01-03 00:22","571","저조"
"SO_1282","선재도","2027-01-03 06:57","220","고조"
"SO_1282","선재도","2027-01-03 13:39","638","저조"
"SO_1282","선재도","2027-01-01 04:40","197","고조"
"SO_1282","선재도","2027-01-01 10:59","625","저조"
"SO_1282","선재도","2027-01-01 17:10","271","고조"
"SO_1282","선재도","2027-01-01 23:05","604","저조"
"SO_1282","선재도","2027-01-02 05:43","219","고조"
"SO_1282","선재도","2027-01-02 12:18","618","저조"
"SO_1282","선재도","2027-01-02 18:35","306","고조"
"SO_1282","선재도","2027-01-03 00:22","571","저조"
"SO_1282","선재도","2027-01-03 06:57","220","고조"
"SO_1282","선재도","2027-01-03 13:39","638","저조"
"SO_1282","선재도","2027-01-01 04:40","197","고조"
"SO_1282","선재도","2027-01-01 10:59","625","저조"
"SO_1282","선재도","2027-01-01 17:10","271","고조"
"SO_1282","선재도","2027-01-01 23:05","604","저조"
"SO_1282","선재도","2027-01-02 05:43","219","고조"
"SO_1282","선재도","2027-01-02 12:18","618","저조"
"SO_1282","선재도","2027-01-02 18:35","306","고조"
"SO_1282","선재도","2027-01-03 00:22","571","저조"
"SO_1282","선재도","2027-01-03 06:57","220","고조"
"SO_1282","선재도","2027-01-03 13:39","638","저조"
"SO_1282","선재도","2027-01-01 04:40","197","고조"
"SO_1282","선재도","2027-01-01 10:59","625","저조"
"SO_1282","선재도","2027-01-01 17:10","271","고조"
"SO_1282","선재도","2027-01-01 23:05","604","저조"
"SO_1282","선재도","2027-01-02 05:43","219","고조"
"SO_1282","선재도","2027-01-02 12:18","618","저조"
"SO_1282","선재도","2027-01-02 18:35","306","고조"
"SO_1282","선재도","2027-01-03 00:22","571","저조"
"SO_1282","선재도","2027-01-03 06:57","220","고조"
"SO_1282","선재도","2027-01-03 13:39","638","저조"
"SO_1282","선재도","2027-01-01 04:40","197","고조"
"SO_1282","선재도","2027-01-01 10:59","625","저조"
"SO_1282","선재도","2027-01-01 17:10","271","고조"
"SO_1282","선재도","2027-01-01 23:05","604","저조"
"SO_1282","선재도","2027-01-02 05:43","219","고조"
"SO_1282","선재도","2027-01-02 12:18","618","저조"
"SO_1282","선재도","2027-01-02 18:35","306","고조"
"SO_1282","선재도","2027-01-03 00:22","571","저조"
"SO_1282","선재도","2027-01-03 06:57","220","고조"
"SO_1282","선재도","2027-01-03 13:39","638","저조"
"SO_1282","선재도","2027-01-01 04:40","197","고조"
"SO_1282","선재도","2027-01-01 10:59","625","저조"
"SO_1282","선재도","2027-01-01 17:10","271","고조"
"SO_1282","선재도","2027-01-01 23:05","604","저조"
"SO_1282","선재도","2027-01-02 05:43","219","고조"
"SO_1282","선재도","2027-01-02 12:18","618","저조"
"SO_1282","선재도","2027-01-02 18:35","306","고조"
"SO_1282","선재도","2027-01-03 00:22","571","저조"
"SO_1282","선재도","2027-01-03 06:57","220","고조"
"SO_1282","선재도","2027-01-03 13:39","638","저조"
"SO_1282","선재도","2027-01-01 04:40","197","고조"
"SO_1282","선재도","2027-01-01 10:59","625","저조"
"SO_1282","선재도","2027-01-01 17:10","271","고조"
"SO_1282","선재도","2027-01-01 23:05","604","저조"
"SO_1282","선재도","2027-01-02 05:43","219","고조"
"SO_1282","선재도","2027-01-02 12:18","618","저조"
"SO_1282","선재도","2027-01-02 18:35","306","고조"
"SO_1282","선재도","2027-01-03 00:22","571","저조"
"SO_1282","선재도","2027-01-03 06:57","220","고조"
"SO_1282","선재도","2027-01-03 13:39","638","저조"
"SO_1282","선재도","2027-01-01 04:40","197","고조"
"SO_1282","선재도","2027-01-01 10:59","625","저조"
"SO_1282","선재도","2027-01-01 17:10","271","고조"
"SO_1282","선재도","2027-01-01 23:05","604","저조"
"SO_1282","선재도","2027-01-02 05:43","219","고조"
"SO_1282","선재도","2027-01-02 12:18","618","저조"
"SO_1282","선재도","2027-01-02 18:35","306","고조"
"SO_1282","선재도","2027-01-03 00:22","571","저조"
"SO_1282","선재도","2027-01-03 06:57","220","고조"
"SO_1282","선재도","2027-01-03 13:39","638","저조"
"SO_1282","선재도","2027-01-01 04:40","197","고조"
"SO_1282","선재도","2027-01-01 10:59","625","저조"
"SO_1282","선재도","2027-01-01 17:10","271","고조"
"SO_1282","선재도","2027-01-01 23:05","604","저조"
"SO_1282","선재도","2027-01-02 05:43","219","고조"
"SO_1282","선재도","2027-01-02 12:18","618","저조"
"SO_1282","선재도","2027-01-02 18:35","306","고조"
"SO_1282","선재도","2027-01-03 00:22","571","저조"
"SO_1282","선재도","2027-01-03 06:57","220","고조"
"SO_1282","선재도","2027-01-03 13:39","638","저조"
"SO_1282","선재도","2027-01-01 04:40","197","고조"
"SO_1282","선재도","2027-01-01 10:59","625","저조"
"SO_1282","선재도","2027-01-01 17:10","271","고조"
"SO_1282","선재도","2027-01-01 23:05","604","저조"
"SO_1282","선재도","2027-01-02 05:43","219","고조"
"SO_1282","선재도","2027-01-02 12:18","618","저조"
"SO_1282","선재도","2027-01-02 18:35","306","고조"
"SO_1282","선재도","2027-01-03 00:22","571","저조"
"SO_1282","선재도","2027-01-03 06:57","220","고조"
"SO_1282","선재도","2027-01-03 13:39","638","저조"
"SO_1282","선재도","2027-01-01 04:40","197","고조"
"SO_1282","선재도","2027-01-01 10:59","625","저조"
"SO_1282","선재도","2027-01-01 17:10","271","고조"
"SO_1282","선재도","2027-01-01 23:05","604","저조"
"SO_1282","선재도","2027-01-02 05:43","219","고조"
"SO_1282","선재도","2027-01-02 12:18","618","저조"
"SO_1282","선재도","2027-01-02 18:35","306","고조"
"SO_1282","선재도","2027-01-03 00:22","571","저조"
"SO_1282","선재도","2027-01-03 06:57","220","고조"
"SO_1282","선재도","2027-01-03 13:39","638","저조"
"SO_1282","선재도","2027-01-01 04:40","197","고조"
"SO_1282","선재도","2027-01-01 10:59","625","저조"
"SO_1282","선재도","2027-01-01 17:10","271","고조"
"SO_1282","선재도","2027-01-01 23:05","604","저조"
"SO_1282","선재도","2027-01-02 05:43","219","고조"
"SO_1282","선재도","2027-01-02 12:18","618","저조"
"SO_1282","선재도","2027-01-02 18:35","306","고조"
"SO_1282","선재도","2027-01-03 00:22","571","저조"
"SO_1282","선재도","2027-01-03 06:57","220","고조"
"SO_1282","선재도","2027-01-03 13:39","638","저조"
"SO_1282","선재도","2027-01-01 04:40","197","고조"
"SO_1282","선재도","2027-01-01 10:59","625","저조"
"SO_1282","선재도","2027-01-01 17:10","271","고조"
"SO_1282","선재도","2027-01-01 23:05","604","저조"
"SO_1282","선재도","2027-01-02 05:43","219","고조"
"SO_1282","선재도","2027-01-02 12:18","618","저조"
"SO_1282","선재도","2027-01-02 18:35","306","고조"
"SO_1282","선재도","2027-01-03 00:22","571","저조"
"SO_1282","선재도","2027-01-03 06:57","220","고조"
"SO_1282","선재도","2027-01-03 13:39","638","저조"
"SO_1282","선재도","2027-01-01 04:40","197","고조"
"SO_1282","선재도","2027-01-01 10:59","625","저조"
"SO_1282","선재도","2027-01-01 17:10","271","고조"
"SO_1282","선재도","2027-01-01 23:05","604","저조"
"SO_1282","선재도","2027-01-02 05:43","219","고조"
"SO_1282","선재도","2027-01-02 12:18","618","저조"
"SO_1282","선재도","2027-01-02 18:35","306","고조"
"SO_1282","선재도","2027-01-03 00:22","571","저조"
"SO_1282","선재도","2027-01-03 06:57","220","고조"
"SO_1282","선재도","2027-01-03 13:39","638","저조"
"SO_1282","선재도","2027-01-01 04:40","197","고조"
"SO_1282","선재도","2027-01-01 10:59","625","저조"
"SO_1282","선재도","2027-01-01 17:10","271","고조"
"SO_1282","선재도","2027-01-01 23:05","604","저조"
"SO_1282","선재도","2027-01-02 05:43","219","고조"
"SO_1282","선재도","2027-01-02 12:18","618","저조"
"SO_1282","선재도","2027-01-02 18:35","306","고조"
"SO_1282","선재도","2027-01-03 00:22","571","저조"
"SO_1282","선재도","2027-01-03 06:57","220","고조"
"SO_1282","선재도","2027-01-03 13:39","638","저조"
"SO_1282","선재도","2027-01-01 04:40","197","고조"
"SO_1282","선재도","2027-01-01 10:59","625","저조"
"SO_1282","선재도","2027-01-01 17:10","271","고조"
"SO_1282","선재도","2027-01-01 23:05","604","저조"
"SO_1282","선재도","2027-01-02 05:43","219","고조"
"SO_1282","선재도","2027-01-02 12:18","618","저조"
"SO_1282","선재도","2027-01-02 18:35","306","고조"
"SO_1282","선재도","2027-01-03 00:22","571","저조"
"SO_1282","선재도","2027-01-03 06:57","220","고조"
"SO_1282","선재도","2027-01-03 13:39","638","저조"
"SO_1282","선재도","2027-01-01 04:40","197","고조"
"SO_1282","선재도","2027-01-01 10:59","625","저조"
"SO_1282","선재도","2027-01-01 17:10","271","고조"
"SO_1282","선재도","2027-01-01 23:05","604","저조"
"SO_1282","선재도","2027-01-02 05:43","219","고조"
"SO_1282","선재도","2027-01-02 12:18","618","저조"
"SO_1282","선재도","2027-01-02 18:35","306","고조"
"SO_1282","선재도","2027-01-03 00:22","571","저조"
"SO_1282","선재도","2027-01-03 06:57","220","고조"
"SO_1282","선재도","2027-01-03 13:39","638","저조"
"SO_1282","선재도","2027-01-01 04:40","197","고조"
"SO_1282","선재도","2027-01-01 10:59","625","저조"
"SO_1282","선재도","2027-01-01 17:10","271","고조"
"SO_1282","선재도","2027-01-01 23:05","604","저조"
"SO_1282","선재도","2027-01-02 05:43","219","고조"
"SO_1282","선재도","2027-01-02 12:18","618","저조"
"SO_1282","선재도","2027-01-02 18:35","306","고조"
"SO_1282","선재도","2027-01-03 00:22","571","저조"
"SO_1282","선재도","2027-01-03 06:57","220","고조"
"SO_1282","선재도","2027-01-03 13:39","638","저조"
"SO_1282","선재도","2027-01-01 04:40","197","고조"
"SO_1282","선재도","2027-01-01 10:59","625","저조"
"SO_1282","선재도","2027-01-01 17:10","271","고조"
"SO_1282","선재도","2027-01-01 23:05","604","저조"
"SO_1282","선재도","2027-01-02 05:43","219","고조"
"SO_1282","선재도","2027-01-02 12:18","618","저조"
"SO_1282","선재도","2027-01-02 18:35","306","고조"
"SO_1282","선재도","2027-01-03 00:22","571","저조"
"SO_1282","선재도","2027-01-03 06:57","220","고조"
"SO_1282","선재도","2027-01-03 13:39","638","저조"
"SO_1282","선재도","2027-01-01 04:40","197","고조"
"SO_1282","선재도","2027-01-01 10:59","625","저조"
"SO_1282","선재도","2027-01-01 17:10","271","고조"
"SO_1282","선재도","2027-01-01 23:05","604","저조"
"SO_1282","선재도","2027-01-02 05:43","219","고조"
"SO_1282","선재도","2027-01-02 12:18","618","저조"
"SO_1282","선재도","2027-01-02 18:35","306","고조"
"SO_1282","선재도","2027-01-03 00:22","571","저조"
"SO_1282","선재도","2027-01-03 06:57","220","고조"
"SO_1282","선재도","2027-01-03 13:39","638","저조"
"SO_1282","선재도","2027-01-01 04:40","197","고조"
"SO_1282","선재도","2027-01-01 10:59","625","저조"
"SO_1282","선재도","2027-01-01 17:10","271","고조"
"SO_1282","선재도","2027-01-01 23:05","604","저조"
"SO_1282","선재도","2027-01-02 05:43","219","고조"
"SO_1282","선재도","2027-01-02 12:18","618","저조"
"SO_1282","선재도","2027-01-02 18:35","306","고조"
"SO_1282","선재도","2027-01-03 00:22","571","저조"
"SO_1282","선재도","2027-01-03 06:57","220","고조"
"SO_1282","선재도","2027-01-03 13:39","638","저조"
"SO_1282","선재도","2027-01-01 04:40","197","고조"
"SO_1282","선재도","2027-01-01 10:59","625","저조"
"SO_1282","선재도","2027-01-01 17:10","271","고조"
"SO_1282","선재도","2027-01-01 23:05","604","저조"
"SO_1282","선재도","2027-01-02 05:43","219","고조"
"SO_1282","선재도","2027-01-02 12:18","618","저조"
"SO_1282","선재도","2027-01-02 18:35","306","고조"
"SO_1282","선재도","2027-01-03 00:22","571","저조"
"SO_1282","선재도","2027-01-03 06:57","220","고조"
"SO_1282","선재도","2027-01-03 13:39","638","저조"
"SO_1282","선재도","2027-01-01 04:40","197","고조"
"SO_1282","선재도","2027-01-01 10:59","625","저조"
"SO_1282","선재도","2027-01-01 17:10","271","고조"
"SO_1282","선재도","2027-01-01 23:05","604","저조"
"SO_1282","선재도","2027-01-02 05:43","219","고조"
"SO_1282","선재도","2027-01-02 12:18","618","저조"
"SO_1282","선재도","2027-01-02 18:35","306","고조"
"SO_1282","선재도","2027-01-03 00:22","571","저조"
"SO_1282","선재도","2027-01-03 06:57","220","고조"
"SO_1282","선재도","2027-01-03 13:39","638","저조"
"SO_1282","선재도","2027-01-01 04:40","197","고조"
"SO_1282","선재도","2027-01-01 10:59","625","저조"
"SO_1282","선재도","2027-01-01 17:10","271","고조"
"SO_1282","선재도","2027-01-01 23:05","604","저조"
"SO_1282","선재도","2027-01-02 05:43","219","고조"
"SO_1282","선재도","2027-01-02 12:18","618","저조"
"SO_1282","선재도","2027-01-02 18:35","306","고조"
"SO_1282","선재도","2027-01-03 00:22","571","저조"
"SO_1282","선재도","2027-01-03 06:57","220","고조"
"SO_1282","선재도","2027-01-03 13:39","638","저조"
"SO_1282","선재도","2027-01-01 04:40","197","고조"
"SO_1282","선재도","2027-01-01 10:59","625","저조"
"SO_1282","선재도","2027-01-01 17:10","271","고조"
"SO_1282","선재도","2027-01-01 23:05","604","저조"
"SO_1282","선재도","2027-01-02 05:43","219","고조"
"SO_1282","선재도","2027-01-02 12:18","618","저조"
"SO_1282","선재도","2027-01-02 18:35","306","고조"
"SO_1282","선재도","2027-01-03 00:22","571","저조"
"SO_1282","선재도","2027-01-03 06:57","220","고조"
"SO_1282","선재도","2027-01-03 13:39","638","저조"
"SO_1282","선재도","2027-01-01 04:40","197","고조"
"SO_1282","선재도","2027-01-01 10:59","625","저조"
"SO_1282","선재도","2027-01-01 17:10","271","고조"
"SO_1282","선재도","2027-01-01 23:05","604","저조"
"SO_1282","선재도","2027-01-02 05:43","219","고조"
"SO_1282","선재도","2027-01-02 12:18","618","저조"
"SO_1282","선재도","2027-01-02 18:35","306","고조"
"SO_1282","선재도","2027-01-03 00:22","571","저조"
"SO_1282","선재도","2027-01-03 06:57","220","고조"
"SO_1282","선재도","2027-01-03 13:39","638","저조"
"SO_1282","선재도","2027-01-01 04:40","197","고조"
"SO_1282","선재도","2027-01-01 10:59","625","저조"
"SO_1282","선재도","2027-01-01 17:10","271","고조"
"SO_1282","선재도","2027-01-01 23:05","604","저조"
"SO_1282","선재도","2027-01-02 05:43","219","고조"
"SO_1282","선재도","2027-01-02 12:18","618","저조"
"SO_1282","선재도","2027-01-02 18:35","306","고조"
"SO_1282","선재도","2027-01-03 00:22","571","저조"
"SO_1282","선재도","2027-01-03 06:57","220","고조"
"SO_1282","선재도","2027-01-03 13:39","638","저조"
"SO_1282","선재도","2027-01-01 04:40","197","고조"
"SO_1282","선재도","2027-01-01 10:59","625","저조"
"SO_1282","선재도","2027-01-01 17:10","271","고조"
"SO_1282","선재도","2027-01-01 23:05","604","저조"
"SO_1282","선재도","2027-01-02 05:43","219","고조"
"SO_1282","선재도","2027-01-02 12:18","618","저조"
"SO_1282","선재도","2027-01-02 18:35","306","고조"
"SO_1282","선재도","2027-01-03 00:22","571","저조"
"SO_1282","선재도","2027-01-03 06:57","220","고조"
"SO_1282","선재도","2027-01-03 13:39","638","저조"
"SO_1282","선재도","2027-01-01 04:40","197","고조"
"SO_1282","선재도","2027-01-01 10:59","625","저조"
"SO_1282","선재도","2027-01-01 17:10","271","고조"
"SO_1282","선재도","2027-01-01 23:05","604","저조"
"SO_1282","선재도","2027-01-02 05:43","219","고조"
"SO_1282","선재도","2027-01-02 12:18","618","저조"
"SO_1282","선재도","2027-01-02 18:35","306","고조"
"SO_1282","선재도","2027-01-03 00:22","571","저조"
"SO_1282","선재도","2027-01-03 06:57","220","고조"
"SO_1282","선재도","2027-01-03 13:39","638","저조"
"SO_1282","선재도","2027-01-01 04:40","197","고조"
"SO_1282","선재도","2027-01-01 10:59","625","저조"
"SO_1282","선재도","2027-01-01 17:10","271","고조"
"SO_1282","선재도","2027-01-01 23:05","604","저조"
"SO_1282","선재도","2027-01-02 05:43","219","고조"
"SO_1282","선재도","2027-01-02 12:18","618","저조"
"SO_1282","선재도","2027-01-02 18:35","306","고조"
"SO_1282","선재도","2027-01-03 00:22","571","저조"
"SO_1282","선재도","2027-01-03 06:57","220","고조"
"SO_1282","선재도","2027-01-03 13:39","638","저조"
"SO_1282","선재도","2027-01-01 04:40","197","고조"
"SO_1282","선재도","2027-01-01 10:59","625","저조"
"SO_1282","선재도","2027-01-01 17:10","271","고조"
"SO_1282","선재도","2027-01-01 23:05","604","저조"
"SO_1282","선재도","2027-01-02 05:43","219","고조"
"SO_1282","선재도","2027-01-02 12:18","618","저조"
"SO_1282","선재도","2027-01-02 18:35","306","고조"
"SO_1282","선재도","2027-01-03 00:22","571","저조"
"SO_1282","선재도","2027-01-03 06:57","220","고조"
"SO_1282","선재도","2027-01-03 13:39","638","저조"
"SO_1282","선재도","2027-01-01 04:40","197","고조"
"SO_1282","선재도","2027-01-01 10:59","625","저조"
"SO_1282","선재도","2027-01-01 17:10","271","고조"
"SO_1282","선재도","2027-01-01 23:05","604","저조"
"SO_1282","선재도","2027-01-02 05:43","219","고조"
"SO_1282","선재도","2027-01-02 12:18","618","저조"
"SO_1282","선재도","2027-01-02 18:35","306","고조"
"SO_1282","선재도","2027-01-03 00:22","571","저조"
"SO_1282","선재도","2027-01-03 06:57","220","고조"
"SO_1282","선재도","2027-01-03 13:39","638","저조"
"SO_1282","선재도","2027-01-01 04:40","197","고조"
"SO_1282","선재도","2027-01-01 10:59","625","저조"
"SO_1282","선재도","2027-01-01 17:10","271","고조"
"SO_1282","선재도","2027-01-01 23:05","604","저조"
"SO_1282","선재도","2027-01-02 05:43","219","고조"
"SO_1282","선재도","2027-01-02 12:18","618","저조"
"SO_1282","선재도","2027-01-02 18:35","306","고조"
"SO_1282","선재도","2027-01-03 00:22","571","저조"
"SO_1282","선재도","2027-01-03 06:57","220","고조"
"SO_1282","선재도","2027-01-03 13:39","638","저조"
"SO_1282","선재도","2027-01-01 04:40","197","고조"
"SO_1282","선재도","2027-01-01 10:59","625","저조"
"SO_1282","선재도","2027-01-01 17:10","271","고조"
"SO_1282","선재도","2027-01-01 23:05","604","저조"
"SO_1282","선재도","2027-01-02 05:43","219","고조"
"SO_1282","선재도","2027-01-02 12:18","618","저조"
"SO_1282","선재도","2027-01-02 18:35","306","고조"
"SO_1282","선재도","2027-01-03 00:22","571","저조"
"SO_1282","선재도","2027-01-03 06:57","220","고조"
"SO_1282","선재도","2027-01-03 13:39","638","저조"
"SO_1282","선재도","2027-01-01 04:40","197","고조"
"SO_1282","선재도","2027-01-01 10:59","625","저조"
"SO_1282","선재도","2027-01-01 17:10","271","고조"
"SO_1282","선재도","2027-01-01 23:05","604","저조"
"SO_1282","선재도","2027-01-02 05:43","219","고조"
"SO_1282","선재도","2027-01-02 12:18","618","저조"
"SO_1282","선재도","2027-01-02 18:35","306","고조"
"SO_1282","선재도","2027-01-03 00:22","571","저조"
"SO_1282","선재도","2027-01-03 06:57","220","고조"
"SO_1282","선재도","2027-01-03 13:39","638","저조"
"SO_1282","선재도","2027-01-01 04:40","197","고조"
"SO_1282","선재도","2027-01-01 10:59","625","저조"
"SO_1282","선재도","2027-01-01 17:10","271","고조"
"SO_1282","선재도","2027-01-01 23:05","604","저조"
"SO_1282","선재도","2027-01-02 05:43","219","고조"
"SO_1282","선재도","2027-01-02 12:18","618","저조"
"SO_1282","선재도","2027-01-02 18:35","306","고조"
"SO_1282","선재도","2027-01-03 00:22","571","저조"
"SO_1282","선재도","2027-01-03 06:57","220","고조"
"SO_1282","선재도","2027-01-03 13:39","638","저조"
"SO_1282","선재도","2027-01-01 04:40","197","고조"
"SO_1282","선재도","2027-01-01 10:59","625","저조"
"SO_1282","선재도","2027-01-01 17:10","271","고조"
"SO_1282","선재도","2027-01-01 23:05","604","저조"
"SO_1282","선재도","2027-01-02 05:43","219","고조"
"SO_1282","선재도","2027-01-02 12:18","618","저조"
"SO_1282","선재도","2027-01-02 18:35","306","고조"
"SO_1282","선재도","2027-01-03 00:22","571","저조"
"SO_1282","선재도","2027-01-03 06:57","220","고조"
"SO_1282","선재도","2027-01-03 13:39","638","저조"
"SO_1282","선재도","2027-01-01 04:40","197","고조"
"SO_1282","선재도","2027-01-01 10:59","625","저조"
"SO_1282","선재도","2027-01-01 17:10","271","고조"
"SO_1282","선재도","2027-01-01 23:05","604","저조"
"SO_1282","선재도","2027-01-02 05:43","219","고조"
"SO_1282","선재도","2027-01-02 12:18","618","저조"
"SO_1282","선재도","2027-01-02 18:35","306","고조"
"SO_1282","선재도","2027-01-03 00:22","571","저조"
"SO_1282","선재도","2027-01-03 06:57","220","고조"
"SO_1282","선재도","2027-01-03 13:39","638","저조"
"SO_1282","선재도","2027-01-01 04:40","197","고조"
"SO_1282","선재도","2027-01-01 10:59","625","저조"
"SO_1282","선재도","2027-01-01 17:10","271","고조"
"SO_1282","선재도","2027-01-01 23:05","604","저조"
"SO_1282","선재도","2027-01-02 05:43","219","고조"
"SO_1282","선재도","2027-01-02 12:18","618","저조"
"SO_1282","선재도","2027-01-02 18:35","306","고조"
"SO_1282","선재도","2027-01-03 00:22","571","저조"
"SO_1282","선재도","2027-01-03 06:57","220","고조"
"SO_1282","선재도","2027-01-03 13:39","638","저조"
"SO_1282","선재도","2027-01-01 04:40","197","고조"
"SO_1282","선재도","2027-01-01 10:59","625","저조"
"SO_1282","선재도","2027-01-01 17:10","271","고조"
"SO_1282","선재도","2027-01-01 23:05","604","저조"
"SO_1282","선재도","2027-01-02 05:43","219","고조"
"SO_1282","선재도","2027-01-02 12:18","618","저조"
"SO_1282","선재도","2027-01-02 18:35","306","고조"
"SO_1282","선재도","2027-01-03 00:22","571","저조"
"SO_1282","선재도","2027-01-03 06:57","220","고조"
"SO_1282","선재도","2027-01-03 13:39","638","저조"
"SO_1282","선재도","2027-01-01 04:40","197","고조"
"SO_1282","선재도","2027-01-01 10:59","625","저조"
"SO_1282","선재도","2027-01-01 17:10","271","고조"
"SO_1282","선재도","2027-01-01 23:05","604","저조"
"SO_1282","선재도","2027-01-02 05:43","219","고조"
"SO_1282","선재도","2027-01-02 12:18","618","저조"
"SO_1282","선재도","2027-01-02 18:35","306","고조"
"SO_1282","선재도","2027-01-03 00:22","571","저조"
"SO_1282","선재도","2027-01-03 06:57","220","고조"
"SO_1282","선재도","2027-01-03 13:39","638","저조"
"SO_1282","선재도","2027-01-01 04:40","197","고조"
"SO_1282","선재도","2027-01-01 10:59","625","저조"
"SO_1282","선재도","2027-01-01 17:10","271","고조"
"SO_1282","선재도","2027-01-01 23:05","604","저조"
"SO_1282","선재도","2027-01-02 05:43","219","고조"
"SO_1282","선재도","2027-01-02 12:18","618","저조"
"SO_1282","선재도","2027-01-02 18:35","306","고조"
"SO_1282","선재도","2027-01-03 00:22","571","저조"
"SO_1282","선재도","2027-01-03 06:57","220","고조"
"SO_1282","선재도","2027-01-03 13:39","638","저조"
"SO_1282","선재도","2027-01-01 04:40","197","고조"
"SO_1282","선재도","2027-01-01 10:59","625","저조"
"SO_1282","선재도","2027-01-01 17:10","271","고조"
"SO_1282","선재도","2027-01-01 23:05","604","저조"
"SO_1282","선재도","2027-01-02 05:43","219","고조"
"SO_1282","선재도","2027-01-02 12:18","618","저조"
"SO_1282","선재도","2027-01-02 18:35","306","고조"
"SO_1282","선재도","2027-01-03 00:22","571","저조"
"SO_1282","선재도","2027-01-03 06:57","220","고조"
"SO_1282","선재도","2027-01-03 13:39","638","저조"
"SO_1282","선재도","2027-01-01 04:40","197","고조"
"SO_1282","선재도","2027-01-01 10:59","625","저조"
"SO_1282","선재도","2027-01-01 17:10","271","고조"
"SO_1282","선재도","2027-01-01 23:05","604","저조"
"SO_1282","선재도","2027-01-02 05:43","219","고조"
"SO_1282","선재도","2027-01-02 12:18","618","저조"
"SO_1282","선재도","2027-01-02 18:35","306","고조"
"SO_1282","선재도","2027-01-03 00:22","571","저조"
"SO_1282","선재도","2027-01-03 06:57","220","고조"
"SO_1282","선재도","2027-01-03 13:39","638","저조"
"SO_1282","선재도","2027-01-01 04:40","197","고조"
"SO_1282","선재도","2027-01-01 10:59","625","저조"
"SO_1282","선재도","2027-01-01 17:10","271","고조"
"SO_1282","선재도","2027-01-01 23:05","604","저조"
"SO_1282","선재도","2027-01-02 05:43","219","고조"
"SO_1282","선재도","2027-01-02 12:18","618","저조"
"SO_1282","선재도","2027-01-02 18:35","306","고조"
"SO_1282","선재도","2027-01-03 00:22","571","저조"
"SO_1282","선재도","2027-01-03 06:57","220","고조"
"SO_1282","선재도","2027-01-03 13:39","638","저조"
"SO_1282","선재도","2027-01-01 04:40","197","고조"
"SO_1282","선재도","2027-01-01 10:59","625","저조"
"SO_1282","선재도","2027-01-01 17:10","271","고조"
"SO_1282","선재도","2027-01-01 23:05","604","저조"
"SO_1282","선재도","2027-01-02 05:43","219","고조"
"SO_1282","선재도","2027-01-02 12:18","618","저조"
"SO_1282","선재도","2027-01-02 18:35","306","고조"
"SO_1282","선재도","2027-01-03 00:22","571","저조"
"SO_1282","선재도","2027-01-03 06:57","220","고조"
"SO_1282","선재도","2027-01-03 13:39","638","저조"
"SO_1282","선재도","2027-01-01 04:40","197","고조"
"SO_1282","선재도","2027-01-01 10:59","625","저조"
"SO_1282","선재도","2027-01-01 17:10","271","고조"
"SO_1282","선재도","2027-01-01 23:05","604","저조"
"SO_1282","선재도","2027-01-02 05:43","219","고조"
"SO_1282","선재도","2027-01-02 12:18","618","저조"
"SO_1282","선재도","2027-01-02 18:35","306","고조"
"SO_1282","선재도","2027-01-03 00:22","571","저조"
"SO_1282","선재도","2027-01-03 06:57","220","고조"
"SO_1282","선재도","2027-01-03 13:39","638","저조"
"SO_1282","선재도","2027-01-01 04:40","197","고조"
"SO_1282","선재도","2027-01-01 10:59","625","저조"
"SO_1282","선재도","2027-01-01 17:10","271","고조"
"SO_1282","선재도","2027-01-01 23:05","604","저조"
"SO_1282","선재도","2027-01-02 05:43","219","고조"
"SO_1282","선재도","2027-01-02 12:18","618","저조"
"SO_1282","선재도","2027-01-02 18:35","306","고조"
"SO_1282","선재도","2027-01-03 00:22","571","저조"
"SO_1282","선재도","2027-01-03 06:57","220","고조"
"SO_1282","선재도","2027-01-03 13:39","638","저조"
"SO_1282","선재도","2027-01-01 04:40","197","고조"
"SO_1282","선재도","2027-01-01 10:59","625","저조"
"SO_1282","선재도","2027-01-01 17:10","271","고조"
"SO_1282","선재도","2027-01-01 23:05","604","저조"
"SO_1282","선재도","2027-01-02 05:43","219","고조"
"SO_1282","선재도","2027-01-02 12:18","618","저조"
"SO_1282","선재도","2027-01-02 18:35","306","고조"
"SO_1282","선재도","2027-01-03 00:22","571","저조"
"SO_1282","선재도","2027-01-03 06:57","220","고조"
"SO_1282","선재도","2027-01-03 13:39","638","저조"
"SO_1282","선재도","2027-01-01 04:40","197","고조"
"SO_1282","선재도","2027-01-01 10:59","625","저조"
"SO_1282","선재도","2027-01-01 17:10","271","고조"
"SO_1282","선재도","2027-01-01 23:05","604","저조"
"SO_1282","선재도","2027-01-02 05:43","219","고조"
"SO_1282","선재도","2027-01-02 12:18","618","저조"
"SO_1282","선재도","2027-01-02 18:35","306","고조"
"SO_1282","선재도","2027-01-03 00:22","571","저조"
"SO_1282","선재도","2027-01-03 06:57","220","고조"
"SO_1282","선재도","2027-01-03 13:39","638","저조"
"SO_1282","선재도","2027-01-01 04:40","197","고조"
"SO_1282","선재도","2027-01-01 10:59","625","저조"
"SO_1282","선재도","2027-01-01 17:10","271","고조"
"SO_1282","선재도","2027-01-01 23:05","604","저조"
"SO_1282","선재도","2027-01-02 05:43","219","고조"
"SO_1282","선재도","2027-01-02 12:18","618","저조"
"SO_1282","선재도","2027-01-02 18:35","306","고조"
"SO_1282","선재도","2027-01-03 00:22","571","저조"
"SO_1282","선재도","2027-01-03 06:57","220","고조"
"SO_1282","선재도","2027-01-03 13:39","638","저조"
"SO_1282","선재도","2027-01-01 04:40","197","고조"
"SO_1282","선재도","2027-01-01 10:59","625","저조"
"SO_1282","선재도","2027-01-01 17:10","271","고조"
"SO_1282","선재도","2027-01-01 23:05","604","저조"
"SO_1282","선재도","2027-01-02 05:43","219","고조"
"SO_1282","선재도","2027-01-02 12:18","618","저조"
"SO_1282","선재도","2027-01-02 18:35","306","고조"
"SO_1282","선재도","2027-01-03 00:22","571","저조"
"SO_1282","선재도","2027-01-03 06:57","220","고조"
"SO_1282","선재도","2027-01-03 13:39","638","저조"
"SO_1282","선재도","2027-01-01 04:40","197","고조"
"SO_1282","선재도","2027-01-01 10:59","625","저조"
"SO_1282","선재도","2027-01-01 17:10","271","고조"
"SO_1282","선재도","2027-01-01 23:05","604","저조"
"SO_1282","선재도","2027-01-02 05:43","219","고조"
"SO_1282","선재도","2027-01-02 12:18","618","저조"
"SO_1282","선재도","2027-01-02 18:35","306","고조"
"SO_1282","선재도","2027-01-03 00:22","571","저조"
"SO_1282","선재도","2027-01-03 06:57","220","고조"
"SO_1282","선재도","2027-01-03 13:39","638","저조"
"SO_1282","선재도","2027-01-01 04:40","197","고조"
"SO_1282","선재도","2027-01-01 10:59","625","저조"
"SO_1282","선재도","2027-01-01 17:10","271","고조"
"SO_1282","선재도","2027-01-01 23:05","604","저조"
"SO_1282","선재도","2027-01-02 05:43","219","고조"
"SO_1282","선재도","2027-01-02 12:18","618","저조"
"SO_1282","선재도","2027-01-02 18:35","306","고조"
"SO_1282","선재도","2027-01-03 00:22","571","저조"
"SO_1282","선재도","2027-01-03 06:57","220","고조"
"SO_1282","선재도","2027-01-03 13:39","638","저조"
"SO_1282","선재도","2027-01-01 04:40","197","고조"
"SO_1282","선재도","2027-01-01 10:59","625","저조"
"SO_1282","선재도","2027-01-01 17:10","271","고조"
"SO_1282","선재도","2027-01-01 23:05","604","저조"
"SO_1282","선재도","2027-01-02 05:43","219","고조"
"SO_1282","선재도","2027-01-02 12:18","618","저조"
"SO_1282","선재도","2027-01-02 18:35","306","고조"
"SO_1282","선재도","2027-01-03 00:22","571","저조"
"SO_1282","선재도","2027-01-03 06:57","220","고조"
"SO_1282","선재도","2027-01-03 13:39","638","저조"
"SO_1282","선재도","2027-01-01 04:40","197","고조"
"SO_1282","선재도","2027-01-01 10:59","625","저조"
"SO_1282","선재도","2027-01-01 17:10","271","고조"
"SO_1282","선재도","2027-01-01 23:05","604","저조"
"SO_1282","선재도","2027-01-02 05:43","219","고조"
"SO_1282","선재도","2027-01-02 12:18","618","저조"
"SO_1282","선재도","2027-01-02 18:35","306","고조"
"SO_1282","선재도","2027-01-03 00:22","571","저조"
"SO_1282","선재도","2027-01-03 06:57","220","고조"
"SO_1282","선재도","2027-01-03 13:39","638","저조"
"SO_1282","선재도","2027-01-01 04:40","197","고조"
"SO_1282","선재도","2027-01-01 10:59","625","저조"
"SO_1282","선재도","2027-01-01 17:10","271","고조"
"SO_1282","선재도","2027-01-01 23:05","604","저조"
"SO_1282","선재도","2027-01-02 05:43","219","고조"
"SO_1282","선재도","2027-01-02 12:18","618","저조"
"SO_1282","선재도","2027-01-02 18:35","306","고조"
"SO_1282","선재도","2027-01-03 00:22","571","저조"
"SO_1282","선재도","2027-01-03 06:57","220","고조"
"SO_1282","선재도","2027-01-03 13:39","638","저조"
"SO_1282","선재도","2027-01-01 04:40","197","고조"
"SO_1282","선재도","2027-01-01 10:59","625","저조"
"SO_1282","선재도","2027-01-01 17:10","271","고조"
"SO_1282","선재도","2027-01-01 23:05","604","저조"
"SO_1282","선재도","2027-01-02 05:43","219","고조"
"SO_1282","선재도","2027-01-02 12:18","618","저조"
"SO_1282","선재도","2027-01-02 18:35","306","고조"
"SO_1282","선재도","2027-01-03 00:22","571","저조"
"SO_1282","선재도","2027-01-03 06:57","220","고조"
"SO_1282","선재도","2027-01-03 13:39","638","저조"
"SO_1282","선재도","2027-01-01 04:40","197","고조"
"SO_1282","선재도","2027-01-01 10:59","625","저조"
"SO_1282","선재도","2027-01-01 17:10","271","고조"
"SO_1282","선재도","2027-01-01 23:05","604","저조"
"SO_1282","선재도","2027-01-02 05:43","219","고조"
"SO_1282","선재도","2027-01-02 12:18","618","저조"
"SO_1282","선재도","2027-01-02 18:35","306","고조"
"SO_1282","선재도","2027-01-03 00:22","571","저조"
"SO_1282","선재도","2027-01-03 06:57","220","고조"
"SO_1282","선재도","2027-01-03 13:39","638","저조"
"SO_1282","선재도","2027-01-01 04:40","197","고조"
"SO_1282","선재도","2027-01-01 10:59","625","저조"
"SO_1282","선재도","2027-01-01 17:10","271","고조"
"SO_1282","선재도","2027-01-01 23:05","604","저조"
"SO_1282","선재도","2027-01-02 05:43","219","고조"
"SO_1282","선재도","2027-01-02 12:18","618","저조"
"SO_1282","선재도","2027-01-02 18:35","306","고조"
"SO_1282","선재도","2027-01-03 00:22","571","저조"
"SO_1282","선재도","2027-01-03 06:57","220","고조"
"SO_1282","선재도","2027-01-03 13:39","638","저조"
"SO_1282","선재도","2027-01-01 04:40","197","고조"
"SO_1282","선재도","2027-01-01 10:59","625","저조"
"SO_1282","선재도","2027-01-01 17:10","271","고조"
"SO_1282","선재도","2027-01-01 23:05","604","저조"
"SO_1282","선재도","2027-01-02 05:43","219","고조"
"SO_1282","선재도","2027-01-02 12:18","618","저조"
"SO_1282","선재도","2027-01-02 18:35","306","고조"
"SO_1282","선재도","2027-01-03 00:22","571","저조"
"SO_1282","선재도","2027-01-03 06:57","220","고조"
"SO_1282","선재도","2027-01-03 13:39","638","저조"
"SO_1282","선재도","2027-01-01 04:40","197","고조"
"SO_1282","선재도","2027-01-01 10:59","625","저조"
"SO_1282","선재도","2027-01-01 17:10","271","고조"
"SO_1282","선재도","2027-01-01 23:05","604","저조"
"SO_1282","선재도","2027-01-02 05:43","219","고조"
"SO_1282","선재도","2027-01-02 12:18","618","저조"
"SO_1282","선재도","2027-01-02 18:35","306","고조"
"SO_1282","선재도","2027-01-03 00:22","571","저조"
"SO_1282","선재도","2027-01-03 06:57","220","고조"
"SO_1282","선재도","2027-01-03 13:39","638","저조"
"SO_1282","선재도","2027-01-01 04:40","197","고조"
"SO_1282","선재도","2027-01-01 10:59","625","저조"
"SO_1282","선재도","2027-01-01 17:10","271","고조"
"SO_1282","선재도","2027-01-01 23:05","604","저조"
"SO_1282","선재도","2027-01-02 05:43","219","고조"
"SO_1282","선재도","2027-01-02 12:18","618","저조"
"SO_1282","선재도","2027-01-02 18:35","306","고조"
"SO_1282","선재도","2027-01-03 00:22","571","저조"
"SO_1282","선재도","2027-01-03 06:57","220","고조"
"SO_1282","선재도","2027-01-03 13:39","638","저조"
"SO_1282","선재도","2027-01-01 04:40","197","고조"
"SO_1282","선재도","2027-01-01 10:59","625","저조"
"SO_1282","선재도","2027-01-01 17:10","271","고조"
"SO_1282","선재도","2027-01-01 23:05","604","저조"
"SO_1282","선재도","2027-01-02 05:43","219","고조"
"SO_1282","선재도","2027-01-02 12:18","618","저조"
"SO_1282","선재도","2027-01-02 18:35","306","고조"
"SO_1282","선재도","2027-01-03 00:22","571","저조"
"SO_1282","선재도","2027-01-03 06:57","220","고조"
"SO_1282","선재도","2027-01-03 13:39","638","저조"
"SO_1282","선재도","2027-01-01 04:40","197","고조"
"SO_1282","선재도","2027-01-01 10:59","625","저조"
"SO_1282","선재도","2027-01-01 17:10","271","고조"
"SO_1282","선재도","2027-01-01 23:05","604","저조"
"SO_1282","선재도","2027-01-02 05:43","219","고조"
"SO_1282","선재도","2027-01-02 12:18","618","저조"
"SO_1282","선재도","2027-01-02 18:35","306","고조"
"SO_1282","선재도","2027-01-03 00:22","571","저조"
"SO_1282","선재도","2027-01-03 06:57","220","고조"
"SO_1282","선재도","2027-01-03 13:39","638","저조"
"SO_1282","선재도","2027-01-01 04:40","197","고조"
"SO_1282","선재도","2027-01-01 10:59","625","저조"
"SO_1282","선재도","2027-01-01 17:10","271","고조"
"SO_1282","선재도","2027-01-01 23:05","604","저조"
"SO_1282","선재도","2027-01-02 05:43","219","고조"
"SO_1282","선재도","2027-01-02 12:18","618","저조"
"SO_1282","선재도","2027-01-02 18:35","306","고조"
"SO_1282","선재도","2027-01-03 00:22","571","저조"
"SO_1282","선재도","2027-01-03 06:57","220","고조"
"SO_1282","선재도","2027-01-03 13:39","638","저조"
"SO_1282","선재도","2027-01-01 04:40","197","고조"
"SO_1282","선재도","2027-01-01 10:59","625","저조"
"SO_1282","선재도","2027-01-01 17:10","271","고조"
"SO_1282","선재도","2027-01-01 23:05","604","저조"
"SO_1282","선재도","2027-01-02 05:43","219","고조"
"SO_1282","선재도","2027-01-02 12:18","618","저조"
"SO_1282","선재도","2027-01-02 18:35","306","고조"
"SO_1282","선재도","2027-01-03 00:22","571","저조"
"SO_1282","선재도","2027-01-03 06:57","220","고조"
"SO_1282","선재도","2027-01-03 13:39","638","저조"
"SO_1282","선재도","2027-01-01 04:40","197","고조"
"SO_1282","선재도","2027-01-01 10:59","625","저조"
"SO_1282","선재도","2027-01-01 17:10","271","고조"
"SO_1282","선재도","2027-01-01 23:05","604","저조"
"SO_1282","선재도","2027-01-02 05:43","219","고조"
"SO_1282","선재도","2027-01-02 12:18","618","저조"
"SO_1282","선재도","2027-01-02 18:35","306","고조"
"SO_1282","선재도","2027-01-03 00:22","571","저조"
"SO_1282","선재도","2027-01-03 06:57","220","고조"
"SO_1282","선재도","2027-01-03 13:39","638","저조"
"SO_1282","선재도","2027-01-01 04:40","197","고조"
"SO_1282","선재도","2027-01-01 10:59","625","저조"
"SO_1282","선재도","2027-01-01 17:10","271","고조"
"SO_1282","선재도","2027-01-01 23:05","604","저조"
"SO_1282","선재도","2027-01-02 05:43","219","고조"
"SO_1282","선재도","2027-01-02 12:18","618","저조"
"SO_1282","선재도","2027-01-02 18:35","306","고조"
"SO_1282","선재도","2027-01-03 00:22","571","저조"
"SO_1282","선재도","2027-01-03 06:57","220","고조"
"SO_1282","선재도","2027-01-03 13:39","638","저조"
"SO_1282","선재도","2027-01-01 04:40","197","고조"
"SO_1282","선재도","2027-01-01 10:59","625","저조"
"SO_1282","선재도","2027-01-01 17:10","271","고조"
"SO_1282","선재도","2027-01-01 23:05","604","저조"
"SO_1282","선재도","2027-01-02 05:43","219","고조"
"SO_1282","선재도","2027-01-02 12:18","618","저조"
"SO_1282","선재도","2027-01-02 18:35","306","고조"
"SO_1282","선재도","2027-01-03 00:22","571","저조"
"SO_1282","선재도","2027-01-03 06:57","220","고조"
"SO_1282","선재도","2027-01-03 13:39","638","저조"
"SO_1282","선재도","2027-01-01 04:40","197","고조"
"SO_1282","선재도","2027-01-01 10:59","625","저조"
"SO_1282","선재도","2027-01-01 17:10","271","고조"
"SO_1282","선재도","2027-01-01 23:05","604","저조"
"SO_1282","선재도","2027-01-02 05:43","219","고조"
"SO_1282","선재도","2027-01-02 12:18","618","저조"
"SO_1282","선재도","2027-01-02 18:35","306","고조"
"SO_1282","선재도","2027-01-03 00:22","571","저조"
"SO_1282","선재도","2027-01-03 06:57","220","고조"
"SO_1282","선재도","2027-01-03 13:39","638","저조"
"SO_1282","선재도","2027-01-01 04:40","197","고조"
"SO_1282","선재도","2027-01-01 10:59","625","저조"
"SO_1282","선재도","2027-01-01 17:10","271","고조"
"SO_1282","선재도","2027-01-01 23:05","604","저조"
"SO_1282","선재도","2027-01-02 05:43","219","고조"
"SO_1282","선재도","2027-01-02 12:18","618","저조"
"SO_1282","선재도","2027-01-02 18:35","306","고조"
"SO_1282","선재도","2027-01-03 00:22","571","저조"
"SO_1282","선재도","2027-01-03 06:57","220","고조"
"SO_1282","선재도","2027-01-03 13:39","638","저조"
"SO_1282","선재도","2027-01-01 04:40","197","고조"
"SO_1282","선재도","2027-01-01 10:59","625","저조"
"SO_1282","선재도","2027-01-01 17:10","271","고조"
"SO_1282","선재도","2027-01-01 23:05","604","저조"
"SO_1282","선재도","2027-01-02 05:43","219","고조"
"SO_1282","선재도","2027-01-02 12:18","618","저조"
"SO_1282","선재도","2027-01-02 18:35","306","고조"
"SO_1282","선재도","2027-01-03 00:22","571","저조"
"SO_1282","선재도","2027-01-03 06:57","220","고조"
"SO_1282","선재도","2027-01-03 13:39","638","저조"
"SO_1282","선재도","2027-01-01 04:40","197","고조"
"SO_1282","선재도","2027-01-01 10:59","625","저조"
"SO_1282","선재도","2027-01-01 17:10","271","고조"
"SO_1282","선재도","2027-01-01 23:05","604","저조"
"SO_1282","선재도","2027-01-02 05:43","219","고조"
"SO_1282","선재도","2027-01-02 12:18","618","저조"
"SO_1282","선재도","2027-01-02 18:35","306","고조"
"SO_1282","선재도","2027-01-03 00:22","571","저조"
"SO_1282","선재도","2027-01-03 06:57","220","고조"
"SO_1282","선재도","2027-01-03 13:39","638","저조"
"SO_1282","선재도","2027-01-01 04:40","197","고조"
"SO_1282","선재도","2027-01-01 10:59","625","저조"
"SO_1282","선재도","2027-01-01 17:10","271","고조"
"SO_1282","선재도","2027-01-01 23:05","604","저조"
"SO_1282","선재도","2027-01-02 05:43","219","고조"
"SO_1282","선재도","2027-01-02 12:18","618","저조"
"SO_1282","선재도","2027-01-02 18:35","306","고조"
"SO_1282","선재도","2027-01-03 00:22","571","저조"
"SO_1282","선재도","2027-01-03 06:57","220","고조"
"SO_1282","선재도","2027-01-03 13:39","638","저조"
"SO_1282","선재도","2027-01-01 04:40","197","고조"
"SO_1282","선재도","2027-01-01 10:59","625","저조"
"SO_1282","선재도","2027-01-01 17:10","271","고조"
"SO_1282","선재도","2027-01-01 23:05","604","저조"
"SO_1282","선재도","2027-01-02 05:43","219","고조"
"SO_1282","선재도","2027-01-02 12:18","618","저조"
"SO_1282","선재도","2027-01-02 18:35","306","고조"
"SO_1282","선재도","2027-01-03 00:22","571","저조"
"SO_1282","선재도","2027-01-03 06:57","220","고조"
"SO_1282","선재도","2027-01-03 13:39","638","저조"
"SO_1282","선재도","2027-01-01 04:40","197","고조"
"SO_1282","선재도","2027-01-01 10:59","625","저조"
"SO_1282","선재도","2027-01-01 17:10","271","고조"
"SO_1282","선재도","2027-01-01 23:05","604","저조"
"SO_1282","선재도","2027-01-02 05:43","219","고조"
"SO_1282","선재도","2027-01-02 12:18","618","저조"
"SO_1282","선재도","2027-01-02 18:35","306","고조"
"SO_1282","선재도","2027-01-03 00:22","571","저조"
"SO_1282","선재도","2027-01-03 06:57","220","고조"
"SO_1282","선재도","2027-01-03 13:39","638","저조"
"SO_1282","선재도","2027-01-01 04:40","197","고조"
"SO_1282","선재도","2027-01-01 10:59","625","저조"
"SO_1282","선재도","2027-01-01 17:10","271","고조"
"SO_1282","선재도","2027-01-01 23:05","604","저조"
"SO_1282","선재도","2027-01-02 05:43","219","고조"
"SO_1282","선재도","2027-01-02 12:18","618","저조"
"SO_1282","선재도","2027-01-02 18:35","306","고조"
"SO_1282","선재도","2027-01-03 00:22","571","저조"
"SO_1282","선재도","2027-01-03 06:57","220","고조"
"SO_1282","선재도","2027-01-03 13:39","638","저조"
"SO_1282","선재도","2027-01-01 04:40","197","고조"
"SO_1282","선재도","2027-01-01 10:59","625","저조"
"SO_1282","선재도","2027-01-01 17:10","271","고조"
"SO_1282","선재도","2027-01-01 23:05","604","저조"
"SO_1282","선재도","2027-01-02 05:43","219","고조"
"SO_1282","선재도","2027-01-02 12:18","618","저조"
"SO_1282","선재도","2027-01-02 18:35","306","고조"
"SO_1282","선재도","2027-01-03 00:22","571","저조"
"SO_1282","선재도","2027-01-03 06:57","220","고조"
"SO_1282","선재도","2027-01-03 13:39","638","저조"
"SO_1282","선재도","2027-01-01 04:40","197","고조"
"SO_1282","선재도","2027-01-01 10:59","625","저조"
"SO_1282","선재도","2027-01-01 17:10","271","고조"
"SO_1282","선재도","2027-01-01 23:05","604","저조"
"SO_1282","선재도","2027-01-02 05:43","219","고조"
"SO_1282","선재도","2027-01-02 12:18","618","저조"
"SO_1282","선재도","2027-01-02 18:35","306","고조"
"SO_1282","선재도","2027-01-03 00:22","571","저조"
"SO_1282","선재도","2027-01-03 06:57","220","고조"
"SO_1282","선재도","2027-01-03 13:39","638","저조"
"SO_1282","선재도","2027-01-01 04:40","197","고조"
"SO_1282","선재도","2027-01-01 10:59","625","저조"
"SO_1282","선재도","2027-01-01 17:10","271","고조"
"SO_1282","선재도","2027-01-01 23:05","604","저조"
"SO_1282","선재도","2027-01-02 05:43","219","고조"
"SO_1282","선재도","2027-01-02 12:18","618","저조"
"SO_1282","선재도","2027-01-02 18:35","306","고조"
"SO_1282","선재도","2027-01-03 00:22","571","저조"
"SO_1282","선재도","2027-01-03 06:57","220","고조"
"SO_1282","선재도","2027-01-03 13:39","638","저조"
"SO_1282","선재도","2027-01-01 04:40","197","고조"
"SO_1282","선재도","2027-01-01 10:59","625","저조"
"SO_1282","선재도","2027-01-01 17:10","271","고조"
"SO_1282","선재도","2027-01-01 23:05","604","저조"
"SO_1282","선재도","2027-01-02 05:43","219","고조"
"SO_1282","선재도","2027-01-02 12:18","618","저조"
"SO_1282","선재도","2027-01-02 18:35","306","고조"
"SO_1282","선재도","2027-01-03 00:22","571","저조"
"SO_1282","선재도","2027-01-03 06:57","220","고조"
"SO_1282","선재도","2027-01-03 13:39","638","저조"
"SO_1282","선재도","2027-01-01 04:40","197","고조"
"SO_1282","선재도","2027-01-01 10:59","625","저조"
"SO_1282","선재도","2027-01-01 17:10","271","고조"
"SO_1282","선재도","2027-01-01 23:05","604","저조"
"SO_1282","선재도","2027-01-02 05:43","219","고조"
"SO_1282","선재도","2027-01-02 12:18","618","저조"
"SO_1282","선재도","2027-01-02 18:35","306","고조"
"SO_1282","선재도","2027-01-03 00:22","571","저조"
"SO_1282","선재도","2027-01-03 06:57","220","고조"
"SO_1282","선재도","2027-01-03 13:39","638","저조"
"SO_1282","선재도","2027-01-01 04:40","197","고조"
"SO_1282","선재도","2027-01-01 10:59","625","저조"
"SO_1282","선재도","2027-01-01 17:10","271","고조"
"SO_1282","선재도","2027-01-01 23:05","604","저조"
"SO_1282","선재도","2027-01-02 05:43","219","고조"
"SO_1282","선재도","2027-01-02 12:18","618","저조"
"SO_1282","선재도","2027-01-02 18:35","306","고조"
"SO_1282","선재도","2027-01-03 00:22","571","저조"
"SO_1282","선재도","2027-01-03 06:57","220","고조"
"SO_1282","선재도","2027-01-03 13:39","638","저조"
"SO_1282","선재도","2027-01-01 04:40","197","고조"
"SO_1282","선재도","2027-01-01 10:59","625","저조"
"SO_1282","선재도","2027-01-01 17:10","271","고조"
"SO_1282","선재도","2027-01-01 23:05","604","저조"
"SO_1282","선재도","2027-01-02 05:43","219","고조"
"SO_1282","선재도","2027-01-02 12:18","618","저조"
"SO_1282","선재도","2027-01-02 18:35","306","고조"
"SO_1282","선재도","2027-01-03 00:22","571","저조"
"SO_1282","선재도","2027-01-03 06:57","220","고조"
"SO_1282","선재도","2027-01-03 13:39","638","저조"
"SO_1282","선재도","2027-01-01 04:40","197","고조"
"SO_1282","선재도","2027-01-01 10:59","625","저조"
"SO_1282","선재도","2027-01-01 17:10","271","고조"
"SO_1282","선재도","2027-01-01 23:05","604","저조"
"SO_1282","선재도","2027-01-02 05:43","219","고조"
"SO_1282","선재도","2027-01-02 12:18","618","저조"
"SO_1282","선재도","2027-01-02 18:35","306","고조"
"SO_1282","선재도","2027-01-03 00:22","571","저조"
"SO_1282","선재도","2027-01-03 06:57","220","고조"
"SO_1282","선재도","2027-01-03 13:39","638","저조"
"SO_1282","선재도","2027-01-01 04:40","197","고조"
"SO_1282","선재도","2027-01-01 10:59","625","저조"
"SO_1282","선재도","2027-01-01 17:10","271","고조"
"SO_1282","선재도","2027-01-01 23:05","604","저조"
"SO_1282","선재도","2027-01-02 05:43","219","고조"
"SO_1282","선재도","2027-01-02 12:18","618","저조"
"SO_1282","선재도","2027-01-02 18:35","306","고조"
"SO_1282","선재도","2027-01-03 00:22","571","저조"
"SO_1282","선재도","2027-01-03 06:57","220","고조"
"SO_1282","선재도","2027-01-03 13:39","638","저조"
"SO_1282","선재도","2027-01-01 04:40","197","고조"
"SO_1282","선재도","2027-01-01 10:59","625","저조"
"SO_1282","선재도","2027-01-01 17:10","271","고조"
"SO_1282","선재도","2027-01-01 23:05","604","저조"
"SO_1282","선재도","2027-01-02 05:43","219","고조"
"SO_1282","선재도","2027-01-02 12:18","618","저조"
"SO_1282","선재도","2027-01-02 18:35","306","고조"
"SO_1282","선재도","2027-01-03 00:22","571","저조"
"SO_1282","선재도","2027-01-03 06:57","220","고조"
"SO_1282","선재도","2027-01-03 13:39","638","저조"
"SO_1282","선재도","2027-01-01 04:40","197","고조"
"SO_1282","선재도","2027-01-01 10:59","625","저조"
"SO_1282","선재도","2027-01-01 17:10","271","고조"
"SO_1282","선재도","2027-01-01 23:05","604","저조"
"SO_1282","선재도","2027-01-02 05:43","219","고조"
"SO_1282","선재도","2027-01-02 12:18","618","저조"
"SO_1282","선재도","2027-01-02 18:35","306","고조"
"SO_1282","선재도","2027-01-03 00:22","571","저조"
"SO_1282","선재도","2027-01-03 06:57","220","고조"
"SO_1282","선재도","2027-01-03 13:39","638","저조"
"SO_1282","선재도","2027-01-01 04:40","197","고조"
"SO_1282","선재도","2027-01-01 10:59","625","저조"
"SO_1282","선재도","2027-01-01 17:10","271","고조"
"SO_1282","선재도","2027-01-01 23:05","604","저조"
"SO_1282","선재도","2027-01-02 05:43","219","고조"
"SO_1282","선재도","2027-01-02 12:18","618","저조"
"SO_1282","선재도","2027-01-02 18:35","306","고조"
"SO_1282","선재도","2027-01-03 00:22","571","저조"
"SO_1282","선재도","2027-01-03 06:57","220","고조"
"SO_1282","선재도","2027-01-03 13:39","638","저조"
"SO_1282","선재도","2027-01-01 04:40","197","고조"
"SO_1282","선재도","2027-01-01 10:59","625","저조"
"SO_1282","선재도","2027-01-01 17:10","271","고조"
"SO_1282","선재도","2027-01-01 23:05","604","저조"
"SO_1282","선재도","2027-01-02 05:43","219","고조"
"SO_1282","선재도","2027-01-02 12:18","618","저조"
"SO_1282","선재도","2027-01-02 18:35","306","고조"
"SO_1282","선재도","2027-01-03 00:22","571","저조"
"SO_1282","선재도","2027-01-03 06:57","220","고조"
"SO_1282","선재도","2027-01-03 13:39","638","저조"
"SO_1282","선재도","2027-01-01 04:40","197","고조"
"SO_1282","선재도","2027-01-01 10:59","625","저조"
"SO_1282","선재도","2027-01-01 17:10","271","고조"
"SO_1282","선재도","2027-01-01 23:05","604","저조"
"SO_1282","선재도","2027-01-02 05:43","219","고조"
"SO_1282","선재도","2027-01-02 12:18","618","저조"
"SO_1282","선재도","2027-01-02 18:35","306","고조"
"SO_1282","선재도","2027-01-03 00:22","571","저조"
"SO_1282","선재도","2027-01-03 06:57","220","고조"
"SO_1282","선재도","2027-01-03 13:39","638","저조"
"SO_1282","선재도","2027-01-01 04:40","197","고조"
"SO_1282","선재도","2027-01-01 10:59","625","저조"
"SO_1282","선재도","2027-01-01 17:10","271","고조"
"SO_1282","선재도","2027-01-01 23:05","604","저조"
"SO_1282","선재도","2027-01-02 05:43","219","고조"
"SO_1282","선재도","2027-01-02 12:18","618","저조"
"SO_1282","선재도","2027-01-02 18:35","306","고조"
"SO_1282","선재도","2027-01-03 00:22","571","저조"
"SO_1282","선재도","2027-01-03 06:57","220","고조"
"SO_1282","선재도","2027-01-03 13:39","638","저조"
"SO_1282","선재도","2027-01-01 04:40","197","고조"
"SO_1282","선재도","2027-01-01 10:59","625","저조"
"SO_1282","선재도","2027-01-01 17:10","271","고조"
"SO_1282","선재도","2027-01-01 23:05","604","저조"
"SO_1282","선재도","2027-01-02 05:43","219","고조"
"SO_1282","선재도","2027-01-02 12:18","618","저조"
"SO_1282","선재도","2027-01-02 18:35","306","고조"
"SO_1282","선재도","2027-01-03 00:22","571","저조"
"SO_1282","선재도","2027-01-03 06:57","220","고조"
"SO_1282","선재도","2027-01-03 13:39","638","저조"
"SO_1282","선재도","2027-01-01 04:40","197","고조"
"SO_1282","선재도","2027-01-01 10:59","625","저조"
"SO_1282","선재도","2027-01-01 17:10","271","고조"
"SO_1282","선재도","2027-01-01 23:05","604","저조"
"SO_1282","선재도","2027-01-02 05:43","219","고조"
"SO_1282","선재도","2027-01-02 12:18","618","저조"
"SO_1282","선재도","2027-01-02 18:35","306","고조"
"SO_1282","선재도","2027-01-03 00:22","571","저조"
"SO_1282","선재도","2027-01-03 06:57","220","고조"
"SO_1282","선재도","2027-01-03 13:39","638","저조"
"SO_1282","선재도","2027-01-01 04:40","197","고조"
"SO_1282","선재도","2027-01-01 10:59","625","저조"
"SO_1282","선재도","2027-01-01 17:10","271","고조"
"SO_1282","선재도","2027-01-01 23:05","604","저조"
"SO_1282","선재도","2027-01-02 05:43","219","고조"
"SO_1282","선재도","2027-01-02 12:18","618","저조"
"SO_1282","선재도","2027-01-02 18:35","306","고조"
"SO_1282","선재도","2027-01-03 00:22","571","저조"
"SO_1282","선재도","2027-01-03 06:57","220","고조"
"SO_1282","선재도","2027-01-03 13:39","638","저조"
"SO_1282","선재도","2027-01-01 04:40","197","고조"
"SO_1282","선재도","2027-01-01 10:59","625","저조"
"SO_1282","선재도","2027-01-01 17:10","271","고조"
"SO_1282","선재도","2027-01-01 23:05","604","저조"
"SO_1282","선재도","2027-01-02 05:43","219","고조"
"SO_1282","선재도","2027-01-02 12:18","618","저조"
"SO_1282","선재도","2027-01-02 18:35","306","고조"
"SO_1282","선재도","2027-01-03 00:22","571","저조"
"SO_1282","선재도","2027-01-03 06:57","220","고조"
"SO_1282","선재도","2027-01-03 13:39","638","저조"
"SO_1282","선재도","2027-01-01 04:40","197","고조"
"SO_1282","선재도","2027-01-01 10:59","625","저조"
"SO_1282","선재도","2027-01-01 17:10","271","고조"
"SO_1282","선재도","2027-01-01 23:05","604","저조"
"SO_1282","선재도","2027-01-02 05:43","219","고조"
"SO_1282","선재도","2027-01-02 12:18","618","저조"
"SO_1282","선재도","2027-01-02 18:35","306","고조"
"SO_1282","선재도","2027-01-03 00:22","571","저조"
"SO_1282","선재도","2027-01-03 06:57","220","고조"
"SO_1282","선재도","2027-01-03 13:39","638","저조"
"SO_1282","선재도","2027-01-01 04:40","197","고조"
"SO_1282","선재도","2027-01-01 10:59","625","저조"
"SO_1282","선재도","2027-01-01 17:10","271","고조"
"SO_1282","선재도","2027-01-01 23:05","604","저조"
"SO_1282","선재도","2027-01-02 05:43","219","고조"
"SO_1282","선재도","2027-01-02 12:18","618","저조"
"SO_1282","선재도","2027-01-02 18:35","306","고조"
"SO_1282","선재도","2027-01-03 00:22","571","저조"
"SO_1282","선재도","2027-01-03 06:57","220","고조"
"SO_1282","선재도","2027-01-03 13:39","638","저조"
"SO_1282","선재도","2027-01-01 04:40","197","고조"
"SO_1282","선재도","2027-01-01 10:59","625","저조"
"SO_1282","선재도","2027-01-01 17:10","271","고조"
"SO_1282","선재도","2027-01-01 23:05","604","저조"
"SO_1282","선재도","2027-01-02 05:43","219","고조"
"SO_1282","선재도","2027-01-02 12:18","618","저조"
"SO_1282","선재도","2027-01-02 18:35","306","고조"
"SO_1282","선재도","2027-01-03 00:22","571","저조"
"SO_1282","선재도","2027-01-03 06:57","220","고조"
"SO_1282","선재도","2027-01-03 13:39","638","저조"
"SO_1282","선재도","2027-01-01 04:40","197","고조"
"SO_1282","선재도","2027-01-01 10:59","625","저조"
"SO_1282","선재도","2027-01-01 17:10","271","고조"
"SO_1282","선재도","2027-01-01 23:05","604","저조"
"SO_1282","선재도","2027-01-02 05:43","219","고조"
"SO_1282","선재도","2027-01-02 12:18","618","저조"
"SO_1282","선재도","2027-01-02 18:35","306","고조"
"SO_1282","선재도","2027-01-03 00:22","571","저조"
"SO_1282","선재도","2027-01-03 06:57","220","고조"
"SO_1282","선재도","2027-01-03 13:39","638","저조"
"SO_1282","선재도","2027-01-01 04:40","197","고조"
"SO_1282","선재도","2027-01-01 10:59","625","저조"
"SO_1282","선재도","2027-01-01 17:10","271","고조"
"SO_1282","선재도","2027-01-01 23:05","604","저조"
"SO_1282","선재도","2027-01-02 05:43","219","고조"
"SO_1282","선재도","2027-01-02 12:18","618","저조"
"SO_1282","선재도","2027-01-02 18:35","306","고조"
"SO_1282","선재도","2027-01-03 00:22","571","저조"
"SO_1282","선재도","2027-01-03 06:57","220","고조"
"SO_1282","선재도","2027-01-03 13:39","638","저조"
"SO_1282","선재도","2027-01-01 04:40","197","고조"
"SO_1282","선재도","2027-01-01 10:59","625","저조"
"SO_1282","선재도","2027-01-01 17:10","271","고조"
"SO_1282","선재도","2027-01-01 23:05","604","저조"
"SO_1282","선재도","2027-01-02 05:43","219","고조"
"SO_1282","선재도","2027-01-02 12:18","618","저조"
"SO_1282","선재도","2027-01-02 18:35","306","고조"
"SO_1282","선재도","2027-01-03 00:22","571","저조"
"SO_1282","선재도","2027-01-03 06:57","220","고조"
"SO_1282","선재도","2027-01-03 13:39","638","저조"
"SO_1282","선재도","2027-01-01 04:40","197","고조"
"SO_1282","선재도","2027-01-01 10:59","625","저조"
"SO_1282","선재도","2027-01-01 17:10","271","고조"
"SO_1282","선재도","2027-01-01 23:05","604","저조"
"SO_1282","선재도","2027-01-02 05:43","219","고조"
"SO_1282","선재도","2027-01-02 12:18","618","저조"
"SO_1282","선재도","2027-01-02 18:35","306","고조"
"SO_1282","선재도","2027-01-03 00:22","571","저조"
"SO_1282","선재도","2027-01-03 06:57","220","고조"
"SO_1282","선재도","2027-01-03 13:39","638","저조"
"SO_1282","선재도","2027-01-01 04:40","197","고조"
"SO_1282","선재도","2027-01-01 10:59","625","저조"
"SO_1282","선재도","2027-01-01 17:10","271","고조"
"SO_1282","선재도","2027-01-01 23:05","604","저조"
"SO_1282","선재도","2027-01-02 05:43","219","고조"
"SO_1282","선재도","2027-01-02 12:18","618","저조"
"SO_1282","선재도","2027-01-02 18:35","306","고조"
"SO_1282","선재도","2027-01-03 00:22","571","저조"
"SO_1282","선재도","2027-01-03 06:57","220","고조"
"SO_1282","선재도","2027-01-03 13:39","638","저조"
"SO_1282","선재도","2027-01-01 04:40","197","고조"
"SO_1282","선재도","2027-01-01 10:59","625","저조"
"SO_1282","선재도","2027-01-01 17:10","271","고조"
"SO_1282","선재도","2027-01-01 23:05","604","저조"
"SO_1282","선재도","2027-01-02 05:43","219","고조"
"SO_1282","선재도","2027-01-02 12:18","618","저조"
"SO_1282","선재도","2027-01-02 18:35","306","고조"
"SO_1282","선재도","2027-01-03 00:22","571","저조"
"SO_1282","선재도","2027-01-03 06:57","220","고조"
"SO_1282","선재도","2027-01-03 13:39","638","저조"
"SO_1282","선재도","2027-01-01 04:40","197","고조"
"SO_1282","선재도","2027-01-01 10:59","625","저조"
"SO_1282","선재도","2027-01-01 17:10","271","고조"
"SO_1282","선재도","2027-01-01 23:05","604","저조"
"SO_1282","선재도","2027-01-02 05:43","219","고조"
"SO_1282","선재도","2027-01-02 12:18","618","저조"
"SO_1282","선재도","2027-01-02 18:35","306","고조"
"SO_1282","선재도","2027-01-03 00:22","571","저조"
"SO_1282","선재도","2027-01-03 06:57","220","고조"
"SO_1282","선재도","2027-01-03 13:39","638","저조"
"SO_1282","선재도","2027-01-01 04:40","197","고조"
"SO_1282","선재도","2027-01-01 10:59","625","저조"
"SO_1282","선재도","2027-01-01 17:10","271","고조"
"SO_1282","선재도","2027-01-01 23:05","604","저조"
"SO_1282","선재도","2027-01-02 05:43","219","고조"
"SO_1282","선재도","2027-01-02 12:18","618","저조"
"SO_1282","선재도","2027-01-02 18:35","306","고조"
"SO_1282","선재도","2027-01-03 00:22","571","저조"
"SO_1282","선재도","2027-01-03 06:57","220","고조"
"SO_1282","선재도","2027-01-03 13:39","638","저조"
"SO_1282","선재도","2027-01-01 04:40","197","고조"
"SO_1282","선재도","2027-01-01 10:59","625","저조"
"SO_1282","선재도","2027-01-01 17:10","271","고조"
"SO_1282","선재도","2027-01-01 23:05","604","저조"
"SO_1282","선재도","2027-01-02 05:43","219","고조"
"SO_1282","선재도","2027-01-02 12:18","618","저조"
"SO_1282","선재도","2027-01-02 18:35","306","고조"
"SO_1282","선재도","2027-01-03 00:22","571","저조"
"SO_1282","선재도","2027-01-03 06:57","220","고조"
"SO_1282","선재도","2027-01-03 13:39","638","저조"
"SO_1282","선재도","2027-01-01 04:40","197","고조"
"SO_1282","선재도","2027-01-01 10:59","625","저조"
"SO_1282","선재도","2027-01-01 17:10","271","고조"
"SO_1282","선재도","2027-01-01 23:05","604","저조"
"SO_1282","선재도","2027-01-02 05:43","219","고조"
"SO_1282","선재도","2027-01-02 12:18","618","저조"
"SO_1282","선재도","2027-01-02 18:35","306","고조"
"SO_1282","선재도","2027-01-03 00:22","571","저조"
"SO_1282","선재도","2027-01-03 06:57","220","고조"
"SO_1282","선재도","2027-01-03 13:39","638","저조"
"SO_1282","선재도","2027-01-01 04:40","197","고조"
"SO_1282","선재도","2027-01-01 10:59","625","저조"
"SO_1282","선재도","2027-01-01 17:10","271","고조"
"SO_1282","선재도","2027-01-01 23:05","604","저조"
"SO_1282","선재도","2027-01-02 05:43","219","고조"
"SO_1282","선재도","2027-01-02 12:18","618","저조"
"SO_1282","선재도","2027-01-02 18:35","306","고조"
"SO_1282","선재도","2027-01-03 00:22","571","저조"
"SO_1282","선재도","2027-01-03 06:57","220","고조"
"SO_1282","선재도","2027-01-03 13:39","638","저조"
"SO_1282","선재도","2027-01-01 04:40","197","고조"
"SO_1282","선재도","2027-01-01 10:59","625","저조"
"SO_1282","선재도","2027-01-01 17:10","271","고조"
"SO_1282","선재도","2027-01-01 23:05","604","저조"
"SO_1282","선재도","2027-01-02 05:43","219","고조"
"SO_1282","선재도","2027-01-02 12:18","618","저조"
"SO_1282","선재도","2027-01-02 18:35","306","고조"
"SO_1282","선재도","2027-01-03 00:22","571","저조"
"SO_1282","선재도","2027-01-03 06:57","220","고조"
"SO_1282","선재도","2027-01-03 13:39","638","저조"
"SO_1282","선재도","2027-01-01 04:40","197","고조"
"SO_1282","선재도","2027-01-01 10:59","625","저조"
"SO_1282","선재도","2027-01-01 17:10","271","고조"
"SO_1282","선재도","2027-01-01 23:05","604","저조"
"SO_1282","선재도","2027-01-02 05:43","219","고조"
"SO_1282","선재도","2027-01-02 12:18","618","저조"
"SO_1282","선재도","2027-01-02 18:35","306","고조"
"SO_1282","선재도","2027-01-03 00:22","571","저조"
"SO_1282","선재도","2027-01-03 06:57","220","고조"
"SO_1282","선재도","2027-01-03 13:39","638","저조"
"SO_1282","선재도","2027-01-01 04:40","197","고조"
"SO_1282","선재도","2027-01-01 10:59","625","저조"
"SO_1282","선재도","2027-01-01 17:10","271","고조"
"SO_1282","선재도","2027-01-01 23:05","604","저조"
"SO_1282","선재도","2027-01-02 05:43","219","고조"
"SO_1282","선재도","2027-01-02 12:18","618","저조"
"SO_1282","선재도","2027-01-02 18:35","306","고조"
"SO_1282","선재도","2027-01-03 00:22","571","저조"
"SO_1282","선재도","2027-01-03 06:57","220","고조"
"SO_1282","선재도","2027-01-03 13:39","638","저조"
"SO_1282","선재도","2027-01-01 04:40","197","고조"
"SO_1282","선재도","2027-01-01 10:59","625","저조"
"SO_1282","선재도","2027-01-01 17:10","271","고조"
"SO_1282","선재도","2027-01-01 23:05","604","저조"
"SO_1282","선재도","2027-01-02 05:43","219","고조"
"SO_1282","선재도","2027-01-02 12:18","618","저조"
"SO_1282","선재도","2027-01-02 18:35","306","고조"
"SO_1282","선재도","2027-01-03 00:22","571","저조"
"SO_1282","선재도","2027-01-03 06:57","220","고조"
"SO_1282","선재도","2027-01-03 13:39","638","저조"
"SO_1282","선재도","2027-01-01 04:40","197","고조"
"SO_1282","선재도","2027-01-01 10:59","625","저조"
"SO_1282","선재도","2027-01-01 17:10","271","고조"
"SO_1282","선재도","2027-01-01 23:05","604","저조"
"SO_1282","선재도","2027-01-02 05:43","219","고조"
"SO_1282","선재도","2027-01-02 12:18","618","저조"
"SO_1282","선재도","2027-01-02 18:35","306","고조"
"SO_1282","선재도","2027-01-03 00:22","571","저조"
"SO_1282","선재도","2027-01-03 06:57","220","고조"
"SO_1282","선재도","2027-01-03 13:39","638","저조"
"SO_1282","선재도","2027-01-01 04:40","197","고조"
"SO_1282","선재도","2027-01-01 10:59","625","저조"
"SO_1282","선재도","2027-01-01 17:10","271","고조"
"SO_1282","선재도","2027-01-01 23:05","604","저조"
"SO_1282","선재도","2027-01-02 05:43","219","고조"
"SO_1282","선재도","2027-01-02 12:18","618","저조"
"SO_1282","선재도","2027-01-02 18:35","306","고조"
"SO_1282","선재도","2027-01-03 00:22","571","저조"
"SO_1282","선재도","2027-01-03 06:57","220","고조"
"SO_1282","선재도","2027-01-03 13:39","638","저조"
"SO_1282","선재도","2027-01-01 04:40","197","고조"
"SO_1282","선재도","2027-01-01 10:59","625","저조"
"SO_1282","선재도","2027-01-01 17:10","271","고조"
"SO_1282","선재도","2027-01-01 23:05","604","저조"
"SO_1282","선재도","2027-01-02 05:43","219","고조"
"SO_1282","선재도","2027-01-02 12:18","618","저조"
"SO_1282","선재도","2027-01-02 18:35","306","고조"
"SO_1282","선재도","2027-01-03 00:22","571","저조"
"SO_1282","선재도","2027-01-03 06:57","220","고조"
"SO_1282","선재도","2027-01-03 13:39","638","저조"
"SO_1282","선재도","2027-01-01 04:40","197","고조"
"SO_1282","선재도","2027-01-01 10:59","625","저조"
"SO_1282","선재도","2027-01-01 17:10","271","고조"
"SO_1282","선재도","2027-01-01 23:05","604","저조"
"SO_1282","선재도","2027-01-02 05:43","219","고조"
"SO_1282","선재도","2027-01-02 12:18","618","저조"
"SO_1282","선재도","2027-01-02 18:35","306","고조"
"SO_1282","선재도","2027-01-03 00:22","571","저조"
"SO_1282","선재도","2027-01-03 06:57","220","고조"
"SO_1282","선재도","2027-01-03 13:39","638","저조"
"SO_1282","선재도","2027-01-01 04:40","197","고조"
"SO_1282","선재도","2027-01-01 10:59","625","저조"
"SO_1282","선재도","2027-01-01 17:10","271","고조"
"SO_1282","선재도","2027-01-01 23:05","604","저조"
"SO_1282","선재도","2027-01-02 05:43","219","고조"
"SO_1282","선재도","2027-01-02 12:18","618","저조"
"SO_1282","선재도","2027-01-02 18:35","306","고조"
"SO_1282","선재도","2027-01-03 00:22","571","저조"
"SO_1282","선재도","2027-01-03 06:57","220","고조"
"SO_1282","선재도","2027-01-03 13:39","638","저조"
"SO_1282","선재도","2027-01-01 04:40","197","고조"
"SO_1282","선재도","2027-01-01 10:59","625","저조"
"SO_1282","선재도","2027-01-01 17:10","271","고조"
"SO_1282","선재도","2027-01-01 23:05","604","저조"
"SO_1282","선재도","2027-01-02 05:43","219","고조"
"SO_1282","선재도","2027-01-02 12:18","618","저조"
"SO_1282","선재도","2027-01-02 18:35","306","고조"
"SO_1282","선재도","2027-01-03 00:22","571","저조"
"SO_1282","선재도","2027-01-03 06:57","220","고조"
"SO_1282","선재도","2027-01-03 13:39","638","저조"
"SO_1282","선재도","2027-01-01 04:40","197","고조"
"SO_1282","선재도","2027-01-01 10:59","625","저조"
"SO_1282","선재도","2027-01-01 17:10","271","고조"
"SO_1282","선재도","2027-01-01 23:05","604","저조"
"SO_1282","선재도","2027-01-02 05:43","219","고조"
"SO_1282","선재도","2027-01-02 12:18","618","저조"
"SO_1282","선재도","2027-01-02 18:35","306","고조"
"SO_1282","선재도","2027-01-03 00:22","571","저조"
"SO_1282","선재도","2027-01-03 06:57","220","고조"
"SO_1282","선재도","2027-01-03 13:39","638","저조"
"SO_1282","선재도","2027-01-01 04:40","197","고조"
"SO_1282","선재도","2027-01-01 10:59","625","저조"
"SO_1282","선재도","2027-01-01 17:10","271","고조"
"SO_1282","선재도","2027-01-01 23:05","604","저조"
"SO_1282","선재도","2027-01-02 05:43","219","고조"
"SO_1282","선재도","2027-01-02 12:18","618","저조"
"SO_1282","선재도","2027-01-02 18:35","306","고조"
"SO_1282","선재도","2027-01-03 00:22","571","저조"
"SO_1282","선재도","2027-01-03 06:57","220","고조"
"SO_1282","선재도","2027-01-03 13:39","638","저조"
"SO_1282","선재도","2027-01-01 04:40","197","고조"
"SO_1282","선재도","2027-01-01 10:59","625","저조"
"SO_1282","선재도","2027-01-01 17:10","271","고조"
"SO_1282","선재도","2027-01-01 23:05","604","저조"
"SO_1282","선재도","2027-01-02 05:43","219","고조"
"SO_1282","선재도","2027-01-02 12:18","618","저조"
"SO_1282","선재도","2027-01-02 18:35","306","고조"
"SO_1282","선재도","2027-01-03 00:22","571","저조"
"SO_1282","선재도","2027-01-03 06:57","220","고조"
"SO_1282","선재도","2027-01-03 13:39","638","저조"
"SO_1282","선재도","2027-01-01 04:40","197","고조"
"SO_1282","선재도","2027-01-01 10:59","625","저조"
"SO_1282","선재도","2027-01-01 17:10","271","고조"
"SO_1282","선재도","2027-01-01 23:05","604","저조"
"SO_1282","선재도","2027-01-02 05:43","219","고조"
"SO_1282","선재도","2027-01-02 12:18","618","저조"
"SO_1282","선재도","2027-01-02 18:35","306","고조"
"SO_1282","선재도","2027-01-03 00:22","571","저조"
"SO_1282","선재도","2027-01-03 06:57","220","고조"
"SO_1282","선재도","2027-01-03 13:39","638","저조"
"SO_1282","선재도","2027-01-01 04:40","197","고조"
"SO_1282","선재도","2027-01-01 10:59","625","저조"
"SO_1282","선재도","2027-01-01 17:10","271","고조"
"SO_1282","선재도","2027-01-01 23:05","604","저조"
"SO_1282","선재도","2027-01-02 05:43","219","고조"
"SO_1282","선재도","2027-01-02 12:18","618","저조"
"SO_1282","선재도","2027-01-02 18:35","306","고조"
"SO_1282","선재도","2027-01-03 00:22","571","저조"
"SO_1282","선재도","2027-01-03 06:57","220","고조"
"SO_1282","선재도","2027-01-03 13:39","638","저조"
"SO_1282","선재도","2027-01-01 04:40","197","고조"
"SO_1282","선재도","2027-01-01 10:59","625","저조"
"SO_1282","선재도","2027-01-01 17:10","271","고조"
"SO_1282","선재도","2027-01-01 23:05","604","저조"
"SO_1282","선재도","2027-01-02 05:43","219","고조"
"SO_1282","선재도","2027-01-02 12:18","618","저조"
"SO_1282","선재도","2027-01-02 18:35","306","고조"
"SO_1282","선재도","2027-01-03 00:22","571","저조"
"SO_1282","선재도","2027-01-03 06:57","220","고조"
"SO_1282","선재도","2027-01-03 13:39","638","저조"
"SO_1282","선재도","2027-01-01 04:40","197","고조"
"SO_1282","선재도","2027-01-01 10:59","625","저조"
"SO_1282","선재도","2027-01-01 17:10","271","고조"
"SO_1282","선재도","2027-01-01 23:05","604","저조"
"SO_1282","선재도","2027-01-02 05:43","219","고조"
"SO_1282","선재도","2027-01-02 12:18","618","저조"
"SO_1282","선재도","2027-01-02 18:35","306","고조"
"SO_1282","선재도","2027-01-03 00:22","571","저조"
"SO_1282","선재도","2027-01-03 06:57","220","고조"
"SO_1282","선재도","2027-01-03 13:39","638","저조"
"SO_1282","선재도","2027-01-01 04:40","197","고조"
"SO_1282","선재도","2027-01-01 10:59","625","저조"
"SO_1282","선재도","2027-01-01 17:10","271","고조"
"SO_1282","선재도","2027-01-01 23:05","604","저조"
"SO_1282","선재도","2027-01-02 05:43","219","고조"
"SO_1282","선재도","2027-01-02 12:18","618","저조"
"SO_1282","선재도","2027-01-02 18:35","306","고조"
"SO_1282","선재도","2027-01-03 00:22","571","저조"
"SO_1282","선재도","2027-01-03 06:57","220","고조"
"SO_1282","선재도","2027-01-03 13:39","638","저조"
"SO_1282","선재도","2027-01-01 04:40","197","고조"
"SO_1282","선재도","2027-01-01 10:59","625","저조"
"SO_1282","선재도","2027-01-01 17:10","271","고조"
"SO_1282","선재도","2027-01-01 23:05","604","저조"
"SO_1282","선재도","2027-01-02 05:43","219","고조"
"SO_1282","선재도","2027-01-02 12:18","618","저조"
"SO_1282","선재도","2027-01-02 18:35","306","고조"
"SO_1282","선재도","2027-01-03 00:22","571","저조"
"SO_1282","선재도","2027-01-03 06:57","220","고조"
"SO_1282","선재도","2027-01-03 13:39","638","저조"
"SO_1282","선재도","2027-01-01 04:40","197","고조"
"SO_1282","선재도","2027-01-01 10:59","625","저조"
"SO_1282","선재도","2027-01-01 17:10","271","고조"
"SO_1282","선재도","2027-01-01 23:05","604","저조"
"SO_1282","선재도","2027-01-02 05:43","219","고조"
"SO_1282","선재도","2027-01-02 12:18","618","저조"
"SO_1282","선재도","2027-01-02 18:35","306","고조"
"SO_1282","선재도","2027-01-03 00:22","571","저조"
"SO_1282","선재도","2027-01-03 06:57","220","고조"
"SO_1282","선재도","2027-01-03 13:39","638","저조"
"SO_1282","선재도","2027-01-01 04:40","197","고조"
"SO_1282","선재도","2027-01-01 10:59","625","저조"
"SO_1282","선재도","2027-01-01 17:10","271","고조"
"SO_1282","선재도","2027-01-01 23:05","604","저조"
"SO_1282","선재도","2027-01-02 05:43","219","고조"
"SO_1282","선재도","2027-01-02 12:18","618","저조"
"SO_1282","선재도","2027-01-02 18:35","306","고조"
"SO_1282","선재도","2027-01-03 00:22","571","저조"
"SO_1282","선재도","2027-01-03 06:57","220","고조"
"SO_1282","선재도","2027-01-03 13:39","638","저조"
"SO_1282","선재도","2027-01-01 04:40","197","고조"
"SO_1282","선재도","2027-01-01 10:59","625","저조"
"SO_1282","선재도","2027-01-01 17:10","271","고조"
"SO_1282","선재도","2027-01-01 23:05","604","저조"
"SO_1282","선재도","2027-01-02 05:43","219","고조"
"SO_1282","선재도","2027-01-02 12:18","618","저조"
"SO_1282","선재도","2027-01-02 18:35","306","고조"
"SO_1282","선재도","2027-01-03 00:22","571","저조"
"SO_1282","선재도","2027-01-03 06:57","220","고조"
"SO_1282","선재도","2027-01-03 13:39","638","저조"
"SO_1282","선재도","2027-01-01 04:40","197","고조"
"SO_1282","선재도","2027-01-01 10:59","625","저조"
"SO_1282","선재도","2027-01-01 17:10","271","고조"
"SO_1282","선재도","2027-01-01 23:05","604","저조"
"SO_1282","선재도","2027-01-02 05:43","219","고조"
"SO_1282","선재도","2027-01-02 12:18","618","저조"
"SO_1282","선재도","2027-01-02 18:35","306","고조"
"SO_1282","선재도","2027-01-03 00:22","571","저조"
"SO_1282","선재도","2027-01-03 06:57","220","고조"
"SO_1282","선재도","2027-01-03 13:39","638","저조"
"SO_1282","선재도","2027-01-01 04:40","197","고조"
"SO_1282","선재도","2027-01-01 10:59","625","저조"
"SO_1282","선재도","2027-01-01 17:10","271","고조"
"SO_1282","선재도","2027-01-01 23:05","604","저조"
"SO_1282","선재도","2027-01-02 05:43","219","고조"
"SO_1282","선재도","2027-01-02 12:18","618","저조"
"SO_1282","선재도","2027-01-02 18:35","306","고조"
"SO_1282","선재도","2027-01-03 00:22","571","저조"
"SO_1282","선재도","2027-01-03 06:57","220","고조"
"SO_1282","선재도","2027-01-03 13:39","638","저조"
"SO_1282","선재도","2027-01-01 04:40","197","고조"
"SO_1282","선재도","2027-01-01 10:59","625","저조"
"SO_1282","선재도","2027-01-01 17:10","271","고조"
"SO_1282","선재도","2027-01-01 23:05","604","저조"
"SO_1282","선재도","2027-01-02 05:43","219","고조"
"SO_1282","선재도","2027-01-02 12:18","618","저조"
"SO_1282","선재도","2027-01-02 18:35","306","고조"
"SO_1282","선재도","2027-01-03 00:22","571","저조"
"SO_1282","선재도","2027-01-03 06:57","220","고조"
"SO_1282","선재도","2027-01-03 13:39","638","저조"
"SO_1282","선재도","2027-01-01 04:40","197","고조"
"SO_1282","선재도","2027-01-01 10:59","625","저조"
"SO_1282","선재도","2027-01-01 17:10","271","고조"
"SO_1282","선재도","2027-01-01 23:05","604","저조"
"SO_1282","선재도","2027-01-02 05:43","219","고조"
"SO_1282","선재도","2027-01-02 12:18","618","저조"
"SO_1282","선재도","2027-01-02 18:35","306","고조"
"SO_1282","선재도","2027-01-03 00:22","571","저조"
"SO_1282","선재도","2027-01-03 06:57","220","고조"
"SO_1282","선재도","2027-01-03 13:39","638","저조"
"SO_1282","선재도","2027-01-01 04:40","197","고조"
"SO_1282","선재도","2027-01-01 10:59","625","저조"
"SO_1282","선재도","2027-01-01 17:10","271","고조"
"SO_1282","선재도","2027-01-01 23:05","604","저조"
"SO_1282","선재도","2027-01-02 05:43","219","고조"
"SO_1282","선재도","2027-01-02 12:18","618","저조"
"SO_1282","선재도","2027-01-02 18:35","306","고조"
"SO_1282","선재도","2027-01-03 00:22","571","저조"
"SO_1282","선재도","2027-01-03 06:57","220","고조"
"SO_1282","선재도","2027-01-03 13:39","638","저조"
"SO_1282","선재도","2027-01-01 04:40","197","고조"
"SO_1282","선재도","2027-01-01 10:59","625","저조"
"SO_1282","선재도","2027-01-01 17:10","271","고조"
"SO_1282","선재도","2027-01-01 23:05","604","저조"
"SO_1282","선재도","2027-01-02 05:43","219","고조"
"SO_1282","선재도","2027-01-02 12:18","618","저조"
"SO_1282","선재도","2027-01-02 18:35","306","고조"
"SO_1282","선재도","2027-01-03 00:22","571","저조"
"SO_1282","선재도","2027-01-03 06:57","220","고조"
"SO_1282","선재도","2027-01-03 13:39","638","저조"
"SO_1282","선재도","2027-01-01 04:40","197","고조"
"SO_1282","선재도","2027-01-01 10:59","625","저조"
"SO_1282","선재도","2027-01-01 17:10","271","고조"
"SO_1282","선재도","2027-01-01 23:05","604","저조"
"SO_1282","선재도","2027-01-02 05:43","219","고조"
"SO_1282","선재도","2027-01-02 12:18","618","저조"
"SO_1282","선재도","2027-01-02 18:35","306","고조"
"SO_1282","선재도","2027-01-03 00:22","571","저조"
"SO_1282","선재도","2027-01-03 06:57","220","고조"
"SO_1282","선재도","2027-01-03 13:39","638","저조"
"SO_1282","선재도","2027-01-01 04:40","197","고조"
"SO_1282","선재도","2027-01-01 10:59","625","저조"
"SO_1282","선재도","2027-01-01 17:10","271","고조"
"SO_1282","선재도","2027-01-01 23:05","604","저조"
"SO_1282","선재도","2027-01-02 05:43","219","고조"
"SO_1282","선재도","2027-01-02 12:18","618","저조"
"SO_1282","선재도","2027-01-02 18:35","306","고조"
"SO_1282","선재도","2027-01-03 00:22","571","저조"
"SO_1282","선재도","2027-01-03 06:57","220","고조"
"SO_1282","선재도","2027-01-03 13:39","638","저조"
"SO_1282","선재도","2027-01-01 04:40","197","고조"
"SO_1282","선재도","2027-01-01 10:59","625","저조"
"SO_1282","선재도","2027-01-01 17:10","271","고조"
"SO_1282","선재도","2027-01-01 23:05","604","저조"
"SO_1282","선재도","2027-01-02 05:43","219","고조"
"SO_1282","선재도","2027-01-02 12:18","618","저조"
"SO_1282","선재도","2027-01-02 18:35","306","고조"
"SO_1282","선재도","2027-01-03 00:22","571","저조"
"SO_1282","선재도","2027-01-03 06:57","220","고조"
"SO_1282","선재도","2027-01-03 13:39","638","저조"
"SO_1282","선재도","2027-01-01 04:40","197","고조"
"SO_1282","선재도","2027-01-01 10:59","625","저조"
"SO_1282","선재도","2027-01-01 17:10","271","고조"
"SO_1282","선재도","2027-01-01 23:05","604","저조"
"SO_1282","선재도","2027-01-02 05:43","219","고조"
"SO_1282","선재도","2027-01-02 12:18","618","저조"
"SO_1282","선재도","2027-01-02 18:35","306","고조"
"SO_1282","선재도","2027-01-03 00:22","571","저조"
"SO_1282","선재도","2027-01-03 06:57","220","고조"
"SO_1282","선재도","2027-01-03 13:39","638","저조"
"SO_1282","선재도","2027-01-01 04:40","197","고조"
"SO_1282","선재도","2027-01-01 10:59","625","저조"
"SO_1282","선재도","2027-01-01 17:10","271","고조"
"SO_1282","선재도","2027-01-01 23:05","604","저조"
"SO_1282","선재도","2027-01-02 05:43","219","고조"
"SO_1282","선재도","2027-01-02 12:18","618","저조"
"SO_1282","선재도","2027-01-02 18:35","306","고조"
"SO_1282","선재도","2027-01-03 00:22","571","저조"
"SO_1282","선재도","2027-01-03 06:57","220","고조"
"SO_1282","선재도","2027-01-03 13:39","638","저조"
"SO_1282","선재도","2027-01-01 04:40","197","고조"
"SO_1282","선재도","2027-01-01 10:59","625","저조"
"SO_1282","선재도","2027-01-01 17:10","271","고조"
"SO_1282","선재도","2027-01-01 23:05","604","저조"
"SO_1282","선재도","2027-01-02 05:43","219","고조"
"SO_1282","선재도","2027-01-02 12:18","618","저조"
"SO_1282","선재도","2027-01-02 18:35","306","고조"
"SO_1282","선재도","2027-01-03 00:22","571","저조"
"SO_1282","선재도","2027-01-03 06:57","220","고조"
"SO_1282","선재도","2027-01-03 13:39","638","저조"
"SO_1282","선재도","2027-01-01 04:40","197","고조"
"SO_1282","선재도","2027-01-01 10:59","625","저조"
"SO_1282","선재도","2027-01-01 17:10","271","고조"
"SO_1282","선재도","2027-01-01 23:05","604","저조"
"SO_1282","선재도","2027-01-02 05:43","219","고조"
"SO_1282","선재도","2027-01-02 12:18","618","저조"
"SO_1282","선재도","2027-01-02 18:35","306","고조"
"SO_1282","선재도","2027-01-03 00:22","571","저조"
"SO_1282","선재도","2027-01-03 06:57","220","고조"
"SO_1282","선재도","2027-01-03 13:39","638","저조"
"SO_1282","선재도","2027-01-01 04:40","197","고조"
"SO_1282","선재도","2027-01-01 10:59","625","저조"
"SO_1282","선재도","2027-01-01 17:10","271","고조"
"SO_1282","선재도","2027-01-01 23:05","604","저조"
"SO_1282","선재도","2027-01-02 05:43","219","고조"
"SO_1282","선재도","2027-01-02 12:18","618","저조"
"SO_1282","선재도","2027-01-02 18:35","306","고조"
"SO_1282","선재도","2027-01-03 00:22","571","저조"
"SO_1282","선재도","2027-01-03 06:57","220","고조"
"SO_1282","선재도","2027-01-03 13:39","638","저조"
"SO_1282","선재도","2027-01-01 04:40","197","고조"
"SO_1282","선재도","2027-01-01 10:59","625","저조"
"SO_1282","선재도","2027-01-01 17:10","271","고조"
"SO_1282","선재도","2027-01-01 23:05","604","저조"
"SO_1282","선재도","2027-01-02 05:43","219","고조"
"SO_1282","선재도","2027-01-02 12:18","618","저조"
"SO_1282","선재도","2027-01-02 18:35","306","고조"
"SO_1282","선재도","2027-01-03 00:22","571","저조"
"SO_1282","선재도","2027-01-03 06:57","220","고조"
"SO_1282","선재도","2027-01-03 13:39","638","저조"
"SO_1282","선재도","2027-01-01 04:40","197","고조"
"SO_1282","선재도","2027-01-01 10:59","625","저조"
"SO_1282","선재도","2027-01-01 17:10","271","고조"
"SO_1282","선재도","2027-01-01 23:05","604","저조"
"SO_1282","선재도","2027-01-02 05:43","219","고조"
"SO_1282","선재도","2027-01-02 12:18","618","저조"
"SO_1282","선재도","2027-01-02 18:35","306","고조"
"SO_1282","선재도","2027-01-03 00:22","571","저조"
"SO_1282","선재도","2027-01-03 06:57","220","고조"
"SO_1282","선재도","2027-01-03 13:39","638","저조"
"SO_1282","선재도","2027-01-01 04:40","197","고조"
"SO_1282","선재도","2027-01-01 10:59","625","저조"
"SO_1282","선재도","2027-01-01 17:10","271","고조"
"SO_1282","선재도","2027-01-01 23:05","604","저조"
"SO_1282","선재도","2027-01-02 05:43","219","고조"
"SO_1282","선재도","2027-01-02 12:18","618","저조"
"SO_1282","선재도","2027-01-02 18:35","306","고조"
"SO_1282","선재도","2027-01-03 00:22","571","저조"
"SO_1282","선재도","2027-01-03 06:57","220","고조"
"SO_1282","선재도","2027-01-03 13:39","638","저조"
"SO_1282","선재도","2027-01-01 04:40","197","고조"
"SO_1282","선재도","2027-01-01 10:59","625","저조"
"SO_1282","선재도","2027-01-01 17:10","271","고조"
"SO_1282","선재도","2027-01-01 23:05","604","저조"
"SO_1282","선재도","2027-01-02 05:43","219","고조"
"SO_1282","선재도","2027-01-02 12:18","618","저조"
"SO_1282","선재도","2027-01-02 18:35","306","고조"
"SO_1282","선재도","2027-01-03 00:22","571","저조"
"SO_1282","선재도","2027-01-03 06:57","220","고조"
"SO_1282","선재도","2027-01-03 13:39","638","저조"
"SO_0565","향화도항","2025-12-31 04:53","89","고조"
"SO_0565","향화도항","2025-12-31 11:49","527","저조"
"SO_0565","향화도항","2025-12-31 17:57","164","고조"
"SO_0565","향화도항","2026-01-01 00:03","465","저조"
"SO_0565","향화도항","2026-01-01 05:55","60","고조"
"SO_0565","향화도항","2026-01-01 12:54","566","저조"
"SO_0565","향화도항","2026-01-01 19:01","140","고조"
"SO_0565","향화도항","2026-01-02 01:05","482","저조"
"SO_0565","향화도항","2026-01-02 06:53","32","고조"
"SO_0565","향화도항","2026-01-02 13:53","602","저조"
"SO_0565","향화도항","2026-01-01 00:03","465","저조"
"SO_0565","향화도항","2026-01-01 05:55","60","고조"
"SO_0565","향화도항","2026-01-01 12:54","566","저조"
"SO_0565","향화도항","2026-01-01 19:01","140","고조"
"SO_0565","향화도항","2026-01-02 01:05","482","저조"
"SO_0565","향화도항","2026-01-02 06:53","32","고조"
"SO_0565","향화도항","2026-01-02 13:53","602","저조"
"SO_0565","향화도항","2026-01-02 19:55","116","고조"
"SO_0565","향화도항","2026-01-03 02:00","502","저조"
"SO_0565","향화도항","2026-01-03 07:46","8","고조"
"SO_0565","향화도항","2026-01-02 01:05","482","저조"
"SO_0565","향화도항","2026-01-02 06:53","32","고조"
"SO_0565","향화도항","2026-01-02 13:53","602","저조"
"SO_0565","향화도항","2026-01-02 19:55","116","고조"
"SO_0565","향화도항","2026-01-03 02:00","502","저조"
"SO_0565","향화도항","2026-01-03 07:46","8","고조"
"SO_0565","향화도항","2026-01-03 14:47","628","저조"
"SO_0565","향화도항","2026-01-03 20:44","97","고조"
"SO_0565","향화도항","2026-01-04 02:52","520","저조"
"SO_0565","향화도항","2026-01-04 08:35","-7","고조"
"SO_0565","향화도항","2026-01-03 02:00","502","저조"
"SO_0565","향화도항","2026-01-03 07:46","8","고조"
"SO_0565","향화도항","2026-01-03 14:47","628","저조"
"SO_0565","향화도항","2026-01-03 20:44","97","고조"
"SO_0565","향화도항","2026-01-04 02:52","520","저조"
"SO_0565","향화도항","2026-01-04 08:35","-7","고조"
"SO_0565","향화도항","2026-01-04 15:37","642","저조"
"SO_0565","향화도항","2026-01-04 21:29","85","고조"
"SO_0565","향화도항","2026-01-05 03:41","534","저조"
"SO_0565","향화도항","2026-01-05 09:21","-13","고조"
"SO_0565","향화도항","2026-01-04 02:52","520","저조"
"SO_0565","향화도항","2026-01-04 08:35","-7","고조"
"SO_0565","향화도항","2026-01-04 15:37","642","저조"
"SO_0565","향화도항","2026-01-04 21:29","85","고조"
"SO_0565","향화도항","2026-01-05 03:41","534","저조"
"SO_0565","향화도항","2026-01-05 09:21","-13","고조"
"SO_0565","향화도항","2026-01-05 16:23","643","저조"
"SO_0565","향화도항","2026-01-05 22:11","81","고조"
"SO_0565","향화도항","2026-01-06 04:27","542","저조"
"SO_0565","향화도항","2026-01-06 10:04","-6","고조"
"SO_0565","향화도항","2026-01-05 03:41","534","저조"
"SO_0565","향화도항","2026-01-05 09:21","-13","고조"
"SO_0565","향화도항","2026-01-05 16:23","643","저조"
"SO_0565","향화도항","2026-01-05 22:11","81","고조"
"SO_0565","향화도항","2026-01-06 04:27","542","저조"
"SO_0565","향화도항","2026-01-06 10:04","-6","고조"
"SO_0565","향화도항","2026-01-06 17:07","632","저조"
"SO_0565","향화도항","2026-01-06 22:50","82","고조"
"SO_0565","향화도항","2026-01-07 05:12","541","저조"
"SO_0565","향화도항","2026-01-07 10:46","14","고조"
"SO_0565","향화도항","2026-01-06 04:27","542","저조"
"SO_0565","향화도항","2026-01-06 10:04","-6","고조"
"SO_0565","향화도항","2026-01-06 17:07","632","저조"
"SO_0565","향화도항","2026-01-06 22:50","82","고조"
"SO_0565","향화도항","2026-01-07 05:12","541","저조"
"SO_0565","향화도항","2026-01-07 10:46","14","고조"
"SO_0565","향화도항","2026-01-07 17:48","608","저조"
"SO_0565","향화도항","2026-01-07 23:29","89","고조"
"SO_0565","향화도항","2026-01-08 05:55","532","저조"
"SO_0565","향화도항","2026-01-08 11:26","46","고조"
"SO_0565","향화도항","2026-01-07 05:12","541","저조"
"SO_0565","향화도항","2026-01-07 10:46","14","고조"
"SO_0565","향화도항","2026-01-07 17:48","608","저조"
"SO_0565","향화도항","2026-01-07 23:29","89","고조"
"SO_0565","향화도항","2026-01-08 05:55","532","저조"
"SO_0565","향화도항","2026-01-08 11:26","46","고조"
"SO_0565","향화도항","2026-01-08 18:27","574","저조"
"SO_0565","향화도항","2026-01-09 00:00","88","고조"
"SO_0565","향화도항","2026-01-09 00:00","67","고조"
"SO_0565","향화도항","2026-01-09 00:00","623","저조"
"SO_0565","향화도항","2026-01-08 05:55","532","저조"
"SO_0565","향화도항","2026-01-08 11:26","46","고조"
"SO_0565","향화도항","2026-01-08 18:27","574","저조"
"SO_0565","향화도항","2026-01-09 00:00","88","고조"
"SO_0565","향화도항","2026-01-09 00:00","67","고조"
"SO_0565","향화도항","2026-01-09 00:00","623","저조"
"SO_0565","향화도항","2026-01-09 00:00","610","저조"
"SO_0565","향화도항","2026-01-09 00:07","101","고조"
"SO_0565","향화도항","2026-01-09 06:38","513","저조"
"SO_0565","향화도항","2026-01-09 12:07","87","고조"
"SO_0565","향화도항","2026-01-09 00:00","88","고조"
"SO_0565","향화도항","2026-01-09 00:00","67","고조"
"SO_0565","향화도항","2026-01-09 00:00","610","저조"
"SO_0565","향화도항","2026-01-09 00:00","623","저조"
"SO_0565","향화도항","2026-01-09 00:07","101","고조"
"SO_0565","향화도항","2026-01-09 06:38","513","저조"
"SO_0565","향화도항","2026-01-09 12:07","87","고조"
"SO_0565","향화도항","2026-01-09 19:05","531","저조"
"SO_0565","향화도항","2026-01-10 00:00","608","저조"
"SO_0565","향화도항","2026-01-10 00:00","68","고조"
"SO_0565","향화도항","2026-01-10 00:00","68","고조"
"SO_0565","향화도항","2026-01-10 00:00","554","저조"
"SO_0565","향화도항","2026-01-10 00:00","127","고조"
"SO_0565","향화도항","2026-01-10 00:00","608","저조"
"SO_0565","향화도항","2026-01-10 00:46","117","고조"
"SO_0565","향화도항","2026-01-10 07:23","489","저조"
"SO_0565","향화도항","2026-01-10 12:52","135","고조"
"SO_0565","향화도항","2026-01-10 19:44","484","저조"
"SO_0565","향화도항","2026-01-11 01:29","135","고조"
"SO_0565","향화도항","2026-01-11 08:14","462","저조"
"SO_0565","향화도항","2026-01-11 01:29","135","고조"
"SO_0565","향화도항","2026-01-11 08:14","462","저조"
"SO_0565","향화도항","2026-01-11 13:47","184","고조"
"SO_0565","향화도항","2026-01-11 20:27","439","저조"
"SO_0565","향화도항","2026-01-12 02:23","153","고조"
"SO_0565","향화도항","2026-01-12 09:15","441","저조"
"SO_0565","향화도항","2026-01-12 15:07","221","고조"
"SO_0565","향화도항","2026-01-12 21:22","402","저조"
"SO_0565","향화도항","2026-01-13 03:30","163","고조"
"SO_0565","향화도항","2026-01-13 10:30","435","저조"
"SO_0565","향화도항","2026-01-12 02:23","153","고조"
"SO_0565","향화도항","2026-01-12 09:15","441","저조"
"SO_0565","향화도항","2026-01-12 15:07","221","고조"
"SO_0565","향화도항","2026-01-12 21:22","402","저조"
"SO_0565","향화도항","2026-01-13 03:30","163","고조"
"SO_0565","향화도항","2026-01-13 10:30","435","저조"
"SO_0565","향화도항","2026-01-13 16:45","233","고조"
"SO_0565","향화도항","2026-01-13 22:32","382","저조"
"SO_0565","향화도항","2026-01-14 04:40","160","고조"
"SO_0565","향화도항","2026-01-14 11:49","448","저조"
"SO_0565","향화도항","2026-01-13 03:30","163","고조"
"SO_0565","향화도항","2026-01-13 10:30","435","저조"
"SO_0565","향화도항","2026-01-13 16:45","233","고조"
"SO_0565","향화도항","2026-01-13 22:32","382","저조"
"SO_0565","향화도항","2026-01-14 04:40","160","고조"
"SO_0565","향화도항","2026-01-14 11:49","448","저조"
"SO_0565","향화도항","2026-01-14 18:07","220","고조"
"SO_0565","향화도항","2026-01-14 23:45","385","저조"
"SO_0565","향화도항","2026-01-15 05:43","145","고조"
"SO_0565","향화도항","2026-01-15 12:53","474","저조"
"SO_0565","향화도항","2026-01-14 04:40","160","고조"
"SO_0565","향화도항","2026-01-14 11:49","448","저조"
"SO_0565","향화도항","2026-01-14 18:07","220","고조"
"SO_0565","향화도항","2026-01-14 23:45","385","저조"
"SO_0565","향화도항","2026-01-15 05:43","145","고조"
"SO_0565","향화도항","2026-01-15 12:53","474","저조"
"SO_0565","향화도항","2026-01-15 19:04","195","고조"
"SO_0565","향화도항","2026-01-16 00:45","404","저조"
"SO_0565","향화도항","2026-01-16 06:36","121","고조"
"SO_0565","향화도항","2026-01-16 13:43","503","저조"
"SO_0565","향화도항","2026-01-15 05:43","145","고조"
"SO_0565","향화도항","2026-01-15 12:53","474","저조"
"SO_0565","향화도항","2026-01-15 19:04","195","고조"
"SO_0565","향화도항","2026-01-16 00:45","404","저조"
"SO_0565","향화도항","2026-01-16 06:36","121","고조"
"SO_0565","향화도항","2026-01-16 13:43","503","저조"
"SO_0565","향화도항","2026-01-16 19:46","168","고조"
"SO_0565","향화도항","2026-01-17 01:33","431","저조"
"SO_0565","향화도항","2026-01-17 07:21","93","고조"
"SO_0565","향화도항","2026-01-17 14:24","531","저조"
"SO_0565","향화도항","2026-01-16 00:45","404","저조"
"SO_0565","향화도항","2026-01-16 06:36","121","고조"
"SO_0565","향화도항","2026-01-16 13:43","503","저조"
"SO_0565","향화도항","2026-01-16 19:46","168","고조"
"SO_0565","향화도항","2026-01-17 01:33","431","저조"
"SO_0565","향화도항","2026-01-17 07:21","93","고조"
"SO_0565","향화도항","2026-01-17 14:24","531","저조"
"SO_0565","향화도항","2026-01-17 20:21","142","고조"
"SO_0565","향화도항","2026-01-18 02:16","460","저조"
"SO_0565","향화도항","2026-01-18 08:00","66","고조"
"SO_0565","향화도항","2026-01-17 01:33","431","저조"
"SO_0565","향화도항","2026-01-17 07:21","93","고조"
"SO_0565","향화도항","2026-01-17 14:24","531","저조"
"SO_0565","향화도항","2026-01-17 20:21","142","고조"
"SO_0565","향화도항","2026-01-18 02:16","460","저조"
"SO_0565","향화도항","2026-01-18 08:00","66","고조"
"SO_0565","향화도항","2026-01-18 15:01","555","저조"
"SO_0565","향화도항","2026-01-18 20:53","119","고조"
"SO_0565","향화도항","2026-01-19 02:56","486","저조"
"SO_0565","향화도항","2026-01-19 08:37","41","고조"
"SO_0565","향화도항","2026-01-18 02:16","460","저조"
"SO_0565","향화도항","2026-01-18 08:00","66","고조"
"SO_0565","향화도항","2026-01-18 15:01","555","저조"
"SO_0565","향화도항","2026-01-18 20:53","119","고조"
"SO_0565","향화도항","2026-01-19 02:56","486","저조"
"SO_0565","향화도항","2026-01-19 08:37","41","고조"
"SO_0565","향화도항","2026-01-19 15:37","576","저조"
"SO_0565","향화도항","2026-01-19 21:24","100","고조"
"SO_0565","향화도항","2026-01-20 03:35","507","저조"
"SO_0565","향화도항","2026-01-20 09:12","22","고조"
"SO_0565","향화도항","2026-01-19 02:56","486","저조"
"SO_0565","향화도항","2026-01-19 08:37","41","고조"
"SO_0565","향화도항","2026-01-19 15:37","576","저조"
"SO_0565","향화도항","2026-01-19 21:24","100","고조"
"SO_0565","향화도항","2026-01-20 03:35","507","저조"
"SO_0565","향화도항","2026-01-20 09:12","22","고조"
"SO_0565","향화도항","2026-01-20 16:12","592","저조"
"SO_0565","향화도항","2026-01-20 21:55","84","고조"
"SO_0565","향화도항","2026-01-21 04:14","524","저조"
"SO_0565","향화도항","2026-01-21 09:47","12","고조"
"SO_0565","향화도항","2026-01-20 03:35","507","저조"
"SO_0565","향화도항","2026-01-20 09:12","22","고조"
"SO_0565","향화도항","2026-01-20 16:12","592","저조"
"SO_0565","향화도항","2026-01-20 21:55","84","고조"
"SO_0565","향화도항","2026-01-21 04:14","524","저조"
"SO_0565","향화도항","2026-01-21 09:47","12","고조"
"SO_0565","향화도항","2026-01-21 16:47","600","저조"
"SO_0565","향화도항","2026-01-21 22:27","72","고조"
"SO_0565","향화도항","2026-01-22 04:52","534","저조"
"SO_0565","향화도항","2026-01-22 10:23","13","고조"
"SO_0565","향화도항","2026-01-21 04:14","524","저조"
"SO_0565","향화도항","2026-01-21 09:47","12","고조"
"SO_0565","향화도항","2026-01-21 16:47","600","저조"
"SO_0565","향화도항","2026-01-21 22:27","72","고조"
"SO_0565","향화도항","2026-01-22 04:52","534","저조"
"SO_0565","향화도항","2026-01-22 10:23","13","고조"
"SO_0565","향화도항","2026-01-22 17:22","599","저조"
"SO_0565","향화도항","2026-01-22 22:59","65","고조"
"SO_0565","향화도항","2026-01-23 05:32","539","저조"
"SO_0565","향화도항","2026-01-23 10:59","25","고조"
"SO_0565","향화도항","2026-01-22 04:52","534","저조"
"SO_0565","향화도항","2026-01-22 10:23","13","고조"
"SO_0565","향화도항","2026-01-22 17:22","599","저조"
"SO_0565","향화도항","2026-01-22 22:59","65","고조"
"SO_0565","향화도항","2026-01-23 05:32","539","저조"
"SO_0565","향화도항","2026-01-23 10:59","25","고조"
"SO_0565","향화도항","2026-01-23 17:57","587","저조"
"SO_0565","향화도항","2026-01-23 23:33","62","고조"
"SO_0565","향화도항","2026-01-24 06:12","537","저조"
"SO_0565","향화도항","2026-01-24 11:37","50","고조"
"SO_0565","향화도항","2026-01-23 05:32","539","저조"
"SO_0565","향화도항","2026-01-23 10:59","25","고조"
"SO_0565","향화도항","2026-01-23 17:57","587","저조"
"SO_0565","향화도항","2026-01-23 23:33","62","고조"
"SO_0565","향화도항","2026-01-24 06:12","537","저조"
"SO_0565","향화도항","2026-01-24 11:37","50","고조"
"SO_0565","향화도항","2026-01-24 18:33","562","저조"
"SO_0565","향화도항","2026-01-25 00:08","65","고조"
"SO_0565","향화도항","2026-01-25 06:55","528","저조"
"SO_0565","향화도항","2026-01-25 12:18","88","고조"
"SO_0565","향화도항","2026-01-24 06:12","537","저조"
"SO_0565","향화도항","2026-01-24 11:37","50","고조"
"SO_0565","향화도항","2026-01-24 18:33","562","저조"
"SO_0565","향화도항","2026-01-25 00:08","65","고조"
"SO_0565","향화도항","2026-01-25 06:55","528","저조"
"SO_0565","향화도항","2026-01-25 12:18","88","고조"
"SO_0565","향화도항","2026-01-25 19:13","527","저조"
"SO_0565","향화도항","2026-01-26 00:49","76","고조"
"SO_0565","향화도항","2026-01-26 07:44","513","저조"
"SO_0565","향화도항","2026-01-26 13:10","137","고조"
"SO_0565","향화도항","2026-01-25 00:08","65","고조"
"SO_0565","향화도항","2026-01-25 06:55","528","저조"
"SO_0565","향화도항","2026-01-25 12:18","88","고조"
"SO_0565","향화도항","2026-01-25 19:13","527","저조"
"SO_0565","향화도항","2026-01-26 00:49","76","고조"
"SO_0565","향화도항","2026-01-26 07:44","513","저조"
"SO_0565","향화도항","2026-01-26 13:10","137","고조"
"SO_0565","향화도항","2026-01-26 19:59","485","저조"
"SO_0565","향화도항","2026-01-27 01:41","93","고조"
"SO_0565","향화도항","2026-01-27 08:44","497","저조"
"SO_0565","향화도항","2026-01-26 00:49","76","고조"
"SO_0565","향화도항","2026-01-26 07:44","513","저조"
"SO_0565","향화도항","2026-01-26 13:10","137","고조"
"SO_0565","향화도항","2026-01-26 19:59","485","저조"
"SO_0565","향화도항","2026-01-27 01:41","93","고조"
"SO_0565","향화도항","2026-01-27 08:44","497","저조"
"SO_0565","향화도항","2026-01-27 14:23","186","고조"
"SO_0565","향화도항","2026-01-27 20:58","443","저조"
"SO_0565","향화도항","2026-01-28 02:51","109","고조"
"SO_0565","향화도항","2026-01-28 09:59","489","저조"
"SO_0565","향화도항","2026-01-27 01:41","93","고조"
"SO_0565","향화도항","2026-01-27 08:44","497","저조"
"SO_0565","향화도항","2026-01-27 14:23","186","고조"
"SO_0565","향화도항","2026-01-27 20:58","443","저조"
"SO_0565","향화도항","2026-01-28 02:51","109","고조"
"SO_0565","향화도항","2026-01-28 09:59","489","저조"
"SO_0565","향화도항","2026-01-28 16:13","211","고조"
"SO_0565","향화도항","2026-01-28 22:16","417","저조"
"SO_0565","향화도항","2026-01-29 04:18","111","고조"
"SO_0565","향화도항","2026-01-29 11:26","501","저조"
"SO_0565","향화도항","2026-01-28 02:51","109","고조"
"SO_0565","향화도항","2026-01-28 09:59","489","저조"
"SO_0565","향화도항","2026-01-28 16:13","211","고조"
"SO_0565","향화도항","2026-01-28 22:16","417","저조"
"SO_0565","향화도항","2026-01-29 04:18","111","고조"
"SO_0565","향화도항","2026-01-29 11:26","501","저조"
"SO_0565","향화도항","2026-01-29 17:52","198","고조"
"SO_0565","향화도항","2026-01-29 23:41","419","저조"
"SO_0565","향화도항","2026-01-30 05:41","92","고조"
"SO_0565","향화도항","2026-01-30 12:46","534","저조"
"SO_0565","향화도항","2026-01-29 04:18","111","고조"
"SO_0565","향화도항","2026-01-29 11:26","501","저조"
"SO_0565","향화도항","2026-01-29 17:52","198","고조"
"SO_0565","향화도항","2026-01-29 23:41","419","저조"
"SO_0565","향화도항","2026-01-30 05:41","92","고조"
"SO_0565","향화도항","2026-01-30 12:46","534","저조"
"SO_0565","향화도항","2026-01-30 19:02","163","고조"
"SO_0565","향화도항","2026-01-31 00:56","448","저조"
"SO_0565","향화도항","2026-01-31 06:50","59","고조"
"SO_0565","향화도항","2026-01-31 13:50","575","저조"
"SO_0565","향화도항","2026-01-30 05:41","92","고조"
"SO_0565","향화도항","2026-01-30 12:46","534","저조"
"SO_0565","향화도항","2026-01-30 19:02","163","고조"
"SO_0565","향화도항","2026-01-31 00:56","448","저조"
"SO_0565","향화도항","2026-01-31 06:50","59","고조"
"SO_0565","향화도항","2026-01-31 13:50","575","저조"
"SO_0565","향화도항","2026-01-31 19:54","124","고조"
"SO_0565","향화도항","2026-02-01 01:56","487","저조"
"SO_0565","향화도항","2026-02-01 07:45","24","고조"
"SO_0565","향화도항","2026-02-01 14:41","608","저조"
"SO_0565","향화도항","2026-01-31 00:56","448","저조"
"SO_0565","향화도항","2026-01-31 06:50","59","고조"
"SO_0565","향화도항","2026-01-31 13:50","575","저조"
"SO_0565","향화도항","2026-01-31 19:54","124","고조"
"SO_0565","향화도항","2026-02-01 01:56","487","저조"
"SO_0565","향화도항","2026-02-01 07:45","24","고조"
"SO_0565","향화도항","2026-02-01 14:41","608","저조"
"SO_0565","향화도항","2026-02-01 20:37","91","고조"
"SO_0565","향화도항","2026-02-02 02:46","525","저조"
"SO_0565","향화도항","2026-02-02 08:32","-2","고조"
"SO_0565","향화도항","2026-02-01 01:56","487","저조"
"SO_0565","향화도항","2026-02-01 07:45","24","고조"
"SO_0565","향화도항","2026-02-01 14:41","608","저조"
"SO_0565","향화도항","2026-02-01 20:37","91","고조"
"SO_0565","향화도항","2026-02-02 02:46","525","저조"
"SO_0565","향화도항","2026-02-02 08:32","-2","고조"
"SO_0565","향화도항","2026-02-02 15:26","629","저조"
"SO_0565","향화도항","2026-02-02 21:15","66","고조"
"SO_0565","향화도항","2026-02-03 03:32","555","저조"
"SO_0565","향화도항","2026-02-03 09:14","-15","고조"
"SO_0565","향화도항","2026-02-02 02:46","525","저조"
"SO_0565","향화도항","2026-02-02 08:32","-2","고조"
"SO_0565","향화도항","2026-02-02 15:26","629","저조"
"SO_0565","향화도항","2026-02-02 21:15","66","고조"
"SO_0565","향화도항","2026-02-03 03:32","555","저조"
"SO_0565","향화도항","2026-02-03 09:14","-15","고조"
"SO_0565","향화도항","2026-02-03 16:07","636","저조"
"SO_0565","향화도항","2026-02-03 21:51","51","고조"
"SO_0565","향화도항","2026-02-04 04:14","573","저조"
"SO_0565","향화도항","2026-02-04 09:52","-13","고조"
"SO_0565","향화도항","2026-02-03 03:32","555","저조"
"SO_0565","향화도항","2026-02-03 09:14","-15","고조"
"SO_0565","향화도항","2026-02-03 16:07","636","저조"
"SO_0565","향화도항","2026-02-03 21:51","51","고조"
"SO_0565","향화도항","2026-02-04 04:14","573","저조"
"SO_0565","향화도항","2026-02-04 09:52","-13","고조"
"SO_0565","향화도항","2026-02-04 16:44","629","저조"
"SO_0565","향화도항","2026-02-04 22:25","44","고조"
"SO_0565","향화도항","2026-02-05 04:54","579","저조"
"SO_0565","향화도항","2026-02-05 10:27","3","고조"
"SO_0565","향화도항","2026-02-04 04:14","573","저조"
"SO_0565","향화도항","2026-02-04 09:52","-13","고조"
"SO_0565","향화도항","2026-02-04 16:44","629","저조"
"SO_0565","향화도항","2026-02-04 22:25","44","고조"
"SO_0565","향화도항","2026-02-05 04:54","579","저조"
"SO_0565","향화도항","2026-02-05 10:27","3","고조"
"SO_0565","향화도항","2026-02-05 17:19","609","저조"
"SO_0565","향화도항","2026-02-05 22:57","47","고조"
"SO_0565","향화도항","2026-02-06 05:32","571","저조"
"SO_0565","향화도항","2026-02-06 11:02","32","고조"
"SO_0565","향화도항","2026-02-05 04:54","579","저조"
"SO_0565","향화도항","2026-02-05 10:27","3","고조"
"SO_0565","향화도항","2026-02-05 17:19","609","저조"
"SO_0565","향화도항","2026-02-05 22:57","47","고조"
"SO_0565","향화도항","2026-02-06 05:32","571","저조"
"SO_0565","향화도항","2026-02-06 11:02","32","고조"
"SO_0565","향화도항","2026-02-06 17:52","578","저조"
"SO_0565","향화도항","2026-02-06 23:27","58","고조"
"SO_0565","향화도항","2026-02-07 06:09","552","저조"
"SO_0565","향화도항","2026-02-07 11:36","72","고조"
"SO_0565","향화도항","2026-02-06 05:32","571","저조"
"SO_0565","향화도항","2026-02-06 11:02","32","고조"
"SO_0565","향화도항","2026-02-06 17:52","578","저조"
"SO_0565","향화도항","2026-02-06 23:27","58","고조"
"SO_0565","향화도항","2026-02-07 06:09","552","저조"
"SO_0565","향화도항","2026-02-07 11:36","72","고조"
"SO_0565","향화도항","2026-02-07 18:22","538","저조"
"SO_0565","향화도항","2026-02-07 23:57","77","고조"
"SO_0565","향화도항","2026-02-08 06:46","524","저조"
"SO_0565","향화도항","2026-02-08 12:11","119","고조"
"SO_0565","향화도항","2026-02-07 06:09","552","저조"
"SO_0565","향화도항","2026-02-07 11:36","72","고조"
"SO_0565","향화도항","2026-02-07 18:22","538","저조"
"SO_0565","향화도항","2026-02-07 23:57","77","고조"
"SO_0565","향화도항","2026-02-08 06:46","524","저조"
"SO_0565","향화도항","2026-02-08 12:11","119","고조"
"SO_0565","향화도항","2026-02-08 18:52","491","저조"
"SO_0565","향화도항","2026-02-09 00:28","103","고조"
"SO_0565","향화도항","2026-02-09 07:25","490","저조"
"SO_0565","향화도항","2026-02-09 12:52","171","고조"
"SO_0565","향화도항","2026-02-08 06:46","524","저조"
"SO_0565","향화도항","2026-02-08 12:11","119","고조"
"SO_0565","향화도항","2026-02-08 18:52","491","저조"
"SO_0565","향화도항","2026-02-09 00:28","103","고조"
"SO_0565","향화도항","2026-02-09 07:25","490","저조"
"SO_0565","향화도항","2026-02-09 12:52","171","고조"
"SO_0565","향화도항","2026-02-09 19:23","443","저조"
"SO_0565","향화도항","2026-02-10 01:05","134","고조"
"SO_0565","향화도항","2026-02-10 08:12","455","저조"
"SO_0565","향화도항","2026-02-10 13:50","222","고조"
"SO_0565","향화도항","2026-02-09 00:28","103","고조"
"SO_0565","향화도항","2026-02-09 07:25","490","저조"
"SO_0565","향화도항","2026-02-09 12:52","171","고조"
"SO_0565","향화도항","2026-02-09 19:23","443","저조"
"SO_0565","향화도항","2026-02-10 01:05","134","고조"
"SO_0565","향화도항","2026-02-10 08:12","455","저조"
"SO_0565","향화도항","2026-02-10 13:50","222","고조"
"SO_0565","향화도항","2026-02-10 20:04","398","저조"
"SO_0565","향화도항","2026-02-11 01:59","165","고조"
"SO_0565","향화도항","2026-02-11 09:15","427","저조"
"SO_0565","향화도항","2026-02-10 01:05","134","고조"
"SO_0565","향화도항","2026-02-10 08:12","455","저조"
"SO_0565","향화도항","2026-02-10 13:50","222","고조"
"SO_0565","향화도항","2026-02-10 20:04","398","저조"
"SO_0565","향화도항","2026-02-11 01:59","165","고조"
"SO_0565","향화도항","2026-02-11 09:15","427","저조"
"SO_0565","향화도항","2026-02-11 15:37","254","고조"
"SO_0565","향화도항","2026-02-11 21:06","362","저조"
"SO_0565","향화도항","2026-02-12 03:27","185","고조"
"SO_0565","향화도항","2026-02-12 10:47","420","저조"
"SO_0565","향화도항","2026-02-11 01:59","165","고조"
"SO_0565","향화도항","2026-02-11 09:15","427","저조"
"SO_0565","향화도항","2026-02-11 15:37","254","고조"
"SO_0565","향화도항","2026-02-11 21:06","362","저조"
"SO_0565","향화도항","2026-02-12 03:27","185","고조"
"SO_0565","향화도항","2026-02-12 10:47","420","저조"
"SO_0565","향화도항","2026-02-12 17:38","247","고조"
"SO_0565","향화도항","2026-02-12 22:39","351","저조"
"SO_0565","향화도항","2026-02-13 05:03","177","고조"
"SO_0565","향화도항","2026-02-13 12:28","445","저조"
"SO_0565","향화도항","2026-02-12 03:27","185","고조"
"SO_0565","향화도항","2026-02-12 10:47","420","저조"
"SO_0565","향화도항","2026-02-12 17:38","247","고조"
"SO_0565","향화도항","2026-02-12 22:39","351","저조"
"SO_0565","향화도항","2026-02-13 05:03","177","고조"
"SO_0565","향화도항","2026-02-13 12:28","445","저조"
"SO_0565","향화도항","2026-02-13 18:47","214","고조"
"SO_0565","향화도항","2026-02-14 00:19","376","저조"
"SO_0565","향화도항","2026-02-14 06:16","145","고조"
"SO_0565","향화도항","2026-02-14 13:26","484","저조"
"SO_0565","향화도항","2026-02-13 05:03","177","고조"
"SO_0565","향화도항","2026-02-13 12:28","445","저조"
"SO_0565","향화도항","2026-02-13 18:47","214","고조"
"SO_0565","향화도항","2026-02-14 00:19","376","저조"
"SO_0565","향화도항","2026-02-14 06:16","145","고조"
"SO_0565","향화도항","2026-02-14 13:26","484","저조"
"SO_0565","향화도항","2026-02-14 19:29","175","고조"
"SO_0565","향화도항","2026-02-15 01:19","419","저조"
"SO_0565","향화도항","2026-02-15 07:08","104","고조"
"SO_0565","향화도항","2026-02-15 14:07","524","저조"
"SO_0565","향화도항","2026-02-14 00:19","376","저조"
"SO_0565","향화도항","2026-02-14 06:16","145","고조"
"SO_0565","향화도항","2026-02-14 13:26","484","저조"
"SO_0565","향화도항","2026-02-14 19:29","175","고조"
"SO_0565","향화도항","2026-02-15 01:19","419","저조"
"SO_0565","향화도항","2026-02-15 07:08","104","고조"
"SO_0565","향화도항","2026-02-15 14:07","524","저조"
"SO_0565","향화도항","2026-02-15 20:01","138","고조"
"SO_0565","향화도항","2026-02-16 02:03","466","저조"
"SO_0565","향화도항","2026-02-16 07:49","64","고조"
"SO_0565","향화도항","2026-02-15 01:19","419","저조"
"SO_0565","향화도항","2026-02-15 07:08","104","고조"
"SO_0565","향화도항","2026-02-15 14:07","524","저조"
"SO_0565","향화도항","2026-02-15 20:01","138","고조"
"SO_0565","향화도항","2026-02-16 02:03","466","저조"
"SO_0565","향화도항","2026-02-16 07:49","64","고조"
"SO_0565","향화도항","2026-02-16 14:43","559","저조"
"SO_0565","향화도항","2026-02-16 20:31","102","고조"
"SO_0565","향화도항","2026-02-17 02:43","509","저조"
"SO_0565","향화도항","2026-02-17 08:25","30","고조"
"SO_0565","향화도항","2026-02-16 02:03","466","저조"
"SO_0565","향화도항","2026-02-16 07:49","64","고조"
"SO_0565","향화도항","2026-02-16 14:43","559","저조"
"SO_0565","향화도항","2026-02-16 20:31","102","고조"
"SO_0565","향화도항","2026-02-17 02:43","509","저조"
"SO_0565","향화도항","2026-02-17 08:25","30","고조"
"SO_0565","향화도항","2026-02-17 15:17","589","저조"
"SO_0565","향화도항","2026-02-17 21:01","71","고조"
"SO_0565","향화도항","2026-02-18 03:22","545","저조"
"SO_0565","향화도항","2026-02-18 09:00","7","고조"
"SO_0565","향화도항","2026-02-17 02:43","509","저조"
"SO_0565","향화도항","2026-02-17 08:25","30","고조"
"SO_0565","향화도항","2026-02-17 15:17","589","저조"
"SO_0565","향화도항","2026-02-17 21:01","71","고조"
"SO_0565","향화도항","2026-02-18 03:22","545","저조"
"SO_0565","향화도항","2026-02-18 09:00","7","고조"
"SO_0565","향화도항","2026-02-18 15:50","610","저조"
"SO_0565","향화도항","2026-02-18 21:31","46","고조"
"SO_0565","향화도항","2026-02-19 03:59","573","저조"
"SO_0565","향화도항","2026-02-19 09:34","-5","고조"
"SO_0565","향화도항","2026-02-18 03:22","545","저조"
"SO_0565","향화도항","2026-02-18 09:00","7","고조"
"SO_0565","향화도항","2026-02-18 15:50","610","저조"
"SO_0565","향화도항","2026-02-18 21:31","46","고조"
"SO_0565","향화도항","2026-02-19 03:59","573","저조"
"SO_0565","향화도항","2026-02-19 09:34","-5","고조"
"SO_0565","향화도항","2026-02-19 16:24","621","저조"
"SO_0565","향화도항","2026-02-19 22:01","28","고조"
"SO_0565","향화도항","2026-02-20 04:37","591","저조"
"SO_0565","향화도항","2026-02-20 10:09","-2","고조"
"SO_0565","향화도항","2026-02-19 03:59","573","저조"
"SO_0565","향화도항","2026-02-19 09:34","-5","고조"
"SO_0565","향화도항","2026-02-19 16:24","621","저조"
"SO_0565","향화도항","2026-02-19 22:01","28","고조"
"SO_0565","향화도항","2026-02-20 04:37","591","저조"
"SO_0565","향화도항","2026-02-20 10:09","-2","고조"
"SO_0565","향화도항","2026-02-20 16:58","619","저조"
"SO_0565","향화도항","2026-02-20 22:32","18","고조"
"SO_0565","향화도항","2026-02-21 05:14","599","저조"
"SO_0565","향화도항","2026-02-21 10:44","14","고조"
"SO_0565","향화도항","2026-02-20 04:37","591","저조"
"SO_0565","향화도항","2026-02-20 10:09","-2","고조"
"SO_0565","향화도항","2026-02-20 16:58","619","저조"
"SO_0565","향화도항","2026-02-20 22:32","18","고조"
"SO_0565","향화도항","2026-02-21 05:14","599","저조"
"SO_0565","향화도항","2026-02-21 10:44","14","고조"
"SO_0565","향화도항","2026-02-21 17:32","602","저조"
"SO_0565","향화도항","2026-02-21 23:04","17","고조"
"SO_0565","향화도항","2026-02-22 05:53","595","저조"
"SO_0565","향화도항","2026-02-22 11:21","46","고조"
"SO_0565","향화도항","2026-02-21 05:14","599","저조"
"SO_0565","향화도항","2026-02-21 10:44","14","고조"
"SO_0565","향화도항","2026-02-21 17:32","602","저조"
"SO_0565","향화도항","2026-02-21 23:04","17","고조"
"SO_0565","향화도항","2026-02-22 05:53","595","저조"
"SO_0565","향화도항","2026-02-22 11:21","46","고조"
"SO_0565","향화도항","2026-02-22 18:07","571","저조"
"SO_0565","향화도항","2026-02-22 23:37","28","고조"
"SO_0565","향화도항","2026-02-23 06:35","578","저조"
"SO_0565","향화도항","2026-02-23 12:01","93","고조"
"SO_0565","향화도항","2026-02-22 05:53","595","저조"
"SO_0565","향화도항","2026-02-22 11:21","46","고조"
"SO_0565","향화도항","2026-02-22 18:07","571","저조"
"SO_0565","향화도항","2026-02-22 23:37","28","고조"
"SO_0565","향화도항","2026-02-23 06:35","578","저조"
"SO_0565","향화도항","2026-02-23 12:01","93","고조"
"SO_0565","향화도항","2026-02-23 18:45","527","저조"
"SO_0565","향화도항","2026-02-24 00:15","52","고조"
"SO_0565","향화도항","2026-02-24 07:22","549","저조"
"SO_0565","향화도항","2026-02-24 12:49","151","고조"
"SO_0565","향화도항","2026-02-23 06:35","578","저조"
"SO_0565","향화도항","2026-02-23 12:01","93","고조"
"SO_0565","향화도항","2026-02-23 18:45","527","저조"
"SO_0565","향화도항","2026-02-24 00:15","52","고조"
"SO_0565","향화도항","2026-02-24 07:22","549","저조"
"SO_0565","향화도항","2026-02-24 12:49","151","고조"
"SO_0565","향화도항","2026-02-24 19:29","475","저조"
"SO_0565","향화도항","2026-02-25 01:02","88","고조"
"SO_0565","향화도항","2026-02-25 08:20","513","저조"
"SO_0565","향화도항","2026-02-25 14:02","210","고조"
"SO_0565","향화도항","2026-02-24 00:15","52","고조"
"SO_0565","향화도항","2026-02-24 07:22","549","저조"
"SO_0565","향화도항","2026-02-24 12:49","151","고조"
"SO_0565","향화도항","2026-02-24 19:29","475","저조"
"SO_0565","향화도항","2026-02-25 01:02","88","고조"
"SO_0565","향화도항","2026-02-25 08:20","513","저조"
"SO_0565","향화도항","2026-02-25 14:02","210","고조"
"SO_0565","향화도항","2026-02-25 20:27","424","저조"
"SO_0565","향화도항","2026-02-26 02:13","128","고조"
"SO_0565","향화도항","2026-02-26 09:39","484","저조"
"SO_0565","향화도항","2026-02-25 01:02","88","고조"
"SO_0565","향화도항","2026-02-25 08:20","513","저조"
"SO_0565","향화도항","2026-02-25 14:02","210","고조"
"SO_0565","향화도항","2026-02-25 20:27","424","저조"
"SO_0565","향화도항","2026-02-26 02:13","128","고조"
"SO_0565","향화도항","2026-02-26 09:39","484","저조"
"SO_0565","향화도항","2026-02-26 16:12","237","고조"
"SO_0565","향화도항","2026-02-26 21:53","391","저조"
"SO_0565","향화도항","2026-02-27 04:06","145","고조"
"SO_0565","향화도항","2026-02-27 11:19","486","저조"
"SO_0565","향화도항","2026-02-26 02:13","128","고조"
"SO_0565","향화도항","2026-02-26 09:39","484","저조"
"SO_0565","향화도항","2026-02-26 16:12","237","고조"
"SO_0565","향화도항","2026-02-26 21:53","391","저조"
"SO_0565","향화도항","2026-02-27 04:06","145","고조"
"SO_0565","향화도항","2026-02-27 11:19","486","저조"
"SO_0565","향화도항","2026-02-27 17:57","212","고조"
"SO_0565","향화도항","2026-02-27 23:37","402","저조"
"SO_0565","향화도항","2026-02-28 05:44","122","고조"
"SO_0565","향화도항","2026-02-28 12:44","523","저조"
"SO_0565","향화도항","2026-02-27 04:06","145","고조"
"SO_0565","향화도항","2026-02-27 11:19","486","저조"
"SO_0565","향화도항","2026-02-27 17:57","212","고조"
"SO_0565","향화도항","2026-02-27 23:37","402","저조"
"SO_0565","향화도항","2026-02-28 05:44","122","고조"
"SO_0565","향화도항","2026-02-28 12:44","523","저조"
"SO_0565","향화도항","2026-02-28 18:59","166","고조"
"SO_0565","향화도항","2026-03-01 00:55","451","저조"
"SO_0565","향화도항","2026-03-01 06:51","80","고조"
"SO_0565","향화도항","2026-03-01 13:42","565","저조"
"SO_0565","향화도항","2026-02-28 05:44","122","고조"
"SO_0565","향화도항","2026-02-28 12:44","523","저조"
"SO_0565","향화도항","2026-02-28 18:59","166","고조"
"SO_0565","향화도항","2026-03-01 00:55","451","저조"
"SO_0565","향화도항","2026-03-01 06:51","80","고조"
"SO_0565","향화도항","2026-03-01 13:42","565","저조"
"SO_0565","향화도항","2026-03-01 19:42","119","고조"
"SO_0565","향화도항","2026-03-02 01:50","507","저조"
"SO_0565","향화도항","2026-03-02 07:40","40","고조"
"SO_0565","향화도항","2026-03-02 14:27","599","저조"
"SO_0565","향화도항","2026-03-01 00:55","451","저조"
"SO_0565","향화도항","2026-03-01 06:51","80","고조"
"SO_0565","향화도항","2026-03-01 13:42","565","저조"
"SO_0565","향화도항","2026-03-01 19:42","119","고조"
"SO_0565","향화도항","2026-03-02 01:50","507","저조"
"SO_0565","향화도항","2026-03-02 07:40","40","고조"
"SO_0565","향화도항","2026-03-02 14:27","599","저조"
"SO_0565","향화도항","2026-03-02 20:19","80","고조"
"SO_0565","향화도항","2026-03-03 02:36","554","저조"
"SO_0565","향화도항","2026-03-03 08:21","13","고조"
"SO_0565","향화도항","2026-03-02 01:50","507","저조"
"SO_0565","향화도항","2026-03-02 07:40","40","고조"
"SO_0565","향화도항","2026-03-02 14:27","599","저조"
"SO_0565","향화도항","2026-03-02 20:19","80","고조"
"SO_0565","향화도항","2026-03-03 02:36","554","저조"
"SO_0565","향화도항","2026-03-03 08:21","13","고조"
"SO_0565","향화도항","2026-03-03 15:06","618","저조"
"SO_0565","향화도항","2026-03-03 20:53","51","고조"
"SO_0565","향화도항","2026-03-04 03:17","588","저조"
"SO_0565","향화도항","2026-03-04 08:58","2","고조"
"SO_0565","향화도항","2026-03-03 02:36","554","저조"
"SO_0565","향화도항","2026-03-03 08:21","13","고조"
"SO_0565","향화도항","2026-03-03 15:06","618","저조"
"SO_0565","향화도항","2026-03-03 20:53","51","고조"
"SO_0565","향화도항","2026-03-04 03:17","588","저조"
"SO_0565","향화도항","2026-03-04 08:58","2","고조"
"SO_0565","향화도항","2026-03-04 15:42","624","저조"
"SO_0565","향화도항","2026-03-04 21:25","32","고조"
"SO_0565","향화도항","2026-03-05 03:56","606","저조"
"SO_0565","향화도항","2026-03-05 09:32","5","고조"
"SO_0565","향화도항","2026-03-04 03:17","588","저조"
"SO_0565","향화도항","2026-03-04 08:58","2","고조"
"SO_0565","향화도항","2026-03-04 15:42","624","저조"
"SO_0565","향화도항","2026-03-04 21:25","32","고조"
"SO_0565","향화도항","2026-03-05 03:56","606","저조"
"SO_0565","향화도항","2026-03-05 09:32","5","고조"
"SO_0565","향화도항","2026-03-05 16:16","617","저조"
"SO_0565","향화도항","2026-03-05 21:54","25","고조"
"SO_0565","향화도항","2026-03-06 04:32","609","저조"
"SO_0565","향화도항","2026-03-06 10:05","21","고조"
"SO_0565","향화도항","2026-03-05 03:56","606","저조"
"SO_0565","향화도항","2026-03-05 09:32","5","고조"
"SO_0565","향화도항","2026-03-05 16:16","617","저조"
"SO_0565","향화도항","2026-03-05 21:54","25","고조"
"SO_0565","향화도항","2026-03-06 04:32","609","저조"
"SO_0565","향화도항","2026-03-06 10:05","21","고조"
"SO_0565","향화도항","2026-03-06 16:47","599","저조"
"SO_0565","향화도항","2026-03-06 22:22","29","고조"
"SO_0565","향화도항","2026-03-07 05:06","600","저조"
"SO_0565","향화도항","2026-03-07 10:36","47","고조"
"SO_0565","향화도항","2026-03-06 04:32","609","저조"
"SO_0565","향화도항","2026-03-06 10:05","21","고조"
"SO_0565","향화도항","2026-03-06 16:47","599","저조"
"SO_0565","향화도항","2026-03-06 22:22","29","고조"
"SO_0565","향화도항","2026-03-07 05:06","600","저조"
"SO_0565","향화도항","2026-03-07 10:36","47","고조"
"SO_0565","향화도항","2026-03-07 17:16","571","저조"
"SO_0565","향화도항","2026-03-07 22:48","41","고조"
"SO_0565","향화도항","2026-03-08 05:39","580","저조"
"SO_0565","향화도항","2026-03-08 11:07","82","고조"
"SO_0565","향화도항","2026-03-07 05:06","600","저조"
"SO_0565","향화도항","2026-03-07 10:36","47","고조"
"SO_0565","향화도항","2026-03-07 17:16","571","저조"
"SO_0565","향화도항","2026-03-07 22:48","41","고조"
"SO_0565","향화도항","2026-03-08 05:39","580","저조"
"SO_0565","향화도항","2026-03-08 11:07","82","고조"
"SO_0565","향화도항","2026-03-08 17:43","536","저조"
"SO_0565","향화도항","2026-03-08 23:13","61","고조"
"SO_0565","향화도항","2026-03-09 06:11","552","저조"
"SO_0565","향화도항","2026-03-09 11:39","124","고조"
"SO_0565","향화도항","2026-03-08 05:39","580","저조"
"SO_0565","향화도항","2026-03-08 11:07","82","고조"
"SO_0565","향화도항","2026-03-08 17:43","536","저조"
"SO_0565","향화도항","2026-03-08 23:13","61","고조"
"SO_0565","향화도항","2026-03-09 06:11","552","저조"
"SO_0565","향화도항","2026-03-09 11:39","124","고조"
"SO_0565","향화도항","2026-03-09 18:09","495","저조"
"SO_0565","향화도항","2026-03-09 23:39","88","고조"
"SO_0565","향화도항","2026-03-10 06:44","518","저조"
"SO_0565","향화도항","2026-03-10 12:15","172","고조"
"SO_0565","향화도항","2026-03-09 06:11","552","저조"
"SO_0565","향화도항","2026-03-09 11:39","124","고조"
"SO_0565","향화도항","2026-03-09 18:09","495","저조"
"SO_0565","향화도항","2026-03-09 23:39","88","고조"
"SO_0565","향화도항","2026-03-10 06:44","518","저조"
"SO_0565","향화도항","2026-03-10 12:15","172","고조"
"SO_0565","향화도항","2026-03-10 18:37","452","저조"
"SO_0565","향화도항","2026-03-11 00:09","122","고조"
"SO_0565","향화도항","2026-03-11 07:24","481","저조"
"SO_0565","향화도항","2026-03-11 13:02","221","고조"
"SO_0565","향화도항","2026-03-10 06:44","518","저조"
"SO_0565","향화도항","2026-03-10 12:15","172","고조"
"SO_0565","향화도항","2026-03-10 18:37","452","저조"
"SO_0565","향화도항","2026-03-11 00:09","122","고조"
"SO_0565","향화도항","2026-03-11 07:24","481","저조"
"SO_0565","향화도항","2026-03-11 13:02","221","고조"
"SO_0565","향화도항","2026-03-11 19:12","408","저조"
"SO_0565","향화도항","2026-03-12 00:50","161","고조"
"SO_0565","향화도항","2026-03-12 08:17","444","저조"
"SO_0565","향화도항","2026-03-12 14:36","261","고조"
"SO_0565","향화도항","2026-03-11 00:09","122","고조"
"SO_0565","향화도항","2026-03-11 07:24","481","저조"
"SO_0565","향화도항","2026-03-11 13:02","221","고조"
"SO_0565","향화도항","2026-03-11 19:12","408","저조"
"SO_0565","향화도항","2026-03-12 00:50","161","고조"
"SO_0565","향화도항","2026-03-12 08:17","444","저조"
"SO_0565","향화도항","2026-03-12 14:36","261","고조"
"SO_0565","향화도항","2026-03-12 20:06","368","저조"
"SO_0565","향화도항","2026-03-13 02:11","197","고조"
"SO_0565","향화도항","2026-03-13 09:41","422","저조"
"SO_0565","향화도항","2026-03-12 00:50","161","고조"
"SO_0565","향화도항","2026-03-12 08:17","444","저조"
"SO_0565","향화도항","2026-03-12 14:36","261","고조"
"SO_0565","향화도항","2026-03-12 20:06","368","저조"
"SO_0565","향화도항","2026-03-13 02:11","197","고조"
"SO_0565","향화도항","2026-03-13 09:41","422","저조"
"SO_0565","향화도항","2026-03-13 16:51","260","고조"
"SO_0565","향화도항","2026-03-13 21:37","348","저조"
"SO_0565","향화도항","2026-03-14 04:21","200","고조"
"SO_0565","향화도항","2026-03-14 11:45","436","저조"
"SO_0565","향화도항","2026-03-13 02:11","197","고조"
"SO_0565","향화도항","2026-03-13 09:41","422","저조"
"SO_0565","향화도항","2026-03-13 16:51","260","고조"
"SO_0565","향화도항","2026-03-13 21:37","348","저조"
"SO_0565","향화도항","2026-03-14 04:21","200","고조"
"SO_0565","향화도항","2026-03-14 11:45","436","저조"
"SO_0565","향화도항","2026-03-14 18:10","226","고조"
"SO_0565","향화도항","2026-03-14 23:47","371","저조"
"SO_0565","향화도항","2026-03-15 05:50","166","고조"
"SO_0565","향화도항","2026-03-15 12:54","478","저조"
"SO_0565","향화도항","2026-03-14 04:21","200","고조"
"SO_0565","향화도항","2026-03-14 11:45","436","저조"
"SO_0565","향화도항","2026-03-14 18:10","226","고조"
"SO_0565","향화도항","2026-03-14 23:47","371","저조"
"SO_0565","향화도항","2026-03-15 05:50","166","고조"
"SO_0565","향화도항","2026-03-15 12:54","478","저조"
"SO_0565","향화도항","2026-03-15 18:54","180","고조"
"SO_0565","향화도항","2026-03-16 00:57","427","저조"
"SO_0565","향화도항","2026-03-16 06:45","119","고조"
"SO_0565","향화도항","2026-03-16 13:36","522","저조"
"SO_0565","향화도항","2026-03-15 05:50","166","고조"
"SO_0565","향화도항","2026-03-15 12:54","478","저조"
"SO_0565","향화도항","2026-03-15 18:54","180","고조"
"SO_0565","향화도항","2026-03-16 00:57","427","저조"
"SO_0565","향화도항","2026-03-16 06:45","119","고조"
"SO_0565","향화도항","2026-03-16 13:36","522","저조"
"SO_0565","향화도항","2026-03-16 19:28","134","고조"
"SO_0565","향화도항","2026-03-17 01:42","487","저조"
"SO_0565","향화도항","2026-03-17 07:26","73","고조"
"SO_0565","향화도항","2026-03-17 14:12","562","저조"
"SO_0565","향화도항","2026-03-16 00:57","427","저조"
"SO_0565","향화도항","2026-03-16 06:45","119","고조"
"SO_0565","향화도항","2026-03-16 13:36","522","저조"
"SO_0565","향화도항","2026-03-16 19:28","134","고조"
"SO_0565","향화도항","2026-03-17 01:42","487","저조"
"SO_0565","향화도항","2026-03-17 07:26","73","고조"
"SO_0565","향화도항","2026-03-17 14:12","562","저조"
"SO_0565","향화도항","2026-03-17 19:59","89","고조"
"SO_0565","향화도항","2026-03-18 02:22","542","저조"
"SO_0565","향화도항","2026-03-18 08:04","37","고조"
"SO_0565","향화도항","2026-03-17 01:42","487","저조"
"SO_0565","향화도항","2026-03-17 07:26","73","고조"
"SO_0565","향화도항","2026-03-17 14:12","562","저조"
"SO_0565","향화도항","2026-03-17 19:59","89","고조"
"SO_0565","향화도항","2026-03-18 02:22","542","저조"
"SO_0565","향화도항","2026-03-18 08:04","37","고조"
"SO_0565","향화도항","2026-03-18 14:46","595","저조"
"SO_0565","향화도항","2026-03-18 20:29","50","고조"
"SO_0565","향화도항","2026-03-19 03:00","587","저조"
"SO_0565","향화도항","2026-03-19 08:40","13","고조"
"SO_0565","향화도항","2026-03-18 02:22","542","저조"
"SO_0565","향화도항","2026-03-18 08:04","37","고조"
"SO_0565","향화도항","2026-03-18 14:46","595","저조"
"SO_0565","향화도항","2026-03-18 20:29","50","고조"
"SO_0565","향화도항","2026-03-19 03:00","587","저조"
"SO_0565","향화도항","2026-03-19 08:40","13","고조"
"SO_0565","향화도항","2026-03-19 15:21","616","저조"
"SO_0565","향화도항","2026-03-19 21:00","20","고조"
"SO_0565","향화도항","2026-03-20 03:38","622","저조"
"SO_0565","향화도항","2026-03-20 09:15","4","고조"
"SO_0565","향화도항","2026-03-19 03:00","587","저조"
"SO_0565","향화도항","2026-03-19 08:40","13","고조"
"SO_0565","향화도항","2026-03-19 15:21","616","저조"
"SO_0565","향화도항","2026-03-19 21:00","20","고조"
"SO_0565","향화도항","2026-03-20 03:38","622","저조"
"SO_0565","향화도항","2026-03-20 09:15","4","고조"
"SO_0565","향화도항","2026-03-20 15:56","625","저조"
"SO_0565","향화도항","2026-03-20 21:32","1","고조"
"SO_0565","향화도항","2026-03-21 04:16","643","저조"
"SO_0565","향화도항","2026-03-21 09:51","11","고조"
"SO_0565","향화도항","2026-03-20 03:38","622","저조"
"SO_0565","향화도항","2026-03-20 09:15","4","고조"
"SO_0565","향화도항","2026-03-20 15:56","625","저조"
"SO_0565","향화도항","2026-03-20 21:32","1","고조"
"SO_0565","향화도항","2026-03-21 04:16","643","저조"
"SO_0565","향화도항","2026-03-21 09:51","11","고조"
"SO_0565","향화도항","2026-03-21 16:31","619","저조"
"SO_0565","향화도항","2026-03-21 22:04","-7","고조"
"SO_0565","향화도항","2026-03-22 04:55","649","저조"
"SO_0565","향화도항","2026-03-22 10:28","33","고조"
"SO_0565","향화도항","2026-03-21 04:16","643","저조"
"SO_0565","향화도항","2026-03-21 09:51","11","고조"
"SO_0565","향화도항","2026-03-21 16:31","619","저조"
"SO_0565","향화도항","2026-03-21 22:04","-7","고조"
"SO_0565","향화도항","2026-03-22 04:55","649","저조"
"SO_0565","향화도항","2026-03-22 10:28","33","고조"
"SO_0565","향화도항","2026-03-22 17:07","598","저조"
"SO_0565","향화도항","2026-03-22 22:36","-1","고조"
"SO_0565","향화도항","2026-03-23 05:35","638","저조"
"SO_0565","향화도항","2026-03-23 11:07","71","고조"
"SO_0565","향화도항","2026-03-22 04:55","649","저조"
"SO_0565","향화도항","2026-03-22 10:28","33","고조"
"SO_0565","향화도항","2026-03-22 17:07","598","저조"
"SO_0565","향화도항","2026-03-22 22:36","-1","고조"
"SO_0565","향화도항","2026-03-23 05:35","638","저조"
"SO_0565","향화도항","2026-03-23 11:07","71","고조"
"SO_0565","향화도항","2026-03-23 17:44","563","저조"
"SO_0565","향화도항","2026-03-23 23:11","20","고조"
"SO_0565","향화도항","2026-03-24 06:18","611","저조"
"SO_0565","향화도항","2026-03-24 11:49","122","고조"
"SO_0565","향화도항","2026-03-23 05:35","638","저조"
"SO_0565","향화도항","2026-03-23 11:07","71","고조"
"SO_0565","향화도항","2026-03-23 17:44","563","저조"
"SO_0565","향화도항","2026-03-23 23:11","20","고조"
"SO_0565","향화도항","2026-03-24 06:18","611","저조"
"SO_0565","향화도항","2026-03-24 11:49","122","고조"
"SO_0565","향화도항","2026-03-24 18:23","516","저조"
"SO_0565","향화도항","2026-03-24 23:50","56","고조"
"SO_0565","향화도항","2026-03-25 07:07","569","저조"
"SO_0565","향화도항","2026-03-25 12:42","180","고조"
"SO_0565","향화도항","2026-03-24 06:18","611","저조"
"SO_0565","향화도항","2026-03-24 11:49","122","고조"
"SO_0565","향화도항","2026-03-24 18:23","516","저조"
"SO_0565","향화도항","2026-03-24 23:50","56","고조"
"SO_0565","향화도항","2026-03-25 07:07","569","저조"
"SO_0565","향화도항","2026-03-25 12:42","180","고조"
"SO_0565","향화도항","2026-03-25 19:10","464","저조"
"SO_0565","향화도항","2026-03-26 00:39","105","고조"
"SO_0565","향화도항","2026-03-26 08:09","522","저조"
"SO_0565","향화도항","2026-03-26 14:08","231","고조"
"SO_0565","향화도항","2026-03-25 07:07","569","저조"
"SO_0565","향화도항","2026-03-25 12:42","180","고조"
"SO_0565","향화도항","2026-03-25 19:10","464","저조"
"SO_0565","향화도항","2026-03-26 00:39","105","고조"
"SO_0565","향화도항","2026-03-26 08:09","522","저조"
"SO_0565","향화도항","2026-03-26 14:08","231","고조"
"SO_0565","향화도항","2026-03-26 20:13","415","저조"
"SO_0565","향화도항","2026-03-27 02:02","155","고조"
"SO_0565","향화도항","2026-03-27 09:32","488","저조"
"SO_0565","향화도항","2026-03-27 16:15","240","고조"
"SO_0565","향화도항","2026-03-26 00:39","105","고조"
"SO_0565","향화도항","2026-03-26 08:09","522","저조"
"SO_0565","향화도항","2026-03-26 14:08","231","고조"
"SO_0565","향화도항","2026-03-26 20:13","415","저조"
"SO_0565","향화도항","2026-03-27 02:02","155","고조"
"SO_0565","향화도항","2026-03-27 09:32","488","저조"
"SO_0565","향화도항","2026-03-27 16:15","240","고조"
"SO_0565","향화도항","2026-03-27 21:48","392","저조"
"SO_0565","향화도항","2026-03-28 04:09","169","고조"
"SO_0565","향화도항","2026-03-28 11:13","489","저조"
"SO_0565","향화도항","2026-03-27 02:02","155","고조"
"SO_0565","향화도항","2026-03-27 09:32","488","저조"
"SO_0565","향화도항","2026-03-27 16:15","240","고조"
"SO_0565","향화도항","2026-03-27 21:48","392","저조"
"SO_0565","향화도항","2026-03-28 04:09","169","고조"
"SO_0565","향화도항","2026-03-28 11:13","489","저조"
"SO_0565","향화도항","2026-03-28 17:43","208","고조"
"SO_0565","향화도항","2026-03-28 23:34","420","저조"
"SO_0565","향화도항","2026-03-29 05:40","141","고조"
"SO_0565","향화도항","2026-03-29 12:29","520","저조"
"SO_0565","향화도항","2026-03-28 04:09","169","고조"
"SO_0565","향화도항","2026-03-28 11:13","489","저조"
"SO_0565","향화도항","2026-03-28 17:43","208","고조"
"SO_0565","향화도항","2026-03-28 23:34","420","저조"
"SO_0565","향화도항","2026-03-29 05:40","141","고조"
"SO_0565","향화도항","2026-03-29 12:29","520","저조"
"SO_0565","향화도항","2026-03-29 18:38","161","고조"
"SO_0565","향화도항","2026-03-30 00:45","478","저조"
"SO_0565","향화도항","2026-03-30 06:40","102","고조"
"SO_0565","향화도항","2026-03-30 13:21","555","저조"
"SO_0565","향화도항","2026-03-29 05:40","141","고조"
"SO_0565","향화도항","2026-03-29 12:29","520","저조"
"SO_0565","향화도항","2026-03-29 18:38","161","고조"
"SO_0565","향화도항","2026-03-30 00:45","478","저조"
"SO_0565","향화도항","2026-03-30 06:40","102","고조"
"SO_0565","향화도항","2026-03-30 13:21","555","저조"
"SO_0565","향화도항","2026-03-30 19:18","116","고조"
"SO_0565","향화도항","2026-03-31 01:35","536","저조"
"SO_0565","향화도항","2026-03-31 07:25","69","고조"
"SO_0565","향화도항","2026-03-31 14:02","580","저조"
"SO_0565","향화도항","2026-03-30 00:45","478","저조"
"SO_0565","향화도항","2026-03-30 06:40","102","고조"
"SO_0565","향화도항","2026-03-30 13:21","555","저조"
"SO_0565","향화도항","2026-03-30 19:18","116","고조"
"SO_0565","향화도항","2026-03-31 01:35","536","저조"
"SO_0565","향화도항","2026-03-31 07:25","69","고조"
"SO_0565","향화도항","2026-03-31 14:02","580","저조"
"SO_0565","향화도항","2026-03-31 19:52","77","고조"
"SO_0565","향화도항","2026-04-01 02:17","580","저조"
"SO_0565","향화도항","2026-04-01 08:03","50","고조"
"SO_0565","향화도항","2026-03-31 01:35","536","저조"
"SO_0565","향화도항","2026-03-31 07:25","69","고조"
"SO_0565","향화도항","2026-03-31 14:02","580","저조"
"SO_0565","향화도항","2026-03-31 19:52","77","고조"
"SO_0565","향화도항","2026-04-01 02:17","580","저조"
"SO_0565","향화도항","2026-04-01 08:03","50","고조"
"SO_0565","향화도항","2026-04-01 14:38","593","저조"
"SO_0565","향화도항","2026-04-01 20:24","50","고조"
"SO_0565","향화도항","2026-04-02 02:56","608","저조"
"SO_0565","향화도항","2026-04-02 08:38","44","고조"
"SO_0565","향화도항","2026-04-01 02:17","580","저조"
"SO_0565","향화도항","2026-04-01 08:03","50","고조"
"SO_0565","향화도항","2026-04-01 14:38","593","저조"
"SO_0565","향화도항","2026-04-01 20:24","50","고조"
"SO_0565","향화도항","2026-04-02 02:56","608","저조"
"SO_0565","향화도항","2026-04-02 08:38","44","고조"
"SO_0565","향화도항","2026-04-02 15:12","596","저조"
"SO_0565","향화도항","2026-04-02 20:54","35","고조"
"SO_0565","향화도항","2026-04-03 03:33","620","저조"
"SO_0565","향화도항","2026-04-03 09:11","49","고조"
"SO_0565","향화도항","2026-04-02 02:56","608","저조"
"SO_0565","향화도항","2026-04-02 08:38","44","고조"
"SO_0565","향화도항","2026-04-02 15:12","596","저조"
"SO_0565","향화도항","2026-04-02 20:54","35","고조"
"SO_0565","향화도항","2026-04-03 03:33","620","저조"
"SO_0565","향화도항","2026-04-03 09:11","49","고조"
"SO_0565","향화도항","2026-04-03 15:44","589","저조"
"SO_0565","향화도항","2026-04-03 21:21","32","고조"
"SO_0565","향화도항","2026-04-04 04:07","620","저조"
"SO_0565","향화도항","2026-04-04 09:42","62","고조"
"SO_0565","향화도항","2026-04-03 03:33","620","저조"
"SO_0565","향화도항","2026-04-03 09:11","49","고조"
"SO_0565","향화도항","2026-04-03 15:44","589","저조"
"SO_0565","향화도항","2026-04-03 21:21","32","고조"
"SO_0565","향화도항","2026-04-04 04:07","620","저조"
"SO_0565","향화도항","2026-04-04 09:42","62","고조"
"SO_0565","향화도항","2026-04-04 16:14","574","저조"
"SO_0565","향화도항","2026-04-04 21:47","37","고조"
"SO_0565","향화도항","2026-04-05 04:40","609","저조"
"SO_0565","향화도항","2026-04-05 10:12","83","고조"
"SO_0565","향화도항","2026-04-04 04:07","620","저조"
"SO_0565","향화도항","2026-04-04 09:42","62","고조"
"SO_0565","향화도항","2026-04-04 16:14","574","저조"
"SO_0565","향화도항","2026-04-04 21:47","37","고조"
"SO_0565","향화도항","2026-04-05 04:40","609","저조"
"SO_0565","향화도항","2026-04-05 10:12","83","고조"
"SO_0565","향화도항","2026-04-05 16:42","551","저조"
"SO_0565","향화도항","2026-04-05 22:11","50","고조"
"SO_0565","향화도항","2026-04-06 05:10","592","저조"
"SO_0565","향화도항","2026-04-06 10:43","109","고조"
"SO_0565","향화도항","2026-04-05 04:40","609","저조"
"SO_0565","향화도항","2026-04-05 10:12","83","고조"
"SO_0565","향화도항","2026-04-05 16:42","551","저조"
"SO_0565","향화도항","2026-04-05 22:11","50","고조"
"SO_0565","향화도항","2026-04-06 05:10","592","저조"
"SO_0565","향화도항","2026-04-06 10:43","109","고조"
"SO_0565","향화도항","2026-04-06 17:08","524","저조"
"SO_0565","향화도항","2026-04-06 22:36","67","고조"
"SO_0565","향화도항","2026-04-07 05:41","568","저조"
"SO_0565","향화도항","2026-04-07 11:15","142","고조"
"SO_0565","향화도항","2026-04-06 05:10","592","저조"
"SO_0565","향화도항","2026-04-06 10:43","109","고조"
"SO_0565","향화도항","2026-04-06 17:08","524","저조"
"SO_0565","향화도항","2026-04-06 22:36","67","고조"
"SO_0565","향화도항","2026-04-07 05:41","568","저조"
"SO_0565","향화도항","2026-04-07 11:15","142","고조"
"SO_0565","향화도항","2026-04-07 17:35","492","저조"
"SO_0565","향화도항","2026-04-07 23:02","89","고조"
"SO_0565","향화도항","2026-04-08 06:13","539","저조"
"SO_0565","향화도항","2026-04-08 11:51","180","고조"
"SO_0565","향화도항","2026-04-07 05:41","568","저조"
"SO_0565","향화도항","2026-04-07 11:15","142","고조"
"SO_0565","향화도항","2026-04-07 17:35","492","저조"
"SO_0565","향화도항","2026-04-07 23:02","89","고조"
"SO_0565","향화도항","2026-04-08 06:13","539","저조"
"SO_0565","향화도항","2026-04-08 11:51","180","고조"
"SO_0565","향화도항","2026-04-08 18:05","458","저조"
"SO_0565","향화도항","2026-04-08 23:33","119","고조"
"SO_0565","향화도항","2026-04-09 06:51","506","저조"
"SO_0565","향화도항","2026-04-09 12:38","219","고조"
"SO_0565","향화도항","2026-04-08 06:13","539","저조"
"SO_0565","향화도항","2026-04-08 11:51","180","고조"
"SO_0565","향화도항","2026-04-08 18:05","458","저조"
"SO_0565","향화도항","2026-04-08 23:33","119","고조"
"SO_0565","향화도항","2026-04-09 06:51","506","저조"
"SO_0565","향화도항","2026-04-09 12:38","219","고조"
"SO_0565","향화도항","2026-04-09 18:42","422","저조"
"SO_0565","향화도항","2026-04-10 00:13","155","고조"
"SO_0565","향화도항","2026-04-10 07:42","472","저조"
"SO_0565","향화도항","2026-04-10 13:59","252","고조"
"SO_0565","향화도항","2026-04-09 06:51","506","저조"
"SO_0565","향화도항","2026-04-09 12:38","219","고조"
"SO_0565","향화도항","2026-04-09 18:42","422","저조"
"SO_0565","향화도항","2026-04-10 00:13","155","고조"
"SO_0565","향화도항","2026-04-10 07:42","472","저조"
"SO_0565","향화도항","2026-04-10 13:59","252","고조"
"SO_0565","향화도항","2026-04-10 19:35","388","저조"
"SO_0565","향화도항","2026-04-11 01:23","195","고조"
"SO_0565","향화도항","2026-04-11 08:56","446","저조"
"SO_0565","향화도항","2026-04-11 15:49","254","고조"
"SO_0565","향화도항","2026-04-10 00:13","155","고조"
"SO_0565","향화도항","2026-04-10 07:42","472","저조"
"SO_0565","향화도항","2026-04-10 13:59","252","고조"
"SO_0565","향화도항","2026-04-10 19:35","388","저조"
"SO_0565","향화도항","2026-04-11 01:23","195","고조"
"SO_0565","향화도항","2026-04-11 08:56","446","저조"
"SO_0565","향화도항","2026-04-11 15:49","254","고조"
"SO_0565","향화도항","2026-04-11 20:58","370","저조"
"SO_0565","향화도항","2026-04-12 03:30","208","고조"
"SO_0565","향화도항","2026-04-12 10:36","446","저조"
"SO_0565","향화도항","2026-04-11 01:23","195","고조"
"SO_0565","향화도항","2026-04-11 08:56","446","저조"
"SO_0565","향화도항","2026-04-11 15:49","254","고조"
"SO_0565","향화도항","2026-04-11 20:58","370","저조"
"SO_0565","향화도항","2026-04-12 03:30","208","고조"
"SO_0565","향화도항","2026-04-12 10:36","446","저조"
"SO_0565","향화도항","2026-04-12 17:10","225","고조"
"SO_0565","향화도항","2026-04-12 22:55","388","저조"
"SO_0565","향화도항","2026-04-13 05:07","182","고조"
"SO_0565","향화도항","2026-04-13 11:58","475","저조"
"SO_0565","향화도항","2026-04-12 03:30","208","고조"
"SO_0565","향화도항","2026-04-12 10:36","446","저조"
"SO_0565","향화도항","2026-04-12 17:10","225","고조"
"SO_0565","향화도항","2026-04-12 22:55","388","저조"
"SO_0565","향화도항","2026-04-13 05:07","182","고조"
"SO_0565","향화도항","2026-04-13 11:58","475","저조"
"SO_0565","향화도항","2026-04-13 18:02","181","고조"
"SO_0565","향화도항","2026-04-14 00:18","444","저조"
"SO_0565","향화도항","2026-04-14 06:09","140","고조"
"SO_0565","향화도항","2026-04-14 12:50","515","저조"
"SO_0565","향화도항","2026-04-13 05:07","182","고조"
"SO_0565","향화도항","2026-04-13 11:58","475","저조"
"SO_0565","향화도항","2026-04-13 18:02","181","고조"
"SO_0565","향화도항","2026-04-14 00:18","444","저조"
"SO_0565","향화도항","2026-04-14 06:09","140","고조"
"SO_0565","향화도항","2026-04-14 12:50","515","저조"
"SO_0565","향화도항","2026-04-14 18:42","130","고조"
"SO_0565","향화도항","2026-04-15 01:09","509","저조"
"SO_0565","향화도항","2026-04-15 06:56","98","고조"
"SO_0565","향화도항","2026-04-15 13:32","552","저조"
"SO_0565","향화도항","2026-04-14 00:18","444","저조"
"SO_0565","향화도항","2026-04-14 06:09","140","고조"
"SO_0565","향화도항","2026-04-14 12:50","515","저조"
"SO_0565","향화도항","2026-04-14 18:42","130","고조"
"SO_0565","향화도항","2026-04-15 01:09","509","저조"
"SO_0565","향화도항","2026-04-15 06:56","98","고조"
"SO_0565","향화도항","2026-04-15 13:32","552","저조"
"SO_0565","향화도항","2026-04-15 19:18","82","고조"
"SO_0565","향화도항","2026-04-16 01:52","568","저조"
"SO_0565","향화도항","2026-04-16 07:37","64","고조"
"SO_0565","향화도항","2026-04-15 01:09","509","저조"
"SO_0565","향화도항","2026-04-15 06:56","98","고조"
"SO_0565","향화도항","2026-04-15 13:32","552","저조"
"SO_0565","향화도항","2026-04-15 19:18","82","고조"
"SO_0565","향화도항","2026-04-16 01:52","568","저조"
"SO_0565","향화도항","2026-04-16 07:37","64","고조"
"SO_0565","향화도항","2026-04-16 14:10","581","저조"
"SO_0565","향화도항","2026-04-16 19:53","41","고조"
"SO_0565","향화도항","2026-04-17 02:33","618","저조"
"SO_0565","향화도항","2026-04-17 08:16","43","고조"
"SO_0565","향화도항","2026-04-16 01:52","568","저조"
"SO_0565","향화도항","2026-04-16 07:37","64","고조"
"SO_0565","향화도항","2026-04-16 14:10","581","저조"
"SO_0565","향화도항","2026-04-16 19:53","41","고조"
"SO_0565","향화도항","2026-04-17 02:33","618","저조"
"SO_0565","향화도항","2026-04-17 08:16","43","고조"
"SO_0565","향화도항","2026-04-17 14:49","600","저조"
"SO_0565","향화도항","2026-04-17 20:27","10","고조"
"SO_0565","향화도항","2026-04-18 03:13","653","저조"
"SO_0565","향화도항","2026-04-18 08:55","36","고조"
"SO_0565","향화도항","2026-04-17 02:33","618","저조"
"SO_0565","향화도항","2026-04-17 08:16","43","고조"
"SO_0565","향화도항","2026-04-17 14:49","600","저조"
"SO_0565","향화도항","2026-04-17 20:27","10","고조"
"SO_0565","향화도항","2026-04-18 03:13","653","저조"
"SO_0565","향화도항","2026-04-18 08:55","36","고조"
"SO_0565","향화도항","2026-04-18 15:27","606","저조"
"SO_0565","향화도항","2026-04-18 21:02","-7","고조"
"SO_0565","향화도항","2026-04-19 03:54","672","저조"
"SO_0565","향화도항","2026-04-19 09:35","45","고조"
"SO_0565","향화도항","2026-04-18 03:13","653","저조"
"SO_0565","향화도항","2026-04-18 08:55","36","고조"
"SO_0565","향화도항","2026-04-18 15:27","606","저조"
"SO_0565","향화도항","2026-04-18 21:02","-7","고조"
"SO_0565","향화도항","2026-04-19 03:54","672","저조"
"SO_0565","향화도항","2026-04-19 09:35","45","고조"
"SO_0565","향화도항","2026-04-19 16:05","598","저조"
"SO_0565","향화도항","2026-04-19 21:37","-10","고조"
"SO_0565","향화도항","2026-04-20 04:36","674","저조"
"SO_0565","향화도항","2026-04-20 10:15","69","고조"
"SO_0565","향화도항","2026-04-19 03:54","672","저조"
"SO_0565","향화도항","2026-04-19 09:35","45","고조"
"SO_0565","향화도항","2026-04-19 16:05","598","저조"
"SO_0565","향화도항","2026-04-19 21:37","-10","고조"
"SO_0565","향화도항","2026-04-20 04:36","674","저조"
"SO_0565","향화도항","2026-04-20 10:15","69","고조"
"SO_0565","향화도항","2026-04-20 16:44","577","저조"
"SO_0565","향화도항","2026-04-20 22:14","3","고조"
"SO_0565","향화도항","2026-04-21 05:20","658","저조"
"SO_0565","향화도항","2026-04-21 10:59","106","고조"
"SO_0565","향화도항","2026-04-20 04:36","674","저조"
"SO_0565","향화도항","2026-04-20 10:15","69","고조"
"SO_0565","향화도항","2026-04-20 16:44","577","저조"
"SO_0565","향화도항","2026-04-20 22:14","3","고조"
"SO_0565","향화도항","2026-04-21 05:20","658","저조"
"SO_0565","향화도항","2026-04-21 10:59","106","고조"
"SO_0565","향화도항","2026-04-21 17:26","545","저조"
"SO_0565","향화도항","2026-04-21 22:53","31","고조"
"SO_0565","향화도항","2026-04-22 06:07","626","저조"
"SO_0565","향화도항","2026-04-22 11:48","150","고조"
"SO_0565","향화도항","2026-04-21 05:20","658","저조"
"SO_0565","향화도항","2026-04-21 10:59","106","고조"
"SO_0565","향화도항","2026-04-21 17:26","545","저조"
"SO_0565","향화도항","2026-04-21 22:53","31","고조"
"SO_0565","향화도항","2026-04-22 06:07","626","저조"
"SO_0565","향화도항","2026-04-22 11:48","150","고조"
"SO_0565","향화도항","2026-04-22 18:11","506","저조"
"SO_0565","향화도항","2026-04-22 23:37","73","고조"
"SO_0565","향화도항","2026-04-23 07:01","582","저조"
"SO_0565","향화도항","2026-04-23 12:49","193","고조"
"SO_0565","향화도항","2026-04-22 06:07","626","저조"
"SO_0565","향화도항","2026-04-22 11:48","150","고조"
"SO_0565","향화도항","2026-04-22 18:11","506","저조"
"SO_0565","향화도항","2026-04-22 23:37","73","고조"
"SO_0565","향화도항","2026-04-23 07:01","582","저조"
"SO_0565","향화도항","2026-04-23 12:49","193","고조"
"SO_0565","향화도항","2026-04-23 19:03","464","저조"
"SO_0565","향화도항","2026-04-24 00:36","123","고조"
"SO_0565","향화도항","2026-04-24 08:04","537","저조"
"SO_0565","향화도항","2026-04-24 14:16","222","고조"
"SO_0565","향화도항","2026-04-23 07:01","582","저조"
"SO_0565","향화도항","2026-04-23 12:49","193","고조"
"SO_0565","향화도항","2026-04-23 19:03","464","저조"
"SO_0565","향화도항","2026-04-24 00:36","123","고조"
"SO_0565","향화도항","2026-04-24 08:04","537","저조"
"SO_0565","향화도항","2026-04-24 14:16","222","고조"
"SO_0565","향화도항","2026-04-24 20:11","431","저조"
"SO_0565","향화도항","2026-04-25 02:07","166","고조"
"SO_0565","향화도항","2026-04-25 09:21","505","저조"
"SO_0565","향화도항","2026-04-25 15:49","221","고조"
"SO_0565","향화도항","2026-04-24 00:36","123","고조"
"SO_0565","향화도항","2026-04-24 08:04","537","저조"
"SO_0565","향화도항","2026-04-24 14:16","222","고조"
"SO_0565","향화도항","2026-04-24 20:11","431","저조"
"SO_0565","향화도항","2026-04-25 02:07","166","고조"
"SO_0565","향화도항","2026-04-25 09:21","505","저조"
"SO_0565","향화도항","2026-04-25 15:49","221","고조"
"SO_0565","향화도항","2026-04-25 21:40","423","저조"
"SO_0565","향화도항","2026-04-26 03:55","177","고조"
"SO_0565","향화도항","2026-04-26 10:44","497","저조"
"SO_0565","향화도항","2026-04-25 02:07","166","고조"
"SO_0565","향화도항","2026-04-25 09:21","505","저조"
"SO_0565","향화도항","2026-04-25 15:49","221","고조"
"SO_0565","향화도항","2026-04-25 21:40","423","저조"
"SO_0565","향화도항","2026-04-26 03:55","177","고조"
"SO_0565","향화도항","2026-04-26 10:44","497","저조"
"SO_0565","향화도항","2026-04-26 17:04","195","고조"
"SO_0565","향화도항","2026-04-26 23:12","451","저조"
"SO_0565","향화도항","2026-04-27 05:18","160","고조"
"SO_0565","향화도항","2026-04-27 11:54","510","저조"
"SO_0565","향화도항","2026-04-26 03:55","177","고조"
"SO_0565","향화도항","2026-04-26 10:44","497","저조"
"SO_0565","향화도항","2026-04-26 17:04","195","고조"
"SO_0565","향화도항","2026-04-26 23:12","451","저조"
"SO_0565","향화도항","2026-04-27 05:18","160","고조"
"SO_0565","향화도항","2026-04-27 11:54","510","저조"
"SO_0565","향화도항","2026-04-27 18:00","157","고조"
"SO_0565","향화도항","2026-04-28 00:20","501","저조"
"SO_0565","향화도항","2026-04-28 06:17","136","고조"
"SO_0565","향화도항","2026-04-28 12:46","528","저조"
"SO_0565","향화도항","2026-04-27 05:18","160","고조"
"SO_0565","향화도항","2026-04-27 11:54","510","저조"
"SO_0565","향화도항","2026-04-27 18:00","157","고조"
"SO_0565","향화도항","2026-04-28 00:20","501","저조"
"SO_0565","향화도항","2026-04-28 06:17","136","고조"
"SO_0565","향화도항","2026-04-28 12:46","528","저조"
"SO_0565","향화도항","2026-04-28 18:42","119","고조"
"SO_0565","향화도항","2026-04-29 01:10","548","저조"
"SO_0565","향화도항","2026-04-29 07:03","115","고조"
"SO_0565","향화도항","2026-04-29 13:29","543","저조"
"SO_0565","향화도항","2026-04-28 00:20","501","저조"
"SO_0565","향화도항","2026-04-28 06:17","136","고조"
"SO_0565","향화도항","2026-04-28 12:46","528","저조"
"SO_0565","향화도항","2026-04-28 18:42","119","고조"
"SO_0565","향화도항","2026-04-29 01:10","548","저조"
"SO_0565","향화도항","2026-04-29 07:03","115","고조"
"SO_0565","향화도항","2026-04-29 13:29","543","저조"
"SO_0565","향화도항","2026-04-29 19:19","88","고조"
"SO_0565","향화도항","2026-04-30 01:53","583","저조"
"SO_0565","향화도항","2026-04-30 07:42","103","고조"
"SO_0565","향화도항","2026-04-29 01:10","548","저조"
"SO_0565","향화도항","2026-04-29 07:03","115","고조"
"SO_0565","향화도항","2026-04-29 13:29","543","저조"
"SO_0565","향화도항","2026-04-29 19:19","88","고조"
"SO_0565","향화도항","2026-04-30 01:53","583","저조"
"SO_0565","향화도항","2026-04-30 07:42","103","고조"
"SO_0565","향화도항","2026-04-30 14:06","551","저조"
"SO_0565","향화도항","2026-04-30 19:52","68","고조"
"SO_0565","향화도항","2026-05-01 02:32","603","저조"
"SO_0565","향화도항","2026-05-01 08:17","99","고조"
"SO_0565","향화도항","2026-04-30 01:53","583","저조"
"SO_0565","향화도항","2026-04-30 07:42","103","고조"
"SO_0565","향화도항","2026-04-30 14:06","551","저조"
"SO_0565","향화도항","2026-04-30 19:52","68","고조"
"SO_0565","향화도항","2026-05-01 02:32","603","저조"
"SO_0565","향화도항","2026-05-01 08:17","99","고조"
"SO_0565","향화도항","2026-05-01 14:40","552","저조"
"SO_0565","향화도항","2026-05-01 20:21","58","고조"
"SO_0565","향화도항","2026-05-02 03:09","611","저조"
"SO_0565","향화도항","2026-05-02 08:50","102","고조"
"SO_0565","향화도항","2026-05-01 02:32","603","저조"
"SO_0565","향화도항","2026-05-01 08:17","99","고조"
"SO_0565","향화도항","2026-05-01 14:40","552","저조"
"SO_0565","향화도항","2026-05-01 20:21","58","고조"
"SO_0565","향화도항","2026-05-02 03:09","611","저조"
"SO_0565","향화도항","2026-05-02 08:50","102","고조"
"SO_0565","향화도항","2026-05-02 15:12","548","저조"
"SO_0565","향화도항","2026-05-02 20:49","58","고조"
"SO_0565","향화도항","2026-05-03 03:43","609","저조"
"SO_0565","향화도항","2026-05-03 09:22","110","고조"
"SO_0565","향화도항","2026-05-02 03:09","611","저조"
"SO_0565","향화도항","2026-05-02 08:50","102","고조"
"SO_0565","향화도항","2026-05-02 15:12","548","저조"
"SO_0565","향화도항","2026-05-02 20:49","58","고조"
"SO_0565","향화도항","2026-05-03 03:43","609","저조"
"SO_0565","향화도항","2026-05-03 09:22","110","고조"
"SO_0565","향화도항","2026-05-03 15:43","538","저조"
"SO_0565","향화도항","2026-05-03 21:15","62","고조"
"SO_0565","향화도항","2026-05-04 04:15","600","저조"
"SO_0565","향화도항","2026-05-04 09:54","122","고조"
"SO_0565","향화도항","2026-05-03 03:43","609","저조"
"SO_0565","향화도항","2026-05-03 09:22","110","고조"
"SO_0565","향화도항","2026-05-03 15:43","538","저조"
"SO_0565","향화도항","2026-05-03 21:15","62","고조"
"SO_0565","향화도항","2026-05-04 04:15","600","저조"
"SO_0565","향화도항","2026-05-04 09:54","122","고조"
"SO_0565","향화도항","2026-05-04 16:12","524","저조"
"SO_0565","향화도항","2026-05-04 21:41","70","고조"
"SO_0565","향화도항","2026-05-05 04:47","588","저조"
"SO_0565","향화도항","2026-05-05 10:26","138","고조"
"SO_0565","향화도항","2026-05-04 04:15","600","저조"
"SO_0565","향화도항","2026-05-04 09:54","122","고조"
"SO_0565","향화도항","2026-05-04 16:12","524","저조"
"SO_0565","향화도항","2026-05-04 21:41","70","고조"
"SO_0565","향화도항","2026-05-05 04:47","588","저조"
"SO_0565","향화도항","2026-05-05 10:26","138","고조"
"SO_0565","향화도항","2026-05-05 16:41","507","저조"
"SO_0565","향화도항","2026-05-05 22:08","80","고조"
"SO_0565","향화도항","2026-05-06 05:19","573","저조"
"SO_0565","향화도항","2026-05-06 11:01","158","고조"
"SO_0565","향화도항","2026-05-05 04:47","588","저조"
"SO_0565","향화도항","2026-05-05 10:26","138","고조"
"SO_0565","향화도항","2026-05-05 16:41","507","저조"
"SO_0565","향화도항","2026-05-05 22:08","80","고조"
"SO_0565","향화도항","2026-05-06 05:19","573","저조"
"SO_0565","향화도항","2026-05-06 11:01","158","고조"
"SO_0565","향화도항","2026-05-06 17:13","487","저조"
"SO_0565","향화도항","2026-05-06 22:39","95","고조"
"SO_0565","향화도항","2026-05-07 05:54","554","저조"
"SO_0565","향화도항","2026-05-07 11:40","182","고조"
"SO_0565","향화도항","2026-05-06 05:19","573","저조"
"SO_0565","향화도항","2026-05-06 11:01","158","고조"
"SO_0565","향화도항","2026-05-06 17:13","487","저조"
"SO_0565","향화도항","2026-05-06 22:39","95","고조"
"SO_0565","향화도항","2026-05-07 05:54","554","저조"
"SO_0565","향화도항","2026-05-07 11:40","182","고조"
"SO_0565","향화도항","2026-05-07 17:47","464","저조"
"SO_0565","향화도항","2026-05-07 23:14","117","고조"
"SO_0565","향화도항","2026-05-08 06:34","530","저조"
"SO_0565","향화도항","2026-05-08 12:27","206","고조"
"SO_0565","향화도항","2026-05-07 05:54","554","저조"
"SO_0565","향화도항","2026-05-07 11:40","182","고조"
"SO_0565","향화도항","2026-05-07 17:47","464","저조"
"SO_0565","향화도항","2026-05-07 23:14","117","고조"
"SO_0565","향화도항","2026-05-08 06:34","530","저조"
"SO_0565","향화도항","2026-05-08 12:27","206","고조"
"SO_0565","향화도항","2026-05-08 18:29","440","저조"
"SO_0565","향화도항","2026-05-08 23:58","146","고조"
"SO_0565","향화도항","2026-05-09 07:23","504","저조"
"SO_0565","향화도항","2026-05-09 13:31","224","고조"
"SO_0565","향화도항","2026-05-08 06:34","530","저조"
"SO_0565","향화도항","2026-05-08 12:27","206","고조"
"SO_0565","향화도항","2026-05-08 18:29","440","저조"
"SO_0565","향화도항","2026-05-08 23:58","146","고조"
"SO_0565","향화도항","2026-05-09 07:23","504","저조"
"SO_0565","향화도항","2026-05-09 13:31","224","고조"
"SO_0565","향화도항","2026-05-09 19:22","419","저조"
"SO_0565","향화도항","2026-05-10 01:02","178","고조"
"SO_0565","향화도항","2026-05-10 08:23","482","저조"
"SO_0565","향화도항","2026-05-10 14:48","225","고조"
"SO_0565","향화도항","2026-05-09 07:23","504","저조"
"SO_0565","향화도항","2026-05-09 13:31","224","고조"
"SO_0565","향화도항","2026-05-09 19:22","419","저조"
"SO_0565","향화도항","2026-05-10 01:02","178","고조"
"SO_0565","향화도항","2026-05-10 08:23","482","저조"
"SO_0565","향화도항","2026-05-10 14:48","225","고조"
"SO_0565","향화도항","2026-05-10 20:34","409","저조"
"SO_0565","향화도항","2026-05-11 02:37","198","고조"
"SO_0565","향화도항","2026-05-11 09:36","471","저조"
"SO_0565","향화도항","2026-05-11 16:00","205","고조"
"SO_0565","향화도항","2026-05-10 01:02","178","고조"
"SO_0565","향화도항","2026-05-10 08:23","482","저조"
"SO_0565","향화도항","2026-05-10 14:48","225","고조"
"SO_0565","향화도항","2026-05-10 20:34","409","저조"
"SO_0565","향화도항","2026-05-11 02:37","198","고조"
"SO_0565","향화도항","2026-05-11 09:36","471","저조"
"SO_0565","향화도항","2026-05-11 16:00","205","고조"
"SO_0565","향화도항","2026-05-11 22:03","424","저조"
"SO_0565","향화도항","2026-05-12 04:12","191","고조"
"SO_0565","향화도항","2026-05-12 10:51","479","저조"
"SO_0565","향화도항","2026-05-11 02:37","198","고조"
"SO_0565","향화도항","2026-05-11 09:36","471","저조"
"SO_0565","향화도항","2026-05-11 16:00","205","고조"
"SO_0565","향화도항","2026-05-11 22:03","424","저조"
"SO_0565","향화도항","2026-05-12 04:12","191","고조"
"SO_0565","향화도항","2026-05-12 10:51","479","저조"
"SO_0565","향화도항","2026-05-12 17:00","169","고조"
"SO_0565","향화도항","2026-05-12 23:26","467","저조"
"SO_0565","향화도항","2026-05-13 05:24","165","고조"
"SO_0565","향화도항","2026-05-13 11:54","502","저조"
"SO_0565","향화도항","2026-05-12 04:12","191","고조"
"SO_0565","향화도항","2026-05-12 10:51","479","저조"
"SO_0565","향화도항","2026-05-12 17:00","169","고조"
"SO_0565","향화도항","2026-05-12 23:26","467","저조"
"SO_0565","향화도항","2026-05-13 05:24","165","고조"
"SO_0565","향화도항","2026-05-13 11:54","502","저조"
"SO_0565","향화도항","2026-05-13 17:50","124","고조"
"SO_0565","향화도항","2026-05-14 00:27","525","저조"
"SO_0565","향화도항","2026-05-14 06:20","133","고조"
"SO_0565","향화도항","2026-05-14 12:46","528","저조"
"SO_0565","향화도항","2026-05-13 05:24","165","고조"
"SO_0565","향화도항","2026-05-13 11:54","502","저조"
"SO_0565","향화도항","2026-05-13 17:50","124","고조"
"SO_0565","향화도항","2026-05-14 00:27","525","저조"
"SO_0565","향화도항","2026-05-14 06:20","133","고조"
"SO_0565","향화도항","2026-05-14 12:46","528","저조"
"SO_0565","향화도항","2026-05-14 18:33","80","고조"
"SO_0565","향화도항","2026-05-15 01:18","581","저조"
"SO_0565","향화도항","2026-05-15 07:09","105","고조"
"SO_0565","향화도항","2026-05-15 13:33","551","저조"
"SO_0565","향화도항","2026-05-14 00:27","525","저조"
"SO_0565","향화도항","2026-05-14 06:20","133","고조"
"SO_0565","향화도항","2026-05-14 12:46","528","저조"
"SO_0565","향화도항","2026-05-14 18:33","80","고조"
"SO_0565","향화도항","2026-05-15 01:18","581","저조"
"SO_0565","향화도항","2026-05-15 07:09","105","고조"
"SO_0565","향화도항","2026-05-15 13:33","551","저조"
"SO_0565","향화도항","2026-05-15 19:15","42","고조"
"SO_0565","향화도항","2026-05-16 02:04","628","저조"
"SO_0565","향화도항","2026-05-16 07:54","86","고조"
"SO_0565","향화도항","2026-05-15 01:18","581","저조"
"SO_0565","향화도항","2026-05-15 07:09","105","고조"
"SO_0565","향화도항","2026-05-15 13:33","551","저조"
"SO_0565","향화도항","2026-05-15 19:15","42","고조"
"SO_0565","향화도항","2026-05-16 02:04","628","저조"
"SO_0565","향화도항","2026-05-16 07:54","86","고조"
"SO_0565","향화도항","2026-05-16 14:17","566","저조"
"SO_0565","향화도항","2026-05-16 19:56","15","고조"
"SO_0565","향화도항","2026-05-17 02:50","660","저조"
"SO_0565","향화도항","2026-05-17 08:38","80","고조"
"SO_0565","향화도항","2026-05-16 02:04","628","저조"
"SO_0565","향화도항","2026-05-16 07:54","86","고조"
"SO_0565","향화도항","2026-05-16 14:17","566","저조"
"SO_0565","향화도항","2026-05-16 19:56","15","고조"
"SO_0565","향화도항","2026-05-17 02:50","660","저조"
"SO_0565","향화도항","2026-05-17 08:38","80","고조"
"SO_0565","향화도항","2026-05-17 15:00","572","저조"
"SO_0565","향화도항","2026-05-17 20:36","2","고조"
"SO_0565","향화도항","2026-05-18 03:36","676","저조"
"SO_0565","향화도항","2026-05-18 09:23","86","고조"
"SO_0565","향화도항","2026-05-17 02:50","660","저조"
"SO_0565","향화도항","2026-05-17 08:38","80","고조"
"SO_0565","향화도항","2026-05-17 15:00","572","저조"
"SO_0565","향화도항","2026-05-17 20:36","2","고조"
"SO_0565","향화도항","2026-05-18 03:36","676","저조"
"SO_0565","향화도항","2026-05-18 09:23","86","고조"
"SO_0565","향화도항","2026-05-18 15:44","568","저조"
"SO_0565","향화도항","2026-05-18 21:18","3","고조"
"SO_0565","향화도항","2026-05-19 04:22","677","저조"
"SO_0565","향화도항","2026-05-19 10:09","103","고조"
"SO_0565","향화도항","2026-05-18 03:36","676","저조"
"SO_0565","향화도항","2026-05-18 09:23","86","고조"
"SO_0565","향화도항","2026-05-18 15:44","568","저조"
"SO_0565","향화도항","2026-05-18 21:18","3","고조"
"SO_0565","향화도항","2026-05-19 04:22","677","저조"
"SO_0565","향화도항","2026-05-19 10:09","103","고조"
"SO_0565","향화도항","2026-05-19 16:29","555","저조"
"SO_0565","향화도항","2026-05-19 22:01","17","고조"
"SO_0565","향화도항","2026-05-20 05:11","662","저조"
"SO_0565","향화도항","2026-05-20 10:57","126","고조"
"SO_0565","향화도항","2026-05-19 04:22","677","저조"
"SO_0565","향화도항","2026-05-19 10:09","103","고조"
"SO_0565","향화도항","2026-05-19 16:29","555","저조"
"SO_0565","향화도항","2026-05-19 22:01","17","고조"
"SO_0565","향화도항","2026-05-20 05:11","662","저조"
"SO_0565","향화도항","2026-05-20 10:57","126","고조"
"SO_0565","향화도항","2026-05-20 17:16","536","저조"
"SO_0565","향화도항","2026-05-20 22:47","43","고조"
"SO_0565","향화도항","2026-05-21 06:02","635","저조"
"SO_0565","향화도항","2026-05-21 11:50","151","고조"
"SO_0565","향화도항","2026-05-20 05:11","662","저조"
"SO_0565","향화도항","2026-05-20 10:57","126","고조"
"SO_0565","향화도항","2026-05-20 17:16","536","저조"
"SO_0565","향화도항","2026-05-20 22:47","43","고조"
"SO_0565","향화도항","2026-05-21 06:02","635","저조"
"SO_0565","향화도항","2026-05-21 11:50","151","고조"
"SO_0565","향화도항","2026-05-21 18:05","513","저조"
"SO_0565","향화도항","2026-05-21 23:38","79","고조"
"SO_0565","향화도항","2026-05-22 06:55","600","저조"
"SO_0565","향화도항","2026-05-22 12:48","174","고조"
"SO_0565","향화도항","2026-05-21 06:02","635","저조"
"SO_0565","향화도항","2026-05-21 11:50","151","고조"
"SO_0565","향화도항","2026-05-21 18:05","513","저조"
"SO_0565","향화도항","2026-05-21 23:38","79","고조"
"SO_0565","향화도항","2026-05-22 06:55","600","저조"
"SO_0565","향화도항","2026-05-22 12:48","174","고조"
"SO_0565","향화도항","2026-05-22 19:00","490","저조"
"SO_0565","향화도항","2026-05-23 00:38","120","고조"
"SO_0565","향화도항","2026-05-23 07:52","561","저조"
"SO_0565","향화도항","2026-05-23 13:54","188","고조"
"SO_0565","향화도항","2026-05-22 06:55","600","저조"
"SO_0565","향화도항","2026-05-22 12:48","174","고조"
"SO_0565","향화도항","2026-05-22 19:00","490","저조"
"SO_0565","향화도항","2026-05-23 00:38","120","고조"
"SO_0565","향화도항","2026-05-23 07:52","561","저조"
"SO_0565","향화도항","2026-05-23 13:54","188","고조"
"SO_0565","향화도항","2026-05-23 20:03","471","저조"
"SO_0565","향화도항","2026-05-24 01:52","157","고조"
"SO_0565","향화도항","2026-05-24 08:53","525","저조"
"SO_0565","향화도항","2026-05-24 15:03","189","고조"
"SO_0565","향화도항","2026-05-23 00:38","120","고조"
"SO_0565","향화도항","2026-05-23 07:52","561","저조"
"SO_0565","향화도항","2026-05-23 13:54","188","고조"
"SO_0565","향화도항","2026-05-23 20:03","471","저조"
"SO_0565","향화도항","2026-05-24 01:52","157","고조"
"SO_0565","향화도항","2026-05-24 08:53","525","저조"
"SO_0565","향화도항","2026-05-24 15:03","189","고조"
"SO_0565","향화도항","2026-05-24 21:14","465","저조"
"SO_0565","향화도항","2026-05-25 03:18","181","고조"
"SO_0565","향화도항","2026-05-25 09:59","499","저조"
"SO_0565","향화도항","2026-05-24 01:52","157","고조"
"SO_0565","향화도항","2026-05-24 08:53","525","저조"
"SO_0565","향화도항","2026-05-24 15:03","189","고조"
"SO_0565","향화도항","2026-05-24 21:14","465","저조"
"SO_0565","향화도항","2026-05-25 03:18","181","고조"
"SO_0565","향화도항","2026-05-25 09:59","499","저조"
"SO_0565","향화도항","2026-05-25 16:10","177","고조"
"SO_0565","향화도항","2026-05-25 22:32","478","저조"
"SO_0565","향화도항","2026-05-26 04:39","186","고조"
"SO_0565","향화도항","2026-05-26 11:05","488","저조"
"SO_0565","향화도항","2026-05-25 03:18","181","고조"
"SO_0565","향화도항","2026-05-25 09:59","499","저조"
"SO_0565","향화도항","2026-05-25 16:10","177","고조"
"SO_0565","향화도항","2026-05-25 22:32","478","저조"
"SO_0565","향화도항","2026-05-26 04:39","186","고조"
"SO_0565","향화도항","2026-05-26 11:05","488","저조"
"SO_0565","향화도항","2026-05-26 17:09","155","고조"
"SO_0565","향화도항","2026-05-26 23:43","506","저조"
"SO_0565","향화도항","2026-05-27 05:44","179","고조"
"SO_0565","향화도항","2026-05-27 12:02","489","저조"
"SO_0565","향화도항","2026-05-26 04:39","186","고조"
"SO_0565","향화도항","2026-05-26 11:05","488","저조"
"SO_0565","향화도항","2026-05-26 17:09","155","고조"
"SO_0565","향화도항","2026-05-26 23:43","506","저조"
"SO_0565","향화도항","2026-05-27 05:44","179","고조"
"SO_0565","향화도항","2026-05-27 12:02","489","저조"
"SO_0565","향화도항","2026-05-27 17:59","131","고조"
"SO_0565","향화도항","2026-05-28 00:39","538","저조"
"SO_0565","향화도항","2026-05-28 06:37","168","고조"
"SO_0565","향화도항","2026-05-28 12:50","495","저조"
"SO_0565","향화도항","2026-05-27 05:44","179","고조"
"SO_0565","향화도항","2026-05-27 12:02","489","저조"
"SO_0565","향화도항","2026-05-27 17:59","131","고조"
"SO_0565","향화도항","2026-05-28 00:39","538","저조"
"SO_0565","향화도항","2026-05-28 06:37","168","고조"
"SO_0565","향화도항","2026-05-28 12:50","495","저조"
"SO_0565","향화도항","2026-05-28 18:41","111","고조"
"SO_0565","향화도항","2026-05-29 01:27","563","저조"
"SO_0565","향화도항","2026-05-29 07:20","159","고조"
"SO_0565","향화도항","2026-05-29 13:31","501","저조"
"SO_0565","향화도항","2026-05-28 00:39","538","저조"
"SO_0565","향화도항","2026-05-28 06:37","168","고조"
"SO_0565","향화도항","2026-05-28 12:50","495","저조"
"SO_0565","향화도항","2026-05-28 18:41","111","고조"
"SO_0565","향화도항","2026-05-29 01:27","563","저조"
"SO_0565","향화도항","2026-05-29 07:20","159","고조"
"SO_0565","향화도항","2026-05-29 13:31","501","저조"
"SO_0565","향화도항","2026-05-29 19:18","97","고조"
"SO_0565","향화도항","2026-05-30 02:08","578","저조"
"SO_0565","향화도항","2026-05-30 07:59","152","고조"
"SO_0565","향화도항","2026-05-29 01:27","563","저조"
"SO_0565","향화도항","2026-05-29 07:20","159","고조"
"SO_0565","향화도항","2026-05-29 13:31","501","저조"
"SO_0565","향화도항","2026-05-29 19:18","97","고조"
"SO_0565","향화도항","2026-05-30 02:08","578","저조"
"SO_0565","향화도항","2026-05-30 07:59","152","고조"
"SO_0565","향화도항","2026-05-30 14:09","505","저조"
"SO_0565","향화도항","2026-05-30 19:50","90","고조"
"SO_0565","향화도항","2026-05-31 02:47","585","저조"
"SO_0565","향화도항","2026-05-31 08:35","148","고조"
"SO_0565","향화도항","2026-05-30 02:08","578","저조"
"SO_0565","향화도항","2026-05-30 07:59","152","고조"
"SO_0565","향화도항","2026-05-30 14:09","505","저조"
"SO_0565","향화도항","2026-05-30 19:50","90","고조"
"SO_0565","향화도항","2026-05-31 02:47","585","저조"
"SO_0565","향화도항","2026-05-31 08:35","148","고조"
"SO_0565","향화도항","2026-05-31 14:44","506","저조"
"SO_0565","향화도항","2026-05-31 20:21","87","고조"
"SO_0565","향화도항","2026-06-01 03:23","587","저조"
"SO_0565","향화도항","2026-06-01 09:10","147","고조"
"SO_0565","향화도항","2026-05-31 02:47","585","저조"
"SO_0565","향화도항","2026-05-31 08:35","148","고조"
"SO_0565","향화도항","2026-05-31 14:44","506","저조"
"SO_0565","향화도항","2026-05-31 20:21","87","고조"
"SO_0565","향화도항","2026-06-01 03:23","587","저조"
"SO_0565","향화도항","2026-06-01 09:10","147","고조"
"SO_0565","향화도항","2026-06-01 15:18","505","저조"
"SO_0565","향화도항","2026-06-01 20:51","86","고조"
"SO_0565","향화도항","2026-06-02 03:58","586","저조"
"SO_0565","향화도항","2026-06-02 09:44","148","고조"
"SO_0565","향화도항","2026-06-01 03:23","587","저조"
"SO_0565","향화도항","2026-06-01 09:10","147","고조"
"SO_0565","향화도항","2026-06-01 15:18","505","저조"
"SO_0565","향화도항","2026-06-01 20:51","86","고조"
"SO_0565","향화도항","2026-06-02 03:58","586","저조"
"SO_0565","향화도항","2026-06-02 09:44","148","고조"
"SO_0565","향화도항","2026-06-02 15:51","502","저조"
"SO_0565","향화도항","2026-06-02 21:22","86","고조"
"SO_0565","향화도항","2026-06-03 04:32","584","저조"
"SO_0565","향화도항","2026-06-03 10:18","152","고조"
"SO_0565","향화도항","2026-06-02 03:58","586","저조"
"SO_0565","향화도항","2026-06-02 09:44","148","고조"
"SO_0565","향화도항","2026-06-02 15:51","502","저조"
"SO_0565","향화도항","2026-06-02 21:22","86","고조"
"SO_0565","향화도항","2026-06-03 04:32","584","저조"
"SO_0565","향화도항","2026-06-03 10:18","152","고조"
"SO_0565","향화도항","2026-06-03 16:25","497","저조"
"SO_0565","향화도항","2026-06-03 21:54","88","고조"
"SO_0565","향화도항","2026-06-04 05:07","579","저조"
"SO_0565","향화도항","2026-06-04 10:54","159","고조"
"SO_0565","향화도항","2026-06-03 04:32","584","저조"
"SO_0565","향화도항","2026-06-03 10:18","152","고조"
"SO_0565","향화도항","2026-06-03 16:25","497","저조"
"SO_0565","향화도항","2026-06-03 21:54","88","고조"
"SO_0565","향화도항","2026-06-04 05:07","579","저조"
"SO_0565","향화도항","2026-06-04 10:54","159","고조"
"SO_0565","향화도항","2026-06-04 17:02","489","저조"
"SO_0565","향화도항","2026-06-04 22:29","94","고조"
"SO_0565","향화도항","2026-06-05 05:44","571","저조"
"SO_0565","향화도항","2026-06-05 11:31","167","고조"
"SO_0565","향화도항","2026-06-04 05:07","579","저조"
"SO_0565","향화도항","2026-06-04 10:54","159","고조"
"SO_0565","향화도항","2026-06-04 17:02","489","저조"
"SO_0565","향화도항","2026-06-04 22:29","94","고조"
"SO_0565","향화도항","2026-06-05 05:44","571","저조"
"SO_0565","향화도항","2026-06-05 11:31","167","고조"
"SO_0565","향화도항","2026-06-05 17:41","481","저조"
"SO_0565","향화도항","2026-06-05 23:08","106","고조"
"SO_0565","향화도항","2026-06-06 06:23","558","저조"
"SO_0565","향화도항","2026-06-06 12:12","175","고조"
"SO_0565","향화도항","2026-06-05 05:44","571","저조"
"SO_0565","향화도항","2026-06-05 11:31","167","고조"
"SO_0565","향화도항","2026-06-05 17:41","481","저조"
"SO_0565","향화도항","2026-06-05 23:08","106","고조"
"SO_0565","향화도항","2026-06-06 06:23","558","저조"
"SO_0565","향화도항","2026-06-06 12:12","175","고조"
"SO_0565","향화도항","2026-06-06 18:24","470","저조"
"SO_0565","향화도항","2026-06-06 23:51","126","고조"
"SO_0565","향화도항","2026-06-07 07:05","540","저조"
"SO_0565","향화도항","2026-06-07 12:59","180","고조"
"SO_0565","향화도항","2026-06-06 06:23","558","저조"
"SO_0565","향화도항","2026-06-06 12:12","175","고조"
"SO_0565","향화도항","2026-06-06 18:24","470","저조"
"SO_0565","향화도항","2026-06-06 23:51","126","고조"
"SO_0565","향화도항","2026-06-07 07:05","540","저조"
"SO_0565","향화도항","2026-06-07 12:59","180","고조"
"SO_0565","향화도항","2026-06-07 19:14","462","저조"
"SO_0565","향화도항","2026-06-08 00:44","152","고조"
"SO_0565","향화도항","2026-06-08 07:53","520","저조"
"SO_0565","향화도항","2026-06-08 13:54","180","고조"
"SO_0565","향화도항","2026-06-07 07:05","540","저조"
"SO_0565","향화도항","2026-06-07 12:59","180","고조"
"SO_0565","향화도항","2026-06-07 19:14","462","저조"
"SO_0565","향화도항","2026-06-08 00:44","152","고조"
"SO_0565","향화도항","2026-06-08 07:53","520","저조"
"SO_0565","향화도항","2026-06-08 13:54","180","고조"
"SO_0565","향화도항","2026-06-08 20:12","459","저조"
"SO_0565","향화도항","2026-06-09 01:52","178","고조"
"SO_0565","향화도항","2026-06-09 08:48","501","저조"
"SO_0565","향화도항","2026-06-09 14:55","169","고조"
"SO_0565","향화도항","2026-06-08 00:44","152","고조"
"SO_0565","향화도항","2026-06-08 07:53","520","저조"
"SO_0565","향화도항","2026-06-08 13:54","180","고조"
"SO_0565","향화도항","2026-06-08 20:12","459","저조"
"SO_0565","향화도항","2026-06-09 01:52","178","고조"
"SO_0565","향화도항","2026-06-09 08:48","501","저조"
"SO_0565","향화도항","2026-06-09 14:55","169","고조"
"SO_0565","향화도항","2026-06-09 21:20","468","저조"
"SO_0565","향화도항","2026-06-10 03:14","193","고조"
"SO_0565","향화도항","2026-06-10 09:51","488","저조"
"SO_0565","향화도항","2026-06-09 01:52","178","고조"
"SO_0565","향화도항","2026-06-09 08:48","501","저조"
"SO_0565","향화도항","2026-06-09 14:55","169","고조"
"SO_0565","향화도항","2026-06-09 21:20","468","저조"
"SO_0565","향화도항","2026-06-10 03:14","193","고조"
"SO_0565","향화도항","2026-06-10 09:51","488","저조"
"SO_0565","향화도항","2026-06-10 15:58","147","고조"
"SO_0565","향화도항","2026-06-10 22:34","494","저조"
"SO_0565","향화도항","2026-06-11 04:36","189","고조"
"SO_0565","향화도항","2026-06-11 10:58","488","저조"
"SO_0565","향화도항","2026-06-10 03:14","193","고조"
"SO_0565","향화도항","2026-06-10 09:51","488","저조"
"SO_0565","향화도항","2026-06-10 15:58","147","고조"
"SO_0565","향화도항","2026-06-10 22:34","494","저조"
"SO_0565","향화도항","2026-06-11 04:36","189","고조"
"SO_0565","향화도항","2026-06-11 10:58","488","저조"
"SO_0565","향화도항","2026-06-11 16:56","117","고조"
"SO_0565","향화도항","2026-06-11 23:44","534","저조"
"SO_0565","향화도항","2026-06-12 05:45","172","고조"
"SO_0565","향화도항","2026-06-12 12:01","498","저조"
"SO_0565","향화도항","2026-06-11 04:36","189","고조"
"SO_0565","향화도항","2026-06-11 10:58","488","저조"
"SO_0565","향화도항","2026-06-11 16:56","117","고조"
"SO_0565","향화도항","2026-06-11 23:44","534","저조"
"SO_0565","향화도항","2026-06-12 05:45","172","고조"
"SO_0565","향화도항","2026-06-12 12:01","498","저조"
"SO_0565","향화도항","2026-06-12 17:51","85","고조"
"SO_0565","향화도항","2026-06-13 00:45","579","저조"
"SO_0565","향화도항","2026-06-13 06:45","150","고조"
"SO_0565","향화도항","2026-06-13 12:58","513","저조"
"SO_0565","향화도항","2026-06-12 05:45","172","고조"
"SO_0565","향화도항","2026-06-12 12:01","498","저조"
"SO_0565","향화도항","2026-06-12 17:51","85","고조"
"SO_0565","향화도항","2026-06-13 00:45","579","저조"
"SO_0565","향화도항","2026-06-13 06:45","150","고조"
"SO_0565","향화도항","2026-06-13 12:58","513","저조"
"SO_0565","향화도항","2026-06-13 18:43","55","고조"
"SO_0565","향화도항","2026-06-14 01:40","619","저조"
"SO_0565","향화도항","2026-06-14 07:39","132","고조"
"SO_0565","향화도항","2026-06-14 13:50","527","저조"
"SO_0565","향화도항","2026-06-13 00:45","579","저조"
"SO_0565","향화도항","2026-06-13 06:45","150","고조"
"SO_0565","향화도항","2026-06-13 12:58","513","저조"
"SO_0565","향화도항","2026-06-13 18:43","55","고조"
"SO_0565","향화도항","2026-06-14 01:40","619","저조"
"SO_0565","향화도항","2026-06-14 07:39","132","고조"
"SO_0565","향화도항","2026-06-14 13:50","527","저조"
"SO_0565","향화도항","2026-06-14 19:32","33","고조"
"SO_0565","향화도항","2026-06-15 02:33","649","저조"
"SO_0565","향화도항","2026-06-15 08:30","119","고조"
"SO_0565","향화도항","2026-06-14 01:40","619","저조"
"SO_0565","향화도항","2026-06-14 07:39","132","고조"
"SO_0565","향화도항","2026-06-14 13:50","527","저조"
"SO_0565","향화도항","2026-06-14 19:32","33","고조"
"SO_0565","향화도항","2026-06-15 02:33","649","저조"
"SO_0565","향화도항","2026-06-15 08:30","119","고조"
"SO_0565","향화도항","2026-06-15 14:41","539","저조"
"SO_0565","향화도항","2026-06-15 20:21","19","고조"
"SO_0565","향화도항","2026-06-16 03:24","667","저조"
"SO_0565","향화도항","2026-06-16 09:18","113","고조"
"SO_0565","향화도항","2026-06-15 02:33","649","저조"
"SO_0565","향화도항","2026-06-15 08:30","119","고조"
"SO_0565","향화도항","2026-06-15 14:41","539","저조"
"SO_0565","향화도항","2026-06-15 20:21","19","고조"
"SO_0565","향화도항","2026-06-16 03:24","667","저조"
"SO_0565","향화도항","2026-06-16 09:18","113","고조"
"SO_0565","향화도항","2026-06-16 15:31","547","저조"
"SO_0565","향화도항","2026-06-16 21:09","15","고조"
"SO_0565","향화도항","2026-06-17 04:15","674","저조"
"SO_0565","향화도항","2026-06-17 10:06","113","고조"
"SO_0565","향화도항","2026-06-16 03:24","667","저조"
"SO_0565","향화도항","2026-06-16 09:18","113","고조"
"SO_0565","향화도항","2026-06-16 15:31","547","저조"
"SO_0565","향화도항","2026-06-16 21:09","15","고조"
"SO_0565","향화도항","2026-06-17 04:15","674","저조"
"SO_0565","향화도항","2026-06-17 10:06","113","고조"
"SO_0565","향화도항","2026-06-17 16:20","551","저조"
"SO_0565","향화도항","2026-06-17 21:56","21","고조"
"SO_0565","향화도항","2026-06-18 05:05","668","저조"
"SO_0565","향화도항","2026-06-18 10:53","118","고조"
"SO_0565","향화도항","2026-06-17 04:15","674","저조"
"SO_0565","향화도항","2026-06-17 10:06","113","고조"
"SO_0565","향화도항","2026-06-17 16:20","551","저조"
"SO_0565","향화도항","2026-06-17 21:56","21","고조"
"SO_0565","향화도항","2026-06-18 05:05","668","저조"
"SO_0565","향화도항","2026-06-18 10:53","118","고조"
"SO_0565","향화도항","2026-06-18 17:10","551","저조"
"SO_0565","향화도항","2026-06-18 22:44","38","고조"
"SO_0565","향화도항","2026-06-19 05:53","651","저조"
"SO_0565","향화도항","2026-06-19 11:39","126","고조"
"SO_0565","향화도항","2026-06-18 05:05","668","저조"
"SO_0565","향화도항","2026-06-18 10:53","118","고조"
"SO_0565","향화도항","2026-06-18 17:10","551","저조"
"SO_0565","향화도항","2026-06-18 22:44","38","고조"
"SO_0565","향화도항","2026-06-19 05:53","651","저조"
"SO_0565","향화도항","2026-06-19 11:39","126","고조"
"SO_0565","향화도항","2026-06-19 17:59","545","저조"
"SO_0565","향화도항","2026-06-19 23:33","66","고조"
"SO_0565","향화도항","2026-06-20 06:40","622","저조"
"SO_0565","향화도항","2026-06-20 12:27","136","고조"
"SO_0565","향화도항","2026-06-19 05:53","651","저조"
"SO_0565","향화도항","2026-06-19 11:39","126","고조"
"SO_0565","향화도항","2026-06-19 17:59","545","저조"
"SO_0565","향화도항","2026-06-19 23:33","66","고조"
"SO_0565","향화도항","2026-06-20 06:40","622","저조"
"SO_0565","향화도항","2026-06-20 12:27","136","고조"
"SO_0565","향화도항","2026-06-20 18:48","535","저조"
"SO_0565","향화도항","2026-06-21 00:24","102","고조"
"SO_0565","향화도항","2026-06-21 07:26","584","저조"
"SO_0565","향화도항","2026-06-21 13:17","146","고조"
"SO_0565","향화도항","2026-06-20 06:40","622","저조"
"SO_0565","향화도항","2026-06-20 12:27","136","고조"
"SO_0565","향화도항","2026-06-20 18:48","535","저조"
"SO_0565","향화도항","2026-06-21 00:24","102","고조"
"SO_0565","향화도항","2026-06-21 07:26","584","저조"
"SO_0565","향화도항","2026-06-21 13:17","146","고조"
"SO_0565","향화도항","2026-06-21 19:41","519","저조"
"SO_0565","향화도항","2026-06-22 01:21","145","고조"
"SO_0565","향화도항","2026-06-22 08:14","541","저조"
"SO_0565","향화도항","2026-06-22 14:10","155","고조"
"SO_0565","향화도항","2026-06-21 00:24","102","고조"
"SO_0565","향화도항","2026-06-21 07:26","584","저조"
"SO_0565","향화도항","2026-06-21 13:17","146","고조"
"SO_0565","향화도항","2026-06-21 19:41","519","저조"
"SO_0565","향화도항","2026-06-22 01:21","145","고조"
"SO_0565","향화도항","2026-06-22 08:14","541","저조"
"SO_0565","향화도항","2026-06-22 14:10","155","고조"
"SO_0565","향화도항","2026-06-22 20:39","504","저조"
"SO_0565","향화도항","2026-06-23 02:28","185","고조"
"SO_0565","향화도항","2026-06-23 09:06","499","저조"
"SO_0565","향화도항","2026-06-22 01:21","145","고조"
"SO_0565","향화도항","2026-06-22 08:14","541","저조"
"SO_0565","향화도항","2026-06-22 14:10","155","고조"
"SO_0565","향화도항","2026-06-22 20:39","504","저조"
"SO_0565","향화도항","2026-06-23 02:28","185","고조"
"SO_0565","향화도항","2026-06-23 09:06","499","저조"
"SO_0565","향화도항","2026-06-23 15:10","160","고조"
"SO_0565","향화도항","2026-06-23 21:45","494","저조"
"SO_0565","향화도항","2026-06-24 03:47","213","고조"
"SO_0565","향화도항","2026-06-24 10:05","467","저조"
"SO_0565","향화도항","2026-06-23 02:28","185","고조"
"SO_0565","향화도항","2026-06-23 09:06","499","저조"
"SO_0565","향화도항","2026-06-23 15:10","160","고조"
"SO_0565","향화도항","2026-06-23 21:45","494","저조"
"SO_0565","향화도항","2026-06-24 03:47","213","고조"
"SO_0565","향화도항","2026-06-24 10:05","467","저조"
"SO_0565","향화도항","2026-06-24 16:11","159","고조"
"SO_0565","향화도항","2026-06-24 22:57","497","저조"
"SO_0565","향화도항","2026-06-25 05:04","222","고조"
"SO_0565","향화도항","2026-06-25 11:08","449","저조"
"SO_0565","향화도항","2026-06-24 03:47","213","고조"
"SO_0565","향화도항","2026-06-24 10:05","467","저조"
"SO_0565","향화도항","2026-06-24 16:11","159","고조"
"SO_0565","향화도항","2026-06-24 22:57","497","저조"
"SO_0565","향화도항","2026-06-25 05:04","222","고조"
"SO_0565","향화도항","2026-06-25 11:08","449","저조"
"SO_0565","향화도항","2026-06-25 17:10","153","고조"
"SO_0565","향화도항","2026-06-26 00:04","511","저조"
"SO_0565","향화도항","2026-06-26 06:11","217","고조"
"SO_0565","향화도항","2026-06-26 12:07","447","저조"
"SO_0565","향화도항","2026-06-25 05:04","222","고조"
"SO_0565","향화도항","2026-06-25 11:08","449","저조"
"SO_0565","향화도항","2026-06-25 17:10","153","고조"
"SO_0565","향화도항","2026-06-26 00:04","511","저조"
"SO_0565","향화도항","2026-06-26 06:11","217","고조"
"SO_0565","향화도항","2026-06-26 12:07","447","저조"
"SO_0565","향화도항","2026-06-26 18:02","143","고조"
"SO_0565","향화도항","2026-06-27 01:01","529","저조"
"SO_0565","향화도항","2026-06-27 07:04","205","고조"
"SO_0565","향화도항","2026-06-27 12:59","455","저조"
"SO_0565","향화도항","2026-06-26 00:04","511","저조"
"SO_0565","향화도항","2026-06-26 06:11","217","고조"
"SO_0565","향화도항","2026-06-26 12:07","447","저조"
"SO_0565","향화도항","2026-06-26 18:02","143","고조"
"SO_0565","향화도항","2026-06-27 01:01","529","저조"
"SO_0565","향화도항","2026-06-27 07:04","205","고조"
"SO_0565","향화도항","2026-06-27 12:59","455","저조"
"SO_0565","향화도항","2026-06-27 18:48","131","고조"
"SO_0565","향화도항","2026-06-28 01:49","546","저조"
"SO_0565","향화도항","2026-06-28 07:50","190","고조"
"SO_0565","향화도항","2026-06-27 01:01","529","저조"
"SO_0565","향화도항","2026-06-27 07:04","205","고조"
"SO_0565","향화도항","2026-06-27 12:59","455","저조"
"SO_0565","향화도항","2026-06-27 18:48","131","고조"
"SO_0565","향화도항","2026-06-28 01:49","546","저조"
"SO_0565","향화도항","2026-06-28 07:50","190","고조"
"SO_0565","향화도항","2026-06-28 13:44","466","저조"
"SO_0565","향화도항","2026-06-28 19:29","120","고조"
"SO_0565","향화도항","2026-06-29 02:32","560","저조"
"SO_0565","향화도항","2026-06-29 08:28","175","고조"
"SO_0565","향화도항","2026-06-28 01:49","546","저조"
"SO_0565","향화도항","2026-06-28 07:50","190","고조"
"SO_0565","향화도항","2026-06-28 13:44","466","저조"
"SO_0565","향화도항","2026-06-28 19:29","120","고조"
"SO_0565","향화도항","2026-06-29 02:32","560","저조"
"SO_0565","향화도항","2026-06-29 08:28","175","고조"
"SO_0565","향화도항","2026-06-29 14:24","479","저조"
"SO_0565","향화도항","2026-06-29 20:06","108","고조"
"SO_0565","향화도항","2026-06-30 03:11","572","저조"
"SO_0565","향화도항","2026-06-30 09:03","163","고조"
"SO_0565","향화도항","2026-06-29 02:32","560","저조"
"SO_0565","향화도항","2026-06-29 08:28","175","고조"
"SO_0565","향화도항","2026-06-29 14:24","479","저조"
"SO_0565","향화도항","2026-06-29 20:06","108","고조"
"SO_0565","향화도항","2026-06-30 03:11","572","저조"
"SO_0565","향화도항","2026-06-30 09:03","163","고조"
"SO_0565","향화도항","2026-06-30 15:02","491","저조"
"SO_0565","향화도항","2026-06-30 20:40","97","고조"
"SO_0565","향화도항","2026-07-01 03:47","583","저조"
"SO_0565","향화도항","2026-07-01 09:36","152","고조"
"SO_0565","향화도항","2026-06-30 03:11","572","저조"
"SO_0565","향화도항","2026-06-30 09:03","163","고조"
"SO_0565","향화도항","2026-06-30 15:02","491","저조"
"SO_0565","향화도항","2026-06-30 20:40","97","고조"
"SO_0565","향화도항","2026-07-01 03:47","583","저조"
"SO_0565","향화도항","2026-07-01 09:36","152","고조"
"SO_0565","향화도항","2026-07-01 15:40","501","저조"
"SO_0565","향화도항","2026-07-01 21:15","86","고조"
"SO_0565","향화도항","2026-07-02 04:22","592","저조"
"SO_0565","향화도항","2026-07-02 10:08","144","고조"
"SO_0565","향화도항","2026-07-01 03:47","583","저조"
"SO_0565","향화도항","2026-07-01 09:36","152","고조"
"SO_0565","향화도항","2026-07-01 15:40","501","저조"
"SO_0565","향화도항","2026-07-01 21:15","86","고조"
"SO_0565","향화도항","2026-07-02 04:22","592","저조"
"SO_0565","향화도항","2026-07-02 10:08","144","고조"
"SO_0565","향화도항","2026-07-02 16:18","509","저조"
"SO_0565","향화도항","2026-07-02 21:49","80","고조"
"SO_0565","향화도항","2026-07-03 04:57","598","저조"
"SO_0565","향화도항","2026-07-03 10:41","139","고조"
"SO_0565","향화도항","2026-07-02 04:22","592","저조"
"SO_0565","향화도항","2026-07-02 10:08","144","고조"
"SO_0565","향화도항","2026-07-02 16:18","509","저조"
"SO_0565","향화도항","2026-07-02 21:49","80","고조"
"SO_0565","향화도항","2026-07-03 04:57","598","저조"
"SO_0565","향화도항","2026-07-03 10:41","139","고조"
"SO_0565","향화도항","2026-07-03 16:56","514","저조"
"SO_0565","향화도항","2026-07-03 22:25","79","고조"
"SO_0565","향화도항","2026-07-04 05:31","598","저조"
"SO_0565","향화도항","2026-07-04 11:14","136","고조"
"SO_0565","향화도항","2026-07-03 04:57","598","저조"
"SO_0565","향화도항","2026-07-03 10:41","139","고조"
"SO_0565","향화도항","2026-07-03 16:56","514","저조"
"SO_0565","향화도항","2026-07-03 22:25","79","고조"
"SO_0565","향화도항","2026-07-04 05:31","598","저조"
"SO_0565","향화도항","2026-07-04 11:14","136","고조"
"SO_0565","향화도항","2026-07-04 17:35","517","저조"
"SO_0565","향화도항","2026-07-04 23:01","86","고조"
"SO_0565","향화도항","2026-07-05 06:06","590","저조"
"SO_0565","향화도항","2026-07-05 11:48","134","고조"
"SO_0565","향화도항","2026-07-04 05:31","598","저조"
"SO_0565","향화도항","2026-07-04 11:14","136","고조"
"SO_0565","향화도항","2026-07-04 17:35","517","저조"
"SO_0565","향화도항","2026-07-04 23:01","86","고조"
"SO_0565","향화도항","2026-07-05 06:06","590","저조"
"SO_0565","향화도항","2026-07-05 11:48","134","고조"
"SO_0565","향화도항","2026-07-05 18:15","517","저조"
"SO_0565","향화도항","2026-07-05 23:40","103","고조"
"SO_0565","향화도항","2026-07-06 06:43","575","저조"
"SO_0565","향화도항","2026-07-06 12:26","134","고조"
"SO_0565","향화도항","2026-07-05 06:06","590","저조"
"SO_0565","향화도항","2026-07-05 11:48","134","고조"
"SO_0565","향화도항","2026-07-05 18:15","517","저조"
"SO_0565","향화도항","2026-07-05 23:40","103","고조"
"SO_0565","향화도항","2026-07-06 06:43","575","저조"
"SO_0565","향화도항","2026-07-06 12:26","134","고조"
"SO_0565","향화도항","2026-07-06 18:59","514","저조"
"SO_0565","향화도항","2026-07-07 00:23","129","고조"
"SO_0565","향화도항","2026-07-07 07:23","551","저조"
"SO_0565","향화도항","2026-07-07 13:08","134","고조"
"SO_0565","향화도항","2026-07-06 06:43","575","저조"
"SO_0565","향화도항","2026-07-06 12:26","134","고조"
"SO_0565","향화도항","2026-07-06 18:59","514","저조"
"SO_0565","향화도항","2026-07-07 00:23","129","고조"
"SO_0565","향화도항","2026-07-07 07:23","551","저조"
"SO_0565","향화도항","2026-07-07 13:08","134","고조"
"SO_0565","향화도항","2026-07-07 19:47","511","저조"
"SO_0565","향화도항","2026-07-08 01:16","163","고조"
"SO_0565","향화도항","2026-07-08 08:08","522","저조"
"SO_0565","향화도항","2026-07-08 13:59","135","고조"
"SO_0565","향화도항","2026-07-07 00:23","129","고조"
"SO_0565","향화도항","2026-07-07 07:23","551","저조"
"SO_0565","향화도항","2026-07-07 13:08","134","고조"
"SO_0565","향화도항","2026-07-07 19:47","511","저조"
"SO_0565","향화도항","2026-07-08 01:16","163","고조"
"SO_0565","향화도항","2026-07-08 08:08","522","저조"
"SO_0565","향화도항","2026-07-08 13:59","135","고조"
"SO_0565","향화도항","2026-07-08 20:45","510","저조"
"SO_0565","향화도항","2026-07-09 02:25","196","고조"
"SO_0565","향화도항","2026-07-09 09:03","493","저조"
"SO_0565","향화도항","2026-07-08 01:16","163","고조"
"SO_0565","향화도항","2026-07-08 08:08","522","저조"
"SO_0565","향화도항","2026-07-08 13:59","135","고조"
"SO_0565","향화도항","2026-07-08 20:45","510","저조"
"SO_0565","향화도항","2026-07-09 02:25","196","고조"
"SO_0565","향화도항","2026-07-09 09:03","493","저조"
"SO_0565","향화도항","2026-07-09 15:01","132","고조"
"SO_0565","향화도항","2026-07-09 21:53","516","저조"
"SO_0565","향화도항","2026-07-10 03:54","215","고조"
"SO_0565","향화도항","2026-07-10 10:10","472","저조"
"SO_0565","향화도항","2026-07-09 02:25","196","고조"
"SO_0565","향화도항","2026-07-09 09:03","493","저조"
"SO_0565","향화도항","2026-07-09 15:01","132","고조"
"SO_0565","향화도항","2026-07-09 21:53","516","저조"
"SO_0565","향화도항","2026-07-10 03:54","215","고조"
"SO_0565","향화도항","2026-07-10 10:10","472","저조"
"SO_0565","향화도항","2026-07-10 16:10","122","고조"
"SO_0565","향화도항","2026-07-10 23:08","535","저조"
"SO_0565","향화도항","2026-07-11 05:21","211","고조"
"SO_0565","향화도항","2026-07-11 11:23","467","저조"
"SO_0565","향화도항","2026-07-10 03:54","215","고조"
"SO_0565","향화도항","2026-07-10 10:10","472","저조"
"SO_0565","향화도항","2026-07-10 16:10","122","고조"
"SO_0565","향화도항","2026-07-10 23:08","535","저조"
"SO_0565","향화도항","2026-07-11 05:21","211","고조"
"SO_0565","향화도항","2026-07-11 11:23","467","저조"
"SO_0565","향화도항","2026-07-11 17:19","104","고조"
"SO_0565","향화도항","2026-07-12 00:21","566","저조"
"SO_0565","향화도항","2026-07-12 06:34","191","고조"
"SO_0565","향화도항","2026-07-12 12:33","479","저조"
"SO_0565","향화도항","2026-07-11 05:21","211","고조"
"SO_0565","향화도항","2026-07-11 11:23","467","저조"
"SO_0565","향화도항","2026-07-11 17:19","104","고조"
"SO_0565","향화도항","2026-07-12 00:21","566","저조"
"SO_0565","향화도항","2026-07-12 06:34","191","고조"
"SO_0565","향화도항","2026-07-12 12:33","479","저조"
"SO_0565","향화도항","2026-07-12 18:23","80","고조"
"SO_0565","향화도항","2026-07-13 01:27","603","저조"
"SO_0565","향화도항","2026-07-13 07:35","163","고조"
"SO_0565","향화도항","2026-07-13 13:36","502","저조"
"SO_0565","향화도항","2026-07-12 00:21","566","저조"
"SO_0565","향화도항","2026-07-12 06:34","191","고조"
"SO_0565","향화도항","2026-07-12 12:33","479","저조"
"SO_0565","향화도항","2026-07-12 18:23","80","고조"
"SO_0565","향화도항","2026-07-13 01:27","603","저조"
"SO_0565","향화도항","2026-07-13 07:35","163","고조"
"SO_0565","향화도항","2026-07-13 13:36","502","저조"
"SO_0565","향화도항","2026-07-13 19:23","54","고조"
"SO_0565","향화도항","2026-07-14 02:25","637","저조"
"SO_0565","향화도항","2026-07-14 08:27","136","고조"
"SO_0565","향화도항","2026-07-13 01:27","603","저조"
"SO_0565","향화도항","2026-07-13 07:35","163","고조"
"SO_0565","향화도항","2026-07-13 13:36","502","저조"
"SO_0565","향화도항","2026-07-13 19:23","54","고조"
"SO_0565","향화도항","2026-07-14 02:25","637","저조"
"SO_0565","향화도항","2026-07-14 08:27","136","고조"
"SO_0565","향화도항","2026-07-14 14:32","529","저조"
"SO_0565","향화도항","2026-07-14 20:17","31","고조"
"SO_0565","향화도항","2026-07-15 03:18","663","저조"
"SO_0565","향화도항","2026-07-15 09:13","114","고조"
"SO_0565","향화도항","2026-07-14 02:25","637","저조"
"SO_0565","향화도항","2026-07-14 08:27","136","고조"
"SO_0565","향화도항","2026-07-14 14:32","529","저조"
"SO_0565","향화도항","2026-07-14 20:17","31","고조"
"SO_0565","향화도항","2026-07-15 03:18","663","저조"
"SO_0565","향화도항","2026-07-15 09:13","114","고조"
"SO_0565","향화도항","2026-07-15 15:24","555","저조"
"SO_0565","향화도항","2026-07-15 21:05","16","고조"
"SO_0565","향화도항","2026-07-16 04:06","678","저조"
"SO_0565","향화도항","2026-07-16 09:56","99","고조"
"SO_0565","향화도항","2026-07-15 03:18","663","저조"
"SO_0565","향화도항","2026-07-15 09:13","114","고조"
"SO_0565","향화도항","2026-07-15 15:24","555","저조"
"SO_0565","향화도항","2026-07-15 21:05","16","고조"
"SO_0565","향화도항","2026-07-16 04:06","678","저조"
"SO_0565","향화도항","2026-07-16 09:56","99","고조"
"SO_0565","향화도항","2026-07-16 16:12","576","저조"
"SO_0565","향화도항","2026-07-16 21:51","14","고조"
"SO_0565","향화도항","2026-07-17 04:51","679","저조"
"SO_0565","향화도항","2026-07-17 10:36","92","고조"
"SO_0565","향화도항","2026-07-16 04:06","678","저조"
"SO_0565","향화도항","2026-07-16 09:56","99","고조"
"SO_0565","향화도항","2026-07-16 16:12","576","저조"
"SO_0565","향화도항","2026-07-16 21:51","14","고조"
"SO_0565","향화도항","2026-07-17 04:51","679","저조"
"SO_0565","향화도항","2026-07-17 10:36","92","고조"
"SO_0565","향화도항","2026-07-17 16:58","589","저조"
"SO_0565","향화도항","2026-07-17 22:34","26","고조"
"SO_0565","향화도항","2026-07-18 05:33","664","저조"
"SO_0565","향화도항","2026-07-18 11:15","92","고조"
"SO_0565","향화도항","2026-07-17 04:51","679","저조"
"SO_0565","향화도항","2026-07-17 10:36","92","고조"
"SO_0565","향화도항","2026-07-17 16:58","589","저조"
"SO_0565","향화도항","2026-07-17 22:34","26","고조"
"SO_0565","향화도항","2026-07-18 05:33","664","저조"
"SO_0565","향화도항","2026-07-18 11:15","92","고조"
"SO_0565","향화도항","2026-07-18 17:43","591","저조"
"SO_0565","향화도항","2026-07-18 23:16","52","고조"
"SO_0565","향화도항","2026-07-19 06:13","636","저조"
"SO_0565","향화도항","2026-07-19 11:54","99","고조"
"SO_0565","향화도항","2026-07-18 05:33","664","저조"
"SO_0565","향화도항","2026-07-18 11:15","92","고조"
"SO_0565","향화도항","2026-07-18 17:43","591","저조"
"SO_0565","향화도항","2026-07-18 23:16","52","고조"
"SO_0565","향화도항","2026-07-19 06:13","636","저조"
"SO_0565","향화도항","2026-07-19 11:54","99","고조"
"SO_0565","향화도항","2026-07-19 18:27","580","저조"
"SO_0565","향화도항","2026-07-19 23:59","92","고조"
"SO_0565","향화도항","2026-07-20 06:51","595","저조"
"SO_0565","향화도항","2026-07-20 12:33","112","고조"
"SO_0565","향화도항","2026-07-19 06:13","636","저조"
"SO_0565","향화도항","2026-07-19 11:54","99","고조"
"SO_0565","향화도항","2026-07-19 18:27","580","저조"
"SO_0565","향화도항","2026-07-19 23:59","92","고조"
"SO_0565","향화도항","2026-07-20 06:51","595","저조"
"SO_0565","향화도항","2026-07-20 12:33","112","고조"
"SO_0565","향화도항","2026-07-20 19:12","559","저조"
"SO_0565","향화도항","2026-07-21 00:43","141","고조"
"SO_0565","향화도항","2026-07-21 07:30","547","저조"
"SO_0565","향화도항","2026-07-21 13:16","132","고조"
"SO_0565","향화도항","2026-07-20 06:51","595","저조"
"SO_0565","향화도항","2026-07-20 12:33","112","고조"
"SO_0565","향화도항","2026-07-20 19:12","559","저조"
"SO_0565","향화도항","2026-07-21 00:43","141","고조"
"SO_0565","향화도항","2026-07-21 07:30","547","저조"
"SO_0565","향화도항","2026-07-21 13:16","132","고조"
"SO_0565","향화도항","2026-07-21 20:00","531","저조"
"SO_0565","향화도항","2026-07-22 01:37","192","고조"
"SO_0565","향화도항","2026-07-22 08:12","496","저조"
"SO_0565","향화도항","2026-07-22 14:06","155","고조"
"SO_0565","향화도항","2026-07-21 00:43","141","고조"
"SO_0565","향화도항","2026-07-21 07:30","547","저조"
"SO_0565","향화도항","2026-07-21 13:16","132","고조"
"SO_0565","향화도항","2026-07-21 20:00","531","저조"
"SO_0565","향화도항","2026-07-22 01:37","192","고조"
"SO_0565","향화도항","2026-07-22 08:12","496","저조"
"SO_0565","향화도항","2026-07-22 14:06","155","고조"
"SO_0565","향화도항","2026-07-22 20:57","502","저조"
"SO_0565","향화도항","2026-07-23 02:49","236","고조"
"SO_0565","향화도항","2026-07-23 09:01","451","저조"
"SO_0565","향화도항","2026-07-22 01:37","192","고조"
"SO_0565","향화도항","2026-07-22 08:12","496","저조"
"SO_0565","향화도항","2026-07-22 14:06","155","고조"
"SO_0565","향화도항","2026-07-22 20:57","502","저조"
"SO_0565","향화도항","2026-07-23 02:49","236","고조"
"SO_0565","향화도항","2026-07-23 09:01","451","저조"
"SO_0565","향화도항","2026-07-23 15:08","174","고조"
"SO_0565","향화도항","2026-07-23 22:05","483","저조"
"SO_0565","향화도항","2026-07-24 04:22","259","고조"
"SO_0565","향화도항","2026-07-24 10:04","419","저조"
"SO_0565","향화도항","2026-07-23 02:49","236","고조"
"SO_0565","향화도항","2026-07-23 09:01","451","저조"
"SO_0565","향화도항","2026-07-23 15:08","174","고조"
"SO_0565","향화도항","2026-07-23 22:05","483","저조"
"SO_0565","향화도항","2026-07-24 04:22","259","고조"
"SO_0565","향화도항","2026-07-24 10:04","419","저조"
"SO_0565","향화도항","2026-07-24 16:20","183","고조"
"SO_0565","향화도항","2026-07-24 23:26","481","저조"
"SO_0565","향화도항","2026-07-25 05:50","255","고조"
"SO_0565","향화도항","2026-07-25 11:22","409","저조"
"SO_0565","향화도항","2026-07-24 04:22","259","고조"
"SO_0565","향화도항","2026-07-24 10:04","419","저조"
"SO_0565","향화도항","2026-07-24 16:20","183","고조"
"SO_0565","향화도항","2026-07-24 23:26","481","저조"
"SO_0565","향화도항","2026-07-25 05:50","255","고조"
"SO_0565","향화도항","2026-07-25 11:22","409","저조"
"SO_0565","향화도항","2026-07-25 17:29","178","고조"
"SO_0565","향화도항","2026-07-26 00:40","499","저조"
"SO_0565","향화도항","2026-07-26 06:55","234","고조"
"SO_0565","향화도항","2026-07-26 12:33","422","저조"
"SO_0565","향화도항","2026-07-25 05:50","255","고조"
"SO_0565","향화도항","2026-07-25 11:22","409","저조"
"SO_0565","향화도항","2026-07-25 17:29","178","고조"
"SO_0565","향화도항","2026-07-26 00:40","499","저조"
"SO_0565","향화도항","2026-07-26 06:55","234","고조"
"SO_0565","향화도항","2026-07-26 12:33","422","저조"
"SO_0565","향화도항","2026-07-26 18:30","161","고조"
"SO_0565","향화도항","2026-07-27 01:36","525","저조"
"SO_0565","향화도항","2026-07-27 07:41","207","고조"
"SO_0565","향화도항","2026-07-27 13:28","448","저조"
"SO_0565","향화도항","2026-07-26 00:40","499","저조"
"SO_0565","향화도항","2026-07-26 06:55","234","고조"
"SO_0565","향화도항","2026-07-26 12:33","422","저조"
"SO_0565","향화도항","2026-07-26 18:30","161","고조"
"SO_0565","향화도항","2026-07-27 01:36","525","저조"
"SO_0565","향화도항","2026-07-27 07:41","207","고조"
"SO_0565","향화도항","2026-07-27 13:28","448","저조"
"SO_0565","향화도항","2026-07-27 19:18","138","고조"
"SO_0565","향화도항","2026-07-28 02:19","551","저조"
"SO_0565","향화도항","2026-07-28 08:17","181","고조"
"SO_0565","향화도항","2026-07-27 01:36","525","저조"
"SO_0565","향화도항","2026-07-27 07:41","207","고조"
"SO_0565","향화도항","2026-07-27 13:28","448","저조"
"SO_0565","향화도항","2026-07-27 19:18","138","고조"
"SO_0565","향화도항","2026-07-28 02:19","551","저조"
"SO_0565","향화도항","2026-07-28 08:17","181","고조"
"SO_0565","향화도항","2026-07-28 14:12","476","저조"
"SO_0565","향화도항","2026-07-28 19:57","113","고조"
"SO_0565","향화도항","2026-07-29 02:57","575","저조"
"SO_0565","향화도항","2026-07-29 08:49","157","고조"
"SO_0565","향화도항","2026-07-28 02:19","551","저조"
"SO_0565","향화도항","2026-07-28 08:17","181","고조"
"SO_0565","향화도항","2026-07-28 14:12","476","저조"
"SO_0565","향화도항","2026-07-28 19:57","113","고조"
"SO_0565","향화도항","2026-07-29 02:57","575","저조"
"SO_0565","향화도항","2026-07-29 08:49","157","고조"
"SO_0565","향화도항","2026-07-29 14:51","503","저조"
"SO_0565","향화도항","2026-07-29 20:33","90","고조"
"SO_0565","향화도항","2026-07-30 03:32","596","저조"
"SO_0565","향화도항","2026-07-30 09:18","137","고조"
"SO_0565","향화도항","2026-07-29 02:57","575","저조"
"SO_0565","향화도항","2026-07-29 08:49","157","고조"
"SO_0565","향화도항","2026-07-29 14:51","503","저조"
"SO_0565","향화도항","2026-07-29 20:33","90","고조"
"SO_0565","향화도항","2026-07-30 03:32","596","저조"
"SO_0565","향화도항","2026-07-30 09:18","137","고조"
"SO_0565","향화도항","2026-07-30 15:29","527","저조"
"SO_0565","향화도항","2026-07-30 21:06","72","고조"
"SO_0565","향화도항","2026-07-31 04:05","612","저조"
"SO_0565","향화도항","2026-07-31 09:47","121","고조"
"SO_0565","향화도항","2026-07-30 03:32","596","저조"
"SO_0565","향화도항","2026-07-30 09:18","137","고조"
"SO_0565","향화도항","2026-07-30 15:29","527","저조"
"SO_0565","향화도항","2026-07-30 21:06","72","고조"
"SO_0565","향화도항","2026-07-31 04:05","612","저조"
"SO_0565","향화도항","2026-07-31 09:47","121","고조"
"SO_0565","향화도항","2026-07-31 16:06","546","저조"
"SO_0565","향화도항","2026-07-31 21:39","61","고조"
"SO_0565","향화도항","2026-08-01 04:37","622","저조"
"SO_0565","향화도항","2026-08-01 10:17","108","고조"
"SO_0565","향화도항","2026-07-31 04:05","612","저조"
"SO_0565","향화도항","2026-07-31 09:47","121","고조"
"SO_0565","향화도항","2026-07-31 16:06","546","저조"
"SO_0565","향화도항","2026-07-31 21:39","61","고조"
"SO_0565","향화도항","2026-08-01 04:37","622","저조"
"SO_0565","향화도항","2026-08-01 10:17","108","고조"
"SO_0565","향화도항","2026-08-01 16:43","561","저조"
"SO_0565","향화도항","2026-08-01 22:13","60","고조"
"SO_0565","향화도항","2026-08-02 05:09","624","저조"
"SO_0565","향화도항","2026-08-02 10:47","98","고조"
"SO_0565","향화도항","2026-08-01 04:37","622","저조"
"SO_0565","향화도항","2026-08-01 10:17","108","고조"
"SO_0565","향화도항","2026-08-01 16:43","561","저조"
"SO_0565","향화도항","2026-08-01 22:13","60","고조"
"SO_0565","향화도항","2026-08-02 05:09","624","저조"
"SO_0565","향화도항","2026-08-02 10:47","98","고조"
"SO_0565","향화도항","2026-08-02 17:20","569","저조"
"SO_0565","향화도항","2026-08-02 22:47","69","고조"
"SO_0565","향화도항","2026-08-03 05:42","615","저조"
"SO_0565","향화도항","2026-08-03 11:18","94","고조"
"SO_0565","향화도항","2026-08-02 05:09","624","저조"
"SO_0565","향화도항","2026-08-02 10:47","98","고조"
"SO_0565","향화도항","2026-08-02 17:20","569","저조"
"SO_0565","향화도항","2026-08-02 22:47","69","고조"
"SO_0565","향화도항","2026-08-03 05:42","615","저조"
"SO_0565","향화도항","2026-08-03 11:18","94","고조"
"SO_0565","향화도항","2026-08-03 17:58","571","저조"
"SO_0565","향화도항","2026-08-03 23:23","90","고조"
"SO_0565","향화도항","2026-08-04 06:16","596","저조"
"SO_0565","향화도항","2026-08-04 11:51","94","고조"
"SO_0565","향화도항","2026-08-03 05:42","615","저조"
"SO_0565","향화도항","2026-08-03 11:18","94","고조"
"SO_0565","향화도항","2026-08-03 17:58","571","저조"
"SO_0565","향화도항","2026-08-03 23:23","90","고조"
"SO_0565","향화도항","2026-08-04 06:16","596","저조"
"SO_0565","향화도항","2026-08-04 11:51","94","고조"
"SO_0565","향화도항","2026-08-04 18:38","567","저조"
"SO_0565","향화도항","2026-08-05 00:02","122","고조"
"SO_0565","향화도항","2026-08-05 06:53","565","저조"
"SO_0565","향화도항","2026-08-05 12:27","102","고조"
"SO_0565","향화도항","2026-08-04 06:16","596","저조"
"SO_0565","향화도항","2026-08-04 11:51","94","고조"
"SO_0565","향화도항","2026-08-04 18:38","567","저조"
"SO_0565","향화도항","2026-08-05 00:02","122","고조"
"SO_0565","향화도항","2026-08-05 06:53","565","저조"
"SO_0565","향화도항","2026-08-05 12:27","102","고조"
"SO_0565","향화도항","2026-08-05 19:23","555","저조"
"SO_0565","향화도항","2026-08-06 00:48","165","고조"
"SO_0565","향화도항","2026-08-06 07:34","526","저조"
"SO_0565","향화도항","2026-08-06 13:12","116","고조"
"SO_0565","향화도항","2026-08-05 00:02","122","고조"
"SO_0565","향화도항","2026-08-05 06:53","565","저조"
"SO_0565","향화도항","2026-08-05 12:27","102","고조"
"SO_0565","향화도항","2026-08-05 19:23","555","저조"
"SO_0565","향화도항","2026-08-06 00:48","165","고조"
"SO_0565","향화도항","2026-08-06 07:34","526","저조"
"SO_0565","향화도항","2026-08-06 13:12","116","고조"
"SO_0565","향화도항","2026-08-06 20:16","539","저조"
"SO_0565","향화도항","2026-08-07 01:50","212","고조"
"SO_0565","향화도항","2026-08-07 08:26","484","저조"
"SO_0565","향화도항","2026-08-06 00:48","165","고조"
"SO_0565","향화도항","2026-08-06 07:34","526","저조"
"SO_0565","향화도항","2026-08-06 13:12","116","고조"
"SO_0565","향화도항","2026-08-06 20:16","539","저조"
"SO_0565","향화도항","2026-08-07 01:50","212","고조"
"SO_0565","향화도항","2026-08-07 08:26","484","저조"
"SO_0565","향화도항","2026-08-07 14:14","135","고조"
"SO_0565","향화도항","2026-08-07 21:23","526","저조"
"SO_0565","향화도항","2026-08-08 03:29","246","고조"
"SO_0565","향화도항","2026-08-08 09:35","451","저조"
"SO_0565","향화도항","2026-08-07 01:50","212","고조"
"SO_0565","향화도항","2026-08-07 08:26","484","저조"
"SO_0565","향화도항","2026-08-07 14:14","135","고조"
"SO_0565","향화도항","2026-08-07 21:23","526","저조"
"SO_0565","향화도항","2026-08-08 03:29","246","고조"
"SO_0565","향화도항","2026-08-08 09:35","451","저조"
"SO_0565","향화도항","2026-08-08 15:38","146","고조"
"SO_0565","향화도항","2026-08-08 22:46","527","저조"
"SO_0565","향화도항","2026-08-09 05:16","242","고조"
"SO_0565","향화도항","2026-08-09 11:01","440","저조"
"SO_0565","향화도항","2026-08-08 03:29","246","고조"
"SO_0565","향화도항","2026-08-08 09:35","451","저조"
"SO_0565","향화도항","2026-08-08 15:38","146","고조"
"SO_0565","향화도항","2026-08-08 22:46","527","저조"
"SO_0565","향화도항","2026-08-09 05:16","242","고조"
"SO_0565","향화도항","2026-08-09 11:01","440","저조"
"SO_0565","향화도항","2026-08-09 17:06","135","고조"
"SO_0565","향화도항","2026-08-10 00:13","553","저조"
"SO_0565","향화도항","2026-08-10 06:36","209","고조"
"SO_0565","향화도항","2026-08-10 12:25","463","저조"
"SO_0565","향화도항","2026-08-09 05:16","242","고조"
"SO_0565","향화도항","2026-08-09 11:01","440","저조"
"SO_0565","향화도항","2026-08-09 17:06","135","고조"
"SO_0565","향화도항","2026-08-10 00:13","553","저조"
"SO_0565","향화도항","2026-08-10 06:36","209","고조"
"SO_0565","향화도항","2026-08-10 12:25","463","저조"
"SO_0565","향화도항","2026-08-10 18:22","104","고조"
"SO_0565","향화도항","2026-08-11 01:23","595","저조"
"SO_0565","향화도항","2026-08-11 07:33","167","고조"
"SO_0565","향화도항","2026-08-11 13:32","505","저조"
"SO_0565","향화도항","2026-08-10 00:13","553","저조"
"SO_0565","향화도항","2026-08-10 06:36","209","고조"
"SO_0565","향화도항","2026-08-10 12:25","463","저조"
"SO_0565","향화도항","2026-08-10 18:22","104","고조"
"SO_0565","향화도항","2026-08-11 01:23","595","저조"
"SO_0565","향화도항","2026-08-11 07:33","167","고조"
"SO_0565","향화도항","2026-08-11 13:32","505","저조"
"SO_0565","향화도항","2026-08-11 19:23","66","고조"
"SO_0565","향화도항","2026-08-12 02:19","636","저조"
"SO_0565","향화도항","2026-08-12 08:17","128","고조"
"SO_0565","향화도항","2026-08-11 01:23","595","저조"
"SO_0565","향화도항","2026-08-11 07:33","167","고조"
"SO_0565","향화도항","2026-08-11 13:32","505","저조"
"SO_0565","향화도항","2026-08-11 19:23","66","고조"
"SO_0565","향화도항","2026-08-12 02:19","636","저조"
"SO_0565","향화도항","2026-08-12 08:17","128","고조"
"SO_0565","향화도항","2026-08-12 14:26","551","저조"
"SO_0565","향화도항","2026-08-12 20:13","33","고조"
"SO_0565","향화도항","2026-08-13 03:06","665","저조"
"SO_0565","향화도항","2026-08-13 08:57","96","고조"
"SO_0565","향화도항","2026-08-12 02:19","636","저조"
"SO_0565","향화도항","2026-08-12 08:17","128","고조"
"SO_0565","향화도항","2026-08-12 14:26","551","저조"
"SO_0565","향화도항","2026-08-12 20:13","33","고조"
"SO_0565","향화도항","2026-08-13 03:06","665","저조"
"SO_0565","향화도항","2026-08-13 08:57","96","고조"
"SO_0565","향화도항","2026-08-13 15:14","590","저조"
"SO_0565","향화도항","2026-08-13 20:57","14","고조"
"SO_0565","향화도항","2026-08-14 03:48","680","저조"
"SO_0565","향화도항","2026-08-14 09:34","75","고조"
"SO_0565","향화도항","2026-08-13 03:06","665","저조"
"SO_0565","향화도항","2026-08-13 08:57","96","고조"
"SO_0565","향화도항","2026-08-13 15:14","590","저조"
"SO_0565","향화도항","2026-08-13 20:57","14","고조"
"SO_0565","향화도항","2026-08-14 03:48","680","저조"
"SO_0565","향화도항","2026-08-14 09:34","75","고조"
"SO_0565","향화도항","2026-08-14 15:58","618","저조"
"SO_0565","향화도항","2026-08-14 21:37","12","고조"
"SO_0565","향화도항","2026-08-15 04:27","679","저조"
"SO_0565","향화도항","2026-08-15 10:09","64","고조"
"SO_0565","향화도항","2026-08-14 03:48","680","저조"
"SO_0565","향화도항","2026-08-14 09:34","75","고조"
"SO_0565","향화도항","2026-08-14 15:58","618","저조"
"SO_0565","향화도항","2026-08-14 21:37","12","고조"
"SO_0565","향화도항","2026-08-15 04:27","679","저조"
"SO_0565","향화도항","2026-08-15 10:09","64","고조"
"SO_0565","향화도항","2026-08-15 16:40","631","저조"
"SO_0565","향화도항","2026-08-15 22:15","27","고조"
"SO_0565","향화도항","2026-08-16 05:04","662","저조"
"SO_0565","향화도항","2026-08-16 10:43","64","고조"
"SO_0565","향화도항","2026-08-15 04:27","679","저조"
"SO_0565","향화도항","2026-08-15 10:09","64","고조"
"SO_0565","향화도항","2026-08-15 16:40","631","저조"
"SO_0565","향화도항","2026-08-15 22:15","27","고조"
"SO_0565","향화도항","2026-08-16 05:04","662","저조"
"SO_0565","향화도항","2026-08-16 10:43","64","고조"
"SO_0565","향화도항","2026-08-16 17:20","629","저조"
"SO_0565","향화도항","2026-08-16 22:52","57","고조"
"SO_0565","향화도항","2026-08-17 05:39","632","저조"
"SO_0565","향화도항","2026-08-17 11:16","74","고조"
"SO_0565","향화도항","2026-08-16 05:04","662","저조"
"SO_0565","향화도항","2026-08-16 10:43","64","고조"
"SO_0565","향화도항","2026-08-16 17:20","629","저조"
"SO_0565","향화도항","2026-08-16 22:52","57","고조"
"SO_0565","향화도항","2026-08-17 05:39","632","저조"
"SO_0565","향화도항","2026-08-17 11:16","74","고조"
"SO_0565","향화도항","2026-08-17 18:00","613","저조"
"SO_0565","향화도항","2026-08-17 23:29","98","고조"
"SO_0565","향화도항","2026-08-18 06:13","590","저조"
"SO_0565","향화도항","2026-08-18 11:48","95","고조"
"SO_0565","향화도항","2026-08-17 05:39","632","저조"
"SO_0565","향화도항","2026-08-17 11:16","74","고조"
"SO_0565","향화도항","2026-08-17 18:00","613","저조"
"SO_0565","향화도항","2026-08-17 23:29","98","고조"
"SO_0565","향화도항","2026-08-18 06:13","590","저조"
"SO_0565","향화도항","2026-08-18 11:48","95","고조"
"SO_0565","향화도항","2026-08-18 18:39","584","저조"
"SO_0565","향화도항","2026-08-19 00:07","148","고조"
"SO_0565","향화도항","2026-08-19 06:45","541","저조"
"SO_0565","향화도항","2026-08-19 12:21","124","고조"
"SO_0565","향화도항","2026-08-18 06:13","590","저조"
"SO_0565","향화도항","2026-08-18 11:48","95","고조"
"SO_0565","향화도항","2026-08-18 18:39","584","저조"
"SO_0565","향화도항","2026-08-19 00:07","148","고조"
"SO_0565","향화도항","2026-08-19 06:45","541","저조"
"SO_0565","향화도항","2026-08-19 12:21","124","고조"
"SO_0565","향화도항","2026-08-19 19:21","547","저조"
"SO_0565","향화도항","2026-08-20 00:50","202","고조"
"SO_0565","향화도항","2026-08-20 07:19","489","저조"
"SO_0565","향화도항","2026-08-20 13:00","158","고조"
"SO_0565","향화도항","2026-08-19 00:07","148","고조"
"SO_0565","향화도항","2026-08-19 06:45","541","저조"
"SO_0565","향화도항","2026-08-19 12:21","124","고조"
"SO_0565","향화도항","2026-08-19 19:21","547","저조"
"SO_0565","향화도항","2026-08-20 00:50","202","고조"
"SO_0565","향화도항","2026-08-20 07:19","489","저조"
"SO_0565","향화도항","2026-08-20 13:00","158","고조"
"SO_0565","향화도항","2026-08-20 20:09","507","저조"
"SO_0565","향화도항","2026-08-21 01:52","252","고조"
"SO_0565","향화도항","2026-08-21 07:59","440","저조"
"SO_0565","향화도항","2026-08-20 00:50","202","고조"
"SO_0565","향화도항","2026-08-20 07:19","489","저조"
"SO_0565","향화도항","2026-08-20 13:00","158","고조"
"SO_0565","향화도항","2026-08-20 20:09","507","저조"
"SO_0565","향화도항","2026-08-21 01:52","252","고조"
"SO_0565","향화도항","2026-08-21 07:59","440","저조"
"SO_0565","향화도항","2026-08-21 13:55","193","고조"
"SO_0565","향화도항","2026-08-21 21:11","473","저조"
"SO_0565","향화도항","2026-08-22 03:40","282","고조"
"SO_0565","향화도항","2026-08-22 08:57","401","저조"
"SO_0565","향화도항","2026-08-21 01:52","252","고조"
"SO_0565","향화도항","2026-08-21 07:59","440","저조"
"SO_0565","향화도항","2026-08-21 13:55","193","고조"
"SO_0565","향화도항","2026-08-21 21:11","473","저조"
"SO_0565","향화도항","2026-08-22 03:40","282","고조"
"SO_0565","향화도항","2026-08-22 08:57","401","저조"
"SO_0565","향화도항","2026-08-22 15:26","216","고조"
"SO_0565","향화도항","2026-08-22 22:41","460","저조"
"SO_0565","향화도항","2026-08-23 05:27","276","고조"
"SO_0565","향화도항","2026-08-23 10:30","385","저조"
"SO_0565","향화도항","2026-08-22 03:40","282","고조"
"SO_0565","향화도항","2026-08-22 08:57","401","저조"
"SO_0565","향화도항","2026-08-22 15:26","216","고조"
"SO_0565","향화도항","2026-08-22 22:41","460","저조"
"SO_0565","향화도항","2026-08-23 05:27","276","고조"
"SO_0565","향화도항","2026-08-23 10:30","385","저조"
"SO_0565","향화도항","2026-08-23 17:03","210","고조"
"SO_0565","향화도항","2026-08-24 00:20","479","저조"
"SO_0565","향화도항","2026-08-24 06:36","247","고조"
"SO_0565","향화도항","2026-08-24 12:15","407","저조"
"SO_0565","향화도항","2026-08-23 05:27","276","고조"
"SO_0565","향화도항","2026-08-23 10:30","385","저조"
"SO_0565","향화도항","2026-08-23 17:03","210","고조"
"SO_0565","향화도항","2026-08-24 00:20","479","저조"
"SO_0565","향화도항","2026-08-24 06:36","247","고조"
"SO_0565","향화도항","2026-08-24 12:15","407","저조"
"SO_0565","향화도항","2026-08-24 18:14","183","고조"
"SO_0565","향화도항","2026-08-25 01:18","515","저조"
"SO_0565","향화도항","2026-08-25 07:19","210","고조"
"SO_0565","향화도항","2026-08-25 13:14","448","저조"
"SO_0565","향화도항","2026-08-24 00:20","479","저조"
"SO_0565","향화도항","2026-08-24 06:36","247","고조"
"SO_0565","향화도항","2026-08-24 12:15","407","저조"
"SO_0565","향화도항","2026-08-24 18:14","183","고조"
"SO_0565","향화도항","2026-08-25 01:18","515","저조"
"SO_0565","향화도항","2026-08-25 07:19","210","고조"
"SO_0565","향화도항","2026-08-25 13:14","448","저조"
"SO_0565","향화도항","2026-08-25 19:03","146","고조"
"SO_0565","향화도항","2026-08-26 01:58","550","저조"
"SO_0565","향화도항","2026-08-26 07:52","175","고조"
"SO_0565","향화도항","2026-08-25 01:18","515","저조"
"SO_0565","향화도항","2026-08-25 07:19","210","고조"
"SO_0565","향화도항","2026-08-25 13:14","448","저조"
"SO_0565","향화도항","2026-08-25 19:03","146","고조"
"SO_0565","향화도항","2026-08-26 01:58","550","저조"
"SO_0565","향화도항","2026-08-26 07:52","175","고조"
"SO_0565","향화도항","2026-08-26 13:56","492","저조"
"SO_0565","향화도항","2026-08-26 19:41","110","고조"
"SO_0565","향화도항","2026-08-27 02:33","582","저조"
"SO_0565","향화도항","2026-08-27 08:21","142","고조"
"SO_0565","향화도항","2026-08-26 01:58","550","저조"
"SO_0565","향화도항","2026-08-26 07:52","175","고조"
"SO_0565","향화도항","2026-08-26 13:56","492","저조"
"SO_0565","향화도항","2026-08-26 19:41","110","고조"
"SO_0565","향화도항","2026-08-27 02:33","582","저조"
"SO_0565","향화도항","2026-08-27 08:21","142","고조"
"SO_0565","향화도항","2026-08-27 14:34","533","저조"
"SO_0565","향화도항","2026-08-27 20:16","80","고조"
"SO_0565","향화도항","2026-08-28 03:05","608","저조"
"SO_0565","향화도항","2026-08-28 08:49","113","고조"
"SO_0565","향화도항","2026-08-27 02:33","582","저조"
"SO_0565","향화도항","2026-08-27 08:21","142","고조"
"SO_0565","향화도항","2026-08-27 14:34","533","저조"
"SO_0565","향화도항","2026-08-27 20:16","80","고조"
"SO_0565","향화도항","2026-08-28 03:05","608","저조"
"SO_0565","향화도항","2026-08-28 08:49","113","고조"
"SO_0565","향화도항","2026-08-28 15:10","568","저조"
"SO_0565","향화도항","2026-08-28 20:48","60","고조"
"SO_0565","향화도항","2026-08-29 03:36","626","저조"
"SO_0565","향화도항","2026-08-29 09:17","90","고조"
"SO_0565","향화도항","2026-08-28 03:05","608","저조"
"SO_0565","향화도항","2026-08-28 08:49","113","고조"
"SO_0565","향화도항","2026-08-28 15:10","568","저조"
"SO_0565","향화도항","2026-08-28 20:48","60","고조"
"SO_0565","향화도항","2026-08-29 03:36","626","저조"
"SO_0565","향화도항","2026-08-29 09:17","90","고조"
"SO_0565","향화도항","2026-08-29 15:46","594","저조"
"SO_0565","향화도항","2026-08-29 21:21","50","고조"
"SO_0565","향화도항","2026-08-30 04:08","636","저조"
"SO_0565","향화도항","2026-08-30 09:46","73","고조"
"SO_0565","향화도항","2026-08-29 03:36","626","저조"
"SO_0565","향화도항","2026-08-29 09:17","90","고조"
"SO_0565","향화도항","2026-08-29 15:46","594","저조"
"SO_0565","향화도항","2026-08-29 21:21","50","고조"
"SO_0565","향화도항","2026-08-30 04:08","636","저조"
"SO_0565","향화도항","2026-08-30 09:46","73","고조"
"SO_0565","향화도항","2026-08-30 16:22","613","저조"
"SO_0565","향화도항","2026-08-30 21:54","52","고조"
"SO_0565","향화도항","2026-08-31 04:41","635","저조"
"SO_0565","향화도항","2026-08-31 10:15","62","고조"
"SO_0565","향화도항","2026-08-30 04:08","636","저조"
"SO_0565","향화도항","2026-08-30 09:46","73","고조"
"SO_0565","향화도항","2026-08-30 16:22","613","저조"
"SO_0565","향화도항","2026-08-30 21:54","52","고조"
"SO_0565","향화도항","2026-08-31 04:41","635","저조"
"SO_0565","향화도항","2026-08-31 10:15","62","고조"
"SO_0565","향화도항","2026-08-31 16:59","622","저조"
"SO_0565","향화도항","2026-08-31 22:28","67","고조"
"SO_0565","향화도항","2026-09-01 05:14","622","저조"
"SO_0565","향화도항","2026-09-01 10:45","60","고조"
"SO_0565","향화도항","2026-08-31 04:41","635","저조"
"SO_0565","향화도항","2026-08-31 10:15","62","고조"
"SO_0565","향화도항","2026-08-31 16:59","622","저조"
"SO_0565","향화도항","2026-08-31 22:28","67","고조"
"SO_0565","향화도항","2026-09-01 05:14","622","저조"
"SO_0565","향화도항","2026-09-01 10:45","60","고조"
"SO_0565","향화도항","2026-09-01 17:36","621","저조"
"SO_0565","향화도항","2026-09-01 23:04","93","고조"
"SO_0565","향화도항","2026-09-02 05:48","596","저조"
"SO_0565","향화도항","2026-09-02 11:17","67","고조"
"SO_0565","향화도항","2026-09-01 05:14","622","저조"
"SO_0565","향화도항","2026-09-01 10:45","60","고조"
"SO_0565","향화도항","2026-09-01 17:36","621","저조"
"SO_0565","향화도항","2026-09-01 23:04","93","고조"
"SO_0565","향화도항","2026-09-02 05:48","596","저조"
"SO_0565","향화도항","2026-09-02 11:17","67","고조"
"SO_0565","향화도항","2026-09-02 18:16","608","저조"
"SO_0565","향화도항","2026-09-02 23:42","133","고조"
"SO_0565","향화도항","2026-09-03 06:25","558","저조"
"SO_0565","향화도항","2026-09-03 11:53","86","고조"
"SO_0565","향화도항","2026-09-02 05:48","596","저조"
"SO_0565","향화도항","2026-09-02 11:17","67","고조"
"SO_0565","향화도항","2026-09-02 18:16","608","저조"
"SO_0565","향화도항","2026-09-02 23:42","133","고조"
"SO_0565","향화도항","2026-09-03 06:25","558","저조"
"SO_0565","향화도항","2026-09-03 11:53","86","고조"
"SO_0565","향화도항","2026-09-03 19:01","585","저조"
"SO_0565","향화도항","2026-09-04 00:28","183","고조"
"SO_0565","향화도항","2026-09-04 07:07","512","저조"
"SO_0565","향화도항","2026-09-04 12:36","117","고조"
"SO_0565","향화도항","2026-09-03 06:25","558","저조"
"SO_0565","향화도항","2026-09-03 11:53","86","고조"
"SO_0565","향화도항","2026-09-03 19:01","585","저조"
"SO_0565","향화도항","2026-09-04 00:28","183","고조"
"SO_0565","향화도항","2026-09-04 07:07","512","저조"
"SO_0565","향화도항","2026-09-04 12:36","117","고조"
"SO_0565","향화도항","2026-09-04 19:55","553","저조"
"SO_0565","향화도항","2026-09-05 01:33","236","고조"
"SO_0565","향화도항","2026-09-05 08:00","464","저조"
"SO_0565","향화도항","2026-09-05 13:40","154","고조"
"SO_0565","향화도항","2026-09-04 00:28","183","고조"
"SO_0565","향화도항","2026-09-04 07:07","512","저조"
"SO_0565","향화도항","2026-09-04 12:36","117","고조"
"SO_0565","향화도항","2026-09-04 19:55","553","저조"
"SO_0565","향화도항","2026-09-05 01:33","236","고조"
"SO_0565","향화도항","2026-09-05 08:00","464","저조"
"SO_0565","향화도항","2026-09-05 13:40","154","고조"
"SO_0565","향화도항","2026-09-05 21:07","525","저조"
"SO_0565","향화도항","2026-09-06 03:33","266","고조"
"SO_0565","향화도항","2026-09-06 09:17","429","저조"
"SO_0565","향화도항","2026-09-05 01:33","236","고조"
"SO_0565","향화도항","2026-09-05 08:00","464","저조"
"SO_0565","향화도항","2026-09-05 13:40","154","고조"
"SO_0565","향화도항","2026-09-05 21:07","525","저조"
"SO_0565","향화도항","2026-09-06 03:33","266","고조"
"SO_0565","향화도항","2026-09-06 09:17","429","저조"
"SO_0565","향화도항","2026-09-06 15:27","176","고조"
"SO_0565","향화도항","2026-09-06 22:40","520","저조"
"SO_0565","향화도항","2026-09-07 05:23","247","고조"
"SO_0565","향화도항","2026-09-07 10:58","429","저조"
"SO_0565","향화도항","2026-09-06 03:33","266","고조"
"SO_0565","향화도항","2026-09-06 09:17","429","저조"
"SO_0565","향화도항","2026-09-06 15:27","176","고조"
"SO_0565","향화도항","2026-09-06 22:40","520","저조"
"SO_0565","향화도항","2026-09-07 05:23","247","고조"
"SO_0565","향화도항","2026-09-07 10:58","429","저조"
"SO_0565","향화도항","2026-09-07 17:11","158","고조"
"SO_0565","향화도항","2026-09-08 00:11","550","저조"
"SO_0565","향화도항","2026-09-08 06:32","202","고조"
"SO_0565","향화도항","2026-09-08 12:25","473","저조"
"SO_0565","향화도항","2026-09-07 05:23","247","고조"
"SO_0565","향화도항","2026-09-07 10:58","429","저조"
"SO_0565","향화도항","2026-09-07 17:11","158","고조"
"SO_0565","향화도항","2026-09-08 00:11","550","저조"
"SO_0565","향화도항","2026-09-08 06:32","202","고조"
"SO_0565","향화도항","2026-09-08 12:25","473","저조"
"SO_0565","향화도항","2026-09-08 18:23","117","고조"
"SO_0565","향화도항","2026-09-09 01:14","594","저조"
"SO_0565","향화도항","2026-09-09 07:18","152","고조"
"SO_0565","향화도항","2026-09-09 13:25","532","저조"
"SO_0565","향화도항","2026-09-08 00:11","550","저조"
"SO_0565","향화도항","2026-09-08 06:32","202","고조"
"SO_0565","향화도항","2026-09-08 12:25","473","저조"
"SO_0565","향화도항","2026-09-08 18:23","117","고조"
"SO_0565","향화도항","2026-09-09 01:14","594","저조"
"SO_0565","향화도항","2026-09-09 07:18","152","고조"
"SO_0565","향화도항","2026-09-09 13:25","532","저조"
"SO_0565","향화도항","2026-09-09 19:17","74","고조"
"SO_0565","향화도항","2026-09-10 02:02","631","저조"
"SO_0565","향화도항","2026-09-10 07:58","109","고조"
"SO_0565","향화도항","2026-09-09 01:14","594","저조"
"SO_0565","향화도항","2026-09-09 07:18","152","고조"
"SO_0565","향화도항","2026-09-09 13:25","532","저조"
"SO_0565","향화도항","2026-09-09 19:17","74","고조"
"SO_0565","향화도항","2026-09-10 02:02","631","저조"
"SO_0565","향화도항","2026-09-10 07:58","109","고조"
"SO_0565","향화도항","2026-09-10 14:14","586","저조"
"SO_0565","향화도항","2026-09-10 20:01","43","고조"
"SO_0565","향화도항","2026-09-11 02:44","654","저조"
"SO_0565","향화도항","2026-09-11 08:33","75","고조"
"SO_0565","향화도항","2026-09-10 02:02","631","저조"
"SO_0565","향화도항","2026-09-10 07:58","109","고조"
"SO_0565","향화도항","2026-09-10 14:14","586","저조"
"SO_0565","향화도항","2026-09-10 20:01","43","고조"
"SO_0565","향화도항","2026-09-11 02:44","654","저조"
"SO_0565","향화도항","2026-09-11 08:33","75","고조"
"SO_0565","향화도항","2026-09-11 14:57","626","저조"
"SO_0565","향화도항","2026-09-11 20:40","29","고조"
"SO_0565","향화도항","2026-09-12 03:22","663","저조"
"SO_0565","향화도항","2026-09-12 09:06","54","고조"
"SO_0565","향화도항","2026-09-11 02:44","654","저조"
"SO_0565","향화도항","2026-09-11 08:33","75","고조"
"SO_0565","향화도항","2026-09-11 14:57","626","저조"
"SO_0565","향화도항","2026-09-11 20:40","29","고조"
"SO_0565","향화도항","2026-09-12 03:22","663","저조"
"SO_0565","향화도항","2026-09-12 09:06","54","고조"
"SO_0565","향화도항","2026-09-12 15:37","650","저조"
"SO_0565","향화도항","2026-09-12 21:17","32","고조"
"SO_0565","향화도항","2026-09-13 03:57","656","저조"
"SO_0565","향화도항","2026-09-13 09:38","46","고조"
"SO_0565","향화도항","2026-09-12 03:22","663","저조"
"SO_0565","향화도항","2026-09-12 09:06","54","고조"
"SO_0565","향화도항","2026-09-12 15:37","650","저조"
"SO_0565","향화도항","2026-09-12 21:17","32","고조"
"SO_0565","향화도항","2026-09-13 03:57","656","저조"
"SO_0565","향화도항","2026-09-13 09:38","46","고조"
"SO_0565","향화도항","2026-09-13 16:16","656","저조"
"SO_0565","향화도항","2026-09-13 21:52","50","고조"
"SO_0565","향화도항","2026-09-14 04:31","637","저조"
"SO_0565","향화도항","2026-09-14 10:08","50","고조"
"SO_0565","향화도항","2026-09-13 03:57","656","저조"
"SO_0565","향화도항","2026-09-13 09:38","46","고조"
"SO_0565","향화도항","2026-09-13 16:16","656","저조"
"SO_0565","향화도항","2026-09-13 21:52","50","고조"
"SO_0565","향화도항","2026-09-14 04:31","637","저조"
"SO_0565","향화도항","2026-09-14 10:08","50","고조"
"SO_0565","향화도항","2026-09-14 16:54","647","저조"
"SO_0565","향화도항","2026-09-14 22:26","79","고조"
"SO_0565","향화도항","2026-09-15 05:03","606","저조"
"SO_0565","향화도항","2026-09-15 10:37","66","고조"
"SO_0565","향화도항","2026-09-14 04:31","637","저조"
"SO_0565","향화도항","2026-09-14 10:08","50","고조"
"SO_0565","향화도항","2026-09-14 16:54","647","저조"
"SO_0565","향화도항","2026-09-14 22:26","79","고조"
"SO_0565","향화도항","2026-09-15 05:03","606","저조"
"SO_0565","향화도항","2026-09-15 10:37","66","고조"
"SO_0565","향화도항","2026-09-15 17:30","625","저조"
"SO_0565","향화도항","2026-09-15 23:00","117","고조"
"SO_0565","향화도항","2026-09-16 05:34","567","저조"
"SO_0565","향화도항","2026-09-16 11:04","90","고조"
"SO_0565","향화도항","2026-09-15 05:03","606","저조"
"SO_0565","향화도항","2026-09-15 10:37","66","고조"
"SO_0565","향화도항","2026-09-15 17:30","625","저조"
"SO_0565","향화도항","2026-09-15 23:00","117","고조"
"SO_0565","향화도항","2026-09-16 05:34","567","저조"
"SO_0565","향화도항","2026-09-16 11:04","90","고조"
"SO_0565","향화도항","2026-09-16 18:05","592","저조"
"SO_0565","향화도항","2026-09-16 23:34","162","고조"
"SO_0565","향화도항","2026-09-17 06:02","523","저조"
"SO_0565","향화도항","2026-09-17 11:31","121","고조"
"SO_0565","향화도항","2026-09-16 05:34","567","저조"
"SO_0565","향화도항","2026-09-16 11:04","90","고조"
"SO_0565","향화도항","2026-09-16 18:05","592","저조"
"SO_0565","향화도항","2026-09-16 23:34","162","고조"
"SO_0565","향화도항","2026-09-17 06:02","523","저조"
"SO_0565","향화도항","2026-09-17 11:31","121","고조"
"SO_0565","향화도항","2026-09-17 18:42","553","저조"
"SO_0565","향화도항","2026-09-18 00:13","209","고조"
"SO_0565","향화도항","2026-09-18 06:32","478","저조"
"SO_0565","향화도항","2026-09-18 12:02","157","고조"
"SO_0565","향화도항","2026-09-17 06:02","523","저조"
"SO_0565","향화도항","2026-09-17 11:31","121","고조"
"SO_0565","향화도항","2026-09-17 18:42","553","저조"
"SO_0565","향화도항","2026-09-18 00:13","209","고조"
"SO_0565","향화도항","2026-09-18 06:32","478","저조"
"SO_0565","향화도항","2026-09-18 12:02","157","고조"
"SO_0565","향화도항","2026-09-18 19:23","512","저조"
"SO_0565","향화도항","2026-09-19 01:05","256","고조"
"SO_0565","향화도항","2026-09-19 07:07","433","저조"
"SO_0565","향화도항","2026-09-19 12:44","198","고조"
"SO_0565","향화도항","2026-09-18 00:13","209","고조"
"SO_0565","향화도항","2026-09-18 06:32","478","저조"
"SO_0565","향화도항","2026-09-18 12:02","157","고조"
"SO_0565","향화도항","2026-09-18 19:23","512","저조"
"SO_0565","향화도항","2026-09-19 01:05","256","고조"
"SO_0565","향화도항","2026-09-19 07:07","433","저조"
"SO_0565","향화도항","2026-09-19 12:44","198","고조"
"SO_0565","향화도항","2026-09-19 20:19","474","저조"
"SO_0565","향화도항","2026-09-20 02:55","287","고조"
"SO_0565","향화도항","2026-09-20 08:01","394","저조"
"SO_0565","향화도항","2026-09-19 01:05","256","고조"
"SO_0565","향화도항","2026-09-19 07:07","433","저조"
"SO_0565","향화도항","2026-09-19 12:44","198","고조"
"SO_0565","향화도항","2026-09-19 20:19","474","저조"
"SO_0565","향화도항","2026-09-20 02:55","287","고조"
"SO_0565","향화도항","2026-09-20 08:01","394","저조"
"SO_0565","향화도항","2026-09-20 14:14","233","고조"
"SO_0565","향화도항","2026-09-20 21:46","452","저조"
"SO_0565","향화도항","2026-09-21 04:46","281","고조"
"SO_0565","향화도항","2026-09-21 09:35","375","저조"
"SO_0565","향화도항","2026-09-20 02:55","287","고조"
"SO_0565","향화도항","2026-09-20 08:01","394","저조"
"SO_0565","향화도항","2026-09-20 14:14","233","고조"
"SO_0565","향화도항","2026-09-20 21:46","452","저조"
"SO_0565","향화도항","2026-09-21 04:46","281","고조"
"SO_0565","향화도항","2026-09-21 09:35","375","저조"
"SO_0565","향화도항","2026-09-21 16:25","232","고조"
"SO_0565","향화도항","2026-09-21 23:39","465","저조"
"SO_0565","향화도항","2026-09-22 05:57","249","고조"
"SO_0565","향화도항","2026-09-22 11:46","400","저조"
"SO_0565","향화도항","2026-09-21 04:46","281","고조"
"SO_0565","향화도항","2026-09-21 09:35","375","저조"
"SO_0565","향화도항","2026-09-21 16:25","232","고조"
"SO_0565","향화도항","2026-09-21 23:39","465","저조"
"SO_0565","향화도항","2026-09-22 05:57","249","고조"
"SO_0565","향화도항","2026-09-22 11:46","400","저조"
"SO_0565","향화도항","2026-09-22 17:45","199","고조"
"SO_0565","향화도항","2026-09-23 00:42","502","저조"
"SO_0565","향화도항","2026-09-23 06:42","207","고조"
"SO_0565","향화도항","2026-09-23 12:48","454","저조"
"SO_0565","향화도항","2026-09-22 05:57","249","고조"
"SO_0565","향화도항","2026-09-22 11:46","400","저조"
"SO_0565","향화도항","2026-09-22 17:45","199","고조"
"SO_0565","향화도항","2026-09-23 00:42","502","저조"
"SO_0565","향화도항","2026-09-23 06:42","207","고조"
"SO_0565","향화도항","2026-09-23 12:48","454","저조"
"SO_0565","향화도항","2026-09-23 18:36","156","고조"
"SO_0565","향화도항","2026-09-24 01:22","540","저조"
"SO_0565","향화도항","2026-09-24 07:14","164","고조"
"SO_0565","향화도항","2026-09-24 13:30","509","저조"
"SO_0565","향화도항","2026-09-23 00:42","502","저조"
"SO_0565","향화도항","2026-09-23 06:42","207","고조"
"SO_0565","향화도항","2026-09-23 12:48","454","저조"
"SO_0565","향화도항","2026-09-23 18:36","156","고조"
"SO_0565","향화도항","2026-09-24 01:22","540","저조"
"SO_0565","향화도항","2026-09-24 07:14","164","고조"
"SO_0565","향화도항","2026-09-24 13:30","509","저조"
"SO_0565","향화도항","2026-09-24 19:15","116","고조"
"SO_0565","향화도항","2026-09-25 01:57","574","저조"
"SO_0565","향화도항","2026-09-25 07:43","123","고조"
"SO_0565","향화도항","2026-09-24 01:22","540","저조"
"SO_0565","향화도항","2026-09-24 07:14","164","고조"
"SO_0565","향화도항","2026-09-24 13:30","509","저조"
"SO_0565","향화도항","2026-09-24 19:15","116","고조"
"SO_0565","향화도항","2026-09-25 01:57","574","저조"
"SO_0565","향화도항","2026-09-25 07:43","123","고조"
"SO_0565","향화도항","2026-09-25 14:07","560","저조"
"SO_0565","향화도항","2026-09-25 19:51","84","고조"
"SO_0565","향화도항","2026-09-26 02:29","601","저조"
"SO_0565","향화도항","2026-09-26 08:12","87","고조"
"SO_0565","향화도항","2026-09-25 01:57","574","저조"
"SO_0565","향화도항","2026-09-25 07:43","123","고조"
"SO_0565","향화도항","2026-09-25 14:07","560","저조"
"SO_0565","향화도항","2026-09-25 19:51","84","고조"
"SO_0565","향화도항","2026-09-26 02:29","601","저조"
"SO_0565","향화도항","2026-09-26 08:12","87","고조"
"SO_0565","향화도항","2026-09-26 14:44","602","저조"
"SO_0565","향화도항","2026-09-26 20:25","63","고조"
"SO_0565","향화도항","2026-09-27 03:02","619","저조"
"SO_0565","향화도항","2026-09-27 08:42","59","고조"
"SO_0565","향화도항","2026-09-26 02:29","601","저조"
"SO_0565","향화도항","2026-09-26 08:12","87","고조"
"SO_0565","향화도항","2026-09-26 14:44","602","저조"
"SO_0565","향화도항","2026-09-26 20:25","63","고조"
"SO_0565","향화도항","2026-09-27 03:02","619","저조"
"SO_0565","향화도항","2026-09-27 08:42","59","고조"
"SO_0565","향화도항","2026-09-27 15:20","634","저조"
"SO_0565","향화도항","2026-09-27 20:59","54","고조"
"SO_0565","향화도항","2026-09-28 03:36","627","저조"
"SO_0565","향화도항","2026-09-28 09:12","40","고조"
"SO_0565","향화도항","2026-09-27 03:02","619","저조"
"SO_0565","향화도항","2026-09-27 08:42","59","고조"
"SO_0565","향화도항","2026-09-27 15:20","634","저조"
"SO_0565","향화도항","2026-09-27 20:59","54","고조"
"SO_0565","향화도항","2026-09-28 03:36","627","저조"
"SO_0565","향화도항","2026-09-28 09:12","40","고조"
"SO_0565","향화도항","2026-09-28 15:57","653","저조"
"SO_0565","향화도항","2026-09-28 21:34","59","고조"
"SO_0565","향화도항","2026-09-29 04:10","623","저조"
"SO_0565","향화도항","2026-09-29 09:43","31","고조"
"SO_0565","향화도항","2026-09-28 03:36","627","저조"
"SO_0565","향화도항","2026-09-28 09:12","40","고조"
"SO_0565","향화도항","2026-09-28 15:57","653","저조"
"SO_0565","향화도항","2026-09-28 21:34","59","고조"
"SO_0565","향화도항","2026-09-29 04:10","623","저조"
"SO_0565","향화도항","2026-09-29 09:43","31","고조"
"SO_0565","향화도항","2026-09-29 16:35","660","저조"
"SO_0565","향화도항","2026-09-29 22:09","77","고조"
"SO_0565","향화도항","2026-09-30 04:46","606","저조"
"SO_0565","향화도항","2026-09-30 10:15","34","고조"
"SO_0565","향화도항","2026-09-29 04:10","623","저조"
"SO_0565","향화도항","2026-09-29 09:43","31","고조"
"SO_0565","향화도항","2026-09-29 16:35","660","저조"
"SO_0565","향화도항","2026-09-29 22:09","77","고조"
"SO_0565","향화도항","2026-09-30 04:46","606","저조"
"SO_0565","향화도항","2026-09-30 10:15","34","고조"
"SO_0565","향화도항","2026-09-30 17:14","653","저조"
"SO_0565","향화도항","2026-09-30 22:47","108","고조"
"SO_0565","향화도항","2026-10-01 05:23","577","저조"
"SO_0565","향화도항","2026-10-01 10:49","50","고조"
"SO_0565","향화도항","2026-09-30 04:46","606","저조"
"SO_0565","향화도항","2026-09-30 10:15","34","고조"
"SO_0565","향화도항","2026-09-30 17:14","653","저조"
"SO_0565","향화도항","2026-09-30 22:47","108","고조"
"SO_0565","향화도항","2026-10-01 05:23","577","저조"
"SO_0565","향화도항","2026-10-01 10:49","50","고조"
"SO_0565","향화도항","2026-10-01 17:57","632","저조"
"SO_0565","향화도항","2026-10-01 23:29","150","고조"
"SO_0565","향화도항","2026-10-02 06:02","537","저조"
"SO_0565","향화도항","2026-10-02 11:26","80","고조"
"SO_0565","향화도항","2026-10-01 05:23","577","저조"
"SO_0565","향화도항","2026-10-01 10:49","50","고조"
"SO_0565","향화도항","2026-10-01 17:57","632","저조"
"SO_0565","향화도항","2026-10-01 23:29","150","고조"
"SO_0565","향화도항","2026-10-02 06:02","537","저조"
"SO_0565","향화도항","2026-10-02 11:26","80","고조"
"SO_0565","향화도항","2026-10-02 18:45","597","저조"
"SO_0565","향화도항","2026-10-03 00:19","200","고조"
"SO_0565","향화도항","2026-10-03 06:48","491","저조"
"SO_0565","향화도항","2026-10-03 12:13","123","고조"
"SO_0565","향화도항","2026-10-02 06:02","537","저조"
"SO_0565","향화도항","2026-10-02 11:26","80","고조"
"SO_0565","향화도항","2026-10-02 18:45","597","저조"
"SO_0565","향화도항","2026-10-03 00:19","200","고조"
"SO_0565","향화도항","2026-10-03 06:48","491","저조"
"SO_0565","향화도항","2026-10-03 12:13","123","고조"
"SO_0565","향화도항","2026-10-03 19:43","557","저조"
"SO_0565","향화도항","2026-10-04 01:38","246","고조"
"SO_0565","향화도항","2026-10-04 07:48","447","저조"
"SO_0565","향화도항","2026-10-04 13:26","171","고조"
"SO_0565","향화도항","2026-10-03 00:19","200","고조"
"SO_0565","향화도항","2026-10-03 06:48","491","저조"
"SO_0565","향화도항","2026-10-03 12:13","123","고조"
"SO_0565","향화도항","2026-10-03 19:43","557","저조"
"SO_0565","향화도항","2026-10-04 01:38","246","고조"
"SO_0565","향화도항","2026-10-04 07:48","447","저조"
"SO_0565","향화도항","2026-10-04 13:26","171","고조"
"SO_0565","향화도항","2026-10-04 20:59","524","저조"
"SO_0565","향화도항","2026-10-05 03:38","257","고조"
"SO_0565","향화도항","2026-10-05 09:13","422","저조"
"SO_0565","향화도항","2026-10-04 01:38","246","고조"
"SO_0565","향화도항","2026-10-04 07:48","447","저조"
"SO_0565","향화도항","2026-10-04 13:26","171","고조"
"SO_0565","향화도항","2026-10-04 20:59","524","저조"
"SO_0565","향화도항","2026-10-05 03:38","257","고조"
"SO_0565","향화도항","2026-10-05 09:13","422","저조"
"SO_0565","향화도항","2026-10-05 15:29","190","고조"
"SO_0565","향화도항","2026-10-05 22:32","519","저조"
"SO_0565","향화도항","2026-10-06 05:09","227","고조"
"SO_0565","향화도항","2026-10-06 10:56","441","저조"
"SO_0565","향화도항","2026-10-05 03:38","257","고조"
"SO_0565","향화도항","2026-10-05 09:13","422","저조"
"SO_0565","향화도항","2026-10-05 15:29","190","고조"
"SO_0565","향화도항","2026-10-05 22:32","519","저조"
"SO_0565","향화도항","2026-10-06 05:09","227","고조"
"SO_0565","향화도항","2026-10-06 10:56","441","저조"
"SO_0565","향화도항","2026-10-06 17:07","167","고조"
"SO_0565","향화도항","2026-10-06 23:53","544","저조"
"SO_0565","향화도항","2026-10-07 06:08","181","고조"
"SO_0565","향화도항","2026-10-07 12:14","496","저조"
"SO_0565","향화도항","2026-10-06 05:09","227","고조"
"SO_0565","향화도항","2026-10-06 10:56","441","저조"
"SO_0565","향화도항","2026-10-06 17:07","167","고조"
"SO_0565","향화도항","2026-10-06 23:53","544","저조"
"SO_0565","향화도항","2026-10-07 06:08","181","고조"
"SO_0565","향화도항","2026-10-07 12:14","496","저조"
"SO_0565","향화도항","2026-10-07 18:13","127","고조"
"SO_0565","향화도항","2026-10-08 00:50","577","저조"
"SO_0565","향화도항","2026-10-08 06:52","133","고조"
"SO_0565","향화도항","2026-10-08 13:09","557","저조"
"SO_0565","향화도항","2026-10-07 06:08","181","고조"
"SO_0565","향화도항","2026-10-07 12:14","496","저조"
"SO_0565","향화도항","2026-10-07 18:13","127","고조"
"SO_0565","향화도항","2026-10-08 00:50","577","저조"
"SO_0565","향화도항","2026-10-08 06:52","133","고조"
"SO_0565","향화도항","2026-10-08 13:09","557","저조"
"SO_0565","향화도항","2026-10-08 19:02","92","고조"
"SO_0565","향화도항","2026-10-09 01:35","603","저조"
"SO_0565","향화도항","2026-10-09 07:29","91","고조"
"SO_0565","향화도항","2026-10-09 13:54","607","저조"
"SO_0565","향화도항","2026-10-08 00:50","577","저조"
"SO_0565","향화도항","2026-10-08 06:52","133","고조"
"SO_0565","향화도항","2026-10-08 13:09","557","저조"
"SO_0565","향화도항","2026-10-08 19:02","92","고조"
"SO_0565","향화도항","2026-10-09 01:35","603","저조"
"SO_0565","향화도항","2026-10-09 07:29","91","고조"
"SO_0565","향화도항","2026-10-09 13:54","607","저조"
"SO_0565","향화도항","2026-10-09 19:43","70","고조"
"SO_0565","향화도항","2026-10-10 02:14","618","저조"
"SO_0565","향화도항","2026-10-10 08:03","61","고조"
"SO_0565","향화도항","2026-10-09 01:35","603","저조"
"SO_0565","향화도항","2026-10-09 07:29","91","고조"
"SO_0565","향화도항","2026-10-09 13:54","607","저조"
"SO_0565","향화도항","2026-10-09 19:43","70","고조"
"SO_0565","향화도항","2026-10-10 02:14","618","저조"
"SO_0565","향화도항","2026-10-10 08:03","61","고조"
"SO_0565","향화도항","2026-10-10 14:35","639","저조"
"SO_0565","향화도항","2026-10-10 20:20","62","고조"
"SO_0565","향화도항","2026-10-11 02:51","619","저조"
"SO_0565","향화도항","2026-10-11 08:35","45","고조"
"SO_0565","향화도항","2026-10-10 02:14","618","저조"
"SO_0565","향화도항","2026-10-10 08:03","61","고조"
"SO_0565","향화도항","2026-10-10 14:35","639","저조"
"SO_0565","향화도항","2026-10-10 20:20","62","고조"
"SO_0565","향화도항","2026-10-11 02:51","619","저조"
"SO_0565","향화도항","2026-10-11 08:35","45","고조"
"SO_0565","향화도항","2026-10-11 15:14","654","저조"
"SO_0565","향화도항","2026-10-11 20:55","68","고조"
"SO_0565","향화도항","2026-10-12 03:25","610","저조"
"SO_0565","향화도항","2026-10-12 09:05","42","고조"
"SO_0565","향화도항","2026-10-11 02:51","619","저조"
"SO_0565","향화도항","2026-10-11 08:35","45","고조"
"SO_0565","향화도항","2026-10-11 15:14","654","저조"
"SO_0565","향화도항","2026-10-11 20:55","68","고조"
"SO_0565","향화도항","2026-10-12 03:25","610","저조"
"SO_0565","향화도항","2026-10-12 09:05","42","고조"
"SO_0565","향화도항","2026-10-12 15:51","653","저조"
"SO_0565","향화도항","2026-10-12 21:29","84","고조"
"SO_0565","향화도항","2026-10-13 03:58","592","저조"
"SO_0565","향화도항","2026-10-13 09:33","50","고조"
"SO_0565","향화도항","2026-10-12 03:25","610","저조"
"SO_0565","향화도항","2026-10-12 09:05","42","고조"
"SO_0565","향화도항","2026-10-12 15:51","653","저조"
"SO_0565","향화도항","2026-10-12 21:29","84","고조"
"SO_0565","향화도항","2026-10-13 03:58","592","저조"
"SO_0565","향화도항","2026-10-13 09:33","50","고조"
"SO_0565","향화도항","2026-10-13 16:27","639","저조"
"SO_0565","향화도항","2026-10-13 22:02","108","고조"
"SO_0565","향화도항","2026-10-14 04:29","566","저조"
"SO_0565","향화도항","2026-10-14 09:59","66","고조"
"SO_0565","향화도항","2026-10-13 03:58","592","저조"
"SO_0565","향화도항","2026-10-13 09:33","50","고조"
"SO_0565","향화도항","2026-10-13 16:27","639","저조"
"SO_0565","향화도항","2026-10-13 22:02","108","고조"
"SO_0565","향화도항","2026-10-14 04:29","566","저조"
"SO_0565","향화도항","2026-10-14 09:59","66","고조"
"SO_0565","향화도항","2026-10-14 17:01","616","저조"
"SO_0565","향화도항","2026-10-14 22:34","136","고조"
"SO_0565","향화도항","2026-10-15 04:57","536","저조"
"SO_0565","향화도항","2026-10-15 10:24","87","고조"
"SO_0565","향화도항","2026-10-14 04:29","566","저조"
"SO_0565","향화도항","2026-10-14 09:59","66","고조"
"SO_0565","향화도항","2026-10-14 17:01","616","저조"
"SO_0565","향화도항","2026-10-14 22:34","136","고조"
"SO_0565","향화도항","2026-10-15 04:57","536","저조"
"SO_0565","향화도항","2026-10-15 10:24","87","고조"
"SO_0565","향화도항","2026-10-15 17:34","587","저조"
"SO_0565","향화도항","2026-10-15 23:08","169","고조"
"SO_0565","향화도항","2026-10-16 05:25","502","저조"
"SO_0565","향화도항","2026-10-16 10:51","113","고조"
"SO_0565","향화도항","2026-10-15 04:57","536","저조"
"SO_0565","향화도항","2026-10-15 10:24","87","고조"
"SO_0565","향화도항","2026-10-15 17:34","587","저조"
"SO_0565","향화도항","2026-10-15 23:08","169","고조"
"SO_0565","향화도항","2026-10-16 05:25","502","저조"
"SO_0565","향화도항","2026-10-16 10:51","113","고조"
"SO_0565","향화도항","2026-10-16 18:07","554","저조"
"SO_0565","향화도항","2026-10-16 23:45","204","고조"
"SO_0565","향화도항","2026-10-17 05:55","467","저조"
"SO_0565","향화도항","2026-10-17 11:22","144","고조"
"SO_0565","향화도항","2026-10-16 05:25","502","저조"
"SO_0565","향화도항","2026-10-16 10:51","113","고조"
"SO_0565","향화도항","2026-10-16 18:07","554","저조"
"SO_0565","향화도항","2026-10-16 23:45","204","고조"
"SO_0565","향화도항","2026-10-17 05:55","467","저조"
"SO_0565","향화도항","2026-10-17 11:22","144","고조"
"SO_0565","향화도항","2026-10-17 18:46","519","저조"
"SO_0565","향화도항","2026-10-18 00:34","240","고조"
"SO_0565","향화도항","2026-10-18 06:31","431","저조"
"SO_0565","향화도항","2026-10-18 12:01","180","고조"
"SO_0565","향화도항","2026-10-17 05:55","467","저조"
"SO_0565","향화도항","2026-10-17 11:22","144","고조"
"SO_0565","향화도항","2026-10-17 18:46","519","저조"
"SO_0565","향화도항","2026-10-18 00:34","240","고조"
"SO_0565","향화도항","2026-10-18 06:31","431","저조"
"SO_0565","향화도항","2026-10-18 12:01","180","고조"
"SO_0565","향화도항","2026-10-18 19:36","484","저조"
"SO_0565","향화도항","2026-10-19 01:58","267","고조"
"SO_0565","향화도항","2026-10-19 07:24","399","저조"
"SO_0565","향화도항","2026-10-19 13:08","219","고조"
"SO_0565","향화도항","2026-10-18 00:34","240","고조"
"SO_0565","향화도항","2026-10-18 06:31","431","저조"
"SO_0565","향화도항","2026-10-18 12:01","180","고조"
"SO_0565","향화도항","2026-10-18 19:36","484","저조"
"SO_0565","향화도항","2026-10-19 01:58","267","고조"
"SO_0565","향화도항","2026-10-19 07:24","399","저조"
"SO_0565","향화도항","2026-10-19 13:08","219","고조"
"SO_0565","향화도항","2026-10-19 20:48","459","저조"
"SO_0565","향화도항","2026-10-20 03:39","266","고조"
"SO_0565","향화도항","2026-10-20 08:47","381","저조"
"SO_0565","향화도항","2026-10-19 01:58","267","고조"
"SO_0565","향화도항","2026-10-19 07:24","399","저조"
"SO_0565","향화도항","2026-10-19 13:08","219","고조"
"SO_0565","향화도항","2026-10-19 20:48","459","저조"
"SO_0565","향화도항","2026-10-20 03:39","266","고조"
"SO_0565","향화도항","2026-10-20 08:47","381","저조"
"SO_0565","향화도항","2026-10-20 15:19","234","고조"
"SO_0565","향화도항","2026-10-20 22:22","456","저조"
"SO_0565","향화도항","2026-10-21 04:54","239","고조"
"SO_0565","향화도항","2026-10-21 10:43","399","저조"
"SO_0565","향화도항","2026-10-20 03:39","266","고조"
"SO_0565","향화도항","2026-10-20 08:47","381","저조"
"SO_0565","향화도항","2026-10-20 15:19","234","고조"
"SO_0565","향화도항","2026-10-20 22:22","456","저조"
"SO_0565","향화도항","2026-10-21 04:54","239","고조"
"SO_0565","향화도항","2026-10-21 10:43","399","저조"
"SO_0565","향화도항","2026-10-21 16:54","211","고조"
"SO_0565","향화도항","2026-10-21 23:40","479","저조"
"SO_0565","향화도항","2026-10-22 05:45","198","고조"
"SO_0565","향화도항","2026-10-22 12:02","452","저조"
"SO_0565","향화도항","2026-10-21 04:54","239","고조"
"SO_0565","향화도항","2026-10-21 10:43","399","저조"
"SO_0565","향화도항","2026-10-21 16:54","211","고조"
"SO_0565","향화도항","2026-10-21 23:40","479","저조"
"SO_0565","향화도항","2026-10-22 05:45","198","고조"
"SO_0565","향화도항","2026-10-22 12:02","452","저조"
"SO_0565","향화도항","2026-10-22 17:55","173","고조"
"SO_0565","향화도항","2026-10-23 00:31","512","저조"
"SO_0565","향화도항","2026-10-23 06:24","151","고조"
"SO_0565","향화도항","2026-10-23 12:52","512","저조"
"SO_0565","향화도항","2026-10-22 05:45","198","고조"
"SO_0565","향화도항","2026-10-22 12:02","452","저조"
"SO_0565","향화도항","2026-10-22 17:55","173","고조"
"SO_0565","향화도항","2026-10-23 00:31","512","저조"
"SO_0565","향화도항","2026-10-23 06:24","151","고조"
"SO_0565","향화도항","2026-10-23 12:52","512","저조"
"SO_0565","향화도항","2026-10-23 18:40","134","고조"
"SO_0565","향화도항","2026-10-24 01:11","544","저조"
"SO_0565","향화도항","2026-10-24 06:59","105","고조"
"SO_0565","향화도항","2026-10-24 13:33","569","저조"
"SO_0565","향화도항","2026-10-23 00:31","512","저조"
"SO_0565","향화도항","2026-10-23 06:24","151","고조"
"SO_0565","향화도항","2026-10-23 12:52","512","저조"
"SO_0565","향화도항","2026-10-23 18:40","134","고조"
"SO_0565","향화도항","2026-10-24 01:11","544","저조"
"SO_0565","향화도항","2026-10-24 06:59","105","고조"
"SO_0565","향화도항","2026-10-24 13:33","569","저조"
"SO_0565","향화도항","2026-10-24 19:20","101","고조"
"SO_0565","향화도항","2026-10-25 01:49","571","저조"
"SO_0565","향화도항","2026-10-25 07:32","64","고조"
"SO_0565","향화도항","2026-10-24 01:11","544","저조"
"SO_0565","향화도항","2026-10-24 06:59","105","고조"
"SO_0565","향화도항","2026-10-24 13:33","569","저조"
"SO_0565","향화도항","2026-10-24 19:20","101","고조"
"SO_0565","향화도항","2026-10-25 01:49","571","저조"
"SO_0565","향화도항","2026-10-25 07:32","64","고조"
"SO_0565","향화도항","2026-10-25 14:13","616","저조"
"SO_0565","향화도항","2026-10-25 19:58","80","고조"
"SO_0565","향화도항","2026-10-26 02:26","589","저조"
"SO_0565","향화도항","2026-10-26 08:05","33","고조"
"SO_0565","향화도항","2026-10-25 01:49","571","저조"
"SO_0565","향화도항","2026-10-25 07:32","64","고조"
"SO_0565","향화도항","2026-10-25 14:13","616","저조"
"SO_0565","향화도항","2026-10-25 19:58","80","고조"
"SO_0565","향화도항","2026-10-26 02:26","589","저조"
"SO_0565","향화도항","2026-10-26 08:05","33","고조"
"SO_0565","향화도항","2026-10-26 14:52","650","저조"
"SO_0565","향화도항","2026-10-26 20:36","70","고조"
"SO_0565","향화도항","2026-10-27 03:03","597","저조"
"SO_0565","향화도항","2026-10-27 08:39","14","고조"
"SO_0565","향화도항","2026-10-26 02:26","589","저조"
"SO_0565","향화도항","2026-10-26 08:05","33","고조"
"SO_0565","향화도항","2026-10-26 14:52","650","저조"
"SO_0565","향화도항","2026-10-26 20:36","70","고조"
"SO_0565","향화도항","2026-10-27 03:03","597","저조"
"SO_0565","향화도항","2026-10-27 08:39","14","고조"
"SO_0565","향화도항","2026-10-27 15:32","670","저조"
"SO_0565","향화도항","2026-10-27 21:15","74","고조"
"SO_0565","향화도항","2026-10-28 03:42","593","저조"
"SO_0565","향화도항","2026-10-28 09:15","8","고조"
"SO_0565","향화도항","2026-10-27 03:03","597","저조"
"SO_0565","향화도항","2026-10-27 08:39","14","고조"
"SO_0565","향화도항","2026-10-27 15:32","670","저조"
"SO_0565","향화도항","2026-10-27 21:15","74","고조"
"SO_0565","향화도항","2026-10-28 03:42","593","저조"
"SO_0565","향화도항","2026-10-28 09:15","8","고조"
"SO_0565","향화도항","2026-10-28 16:14","674","저조"
"SO_0565","향화도항","2026-10-28 21:54","91","고조"
"SO_0565","향화도항","2026-10-29 04:22","577","저조"
"SO_0565","향화도항","2026-10-29 09:51","16","고조"
"SO_0565","향화도항","2026-10-28 03:42","593","저조"
"SO_0565","향화도항","2026-10-28 09:15","8","고조"
"SO_0565","향화도항","2026-10-28 16:14","674","저조"
"SO_0565","향화도항","2026-10-28 21:54","91","고조"
"SO_0565","향화도항","2026-10-29 04:22","577","저조"
"SO_0565","향화도항","2026-10-29 09:51","16","고조"
"SO_0565","향화도항","2026-10-29 16:57","663","저조"
"SO_0565","향화도항","2026-10-29 22:37","119","고조"
"SO_0565","향화도항","2026-10-30 05:03","551","저조"
"SO_0565","향화도항","2026-10-30 10:29","37","고조"
"SO_0565","향화도항","2026-10-29 04:22","577","저조"
"SO_0565","향화도항","2026-10-29 09:51","16","고조"
"SO_0565","향화도항","2026-10-29 16:57","663","저조"
"SO_0565","향화도항","2026-10-29 22:37","119","고조"
"SO_0565","향화도항","2026-10-30 05:03","551","저조"
"SO_0565","향화도항","2026-10-30 10:29","37","고조"
"SO_0565","향화도항","2026-10-30 17:44","637","저조"
"SO_0565","향화도항","2026-10-30 23:24","155","고조"
"SO_0565","향화도항","2026-10-31 05:47","517","저조"
"SO_0565","향화도항","2026-10-31 11:13","73","고조"
"SO_0565","향화도항","2026-10-30 05:03","551","저조"
"SO_0565","향화도항","2026-10-30 10:29","37","고조"
"SO_0565","향화도항","2026-10-30 17:44","637","저조"
"SO_0565","향화도항","2026-10-30 23:24","155","고조"
"SO_0565","향화도항","2026-10-31 05:47","517","저조"
"SO_0565","향화도항","2026-10-31 11:13","73","고조"
"SO_0565","향화도항","2026-10-31 18:35","601","저조"
"SO_0565","향화도항","2026-11-01 00:21","192","고조"
"SO_0565","향화도항","2026-11-01 06:39","480","저조"
"SO_0565","향화도항","2026-11-01 12:06","118","고조"
"SO_0565","향화도항","2026-10-31 05:47","517","저조"
"SO_0565","향화도항","2026-10-31 11:13","73","고조"
"SO_0565","향화도항","2026-10-31 18:35","601","저조"
"SO_0565","향화도항","2026-11-01 00:21","192","고조"
"SO_0565","향화도항","2026-11-01 06:39","480","저조"
"SO_0565","향화도항","2026-11-01 12:06","118","고조"
"SO_0565","향화도항","2026-11-01 19:35","562","저조"
"SO_0565","향화도항","2026-11-02 01:37","220","고조"
"SO_0565","향화도항","2026-11-02 07:42","449","저조"
"SO_0565","향화도항","2026-11-02 13:24","162","고조"
"SO_0565","향화도항","2026-11-01 00:21","192","고조"
"SO_0565","향화도항","2026-11-01 06:39","480","저조"
"SO_0565","향화도항","2026-11-01 12:06","118","고조"
"SO_0565","향화도항","2026-11-01 19:35","562","저조"
"SO_0565","향화도항","2026-11-02 01:37","220","고조"
"SO_0565","향화도항","2026-11-02 07:42","449","저조"
"SO_0565","향화도항","2026-11-02 13:24","162","고조"
"SO_0565","향화도항","2026-11-02 20:45","529","저조"
"SO_0565","향화도항","2026-11-03 03:09","222","고조"
"SO_0565","향화도항","2026-11-03 09:03","437","저조"
"SO_0565","향화도항","2026-11-02 01:37","220","고조"
"SO_0565","향화도항","2026-11-02 07:42","449","저조"
"SO_0565","향화도항","2026-11-02 13:24","162","고조"
"SO_0565","향화도항","2026-11-02 20:45","529","저조"
"SO_0565","향화도항","2026-11-03 03:09","222","고조"
"SO_0565","향화도항","2026-11-03 09:03","437","저조"
"SO_0565","향화도항","2026-11-03 15:10","183","고조"
"SO_0565","향화도항","2026-11-03 22:04","514","저조"
"SO_0565","향화도항","2026-11-04 04:29","199","고조"
"SO_0565","향화도항","2026-11-04 10:33","458","저조"
"SO_0565","향화도항","2026-11-03 03:09","222","고조"
"SO_0565","향화도항","2026-11-03 09:03","437","저조"
"SO_0565","향화도항","2026-11-03 15:10","183","고조"
"SO_0565","향화도항","2026-11-03 22:04","514","저조"
"SO_0565","향화도항","2026-11-04 04:29","199","고조"
"SO_0565","향화도항","2026-11-04 10:33","458","저조"
"SO_0565","향화도항","2026-11-04 16:42","173","고조"
"SO_0565","향화도항","2026-11-04 23:17","520","저조"
"SO_0565","향화도항","2026-11-05 05:29","161","고조"
"SO_0565","향화도항","2026-11-05 11:47","505","저조"
"SO_0565","향화도항","2026-11-04 04:29","199","고조"
"SO_0565","향화도항","2026-11-04 10:33","458","저조"
"SO_0565","향화도항","2026-11-04 16:42","173","고조"
"SO_0565","향화도항","2026-11-04 23:17","520","저조"
"SO_0565","향화도항","2026-11-05 05:29","161","고조"
"SO_0565","향화도항","2026-11-05 11:47","505","저조"
"SO_0565","향화도항","2026-11-05 17:49","148","고조"
"SO_0565","향화도항","2026-11-06 00:15","535","저조"
"SO_0565","향화도항","2026-11-06 06:16","121","고조"
"SO_0565","향화도항","2026-11-06 12:44","555","저조"
"SO_0565","향화도항","2026-11-05 05:29","161","고조"
"SO_0565","향화도항","2026-11-05 11:47","505","저조"
"SO_0565","향화도항","2026-11-05 17:49","148","고조"
"SO_0565","향화도항","2026-11-06 00:15","535","저조"
"SO_0565","향화도항","2026-11-06 06:16","121","고조"
"SO_0565","향화도항","2026-11-06 12:44","555","저조"
"SO_0565","향화도항","2026-11-06 18:40","126","고조"
"SO_0565","향화도항","2026-11-07 01:02","549","저조"
"SO_0565","향화도항","2026-11-07 06:55","86","고조"
"SO_0565","향화도항","2026-11-07 13:30","594","저조"
"SO_0565","향화도항","2026-11-06 00:15","535","저조"
"SO_0565","향화도항","2026-11-06 06:16","121","고조"
"SO_0565","향화도항","2026-11-06 12:44","555","저조"
"SO_0565","향화도항","2026-11-06 18:40","126","고조"
"SO_0565","향화도항","2026-11-07 01:02","549","저조"
"SO_0565","향화도항","2026-11-07 06:55","86","고조"
"SO_0565","향화도항","2026-11-07 13:30","594","저조"
"SO_0565","향화도항","2026-11-07 19:22","111","고조"
"SO_0565","향화도항","2026-11-08 01:42","557","저조"
"SO_0565","향화도항","2026-11-08 07:31","63","고조"
"SO_0565","향화도항","2026-11-07 01:02","549","저조"
"SO_0565","향화도항","2026-11-07 06:55","86","고조"
"SO_0565","향화도항","2026-11-07 13:30","594","저조"
"SO_0565","향화도항","2026-11-07 19:22","111","고조"
"SO_0565","향화도항","2026-11-08 01:42","557","저조"
"SO_0565","향화도항","2026-11-08 07:31","63","고조"
"SO_0565","향화도항","2026-11-08 14:12","618","저조"
"SO_0565","향화도항","2026-11-08 20:00","106","고조"
"SO_0565","향화도항","2026-11-09 02:19","558","저조"
"SO_0565","향화도항","2026-11-09 08:03","51","고조"
"SO_0565","향화도항","2026-11-08 01:42","557","저조"
"SO_0565","향화도항","2026-11-08 07:31","63","고조"
"SO_0565","향화도항","2026-11-08 14:12","618","저조"
"SO_0565","향화도항","2026-11-08 20:00","106","고조"
"SO_0565","향화도항","2026-11-09 02:19","558","저조"
"SO_0565","향화도항","2026-11-09 08:03","51","고조"
"SO_0565","향화도항","2026-11-09 14:51","626","저조"
"SO_0565","향화도항","2026-11-09 20:36","108","고조"
"SO_0565","향화도항","2026-11-10 02:54","552","저조"
"SO_0565","향화도항","2026-11-10 08:34","51","고조"
"SO_0565","향화도항","2026-11-09 02:19","558","저조"
"SO_0565","향화도항","2026-11-09 08:03","51","고조"
"SO_0565","향화도항","2026-11-09 14:51","626","저조"
"SO_0565","향화도항","2026-11-09 20:36","108","고조"
"SO_0565","향화도항","2026-11-10 02:54","552","저조"
"SO_0565","향화도항","2026-11-10 08:34","51","고조"
"SO_0565","향화도항","2026-11-10 15:28","622","저조"
"SO_0565","향화도항","2026-11-10 21:10","116","고조"
"SO_0565","향화도항","2026-11-11 03:27","540","저조"
"SO_0565","향화도항","2026-11-11 09:02","57","고조"
"SO_0565","향화도항","2026-11-10 02:54","552","저조"
"SO_0565","향화도항","2026-11-10 08:34","51","고조"
"SO_0565","향화도항","2026-11-10 15:28","622","저조"
"SO_0565","향화도항","2026-11-10 21:10","116","고조"
"SO_0565","향화도항","2026-11-11 03:27","540","저조"
"SO_0565","향화도항","2026-11-11 09:02","57","고조"
"SO_0565","향화도항","2026-11-11 16:03","610","저조"
"SO_0565","향화도항","2026-11-11 21:43","128","고조"
"SO_0565","향화도항","2026-11-12 03:58","524","저조"
"SO_0565","향화도항","2026-11-12 09:29","67","고조"
"SO_0565","향화도항","2026-11-11 03:27","540","저조"
"SO_0565","향화도항","2026-11-11 09:02","57","고조"
"SO_0565","향화도항","2026-11-11 16:03","610","저조"
"SO_0565","향화도항","2026-11-11 21:43","128","고조"
"SO_0565","향화도항","2026-11-12 03:58","524","저조"
"SO_0565","향화도항","2026-11-12 09:29","67","고조"
"SO_0565","향화도항","2026-11-12 16:36","594","저조"
"SO_0565","향화도항","2026-11-12 22:17","143","고조"
"SO_0565","향화도항","2026-11-13 04:28","505","저조"
"SO_0565","향화도항","2026-11-13 09:56","80","고조"
"SO_0565","향화도항","2026-11-12 03:58","524","저조"
"SO_0565","향화도항","2026-11-12 09:29","67","고조"
"SO_0565","향화도항","2026-11-12 16:36","594","저조"
"SO_0565","향화도항","2026-11-12 22:17","143","고조"
"SO_0565","향화도항","2026-11-13 04:28","505","저조"
"SO_0565","향화도항","2026-11-13 09:56","80","고조"
"SO_0565","향화도항","2026-11-13 17:09","575","저조"
"SO_0565","향화도항","2026-11-13 22:51","161","고조"
"SO_0565","향화도항","2026-11-14 04:59","485","저조"
"SO_0565","향화도항","2026-11-14 10:26","95","고조"
"SO_0565","향화도항","2026-11-13 04:28","505","저조"
"SO_0565","향화도항","2026-11-13 09:56","80","고조"
"SO_0565","향화도항","2026-11-13 17:09","575","저조"
"SO_0565","향화도항","2026-11-13 22:51","161","고조"
"SO_0565","향화도항","2026-11-14 04:59","485","저조"
"SO_0565","향화도항","2026-11-14 10:26","95","고조"
"SO_0565","향화도항","2026-11-14 17:43","554","저조"
"SO_0565","향화도항","2026-11-14 23:28","182","고조"
"SO_0565","향화도항","2026-11-15 05:33","462","저조"
"SO_0565","향화도항","2026-11-15 11:00","116","고조"
"SO_0565","향화도항","2026-11-14 04:59","485","저조"
"SO_0565","향화도항","2026-11-14 10:26","95","고조"
"SO_0565","향화도항","2026-11-14 17:43","554","저조"
"SO_0565","향화도항","2026-11-14 23:28","182","고조"
"SO_0565","향화도항","2026-11-15 05:33","462","저조"
"SO_0565","향화도항","2026-11-15 11:00","116","고조"
"SO_0565","향화도항","2026-11-15 18:20","530","저조"
"SO_0565","향화도항","2026-11-16 00:11","203","고조"
"SO_0565","향화도항","2026-11-16 06:12","439","저조"
"SO_0565","향화도항","2026-11-16 11:41","144","고조"
"SO_0565","향화도항","2026-11-15 05:33","462","저조"
"SO_0565","향화도항","2026-11-15 11:00","116","고조"
"SO_0565","향화도항","2026-11-15 18:20","530","저조"
"SO_0565","향화도항","2026-11-16 00:11","203","고조"
"SO_0565","향화도항","2026-11-16 06:12","439","저조"
"SO_0565","향화도항","2026-11-16 11:41","144","고조"
"SO_0565","향화도항","2026-11-16 19:05","503","저조"
"SO_0565","향화도항","2026-11-17 01:07","220","고조"
"SO_0565","향화도항","2026-11-17 07:03","417","저조"
"SO_0565","향화도항","2026-11-17 12:36","177","고조"
"SO_0565","향화도항","2026-11-16 00:11","203","고조"
"SO_0565","향화도항","2026-11-16 06:12","439","저조"
"SO_0565","향화도항","2026-11-16 11:41","144","고조"
"SO_0565","향화도항","2026-11-16 19:05","503","저조"
"SO_0565","향화도항","2026-11-17 01:07","220","고조"
"SO_0565","향화도항","2026-11-17 07:03","417","저조"
"SO_0565","향화도항","2026-11-17 12:36","177","고조"
"SO_0565","향화도항","2026-11-17 20:01","478","저조"
"SO_0565","향화도항","2026-11-18 02:19","225","고조"
"SO_0565","향화도항","2026-11-18 08:10","405","저조"
"SO_0565","향화도항","2026-11-17 01:07","220","고조"
"SO_0565","향화도항","2026-11-17 07:03","417","저조"
"SO_0565","향화도항","2026-11-17 12:36","177","고조"
"SO_0565","향화도항","2026-11-17 20:01","478","저조"
"SO_0565","향화도항","2026-11-18 02:19","225","고조"
"SO_0565","향화도항","2026-11-18 08:10","405","저조"
"SO_0565","향화도항","2026-11-18 14:01","205","고조"
"SO_0565","향화도항","2026-11-18 21:08","462","저조"
"SO_0565","향화도항","2026-11-19 03:32","211","고조"
"SO_0565","향화도항","2026-11-19 09:34","413","저조"
"SO_0565","향화도항","2026-11-18 02:19","225","고조"
"SO_0565","향화도항","2026-11-18 08:10","405","저조"
"SO_0565","향화도항","2026-11-18 14:01","205","고조"
"SO_0565","향화도항","2026-11-18 21:08","462","저조"
"SO_0565","향화도항","2026-11-19 03:32","211","고조"
"SO_0565","향화도항","2026-11-19 09:34","413","저조"
"SO_0565","향화도항","2026-11-19 15:42","209","고조"
"SO_0565","향화도항","2026-11-19 22:21","461","저조"
"SO_0565","향화도항","2026-11-20 04:34","179","고조"
"SO_0565","향화도항","2026-11-20 10:59","449","저조"
"SO_0565","향화도항","2026-11-19 03:32","211","고조"
"SO_0565","향화도항","2026-11-19 09:34","413","저조"
"SO_0565","향화도항","2026-11-19 15:42","209","고조"
"SO_0565","향화도항","2026-11-19 22:21","461","저조"
"SO_0565","향화도항","2026-11-20 04:34","179","고조"
"SO_0565","향화도항","2026-11-20 10:59","449","저조"
"SO_0565","향화도항","2026-11-20 17:01","188","고조"
"SO_0565","향화도항","2026-11-20 23:26","476","저조"
"SO_0565","향화도항","2026-11-21 05:25","137","고조"
"SO_0565","향화도항","2026-11-21 12:04","502","저조"
"SO_0565","향화도항","2026-11-20 04:34","179","고조"
"SO_0565","향화도항","2026-11-20 10:59","449","저조"
"SO_0565","향화도항","2026-11-20 17:01","188","고조"
"SO_0565","향화도항","2026-11-20 23:26","476","저조"
"SO_0565","향화도항","2026-11-21 05:25","137","고조"
"SO_0565","향화도항","2026-11-21 12:04","502","저조"
"SO_0565","향화도항","2026-11-21 18:00","158","고조"
"SO_0565","향화도항","2026-11-22 00:20","500","저조"
"SO_0565","향화도항","2026-11-22 06:10","92","고조"
"SO_0565","향화도항","2026-11-22 12:55","557","저조"
"SO_0565","향화도항","2026-11-21 05:25","137","고조"
"SO_0565","향화도항","2026-11-21 12:04","502","저조"
"SO_0565","향화도항","2026-11-21 18:00","158","고조"
"SO_0565","향화도항","2026-11-22 00:20","500","저조"
"SO_0565","향화도항","2026-11-22 06:10","92","고조"
"SO_0565","향화도항","2026-11-22 12:55","557","저조"
"SO_0565","향화도항","2026-11-22 18:49","128","고조"
"SO_0565","향화도항","2026-11-23 01:07","524","저조"
"SO_0565","향화도항","2026-11-23 06:52","51","고조"
"SO_0565","향화도항","2026-11-23 13:42","605","저조"
"SO_0565","향화도항","2026-11-22 00:20","500","저조"
"SO_0565","향화도항","2026-11-22 06:10","92","고조"
"SO_0565","향화도항","2026-11-22 12:55","557","저조"
"SO_0565","향화도항","2026-11-22 18:49","128","고조"
"SO_0565","향화도항","2026-11-23 01:07","524","저조"
"SO_0565","향화도항","2026-11-23 06:52","51","고조"
"SO_0565","향화도항","2026-11-23 13:42","605","저조"
"SO_0565","향화도항","2026-11-23 19:34","104","고조"
"SO_0565","향화도항","2026-11-24 01:52","543","저조"
"SO_0565","향화도항","2026-11-24 07:32","19","고조"
"SO_0565","향화도항","2026-11-23 01:07","524","저조"
"SO_0565","향화도항","2026-11-23 06:52","51","고조"
"SO_0565","향화도항","2026-11-23 13:42","605","저조"
"SO_0565","향화도항","2026-11-23 19:34","104","고조"
"SO_0565","향화도항","2026-11-24 01:52","543","저조"
"SO_0565","향화도항","2026-11-24 07:32","19","고조"
"SO_0565","향화도항","2026-11-24 14:27","640","저조"
"SO_0565","향화도항","2026-11-24 20:18","91","고조"
"SO_0565","향화도항","2026-11-25 02:35","554","저조"
"SO_0565","향화도항","2026-11-25 08:13","","고조"
"SO_0565","향화도항","2026-11-24 01:52","543","저조"
"SO_0565","향화도항","2026-11-24 07:32","19","고조"
"SO_0565","향화도항","2026-11-24 14:27","640","저조"
"SO_0565","향화도항","2026-11-24 20:18","91","고조"
"SO_0565","향화도항","2026-11-25 02:35","554","저조"
"SO_0565","향화도항","2026-11-25 08:13","","고조"
"SO_0565","향화도항","2026-11-25 15:12","661","저조"
"SO_0565","향화도항","2026-11-25 21:02","88","고조"
"SO_0565","향화도항","2026-11-26 03:19","556","저조"
"SO_0565","향화도항","2026-11-26 08:55","-7","고조"
"SO_0565","향화도항","2026-11-25 02:35","554","저조"
"SO_0565","향화도항","2026-11-25 08:13","","고조"
"SO_0565","향화도항","2026-11-25 15:12","661","저조"
"SO_0565","향화도항","2026-11-25 21:02","88","고조"
"SO_0565","향화도항","2026-11-26 03:19","556","저조"
"SO_0565","향화도항","2026-11-26 08:55","-7","고조"
"SO_0565","향화도항","2026-11-26 15:58","667","저조"
"SO_0565","향화도항","2026-11-26 21:46","95","고조"
"SO_0565","향화도항","2026-11-27 04:04","550","저조"
"SO_0565","향화도항","2026-11-27 09:37","-1","고조"
"SO_0565","향화도항","2026-11-26 03:19","556","저조"
"SO_0565","향화도항","2026-11-26 08:55","-7","고조"
"SO_0565","향화도항","2026-11-26 15:58","667","저조"
"SO_0565","향화도항","2026-11-26 21:46","95","고조"
"SO_0565","향화도항","2026-11-27 04:04","550","저조"
"SO_0565","향화도항","2026-11-27 09:37","-1","고조"
"SO_0565","향화도항","2026-11-27 16:46","659","저조"
"SO_0565","향화도항","2026-11-27 22:32","111","고조"
"SO_0565","향화도항","2026-11-28 04:51","536","저조"
"SO_0565","향화도항","2026-11-28 10:22","18","고조"
"SO_0565","향화도항","2026-11-27 04:04","550","저조"
"SO_0565","향화도항","2026-11-27 09:37","-1","고조"
"SO_0565","향화도항","2026-11-27 16:46","659","저조"
"SO_0565","향화도항","2026-11-27 22:32","111","고조"
"SO_0565","향화도항","2026-11-28 04:51","536","저조"
"SO_0565","향화도항","2026-11-28 10:22","18","고조"
"SO_0565","향화도항","2026-11-28 17:35","639","저조"
"SO_0565","향화도항","2026-11-28 23:21","131","고조"
"SO_0565","향화도항","2026-11-29 05:40","518","저조"
"SO_0565","향화도항","2026-11-29 11:10","48","고조"
"SO_0565","향화도항","2026-11-28 04:51","536","저조"
"SO_0565","향화도항","2026-11-28 10:22","18","고조"
"SO_0565","향화도항","2026-11-28 17:35","639","저조"
"SO_0565","향화도항","2026-11-28 23:21","131","고조"
"SO_0565","향화도항","2026-11-29 05:40","518","저조"
"SO_0565","향화도항","2026-11-29 11:10","48","고조"
"SO_0565","향화도항","2026-11-29 18:26","609","저조"
"SO_0565","향화도항","2026-11-30 00:13","151","고조"
"SO_0565","향화도항","2026-11-30 06:32","497","저조"
"SO_0565","향화도항","2026-11-30 12:03","87","고조"
"SO_0565","향화도항","2026-11-29 05:40","518","저조"
"SO_0565","향화도항","2026-11-29 11:10","48","고조"
"SO_0565","향화도항","2026-11-29 18:26","609","저조"
"SO_0565","향화도항","2026-11-30 00:13","151","고조"
"SO_0565","향화도항","2026-11-30 06:32","497","저조"
"SO_0565","향화도항","2026-11-30 12:03","87","고조"
"SO_0565","향화도항","2026-11-30 19:20","573","저조"
"SO_0565","향화도항","2026-12-01 01:12","167","고조"
"SO_0565","향화도항","2026-12-01 07:31","478","저조"
"SO_0565","향화도항","2026-12-01 13:08","130","고조"
"SO_0565","향화도항","2026-11-30 00:13","151","고조"
"SO_0565","향화도항","2026-11-30 06:32","497","저조"
"SO_0565","향화도항","2026-11-30 12:03","87","고조"
"SO_0565","향화도항","2026-11-30 19:20","573","저조"
"SO_0565","향화도항","2026-12-01 01:12","167","고조"
"SO_0565","향화도항","2026-12-01 07:31","478","저조"
"SO_0565","향화도항","2026-12-01 13:08","130","고조"
"SO_0565","향화도항","2026-12-01 20:17","534","저조"
"SO_0565","향화도항","2026-12-02 02:19","173","고조"
"SO_0565","향화도항","2026-12-02 08:37","466","저조"
"SO_0565","향화도항","2026-12-01 01:12","167","고조"
"SO_0565","향화도항","2026-12-01 07:31","478","저조"
"SO_0565","향화도항","2026-12-01 13:08","130","고조"
"SO_0565","향화도항","2026-12-01 20:17","534","저조"
"SO_0565","향화도항","2026-12-02 02:19","173","고조"
"SO_0565","향화도항","2026-12-02 08:37","466","저조"
"SO_0565","향화도항","2026-12-02 14:28","165","고조"
"SO_0565","향화도항","2026-12-02 21:19","502","저조"
"SO_0565","향화도항","2026-12-03 03:30","167","고조"
"SO_0565","향화도항","2026-12-03 09:53","469","저조"
"SO_0565","향화도항","2026-12-02 02:19","173","고조"
"SO_0565","향화도항","2026-12-02 08:37","466","저조"
"SO_0565","향화도항","2026-12-02 14:28","165","고조"
"SO_0565","향화도항","2026-12-02 21:19","502","저조"
"SO_0565","향화도항","2026-12-03 03:30","167","고조"
"SO_0565","향화도항","2026-12-03 09:53","469","저조"
"SO_0565","향화도항","2026-12-03 15:58","182","고조"
"SO_0565","향화도항","2026-12-03 22:26","481","저조"
"SO_0565","향화도항","2026-12-04 04:36","147","고조"
"SO_0565","향화도항","2026-12-04 11:09","492","저조"
"SO_0565","향화도항","2026-12-03 03:30","167","고조"
"SO_0565","향화도항","2026-12-03 09:53","469","저조"
"SO_0565","향화도항","2026-12-03 15:58","182","고조"
"SO_0565","향화도항","2026-12-03 22:26","481","저조"
"SO_0565","향화도항","2026-12-04 04:36","147","고조"
"SO_0565","향화도항","2026-12-04 11:09","492","저조"
"SO_0565","향화도항","2026-12-04 17:15","179","고조"
"SO_0565","향화도항","2026-12-04 23:29","476","저조"
"SO_0565","향화도항","2026-12-05 05:33","122","고조"
"SO_0565","향화도항","2026-12-05 12:13","523","저조"
"SO_0565","향화도항","2026-12-04 04:36","147","고조"
"SO_0565","향화도항","2026-12-04 11:09","492","저조"
"SO_0565","향화도항","2026-12-04 17:15","179","고조"
"SO_0565","향화도항","2026-12-04 23:29","476","저조"
"SO_0565","향화도항","2026-12-05 05:33","122","고조"
"SO_0565","향화도항","2026-12-05 12:13","523","저조"
"SO_0565","향화도항","2026-12-05 18:15","168","고조"
"SO_0565","향화도항","2026-12-06 00:23","480","저조"
"SO_0565","향화도항","2026-12-06 06:20","99","고조"
"SO_0565","향화도항","2026-12-06 13:05","551","저조"
"SO_0565","향화도항","2026-12-05 05:33","122","고조"
"SO_0565","향화도항","2026-12-05 12:13","523","저조"
"SO_0565","향화도항","2026-12-05 18:15","168","고조"
"SO_0565","향화도항","2026-12-06 00:23","480","저조"
"SO_0565","향화도항","2026-12-06 06:20","99","고조"
"SO_0565","향화도항","2026-12-06 13:05","551","저조"
"SO_0565","향화도항","2026-12-06 19:04","155","고조"
"SO_0565","향화도항","2026-12-07 01:10","487","저조"
"SO_0565","향화도항","2026-12-07 07:01","81","고조"
"SO_0565","향화도항","2026-12-07 13:51","569","저조"
"SO_0565","향화도항","2026-12-06 00:23","480","저조"
"SO_0565","향화도항","2026-12-06 06:20","99","고조"
"SO_0565","향화도항","2026-12-06 13:05","551","저조"
"SO_0565","향화도항","2026-12-06 19:04","155","고조"
"SO_0565","향화도항","2026-12-07 01:10","487","저조"
"SO_0565","향화도항","2026-12-07 07:01","81","고조"
"SO_0565","향화도항","2026-12-07 13:51","569","저조"
"SO_0565","향화도항","2026-12-07 19:45","145","고조"
"SO_0565","향화도항","2026-12-08 01:51","493","저조"
"SO_0565","향화도항","2026-12-08 07:37","71","고조"
"SO_0565","향화도항","2026-12-07 01:10","487","저조"
"SO_0565","향화도항","2026-12-07 07:01","81","고조"
"SO_0565","향화도항","2026-12-07 13:51","569","저조"
"SO_0565","향화도항","2026-12-07 19:45","145","고조"
"SO_0565","향화도항","2026-12-08 01:51","493","저조"
"SO_0565","향화도항","2026-12-08 07:37","71","고조"
"SO_0565","향화도항","2026-12-08 14:32","577","저조"
"SO_0565","향화도항","2026-12-08 20:23","137","고조"
"SO_0565","향화도항","2026-12-09 02:29","497","저조"
"SO_0565","향화도항","2026-12-09 08:10","66","고조"
"SO_0565","향화도항","2026-12-08 01:51","493","저조"
"SO_0565","향화도항","2026-12-08 07:37","71","고조"
"SO_0565","향화도항","2026-12-08 14:32","577","저조"
"SO_0565","향화도항","2026-12-08 20:23","137","고조"
"SO_0565","향화도항","2026-12-09 02:29","497","저조"
"SO_0565","향화도항","2026-12-09 08:10","66","고조"
"SO_0565","향화도항","2026-12-09 15:10","579","저조"
"SO_0565","향화도항","2026-12-09 20:58","133","고조"
"SO_0565","향화도항","2026-12-10 03:04","497","저조"
"SO_0565","향화도항","2026-12-10 08:41","64","고조"
"SO_0565","향화도항","2026-12-09 02:29","497","저조"
"SO_0565","향화도항","2026-12-09 08:10","66","고조"
"SO_0565","향화도항","2026-12-09 15:10","579","저조"
"SO_0565","향화도항","2026-12-09 20:58","133","고조"
"SO_0565","향화도항","2026-12-10 03:04","497","저조"
"SO_0565","향화도항","2026-12-10 08:41","64","고조"
"SO_0565","향화도항","2026-12-10 15:46","577","저조"
"SO_0565","향화도항","2026-12-10 21:32","131","고조"
"SO_0565","향화도항","2026-12-11 03:38","495","저조"
"SO_0565","향화도항","2026-12-11 09:11","63","고조"
"SO_0565","향화도항","2026-12-10 03:04","497","저조"
"SO_0565","향화도항","2026-12-10 08:41","64","고조"
"SO_0565","향화도항","2026-12-10 15:46","577","저조"
"SO_0565","향화도항","2026-12-10 21:32","131","고조"
"SO_0565","향화도항","2026-12-11 03:38","495","저조"
"SO_0565","향화도항","2026-12-11 09:11","63","고조"
"SO_0565","향화도항","2026-12-11 16:20","573","저조"
"SO_0565","향화도항","2026-12-11 22:05","131","고조"
"SO_0565","향화도항","2026-12-12 04:11","490","저조"
"SO_0565","향화도항","2026-12-12 09:42","63","고조"
"SO_0565","향화도항","2026-12-11 03:38","495","저조"
"SO_0565","향화도항","2026-12-11 09:11","63","고조"
"SO_0565","향화도항","2026-12-11 16:20","573","저조"
"SO_0565","향화도항","2026-12-11 22:05","131","고조"
"SO_0565","향화도항","2026-12-12 04:11","490","저조"
"SO_0565","향화도항","2026-12-12 09:42","63","고조"
"SO_0565","향화도항","2026-12-12 16:53","568","저조"
"SO_0565","향화도항","2026-12-12 22:37","135","고조"
"SO_0565","향화도항","2026-12-13 04:46","483","저조"
"SO_0565","향화도항","2026-12-13 10:15","67","고조"
"SO_0565","향화도항","2026-12-12 04:11","490","저조"
"SO_0565","향화도항","2026-12-12 09:42","63","고조"
"SO_0565","향화도항","2026-12-12 16:53","568","저조"
"SO_0565","향화도항","2026-12-12 22:37","135","고조"
"SO_0565","향화도항","2026-12-13 04:46","483","저조"
"SO_0565","향화도항","2026-12-13 10:15","67","고조"
"SO_0565","향화도항","2026-12-13 17:27","560","저조"
"SO_0565","향화도항","2026-12-13 23:11","141","고조"
"SO_0565","향화도항","2026-12-14 05:22","474","저조"
"SO_0565","향화도항","2026-12-14 10:50","78","고조"
"SO_0565","향화도항","2026-12-13 04:46","483","저조"
"SO_0565","향화도항","2026-12-13 10:15","67","고조"
"SO_0565","향화도항","2026-12-13 17:27","560","저조"
"SO_0565","향화도항","2026-12-13 23:11","141","고조"
"SO_0565","향화도항","2026-12-14 05:22","474","저조"
"SO_0565","향화도항","2026-12-14 10:50","78","고조"
"SO_0565","향화도항","2026-12-14 18:02","547","저조"
"SO_0565","향화도항","2026-12-14 23:47","149","고조"
"SO_0565","향화도항","2026-12-15 06:02","463","저조"
"SO_0565","향화도항","2026-12-15 11:29","97","고조"
"SO_0565","향화도항","2026-12-14 05:22","474","저조"
"SO_0565","향화도항","2026-12-14 10:50","78","고조"
"SO_0565","향화도항","2026-12-14 18:02","547","저조"
"SO_0565","향화도항","2026-12-14 23:47","149","고조"
"SO_0565","향화도항","2026-12-15 06:02","463","저조"
"SO_0565","향화도항","2026-12-15 11:29","97","고조"
"SO_0565","향화도항","2026-12-15 18:40","527","저조"
"SO_0565","향화도항","2026-12-16 00:27","156","고조"
"SO_0565","향화도항","2026-12-16 06:46","452","저조"
"SO_0565","향화도항","2026-12-16 12:14","126","고조"
"SO_0565","향화도항","2026-12-15 06:02","463","저조"
"SO_0565","향화도항","2026-12-15 11:29","97","고조"
"SO_0565","향화도항","2026-12-15 18:40","527","저조"
"SO_0565","향화도항","2026-12-16 00:27","156","고조"
"SO_0565","향화도항","2026-12-16 06:46","452","저조"
"SO_0565","향화도항","2026-12-16 12:14","126","고조"
"SO_0565","향화도항","2026-12-16 19:23","503","저조"
"SO_0565","향화도항","2026-12-17 01:15","162","고조"
"SO_0565","향화도항","2026-12-17 07:39","443","저조"
"SO_0565","향화도항","2026-12-17 13:10","159","고조"
"SO_0565","향화도항","2026-12-16 00:27","156","고조"
"SO_0565","향화도항","2026-12-16 06:46","452","저조"
"SO_0565","향화도항","2026-12-16 12:14","126","고조"
"SO_0565","향화도항","2026-12-16 19:23","503","저조"
"SO_0565","향화도항","2026-12-17 01:15","162","고조"
"SO_0565","향화도항","2026-12-17 07:39","443","저조"
"SO_0565","향화도항","2026-12-17 13:10","159","고조"
"SO_0565","향화도항","2026-12-17 20:12","477","저조"
"SO_0565","향화도항","2026-12-18 02:12","160","고조"
"SO_0565","향화도항","2026-12-18 08:42","442","저조"
"SO_0565","향화도항","2026-12-17 01:15","162","고조"
"SO_0565","향화도항","2026-12-17 07:39","443","저조"
"SO_0565","향화도항","2026-12-17 13:10","159","고조"
"SO_0565","향화도항","2026-12-17 20:12","477","저조"
"SO_0565","향화도항","2026-12-18 02:12","160","고조"
"SO_0565","향화도항","2026-12-18 08:42","442","저조"
"SO_0565","향화도항","2026-12-18 14:26","187","고조"
"SO_0565","향화도항","2026-12-18 21:12","457","저조"
"SO_0565","향화도항","2026-12-19 03:18","147","고조"
"SO_0565","향화도항","2026-12-19 09:57","456","저조"
"SO_0565","향화도항","2026-12-18 02:12","160","고조"
"SO_0565","향화도항","2026-12-18 08:42","442","저조"
"SO_0565","향화도항","2026-12-18 14:26","187","고조"
"SO_0565","향화도항","2026-12-18 21:12","457","저조"
"SO_0565","향화도항","2026-12-19 03:18","147","고조"
"SO_0565","향화도항","2026-12-19 09:57","456","저조"
"SO_0565","향화도항","2026-12-19 15:58","196","고조"
"SO_0565","향화도항","2026-12-19 22:20","448","저조"
"SO_0565","향화도항","2026-12-20 04:23","122","고조"
"SO_0565","향화도항","2026-12-20 11:11","489","저조"
"SO_0565","향화도항","2026-12-19 03:18","147","고조"
"SO_0565","향화도항","2026-12-19 09:57","456","저조"
"SO_0565","향화도항","2026-12-19 15:58","196","고조"
"SO_0565","향화도항","2026-12-19 22:20","448","저조"
"SO_0565","향화도항","2026-12-20 04:23","122","고조"
"SO_0565","향화도항","2026-12-20 11:11","489","저조"
"SO_0565","향화도항","2026-12-20 17:17","182","고조"
"SO_0565","향화도항","2026-12-20 23:28","455","저조"
"SO_0565","향화도항","2026-12-21 05:22","89","고조"
"SO_0565","향화도항","2026-12-21 12:17","533","저조"
"SO_0565","향화도항","2026-12-20 04:23","122","고조"
"SO_0565","향화도항","2026-12-20 11:11","489","저조"
"SO_0565","향화도항","2026-12-20 17:17","182","고조"
"SO_0565","향화도항","2026-12-20 23:28","455","저조"
"SO_0565","향화도항","2026-12-21 05:22","89","고조"
"SO_0565","향화도항","2026-12-21 12:17","533","저조"
"SO_0565","향화도항","2026-12-21 18:21","157","고조"
"SO_0565","향화도항","2026-12-22 00:29","473","저조"
"SO_0565","향화도항","2026-12-22 06:18","54","고조"
"SO_0565","향화도항","2026-12-22 13:15","577","저조"
"SO_0565","향화도항","2026-12-21 05:22","89","고조"
"SO_0565","향화도항","2026-12-21 12:17","533","저조"
"SO_0565","향화도항","2026-12-21 18:21","157","고조"
"SO_0565","향화도항","2026-12-22 00:29","473","저조"
"SO_0565","향화도항","2026-12-22 06:18","54","고조"
"SO_0565","향화도항","2026-12-22 13:15","577","저조"
"SO_0565","향화도항","2026-12-22 19:17","130","고조"
"SO_0565","향화도항","2026-12-23 01:24","496","저조"
"SO_0565","향화도항","2026-12-23 07:09","22","고조"
"SO_0565","향화도항","2026-12-23 14:08","614","저조"
"SO_0565","향화도항","2026-12-22 00:29","473","저조"
"SO_0565","향화도항","2026-12-22 06:18","54","고조"
"SO_0565","향화도항","2026-12-22 13:15","577","저조"
"SO_0565","향화도항","2026-12-22 19:17","130","고조"
"SO_0565","향화도항","2026-12-23 01:24","496","저조"
"SO_0565","향화도항","2026-12-23 07:09","22","고조"
"SO_0565","향화도항","2026-12-23 14:08","614","저조"
"SO_0565","향화도항","2026-12-23 20:08","107","고조"
"SO_0565","향화도항","2026-12-24 02:16","516","저조"
"SO_0565","향화도항","2026-12-24 07:59","-3","고조"
"SO_0565","향화도항","2026-12-23 01:24","496","저조"
"SO_0565","향화도항","2026-12-23 07:09","22","고조"
"SO_0565","향화도항","2026-12-23 14:08","614","저조"
"SO_0565","향화도항","2026-12-23 20:08","107","고조"
"SO_0565","향화도항","2026-12-24 02:16","516","저조"
"SO_0565","향화도항","2026-12-24 07:59","-3","고조"
"SO_0565","향화도항","2026-12-24 15:00","641","저조"
"SO_0565","향화도항","2026-12-24 20:55","90","고조"
"SO_0565","향화도항","2026-12-25 03:06","533","저조"
"SO_0565","향화도항","2026-12-25 08:46","-18","고조"
"SO_0565","향화도항","2026-12-24 02:16","516","저조"
"SO_0565","향화도항","2026-12-24 07:59","-3","고조"
"SO_0565","향화도항","2026-12-24 15:00","641","저조"
"SO_0565","향화도항","2026-12-24 20:55","90","고조"
"SO_0565","향화도항","2026-12-25 03:06","533","저조"
"SO_0565","향화도항","2026-12-25 08:46","-18","고조"
"SO_0565","향화도항","2026-12-25 15:49","656","저조"
"SO_0565","향화도항","2026-12-25 21:40","81","고조"
"SO_0565","향화도항","2026-12-26 03:55","544","저조"
"SO_0565","향화도항","2026-12-26 09:33","-22","고조"
"SO_0565","향화도항","2026-12-25 03:06","533","저조"
"SO_0565","향화도항","2026-12-25 08:46","-18","고조"
"SO_0565","향화도항","2026-12-25 15:49","656","저조"
"SO_0565","향화도항","2026-12-25 21:40","81","고조"
"SO_0565","향화도항","2026-12-26 03:55","544","저조"
"SO_0565","향화도항","2026-12-26 09:33","-22","고조"
"SO_0565","향화도항","2026-12-26 16:38","659","저조"
"SO_0565","향화도항","2026-12-26 22:25","79","고조"
"SO_0565","향화도항","2026-12-27 04:43","550","저조"
"SO_0565","향화도항","2026-12-27 10:19","-13","고조"
"SO_0565","향화도항","2026-12-26 03:55","544","저조"
"SO_0565","향화도항","2026-12-26 09:33","-22","고조"
"SO_0565","향화도항","2026-12-26 16:38","659","저조"
"SO_0565","향화도항","2026-12-26 22:25","79","고조"
"SO_0565","향화도항","2026-12-27 04:43","550","저조"
"SO_0565","향화도항","2026-12-27 10:19","-13","고조"
"SO_0565","향화도항","2026-12-27 17:24","647","저조"
"SO_0565","향화도항","2026-12-27 23:08","83","고조"
"SO_0565","향화도항","2026-12-28 05:30","548","저조"
"SO_0565","향화도항","2026-12-28 11:04","11","고조"
"SO_0565","향화도항","2026-12-27 04:43","550","저조"
"SO_0565","향화도항","2026-12-27 10:19","-13","고조"
"SO_0565","향화도항","2026-12-27 17:24","647","저조"
"SO_0565","향화도항","2026-12-27 23:08","83","고조"
"SO_0565","향화도항","2026-12-28 05:30","548","저조"
"SO_0565","향화도항","2026-12-28 11:04","11","고조"
"SO_0565","향화도항","2026-12-28 18:09","622","저조"
"SO_0565","향화도항","2026-12-28 23:51","92","고조"
"SO_0565","향화도항","2026-12-29 06:19","538","저조"
"SO_0565","향화도항","2026-12-29 11:51","48","고조"
"SO_0565","향화도항","2026-12-28 05:30","548","저조"
"SO_0565","향화도항","2026-12-28 11:04","11","고조"
"SO_0565","향화도항","2026-12-28 18:09","622","저조"
"SO_0565","향화도항","2026-12-28 23:51","92","고조"
"SO_0565","향화도항","2026-12-29 06:19","538","저조"
"SO_0565","향화도항","2026-12-29 11:51","48","고조"
"SO_0565","향화도항","2026-12-29 18:53","584","저조"
"SO_0565","향화도항","2026-12-30 00:36","106","고조"
"SO_0565","향화도항","2026-12-30 07:08","520","저조"
"SO_0565","향화도항","2026-12-30 12:41","96","고조"
"SO_0565","향화도항","2026-12-29 06:19","538","저조"
"SO_0565","향화도항","2026-12-29 11:51","48","고조"
"SO_0565","향화도항","2026-12-29 18:53","584","저조"
"SO_0565","향화도항","2026-12-30 00:36","106","고조"
"SO_0565","향화도항","2026-12-30 07:08","520","저조"
"SO_0565","향화도항","2026-12-30 12:41","96","고조"
"SO_0565","향화도항","2026-12-30 19:39","537","저조"
"SO_0565","향화도항","2027-01-09 00:00","111","고조"
"SO_0565","향화도항","2027-01-09 00:00","592","저조"
"SO_0565","향화도항","2027-01-09 00:00","74","고조"
"SO_0565","향화도항","2026-12-30 00:36","106","고조"
"SO_0565","향화도항","2026-12-30 07:08","520","저조"
"SO_0565","향화도항","2026-12-30 12:41","96","고조"
"SO_0565","향화도항","2026-12-30 19:39","537","저조"
"SO_0565","향화도항","2027-01-09 00:00","612","저조"
"SO_0565","향화도항","2027-01-09 00:00","592","저조"
"SO_0565","향화도항","2027-01-09 00:00","74","고조"
"SO_0565","향화도항","2027-01-09 00:00","111","고조"
"SO_0565","향화도항","2027-01-10 00:00","536","저조"
"SO_0565","향화도항","2027-01-10 00:00","149","고조"
"SO_1283","사천진항","2025-12-31 06:40","-3","고조"
"SO_1283","사천진항","2025-12-31 13:57","15","저조"
"SO_1283","사천진항","2025-12-31 17:54","13","고조"
"SO_1283","사천진항","2025-12-31 23:55","25","저조"
"SO_1283","사천진항","2026-01-01 07:36","-5","고조"
"SO_1283","사천진항","2026-01-01 15:03","18","저조"
"SO_1283","사천진항","2026-01-01 19:00","15","고조"
"SO_1283","사천진항","2026-01-02 00:48","29","저조"
"SO_1283","사천진항","2026-01-02 08:31","-7","고조"
"SO_1283","사천진항","2026-01-02 16:05","20","저조"
"SO_1283","사천진항","2026-01-01 07:36","-5","고조"
"SO_1283","사천진항","2026-01-01 15:03","18","저조"
"SO_1283","사천진항","2026-01-01 19:00","15","고조"
"SO_1283","사천진항","2026-01-02 00:48","29","저조"
"SO_1283","사천진항","2026-01-02 08:31","-7","고조"
"SO_1283","사천진항","2026-01-02 16:05","20","저조"
"SO_1283","사천진항","2026-01-02 19:48","16","고조"
"SO_1283","사천진항","2026-01-03 01:38","32","저조"
"SO_1283","사천진항","2026-01-03 09:27","-8","고조"
"SO_1283","사천진항","2026-01-03 16:47","20","저조"
"SO_1283","사천진항","2026-01-02 00:48","29","저조"
"SO_1283","사천진항","2026-01-02 08:31","-7","고조"
"SO_1283","사천진항","2026-01-02 16:05","20","저조"
"SO_1283","사천진항","2026-01-02 19:48","16","고조"
"SO_1283","사천진항","2026-01-03 01:38","32","저조"
"SO_1283","사천진항","2026-01-03 09:27","-8","고조"
"SO_1283","사천진항","2026-01-03 16:47","20","저조"
"SO_1283","사천진항","2026-01-03 20:36","16","고조"
"SO_1283","사천진항","2026-01-04 02:28","33","저조"
"SO_1283","사천진항","2026-01-04 10:19","-9","고조"
"SO_1283","사천진항","2026-01-03 01:38","32","저조"
"SO_1283","사천진항","2026-01-03 09:27","-8","고조"
"SO_1283","사천진항","2026-01-03 16:47","20","저조"
"SO_1283","사천진항","2026-01-03 20:36","16","고조"
"SO_1283","사천진항","2026-01-04 02:28","33","저조"
"SO_1283","사천진항","2026-01-04 10:19","-9","고조"
"SO_1283","사천진항","2026-01-04 17:22","20","저조"
"SO_1283","사천진항","2026-01-04 21:28","16","고조"
"SO_1283","사천진항","2026-01-05 03:18","33","저조"
"SO_1283","사천진항","2026-01-05 11:07","-9","고조"
"SO_1283","사천진항","2026-01-04 02:28","33","저조"
"SO_1283","사천진항","2026-01-04 10:19","-9","고조"
"SO_1283","사천진항","2026-01-04 17:22","20","저조"
"SO_1283","사천진항","2026-01-04 21:28","16","고조"
"SO_1283","사천진항","2026-01-05 03:18","33","저조"
"SO_1283","사천진항","2026-01-05 11:07","-9","고조"
"SO_1283","사천진항","2026-01-05 17:55","19","저조"
"SO_1283","사천진항","2026-01-05 22:24","14","고조"
"SO_1283","사천진항","2026-01-06 04:08","32","저조"
"SO_1283","사천진항","2026-01-06 11:50","-8","고조"
"SO_1283","사천진항","2026-01-05 03:18","33","저조"
"SO_1283","사천진항","2026-01-05 11:07","-9","고조"
"SO_1283","사천진항","2026-01-05 17:55","19","저조"
"SO_1283","사천진항","2026-01-05 22:24","14","고조"
"SO_1283","사천진항","2026-01-06 04:08","32","저조"
"SO_1283","사천진항","2026-01-06 11:50","-8","고조"
"SO_1283","사천진항","2026-01-06 18:26","18","저조"
"SO_1283","사천진항","2026-01-06 23:19","11","고조"
"SO_1283","사천진항","2026-01-07 04:56","28","저조"
"SO_1283","사천진항","2026-01-07 12:30","-6","고조"
"SO_1283","사천진항","2026-01-06 04:08","32","저조"
"SO_1283","사천진항","2026-01-06 11:50","-8","고조"
"SO_1283","사천진항","2026-01-06 18:26","18","저조"
"SO_1283","사천진항","2026-01-06 23:19","11","고조"
"SO_1283","사천진항","2026-01-07 04:56","28","저조"
"SO_1283","사천진항","2026-01-07 12:30","-6","고조"
"SO_1283","사천진항","2026-01-07 18:57","16","저조"
"SO_1283","사천진항","2026-01-08 00:12","9","고조"
"SO_1283","사천진항","2026-01-08 05:44","24","저조"
"SO_1283","사천진항","2026-01-08 13:06","-4","고조"
"SO_1283","사천진항","2026-01-07 04:56","28","저조"
"SO_1283","사천진항","2026-01-07 12:30","-6","고조"
"SO_1283","사천진항","2026-01-07 18:57","16","저조"
"SO_1283","사천진항","2026-01-08 00:12","9","고조"
"SO_1283","사천진항","2026-01-08 05:44","24","저조"
"SO_1283","사천진항","2026-01-08 13:06","-4","고조"
"SO_1283","사천진항","2026-01-08 19:29","15","저조"
"SO_1283","사천진항","2026-01-09 00:00","29","저조"
"SO_1283","사천진항","2026-01-09 00:00","28","저조"
"SO_1283","사천진항","2026-01-09 00:00","14","고조"
"SO_1283","사천진항","2026-01-08 00:12","9","고조"
"SO_1283","사천진항","2026-01-08 05:44","24","저조"
"SO_1283","사천진항","2026-01-08 13:06","-4","고조"
"SO_1283","사천진항","2026-01-08 19:29","15","저조"
"SO_1283","사천진항","2026-01-09 00:00","14","고조"
"SO_1283","사천진항","2026-01-09 00:00","28","저조"
"SO_1283","사천진항","2026-01-09 00:00","29","저조"
"SO_1283","사천진항","2026-01-09 00:00","8","고조"
"SO_1283","사천진항","2026-01-09 01:09","7","고조"
"SO_1283","사천진항","2026-01-09 06:31","19","저조"
"SO_1283","사천진항","2026-01-09 00:00","29","저조"
"SO_1283","사천진항","2026-01-09 00:00","14","고조"
"SO_1283","사천진항","2026-01-09 00:00","8","고조"
"SO_1283","사천진항","2026-01-09 00:00","28","저조"
"SO_1283","사천진항","2026-01-09 01:09","7","고조"
"SO_1283","사천진항","2026-01-09 06:31","19","저조"
"SO_1283","사천진항","2026-01-09 13:38","-1","고조"
"SO_1283","사천진항","2026-01-09 20:04","14","저조"
"SO_1283","사천진항","2026-01-10 00:00","26","저조"
"SO_1283","사천진항","2026-01-10 00:00","","고조"
"SO_1283","사천진항","2026-01-10 00:00","","고조"
"SO_1283","사천진항","2026-01-10 00:00","14","고조"
"SO_1283","사천진항","2026-01-10 00:00","26","저조"
"SO_1283","사천진항","2026-01-10 00:00","20","저조"
"SO_1283","사천진항","2026-01-10 02:19","5","고조"
"SO_1283","사천진항","2026-01-10 07:22","14","저조"
"SO_1283","사천진항","2026-01-10 14:02","3","고조"
"SO_1283","사천진항","2026-01-10 20:42","14","저조"
"SO_1283","사천진항","2026-01-11 03:53","4","고조"
"SO_1283","사천진항","2026-01-11 08:35","10","저조"
"SO_1283","사천진항","2026-01-11 03:53","4","고조"
"SO_1283","사천진항","2026-01-11 08:35","10","저조"
"SO_1283","사천진항","2026-01-11 14:06","6","고조"
"SO_1283","사천진항","2026-01-11 21:33","15","저조"
"SO_1283","사천진항","2026-01-12 05:11","2","고조"
"SO_1283","사천진항","2026-01-12 22:30","17","저조"
"SO_1283","사천진항","2026-01-13 06:09","1","고조"
"SO_1283","사천진항","2026-01-13 23:17","19","저조"
"SO_1283","사천진항","2026-01-14 06:59","","고조"
"SO_1283","사천진항","2026-01-14 23:56","21","저조"
"SO_1283","사천진항","2026-01-12 05:11","2","고조"
"SO_1283","사천진항","2026-01-12 22:30","17","저조"
"SO_1283","사천진항","2026-01-13 06:09","1","고조"
"SO_1283","사천진항","2026-01-13 23:17","19","저조"
"SO_1283","사천진항","2026-01-14 06:59","","고조"
"SO_1283","사천진항","2026-01-14 23:56","21","저조"
"SO_1283","사천진항","2026-01-15 07:45","-1","고조"
"SO_1283","사천진항","2026-01-16 00:33","23","저조"
"SO_1283","사천진항","2026-01-16 08:27","-1","고조"
"SO_1283","사천진항","2026-01-16 16:32","17","저조"
"SO_1283","사천진항","2026-01-13 06:09","1","고조"
"SO_1283","사천진항","2026-01-13 23:17","19","저조"
"SO_1283","사천진항","2026-01-14 06:59","","고조"
"SO_1283","사천진항","2026-01-14 23:56","21","저조"
"SO_1283","사천진항","2026-01-15 07:45","-1","고조"
"SO_1283","사천진항","2026-01-16 00:33","23","저조"
"SO_1283","사천진항","2026-01-16 08:27","-1","고조"
"SO_1283","사천진항","2026-01-16 16:32","17","저조"
"SO_1283","사천진항","2026-01-16 19:04","16","고조"
"SO_1283","사천진항","2026-01-17 01:10","25","저조"
"SO_1283","사천진항","2026-01-14 06:59","","고조"
"SO_1283","사천진항","2026-01-14 23:56","21","저조"
"SO_1283","사천진항","2026-01-15 07:45","-1","고조"
"SO_1283","사천진항","2026-01-16 00:33","23","저조"
"SO_1283","사천진항","2026-01-16 08:27","-1","고조"
"SO_1283","사천진항","2026-01-16 16:32","17","저조"
"SO_1283","사천진항","2026-01-16 19:04","16","고조"
"SO_1283","사천진항","2026-01-17 01:10","25","저조"
"SO_1283","사천진항","2026-01-17 09:07","-2","고조"
"SO_1283","사천진항","2026-01-17 16:37","17","저조"
"SO_1283","사천진항","2026-01-15 07:45","-1","고조"
"SO_1283","사천진항","2026-01-16 00:33","23","저조"
"SO_1283","사천진항","2026-01-16 08:27","-1","고조"
"SO_1283","사천진항","2026-01-16 16:32","17","저조"
"SO_1283","사천진항","2026-01-16 19:04","16","고조"
"SO_1283","사천진항","2026-01-17 01:10","25","저조"
"SO_1283","사천진항","2026-01-17 09:07","-2","고조"
"SO_1283","사천진항","2026-01-17 16:37","17","저조"
"SO_1283","사천진항","2026-01-17 19:41","15","고조"
"SO_1283","사천진항","2026-01-18 01:48","26","저조"
"SO_1283","사천진항","2026-01-16 00:33","23","저조"
"SO_1283","사천진항","2026-01-16 08:27","-1","고조"
"SO_1283","사천진항","2026-01-16 16:32","17","저조"
"SO_1283","사천진항","2026-01-16 19:04","16","고조"
"SO_1283","사천진항","2026-01-17 01:10","25","저조"
"SO_1283","사천진항","2026-01-17 09:07","-2","고조"
"SO_1283","사천진항","2026-01-17 16:37","17","저조"
"SO_1283","사천진항","2026-01-17 19:41","15","고조"
"SO_1283","사천진항","2026-01-18 01:48","26","저조"
"SO_1283","사천진항","2026-01-18 09:42","-4","고조"
"SO_1283","사천진항","2026-01-17 01:10","25","저조"
"SO_1283","사천진항","2026-01-17 09:07","-2","고조"
"SO_1283","사천진항","2026-01-17 16:37","17","저조"
"SO_1283","사천진항","2026-01-17 19:41","15","고조"
"SO_1283","사천진항","2026-01-18 01:48","26","저조"
"SO_1283","사천진항","2026-01-18 09:42","-4","고조"
"SO_1283","사천진항","2026-01-18 16:51","17","저조"
"SO_1283","사천진항","2026-01-18 20:20","14","고조"
"SO_1283","사천진항","2026-01-19 02:27","27","저조"
"SO_1283","사천진항","2026-01-19 10:15","-5","고조"
"SO_1283","사천진항","2026-01-18 01:48","26","저조"
"SO_1283","사천진항","2026-01-18 09:42","-4","고조"
"SO_1283","사천진항","2026-01-18 16:51","17","저조"
"SO_1283","사천진항","2026-01-18 20:20","14","고조"
"SO_1283","사천진항","2026-01-19 02:27","27","저조"
"SO_1283","사천진항","2026-01-19 10:15","-5","고조"
"SO_1283","사천진항","2026-01-19 17:05","16","저조"
"SO_1283","사천진항","2026-01-19 21:04","12","고조"
"SO_1283","사천진항","2026-01-20 03:07","27","저조"
"SO_1283","사천진항","2026-01-20 10:46","-7","고조"
"SO_1283","사천진항","2026-01-19 02:27","27","저조"
"SO_1283","사천진항","2026-01-19 10:15","-5","고조"
"SO_1283","사천진항","2026-01-19 17:05","16","저조"
"SO_1283","사천진항","2026-01-19 21:04","12","고조"
"SO_1283","사천진항","2026-01-20 03:07","27","저조"
"SO_1283","사천진항","2026-01-20 10:46","-7","고조"
"SO_1283","사천진항","2026-01-20 17:20","15","저조"
"SO_1283","사천진항","2026-01-20 21:52","10","고조"
"SO_1283","사천진항","2026-01-21 03:48","26","저조"
"SO_1283","사천진항","2026-01-21 11:17","-7","고조"
"SO_1283","사천진항","2026-01-20 03:07","27","저조"
"SO_1283","사천진항","2026-01-20 10:46","-7","고조"
"SO_1283","사천진항","2026-01-20 17:20","15","저조"
"SO_1283","사천진항","2026-01-20 21:52","10","고조"
"SO_1283","사천진항","2026-01-21 03:48","26","저조"
"SO_1283","사천진항","2026-01-21 11:17","-7","고조"
"SO_1283","사천진항","2026-01-21 17:36","15","저조"
"SO_1283","사천진항","2026-01-21 22:40","8","고조"
"SO_1283","사천진항","2026-01-22 04:31","24","저조"
"SO_1283","사천진항","2026-01-22 11:47","-7","고조"
"SO_1283","사천진항","2026-01-21 03:48","26","저조"
"SO_1283","사천진항","2026-01-21 11:17","-7","고조"
"SO_1283","사천진항","2026-01-21 17:36","15","저조"
"SO_1283","사천진항","2026-01-21 22:40","8","고조"
"SO_1283","사천진항","2026-01-22 04:31","24","저조"
"SO_1283","사천진항","2026-01-22 11:47","-7","고조"
"SO_1283","사천진항","2026-01-22 17:57","15","저조"
"SO_1283","사천진항","2026-01-22 23:28","6","고조"
"SO_1283","사천진항","2026-01-23 05:16","22","저조"
"SO_1283","사천진항","2026-01-23 12:16","-5","고조"
"SO_1283","사천진항","2026-01-22 04:31","24","저조"
"SO_1283","사천진항","2026-01-22 11:47","-7","고조"
"SO_1283","사천진항","2026-01-22 17:57","15","저조"
"SO_1283","사천진항","2026-01-22 23:28","6","고조"
"SO_1283","사천진항","2026-01-23 05:16","22","저조"
"SO_1283","사천진항","2026-01-23 12:16","-5","고조"
"SO_1283","사천진항","2026-01-23 18:22","15","저조"
"SO_1283","사천진항","2026-01-24 00:18","4","고조"
"SO_1283","사천진항","2026-01-24 06:04","19","저조"
"SO_1283","사천진항","2026-01-24 12:46","-1","고조"
"SO_1283","사천진항","2026-01-23 05:16","22","저조"
"SO_1283","사천진항","2026-01-23 12:16","-5","고조"
"SO_1283","사천진항","2026-01-23 18:22","15","저조"
"SO_1283","사천진항","2026-01-24 00:18","4","고조"
"SO_1283","사천진항","2026-01-24 06:04","19","저조"
"SO_1283","사천진항","2026-01-24 12:46","-1","고조"
"SO_1283","사천진항","2026-01-24 18:51","17","저조"
"SO_1283","사천진항","2026-01-25 01:11","3","고조"
"SO_1283","사천진항","2026-01-25 06:56","17","저조"
"SO_1283","사천진항","2026-01-25 13:15","3","고조"
"SO_1283","사천진항","2026-01-24 00:18","4","고조"
"SO_1283","사천진항","2026-01-24 06:04","19","저조"
"SO_1283","사천진항","2026-01-24 12:46","-1","고조"
"SO_1283","사천진항","2026-01-24 18:51","17","저조"
"SO_1283","사천진항","2026-01-25 01:11","3","고조"
"SO_1283","사천진항","2026-01-25 06:56","17","저조"
"SO_1283","사천진항","2026-01-25 13:15","3","고조"
"SO_1283","사천진항","2026-01-25 19:24","18","저조"
"SO_1283","사천진항","2026-01-26 02:20","3","고조"
"SO_1283","사천진항","2026-01-26 08:04","14","저조"
"SO_1283","사천진항","2026-01-25 01:11","3","고조"
"SO_1283","사천진항","2026-01-25 06:56","17","저조"
"SO_1283","사천진항","2026-01-25 13:15","3","고조"
"SO_1283","사천진항","2026-01-25 19:24","18","저조"
"SO_1283","사천진항","2026-01-26 02:20","3","고조"
"SO_1283","사천진항","2026-01-26 08:04","14","저조"
"SO_1283","사천진항","2026-01-26 13:43","8","고조"
"SO_1283","사천진항","2026-01-26 20:05","21","저조"
"SO_1283","사천진항","2026-01-27 04:03","2","고조"
"SO_1283","사천진항","2026-01-27 11:12","14","저조"
"SO_1283","사천진항","2026-01-26 02:20","3","고조"
"SO_1283","사천진항","2026-01-26 08:04","14","저조"
"SO_1283","사천진항","2026-01-26 13:43","8","고조"
"SO_1283","사천진항","2026-01-26 20:05","21","저조"
"SO_1283","사천진항","2026-01-27 04:03","2","고조"
"SO_1283","사천진항","2026-01-27 11:12","14","저조"
"SO_1283","사천진항","2026-01-27 14:07","12","고조"
"SO_1283","사천진항","2026-01-27 20:57","23","저조"
"SO_1283","사천진항","2026-01-28 05:27","1","고조"
"SO_1283","사천진항","2026-01-28 22:14","26","저조"
"SO_1283","사천진항","2026-01-27 04:03","2","고조"
"SO_1283","사천진항","2026-01-27 11:12","14","저조"
"SO_1283","사천진항","2026-01-27 14:07","12","고조"
"SO_1283","사천진항","2026-01-27 20:57","23","저조"
"SO_1283","사천진항","2026-01-28 05:27","1","고조"
"SO_1283","사천진항","2026-01-28 22:14","26","저조"
"SO_1283","사천진항","2026-01-29 06:34","-1","고조"
"SO_1283","사천진항","2026-01-29 15:28","19","저조"
"SO_1283","사천진항","2026-01-29 17:42","18","고조"
"SO_1283","사천진항","2026-01-29 23:30","28","저조"
"SO_1283","사천진항","2026-01-28 05:27","1","고조"
"SO_1283","사천진항","2026-01-28 22:14","26","저조"
"SO_1283","사천진항","2026-01-29 06:34","-1","고조"
"SO_1283","사천진항","2026-01-29 15:28","19","저조"
"SO_1283","사천진항","2026-01-29 17:42","18","고조"
"SO_1283","사천진항","2026-01-29 23:30","28","저조"
"SO_1283","사천진항","2026-01-30 07:35","-3","고조"
"SO_1283","사천진항","2026-01-30 15:40","20","저조"
"SO_1283","사천진항","2026-01-30 18:45","18","고조"
"SO_1283","사천진항","2026-01-31 00:33","30","저조"
"SO_1283","사천진항","2026-01-29 06:34","-1","고조"
"SO_1283","사천진항","2026-01-29 15:28","19","저조"
"SO_1283","사천진항","2026-01-29 17:42","18","고조"
"SO_1283","사천진항","2026-01-29 23:30","28","저조"
"SO_1283","사천진항","2026-01-30 07:35","-3","고조"
"SO_1283","사천진항","2026-01-30 15:40","20","저조"
"SO_1283","사천진항","2026-01-30 18:45","18","고조"
"SO_1283","사천진항","2026-01-31 00:33","30","저조"
"SO_1283","사천진항","2026-01-31 08:32","-5","고조"
"SO_1283","사천진항","2026-01-31 15:57","20","저조"
"SO_1283","사천진항","2026-01-30 07:35","-3","고조"
"SO_1283","사천진항","2026-01-30 15:40","20","저조"
"SO_1283","사천진항","2026-01-30 18:45","18","고조"
"SO_1283","사천진항","2026-01-31 00:33","30","저조"
"SO_1283","사천진항","2026-01-31 08:32","-5","고조"
"SO_1283","사천진항","2026-01-31 15:57","20","저조"
"SO_1283","사천진항","2026-01-31 19:40","17","고조"
"SO_1283","사천진항","2026-02-01 01:30","31","저조"
"SO_1283","사천진항","2026-02-01 09:22","-7","고조"
"SO_1283","사천진항","2026-02-01 16:15","20","저조"
"SO_1283","사천진항","2026-01-31 00:33","30","저조"
"SO_1283","사천진항","2026-01-31 08:32","-5","고조"
"SO_1283","사천진항","2026-01-31 15:57","20","저조"
"SO_1283","사천진항","2026-01-31 19:40","17","고조"
"SO_1283","사천진항","2026-02-01 01:30","31","저조"
"SO_1283","사천진항","2026-02-01 09:22","-7","고조"
"SO_1283","사천진항","2026-02-01 16:15","20","저조"
"SO_1283","사천진항","2026-02-01 20:35","14","고조"
"SO_1283","사천진항","2026-02-02 02:24","31","저조"
"SO_1283","사천진항","2026-02-02 10:06","-8","고조"
"SO_1283","사천진항","2026-02-01 01:30","31","저조"
"SO_1283","사천진항","2026-02-01 09:22","-7","고조"
"SO_1283","사천진항","2026-02-01 16:15","20","저조"
"SO_1283","사천진항","2026-02-01 20:35","14","고조"
"SO_1283","사천진항","2026-02-02 02:24","31","저조"
"SO_1283","사천진항","2026-02-02 10:06","-8","고조"
"SO_1283","사천진항","2026-02-02 16:35","18","저조"
"SO_1283","사천진항","2026-02-02 21:28","11","고조"
"SO_1283","사천진항","2026-02-03 03:13","30","저조"
"SO_1283","사천진항","2026-02-03 10:44","-9","고조"
"SO_1283","사천진항","2026-02-02 02:24","31","저조"
"SO_1283","사천진항","2026-02-02 10:06","-8","고조"
"SO_1283","사천진항","2026-02-02 16:35","18","저조"
"SO_1283","사천진항","2026-02-02 21:28","11","고조"
"SO_1283","사천진항","2026-02-03 03:13","30","저조"
"SO_1283","사천진항","2026-02-03 10:44","-9","고조"
"SO_1283","사천진항","2026-02-03 16:57","17","저조"
"SO_1283","사천진항","2026-02-03 22:17","7","고조"
"SO_1283","사천진항","2026-02-04 04:00","27","저조"
"SO_1283","사천진항","2026-02-04 11:17","-8","고조"
"SO_1283","사천진항","2026-02-03 03:13","30","저조"
"SO_1283","사천진항","2026-02-03 10:44","-9","고조"
"SO_1283","사천진항","2026-02-03 16:57","17","저조"
"SO_1283","사천진항","2026-02-03 22:17","7","고조"
"SO_1283","사천진항","2026-02-04 04:00","27","저조"
"SO_1283","사천진항","2026-02-04 11:17","-8","고조"
"SO_1283","사천진항","2026-02-04 17:20","16","저조"
"SO_1283","사천진항","2026-02-04 23:04","4","고조"
"SO_1283","사천진항","2026-02-05 04:44","23","저조"
"SO_1283","사천진항","2026-02-05 11:46","-6","고조"
"SO_1283","사천진항","2026-02-04 04:00","27","저조"
"SO_1283","사천진항","2026-02-04 11:17","-8","고조"
"SO_1283","사천진항","2026-02-04 17:20","16","저조"
"SO_1283","사천진항","2026-02-04 23:04","4","고조"
"SO_1283","사천진항","2026-02-05 04:44","23","저조"
"SO_1283","사천진항","2026-02-05 11:46","-6","고조"
"SO_1283","사천진항","2026-02-05 17:44","16","저조"
"SO_1283","사천진항","2026-02-05 23:50","2","고조"
"SO_1283","사천진항","2026-02-06 05:25","19","저조"
"SO_1283","사천진항","2026-02-06 12:10","-3","고조"
"SO_1283","사천진항","2026-02-05 04:44","23","저조"
"SO_1283","사천진항","2026-02-05 11:46","-6","고조"
"SO_1283","사천진항","2026-02-05 17:44","16","저조"
"SO_1283","사천진항","2026-02-05 23:50","2","고조"
"SO_1283","사천진항","2026-02-06 05:25","19","저조"
"SO_1283","사천진항","2026-02-06 12:10","-3","고조"
"SO_1283","사천진항","2026-02-06 18:08","16","저조"
"SO_1283","사천진항","2026-02-07 00:37","2","고조"
"SO_1283","사천진항","2026-02-07 06:07","15","저조"
"SO_1283","사천진항","2026-02-07 12:26","1","고조"
"SO_1283","사천진항","2026-02-06 05:25","19","저조"
"SO_1283","사천진항","2026-02-06 12:10","-3","고조"
"SO_1283","사천진항","2026-02-06 18:08","16","저조"
"SO_1283","사천진항","2026-02-07 00:37","2","고조"
"SO_1283","사천진항","2026-02-07 06:07","15","저조"
"SO_1283","사천진항","2026-02-07 12:26","1","고조"
"SO_1283","사천진항","2026-02-07 18:31","17","저조"
"SO_1283","사천진항","2026-02-08 01:33","2","고조"
"SO_1283","사천진항","2026-02-08 06:53","12","저조"
"SO_1283","사천진항","2026-02-08 12:30","5","고조"
"SO_1283","사천진항","2026-02-07 00:37","2","고조"
"SO_1283","사천진항","2026-02-07 06:07","15","저조"
"SO_1283","사천진항","2026-02-07 12:26","1","고조"
"SO_1283","사천진항","2026-02-07 18:31","17","저조"
"SO_1283","사천진항","2026-02-08 01:33","2","고조"
"SO_1283","사천진항","2026-02-08 06:53","12","저조"
"SO_1283","사천진항","2026-02-08 12:30","5","고조"
"SO_1283","사천진항","2026-02-08 18:55","18","저조"
"SO_1283","사천진항","2026-02-09 02:58","3","고조"
"SO_1283","사천진항","2026-02-09 09:20","10","저조"
"SO_1283","사천진항","2026-02-08 01:33","2","고조"
"SO_1283","사천진항","2026-02-08 06:53","12","저조"
"SO_1283","사천진항","2026-02-08 12:30","5","고조"
"SO_1283","사천진항","2026-02-08 18:55","18","저조"
"SO_1283","사천진항","2026-02-09 02:58","3","고조"
"SO_1283","사천진항","2026-02-09 09:20","10","저조"
"SO_1283","사천진항","2026-02-09 12:22","9","고조"
"SO_1283","사천진항","2026-02-09 19:22","19","저조"
"SO_1283","사천진항","2026-02-10 04:27","3","고조"
"SO_1283","사천진항","2026-02-10 19:55","20","저조"
"SO_1283","사천진항","2026-02-09 02:58","3","고조"
"SO_1283","사천진항","2026-02-09 09:20","10","저조"
"SO_1283","사천진항","2026-02-09 12:22","9","고조"
"SO_1283","사천진항","2026-02-09 19:22","19","저조"
"SO_1283","사천진항","2026-02-10 04:27","3","고조"
"SO_1283","사천진항","2026-02-10 19:55","20","저조"
"SO_1283","사천진항","2026-02-11 05:36","3","고조"
"SO_1283","사천진항","2026-02-11 20:51","21","저조"
"SO_1283","사천진항","2026-02-12 06:35","2","고조"
"SO_1283","사천진항","2026-02-12 22:54","22","저조"
"SO_1283","사천진항","2026-02-10 04:27","3","고조"
"SO_1283","사천진항","2026-02-10 19:55","20","저조"
"SO_1283","사천진항","2026-02-11 05:36","3","고조"
"SO_1283","사천진항","2026-02-11 20:51","21","저조"
"SO_1283","사천진항","2026-02-12 06:35","2","고조"
"SO_1283","사천진항","2026-02-12 22:54","22","저조"
"SO_1283","사천진항","2026-02-13 07:27","1","고조"
"SO_1283","사천진항","2026-02-13 16:22","18","저조"
"SO_1283","사천진항","2026-02-13 18:06","17","고조"
"SO_1283","사천진항","2026-02-13 23:54","23","저조"
"SO_1283","사천진항","2026-02-11 05:36","3","고조"
"SO_1283","사천진항","2026-02-11 20:51","21","저조"
"SO_1283","사천진항","2026-02-12 06:35","2","고조"
"SO_1283","사천진항","2026-02-12 22:54","22","저조"
"SO_1283","사천진항","2026-02-13 07:27","1","고조"
"SO_1283","사천진항","2026-02-13 16:22","18","저조"
"SO_1283","사천진항","2026-02-13 18:06","17","고조"
"SO_1283","사천진항","2026-02-13 23:54","23","저조"
"SO_1283","사천진항","2026-02-14 08:09","-1","고조"
"SO_1283","사천진항","2026-02-14 15:54","17","저조"
"SO_1283","사천진항","2026-02-12 06:35","2","고조"
"SO_1283","사천진항","2026-02-12 22:54","22","저조"
"SO_1283","사천진항","2026-02-13 07:27","1","고조"
"SO_1283","사천진항","2026-02-13 16:22","18","저조"
"SO_1283","사천진항","2026-02-13 18:06","17","고조"
"SO_1283","사천진항","2026-02-13 23:54","23","저조"
"SO_1283","사천진항","2026-02-14 08:09","-1","고조"
"SO_1283","사천진항","2026-02-14 15:54","17","저조"
"SO_1283","사천진항","2026-02-14 18:54","16","고조"
"SO_1283","사천진항","2026-02-15 00:44","23","저조"
"SO_1283","사천진항","2026-02-13 07:27","1","고조"
"SO_1283","사천진항","2026-02-13 16:22","18","저조"
"SO_1283","사천진항","2026-02-13 18:06","17","고조"
"SO_1283","사천진항","2026-02-13 23:54","23","저조"
"SO_1283","사천진항","2026-02-14 08:09","-1","고조"
"SO_1283","사천진항","2026-02-14 15:54","17","저조"
"SO_1283","사천진항","2026-02-14 18:54","16","고조"
"SO_1283","사천진항","2026-02-15 00:44","23","저조"
"SO_1283","사천진항","2026-02-15 08:44","-4","고조"
"SO_1283","사천진항","2026-02-15 15:51","16","저조"
"SO_1283","사천진항","2026-02-14 08:09","-1","고조"
"SO_1283","사천진항","2026-02-14 15:54","17","저조"
"SO_1283","사천진항","2026-02-14 18:54","16","고조"
"SO_1283","사천진항","2026-02-15 00:44","23","저조"
"SO_1283","사천진항","2026-02-15 08:44","-4","고조"
"SO_1283","사천진항","2026-02-15 15:51","16","저조"
"SO_1283","사천진항","2026-02-15 19:38","13","고조"
"SO_1283","사천진항","2026-02-16 01:30","24","저조"
"SO_1283","사천진항","2026-02-16 09:16","-6","고조"
"SO_1283","사천진항","2026-02-16 15:58","15","저조"
"SO_1283","사천진항","2026-02-15 00:44","23","저조"
"SO_1283","사천진항","2026-02-15 08:44","-4","고조"
"SO_1283","사천진항","2026-02-15 15:51","16","저조"
"SO_1283","사천진항","2026-02-15 19:38","13","고조"
"SO_1283","사천진항","2026-02-16 01:30","24","저조"
"SO_1283","사천진항","2026-02-16 09:16","-6","고조"
"SO_1283","사천진항","2026-02-16 15:58","15","저조"
"SO_1283","사천진항","2026-02-16 20:23","10","고조"
"SO_1283","사천진항","2026-02-17 02:15","24","저조"
"SO_1283","사천진항","2026-02-17 09:45","-8","고조"
"SO_1283","사천진항","2026-02-16 01:30","24","저조"
"SO_1283","사천진항","2026-02-16 09:16","-6","고조"
"SO_1283","사천진항","2026-02-16 15:58","15","저조"
"SO_1283","사천진항","2026-02-16 20:23","10","고조"
"SO_1283","사천진항","2026-02-17 02:15","24","저조"
"SO_1283","사천진항","2026-02-17 09:45","-8","고조"
"SO_1283","사천진항","2026-02-17 16:08","14","저조"
"SO_1283","사천진항","2026-02-17 21:08","6","고조"
"SO_1283","사천진항","2026-02-18 02:58","23","저조"
"SO_1283","사천진항","2026-02-18 10:14","-9","고조"
"SO_1283","사천진항","2026-02-17 02:15","24","저조"
"SO_1283","사천진항","2026-02-17 09:45","-8","고조"
"SO_1283","사천진항","2026-02-17 16:08","14","저조"
"SO_1283","사천진항","2026-02-17 21:08","6","고조"
"SO_1283","사천진항","2026-02-18 02:58","23","저조"
"SO_1283","사천진항","2026-02-18 10:14","-9","고조"
"SO_1283","사천진항","2026-02-18 16:22","14","저조"
"SO_1283","사천진항","2026-02-18 21:51","3","고조"
"SO_1283","사천진항","2026-02-19 03:42","22","저조"
"SO_1283","사천진항","2026-02-19 10:43","-8","고조"
"SO_1283","사천진항","2026-02-18 02:58","23","저조"
"SO_1283","사천진항","2026-02-18 10:14","-9","고조"
"SO_1283","사천진항","2026-02-18 16:22","14","저조"
"SO_1283","사천진항","2026-02-18 21:51","3","고조"
"SO_1283","사천진항","2026-02-19 03:42","22","저조"
"SO_1283","사천진항","2026-02-19 10:43","-8","고조"
"SO_1283","사천진항","2026-02-19 16:41","15","저조"
"SO_1283","사천진항","2026-02-19 22:35","","고조"
"SO_1283","사천진항","2026-02-20 04:25","21","저조"
"SO_1283","사천진항","2026-02-20 11:11","-6","고조"
"SO_1283","사천진항","2026-02-19 03:42","22","저조"
"SO_1283","사천진항","2026-02-19 10:43","-8","고조"
"SO_1283","사천진항","2026-02-19 16:41","15","저조"
"SO_1283","사천진항","2026-02-19 22:35","","고조"
"SO_1283","사천진항","2026-02-20 04:25","21","저조"
"SO_1283","사천진항","2026-02-20 11:11","-6","고조"
"SO_1283","사천진항","2026-02-20 17:03","17","저조"
"SO_1283","사천진항","2026-02-20 23:18","-1","고조"
"SO_1283","사천진항","2026-02-21 05:10","19","저조"
"SO_1283","사천진항","2026-02-21 11:38","-2","고조"
"SO_1283","사천진항","2026-02-20 04:25","21","저조"
"SO_1283","사천진항","2026-02-20 11:11","-6","고조"
"SO_1283","사천진항","2026-02-20 17:03","17","저조"
"SO_1283","사천진항","2026-02-20 23:18","-1","고조"
"SO_1283","사천진항","2026-02-21 05:10","19","저조"
"SO_1283","사천진항","2026-02-21 11:38","-2","고조"
"SO_1283","사천진항","2026-02-21 17:30","19","저조"
"SO_1283","사천진항","2026-02-22 00:05","-2","고조"
"SO_1283","사천진항","2026-02-22 05:59","18","저조"
"SO_1283","사천진항","2026-02-22 12:05","3","고조"
"SO_1283","사천진항","2026-02-21 05:10","19","저조"
"SO_1283","사천진항","2026-02-21 11:38","-2","고조"
"SO_1283","사천진항","2026-02-21 17:30","19","저조"
"SO_1283","사천진항","2026-02-22 00:05","-2","고조"
"SO_1283","사천진항","2026-02-22 05:59","18","저조"
"SO_1283","사천진항","2026-02-22 12:05","3","고조"
"SO_1283","사천진항","2026-02-22 17:59","21","저조"
"SO_1283","사천진항","2026-02-23 00:57","-1","고조"
"SO_1283","사천진항","2026-02-23 06:57","16","저조"
"SO_1283","사천진항","2026-02-23 12:29","8","고조"
"SO_1283","사천진항","2026-02-22 00:05","-2","고조"
"SO_1283","사천진항","2026-02-22 05:59","18","저조"
"SO_1283","사천진항","2026-02-22 12:05","3","고조"
"SO_1283","사천진항","2026-02-22 17:59","21","저조"
"SO_1283","사천진항","2026-02-23 00:57","-1","고조"
"SO_1283","사천진항","2026-02-23 06:57","16","저조"
"SO_1283","사천진항","2026-02-23 12:29","8","고조"
"SO_1283","사천진항","2026-02-23 18:33","23","저조"
"SO_1283","사천진항","2026-02-24 02:09","1","고조"
"SO_1283","사천진항","2026-02-24 09:49","14","저조"
"SO_1283","사천진항","2026-02-23 00:57","-1","고조"
"SO_1283","사천진항","2026-02-23 06:57","16","저조"
"SO_1283","사천진항","2026-02-23 12:29","8","고조"
"SO_1283","사천진항","2026-02-23 18:33","23","저조"
"SO_1283","사천진항","2026-02-24 02:09","1","고조"
"SO_1283","사천진항","2026-02-24 09:49","14","저조"
"SO_1283","사천진항","2026-02-24 12:44","13","고조"
"SO_1283","사천진항","2026-02-24 19:14","25","저조"
"SO_1283","사천진항","2026-02-25 03:51","1","고조"
"SO_1283","사천진항","2026-02-25 20:12","26","저조"
"SO_1283","사천진항","2026-02-24 02:09","1","고조"
"SO_1283","사천진항","2026-02-24 09:49","14","저조"
"SO_1283","사천진항","2026-02-24 12:44","13","고조"
"SO_1283","사천진항","2026-02-24 19:14","25","저조"
"SO_1283","사천진항","2026-02-25 03:51","1","고조"
"SO_1283","사천진항","2026-02-25 20:12","26","저조"
"SO_1283","사천진항","2026-02-26 05:17","1","고조"
"SO_1283","사천진항","2026-02-26 21:49","26","저조"
"SO_1283","사천진항","2026-02-27 06:29","-1","고조"
"SO_1283","사천진항","2026-02-27 15:04","20","저조"
"SO_1283","사천진항","2026-02-25 03:51","1","고조"
"SO_1283","사천진항","2026-02-25 20:12","26","저조"
"SO_1283","사천진항","2026-02-26 05:17","1","고조"
"SO_1283","사천진항","2026-02-26 21:49","26","저조"
"SO_1283","사천진항","2026-02-27 06:29","-1","고조"
"SO_1283","사천진항","2026-02-27 15:04","20","저조"
"SO_1283","사천진항","2026-02-27 17:47","19","고조"
"SO_1283","사천진항","2026-02-27 23:18","27","저조"
"SO_1283","사천진항","2026-02-28 07:31","-4","고조"
"SO_1283","사천진항","2026-02-28 15:05","19","저조"
"SO_1283","사천진항","2026-02-26 05:17","1","고조"
"SO_1283","사천진항","2026-02-26 21:49","26","저조"
"SO_1283","사천진항","2026-02-27 06:29","-1","고조"
"SO_1283","사천진항","2026-02-27 15:04","20","저조"
"SO_1283","사천진항","2026-02-27 17:47","19","고조"
"SO_1283","사천진항","2026-02-27 23:18","27","저조"
"SO_1283","사천진항","2026-02-28 07:31","-4","고조"
"SO_1283","사천진항","2026-02-28 15:05","19","저조"
"SO_1283","사천진항","2026-02-28 18:52","16","고조"
"SO_1283","사천진항","2026-03-01 00:28","27","저조"
"SO_1283","사천진항","2026-02-27 06:29","-1","고조"
"SO_1283","사천진항","2026-02-27 15:04","20","저조"
"SO_1283","사천진항","2026-02-27 17:47","19","고조"
"SO_1283","사천진항","2026-02-27 23:18","27","저조"
"SO_1283","사천진항","2026-02-28 07:31","-4","고조"
"SO_1283","사천진항","2026-02-28 15:05","19","저조"
"SO_1283","사천진항","2026-02-28 18:52","16","고조"
"SO_1283","사천진항","2026-03-01 00:28","27","저조"
"SO_1283","사천진항","2026-03-01 08:22","-6","고조"
"SO_1283","사천진항","2026-03-01 15:13","18","저조"
"SO_1283","사천진항","2026-02-28 07:31","-4","고조"
"SO_1283","사천진항","2026-02-28 15:05","19","저조"
"SO_1283","사천진항","2026-02-28 18:52","16","고조"
"SO_1283","사천진항","2026-03-01 00:28","27","저조"
"SO_1283","사천진항","2026-03-01 08:22","-6","고조"
"SO_1283","사천진항","2026-03-01 15:13","18","저조"
"SO_1283","사천진항","2026-03-01 19:47","12","고조"
"SO_1283","사천진항","2026-03-02 01:28","26","저조"
"SO_1283","사천진항","2026-03-02 09:03","-8","고조"
"SO_1283","사천진항","2026-03-02 15:25","16","저조"
"SO_1283","사천진항","2026-03-01 00:28","27","저조"
"SO_1283","사천진항","2026-03-01 08:22","-6","고조"
"SO_1283","사천진항","2026-03-01 15:13","18","저조"
"SO_1283","사천진항","2026-03-01 19:47","12","고조"
"SO_1283","사천진항","2026-03-02 01:28","26","저조"
"SO_1283","사천진항","2026-03-02 09:03","-8","고조"
"SO_1283","사천진항","2026-03-02 15:25","16","저조"
"SO_1283","사천진항","2026-03-02 20:36","7","고조"
"SO_1283","사천진항","2026-03-03 02:20","25","저조"
"SO_1283","사천진항","2026-03-03 09:38","-8","고조"
"SO_1283","사천진항","2026-03-02 01:28","26","저조"
"SO_1283","사천진항","2026-03-02 09:03","-8","고조"
"SO_1283","사천진항","2026-03-02 15:25","16","저조"
"SO_1283","사천진항","2026-03-02 20:36","7","고조"
"SO_1283","사천진항","2026-03-03 02:20","25","저조"
"SO_1283","사천진항","2026-03-03 09:38","-8","고조"
"SO_1283","사천진항","2026-03-03 15:42","15","저조"
"SO_1283","사천진항","2026-03-03 21:21","2","고조"
"SO_1283","사천진항","2026-03-04 03:07","22","저조"
"SO_1283","사천진항","2026-03-04 10:09","-8","고조"
"SO_1283","사천진항","2026-03-03 02:20","25","저조"
"SO_1283","사천진항","2026-03-03 09:38","-8","고조"
"SO_1283","사천진항","2026-03-03 15:42","15","저조"
"SO_1283","사천진항","2026-03-03 21:21","2","고조"
"SO_1283","사천진항","2026-03-04 03:07","22","저조"
"SO_1283","사천진항","2026-03-04 10:09","-8","고조"
"SO_1283","사천진항","2026-03-04 16:02","15","저조"
"SO_1283","사천진항","2026-03-04 22:03","-1","고조"
"SO_1283","사천진항","2026-03-05 03:50","20","저조"
"SO_1283","사천진항","2026-03-05 10:36","-6","고조"
"SO_1283","사천진항","2026-03-04 03:07","22","저조"
"SO_1283","사천진항","2026-03-04 10:09","-8","고조"
"SO_1283","사천진항","2026-03-04 16:02","15","저조"
"SO_1283","사천진항","2026-03-04 22:03","-1","고조"
"SO_1283","사천진항","2026-03-05 03:50","20","저조"
"SO_1283","사천진항","2026-03-05 10:36","-6","고조"
"SO_1283","사천진항","2026-03-05 16:23","16","저조"
"SO_1283","사천진항","2026-03-05 22:44","-4","고조"
"SO_1283","사천진항","2026-03-06 04:31","17","저조"
"SO_1283","사천진항","2026-03-06 10:57","-4","고조"
"SO_1283","사천진항","2026-03-05 03:50","20","저조"
"SO_1283","사천진항","2026-03-05 10:36","-6","고조"
"SO_1283","사천진항","2026-03-05 16:23","16","저조"
"SO_1283","사천진항","2026-03-05 22:44","-4","고조"
"SO_1283","사천진항","2026-03-06 04:31","17","저조"
"SO_1283","사천진항","2026-03-06 10:57","-4","고조"
"SO_1283","사천진항","2026-03-06 16:45","17","저조"
"SO_1283","사천진항","2026-03-06 23:24","-4","고조"
"SO_1283","사천진항","2026-03-07 05:11","15","저조"
"SO_1283","사천진항","2026-03-07 11:13","","고조"
"SO_1283","사천진항","2026-03-06 04:31","17","저조"
"SO_1283","사천진항","2026-03-06 10:57","-4","고조"
"SO_1283","사천진항","2026-03-06 16:45","17","저조"
"SO_1283","사천진항","2026-03-06 23:24","-4","고조"
"SO_1283","사천진항","2026-03-07 05:11","15","저조"
"SO_1283","사천진항","2026-03-07 11:13","","고조"
"SO_1283","사천진항","2026-03-07 17:07","18","저조"
"SO_1283","사천진항","2026-03-08 00:05","-3","고조"
"SO_1283","사천진항","2026-03-08 05:53","13","저조"
"SO_1283","사천진항","2026-03-08 11:24","4","고조"
"SO_1283","사천진항","2026-03-07 05:11","15","저조"
"SO_1283","사천진항","2026-03-07 11:13","","고조"
"SO_1283","사천진항","2026-03-07 17:07","18","저조"
"SO_1283","사천진항","2026-03-08 00:05","-3","고조"
"SO_1283","사천진항","2026-03-08 05:53","13","저조"
"SO_1283","사천진항","2026-03-08 11:24","4","고조"
"SO_1283","사천진항","2026-03-08 17:29","20","저조"
"SO_1283","사천진항","2026-03-09 00:51","-1","고조"
"SO_1283","사천진항","2026-03-09 06:45","11","저조"
"SO_1283","사천진항","2026-03-09 11:29","8","고조"
"SO_1283","사천진항","2026-03-08 00:05","-3","고조"
"SO_1283","사천진항","2026-03-08 05:53","13","저조"
"SO_1283","사천진항","2026-03-08 11:24","4","고조"
"SO_1283","사천진항","2026-03-08 17:29","20","저조"
"SO_1283","사천진항","2026-03-09 00:51","-1","고조"
"SO_1283","사천진항","2026-03-09 06:45","11","저조"
"SO_1283","사천진항","2026-03-09 11:29","8","고조"
"SO_1283","사천진항","2026-03-09 17:53","21","저조"
"SO_1283","사천진항","2026-03-10 01:55","1","고조"
"SO_1283","사천진항","2026-03-10 18:18","22","저조"
"SO_1283","사천진항","2026-03-09 00:51","-1","고조"
"SO_1283","사천진항","2026-03-09 06:45","11","저조"
"SO_1283","사천진항","2026-03-09 11:29","8","고조"
"SO_1283","사천진항","2026-03-09 17:53","21","저조"
"SO_1283","사천진항","2026-03-10 01:55","1","고조"
"SO_1283","사천진항","2026-03-10 18:18","22","저조"
"SO_1283","사천진항","2026-03-11 03:30","3","고조"
"SO_1283","사천진항","2026-03-11 18:49","22","저조"
"SO_1283","사천진항","2026-03-12 04:49","4","고조"
"SO_1283","사천진항","2026-03-12 19:35","21","저조"
"SO_1283","사천진항","2026-03-10 01:55","1","고조"
"SO_1283","사천진항","2026-03-10 18:18","22","저조"
"SO_1283","사천진항","2026-03-11 03:30","3","고조"
"SO_1283","사천진항","2026-03-11 18:49","22","저조"
"SO_1283","사천진항","2026-03-12 04:49","4","고조"
"SO_1283","사천진항","2026-03-12 19:35","21","저조"
"SO_1283","사천진항","2026-03-13 05:56","2","고조"
"SO_1283","사천진항","2026-03-13 21:25","20","저조"
"SO_1283","사천진항","2026-03-14 06:50","","고조"
"SO_1283","사천진항","2026-03-14 15:11","16","저조"
"SO_1283","사천진항","2026-03-11 03:30","3","고조"
"SO_1283","사천진항","2026-03-11 18:49","22","저조"
"SO_1283","사천진항","2026-03-12 04:49","4","고조"
"SO_1283","사천진항","2026-03-12 19:35","21","저조"
"SO_1283","사천진항","2026-03-13 05:56","2","고조"
"SO_1283","사천진항","2026-03-13 21:25","20","저조"
"SO_1283","사천진항","2026-03-14 06:50","","고조"
"SO_1283","사천진항","2026-03-14 15:11","16","저조"
"SO_1283","사천진항","2026-03-14 18:08","15","고조"
"SO_1283","사천진항","2026-03-14 23:07","19","저조"
"SO_1283","사천진항","2026-03-12 04:49","4","고조"
"SO_1283","사천진항","2026-03-12 19:35","21","저조"
"SO_1283","사천진항","2026-03-13 05:56","2","고조"
"SO_1283","사천진항","2026-03-13 21:25","20","저조"
"SO_1283","사천진항","2026-03-14 06:50","","고조"
"SO_1283","사천진항","2026-03-14 15:11","16","저조"
"SO_1283","사천진항","2026-03-14 18:08","15","고조"
"SO_1283","사천진항","2026-03-14 23:07","19","저조"
"SO_1283","사천진항","2026-03-15 07:31","-3","고조"
"SO_1283","사천진항","2026-03-15 14:48","15","저조"
"SO_1283","사천진항","2026-03-13 05:56","2","고조"
"SO_1283","사천진항","2026-03-13 21:25","20","저조"
"SO_1283","사천진항","2026-03-14 06:50","","고조"
"SO_1283","사천진항","2026-03-14 15:11","16","저조"
"SO_1283","사천진항","2026-03-14 18:08","15","고조"
"SO_1283","사천진항","2026-03-14 23:07","19","저조"
"SO_1283","사천진항","2026-03-15 07:31","-3","고조"
"SO_1283","사천진항","2026-03-15 14:48","15","저조"
"SO_1283","사천진항","2026-03-15 18:54","12","고조"
"SO_1283","사천진항","2026-03-16 00:13","19","저조"
"SO_1283","사천진항","2026-03-14 06:50","","고조"
"SO_1283","사천진항","2026-03-14 15:11","16","저조"
"SO_1283","사천진항","2026-03-14 18:08","15","고조"
"SO_1283","사천진항","2026-03-14 23:07","19","저조"
"SO_1283","사천진항","2026-03-15 07:31","-3","고조"
"SO_1283","사천진항","2026-03-15 14:48","15","저조"
"SO_1283","사천진항","2026-03-15 18:54","12","고조"
"SO_1283","사천진항","2026-03-16 00:13","19","저조"
"SO_1283","사천진항","2026-03-16 08:05","-6","고조"
"SO_1283","사천진항","2026-03-16 14:49","13","저조"
"SO_1283","사천진항","2026-03-15 07:31","-3","고조"
"SO_1283","사천진항","2026-03-15 14:48","15","저조"
"SO_1283","사천진항","2026-03-15 18:54","12","고조"
"SO_1283","사천진항","2026-03-16 00:13","19","저조"
"SO_1283","사천진항","2026-03-16 08:05","-6","고조"
"SO_1283","사천진항","2026-03-16 14:49","13","저조"
"SO_1283","사천진항","2026-03-16 19:35","7","고조"
"SO_1283","사천진항","2026-03-17 01:11","19","저조"
"SO_1283","사천진항","2026-03-17 08:36","-8","고조"
"SO_1283","사천진항","2026-03-17 14:57","13","저조"
"SO_1283","사천진항","2026-03-16 00:13","19","저조"
"SO_1283","사천진항","2026-03-16 08:05","-6","고조"
"SO_1283","사천진항","2026-03-16 14:49","13","저조"
"SO_1283","사천진항","2026-03-16 19:35","7","고조"
"SO_1283","사천진항","2026-03-17 01:11","19","저조"
"SO_1283","사천진항","2026-03-17 08:36","-8","고조"
"SO_1283","사천진항","2026-03-17 14:57","13","저조"
"SO_1283","사천진항","2026-03-17 20:16","3","고조"
"SO_1283","사천진항","2026-03-18 02:02","18","저조"
"SO_1283","사천진항","2026-03-18 09:05","-9","고조"
"SO_1283","사천진항","2026-03-17 01:11","19","저조"
"SO_1283","사천진항","2026-03-17 08:36","-8","고조"
"SO_1283","사천진항","2026-03-17 14:57","13","저조"
"SO_1283","사천진항","2026-03-17 20:16","3","고조"
"SO_1283","사천진항","2026-03-18 02:02","18","저조"
"SO_1283","사천진항","2026-03-18 09:05","-9","고조"
"SO_1283","사천진항","2026-03-18 15:10","13","저조"
"SO_1283","사천진항","2026-03-18 20:57","-1","고조"
"SO_1283","사천진항","2026-03-19 02:49","18","저조"
"SO_1283","사천진항","2026-03-19 09:35","-8","고조"
"SO_1283","사천진항","2026-03-18 02:02","18","저조"
"SO_1283","사천진항","2026-03-18 09:05","-9","고조"
"SO_1283","사천진항","2026-03-18 15:10","13","저조"
"SO_1283","사천진항","2026-03-18 20:57","-1","고조"
"SO_1283","사천진항","2026-03-19 02:49","18","저조"
"SO_1283","사천진항","2026-03-19 09:35","-8","고조"
"SO_1283","사천진항","2026-03-19 15:29","15","저조"
"SO_1283","사천진항","2026-03-19 21:39","-5","고조"
"SO_1283","사천진항","2026-03-20 03:35","18","저조"
"SO_1283","사천진항","2026-03-20 10:04","-6","고조"
"SO_1283","사천진항","2026-03-19 02:49","18","저조"
"SO_1283","사천진항","2026-03-19 09:35","-8","고조"
"SO_1283","사천진항","2026-03-19 15:29","15","저조"
"SO_1283","사천진항","2026-03-19 21:39","-5","고조"
"SO_1283","사천진항","2026-03-20 03:35","18","저조"
"SO_1283","사천진항","2026-03-20 10:04","-6","고조"
"SO_1283","사천진항","2026-03-20 15:52","17","저조"
"SO_1283","사천진항","2026-03-20 22:21","-7","고조"
"SO_1283","사천진항","2026-03-21 04:21","18","저조"
"SO_1283","사천진항","2026-03-21 10:34","-2","고조"
"SO_1283","사천진항","2026-03-20 03:35","18","저조"
"SO_1283","사천진항","2026-03-20 10:04","-6","고조"
"SO_1283","사천진항","2026-03-20 15:52","17","저조"
"SO_1283","사천진항","2026-03-20 22:21","-7","고조"
"SO_1283","사천진항","2026-03-21 04:21","18","저조"
"SO_1283","사천진항","2026-03-21 10:34","-2","고조"
"SO_1283","사천진항","2026-03-21 16:18","20","저조"
"SO_1283","사천진항","2026-03-21 23:06","-7","고조"
"SO_1283","사천진항","2026-03-22 05:11","18","저조"
"SO_1283","사천진항","2026-03-22 11:02","4","고조"
"SO_1283","사천진항","2026-03-21 04:21","18","저조"
"SO_1283","사천진항","2026-03-21 10:34","-2","고조"
"SO_1283","사천진항","2026-03-21 16:18","20","저조"
"SO_1283","사천진항","2026-03-21 23:06","-7","고조"
"SO_1283","사천진항","2026-03-22 05:11","18","저조"
"SO_1283","사천진항","2026-03-22 11:02","4","고조"
"SO_1283","사천진항","2026-03-22 16:47","24","저조"
"SO_1283","사천진항","2026-03-22 23:53","-6","고조"
"SO_1283","사천진항","2026-03-23 06:09","17","저조"
"SO_1283","사천진항","2026-03-23 11:29","9","고조"
"SO_1283","사천진항","2026-03-22 05:11","18","저조"
"SO_1283","사천진항","2026-03-22 11:02","4","고조"
"SO_1283","사천진항","2026-03-22 16:47","24","저조"
"SO_1283","사천진항","2026-03-22 23:53","-6","고조"
"SO_1283","사천진항","2026-03-23 06:09","17","저조"
"SO_1283","사천진항","2026-03-23 11:29","9","고조"
"SO_1283","사천진항","2026-03-23 17:19","26","저조"
"SO_1283","사천진항","2026-03-24 00:51","-4","고조"
"SO_1283","사천진항","2026-03-24 08:27","16","저조"
"SO_1283","사천진항","2026-03-24 11:50","14","고조"
"SO_1283","사천진항","2026-03-23 06:09","17","저조"
"SO_1283","사천진항","2026-03-23 11:29","9","고조"
"SO_1283","사천진항","2026-03-23 17:19","26","저조"
"SO_1283","사천진항","2026-03-24 00:51","-4","고조"
"SO_1283","사천진항","2026-03-24 08:27","16","저조"
"SO_1283","사천진항","2026-03-24 11:50","14","고조"
"SO_1283","사천진항","2026-03-24 17:55","28","저조"
"SO_1283","사천진항","2026-03-25 02:08","-1","고조"
"SO_1283","사천진항","2026-03-25 18:41","27","저조"
"SO_1283","사천진항","2026-03-26 03:40","","고조"
"SO_1283","사천진항","2026-03-24 00:51","-4","고조"
"SO_1283","사천진항","2026-03-24 08:27","16","저조"
"SO_1283","사천진항","2026-03-24 11:50","14","고조"
"SO_1283","사천진항","2026-03-24 17:55","28","저조"
"SO_1283","사천진항","2026-03-25 02:08","-1","고조"
"SO_1283","사천진항","2026-03-25 18:41","27","저조"
"SO_1283","사천진항","2026-03-26 03:40","","고조"
"SO_1283","사천진항","2026-03-26 19:55","26","저조"
"SO_1283","사천진항","2026-03-27 05:04","","고조"
"SO_1283","사천진항","2026-03-27 14:07","20","저조"
"SO_1283","사천진항","2026-03-25 02:08","-1","고조"
"SO_1283","사천진항","2026-03-25 18:41","27","저조"
"SO_1283","사천진항","2026-03-26 03:40","","고조"
"SO_1283","사천진항","2026-03-26 19:55","26","저조"
"SO_1283","사천진항","2026-03-27 05:04","","고조"
"SO_1283","사천진항","2026-03-27 14:07","20","저조"
"SO_1283","사천진항","2026-03-27 16:40","19","고조"
"SO_1283","사천진항","2026-03-27 21:44","25","저조"
"SO_1283","사천진항","2026-03-28 06:17","-2","고조"
"SO_1283","사천진항","2026-03-28 14:04","19","저조"
"SO_1283","사천진항","2026-03-26 03:40","","고조"
"SO_1283","사천진항","2026-03-26 19:55","26","저조"
"SO_1283","사천진항","2026-03-27 05:04","","고조"
"SO_1283","사천진항","2026-03-27 14:07","20","저조"
"SO_1283","사천진항","2026-03-27 16:40","19","고조"
"SO_1283","사천진항","2026-03-27 21:44","25","저조"
"SO_1283","사천진항","2026-03-28 06:17","-2","고조"
"SO_1283","사천진항","2026-03-28 14:04","19","저조"
"SO_1283","사천진항","2026-03-28 18:01","15","고조"
"SO_1283","사천진항","2026-03-28 23:12","23","저조"
"SO_1283","사천진항","2026-03-27 05:04","","고조"
"SO_1283","사천진항","2026-03-27 14:07","20","저조"
"SO_1283","사천진항","2026-03-27 16:40","19","고조"
"SO_1283","사천진항","2026-03-27 21:44","25","저조"
"SO_1283","사천진항","2026-03-28 06:17","-2","고조"
"SO_1283","사천진항","2026-03-28 14:04","19","저조"
"SO_1283","사천진항","2026-03-28 18:01","15","고조"
"SO_1283","사천진항","2026-03-28 23:12","23","저조"
"SO_1283","사천진항","2026-03-29 07:13","-4","고조"
"SO_1283","사천진항","2026-03-29 14:10","17","저조"
"SO_1283","사천진항","2026-03-28 06:17","-2","고조"
"SO_1283","사천진항","2026-03-28 14:04","19","저조"
"SO_1283","사천진항","2026-03-28 18:01","15","고조"
"SO_1283","사천진항","2026-03-28 23:12","23","저조"
"SO_1283","사천진항","2026-03-29 07:13","-4","고조"
"SO_1283","사천진항","2026-03-29 14:10","17","저조"
"SO_1283","사천진항","2026-03-29 18:58","10","고조"
"SO_1283","사천진항","2026-03-30 00:26","21","저조"
"SO_1283","사천진항","2026-03-30 07:56","-5","고조"
"SO_1283","사천진항","2026-03-30 14:19","15","저조"
"SO_1283","사천진항","2026-03-29 07:13","-4","고조"
"SO_1283","사천진항","2026-03-29 14:10","17","저조"
"SO_1283","사천진항","2026-03-29 18:58","10","고조"
"SO_1283","사천진항","2026-03-30 00:26","21","저조"
"SO_1283","사천진항","2026-03-30 07:56","-5","고조"
"SO_1283","사천진항","2026-03-30 14:19","15","저조"
"SO_1283","사천진항","2026-03-30 19:45","5","고조"
"SO_1283","사천진항","2026-03-31 01:27","20","저조"
"SO_1283","사천진항","2026-03-31 08:32","-6","고조"
"SO_1283","사천진항","2026-03-31 14:33","14","저조"
"SO_1283","사천진항","2026-03-30 00:26","21","저조"
"SO_1283","사천진항","2026-03-30 07:56","-5","고조"
"SO_1283","사천진항","2026-03-30 14:19","15","저조"
"SO_1283","사천진항","2026-03-30 19:45","5","고조"
"SO_1283","사천진항","2026-03-31 01:27","20","저조"
"SO_1283","사천진항","2026-03-31 08:32","-6","고조"
"SO_1283","사천진항","2026-03-31 14:33","14","저조"
"SO_1283","사천진항","2026-03-31 20:27","","고조"
"SO_1283","사천진항","2026-04-01 02:17","18","저조"
"SO_1283","사천진항","2026-04-01 09:01","-5","고조"
"SO_1283","사천진항","2026-03-31 01:27","20","저조"
"SO_1283","사천진항","2026-03-31 08:32","-6","고조"
"SO_1283","사천진항","2026-03-31 14:33","14","저조"
"SO_1283","사천진항","2026-03-31 20:27","","고조"
"SO_1283","사천진항","2026-04-01 02:17","18","저조"
"SO_1283","사천진항","2026-04-01 09:01","-5","고조"
"SO_1283","사천진항","2026-04-01 14:50","15","저조"
"SO_1283","사천진항","2026-04-01 21:07","-4","고조"
"SO_1283","사천진항","2026-04-02 03:01","16","저조"
"SO_1283","사천진항","2026-04-02 09:27","-4","고조"
"SO_1283","사천진항","2026-04-01 02:17","18","저조"
"SO_1283","사천진항","2026-04-01 09:01","-5","고조"
"SO_1283","사천진항","2026-04-01 14:50","15","저조"
"SO_1283","사천진항","2026-04-01 21:07","-4","고조"
"SO_1283","사천진항","2026-04-02 03:01","16","저조"
"SO_1283","사천진항","2026-04-02 09:27","-4","고조"
"SO_1283","사천진항","2026-04-02 15:10","16","저조"
"SO_1283","사천진항","2026-04-02 21:45","-7","고조"
"SO_1283","사천진항","2026-04-03 03:43","15","저조"
"SO_1283","사천진항","2026-04-03 09:49","-1","고조"
"SO_1283","사천진항","2026-04-02 03:01","16","저조"
"SO_1283","사천진항","2026-04-02 09:27","-4","고조"
"SO_1283","사천진항","2026-04-02 15:10","16","저조"
"SO_1283","사천진항","2026-04-02 21:45","-7","고조"
"SO_1283","사천진항","2026-04-03 03:43","15","저조"
"SO_1283","사천진항","2026-04-03 09:49","-1","고조"
"SO_1283","사천진항","2026-04-03 15:32","18","저조"
"SO_1283","사천진항","2026-04-03 22:23","-7","고조"
"SO_1283","사천진항","2026-04-04 04:24","14","저조"
"SO_1283","사천진항","2026-04-04 10:07","2","고조"
"SO_1283","사천진항","2026-04-03 03:43","15","저조"
"SO_1283","사천진항","2026-04-03 09:49","-1","고조"
"SO_1283","사천진항","2026-04-03 15:32","18","저조"
"SO_1283","사천진항","2026-04-03 22:23","-7","고조"
"SO_1283","사천진항","2026-04-04 04:24","14","저조"
"SO_1283","사천진항","2026-04-04 10:07","2","고조"
"SO_1283","사천진항","2026-04-04 15:54","20","저조"
"SO_1283","사천진항","2026-04-04 23:00","-6","고조"
"SO_1283","사천진항","2026-04-05 05:08","14","저조"
"SO_1283","사천진항","2026-04-05 10:22","6","고조"
"SO_1283","사천진항","2026-04-04 04:24","14","저조"
"SO_1283","사천진항","2026-04-04 10:07","2","고조"
"SO_1283","사천진항","2026-04-04 15:54","20","저조"
"SO_1283","사천진항","2026-04-04 23:00","-6","고조"
"SO_1283","사천진항","2026-04-05 05:08","14","저조"
"SO_1283","사천진항","2026-04-05 10:22","6","고조"
"SO_1283","사천진항","2026-04-05 16:18","22","저조"
"SO_1283","사천진항","2026-04-05 23:37","-4","고조"
"SO_1283","사천진항","2026-04-06 06:00","14","저조"
"SO_1283","사천진항","2026-04-06 10:35","10","고조"
"SO_1283","사천진항","2026-04-05 05:08","14","저조"
"SO_1283","사천진항","2026-04-05 10:22","6","고조"
"SO_1283","사천진항","2026-04-05 16:18","22","저조"
"SO_1283","사천진항","2026-04-05 23:37","-4","고조"
"SO_1283","사천진항","2026-04-06 06:00","14","저조"
"SO_1283","사천진항","2026-04-06 10:35","10","고조"
"SO_1283","사천진항","2026-04-06 16:42","24","저조"
"SO_1283","사천진항","2026-04-07 00:18","-1","고조"
"SO_1283","사천진항","2026-04-07 08:07","14","저조"
"SO_1283","사천진항","2026-04-07 10:46","13","고조"
"SO_1283","사천진항","2026-04-06 06:00","14","저조"
"SO_1283","사천진항","2026-04-06 10:35","10","고조"
"SO_1283","사천진항","2026-04-06 16:42","24","저조"
"SO_1283","사천진항","2026-04-07 00:18","-1","고조"
"SO_1283","사천진항","2026-04-07 08:07","14","저조"
"SO_1283","사천진항","2026-04-07 10:46","13","고조"
"SO_1283","사천진항","2026-04-07 17:08","25","저조"
"SO_1283","사천진항","2026-04-08 01:09","2","고조"
"SO_1283","사천진항","2026-04-08 17:35","25","저조"
"SO_1283","사천진항","2026-04-09 02:26","4","고조"
"SO_1283","사천진항","2026-04-07 00:18","-1","고조"
"SO_1283","사천진항","2026-04-07 08:07","14","저조"
"SO_1283","사천진항","2026-04-07 10:46","13","고조"
"SO_1283","사천진항","2026-04-07 17:08","25","저조"
"SO_1283","사천진항","2026-04-08 01:09","2","고조"
"SO_1283","사천진항","2026-04-08 17:35","25","저조"
"SO_1283","사천진항","2026-04-09 02:26","4","고조"
"SO_1283","사천진항","2026-04-09 18:08","23","저조"
"SO_1283","사천진항","2026-04-10 03:49","4","고조"
"SO_1283","사천진항","2026-04-10 19:02","21","저조"
"SO_1283","사천진항","2026-04-08 01:09","2","고조"
"SO_1283","사천진항","2026-04-08 17:35","25","저조"
"SO_1283","사천진항","2026-04-09 02:26","4","고조"
"SO_1283","사천진항","2026-04-09 18:08","23","저조"
"SO_1283","사천진항","2026-04-10 03:49","4","고조"
"SO_1283","사천진항","2026-04-10 19:02","21","저조"
"SO_1283","사천진항","2026-04-11 05:00","3","고조"
"SO_1283","사천진항","2026-04-11 20:45","19","저조"
"SO_1283","사천진항","2026-04-12 05:57","","고조"
"SO_1283","사천진항","2026-04-12 13:41","15","저조"
"SO_1283","사천진항","2026-04-09 02:26","4","고조"
"SO_1283","사천진항","2026-04-09 18:08","23","저조"
"SO_1283","사천진항","2026-04-10 03:49","4","고조"
"SO_1283","사천진항","2026-04-10 19:02","21","저조"
"SO_1283","사천진항","2026-04-11 05:00","3","고조"
"SO_1283","사천진항","2026-04-11 20:45","19","저조"
"SO_1283","사천진항","2026-04-12 05:57","","고조"
"SO_1283","사천진항","2026-04-12 13:41","15","저조"
"SO_1283","사천진항","2026-04-12 17:53","13","고조"
"SO_1283","사천진항","2026-04-12 22:20","17","저조"
"SO_1283","사천진항","2026-04-10 03:49","4","고조"
"SO_1283","사천진항","2026-04-10 19:02","21","저조"
"SO_1283","사천진항","2026-04-11 05:00","3","고조"
"SO_1283","사천진항","2026-04-11 20:45","19","저조"
"SO_1283","사천진항","2026-04-12 05:57","","고조"
"SO_1283","사천진항","2026-04-12 13:41","15","저조"
"SO_1283","사천진항","2026-04-12 17:53","13","고조"
"SO_1283","사천진항","2026-04-12 22:20","17","저조"
"SO_1283","사천진항","2026-04-13 06:40","-2","고조"
"SO_1283","사천진항","2026-04-13 13:38","14","저조"
"SO_1283","사천진항","2026-04-11 05:00","3","고조"
"SO_1283","사천진항","2026-04-11 20:45","19","저조"
"SO_1283","사천진항","2026-04-12 05:57","","고조"
"SO_1283","사천진항","2026-04-12 13:41","15","저조"
"SO_1283","사천진항","2026-04-12 17:53","13","고조"
"SO_1283","사천진항","2026-04-12 22:20","17","저조"
"SO_1283","사천진항","2026-04-13 06:40","-2","고조"
"SO_1283","사천진항","2026-04-13 13:38","14","저조"
"SO_1283","사천진항","2026-04-13 18:37","8","고조"
"SO_1283","사천진항","2026-04-13 23:42","16","저조"
"SO_1283","사천진항","2026-04-12 05:57","","고조"
"SO_1283","사천진항","2026-04-12 13:41","15","저조"
"SO_1283","사천진항","2026-04-12 17:53","13","고조"
"SO_1283","사천진항","2026-04-12 22:20","17","저조"
"SO_1283","사천진항","2026-04-13 06:40","-2","고조"
"SO_1283","사천진항","2026-04-13 13:38","14","저조"
"SO_1283","사천진항","2026-04-13 18:37","8","고조"
"SO_1283","사천진항","2026-04-13 23:42","16","저조"
"SO_1283","사천진항","2026-04-14 07:16","-4","고조"
"SO_1283","사천진항","2026-04-14 13:44","14","저조"
"SO_1283","사천진항","2026-04-13 06:40","-2","고조"
"SO_1283","사천진항","2026-04-13 13:38","14","저조"
"SO_1283","사천진항","2026-04-13 18:37","8","고조"
"SO_1283","사천진항","2026-04-13 23:42","16","저조"
"SO_1283","사천진항","2026-04-14 07:16","-4","고조"
"SO_1283","사천진항","2026-04-14 13:44","14","저조"
"SO_1283","사천진항","2026-04-14 19:17","4","고조"
"SO_1283","사천진항","2026-04-15 00:53","16","저조"
"SO_1283","사천진항","2026-04-15 07:49","-5","고조"
"SO_1283","사천진항","2026-04-15 13:56","15","저조"
"SO_1283","사천진항","2026-04-14 07:16","-4","고조"
"SO_1283","사천진항","2026-04-14 13:44","14","저조"
"SO_1283","사천진항","2026-04-14 19:17","4","고조"
"SO_1283","사천진항","2026-04-15 00:53","16","저조"
"SO_1283","사천진항","2026-04-15 07:49","-5","고조"
"SO_1283","사천진항","2026-04-15 13:56","15","저조"
"SO_1283","사천진항","2026-04-15 19:57","-1","고조"
"SO_1283","사천진항","2026-04-16 01:51","17","저조"
"SO_1283","사천진항","2026-04-16 08:21","-4","고조"
"SO_1283","사천진항","2026-04-16 14:15","17","저조"
"SO_1283","사천진항","2026-04-15 00:53","16","저조"
"SO_1283","사천진항","2026-04-15 07:49","-5","고조"
"SO_1283","사천진항","2026-04-15 13:56","15","저조"
"SO_1283","사천진항","2026-04-15 19:57","-1","고조"
"SO_1283","사천진항","2026-04-16 01:51","17","저조"
"SO_1283","사천진항","2026-04-16 08:21","-4","고조"
"SO_1283","사천진항","2026-04-16 14:15","17","저조"
"SO_1283","사천진항","2026-04-16 20:39","-5","고조"
"SO_1283","사천진항","2026-04-17 02:43","18","저조"
"SO_1283","사천진항","2026-04-17 08:53","-1","고조"
"SO_1283","사천진항","2026-04-16 01:51","17","저조"
"SO_1283","사천진항","2026-04-16 08:21","-4","고조"
"SO_1283","사천진항","2026-04-16 14:15","17","저조"
"SO_1283","사천진항","2026-04-16 20:39","-5","고조"
"SO_1283","사천진항","2026-04-17 02:43","18","저조"
"SO_1283","사천진항","2026-04-17 08:53","-1","고조"
"SO_1283","사천진항","2026-04-17 14:40","20","저조"
"SO_1283","사천진항","2026-04-17 21:22","-7","고조"
"SO_1283","사천진항","2026-04-18 03:33","19","저조"
"SO_1283","사천진항","2026-04-18 09:26","3","고조"
"SO_1283","사천진항","2026-04-17 02:43","18","저조"
"SO_1283","사천진항","2026-04-17 08:53","-1","고조"
"SO_1283","사천진항","2026-04-17 14:40","20","저조"
"SO_1283","사천진항","2026-04-17 21:22","-7","고조"
"SO_1283","사천진항","2026-04-18 03:33","19","저조"
"SO_1283","사천진항","2026-04-18 09:26","3","고조"
"SO_1283","사천진항","2026-04-18 15:08","24","저조"
"SO_1283","사천진항","2026-04-18 22:07","-8","고조"
"SO_1283","사천진항","2026-04-19 04:26","20","저조"
"SO_1283","사천진항","2026-04-19 09:59","8","고조"
"SO_1283","사천진항","2026-04-18 03:33","19","저조"
"SO_1283","사천진항","2026-04-18 09:26","3","고조"
"SO_1283","사천진항","2026-04-18 15:08","24","저조"
"SO_1283","사천진항","2026-04-18 22:07","-8","고조"
"SO_1283","사천진항","2026-04-19 04:26","20","저조"
"SO_1283","사천진항","2026-04-19 09:59","8","고조"
"SO_1283","사천진항","2026-04-19 15:40","28","저조"
"SO_1283","사천진항","2026-04-19 22:55","-7","고조"
"SO_1283","사천진항","2026-04-20 05:30","20","저조"
"SO_1283","사천진항","2026-04-20 10:30","13","고조"
"SO_1283","사천진항","2026-04-19 04:26","20","저조"
"SO_1283","사천진항","2026-04-19 09:59","8","고조"
"SO_1283","사천진항","2026-04-19 15:40","28","저조"
"SO_1283","사천진항","2026-04-19 22:55","-7","고조"
"SO_1283","사천진항","2026-04-20 05:30","20","저조"
"SO_1283","사천진항","2026-04-20 10:30","13","고조"
"SO_1283","사천진항","2026-04-20 16:14","31","저조"
"SO_1283","사천진항","2026-04-20 23:49","-5","고조"
"SO_1283","사천진항","2026-04-21 07:25","21","저조"
"SO_1283","사천진항","2026-04-21 11:01","18","고조"
"SO_1283","사천진항","2026-04-20 05:30","20","저조"
"SO_1283","사천진항","2026-04-20 10:30","13","고조"
"SO_1283","사천진항","2026-04-20 16:14","31","저조"
"SO_1283","사천진항","2026-04-20 23:49","-5","고조"
"SO_1283","사천진항","2026-04-21 07:25","21","저조"
"SO_1283","사천진항","2026-04-21 11:01","18","고조"
"SO_1283","사천진항","2026-04-21 16:52","33","저조"
"SO_1283","사천진항","2026-04-22 00:53","-2","고조"
"SO_1283","사천진항","2026-04-22 09:08","22","저조"
"SO_1283","사천진항","2026-04-22 11:28","21","고조"
"SO_1283","사천진항","2026-04-21 07:25","21","저조"
"SO_1283","사천진항","2026-04-21 11:01","18","고조"
"SO_1283","사천진항","2026-04-21 16:52","33","저조"
"SO_1283","사천진항","2026-04-22 00:53","-2","고조"
"SO_1283","사천진항","2026-04-22 09:08","22","저조"
"SO_1283","사천진항","2026-04-22 11:28","21","고조"
"SO_1283","사천진항","2026-04-22 17:36","33","저조"
"SO_1283","사천진항","2026-04-23 02:07","1","고조"
"SO_1283","사천진항","2026-04-23 18:35","31","저조"
"SO_1283","사천진항","2026-04-24 03:24","2","고조"
"SO_1283","사천진항","2026-04-22 00:53","-2","고조"
"SO_1283","사천진항","2026-04-22 09:08","22","저조"
"SO_1283","사천진항","2026-04-22 11:28","21","고조"
"SO_1283","사천진항","2026-04-22 17:36","33","저조"
"SO_1283","사천진항","2026-04-23 02:07","1","고조"
"SO_1283","사천진항","2026-04-23 18:35","31","저조"
"SO_1283","사천진항","2026-04-24 03:24","2","고조"
"SO_1283","사천진항","2026-04-24 12:34","23","저조"
"SO_1283","사천진항","2026-04-24 15:00","22","고조"
"SO_1283","사천진항","2026-04-24 20:03","27","저조"
"SO_1283","사천진항","2026-04-23 02:07","1","고조"
"SO_1283","사천진항","2026-04-23 18:35","31","저조"
"SO_1283","사천진항","2026-04-24 03:24","2","고조"
"SO_1283","사천진항","2026-04-24 12:34","23","저조"
"SO_1283","사천진항","2026-04-24 15:00","22","고조"
"SO_1283","사천진항","2026-04-24 20:03","27","저조"
"SO_1283","사천진항","2026-04-25 04:41","2","고조"
"SO_1283","사천진항","2026-04-25 12:48","22","저조"
"SO_1283","사천진항","2026-04-25 16:43","18","고조"
"SO_1283","사천진항","2026-04-25 21:35","24","저조"
"SO_1283","사천진항","2026-04-24 03:24","2","고조"
"SO_1283","사천진항","2026-04-24 12:34","23","저조"
"SO_1283","사천진항","2026-04-24 15:00","22","고조"
"SO_1283","사천진항","2026-04-24 20:03","27","저조"
"SO_1283","사천진항","2026-04-25 04:41","2","고조"
"SO_1283","사천진항","2026-04-25 12:48","22","저조"
"SO_1283","사천진항","2026-04-25 16:43","18","고조"
"SO_1283","사천진항","2026-04-25 21:35","24","저조"
"SO_1283","사천진항","2026-04-26 05:50","2","고조"
"SO_1283","사천진항","2026-04-26 13:01","20","저조"
"SO_1283","사천진항","2026-04-25 04:41","2","고조"
"SO_1283","사천진항","2026-04-25 12:48","22","저조"
"SO_1283","사천진항","2026-04-25 16:43","18","고조"
"SO_1283","사천진항","2026-04-25 21:35","24","저조"
"SO_1283","사천진항","2026-04-26 05:50","2","고조"
"SO_1283","사천진항","2026-04-26 13:01","20","저조"
"SO_1283","사천진항","2026-04-26 17:57","13","고조"
"SO_1283","사천진항","2026-04-26 23:06","21","저조"
"SO_1283","사천진항","2026-04-27 06:41","1","고조"
"SO_1283","사천진항","2026-04-27 13:13","18","저조"
"SO_1283","사천진항","2026-04-26 05:50","2","고조"
"SO_1283","사천진항","2026-04-26 13:01","20","저조"
"SO_1283","사천진항","2026-04-26 17:57","13","고조"
"SO_1283","사천진항","2026-04-26 23:06","21","저조"
"SO_1283","사천진항","2026-04-27 06:41","1","고조"
"SO_1283","사천진항","2026-04-27 13:13","18","저조"
"SO_1283","사천진항","2026-04-27 18:49","8","고조"
"SO_1283","사천진항","2026-04-28 00:28","19","저조"
"SO_1283","사천진항","2026-04-28 07:20","1","고조"
"SO_1283","사천진항","2026-04-28 13:27","18","저조"
"SO_1283","사천진항","2026-04-27 06:41","1","고조"
"SO_1283","사천진항","2026-04-27 13:13","18","저조"
"SO_1283","사천진항","2026-04-27 18:49","8","고조"
"SO_1283","사천진항","2026-04-28 00:28","19","저조"
"SO_1283","사천진항","2026-04-28 07:20","1","고조"
"SO_1283","사천진항","2026-04-28 13:27","18","저조"
"SO_1283","사천진항","2026-04-28 19:33","3","고조"
"SO_1283","사천진항","2026-04-29 01:29","17","저조"
"SO_1283","사천진항","2026-04-29 07:51","2","고조"
"SO_1283","사천진항","2026-04-29 13:43","18","저조"
"SO_1283","사천진항","2026-04-28 00:28","19","저조"
"SO_1283","사천진항","2026-04-28 07:20","1","고조"
"SO_1283","사천진항","2026-04-28 13:27","18","저조"
"SO_1283","사천진항","2026-04-28 19:33","3","고조"
"SO_1283","사천진항","2026-04-29 01:29","17","저조"
"SO_1283","사천진항","2026-04-29 07:51","2","고조"
"SO_1283","사천진항","2026-04-29 13:43","18","저조"
"SO_1283","사천진항","2026-04-29 20:12","-1","고조"
"SO_1283","사천진항","2026-04-30 02:18","17","저조"
"SO_1283","사천진항","2026-04-30 08:18","4","고조"
"SO_1283","사천진항","2026-04-29 01:29","17","저조"
"SO_1283","사천진항","2026-04-29 07:51","2","고조"
"SO_1283","사천진항","2026-04-29 13:43","18","저조"
"SO_1283","사천진항","2026-04-29 20:12","-1","고조"
"SO_1283","사천진항","2026-04-30 02:18","17","저조"
"SO_1283","사천진항","2026-04-30 08:18","4","고조"
"SO_1283","사천진항","2026-04-30 14:03","20","저조"
"SO_1283","사천진항","2026-04-30 20:50","-3","고조"
"SO_1283","사천진항","2026-05-01 03:03","16","저조"
"SO_1283","사천진항","2026-05-01 08:40","7","고조"
"SO_1283","사천진항","2026-04-30 02:18","17","저조"
"SO_1283","사천진항","2026-04-30 08:18","4","고조"
"SO_1283","사천진항","2026-04-30 14:03","20","저조"
"SO_1283","사천진항","2026-04-30 20:50","-3","고조"
"SO_1283","사천진항","2026-05-01 03:03","16","저조"
"SO_1283","사천진항","2026-05-01 08:40","7","고조"
"SO_1283","사천진항","2026-05-01 14:25","22","저조"
"SO_1283","사천진항","2026-05-01 21:27","-4","고조"
"SO_1283","사천진항","2026-05-02 03:47","17","저조"
"SO_1283","사천진항","2026-05-02 09:00","10","고조"
"SO_1283","사천진항","2026-05-01 03:03","16","저조"
"SO_1283","사천진항","2026-05-01 08:40","7","고조"
"SO_1283","사천진항","2026-05-01 14:25","22","저조"
"SO_1283","사천진항","2026-05-01 21:27","-4","고조"
"SO_1283","사천진항","2026-05-02 03:47","17","저조"
"SO_1283","사천진항","2026-05-02 09:00","10","고조"
"SO_1283","사천진항","2026-05-02 14:49","25","저조"
"SO_1283","사천진항","2026-05-02 22:04","-3","고조"
"SO_1283","사천진항","2026-05-03 04:34","18","저조"
"SO_1283","사천진항","2026-05-03 09:19","13","고조"
"SO_1283","사천진항","2026-05-02 03:47","17","저조"
"SO_1283","사천진항","2026-05-02 09:00","10","고조"
"SO_1283","사천진항","2026-05-02 14:49","25","저조"
"SO_1283","사천진항","2026-05-02 22:04","-3","고조"
"SO_1283","사천진항","2026-05-03 04:34","18","저조"
"SO_1283","사천진항","2026-05-03 09:19","13","고조"
"SO_1283","사천진항","2026-05-03 15:14","28","저조"
"SO_1283","사천진항","2026-05-03 22:40","-1","고조"
"SO_1283","사천진항","2026-05-04 05:34","19","저조"
"SO_1283","사천진항","2026-05-04 09:37","16","고조"
"SO_1283","사천진항","2026-05-03 04:34","18","저조"
"SO_1283","사천진항","2026-05-03 09:19","13","고조"
"SO_1283","사천진항","2026-05-03 15:14","28","저조"
"SO_1283","사천진항","2026-05-03 22:40","-1","고조"
"SO_1283","사천진항","2026-05-04 05:34","19","저조"
"SO_1283","사천진항","2026-05-04 09:37","16","고조"
"SO_1283","사천진항","2026-05-04 15:41","30","저조"
"SO_1283","사천진항","2026-05-04 23:18","2","고조"
"SO_1283","사천진항","2026-05-05 06:53","21","저조"
"SO_1283","사천진항","2026-05-05 09:58","18","고조"
"SO_1283","사천진항","2026-05-04 05:34","19","저조"
"SO_1283","사천진항","2026-05-04 09:37","16","고조"
"SO_1283","사천진항","2026-05-04 15:41","30","저조"
"SO_1283","사천진항","2026-05-04 23:18","2","고조"
"SO_1283","사천진항","2026-05-05 06:53","21","저조"
"SO_1283","사천진항","2026-05-05 09:58","18","고조"
"SO_1283","사천진항","2026-05-05 16:09","31","저조"
"SO_1283","사천진항","2026-05-05 23:59","4","고조"
"SO_1283","사천진항","2026-05-06 08:03","21","저조"
"SO_1283","사천진항","2026-05-06 10:17","20","고조"
"SO_1283","사천진항","2026-05-05 06:53","21","저조"
"SO_1283","사천진항","2026-05-05 09:58","18","고조"
"SO_1283","사천진항","2026-05-05 16:09","31","저조"
"SO_1283","사천진항","2026-05-05 23:59","4","고조"
"SO_1283","사천진항","2026-05-06 08:03","21","저조"
"SO_1283","사천진항","2026-05-06 10:17","20","고조"
"SO_1283","사천진항","2026-05-06 16:39","31","저조"
"SO_1283","사천진항","2026-05-07 00:46","6","고조"
"SO_1283","사천진항","2026-05-07 09:16","22","저조"
"SO_1283","사천진항","2026-05-07 10:29","21","고조"
"SO_1283","사천진항","2026-05-06 08:03","21","저조"
"SO_1283","사천진항","2026-05-06 10:17","20","고조"
"SO_1283","사천진항","2026-05-06 16:39","31","저조"
"SO_1283","사천진항","2026-05-07 00:46","6","고조"
"SO_1283","사천진항","2026-05-07 09:16","22","저조"
"SO_1283","사천진항","2026-05-07 10:29","21","고조"
"SO_1283","사천진항","2026-05-07 17:12","30","저조"
"SO_1283","사천진항","2026-05-08 01:42","7","고조"
"SO_1283","사천진항","2026-05-08 17:54","28","저조"
"SO_1283","사천진항","2026-05-09 02:43","7","고조"
"SO_1283","사천진항","2026-05-07 00:46","6","고조"
"SO_1283","사천진항","2026-05-07 09:16","22","저조"
"SO_1283","사천진항","2026-05-07 10:29","21","고조"
"SO_1283","사천진항","2026-05-07 17:12","30","저조"
"SO_1283","사천진항","2026-05-08 01:42","7","고조"
"SO_1283","사천진항","2026-05-08 17:54","28","저조"
"SO_1283","사천진항","2026-05-09 02:43","7","고조"
"SO_1283","사천진항","2026-05-09 18:59","25","저조"
"SO_1283","사천진항","2026-05-10 03:46","6","고조"
"SO_1283","사천진항","2026-05-10 12:21","20","저조"
"SO_1283","사천진항","2026-05-08 01:42","7","고조"
"SO_1283","사천진항","2026-05-08 17:54","28","저조"
"SO_1283","사천진항","2026-05-09 02:43","7","고조"
"SO_1283","사천진항","2026-05-09 18:59","25","저조"
"SO_1283","사천진항","2026-05-10 03:46","6","고조"
"SO_1283","사천진항","2026-05-10 12:21","20","저조"
"SO_1283","사천진항","2026-05-10 15:27","19","고조"
"SO_1283","사천진항","2026-05-10 20:22","23","저조"
"SO_1283","사천진항","2026-05-11 04:47","5","고조"
"SO_1283","사천진항","2026-05-11 12:20","19","저조"
"SO_1283","사천진항","2026-05-09 02:43","7","고조"
"SO_1283","사천진항","2026-05-09 18:59","25","저조"
"SO_1283","사천진항","2026-05-10 03:46","6","고조"
"SO_1283","사천진항","2026-05-10 12:21","20","저조"
"SO_1283","사천진항","2026-05-10 15:27","19","고조"
"SO_1283","사천진항","2026-05-10 20:22","23","저조"
"SO_1283","사천진항","2026-05-11 04:47","5","고조"
"SO_1283","사천진항","2026-05-11 12:20","19","저조"
"SO_1283","사천진항","2026-05-11 17:10","15","고조"
"SO_1283","사천진항","2026-05-11 21:41","21","저조"
"SO_1283","사천진항","2026-05-10 03:46","6","고조"
"SO_1283","사천진항","2026-05-10 12:21","20","저조"
"SO_1283","사천진항","2026-05-10 15:27","19","고조"
"SO_1283","사천진항","2026-05-10 20:22","23","저조"
"SO_1283","사천진항","2026-05-11 04:47","5","고조"
"SO_1283","사천진항","2026-05-11 12:20","19","저조"
"SO_1283","사천진항","2026-05-11 17:10","15","고조"
"SO_1283","사천진항","2026-05-11 21:41","21","저조"
"SO_1283","사천진항","2026-05-12 05:38","5","고조"
"SO_1283","사천진항","2026-05-12 12:25","19","저조"
"SO_1283","사천진항","2026-05-11 04:47","5","고조"
"SO_1283","사천진항","2026-05-11 12:20","19","저조"
"SO_1283","사천진항","2026-05-11 17:10","15","고조"
"SO_1283","사천진항","2026-05-11 21:41","21","저조"
"SO_1283","사천진항","2026-05-12 05:38","5","고조"
"SO_1283","사천진항","2026-05-12 12:25","19","저조"
"SO_1283","사천진항","2026-05-12 18:05","11","고조"
"SO_1283","사천진항","2026-05-12 23:14","20","저조"
"SO_1283","사천진항","2026-05-13 06:20","5","고조"
"SO_1283","사천진항","2026-05-13 12:37","21","저조"
"SO_1283","사천진항","2026-05-12 05:38","5","고조"
"SO_1283","사천진항","2026-05-12 12:25","19","저조"
"SO_1283","사천진항","2026-05-12 18:05","11","고조"
"SO_1283","사천진항","2026-05-12 23:14","20","저조"
"SO_1283","사천진항","2026-05-13 06:20","5","고조"
"SO_1283","사천진항","2026-05-13 12:37","21","저조"
"SO_1283","사천진항","2026-05-13 18:51","6","고조"
"SO_1283","사천진항","2026-05-14 00:43","20","저조"
"SO_1283","사천진항","2026-05-14 06:59","7","고조"
"SO_1283","사천진항","2026-05-14 12:57","24","저조"
"SO_1283","사천진항","2026-05-13 06:20","5","고조"
"SO_1283","사천진항","2026-05-13 12:37","21","저조"
"SO_1283","사천진항","2026-05-13 18:51","6","고조"
"SO_1283","사천진항","2026-05-14 00:43","20","저조"
"SO_1283","사천진항","2026-05-14 06:59","7","고조"
"SO_1283","사천진항","2026-05-14 12:57","24","저조"
"SO_1283","사천진항","2026-05-14 19:35","3","고조"
"SO_1283","사천진항","2026-05-15 01:47","22","저조"
"SO_1283","사천진항","2026-05-15 07:36","10","고조"
"SO_1283","사천진항","2026-05-15 13:25","28","저조"
"SO_1283","사천진항","2026-05-14 00:43","20","저조"
"SO_1283","사천진항","2026-05-14 06:59","7","고조"
"SO_1283","사천진항","2026-05-14 12:57","24","저조"
"SO_1283","사천진항","2026-05-14 19:35","3","고조"
"SO_1283","사천진항","2026-05-15 01:47","22","저조"
"SO_1283","사천진항","2026-05-15 07:36","10","고조"
"SO_1283","사천진항","2026-05-15 13:25","28","저조"
"SO_1283","사천진항","2026-05-15 20:21","","고조"
"SO_1283","사천진항","2026-05-16 02:44","24","저조"
"SO_1283","사천진항","2026-05-16 08:13","14","고조"
"SO_1283","사천진항","2026-05-15 01:47","22","저조"
"SO_1283","사천진항","2026-05-15 07:36","10","고조"
"SO_1283","사천진항","2026-05-15 13:25","28","저조"
"SO_1283","사천진항","2026-05-15 20:21","","고조"
"SO_1283","사천진항","2026-05-16 02:44","24","저조"
"SO_1283","사천진항","2026-05-16 08:13","14","고조"
"SO_1283","사천진항","2026-05-16 13:58","32","저조"
"SO_1283","사천진항","2026-05-16 21:08","-1","고조"
"SO_1283","사천진항","2026-05-17 03:43","26","저조"
"SO_1283","사천진항","2026-05-17 08:50","18","고조"
"SO_1283","사천진항","2026-05-16 02:44","24","저조"
"SO_1283","사천진항","2026-05-16 08:13","14","고조"
"SO_1283","사천진항","2026-05-16 13:58","32","저조"
"SO_1283","사천진항","2026-05-16 21:08","-1","고조"
"SO_1283","사천진항","2026-05-17 03:43","26","저조"
"SO_1283","사천진항","2026-05-17 08:50","18","고조"
"SO_1283","사천진항","2026-05-17 14:34","37","저조"
"SO_1283","사천진항","2026-05-17 21:59","-1","고조"
"SO_1283","사천진항","2026-05-18 04:54","28","저조"
"SO_1283","사천진항","2026-05-18 09:27","22","고조"
"SO_1283","사천진항","2026-05-17 03:43","26","저조"
"SO_1283","사천진항","2026-05-17 08:50","18","고조"
"SO_1283","사천진항","2026-05-17 14:34","37","저조"
"SO_1283","사천진항","2026-05-17 21:59","-1","고조"
"SO_1283","사천진항","2026-05-18 04:54","28","저조"
"SO_1283","사천진항","2026-05-18 09:27","22","고조"
"SO_1283","사천진항","2026-05-18 15:13","40","저조"
"SO_1283","사천진항","2026-05-18 22:53","","고조"
"SO_1283","사천진항","2026-05-19 06:25","29","저조"
"SO_1283","사천진항","2026-05-19 10:06","25","고조"
"SO_1283","사천진항","2026-05-18 04:54","28","저조"
"SO_1283","사천진항","2026-05-18 09:27","22","고조"
"SO_1283","사천진항","2026-05-18 15:13","40","저조"
"SO_1283","사천진항","2026-05-18 22:53","","고조"
"SO_1283","사천진항","2026-05-19 06:25","29","저조"
"SO_1283","사천진항","2026-05-19 10:06","25","고조"
"SO_1283","사천진항","2026-05-19 15:56","42","저조"
"SO_1283","사천진항","2026-05-19 23:51","2","고조"
"SO_1283","사천진항","2026-05-20 07:39","30","저조"
"SO_1283","사천진항","2026-05-20 10:48","27","고조"
"SO_1283","사천진항","2026-05-19 06:25","29","저조"
"SO_1283","사천진항","2026-05-19 10:06","25","고조"
"SO_1283","사천진항","2026-05-19 15:56","42","저조"
"SO_1283","사천진항","2026-05-19 23:51","2","고조"
"SO_1283","사천진항","2026-05-20 07:39","30","저조"
"SO_1283","사천진항","2026-05-20 10:48","27","고조"
"SO_1283","사천진항","2026-05-20 16:42","42","저조"
"SO_1283","사천진항","2026-05-21 00:53","4","고조"
"SO_1283","사천진항","2026-05-21 08:49","30","저조"
"SO_1283","사천진항","2026-05-21 11:47","28","고조"
"SO_1283","사천진항","2026-05-20 07:39","30","저조"
"SO_1283","사천진항","2026-05-20 10:48","27","고조"
"SO_1283","사천진항","2026-05-20 16:42","42","저조"
"SO_1283","사천진항","2026-05-21 00:53","4","고조"
"SO_1283","사천진항","2026-05-21 08:49","30","저조"
"SO_1283","사천진항","2026-05-21 11:47","28","고조"
"SO_1283","사천진항","2026-05-21 17:37","40","저조"
"SO_1283","사천진항","2026-05-22 01:54","6","고조"
"SO_1283","사천진항","2026-05-22 10:07","29","저조"
"SO_1283","사천진항","2026-05-22 13:19","28","고조"
"SO_1283","사천진항","2026-05-21 00:53","4","고조"
"SO_1283","사천진항","2026-05-21 08:49","30","저조"
"SO_1283","사천진항","2026-05-21 11:47","28","고조"
"SO_1283","사천진항","2026-05-21 17:37","40","저조"
"SO_1283","사천진항","2026-05-22 01:54","6","고조"
"SO_1283","사천진항","2026-05-22 10:07","29","저조"
"SO_1283","사천진항","2026-05-22 13:19","28","고조"
"SO_1283","사천진항","2026-05-22 18:43","36","저조"
"SO_1283","사천진항","2026-05-23 02:57","8","고조"
"SO_1283","사천진항","2026-05-23 11:05","28","저조"
"SO_1283","사천진항","2026-05-22 01:54","6","고조"
"SO_1283","사천진항","2026-05-22 10:07","29","저조"
"SO_1283","사천진항","2026-05-22 13:19","28","고조"
"SO_1283","사천진항","2026-05-22 18:43","36","저조"
"SO_1283","사천진항","2026-05-23 02:57","8","고조"
"SO_1283","사천진항","2026-05-23 11:05","28","저조"
"SO_1283","사천진항","2026-05-23 14:52","25","고조"
"SO_1283","사천진항","2026-05-23 19:56","32","저조"
"SO_1283","사천진항","2026-05-24 04:04","10","고조"
"SO_1283","사천진항","2026-05-24 11:37","27","저조"
"SO_1283","사천진항","2026-05-23 02:57","8","고조"
"SO_1283","사천진항","2026-05-23 11:05","28","저조"
"SO_1283","사천진항","2026-05-23 14:52","25","고조"
"SO_1283","사천진항","2026-05-23 19:56","32","저조"
"SO_1283","사천진항","2026-05-24 04:04","10","고조"
"SO_1283","사천진항","2026-05-24 11:37","27","저조"
"SO_1283","사천진항","2026-05-24 16:25","21","고조"
"SO_1283","사천진항","2026-05-24 21:15","28","저조"
"SO_1283","사천진항","2026-05-25 05:07","11","고조"
"SO_1283","사천진항","2026-05-25 11:58","26","저조"
"SO_1283","사천진항","2026-05-24 04:04","10","고조"
"SO_1283","사천진항","2026-05-24 11:37","27","저조"
"SO_1283","사천진항","2026-05-24 16:25","21","고조"
"SO_1283","사천진항","2026-05-24 21:15","28","저조"
"SO_1283","사천진항","2026-05-25 05:07","11","고조"
"SO_1283","사천진항","2026-05-25 11:58","26","저조"
"SO_1283","사천진항","2026-05-25 17:39","16","고조"
"SO_1283","사천진항","2026-05-25 23:02","24","저조"
"SO_1283","사천진항","2026-05-26 05:57","12","고조"
"SO_1283","사천진항","2026-05-26 12:18","26","저조"
"SO_1283","사천진항","2026-05-25 05:07","11","고조"
"SO_1283","사천진항","2026-05-25 11:58","26","저조"
"SO_1283","사천진항","2026-05-25 17:39","16","고조"
"SO_1283","사천진항","2026-05-25 23:02","24","저조"
"SO_1283","사천진항","2026-05-26 05:57","12","고조"
"SO_1283","사천진항","2026-05-26 12:18","26","저조"
"SO_1283","사천진항","2026-05-26 18:32","12","고조"
"SO_1283","사천진항","2026-05-27 00:34","23","저조"
"SO_1283","사천진항","2026-05-27 06:35","14","고조"
"SO_1283","사천진항","2026-05-27 12:37","26","저조"
"SO_1283","사천진항","2026-05-26 05:57","12","고조"
"SO_1283","사천진항","2026-05-26 12:18","26","저조"
"SO_1283","사천진항","2026-05-26 18:32","12","고조"
"SO_1283","사천진항","2026-05-27 00:34","23","저조"
"SO_1283","사천진항","2026-05-27 06:35","14","고조"
"SO_1283","사천진항","2026-05-27 12:37","26","저조"
"SO_1283","사천진항","2026-05-27 19:17","9","고조"
"SO_1283","사천진항","2026-05-28 01:38","23","저조"
"SO_1283","사천진항","2026-05-28 07:06","16","고조"
"SO_1283","사천진항","2026-05-28 12:59","28","저조"
"SO_1283","사천진항","2026-05-27 00:34","23","저조"
"SO_1283","사천진항","2026-05-27 06:35","14","고조"
"SO_1283","사천진항","2026-05-27 12:37","26","저조"
"SO_1283","사천진항","2026-05-27 19:17","9","고조"
"SO_1283","사천진항","2026-05-28 01:38","23","저조"
"SO_1283","사천진항","2026-05-28 07:06","16","고조"
"SO_1283","사천진항","2026-05-28 12:59","28","저조"
"SO_1283","사천진항","2026-05-28 19:57","7","고조"
"SO_1283","사천진항","2026-05-29 02:33","23","저조"
"SO_1283","사천진항","2026-05-29 07:31","19","고조"
"SO_1283","사천진항","2026-05-28 01:38","23","저조"
"SO_1283","사천진항","2026-05-28 07:06","16","고조"
"SO_1283","사천진항","2026-05-28 12:59","28","저조"
"SO_1283","사천진항","2026-05-28 19:57","7","고조"
"SO_1283","사천진항","2026-05-29 02:33","23","저조"
"SO_1283","사천진항","2026-05-29 07:31","19","고조"
"SO_1283","사천진항","2026-05-29 13:22","31","저조"
"SO_1283","사천진항","2026-05-29 20:35","6","고조"
"SO_1283","사천진항","2026-05-30 03:27","25","저조"
"SO_1283","사천진항","2026-05-30 07:53","21","고조"
"SO_1283","사천진항","2026-05-29 02:33","23","저조"
"SO_1283","사천진항","2026-05-29 07:31","19","고조"
"SO_1283","사천진항","2026-05-29 13:22","31","저조"
"SO_1283","사천진항","2026-05-29 20:35","6","고조"
"SO_1283","사천진항","2026-05-30 03:27","25","저조"
"SO_1283","사천진항","2026-05-30 07:53","21","고조"
"SO_1283","사천진항","2026-05-30 13:49","34","저조"
"SO_1283","사천진항","2026-05-30 21:14","7","고조"
"SO_1283","사천진항","2026-05-31 04:24","26","저조"
"SO_1283","사천진항","2026-05-31 08:13","24","고조"
"SO_1283","사천진항","2026-05-30 03:27","25","저조"
"SO_1283","사천진항","2026-05-30 07:53","21","고조"
"SO_1283","사천진항","2026-05-30 13:49","34","저조"
"SO_1283","사천진항","2026-05-30 21:14","7","고조"
"SO_1283","사천진항","2026-05-31 04:24","26","저조"
"SO_1283","사천진항","2026-05-31 08:13","24","고조"
"SO_1283","사천진항","2026-05-31 14:17","37","저조"
"SO_1283","사천진항","2026-05-31 21:53","8","고조"
"SO_1283","사천진항","2026-06-01 05:16","28","저조"
"SO_1283","사천진항","2026-06-01 08:37","26","고조"
"SO_1283","사천진항","2026-05-31 04:24","26","저조"
"SO_1283","사천진항","2026-05-31 08:13","24","고조"
"SO_1283","사천진항","2026-05-31 14:17","37","저조"
"SO_1283","사천진항","2026-05-31 21:53","8","고조"
"SO_1283","사천진항","2026-06-01 05:16","28","저조"
"SO_1283","사천진항","2026-06-01 08:37","26","고조"
"SO_1283","사천진항","2026-06-01 14:47","39","저조"
"SO_1283","사천진항","2026-06-01 22:32","10","고조"
"SO_1283","사천진항","2026-06-02 06:01","30","저조"
"SO_1283","사천진항","2026-06-02 09:02","28","고조"
"SO_1283","사천진항","2026-06-01 05:16","28","저조"
"SO_1283","사천진항","2026-06-01 08:37","26","고조"
"SO_1283","사천진항","2026-06-01 14:47","39","저조"
"SO_1283","사천진항","2026-06-01 22:32","10","고조"
"SO_1283","사천진항","2026-06-02 06:01","30","저조"
"SO_1283","사천진항","2026-06-02 09:02","28","고조"
"SO_1283","사천진항","2026-06-02 15:18","40","저조"
"SO_1283","사천진항","2026-06-02 23:11","11","고조"
"SO_1283","사천진항","2026-06-03 06:44","30","저조"
"SO_1283","사천진항","2026-06-03 09:31","29","고조"
"SO_1283","사천진항","2026-06-02 06:01","30","저조"
"SO_1283","사천진항","2026-06-02 09:02","28","고조"
"SO_1283","사천진항","2026-06-02 15:18","40","저조"
"SO_1283","사천진항","2026-06-02 23:11","11","고조"
"SO_1283","사천진항","2026-06-03 06:44","30","저조"
"SO_1283","사천진항","2026-06-03 09:31","29","고조"
"SO_1283","사천진항","2026-06-03 15:51","41","저조"
"SO_1283","사천진항","2026-06-03 23:51","12","고조"
"SO_1283","사천진항","2026-06-04 07:28","30","저조"
"SO_1283","사천진항","2026-06-04 10:01","29","고조"
"SO_1283","사천진항","2026-06-03 06:44","30","저조"
"SO_1283","사천진항","2026-06-03 09:31","29","고조"
"SO_1283","사천진항","2026-06-03 15:51","41","저조"
"SO_1283","사천진항","2026-06-03 23:51","12","고조"
"SO_1283","사천진항","2026-06-04 07:28","30","저조"
"SO_1283","사천진항","2026-06-04 10:01","29","고조"
"SO_1283","사천진항","2026-06-04 16:27","40","저조"
"SO_1283","사천진항","2026-06-05 00:31","13","고조"
"SO_1283","사천진항","2026-06-05 17:08","38","저조"
"SO_1283","사천진항","2026-06-06 01:10","13","고조"
"SO_1283","사천진항","2026-06-04 07:28","30","저조"
"SO_1283","사천진항","2026-06-04 10:01","29","고조"
"SO_1283","사천진항","2026-06-04 16:27","40","저조"
"SO_1283","사천진항","2026-06-05 00:31","13","고조"
"SO_1283","사천진항","2026-06-05 17:08","38","저조"
"SO_1283","사천진항","2026-06-06 01:10","13","고조"
"SO_1283","사천진항","2026-06-06 17:57","36","저조"
"SO_1283","사천진항","2026-06-07 01:51","13","고조"
"SO_1283","사천진항","2026-06-07 10:07","28","저조"
"SO_1283","사천진항","2026-06-07 13:08","27","고조"
"SO_1283","사천진항","2026-06-05 00:31","13","고조"
"SO_1283","사천진항","2026-06-05 17:08","38","저조"
"SO_1283","사천진항","2026-06-06 01:10","13","고조"
"SO_1283","사천진항","2026-06-06 17:57","36","저조"
"SO_1283","사천진항","2026-06-07 01:51","13","고조"
"SO_1283","사천진항","2026-06-07 10:07","28","저조"
"SO_1283","사천진항","2026-06-07 13:08","27","고조"
"SO_1283","사천진항","2026-06-07 18:56","33","저조"
"SO_1283","사천진항","2026-06-08 02:33","14","고조"
"SO_1283","사천진항","2026-06-08 10:27","27","저조"
"SO_1283","사천진항","2026-06-06 01:10","13","고조"
"SO_1283","사천진항","2026-06-06 17:57","36","저조"
"SO_1283","사천진항","2026-06-07 01:51","13","고조"
"SO_1283","사천진항","2026-06-07 10:07","28","저조"
"SO_1283","사천진항","2026-06-07 13:08","27","고조"
"SO_1283","사천진항","2026-06-07 18:56","33","저조"
"SO_1283","사천진항","2026-06-08 02:33","14","고조"
"SO_1283","사천진항","2026-06-08 10:27","27","저조"
"SO_1283","사천진항","2026-06-08 14:35","24","고조"
"SO_1283","사천진항","2026-06-08 20:00","31","저조"
"SO_1283","사천진항","2026-06-07 01:51","13","고조"
"SO_1283","사천진항","2026-06-07 10:07","28","저조"
"SO_1283","사천진항","2026-06-07 13:08","27","고조"
"SO_1283","사천진항","2026-06-07 18:56","33","저조"
"SO_1283","사천진항","2026-06-08 02:33","14","고조"
"SO_1283","사천진항","2026-06-08 10:27","27","저조"
"SO_1283","사천진항","2026-06-08 14:35","24","고조"
"SO_1283","사천진항","2026-06-08 20:00","31","저조"
"SO_1283","사천진항","2026-06-09 03:20","15","고조"
"SO_1283","사천진항","2026-06-09 10:35","28","저조"
"SO_1283","사천진항","2026-06-08 02:33","14","고조"
"SO_1283","사천진항","2026-06-08 10:27","27","저조"
"SO_1283","사천진항","2026-06-08 14:35","24","고조"
"SO_1283","사천진항","2026-06-08 20:00","31","저조"
"SO_1283","사천진항","2026-06-09 03:20","15","고조"
"SO_1283","사천진항","2026-06-09 10:35","28","저조"
"SO_1283","사천진항","2026-06-09 16:15","22","고조"
"SO_1283","사천진항","2026-06-09 21:12","29","저조"
"SO_1283","사천진항","2026-06-10 04:15","17","고조"
"SO_1283","사천진항","2026-06-10 10:55","30","저조"
"SO_1283","사천진항","2026-06-09 03:20","15","고조"
"SO_1283","사천진항","2026-06-09 10:35","28","저조"
"SO_1283","사천진항","2026-06-09 16:15","22","고조"
"SO_1283","사천진항","2026-06-09 21:12","29","저조"
"SO_1283","사천진항","2026-06-10 04:15","17","고조"
"SO_1283","사천진항","2026-06-10 10:55","30","저조"
"SO_1283","사천진항","2026-06-10 17:32","18","고조"
"SO_1283","사천진항","2026-06-10 23:04","28","저조"
"SO_1283","사천진항","2026-06-11 05:15","20","고조"
"SO_1283","사천진항","2026-06-11 11:26","33","저조"
"SO_1283","사천진항","2026-06-10 04:15","17","고조"
"SO_1283","사천진항","2026-06-10 10:55","30","저조"
"SO_1283","사천진항","2026-06-10 17:32","18","고조"
"SO_1283","사천진항","2026-06-10 23:04","28","저조"
"SO_1283","사천진항","2026-06-11 05:15","20","고조"
"SO_1283","사천진항","2026-06-11 11:26","33","저조"
"SO_1283","사천진항","2026-06-11 18:28","15","고조"
"SO_1283","사천진항","2026-06-12 00:45","30","저조"
"SO_1283","사천진항","2026-06-12 06:07","23","고조"
"SO_1283","사천진항","2026-06-12 12:03","37","저조"
"SO_1283","사천진항","2026-06-11 05:15","20","고조"
"SO_1283","사천진항","2026-06-11 11:26","33","저조"
"SO_1283","사천진항","2026-06-11 18:28","15","고조"
"SO_1283","사천진항","2026-06-12 00:45","30","저조"
"SO_1283","사천진항","2026-06-12 06:07","23","고조"
"SO_1283","사천진항","2026-06-12 12:03","37","저조"
"SO_1283","사천진항","2026-06-12 19:18","13","고조"
"SO_1283","사천진항","2026-06-13 01:55","32","저조"
"SO_1283","사천진항","2026-06-13 06:53","27","고조"
"SO_1283","사천진항","2026-06-13 12:44","42","저조"
"SO_1283","사천진항","2026-06-12 00:45","30","저조"
"SO_1283","사천진항","2026-06-12 06:07","23","고조"
"SO_1283","사천진항","2026-06-12 12:03","37","저조"
"SO_1283","사천진항","2026-06-12 19:18","13","고조"
"SO_1283","사천진항","2026-06-13 01:55","32","저조"
"SO_1283","사천진항","2026-06-13 06:53","27","고조"
"SO_1283","사천진항","2026-06-13 12:44","42","저조"
"SO_1283","사천진항","2026-06-13 20:09","11","고조"
"SO_1283","사천진항","2026-06-14 03:03","34","저조"
"SO_1283","사천진항","2026-06-14 07:36","30","고조"
"SO_1283","사천진항","2026-06-13 01:55","32","저조"
"SO_1283","사천진항","2026-06-13 06:53","27","고조"
"SO_1283","사천진항","2026-06-13 12:44","42","저조"
"SO_1283","사천진항","2026-06-13 20:09","11","고조"
"SO_1283","사천진항","2026-06-14 03:03","34","저조"
"SO_1283","사천진항","2026-06-14 07:36","30","고조"
"SO_1283","사천진항","2026-06-14 13:28","46","저조"
"SO_1283","사천진항","2026-06-14 21:02","10","고조"
"SO_1283","사천진항","2026-06-15 04:17","37","저조"
"SO_1283","사천진항","2026-06-15 08:20","33","고조"
"SO_1283","사천진항","2026-06-14 03:03","34","저조"
"SO_1283","사천진항","2026-06-14 07:36","30","고조"
"SO_1283","사천진항","2026-06-14 13:28","46","저조"
"SO_1283","사천진항","2026-06-14 21:02","10","고조"
"SO_1283","사천진항","2026-06-15 04:17","37","저조"
"SO_1283","사천진항","2026-06-15 08:20","33","고조"
"SO_1283","사천진항","2026-06-15 14:13","50","저조"
"SO_1283","사천진항","2026-06-15 21:59","10","고조"
"SO_1283","사천진항","2026-06-16 05:23","38","저조"
"SO_1283","사천진항","2026-06-16 09:05","34","고조"
"SO_1283","사천진항","2026-06-15 04:17","37","저조"
"SO_1283","사천진항","2026-06-15 08:20","33","고조"
"SO_1283","사천진항","2026-06-15 14:13","50","저조"
"SO_1283","사천진항","2026-06-15 21:59","10","고조"
"SO_1283","사천진항","2026-06-16 05:23","38","저조"
"SO_1283","사천진항","2026-06-16 09:05","34","고조"
"SO_1283","사천진항","2026-06-16 15:01","52","저조"
"SO_1283","사천진항","2026-06-16 22:55","10","고조"
"SO_1283","사천진항","2026-06-17 06:15","38","저조"
"SO_1283","사천진항","2026-06-17 09:56","35","고조"
"SO_1283","사천진항","2026-06-16 05:23","38","저조"
"SO_1283","사천진항","2026-06-16 09:05","34","고조"
"SO_1283","사천진항","2026-06-16 15:01","52","저조"
"SO_1283","사천진항","2026-06-16 22:55","10","고조"
"SO_1283","사천진항","2026-06-17 06:15","38","저조"
"SO_1283","사천진항","2026-06-17 09:56","35","고조"
"SO_1283","사천진항","2026-06-17 15:51","52","저조"
"SO_1283","사천진항","2026-06-17 23:49","11","고조"
"SO_1283","사천진항","2026-06-18 07:02","38","저조"
"SO_1283","사천진항","2026-06-18 10:56","35","고조"
"SO_1283","사천진항","2026-06-17 06:15","38","저조"
"SO_1283","사천진항","2026-06-17 09:56","35","고조"
"SO_1283","사천진항","2026-06-17 15:51","52","저조"
"SO_1283","사천진항","2026-06-17 23:49","11","고조"
"SO_1283","사천진항","2026-06-18 07:02","38","저조"
"SO_1283","사천진항","2026-06-18 10:56","35","고조"
"SO_1283","사천진항","2026-06-18 16:44","51","저조"
"SO_1283","사천진항","2026-06-19 00:39","12","고조"
"SO_1283","사천진항","2026-06-19 07:49","37","저조"
"SO_1283","사천진항","2026-06-19 12:02","33","고조"
"SO_1283","사천진항","2026-06-18 07:02","38","저조"
"SO_1283","사천진항","2026-06-18 10:56","35","고조"
"SO_1283","사천진항","2026-06-18 16:44","51","저조"
"SO_1283","사천진항","2026-06-19 00:39","12","고조"
"SO_1283","사천진항","2026-06-19 07:49","37","저조"
"SO_1283","사천진항","2026-06-19 12:02","33","고조"
"SO_1283","사천진항","2026-06-19 17:39","47","저조"
"SO_1283","사천진항","2026-06-20 01:28","14","고조"
"SO_1283","사천진항","2026-06-20 08:38","35","저조"
"SO_1283","사천진항","2026-06-20 13:09","31","고조"
"SO_1283","사천진항","2026-06-19 00:39","12","고조"
"SO_1283","사천진항","2026-06-19 07:49","37","저조"
"SO_1283","사천진항","2026-06-19 12:02","33","고조"
"SO_1283","사천진항","2026-06-19 17:39","47","저조"
"SO_1283","사천진항","2026-06-20 01:28","14","고조"
"SO_1283","사천진항","2026-06-20 08:38","35","저조"
"SO_1283","사천진항","2026-06-20 13:09","31","고조"
"SO_1283","사천진항","2026-06-20 18:36","43","저조"
"SO_1283","사천진항","2026-06-21 02:17","17","고조"
"SO_1283","사천진항","2026-06-21 09:30","34","저조"
"SO_1283","사천진항","2026-06-20 01:28","14","고조"
"SO_1283","사천진항","2026-06-20 08:38","35","저조"
"SO_1283","사천진항","2026-06-20 13:09","31","고조"
"SO_1283","사천진항","2026-06-20 18:36","43","저조"
"SO_1283","사천진항","2026-06-21 02:17","17","고조"
"SO_1283","사천진항","2026-06-21 09:30","34","저조"
"SO_1283","사천진항","2026-06-21 14:24","29","고조"
"SO_1283","사천진항","2026-06-21 19:36","38","저조"
"SO_1283","사천진항","2026-06-22 03:08","20","고조"
"SO_1283","사천진항","2026-06-22 10:14","34","저조"
"SO_1283","사천진항","2026-06-21 02:17","17","고조"
"SO_1283","사천진항","2026-06-21 09:30","34","저조"
"SO_1283","사천진항","2026-06-21 14:24","29","고조"
"SO_1283","사천진항","2026-06-21 19:36","38","저조"
"SO_1283","사천진항","2026-06-22 03:08","20","고조"
"SO_1283","사천진항","2026-06-22 10:14","34","저조"
"SO_1283","사천진항","2026-06-22 15:55","26","고조"
"SO_1283","사천진항","2026-06-22 20:50","33","저조"
"SO_1283","사천진항","2026-06-23 04:04","23","고조"
"SO_1283","사천진항","2026-06-23 10:49","35","저조"
"SO_1283","사천진항","2026-06-22 03:08","20","고조"
"SO_1283","사천진항","2026-06-22 10:14","34","저조"
"SO_1283","사천진항","2026-06-22 15:55","26","고조"
"SO_1283","사천진항","2026-06-22 20:50","33","저조"
"SO_1283","사천진항","2026-06-23 04:04","23","고조"
"SO_1283","사천진항","2026-06-23 10:49","35","저조"
"SO_1283","사천진항","2026-06-23 17:13","23","고조"
"SO_1283","사천진항","2026-06-23 23:13","31","저조"
"SO_1283","사천진항","2026-06-24 04:59","26","고조"
"SO_1283","사천진항","2026-06-24 11:21","36","저조"
"SO_1283","사천진항","2026-06-23 04:04","23","고조"
"SO_1283","사천진항","2026-06-23 10:49","35","저조"
"SO_1283","사천진항","2026-06-23 17:13","23","고조"
"SO_1283","사천진항","2026-06-23 23:13","31","저조"
"SO_1283","사천진항","2026-06-24 04:59","26","고조"
"SO_1283","사천진항","2026-06-24 11:21","36","저조"
"SO_1283","사천진항","2026-06-24 18:11","20","고조"
"SO_1283","사천진항","2026-06-25 00:52","31","저조"
"SO_1283","사천진항","2026-06-25 05:43","28","고조"
"SO_1283","사천진항","2026-06-25 11:51","38","저조"
"SO_1283","사천진항","2026-06-24 04:59","26","고조"
"SO_1283","사천진항","2026-06-24 11:21","36","저조"
"SO_1283","사천진항","2026-06-24 18:11","20","고조"
"SO_1283","사천진항","2026-06-25 00:52","31","저조"
"SO_1283","사천진항","2026-06-25 05:43","28","고조"
"SO_1283","사천진항","2026-06-25 11:51","38","저조"
"SO_1283","사천진항","2026-06-25 19:00","19","고조"
"SO_1283","사천진항","2026-06-26 02:56","32","저조"
"SO_1283","사천진항","2026-06-26 06:17","31","고조"
"SO_1283","사천진항","2026-06-26 12:21","40","저조"
"SO_1283","사천진항","2026-06-25 00:52","31","저조"
"SO_1283","사천진항","2026-06-25 05:43","28","고조"
"SO_1283","사천진항","2026-06-25 11:51","38","저조"
"SO_1283","사천진항","2026-06-25 19:00","19","고조"
"SO_1283","사천진항","2026-06-26 02:56","32","저조"
"SO_1283","사천진항","2026-06-26 06:17","31","고조"
"SO_1283","사천진항","2026-06-26 12:21","40","저조"
"SO_1283","사천진항","2026-06-26 19:45","19","고조"
"SO_1283","사천진항","2026-06-27 04:15","34","저조"
"SO_1283","사천진항","2026-06-27 06:45","33","고조"
"SO_1283","사천진항","2026-06-26 02:56","32","저조"
"SO_1283","사천진항","2026-06-26 06:17","31","고조"
"SO_1283","사천진항","2026-06-26 12:21","40","저조"
"SO_1283","사천진항","2026-06-26 19:45","19","고조"
"SO_1283","사천진항","2026-06-27 04:15","34","저조"
"SO_1283","사천진항","2026-06-27 06:45","33","고조"
"SO_1283","사천진항","2026-06-27 12:52","43","저조"
"SO_1283","사천진항","2026-06-27 20:29","19","고조"
"SO_1283","사천진항","2026-06-28 04:35","36","저조"
"SO_1283","사천진항","2026-06-28 07:10","35","고조"
"SO_1283","사천진항","2026-06-27 04:15","34","저조"
"SO_1283","사천진항","2026-06-27 06:45","33","고조"
"SO_1283","사천진항","2026-06-27 12:52","43","저조"
"SO_1283","사천진항","2026-06-27 20:29","19","고조"
"SO_1283","사천진항","2026-06-28 04:35","36","저조"
"SO_1283","사천진항","2026-06-28 07:10","35","고조"
"SO_1283","사천진항","2026-06-28 13:24","45","저조"
"SO_1283","사천진항","2026-06-28 21:11","19","고조"
"SO_1283","사천진항","2026-06-29 04:52","37","저조"
"SO_1283","사천진항","2026-06-29 07:37","36","고조"
"SO_1283","사천진항","2026-06-28 04:35","36","저조"
"SO_1283","사천진항","2026-06-28 07:10","35","고조"
"SO_1283","사천진항","2026-06-28 13:24","45","저조"
"SO_1283","사천진항","2026-06-28 21:11","19","고조"
"SO_1283","사천진항","2026-06-29 04:52","37","저조"
"SO_1283","사천진항","2026-06-29 07:37","36","고조"
"SO_1283","사천진항","2026-06-29 13:57","47","저조"
"SO_1283","사천진항","2026-06-29 21:51","19","고조"
"SO_1283","사천진항","2026-06-30 05:12","38","저조"
"SO_1283","사천진항","2026-06-30 08:08","36","고조"
"SO_1283","사천진항","2026-06-29 04:52","37","저조"
"SO_1283","사천진항","2026-06-29 07:37","36","고조"
"SO_1283","사천진항","2026-06-29 13:57","47","저조"
"SO_1283","사천진항","2026-06-29 21:51","19","고조"
"SO_1283","사천진항","2026-06-30 05:12","38","저조"
"SO_1283","사천진항","2026-06-30 08:08","36","고조"
"SO_1283","사천진항","2026-06-30 14:32","48","저조"
"SO_1283","사천진항","2026-06-30 22:29","19","고조"
"SO_1283","사천진항","2026-07-01 05:36","38","저조"
"SO_1283","사천진항","2026-07-01 08:43","36","고조"
"SO_1283","사천진항","2026-06-30 05:12","38","저조"
"SO_1283","사천진항","2026-06-30 08:08","36","고조"
"SO_1283","사천진항","2026-06-30 14:32","48","저조"
"SO_1283","사천진항","2026-06-30 22:29","19","고조"
"SO_1283","사천진항","2026-07-01 05:36","38","저조"
"SO_1283","사천진항","2026-07-01 08:43","36","고조"
"SO_1283","사천진항","2026-07-01 15:08","49","저조"
"SO_1283","사천진항","2026-07-01 23:04","19","고조"
"SO_1283","사천진항","2026-07-02 06:02","38","저조"
"SO_1283","사천진항","2026-07-02 09:22","35","고조"
"SO_1283","사천진항","2026-07-01 05:36","38","저조"
"SO_1283","사천진항","2026-07-01 08:43","36","고조"
"SO_1283","사천진항","2026-07-01 15:08","49","저조"
"SO_1283","사천진항","2026-07-01 23:04","19","고조"
"SO_1283","사천진항","2026-07-02 06:02","38","저조"
"SO_1283","사천진항","2026-07-02 09:22","35","고조"
"SO_1283","사천진항","2026-07-02 15:46","48","저조"
"SO_1283","사천진항","2026-07-02 23:36","19","고조"
"SO_1283","사천진항","2026-07-03 06:25","37","저조"
"SO_1283","사천진항","2026-07-03 10:09","34","고조"
"SO_1283","사천진항","2026-07-02 06:02","38","저조"
"SO_1283","사천진항","2026-07-02 09:22","35","고조"
"SO_1283","사천진항","2026-07-02 15:46","48","저조"
"SO_1283","사천진항","2026-07-02 23:36","19","고조"
"SO_1283","사천진항","2026-07-03 06:25","37","저조"
"SO_1283","사천진항","2026-07-03 10:09","34","고조"
"SO_1283","사천진항","2026-07-03 16:24","47","저조"
"SO_1283","사천진항","2026-07-04 00:07","18","고조"
"SO_1283","사천진항","2026-07-04 06:44","36","저조"
"SO_1283","사천진항","2026-07-04 11:03","33","고조"
"SO_1283","사천진항","2026-07-03 06:25","37","저조"
"SO_1283","사천진항","2026-07-03 10:09","34","고조"
"SO_1283","사천진항","2026-07-03 16:24","47","저조"
"SO_1283","사천진항","2026-07-04 00:07","18","고조"
"SO_1283","사천진항","2026-07-04 06:44","36","저조"
"SO_1283","사천진항","2026-07-04 11:03","33","고조"
"SO_1283","사천진항","2026-07-04 17:07","45","저조"
"SO_1283","사천진항","2026-07-05 00:37","19","고조"
"SO_1283","사천진항","2026-07-05 07:04","35","저조"
"SO_1283","사천진항","2026-07-05 12:00","31","고조"
"SO_1283","사천진항","2026-07-04 00:07","18","고조"
"SO_1283","사천진항","2026-07-04 06:44","36","저조"
"SO_1283","사천진항","2026-07-04 11:03","33","고조"
"SO_1283","사천진항","2026-07-04 17:07","45","저조"
"SO_1283","사천진항","2026-07-05 00:37","19","고조"
"SO_1283","사천진항","2026-07-05 07:04","35","저조"
"SO_1283","사천진항","2026-07-05 12:00","31","고조"
"SO_1283","사천진항","2026-07-05 17:53","43","저조"
"SO_1283","사천진항","2026-07-06 01:07","20","고조"
"SO_1283","사천진항","2026-07-06 07:29","35","저조"
"SO_1283","사천진항","2026-07-05 00:37","19","고조"
"SO_1283","사천진항","2026-07-05 07:04","35","저조"
"SO_1283","사천진항","2026-07-05 12:00","31","고조"
"SO_1283","사천진항","2026-07-05 17:53","43","저조"
"SO_1283","사천진항","2026-07-06 01:07","20","고조"
"SO_1283","사천진항","2026-07-06 07:29","35","저조"
"SO_1283","사천진항","2026-07-06 12:58","30","고조"
"SO_1283","사천진항","2026-07-06 18:44","40","저조"
"SO_1283","사천진항","2026-07-07 01:39","23","고조"
"SO_1283","사천진항","2026-07-07 07:59","37","저조"
"SO_1283","사천진항","2026-07-06 01:07","20","고조"
"SO_1283","사천진항","2026-07-06 07:29","35","저조"
"SO_1283","사천진항","2026-07-06 12:58","30","고조"
"SO_1283","사천진항","2026-07-06 18:44","40","저조"
"SO_1283","사천진항","2026-07-07 01:39","23","고조"
"SO_1283","사천진항","2026-07-07 07:59","37","저조"
"SO_1283","사천진항","2026-07-07 14:02","29","고조"
"SO_1283","사천진항","2026-07-07 19:41","38","저조"
"SO_1283","사천진항","2026-07-08 02:13","26","고조"
"SO_1283","사천진항","2026-07-08 08:36","39","저조"
"SO_1283","사천진항","2026-07-07 01:39","23","고조"
"SO_1283","사천진항","2026-07-07 07:59","37","저조"
"SO_1283","사천진항","2026-07-07 14:02","29","고조"
"SO_1283","사천진항","2026-07-07 19:41","38","저조"
"SO_1283","사천진항","2026-07-08 02:13","26","고조"
"SO_1283","사천진항","2026-07-08 08:36","39","저조"
"SO_1283","사천진항","2026-07-08 15:32","28","고조"
"SO_1283","사천진항","2026-07-08 20:56","37","저조"
"SO_1283","사천진항","2026-07-09 02:52","30","고조"
"SO_1283","사천진항","2026-07-09 09:22","42","저조"
"SO_1283","사천진항","2026-07-08 02:13","26","고조"
"SO_1283","사천진항","2026-07-08 08:36","39","저조"
"SO_1283","사천진항","2026-07-08 15:32","28","고조"
"SO_1283","사천진항","2026-07-08 20:56","37","저조"
"SO_1283","사천진항","2026-07-09 02:52","30","고조"
"SO_1283","사천진항","2026-07-09 09:22","42","저조"
"SO_1283","사천진항","2026-07-09 17:07","26","고조"
"SO_1283","사천진항","2026-07-09 23:36","37","저조"
"SO_1283","사천진항","2026-07-10 03:47","34","고조"
"SO_1283","사천진항","2026-07-10 10:20","45","저조"
"SO_1283","사천진항","2026-07-09 02:52","30","고조"
"SO_1283","사천진항","2026-07-09 09:22","42","저조"
"SO_1283","사천진항","2026-07-09 17:07","26","고조"
"SO_1283","사천진항","2026-07-09 23:36","37","저조"
"SO_1283","사천진항","2026-07-10 03:47","34","고조"
"SO_1283","사천진항","2026-07-10 10:20","45","저조"
"SO_1283","사천진항","2026-07-10 18:11","24","고조"
"SO_1283","사천진항","2026-07-11 01:10","39","저조"
"SO_1283","사천진항","2026-07-11 05:18","37","고조"
"SO_1283","사천진항","2026-07-11 11:22","49","저조"
"SO_1283","사천진항","2026-07-10 03:47","34","고조"
"SO_1283","사천진항","2026-07-10 10:20","45","저조"
"SO_1283","사천진항","2026-07-10 18:11","24","고조"
"SO_1283","사천진항","2026-07-11 01:10","39","저조"
"SO_1283","사천진항","2026-07-11 05:18","37","고조"
"SO_1283","사천진항","2026-07-11 11:22","49","저조"
"SO_1283","사천진항","2026-07-11 19:09","22","고조"
"SO_1283","사천진항","2026-07-12 02:34","41","저조"
"SO_1283","사천진항","2026-07-12 06:20","39","고조"
"SO_1283","사천진항","2026-07-12 12:19","53","저조"
"SO_1283","사천진항","2026-07-11 01:10","39","저조"
"SO_1283","사천진항","2026-07-11 05:18","37","고조"
"SO_1283","사천진항","2026-07-11 11:22","49","저조"
"SO_1283","사천진항","2026-07-11 19:09","22","고조"
"SO_1283","사천진항","2026-07-12 02:34","41","저조"
"SO_1283","사천진항","2026-07-12 06:20","39","고조"
"SO_1283","사천진항","2026-07-12 12:19","53","저조"
"SO_1283","사천진항","2026-07-12 20:07","20","고조"
"SO_1283","사천진항","2026-07-13 03:40","43","저조"
"SO_1283","사천진항","2026-07-13 07:12","41","고조"
"SO_1283","사천진항","2026-07-12 02:34","41","저조"
"SO_1283","사천진항","2026-07-12 06:20","39","고조"
"SO_1283","사천진항","2026-07-12 12:19","53","저조"
"SO_1283","사천진항","2026-07-12 20:07","20","고조"
"SO_1283","사천진항","2026-07-13 03:40","43","저조"
"SO_1283","사천진항","2026-07-13 07:12","41","고조"
"SO_1283","사천진항","2026-07-13 13:13","56","저조"
"SO_1283","사천진항","2026-07-13 21:05","18","고조"
"SO_1283","사천진항","2026-07-14 04:22","44","저조"
"SO_1283","사천진항","2026-07-14 08:04","41","고조"
"SO_1283","사천진항","2026-07-13 03:40","43","저조"
"SO_1283","사천진항","2026-07-13 07:12","41","고조"
"SO_1283","사천진항","2026-07-13 13:13","56","저조"
"SO_1283","사천진항","2026-07-13 21:05","18","고조"
"SO_1283","사천진항","2026-07-14 04:22","44","저조"
"SO_1283","사천진항","2026-07-14 08:04","41","고조"
"SO_1283","사천진항","2026-07-14 14:06","58","저조"
"SO_1283","사천진항","2026-07-14 21:59","17","고조"
"SO_1283","사천진항","2026-07-15 04:57","44","저조"
"SO_1283","사천진항","2026-07-15 08:59","39","고조"
"SO_1283","사천진항","2026-07-14 04:22","44","저조"
"SO_1283","사천진항","2026-07-14 08:04","41","고조"
"SO_1283","사천진항","2026-07-14 14:06","58","저조"
"SO_1283","사천진항","2026-07-14 21:59","17","고조"
"SO_1283","사천진항","2026-07-15 04:57","44","저조"
"SO_1283","사천진항","2026-07-15 08:59","39","고조"
"SO_1283","사천진항","2026-07-15 14:58","58","저조"
"SO_1283","사천진항","2026-07-15 22:48","16","고조"
"SO_1283","사천진항","2026-07-16 05:28","43","저조"
"SO_1283","사천진항","2026-07-16 09:58","37","고조"
"SO_1283","사천진항","2026-07-15 04:57","44","저조"
"SO_1283","사천진항","2026-07-15 08:59","39","고조"
"SO_1283","사천진항","2026-07-15 14:58","58","저조"
"SO_1283","사천진항","2026-07-15 22:48","16","고조"
"SO_1283","사천진항","2026-07-16 05:28","43","저조"
"SO_1283","사천진항","2026-07-16 09:58","37","고조"
"SO_1283","사천진항","2026-07-16 15:51","57","저조"
"SO_1283","사천진항","2026-07-16 23:32","16","고조"
"SO_1283","사천진항","2026-07-17 05:59","42","저조"
"SO_1283","사천진항","2026-07-17 10:56","35","고조"
"SO_1283","사천진항","2026-07-16 05:28","43","저조"
"SO_1283","사천진항","2026-07-16 09:58","37","고조"
"SO_1283","사천진항","2026-07-16 15:51","57","저조"
"SO_1283","사천진항","2026-07-16 23:32","16","고조"
"SO_1283","사천진항","2026-07-17 05:59","42","저조"
"SO_1283","사천진항","2026-07-17 10:56","35","고조"
"SO_1283","사천진항","2026-07-17 16:41","54","저조"
"SO_1283","사천진항","2026-07-18 00:12","18","고조"
"SO_1283","사천진항","2026-07-18 06:29","40","저조"
"SO_1283","사천진항","2026-07-18 11:50","33","고조"
"SO_1283","사천진항","2026-07-17 05:59","42","저조"
"SO_1283","사천진항","2026-07-17 10:56","35","고조"
"SO_1283","사천진항","2026-07-17 16:41","54","저조"
"SO_1283","사천진항","2026-07-18 00:12","18","고조"
"SO_1283","사천진항","2026-07-18 06:29","40","저조"
"SO_1283","사천진항","2026-07-18 11:50","33","고조"
"SO_1283","사천진항","2026-07-18 17:30","50","저조"
"SO_1283","사천진항","2026-07-19 00:49","20","고조"
"SO_1283","사천진항","2026-07-19 07:01","40","저조"
"SO_1283","사천진항","2026-07-19 12:46","31","고조"
"SO_1283","사천진항","2026-07-18 00:12","18","고조"
"SO_1283","사천진항","2026-07-18 06:29","40","저조"
"SO_1283","사천진항","2026-07-18 11:50","33","고조"
"SO_1283","사천진항","2026-07-18 17:30","50","저조"
"SO_1283","사천진항","2026-07-19 00:49","20","고조"
"SO_1283","사천진항","2026-07-19 07:01","40","저조"
"SO_1283","사천진항","2026-07-19 12:46","31","고조"
"SO_1283","사천진항","2026-07-19 18:19","45","저조"
"SO_1283","사천진항","2026-07-20 01:23","24","고조"
"SO_1283","사천진항","2026-07-20 07:34","40","저조"
"SO_1283","사천진항","2026-07-19 00:49","20","고조"
"SO_1283","사천진항","2026-07-19 07:01","40","저조"
"SO_1283","사천진항","2026-07-19 12:46","31","고조"
"SO_1283","사천진항","2026-07-19 18:19","45","저조"
"SO_1283","사천진항","2026-07-20 01:23","24","고조"
"SO_1283","사천진항","2026-07-20 07:34","40","저조"
"SO_1283","사천진항","2026-07-20 13:51","30","고조"
"SO_1283","사천진항","2026-07-20 19:11","40","저조"
"SO_1283","사천진항","2026-07-21 01:53","28","고조"
"SO_1283","사천진항","2026-07-21 08:12","40","저조"
"SO_1283","사천진항","2026-07-20 01:23","24","고조"
"SO_1283","사천진항","2026-07-20 07:34","40","저조"
"SO_1283","사천진항","2026-07-20 13:51","30","고조"
"SO_1283","사천진항","2026-07-20 19:11","40","저조"
"SO_1283","사천진항","2026-07-21 01:53","28","고조"
"SO_1283","사천진항","2026-07-21 08:12","40","저조"
"SO_1283","사천진항","2026-07-21 15:18","29","고조"
"SO_1283","사천진항","2026-07-21 20:34","37","저조"
"SO_1283","사천진항","2026-07-22 02:11","32","고조"
"SO_1283","사천진항","2026-07-22 09:03","41","저조"
"SO_1283","사천진항","2026-07-21 01:53","28","고조"
"SO_1283","사천진항","2026-07-21 08:12","40","저조"
"SO_1283","사천진항","2026-07-21 15:18","29","고조"
"SO_1283","사천진항","2026-07-21 20:34","37","저조"
"SO_1283","사천진항","2026-07-22 02:11","32","고조"
"SO_1283","사천진항","2026-07-22 09:03","41","저조"
"SO_1283","사천진항","2026-07-22 16:42","28","고조"
"SO_1283","사천진항","2026-07-22 23:31","36","저조"
"SO_1283","사천진항","2026-07-23 01:42","35","고조"
"SO_1283","사천진항","2026-07-23 10:10","43","저조"
"SO_1283","사천진항","2026-07-22 02:11","32","고조"
"SO_1283","사천진항","2026-07-22 09:03","41","저조"
"SO_1283","사천진항","2026-07-22 16:42","28","고조"
"SO_1283","사천진항","2026-07-22 23:31","36","저조"
"SO_1283","사천진항","2026-07-23 01:42","35","고조"
"SO_1283","사천진항","2026-07-23 10:10","43","저조"
"SO_1283","사천진항","2026-07-23 17:47","27","고조"
"SO_1283","사천진항","2026-07-24 11:03","45","저조"
"SO_1283","사천진항","2026-07-24 18:44","26","고조"
"SO_1283","사천진항","2026-07-25 04:21","41","저조"
"SO_1283","사천진항","2026-07-23 01:42","35","고조"
"SO_1283","사천진항","2026-07-23 10:10","43","저조"
"SO_1283","사천진항","2026-07-23 17:47","27","고조"
"SO_1283","사천진항","2026-07-24 11:03","45","저조"
"SO_1283","사천진항","2026-07-24 18:44","26","고조"
"SO_1283","사천진항","2026-07-25 04:21","41","저조"
"SO_1283","사천진항","2026-07-25 05:35","40","고조"
"SO_1283","사천진항","2026-07-25 11:47","47","저조"
"SO_1283","사천진항","2026-07-25 19:37","26","고조"
"SO_1283","사천진항","2026-07-26 12:28","49","저조"
"SO_1283","사천진항","2026-07-24 11:03","45","저조"
"SO_1283","사천진항","2026-07-24 18:44","26","고조"
"SO_1283","사천진항","2026-07-25 04:21","41","저조"
"SO_1283","사천진항","2026-07-25 05:35","40","고조"
"SO_1283","사천진항","2026-07-25 11:47","47","저조"
"SO_1283","사천진항","2026-07-25 19:37","26","고조"
"SO_1283","사천진항","2026-07-26 12:28","49","저조"
"SO_1283","사천진항","2026-07-26 20:24","25","고조"
"SO_1283","사천진항","2026-07-27 04:18","42","저조"
"SO_1283","사천진항","2026-07-27 06:51","41","고조"
"SO_1283","사천진항","2026-07-25 04:21","41","저조"
"SO_1283","사천진항","2026-07-25 05:35","40","고조"
"SO_1283","사천진항","2026-07-25 11:47","47","저조"
"SO_1283","사천진항","2026-07-25 19:37","26","고조"
"SO_1283","사천진항","2026-07-26 12:28","49","저조"
"SO_1283","사천진항","2026-07-26 20:24","25","고조"
"SO_1283","사천진항","2026-07-27 04:18","42","저조"
"SO_1283","사천진항","2026-07-27 06:51","41","고조"
"SO_1283","사천진항","2026-07-27 13:07","50","저조"
"SO_1283","사천진항","2026-07-27 21:05","24","고조"
"SO_1283","사천진항","2026-07-26 12:28","49","저조"
"SO_1283","사천진항","2026-07-26 20:24","25","고조"
"SO_1283","사천진항","2026-07-27 04:18","42","저조"
"SO_1283","사천진항","2026-07-27 06:51","41","고조"
"SO_1283","사천진항","2026-07-27 13:07","50","저조"
"SO_1283","사천진항","2026-07-27 21:05","24","고조"
"SO_1283","사천진항","2026-07-28 04:19","41","저조"
"SO_1283","사천진항","2026-07-28 07:25","40","고조"
"SO_1283","사천진항","2026-07-28 13:45","51","저조"
"SO_1283","사천진항","2026-07-28 21:40","23","고조"
"SO_1283","사천진항","2026-07-27 04:18","42","저조"
"SO_1283","사천진항","2026-07-27 06:51","41","고조"
"SO_1283","사천진항","2026-07-27 13:07","50","저조"
"SO_1283","사천진항","2026-07-27 21:05","24","고조"
"SO_1283","사천진항","2026-07-28 04:19","41","저조"
"SO_1283","사천진항","2026-07-28 07:25","40","고조"
"SO_1283","사천진항","2026-07-28 13:45","51","저조"
"SO_1283","사천진항","2026-07-28 21:40","23","고조"
"SO_1283","사천진항","2026-07-29 04:31","41","저조"
"SO_1283","사천진항","2026-07-29 08:04","38","고조"
"SO_1283","사천진항","2026-07-28 04:19","41","저조"
"SO_1283","사천진항","2026-07-28 07:25","40","고조"
"SO_1283","사천진항","2026-07-28 13:45","51","저조"
"SO_1283","사천진항","2026-07-28 21:40","23","고조"
"SO_1283","사천진항","2026-07-29 04:31","41","저조"
"SO_1283","사천진항","2026-07-29 08:04","38","고조"
"SO_1283","사천진항","2026-07-29 14:23","51","저조"
"SO_1283","사천진항","2026-07-29 22:11","21","고조"
"SO_1283","사천진항","2026-07-30 04:45","40","저조"
"SO_1283","사천진항","2026-07-30 08:47","36","고조"
"SO_1283","사천진항","2026-07-29 04:31","41","저조"
"SO_1283","사천진항","2026-07-29 08:04","38","고조"
"SO_1283","사천진항","2026-07-29 14:23","51","저조"
"SO_1283","사천진항","2026-07-29 22:11","21","고조"
"SO_1283","사천진항","2026-07-30 04:45","40","저조"
"SO_1283","사천진항","2026-07-30 08:47","36","고조"
"SO_1283","사천진항","2026-07-30 15:01","50","저조"
"SO_1283","사천진항","2026-07-30 22:39","20","고조"
"SO_1283","사천진항","2026-07-31 05:00","39","저조"
"SO_1283","사천진항","2026-07-31 09:34","34","고조"
"SO_1283","사천진항","2026-07-30 04:45","40","저조"
"SO_1283","사천진항","2026-07-30 08:47","36","고조"
"SO_1283","사천진항","2026-07-30 15:01","50","저조"
"SO_1283","사천진항","2026-07-30 22:39","20","고조"
"SO_1283","사천진항","2026-07-31 05:00","39","저조"
"SO_1283","사천진항","2026-07-31 09:34","34","고조"
"SO_1283","사천진항","2026-07-31 15:40","49","저조"
"SO_1283","사천진항","2026-07-31 23:06","19","고조"
"SO_1283","사천진항","2026-08-01 05:15","38","저조"
"SO_1283","사천진항","2026-08-01 10:20","31","고조"
"SO_1283","사천진항","2026-07-31 05:00","39","저조"
"SO_1283","사천진항","2026-07-31 09:34","34","고조"
"SO_1283","사천진항","2026-07-31 15:40","49","저조"
"SO_1283","사천진항","2026-07-31 23:06","19","고조"
"SO_1283","사천진항","2026-08-01 05:15","38","저조"
"SO_1283","사천진항","2026-08-01 10:20","31","고조"
"SO_1283","사천진항","2026-08-01 16:19","48","저조"
"SO_1283","사천진항","2026-08-01 23:33","19","고조"
"SO_1283","사천진항","2026-08-02 05:33","38","저조"
"SO_1283","사천진항","2026-08-02 11:06","30","고조"
"SO_1283","사천진항","2026-08-01 05:15","38","저조"
"SO_1283","사천진항","2026-08-01 10:20","31","고조"
"SO_1283","사천진항","2026-08-01 16:19","48","저조"
"SO_1283","사천진항","2026-08-01 23:33","19","고조"
"SO_1283","사천진항","2026-08-02 05:33","38","저조"
"SO_1283","사천진항","2026-08-02 11:06","30","고조"
"SO_1283","사천진항","2026-08-02 17:01","46","저조"
"SO_1283","사천진항","2026-08-03 00:00","21","고조"
"SO_1283","사천진항","2026-08-03 05:56","39","저조"
"SO_1283","사천진항","2026-08-03 11:52","28","고조"
"SO_1283","사천진항","2026-08-02 05:33","38","저조"
"SO_1283","사천진항","2026-08-02 11:06","30","고조"
"SO_1283","사천진항","2026-08-02 17:01","46","저조"
"SO_1283","사천진항","2026-08-03 00:00","21","고조"
"SO_1283","사천진항","2026-08-03 05:56","39","저조"
"SO_1283","사천진항","2026-08-03 11:52","28","고조"
"SO_1283","사천진항","2026-08-03 17:45","44","저조"
"SO_1283","사천진항","2026-08-04 00:27","24","고조"
"SO_1283","사천진항","2026-08-04 06:23","41","저조"
"SO_1283","사천진항","2026-08-04 12:41","28","고조"
"SO_1283","사천진항","2026-08-03 00:00","21","고조"
"SO_1283","사천진항","2026-08-03 05:56","39","저조"
"SO_1283","사천진항","2026-08-03 11:52","28","고조"
"SO_1283","사천진항","2026-08-03 17:45","44","저조"
"SO_1283","사천진항","2026-08-04 00:27","24","고조"
"SO_1283","사천진항","2026-08-04 06:23","41","저조"
"SO_1283","사천진항","2026-08-04 12:41","28","고조"
"SO_1283","사천진항","2026-08-04 18:33","42","저조"
"SO_1283","사천진항","2026-08-05 00:54","28","고조"
"SO_1283","사천진항","2026-08-05 06:54","43","저조"
"SO_1283","사천진항","2026-08-04 00:27","24","고조"
"SO_1283","사천진항","2026-08-04 06:23","41","저조"
"SO_1283","사천진항","2026-08-04 12:41","28","고조"
"SO_1283","사천진항","2026-08-04 18:33","42","저조"
"SO_1283","사천진항","2026-08-05 00:54","28","고조"
"SO_1283","사천진항","2026-08-05 06:54","43","저조"
"SO_1283","사천진항","2026-08-05 13:40","28","고조"
"SO_1283","사천진항","2026-08-05 19:33","40","저조"
"SO_1283","사천진항","2026-08-06 01:22","33","고조"
"SO_1283","사천진항","2026-08-06 07:33","45","저조"
"SO_1283","사천진항","2026-08-05 00:54","28","고조"
"SO_1283","사천진항","2026-08-05 06:54","43","저조"
"SO_1283","사천진항","2026-08-05 13:40","28","고조"
"SO_1283","사천진항","2026-08-05 19:33","40","저조"
"SO_1283","사천진항","2026-08-06 01:22","33","고조"
"SO_1283","사천진항","2026-08-06 07:33","45","저조"
"SO_1283","사천진항","2026-08-06 15:12","29","고조"
"SO_1283","사천진항","2026-08-06 22:12","39","저조"
"SO_1283","사천진항","2026-08-07 01:51","37","고조"
"SO_1283","사천진항","2026-08-07 08:25","48","저조"
"SO_1283","사천진항","2026-08-06 01:22","33","고조"
"SO_1283","사천진항","2026-08-06 07:33","45","저조"
"SO_1283","사천진항","2026-08-06 15:12","29","고조"
"SO_1283","사천진항","2026-08-06 22:12","39","저조"
"SO_1283","사천진항","2026-08-07 01:51","37","고조"
"SO_1283","사천진항","2026-08-07 08:25","48","저조"
"SO_1283","사천진항","2026-08-07 16:51","28","고조"
"SO_1283","사천진항","2026-08-08 09:39","50","저조"
"SO_1283","사천진항","2026-08-08 18:03","26","고조"
"SO_1283","사천진항","2026-08-09 02:26","43","저조"
"SO_1283","사천진항","2026-08-07 01:51","37","고조"
"SO_1283","사천진항","2026-08-07 08:25","48","저조"
"SO_1283","사천진항","2026-08-07 16:51","28","고조"
"SO_1283","사천진항","2026-08-08 09:39","50","저조"
"SO_1283","사천진항","2026-08-08 18:03","26","고조"
"SO_1283","사천진항","2026-08-09 02:26","43","저조"
"SO_1283","사천진항","2026-08-09 05:05","42","고조"
"SO_1283","사천진항","2026-08-09 11:02","52","저조"
"SO_1283","사천진항","2026-08-09 19:07","23","고조"
"SO_1283","사천진항","2026-08-10 02:58","44","저조"
"SO_1283","사천진항","2026-08-08 09:39","50","저조"
"SO_1283","사천진항","2026-08-08 18:03","26","고조"
"SO_1283","사천진항","2026-08-09 02:26","43","저조"
"SO_1283","사천진항","2026-08-09 05:05","42","고조"
"SO_1283","사천진항","2026-08-09 11:02","52","저조"
"SO_1283","사천진항","2026-08-09 19:07","23","고조"
"SO_1283","사천진항","2026-08-10 02:58","44","저조"
"SO_1283","사천진항","2026-08-10 06:14","42","고조"
"SO_1283","사천진항","2026-08-10 12:09","54","저조"
"SO_1283","사천진항","2026-08-10 20:07","21","고조"
"SO_1283","사천진항","2026-08-09 02:26","43","저조"
"SO_1283","사천진항","2026-08-09 05:05","42","고조"
"SO_1283","사천진항","2026-08-09 11:02","52","저조"
"SO_1283","사천진항","2026-08-09 19:07","23","고조"
"SO_1283","사천진항","2026-08-10 02:58","44","저조"
"SO_1283","사천진항","2026-08-10 06:14","42","고조"
"SO_1283","사천진항","2026-08-10 12:09","54","저조"
"SO_1283","사천진항","2026-08-10 20:07","21","고조"
"SO_1283","사천진항","2026-08-11 03:21","44","저조"
"SO_1283","사천진항","2026-08-11 07:11","40","고조"
"SO_1283","사천진항","2026-08-10 02:58","44","저조"
"SO_1283","사천진항","2026-08-10 06:14","42","고조"
"SO_1283","사천진항","2026-08-10 12:09","54","저조"
"SO_1283","사천진항","2026-08-10 20:07","21","고조"
"SO_1283","사천진항","2026-08-11 03:21","44","저조"
"SO_1283","사천진항","2026-08-11 07:11","40","고조"
"SO_1283","사천진항","2026-08-11 13:09","55","저조"
"SO_1283","사천진항","2026-08-11 21:00","18","고조"
"SO_1283","사천진항","2026-08-12 03:43","43","저조"
"SO_1283","사천진항","2026-08-12 08:07","37","고조"
"SO_1283","사천진항","2026-08-11 03:21","44","저조"
"SO_1283","사천진항","2026-08-11 07:11","40","고조"
"SO_1283","사천진항","2026-08-11 13:09","55","저조"
"SO_1283","사천진항","2026-08-11 21:00","18","고조"
"SO_1283","사천진항","2026-08-12 03:43","43","저조"
"SO_1283","사천진항","2026-08-12 08:07","37","고조"
"SO_1283","사천진항","2026-08-12 14:05","55","저조"
"SO_1283","사천진항","2026-08-12 21:45","16","고조"
"SO_1283","사천진항","2026-08-13 04:07","41","저조"
"SO_1283","사천진항","2026-08-13 09:02","33","고조"
"SO_1283","사천진항","2026-08-12 03:43","43","저조"
"SO_1283","사천진항","2026-08-12 08:07","37","고조"
"SO_1283","사천진항","2026-08-12 14:05","55","저조"
"SO_1283","사천진항","2026-08-12 21:45","16","고조"
"SO_1283","사천진항","2026-08-13 04:07","41","저조"
"SO_1283","사천진항","2026-08-13 09:02","33","고조"
"SO_1283","사천진항","2026-08-13 14:57","54","저조"
"SO_1283","사천진항","2026-08-13 22:25","16","고조"
"SO_1283","사천진항","2026-08-14 04:30","40","저조"
"SO_1283","사천진항","2026-08-14 09:54","30","고조"
"SO_1283","사천진항","2026-08-13 04:07","41","저조"
"SO_1283","사천진항","2026-08-13 09:02","33","고조"
"SO_1283","사천진항","2026-08-13 14:57","54","저조"
"SO_1283","사천진항","2026-08-13 22:25","16","고조"
"SO_1283","사천진항","2026-08-14 04:30","40","저조"
"SO_1283","사천진항","2026-08-14 09:54","30","고조"
"SO_1283","사천진항","2026-08-14 15:45","51","저조"
"SO_1283","사천진항","2026-08-14 23:01","16","고조"
"SO_1283","사천진항","2026-08-15 04:55","39","저조"
"SO_1283","사천진항","2026-08-15 10:43","26","고조"
"SO_1283","사천진항","2026-08-14 04:30","40","저조"
"SO_1283","사천진항","2026-08-14 09:54","30","고조"
"SO_1283","사천진항","2026-08-14 15:45","51","저조"
"SO_1283","사천진항","2026-08-14 23:01","16","고조"
"SO_1283","사천진항","2026-08-15 04:55","39","저조"
"SO_1283","사천진항","2026-08-15 10:43","26","고조"
"SO_1283","사천진항","2026-08-15 16:31","48","저조"
"SO_1283","사천진항","2026-08-15 23:33","18","고조"
"SO_1283","사천진항","2026-08-16 05:21","39","저조"
"SO_1283","사천진항","2026-08-16 11:30","24","고조"
"SO_1283","사천진항","2026-08-15 04:55","39","저조"
"SO_1283","사천진항","2026-08-15 10:43","26","고조"
"SO_1283","사천진항","2026-08-15 16:31","48","저조"
"SO_1283","사천진항","2026-08-15 23:33","18","고조"
"SO_1283","사천진항","2026-08-16 05:21","39","저조"
"SO_1283","사천진항","2026-08-16 11:30","24","고조"
"SO_1283","사천진항","2026-08-16 17:16","44","저조"
"SO_1283","사천진항","2026-08-17 00:02","22","고조"
"SO_1283","사천진항","2026-08-17 05:47","40","저조"
"SO_1283","사천진항","2026-08-17 12:19","24","고조"
"SO_1283","사천진항","2026-08-16 05:21","39","저조"
"SO_1283","사천진항","2026-08-16 11:30","24","고조"
"SO_1283","사천진항","2026-08-16 17:16","44","저조"
"SO_1283","사천진항","2026-08-17 00:02","22","고조"
"SO_1283","사천진항","2026-08-17 05:47","40","저조"
"SO_1283","사천진항","2026-08-17 12:19","24","고조"
"SO_1283","사천진항","2026-08-17 18:02","40","저조"
"SO_1283","사천진항","2026-08-18 00:24","26","고조"
"SO_1283","사천진항","2026-08-18 06:13","41","저조"
"SO_1283","사천진항","2026-08-18 13:16","24","고조"
"SO_1283","사천진항","2026-08-17 00:02","22","고조"
"SO_1283","사천진항","2026-08-17 05:47","40","저조"
"SO_1283","사천진항","2026-08-17 12:19","24","고조"
"SO_1283","사천진항","2026-08-17 18:02","40","저조"
"SO_1283","사천진항","2026-08-18 00:24","26","고조"
"SO_1283","사천진항","2026-08-18 06:13","41","저조"
"SO_1283","사천진항","2026-08-18 13:16","24","고조"
"SO_1283","사천진항","2026-08-18 18:56","37","저조"
"SO_1283","사천진항","2026-08-19 00:36","30","고조"
"SO_1283","사천진항","2026-08-19 06:41","42","저조"
"SO_1283","사천진항","2026-08-18 00:24","26","고조"
"SO_1283","사천진항","2026-08-18 06:13","41","저조"
"SO_1283","사천진항","2026-08-18 13:16","24","고조"
"SO_1283","사천진항","2026-08-18 18:56","37","저조"
"SO_1283","사천진항","2026-08-19 00:36","30","고조"
"SO_1283","사천진항","2026-08-19 06:41","42","저조"
"SO_1283","사천진항","2026-08-19 14:36","26","고조"
"SO_1283","사천진항","2026-08-19 21:33","35","저조"
"SO_1283","사천진항","2026-08-20 00:31","34","고조"
"SO_1283","사천진항","2026-08-20 07:12","43","저조"
"SO_1283","사천진항","2026-08-19 00:36","30","고조"
"SO_1283","사천진항","2026-08-19 06:41","42","저조"
"SO_1283","사천진항","2026-08-19 14:36","26","고조"
"SO_1283","사천진항","2026-08-19 21:33","35","저조"
"SO_1283","사천진항","2026-08-20 00:31","34","고조"
"SO_1283","사천진항","2026-08-20 07:12","43","저조"
"SO_1283","사천진항","2026-08-20 16:04","27","고조"
"SO_1283","사천진항","2026-08-21 07:55","43","저조"
"SO_1283","사천진항","2026-08-21 17:17","27","고조"
"SO_1283","사천진항","2026-08-22 09:58","44","저조"
"SO_1283","사천진항","2026-08-20 00:31","34","고조"
"SO_1283","사천진항","2026-08-20 07:12","43","저조"
"SO_1283","사천진항","2026-08-20 16:04","27","고조"
"SO_1283","사천진항","2026-08-21 07:55","43","저조"
"SO_1283","사천진항","2026-08-21 17:17","27","고조"
"SO_1283","사천진항","2026-08-22 09:58","44","저조"
"SO_1283","사천진항","2026-08-22 18:22","26","고조"
"SO_1283","사천진항","2026-08-23 11:11","44","저조"
"SO_1283","사천진항","2026-08-23 19:19","24","고조"
"SO_1283","사천진항","2026-08-24 03:35","40","저조"
"SO_1283","사천진항","2026-08-21 07:55","43","저조"
"SO_1283","사천진항","2026-08-21 17:17","27","고조"
"SO_1283","사천진항","2026-08-22 09:58","44","저조"
"SO_1283","사천진항","2026-08-22 18:22","26","고조"
"SO_1283","사천진항","2026-08-23 11:11","44","저조"
"SO_1283","사천진항","2026-08-23 19:19","24","고조"
"SO_1283","사천진항","2026-08-24 03:35","40","저조"
"SO_1283","사천진항","2026-08-24 06:14","39","고조"
"SO_1283","사천진항","2026-08-24 12:02","45","저조"
"SO_1283","사천진항","2026-08-24 20:03","22","고조"
"SO_1283","사천진항","2026-08-22 09:58","44","저조"
"SO_1283","사천진항","2026-08-22 18:22","26","고조"
"SO_1283","사천진항","2026-08-23 11:11","44","저조"
"SO_1283","사천진항","2026-08-23 19:19","24","고조"
"SO_1283","사천진항","2026-08-24 03:35","40","저조"
"SO_1283","사천진항","2026-08-24 06:14","39","고조"
"SO_1283","사천진항","2026-08-24 12:02","45","저조"
"SO_1283","사천진항","2026-08-24 20:03","22","고조"
"SO_1283","사천진항","2026-08-25 03:20","38","저조"
"SO_1283","사천진항","2026-08-25 06:54","36","고조"
"SO_1283","사천진항","2026-08-23 11:11","44","저조"
"SO_1283","사천진항","2026-08-23 19:19","24","고조"
"SO_1283","사천진항","2026-08-24 03:35","40","저조"
"SO_1283","사천진항","2026-08-24 06:14","39","고조"
"SO_1283","사천진항","2026-08-24 12:02","45","저조"
"SO_1283","사천진항","2026-08-24 20:03","22","고조"
"SO_1283","사천진항","2026-08-25 03:20","38","저조"
"SO_1283","사천진항","2026-08-25 06:54","36","고조"
"SO_1283","사천진항","2026-08-25 12:48","45","저조"
"SO_1283","사천진항","2026-08-25 20:39","20","고조"
"SO_1283","사천진항","2026-08-24 03:35","40","저조"
"SO_1283","사천진항","2026-08-24 06:14","39","고조"
"SO_1283","사천진항","2026-08-24 12:02","45","저조"
"SO_1283","사천진항","2026-08-24 20:03","22","고조"
"SO_1283","사천진항","2026-08-25 03:20","38","저조"
"SO_1283","사천진항","2026-08-25 06:54","36","고조"
"SO_1283","사천진항","2026-08-25 12:48","45","저조"
"SO_1283","사천진항","2026-08-25 20:39","20","고조"
"SO_1283","사천진항","2026-08-26 03:24","37","저조"
"SO_1283","사천진항","2026-08-26 07:32","33","고조"
"SO_1283","사천진항","2026-08-25 03:20","38","저조"
"SO_1283","사천진항","2026-08-25 06:54","36","고조"
"SO_1283","사천진항","2026-08-25 12:48","45","저조"
"SO_1283","사천진항","2026-08-25 20:39","20","고조"
"SO_1283","사천진항","2026-08-26 03:24","37","저조"
"SO_1283","사천진항","2026-08-26 07:32","33","고조"
"SO_1283","사천진항","2026-08-26 13:30","44","저조"
"SO_1283","사천진항","2026-08-26 21:08","17","고조"
"SO_1283","사천진항","2026-08-27 03:34","35","저조"
"SO_1283","사천진항","2026-08-27 08:11","29","고조"
"SO_1283","사천진항","2026-08-26 03:24","37","저조"
"SO_1283","사천진항","2026-08-26 07:32","33","고조"
"SO_1283","사천진항","2026-08-26 13:30","44","저조"
"SO_1283","사천진항","2026-08-26 21:08","17","고조"
"SO_1283","사천진항","2026-08-27 03:34","35","저조"
"SO_1283","사천진항","2026-08-27 08:11","29","고조"
"SO_1283","사천진항","2026-08-27 14:11","43","저조"
"SO_1283","사천진항","2026-08-27 21:36","15","고조"
"SO_1283","사천진항","2026-08-28 03:46","34","저조"
"SO_1283","사천진항","2026-08-28 08:51","26","고조"
"SO_1283","사천진항","2026-08-27 03:34","35","저조"
"SO_1283","사천진항","2026-08-27 08:11","29","고조"
"SO_1283","사천진항","2026-08-27 14:11","43","저조"
"SO_1283","사천진항","2026-08-27 21:36","15","고조"
"SO_1283","사천진항","2026-08-28 03:46","34","저조"
"SO_1283","사천진항","2026-08-28 08:51","26","고조"
"SO_1283","사천진항","2026-08-28 14:51","43","저조"
"SO_1283","사천진항","2026-08-28 22:02","14","고조"
"SO_1283","사천진항","2026-08-29 03:59","34","저조"
"SO_1283","사천진항","2026-08-29 09:32","23","고조"
"SO_1283","사천진항","2026-08-28 03:46","34","저조"
"SO_1283","사천진항","2026-08-28 08:51","26","고조"
"SO_1283","사천진항","2026-08-28 14:51","43","저조"
"SO_1283","사천진항","2026-08-28 22:02","14","고조"
"SO_1283","사천진항","2026-08-29 03:59","34","저조"
"SO_1283","사천진항","2026-08-29 09:32","23","고조"
"SO_1283","사천진항","2026-08-29 15:31","42","저조"
"SO_1283","사천진항","2026-08-29 22:28","14","고조"
"SO_1283","사천진항","2026-08-30 04:17","34","저조"
"SO_1283","사천진항","2026-08-30 10:13","20","고조"
"SO_1283","사천진항","2026-08-29 03:59","34","저조"
"SO_1283","사천진항","2026-08-29 09:32","23","고조"
"SO_1283","사천진항","2026-08-29 15:31","42","저조"
"SO_1283","사천진항","2026-08-29 22:28","14","고조"
"SO_1283","사천진항","2026-08-30 04:17","34","저조"
"SO_1283","사천진항","2026-08-30 10:13","20","고조"
"SO_1283","사천진항","2026-08-30 16:11","41","저조"
"SO_1283","사천진항","2026-08-30 22:55","16","고조"
"SO_1283","사천진항","2026-08-31 04:39","36","저조"
"SO_1283","사천진항","2026-08-31 10:55","19","고조"
"SO_1283","사천진항","2026-08-30 04:17","34","저조"
"SO_1283","사천진항","2026-08-30 10:13","20","고조"
"SO_1283","사천진항","2026-08-30 16:11","41","저조"
"SO_1283","사천진항","2026-08-30 22:55","16","고조"
"SO_1283","사천진항","2026-08-31 04:39","36","저조"
"SO_1283","사천진항","2026-08-31 10:55","19","고조"
"SO_1283","사천진항","2026-08-31 16:54","40","저조"
"SO_1283","사천진항","2026-08-31 23:22","20","고조"
"SO_1283","사천진항","2026-09-01 05:04","38","저조"
"SO_1283","사천진항","2026-09-01 11:39","19","고조"
"SO_1283","사천진항","2026-08-31 04:39","36","저조"
"SO_1283","사천진항","2026-08-31 10:55","19","고조"
"SO_1283","사천진항","2026-08-31 16:54","40","저조"
"SO_1283","사천진항","2026-08-31 23:22","20","고조"
"SO_1283","사천진항","2026-09-01 05:04","38","저조"
"SO_1283","사천진항","2026-09-01 11:39","19","고조"
"SO_1283","사천진항","2026-09-01 17:40","39","저조"
"SO_1283","사천진항","2026-09-01 23:49","24","고조"
"SO_1283","사천진항","2026-09-02 05:33","41","저조"
"SO_1283","사천진항","2026-09-02 12:27","20","고조"
"SO_1283","사천진항","2026-09-01 05:04","38","저조"
"SO_1283","사천진항","2026-09-01 11:39","19","고조"
"SO_1283","사천진항","2026-09-01 17:40","39","저조"
"SO_1283","사천진항","2026-09-01 23:49","24","고조"
"SO_1283","사천진항","2026-09-02 05:33","41","저조"
"SO_1283","사천진항","2026-09-02 12:27","20","고조"
"SO_1283","사천진항","2026-09-02 18:35","37","저조"
"SO_1283","사천진항","2026-09-03 00:16","29","고조"
"SO_1283","사천진항","2026-09-03 06:07","43","저조"
"SO_1283","사천진항","2026-09-03 13:30","21","고조"
"SO_1283","사천진항","2026-09-02 05:33","41","저조"
"SO_1283","사천진항","2026-09-02 12:27","20","고조"
"SO_1283","사천진항","2026-09-02 18:35","37","저조"
"SO_1283","사천진항","2026-09-03 00:16","29","고조"
"SO_1283","사천진항","2026-09-03 06:07","43","저조"
"SO_1283","사천진항","2026-09-03 13:30","21","고조"
"SO_1283","사천진항","2026-09-03 20:33","36","저조"
"SO_1283","사천진항","2026-09-04 00:41","33","고조"
"SO_1283","사천진항","2026-09-04 06:49","44","저조"
"SO_1283","사천진항","2026-09-04 15:07","22","고조"
"SO_1283","사천진항","2026-09-03 00:16","29","고조"
"SO_1283","사천진항","2026-09-03 06:07","43","저조"
"SO_1283","사천진항","2026-09-03 13:30","21","고조"
"SO_1283","사천진항","2026-09-03 20:33","36","저조"
"SO_1283","사천진항","2026-09-04 00:41","33","고조"
"SO_1283","사천진항","2026-09-04 06:49","44","저조"
"SO_1283","사천진항","2026-09-04 15:07","22","고조"
"SO_1283","사천진항","2026-09-05 07:49","45","저조"
"SO_1283","사천진항","2026-09-05 16:41","22","고조"
"SO_1283","사천진항","2026-09-06 09:26","45","저조"
"SO_1283","사천진항","2026-09-04 00:41","33","고조"
"SO_1283","사천진항","2026-09-04 06:49","44","저조"
"SO_1283","사천진항","2026-09-04 15:07","22","고조"
"SO_1283","사천진항","2026-09-05 07:49","45","저조"
"SO_1283","사천진항","2026-09-05 16:41","22","고조"
"SO_1283","사천진항","2026-09-06 09:26","45","저조"
"SO_1283","사천진항","2026-09-06 17:57","20","고조"
"SO_1283","사천진항","2026-09-07 02:03","38","저조"
"SO_1283","사천진항","2026-09-07 05:20","37","고조"
"SO_1283","사천진항","2026-09-07 10:56","46","저조"
"SO_1283","사천진항","2026-09-05 07:49","45","저조"
"SO_1283","사천진항","2026-09-05 16:41","22","고조"
"SO_1283","사천진항","2026-09-06 09:26","45","저조"
"SO_1283","사천진항","2026-09-06 17:57","20","고조"
"SO_1283","사천진항","2026-09-07 02:03","38","저조"
"SO_1283","사천진항","2026-09-07 05:20","37","고조"
"SO_1283","사천진항","2026-09-07 10:56","46","저조"
"SO_1283","사천진항","2026-09-07 19:02","17","고조"
"SO_1283","사천진항","2026-09-08 02:19","37","저조"
"SO_1283","사천진항","2026-09-08 06:24","33","고조"
"SO_1283","사천진항","2026-09-06 09:26","45","저조"
"SO_1283","사천진항","2026-09-06 17:57","20","고조"
"SO_1283","사천진항","2026-09-07 02:03","38","저조"
"SO_1283","사천진항","2026-09-07 05:20","37","고조"
"SO_1283","사천진항","2026-09-07 10:56","46","저조"
"SO_1283","사천진항","2026-09-07 19:02","17","고조"
"SO_1283","사천진항","2026-09-08 02:19","37","저조"
"SO_1283","사천진항","2026-09-08 06:24","33","고조"
"SO_1283","사천진항","2026-09-08 12:06","45","저조"
"SO_1283","사천진항","2026-09-08 19:56","14","고조"
"SO_1283","사천진항","2026-09-07 02:03","38","저조"
"SO_1283","사천진항","2026-09-07 05:20","37","고조"
"SO_1283","사천진항","2026-09-07 10:56","46","저조"
"SO_1283","사천진항","2026-09-07 19:02","17","고조"
"SO_1283","사천진항","2026-09-08 02:19","37","저조"
"SO_1283","사천진항","2026-09-08 06:24","33","고조"
"SO_1283","사천진항","2026-09-08 12:06","45","저조"
"SO_1283","사천진항","2026-09-08 19:56","14","고조"
"SO_1283","사천진항","2026-09-09 02:35","35","저조"
"SO_1283","사천진항","2026-09-09 07:19","28","고조"
"SO_1283","사천진항","2026-09-08 02:19","37","저조"
"SO_1283","사천진항","2026-09-08 06:24","33","고조"
"SO_1283","사천진항","2026-09-08 12:06","45","저조"
"SO_1283","사천진항","2026-09-08 19:56","14","고조"
"SO_1283","사천진항","2026-09-09 02:35","35","저조"
"SO_1283","사천진항","2026-09-09 07:19","28","고조"
"SO_1283","사천진항","2026-09-09 13:08","45","저조"
"SO_1283","사천진항","2026-09-09 20:40","12","고조"
"SO_1283","사천진항","2026-09-10 02:54","34","저조"
"SO_1283","사천진항","2026-09-10 08:09","23","고조"
"SO_1283","사천진항","2026-09-09 02:35","35","저조"
"SO_1283","사천진항","2026-09-09 07:19","28","고조"
"SO_1283","사천진항","2026-09-09 13:08","45","저조"
"SO_1283","사천진항","2026-09-09 20:40","12","고조"
"SO_1283","사천진항","2026-09-10 02:54","34","저조"
"SO_1283","사천진항","2026-09-10 08:09","23","고조"
"SO_1283","사천진항","2026-09-10 14:03","43","저조"
"SO_1283","사천진항","2026-09-10 21:18","10","고조"
"SO_1283","사천진항","2026-09-11 03:14","32","저조"
"SO_1283","사천진항","2026-09-11 08:56","19","고조"
"SO_1283","사천진항","2026-09-10 02:54","34","저조"
"SO_1283","사천진항","2026-09-10 08:09","23","고조"
"SO_1283","사천진항","2026-09-10 14:03","43","저조"
"SO_1283","사천진항","2026-09-10 21:18","10","고조"
"SO_1283","사천진항","2026-09-11 03:14","32","저조"
"SO_1283","사천진항","2026-09-11 08:56","19","고조"
"SO_1283","사천진항","2026-09-11 14:52","41","저조"
"SO_1283","사천진항","2026-09-11 21:51","11","고조"
"SO_1283","사천진항","2026-09-12 03:36","32","저조"
"SO_1283","사천진항","2026-09-12 09:41","15","고조"
"SO_1283","사천진항","2026-09-11 03:14","32","저조"
"SO_1283","사천진항","2026-09-11 08:56","19","고조"
"SO_1283","사천진항","2026-09-11 14:52","41","저조"
"SO_1283","사천진항","2026-09-11 21:51","11","고조"
"SO_1283","사천진항","2026-09-12 03:36","32","저조"
"SO_1283","사천진항","2026-09-12 09:41","15","고조"
"SO_1283","사천진항","2026-09-12 15:38","38","저조"
"SO_1283","사천진항","2026-09-12 22:22","12","고조"
"SO_1283","사천진항","2026-09-13 04:00","33","저조"
"SO_1283","사천진항","2026-09-13 10:25","12","고조"
"SO_1283","사천진항","2026-09-12 03:36","32","저조"
"SO_1283","사천진항","2026-09-12 09:41","15","고조"
"SO_1283","사천진항","2026-09-12 15:38","38","저조"
"SO_1283","사천진항","2026-09-12 22:22","12","고조"
"SO_1283","사천진항","2026-09-13 04:00","33","저조"
"SO_1283","사천진항","2026-09-13 10:25","12","고조"
"SO_1283","사천진항","2026-09-13 16:22","35","저조"
"SO_1283","사천진항","2026-09-13 22:48","15","고조"
"SO_1283","사천진항","2026-09-14 04:24","34","저조"
"SO_1283","사천진항","2026-09-14 11:08","12","고조"
"SO_1283","사천진항","2026-09-13 04:00","33","저조"
"SO_1283","사천진항","2026-09-13 10:25","12","고조"
"SO_1283","사천진항","2026-09-13 16:22","35","저조"
"SO_1283","사천진항","2026-09-13 22:48","15","고조"
"SO_1283","사천진항","2026-09-14 04:24","34","저조"
"SO_1283","사천진항","2026-09-14 11:08","12","고조"
"SO_1283","사천진항","2026-09-14 17:06","33","저조"
"SO_1283","사천진항","2026-09-14 23:10","19","고조"
"SO_1283","사천진항","2026-09-15 04:49","35","저조"
"SO_1283","사천진항","2026-09-15 11:52","13","고조"
"SO_1283","사천진항","2026-09-14 04:24","34","저조"
"SO_1283","사천진항","2026-09-14 11:08","12","고조"
"SO_1283","사천진항","2026-09-14 17:06","33","저조"
"SO_1283","사천진항","2026-09-14 23:10","19","고조"
"SO_1283","사천진항","2026-09-15 04:49","35","저조"
"SO_1283","사천진항","2026-09-15 11:52","13","고조"
"SO_1283","사천진항","2026-09-15 17:55","31","저조"
"SO_1283","사천진항","2026-09-15 23:26","23","고조"
"SO_1283","사천진항","2026-09-16 05:15","37","저조"
"SO_1283","사천진항","2026-09-16 12:43","15","고조"
"SO_1283","사천진항","2026-09-15 04:49","35","저조"
"SO_1283","사천진항","2026-09-15 11:52","13","고조"
"SO_1283","사천진항","2026-09-15 17:55","31","저조"
"SO_1283","사천진항","2026-09-15 23:26","23","고조"
"SO_1283","사천진항","2026-09-16 05:15","37","저조"
"SO_1283","사천진항","2026-09-16 12:43","15","고조"
"SO_1283","사천진항","2026-09-16 19:18","29","저조"
"SO_1283","사천진항","2026-09-16 23:34","26","고조"
"SO_1283","사천진항","2026-09-17 05:42","38","저조"
"SO_1283","사천진항","2026-09-17 13:51","17","고조"
"SO_1283","사천진항","2026-09-16 05:15","37","저조"
"SO_1283","사천진항","2026-09-16 12:43","15","고조"
"SO_1283","사천진항","2026-09-16 19:18","29","저조"
"SO_1283","사천진항","2026-09-16 23:34","26","고조"
"SO_1283","사천진항","2026-09-17 05:42","38","저조"
"SO_1283","사천진항","2026-09-17 13:51","17","고조"
"SO_1283","사천진항","2026-09-17 21:39","30","저조"
"SO_1283","사천진항","2026-09-17 23:33","29","고조"
"SO_1283","사천진항","2026-09-18 06:11","38","저조"
"SO_1283","사천진항","2026-09-18 15:17","19","고조"
"SO_1283","사천진항","2026-09-17 05:42","38","저조"
"SO_1283","사천진항","2026-09-17 13:51","17","고조"
"SO_1283","사천진항","2026-09-17 21:39","30","저조"
"SO_1283","사천진항","2026-09-17 23:33","29","고조"
"SO_1283","사천진항","2026-09-18 06:11","38","저조"
"SO_1283","사천진항","2026-09-18 15:17","19","고조"
"SO_1283","사천진항","2026-09-19 06:49","37","저조"
"SO_1283","사천진항","2026-09-19 16:35","19","고조"
"SO_1283","사천진항","2026-09-20 08:01","35","저조"
"SO_1283","사천진항","2026-09-20 17:45","18","고조"
"SO_1283","사천진항","2026-09-18 06:11","38","저조"
"SO_1283","사천진항","2026-09-18 15:17","19","고조"
"SO_1283","사천진항","2026-09-19 06:49","37","저조"
"SO_1283","사천진항","2026-09-19 16:35","19","고조"
"SO_1283","사천진항","2026-09-20 08:01","35","저조"
"SO_1283","사천진항","2026-09-20 17:45","18","고조"
"SO_1283","사천진항","2026-09-21 02:52","32","저조"
"SO_1283","사천진항","2026-09-21 05:22","31","고조"
"SO_1283","사천진항","2026-09-21 10:16","34","저조"
"SO_1283","사천진항","2026-09-21 18:42","16","고조"
"SO_1283","사천진항","2026-09-19 06:49","37","저조"
"SO_1283","사천진항","2026-09-19 16:35","19","고조"
"SO_1283","사천진항","2026-09-20 08:01","35","저조"
"SO_1283","사천진항","2026-09-20 17:45","18","고조"
"SO_1283","사천진항","2026-09-21 02:52","32","저조"
"SO_1283","사천진항","2026-09-21 05:22","31","고조"
"SO_1283","사천진항","2026-09-21 10:16","34","저조"
"SO_1283","사천진항","2026-09-21 18:42","16","고조"
"SO_1283","사천진항","2026-09-22 02:18","30","저조"
"SO_1283","사천진항","2026-09-22 06:14","28","고조"
"SO_1283","사천진항","2026-09-20 08:01","35","저조"
"SO_1283","사천진항","2026-09-20 17:45","18","고조"
"SO_1283","사천진항","2026-09-21 02:52","32","저조"
"SO_1283","사천진항","2026-09-21 05:22","31","고조"
"SO_1283","사천진항","2026-09-21 10:16","34","저조"
"SO_1283","사천진항","2026-09-21 18:42","16","고조"
"SO_1283","사천진항","2026-09-22 02:18","30","저조"
"SO_1283","사천진항","2026-09-22 06:14","28","고조"
"SO_1283","사천진항","2026-09-22 11:24","33","저조"
"SO_1283","사천진항","2026-09-22 19:23","13","고조"
"SO_1283","사천진항","2026-09-21 02:52","32","저조"
"SO_1283","사천진항","2026-09-21 05:22","31","고조"
"SO_1283","사천진항","2026-09-21 10:16","34","저조"
"SO_1283","사천진항","2026-09-21 18:42","16","고조"
"SO_1283","사천진항","2026-09-22 02:18","30","저조"
"SO_1283","사천진항","2026-09-22 06:14","28","고조"
"SO_1283","사천진항","2026-09-22 11:24","33","저조"
"SO_1283","사천진항","2026-09-22 19:23","13","고조"
"SO_1283","사천진항","2026-09-23 02:16","28","저조"
"SO_1283","사천진항","2026-09-23 06:52","24","고조"
"SO_1283","사천진항","2026-09-22 02:18","30","저조"
"SO_1283","사천진항","2026-09-22 06:14","28","고조"
"SO_1283","사천진항","2026-09-22 11:24","33","저조"
"SO_1283","사천진항","2026-09-22 19:23","13","고조"
"SO_1283","사천진항","2026-09-23 02:16","28","저조"
"SO_1283","사천진항","2026-09-23 06:52","24","고조"
"SO_1283","사천진항","2026-09-23 12:21","32","저조"
"SO_1283","사천진항","2026-09-23 19:56","10","고조"
"SO_1283","사천진항","2026-09-24 02:24","26","저조"
"SO_1283","사천진항","2026-09-24 07:27","19","고조"
"SO_1283","사천진항","2026-09-23 02:16","28","저조"
"SO_1283","사천진항","2026-09-23 06:52","24","고조"
"SO_1283","사천진항","2026-09-23 12:21","32","저조"
"SO_1283","사천진항","2026-09-23 19:56","10","고조"
"SO_1283","사천진항","2026-09-24 02:24","26","저조"
"SO_1283","사천진항","2026-09-24 07:27","19","고조"
"SO_1283","사천진항","2026-09-24 13:10","31","저조"
"SO_1283","사천진항","2026-09-24 20:24","7","고조"
"SO_1283","사천진항","2026-09-25 02:34","25","저조"
"SO_1283","사천진항","2026-09-25 08:02","15","고조"
"SO_1283","사천진항","2026-09-24 02:24","26","저조"
"SO_1283","사천진항","2026-09-24 07:27","19","고조"
"SO_1283","사천진항","2026-09-24 13:10","31","저조"
"SO_1283","사천진항","2026-09-24 20:24","7","고조"
"SO_1283","사천진항","2026-09-25 02:34","25","저조"
"SO_1283","사천진항","2026-09-25 08:02","15","고조"
"SO_1283","사천진항","2026-09-25 13:56","30","저조"
"SO_1283","사천진항","2026-09-25 20:52","6","고조"
"SO_1283","사천진항","2026-09-26 02:47","25","저조"
"SO_1283","사천진항","2026-09-26 08:39","11","고조"
"SO_1283","사천진항","2026-09-25 02:34","25","저조"
"SO_1283","사천진항","2026-09-25 08:02","15","고조"
"SO_1283","사천진항","2026-09-25 13:56","30","저조"
"SO_1283","사천진항","2026-09-25 20:52","6","고조"
"SO_1283","사천진항","2026-09-26 02:47","25","저조"
"SO_1283","사천진항","2026-09-26 08:39","11","고조"
"SO_1283","사천진항","2026-09-26 14:39","30","저조"
"SO_1283","사천진항","2026-09-26 21:19","7","고조"
"SO_1283","사천진항","2026-09-27 03:05","26","저조"
"SO_1283","사천진항","2026-09-27 09:18","8","고조"
"SO_1283","사천진항","2026-09-26 02:47","25","저조"
"SO_1283","사천진항","2026-09-26 08:39","11","고조"
"SO_1283","사천진항","2026-09-26 14:39","30","저조"
"SO_1283","사천진항","2026-09-26 21:19","7","고조"
"SO_1283","사천진항","2026-09-27 03:05","26","저조"
"SO_1283","사천진항","2026-09-27 09:18","8","고조"
"SO_1283","사천진항","2026-09-27 15:23","30","저조"
"SO_1283","사천진항","2026-09-27 21:47","9","고조"
"SO_1283","사천진항","2026-09-28 03:27","29","저조"
"SO_1283","사천진항","2026-09-28 09:58","6","고조"
"SO_1283","사천진항","2026-09-27 03:05","26","저조"
"SO_1283","사천진항","2026-09-27 09:18","8","고조"
"SO_1283","사천진항","2026-09-27 15:23","30","저조"
"SO_1283","사천진항","2026-09-27 21:47","9","고조"
"SO_1283","사천진항","2026-09-28 03:27","29","저조"
"SO_1283","사천진항","2026-09-28 09:58","6","고조"
"SO_1283","사천진항","2026-09-28 16:06","30","저조"
"SO_1283","사천진항","2026-09-28 22:16","12","고조"
"SO_1283","사천진항","2026-09-29 03:53","32","저조"
"SO_1283","사천진항","2026-09-29 10:41","6","고조"
"SO_1283","사천진항","2026-09-28 03:27","29","저조"
"SO_1283","사천진항","2026-09-28 09:58","6","고조"
"SO_1283","사천진항","2026-09-28 16:06","30","저조"
"SO_1283","사천진항","2026-09-28 22:16","12","고조"
"SO_1283","사천진항","2026-09-29 03:53","32","저조"
"SO_1283","사천진항","2026-09-29 10:41","6","고조"
"SO_1283","사천진항","2026-09-29 16:54","30","저조"
"SO_1283","사천진항","2026-09-29 22:46","17","고조"
"SO_1283","사천진항","2026-09-30 04:22","35","저조"
"SO_1283","사천진항","2026-09-30 11:27","7","고조"
"SO_1283","사천진항","2026-09-29 03:53","32","저조"
"SO_1283","사천진항","2026-09-29 10:41","6","고조"
"SO_1283","사천진항","2026-09-29 16:54","30","저조"
"SO_1283","사천진항","2026-09-29 22:46","17","고조"
"SO_1283","사천진항","2026-09-30 04:22","35","저조"
"SO_1283","사천진항","2026-09-30 11:27","7","고조"
"SO_1283","사천진항","2026-09-30 17:49","30","저조"
"SO_1283","사천진항","2026-09-30 23:16","21","고조"
"SO_1283","사천진항","2026-10-01 04:56","37","저조"
"SO_1283","사천진항","2026-10-01 12:21","8","고조"
"SO_1283","사천진항","2026-09-30 04:22","35","저조"
"SO_1283","사천진항","2026-09-30 11:27","7","고조"
"SO_1283","사천진항","2026-09-30 17:49","30","저조"
"SO_1283","사천진항","2026-09-30 23:16","21","고조"
"SO_1283","사천진항","2026-10-01 04:56","37","저조"
"SO_1283","사천진항","2026-10-01 12:21","8","고조"
"SO_1283","사천진항","2026-10-01 19:38","29","저조"
"SO_1283","사천진항","2026-10-01 23:46","25","고조"
"SO_1283","사천진항","2026-10-02 05:34","38","저조"
"SO_1283","사천진항","2026-10-02 13:32","11","고조"
"SO_1283","사천진항","2026-10-01 04:56","37","저조"
"SO_1283","사천진항","2026-10-01 12:21","8","고조"
"SO_1283","사천진항","2026-10-01 19:38","29","저조"
"SO_1283","사천진항","2026-10-01 23:46","25","고조"
"SO_1283","사천진항","2026-10-02 05:34","38","저조"
"SO_1283","사천진항","2026-10-02 13:32","11","고조"
"SO_1283","사천진항","2026-10-02 21:48","29","저조"
"SO_1283","사천진항","2026-10-03 00:17","28","고조"
"SO_1283","사천진항","2026-10-03 06:24","38","저조"
"SO_1283","사천진항","2026-10-03 15:02","12","고조"
"SO_1283","사천진항","2026-10-02 05:34","38","저조"
"SO_1283","사천진항","2026-10-02 13:32","11","고조"
"SO_1283","사천진항","2026-10-02 21:48","29","저조"
"SO_1283","사천진항","2026-10-03 00:17","28","고조"
"SO_1283","사천진항","2026-10-03 06:24","38","저조"
"SO_1283","사천진항","2026-10-03 15:02","12","고조"
"SO_1283","사천진항","2026-10-04 07:40","36","저조"
"SO_1283","사천진항","2026-10-04 16:27","11","고조"
"SO_1283","사천진항","2026-10-05 00:48","30","저조"
"SO_1283","사천진항","2026-10-05 04:10","28","고조"
"SO_1283","사천진항","2026-10-03 00:17","28","고조"
"SO_1283","사천진항","2026-10-03 06:24","38","저조"
"SO_1283","사천진항","2026-10-03 15:02","12","고조"
"SO_1283","사천진항","2026-10-04 07:40","36","저조"
"SO_1283","사천진항","2026-10-04 16:27","11","고조"
"SO_1283","사천진항","2026-10-05 00:48","30","저조"
"SO_1283","사천진항","2026-10-05 04:10","28","고조"
"SO_1283","사천진항","2026-10-05 09:23","35","저조"
"SO_1283","사천진항","2026-10-05 17:43","9","고조"
"SO_1283","사천진항","2026-10-06 01:12","28","저조"
"SO_1283","사천진항","2026-10-04 07:40","36","저조"
"SO_1283","사천진항","2026-10-04 16:27","11","고조"
"SO_1283","사천진항","2026-10-05 00:48","30","저조"
"SO_1283","사천진항","2026-10-05 04:10","28","고조"
"SO_1283","사천진항","2026-10-05 09:23","35","저조"
"SO_1283","사천진항","2026-10-05 17:43","9","고조"
"SO_1283","사천진항","2026-10-06 01:12","28","저조"
"SO_1283","사천진항","2026-10-06 05:28","24","고조"
"SO_1283","사천진항","2026-10-06 10:49","33","저조"
"SO_1283","사천진항","2026-10-06 18:44","7","고조"
"SO_1283","사천진항","2026-10-05 00:48","30","저조"
"SO_1283","사천진항","2026-10-05 04:10","28","고조"
"SO_1283","사천진항","2026-10-05 09:23","35","저조"
"SO_1283","사천진항","2026-10-05 17:43","9","고조"
"SO_1283","사천진항","2026-10-06 01:12","28","저조"
"SO_1283","사천진항","2026-10-06 05:28","24","고조"
"SO_1283","사천진항","2026-10-06 10:49","33","저조"
"SO_1283","사천진항","2026-10-06 18:44","7","고조"
"SO_1283","사천진항","2026-10-07 01:29","26","저조"
"SO_1283","사천진항","2026-10-07 06:28","18","고조"
"SO_1283","사천진항","2026-10-06 01:12","28","저조"
"SO_1283","사천진항","2026-10-06 05:28","24","고조"
"SO_1283","사천진항","2026-10-06 10:49","33","저조"
"SO_1283","사천진항","2026-10-06 18:44","7","고조"
"SO_1283","사천진항","2026-10-07 01:29","26","저조"
"SO_1283","사천진항","2026-10-07 06:28","18","고조"
"SO_1283","사천진항","2026-10-07 12:06","31","저조"
"SO_1283","사천진항","2026-10-07 19:31","5","고조"
"SO_1283","사천진항","2026-10-08 01:46","24","저조"
"SO_1283","사천진항","2026-10-08 07:18","12","고조"
"SO_1283","사천진항","2026-10-07 01:29","26","저조"
"SO_1283","사천진항","2026-10-07 06:28","18","고조"
"SO_1283","사천진항","2026-10-07 12:06","31","저조"
"SO_1283","사천진항","2026-10-07 19:31","5","고조"
"SO_1283","사천진항","2026-10-08 01:46","24","저조"
"SO_1283","사천진항","2026-10-08 07:18","12","고조"
"SO_1283","사천진항","2026-10-08 13:10","29","저조"
"SO_1283","사천진항","2026-10-08 20:09","4","고조"
"SO_1283","사천진항","2026-10-09 02:04","23","저조"
"SO_1283","사천진항","2026-10-09 08:02","7","고조"
"SO_1283","사천진항","2026-10-08 01:46","24","저조"
"SO_1283","사천진항","2026-10-08 07:18","12","고조"
"SO_1283","사천진항","2026-10-08 13:10","29","저조"
"SO_1283","사천진항","2026-10-08 20:09","4","고조"
"SO_1283","사천진항","2026-10-09 02:04","23","저조"
"SO_1283","사천진항","2026-10-09 08:02","7","고조"
"SO_1283","사천진항","2026-10-09 14:02","27","저조"
"SO_1283","사천진항","2026-10-09 20:42","4","고조"
"SO_1283","사천진항","2026-10-10 02:25","23","저조"
"SO_1283","사천진항","2026-10-10 08:45","3","고조"
"SO_1283","사천진항","2026-10-09 02:04","23","저조"
"SO_1283","사천진항","2026-10-09 08:02","7","고조"
"SO_1283","사천진항","2026-10-09 14:02","27","저조"
"SO_1283","사천진항","2026-10-09 20:42","4","고조"
"SO_1283","사천진항","2026-10-10 02:25","23","저조"
"SO_1283","사천진항","2026-10-10 08:45","3","고조"
"SO_1283","사천진항","2026-10-10 14:49","25","저조"
"SO_1283","사천진항","2026-10-10 21:12","6","고조"
"SO_1283","사천진항","2026-10-11 02:47","24","저조"
"SO_1283","사천진항","2026-10-11 09:26","","고조"
"SO_1283","사천진항","2026-10-10 02:25","23","저조"
"SO_1283","사천진항","2026-10-10 08:45","3","고조"
"SO_1283","사천진항","2026-10-10 14:49","25","저조"
"SO_1283","사천진항","2026-10-10 21:12","6","고조"
"SO_1283","사천진항","2026-10-11 02:47","24","저조"
"SO_1283","사천진항","2026-10-11 09:26","","고조"
"SO_1283","사천진항","2026-10-11 15:34","24","저조"
"SO_1283","사천진항","2026-10-11 21:38","8","고조"
"SO_1283","사천진항","2026-10-12 03:12","26","저조"
"SO_1283","사천진항","2026-10-12 10:06","","고조"
"SO_1283","사천진항","2026-10-11 02:47","24","저조"
"SO_1283","사천진항","2026-10-11 09:26","","고조"
"SO_1283","사천진항","2026-10-11 15:34","24","저조"
"SO_1283","사천진항","2026-10-11 21:38","8","고조"
"SO_1283","사천진항","2026-10-12 03:12","26","저조"
"SO_1283","사천진항","2026-10-12 10:06","","고조"
"SO_1283","사천진항","2026-10-12 16:19","23","저조"
"SO_1283","사천진항","2026-10-12 22:01","11","고조"
"SO_1283","사천진항","2026-10-13 03:37","28","저조"
"SO_1283","사천진항","2026-10-13 10:47","","고조"
"SO_1283","사천진항","2026-10-12 03:12","26","저조"
"SO_1283","사천진항","2026-10-12 10:06","","고조"
"SO_1283","사천진항","2026-10-12 16:19","23","저조"
"SO_1283","사천진항","2026-10-12 22:01","11","고조"
"SO_1283","사천진항","2026-10-13 03:37","28","저조"
"SO_1283","사천진항","2026-10-13 10:47","","고조"
"SO_1283","사천진항","2026-10-13 17:08","23","저조"
"SO_1283","사천진항","2026-10-13 22:20","15","고조"
"SO_1283","사천진항","2026-10-14 04:04","30","저조"
"SO_1283","사천진항","2026-10-14 11:28","3","고조"
"SO_1283","사천진항","2026-10-13 03:37","28","저조"
"SO_1283","사천진항","2026-10-13 10:47","","고조"
"SO_1283","사천진항","2026-10-13 17:08","23","저조"
"SO_1283","사천진항","2026-10-13 22:20","15","고조"
"SO_1283","사천진항","2026-10-14 04:04","30","저조"
"SO_1283","사천진항","2026-10-14 11:28","3","고조"
"SO_1283","사천진항","2026-10-14 18:15","22","저조"
"SO_1283","사천진항","2026-10-14 22:37","18","고조"
"SO_1283","사천진항","2026-10-15 04:31","31","저조"
"SO_1283","사천진항","2026-10-15 12:15","5","고조"
"SO_1283","사천진항","2026-10-14 04:04","30","저조"
"SO_1283","사천진항","2026-10-14 11:28","3","고조"
"SO_1283","사천진항","2026-10-14 18:15","22","저조"
"SO_1283","사천진항","2026-10-14 22:37","18","고조"
"SO_1283","사천진항","2026-10-15 04:31","31","저조"
"SO_1283","사천진항","2026-10-15 12:15","5","고조"
"SO_1283","사천진항","2026-10-15 19:53","22","저조"
"SO_1283","사천진항","2026-10-15 22:51","20","고조"
"SO_1283","사천진항","2026-10-16 05:01","31","저조"
"SO_1283","사천진항","2026-10-16 13:13","8","고조"
"SO_1283","사천진항","2026-10-15 04:31","31","저조"
"SO_1283","사천진항","2026-10-15 12:15","5","고조"
"SO_1283","사천진항","2026-10-15 19:53","22","저조"
"SO_1283","사천진항","2026-10-15 22:51","20","고조"
"SO_1283","사천진항","2026-10-16 05:01","31","저조"
"SO_1283","사천진항","2026-10-16 13:13","8","고조"
"SO_1283","사천진항","2026-10-16 21:13","23","저조"
"SO_1283","사천진항","2026-10-16 23:02","22","고조"
"SO_1283","사천진항","2026-10-17 05:33","30","저조"
"SO_1283","사천진항","2026-10-17 14:25","9","고조"
"SO_1283","사천진항","2026-10-16 05:01","31","저조"
"SO_1283","사천진항","2026-10-16 13:13","8","고조"
"SO_1283","사천진항","2026-10-16 21:13","23","저조"
"SO_1283","사천진항","2026-10-16 23:02","22","고조"
"SO_1283","사천진항","2026-10-17 05:33","30","저조"
"SO_1283","사천진항","2026-10-17 14:25","9","고조"
"SO_1283","사천진항","2026-10-18 06:12","28","저조"
"SO_1283","사천진항","2026-10-18 15:39","10","고조"
"SO_1283","사천진항","2026-10-19 07:20","25","저조"
"SO_1283","사천진항","2026-10-19 16:49","8","고조"
"SO_1283","사천진항","2026-10-17 05:33","30","저조"
"SO_1283","사천진항","2026-10-17 14:25","9","고조"
"SO_1283","사천진항","2026-10-18 06:12","28","저조"
"SO_1283","사천진항","2026-10-18 15:39","10","고조"
"SO_1283","사천진항","2026-10-19 07:20","25","저조"
"SO_1283","사천진항","2026-10-19 16:49","8","고조"
"SO_1283","사천진항","2026-10-20 01:13","21","저조"
"SO_1283","사천진항","2026-10-20 05:00","20","고조"
"SO_1283","사천진항","2026-10-20 09:02","22","저조"
"SO_1283","사천진항","2026-10-20 17:48","6","고조"
"SO_1283","사천진항","2026-10-18 06:12","28","저조"
"SO_1283","사천진항","2026-10-18 15:39","10","고조"
"SO_1283","사천진항","2026-10-19 07:20","25","저조"
"SO_1283","사천진항","2026-10-19 16:49","8","고조"
"SO_1283","사천진항","2026-10-20 01:13","21","저조"
"SO_1283","사천진항","2026-10-20 05:00","20","고조"
"SO_1283","사천진항","2026-10-20 09:02","22","저조"
"SO_1283","사천진항","2026-10-20 17:48","6","고조"
"SO_1283","사천진항","2026-10-21 01:05","19","저조"
"SO_1283","사천진항","2026-10-21 05:53","16","고조"
"SO_1283","사천진항","2026-10-19 07:20","25","저조"
"SO_1283","사천진항","2026-10-19 16:49","8","고조"
"SO_1283","사천진항","2026-10-20 01:13","21","저조"
"SO_1283","사천진항","2026-10-20 05:00","20","고조"
"SO_1283","사천진항","2026-10-20 09:02","22","저조"
"SO_1283","사천진항","2026-10-20 17:48","6","고조"
"SO_1283","사천진항","2026-10-21 01:05","19","저조"
"SO_1283","사천진항","2026-10-21 05:53","16","고조"
"SO_1283","사천진항","2026-10-21 10:26","20","저조"
"SO_1283","사천진항","2026-10-21 18:30","3","고조"
"SO_1283","사천진항","2026-10-20 01:13","21","저조"
"SO_1283","사천진항","2026-10-20 05:00","20","고조"
"SO_1283","사천진항","2026-10-20 09:02","22","저조"
"SO_1283","사천진항","2026-10-20 17:48","6","고조"
"SO_1283","사천진항","2026-10-21 01:05","19","저조"
"SO_1283","사천진항","2026-10-21 05:53","16","고조"
"SO_1283","사천진항","2026-10-21 10:26","20","저조"
"SO_1283","사천진항","2026-10-21 18:30","3","고조"
"SO_1283","사천진항","2026-10-22 01:14","18","저조"
"SO_1283","사천진항","2026-10-22 06:31","11","고조"
"SO_1283","사천진항","2026-10-21 01:05","19","저조"
"SO_1283","사천진항","2026-10-21 05:53","16","고조"
"SO_1283","사천진항","2026-10-21 10:26","20","저조"
"SO_1283","사천진항","2026-10-21 18:30","3","고조"
"SO_1283","사천진항","2026-10-22 01:14","18","저조"
"SO_1283","사천진항","2026-10-22 06:31","11","고조"
"SO_1283","사천진항","2026-10-22 11:45","19","저조"
"SO_1283","사천진항","2026-10-22 19:04","1","고조"
"SO_1283","사천진항","2026-10-23 01:23","17","저조"
"SO_1283","사천진항","2026-10-23 07:05","6","고조"
"SO_1283","사천진항","2026-10-22 01:14","18","저조"
"SO_1283","사천진항","2026-10-22 06:31","11","고조"
"SO_1283","사천진항","2026-10-22 11:45","19","저조"
"SO_1283","사천진항","2026-10-22 19:04","1","고조"
"SO_1283","사천진항","2026-10-23 01:23","17","저조"
"SO_1283","사천진항","2026-10-23 07:05","6","고조"
"SO_1283","사천진항","2026-10-23 12:51","18","저조"
"SO_1283","사천진항","2026-10-23 19:34","1","고조"
"SO_1283","사천진항","2026-10-24 01:35","17","저조"
"SO_1283","사천진항","2026-10-24 07:41","2","고조"
"SO_1283","사천진항","2026-10-23 01:23","17","저조"
"SO_1283","사천진항","2026-10-23 07:05","6","고조"
"SO_1283","사천진항","2026-10-23 12:51","18","저조"
"SO_1283","사천진항","2026-10-23 19:34","1","고조"
"SO_1283","사천진항","2026-10-24 01:35","17","저조"
"SO_1283","사천진항","2026-10-24 07:41","2","고조"
"SO_1283","사천진항","2026-10-24 13:44","19","저조"
"SO_1283","사천진항","2026-10-24 20:04","2","고조"
"SO_1283","사천진항","2026-10-25 01:52","19","저조"
"SO_1283","사천진항","2026-10-25 08:20","-2","고조"
"SO_1283","사천진항","2026-10-24 01:35","17","저조"
"SO_1283","사천진항","2026-10-24 07:41","2","고조"
"SO_1283","사천진항","2026-10-24 13:44","19","저조"
"SO_1283","사천진항","2026-10-24 20:04","2","고조"
"SO_1283","사천진항","2026-10-25 01:52","19","저조"
"SO_1283","사천진항","2026-10-25 08:20","-2","고조"
"SO_1283","사천진항","2026-10-25 14:32","20","저조"
"SO_1283","사천진항","2026-10-25 20:35","4","고조"
"SO_1283","사천진항","2026-10-26 02:16","22","저조"
"SO_1283","사천진항","2026-10-26 09:01","-4","고조"
"SO_1283","사천진항","2026-10-25 01:52","19","저조"
"SO_1283","사천진항","2026-10-25 08:20","-2","고조"
"SO_1283","사천진항","2026-10-25 14:32","20","저조"
"SO_1283","사천진항","2026-10-25 20:35","4","고조"
"SO_1283","사천진항","2026-10-26 02:16","22","저조"
"SO_1283","사천진항","2026-10-26 09:01","-4","고조"
"SO_1283","사천진항","2026-10-26 15:20","21","저조"
"SO_1283","사천진항","2026-10-26 21:08","7","고조"
"SO_1283","사천진항","2026-10-27 02:45","26","저조"
"SO_1283","사천진항","2026-10-27 09:44","-5","고조"
"SO_1283","사천진항","2026-10-26 02:16","22","저조"
"SO_1283","사천진항","2026-10-26 09:01","-4","고조"
"SO_1283","사천진항","2026-10-26 15:20","21","저조"
"SO_1283","사천진항","2026-10-26 21:08","7","고조"
"SO_1283","사천진항","2026-10-27 02:45","26","저조"
"SO_1283","사천진항","2026-10-27 09:44","-5","고조"
"SO_1283","사천진항","2026-10-27 16:10","22","저조"
"SO_1283","사천진항","2026-10-27 21:41","11","고조"
"SO_1283","사천진항","2026-10-28 03:17","29","저조"
"SO_1283","사천진항","2026-10-28 10:31","-4","고조"
"SO_1283","사천진항","2026-10-27 02:45","26","저조"
"SO_1283","사천진항","2026-10-27 09:44","-5","고조"
"SO_1283","사천진항","2026-10-27 16:10","22","저조"
"SO_1283","사천진항","2026-10-27 21:41","11","고조"
"SO_1283","사천진항","2026-10-28 03:17","29","저조"
"SO_1283","사천진항","2026-10-28 10:31","-4","고조"
"SO_1283","사천진항","2026-10-28 17:11","23","저조"
"SO_1283","사천진항","2026-10-28 22:15","15","고조"
"SO_1283","사천진항","2026-10-29 03:53","32","저조"
"SO_1283","사천진항","2026-10-29 11:23","-3","고조"
"SO_1283","사천진항","2026-10-28 03:17","29","저조"
"SO_1283","사천진항","2026-10-28 10:31","-4","고조"
"SO_1283","사천진항","2026-10-28 17:11","23","저조"
"SO_1283","사천진항","2026-10-28 22:15","15","고조"
"SO_1283","사천진항","2026-10-29 03:53","32","저조"
"SO_1283","사천진항","2026-10-29 11:23","-3","고조"
"SO_1283","사천진항","2026-10-29 18:44","23","저조"
"SO_1283","사천진항","2026-10-29 22:50","18","고조"
"SO_1283","사천진항","2026-10-30 04:33","33","저조"
"SO_1283","사천진항","2026-10-30 12:23","-1","고조"
"SO_1283","사천진항","2026-10-29 03:53","32","저조"
"SO_1283","사천진항","2026-10-29 11:23","-3","고조"
"SO_1283","사천진항","2026-10-29 18:44","23","저조"
"SO_1283","사천진항","2026-10-29 22:50","18","고조"
"SO_1283","사천진항","2026-10-30 04:33","33","저조"
"SO_1283","사천진항","2026-10-30 12:23","-1","고조"
"SO_1283","사천진항","2026-10-30 20:18","23","저조"
"SO_1283","사천진항","2026-10-30 23:31","21","고조"
"SO_1283","사천진항","2026-10-31 05:19","33","저조"
"SO_1283","사천진항","2026-10-31 13:33","1","고조"
"SO_1283","사천진항","2026-10-30 04:33","33","저조"
"SO_1283","사천진항","2026-10-30 12:23","-1","고조"
"SO_1283","사천진항","2026-10-30 20:18","23","저조"
"SO_1283","사천진항","2026-10-30 23:31","21","고조"
"SO_1283","사천진항","2026-10-31 05:19","33","저조"
"SO_1283","사천진항","2026-10-31 13:33","1","고조"
"SO_1283","사천진항","2026-10-31 21:38","23","저조"
"SO_1283","사천진항","2026-11-01 00:37","22","고조"
"SO_1283","사천진항","2026-11-01 06:21","31","저조"
"SO_1283","사천진항","2026-11-01 14:46","2","고조"
"SO_1283","사천진항","2026-10-31 05:19","33","저조"
"SO_1283","사천진항","2026-10-31 13:33","1","고조"
"SO_1283","사천진항","2026-10-31 21:38","23","저조"
"SO_1283","사천진항","2026-11-01 00:37","22","고조"
"SO_1283","사천진항","2026-11-01 06:21","31","저조"
"SO_1283","사천진항","2026-11-01 14:46","2","고조"
"SO_1283","사천진항","2026-11-01 22:59","22","저조"
"SO_1283","사천진항","2026-11-02 02:28","20","고조"
"SO_1283","사천진항","2026-11-02 07:43","28","저조"
"SO_1283","사천진항","2026-11-02 16:02","2","고조"
"SO_1283","사천진항","2026-11-01 00:37","22","고조"
"SO_1283","사천진항","2026-11-01 06:21","31","저조"
"SO_1283","사천진항","2026-11-01 14:46","2","고조"
"SO_1283","사천진항","2026-11-01 22:59","22","저조"
"SO_1283","사천진항","2026-11-02 02:28","20","고조"
"SO_1283","사천진항","2026-11-02 07:43","28","저조"
"SO_1283","사천진항","2026-11-02 16:02","2","고조"
"SO_1283","사천진항","2026-11-02 23:49","20","저조"
"SO_1283","사천진항","2026-11-03 04:03","16","고조"
"SO_1283","사천진항","2026-11-03 09:09","24","저조"
"SO_1283","사천진항","2026-11-02 02:28","20","고조"
"SO_1283","사천진항","2026-11-02 07:43","28","저조"
"SO_1283","사천진항","2026-11-02 16:02","2","고조"
"SO_1283","사천진항","2026-11-02 23:49","20","저조"
"SO_1283","사천진항","2026-11-03 04:03","16","고조"
"SO_1283","사천진항","2026-11-03 09:09","24","저조"
"SO_1283","사천진항","2026-11-03 17:14","1","고조"
"SO_1283","사천진항","2026-11-04 00:17","19","저조"
"SO_1283","사천진항","2026-11-04 05:22","11","고조"
"SO_1283","사천진항","2026-11-04 10:39","21","저조"
"SO_1283","사천진항","2026-11-03 04:03","16","고조"
"SO_1283","사천진항","2026-11-03 09:09","24","저조"
"SO_1283","사천진항","2026-11-03 17:14","1","고조"
"SO_1283","사천진항","2026-11-04 00:17","19","저조"
"SO_1283","사천진항","2026-11-04 05:22","11","고조"
"SO_1283","사천진항","2026-11-04 10:39","21","저조"
"SO_1283","사천진항","2026-11-04 18:12","1","고조"
"SO_1283","사천진항","2026-11-05 00:38","17","저조"
"SO_1283","사천진항","2026-11-05 06:20","5","고조"
"SO_1283","사천진항","2026-11-05 12:08","18","저조"
"SO_1283","사천진항","2026-11-04 00:17","19","저조"
"SO_1283","사천진항","2026-11-04 05:22","11","고조"
"SO_1283","사천진항","2026-11-04 10:39","21","저조"
"SO_1283","사천진항","2026-11-04 18:12","1","고조"
"SO_1283","사천진항","2026-11-05 00:38","17","저조"
"SO_1283","사천진항","2026-11-05 06:20","5","고조"
"SO_1283","사천진항","2026-11-05 12:08","18","저조"
"SO_1283","사천진항","2026-11-05 18:55","1","고조"
"SO_1283","사천진항","2026-11-06 00:58","16","저조"
"SO_1283","사천진항","2026-11-06 07:08","","고조"
"SO_1283","사천진항","2026-11-05 00:38","17","저조"
"SO_1283","사천진항","2026-11-05 06:20","5","고조"
"SO_1283","사천진항","2026-11-05 12:08","18","저조"
"SO_1283","사천진항","2026-11-05 18:55","1","고조"
"SO_1283","사천진항","2026-11-06 00:58","16","저조"
"SO_1283","사천진항","2026-11-06 07:08","","고조"
"SO_1283","사천진항","2026-11-06 13:14","17","저조"
"SO_1283","사천진항","2026-11-06 19:31","2","고조"
"SO_1283","사천진항","2026-11-07 01:18","17","저조"
"SO_1283","사천진항","2026-11-07 07:51","-4","고조"
"SO_1283","사천진항","2026-11-06 00:58","16","저조"
"SO_1283","사천진항","2026-11-06 07:08","","고조"
"SO_1283","사천진항","2026-11-06 13:14","17","저조"
"SO_1283","사천진항","2026-11-06 19:31","2","고조"
"SO_1283","사천진항","2026-11-07 01:18","17","저조"
"SO_1283","사천진항","2026-11-07 07:51","-4","고조"
"SO_1283","사천진항","2026-11-07 14:08","16","저조"
"SO_1283","사천진항","2026-11-07 20:01","3","고조"
"SO_1283","사천진항","2026-11-08 01:41","18","저조"
"SO_1283","사천진항","2026-11-08 08:31","-6","고조"
"SO_1283","사천진항","2026-11-07 01:18","17","저조"
"SO_1283","사천진항","2026-11-07 07:51","-4","고조"
"SO_1283","사천진항","2026-11-07 14:08","16","저조"
"SO_1283","사천진항","2026-11-07 20:01","3","고조"
"SO_1283","사천진항","2026-11-08 01:41","18","저조"
"SO_1283","사천진항","2026-11-08 08:31","-6","고조"
"SO_1283","사천진항","2026-11-08 14:56","15","저조"
"SO_1283","사천진항","2026-11-08 20:29","6","고조"
"SO_1283","사천진항","2026-11-09 02:06","20","저조"
"SO_1283","사천진항","2026-11-09 09:11","-7","고조"
"SO_1283","사천진항","2026-11-08 01:41","18","저조"
"SO_1283","사천진항","2026-11-08 08:31","-6","고조"
"SO_1283","사천진항","2026-11-08 14:56","15","저조"
"SO_1283","사천진항","2026-11-08 20:29","6","고조"
"SO_1283","사천진항","2026-11-09 02:06","20","저조"
"SO_1283","사천진항","2026-11-09 09:11","-7","고조"
"SO_1283","사천진항","2026-11-09 15:44","16","저조"
"SO_1283","사천진항","2026-11-09 20:53","8","고조"
"SO_1283","사천진항","2026-11-10 02:33","23","저조"
"SO_1283","사천진항","2026-11-10 09:51","-6","고조"
"SO_1283","사천진항","2026-11-09 02:06","20","저조"
"SO_1283","사천진항","2026-11-09 09:11","-7","고조"
"SO_1283","사천진항","2026-11-09 15:44","16","저조"
"SO_1283","사천진항","2026-11-09 20:53","8","고조"
"SO_1283","사천진항","2026-11-10 02:33","23","저조"
"SO_1283","사천진항","2026-11-10 09:51","-6","고조"
"SO_1283","사천진항","2026-11-10 16:35","16","저조"
"SO_1283","사천진항","2026-11-10 21:16","11","고조"
"SO_1283","사천진항","2026-11-11 03:02","25","저조"
"SO_1283","사천진항","2026-11-11 10:32","-5","고조"
"SO_1283","사천진항","2026-11-10 02:33","23","저조"
"SO_1283","사천진항","2026-11-10 09:51","-6","고조"
"SO_1283","사천진항","2026-11-10 16:35","16","저조"
"SO_1283","사천진항","2026-11-10 21:16","11","고조"
"SO_1283","사천진항","2026-11-11 03:02","25","저조"
"SO_1283","사천진항","2026-11-11 10:32","-5","고조"
"SO_1283","사천진항","2026-11-11 17:33","17","저조"
"SO_1283","사천진항","2026-11-11 21:37","13","고조"
"SO_1283","사천진항","2026-11-12 03:32","27","저조"
"SO_1283","사천진항","2026-11-12 11:14","-3","고조"
"SO_1283","사천진항","2026-11-11 03:02","25","저조"
"SO_1283","사천진항","2026-11-11 10:32","-5","고조"
"SO_1283","사천진항","2026-11-11 17:33","17","저조"
"SO_1283","사천진항","2026-11-11 21:37","13","고조"
"SO_1283","사천진항","2026-11-12 03:32","27","저조"
"SO_1283","사천진항","2026-11-12 11:14","-3","고조"
"SO_1283","사천진항","2026-11-12 18:34","18","저조"
"SO_1283","사천진항","2026-11-12 22:00","15","고조"
"SO_1283","사천진항","2026-11-13 04:04","27","저조"
"SO_1283","사천진항","2026-11-13 11:57","-1","고조"
"SO_1283","사천진항","2026-11-12 03:32","27","저조"
"SO_1283","사천진항","2026-11-12 11:14","-3","고조"
"SO_1283","사천진항","2026-11-12 18:34","18","저조"
"SO_1283","사천진항","2026-11-12 22:00","15","고조"
"SO_1283","사천진항","2026-11-13 04:04","27","저조"
"SO_1283","사천진항","2026-11-13 11:57","-1","고조"
"SO_1283","사천진항","2026-11-13 19:31","18","저조"
"SO_1283","사천진항","2026-11-13 22:23","16","고조"
"SO_1283","사천진항","2026-11-14 04:37","26","저조"
"SO_1283","사천진항","2026-11-14 12:44","1","고조"
"SO_1283","사천진항","2026-11-13 04:04","27","저조"
"SO_1283","사천진항","2026-11-13 11:57","-1","고조"
"SO_1283","사천진항","2026-11-13 19:31","18","저조"
"SO_1283","사천진항","2026-11-13 22:23","16","고조"
"SO_1283","사천진항","2026-11-14 04:37","26","저조"
"SO_1283","사천진항","2026-11-14 12:44","1","고조"
"SO_1283","사천진항","2026-11-14 20:28","17","저조"
"SO_1283","사천진항","2026-11-14 22:49","16","고조"
"SO_1283","사천진항","2026-11-15 05:13","24","저조"
"SO_1283","사천진항","2026-11-15 13:34","2","고조"
"SO_1283","사천진항","2026-11-14 04:37","26","저조"
"SO_1283","사천진항","2026-11-14 12:44","1","고조"
"SO_1283","사천진항","2026-11-14 20:28","17","저조"
"SO_1283","사천진항","2026-11-14 22:49","16","고조"
"SO_1283","사천진항","2026-11-15 05:13","24","저조"
"SO_1283","사천진항","2026-11-15 13:34","2","고조"
"SO_1283","사천진항","2026-11-16 05:57","21","저조"
"SO_1283","사천진항","2026-11-16 14:27","2","고조"
"SO_1283","사천진항","2026-11-16 23:00","15","저조"
"SO_1283","사천진항","2026-11-17 01:05","14","고조"
"SO_1283","사천진항","2026-11-15 05:13","24","저조"
"SO_1283","사천진항","2026-11-15 13:34","2","고조"
"SO_1283","사천진항","2026-11-16 05:57","21","저조"
"SO_1283","사천진항","2026-11-16 14:27","2","고조"
"SO_1283","사천진항","2026-11-16 23:00","15","저조"
"SO_1283","사천진항","2026-11-17 01:05","14","고조"
"SO_1283","사천진항","2026-11-17 06:58","18","저조"
"SO_1283","사천진항","2026-11-17 15:25","1","고조"
"SO_1283","사천진항","2026-11-17 23:35","13","저조"
"SO_1283","사천진항","2026-11-18 03:38","12","고조"
"SO_1283","사천진항","2026-11-16 05:57","21","저조"
"SO_1283","사천진항","2026-11-16 14:27","2","고조"
"SO_1283","사천진항","2026-11-16 23:00","15","저조"
"SO_1283","사천진항","2026-11-17 01:05","14","고조"
"SO_1283","사천진항","2026-11-17 06:58","18","저조"
"SO_1283","사천진항","2026-11-17 15:25","1","고조"
"SO_1283","사천진항","2026-11-17 23:35","13","저조"
"SO_1283","사천진항","2026-11-18 03:38","12","고조"
"SO_1283","사천진항","2026-11-18 08:10","15","저조"
"SO_1283","사천진항","2026-11-18 16:24","","고조"
"SO_1283","사천진항","2026-11-17 01:05","14","고조"
"SO_1283","사천진항","2026-11-17 06:58","18","저조"
"SO_1283","사천진항","2026-11-17 15:25","1","고조"
"SO_1283","사천진항","2026-11-17 23:35","13","저조"
"SO_1283","사천진항","2026-11-18 03:38","12","고조"
"SO_1283","사천진항","2026-11-18 08:10","15","저조"
"SO_1283","사천진항","2026-11-18 16:24","","고조"
"SO_1283","사천진항","2026-11-18 23:52","12","저조"
"SO_1283","사천진항","2026-11-19 05:06","8","고조"
"SO_1283","사천진항","2026-11-19 09:25","12","저조"
"SO_1283","사천진항","2026-11-18 03:38","12","고조"
"SO_1283","사천진항","2026-11-18 08:10","15","저조"
"SO_1283","사천진항","2026-11-18 16:24","","고조"
"SO_1283","사천진항","2026-11-18 23:52","12","저조"
"SO_1283","사천진항","2026-11-19 05:06","8","고조"
"SO_1283","사천진항","2026-11-19 09:25","12","저조"
"SO_1283","사천진항","2026-11-19 17:18","-1","고조"
"SO_1283","사천진항","2026-11-20 00:03","12","저조"
"SO_1283","사천진항","2026-11-20 05:56","3","고조"
"SO_1283","사천진항","2026-11-20 11:05","11","저조"
"SO_1283","사천진항","2026-11-19 05:06","8","고조"
"SO_1283","사천진항","2026-11-19 09:25","12","저조"
"SO_1283","사천진항","2026-11-19 17:18","-1","고조"
"SO_1283","사천진항","2026-11-20 00:03","12","저조"
"SO_1283","사천진항","2026-11-20 05:56","3","고조"
"SO_1283","사천진항","2026-11-20 11:05","11","저조"
"SO_1283","사천진항","2026-11-20 18:01","","고조"
"SO_1283","사천진항","2026-11-21 00:15","13","저조"
"SO_1283","사천진항","2026-11-21 06:37","-1","고조"
"SO_1283","사천진항","2026-11-21 12:37","12","저조"
"SO_1283","사천진항","2026-11-20 00:03","12","저조"
"SO_1283","사천진항","2026-11-20 05:56","3","고조"
"SO_1283","사천진항","2026-11-20 11:05","11","저조"
"SO_1283","사천진항","2026-11-20 18:01","","고조"
"SO_1283","사천진항","2026-11-21 00:15","13","저조"
"SO_1283","사천진항","2026-11-21 06:37","-1","고조"
"SO_1283","사천진항","2026-11-21 12:37","12","저조"
"SO_1283","사천진항","2026-11-21 18:39","1","고조"
"SO_1283","사천진항","2026-11-22 00:34","15","저조"
"SO_1283","사천진항","2026-11-22 07:19","-4","고조"
"SO_1283","사천진항","2026-11-21 00:15","13","저조"
"SO_1283","사천진항","2026-11-21 06:37","-1","고조"
"SO_1283","사천진항","2026-11-21 12:37","12","저조"
"SO_1283","사천진항","2026-11-21 18:39","1","고조"
"SO_1283","사천진항","2026-11-22 00:34","15","저조"
"SO_1283","사천진항","2026-11-22 07:19","-4","고조"
"SO_1283","사천진항","2026-11-22 13:39","13","저조"
"SO_1283","사천진항","2026-11-22 19:16","4","고조"
"SO_1283","사천진항","2026-11-23 01:01","19","저조"
"SO_1283","사천진항","2026-11-23 08:02","-7","고조"
"SO_1283","사천진항","2026-11-22 00:34","15","저조"
"SO_1283","사천진항","2026-11-22 07:19","-4","고조"
"SO_1283","사천진항","2026-11-22 13:39","13","저조"
"SO_1283","사천진항","2026-11-22 19:16","4","고조"
"SO_1283","사천진항","2026-11-23 01:01","19","저조"
"SO_1283","사천진항","2026-11-23 08:02","-7","고조"
"SO_1283","사천진항","2026-11-23 14:34","15","저조"
"SO_1283","사천진항","2026-11-23 19:53","7","고조"
"SO_1283","사천진항","2026-11-24 01:35","23","저조"
"SO_1283","사천진항","2026-11-24 08:47","-8","고조"
"SO_1283","사천진항","2026-11-23 01:01","19","저조"
"SO_1283","사천진항","2026-11-23 08:02","-7","고조"
"SO_1283","사천진항","2026-11-23 14:34","15","저조"
"SO_1283","사천진항","2026-11-23 19:53","7","고조"
"SO_1283","사천진항","2026-11-24 01:35","23","저조"
"SO_1283","사천진항","2026-11-24 08:47","-8","고조"
"SO_1283","사천진항","2026-11-24 15:30","18","저조"
"SO_1283","사천진항","2026-11-24 20:31","10","고조"
"SO_1283","사천진항","2026-11-25 02:12","27","저조"
"SO_1283","사천진항","2026-11-25 09:36","-9","고조"
"SO_1283","사천진항","2026-11-24 01:35","23","저조"
"SO_1283","사천진항","2026-11-24 08:47","-8","고조"
"SO_1283","사천진항","2026-11-24 15:30","18","저조"
"SO_1283","사천진항","2026-11-24 20:31","10","고조"
"SO_1283","사천진항","2026-11-25 02:12","27","저조"
"SO_1283","사천진항","2026-11-25 09:36","-9","고조"
"SO_1283","사천진항","2026-11-25 16:35","19","저조"
"SO_1283","사천진항","2026-11-25 21:10","13","고조"
"SO_1283","사천진항","2026-11-26 02:53","31","저조"
"SO_1283","사천진항","2026-11-26 10:29","-9","고조"
"SO_1283","사천진항","2026-11-25 02:12","27","저조"
"SO_1283","사천진항","2026-11-25 09:36","-9","고조"
"SO_1283","사천진항","2026-11-25 16:35","19","저조"
"SO_1283","사천진항","2026-11-25 21:10","13","고조"
"SO_1283","사천진항","2026-11-26 02:53","31","저조"
"SO_1283","사천진항","2026-11-26 10:29","-9","고조"
"SO_1283","사천진항","2026-11-26 17:48","20","저조"
"SO_1283","사천진항","2026-11-26 21:52","15","고조"
"SO_1283","사천진항","2026-11-27 03:37","32","저조"
"SO_1283","사천진항","2026-11-27 11:25","-8","고조"
"SO_1283","사천진항","2026-11-26 02:53","31","저조"
"SO_1283","사천진항","2026-11-26 10:29","-9","고조"
"SO_1283","사천진항","2026-11-26 17:48","20","저조"
"SO_1283","사천진항","2026-11-26 21:52","15","고조"
"SO_1283","사천진항","2026-11-27 03:37","32","저조"
"SO_1283","사천진항","2026-11-27 11:25","-8","고조"
"SO_1283","사천진항","2026-11-27 18:52","20","저조"
"SO_1283","사천진항","2026-11-27 22:39","16","고조"
"SO_1283","사천진항","2026-11-28 04:25","32","저조"
"SO_1283","사천진항","2026-11-28 12:22","-7","고조"
"SO_1283","사천진항","2026-11-27 03:37","32","저조"
"SO_1283","사천진항","2026-11-27 11:25","-8","고조"
"SO_1283","사천진항","2026-11-27 18:52","20","저조"
"SO_1283","사천진항","2026-11-27 22:39","16","고조"
"SO_1283","사천진항","2026-11-28 04:25","32","저조"
"SO_1283","사천진항","2026-11-28 12:22","-7","고조"
"SO_1283","사천진항","2026-11-28 19:50","20","저조"
"SO_1283","사천진항","2026-11-28 23:39","16","고조"
"SO_1283","사천진항","2026-11-29 05:20","30","저조"
"SO_1283","사천진항","2026-11-29 13:20","-5","고조"
"SO_1283","사천진항","2026-11-28 04:25","32","저조"
"SO_1283","사천진항","2026-11-28 12:22","-7","고조"
"SO_1283","사천진항","2026-11-28 19:50","20","저조"
"SO_1283","사천진항","2026-11-28 23:39","16","고조"
"SO_1283","사천진항","2026-11-29 05:20","30","저조"
"SO_1283","사천진항","2026-11-29 13:20","-5","고조"
"SO_1283","사천진항","2026-11-29 20:49","18","저조"
"SO_1283","사천진항","2026-11-30 00:53","15","고조"
"SO_1283","사천진항","2026-11-30 06:23","26","저조"
"SO_1283","사천진항","2026-11-30 14:18","-3","고조"
"SO_1283","사천진항","2026-11-29 05:20","30","저조"
"SO_1283","사천진항","2026-11-29 13:20","-5","고조"
"SO_1283","사천진항","2026-11-29 20:49","18","저조"
"SO_1283","사천진항","2026-11-30 00:53","15","고조"
"SO_1283","사천진항","2026-11-30 06:23","26","저조"
"SO_1283","사천진항","2026-11-30 14:18","-3","고조"
"SO_1283","사천진항","2026-11-30 21:50","17","저조"
"SO_1283","사천진항","2026-12-01 02:12","12","고조"
"SO_1283","사천진항","2026-12-01 07:30","22","저조"
"SO_1283","사천진항","2026-12-01 15:19","-2","고조"
"SO_1283","사천진항","2026-11-30 00:53","15","고조"
"SO_1283","사천진항","2026-11-30 06:23","26","저조"
"SO_1283","사천진항","2026-11-30 14:18","-3","고조"
"SO_1283","사천진항","2026-11-30 21:50","17","저조"
"SO_1283","사천진항","2026-12-01 02:12","12","고조"
"SO_1283","사천진항","2026-12-01 07:30","22","저조"
"SO_1283","사천진항","2026-12-01 15:19","-2","고조"
"SO_1283","사천진항","2026-12-01 22:40","15","저조"
"SO_1283","사천진항","2026-12-02 03:40","9","고조"
"SO_1283","사천진항","2026-12-02 08:45","17","저조"
"SO_1283","사천진항","2026-12-01 02:12","12","고조"
"SO_1283","사천진항","2026-12-01 07:30","22","저조"
"SO_1283","사천진항","2026-12-01 15:19","-2","고조"
"SO_1283","사천진항","2026-12-01 22:40","15","저조"
"SO_1283","사천진항","2026-12-02 03:40","9","고조"
"SO_1283","사천진항","2026-12-02 08:45","17","저조"
"SO_1283","사천진항","2026-12-02 16:25","","고조"
"SO_1283","사천진항","2026-12-02 23:14","14","저조"
"SO_1283","사천진항","2026-12-03 05:03","4","고조"
"SO_1283","사천진항","2026-12-03 10:32","13","저조"
"SO_1283","사천진항","2026-12-02 03:40","9","고조"
"SO_1283","사천진항","2026-12-02 08:45","17","저조"
"SO_1283","사천진항","2026-12-02 16:25","","고조"
"SO_1283","사천진항","2026-12-02 23:14","14","저조"
"SO_1283","사천진항","2026-12-03 05:03","4","고조"
"SO_1283","사천진항","2026-12-03 10:32","13","저조"
"SO_1283","사천진항","2026-12-03 17:24","1","고조"
"SO_1283","사천진항","2026-12-03 23:43","14","저조"
"SO_1283","사천진항","2026-12-04 06:05","","고조"
"SO_1283","사천진항","2026-12-04 12:19","12","저조"
"SO_1283","사천진항","2026-12-03 05:03","4","고조"
"SO_1283","사천진항","2026-12-03 10:32","13","저조"
"SO_1283","사천진항","2026-12-03 17:24","1","고조"
"SO_1283","사천진항","2026-12-03 23:43","14","저조"
"SO_1283","사천진항","2026-12-04 06:05","","고조"
"SO_1283","사천진항","2026-12-04 12:19","12","저조"
"SO_1283","사천진항","2026-12-04 18:10","3","고조"
"SO_1283","사천진항","2026-12-05 00:09","15","저조"
"SO_1283","사천진항","2026-12-05 06:55","-4","고조"
"SO_1283","사천진항","2026-12-05 13:31","11","저조"
"SO_1283","사천진항","2026-12-04 06:05","","고조"
"SO_1283","사천진항","2026-12-04 12:19","12","저조"
"SO_1283","사천진항","2026-12-04 18:10","3","고조"
"SO_1283","사천진항","2026-12-05 00:09","15","저조"
"SO_1283","사천진항","2026-12-05 06:55","-4","고조"
"SO_1283","사천진항","2026-12-05 13:31","11","저조"
"SO_1283","사천진항","2026-12-05 18:47","6","고조"
"SO_1283","사천진항","2026-12-06 00:35","17","저조"
"SO_1283","사천진항","2026-12-06 07:40","-6","고조"
"SO_1283","사천진항","2026-12-06 14:35","12","저조"
"SO_1283","사천진항","2026-12-05 00:09","15","저조"
"SO_1283","사천진항","2026-12-05 06:55","-4","고조"
"SO_1283","사천진항","2026-12-05 13:31","11","저조"
"SO_1283","사천진항","2026-12-05 18:47","6","고조"
"SO_1283","사천진항","2026-12-06 00:35","17","저조"
"SO_1283","사천진항","2026-12-06 07:40","-6","고조"
"SO_1283","사천진항","2026-12-06 14:35","12","저조"
"SO_1283","사천진항","2026-12-06 19:19","8","고조"
"SO_1283","사천진항","2026-12-07 01:04","19","저조"
"SO_1283","사천진항","2026-12-07 08:22","-7","고조"
"SO_1283","사천진항","2026-12-06 00:35","17","저조"
"SO_1283","사천진항","2026-12-06 07:40","-6","고조"
"SO_1283","사천진항","2026-12-06 14:35","12","저조"
"SO_1283","사천진항","2026-12-06 19:19","8","고조"
"SO_1283","사천진항","2026-12-07 01:04","19","저조"
"SO_1283","사천진항","2026-12-07 08:22","-7","고조"
"SO_1283","사천진항","2026-12-07 15:35","13","저조"
"SO_1283","사천진항","2026-12-07 19:46","10","고조"
"SO_1283","사천진항","2026-12-08 01:34","22","저조"
"SO_1283","사천진항","2026-12-08 09:03","-6","고조"
"SO_1283","사천진항","2026-12-07 01:04","19","저조"
"SO_1283","사천진항","2026-12-07 08:22","-7","고조"
"SO_1283","사천진항","2026-12-07 15:35","13","저조"
"SO_1283","사천진항","2026-12-07 19:46","10","고조"
"SO_1283","사천진항","2026-12-08 01:34","22","저조"
"SO_1283","사천진항","2026-12-08 09:03","-6","고조"
"SO_1283","사천진항","2026-12-08 16:24","15","저조"
"SO_1283","사천진항","2026-12-08 20:12","12","고조"
"SO_1283","사천진항","2026-12-09 02:06","24","저조"
"SO_1283","사천진항","2026-12-09 09:45","-6","고조"
"SO_1283","사천진항","2026-12-08 01:34","22","저조"
"SO_1283","사천진항","2026-12-08 09:03","-6","고조"
"SO_1283","사천진항","2026-12-08 16:24","15","저조"
"SO_1283","사천진항","2026-12-08 20:12","12","고조"
"SO_1283","사천진항","2026-12-09 02:06","24","저조"
"SO_1283","사천진항","2026-12-09 09:45","-6","고조"
"SO_1283","사천진항","2026-12-09 17:02","16","저조"
"SO_1283","사천진항","2026-12-09 20:38","13","고조"
"SO_1283","사천진항","2026-12-10 02:40","26","저조"
"SO_1283","사천진항","2026-12-10 10:26","-5","고조"
"SO_1283","사천진항","2026-12-09 02:06","24","저조"
"SO_1283","사천진항","2026-12-09 09:45","-6","고조"
"SO_1283","사천진항","2026-12-09 17:02","16","저조"
"SO_1283","사천진항","2026-12-09 20:38","13","고조"
"SO_1283","사천진항","2026-12-10 02:40","26","저조"
"SO_1283","사천진항","2026-12-10 10:26","-5","고조"
"SO_1283","사천진항","2026-12-10 17:37","16","저조"
"SO_1283","사천진항","2026-12-10 21:06","13","고조"
"SO_1283","사천진항","2026-12-11 03:14","26","저조"
"SO_1283","사천진항","2026-12-11 11:05","-4","고조"
"SO_1283","사천진항","2026-12-10 02:40","26","저조"
"SO_1283","사천진항","2026-12-10 10:26","-5","고조"
"SO_1283","사천진항","2026-12-10 17:37","16","저조"
"SO_1283","사천진항","2026-12-10 21:06","13","고조"
"SO_1283","사천진항","2026-12-11 03:14","26","저조"
"SO_1283","사천진항","2026-12-11 11:05","-4","고조"
"SO_1283","사천진항","2026-12-11 18:11","16","저조"
"SO_1283","사천진항","2026-12-11 21:38","13","고조"
"SO_1283","사천진항","2026-12-12 03:49","26","저조"
"SO_1283","사천진항","2026-12-12 11:42","-3","고조"
"SO_1283","사천진항","2026-12-11 03:14","26","저조"
"SO_1283","사천진항","2026-12-11 11:05","-4","고조"
"SO_1283","사천진항","2026-12-11 18:11","16","저조"
"SO_1283","사천진항","2026-12-11 21:38","13","고조"
"SO_1283","사천진항","2026-12-12 03:49","26","저조"
"SO_1283","사천진항","2026-12-12 11:42","-3","고조"
"SO_1283","사천진항","2026-12-12 18:46","16","저조"
"SO_1283","사천진항","2026-12-12 22:13","13","고조"
"SO_1283","사천진항","2026-12-13 04:25","24","저조"
"SO_1283","사천진항","2026-12-13 12:17","-3","고조"
"SO_1283","사천진항","2026-12-12 03:49","26","저조"
"SO_1283","사천진항","2026-12-12 11:42","-3","고조"
"SO_1283","사천진항","2026-12-12 18:46","16","저조"
"SO_1283","사천진항","2026-12-12 22:13","13","고조"
"SO_1283","사천진항","2026-12-13 04:25","24","저조"
"SO_1283","사천진항","2026-12-13 12:17","-3","고조"
"SO_1283","사천진항","2026-12-13 19:22","14","저조"
"SO_1283","사천진항","2026-12-13 22:56","12","고조"
"SO_1283","사천진항","2026-12-14 05:04","22","저조"
"SO_1283","사천진항","2026-12-14 12:50","-3","고조"
"SO_1283","사천진항","2026-12-13 04:25","24","저조"
"SO_1283","사천진항","2026-12-13 12:17","-3","고조"
"SO_1283","사천진항","2026-12-13 19:22","14","저조"
"SO_1283","사천진항","2026-12-13 22:56","12","고조"
"SO_1283","사천진항","2026-12-14 05:04","22","저조"
"SO_1283","사천진항","2026-12-14 12:50","-3","고조"
"SO_1283","사천진항","2026-12-14 19:58","13","저조"
"SO_1283","사천진항","2026-12-14 23:54","11","고조"
"SO_1283","사천진항","2026-12-15 05:48","19","저조"
"SO_1283","사천진항","2026-12-15 13:23","-3","고조"
"SO_1283","사천진항","2026-12-14 05:04","22","저조"
"SO_1283","사천진항","2026-12-14 12:50","-3","고조"
"SO_1283","사천진항","2026-12-14 19:58","13","저조"
"SO_1283","사천진항","2026-12-14 23:54","11","고조"
"SO_1283","사천진항","2026-12-15 05:48","19","저조"
"SO_1283","사천진항","2026-12-15 13:23","-3","고조"
"SO_1283","사천진항","2026-12-15 20:32","12","저조"
"SO_1283","사천진항","2026-12-16 01:00","9","고조"
"SO_1283","사천진항","2026-12-16 06:37","16","저조"
"SO_1283","사천진항","2026-12-16 13:56","-2","고조"
"SO_1283","사천진항","2026-12-15 05:48","19","저조"
"SO_1283","사천진항","2026-12-15 13:23","-3","고조"
"SO_1283","사천진항","2026-12-15 20:32","12","저조"
"SO_1283","사천진항","2026-12-16 01:00","9","고조"
"SO_1283","사천진항","2026-12-16 06:37","16","저조"
"SO_1283","사천진항","2026-12-16 13:56","-2","고조"
"SO_1283","사천진항","2026-12-16 21:00","11","저조"
"SO_1283","사천진항","2026-12-17 02:10","7","고조"
"SO_1283","사천진항","2026-12-17 07:34","13","저조"
"SO_1283","사천진항","2026-12-17 14:33","","고조"
"SO_1283","사천진항","2026-12-16 01:00","9","고조"
"SO_1283","사천진항","2026-12-16 06:37","16","저조"
"SO_1283","사천진항","2026-12-16 13:56","-2","고조"
"SO_1283","사천진항","2026-12-16 21:00","11","저조"
"SO_1283","사천진항","2026-12-17 02:10","7","고조"
"SO_1283","사천진항","2026-12-17 07:34","13","저조"
"SO_1283","사천진항","2026-12-17 14:33","","고조"
"SO_1283","사천진항","2026-12-17 21:27","12","저조"
"SO_1283","사천진항","2026-12-18 03:45","5","고조"
"SO_1283","사천진항","2026-12-18 08:40","11","저조"
"SO_1283","사천진항","2026-12-17 02:10","7","고조"
"SO_1283","사천진항","2026-12-17 07:34","13","저조"
"SO_1283","사천진항","2026-12-17 14:33","","고조"
"SO_1283","사천진항","2026-12-17 21:27","12","저조"
"SO_1283","사천진항","2026-12-18 03:45","5","고조"
"SO_1283","사천진항","2026-12-18 08:40","11","저조"
"SO_1283","사천진항","2026-12-18 15:16","2","고조"
"SO_1283","사천진항","2026-12-18 22:02","13","저조"
"SO_1283","사천진항","2026-12-19 05:13","2","고조"
"SO_1283","사천진항","2026-12-19 10:37","10","저조"
"SO_1283","사천진항","2026-12-18 03:45","5","고조"
"SO_1283","사천진항","2026-12-18 08:40","11","저조"
"SO_1283","사천진항","2026-12-18 15:16","2","고조"
"SO_1283","사천진항","2026-12-18 22:02","13","저조"
"SO_1283","사천진항","2026-12-19 05:13","2","고조"
"SO_1283","사천진항","2026-12-19 10:37","10","저조"
"SO_1283","사천진항","2026-12-19 16:17","5","고조"
"SO_1283","사천진항","2026-12-19 22:44","16","저조"
"SO_1283","사천진항","2026-12-20 06:09","-1","고조"
"SO_1283","사천진항","2026-12-20 12:40","12","저조"
"SO_1283","사천진항","2026-12-19 05:13","2","고조"
"SO_1283","사천진항","2026-12-19 10:37","10","저조"
"SO_1283","사천진항","2026-12-19 16:17","5","고조"
"SO_1283","사천진항","2026-12-19 22:44","16","저조"
"SO_1283","사천진항","2026-12-20 06:09","-1","고조"
"SO_1283","사천진항","2026-12-20 12:40","12","저조"
"SO_1283","사천진항","2026-12-20 17:31","8","고조"
"SO_1283","사천진항","2026-12-20 23:30","20","저조"
"SO_1283","사천진항","2026-12-21 06:59","-4","고조"
"SO_1283","사천진항","2026-12-21 13:50","14","저조"
"SO_1283","사천진항","2026-12-20 06:09","-1","고조"
"SO_1283","사천진항","2026-12-20 12:40","12","저조"
"SO_1283","사천진항","2026-12-20 17:31","8","고조"
"SO_1283","사천진항","2026-12-20 23:30","20","저조"
"SO_1283","사천진항","2026-12-21 06:59","-4","고조"
"SO_1283","사천진항","2026-12-21 13:50","14","저조"
"SO_1283","사천진항","2026-12-21 18:27","11","고조"
"SO_1283","사천진항","2026-12-22 00:17","24","저조"
"SO_1283","사천진항","2026-12-22 07:49","-6","고조"
"SO_1283","사천진항","2026-12-22 14:57","17","저조"
"SO_1283","사천진항","2026-12-21 06:59","-4","고조"
"SO_1283","사천진항","2026-12-21 13:50","14","저조"
"SO_1283","사천진항","2026-12-21 18:27","11","고조"
"SO_1283","사천진항","2026-12-22 00:17","24","저조"
"SO_1283","사천진항","2026-12-22 07:49","-6","고조"
"SO_1283","사천진항","2026-12-22 14:57","17","저조"
"SO_1283","사천진항","2026-12-22 19:15","13","고조"
"SO_1283","사천진항","2026-12-23 01:04","28","저조"
"SO_1283","사천진항","2026-12-23 08:41","-8","고조"
"SO_1283","사천진항","2026-12-23 16:01","19","저조"
"SO_1283","사천진항","2026-12-22 00:17","24","저조"
"SO_1283","사천진항","2026-12-22 07:49","-6","고조"
"SO_1283","사천진항","2026-12-22 14:57","17","저조"
"SO_1283","사천진항","2026-12-22 19:15","13","고조"
"SO_1283","사천진항","2026-12-23 01:04","28","저조"
"SO_1283","사천진항","2026-12-23 08:41","-8","고조"
"SO_1283","사천진항","2026-12-23 16:01","19","저조"
"SO_1283","사천진항","2026-12-23 20:01","15","고조"
"SO_1283","사천진항","2026-12-24 01:52","31","저조"
"SO_1283","사천진항","2026-12-24 09:35","-9","고조"
"SO_1283","사천진항","2026-12-23 01:04","28","저조"
"SO_1283","사천진항","2026-12-23 08:41","-8","고조"
"SO_1283","사천진항","2026-12-23 16:01","19","저조"
"SO_1283","사천진항","2026-12-23 20:01","15","고조"
"SO_1283","사천진항","2026-12-24 01:52","31","저조"
"SO_1283","사천진항","2026-12-24 09:35","-9","고조"
"SO_1283","사천진항","2026-12-24 16:52","20","저조"
"SO_1283","사천진항","2026-12-24 20:49","15","고조"
"SO_1283","사천진항","2026-12-25 02:41","33","저조"
"SO_1283","사천진항","2026-12-25 10:29","-9","고조"
"SO_1283","사천진항","2026-12-24 01:52","31","저조"
"SO_1283","사천진항","2026-12-24 09:35","-9","고조"
"SO_1283","사천진항","2026-12-24 16:52","20","저조"
"SO_1283","사천진항","2026-12-24 20:49","15","고조"
"SO_1283","사천진항","2026-12-25 02:41","33","저조"
"SO_1283","사천진항","2026-12-25 10:29","-9","고조"
"SO_1283","사천진항","2026-12-25 17:35","20","저조"
"SO_1283","사천진항","2026-12-25 21:42","15","고조"
"SO_1283","사천진항","2026-12-26 03:32","34","저조"
"SO_1283","사천진항","2026-12-26 11:20","-9","고조"
"SO_1283","사천진항","2026-12-25 02:41","33","저조"
"SO_1283","사천진항","2026-12-25 10:29","-9","고조"
"SO_1283","사천진항","2026-12-25 17:35","20","저조"
"SO_1283","사천진항","2026-12-25 21:42","15","고조"
"SO_1283","사천진항","2026-12-26 03:32","34","저조"
"SO_1283","사천진항","2026-12-26 11:20","-9","고조"
"SO_1283","사천진항","2026-12-26 18:15","19","저조"
"SO_1283","사천진항","2026-12-26 22:40","14","고조"
"SO_1283","사천진항","2026-12-27 04:24","32","저조"
"SO_1283","사천진항","2026-12-27 12:08","-9","고조"
"SO_1283","사천진항","2026-12-26 03:32","34","저조"
"SO_1283","사천진항","2026-12-26 11:20","-9","고조"
"SO_1283","사천진항","2026-12-26 18:15","19","저조"
"SO_1283","사천진항","2026-12-26 22:40","14","고조"
"SO_1283","사천진항","2026-12-27 04:24","32","저조"
"SO_1283","사천진항","2026-12-27 12:08","-9","고조"
"SO_1283","사천진항","2026-12-27 18:52","18","저조"
"SO_1283","사천진항","2026-12-28 00:00","12","고조"
"SO_1283","사천진항","2026-12-28 05:18","29","저조"
"SO_1283","사천진항","2026-12-28 12:52","-7","고조"
"SO_1283","사천진항","2026-12-27 04:24","32","저조"
"SO_1283","사천진항","2026-12-27 12:08","-9","고조"
"SO_1283","사천진항","2026-12-27 18:52","18","저조"
"SO_1283","사천진항","2026-12-28 00:00","12","고조"
"SO_1283","사천진항","2026-12-28 05:18","29","저조"
"SO_1283","사천진항","2026-12-28 12:52","-7","고조"
"SO_1283","사천진항","2026-12-28 19:30","17","저조"
"SO_1283","사천진항","2026-12-29 00:40","9","고조"
"SO_1283","사천진항","2026-12-29 06:12","24","저조"
"SO_1283","사천진항","2026-12-29 13:35","-4","고조"
"SO_1283","사천진항","2026-12-28 00:00","12","고조"
"SO_1283","사천진항","2026-12-28 05:18","29","저조"
"SO_1283","사천진항","2026-12-28 12:52","-7","고조"
"SO_1283","사천진항","2026-12-28 19:30","17","저조"
"SO_1283","사천진항","2026-12-29 00:40","9","고조"
"SO_1283","사천진항","2026-12-29 06:12","24","저조"
"SO_1283","사천진항","2026-12-29 13:35","-4","고조"
"SO_1283","사천진항","2026-12-29 20:10","15","저조"
"SO_1283","사천진항","2026-12-30 01:45","7","고조"
"SO_1283","사천진항","2026-12-30 07:08","19","저조"
"SO_1283","사천진항","2026-12-29 00:40","9","고조"
"SO_1283","사천진항","2026-12-29 06:12","24","저조"
"SO_1283","사천진항","2026-12-29 13:35","-4","고조"
"SO_1283","사천진항","2026-12-29 20:10","15","저조"
"SO_1283","사천진항","2026-12-30 01:45","7","고조"
"SO_1283","사천진항","2026-12-30 07:08","19","저조"
"SO_1283","사천진항","2026-12-30 14:19","","고조"
"SO_1283","사천진항","2026-12-30 20:54","15","저조"
"SO_1283","사천진항","2026-12-31 03:08","5","고조"
"SO_1283","사천진항","2026-12-31 08:16","14","저조"
"SO_1283","사천진항","2026-12-30 01:45","7","고조"
"SO_1283","사천진항","2026-12-30 07:08","19","저조"
"SO_1283","사천진항","2026-12-30 14:19","","고조"
"SO_1283","사천진항","2026-12-30 20:54","15","저조"
"SO_1283","사천진항","2026-12-31 03:08","5","고조"
"SO_1283","사천진항","2026-12-31 08:16","14","저조"
"SO_1283","사천진항","2026-12-31 15:06","3","고조"
"SO_1283","사천진항","2026-12-31 21:44","15","저조"
"SO_1283","사천진항","2027-01-01 04:38","2","고조"
"SO_1283","사천진항","2027-01-01 10:49","11","저조"