관측소코드,관측소명,날짜시간,조위(cm),고저구분
"SO_0564","국화도","2026-12-31 03:51","159","고조"
"SO_0564","국화도","2026-12-31 09:53","659","저조"
"SO_0564","국화도","2026-12-31 16:06","181","고조"
"SO_0564","국화도","2026-12-31 22:10","659","저조"
"SO_0564","국화도","2027-01-01 04:42","184","고조"
"SO_0564","국화도","2027-01-01 10:59","634","저조"
"SO_0564","국화도","2027-01-01 17:11","243","고조"
"SO_0564","국화도","2027-01-01 23:10","605","저조"
"SO_0564","국화도","2027-01-02 05:44","200","고조"
"SO_0564","국화도","2027-01-02 12:17","624","저조"
"SO_0564","국화도","2027-01-01 04:42","184","고조"
"SO_0564","국화도","2027-01-01 10:59","634","저조"
"SO_0564","국화도","2027-01-01 17:11","243","고조"
"SO_0564","국화도","2027-01-01 23:10","605","저조"
"SO_0564","국화도","2027-01-02 05:44","200","고조"
"SO_0564","국화도","2027-01-02 12:17","624","저조"
"SO_0564","국화도","2027-01-02 18:31","280","고조"
"SO_0564","국화도","2027-01-03 00:24","573","저조"
"SO_0564","국화도","2027-01-03 06:55","200","고조"
"SO_0564","국화도","2027-01-03 13:35","637","저조"
"SO_0564","국화도","2027-01-02 05:44","200","고조"
"SO_0564","국화도","2027-01-02 12:17","624","저조"
"SO_0564","국화도","2027-01-02 18:31","280","고조"
"SO_0564","국화도","2027-01-03 00:24","573","저조"
"SO_0564","국화도","2027-01-03 06:55","200","고조"
"SO_0564","국화도","2027-01-03 13:35","637","저조"
"SO_0564","국화도","2027-01-03 19:55","282","고조"
"SO_0564","국화도","2027-01-04 01:39","569","저조"
"SO_0564","국화도","2027-01-04 08:02","181","고조"
"SO_0564","국화도","2027-01-04 14:40","663","저조"
"SO_0564","국화도","2027-01-03 00:24","573","저조"
"SO_0564","국화도","2027-01-03 06:55","200","고조"
"SO_0564","국화도","2027-01-03 13:35","637","저조"
"SO_0564","국화도","2027-01-03 19:55","282","고조"
"SO_0564","국화도","2027-01-04 01:39","569","저조"
"SO_0564","국화도","2027-01-04 08:02","181","고조"
"SO_0564","국화도","2027-01-04 14:40","663","저조"
"SO_0564","국화도","2027-01-04 21:02","260","고조"
"SO_0564","국화도","2027-01-05 02:40","586","저조"
"SO_0564","국화도","2027-01-05 08:58","154","고조"
"SO_0564","국화도","2027-01-04 01:39","569","저조"
"SO_0564","국화도","2027-01-04 08:02","181","고조"
"SO_0564","국화도","2027-01-04 14:40","663","저조"
"SO_0564","국화도","2027-01-04 21:02","260","고조"
"SO_0564","국화도","2027-01-05 02:40","586","저조"
"SO_0564","국화도","2027-01-05 08:58","154","고조"
"SO_0564","국화도","2027-01-05 15:31","690","저조"
"SO_0564","국화도","2027-01-05 21:54","232","고조"
"SO_0564","국화도","2027-01-06 03:30","613","저조"
"SO_0564","국화도","2027-01-06 09:44","128","고조"
"SO_0564","국화도","2027-01-05 02:40","586","저조"
"SO_0564","국화도","2027-01-05 08:58","154","고조"
"SO_0564","국화도","2027-01-05 15:31","690","저조"
"SO_0564","국화도","2027-01-05 21:54","232","고조"
"SO_0564","국화도","2027-01-06 03:30","613","저조"
"SO_0564","국화도","2027-01-06 09:44","128","고조"
"SO_0564","국화도","2027-01-06 16:13","713","저조"
"SO_0564","국화도","2027-01-06 22:36","206","고조"
"SO_0564","국화도","2027-01-07 04:13","639","저조"
"SO_0564","국화도","2027-01-07 10:25","104","고조"
"SO_0564","국화도","2027-01-06 03:30","613","저조"
"SO_0564","국화도","2027-01-06 09:44","128","고조"
"SO_0564","국화도","2027-01-06 16:13","713","저조"
"SO_0564","국화도","2027-01-06 22:36","206","고조"
"SO_0564","국화도","2027-01-07 04:13","639","저조"
"SO_0564","국화도","2027-01-07 10:25","104","고조"
"SO_0564","국화도","2027-01-07 16:49","732","저조"
"SO_0564","국화도","2027-01-07 23:13","183","고조"
"SO_0564","국화도","2027-01-08 04:50","662","저조"
"SO_0564","국화도","2027-01-08 11:02","85","고조"
"SO_0564","국화도","2027-01-07 04:13","639","저조"
"SO_0564","국화도","2027-01-07 10:25","104","고조"
"SO_0564","국화도","2027-01-07 16:49","732","저조"
"SO_0564","국화도","2027-01-07 23:13","183","고조"
"SO_0564","국화도","2027-01-08 04:50","662","저조"
"SO_0564","국화도","2027-01-08 11:02","85","고조"
"SO_0564","국화도","2027-01-08 17:22","749","저조"
"SO_0564","국화도","2027-01-08 23:47","163","고조"
"SO_0564","국화도","2027-01-09 00:00","74","고조"
"SO_0564","국화도","2027-01-09 00:00","97","고조"
"SO_0564","국화도","2027-01-08 04:50","662","저조"
"SO_0564","국화도","2027-01-08 11:02","85","고조"
"SO_0564","국화도","2027-01-08 17:22","749","저조"
"SO_0564","국화도","2027-01-08 23:47","163","고조"
"SO_0564","국화도","2027-01-09 00:00","74","고조"
"SO_0564","국화도","2027-01-09 00:00","800","저조"
"SO_0564","국화도","2027-01-09 00:00","811","저조"
"SO_0564","국화도","2027-01-09 00:00","97","고조"
"SO_0564","국화도","2027-01-09 05:25","679","저조"
"SO_0564","국화도","2027-01-09 11:36","70","고조"
"SO_0564","국화도","2027-01-09 00:00","800","저조"
"SO_0564","국화도","2027-01-09 00:00","97","고조"
"SO_0564","국화도","2027-01-09 00:00","811","저조"
"SO_0564","국화도","2027-01-09 00:00","74","고조"
"SO_0564","국화도","2027-01-09 05:25","679","저조"
"SO_0564","국화도","2027-01-09 11:36","70","고조"
"SO_0564","국화도","2027-01-09 17:52","763","저조"
"SO_0564","국화도","2027-01-10 00:00","790","저조"
"SO_0564","국화도","2027-01-10 00:00","730","저조"
"SO_0564","국화도","2027-01-10 00:00","151","고조"
"SO_0564","국화도","2027-01-10 00:00","151","고조"
"SO_0564","국화도","2027-01-10 00:00","790","저조"
"SO_0564","국화도","2027-01-10 00:00","89","고조"
"SO_0564","국화도","2027-01-10 00:00","730","저조"
"SO_0564","국화도","2027-01-10 00:19","147","고조"
"SO_0564","국화도","2027-01-10 05:59","690","저조"
"SO_0564","국화도","2027-01-10 12:10","61","고조"
"SO_0564","국화도","2027-01-10 18:22","773","저조"
"SO_0564","국화도","2027-01-11 00:50","136","고조"
"SO_0564","국화도","2027-01-11 06:30","696","저조"
"SO_0564","국화도","2027-01-11 00:50","136","고조"
"SO_0564","국화도","2027-01-11 06:30","696","저조"
"SO_0564","국화도","2027-01-11 12:42","60","고조"
"SO_0564","국화도","2027-01-11 18:50","777","저조"
"SO_0564","국화도","2027-01-12 01:19","131","고조"
"SO_0564","국화도","2027-01-12 07:02","696","저조"
"SO_0564","국화도","2027-01-12 13:14","69","고조"
"SO_0564","국화도","2027-01-12 19:19","771","저조"
"SO_0564","국화도","2027-01-13 01:49","130","고조"
"SO_0564","국화도","2027-01-13 07:34","691","저조"
"SO_0564","국화도","2027-01-12 01:19","131","고조"
"SO_0564","국화도","2027-01-12 07:02","696","저조"
"SO_0564","국화도","2027-01-12 13:14","69","고조"
"SO_0564","국화도","2027-01-12 19:19","771","저조"
"SO_0564","국화도","2027-01-13 01:49","130","고조"
"SO_0564","국화도","2027-01-13 07:34","691","저조"
"SO_0564","국화도","2027-01-13 13:48","90","고조"
"SO_0564","국화도","2027-01-13 19:49","753","저조"
"SO_0564","국화도","2027-01-14 02:19","135","고조"
"SO_0564","국화도","2027-01-14 08:10","682","저조"
"SO_0564","국화도","2027-01-13 01:49","130","고조"
"SO_0564","국화도","2027-01-13 07:34","691","저조"
"SO_0564","국화도","2027-01-13 13:48","90","고조"
"SO_0564","국화도","2027-01-13 19:49","753","저조"
"SO_0564","국화도","2027-01-14 02:19","135","고조"
"SO_0564","국화도","2027-01-14 08:10","682","저조"
"SO_0564","국화도","2027-01-14 14:24","125","고조"
"SO_0564","국화도","2027-01-14 20:22","723","저조"
"SO_0564","국화도","2027-01-15 02:54","146","고조"
"SO_0564","국화도","2027-01-15 08:52","667","저조"
"SO_0564","국화도","2027-01-14 02:19","135","고조"
"SO_0564","국화도","2027-01-14 08:10","682","저조"
"SO_0564","국화도","2027-01-14 14:24","125","고조"
"SO_0564","국화도","2027-01-14 20:22","723","저조"
"SO_0564","국화도","2027-01-15 02:54","146","고조"
"SO_0564","국화도","2027-01-15 08:52","667","저조"
"SO_0564","국화도","2027-01-15 15:05","170","고조"
"SO_0564","국화도","2027-01-15 21:02","681","저조"
"SO_0564","국화도","2027-01-16 03:35","161","고조"
"SO_0564","국화도","2027-01-16 09:45","648","저조"
"SO_0564","국화도","2027-01-15 02:54","146","고조"
"SO_0564","국화도","2027-01-15 08:52","667","저조"
"SO_0564","국화도","2027-01-15 15:05","170","고조"
"SO_0564","국화도","2027-01-15 21:02","681","저조"
"SO_0564","국화도","2027-01-16 03:35","161","고조"
"SO_0564","국화도","2027-01-16 09:45","648","저조"
"SO_0564","국화도","2027-01-16 15:57","222","고조"
"SO_0564","국화도","2027-01-16 21:52","632","저조"
"SO_0564","국화도","2027-01-17 04:28","179","고조"
"SO_0564","국화도","2027-01-17 10:54","635","저조"
"SO_0564","국화도","2027-01-16 03:35","161","고조"
"SO_0564","국화도","2027-01-16 09:45","648","저조"
"SO_0564","국화도","2027-01-16 15:57","222","고조"
"SO_0564","국화도","2027-01-16 21:52","632","저조"
"SO_0564","국화도","2027-01-17 04:28","179","고조"
"SO_0564","국화도","2027-01-17 10:54","635","저조"
"SO_0564","국화도","2027-01-17 17:07","268","고조"
"SO_0564","국화도","2027-01-17 23:00","587","저조"
"SO_0564","국화도","2027-01-18 05:40","187","고조"
"SO_0564","국화도","2027-01-18 12:20","642","저조"
"SO_0564","국화도","2027-01-17 04:28","179","고조"
"SO_0564","국화도","2027-01-17 10:54","635","저조"
"SO_0564","국화도","2027-01-17 17:07","268","고조"
"SO_0564","국화도","2027-01-17 23:00","587","저조"
"SO_0564","국화도","2027-01-18 05:40","187","고조"
"SO_0564","국화도","2027-01-18 12:20","642","저조"
"SO_0564","국화도","2027-01-18 18:42","287","고조"
"SO_0564","국화도","2027-01-19 00:31","567","저조"
"SO_0564","국화도","2027-01-19 07:05","171","고조"
"SO_0564","국화도","2027-01-19 13:44","678","저조"
"SO_0564","국화도","2027-01-18 05:40","187","고조"
"SO_0564","국화도","2027-01-18 12:20","642","저조"
"SO_0564","국화도","2027-01-18 18:42","287","고조"
"SO_0564","국화도","2027-01-19 00:31","567","저조"
"SO_0564","국화도","2027-01-19 07:05","171","고조"
"SO_0564","국화도","2027-01-19 13:44","678","저조"
"SO_0564","국화도","2027-01-19 20:18","261","고조"
"SO_0564","국화도","2027-01-20 01:59","584","저조"
"SO_0564","국화도","2027-01-20 08:23","129","고조"
"SO_0564","국화도","2027-01-20 14:55","730","저조"
"SO_0564","국화도","2027-01-19 00:31","567","저조"
"SO_0564","국화도","2027-01-19 07:05","171","고조"
"SO_0564","국화도","2027-01-19 13:44","678","저조"
"SO_0564","국화도","2027-01-19 20:18","261","고조"
"SO_0564","국화도","2027-01-20 01:59","584","저조"
"SO_0564","국화도","2027-01-20 08:23","129","고조"
"SO_0564","국화도","2027-01-20 14:55","730","저조"
"SO_0564","국화도","2027-01-20 21:31","212","고조"
"SO_0564","국화도","2027-01-21 03:10","626","저조"
"SO_0564","국화도","2027-01-21 09:29","75","고조"
"SO_0564","국화도","2027-01-20 01:59","584","저조"
"SO_0564","국화도","2027-01-20 08:23","129","고조"
"SO_0564","국화도","2027-01-20 14:55","730","저조"
"SO_0564","국화도","2027-01-20 21:31","212","고조"
"SO_0564","국화도","2027-01-21 03:10","626","저조"
"SO_0564","국화도","2027-01-21 09:29","75","고조"
"SO_0564","국화도","2027-01-21 15:55","784","저조"
"SO_0564","국화도","2027-01-21 22:29","158","고조"
"SO_0564","국화도","2027-01-22 04:08","674","저조"
"SO_0564","국화도","2027-01-22 10:26","23","고조"
"SO_0564","국화도","2027-01-21 03:10","626","저조"
"SO_0564","국화도","2027-01-21 09:29","75","고조"
"SO_0564","국화도","2027-01-21 15:55","784","저조"
"SO_0564","국화도","2027-01-21 22:29","158","고조"
"SO_0564","국화도","2027-01-22 04:08","674","저조"
"SO_0564","국화도","2027-01-22 10:26","23","고조"
"SO_0564","국화도","2027-01-22 16:47","829","저조"
"SO_0564","국화도","2027-01-22 23:20","110","고조"
"SO_0564","국화도","2027-01-23 04:59","719","저조"
"SO_0564","국화도","2027-01-23 11:18","-18","고조"
"SO_0564","국화도","2027-01-22 04:08","674","저조"
"SO_0564","국화도","2027-01-22 10:26","23","고조"
"SO_0564","국화도","2027-01-22 16:47","829","저조"
"SO_0564","국화도","2027-01-22 23:20","110","고조"
"SO_0564","국화도","2027-01-23 04:59","719","저조"
"SO_0564","국화도","2027-01-23 11:18","-18","고조"
"SO_0564","국화도","2027-01-23 17:33","858","저조"
"SO_0564","국화도","2027-01-24 00:04","73","고조"
"SO_0564","국화도","2027-01-24 05:46","754","저조"
"SO_0564","국화도","2027-01-24 12:05","-42","고조"
"SO_0564","국화도","2027-01-23 04:59","719","저조"
"SO_0564","국화도","2027-01-23 11:18","-18","고조"
"SO_0564","국화도","2027-01-23 17:33","858","저조"
"SO_0564","국화도","2027-01-24 00:04","73","고조"
"SO_0564","국화도","2027-01-24 05:46","754","저조"
"SO_0564","국화도","2027-01-24 12:05","-42","고조"
"SO_0564","국화도","2027-01-24 18:16","868","저조"
"SO_0564","국화도","2027-01-25 00:45","49","고조"
"SO_0564","국화도","2027-01-25 06:28","775","저조"
"SO_0564","국화도","2027-01-25 12:48","-43","고조"
"SO_0564","국화도","2027-01-24 00:04","73","고조"
"SO_0564","국화도","2027-01-24 05:46","754","저조"
"SO_0564","국화도","2027-01-24 12:05","-42","고조"
"SO_0564","국화도","2027-01-24 18:16","868","저조"
"SO_0564","국화도","2027-01-25 00:45","49","고조"
"SO_0564","국화도","2027-01-25 06:28","775","저조"
"SO_0564","국화도","2027-01-25 12:48","-43","고조"
"SO_0564","국화도","2027-01-25 18:55","859","저조"
"SO_0564","국화도","2027-01-26 01:22","41","고조"
"SO_0564","국화도","2027-01-26 07:09","780","저조"
"SO_0564","국화도","2027-01-25 00:45","49","고조"
"SO_0564","국화도","2027-01-25 06:28","775","저조"
"SO_0564","국화도","2027-01-25 12:48","-43","고조"
"SO_0564","국화도","2027-01-25 18:55","859","저조"
"SO_0564","국화도","2027-01-26 01:22","41","고조"
"SO_0564","국화도","2027-01-26 07:09","780","저조"
"SO_0564","국화도","2027-01-26 13:29","-19","고조"
"SO_0564","국화도","2027-01-26 19:31","831","저조"
"SO_0564","국화도","2027-01-27 01:57","49","고조"
"SO_0564","국화도","2027-01-27 07:49","768","저조"
"SO_0564","국화도","2027-01-26 01:22","41","고조"
"SO_0564","국화도","2027-01-26 07:09","780","저조"
"SO_0564","국화도","2027-01-26 13:29","-19","고조"
"SO_0564","국화도","2027-01-26 19:31","831","저조"
"SO_0564","국화도","2027-01-27 01:57","49","고조"
"SO_0564","국화도","2027-01-27 07:49","768","저조"
"SO_0564","국화도","2027-01-27 14:07","28","고조"
"SO_0564","국화도","2027-01-27 20:05","786","저조"
"SO_0564","국화도","2027-01-28 02:31","71","고조"
"SO_0564","국화도","2027-01-28 08:29","739","저조"
"SO_0564","국화도","2027-01-27 01:57","49","고조"
"SO_0564","국화도","2027-01-27 07:49","768","저조"
"SO_0564","국화도","2027-01-27 14:07","28","고조"
"SO_0564","국화도","2027-01-27 20:05","786","저조"
"SO_0564","국화도","2027-01-28 02:31","71","고조"
"SO_0564","국화도","2027-01-28 08:29","739","저조"
"SO_0564","국화도","2027-01-28 14:46","95","고조"
"SO_0564","국화도","2027-01-28 20:40","727","저조"
"SO_0564","국화도","2027-01-29 03:06","108","고조"
"SO_0564","국화도","2027-01-29 09:12","696","저조"
"SO_0564","국화도","2027-01-28 02:31","71","고조"
"SO_0564","국화도","2027-01-28 08:29","739","저조"
"SO_0564","국화도","2027-01-28 14:46","95","고조"
"SO_0564","국화도","2027-01-28 20:40","727","저조"
"SO_0564","국화도","2027-01-29 03:06","108","고조"
"SO_0564","국화도","2027-01-29 09:12","696","저조"
"SO_0564","국화도","2027-01-29 15:27","174","고조"
"SO_0564","국화도","2027-01-29 21:17","660","저조"
"SO_0564","국화도","2027-01-30 03:44","153","고조"
"SO_0564","국화도","2027-01-30 10:04","645","저조"
"SO_0564","국화도","2027-01-29 03:06","108","고조"
"SO_0564","국화도","2027-01-29 09:12","696","저조"
"SO_0564","국화도","2027-01-29 15:27","174","고조"
"SO_0564","국화도","2027-01-29 21:17","660","저조"
"SO_0564","국화도","2027-01-30 03:44","153","고조"
"SO_0564","국화도","2027-01-30 10:04","645","저조"
"SO_0564","국화도","2027-01-30 16:16","255","고조"
"SO_0564","국화도","2027-01-30 22:02","591","저조"
"SO_0564","국화도","2027-01-31 04:33","204","고조"
"SO_0564","국화도","2027-01-31 11:16","599","저조"
"SO_0564","국화도","2027-01-30 03:44","153","고조"
"SO_0564","국화도","2027-01-30 10:04","645","저조"
"SO_0564","국화도","2027-01-30 16:16","255","고조"
"SO_0564","국화도","2027-01-30 22:02","591","저조"
"SO_0564","국화도","2027-01-31 04:33","204","고조"
"SO_0564","국화도","2027-01-31 11:16","599","저조"
"SO_0564","국화도","2027-01-31 17:29","320","고조"
"SO_0564","국화도","2027-01-31 23:10","531","저조"
"SO_0564","국화도","2027-02-01 05:48","242","고조"
"SO_0564","국화도","2027-02-01 12:53","583","저조"
"SO_0564","국화도","2027-01-31 04:33","204","고조"
"SO_0564","국화도","2027-01-31 11:16","599","저조"
"SO_0564","국화도","2027-01-31 17:29","320","고조"
"SO_0564","국화도","2027-01-31 23:10","531","저조"
"SO_0564","국화도","2027-02-01 05:48","242","고조"
"SO_0564","국화도","2027-02-01 12:53","583","저조"
"SO_0564","국화도","2027-02-01 19:21","340","고조"
"SO_0564","국화도","2027-02-02 00:54","509","저조"
"SO_0564","국화도","2027-02-02 07:24","243","고조"
"SO_0564","국화도","2027-02-02 14:21","606","저조"
"SO_0564","국화도","2027-02-01 05:48","242","고조"
"SO_0564","국화도","2027-02-01 12:53","583","저조"
"SO_0564","국화도","2027-02-01 19:21","340","고조"
"SO_0564","국화도","2027-02-02 00:54","509","저조"
"SO_0564","국화도","2027-02-02 07:24","243","고조"
"SO_0564","국화도","2027-02-02 14:21","606","저조"
"SO_0564","국화도","2027-02-02 20:50","308","고조"
"SO_0564","국화도","2027-02-03 02:22","534","저조"
"SO_0564","국화도","2027-02-03 08:39","209","고조"
"SO_0564","국화도","2027-02-03 15:20","645","저조"
"SO_0564","국화도","2027-02-02 00:54","509","저조"
"SO_0564","국화도","2027-02-02 07:24","243","고조"
"SO_0564","국화도","2027-02-02 14:21","606","저조"
"SO_0564","국화도","2027-02-02 20:50","308","고조"
"SO_0564","국화도","2027-02-03 02:22","534","저조"
"SO_0564","국화도","2027-02-03 08:39","209","고조"
"SO_0564","국화도","2027-02-03 15:20","645","저조"
"SO_0564","국화도","2027-02-03 21:44","261","고조"
"SO_0564","국화도","2027-02-04 03:20","580","저조"
"SO_0564","국화도","2027-02-04 09:32","165","고조"
"SO_0564","국화도","2027-02-03 02:22","534","저조"
"SO_0564","국화도","2027-02-03 08:39","209","고조"
"SO_0564","국화도","2027-02-03 15:20","645","저조"
"SO_0564","국화도","2027-02-03 21:44","261","고조"
"SO_0564","국화도","2027-02-04 03:20","580","저조"
"SO_0564","국화도","2027-02-04 09:32","165","고조"
"SO_0564","국화도","2027-02-04 16:02","685","저조"
"SO_0564","국화도","2027-02-04 22:25","216","고조"
"SO_0564","국화도","2027-02-05 04:02","628","저조"
"SO_0564","국화도","2027-02-05 10:14","122","고조"
"SO_0564","국화도","2027-02-04 03:20","580","저조"
"SO_0564","국화도","2027-02-04 09:32","165","고조"
"SO_0564","국화도","2027-02-04 16:02","685","저조"
"SO_0564","국화도","2027-02-04 22:25","216","고조"
"SO_0564","국화도","2027-02-05 04:02","628","저조"
"SO_0564","국화도","2027-02-05 10:14","122","고조"
"SO_0564","국화도","2027-02-05 16:36","721","저조"
"SO_0564","국화도","2027-02-05 22:59","174","고조"
"SO_0564","국화도","2027-02-06 04:39","669","저조"
"SO_0564","국화도","2027-02-06 10:51","85","고조"
"SO_0564","국화도","2027-02-05 04:02","628","저조"
"SO_0564","국화도","2027-02-05 10:14","122","고조"
"SO_0564","국화도","2027-02-05 16:36","721","저조"
"SO_0564","국화도","2027-02-05 22:59","174","고조"
"SO_0564","국화도","2027-02-06 04:39","669","저조"
"SO_0564","국화도","2027-02-06 10:51","85","고조"
"SO_0564","국화도","2027-02-06 17:07","751","저조"
"SO_0564","국화도","2027-02-06 23:30","139","고조"
"SO_0564","국화도","2027-02-07 05:12","702","저조"
"SO_0564","국화도","2027-02-07 11:26","57","고조"
"SO_0564","국화도","2027-02-06 04:39","669","저조"
"SO_0564","국화도","2027-02-06 10:51","85","고조"
"SO_0564","국화도","2027-02-06 17:07","751","저조"
"SO_0564","국화도","2027-02-06 23:30","139","고조"
"SO_0564","국화도","2027-02-07 05:12","702","저조"
"SO_0564","국화도","2027-02-07 11:26","57","고조"
"SO_0564","국화도","2027-02-07 17:36","774","저조"
"SO_0564","국화도","2027-02-08 00:00","109","고조"
"SO_0564","국화도","2027-02-08 05:44","726","저조"
"SO_0564","국화도","2027-02-08 11:58","39","고조"
"SO_0564","국화도","2027-02-07 05:12","702","저조"
"SO_0564","국화도","2027-02-07 11:26","57","고조"
"SO_0564","국화도","2027-02-07 17:36","774","저조"
"SO_0564","국화도","2027-02-08 00:00","109","고조"
"SO_0564","국화도","2027-02-08 05:44","726","저조"
"SO_0564","국화도","2027-02-08 11:58","39","고조"
"SO_0564","국화도","2027-02-08 18:03","789","저조"
"SO_0564","국화도","2027-02-09 00:29","88","고조"
"SO_0564","국화도","2027-02-09 06:14","742","저조"
"SO_0564","국화도","2027-02-09 12:30","34","고조"
"SO_0564","국화도","2027-02-08 00:00","109","고조"
"SO_0564","국화도","2027-02-08 05:44","726","저조"
"SO_0564","국화도","2027-02-08 11:58","39","고조"
"SO_0564","국화도","2027-02-08 18:03","789","저조"
"SO_0564","국화도","2027-02-09 00:29","88","고조"
"SO_0564","국화도","2027-02-09 06:14","742","저조"
"SO_0564","국화도","2027-02-09 12:30","34","고조"
"SO_0564","국화도","2027-02-09 18:30","795","저조"
"SO_0564","국화도","2027-02-10 00:56","74","고조"
"SO_0564","국화도","2027-02-10 06:44","750","저조"
"SO_0564","국화도","2027-02-09 00:29","88","고조"
"SO_0564","국화도","2027-02-09 06:14","742","저조"
"SO_0564","국화도","2027-02-09 12:30","34","고조"
"SO_0564","국화도","2027-02-09 18:30","795","저조"
"SO_0564","국화도","2027-02-10 00:56","74","고조"
"SO_0564","국화도","2027-02-10 06:44","750","저조"
"SO_0564","국화도","2027-02-10 13:01","43","고조"
"SO_0564","국화도","2027-02-10 18:57","788","저조"
"SO_0564","국화도","2027-02-11 01:24","70","고조"
"SO_0564","국화도","2027-02-11 07:14","750","저조"
"SO_0564","국화도","2027-02-10 00:56","74","고조"
"SO_0564","국화도","2027-02-10 06:44","750","저조"
"SO_0564","국화도","2027-02-10 13:01","43","고조"
"SO_0564","국화도","2027-02-10 18:57","788","저조"
"SO_0564","국화도","2027-02-11 01:24","70","고조"
"SO_0564","국화도","2027-02-11 07:14","750","저조"
"SO_0564","국화도","2027-02-11 13:33","66","고조"
"SO_0564","국화도","2027-02-11 19:24","770","저조"
"SO_0564","국화도","2027-02-12 01:51","75","고조"
"SO_0564","국화도","2027-02-12 07:47","742","저조"
"SO_0564","국화도","2027-02-11 01:24","70","고조"
"SO_0564","국화도","2027-02-11 07:14","750","저조"
"SO_0564","국화도","2027-02-11 13:33","66","고조"
"SO_0564","국화도","2027-02-11 19:24","770","저조"
"SO_0564","국화도","2027-02-12 01:51","75","고조"
"SO_0564","국화도","2027-02-12 07:47","742","저조"
"SO_0564","국화도","2027-02-12 14:06","104","고조"
"SO_0564","국화도","2027-02-12 19:54","738","저조"
"SO_0564","국화도","2027-02-13 02:21","90","고조"
"SO_0564","국화도","2027-02-13 08:24","723","저조"
"SO_0564","국화도","2027-02-12 01:51","75","고조"
"SO_0564","국화도","2027-02-12 07:47","742","저조"
"SO_0564","국화도","2027-02-12 14:06","104","고조"
"SO_0564","국화도","2027-02-12 19:54","738","저조"
"SO_0564","국화도","2027-02-13 02:21","90","고조"
"SO_0564","국화도","2027-02-13 08:24","723","저조"
"SO_0564","국화도","2027-02-13 14:42","156","고조"
"SO_0564","국화도","2027-02-13 20:28","692","저조"
"SO_0564","국화도","2027-02-14 02:57","118","고조"
"SO_0564","국화도","2027-02-14 09:10","691","저조"
"SO_0564","국화도","2027-02-13 02:21","90","고조"
"SO_0564","국화도","2027-02-13 08:24","723","저조"
"SO_0564","국화도","2027-02-13 14:42","156","고조"
"SO_0564","국화도","2027-02-13 20:28","692","저조"
"SO_0564","국화도","2027-02-14 02:57","118","고조"
"SO_0564","국화도","2027-02-14 09:10","691","저조"
"SO_0564","국화도","2027-02-14 15:27","220","고조"
"SO_0564","국화도","2027-02-14 21:11","634","저조"
"SO_0564","국화도","2027-02-15 03:44","158","고조"
"SO_0564","국화도","2027-02-15 10:13","652","저조"
"SO_0564","국화도","2027-02-14 02:57","118","고조"
"SO_0564","국화도","2027-02-14 09:10","691","저조"
"SO_0564","국화도","2027-02-14 15:27","220","고조"
"SO_0564","국화도","2027-02-14 21:11","634","저조"
"SO_0564","국화도","2027-02-15 03:44","158","고조"
"SO_0564","국화도","2027-02-15 10:13","652","저조"
"SO_0564","국화도","2027-02-15 16:30","285","고조"
"SO_0564","국화도","2027-02-15 22:14","570","저조"
"SO_0564","국화도","2027-02-16 04:54","199","고조"
"SO_0564","국화도","2027-02-16 11:46","628","저조"
"SO_0564","국화도","2027-02-15 03:44","158","고조"
"SO_0564","국화도","2027-02-15 10:13","652","저조"
"SO_0564","국화도","2027-02-15 16:30","285","고조"
"SO_0564","국화도","2027-02-15 22:14","570","저조"
"SO_0564","국화도","2027-02-16 04:54","199","고조"
"SO_0564","국화도","2027-02-16 11:46","628","저조"
"SO_0564","국화도","2027-02-16 18:16","322","고조"
"SO_0564","국화도","2027-02-17 00:00","531","저조"
"SO_0564","국화도","2027-02-17 06:37","207","고조"
"SO_0564","국화도","2027-02-17 13:32","652","저조"
"SO_0564","국화도","2027-02-16 04:54","199","고조"
"SO_0564","국화도","2027-02-16 11:46","628","저조"
"SO_0564","국화도","2027-02-16 18:16","322","고조"
"SO_0564","국화도","2027-02-17 00:00","531","저조"
"SO_0564","국화도","2027-02-17 06:37","207","고조"
"SO_0564","국화도","2027-02-17 13:32","652","저조"
"SO_0564","국화도","2027-02-17 20:14","289","고조"
"SO_0564","국화도","2027-02-18 01:53","556","저조"
"SO_0564","국화도","2027-02-18 08:14","163","고조"
"SO_0564","국화도","2027-02-18 14:51","712","저조"
"SO_0564","국화도","2027-02-17 00:00","531","저조"
"SO_0564","국화도","2027-02-17 06:37","207","고조"
"SO_0564","국화도","2027-02-17 13:32","652","저조"
"SO_0564","국화도","2027-02-17 20:14","289","고조"
"SO_0564","국화도","2027-02-18 01:53","556","저조"
"SO_0564","국화도","2027-02-18 08:14","163","고조"
"SO_0564","국화도","2027-02-18 14:51","712","저조"
"SO_0564","국화도","2027-02-18 21:28","218","고조"
"SO_0564","국화도","2027-02-19 03:08","623","저조"
"SO_0564","국화도","2027-02-19 09:25","94","고조"
"SO_0564","국화도","2027-02-18 01:53","556","저조"
"SO_0564","국화도","2027-02-18 08:14","163","고조"
"SO_0564","국화도","2027-02-18 14:51","712","저조"
"SO_0564","국화도","2027-02-18 21:28","218","고조"
"SO_0564","국화도","2027-02-19 03:08","623","저조"
"SO_0564","국화도","2027-02-19 09:25","94","고조"
"SO_0564","국화도","2027-02-19 15:49","776","저조"
"SO_0564","국화도","2027-02-19 22:20","146","고조"
"SO_0564","국화도","2027-02-20 04:03","694","저조"
"SO_0564","국화도","2027-02-20 10:21","29","고조"
"SO_0564","국화도","2027-02-19 03:08","623","저조"
"SO_0564","국화도","2027-02-19 09:25","94","고조"
"SO_0564","국화도","2027-02-19 15:49","776","저조"
"SO_0564","국화도","2027-02-19 22:20","146","고조"
"SO_0564","국화도","2027-02-20 04:03","694","저조"
"SO_0564","국화도","2027-02-20 10:21","29","고조"
"SO_0564","국화도","2027-02-20 16:36","826","저조"
"SO_0564","국화도","2027-02-20 23:05","84","고조"
"SO_0564","국화도","2027-02-21 04:50","756","저조"
"SO_0564","국화도","2027-02-21 11:09","-18","고조"
"SO_0564","국화도","2027-02-20 04:03","694","저조"
"SO_0564","국화도","2027-02-20 10:21","29","고조"
"SO_0564","국화도","2027-02-20 16:36","826","저조"
"SO_0564","국화도","2027-02-20 23:05","84","고조"
"SO_0564","국화도","2027-02-21 04:50","756","저조"
"SO_0564","국화도","2027-02-21 11:09","-18","고조"
"SO_0564","국화도","2027-02-21 17:17","856","저조"
"SO_0564","국화도","2027-02-21 23:44","38","고조"
"SO_0564","국화도","2027-02-22 05:32","799","저조"
"SO_0564","국화도","2027-02-22 11:52","-41","고조"
"SO_0564","국화도","2027-02-21 04:50","756","저조"
"SO_0564","국화도","2027-02-21 11:09","-18","고조"
"SO_0564","국화도","2027-02-21 17:17","856","저조"
"SO_0564","국화도","2027-02-21 23:44","38","고조"
"SO_0564","국화도","2027-02-22 05:32","799","저조"
"SO_0564","국화도","2027-02-22 11:52","-41","고조"
"SO_0564","국화도","2027-02-22 17:54","864","저조"
"SO_0564","국화도","2027-02-23 00:21","11","고조"
"SO_0564","국화도","2027-02-23 06:11","822","저조"
"SO_0564","국화도","2027-02-23 12:32","-37","고조"
"SO_0564","국화도","2027-02-22 05:32","799","저조"
"SO_0564","국화도","2027-02-22 11:52","-41","고조"
"SO_0564","국화도","2027-02-22 17:54","864","저조"
"SO_0564","국화도","2027-02-23 00:21","11","고조"
"SO_0564","국화도","2027-02-23 06:11","822","저조"
"SO_0564","국화도","2027-02-23 12:32","-37","고조"
"SO_0564","국화도","2027-02-23 18:29","852","저조"
"SO_0564","국화도","2027-02-24 00:54","3","고조"
"SO_0564","국화도","2027-02-24 06:48","825","저조"
"SO_0564","국화도","2027-02-24 13:08","-8","고조"
"SO_0564","국화도","2027-02-23 00:21","11","고조"
"SO_0564","국화도","2027-02-23 06:11","822","저조"
"SO_0564","국화도","2027-02-23 12:32","-37","고조"
"SO_0564","국화도","2027-02-23 18:29","852","저조"
"SO_0564","국화도","2027-02-24 00:54","3","고조"
"SO_0564","국화도","2027-02-24 06:48","825","저조"
"SO_0564","국화도","2027-02-24 13:08","-8","고조"
"SO_0564","국화도","2027-02-24 19:01","823","저조"
"SO_0564","국화도","2027-02-25 01:25","14","고조"
"SO_0564","국화도","2027-02-25 07:23","807","저조"
"SO_0564","국화도","2027-02-24 00:54","3","고조"
"SO_0564","국화도","2027-02-24 06:48","825","저조"
"SO_0564","국화도","2027-02-24 13:08","-8","고조"
"SO_0564","국화도","2027-02-24 19:01","823","저조"
"SO_0564","국화도","2027-02-25 01:25","14","고조"
"SO_0564","국화도","2027-02-25 07:23","807","저조"
"SO_0564","국화도","2027-02-25 13:43","43","고조"
"SO_0564","국화도","2027-02-25 19:32","779","저조"
"SO_0564","국화도","2027-02-26 01:55","43","고조"
"SO_0564","국화도","2027-02-26 07:58","772","저조"
"SO_0564","국화도","2027-02-25 01:25","14","고조"
"SO_0564","국화도","2027-02-25 07:23","807","저조"
"SO_0564","국화도","2027-02-25 13:43","43","고조"
"SO_0564","국화도","2027-02-25 19:32","779","저조"
"SO_0564","국화도","2027-02-26 01:55","43","고조"
"SO_0564","국화도","2027-02-26 07:58","772","저조"
"SO_0564","국화도","2027-02-26 14:17","110","고조"
"SO_0564","국화도","2027-02-26 20:02","722","저조"
"SO_0564","국화도","2027-02-27 02:23","87","고조"
"SO_0564","국화도","2027-02-27 08:34","721","저조"
"SO_0564","국화도","2027-02-26 01:55","43","고조"
"SO_0564","국화도","2027-02-26 07:58","772","저조"
"SO_0564","국화도","2027-02-26 14:17","110","고조"
"SO_0564","국화도","2027-02-26 20:02","722","저조"
"SO_0564","국화도","2027-02-27 02:23","87","고조"
"SO_0564","국화도","2027-02-27 08:34","721","저조"
"SO_0564","국화도","2027-02-27 14:51","188","고조"
"SO_0564","국화도","2027-02-27 20:33","657","저조"
"SO_0564","국화도","2027-02-28 02:54","144","고조"
"SO_0564","국화도","2027-02-28 09:16","659","저조"
"SO_0564","국화도","2027-02-27 02:23","87","고조"
"SO_0564","국화도","2027-02-27 08:34","721","저조"
"SO_0564","국화도","2027-02-27 14:51","188","고조"
"SO_0564","국화도","2027-02-27 20:33","657","저조"
"SO_0564","국화도","2027-02-28 02:54","144","고조"
"SO_0564","국화도","2027-02-28 09:16","659","저조"
"SO_0564","국화도","2027-02-28 15:31","270","고조"
"SO_0564","국화도","2027-02-28 21:09","587","저조"
"SO_0564","국화도","2027-03-01 03:31","208","고조"
"SO_0564","국화도","2027-03-01 10:13","596","저조"
"SO_0564","국화도","2027-02-28 02:54","144","고조"
"SO_0564","국화도","2027-02-28 09:16","659","저조"
"SO_0564","국화도","2027-02-28 15:31","270","고조"
"SO_0564","국화도","2027-02-28 21:09","587","저조"
"SO_0564","국화도","2027-03-01 03:31","208","고조"
"SO_0564","국화도","2027-03-01 10:13","596","저조"
"SO_0564","국화도","2027-03-01 16:30","343","고조"
"SO_0564","국화도","2027-03-01 22:05","519","저조"
"SO_0564","국화도","2027-03-02 04:32","270","고조"
"SO_0564","국화도","2027-03-02 11:58","557","저조"
"SO_0564","국화도","2027-03-01 03:31","208","고조"
"SO_0564","국화도","2027-03-01 10:13","596","저조"
"SO_0564","국화도","2027-03-01 16:30","343","고조"
"SO_0564","국화도","2027-03-01 22:05","519","저조"
"SO_0564","국화도","2027-03-02 04:32","270","고조"
"SO_0564","국화도","2027-03-02 11:58","557","저조"
"SO_0564","국화도","2027-03-02 18:43","376","고조"
"SO_0564","국화도","2027-03-03 00:03","480","저조"
"SO_0564","국화도","2027-03-03 06:35","295","고조"
"SO_0564","국화도","2027-03-03 13:55","575","저조"
"SO_0564","국화도","2027-03-02 04:32","270","고조"
"SO_0564","국화도","2027-03-02 11:58","557","저조"
"SO_0564","국화도","2027-03-02 18:43","376","고조"
"SO_0564","국화도","2027-03-03 00:03","480","저조"
"SO_0564","국화도","2027-03-03 06:35","295","고조"
"SO_0564","국화도","2027-03-03 13:55","575","저조"
"SO_0564","국화도","2027-03-03 20:34","335","고조"
"SO_0564","국화도","2027-03-04 02:00","511","저조"
"SO_0564","국화도","2027-03-04 08:16","257","고조"
"SO_0564","국화도","2027-03-04 14:59","624","저조"
"SO_0564","국화도","2027-03-03 00:03","480","저조"
"SO_0564","국화도","2027-03-03 06:35","295","고조"
"SO_0564","국화도","2027-03-03 13:55","575","저조"
"SO_0564","국화도","2027-03-03 20:34","335","고조"
"SO_0564","국화도","2027-03-04 02:00","511","저조"
"SO_0564","국화도","2027-03-04 08:16","257","고조"
"SO_0564","국화도","2027-03-04 14:59","624","저조"
"SO_0564","국화도","2027-03-04 21:25","276","고조"
"SO_0564","국화도","2027-03-05 03:02","572","저조"
"SO_0564","국화도","2027-03-05 09:13","198","고조"
"SO_0564","국화도","2027-03-04 02:00","511","저조"
"SO_0564","국화도","2027-03-04 08:16","257","고조"
"SO_0564","국화도","2027-03-04 14:59","624","저조"
"SO_0564","국화도","2027-03-04 21:25","276","고조"
"SO_0564","국화도","2027-03-05 03:02","572","저조"
"SO_0564","국화도","2027-03-05 09:13","198","고조"
"SO_0564","국화도","2027-03-05 15:39","674","저조"
"SO_0564","국화도","2027-03-05 22:01","217","고조"
"SO_0564","국화도","2027-03-06 03:43","635","저조"
"SO_0564","국화도","2027-03-06 09:54","142","고조"
"SO_0564","국화도","2027-03-05 03:02","572","저조"
"SO_0564","국화도","2027-03-05 09:13","198","고조"
"SO_0564","국화도","2027-03-05 15:39","674","저조"
"SO_0564","국화도","2027-03-05 22:01","217","고조"
"SO_0564","국화도","2027-03-06 03:43","635","저조"
"SO_0564","국화도","2027-03-06 09:54","142","고조"
"SO_0564","국화도","2027-03-06 16:12","718","저조"
"SO_0564","국화도","2027-03-06 22:32","164","고조"
"SO_0564","국화도","2027-03-07 04:18","691","저조"
"SO_0564","국화도","2027-03-07 10:31","95","고조"
"SO_0564","국화도","2027-03-06 03:43","635","저조"
"SO_0564","국화도","2027-03-06 09:54","142","고조"
"SO_0564","국화도","2027-03-06 16:12","718","저조"
"SO_0564","국화도","2027-03-06 22:32","164","고조"
"SO_0564","국화도","2027-03-07 04:18","691","저조"
"SO_0564","국화도","2027-03-07 10:31","95","고조"
"SO_0564","국화도","2027-03-07 16:41","754","저조"
"SO_0564","국화도","2027-03-07 23:02","118","고조"
"SO_0564","국화도","2027-03-08 04:50","735","저조"
"SO_0564","국화도","2027-03-08 11:06","61","고조"
"SO_0564","국화도","2027-03-07 04:18","691","저조"
"SO_0564","국화도","2027-03-07 10:31","95","고조"
"SO_0564","국화도","2027-03-07 16:41","754","저조"
"SO_0564","국화도","2027-03-07 23:02","118","고조"
"SO_0564","국화도","2027-03-08 04:50","735","저조"
"SO_0564","국화도","2027-03-08 11:06","61","고조"
"SO_0564","국화도","2027-03-08 17:09","779","저조"
"SO_0564","국화도","2027-03-08 23:31","80","고조"
"SO_0564","국화도","2027-03-09 05:22","768","저조"
"SO_0564","국화도","2027-03-09 11:40","41","고조"
"SO_0564","국화도","2027-03-08 04:50","735","저조"
"SO_0564","국화도","2027-03-08 11:06","61","고조"
"SO_0564","국화도","2027-03-08 17:09","779","저조"
"SO_0564","국화도","2027-03-08 23:31","80","고조"
"SO_0564","국화도","2027-03-09 05:22","768","저조"
"SO_0564","국화도","2027-03-09 11:40","41","고조"
"SO_0564","국화도","2027-03-09 17:37","793","저조"
"SO_0564","국화도","2027-03-10 00:00","54","고조"
"SO_0564","국화도","2027-03-10 05:52","789","저조"
"SO_0564","국화도","2027-03-10 12:12","37","고조"
"SO_0564","국화도","2027-03-09 05:22","768","저조"
"SO_0564","국화도","2027-03-09 11:40","41","고조"
"SO_0564","국화도","2027-03-09 17:37","793","저조"
"SO_0564","국화도","2027-03-10 00:00","54","고조"
"SO_0564","국화도","2027-03-10 05:52","789","저조"
"SO_0564","국화도","2027-03-10 12:12","37","고조"
"SO_0564","국화도","2027-03-10 18:04","796","저조"
"SO_0564","국화도","2027-03-11 00:28","38","고조"
"SO_0564","국화도","2027-03-11 06:23","800","저조"
"SO_0564","국화도","2027-03-11 12:44","49","고조"
"SO_0564","국화도","2027-03-10 00:00","54","고조"
"SO_0564","국화도","2027-03-10 05:52","789","저조"
"SO_0564","국화도","2027-03-10 12:12","37","고조"
"SO_0564","국화도","2027-03-10 18:04","796","저조"
"SO_0564","국화도","2027-03-11 00:28","38","고조"
"SO_0564","국화도","2027-03-11 06:23","800","저조"
"SO_0564","국화도","2027-03-11 12:44","49","고조"
"SO_0564","국화도","2027-03-11 18:32","787","저조"
"SO_0564","국화도","2027-03-12 00:56","35","고조"
"SO_0564","국화도","2027-03-12 06:53","800","저조"
"SO_0564","국화도","2027-03-11 00:28","38","고조"
"SO_0564","국화도","2027-03-11 06:23","800","저조"
"SO_0564","국화도","2027-03-11 12:44","49","고조"
"SO_0564","국화도","2027-03-11 18:32","787","저조"
"SO_0564","국화도","2027-03-12 00:56","35","고조"
"SO_0564","국화도","2027-03-12 06:53","800","저조"
"SO_0564","국화도","2027-03-12 13:16","76","고조"
"SO_0564","국화도","2027-03-12 19:00","765","저조"
"SO_0564","국화도","2027-03-13 01:25","45","고조"
"SO_0564","국화도","2027-03-13 07:25","788","저조"
"SO_0564","국화도","2027-03-12 00:56","35","고조"
"SO_0564","국화도","2027-03-12 06:53","800","저조"
"SO_0564","국화도","2027-03-12 13:16","76","고조"
"SO_0564","국화도","2027-03-12 19:00","765","저조"
"SO_0564","국화도","2027-03-13 01:25","45","고조"
"SO_0564","국화도","2027-03-13 07:25","788","저조"
"SO_0564","국화도","2027-03-13 13:49","118","고조"
"SO_0564","국화도","2027-03-13 19:31","731","저조"
"SO_0564","국화도","2027-03-14 01:56","69","고조"
"SO_0564","국화도","2027-03-14 08:02","760","저조"
"SO_0564","국화도","2027-03-13 01:25","45","고조"
"SO_0564","국화도","2027-03-13 07:25","788","저조"
"SO_0564","국화도","2027-03-13 13:49","118","고조"
"SO_0564","국화도","2027-03-13 19:31","731","저조"
"SO_0564","국화도","2027-03-14 01:56","69","고조"
"SO_0564","국화도","2027-03-14 08:02","760","저조"
"SO_0564","국화도","2027-03-14 14:26","175","고조"
"SO_0564","국화도","2027-03-14 20:05","682","저조"
"SO_0564","국화도","2027-03-15 02:31","109","고조"
"SO_0564","국화도","2027-03-15 08:48","717","저조"
"SO_0564","국화도","2027-03-14 01:56","69","고조"
"SO_0564","국화도","2027-03-14 08:02","760","저조"
"SO_0564","국화도","2027-03-14 14:26","175","고조"
"SO_0564","국화도","2027-03-14 20:05","682","저조"
"SO_0564","국화도","2027-03-15 02:31","109","고조"
"SO_0564","국화도","2027-03-15 08:48","717","저조"
"SO_0564","국화도","2027-03-15 15:10","242","고조"
"SO_0564","국화도","2027-03-15 20:49","621","저조"
"SO_0564","국화도","2027-03-16 03:18","164","고조"
"SO_0564","국화도","2027-03-16 09:53","664","저조"
"SO_0564","국화도","2027-03-15 02:31","109","고조"
"SO_0564","국화도","2027-03-15 08:48","717","저조"
"SO_0564","국화도","2027-03-15 15:10","242","고조"
"SO_0564","국화도","2027-03-15 20:49","621","저조"
"SO_0564","국화도","2027-03-16 03:18","164","고조"
"SO_0564","국화도","2027-03-16 09:53","664","저조"
"SO_0564","국화도","2027-03-16 16:17","309","고조"
"SO_0564","국화도","2027-03-16 21:56","555","저조"
"SO_0564","국화도","2027-03-17 04:32","219","고조"
"SO_0564","국화도","2027-03-17 11:32","630","저조"
"SO_0564","국화도","2027-03-16 03:18","164","고조"
"SO_0564","국화도","2027-03-16 09:53","664","저조"
"SO_0564","국화도","2027-03-16 16:17","309","고조"
"SO_0564","국화도","2027-03-16 21:56","555","저조"
"SO_0564","국화도","2027-03-17 04:32","219","고조"
"SO_0564","국화도","2027-03-17 11:32","630","저조"
"SO_0564","국화도","2027-03-17 18:17","335","고조"
"SO_0564","국화도","2027-03-17 23:57","525","저조"
"SO_0564","국화도","2027-03-18 06:28","233","고조"
"SO_0564","국화도","2027-03-18 13:24","654","저조"
"SO_0564","국화도","2027-03-17 04:32","219","고조"
"SO_0564","국화도","2027-03-17 11:32","630","저조"
"SO_0564","국화도","2027-03-17 18:17","335","고조"
"SO_0564","국화도","2027-03-17 23:57","525","저조"
"SO_0564","국화도","2027-03-18 06:28","233","고조"
"SO_0564","국화도","2027-03-18 13:24","654","저조"
"SO_0564","국화도","2027-03-18 20:07","284","고조"
"SO_0564","국화도","2027-03-19 01:50","572","저조"
"SO_0564","국화도","2027-03-19 08:07","181","고조"
"SO_0564","국화도","2027-03-19 14:39","713","저조"
"SO_0564","국화도","2027-03-18 06:28","233","고조"
"SO_0564","국화도","2027-03-18 13:24","654","저조"
"SO_0564","국화도","2027-03-18 20:07","284","고조"
"SO_0564","국화도","2027-03-19 01:50","572","저조"
"SO_0564","국화도","2027-03-19 08:07","181","고조"
"SO_0564","국화도","2027-03-19 14:39","713","저조"
"SO_0564","국화도","2027-03-19 21:11","204","고조"
"SO_0564","국화도","2027-03-20 02:58","654","저조"
"SO_0564","국화도","2027-03-20 09:14","110","고조"
"SO_0564","국화도","2027-03-20 15:31","771","저조"
"SO_0564","국화도","2027-03-19 01:50","572","저조"
"SO_0564","국화도","2027-03-19 08:07","181","고조"
"SO_0564","국화도","2027-03-19 14:39","713","저조"
"SO_0564","국화도","2027-03-19 21:11","204","고조"
"SO_0564","국화도","2027-03-20 02:58","654","저조"
"SO_0564","국화도","2027-03-20 09:14","110","고조"
"SO_0564","국화도","2027-03-20 15:31","771","저조"
"SO_0564","국화도","2027-03-20 21:58","128","고조"
"SO_0564","국화도","2027-03-21 03:49","733","저조"
"SO_0564","국화도","2027-03-21 10:06","50","고조"
"SO_0564","국화도","2027-03-20 02:58","654","저조"
"SO_0564","국화도","2027-03-20 09:14","110","고조"
"SO_0564","국화도","2027-03-20 15:31","771","저조"
"SO_0564","국화도","2027-03-20 21:58","128","고조"
"SO_0564","국화도","2027-03-21 03:49","733","저조"
"SO_0564","국화도","2027-03-21 10:06","50","고조"
"SO_0564","국화도","2027-03-21 16:14","813","저조"
"SO_0564","국화도","2027-03-21 22:39","67","고조"
"SO_0564","국화도","2027-03-22 04:32","794","저조"
"SO_0564","국화도","2027-03-22 10:52","12","고조"
"SO_0564","국화도","2027-03-21 03:49","733","저조"
"SO_0564","국화도","2027-03-21 10:06","50","고조"
"SO_0564","국화도","2027-03-21 16:14","813","저조"
"SO_0564","국화도","2027-03-21 22:39","67","고조"
"SO_0564","국화도","2027-03-22 04:32","794","저조"
"SO_0564","국화도","2027-03-22 10:52","12","고조"
"SO_0564","국화도","2027-03-22 16:52","833","저조"
"SO_0564","국화도","2027-03-22 23:16","25","고조"
"SO_0564","국화도","2027-03-23 05:11","833","저조"
"SO_0564","국화도","2027-03-23 11:32","-1","고조"
"SO_0564","국화도","2027-03-22 04:32","794","저조"
"SO_0564","국화도","2027-03-22 10:52","12","고조"
"SO_0564","국화도","2027-03-22 16:52","833","저조"
"SO_0564","국화도","2027-03-22 23:16","25","고조"
"SO_0564","국화도","2027-03-23 05:11","833","저조"
"SO_0564","국화도","2027-03-23 11:32","-1","고조"
"SO_0564","국화도","2027-03-23 17:26","834","저조"
"SO_0564","국화도","2027-03-23 23:50","4","고조"
"SO_0564","국화도","2027-03-24 05:48","848","저조"
"SO_0564","국화도","2027-03-24 12:11","11","고조"
"SO_0564","국화도","2027-03-23 05:11","833","저조"
"SO_0564","국화도","2027-03-23 11:32","-1","고조"
"SO_0564","국화도","2027-03-23 17:26","834","저조"
"SO_0564","국화도","2027-03-23 23:50","4","고조"
"SO_0564","국화도","2027-03-24 05:48","848","저조"
"SO_0564","국화도","2027-03-24 12:11","11","고조"
"SO_0564","국화도","2027-03-24 17:59","819","저조"
"SO_0564","국화도","2027-03-25 00:22","2","고조"
"SO_0564","국화도","2027-03-25 06:23","842","저조"
"SO_0564","국화도","2027-03-25 12:46","43","고조"
"SO_0564","국화도","2027-03-24 05:48","848","저조"
"SO_0564","국화도","2027-03-24 12:11","11","고조"
"SO_0564","국화도","2027-03-24 17:59","819","저조"
"SO_0564","국화도","2027-03-25 00:22","2","고조"
"SO_0564","국화도","2027-03-25 06:23","842","저조"
"SO_0564","국화도","2027-03-25 12:46","43","고조"
"SO_0564","국화도","2027-03-25 18:31","791","저조"
"SO_0564","국화도","2027-03-26 00:52","19","고조"
"SO_0564","국화도","2027-03-26 06:56","819","저조"
"SO_0564","국화도","2027-03-26 13:19","90","고조"
"SO_0564","국화도","2027-03-25 00:22","2","고조"
"SO_0564","국화도","2027-03-25 06:23","842","저조"
"SO_0564","국화도","2027-03-25 12:46","43","고조"
"SO_0564","국화도","2027-03-25 18:31","791","저조"
"SO_0564","국화도","2027-03-26 00:52","19","고조"
"SO_0564","국화도","2027-03-26 06:56","819","저조"
"SO_0564","국화도","2027-03-26 13:19","90","고조"
"SO_0564","국화도","2027-03-26 19:00","753","저조"
"SO_0564","국화도","2027-03-27 01:19","51","고조"
"SO_0564","국화도","2027-03-27 07:28","782","저조"
"SO_0564","국화도","2027-03-26 00:52","19","고조"
"SO_0564","국화도","2027-03-26 06:56","819","저조"
"SO_0564","국화도","2027-03-26 13:19","90","고조"
"SO_0564","국화도","2027-03-26 19:00","753","저조"
"SO_0564","국화도","2027-03-27 01:19","51","고조"
"SO_0564","국화도","2027-03-27 07:28","782","저조"
"SO_0564","국화도","2027-03-27 13:50","148","고조"
"SO_0564","국화도","2027-03-27 19:30","705","저조"
"SO_0564","국화도","2027-03-28 01:46","96","고조"
"SO_0564","국화도","2027-03-28 08:01","734","저조"
"SO_0564","국화도","2027-03-27 01:19","51","고조"
"SO_0564","국화도","2027-03-27 07:28","782","저조"
"SO_0564","국화도","2027-03-27 13:50","148","고조"
"SO_0564","국화도","2027-03-27 19:30","705","저조"
"SO_0564","국화도","2027-03-28 01:46","96","고조"
"SO_0564","국화도","2027-03-28 08:01","734","저조"
"SO_0564","국화도","2027-03-28 14:21","213","고조"
"SO_0564","국화도","2027-03-28 20:00","650","저조"
"SO_0564","국화도","2027-03-29 02:14","150","고조"
"SO_0564","국화도","2027-03-29 08:37","678","저조"
"SO_0564","국화도","2027-03-28 01:46","96","고조"
"SO_0564","국화도","2027-03-28 08:01","734","저조"
"SO_0564","국화도","2027-03-28 14:21","213","고조"
"SO_0564","국화도","2027-03-28 20:00","650","저조"
"SO_0564","국화도","2027-03-29 02:14","150","고조"
"SO_0564","국화도","2027-03-29 08:37","678","저조"
"SO_0564","국화도","2027-03-29 14:57","280","고조"
"SO_0564","국화도","2027-03-29 20:35","590","저조"
"SO_0564","국화도","2027-03-30 02:48","212","고조"
"SO_0564","국화도","2027-03-30 09:24","619","저조"
"SO_0564","국화도","2027-03-29 02:14","150","고조"
"SO_0564","국화도","2027-03-29 08:37","678","저조"
"SO_0564","국화도","2027-03-29 14:57","280","고조"
"SO_0564","국화도","2027-03-29 20:35","590","저조"
"SO_0564","국화도","2027-03-30 02:48","212","고조"
"SO_0564","국화도","2027-03-30 09:24","619","저조"
"SO_0564","국화도","2027-03-30 15:48","344","고조"
"SO_0564","국화도","2027-03-30 21:25","530","저조"
"SO_0564","국화도","2027-03-31 03:38","275","고조"
"SO_0564","국화도","2027-03-31 10:48","570","저조"
"SO_0564","국화도","2027-03-30 02:48","212","고조"
"SO_0564","국화도","2027-03-30 09:24","619","저조"
"SO_0564","국화도","2027-03-30 15:48","344","고조"
"SO_0564","국화도","2027-03-30 21:25","530","저조"
"SO_0564","국화도","2027-03-31 03:38","275","고조"
"SO_0564","국화도","2027-03-31 10:48","570","저조"
"SO_0564","국화도","2027-03-31 17:41","380","고조"
"SO_0564","국화도","2027-03-31 23:08","489","저조"
"SO_0564","국화도","2027-04-01 05:22","317","고조"
"SO_0564","국화도","2027-04-01 12:54","569","저조"
"SO_0564","국화도","2027-03-31 03:38","275","고조"
"SO_0564","국화도","2027-03-31 10:48","570","저조"
"SO_0564","국화도","2027-03-31 17:41","380","고조"
"SO_0564","국화도","2027-03-31 23:08","489","저조"
"SO_0564","국화도","2027-04-01 05:22","317","고조"
"SO_0564","국화도","2027-04-01 12:54","569","저조"
"SO_0564","국화도","2027-04-01 19:45","348","고조"
"SO_0564","국화도","2027-04-02 01:15","512","저조"
"SO_0564","국화도","2027-04-02 07:28","293","고조"
"SO_0564","국화도","2027-04-02 14:11","610","저조"
"SO_0564","국화도","2027-04-01 05:22","317","고조"
"SO_0564","국화도","2027-04-01 12:54","569","저조"
"SO_0564","국화도","2027-04-01 19:45","348","고조"
"SO_0564","국화도","2027-04-02 01:15","512","저조"
"SO_0564","국화도","2027-04-02 07:28","293","고조"
"SO_0564","국화도","2027-04-02 14:11","610","저조"
"SO_0564","국화도","2027-04-02 20:41","287","고조"
"SO_0564","국화도","2027-04-03 02:24","577","저조"
"SO_0564","국화도","2027-04-03 08:35","235","고조"
"SO_0564","국화도","2027-04-03 14:57","660","저조"
"SO_0564","국화도","2027-04-02 01:15","512","저조"
"SO_0564","국화도","2027-04-02 07:28","293","고조"
"SO_0564","국화도","2027-04-02 14:11","610","저조"
"SO_0564","국화도","2027-04-02 20:41","287","고조"
"SO_0564","국화도","2027-04-03 02:24","577","저조"
"SO_0564","국화도","2027-04-03 08:35","235","고조"
"SO_0564","국화도","2027-04-03 14:57","660","저조"
"SO_0564","국화도","2027-04-03 21:19","223","고조"
"SO_0564","국화도","2027-04-04 03:09","647","저조"
"SO_0564","국화도","2027-04-04 09:22","175","고조"
"SO_0564","국화도","2027-04-03 02:24","577","저조"
"SO_0564","국화도","2027-04-03 08:35","235","고조"
"SO_0564","국화도","2027-04-03 14:57","660","저조"
"SO_0564","국화도","2027-04-03 21:19","223","고조"
"SO_0564","국화도","2027-04-04 03:09","647","저조"
"SO_0564","국화도","2027-04-04 09:22","175","고조"
"SO_0564","국화도","2027-04-04 15:32","704","저조"
"SO_0564","국화도","2027-04-04 21:52","163","고조"
"SO_0564","국화도","2027-04-05 03:45","712","저조"
"SO_0564","국화도","2027-04-05 10:01","126","고조"
"SO_0564","국화도","2027-04-04 03:09","647","저조"
"SO_0564","국화도","2027-04-04 09:22","175","고조"
"SO_0564","국화도","2027-04-04 15:32","704","저조"
"SO_0564","국화도","2027-04-04 21:52","163","고조"
"SO_0564","국화도","2027-04-05 03:45","712","저조"
"SO_0564","국화도","2027-04-05 10:01","126","고조"
"SO_0564","국화도","2027-04-05 16:03","740","저조"
"SO_0564","국화도","2027-04-05 22:23","111","고조"
"SO_0564","국화도","2027-04-06 04:20","764","저조"
"SO_0564","국화도","2027-04-06 10:39","91","고조"
"SO_0564","국화도","2027-04-05 03:45","712","저조"
"SO_0564","국화도","2027-04-05 10:01","126","고조"
"SO_0564","국화도","2027-04-05 16:03","740","저조"
"SO_0564","국화도","2027-04-05 22:23","111","고조"
"SO_0564","국화도","2027-04-06 04:20","764","저조"
"SO_0564","국화도","2027-04-06 10:39","91","고조"
"SO_0564","국화도","2027-04-06 16:35","764","저조"
"SO_0564","국화도","2027-04-06 22:55","70","고조"
"SO_0564","국화도","2027-04-07 04:53","802","저조"
"SO_0564","국화도","2027-04-07 11:15","71","고조"
"SO_0564","국화도","2027-04-06 04:20","764","저조"
"SO_0564","국화도","2027-04-06 10:39","91","고조"
"SO_0564","국화도","2027-04-06 16:35","764","저조"
"SO_0564","국화도","2027-04-06 22:55","70","고조"
"SO_0564","국화도","2027-04-07 04:53","802","저조"
"SO_0564","국화도","2027-04-07 11:15","71","고조"
"SO_0564","국화도","2027-04-07 17:05","777","저조"
"SO_0564","국화도","2027-04-07 23:27","41","고조"
"SO_0564","국화도","2027-04-08 05:26","826","저조"
"SO_0564","국화도","2027-04-08 11:51","67","고조"
"SO_0564","국화도","2027-04-07 04:53","802","저조"
"SO_0564","국화도","2027-04-07 11:15","71","고조"
"SO_0564","국화도","2027-04-07 17:05","777","저조"
"SO_0564","국화도","2027-04-07 23:27","41","고조"
"SO_0564","국화도","2027-04-08 05:26","826","저조"
"SO_0564","국화도","2027-04-08 11:51","67","고조"
"SO_0564","국화도","2027-04-08 17:37","778","저조"
"SO_0564","국화도","2027-04-08 23:58","27","고조"
"SO_0564","국화도","2027-04-09 05:59","836","저조"
"SO_0564","국화도","2027-04-09 12:26","79","고조"
"SO_0564","국화도","2027-04-08 05:26","826","저조"
"SO_0564","국화도","2027-04-08 11:51","67","고조"
"SO_0564","국화도","2027-04-08 17:37","778","저조"
"SO_0564","국화도","2027-04-08 23:58","27","고조"
"SO_0564","국화도","2027-04-09 05:59","836","저조"
"SO_0564","국화도","2027-04-09 12:26","79","고조"
"SO_0564","국화도","2027-04-09 18:08","767","저조"
"SO_0564","국화도","2027-04-10 00:31","27","고조"
"SO_0564","국화도","2027-04-10 06:34","832","저조"
"SO_0564","국화도","2027-04-10 13:02","106","고조"
"SO_0564","국화도","2027-04-09 05:59","836","저조"
"SO_0564","국화도","2027-04-09 12:26","79","고조"
"SO_0564","국화도","2027-04-09 18:08","767","저조"
"SO_0564","국화도","2027-04-10 00:31","27","고조"
"SO_0564","국화도","2027-04-10 06:34","832","저조"
"SO_0564","국화도","2027-04-10 13:02","106","고조"
"SO_0564","국화도","2027-04-10 18:41","745","저조"
"SO_0564","국화도","2027-04-11 01:04","42","고조"
"SO_0564","국화도","2027-04-11 07:10","815","저조"
"SO_0564","국화도","2027-04-11 13:39","148","고조"
"SO_0564","국화도","2027-04-10 00:31","27","고조"
"SO_0564","국화도","2027-04-10 06:34","832","저조"
"SO_0564","국화도","2027-04-10 13:02","106","고조"
"SO_0564","국화도","2027-04-10 18:41","745","저조"
"SO_0564","국화도","2027-04-11 01:04","42","고조"
"SO_0564","국화도","2027-04-11 07:10","815","저조"
"SO_0564","국화도","2027-04-11 13:39","148","고조"
"SO_0564","국화도","2027-04-11 19:16","711","저조"
"SO_0564","국화도","2027-04-12 01:39","72","고조"
"SO_0564","국화도","2027-04-12 07:52","782","저조"
"SO_0564","국화도","2027-04-11 01:04","42","고조"
"SO_0564","국화도","2027-04-11 07:10","815","저조"
"SO_0564","국화도","2027-04-11 13:39","148","고조"
"SO_0564","국화도","2027-04-11 19:16","711","저조"
"SO_0564","국화도","2027-04-12 01:39","72","고조"
"SO_0564","국화도","2027-04-12 07:52","782","저조"
"SO_0564","국화도","2027-04-12 14:20","201","고조"
"SO_0564","국화도","2027-04-12 19:56","666","저조"
"SO_0564","국화도","2027-04-13 02:20","118","고조"
"SO_0564","국화도","2027-04-13 08:42","735","저조"
"SO_0564","국화도","2027-04-12 01:39","72","고조"
"SO_0564","국화도","2027-04-12 07:52","782","저조"
"SO_0564","국화도","2027-04-12 14:20","201","고조"
"SO_0564","국화도","2027-04-12 19:56","666","저조"
"SO_0564","국화도","2027-04-13 02:20","118","고조"
"SO_0564","국화도","2027-04-13 08:42","735","저조"
"SO_0564","국화도","2027-04-13 15:11","259","고조"
"SO_0564","국화도","2027-04-13 20:47","613","저조"
"SO_0564","국화도","2027-04-14 03:12","175","고조"
"SO_0564","국화도","2027-04-14 09:50","684","저조"
"SO_0564","국화도","2027-04-13 02:20","118","고조"
"SO_0564","국화도","2027-04-13 08:42","735","저조"
"SO_0564","국화도","2027-04-13 15:11","259","고조"
"SO_0564","국화도","2027-04-13 20:47","613","저조"
"SO_0564","국화도","2027-04-14 03:12","175","고조"
"SO_0564","국화도","2027-04-14 09:50","684","저조"
"SO_0564","국화도","2027-04-14 16:24","306","고조"
"SO_0564","국화도","2027-04-14 22:05","565","저조"
"SO_0564","국화도","2027-04-15 04:31","226","고조"
"SO_0564","국화도","2027-04-15 11:24","655","저조"
"SO_0564","국화도","2027-04-14 03:12","175","고조"
"SO_0564","국화도","2027-04-14 09:50","684","저조"
"SO_0564","국화도","2027-04-14 16:24","306","고조"
"SO_0564","국화도","2027-04-14 22:05","565","저조"
"SO_0564","국화도","2027-04-15 04:31","226","고조"
"SO_0564","국화도","2027-04-15 11:24","655","저조"
"SO_0564","국화도","2027-04-15 18:08","309","고조"
"SO_0564","국화도","2027-04-15 23:57","561","저조"
"SO_0564","국화도","2027-04-16 06:17","235","고조"
"SO_0564","국화도","2027-04-16 13:00","669","저조"
"SO_0564","국화도","2027-04-15 04:31","226","고조"
"SO_0564","국화도","2027-04-15 11:24","655","저조"
"SO_0564","국화도","2027-04-15 18:08","309","고조"
"SO_0564","국화도","2027-04-15 23:57","561","저조"
"SO_0564","국화도","2027-04-16 06:17","235","고조"
"SO_0564","국화도","2027-04-16 13:00","669","저조"
"SO_0564","국화도","2027-04-16 19:37","258","고조"
"SO_0564","국화도","2027-04-17 01:31","616","저조"
"SO_0564","국화도","2027-04-17 07:47","194","고조"
"SO_0564","국화도","2027-04-17 14:09","709","저조"
"SO_0564","국화도","2027-04-16 06:17","235","고조"
"SO_0564","국화도","2027-04-16 13:00","669","저조"
"SO_0564","국화도","2027-04-16 19:37","258","고조"
"SO_0564","국화도","2027-04-17 01:31","616","저조"
"SO_0564","국화도","2027-04-17 07:47","194","고조"
"SO_0564","국화도","2027-04-17 14:09","709","저조"
"SO_0564","국화도","2027-04-17 20:37","188","고조"
"SO_0564","국화도","2027-04-18 02:35","693","저조"
"SO_0564","국화도","2027-04-18 08:52","140","고조"
"SO_0564","국화도","2027-04-18 15:01","748","저조"
"SO_0564","국화도","2027-04-17 01:31","616","저조"
"SO_0564","국화도","2027-04-17 07:47","194","고조"
"SO_0564","국화도","2027-04-17 14:09","709","저조"
"SO_0564","국화도","2027-04-17 20:37","188","고조"
"SO_0564","국화도","2027-04-18 02:35","693","저조"
"SO_0564","국화도","2027-04-18 08:52","140","고조"
"SO_0564","국화도","2027-04-18 15:01","748","저조"
"SO_0564","국화도","2027-04-18 21:24","122","고조"
"SO_0564","국화도","2027-04-19 03:25","762","저조"
"SO_0564","국화도","2027-04-19 09:44","96","고조"
"SO_0564","국화도","2027-04-18 02:35","693","저조"
"SO_0564","국화도","2027-04-18 08:52","140","고조"
"SO_0564","국화도","2027-04-18 15:01","748","저조"
"SO_0564","국화도","2027-04-18 21:24","122","고조"
"SO_0564","국화도","2027-04-19 03:25","762","저조"
"SO_0564","국화도","2027-04-19 09:44","96","고조"
"SO_0564","국화도","2027-04-19 15:43","774","저조"
"SO_0564","국화도","2027-04-19 22:05","71","고조"
"SO_0564","국화도","2027-04-20 04:08","812","저조"
"SO_0564","국화도","2027-04-20 10:29","73","고조"
"SO_0564","국화도","2027-04-19 03:25","762","저조"
"SO_0564","국화도","2027-04-19 09:44","96","고조"
"SO_0564","국화도","2027-04-19 15:43","774","저조"
"SO_0564","국화도","2027-04-19 22:05","71","고조"
"SO_0564","국화도","2027-04-20 04:08","812","저조"
"SO_0564","국화도","2027-04-20 10:29","73","고조"
"SO_0564","국화도","2027-04-20 16:21","785","저조"
"SO_0564","국화도","2027-04-20 22:42","40","고조"
"SO_0564","국화도","2027-04-21 04:47","838","저조"
"SO_0564","국화도","2027-04-21 11:10","70","고조"
"SO_0564","국화도","2027-04-20 04:08","812","저조"
"SO_0564","국화도","2027-04-20 10:29","73","고조"
"SO_0564","국화도","2027-04-20 16:21","785","저조"
"SO_0564","국화도","2027-04-20 22:42","40","고조"
"SO_0564","국화도","2027-04-21 04:47","838","저조"
"SO_0564","국화도","2027-04-21 11:10","70","고조"
"SO_0564","국화도","2027-04-21 16:56","782","저조"
"SO_0564","국화도","2027-04-21 23:17","28","고조"
"SO_0564","국화도","2027-04-22 05:24","842","저조"
"SO_0564","국화도","2027-04-22 11:48","84","고조"
"SO_0564","국화도","2027-04-21 04:47","838","저조"
"SO_0564","국화도","2027-04-21 11:10","70","고조"
"SO_0564","국화도","2027-04-21 16:56","782","저조"
"SO_0564","국화도","2027-04-21 23:17","28","고조"
"SO_0564","국화도","2027-04-22 05:24","842","저조"
"SO_0564","국화도","2027-04-22 11:48","84","고조"
"SO_0564","국화도","2027-04-22 17:30","769","저조"
"SO_0564","국화도","2027-04-22 23:50","33","고조"
"SO_0564","국화도","2027-04-23 05:58","830","저조"
"SO_0564","국화도","2027-04-23 12:23","110","고조"
"SO_0564","국화도","2027-04-22 05:24","842","저조"
"SO_0564","국화도","2027-04-22 11:48","84","고조"
"SO_0564","국화도","2027-04-22 17:30","769","저조"
"SO_0564","국화도","2027-04-22 23:50","33","고조"
"SO_0564","국화도","2027-04-23 05:58","830","저조"
"SO_0564","국화도","2027-04-23 12:23","110","고조"
"SO_0564","국화도","2027-04-23 18:03","748","저조"
"SO_0564","국화도","2027-04-24 00:20","52","고조"
"SO_0564","국화도","2027-04-24 06:31","808","저조"
"SO_0564","국화도","2027-04-24 12:56","144","고조"
"SO_0564","국화도","2027-04-23 05:58","830","저조"
"SO_0564","국화도","2027-04-23 12:23","110","고조"
"SO_0564","국화도","2027-04-23 18:03","748","저조"
"SO_0564","국화도","2027-04-24 00:20","52","고조"
"SO_0564","국화도","2027-04-24 06:31","808","저조"
"SO_0564","국화도","2027-04-24 12:56","144","고조"
"SO_0564","국화도","2027-04-24 18:34","720","저조"
"SO_0564","국화도","2027-04-25 00:49","80","고조"
"SO_0564","국화도","2027-04-25 07:02","778","저조"
"SO_0564","국화도","2027-04-25 13:28","184","고조"
"SO_0564","국화도","2027-04-24 00:20","52","고조"
"SO_0564","국화도","2027-04-24 06:31","808","저조"
"SO_0564","국화도","2027-04-24 12:56","144","고조"
"SO_0564","국화도","2027-04-24 18:34","720","저조"
"SO_0564","국화도","2027-04-25 00:49","80","고조"
"SO_0564","국화도","2027-04-25 07:02","778","저조"
"SO_0564","국화도","2027-04-25 13:28","184","고조"
"SO_0564","국화도","2027-04-25 19:06","686","저조"
"SO_0564","국화도","2027-04-26 01:18","116","고조"
"SO_0564","국화도","2027-04-26 07:34","743","저조"
"SO_0564","국화도","2027-04-25 00:49","80","고조"
"SO_0564","국화도","2027-04-25 07:02","778","저조"
"SO_0564","국화도","2027-04-25 13:28","184","고조"
"SO_0564","국화도","2027-04-25 19:06","686","저조"
"SO_0564","국화도","2027-04-26 01:18","116","고조"
"SO_0564","국화도","2027-04-26 07:34","743","저조"
"SO_0564","국화도","2027-04-26 14:00","228","고조"
"SO_0564","국화도","2027-04-26 19:39","647","저조"
"SO_0564","국화도","2027-04-27 01:47","159","고조"
"SO_0564","국화도","2027-04-27 08:09","703","저조"
"SO_0564","국화도","2027-04-26 01:18","116","고조"
"SO_0564","국화도","2027-04-26 07:34","743","저조"
"SO_0564","국화도","2027-04-26 14:00","228","고조"
"SO_0564","국화도","2027-04-26 19:39","647","저조"
"SO_0564","국화도","2027-04-27 01:47","159","고조"
"SO_0564","국화도","2027-04-27 08:09","703","저조"
"SO_0564","국화도","2027-04-27 14:37","274","고조"
"SO_0564","국화도","2027-04-27 20:16","603","저조"
"SO_0564","국화도","2027-04-28 02:22","207","고조"
"SO_0564","국화도","2027-04-28 08:53","659","저조"
"SO_0564","국화도","2027-04-27 01:47","159","고조"
"SO_0564","국화도","2027-04-27 08:09","703","저조"
"SO_0564","국화도","2027-04-27 14:37","274","고조"
"SO_0564","국화도","2027-04-27 20:16","603","저조"
"SO_0564","국화도","2027-04-28 02:22","207","고조"
"SO_0564","국화도","2027-04-28 08:53","659","저조"
"SO_0564","국화도","2027-04-28 15:24","318","고조"
"SO_0564","국화도","2027-04-28 21:06","560","저조"
"SO_0564","국화도","2027-04-29 03:10","257","고조"
"SO_0564","국화도","2027-04-29 09:54","617","저조"
"SO_0564","국화도","2027-04-28 02:22","207","고조"
"SO_0564","국화도","2027-04-28 08:53","659","저조"
"SO_0564","국화도","2027-04-28 15:24","318","고조"
"SO_0564","국화도","2027-04-28 21:06","560","저조"
"SO_0564","국화도","2027-04-29 03:10","257","고조"
"SO_0564","국화도","2027-04-29 09:54","617","저조"
"SO_0564","국화도","2027-04-29 16:39","346","고조"
"SO_0564","국화도","2027-04-29 22:24","530","저조"
"SO_0564","국화도","2027-04-30 04:26","299","고조"
"SO_0564","국화도","2027-04-30 11:23","595","저조"
"SO_0564","국화도","2027-04-29 03:10","257","고조"
"SO_0564","국화도","2027-04-29 09:54","617","저조"
"SO_0564","국화도","2027-04-29 16:39","346","고조"
"SO_0564","국화도","2027-04-29 22:24","530","저조"
"SO_0564","국화도","2027-04-30 04:26","299","고조"
"SO_0564","국화도","2027-04-30 11:23","595","저조"
"SO_0564","국화도","2027-04-30 18:18","336","고조"
"SO_0564","국화도","2027-05-01 00:05","540","저조"
"SO_0564","국화도","2027-05-01 06:12","304","고조"
"SO_0564","국화도","2027-05-01 12:51","607","저조"
"SO_0564","국화도","2027-04-30 04:26","299","고조"
"SO_0564","국화도","2027-04-30 11:23","595","저조"
"SO_0564","국화도","2027-04-30 18:18","336","고조"
"SO_0564","국화도","2027-05-01 00:05","540","저조"
"SO_0564","국화도","2027-05-01 06:12","304","고조"
"SO_0564","국화도","2027-05-01 12:51","607","저조"
"SO_0564","국화도","2027-05-01 19:29","290","고조"
"SO_0564","국화도","2027-05-02 01:25","591","저조"
"SO_0564","국화도","2027-05-02 07:36","268","고조"
"SO_0564","국화도","2027-05-02 13:53","639","저조"
"SO_0564","국화도","2027-05-01 00:05","540","저조"
"SO_0564","국화도","2027-05-01 06:12","304","고조"
"SO_0564","국화도","2027-05-01 12:51","607","저조"
"SO_0564","국화도","2027-05-01 19:29","290","고조"
"SO_0564","국화도","2027-05-02 01:25","591","저조"
"SO_0564","국화도","2027-05-02 07:36","268","고조"
"SO_0564","국화도","2027-05-02 13:53","639","저조"
"SO_0564","국화도","2027-05-02 20:19","231","고조"
"SO_0564","국화도","2027-05-03 02:20","659","저조"
"SO_0564","국화도","2027-05-03 08:35","218","고조"
"SO_0564","국화도","2027-05-02 01:25","591","저조"
"SO_0564","국화도","2027-05-02 07:36","268","고조"
"SO_0564","국화도","2027-05-02 13:53","639","저조"
"SO_0564","국화도","2027-05-02 20:19","231","고조"
"SO_0564","국화도","2027-05-03 02:20","659","저조"
"SO_0564","국화도","2027-05-03 08:35","218","고조"
"SO_0564","국화도","2027-05-03 14:39","676","저조"
"SO_0564","국화도","2027-05-03 21:00","170","고조"
"SO_0564","국화도","2027-05-04 03:04","725","저조"
"SO_0564","국화도","2027-05-04 09:23","172","고조"
"SO_0564","국화도","2027-05-03 02:20","659","저조"
"SO_0564","국화도","2027-05-03 08:35","218","고조"
"SO_0564","국화도","2027-05-03 14:39","676","저조"
"SO_0564","국화도","2027-05-03 21:00","170","고조"
"SO_0564","국화도","2027-05-04 03:04","725","저조"
"SO_0564","국화도","2027-05-04 09:23","172","고조"
"SO_0564","국화도","2027-05-04 15:18","709","저조"
"SO_0564","국화도","2027-05-04 21:38","117","고조"
"SO_0564","국화도","2027-05-05 03:43","779","저조"
"SO_0564","국화도","2027-05-05 10:07","138","고조"
"SO_0564","국화도","2027-05-04 03:04","725","저조"
"SO_0564","국화도","2027-05-04 09:23","172","고조"
"SO_0564","국화도","2027-05-04 15:18","709","저조"
"SO_0564","국화도","2027-05-04 21:38","117","고조"
"SO_0564","국화도","2027-05-05 03:43","779","저조"
"SO_0564","국화도","2027-05-05 10:07","138","고조"
"SO_0564","국화도","2027-05-05 15:56","733","저조"
"SO_0564","국화도","2027-05-05 22:15","75","고조"
"SO_0564","국화도","2027-05-06 04:22","820","저조"
"SO_0564","국화도","2027-05-06 10:49","117","고조"
"SO_0564","국화도","2027-05-05 03:43","779","저조"
"SO_0564","국화도","2027-05-05 10:07","138","고조"
"SO_0564","국화도","2027-05-05 15:56","733","저조"
"SO_0564","국화도","2027-05-05 22:15","75","고조"
"SO_0564","국화도","2027-05-06 04:22","820","저조"
"SO_0564","국화도","2027-05-06 10:49","117","고조"
"SO_0564","국화도","2027-05-06 16:33","746","저조"
"SO_0564","국화도","2027-05-06 22:53","46","고조"
"SO_0564","국화도","2027-05-07 05:00","844","저조"
"SO_0564","국화도","2027-05-07 11:30","110","고조"
"SO_0564","국화도","2027-05-06 04:22","820","저조"
"SO_0564","국화도","2027-05-06 10:49","117","고조"
"SO_0564","국화도","2027-05-06 16:33","746","저조"
"SO_0564","국화도","2027-05-06 22:53","46","고조"
"SO_0564","국화도","2027-05-07 05:00","844","저조"
"SO_0564","국화도","2027-05-07 11:30","110","고조"
"SO_0564","국화도","2027-05-07 17:11","749","저조"
"SO_0564","국화도","2027-05-07 23:32","32","고조"
"SO_0564","국화도","2027-05-08 05:40","854","저조"
"SO_0564","국화도","2027-05-08 12:11","117","고조"
"SO_0564","국화도","2027-05-07 05:00","844","저조"
"SO_0564","국화도","2027-05-07 11:30","110","고조"
"SO_0564","국화도","2027-05-07 17:11","749","저조"
"SO_0564","국화도","2027-05-07 23:32","32","고조"
"SO_0564","국화도","2027-05-08 05:40","854","저조"
"SO_0564","국화도","2027-05-08 12:11","117","고조"
"SO_0564","국화도","2027-05-08 17:50","742","저조"
"SO_0564","국화도","2027-05-09 00:11","31","고조"
"SO_0564","국화도","2027-05-09 06:21","850","저조"
"SO_0564","국화도","2027-05-09 12:53","135","고조"
"SO_0564","국화도","2027-05-08 05:40","854","저조"
"SO_0564","국화도","2027-05-08 12:11","117","고조"
"SO_0564","국화도","2027-05-08 17:50","742","저조"
"SO_0564","국화도","2027-05-09 00:11","31","고조"
"SO_0564","국화도","2027-05-09 06:21","850","저조"
"SO_0564","국화도","2027-05-09 12:53","135","고조"
"SO_0564","국화도","2027-05-09 18:30","726","저조"
"SO_0564","국화도","2027-05-10 00:50","45","고조"
"SO_0564","국화도","2027-05-10 07:04","833","저조"
"SO_0564","국화도","2027-05-10 13:36","165","고조"
"SO_0564","국화도","2027-05-09 00:11","31","고조"
"SO_0564","국화도","2027-05-09 06:21","850","저조"
"SO_0564","국화도","2027-05-09 12:53","135","고조"
"SO_0564","국화도","2027-05-09 18:30","726","저조"
"SO_0564","국화도","2027-05-10 00:50","45","고조"
"SO_0564","국화도","2027-05-10 07:04","833","저조"
"SO_0564","국화도","2027-05-10 13:36","165","고조"
"SO_0564","국화도","2027-05-10 19:13","702","저조"
"SO_0564","국화도","2027-05-11 01:33","73","고조"
"SO_0564","국화도","2027-05-11 07:50","804","저조"
"SO_0564","국화도","2027-05-10 00:50","45","고조"
"SO_0564","국화도","2027-05-10 07:04","833","저조"
"SO_0564","국화도","2027-05-10 13:36","165","고조"
"SO_0564","국화도","2027-05-10 19:13","702","저조"
"SO_0564","국화도","2027-05-11 01:33","73","고조"
"SO_0564","국화도","2027-05-11 07:50","804","저조"
"SO_0564","국화도","2027-05-11 14:22","201","고조"
"SO_0564","국화도","2027-05-11 20:00","671","저조"
"SO_0564","국화도","2027-05-12 02:20","113","고조"
"SO_0564","국화도","2027-05-12 08:43","765","저조"
"SO_0564","국화도","2027-05-11 01:33","73","고조"
"SO_0564","국화도","2027-05-11 07:50","804","저조"
"SO_0564","국화도","2027-05-11 14:22","201","고조"
"SO_0564","국화도","2027-05-11 20:00","671","저조"
"SO_0564","국화도","2027-05-12 02:20","113","고조"
"SO_0564","국화도","2027-05-12 08:43","765","저조"
"SO_0564","국화도","2027-05-12 15:16","236","고조"
"SO_0564","국화도","2027-05-12 20:57","638","저조"
"SO_0564","국화도","2027-05-13 03:16","161","고조"
"SO_0564","국화도","2027-05-13 09:46","724","저조"
"SO_0564","국화도","2027-05-12 02:20","113","고조"
"SO_0564","국화도","2027-05-12 08:43","765","저조"
"SO_0564","국화도","2027-05-12 15:16","236","고조"
"SO_0564","국화도","2027-05-12 20:57","638","저조"
"SO_0564","국화도","2027-05-13 03:16","161","고조"
"SO_0564","국화도","2027-05-13 09:46","724","저조"
"SO_0564","국화도","2027-05-13 16:21","259","고조"
"SO_0564","국화도","2027-05-13 22:10","616","저조"
"SO_0564","국화도","2027-05-14 04:27","204","고조"
"SO_0564","국화도","2027-05-14 10:59","692","저조"
"SO_0564","국화도","2027-05-13 03:16","161","고조"
"SO_0564","국화도","2027-05-13 09:46","724","저조"
"SO_0564","국화도","2027-05-13 16:21","259","고조"
"SO_0564","국화도","2027-05-13 22:10","616","저조"
"SO_0564","국화도","2027-05-14 04:27","204","고조"
"SO_0564","국화도","2027-05-14 10:59","692","저조"
"SO_0564","국화도","2027-05-14 17:36","257","고조"
"SO_0564","국화도","2027-05-14 23:36","621","저조"
"SO_0564","국화도","2027-05-15 05:51","224","고조"
"SO_0564","국화도","2027-05-15 12:17","681","저조"
"SO_0564","국화도","2027-05-14 04:27","204","고조"
"SO_0564","국화도","2027-05-14 10:59","692","저조"
"SO_0564","국화도","2027-05-14 17:36","257","고조"
"SO_0564","국화도","2027-05-14 23:36","621","저조"
"SO_0564","국화도","2027-05-15 05:51","224","고조"
"SO_0564","국화도","2027-05-15 12:17","681","저조"
"SO_0564","국화도","2027-05-15 18:50","226","고조"
"SO_0564","국화도","2027-05-16 00:57","660","저조"
"SO_0564","국화도","2027-05-16 07:13","213","고조"
"SO_0564","국화도","2027-05-16 13:25","689","저조"
"SO_0564","국화도","2027-05-15 05:51","224","고조"
"SO_0564","국화도","2027-05-15 12:17","681","저조"
"SO_0564","국화도","2027-05-15 18:50","226","고조"
"SO_0564","국화도","2027-05-16 00:57","660","저조"
"SO_0564","국화도","2027-05-16 07:13","213","고조"
"SO_0564","국화도","2027-05-16 13:25","689","저조"
"SO_0564","국화도","2027-05-16 19:51","179","고조"
"SO_0564","국화도","2027-05-17 02:03","715","저조"
"SO_0564","국화도","2027-05-17 08:20","188","고조"
"SO_0564","국화도","2027-05-17 14:21","705","저조"
"SO_0564","국화도","2027-05-16 00:57","660","저조"
"SO_0564","국화도","2027-05-16 07:13","213","고조"
"SO_0564","국화도","2027-05-16 13:25","689","저조"
"SO_0564","국화도","2027-05-16 19:51","179","고조"
"SO_0564","국화도","2027-05-17 02:03","715","저조"
"SO_0564","국화도","2027-05-17 08:20","188","고조"
"SO_0564","국화도","2027-05-17 14:21","705","저조"
"SO_0564","국화도","2027-05-17 20:42","133","고조"
"SO_0564","국화도","2027-05-18 02:56","765","저조"
"SO_0564","국화도","2027-05-18 09:16","164","고조"
"SO_0564","국화도","2027-05-17 02:03","715","저조"
"SO_0564","국화도","2027-05-17 08:20","188","고조"
"SO_0564","국화도","2027-05-17 14:21","705","저조"
"SO_0564","국화도","2027-05-17 20:42","133","고조"
"SO_0564","국화도","2027-05-18 02:56","765","저조"
"SO_0564","국화도","2027-05-18 09:16","164","고조"
"SO_0564","국화도","2027-05-18 15:08","718","저조"
"SO_0564","국화도","2027-05-18 21:28","97","고조"
"SO_0564","국화도","2027-05-19 03:42","798","저조"
"SO_0564","국화도","2027-05-19 10:05","150","고조"
"SO_0564","국화도","2027-05-18 02:56","765","저조"
"SO_0564","국화도","2027-05-18 09:16","164","고조"
"SO_0564","국화도","2027-05-18 15:08","718","저조"
"SO_0564","국화도","2027-05-18 21:28","97","고조"
"SO_0564","국화도","2027-05-19 03:42","798","저조"
"SO_0564","국화도","2027-05-19 10:05","150","고조"
"SO_0564","국화도","2027-05-19 15:50","725","저조"
"SO_0564","국화도","2027-05-19 22:08","76","고조"
"SO_0564","국화도","2027-05-20 04:23","813","저조"
"SO_0564","국화도","2027-05-20 10:48","148","고조"
"SO_0564","국화도","2027-05-19 03:42","798","저조"
"SO_0564","국화도","2027-05-19 10:05","150","고조"
"SO_0564","국화도","2027-05-19 15:50","725","저조"
"SO_0564","국화도","2027-05-19 22:08","76","고조"
"SO_0564","국화도","2027-05-20 04:23","813","저조"
"SO_0564","국화도","2027-05-20 10:48","148","고조"
"SO_0564","국화도","2027-05-20 16:29","726","저조"
"SO_0564","국화도","2027-05-20 22:47","70","고조"
"SO_0564","국화도","2027-05-21 05:02","813","저조"
"SO_0564","국화도","2027-05-21 11:28","155","고조"
"SO_0564","국화도","2027-05-20 04:23","813","저조"
"SO_0564","국화도","2027-05-20 10:48","148","고조"
"SO_0564","국화도","2027-05-20 16:29","726","저조"
"SO_0564","국화도","2027-05-20 22:47","70","고조"
"SO_0564","국화도","2027-05-21 05:02","813","저조"
"SO_0564","국화도","2027-05-21 11:28","155","고조"
"SO_0564","국화도","2027-05-21 17:06","720","저조"
"SO_0564","국화도","2027-05-21 23:22","76","고조"
"SO_0564","국화도","2027-05-22 05:38","803","저조"
"SO_0564","국화도","2027-05-22 12:05","167","고조"
"SO_0564","국화도","2027-05-21 05:02","813","저조"
"SO_0564","국화도","2027-05-21 11:28","155","고조"
"SO_0564","국화도","2027-05-21 17:06","720","저조"
"SO_0564","국화도","2027-05-21 23:22","76","고조"
"SO_0564","국화도","2027-05-22 05:38","803","저조"
"SO_0564","국화도","2027-05-22 12:05","167","고조"
"SO_0564","국화도","2027-05-22 17:42","711","저조"
"SO_0564","국화도","2027-05-22 23:56","89","고조"
"SO_0564","국화도","2027-05-23 06:11","790","저조"
"SO_0564","국화도","2027-05-23 12:40","182","고조"
"SO_0564","국화도","2027-05-22 05:38","803","저조"
"SO_0564","국화도","2027-05-22 12:05","167","고조"
"SO_0564","국화도","2027-05-22 17:42","711","저조"
"SO_0564","국화도","2027-05-22 23:56","89","고조"
"SO_0564","국화도","2027-05-23 06:11","790","저조"
"SO_0564","국화도","2027-05-23 12:40","182","고조"
"SO_0564","국화도","2027-05-23 18:17","698","저조"
"SO_0564","국화도","2027-05-24 00:27","106","고조"
"SO_0564","국화도","2027-05-24 06:44","775","저조"
"SO_0564","국화도","2027-05-24 13:13","200","고조"
"SO_0564","국화도","2027-05-23 06:11","790","저조"
"SO_0564","국화도","2027-05-23 12:40","182","고조"
"SO_0564","국화도","2027-05-23 18:17","698","저조"
"SO_0564","국화도","2027-05-24 00:27","106","고조"
"SO_0564","국화도","2027-05-24 06:44","775","저조"
"SO_0564","국화도","2027-05-24 13:13","200","고조"
"SO_0564","국화도","2027-05-24 18:51","681","저조"
"SO_0564","국화도","2027-05-25 00:59","127","고조"
"SO_0564","국화도","2027-05-25 07:17","759","저조"
"SO_0564","국화도","2027-05-25 13:46","221","고조"
"SO_0564","국화도","2027-05-24 00:27","106","고조"
"SO_0564","국화도","2027-05-24 06:44","775","저조"
"SO_0564","국화도","2027-05-24 13:13","200","고조"
"SO_0564","국화도","2027-05-24 18:51","681","저조"
"SO_0564","국화도","2027-05-25 00:59","127","고조"
"SO_0564","국화도","2027-05-25 07:17","759","저조"
"SO_0564","국화도","2027-05-25 13:46","221","고조"
"SO_0564","국화도","2027-05-25 19:26","660","저조"
"SO_0564","국화도","2027-05-26 01:32","152","고조"
"SO_0564","국화도","2027-05-26 07:51","738","저조"
"SO_0564","국화도","2027-05-25 00:59","127","고조"
"SO_0564","국화도","2027-05-25 07:17","759","저조"
"SO_0564","국화도","2027-05-25 13:46","221","고조"
"SO_0564","국화도","2027-05-25 19:26","660","저조"
"SO_0564","국화도","2027-05-26 01:32","152","고조"
"SO_0564","국화도","2027-05-26 07:51","738","저조"
"SO_0564","국화도","2027-05-26 14:22","244","고조"
"SO_0564","국화도","2027-05-26 20:04","635","저조"
"SO_0564","국화도","2027-05-27 02:08","184","고조"
"SO_0564","국화도","2027-05-27 08:29","711","저조"
"SO_0564","국화도","2027-05-26 01:32","152","고조"
"SO_0564","국화도","2027-05-26 07:51","738","저조"
"SO_0564","국화도","2027-05-26 14:22","244","고조"
"SO_0564","국화도","2027-05-26 20:04","635","저조"
"SO_0564","국화도","2027-05-27 02:08","184","고조"
"SO_0564","국화도","2027-05-27 08:29","711","저조"
"SO_0564","국화도","2027-05-27 15:03","266","고조"
"SO_0564","국화도","2027-05-27 20:49","611","저조"
"SO_0564","국화도","2027-05-28 02:52","221","고조"
"SO_0564","국화도","2027-05-28 09:15","679","저조"
"SO_0564","국화도","2027-05-27 02:08","184","고조"
"SO_0564","국화도","2027-05-27 08:29","711","저조"
"SO_0564","국화도","2027-05-27 15:03","266","고조"
"SO_0564","국화도","2027-05-27 20:49","611","저조"
"SO_0564","국화도","2027-05-28 02:52","221","고조"
"SO_0564","국화도","2027-05-28 09:15","679","저조"
"SO_0564","국화도","2027-05-28 15:53","283","고조"
"SO_0564","국화도","2027-05-28 21:47","592","저조"
"SO_0564","국화도","2027-05-29 03:49","259","고조"
"SO_0564","국화도","2027-05-29 10:13","647","저조"
"SO_0564","국화도","2027-05-28 02:52","221","고조"
"SO_0564","국화도","2027-05-28 09:15","679","저조"
"SO_0564","국화도","2027-05-28 15:53","283","고조"
"SO_0564","국화도","2027-05-28 21:47","592","저조"
"SO_0564","국화도","2027-05-29 03:49","259","고조"
"SO_0564","국화도","2027-05-29 10:13","647","저조"
"SO_0564","국화도","2027-05-29 16:56","286","고조"
"SO_0564","국화도","2027-05-29 22:59","592","저조"
"SO_0564","국화도","2027-05-30 05:03","284","고조"
"SO_0564","국화도","2027-05-30 11:23","628","저조"
"SO_0564","국화도","2027-05-29 03:49","259","고조"
"SO_0564","국화도","2027-05-29 10:13","647","저조"
"SO_0564","국화도","2027-05-29 16:56","286","고조"
"SO_0564","국화도","2027-05-29 22:59","592","저조"
"SO_0564","국화도","2027-05-30 05:03","284","고조"
"SO_0564","국화도","2027-05-30 11:23","628","저조"
"SO_0564","국화도","2027-05-30 18:04","266","고조"
"SO_0564","국화도","2027-05-31 00:16","620","저조"
"SO_0564","국화도","2027-05-31 06:25","284","고조"
"SO_0564","국화도","2027-05-31 12:35","629","저조"
"SO_0564","국화도","2027-05-30 05:03","284","고조"
"SO_0564","국화도","2027-05-30 11:23","628","저조"
"SO_0564","국화도","2027-05-30 18:04","266","고조"
"SO_0564","국화도","2027-05-31 00:16","620","저조"
"SO_0564","국화도","2027-05-31 06:25","284","고조"
"SO_0564","국화도","2027-05-31 12:35","629","저조"
"SO_0564","국화도","2027-05-31 19:07","227","고조"
"SO_0564","국화도","2027-06-01 01:23","670","저조"
"SO_0564","국화도","2027-06-01 07:40","259","고조"
"SO_0564","국화도","2027-06-01 13:37","647","저조"
"SO_0564","국화도","2027-05-31 00:16","620","저조"
"SO_0564","국화도","2027-05-31 06:25","284","고조"
"SO_0564","국화도","2027-05-31 12:35","629","저조"
"SO_0564","국화도","2027-05-31 19:07","227","고조"
"SO_0564","국화도","2027-06-01 01:23","670","저조"
"SO_0564","국화도","2027-06-01 07:40","259","고조"
"SO_0564","국화도","2027-06-01 13:37","647","저조"
"SO_0564","국화도","2027-06-01 20:02","178","고조"
"SO_0564","국화도","2027-06-02 02:18","728","저조"
"SO_0564","국화도","2027-06-02 08:42","224","고조"
"SO_0564","국화도","2027-06-01 01:23","670","저조"
"SO_0564","국화도","2027-06-01 07:40","259","고조"
"SO_0564","국화도","2027-06-01 13:37","647","저조"
"SO_0564","국화도","2027-06-01 20:02","178","고조"
"SO_0564","국화도","2027-06-02 02:18","728","저조"
"SO_0564","국화도","2027-06-02 08:42","224","고조"
"SO_0564","국화도","2027-06-02 14:31","671","저조"
"SO_0564","국화도","2027-06-02 20:52","130","고조"
"SO_0564","국화도","2027-06-03 03:07","780","저조"
"SO_0564","국화도","2027-06-03 09:35","190","고조"
"SO_0564","국화도","2027-06-02 02:18","728","저조"
"SO_0564","국화도","2027-06-02 08:42","224","고조"
"SO_0564","국화도","2027-06-02 14:31","671","저조"
"SO_0564","국화도","2027-06-02 20:52","130","고조"
"SO_0564","국화도","2027-06-03 03:07","780","저조"
"SO_0564","국화도","2027-06-03 09:35","190","고조"
"SO_0564","국화도","2027-06-03 15:19","695","저조"
"SO_0564","국화도","2027-06-03 21:39","89","고조"
"SO_0564","국화도","2027-06-04 03:54","821","저조"
"SO_0564","국화도","2027-06-04 10:25","165","고조"
"SO_0564","국화도","2027-06-03 03:07","780","저조"
"SO_0564","국화도","2027-06-03 09:35","190","고조"
"SO_0564","국화도","2027-06-03 15:19","695","저조"
"SO_0564","국화도","2027-06-03 21:39","89","고조"
"SO_0564","국화도","2027-06-04 03:54","821","저조"
"SO_0564","국화도","2027-06-04 10:25","165","고조"
"SO_0564","국화도","2027-06-04 16:06","713","저조"
"SO_0564","국화도","2027-06-04 22:25","58","고조"
"SO_0564","국화도","2027-06-05 04:41","848","저조"
"SO_0564","국화도","2027-06-05 11:14","148","고조"
"SO_0564","국화도","2027-06-04 03:54","821","저조"
"SO_0564","국화도","2027-06-04 10:25","165","고조"
"SO_0564","국화도","2027-06-04 16:06","713","저조"
"SO_0564","국화도","2027-06-04 22:25","58","고조"
"SO_0564","국화도","2027-06-05 04:41","848","저조"
"SO_0564","국화도","2027-06-05 11:14","148","고조"
"SO_0564","국화도","2027-06-05 16:53","725","저조"
"SO_0564","국화도","2027-06-05 23:12","39","고조"
"SO_0564","국화도","2027-06-06 05:27","863","저조"
"SO_0564","국화도","2027-06-06 12:01","141","고조"
"SO_0564","국화도","2027-06-05 04:41","848","저조"
"SO_0564","국화도","2027-06-05 11:14","148","고조"
"SO_0564","국화도","2027-06-05 16:53","725","저조"
"SO_0564","국화도","2027-06-05 23:12","39","고조"
"SO_0564","국화도","2027-06-06 05:27","863","저조"
"SO_0564","국화도","2027-06-06 12:01","141","고조"
"SO_0564","국화도","2027-06-06 17:39","730","저조"
"SO_0564","국화도","2027-06-06 23:58","31","고조"
"SO_0564","국화도","2027-06-07 06:14","867","저조"
"SO_0564","국화도","2027-06-07 12:48","141","고조"
"SO_0564","국화도","2027-06-06 05:27","863","저조"
"SO_0564","국화도","2027-06-06 12:01","141","고조"
"SO_0564","국화도","2027-06-06 17:39","730","저조"
"SO_0564","국화도","2027-06-06 23:58","31","고조"
"SO_0564","국화도","2027-06-07 06:14","867","저조"
"SO_0564","국화도","2027-06-07 12:48","141","고조"
"SO_0564","국화도","2027-06-07 18:26","729","저조"
"SO_0564","국화도","2027-06-08 00:45","35","고조"
"SO_0564","국화도","2027-06-08 07:01","859","저조"
"SO_0564","국화도","2027-06-08 13:34","148","고조"
"SO_0564","국화도","2027-06-07 06:14","867","저조"
"SO_0564","국화도","2027-06-07 12:48","141","고조"
"SO_0564","국화도","2027-06-07 18:26","729","저조"
"SO_0564","국화도","2027-06-08 00:45","35","고조"
"SO_0564","국화도","2027-06-08 07:01","859","저조"
"SO_0564","국화도","2027-06-08 13:34","148","고조"
"SO_0564","국화도","2027-06-08 19:13","724","저조"
"SO_0564","국화도","2027-06-09 01:31","51","고조"
"SO_0564","국화도","2027-06-09 07:48","840","저조"
"SO_0564","국화도","2027-06-09 14:20","161","고조"
"SO_0564","국화도","2027-06-08 00:45","35","고조"
"SO_0564","국화도","2027-06-08 07:01","859","저조"
"SO_0564","국화도","2027-06-08 13:34","148","고조"
"SO_0564","국화도","2027-06-08 19:13","724","저조"
"SO_0564","국화도","2027-06-09 01:31","51","고조"
"SO_0564","국화도","2027-06-09 07:48","840","저조"
"SO_0564","국화도","2027-06-09 14:20","161","고조"
"SO_0564","국화도","2027-06-09 20:02","712","저조"
"SO_0564","국화도","2027-06-10 02:19","82","고조"
"SO_0564","국화도","2027-06-10 08:36","809","저조"
"SO_0564","국화도","2027-06-09 01:31","51","고조"
"SO_0564","국화도","2027-06-09 07:48","840","저조"
"SO_0564","국화도","2027-06-09 14:20","161","고조"
"SO_0564","국화도","2027-06-09 20:02","712","저조"
"SO_0564","국화도","2027-06-10 02:19","82","고조"
"SO_0564","국화도","2027-06-10 08:36","809","저조"
"SO_0564","국화도","2027-06-10 15:08","176","고조"
"SO_0564","국화도","2027-06-10 20:55","698","저조"
"SO_0564","국화도","2027-06-11 03:11","125","고조"
"SO_0564","국화도","2027-06-11 09:26","769","저조"
"SO_0564","국화도","2027-06-10 02:19","82","고조"
"SO_0564","국화도","2027-06-10 08:36","809","저조"
"SO_0564","국화도","2027-06-10 15:08","176","고조"
"SO_0564","국화도","2027-06-10 20:55","698","저조"
"SO_0564","국화도","2027-06-11 03:11","125","고조"
"SO_0564","국화도","2027-06-11 09:26","769","저조"
"SO_0564","국화도","2027-06-11 15:59","190","고조"
"SO_0564","국화도","2027-06-11 21:54","684","저조"
"SO_0564","국화도","2027-06-12 04:09","175","고조"
"SO_0564","국화도","2027-06-12 10:22","723","저조"
"SO_0564","국화도","2027-06-11 03:11","125","고조"
"SO_0564","국화도","2027-06-11 09:26","769","저조"
"SO_0564","국화도","2027-06-11 15:59","190","고조"
"SO_0564","국화도","2027-06-11 21:54","684","저조"
"SO_0564","국화도","2027-06-12 04:09","175","고조"
"SO_0564","국화도","2027-06-12 10:22","723","저조"
"SO_0564","국화도","2027-06-12 16:55","200","고조"
"SO_0564","국화도","2027-06-12 23:03","677","저조"
"SO_0564","국화도","2027-06-13 05:16","219","고조"
"SO_0564","국화도","2027-06-13 11:25","684","저조"
"SO_0564","국화도","2027-06-12 04:09","175","고조"
"SO_0564","국화도","2027-06-12 10:22","723","저조"
"SO_0564","국화도","2027-06-12 16:55","200","고조"
"SO_0564","국화도","2027-06-12 23:03","677","저조"
"SO_0564","국화도","2027-06-13 05:16","219","고조"
"SO_0564","국화도","2027-06-13 11:25","684","저조"
"SO_0564","국화도","2027-06-13 17:57","198","고조"
"SO_0564","국화도","2027-06-14 00:17","686","저조"
"SO_0564","국화도","2027-06-14 06:31","246","고조"
"SO_0564","국화도","2027-06-14 12:33","660","저조"
"SO_0564","국화도","2027-06-13 05:16","219","고조"
"SO_0564","국화도","2027-06-13 11:25","684","저조"
"SO_0564","국화도","2027-06-13 17:57","198","고조"
"SO_0564","국화도","2027-06-14 00:17","686","저조"
"SO_0564","국화도","2027-06-14 06:31","246","고조"
"SO_0564","국화도","2027-06-14 12:33","660","저조"
"SO_0564","국화도","2027-06-14 19:01","184","고조"
"SO_0564","국화도","2027-06-15 01:28","710","저조"
"SO_0564","국화도","2027-06-15 07:45","250","고조"
"SO_0564","국화도","2027-06-15 13:37","653","저조"
"SO_0564","국화도","2027-06-14 00:17","686","저조"
"SO_0564","국화도","2027-06-14 06:31","246","고조"
"SO_0564","국화도","2027-06-14 12:33","660","저조"
"SO_0564","국화도","2027-06-14 19:01","184","고조"
"SO_0564","국화도","2027-06-15 01:28","710","저조"
"SO_0564","국화도","2027-06-15 07:45","250","고조"
"SO_0564","국화도","2027-06-15 13:37","653","저조"
"SO_0564","국화도","2027-06-15 20:01","161","고조"
"SO_0564","국화도","2027-06-16 02:29","738","저조"
"SO_0564","국화도","2027-06-16 08:50","239","고조"
"SO_0564","국화도","2027-06-15 01:28","710","저조"
"SO_0564","국화도","2027-06-15 07:45","250","고조"
"SO_0564","국화도","2027-06-15 13:37","653","저조"
"SO_0564","국화도","2027-06-15 20:01","161","고조"
"SO_0564","국화도","2027-06-16 02:29","738","저조"
"SO_0564","국화도","2027-06-16 08:50","239","고조"
"SO_0564","국화도","2027-06-16 14:34","659","저조"
"SO_0564","국화도","2027-06-16 20:54","139","고조"
"SO_0564","국화도","2027-06-17 03:21","761","저조"
"SO_0564","국화도","2027-06-17 09:45","224","고조"
"SO_0564","국화도","2027-06-16 02:29","738","저조"
"SO_0564","국화도","2027-06-16 08:50","239","고조"
"SO_0564","국화도","2027-06-16 14:34","659","저조"
"SO_0564","국화도","2027-06-16 20:54","139","고조"
"SO_0564","국화도","2027-06-17 03:21","761","저조"
"SO_0564","국화도","2027-06-17 09:45","224","고조"
"SO_0564","국화도","2027-06-17 15:24","670","저조"
"SO_0564","국화도","2027-06-17 21:42","122","고조"
"SO_0564","국화도","2027-06-18 04:07","774","저조"
"SO_0564","국화도","2027-06-18 10:32","212","고조"
"SO_0564","국화도","2027-06-17 03:21","761","저조"
"SO_0564","국화도","2027-06-17 09:45","224","고조"
"SO_0564","국화도","2027-06-17 15:24","670","저조"
"SO_0564","국화도","2027-06-17 21:42","122","고조"
"SO_0564","국화도","2027-06-18 04:07","774","저조"
"SO_0564","국화도","2027-06-18 10:32","212","고조"
"SO_0564","국화도","2027-06-18 16:09","682","저조"
"SO_0564","국화도","2027-06-18 22:25","112","고조"
"SO_0564","국화도","2027-06-19 04:47","780","저조"
"SO_0564","국화도","2027-06-19 11:14","202","고조"
"SO_0564","국화도","2027-06-18 04:07","774","저조"
"SO_0564","국화도","2027-06-18 10:32","212","고조"
"SO_0564","국화도","2027-06-18 16:09","682","저조"
"SO_0564","국화도","2027-06-18 22:25","112","고조"
"SO_0564","국화도","2027-06-19 04:47","780","저조"
"SO_0564","국화도","2027-06-19 11:14","202","고조"
"SO_0564","국화도","2027-06-19 16:50","691","저조"
"SO_0564","국화도","2027-06-19 23:04","109","고조"
"SO_0564","국화도","2027-06-20 05:25","783","저조"
"SO_0564","국화도","2027-06-20 11:52","195","고조"
"SO_0564","국화도","2027-06-19 04:47","780","저조"
"SO_0564","국화도","2027-06-19 11:14","202","고조"
"SO_0564","국화도","2027-06-19 16:50","691","저조"
"SO_0564","국화도","2027-06-19 23:04","109","고조"
"SO_0564","국화도","2027-06-20 05:25","783","저조"
"SO_0564","국화도","2027-06-20 11:52","195","고조"
"SO_0564","국화도","2027-06-20 17:29","697","저조"
"SO_0564","국화도","2027-06-20 23:40","109","고조"
"SO_0564","국화도","2027-06-21 05:58","785","저조"
"SO_0564","국화도","2027-06-21 12:27","190","고조"
"SO_0564","국화도","2027-06-20 05:25","783","저조"
"SO_0564","국화도","2027-06-20 11:52","195","고조"
"SO_0564","국화도","2027-06-20 17:29","697","저조"
"SO_0564","국화도","2027-06-20 23:40","109","고조"
"SO_0564","국화도","2027-06-21 05:58","785","저조"
"SO_0564","국화도","2027-06-21 12:27","190","고조"
"SO_0564","국화도","2027-06-21 18:04","700","저조"
"SO_0564","국화도","2027-06-22 00:14","111","고조"
"SO_0564","국화도","2027-06-22 06:30","787","저조"
"SO_0564","국화도","2027-06-22 13:00","187","고조"
"SO_0564","국화도","2027-06-21 05:58","785","저조"
"SO_0564","국화도","2027-06-21 12:27","190","고조"
"SO_0564","국화도","2027-06-21 18:04","700","저조"
"SO_0564","국화도","2027-06-22 00:14","111","고조"
"SO_0564","국화도","2027-06-22 06:30","787","저조"
"SO_0564","국화도","2027-06-22 13:00","187","고조"
"SO_0564","국화도","2027-06-22 18:39","698","저조"
"SO_0564","국화도","2027-06-23 00:47","116","고조"
"SO_0564","국화도","2027-06-23 07:01","787","저조"
"SO_0564","국화도","2027-06-23 13:32","189","고조"
"SO_0564","국화도","2027-06-22 00:14","111","고조"
"SO_0564","국화도","2027-06-22 06:30","787","저조"
"SO_0564","국화도","2027-06-22 13:00","187","고조"
"SO_0564","국화도","2027-06-22 18:39","698","저조"
"SO_0564","국화도","2027-06-23 00:47","116","고조"
"SO_0564","국화도","2027-06-23 07:01","787","저조"
"SO_0564","국화도","2027-06-23 13:32","189","고조"
"SO_0564","국화도","2027-06-23 19:13","693","저조"
"SO_0564","국화도","2027-06-24 01:20","128","고조"
"SO_0564","국화도","2027-06-24 07:32","779","저조"
"SO_0564","국화도","2027-06-23 00:47","116","고조"
"SO_0564","국화도","2027-06-23 07:01","787","저조"
"SO_0564","국화도","2027-06-23 13:32","189","고조"
"SO_0564","국화도","2027-06-23 19:13","693","저조"
"SO_0564","국화도","2027-06-24 01:20","128","고조"
"SO_0564","국화도","2027-06-24 07:32","779","저조"
"SO_0564","국화도","2027-06-24 14:04","194","고조"
"SO_0564","국화도","2027-06-24 19:48","684","저조"
"SO_0564","국화도","2027-06-25 01:55","148","고조"
"SO_0564","국화도","2027-06-25 08:05","762","저조"
"SO_0564","국화도","2027-06-24 01:20","128","고조"
"SO_0564","국화도","2027-06-24 07:32","779","저조"
"SO_0564","국화도","2027-06-24 14:04","194","고조"
"SO_0564","국화도","2027-06-24 19:48","684","저조"
"SO_0564","국화도","2027-06-25 01:55","148","고조"
"SO_0564","국화도","2027-06-25 08:05","762","저조"
"SO_0564","국화도","2027-06-25 14:37","202","고조"
"SO_0564","국화도","2027-06-25 20:27","672","저조"
"SO_0564","국화도","2027-06-26 02:34","179","고조"
"SO_0564","국화도","2027-06-26 08:41","734","저조"
"SO_0564","국화도","2027-06-25 01:55","148","고조"
"SO_0564","국화도","2027-06-25 08:05","762","저조"
"SO_0564","국화도","2027-06-25 14:37","202","고조"
"SO_0564","국화도","2027-06-25 20:27","672","저조"
"SO_0564","국화도","2027-06-26 02:34","179","고조"
"SO_0564","국화도","2027-06-26 08:41","734","저조"
"SO_0564","국화도","2027-06-26 15:14","213","고조"
"SO_0564","국화도","2027-06-26 21:12","659","저조"
"SO_0564","국화도","2027-06-27 03:18","217","고조"
"SO_0564","국화도","2027-06-27 09:23","698","저조"
"SO_0564","국화도","2027-06-26 02:34","179","고조"
"SO_0564","국화도","2027-06-26 08:41","734","저조"
"SO_0564","국화도","2027-06-26 15:14","213","고조"
"SO_0564","국화도","2027-06-26 21:12","659","저조"
"SO_0564","국화도","2027-06-27 03:18","217","고조"
"SO_0564","국화도","2027-06-27 09:23","698","저조"
"SO_0564","국화도","2027-06-27 15:58","222","고조"
"SO_0564","국화도","2027-06-27 22:07","651","저조"
"SO_0564","국화도","2027-06-28 04:13","258","고조"
"SO_0564","국화도","2027-06-28 10:16","661","저조"
"SO_0564","국화도","2027-06-27 03:18","217","고조"
"SO_0564","국화도","2027-06-27 09:23","698","저조"
"SO_0564","국화도","2027-06-27 15:58","222","고조"
"SO_0564","국화도","2027-06-27 22:07","651","저조"
"SO_0564","국화도","2027-06-28 04:13","258","고조"
"SO_0564","국화도","2027-06-28 10:16","661","저조"
"SO_0564","국화도","2027-06-28 16:53","225","고조"
"SO_0564","국화도","2027-06-28 23:15","655","저조"
"SO_0564","국화도","2027-06-29 05:23","288","고조"
"SO_0564","국화도","2027-06-29 11:22","632","저조"
"SO_0564","국화도","2027-06-28 04:13","258","고조"
"SO_0564","국화도","2027-06-28 10:16","661","저조"
"SO_0564","국화도","2027-06-28 16:53","225","고조"
"SO_0564","국화도","2027-06-28 23:15","655","저조"
"SO_0564","국화도","2027-06-29 05:23","288","고조"
"SO_0564","국화도","2027-06-29 11:22","632","저조"
"SO_0564","국화도","2027-06-29 17:59","216","고조"
"SO_0564","국화도","2027-06-30 00:29","678","저조"
"SO_0564","국화도","2027-06-30 06:45","294","고조"
"SO_0564","국화도","2027-06-30 12:37","622","저조"
"SO_0564","국화도","2027-06-29 05:23","288","고조"
"SO_0564","국화도","2027-06-29 11:22","632","저조"
"SO_0564","국화도","2027-06-29 17:59","216","고조"
"SO_0564","국화도","2027-06-30 00:29","678","저조"
"SO_0564","국화도","2027-06-30 06:45","294","고조"
"SO_0564","국화도","2027-06-30 12:37","622","저조"
"SO_0564","국화도","2027-06-30 19:07","189","고조"
"SO_0564","국화도","2027-07-01 01:38","719","저조"
"SO_0564","국화도","2027-07-01 08:04","273","고조"
"SO_0564","국화도","2027-07-01 13:49","635","저조"
"SO_0564","국화도","2027-06-30 00:29","678","저조"
"SO_0564","국화도","2027-06-30 06:45","294","고조"
"SO_0564","국화도","2027-06-30 12:37","622","저조"
"SO_0564","국화도","2027-06-30 19:07","189","고조"
"SO_0564","국화도","2027-07-01 01:38","719","저조"
"SO_0564","국화도","2027-07-01 08:04","273","고조"
"SO_0564","국화도","2027-07-01 13:49","635","저조"
"SO_0564","국화도","2027-07-01 20:13","151","고조"
"SO_0564","국화도","2027-07-02 02:40","767","저조"
"SO_0564","국화도","2027-07-02 09:11","238","고조"
"SO_0564","국화도","2027-07-01 01:38","719","저조"
"SO_0564","국화도","2027-07-01 08:04","273","고조"
"SO_0564","국화도","2027-07-01 13:49","635","저조"
"SO_0564","국화도","2027-07-01 20:13","151","고조"
"SO_0564","국화도","2027-07-02 02:40","767","저조"
"SO_0564","국화도","2027-07-02 09:11","238","고조"
"SO_0564","국화도","2027-07-02 14:52","661","저조"
"SO_0564","국화도","2027-07-02 21:12","109","고조"
"SO_0564","국화도","2027-07-03 03:36","812","저조"
"SO_0564","국화도","2027-07-03 10:11","200","고조"
"SO_0564","국화도","2027-07-02 02:40","767","저조"
"SO_0564","국화도","2027-07-02 09:11","238","고조"
"SO_0564","국화도","2027-07-02 14:52","661","저조"
"SO_0564","국화도","2027-07-02 21:12","109","고조"
"SO_0564","국화도","2027-07-03 03:36","812","저조"
"SO_0564","국화도","2027-07-03 10:11","200","고조"
"SO_0564","국화도","2027-07-03 15:50","692","저조"
"SO_0564","국화도","2027-07-03 22:08","70","고조"
"SO_0564","국화도","2027-07-04 04:29","850","저조"
"SO_0564","국화도","2027-07-04 11:04","165","고조"
"SO_0564","국화도","2027-07-03 03:36","812","저조"
"SO_0564","국화도","2027-07-03 10:11","200","고조"
"SO_0564","국화도","2027-07-03 15:50","692","저조"
"SO_0564","국화도","2027-07-03 22:08","70","고조"
"SO_0564","국화도","2027-07-04 04:29","850","저조"
"SO_0564","국화도","2027-07-04 11:04","165","고조"
"SO_0564","국화도","2027-07-04 16:43","722","저조"
"SO_0564","국화도","2027-07-04 23:01","37","고조"
"SO_0564","국화도","2027-07-05 05:20","878","저조"
"SO_0564","국화도","2027-07-05 11:54","135","고조"
"SO_0564","국화도","2027-07-04 04:29","850","저조"
"SO_0564","국화도","2027-07-04 11:04","165","고조"
"SO_0564","국화도","2027-07-04 16:43","722","저조"
"SO_0564","국화도","2027-07-04 23:01","37","고조"
"SO_0564","국화도","2027-07-05 05:20","878","저조"
"SO_0564","국화도","2027-07-05 11:54","135","고조"
"SO_0564","국화도","2027-07-05 17:33","747","저조"
"SO_0564","국화도","2027-07-05 23:51","14","고조"
"SO_0564","국화도","2027-07-06 06:07","894","저조"
"SO_0564","국화도","2027-07-06 12:40","112","고조"
"SO_0564","국화도","2027-07-05 05:20","878","저조"
"SO_0564","국화도","2027-07-05 11:54","135","고조"
"SO_0564","국화도","2027-07-05 17:33","747","저조"
"SO_0564","국화도","2027-07-05 23:51","14","고조"
"SO_0564","국화도","2027-07-06 06:07","894","저조"
"SO_0564","국화도","2027-07-06 12:40","112","고조"
"SO_0564","국화도","2027-07-06 18:20","766","저조"
"SO_0564","국화도","2027-07-07 00:39","5","고조"
"SO_0564","국화도","2027-07-07 06:52","895","저조"
"SO_0564","국화도","2027-07-07 13:23","100","고조"
"SO_0564","국화도","2027-07-06 06:07","894","저조"
"SO_0564","국화도","2027-07-06 12:40","112","고조"
"SO_0564","국화도","2027-07-06 18:20","766","저조"
"SO_0564","국화도","2027-07-07 00:39","5","고조"
"SO_0564","국화도","2027-07-07 06:52","895","저조"
"SO_0564","국화도","2027-07-07 13:23","100","고조"
"SO_0564","국화도","2027-07-07 19:06","777","저조"
"SO_0564","국화도","2027-07-08 01:24","15","고조"
"SO_0564","국화도","2027-07-08 07:34","879","저조"
"SO_0564","국화도","2027-07-08 14:04","99","고조"
"SO_0564","국화도","2027-07-07 00:39","5","고조"
"SO_0564","국화도","2027-07-07 06:52","895","저조"
"SO_0564","국화도","2027-07-07 13:23","100","고조"
"SO_0564","국화도","2027-07-07 19:06","777","저조"
"SO_0564","국화도","2027-07-08 01:24","15","고조"
"SO_0564","국화도","2027-07-08 07:34","879","저조"
"SO_0564","국화도","2027-07-08 14:04","99","고조"
"SO_0564","국화도","2027-07-08 19:51","776","저조"
"SO_0564","국화도","2027-07-09 02:09","46","고조"
"SO_0564","국화도","2027-07-09 08:15","846","저조"
"SO_0564","국화도","2027-07-08 01:24","15","고조"
"SO_0564","국화도","2027-07-08 07:34","879","저조"
"SO_0564","국화도","2027-07-08 14:04","99","고조"
"SO_0564","국화도","2027-07-08 19:51","776","저조"
"SO_0564","국화도","2027-07-09 02:09","46","고조"
"SO_0564","국화도","2027-07-09 08:15","846","저조"
"SO_0564","국화도","2027-07-09 14:44","110","고조"
"SO_0564","국화도","2027-07-09 20:37","764","저조"
"SO_0564","국화도","2027-07-10 02:54","96","고조"
"SO_0564","국화도","2027-07-10 08:57","797","저조"
"SO_0564","국화도","2027-07-09 02:09","46","고조"
"SO_0564","국화도","2027-07-09 08:15","846","저조"
"SO_0564","국화도","2027-07-09 14:44","110","고조"
"SO_0564","국화도","2027-07-09 20:37","764","저조"
"SO_0564","국화도","2027-07-10 02:54","96","고조"
"SO_0564","국화도","2027-07-10 08:57","797","저조"
"SO_0564","국화도","2027-07-10 15:25","130","고조"
"SO_0564","국화도","2027-07-10 21:28","740","저조"
"SO_0564","국화도","2027-07-11 03:41","162","고조"
"SO_0564","국화도","2027-07-11 09:41","738","저조"
"SO_0564","국화도","2027-07-10 02:54","96","고조"
"SO_0564","국화도","2027-07-10 08:57","797","저조"
"SO_0564","국화도","2027-07-10 15:25","130","고조"
"SO_0564","국화도","2027-07-10 21:28","740","저조"
"SO_0564","국화도","2027-07-11 03:41","162","고조"
"SO_0564","국화도","2027-07-11 09:41","738","저조"
"SO_0564","국화도","2027-07-11 16:11","159","고조"
"SO_0564","국화도","2027-07-11 22:25","711","저조"
"SO_0564","국화도","2027-07-12 04:37","232","고조"
"SO_0564","국화도","2027-07-12 10:33","677","저조"
"SO_0564","국화도","2027-07-11 03:41","162","고조"
"SO_0564","국화도","2027-07-11 09:41","738","저조"
"SO_0564","국화도","2027-07-11 16:11","159","고조"
"SO_0564","국화도","2027-07-11 22:25","711","저조"
"SO_0564","국화도","2027-07-12 04:37","232","고조"
"SO_0564","국화도","2027-07-12 10:33","677","저조"
"SO_0564","국화도","2027-07-12 17:05","188","고조"
"SO_0564","국화도","2027-07-12 23:35","687","저조"
"SO_0564","국화도","2027-07-13 05:47","289","고조"
"SO_0564","국화도","2027-07-13 11:39","626","저조"
"SO_0564","국화도","2027-07-12 04:37","232","고조"
"SO_0564","국화도","2027-07-12 10:33","677","저조"
"SO_0564","국화도","2027-07-12 17:05","188","고조"
"SO_0564","국화도","2027-07-12 23:35","687","저조"
"SO_0564","국화도","2027-07-13 05:47","289","고조"
"SO_0564","국화도","2027-07-13 11:39","626","저조"
"SO_0564","국화도","2027-07-13 18:11","207","고조"
"SO_0564","국화도","2027-07-14 00:54","681","저조"
"SO_0564","국화도","2027-07-14 07:13","314","고조"
"SO_0564","국화도","2027-07-14 12:56","602","저조"
"SO_0564","국화도","2027-07-13 05:47","289","고조"
"SO_0564","국화도","2027-07-13 11:39","626","저조"
"SO_0564","국화도","2027-07-13 18:11","207","고조"
"SO_0564","국화도","2027-07-14 00:54","681","저조"
"SO_0564","국화도","2027-07-14 07:13","314","고조"
"SO_0564","국화도","2027-07-14 12:56","602","저조"
"SO_0564","국화도","2027-07-14 19:24","207","고조"
"SO_0564","국화도","2027-07-15 02:08","695","저조"
"SO_0564","국화도","2027-07-15 08:32","303","고조"
"SO_0564","국화도","2027-07-15 14:10","609","저조"
"SO_0564","국화도","2027-07-14 00:54","681","저조"
"SO_0564","국화도","2027-07-14 07:13","314","고조"
"SO_0564","국화도","2027-07-14 12:56","602","저조"
"SO_0564","국화도","2027-07-14 19:24","207","고조"
"SO_0564","국화도","2027-07-15 02:08","695","저조"
"SO_0564","국화도","2027-07-15 08:32","303","고조"
"SO_0564","국화도","2027-07-15 14:10","609","저조"
"SO_0564","국화도","2027-07-15 20:31","189","고조"
"SO_0564","국화도","2027-07-16 03:09","720","저조"
"SO_0564","국화도","2027-07-16 09:34","275","고조"
"SO_0564","국화도","2027-07-15 02:08","695","저조"
"SO_0564","국화도","2027-07-15 08:32","303","고조"
"SO_0564","국화도","2027-07-15 14:10","609","저조"
"SO_0564","국화도","2027-07-15 20:31","189","고조"
"SO_0564","국화도","2027-07-16 03:09","720","저조"
"SO_0564","국화도","2027-07-16 09:34","275","고조"
"SO_0564","국화도","2027-07-16 15:10","634","저조"
"SO_0564","국화도","2027-07-16 21:26","164","고조"
"SO_0564","국화도","2027-07-17 03:58","744","저조"
"SO_0564","국화도","2027-07-17 10:22","244","고조"
"SO_0564","국화도","2027-07-16 03:09","720","저조"
"SO_0564","국화도","2027-07-16 09:34","275","고조"
"SO_0564","국화도","2027-07-16 15:10","634","저조"
"SO_0564","국화도","2027-07-16 21:26","164","고조"
"SO_0564","국화도","2027-07-17 03:58","744","저조"
"SO_0564","국화도","2027-07-17 10:22","244","고조"
"SO_0564","국화도","2027-07-17 15:59","664","저조"
"SO_0564","국화도","2027-07-17 22:12","140","고조"
"SO_0564","국화도","2027-07-18 04:38","765","저조"
"SO_0564","국화도","2027-07-18 11:03","215","고조"
"SO_0564","국화도","2027-07-17 03:58","744","저조"
"SO_0564","국화도","2027-07-17 10:22","244","고조"
"SO_0564","국화도","2027-07-17 15:59","664","저조"
"SO_0564","국화도","2027-07-17 22:12","140","고조"
"SO_0564","국화도","2027-07-18 04:38","765","저조"
"SO_0564","국화도","2027-07-18 11:03","215","고조"
"SO_0564","국화도","2027-07-18 16:40","691","저조"
"SO_0564","국화도","2027-07-18 22:52","120","고조"
"SO_0564","국화도","2027-07-19 05:12","783","저조"
"SO_0564","국화도","2027-07-19 11:38","190","고조"
"SO_0564","국화도","2027-07-18 04:38","765","저조"
"SO_0564","국화도","2027-07-18 11:03","215","고조"
"SO_0564","국화도","2027-07-18 16:40","691","저조"
"SO_0564","국화도","2027-07-18 22:52","120","고조"
"SO_0564","국화도","2027-07-19 05:12","783","저조"
"SO_0564","국화도","2027-07-19 11:38","190","고조"
"SO_0564","국화도","2027-07-19 17:17","713","저조"
"SO_0564","국화도","2027-07-19 23:29","105","고조"
"SO_0564","국화도","2027-07-20 05:43","799","저조"
"SO_0564","국화도","2027-07-20 12:11","169","고조"
"SO_0564","국화도","2027-07-19 05:12","783","저조"
"SO_0564","국화도","2027-07-19 11:38","190","고조"
"SO_0564","국화도","2027-07-19 17:17","713","저조"
"SO_0564","국화도","2027-07-19 23:29","105","고조"
"SO_0564","국화도","2027-07-20 05:43","799","저조"
"SO_0564","국화도","2027-07-20 12:11","169","고조"
"SO_0564","국화도","2027-07-20 17:51","728","저조"
"SO_0564","국화도","2027-07-21 00:02","95","고조"
"SO_0564","국화도","2027-07-21 06:13","811","저조"
"SO_0564","국화도","2027-07-21 12:41","153","고조"
"SO_0564","국화도","2027-07-20 05:43","799","저조"
"SO_0564","국화도","2027-07-20 12:11","169","고조"
"SO_0564","국화도","2027-07-20 17:51","728","저조"
"SO_0564","국화도","2027-07-21 00:02","95","고조"
"SO_0564","국화도","2027-07-21 06:13","811","저조"
"SO_0564","국화도","2027-07-21 12:41","153","고조"
"SO_0564","국화도","2027-07-21 18:23","737","저조"
"SO_0564","국화도","2027-07-22 00:34","93","고조"
"SO_0564","국화도","2027-07-22 06:41","817","저조"
"SO_0564","국화도","2027-07-22 13:10","143","고조"
"SO_0564","국화도","2027-07-21 00:02","95","고조"
"SO_0564","국화도","2027-07-21 06:13","811","저조"
"SO_0564","국화도","2027-07-21 12:41","153","고조"
"SO_0564","국화도","2027-07-21 18:23","737","저조"
"SO_0564","국화도","2027-07-22 00:34","93","고조"
"SO_0564","국화도","2027-07-22 06:41","817","저조"
"SO_0564","국화도","2027-07-22 13:10","143","고조"
"SO_0564","국화도","2027-07-22 18:54","740","저조"
"SO_0564","국화도","2027-07-23 01:06","99","고조"
"SO_0564","국화도","2027-07-23 07:09","812","저조"
"SO_0564","국화도","2027-07-22 00:34","93","고조"
"SO_0564","국화도","2027-07-22 06:41","817","저조"
"SO_0564","국화도","2027-07-22 13:10","143","고조"
"SO_0564","국화도","2027-07-22 18:54","740","저조"
"SO_0564","국화도","2027-07-23 01:06","99","고조"
"SO_0564","국화도","2027-07-23 07:09","812","저조"
"SO_0564","국화도","2027-07-23 13:38","140","고조"
"SO_0564","국화도","2027-07-23 19:26","738","저조"
"SO_0564","국화도","2027-07-24 01:38","118","고조"
"SO_0564","국화도","2027-07-24 07:37","796","저조"
"SO_0564","국화도","2027-07-23 01:06","99","고조"
"SO_0564","국화도","2027-07-23 07:09","812","저조"
"SO_0564","국화도","2027-07-23 13:38","140","고조"
"SO_0564","국화도","2027-07-23 19:26","738","저조"
"SO_0564","국화도","2027-07-24 01:38","118","고조"
"SO_0564","국화도","2027-07-24 07:37","796","저조"
"SO_0564","국화도","2027-07-24 14:07","144","고조"
"SO_0564","국화도","2027-07-24 19:59","731","저조"
"SO_0564","국화도","2027-07-25 02:12","150","고조"
"SO_0564","국화도","2027-07-25 08:08","768","저조"
"SO_0564","국화도","2027-07-24 01:38","118","고조"
"SO_0564","국화도","2027-07-24 07:37","796","저조"
"SO_0564","국화도","2027-07-24 14:07","144","고조"
"SO_0564","국화도","2027-07-24 19:59","731","저조"
"SO_0564","국화도","2027-07-25 02:12","150","고조"
"SO_0564","국화도","2027-07-25 08:08","768","저조"
"SO_0564","국화도","2027-07-25 14:38","155","고조"
"SO_0564","국화도","2027-07-25 20:38","718","저조"
"SO_0564","국화도","2027-07-26 02:50","193","고조"
"SO_0564","국화도","2027-07-26 08:43","728","저조"
"SO_0564","국화도","2027-07-25 02:12","150","고조"
"SO_0564","국화도","2027-07-25 08:08","768","저조"
"SO_0564","국화도","2027-07-25 14:38","155","고조"
"SO_0564","국화도","2027-07-25 20:38","718","저조"
"SO_0564","국화도","2027-07-26 02:50","193","고조"
"SO_0564","국화도","2027-07-26 08:43","728","저조"
"SO_0564","국화도","2027-07-26 15:14","172","고조"
"SO_0564","국화도","2027-07-26 21:24","700","저조"
"SO_0564","국화도","2027-07-27 03:35","245","고조"
"SO_0564","국화도","2027-07-27 09:26","680","저조"
"SO_0564","국화도","2027-07-26 02:50","193","고조"
"SO_0564","국화도","2027-07-26 08:43","728","저조"
"SO_0564","국화도","2027-07-26 15:14","172","고조"
"SO_0564","국화도","2027-07-26 21:24","700","저조"
"SO_0564","국화도","2027-07-27 03:35","245","고조"
"SO_0564","국화도","2027-07-27 09:26","680","저조"
"SO_0564","국화도","2027-07-27 16:00","193","고조"
"SO_0564","국화도","2027-07-27 22:25","682","저조"
"SO_0564","국화도","2027-07-28 04:35","296","고조"
"SO_0564","국화도","2027-07-28 10:25","630","저조"
"SO_0564","국화도","2027-07-27 03:35","245","고조"
"SO_0564","국화도","2027-07-27 09:26","680","저조"
"SO_0564","국화도","2027-07-27 16:00","193","고조"
"SO_0564","국화도","2027-07-27 22:25","682","저조"
"SO_0564","국화도","2027-07-28 04:35","296","고조"
"SO_0564","국화도","2027-07-28 10:25","630","저조"
"SO_0564","국화도","2027-07-28 17:03","212","고조"
"SO_0564","국화도","2027-07-28 23:43","677","저조"
"SO_0564","국화도","2027-07-29 06:01","327","고조"
"SO_0564","국화도","2027-07-29 11:49","597","저조"
"SO_0564","국화도","2027-07-28 04:35","296","고조"
"SO_0564","국화도","2027-07-28 10:25","630","저조"
"SO_0564","국화도","2027-07-28 17:03","212","고조"
"SO_0564","국화도","2027-07-28 23:43","677","저조"
"SO_0564","국화도","2027-07-29 06:01","327","고조"
"SO_0564","국화도","2027-07-29 11:49","597","저조"
"SO_0564","국화도","2027-07-29 18:24","212","고조"
"SO_0564","국화도","2027-07-30 01:10","701","저조"
"SO_0564","국화도","2027-07-30 07:41","315","고조"
"SO_0564","국화도","2027-07-30 13:23","603","저조"
"SO_0564","국화도","2027-07-29 06:01","327","고조"
"SO_0564","국화도","2027-07-29 11:49","597","저조"
"SO_0564","국화도","2027-07-29 18:24","212","고조"
"SO_0564","국화도","2027-07-30 01:10","701","저조"
"SO_0564","국화도","2027-07-30 07:41","315","고조"
"SO_0564","국화도","2027-07-30 13:23","603","저조"
"SO_0564","국화도","2027-07-30 19:48","181","고조"
"SO_0564","국화도","2027-07-31 02:25","750","저조"
"SO_0564","국화도","2027-07-31 09:01","267","고조"
"SO_0564","국화도","2027-07-31 14:41","642","저조"
"SO_0564","국화도","2027-07-30 01:10","701","저조"
"SO_0564","국화도","2027-07-30 07:41","315","고조"
"SO_0564","국화도","2027-07-30 13:23","603","저조"
"SO_0564","국화도","2027-07-30 19:48","181","고조"
"SO_0564","국화도","2027-07-31 02:25","750","저조"
"SO_0564","국화도","2027-07-31 09:01","267","고조"
"SO_0564","국화도","2027-07-31 14:41","642","저조"
"SO_0564","국화도","2027-07-31 20:59","129","고조"
"SO_0564","국화도","2027-08-01 03:28","807","저조"
"SO_0564","국화도","2027-08-01 10:03","207","고조"
"SO_0564","국화도","2027-07-31 02:25","750","저조"
"SO_0564","국화도","2027-07-31 09:01","267","고조"
"SO_0564","국화도","2027-07-31 14:41","642","저조"
"SO_0564","국화도","2027-07-31 20:59","129","고조"
"SO_0564","국화도","2027-08-01 03:28","807","저조"
"SO_0564","국화도","2027-08-01 10:03","207","고조"
"SO_0564","국화도","2027-08-01 15:42","696","저조"
"SO_0564","국화도","2027-08-01 22:00","72","고조"
"SO_0564","국화도","2027-08-02 04:21","859","저조"
"SO_0564","국화도","2027-08-02 10:55","149","고조"
"SO_0564","국화도","2027-08-01 03:28","807","저조"
"SO_0564","국화도","2027-08-01 10:03","207","고조"
"SO_0564","국화도","2027-08-01 15:42","696","저조"
"SO_0564","국화도","2027-08-01 22:00","72","고조"
"SO_0564","국화도","2027-08-02 04:21","859","저조"
"SO_0564","국화도","2027-08-02 10:55","149","고조"
"SO_0564","국화도","2027-08-02 16:35","749","저조"
"SO_0564","국화도","2027-08-02 22:54","24","고조"
"SO_0564","국화도","2027-08-03 05:09","897","저조"
"SO_0564","국화도","2027-08-03 11:40","101","고조"
"SO_0564","국화도","2027-08-02 04:21","859","저조"
"SO_0564","국화도","2027-08-02 10:55","149","고조"
"SO_0564","국화도","2027-08-02 16:35","749","저조"
"SO_0564","국화도","2027-08-02 22:54","24","고조"
"SO_0564","국화도","2027-08-03 05:09","897","저조"
"SO_0564","국화도","2027-08-03 11:40","101","고조"
"SO_0564","국화도","2027-08-03 17:23","793","저조"
"SO_0564","국화도","2027-08-03 23:42","-9","고조"
"SO_0564","국화도","2027-08-04 05:52","917","저조"
"SO_0564","국화도","2027-08-04 12:22","67","고조"
"SO_0564","국화도","2027-08-03 05:09","897","저조"
"SO_0564","국화도","2027-08-03 11:40","101","고조"
"SO_0564","국화도","2027-08-03 17:23","793","저조"
"SO_0564","국화도","2027-08-03 23:42","-9","고조"
"SO_0564","국화도","2027-08-04 05:52","917","저조"
"SO_0564","국화도","2027-08-04 12:22","67","고조"
"SO_0564","국화도","2027-08-04 18:07","823","저조"
"SO_0564","국화도","2027-08-05 00:27","-19","고조"
"SO_0564","국화도","2027-08-05 06:32","917","저조"
"SO_0564","국화도","2027-08-05 13:01","48","고조"
"SO_0564","국화도","2027-08-04 05:52","917","저조"
"SO_0564","국화도","2027-08-04 12:22","67","고조"
"SO_0564","국화도","2027-08-04 18:07","823","저조"
"SO_0564","국화도","2027-08-05 00:27","-19","고조"
"SO_0564","국화도","2027-08-05 06:32","917","저조"
"SO_0564","국화도","2027-08-05 13:01","48","고조"
"SO_0564","국화도","2027-08-05 18:49","838","저조"
"SO_0564","국화도","2027-08-06 01:09","-5","고조"
"SO_0564","국화도","2027-08-06 07:10","896","저조"
"SO_0564","국화도","2027-08-06 13:37","46","고조"
"SO_0564","국화도","2027-08-05 00:27","-19","고조"
"SO_0564","국화도","2027-08-05 06:32","917","저조"
"SO_0564","국화도","2027-08-05 13:01","48","고조"
"SO_0564","국화도","2027-08-05 18:49","838","저조"
"SO_0564","국화도","2027-08-06 01:09","-5","고조"
"SO_0564","국화도","2027-08-06 07:10","896","저조"
"SO_0564","국화도","2027-08-06 13:37","46","고조"
"SO_0564","국화도","2027-08-06 19:30","835","저조"
"SO_0564","국화도","2027-08-07 01:49","34","고조"
"SO_0564","국화도","2027-08-07 07:46","855","저조"
"SO_0564","국화도","2027-08-06 01:09","-5","고조"
"SO_0564","국화도","2027-08-06 07:10","896","저조"
"SO_0564","국화도","2027-08-06 13:37","46","고조"
"SO_0564","국화도","2027-08-06 19:30","835","저조"
"SO_0564","국화도","2027-08-07 01:49","34","고조"
"SO_0564","국화도","2027-08-07 07:46","855","저조"
"SO_0564","국화도","2027-08-07 14:12","63","고조"
"SO_0564","국화도","2027-08-07 20:12","812","저조"
"SO_0564","국화도","2027-08-08 02:29","96","고조"
"SO_0564","국화도","2027-08-08 08:22","799","저조"
"SO_0564","국화도","2027-08-07 01:49","34","고조"
"SO_0564","국화도","2027-08-07 07:46","855","저조"
"SO_0564","국화도","2027-08-07 14:12","63","고조"
"SO_0564","국화도","2027-08-07 20:12","812","저조"
"SO_0564","국화도","2027-08-08 02:29","96","고조"
"SO_0564","국화도","2027-08-08 08:22","799","저조"
"SO_0564","국화도","2027-08-08 14:48","96","고조"
"SO_0564","국화도","2027-08-08 20:55","773","저조"
"SO_0564","국화도","2027-08-09 03:10","175","고조"
"SO_0564","국화도","2027-08-09 09:00","731","저조"
"SO_0564","국화도","2027-08-08 02:29","96","고조"
"SO_0564","국화도","2027-08-08 08:22","799","저조"
"SO_0564","국화도","2027-08-08 14:48","96","고조"
"SO_0564","국화도","2027-08-08 20:55","773","저조"
"SO_0564","국화도","2027-08-09 03:10","175","고조"
"SO_0564","국화도","2027-08-09 09:00","731","저조"
"SO_0564","국화도","2027-08-09 15:26","144","고조"
"SO_0564","국화도","2027-08-09 21:46","721","저조"
"SO_0564","국화도","2027-08-10 03:59","259","고조"
"SO_0564","국화도","2027-08-10 09:44","659","저조"
"SO_0564","국화도","2027-08-09 03:10","175","고조"
"SO_0564","국화도","2027-08-09 09:00","731","저조"
"SO_0564","국화도","2027-08-09 15:26","144","고조"
"SO_0564","국화도","2027-08-09 21:46","721","저조"
"SO_0564","국화도","2027-08-10 03:59","259","고조"
"SO_0564","국화도","2027-08-10 09:44","659","저조"
"SO_0564","국화도","2027-08-10 16:13","199","고조"
"SO_0564","국화도","2027-08-10 22:52","669","저조"
"SO_0564","국화도","2027-08-11 05:05","333","고조"
"SO_0564","국화도","2027-08-11 10:47","593","저조"
"SO_0564","국화도","2027-08-10 03:59","259","고조"
"SO_0564","국화도","2027-08-10 09:44","659","저조"
"SO_0564","국화도","2027-08-10 16:13","199","고조"
"SO_0564","국화도","2027-08-10 22:52","669","저조"
"SO_0564","국화도","2027-08-11 05:05","333","고조"
"SO_0564","국화도","2027-08-11 10:47","593","저조"
"SO_0564","국화도","2027-08-11 17:21","247","고조"
"SO_0564","국화도","2027-08-12 00:24","642","저조"
"SO_0564","국화도","2027-08-12 06:48","366","고조"
"SO_0564","국화도","2027-08-12 12:23","559","저조"
"SO_0564","국화도","2027-08-11 05:05","333","고조"
"SO_0564","국화도","2027-08-11 10:47","593","저조"
"SO_0564","국화도","2027-08-11 17:21","247","고조"
"SO_0564","국화도","2027-08-12 00:24","642","저조"
"SO_0564","국화도","2027-08-12 06:48","366","고조"
"SO_0564","국화도","2027-08-12 12:23","559","저조"
"SO_0564","국화도","2027-08-12 18:55","263","고조"
"SO_0564","국화도","2027-08-13 01:56","655","저조"
"SO_0564","국화도","2027-08-13 08:25","342","고조"
"SO_0564","국화도","2027-08-13 13:57","575","저조"
"SO_0564","국화도","2027-08-12 00:24","642","저조"
"SO_0564","국화도","2027-08-12 06:48","366","고조"
"SO_0564","국화도","2027-08-12 12:23","559","저조"
"SO_0564","국화도","2027-08-12 18:55","263","고조"
"SO_0564","국화도","2027-08-13 01:56","655","저조"
"SO_0564","국화도","2027-08-13 08:25","342","고조"
"SO_0564","국화도","2027-08-13 13:57","575","저조"
"SO_0564","국화도","2027-08-13 20:18","237","고조"
"SO_0564","국화도","2027-08-14 03:01","692","저조"
"SO_0564","국화도","2027-08-14 09:26","294","고조"
"SO_0564","국화도","2027-08-13 01:56","655","저조"
"SO_0564","국화도","2027-08-13 08:25","342","고조"
"SO_0564","국화도","2027-08-13 13:57","575","저조"
"SO_0564","국화도","2027-08-13 20:18","237","고조"
"SO_0564","국화도","2027-08-14 03:01","692","저조"
"SO_0564","국화도","2027-08-14 09:26","294","고조"
"SO_0564","국화도","2027-08-14 15:02","621","저조"
"SO_0564","국화도","2027-08-14 21:16","195","고조"
"SO_0564","국화도","2027-08-15 03:47","731","저조"
"SO_0564","국화도","2027-08-15 10:08","245","고조"
"SO_0564","국화도","2027-08-14 03:01","692","저조"
"SO_0564","국화도","2027-08-14 09:26","294","고조"
"SO_0564","국화도","2027-08-14 15:02","621","저조"
"SO_0564","국화도","2027-08-14 21:16","195","고조"
"SO_0564","국화도","2027-08-15 03:47","731","저조"
"SO_0564","국화도","2027-08-15 10:08","245","고조"
"SO_0564","국화도","2027-08-15 15:48","670","저조"
"SO_0564","국화도","2027-08-15 22:00","154","고조"
"SO_0564","국화도","2027-08-16 04:22","765","저조"
"SO_0564","국화도","2027-08-16 10:44","202","고조"
"SO_0564","국화도","2027-08-15 03:47","731","저조"
"SO_0564","국화도","2027-08-15 10:08","245","고조"
"SO_0564","국화도","2027-08-15 15:48","670","저조"
"SO_0564","국화도","2027-08-15 22:00","154","고조"
"SO_0564","국화도","2027-08-16 04:22","765","저조"
"SO_0564","국화도","2027-08-16 10:44","202","고조"
"SO_0564","국화도","2027-08-16 16:25","713","저조"
"SO_0564","국화도","2027-08-16 22:38","119","고조"
"SO_0564","국화도","2027-08-17 04:53","793","저조"
"SO_0564","국화도","2027-08-17 11:16","164","고조"
"SO_0564","국화도","2027-08-16 04:22","765","저조"
"SO_0564","국화도","2027-08-16 10:44","202","고조"
"SO_0564","국화도","2027-08-16 16:25","713","저조"
"SO_0564","국화도","2027-08-16 22:38","119","고조"
"SO_0564","국화도","2027-08-17 04:53","793","저조"
"SO_0564","국화도","2027-08-17 11:16","164","고조"
"SO_0564","국화도","2027-08-17 16:59","746","저조"
"SO_0564","국화도","2027-08-17 23:12","94","고조"
"SO_0564","국화도","2027-08-18 05:21","814","저조"
"SO_0564","국화도","2027-08-18 11:45","134","고조"
"SO_0564","국화도","2027-08-17 04:53","793","저조"
"SO_0564","국화도","2027-08-17 11:16","164","고조"
"SO_0564","국화도","2027-08-17 16:59","746","저조"
"SO_0564","국화도","2027-08-17 23:12","94","고조"
"SO_0564","국화도","2027-08-18 05:21","814","저조"
"SO_0564","국화도","2027-08-18 11:45","134","고조"
"SO_0564","국화도","2027-08-18 17:31","769","저조"
"SO_0564","국화도","2027-08-18 23:45","79","고조"
"SO_0564","국화도","2027-08-19 05:49","827","저조"
"SO_0564","국화도","2027-08-19 12:14","112","고조"
"SO_0564","국화도","2027-08-18 05:21","814","저조"
"SO_0564","국화도","2027-08-18 11:45","134","고조"
"SO_0564","국화도","2027-08-18 17:31","769","저조"
"SO_0564","국화도","2027-08-18 23:45","79","고조"
"SO_0564","국화도","2027-08-19 05:49","827","저조"
"SO_0564","국화도","2027-08-19 12:14","112","고조"
"SO_0564","국화도","2027-08-19 18:01","784","저조"
"SO_0564","국화도","2027-08-20 00:17","75","고조"
"SO_0564","국화도","2027-08-20 06:15","830","저조"
"SO_0564","국화도","2027-08-20 12:41","99","고조"
"SO_0564","국화도","2027-08-19 05:49","827","저조"
"SO_0564","국화도","2027-08-19 12:14","112","고조"
"SO_0564","국화도","2027-08-19 18:01","784","저조"
"SO_0564","국화도","2027-08-20 00:17","75","고조"
"SO_0564","국화도","2027-08-20 06:15","830","저조"
"SO_0564","국화도","2027-08-20 12:41","99","고조"
"SO_0564","국화도","2027-08-20 18:31","790","저조"
"SO_0564","국화도","2027-08-21 00:47","85","고조"
"SO_0564","국화도","2027-08-21 06:42","823","저조"
"SO_0564","국화도","2027-08-21 13:08","96","고조"
"SO_0564","국화도","2027-08-20 00:17","75","고조"
"SO_0564","국화도","2027-08-20 06:15","830","저조"
"SO_0564","국화도","2027-08-20 12:41","99","고조"
"SO_0564","국화도","2027-08-20 18:31","790","저조"
"SO_0564","국화도","2027-08-21 00:47","85","고조"
"SO_0564","국화도","2027-08-21 06:42","823","저조"
"SO_0564","국화도","2027-08-21 13:08","96","고조"
"SO_0564","국화도","2027-08-21 19:01","790","저조"
"SO_0564","국화도","2027-08-22 01:18","107","고조"
"SO_0564","국화도","2027-08-22 07:09","803","저조"
"SO_0564","국화도","2027-08-21 00:47","85","고조"
"SO_0564","국화도","2027-08-21 06:42","823","저조"
"SO_0564","국화도","2027-08-21 13:08","96","고조"
"SO_0564","국화도","2027-08-21 19:01","790","저조"
"SO_0564","국화도","2027-08-22 01:18","107","고조"
"SO_0564","국화도","2027-08-22 07:09","803","저조"
"SO_0564","국화도","2027-08-22 13:35","102","고조"
"SO_0564","국화도","2027-08-22 19:31","781","저조"
"SO_0564","국화도","2027-08-23 01:50","143","고조"
"SO_0564","국화도","2027-08-23 07:37","772","저조"
"SO_0564","국화도","2027-08-22 01:18","107","고조"
"SO_0564","국화도","2027-08-22 07:09","803","저조"
"SO_0564","국화도","2027-08-22 13:35","102","고조"
"SO_0564","국화도","2027-08-22 19:31","781","저조"
"SO_0564","국화도","2027-08-23 01:50","143","고조"
"SO_0564","국화도","2027-08-23 07:37","772","저조"
"SO_0564","국화도","2027-08-23 14:04","118","고조"
"SO_0564","국화도","2027-08-23 20:06","763","저조"
"SO_0564","국화도","2027-08-24 02:25","192","고조"
"SO_0564","국화도","2027-08-24 08:09","729","저조"
"SO_0564","국화도","2027-08-23 01:50","143","고조"
"SO_0564","국화도","2027-08-23 07:37","772","저조"
"SO_0564","국화도","2027-08-23 14:04","118","고조"
"SO_0564","국화도","2027-08-23 20:06","763","저조"
"SO_0564","국화도","2027-08-24 02:25","192","고조"
"SO_0564","국화도","2027-08-24 08:09","729","저조"
"SO_0564","국화도","2027-08-24 14:37","145","고조"
"SO_0564","국화도","2027-08-24 20:49","733","저조"
"SO_0564","국화도","2027-08-25 03:06","252","고조"
"SO_0564","국화도","2027-08-25 08:48","675","저조"
"SO_0564","국화도","2027-08-24 02:25","192","고조"
"SO_0564","국화도","2027-08-24 08:09","729","저조"
"SO_0564","국화도","2027-08-24 14:37","145","고조"
"SO_0564","국화도","2027-08-24 20:49","733","저조"
"SO_0564","국화도","2027-08-25 03:06","252","고조"
"SO_0564","국화도","2027-08-25 08:48","675","저조"
"SO_0564","국화도","2027-08-25 15:19","183","고조"
"SO_0564","국화도","2027-08-25 21:46","696","저조"
"SO_0564","국화도","2027-08-26 04:04","314","고조"
"SO_0564","국화도","2027-08-26 09:46","614","저조"
"SO_0564","국화도","2027-08-25 03:06","252","고조"
"SO_0564","국화도","2027-08-25 08:48","675","저조"
"SO_0564","국화도","2027-08-25 15:19","183","고조"
"SO_0564","국화도","2027-08-25 21:46","696","저조"
"SO_0564","국화도","2027-08-26 04:04","314","고조"
"SO_0564","국화도","2027-08-26 09:46","614","저조"
"SO_0564","국화도","2027-08-26 16:22","225","고조"
"SO_0564","국화도","2027-08-26 23:11","669","저조"
"SO_0564","국화도","2027-08-27 05:38","355","고조"
"SO_0564","국화도","2027-08-27 11:21","570","저조"
"SO_0564","국화도","2027-08-26 04:04","314","고조"
"SO_0564","국화도","2027-08-26 09:46","614","저조"
"SO_0564","국화도","2027-08-26 16:22","225","고조"
"SO_0564","국화도","2027-08-26 23:11","669","저조"
"SO_0564","국화도","2027-08-27 05:38","355","고조"
"SO_0564","국화도","2027-08-27 11:21","570","저조"
"SO_0564","국화도","2027-08-27 17:58","243","고조"
"SO_0564","국화도","2027-08-28 00:56","685","저조"
"SO_0564","국화도","2027-08-28 07:37","331","고조"
"SO_0564","국화도","2027-08-28 13:16","585","저조"
"SO_0564","국화도","2027-08-27 05:38","355","고조"
"SO_0564","국화도","2027-08-27 11:21","570","저조"
"SO_0564","국화도","2027-08-27 17:58","243","고조"
"SO_0564","국화도","2027-08-28 00:56","685","저조"
"SO_0564","국화도","2027-08-28 07:37","331","고조"
"SO_0564","국화도","2027-08-28 13:16","585","저조"
"SO_0564","국화도","2027-08-28 19:38","207","고조"
"SO_0564","국화도","2027-08-29 02:19","742","저조"
"SO_0564","국화도","2027-08-29 08:55","261","고조"
"SO_0564","국화도","2027-08-29 14:37","650","저조"
"SO_0564","국화도","2027-08-28 00:56","685","저조"
"SO_0564","국화도","2027-08-28 07:37","331","고조"
"SO_0564","국화도","2027-08-28 13:16","585","저조"
"SO_0564","국화도","2027-08-28 19:38","207","고조"
"SO_0564","국화도","2027-08-29 02:19","742","저조"
"SO_0564","국화도","2027-08-29 08:55","261","고조"
"SO_0564","국화도","2027-08-29 14:37","650","저조"
"SO_0564","국화도","2027-08-29 20:53","140","고조"
"SO_0564","국화도","2027-08-30 03:18","808","저조"
"SO_0564","국화도","2027-08-30 09:50","183","고조"
"SO_0564","국화도","2027-08-29 02:19","742","저조"
"SO_0564","국화도","2027-08-29 08:55","261","고조"
"SO_0564","국화도","2027-08-29 14:37","650","저조"
"SO_0564","국화도","2027-08-29 20:53","140","고조"
"SO_0564","국화도","2027-08-30 03:18","808","저조"
"SO_0564","국화도","2027-08-30 09:50","183","고조"
"SO_0564","국화도","2027-08-30 15:35","726","저조"
"SO_0564","국화도","2027-08-30 21:51","71","고조"
"SO_0564","국화도","2027-08-31 04:07","864","저조"
"SO_0564","국화도","2027-08-31 10:36","114","고조"
"SO_0564","국화도","2027-08-30 03:18","808","저조"
"SO_0564","국화도","2027-08-30 09:50","183","고조"
"SO_0564","국화도","2027-08-30 15:35","726","저조"
"SO_0564","국화도","2027-08-30 21:51","71","고조"
"SO_0564","국화도","2027-08-31 04:07","864","저조"
"SO_0564","국화도","2027-08-31 10:36","114","고조"
"SO_0564","국화도","2027-08-31 16:23","794","저조"
"SO_0564","국화도","2027-08-31 22:41","17","고조"
"SO_0564","국화도","2027-09-01 04:49","900","저조"
"SO_0564","국화도","2027-09-01 11:17","61","고조"
"SO_0564","국화도","2027-08-31 04:07","864","저조"
"SO_0564","국화도","2027-08-31 10:36","114","고조"
"SO_0564","국화도","2027-08-31 16:23","794","저조"
"SO_0564","국화도","2027-08-31 22:41","17","고조"
"SO_0564","국화도","2027-09-01 04:49","900","저조"
"SO_0564","국화도","2027-09-01 11:17","61","고조"
"SO_0564","국화도","2027-09-01 17:06","845","저조"
"SO_0564","국화도","2027-09-01 23:27","-12","고조"
"SO_0564","국화도","2027-09-02 05:29","913","저조"
"SO_0564","국화도","2027-09-02 11:55","26","고조"
"SO_0564","국화도","2027-09-01 04:49","900","저조"
"SO_0564","국화도","2027-09-01 11:17","61","고조"
"SO_0564","국화도","2027-09-01 17:06","845","저조"
"SO_0564","국화도","2027-09-01 23:27","-12","고조"
"SO_0564","국화도","2027-09-02 05:29","913","저조"
"SO_0564","국화도","2027-09-02 11:55","26","고조"
"SO_0564","국화도","2027-09-02 17:47","875","저조"
"SO_0564","국화도","2027-09-03 00:09","-15","고조"
"SO_0564","국화도","2027-09-03 06:05","904","저조"
"SO_0564","국화도","2027-09-03 12:31","12","고조"
"SO_0564","국화도","2027-09-02 05:29","913","저조"
"SO_0564","국화도","2027-09-02 11:55","26","고조"
"SO_0564","국화도","2027-09-02 17:47","875","저조"
"SO_0564","국화도","2027-09-03 00:09","-15","고조"
"SO_0564","국화도","2027-09-03 06:05","904","저조"
"SO_0564","국화도","2027-09-03 12:31","12","고조"
"SO_0564","국화도","2027-09-03 18:26","882","저조"
"SO_0564","국화도","2027-09-04 00:48","9","고조"
"SO_0564","국화도","2027-09-04 06:40","876","저조"
"SO_0564","국화도","2027-09-04 13:05","19","고조"
"SO_0564","국화도","2027-09-03 00:09","-15","고조"
"SO_0564","국화도","2027-09-03 06:05","904","저조"
"SO_0564","국화도","2027-09-03 12:31","12","고조"
"SO_0564","국화도","2027-09-03 18:26","882","저조"
"SO_0564","국화도","2027-09-04 00:48","9","고조"
"SO_0564","국화도","2027-09-04 06:40","876","저조"
"SO_0564","국화도","2027-09-04 13:05","19","고조"
"SO_0564","국화도","2027-09-04 19:04","868","저조"
"SO_0564","국화도","2027-09-05 01:26","57","고조"
"SO_0564","국화도","2027-09-05 07:13","831","저조"
"SO_0564","국화도","2027-09-04 00:48","9","고조"
"SO_0564","국화도","2027-09-04 06:40","876","저조"
"SO_0564","국화도","2027-09-04 13:05","19","고조"
"SO_0564","국화도","2027-09-04 19:04","868","저조"
"SO_0564","국화도","2027-09-05 01:26","57","고조"
"SO_0564","국화도","2027-09-05 07:13","831","저조"
"SO_0564","국화도","2027-09-05 13:37","46","고조"
"SO_0564","국화도","2027-09-05 19:42","833","저조"
"SO_0564","국화도","2027-09-06 02:03","124","고조"
"SO_0564","국화도","2027-09-06 07:47","773","저조"
"SO_0564","국화도","2027-09-05 01:26","57","고조"
"SO_0564","국화도","2027-09-05 07:13","831","저조"
"SO_0564","국화도","2027-09-05 13:37","46","고조"
"SO_0564","국화도","2027-09-05 19:42","833","저조"
"SO_0564","국화도","2027-09-06 02:03","124","고조"
"SO_0564","국화도","2027-09-06 07:47","773","저조"
"SO_0564","국화도","2027-09-06 14:09","91","고조"
"SO_0564","국화도","2027-09-06 20:21","781","저조"
"SO_0564","국화도","2027-09-07 02:40","203","고조"
"SO_0564","국화도","2027-09-07 08:21","706","저조"
"SO_0564","국화도","2027-09-06 02:03","124","고조"
"SO_0564","국화도","2027-09-06 07:47","773","저조"
"SO_0564","국화도","2027-09-06 14:09","91","고조"
"SO_0564","국화도","2027-09-06 20:21","781","저조"
"SO_0564","국화도","2027-09-07 02:40","203","고조"
"SO_0564","국화도","2027-09-07 08:21","706","저조"
"SO_0564","국화도","2027-09-07 14:42","151","고조"
"SO_0564","국화도","2027-09-07 21:06","717","저조"
"SO_0564","국화도","2027-09-08 03:23","287","고조"
"SO_0564","국화도","2027-09-08 09:01","634","저조"
"SO_0564","국화도","2027-09-07 02:40","203","고조"
"SO_0564","국화도","2027-09-07 08:21","706","저조"
"SO_0564","국화도","2027-09-07 14:42","151","고조"
"SO_0564","국화도","2027-09-07 21:06","717","저조"
"SO_0564","국화도","2027-09-08 03:23","287","고조"
"SO_0564","국화도","2027-09-08 09:01","634","저조"
"SO_0564","국화도","2027-09-08 15:23","219","고조"
"SO_0564","국화도","2027-09-08 22:06","651","저조"
"SO_0564","국화도","2027-09-09 04:26","361","고조"
"SO_0564","국화도","2027-09-09 10:00","565","저조"
"SO_0564","국화도","2027-09-08 03:23","287","고조"
"SO_0564","국화도","2027-09-08 09:01","634","저조"
"SO_0564","국화도","2027-09-08 15:23","219","고조"
"SO_0564","국화도","2027-09-08 22:06","651","저조"
"SO_0564","국화도","2027-09-09 04:26","361","고조"
"SO_0564","국화도","2027-09-09 10:00","565","저조"
"SO_0564","국화도","2027-09-09 16:26","285","고조"
"SO_0564","국화도","2027-09-09 23:47","610","저조"
"SO_0564","국화도","2027-09-10 06:27","392","고조"
"SO_0564","국화도","2027-09-10 11:53","528","저조"
"SO_0564","국화도","2027-09-09 04:26","361","고조"
"SO_0564","국화도","2027-09-09 10:00","565","저조"
"SO_0564","국화도","2027-09-09 16:26","285","고조"
"SO_0564","국화도","2027-09-09 23:47","610","저조"
"SO_0564","국화도","2027-09-10 06:27","392","고조"
"SO_0564","국화도","2027-09-10 11:53","528","저조"
"SO_0564","국화도","2027-09-10 18:23","312","고조"
"SO_0564","국화도","2027-09-11 01:36","624","저조"
"SO_0564","국화도","2027-09-11 08:11","353","고조"
"SO_0564","국화도","2027-09-11 13:43","558","저조"
"SO_0564","국화도","2027-09-10 06:27","392","고조"
"SO_0564","국화도","2027-09-10 11:53","528","저조"
"SO_0564","국화도","2027-09-10 18:23","312","고조"
"SO_0564","국화도","2027-09-11 01:36","624","저조"
"SO_0564","국화도","2027-09-11 08:11","353","고조"
"SO_0564","국화도","2027-09-11 13:43","558","저조"
"SO_0564","국화도","2027-09-11 20:01","277","고조"
"SO_0564","국화도","2027-09-12 02:42","669","저조"
"SO_0564","국화도","2027-09-12 09:05","293","고조"
"SO_0564","국화도","2027-09-12 14:45","619","저조"
"SO_0564","국화도","2027-09-11 01:36","624","저조"
"SO_0564","국화도","2027-09-11 08:11","353","고조"
"SO_0564","국화도","2027-09-11 13:43","558","저조"
"SO_0564","국화도","2027-09-11 20:01","277","고조"
"SO_0564","국화도","2027-09-12 02:42","669","저조"
"SO_0564","국화도","2027-09-12 09:05","293","고조"
"SO_0564","국화도","2027-09-12 14:45","619","저조"
"SO_0564","국화도","2027-09-12 20:58","222","고조"
"SO_0564","국화도","2027-09-13 03:23","716","저조"
"SO_0564","국화도","2027-09-13 09:42","234","고조"
"SO_0564","국화도","2027-09-12 02:42","669","저조"
"SO_0564","국화도","2027-09-12 09:05","293","고조"
"SO_0564","국화도","2027-09-12 14:45","619","저조"
"SO_0564","국화도","2027-09-12 20:58","222","고조"
"SO_0564","국화도","2027-09-13 03:23","716","저조"
"SO_0564","국화도","2027-09-13 09:42","234","고조"
"SO_0564","국화도","2027-09-13 15:28","681","저조"
"SO_0564","국화도","2027-09-13 21:40","169","고조"
"SO_0564","국화도","2027-09-14 03:55","756","저조"
"SO_0564","국화도","2027-09-14 10:13","181","고조"
"SO_0564","국화도","2027-09-13 03:23","716","저조"
"SO_0564","국화도","2027-09-13 09:42","234","고조"
"SO_0564","국화도","2027-09-13 15:28","681","저조"
"SO_0564","국화도","2027-09-13 21:40","169","고조"
"SO_0564","국화도","2027-09-14 03:55","756","저조"
"SO_0564","국화도","2027-09-14 10:13","181","고조"
"SO_0564","국화도","2027-09-14 16:03","735","저조"
"SO_0564","국화도","2027-09-14 22:16","126","고조"
"SO_0564","국화도","2027-09-15 04:24","787","저조"
"SO_0564","국화도","2027-09-15 10:43","136","고조"
"SO_0564","국화도","2027-09-14 03:55","756","저조"
"SO_0564","국화도","2027-09-14 10:13","181","고조"
"SO_0564","국화도","2027-09-14 16:03","735","저조"
"SO_0564","국화도","2027-09-14 22:16","126","고조"
"SO_0564","국화도","2027-09-15 04:24","787","저조"
"SO_0564","국화도","2027-09-15 10:43","136","고조"
"SO_0564","국화도","2027-09-15 16:35","777","저조"
"SO_0564","국화도","2027-09-15 22:50","95","고조"
"SO_0564","국화도","2027-09-16 04:51","809","저조"
"SO_0564","국화도","2027-09-16 11:12","102","고조"
"SO_0564","국화도","2027-09-15 04:24","787","저조"
"SO_0564","국화도","2027-09-15 10:43","136","고조"
"SO_0564","국화도","2027-09-15 16:35","777","저조"
"SO_0564","국화도","2027-09-15 22:50","95","고조"
"SO_0564","국화도","2027-09-16 04:51","809","저조"
"SO_0564","국화도","2027-09-16 11:12","102","고조"
"SO_0564","국화도","2027-09-16 17:05","806","저조"
"SO_0564","국화도","2027-09-16 23:22","79","고조"
"SO_0564","국화도","2027-09-17 05:19","819","저조"
"SO_0564","국화도","2027-09-17 11:41","78","고조"
"SO_0564","국화도","2027-09-16 04:51","809","저조"
"SO_0564","국화도","2027-09-16 11:12","102","고조"
"SO_0564","국화도","2027-09-16 17:05","806","저조"
"SO_0564","국화도","2027-09-16 23:22","79","고조"
"SO_0564","국화도","2027-09-17 05:19","819","저조"
"SO_0564","국화도","2027-09-17 11:41","78","고조"
"SO_0564","국화도","2027-09-17 17:35","824","저조"
"SO_0564","국화도","2027-09-17 23:55","77","고조"
"SO_0564","국화도","2027-09-18 05:46","818","저조"
"SO_0564","국화도","2027-09-18 12:09","66","고조"
"SO_0564","국화도","2027-09-17 05:19","819","저조"
"SO_0564","국화도","2027-09-17 11:41","78","고조"
"SO_0564","국화도","2027-09-17 17:35","824","저조"
"SO_0564","국화도","2027-09-17 23:55","77","고조"
"SO_0564","국화도","2027-09-18 05:46","818","저조"
"SO_0564","국화도","2027-09-18 12:09","66","고조"
"SO_0564","국화도","2027-09-18 18:05","831","저조"
"SO_0564","국화도","2027-09-19 00:26","89","고조"
"SO_0564","국화도","2027-09-19 06:14","806","저조"
"SO_0564","국화도","2027-09-19 12:37","65","고조"
"SO_0564","국화도","2027-09-18 05:46","818","저조"
"SO_0564","국화도","2027-09-18 12:09","66","고조"
"SO_0564","국화도","2027-09-18 18:05","831","저조"
"SO_0564","국화도","2027-09-19 00:26","89","고조"
"SO_0564","국화도","2027-09-19 06:14","806","저조"
"SO_0564","국화도","2027-09-19 12:37","65","고조"
"SO_0564","국화도","2027-09-19 18:35","828","저조"
"SO_0564","국화도","2027-09-20 00:58","115","고조"
"SO_0564","국화도","2027-09-20 06:41","784","저조"
"SO_0564","국화도","2027-09-20 13:05","76","고조"
"SO_0564","국화도","2027-09-19 00:26","89","고조"
"SO_0564","국화도","2027-09-19 06:14","806","저조"
"SO_0564","국화도","2027-09-19 12:37","65","고조"
"SO_0564","국화도","2027-09-19 18:35","828","저조"
"SO_0564","국화도","2027-09-20 00:58","115","고조"
"SO_0564","국화도","2027-09-20 06:41","784","저조"
"SO_0564","국화도","2027-09-20 13:05","76","고조"
"SO_0564","국화도","2027-09-20 19:06","814","저조"
"SO_0564","국화도","2027-09-21 01:30","154","고조"
"SO_0564","국화도","2027-09-21 07:11","751","저조"
"SO_0564","국화도","2027-09-20 00:58","115","고조"
"SO_0564","국화도","2027-09-20 06:41","784","저조"
"SO_0564","국화도","2027-09-20 13:05","76","고조"
"SO_0564","국화도","2027-09-20 19:06","814","저조"
"SO_0564","국화도","2027-09-21 01:30","154","고조"
"SO_0564","국화도","2027-09-21 07:11","751","저조"
"SO_0564","국화도","2027-09-21 13:35","99","고조"
"SO_0564","국화도","2027-09-21 19:41","789","저조"
"SO_0564","국화도","2027-09-22 02:06","205","고조"
"SO_0564","국화도","2027-09-22 07:44","707","저조"
"SO_0564","국화도","2027-09-21 01:30","154","고조"
"SO_0564","국화도","2027-09-21 07:11","751","저조"
"SO_0564","국화도","2027-09-21 13:35","99","고조"
"SO_0564","국화도","2027-09-21 19:41","789","저조"
"SO_0564","국화도","2027-09-22 02:06","205","고조"
"SO_0564","국화도","2027-09-22 07:44","707","저조"
"SO_0564","국화도","2027-09-22 14:09","136","고조"
"SO_0564","국화도","2027-09-22 20:24","750","저조"
"SO_0564","국화도","2027-09-23 02:49","265","고조"
"SO_0564","국화도","2027-09-23 08:25","651","저조"
"SO_0564","국화도","2027-09-22 02:06","205","고조"
"SO_0564","국화도","2027-09-22 07:44","707","저조"
"SO_0564","국화도","2027-09-22 14:09","136","고조"
"SO_0564","국화도","2027-09-22 20:24","750","저조"
"SO_0564","국화도","2027-09-23 02:49","265","고조"
"SO_0564","국화도","2027-09-23 08:25","651","저조"
"SO_0564","국화도","2027-09-23 14:53","185","고조"
"SO_0564","국화도","2027-09-23 21:23","701","저조"
"SO_0564","국화도","2027-09-24 03:50","326","고조"
"SO_0564","국화도","2027-09-24 09:27","590","저조"
"SO_0564","국화도","2027-09-23 02:49","265","고조"
"SO_0564","국화도","2027-09-23 08:25","651","저조"
"SO_0564","국화도","2027-09-23 14:53","185","고조"
"SO_0564","국화도","2027-09-23 21:23","701","저조"
"SO_0564","국화도","2027-09-24 03:50","326","고조"
"SO_0564","국화도","2027-09-24 09:27","590","저조"
"SO_0564","국화도","2027-09-24 15:59","239","고조"
"SO_0564","국화도","2027-09-24 22:54","665","저조"
"SO_0564","국화도","2027-09-25 05:35","355","고조"
"SO_0564","국화도","2027-09-25 11:18","555","저조"
"SO_0564","국화도","2027-09-24 03:50","326","고조"
"SO_0564","국화도","2027-09-24 09:27","590","저조"
"SO_0564","국화도","2027-09-24 15:59","239","고조"
"SO_0564","국화도","2027-09-24 22:54","665","저조"
"SO_0564","국화도","2027-09-25 05:35","355","고조"
"SO_0564","국화도","2027-09-25 11:18","555","저조"
"SO_0564","국화도","2027-09-25 17:46","261","고조"
"SO_0564","국화도","2027-09-26 00:44","679","저조"
"SO_0564","국화도","2027-09-26 07:28","311","고조"
"SO_0564","국화도","2027-09-26 13:14","594","저조"
"SO_0564","국화도","2027-09-25 05:35","355","고조"
"SO_0564","국화도","2027-09-25 11:18","555","저조"
"SO_0564","국화도","2027-09-25 17:46","261","고조"
"SO_0564","국화도","2027-09-26 00:44","679","저조"
"SO_0564","국화도","2027-09-26 07:28","311","고조"
"SO_0564","국화도","2027-09-26 13:14","594","저조"
"SO_0564","국화도","2027-09-26 19:30","218","고조"
"SO_0564","국화도","2027-09-27 02:03","735","저조"
"SO_0564","국화도","2027-09-27 08:36","231","고조"
"SO_0564","국화도","2027-09-27 14:27","676","저조"
"SO_0564","국화도","2027-09-26 00:44","679","저조"
"SO_0564","국화도","2027-09-26 07:28","311","고조"
"SO_0564","국화도","2027-09-26 13:14","594","저조"
"SO_0564","국화도","2027-09-26 19:30","218","고조"
"SO_0564","국화도","2027-09-27 02:03","735","저조"
"SO_0564","국화도","2027-09-27 08:36","231","고조"
"SO_0564","국화도","2027-09-27 14:27","676","저조"
"SO_0564","국화도","2027-09-27 20:41","147","고조"
"SO_0564","국화도","2027-09-28 02:59","796","저조"
"SO_0564","국화도","2027-09-28 09:26","149","고조"
"SO_0564","국화도","2027-09-27 02:03","735","저조"
"SO_0564","국화도","2027-09-27 08:36","231","고조"
"SO_0564","국화도","2027-09-27 14:27","676","저조"
"SO_0564","국화도","2027-09-27 20:41","147","고조"
"SO_0564","국화도","2027-09-28 02:59","796","저조"
"SO_0564","국화도","2027-09-28 09:26","149","고조"
"SO_0564","국화도","2027-09-28 15:19","761","저조"
"SO_0564","국화도","2027-09-28 21:36","81","고조"
"SO_0564","국화도","2027-09-29 03:43","842","저조"
"SO_0564","국화도","2027-09-29 10:08","82","고조"
"SO_0564","국화도","2027-09-28 02:59","796","저조"
"SO_0564","국화도","2027-09-28 09:26","149","고조"
"SO_0564","국화도","2027-09-28 15:19","761","저조"
"SO_0564","국화도","2027-09-28 21:36","81","고조"
"SO_0564","국화도","2027-09-29 03:43","842","저조"
"SO_0564","국화도","2027-09-29 10:08","82","고조"
"SO_0564","국화도","2027-09-29 16:04","830","저조"
"SO_0564","국화도","2027-09-29 22:24","36","고조"
"SO_0564","국화도","2027-09-30 04:23","867","저조"
"SO_0564","국화도","2027-09-30 10:47","33","고조"
"SO_0564","국화도","2027-09-29 03:43","842","저조"
"SO_0564","국화도","2027-09-29 10:08","82","고조"
"SO_0564","국화도","2027-09-29 16:04","830","저조"
"SO_0564","국화도","2027-09-29 22:24","36","고조"
"SO_0564","국화도","2027-09-30 04:23","867","저조"
"SO_0564","국화도","2027-09-30 10:47","33","고조"
"SO_0564","국화도","2027-09-30 16:45","876","저조"
"SO_0564","국화도","2027-09-30 23:07","17","고조"
"SO_0564","국화도","2027-10-01 05:01","871","저조"
"SO_0564","국화도","2027-10-01 11:24","7","고조"
"SO_0564","국화도","2027-09-30 04:23","867","저조"
"SO_0564","국화도","2027-09-30 10:47","33","고조"
"SO_0564","국화도","2027-09-30 16:45","876","저조"
"SO_0564","국화도","2027-09-30 23:07","17","고조"
"SO_0564","국화도","2027-10-01 05:01","871","저조"
"SO_0564","국화도","2027-10-01 11:24","7","고조"
"SO_0564","국화도","2027-10-01 17:24","896","저조"
"SO_0564","국화도","2027-10-01 23:48","24","고조"
"SO_0564","국화도","2027-10-02 05:36","855","저조"
"SO_0564","국화도","2027-10-02 11:59","3","고조"
"SO_0564","국화도","2027-10-01 05:01","871","저조"
"SO_0564","국화도","2027-10-01 11:24","7","고조"
"SO_0564","국화도","2027-10-01 17:24","896","저조"
"SO_0564","국화도","2027-10-01 23:48","24","고조"
"SO_0564","국화도","2027-10-02 05:36","855","저조"
"SO_0564","국화도","2027-10-02 11:59","3","고조"
"SO_0564","국화도","2027-10-02 18:02","891","저조"
"SO_0564","국화도","2027-10-03 00:26","53","고조"
"SO_0564","국화도","2027-10-03 06:10","825","저조"
"SO_0564","국화도","2027-10-03 12:32","19","고조"
"SO_0564","국화도","2027-10-02 05:36","855","저조"
"SO_0564","국화도","2027-10-02 11:59","3","고조"
"SO_0564","국화도","2027-10-02 18:02","891","저조"
"SO_0564","국화도","2027-10-03 00:26","53","고조"
"SO_0564","국화도","2027-10-03 06:10","825","저조"
"SO_0564","국화도","2027-10-03 12:32","19","고조"
"SO_0564","국화도","2027-10-03 18:38","867","저조"
"SO_0564","국화도","2027-10-04 01:02","100","고조"
"SO_0564","국화도","2027-10-04 06:43","783","저조"
"SO_0564","국화도","2027-10-04 13:03","53","고조"
"SO_0564","국화도","2027-10-03 00:26","53","고조"
"SO_0564","국화도","2027-10-03 06:10","825","저조"
"SO_0564","국화도","2027-10-03 12:32","19","고조"
"SO_0564","국화도","2027-10-03 18:38","867","저조"
"SO_0564","국화도","2027-10-04 01:02","100","고조"
"SO_0564","국화도","2027-10-04 06:43","783","저조"
"SO_0564","국화도","2027-10-04 13:03","53","고조"
"SO_0564","국화도","2027-10-04 19:13","826","저조"
"SO_0564","국화도","2027-10-05 01:37","160","고조"
"SO_0564","국화도","2027-10-05 07:16","733","저조"
"SO_0564","국화도","2027-10-04 01:02","100","고조"
"SO_0564","국화도","2027-10-04 06:43","783","저조"
"SO_0564","국화도","2027-10-04 13:03","53","고조"
"SO_0564","국화도","2027-10-04 19:13","826","저조"
"SO_0564","국화도","2027-10-05 01:37","160","고조"
"SO_0564","국화도","2027-10-05 07:16","733","저조"
"SO_0564","국화도","2027-10-05 13:33","101","고조"
"SO_0564","국화도","2027-10-05 19:49","773","저조"
"SO_0564","국화도","2027-10-06 02:13","227","고조"
"SO_0564","국화도","2027-10-06 07:49","675","저조"
"SO_0564","국화도","2027-10-05 01:37","160","고조"
"SO_0564","국화도","2027-10-05 07:16","733","저조"
"SO_0564","국화도","2027-10-05 13:33","101","고조"
"SO_0564","국화도","2027-10-05 19:49","773","저조"
"SO_0564","국화도","2027-10-06 02:13","227","고조"
"SO_0564","국화도","2027-10-06 07:49","675","저조"
"SO_0564","국화도","2027-10-06 14:04","160","고조"
"SO_0564","국화도","2027-10-06 20:29","712","저조"
"SO_0564","국화도","2027-10-07 02:53","295","고조"
"SO_0564","국화도","2027-10-07 08:28","613","저조"
"SO_0564","국화도","2027-10-06 02:13","227","고조"
"SO_0564","국화도","2027-10-06 07:49","675","저조"
"SO_0564","국화도","2027-10-06 14:04","160","고조"
"SO_0564","국화도","2027-10-06 20:29","712","저조"
"SO_0564","국화도","2027-10-07 02:53","295","고조"
"SO_0564","국화도","2027-10-07 08:28","613","저조"
"SO_0564","국화도","2027-10-07 14:41","226","고조"
"SO_0564","국화도","2027-10-07 21:20","649","저조"
"SO_0564","국화도","2027-10-08 03:50","356","고조"
"SO_0564","국화도","2027-10-08 09:24","553","저조"
"SO_0564","국화도","2027-10-07 02:53","295","고조"
"SO_0564","국화도","2027-10-07 08:28","613","저조"
"SO_0564","국화도","2027-10-07 14:41","226","고조"
"SO_0564","국화도","2027-10-07 21:20","649","저조"
"SO_0564","국화도","2027-10-08 03:50","356","고조"
"SO_0564","국화도","2027-10-08 09:24","553","저조"
"SO_0564","국화도","2027-10-08 15:35","292","고조"
"SO_0564","국화도","2027-10-08 22:46","600","저조"
"SO_0564","국화도","2027-10-09 05:41","384","고조"
"SO_0564","국화도","2027-10-09 11:08","517","저조"
"SO_0564","국화도","2027-10-08 03:50","356","고조"
"SO_0564","국화도","2027-10-08 09:24","553","저조"
"SO_0564","국화도","2027-10-08 15:35","292","고조"
"SO_0564","국화도","2027-10-08 22:46","600","저조"
"SO_0564","국화도","2027-10-09 05:41","384","고조"
"SO_0564","국화도","2027-10-09 11:08","517","저조"
"SO_0564","국화도","2027-10-09 17:22","333","고조"
"SO_0564","국화도","2027-10-10 00:42","598","저조"
"SO_0564","국화도","2027-10-10 07:27","350","고조"
"SO_0564","국화도","2027-10-10 13:05","544","저조"
"SO_0564","국화도","2027-10-09 05:41","384","고조"
"SO_0564","국화도","2027-10-09 11:08","517","저조"
"SO_0564","국화도","2027-10-09 17:22","333","고조"
"SO_0564","국화도","2027-10-10 00:42","598","저조"
"SO_0564","국화도","2027-10-10 07:27","350","고조"
"SO_0564","국화도","2027-10-10 13:05","544","저조"
"SO_0564","국화도","2027-10-10 19:17","309","고조"
"SO_0564","국화도","2027-10-11 01:56","635","저조"
"SO_0564","국화도","2027-10-11 08:22","290","고조"
"SO_0564","국화도","2027-10-11 14:11","608","저조"
"SO_0564","국화도","2027-10-10 00:42","598","저조"
"SO_0564","국화도","2027-10-10 07:27","350","고조"
"SO_0564","국화도","2027-10-10 13:05","544","저조"
"SO_0564","국화도","2027-10-10 19:17","309","고조"
"SO_0564","국화도","2027-10-11 01:56","635","저조"
"SO_0564","국화도","2027-10-11 08:22","290","고조"
"SO_0564","국화도","2027-10-11 14:11","608","저조"
"SO_0564","국화도","2027-10-11 20:22","254","고조"
"SO_0564","국화도","2027-10-12 02:41","679","저조"
"SO_0564","국화도","2027-10-12 09:01","228","고조"
"SO_0564","국화도","2027-10-11 01:56","635","저조"
"SO_0564","국화도","2027-10-11 08:22","290","고조"
"SO_0564","국화도","2027-10-11 14:11","608","저조"
"SO_0564","국화도","2027-10-11 20:22","254","고조"
"SO_0564","국화도","2027-10-12 02:41","679","저조"
"SO_0564","국화도","2027-10-12 09:01","228","고조"
"SO_0564","국화도","2027-10-12 14:55","677","저조"
"SO_0564","국화도","2027-10-12 21:07","198","고조"
"SO_0564","국화도","2027-10-13 03:15","720","저조"
"SO_0564","국화도","2027-10-13 09:33","170","고조"
"SO_0564","국화도","2027-10-12 02:41","679","저조"
"SO_0564","국화도","2027-10-12 09:01","228","고조"
"SO_0564","국화도","2027-10-12 14:55","677","저조"
"SO_0564","국화도","2027-10-12 21:07","198","고조"
"SO_0564","국화도","2027-10-13 03:15","720","저조"
"SO_0564","국화도","2027-10-13 09:33","170","고조"
"SO_0564","국화도","2027-10-13 15:31","739","저조"
"SO_0564","국화도","2027-10-13 21:46","150","고조"
"SO_0564","국화도","2027-10-14 03:46","752","저조"
"SO_0564","국화도","2027-10-14 10:04","120","고조"
"SO_0564","국화도","2027-10-13 03:15","720","저조"
"SO_0564","국화도","2027-10-13 09:33","170","고조"
"SO_0564","국화도","2027-10-13 15:31","739","저조"
"SO_0564","국화도","2027-10-13 21:46","150","고조"
"SO_0564","국화도","2027-10-14 03:46","752","저조"
"SO_0564","국화도","2027-10-14 10:04","120","고조"
"SO_0564","국화도","2027-10-14 16:04","788","저조"
"SO_0564","국화도","2027-10-14 22:22","117","고조"
"SO_0564","국화도","2027-10-15 04:16","773","저조"
"SO_0564","국화도","2027-10-15 10:34","81","고조"
"SO_0564","국화도","2027-10-14 03:46","752","저조"
"SO_0564","국화도","2027-10-14 10:04","120","고조"
"SO_0564","국화도","2027-10-14 16:04","788","저조"
"SO_0564","국화도","2027-10-14 22:22","117","고조"
"SO_0564","국화도","2027-10-15 04:16","773","저조"
"SO_0564","국화도","2027-10-15 10:34","81","고조"
"SO_0564","국화도","2027-10-15 16:36","823","저조"
"SO_0564","국화도","2027-10-15 22:57","99","고조"
"SO_0564","국화도","2027-10-16 04:46","783","저조"
"SO_0564","국화도","2027-10-16 11:05","56","고조"
"SO_0564","국화도","2027-10-15 04:16","773","저조"
"SO_0564","국화도","2027-10-15 10:34","81","고조"
"SO_0564","국화도","2027-10-15 16:36","823","저조"
"SO_0564","국화도","2027-10-15 22:57","99","고조"
"SO_0564","국화도","2027-10-16 04:46","783","저조"
"SO_0564","국화도","2027-10-16 11:05","56","고조"
"SO_0564","국화도","2027-10-16 17:08","843","저조"
"SO_0564","국화도","2027-10-16 23:31","95","고조"
"SO_0564","국화도","2027-10-17 05:16","783","저조"
"SO_0564","국화도","2027-10-17 11:37","43","고조"
"SO_0564","국화도","2027-10-16 04:46","783","저조"
"SO_0564","국화도","2027-10-16 11:05","56","고조"
"SO_0564","국화도","2027-10-16 17:08","843","저조"
"SO_0564","국화도","2027-10-16 23:31","95","고조"
"SO_0564","국화도","2027-10-17 05:16","783","저조"
"SO_0564","국화도","2027-10-17 11:37","43","고조"
"SO_0564","국화도","2027-10-17 17:40","850","저조"
"SO_0564","국화도","2027-10-18 00:06","106","고조"
"SO_0564","국화도","2027-10-18 05:47","771","저조"
"SO_0564","국화도","2027-10-18 12:08","44","고조"
"SO_0564","국화도","2027-10-17 05:16","783","저조"
"SO_0564","국화도","2027-10-17 11:37","43","고조"
"SO_0564","국화도","2027-10-17 17:40","850","저조"
"SO_0564","국화도","2027-10-18 00:06","106","고조"
"SO_0564","국화도","2027-10-18 05:47","771","저조"
"SO_0564","국화도","2027-10-18 12:08","44","고조"
"SO_0564","국화도","2027-10-18 18:13","845","저조"
"SO_0564","국화도","2027-10-19 00:41","130","고조"
"SO_0564","국화도","2027-10-19 06:19","750","저조"
"SO_0564","국화도","2027-10-19 12:41","58","고조"
"SO_0564","국화도","2027-10-18 00:06","106","고조"
"SO_0564","국화도","2027-10-18 05:47","771","저조"
"SO_0564","국화도","2027-10-18 12:08","44","고조"
"SO_0564","국화도","2027-10-18 18:13","845","저조"
"SO_0564","국화도","2027-10-19 00:41","130","고조"
"SO_0564","국화도","2027-10-19 06:19","750","저조"
"SO_0564","국화도","2027-10-19 12:41","58","고조"
"SO_0564","국화도","2027-10-19 18:48","828","저조"
"SO_0564","국화도","2027-10-20 01:17","166","고조"
"SO_0564","국화도","2027-10-20 06:53","719","저조"
"SO_0564","국화도","2027-10-19 00:41","130","고조"
"SO_0564","국화도","2027-10-19 06:19","750","저조"
"SO_0564","국화도","2027-10-19 12:41","58","고조"
"SO_0564","국화도","2027-10-19 18:48","828","저조"
"SO_0564","국화도","2027-10-20 01:17","166","고조"
"SO_0564","국화도","2027-10-20 06:53","719","저조"
"SO_0564","국화도","2027-10-20 13:16","86","고조"
"SO_0564","국화도","2027-10-20 19:27","799","저조"
"SO_0564","국화도","2027-10-21 01:57","211","고조"
"SO_0564","국화도","2027-10-21 07:32","679","저조"
"SO_0564","국화도","2027-10-20 01:17","166","고조"
"SO_0564","국화도","2027-10-20 06:53","719","저조"
"SO_0564","국화도","2027-10-20 13:16","86","고조"
"SO_0564","국화도","2027-10-20 19:27","799","저조"
"SO_0564","국화도","2027-10-21 01:57","211","고조"
"SO_0564","국화도","2027-10-21 07:32","679","저조"
"SO_0564","국화도","2027-10-21 13:55","126","고조"
"SO_0564","국화도","2027-10-21 20:13","758","저조"
"SO_0564","국화도","2027-10-22 02:45","261","고조"
"SO_0564","국화도","2027-10-22 08:20","630","저조"
"SO_0564","국화도","2027-10-21 01:57","211","고조"
"SO_0564","국화도","2027-10-21 07:32","679","저조"
"SO_0564","국화도","2027-10-21 13:55","126","고조"
"SO_0564","국화도","2027-10-21 20:13","758","저조"
"SO_0564","국화도","2027-10-22 02:45","261","고조"
"SO_0564","국화도","2027-10-22 08:20","630","저조"
"SO_0564","국화도","2027-10-22 14:44","178","고조"
"SO_0564","국화도","2027-10-22 21:14","710","저조"
"SO_0564","국화도","2027-10-23 03:51","303","고조"
"SO_0564","국화도","2027-10-23 09:30","584","저조"
"SO_0564","국화도","2027-10-22 02:45","261","고조"
"SO_0564","국화도","2027-10-22 08:20","630","저조"
"SO_0564","국화도","2027-10-22 14:44","178","고조"
"SO_0564","국화도","2027-10-22 21:14","710","저조"
"SO_0564","국화도","2027-10-23 03:51","303","고조"
"SO_0564","국화도","2027-10-23 09:30","584","저조"
"SO_0564","국화도","2027-10-23 15:54","230","고조"
"SO_0564","국화도","2027-10-23 22:39","675","저조"
"SO_0564","국화도","2027-10-24 05:25","312","고조"
"SO_0564","국화도","2027-10-24 11:15","571","저조"
"SO_0564","국화도","2027-10-23 03:51","303","고조"
"SO_0564","국화도","2027-10-23 09:30","584","저조"
"SO_0564","국화도","2027-10-23 15:54","230","고조"
"SO_0564","국화도","2027-10-23 22:39","675","저조"
"SO_0564","국화도","2027-10-24 05:25","312","고조"
"SO_0564","국화도","2027-10-24 11:15","571","저조"
"SO_0564","국화도","2027-10-24 17:33","250","고조"
"SO_0564","국화도","2027-10-25 00:16","678","저조"
"SO_0564","국화도","2027-10-25 06:56","269","고조"
"SO_0564","국화도","2027-10-25 12:54","617","저조"
"SO_0564","국화도","2027-10-24 05:25","312","고조"
"SO_0564","국화도","2027-10-24 11:15","571","저조"
"SO_0564","국화도","2027-10-24 17:33","250","고조"
"SO_0564","국화도","2027-10-25 00:16","678","저조"
"SO_0564","국화도","2027-10-25 06:56","269","고조"
"SO_0564","국화도","2027-10-25 12:54","617","저조"
"SO_0564","국화도","2027-10-25 19:08","219","고조"
"SO_0564","국화도","2027-10-26 01:32","713","저조"
"SO_0564","국화도","2027-10-26 08:02","198","고조"
"SO_0564","국화도","2027-10-26 14:04","695","저조"
"SO_0564","국화도","2027-10-25 00:16","678","저조"
"SO_0564","국화도","2027-10-25 06:56","269","고조"
"SO_0564","국화도","2027-10-25 12:54","617","저조"
"SO_0564","국화도","2027-10-25 19:08","219","고조"
"SO_0564","국화도","2027-10-26 01:32","713","저조"
"SO_0564","국화도","2027-10-26 08:02","198","고조"
"SO_0564","국화도","2027-10-26 14:04","695","저조"
"SO_0564","국화도","2027-10-26 20:18","164","고조"
"SO_0564","국화도","2027-10-27 02:27","754","저조"
"SO_0564","국화도","2027-10-27 08:51","127","고조"
"SO_0564","국화도","2027-10-26 01:32","713","저조"
"SO_0564","국화도","2027-10-26 08:02","198","고조"
"SO_0564","국화도","2027-10-26 14:04","695","저조"
"SO_0564","국화도","2027-10-26 20:18","164","고조"
"SO_0564","국화도","2027-10-27 02:27","754","저조"
"SO_0564","국화도","2027-10-27 08:51","127","고조"
"SO_0564","국화도","2027-10-27 14:56","772","저조"
"SO_0564","국화도","2027-10-27 21:14","114","고조"
"SO_0564","국화도","2027-10-28 03:13","785","저조"
"SO_0564","국화도","2027-10-28 09:35","69","고조"
"SO_0564","국화도","2027-10-27 02:27","754","저조"
"SO_0564","국화도","2027-10-27 08:51","127","고조"
"SO_0564","국화도","2027-10-27 14:56","772","저조"
"SO_0564","국화도","2027-10-27 21:14","114","고조"
"SO_0564","국화도","2027-10-28 03:13","785","저조"
"SO_0564","국화도","2027-10-28 09:35","69","고조"
"SO_0564","국화도","2027-10-28 15:41","831","저조"
"SO_0564","국화도","2027-10-28 22:02","82","고조"
"SO_0564","국화도","2027-10-29 03:54","800","저조"
"SO_0564","국화도","2027-10-29 10:15","31","고조"
"SO_0564","국화도","2027-10-28 03:13","785","저조"
"SO_0564","국화도","2027-10-28 09:35","69","고조"
"SO_0564","국화도","2027-10-28 15:41","831","저조"
"SO_0564","국화도","2027-10-28 22:02","82","고조"
"SO_0564","국화도","2027-10-29 03:54","800","저조"
"SO_0564","국화도","2027-10-29 10:15","31","고조"
"SO_0564","국화도","2027-10-29 16:23","865","저조"
"SO_0564","국화도","2027-10-29 22:46","72","고조"
"SO_0564","국화도","2027-10-30 04:32","799","저조"
"SO_0564","국화도","2027-10-30 10:53","14","고조"
"SO_0564","국화도","2027-10-29 03:54","800","저조"
"SO_0564","국화도","2027-10-29 10:15","31","고조"
"SO_0564","국화도","2027-10-29 16:23","865","저조"
"SO_0564","국화도","2027-10-29 22:46","72","고조"
"SO_0564","국화도","2027-10-30 04:32","799","저조"
"SO_0564","국화도","2027-10-30 10:53","14","고조"
"SO_0564","국화도","2027-10-30 17:02","874","저조"
"SO_0564","국화도","2027-10-30 23:27","82","고조"
"SO_0564","국화도","2027-10-31 05:09","786","저조"
"SO_0564","국화도","2027-10-31 11:28","17","고조"
"SO_0564","국화도","2027-10-30 04:32","799","저조"
"SO_0564","국화도","2027-10-30 10:53","14","고조"
"SO_0564","국화도","2027-10-30 17:02","874","저조"
"SO_0564","국화도","2027-10-30 23:27","82","고조"
"SO_0564","국화도","2027-10-31 05:09","786","저조"
"SO_0564","국화도","2027-10-31 11:28","17","고조"
"SO_0564","국화도","2027-10-31 17:39","862","저조"
"SO_0564","국화도","2027-11-01 00:05","106","고조"
"SO_0564","국화도","2027-11-01 05:44","762","저조"
"SO_0564","국화도","2027-11-01 12:02","36","고조"
"SO_0564","국화도","2027-10-31 05:09","786","저조"
"SO_0564","국화도","2027-10-31 11:28","17","고조"
"SO_0564","국화도","2027-10-31 17:39","862","저조"
"SO_0564","국화도","2027-11-01 00:05","106","고조"
"SO_0564","국화도","2027-11-01 05:44","762","저조"
"SO_0564","국화도","2027-11-01 12:02","36","고조"
"SO_0564","국화도","2027-11-01 18:15","836","저조"
"SO_0564","국화도","2027-11-02 00:42","141","고조"
"SO_0564","국화도","2027-11-02 06:18","732","저조"
"SO_0564","국화도","2027-11-02 12:35","68","고조"
"SO_0564","국화도","2027-11-01 00:05","106","고조"
"SO_0564","국화도","2027-11-01 05:44","762","저조"
"SO_0564","국화도","2027-11-01 12:02","36","고조"
"SO_0564","국화도","2027-11-01 18:15","836","저조"
"SO_0564","국화도","2027-11-02 00:42","141","고조"
"SO_0564","국화도","2027-11-02 06:18","732","저조"
"SO_0564","국화도","2027-11-02 12:35","68","고조"
"SO_0564","국화도","2027-11-02 18:49","801","저조"
"SO_0564","국화도","2027-11-03 01:17","183","고조"
"SO_0564","국화도","2027-11-03 06:53","696","저조"
"SO_0564","국화도","2027-11-02 00:42","141","고조"
"SO_0564","국화도","2027-11-02 06:18","732","저조"
"SO_0564","국화도","2027-11-02 12:35","68","고조"
"SO_0564","국화도","2027-11-02 18:49","801","저조"
"SO_0564","국화도","2027-11-03 01:17","183","고조"
"SO_0564","국화도","2027-11-03 06:53","696","저조"
"SO_0564","국화도","2027-11-03 13:05","108","고조"
"SO_0564","국화도","2027-11-03 19:23","761","저조"
"SO_0564","국화도","2027-11-04 01:52","227","고조"
"SO_0564","국화도","2027-11-04 07:28","655","저조"
"SO_0564","국화도","2027-11-03 01:17","183","고조"
"SO_0564","국화도","2027-11-03 06:53","696","저조"
"SO_0564","국화도","2027-11-03 13:05","108","고조"
"SO_0564","국화도","2027-11-03 19:23","761","저조"
"SO_0564","국화도","2027-11-04 01:52","227","고조"
"SO_0564","국화도","2027-11-04 07:28","655","저조"
"SO_0564","국화도","2027-11-04 13:37","154","고조"
"SO_0564","국화도","2027-11-04 19:59","716","저조"
"SO_0564","국화도","2027-11-05 02:30","272","고조"
"SO_0564","국화도","2027-11-05 08:07","610","저조"
"SO_0564","국화도","2027-11-04 01:52","227","고조"
"SO_0564","국화도","2027-11-04 07:28","655","저조"
"SO_0564","국화도","2027-11-04 13:37","154","고조"
"SO_0564","국화도","2027-11-04 19:59","716","저조"
"SO_0564","국화도","2027-11-05 02:30","272","고조"
"SO_0564","국화도","2027-11-05 08:07","610","저조"
"SO_0564","국화도","2027-11-05 14:13","206","고조"
"SO_0564","국화도","2027-11-05 20:42","669","저조"
"SO_0564","국화도","2027-11-06 03:18","313","고조"
"SO_0564","국화도","2027-11-06 08:57","566","저조"
"SO_0564","국화도","2027-11-05 02:30","272","고조"
"SO_0564","국화도","2027-11-05 08:07","610","저조"
"SO_0564","국화도","2027-11-05 14:13","206","고조"
"SO_0564","국화도","2027-11-05 20:42","669","저조"
"SO_0564","국화도","2027-11-06 03:18","313","고조"
"SO_0564","국화도","2027-11-06 08:57","566","저조"
"SO_0564","국화도","2027-11-06 14:59","260","고조"
"SO_0564","국화도","2027-11-06 21:39","624","저조"
"SO_0564","국화도","2027-11-07 04:29","339","고조"
"SO_0564","국화도","2027-11-07 10:12","534","저조"
"SO_0564","국화도","2027-11-06 03:18","313","고조"
"SO_0564","국화도","2027-11-06 08:57","566","저조"
"SO_0564","국화도","2027-11-06 14:59","260","고조"
"SO_0564","국화도","2027-11-06 21:39","624","저조"
"SO_0564","국화도","2027-11-07 04:29","339","고조"
"SO_0564","국화도","2027-11-07 10:12","534","저조"
"SO_0564","국화도","2027-11-07 16:12","306","고조"
"SO_0564","국화도","2027-11-07 23:04","595","저조"
"SO_0564","국화도","2027-11-08 06:02","331","고조"
"SO_0564","국화도","2027-11-08 11:52","540","저조"
"SO_0564","국화도","2027-11-07 04:29","339","고조"
"SO_0564","국화도","2027-11-07 10:12","534","저조"
"SO_0564","국화도","2027-11-07 16:12","306","고조"
"SO_0564","국화도","2027-11-07 23:04","595","저조"
"SO_0564","국화도","2027-11-08 06:02","331","고조"
"SO_0564","국화도","2027-11-08 11:52","540","저조"
"SO_0564","국화도","2027-11-08 17:56","317","고조"
"SO_0564","국화도","2027-11-09 00:34","599","저조"
"SO_0564","국화도","2027-11-09 07:13","289","고조"
"SO_0564","국화도","2027-11-09 13:13","588","저조"
"SO_0564","국화도","2027-11-08 06:02","331","고조"
"SO_0564","국화도","2027-11-08 11:52","540","저조"
"SO_0564","국화도","2027-11-08 17:56","317","고조"
"SO_0564","국화도","2027-11-09 00:34","599","저조"
"SO_0564","국화도","2027-11-09 07:13","289","고조"
"SO_0564","국화도","2027-11-09 13:13","588","저조"
"SO_0564","국화도","2027-11-09 19:22","285","고조"
"SO_0564","국화도","2027-11-10 01:38","626","저조"
"SO_0564","국화도","2027-11-10 08:03","232","고조"
"SO_0564","국화도","2027-11-10 14:08","653","저조"
"SO_0564","국화도","2027-11-09 00:34","599","저조"
"SO_0564","국화도","2027-11-09 07:13","289","고조"
"SO_0564","국화도","2027-11-09 13:13","588","저조"
"SO_0564","국화도","2027-11-09 19:22","285","고조"
"SO_0564","국화도","2027-11-10 01:38","626","저조"
"SO_0564","국화도","2027-11-10 08:03","232","고조"
"SO_0564","국화도","2027-11-10 14:08","653","저조"
"SO_0564","국화도","2027-11-10 20:21","237","고조"
"SO_0564","국화도","2027-11-11 02:24","660","저조"
"SO_0564","국화도","2027-11-11 08:43","174","고조"
"SO_0564","국화도","2027-11-10 01:38","626","저조"
"SO_0564","국화도","2027-11-10 08:03","232","고조"
"SO_0564","국화도","2027-11-10 14:08","653","저조"
"SO_0564","국화도","2027-11-10 20:21","237","고조"
"SO_0564","국화도","2027-11-11 02:24","660","저조"
"SO_0564","국화도","2027-11-11 08:43","174","고조"
"SO_0564","국화도","2027-11-11 14:51","717","저조"
"SO_0564","국화도","2027-11-11 21:08","191","고조"
"SO_0564","국화도","2027-11-12 03:02","691","저조"
"SO_0564","국화도","2027-11-12 09:20","120","고조"
"SO_0564","국화도","2027-11-11 02:24","660","저조"
"SO_0564","국화도","2027-11-11 08:43","174","고조"
"SO_0564","국화도","2027-11-11 14:51","717","저조"
"SO_0564","국화도","2027-11-11 21:08","191","고조"
"SO_0564","국화도","2027-11-12 03:02","691","저조"
"SO_0564","국화도","2027-11-12 09:20","120","고조"
"SO_0564","국화도","2027-11-12 15:29","772","저조"
"SO_0564","국화도","2027-11-12 21:50","155","고조"
"SO_0564","국화도","2027-11-13 03:39","716","저조"
"SO_0564","국화도","2027-11-13 09:56","77","고조"
"SO_0564","국화도","2027-11-12 03:02","691","저조"
"SO_0564","국화도","2027-11-12 09:20","120","고조"
"SO_0564","국화도","2027-11-12 15:29","772","저조"
"SO_0564","국화도","2027-11-12 21:50","155","고조"
"SO_0564","국화도","2027-11-13 03:39","716","저조"
"SO_0564","국화도","2027-11-13 09:56","77","고조"
"SO_0564","국화도","2027-11-13 16:06","812","저조"
"SO_0564","국화도","2027-11-13 22:30","132","고조"
"SO_0564","국화도","2027-11-14 04:15","732","저조"
"SO_0564","국화도","2027-11-14 10:33","47","고조"
"SO_0564","국화도","2027-11-13 03:39","716","저조"
"SO_0564","국화도","2027-11-13 09:56","77","고조"
"SO_0564","국화도","2027-11-13 16:06","812","저조"
"SO_0564","국화도","2027-11-13 22:30","132","고조"
"SO_0564","국화도","2027-11-14 04:15","732","저조"
"SO_0564","국화도","2027-11-14 10:33","47","고조"
"SO_0564","국화도","2027-11-14 16:42","837","저조"
"SO_0564","국화도","2027-11-14 23:10","121","고조"
"SO_0564","국화도","2027-11-15 04:51","737","저조"
"SO_0564","국화도","2027-11-15 11:10","31","고조"
"SO_0564","국화도","2027-11-14 04:15","732","저조"
"SO_0564","국화도","2027-11-14 10:33","47","고조"
"SO_0564","국화도","2027-11-14 16:42","837","저조"
"SO_0564","국화도","2027-11-14 23:10","121","고조"
"SO_0564","국화도","2027-11-15 04:51","737","저조"
"SO_0564","국화도","2027-11-15 11:10","31","고조"
"SO_0564","국화도","2027-11-15 17:20","847","저조"
"SO_0564","국화도","2027-11-15 23:50","124","고조"
"SO_0564","국화도","2027-11-16 05:28","734","저조"
"SO_0564","국화도","2027-11-16 11:48","28","고조"
"SO_0564","국화도","2027-11-15 04:51","737","저조"
"SO_0564","국화도","2027-11-15 11:10","31","고조"
"SO_0564","국화도","2027-11-15 17:20","847","저조"
"SO_0564","국화도","2027-11-15 23:50","124","고조"
"SO_0564","국화도","2027-11-16 05:28","734","저조"
"SO_0564","국화도","2027-11-16 11:48","28","고조"
"SO_0564","국화도","2027-11-16 17:59","846","저조"
"SO_0564","국화도","2027-11-17 00:30","137","고조"
"SO_0564","국화도","2027-11-17 06:07","721","저조"
"SO_0564","국화도","2027-11-17 12:27","38","고조"
"SO_0564","국화도","2027-11-16 05:28","734","저조"
"SO_0564","국화도","2027-11-16 11:48","28","고조"
"SO_0564","국화도","2027-11-16 17:59","846","저조"
"SO_0564","국화도","2027-11-17 00:30","137","고조"
"SO_0564","국화도","2027-11-17 06:07","721","저조"
"SO_0564","국화도","2027-11-17 12:27","38","고조"
"SO_0564","국화도","2027-11-17 18:39","833","저조"
"SO_0564","국화도","2027-11-18 01:12","159","고조"
"SO_0564","국화도","2027-11-18 06:48","700","저조"
"SO_0564","국화도","2027-11-18 13:08","61","고조"
"SO_0564","국화도","2027-11-17 00:30","137","고조"
"SO_0564","국화도","2027-11-17 06:07","721","저조"
"SO_0564","국화도","2027-11-17 12:27","38","고조"
"SO_0564","국화도","2027-11-17 18:39","833","저조"
"SO_0564","국화도","2027-11-18 01:12","159","고조"
"SO_0564","국화도","2027-11-18 06:48","700","저조"
"SO_0564","국화도","2027-11-18 13:08","61","고조"
"SO_0564","국화도","2027-11-18 19:23","809","저조"
"SO_0564","국화도","2027-11-19 01:56","187","고조"
"SO_0564","국화도","2027-11-19 07:32","673","저조"
"SO_0564","국화도","2027-11-18 01:12","159","고조"
"SO_0564","국화도","2027-11-18 06:48","700","저조"
"SO_0564","국화도","2027-11-18 13:08","61","고조"
"SO_0564","국화도","2027-11-18 19:23","809","저조"
"SO_0564","국화도","2027-11-19 01:56","187","고조"
"SO_0564","국화도","2027-11-19 07:32","673","저조"
"SO_0564","국화도","2027-11-19 13:53","96","고조"
"SO_0564","국화도","2027-11-19 20:11","775","저조"
"SO_0564","국화도","2027-11-20 02:46","217","고조"
"SO_0564","국화도","2027-11-20 08:25","642","저조"
"SO_0564","국화도","2027-11-19 01:56","187","고조"
"SO_0564","국화도","2027-11-19 07:32","673","저조"
"SO_0564","국화도","2027-11-19 13:53","96","고조"
"SO_0564","국화도","2027-11-19 20:11","775","저조"
"SO_0564","국화도","2027-11-20 02:46","217","고조"
"SO_0564","국화도","2027-11-20 08:25","642","저조"
"SO_0564","국화도","2027-11-20 14:45","141","고조"
"SO_0564","국화도","2027-11-20 21:07","734","저조"
"SO_0564","국화도","2027-11-21 03:45","240","고조"
"SO_0564","국화도","2027-11-21 09:30","615","저조"
"SO_0564","국화도","2027-11-20 02:46","217","고조"
"SO_0564","국화도","2027-11-20 08:25","642","저조"
"SO_0564","국화도","2027-11-20 14:45","141","고조"
"SO_0564","국화도","2027-11-20 21:07","734","저조"
"SO_0564","국화도","2027-11-21 03:45","240","고조"
"SO_0564","국화도","2027-11-21 09:30","615","저조"
"SO_0564","국화도","2027-11-21 15:48","187","고조"
"SO_0564","국화도","2027-11-21 22:14","696","저조"
"SO_0564","국화도","2027-11-22 04:55","244","고조"
"SO_0564","국화도","2027-11-22 10:52","609","저조"
"SO_0564","국화도","2027-11-21 03:45","240","고조"
"SO_0564","국화도","2027-11-21 09:30","615","저조"
"SO_0564","국화도","2027-11-21 15:48","187","고조"
"SO_0564","국화도","2027-11-21 22:14","696","저조"
"SO_0564","국화도","2027-11-22 04:55","244","고조"
"SO_0564","국화도","2027-11-22 10:52","609","저조"
"SO_0564","국화도","2027-11-22 17:07","219","고조"
"SO_0564","국화도","2027-11-22 23:31","674","저조"
"SO_0564","국화도","2027-11-23 06:08","221","고조"
"SO_0564","국화도","2027-11-23 12:18","637","저조"
"SO_0564","국화도","2027-11-22 04:55","244","고조"
"SO_0564","국화도","2027-11-22 10:52","609","저조"
"SO_0564","국화도","2027-11-22 17:07","219","고조"
"SO_0564","국화도","2027-11-22 23:31","674","저조"
"SO_0564","국화도","2027-11-23 06:08","221","고조"
"SO_0564","국화도","2027-11-23 12:18","637","저조"
"SO_0564","국화도","2027-11-23 18:31","221","고조"
"SO_0564","국화도","2027-11-24 00:45","674","저조"
"SO_0564","국화도","2027-11-24 07:16","178","고조"
"SO_0564","국화도","2027-11-24 13:31","691","저조"
"SO_0564","국화도","2027-11-23 06:08","221","고조"
"SO_0564","국화도","2027-11-23 12:18","637","저조"
"SO_0564","국화도","2027-11-23 18:31","221","고조"
"SO_0564","국화도","2027-11-24 00:45","674","저조"
"SO_0564","국화도","2027-11-24 07:16","178","고조"
"SO_0564","국화도","2027-11-24 13:31","691","저조"
"SO_0564","국화도","2027-11-24 19:46","198","고조"
"SO_0564","국화도","2027-11-25 01:49","688","저조"
"SO_0564","국화도","2027-11-25 08:12","128","고조"
"SO_0564","국화도","2027-11-25 14:30","747","저조"
"SO_0564","국화도","2027-11-24 00:45","674","저조"
"SO_0564","국화도","2027-11-24 07:16","178","고조"
"SO_0564","국화도","2027-11-24 13:31","691","저조"
"SO_0564","국화도","2027-11-24 19:46","198","고조"
"SO_0564","국화도","2027-11-25 01:49","688","저조"
"SO_0564","국화도","2027-11-25 08:12","128","고조"
"SO_0564","국화도","2027-11-25 14:30","747","저조"
"SO_0564","국화도","2027-11-25 20:49","168","고조"
"SO_0564","국화도","2027-11-26 02:41","704","저조"
"SO_0564","국화도","2027-11-26 09:02","84","고조"
"SO_0564","국화도","2027-11-25 01:49","688","저조"
"SO_0564","국화도","2027-11-25 08:12","128","고조"
"SO_0564","국화도","2027-11-25 14:30","747","저조"
"SO_0564","국화도","2027-11-25 20:49","168","고조"
"SO_0564","국화도","2027-11-26 02:41","704","저조"
"SO_0564","국화도","2027-11-26 09:02","84","고조"
"SO_0564","국화도","2027-11-26 15:20","790","저조"
"SO_0564","국화도","2027-11-26 21:41","146","고조"
"SO_0564","국화도","2027-11-27 03:27","716","저조"
"SO_0564","국화도","2027-11-27 09:46","55","고조"
"SO_0564","국화도","2027-11-26 02:41","704","저조"
"SO_0564","국화도","2027-11-26 09:02","84","고조"
"SO_0564","국화도","2027-11-26 15:20","790","저조"
"SO_0564","국화도","2027-11-26 21:41","146","고조"
"SO_0564","국화도","2027-11-27 03:27","716","저조"
"SO_0564","국화도","2027-11-27 09:46","55","고조"
"SO_0564","국화도","2027-11-27 16:04","813","저조"
"SO_0564","국화도","2027-11-27 22:28","136","고조"
"SO_0564","국화도","2027-11-28 04:09","721","저조"
"SO_0564","국화도","2027-11-28 10:27","42","고조"
"SO_0564","국화도","2027-11-27 03:27","716","저조"
"SO_0564","국화도","2027-11-27 09:46","55","고조"
"SO_0564","국화도","2027-11-27 16:04","813","저조"
"SO_0564","국화도","2027-11-27 22:28","136","고조"
"SO_0564","국화도","2027-11-28 04:09","721","저조"
"SO_0564","국화도","2027-11-28 10:27","42","고조"
"SO_0564","국화도","2027-11-28 16:45","818","저조"
"SO_0564","국화도","2027-11-28 23:11","138","고조"
"SO_0564","국화도","2027-11-29 04:49","718","저조"
"SO_0564","국화도","2027-11-29 11:06","44","고조"
"SO_0564","국화도","2027-11-28 04:09","721","저조"
"SO_0564","국화도","2027-11-28 10:27","42","고조"
"SO_0564","국화도","2027-11-28 16:45","818","저조"
"SO_0564","국화도","2027-11-28 23:11","138","고조"
"SO_0564","국화도","2027-11-29 04:49","718","저조"
"SO_0564","국화도","2027-11-29 11:06","44","고조"
"SO_0564","국화도","2027-11-29 17:23","810","저조"
"SO_0564","국화도","2027-11-29 23:51","147","고조"
"SO_0564","국화도","2027-11-30 05:27","710","저조"
"SO_0564","국화도","2027-11-30 11:42","56","고조"
"SO_0564","국화도","2027-11-29 04:49","718","저조"
"SO_0564","국화도","2027-11-29 11:06","44","고조"
"SO_0564","국화도","2027-11-29 17:23","810","저조"
"SO_0564","국화도","2027-11-29 23:51","147","고조"
"SO_0564","국화도","2027-11-30 05:27","710","저조"
"SO_0564","국화도","2027-11-30 11:42","56","고조"
"SO_0564","국화도","2027-11-30 17:59","795","저조"
"SO_0564","국화도","2027-12-01 00:28","161","고조"
"SO_0564","국화도","2027-12-01 06:03","697","저조"
"SO_0564","국화도","2027-12-01 12:16","75","고조"
"SO_0564","국화도","2027-11-30 05:27","710","저조"
"SO_0564","국화도","2027-11-30 11:42","56","고조"
"SO_0564","국화도","2027-11-30 17:59","795","저조"
"SO_0564","국화도","2027-12-01 00:28","161","고조"
"SO_0564","국화도","2027-12-01 06:03","697","저조"
"SO_0564","국화도","2027-12-01 12:16","75","고조"
"SO_0564","국화도","2027-12-01 18:33","777","저조"
"SO_0564","국화도","2027-12-02 01:03","179","고조"
"SO_0564","국화도","2027-12-02 06:38","679","저조"
"SO_0564","국화도","2027-12-02 12:49","99","고조"
"SO_0564","국화도","2027-12-01 00:28","161","고조"
"SO_0564","국화도","2027-12-01 06:03","697","저조"
"SO_0564","국화도","2027-12-01 12:16","75","고조"
"SO_0564","국화도","2027-12-01 18:33","777","저조"
"SO_0564","국화도","2027-12-02 01:03","179","고조"
"SO_0564","국화도","2027-12-02 06:38","679","저조"
"SO_0564","국화도","2027-12-02 12:49","99","고조"
"SO_0564","국화도","2027-12-02 19:05","757","저조"
"SO_0564","국화도","2027-12-03 01:36","198","고조"
"SO_0564","국화도","2027-12-03 07:13","657","저조"
"SO_0564","국화도","2027-12-02 01:03","179","고조"
"SO_0564","국화도","2027-12-02 06:38","679","저조"
"SO_0564","국화도","2027-12-02 12:49","99","고조"
"SO_0564","국화도","2027-12-02 19:05","757","저조"
"SO_0564","국화도","2027-12-03 01:36","198","고조"
"SO_0564","국화도","2027-12-03 07:13","657","저조"
"SO_0564","국화도","2027-12-03 13:21","126","고조"
"SO_0564","국화도","2027-12-03 19:38","733","저조"
"SO_0564","국화도","2027-12-04 02:10","220","고조"
"SO_0564","국화도","2027-12-04 07:50","632","저조"
"SO_0564","국화도","2027-12-03 01:36","198","고조"
"SO_0564","국화도","2027-12-03 07:13","657","저조"
"SO_0564","국화도","2027-12-03 13:21","126","고조"
"SO_0564","국화도","2027-12-03 19:38","733","저조"
"SO_0564","국화도","2027-12-04 02:10","220","고조"
"SO_0564","국화도","2027-12-04 07:50","632","저조"
"SO_0564","국화도","2027-12-04 13:55","160","고조"
"SO_0564","국화도","2027-12-04 20:13","704","저조"
"SO_0564","국화도","2027-12-05 02:47","242","고조"
"SO_0564","국화도","2027-12-05 08:31","604","저조"
"SO_0564","국화도","2027-12-04 02:10","220","고조"
"SO_0564","국화도","2027-12-04 07:50","632","저조"
"SO_0564","국화도","2027-12-04 13:55","160","고조"
"SO_0564","국화도","2027-12-04 20:13","704","저조"
"SO_0564","국화도","2027-12-05 02:47","242","고조"
"SO_0564","국화도","2027-12-05 08:31","604","저조"
"SO_0564","국화도","2027-12-05 14:35","200","고조"
"SO_0564","국화도","2027-12-05 20:54","668","저조"
"SO_0564","국화도","2027-12-06 03:31","262","고조"
"SO_0564","국화도","2027-12-06 09:23","579","저조"
"SO_0564","국화도","2027-12-05 02:47","242","고조"
"SO_0564","국화도","2027-12-05 08:31","604","저조"
"SO_0564","국화도","2027-12-05 14:35","200","고조"
"SO_0564","국화도","2027-12-05 20:54","668","저조"
"SO_0564","국화도","2027-12-06 03:31","262","고조"
"SO_0564","국화도","2027-12-06 09:23","579","저조"
"SO_0564","국화도","2027-12-06 15:26","244","고조"
"SO_0564","국화도","2027-12-06 21:44","629","저조"
"SO_0564","국화도","2027-12-07 04:28","273","고조"
"SO_0564","국화도","2027-12-07 10:31","566","저조"
"SO_0564","국화도","2027-12-06 03:31","262","고조"
"SO_0564","국화도","2027-12-06 09:23","579","저조"
"SO_0564","국화도","2027-12-06 15:26","244","고조"
"SO_0564","국화도","2027-12-06 21:44","629","저조"
"SO_0564","국화도","2027-12-07 04:28","273","고조"
"SO_0564","국화도","2027-12-07 10:31","566","저조"
"SO_0564","국화도","2027-12-07 16:33","281","고조"
"SO_0564","국화도","2027-12-07 22:51","597","저조"
"SO_0564","국화도","2027-12-08 05:37","266","고조"
"SO_0564","국화도","2027-12-08 11:52","580","저조"
"SO_0564","국화도","2027-12-07 04:28","273","고조"
"SO_0564","국화도","2027-12-07 10:31","566","저조"
"SO_0564","국화도","2027-12-07 16:33","281","고조"
"SO_0564","국화도","2027-12-07 22:51","597","저조"
"SO_0564","국화도","2027-12-08 05:37","266","고조"
"SO_0564","국화도","2027-12-08 11:52","580","저조"
"SO_0564","국화도","2027-12-08 17:58","294","고조"
"SO_0564","국화도","2027-12-09 00:09","586","저조"
"SO_0564","국화도","2027-12-09 06:45","235","고조"
"SO_0564","국화도","2027-12-09 13:06","623","저조"
"SO_0564","국화도","2027-12-08 05:37","266","고조"
"SO_0564","국화도","2027-12-08 11:52","580","저조"
"SO_0564","국화도","2027-12-08 17:58","294","고조"
"SO_0564","국화도","2027-12-09 00:09","586","저조"
"SO_0564","국화도","2027-12-09 06:45","235","고조"
"SO_0564","국화도","2027-12-09 13:06","623","저조"
"SO_0564","국화도","2027-12-09 19:20","275","고조"
"SO_0564","국화도","2027-12-10 01:18","598","저조"
"SO_0564","국화도","2027-12-10 07:44","188","고조"
"SO_0564","국화도","2027-12-10 14:04","678","저조"
"SO_0564","국화도","2027-12-09 00:09","586","저조"
"SO_0564","국화도","2027-12-09 06:45","235","고조"
"SO_0564","국화도","2027-12-09 13:06","623","저조"
"SO_0564","국화도","2027-12-09 19:20","275","고조"
"SO_0564","국화도","2027-12-10 01:18","598","저조"
"SO_0564","국화도","2027-12-10 07:44","188","고조"
"SO_0564","국화도","2027-12-10 14:04","678","저조"
"SO_0564","국화도","2027-12-10 20:25","239","고조"
"SO_0564","국화도","2027-12-11 02:15","624","저조"
"SO_0564","국화도","2027-12-11 08:34","137","고조"
"SO_0564","국화도","2027-12-10 01:18","598","저조"
"SO_0564","국화도","2027-12-10 07:44","188","고조"
"SO_0564","국화도","2027-12-10 14:04","678","저조"
"SO_0564","국화도","2027-12-10 20:25","239","고조"
"SO_0564","국화도","2027-12-11 02:15","624","저조"
"SO_0564","국화도","2027-12-11 08:34","137","고조"
"SO_0564","국화도","2027-12-11 14:54","733","저조"
"SO_0564","국화도","2027-12-11 21:19","200","고조"
"SO_0564","국화도","2027-12-12 03:04","653","저조"
"SO_0564","국화도","2027-12-12 09:21","90","고조"
"SO_0564","국화도","2027-12-11 02:15","624","저조"
"SO_0564","국화도","2027-12-11 08:34","137","고조"
"SO_0564","국화도","2027-12-11 14:54","733","저조"
"SO_0564","국화도","2027-12-11 21:19","200","고조"
"SO_0564","국화도","2027-12-12 03:04","653","저조"
"SO_0564","국화도","2027-12-12 09:21","90","고조"
"SO_0564","국화도","2027-12-12 15:39","779","저조"
"SO_0564","국화도","2027-12-12 22:08","168","고조"
"SO_0564","국화도","2027-12-13 03:49","679","저조"
"SO_0564","국화도","2027-12-13 10:07","51","고조"
"SO_0564","국화도","2027-12-12 03:04","653","저조"
"SO_0564","국화도","2027-12-12 09:21","90","고조"
"SO_0564","국화도","2027-12-12 15:39","779","저조"
"SO_0564","국화도","2027-12-12 22:08","168","고조"
"SO_0564","국화도","2027-12-13 03:49","679","저조"
"SO_0564","국화도","2027-12-13 10:07","51","고조"
"SO_0564","국화도","2027-12-13 16:24","812","저조"
"SO_0564","국화도","2027-12-13 22:54","144","고조"
"SO_0564","국화도","2027-12-14 04:34","699","저조"
"SO_0564","국화도","2027-12-14 10:52","24","고조"
"SO_0564","국화도","2027-12-13 03:49","679","저조"
"SO_0564","국화도","2027-12-13 10:07","51","고조"
"SO_0564","국화도","2027-12-13 16:24","812","저조"
"SO_0564","국화도","2027-12-13 22:54","144","고조"
"SO_0564","국화도","2027-12-14 04:34","699","저조"
"SO_0564","국화도","2027-12-14 10:52","24","고조"
"SO_0564","국화도","2027-12-14 17:08","834","저조"
"SO_0564","국화도","2027-12-14 23:40","128","고조"
"SO_0564","국화도","2027-12-15 05:18","712","저조"
"SO_0564","국화도","2027-12-15 11:37","8","고조"
"SO_0564","국화도","2027-12-14 04:34","699","저조"
"SO_0564","국화도","2027-12-14 10:52","24","고조"
"SO_0564","국화도","2027-12-14 17:08","834","저조"
"SO_0564","국화도","2027-12-14 23:40","128","고조"
"SO_0564","국화도","2027-12-15 05:18","712","저조"
"SO_0564","국화도","2027-12-15 11:37","8","고조"
"SO_0564","국화도","2027-12-15 17:52","845","저조"
"SO_0564","국화도","2027-12-16 00:25","120","고조"
"SO_0564","국화도","2027-12-16 06:02","718","저조"
"SO_0564","국화도","2027-12-16 12:22","5","고조"
"SO_0564","국화도","2027-12-15 05:18","712","저조"
"SO_0564","국화도","2027-12-15 11:37","8","고조"
"SO_0564","국화도","2027-12-15 17:52","845","저조"
"SO_0564","국화도","2027-12-16 00:25","120","고조"
"SO_0564","국화도","2027-12-16 06:02","718","저조"
"SO_0564","국화도","2027-12-16 12:22","5","고조"
"SO_0564","국화도","2027-12-16 18:36","844","저조"
"SO_0564","국화도","2027-12-17 01:09","120","고조"
"SO_0564","국화도","2027-12-17 06:47","716","저조"
"SO_0564","국화도","2027-12-17 13:07","15","고조"
"SO_0564","국화도","2027-12-16 00:25","120","고조"
"SO_0564","국화도","2027-12-16 06:02","718","저조"
"SO_0564","국화도","2027-12-16 12:22","5","고조"
"SO_0564","국화도","2027-12-16 18:36","844","저조"
"SO_0564","국화도","2027-12-17 01:09","120","고조"
"SO_0564","국화도","2027-12-17 06:47","716","저조"
"SO_0564","국화도","2027-12-17 13:07","15","고조"
"SO_0564","국화도","2027-12-17 19:20","832","저조"
"SO_0564","국화도","2027-12-18 01:52","126","고조"
"SO_0564","국화도","2027-12-18 07:32","707","저조"
"SO_0564","국화도","2027-12-17 01:09","120","고조"
"SO_0564","국화도","2027-12-17 06:47","716","저조"
"SO_0564","국화도","2027-12-17 13:07","15","고조"
"SO_0564","국화도","2027-12-17 19:20","832","저조"
"SO_0564","국화도","2027-12-18 01:52","126","고조"
"SO_0564","국화도","2027-12-18 07:32","707","저조"
"SO_0564","국화도","2027-12-18 13:52","40","고조"
"SO_0564","국화도","2027-12-18 20:04","805","저조"
"SO_0564","국화도","2027-12-19 02:36","138","고조"
"SO_0564","국화도","2027-12-19 08:21","692","저조"
"SO_0564","국화도","2027-12-18 01:52","126","고조"
"SO_0564","국화도","2027-12-18 07:32","707","저조"
"SO_0564","국화도","2027-12-18 13:52","40","고조"
"SO_0564","국화도","2027-12-18 20:04","805","저조"
"SO_0564","국화도","2027-12-19 02:36","138","고조"
"SO_0564","국화도","2027-12-19 08:21","692","저조"
"SO_0564","국화도","2027-12-19 14:40","81","고조"
"SO_0564","국화도","2027-12-19 20:50","766","저조"
"SO_0564","국화도","2027-12-20 03:23","154","고조"
"SO_0564","국화도","2027-12-20 09:15","672","저조"
"SO_0564","국화도","2027-12-19 02:36","138","고조"
"SO_0564","국화도","2027-12-19 08:21","692","저조"
"SO_0564","국화도","2027-12-19 14:40","81","고조"
"SO_0564","국화도","2027-12-19 20:50","766","저조"
"SO_0564","국화도","2027-12-20 03:23","154","고조"
"SO_0564","국화도","2027-12-20 09:15","672","저조"
"SO_0564","국화도","2027-12-20 15:32","133","고조"
"SO_0564","국화도","2027-12-20 21:41","717","저조"
"SO_0564","국화도","2027-12-21 04:15","170","고조"
"SO_0564","국화도","2027-12-21 10:19","654","저조"
"SO_0564","국화도","2027-12-20 03:23","154","고조"
"SO_0564","국화도","2027-12-20 09:15","672","저조"
"SO_0564","국화도","2027-12-20 15:32","133","고조"
"SO_0564","국화도","2027-12-20 21:41","717","저조"
"SO_0564","국화도","2027-12-21 04:15","170","고조"
"SO_0564","국화도","2027-12-21 10:19","654","저조"
"SO_0564","국화도","2027-12-21 16:34","188","고조"
"SO_0564","국화도","2027-12-21 22:41","667","저조"
"SO_0564","국화도","2027-12-22 05:15","179","고조"
"SO_0564","국화도","2027-12-22 11:34","648","저조"
"SO_0564","국화도","2027-12-21 04:15","170","고조"
"SO_0564","국화도","2027-12-21 10:19","654","저조"
"SO_0564","국화도","2027-12-21 16:34","188","고조"
"SO_0564","국화도","2027-12-21 22:41","667","저조"
"SO_0564","국화도","2027-12-22 05:15","179","고조"
"SO_0564","국화도","2027-12-22 11:34","648","저조"
"SO_0564","국화도","2027-12-22 17:48","230","고조"
"SO_0564","국화도","2027-12-22 23:51","630","저조"
"SO_0564","국화도","2027-12-23 06:24","174","고조"
"SO_0564","국화도","2027-12-23 12:54","663","저조"
"SO_0564","국화도","2027-12-22 05:15","179","고조"
"SO_0564","국화도","2027-12-22 11:34","648","저조"
"SO_0564","국화도","2027-12-22 17:48","230","고조"
"SO_0564","국화도","2027-12-22 23:51","630","저조"
"SO_0564","국화도","2027-12-23 06:24","174","고조"
"SO_0564","국화도","2027-12-23 12:54","663","저조"
"SO_0564","국화도","2027-12-23 19:10","245","고조"
"SO_0564","국화도","2027-12-24 01:05","615","저조"
"SO_0564","국화도","2027-12-24 07:32","154","고조"
"SO_0564","국화도","2027-12-24 14:04","693","저조"
"SO_0564","국화도","2027-12-23 06:24","174","고조"
"SO_0564","국화도","2027-12-23 12:54","663","저조"
"SO_0564","국화도","2027-12-23 19:10","245","고조"
"SO_0564","국화도","2027-12-24 01:05","615","저조"
"SO_0564","국화도","2027-12-24 07:32","154","고조"
"SO_0564","국화도","2027-12-24 14:04","693","저조"
"SO_0564","국화도","2027-12-24 20:26","233","고조"
"SO_0564","국화도","2027-12-25 02:12","621","저조"
"SO_0564","국화도","2027-12-25 08:33","125","고조"
"SO_0564","국화도","2027-12-25 15:04","724","저조"
"SO_0564","국화도","2027-12-24 01:05","615","저조"
"SO_0564","국화도","2027-12-24 07:32","154","고조"
"SO_0564","국화도","2027-12-24 14:04","693","저조"
"SO_0564","국화도","2027-12-24 20:26","233","고조"
"SO_0564","국화도","2027-12-25 02:12","621","저조"
"SO_0564","국화도","2027-12-25 08:33","125","고조"
"SO_0564","국화도","2027-12-25 15:04","724","저조"
"SO_0564","국화도","2027-12-25 21:27","210","고조"
"SO_0564","국화도","2027-12-26 03:08","639","저조"
"SO_0564","국화도","2027-12-26 09:26","99","고조"
"SO_0564","국화도","2027-12-25 02:12","621","저조"
"SO_0564","국화도","2027-12-25 08:33","125","고조"
"SO_0564","국화도","2027-12-25 15:04","724","저조"
"SO_0564","국화도","2027-12-25 21:27","210","고조"
"SO_0564","국화도","2027-12-26 03:08","639","저조"
"SO_0564","국화도","2027-12-26 09:26","99","고조"
"SO_0564","국화도","2027-12-26 15:54","747","저조"
"SO_0564","국화도","2027-12-26 22:18","189","고조"
"SO_0564","국화도","2027-12-27 03:56","658","저조"
"SO_0564","국화도","2027-12-27 10:13","80","고조"
"SO_0564","국화도","2027-12-26 03:08","639","저조"
"SO_0564","국화도","2027-12-26 09:26","99","고조"
"SO_0564","국화도","2027-12-26 15:54","747","저조"
"SO_0564","국화도","2027-12-26 22:18","189","고조"
"SO_0564","국화도","2027-12-27 03:56","658","저조"
"SO_0564","국화도","2027-12-27 10:13","80","고조"
"SO_0564","국화도","2027-12-27 16:37","759","저조"
"SO_0564","국화도","2027-12-27 23:02","173","고조"
"SO_0564","국화도","2027-12-28 04:39","675","저조"
"SO_0564","국화도","2027-12-28 10:55","69","고조"
"SO_0564","국화도","2027-12-27 03:56","658","저조"
"SO_0564","국화도","2027-12-27 10:13","80","고조"
"SO_0564","국화도","2027-12-27 16:37","759","저조"
"SO_0564","국화도","2027-12-27 23:02","173","고조"
"SO_0564","국화도","2027-12-28 04:39","675","저조"
"SO_0564","국화도","2027-12-28 10:55","69","고조"
"SO_0564","국화도","2027-12-28 17:15","765","저조"
"SO_0564","국화도","2027-12-28 23:41","161","고조"
"SO_0564","국화도","2027-12-29 05:18","685","저조"
"SO_0564","국화도","2027-12-29 11:32","66","고조"
"SO_0564","국화도","2027-12-28 04:39","675","저조"
"SO_0564","국화도","2027-12-28 10:55","69","고조"
"SO_0564","국화도","2027-12-28 17:15","765","저조"
"SO_0564","국화도","2027-12-28 23:41","161","고조"
"SO_0564","국화도","2027-12-29 05:18","685","저조"
"SO_0564","국화도","2027-12-29 11:32","66","고조"
"SO_0564","국화도","2027-12-29 17:49","767","저조"
"SO_0564","국화도","2027-12-30 00:16","153","고조"
"SO_0564","국화도","2027-12-30 05:53","691","저조"
"SO_0564","국화도","2027-12-30 12:06","68","고조"
"SO_0564","국화도","2027-12-29 05:18","685","저조"
"SO_0564","국화도","2027-12-29 11:32","66","고조"
"SO_0564","국화도","2027-12-29 17:49","767","저조"
"SO_0564","국화도","2027-12-30 00:16","153","고조"
"SO_0564","국화도","2027-12-30 05:53","691","저조"
"SO_0564","국화도","2027-12-30 12:06","68","고조"
"SO_0564","국화도","2027-12-30 18:20","768","저조"
"SO_0564","국화도","2027-12-31 00:48","149","고조"
"SO_0564","국화도","2027-12-31 06:26","690","저조"
"SO_0564","국화도","2027-12-31 06:27","690","저조"
"SO_0564","국화도","2027-12-30 00:16","153","고조"
"SO_0564","국화도","2027-12-30 05:53","691","저조"
"SO_0564","국화도","2027-12-30 12:06","68","고조"
"SO_0564","국화도","2027-12-30 18:20","768","저조"
"SO_0564","국화도","2027-12-31 00:48","149","고조"
"SO_0564","국화도","2027-12-31 06:26","690","저조"
"SO_0564","국화도","2027-12-31 06:27","690","저조"
"SO_0564","국화도","2027-12-31 12:38","74","고조"
"SO_0564","국화도","2027-12-31 18:49","766","저조"
"SO_0564","국화도","2028-01-09 00:00","128","고조"
"SO_1282","선재도","2027-01-01 04:40","197","고조"
"SO_1282","선재도","2027-01-01 10:59","625","저조"
"SO_1282","선재도","2027-01-01 17:10","271","고조"
"SO_1282","선재도","2027-01-01 23:05","604","저조"
"SO_1282","선재도","2027-01-02 05:43","219","고조"
"SO_1282","선재도","2027-01-02 12:18","618","저조"
"SO_1282","선재도","2027-01-02 18:35","306","고조"
"SO_1282","선재도","2027-01-03 00:22","571","저조"
"SO_1282","선재도","2027-01-03 06:57","220","고조"
"SO_1282","선재도","2027-01-03 13:39","638","저조"
"SO_1282","선재도","2027-01-01 04:40","197","고조"
"SO_1282","선재도","2027-01-01 10:59","625","저조"
"SO_1282","선재도","2027-01-01 17:10","271","고조"
"SO_1282","선재도","2027-01-01 23:05","604","저조"
"SO_1282","선재도","2027-01-02 05:43","219","고조"
"SO_1282","선재도","2027-01-02 12:18","618","저조"
"SO_1282","선재도","2027-01-02 18:35","306","고조"
"SO_1282","선재도","2027-01-03 00:22","571","저조"
"SO_1282","선재도","2027-01-03 06:57","220","고조"
"SO_1282","선재도","2027-01-03 13:39","638","저조"
"SO_1282","선재도","2027-01-02 05:43","219","고조"
"SO_1282","선재도","2027-01-02 12:18","618","저조"
"SO_1282","선재도","2027-01-02 18:35","306","고조"
"SO_1282","선재도","2027-01-03 00:22","571","저조"
"SO_1282","선재도","2027-01-03 06:57","220","고조"
"SO_1282","선재도","2027-01-03 13:39","638","저조"
"SO_1282","선재도","2027-01-03 20:03","299","고조"
"SO_1282","선재도","2027-01-04 01:42","571","저조"
"SO_1282","선재도","2027-01-04 08:06","199","고조"
"SO_1282","선재도","2027-01-04 14:44","675","저조"
"SO_1282","선재도","2027-01-03 00:22","571","저조"
"SO_1282","선재도","2027-01-03 06:57","220","고조"
"SO_1282","선재도","2027-01-03 13:39","638","저조"
"SO_1282","선재도","2027-01-03 20:03","299","고조"
"SO_1282","선재도","2027-01-04 01:42","571","저조"
"SO_1282","선재도","2027-01-04 08:06","199","고조"
"SO_1282","선재도","2027-01-04 14:44","675","저조"
"SO_1282","선재도","2027-01-04 21:10","267","고조"
"SO_1282","선재도","2027-01-05 02:47","595","저조"
"SO_1282","선재도","2027-01-05 09:02","166","고조"
"SO_1282","선재도","2027-01-04 01:42","571","저조"
"SO_1282","선재도","2027-01-04 08:06","199","고조"
"SO_1282","선재도","2027-01-04 14:44","675","저조"
"SO_1282","선재도","2027-01-04 21:10","267","고조"
"SO_1282","선재도","2027-01-05 02:47","595","저조"
"SO_1282","선재도","2027-01-05 09:02","166","고조"
"SO_1282","선재도","2027-01-05 15:35","713","저조"
"SO_1282","선재도","2027-01-05 22:00","231","고조"
"SO_1282","선재도","2027-01-06 03:38","628","저조"
"SO_1282","선재도","2027-01-06 09:49","133","고조"
"SO_1282","선재도","2027-01-05 02:47","595","저조"
"SO_1282","선재도","2027-01-05 09:02","166","고조"
"SO_1282","선재도","2027-01-05 15:35","713","저조"
"SO_1282","선재도","2027-01-05 22:00","231","고조"
"SO_1282","선재도","2027-01-06 03:38","628","저조"
"SO_1282","선재도","2027-01-06 09:49","133","고조"
"SO_1282","선재도","2027-01-06 16:17","742","저조"
"SO_1282","선재도","2027-01-06 22:42","200","고조"
"SO_1282","선재도","2027-01-07 04:20","659","저조"
"SO_1282","선재도","2027-01-07 10:30","106","고조"
"SO_1282","선재도","2027-01-06 03:38","628","저조"
"SO_1282","선재도","2027-01-06 09:49","133","고조"
"SO_1282","선재도","2027-01-06 16:17","742","저조"
"SO_1282","선재도","2027-01-06 22:42","200","고조"
"SO_1282","선재도","2027-01-07 04:20","659","저조"
"SO_1282","선재도","2027-01-07 10:30","106","고조"
"SO_1282","선재도","2027-01-07 16:54","762","저조"
"SO_1282","선재도","2027-01-07 23:18","176","고조"
"SO_1282","선재도","2027-01-08 04:57","683","저조"
"SO_1282","선재도","2027-01-08 11:07","85","고조"
"SO_1282","선재도","2027-01-07 04:20","659","저조"
"SO_1282","선재도","2027-01-07 10:30","106","고조"
"SO_1282","선재도","2027-01-07 16:54","762","저조"
"SO_1282","선재도","2027-01-07 23:18","176","고조"
"SO_1282","선재도","2027-01-08 04:57","683","저조"
"SO_1282","선재도","2027-01-08 11:07","85","고조"
"SO_1282","선재도","2027-01-08 17:27","774","저조"
"SO_1282","선재도","2027-01-08 23:51","160","고조"
"SO_1282","선재도","2027-01-09 00:00","805","저조"
"SO_1282","선재도","2027-01-09 00:00","67","고조"
"SO_1282","선재도","2027-01-08 04:57","683","저조"
"SO_1282","선재도","2027-01-08 11:07","85","고조"
"SO_1282","선재도","2027-01-08 17:27","774","저조"
"SO_1282","선재도","2027-01-08 23:51","160","고조"
"SO_1282","선재도","2027-01-09 00:00","805","저조"
"SO_1282","선재도","2027-01-09 00:00","67","고조"
"SO_1282","선재도","2027-01-09 00:00","87","고조"
"SO_1282","선재도","2027-01-09 00:00","824","저조"
"SO_1282","선재도","2027-01-09 05:31","700","저조"
"SO_1282","선재도","2027-01-09 11:42","71","고조"
"SO_1282","선재도","2027-01-09 00:00","87","고조"
"SO_1282","선재도","2027-01-09 00:00","805","저조"
"SO_1282","선재도","2027-01-09 00:00","67","고조"
"SO_1282","선재도","2027-01-09 00:00","824","저조"
"SO_1282","선재도","2027-01-09 05:31","700","저조"
"SO_1282","선재도","2027-01-09 11:42","71","고조"
"SO_1282","선재도","2027-01-09 17:57","782","저조"
"SO_1282","선재도","2027-01-10 00:00","72","고조"
"SO_1282","선재도","2027-01-10 00:00","136","고조"
"SO_1282","선재도","2027-01-10 00:00","795","저조"
"SO_1282","선재도","2027-01-10 00:00","733","저조"
"SO_1282","선재도","2027-01-10 00:00","72","고조"
"SO_1282","선재도","2027-01-10 00:00","795","저조"
"SO_1282","선재도","2027-01-10 00:00","136","고조"
"SO_1282","선재도","2027-01-10 00:23","148","고조"
"SO_1282","선재도","2027-01-10 06:03","710","저조"
"SO_1282","선재도","2027-01-10 12:14","64","고조"
"SO_1282","선재도","2027-01-10 18:25","786","저조"
"SO_1282","선재도","2027-01-11 00:52","140","고조"
"SO_1282","선재도","2027-01-11 06:34","713","저조"
"SO_1282","선재도","2027-01-11 00:52","140","고조"
"SO_1282","선재도","2027-01-11 06:34","713","저조"
"SO_1282","선재도","2027-01-11 12:46","65","고조"
"SO_1282","선재도","2027-01-11 18:53","786","저조"
"SO_1282","선재도","2027-01-12 01:21","136","고조"
"SO_1282","선재도","2027-01-12 07:05","712","저조"
"SO_1282","선재도","2027-01-12 13:18","76","고조"
"SO_1282","선재도","2027-01-12 19:22","778","저조"
"SO_1282","선재도","2027-01-13 01:49","136","고조"
"SO_1282","선재도","2027-01-13 07:37","706","저조"
"SO_1282","선재도","2027-01-12 01:21","136","고조"
"SO_1282","선재도","2027-01-12 07:05","712","저조"
"SO_1282","선재도","2027-01-12 13:18","76","고조"
"SO_1282","선재도","2027-01-12 19:22","778","저조"
"SO_1282","선재도","2027-01-13 01:49","136","고조"
"SO_1282","선재도","2027-01-13 07:37","706","저조"
"SO_1282","선재도","2027-01-13 13:51","99","고조"
"SO_1282","선재도","2027-01-13 19:52","761","저조"
"SO_1282","선재도","2027-01-14 02:20","142","고조"
"SO_1282","선재도","2027-01-14 08:12","695","저조"
"SO_1282","선재도","2027-01-13 01:49","136","고조"
"SO_1282","선재도","2027-01-13 07:37","706","저조"
"SO_1282","선재도","2027-01-13 13:51","99","고조"
"SO_1282","선재도","2027-01-13 19:52","761","저조"
"SO_1282","선재도","2027-01-14 02:20","142","고조"
"SO_1282","선재도","2027-01-14 08:12","695","저조"
"SO_1282","선재도","2027-01-14 14:27","134","고조"
"SO_1282","선재도","2027-01-14 20:25","731","저조"
"SO_1282","선재도","2027-01-15 02:53","153","고조"
"SO_1282","선재도","2027-01-15 08:54","679","저조"
"SO_1282","선재도","2027-01-14 02:20","142","고조"
"SO_1282","선재도","2027-01-14 08:12","695","저조"
"SO_1282","선재도","2027-01-14 14:27","134","고조"
"SO_1282","선재도","2027-01-14 20:25","731","저조"
"SO_1282","선재도","2027-01-15 02:53","153","고조"
"SO_1282","선재도","2027-01-15 08:54","679","저조"
"SO_1282","선재도","2027-01-15 15:07","180","고조"
"SO_1282","선재도","2027-01-15 21:04","690","저조"
"SO_1282","선재도","2027-01-16 03:34","170","고조"
"SO_1282","선재도","2027-01-16 09:46","660","저조"
"SO_1282","선재도","2027-01-15 02:53","153","고조"
"SO_1282","선재도","2027-01-15 08:54","679","저조"
"SO_1282","선재도","2027-01-15 15:07","180","고조"
"SO_1282","선재도","2027-01-15 21:04","690","저조"
"SO_1282","선재도","2027-01-16 03:34","170","고조"
"SO_1282","선재도","2027-01-16 09:46","660","저조"
"SO_1282","선재도","2027-01-16 15:58","232","고조"
"SO_1282","선재도","2027-01-16 21:53","641","저조"
"SO_1282","선재도","2027-01-17 04:27","188","고조"
"SO_1282","선재도","2027-01-17 10:55","646","저조"
"SO_1282","선재도","2027-01-16 03:34","170","고조"
"SO_1282","선재도","2027-01-16 09:46","660","저조"
"SO_1282","선재도","2027-01-16 15:58","232","고조"
"SO_1282","선재도","2027-01-16 21:53","641","저조"
"SO_1282","선재도","2027-01-17 04:27","188","고조"
"SO_1282","선재도","2027-01-17 10:55","646","저조"
"SO_1282","선재도","2027-01-17 17:08","279","고조"
"SO_1282","선재도","2027-01-17 23:01","596","저조"
"SO_1282","선재도","2027-01-18 05:39","198","고조"
"SO_1282","선재도","2027-01-18 12:20","652","저조"
"SO_1282","선재도","2027-01-17 04:27","188","고조"
"SO_1282","선재도","2027-01-17 10:55","646","저조"
"SO_1282","선재도","2027-01-17 17:08","279","고조"
"SO_1282","선재도","2027-01-17 23:01","596","저조"
"SO_1282","선재도","2027-01-18 05:39","198","고조"
"SO_1282","선재도","2027-01-18 12:20","652","저조"
"SO_1282","선재도","2027-01-18 18:44","298","고조"
"SO_1282","선재도","2027-01-19 00:32","575","저조"
"SO_1282","선재도","2027-01-19 07:05","184","고조"
"SO_1282","선재도","2027-01-19 13:45","687","저조"
"SO_1282","선재도","2027-01-18 05:39","198","고조"
"SO_1282","선재도","2027-01-18 12:20","652","저조"
"SO_1282","선재도","2027-01-18 18:44","298","고조"
"SO_1282","선재도","2027-01-19 00:32","575","저조"
"SO_1282","선재도","2027-01-19 07:05","184","고조"
"SO_1282","선재도","2027-01-19 13:45","687","저조"
"SO_1282","선재도","2027-01-19 20:19","273","고조"
"SO_1282","선재도","2027-01-20 02:02","594","저조"
"SO_1282","선재도","2027-01-20 08:25","141","고조"
"SO_1282","선재도","2027-01-20 14:58","739","저조"
"SO_1282","선재도","2027-01-19 00:32","575","저조"
"SO_1282","선재도","2027-01-19 07:05","184","고조"
"SO_1282","선재도","2027-01-19 13:45","687","저조"
"SO_1282","선재도","2027-01-19 20:19","273","고조"
"SO_1282","선재도","2027-01-20 02:02","594","저조"
"SO_1282","선재도","2027-01-20 08:25","141","고조"
"SO_1282","선재도","2027-01-20 14:58","739","저조"
"SO_1282","선재도","2027-01-20 21:33","221","고조"
"SO_1282","선재도","2027-01-21 03:14","639","저조"
"SO_1282","선재도","2027-01-21 09:33","86","고조"
"SO_1282","선재도","2027-01-20 02:02","594","저조"
"SO_1282","선재도","2027-01-20 08:25","141","고조"
"SO_1282","선재도","2027-01-20 14:58","739","저조"
"SO_1282","선재도","2027-01-20 21:33","221","고조"
"SO_1282","선재도","2027-01-21 03:14","639","저조"
"SO_1282","선재도","2027-01-21 09:33","86","고조"
"SO_1282","선재도","2027-01-21 15:59","793","저조"
"SO_1282","선재도","2027-01-21 22:32","164","고조"
"SO_1282","선재도","2027-01-22 04:14","692","저조"
"SO_1282","선재도","2027-01-22 10:32","32","고조"
"SO_1282","선재도","2027-01-21 03:14","639","저조"
"SO_1282","선재도","2027-01-21 09:33","86","고조"
"SO_1282","선재도","2027-01-21 15:59","793","저조"
"SO_1282","선재도","2027-01-21 22:32","164","고조"
"SO_1282","선재도","2027-01-22 04:14","692","저조"
"SO_1282","선재도","2027-01-22 10:32","32","고조"
"SO_1282","선재도","2027-01-22 16:51","838","저조"
"SO_1282","선재도","2027-01-22 23:22","114","고조"
"SO_1282","선재도","2027-01-23 05:05","739","저조"
"SO_1282","선재도","2027-01-23 11:24","-9","고조"
"SO_1282","선재도","2027-01-22 04:14","692","저조"
"SO_1282","선재도","2027-01-22 10:32","32","고조"
"SO_1282","선재도","2027-01-22 16:51","838","저조"
"SO_1282","선재도","2027-01-22 23:22","114","고조"
"SO_1282","선재도","2027-01-23 05:05","739","저조"
"SO_1282","선재도","2027-01-23 11:24","-9","고조"
"SO_1282","선재도","2027-01-23 17:38","866","저조"
"SO_1282","선재도","2027-01-24 00:08","75","고조"
"SO_1282","선재도","2027-01-24 05:51","773","저조"
"SO_1282","선재도","2027-01-24 12:11","-29","고조"
"SO_1282","선재도","2027-01-23 05:05","739","저조"
"SO_1282","선재도","2027-01-23 11:24","-9","고조"
"SO_1282","선재도","2027-01-23 17:38","866","저조"
"SO_1282","선재도","2027-01-24 00:08","75","고조"
"SO_1282","선재도","2027-01-24 05:51","773","저조"
"SO_1282","선재도","2027-01-24 12:11","-29","고조"
"SO_1282","선재도","2027-01-24 18:20","875","저조"
"SO_1282","선재도","2027-01-25 00:48","52","고조"
"SO_1282","선재도","2027-01-25 06:34","790","저조"
"SO_1282","선재도","2027-01-25 12:53","-25","고조"
"SO_1282","선재도","2027-01-24 00:08","75","고조"
"SO_1282","선재도","2027-01-24 05:51","773","저조"
"SO_1282","선재도","2027-01-24 12:11","-29","고조"
"SO_1282","선재도","2027-01-24 18:20","875","저조"
"SO_1282","선재도","2027-01-25 00:48","52","고조"
"SO_1282","선재도","2027-01-25 06:34","790","저조"
"SO_1282","선재도","2027-01-25 12:53","-25","고조"
"SO_1282","선재도","2027-01-25 18:58","864","저조"
"SO_1282","선재도","2027-01-26 01:25","47","고조"
"SO_1282","선재도","2027-01-26 07:14","789","저조"
"SO_1282","선재도","2027-01-25 00:48","52","고조"
"SO_1282","선재도","2027-01-25 06:34","790","저조"
"SO_1282","선재도","2027-01-25 12:53","-25","고조"
"SO_1282","선재도","2027-01-25 18:58","864","저조"
"SO_1282","선재도","2027-01-26 01:25","47","고조"
"SO_1282","선재도","2027-01-26 07:14","789","저조"
"SO_1282","선재도","2027-01-26 13:32","4","고조"
"SO_1282","선재도","2027-01-26 19:33","834","저조"
"SO_1282","선재도","2027-01-27 01:59","59","고조"
"SO_1282","선재도","2027-01-27 07:52","771","저조"
"SO_1282","선재도","2027-01-26 01:25","47","고조"
"SO_1282","선재도","2027-01-26 07:14","789","저조"
"SO_1282","선재도","2027-01-26 13:32","4","고조"
"SO_1282","선재도","2027-01-26 19:33","834","저조"
"SO_1282","선재도","2027-01-27 01:59","59","고조"
"SO_1282","선재도","2027-01-27 07:52","771","저조"
"SO_1282","선재도","2027-01-27 14:09","56","고조"
"SO_1282","선재도","2027-01-27 20:06","788","저조"
"SO_1282","선재도","2027-01-28 02:31","85","고조"
"SO_1282","선재도","2027-01-28 08:30","739","저조"
"SO_1282","선재도","2027-01-27 01:59","59","고조"
"SO_1282","선재도","2027-01-27 07:52","771","저조"
"SO_1282","선재도","2027-01-27 14:09","56","고조"
"SO_1282","선재도","2027-01-27 20:06","788","저조"
"SO_1282","선재도","2027-01-28 02:31","85","고조"
"SO_1282","선재도","2027-01-28 08:30","739","저조"
"SO_1282","선재도","2027-01-28 14:45","126","고조"
"SO_1282","선재도","2027-01-28 20:37","730","저조"
"SO_1282","선재도","2027-01-29 03:02","123","고조"
"SO_1282","선재도","2027-01-29 09:10","696","저조"
"SO_1282","선재도","2027-01-28 02:31","85","고조"
"SO_1282","선재도","2027-01-28 08:30","739","저조"
"SO_1282","선재도","2027-01-28 14:45","126","고조"
"SO_1282","선재도","2027-01-28 20:37","730","저조"
"SO_1282","선재도","2027-01-29 03:02","123","고조"
"SO_1282","선재도","2027-01-29 09:10","696","저조"
"SO_1282","선재도","2027-01-29 15:23","205","고조"
"SO_1282","선재도","2027-01-29 21:11","665","저조"
"SO_1282","선재도","2027-01-30 03:37","171","고조"
"SO_1282","선재도","2027-01-30 09:59","646","저조"
"SO_1282","선재도","2027-01-29 03:02","123","고조"
"SO_1282","선재도","2027-01-29 09:10","696","저조"
"SO_1282","선재도","2027-01-29 15:23","205","고조"
"SO_1282","선재도","2027-01-29 21:11","665","저조"
"SO_1282","선재도","2027-01-30 03:37","171","고조"
"SO_1282","선재도","2027-01-30 09:59","646","저조"
"SO_1282","선재도","2027-01-30 16:11","286","고조"
"SO_1282","선재도","2027-01-30 21:54","595","저조"
"SO_1282","선재도","2027-01-31 04:25","223","고조"
"SO_1282","선재도","2027-01-31 11:11","602","저조"
"SO_1282","선재도","2027-01-30 03:37","171","고조"
"SO_1282","선재도","2027-01-30 09:59","646","저조"
"SO_1282","선재도","2027-01-30 16:11","286","고조"
"SO_1282","선재도","2027-01-30 21:54","595","저조"
"SO_1282","선재도","2027-01-31 04:25","223","고조"
"SO_1282","선재도","2027-01-31 11:11","602","저조"
"SO_1282","선재도","2027-01-31 17:29","351","고조"
"SO_1282","선재도","2027-01-31 23:04","534","저조"
"SO_1282","선재도","2027-02-01 05:43","263","고조"
"SO_1282","선재도","2027-02-01 12:59","592","저조"
"SO_1282","선재도","2027-01-31 04:25","223","고조"
"SO_1282","선재도","2027-01-31 11:11","602","저조"
"SO_1282","선재도","2027-01-31 17:29","351","고조"
"SO_1282","선재도","2027-01-31 23:04","534","저조"
"SO_1282","선재도","2027-02-01 05:43","263","고조"
"SO_1282","선재도","2027-02-01 12:59","592","저조"
"SO_1282","선재도","2027-02-01 19:35","362","고조"
"SO_1282","선재도","2027-02-02 01:01","514","저조"
"SO_1282","선재도","2027-02-02 07:29","261","고조"
"SO_1282","선재도","2027-02-02 14:31","627","저조"
"SO_1282","선재도","2027-02-01 05:43","263","고조"
"SO_1282","선재도","2027-02-01 12:59","592","저조"
"SO_1282","선재도","2027-02-01 19:35","362","고조"
"SO_1282","선재도","2027-02-02 01:01","514","저조"
"SO_1282","선재도","2027-02-02 07:29","261","고조"
"SO_1282","선재도","2027-02-02 14:31","627","저조"
"SO_1282","선재도","2027-02-02 21:03","317","고조"
"SO_1282","선재도","2027-02-03 02:33","549","저조"
"SO_1282","선재도","2027-02-03 08:46","221","고조"
"SO_1282","선재도","2027-02-03 15:28","675","저조"
"SO_1282","선재도","2027-02-02 01:01","514","저조"
"SO_1282","선재도","2027-02-02 07:29","261","고조"
"SO_1282","선재도","2027-02-02 14:31","627","저조"
"SO_1282","선재도","2027-02-02 21:03","317","고조"
"SO_1282","선재도","2027-02-03 02:33","549","저조"
"SO_1282","선재도","2027-02-03 08:46","221","고조"
"SO_1282","선재도","2027-02-03 15:28","675","저조"
"SO_1282","선재도","2027-02-03 21:53","263","고조"
"SO_1282","선재도","2027-02-04 03:29","603","저조"
"SO_1282","선재도","2027-02-04 09:38","171","고조"
"SO_1282","선재도","2027-02-03 02:33","549","저조"
"SO_1282","선재도","2027-02-03 08:46","221","고조"
"SO_1282","선재도","2027-02-03 15:28","675","저조"
"SO_1282","선재도","2027-02-03 21:53","263","고조"
"SO_1282","선재도","2027-02-04 03:29","603","저조"
"SO_1282","선재도","2027-02-04 09:38","171","고조"
"SO_1282","선재도","2027-02-04 16:08","716","저조"
"SO_1282","선재도","2027-02-04 22:31","215","고조"
"SO_1282","선재도","2027-02-05 04:10","653","저조"
"SO_1282","선재도","2027-02-05 10:20","127","고조"
"SO_1282","선재도","2027-02-04 03:29","603","저조"
"SO_1282","선재도","2027-02-04 09:38","171","고조"
"SO_1282","선재도","2027-02-04 16:08","716","저조"
"SO_1282","선재도","2027-02-04 22:31","215","고조"
"SO_1282","선재도","2027-02-05 04:10","653","저조"
"SO_1282","선재도","2027-02-05 10:20","127","고조"
"SO_1282","선재도","2027-02-05 16:41","749","저조"
"SO_1282","선재도","2027-02-05 23:04","175","고조"
"SO_1282","선재도","2027-02-06 04:45","693","저조"
"SO_1282","선재도","2027-02-06 10:56","91","고조"
"SO_1282","선재도","2027-02-05 04:10","653","저조"
"SO_1282","선재도","2027-02-05 10:20","127","고조"
"SO_1282","선재도","2027-02-05 16:41","749","저조"
"SO_1282","선재도","2027-02-05 23:04","175","고조"
"SO_1282","선재도","2027-02-06 04:45","693","저조"
"SO_1282","선재도","2027-02-06 10:56","91","고조"
"SO_1282","선재도","2027-02-06 17:10","774","저조"
"SO_1282","선재도","2027-02-06 23:34","143","고조"
"SO_1282","선재도","2027-02-07 05:17","723","저조"
"SO_1282","선재도","2027-02-07 11:29","65","고조"
"SO_1282","선재도","2027-02-06 04:45","693","저조"
"SO_1282","선재도","2027-02-06 10:56","91","고조"
"SO_1282","선재도","2027-02-06 17:10","774","저조"
"SO_1282","선재도","2027-02-06 23:34","143","고조"
"SO_1282","선재도","2027-02-07 05:17","723","저조"
"SO_1282","선재도","2027-02-07 11:29","65","고조"
"SO_1282","선재도","2027-02-07 17:38","792","저조"
"SO_1282","선재도","2027-02-08 00:03","117","고조"
"SO_1282","선재도","2027-02-08 05:47","744","저조"
"SO_1282","선재도","2027-02-08 12:01","49","고조"
"SO_1282","선재도","2027-02-07 05:17","723","저조"
"SO_1282","선재도","2027-02-07 11:29","65","고조"
"SO_1282","선재도","2027-02-07 17:38","792","저조"
"SO_1282","선재도","2027-02-08 00:03","117","고조"
"SO_1282","선재도","2027-02-08 05:47","744","저조"
"SO_1282","선재도","2027-02-08 12:01","49","고조"
"SO_1282","선재도","2027-02-08 18:05","804","저조"
"SO_1282","선재도","2027-02-09 00:31","97","고조"
"SO_1282","선재도","2027-02-09 06:16","757","저조"
"SO_1282","선재도","2027-02-09 12:33","44","고조"
"SO_1282","선재도","2027-02-08 00:03","117","고조"
"SO_1282","선재도","2027-02-08 05:47","744","저조"
"SO_1282","선재도","2027-02-08 12:01","49","고조"
"SO_1282","선재도","2027-02-08 18:05","804","저조"
"SO_1282","선재도","2027-02-09 00:31","97","고조"
"SO_1282","선재도","2027-02-09 06:16","757","저조"
"SO_1282","선재도","2027-02-09 12:33","44","고조"
"SO_1282","선재도","2027-02-09 18:32","808","저조"
"SO_1282","선재도","2027-02-10 00:58","84","고조"
"SO_1282","선재도","2027-02-10 06:46","764","저조"
"SO_1282","선재도","2027-02-09 00:31","97","고조"
"SO_1282","선재도","2027-02-09 06:16","757","저조"
"SO_1282","선재도","2027-02-09 12:33","44","고조"
"SO_1282","선재도","2027-02-09 18:32","808","저조"
"SO_1282","선재도","2027-02-10 00:58","84","고조"
"SO_1282","선재도","2027-02-10 06:46","764","저조"
"SO_1282","선재도","2027-02-10 13:04","52","고조"
"SO_1282","선재도","2027-02-10 18:59","801","저조"
"SO_1282","선재도","2027-02-11 01:25","79","고조"
"SO_1282","선재도","2027-02-11 07:16","765","저조"
"SO_1282","선재도","2027-02-10 00:58","84","고조"
"SO_1282","선재도","2027-02-10 06:46","764","저조"
"SO_1282","선재도","2027-02-10 13:04","52","고조"
"SO_1282","선재도","2027-02-10 18:59","801","저조"
"SO_1282","선재도","2027-02-11 01:25","79","고조"
"SO_1282","선재도","2027-02-11 07:16","765","저조"
"SO_1282","선재도","2027-02-11 13:34","75","고조"
"SO_1282","선재도","2027-02-11 19:27","782","저조"
"SO_1282","선재도","2027-02-12 01:52","84","고조"
"SO_1282","선재도","2027-02-12 07:48","757","저조"
"SO_1282","선재도","2027-02-11 01:25","79","고조"
"SO_1282","선재도","2027-02-11 07:16","765","저조"
"SO_1282","선재도","2027-02-11 13:34","75","고조"
"SO_1282","선재도","2027-02-11 19:27","782","저조"
"SO_1282","선재도","2027-02-12 01:52","84","고조"
"SO_1282","선재도","2027-02-12 07:48","757","저조"
"SO_1282","선재도","2027-02-12 14:07","113","고조"
"SO_1282","선재도","2027-02-12 19:56","750","저조"
"SO_1282","선재도","2027-02-13 02:21","98","고조"
"SO_1282","선재도","2027-02-13 08:25","739","저조"
"SO_1282","선재도","2027-02-12 01:52","84","고조"
"SO_1282","선재도","2027-02-12 07:48","757","저조"
"SO_1282","선재도","2027-02-12 14:07","113","고조"
"SO_1282","선재도","2027-02-12 19:56","750","저조"
"SO_1282","선재도","2027-02-13 02:21","98","고조"
"SO_1282","선재도","2027-02-13 08:25","739","저조"
"SO_1282","선재도","2027-02-13 14:42","166","고조"
"SO_1282","선재도","2027-02-13 20:30","704","저조"
"SO_1282","선재도","2027-02-14 02:56","125","고조"
"SO_1282","선재도","2027-02-14 09:09","706","저조"
"SO_1282","선재도","2027-02-13 02:21","98","고조"
"SO_1282","선재도","2027-02-13 08:25","739","저조"
"SO_1282","선재도","2027-02-13 14:42","166","고조"
"SO_1282","선재도","2027-02-13 20:30","704","저조"
"SO_1282","선재도","2027-02-14 02:56","125","고조"
"SO_1282","선재도","2027-02-14 09:09","706","저조"
"SO_1282","선재도","2027-02-14 15:26","230","고조"
"SO_1282","선재도","2027-02-14 21:11","645","저조"
"SO_1282","선재도","2027-02-15 03:41","165","고조"
"SO_1282","선재도","2027-02-15 10:11","665","저조"
"SO_1282","선재도","2027-02-14 02:56","125","고조"
"SO_1282","선재도","2027-02-14 09:09","706","저조"
"SO_1282","선재도","2027-02-14 15:26","230","고조"
"SO_1282","선재도","2027-02-14 21:11","645","저조"
"SO_1282","선재도","2027-02-15 03:41","165","고조"
"SO_1282","선재도","2027-02-15 10:11","665","저조"
"SO_1282","선재도","2027-02-15 16:28","297","고조"
"SO_1282","선재도","2027-02-15 22:12","581","저조"
"SO_1282","선재도","2027-02-16 04:51","208","고조"
"SO_1282","선재도","2027-02-16 11:44","637","저조"
"SO_1282","선재도","2027-02-15 03:41","165","고조"
"SO_1282","선재도","2027-02-15 10:11","665","저조"
"SO_1282","선재도","2027-02-15 16:28","297","고조"
"SO_1282","선재도","2027-02-15 22:12","581","저조"
"SO_1282","선재도","2027-02-16 04:51","208","고조"
"SO_1282","선재도","2027-02-16 11:44","637","저조"
"SO_1282","선재도","2027-02-16 18:16","337","고조"
"SO_1282","선재도","2027-02-16 23:59","539","저조"
"SO_1282","선재도","2027-02-17 06:38","220","고조"
"SO_1282","선재도","2027-02-17 13:34","658","저조"
"SO_1282","선재도","2027-02-16 04:51","208","고조"
"SO_1282","선재도","2027-02-16 11:44","637","저조"
"SO_1282","선재도","2027-02-16 18:16","337","고조"
"SO_1282","선재도","2027-02-16 23:59","539","저조"
"SO_1282","선재도","2027-02-17 06:38","220","고조"
"SO_1282","선재도","2027-02-17 13:34","658","저조"
"SO_1282","선재도","2027-02-17 20:18","304","고조"
"SO_1282","선재도","2027-02-18 01:57","566","저조"
"SO_1282","선재도","2027-02-18 08:19","174","고조"
"SO_1282","선재도","2027-02-18 14:56","720","저조"
"SO_1282","선재도","2027-02-17 06:38","220","고조"
"SO_1282","선재도","2027-02-17 13:34","658","저조"
"SO_1282","선재도","2027-02-17 20:18","304","고조"
"SO_1282","선재도","2027-02-18 01:57","566","저조"
"SO_1282","선재도","2027-02-18 08:19","174","고조"
"SO_1282","선재도","2027-02-18 14:56","720","저조"
"SO_1282","선재도","2027-02-18 21:32","229","고조"
"SO_1282","선재도","2027-02-19 03:14","638","저조"
"SO_1282","선재도","2027-02-19 09:31","102","고조"
"SO_1282","선재도","2027-02-19 15:54","786","저조"
"SO_1282","선재도","2027-02-18 01:57","566","저조"
"SO_1282","선재도","2027-02-18 08:19","174","고조"
"SO_1282","선재도","2027-02-18 14:56","720","저조"
"SO_1282","선재도","2027-02-18 21:32","229","고조"
"SO_1282","선재도","2027-02-19 03:14","638","저조"
"SO_1282","선재도","2027-02-19 09:31","102","고조"
"SO_1282","선재도","2027-02-19 15:54","786","저조"
"SO_1282","선재도","2027-02-19 22:25","153","고조"
"SO_1282","선재도","2027-02-20 04:09","714","저조"
"SO_1282","선재도","2027-02-20 10:27","35","고조"
"SO_1282","선재도","2027-02-19 03:14","638","저조"
"SO_1282","선재도","2027-02-19 09:31","102","고조"
"SO_1282","선재도","2027-02-19 15:54","786","저조"
"SO_1282","선재도","2027-02-19 22:25","153","고조"
"SO_1282","선재도","2027-02-20 04:09","714","저조"
"SO_1282","선재도","2027-02-20 10:27","35","고조"
"SO_1282","선재도","2027-02-20 16:41","837","저조"
"SO_1282","선재도","2027-02-20 23:09","89","고조"
"SO_1282","선재도","2027-02-21 04:55","775","저조"
"SO_1282","선재도","2027-02-21 11:14","-11","고조"
"SO_1282","선재도","2027-02-20 04:09","714","저조"
"SO_1282","선재도","2027-02-20 10:27","35","고조"
"SO_1282","선재도","2027-02-20 16:41","837","저조"
"SO_1282","선재도","2027-02-20 23:09","89","고조"
"SO_1282","선재도","2027-02-21 04:55","775","저조"
"SO_1282","선재도","2027-02-21 11:14","-11","고조"
"SO_1282","선재도","2027-02-21 17:22","866","저조"
"SO_1282","선재도","2027-02-21 23:48","45","고조"
"SO_1282","선재도","2027-02-22 05:36","814","저조"
"SO_1282","선재도","2027-02-22 11:57","-29","고조"
"SO_1282","선재도","2027-02-21 04:55","775","저조"
"SO_1282","선재도","2027-02-21 11:14","-11","고조"
"SO_1282","선재도","2027-02-21 17:22","866","저조"
"SO_1282","선재도","2027-02-21 23:48","45","고조"
"SO_1282","선재도","2027-02-22 05:36","814","저조"
"SO_1282","선재도","2027-02-22 11:57","-29","고조"
"SO_1282","선재도","2027-02-22 17:58","871","저조"
"SO_1282","선재도","2027-02-23 00:23","21","고조"
"SO_1282","선재도","2027-02-23 06:15","831","저조"
"SO_1282","선재도","2027-02-23 12:35","-20","고조"
"SO_1282","선재도","2027-02-22 05:36","814","저조"
"SO_1282","선재도","2027-02-22 11:57","-29","고조"
"SO_1282","선재도","2027-02-22 17:58","871","저조"
"SO_1282","선재도","2027-02-23 00:23","21","고조"
"SO_1282","선재도","2027-02-23 06:15","831","저조"
"SO_1282","선재도","2027-02-23 12:35","-20","고조"
"SO_1282","선재도","2027-02-23 18:32","856","저조"
"SO_1282","선재도","2027-02-24 00:56","17","고조"
"SO_1282","선재도","2027-02-24 06:50","828","저조"
"SO_1282","선재도","2027-02-24 13:10","14","고조"
"SO_1282","선재도","2027-02-23 00:23","21","고조"
"SO_1282","선재도","2027-02-23 06:15","831","저조"
"SO_1282","선재도","2027-02-23 12:35","-20","고조"
"SO_1282","선재도","2027-02-23 18:32","856","저조"
"SO_1282","선재도","2027-02-24 00:56","17","고조"
"SO_1282","선재도","2027-02-24 06:50","828","저조"
"SO_1282","선재도","2027-02-24 13:10","14","고조"
"SO_1282","선재도","2027-02-24 19:03","825","저조"
"SO_1282","선재도","2027-02-25 01:25","30","고조"
"SO_1282","선재도","2027-02-25 07:24","809","저조"
"SO_1282","선재도","2027-02-24 00:56","17","고조"
"SO_1282","선재도","2027-02-24 06:50","828","저조"
"SO_1282","선재도","2027-02-24 13:10","14","고조"
"SO_1282","선재도","2027-02-24 19:03","825","저조"
"SO_1282","선재도","2027-02-25 01:25","30","고조"
"SO_1282","선재도","2027-02-25 07:24","809","저조"
"SO_1282","선재도","2027-02-25 13:43","68","고조"
"SO_1282","선재도","2027-02-25 19:31","781","저조"
"SO_1282","선재도","2027-02-26 01:52","58","고조"
"SO_1282","선재도","2027-02-26 07:56","774","저조"
"SO_1282","선재도","2027-02-25 01:25","30","고조"
"SO_1282","선재도","2027-02-25 07:24","809","저조"
"SO_1282","선재도","2027-02-25 13:43","68","고조"
"SO_1282","선재도","2027-02-25 19:31","781","저조"
"SO_1282","선재도","2027-02-26 01:52","58","고조"
"SO_1282","선재도","2027-02-26 07:56","774","저조"
"SO_1282","선재도","2027-02-26 14:14","135","고조"
"SO_1282","선재도","2027-02-26 19:59","727","저조"
"SO_1282","선재도","2027-02-27 02:19","99","고조"
"SO_1282","선재도","2027-02-27 08:30","727","저조"
"SO_1282","선재도","2027-02-26 01:52","58","고조"
"SO_1282","선재도","2027-02-26 07:56","774","저조"
"SO_1282","선재도","2027-02-26 14:14","135","고조"
"SO_1282","선재도","2027-02-26 19:59","727","저조"
"SO_1282","선재도","2027-02-27 02:19","99","고조"
"SO_1282","선재도","2027-02-27 08:30","727","저조"
"SO_1282","선재도","2027-02-27 14:47","212","고조"
"SO_1282","선재도","2027-02-27 20:29","664","저조"
"SO_1282","선재도","2027-02-28 02:48","153","고조"
"SO_1282","선재도","2027-02-28 09:11","668","저조"
"SO_1282","선재도","2027-02-27 02:19","99","고조"
"SO_1282","선재도","2027-02-27 08:30","727","저조"
"SO_1282","선재도","2027-02-27 14:47","212","고조"
"SO_1282","선재도","2027-02-27 20:29","664","저조"
"SO_1282","선재도","2027-02-28 02:48","153","고조"
"SO_1282","선재도","2027-02-28 09:11","668","저조"
"SO_1282","선재도","2027-02-28 15:26","293","고조"
"SO_1282","선재도","2027-02-28 21:03","594","저조"
"SO_1282","선재도","2027-03-01 03:25","217","고조"
"SO_1282","선재도","2027-03-01 10:09","605","저조"
"SO_1282","선재도","2027-02-28 02:48","153","고조"
"SO_1282","선재도","2027-02-28 09:11","668","저조"
"SO_1282","선재도","2027-02-28 15:26","293","고조"
"SO_1282","선재도","2027-02-28 21:03","594","저조"
"SO_1282","선재도","2027-03-01 03:25","217","고조"
"SO_1282","선재도","2027-03-01 10:09","605","저조"
"SO_1282","선재도","2027-03-01 16:28","368","고조"
"SO_1282","선재도","2027-03-01 21:59","524","저조"
"SO_1282","선재도","2027-03-02 04:29","281","고조"
"SO_1282","선재도","2027-03-02 12:06","567","저조"
"SO_1282","선재도","2027-03-01 03:25","217","고조"
"SO_1282","선재도","2027-03-01 10:09","605","저조"
"SO_1282","선재도","2027-03-01 16:28","368","고조"
"SO_1282","선재도","2027-03-01 21:59","524","저조"
"SO_1282","선재도","2027-03-02 04:29","281","고조"
"SO_1282","선재도","2027-03-02 12:06","567","저조"
"SO_1282","선재도","2027-03-02 19:04","393","고조"
"SO_1282","선재도","2027-03-03 00:15","486","저조"
"SO_1282","선재도","2027-03-03 06:44","306","고조"
"SO_1282","선재도","2027-03-03 14:08","595","저조"
"SO_1282","선재도","2027-03-02 04:29","281","고조"
"SO_1282","선재도","2027-03-02 12:06","567","저조"
"SO_1282","선재도","2027-03-02 19:04","393","고조"
"SO_1282","선재도","2027-03-03 00:15","486","저조"
"SO_1282","선재도","2027-03-03 06:44","306","고조"
"SO_1282","선재도","2027-03-03 14:08","595","저조"
"SO_1282","선재도","2027-03-03 20:47","340","고조"
"SO_1282","선재도","2027-03-04 02:13","528","저조"
"SO_1282","선재도","2027-03-04 08:25","262","고조"
"SO_1282","선재도","2027-03-04 15:07","648","저조"
"SO_1282","선재도","2027-03-03 00:15","486","저조"
"SO_1282","선재도","2027-03-03 06:44","306","고조"
"SO_1282","선재도","2027-03-03 14:08","595","저조"
"SO_1282","선재도","2027-03-03 20:47","340","고조"
"SO_1282","선재도","2027-03-04 02:13","528","저조"
"SO_1282","선재도","2027-03-04 08:25","262","고조"
"SO_1282","선재도","2027-03-04 15:07","648","저조"
"SO_1282","선재도","2027-03-04 21:34","276","고조"
"SO_1282","선재도","2027-03-05 03:10","595","저조"
"SO_1282","선재도","2027-03-05 09:20","201","고조"
"SO_1282","선재도","2027-03-04 02:13","528","저조"
"SO_1282","선재도","2027-03-04 08:25","262","고조"
"SO_1282","선재도","2027-03-04 15:07","648","저조"
"SO_1282","선재도","2027-03-04 21:34","276","고조"
"SO_1282","선재도","2027-03-05 03:10","595","저조"
"SO_1282","선재도","2027-03-05 09:20","201","고조"
"SO_1282","선재도","2027-03-05 15:45","697","저조"
"SO_1282","선재도","2027-03-05 22:07","216","고조"
"SO_1282","선재도","2027-03-06 03:49","657","저조"
"SO_1282","선재도","2027-03-06 10:00","145","고조"
"SO_1282","선재도","2027-03-05 03:10","595","저조"
"SO_1282","선재도","2027-03-05 09:20","201","고조"
"SO_1282","선재도","2027-03-05 15:45","697","저조"
"SO_1282","선재도","2027-03-05 22:07","216","고조"
"SO_1282","선재도","2027-03-06 03:49","657","저조"
"SO_1282","선재도","2027-03-06 10:00","145","고조"
"SO_1282","선재도","2027-03-06 16:15","738","저조"
"SO_1282","선재도","2027-03-06 22:37","164","고조"
"SO_1282","선재도","2027-03-07 04:22","709","저조"
"SO_1282","선재도","2027-03-07 10:35","100","고조"
"SO_1282","선재도","2027-03-06 03:49","657","저조"
"SO_1282","선재도","2027-03-06 10:00","145","고조"
"SO_1282","선재도","2027-03-06 16:15","738","저조"
"SO_1282","선재도","2027-03-06 22:37","164","고조"
"SO_1282","선재도","2027-03-07 04:22","709","저조"
"SO_1282","선재도","2027-03-07 10:35","100","고조"
"SO_1282","선재도","2027-03-07 16:43","771","저조"
"SO_1282","선재도","2027-03-07 23:06","120","고조"
"SO_1282","선재도","2027-03-08 04:53","749","저조"
"SO_1282","선재도","2027-03-08 11:09","67","고조"
"SO_1282","선재도","2027-03-07 04:22","709","저조"
"SO_1282","선재도","2027-03-07 10:35","100","고조"
"SO_1282","선재도","2027-03-07 16:43","771","저조"
"SO_1282","선재도","2027-03-07 23:06","120","고조"
"SO_1282","선재도","2027-03-08 04:53","749","저조"
"SO_1282","선재도","2027-03-08 11:09","67","고조"
"SO_1282","선재도","2027-03-08 17:10","794","저조"
"SO_1282","선재도","2027-03-08 23:34","85","고조"
"SO_1282","선재도","2027-03-09 05:23","778","저조"
"SO_1282","선재도","2027-03-09 11:41","47","고조"
"SO_1282","선재도","2027-03-08 04:53","749","저조"
"SO_1282","선재도","2027-03-08 11:09","67","고조"
"SO_1282","선재도","2027-03-08 17:10","794","저조"
"SO_1282","선재도","2027-03-08 23:34","85","고조"
"SO_1282","선재도","2027-03-09 05:23","778","저조"
"SO_1282","선재도","2027-03-09 11:41","47","고조"
"SO_1282","선재도","2027-03-09 17:38","807","저조"
"SO_1282","선재도","2027-03-10 00:02","59","고조"
"SO_1282","선재도","2027-03-10 05:54","799","저조"
"SO_1282","선재도","2027-03-10 12:14","42","고조"
"SO_1282","선재도","2027-03-09 05:23","778","저조"
"SO_1282","선재도","2027-03-09 11:41","47","고조"
"SO_1282","선재도","2027-03-09 17:38","807","저조"
"SO_1282","선재도","2027-03-10 00:02","59","고조"
"SO_1282","선재도","2027-03-10 05:54","799","저조"
"SO_1282","선재도","2027-03-10 12:14","42","고조"
"SO_1282","선재도","2027-03-10 18:06","808","저조"
"SO_1282","선재도","2027-03-11 00:30","44","고조"
"SO_1282","선재도","2027-03-11 06:24","810","저조"
"SO_1282","선재도","2027-03-11 12:46","52","고조"
"SO_1282","선재도","2027-03-10 00:02","59","고조"
"SO_1282","선재도","2027-03-10 05:54","799","저조"
"SO_1282","선재도","2027-03-10 12:14","42","고조"
"SO_1282","선재도","2027-03-10 18:06","808","저조"
"SO_1282","선재도","2027-03-11 00:30","44","고조"
"SO_1282","선재도","2027-03-11 06:24","810","저조"
"SO_1282","선재도","2027-03-11 12:46","52","고조"
"SO_1282","선재도","2027-03-11 18:34","798","저조"
"SO_1282","선재도","2027-03-12 00:57","40","고조"
"SO_1282","선재도","2027-03-12 06:55","812","저조"
"SO_1282","선재도","2027-03-11 00:30","44","고조"
"SO_1282","선재도","2027-03-11 06:24","810","저조"
"SO_1282","선재도","2027-03-11 12:46","52","고조"
"SO_1282","선재도","2027-03-11 18:34","798","저조"
"SO_1282","선재도","2027-03-12 00:57","40","고조"
"SO_1282","선재도","2027-03-12 06:55","812","저조"
"SO_1282","선재도","2027-03-12 13:17","77","고조"
"SO_1282","선재도","2027-03-12 19:03","775","저조"
"SO_1282","선재도","2027-03-13 01:26","48","고조"
"SO_1282","선재도","2027-03-13 07:27","802","저조"
"SO_1282","선재도","2027-03-12 00:57","40","고조"
"SO_1282","선재도","2027-03-12 06:55","812","저조"
"SO_1282","선재도","2027-03-12 13:17","77","고조"
"SO_1282","선재도","2027-03-12 19:03","775","저조"
"SO_1282","선재도","2027-03-13 01:26","48","고조"
"SO_1282","선재도","2027-03-13 07:27","802","저조"
"SO_1282","선재도","2027-03-13 13:50","120","고조"
"SO_1282","선재도","2027-03-13 19:33","739","저조"
"SO_1282","선재도","2027-03-14 01:56","69","고조"
"SO_1282","선재도","2027-03-14 08:04","775","저조"
"SO_1282","선재도","2027-03-13 01:26","48","고조"
"SO_1282","선재도","2027-03-13 07:27","802","저조"
"SO_1282","선재도","2027-03-13 13:50","120","고조"
"SO_1282","선재도","2027-03-13 19:33","739","저조"
"SO_1282","선재도","2027-03-14 01:56","69","고조"
"SO_1282","선재도","2027-03-14 08:04","775","저조"
"SO_1282","선재도","2027-03-14 14:26","177","고조"
"SO_1282","선재도","2027-03-14 20:07","690","저조"
"SO_1282","선재도","2027-03-15 02:30","108","고조"
"SO_1282","선재도","2027-03-15 08:49","729","저조"
"SO_1282","선재도","2027-03-14 01:56","69","고조"
"SO_1282","선재도","2027-03-14 08:04","775","저조"
"SO_1282","선재도","2027-03-14 14:26","177","고조"
"SO_1282","선재도","2027-03-14 20:07","690","저조"
"SO_1282","선재도","2027-03-15 02:30","108","고조"
"SO_1282","선재도","2027-03-15 08:49","729","저조"
"SO_1282","선재도","2027-03-15 15:10","246","고조"
"SO_1282","선재도","2027-03-15 20:49","628","저조"
"SO_1282","선재도","2027-03-16 03:16","164","고조"
"SO_1282","선재도","2027-03-16 09:51","672","저조"
"SO_1282","선재도","2027-03-15 02:30","108","고조"
"SO_1282","선재도","2027-03-15 08:49","729","저조"
"SO_1282","선재도","2027-03-15 15:10","246","고조"
"SO_1282","선재도","2027-03-15 20:49","628","저조"
"SO_1282","선재도","2027-03-16 03:16","164","고조"
"SO_1282","선재도","2027-03-16 09:51","672","저조"
"SO_1282","선재도","2027-03-16 16:16","315","고조"
"SO_1282","선재도","2027-03-16 21:54","560","저조"
"SO_1282","선재도","2027-03-17 04:32","223","고조"
"SO_1282","선재도","2027-03-17 11:33","632","저조"
"SO_1282","선재도","2027-03-16 03:16","164","고조"
"SO_1282","선재도","2027-03-16 09:51","672","저조"
"SO_1282","선재도","2027-03-16 16:16","315","고조"
"SO_1282","선재도","2027-03-16 21:54","560","저조"
"SO_1282","선재도","2027-03-17 04:32","223","고조"
"SO_1282","선재도","2027-03-17 11:33","632","저조"
"SO_1282","선재도","2027-03-17 18:19","344","고조"
"SO_1282","선재도","2027-03-18 00:01","527","저조"
"SO_1282","선재도","2027-03-18 06:33","238","고조"
"SO_1282","선재도","2027-03-18 13:29","656","저조"
"SO_1282","선재도","2027-03-17 04:32","223","고조"
"SO_1282","선재도","2027-03-17 11:33","632","저조"
"SO_1282","선재도","2027-03-17 18:19","344","고조"
"SO_1282","선재도","2027-03-18 00:01","527","저조"
"SO_1282","선재도","2027-03-18 06:33","238","고조"
"SO_1282","선재도","2027-03-18 13:29","656","저조"
"SO_1282","선재도","2027-03-18 20:14","289","고조"
"SO_1282","선재도","2027-03-19 01:57","580","저조"
"SO_1282","선재도","2027-03-19 08:14","184","고조"
"SO_1282","선재도","2027-03-19 14:44","720","저조"
"SO_1282","선재도","2027-03-18 00:01","527","저조"
"SO_1282","선재도","2027-03-18 06:33","238","고조"
"SO_1282","선재도","2027-03-18 13:29","656","저조"
"SO_1282","선재도","2027-03-18 20:14","289","고조"
"SO_1282","선재도","2027-03-19 01:57","580","저조"
"SO_1282","선재도","2027-03-19 08:14","184","고조"
"SO_1282","선재도","2027-03-19 14:44","720","저조"
"SO_1282","선재도","2027-03-19 21:17","205","고조"
"SO_1282","선재도","2027-03-20 03:05","666","저조"
"SO_1282","선재도","2027-03-20 09:21","110","고조"
"SO_1282","선재도","2027-03-19 01:57","580","저조"
"SO_1282","선재도","2027-03-19 08:14","184","고조"
"SO_1282","선재도","2027-03-19 14:44","720","저조"
"SO_1282","선재도","2027-03-19 21:17","205","고조"
"SO_1282","선재도","2027-03-20 03:05","666","저조"
"SO_1282","선재도","2027-03-20 09:21","110","고조"
"SO_1282","선재도","2027-03-20 15:36","781","저조"
"SO_1282","선재도","2027-03-20 22:03","128","고조"
"SO_1282","선재도","2027-03-21 03:54","745","저조"
"SO_1282","선재도","2027-03-21 10:12","50","고조"
"SO_1282","선재도","2027-03-20 03:05","666","저조"
"SO_1282","선재도","2027-03-20 09:21","110","고조"
"SO_1282","선재도","2027-03-20 15:36","781","저조"
"SO_1282","선재도","2027-03-20 22:03","128","고조"
"SO_1282","선재도","2027-03-21 03:54","745","저조"
"SO_1282","선재도","2027-03-21 10:12","50","고조"
"SO_1282","선재도","2027-03-21 16:18","822","저조"
"SO_1282","선재도","2027-03-21 22:43","68","고조"
"SO_1282","선재도","2027-03-22 04:36","803","저조"
"SO_1282","선재도","2027-03-22 10:55","14","고조"
"SO_1282","선재도","2027-03-21 03:54","745","저조"
"SO_1282","선재도","2027-03-21 10:12","50","고조"
"SO_1282","선재도","2027-03-21 16:18","822","저조"
"SO_1282","선재도","2027-03-21 22:43","68","고조"
"SO_1282","선재도","2027-03-22 04:36","803","저조"
"SO_1282","선재도","2027-03-22 10:55","14","고조"
"SO_1282","선재도","2027-03-22 16:55","841","저조"
"SO_1282","선재도","2027-03-22 23:19","30","고조"
"SO_1282","선재도","2027-03-23 05:14","837","저조"
"SO_1282","선재도","2027-03-23 11:35","6","고조"
"SO_1282","선재도","2027-03-22 04:36","803","저조"
"SO_1282","선재도","2027-03-22 10:55","14","고조"
"SO_1282","선재도","2027-03-22 16:55","841","저조"
"SO_1282","선재도","2027-03-22 23:19","30","고조"
"SO_1282","선재도","2027-03-23 05:14","837","저조"
"SO_1282","선재도","2027-03-23 11:35","6","고조"
"SO_1282","선재도","2027-03-23 17:29","839","저조"
"SO_1282","선재도","2027-03-23 23:52","13","고조"
"SO_1282","선재도","2027-03-24 05:50","848","저조"
"SO_1282","선재도","2027-03-24 12:12","21","고조"
"SO_1282","선재도","2027-03-23 05:14","837","저조"
"SO_1282","선재도","2027-03-23 11:35","6","고조"
"SO_1282","선재도","2027-03-23 17:29","839","저조"
"SO_1282","선재도","2027-03-23 23:52","13","고조"
"SO_1282","선재도","2027-03-24 05:50","848","저조"
"SO_1282","선재도","2027-03-24 12:12","21","고조"
"SO_1282","선재도","2027-03-24 18:01","820","저조"
"SO_1282","선재도","2027-03-25 00:22","14","고조"
"SO_1282","선재도","2027-03-25 06:24","842","저조"
"SO_1282","선재도","2027-03-25 12:46","55","고조"
"SO_1282","선재도","2027-03-24 05:50","848","저조"
"SO_1282","선재도","2027-03-24 12:12","21","고조"
"SO_1282","선재도","2027-03-24 18:01","820","저조"
"SO_1282","선재도","2027-03-25 00:22","14","고조"
"SO_1282","선재도","2027-03-25 06:24","842","저조"
"SO_1282","선재도","2027-03-25 12:46","55","고조"
"SO_1282","선재도","2027-03-25 18:31","791","저조"
"SO_1282","선재도","2027-03-26 00:51","28","고조"
"SO_1282","선재도","2027-03-26 06:55","822","저조"
"SO_1282","선재도","2027-03-26 13:18","102","고조"
"SO_1282","선재도","2027-03-25 00:22","14","고조"
"SO_1282","선재도","2027-03-25 06:24","842","저조"
"SO_1282","선재도","2027-03-25 12:46","55","고조"
"SO_1282","선재도","2027-03-25 18:31","791","저조"
"SO_1282","선재도","2027-03-26 00:51","28","고조"
"SO_1282","선재도","2027-03-26 06:55","822","저조"
"SO_1282","선재도","2027-03-26 13:18","102","고조"
"SO_1282","선재도","2027-03-26 19:00","753","저조"
"SO_1282","선재도","2027-03-27 01:17","55","고조"
"SO_1282","선재도","2027-03-27 07:27","788","저조"
"SO_1282","선재도","2027-03-26 00:51","28","고조"
"SO_1282","선재도","2027-03-26 06:55","822","저조"
"SO_1282","선재도","2027-03-26 13:18","102","고조"
"SO_1282","선재도","2027-03-26 19:00","753","저조"
"SO_1282","선재도","2027-03-27 01:17","55","고조"
"SO_1282","선재도","2027-03-27 07:27","788","저조"
"SO_1282","선재도","2027-03-27 13:49","159","고조"
"SO_1282","선재도","2027-03-27 19:29","707","저조"
"SO_1282","선재도","2027-03-28 01:43","94","고조"
"SO_1282","선재도","2027-03-28 07:59","743","저조"
"SO_1282","선재도","2027-03-27 01:17","55","고조"
"SO_1282","선재도","2027-03-27 07:27","788","저조"
"SO_1282","선재도","2027-03-27 13:49","159","고조"
"SO_1282","선재도","2027-03-27 19:29","707","저조"
"SO_1282","선재도","2027-03-28 01:43","94","고조"
"SO_1282","선재도","2027-03-28 07:59","743","저조"
"SO_1282","선재도","2027-03-28 14:20","224","고조"
"SO_1282","선재도","2027-03-28 19:58","654","저조"
"SO_1282","선재도","2027-03-29 02:12","146","고조"
"SO_1282","선재도","2027-03-29 08:37","687","저조"
"SO_1282","선재도","2027-03-28 01:43","94","고조"
"SO_1282","선재도","2027-03-28 07:59","743","저조"
"SO_1282","선재도","2027-03-28 14:20","224","고조"
"SO_1282","선재도","2027-03-28 19:58","654","저조"
"SO_1282","선재도","2027-03-29 02:12","146","고조"
"SO_1282","선재도","2027-03-29 08:37","687","저조"
"SO_1282","선재도","2027-03-29 14:56","292","고조"
"SO_1282","선재도","2027-03-29 20:33","594","저조"
"SO_1282","선재도","2027-03-30 02:48","209","고조"
"SO_1282","선재도","2027-03-30 09:26","625","저조"
"SO_1282","선재도","2027-03-29 02:12","146","고조"
"SO_1282","선재도","2027-03-29 08:37","687","저조"
"SO_1282","선재도","2027-03-29 14:56","292","고조"
"SO_1282","선재도","2027-03-29 20:33","594","저조"
"SO_1282","선재도","2027-03-30 02:48","209","고조"
"SO_1282","선재도","2027-03-30 09:26","625","저조"
"SO_1282","선재도","2027-03-30 15:50","356","고조"
"SO_1282","선재도","2027-03-30 21:26","532","저조"
"SO_1282","선재도","2027-03-31 03:43","276","고조"
"SO_1282","선재도","2027-03-31 10:57","574","저조"
"SO_1282","선재도","2027-03-30 02:48","209","고조"
"SO_1282","선재도","2027-03-30 09:26","625","저조"
"SO_1282","선재도","2027-03-30 15:50","356","고조"
"SO_1282","선재도","2027-03-30 21:26","532","저조"
"SO_1282","선재도","2027-03-31 03:43","276","고조"
"SO_1282","선재도","2027-03-31 10:57","574","저조"
"SO_1282","선재도","2027-03-31 17:57","389","고조"
"SO_1282","선재도","2027-03-31 23:21","492","저조"
"SO_1282","선재도","2027-04-01 05:36","319","고조"
"SO_1282","선재도","2027-04-01 13:07","578","저조"
"SO_1282","선재도","2027-03-31 03:43","276","고조"
"SO_1282","선재도","2027-03-31 10:57","574","저조"
"SO_1282","선재도","2027-03-31 17:57","389","고조"
"SO_1282","선재도","2027-03-31 23:21","492","저조"
"SO_1282","선재도","2027-04-01 05:36","319","고조"
"SO_1282","선재도","2027-04-01 13:07","578","저조"
"SO_1282","선재도","2027-04-01 19:58","347","고조"
"SO_1282","선재도","2027-04-02 01:29","524","저조"
"SO_1282","선재도","2027-04-02 07:39","291","고조"
"SO_1282","선재도","2027-04-02 14:19","623","저조"
"SO_1282","선재도","2027-04-01 05:36","319","고조"
"SO_1282","선재도","2027-04-01 13:07","578","저조"
"SO_1282","선재도","2027-04-01 19:58","347","고조"
"SO_1282","선재도","2027-04-02 01:29","524","저조"
"SO_1282","선재도","2027-04-02 07:39","291","고조"
"SO_1282","선재도","2027-04-02 14:19","623","저조"
"SO_1282","선재도","2027-04-02 20:50","282","고조"
"SO_1282","선재도","2027-04-03 02:33","592","저조"
"SO_1282","선재도","2027-04-03 08:42","233","고조"
"SO_1282","선재도","2027-04-03 15:01","673","저조"
"SO_1282","선재도","2027-04-02 01:29","524","저조"
"SO_1282","선재도","2027-04-02 07:39","291","고조"
"SO_1282","선재도","2027-04-02 14:19","623","저조"
"SO_1282","선재도","2027-04-02 20:50","282","고조"
"SO_1282","선재도","2027-04-03 02:33","592","저조"
"SO_1282","선재도","2027-04-03 08:42","233","고조"
"SO_1282","선재도","2027-04-03 15:01","673","저조"
"SO_1282","선재도","2027-04-03 21:26","217","고조"
"SO_1282","선재도","2027-04-04 03:15","660","저조"
"SO_1282","선재도","2027-04-04 09:26","175","고조"
"SO_1282","선재도","2027-04-03 02:33","592","저조"
"SO_1282","선재도","2027-04-03 08:42","233","고조"
"SO_1282","선재도","2027-04-03 15:01","673","저조"
"SO_1282","선재도","2027-04-03 21:26","217","고조"
"SO_1282","선재도","2027-04-04 03:15","660","저조"
"SO_1282","선재도","2027-04-04 09:26","175","고조"
"SO_1282","선재도","2027-04-04 15:34","717","저조"
"SO_1282","선재도","2027-04-04 21:57","157","고조"
"SO_1282","선재도","2027-04-05 03:49","721","저조"
"SO_1282","선재도","2027-04-05 10:05","125","고조"
"SO_1282","선재도","2027-04-04 03:15","660","저조"
"SO_1282","선재도","2027-04-04 09:26","175","고조"
"SO_1282","선재도","2027-04-04 15:34","717","저조"
"SO_1282","선재도","2027-04-04 21:57","157","고조"
"SO_1282","선재도","2027-04-05 03:49","721","저조"
"SO_1282","선재도","2027-04-05 10:05","125","고조"
"SO_1282","선재도","2027-04-05 16:05","753","저조"
"SO_1282","선재도","2027-04-05 22:27","106","고조"
"SO_1282","선재도","2027-04-06 04:22","770","저조"
"SO_1282","선재도","2027-04-06 10:41","89","고조"
"SO_1282","선재도","2027-04-05 03:49","721","저조"
"SO_1282","선재도","2027-04-05 10:05","125","고조"
"SO_1282","선재도","2027-04-05 16:05","753","저조"
"SO_1282","선재도","2027-04-05 22:27","106","고조"
"SO_1282","선재도","2027-04-06 04:22","770","저조"
"SO_1282","선재도","2027-04-06 10:41","89","고조"
"SO_1282","선재도","2027-04-06 16:36","777","저조"
"SO_1282","선재도","2027-04-06 22:58","66","고조"
"SO_1282","선재도","2027-04-07 04:54","807","저조"
"SO_1282","선재도","2027-04-07 11:17","67","고조"
"SO_1282","선재도","2027-04-06 04:22","770","저조"
"SO_1282","선재도","2027-04-06 10:41","89","고조"
"SO_1282","선재도","2027-04-06 16:36","777","저조"
"SO_1282","선재도","2027-04-06 22:58","66","고조"
"SO_1282","선재도","2027-04-07 04:54","807","저조"
"SO_1282","선재도","2027-04-07 11:17","67","고조"
"SO_1282","선재도","2027-04-07 17:07","788","저조"
"SO_1282","선재도","2027-04-07 23:29","39","고조"
"SO_1282","선재도","2027-04-08 05:27","831","저조"
"SO_1282","선재도","2027-04-08 11:52","62","고조"
"SO_1282","선재도","2027-04-07 04:54","807","저조"
"SO_1282","선재도","2027-04-07 11:17","67","고조"
"SO_1282","선재도","2027-04-07 17:07","788","저조"
"SO_1282","선재도","2027-04-07 23:29","39","고조"
"SO_1282","선재도","2027-04-08 05:27","831","저조"
"SO_1282","선재도","2027-04-08 11:52","62","고조"
"SO_1282","선재도","2027-04-08 17:38","786","저조"
"SO_1282","선재도","2027-04-09 00:00","24","고조"
"SO_1282","선재도","2027-04-09 06:01","843","저조"
"SO_1282","선재도","2027-04-09 12:27","73","고조"
"SO_1282","선재도","2027-04-08 05:27","831","저조"
"SO_1282","선재도","2027-04-08 11:52","62","고조"
"SO_1282","선재도","2027-04-08 17:38","786","저조"
"SO_1282","선재도","2027-04-09 00:00","24","고조"
"SO_1282","선재도","2027-04-09 06:01","843","저조"
"SO_1282","선재도","2027-04-09 12:27","73","고조"
"SO_1282","선재도","2027-04-09 18:11","773","저조"
"SO_1282","선재도","2027-04-10 00:32","22","고조"
"SO_1282","선재도","2027-04-10 06:36","842","저조"
"SO_1282","선재도","2027-04-10 13:03","99","고조"
"SO_1282","선재도","2027-04-09 00:00","24","고조"
"SO_1282","선재도","2027-04-09 06:01","843","저조"
"SO_1282","선재도","2027-04-09 12:27","73","고조"
"SO_1282","선재도","2027-04-09 18:11","773","저조"
"SO_1282","선재도","2027-04-10 00:32","22","고조"
"SO_1282","선재도","2027-04-10 06:36","842","저조"
"SO_1282","선재도","2027-04-10 13:03","99","고조"
"SO_1282","선재도","2027-04-10 18:44","748","저조"
"SO_1282","선재도","2027-04-11 01:04","35","고조"
"SO_1282","선재도","2027-04-11 07:13","825","저조"
"SO_1282","선재도","2027-04-10 00:32","22","고조"
"SO_1282","선재도","2027-04-10 06:36","842","저조"
"SO_1282","선재도","2027-04-10 13:03","99","고조"
"SO_1282","선재도","2027-04-10 18:44","748","저조"
"SO_1282","선재도","2027-04-11 01:04","35","고조"
"SO_1282","선재도","2027-04-11 07:13","825","저조"
"SO_1282","선재도","2027-04-11 13:40","140","고조"
"SO_1282","선재도","2027-04-11 19:19","713","저조"
"SO_1282","선재도","2027-04-12 01:40","64","고조"
"SO_1282","선재도","2027-04-12 07:54","791","저조"
"SO_1282","선재도","2027-04-11 01:04","35","고조"
"SO_1282","선재도","2027-04-11 07:13","825","저조"
"SO_1282","선재도","2027-04-11 13:40","140","고조"
"SO_1282","선재도","2027-04-11 19:19","713","저조"
"SO_1282","선재도","2027-04-12 01:40","64","고조"
"SO_1282","선재도","2027-04-12 07:54","791","저조"
"SO_1282","선재도","2027-04-12 14:21","194","고조"
"SO_1282","선재도","2027-04-12 19:59","666","저조"
"SO_1282","선재도","2027-04-13 02:20","111","고조"
"SO_1282","선재도","2027-04-13 08:44","740","저조"
"SO_1282","선재도","2027-04-12 01:40","64","고조"
"SO_1282","선재도","2027-04-12 07:54","791","저조"
"SO_1282","선재도","2027-04-12 14:21","194","고조"
"SO_1282","선재도","2027-04-12 19:59","666","저조"
"SO_1282","선재도","2027-04-13 02:20","111","고조"
"SO_1282","선재도","2027-04-13 08:44","740","저조"
"SO_1282","선재도","2027-04-13 15:12","254","고조"
"SO_1282","선재도","2027-04-13 20:50","611","저조"
"SO_1282","선재도","2027-04-14 03:15","171","고조"
"SO_1282","선재도","2027-04-14 09:52","685","저조"
"SO_1282","선재도","2027-04-13 02:20","111","고조"
"SO_1282","선재도","2027-04-13 08:44","740","저조"
"SO_1282","선재도","2027-04-13 15:12","254","고조"
"SO_1282","선재도","2027-04-13 20:50","611","저조"
"SO_1282","선재도","2027-04-14 03:15","171","고조"
"SO_1282","선재도","2027-04-14 09:52","685","저조"
"SO_1282","선재도","2027-04-14 16:28","302","고조"
"SO_1282","선재도","2027-04-14 22:09","561","저조"
"SO_1282","선재도","2027-04-15 04:36","226","고조"
"SO_1282","선재도","2027-04-15 11:28","653","저조"
"SO_1282","선재도","2027-04-14 03:15","171","고조"
"SO_1282","선재도","2027-04-14 09:52","685","저조"
"SO_1282","선재도","2027-04-14 16:28","302","고조"
"SO_1282","선재도","2027-04-14 22:09","561","저조"
"SO_1282","선재도","2027-04-15 04:36","226","고조"
"SO_1282","선재도","2027-04-15 11:28","653","저조"
"SO_1282","선재도","2027-04-15 18:15","305","고조"
"SO_1282","선재도","2027-04-16 00:05","558","저조"
"SO_1282","선재도","2027-04-16 06:26","234","고조"
"SO_1282","선재도","2027-04-16 13:05","670","저조"
"SO_1282","선재도","2027-04-15 04:36","226","고조"
"SO_1282","선재도","2027-04-15 11:28","653","저조"
"SO_1282","선재도","2027-04-15 18:15","305","고조"
"SO_1282","선재도","2027-04-16 00:05","558","저조"
"SO_1282","선재도","2027-04-16 06:26","234","고조"
"SO_1282","선재도","2027-04-16 13:05","670","저조"
"SO_1282","선재도","2027-04-16 19:45","251","고조"
"SO_1282","선재도","2027-04-17 01:40","617","저조"
"SO_1282","선재도","2027-04-17 07:55","192","고조"
"SO_1282","선재도","2027-04-17 14:15","714","저조"
"SO_1282","선재도","2027-04-16 00:05","558","저조"
"SO_1282","선재도","2027-04-16 06:26","234","고조"
"SO_1282","선재도","2027-04-16 13:05","670","저조"
"SO_1282","선재도","2027-04-16 19:45","251","고조"
"SO_1282","선재도","2027-04-17 01:40","617","저조"
"SO_1282","선재도","2027-04-17 07:55","192","고조"
"SO_1282","선재도","2027-04-17 14:15","714","저조"
"SO_1282","선재도","2027-04-17 20:44","180","고조"
"SO_1282","선재도","2027-04-18 02:42","695","저조"
"SO_1282","선재도","2027-04-18 08:58","137","고조"
"SO_1282","선재도","2027-04-17 01:40","617","저조"
"SO_1282","선재도","2027-04-17 07:55","192","고조"
"SO_1282","선재도","2027-04-17 14:15","714","저조"
"SO_1282","선재도","2027-04-17 20:44","180","고조"
"SO_1282","선재도","2027-04-18 02:42","695","저조"
"SO_1282","선재도","2027-04-18 08:58","137","고조"
"SO_1282","선재도","2027-04-18 15:05","755","저조"
"SO_1282","선재도","2027-04-18 21:30","117","고조"
"SO_1282","선재도","2027-04-19 03:30","762","저조"
"SO_1282","선재도","2027-04-19 09:48","95","고조"
"SO_1282","선재도","2027-04-18 02:42","695","저조"
"SO_1282","선재도","2027-04-18 08:58","137","고조"
"SO_1282","선재도","2027-04-18 15:05","755","저조"
"SO_1282","선재도","2027-04-18 21:30","117","고조"
"SO_1282","선재도","2027-04-19 03:30","762","저조"
"SO_1282","선재도","2027-04-19 09:48","95","고조"
"SO_1282","선재도","2027-04-19 15:47","781","저조"
"SO_1282","선재도","2027-04-19 22:09","70","고조"
"SO_1282","선재도","2027-04-20 04:11","809","저조"
"SO_1282","선재도","2027-04-20 10:32","73","고조"
"SO_1282","선재도","2027-04-19 03:30","762","저조"
"SO_1282","선재도","2027-04-19 09:48","95","고조"
"SO_1282","선재도","2027-04-19 15:47","781","저조"
"SO_1282","선재도","2027-04-19 22:09","70","고조"
"SO_1282","선재도","2027-04-20 04:11","809","저조"
"SO_1282","선재도","2027-04-20 10:32","73","고조"
"SO_1282","선재도","2027-04-20 16:24","790","저조"
"SO_1282","선재도","2027-04-20 22:45","43","고조"
"SO_1282","선재도","2027-04-21 04:49","834","저조"
"SO_1282","선재도","2027-04-21 11:11","71","고조"
"SO_1282","선재도","2027-04-20 04:11","809","저조"
"SO_1282","선재도","2027-04-20 10:32","73","고조"
"SO_1282","선재도","2027-04-20 16:24","790","저조"
"SO_1282","선재도","2027-04-20 22:45","43","고조"
"SO_1282","선재도","2027-04-21 04:49","834","저조"
"SO_1282","선재도","2027-04-21 11:11","71","고조"
"SO_1282","선재도","2027-04-21 16:59","784","저조"
"SO_1282","선재도","2027-04-21 23:19","33","고조"
"SO_1282","선재도","2027-04-22 05:24","841","저조"
"SO_1282","선재도","2027-04-22 11:49","85","고조"
"SO_1282","선재도","2027-04-21 04:49","834","저조"
"SO_1282","선재도","2027-04-21 11:11","71","고조"
"SO_1282","선재도","2027-04-21 16:59","784","저조"
"SO_1282","선재도","2027-04-21 23:19","33","고조"
"SO_1282","선재도","2027-04-22 05:24","841","저조"
"SO_1282","선재도","2027-04-22 11:49","85","고조"
"SO_1282","선재도","2027-04-22 17:32","769","저조"
"SO_1282","선재도","2027-04-22 23:50","36","고조"
"SO_1282","선재도","2027-04-23 05:59","834","저조"
"SO_1282","선재도","2027-04-23 12:23","110","고조"
"SO_1282","선재도","2027-04-22 05:24","841","저조"
"SO_1282","선재도","2027-04-22 11:49","85","고조"
"SO_1282","선재도","2027-04-22 17:32","769","저조"
"SO_1282","선재도","2027-04-22 23:50","36","고조"
"SO_1282","선재도","2027-04-23 05:59","834","저조"
"SO_1282","선재도","2027-04-23 12:23","110","고조"
"SO_1282","선재도","2027-04-23 18:04","747","저조"
"SO_1282","선재도","2027-04-24 00:20","49","고조"
"SO_1282","선재도","2027-04-24 06:32","816","저조"
"SO_1282","선재도","2027-04-24 12:57","144","고조"
"SO_1282","선재도","2027-04-23 05:59","834","저조"
"SO_1282","선재도","2027-04-23 12:23","110","고조"
"SO_1282","선재도","2027-04-23 18:04","747","저조"
"SO_1282","선재도","2027-04-24 00:20","49","고조"
"SO_1282","선재도","2027-04-24 06:32","816","저조"
"SO_1282","선재도","2027-04-24 12:57","144","고조"
"SO_1282","선재도","2027-04-24 18:36","720","저조"
"SO_1282","선재도","2027-04-25 00:49","72","고조"
"SO_1282","선재도","2027-04-25 07:04","788","저조"
"SO_1282","선재도","2027-04-25 13:29","185","고조"
"SO_1282","선재도","2027-04-24 00:20","49","고조"
"SO_1282","선재도","2027-04-24 06:32","816","저조"
"SO_1282","선재도","2027-04-24 12:57","144","고조"
"SO_1282","선재도","2027-04-24 18:36","720","저조"
"SO_1282","선재도","2027-04-25 00:49","72","고조"
"SO_1282","선재도","2027-04-25 07:04","788","저조"
"SO_1282","선재도","2027-04-25 13:29","185","고조"
"SO_1282","선재도","2027-04-25 19:08","688","저조"
"SO_1282","선재도","2027-04-26 01:18","104","고조"
"SO_1282","선재도","2027-04-26 07:37","752","저조"
"SO_1282","선재도","2027-04-25 00:49","72","고조"
"SO_1282","선재도","2027-04-25 07:04","788","저조"
"SO_1282","선재도","2027-04-25 13:29","185","고조"
"SO_1282","선재도","2027-04-25 19:08","688","저조"
"SO_1282","선재도","2027-04-26 01:18","104","고조"
"SO_1282","선재도","2027-04-26 07:37","752","저조"
"SO_1282","선재도","2027-04-26 14:02","230","고조"
"SO_1282","선재도","2027-04-26 19:41","650","저조"
"SO_1282","선재도","2027-04-27 01:50","146","고조"
"SO_1282","선재도","2027-04-27 08:14","708","저조"
"SO_1282","선재도","2027-04-26 01:18","104","고조"
"SO_1282","선재도","2027-04-26 07:37","752","저조"
"SO_1282","선재도","2027-04-26 14:02","230","고조"
"SO_1282","선재도","2027-04-26 19:41","650","저조"
"SO_1282","선재도","2027-04-27 01:50","146","고조"
"SO_1282","선재도","2027-04-27 08:14","708","저조"
"SO_1282","선재도","2027-04-27 14:38","277","고조"
"SO_1282","선재도","2027-04-27 20:19","607","저조"
"SO_1282","선재도","2027-04-28 02:27","198","고조"
"SO_1282","선재도","2027-04-28 08:58","660","저조"
"SO_1282","선재도","2027-04-27 01:50","146","고조"
"SO_1282","선재도","2027-04-27 08:14","708","저조"
"SO_1282","선재도","2027-04-27 14:38","277","고조"
"SO_1282","선재도","2027-04-27 20:19","607","저조"
"SO_1282","선재도","2027-04-28 02:27","198","고조"
"SO_1282","선재도","2027-04-28 08:58","660","저조"
"SO_1282","선재도","2027-04-28 15:27","320","고조"
"SO_1282","선재도","2027-04-28 21:10","562","저조"
"SO_1282","선재도","2027-04-29 03:18","254","고조"
"SO_1282","선재도","2027-04-29 10:01","615","저조"
"SO_1282","선재도","2027-04-28 02:27","198","고조"
"SO_1282","선재도","2027-04-28 08:58","660","저조"
"SO_1282","선재도","2027-04-28 15:27","320","고조"
"SO_1282","선재도","2027-04-28 21:10","562","저조"
"SO_1282","선재도","2027-04-29 03:18","254","고조"
"SO_1282","선재도","2027-04-29 10:01","615","저조"
"SO_1282","선재도","2027-04-29 16:45","347","고조"
"SO_1282","선재도","2027-04-29 22:33","531","저조"
"SO_1282","선재도","2027-04-30 04:37","299","고조"
"SO_1282","선재도","2027-04-30 11:32","594","저조"
"SO_1282","선재도","2027-04-29 03:18","254","고조"
"SO_1282","선재도","2027-04-29 10:01","615","저조"
"SO_1282","선재도","2027-04-29 16:45","347","고조"
"SO_1282","선재도","2027-04-29 22:33","531","저조"
"SO_1282","선재도","2027-04-30 04:37","299","고조"
"SO_1282","선재도","2027-04-30 11:32","594","저조"
"SO_1282","선재도","2027-04-30 18:27","334","고조"
"SO_1282","선재도","2027-05-01 00:18","543","저조"
"SO_1282","선재도","2027-05-01 06:22","303","고조"
"SO_1282","선재도","2027-05-01 12:59","610","저조"
"SO_1282","선재도","2027-04-30 04:37","299","고조"
"SO_1282","선재도","2027-04-30 11:32","594","저조"
"SO_1282","선재도","2027-04-30 18:27","334","고조"
"SO_1282","선재도","2027-05-01 00:18","543","저조"
"SO_1282","선재도","2027-05-01 06:22","303","고조"
"SO_1282","선재도","2027-05-01 12:59","610","저조"
"SO_1282","선재도","2027-05-01 19:39","284","고조"
"SO_1282","선재도","2027-05-02 01:35","596","저조"
"SO_1282","선재도","2027-05-02 07:44","266","고조"
"SO_1282","선재도","2027-05-02 13:58","647","저조"
"SO_1282","선재도","2027-05-01 00:18","543","저조"
"SO_1282","선재도","2027-05-01 06:22","303","고조"
"SO_1282","선재도","2027-05-01 12:59","610","저조"
"SO_1282","선재도","2027-05-01 19:39","284","고조"
"SO_1282","선재도","2027-05-02 01:35","596","저조"
"SO_1282","선재도","2027-05-02 07:44","266","고조"
"SO_1282","선재도","2027-05-02 13:58","647","저조"
"SO_1282","선재도","2027-05-02 20:27","222","고조"
"SO_1282","선재도","2027-05-03 02:27","663","저조"
"SO_1282","선재도","2027-05-03 08:40","216","고조"
"SO_1282","선재도","2027-05-02 01:35","596","저조"
"SO_1282","선재도","2027-05-02 07:44","266","고조"
"SO_1282","선재도","2027-05-02 13:58","647","저조"
"SO_1282","선재도","2027-05-02 20:27","222","고조"
"SO_1282","선재도","2027-05-03 02:27","663","저조"
"SO_1282","선재도","2027-05-03 08:40","216","고조"
"SO_1282","선재도","2027-05-03 14:42","687","저조"
"SO_1282","선재도","2027-05-03 21:06","162","고조"
"SO_1282","선재도","2027-05-04 03:08","727","저조"
"SO_1282","선재도","2027-05-04 09:27","168","고조"
"SO_1282","선재도","2027-05-03 02:27","663","저조"
"SO_1282","선재도","2027-05-03 08:40","216","고조"
"SO_1282","선재도","2027-05-03 14:42","687","저조"
"SO_1282","선재도","2027-05-03 21:06","162","고조"
"SO_1282","선재도","2027-05-04 03:08","727","저조"
"SO_1282","선재도","2027-05-04 09:27","168","고조"
"SO_1282","선재도","2027-05-04 15:21","720","저조"
"SO_1282","선재도","2027-05-04 21:43","109","고조"
"SO_1282","선재도","2027-05-05 03:46","782","저조"
"SO_1282","선재도","2027-05-05 10:09","131","고조"
"SO_1282","선재도","2027-05-04 03:08","727","저조"
"SO_1282","선재도","2027-05-04 09:27","168","고조"
"SO_1282","선재도","2027-05-04 15:21","720","저조"
"SO_1282","선재도","2027-05-04 21:43","109","고조"
"SO_1282","선재도","2027-05-05 03:46","782","저조"
"SO_1282","선재도","2027-05-05 10:09","131","고조"
"SO_1282","선재도","2027-05-05 15:58","743","저조"
"SO_1282","선재도","2027-05-05 22:19","68","고조"
"SO_1282","선재도","2027-05-06 04:24","823","저조"
"SO_1282","선재도","2027-05-06 10:50","108","고조"
"SO_1282","선재도","2027-05-05 03:46","782","저조"
"SO_1282","선재도","2027-05-05 10:09","131","고조"
"SO_1282","선재도","2027-05-05 15:58","743","저조"
"SO_1282","선재도","2027-05-05 22:19","68","고조"
"SO_1282","선재도","2027-05-06 04:24","823","저조"
"SO_1282","선재도","2027-05-06 10:50","108","고조"
"SO_1282","선재도","2027-05-06 16:35","754","저조"
"SO_1282","선재도","2027-05-06 22:56","39","고조"
"SO_1282","선재도","2027-05-07 05:02","850","저조"
"SO_1282","선재도","2027-05-07 11:31","100","고조"
"SO_1282","선재도","2027-05-06 04:24","823","저조"
"SO_1282","선재도","2027-05-06 10:50","108","고조"
"SO_1282","선재도","2027-05-06 16:35","754","저조"
"SO_1282","선재도","2027-05-06 22:56","39","고조"
"SO_1282","선재도","2027-05-07 05:02","850","저조"
"SO_1282","선재도","2027-05-07 11:31","100","고조"
"SO_1282","선재도","2027-05-07 17:13","754","저조"
"SO_1282","선재도","2027-05-07 23:33","24","고조"
"SO_1282","선재도","2027-05-08 05:41","861","저조"
"SO_1282","선재도","2027-05-08 12:12","106","고조"
"SO_1282","선재도","2027-05-07 05:02","850","저조"
"SO_1282","선재도","2027-05-07 11:31","100","고조"
"SO_1282","선재도","2027-05-07 17:13","754","저조"
"SO_1282","선재도","2027-05-07 23:33","24","고조"
"SO_1282","선재도","2027-05-08 05:41","861","저조"
"SO_1282","선재도","2027-05-08 12:12","106","고조"
"SO_1282","선재도","2027-05-08 17:53","745","저조"
"SO_1282","선재도","2027-05-09 00:12","23","고조"
"SO_1282","선재도","2027-05-09 06:23","858","저조"
"SO_1282","선재도","2027-05-09 12:54","124","고조"
"SO_1282","선재도","2027-05-08 05:41","861","저조"
"SO_1282","선재도","2027-05-08 12:12","106","고조"
"SO_1282","선재도","2027-05-08 17:53","745","저조"
"SO_1282","선재도","2027-05-09 00:12","23","고조"
"SO_1282","선재도","2027-05-09 06:23","858","저조"
"SO_1282","선재도","2027-05-09 12:54","124","고조"
"SO_1282","선재도","2027-05-09 18:33","727","저조"
"SO_1282","선재도","2027-05-10 00:52","36","고조"
"SO_1282","선재도","2027-05-10 07:06","840","저조"
"SO_1282","선재도","2027-05-10 13:37","153","고조"
"SO_1282","선재도","2027-05-09 00:12","23","고조"
"SO_1282","선재도","2027-05-09 06:23","858","저조"
"SO_1282","선재도","2027-05-09 12:54","124","고조"
"SO_1282","선재도","2027-05-09 18:33","727","저조"
"SO_1282","선재도","2027-05-10 00:52","36","고조"
"SO_1282","선재도","2027-05-10 07:06","840","저조"
"SO_1282","선재도","2027-05-10 13:37","153","고조"
"SO_1282","선재도","2027-05-10 19:17","701","저조"
"SO_1282","선재도","2027-05-11 01:35","65","고조"
"SO_1282","선재도","2027-05-11 07:53","808","저조"
"SO_1282","선재도","2027-05-10 00:52","36","고조"
"SO_1282","선재도","2027-05-10 07:06","840","저조"
"SO_1282","선재도","2027-05-10 13:37","153","고조"
"SO_1282","선재도","2027-05-10 19:17","701","저조"
"SO_1282","선재도","2027-05-11 01:35","65","고조"
"SO_1282","선재도","2027-05-11 07:53","808","저조"
"SO_1282","선재도","2027-05-11 14:25","189","고조"
"SO_1282","선재도","2027-05-11 20:05","669","저조"
"SO_1282","선재도","2027-05-12 02:24","109","고조"
"SO_1282","선재도","2027-05-12 08:47","766","저조"
"SO_1282","선재도","2027-05-11 01:35","65","고조"
"SO_1282","선재도","2027-05-11 07:53","808","저조"
"SO_1282","선재도","2027-05-11 14:25","189","고조"
"SO_1282","선재도","2027-05-11 20:05","669","저조"
"SO_1282","선재도","2027-05-12 02:24","109","고조"
"SO_1282","선재도","2027-05-12 08:47","766","저조"
"SO_1282","선재도","2027-05-12 15:20","224","고조"
"SO_1282","선재도","2027-05-12 21:04","633","저조"
"SO_1282","선재도","2027-05-13 03:22","161","고조"
"SO_1282","선재도","2027-05-13 09:49","722","저조"
"SO_1282","선재도","2027-05-12 02:24","109","고조"
"SO_1282","선재도","2027-05-12 08:47","766","저조"
"SO_1282","선재도","2027-05-12 15:20","224","고조"
"SO_1282","선재도","2027-05-12 21:04","633","저조"
"SO_1282","선재도","2027-05-13 03:22","161","고조"
"SO_1282","선재도","2027-05-13 09:49","722","저조"
"SO_1282","선재도","2027-05-13 16:27","249","고조"
"SO_1282","선재도","2027-05-13 22:17","608","저조"
"SO_1282","선재도","2027-05-14 04:35","208","고조"
"SO_1282","선재도","2027-05-14 11:04","690","저조"
"SO_1282","선재도","2027-05-13 03:22","161","고조"
"SO_1282","선재도","2027-05-13 09:49","722","저조"
"SO_1282","선재도","2027-05-13 16:27","249","고조"
"SO_1282","선재도","2027-05-13 22:17","608","저조"
"SO_1282","선재도","2027-05-14 04:35","208","고조"
"SO_1282","선재도","2027-05-14 11:04","690","저조"
"SO_1282","선재도","2027-05-14 17:44","248","고조"
"SO_1282","선재도","2027-05-14 23:45","613","저조"
"SO_1282","선재도","2027-05-15 05:59","229","고조"
"SO_1282","선재도","2027-05-15 12:22","681","저조"
"SO_1282","선재도","2027-05-14 04:35","208","고조"
"SO_1282","선재도","2027-05-14 11:04","690","저조"
"SO_1282","선재도","2027-05-14 17:44","248","고조"
"SO_1282","선재도","2027-05-14 23:45","613","저조"
"SO_1282","선재도","2027-05-15 05:59","229","고조"
"SO_1282","선재도","2027-05-15 12:22","681","저조"
"SO_1282","선재도","2027-05-15 18:58","219","고조"
"SO_1282","선재도","2027-05-16 01:06","652","저조"
"SO_1282","선재도","2027-05-16 07:20","219","고조"
"SO_1282","선재도","2027-05-16 13:30","691","저조"
"SO_1282","선재도","2027-05-15 05:59","229","고조"
"SO_1282","선재도","2027-05-15 12:22","681","저조"
"SO_1282","선재도","2027-05-15 18:58","219","고조"
"SO_1282","선재도","2027-05-16 01:06","652","저조"
"SO_1282","선재도","2027-05-16 07:20","219","고조"
"SO_1282","선재도","2027-05-16 13:30","691","저조"
"SO_1282","선재도","2027-05-16 20:00","176","고조"
"SO_1282","선재도","2027-05-17 02:10","707","저조"
"SO_1282","선재도","2027-05-17 08:26","193","고조"
"SO_1282","선재도","2027-05-17 14:25","708","저조"
"SO_1282","선재도","2027-05-16 01:06","652","저조"
"SO_1282","선재도","2027-05-16 07:20","219","고조"
"SO_1282","선재도","2027-05-16 13:30","691","저조"
"SO_1282","선재도","2027-05-16 20:00","176","고조"
"SO_1282","선재도","2027-05-17 02:10","707","저조"
"SO_1282","선재도","2027-05-17 08:26","193","고조"
"SO_1282","선재도","2027-05-17 14:25","708","저조"
"SO_1282","선재도","2027-05-17 20:49","133","고조"
"SO_1282","선재도","2027-05-18 03:01","757","저조"
"SO_1282","선재도","2027-05-18 09:21","168","고조"
"SO_1282","선재도","2027-05-17 02:10","707","저조"
"SO_1282","선재도","2027-05-17 08:26","193","고조"
"SO_1282","선재도","2027-05-17 14:25","708","저조"
"SO_1282","선재도","2027-05-17 20:49","133","고조"
"SO_1282","선재도","2027-05-18 03:01","757","저조"
"SO_1282","선재도","2027-05-18 09:21","168","고조"
"SO_1282","선재도","2027-05-18 15:11","722","저조"
"SO_1282","선재도","2027-05-18 21:32","101","고조"
"SO_1282","선재도","2027-05-19 03:45","793","저조"
"SO_1282","선재도","2027-05-19 10:08","152","고조"
"SO_1282","선재도","2027-05-18 03:01","757","저조"
"SO_1282","선재도","2027-05-18 09:21","168","고조"
"SO_1282","선재도","2027-05-18 15:11","722","저조"
"SO_1282","선재도","2027-05-18 21:32","101","고조"
"SO_1282","선재도","2027-05-19 03:45","793","저조"
"SO_1282","선재도","2027-05-19 10:08","152","고조"
"SO_1282","선재도","2027-05-19 15:53","728","저조"
"SO_1282","선재도","2027-05-19 22:11","81","고조"
"SO_1282","선재도","2027-05-20 04:26","813","저조"
"SO_1282","선재도","2027-05-20 10:50","147","고조"
"SO_1282","선재도","2027-05-19 03:45","793","저조"
"SO_1282","선재도","2027-05-19 10:08","152","고조"
"SO_1282","선재도","2027-05-19 15:53","728","저조"
"SO_1282","선재도","2027-05-19 22:11","81","고조"
"SO_1282","선재도","2027-05-20 04:26","813","저조"
"SO_1282","선재도","2027-05-20 10:50","147","고조"
"SO_1282","선재도","2027-05-20 16:32","728","저조"
"SO_1282","선재도","2027-05-20 22:48","72","고조"
"SO_1282","선재도","2027-05-21 05:04","820","저조"
"SO_1282","선재도","2027-05-21 11:30","151","고조"
"SO_1282","선재도","2027-05-20 04:26","813","저조"
"SO_1282","선재도","2027-05-20 10:50","147","고조"
"SO_1282","선재도","2027-05-20 16:32","728","저조"
"SO_1282","선재도","2027-05-20 22:48","72","고조"
"SO_1282","선재도","2027-05-21 05:04","820","저조"
"SO_1282","선재도","2027-05-21 11:30","151","고조"
"SO_1282","선재도","2027-05-21 17:09","723","저조"
"SO_1282","선재도","2027-05-21 23:23","72","고조"
"SO_1282","선재도","2027-05-22 05:40","816","저조"
"SO_1282","선재도","2027-05-22 12:07","162","고조"
"SO_1282","선재도","2027-05-21 05:04","820","저조"
"SO_1282","선재도","2027-05-21 11:30","151","고조"
"SO_1282","선재도","2027-05-21 17:09","723","저조"
"SO_1282","선재도","2027-05-21 23:23","72","고조"
"SO_1282","선재도","2027-05-22 05:40","816","저조"
"SO_1282","선재도","2027-05-22 12:07","162","고조"
"SO_1282","선재도","2027-05-22 17:45","714","저조"
"SO_1282","선재도","2027-05-22 23:57","80","고조"
"SO_1282","선재도","2027-05-23 06:15","805","저조"
"SO_1282","선재도","2027-05-23 12:42","178","고조"
"SO_1282","선재도","2027-05-22 05:40","816","저조"
"SO_1282","선재도","2027-05-22 12:07","162","고조"
"SO_1282","선재도","2027-05-22 17:45","714","저조"
"SO_1282","선재도","2027-05-22 23:57","80","고조"
"SO_1282","선재도","2027-05-23 06:15","805","저조"
"SO_1282","선재도","2027-05-23 12:42","178","고조"
"SO_1282","선재도","2027-05-23 18:20","703","저조"
"SO_1282","선재도","2027-05-24 00:29","93","고조"
"SO_1282","선재도","2027-05-24 06:48","789","저조"
"SO_1282","선재도","2027-05-24 13:16","198","고조"
"SO_1282","선재도","2027-05-23 06:15","805","저조"
"SO_1282","선재도","2027-05-23 12:42","178","고조"
"SO_1282","선재도","2027-05-23 18:20","703","저조"
"SO_1282","선재도","2027-05-24 00:29","93","고조"
"SO_1282","선재도","2027-05-24 06:48","789","저조"
"SO_1282","선재도","2027-05-24 13:16","198","고조"
"SO_1282","선재도","2027-05-24 18:54","687","저조"
"SO_1282","선재도","2027-05-25 01:02","113","고조"
"SO_1282","선재도","2027-05-25 07:22","768","저조"
"SO_1282","선재도","2027-05-25 13:49","220","고조"
"SO_1282","선재도","2027-05-24 00:29","93","고조"
"SO_1282","선재도","2027-05-24 06:48","789","저조"
"SO_1282","선재도","2027-05-24 13:16","198","고조"
"SO_1282","선재도","2027-05-24 18:54","687","저조"
"SO_1282","선재도","2027-05-25 01:02","113","고조"
"SO_1282","선재도","2027-05-25 07:22","768","저조"
"SO_1282","선재도","2027-05-25 13:49","220","고조"
"SO_1282","선재도","2027-05-25 19:29","668","저조"
"SO_1282","선재도","2027-05-26 01:36","140","고조"
"SO_1282","선재도","2027-05-26 07:56","742","저조"
"SO_1282","선재도","2027-05-25 01:02","113","고조"
"SO_1282","선재도","2027-05-25 07:22","768","저조"
"SO_1282","선재도","2027-05-25 13:49","220","고조"
"SO_1282","선재도","2027-05-25 19:29","668","저조"
"SO_1282","선재도","2027-05-26 01:36","140","고조"
"SO_1282","선재도","2027-05-26 07:56","742","저조"
"SO_1282","선재도","2027-05-26 14:24","244","고조"
"SO_1282","선재도","2027-05-26 20:07","643","저조"
"SO_1282","선재도","2027-05-27 02:13","177","고조"
"SO_1282","선재도","2027-05-27 08:34","710","저조"
"SO_1282","선재도","2027-05-26 01:36","140","고조"
"SO_1282","선재도","2027-05-26 07:56","742","저조"
"SO_1282","선재도","2027-05-26 14:24","244","고조"
"SO_1282","선재도","2027-05-26 20:07","643","저조"
"SO_1282","선재도","2027-05-27 02:13","177","고조"
"SO_1282","선재도","2027-05-27 08:34","710","저조"
"SO_1282","선재도","2027-05-27 15:05","267","고조"
"SO_1282","선재도","2027-05-27 20:52","615","저조"
"SO_1282","선재도","2027-05-28 02:58","220","고조"
"SO_1282","선재도","2027-05-28 09:19","676","저조"
"SO_1282","선재도","2027-05-27 02:13","177","고조"
"SO_1282","선재도","2027-05-27 08:34","710","저조"
"SO_1282","선재도","2027-05-27 15:05","267","고조"
"SO_1282","선재도","2027-05-27 20:52","615","저조"
"SO_1282","선재도","2027-05-28 02:58","220","고조"
"SO_1282","선재도","2027-05-28 09:19","676","저조"
"SO_1282","선재도","2027-05-28 15:55","284","고조"
"SO_1282","선재도","2027-05-28 21:51","592","저조"
"SO_1282","선재도","2027-05-29 03:55","263","고조"
"SO_1282","선재도","2027-05-29 10:18","645","저조"
"SO_1282","선재도","2027-05-28 02:58","220","고조"
"SO_1282","선재도","2027-05-28 09:19","676","저조"
"SO_1282","선재도","2027-05-28 15:55","284","고조"
"SO_1282","선재도","2027-05-28 21:51","592","저조"
"SO_1282","선재도","2027-05-29 03:55","263","고조"
"SO_1282","선재도","2027-05-29 10:18","645","저조"
"SO_1282","선재도","2027-05-29 17:00","288","고조"
"SO_1282","선재도","2027-05-29 23:07","589","저조"
"SO_1282","선재도","2027-05-30 05:09","290","고조"
"SO_1282","선재도","2027-05-30 11:29","629","저조"
"SO_1282","선재도","2027-05-29 03:55","263","고조"
"SO_1282","선재도","2027-05-29 10:18","645","저조"
"SO_1282","선재도","2027-05-29 17:00","288","고조"
"SO_1282","선재도","2027-05-29 23:07","589","저조"
"SO_1282","선재도","2027-05-30 05:09","290","고조"
"SO_1282","선재도","2027-05-30 11:29","629","저조"
"SO_1282","선재도","2027-05-30 18:12","268","고조"
"SO_1282","선재도","2027-05-31 00:25","617","저조"
"SO_1282","선재도","2027-05-31 06:32","289","고조"
"SO_1282","선재도","2027-05-31 12:41","635","저조"
"SO_1282","선재도","2027-05-30 05:09","290","고조"
"SO_1282","선재도","2027-05-30 11:29","629","저조"
"SO_1282","선재도","2027-05-30 18:12","268","고조"
"SO_1282","선재도","2027-05-31 00:25","617","저조"
"SO_1282","선재도","2027-05-31 06:32","289","고조"
"SO_1282","선재도","2027-05-31 12:41","635","저조"
"SO_1282","선재도","2027-05-31 19:16","227","고조"
"SO_1282","선재도","2027-06-01 01:30","669","저조"
"SO_1282","선재도","2027-06-01 07:45","261","고조"
"SO_1282","선재도","2027-06-01 13:42","656","저조"
"SO_1282","선재도","2027-05-31 00:25","617","저조"
"SO_1282","선재도","2027-05-31 06:32","289","고조"
"SO_1282","선재도","2027-05-31 12:41","635","저조"
"SO_1282","선재도","2027-05-31 19:16","227","고조"
"SO_1282","선재도","2027-06-01 01:30","669","저조"
"SO_1282","선재도","2027-06-01 07:45","261","고조"
"SO_1282","선재도","2027-06-01 13:42","656","저조"
"SO_1282","선재도","2027-06-01 20:09","178","고조"
"SO_1282","선재도","2027-06-02 02:23","728","저조"
"SO_1282","선재도","2027-06-02 08:45","223","고조"
"SO_1282","선재도","2027-06-01 01:30","669","저조"
"SO_1282","선재도","2027-06-01 07:45","261","고조"
"SO_1282","선재도","2027-06-01 13:42","656","저조"
"SO_1282","선재도","2027-06-01 20:09","178","고조"
"SO_1282","선재도","2027-06-02 02:23","728","저조"
"SO_1282","선재도","2027-06-02 08:45","223","고조"
"SO_1282","선재도","2027-06-02 14:34","682","저조"
"SO_1282","선재도","2027-06-02 20:56","129","고조"
"SO_1282","선재도","2027-06-03 03:10","783","저조"
"SO_1282","선재도","2027-06-03 09:37","187","고조"
"SO_1282","선재도","2027-06-02 02:23","728","저조"
"SO_1282","선재도","2027-06-02 08:45","223","고조"
"SO_1282","선재도","2027-06-02 14:34","682","저조"
"SO_1282","선재도","2027-06-02 20:56","129","고조"
"SO_1282","선재도","2027-06-03 03:10","783","저조"
"SO_1282","선재도","2027-06-03 09:37","187","고조"
"SO_1282","선재도","2027-06-03 15:22","705","저조"
"SO_1282","선재도","2027-06-03 21:42","87","고조"
"SO_1282","선재도","2027-06-04 03:56","825","저조"
"SO_1282","선재도","2027-06-04 10:26","160","고조"
"SO_1282","선재도","2027-06-03 03:10","783","저조"
"SO_1282","선재도","2027-06-03 09:37","187","고조"
"SO_1282","선재도","2027-06-03 15:22","705","저조"
"SO_1282","선재도","2027-06-03 21:42","87","고조"
"SO_1282","선재도","2027-06-04 03:56","825","저조"
"SO_1282","선재도","2027-06-04 10:26","160","고조"
"SO_1282","선재도","2027-06-04 16:08","721","저조"
"SO_1282","선재도","2027-06-04 22:27","56","고조"
"SO_1282","선재도","2027-06-05 04:42","854","저조"
"SO_1282","선재도","2027-06-05 11:14","142","고조"
"SO_1282","선재도","2027-06-04 03:56","825","저조"
"SO_1282","선재도","2027-06-04 10:26","160","고조"
"SO_1282","선재도","2027-06-04 16:08","721","저조"
"SO_1282","선재도","2027-06-04 22:27","56","고조"
"SO_1282","선재도","2027-06-05 04:42","854","저조"
"SO_1282","선재도","2027-06-05 11:14","142","고조"
"SO_1282","선재도","2027-06-05 16:55","732","저조"
"SO_1282","선재도","2027-06-05 23:14","36","고조"
"SO_1282","선재도","2027-06-06 05:29","870","저조"
"SO_1282","선재도","2027-06-06 12:02","134","고조"
"SO_1282","선재도","2027-06-05 04:42","854","저조"
"SO_1282","선재도","2027-06-05 11:14","142","고조"
"SO_1282","선재도","2027-06-05 16:55","732","저조"
"SO_1282","선재도","2027-06-05 23:14","36","고조"
"SO_1282","선재도","2027-06-06 05:29","870","저조"
"SO_1282","선재도","2027-06-06 12:02","134","고조"
"SO_1282","선재도","2027-06-06 17:42","736","저조"
"SO_1282","선재도","2027-06-07 00:00","28","고조"
"SO_1282","선재도","2027-06-07 06:16","873","저조"
"SO_1282","선재도","2027-06-07 12:49","132","고조"
"SO_1282","선재도","2027-06-06 05:29","870","저조"
"SO_1282","선재도","2027-06-06 12:02","134","고조"
"SO_1282","선재도","2027-06-06 17:42","736","저조"
"SO_1282","선재도","2027-06-07 00:00","28","고조"
"SO_1282","선재도","2027-06-07 06:16","873","저조"
"SO_1282","선재도","2027-06-07 12:49","132","고조"
"SO_1282","선재도","2027-06-07 18:30","736","저조"
"SO_1282","선재도","2027-06-08 00:48","32","고조"
"SO_1282","선재도","2027-06-08 07:04","864","저조"
"SO_1282","선재도","2027-06-08 13:36","138","고조"
"SO_1282","선재도","2027-06-07 00:00","28","고조"
"SO_1282","선재도","2027-06-07 06:16","873","저조"
"SO_1282","선재도","2027-06-07 12:49","132","고조"
"SO_1282","선재도","2027-06-07 18:30","736","저조"
"SO_1282","선재도","2027-06-08 00:48","32","고조"
"SO_1282","선재도","2027-06-08 07:04","864","저조"
"SO_1282","선재도","2027-06-08 13:36","138","고조"
"SO_1282","선재도","2027-06-08 19:18","728","저조"
"SO_1282","선재도","2027-06-09 01:35","52","고조"
"SO_1282","선재도","2027-06-09 07:52","842","저조"
"SO_1282","선재도","2027-06-08 00:48","32","고조"
"SO_1282","선재도","2027-06-08 07:04","864","저조"
"SO_1282","선재도","2027-06-08 13:36","138","고조"
"SO_1282","선재도","2027-06-08 19:18","728","저조"
"SO_1282","선재도","2027-06-09 01:35","52","고조"
"SO_1282","선재도","2027-06-09 07:52","842","저조"
"SO_1282","선재도","2027-06-09 14:23","151","고조"
"SO_1282","선재도","2027-06-09 20:08","714","저조"
"SO_1282","선재도","2027-06-10 02:25","87","고조"
"SO_1282","선재도","2027-06-10 08:39","810","저조"
"SO_1282","선재도","2027-06-09 01:35","52","고조"
"SO_1282","선재도","2027-06-09 07:52","842","저조"
"SO_1282","선재도","2027-06-09 14:23","151","고조"
"SO_1282","선재도","2027-06-09 20:08","714","저조"
"SO_1282","선재도","2027-06-10 02:25","87","고조"
"SO_1282","선재도","2027-06-10 08:39","810","저조"
"SO_1282","선재도","2027-06-10 15:12","166","고조"
"SO_1282","선재도","2027-06-10 21:01","696","저조"
"SO_1282","선재도","2027-06-11 03:16","136","고조"
"SO_1282","선재도","2027-06-11 09:29","767","저조"
"SO_1282","선재도","2027-06-10 02:25","87","고조"
"SO_1282","선재도","2027-06-10 08:39","810","저조"
"SO_1282","선재도","2027-06-10 15:12","166","고조"
"SO_1282","선재도","2027-06-10 21:01","696","저조"
"SO_1282","선재도","2027-06-11 03:16","136","고조"
"SO_1282","선재도","2027-06-11 09:29","767","저조"
"SO_1282","선재도","2027-06-11 16:03","186","고조"
"SO_1282","선재도","2027-06-11 22:00","675","저조"
"SO_1282","선재도","2027-06-12 04:13","191","고조"
"SO_1282","선재도","2027-06-12 10:24","721","저조"
"SO_1282","선재도","2027-06-11 03:16","136","고조"
"SO_1282","선재도","2027-06-11 09:29","767","저조"
"SO_1282","선재도","2027-06-11 16:03","186","고조"
"SO_1282","선재도","2027-06-11 22:00","675","저조"
"SO_1282","선재도","2027-06-12 04:13","191","고조"
"SO_1282","선재도","2027-06-12 10:24","721","저조"
"SO_1282","선재도","2027-06-12 17:00","201","고조"
"SO_1282","선재도","2027-06-12 23:09","664","저조"
"SO_1282","선재도","2027-06-13 05:20","240","고조"
"SO_1282","선재도","2027-06-13 11:27","681","저조"
"SO_1282","선재도","2027-06-12 04:13","191","고조"
"SO_1282","선재도","2027-06-12 10:24","721","저조"
"SO_1282","선재도","2027-06-12 17:00","201","고조"
"SO_1282","선재도","2027-06-12 23:09","664","저조"
"SO_1282","선재도","2027-06-13 05:20","240","고조"
"SO_1282","선재도","2027-06-13 11:27","681","저조"
"SO_1282","선재도","2027-06-13 18:02","206","고조"
"SO_1282","선재도","2027-06-14 00:23","672","저조"
"SO_1282","선재도","2027-06-14 06:36","267","고조"
"SO_1282","선재도","2027-06-14 12:35","657","저조"
"SO_1282","선재도","2027-06-13 05:20","240","고조"
"SO_1282","선재도","2027-06-13 11:27","681","저조"
"SO_1282","선재도","2027-06-13 18:02","206","고조"
"SO_1282","선재도","2027-06-14 00:23","672","저조"
"SO_1282","선재도","2027-06-14 06:36","267","고조"
"SO_1282","선재도","2027-06-14 12:35","657","저조"
"SO_1282","선재도","2027-06-14 19:07","196","고조"
"SO_1282","선재도","2027-06-15 01:34","698","저조"
"SO_1282","선재도","2027-06-15 07:52","268","고조"
"SO_1282","선재도","2027-06-15 13:41","652","저조"
"SO_1282","선재도","2027-06-14 00:23","672","저조"
"SO_1282","선재도","2027-06-14 06:36","267","고조"
"SO_1282","선재도","2027-06-14 12:35","657","저조"
"SO_1282","선재도","2027-06-14 19:07","196","고조"
"SO_1282","선재도","2027-06-15 01:34","698","저조"
"SO_1282","선재도","2027-06-15 07:52","268","고조"
"SO_1282","선재도","2027-06-15 13:41","652","저조"
"SO_1282","선재도","2027-06-15 20:07","175","고조"
"SO_1282","선재도","2027-06-16 02:34","732","저조"
"SO_1282","선재도","2027-06-16 08:56","251","고조"
"SO_1282","선재도","2027-06-15 01:34","698","저조"
"SO_1282","선재도","2027-06-15 07:52","268","고조"
"SO_1282","선재도","2027-06-15 13:41","652","저조"
"SO_1282","선재도","2027-06-15 20:07","175","고조"
"SO_1282","선재도","2027-06-16 02:34","732","저조"
"SO_1282","선재도","2027-06-16 08:56","251","고조"
"SO_1282","선재도","2027-06-16 14:39","661","저조"
"SO_1282","선재도","2027-06-16 20:59","152","고조"
"SO_1282","선재도","2027-06-17 03:24","764","저조"
"SO_1282","선재도","2027-06-17 09:49","230","고조"
"SO_1282","선재도","2027-06-16 02:34","732","저조"
"SO_1282","선재도","2027-06-16 08:56","251","고조"
"SO_1282","선재도","2027-06-16 14:39","661","저조"
"SO_1282","선재도","2027-06-16 20:59","152","고조"
"SO_1282","선재도","2027-06-17 03:24","764","저조"
"SO_1282","선재도","2027-06-17 09:49","230","고조"
"SO_1282","선재도","2027-06-17 15:29","675","저조"
"SO_1282","선재도","2027-06-17 21:45","131","고조"
"SO_1282","선재도","2027-06-18 04:10","786","저조"
"SO_1282","선재도","2027-06-18 10:36","212","고조"
"SO_1282","선재도","2027-06-17 03:24","764","저조"
"SO_1282","선재도","2027-06-17 09:49","230","고조"
"SO_1282","선재도","2027-06-17 15:29","675","저조"
"SO_1282","선재도","2027-06-17 21:45","131","고조"
"SO_1282","선재도","2027-06-18 04:10","786","저조"
"SO_1282","선재도","2027-06-18 10:36","212","고조"
"SO_1282","선재도","2027-06-18 16:14","689","저조"
"SO_1282","선재도","2027-06-18 22:27","116","고조"
"SO_1282","선재도","2027-06-19 04:50","799","저조"
"SO_1282","선재도","2027-06-19 11:17","200","고조"
"SO_1282","선재도","2027-06-18 04:10","786","저조"
"SO_1282","선재도","2027-06-18 10:36","212","고조"
"SO_1282","선재도","2027-06-18 16:14","689","저조"
"SO_1282","선재도","2027-06-18 22:27","116","고조"
"SO_1282","선재도","2027-06-19 04:50","799","저조"
"SO_1282","선재도","2027-06-19 11:17","200","고조"
"SO_1282","선재도","2027-06-19 16:54","701","저조"
"SO_1282","선재도","2027-06-19 23:06","106","고조"
"SO_1282","선재도","2027-06-20 05:28","805","저조"
"SO_1282","선재도","2027-06-20 11:55","193","고조"
"SO_1282","선재도","2027-06-19 04:50","799","저조"
"SO_1282","선재도","2027-06-19 11:17","200","고조"
"SO_1282","선재도","2027-06-19 16:54","701","저조"
"SO_1282","선재도","2027-06-19 23:06","106","고조"
"SO_1282","선재도","2027-06-20 05:28","805","저조"
"SO_1282","선재도","2027-06-20 11:55","193","고조"
"SO_1282","선재도","2027-06-20 17:32","710","저조"
"SO_1282","선재도","2027-06-20 23:43","101","고조"
"SO_1282","선재도","2027-06-21 06:02","805","저조"
"SO_1282","선재도","2027-06-21 12:29","190","고조"
"SO_1282","선재도","2027-06-20 05:28","805","저조"
"SO_1282","선재도","2027-06-20 11:55","193","고조"
"SO_1282","선재도","2027-06-20 17:32","710","저조"
"SO_1282","선재도","2027-06-20 23:43","101","고조"
"SO_1282","선재도","2027-06-21 06:02","805","저조"
"SO_1282","선재도","2027-06-21 12:29","190","고조"
"SO_1282","선재도","2027-06-21 18:08","714","저조"
"SO_1282","선재도","2027-06-22 00:17","102","고조"
"SO_1282","선재도","2027-06-22 06:34","802","저조"
"SO_1282","선재도","2027-06-22 13:02","190","고조"
"SO_1282","선재도","2027-06-21 06:02","805","저조"
"SO_1282","선재도","2027-06-21 12:29","190","고조"
"SO_1282","선재도","2027-06-21 18:08","714","저조"
"SO_1282","선재도","2027-06-22 00:17","102","고조"
"SO_1282","선재도","2027-06-22 06:34","802","저조"
"SO_1282","선재도","2027-06-22 13:02","190","고조"
"SO_1282","선재도","2027-06-22 18:42","713","저조"
"SO_1282","선재도","2027-06-23 00:51","109","고조"
"SO_1282","선재도","2027-06-23 07:05","796","저조"
"SO_1282","선재도","2027-06-23 13:33","193","고조"
"SO_1282","선재도","2027-06-22 00:17","102","고조"
"SO_1282","선재도","2027-06-22 06:34","802","저조"
"SO_1282","선재도","2027-06-22 13:02","190","고조"
"SO_1282","선재도","2027-06-22 18:42","713","저조"
"SO_1282","선재도","2027-06-23 00:51","109","고조"
"SO_1282","선재도","2027-06-23 07:05","796","저조"
"SO_1282","선재도","2027-06-23 13:33","193","고조"
"SO_1282","선재도","2027-06-23 19:15","707","저조"
"SO_1282","선재도","2027-06-24 01:24","124","고조"
"SO_1282","선재도","2027-06-24 07:35","784","저조"
"SO_1282","선재도","2027-06-23 00:51","109","고조"
"SO_1282","선재도","2027-06-23 07:05","796","저조"
"SO_1282","선재도","2027-06-23 13:33","193","고조"
"SO_1282","선재도","2027-06-23 19:15","707","저조"
"SO_1282","선재도","2027-06-24 01:24","124","고조"
"SO_1282","선재도","2027-06-24 07:35","784","저조"
"SO_1282","선재도","2027-06-24 14:04","199","고조"
"SO_1282","선재도","2027-06-24 19:50","695","저조"
"SO_1282","선재도","2027-06-25 01:58","150","고조"
"SO_1282","선재도","2027-06-25 08:07","764","저조"
"SO_1282","선재도","2027-06-24 01:24","124","고조"
"SO_1282","선재도","2027-06-24 07:35","784","저조"
"SO_1282","선재도","2027-06-24 14:04","199","고조"
"SO_1282","선재도","2027-06-24 19:50","695","저조"
"SO_1282","선재도","2027-06-25 01:58","150","고조"
"SO_1282","선재도","2027-06-25 08:07","764","저조"
"SO_1282","선재도","2027-06-25 14:37","209","고조"
"SO_1282","선재도","2027-06-25 20:28","679","저조"
"SO_1282","선재도","2027-06-26 02:37","185","고조"
"SO_1282","선재도","2027-06-26 08:43","736","저조"
"SO_1282","선재도","2027-06-25 01:58","150","고조"
"SO_1282","선재도","2027-06-25 08:07","764","저조"
"SO_1282","선재도","2027-06-25 14:37","209","고조"
"SO_1282","선재도","2027-06-25 20:28","679","저조"
"SO_1282","선재도","2027-06-26 02:37","185","고조"
"SO_1282","선재도","2027-06-26 08:43","736","저조"
"SO_1282","선재도","2027-06-26 15:14","220","고조"
"SO_1282","선재도","2027-06-26 21:13","661","저조"
"SO_1282","선재도","2027-06-27 03:21","228","고조"
"SO_1282","선재도","2027-06-27 09:25","701","저조"
"SO_1282","선재도","2027-06-26 02:37","185","고조"
"SO_1282","선재도","2027-06-26 08:43","736","저조"
"SO_1282","선재도","2027-06-26 15:14","220","고조"
"SO_1282","선재도","2027-06-26 21:13","661","저조"
"SO_1282","선재도","2027-06-27 03:21","228","고조"
"SO_1282","선재도","2027-06-27 09:25","701","저조"
"SO_1282","선재도","2027-06-27 16:00","232","고조"
"SO_1282","선재도","2027-06-27 22:09","648","저조"
"SO_1282","선재도","2027-06-28 04:16","270","고조"
"SO_1282","선재도","2027-06-28 10:18","664","저조"
"SO_1282","선재도","2027-06-27 03:21","228","고조"
"SO_1282","선재도","2027-06-27 09:25","701","저조"
"SO_1282","선재도","2027-06-27 16:00","232","고조"
"SO_1282","선재도","2027-06-27 22:09","648","저조"
"SO_1282","선재도","2027-06-28 04:16","270","고조"
"SO_1282","선재도","2027-06-28 10:18","664","저조"
"SO_1282","선재도","2027-06-28 16:55","237","고조"
"SO_1282","선재도","2027-06-28 23:18","651","저조"
"SO_1282","선재도","2027-06-29 05:25","300","고조"
"SO_1282","선재도","2027-06-29 11:25","638","저조"
"SO_1282","선재도","2027-06-28 04:16","270","고조"
"SO_1282","선재도","2027-06-28 10:18","664","저조"
"SO_1282","선재도","2027-06-28 16:55","237","고조"
"SO_1282","선재도","2027-06-28 23:18","651","저조"
"SO_1282","선재도","2027-06-29 05:25","300","고조"
"SO_1282","선재도","2027-06-29 11:25","638","저조"
"SO_1282","선재도","2027-06-29 18:02","227","고조"
"SO_1282","선재도","2027-06-30 00:32","677","저조"
"SO_1282","선재도","2027-06-30 06:48","303","고조"
"SO_1282","선재도","2027-06-30 12:40","631","저조"
"SO_1282","선재도","2027-06-29 05:25","300","고조"
"SO_1282","선재도","2027-06-29 11:25","638","저조"
"SO_1282","선재도","2027-06-29 18:02","227","고조"
"SO_1282","선재도","2027-06-30 00:32","677","저조"
"SO_1282","선재도","2027-06-30 06:48","303","고조"
"SO_1282","선재도","2027-06-30 12:40","631","저조"
"SO_1282","선재도","2027-06-30 19:11","200","고조"
"SO_1282","선재도","2027-07-01 01:41","721","저조"
"SO_1282","선재도","2027-07-01 08:06","280","고조"
"SO_1282","선재도","2027-07-01 13:51","645","저조"
"SO_1282","선재도","2027-06-30 00:32","677","저조"
"SO_1282","선재도","2027-06-30 06:48","303","고조"
"SO_1282","선재도","2027-06-30 12:40","631","저조"
"SO_1282","선재도","2027-06-30 19:11","200","고조"
"SO_1282","선재도","2027-07-01 01:41","721","저조"
"SO_1282","선재도","2027-07-01 08:06","280","고조"
"SO_1282","선재도","2027-07-01 13:51","645","저조"
"SO_1282","선재도","2027-07-01 20:15","159","고조"
"SO_1282","선재도","2027-07-02 02:41","771","저조"
"SO_1282","선재도","2027-07-02 09:12","243","고조"
"SO_1282","선재도","2027-07-01 01:41","721","저조"
"SO_1282","선재도","2027-07-01 08:06","280","고조"
"SO_1282","선재도","2027-07-01 13:51","645","저조"
"SO_1282","선재도","2027-07-01 20:15","159","고조"
"SO_1282","선재도","2027-07-02 02:41","771","저조"
"SO_1282","선재도","2027-07-02 09:12","243","고조"
"SO_1282","선재도","2027-07-02 14:54","672","저조"
"SO_1282","선재도","2027-07-02 21:14","115","고조"
"SO_1282","선재도","2027-07-03 03:38","817","저조"
"SO_1282","선재도","2027-07-03 10:11","204","고조"
"SO_1282","선재도","2027-07-02 02:41","771","저조"
"SO_1282","선재도","2027-07-02 09:12","243","고조"
"SO_1282","선재도","2027-07-02 14:54","672","저조"
"SO_1282","선재도","2027-07-02 21:14","115","고조"
"SO_1282","선재도","2027-07-03 03:38","817","저조"
"SO_1282","선재도","2027-07-03 10:11","204","고조"
"SO_1282","선재도","2027-07-03 15:52","704","저조"
"SO_1282","선재도","2027-07-03 22:10","74","고조"
"SO_1282","선재도","2027-07-04 04:31","856","저조"
"SO_1282","선재도","2027-07-04 11:05","167","고조"
"SO_1282","선재도","2027-07-03 03:38","817","저조"
"SO_1282","선재도","2027-07-03 10:11","204","고조"
"SO_1282","선재도","2027-07-03 15:52","704","저조"
"SO_1282","선재도","2027-07-03 22:10","74","고조"
"SO_1282","선재도","2027-07-04 04:31","856","저조"
"SO_1282","선재도","2027-07-04 11:05","167","고조"
"SO_1282","선재도","2027-07-04 16:45","735","저조"
"SO_1282","선재도","2027-07-04 23:04","40","고조"
"SO_1282","선재도","2027-07-05 05:22","883","저조"
"SO_1282","선재도","2027-07-05 11:55","134","고조"
"SO_1282","선재도","2027-07-04 04:31","856","저조"
"SO_1282","선재도","2027-07-04 11:05","167","고조"
"SO_1282","선재도","2027-07-04 16:45","735","저조"
"SO_1282","선재도","2027-07-04 23:04","40","고조"
"SO_1282","선재도","2027-07-05 05:22","883","저조"
"SO_1282","선재도","2027-07-05 11:55","134","고조"
"SO_1282","선재도","2027-07-05 17:36","762","저조"
"SO_1282","선재도","2027-07-05 23:55","18","고조"
"SO_1282","선재도","2027-07-06 06:10","898","저조"
"SO_1282","선재도","2027-07-06 12:42","110","고조"
"SO_1282","선재도","2027-07-05 05:22","883","저조"
"SO_1282","선재도","2027-07-05 11:55","134","고조"
"SO_1282","선재도","2027-07-05 17:36","762","저조"
"SO_1282","선재도","2027-07-05 23:55","18","고조"
"SO_1282","선재도","2027-07-06 06:10","898","저조"
"SO_1282","선재도","2027-07-06 12:42","110","고조"
"SO_1282","선재도","2027-07-06 18:25","781","저조"
"SO_1282","선재도","2027-07-07 00:43","12","고조"
"SO_1282","선재도","2027-07-07 06:55","898","저조"
"SO_1282","선재도","2027-07-07 13:25","97","고조"
"SO_1282","선재도","2027-07-06 06:10","898","저조"
"SO_1282","선재도","2027-07-06 12:42","110","고조"
"SO_1282","선재도","2027-07-06 18:25","781","저조"
"SO_1282","선재도","2027-07-07 00:43","12","고조"
"SO_1282","선재도","2027-07-07 06:55","898","저조"
"SO_1282","선재도","2027-07-07 13:25","97","고조"
"SO_1282","선재도","2027-07-07 19:11","788","저조"
"SO_1282","선재도","2027-07-08 01:29","26","고조"
"SO_1282","선재도","2027-07-08 07:37","880","저조"
"SO_1282","선재도","2027-07-08 14:06","98","고조"
"SO_1282","선재도","2027-07-07 00:43","12","고조"
"SO_1282","선재도","2027-07-07 06:55","898","저조"
"SO_1282","선재도","2027-07-07 13:25","97","고조"
"SO_1282","선재도","2027-07-07 19:11","788","저조"
"SO_1282","선재도","2027-07-08 01:29","26","고조"
"SO_1282","선재도","2027-07-08 07:37","880","저조"
"SO_1282","선재도","2027-07-08 14:06","98","고조"
"SO_1282","선재도","2027-07-08 19:55","781","저조"
"SO_1282","선재도","2027-07-09 02:13","63","고조"
"SO_1282","선재도","2027-07-09 08:17","845","저조"
"SO_1282","선재도","2027-07-08 01:29","26","고조"
"SO_1282","선재도","2027-07-08 07:37","880","저조"
"SO_1282","선재도","2027-07-08 14:06","98","고조"
"SO_1282","선재도","2027-07-08 19:55","781","저조"
"SO_1282","선재도","2027-07-09 02:13","63","고조"
"SO_1282","선재도","2027-07-09 08:17","845","저조"
"SO_1282","선재도","2027-07-09 14:46","112","고조"
"SO_1282","선재도","2027-07-09 20:41","761","저조"
"SO_1282","선재도","2027-07-10 02:56","121","고조"
"SO_1282","선재도","2027-07-10 08:57","795","저조"
"SO_1282","선재도","2027-07-09 02:13","63","고조"
"SO_1282","선재도","2027-07-09 08:17","845","저조"
"SO_1282","선재도","2027-07-09 14:46","112","고조"
"SO_1282","선재도","2027-07-09 20:41","761","저조"
"SO_1282","선재도","2027-07-10 02:56","121","고조"
"SO_1282","선재도","2027-07-10 08:57","795","저조"
"SO_1282","선재도","2027-07-10 15:26","139","고조"
"SO_1282","선재도","2027-07-10 21:29","731","저조"
"SO_1282","선재도","2027-07-11 03:42","191","고조"
"SO_1282","선재도","2027-07-11 09:39","735","저조"
"SO_1282","선재도","2027-07-10 02:56","121","고조"
"SO_1282","선재도","2027-07-10 08:57","795","저조"
"SO_1282","선재도","2027-07-10 15:26","139","고조"
"SO_1282","선재도","2027-07-10 21:29","731","저조"
"SO_1282","선재도","2027-07-11 03:42","191","고조"
"SO_1282","선재도","2027-07-11 09:39","735","저조"
"SO_1282","선재도","2027-07-11 16:10","174","고조"
"SO_1282","선재도","2027-07-11 22:25","697","저조"
"SO_1282","선재도","2027-07-12 04:36","264","고조"
"SO_1282","선재도","2027-07-12 10:29","673","저조"
"SO_1282","선재도","2027-07-11 03:42","191","고조"
"SO_1282","선재도","2027-07-11 09:39","735","저조"
"SO_1282","선재도","2027-07-11 16:10","174","고조"
"SO_1282","선재도","2027-07-11 22:25","697","저조"
"SO_1282","선재도","2027-07-12 04:36","264","고조"
"SO_1282","선재도","2027-07-12 10:29","673","저조"
"SO_1282","선재도","2027-07-12 17:03","209","고조"
"SO_1282","선재도","2027-07-12 23:35","673","저조"
"SO_1282","선재도","2027-07-13 05:48","321","고조"
"SO_1282","선재도","2027-07-13 11:35","622","저조"
"SO_1282","선재도","2027-07-12 04:36","264","고조"
"SO_1282","선재도","2027-07-12 10:29","673","저조"
"SO_1282","선재도","2027-07-12 17:03","209","고조"
"SO_1282","선재도","2027-07-12 23:35","673","저조"
"SO_1282","선재도","2027-07-13 05:48","321","고조"
"SO_1282","선재도","2027-07-13 11:35","622","저조"
"SO_1282","선재도","2027-07-13 18:11","232","고조"
"SO_1282","선재도","2027-07-14 00:57","672","저조"
"SO_1282","선재도","2027-07-14 07:19","340","고조"
"SO_1282","선재도","2027-07-14 12:58","599","저조"
"SO_1282","선재도","2027-07-13 05:48","321","고조"
"SO_1282","선재도","2027-07-13 11:35","622","저조"
"SO_1282","선재도","2027-07-13 18:11","232","고조"
"SO_1282","선재도","2027-07-14 00:57","672","저조"
"SO_1282","선재도","2027-07-14 07:19","340","고조"
"SO_1282","선재도","2027-07-14 12:58","599","저조"
"SO_1282","선재도","2027-07-14 19:28","231","고조"
"SO_1282","선재도","2027-07-15 02:14","697","저조"
"SO_1282","선재도","2027-07-15 08:41","319","고조"
"SO_1282","선재도","2027-07-15 14:16","611","저조"
"SO_1282","선재도","2027-07-14 00:57","672","저조"
"SO_1282","선재도","2027-07-14 07:19","340","고조"
"SO_1282","선재도","2027-07-14 12:58","599","저조"
"SO_1282","선재도","2027-07-14 19:28","231","고조"
"SO_1282","선재도","2027-07-15 02:14","697","저조"
"SO_1282","선재도","2027-07-15 08:41","319","고조"
"SO_1282","선재도","2027-07-15 14:16","611","저조"
"SO_1282","선재도","2027-07-15 20:35","207","고조"
"SO_1282","선재도","2027-07-16 03:14","733","저조"
"SO_1282","선재도","2027-07-16 09:41","282","고조"
"SO_1282","선재도","2027-07-15 02:14","697","저조"
"SO_1282","선재도","2027-07-15 08:41","319","고조"
"SO_1282","선재도","2027-07-15 14:16","611","저조"
"SO_1282","선재도","2027-07-15 20:35","207","고조"
"SO_1282","선재도","2027-07-16 03:14","733","저조"
"SO_1282","선재도","2027-07-16 09:41","282","고조"
"SO_1282","선재도","2027-07-16 15:16","643","저조"
"SO_1282","선재도","2027-07-16 21:29","175","고조"
"SO_1282","선재도","2027-07-17 04:01","766","저조"
"SO_1282","선재도","2027-07-17 10:27","245","고조"
"SO_1282","선재도","2027-07-16 03:14","733","저조"
"SO_1282","선재도","2027-07-16 09:41","282","고조"
"SO_1282","선재도","2027-07-16 15:16","643","저조"
"SO_1282","선재도","2027-07-16 21:29","175","고조"
"SO_1282","선재도","2027-07-17 04:01","766","저조"
"SO_1282","선재도","2027-07-17 10:27","245","고조"
"SO_1282","선재도","2027-07-17 16:04","678","저조"
"SO_1282","선재도","2027-07-17 22:15","145","고조"
"SO_1282","선재도","2027-07-18 04:41","791","저조"
"SO_1282","선재도","2027-07-18 11:06","216","고조"
"SO_1282","선재도","2027-07-17 04:01","766","저조"
"SO_1282","선재도","2027-07-17 10:27","245","고조"
"SO_1282","선재도","2027-07-17 16:04","678","저조"
"SO_1282","선재도","2027-07-17 22:15","145","고조"
"SO_1282","선재도","2027-07-18 04:41","791","저조"
"SO_1282","선재도","2027-07-18 11:06","216","고조"
"SO_1282","선재도","2027-07-18 16:44","709","저조"
"SO_1282","선재도","2027-07-18 22:55","120","고조"
"SO_1282","선재도","2027-07-19 05:15","808","저조"
"SO_1282","선재도","2027-07-19 11:41","192","고조"
"SO_1282","선재도","2027-07-18 04:41","791","저조"
"SO_1282","선재도","2027-07-18 11:06","216","고조"
"SO_1282","선재도","2027-07-18 16:44","709","저조"
"SO_1282","선재도","2027-07-18 22:55","120","고조"
"SO_1282","선재도","2027-07-19 05:15","808","저조"
"SO_1282","선재도","2027-07-19 11:41","192","고조"
"SO_1282","선재도","2027-07-19 17:19","732","저조"
"SO_1282","선재도","2027-07-19 23:31","103","고조"
"SO_1282","선재도","2027-07-20 05:46","819","저조"
"SO_1282","선재도","2027-07-20 12:12","175","고조"
"SO_1282","선재도","2027-07-19 05:15","808","저조"
"SO_1282","선재도","2027-07-19 11:41","192","고조"
"SO_1282","선재도","2027-07-19 17:19","732","저조"
"SO_1282","선재도","2027-07-19 23:31","103","고조"
"SO_1282","선재도","2027-07-20 05:46","819","저조"
"SO_1282","선재도","2027-07-20 12:12","175","고조"
"SO_1282","선재도","2027-07-20 17:52","747","저조"
"SO_1282","선재도","2027-07-21 00:05","93","고조"
"SO_1282","선재도","2027-07-21 06:15","825","저조"
"SO_1282","선재도","2027-07-21 12:42","161","고조"
"SO_1282","선재도","2027-07-20 05:46","819","저조"
"SO_1282","선재도","2027-07-20 12:12","175","고조"
"SO_1282","선재도","2027-07-20 17:52","747","저조"
"SO_1282","선재도","2027-07-21 00:05","93","고조"
"SO_1282","선재도","2027-07-21 06:15","825","저조"
"SO_1282","선재도","2027-07-21 12:42","161","고조"
"SO_1282","선재도","2027-07-21 18:24","754","저조"
"SO_1282","선재도","2027-07-22 00:37","93","고조"
"SO_1282","선재도","2027-07-22 06:42","825","저조"
"SO_1282","선재도","2027-07-22 13:10","153","고조"
"SO_1282","선재도","2027-07-21 00:05","93","고조"
"SO_1282","선재도","2027-07-21 06:15","825","저조"
"SO_1282","선재도","2027-07-21 12:42","161","고조"
"SO_1282","선재도","2027-07-21 18:24","754","저조"
"SO_1282","선재도","2027-07-22 00:37","93","고조"
"SO_1282","선재도","2027-07-22 06:42","825","저조"
"SO_1282","선재도","2027-07-22 13:10","153","고조"
"SO_1282","선재도","2027-07-22 18:55","755","저조"
"SO_1282","선재도","2027-07-23 01:08","103","고조"
"SO_1282","선재도","2027-07-23 07:10","819","저조"
"SO_1282","선재도","2027-07-22 00:37","93","고조"
"SO_1282","선재도","2027-07-22 06:42","825","저조"
"SO_1282","선재도","2027-07-22 13:10","153","고조"
"SO_1282","선재도","2027-07-22 18:55","755","저조"
"SO_1282","선재도","2027-07-23 01:08","103","고조"
"SO_1282","선재도","2027-07-23 07:10","819","저조"
"SO_1282","선재도","2027-07-23 13:37","150","고조"
"SO_1282","선재도","2027-07-23 19:26","751","저조"
"SO_1282","선재도","2027-07-24 01:40","125","고조"
"SO_1282","선재도","2027-07-24 07:38","802","저조"
"SO_1282","선재도","2027-07-23 01:08","103","고조"
"SO_1282","선재도","2027-07-23 07:10","819","저조"
"SO_1282","선재도","2027-07-23 13:37","150","고조"
"SO_1282","선재도","2027-07-23 19:26","751","저조"
"SO_1282","선재도","2027-07-24 01:40","125","고조"
"SO_1282","선재도","2027-07-24 07:38","802","저조"
"SO_1282","선재도","2027-07-24 14:06","154","고조"
"SO_1282","선재도","2027-07-24 19:59","740","저조"
"SO_1282","선재도","2027-07-25 02:13","160","고조"
"SO_1282","선재도","2027-07-25 08:09","774","저조"
"SO_1282","선재도","2027-07-24 01:40","125","고조"
"SO_1282","선재도","2027-07-24 07:38","802","저조"
"SO_1282","선재도","2027-07-24 14:06","154","고조"
"SO_1282","선재도","2027-07-24 19:59","740","저조"
"SO_1282","선재도","2027-07-25 02:13","160","고조"
"SO_1282","선재도","2027-07-25 08:09","774","저조"
"SO_1282","선재도","2027-07-25 14:37","166","고조"
"SO_1282","선재도","2027-07-25 20:37","724","저조"
"SO_1282","선재도","2027-07-26 02:50","205","고조"
"SO_1282","선재도","2027-07-26 08:44","735","저조"
"SO_1282","선재도","2027-07-25 02:13","160","고조"
"SO_1282","선재도","2027-07-25 08:09","774","저조"
"SO_1282","선재도","2027-07-25 14:37","166","고조"
"SO_1282","선재도","2027-07-25 20:37","724","저조"
"SO_1282","선재도","2027-07-26 02:50","205","고조"
"SO_1282","선재도","2027-07-26 08:44","735","저조"
"SO_1282","선재도","2027-07-26 15:12","184","고조"
"SO_1282","선재도","2027-07-26 21:23","704","저조"
"SO_1282","선재도","2027-07-27 03:34","257","고조"
"SO_1282","선재도","2027-07-27 09:26","687","저조"
"SO_1282","선재도","2027-07-26 02:50","205","고조"
"SO_1282","선재도","2027-07-26 08:44","735","저조"
"SO_1282","선재도","2027-07-26 15:12","184","고조"
"SO_1282","선재도","2027-07-26 21:23","704","저조"
"SO_1282","선재도","2027-07-27 03:34","257","고조"
"SO_1282","선재도","2027-07-27 09:26","687","저조"
"SO_1282","선재도","2027-07-27 15:58","207","고조"
"SO_1282","선재도","2027-07-27 22:22","685","저조"
"SO_1282","선재도","2027-07-28 04:34","308","고조"
"SO_1282","선재도","2027-07-28 10:24","638","저조"
"SO_1282","선재도","2027-07-27 03:34","257","고조"
"SO_1282","선재도","2027-07-27 09:26","687","저조"
"SO_1282","선재도","2027-07-27 15:58","207","고조"
"SO_1282","선재도","2027-07-27 22:22","685","저조"
"SO_1282","선재도","2027-07-28 04:34","308","고조"
"SO_1282","선재도","2027-07-28 10:24","638","저조"
"SO_1282","선재도","2027-07-28 17:01","225","고조"
"SO_1282","선재도","2027-07-28 23:41","680","저조"
"SO_1282","선재도","2027-07-29 05:59","339","고조"
"SO_1282","선재도","2027-07-29 11:47","606","저조"
"SO_1282","선재도","2027-07-28 04:34","308","고조"
"SO_1282","선재도","2027-07-28 10:24","638","저조"
"SO_1282","선재도","2027-07-28 17:01","225","고조"
"SO_1282","선재도","2027-07-28 23:41","680","저조"
"SO_1282","선재도","2027-07-29 05:59","339","고조"
"SO_1282","선재도","2027-07-29 11:47","606","저조"
"SO_1282","선재도","2027-07-29 18:23","224","고조"
"SO_1282","선재도","2027-07-30 01:08","703","저조"
"SO_1282","선재도","2027-07-30 07:39","326","고조"
"SO_1282","선재도","2027-07-30 13:22","612","저조"
"SO_1282","선재도","2027-07-29 05:59","339","고조"
"SO_1282","선재도","2027-07-29 11:47","606","저조"
"SO_1282","선재도","2027-07-29 18:23","224","고조"
"SO_1282","선재도","2027-07-30 01:08","703","저조"
"SO_1282","선재도","2027-07-30 07:39","326","고조"
"SO_1282","선재도","2027-07-30 13:22","612","저조"
"SO_1282","선재도","2027-07-30 19:48","191","고조"
"SO_1282","선재도","2027-07-31 02:26","753","저조"
"SO_1282","선재도","2027-07-31 09:01","277","고조"
"SO_1282","선재도","2027-07-31 14:42","654","저조"
"SO_1282","선재도","2027-07-30 01:08","703","저조"
"SO_1282","선재도","2027-07-30 07:39","326","고조"
"SO_1282","선재도","2027-07-30 13:22","612","저조"
"SO_1282","선재도","2027-07-30 19:48","191","고조"
"SO_1282","선재도","2027-07-31 02:26","753","저조"
"SO_1282","선재도","2027-07-31 09:01","277","고조"
"SO_1282","선재도","2027-07-31 14:42","654","저조"
"SO_1282","선재도","2027-07-31 21:01","137","고조"
"SO_1282","선재도","2027-08-01 03:29","811","저조"
"SO_1282","선재도","2027-08-01 10:03","215","고조"
"SO_1282","선재도","2027-07-31 02:26","753","저조"
"SO_1282","선재도","2027-07-31 09:01","277","고조"
"SO_1282","선재도","2027-07-31 14:42","654","저조"
"SO_1282","선재도","2027-07-31 21:01","137","고조"
"SO_1282","선재도","2027-08-01 03:29","811","저조"
"SO_1282","선재도","2027-08-01 10:03","215","고조"
"SO_1282","선재도","2027-08-01 15:45","712","저조"
"SO_1282","선재도","2027-08-01 22:03","78","고조"
"SO_1282","선재도","2027-08-02 04:24","864","저조"
"SO_1282","선재도","2027-08-02 10:55","154","고조"
"SO_1282","선재도","2027-08-01 03:29","811","저조"
"SO_1282","선재도","2027-08-01 10:03","215","고조"
"SO_1282","선재도","2027-08-01 15:45","712","저조"
"SO_1282","선재도","2027-08-01 22:03","78","고조"
"SO_1282","선재도","2027-08-02 04:24","864","저조"
"SO_1282","선재도","2027-08-02 10:55","154","고조"
"SO_1282","선재도","2027-08-02 16:38","768","저조"
"SO_1282","선재도","2027-08-02 22:57","28","고조"
"SO_1282","선재도","2027-08-03 05:11","902","저조"
"SO_1282","선재도","2027-08-03 11:42","104","고조"
"SO_1282","선재도","2027-08-02 04:24","864","저조"
"SO_1282","선재도","2027-08-02 10:55","154","고조"
"SO_1282","선재도","2027-08-02 16:38","768","저조"
"SO_1282","선재도","2027-08-02 22:57","28","고조"
"SO_1282","선재도","2027-08-03 05:11","902","저조"
"SO_1282","선재도","2027-08-03 11:42","104","고조"
"SO_1282","선재도","2027-08-03 17:26","812","저조"
"SO_1282","선재도","2027-08-03 23:46","-3","고조"
"SO_1282","선재도","2027-08-04 05:55","920","저조"
"SO_1282","선재도","2027-08-04 12:24","68","고조"
"SO_1282","선재도","2027-08-03 05:11","902","저조"
"SO_1282","선재도","2027-08-03 11:42","104","고조"
"SO_1282","선재도","2027-08-03 17:26","812","저조"
"SO_1282","선재도","2027-08-03 23:46","-3","고조"
"SO_1282","선재도","2027-08-04 05:55","920","저조"
"SO_1282","선재도","2027-08-04 12:24","68","고조"
"SO_1282","선재도","2027-08-04 18:11","839","저조"
"SO_1282","선재도","2027-08-05 00:31","-9","고조"
"SO_1282","선재도","2027-08-05 06:35","917","저조"
"SO_1282","선재도","2027-08-05 13:02","51","고조"
"SO_1282","선재도","2027-08-04 05:55","920","저조"
"SO_1282","선재도","2027-08-04 12:24","68","고조"
"SO_1282","선재도","2027-08-04 18:11","839","저조"
"SO_1282","선재도","2027-08-05 00:31","-9","고조"
"SO_1282","선재도","2027-08-05 06:35","917","저조"
"SO_1282","선재도","2027-08-05 13:02","51","고조"
"SO_1282","선재도","2027-08-05 18:52","847","저조"
"SO_1282","선재도","2027-08-06 01:12","12","고조"
"SO_1282","선재도","2027-08-06 07:12","894","저조"
"SO_1282","선재도","2027-08-06 13:38","53","고조"
"SO_1282","선재도","2027-08-05 00:31","-9","고조"
"SO_1282","선재도","2027-08-05 06:35","917","저조"
"SO_1282","선재도","2027-08-05 13:02","51","고조"
"SO_1282","선재도","2027-08-05 18:52","847","저조"
"SO_1282","선재도","2027-08-06 01:12","12","고조"
"SO_1282","선재도","2027-08-06 07:12","894","저조"
"SO_1282","선재도","2027-08-06 13:38","53","고조"
"SO_1282","선재도","2027-08-06 19:32","836","저조"
"SO_1282","선재도","2027-08-07 01:51","58","고조"
"SO_1282","선재도","2027-08-07 07:46","852","저조"
"SO_1282","선재도","2027-08-06 01:12","12","고조"
"SO_1282","선재도","2027-08-06 07:12","894","저조"
"SO_1282","선재도","2027-08-06 13:38","53","고조"
"SO_1282","선재도","2027-08-06 19:32","836","저조"
"SO_1282","선재도","2027-08-07 01:51","58","고조"
"SO_1282","선재도","2027-08-07 07:46","852","저조"
"SO_1282","선재도","2027-08-07 14:12","74","고조"
"SO_1282","선재도","2027-08-07 20:11","807","저조"
"SO_1282","선재도","2027-08-08 02:29","125","고조"
"SO_1282","선재도","2027-08-08 08:20","795","저조"
"SO_1282","선재도","2027-08-07 01:51","58","고조"
"SO_1282","선재도","2027-08-07 07:46","852","저조"
"SO_1282","선재도","2027-08-07 14:12","74","고조"
"SO_1282","선재도","2027-08-07 20:11","807","저조"
"SO_1282","선재도","2027-08-08 02:29","125","고조"
"SO_1282","선재도","2027-08-08 08:20","795","저조"
"SO_1282","선재도","2027-08-08 14:45","112","고조"
"SO_1282","선재도","2027-08-08 20:52","765","저조"
"SO_1282","선재도","2027-08-09 03:07","205","고조"
"SO_1282","선재도","2027-08-09 08:55","728","저조"
"SO_1282","선재도","2027-08-08 02:29","125","고조"
"SO_1282","선재도","2027-08-08 08:20","795","저조"
"SO_1282","선재도","2027-08-08 14:45","112","고조"
"SO_1282","선재도","2027-08-08 20:52","765","저조"
"SO_1282","선재도","2027-08-09 03:07","205","고조"
"SO_1282","선재도","2027-08-09 08:55","728","저조"
"SO_1282","선재도","2027-08-09 15:20","162","고조"
"SO_1282","선재도","2027-08-09 21:40","712","저조"
"SO_1282","선재도","2027-08-10 03:54","289","고조"
"SO_1282","선재도","2027-08-10 09:36","655","저조"
"SO_1282","선재도","2027-08-09 03:07","205","고조"
"SO_1282","선재도","2027-08-09 08:55","728","저조"
"SO_1282","선재도","2027-08-09 15:20","162","고조"
"SO_1282","선재도","2027-08-09 21:40","712","저조"
"SO_1282","선재도","2027-08-10 03:54","289","고조"
"SO_1282","선재도","2027-08-10 09:36","655","저조"
"SO_1282","선재도","2027-08-10 16:05","219","고조"
"SO_1282","선재도","2027-08-10 22:45","662","저조"
"SO_1282","선재도","2027-08-11 05:01","362","고조"
"SO_1282","선재도","2027-08-11 10:37","588","저조"
"SO_1282","선재도","2027-08-10 03:54","289","고조"
"SO_1282","선재도","2027-08-10 09:36","655","저조"
"SO_1282","선재도","2027-08-10 16:05","219","고조"
"SO_1282","선재도","2027-08-10 22:45","662","저조"
"SO_1282","선재도","2027-08-11 05:01","362","고조"
"SO_1282","선재도","2027-08-11 10:37","588","저조"
"SO_1282","선재도","2027-08-11 17:13","270","고조"
"SO_1282","선재도","2027-08-12 00:24","639","저조"
"SO_1282","선재도","2027-08-12 06:57","389","고조"
"SO_1282","선재도","2027-08-12 12:24","553","저조"
"SO_1282","선재도","2027-08-11 05:01","362","고조"
"SO_1282","선재도","2027-08-11 10:37","588","저조"
"SO_1282","선재도","2027-08-11 17:13","270","고조"
"SO_1282","선재도","2027-08-12 00:24","639","저조"
"SO_1282","선재도","2027-08-12 06:57","389","고조"
"SO_1282","선재도","2027-08-12 12:24","553","저조"
"SO_1282","선재도","2027-08-12 18:55","284","고조"
"SO_1282","선재도","2027-08-13 02:02","663","저조"
"SO_1282","선재도","2027-08-13 08:36","353","고조"
"SO_1282","선재도","2027-08-13 14:05","579","저조"
"SO_1282","선재도","2027-08-12 00:24","639","저조"
"SO_1282","선재도","2027-08-12 06:57","389","고조"
"SO_1282","선재도","2027-08-12 12:24","553","저조"
"SO_1282","선재도","2027-08-12 18:55","284","고조"
"SO_1282","선재도","2027-08-13 02:02","663","저조"
"SO_1282","선재도","2027-08-13 08:36","353","고조"
"SO_1282","선재도","2027-08-13 14:05","579","저조"
"SO_1282","선재도","2027-08-13 20:21","251","고조"
"SO_1282","선재도","2027-08-14 03:06","710","저조"
"SO_1282","선재도","2027-08-14 09:32","297","고조"
"SO_1282","선재도","2027-08-13 02:02","663","저조"
"SO_1282","선재도","2027-08-13 08:36","353","고조"
"SO_1282","선재도","2027-08-13 14:05","579","저조"
"SO_1282","선재도","2027-08-13 20:21","251","고조"
"SO_1282","선재도","2027-08-14 03:06","710","저조"
"SO_1282","선재도","2027-08-14 09:32","297","고조"
"SO_1282","선재도","2027-08-14 15:08","633","저조"
"SO_1282","선재도","2027-08-14 21:19","202","고조"
"SO_1282","선재도","2027-08-15 03:49","754","저조"
"SO_1282","선재도","2027-08-15 10:13","245","고조"
"SO_1282","선재도","2027-08-14 03:06","710","저조"
"SO_1282","선재도","2027-08-14 09:32","297","고조"
"SO_1282","선재도","2027-08-14 15:08","633","저조"
"SO_1282","선재도","2027-08-14 21:19","202","고조"
"SO_1282","선재도","2027-08-15 03:49","754","저조"
"SO_1282","선재도","2027-08-15 10:13","245","고조"
"SO_1282","선재도","2027-08-15 15:52","687","저조"
"SO_1282","선재도","2027-08-15 22:03","155","고조"
"SO_1282","선재도","2027-08-16 04:24","788","저조"
"SO_1282","선재도","2027-08-16 10:46","201","고조"
"SO_1282","선재도","2027-08-15 03:49","754","저조"
"SO_1282","선재도","2027-08-15 10:13","245","고조"
"SO_1282","선재도","2027-08-15 15:52","687","저조"
"SO_1282","선재도","2027-08-15 22:03","155","고조"
"SO_1282","선재도","2027-08-16 04:24","788","저조"
"SO_1282","선재도","2027-08-16 10:46","201","고조"
"SO_1282","선재도","2027-08-16 16:28","732","저조"
"SO_1282","선재도","2027-08-16 22:40","118","고조"
"SO_1282","선재도","2027-08-17 04:54","813","저조"
"SO_1282","선재도","2027-08-17 11:17","166","고조"
"SO_1282","선재도","2027-08-16 04:24","788","저조"
"SO_1282","선재도","2027-08-16 10:46","201","고조"
"SO_1282","선재도","2027-08-16 16:28","732","저조"
"SO_1282","선재도","2027-08-16 22:40","118","고조"
"SO_1282","선재도","2027-08-17 04:54","813","저조"
"SO_1282","선재도","2027-08-17 11:17","166","고조"
"SO_1282","선재도","2027-08-17 17:01","764","저조"
"SO_1282","선재도","2027-08-17 23:14","93","고조"
"SO_1282","선재도","2027-08-18 05:22","830","저조"
"SO_1282","선재도","2027-08-18 11:46","138","고조"
"SO_1282","선재도","2027-08-17 04:54","813","저조"
"SO_1282","선재도","2027-08-17 11:17","166","고조"
"SO_1282","선재도","2027-08-17 17:01","764","저조"
"SO_1282","선재도","2027-08-17 23:14","93","고조"
"SO_1282","선재도","2027-08-18 05:22","830","저조"
"SO_1282","선재도","2027-08-18 11:46","138","고조"
"SO_1282","선재도","2027-08-18 17:32","785","저조"
"SO_1282","선재도","2027-08-18 23:46","79","고조"
"SO_1282","선재도","2027-08-19 05:49","838","저조"
"SO_1282","선재도","2027-08-19 12:14","118","고조"
"SO_1282","선재도","2027-08-18 05:22","830","저조"
"SO_1282","선재도","2027-08-18 11:46","138","고조"
"SO_1282","선재도","2027-08-18 17:32","785","저조"
"SO_1282","선재도","2027-08-18 23:46","79","고조"
"SO_1282","선재도","2027-08-19 05:49","838","저조"
"SO_1282","선재도","2027-08-19 12:14","118","고조"
"SO_1282","선재도","2027-08-19 18:01","797","저조"
"SO_1282","선재도","2027-08-20 00:17","77","고조"
"SO_1282","선재도","2027-08-20 06:16","839","저조"
"SO_1282","선재도","2027-08-20 12:41","106","고조"
"SO_1282","선재도","2027-08-19 05:49","838","저조"
"SO_1282","선재도","2027-08-19 12:14","118","고조"
"SO_1282","선재도","2027-08-19 18:01","797","저조"
"SO_1282","선재도","2027-08-20 00:17","77","고조"
"SO_1282","선재도","2027-08-20 06:16","839","저조"
"SO_1282","선재도","2027-08-20 12:41","106","고조"
"SO_1282","선재도","2027-08-20 18:31","801","저조"
"SO_1282","선재도","2027-08-21 00:48","88","고조"
"SO_1282","선재도","2027-08-21 06:42","830","저조"
"SO_1282","선재도","2027-08-21 13:08","103","고조"
"SO_1282","선재도","2027-08-20 00:17","77","고조"
"SO_1282","선재도","2027-08-20 06:16","839","저조"
"SO_1282","선재도","2027-08-20 12:41","106","고조"
"SO_1282","선재도","2027-08-20 18:31","801","저조"
"SO_1282","선재도","2027-08-21 00:48","88","고조"
"SO_1282","선재도","2027-08-21 06:42","830","저조"
"SO_1282","선재도","2027-08-21 13:08","103","고조"
"SO_1282","선재도","2027-08-21 19:00","799","저조"
"SO_1282","선재도","2027-08-22 01:19","111","고조"
"SO_1282","선재도","2027-08-22 07:09","810","저조"
"SO_1282","선재도","2027-08-21 00:48","88","고조"
"SO_1282","선재도","2027-08-21 06:42","830","저조"
"SO_1282","선재도","2027-08-21 13:08","103","고조"
"SO_1282","선재도","2027-08-21 19:00","799","저조"
"SO_1282","선재도","2027-08-22 01:19","111","고조"
"SO_1282","선재도","2027-08-22 07:09","810","저조"
"SO_1282","선재도","2027-08-22 13:34","108","고조"
"SO_1282","선재도","2027-08-22 19:31","789","저조"
"SO_1282","선재도","2027-08-23 01:50","148","고조"
"SO_1282","선재도","2027-08-23 07:38","778","저조"
"SO_1282","선재도","2027-08-22 01:19","111","고조"
"SO_1282","선재도","2027-08-22 07:09","810","저조"
"SO_1282","선재도","2027-08-22 13:34","108","고조"
"SO_1282","선재도","2027-08-22 19:31","789","저조"
"SO_1282","선재도","2027-08-23 01:50","148","고조"
"SO_1282","선재도","2027-08-23 07:38","778","저조"
"SO_1282","선재도","2027-08-23 14:03","124","고조"
"SO_1282","선재도","2027-08-23 20:05","771","저조"
"SO_1282","선재도","2027-08-24 02:24","196","고조"
"SO_1282","선재도","2027-08-24 08:09","736","저조"
"SO_1282","선재도","2027-08-23 01:50","148","고조"
"SO_1282","선재도","2027-08-23 07:38","778","저조"
"SO_1282","선재도","2027-08-23 14:03","124","고조"
"SO_1282","선재도","2027-08-23 20:05","771","저조"
"SO_1282","선재도","2027-08-24 02:24","196","고조"
"SO_1282","선재도","2027-08-24 08:09","736","저조"
"SO_1282","선재도","2027-08-24 14:34","149","고조"
"SO_1282","선재도","2027-08-24 20:46","742","저조"
"SO_1282","선재도","2027-08-25 03:04","255","고조"
"SO_1282","선재도","2027-08-25 08:47","682","저조"
"SO_1282","선재도","2027-08-24 02:24","196","고조"
"SO_1282","선재도","2027-08-24 08:09","736","저조"
"SO_1282","선재도","2027-08-24 14:34","149","고조"
"SO_1282","선재도","2027-08-24 20:46","742","저조"
"SO_1282","선재도","2027-08-25 03:04","255","고조"
"SO_1282","선재도","2027-08-25 08:47","682","저조"
"SO_1282","선재도","2027-08-25 15:16","186","고조"
"SO_1282","선재도","2027-08-25 21:42","703","저조"
"SO_1282","선재도","2027-08-26 03:59","317","고조"
"SO_1282","선재도","2027-08-26 09:42","622","저조"
"SO_1282","선재도","2027-08-25 03:04","255","고조"
"SO_1282","선재도","2027-08-25 08:47","682","저조"
"SO_1282","선재도","2027-08-25 15:16","186","고조"
"SO_1282","선재도","2027-08-25 21:42","703","저조"
"SO_1282","선재도","2027-08-26 03:59","317","고조"
"SO_1282","선재도","2027-08-26 09:42","622","저조"
"SO_1282","선재도","2027-08-26 16:18","227","고조"
"SO_1282","선재도","2027-08-26 23:06","672","저조"
"SO_1282","선재도","2027-08-27 05:32","360","고조"
"SO_1282","선재도","2027-08-27 11:16","576","저조"
"SO_1282","선재도","2027-08-26 03:59","317","고조"
"SO_1282","선재도","2027-08-26 09:42","622","저조"
"SO_1282","선재도","2027-08-26 16:18","227","고조"
"SO_1282","선재도","2027-08-26 23:06","672","저조"
"SO_1282","선재도","2027-08-27 05:32","360","고조"
"SO_1282","선재도","2027-08-27 11:16","576","저조"
"SO_1282","선재도","2027-08-27 17:55","246","고조"
"SO_1282","선재도","2027-08-28 00:53","684","저조"
"SO_1282","선재도","2027-08-28 07:34","339","고조"
"SO_1282","선재도","2027-08-28 13:16","592","저조"
"SO_1282","선재도","2027-08-27 05:32","360","고조"
"SO_1282","선재도","2027-08-27 11:16","576","저조"
"SO_1282","선재도","2027-08-27 17:55","246","고조"
"SO_1282","선재도","2027-08-28 00:53","684","저조"
"SO_1282","선재도","2027-08-28 07:34","339","고조"
"SO_1282","선재도","2027-08-28 13:16","592","저조"
"SO_1282","선재도","2027-08-28 19:39","210","고조"
"SO_1282","선재도","2027-08-29 02:19","741","저조"
"SO_1282","선재도","2027-08-29 08:55","267","고조"
"SO_1282","선재도","2027-08-29 14:39","661","저조"
"SO_1282","선재도","2027-08-28 00:53","684","저조"
"SO_1282","선재도","2027-08-28 07:34","339","고조"
"SO_1282","선재도","2027-08-28 13:16","592","저조"
"SO_1282","선재도","2027-08-28 19:39","210","고조"
"SO_1282","선재도","2027-08-29 02:19","741","저조"
"SO_1282","선재도","2027-08-29 08:55","267","고조"
"SO_1282","선재도","2027-08-29 14:39","661","저조"
"SO_1282","선재도","2027-08-29 20:56","139","고조"
"SO_1282","선재도","2027-08-30 03:21","810","저조"
"SO_1282","선재도","2027-08-30 09:51","186","고조"
"SO_1282","선재도","2027-08-29 02:19","741","저조"
"SO_1282","선재도","2027-08-29 08:55","267","고조"
"SO_1282","선재도","2027-08-29 14:39","661","저조"
"SO_1282","선재도","2027-08-29 20:56","139","고조"
"SO_1282","선재도","2027-08-30 03:21","810","저조"
"SO_1282","선재도","2027-08-30 09:51","186","고조"
"SO_1282","선재도","2027-08-30 15:37","742","저조"
"SO_1282","선재도","2027-08-30 21:55","68","고조"
"SO_1282","선재도","2027-08-31 04:09","868","저조"
"SO_1282","선재도","2027-08-31 10:37","113","고조"
"SO_1282","선재도","2027-08-30 03:21","810","저조"
"SO_1282","선재도","2027-08-30 09:51","186","고조"
"SO_1282","선재도","2027-08-30 15:37","742","저조"
"SO_1282","선재도","2027-08-30 21:55","68","고조"
"SO_1282","선재도","2027-08-31 04:09","868","저조"
"SO_1282","선재도","2027-08-31 10:37","113","고조"
"SO_1282","선재도","2027-08-31 16:26","811","저조"
"SO_1282","선재도","2027-08-31 22:45","15","고조"
"SO_1282","선재도","2027-09-01 04:52","903","저조"
"SO_1282","선재도","2027-09-01 11:19","59","고조"
"SO_1282","선재도","2027-08-31 04:09","868","저조"
"SO_1282","선재도","2027-08-31 10:37","113","고조"
"SO_1282","선재도","2027-08-31 16:26","811","저조"
"SO_1282","선재도","2027-08-31 22:45","15","고조"
"SO_1282","선재도","2027-09-01 04:52","903","저조"
"SO_1282","선재도","2027-09-01 11:19","59","고조"
"SO_1282","선재도","2027-09-01 17:09","859","저조"
"SO_1282","선재도","2027-09-01 23:30","-11","고조"
"SO_1282","선재도","2027-09-02 05:31","914","저조"
"SO_1282","선재도","2027-09-02 11:57","27","고조"
"SO_1282","선재도","2027-09-01 04:52","903","저조"
"SO_1282","선재도","2027-09-01 11:19","59","고조"
"SO_1282","선재도","2027-09-01 17:09","859","저조"
"SO_1282","선재도","2027-09-01 23:30","-11","고조"
"SO_1282","선재도","2027-09-02 05:31","914","저조"
"SO_1282","선재도","2027-09-02 11:57","27","고조"
"SO_1282","선재도","2027-09-02 17:50","882","저조"
"SO_1282","선재도","2027-09-03 00:11","-8","고조"
"SO_1282","선재도","2027-09-03 06:07","902","저조"
"SO_1282","선재도","2027-09-03 12:32","16","고조"
"SO_1282","선재도","2027-09-02 05:31","914","저조"
"SO_1282","선재도","2027-09-02 11:57","27","고조"
"SO_1282","선재도","2027-09-02 17:50","882","저조"
"SO_1282","선재도","2027-09-03 00:11","-8","고조"
"SO_1282","선재도","2027-09-03 06:07","902","저조"
"SO_1282","선재도","2027-09-03 12:32","16","고조"
"SO_1282","선재도","2027-09-03 18:28","883","저조"
"SO_1282","선재도","2027-09-04 00:50","23","고조"
"SO_1282","선재도","2027-09-04 06:41","870","저조"
"SO_1282","선재도","2027-09-04 13:04","27","고조"
"SO_1282","선재도","2027-09-03 00:11","-8","고조"
"SO_1282","선재도","2027-09-03 06:07","902","저조"
"SO_1282","선재도","2027-09-03 12:32","16","고조"
"SO_1282","선재도","2027-09-03 18:28","883","저조"
"SO_1282","선재도","2027-09-04 00:50","23","고조"
"SO_1282","선재도","2027-09-04 06:41","870","저조"
"SO_1282","선재도","2027-09-04 13:04","27","고조"
"SO_1282","선재도","2027-09-04 19:04","863","저조"
"SO_1282","선재도","2027-09-05 01:25","75","고조"
"SO_1282","선재도","2027-09-05 07:13","824","저조"
"SO_1282","선재도","2027-09-04 00:50","23","고조"
"SO_1282","선재도","2027-09-04 06:41","870","저조"
"SO_1282","선재도","2027-09-04 13:04","27","고조"
"SO_1282","선재도","2027-09-04 19:04","863","저조"
"SO_1282","선재도","2027-09-05 01:25","75","고조"
"SO_1282","선재도","2027-09-05 07:13","824","저조"
"SO_1282","선재도","2027-09-05 13:35","55","고조"
"SO_1282","선재도","2027-09-05 19:40","827","저조"
"SO_1282","선재도","2027-09-06 02:00","143","고조"
"SO_1282","선재도","2027-09-06 07:44","767","저조"
"SO_1282","선재도","2027-09-05 01:25","75","고조"
"SO_1282","선재도","2027-09-05 07:13","824","저조"
"SO_1282","선재도","2027-09-05 13:35","55","고조"
"SO_1282","선재도","2027-09-05 19:40","827","저조"
"SO_1282","선재도","2027-09-06 02:00","143","고조"
"SO_1282","선재도","2027-09-06 07:44","767","저조"
"SO_1282","선재도","2027-09-06 14:04","99","고조"
"SO_1282","선재도","2027-09-06 20:16","777","저조"
"SO_1282","선재도","2027-09-07 02:35","221","고조"
"SO_1282","선재도","2027-09-07 08:16","702","저조"
"SO_1282","선재도","2027-09-06 02:00","143","고조"
"SO_1282","선재도","2027-09-06 07:44","767","저조"
"SO_1282","선재도","2027-09-06 14:04","99","고조"
"SO_1282","선재도","2027-09-06 20:16","777","저조"
"SO_1282","선재도","2027-09-07 02:35","221","고조"
"SO_1282","선재도","2027-09-07 08:16","702","저조"
"SO_1282","선재도","2027-09-07 14:36","156","고조"
"SO_1282","선재도","2027-09-07 20:58","715","저조"
"SO_1282","선재도","2027-09-08 03:17","303","고조"
"SO_1282","선재도","2027-09-08 08:53","630","저조"
"SO_1282","선재도","2027-09-07 02:35","221","고조"
"SO_1282","선재도","2027-09-07 08:16","702","저조"
"SO_1282","선재도","2027-09-07 14:36","156","고조"
"SO_1282","선재도","2027-09-07 20:58","715","저조"
"SO_1282","선재도","2027-09-08 03:17","303","고조"
"SO_1282","선재도","2027-09-08 08:53","630","저조"
"SO_1282","선재도","2027-09-08 15:14","223","고조"
"SO_1282","선재도","2027-09-08 21:57","651","저조"
"SO_1282","선재도","2027-09-09 04:20","376","고조"
"SO_1282","선재도","2027-09-09 09:51","560","저조"
"SO_1282","선재도","2027-09-08 03:17","303","고조"
"SO_1282","선재도","2027-09-08 08:53","630","저조"
"SO_1282","선재도","2027-09-08 15:14","223","고조"
"SO_1282","선재도","2027-09-08 21:57","651","저조"
"SO_1282","선재도","2027-09-09 04:20","376","고조"
"SO_1282","선재도","2027-09-09 09:51","560","저조"
"SO_1282","선재도","2027-09-09 16:17","290","고조"
"SO_1282","선재도","2027-09-09 23:44","611","저조"
"SO_1282","선재도","2027-09-10 06:35","403","고조"
"SO_1282","선재도","2027-09-10 11:54","523","저조"
"SO_1282","선재도","2027-09-09 04:20","376","고조"
"SO_1282","선재도","2027-09-09 09:51","560","저조"
"SO_1282","선재도","2027-09-09 16:17","290","고조"
"SO_1282","선재도","2027-09-09 23:44","611","저조"
"SO_1282","선재도","2027-09-10 06:35","403","고조"
"SO_1282","선재도","2027-09-10 11:54","523","저조"
"SO_1282","선재도","2027-09-10 18:21","318","고조"
"SO_1282","선재도","2027-09-11 01:40","631","저조"
"SO_1282","선재도","2027-09-11 08:19","354","고조"
"SO_1282","선재도","2027-09-11 13:49","562","저조"
"SO_1282","선재도","2027-09-10 06:35","403","고조"
"SO_1282","선재도","2027-09-10 11:54","523","저조"
"SO_1282","선재도","2027-09-10 18:21","318","고조"
"SO_1282","선재도","2027-09-11 01:40","631","저조"
"SO_1282","선재도","2027-09-11 08:19","354","고조"
"SO_1282","선재도","2027-09-11 13:49","562","저조"
"SO_1282","선재도","2027-09-11 20:03","278","고조"
"SO_1282","선재도","2027-09-12 02:44","682","저조"
"SO_1282","선재도","2027-09-12 09:10","289","고조"
"SO_1282","선재도","2027-09-12 14:49","630","저조"
"SO_1282","선재도","2027-09-11 01:40","631","저조"
"SO_1282","선재도","2027-09-11 08:19","354","고조"
"SO_1282","선재도","2027-09-11 13:49","562","저조"
"SO_1282","선재도","2027-09-11 20:03","278","고조"
"SO_1282","선재도","2027-09-12 02:44","682","저조"
"SO_1282","선재도","2027-09-12 09:10","289","고조"
"SO_1282","선재도","2027-09-12 14:49","630","저조"
"SO_1282","선재도","2027-09-12 21:00","218","고조"
"SO_1282","선재도","2027-09-13 03:24","731","저조"
"SO_1282","선재도","2027-09-13 09:45","227","고조"
"SO_1282","선재도","2027-09-12 02:44","682","저조"
"SO_1282","선재도","2027-09-12 09:10","289","고조"
"SO_1282","선재도","2027-09-12 14:49","630","저조"
"SO_1282","선재도","2027-09-12 21:00","218","고조"
"SO_1282","선재도","2027-09-13 03:24","731","저조"
"SO_1282","선재도","2027-09-13 09:45","227","고조"
"SO_1282","선재도","2027-09-13 15:30","695","저조"
"SO_1282","선재도","2027-09-13 21:42","163","고조"
"SO_1282","선재도","2027-09-14 03:56","771","저조"
"SO_1282","선재도","2027-09-14 10:16","173","고조"
"SO_1282","선재도","2027-09-13 03:24","731","저조"
"SO_1282","선재도","2027-09-13 09:45","227","고조"
"SO_1282","선재도","2027-09-13 15:30","695","저조"
"SO_1282","선재도","2027-09-13 21:42","163","고조"
"SO_1282","선재도","2027-09-14 03:56","771","저조"
"SO_1282","선재도","2027-09-14 10:16","173","고조"
"SO_1282","선재도","2027-09-14 16:04","749","저조"
"SO_1282","선재도","2027-09-14 22:17","119","고조"
"SO_1282","선재도","2027-09-15 04:24","801","저조"
"SO_1282","선재도","2027-09-15 10:45","130","고조"
"SO_1282","선재도","2027-09-14 03:56","771","저조"
"SO_1282","선재도","2027-09-14 10:16","173","고조"
"SO_1282","선재도","2027-09-14 16:04","749","저조"
"SO_1282","선재도","2027-09-14 22:17","119","고조"
"SO_1282","선재도","2027-09-15 04:24","801","저조"
"SO_1282","선재도","2027-09-15 10:45","130","고조"
"SO_1282","선재도","2027-09-15 16:36","788","저조"
"SO_1282","선재도","2027-09-15 22:51","90","고조"
"SO_1282","선재도","2027-09-16 04:51","820","저조"
"SO_1282","선재도","2027-09-16 11:13","96","고조"
"SO_1282","선재도","2027-09-15 04:24","801","저조"
"SO_1282","선재도","2027-09-15 10:45","130","고조"
"SO_1282","선재도","2027-09-15 16:36","788","저조"
"SO_1282","선재도","2027-09-15 22:51","90","고조"
"SO_1282","선재도","2027-09-16 04:51","820","저조"
"SO_1282","선재도","2027-09-16 11:13","96","고조"
"SO_1282","선재도","2027-09-16 17:06","814","저조"
"SO_1282","선재도","2027-09-16 23:23","74","고조"
"SO_1282","선재도","2027-09-17 05:19","828","저조"
"SO_1282","선재도","2027-09-17 11:42","74","고조"
"SO_1282","선재도","2027-09-16 04:51","820","저조"
"SO_1282","선재도","2027-09-16 11:13","96","고조"
"SO_1282","선재도","2027-09-16 17:06","814","저조"
"SO_1282","선재도","2027-09-16 23:23","74","고조"
"SO_1282","선재도","2027-09-17 05:19","828","저조"
"SO_1282","선재도","2027-09-17 11:42","74","고조"
"SO_1282","선재도","2027-09-17 17:35","829","저조"
"SO_1282","선재도","2027-09-17 23:55","72","고조"
"SO_1282","선재도","2027-09-18 05:46","825","저조"
"SO_1282","선재도","2027-09-18 12:09","63","고조"
"SO_1282","선재도","2027-09-17 05:19","828","저조"
"SO_1282","선재도","2027-09-17 11:42","74","고조"
"SO_1282","선재도","2027-09-17 17:35","829","저조"
"SO_1282","선재도","2027-09-17 23:55","72","고조"
"SO_1282","선재도","2027-09-18 05:46","825","저조"
"SO_1282","선재도","2027-09-18 12:09","63","고조"
"SO_1282","선재도","2027-09-18 18:05","835","저조"
"SO_1282","선재도","2027-09-19 00:27","83","고조"
"SO_1282","선재도","2027-09-19 06:14","811","저조"
"SO_1282","선재도","2027-09-19 12:37","63","고조"
"SO_1282","선재도","2027-09-18 05:46","825","저조"
"SO_1282","선재도","2027-09-18 12:09","63","고조"
"SO_1282","선재도","2027-09-18 18:05","835","저조"
"SO_1282","선재도","2027-09-19 00:27","83","고조"
"SO_1282","선재도","2027-09-19 06:14","811","저조"
"SO_1282","선재도","2027-09-19 12:37","63","고조"
"SO_1282","선재도","2027-09-19 18:35","833","저조"
"SO_1282","선재도","2027-09-20 00:58","108","고조"
"SO_1282","선재도","2027-09-20 06:42","787","저조"
"SO_1282","선재도","2027-09-20 13:05","72","고조"
"SO_1282","선재도","2027-09-19 00:27","83","고조"
"SO_1282","선재도","2027-09-19 06:14","811","저조"
"SO_1282","선재도","2027-09-19 12:37","63","고조"
"SO_1282","선재도","2027-09-19 18:35","833","저조"
"SO_1282","선재도","2027-09-20 00:58","108","고조"
"SO_1282","선재도","2027-09-20 06:42","787","저조"
"SO_1282","선재도","2027-09-20 13:05","72","고조"
"SO_1282","선재도","2027-09-20 19:06","821","저조"
"SO_1282","선재도","2027-09-21 01:30","146","고조"
"SO_1282","선재도","2027-09-21 07:12","753","저조"
"SO_1282","선재도","2027-09-20 00:58","108","고조"
"SO_1282","선재도","2027-09-20 06:42","787","저조"
"SO_1282","선재도","2027-09-20 13:05","72","고조"
"SO_1282","선재도","2027-09-20 19:06","821","저조"
"SO_1282","선재도","2027-09-21 01:30","146","고조"
"SO_1282","선재도","2027-09-21 07:12","753","저조"
"SO_1282","선재도","2027-09-21 13:34","93","고조"
"SO_1282","선재도","2027-09-21 19:41","796","저조"
"SO_1282","선재도","2027-09-22 02:05","196","고조"
"SO_1282","선재도","2027-09-22 07:45","709","저조"
"SO_1282","선재도","2027-09-21 01:30","146","고조"
"SO_1282","선재도","2027-09-21 07:12","753","저조"
"SO_1282","선재도","2027-09-21 13:34","93","고조"
"SO_1282","선재도","2027-09-21 19:41","796","저조"
"SO_1282","선재도","2027-09-22 02:05","196","고조"
"SO_1282","선재도","2027-09-22 07:45","709","저조"
"SO_1282","선재도","2027-09-22 14:08","126","고조"
"SO_1282","선재도","2027-09-22 20:24","757","저조"
"SO_1282","선재도","2027-09-23 02:47","255","고조"
"SO_1282","선재도","2027-09-23 08:25","654","저조"
"SO_1282","선재도","2027-09-22 02:05","196","고조"
"SO_1282","선재도","2027-09-22 07:45","709","저조"
"SO_1282","선재도","2027-09-22 14:08","126","고조"
"SO_1282","선재도","2027-09-22 20:24","757","저조"
"SO_1282","선재도","2027-09-23 02:47","255","고조"
"SO_1282","선재도","2027-09-23 08:25","654","저조"
"SO_1282","선재도","2027-09-23 14:51","175","고조"
"SO_1282","선재도","2027-09-23 21:21","706","저조"
"SO_1282","선재도","2027-09-24 03:47","317","고조"
"SO_1282","선재도","2027-09-24 09:26","593","저조"
"SO_1282","선재도","2027-09-23 02:47","255","고조"
"SO_1282","선재도","2027-09-23 08:25","654","저조"
"SO_1282","선재도","2027-09-23 14:51","175","고조"
"SO_1282","선재도","2027-09-23 21:21","706","저조"
"SO_1282","선재도","2027-09-24 03:47","317","고조"
"SO_1282","선재도","2027-09-24 09:26","593","저조"
"SO_1282","선재도","2027-09-24 15:59","229","고조"
"SO_1282","선재도","2027-09-24 22:50","664","저조"
"SO_1282","선재도","2027-09-25 05:31","349","고조"
"SO_1282","선재도","2027-09-25 11:16","556","저조"
"SO_1282","선재도","2027-09-24 03:47","317","고조"
"SO_1282","선재도","2027-09-24 09:26","593","저조"
"SO_1282","선재도","2027-09-24 15:59","229","고조"
"SO_1282","선재도","2027-09-24 22:50","664","저조"
"SO_1282","선재도","2027-09-25 05:31","349","고조"
"SO_1282","선재도","2027-09-25 11:16","556","저조"
"SO_1282","선재도","2027-09-25 17:47","252","고조"
"SO_1282","선재도","2027-09-26 00:43","675","저조"
"SO_1282","선재도","2027-09-26 07:28","307","고조"
"SO_1282","선재도","2027-09-26 13:16","597","저조"
"SO_1282","선재도","2027-09-25 05:31","349","고조"
"SO_1282","선재도","2027-09-25 11:16","556","저조"
"SO_1282","선재도","2027-09-25 17:47","252","고조"
"SO_1282","선재도","2027-09-26 00:43","675","저조"
"SO_1282","선재도","2027-09-26 07:28","307","고조"
"SO_1282","선재도","2027-09-26 13:16","597","저조"
"SO_1282","선재도","2027-09-26 19:33","208","고조"
"SO_1282","선재도","2027-09-27 02:05","733","저조"
"SO_1282","선재도","2027-09-27 08:38","224","고조"
"SO_1282","선재도","2027-09-27 14:29","684","저조"
"SO_1282","선재도","2027-09-26 00:43","675","저조"
"SO_1282","선재도","2027-09-26 07:28","307","고조"
"SO_1282","선재도","2027-09-26 13:16","597","저조"
"SO_1282","선재도","2027-09-26 19:33","208","고조"
"SO_1282","선재도","2027-09-27 02:05","733","저조"
"SO_1282","선재도","2027-09-27 08:38","224","고조"
"SO_1282","선재도","2027-09-27 14:29","684","저조"
"SO_1282","선재도","2027-09-27 20:45","134","고조"
"SO_1282","선재도","2027-09-28 03:01","797","저조"
"SO_1282","선재도","2027-09-28 09:28","141","고조"
"SO_1282","선재도","2027-09-27 02:05","733","저조"
"SO_1282","선재도","2027-09-27 08:38","224","고조"
"SO_1282","선재도","2027-09-27 14:29","684","저조"
"SO_1282","선재도","2027-09-27 20:45","134","고조"
"SO_1282","선재도","2027-09-28 03:01","797","저조"
"SO_1282","선재도","2027-09-28 09:28","141","고조"
"SO_1282","선재도","2027-09-28 15:22","770","저조"
"SO_1282","선재도","2027-09-28 21:40","68","고조"
"SO_1282","선재도","2027-09-29 03:46","844","저조"
"SO_1282","선재도","2027-09-29 10:11","73","고조"
"SO_1282","선재도","2027-09-28 03:01","797","저조"
"SO_1282","선재도","2027-09-28 09:28","141","고조"
"SO_1282","선재도","2027-09-28 15:22","770","저조"
"SO_1282","선재도","2027-09-28 21:40","68","고조"
"SO_1282","선재도","2027-09-29 03:46","844","저조"
"SO_1282","선재도","2027-09-29 10:11","73","고조"
"SO_1282","선재도","2027-09-29 16:06","837","저조"
"SO_1282","선재도","2027-09-29 22:27","26","고조"
"SO_1282","선재도","2027-09-30 04:26","868","저조"
"SO_1282","선재도","2027-09-30 10:49","27","고조"
"SO_1282","선재도","2027-09-29 03:46","844","저조"
"SO_1282","선재도","2027-09-29 10:11","73","고조"
"SO_1282","선재도","2027-09-29 16:06","837","저조"
"SO_1282","선재도","2027-09-29 22:27","26","고조"
"SO_1282","선재도","2027-09-30 04:26","868","저조"
"SO_1282","선재도","2027-09-30 10:49","27","고조"
"SO_1282","선재도","2027-09-30 16:47","877","저조"
"SO_1282","선재도","2027-09-30 23:09","11","고조"
"SO_1282","선재도","2027-10-01 05:03","869","저조"
"SO_1282","선재도","2027-10-01 11:25","4","고조"
"SO_1282","선재도","2027-09-30 04:26","868","저조"
"SO_1282","선재도","2027-09-30 10:49","27","고조"
"SO_1282","선재도","2027-09-30 16:47","877","저조"
"SO_1282","선재도","2027-09-30 23:09","11","고조"
"SO_1282","선재도","2027-10-01 05:03","869","저조"
"SO_1282","선재도","2027-10-01 11:25","4","고조"
"SO_1282","선재도","2027-10-01 17:26","892","저조"
"SO_1282","선재도","2027-10-01 23:49","23","고조"
"SO_1282","선재도","2027-10-02 05:38","850","저조"
"SO_1282","선재도","2027-10-02 11:59","3","고조"
"SO_1282","선재도","2027-10-01 05:03","869","저조"
"SO_1282","선재도","2027-10-01 11:25","4","고조"
"SO_1282","선재도","2027-10-01 17:26","892","저조"
"SO_1282","선재도","2027-10-01 23:49","23","고조"
"SO_1282","선재도","2027-10-02 05:38","850","저조"
"SO_1282","선재도","2027-10-02 11:59","3","고조"
"SO_1282","선재도","2027-10-02 18:02","885","저조"
"SO_1282","선재도","2027-10-03 00:26","56","고조"
"SO_1282","선재도","2027-10-03 06:11","817","저조"
"SO_1282","선재도","2027-10-03 12:31","20","고조"
"SO_1282","선재도","2027-10-02 05:38","850","저조"
"SO_1282","선재도","2027-10-02 11:59","3","고조"
"SO_1282","선재도","2027-10-02 18:02","885","저조"
"SO_1282","선재도","2027-10-03 00:26","56","고조"
"SO_1282","선재도","2027-10-03 06:11","817","저조"
"SO_1282","선재도","2027-10-03 12:31","20","고조"
"SO_1282","선재도","2027-10-03 18:37","861","저조"
"SO_1282","선재도","2027-10-04 01:01","104","고조"
"SO_1282","선재도","2027-10-04 06:43","775","저조"
"SO_1282","선재도","2027-10-04 13:01","52","고조"
"SO_1282","선재도","2027-10-03 00:26","56","고조"
"SO_1282","선재도","2027-10-03 06:11","817","저조"
"SO_1282","선재도","2027-10-03 12:31","20","고조"
"SO_1282","선재도","2027-10-03 18:37","861","저조"
"SO_1282","선재도","2027-10-04 01:01","104","고조"
"SO_1282","선재도","2027-10-04 06:43","775","저조"
"SO_1282","선재도","2027-10-04 13:01","52","고조"
"SO_1282","선재도","2027-10-04 19:11","823","저조"
"SO_1282","선재도","2027-10-05 01:35","163","고조"
"SO_1282","선재도","2027-10-05 07:14","726","저조"
"SO_1282","선재도","2027-10-04 01:01","104","고조"
"SO_1282","선재도","2027-10-04 06:43","775","저조"
"SO_1282","선재도","2027-10-04 13:01","52","고조"
"SO_1282","선재도","2027-10-04 19:11","823","저조"
"SO_1282","선재도","2027-10-05 01:35","163","고조"
"SO_1282","선재도","2027-10-05 07:14","726","저조"
"SO_1282","선재도","2027-10-05 13:30","95","고조"
"SO_1282","선재도","2027-10-05 19:46","773","저조"
"SO_1282","선재도","2027-10-06 02:10","228","고조"
"SO_1282","선재도","2027-10-06 07:47","670","저조"
"SO_1282","선재도","2027-10-05 01:35","163","고조"
"SO_1282","선재도","2027-10-05 07:14","726","저조"
"SO_1282","선재도","2027-10-05 13:30","95","고조"
"SO_1282","선재도","2027-10-05 19:46","773","저조"
"SO_1282","선재도","2027-10-06 02:10","228","고조"
"SO_1282","선재도","2027-10-06 07:47","670","저조"
"SO_1282","선재도","2027-10-06 14:01","150","고조"
"SO_1282","선재도","2027-10-06 20:25","714","저조"
"SO_1282","선재도","2027-10-07 02:49","295","고조"
"SO_1282","선재도","2027-10-07 08:25","610","저조"
"SO_1282","선재도","2027-10-06 02:10","228","고조"
"SO_1282","선재도","2027-10-06 07:47","670","저조"
"SO_1282","선재도","2027-10-06 14:01","150","고조"
"SO_1282","선재도","2027-10-06 20:25","714","저조"
"SO_1282","선재도","2027-10-07 02:49","295","고조"
"SO_1282","선재도","2027-10-07 08:25","610","저조"
"SO_1282","선재도","2027-10-07 14:38","215","고조"
"SO_1282","선재도","2027-10-07 21:16","651","저조"
"SO_1282","선재도","2027-10-08 03:47","355","고조"
"SO_1282","선재도","2027-10-08 09:21","550","저조"
"SO_1282","선재도","2027-10-07 02:49","295","고조"
"SO_1282","선재도","2027-10-07 08:25","610","저조"
"SO_1282","선재도","2027-10-07 14:38","215","고조"
"SO_1282","선재도","2027-10-07 21:16","651","저조"
"SO_1282","선재도","2027-10-08 03:47","355","고조"
"SO_1282","선재도","2027-10-08 09:21","550","저조"
"SO_1282","선재도","2027-10-08 15:34","282","고조"
"SO_1282","선재도","2027-10-08 22:44","601","저조"
"SO_1282","선재도","2027-10-09 05:42","382","고조"
"SO_1282","선재도","2027-10-09 11:12","516","저조"
"SO_1282","선재도","2027-10-08 03:47","355","고조"
"SO_1282","선재도","2027-10-08 09:21","550","저조"
"SO_1282","선재도","2027-10-08 15:34","282","고조"
"SO_1282","선재도","2027-10-08 22:44","601","저조"
"SO_1282","선재도","2027-10-09 05:42","382","고조"
"SO_1282","선재도","2027-10-09 11:12","516","저조"
"SO_1282","선재도","2027-10-09 17:24","324","고조"
"SO_1282","선재도","2027-10-10 00:43","600","저조"
"SO_1282","선재도","2027-10-10 07:31","344","고조"
"SO_1282","선재도","2027-10-10 13:10","548","저조"
"SO_1282","선재도","2027-10-09 05:42","382","고조"
"SO_1282","선재도","2027-10-09 11:12","516","저조"
"SO_1282","선재도","2027-10-09 17:24","324","고조"
"SO_1282","선재도","2027-10-10 00:43","600","저조"
"SO_1282","선재도","2027-10-10 07:31","344","고조"
"SO_1282","선재도","2027-10-10 13:10","548","저조"
"SO_1282","선재도","2027-10-10 19:20","299","고조"
"SO_1282","선재도","2027-10-11 01:57","640","저조"
"SO_1282","선재도","2027-10-11 08:26","280","고조"
"SO_1282","선재도","2027-10-11 14:15","616","저조"
"SO_1282","선재도","2027-10-10 00:43","600","저조"
"SO_1282","선재도","2027-10-10 07:31","344","고조"
"SO_1282","선재도","2027-10-10 13:10","548","저조"
"SO_1282","선재도","2027-10-10 19:20","299","고조"
"SO_1282","선재도","2027-10-11 01:57","640","저조"
"SO_1282","선재도","2027-10-11 08:26","280","고조"
"SO_1282","선재도","2027-10-11 14:15","616","저조"
"SO_1282","선재도","2027-10-11 20:25","243","고조"
"SO_1282","선재도","2027-10-12 02:42","687","저조"
"SO_1282","선재도","2027-10-12 09:05","214","고조"
"SO_1282","선재도","2027-10-11 01:57","640","저조"
"SO_1282","선재도","2027-10-11 08:26","280","고조"
"SO_1282","선재도","2027-10-11 14:15","616","저조"
"SO_1282","선재도","2027-10-11 20:25","243","고조"
"SO_1282","선재도","2027-10-12 02:42","687","저조"
"SO_1282","선재도","2027-10-12 09:05","214","고조"
"SO_1282","선재도","2027-10-12 14:58","686","저조"
"SO_1282","선재도","2027-10-12 21:10","186","고조"
"SO_1282","선재도","2027-10-13 03:16","729","저조"
"SO_1282","선재도","2027-10-13 09:37","154","고조"
"SO_1282","선재도","2027-10-12 02:42","687","저조"
"SO_1282","선재도","2027-10-12 09:05","214","고조"
"SO_1282","선재도","2027-10-12 14:58","686","저조"
"SO_1282","선재도","2027-10-12 21:10","186","고조"
"SO_1282","선재도","2027-10-13 03:16","729","저조"
"SO_1282","선재도","2027-10-13 09:37","154","고조"
"SO_1282","선재도","2027-10-13 15:33","746","저조"
"SO_1282","선재도","2027-10-13 21:48","139","고조"
"SO_1282","선재도","2027-10-14 03:47","762","저조"
"SO_1282","선재도","2027-10-14 10:07","105","고조"
"SO_1282","선재도","2027-10-13 03:16","729","저조"
"SO_1282","선재도","2027-10-13 09:37","154","고조"
"SO_1282","선재도","2027-10-13 15:33","746","저조"
"SO_1282","선재도","2027-10-13 21:48","139","고조"
"SO_1282","선재도","2027-10-14 03:47","762","저조"
"SO_1282","선재도","2027-10-14 10:07","105","고조"
"SO_1282","선재도","2027-10-14 16:06","792","저조"
"SO_1282","선재도","2027-10-14 22:23","105","고조"
"SO_1282","선재도","2027-10-15 04:17","782","저조"
"SO_1282","선재도","2027-10-15 10:37","69","고조"
"SO_1282","선재도","2027-10-14 03:47","762","저조"
"SO_1282","선재도","2027-10-14 10:07","105","고조"
"SO_1282","선재도","2027-10-14 16:06","792","저조"
"SO_1282","선재도","2027-10-14 22:23","105","고조"
"SO_1282","선재도","2027-10-15 04:17","782","저조"
"SO_1282","선재도","2027-10-15 10:37","69","고조"
"SO_1282","선재도","2027-10-15 16:37","825","저조"
"SO_1282","선재도","2027-10-15 22:58","85","고조"
"SO_1282","선재도","2027-10-16 04:47","790","저조"
"SO_1282","선재도","2027-10-16 11:07","45","고조"
"SO_1282","선재도","2027-10-15 04:17","782","저조"
"SO_1282","선재도","2027-10-15 10:37","69","고조"
"SO_1282","선재도","2027-10-15 16:37","825","저조"
"SO_1282","선재도","2027-10-15 22:58","85","고조"
"SO_1282","선재도","2027-10-16 04:47","790","저조"
"SO_1282","선재도","2027-10-16 11:07","45","고조"
"SO_1282","선재도","2027-10-16 17:08","844","저조"
"SO_1282","선재도","2027-10-16 23:32","81","고조"
"SO_1282","선재도","2027-10-17 05:18","787","저조"
"SO_1282","선재도","2027-10-17 11:38","35","고조"
"SO_1282","선재도","2027-10-16 04:47","790","저조"
"SO_1282","선재도","2027-10-16 11:07","45","고조"
"SO_1282","선재도","2027-10-16 17:08","844","저조"
"SO_1282","선재도","2027-10-16 23:32","81","고조"
"SO_1282","선재도","2027-10-17 05:18","787","저조"
"SO_1282","선재도","2027-10-17 11:38","35","고조"
"SO_1282","선재도","2027-10-17 17:40","852","저조"
"SO_1282","선재도","2027-10-18 00:06","90","고조"
"SO_1282","선재도","2027-10-18 05:49","772","저조"
"SO_1282","선재도","2027-10-18 12:09","35","고조"
"SO_1282","선재도","2027-10-17 05:18","787","저조"
"SO_1282","선재도","2027-10-17 11:38","35","고조"
"SO_1282","선재도","2027-10-17 17:40","852","저조"
"SO_1282","선재도","2027-10-18 00:06","90","고조"
"SO_1282","선재도","2027-10-18 05:49","772","저조"
"SO_1282","선재도","2027-10-18 12:09","35","고조"
"SO_1282","선재도","2027-10-18 18:13","849","저조"
"SO_1282","선재도","2027-10-19 00:41","112","고조"
"SO_1282","선재도","2027-10-19 06:22","749","저조"
"SO_1282","선재도","2027-10-19 12:41","47","고조"
"SO_1282","선재도","2027-10-18 00:06","90","고조"
"SO_1282","선재도","2027-10-18 05:49","772","저조"
"SO_1282","선재도","2027-10-18 12:09","35","고조"
"SO_1282","선재도","2027-10-18 18:13","849","저조"
"SO_1282","선재도","2027-10-19 00:41","112","고조"
"SO_1282","선재도","2027-10-19 06:22","749","저조"
"SO_1282","선재도","2027-10-19 12:41","47","고조"
"SO_1282","선재도","2027-10-19 18:49","833","저조"
"SO_1282","선재도","2027-10-20 01:17","146","고조"
"SO_1282","선재도","2027-10-20 06:57","718","저조"
"SO_1282","선재도","2027-10-19 00:41","112","고조"
"SO_1282","선재도","2027-10-19 06:22","749","저조"
"SO_1282","선재도","2027-10-19 12:41","47","고조"
"SO_1282","선재도","2027-10-19 18:49","833","저조"
"SO_1282","선재도","2027-10-20 01:17","146","고조"
"SO_1282","선재도","2027-10-20 06:57","718","저조"
"SO_1282","선재도","2027-10-20 13:16","71","고조"
"SO_1282","선재도","2027-10-20 19:29","804","저조"
"SO_1282","선재도","2027-10-21 01:57","191","고조"
"SO_1282","선재도","2027-10-21 07:35","678","저조"
"SO_1282","선재도","2027-10-20 01:17","146","고조"
"SO_1282","선재도","2027-10-20 06:57","718","저조"
"SO_1282","선재도","2027-10-20 13:16","71","고조"
"SO_1282","선재도","2027-10-20 19:29","804","저조"
"SO_1282","선재도","2027-10-21 01:57","191","고조"
"SO_1282","선재도","2027-10-21 07:35","678","저조"
"SO_1282","선재도","2027-10-21 13:56","110","고조"
"SO_1282","선재도","2027-10-21 20:15","761","저조"
"SO_1282","선재도","2027-10-22 02:45","241","고조"
"SO_1282","선재도","2027-10-22 08:24","629","저조"
"SO_1282","선재도","2027-10-21 01:57","191","고조"
"SO_1282","선재도","2027-10-21 07:35","678","저조"
"SO_1282","선재도","2027-10-21 13:56","110","고조"
"SO_1282","선재도","2027-10-21 20:15","761","저조"
"SO_1282","선재도","2027-10-22 02:45","241","고조"
"SO_1282","선재도","2027-10-22 08:24","629","저조"
"SO_1282","선재도","2027-10-22 14:46","162","고조"
"SO_1282","선재도","2027-10-22 21:16","710","저조"
"SO_1282","선재도","2027-10-23 03:52","285","고조"
"SO_1282","선재도","2027-10-23 09:34","583","저조"
"SO_1282","선재도","2027-10-22 02:45","241","고조"
"SO_1282","선재도","2027-10-22 08:24","629","저조"
"SO_1282","선재도","2027-10-22 14:46","162","고조"
"SO_1282","선재도","2027-10-22 21:16","710","저조"
"SO_1282","선재도","2027-10-23 03:52","285","고조"
"SO_1282","선재도","2027-10-23 09:34","583","저조"
"SO_1282","선재도","2027-10-23 15:58","215","고조"
"SO_1282","선재도","2027-10-23 22:40","672","저조"
"SO_1282","선재도","2027-10-24 05:26","296","고조"
"SO_1282","선재도","2027-10-24 11:19","570","저조"
"SO_1282","선재도","2027-10-23 03:52","285","고조"
"SO_1282","선재도","2027-10-23 09:34","583","저조"
"SO_1282","선재도","2027-10-23 15:58","215","고조"
"SO_1282","선재도","2027-10-23 22:40","672","저조"
"SO_1282","선재도","2027-10-24 05:26","296","고조"
"SO_1282","선재도","2027-10-24 11:19","570","저조"
"SO_1282","선재도","2027-10-24 17:39","236","고조"
"SO_1282","선재도","2027-10-25 00:18","674","저조"
"SO_1282","선재도","2027-10-25 06:59","254","고조"
"SO_1282","선재도","2027-10-25 12:59","619","저조"
"SO_1282","선재도","2027-10-24 05:26","296","고조"
"SO_1282","선재도","2027-10-24 11:19","570","저조"
"SO_1282","선재도","2027-10-24 17:39","236","고조"
"SO_1282","선재도","2027-10-25 00:18","674","저조"
"SO_1282","선재도","2027-10-25 06:59","254","고조"
"SO_1282","선재도","2027-10-25 12:59","619","저조"
"SO_1282","선재도","2027-10-25 19:13","204","고조"
"SO_1282","선재도","2027-10-26 01:34","711","저조"
"SO_1282","선재도","2027-10-26 08:05","184","고조"
"SO_1282","선재도","2027-10-26 14:08","697","저조"
"SO_1282","선재도","2027-10-25 00:18","674","저조"
"SO_1282","선재도","2027-10-25 06:59","254","고조"
"SO_1282","선재도","2027-10-25 12:59","619","저조"
"SO_1282","선재도","2027-10-25 19:13","204","고조"
"SO_1282","선재도","2027-10-26 01:34","711","저조"
"SO_1282","선재도","2027-10-26 08:05","184","고조"
"SO_1282","선재도","2027-10-26 14:08","697","저조"
"SO_1282","선재도","2027-10-26 20:23","149","고조"
"SO_1282","선재도","2027-10-27 02:30","754","저조"
"SO_1282","선재도","2027-10-27 08:56","114","고조"
"SO_1282","선재도","2027-10-26 01:34","711","저조"
"SO_1282","선재도","2027-10-26 08:05","184","고조"
"SO_1282","선재도","2027-10-26 14:08","697","저조"
"SO_1282","선재도","2027-10-26 20:23","149","고조"
"SO_1282","선재도","2027-10-27 02:30","754","저조"
"SO_1282","선재도","2027-10-27 08:56","114","고조"
"SO_1282","선재도","2027-10-27 15:00","772","저조"
"SO_1282","선재도","2027-10-27 21:18","101","고조"
"SO_1282","선재도","2027-10-28 03:16","785","저조"
"SO_1282","선재도","2027-10-28 09:39","60","고조"
"SO_1282","선재도","2027-10-27 02:30","754","저조"
"SO_1282","선재도","2027-10-27 08:56","114","고조"
"SO_1282","선재도","2027-10-27 15:00","772","저조"
"SO_1282","선재도","2027-10-27 21:18","101","고조"
"SO_1282","선재도","2027-10-28 03:16","785","저조"
"SO_1282","선재도","2027-10-28 09:39","60","고조"
"SO_1282","선재도","2027-10-28 15:44","828","저조"
"SO_1282","선재도","2027-10-28 22:05","72","고조"
"SO_1282","선재도","2027-10-29 03:57","799","저조"
"SO_1282","선재도","2027-10-29 10:18","26","고조"
"SO_1282","선재도","2027-10-28 03:16","785","저조"
"SO_1282","선재도","2027-10-28 09:39","60","고조"
"SO_1282","선재도","2027-10-28 15:44","828","저조"
"SO_1282","선재도","2027-10-28 22:05","72","고조"
"SO_1282","선재도","2027-10-29 03:57","799","저조"
"SO_1282","선재도","2027-10-29 10:18","26","고조"
"SO_1282","선재도","2027-10-29 16:25","859","저조"
"SO_1282","선재도","2027-10-29 22:48","64","고조"
"SO_1282","선재도","2027-10-30 04:35","796","저조"
"SO_1282","선재도","2027-10-30 10:54","12","고조"
"SO_1282","선재도","2027-10-29 03:57","799","저조"
"SO_1282","선재도","2027-10-29 10:18","26","고조"
"SO_1282","선재도","2027-10-29 16:25","859","저조"
"SO_1282","선재도","2027-10-29 22:48","64","고조"
"SO_1282","선재도","2027-10-30 04:35","796","저조"
"SO_1282","선재도","2027-10-30 10:54","12","고조"
"SO_1282","선재도","2027-10-30 17:03","868","저조"
"SO_1282","선재도","2027-10-30 23:28","75","고조"
"SO_1282","선재도","2027-10-31 05:11","780","저조"
"SO_1282","선재도","2027-10-31 11:29","16","고조"
"SO_1282","선재도","2027-10-30 04:35","796","저조"
"SO_1282","선재도","2027-10-30 10:54","12","고조"
"SO_1282","선재도","2027-10-30 17:03","868","저조"
"SO_1282","선재도","2027-10-30 23:28","75","고조"
"SO_1282","선재도","2027-10-31 05:11","780","저조"
"SO_1282","선재도","2027-10-31 11:29","16","고조"
"SO_1282","선재도","2027-10-31 17:39","858","저조"
"SO_1282","선재도","2027-11-01 00:06","99","고조"
"SO_1282","선재도","2027-11-01 05:46","755","저조"
"SO_1282","선재도","2027-11-01 12:02","32","고조"
"SO_1282","선재도","2027-10-31 05:11","780","저조"
"SO_1282","선재도","2027-10-31 11:29","16","고조"
"SO_1282","선재도","2027-10-31 17:39","858","저조"
"SO_1282","선재도","2027-11-01 00:06","99","고조"
"SO_1282","선재도","2027-11-01 05:46","755","저조"
"SO_1282","선재도","2027-11-01 12:02","32","고조"
"SO_1282","선재도","2027-11-01 18:15","836","저조"
"SO_1282","선재도","2027-11-02 00:42","134","고조"
"SO_1282","선재도","2027-11-02 06:20","726","저조"
"SO_1282","선재도","2027-11-02 12:34","59","고조"
"SO_1282","선재도","2027-11-01 00:06","99","고조"
"SO_1282","선재도","2027-11-01 05:46","755","저조"
"SO_1282","선재도","2027-11-01 12:02","32","고조"
"SO_1282","선재도","2027-11-01 18:15","836","저조"
"SO_1282","선재도","2027-11-02 00:42","134","고조"
"SO_1282","선재도","2027-11-02 06:20","726","저조"
"SO_1282","선재도","2027-11-02 12:34","59","고조"
"SO_1282","선재도","2027-11-02 18:50","805","저조"
"SO_1282","선재도","2027-11-03 01:17","174","고조"
"SO_1282","선재도","2027-11-03 06:54","692","저조"
"SO_1282","선재도","2027-11-02 00:42","134","고조"
"SO_1282","선재도","2027-11-02 06:20","726","저조"
"SO_1282","선재도","2027-11-02 12:34","59","고조"
"SO_1282","선재도","2027-11-02 18:50","805","저조"
"SO_1282","선재도","2027-11-03 01:17","174","고조"
"SO_1282","선재도","2027-11-03 06:54","692","저조"
"SO_1282","선재도","2027-11-03 13:05","93","고조"
"SO_1282","선재도","2027-11-03 19:24","766","저조"
"SO_1282","선재도","2027-11-04 01:52","218","고조"
"SO_1282","선재도","2027-11-04 07:29","655","저조"
"SO_1282","선재도","2027-11-03 01:17","174","고조"
"SO_1282","선재도","2027-11-03 06:54","692","저조"
"SO_1282","선재도","2027-11-03 13:05","93","고조"
"SO_1282","선재도","2027-11-03 19:24","766","저조"
"SO_1282","선재도","2027-11-04 01:52","218","고조"
"SO_1282","선재도","2027-11-04 07:29","655","저조"
"SO_1282","선재도","2027-11-04 13:38","137","고조"
"SO_1282","선재도","2027-11-04 20:01","720","저조"
"SO_1282","선재도","2027-11-05 02:29","262","고조"
"SO_1282","선재도","2027-11-05 08:08","613","저조"
"SO_1282","선재도","2027-11-04 01:52","218","고조"
"SO_1282","선재도","2027-11-04 07:29","655","저조"
"SO_1282","선재도","2027-11-04 13:38","137","고조"
"SO_1282","선재도","2027-11-04 20:01","720","저조"
"SO_1282","선재도","2027-11-05 02:29","262","고조"
"SO_1282","선재도","2027-11-05 08:08","613","저조"
"SO_1282","선재도","2027-11-05 14:15","189","고조"
"SO_1282","선재도","2027-11-05 20:44","671","저조"
"SO_1282","선재도","2027-11-06 03:17","303","고조"
"SO_1282","선재도","2027-11-06 08:59","569","저조"
"SO_1282","선재도","2027-11-05 02:29","262","고조"
"SO_1282","선재도","2027-11-05 08:08","613","저조"
"SO_1282","선재도","2027-11-05 14:15","189","고조"
"SO_1282","선재도","2027-11-05 20:44","671","저조"
"SO_1282","선재도","2027-11-06 03:17","303","고조"
"SO_1282","선재도","2027-11-06 08:59","569","저조"
"SO_1282","선재도","2027-11-06 15:04","246","고조"
"SO_1282","선재도","2027-11-06 21:43","623","저조"
"SO_1282","선재도","2027-11-07 04:28","330","고조"
"SO_1282","선재도","2027-11-07 10:17","537","저조"
"SO_1282","선재도","2027-11-06 03:17","303","고조"
"SO_1282","선재도","2027-11-06 08:59","569","저조"
"SO_1282","선재도","2027-11-06 15:04","246","고조"
"SO_1282","선재도","2027-11-06 21:43","623","저조"
"SO_1282","선재도","2027-11-07 04:28","330","고조"
"SO_1282","선재도","2027-11-07 10:17","537","저조"
"SO_1282","선재도","2027-11-07 16:19","295","고조"
"SO_1282","선재도","2027-11-07 23:07","593","저조"
"SO_1282","선재도","2027-11-08 06:03","322","고조"
"SO_1282","선재도","2027-11-08 11:59","544","저조"
"SO_1282","선재도","2027-11-07 04:28","330","고조"
"SO_1282","선재도","2027-11-07 10:17","537","저조"
"SO_1282","선재도","2027-11-07 16:19","295","고조"
"SO_1282","선재도","2027-11-07 23:07","593","저조"
"SO_1282","선재도","2027-11-08 06:03","322","고조"
"SO_1282","선재도","2027-11-08 11:59","544","저조"
"SO_1282","선재도","2027-11-08 18:02","307","고조"
"SO_1282","선재도","2027-11-09 00:37","600","저조"
"SO_1282","선재도","2027-11-09 07:18","277","고조"
"SO_1282","선재도","2027-11-09 13:20","594","저조"
"SO_1282","선재도","2027-11-08 06:03","322","고조"
"SO_1282","선재도","2027-11-08 11:59","544","저조"
"SO_1282","선재도","2027-11-08 18:02","307","고조"
"SO_1282","선재도","2027-11-09 00:37","600","저조"
"SO_1282","선재도","2027-11-09 07:18","277","고조"
"SO_1282","선재도","2027-11-09 13:20","594","저조"
"SO_1282","선재도","2027-11-09 19:28","276","고조"
"SO_1282","선재도","2027-11-10 01:41","631","저조"
"SO_1282","선재도","2027-11-10 08:09","218","고조"
"SO_1282","선재도","2027-11-10 14:13","659","저조"
"SO_1282","선재도","2027-11-09 00:37","600","저조"
"SO_1282","선재도","2027-11-09 07:18","277","고조"
"SO_1282","선재도","2027-11-09 13:20","594","저조"
"SO_1282","선재도","2027-11-09 19:28","276","고조"
"SO_1282","선재도","2027-11-10 01:41","631","저조"
"SO_1282","선재도","2027-11-10 08:09","218","고조"
"SO_1282","선재도","2027-11-10 14:13","659","저조"
"SO_1282","선재도","2027-11-10 20:26","227","고조"
"SO_1282","선재도","2027-11-11 02:27","668","저조"
"SO_1282","선재도","2027-11-11 08:49","160","고조"
"SO_1282","선재도","2027-11-10 01:41","631","저조"
"SO_1282","선재도","2027-11-10 08:09","218","고조"
"SO_1282","선재도","2027-11-10 14:13","659","저조"
"SO_1282","선재도","2027-11-10 20:26","227","고조"
"SO_1282","선재도","2027-11-11 02:27","668","저조"
"SO_1282","선재도","2027-11-11 08:49","160","고조"
"SO_1282","선재도","2027-11-11 14:55","721","저조"
"SO_1282","선재도","2027-11-11 21:12","180","고조"
"SO_1282","선재도","2027-11-12 03:05","700","저조"
"SO_1282","선재도","2027-11-12 09:25","108","고조"
"SO_1282","선재도","2027-11-11 02:27","668","저조"
"SO_1282","선재도","2027-11-11 08:49","160","고조"
"SO_1282","선재도","2027-11-11 14:55","721","저조"
"SO_1282","선재도","2027-11-11 21:12","180","고조"
"SO_1282","선재도","2027-11-12 03:05","700","저조"
"SO_1282","선재도","2027-11-12 09:25","108","고조"
"SO_1282","선재도","2027-11-12 15:32","773","저조"
"SO_1282","선재도","2027-11-12 21:53","142","고조"
"SO_1282","선재도","2027-11-13 03:41","724","저조"
"SO_1282","선재도","2027-11-13 10:00","69","고조"
"SO_1282","선재도","2027-11-12 03:05","700","저조"
"SO_1282","선재도","2027-11-12 09:25","108","고조"
"SO_1282","선재도","2027-11-12 15:32","773","저조"
"SO_1282","선재도","2027-11-12 21:53","142","고조"
"SO_1282","선재도","2027-11-13 03:41","724","저조"
"SO_1282","선재도","2027-11-13 10:00","69","고조"
"SO_1282","선재도","2027-11-13 16:07","812","저조"
"SO_1282","선재도","2027-11-13 22:32","117","고조"
"SO_1282","선재도","2027-11-14 04:17","737","저조"
"SO_1282","선재도","2027-11-14 10:35","41","고조"
"SO_1282","선재도","2027-11-13 03:41","724","저조"
"SO_1282","선재도","2027-11-13 10:00","69","고조"
"SO_1282","선재도","2027-11-13 16:07","812","저조"
"SO_1282","선재도","2027-11-13 22:32","117","고조"
"SO_1282","선재도","2027-11-14 04:17","737","저조"
"SO_1282","선재도","2027-11-14 10:35","41","고조"
"SO_1282","선재도","2027-11-14 16:43","838","저조"
"SO_1282","선재도","2027-11-14 23:11","105","고조"
"SO_1282","선재도","2027-11-15 04:54","740","저조"
"SO_1282","선재도","2027-11-15 11:12","25","고조"
"SO_1282","선재도","2027-11-14 04:17","737","저조"
"SO_1282","선재도","2027-11-14 10:35","41","고조"
"SO_1282","선재도","2027-11-14 16:43","838","저조"
"SO_1282","선재도","2027-11-14 23:11","105","고조"
"SO_1282","선재도","2027-11-15 04:54","740","저조"
"SO_1282","선재도","2027-11-15 11:12","25","고조"
"SO_1282","선재도","2027-11-15 17:20","850","저조"
"SO_1282","선재도","2027-11-15 23:50","105","고조"
"SO_1282","선재도","2027-11-16 05:31","735","저조"
"SO_1282","선재도","2027-11-16 11:49","21","고조"
"SO_1282","선재도","2027-11-15 04:54","740","저조"
"SO_1282","선재도","2027-11-15 11:12","25","고조"
"SO_1282","선재도","2027-11-15 17:20","850","저조"
"SO_1282","선재도","2027-11-15 23:50","105","고조"
"SO_1282","선재도","2027-11-16 05:31","735","저조"
"SO_1282","선재도","2027-11-16 11:49","21","고조"
"SO_1282","선재도","2027-11-16 17:59","850","저조"
"SO_1282","선재도","2027-11-17 00:31","116","고조"
"SO_1282","선재도","2027-11-17 06:10","722","저조"
"SO_1282","선재도","2027-11-17 12:29","29","고조"
"SO_1282","선재도","2027-11-16 05:31","735","저조"
"SO_1282","선재도","2027-11-16 11:49","21","고조"
"SO_1282","선재도","2027-11-16 17:59","850","저조"
"SO_1282","선재도","2027-11-17 00:31","116","고조"
"SO_1282","선재도","2027-11-17 06:10","722","저조"
"SO_1282","선재도","2027-11-17 12:29","29","고조"
"SO_1282","선재도","2027-11-17 18:41","838","저조"
"SO_1282","선재도","2027-11-18 01:13","137","고조"
"SO_1282","선재도","2027-11-18 06:52","702","저조"
"SO_1282","선재도","2027-11-18 13:10","50","고조"
"SO_1282","선재도","2027-11-17 00:31","116","고조"
"SO_1282","선재도","2027-11-17 06:10","722","저조"
"SO_1282","선재도","2027-11-17 12:29","29","고조"
"SO_1282","선재도","2027-11-17 18:41","838","저조"
"SO_1282","선재도","2027-11-18 01:13","137","고조"
"SO_1282","선재도","2027-11-18 06:52","702","저조"
"SO_1282","선재도","2027-11-18 13:10","50","고조"
"SO_1282","선재도","2027-11-18 19:25","812","저조"
"SO_1282","선재도","2027-11-19 01:58","164","고조"
"SO_1282","선재도","2027-11-19 07:38","675","저조"
"SO_1282","선재도","2027-11-18 01:13","137","고조"
"SO_1282","선재도","2027-11-18 06:52","702","저조"
"SO_1282","선재도","2027-11-18 13:10","50","고조"
"SO_1282","선재도","2027-11-18 19:25","812","저조"
"SO_1282","선재도","2027-11-19 01:58","164","고조"
"SO_1282","선재도","2027-11-19 07:38","675","저조"
"SO_1282","선재도","2027-11-19 13:57","85","고조"
"SO_1282","선재도","2027-11-19 20:15","776","저조"
"SO_1282","선재도","2027-11-20 02:48","194","고조"
"SO_1282","선재도","2027-11-20 08:31","644","저조"
"SO_1282","선재도","2027-11-19 01:58","164","고조"
"SO_1282","선재도","2027-11-19 07:38","675","저조"
"SO_1282","선재도","2027-11-19 13:57","85","고조"
"SO_1282","선재도","2027-11-19 20:15","776","저조"
"SO_1282","선재도","2027-11-20 02:48","194","고조"
"SO_1282","선재도","2027-11-20 08:31","644","저조"
"SO_1282","선재도","2027-11-20 14:50","131","고조"
"SO_1282","선재도","2027-11-20 21:11","733","저조"
"SO_1282","선재도","2027-11-21 03:48","219","고조"
"SO_1282","선재도","2027-11-21 09:37","616","저조"
"SO_1282","선재도","2027-11-20 02:48","194","고조"
"SO_1282","선재도","2027-11-20 08:31","644","저조"
"SO_1282","선재도","2027-11-20 14:50","131","고조"
"SO_1282","선재도","2027-11-20 21:11","733","저조"
"SO_1282","선재도","2027-11-21 03:48","219","고조"
"SO_1282","선재도","2027-11-21 09:37","616","저조"
"SO_1282","선재도","2027-11-21 15:55","180","고조"
"SO_1282","선재도","2027-11-21 22:18","693","저조"
"SO_1282","선재도","2027-11-22 04:58","226","고조"
"SO_1282","선재도","2027-11-22 10:59","610","저조"
"SO_1282","선재도","2027-11-21 03:48","219","고조"
"SO_1282","선재도","2027-11-21 09:37","616","저조"
"SO_1282","선재도","2027-11-21 15:55","180","고조"
"SO_1282","선재도","2027-11-21 22:18","693","저조"
"SO_1282","선재도","2027-11-22 04:58","226","고조"
"SO_1282","선재도","2027-11-22 10:59","610","저조"
"SO_1282","선재도","2027-11-22 17:14","214","고조"
"SO_1282","선재도","2027-11-22 23:34","670","저조"
"SO_1282","선재도","2027-11-23 06:13","208","고조"
"SO_1282","선재도","2027-11-23 12:25","636","저조"
"SO_1282","선재도","2027-11-22 04:58","226","고조"
"SO_1282","선재도","2027-11-22 10:59","610","저조"
"SO_1282","선재도","2027-11-22 17:14","214","고조"
"SO_1282","선재도","2027-11-22 23:34","670","저조"
"SO_1282","선재도","2027-11-23 06:13","208","고조"
"SO_1282","선재도","2027-11-23 12:25","636","저조"
"SO_1282","선재도","2027-11-23 18:38","217","고조"
"SO_1282","선재도","2027-11-24 00:49","670","저조"
"SO_1282","선재도","2027-11-24 07:21","170","고조"
"SO_1282","선재도","2027-11-24 13:36","687","저조"
"SO_1282","선재도","2027-11-23 06:13","208","고조"
"SO_1282","선재도","2027-11-23 12:25","636","저조"
"SO_1282","선재도","2027-11-23 18:38","217","고조"
"SO_1282","선재도","2027-11-24 00:49","670","저조"
"SO_1282","선재도","2027-11-24 07:21","170","고조"
"SO_1282","선재도","2027-11-24 13:36","687","저조"
"SO_1282","선재도","2027-11-24 19:53","196","고조"
"SO_1282","선재도","2027-11-25 01:52","685","저조"
"SO_1282","선재도","2027-11-25 08:18","125","고조"
"SO_1282","선재도","2027-11-25 14:34","742","저조"
"SO_1282","선재도","2027-11-24 00:49","670","저조"
"SO_1282","선재도","2027-11-24 07:21","170","고조"
"SO_1282","선재도","2027-11-24 13:36","687","저조"
"SO_1282","선재도","2027-11-24 19:53","196","고조"
"SO_1282","선재도","2027-11-25 01:52","685","저조"
"SO_1282","선재도","2027-11-25 08:18","125","고조"
"SO_1282","선재도","2027-11-25 14:34","742","저조"
"SO_1282","선재도","2027-11-25 20:53","167","고조"
"SO_1282","선재도","2027-11-26 02:45","702","저조"
"SO_1282","선재도","2027-11-26 09:06","87","고조"
"SO_1282","선재도","2027-11-25 01:52","685","저조"
"SO_1282","선재도","2027-11-25 08:18","125","고조"
"SO_1282","선재도","2027-11-25 14:34","742","저조"
"SO_1282","선재도","2027-11-25 20:53","167","고조"
"SO_1282","선재도","2027-11-26 02:45","702","저조"
"SO_1282","선재도","2027-11-26 09:06","87","고조"
"SO_1282","선재도","2027-11-26 15:22","785","저조"
"SO_1282","선재도","2027-11-26 21:45","143","고조"
"SO_1282","선재도","2027-11-27 03:31","714","저조"
"SO_1282","선재도","2027-11-27 09:49","60","고조"
"SO_1282","선재도","2027-11-26 02:45","702","저조"
"SO_1282","선재도","2027-11-26 09:06","87","고조"
"SO_1282","선재도","2027-11-26 15:22","785","저조"
"SO_1282","선재도","2027-11-26 21:45","143","고조"
"SO_1282","선재도","2027-11-27 03:31","714","저조"
"SO_1282","선재도","2027-11-27 09:49","60","고조"
"SO_1282","선재도","2027-11-27 16:06","811","저조"
"SO_1282","선재도","2027-11-27 22:31","131","고조"
"SO_1282","선재도","2027-11-28 04:13","719","저조"
"SO_1282","선재도","2027-11-28 10:30","48","고조"
"SO_1282","선재도","2027-11-27 03:31","714","저조"
"SO_1282","선재도","2027-11-27 09:49","60","고조"
"SO_1282","선재도","2027-11-27 16:06","811","저조"
"SO_1282","선재도","2027-11-27 22:31","131","고조"
"SO_1282","선재도","2027-11-28 04:13","719","저조"
"SO_1282","선재도","2027-11-28 10:30","48","고조"
"SO_1282","선재도","2027-11-28 16:46","821","저조"
"SO_1282","선재도","2027-11-28 23:13","130","고조"
"SO_1282","선재도","2027-11-29 04:53","717","저조"
"SO_1282","선재도","2027-11-29 11:08","46","고조"
"SO_1282","선재도","2027-11-28 04:13","719","저조"
"SO_1282","선재도","2027-11-28 10:30","48","고조"
"SO_1282","선재도","2027-11-28 16:46","821","저조"
"SO_1282","선재도","2027-11-28 23:13","130","고조"
"SO_1282","선재도","2027-11-29 04:53","717","저조"
"SO_1282","선재도","2027-11-29 11:08","46","고조"
"SO_1282","선재도","2027-11-29 17:25","818","저조"
"SO_1282","선재도","2027-11-29 23:52","138","고조"
"SO_1282","선재도","2027-11-30 05:31","710","저조"
"SO_1282","선재도","2027-11-30 11:43","53","고조"
"SO_1282","선재도","2027-11-29 04:53","717","저조"
"SO_1282","선재도","2027-11-29 11:08","46","고조"
"SO_1282","선재도","2027-11-29 17:25","818","저조"
"SO_1282","선재도","2027-11-29 23:52","138","고조"
"SO_1282","선재도","2027-11-30 05:31","710","저조"
"SO_1282","선재도","2027-11-30 11:43","53","고조"
"SO_1282","선재도","2027-11-30 18:01","806","저조"
"SO_1282","선재도","2027-12-01 00:29","152","고조"
"SO_1282","선재도","2027-12-01 06:07","700","저조"
"SO_1282","선재도","2027-12-01 12:18","66","고조"
"SO_1282","선재도","2027-11-30 05:31","710","저조"
"SO_1282","선재도","2027-11-30 11:43","53","고조"
"SO_1282","선재도","2027-11-30 18:01","806","저조"
"SO_1282","선재도","2027-12-01 00:29","152","고조"
"SO_1282","선재도","2027-12-01 06:07","700","저조"
"SO_1282","선재도","2027-12-01 12:18","66","고조"
"SO_1282","선재도","2027-12-01 18:36","789","저조"
"SO_1282","선재도","2027-12-02 01:04","170","고조"
"SO_1282","선재도","2027-12-02 06:42","686","저조"
"SO_1282","선재도","2027-12-02 12:51","85","고조"
"SO_1282","선재도","2027-12-01 00:29","152","고조"
"SO_1282","선재도","2027-12-01 06:07","700","저조"
"SO_1282","선재도","2027-12-01 12:18","66","고조"
"SO_1282","선재도","2027-12-01 18:36","789","저조"
"SO_1282","선재도","2027-12-02 01:04","170","고조"
"SO_1282","선재도","2027-12-02 06:42","686","저조"
"SO_1282","선재도","2027-12-02 12:51","85","고조"
"SO_1282","선재도","2027-12-02 19:09","767","저조"
"SO_1282","선재도","2027-12-03 01:36","190","고조"
"SO_1282","선재도","2027-12-03 07:16","668","저조"
"SO_1282","선재도","2027-12-02 01:04","170","고조"
"SO_1282","선재도","2027-12-02 06:42","686","저조"
"SO_1282","선재도","2027-12-02 12:51","85","고조"
"SO_1282","선재도","2027-12-02 19:09","767","저조"
"SO_1282","선재도","2027-12-03 01:36","190","고조"
"SO_1282","선재도","2027-12-03 07:16","668","저조"
"SO_1282","선재도","2027-12-03 13:24","112","고조"
"SO_1282","선재도","2027-12-03 19:42","740","저조"
"SO_1282","선재도","2027-12-04 02:10","212","고조"
"SO_1282","선재도","2027-12-04 07:53","645","저조"
"SO_1282","선재도","2027-12-03 01:36","190","고조"
"SO_1282","선재도","2027-12-03 07:16","668","저조"
"SO_1282","선재도","2027-12-03 13:24","112","고조"
"SO_1282","선재도","2027-12-03 19:42","740","저조"
"SO_1282","선재도","2027-12-04 02:10","212","고조"
"SO_1282","선재도","2027-12-04 07:53","645","저조"
"SO_1282","선재도","2027-12-04 14:00","149","고조"
"SO_1282","선재도","2027-12-04 20:17","706","저조"
"SO_1282","선재도","2027-12-05 02:47","235","고조"
"SO_1282","선재도","2027-12-05 08:35","616","저조"
"SO_1282","선재도","2027-12-04 02:10","212","고조"
"SO_1282","선재도","2027-12-04 07:53","645","저조"
"SO_1282","선재도","2027-12-04 14:00","149","고조"
"SO_1282","선재도","2027-12-04 20:17","706","저조"
"SO_1282","선재도","2027-12-05 02:47","235","고조"
"SO_1282","선재도","2027-12-05 08:35","616","저조"
"SO_1282","선재도","2027-12-05 14:40","194","고조"
"SO_1282","선재도","2027-12-05 20:57","668","저조"
"SO_1282","선재도","2027-12-06 03:31","256","고조"
"SO_1282","선재도","2027-12-06 09:27","587","저조"
"SO_1282","선재도","2027-12-05 02:47","235","고조"
"SO_1282","선재도","2027-12-05 08:35","616","저조"
"SO_1282","선재도","2027-12-05 14:40","194","고조"
"SO_1282","선재도","2027-12-05 20:57","668","저조"
"SO_1282","선재도","2027-12-06 03:31","256","고조"
"SO_1282","선재도","2027-12-06 09:27","587","저조"
"SO_1282","선재도","2027-12-06 15:32","244","고조"
"SO_1282","선재도","2027-12-06 21:48","628","저조"
"SO_1282","선재도","2027-12-07 04:29","269","고조"
"SO_1282","선재도","2027-12-07 10:38","570","저조"
"SO_1282","선재도","2027-12-06 03:31","256","고조"
"SO_1282","선재도","2027-12-06 09:27","587","저조"
"SO_1282","선재도","2027-12-06 15:32","244","고조"
"SO_1282","선재도","2027-12-06 21:48","628","저조"
"SO_1282","선재도","2027-12-07 04:29","269","고조"
"SO_1282","선재도","2027-12-07 10:38","570","저조"
"SO_1282","선재도","2027-12-07 16:40","285","고조"
"SO_1282","선재도","2027-12-07 22:56","597","저조"
"SO_1282","선재도","2027-12-08 05:42","264","고조"
"SO_1282","선재도","2027-12-08 12:02","583","저조"
"SO_1282","선재도","2027-12-07 04:29","269","고조"
"SO_1282","선재도","2027-12-07 10:38","570","저조"
"SO_1282","선재도","2027-12-07 16:40","285","고조"
"SO_1282","선재도","2027-12-07 22:56","597","저조"
"SO_1282","선재도","2027-12-08 05:42","264","고조"
"SO_1282","선재도","2027-12-08 12:02","583","저조"
"SO_1282","선재도","2027-12-08 18:07","298","고조"
"SO_1282","선재도","2027-12-09 00:15","589","저조"
"SO_1282","선재도","2027-12-09 06:53","234","고조"
"SO_1282","선재도","2027-12-09 13:14","625","저조"
"SO_1282","선재도","2027-12-08 05:42","264","고조"
"SO_1282","선재도","2027-12-08 12:02","583","저조"
"SO_1282","선재도","2027-12-08 18:07","298","고조"
"SO_1282","선재도","2027-12-09 00:15","589","저조"
"SO_1282","선재도","2027-12-09 06:53","234","고조"
"SO_1282","선재도","2027-12-09 13:14","625","저조"
"SO_1282","선재도","2027-12-09 19:28","277","고조"
"SO_1282","선재도","2027-12-10 01:24","605","저조"
"SO_1282","선재도","2027-12-10 07:51","189","고조"
"SO_1282","선재도","2027-12-10 14:10","681","저조"
"SO_1282","선재도","2027-12-09 00:15","589","저조"
"SO_1282","선재도","2027-12-09 06:53","234","고조"
"SO_1282","선재도","2027-12-09 13:14","625","저조"
"SO_1282","선재도","2027-12-09 19:28","277","고조"
"SO_1282","선재도","2027-12-10 01:24","605","저조"
"SO_1282","선재도","2027-12-10 07:51","189","고조"
"SO_1282","선재도","2027-12-10 14:10","681","저조"
"SO_1282","선재도","2027-12-10 20:31","238","고조"
"SO_1282","선재도","2027-12-11 02:19","632","저조"
"SO_1282","선재도","2027-12-11 08:40","140","고조"
"SO_1282","선재도","2027-12-10 01:24","605","저조"
"SO_1282","선재도","2027-12-10 07:51","189","고조"
"SO_1282","선재도","2027-12-10 14:10","681","저조"
"SO_1282","선재도","2027-12-10 20:31","238","고조"
"SO_1282","선재도","2027-12-11 02:19","632","저조"
"SO_1282","선재도","2027-12-11 08:40","140","고조"
"SO_1282","선재도","2027-12-11 14:57","735","저조"
"SO_1282","선재도","2027-12-11 21:22","196","고조"
"SO_1282","선재도","2027-12-12 03:07","661","저조"
"SO_1282","선재도","2027-12-12 09:25","94","고조"
"SO_1282","선재도","2027-12-11 02:19","632","저조"
"SO_1282","선재도","2027-12-11 08:40","140","고조"
"SO_1282","선재도","2027-12-11 14:57","735","저조"
"SO_1282","선재도","2027-12-11 21:22","196","고조"
"SO_1282","선재도","2027-12-12 03:07","661","저조"
"SO_1282","선재도","2027-12-12 09:25","94","고조"
"SO_1282","선재도","2027-12-12 15:41","782","저조"
"SO_1282","선재도","2027-12-12 22:09","161","고조"
"SO_1282","선재도","2027-12-13 03:52","686","저조"
"SO_1282","선재도","2027-12-13 10:09","56","고조"
"SO_1282","선재도","2027-12-12 03:07","661","저조"
"SO_1282","선재도","2027-12-12 09:25","94","고조"
"SO_1282","선재도","2027-12-12 15:41","782","저조"
"SO_1282","선재도","2027-12-12 22:09","161","고조"
"SO_1282","선재도","2027-12-13 03:52","686","저조"
"SO_1282","선재도","2027-12-13 10:09","56","고조"
"SO_1282","선재도","2027-12-13 16:24","817","저조"
"SO_1282","선재도","2027-12-13 22:55","135","고조"
"SO_1282","선재도","2027-12-14 04:37","706","저조"
"SO_1282","선재도","2027-12-14 10:54","28","고조"
"SO_1282","선재도","2027-12-13 03:52","686","저조"
"SO_1282","선재도","2027-12-13 10:09","56","고조"
"SO_1282","선재도","2027-12-13 16:24","817","저조"
"SO_1282","선재도","2027-12-13 22:55","135","고조"
"SO_1282","선재도","2027-12-14 04:37","706","저조"
"SO_1282","선재도","2027-12-14 10:54","28","고조"
"SO_1282","선재도","2027-12-14 17:08","841","저조"
"SO_1282","선재도","2027-12-14 23:41","116","고조"
"SO_1282","선재도","2027-12-15 05:22","720","저조"
"SO_1282","선재도","2027-12-15 11:39","10","고조"
"SO_1282","선재도","2027-12-14 04:37","706","저조"
"SO_1282","선재도","2027-12-14 10:54","28","고조"
"SO_1282","선재도","2027-12-14 17:08","841","저조"
"SO_1282","선재도","2027-12-14 23:41","116","고조"
"SO_1282","선재도","2027-12-15 05:22","720","저조"
"SO_1282","선재도","2027-12-15 11:39","10","고조"
"SO_1282","선재도","2027-12-15 17:53","852","저조"
"SO_1282","선재도","2027-12-16 00:25","106","고조"
"SO_1282","선재도","2027-12-16 06:07","728","저조"
"SO_1282","선재도","2027-12-16 12:25","4","고조"
"SO_1282","선재도","2027-12-15 05:22","720","저조"
"SO_1282","선재도","2027-12-15 11:39","10","고조"
"SO_1282","선재도","2027-12-15 17:53","852","저조"
"SO_1282","선재도","2027-12-16 00:25","106","고조"
"SO_1282","선재도","2027-12-16 06:07","728","저조"
"SO_1282","선재도","2027-12-16 12:25","4","고조"
"SO_1282","선재도","2027-12-16 18:38","851","저조"
"SO_1282","선재도","2027-12-17 01:10","103","고조"
"SO_1282","선재도","2027-12-17 06:52","728","저조"
"SO_1282","선재도","2027-12-17 13:11","14","고조"
"SO_1282","선재도","2027-12-16 00:25","106","고조"
"SO_1282","선재도","2027-12-16 06:07","728","저조"
"SO_1282","선재도","2027-12-16 12:25","4","고조"
"SO_1282","선재도","2027-12-16 18:38","851","저조"
"SO_1282","선재도","2027-12-17 01:10","103","고조"
"SO_1282","선재도","2027-12-17 06:52","728","저조"
"SO_1282","선재도","2027-12-17 13:11","14","고조"
"SO_1282","선재도","2027-12-17 19:23","837","저조"
"SO_1282","선재도","2027-12-18 01:54","109","고조"
"SO_1282","선재도","2027-12-18 07:39","719","저조"
"SO_1282","선재도","2027-12-17 01:10","103","고조"
"SO_1282","선재도","2027-12-17 06:52","728","저조"
"SO_1282","선재도","2027-12-17 13:11","14","고조"
"SO_1282","선재도","2027-12-17 19:23","837","저조"
"SO_1282","선재도","2027-12-18 01:54","109","고조"
"SO_1282","선재도","2027-12-18 07:39","719","저조"
"SO_1282","선재도","2027-12-18 13:57","41","고조"
"SO_1282","선재도","2027-12-18 20:08","809","저조"
"SO_1282","선재도","2027-12-19 02:39","122","고조"
"SO_1282","선재도","2027-12-19 08:28","701","저조"
"SO_1282","선재도","2027-12-18 01:54","109","고조"
"SO_1282","선재도","2027-12-18 07:39","719","저조"
"SO_1282","선재도","2027-12-18 13:57","41","고조"
"SO_1282","선재도","2027-12-18 20:08","809","저조"
"SO_1282","선재도","2027-12-19 02:39","122","고조"
"SO_1282","선재도","2027-12-19 08:28","701","저조"
"SO_1282","선재도","2027-12-19 14:45","86","고조"
"SO_1282","선재도","2027-12-19 20:54","767","저조"
"SO_1282","선재도","2027-12-20 03:26","142","고조"
"SO_1282","선재도","2027-12-20 09:21","676","저조"
"SO_1282","선재도","2027-12-19 02:39","122","고조"
"SO_1282","선재도","2027-12-19 08:28","701","저조"
"SO_1282","선재도","2027-12-19 14:45","86","고조"
"SO_1282","선재도","2027-12-19 20:54","767","저조"
"SO_1282","선재도","2027-12-20 03:26","142","고조"
"SO_1282","선재도","2027-12-20 09:21","676","저조"
"SO_1282","선재도","2027-12-20 15:38","144","고조"
"SO_1282","선재도","2027-12-20 21:44","716","저조"
"SO_1282","선재도","2027-12-21 04:18","164","고조"
"SO_1282","선재도","2027-12-21 10:24","653","저조"
"SO_1282","선재도","2027-12-20 03:26","142","고조"
"SO_1282","선재도","2027-12-20 09:21","676","저조"
"SO_1282","선재도","2027-12-20 15:38","144","고조"
"SO_1282","선재도","2027-12-20 21:44","716","저조"
"SO_1282","선재도","2027-12-21 04:18","164","고조"
"SO_1282","선재도","2027-12-21 10:24","653","저조"
"SO_1282","선재도","2027-12-21 16:39","204","고조"
"SO_1282","선재도","2027-12-21 22:43","664","저조"
"SO_1282","선재도","2027-12-22 05:18","182","고조"
"SO_1282","선재도","2027-12-22 11:39","643","저조"
"SO_1282","선재도","2027-12-21 04:18","164","고조"
"SO_1282","선재도","2027-12-21 10:24","653","저조"
"SO_1282","선재도","2027-12-21 16:39","204","고조"
"SO_1282","선재도","2027-12-21 22:43","664","저조"
"SO_1282","선재도","2027-12-22 05:18","182","고조"
"SO_1282","선재도","2027-12-22 11:39","643","저조"
"SO_1282","선재도","2027-12-22 17:53","249","고조"
"SO_1282","선재도","2027-12-22 23:53","625","저조"
"SO_1282","선재도","2027-12-23 06:28","186","고조"
"SO_1282","선재도","2027-12-23 12:59","657","저조"
"SO_1282","선재도","2027-12-22 05:18","182","고조"
"SO_1282","선재도","2027-12-22 11:39","643","저조"
"SO_1282","선재도","2027-12-22 17:53","249","고조"
"SO_1282","선재도","2027-12-22 23:53","625","저조"
"SO_1282","선재도","2027-12-23 06:28","186","고조"
"SO_1282","선재도","2027-12-23 12:59","657","저조"
"SO_1282","선재도","2027-12-23 19:18","262","고조"
"SO_1282","선재도","2027-12-24 01:08","610","저조"
"SO_1282","선재도","2027-12-24 07:37","171","고조"
"SO_1282","선재도","2027-12-24 14:09","690","저조"
"SO_1282","선재도","2027-12-23 06:28","186","고조"
"SO_1282","선재도","2027-12-23 12:59","657","저조"
"SO_1282","선재도","2027-12-23 19:18","262","고조"
"SO_1282","선재도","2027-12-24 01:08","610","저조"
"SO_1282","선재도","2027-12-24 07:37","171","고조"
"SO_1282","선재도","2027-12-24 14:09","690","저조"
"SO_1282","선재도","2027-12-24 20:33","246","고조"
"SO_1282","선재도","2027-12-25 02:16","618","저조"
"SO_1282","선재도","2027-12-25 08:38","144","고조"
"SO_1282","선재도","2027-12-25 15:08","726","저조"
"SO_1282","선재도","2027-12-24 01:08","610","저조"
"SO_1282","선재도","2027-12-24 07:37","171","고조"
"SO_1282","선재도","2027-12-24 14:09","690","저조"
"SO_1282","선재도","2027-12-24 20:33","246","고조"
"SO_1282","선재도","2027-12-25 02:16","618","저조"
"SO_1282","선재도","2027-12-25 08:38","144","고조"
"SO_1282","선재도","2027-12-25 15:08","726","저조"
"SO_1282","선재도","2027-12-25 21:33","217","고조"
"SO_1282","선재도","2027-12-26 03:14","639","저조"
"SO_1282","선재도","2027-12-26 09:30","116","고조"
"SO_1282","선재도","2027-12-25 02:16","618","저조"
"SO_1282","선재도","2027-12-25 08:38","144","고조"
"SO_1282","선재도","2027-12-25 15:08","726","저조"
"SO_1282","선재도","2027-12-25 21:33","217","고조"
"SO_1282","선재도","2027-12-26 03:14","639","저조"
"SO_1282","선재도","2027-12-26 09:30","116","고조"
"SO_1282","선재도","2027-12-26 15:57","756","저조"
"SO_1282","선재도","2027-12-26 22:23","190","고조"
"SO_1282","선재도","2027-12-27 04:02","662","저조"
"SO_1282","선재도","2027-12-27 10:16","93","고조"
"SO_1282","선재도","2027-12-26 03:14","639","저조"
"SO_1282","선재도","2027-12-26 09:30","116","고조"
"SO_1282","선재도","2027-12-26 15:57","756","저조"
"SO_1282","선재도","2027-12-26 22:23","190","고조"
"SO_1282","선재도","2027-12-27 04:02","662","저조"
"SO_1282","선재도","2027-12-27 10:16","93","고조"
"SO_1282","선재도","2027-12-27 16:40","776","저조"
"SO_1282","선재도","2027-12-27 23:06","170","고조"
"SO_1282","선재도","2027-12-28 04:44","683","저조"
"SO_1282","선재도","2027-12-28 10:57","76","고조"
"SO_1282","선재도","2027-12-27 04:02","662","저조"
"SO_1282","선재도","2027-12-27 10:16","93","고조"
"SO_1282","선재도","2027-12-27 16:40","776","저조"
"SO_1282","선재도","2027-12-27 23:06","170","고조"
"SO_1282","선재도","2027-12-28 04:44","683","저조"
"SO_1282","선재도","2027-12-28 10:57","76","고조"
"SO_1282","선재도","2027-12-28 17:18","787","저조"
"SO_1282","선재도","2027-12-28 23:44","158","고조"
"SO_1282","선재도","2027-12-29 05:22","697","저조"
"SO_1282","선재도","2027-12-29 11:34","66","고조"
"SO_1282","선재도","2027-12-28 04:44","683","저조"
"SO_1282","선재도","2027-12-28 10:57","76","고조"
"SO_1282","선재도","2027-12-28 17:18","787","저조"
"SO_1282","선재도","2027-12-28 23:44","158","고조"
"SO_1282","선재도","2027-12-29 05:22","697","저조"
"SO_1282","선재도","2027-12-29 11:34","66","고조"
"SO_1282","선재도","2027-12-29 17:52","790","저조"
"SO_1282","선재도","2027-12-30 00:19","151","고조"
"SO_1282","선재도","2027-12-30 05:57","706","저조"
"SO_1282","선재도","2027-12-30 12:08","63","고조"
"SO_1282","선재도","2027-12-29 05:22","697","저조"
"SO_1282","선재도","2027-12-29 11:34","66","고조"
"SO_1282","선재도","2027-12-29 17:52","790","저조"
"SO_1282","선재도","2027-12-30 00:19","151","고조"
"SO_1282","선재도","2027-12-30 05:57","706","저조"
"SO_1282","선재도","2027-12-30 12:08","63","고조"
"SO_1282","선재도","2027-12-30 18:23","788","저조"
"SO_1282","선재도","2027-12-31 00:50","149","고조"
"SO_1282","선재도","2027-12-31 06:30","709","저조"
"SO_1282","선재도","2027-12-31 12:41","68","고조"
"SO_1282","선재도","2027-12-30 00:19","151","고조"
"SO_1282","선재도","2027-12-30 05:57","706","저조"
"SO_1282","선재도","2027-12-30 12:08","63","고조"
"SO_1282","선재도","2027-12-30 18:23","788","저조"
"SO_1282","선재도","2027-12-31 00:50","149","고조"
"SO_1282","선재도","2027-12-31 06:30","709","저조"
"SO_1282","선재도","2027-12-31 12:41","68","고조"
"SO_1282","선재도","2027-12-31 18:52","781","저조"
"SO_1282","선재도","2028-01-09 00:00","120","고조"
"SO_1282","선재도","2028-01-09 00:00","81","고조"
"SO_0565","향화도항","2027-01-09 00:00","111","고조"
"SO_0565","향화도항","2027-01-09 00:00","592","저조"
"SO_0565","향화도항","2027-01-09 00:00","74","고조"
"SO_0565","향화도항","2027-01-09 00:00","612","저조"
"SO_0565","향화도항","2027-01-10 00:00","536","저조"
"SO_0565","향화도항","2027-01-10 00:00","76","고조"
"SO_0565","향화도항","2027-01-10 00:00","594","저조"
"SO_0565","향화도항","2027-01-10 00:00","149","고조"
"SO_0565","향화도항","2027-01-09 00:00","111","고조"
"SO_0565","향화도항","2027-01-09 00:00","592","저조"
"SO_0565","향화도항","2027-01-09 00:00","74","고조"
"SO_0565","향화도항","2027-01-09 00:00","612","저조"
"SO_0565","향화도항","2027-01-10 00:00","536","저조"
"SO_0565","향화도항","2027-01-10 00:00","76","고조"
"SO_0565","향화도항","2027-01-10 00:00","594","저조"
"SO_0565","향화도항","2027-01-10 00:00","149","고조"
"SO_0565","향화도항","2027-01-09 00:00","111","고조"
"SO_0565","향화도항","2027-01-09 00:00","592","저조"
"SO_0565","향화도항","2027-01-09 00:00","74","고조"
"SO_0565","향화도항","2027-01-09 00:00","612","저조"
"SO_0565","향화도항","2027-01-10 00:00","536","저조"
"SO_0565","향화도항","2027-01-10 00:00","76","고조"
"SO_0565","향화도항","2027-01-10 00:00","594","저조"
"SO_0565","향화도항","2027-01-10 00:00","149","고조"
"SO_0565","향화도항","2027-01-09 00:00","111","고조"
"SO_0565","향화도항","2027-01-09 00:00","592","저조"
"SO_0565","향화도항","2027-01-09 00:00","74","고조"
"SO_0565","향화도항","2027-01-09 00:00","612","저조"
"SO_0565","향화도항","2027-01-10 00:00","536","저조"
"SO_0565","향화도항","2027-01-10 00:00","76","고조"
"SO_0565","향화도항","2027-01-10 00:00","594","저조"
"SO_0565","향화도항","2027-01-10 00:00","149","고조"
"SO_0565","향화도항","2027-01-09 00:00","111","고조"
"SO_0565","향화도항","2027-01-09 00:00","592","저조"
"SO_0565","향화도항","2027-01-09 00:00","74","고조"
"SO_0565","향화도항","2027-01-09 00:00","612","저조"
"SO_0565","향화도항","2027-01-10 00:00","536","저조"
"SO_0565","향화도항","2027-01-10 00:00","76","고조"
"SO_0565","향화도항","2027-01-10 00:00","594","저조"
"SO_0565","향화도항","2027-01-10 00:00","149","고조"
"SO_0565","향화도항","2027-01-09 00:00","111","고조"
"SO_0565","향화도항","2027-01-09 00:00","592","저조"
"SO_0565","향화도항","2027-01-09 00:00","74","고조"
"SO_0565","향화도항","2027-01-09 00:00","612","저조"
"SO_0565","향화도항","2027-01-10 00:00","536","저조"
"SO_0565","향화도항","2027-01-10 00:00","76","고조"
"SO_0565","향화도항","2027-01-10 00:00","594","저조"
"SO_0565","향화도항","2027-01-10 00:00","149","고조"
"SO_0565","향화도항","2027-01-09 00:00","111","고조"
"SO_0565","향화도항","2027-01-09 00:00","592","저조"
"SO_0565","향화도항","2027-01-09 00:00","74","고조"
"SO_0565","향화도항","2027-01-09 00:00","612","저조"
"SO_0565","향화도항","2027-01-10 00:00","536","저조"
"SO_0565","향화도항","2027-01-10 00:00","76","고조"
"SO_0565","향화도항","2027-01-10 00:00","594","저조"
"SO_0565","향화도항","2027-01-10 00:00","149","고조"
"SO_0565","향화도항","2027-01-09 00:00","111","고조"
"SO_0565","향화도항","2027-01-09 00:00","592","저조"
"SO_0565","향화도항","2027-01-09 00:00","74","고조"
"SO_0565","향화도항","2027-01-09 00:00","612","저조"
"SO_0565","향화도항","2027-01-10 00:00","536","저조"
"SO_0565","향화도항","2027-01-10 00:00","76","고조"
"SO_0565","향화도항","2027-01-10 00:00","594","저조"
"SO_0565","향화도항","2027-01-10 00:00","149","고조"
"SO_0565","향화도항","2027-01-09 00:00","111","고조"
"SO_0565","향화도항","2027-01-09 00:00","592","저조"
"SO_0565","향화도항","2027-01-09 00:00","74","고조"
"SO_0565","향화도항","2027-01-09 00:00","612","저조"
"SO_0565","향화도항","2027-01-10 00:00","536","저조"
"SO_0565","향화도항","2027-01-10 00:00","76","고조"
"SO_0565","향화도항","2027-01-10 00:00","594","저조"
"SO_0565","향화도항","2027-01-10 00:00","149","고조"
"SO_0565","향화도항","2027-01-09 00:00","111","고조"
"SO_0565","향화도항","2027-01-09 00:00","592","저조"
"SO_0565","향화도항","2027-01-09 00:00","74","고조"
"SO_0565","향화도항","2027-01-09 00:00","612","저조"
"SO_0565","향화도항","2027-01-10 00:00","536","저조"
"SO_0565","향화도항","2027-01-10 00:00","76","고조"
"SO_0565","향화도항","2027-01-10 00:00","594","저조"
"SO_0565","향화도항","2027-01-10 00:00","149","고조"
"SO_0565","향화도항","2027-01-10 00:00","149","고조"
"SO_0565","향화도항","2027-01-10 00:00","536","저조"
"SO_0565","향화도항","2027-01-10 00:00","76","고조"
"SO_0565","향화도항","2027-01-10 00:00","594","저조"
"SO_0565","향화도항","2028-01-09 00:00","567","저조"
"SO_0565","향화도항","2028-01-09 00:00","86","고조"
"SO_0565","향화도항","2028-01-09 00:00","594","저조"
"SO_0565","향화도항","2028-01-09 00:00","140","고조"
"SO_0565","향화도항","2028-01-09 00:00","140","고조"
"SO_0565","향화도항","2028-01-09 00:00","567","저조"
"SO_0565","향화도항","2028-01-09 00:00","86","고조"
"SO_0565","향화도항","2028-01-09 00:00","594","저조"
"SO_0565","향화도항","2028-01-10 00:00","513","저조"
"SO_0565","향화도항","2028-01-10 00:00","89","고조"
"SO_0565","향화도항","2028-01-10 00:00","575","저조"
"SO_0565","향화도항","2028-01-10 00:00","176","고조"
"SO_0565","향화도항","2028-01-09 00:00","140","고조"
"SO_0565","향화도항","2028-01-09 00:00","567","저조"
"SO_0565","향화도항","2028-01-09 00:00","86","고조"
"SO_0565","향화도항","2028-01-09 00:00","594","저조"
"SO_0565","향화도항","2028-01-10 00:00","513","저조"
"SO_0565","향화도항","2028-01-10 00:00","89","고조"
"SO_0565","향화도항","2028-01-10 00:00","575","저조"
"SO_0565","향화도항","2028-01-10 00:00","176","고조"
"SO_0565","향화도항","2028-01-09 00:00","140","고조"
"SO_0565","향화도항","2028-01-09 00:00","567","저조"
"SO_0565","향화도항","2028-01-09 00:00","86","고조"
"SO_0565","향화도항","2028-01-09 00:00","594","저조"
"SO_0565","향화도항","2028-01-10 00:00","513","저조"
"SO_0565","향화도항","2028-01-10 00:00","89","고조"
"SO_0565","향화도항","2028-01-10 00:00","575","저조"
"SO_0565","향화도항","2028-01-10 00:00","176","고조"
"SO_0565","향화도항","2028-01-09 00:00","140","고조"
"SO_0565","향화도항","2028-01-09 00:00","567","저조"
"SO_0565","향화도항","2028-01-09 00:00","86","고조"
"SO_0565","향화도항","2028-01-09 00:00","594","저조"
"SO_0565","향화도항","2028-01-10 00:00","513","저조"
"SO_0565","향화도항","2028-01-10 00:00","89","고조"
"SO_0565","향화도항","2028-01-10 00:00","575","저조"
"SO_0565","향화도항","2028-01-10 00:00","176","고조"
"SO_0565","향화도항","2028-01-09 00:00","140","고조"
"SO_0565","향화도항","2028-01-09 00:00","567","저조"
"SO_0565","향화도항","2028-01-09 00:00","86","고조"
"SO_0565","향화도항","2028-01-09 00:00","594","저조"
"SO_0565","향화도항","2028-01-10 00:00","513","저조"
"SO_0565","향화도항","2028-01-10 00:00","89","고조"
"SO_0565","향화도항","2028-01-10 00:00","575","저조"
"SO_0565","향화도항","2028-01-10 00:00","176","고조"
"SO_0565","향화도항","2028-01-09 00:00","140","고조"
"SO_0565","향화도항","2028-01-09 00:00","567","저조"
"SO_0565","향화도항","2028-01-09 00:00","86","고조"
"SO_0565","향화도항","2028-01-09 00:00","594","저조"
"SO_0565","향화도항","2028-01-10 00:00","513","저조"
"SO_0565","향화도항","2028-01-10 00:00","89","고조"
"SO_0565","향화도항","2028-01-10 00:00","575","저조"
"SO_0565","향화도항","2028-01-10 00:00","176","고조"
"SO_0565","향화도항","2028-01-09 00:00","140","고조"
"SO_0565","향화도항","2028-01-09 00:00","567","저조"
"SO_0565","향화도항","2028-01-09 00:00","86","고조"
"SO_0565","향화도항","2028-01-09 00:00","594","저조"
"SO_0565","향화도항","2028-01-10 00:00","513","저조"
"SO_0565","향화도항","2028-01-10 00:00","89","고조"
"SO_0565","향화도항","2028-01-10 00:00","575","저조"
"SO_0565","향화도항","2028-01-10 00:00","176","고조"
"SO_0565","향화도항","2028-01-09 00:00","140","고조"
"SO_0565","향화도항","2028-01-09 00:00","567","저조"
"SO_0565","향화도항","2028-01-09 00:00","86","고조"
"SO_0565","향화도항","2028-01-09 00:00","594","저조"
"SO_0565","향화도항","2028-01-10 00:00","513","저조"
"SO_0565","향화도항","2028-01-10 00:00","89","고조"
"SO_0565","향화도항","2028-01-10 00:00","575","저조"
"SO_0565","향화도항","2028-01-10 00:00","176","고조"
"SO_0565","향화도항","2028-01-09 00:00","140","고조"
"SO_0565","향화도항","2028-01-09 00:00","567","저조"
"SO_0565","향화도항","2028-01-09 00:00","86","고조"
"SO_0565","향화도항","2028-01-09 00:00","594","저조"
"SO_0565","향화도항","2028-01-10 00:00","513","저조"
"SO_0565","향화도항","2028-01-10 00:00","89","고조"
"SO_0565","향화도항","2028-01-10 00:00","575","저조"
"SO_0565","향화도항","2028-01-10 00:00","176","고조"
"SO_0565","향화도항","2028-01-09 00:00","140","고조"
"SO_0565","향화도항","2028-01-09 00:00","567","저조"
"SO_0565","향화도항","2028-01-09 00:00","86","고조"
"SO_0565","향화도항","2028-01-09 00:00","594","저조"
"SO_0565","향화도항","2028-01-10 00:00","513","저조"
"SO_0565","향화도항","2028-01-10 00:00","89","고조"
"SO_0565","향화도항","2028-01-10 00:00","575","저조"
"SO_0565","향화도항","2028-01-10 00:00","176","고조"
"SO_0565","향화도항","2028-01-09 00:00","140","고조"
"SO_0565","향화도항","2028-01-09 00:00","567","저조"
"SO_0565","향화도항","2028-01-09 00:00","86","고조"
"SO_0565","향화도항","2028-01-09 00:00","594","저조"
"SO_0565","향화도항","2028-01-10 00:00","513","저조"
"SO_0565","향화도항","2028-01-10 00:00","89","고조"
"SO_0565","향화도항","2028-01-10 00:00","575","저조"
"SO_0565","향화도항","2028-01-10 00:00","176","고조"
"SO_0565","향화도항","2028-01-09 00:00","140","고조"
"SO_0565","향화도항","2028-01-09 00:00","567","저조"
"SO_0565","향화도항","2028-01-09 00:00","86","고조"
"SO_0565","향화도항","2028-01-09 00:00","594","저조"
"SO_0565","향화도항","2028-01-10 00:00","513","저조"
"SO_0565","향화도항","2028-01-10 00:00","89","고조"
"SO_0565","향화도항","2028-01-10 00:00","575","저조"
"SO_0565","향화도항","2028-01-10 00:00","176","고조"
"SO_0565","향화도항","2028-01-09 00:00","140","고조"
"SO_0565","향화도항","2028-01-09 00:00","567","저조"
"SO_0565","향화도항","2028-01-09 00:00","86","고조"
"SO_0565","향화도항","2028-01-09 00:00","594","저조"
"SO_0565","향화도항","2028-01-10 00:00","513","저조"
"SO_0565","향화도항","2028-01-10 00:00","89","고조"
"SO_0565","향화도항","2028-01-10 00:00","575","저조"
"SO_0565","향화도항","2028-01-10 00:00","176","고조"
"SO_0565","향화도항","2028-01-09 00:00","140","고조"
"SO_0565","향화도항","2028-01-09 00:00","567","저조"
"SO_0565","향화도항","2028-01-09 00:00","86","고조"
"SO_0565","향화도항","2028-01-09 00:00","594","저조"
"SO_0565","향화도항","2028-01-10 00:00","513","저조"
"SO_0565","향화도항","2028-01-10 00:00","89","고조"
"SO_0565","향화도항","2028-01-10 00:00","575","저조"
"SO_0565","향화도항","2028-01-10 00:00","176","고조"
"SO_0565","향화도항","2028-01-09 00:00","140","고조"
"SO_0565","향화도항","2028-01-09 00:00","567","저조"
"SO_0565","향화도항","2028-01-09 00:00","86","고조"
"SO_0565","향화도항","2028-01-09 00:00","594","저조"
"SO_0565","향화도항","2028-01-10 00:00","513","저조"
"SO_0565","향화도항","2028-01-10 00:00","89","고조"
"SO_0565","향화도항","2028-01-10 00:00","575","저조"
"SO_0565","향화도항","2028-01-10 00:00","176","고조"
"SO_0565","향화도항","2028-01-09 00:00","140","고조"
"SO_0565","향화도항","2028-01-09 00:00","567","저조"
"SO_0565","향화도항","2028-01-09 00:00","86","고조"
"SO_0565","향화도항","2028-01-09 00:00","594","저조"
"SO_0565","향화도항","2028-01-10 00:00","513","저조"
"SO_0565","향화도항","2028-01-10 00:00","89","고조"
"SO_0565","향화도항","2028-01-10 00:00","575","저조"
"SO_0565","향화도항","2028-01-10 00:00","176","고조"
"SO_0565","향화도항","2028-01-09 00:00","140","고조"
"SO_0565","향화도항","2028-01-09 00:00","567","저조"
"SO_0565","향화도항","2028-01-09 00:00","86","고조"
"SO_0565","향화도항","2028-01-09 00:00","594","저조"
"SO_0565","향화도항","2028-01-10 00:00","513","저조"
"SO_0565","향화도항","2028-01-10 00:00","89","고조"
"SO_0565","향화도항","2028-01-10 00:00","575","저조"
"SO_0565","향화도항","2028-01-10 00:00","176","고조"
"SO_0565","향화도항","2028-01-09 00:00","140","고조"
"SO_0565","향화도항","2028-01-09 00:00","567","저조"
"SO_0565","향화도항","2028-01-09 00:00","86","고조"
"SO_0565","향화도항","2028-01-09 00:00","594","저조"
"SO_0565","향화도항","2028-01-10 00:00","513","저조"
"SO_0565","향화도항","2028-01-10 00:00","89","고조"
"SO_0565","향화도항","2028-01-10 00:00","575","저조"
"SO_0565","향화도항","2028-01-10 00:00","176","고조"
"SO_0565","향화도항","2028-01-09 00:00","140","고조"
"SO_0565","향화도항","2028-01-09 00:00","567","저조"
"SO_0565","향화도항","2028-01-09 00:00","86","고조"
"SO_0565","향화도항","2028-01-09 00:00","594","저조"
"SO_0565","향화도항","2028-01-10 00:00","513","저조"
"SO_0565","향화도항","2028-01-10 00:00","89","고조"
"SO_0565","향화도항","2028-01-10 00:00","575","저조"
"SO_0565","향화도항","2028-01-10 00:00","176","고조"
"SO_0565","향화도항","2028-01-09 00:00","140","고조"
"SO_0565","향화도항","2028-01-09 00:00","567","저조"
"SO_0565","향화도항","2028-01-09 00:00","86","고조"
"SO_0565","향화도항","2028-01-09 00:00","594","저조"
"SO_0565","향화도항","2028-01-10 00:00","513","저조"
"SO_0565","향화도항","2028-01-10 00:00","89","고조"
"SO_0565","향화도항","2028-01-10 00:00","575","저조"
"SO_0565","향화도항","2028-01-10 00:00","176","고조"
"SO_0565","향화도항","2028-01-09 00:00","140","고조"
"SO_0565","향화도항","2028-01-09 00:00","567","저조"
"SO_0565","향화도항","2028-01-09 00:00","86","고조"
"SO_0565","향화도항","2028-01-09 00:00","594","저조"
"SO_0565","향화도항","2028-01-10 00:00","513","저조"
"SO_0565","향화도항","2028-01-10 00:00","89","고조"
"SO_0565","향화도항","2028-01-10 00:00","575","저조"
"SO_0565","향화도항","2028-01-10 00:00","176","고조"
"SO_0565","향화도항","2028-01-09 00:00","140","고조"
"SO_0565","향화도항","2028-01-09 00:00","567","저조"
"SO_0565","향화도항","2028-01-09 00:00","86","고조"
"SO_0565","향화도항","2028-01-09 00:00","594","저조"
"SO_0565","향화도항","2028-01-10 00:00","513","저조"
"SO_0565","향화도항","2028-01-10 00:00","89","고조"
"SO_0565","향화도항","2028-01-10 00:00","575","저조"
"SO_0565","향화도항","2028-01-10 00:00","176","고조"
"SO_0565","향화도항","2028-01-09 00:00","140","고조"
"SO_0565","향화도항","2028-01-09 00:00","567","저조"
"SO_0565","향화도항","2028-01-09 00:00","86","고조"
"SO_0565","향화도항","2028-01-09 00:00","594","저조"
"SO_0565","향화도항","2028-01-10 00:00","513","저조"
"SO_0565","향화도항","2028-01-10 00:00","89","고조"
"SO_0565","향화도항","2028-01-10 00:00","575","저조"
"SO_0565","향화도항","2028-01-10 00:00","176","고조"
"SO_0565","향화도항","2028-01-09 00:00","140","고조"
"SO_0565","향화도항","2028-01-09 00:00","567","저조"
"SO_0565","향화도항","2028-01-09 00:00","86","고조"
"SO_0565","향화도항","2028-01-09 00:00","594","저조"
"SO_0565","향화도항","2028-01-10 00:00","513","저조"
"SO_0565","향화도항","2028-01-10 00:00","89","고조"
"SO_0565","향화도항","2028-01-10 00:00","575","저조"
"SO_0565","향화도항","2028-01-10 00:00","176","고조"
"SO_0565","향화도항","2028-01-09 00:00","140","고조"
"SO_0565","향화도항","2028-01-09 00:00","567","저조"
"SO_0565","향화도항","2028-01-09 00:00","86","고조"
"SO_0565","향화도항","2028-01-09 00:00","594","저조"
"SO_0565","향화도항","2028-01-10 00:00","513","저조"
"SO_0565","향화도항","2028-01-10 00:00","89","고조"
"SO_0565","향화도항","2028-01-10 00:00","575","저조"
"SO_0565","향화도항","2028-01-10 00:00","176","고조"
"SO_0565","향화도항","2028-01-09 00:00","140","고조"
"SO_0565","향화도항","2028-01-09 00:00","567","저조"
"SO_0565","향화도항","2028-01-09 00:00","86","고조"
"SO_0565","향화도항","2028-01-09 00:00","594","저조"
"SO_0565","향화도항","2028-01-10 00:00","513","저조"
"SO_0565","향화도항","2028-01-10 00:00","89","고조"
"SO_0565","향화도항","2028-01-10 00:00","575","저조"
"SO_0565","향화도항","2028-01-10 00:00","176","고조"
"SO_0565","향화도항","2028-01-09 00:00","140","고조"
"SO_0565","향화도항","2028-01-09 00:00","567","저조"
"SO_0565","향화도항","2028-01-09 00:00","86","고조"
"SO_0565","향화도항","2028-01-09 00:00","594","저조"
"SO_0565","향화도항","2028-01-10 00:00","513","저조"
"SO_0565","향화도항","2028-01-10 00:00","89","고조"
"SO_0565","향화도항","2028-01-10 00:00","575","저조"
"SO_0565","향화도항","2028-01-10 00:00","176","고조"
"SO_0565","향화도항","2028-01-09 00:00","140","고조"
"SO_0565","향화도항","2028-01-09 00:00","567","저조"
"SO_0565","향화도항","2028-01-09 00:00","86","고조"
"SO_0565","향화도항","2028-01-09 00:00","594","저조"
"SO_0565","향화도항","2028-01-10 00:00","513","저조"
"SO_0565","향화도항","2028-01-10 00:00","89","고조"
"SO_0565","향화도항","2028-01-10 00:00","575","저조"
"SO_0565","향화도항","2028-01-10 00:00","176","고조"
"SO_0565","향화도항","2028-01-09 00:00","140","고조"
"SO_0565","향화도항","2028-01-09 00:00","567","저조"
"SO_0565","향화도항","2028-01-09 00:00","86","고조"
"SO_0565","향화도항","2028-01-09 00:00","594","저조"
"SO_0565","향화도항","2028-01-10 00:00","513","저조"
"SO_0565","향화도항","2028-01-10 00:00","89","고조"
"SO_0565","향화도항","2028-01-10 00:00","575","저조"
"SO_0565","향화도항","2028-01-10 00:00","176","고조"
"SO_0565","향화도항","2028-01-09 00:00","140","고조"
"SO_0565","향화도항","2028-01-09 00:00","567","저조"
"SO_0565","향화도항","2028-01-09 00:00","86","고조"
"SO_0565","향화도항","2028-01-09 00:00","594","저조"
"SO_0565","향화도항","2028-01-10 00:00","513","저조"
"SO_0565","향화도항","2028-01-10 00:00","89","고조"
"SO_0565","향화도항","2028-01-10 00:00","575","저조"
"SO_0565","향화도항","2028-01-10 00:00","176","고조"
"SO_0565","향화도항","2028-01-09 00:00","140","고조"
"SO_0565","향화도항","2028-01-09 00:00","567","저조"
"SO_0565","향화도항","2028-01-09 00:00","86","고조"
"SO_0565","향화도항","2028-01-09 00:00","594","저조"
"SO_0565","향화도항","2028-01-10 00:00","513","저조"
"SO_0565","향화도항","2028-01-10 00:00","89","고조"
"SO_0565","향화도항","2028-01-10 00:00","575","저조"
"SO_0565","향화도항","2028-01-10 00:00","176","고조"
"SO_0565","향화도항","2028-01-09 00:00","140","고조"
"SO_0565","향화도항","2028-01-09 00:00","567","저조"
"SO_0565","향화도항","2028-01-09 00:00","86","고조"
"SO_0565","향화도항","2028-01-09 00:00","594","저조"
"SO_0565","향화도항","2028-01-10 00:00","513","저조"
"SO_0565","향화도항","2028-01-10 00:00","89","고조"
"SO_0565","향화도항","2028-01-10 00:00","575","저조"
"SO_0565","향화도항","2028-01-10 00:00","176","고조"
"SO_0565","향화도항","2028-01-09 00:00","140","고조"
"SO_0565","향화도항","2028-01-09 00:00","567","저조"
"SO_0565","향화도항","2028-01-09 00:00","86","고조"
"SO_0565","향화도항","2028-01-09 00:00","594","저조"
"SO_0565","향화도항","2028-01-10 00:00","513","저조"
"SO_0565","향화도항","2028-01-10 00:00","89","고조"
"SO_0565","향화도항","2028-01-10 00:00","575","저조"
"SO_0565","향화도항","2028-01-10 00:00","176","고조"
"SO_0565","향화도항","2028-01-09 00:00","140","고조"
"SO_0565","향화도항","2028-01-09 00:00","567","저조"
"SO_0565","향화도항","2028-01-09 00:00","86","고조"
"SO_0565","향화도항","2028-01-09 00:00","594","저조"
"SO_0565","향화도항","2028-01-10 00:00","513","저조"
"SO_0565","향화도항","2028-01-10 00:00","89","고조"
"SO_0565","향화도항","2028-01-10 00:00","575","저조"
"SO_0565","향화도항","2028-01-10 00:00","176","고조"
"SO_0565","향화도항","2028-01-09 00:00","140","고조"
"SO_0565","향화도항","2028-01-09 00:00","567","저조"
"SO_0565","향화도항","2028-01-09 00:00","86","고조"
"SO_0565","향화도항","2028-01-09 00:00","594","저조"
"SO_0565","향화도항","2028-01-10 00:00","513","저조"
"SO_0565","향화도항","2028-01-10 00:00","89","고조"
"SO_0565","향화도항","2028-01-10 00:00","575","저조"
"SO_0565","향화도항","2028-01-10 00:00","176","고조"
"SO_0565","향화도항","2028-01-09 00:00","140","고조"
"SO_0565","향화도항","2028-01-09 00:00","567","저조"
"SO_0565","향화도항","2028-01-09 00:00","86","고조"
"SO_0565","향화도항","2028-01-09 00:00","594","저조"
"SO_0565","향화도항","2028-01-10 00:00","513","저조"
"SO_0565","향화도항","2028-01-10 00:00","89","고조"
"SO_0565","향화도항","2028-01-10 00:00","575","저조"
"SO_0565","향화도항","2028-01-10 00:00","176","고조"
"SO_0565","향화도항","2028-01-09 00:00","140","고조"
"SO_0565","향화도항","2028-01-09 00:00","567","저조"
"SO_0565","향화도항","2028-01-09 00:00","86","고조"
"SO_0565","향화도항","2028-01-09 00:00","594","저조"
"SO_0565","향화도항","2028-01-10 00:00","513","저조"
"SO_0565","향화도항","2028-01-10 00:00","89","고조"
"SO_0565","향화도항","2028-01-10 00:00","575","저조"
"SO_0565","향화도항","2028-01-10 00:00","176","고조"
"SO_0565","향화도항","2028-01-09 00:00","140","고조"
"SO_0565","향화도항","2028-01-09 00:00","567","저조"
"SO_0565","향화도항","2028-01-09 00:00","86","고조"
"SO_0565","향화도항","2028-01-09 00:00","594","저조"
"SO_0565","향화도항","2028-01-10 00:00","513","저조"
"SO_0565","향화도항","2028-01-10 00:00","89","고조"
"SO_0565","향화도항","2028-01-10 00:00","575","저조"
"SO_0565","향화도항","2028-01-10 00:00","176","고조"
"SO_0565","향화도항","2028-01-09 00:00","140","고조"
"SO_0565","향화도항","2028-01-09 00:00","567","저조"
"SO_0565","향화도항","2028-01-09 00:00","86","고조"
"SO_0565","향화도항","2028-01-09 00:00","594","저조"
"SO_0565","향화도항","2028-01-10 00:00","513","저조"
"SO_0565","향화도항","2028-01-10 00:00","89","고조"
"SO_0565","향화도항","2028-01-10 00:00","575","저조"
"SO_0565","향화도항","2028-01-10 00:00","176","고조"
"SO_0565","향화도항","2028-01-09 00:00","140","고조"
"SO_0565","향화도항","2028-01-09 00:00","567","저조"
"SO_0565","향화도항","2028-01-09 00:00","86","고조"
"SO_0565","향화도항","2028-01-09 00:00","594","저조"
"SO_0565","향화도항","2028-01-10 00:00","513","저조"
"SO_0565","향화도항","2028-01-10 00:00","89","고조"
"SO_0565","향화도항","2028-01-10 00:00","575","저조"
"SO_0565","향화도항","2028-01-10 00:00","176","고조"
"SO_0565","향화도항","2028-01-09 00:00","140","고조"
"SO_0565","향화도항","2028-01-09 00:00","567","저조"
"SO_0565","향화도항","2028-01-09 00:00","86","고조"
"SO_0565","향화도항","2028-01-09 00:00","594","저조"
"SO_0565","향화도항","2028-01-10 00:00","513","저조"
"SO_0565","향화도항","2028-01-10 00:00","89","고조"
"SO_0565","향화도항","2028-01-10 00:00","575","저조"
"SO_0565","향화도항","2028-01-10 00:00","176","고조"
"SO_0565","향화도항","2028-01-09 00:00","140","고조"
"SO_0565","향화도항","2028-01-09 00:00","567","저조"
"SO_0565","향화도항","2028-01-09 00:00","86","고조"
"SO_0565","향화도항","2028-01-09 00:00","594","저조"
"SO_0565","향화도항","2028-01-10 00:00","513","저조"
"SO_0565","향화도항","2028-01-10 00:00","89","고조"
"SO_0565","향화도항","2028-01-10 00:00","575","저조"
"SO_0565","향화도항","2028-01-10 00:00","176","고조"
"SO_0565","향화도항","2028-01-09 00:00","140","고조"
"SO_0565","향화도항","2028-01-09 00:00","567","저조"
"SO_0565","향화도항","2028-01-09 00:00","86","고조"
"SO_0565","향화도항","2028-01-09 00:00","594","저조"
"SO_0565","향화도항","2028-01-10 00:00","513","저조"
"SO_0565","향화도항","2028-01-10 00:00","89","고조"
"SO_0565","향화도항","2028-01-10 00:00","575","저조"
"SO_0565","향화도항","2028-01-10 00:00","176","고조"
"SO_0565","향화도항","2028-01-09 00:00","140","고조"
"SO_0565","향화도항","2028-01-09 00:00","567","저조"
"SO_0565","향화도항","2028-01-09 00:00","86","고조"
"SO_0565","향화도항","2028-01-09 00:00","594","저조"
"SO_0565","향화도항","2028-01-10 00:00","513","저조"
"SO_0565","향화도항","2028-01-10 00:00","89","고조"
"SO_0565","향화도항","2028-01-10 00:00","575","저조"
"SO_0565","향화도항","2028-01-10 00:00","176","고조"
"SO_0565","향화도항","2028-01-09 00:00","140","고조"
"SO_0565","향화도항","2028-01-09 00:00","567","저조"
"SO_0565","향화도항","2028-01-09 00:00","86","고조"
"SO_0565","향화도항","2028-01-09 00:00","594","저조"
"SO_0565","향화도항","2028-01-10 00:00","513","저조"
"SO_0565","향화도항","2028-01-10 00:00","89","고조"
"SO_0565","향화도항","2028-01-10 00:00","575","저조"
"SO_0565","향화도항","2028-01-10 00:00","176","고조"
"SO_0565","향화도항","2028-01-09 00:00","140","고조"
"SO_0565","향화도항","2028-01-09 00:00","567","저조"
"SO_0565","향화도항","2028-01-09 00:00","86","고조"
"SO_0565","향화도항","2028-01-09 00:00","594","저조"
"SO_0565","향화도항","2028-01-10 00:00","513","저조"
"SO_0565","향화도항","2028-01-10 00:00","89","고조"
"SO_0565","향화도항","2028-01-10 00:00","575","저조"
"SO_0565","향화도항","2028-01-10 00:00","176","고조"
"SO_0565","향화도항","2028-01-09 00:00","140","고조"
"SO_0565","향화도항","2028-01-09 00:00","567","저조"
"SO_0565","향화도항","2028-01-09 00:00","86","고조"
"SO_0565","향화도항","2028-01-09 00:00","594","저조"
"SO_0565","향화도항","2028-01-10 00:00","513","저조"
"SO_0565","향화도항","2028-01-10 00:00","89","고조"
"SO_0565","향화도항","2028-01-10 00:00","575","저조"
"SO_0565","향화도항","2028-01-10 00:00","176","고조"
"SO_0565","향화도항","2028-01-09 00:00","140","고조"
"SO_0565","향화도항","2028-01-09 00:00","567","저조"
"SO_0565","향화도항","2028-01-09 00:00","86","고조"
"SO_0565","향화도항","2028-01-09 00:00","594","저조"
"SO_0565","향화도항","2028-01-10 00:00","513","저조"
"SO_0565","향화도항","2028-01-10 00:00","89","고조"
"SO_0565","향화도항","2028-01-10 00:00","575","저조"
"SO_0565","향화도항","2028-01-10 00:00","176","고조"
"SO_0565","향화도항","2028-01-09 00:00","140","고조"
"SO_0565","향화도항","2028-01-09 00:00","567","저조"
"SO_0565","향화도항","2028-01-09 00:00","86","고조"
"SO_0565","향화도항","2028-01-09 00:00","594","저조"
"SO_0565","향화도항","2028-01-10 00:00","513","저조"
"SO_0565","향화도항","2028-01-10 00:00","89","고조"
"SO_0565","향화도항","2028-01-10 00:00","575","저조"
"SO_0565","향화도항","2028-01-10 00:00","176","고조"
"SO_0565","향화도항","2028-01-09 00:00","140","고조"
"SO_0565","향화도항","2028-01-09 00:00","567","저조"
"SO_0565","향화도항","2028-01-09 00:00","86","고조"
"SO_0565","향화도항","2028-01-09 00:00","594","저조"
"SO_0565","향화도항","2028-01-10 00:00","513","저조"
"SO_0565","향화도항","2028-01-10 00:00","89","고조"
"SO_0565","향화도항","2028-01-10 00:00","575","저조"
"SO_0565","향화도항","2028-01-10 00:00","176","고조"
"SO_0565","향화도항","2028-01-09 00:00","567","저조"
"SO_0565","향화도항","2028-01-09 00:00","86","고조"
"SO_0565","향화도항","2028-01-09 00:00","594","저조"
"SO_0565","향화도항","2028-01-09 00:00","140","고조"
"SO_0565","향화도항","2028-01-10 00:00","176","고조"
"SO_0565","향화도항","2028-01-10 00:00","513","저조"
"SO_0565","향화도항","2028-01-10 00:00","575","저조"
"SO_0565","향화도항","2028-01-10 00:00","89","고조"
"SO_0565","향화도항","2028-01-09 00:00","567","저조"
"SO_0565","향화도항","2028-01-09 00:00","86","고조"
"SO_0565","향화도항","2028-01-09 00:00","594","저조"
"SO_0565","향화도항","2028-01-09 00:00","140","고조"
"SO_0565","향화도항","2028-01-10 00:00","176","고조"
"SO_0565","향화도항","2028-01-10 00:00","513","저조"
"SO_0565","향화도항","2028-01-10 00:00","575","저조"
"SO_0565","향화도항","2028-01-10 00:00","89","고조"
"SO_0565","향화도항","2028-01-09 00:00","567","저조"
"SO_0565","향화도항","2028-01-09 00:00","86","고조"
"SO_0565","향화도항","2028-01-09 00:00","594","저조"
"SO_0565","향화도항","2028-01-09 00:00","140","고조"
"SO_0565","향화도항","2028-01-10 00:00","176","고조"
"SO_0565","향화도항","2028-01-10 00:00","513","저조"
"SO_0565","향화도항","2028-01-10 00:00","575","저조"
"SO_0565","향화도항","2028-01-10 00:00","89","고조"
"SO_0565","향화도항","2028-01-09 00:00","567","저조"
"SO_0565","향화도항","2028-01-09 00:00","86","고조"
"SO_0565","향화도항","2028-01-09 00:00","594","저조"
"SO_0565","향화도항","2028-01-09 00:00","140","고조"
"SO_0565","향화도항","2028-01-10 00:00","176","고조"
"SO_0565","향화도항","2028-01-10 00:00","513","저조"
"SO_0565","향화도항","2028-01-10 00:00","575","저조"
"SO_0565","향화도항","2028-01-10 00:00","89","고조"
"SO_0565","향화도항","2028-01-09 00:00","567","저조"
"SO_0565","향화도항","2028-01-09 00:00","86","고조"
"SO_0565","향화도항","2028-01-09 00:00","594","저조"
"SO_0565","향화도항","2028-01-09 00:00","140","고조"
"SO_0565","향화도항","2028-01-10 00:00","176","고조"
"SO_0565","향화도항","2028-01-10 00:00","513","저조"
"SO_0565","향화도항","2028-01-10 00:00","575","저조"
"SO_0565","향화도항","2028-01-10 00:00","89","고조"
"SO_0565","향화도항","2028-01-09 00:00","567","저조"
"SO_0565","향화도항","2028-01-09 00:00","86","고조"
"SO_0565","향화도항","2028-01-09 00:00","594","저조"
"SO_0565","향화도항","2028-01-09 00:00","140","고조"
"SO_0565","향화도항","2028-01-10 00:00","176","고조"
"SO_0565","향화도항","2028-01-10 00:00","513","저조"
"SO_0565","향화도항","2028-01-10 00:00","575","저조"
"SO_0565","향화도항","2028-01-10 00:00","89","고조"
"SO_0565","향화도항","2028-01-09 00:00","567","저조"
"SO_0565","향화도항","2028-01-09 00:00","86","고조"
"SO_0565","향화도항","2028-01-09 00:00","594","저조"
"SO_0565","향화도항","2028-01-09 00:00","140","고조"
"SO_0565","향화도항","2028-01-10 00:00","176","고조"
"SO_0565","향화도항","2028-01-10 00:00","513","저조"
"SO_0565","향화도항","2028-01-10 00:00","575","저조"
"SO_0565","향화도항","2028-01-10 00:00","89","고조"
"SO_0565","향화도항","2028-01-09 00:00","567","저조"
"SO_0565","향화도항","2028-01-09 00:00","86","고조"
"SO_0565","향화도항","2028-01-09 00:00","594","저조"
"SO_0565","향화도항","2028-01-09 00:00","140","고조"
"SO_0565","향화도항","2028-01-10 00:00","176","고조"
"SO_0565","향화도항","2028-01-10 00:00","513","저조"
"SO_0565","향화도항","2028-01-10 00:00","575","저조"
"SO_0565","향화도항","2028-01-10 00:00","89","고조"
"SO_0565","향화도항","2028-01-09 00:00","567","저조"
"SO_0565","향화도항","2028-01-09 00:00","86","고조"
"SO_0565","향화도항","2028-01-09 00:00","594","저조"
"SO_0565","향화도항","2028-01-09 00:00","140","고조"
"SO_0565","향화도항","2028-01-10 00:00","176","고조"
"SO_0565","향화도항","2028-01-10 00:00","513","저조"
"SO_0565","향화도항","2028-01-10 00:00","575","저조"
"SO_0565","향화도항","2028-01-10 00:00","89","고조"
"SO_0565","향화도항","2028-01-09 00:00","567","저조"
"SO_0565","향화도항","2028-01-09 00:00","86","고조"
"SO_0565","향화도항","2028-01-09 00:00","594","저조"
"SO_0565","향화도항","2028-01-09 00:00","140","고조"
"SO_0565","향화도항","2028-01-10 00:00","176","고조"
"SO_0565","향화도항","2028-01-10 00:00","513","저조"
"SO_0565","향화도항","2028-01-10 00:00","575","저조"
"SO_0565","향화도항","2028-01-10 00:00","89","고조"
"SO_0565","향화도항","2028-01-09 00:00","567","저조"
"SO_0565","향화도항","2028-01-09 00:00","86","고조"
"SO_0565","향화도항","2028-01-09 00:00","594","저조"
"SO_0565","향화도항","2028-01-09 00:00","140","고조"
"SO_0565","향화도항","2028-01-10 00:00","176","고조"
"SO_0565","향화도항","2028-01-10 00:00","513","저조"
"SO_0565","향화도항","2028-01-10 00:00","575","저조"
"SO_0565","향화도항","2028-01-10 00:00","89","고조"
"SO_0565","향화도항","2028-01-09 00:00","567","저조"
"SO_0565","향화도항","2028-01-09 00:00","86","고조"
"SO_0565","향화도항","2028-01-09 00:00","594","저조"
"SO_0565","향화도항","2028-01-09 00:00","140","고조"
"SO_0565","향화도항","2028-01-10 00:00","176","고조"
"SO_0565","향화도항","2028-01-10 00:00","513","저조"
"SO_0565","향화도항","2028-01-10 00:00","575","저조"
"SO_0565","향화도항","2028-01-10 00:00","89","고조"
"SO_0565","향화도항","2028-01-09 00:00","567","저조"
"SO_0565","향화도항","2028-01-09 00:00","86","고조"
"SO_0565","향화도항","2028-01-09 00:00","594","저조"
"SO_0565","향화도항","2028-01-09 00:00","140","고조"
"SO_0565","향화도항","2028-01-10 00:00","176","고조"
"SO_0565","향화도항","2028-01-10 00:00","513","저조"
"SO_0565","향화도항","2028-01-10 00:00","575","저조"
"SO_0565","향화도항","2028-01-10 00:00","89","고조"
"SO_0565","향화도항","2028-01-09 00:00","567","저조"
"SO_0565","향화도항","2028-01-09 00:00","86","고조"
"SO_0565","향화도항","2028-01-09 00:00","594","저조"
"SO_0565","향화도항","2028-01-09 00:00","140","고조"
"SO_0565","향화도항","2028-01-10 00:00","176","고조"
"SO_0565","향화도항","2028-01-10 00:00","513","저조"
"SO_0565","향화도항","2028-01-10 00:00","575","저조"
"SO_0565","향화도항","2028-01-10 00:00","89","고조"
"SO_0565","향화도항","2028-01-09 00:00","567","저조"
"SO_0565","향화도항","2028-01-09 00:00","86","고조"
"SO_0565","향화도항","2028-01-09 00:00","594","저조"
"SO_0565","향화도항","2028-01-09 00:00","140","고조"
"SO_0565","향화도항","2028-01-10 00:00","176","고조"
"SO_0565","향화도항","2028-01-10 00:00","513","저조"
"SO_0565","향화도항","2028-01-10 00:00","575","저조"
"SO_0565","향화도항","2028-01-10 00:00","89","고조"
"SO_0565","향화도항","2028-01-09 00:00","567","저조"
"SO_0565","향화도항","2028-01-09 00:00","86","고조"
"SO_0565","향화도항","2028-01-09 00:00","594","저조"
"SO_0565","향화도항","2028-01-09 00:00","140","고조"
"SO_0565","향화도항","2028-01-10 00:00","176","고조"
"SO_0565","향화도항","2028-01-10 00:00","513","저조"
"SO_0565","향화도항","2028-01-10 00:00","575","저조"
"SO_0565","향화도항","2028-01-10 00:00","89","고조"
"SO_0565","향화도항","2028-01-09 00:00","567","저조"
"SO_0565","향화도항","2028-01-09 00:00","86","고조"
"SO_0565","향화도항","2028-01-09 00:00","594","저조"
"SO_0565","향화도항","2028-01-09 00:00","140","고조"
"SO_0565","향화도항","2028-01-10 00:00","176","고조"
"SO_0565","향화도항","2028-01-10 00:00","513","저조"
"SO_0565","향화도항","2028-01-10 00:00","575","저조"
"SO_0565","향화도항","2028-01-10 00:00","89","고조"
"SO_0565","향화도항","2028-01-09 00:00","567","저조"
"SO_0565","향화도항","2028-01-09 00:00","86","고조"
"SO_0565","향화도항","2028-01-09 00:00","594","저조"
"SO_0565","향화도항","2028-01-09 00:00","140","고조"
"SO_0565","향화도항","2028-01-10 00:00","176","고조"
"SO_0565","향화도항","2028-01-10 00:00","513","저조"
"SO_0565","향화도항","2028-01-10 00:00","575","저조"
"SO_0565","향화도항","2028-01-10 00:00","89","고조"
"SO_0565","향화도항","2028-01-09 00:00","567","저조"
"SO_0565","향화도항","2028-01-09 00:00","86","고조"
"SO_0565","향화도항","2028-01-09 00:00","594","저조"
"SO_0565","향화도항","2028-01-09 00:00","140","고조"
"SO_0565","향화도항","2028-01-10 00:00","176","고조"
"SO_0565","향화도항","2028-01-10 00:00","513","저조"
"SO_0565","향화도항","2028-01-10 00:00","575","저조"
"SO_0565","향화도항","2028-01-10 00:00","89","고조"
"SO_0565","향화도항","2028-01-09 00:00","567","저조"
"SO_0565","향화도항","2028-01-09 00:00","86","고조"
"SO_0565","향화도항","2028-01-09 00:00","594","저조"
"SO_0565","향화도항","2028-01-09 00:00","140","고조"
"SO_0565","향화도항","2028-01-10 00:00","176","고조"
"SO_0565","향화도항","2028-01-10 00:00","513","저조"
"SO_0565","향화도항","2028-01-10 00:00","575","저조"
"SO_0565","향화도항","2028-01-10 00:00","89","고조"
"SO_0565","향화도항","2028-01-09 00:00","567","저조"
"SO_0565","향화도항","2028-01-09 00:00","86","고조"
"SO_0565","향화도항","2028-01-09 00:00","594","저조"
"SO_0565","향화도항","2028-01-09 00:00","140","고조"
"SO_0565","향화도항","2028-01-10 00:00","176","고조"
"SO_0565","향화도항","2028-01-10 00:00","513","저조"
"SO_0565","향화도항","2028-01-10 00:00","575","저조"
"SO_0565","향화도항","2028-01-10 00:00","89","고조"
"SO_0565","향화도항","2028-01-09 00:00","567","저조"
"SO_0565","향화도항","2028-01-09 00:00","86","고조"
"SO_0565","향화도항","2028-01-09 00:00","594","저조"
"SO_0565","향화도항","2028-01-09 00:00","140","고조"
"SO_0565","향화도항","2028-01-10 00:00","176","고조"
"SO_0565","향화도항","2028-01-10 00:00","513","저조"
"SO_0565","향화도항","2028-01-10 00:00","575","저조"
"SO_0565","향화도항","2028-01-10 00:00","89","고조"
"SO_0565","향화도항","2028-01-09 00:00","567","저조"
"SO_0565","향화도항","2028-01-09 00:00","86","고조"
"SO_0565","향화도항","2028-01-09 00:00","594","저조"
"SO_0565","향화도항","2028-01-09 00:00","140","고조"
"SO_0565","향화도항","2028-01-10 00:00","176","고조"
"SO_0565","향화도항","2028-01-10 00:00","513","저조"
"SO_0565","향화도항","2028-01-10 00:00","575","저조"
"SO_0565","향화도항","2028-01-10 00:00","89","고조"
"SO_0565","향화도항","2028-01-09 00:00","567","저조"
"SO_0565","향화도항","2028-01-09 00:00","86","고조"
"SO_0565","향화도항","2028-01-09 00:00","594","저조"
"SO_0565","향화도항","2028-01-09 00:00","140","고조"
"SO_0565","향화도항","2028-01-10 00:00","176","고조"
"SO_0565","향화도항","2028-01-10 00:00","513","저조"
"SO_0565","향화도항","2028-01-10 00:00","575","저조"
"SO_0565","향화도항","2028-01-10 00:00","89","고조"
"SO_0565","향화도항","2028-01-09 00:00","567","저조"
"SO_0565","향화도항","2028-01-09 00:00","86","고조"
"SO_0565","향화도항","2028-01-09 00:00","594","저조"
"SO_0565","향화도항","2028-01-09 00:00","140","고조"
"SO_0565","향화도항","2028-01-10 00:00","176","고조"
"SO_0565","향화도항","2028-01-10 00:00","513","저조"
"SO_0565","향화도항","2028-01-10 00:00","575","저조"
"SO_0565","향화도항","2028-01-10 00:00","89","고조"
"SO_0565","향화도항","2028-01-09 00:00","567","저조"
"SO_0565","향화도항","2028-01-09 00:00","86","고조"
"SO_0565","향화도항","2028-01-09 00:00","594","저조"
"SO_0565","향화도항","2028-01-09 00:00","140","고조"
"SO_0565","향화도항","2028-01-10 00:00","176","고조"
"SO_0565","향화도항","2028-01-10 00:00","513","저조"
"SO_0565","향화도항","2028-01-10 00:00","575","저조"
"SO_0565","향화도항","2028-01-10 00:00","89","고조"
"SO_0565","향화도항","2028-01-09 00:00","567","저조"
"SO_0565","향화도항","2028-01-09 00:00","86","고조"
"SO_0565","향화도항","2028-01-09 00:00","594","저조"
"SO_0565","향화도항","2028-01-09 00:00","140","고조"
"SO_0565","향화도항","2028-01-10 00:00","176","고조"
"SO_0565","향화도항","2028-01-10 00:00","513","저조"
"SO_0565","향화도항","2028-01-10 00:00","575","저조"
"SO_0565","향화도항","2028-01-10 00:00","89","고조"
"SO_0565","향화도항","2028-01-09 00:00","567","저조"
"SO_0565","향화도항","2028-01-09 00:00","86","고조"
"SO_0565","향화도항","2028-01-09 00:00","594","저조"
"SO_0565","향화도항","2028-01-09 00:00","140","고조"
"SO_0565","향화도항","2028-01-10 00:00","176","고조"
"SO_0565","향화도항","2028-01-10 00:00","513","저조"
"SO_0565","향화도항","2028-01-10 00:00","575","저조"
"SO_0565","향화도항","2028-01-10 00:00","89","고조"
"SO_0565","향화도항","2028-01-09 00:00","567","저조"
"SO_0565","향화도항","2028-01-09 00:00","86","고조"
"SO_0565","향화도항","2028-01-09 00:00","594","저조"
"SO_0565","향화도항","2028-01-09 00:00","140","고조"
"SO_0565","향화도항","2028-01-10 00:00","176","고조"
"SO_0565","향화도항","2028-01-10 00:00","513","저조"
"SO_0565","향화도항","2028-01-10 00:00","575","저조"
"SO_0565","향화도항","2028-01-10 00:00","89","고조"
"SO_0565","향화도항","2028-01-09 00:00","567","저조"
"SO_0565","향화도항","2028-01-09 00:00","86","고조"
"SO_0565","향화도항","2028-01-09 00:00","594","저조"
"SO_0565","향화도항","2028-01-09 00:00","140","고조"
"SO_0565","향화도항","2028-01-10 00:00","176","고조"
"SO_0565","향화도항","2028-01-10 00:00","513","저조"
"SO_0565","향화도항","2028-01-10 00:00","575","저조"
"SO_0565","향화도항","2028-01-10 00:00","89","고조"
"SO_0565","향화도항","2028-01-09 00:00","567","저조"
"SO_0565","향화도항","2028-01-09 00:00","86","고조"
"SO_0565","향화도항","2028-01-09 00:00","594","저조"
"SO_0565","향화도항","2028-01-09 00:00","140","고조"
"SO_0565","향화도항","2028-01-10 00:00","176","고조"
"SO_0565","향화도항","2028-01-10 00:00","513","저조"
"SO_0565","향화도항","2028-01-10 00:00","575","저조"
"SO_0565","향화도항","2028-01-10 00:00","89","고조"
"SO_0565","향화도항","2028-01-09 00:00","567","저조"
"SO_0565","향화도항","2028-01-09 00:00","86","고조"
"SO_0565","향화도항","2028-01-09 00:00","594","저조"
"SO_0565","향화도항","2028-01-09 00:00","140","고조"
"SO_0565","향화도항","2028-01-10 00:00","176","고조"
"SO_0565","향화도항","2028-01-10 00:00","513","저조"
"SO_0565","향화도항","2028-01-10 00:00","575","저조"
"SO_0565","향화도항","2028-01-10 00:00","89","고조"
"SO_0565","향화도항","2028-01-09 00:00","567","저조"
"SO_0565","향화도항","2028-01-09 00:00","86","고조"
"SO_0565","향화도항","2028-01-09 00:00","594","저조"
"SO_0565","향화도항","2028-01-09 00:00","140","고조"
"SO_0565","향화도항","2028-01-10 00:00","176","고조"
"SO_0565","향화도항","2028-01-10 00:00","513","저조"
"SO_0565","향화도항","2028-01-10 00:00","575","저조"
"SO_0565","향화도항","2028-01-10 00:00","89","고조"
"SO_0565","향화도항","2028-01-09 00:00","567","저조"
"SO_0565","향화도항","2028-01-09 00:00","86","고조"
"SO_0565","향화도항","2028-01-09 00:00","594","저조"
"SO_0565","향화도항","2028-01-09 00:00","140","고조"
"SO_0565","향화도항","2028-01-10 00:00","176","고조"
"SO_0565","향화도항","2028-01-10 00:00","513","저조"
"SO_0565","향화도항","2028-01-10 00:00","575","저조"
"SO_0565","향화도항","2028-01-10 00:00","89","고조"
"SO_0565","향화도항","2028-01-09 00:00","567","저조"
"SO_0565","향화도항","2028-01-09 00:00","86","고조"
"SO_0565","향화도항","2028-01-09 00:00","594","저조"
"SO_0565","향화도항","2028-01-09 00:00","140","고조"
"SO_0565","향화도항","2028-01-10 00:00","176","고조"
"SO_0565","향화도항","2028-01-10 00:00","513","저조"
"SO_0565","향화도항","2028-01-10 00:00","575","저조"
"SO_0565","향화도항","2028-01-10 00:00","89","고조"
"SO_0565","향화도항","2028-01-09 00:00","567","저조"
"SO_0565","향화도항","2028-01-09 00:00","86","고조"
"SO_0565","향화도항","2028-01-09 00:00","594","저조"
"SO_0565","향화도항","2028-01-09 00:00","140","고조"
"SO_0565","향화도항","2028-01-10 00:00","176","고조"
"SO_0565","향화도항","2028-01-10 00:00","513","저조"
"SO_0565","향화도항","2028-01-10 00:00","575","저조"
"SO_0565","향화도항","2028-01-10 00:00","89","고조"
"SO_0565","향화도항","2028-01-09 00:00","567","저조"
"SO_0565","향화도항","2028-01-09 00:00","86","고조"
"SO_0565","향화도항","2028-01-09 00:00","594","저조"
"SO_0565","향화도항","2028-01-09 00:00","140","고조"
"SO_0565","향화도항","2028-01-10 00:00","176","고조"
"SO_0565","향화도항","2028-01-10 00:00","513","저조"
"SO_0565","향화도항","2028-01-10 00:00","575","저조"
"SO_0565","향화도항","2028-01-10 00:00","89","고조"
"SO_0565","향화도항","2028-01-09 00:00","567","저조"
"SO_0565","향화도항","2028-01-09 00:00","86","고조"
"SO_0565","향화도항","2028-01-09 00:00","594","저조"
"SO_0565","향화도항","2028-01-09 00:00","140","고조"
"SO_0565","향화도항","2028-01-10 00:00","176","고조"
"SO_0565","향화도항","2028-01-10 00:00","513","저조"
"SO_0565","향화도항","2028-01-10 00:00","575","저조"
"SO_0565","향화도항","2028-01-10 00:00","89","고조"
"SO_0565","향화도항","2028-01-09 00:00","567","저조"
"SO_0565","향화도항","2028-01-09 00:00","86","고조"
"SO_0565","향화도항","2028-01-09 00:00","594","저조"
"SO_0565","향화도항","2028-01-09 00:00","140","고조"
"SO_0565","향화도항","2028-01-10 00:00","176","고조"
"SO_0565","향화도항","2028-01-10 00:00","513","저조"
"SO_0565","향화도항","2028-01-10 00:00","575","저조"
"SO_0565","향화도항","2028-01-10 00:00","89","고조"
"SO_0565","향화도항","2028-01-09 00:00","567","저조"
"SO_0565","향화도항","2028-01-09 00:00","86","고조"
"SO_0565","향화도항","2028-01-09 00:00","594","저조"
"SO_0565","향화도항","2028-01-09 00:00","140","고조"
"SO_0565","향화도항","2028-01-10 00:00","176","고조"
"SO_0565","향화도항","2028-01-10 00:00","513","저조"
"SO_0565","향화도항","2028-01-10 00:00","575","저조"
"SO_0565","향화도항","2028-01-10 00:00","89","고조"
"SO_0565","향화도항","2028-01-09 00:00","567","저조"
"SO_0565","향화도항","2028-01-09 00:00","86","고조"
"SO_0565","향화도항","2028-01-09 00:00","594","저조"
"SO_0565","향화도항","2028-01-09 00:00","140","고조"
"SO_0565","향화도항","2028-01-10 00:00","176","고조"
"SO_0565","향화도항","2028-01-10 00:00","513","저조"
"SO_0565","향화도항","2028-01-10 00:00","575","저조"
"SO_0565","향화도항","2028-01-10 00:00","89","고조"
"SO_0565","향화도항","2028-01-09 00:00","567","저조"
"SO_0565","향화도항","2028-01-09 00:00","86","고조"
"SO_0565","향화도항","2028-01-09 00:00","594","저조"
"SO_0565","향화도항","2028-01-09 00:00","140","고조"
"SO_0565","향화도항","2028-01-10 00:00","176","고조"
"SO_0565","향화도항","2028-01-10 00:00","513","저조"
"SO_0565","향화도항","2028-01-10 00:00","575","저조"
"SO_0565","향화도항","2028-01-10 00:00","89","고조"
"SO_0565","향화도항","2028-01-09 00:00","567","저조"
"SO_0565","향화도항","2028-01-09 00:00","86","고조"
"SO_0565","향화도항","2028-01-09 00:00","594","저조"
"SO_0565","향화도항","2028-01-09 00:00","140","고조"
"SO_0565","향화도항","2028-01-10 00:00","176","고조"
"SO_0565","향화도항","2028-01-10 00:00","513","저조"
"SO_0565","향화도항","2028-01-10 00:00","575","저조"
"SO_0565","향화도항","2028-01-10 00:00","89","고조"
"SO_0565","향화도항","2028-01-09 00:00","567","저조"
"SO_0565","향화도항","2028-01-09 00:00","86","고조"
"SO_0565","향화도항","2028-01-09 00:00","594","저조"
"SO_0565","향화도항","2028-01-09 00:00","140","고조"
"SO_0565","향화도항","2028-01-10 00:00","176","고조"
"SO_0565","향화도항","2028-01-10 00:00","513","저조"
"SO_0565","향화도항","2028-01-10 00:00","575","저조"
"SO_0565","향화도항","2028-01-10 00:00","89","고조"
"SO_0565","향화도항","2028-01-09 00:00","567","저조"
"SO_0565","향화도항","2028-01-09 00:00","86","고조"
"SO_0565","향화도항","2028-01-09 00:00","594","저조"
"SO_0565","향화도항","2028-01-09 00:00","140","고조"
"SO_0565","향화도항","2028-01-10 00:00","176","고조"
"SO_0565","향화도항","2028-01-10 00:00","513","저조"
"SO_0565","향화도항","2028-01-10 00:00","575","저조"
"SO_0565","향화도항","2028-01-10 00:00","89","고조"
"SO_0565","향화도항","2028-01-09 00:00","567","저조"
"SO_0565","향화도항","2028-01-09 00:00","86","고조"
"SO_0565","향화도항","2028-01-09 00:00","594","저조"
"SO_0565","향화도항","2028-01-09 00:00","140","고조"
"SO_0565","향화도항","2028-01-10 00:00","176","고조"
"SO_0565","향화도항","2028-01-10 00:00","513","저조"
"SO_0565","향화도항","2028-01-10 00:00","575","저조"
"SO_0565","향화도항","2028-01-10 00:00","89","고조"
"SO_0565","향화도항","2028-01-09 00:00","567","저조"
"SO_0565","향화도항","2028-01-09 00:00","86","고조"
"SO_0565","향화도항","2028-01-09 00:00","594","저조"
"SO_0565","향화도항","2028-01-09 00:00","140","고조"
"SO_0565","향화도항","2028-01-10 00:00","176","고조"
"SO_0565","향화도항","2028-01-10 00:00","513","저조"
"SO_0565","향화도항","2028-01-10 00:00","575","저조"
"SO_0565","향화도항","2028-01-10 00:00","89","고조"
"SO_0565","향화도항","2028-01-09 00:00","567","저조"
"SO_0565","향화도항","2028-01-09 00:00","86","고조"
"SO_0565","향화도항","2028-01-09 00:00","594","저조"
"SO_0565","향화도항","2028-01-09 00:00","140","고조"
"SO_0565","향화도항","2028-01-10 00:00","176","고조"
"SO_0565","향화도항","2028-01-10 00:00","513","저조"
"SO_0565","향화도항","2028-01-10 00:00","575","저조"
"SO_0565","향화도항","2028-01-10 00:00","89","고조"
"SO_0565","향화도항","2028-01-09 00:00","567","저조"
"SO_0565","향화도항","2028-01-09 00:00","86","고조"
"SO_0565","향화도항","2028-01-09 00:00","594","저조"
"SO_0565","향화도항","2028-01-09 00:00","140","고조"
"SO_0565","향화도항","2028-01-10 00:00","176","고조"
"SO_0565","향화도항","2028-01-10 00:00","513","저조"
"SO_0565","향화도항","2028-01-10 00:00","575","저조"
"SO_0565","향화도항","2028-01-10 00:00","89","고조"
"SO_0565","향화도항","2028-01-09 00:00","567","저조"
"SO_0565","향화도항","2028-01-09 00:00","86","고조"
"SO_0565","향화도항","2028-01-09 00:00","594","저조"
"SO_0565","향화도항","2028-01-09 00:00","140","고조"
"SO_0565","향화도항","2028-01-10 00:00","176","고조"
"SO_0565","향화도항","2028-01-10 00:00","513","저조"
"SO_0565","향화도항","2028-01-10 00:00","575","저조"
"SO_0565","향화도항","2028-01-10 00:00","89","고조"
"SO_0565","향화도항","2028-01-09 00:00","567","저조"
"SO_0565","향화도항","2028-01-09 00:00","86","고조"
"SO_0565","향화도항","2028-01-09 00:00","594","저조"
"SO_0565","향화도항","2028-01-09 00:00","140","고조"
"SO_0565","향화도항","2028-01-10 00:00","176","고조"
"SO_0565","향화도항","2028-01-10 00:00","513","저조"
"SO_0565","향화도항","2028-01-10 00:00","575","저조"
"SO_0565","향화도항","2028-01-10 00:00","89","고조"
"SO_0565","향화도항","2028-01-09 00:00","567","저조"
"SO_0565","향화도항","2028-01-09 00:00","86","고조"
"SO_0565","향화도항","2028-01-09 00:00","594","저조"
"SO_0565","향화도항","2028-01-09 00:00","140","고조"
"SO_0565","향화도항","2028-01-10 00:00","176","고조"
"SO_0565","향화도항","2028-01-10 00:00","513","저조"
"SO_0565","향화도항","2028-01-10 00:00","575","저조"
"SO_0565","향화도항","2028-01-10 00:00","89","고조"
"SO_0565","향화도항","2028-01-09 00:00","567","저조"
"SO_0565","향화도항","2028-01-09 00:00","86","고조"
"SO_0565","향화도항","2028-01-09 00:00","594","저조"
"SO_0565","향화도항","2028-01-09 00:00","140","고조"
"SO_0565","향화도항","2028-01-10 00:00","176","고조"
"SO_0565","향화도항","2028-01-10 00:00","513","저조"
"SO_0565","향화도항","2028-01-10 00:00","575","저조"
"SO_0565","향화도항","2028-01-10 00:00","89","고조"
"SO_0565","향화도항","2028-01-09 00:00","567","저조"
"SO_0565","향화도항","2028-01-09 00:00","86","고조"
"SO_0565","향화도항","2028-01-09 00:00","594","저조"
"SO_0565","향화도항","2028-01-09 00:00","140","고조"
"SO_0565","향화도항","2028-01-10 00:00","176","고조"
"SO_0565","향화도항","2028-01-10 00:00","513","저조"
"SO_0565","향화도항","2028-01-10 00:00","575","저조"
"SO_0565","향화도항","2028-01-10 00:00","89","고조"
"SO_0565","향화도항","2028-01-09 00:00","567","저조"
"SO_0565","향화도항","2028-01-09 00:00","86","고조"
"SO_0565","향화도항","2028-01-09 00:00","594","저조"
"SO_0565","향화도항","2028-01-09 00:00","140","고조"
"SO_0565","향화도항","2028-01-10 00:00","176","고조"
"SO_0565","향화도항","2028-01-10 00:00","513","저조"
"SO_0565","향화도항","2028-01-10 00:00","575","저조"
"SO_0565","향화도항","2028-01-10 00:00","89","고조"
"SO_0565","향화도항","2028-01-09 00:00","567","저조"
"SO_0565","향화도항","2028-01-09 00:00","86","고조"
"SO_0565","향화도항","2028-01-09 00:00","594","저조"
"SO_0565","향화도항","2028-01-09 00:00","140","고조"
"SO_0565","향화도항","2028-01-10 00:00","176","고조"
"SO_0565","향화도항","2028-01-10 00:00","513","저조"
"SO_0565","향화도항","2028-01-10 00:00","575","저조"
"SO_0565","향화도항","2028-01-10 00:00","89","고조"
"SO_0565","향화도항","2028-01-09 00:00","567","저조"
"SO_0565","향화도항","2028-01-09 00:00","86","고조"
"SO_0565","향화도항","2028-01-09 00:00","594","저조"
"SO_0565","향화도항","2028-01-09 00:00","140","고조"
"SO_0565","향화도항","2028-01-10 00:00","176","고조"
"SO_0565","향화도항","2028-01-10 00:00","513","저조"
"SO_0565","향화도항","2028-01-10 00:00","575","저조"
"SO_0565","향화도항","2028-01-10 00:00","89","고조"
"SO_0565","향화도항","2028-01-09 00:00","567","저조"
"SO_0565","향화도항","2028-01-09 00:00","86","고조"
"SO_0565","향화도항","2028-01-09 00:00","594","저조"
"SO_0565","향화도항","2028-01-09 00:00","140","고조"
"SO_0565","향화도항","2028-01-10 00:00","176","고조"
"SO_0565","향화도항","2028-01-10 00:00","513","저조"
"SO_0565","향화도항","2028-01-10 00:00","575","저조"
"SO_0565","향화도항","2028-01-10 00:00","89","고조"
"SO_0565","향화도항","2028-01-09 00:00","567","저조"
"SO_0565","향화도항","2028-01-09 00:00","86","고조"
"SO_0565","향화도항","2028-01-09 00:00","594","저조"
"SO_0565","향화도항","2028-01-09 00:00","140","고조"
"SO_0565","향화도항","2028-01-10 00:00","176","고조"
"SO_0565","향화도항","2028-01-10 00:00","513","저조"
"SO_0565","향화도항","2028-01-10 00:00","575","저조"
"SO_0565","향화도항","2028-01-10 00:00","89","고조"
"SO_0565","향화도항","2028-01-09 00:00","567","저조"
"SO_0565","향화도항","2028-01-09 00:00","86","고조"
"SO_0565","향화도항","2028-01-09 00:00","594","저조"
"SO_0565","향화도항","2028-01-09 00:00","140","고조"
"SO_0565","향화도항","2028-01-10 00:00","176","고조"
"SO_0565","향화도항","2028-01-10 00:00","513","저조"
"SO_0565","향화도항","2028-01-10 00:00","575","저조"
"SO_0565","향화도항","2028-01-10 00:00","89","고조"
"SO_0565","향화도항","2028-01-09 00:00","567","저조"
"SO_0565","향화도항","2028-01-09 00:00","86","고조"
"SO_0565","향화도항","2028-01-09 00:00","594","저조"
"SO_0565","향화도항","2028-01-09 00:00","140","고조"
"SO_0565","향화도항","2028-01-10 00:00","176","고조"
"SO_0565","향화도항","2028-01-10 00:00","513","저조"
"SO_0565","향화도항","2028-01-10 00:00","575","저조"
"SO_0565","향화도항","2028-01-10 00:00","89","고조"
"SO_0565","향화도항","2028-01-09 00:00","567","저조"
"SO_0565","향화도항","2028-01-09 00:00","86","고조"
"SO_0565","향화도항","2028-01-09 00:00","594","저조"
"SO_0565","향화도항","2028-01-09 00:00","140","고조"
"SO_0565","향화도항","2028-01-10 00:00","176","고조"
"SO_0565","향화도항","2028-01-10 00:00","513","저조"
"SO_0565","향화도항","2028-01-10 00:00","575","저조"
"SO_0565","향화도항","2028-01-10 00:00","89","고조"
"SO_0565","향화도항","2028-01-09 00:00","567","저조"
"SO_0565","향화도항","2028-01-09 00:00","86","고조"
"SO_0565","향화도항","2028-01-09 00:00","594","저조"
"SO_0565","향화도항","2028-01-09 00:00","140","고조"
"SO_0565","향화도항","2028-01-10 00:00","176","고조"
"SO_0565","향화도항","2028-01-10 00:00","513","저조"
"SO_0565","향화도항","2028-01-10 00:00","575","저조"
"SO_0565","향화도항","2028-01-10 00:00","89","고조"
"SO_0565","향화도항","2028-01-09 00:00","567","저조"
"SO_0565","향화도항","2028-01-09 00:00","86","고조"
"SO_0565","향화도항","2028-01-09 00:00","594","저조"
"SO_0565","향화도항","2028-01-09 00:00","140","고조"
"SO_0565","향화도항","2028-01-10 00:00","176","고조"
"SO_0565","향화도항","2028-01-10 00:00","513","저조"
"SO_0565","향화도항","2028-01-10 00:00","575","저조"
"SO_0565","향화도항","2028-01-10 00:00","89","고조"
"SO_0565","향화도항","2028-01-09 00:00","567","저조"
"SO_0565","향화도항","2028-01-09 00:00","86","고조"
"SO_0565","향화도항","2028-01-09 00:00","594","저조"
"SO_0565","향화도항","2028-01-09 00:00","140","고조"
"SO_0565","향화도항","2028-01-10 00:00","176","고조"
"SO_0565","향화도항","2028-01-10 00:00","513","저조"
"SO_0565","향화도항","2028-01-10 00:00","575","저조"
"SO_0565","향화도항","2028-01-10 00:00","89","고조"
"SO_0565","향화도항","2028-01-09 00:00","567","저조"
"SO_0565","향화도항","2028-01-09 00:00","86","고조"
"SO_0565","향화도항","2028-01-09 00:00","594","저조"
"SO_0565","향화도항","2028-01-09 00:00","140","고조"
"SO_0565","향화도항","2028-01-10 00:00","176","고조"
"SO_0565","향화도항","2028-01-10 00:00","513","저조"
"SO_0565","향화도항","2028-01-10 00:00","575","저조"
"SO_0565","향화도항","2028-01-10 00:00","89","고조"
"SO_0565","향화도항","2028-01-09 00:00","567","저조"
"SO_0565","향화도항","2028-01-09 00:00","86","고조"
"SO_0565","향화도항","2028-01-09 00:00","594","저조"
"SO_0565","향화도항","2028-01-09 00:00","140","고조"
"SO_0565","향화도항","2028-01-10 00:00","176","고조"
"SO_0565","향화도항","2028-01-10 00:00","513","저조"
"SO_0565","향화도항","2028-01-10 00:00","575","저조"
"SO_0565","향화도항","2028-01-10 00:00","89","고조"
"SO_0565","향화도항","2028-01-09 00:00","567","저조"
"SO_0565","향화도항","2028-01-09 00:00","86","고조"
"SO_0565","향화도항","2028-01-09 00:00","594","저조"
"SO_0565","향화도항","2028-01-09 00:00","140","고조"
"SO_0565","향화도항","2028-01-10 00:00","176","고조"
"SO_0565","향화도항","2028-01-10 00:00","513","저조"
"SO_0565","향화도항","2028-01-10 00:00","575","저조"
"SO_0565","향화도항","2028-01-10 00:00","89","고조"
"SO_0565","향화도항","2028-01-09 00:00","567","저조"
"SO_0565","향화도항","2028-01-09 00:00","86","고조"
"SO_0565","향화도항","2028-01-09 00:00","594","저조"
"SO_0565","향화도항","2028-01-09 00:00","140","고조"
"SO_0565","향화도항","2028-01-10 00:00","176","고조"
"SO_0565","향화도항","2028-01-10 00:00","513","저조"
"SO_0565","향화도항","2028-01-10 00:00","575","저조"
"SO_0565","향화도항","2028-01-10 00:00","89","고조"
"SO_0565","향화도항","2028-01-09 00:00","567","저조"
"SO_0565","향화도항","2028-01-09 00:00","86","고조"
"SO_0565","향화도항","2028-01-09 00:00","594","저조"
"SO_0565","향화도항","2028-01-09 00:00","140","고조"
"SO_0565","향화도항","2028-01-10 00:00","176","고조"
"SO_0565","향화도항","2028-01-10 00:00","513","저조"
"SO_0565","향화도항","2028-01-10 00:00","575","저조"
"SO_0565","향화도항","2028-01-10 00:00","89","고조"
"SO_0565","향화도항","2028-01-09 00:00","567","저조"
"SO_0565","향화도항","2028-01-09 00:00","86","고조"
"SO_0565","향화도항","2028-01-09 00:00","594","저조"
"SO_0565","향화도항","2028-01-09 00:00","140","고조"
"SO_0565","향화도항","2028-01-10 00:00","176","고조"
"SO_0565","향화도항","2028-01-10 00:00","513","저조"
"SO_0565","향화도항","2028-01-10 00:00","575","저조"
"SO_0565","향화도항","2028-01-10 00:00","89","고조"
"SO_0565","향화도항","2028-01-09 00:00","567","저조"
"SO_0565","향화도항","2028-01-09 00:00","86","고조"
"SO_0565","향화도항","2028-01-09 00:00","594","저조"
"SO_0565","향화도항","2028-01-09 00:00","140","고조"
"SO_0565","향화도항","2028-01-10 00:00","176","고조"
"SO_0565","향화도항","2028-01-10 00:00","513","저조"
"SO_0565","향화도항","2028-01-10 00:00","575","저조"
"SO_0565","향화도항","2028-01-10 00:00","89","고조"
"SO_0565","향화도항","2028-01-09 00:00","567","저조"
"SO_0565","향화도항","2028-01-09 00:00","86","고조"
"SO_0565","향화도항","2028-01-09 00:00","594","저조"
"SO_0565","향화도항","2028-01-09 00:00","140","고조"
"SO_0565","향화도항","2028-01-10 00:00","176","고조"
"SO_0565","향화도항","2028-01-10 00:00","513","저조"
"SO_0565","향화도항","2028-01-10 00:00","575","저조"
"SO_0565","향화도항","2028-01-10 00:00","89","고조"
"SO_0565","향화도항","2028-01-09 00:00","567","저조"
"SO_0565","향화도항","2028-01-09 00:00","86","고조"
"SO_0565","향화도항","2028-01-09 00:00","594","저조"
"SO_0565","향화도항","2028-01-09 00:00","140","고조"
"SO_0565","향화도항","2028-01-10 00:00","176","고조"
"SO_0565","향화도항","2028-01-10 00:00","513","저조"
"SO_0565","향화도항","2028-01-10 00:00","575","저조"
"SO_0565","향화도항","2028-01-10 00:00","89","고조"
"SO_0565","향화도항","2028-01-09 00:00","567","저조"
"SO_0565","향화도항","2028-01-09 00:00","86","고조"
"SO_0565","향화도항","2028-01-09 00:00","594","저조"
"SO_0565","향화도항","2028-01-09 00:00","140","고조"
"SO_0565","향화도항","2028-01-10 00:00","176","고조"
"SO_0565","향화도항","2028-01-10 00:00","513","저조"
"SO_0565","향화도항","2028-01-10 00:00","575","저조"
"SO_0565","향화도항","2028-01-10 00:00","89","고조"
"SO_0565","향화도항","2028-01-09 00:00","567","저조"
"SO_0565","향화도항","2028-01-09 00:00","86","고조"
"SO_0565","향화도항","2028-01-09 00:00","594","저조"
"SO_0565","향화도항","2028-01-09 00:00","140","고조"
"SO_0565","향화도항","2028-01-10 00:00","176","고조"
"SO_0565","향화도항","2028-01-10 00:00","513","저조"
"SO_0565","향화도항","2028-01-10 00:00","575","저조"
"SO_0565","향화도항","2028-01-10 00:00","89","고조"
"SO_0565","향화도항","2028-01-09 00:00","567","저조"
"SO_0565","향화도항","2028-01-09 00:00","86","고조"
"SO_0565","향화도항","2028-01-09 00:00","594","저조"
"SO_0565","향화도항","2028-01-09 00:00","140","고조"
"SO_0565","향화도항","2028-01-10 00:00","176","고조"
"SO_0565","향화도항","2028-01-10 00:00","513","저조"
"SO_0565","향화도항","2028-01-10 00:00","575","저조"
"SO_0565","향화도항","2028-01-10 00:00","89","고조"
"SO_0565","향화도항","2028-01-09 00:00","567","저조"
"SO_0565","향화도항","2028-01-09 00:00","86","고조"
"SO_0565","향화도항","2028-01-09 00:00","594","저조"
"SO_0565","향화도항","2028-01-09 00:00","140","고조"
"SO_0565","향화도항","2028-01-10 00:00","176","고조"
"SO_0565","향화도항","2028-01-10 00:00","513","저조"
"SO_0565","향화도항","2028-01-10 00:00","575","저조"
"SO_0565","향화도항","2028-01-10 00:00","89","고조"
"SO_0565","향화도항","2028-01-09 00:00","567","저조"
"SO_0565","향화도항","2028-01-09 00:00","86","고조"
"SO_0565","향화도항","2028-01-09 00:00","594","저조"
"SO_0565","향화도항","2028-01-09 00:00","140","고조"
"SO_0565","향화도항","2028-01-10 00:00","176","고조"
"SO_0565","향화도항","2028-01-10 00:00","513","저조"
"SO_0565","향화도항","2028-01-10 00:00","575","저조"
"SO_0565","향화도항","2028-01-10 00:00","89","고조"
"SO_0565","향화도항","2028-01-09 00:00","567","저조"
"SO_0565","향화도항","2028-01-09 00:00","86","고조"
"SO_0565","향화도항","2028-01-09 00:00","594","저조"
"SO_0565","향화도항","2028-01-09 00:00","140","고조"
"SO_0565","향화도항","2028-01-10 00:00","176","고조"
"SO_0565","향화도항","2028-01-10 00:00","513","저조"
"SO_0565","향화도항","2028-01-10 00:00","575","저조"
"SO_0565","향화도항","2028-01-10 00:00","89","고조"
"SO_0565","향화도항","2028-01-09 00:00","567","저조"
"SO_0565","향화도항","2028-01-09 00:00","86","고조"
"SO_0565","향화도항","2028-01-09 00:00","594","저조"
"SO_0565","향화도항","2028-01-09 00:00","140","고조"
"SO_0565","향화도항","2028-01-10 00:00","176","고조"
"SO_0565","향화도항","2028-01-10 00:00","513","저조"
"SO_0565","향화도항","2028-01-10 00:00","575","저조"
"SO_0565","향화도항","2028-01-10 00:00","89","고조"
"SO_0565","향화도항","2028-01-09 00:00","567","저조"
"SO_0565","향화도항","2028-01-09 00:00","86","고조"
"SO_0565","향화도항","2028-01-09 00:00","594","저조"
"SO_0565","향화도항","2028-01-09 00:00","140","고조"
"SO_0565","향화도항","2028-01-10 00:00","176","고조"
"SO_0565","향화도항","2028-01-10 00:00","513","저조"
"SO_0565","향화도항","2028-01-10 00:00","575","저조"
"SO_0565","향화도항","2028-01-10 00:00","89","고조"
"SO_0565","향화도항","2028-01-09 00:00","567","저조"
"SO_0565","향화도항","2028-01-09 00:00","86","고조"
"SO_0565","향화도항","2028-01-09 00:00","594","저조"
"SO_0565","향화도항","2028-01-09 00:00","140","고조"
"SO_0565","향화도항","2028-01-10 00:00","176","고조"
"SO_0565","향화도항","2028-01-10 00:00","513","저조"
"SO_0565","향화도항","2028-01-10 00:00","575","저조"
"SO_0565","향화도항","2028-01-10 00:00","89","고조"
"SO_0565","향화도항","2028-01-09 00:00","567","저조"
"SO_0565","향화도항","2028-01-09 00:00","86","고조"
"SO_0565","향화도항","2028-01-09 00:00","594","저조"
"SO_0565","향화도항","2028-01-09 00:00","140","고조"
"SO_0565","향화도항","2028-01-10 00:00","176","고조"
"SO_0565","향화도항","2028-01-10 00:00","513","저조"
"SO_0565","향화도항","2028-01-10 00:00","575","저조"
"SO_0565","향화도항","2028-01-10 00:00","89","고조"
"SO_0565","향화도항","2028-01-09 00:00","567","저조"
"SO_0565","향화도항","2028-01-09 00:00","86","고조"
"SO_0565","향화도항","2028-01-09 00:00","594","저조"
"SO_0565","향화도항","2028-01-09 00:00","140","고조"
"SO_0565","향화도항","2028-01-10 00:00","176","고조"
"SO_0565","향화도항","2028-01-10 00:00","513","저조"
"SO_0565","향화도항","2028-01-10 00:00","575","저조"
"SO_0565","향화도항","2028-01-10 00:00","89","고조"
"SO_0565","향화도항","2028-01-09 00:00","567","저조"
"SO_0565","향화도항","2028-01-09 00:00","86","고조"
"SO_0565","향화도항","2028-01-09 00:00","594","저조"
"SO_0565","향화도항","2028-01-09 00:00","140","고조"
"SO_0565","향화도항","2028-01-10 00:00","176","고조"
"SO_0565","향화도항","2028-01-10 00:00","513","저조"
"SO_0565","향화도항","2028-01-10 00:00","575","저조"
"SO_0565","향화도항","2028-01-10 00:00","89","고조"
"SO_0565","향화도항","2028-01-09 00:00","567","저조"
"SO_0565","향화도항","2028-01-09 00:00","86","고조"
"SO_0565","향화도항","2028-01-09 00:00","594","저조"
"SO_0565","향화도항","2028-01-09 00:00","140","고조"
"SO_0565","향화도항","2028-01-10 00:00","176","고조"
"SO_0565","향화도항","2028-01-10 00:00","513","저조"
"SO_0565","향화도항","2028-01-10 00:00","575","저조"
"SO_0565","향화도항","2028-01-10 00:00","89","고조"
"SO_0565","향화도항","2028-01-09 00:00","567","저조"
"SO_0565","향화도항","2028-01-09 00:00","86","고조"
"SO_0565","향화도항","2028-01-09 00:00","594","저조"
"SO_0565","향화도항","2028-01-09 00:00","140","고조"
"SO_0565","향화도항","2028-01-10 00:00","176","고조"
"SO_0565","향화도항","2028-01-10 00:00","513","저조"
"SO_0565","향화도항","2028-01-10 00:00","575","저조"
"SO_0565","향화도항","2028-01-10 00:00","89","고조"
"SO_0565","향화도항","2028-01-09 00:00","567","저조"
"SO_0565","향화도항","2028-01-09 00:00","86","고조"
"SO_0565","향화도항","2028-01-09 00:00","594","저조"
"SO_0565","향화도항","2028-01-09 00:00","140","고조"
"SO_0565","향화도항","2028-01-10 00:00","176","고조"
"SO_0565","향화도항","2028-01-10 00:00","513","저조"
"SO_0565","향화도항","2028-01-10 00:00","575","저조"
"SO_0565","향화도항","2028-01-10 00:00","89","고조"
"SO_0565","향화도항","2028-01-09 00:00","567","저조"
"SO_0565","향화도항","2028-01-09 00:00","86","고조"
"SO_0565","향화도항","2028-01-09 00:00","594","저조"
"SO_0565","향화도항","2028-01-09 00:00","140","고조"
"SO_0565","향화도항","2028-01-10 00:00","176","고조"
"SO_0565","향화도항","2028-01-10 00:00","513","저조"
"SO_0565","향화도항","2028-01-10 00:00","575","저조"
"SO_0565","향화도항","2028-01-10 00:00","89","고조"
"SO_0565","향화도항","2028-01-09 00:00","567","저조"
"SO_0565","향화도항","2028-01-09 00:00","86","고조"
"SO_0565","향화도항","2028-01-09 00:00","594","저조"
"SO_0565","향화도항","2028-01-09 00:00","140","고조"
"SO_0565","향화도항","2028-01-10 00:00","176","고조"
"SO_0565","향화도항","2028-01-10 00:00","513","저조"
"SO_0565","향화도항","2028-01-10 00:00","575","저조"
"SO_0565","향화도항","2028-01-10 00:00","89","고조"
"SO_0565","향화도항","2028-01-09 00:00","567","저조"
"SO_0565","향화도항","2028-01-09 00:00","86","고조"
"SO_0565","향화도항","2028-01-09 00:00","594","저조"
"SO_0565","향화도항","2028-01-09 00:00","140","고조"
"SO_0565","향화도항","2028-01-10 00:00","176","고조"
"SO_0565","향화도항","2028-01-10 00:00","513","저조"
"SO_0565","향화도항","2028-01-10 00:00","575","저조"
"SO_0565","향화도항","2028-01-10 00:00","89","고조"
"SO_0565","향화도항","2028-01-09 00:00","567","저조"
"SO_0565","향화도항","2028-01-09 00:00","86","고조"
"SO_0565","향화도항","2028-01-09 00:00","594","저조"
"SO_0565","향화도항","2028-01-09 00:00","140","고조"
"SO_0565","향화도항","2028-01-10 00:00","176","고조"
"SO_0565","향화도항","2028-01-10 00:00","513","저조"
"SO_0565","향화도항","2028-01-10 00:00","575","저조"
"SO_0565","향화도항","2028-01-10 00:00","89","고조"
"SO_0565","향화도항","2028-01-09 00:00","567","저조"
"SO_0565","향화도항","2028-01-09 00:00","86","고조"
"SO_0565","향화도항","2028-01-09 00:00","594","저조"
"SO_0565","향화도항","2028-01-09 00:00","140","고조"
"SO_0565","향화도항","2028-01-10 00:00","176","고조"
"SO_0565","향화도항","2028-01-10 00:00","513","저조"
"SO_0565","향화도항","2028-01-10 00:00","575","저조"
"SO_0565","향화도항","2028-01-10 00:00","89","고조"
"SO_0565","향화도항","2028-01-09 00:00","567","저조"
"SO_0565","향화도항","2028-01-09 00:00","86","고조"
"SO_0565","향화도항","2028-01-09 00:00","594","저조"
"SO_0565","향화도항","2028-01-09 00:00","140","고조"
"SO_0565","향화도항","2028-01-10 00:00","176","고조"
"SO_0565","향화도항","2028-01-10 00:00","513","저조"
"SO_0565","향화도항","2028-01-10 00:00","575","저조"
"SO_0565","향화도항","2028-01-10 00:00","89","고조"
"SO_0565","향화도항","2028-01-09 00:00","567","저조"
"SO_0565","향화도항","2028-01-09 00:00","86","고조"
"SO_0565","향화도항","2028-01-09 00:00","594","저조"
"SO_0565","향화도항","2028-01-09 00:00","140","고조"
"SO_0565","향화도항","2028-01-10 00:00","176","고조"
"SO_0565","향화도항","2028-01-10 00:00","513","저조"
"SO_0565","향화도항","2028-01-10 00:00","575","저조"
"SO_0565","향화도항","2028-01-10 00:00","89","고조"
"SO_0565","향화도항","2028-01-09 00:00","567","저조"
"SO_0565","향화도항","2028-01-09 00:00","86","고조"
"SO_0565","향화도항","2028-01-09 00:00","594","저조"
"SO_0565","향화도항","2028-01-09 00:00","140","고조"
"SO_0565","향화도항","2028-01-10 00:00","176","고조"
"SO_0565","향화도항","2028-01-10 00:00","513","저조"
"SO_0565","향화도항","2028-01-10 00:00","575","저조"
"SO_0565","향화도항","2028-01-10 00:00","89","고조"
"SO_0565","향화도항","2028-01-09 00:00","567","저조"
"SO_0565","향화도항","2028-01-09 00:00","86","고조"
"SO_0565","향화도항","2028-01-09 00:00","594","저조"
"SO_0565","향화도항","2028-01-09 00:00","140","고조"
"SO_0565","향화도항","2028-01-10 00:00","176","고조"
"SO_0565","향화도항","2028-01-10 00:00","513","저조"
"SO_0565","향화도항","2028-01-10 00:00","575","저조"
"SO_0565","향화도항","2028-01-10 00:00","89","고조"
"SO_0565","향화도항","2028-01-09 00:00","567","저조"
"SO_0565","향화도항","2028-01-09 00:00","86","고조"
"SO_0565","향화도항","2028-01-09 00:00","594","저조"
"SO_0565","향화도항","2028-01-09 00:00","140","고조"
"SO_0565","향화도항","2028-01-10 00:00","176","고조"
"SO_0565","향화도항","2028-01-10 00:00","513","저조"
"SO_0565","향화도항","2028-01-10 00:00","575","저조"
"SO_0565","향화도항","2028-01-10 00:00","89","고조"
"SO_0565","향화도항","2028-01-09 00:00","567","저조"
"SO_0565","향화도항","2028-01-09 00:00","86","고조"
"SO_0565","향화도항","2028-01-09 00:00","594","저조"
"SO_0565","향화도항","2028-01-09 00:00","140","고조"
"SO_0565","향화도항","2028-01-10 00:00","176","고조"
"SO_0565","향화도항","2028-01-10 00:00","513","저조"
"SO_0565","향화도항","2028-01-10 00:00","575","저조"
"SO_0565","향화도항","2028-01-10 00:00","89","고조"
"SO_0565","향화도항","2028-01-09 00:00","567","저조"
"SO_0565","향화도항","2028-01-09 00:00","86","고조"
"SO_0565","향화도항","2028-01-09 00:00","594","저조"
"SO_0565","향화도항","2028-01-09 00:00","140","고조"
"SO_0565","향화도항","2028-01-10 00:00","176","고조"
"SO_0565","향화도항","2028-01-10 00:00","513","저조"
"SO_0565","향화도항","2028-01-10 00:00","575","저조"
"SO_0565","향화도항","2028-01-10 00:00","89","고조"
"SO_0565","향화도항","2028-01-09 00:00","567","저조"
"SO_0565","향화도항","2028-01-09 00:00","86","고조"
"SO_0565","향화도항","2028-01-09 00:00","594","저조"
"SO_0565","향화도항","2028-01-09 00:00","140","고조"
"SO_0565","향화도항","2028-01-10 00:00","176","고조"
"SO_0565","향화도항","2028-01-10 00:00","513","저조"
"SO_0565","향화도항","2028-01-10 00:00","575","저조"
"SO_0565","향화도항","2028-01-10 00:00","89","고조"
"SO_0565","향화도항","2028-01-09 00:00","567","저조"
"SO_0565","향화도항","2028-01-09 00:00","86","고조"
"SO_0565","향화도항","2028-01-09 00:00","594","저조"
"SO_0565","향화도항","2028-01-09 00:00","140","고조"
"SO_0565","향화도항","2028-01-10 00:00","176","고조"
"SO_0565","향화도항","2028-01-10 00:00","513","저조"
"SO_0565","향화도항","2028-01-10 00:00","575","저조"
"SO_0565","향화도항","2028-01-10 00:00","89","고조"
"SO_0565","향화도항","2028-01-09 00:00","567","저조"
"SO_0565","향화도항","2028-01-09 00:00","86","고조"
"SO_0565","향화도항","2028-01-09 00:00","594","저조"
"SO_0565","향화도항","2028-01-09 00:00","140","고조"
"SO_0565","향화도항","2028-01-10 00:00","176","고조"
"SO_0565","향화도항","2028-01-10 00:00","513","저조"
"SO_0565","향화도항","2028-01-10 00:00","575","저조"
"SO_0565","향화도항","2028-01-10 00:00","89","고조"
"SO_0565","향화도항","2028-01-09 00:00","567","저조"
"SO_0565","향화도항","2028-01-09 00:00","86","고조"
"SO_0565","향화도항","2028-01-09 00:00","594","저조"
"SO_0565","향화도항","2028-01-09 00:00","140","고조"
"SO_0565","향화도항","2028-01-10 00:00","176","고조"
"SO_0565","향화도항","2028-01-10 00:00","513","저조"
"SO_0565","향화도항","2028-01-10 00:00","575","저조"
"SO_0565","향화도항","2028-01-10 00:00","89","고조"
"SO_0565","향화도항","2028-01-09 00:00","567","저조"
"SO_0565","향화도항","2028-01-09 00:00","86","고조"
"SO_0565","향화도항","2028-01-09 00:00","594","저조"
"SO_0565","향화도항","2028-01-09 00:00","140","고조"
"SO_0565","향화도항","2028-01-10 00:00","176","고조"
"SO_0565","향화도항","2028-01-10 00:00","513","저조"
"SO_0565","향화도항","2028-01-10 00:00","575","저조"
"SO_0565","향화도항","2028-01-10 00:00","89","고조"
"SO_0565","향화도항","2028-01-09 00:00","567","저조"
"SO_0565","향화도항","2028-01-09 00:00","86","고조"
"SO_0565","향화도항","2028-01-09 00:00","594","저조"
"SO_0565","향화도항","2028-01-09 00:00","140","고조"
"SO_0565","향화도항","2028-01-10 00:00","176","고조"
"SO_0565","향화도항","2028-01-10 00:00","513","저조"
"SO_0565","향화도항","2028-01-10 00:00","575","저조"
"SO_0565","향화도항","2028-01-10 00:00","89","고조"
"SO_0565","향화도항","2028-01-09 00:00","567","저조"
"SO_0565","향화도항","2028-01-09 00:00","86","고조"
"SO_0565","향화도항","2028-01-09 00:00","594","저조"
"SO_0565","향화도항","2028-01-09 00:00","140","고조"
"SO_0565","향화도항","2028-01-10 00:00","176","고조"
"SO_0565","향화도항","2028-01-10 00:00","513","저조"
"SO_0565","향화도항","2028-01-10 00:00","575","저조"
"SO_0565","향화도항","2028-01-10 00:00","89","고조"
"SO_0565","향화도항","2028-01-09 00:00","567","저조"
"SO_0565","향화도항","2028-01-09 00:00","86","고조"
"SO_0565","향화도항","2028-01-09 00:00","594","저조"
"SO_0565","향화도항","2028-01-09 00:00","140","고조"
"SO_0565","향화도항","2028-01-10 00:00","176","고조"
"SO_0565","향화도항","2028-01-10 00:00","513","저조"
"SO_0565","향화도항","2028-01-10 00:00","575","저조"
"SO_0565","향화도항","2028-01-10 00:00","89","고조"
"SO_0565","향화도항","2028-01-09 00:00","567","저조"
"SO_0565","향화도항","2028-01-09 00:00","86","고조"
"SO_0565","향화도항","2028-01-09 00:00","594","저조"
"SO_0565","향화도항","2028-01-09 00:00","140","고조"
"SO_0565","향화도항","2028-01-10 00:00","176","고조"
"SO_0565","향화도항","2028-01-10 00:00","513","저조"
"SO_0565","향화도항","2028-01-10 00:00","575","저조"
"SO_0565","향화도항","2028-01-10 00:00","89","고조"
"SO_0565","향화도항","2028-01-09 00:00","567","저조"
"SO_0565","향화도항","2028-01-09 00:00","86","고조"
"SO_0565","향화도항","2028-01-09 00:00","594","저조"
"SO_0565","향화도항","2028-01-09 00:00","140","고조"
"SO_0565","향화도항","2028-01-10 00:00","176","고조"
"SO_0565","향화도항","2028-01-10 00:00","513","저조"
"SO_0565","향화도항","2028-01-10 00:00","575","저조"
"SO_0565","향화도항","2028-01-10 00:00","89","고조"
"SO_0565","향화도항","2028-01-09 00:00","567","저조"
"SO_0565","향화도항","2028-01-09 00:00","86","고조"
"SO_0565","향화도항","2028-01-09 00:00","594","저조"
"SO_0565","향화도항","2028-01-09 00:00","140","고조"
"SO_0565","향화도항","2028-01-10 00:00","176","고조"
"SO_0565","향화도항","2028-01-10 00:00","513","저조"
"SO_0565","향화도항","2028-01-10 00:00","575","저조"
"SO_0565","향화도항","2028-01-10 00:00","89","고조"
"SO_0565","향화도항","2028-01-09 00:00","567","저조"
"SO_0565","향화도항","2028-01-09 00:00","86","고조"
"SO_0565","향화도항","2028-01-09 00:00","594","저조"
"SO_0565","향화도항","2028-01-09 00:00","140","고조"
"SO_0565","향화도항","2028-01-10 00:00","176","고조"
"SO_0565","향화도항","2028-01-10 00:00","513","저조"
"SO_0565","향화도항","2028-01-10 00:00","575","저조"
"SO_0565","향화도항","2028-01-10 00:00","89","고조"
"SO_0565","향화도항","2028-01-09 00:00","567","저조"
"SO_0565","향화도항","2028-01-09 00:00","86","고조"
"SO_0565","향화도항","2028-01-09 00:00","594","저조"
"SO_0565","향화도항","2028-01-09 00:00","140","고조"
"SO_0565","향화도항","2028-01-10 00:00","176","고조"
"SO_0565","향화도항","2028-01-10 00:00","513","저조"
"SO_0565","향화도항","2028-01-10 00:00","575","저조"
"SO_0565","향화도항","2028-01-10 00:00","89","고조"
"SO_0565","향화도항","2028-01-09 00:00","567","저조"
"SO_0565","향화도항","2028-01-09 00:00","86","고조"
"SO_0565","향화도항","2028-01-09 00:00","594","저조"
"SO_0565","향화도항","2028-01-09 00:00","140","고조"
"SO_0565","향화도항","2028-01-10 00:00","176","고조"
"SO_0565","향화도항","2028-01-10 00:00","513","저조"
"SO_0565","향화도항","2028-01-10 00:00","575","저조"
"SO_0565","향화도항","2028-01-10 00:00","89","고조"
"SO_0565","향화도항","2028-01-09 00:00","567","저조"
"SO_0565","향화도항","2028-01-09 00:00","86","고조"
"SO_0565","향화도항","2028-01-09 00:00","594","저조"
"SO_0565","향화도항","2028-01-09 00:00","140","고조"
"SO_0565","향화도항","2028-01-10 00:00","176","고조"
"SO_0565","향화도항","2028-01-10 00:00","513","저조"
"SO_0565","향화도항","2028-01-10 00:00","575","저조"
"SO_0565","향화도항","2028-01-10 00:00","89","고조"
"SO_0565","향화도항","2028-01-09 00:00","567","저조"
"SO_0565","향화도항","2028-01-09 00:00","86","고조"
"SO_0565","향화도항","2028-01-09 00:00","594","저조"
"SO_0565","향화도항","2028-01-09 00:00","140","고조"
"SO_0565","향화도항","2028-01-10 00:00","176","고조"
"SO_0565","향화도항","2028-01-10 00:00","513","저조"
"SO_0565","향화도항","2028-01-10 00:00","575","저조"
"SO_0565","향화도항","2028-01-10 00:00","89","고조"
"SO_0565","향화도항","2028-01-09 00:00","567","저조"
"SO_0565","향화도항","2028-01-09 00:00","86","고조"
"SO_0565","향화도항","2028-01-09 00:00","594","저조"
"SO_0565","향화도항","2028-01-09 00:00","140","고조"
"SO_0565","향화도항","2028-01-10 00:00","176","고조"
"SO_0565","향화도항","2028-01-10 00:00","513","저조"
"SO_0565","향화도항","2028-01-10 00:00","575","저조"
"SO_0565","향화도항","2028-01-10 00:00","89","고조"
"SO_0565","향화도항","2028-01-09 00:00","567","저조"
"SO_0565","향화도항","2028-01-09 00:00","86","고조"
"SO_0565","향화도항","2028-01-09 00:00","594","저조"
"SO_0565","향화도항","2028-01-09 00:00","140","고조"
"SO_0565","향화도항","2028-01-10 00:00","176","고조"
"SO_0565","향화도항","2028-01-10 00:00","513","저조"
"SO_0565","향화도항","2028-01-10 00:00","575","저조"
"SO_0565","향화도항","2028-01-10 00:00","89","고조"
"SO_0565","향화도항","2028-01-09 00:00","567","저조"
"SO_0565","향화도항","2028-01-09 00:00","86","고조"
"SO_0565","향화도항","2028-01-09 00:00","594","저조"
"SO_0565","향화도항","2028-01-09 00:00","140","고조"
"SO_0565","향화도항","2028-01-10 00:00","176","고조"
"SO_0565","향화도항","2028-01-10 00:00","513","저조"
"SO_0565","향화도항","2028-01-10 00:00","575","저조"
"SO_0565","향화도항","2028-01-10 00:00","89","고조"
"SO_0565","향화도항","2028-01-09 00:00","567","저조"
"SO_0565","향화도항","2028-01-09 00:00","86","고조"
"SO_0565","향화도항","2028-01-09 00:00","594","저조"
"SO_0565","향화도항","2028-01-09 00:00","140","고조"
"SO_0565","향화도항","2028-01-10 00:00","176","고조"
"SO_0565","향화도항","2028-01-10 00:00","513","저조"
"SO_0565","향화도항","2028-01-10 00:00","575","저조"
"SO_0565","향화도항","2028-01-10 00:00","89","고조"
"SO_0565","향화도항","2028-01-09 00:00","567","저조"
"SO_0565","향화도항","2028-01-09 00:00","86","고조"
"SO_0565","향화도항","2028-01-09 00:00","594","저조"
"SO_0565","향화도항","2028-01-09 00:00","140","고조"
"SO_0565","향화도항","2028-01-10 00:00","176","고조"
"SO_0565","향화도항","2028-01-10 00:00","513","저조"
"SO_0565","향화도항","2028-01-10 00:00","575","저조"
"SO_0565","향화도항","2028-01-10 00:00","89","고조"
"SO_0565","향화도항","2028-01-09 00:00","567","저조"
"SO_0565","향화도항","2028-01-09 00:00","86","고조"
"SO_0565","향화도항","2028-01-09 00:00","594","저조"
"SO_0565","향화도항","2028-01-09 00:00","140","고조"
"SO_0565","향화도항","2028-01-10 00:00","176","고조"
"SO_0565","향화도항","2028-01-10 00:00","513","저조"
"SO_0565","향화도항","2028-01-10 00:00","575","저조"
"SO_0565","향화도항","2028-01-10 00:00","89","고조"
"SO_0565","향화도항","2028-01-09 00:00","567","저조"
"SO_0565","향화도항","2028-01-09 00:00","86","고조"
"SO_0565","향화도항","2028-01-09 00:00","594","저조"
"SO_0565","향화도항","2028-01-09 00:00","140","고조"
"SO_0565","향화도항","2028-01-10 00:00","176","고조"
"SO_0565","향화도항","2028-01-10 00:00","513","저조"
"SO_0565","향화도항","2028-01-10 00:00","575","저조"
"SO_0565","향화도항","2028-01-10 00:00","89","고조"
"SO_0565","향화도항","2028-01-09 00:00","567","저조"
"SO_0565","향화도항","2028-01-09 00:00","86","고조"
"SO_0565","향화도항","2028-01-09 00:00","594","저조"
"SO_0565","향화도항","2028-01-09 00:00","140","고조"
"SO_0565","향화도항","2028-01-10 00:00","176","고조"
"SO_0565","향화도항","2028-01-10 00:00","513","저조"
"SO_0565","향화도항","2028-01-10 00:00","575","저조"
"SO_0565","향화도항","2028-01-10 00:00","89","고조"
"SO_0565","향화도항","2028-01-09 00:00","567","저조"
"SO_0565","향화도항","2028-01-09 00:00","86","고조"
"SO_0565","향화도항","2028-01-09 00:00","594","저조"
"SO_0565","향화도항","2028-01-09 00:00","140","고조"
"SO_0565","향화도항","2028-01-10 00:00","176","고조"
"SO_0565","향화도항","2028-01-10 00:00","513","저조"
"SO_0565","향화도항","2028-01-10 00:00","575","저조"
"SO_0565","향화도항","2028-01-10 00:00","89","고조"
"SO_0565","향화도항","2028-01-09 00:00","567","저조"
"SO_0565","향화도항","2028-01-09 00:00","86","고조"
"SO_0565","향화도항","2028-01-09 00:00","594","저조"
"SO_0565","향화도항","2028-01-09 00:00","140","고조"
"SO_0565","향화도항","2028-01-10 00:00","176","고조"
"SO_0565","향화도항","2028-01-10 00:00","513","저조"
"SO_0565","향화도항","2028-01-10 00:00","575","저조"
"SO_0565","향화도항","2028-01-10 00:00","89","고조"
"SO_0565","향화도항","2028-01-09 00:00","567","저조"
"SO_0565","향화도항","2028-01-09 00:00","86","고조"
"SO_0565","향화도항","2028-01-09 00:00","594","저조"
"SO_0565","향화도항","2028-01-09 00:00","140","고조"
"SO_0565","향화도항","2028-01-10 00:00","176","고조"
"SO_0565","향화도항","2028-01-10 00:00","513","저조"
"SO_0565","향화도항","2028-01-10 00:00","575","저조"
"SO_0565","향화도항","2028-01-10 00:00","89","고조"
"SO_0565","향화도항","2028-01-09 00:00","567","저조"
"SO_0565","향화도항","2028-01-09 00:00","86","고조"
"SO_0565","향화도항","2028-01-09 00:00","594","저조"
"SO_0565","향화도항","2028-01-09 00:00","140","고조"
"SO_0565","향화도항","2028-01-10 00:00","176","고조"
"SO_0565","향화도항","2028-01-10 00:00","513","저조"
"SO_0565","향화도항","2028-01-10 00:00","575","저조"
"SO_0565","향화도항","2028-01-10 00:00","89","고조"
"SO_0565","향화도항","2028-01-09 00:00","567","저조"
"SO_0565","향화도항","2028-01-09 00:00","86","고조"
"SO_0565","향화도항","2028-01-09 00:00","594","저조"
"SO_0565","향화도항","2028-01-09 00:00","140","고조"
"SO_0565","향화도항","2028-01-10 00:00","176","고조"
"SO_0565","향화도항","2028-01-10 00:00","513","저조"
"SO_0565","향화도항","2028-01-10 00:00","575","저조"
"SO_0565","향화도항","2028-01-10 00:00","89","고조"
"SO_0565","향화도항","2028-01-09 00:00","567","저조"
"SO_0565","향화도항","2028-01-09 00:00","86","고조"
"SO_0565","향화도항","2028-01-09 00:00","594","저조"
"SO_0565","향화도항","2028-01-09 00:00","140","고조"
"SO_0565","향화도항","2028-01-10 00:00","176","고조"
"SO_0565","향화도항","2028-01-10 00:00","513","저조"
"SO_0565","향화도항","2028-01-10 00:00","575","저조"
"SO_0565","향화도항","2028-01-10 00:00","89","고조"
"SO_0565","향화도항","2028-01-09 00:00","567","저조"
"SO_0565","향화도항","2028-01-09 00:00","86","고조"
"SO_0565","향화도항","2028-01-09 00:00","594","저조"
"SO_0565","향화도항","2028-01-09 00:00","140","고조"
"SO_0565","향화도항","2028-01-10 00:00","176","고조"
"SO_0565","향화도항","2028-01-10 00:00","513","저조"
"SO_0565","향화도항","2028-01-10 00:00","575","저조"
"SO_0565","향화도항","2028-01-10 00:00","89","고조"
"SO_0565","향화도항","2028-01-09 00:00","567","저조"
"SO_0565","향화도항","2028-01-09 00:00","86","고조"
"SO_0565","향화도항","2028-01-09 00:00","594","저조"
"SO_0565","향화도항","2028-01-09 00:00","140","고조"
"SO_0565","향화도항","2028-01-10 00:00","176","고조"
"SO_0565","향화도항","2028-01-10 00:00","513","저조"
"SO_0565","향화도항","2028-01-10 00:00","575","저조"
"SO_0565","향화도항","2028-01-10 00:00","89","고조"
"SO_0565","향화도항","2028-01-09 00:00","567","저조"
"SO_0565","향화도항","2028-01-09 00:00","86","고조"
"SO_0565","향화도항","2028-01-09 00:00","594","저조"
"SO_0565","향화도항","2028-01-09 00:00","140","고조"
"SO_0565","향화도항","2028-01-10 00:00","176","고조"
"SO_0565","향화도항","2028-01-10 00:00","513","저조"
"SO_0565","향화도항","2028-01-10 00:00","575","저조"
"SO_0565","향화도항","2028-01-10 00:00","89","고조"
"SO_0565","향화도항","2028-01-09 00:00","567","저조"
"SO_0565","향화도항","2028-01-09 00:00","86","고조"
"SO_0565","향화도항","2028-01-09 00:00","594","저조"
"SO_0565","향화도항","2028-01-09 00:00","140","고조"
"SO_0565","향화도항","2028-01-10 00:00","176","고조"
"SO_0565","향화도항","2028-01-10 00:00","513","저조"
"SO_0565","향화도항","2028-01-10 00:00","575","저조"
"SO_0565","향화도항","2028-01-10 00:00","89","고조"
"SO_0565","향화도항","2028-01-09 00:00","567","저조"
"SO_0565","향화도항","2028-01-09 00:00","86","고조"
"SO_0565","향화도항","2028-01-09 00:00","594","저조"
"SO_0565","향화도항","2028-01-09 00:00","140","고조"
"SO_0565","향화도항","2028-01-10 00:00","176","고조"
"SO_0565","향화도항","2028-01-10 00:00","513","저조"
"SO_0565","향화도항","2028-01-10 00:00","575","저조"
"SO_0565","향화도항","2028-01-10 00:00","89","고조"
"SO_0565","향화도항","2028-01-09 00:00","567","저조"
"SO_0565","향화도항","2028-01-09 00:00","86","고조"
"SO_0565","향화도항","2028-01-09 00:00","594","저조"
"SO_0565","향화도항","2028-01-09 00:00","140","고조"
"SO_0565","향화도항","2028-01-10 00:00","176","고조"
"SO_0565","향화도항","2028-01-10 00:00","513","저조"
"SO_0565","향화도항","2028-01-10 00:00","575","저조"
"SO_0565","향화도항","2028-01-10 00:00","89","고조"
"SO_0565","향화도항","2028-01-09 00:00","567","저조"
"SO_0565","향화도항","2028-01-09 00:00","86","고조"
"SO_0565","향화도항","2028-01-09 00:00","594","저조"
"SO_0565","향화도항","2028-01-09 00:00","140","고조"
"SO_0565","향화도항","2028-01-10 00:00","176","고조"
"SO_0565","향화도항","2028-01-10 00:00","513","저조"
"SO_0565","향화도항","2028-01-10 00:00","575","저조"
"SO_0565","향화도항","2028-01-10 00:00","89","고조"
"SO_0565","향화도항","2028-01-09 00:00","567","저조"
"SO_0565","향화도항","2028-01-09 00:00","86","고조"
"SO_0565","향화도항","2028-01-09 00:00","594","저조"
"SO_0565","향화도항","2028-01-09 00:00","140","고조"
"SO_0565","향화도항","2028-01-10 00:00","176","고조"
"SO_0565","향화도항","2028-01-10 00:00","513","저조"
"SO_0565","향화도항","2028-01-10 00:00","575","저조"
"SO_0565","향화도항","2028-01-10 00:00","89","고조"
"SO_0565","향화도항","2028-01-09 00:00","567","저조"
"SO_0565","향화도항","2028-01-09 00:00","86","고조"
"SO_0565","향화도항","2028-01-09 00:00","594","저조"
"SO_0565","향화도항","2028-01-09 00:00","140","고조"
"SO_0565","향화도항","2028-01-10 00:00","176","고조"
"SO_0565","향화도항","2028-01-10 00:00","513","저조"
"SO_0565","향화도항","2028-01-10 00:00","575","저조"
"SO_0565","향화도항","2028-01-10 00:00","89","고조"
"SO_0565","향화도항","2028-01-09 00:00","567","저조"
"SO_0565","향화도항","2028-01-09 00:00","86","고조"
"SO_0565","향화도항","2028-01-09 00:00","594","저조"
"SO_0565","향화도항","2028-01-09 00:00","140","고조"
"SO_0565","향화도항","2028-01-10 00:00","176","고조"
"SO_0565","향화도항","2028-01-10 00:00","513","저조"
"SO_0565","향화도항","2028-01-10 00:00","575","저조"
"SO_0565","향화도항","2028-01-10 00:00","89","고조"
"SO_0565","향화도항","2028-01-09 00:00","567","저조"
"SO_0565","향화도항","2028-01-09 00:00","86","고조"
"SO_0565","향화도항","2028-01-09 00:00","594","저조"
"SO_0565","향화도항","2028-01-09 00:00","140","고조"
"SO_0565","향화도항","2028-01-10 00:00","176","고조"
"SO_0565","향화도항","2028-01-10 00:00","513","저조"
"SO_0565","향화도항","2028-01-10 00:00","575","저조"
"SO_0565","향화도항","2028-01-10 00:00","89","고조"
"SO_0565","향화도항","2028-01-09 00:00","567","저조"
"SO_0565","향화도항","2028-01-09 00:00","86","고조"
"SO_0565","향화도항","2028-01-09 00:00","594","저조"
"SO_0565","향화도항","2028-01-09 00:00","140","고조"
"SO_0565","향화도항","2028-01-10 00:00","176","고조"
"SO_0565","향화도항","2028-01-10 00:00","513","저조"
"SO_0565","향화도항","2028-01-10 00:00","575","저조"
"SO_0565","향화도항","2028-01-10 00:00","89","고조"
"SO_0565","향화도항","2028-01-09 00:00","567","저조"
"SO_0565","향화도항","2028-01-09 00:00","86","고조"
"SO_0565","향화도항","2028-01-09 00:00","594","저조"
"SO_0565","향화도항","2028-01-09 00:00","140","고조"
"SO_0565","향화도항","2028-01-10 00:00","176","고조"
"SO_0565","향화도항","2028-01-10 00:00","513","저조"
"SO_0565","향화도항","2028-01-10 00:00","575","저조"
"SO_0565","향화도항","2028-01-10 00:00","89","고조"
"SO_0565","향화도항","2028-01-09 00:00","567","저조"
"SO_0565","향화도항","2028-01-09 00:00","86","고조"
"SO_0565","향화도항","2028-01-09 00:00","594","저조"
"SO_0565","향화도항","2028-01-09 00:00","140","고조"
"SO_0565","향화도항","2028-01-10 00:00","176","고조"
"SO_0565","향화도항","2028-01-10 00:00","513","저조"
"SO_0565","향화도항","2028-01-10 00:00","575","저조"
"SO_0565","향화도항","2028-01-10 00:00","89","고조"
"SO_0565","향화도항","2028-01-09 00:00","567","저조"
"SO_0565","향화도항","2028-01-09 00:00","86","고조"
"SO_0565","향화도항","2028-01-09 00:00","594","저조"
"SO_0565","향화도항","2028-01-09 00:00","140","고조"
"SO_0565","향화도항","2028-01-10 00:00","176","고조"
"SO_0565","향화도항","2028-01-10 00:00","513","저조"
"SO_0565","향화도항","2028-01-10 00:00","575","저조"
"SO_0565","향화도항","2028-01-10 00:00","89","고조"
"SO_0565","향화도항","2028-01-09 00:00","567","저조"
"SO_0565","향화도항","2028-01-09 00:00","86","고조"
"SO_0565","향화도항","2028-01-09 00:00","594","저조"
"SO_0565","향화도항","2028-01-09 00:00","140","고조"
"SO_0565","향화도항","2028-01-10 00:00","176","고조"
"SO_0565","향화도항","2028-01-10 00:00","513","저조"
"SO_0565","향화도항","2028-01-10 00:00","575","저조"
"SO_0565","향화도항","2028-01-10 00:00","89","고조"
"SO_0565","향화도항","2028-01-09 00:00","567","저조"
"SO_0565","향화도항","2028-01-09 00:00","86","고조"
"SO_0565","향화도항","2028-01-09 00:00","594","저조"
"SO_0565","향화도항","2028-01-09 00:00","140","고조"
"SO_0565","향화도항","2028-01-10 00:00","176","고조"
"SO_0565","향화도항","2028-01-10 00:00","513","저조"
"SO_0565","향화도항","2028-01-10 00:00","575","저조"
"SO_0565","향화도항","2028-01-10 00:00","89","고조"
"SO_0565","향화도항","2028-01-09 00:00","567","저조"
"SO_0565","향화도항","2028-01-09 00:00","86","고조"
"SO_0565","향화도항","2028-01-09 00:00","594","저조"
"SO_0565","향화도항","2028-01-09 00:00","140","고조"
"SO_0565","향화도항","2028-01-10 00:00","176","고조"
"SO_0565","향화도항","2028-01-10 00:00","513","저조"
"SO_0565","향화도항","2028-01-10 00:00","575","저조"
"SO_0565","향화도항","2028-01-10 00:00","89","고조"
"SO_0565","향화도항","2028-01-09 00:00","567","저조"
"SO_0565","향화도항","2028-01-09 00:00","86","고조"
"SO_0565","향화도항","2028-01-09 00:00","594","저조"
"SO_0565","향화도항","2028-01-09 00:00","140","고조"
"SO_0565","향화도항","2028-01-10 00:00","176","고조"
"SO_0565","향화도항","2028-01-10 00:00","513","저조"
"SO_0565","향화도항","2028-01-10 00:00","575","저조"
"SO_0565","향화도항","2028-01-10 00:00","89","고조"
"SO_0565","향화도항","2028-01-09 00:00","567","저조"
"SO_0565","향화도항","2028-01-09 00:00","86","고조"
"SO_0565","향화도항","2028-01-09 00:00","594","저조"
"SO_0565","향화도항","2028-01-09 00:00","140","고조"
"SO_0565","향화도항","2028-01-10 00:00","176","고조"
"SO_0565","향화도항","2028-01-10 00:00","513","저조"
"SO_0565","향화도항","2028-01-10 00:00","575","저조"
"SO_0565","향화도항","2028-01-10 00:00","89","고조"
"SO_0565","향화도항","2028-01-09 00:00","567","저조"
"SO_0565","향화도항","2028-01-09 00:00","86","고조"
"SO_0565","향화도항","2028-01-09 00:00","594","저조"
"SO_0565","향화도항","2028-01-09 00:00","140","고조"
"SO_0565","향화도항","2028-01-10 00:00","176","고조"
"SO_0565","향화도항","2028-01-10 00:00","513","저조"
"SO_0565","향화도항","2028-01-10 00:00","575","저조"
"SO_0565","향화도항","2028-01-10 00:00","89","고조"
"SO_0565","향화도항","2028-01-09 00:00","567","저조"
"SO_0565","향화도항","2028-01-09 00:00","86","고조"
"SO_0565","향화도항","2028-01-09 00:00","594","저조"
"SO_0565","향화도항","2028-01-09 00:00","140","고조"
"SO_0565","향화도항","2028-01-10 00:00","176","고조"
"SO_0565","향화도항","2028-01-10 00:00","513","저조"
"SO_0565","향화도항","2028-01-10 00:00","575","저조"
"SO_0565","향화도항","2028-01-10 00:00","89","고조"
"SO_0565","향화도항","2028-01-09 00:00","567","저조"
"SO_0565","향화도항","2028-01-09 00:00","86","고조"
"SO_0565","향화도항","2028-01-09 00:00","594","저조"
"SO_0565","향화도항","2028-01-09 00:00","140","고조"
"SO_0565","향화도항","2028-01-10 00:00","176","고조"
"SO_0565","향화도항","2028-01-10 00:00","513","저조"
"SO_0565","향화도항","2028-01-10 00:00","575","저조"
"SO_0565","향화도항","2028-01-10 00:00","89","고조"
"SO_0565","향화도항","2028-01-09 00:00","567","저조"
"SO_0565","향화도항","2028-01-09 00:00","86","고조"
"SO_0565","향화도항","2028-01-09 00:00","594","저조"
"SO_0565","향화도항","2028-01-09 00:00","140","고조"
"SO_0565","향화도항","2028-01-10 00:00","176","고조"
"SO_0565","향화도항","2028-01-10 00:00","513","저조"
"SO_0565","향화도항","2028-01-10 00:00","575","저조"
"SO_0565","향화도항","2028-01-10 00:00","89","고조"
"SO_0565","향화도항","2028-01-09 00:00","567","저조"
"SO_0565","향화도항","2028-01-09 00:00","86","고조"
"SO_0565","향화도항","2028-01-09 00:00","594","저조"
"SO_0565","향화도항","2028-01-09 00:00","140","고조"
"SO_0565","향화도항","2028-01-10 00:00","176","고조"
"SO_0565","향화도항","2028-01-10 00:00","513","저조"
"SO_0565","향화도항","2028-01-10 00:00","575","저조"
"SO_0565","향화도항","2028-01-10 00:00","89","고조"
"SO_0565","향화도항","2028-01-09 00:00","567","저조"
"SO_0565","향화도항","2028-01-09 00:00","86","고조"
"SO_0565","향화도항","2028-01-09 00:00","594","저조"
"SO_0565","향화도항","2028-01-09 00:00","140","고조"
"SO_0565","향화도항","2028-01-10 00:00","176","고조"
"SO_0565","향화도항","2028-01-10 00:00","513","저조"
"SO_0565","향화도항","2028-01-10 00:00","575","저조"
"SO_0565","향화도항","2028-01-10 00:00","89","고조"
"SO_0565","향화도항","2028-01-09 00:00","567","저조"
"SO_0565","향화도항","2028-01-09 00:00","86","고조"
"SO_0565","향화도항","2028-01-09 00:00","594","저조"
"SO_0565","향화도항","2028-01-09 00:00","140","고조"
"SO_0565","향화도항","2028-01-10 00:00","176","고조"
"SO_0565","향화도항","2028-01-10 00:00","513","저조"
"SO_0565","향화도항","2028-01-10 00:00","575","저조"
"SO_0565","향화도항","2028-01-10 00:00","89","고조"
"SO_0565","향화도항","2028-01-09 00:00","567","저조"
"SO_0565","향화도항","2028-01-09 00:00","86","고조"
"SO_0565","향화도항","2028-01-09 00:00","594","저조"
"SO_0565","향화도항","2028-01-09 00:00","140","고조"
"SO_0565","향화도항","2028-01-10 00:00","176","고조"
"SO_0565","향화도항","2028-01-10 00:00","513","저조"
"SO_0565","향화도항","2028-01-10 00:00","575","저조"
"SO_0565","향화도항","2028-01-10 00:00","89","고조"
"SO_0565","향화도항","2028-01-09 00:00","567","저조"
"SO_0565","향화도항","2028-01-09 00:00","86","고조"
"SO_0565","향화도항","2028-01-09 00:00","594","저조"
"SO_0565","향화도항","2028-01-09 00:00","140","고조"
"SO_0565","향화도항","2028-01-10 00:00","176","고조"
"SO_0565","향화도항","2028-01-10 00:00","513","저조"
"SO_0565","향화도항","2028-01-10 00:00","575","저조"
"SO_0565","향화도항","2028-01-10 00:00","89","고조"
"SO_0565","향화도항","2028-01-09 00:00","567","저조"
"SO_0565","향화도항","2028-01-09 00:00","86","고조"
"SO_0565","향화도항","2028-01-09 00:00","594","저조"
"SO_0565","향화도항","2028-01-09 00:00","140","고조"
"SO_0565","향화도항","2028-01-10 00:00","176","고조"
"SO_0565","향화도항","2028-01-10 00:00","513","저조"
"SO_0565","향화도항","2028-01-10 00:00","575","저조"
"SO_0565","향화도항","2028-01-10 00:00","89","고조"
"SO_0565","향화도항","2028-01-09 00:00","567","저조"
"SO_0565","향화도항","2028-01-09 00:00","86","고조"
"SO_0565","향화도항","2028-01-09 00:00","594","저조"
"SO_0565","향화도항","2028-01-09 00:00","140","고조"
"SO_0565","향화도항","2028-01-10 00:00","176","고조"
"SO_0565","향화도항","2028-01-10 00:00","513","저조"
"SO_0565","향화도항","2028-01-10 00:00","575","저조"
"SO_0565","향화도항","2028-01-10 00:00","89","고조"
"SO_0565","향화도항","2028-01-09 00:00","567","저조"
"SO_0565","향화도항","2028-01-09 00:00","86","고조"
"SO_0565","향화도항","2028-01-09 00:00","594","저조"
"SO_0565","향화도항","2028-01-09 00:00","140","고조"
"SO_0565","향화도항","2028-01-10 00:00","176","고조"
"SO_0565","향화도항","2028-01-10 00:00","513","저조"
"SO_0565","향화도항","2028-01-10 00:00","575","저조"
"SO_0565","향화도항","2028-01-10 00:00","89","고조"
"SO_0565","향화도항","2028-01-09 00:00","567","저조"
"SO_0565","향화도항","2028-01-09 00:00","86","고조"
"SO_0565","향화도항","2028-01-09 00:00","594","저조"
"SO_0565","향화도항","2028-01-09 00:00","140","고조"
"SO_0565","향화도항","2028-01-10 00:00","176","고조"
"SO_0565","향화도항","2028-01-10 00:00","513","저조"
"SO_0565","향화도항","2028-01-10 00:00","575","저조"
"SO_0565","향화도항","2028-01-10 00:00","89","고조"
"SO_0565","향화도항","2028-01-09 00:00","567","저조"
"SO_0565","향화도항","2028-01-09 00:00","86","고조"
"SO_0565","향화도항","2028-01-09 00:00","594","저조"
"SO_0565","향화도항","2028-01-09 00:00","140","고조"
"SO_0565","향화도항","2028-01-10 00:00","176","고조"
"SO_0565","향화도항","2028-01-10 00:00","513","저조"
"SO_0565","향화도항","2028-01-10 00:00","575","저조"
"SO_0565","향화도항","2028-01-10 00:00","89","고조"
"SO_0565","향화도항","2028-01-09 00:00","567","저조"
"SO_0565","향화도항","2028-01-09 00:00","86","고조"
"SO_0565","향화도항","2028-01-09 00:00","594","저조"
"SO_0565","향화도항","2028-01-09 00:00","140","고조"
"SO_0565","향화도항","2028-01-10 00:00","176","고조"
"SO_0565","향화도항","2028-01-10 00:00","513","저조"
"SO_0565","향화도항","2028-01-10 00:00","575","저조"
"SO_0565","향화도항","2028-01-10 00:00","89","고조"
"SO_0565","향화도항","2028-01-09 00:00","567","저조"
"SO_0565","향화도항","2028-01-09 00:00","86","고조"
"SO_0565","향화도항","2028-01-09 00:00","594","저조"
"SO_0565","향화도항","2028-01-09 00:00","140","고조"
"SO_0565","향화도항","2028-01-10 00:00","176","고조"
"SO_0565","향화도항","2028-01-10 00:00","513","저조"
"SO_0565","향화도항","2028-01-10 00:00","575","저조"
"SO_0565","향화도항","2028-01-10 00:00","89","고조"
"SO_0565","향화도항","2028-01-09 00:00","567","저조"
"SO_0565","향화도항","2028-01-09 00:00","86","고조"
"SO_0565","향화도항","2028-01-09 00:00","594","저조"
"SO_0565","향화도항","2028-01-09 00:00","140","고조"
"SO_0565","향화도항","2028-01-10 00:00","176","고조"
"SO_0565","향화도항","2028-01-10 00:00","513","저조"
"SO_0565","향화도항","2028-01-10 00:00","575","저조"
"SO_0565","향화도항","2028-01-10 00:00","89","고조"
"SO_0565","향화도항","2028-01-09 00:00","567","저조"
"SO_0565","향화도항","2028-01-09 00:00","86","고조"
"SO_0565","향화도항","2028-01-09 00:00","594","저조"
"SO_0565","향화도항","2028-01-09 00:00","140","고조"
"SO_0565","향화도항","2028-01-10 00:00","176","고조"
"SO_0565","향화도항","2028-01-10 00:00","513","저조"
"SO_0565","향화도항","2028-01-10 00:00","575","저조"
"SO_0565","향화도항","2028-01-10 00:00","89","고조"
"SO_0565","향화도항","2028-01-09 00:00","567","저조"
"SO_0565","향화도항","2028-01-09 00:00","86","고조"
"SO_0565","향화도항","2028-01-09 00:00","594","저조"
"SO_0565","향화도항","2028-01-09 00:00","140","고조"
"SO_0565","향화도항","2028-01-10 00:00","176","고조"
"SO_0565","향화도항","2028-01-10 00:00","513","저조"
"SO_0565","향화도항","2028-01-10 00:00","575","저조"
"SO_0565","향화도항","2028-01-10 00:00","89","고조"
"SO_0565","향화도항","2028-01-09 00:00","567","저조"
"SO_0565","향화도항","2028-01-09 00:00","86","고조"
"SO_0565","향화도항","2028-01-09 00:00","594","저조"
"SO_0565","향화도항","2028-01-09 00:00","140","고조"
"SO_0565","향화도항","2028-01-10 00:00","176","고조"
"SO_0565","향화도항","2028-01-10 00:00","513","저조"
"SO_0565","향화도항","2028-01-10 00:00","575","저조"
"SO_0565","향화도항","2028-01-10 00:00","89","고조"
"SO_0565","향화도항","2028-01-09 00:00","567","저조"
"SO_0565","향화도항","2028-01-09 00:00","86","고조"
"SO_0565","향화도항","2028-01-09 00:00","594","저조"
"SO_0565","향화도항","2028-01-09 00:00","140","고조"
"SO_0565","향화도항","2028-01-10 00:00","176","고조"
"SO_0565","향화도항","2028-01-10 00:00","513","저조"
"SO_0565","향화도항","2028-01-10 00:00","575","저조"
"SO_0565","향화도항","2028-01-10 00:00","89","고조"
"SO_0565","향화도항","2028-01-09 00:00","567","저조"
"SO_0565","향화도항","2028-01-09 00:00","86","고조"
"SO_0565","향화도항","2028-01-09 00:00","594","저조"
"SO_0565","향화도항","2028-01-09 00:00","140","고조"
"SO_0565","향화도항","2028-01-10 00:00","176","고조"
"SO_0565","향화도항","2028-01-10 00:00","513","저조"
"SO_0565","향화도항","2028-01-10 00:00","575","저조"
"SO_0565","향화도항","2028-01-10 00:00","89","고조"
"SO_0565","향화도항","2028-01-09 00:00","567","저조"
"SO_0565","향화도항","2028-01-09 00:00","86","고조"
"SO_0565","향화도항","2028-01-09 00:00","594","저조"
"SO_0565","향화도항","2028-01-09 00:00","140","고조"
"SO_0565","향화도항","2028-01-10 00:00","176","고조"
"SO_0565","향화도항","2028-01-10 00:00","513","저조"
"SO_0565","향화도항","2028-01-10 00:00","575","저조"
"SO_0565","향화도항","2028-01-10 00:00","89","고조"
"SO_0565","향화도항","2028-01-09 00:00","567","저조"
"SO_0565","향화도항","2028-01-09 00:00","86","고조"
"SO_0565","향화도항","2028-01-09 00:00","594","저조"
"SO_0565","향화도항","2028-01-09 00:00","140","고조"
"SO_0565","향화도항","2028-01-10 00:00","176","고조"
"SO_0565","향화도항","2028-01-10 00:00","513","저조"
"SO_0565","향화도항","2028-01-10 00:00","575","저조"
"SO_0565","향화도항","2028-01-10 00:00","89","고조"
"SO_0565","향화도항","2028-01-09 00:00","567","저조"
"SO_0565","향화도항","2028-01-09 00:00","86","고조"
"SO_0565","향화도항","2028-01-09 00:00","594","저조"
"SO_0565","향화도항","2028-01-09 00:00","140","고조"
"SO_0565","향화도항","2028-01-10 00:00","176","고조"
"SO_0565","향화도항","2028-01-10 00:00","513","저조"
"SO_0565","향화도항","2028-01-10 00:00","575","저조"
"SO_0565","향화도항","2028-01-10 00:00","89","고조"
"SO_0565","향화도항","2028-01-09 00:00","567","저조"
"SO_0565","향화도항","2028-01-09 00:00","86","고조"
"SO_0565","향화도항","2028-01-09 00:00","594","저조"
"SO_0565","향화도항","2028-01-09 00:00","140","고조"
"SO_0565","향화도항","2028-01-10 00:00","176","고조"
"SO_0565","향화도항","2028-01-10 00:00","513","저조"
"SO_0565","향화도항","2028-01-10 00:00","575","저조"
"SO_0565","향화도항","2028-01-10 00:00","89","고조"
"SO_0565","향화도항","2028-01-09 00:00","567","저조"
"SO_0565","향화도항","2028-01-09 00:00","86","고조"
"SO_0565","향화도항","2028-01-09 00:00","594","저조"
"SO_0565","향화도항","2028-01-09 00:00","140","고조"
"SO_0565","향화도항","2028-01-10 00:00","176","고조"
"SO_0565","향화도항","2028-01-10 00:00","513","저조"
"SO_0565","향화도항","2028-01-10 00:00","575","저조"
"SO_0565","향화도항","2028-01-10 00:00","89","고조"
"SO_0565","향화도항","2028-01-09 00:00","567","저조"
"SO_0565","향화도항","2028-01-09 00:00","86","고조"
"SO_0565","향화도항","2028-01-09 00:00","594","저조"
"SO_0565","향화도항","2028-01-09 00:00","140","고조"
"SO_0565","향화도항","2028-01-10 00:00","176","고조"
"SO_0565","향화도항","2028-01-10 00:00","513","저조"
"SO_0565","향화도항","2028-01-10 00:00","575","저조"
"SO_0565","향화도항","2028-01-10 00:00","89","고조"
"SO_0565","향화도항","2028-01-09 00:00","567","저조"
"SO_0565","향화도항","2028-01-09 00:00","86","고조"
"SO_0565","향화도항","2028-01-09 00:00","594","저조"
"SO_0565","향화도항","2028-01-09 00:00","140","고조"
"SO_0565","향화도항","2028-01-10 00:00","176","고조"
"SO_0565","향화도항","2028-01-10 00:00","513","저조"
"SO_0565","향화도항","2028-01-10 00:00","575","저조"
"SO_0565","향화도항","2028-01-10 00:00","89","고조"
"SO_0565","향화도항","2028-01-09 00:00","567","저조"
"SO_0565","향화도항","2028-01-09 00:00","86","고조"
"SO_0565","향화도항","2028-01-09 00:00","594","저조"
"SO_0565","향화도항","2028-01-09 00:00","140","고조"
"SO_0565","향화도항","2028-01-10 00:00","176","고조"
"SO_0565","향화도항","2028-01-10 00:00","513","저조"
"SO_0565","향화도항","2028-01-10 00:00","575","저조"
"SO_0565","향화도항","2028-01-10 00:00","89","고조"
"SO_0565","향화도항","2028-01-09 00:00","567","저조"
"SO_0565","향화도항","2028-01-09 00:00","86","고조"
"SO_0565","향화도항","2028-01-09 00:00","594","저조"
"SO_0565","향화도항","2028-01-09 00:00","140","고조"
"SO_0565","향화도항","2028-01-10 00:00","176","고조"
"SO_0565","향화도항","2028-01-10 00:00","513","저조"
"SO_0565","향화도항","2028-01-10 00:00","575","저조"
"SO_0565","향화도항","2028-01-10 00:00","89","고조"
"SO_0565","향화도항","2028-01-09 00:00","567","저조"
"SO_0565","향화도항","2028-01-09 00:00","86","고조"
"SO_0565","향화도항","2028-01-09 00:00","594","저조"
"SO_0565","향화도항","2028-01-09 00:00","140","고조"
"SO_0565","향화도항","2028-01-10 00:00","176","고조"
"SO_0565","향화도항","2028-01-10 00:00","513","저조"
"SO_0565","향화도항","2028-01-10 00:00","575","저조"
"SO_0565","향화도항","2028-01-10 00:00","89","고조"
"SO_0565","향화도항","2028-01-09 00:00","567","저조"
"SO_0565","향화도항","2028-01-09 00:00","86","고조"
"SO_0565","향화도항","2028-01-09 00:00","594","저조"
"SO_0565","향화도항","2028-01-09 00:00","140","고조"
"SO_0565","향화도항","2028-01-10 00:00","176","고조"
"SO_0565","향화도항","2028-01-10 00:00","513","저조"
"SO_0565","향화도항","2028-01-10 00:00","575","저조"
"SO_0565","향화도항","2028-01-10 00:00","89","고조"
"SO_0565","향화도항","2028-01-09 00:00","567","저조"
"SO_0565","향화도항","2028-01-09 00:00","86","고조"
"SO_0565","향화도항","2028-01-09 00:00","594","저조"
"SO_0565","향화도항","2028-01-09 00:00","140","고조"
"SO_0565","향화도항","2028-01-10 00:00","176","고조"
"SO_0565","향화도항","2028-01-10 00:00","513","저조"
"SO_0565","향화도항","2028-01-10 00:00","575","저조"
"SO_0565","향화도항","2028-01-10 00:00","89","고조"
"SO_0565","향화도항","2028-01-09 00:00","567","저조"
"SO_0565","향화도항","2028-01-09 00:00","86","고조"
"SO_0565","향화도항","2028-01-09 00:00","594","저조"
"SO_0565","향화도항","2028-01-09 00:00","140","고조"
"SO_0565","향화도항","2028-01-10 00:00","176","고조"
"SO_0565","향화도항","2028-01-10 00:00","513","저조"
"SO_0565","향화도항","2028-01-10 00:00","575","저조"
"SO_0565","향화도항","2028-01-10 00:00","89","고조"
"SO_0565","향화도항","2028-01-09 00:00","567","저조"
"SO_0565","향화도항","2028-01-09 00:00","86","고조"
"SO_0565","향화도항","2028-01-09 00:00","594","저조"
"SO_0565","향화도항","2028-01-09 00:00","140","고조"
"SO_0565","향화도항","2028-01-10 00:00","176","고조"
"SO_0565","향화도항","2028-01-10 00:00","513","저조"
"SO_0565","향화도항","2028-01-10 00:00","575","저조"
"SO_0565","향화도항","2028-01-10 00:00","89","고조"
"SO_0565","향화도항","2028-01-09 00:00","567","저조"
"SO_0565","향화도항","2028-01-09 00:00","86","고조"
"SO_0565","향화도항","2028-01-09 00:00","594","저조"
"SO_0565","향화도항","2028-01-09 00:00","140","고조"
"SO_0565","향화도항","2028-01-10 00:00","176","고조"
"SO_0565","향화도항","2028-01-10 00:00","513","저조"
"SO_0565","향화도항","2028-01-10 00:00","575","저조"
"SO_0565","향화도항","2028-01-10 00:00","89","고조"
"SO_0565","향화도항","2028-01-09 00:00","567","저조"
"SO_0565","향화도항","2028-01-09 00:00","86","고조"
"SO_0565","향화도항","2028-01-09 00:00","594","저조"
"SO_0565","향화도항","2028-01-09 00:00","140","고조"
"SO_0565","향화도항","2028-01-10 00:00","176","고조"
"SO_0565","향화도항","2028-01-10 00:00","513","저조"
"SO_0565","향화도항","2028-01-10 00:00","575","저조"
"SO_0565","향화도항","2028-01-10 00:00","89","고조"
"SO_0565","향화도항","2028-01-09 00:00","567","저조"
"SO_0565","향화도항","2028-01-09 00:00","86","고조"
"SO_0565","향화도항","2028-01-09 00:00","594","저조"
"SO_0565","향화도항","2028-01-09 00:00","140","고조"
"SO_0565","향화도항","2028-01-10 00:00","176","고조"
"SO_0565","향화도항","2028-01-10 00:00","513","저조"
"SO_0565","향화도항","2028-01-10 00:00","575","저조"
"SO_0565","향화도항","2028-01-10 00:00","89","고조"
"SO_0565","향화도항","2028-01-09 00:00","567","저조"
"SO_0565","향화도항","2028-01-09 00:00","86","고조"
"SO_0565","향화도항","2028-01-09 00:00","594","저조"
"SO_0565","향화도항","2028-01-09 00:00","140","고조"
"SO_0565","향화도항","2028-01-10 00:00","176","고조"
"SO_0565","향화도항","2028-01-10 00:00","513","저조"
"SO_0565","향화도항","2028-01-10 00:00","575","저조"
"SO_0565","향화도항","2028-01-10 00:00","89","고조"
"SO_0565","향화도항","2028-01-09 00:00","567","저조"
"SO_0565","향화도항","2028-01-09 00:00","86","고조"
"SO_0565","향화도항","2028-01-09 00:00","594","저조"
"SO_0565","향화도항","2028-01-09 00:00","140","고조"
"SO_0565","향화도항","2028-01-10 00:00","176","고조"
"SO_0565","향화도항","2028-01-10 00:00","513","저조"
"SO_0565","향화도항","2028-01-10 00:00","575","저조"
"SO_0565","향화도항","2028-01-10 00:00","89","고조"
"SO_0565","향화도항","2028-01-09 00:00","567","저조"
"SO_0565","향화도항","2028-01-09 00:00","86","고조"
"SO_0565","향화도항","2028-01-09 00:00","594","저조"
"SO_0565","향화도항","2028-01-09 00:00","140","고조"
"SO_0565","향화도항","2028-01-10 00:00","176","고조"
"SO_0565","향화도항","2028-01-10 00:00","513","저조"
"SO_0565","향화도항","2028-01-10 00:00","575","저조"
"SO_0565","향화도항","2028-01-10 00:00","89","고조"
"SO_0565","향화도항","2028-01-09 00:00","567","저조"
"SO_0565","향화도항","2028-01-09 00:00","86","고조"
"SO_0565","향화도항","2028-01-09 00:00","594","저조"
"SO_0565","향화도항","2028-01-09 00:00","140","고조"
"SO_0565","향화도항","2028-01-10 00:00","176","고조"
"SO_0565","향화도항","2028-01-10 00:00","513","저조"
"SO_0565","향화도항","2028-01-10 00:00","575","저조"
"SO_0565","향화도항","2028-01-10 00:00","89","고조"
"SO_0565","향화도항","2028-01-09 00:00","567","저조"
"SO_0565","향화도항","2028-01-09 00:00","86","고조"
"SO_0565","향화도항","2028-01-09 00:00","594","저조"
"SO_0565","향화도항","2028-01-09 00:00","140","고조"
"SO_0565","향화도항","2028-01-10 00:00","176","고조"
"SO_0565","향화도항","2028-01-10 00:00","513","저조"
"SO_0565","향화도항","2028-01-10 00:00","575","저조"
"SO_0565","향화도항","2028-01-10 00:00","89","고조"
"SO_0565","향화도항","2028-01-09 00:00","567","저조"
"SO_0565","향화도항","2028-01-09 00:00","86","고조"
"SO_0565","향화도항","2028-01-09 00:00","594","저조"
"SO_0565","향화도항","2028-01-09 00:00","140","고조"
"SO_0565","향화도항","2028-01-10 00:00","176","고조"
"SO_0565","향화도항","2028-01-10 00:00","513","저조"
"SO_0565","향화도항","2028-01-10 00:00","575","저조"
"SO_0565","향화도항","2028-01-10 00:00","89","고조"
"SO_0565","향화도항","2028-01-09 00:00","567","저조"
"SO_0565","향화도항","2028-01-09 00:00","86","고조"
"SO_0565","향화도항","2028-01-09 00:00","594","저조"
"SO_0565","향화도항","2028-01-09 00:00","140","고조"
"SO_0565","향화도항","2028-01-10 00:00","176","고조"
"SO_0565","향화도항","2028-01-10 00:00","513","저조"
"SO_0565","향화도항","2028-01-10 00:00","575","저조"
"SO_0565","향화도항","2028-01-10 00:00","89","고조"
"SO_0565","향화도항","2028-01-09 00:00","567","저조"
"SO_0565","향화도항","2028-01-09 00:00","86","고조"
"SO_0565","향화도항","2028-01-09 00:00","594","저조"
"SO_0565","향화도항","2028-01-09 00:00","140","고조"
"SO_0565","향화도항","2028-01-10 00:00","176","고조"
"SO_0565","향화도항","2028-01-10 00:00","513","저조"
"SO_0565","향화도항","2028-01-10 00:00","575","저조"
"SO_0565","향화도항","2028-01-10 00:00","89","고조"
"SO_0565","향화도항","2028-01-09 00:00","567","저조"
"SO_0565","향화도항","2028-01-09 00:00","86","고조"
"SO_0565","향화도항","2028-01-09 00:00","594","저조"
"SO_0565","향화도항","2028-01-09 00:00","140","고조"
"SO_0565","향화도항","2028-01-10 00:00","176","고조"
"SO_0565","향화도항","2028-01-10 00:00","513","저조"
"SO_0565","향화도항","2028-01-10 00:00","575","저조"
"SO_0565","향화도항","2028-01-10 00:00","89","고조"
"SO_0565","향화도항","2028-01-09 00:00","567","저조"
"SO_0565","향화도항","2028-01-09 00:00","86","고조"
"SO_0565","향화도항","2028-01-09 00:00","594","저조"
"SO_0565","향화도항","2028-01-09 00:00","140","고조"
"SO_0565","향화도항","2028-01-10 00:00","176","고조"
"SO_0565","향화도항","2028-01-10 00:00","513","저조"
"SO_0565","향화도항","2028-01-10 00:00","575","저조"
"SO_0565","향화도항","2028-01-10 00:00","89","고조"
"SO_0565","향화도항","2028-01-09 00:00","567","저조"
"SO_0565","향화도항","2028-01-09 00:00","86","고조"
"SO_0565","향화도항","2028-01-09 00:00","594","저조"
"SO_0565","향화도항","2028-01-09 00:00","140","고조"
"SO_0565","향화도항","2028-01-10 00:00","176","고조"
"SO_0565","향화도항","2028-01-10 00:00","513","저조"
"SO_0565","향화도항","2028-01-10 00:00","575","저조"
"SO_0565","향화도항","2028-01-10 00:00","89","고조"
"SO_0565","향화도항","2028-01-09 00:00","567","저조"
"SO_0565","향화도항","2028-01-09 00:00","86","고조"
"SO_0565","향화도항","2028-01-09 00:00","594","저조"
"SO_0565","향화도항","2028-01-09 00:00","140","고조"
"SO_0565","향화도항","2028-01-10 00:00","176","고조"
"SO_0565","향화도항","2028-01-10 00:00","513","저조"
"SO_0565","향화도항","2028-01-10 00:00","575","저조"
"SO_0565","향화도항","2028-01-10 00:00","89","고조"
"SO_0565","향화도항","2028-01-09 00:00","567","저조"
"SO_0565","향화도항","2028-01-09 00:00","86","고조"
"SO_0565","향화도항","2028-01-09 00:00","594","저조"
"SO_0565","향화도항","2028-01-09 00:00","140","고조"
"SO_0565","향화도항","2028-01-10 00:00","176","고조"
"SO_0565","향화도항","2028-01-10 00:00","513","저조"
"SO_0565","향화도항","2028-01-10 00:00","575","저조"
"SO_0565","향화도항","2028-01-10 00:00","89","고조"
"SO_0565","향화도항","2028-01-09 00:00","567","저조"
"SO_0565","향화도항","2028-01-09 00:00","86","고조"
"SO_0565","향화도항","2028-01-09 00:00","594","저조"
"SO_0565","향화도항","2028-01-09 00:00","140","고조"
"SO_0565","향화도항","2028-01-10 00:00","176","고조"
"SO_0565","향화도항","2028-01-10 00:00","513","저조"
"SO_0565","향화도항","2028-01-10 00:00","575","저조"
"SO_0565","향화도항","2028-01-10 00:00","89","고조"
"SO_0565","향화도항","2028-01-09 00:00","567","저조"
"SO_0565","향화도항","2028-01-09 00:00","86","고조"
"SO_0565","향화도항","2028-01-09 00:00","594","저조"
"SO_0565","향화도항","2028-01-09 00:00","140","고조"
"SO_0565","향화도항","2028-01-10 00:00","176","고조"
"SO_0565","향화도항","2028-01-10 00:00","513","저조"
"SO_0565","향화도항","2028-01-10 00:00","575","저조"
"SO_0565","향화도항","2028-01-10 00:00","89","고조"
"SO_0565","향화도항","2028-01-09 00:00","567","저조"
"SO_0565","향화도항","2028-01-09 00:00","86","고조"
"SO_0565","향화도항","2028-01-09 00:00","594","저조"
"SO_0565","향화도항","2028-01-09 00:00","140","고조"
"SO_0565","향화도항","2028-01-10 00:00","176","고조"
"SO_0565","향화도항","2028-01-10 00:00","513","저조"
"SO_0565","향화도항","2028-01-10 00:00","575","저조"
"SO_0565","향화도항","2028-01-10 00:00","89","고조"
"SO_0565","향화도항","2028-01-09 00:00","567","저조"
"SO_0565","향화도항","2028-01-09 00:00","86","고조"
"SO_0565","향화도항","2028-01-09 00:00","594","저조"
"SO_0565","향화도항","2028-01-09 00:00","140","고조"
"SO_0565","향화도항","2028-01-10 00:00","176","고조"
"SO_0565","향화도항","2028-01-10 00:00","513","저조"
"SO_0565","향화도항","2028-01-10 00:00","575","저조"
"SO_0565","향화도항","2028-01-10 00:00","89","고조"
"SO_0565","향화도항","2028-01-09 00:00","567","저조"
"SO_0565","향화도항","2028-01-09 00:00","86","고조"
"SO_0565","향화도항","2028-01-09 00:00","594","저조"
"SO_0565","향화도항","2028-01-09 00:00","140","고조"
"SO_0565","향화도항","2028-01-10 00:00","176","고조"
"SO_0565","향화도항","2028-01-10 00:00","513","저조"
"SO_0565","향화도항","2028-01-10 00:00","575","저조"
"SO_0565","향화도항","2028-01-10 00:00","89","고조"
"SO_0565","향화도항","2028-01-09 00:00","567","저조"
"SO_0565","향화도항","2028-01-09 00:00","86","고조"
"SO_0565","향화도항","2028-01-09 00:00","594","저조"
"SO_0565","향화도항","2028-01-09 00:00","140","고조"
"SO_0565","향화도항","2028-01-10 00:00","176","고조"
"SO_0565","향화도항","2028-01-10 00:00","513","저조"
"SO_0565","향화도항","2028-01-10 00:00","575","저조"
"SO_0565","향화도항","2028-01-10 00:00","89","고조"
"SO_0565","향화도항","2028-01-09 00:00","567","저조"
"SO_0565","향화도항","2028-01-09 00:00","86","고조"
"SO_0565","향화도항","2028-01-09 00:00","594","저조"
"SO_0565","향화도항","2028-01-09 00:00","140","고조"
"SO_0565","향화도항","2028-01-10 00:00","176","고조"
"SO_0565","향화도항","2028-01-10 00:00","513","저조"
"SO_0565","향화도항","2028-01-10 00:00","575","저조"
"SO_0565","향화도항","2028-01-10 00:00","89","고조"
"SO_0565","향화도항","2028-01-09 00:00","567","저조"
"SO_0565","향화도항","2028-01-09 00:00","86","고조"
"SO_0565","향화도항","2028-01-09 00:00","594","저조"
"SO_0565","향화도항","2028-01-09 00:00","140","고조"
"SO_0565","향화도항","2028-01-10 00:00","176","고조"
"SO_0565","향화도항","2028-01-10 00:00","513","저조"
"SO_0565","향화도항","2028-01-10 00:00","575","저조"
"SO_0565","향화도항","2028-01-10 00:00","89","고조"
"SO_0565","향화도항","2028-01-09 00:00","567","저조"
"SO_0565","향화도항","2028-01-09 00:00","86","고조"
"SO_0565","향화도항","2028-01-09 00:00","594","저조"
"SO_0565","향화도항","2028-01-09 00:00","140","고조"
"SO_0565","향화도항","2028-01-10 00:00","176","고조"
"SO_0565","향화도항","2028-01-10 00:00","513","저조"
"SO_0565","향화도항","2028-01-10 00:00","575","저조"
"SO_0565","향화도항","2028-01-10 00:00","89","고조"
"SO_0565","향화도항","2028-01-09 00:00","567","저조"
"SO_0565","향화도항","2028-01-09 00:00","86","고조"
"SO_0565","향화도항","2028-01-09 00:00","594","저조"
"SO_0565","향화도항","2028-01-09 00:00","140","고조"
"SO_0565","향화도항","2028-01-10 00:00","176","고조"
"SO_0565","향화도항","2028-01-10 00:00","513","저조"
"SO_0565","향화도항","2028-01-10 00:00","575","저조"
"SO_0565","향화도항","2028-01-10 00:00","89","고조"
"SO_0565","향화도항","2028-01-09 00:00","567","저조"
"SO_0565","향화도항","2028-01-09 00:00","86","고조"
"SO_0565","향화도항","2028-01-09 00:00","594","저조"
"SO_0565","향화도항","2028-01-09 00:00","140","고조"
"SO_0565","향화도항","2028-01-10 00:00","176","고조"
"SO_0565","향화도항","2028-01-10 00:00","513","저조"
"SO_0565","향화도항","2028-01-10 00:00","575","저조"
"SO_0565","향화도항","2028-01-10 00:00","89","고조"
"SO_0565","향화도항","2028-01-09 00:00","567","저조"
"SO_0565","향화도항","2028-01-09 00:00","86","고조"
"SO_0565","향화도항","2028-01-09 00:00","594","저조"
"SO_0565","향화도항","2028-01-09 00:00","140","고조"
"SO_0565","향화도항","2028-01-10 00:00","176","고조"
"SO_0565","향화도항","2028-01-10 00:00","513","저조"
"SO_0565","향화도항","2028-01-10 00:00","575","저조"
"SO_0565","향화도항","2028-01-10 00:00","89","고조"
"SO_0565","향화도항","2028-01-09 00:00","567","저조"
"SO_0565","향화도항","2028-01-09 00:00","86","고조"
"SO_0565","향화도항","2028-01-09 00:00","594","저조"
"SO_0565","향화도항","2028-01-09 00:00","140","고조"
"SO_0565","향화도항","2028-01-10 00:00","176","고조"
"SO_0565","향화도항","2028-01-10 00:00","513","저조"
"SO_0565","향화도항","2028-01-10 00:00","575","저조"
"SO_0565","향화도항","2028-01-10 00:00","89","고조"
"SO_0565","향화도항","2028-01-09 00:00","567","저조"
"SO_0565","향화도항","2028-01-09 00:00","86","고조"
"SO_0565","향화도항","2028-01-09 00:00","594","저조"
"SO_0565","향화도항","2028-01-09 00:00","140","고조"
"SO_0565","향화도항","2028-01-10 00:00","176","고조"
"SO_0565","향화도항","2028-01-10 00:00","513","저조"
"SO_0565","향화도항","2028-01-10 00:00","575","저조"
"SO_0565","향화도항","2028-01-10 00:00","89","고조"
"SO_0565","향화도항","2028-01-09 00:00","567","저조"
"SO_0565","향화도항","2028-01-09 00:00","86","고조"
"SO_0565","향화도항","2028-01-09 00:00","594","저조"
"SO_0565","향화도항","2028-01-09 00:00","140","고조"
"SO_0565","향화도항","2028-01-10 00:00","176","고조"
"SO_0565","향화도항","2028-01-10 00:00","513","저조"
"SO_0565","향화도항","2028-01-10 00:00","575","저조"
"SO_0565","향화도항","2028-01-10 00:00","89","고조"
"SO_0565","향화도항","2028-01-09 00:00","567","저조"
"SO_0565","향화도항","2028-01-09 00:00","86","고조"
"SO_0565","향화도항","2028-01-09 00:00","594","저조"
"SO_0565","향화도항","2028-01-09 00:00","140","고조"
"SO_0565","향화도항","2028-01-10 00:00","176","고조"
"SO_0565","향화도항","2028-01-10 00:00","513","저조"
"SO_0565","향화도항","2028-01-10 00:00","575","저조"
"SO_0565","향화도항","2028-01-10 00:00","89","고조"
"SO_0565","향화도항","2028-01-09 00:00","567","저조"
"SO_0565","향화도항","2028-01-09 00:00","86","고조"
"SO_0565","향화도항","2028-01-09 00:00","594","저조"
"SO_0565","향화도항","2028-01-09 00:00","140","고조"
"SO_0565","향화도항","2028-01-10 00:00","176","고조"
"SO_0565","향화도항","2028-01-10 00:00","513","저조"
"SO_0565","향화도항","2028-01-10 00:00","575","저조"
"SO_0565","향화도항","2028-01-10 00:00","89","고조"
"SO_0565","향화도항","2028-01-09 00:00","567","저조"
"SO_0565","향화도항","2028-01-09 00:00","86","고조"
"SO_0565","향화도항","2028-01-09 00:00","594","저조"
"SO_0565","향화도항","2028-01-09 00:00","140","고조"
"SO_0565","향화도항","2028-01-10 00:00","176","고조"
"SO_0565","향화도항","2028-01-10 00:00","513","저조"
"SO_0565","향화도항","2028-01-10 00:00","575","저조"
"SO_0565","향화도항","2028-01-10 00:00","89","고조"
"SO_0565","향화도항","2028-01-09 00:00","567","저조"
"SO_0565","향화도항","2028-01-09 00:00","86","고조"
"SO_0565","향화도항","2028-01-09 00:00","594","저조"
"SO_0565","향화도항","2028-01-09 00:00","140","고조"
"SO_0565","향화도항","2028-01-10 00:00","176","고조"
"SO_0565","향화도항","2028-01-10 00:00","513","저조"
"SO_0565","향화도항","2028-01-10 00:00","575","저조"
"SO_0565","향화도항","2028-01-10 00:00","89","고조"
"SO_0565","향화도항","2028-01-09 00:00","567","저조"
"SO_0565","향화도항","2028-01-09 00:00","86","고조"
"SO_0565","향화도항","2028-01-09 00:00","594","저조"
"SO_0565","향화도항","2028-01-09 00:00","140","고조"
"SO_0565","향화도항","2028-01-10 00:00","176","고조"
"SO_0565","향화도항","2028-01-10 00:00","513","저조"
"SO_0565","향화도항","2028-01-10 00:00","575","저조"
"SO_0565","향화도항","2028-01-10 00:00","89","고조"
"SO_0565","향화도항","2028-01-09 00:00","567","저조"
"SO_0565","향화도항","2028-01-09 00:00","86","고조"
"SO_0565","향화도항","2028-01-09 00:00","594","저조"
"SO_0565","향화도항","2028-01-09 00:00","140","고조"
"SO_0565","향화도항","2028-01-10 00:00","176","고조"
"SO_0565","향화도항","2028-01-10 00:00","513","저조"
"SO_0565","향화도항","2028-01-10 00:00","575","저조"
"SO_0565","향화도항","2028-01-10 00:00","89","고조"
"SO_0565","향화도항","2028-01-09 00:00","567","저조"
"SO_0565","향화도항","2028-01-09 00:00","86","고조"
"SO_0565","향화도항","2028-01-09 00:00","594","저조"
"SO_0565","향화도항","2028-01-09 00:00","140","고조"
"SO_0565","향화도항","2028-01-10 00:00","176","고조"
"SO_0565","향화도항","2028-01-10 00:00","513","저조"
"SO_0565","향화도항","2028-01-10 00:00","575","저조"
"SO_0565","향화도항","2028-01-10 00:00","89","고조"
"SO_0565","향화도항","2028-01-09 00:00","567","저조"
"SO_0565","향화도항","2028-01-09 00:00","86","고조"
"SO_0565","향화도항","2028-01-09 00:00","594","저조"
"SO_0565","향화도항","2028-01-09 00:00","140","고조"
"SO_0565","향화도항","2028-01-10 00:00","176","고조"
"SO_0565","향화도항","2028-01-10 00:00","513","저조"
"SO_0565","향화도항","2028-01-10 00:00","575","저조"
"SO_0565","향화도항","2028-01-10 00:00","89","고조"
"SO_0565","향화도항","2028-01-09 00:00","567","저조"
"SO_0565","향화도항","2028-01-09 00:00","86","고조"
"SO_0565","향화도항","2028-01-09 00:00","594","저조"
"SO_0565","향화도항","2028-01-09 00:00","140","고조"
"SO_0565","향화도항","2028-01-10 00:00","176","고조"
"SO_0565","향화도항","2028-01-10 00:00","513","저조"
"SO_0565","향화도항","2028-01-10 00:00","575","저조"
"SO_0565","향화도항","2028-01-10 00:00","89","고조"
"SO_0565","향화도항","2028-01-09 00:00","567","저조"
"SO_0565","향화도항","2028-01-09 00:00","86","고조"
"SO_0565","향화도항","2028-01-09 00:00","594","저조"
"SO_0565","향화도항","2028-01-09 00:00","140","고조"
"SO_0565","향화도항","2028-01-10 00:00","176","고조"
"SO_0565","향화도항","2028-01-10 00:00","513","저조"
"SO_0565","향화도항","2028-01-10 00:00","575","저조"
"SO_0565","향화도항","2028-01-10 00:00","89","고조"
"SO_0565","향화도항","2028-01-09 00:00","567","저조"
"SO_0565","향화도항","2028-01-09 00:00","86","고조"
"SO_0565","향화도항","2028-01-09 00:00","594","저조"
"SO_0565","향화도항","2028-01-09 00:00","140","고조"
"SO_0565","향화도항","2028-01-10 00:00","176","고조"
"SO_0565","향화도항","2028-01-10 00:00","513","저조"
"SO_0565","향화도항","2028-01-10 00:00","575","저조"
"SO_0565","향화도항","2028-01-10 00:00","89","고조"
"SO_0565","향화도항","2028-01-09 00:00","567","저조"
"SO_0565","향화도항","2028-01-09 00:00","86","고조"
"SO_0565","향화도항","2028-01-09 00:00","594","저조"
"SO_0565","향화도항","2028-01-09 00:00","140","고조"
"SO_0565","향화도항","2028-01-10 00:00","176","고조"
"SO_0565","향화도항","2028-01-10 00:00","513","저조"
"SO_0565","향화도항","2028-01-10 00:00","575","저조"
"SO_0565","향화도항","2028-01-10 00:00","89","고조"
"SO_0565","향화도항","2028-01-09 00:00","567","저조"
"SO_0565","향화도항","2028-01-09 00:00","86","고조"
"SO_0565","향화도항","2028-01-09 00:00","594","저조"
"SO_0565","향화도항","2028-01-09 00:00","140","고조"
"SO_0565","향화도항","2028-01-10 00:00","176","고조"
"SO_0565","향화도항","2028-01-10 00:00","513","저조"
"SO_0565","향화도항","2028-01-10 00:00","575","저조"
"SO_0565","향화도항","2028-01-10 00:00","89","고조"
"SO_0565","향화도항","2028-01-09 00:00","567","저조"
"SO_0565","향화도항","2028-01-09 00:00","86","고조"
"SO_0565","향화도항","2028-01-09 00:00","594","저조"
"SO_0565","향화도항","2028-01-09 00:00","140","고조"
"SO_0565","향화도항","2028-01-10 00:00","176","고조"
"SO_0565","향화도항","2028-01-10 00:00","513","저조"
"SO_0565","향화도항","2028-01-10 00:00","575","저조"
"SO_0565","향화도항","2028-01-10 00:00","89","고조"
"SO_0565","향화도항","2028-01-09 00:00","567","저조"
"SO_0565","향화도항","2028-01-09 00:00","86","고조"
"SO_0565","향화도항","2028-01-09 00:00","594","저조"
"SO_0565","향화도항","2028-01-09 00:00","140","고조"
"SO_0565","향화도항","2028-01-10 00:00","176","고조"
"SO_0565","향화도항","2028-01-10 00:00","513","저조"
"SO_0565","향화도항","2028-01-10 00:00","575","저조"
"SO_0565","향화도항","2028-01-10 00:00","89","고조"
"SO_0565","향화도항","2028-01-09 00:00","567","저조"
"SO_0565","향화도항","2028-01-09 00:00","86","고조"
"SO_0565","향화도항","2028-01-09 00:00","594","저조"
"SO_0565","향화도항","2028-01-09 00:00","140","고조"
"SO_0565","향화도항","2028-01-10 00:00","176","고조"
"SO_0565","향화도항","2028-01-10 00:00","513","저조"
"SO_0565","향화도항","2028-01-10 00:00","575","저조"
"SO_0565","향화도항","2028-01-10 00:00","89","고조"
"SO_0565","향화도항","2028-01-09 00:00","567","저조"
"SO_0565","향화도항","2028-01-09 00:00","86","고조"
"SO_0565","향화도항","2028-01-09 00:00","594","저조"
"SO_0565","향화도항","2028-01-09 00:00","140","고조"
"SO_0565","향화도항","2028-01-10 00:00","176","고조"
"SO_0565","향화도항","2028-01-10 00:00","513","저조"
"SO_0565","향화도항","2028-01-10 00:00","575","저조"
"SO_0565","향화도항","2028-01-10 00:00","89","고조"
"SO_0565","향화도항","2028-01-09 00:00","567","저조"
"SO_0565","향화도항","2028-01-09 00:00","86","고조"
"SO_0565","향화도항","2028-01-09 00:00","594","저조"
"SO_0565","향화도항","2028-01-09 00:00","140","고조"
"SO_0565","향화도항","2028-01-10 00:00","176","고조"
"SO_0565","향화도항","2028-01-10 00:00","513","저조"
"SO_0565","향화도항","2028-01-10 00:00","575","저조"
"SO_0565","향화도항","2028-01-10 00:00","89","고조"
"SO_0565","향화도항","2028-01-09 00:00","567","저조"
"SO_0565","향화도항","2028-01-09 00:00","86","고조"
"SO_0565","향화도항","2028-01-09 00:00","594","저조"
"SO_0565","향화도항","2028-01-09 00:00","140","고조"
"SO_0565","향화도항","2028-01-10 00:00","176","고조"
"SO_0565","향화도항","2028-01-10 00:00","513","저조"
"SO_0565","향화도항","2028-01-10 00:00","575","저조"
"SO_0565","향화도항","2028-01-10 00:00","89","고조"
"SO_0565","향화도항","2028-01-09 00:00","567","저조"
"SO_0565","향화도항","2028-01-09 00:00","86","고조"
"SO_0565","향화도항","2028-01-09 00:00","594","저조"
"SO_0565","향화도항","2028-01-09 00:00","140","고조"
"SO_0565","향화도항","2028-01-10 00:00","176","고조"
"SO_0565","향화도항","2028-01-10 00:00","513","저조"
"SO_0565","향화도항","2028-01-10 00:00","575","저조"
"SO_0565","향화도항","2028-01-10 00:00","89","고조"
"SO_0565","향화도항","2028-01-09 00:00","567","저조"
"SO_0565","향화도항","2028-01-09 00:00","86","고조"
"SO_0565","향화도항","2028-01-09 00:00","594","저조"
"SO_0565","향화도항","2028-01-09 00:00","140","고조"
"SO_0565","향화도항","2028-01-10 00:00","176","고조"
"SO_0565","향화도항","2028-01-10 00:00","513","저조"
"SO_0565","향화도항","2028-01-10 00:00","575","저조"
"SO_0565","향화도항","2028-01-10 00:00","89","고조"
"SO_0565","향화도항","2028-01-09 00:00","567","저조"
"SO_0565","향화도항","2028-01-09 00:00","86","고조"
"SO_0565","향화도항","2028-01-09 00:00","594","저조"
"SO_0565","향화도항","2028-01-09 00:00","140","고조"
"SO_0565","향화도항","2028-01-10 00:00","176","고조"
"SO_0565","향화도항","2028-01-10 00:00","513","저조"
"SO_0565","향화도항","2028-01-10 00:00","575","저조"
"SO_0565","향화도항","2028-01-10 00:00","89","고조"
"SO_0565","향화도항","2028-01-09 00:00","567","저조"
"SO_0565","향화도항","2028-01-09 00:00","86","고조"
"SO_0565","향화도항","2028-01-09 00:00","594","저조"
"SO_0565","향화도항","2028-01-09 00:00","140","고조"
"SO_0565","향화도항","2028-01-10 00:00","176","고조"
"SO_0565","향화도항","2028-01-10 00:00","513","저조"
"SO_0565","향화도항","2028-01-10 00:00","575","저조"
"SO_0565","향화도항","2028-01-10 00:00","89","고조"
"SO_0565","향화도항","2028-01-09 00:00","567","저조"
"SO_0565","향화도항","2028-01-09 00:00","86","고조"
"SO_0565","향화도항","2028-01-09 00:00","594","저조"
"SO_0565","향화도항","2028-01-09 00:00","140","고조"
"SO_0565","향화도항","2028-01-10 00:00","176","고조"
"SO_0565","향화도항","2028-01-10 00:00","513","저조"
"SO_0565","향화도항","2028-01-10 00:00","575","저조"
"SO_0565","향화도항","2028-01-10 00:00","89","고조"
"SO_0565","향화도항","2028-01-09 00:00","567","저조"
"SO_0565","향화도항","2028-01-09 00:00","86","고조"
"SO_0565","향화도항","2028-01-09 00:00","594","저조"
"SO_0565","향화도항","2028-01-09 00:00","140","고조"
"SO_0565","향화도항","2028-01-10 00:00","176","고조"
"SO_0565","향화도항","2028-01-10 00:00","513","저조"
"SO_0565","향화도항","2028-01-10 00:00","575","저조"
"SO_0565","향화도항","2028-01-10 00:00","89","고조"
"SO_0565","향화도항","2028-01-09 00:00","567","저조"
"SO_0565","향화도항","2028-01-09 00:00","86","고조"
"SO_0565","향화도항","2028-01-09 00:00","594","저조"
"SO_0565","향화도항","2028-01-09 00:00","140","고조"
"SO_0565","향화도항","2028-01-10 00:00","176","고조"
"SO_0565","향화도항","2028-01-10 00:00","513","저조"
"SO_0565","향화도항","2028-01-10 00:00","575","저조"
"SO_0565","향화도항","2028-01-10 00:00","89","고조"
"SO_0565","향화도항","2028-01-09 00:00","567","저조"
"SO_0565","향화도항","2028-01-09 00:00","86","고조"
"SO_0565","향화도항","2028-01-09 00:00","594","저조"
"SO_0565","향화도항","2028-01-09 00:00","140","고조"
"SO_0565","향화도항","2028-01-10 00:00","176","고조"
"SO_0565","향화도항","2028-01-10 00:00","513","저조"
"SO_0565","향화도항","2028-01-10 00:00","575","저조"
"SO_0565","향화도항","2028-01-10 00:00","89","고조"
"SO_0565","향화도항","2028-01-09 00:00","567","저조"
"SO_0565","향화도항","2028-01-09 00:00","86","고조"
"SO_0565","향화도항","2028-01-09 00:00","594","저조"
"SO_0565","향화도항","2028-01-09 00:00","140","고조"
"SO_0565","향화도항","2028-01-10 00:00","176","고조"
"SO_0565","향화도항","2028-01-10 00:00","513","저조"
"SO_0565","향화도항","2028-01-10 00:00","575","저조"
"SO_0565","향화도항","2028-01-10 00:00","89","고조"
"SO_0565","향화도항","2028-01-09 00:00","567","저조"
"SO_0565","향화도항","2028-01-09 00:00","86","고조"
"SO_0565","향화도항","2028-01-09 00:00","594","저조"
"SO_0565","향화도항","2028-01-09 00:00","140","고조"
"SO_0565","향화도항","2028-01-10 00:00","176","고조"
"SO_0565","향화도항","2028-01-10 00:00","513","저조"
"SO_0565","향화도항","2028-01-10 00:00","575","저조"
"SO_0565","향화도항","2028-01-10 00:00","89","고조"
"SO_0565","향화도항","2028-01-09 00:00","567","저조"
"SO_0565","향화도항","2028-01-09 00:00","86","고조"
"SO_0565","향화도항","2028-01-09 00:00","594","저조"
"SO_0565","향화도항","2028-01-09 00:00","140","고조"
"SO_0565","향화도항","2028-01-10 00:00","176","고조"
"SO_0565","향화도항","2028-01-10 00:00","513","저조"
"SO_0565","향화도항","2028-01-10 00:00","575","저조"
"SO_0565","향화도항","2028-01-10 00:00","89","고조"
"SO_0565","향화도항","2028-01-09 00:00","567","저조"
"SO_0565","향화도항","2028-01-09 00:00","86","고조"
"SO_0565","향화도항","2028-01-09 00:00","594","저조"
"SO_0565","향화도항","2028-01-09 00:00","140","고조"
"SO_0565","향화도항","2028-01-10 00:00","176","고조"
"SO_0565","향화도항","2028-01-10 00:00","513","저조"
"SO_0565","향화도항","2028-01-10 00:00","575","저조"
"SO_0565","향화도항","2028-01-10 00:00","89","고조"
"SO_0565","향화도항","2028-01-09 00:00","567","저조"
"SO_0565","향화도항","2028-01-09 00:00","86","고조"
"SO_0565","향화도항","2028-01-09 00:00","594","저조"
"SO_0565","향화도항","2028-01-09 00:00","140","고조"
"SO_0565","향화도항","2028-01-10 00:00","176","고조"
"SO_0565","향화도항","2028-01-10 00:00","513","저조"
"SO_0565","향화도항","2028-01-10 00:00","575","저조"
"SO_0565","향화도항","2028-01-10 00:00","89","고조"
"SO_0565","향화도항","2028-01-09 00:00","567","저조"
"SO_0565","향화도항","2028-01-09 00:00","86","고조"
"SO_0565","향화도항","2028-01-09 00:00","594","저조"
"SO_0565","향화도항","2028-01-09 00:00","140","고조"
"SO_0565","향화도항","2028-01-10 00:00","176","고조"
"SO_0565","향화도항","2028-01-10 00:00","513","저조"
"SO_0565","향화도항","2028-01-10 00:00","575","저조"
"SO_0565","향화도항","2028-01-10 00:00","89","고조"
"SO_0565","향화도항","2028-01-09 00:00","567","저조"
"SO_0565","향화도항","2028-01-09 00:00","86","고조"
"SO_0565","향화도항","2028-01-09 00:00","594","저조"
"SO_0565","향화도항","2028-01-09 00:00","140","고조"
"SO_0565","향화도항","2028-01-10 00:00","176","고조"
"SO_0565","향화도항","2028-01-10 00:00","513","저조"
"SO_0565","향화도항","2028-01-10 00:00","575","저조"
"SO_0565","향화도항","2028-01-10 00:00","89","고조"
"SO_0565","향화도항","2028-01-09 00:00","567","저조"
"SO_0565","향화도항","2028-01-09 00:00","86","고조"
"SO_0565","향화도항","2028-01-09 00:00","594","저조"
"SO_0565","향화도항","2028-01-09 00:00","140","고조"
"SO_0565","향화도항","2028-01-10 00:00","176","고조"
"SO_0565","향화도항","2028-01-10 00:00","513","저조"
"SO_0565","향화도항","2028-01-10 00:00","575","저조"
"SO_0565","향화도항","2028-01-10 00:00","89","고조"
"SO_0565","향화도항","2028-01-09 00:00","567","저조"
"SO_0565","향화도항","2028-01-09 00:00","86","고조"
"SO_0565","향화도항","2028-01-09 00:00","594","저조"
"SO_0565","향화도항","2028-01-09 00:00","140","고조"
"SO_0565","향화도항","2028-01-10 00:00","176","고조"
"SO_0565","향화도항","2028-01-10 00:00","513","저조"
"SO_0565","향화도항","2028-01-10 00:00","575","저조"
"SO_0565","향화도항","2028-01-10 00:00","89","고조"
"SO_0565","향화도항","2028-01-09 00:00","567","저조"
"SO_0565","향화도항","2028-01-09 00:00","86","고조"
"SO_0565","향화도항","2028-01-09 00:00","594","저조"
"SO_0565","향화도항","2028-01-09 00:00","140","고조"
"SO_0565","향화도항","2028-01-10 00:00","176","고조"
"SO_0565","향화도항","2028-01-10 00:00","513","저조"
"SO_0565","향화도항","2028-01-10 00:00","575","저조"
"SO_0565","향화도항","2028-01-10 00:00","89","고조"
"SO_0565","향화도항","2028-01-09 00:00","567","저조"
"SO_0565","향화도항","2028-01-09 00:00","86","고조"
"SO_0565","향화도항","2028-01-09 00:00","594","저조"
"SO_0565","향화도항","2028-01-09 00:00","140","고조"
"SO_0565","향화도항","2028-01-10 00:00","176","고조"
"SO_0565","향화도항","2028-01-10 00:00","513","저조"
"SO_0565","향화도항","2028-01-10 00:00","575","저조"
"SO_0565","향화도항","2028-01-10 00:00","89","고조"
"SO_0565","향화도항","2028-01-09 00:00","567","저조"
"SO_0565","향화도항","2028-01-09 00:00","86","고조"
"SO_0565","향화도항","2028-01-09 00:00","594","저조"
"SO_0565","향화도항","2028-01-09 00:00","140","고조"
"SO_0565","향화도항","2028-01-10 00:00","176","고조"
"SO_0565","향화도항","2028-01-10 00:00","513","저조"
"SO_0565","향화도항","2028-01-10 00:00","575","저조"
"SO_0565","향화도항","2028-01-10 00:00","89","고조"
"SO_0565","향화도항","2028-01-09 00:00","567","저조"
"SO_0565","향화도항","2028-01-09 00:00","86","고조"
"SO_0565","향화도항","2028-01-09 00:00","594","저조"
"SO_0565","향화도항","2028-01-09 00:00","140","고조"
"SO_0565","향화도항","2028-01-10 00:00","176","고조"
"SO_0565","향화도항","2028-01-10 00:00","513","저조"
"SO_0565","향화도항","2028-01-10 00:00","575","저조"
"SO_0565","향화도항","2028-01-10 00:00","89","고조"
"SO_0565","향화도항","2028-01-09 00:00","567","저조"
"SO_0565","향화도항","2028-01-09 00:00","86","고조"
"SO_0565","향화도항","2028-01-09 00:00","594","저조"
"SO_0565","향화도항","2028-01-09 00:00","140","고조"
"SO_0565","향화도항","2028-01-10 00:00","176","고조"
"SO_0565","향화도항","2028-01-10 00:00","513","저조"
"SO_0565","향화도항","2028-01-10 00:00","575","저조"
"SO_0565","향화도항","2028-01-10 00:00","89","고조"
"SO_0565","향화도항","2028-01-09 00:00","567","저조"
"SO_0565","향화도항","2028-01-09 00:00","86","고조"
"SO_0565","향화도항","2028-01-09 00:00","594","저조"
"SO_0565","향화도항","2028-01-09 00:00","140","고조"
"SO_0565","향화도항","2028-01-10 00:00","176","고조"
"SO_0565","향화도항","2028-01-10 00:00","513","저조"
"SO_0565","향화도항","2028-01-10 00:00","575","저조"
"SO_0565","향화도항","2028-01-10 00:00","89","고조"
"SO_0565","향화도항","2028-01-09 00:00","567","저조"
"SO_0565","향화도항","2028-01-09 00:00","86","고조"
"SO_0565","향화도항","2028-01-09 00:00","594","저조"
"SO_0565","향화도항","2028-01-09 00:00","140","고조"
"SO_0565","향화도항","2028-01-10 00:00","176","고조"
"SO_0565","향화도항","2028-01-10 00:00","513","저조"
"SO_0565","향화도항","2028-01-10 00:00","575","저조"
"SO_0565","향화도항","2028-01-10 00:00","89","고조"
"SO_0565","향화도항","2028-01-09 00:00","567","저조"
"SO_0565","향화도항","2028-01-09 00:00","86","고조"
"SO_0565","향화도항","2028-01-09 00:00","594","저조"
"SO_0565","향화도항","2028-01-09 00:00","140","고조"
"SO_0565","향화도항","2028-01-10 00:00","176","고조"
"SO_0565","향화도항","2028-01-10 00:00","513","저조"
"SO_0565","향화도항","2028-01-10 00:00","575","저조"
"SO_0565","향화도항","2028-01-10 00:00","89","고조"
"SO_0565","향화도항","2028-01-09 00:00","567","저조"
"SO_0565","향화도항","2028-01-09 00:00","86","고조"
"SO_0565","향화도항","2028-01-09 00:00","594","저조"
"SO_0565","향화도항","2028-01-09 00:00","140","고조"
"SO_0565","향화도항","2028-01-10 00:00","176","고조"
"SO_0565","향화도항","2028-01-10 00:00","513","저조"
"SO_0565","향화도항","2028-01-10 00:00","575","저조"
"SO_0565","향화도항","2028-01-10 00:00","89","고조"
"SO_0565","향화도항","2028-01-09 00:00","567","저조"
"SO_0565","향화도항","2028-01-09 00:00","86","고조"
"SO_0565","향화도항","2028-01-09 00:00","594","저조"
"SO_0565","향화도항","2028-01-09 00:00","140","고조"
"SO_0565","향화도항","2028-01-10 00:00","176","고조"
"SO_0565","향화도항","2028-01-10 00:00","513","저조"
"SO_0565","향화도항","2028-01-10 00:00","575","저조"
"SO_0565","향화도항","2028-01-10 00:00","89","고조"
"SO_0565","향화도항","2028-01-09 00:00","567","저조"
"SO_0565","향화도항","2028-01-09 00:00","86","고조"
"SO_0565","향화도항","2028-01-09 00:00","594","저조"
"SO_0565","향화도항","2028-01-09 00:00","140","고조"
"SO_0565","향화도항","2028-01-10 00:00","176","고조"
"SO_0565","향화도항","2028-01-10 00:00","513","저조"
"SO_0565","향화도항","2028-01-10 00:00","575","저조"
"SO_0565","향화도항","2028-01-10 00:00","89","고조"
"SO_0565","향화도항","2028-01-09 00:00","567","저조"
"SO_0565","향화도항","2028-01-09 00:00","86","고조"
"SO_0565","향화도항","2028-01-09 00:00","594","저조"
"SO_0565","향화도항","2028-01-09 00:00","140","고조"
"SO_0565","향화도항","2028-01-10 00:00","176","고조"
"SO_0565","향화도항","2028-01-10 00:00","513","저조"
"SO_0565","향화도항","2028-01-10 00:00","575","저조"
"SO_0565","향화도항","2028-01-10 00:00","89","고조"
"SO_0565","향화도항","2028-01-09 00:00","567","저조"
"SO_0565","향화도항","2028-01-09 00:00","86","고조"
"SO_0565","향화도항","2028-01-09 00:00","594","저조"
"SO_0565","향화도항","2028-01-09 00:00","140","고조"
"SO_0565","향화도항","2028-01-10 00:00","176","고조"
"SO_0565","향화도항","2028-01-10 00:00","513","저조"
"SO_0565","향화도항","2028-01-10 00:00","575","저조"
"SO_0565","향화도항","2028-01-10 00:00","89","고조"
"SO_0565","향화도항","2028-01-09 00:00","567","저조"
"SO_0565","향화도항","2028-01-09 00:00","86","고조"
"SO_0565","향화도항","2028-01-09 00:00","594","저조"
"SO_0565","향화도항","2028-01-09 00:00","140","고조"
"SO_0565","향화도항","2028-01-10 00:00","176","고조"
"SO_0565","향화도항","2028-01-10 00:00","513","저조"
"SO_0565","향화도항","2028-01-10 00:00","575","저조"
"SO_0565","향화도항","2028-01-10 00:00","89","고조"
"SO_0565","향화도항","2028-01-09 00:00","567","저조"
"SO_0565","향화도항","2028-01-09 00:00","86","고조"
"SO_0565","향화도항","2028-01-09 00:00","594","저조"
"SO_0565","향화도항","2028-01-09 00:00","140","고조"
"SO_0565","향화도항","2028-01-10 00:00","176","고조"
"SO_0565","향화도항","2028-01-10 00:00","513","저조"
"SO_0565","향화도항","2028-01-10 00:00","575","저조"
"SO_0565","향화도항","2028-01-10 00:00","89","고조"
"SO_0565","향화도항","2028-01-09 00:00","567","저조"
"SO_0565","향화도항","2028-01-09 00:00","86","고조"
"SO_0565","향화도항","2028-01-09 00:00","594","저조"
"SO_0565","향화도항","2028-01-09 00:00","140","고조"
"SO_0565","향화도항","2028-01-10 00:00","176","고조"
"SO_0565","향화도항","2028-01-10 00:00","513","저조"
"SO_0565","향화도항","2028-01-10 00:00","575","저조"
"SO_0565","향화도항","2028-01-10 00:00","89","고조"
"SO_0565","향화도항","2028-01-09 00:00","567","저조"
"SO_0565","향화도항","2028-01-09 00:00","86","고조"
"SO_0565","향화도항","2028-01-09 00:00","594","저조"
"SO_0565","향화도항","2028-01-09 00:00","140","고조"
"SO_0565","향화도항","2028-01-10 00:00","176","고조"
"SO_0565","향화도항","2028-01-10 00:00","513","저조"
"SO_0565","향화도항","2028-01-10 00:00","575","저조"
"SO_0565","향화도항","2028-01-10 00:00","89","고조"
"SO_0565","향화도항","2028-01-09 00:00","567","저조"
"SO_0565","향화도항","2028-01-09 00:00","86","고조"
"SO_0565","향화도항","2028-01-09 00:00","594","저조"
"SO_0565","향화도항","2028-01-09 00:00","140","고조"
"SO_0565","향화도항","2028-01-10 00:00","176","고조"
"SO_0565","향화도항","2028-01-10 00:00","513","저조"
"SO_0565","향화도항","2028-01-10 00:00","575","저조"
"SO_0565","향화도항","2028-01-10 00:00","89","고조"
"SO_0565","향화도항","2028-01-09 00:00","567","저조"
"SO_0565","향화도항","2028-01-09 00:00","86","고조"
"SO_0565","향화도항","2028-01-09 00:00","594","저조"
"SO_0565","향화도항","2028-01-09 00:00","140","고조"
"SO_0565","향화도항","2028-01-10 00:00","176","고조"
"SO_0565","향화도항","2028-01-10 00:00","513","저조"
"SO_0565","향화도항","2028-01-10 00:00","575","저조"
"SO_0565","향화도항","2028-01-10 00:00","89","고조"
"SO_0565","향화도항","2028-01-09 00:00","567","저조"
"SO_0565","향화도항","2028-01-09 00:00","86","고조"
"SO_0565","향화도항","2028-01-09 00:00","594","저조"
"SO_0565","향화도항","2028-01-09 00:00","140","고조"
"SO_0565","향화도항","2028-01-10 00:00","176","고조"
"SO_0565","향화도항","2028-01-10 00:00","513","저조"
"SO_0565","향화도항","2028-01-10 00:00","575","저조"
"SO_0565","향화도항","2028-01-10 00:00","89","고조"
"SO_0565","향화도항","2028-01-09 00:00","567","저조"
"SO_0565","향화도항","2028-01-09 00:00","86","고조"
"SO_0565","향화도항","2028-01-09 00:00","594","저조"
"SO_0565","향화도항","2028-01-09 00:00","140","고조"
"SO_0565","향화도항","2028-01-10 00:00","176","고조"
"SO_0565","향화도항","2028-01-10 00:00","513","저조"
"SO_0565","향화도항","2028-01-10 00:00","575","저조"
"SO_0565","향화도항","2028-01-10 00:00","89","고조"
"SO_0565","향화도항","2028-01-09 00:00","567","저조"
"SO_0565","향화도항","2028-01-09 00:00","86","고조"
"SO_0565","향화도항","2028-01-09 00:00","594","저조"
"SO_0565","향화도항","2028-01-09 00:00","140","고조"
"SO_0565","향화도항","2028-01-10 00:00","176","고조"
"SO_0565","향화도항","2028-01-10 00:00","513","저조"
"SO_0565","향화도항","2028-01-10 00:00","575","저조"
"SO_0565","향화도항","2028-01-10 00:00","89","고조"
"SO_0565","향화도항","2028-01-09 00:00","567","저조"
"SO_0565","향화도항","2028-01-09 00:00","86","고조"
"SO_0565","향화도항","2028-01-09 00:00","594","저조"
"SO_0565","향화도항","2028-01-09 00:00","140","고조"
"SO_0565","향화도항","2028-01-10 00:00","176","고조"
"SO_0565","향화도항","2028-01-10 00:00","513","저조"
"SO_0565","향화도항","2028-01-10 00:00","575","저조"
"SO_0565","향화도항","2028-01-10 00:00","89","고조"
"SO_0565","향화도항","2028-01-09 00:00","567","저조"
"SO_0565","향화도항","2028-01-09 00:00","86","고조"
"SO_0565","향화도항","2028-01-09 00:00","594","저조"
"SO_0565","향화도항","2028-01-09 00:00","140","고조"
"SO_0565","향화도항","2028-01-10 00:00","176","고조"
"SO_0565","향화도항","2028-01-10 00:00","513","저조"
"SO_0565","향화도항","2028-01-10 00:00","575","저조"
"SO_0565","향화도항","2028-01-10 00:00","89","고조"
"SO_0565","향화도항","2028-01-09 00:00","567","저조"
"SO_0565","향화도항","2028-01-09 00:00","86","고조"
"SO_0565","향화도항","2028-01-09 00:00","594","저조"
"SO_0565","향화도항","2028-01-09 00:00","140","고조"
"SO_0565","향화도항","2028-01-10 00:00","176","고조"
"SO_0565","향화도항","2028-01-10 00:00","513","저조"
"SO_0565","향화도항","2028-01-10 00:00","575","저조"
"SO_0565","향화도항","2028-01-10 00:00","89","고조"
"SO_0565","향화도항","2028-01-09 00:00","567","저조"
"SO_0565","향화도항","2028-01-09 00:00","86","고조"
"SO_0565","향화도항","2028-01-09 00:00","594","저조"
"SO_0565","향화도항","2028-01-09 00:00","140","고조"
"SO_0565","향화도항","2028-01-10 00:00","176","고조"
"SO_0565","향화도항","2028-01-10 00:00","513","저조"
"SO_0565","향화도항","2028-01-10 00:00","575","저조"
"SO_0565","향화도항","2028-01-10 00:00","89","고조"
"SO_0565","향화도항","2028-01-09 00:00","567","저조"
"SO_0565","향화도항","2028-01-09 00:00","86","고조"
"SO_0565","향화도항","2028-01-09 00:00","594","저조"
"SO_0565","향화도항","2028-01-09 00:00","140","고조"
"SO_0565","향화도항","2028-01-10 00:00","176","고조"
"SO_0565","향화도항","2028-01-10 00:00","513","저조"
"SO_0565","향화도항","2028-01-10 00:00","575","저조"
"SO_0565","향화도항","2028-01-10 00:00","89","고조"
"SO_0565","향화도항","2028-01-09 00:00","567","저조"
"SO_0565","향화도항","2028-01-09 00:00","86","고조"
"SO_0565","향화도항","2028-01-09 00:00","594","저조"
"SO_0565","향화도항","2028-01-09 00:00","140","고조"
"SO_0565","향화도항","2028-01-10 00:00","176","고조"
"SO_0565","향화도항","2028-01-10 00:00","513","저조"
"SO_0565","향화도항","2028-01-10 00:00","575","저조"
"SO_0565","향화도항","2028-01-10 00:00","89","고조"
"SO_0565","향화도항","2028-01-09 00:00","567","저조"
"SO_0565","향화도항","2028-01-09 00:00","86","고조"
"SO_0565","향화도항","2028-01-09 00:00","594","저조"
"SO_0565","향화도항","2028-01-09 00:00","140","고조"
"SO_0565","향화도항","2028-01-10 00:00","176","고조"
"SO_0565","향화도항","2028-01-10 00:00","513","저조"
"SO_0565","향화도항","2028-01-10 00:00","575","저조"
"SO_0565","향화도항","2028-01-10 00:00","89","고조"
"SO_0565","향화도항","2028-01-09 00:00","567","저조"
"SO_0565","향화도항","2028-01-09 00:00","86","고조"
"SO_0565","향화도항","2028-01-09 00:00","594","저조"
"SO_0565","향화도항","2028-01-09 00:00","140","고조"
"SO_0565","향화도항","2028-01-10 00:00","176","고조"
"SO_0565","향화도항","2028-01-10 00:00","513","저조"
"SO_0565","향화도항","2028-01-10 00:00","575","저조"
"SO_0565","향화도항","2028-01-10 00:00","89","고조"
"SO_0565","향화도항","2028-01-09 00:00","567","저조"
"SO_0565","향화도항","2028-01-09 00:00","86","고조"
"SO_0565","향화도항","2028-01-09 00:00","594","저조"
"SO_0565","향화도항","2028-01-09 00:00","140","고조"
"SO_0565","향화도항","2028-01-10 00:00","176","고조"
"SO_0565","향화도항","2028-01-10 00:00","513","저조"
"SO_0565","향화도항","2028-01-10 00:00","575","저조"
"SO_0565","향화도항","2028-01-10 00:00","89","고조"
"SO_0565","향화도항","2028-01-09 00:00","567","저조"
"SO_0565","향화도항","2028-01-09 00:00","86","고조"
"SO_0565","향화도항","2028-01-09 00:00","594","저조"
"SO_0565","향화도항","2028-01-09 00:00","140","고조"
"SO_0565","향화도항","2028-01-10 00:00","176","고조"
"SO_0565","향화도항","2028-01-10 00:00","513","저조"
"SO_0565","향화도항","2028-01-10 00:00","575","저조"
"SO_0565","향화도항","2028-01-10 00:00","89","고조"
"SO_0565","향화도항","2028-01-09 00:00","567","저조"
"SO_0565","향화도항","2028-01-09 00:00","86","고조"
"SO_0565","향화도항","2028-01-09 00:00","594","저조"
"SO_0565","향화도항","2028-01-09 00:00","140","고조"
"SO_0565","향화도항","2028-01-10 00:00","176","고조"
"SO_0565","향화도항","2028-01-10 00:00","513","저조"
"SO_0565","향화도항","2028-01-10 00:00","575","저조"
"SO_0565","향화도항","2028-01-10 00:00","89","고조"
"SO_0565","향화도항","2028-01-09 00:00","567","저조"
"SO_0565","향화도항","2028-01-09 00:00","86","고조"
"SO_0565","향화도항","2028-01-09 00:00","594","저조"
"SO_0565","향화도항","2028-01-09 00:00","140","고조"
"SO_0565","향화도항","2028-01-10 00:00","176","고조"
"SO_0565","향화도항","2028-01-10 00:00","513","저조"
"SO_0565","향화도항","2028-01-10 00:00","575","저조"
"SO_0565","향화도항","2028-01-10 00:00","89","고조"
"SO_0565","향화도항","2028-01-09 00:00","567","저조"
"SO_0565","향화도항","2028-01-09 00:00","86","고조"
"SO_0565","향화도항","2028-01-09 00:00","594","저조"
"SO_0565","향화도항","2028-01-09 00:00","140","고조"
"SO_0565","향화도항","2028-01-10 00:00","176","고조"
"SO_0565","향화도항","2028-01-10 00:00","513","저조"
"SO_0565","향화도항","2028-01-10 00:00","575","저조"
"SO_0565","향화도항","2028-01-10 00:00","89","고조"
"SO_0565","향화도항","2028-01-09 00:00","567","저조"
"SO_0565","향화도항","2028-01-09 00:00","86","고조"
"SO_0565","향화도항","2028-01-09 00:00","594","저조"
"SO_0565","향화도항","2028-01-09 00:00","140","고조"
"SO_0565","향화도항","2028-01-10 00:00","176","고조"
"SO_0565","향화도항","2028-01-10 00:00","513","저조"
"SO_0565","향화도항","2028-01-10 00:00","575","저조"
"SO_0565","향화도항","2028-01-10 00:00","89","고조"
"SO_0565","향화도항","2028-01-09 00:00","567","저조"
"SO_0565","향화도항","2028-01-09 00:00","86","고조"
"SO_0565","향화도항","2028-01-09 00:00","594","저조"
"SO_0565","향화도항","2028-01-09 00:00","140","고조"
"SO_0565","향화도항","2028-01-10 00:00","176","고조"
"SO_0565","향화도항","2028-01-10 00:00","513","저조"
"SO_0565","향화도항","2028-01-10 00:00","575","저조"
"SO_0565","향화도항","2028-01-10 00:00","89","고조"
"SO_0565","향화도항","2028-01-09 00:00","567","저조"
"SO_0565","향화도항","2028-01-09 00:00","86","고조"
"SO_0565","향화도항","2028-01-09 00:00","594","저조"
"SO_0565","향화도항","2028-01-09 00:00","140","고조"
"SO_0565","향화도항","2028-01-10 00:00","176","고조"
"SO_0565","향화도항","2028-01-10 00:00","513","저조"
"SO_0565","향화도항","2028-01-10 00:00","575","저조"
"SO_0565","향화도항","2028-01-10 00:00","89","고조"
"SO_0565","향화도항","2028-01-09 00:00","567","저조"
"SO_0565","향화도항","2028-01-09 00:00","86","고조"
"SO_0565","향화도항","2028-01-09 00:00","594","저조"
"SO_0565","향화도항","2028-01-09 00:00","140","고조"
"SO_0565","향화도항","2028-01-10 00:00","176","고조"
"SO_0565","향화도항","2028-01-10 00:00","513","저조"
"SO_0565","향화도항","2028-01-10 00:00","575","저조"
"SO_0565","향화도항","2028-01-10 00:00","89","고조"
"SO_0565","향화도항","2028-01-09 00:00","567","저조"
"SO_0565","향화도항","2028-01-09 00:00","86","고조"
"SO_0565","향화도항","2028-01-09 00:00","594","저조"
"SO_0565","향화도항","2028-01-09 00:00","140","고조"
"SO_0565","향화도항","2028-01-10 00:00","176","고조"
"SO_0565","향화도항","2028-01-10 00:00","513","저조"
"SO_0565","향화도항","2028-01-10 00:00","575","저조"
"SO_0565","향화도항","2028-01-10 00:00","89","고조"
"SO_0565","향화도항","2028-01-09 00:00","567","저조"
"SO_0565","향화도항","2028-01-09 00:00","86","고조"
"SO_0565","향화도항","2028-01-09 00:00","594","저조"
"SO_0565","향화도항","2028-01-09 00:00","140","고조"
"SO_0565","향화도항","2028-01-10 00:00","176","고조"
"SO_0565","향화도항","2028-01-10 00:00","513","저조"
"SO_0565","향화도항","2028-01-10 00:00","575","저조"
"SO_0565","향화도항","2028-01-10 00:00","89","고조"
"SO_0565","향화도항","2028-01-09 00:00","567","저조"
"SO_0565","향화도항","2028-01-09 00:00","86","고조"
"SO_0565","향화도항","2028-01-09 00:00","594","저조"
"SO_0565","향화도항","2028-01-09 00:00","140","고조"
"SO_0565","향화도항","2028-01-10 00:00","176","고조"
"SO_0565","향화도항","2028-01-10 00:00","513","저조"
"SO_0565","향화도항","2028-01-10 00:00","575","저조"
"SO_0565","향화도항","2028-01-10 00:00","89","고조"
"SO_0565","향화도항","2028-01-09 00:00","567","저조"
"SO_0565","향화도항","2028-01-09 00:00","86","고조"
"SO_0565","향화도항","2028-01-09 00:00","594","저조"
"SO_0565","향화도항","2028-01-09 00:00","140","고조"
"SO_0565","향화도항","2028-01-10 00:00","176","고조"
"SO_0565","향화도항","2028-01-10 00:00","513","저조"
"SO_0565","향화도항","2028-01-10 00:00","575","저조"
"SO_0565","향화도항","2028-01-10 00:00","89","고조"
"SO_0565","향화도항","2028-01-09 00:00","567","저조"
"SO_0565","향화도항","2028-01-09 00:00","86","고조"
"SO_0565","향화도항","2028-01-09 00:00","594","저조"
"SO_0565","향화도항","2028-01-09 00:00","140","고조"
"SO_0565","향화도항","2028-01-10 00:00","176","고조"
"SO_0565","향화도항","2028-01-10 00:00","513","저조"
"SO_0565","향화도항","2028-01-10 00:00","575","저조"
"SO_0565","향화도항","2028-01-10 00:00","89","고조"
"SO_0565","향화도항","2028-01-09 00:00","567","저조"
"SO_0565","향화도항","2028-01-09 00:00","86","고조"
"SO_0565","향화도항","2028-01-09 00:00","594","저조"
"SO_0565","향화도항","2028-01-09 00:00","140","고조"
"SO_0565","향화도항","2028-01-10 00:00","176","고조"
"SO_0565","향화도항","2028-01-10 00:00","513","저조"
"SO_0565","향화도항","2028-01-10 00:00","575","저조"
"SO_0565","향화도항","2028-01-10 00:00","89","고조"
"SO_0565","향화도항","2028-01-09 00:00","567","저조"
"SO_0565","향화도항","2028-01-09 00:00","86","고조"
"SO_0565","향화도항","2028-01-09 00:00","594","저조"
"SO_0565","향화도항","2028-01-09 00:00","140","고조"
"SO_0565","향화도항","2028-01-10 00:00","176","고조"
"SO_0565","향화도항","2028-01-10 00:00","513","저조"
"SO_0565","향화도항","2028-01-10 00:00","575","저조"
"SO_0565","향화도항","2028-01-10 00:00","89","고조"
"SO_0565","향화도항","2028-01-09 00:00","567","저조"
"SO_0565","향화도항","2028-01-09 00:00","86","고조"
"SO_0565","향화도항","2028-01-09 00:00","594","저조"
"SO_0565","향화도항","2028-01-09 00:00","140","고조"
"SO_0565","향화도항","2028-01-10 00:00","176","고조"
"SO_0565","향화도항","2028-01-10 00:00","513","저조"
"SO_0565","향화도항","2028-01-10 00:00","575","저조"
"SO_0565","향화도항","2028-01-10 00:00","89","고조"
"SO_0565","향화도항","2028-01-09 00:00","567","저조"
"SO_0565","향화도항","2028-01-09 00:00","86","고조"
"SO_0565","향화도항","2028-01-09 00:00","594","저조"
"SO_0565","향화도항","2028-01-09 00:00","140","고조"
"SO_0565","향화도항","2028-01-10 00:00","176","고조"
"SO_0565","향화도항","2028-01-10 00:00","513","저조"
"SO_0565","향화도항","2028-01-10 00:00","575","저조"
"SO_0565","향화도항","2028-01-10 00:00","89","고조"
"SO_0565","향화도항","2028-01-09 00:00","567","저조"
"SO_0565","향화도항","2028-01-09 00:00","86","고조"
"SO_0565","향화도항","2028-01-09 00:00","594","저조"
"SO_0565","향화도항","2028-01-09 00:00","140","고조"
"SO_0565","향화도항","2028-01-10 00:00","176","고조"
"SO_0565","향화도항","2028-01-10 00:00","513","저조"
"SO_0565","향화도항","2028-01-10 00:00","575","저조"
"SO_0565","향화도항","2028-01-10 00:00","89","고조"
"SO_0565","향화도항","2028-01-09 00:00","567","저조"
"SO_0565","향화도항","2028-01-09 00:00","86","고조"
"SO_0565","향화도항","2028-01-09 00:00","594","저조"
"SO_0565","향화도항","2028-01-09 00:00","140","고조"
"SO_0565","향화도항","2028-01-10 00:00","176","고조"
"SO_0565","향화도항","2028-01-10 00:00","513","저조"
"SO_0565","향화도항","2028-01-10 00:00","575","저조"
"SO_0565","향화도항","2028-01-10 00:00","89","고조"
"SO_1283","사천진항","2026-12-31 03:08","5","고조"
"SO_1283","사천진항","2026-12-31 08:16","14","저조"
"SO_1283","사천진항","2026-12-31 15:06","3","고조"
"SO_1283","사천진항","2026-12-31 21:44","15","저조"
"SO_1283","사천진항","2027-01-01 04:38","2","고조"
"SO_1283","사천진항","2027-01-01 10:49","11","저조"
"SO_1283","사천진항","2027-01-01 16:06","7","고조"
"SO_1283","사천진항","2027-01-01 22:32","16","저조"
"SO_1283","사천진항","2027-01-02 05:46","","고조"
"SO_1283","사천진항","2027-01-02 12:53","11","저조"
"SO_1283","사천진항","2027-01-01 04:38","2","고조"
"SO_1283","사천진항","2027-01-01 10:49","11","저조"
"SO_1283","사천진항","2027-01-01 16:06","7","고조"
"SO_1283","사천진항","2027-01-01 22:32","16","저조"
"SO_1283","사천진항","2027-01-02 05:46","","고조"
"SO_1283","사천진항","2027-01-02 12:53","11","저조"
"SO_1283","사천진항","2027-01-02 17:10","10","고조"
"SO_1283","사천진항","2027-01-02 23:16","18","저조"
"SO_1283","사천진항","2027-01-03 06:42","-2","고조"
"SO_1283","사천진항","2027-01-03 15:50","13","저조"
"SO_1283","사천진항","2027-01-02 05:46","","고조"
"SO_1283","사천진항","2027-01-02 12:53","11","저조"
"SO_1283","사천진항","2027-01-02 17:10","10","고조"
"SO_1283","사천진항","2027-01-02 23:16","18","저조"
"SO_1283","사천진항","2027-01-03 06:42","-2","고조"
"SO_1283","사천진항","2027-01-03 15:50","13","저조"
"SO_1283","사천진항","2027-01-03 17:59","12","고조"
"SO_1283","사천진항","2027-01-03 23:55","20","저조"
"SO_1283","사천진항","2027-01-04 07:32","-3","고조"
"SO_1283","사천진항","2027-01-04 16:21","15","저조"
"SO_1283","사천진항","2027-01-03 06:42","-2","고조"
"SO_1283","사천진항","2027-01-03 15:50","13","저조"
"SO_1283","사천진항","2027-01-03 17:59","12","고조"
"SO_1283","사천진항","2027-01-03 23:55","20","저조"
"SO_1283","사천진항","2027-01-04 07:32","-3","고조"
"SO_1283","사천진항","2027-01-04 16:21","15","저조"
"SO_1283","사천진항","2027-01-04 18:38","14","고조"
"SO_1283","사천진항","2027-01-05 00:34","23","저조"
"SO_1283","사천진항","2027-01-05 08:19","-3","고조"
"SO_1283","사천진항","2027-01-05 16:33","16","저조"
"SO_1283","사천진항","2027-01-04 07:32","-3","고조"
"SO_1283","사천진항","2027-01-04 16:21","15","저조"
"SO_1283","사천진항","2027-01-04 18:38","14","고조"
"SO_1283","사천진항","2027-01-05 00:34","23","저조"
"SO_1283","사천진항","2027-01-05 08:19","-3","고조"
"SO_1283","사천진항","2027-01-05 16:33","16","저조"
"SO_1283","사천진항","2027-01-05 19:11","15","고조"
"SO_1283","사천진항","2027-01-06 01:12","25","저조"
"SO_1283","사천진항","2027-01-06 09:02","-3","고조"
"SO_1283","사천진항","2027-01-06 16:38","17","저조"
"SO_1283","사천진항","2027-01-05 00:34","23","저조"
"SO_1283","사천진항","2027-01-05 08:19","-3","고조"
"SO_1283","사천진항","2027-01-05 16:33","16","저조"
"SO_1283","사천진항","2027-01-05 19:11","15","고조"
"SO_1283","사천진항","2027-01-06 01:12","25","저조"
"SO_1283","사천진항","2027-01-06 09:02","-3","고조"
"SO_1283","사천진항","2027-01-06 16:38","17","저조"
"SO_1283","사천진항","2027-01-06 19:44","15","고조"
"SO_1283","사천진항","2027-01-07 01:49","26","저조"
"SO_1283","사천진항","2027-01-07 09:42","-4","고조"
"SO_1283","사천진항","2027-01-06 01:12","25","저조"
"SO_1283","사천진항","2027-01-06 09:02","-3","고조"
"SO_1283","사천진항","2027-01-06 16:38","17","저조"
"SO_1283","사천진항","2027-01-06 19:44","15","고조"
"SO_1283","사천진항","2027-01-07 01:49","26","저조"
"SO_1283","사천진항","2027-01-07 09:42","-4","고조"
"SO_1283","사천진항","2027-01-07 16:50","17","저조"
"SO_1283","사천진항","2027-01-07 20:17","14","고조"
"SO_1283","사천진항","2027-01-08 02:27","26","저조"
"SO_1283","사천진항","2027-01-08 10:17","-4","고조"
"SO_1283","사천진항","2027-01-07 01:49","26","저조"
"SO_1283","사천진항","2027-01-07 09:42","-4","고조"
"SO_1283","사천진항","2027-01-07 16:50","17","저조"
"SO_1283","사천진항","2027-01-07 20:17","14","고조"
"SO_1283","사천진항","2027-01-08 02:27","26","저조"
"SO_1283","사천진항","2027-01-08 10:17","-4","고조"
"SO_1283","사천진항","2027-01-08 17:07","17","저조"
"SO_1283","사천진항","2027-01-08 20:55","13","고조"
"SO_1283","사천진항","2027-01-09 00:00","31","저조"
"SO_1283","사천진항","2027-01-09 00:00","27","저조"
"SO_1283","사천진항","2027-01-08 02:27","26","저조"
"SO_1283","사천진항","2027-01-08 10:17","-4","고조"
"SO_1283","사천진항","2027-01-08 17:07","17","저조"
"SO_1283","사천진항","2027-01-08 20:55","13","고조"
"SO_1283","사천진항","2027-01-09 00:00","18","고조"
"SO_1283","사천진항","2027-01-09 00:00","9","고조"
"SO_1283","사천진항","2027-01-09 00:00","31","저조"
"SO_1283","사천진항","2027-01-09 00:00","27","저조"
"SO_1283","사천진항","2027-01-09 03:04","26","저조"
"SO_1283","사천진항","2027-01-09 10:49","-5","고조"
"SO_1283","사천진항","2027-01-09 00:00","18","고조"
"SO_1283","사천진항","2027-01-09 00:00","9","고조"
"SO_1283","사천진항","2027-01-09 00:00","31","저조"
"SO_1283","사천진항","2027-01-09 00:00","27","저조"
"SO_1283","사천진항","2027-01-09 03:04","26","저조"
"SO_1283","사천진항","2027-01-09 10:49","-5","고조"
"SO_1283","사천진항","2027-01-09 17:28","16","저조"
"SO_1283","사천진항","2027-01-09 21:36","11","고조"
"SO_1283","사천진항","2027-01-10 00:00","20","저조"
"SO_1283","사천진항","2027-01-10 00:00","2","고조"
"SO_1283","사천진항","2027-01-10 00:00","27","저조"
"SO_1283","사천진항","2027-01-10 00:00","2","고조"
"SO_1283","사천진항","2027-01-10 00:00","20","저조"
"SO_1283","사천진항","2027-01-10 00:00","17","고조"
"SO_1283","사천진항","2027-01-10 03:40","25","저조"
"SO_1283","사천진항","2027-01-10 11:17","-5","고조"
"SO_1283","사천진항","2027-01-10 17:48","15","저조"
"SO_1283","사천진항","2027-01-10 22:19","10","고조"
"SO_1283","사천진항","2027-01-11 04:16","23","저조"
"SO_1283","사천진항","2027-01-11 11:43","-5","고조"
"SO_1283","사천진항","2027-01-11 04:16","23","저조"
"SO_1283","사천진항","2027-01-11 11:43","-5","고조"
"SO_1283","사천진항","2027-01-11 18:07","14","저조"
"SO_1283","사천진항","2027-01-11 23:04","8","고조"
"SO_1283","사천진항","2027-01-12 04:54","21","저조"
"SO_1283","사천진항","2027-01-12 12:08","-5","고조"
"SO_1283","사천진항","2027-01-12 18:25","13","저조"
"SO_1283","사천진항","2027-01-12 23:50","7","고조"
"SO_1283","사천진항","2027-01-13 05:35","19","저조"
"SO_1283","사천진항","2027-01-13 12:33","-3","고조"
"SO_1283","사천진항","2027-01-12 04:54","21","저조"
"SO_1283","사천진항","2027-01-12 12:08","-5","고조"
"SO_1283","사천진항","2027-01-12 18:25","13","저조"
"SO_1283","사천진항","2027-01-12 23:50","7","고조"
"SO_1283","사천진항","2027-01-13 05:35","19","저조"
"SO_1283","사천진항","2027-01-13 12:33","-3","고조"
"SO_1283","사천진항","2027-01-13 18:48","14","저조"
"SO_1283","사천진항","2027-01-14 00:37","6","고조"
"SO_1283","사천진항","2027-01-14 06:19","17","저조"
"SO_1283","사천진항","2027-01-14 12:59","-1","고조"
"SO_1283","사천진항","2027-01-13 05:35","19","저조"
"SO_1283","사천진항","2027-01-13 12:33","-3","고조"
"SO_1283","사천진항","2027-01-13 18:48","14","저조"
"SO_1283","사천진항","2027-01-14 00:37","6","고조"
"SO_1283","사천진항","2027-01-14 06:19","17","저조"
"SO_1283","사천진항","2027-01-14 12:59","-1","고조"
"SO_1283","사천진항","2027-01-14 19:15","15","저조"
"SO_1283","사천진항","2027-01-15 01:31","5","고조"
"SO_1283","사천진항","2027-01-15 07:09","14","저조"
"SO_1283","사천진항","2027-01-15 13:26","3","고조"
"SO_1283","사천진항","2027-01-14 00:37","6","고조"
"SO_1283","사천진항","2027-01-14 06:19","17","저조"
"SO_1283","사천진항","2027-01-14 12:59","-1","고조"
"SO_1283","사천진항","2027-01-14 19:15","15","저조"
"SO_1283","사천진항","2027-01-15 01:31","5","고조"
"SO_1283","사천진항","2027-01-15 07:09","14","저조"
"SO_1283","사천진항","2027-01-15 13:26","3","고조"
"SO_1283","사천진항","2027-01-15 19:48","17","저조"
"SO_1283","사천진항","2027-01-16 02:43","4","고조"
"SO_1283","사천진항","2027-01-16 08:14","13","저조"
"SO_1283","사천진항","2027-01-15 01:31","5","고조"
"SO_1283","사천진항","2027-01-15 07:09","14","저조"
"SO_1283","사천진항","2027-01-15 13:26","3","고조"
"SO_1283","사천진항","2027-01-15 19:48","17","저조"
"SO_1283","사천진항","2027-01-16 02:43","4","고조"
"SO_1283","사천진항","2027-01-16 08:14","13","저조"
"SO_1283","사천진항","2027-01-16 13:53","7","고조"
"SO_1283","사천진항","2027-01-16 20:29","19","저조"
"SO_1283","사천진항","2027-01-17 04:32","3","고조"
"SO_1283","사천진항","2027-01-17 11:23","12","저조"
"SO_1283","사천진항","2027-01-16 02:43","4","고조"
"SO_1283","사천진항","2027-01-16 08:14","13","저조"
"SO_1283","사천진항","2027-01-16 13:53","7","고조"
"SO_1283","사천진항","2027-01-16 20:29","19","저조"
"SO_1283","사천진항","2027-01-17 04:32","3","고조"
"SO_1283","사천진항","2027-01-17 11:23","12","저조"
"SO_1283","사천진항","2027-01-17 14:23","11","고조"
"SO_1283","사천진항","2027-01-17 21:23","22","저조"
"SO_1283","사천진항","2027-01-18 05:46","1","고조"
"SO_1283","사천진항","2027-01-18 22:35","25","저조"
"SO_1283","사천진항","2027-01-17 04:32","3","고조"
"SO_1283","사천진항","2027-01-17 11:23","12","저조"
"SO_1283","사천진항","2027-01-17 14:23","11","고조"
"SO_1283","사천진항","2027-01-17 21:23","22","저조"
"SO_1283","사천진항","2027-01-18 05:46","1","고조"
"SO_1283","사천진항","2027-01-18 22:35","25","저조"
"SO_1283","사천진항","2027-01-19 06:46","-1","고조"
"SO_1283","사천진항","2027-01-19 14:53","18","저조"
"SO_1283","사천진항","2027-01-19 17:47","17","고조"
"SO_1283","사천진항","2027-01-19 23:45","28","저조"
"SO_1283","사천진항","2027-01-18 05:46","1","고조"
"SO_1283","사천진항","2027-01-18 22:35","25","저조"
"SO_1283","사천진항","2027-01-19 06:46","-1","고조"
"SO_1283","사천진항","2027-01-19 14:53","18","저조"
"SO_1283","사천진항","2027-01-19 17:47","17","고조"
"SO_1283","사천진항","2027-01-19 23:45","28","저조"
"SO_1283","사천진항","2027-01-20 07:43","-4","고조"
"SO_1283","사천진항","2027-01-20 15:29","19","저조"
"SO_1283","사천진항","2027-01-20 18:50","17","고조"
"SO_1283","사천진항","2027-01-21 00:46","31","저조"
"SO_1283","사천진항","2027-01-19 06:46","-1","고조"
"SO_1283","사천진항","2027-01-19 14:53","18","저조"
"SO_1283","사천진항","2027-01-19 17:47","17","고조"
"SO_1283","사천진항","2027-01-19 23:45","28","저조"
"SO_1283","사천진항","2027-01-20 07:43","-4","고조"
"SO_1283","사천진항","2027-01-20 15:29","19","저조"
"SO_1283","사천진항","2027-01-20 18:50","17","고조"
"SO_1283","사천진항","2027-01-21 00:46","31","저조"
"SO_1283","사천진항","2027-01-21 08:39","-6","고조"
"SO_1283","사천진항","2027-01-21 15:57","20","저조"
"SO_1283","사천진항","2027-01-20 07:43","-4","고조"
"SO_1283","사천진항","2027-01-20 15:29","19","저조"
"SO_1283","사천진항","2027-01-20 18:50","17","고조"
"SO_1283","사천진항","2027-01-21 00:46","31","저조"
"SO_1283","사천진항","2027-01-21 08:39","-6","고조"
"SO_1283","사천진항","2027-01-21 15:57","20","저조"
"SO_1283","사천진항","2027-01-21 19:47","16","고조"
"SO_1283","사천진항","2027-01-22 01:42","33","저조"
"SO_1283","사천진항","2027-01-22 09:31","-9","고조"
"SO_1283","사천진항","2027-01-22 16:25","20","저조"
"SO_1283","사천진항","2027-01-21 00:46","31","저조"
"SO_1283","사천진항","2027-01-21 08:39","-6","고조"
"SO_1283","사천진항","2027-01-21 15:57","20","저조"
"SO_1283","사천진항","2027-01-21 19:47","16","고조"
"SO_1283","사천진항","2027-01-22 01:42","33","저조"
"SO_1283","사천진항","2027-01-22 09:31","-9","고조"
"SO_1283","사천진항","2027-01-22 16:25","20","저조"
"SO_1283","사천진항","2027-01-22 20:44","14","고조"
"SO_1283","사천진항","2027-01-23 02:36","33","저조"
"SO_1283","사천진항","2027-01-23 10:18","-10","고조"
"SO_1283","사천진항","2027-01-22 01:42","33","저조"
"SO_1283","사천진항","2027-01-22 09:31","-9","고조"
"SO_1283","사천진항","2027-01-22 16:25","20","저조"
"SO_1283","사천진항","2027-01-22 20:44","14","고조"
"SO_1283","사천진항","2027-01-23 02:36","33","저조"
"SO_1283","사천진항","2027-01-23 10:18","-10","고조"
"SO_1283","사천진항","2027-01-23 16:52","19","저조"
"SO_1283","사천진항","2027-01-23 21:42","11","고조"
"SO_1283","사천진항","2027-01-24 03:28","32","저조"
"SO_1283","사천진항","2027-01-24 11:00","-10","고조"
"SO_1283","사천진항","2027-01-23 02:36","33","저조"
"SO_1283","사천진항","2027-01-23 10:18","-10","고조"
"SO_1283","사천진항","2027-01-23 16:52","19","저조"
"SO_1283","사천진항","2027-01-23 21:42","11","고조"
"SO_1283","사천진항","2027-01-24 03:28","32","저조"
"SO_1283","사천진항","2027-01-24 11:00","-10","고조"
"SO_1283","사천진항","2027-01-24 17:20","18","저조"
"SO_1283","사천진항","2027-01-24 22:36","8","고조"
"SO_1283","사천진항","2027-01-25 04:19","29","저조"
"SO_1283","사천진항","2027-01-25 11:39","-9","고조"
"SO_1283","사천진항","2027-01-24 03:28","32","저조"
"SO_1283","사천진항","2027-01-24 11:00","-10","고조"
"SO_1283","사천진항","2027-01-24 17:20","18","저조"
"SO_1283","사천진항","2027-01-24 22:36","8","고조"
"SO_1283","사천진항","2027-01-25 04:19","29","저조"
"SO_1283","사천진항","2027-01-25 11:39","-9","고조"
"SO_1283","사천진항","2027-01-25 17:48","17","저조"
"SO_1283","사천진항","2027-01-25 23:28","5","고조"
"SO_1283","사천진항","2027-01-26 05:07","25","저조"
"SO_1283","사천진항","2027-01-26 12:14","-6","고조"
"SO_1283","사천진항","2027-01-25 04:19","29","저조"
"SO_1283","사천진항","2027-01-25 11:39","-9","고조"
"SO_1283","사천진항","2027-01-25 17:48","17","저조"
"SO_1283","사천진항","2027-01-25 23:28","5","고조"
"SO_1283","사천진항","2027-01-26 05:07","25","저조"
"SO_1283","사천진항","2027-01-26 12:14","-6","고조"
"SO_1283","사천진항","2027-01-26 18:17","17","저조"
"SO_1283","사천진항","2027-01-27 00:20","3","고조"
"SO_1283","사천진항","2027-01-27 05:56","21","저조"
"SO_1283","사천진항","2027-01-27 12:45","-2","고조"
"SO_1283","사천진항","2027-01-26 05:07","25","저조"
"SO_1283","사천진항","2027-01-26 12:14","-6","고조"
"SO_1283","사천진항","2027-01-26 18:17","17","저조"
"SO_1283","사천진항","2027-01-27 00:20","3","고조"
"SO_1283","사천진항","2027-01-27 05:56","21","저조"
"SO_1283","사천진항","2027-01-27 12:45","-2","고조"
"SO_1283","사천진항","2027-01-27 18:46","17","저조"
"SO_1283","사천진항","2027-01-28 01:17","3","고조"
"SO_1283","사천진항","2027-01-28 06:48","16","저조"
"SO_1283","사천진항","2027-01-28 13:09","3","고조"
"SO_1283","사천진항","2027-01-27 00:20","3","고조"
"SO_1283","사천진항","2027-01-27 05:56","21","저조"
"SO_1283","사천진항","2027-01-27 12:45","-2","고조"
"SO_1283","사천진항","2027-01-27 18:46","17","저조"
"SO_1283","사천진항","2027-01-28 01:17","3","고조"
"SO_1283","사천진항","2027-01-28 06:48","16","저조"
"SO_1283","사천진항","2027-01-28 13:09","3","고조"
"SO_1283","사천진항","2027-01-28 19:15","18","저조"
"SO_1283","사천진항","2027-01-29 02:34","2","고조"
"SO_1283","사천진항","2027-01-29 07:59","12","저조"
"SO_1283","사천진항","2027-01-28 01:17","3","고조"
"SO_1283","사천진항","2027-01-28 06:48","16","저조"
"SO_1283","사천진항","2027-01-28 13:09","3","고조"
"SO_1283","사천진항","2027-01-28 19:15","18","저조"
"SO_1283","사천진항","2027-01-29 02:34","2","고조"
"SO_1283","사천진항","2027-01-29 07:59","12","저조"
"SO_1283","사천진항","2027-01-29 13:18","8","고조"
"SO_1283","사천진항","2027-01-29 19:47","19","저조"
"SO_1283","사천진항","2027-01-30 04:06","2","고조"
"SO_1283","사천진항","2027-01-30 20:28","20","저조"
"SO_1283","사천진항","2027-01-29 02:34","2","고조"
"SO_1283","사천진항","2027-01-29 07:59","12","저조"
"SO_1283","사천진항","2027-01-29 13:18","8","고조"
"SO_1283","사천진항","2027-01-29 19:47","19","저조"
"SO_1283","사천진항","2027-01-30 04:06","2","고조"
"SO_1283","사천진항","2027-01-30 20:28","20","저조"
"SO_1283","사천진항","2027-01-31 05:21","2","고조"
"SO_1283","사천진항","2027-01-31 21:58","21","저조"
"SO_1283","사천진항","2027-02-01 06:25","1","고조"
"SO_1283","사천진항","2027-02-01 16:36","18","저조"
"SO_1283","사천진항","2027-01-30 04:06","2","고조"
"SO_1283","사천진항","2027-01-30 20:28","20","저조"
"SO_1283","사천진항","2027-01-31 05:21","2","고조"
"SO_1283","사천진항","2027-01-31 21:58","21","저조"
"SO_1283","사천진항","2027-02-01 06:25","1","고조"
"SO_1283","사천진항","2027-02-01 16:36","18","저조"
"SO_1283","사천진항","2027-02-01 17:05","17","고조"
"SO_1283","사천진항","2027-02-01 23:13","23","저조"
"SO_1283","사천진항","2027-02-02 07:23","","고조"
"SO_1283","사천진항","2027-02-03 00:06","24","저조"
"SO_1283","사천진항","2027-01-31 05:21","2","고조"
"SO_1283","사천진항","2027-01-31 21:58","21","저조"
"SO_1283","사천진항","2027-02-01 06:25","1","고조"
"SO_1283","사천진항","2027-02-01 16:36","18","저조"
"SO_1283","사천진항","2027-02-01 17:05","17","고조"
"SO_1283","사천진항","2027-02-01 23:13","23","저조"
"SO_1283","사천진항","2027-02-02 07:23","","고조"
"SO_1283","사천진항","2027-02-03 00:06","24","저조"
"SO_1283","사천진항","2027-02-03 08:12","-1","고조"
"SO_1283","사천진항","2027-02-03 16:14","18","저조"
"SO_1283","사천진항","2027-02-01 06:25","1","고조"
"SO_1283","사천진항","2027-02-01 16:36","18","저조"
"SO_1283","사천진항","2027-02-01 17:05","17","고조"
"SO_1283","사천진항","2027-02-01 23:13","23","저조"
"SO_1283","사천진항","2027-02-02 07:23","","고조"
"SO_1283","사천진항","2027-02-03 00:06","24","저조"
"SO_1283","사천진항","2027-02-03 08:12","-1","고조"
"SO_1283","사천진항","2027-02-03 16:14","18","저조"
"SO_1283","사천진항","2027-02-03 18:59","17","고조"
"SO_1283","사천진항","2027-02-04 00:53","24","저조"
"SO_1283","사천진항","2027-02-02 07:23","","고조"
"SO_1283","사천진항","2027-02-03 00:06","24","저조"
"SO_1283","사천진항","2027-02-03 08:12","-1","고조"
"SO_1283","사천진항","2027-02-03 16:14","18","저조"
"SO_1283","사천진항","2027-02-03 18:59","17","고조"
"SO_1283","사천진항","2027-02-04 00:53","24","저조"
"SO_1283","사천진항","2027-02-04 08:51","-2","고조"
"SO_1283","사천진항","2027-02-04 16:04","17","저조"
"SO_1283","사천진항","2027-02-04 19:40","15","고조"
"SO_1283","사천진항","2027-02-05 01:35","25","저조"
"SO_1283","사천진항","2027-02-03 00:06","24","저조"
"SO_1283","사천진항","2027-02-03 08:12","-1","고조"
"SO_1283","사천진항","2027-02-03 16:14","18","저조"
"SO_1283","사천진항","2027-02-03 18:59","17","고조"
"SO_1283","사천진항","2027-02-04 00:53","24","저조"
"SO_1283","사천진항","2027-02-04 08:51","-2","고조"
"SO_1283","사천진항","2027-02-04 16:04","17","저조"
"SO_1283","사천진항","2027-02-04 19:40","15","고조"
"SO_1283","사천진항","2027-02-05 01:35","25","저조"
"SO_1283","사천진항","2027-02-05 09:24","-4","고조"
"SO_1283","사천진항","2027-02-04 00:53","24","저조"
"SO_1283","사천진항","2027-02-04 08:51","-2","고조"
"SO_1283","사천진항","2027-02-04 16:04","17","저조"
"SO_1283","사천진항","2027-02-04 19:40","15","고조"
"SO_1283","사천진항","2027-02-05 01:35","25","저조"
"SO_1283","사천진항","2027-02-05 09:24","-4","고조"
"SO_1283","사천진항","2027-02-05 16:09","16","저조"
"SO_1283","사천진항","2027-02-05 20:20","12","고조"
"SO_1283","사천진항","2027-02-06 02:15","24","저조"
"SO_1283","사천진항","2027-02-06 09:53","-5","고조"
"SO_1283","사천진항","2027-02-05 01:35","25","저조"
"SO_1283","사천진항","2027-02-05 09:24","-4","고조"
"SO_1283","사천진항","2027-02-05 16:09","16","저조"
"SO_1283","사천진항","2027-02-05 20:20","12","고조"
"SO_1283","사천진항","2027-02-06 02:15","24","저조"
"SO_1283","사천진항","2027-02-06 09:53","-5","고조"
"SO_1283","사천진항","2027-02-06 16:21","15","저조"
"SO_1283","사천진항","2027-02-06 20:59","9","고조"
"SO_1283","사천진항","2027-02-07 02:53","23","저조"
"SO_1283","사천진항","2027-02-07 10:18","-7","고조"
"SO_1283","사천진항","2027-02-06 02:15","24","저조"
"SO_1283","사천진항","2027-02-06 09:53","-5","고조"
"SO_1283","사천진항","2027-02-06 16:21","15","저조"
"SO_1283","사천진항","2027-02-06 20:59","9","고조"
"SO_1283","사천진항","2027-02-07 02:53","23","저조"
"SO_1283","사천진항","2027-02-07 10:18","-7","고조"
"SO_1283","사천진항","2027-02-07 16:35","14","저조"
"SO_1283","사천진항","2027-02-07 21:39","6","고조"
"SO_1283","사천진항","2027-02-08 03:29","22","저조"
"SO_1283","사천진항","2027-02-08 10:42","-7","고조"
"SO_1283","사천진항","2027-02-07 02:53","23","저조"
"SO_1283","사천진항","2027-02-07 10:18","-7","고조"
"SO_1283","사천진항","2027-02-07 16:35","14","저조"
"SO_1283","사천진항","2027-02-07 21:39","6","고조"
"SO_1283","사천진항","2027-02-08 03:29","22","저조"
"SO_1283","사천진항","2027-02-08 10:42","-7","고조"
"SO_1283","사천진항","2027-02-08 16:49","14","저조"
"SO_1283","사천진항","2027-02-08 22:17","4","고조"
"SO_1283","사천진항","2027-02-09 04:06","21","저조"
"SO_1283","사천진항","2027-02-09 11:04","-6","고조"
"SO_1283","사천진항","2027-02-08 03:29","22","저조"
"SO_1283","사천진항","2027-02-08 10:42","-7","고조"
"SO_1283","사천진항","2027-02-08 16:49","14","저조"
"SO_1283","사천진항","2027-02-08 22:17","4","고조"
"SO_1283","사천진항","2027-02-09 04:06","21","저조"
"SO_1283","사천진항","2027-02-09 11:04","-6","고조"
"SO_1283","사천진항","2027-02-09 17:05","14","저조"
"SO_1283","사천진항","2027-02-09 22:55","2","고조"
"SO_1283","사천진항","2027-02-10 04:43","19","저조"
"SO_1283","사천진항","2027-02-10 11:27","-4","고조"
"SO_1283","사천진항","2027-02-09 04:06","21","저조"
"SO_1283","사천진항","2027-02-09 11:04","-6","고조"
"SO_1283","사천진항","2027-02-09 17:05","14","저조"
"SO_1283","사천진항","2027-02-09 22:55","2","고조"
"SO_1283","사천진항","2027-02-10 04:43","19","저조"
"SO_1283","사천진항","2027-02-10 11:27","-4","고조"
"SO_1283","사천진항","2027-02-10 17:25","16","저조"
"SO_1283","사천진항","2027-02-10 23:35","1","고조"
"SO_1283","사천진항","2027-02-11 05:23","18","저조"
"SO_1283","사천진항","2027-02-11 11:50","-1","고조"
"SO_1283","사천진항","2027-02-10 04:43","19","저조"
"SO_1283","사천진항","2027-02-10 11:27","-4","고조"
"SO_1283","사천진항","2027-02-10 17:25","16","저조"
"SO_1283","사천진항","2027-02-10 23:35","1","고조"
"SO_1283","사천진항","2027-02-11 05:23","18","저조"
"SO_1283","사천진항","2027-02-11 11:50","-1","고조"
"SO_1283","사천진항","2027-02-11 17:49","17","저조"
"SO_1283","사천진항","2027-02-12 00:17","1","고조"
"SO_1283","사천진항","2027-02-12 06:07","16","저조"
"SO_1283","사천진항","2027-02-12 12:13","3","고조"
"SO_1283","사천진항","2027-02-11 05:23","18","저조"
"SO_1283","사천진항","2027-02-11 11:50","-1","고조"
"SO_1283","사천진항","2027-02-11 17:49","17","저조"
"SO_1283","사천진항","2027-02-12 00:17","1","고조"
"SO_1283","사천진항","2027-02-12 06:07","16","저조"
"SO_1283","사천진항","2027-02-12 12:13","3","고조"
"SO_1283","사천진항","2027-02-12 18:18","20","저조"
"SO_1283","사천진항","2027-02-13 01:07","2","고조"
"SO_1283","사천진항","2027-02-13 06:58","15","저조"
"SO_1283","사천진항","2027-02-13 12:35","8","고조"
"SO_1283","사천진항","2027-02-12 00:17","1","고조"
"SO_1283","사천진항","2027-02-12 06:07","16","저조"
"SO_1283","사천진항","2027-02-12 12:13","3","고조"
"SO_1283","사천진항","2027-02-12 18:18","20","저조"
"SO_1283","사천진항","2027-02-13 01:07","2","고조"
"SO_1283","사천진항","2027-02-13 06:58","15","저조"
"SO_1283","사천진항","2027-02-13 12:35","8","고조"
"SO_1283","사천진항","2027-02-13 18:51","22","저조"
"SO_1283","사천진항","2027-02-14 02:15","3","고조"
"SO_1283","사천진항","2027-02-14 08:22","14","저조"
"SO_1283","사천진항","2027-02-13 01:07","2","고조"
"SO_1283","사천진항","2027-02-13 06:58","15","저조"
"SO_1283","사천진항","2027-02-13 12:35","8","고조"
"SO_1283","사천진항","2027-02-13 18:51","22","저조"
"SO_1283","사천진항","2027-02-14 02:15","3","고조"
"SO_1283","사천진항","2027-02-14 08:22","14","저조"
"SO_1283","사천진항","2027-02-14 12:54","12","고조"
"SO_1283","사천진항","2027-02-14 19:33","24","저조"
"SO_1283","사천진항","2027-02-15 04:05","3","고조"
"SO_1283","사천진항","2027-02-15 20:33","26","저조"
"SO_1283","사천진항","2027-02-14 02:15","3","고조"
"SO_1283","사천진항","2027-02-14 08:22","14","저조"
"SO_1283","사천진항","2027-02-14 12:54","12","고조"
"SO_1283","사천진항","2027-02-14 19:33","24","저조"
"SO_1283","사천진항","2027-02-15 04:05","3","고조"
"SO_1283","사천진항","2027-02-15 20:33","26","저조"
"SO_1283","사천진항","2027-02-16 05:29","1","고조"
"SO_1283","사천진항","2027-02-16 22:03","27","저조"
"SO_1283","사천진항","2027-02-17 06:37","-1","고조"
"SO_1283","사천진항","2027-02-17 14:59","19","저조"
"SO_1283","사천진항","2027-02-15 04:05","3","고조"
"SO_1283","사천진항","2027-02-15 20:33","26","저조"
"SO_1283","사천진항","2027-02-16 05:29","1","고조"
"SO_1283","사천진항","2027-02-16 22:03","27","저조"
"SO_1283","사천진항","2027-02-17 06:37","-1","고조"
"SO_1283","사천진항","2027-02-17 14:59","19","저조"
"SO_1283","사천진항","2027-02-17 17:41","18","고조"
"SO_1283","사천진항","2027-02-17 23:28","28","저조"
"SO_1283","사천진항","2027-02-18 07:37","-4","고조"
"SO_1283","사천진항","2027-02-18 15:03","19","저조"
"SO_1283","사천진항","2027-02-16 05:29","1","고조"
"SO_1283","사천진항","2027-02-16 22:03","27","저조"
"SO_1283","사천진항","2027-02-17 06:37","-1","고조"
"SO_1283","사천진항","2027-02-17 14:59","19","저조"
"SO_1283","사천진항","2027-02-17 17:41","18","고조"
"SO_1283","사천진항","2027-02-17 23:28","28","저조"
"SO_1283","사천진항","2027-02-18 07:37","-4","고조"
"SO_1283","사천진항","2027-02-18 15:03","19","저조"
"SO_1283","사천진항","2027-02-18 18:50","16","고조"
"SO_1283","사천진항","2027-02-19 00:36","29","저조"
"SO_1283","사천진항","2027-02-17 06:37","-1","고조"
"SO_1283","사천진항","2027-02-17 14:59","19","저조"
"SO_1283","사천진항","2027-02-17 17:41","18","고조"
"SO_1283","사천진항","2027-02-17 23:28","28","저조"
"SO_1283","사천진항","2027-02-18 07:37","-4","고조"
"SO_1283","사천진항","2027-02-18 15:03","19","저조"
"SO_1283","사천진항","2027-02-18 18:50","16","고조"
"SO_1283","사천진항","2027-02-19 00:36","29","저조"
"SO_1283","사천진항","2027-02-19 08:29","-7","고조"
"SO_1283","사천진항","2027-02-19 15:19","18","저조"
"SO_1283","사천진항","2027-02-18 07:37","-4","고조"
"SO_1283","사천진항","2027-02-18 15:03","19","저조"
"SO_1283","사천진항","2027-02-18 18:50","16","고조"
"SO_1283","사천진항","2027-02-19 00:36","29","저조"
"SO_1283","사천진항","2027-02-19 08:29","-7","고조"
"SO_1283","사천진항","2027-02-19 15:19","18","저조"
"SO_1283","사천진항","2027-02-19 19:50","12","고조"
"SO_1283","사천진항","2027-02-20 01:37","29","저조"
"SO_1283","사천진항","2027-02-20 09:13","-9","고조"
"SO_1283","사천진항","2027-02-20 15:39","17","저조"
"SO_1283","사천진항","2027-02-19 00:36","29","저조"
"SO_1283","사천진항","2027-02-19 08:29","-7","고조"
"SO_1283","사천진항","2027-02-19 15:19","18","저조"
"SO_1283","사천진항","2027-02-19 19:50","12","고조"
"SO_1283","사천진항","2027-02-20 01:37","29","저조"
"SO_1283","사천진항","2027-02-20 09:13","-9","고조"
"SO_1283","사천진항","2027-02-20 15:39","17","저조"
"SO_1283","사천진항","2027-02-20 20:46","7","고조"
"SO_1283","사천진항","2027-02-21 02:32","28","저조"
"SO_1283","사천진항","2027-02-21 09:53","-10","고조"
"SO_1283","사천진항","2027-02-20 01:37","29","저조"
"SO_1283","사천진항","2027-02-20 09:13","-9","고조"
"SO_1283","사천진항","2027-02-20 15:39","17","저조"
"SO_1283","사천진항","2027-02-20 20:46","7","고조"
"SO_1283","사천진항","2027-02-21 02:32","28","저조"
"SO_1283","사천진항","2027-02-21 09:53","-10","고조"
"SO_1283","사천진항","2027-02-21 16:01","17","저조"
"SO_1283","사천진항","2027-02-21 21:36","3","고조"
"SO_1283","사천진항","2027-02-22 03:23","26","저조"
"SO_1283","사천진항","2027-02-22 10:29","-9","고조"
"SO_1283","사천진항","2027-02-21 02:32","28","저조"
"SO_1283","사천진항","2027-02-21 09:53","-10","고조"
"SO_1283","사천진항","2027-02-21 16:01","17","저조"
"SO_1283","사천진항","2027-02-21 21:36","3","고조"
"SO_1283","사천진항","2027-02-22 03:23","26","저조"
"SO_1283","사천진항","2027-02-22 10:29","-9","고조"
"SO_1283","사천진항","2027-02-22 16:25","17","저조"
"SO_1283","사천진항","2027-02-22 22:24","","고조"
"SO_1283","사천진항","2027-02-23 04:10","23","저조"
"SO_1283","사천진항","2027-02-23 11:01","-7","고조"
"SO_1283","사천진항","2027-02-22 03:23","26","저조"
"SO_1283","사천진항","2027-02-22 10:29","-9","고조"
"SO_1283","사천진항","2027-02-22 16:25","17","저조"
"SO_1283","사천진항","2027-02-22 22:24","","고조"
"SO_1283","사천진항","2027-02-23 04:10","23","저조"
"SO_1283","사천진항","2027-02-23 11:01","-7","고조"
"SO_1283","사천진항","2027-02-23 16:51","17","저조"
"SO_1283","사천진항","2027-02-23 23:11","-2","고조"
"SO_1283","사천진항","2027-02-24 04:57","20","저조"
"SO_1283","사천진항","2027-02-24 11:29","-3","고조"
"SO_1283","사천진항","2027-02-23 04:10","23","저조"
"SO_1283","사천진항","2027-02-23 11:01","-7","고조"
"SO_1283","사천진항","2027-02-23 16:51","17","저조"
"SO_1283","사천진항","2027-02-23 23:11","-2","고조"
"SO_1283","사천진항","2027-02-24 04:57","20","저조"
"SO_1283","사천진항","2027-02-24 11:29","-3","고조"
"SO_1283","사천진항","2027-02-24 17:16","19","저조"
"SO_1283","사천진항","2027-02-24 23:58","-3","고조"
"SO_1283","사천진항","2027-02-25 05:44","16","저조"
"SO_1283","사천진항","2027-02-25 11:50","2","고조"
"SO_1283","사천진항","2027-02-24 04:57","20","저조"
"SO_1283","사천진항","2027-02-24 11:29","-3","고조"
"SO_1283","사천진항","2027-02-24 17:16","19","저조"
"SO_1283","사천진항","2027-02-24 23:58","-3","고조"
"SO_1283","사천진항","2027-02-25 05:44","16","저조"
"SO_1283","사천진항","2027-02-25 11:50","2","고조"
"SO_1283","사천진항","2027-02-25 17:42","20","저조"
"SO_1283","사천진항","2027-02-26 00:51","-2","고조"
"SO_1283","사천진항","2027-02-26 06:39","13","저조"
"SO_1283","사천진항","2027-02-26 12:01","6","고조"
"SO_1283","사천진항","2027-02-25 05:44","16","저조"
"SO_1283","사천진항","2027-02-25 11:50","2","고조"
"SO_1283","사천진항","2027-02-25 17:42","20","저조"
"SO_1283","사천진항","2027-02-26 00:51","-2","고조"
"SO_1283","사천진항","2027-02-26 06:39","13","저조"
"SO_1283","사천진항","2027-02-26 12:01","6","고조"
"SO_1283","사천진항","2027-02-26 18:08","21","저조"
"SO_1283","사천진항","2027-02-27 01:59","","고조"
"SO_1283","사천진항","2027-02-27 09:08","12","저조"
"SO_1283","사천진항","2027-02-27 11:54","10","고조"
"SO_1283","사천진항","2027-02-26 00:51","-2","고조"
"SO_1283","사천진항","2027-02-26 06:39","13","저조"
"SO_1283","사천진항","2027-02-26 12:01","6","고조"
"SO_1283","사천진항","2027-02-26 18:08","21","저조"
"SO_1283","사천진항","2027-02-27 01:59","","고조"
"SO_1283","사천진항","2027-02-27 09:08","12","저조"
"SO_1283","사천진항","2027-02-27 11:54","10","고조"
"SO_1283","사천진항","2027-02-27 18:35","22","저조"
"SO_1283","사천진항","2027-02-28 03:26","2","고조"
"SO_1283","사천진항","2027-02-28 19:07","22","저조"
"SO_1283","사천진항","2027-02-27 01:59","","고조"
"SO_1283","사천진항","2027-02-27 09:08","12","저조"
"SO_1283","사천진항","2027-02-27 11:54","10","고조"
"SO_1283","사천진항","2027-02-27 18:35","22","저조"
"SO_1283","사천진항","2027-02-28 03:26","2","고조"
"SO_1283","사천진항","2027-02-28 19:07","22","저조"
"SO_1283","사천진항","2027-03-01 04:46","2","고조"
"SO_1283","사천진항","2027-03-01 19:56","22","저조"
"SO_1283","사천진항","2027-03-02 05:58","2","고조"
"SO_1283","사천진항","2027-03-02 22:17","21","저조"
"SO_1283","사천진항","2027-02-28 03:26","2","고조"
"SO_1283","사천진항","2027-02-28 19:07","22","저조"
"SO_1283","사천진항","2027-03-01 04:46","2","고조"
"SO_1283","사천진항","2027-03-01 19:56","22","저조"
"SO_1283","사천진항","2027-03-02 05:58","2","고조"
"SO_1283","사천진항","2027-03-02 22:17","21","저조"
"SO_1283","사천진항","2027-03-03 07:00","1","고조"
"SO_1283","사천진항","2027-03-03 15:41","18","저조"
"SO_1283","사천진항","2027-03-03 18:15","17","고조"
"SO_1283","사천진항","2027-03-03 23:33","21","저조"
"SO_1283","사천진항","2027-03-01 04:46","2","고조"
"SO_1283","사천진항","2027-03-01 19:56","22","저조"
"SO_1283","사천진항","2027-03-02 05:58","2","고조"
"SO_1283","사천진항","2027-03-02 22:17","21","저조"
"SO_1283","사천진항","2027-03-03 07:00","1","고조"
"SO_1283","사천진항","2027-03-03 15:41","18","저조"
"SO_1283","사천진항","2027-03-03 18:15","17","고조"
"SO_1283","사천진항","2027-03-03 23:33","21","저조"
"SO_1283","사천진항","2027-03-04 07:45","-1","고조"
"SO_1283","사천진항","2027-03-04 15:15","16","저조"
"SO_1283","사천진항","2027-03-02 05:58","2","고조"
"SO_1283","사천진항","2027-03-02 22:17","21","저조"
"SO_1283","사천진항","2027-03-03 07:00","1","고조"
"SO_1283","사천진항","2027-03-03 15:41","18","저조"
"SO_1283","사천진항","2027-03-03 18:15","17","고조"
"SO_1283","사천진항","2027-03-03 23:33","21","저조"
"SO_1283","사천진항","2027-03-04 07:45","-1","고조"
"SO_1283","사천진항","2027-03-04 15:15","16","저조"
"SO_1283","사천진항","2027-03-04 19:05","14","고조"
"SO_1283","사천진항","2027-03-05 00:29","20","저조"
"SO_1283","사천진항","2027-03-03 07:00","1","고조"
"SO_1283","사천진항","2027-03-03 15:41","18","저조"
"SO_1283","사천진항","2027-03-03 18:15","17","고조"
"SO_1283","사천진항","2027-03-03 23:33","21","저조"
"SO_1283","사천진항","2027-03-04 07:45","-1","고조"
"SO_1283","사천진항","2027-03-04 15:15","16","저조"
"SO_1283","사천진항","2027-03-04 19:05","14","고조"
"SO_1283","사천진항","2027-03-05 00:29","20","저조"
"SO_1283","사천진항","2027-03-05 08:20","-3","고조"
"SO_1283","사천진항","2027-03-05 15:09","14","저조"
"SO_1283","사천진항","2027-03-04 07:45","-1","고조"
"SO_1283","사천진항","2027-03-04 15:15","16","저조"
"SO_1283","사천진항","2027-03-04 19:05","14","고조"
"SO_1283","사천진항","2027-03-05 00:29","20","저조"
"SO_1283","사천진항","2027-03-05 08:20","-3","고조"
"SO_1283","사천진항","2027-03-05 15:09","14","저조"
"SO_1283","사천진항","2027-03-05 19:44","10","고조"
"SO_1283","사천진항","2027-03-06 01:18","19","저조"
"SO_1283","사천진항","2027-03-06 08:48","-6","고조"
"SO_1283","사천진항","2027-03-06 15:16","13","저조"
"SO_1283","사천진항","2027-03-05 00:29","20","저조"
"SO_1283","사천진항","2027-03-05 08:20","-3","고조"
"SO_1283","사천진항","2027-03-05 15:09","14","저조"
"SO_1283","사천진항","2027-03-05 19:44","10","고조"
"SO_1283","사천진항","2027-03-06 01:18","19","저조"
"SO_1283","사천진항","2027-03-06 08:48","-6","고조"
"SO_1283","사천진항","2027-03-06 15:16","13","저조"
"SO_1283","사천진항","2027-03-06 20:18","6","고조"
"SO_1283","사천진항","2027-03-07 01:59","18","저조"
"SO_1283","사천진항","2027-03-07 09:13","-7","고조"
"SO_1283","사천진항","2027-03-06 01:18","19","저조"
"SO_1283","사천진항","2027-03-06 08:48","-6","고조"
"SO_1283","사천진항","2027-03-06 15:16","13","저조"
"SO_1283","사천진항","2027-03-06 20:18","6","고조"
"SO_1283","사천진항","2027-03-07 01:59","18","저조"
"SO_1283","사천진항","2027-03-07 09:13","-7","고조"
"SO_1283","사천진항","2027-03-07 15:26","12","저조"
"SO_1283","사천진항","2027-03-07 20:52","2","고조"
"SO_1283","사천진항","2027-03-08 02:39","18","저조"
"SO_1283","사천진항","2027-03-08 09:36","-8","고조"
"SO_1283","사천진항","2027-03-07 01:59","18","저조"
"SO_1283","사천진항","2027-03-07 09:13","-7","고조"
"SO_1283","사천진항","2027-03-07 15:26","12","저조"
"SO_1283","사천진항","2027-03-07 20:52","2","고조"
"SO_1283","사천진항","2027-03-08 02:39","18","저조"
"SO_1283","사천진항","2027-03-08 09:36","-8","고조"
"SO_1283","사천진항","2027-03-08 15:39","13","저조"
"SO_1283","사천진항","2027-03-08 21:27","-1","고조"
"SO_1283","사천진항","2027-03-09 03:17","17","저조"
"SO_1283","사천진항","2027-03-09 10:00","-7","고조"
"SO_1283","사천진항","2027-03-08 02:39","18","저조"
"SO_1283","사천진항","2027-03-08 09:36","-8","고조"
"SO_1283","사천진항","2027-03-08 15:39","13","저조"
"SO_1283","사천진항","2027-03-08 21:27","-1","고조"
"SO_1283","사천진항","2027-03-09 03:17","17","저조"
"SO_1283","사천진항","2027-03-09 10:00","-7","고조"
"SO_1283","사천진항","2027-03-09 15:54","14","저조"
"SO_1283","사천진항","2027-03-09 22:02","-3","고조"
"SO_1283","사천진항","2027-03-10 03:55","17","저조"
"SO_1283","사천진항","2027-03-10 10:23","-5","고조"
"SO_1283","사천진항","2027-03-09 03:17","17","저조"
"SO_1283","사천진항","2027-03-09 10:00","-7","고조"
"SO_1283","사천진항","2027-03-09 15:54","14","저조"
"SO_1283","사천진항","2027-03-09 22:02","-3","고조"
"SO_1283","사천진항","2027-03-10 03:55","17","저조"
"SO_1283","사천진항","2027-03-10 10:23","-5","고조"
"SO_1283","사천진항","2027-03-10 16:13","16","저조"
"SO_1283","사천진항","2027-03-10 22:39","-4","고조"
"SO_1283","사천진항","2027-03-11 04:35","17","저조"
"SO_1283","사천진항","2027-03-11 10:47","-1","고조"
"SO_1283","사천진항","2027-03-10 03:55","17","저조"
"SO_1283","사천진항","2027-03-10 10:23","-5","고조"
"SO_1283","사천진항","2027-03-10 16:13","16","저조"
"SO_1283","사천진항","2027-03-10 22:39","-4","고조"
"SO_1283","사천진항","2027-03-11 04:35","17","저조"
"SO_1283","사천진항","2027-03-11 10:47","-1","고조"
"SO_1283","사천진항","2027-03-11 16:37","19","저조"
"SO_1283","사천진항","2027-03-11 23:18","-4","고조"
"SO_1283","사천진항","2027-03-12 05:17","16","저조"
"SO_1283","사천진항","2027-03-12 11:12","3","고조"
"SO_1283","사천진항","2027-03-11 04:35","17","저조"
"SO_1283","사천진항","2027-03-11 10:47","-1","고조"
"SO_1283","사천진항","2027-03-11 16:37","19","저조"
"SO_1283","사천진항","2027-03-11 23:18","-4","고조"
"SO_1283","사천진항","2027-03-12 05:17","16","저조"
"SO_1283","사천진항","2027-03-12 11:12","3","고조"
"SO_1283","사천진항","2027-03-12 17:03","22","저조"
"SO_1283","사천진항","2027-03-13 00:01","-3","고조"
"SO_1283","사천진항","2027-03-13 06:06","16","저조"
"SO_1283","사천진항","2027-03-13 11:36","8","고조"
"SO_1283","사천진항","2027-03-12 05:17","16","저조"
"SO_1283","사천진항","2027-03-12 11:12","3","고조"
"SO_1283","사천진항","2027-03-12 17:03","22","저조"
"SO_1283","사천진항","2027-03-13 00:01","-3","고조"
"SO_1283","사천진항","2027-03-13 06:06","16","저조"
"SO_1283","사천진항","2027-03-13 11:36","8","고조"
"SO_1283","사천진항","2027-03-13 17:34","24","저조"
"SO_1283","사천진항","2027-03-14 00:53","-1","고조"
"SO_1283","사천진항","2027-03-14 07:17","15","저조"
"SO_1283","사천진항","2027-03-14 11:56","12","고조"
"SO_1283","사천진항","2027-03-13 00:01","-3","고조"
"SO_1283","사천진항","2027-03-13 06:06","16","저조"
"SO_1283","사천진항","2027-03-13 11:36","8","고조"
"SO_1283","사천진항","2027-03-13 17:34","24","저조"
"SO_1283","사천진항","2027-03-14 00:53","-1","고조"
"SO_1283","사천진항","2027-03-14 07:17","15","저조"
"SO_1283","사천진항","2027-03-14 11:56","12","고조"
"SO_1283","사천진항","2027-03-14 18:10","26","저조"
"SO_1283","사천진항","2027-03-15 02:07","1","고조"
"SO_1283","사천진항","2027-03-15 18:58","26","저조"
"SO_1283","사천진항","2027-03-14 00:53","-1","고조"
"SO_1283","사천진항","2027-03-14 07:17","15","저조"
"SO_1283","사천진항","2027-03-14 11:56","12","고조"
"SO_1283","사천진항","2027-03-14 18:10","26","저조"
"SO_1283","사천진항","2027-03-15 02:07","1","고조"
"SO_1283","사천진항","2027-03-15 18:58","26","저조"
"SO_1283","사천진항","2027-03-16 03:49","1","고조"
"SO_1283","사천진항","2027-03-16 20:11","26","저조"
"SO_1283","사천진항","2027-03-17 05:13","","고조"
"SO_1283","사천진항","2027-03-17 21:53","25","저조"
"SO_1283","사천진항","2027-03-15 02:07","1","고조"
"SO_1283","사천진항","2027-03-15 18:58","26","저조"
"SO_1283","사천진항","2027-03-16 03:49","1","고조"
"SO_1283","사천진항","2027-03-16 20:11","26","저조"
"SO_1283","사천진항","2027-03-17 05:13","","고조"
"SO_1283","사천진항","2027-03-17 21:53","25","저조"
"SO_1283","사천진항","2027-03-18 06:23","-3","고조"
"SO_1283","사천진항","2027-03-18 14:02","18","저조"
"SO_1283","사천진항","2027-03-18 17:54","15","고조"
"SO_1283","사천진항","2027-03-18 23:20","24","저조"
"SO_1283","사천진항","2027-03-16 03:49","1","고조"
"SO_1283","사천진항","2027-03-16 20:11","26","저조"
"SO_1283","사천진항","2027-03-17 05:13","","고조"
"SO_1283","사천진항","2027-03-17 21:53","25","저조"
"SO_1283","사천진항","2027-03-18 06:23","-3","고조"
"SO_1283","사천진항","2027-03-18 14:02","18","저조"
"SO_1283","사천진항","2027-03-18 17:54","15","고조"
"SO_1283","사천진항","2027-03-18 23:20","24","저조"
"SO_1283","사천진항","2027-03-19 07:19","-5","고조"
"SO_1283","사천진항","2027-03-19 14:13","17","저조"
"SO_1283","사천진항","2027-03-17 05:13","","고조"
"SO_1283","사천진항","2027-03-17 21:53","25","저조"
"SO_1283","사천진항","2027-03-18 06:23","-3","고조"
"SO_1283","사천진항","2027-03-18 14:02","18","저조"
"SO_1283","사천진항","2027-03-18 17:54","15","고조"
"SO_1283","사천진항","2027-03-18 23:20","24","저조"
"SO_1283","사천진항","2027-03-19 07:19","-5","고조"
"SO_1283","사천진항","2027-03-19 14:13","17","저조"
"SO_1283","사천진항","2027-03-19 18:57","10","고조"
"SO_1283","사천진항","2027-03-20 00:33","23","저조"
"SO_1283","사천진항","2027-03-18 06:23","-3","고조"
"SO_1283","사천진항","2027-03-18 14:02","18","저조"
"SO_1283","사천진항","2027-03-18 17:54","15","고조"
"SO_1283","사천진항","2027-03-18 23:20","24","저조"
"SO_1283","사천진항","2027-03-19 07:19","-5","고조"
"SO_1283","사천진항","2027-03-19 14:13","17","저조"
"SO_1283","사천진항","2027-03-19 18:57","10","고조"
"SO_1283","사천진항","2027-03-20 00:33","23","저조"
"SO_1283","사천진항","2027-03-20 08:05","-8","고조"
"SO_1283","사천진항","2027-03-20 14:29","16","저조"
"SO_1283","사천진항","2027-03-19 07:19","-5","고조"
"SO_1283","사천진항","2027-03-19 14:13","17","저조"
"SO_1283","사천진항","2027-03-19 18:57","10","고조"
"SO_1283","사천진항","2027-03-20 00:33","23","저조"
"SO_1283","사천진항","2027-03-20 08:05","-8","고조"
"SO_1283","사천진항","2027-03-20 14:29","16","저조"
"SO_1283","사천진항","2027-03-20 19:50","4","고조"
"SO_1283","사천진항","2027-03-21 01:35","22","저조"
"SO_1283","사천진항","2027-03-21 08:45","-8","고조"
"SO_1283","사천진항","2027-03-21 14:48","15","저조"
"SO_1283","사천진항","2027-03-20 00:33","23","저조"
"SO_1283","사천진항","2027-03-20 08:05","-8","고조"
"SO_1283","사천진항","2027-03-20 14:29","16","저조"
"SO_1283","사천진항","2027-03-20 19:50","4","고조"
"SO_1283","사천진항","2027-03-21 01:35","22","저조"
"SO_1283","사천진항","2027-03-21 08:45","-8","고조"
"SO_1283","사천진항","2027-03-21 14:48","15","저조"
"SO_1283","사천진항","2027-03-21 20:39","-1","고조"
"SO_1283","사천진항","2027-03-22 02:29","21","저조"
"SO_1283","사천진항","2027-03-22 09:19","-8","고조"
"SO_1283","사천진항","2027-03-21 01:35","22","저조"
"SO_1283","사천진항","2027-03-21 08:45","-8","고조"
"SO_1283","사천진항","2027-03-21 14:48","15","저조"
"SO_1283","사천진항","2027-03-21 20:39","-1","고조"
"SO_1283","사천진항","2027-03-22 02:29","21","저조"
"SO_1283","사천진항","2027-03-22 09:19","-8","고조"
"SO_1283","사천진항","2027-03-22 15:10","16","저조"
"SO_1283","사천진항","2027-03-22 21:24","-5","고조"
"SO_1283","사천진항","2027-03-23 03:18","19","저조"
"SO_1283","사천진항","2027-03-23 09:50","-5","고조"
"SO_1283","사천진항","2027-03-22 02:29","21","저조"
"SO_1283","사천진항","2027-03-22 09:19","-8","고조"
"SO_1283","사천진항","2027-03-22 15:10","16","저조"
"SO_1283","사천진항","2027-03-22 21:24","-5","고조"
"SO_1283","사천진항","2027-03-23 03:18","19","저조"
"SO_1283","사천진항","2027-03-23 09:50","-5","고조"
"SO_1283","사천진항","2027-03-23 15:35","17","저조"
"SO_1283","사천진항","2027-03-23 22:08","-7","고조"
"SO_1283","사천진항","2027-03-24 04:04","17","저조"
"SO_1283","사천진항","2027-03-24 10:18","-2","고조"
"SO_1283","사천진항","2027-03-23 03:18","19","저조"
"SO_1283","사천진항","2027-03-23 09:50","-5","고조"
"SO_1283","사천진항","2027-03-23 15:35","17","저조"
"SO_1283","사천진항","2027-03-23 22:08","-7","고조"
"SO_1283","사천진항","2027-03-24 04:04","17","저조"
"SO_1283","사천진항","2027-03-24 10:18","-2","고조"
"SO_1283","사천진항","2027-03-24 15:59","19","저조"
"SO_1283","사천진항","2027-03-24 22:51","-8","고조"
"SO_1283","사천진항","2027-03-25 04:52","16","저조"
"SO_1283","사천진항","2027-03-25 10:41","2","고조"
"SO_1283","사천진항","2027-03-24 04:04","17","저조"
"SO_1283","사천진항","2027-03-24 10:18","-2","고조"
"SO_1283","사천진항","2027-03-24 15:59","19","저조"
"SO_1283","사천진항","2027-03-24 22:51","-8","고조"
"SO_1283","사천진항","2027-03-25 04:52","16","저조"
"SO_1283","사천진항","2027-03-25 10:41","2","고조"
"SO_1283","사천진항","2027-03-25 16:25","22","저조"
"SO_1283","사천진항","2027-03-25 23:36","-7","고조"
"SO_1283","사천진항","2027-03-26 05:44","14","저조"
"SO_1283","사천진항","2027-03-26 10:57","7","고조"
"SO_1283","사천진항","2027-03-25 04:52","16","저조"
"SO_1283","사천진항","2027-03-25 10:41","2","고조"
"SO_1283","사천진항","2027-03-25 16:25","22","저조"
"SO_1283","사천진항","2027-03-25 23:36","-7","고조"
"SO_1283","사천진항","2027-03-26 05:44","14","저조"
"SO_1283","사천진항","2027-03-26 10:57","7","고조"
"SO_1283","사천진항","2027-03-26 16:51","23","저조"
"SO_1283","사천진항","2027-03-27 00:25","-4","고조"
"SO_1283","사천진항","2027-03-27 07:12","13","저조"
"SO_1283","사천진항","2027-03-27 11:04","11","고조"
"SO_1283","사천진항","2027-03-26 05:44","14","저조"
"SO_1283","사천진항","2027-03-26 10:57","7","고조"
"SO_1283","사천진항","2027-03-26 16:51","23","저조"
"SO_1283","사천진항","2027-03-27 00:25","-4","고조"
"SO_1283","사천진항","2027-03-27 07:12","13","저조"
"SO_1283","사천진항","2027-03-27 11:04","11","고조"
"SO_1283","사천진항","2027-03-27 17:18","25","저조"
"SO_1283","사천진항","2027-03-28 01:26","-1","고조"
"SO_1283","사천진항","2027-03-28 17:46","25","저조"
"SO_1283","사천진항","2027-03-29 02:42","2","고조"
"SO_1283","사천진항","2027-03-27 00:25","-4","고조"
"SO_1283","사천진항","2027-03-27 07:12","13","저조"
"SO_1283","사천진항","2027-03-27 11:04","11","고조"
"SO_1283","사천진항","2027-03-27 17:18","25","저조"
"SO_1283","사천진항","2027-03-28 01:26","-1","고조"
"SO_1283","사천진항","2027-03-28 17:46","25","저조"
"SO_1283","사천진항","2027-03-29 02:42","2","고조"
"SO_1283","사천진항","2027-03-29 18:19","23","저조"
"SO_1283","사천진항","2027-03-30 04:00","3","고조"
"SO_1283","사천진항","2027-03-30 19:05","21","저조"
"SO_1283","사천진항","2027-03-28 01:26","-1","고조"
"SO_1283","사천진항","2027-03-28 17:46","25","저조"
"SO_1283","사천진항","2027-03-29 02:42","2","고조"
"SO_1283","사천진항","2027-03-29 18:19","23","저조"
"SO_1283","사천진항","2027-03-30 04:00","3","고조"
"SO_1283","사천진항","2027-03-30 19:05","21","저조"
"SO_1283","사천진항","2027-03-31 05:13","2","고조"
"SO_1283","사천진항","2027-03-31 15:05","18","저조"
"SO_1283","사천진항","2027-03-31 17:02","17","고조"
"SO_1283","사천진항","2027-03-31 20:57","19","저조"
"SO_1283","사천진항","2027-03-29 02:42","2","고조"
"SO_1283","사천진항","2027-03-29 18:19","23","저조"
"SO_1283","사천진항","2027-03-30 04:00","3","고조"
"SO_1283","사천진항","2027-03-30 19:05","21","저조"
"SO_1283","사천진항","2027-03-31 05:13","2","고조"
"SO_1283","사천진항","2027-03-31 15:05","18","저조"
"SO_1283","사천진항","2027-03-31 17:02","17","고조"
"SO_1283","사천진항","2027-03-31 20:57","19","저조"
"SO_1283","사천진항","2027-04-01 06:15","1","고조"
"SO_1283","사천진항","2027-04-01 14:22","16","저조"
"SO_1283","사천진항","2027-03-30 04:00","3","고조"
"SO_1283","사천진항","2027-03-30 19:05","21","저조"
"SO_1283","사천진항","2027-03-31 05:13","2","고조"
"SO_1283","사천진항","2027-03-31 15:05","18","저조"
"SO_1283","사천진항","2027-03-31 17:02","17","고조"
"SO_1283","사천진항","2027-03-31 20:57","19","저조"
"SO_1283","사천진항","2027-04-01 06:15","1","고조"
"SO_1283","사천진항","2027-04-01 14:22","16","저조"
"SO_1283","사천진항","2027-04-01 18:15","14","고조"
"SO_1283","사천진항","2027-04-01 22:42","17","저조"
"SO_1283","사천진항","2027-03-31 05:13","2","고조"
"SO_1283","사천진항","2027-03-31 15:05","18","저조"
"SO_1283","사천진항","2027-03-31 17:02","17","고조"
"SO_1283","사천진항","2027-03-31 20:57","19","저조"
"SO_1283","사천진항","2027-04-01 06:15","1","고조"
"SO_1283","사천진항","2027-04-01 14:22","16","저조"
"SO_1283","사천진항","2027-04-01 18:15","14","고조"
"SO_1283","사천진항","2027-04-01 22:42","17","저조"
"SO_1283","사천진항","2027-04-02 06:59","-1","고조"
"SO_1283","사천진항","2027-04-02 14:06","14","저조"
"SO_1283","사천진항","2027-04-01 06:15","1","고조"
"SO_1283","사천진항","2027-04-01 14:22","16","저조"
"SO_1283","사천진항","2027-04-01 18:15","14","고조"
"SO_1283","사천진항","2027-04-01 22:42","17","저조"
"SO_1283","사천진항","2027-04-02 06:59","-1","고조"
"SO_1283","사천진항","2027-04-02 14:06","14","저조"
"SO_1283","사천진항","2027-04-02 18:57","10","고조"
"SO_1283","사천진항","2027-04-02 23:56","15","저조"
"SO_1283","사천진항","2027-04-03 07:32","-4","고조"
"SO_1283","사천진항","2027-04-03 14:09","13","저조"
"SO_1283","사천진항","2027-04-02 06:59","-1","고조"
"SO_1283","사천진항","2027-04-02 14:06","14","저조"
"SO_1283","사천진항","2027-04-02 18:57","10","고조"
"SO_1283","사천진항","2027-04-02 23:56","15","저조"
"SO_1283","사천진항","2027-04-03 07:32","-4","고조"
"SO_1283","사천진항","2027-04-03 14:09","13","저조"
"SO_1283","사천진항","2027-04-03 19:29","5","고조"
"SO_1283","사천진항","2027-04-04 00:55","14","저조"
"SO_1283","사천진항","2027-04-04 08:00","-5","고조"
"SO_1283","사천진항","2027-04-04 14:18","12","저조"
"SO_1283","사천진항","2027-04-03 07:32","-4","고조"
"SO_1283","사천진항","2027-04-03 14:09","13","저조"
"SO_1283","사천진항","2027-04-03 19:29","5","고조"
"SO_1283","사천진항","2027-04-04 00:55","14","저조"
"SO_1283","사천진항","2027-04-04 08:00","-5","고조"
"SO_1283","사천진항","2027-04-04 14:18","12","저조"
"SO_1283","사천진항","2027-04-04 20:00","1","고조"
"SO_1283","사천진항","2027-04-05 01:43","14","저조"
"SO_1283","사천진항","2027-04-05 08:25","-5","고조"
"SO_1283","사천진항","2027-04-05 14:29","13","저조"
"SO_1283","사천진항","2027-04-04 00:55","14","저조"
"SO_1283","사천진항","2027-04-04 08:00","-5","고조"
"SO_1283","사천진항","2027-04-04 14:18","12","저조"
"SO_1283","사천진항","2027-04-04 20:00","1","고조"
"SO_1283","사천진항","2027-04-05 01:43","14","저조"
"SO_1283","사천진항","2027-04-05 08:25","-5","고조"
"SO_1283","사천진항","2027-04-05 14:29","13","저조"
"SO_1283","사천진항","2027-04-05 20:32","-2","고조"
"SO_1283","사천진항","2027-04-06 02:26","14","저조"
"SO_1283","사천진항","2027-04-06 08:51","-4","고조"
"SO_1283","사천진항","2027-04-05 01:43","14","저조"
"SO_1283","사천진항","2027-04-05 08:25","-5","고조"
"SO_1283","사천진항","2027-04-05 14:29","13","저조"
"SO_1283","사천진항","2027-04-05 20:32","-2","고조"
"SO_1283","사천진항","2027-04-06 02:26","14","저조"
"SO_1283","사천진항","2027-04-06 08:51","-4","고조"
"SO_1283","사천진항","2027-04-06 14:43","15","저조"
"SO_1283","사천진항","2027-04-06 21:06","-5","고조"
"SO_1283","사천진항","2027-04-07 03:08","15","저조"
"SO_1283","사천진항","2027-04-07 09:17","-2","고조"
"SO_1283","사천진항","2027-04-06 02:26","14","저조"
"SO_1283","사천진항","2027-04-06 08:51","-4","고조"
"SO_1283","사천진항","2027-04-06 14:43","15","저조"
"SO_1283","사천진항","2027-04-06 21:06","-5","고조"
"SO_1283","사천진항","2027-04-07 03:08","15","저조"
"SO_1283","사천진항","2027-04-07 09:17","-2","고조"
"SO_1283","사천진항","2027-04-07 15:04","18","저조"
"SO_1283","사천진항","2027-04-07 21:43","-6","고조"
"SO_1283","사천진항","2027-04-08 03:50","16","저조"
"SO_1283","사천진항","2027-04-08 09:44","2","고조"
"SO_1283","사천진항","2027-04-07 03:08","15","저조"
"SO_1283","사천진항","2027-04-07 09:17","-2","고조"
"SO_1283","사천진항","2027-04-07 15:04","18","저조"
"SO_1283","사천진항","2027-04-07 21:43","-6","고조"
"SO_1283","사천진항","2027-04-08 03:50","16","저조"
"SO_1283","사천진항","2027-04-08 09:44","2","고조"
"SO_1283","사천진항","2027-04-08 15:28","21","저조"
"SO_1283","사천진항","2027-04-08 22:22","-6","고조"
"SO_1283","사천진항","2027-04-09 04:34","17","저조"
"SO_1283","사천진항","2027-04-09 10:11","6","고조"
"SO_1283","사천진항","2027-04-08 03:50","16","저조"
"SO_1283","사천진항","2027-04-08 09:44","2","고조"
"SO_1283","사천진항","2027-04-08 15:28","21","저조"
"SO_1283","사천진항","2027-04-08 22:22","-6","고조"
"SO_1283","사천진항","2027-04-09 04:34","17","저조"
"SO_1283","사천진항","2027-04-09 10:11","6","고조"
"SO_1283","사천진항","2027-04-09 15:56","25","저조"
"SO_1283","사천진항","2027-04-09 23:05","-5","고조"
"SO_1283","사천진항","2027-04-10 05:26","18","저조"
"SO_1283","사천진항","2027-04-10 10:39","11","고조"
"SO_1283","사천진항","2027-04-09 04:34","17","저조"
"SO_1283","사천진항","2027-04-09 10:11","6","고조"
"SO_1283","사천진항","2027-04-09 15:56","25","저조"
"SO_1283","사천진항","2027-04-09 23:05","-5","고조"
"SO_1283","사천진항","2027-04-10 05:26","18","저조"
"SO_1283","사천진항","2027-04-10 10:39","11","고조"
"SO_1283","사천진항","2027-04-10 16:28","28","저조"
"SO_1283","사천진항","2027-04-10 23:53","-3","고조"
"SO_1283","사천진항","2027-04-11 06:44","18","저조"
"SO_1283","사천진항","2027-04-11 11:06","15","고조"
"SO_1283","사천진항","2027-04-10 05:26","18","저조"
"SO_1283","사천진항","2027-04-10 10:39","11","고조"
"SO_1283","사천진항","2027-04-10 16:28","28","저조"
"SO_1283","사천진항","2027-04-10 23:53","-3","고조"
"SO_1283","사천진항","2027-04-11 06:44","18","저조"
"SO_1283","사천진항","2027-04-11 11:06","15","고조"
"SO_1283","사천진항","2027-04-11 17:04","30","저조"
"SO_1283","사천진항","2027-04-12 00:52","-1","고조"
"SO_1283","사천진항","2027-04-12 09:12","19","저조"
"SO_1283","사천진항","2027-04-12 11:31","18","고조"
"SO_1283","사천진항","2027-04-11 06:44","18","저조"
"SO_1283","사천진항","2027-04-11 11:06","15","고조"
"SO_1283","사천진항","2027-04-11 17:04","30","저조"
"SO_1283","사천진항","2027-04-12 00:52","-1","고조"
"SO_1283","사천진항","2027-04-12 09:12","19","저조"
"SO_1283","사천진항","2027-04-12 11:31","18","고조"
"SO_1283","사천진항","2027-04-12 17:47","30","저조"
"SO_1283","사천진항","2027-04-13 02:09","1","고조"
"SO_1283","사천진항","2027-04-13 18:46","28","저조"
"SO_1283","사천진항","2027-04-14 03:33","1","고조"
"SO_1283","사천진항","2027-04-12 00:52","-1","고조"
"SO_1283","사천진항","2027-04-12 09:12","19","저조"
"SO_1283","사천진항","2027-04-12 11:31","18","고조"
"SO_1283","사천진항","2027-04-12 17:47","30","저조"
"SO_1283","사천진항","2027-04-13 02:09","1","고조"
"SO_1283","사천진항","2027-04-13 18:46","28","저조"
"SO_1283","사천진항","2027-04-14 03:33","1","고조"
"SO_1283","사천진항","2027-04-14 20:14","26","저조"
"SO_1283","사천진항","2027-04-15 04:52","","고조"
"SO_1283","사천진항","2027-04-15 12:49","19","저조"
"SO_1283","사천진항","2027-04-13 02:09","1","고조"
"SO_1283","사천진항","2027-04-13 18:46","28","저조"
"SO_1283","사천진항","2027-04-14 03:33","1","고조"
"SO_1283","사천진항","2027-04-14 20:14","26","저조"
"SO_1283","사천진항","2027-04-15 04:52","","고조"
"SO_1283","사천진항","2027-04-15 12:49","19","저조"
"SO_1283","사천진항","2027-04-15 16:43","16","고조"
"SO_1283","사천진항","2027-04-15 21:48","23","저조"
"SO_1283","사천진항","2027-04-16 05:59","-1","고조"
"SO_1283","사천진항","2027-04-16 13:04","18","저조"
"SO_1283","사천진항","2027-04-14 03:33","1","고조"
"SO_1283","사천진항","2027-04-14 20:14","26","저조"
"SO_1283","사천진항","2027-04-15 04:52","","고조"
"SO_1283","사천진항","2027-04-15 12:49","19","저조"
"SO_1283","사천진항","2027-04-15 16:43","16","고조"
"SO_1283","사천진항","2027-04-15 21:48","23","저조"
"SO_1283","사천진항","2027-04-16 05:59","-1","고조"
"SO_1283","사천진항","2027-04-16 13:04","18","저조"
"SO_1283","사천진항","2027-04-16 17:58","11","고조"
"SO_1283","사천진항","2027-04-16 23:15","21","저조"
"SO_1283","사천진항","2027-04-15 04:52","","고조"
"SO_1283","사천진항","2027-04-15 12:49","19","저조"
"SO_1283","사천진항","2027-04-15 16:43","16","고조"
"SO_1283","사천진항","2027-04-15 21:48","23","저조"
"SO_1283","사천진항","2027-04-16 05:59","-1","고조"
"SO_1283","사천진항","2027-04-16 13:04","18","저조"
"SO_1283","사천진항","2027-04-16 17:58","11","고조"
"SO_1283","사천진항","2027-04-16 23:15","21","저조"
"SO_1283","사천진항","2027-04-17 06:51","-2","고조"
"SO_1283","사천진항","2027-04-17 13:20","17","저조"
"SO_1283","사천진항","2027-04-16 05:59","-1","고조"
"SO_1283","사천진항","2027-04-16 13:04","18","저조"
"SO_1283","사천진항","2027-04-16 17:58","11","고조"
"SO_1283","사천진항","2027-04-16 23:15","21","저조"
"SO_1283","사천진항","2027-04-17 06:51","-2","고조"
"SO_1283","사천진항","2027-04-17 13:20","17","저조"
"SO_1283","사천진항","2027-04-17 18:54","6","고조"
"SO_1283","사천진항","2027-04-18 00:35","20","저조"
"SO_1283","사천진항","2027-04-18 07:33","-2","고조"
"SO_1283","사천진항","2027-04-18 13:38","17","저조"
"SO_1283","사천진항","2027-04-17 06:51","-2","고조"
"SO_1283","사천진항","2027-04-17 13:20","17","저조"
"SO_1283","사천진항","2027-04-17 18:54","6","고조"
"SO_1283","사천진항","2027-04-18 00:35","20","저조"
"SO_1283","사천진항","2027-04-18 07:33","-2","고조"
"SO_1283","사천진항","2027-04-18 13:38","17","저조"
"SO_1283","사천진항","2027-04-18 19:42","","고조"
"SO_1283","사천진항","2027-04-19 01:37","18","저조"
"SO_1283","사천진항","2027-04-19 08:09","-1","고조"
"SO_1283","사천진항","2027-04-19 14:00","18","저조"
"SO_1283","사천진항","2027-04-18 00:35","20","저조"
"SO_1283","사천진항","2027-04-18 07:33","-2","고조"
"SO_1283","사천진항","2027-04-18 13:38","17","저조"
"SO_1283","사천진항","2027-04-18 19:42","","고조"
"SO_1283","사천진항","2027-04-19 01:37","18","저조"
"SO_1283","사천진항","2027-04-19 08:09","-1","고조"
"SO_1283","사천진항","2027-04-19 14:00","18","저조"
"SO_1283","사천진항","2027-04-19 20:26","-4","고조"
"SO_1283","사천진항","2027-04-20 02:30","18","저조"
"SO_1283","사천진항","2027-04-20 08:40","1","고조"
"SO_1283","사천진항","2027-04-19 01:37","18","저조"
"SO_1283","사천진항","2027-04-19 08:09","-1","고조"
"SO_1283","사천진항","2027-04-19 14:00","18","저조"
"SO_1283","사천진항","2027-04-19 20:26","-4","고조"
"SO_1283","사천진항","2027-04-20 02:30","18","저조"
"SO_1283","사천진항","2027-04-20 08:40","1","고조"
"SO_1283","사천진항","2027-04-20 14:23","20","저조"
"SO_1283","사천진항","2027-04-20 21:09","-6","고조"
"SO_1283","사천진항","2027-04-21 03:19","17","저조"
"SO_1283","사천진항","2027-04-21 09:08","4","고조"
"SO_1283","사천진항","2027-04-20 02:30","18","저조"
"SO_1283","사천진항","2027-04-20 08:40","1","고조"
"SO_1283","사천진항","2027-04-20 14:23","20","저조"
"SO_1283","사천진항","2027-04-20 21:09","-6","고조"
"SO_1283","사천진항","2027-04-21 03:19","17","저조"
"SO_1283","사천진항","2027-04-21 09:08","4","고조"
"SO_1283","사천진항","2027-04-21 14:49","22","저조"
"SO_1283","사천진항","2027-04-21 21:51","-7","고조"
"SO_1283","사천진항","2027-04-22 04:08","17","저조"
"SO_1283","사천진항","2027-04-22 09:33","8","고조"
"SO_1283","사천진항","2027-04-21 03:19","17","저조"
"SO_1283","사천진항","2027-04-21 09:08","4","고조"
"SO_1283","사천진항","2027-04-21 14:49","22","저조"
"SO_1283","사천진항","2027-04-21 21:51","-7","고조"
"SO_1283","사천진항","2027-04-22 04:08","17","저조"
"SO_1283","사천진항","2027-04-22 09:33","8","고조"
"SO_1283","사천진항","2027-04-22 15:16","25","저조"
"SO_1283","사천진항","2027-04-22 22:34","-6","고조"
"SO_1283","사천진항","2027-04-23 05:02","17","저조"
"SO_1283","사천진항","2027-04-23 09:54","11","고조"
"SO_1283","사천진항","2027-04-22 04:08","17","저조"
"SO_1283","사천진항","2027-04-22 09:33","8","고조"
"SO_1283","사천진항","2027-04-22 15:16","25","저조"
"SO_1283","사천진항","2027-04-22 22:34","-6","고조"
"SO_1283","사천진항","2027-04-23 05:02","17","저조"
"SO_1283","사천진항","2027-04-23 09:54","11","고조"
"SO_1283","사천진항","2027-04-23 15:45","28","저조"
"SO_1283","사천진항","2027-04-23 23:18","-4","고조"
"SO_1283","사천진항","2027-04-24 06:16","18","저조"
"SO_1283","사천진항","2027-04-24 10:09","15","고조"
"SO_1283","사천진항","2027-04-23 05:02","17","저조"
"SO_1283","사천진항","2027-04-23 09:54","11","고조"
"SO_1283","사천진항","2027-04-23 15:45","28","저조"
"SO_1283","사천진항","2027-04-23 23:18","-4","고조"
"SO_1283","사천진항","2027-04-24 06:16","18","저조"
"SO_1283","사천진항","2027-04-24 10:09","15","고조"
"SO_1283","사천진항","2027-04-24 16:14","29","저조"
"SO_1283","사천진항","2027-04-25 00:06","-1","고조"
"SO_1283","사천진항","2027-04-25 07:43","19","저조"
"SO_1283","사천진항","2027-04-25 10:22","17","고조"
"SO_1283","사천진항","2027-04-24 06:16","18","저조"
"SO_1283","사천진항","2027-04-24 10:09","15","고조"
"SO_1283","사천진항","2027-04-24 16:14","29","저조"
"SO_1283","사천진항","2027-04-25 00:06","-1","고조"
"SO_1283","사천진항","2027-04-25 07:43","19","저조"
"SO_1283","사천진항","2027-04-25 10:22","17","고조"
"SO_1283","사천진항","2027-04-25 16:44","30","저조"
"SO_1283","사천진항","2027-04-26 01:00","2","고조"
"SO_1283","사천진항","2027-04-26 17:16","28","저조"
"SO_1283","사천진항","2027-04-27 02:00","4","고조"
"SO_1283","사천진항","2027-04-25 00:06","-1","고조"
"SO_1283","사천진항","2027-04-25 07:43","19","저조"
"SO_1283","사천진항","2027-04-25 10:22","17","고조"
"SO_1283","사천진항","2027-04-25 16:44","30","저조"
"SO_1283","사천진항","2027-04-26 01:00","2","고조"
"SO_1283","사천진항","2027-04-26 17:16","28","저조"
"SO_1283","사천진항","2027-04-27 02:00","4","고조"
"SO_1283","사천진항","2027-04-27 17:53","26","저조"
"SO_1283","사천진항","2027-04-28 03:05","5","고조"
"SO_1283","사천진항","2027-04-28 18:46","23","저조"
"SO_1283","사천진항","2027-04-26 01:00","2","고조"
"SO_1283","사천진항","2027-04-26 17:16","28","저조"
"SO_1283","사천진항","2027-04-27 02:00","4","고조"
"SO_1283","사천진항","2027-04-27 17:53","26","저조"
"SO_1283","사천진항","2027-04-28 03:05","5","고조"
"SO_1283","사천진항","2027-04-28 18:46","23","저조"
"SO_1283","사천진항","2027-04-29 04:12","5","고조"
"SO_1283","사천진항","2027-04-29 13:28","19","저조"
"SO_1283","사천진항","2027-04-29 16:34","18","고조"
"SO_1283","사천진항","2027-04-29 20:10","20","저조"
"SO_1283","사천진항","2027-04-27 02:00","4","고조"
"SO_1283","사천진항","2027-04-27 17:53","26","저조"
"SO_1283","사천진항","2027-04-28 03:05","5","고조"
"SO_1283","사천진항","2027-04-28 18:46","23","저조"
"SO_1283","사천진항","2027-04-29 04:12","5","고조"
"SO_1283","사천진항","2027-04-29 13:28","19","저조"
"SO_1283","사천진항","2027-04-29 16:34","18","고조"
"SO_1283","사천진항","2027-04-29 20:10","20","저조"
"SO_1283","사천진항","2027-04-30 05:13","4","고조"
"SO_1283","사천진항","2027-04-30 12:52","18","저조"
"SO_1283","사천진항","2027-04-28 03:05","5","고조"
"SO_1283","사천진항","2027-04-28 18:46","23","저조"
"SO_1283","사천진항","2027-04-29 04:12","5","고조"
"SO_1283","사천진항","2027-04-29 13:28","19","저조"
"SO_1283","사천진항","2027-04-29 16:34","18","고조"
"SO_1283","사천진항","2027-04-29 20:10","20","저조"
"SO_1283","사천진항","2027-04-30 05:13","4","고조"
"SO_1283","사천진항","2027-04-30 12:52","18","저조"
"SO_1283","사천진항","2027-04-30 17:46","14","고조"
"SO_1283","사천진항","2027-04-30 21:36","17","저조"
"SO_1283","사천진항","2027-04-29 04:12","5","고조"
"SO_1283","사천진항","2027-04-29 13:28","19","저조"
"SO_1283","사천진항","2027-04-29 16:34","18","고조"
"SO_1283","사천진항","2027-04-29 20:10","20","저조"
"SO_1283","사천진항","2027-04-30 05:13","4","고조"
"SO_1283","사천진항","2027-04-30 12:52","18","저조"
"SO_1283","사천진항","2027-04-30 17:46","14","고조"
"SO_1283","사천진항","2027-04-30 21:36","17","저조"
"SO_1283","사천진항","2027-05-01 05:59","3","고조"
"SO_1283","사천진항","2027-05-01 12:58","17","저조"
"SO_1283","사천진항","2027-04-30 05:13","4","고조"
"SO_1283","사천진항","2027-04-30 12:52","18","저조"
"SO_1283","사천진항","2027-04-30 17:46","14","고조"
"SO_1283","사천진항","2027-04-30 21:36","17","저조"
"SO_1283","사천진항","2027-05-01 05:59","3","고조"
"SO_1283","사천진항","2027-05-01 12:58","17","저조"
"SO_1283","사천진항","2027-05-01 18:27","10","고조"
"SO_1283","사천진항","2027-05-01 23:09","15","저조"
"SO_1283","사천진항","2027-05-02 06:35","2","고조"
"SO_1283","사천진항","2027-05-02 13:07","16","저조"
"SO_1283","사천진항","2027-05-01 05:59","3","고조"
"SO_1283","사천진항","2027-05-01 12:58","17","저조"
"SO_1283","사천진항","2027-05-01 18:27","10","고조"
"SO_1283","사천진항","2027-05-01 23:09","15","저조"
"SO_1283","사천진항","2027-05-02 06:35","2","고조"
"SO_1283","사천진항","2027-05-02 13:07","16","저조"
"SO_1283","사천진항","2027-05-02 19:00","6","고조"
"SO_1283","사천진항","2027-05-03 00:32","15","저조"
"SO_1283","사천진항","2027-05-03 07:04","2","고조"
"SO_1283","사천진항","2027-05-03 13:16","17","저조"
"SO_1283","사천진항","2027-05-02 06:35","2","고조"
"SO_1283","사천진항","2027-05-02 13:07","16","저조"
"SO_1283","사천진항","2027-05-02 19:00","6","고조"
"SO_1283","사천진항","2027-05-03 00:32","15","저조"
"SO_1283","사천진항","2027-05-03 07:04","2","고조"
"SO_1283","사천진항","2027-05-03 13:16","17","저조"
"SO_1283","사천진항","2027-05-03 19:32","3","고조"
"SO_1283","사천진항","2027-05-04 01:29","16","저조"
"SO_1283","사천진항","2027-05-04 07:33","4","고조"
"SO_1283","사천진항","2027-05-04 13:31","20","저조"
"SO_1283","사천진항","2027-05-03 00:32","15","저조"
"SO_1283","사천진항","2027-05-03 07:04","2","고조"
"SO_1283","사천진항","2027-05-03 13:16","17","저조"
"SO_1283","사천진항","2027-05-03 19:32","3","고조"
"SO_1283","사천진항","2027-05-04 01:29","16","저조"
"SO_1283","사천진항","2027-05-04 07:33","4","고조"
"SO_1283","사천진항","2027-05-04 13:31","20","저조"
"SO_1283","사천진항","2027-05-04 20:07","","고조"
"SO_1283","사천진항","2027-05-05 02:18","18","저조"
"SO_1283","사천진항","2027-05-05 08:03","6","고조"
"SO_1283","사천진항","2027-05-04 01:29","16","저조"
"SO_1283","사천진항","2027-05-04 07:33","4","고조"
"SO_1283","사천진항","2027-05-04 13:31","20","저조"
"SO_1283","사천진항","2027-05-04 20:07","","고조"
"SO_1283","사천진항","2027-05-05 02:18","18","저조"
"SO_1283","사천진항","2027-05-05 08:03","6","고조"
"SO_1283","사천진항","2027-05-05 13:53","23","저조"
"SO_1283","사천진항","2027-05-05 20:45","-2","고조"
"SO_1283","사천진항","2027-05-06 03:05","20","저조"
"SO_1283","사천진항","2027-05-06 08:34","10","고조"
"SO_1283","사천진항","2027-05-05 02:18","18","저조"
"SO_1283","사천진항","2027-05-05 08:03","6","고조"
"SO_1283","사천진항","2027-05-05 13:53","23","저조"
"SO_1283","사천진항","2027-05-05 20:45","-2","고조"
"SO_1283","사천진항","2027-05-06 03:05","20","저조"
"SO_1283","사천진항","2027-05-06 08:34","10","고조"
"SO_1283","사천진항","2027-05-06 14:20","28","저조"
"SO_1283","사천진항","2027-05-06 21:26","-2","고조"
"SO_1283","사천진항","2027-05-07 03:54","22","저조"
"SO_1283","사천진항","2027-05-07 09:06","14","고조"
"SO_1283","사천진항","2027-05-06 03:05","20","저조"
"SO_1283","사천진항","2027-05-06 08:34","10","고조"
"SO_1283","사천진항","2027-05-06 14:20","28","저조"
"SO_1283","사천진항","2027-05-06 21:26","-2","고조"
"SO_1283","사천진항","2027-05-07 03:54","22","저조"
"SO_1283","사천진항","2027-05-07 09:06","14","고조"
"SO_1283","사천진항","2027-05-07 14:52","32","저조"
"SO_1283","사천진항","2027-05-07 22:10","-2","고조"
"SO_1283","사천진항","2027-05-08 04:53","24","저조"
"SO_1283","사천진항","2027-05-08 09:40","18","고조"
"SO_1283","사천진항","2027-05-07 03:54","22","저조"
"SO_1283","사천진항","2027-05-07 09:06","14","고조"
"SO_1283","사천진항","2027-05-07 14:52","32","저조"
"SO_1283","사천진항","2027-05-07 22:10","-2","고조"
"SO_1283","사천진항","2027-05-08 04:53","24","저조"
"SO_1283","사천진항","2027-05-08 09:40","18","고조"
"SO_1283","사천진항","2027-05-08 15:27","35","저조"
"SO_1283","사천진항","2027-05-08 23:00","-1","고조"
"SO_1283","사천진항","2027-05-09 06:17","25","저조"
"SO_1283","사천진항","2027-05-09 10:15","21","고조"
"SO_1283","사천진항","2027-05-08 04:53","24","저조"
"SO_1283","사천진항","2027-05-08 09:40","18","고조"
"SO_1283","사천진항","2027-05-08 15:27","35","저조"
"SO_1283","사천진항","2027-05-08 23:00","-1","고조"
"SO_1283","사천진항","2027-05-09 06:17","25","저조"
"SO_1283","사천진항","2027-05-09 10:15","21","고조"
"SO_1283","사천진항","2027-05-09 16:07","37","저조"
"SO_1283","사천진항","2027-05-09 23:55","1","고조"
"SO_1283","사천진항","2027-05-10 07:47","25","저조"
"SO_1283","사천진항","2027-05-10 10:53","23","고조"
"SO_1283","사천진항","2027-05-09 06:17","25","저조"
"SO_1283","사천진항","2027-05-09 10:15","21","고조"
"SO_1283","사천진항","2027-05-09 16:07","37","저조"
"SO_1283","사천진항","2027-05-09 23:55","1","고조"
"SO_1283","사천진항","2027-05-10 07:47","25","저조"
"SO_1283","사천진항","2027-05-10 10:53","23","고조"
"SO_1283","사천진항","2027-05-10 16:52","37","저조"
"SO_1283","사천진항","2027-05-11 00:57","3","고조"
"SO_1283","사천진항","2027-05-11 09:00","26","저조"
"SO_1283","사천진항","2027-05-11 11:44","24","고조"
"SO_1283","사천진항","2027-05-10 07:47","25","저조"
"SO_1283","사천진항","2027-05-10 10:53","23","고조"
"SO_1283","사천진항","2027-05-10 16:52","37","저조"
"SO_1283","사천진항","2027-05-11 00:57","3","고조"
"SO_1283","사천진항","2027-05-11 09:00","26","저조"
"SO_1283","사천진항","2027-05-11 11:44","24","고조"
"SO_1283","사천진항","2027-05-11 17:46","36","저조"
"SO_1283","사천진항","2027-05-12 02:03","4","고조"
"SO_1283","사천진항","2027-05-12 10:17","25","저조"
"SO_1283","사천진항","2027-05-12 13:19","24","고조"
"SO_1283","사천진항","2027-05-11 00:57","3","고조"
"SO_1283","사천진항","2027-05-11 09:00","26","저조"
"SO_1283","사천진항","2027-05-11 11:44","24","고조"
"SO_1283","사천진항","2027-05-11 17:46","36","저조"
"SO_1283","사천진항","2027-05-12 02:03","4","고조"
"SO_1283","사천진항","2027-05-12 10:17","25","저조"
"SO_1283","사천진항","2027-05-12 13:19","24","고조"
"SO_1283","사천진항","2027-05-12 18:56","33","저조"
"SO_1283","사천진항","2027-05-13 03:11","5","고조"
"SO_1283","사천진항","2027-05-13 11:13","24","저조"
"SO_1283","사천진항","2027-05-12 02:03","4","고조"
"SO_1283","사천진항","2027-05-12 10:17","25","저조"
"SO_1283","사천진항","2027-05-12 13:19","24","고조"
"SO_1283","사천진항","2027-05-12 18:56","33","저조"
"SO_1283","사천진항","2027-05-13 03:11","5","고조"
"SO_1283","사천진항","2027-05-13 11:13","24","저조"
"SO_1283","사천진항","2027-05-13 15:03","22","고조"
"SO_1283","사천진항","2027-05-13 20:15","29","저조"
"SO_1283","사천진항","2027-05-14 04:20","6","고조"
"SO_1283","사천진항","2027-05-14 11:44","24","저조"
"SO_1283","사천진항","2027-05-13 03:11","5","고조"
"SO_1283","사천진항","2027-05-13 11:13","24","저조"
"SO_1283","사천진항","2027-05-13 15:03","22","고조"
"SO_1283","사천진항","2027-05-13 20:15","29","저조"
"SO_1283","사천진항","2027-05-14 04:20","6","고조"
"SO_1283","사천진항","2027-05-14 11:44","24","저조"
"SO_1283","사천진항","2027-05-14 16:37","17","고조"
"SO_1283","사천진항","2027-05-14 21:38","26","저조"
"SO_1283","사천진항","2027-05-15 05:24","7","고조"
"SO_1283","사천진항","2027-05-15 12:07","23","저조"
"SO_1283","사천진항","2027-05-14 04:20","6","고조"
"SO_1283","사천진항","2027-05-14 11:44","24","저조"
"SO_1283","사천진항","2027-05-14 16:37","17","고조"
"SO_1283","사천진항","2027-05-14 21:38","26","저조"
"SO_1283","사천진항","2027-05-15 05:24","7","고조"
"SO_1283","사천진항","2027-05-15 12:07","23","저조"
"SO_1283","사천진항","2027-05-15 17:48","12","고조"
"SO_1283","사천진항","2027-05-15 23:20","23","저조"
"SO_1283","사천진항","2027-05-16 06:15","8","고조"
"SO_1283","사천진항","2027-05-16 12:28","23","저조"
"SO_1283","사천진항","2027-05-15 05:24","7","고조"
"SO_1283","사천진항","2027-05-15 12:07","23","저조"
"SO_1283","사천진항","2027-05-15 17:48","12","고조"
"SO_1283","사천진항","2027-05-15 23:20","23","저조"
"SO_1283","사천진항","2027-05-16 06:15","8","고조"
"SO_1283","사천진항","2027-05-16 12:28","23","저조"
"SO_1283","사천진항","2027-05-16 18:43","8","고조"
"SO_1283","사천진항","2027-05-17 00:45","22","저조"
"SO_1283","사천진항","2027-05-17 06:55","10","고조"
"SO_1283","사천진항","2027-05-17 12:51","25","저조"
"SO_1283","사천진항","2027-05-16 06:15","8","고조"
"SO_1283","사천진항","2027-05-16 12:28","23","저조"
"SO_1283","사천진항","2027-05-16 18:43","8","고조"
"SO_1283","사천진항","2027-05-17 00:45","22","저조"
"SO_1283","사천진항","2027-05-17 06:55","10","고조"
"SO_1283","사천진항","2027-05-17 12:51","25","저조"
"SO_1283","사천진항","2027-05-17 19:29","4","고조"
"SO_1283","사천진항","2027-05-18 01:47","22","저조"
"SO_1283","사천진항","2027-05-18 07:29","12","고조"
"SO_1283","사천진항","2027-05-18 13:16","27","저조"
"SO_1283","사천진항","2027-05-17 00:45","22","저조"
"SO_1283","사천진항","2027-05-17 06:55","10","고조"
"SO_1283","사천진항","2027-05-17 12:51","25","저조"
"SO_1283","사천진항","2027-05-17 19:29","4","고조"
"SO_1283","사천진항","2027-05-18 01:47","22","저조"
"SO_1283","사천진항","2027-05-18 07:29","12","고조"
"SO_1283","사천진항","2027-05-18 13:16","27","저조"
"SO_1283","사천진항","2027-05-18 20:14","2","고조"
"SO_1283","사천진항","2027-05-19 02:43","22","저조"
"SO_1283","사천진항","2027-05-19 07:58","15","고조"
"SO_1283","사천진항","2027-05-18 01:47","22","저조"
"SO_1283","사천진항","2027-05-18 07:29","12","고조"
"SO_1283","사천진항","2027-05-18 13:16","27","저조"
"SO_1283","사천진항","2027-05-18 20:14","2","고조"
"SO_1283","사천진항","2027-05-19 02:43","22","저조"
"SO_1283","사천진항","2027-05-19 07:58","15","고조"
"SO_1283","사천진항","2027-05-19 13:43","30","저조"
"SO_1283","사천진항","2027-05-19 20:57","1","고조"
"SO_1283","사천진항","2027-05-20 03:37","23","저조"
"SO_1283","사천진항","2027-05-20 08:25","18","고조"
"SO_1283","사천진항","2027-05-19 02:43","22","저조"
"SO_1283","사천진항","2027-05-19 07:58","15","고조"
"SO_1283","사천진항","2027-05-19 13:43","30","저조"
"SO_1283","사천진항","2027-05-19 20:57","1","고조"
"SO_1283","사천진항","2027-05-20 03:37","23","저조"
"SO_1283","사천진항","2027-05-20 08:25","18","고조"
"SO_1283","사천진항","2027-05-20 14:13","33","저조"
"SO_1283","사천진항","2027-05-20 21:40","2","고조"
"SO_1283","사천진항","2027-05-21 04:36","24","저조"
"SO_1283","사천진항","2027-05-21 08:48","21","고조"
"SO_1283","사천진항","2027-05-20 03:37","23","저조"
"SO_1283","사천진항","2027-05-20 08:25","18","고조"
"SO_1283","사천진항","2027-05-20 14:13","33","저조"
"SO_1283","사천진항","2027-05-20 21:40","2","고조"
"SO_1283","사천진항","2027-05-21 04:36","24","저조"
"SO_1283","사천진항","2027-05-21 08:48","21","고조"
"SO_1283","사천진항","2027-05-21 14:44","35","저조"
"SO_1283","사천진항","2027-05-21 22:24","4","고조"
"SO_1283","사천진항","2027-05-22 05:35","26","저조"
"SO_1283","사천진항","2027-05-22 09:11","23","고조"
"SO_1283","사천진항","2027-05-21 04:36","24","저조"
"SO_1283","사천진항","2027-05-21 08:48","21","고조"
"SO_1283","사천진항","2027-05-21 14:44","35","저조"
"SO_1283","사천진항","2027-05-21 22:24","4","고조"
"SO_1283","사천진항","2027-05-22 05:35","26","저조"
"SO_1283","사천진항","2027-05-22 09:11","23","고조"
"SO_1283","사천진항","2027-05-22 15:17","37","저조"
"SO_1283","사천진항","2027-05-22 23:09","6","고조"
"SO_1283","사천진항","2027-05-23 06:29","27","저조"
"SO_1283","사천진항","2027-05-23 09:33","25","고조"
"SO_1283","사천진항","2027-05-22 05:35","26","저조"
"SO_1283","사천진항","2027-05-22 09:11","23","고조"
"SO_1283","사천진항","2027-05-22 15:17","37","저조"
"SO_1283","사천진항","2027-05-22 23:09","6","고조"
"SO_1283","사천진항","2027-05-23 06:29","27","저조"
"SO_1283","사천진항","2027-05-23 09:33","25","고조"
"SO_1283","사천진항","2027-05-23 15:51","38","저조"
"SO_1283","사천진항","2027-05-23 23:54","8","고조"
"SO_1283","사천진항","2027-05-24 07:17","27","저조"
"SO_1283","사천진항","2027-05-24 09:57","26","고조"
"SO_1283","사천진항","2027-05-23 06:29","27","저조"
"SO_1283","사천진항","2027-05-23 09:33","25","고조"
"SO_1283","사천진항","2027-05-23 15:51","38","저조"
"SO_1283","사천진항","2027-05-23 23:54","8","고조"
"SO_1283","사천진항","2027-05-24 07:17","27","저조"
"SO_1283","사천진항","2027-05-24 09:57","26","고조"
"SO_1283","사천진항","2027-05-24 16:26","37","저조"
"SO_1283","사천진항","2027-05-25 00:38","9","고조"
"SO_1283","사천진항","2027-05-25 08:08","27","저조"
"SO_1283","사천진항","2027-05-25 10:25","26","고조"
"SO_1283","사천진항","2027-05-24 07:17","27","저조"
"SO_1283","사천진항","2027-05-24 09:57","26","고조"
"SO_1283","사천진항","2027-05-24 16:26","37","저조"
"SO_1283","사천진항","2027-05-25 00:38","9","고조"
"SO_1283","사천진항","2027-05-25 08:08","27","저조"
"SO_1283","사천진항","2027-05-25 10:25","26","고조"
"SO_1283","사천진항","2027-05-25 17:03","35","저조"
"SO_1283","사천진항","2027-05-26 01:21","11","고조"
"SO_1283","사천진항","2027-05-26 17:45","33","저조"
"SO_1283","사천진항","2027-05-27 02:05","11","고조"
"SO_1283","사천진항","2027-05-25 00:38","9","고조"
"SO_1283","사천진항","2027-05-25 08:08","27","저조"
"SO_1283","사천진항","2027-05-25 10:25","26","고조"
"SO_1283","사천진항","2027-05-25 17:03","35","저조"
"SO_1283","사천진항","2027-05-26 01:21","11","고조"
"SO_1283","사천진항","2027-05-26 17:45","33","저조"
"SO_1283","사천진항","2027-05-27 02:05","11","고조"
"SO_1283","사천진항","2027-05-27 18:37","29","저조"
"SO_1283","사천진항","2027-05-28 02:50","12","고조"
"SO_1283","사천진항","2027-05-28 11:11","24","저조"
"SO_1283","사천진항","2027-05-26 01:21","11","고조"
"SO_1283","사천진항","2027-05-26 17:45","33","저조"
"SO_1283","사천진항","2027-05-27 02:05","11","고조"
"SO_1283","사천진항","2027-05-27 18:37","29","저조"
"SO_1283","사천진항","2027-05-28 02:50","12","고조"
"SO_1283","사천진항","2027-05-28 11:11","24","저조"
"SO_1283","사천진항","2027-05-28 14:53","23","고조"
"SO_1283","사천진항","2027-05-28 19:38","26","저조"
"SO_1283","사천진항","2027-05-29 03:38","12","고조"
"SO_1283","사천진항","2027-05-29 11:32","24","저조"
"SO_1283","사천진항","2027-05-27 02:05","11","고조"
"SO_1283","사천진항","2027-05-27 18:37","29","저조"
"SO_1283","사천진항","2027-05-28 02:50","12","고조"
"SO_1283","사천진항","2027-05-28 11:11","24","저조"
"SO_1283","사천진항","2027-05-28 14:53","23","고조"
"SO_1283","사천진항","2027-05-28 19:38","26","저조"
"SO_1283","사천진항","2027-05-29 03:38","12","고조"
"SO_1283","사천진항","2027-05-29 11:32","24","저조"
"SO_1283","사천진항","2027-05-29 16:49","20","고조"
"SO_1283","사천진항","2027-05-29 20:44","24","저조"
"SO_1283","사천진항","2027-05-28 02:50","12","고조"
"SO_1283","사천진항","2027-05-28 11:11","24","저조"
"SO_1283","사천진항","2027-05-28 14:53","23","고조"
"SO_1283","사천진항","2027-05-28 19:38","26","저조"
"SO_1283","사천진항","2027-05-29 03:38","12","고조"
"SO_1283","사천진항","2027-05-29 11:32","24","저조"
"SO_1283","사천진항","2027-05-29 16:49","20","고조"
"SO_1283","사천진항","2027-05-29 20:44","24","저조"
"SO_1283","사천진항","2027-05-30 04:30","13","고조"
"SO_1283","사천진항","2027-05-30 11:45","24","저조"
"SO_1283","사천진항","2027-05-29 03:38","12","고조"
"SO_1283","사천진항","2027-05-29 11:32","24","저조"
"SO_1283","사천진항","2027-05-29 16:49","20","고조"
"SO_1283","사천진항","2027-05-29 20:44","24","저조"
"SO_1283","사천진항","2027-05-30 04:30","13","고조"
"SO_1283","사천진항","2027-05-30 11:45","24","저조"
"SO_1283","사천진항","2027-05-30 17:43","17","고조"
"SO_1283","사천진항","2027-05-30 22:12","22","저조"
"SO_1283","사천진항","2027-05-31 05:17","14","고조"
"SO_1283","사천진항","2027-05-31 11:53","26","저조"
"SO_1283","사천진항","2027-05-30 04:30","13","고조"
"SO_1283","사천진항","2027-05-30 11:45","24","저조"
"SO_1283","사천진항","2027-05-30 17:43","17","고조"
"SO_1283","사천진항","2027-05-30 22:12","22","저조"
"SO_1283","사천진항","2027-05-31 05:17","14","고조"
"SO_1283","사천진항","2027-05-31 11:53","26","저조"
"SO_1283","사천진항","2027-05-31 18:24","14","고조"
"SO_1283","사천진항","2027-06-01 00:16","23","저조"
"SO_1283","사천진항","2027-06-01 05:59","16","고조"
"SO_1283","사천진항","2027-06-01 12:08","29","저조"
"SO_1283","사천진항","2027-05-31 05:17","14","고조"
"SO_1283","사천진항","2027-05-31 11:53","26","저조"
"SO_1283","사천진항","2027-05-31 18:24","14","고조"
"SO_1283","사천진항","2027-06-01 00:16","23","저조"
"SO_1283","사천진항","2027-06-01 05:59","16","고조"
"SO_1283","사천진항","2027-06-01 12:08","29","저조"
"SO_1283","사천진항","2027-06-01 19:03","11","고조"
"SO_1283","사천진항","2027-06-02 01:23","25","저조"
"SO_1283","사천진항","2027-06-02 06:38","19","고조"
"SO_1283","사천진항","2027-06-02 12:34","33","저조"
"SO_1283","사천진항","2027-06-01 00:16","23","저조"
"SO_1283","사천진항","2027-06-01 05:59","16","고조"
"SO_1283","사천진항","2027-06-01 12:08","29","저조"
"SO_1283","사천진항","2027-06-01 19:03","11","고조"
"SO_1283","사천진항","2027-06-02 01:23","25","저조"
"SO_1283","사천진항","2027-06-02 06:38","19","고조"
"SO_1283","사천진항","2027-06-02 12:34","33","저조"
"SO_1283","사천진항","2027-06-02 19:44","9","고조"
"SO_1283","사천진항","2027-06-03 02:20","27","저조"
"SO_1283","사천진항","2027-06-03 07:16","22","고조"
"SO_1283","사천진항","2027-06-02 01:23","25","저조"
"SO_1283","사천진항","2027-06-02 06:38","19","고조"
"SO_1283","사천진항","2027-06-02 12:34","33","저조"
"SO_1283","사천진항","2027-06-02 19:44","9","고조"
"SO_1283","사천진항","2027-06-03 02:20","27","저조"
"SO_1283","사천진항","2027-06-03 07:16","22","고조"
"SO_1283","사천진항","2027-06-03 13:08","37","저조"
"SO_1283","사천진항","2027-06-03 20:29","8","고조"
"SO_1283","사천진항","2027-06-04 03:17","30","저조"
"SO_1283","사천진항","2027-06-04 07:54","25","고조"
"SO_1283","사천진항","2027-06-03 02:20","27","저조"
"SO_1283","사천진항","2027-06-03 07:16","22","고조"
"SO_1283","사천진항","2027-06-03 13:08","37","저조"
"SO_1283","사천진항","2027-06-03 20:29","8","고조"
"SO_1283","사천진항","2027-06-04 03:17","30","저조"
"SO_1283","사천진항","2027-06-04 07:54","25","고조"
"SO_1283","사천진항","2027-06-04 13:47","42","저조"
"SO_1283","사천진항","2027-06-04 21:16","7","고조"
"SO_1283","사천진항","2027-06-05 04:22","32","저조"
"SO_1283","사천진항","2027-06-05 08:34","28","고조"
"SO_1283","사천진항","2027-06-04 03:17","30","저조"
"SO_1283","사천진항","2027-06-04 07:54","25","고조"
"SO_1283","사천진항","2027-06-04 13:47","42","저조"
"SO_1283","사천진항","2027-06-04 21:16","7","고조"
"SO_1283","사천진항","2027-06-05 04:22","32","저조"
"SO_1283","사천진항","2027-06-05 08:34","28","고조"
"SO_1283","사천진항","2027-06-05 14:28","45","저조"
"SO_1283","사천진항","2027-06-05 22:08","7","고조"
"SO_1283","사천진항","2027-06-06 05:30","34","저조"
"SO_1283","사천진항","2027-06-06 09:17","30","고조"
"SO_1283","사천진항","2027-06-05 04:22","32","저조"
"SO_1283","사천진항","2027-06-05 08:34","28","고조"
"SO_1283","사천진항","2027-06-05 14:28","45","저조"
"SO_1283","사천진항","2027-06-05 22:08","7","고조"
"SO_1283","사천진항","2027-06-06 05:30","34","저조"
"SO_1283","사천진항","2027-06-06 09:17","30","고조"
"SO_1283","사천진항","2027-06-06 15:13","47","저조"
"SO_1283","사천진항","2027-06-06 23:02","8","고조"
"SO_1283","사천진항","2027-06-07 06:27","34","저조"
"SO_1283","사천진항","2027-06-07 10:04","31","고조"
"SO_1283","사천진항","2027-06-06 05:30","34","저조"
"SO_1283","사천진항","2027-06-06 09:17","30","고조"
"SO_1283","사천진항","2027-06-06 15:13","47","저조"
"SO_1283","사천진항","2027-06-06 23:02","8","고조"
"SO_1283","사천진항","2027-06-07 06:27","34","저조"
"SO_1283","사천진항","2027-06-07 10:04","31","고조"
"SO_1283","사천진항","2027-06-07 16:01","48","저조"
"SO_1283","사천진항","2027-06-07 23:57","9","고조"
"SO_1283","사천진항","2027-06-08 07:18","34","저조"
"SO_1283","사천진항","2027-06-08 11:02","31","고조"
"SO_1283","사천진항","2027-06-07 06:27","34","저조"
"SO_1283","사천진항","2027-06-07 10:04","31","고조"
"SO_1283","사천진항","2027-06-07 16:01","48","저조"
"SO_1283","사천진항","2027-06-07 23:57","9","고조"
"SO_1283","사천진항","2027-06-08 07:18","34","저조"
"SO_1283","사천진항","2027-06-08 11:02","31","고조"
"SO_1283","사천진항","2027-06-08 16:55","47","저조"
"SO_1283","사천진항","2027-06-09 00:50","10","고조"
"SO_1283","사천진항","2027-06-09 08:10","33","저조"
"SO_1283","사천진항","2027-06-09 12:13","30","고조"
"SO_1283","사천진항","2027-06-08 07:18","34","저조"
"SO_1283","사천진항","2027-06-08 11:02","31","고조"
"SO_1283","사천진항","2027-06-08 16:55","47","저조"
"SO_1283","사천진항","2027-06-09 00:50","10","고조"
"SO_1283","사천진항","2027-06-09 08:10","33","저조"
"SO_1283","사천진항","2027-06-09 12:13","30","고조"
"SO_1283","사천진항","2027-06-09 17:54","44","저조"
"SO_1283","사천진항","2027-06-10 01:43","12","고조"
"SO_1283","사천진항","2027-06-10 09:04","32","저조"
"SO_1283","사천진항","2027-06-10 13:27","28","고조"
"SO_1283","사천진항","2027-06-09 00:50","10","고조"
"SO_1283","사천진항","2027-06-09 08:10","33","저조"
"SO_1283","사천진항","2027-06-09 12:13","30","고조"
"SO_1283","사천진항","2027-06-09 17:54","44","저조"
"SO_1283","사천진항","2027-06-10 01:43","12","고조"
"SO_1283","사천진항","2027-06-10 09:04","32","저조"
"SO_1283","사천진항","2027-06-10 13:27","28","고조"
"SO_1283","사천진항","2027-06-10 18:56","40","저조"
"SO_1283","사천진항","2027-06-11 02:37","14","고조"
"SO_1283","사천진항","2027-06-11 09:54","32","저조"
"SO_1283","사천진항","2027-06-10 01:43","12","고조"
"SO_1283","사천진항","2027-06-10 09:04","32","저조"
"SO_1283","사천진항","2027-06-10 13:27","28","고조"
"SO_1283","사천진항","2027-06-10 18:56","40","저조"
"SO_1283","사천진항","2027-06-11 02:37","14","고조"
"SO_1283","사천진항","2027-06-11 09:54","32","저조"
"SO_1283","사천진항","2027-06-11 14:48","26","고조"
"SO_1283","사천진항","2027-06-11 20:03","35","저조"
"SO_1283","사천진항","2027-06-12 03:35","17","고조"
"SO_1283","사천진항","2027-06-12 10:35","32","저조"
"SO_1283","사천진항","2027-06-11 02:37","14","고조"
"SO_1283","사천진항","2027-06-11 09:54","32","저조"
"SO_1283","사천진항","2027-06-11 14:48","26","고조"
"SO_1283","사천진항","2027-06-11 20:03","35","저조"
"SO_1283","사천진항","2027-06-12 03:35","17","고조"
"SO_1283","사천진항","2027-06-12 10:35","32","저조"
"SO_1283","사천진항","2027-06-12 16:19","22","고조"
"SO_1283","사천진항","2027-06-12 21:31","31","저조"
"SO_1283","사천진항","2027-06-13 04:38","19","고조"
"SO_1283","사천진항","2027-06-13 11:08","33","저조"
"SO_1283","사천진항","2027-06-12 03:35","17","고조"
"SO_1283","사천진항","2027-06-12 10:35","32","저조"
"SO_1283","사천진항","2027-06-12 16:19","22","고조"
"SO_1283","사천진항","2027-06-12 21:31","31","저조"
"SO_1283","사천진항","2027-06-13 04:38","19","고조"
"SO_1283","사천진항","2027-06-13 11:08","33","저조"
"SO_1283","사천진항","2027-06-13 17:33","19","고조"
"SO_1283","사천진항","2027-06-13 23:41","30","저조"
"SO_1283","사천진항","2027-06-14 05:31","22","고조"
"SO_1283","사천진항","2027-06-14 11:39","34","저조"
"SO_1283","사천진항","2027-06-13 04:38","19","고조"
"SO_1283","사천진항","2027-06-13 11:08","33","저조"
"SO_1283","사천진항","2027-06-13 17:33","19","고조"
"SO_1283","사천진항","2027-06-13 23:41","30","저조"
"SO_1283","사천진항","2027-06-14 05:31","22","고조"
"SO_1283","사천진항","2027-06-14 11:39","34","저조"
"SO_1283","사천진항","2027-06-14 18:29","16","고조"
"SO_1283","사천진항","2027-06-15 01:07","30","저조"
"SO_1283","사천진항","2027-06-15 06:14","25","고조"
"SO_1283","사천진항","2027-06-15 12:09","37","저조"
"SO_1283","사천진항","2027-06-14 05:31","22","고조"
"SO_1283","사천진항","2027-06-14 11:39","34","저조"
"SO_1283","사천진항","2027-06-14 18:29","16","고조"
"SO_1283","사천진항","2027-06-15 01:07","30","저조"
"SO_1283","사천진항","2027-06-15 06:14","25","고조"
"SO_1283","사천진항","2027-06-15 12:09","37","저조"
"SO_1283","사천진항","2027-06-15 19:19","14","고조"
"SO_1283","사천진항","2027-06-16 02:26","31","저조"
"SO_1283","사천진항","2027-06-16 06:48","28","고조"
"SO_1283","사천진항","2027-06-16 12:41","39","저조"
"SO_1283","사천진항","2027-06-15 01:07","30","저조"
"SO_1283","사천진항","2027-06-15 06:14","25","고조"
"SO_1283","사천진항","2027-06-15 12:09","37","저조"
"SO_1283","사천진항","2027-06-15 19:19","14","고조"
"SO_1283","사천진항","2027-06-16 02:26","31","저조"
"SO_1283","사천진항","2027-06-16 06:48","28","고조"
"SO_1283","사천진항","2027-06-16 12:41","39","저조"
"SO_1283","사천진항","2027-06-16 20:06","14","고조"
"SO_1283","사천진항","2027-06-17 03:49","32","저조"
"SO_1283","사천진항","2027-06-17 07:19","30","고조"
"SO_1283","사천진항","2027-06-16 02:26","31","저조"
"SO_1283","사천진항","2027-06-16 06:48","28","고조"
"SO_1283","사천진항","2027-06-16 12:41","39","저조"
"SO_1283","사천진항","2027-06-16 20:06","14","고조"
"SO_1283","사천진항","2027-06-17 03:49","32","저조"
"SO_1283","사천진항","2027-06-17 07:19","30","고조"
"SO_1283","사천진항","2027-06-17 13:15","42","저조"
"SO_1283","사천진항","2027-06-17 20:53","14","고조"
"SO_1283","사천진항","2027-06-18 04:34","34","저조"
"SO_1283","사천진항","2027-06-18 07:46","32","고조"
"SO_1283","사천진항","2027-06-17 03:49","32","저조"
"SO_1283","사천진항","2027-06-17 07:19","30","고조"
"SO_1283","사천진항","2027-06-17 13:15","42","저조"
"SO_1283","사천진항","2027-06-17 20:53","14","고조"
"SO_1283","사천진항","2027-06-18 04:34","34","저조"
"SO_1283","사천진항","2027-06-18 07:46","32","고조"
"SO_1283","사천진항","2027-06-18 13:51","44","저조"
"SO_1283","사천진항","2027-06-18 21:38","14","고조"
"SO_1283","사천진항","2027-06-19 05:02","35","저조"
"SO_1283","사천진항","2027-06-19 08:12","33","고조"
"SO_1283","사천진항","2027-06-18 04:34","34","저조"
"SO_1283","사천진항","2027-06-18 07:46","32","고조"
"SO_1283","사천진항","2027-06-18 13:51","44","저조"
"SO_1283","사천진항","2027-06-18 21:38","14","고조"
"SO_1283","사천진항","2027-06-19 05:02","35","저조"
"SO_1283","사천진항","2027-06-19 08:12","33","고조"
"SO_1283","사천진항","2027-06-19 14:27","46","저조"
"SO_1283","사천진항","2027-06-19 22:22","15","고조"
"SO_1283","사천진항","2027-06-20 05:29","35","저조"
"SO_1283","사천진항","2027-06-20 08:42","33","고조"
"SO_1283","사천진항","2027-06-19 05:02","35","저조"
"SO_1283","사천진항","2027-06-19 08:12","33","고조"
"SO_1283","사천진항","2027-06-19 14:27","46","저조"
"SO_1283","사천진항","2027-06-19 22:22","15","고조"
"SO_1283","사천진항","2027-06-20 05:29","35","저조"
"SO_1283","사천진항","2027-06-20 08:42","33","고조"
"SO_1283","사천진항","2027-06-20 15:05","47","저조"
"SO_1283","사천진항","2027-06-20 23:02","16","고조"
"SO_1283","사천진항","2027-06-21 05:58","35","저조"
"SO_1283","사천진항","2027-06-21 09:15","33","고조"
"SO_1283","사천진항","2027-06-20 05:29","35","저조"
"SO_1283","사천진항","2027-06-20 08:42","33","고조"
"SO_1283","사천진항","2027-06-20 15:05","47","저조"
"SO_1283","사천진항","2027-06-20 23:02","16","고조"
"SO_1283","사천진항","2027-06-21 05:58","35","저조"
"SO_1283","사천진항","2027-06-21 09:15","33","고조"
"SO_1283","사천진항","2027-06-21 15:42","46","저조"
"SO_1283","사천진항","2027-06-21 23:39","16","고조"
"SO_1283","사천진항","2027-06-22 06:29","35","저조"
"SO_1283","사천진항","2027-06-22 09:55","33","고조"
"SO_1283","사천진항","2027-06-21 05:58","35","저조"
"SO_1283","사천진항","2027-06-21 09:15","33","고조"
"SO_1283","사천진항","2027-06-21 15:42","46","저조"
"SO_1283","사천진항","2027-06-21 23:39","16","고조"
"SO_1283","사천진항","2027-06-22 06:29","35","저조"
"SO_1283","사천진항","2027-06-22 09:55","33","고조"
"SO_1283","사천진항","2027-06-22 16:19","45","저조"
"SO_1283","사천진항","2027-06-23 00:12","17","고조"
"SO_1283","사천진항","2027-06-23 07:02","34","저조"
"SO_1283","사천진항","2027-06-23 10:43","32","고조"
"SO_1283","사천진항","2027-06-22 06:29","35","저조"
"SO_1283","사천진항","2027-06-22 09:55","33","고조"
"SO_1283","사천진항","2027-06-22 16:19","45","저조"
"SO_1283","사천진항","2027-06-23 00:12","17","고조"
"SO_1283","사천진항","2027-06-23 07:02","34","저조"
"SO_1283","사천진항","2027-06-23 10:43","32","고조"
"SO_1283","사천진항","2027-06-23 16:58","43","저조"
"SO_1283","사천진항","2027-06-24 00:42","18","고조"
"SO_1283","사천진항","2027-06-24 07:35","33","저조"
"SO_1283","사천진항","2027-06-24 11:40","31","고조"
"SO_1283","사천진항","2027-06-23 00:12","17","고조"
"SO_1283","사천진항","2027-06-23 07:02","34","저조"
"SO_1283","사천진항","2027-06-23 10:43","32","고조"
"SO_1283","사천진항","2027-06-23 16:58","43","저조"
"SO_1283","사천진항","2027-06-24 00:42","18","고조"
"SO_1283","사천진항","2027-06-24 07:35","33","저조"
"SO_1283","사천진항","2027-06-24 11:40","31","고조"
"SO_1283","사천진항","2027-06-24 17:38","40","저조"
"SO_1283","사천진항","2027-06-25 01:09","18","고조"
"SO_1283","사천진항","2027-06-25 08:06","32","저조"
"SO_1283","사천진항","2027-06-24 00:42","18","고조"
"SO_1283","사천진항","2027-06-24 07:35","33","저조"
"SO_1283","사천진항","2027-06-24 11:40","31","고조"
"SO_1283","사천진항","2027-06-24 17:38","40","저조"
"SO_1283","사천진항","2027-06-25 01:09","18","고조"
"SO_1283","사천진항","2027-06-25 08:06","32","저조"
"SO_1283","사천진항","2027-06-25 12:40","30","고조"
"SO_1283","사천진항","2027-06-25 18:21","37","저조"
"SO_1283","사천진항","2027-06-26 01:36","20","고조"
"SO_1283","사천진항","2027-06-26 08:30","32","저조"
"SO_1283","사천진항","2027-06-25 01:09","18","고조"
"SO_1283","사천진항","2027-06-25 08:06","32","저조"
"SO_1283","사천진항","2027-06-25 12:40","30","고조"
"SO_1283","사천진항","2027-06-25 18:21","37","저조"
"SO_1283","사천진항","2027-06-26 01:36","20","고조"
"SO_1283","사천진항","2027-06-26 08:30","32","저조"
"SO_1283","사천진항","2027-06-26 13:42","29","고조"
"SO_1283","사천진항","2027-06-26 19:10","35","저조"
"SO_1283","사천진항","2027-06-27 02:04","22","고조"
"SO_1283","사천진항","2027-06-27 08:53","33","저조"
"SO_1283","사천진항","2027-06-26 01:36","20","고조"
"SO_1283","사천진항","2027-06-26 08:30","32","저조"
"SO_1283","사천진항","2027-06-26 13:42","29","고조"
"SO_1283","사천진항","2027-06-26 19:10","35","저조"
"SO_1283","사천진항","2027-06-27 02:04","22","고조"
"SO_1283","사천진항","2027-06-27 08:53","33","저조"
"SO_1283","사천진항","2027-06-27 15:04","28","고조"
"SO_1283","사천진항","2027-06-27 20:08","33","저조"
"SO_1283","사천진항","2027-06-28 02:35","24","고조"
"SO_1283","사천진항","2027-06-28 09:24","35","저조"
"SO_1283","사천진항","2027-06-27 02:04","22","고조"
"SO_1283","사천진항","2027-06-27 08:53","33","저조"
"SO_1283","사천진항","2027-06-27 15:04","28","고조"
"SO_1283","사천진항","2027-06-27 20:08","33","저조"
"SO_1283","사천진항","2027-06-28 02:35","24","고조"
"SO_1283","사천진항","2027-06-28 09:24","35","저조"
"SO_1283","사천진항","2027-06-28 16:49","26","고조"
"SO_1283","사천진항","2027-06-28 21:32","32","저조"
"SO_1283","사천진항","2027-06-29 03:12","27","고조"
"SO_1283","사천진항","2027-06-29 10:06","38","저조"
"SO_1283","사천진항","2027-06-28 02:35","24","고조"
"SO_1283","사천진항","2027-06-28 09:24","35","저조"
"SO_1283","사천진항","2027-06-28 16:49","26","고조"
"SO_1283","사천진항","2027-06-28 21:32","32","저조"
"SO_1283","사천진항","2027-06-29 03:12","27","고조"
"SO_1283","사천진항","2027-06-29 10:06","38","저조"
"SO_1283","사천진항","2027-06-29 17:49","24","고조"
"SO_1283","사천진항","2027-06-30 00:18","33","저조"
"SO_1283","사천진항","2027-06-30 04:12","31","고조"
"SO_1283","사천진항","2027-06-30 10:56","42","저조"
"SO_1283","사천진항","2027-06-29 03:12","27","고조"
"SO_1283","사천진항","2027-06-29 10:06","38","저조"
"SO_1283","사천진항","2027-06-29 17:49","24","고조"
"SO_1283","사천진항","2027-06-30 00:18","33","저조"
"SO_1283","사천진항","2027-06-30 04:12","31","고조"
"SO_1283","사천진항","2027-06-30 10:56","42","저조"
"SO_1283","사천진항","2027-06-30 18:39","22","고조"
"SO_1283","사천진항","2027-07-01 01:33","36","저조"
"SO_1283","사천진항","2027-07-01 05:39","34","고조"
"SO_1283","사천진항","2027-07-01 11:47","46","저조"
"SO_1283","사천진항","2027-06-30 00:18","33","저조"
"SO_1283","사천진항","2027-06-30 04:12","31","고조"
"SO_1283","사천진항","2027-06-30 10:56","42","저조"
"SO_1283","사천진항","2027-06-30 18:39","22","고조"
"SO_1283","사천진항","2027-07-01 01:33","36","저조"
"SO_1283","사천진항","2027-07-01 05:39","34","고조"
"SO_1283","사천진항","2027-07-01 11:47","46","저조"
"SO_1283","사천진항","2027-07-01 19:28","20","고조"
"SO_1283","사천진항","2027-07-02 02:44","38","저조"
"SO_1283","사천진항","2027-07-02 06:35","36","고조"
"SO_1283","사천진항","2027-07-01 01:33","36","저조"
"SO_1283","사천진항","2027-07-01 05:39","34","고조"
"SO_1283","사천진항","2027-07-01 11:47","46","저조"
"SO_1283","사천진항","2027-07-01 19:28","20","고조"
"SO_1283","사천진항","2027-07-02 02:44","38","저조"
"SO_1283","사천진항","2027-07-02 06:35","36","고조"
"SO_1283","사천진항","2027-07-02 12:37","50","저조"
"SO_1283","사천진항","2027-07-02 20:20","18","고조"
"SO_1283","사천진항","2027-07-03 03:45","40","저조"
"SO_1283","사천진항","2027-07-03 07:25","38","고조"
"SO_1283","사천진항","2027-07-02 02:44","38","저조"
"SO_1283","사천진항","2027-07-02 06:35","36","고조"
"SO_1283","사천진항","2027-07-02 12:37","50","저조"
"SO_1283","사천진항","2027-07-02 20:20","18","고조"
"SO_1283","사천진항","2027-07-03 03:45","40","저조"
"SO_1283","사천진항","2027-07-03 07:25","38","고조"
"SO_1283","사천진항","2027-07-03 13:27","53","저조"
"SO_1283","사천진항","2027-07-03 21:15","16","고조"
"SO_1283","사천진항","2027-07-04 04:31","41","저조"
"SO_1283","사천진항","2027-07-04 08:14","38","고조"
"SO_1283","사천진항","2027-07-03 03:45","40","저조"
"SO_1283","사천진항","2027-07-03 07:25","38","고조"
"SO_1283","사천진항","2027-07-03 13:27","53","저조"
"SO_1283","사천진항","2027-07-03 21:15","16","고조"
"SO_1283","사천진항","2027-07-04 04:31","41","저조"
"SO_1283","사천진항","2027-07-04 08:14","38","고조"
"SO_1283","사천진항","2027-07-04 14:18","56","저조"
"SO_1283","사천진항","2027-07-04 22:08","15","고조"
"SO_1283","사천진항","2027-07-05 05:09","42","저조"
"SO_1283","사천진항","2027-07-05 09:09","37","고조"
"SO_1283","사천진항","2027-07-04 04:31","41","저조"
"SO_1283","사천진항","2027-07-04 08:14","38","고조"
"SO_1283","사천진항","2027-07-04 14:18","56","저조"
"SO_1283","사천진항","2027-07-04 22:08","15","고조"
"SO_1283","사천진항","2027-07-05 05:09","42","저조"
"SO_1283","사천진항","2027-07-05 09:09","37","고조"
"SO_1283","사천진항","2027-07-05 15:10","56","저조"
"SO_1283","사천진항","2027-07-05 22:58","14","고조"
"SO_1283","사천진항","2027-07-06 05:45","41","저조"
"SO_1283","사천진항","2027-07-06 10:09","36","고조"
"SO_1283","사천진항","2027-07-05 05:09","42","저조"
"SO_1283","사천진항","2027-07-05 09:09","37","고조"
"SO_1283","사천진항","2027-07-05 15:10","56","저조"
"SO_1283","사천진항","2027-07-05 22:58","14","고조"
"SO_1283","사천진항","2027-07-06 05:45","41","저조"
"SO_1283","사천진항","2027-07-06 10:09","36","고조"
"SO_1283","사천진항","2027-07-06 16:03","55","저조"
"SO_1283","사천진항","2027-07-06 23:45","15","고조"
"SO_1283","사천진항","2027-07-07 06:20","40","저조"
"SO_1283","사천진항","2027-07-07 11:10","34","고조"
"SO_1283","사천진항","2027-07-06 05:45","41","저조"
"SO_1283","사천진항","2027-07-06 10:09","36","고조"
"SO_1283","사천진항","2027-07-06 16:03","55","저조"
"SO_1283","사천진항","2027-07-06 23:45","15","고조"
"SO_1283","사천진항","2027-07-07 06:20","40","저조"
"SO_1283","사천진항","2027-07-07 11:10","34","고조"
"SO_1283","사천진항","2027-07-07 16:56","53","저조"
"SO_1283","사천진항","2027-07-08 00:29","16","고조"
"SO_1283","사천진항","2027-07-08 06:56","40","저조"
"SO_1283","사천진항","2027-07-08 12:10","32","고조"
"SO_1283","사천진항","2027-07-07 06:20","40","저조"
"SO_1283","사천진항","2027-07-07 11:10","34","고조"
"SO_1283","사천진항","2027-07-07 16:56","53","저조"
"SO_1283","사천진항","2027-07-08 00:29","16","고조"
"SO_1283","사천진항","2027-07-08 06:56","40","저조"
"SO_1283","사천진항","2027-07-08 12:10","32","고조"
"SO_1283","사천진항","2027-07-08 17:50","49","저조"
"SO_1283","사천진항","2027-07-09 01:11","19","고조"
"SO_1283","사천진항","2027-07-09 07:33","39","저조"
"SO_1283","사천진항","2027-07-09 13:11","30","고조"
"SO_1283","사천진항","2027-07-08 00:29","16","고조"
"SO_1283","사천진항","2027-07-08 06:56","40","저조"
"SO_1283","사천진항","2027-07-08 12:10","32","고조"
"SO_1283","사천진항","2027-07-08 17:50","49","저조"
"SO_1283","사천진항","2027-07-09 01:11","19","고조"
"SO_1283","사천진항","2027-07-09 07:33","39","저조"
"SO_1283","사천진항","2027-07-09 13:11","30","고조"
"SO_1283","사천진항","2027-07-09 18:46","45","저조"
"SO_1283","사천진항","2027-07-10 01:53","23","고조"
"SO_1283","사천진항","2027-07-10 08:13","39","저조"
"SO_1283","사천진항","2027-07-09 01:11","19","고조"
"SO_1283","사천진항","2027-07-09 07:33","39","저조"
"SO_1283","사천진항","2027-07-09 13:11","30","고조"
"SO_1283","사천진항","2027-07-09 18:46","45","저조"
"SO_1283","사천진항","2027-07-10 01:53","23","고조"
"SO_1283","사천진항","2027-07-10 08:13","39","저조"
"SO_1283","사천진항","2027-07-10 14:25","29","고조"
"SO_1283","사천진항","2027-07-10 19:50","40","저조"
"SO_1283","사천진항","2027-07-11 02:36","27","고조"
"SO_1283","사천진항","2027-07-11 09:01","40","저조"
"SO_1283","사천진항","2027-07-10 01:53","23","고조"
"SO_1283","사천진항","2027-07-10 08:13","39","저조"
"SO_1283","사천진항","2027-07-10 14:25","29","고조"
"SO_1283","사천진항","2027-07-10 19:50","40","저조"
"SO_1283","사천진항","2027-07-11 02:36","27","고조"
"SO_1283","사천진항","2027-07-11 09:01","40","저조"
"SO_1283","사천진항","2027-07-11 15:57","27","고조"
"SO_1283","사천진항","2027-07-11 22:00","37","저조"
"SO_1283","사천진항","2027-07-12 03:29","32","고조"
"SO_1283","사천진항","2027-07-12 09:57","42","저조"
"SO_1283","사천진항","2027-07-11 02:36","27","고조"
"SO_1283","사천진항","2027-07-11 09:01","40","저조"
"SO_1283","사천진항","2027-07-11 15:57","27","고조"
"SO_1283","사천진항","2027-07-11 22:00","37","저조"
"SO_1283","사천진항","2027-07-12 03:29","32","고조"
"SO_1283","사천진항","2027-07-12 09:57","42","저조"
"SO_1283","사천진항","2027-07-12 17:14","25","고조"
"SO_1283","사천진항","2027-07-13 00:12","37","저조"
"SO_1283","사천진항","2027-07-13 04:38","35","고조"
"SO_1283","사천진항","2027-07-13 10:49","44","저조"
"SO_1283","사천진항","2027-07-12 03:29","32","고조"
"SO_1283","사천진항","2027-07-12 09:57","42","저조"
"SO_1283","사천진항","2027-07-12 17:14","25","고조"
"SO_1283","사천진항","2027-07-13 00:12","37","저조"
"SO_1283","사천진항","2027-07-13 04:38","35","고조"
"SO_1283","사천진항","2027-07-13 10:49","44","저조"
"SO_1283","사천진항","2027-07-13 18:16","24","고조"
"SO_1283","사천진항","2027-07-14 03:26","39","저조"
"SO_1283","사천진항","2027-07-14 05:33","38","고조"
"SO_1283","사천진항","2027-07-14 11:35","46","저조"
"SO_1283","사천진항","2027-07-13 00:12","37","저조"
"SO_1283","사천진항","2027-07-13 04:38","35","고조"
"SO_1283","사천진항","2027-07-13 10:49","44","저조"
"SO_1283","사천진항","2027-07-13 18:16","24","고조"
"SO_1283","사천진항","2027-07-14 03:26","39","저조"
"SO_1283","사천진항","2027-07-14 05:33","38","고조"
"SO_1283","사천진항","2027-07-14 11:35","46","저조"
"SO_1283","사천진항","2027-07-14 19:13","24","고조"
"SO_1283","사천진항","2027-07-15 12:18","48","저조"
"SO_1283","사천진항","2027-07-15 20:06","23","고조"
"SO_1283","사천진항","2027-07-14 03:26","39","저조"
"SO_1283","사천진항","2027-07-14 05:33","38","고조"
"SO_1283","사천진항","2027-07-14 11:35","46","저조"
"SO_1283","사천진항","2027-07-14 19:13","24","고조"
"SO_1283","사천진항","2027-07-15 12:18","48","저조"
"SO_1283","사천진항","2027-07-15 20:06","23","고조"
"SO_1283","사천진항","2027-07-16 04:25","41","저조"
"SO_1283","사천진항","2027-07-16 06:52","40","고조"
"SO_1283","사천진항","2027-07-16 13:00","50","저조"
"SO_1283","사천진항","2027-07-16 20:54","23","고조"
"SO_1283","사천진항","2027-07-15 12:18","48","저조"
"SO_1283","사천진항","2027-07-15 20:06","23","고조"
"SO_1283","사천진항","2027-07-16 04:25","41","저조"
"SO_1283","사천진항","2027-07-16 06:52","40","고조"
"SO_1283","사천진항","2027-07-16 13:00","50","저조"
"SO_1283","사천진항","2027-07-16 20:54","23","고조"
"SO_1283","사천진항","2027-07-17 04:28","41","저조"
"SO_1283","사천진항","2027-07-17 07:26","40","고조"
"SO_1283","사천진항","2027-07-17 13:41","51","저조"
"SO_1283","사천진항","2027-07-17 21:36","22","고조"
"SO_1283","사천진항","2027-07-16 04:25","41","저조"
"SO_1283","사천진항","2027-07-16 06:52","40","고조"
"SO_1283","사천진항","2027-07-16 13:00","50","저조"
"SO_1283","사천진항","2027-07-16 20:54","23","고조"
"SO_1283","사천진항","2027-07-17 04:28","41","저조"
"SO_1283","사천진항","2027-07-17 07:26","40","고조"
"SO_1283","사천진항","2027-07-17 13:41","51","저조"
"SO_1283","사천진항","2027-07-17 21:36","22","고조"
"SO_1283","사천진항","2027-07-18 04:34","41","저조"
"SO_1283","사천진항","2027-07-18 08:00","39","고조"
"SO_1283","사천진항","2027-07-17 04:28","41","저조"
"SO_1283","사천진항","2027-07-17 07:26","40","고조"
"SO_1283","사천진항","2027-07-17 13:41","51","저조"
"SO_1283","사천진항","2027-07-17 21:36","22","고조"
"SO_1283","사천진항","2027-07-18 04:34","41","저조"
"SO_1283","사천진항","2027-07-18 08:00","39","고조"
"SO_1283","사천진항","2027-07-18 14:20","51","저조"
"SO_1283","사천진항","2027-07-18 22:12","22","고조"
"SO_1283","사천진항","2027-07-19 04:48","40","저조"
"SO_1283","사천진항","2027-07-19 08:39","37","고조"
"SO_1283","사천진항","2027-07-18 04:34","41","저조"
"SO_1283","사천진항","2027-07-18 08:00","39","고조"
"SO_1283","사천진항","2027-07-18 14:20","51","저조"
"SO_1283","사천진항","2027-07-18 22:12","22","고조"
"SO_1283","사천진항","2027-07-19 04:48","40","저조"
"SO_1283","사천진항","2027-07-19 08:39","37","고조"
"SO_1283","사천진항","2027-07-19 14:59","51","저조"
"SO_1283","사천진항","2027-07-19 22:44","21","고조"
"SO_1283","사천진항","2027-07-20 05:08","39","저조"
"SO_1283","사천진항","2027-07-20 09:23","35","고조"
"SO_1283","사천진항","2027-07-19 04:48","40","저조"
"SO_1283","사천진항","2027-07-19 08:39","37","고조"
"SO_1283","사천진항","2027-07-19 14:59","51","저조"
"SO_1283","사천진항","2027-07-19 22:44","21","고조"
"SO_1283","사천진항","2027-07-20 05:08","39","저조"
"SO_1283","사천진항","2027-07-20 09:23","35","고조"
"SO_1283","사천진항","2027-07-20 15:36","50","저조"
"SO_1283","사천진항","2027-07-20 23:12","20","고조"
"SO_1283","사천진항","2027-07-21 05:29","38","저조"
"SO_1283","사천진항","2027-07-21 10:08","33","고조"
"SO_1283","사천진항","2027-07-20 05:08","39","저조"
"SO_1283","사천진항","2027-07-20 09:23","35","고조"
"SO_1283","사천진항","2027-07-20 15:36","50","저조"
"SO_1283","사천진항","2027-07-20 23:12","20","고조"
"SO_1283","사천진항","2027-07-21 05:29","38","저조"
"SO_1283","사천진항","2027-07-21 10:08","33","고조"
"SO_1283","사천진항","2027-07-21 16:11","48","저조"
"SO_1283","사천진항","2027-07-21 23:37","20","고조"
"SO_1283","사천진항","2027-07-22 05:48","38","저조"
"SO_1283","사천진항","2027-07-22 10:52","32","고조"
"SO_1283","사천진항","2027-07-21 05:29","38","저조"
"SO_1283","사천진항","2027-07-21 10:08","33","고조"
"SO_1283","사천진항","2027-07-21 16:11","48","저조"
"SO_1283","사천진항","2027-07-21 23:37","20","고조"
"SO_1283","사천진항","2027-07-22 05:48","38","저조"
"SO_1283","사천진항","2027-07-22 10:52","32","고조"
"SO_1283","사천진항","2027-07-22 16:48","46","저조"
"SO_1283","사천진항","2027-07-22 23:59","21","고조"
"SO_1283","사천진항","2027-07-23 06:06","38","저조"
"SO_1283","사천진항","2027-07-23 11:34","31","고조"
"SO_1283","사천진항","2027-07-22 05:48","38","저조"
"SO_1283","사천진항","2027-07-22 10:52","32","고조"
"SO_1283","사천진항","2027-07-22 16:48","46","저조"
"SO_1283","사천진항","2027-07-22 23:59","21","고조"
"SO_1283","사천진항","2027-07-23 06:06","38","저조"
"SO_1283","사천진항","2027-07-23 11:34","31","고조"
"SO_1283","사천진항","2027-07-23 17:24","44","저조"
"SO_1283","사천진항","2027-07-24 00:21","23","고조"
"SO_1283","사천진항","2027-07-24 06:27","38","저조"
"SO_1283","사천진항","2027-07-24 12:18","30","고조"
"SO_1283","사천진항","2027-07-23 06:06","38","저조"
"SO_1283","사천진항","2027-07-23 11:34","31","고조"
"SO_1283","사천진항","2027-07-23 17:24","44","저조"
"SO_1283","사천진항","2027-07-24 00:21","23","고조"
"SO_1283","사천진항","2027-07-24 06:27","38","저조"
"SO_1283","사천진항","2027-07-24 12:18","30","고조"
"SO_1283","사천진항","2027-07-24 18:04","42","저조"
"SO_1283","사천진항","2027-07-25 00:43","26","고조"
"SO_1283","사천진항","2027-07-25 06:52","40","저조"
"SO_1283","사천진항","2027-07-25 13:06","30","고조"
"SO_1283","사천진항","2027-07-24 00:21","23","고조"
"SO_1283","사천진항","2027-07-24 06:27","38","저조"
"SO_1283","사천진항","2027-07-24 12:18","30","고조"
"SO_1283","사천진항","2027-07-24 18:04","42","저조"
"SO_1283","사천진항","2027-07-25 00:43","26","고조"
"SO_1283","사천진항","2027-07-25 06:52","40","저조"
"SO_1283","사천진항","2027-07-25 13:06","30","고조"
"SO_1283","사천진항","2027-07-25 18:50","40","저조"
"SO_1283","사천진항","2027-07-26 01:07","29","고조"
"SO_1283","사천진항","2027-07-26 07:22","42","저조"
"SO_1283","사천진항","2027-07-25 00:43","26","고조"
"SO_1283","사천진항","2027-07-25 06:52","40","저조"
"SO_1283","사천진항","2027-07-25 13:06","30","고조"
"SO_1283","사천진항","2027-07-25 18:50","40","저조"
"SO_1283","사천진항","2027-07-26 01:07","29","고조"
"SO_1283","사천진항","2027-07-26 07:22","42","저조"
"SO_1283","사천진항","2027-07-26 14:08","31","고조"
"SO_1283","사천진항","2027-07-26 19:45","39","저조"
"SO_1283","사천진항","2027-07-27 01:32","33","고조"
"SO_1283","사천진항","2027-07-27 08:00","44","저조"
"SO_1283","사천진항","2027-07-26 01:07","29","고조"
"SO_1283","사천진항","2027-07-26 07:22","42","저조"
"SO_1283","사천진항","2027-07-26 14:08","31","고조"
"SO_1283","사천진항","2027-07-26 19:45","39","저조"
"SO_1283","사천진항","2027-07-27 01:32","33","고조"
"SO_1283","사천진항","2027-07-27 08:00","44","저조"
"SO_1283","사천진항","2027-07-27 15:55","30","고조"
"SO_1283","사천진항","2027-07-27 22:43","38","저조"
"SO_1283","사천진항","2027-07-28 01:59","36","고조"
"SO_1283","사천진항","2027-07-28 08:51","47","저조"
"SO_1283","사천진항","2027-07-27 01:32","33","고조"
"SO_1283","사천진항","2027-07-27 08:00","44","저조"
"SO_1283","사천진항","2027-07-27 15:55","30","고조"
"SO_1283","사천진항","2027-07-27 22:43","38","저조"
"SO_1283","사천진항","2027-07-28 01:59","36","고조"
"SO_1283","사천진항","2027-07-28 08:51","47","저조"
"SO_1283","사천진항","2027-07-28 17:20","29","고조"
"SO_1283","사천진항","2027-07-29 10:02","49","저조"
"SO_1283","사천진항","2027-07-29 18:22","27","고조"
"SO_1283","사천진항","2027-07-30 02:18","42","저조"
"SO_1283","사천진항","2027-07-28 01:59","36","고조"
"SO_1283","사천진항","2027-07-28 08:51","47","저조"
"SO_1283","사천진항","2027-07-28 17:20","29","고조"
"SO_1283","사천진항","2027-07-29 10:02","49","저조"
"SO_1283","사천진항","2027-07-29 18:22","27","고조"
"SO_1283","사천진항","2027-07-30 02:18","42","저조"
"SO_1283","사천진항","2027-07-30 05:03","41","고조"
"SO_1283","사천진항","2027-07-30 11:18","52","저조"
"SO_1283","사천진항","2027-07-30 19:20","24","고조"
"SO_1283","사천진항","2027-07-31 02:59","43","저조"
"SO_1283","사천진항","2027-07-29 10:02","49","저조"
"SO_1283","사천진항","2027-07-29 18:22","27","고조"
"SO_1283","사천진항","2027-07-30 02:18","42","저조"
"SO_1283","사천진항","2027-07-30 05:03","41","고조"
"SO_1283","사천진항","2027-07-30 11:18","52","저조"
"SO_1283","사천진항","2027-07-30 19:20","24","고조"
"SO_1283","사천진항","2027-07-31 02:59","43","저조"
"SO_1283","사천진항","2027-07-31 06:17","41","고조"
"SO_1283","사천진항","2027-07-31 12:21","55","저조"
"SO_1283","사천진항","2027-07-31 20:16","21","고조"
"SO_1283","사천진항","2027-07-30 02:18","42","저조"
"SO_1283","사천진항","2027-07-30 05:03","41","고조"
"SO_1283","사천진항","2027-07-30 11:18","52","저조"
"SO_1283","사천진항","2027-07-30 19:20","24","고조"
"SO_1283","사천진항","2027-07-31 02:59","43","저조"
"SO_1283","사천진항","2027-07-31 06:17","41","고조"
"SO_1283","사천진항","2027-07-31 12:21","55","저조"
"SO_1283","사천진항","2027-07-31 20:16","21","고조"
"SO_1283","사천진항","2027-08-01 03:28","44","저조"
"SO_1283","사천진항","2027-08-01 07:15","40","고조"
"SO_1283","사천진항","2027-07-31 02:59","43","저조"
"SO_1283","사천진항","2027-07-31 06:17","41","고조"
"SO_1283","사천진항","2027-07-31 12:21","55","저조"
"SO_1283","사천진항","2027-07-31 20:16","21","고조"
"SO_1283","사천진항","2027-08-01 03:28","44","저조"
"SO_1283","사천진항","2027-08-01 07:15","40","고조"
"SO_1283","사천진항","2027-08-01 13:19","57","저조"
"SO_1283","사천진항","2027-08-01 21:09","18","고조"
"SO_1283","사천진항","2027-08-02 03:54","43","저조"
"SO_1283","사천진항","2027-08-02 08:13","38","고조"
"SO_1283","사천진항","2027-08-01 03:28","44","저조"
"SO_1283","사천진항","2027-08-01 07:15","40","고조"
"SO_1283","사천진항","2027-08-01 13:19","57","저조"
"SO_1283","사천진항","2027-08-01 21:09","18","고조"
"SO_1283","사천진항","2027-08-02 03:54","43","저조"
"SO_1283","사천진항","2027-08-02 08:13","38","고조"
"SO_1283","사천진항","2027-08-02 14:14","57","저조"
"SO_1283","사천진항","2027-08-02 21:56","16","고조"
"SO_1283","사천진항","2027-08-03 04:22","43","저조"
"SO_1283","사천진항","2027-08-03 09:12","35","고조"
"SO_1283","사천진항","2027-08-02 03:54","43","저조"
"SO_1283","사천진항","2027-08-02 08:13","38","고조"
"SO_1283","사천진항","2027-08-02 14:14","57","저조"
"SO_1283","사천진항","2027-08-02 21:56","16","고조"
"SO_1283","사천진항","2027-08-03 04:22","43","저조"
"SO_1283","사천진항","2027-08-03 09:12","35","고조"
"SO_1283","사천진항","2027-08-03 15:09","56","저조"
"SO_1283","사천진항","2027-08-03 22:39","15","고조"
"SO_1283","사천진항","2027-08-04 04:50","42","저조"
"SO_1283","사천진항","2027-08-04 10:09","31","고조"
"SO_1283","사천진항","2027-08-03 04:22","43","저조"
"SO_1283","사천진항","2027-08-03 09:12","35","고조"
"SO_1283","사천진항","2027-08-03 15:09","56","저조"
"SO_1283","사천진항","2027-08-03 22:39","15","고조"
"SO_1283","사천진항","2027-08-04 04:50","42","저조"
"SO_1283","사천진항","2027-08-04 10:09","31","고조"
"SO_1283","사천진항","2027-08-04 16:00","54","저조"
"SO_1283","사천진항","2027-08-04 23:18","16","고조"
"SO_1283","사천진항","2027-08-05 05:19","41","저조"
"SO_1283","사천진항","2027-08-05 11:02","29","고조"
"SO_1283","사천진항","2027-08-04 04:50","42","저조"
"SO_1283","사천진항","2027-08-04 10:09","31","고조"
"SO_1283","사천진항","2027-08-04 16:00","54","저조"
"SO_1283","사천진항","2027-08-04 23:18","16","고조"
"SO_1283","사천진항","2027-08-05 05:19","41","저조"
"SO_1283","사천진항","2027-08-05 11:02","29","고조"
"SO_1283","사천진항","2027-08-05 16:50","51","저조"
"SO_1283","사천진항","2027-08-05 23:55","19","고조"
"SO_1283","사천진항","2027-08-06 05:49","42","저조"
"SO_1283","사천진항","2027-08-06 11:55","27","고조"
"SO_1283","사천진항","2027-08-05 05:19","41","저조"
"SO_1283","사천진항","2027-08-05 11:02","29","고조"
"SO_1283","사천진항","2027-08-05 16:50","51","저조"
"SO_1283","사천진항","2027-08-05 23:55","19","고조"
"SO_1283","사천진항","2027-08-06 05:49","42","저조"
"SO_1283","사천진항","2027-08-06 11:55","27","고조"
"SO_1283","사천진항","2027-08-06 17:40","47","저조"
"SO_1283","사천진항","2027-08-07 00:29","23","고조"
"SO_1283","사천진항","2027-08-07 06:20","42","저조"
"SO_1283","사천진항","2027-08-07 12:51","26","고조"
"SO_1283","사천진항","2027-08-06 05:49","42","저조"
"SO_1283","사천진항","2027-08-06 11:55","27","고조"
"SO_1283","사천진항","2027-08-06 17:40","47","저조"
"SO_1283","사천진항","2027-08-07 00:29","23","고조"
"SO_1283","사천진항","2027-08-07 06:20","42","저조"
"SO_1283","사천진항","2027-08-07 12:51","26","고조"
"SO_1283","사천진항","2027-08-07 18:34","43","저조"
"SO_1283","사천진항","2027-08-08 01:00","28","고조"
"SO_1283","사천진항","2027-08-08 06:52","43","저조"
"SO_1283","사천진항","2027-08-08 14:01","26","고조"
"SO_1283","사천진항","2027-08-07 00:29","23","고조"
"SO_1283","사천진항","2027-08-07 06:20","42","저조"
"SO_1283","사천진항","2027-08-07 12:51","26","고조"
"SO_1283","사천진항","2027-08-07 18:34","43","저조"
"SO_1283","사천진항","2027-08-08 01:00","28","고조"
"SO_1283","사천진항","2027-08-08 06:52","43","저조"
"SO_1283","사천진항","2027-08-08 14:01","26","고조"
"SO_1283","사천진항","2027-08-08 19:52","39","저조"
"SO_1283","사천진항","2027-08-09 01:25","33","고조"
"SO_1283","사천진항","2027-08-09 07:28","44","저조"
"SO_1283","사천진항","2027-08-08 01:00","28","고조"
"SO_1283","사천진항","2027-08-08 06:52","43","저조"
"SO_1283","사천진항","2027-08-08 14:01","26","고조"
"SO_1283","사천진항","2027-08-08 19:52","39","저조"
"SO_1283","사천진항","2027-08-09 01:25","33","고조"
"SO_1283","사천진항","2027-08-09 07:28","44","저조"
"SO_1283","사천진항","2027-08-09 15:31","27","고조"
"SO_1283","사천진항","2027-08-09 22:41","38","저조"
"SO_1283","사천진항","2027-08-10 01:22","37","고조"
"SO_1283","사천진항","2027-08-10 08:20","45","저조"
"SO_1283","사천진항","2027-08-09 01:25","33","고조"
"SO_1283","사천진항","2027-08-09 07:28","44","저조"
"SO_1283","사천진항","2027-08-09 15:31","27","고조"
"SO_1283","사천진항","2027-08-09 22:41","38","저조"
"SO_1283","사천진항","2027-08-10 01:22","37","고조"
"SO_1283","사천진항","2027-08-10 08:20","45","저조"
"SO_1283","사천진항","2027-08-10 16:51","27","고조"
"SO_1283","사천진항","2027-08-11 09:56","46","저조"
"SO_1283","사천진항","2027-08-11 18:02","26","고조"
"SO_1283","사천진항","2027-08-12 11:06","48","저조"
"SO_1283","사천진항","2027-08-10 01:22","37","고조"
"SO_1283","사천진항","2027-08-10 08:20","45","저조"
"SO_1283","사천진항","2027-08-10 16:51","27","고조"
"SO_1283","사천진항","2027-08-11 09:56","46","저조"
"SO_1283","사천진항","2027-08-11 18:02","26","고조"
"SO_1283","사천진항","2027-08-12 11:06","48","저조"
"SO_1283","사천진항","2027-08-12 19:06","26","고조"
"SO_1283","사천진항","2027-08-13 03:44","42","저조"
"SO_1283","사천진항","2027-08-13 06:06","41","고조"
"SO_1283","사천진항","2027-08-13 12:00","48","저조"
"SO_1283","사천진항","2027-08-11 09:56","46","저조"
"SO_1283","사천진항","2027-08-11 18:02","26","고조"
"SO_1283","사천진항","2027-08-12 11:06","48","저조"
"SO_1283","사천진항","2027-08-12 19:06","26","고조"
"SO_1283","사천진항","2027-08-13 03:44","42","저조"
"SO_1283","사천진항","2027-08-13 06:06","41","고조"
"SO_1283","사천진항","2027-08-13 12:00","48","저조"
"SO_1283","사천진항","2027-08-13 20:00","24","고조"
"SO_1283","사천진항","2027-08-14 03:41","41","저조"
"SO_1283","사천진항","2027-08-14 06:51","40","고조"
"SO_1283","사천진항","2027-08-12 11:06","48","저조"
"SO_1283","사천진항","2027-08-12 19:06","26","고조"
"SO_1283","사천진항","2027-08-13 03:44","42","저조"
"SO_1283","사천진항","2027-08-13 06:06","41","고조"
"SO_1283","사천진항","2027-08-13 12:00","48","저조"
"SO_1283","사천진항","2027-08-13 20:00","24","고조"
"SO_1283","사천진항","2027-08-14 03:41","41","저조"
"SO_1283","사천진항","2027-08-14 06:51","40","고조"
"SO_1283","사천진항","2027-08-14 12:49","49","저조"
"SO_1283","사천진항","2027-08-14 20:42","23","고조"
"SO_1283","사천진항","2027-08-13 03:44","42","저조"
"SO_1283","사천진항","2027-08-13 06:06","41","고조"
"SO_1283","사천진항","2027-08-13 12:00","48","저조"
"SO_1283","사천진항","2027-08-13 20:00","24","고조"
"SO_1283","사천진항","2027-08-14 03:41","41","저조"
"SO_1283","사천진항","2027-08-14 06:51","40","고조"
"SO_1283","사천진항","2027-08-14 12:49","49","저조"
"SO_1283","사천진항","2027-08-14 20:42","23","고조"
"SO_1283","사천진항","2027-08-15 03:36","40","저조"
"SO_1283","사천진항","2027-08-15 07:31","37","고조"
"SO_1283","사천진항","2027-08-14 03:41","41","저조"
"SO_1283","사천진항","2027-08-14 06:51","40","고조"
"SO_1283","사천진항","2027-08-14 12:49","49","저조"
"SO_1283","사천진항","2027-08-14 20:42","23","고조"
"SO_1283","사천진항","2027-08-15 03:36","40","저조"
"SO_1283","사천진항","2027-08-15 07:31","37","고조"
"SO_1283","사천진항","2027-08-15 13:33","48","저조"
"SO_1283","사천진항","2027-08-15 21:16","21","고조"
"SO_1283","사천진항","2027-08-16 03:43","38","저조"
"SO_1283","사천진항","2027-08-16 08:10","34","고조"
"SO_1283","사천진항","2027-08-15 03:36","40","저조"
"SO_1283","사천진항","2027-08-15 07:31","37","고조"
"SO_1283","사천진항","2027-08-15 13:33","48","저조"
"SO_1283","사천진항","2027-08-15 21:16","21","고조"
"SO_1283","사천진항","2027-08-16 03:43","38","저조"
"SO_1283","사천진항","2027-08-16 08:10","34","고조"
"SO_1283","사천진항","2027-08-16 14:13","47","저조"
"SO_1283","사천진항","2027-08-16 21:45","19","고조"
"SO_1283","사천진항","2027-08-17 03:57","37","저조"
"SO_1283","사천진항","2027-08-17 08:48","31","고조"
"SO_1283","사천진항","2027-08-16 03:43","38","저조"
"SO_1283","사천진항","2027-08-16 08:10","34","고조"
"SO_1283","사천진항","2027-08-16 14:13","47","저조"
"SO_1283","사천진항","2027-08-16 21:45","19","고조"
"SO_1283","사천진항","2027-08-17 03:57","37","저조"
"SO_1283","사천진항","2027-08-17 08:48","31","고조"
"SO_1283","사천진항","2027-08-17 14:50","46","저조"
"SO_1283","사천진항","2027-08-17 22:11","18","고조"
"SO_1283","사천진항","2027-08-18 04:12","36","저조"
"SO_1283","사천진항","2027-08-18 09:26","28","고조"
"SO_1283","사천진항","2027-08-17 03:57","37","저조"
"SO_1283","사천진항","2027-08-17 08:48","31","고조"
"SO_1283","사천진항","2027-08-17 14:50","46","저조"
"SO_1283","사천진항","2027-08-17 22:11","18","고조"
"SO_1283","사천진항","2027-08-18 04:12","36","저조"
"SO_1283","사천진항","2027-08-18 09:26","28","고조"
"SO_1283","사천진항","2027-08-18 15:25","44","저조"
"SO_1283","사천진항","2027-08-18 22:34","18","고조"
"SO_1283","사천진항","2027-08-19 04:28","36","저조"
"SO_1283","사천진항","2027-08-19 10:03","26","고조"
"SO_1283","사천진항","2027-08-18 04:12","36","저조"
"SO_1283","사천진항","2027-08-18 09:26","28","고조"
"SO_1283","사천진항","2027-08-18 15:25","44","저조"
"SO_1283","사천진항","2027-08-18 22:34","18","고조"
"SO_1283","사천진항","2027-08-19 04:28","36","저조"
"SO_1283","사천진항","2027-08-19 10:03","26","고조"
"SO_1283","사천진항","2027-08-19 16:00","43","저조"
"SO_1283","사천진항","2027-08-19 22:55","18","고조"
"SO_1283","사천진항","2027-08-20 04:45","36","저조"
"SO_1283","사천진항","2027-08-20 10:40","24","고조"
"SO_1283","사천진항","2027-08-19 04:28","36","저조"
"SO_1283","사천진항","2027-08-19 10:03","26","고조"
"SO_1283","사천진항","2027-08-19 16:00","43","저조"
"SO_1283","사천진항","2027-08-19 22:55","18","고조"
"SO_1283","사천진항","2027-08-20 04:45","36","저조"
"SO_1283","사천진항","2027-08-20 10:40","24","고조"
"SO_1283","사천진항","2027-08-20 16:35","41","저조"
"SO_1283","사천진항","2027-08-20 23:16","20","고조"
"SO_1283","사천진항","2027-08-21 05:05","37","저조"
"SO_1283","사천진항","2027-08-21 11:16","24","고조"
"SO_1283","사천진항","2027-08-20 04:45","36","저조"
"SO_1283","사천진항","2027-08-20 10:40","24","고조"
"SO_1283","사천진항","2027-08-20 16:35","41","저조"
"SO_1283","사천진항","2027-08-20 23:16","20","고조"
"SO_1283","사천진항","2027-08-21 05:05","37","저조"
"SO_1283","사천진항","2027-08-21 11:16","24","고조"
"SO_1283","사천진항","2027-08-21 17:12","40","저조"
"SO_1283","사천진항","2027-08-21 23:38","23","고조"
"SO_1283","사천진항","2027-08-22 05:27","39","저조"
"SO_1283","사천진항","2027-08-22 11:56","24","고조"
"SO_1283","사천진항","2027-08-21 05:05","37","저조"
"SO_1283","사천진항","2027-08-21 11:16","24","고조"
"SO_1283","사천진항","2027-08-21 17:12","40","저조"
"SO_1283","사천진항","2027-08-21 23:38","23","고조"
"SO_1283","사천진항","2027-08-22 05:27","39","저조"
"SO_1283","사천진항","2027-08-22 11:56","24","고조"
"SO_1283","사천진항","2027-08-22 17:52","39","저조"
"SO_1283","사천진항","2027-08-23 00:01","27","고조"
"SO_1283","사천진항","2027-08-23 05:55","41","저조"
"SO_1283","사천진항","2027-08-23 12:41","25","고조"
"SO_1283","사천진항","2027-08-22 05:27","39","저조"
"SO_1283","사천진항","2027-08-22 11:56","24","고조"
"SO_1283","사천진항","2027-08-22 17:52","39","저조"
"SO_1283","사천진항","2027-08-23 00:01","27","고조"
"SO_1283","사천진항","2027-08-23 05:55","41","저조"
"SO_1283","사천진항","2027-08-23 12:41","25","고조"
"SO_1283","사천진항","2027-08-23 18:39","38","저조"
"SO_1283","사천진항","2027-08-24 00:24","31","고조"
"SO_1283","사천진항","2027-08-24 06:28","43","저조"
"SO_1283","사천진항","2027-08-24 13:41","26","고조"
"SO_1283","사천진항","2027-08-23 00:01","27","고조"
"SO_1283","사천진항","2027-08-23 05:55","41","저조"
"SO_1283","사천진항","2027-08-23 12:41","25","고조"
"SO_1283","사천진항","2027-08-23 18:39","38","저조"
"SO_1283","사천진항","2027-08-24 00:24","31","고조"
"SO_1283","사천진항","2027-08-24 06:28","43","저조"
"SO_1283","사천진항","2027-08-24 13:41","26","고조"
"SO_1283","사천진항","2027-08-24 19:51","37","저조"
"SO_1283","사천진항","2027-08-25 00:46","35","고조"
"SO_1283","사천진항","2027-08-25 07:10","45","저조"
"SO_1283","사천진항","2027-08-24 00:24","31","고조"
"SO_1283","사천진항","2027-08-24 06:28","43","저조"
"SO_1283","사천진항","2027-08-24 13:41","26","고조"
"SO_1283","사천진항","2027-08-24 19:51","37","저조"
"SO_1283","사천진항","2027-08-25 00:46","35","고조"
"SO_1283","사천진항","2027-08-25 07:10","45","저조"
"SO_1283","사천진항","2027-08-25 15:25","27","고조"
"SO_1283","사천진항","2027-08-25 23:29","38","저조"
"SO_1283","사천진항","2027-08-26 01:07","37","고조"
"SO_1283","사천진항","2027-08-26 08:09","46","저조"
"SO_1283","사천진항","2027-08-25 00:46","35","고조"
"SO_1283","사천진항","2027-08-25 07:10","45","저조"
"SO_1283","사천진항","2027-08-25 15:25","27","고조"
"SO_1283","사천진항","2027-08-25 23:29","38","저조"
"SO_1283","사천진항","2027-08-26 01:07","37","고조"
"SO_1283","사천진항","2027-08-26 08:09","46","저조"
"SO_1283","사천진항","2027-08-26 16:59","25","고조"
"SO_1283","사천진항","2027-08-27 09:38","47","저조"
"SO_1283","사천진항","2027-08-27 18:09","22","고조"
"SO_1283","사천진항","2027-08-28 02:04","40","저조"
"SO_1283","사천진항","2027-08-26 01:07","37","고조"
"SO_1283","사천진항","2027-08-26 08:09","46","저조"
"SO_1283","사천진항","2027-08-26 16:59","25","고조"
"SO_1283","사천진항","2027-08-27 09:38","47","저조"
"SO_1283","사천진항","2027-08-27 18:09","22","고조"
"SO_1283","사천진항","2027-08-28 02:04","40","저조"
"SO_1283","사천진항","2027-08-28 05:14","38","고조"
"SO_1283","사천진항","2027-08-28 11:04","48","저조"
"SO_1283","사천진항","2027-08-28 19:11","19","고조"
"SO_1283","사천진항","2027-08-29 02:22","39","저조"
"SO_1283","사천진항","2027-08-27 09:38","47","저조"
"SO_1283","사천진항","2027-08-27 18:09","22","고조"
"SO_1283","사천진항","2027-08-28 02:04","40","저조"
"SO_1283","사천진항","2027-08-28 05:14","38","고조"
"SO_1283","사천진항","2027-08-28 11:04","48","저조"
"SO_1283","사천진항","2027-08-28 19:11","19","고조"
"SO_1283","사천진항","2027-08-29 02:22","39","저조"
"SO_1283","사천진항","2027-08-29 06:21","35","고조"
"SO_1283","사천진항","2027-08-29 12:13","49","저조"
"SO_1283","사천진항","2027-08-29 20:03","16","고조"
"SO_1283","사천진항","2027-08-28 02:04","40","저조"
"SO_1283","사천진항","2027-08-28 05:14","38","고조"
"SO_1283","사천진항","2027-08-28 11:04","48","저조"
"SO_1283","사천진항","2027-08-28 19:11","19","고조"
"SO_1283","사천진항","2027-08-29 02:22","39","저조"
"SO_1283","사천진항","2027-08-29 06:21","35","고조"
"SO_1283","사천진항","2027-08-29 12:13","49","저조"
"SO_1283","사천진항","2027-08-29 20:03","16","고조"
"SO_1283","사천진항","2027-08-30 02:43","38","저조"
"SO_1283","사천진항","2027-08-30 07:21","31","고조"
"SO_1283","사천진항","2027-08-29 02:22","39","저조"
"SO_1283","사천진항","2027-08-29 06:21","35","고조"
"SO_1283","사천진항","2027-08-29 12:13","49","저조"
"SO_1283","사천진항","2027-08-29 20:03","16","고조"
"SO_1283","사천진항","2027-08-30 02:43","38","저조"
"SO_1283","사천진항","2027-08-30 07:21","31","고조"
"SO_1283","사천진항","2027-08-30 13:15","49","저조"
"SO_1283","사천진항","2027-08-30 20:50","13","고조"
"SO_1283","사천진항","2027-08-31 03:06","37","저조"
"SO_1283","사천진항","2027-08-31 08:16","27","고조"
"SO_1283","사천진항","2027-08-30 02:43","38","저조"
"SO_1283","사천진항","2027-08-30 07:21","31","고조"
"SO_1283","사천진항","2027-08-30 13:15","49","저조"
"SO_1283","사천진항","2027-08-30 20:50","13","고조"
"SO_1283","사천진항","2027-08-31 03:06","37","저조"
"SO_1283","사천진항","2027-08-31 08:16","27","고조"
"SO_1283","사천진항","2027-08-31 14:12","48","저조"
"SO_1283","사천진항","2027-08-31 21:31","12","고조"
"SO_1283","사천진항","2027-09-01 03:31","36","저조"
"SO_1283","사천진항","2027-09-01 09:09","22","고조"
"SO_1283","사천진항","2027-08-31 03:06","37","저조"
"SO_1283","사천진항","2027-08-31 08:16","27","고조"
"SO_1283","사천진항","2027-08-31 14:12","48","저조"
"SO_1283","사천진항","2027-08-31 21:31","12","고조"
"SO_1283","사천진항","2027-09-01 03:31","36","저조"
"SO_1283","사천진항","2027-09-01 09:09","22","고조"
"SO_1283","사천진항","2027-09-01 15:04","46","저조"
"SO_1283","사천진항","2027-09-01 22:08","12","고조"
"SO_1283","사천진항","2027-09-02 03:58","36","저조"
"SO_1283","사천진항","2027-09-02 09:59","19","고조"
"SO_1283","사천진항","2027-09-01 03:31","36","저조"
"SO_1283","사천진항","2027-09-01 09:09","22","고조"
"SO_1283","사천진항","2027-09-01 15:04","46","저조"
"SO_1283","사천진항","2027-09-01 22:08","12","고조"
"SO_1283","사천진항","2027-09-02 03:58","36","저조"
"SO_1283","사천진항","2027-09-02 09:59","19","고조"
"SO_1283","사천진항","2027-09-02 15:54","44","저조"
"SO_1283","사천진항","2027-09-02 22:43","14","고조"
"SO_1283","사천진항","2027-09-03 04:25","37","저조"
"SO_1283","사천진항","2027-09-03 10:47","16","고조"
"SO_1283","사천진항","2027-09-02 03:58","36","저조"
"SO_1283","사천진항","2027-09-02 09:59","19","고조"
"SO_1283","사천진항","2027-09-02 15:54","44","저조"
"SO_1283","사천진항","2027-09-02 22:43","14","고조"
"SO_1283","사천진항","2027-09-03 04:25","37","저조"
"SO_1283","사천진항","2027-09-03 10:47","16","고조"
"SO_1283","사천진항","2027-09-03 16:43","41","저조"
"SO_1283","사천진항","2027-09-03 23:15","18","고조"
"SO_1283","사천진항","2027-09-04 04:53","38","저조"
"SO_1283","사천진항","2027-09-04 11:36","16","고조"
"SO_1283","사천진항","2027-09-03 04:25","37","저조"
"SO_1283","사천진항","2027-09-03 10:47","16","고조"
"SO_1283","사천진항","2027-09-03 16:43","41","저조"
"SO_1283","사천진항","2027-09-03 23:15","18","고조"
"SO_1283","사천진항","2027-09-04 04:53","38","저조"
"SO_1283","사천진항","2027-09-04 11:36","16","고조"
"SO_1283","사천진항","2027-09-04 17:34","38","저조"
"SO_1283","사천진항","2027-09-04 23:44","22","고조"
"SO_1283","사천진항","2027-09-05 05:22","40","저조"
"SO_1283","사천진항","2027-09-05 12:30","17","고조"
"SO_1283","사천진항","2027-09-04 04:53","38","저조"
"SO_1283","사천진항","2027-09-04 11:36","16","고조"
"SO_1283","사천진항","2027-09-04 17:34","38","저조"
"SO_1283","사천진항","2027-09-04 23:44","22","고조"
"SO_1283","사천진항","2027-09-05 05:22","40","저조"
"SO_1283","사천진항","2027-09-05 12:30","17","고조"
"SO_1283","사천진항","2027-09-05 18:36","35","저조"
"SO_1283","사천진항","2027-09-06 00:07","27","고조"
"SO_1283","사천진항","2027-09-06 05:53","41","저조"
"SO_1283","사천진항","2027-09-06 13:36","19","고조"
"SO_1283","사천진항","2027-09-05 05:22","40","저조"
"SO_1283","사천진항","2027-09-05 12:30","17","고조"
"SO_1283","사천진항","2027-09-05 18:36","35","저조"
"SO_1283","사천진항","2027-09-06 00:07","27","고조"
"SO_1283","사천진항","2027-09-06 05:53","41","저조"
"SO_1283","사천진항","2027-09-06 13:36","19","고조"
"SO_1283","사천진항","2027-09-06 20:52","34","저조"
"SO_1283","사천진항","2027-09-07 00:16","31","고조"
"SO_1283","사천진항","2027-09-07 06:26","42","저조"
"SO_1283","사천진항","2027-09-07 15:00","20","고조"
"SO_1283","사천진항","2027-09-06 00:07","27","고조"
"SO_1283","사천진항","2027-09-06 05:53","41","저조"
"SO_1283","사천진항","2027-09-06 13:36","19","고조"
"SO_1283","사천진항","2027-09-06 20:52","34","저조"
"SO_1283","사천진항","2027-09-07 00:16","31","고조"
"SO_1283","사천진항","2027-09-07 06:26","42","저조"
"SO_1283","사천진항","2027-09-07 15:00","20","고조"
"SO_1283","사천진항","2027-09-08 07:08","41","저조"
"SO_1283","사천진항","2027-09-08 16:21","21","고조"
"SO_1283","사천진항","2027-09-09 08:47","41","저조"
"SO_1283","사천진항","2027-09-07 00:16","31","고조"
"SO_1283","사천진항","2027-09-07 06:26","42","저조"
"SO_1283","사천진항","2027-09-07 15:00","20","고조"
"SO_1283","사천진항","2027-09-08 07:08","41","저조"
"SO_1283","사천진항","2027-09-08 16:21","21","고조"
"SO_1283","사천진항","2027-09-09 08:47","41","저조"
"SO_1283","사천진항","2027-09-09 17:37","21","고조"
"SO_1283","사천진항","2027-09-10 10:31","40","저조"
"SO_1283","사천진항","2027-09-10 18:43","20","고조"
"SO_1283","사천진항","2027-09-11 02:43","35","저조"
"SO_1283","사천진항","2027-09-08 07:08","41","저조"
"SO_1283","사천진항","2027-09-08 16:21","21","고조"
"SO_1283","사천진항","2027-09-09 08:47","41","저조"
"SO_1283","사천진항","2027-09-09 17:37","21","고조"
"SO_1283","사천진항","2027-09-10 10:31","40","저조"
"SO_1283","사천진항","2027-09-10 18:43","20","고조"
"SO_1283","사천진항","2027-09-11 02:43","35","저조"
"SO_1283","사천진항","2027-09-11 06:08","33","고조"
"SO_1283","사천진항","2027-09-11 11:37","39","저조"
"SO_1283","사천진항","2027-09-11 19:32","18","고조"
"SO_1283","사천진항","2027-09-09 08:47","41","저조"
"SO_1283","사천진항","2027-09-09 17:37","21","고조"
"SO_1283","사천진항","2027-09-10 10:31","40","저조"
"SO_1283","사천진항","2027-09-10 18:43","20","고조"
"SO_1283","사천진항","2027-09-11 02:43","35","저조"
"SO_1283","사천진항","2027-09-11 06:08","33","고조"
"SO_1283","사천진항","2027-09-11 11:37","39","저조"
"SO_1283","사천진항","2027-09-11 19:32","18","고조"
"SO_1283","사천진항","2027-09-12 02:34","33","저조"
"SO_1283","사천진항","2027-09-12 06:55","29","고조"
"SO_1283","사천진항","2027-09-10 10:31","40","저조"
"SO_1283","사천진항","2027-09-10 18:43","20","고조"
"SO_1283","사천진항","2027-09-11 02:43","35","저조"
"SO_1283","사천진항","2027-09-11 06:08","33","고조"
"SO_1283","사천진항","2027-09-11 11:37","39","저조"
"SO_1283","사천진항","2027-09-11 19:32","18","고조"
"SO_1283","사천진항","2027-09-12 02:34","33","저조"
"SO_1283","사천진항","2027-09-12 06:55","29","고조"
"SO_1283","사천진항","2027-09-12 12:33","38","저조"
"SO_1283","사천진항","2027-09-12 20:09","15","고조"
"SO_1283","사천진항","2027-09-11 02:43","35","저조"
"SO_1283","사천진항","2027-09-11 06:08","33","고조"
"SO_1283","사천진항","2027-09-11 11:37","39","저조"
"SO_1283","사천진항","2027-09-11 19:32","18","고조"
"SO_1283","사천진항","2027-09-12 02:34","33","저조"
"SO_1283","사천진항","2027-09-12 06:55","29","고조"
"SO_1283","사천진항","2027-09-12 12:33","38","저조"
"SO_1283","사천진항","2027-09-12 20:09","15","고조"
"SO_1283","사천진항","2027-09-13 02:38","31","저조"
"SO_1283","사천진항","2027-09-13 07:33","25","고조"
"SO_1283","사천진항","2027-09-12 02:34","33","저조"
"SO_1283","사천진항","2027-09-12 06:55","29","고조"
"SO_1283","사천진항","2027-09-12 12:33","38","저조"
"SO_1283","사천진항","2027-09-12 20:09","15","고조"
"SO_1283","사천진항","2027-09-13 02:38","31","저조"
"SO_1283","사천진항","2027-09-13 07:33","25","고조"
"SO_1283","사천진항","2027-09-13 13:19","36","저조"
"SO_1283","사천진항","2027-09-13 20:39","13","고조"
"SO_1283","사천진항","2027-09-14 02:50","29","저조"
"SO_1283","사천진항","2027-09-14 08:07","21","고조"
"SO_1283","사천진항","2027-09-13 02:38","31","저조"
"SO_1283","사천진항","2027-09-13 07:33","25","고조"
"SO_1283","사천진항","2027-09-13 13:19","36","저조"
"SO_1283","사천진항","2027-09-13 20:39","13","고조"
"SO_1283","사천진항","2027-09-14 02:50","29","저조"
"SO_1283","사천진항","2027-09-14 08:07","21","고조"
"SO_1283","사천진항","2027-09-14 14:00","35","저조"
"SO_1283","사천진항","2027-09-14 21:04","11","고조"
"SO_1283","사천진항","2027-09-15 03:03","28","저조"
"SO_1283","사천진항","2027-09-15 08:40","17","고조"
"SO_1283","사천진항","2027-09-14 02:50","29","저조"
"SO_1283","사천진항","2027-09-14 08:07","21","고조"
"SO_1283","사천진항","2027-09-14 14:00","35","저조"
"SO_1283","사천진항","2027-09-14 21:04","11","고조"
"SO_1283","사천진항","2027-09-15 03:03","28","저조"
"SO_1283","사천진항","2027-09-15 08:40","17","고조"
"SO_1283","사천진항","2027-09-15 14:37","34","저조"
"SO_1283","사천진항","2027-09-15 21:28","11","고조"
"SO_1283","사천진항","2027-09-16 03:18","28","저조"
"SO_1283","사천진항","2027-09-16 09:13","14","고조"
"SO_1283","사천진항","2027-09-15 03:03","28","저조"
"SO_1283","사천진항","2027-09-15 08:40","17","고조"
"SO_1283","사천진항","2027-09-15 14:37","34","저조"
"SO_1283","사천진항","2027-09-15 21:28","11","고조"
"SO_1283","사천진항","2027-09-16 03:18","28","저조"
"SO_1283","사천진항","2027-09-16 09:13","14","고조"
"SO_1283","사천진항","2027-09-16 15:12","33","저조"
"SO_1283","사천진항","2027-09-16 21:50","11","고조"
"SO_1283","사천진항","2027-09-17 03:34","29","저조"
"SO_1283","사천진항","2027-09-17 09:46","12","고조"
"SO_1283","사천진항","2027-09-16 03:18","28","저조"
"SO_1283","사천진항","2027-09-16 09:13","14","고조"
"SO_1283","사천진항","2027-09-16 15:12","33","저조"
"SO_1283","사천진항","2027-09-16 21:50","11","고조"
"SO_1283","사천진항","2027-09-17 03:34","29","저조"
"SO_1283","사천진항","2027-09-17 09:46","12","고조"
"SO_1283","사천진항","2027-09-17 15:48","32","저조"
"SO_1283","사천진항","2027-09-17 22:12","13","고조"
"SO_1283","사천진항","2027-09-18 03:53","31","저조"
"SO_1283","사천진항","2027-09-18 10:21","12","고조"
"SO_1283","사천진항","2027-09-17 03:34","29","저조"
"SO_1283","사천진항","2027-09-17 09:46","12","고조"
"SO_1283","사천진항","2027-09-17 15:48","32","저조"
"SO_1283","사천진항","2027-09-17 22:12","13","고조"
"SO_1283","사천진항","2027-09-18 03:53","31","저조"
"SO_1283","사천진항","2027-09-18 10:21","12","고조"
"SO_1283","사천진항","2027-09-18 16:25","32","저조"
"SO_1283","사천진항","2027-09-18 22:35","16","고조"
"SO_1283","사천진항","2027-09-19 04:16","33","저조"
"SO_1283","사천진항","2027-09-19 10:58","12","고조"
"SO_1283","사천진항","2027-09-18 03:53","31","저조"
"SO_1283","사천진항","2027-09-18 10:21","12","고조"
"SO_1283","사천진항","2027-09-18 16:25","32","저조"
"SO_1283","사천진항","2027-09-18 22:35","16","고조"
"SO_1283","사천진항","2027-09-19 04:16","33","저조"
"SO_1283","사천진항","2027-09-19 10:58","12","고조"
"SO_1283","사천진항","2027-09-19 17:05","32","저조"
"SO_1283","사천진항","2027-09-19 23:00","20","고조"
"SO_1283","사천진항","2027-09-20 04:42","36","저조"
"SO_1283","사천진항","2027-09-20 11:39","13","고조"
"SO_1283","사천진항","2027-09-19 04:16","33","저조"
"SO_1283","사천진항","2027-09-19 10:58","12","고조"
"SO_1283","사천진항","2027-09-19 17:05","32","저조"
"SO_1283","사천진항","2027-09-19 23:00","20","고조"
"SO_1283","사천진항","2027-09-20 04:42","36","저조"
"SO_1283","사천진항","2027-09-20 11:39","13","고조"
"SO_1283","사천진항","2027-09-20 17:51","32","저조"
"SO_1283","사천진항","2027-09-20 23:25","24","고조"
"SO_1283","사천진항","2027-09-21 05:12","38","저조"
"SO_1283","사천진항","2027-09-21 12:27","15","고조"
"SO_1283","사천진항","2027-09-20 04:42","36","저조"
"SO_1283","사천진항","2027-09-20 11:39","13","고조"
"SO_1283","사천진항","2027-09-20 17:51","32","저조"
"SO_1283","사천진항","2027-09-20 23:25","24","고조"
"SO_1283","사천진항","2027-09-21 05:12","38","저조"
"SO_1283","사천진항","2027-09-21 12:27","15","고조"
"SO_1283","사천진항","2027-09-21 18:56","31","저조"
"SO_1283","사천진항","2027-09-21 23:50","27","고조"
"SO_1283","사천진항","2027-09-22 05:49","39","저조"
"SO_1283","사천진항","2027-09-22 13:33","16","고조"
"SO_1283","사천진항","2027-09-21 05:12","38","저조"
"SO_1283","사천진항","2027-09-21 12:27","15","고조"
"SO_1283","사천진항","2027-09-21 18:56","31","저조"
"SO_1283","사천진항","2027-09-21 23:50","27","고조"
"SO_1283","사천진항","2027-09-22 05:49","39","저조"
"SO_1283","사천진항","2027-09-22 13:33","16","고조"
"SO_1283","사천진항","2027-09-22 21:58","31","저조"
"SO_1283","사천진항","2027-09-23 00:16","30","고조"
"SO_1283","사천진항","2027-09-23 06:37","39","저조"
"SO_1283","사천진항","2027-09-23 15:11","17","고조"
"SO_1283","사천진항","2027-09-22 05:49","39","저조"
"SO_1283","사천진항","2027-09-22 13:33","16","고조"
"SO_1283","사천진항","2027-09-22 21:58","31","저조"
"SO_1283","사천진항","2027-09-23 00:16","30","고조"
"SO_1283","사천진항","2027-09-23 06:37","39","저조"
"SO_1283","사천진항","2027-09-23 15:11","17","고조"
"SO_1283","사천진항","2027-09-24 07:51","39","저조"
"SO_1283","사천진항","2027-09-24 16:40","15","고조"
"SO_1283","사천진항","2027-09-25 00:51","31","저조"
"SO_1283","사천진항","2027-09-25 04:01","30","고조"
"SO_1283","사천진항","2027-09-23 00:16","30","고조"
"SO_1283","사천진항","2027-09-23 06:37","39","저조"
"SO_1283","사천진항","2027-09-23 15:11","17","고조"
"SO_1283","사천진항","2027-09-24 07:51","39","저조"
"SO_1283","사천진항","2027-09-24 16:40","15","고조"
"SO_1283","사천진항","2027-09-25 00:51","31","저조"
"SO_1283","사천진항","2027-09-25 04:01","30","고조"
"SO_1283","사천진항","2027-09-25 09:30","38","저조"
"SO_1283","사천진항","2027-09-25 17:52","12","고조"
"SO_1283","사천진항","2027-09-26 01:13","30","저조"
"SO_1283","사천진항","2027-09-24 07:51","39","저조"
"SO_1283","사천진항","2027-09-24 16:40","15","고조"
"SO_1283","사천진항","2027-09-25 00:51","31","저조"
"SO_1283","사천진항","2027-09-25 04:01","30","고조"
"SO_1283","사천진항","2027-09-25 09:30","38","저조"
"SO_1283","사천진항","2027-09-25 17:52","12","고조"
"SO_1283","사천진항","2027-09-26 01:13","30","저조"
"SO_1283","사천진항","2027-09-26 05:25","26","고조"
"SO_1283","사천진항","2027-09-26 10:55","37","저조"
"SO_1283","사천진항","2027-09-26 18:51","9","고조"
"SO_1283","사천진항","2027-09-25 00:51","31","저조"
"SO_1283","사천진항","2027-09-25 04:01","30","고조"
"SO_1283","사천진항","2027-09-25 09:30","38","저조"
"SO_1283","사천진항","2027-09-25 17:52","12","고조"
"SO_1283","사천진항","2027-09-26 01:13","30","저조"
"SO_1283","사천진항","2027-09-26 05:25","26","고조"
"SO_1283","사천진항","2027-09-26 10:55","37","저조"
"SO_1283","사천진항","2027-09-26 18:51","9","고조"
"SO_1283","사천진항","2027-09-27 01:34","29","저조"
"SO_1283","사천진항","2027-09-27 06:28","21","고조"
"SO_1283","사천진항","2027-09-26 01:13","30","저조"
"SO_1283","사천진항","2027-09-26 05:25","26","고조"
"SO_1283","사천진항","2027-09-26 10:55","37","저조"
"SO_1283","사천진항","2027-09-26 18:51","9","고조"
"SO_1283","사천진항","2027-09-27 01:34","29","저조"
"SO_1283","사천진항","2027-09-27 06:28","21","고조"
"SO_1283","사천진항","2027-09-27 12:10","36","저조"
"SO_1283","사천진항","2027-09-27 19:39","7","고조"
"SO_1283","사천진항","2027-09-28 01:55","28","저조"
"SO_1283","사천진항","2027-09-28 07:22","16","고조"
"SO_1283","사천진항","2027-09-27 01:34","29","저조"
"SO_1283","사천진항","2027-09-27 06:28","21","고조"
"SO_1283","사천진항","2027-09-27 12:10","36","저조"
"SO_1283","사천진항","2027-09-27 19:39","7","고조"
"SO_1283","사천진항","2027-09-28 01:55","28","저조"
"SO_1283","사천진항","2027-09-28 07:22","16","고조"
"SO_1283","사천진항","2027-09-28 13:14","35","저조"
"SO_1283","사천진항","2027-09-28 20:20","5","고조"
"SO_1283","사천진항","2027-09-29 02:18","27","저조"
"SO_1283","사천진항","2027-09-29 08:11","11","고조"
"SO_1283","사천진항","2027-09-28 01:55","28","저조"
"SO_1283","사천진항","2027-09-28 07:22","16","고조"
"SO_1283","사천진항","2027-09-28 13:14","35","저조"
"SO_1283","사천진항","2027-09-28 20:20","5","고조"
"SO_1283","사천진항","2027-09-29 02:18","27","저조"
"SO_1283","사천진항","2027-09-29 08:11","11","고조"
"SO_1283","사천진항","2027-09-29 14:11","33","저조"
"SO_1283","사천진항","2027-09-29 20:57","6","고조"
"SO_1283","사천진항","2027-09-30 02:43","28","저조"
"SO_1283","사천진항","2027-09-30 08:58","6","고조"
"SO_1283","사천진항","2027-09-29 02:18","27","저조"
"SO_1283","사천진항","2027-09-29 08:11","11","고조"
"SO_1283","사천진항","2027-09-29 14:11","33","저조"
"SO_1283","사천진항","2027-09-29 20:57","6","고조"
"SO_1283","사천진항","2027-09-30 02:43","28","저조"
"SO_1283","사천진항","2027-09-30 08:58","6","고조"
"SO_1283","사천진항","2027-09-30 15:01","32","저조"
"SO_1283","사천진항","2027-09-30 21:32","8","고조"
"SO_1283","사천진항","2027-10-01 03:10","29","저조"
"SO_1283","사천진항","2027-10-01 09:44","4","고조"
"SO_1283","사천진항","2027-09-30 02:43","28","저조"
"SO_1283","사천진항","2027-09-30 08:58","6","고조"
"SO_1283","사천진항","2027-09-30 15:01","32","저조"
"SO_1283","사천진항","2027-09-30 21:32","8","고조"
"SO_1283","사천진항","2027-10-01 03:10","29","저조"
"SO_1283","사천진항","2027-10-01 09:44","4","고조"
"SO_1283","사천진항","2027-10-01 15:51","30","저조"
"SO_1283","사천진항","2027-10-01 22:03","11","고조"
"SO_1283","사천진항","2027-10-02 03:38","31","저조"
"SO_1283","사천진항","2027-10-02 10:31","3","고조"
"SO_1283","사천진항","2027-10-01 03:10","29","저조"
"SO_1283","사천진항","2027-10-01 09:44","4","고조"
"SO_1283","사천진항","2027-10-01 15:51","30","저조"
"SO_1283","사천진항","2027-10-01 22:03","11","고조"
"SO_1283","사천진항","2027-10-02 03:38","31","저조"
"SO_1283","사천진항","2027-10-02 10:31","3","고조"
"SO_1283","사천진항","2027-10-02 16:41","29","저조"
"SO_1283","사천진항","2027-10-02 22:33","15","고조"
"SO_1283","사천진항","2027-10-03 04:07","33","저조"
"SO_1283","사천진항","2027-10-03 11:18","4","고조"
"SO_1283","사천진항","2027-10-02 03:38","31","저조"
"SO_1283","사천진항","2027-10-02 10:31","3","고조"
"SO_1283","사천진항","2027-10-02 16:41","29","저조"
"SO_1283","사천진항","2027-10-02 22:33","15","고조"
"SO_1283","사천진항","2027-10-03 04:07","33","저조"
"SO_1283","사천진항","2027-10-03 11:18","4","고조"
"SO_1283","사천진항","2027-10-03 17:40","27","저조"
"SO_1283","사천진항","2027-10-03 22:58","19","고조"
"SO_1283","사천진항","2027-10-04 04:37","34","저조"
"SO_1283","사천진항","2027-10-04 12:10","6","고조"
"SO_1283","사천진항","2027-10-03 04:07","33","저조"
"SO_1283","사천진항","2027-10-03 11:18","4","고조"
"SO_1283","사천진항","2027-10-03 17:40","27","저조"
"SO_1283","사천진항","2027-10-03 22:58","19","고조"
"SO_1283","사천진항","2027-10-04 04:37","34","저조"
"SO_1283","사천진항","2027-10-04 12:10","6","고조"
"SO_1283","사천진항","2027-10-04 19:13","26","저조"
"SO_1283","사천진항","2027-10-04 23:16","22","고조"
"SO_1283","사천진항","2027-10-05 05:08","35","저조"
"SO_1283","사천진항","2027-10-05 13:12","9","고조"
"SO_1283","사천진항","2027-10-04 04:37","34","저조"
"SO_1283","사천진항","2027-10-04 12:10","6","고조"
"SO_1283","사천진항","2027-10-04 19:13","26","저조"
"SO_1283","사천진항","2027-10-04 23:16","22","고조"
"SO_1283","사천진항","2027-10-05 05:08","35","저조"
"SO_1283","사천진항","2027-10-05 13:12","9","고조"
"SO_1283","사천진항","2027-10-05 20:54","26","저조"
"SO_1283","사천진항","2027-10-05 23:22","25","고조"
"SO_1283","사천진항","2027-10-06 05:43","35","저조"
"SO_1283","사천진항","2027-10-06 14:25","11","고조"
"SO_1283","사천진항","2027-10-05 05:08","35","저조"
"SO_1283","사천진항","2027-10-05 13:12","9","고조"
"SO_1283","사천진항","2027-10-05 20:54","26","저조"
"SO_1283","사천진항","2027-10-05 23:22","25","고조"
"SO_1283","사천진항","2027-10-06 05:43","35","저조"
"SO_1283","사천진항","2027-10-06 14:25","11","고조"
"SO_1283","사천진항","2027-10-07 06:26","33","저조"
"SO_1283","사천진항","2027-10-07 15:40","12","고조"
"SO_1283","사천진항","2027-10-08 07:45","30","저조"
"SO_1283","사천진항","2027-10-08 16:54","12","고조"
"SO_1283","사천진항","2027-10-06 05:43","35","저조"
"SO_1283","사천진항","2027-10-06 14:25","11","고조"
"SO_1283","사천진항","2027-10-07 06:26","33","저조"
"SO_1283","사천진항","2027-10-07 15:40","12","고조"
"SO_1283","사천진항","2027-10-08 07:45","30","저조"
"SO_1283","사천진항","2027-10-08 16:54","12","고조"
"SO_1283","사천진항","2027-10-09 01:43","26","저조"
"SO_1283","사천진항","2027-10-09 04:55","24","고조"
"SO_1283","사천진항","2027-10-09 09:39","27","저조"
"SO_1283","사천진항","2027-10-09 17:59","10","고조"
"SO_1283","사천진항","2027-10-07 06:26","33","저조"
"SO_1283","사천진항","2027-10-07 15:40","12","고조"
"SO_1283","사천진항","2027-10-08 07:45","30","저조"
"SO_1283","사천진항","2027-10-08 16:54","12","고조"
"SO_1283","사천진항","2027-10-09 01:43","26","저조"
"SO_1283","사천진항","2027-10-09 04:55","24","고조"
"SO_1283","사천진항","2027-10-09 09:39","27","저조"
"SO_1283","사천진항","2027-10-09 17:59","10","고조"
"SO_1283","사천진항","2027-10-10 01:26","24","저조"
"SO_1283","사천진항","2027-10-10 06:00","20","고조"
"SO_1283","사천진항","2027-10-08 07:45","30","저조"
"SO_1283","사천진항","2027-10-08 16:54","12","고조"
"SO_1283","사천진항","2027-10-09 01:43","26","저조"
"SO_1283","사천진항","2027-10-09 04:55","24","고조"
"SO_1283","사천진항","2027-10-09 09:39","27","저조"
"SO_1283","사천진항","2027-10-09 17:59","10","고조"
"SO_1283","사천진항","2027-10-10 01:26","24","저조"
"SO_1283","사천진항","2027-10-10 06:00","20","고조"
"SO_1283","사천진항","2027-10-10 10:59","25","저조"
"SO_1283","사천진항","2027-10-10 18:47","8","고조"
"SO_1283","사천진항","2027-10-09 01:43","26","저조"
"SO_1283","사천진항","2027-10-09 04:55","24","고조"
"SO_1283","사천진항","2027-10-09 09:39","27","저조"
"SO_1283","사천진항","2027-10-09 17:59","10","고조"
"SO_1283","사천진항","2027-10-10 01:26","24","저조"
"SO_1283","사천진항","2027-10-10 06:00","20","고조"
"SO_1283","사천진항","2027-10-10 10:59","25","저조"
"SO_1283","사천진항","2027-10-10 18:47","8","고조"
"SO_1283","사천진항","2027-10-11 01:30","22","저조"
"SO_1283","사천진항","2027-10-11 06:44","16","고조"
"SO_1283","사천진항","2027-10-10 01:26","24","저조"
"SO_1283","사천진항","2027-10-10 06:00","20","고조"
"SO_1283","사천진항","2027-10-10 10:59","25","저조"
"SO_1283","사천진항","2027-10-10 18:47","8","고조"
"SO_1283","사천진항","2027-10-11 01:30","22","저조"
"SO_1283","사천진항","2027-10-11 06:44","16","고조"
"SO_1283","사천진항","2027-10-11 12:08","23","저조"
"SO_1283","사천진항","2027-10-11 19:21","6","고조"
"SO_1283","사천진항","2027-10-12 01:42","20","저조"
"SO_1283","사천진항","2027-10-12 07:18","11","고조"
"SO_1283","사천진항","2027-10-11 01:30","22","저조"
"SO_1283","사천진항","2027-10-11 06:44","16","고조"
"SO_1283","사천진항","2027-10-11 12:08","23","저조"
"SO_1283","사천진항","2027-10-11 19:21","6","고조"
"SO_1283","사천진항","2027-10-12 01:42","20","저조"
"SO_1283","사천진항","2027-10-12 07:18","11","고조"
"SO_1283","사천진항","2027-10-12 13:01","22","저조"
"SO_1283","사천진항","2027-10-12 19:50","4","고조"
"SO_1283","사천진항","2027-10-13 01:56","19","저조"
"SO_1283","사천진항","2027-10-13 07:49","7","고조"
"SO_1283","사천진항","2027-10-12 01:42","20","저조"
"SO_1283","사천진항","2027-10-12 07:18","11","고조"
"SO_1283","사천진항","2027-10-12 13:01","22","저조"
"SO_1283","사천진항","2027-10-12 19:50","4","고조"
"SO_1283","사천진항","2027-10-13 01:56","19","저조"
"SO_1283","사천진항","2027-10-13 07:49","7","고조"
"SO_1283","사천진항","2027-10-13 13:45","21","저조"
"SO_1283","사천진항","2027-10-13 20:16","4","고조"
"SO_1283","사천진항","2027-10-14 02:10","20","저조"
"SO_1283","사천진항","2027-10-14 08:19","4","고조"
"SO_1283","사천진항","2027-10-13 01:56","19","저조"
"SO_1283","사천진항","2027-10-13 07:49","7","고조"
"SO_1283","사천진항","2027-10-13 13:45","21","저조"
"SO_1283","사천진항","2027-10-13 20:16","4","고조"
"SO_1283","사천진항","2027-10-14 02:10","20","저조"
"SO_1283","사천진항","2027-10-14 08:19","4","고조"
"SO_1283","사천진항","2027-10-14 14:25","21","저조"
"SO_1283","사천진항","2027-10-14 20:40","5","고조"
"SO_1283","사천진항","2027-10-15 02:25","21","저조"
"SO_1283","사천진항","2027-10-15 08:52","1","고조"
"SO_1283","사천진항","2027-10-14 02:10","20","저조"
"SO_1283","사천진항","2027-10-14 08:19","4","고조"
"SO_1283","사천진항","2027-10-14 14:25","21","저조"
"SO_1283","사천진항","2027-10-14 20:40","5","고조"
"SO_1283","사천진항","2027-10-15 02:25","21","저조"
"SO_1283","사천진항","2027-10-15 08:52","1","고조"
"SO_1283","사천진항","2027-10-15 15:03","21","저조"
"SO_1283","사천진항","2027-10-15 21:04","7","고조"
"SO_1283","사천진항","2027-10-16 02:44","23","저조"
"SO_1283","사천진항","2027-10-16 09:26","","고조"
"SO_1283","사천진항","2027-10-15 02:25","21","저조"
"SO_1283","사천진항","2027-10-15 08:52","1","고조"
"SO_1283","사천진항","2027-10-15 15:03","21","저조"
"SO_1283","사천진항","2027-10-15 21:04","7","고조"
"SO_1283","사천진항","2027-10-16 02:44","23","저조"
"SO_1283","사천진항","2027-10-16 09:26","","고조"
"SO_1283","사천진항","2027-10-16 15:42","22","저조"
"SO_1283","사천진항","2027-10-16 21:30","10","고조"
"SO_1283","사천진항","2027-10-17 03:08","26","저조"
"SO_1283","사천진항","2027-10-17 10:03","","고조"
"SO_1283","사천진항","2027-10-16 02:44","23","저조"
"SO_1283","사천진항","2027-10-16 09:26","","고조"
"SO_1283","사천진항","2027-10-16 15:42","22","저조"
"SO_1283","사천진항","2027-10-16 21:30","10","고조"
"SO_1283","사천진항","2027-10-17 03:08","26","저조"
"SO_1283","사천진항","2027-10-17 10:03","","고조"
"SO_1283","사천진항","2027-10-17 16:24","23","저조"
"SO_1283","사천진항","2027-10-17 21:58","13","고조"
"SO_1283","사천진항","2027-10-18 03:36","29","저조"
"SO_1283","사천진항","2027-10-18 10:44","1","고조"
"SO_1283","사천진항","2027-10-17 03:08","26","저조"
"SO_1283","사천진항","2027-10-17 10:03","","고조"
"SO_1283","사천진항","2027-10-17 16:24","23","저조"
"SO_1283","사천진항","2027-10-17 21:58","13","고조"
"SO_1283","사천진항","2027-10-18 03:36","29","저조"
"SO_1283","사천진항","2027-10-18 10:44","1","고조"
"SO_1283","사천진항","2027-10-18 17:13","24","저조"
"SO_1283","사천진항","2027-10-18 22:27","17","고조"
"SO_1283","사천진항","2027-10-19 04:08","32","저조"
"SO_1283","사천진항","2027-10-19 11:29","2","고조"
"SO_1283","사천진항","2027-10-18 03:36","29","저조"
"SO_1283","사천진항","2027-10-18 10:44","1","고조"
"SO_1283","사천진항","2027-10-18 17:13","24","저조"
"SO_1283","사천진항","2027-10-18 22:27","17","고조"
"SO_1283","사천진항","2027-10-19 04:08","32","저조"
"SO_1283","사천진항","2027-10-19 11:29","2","고조"
"SO_1283","사천진항","2027-10-19 18:23","24","저조"
"SO_1283","사천진항","2027-10-19 22:57","20","고조"
"SO_1283","사천진항","2027-10-20 04:45","33","저조"
"SO_1283","사천진항","2027-10-20 12:25","4","고조"
"SO_1283","사천진항","2027-10-19 04:08","32","저조"
"SO_1283","사천진항","2027-10-19 11:29","2","고조"
"SO_1283","사천진항","2027-10-19 18:23","24","저조"
"SO_1283","사천진항","2027-10-19 22:57","20","고조"
"SO_1283","사천진항","2027-10-20 04:45","33","저조"
"SO_1283","사천진항","2027-10-20 12:25","4","고조"
"SO_1283","사천진항","2027-10-20 20:25","24","저조"
"SO_1283","사천진항","2027-10-21 00:00","22","고조"
"SO_1283","사천진항","2027-10-21 05:29","33","저조"
"SO_1283","사천진항","2027-10-21 13:34","5","고조"
"SO_1283","사천진항","2027-10-20 04:45","33","저조"
"SO_1283","사천진항","2027-10-20 12:25","4","고조"
"SO_1283","사천진항","2027-10-20 20:25","24","저조"
"SO_1283","사천진항","2027-10-21 00:00","22","고조"
"SO_1283","사천진항","2027-10-21 05:29","33","저조"
"SO_1283","사천진항","2027-10-21 13:34","5","고조"
"SO_1283","사천진항","2027-10-22 06:28","31","저조"
"SO_1283","사천진항","2027-10-22 14:54","5","고조"
"SO_1283","사천진항","2027-10-22 23:07","23","저조"
"SO_1283","사천진항","2027-10-23 02:20","22","고조"
"SO_1283","사천진항","2027-10-21 00:00","22","고조"
"SO_1283","사천진항","2027-10-21 05:29","33","저조"
"SO_1283","사천진항","2027-10-21 13:34","5","고조"
"SO_1283","사천진항","2027-10-22 06:28","31","저조"
"SO_1283","사천진항","2027-10-22 14:54","5","고조"
"SO_1283","사천진항","2027-10-22 23:07","23","저조"
"SO_1283","사천진항","2027-10-23 02:20","22","고조"
"SO_1283","사천진항","2027-10-23 07:51","29","저조"
"SO_1283","사천진항","2027-10-23 16:13","4","고조"
"SO_1283","사천진항","2027-10-23 23:54","22","저조"
"SO_1283","사천진항","2027-10-22 06:28","31","저조"
"SO_1283","사천진항","2027-10-22 14:54","5","고조"
"SO_1283","사천진항","2027-10-22 23:07","23","저조"
"SO_1283","사천진항","2027-10-23 02:20","22","고조"
"SO_1283","사천진항","2027-10-23 07:51","29","저조"
"SO_1283","사천진항","2027-10-23 16:13","4","고조"
"SO_1283","사천진항","2027-10-23 23:54","22","저조"
"SO_1283","사천진항","2027-10-24 04:07","18","고조"
"SO_1283","사천진항","2027-10-24 09:21","26","저조"
"SO_1283","사천진항","2027-10-24 17:24","3","고조"
"SO_1283","사천진항","2027-10-23 02:20","22","고조"
"SO_1283","사천진항","2027-10-23 07:51","29","저조"
"SO_1283","사천진항","2027-10-23 16:13","4","고조"
"SO_1283","사천진항","2027-10-23 23:54","22","저조"
"SO_1283","사천진항","2027-10-24 04:07","18","고조"
"SO_1283","사천진항","2027-10-24 09:21","26","저조"
"SO_1283","사천진항","2027-10-24 17:24","3","고조"
"SO_1283","사천진항","2027-10-25 00:21","20","저조"
"SO_1283","사천진항","2027-10-25 05:24","13","고조"
"SO_1283","사천진항","2027-10-25 10:47","24","저조"
"SO_1283","사천진항","2027-10-24 04:07","18","고조"
"SO_1283","사천진항","2027-10-24 09:21","26","저조"
"SO_1283","사천진항","2027-10-24 17:24","3","고조"
"SO_1283","사천진항","2027-10-25 00:21","20","저조"
"SO_1283","사천진항","2027-10-25 05:24","13","고조"
"SO_1283","사천진항","2027-10-25 10:47","24","저조"
"SO_1283","사천진항","2027-10-25 18:21","2","고조"
"SO_1283","사천진항","2027-10-26 00:44","19","저조"
"SO_1283","사천진항","2027-10-26 06:24","7","고조"
"SO_1283","사천진항","2027-10-26 12:11","22","저조"
"SO_1283","사천진항","2027-10-25 00:21","20","저조"
"SO_1283","사천진항","2027-10-25 05:24","13","고조"
"SO_1283","사천진항","2027-10-25 10:47","24","저조"
"SO_1283","사천진항","2027-10-25 18:21","2","고조"
"SO_1283","사천진항","2027-10-26 00:44","19","저조"
"SO_1283","사천진항","2027-10-26 06:24","7","고조"
"SO_1283","사천진항","2027-10-26 12:11","22","저조"
"SO_1283","사천진항","2027-10-26 19:07","1","고조"
"SO_1283","사천진항","2027-10-27 01:08","19","저조"
"SO_1283","사천진항","2027-10-27 07:15","2","고조"
"SO_1283","사천진항","2027-10-26 00:44","19","저조"
"SO_1283","사천진항","2027-10-26 06:24","7","고조"
"SO_1283","사천진항","2027-10-26 12:11","22","저조"
"SO_1283","사천진항","2027-10-26 19:07","1","고조"
"SO_1283","사천진항","2027-10-27 01:08","19","저조"
"SO_1283","사천진항","2027-10-27 07:15","2","고조"
"SO_1283","사천진항","2027-10-27 13:18","21","저조"
"SO_1283","사천진항","2027-10-27 19:46","2","고조"
"SO_1283","사천진항","2027-10-28 01:32","20","저조"
"SO_1283","사천진항","2027-10-28 08:01","-2","고조"
"SO_1283","사천진항","2027-10-27 01:08","19","저조"
"SO_1283","사천진항","2027-10-27 07:15","2","고조"
"SO_1283","사천진항","2027-10-27 13:18","21","저조"
"SO_1283","사천진항","2027-10-27 19:46","2","고조"
"SO_1283","사천진항","2027-10-28 01:32","20","저조"
"SO_1283","사천진항","2027-10-28 08:01","-2","고조"
"SO_1283","사천진항","2027-10-28 14:14","20","저조"
"SO_1283","사천진항","2027-10-28 20:21","4","고조"
"SO_1283","사천진항","2027-10-29 01:59","22","저조"
"SO_1283","사천진항","2027-10-29 08:46","-5","고조"
"SO_1283","사천진항","2027-10-28 01:32","20","저조"
"SO_1283","사천진항","2027-10-28 08:01","-2","고조"
"SO_1283","사천진항","2027-10-28 14:14","20","저조"
"SO_1283","사천진항","2027-10-28 20:21","4","고조"
"SO_1283","사천진항","2027-10-29 01:59","22","저조"
"SO_1283","사천진항","2027-10-29 08:46","-5","고조"
"SO_1283","사천진항","2027-10-29 15:05","20","저조"
"SO_1283","사천진항","2027-10-29 20:53","7","고조"
"SO_1283","사천진항","2027-10-30 02:28","24","저조"
"SO_1283","사천진항","2027-10-30 09:31","-6","고조"
"SO_1283","사천진항","2027-10-29 01:59","22","저조"
"SO_1283","사천진항","2027-10-29 08:46","-5","고조"
"SO_1283","사천진항","2027-10-29 15:05","20","저조"
"SO_1283","사천진항","2027-10-29 20:53","7","고조"
"SO_1283","사천진항","2027-10-30 02:28","24","저조"
"SO_1283","사천진항","2027-10-30 09:31","-6","고조"
"SO_1283","사천진항","2027-10-30 15:57","20","저조"
"SO_1283","사천진항","2027-10-30 21:23","10","고조"
"SO_1283","사천진항","2027-10-31 02:59","27","저조"
"SO_1283","사천진항","2027-10-31 10:17","-6","고조"
"SO_1283","사천진항","2027-10-30 02:28","24","저조"
"SO_1283","사천진항","2027-10-30 09:31","-6","고조"
"SO_1283","사천진항","2027-10-30 15:57","20","저조"
"SO_1283","사천진항","2027-10-30 21:23","10","고조"
"SO_1283","사천진항","2027-10-31 02:59","27","저조"
"SO_1283","사천진항","2027-10-31 10:17","-6","고조"
"SO_1283","사천진항","2027-10-31 16:55","20","저조"
"SO_1283","사천진항","2027-10-31 21:51","13","고조"
"SO_1283","사천진항","2027-11-01 03:31","29","저조"
"SO_1283","사천진항","2027-11-01 11:04","-4","고조"
"SO_1283","사천진항","2027-10-31 02:59","27","저조"
"SO_1283","사천진항","2027-10-31 10:17","-6","고조"
"SO_1283","사천진항","2027-10-31 16:55","20","저조"
"SO_1283","사천진항","2027-10-31 21:51","13","고조"
"SO_1283","사천진항","2027-11-01 03:31","29","저조"
"SO_1283","사천진항","2027-11-01 11:04","-4","고조"
"SO_1283","사천진항","2027-11-01 18:05","20","저조"
"SO_1283","사천진항","2027-11-01 22:16","16","고조"
"SO_1283","사천진항","2027-11-02 04:04","30","저조"
"SO_1283","사천진항","2027-11-02 11:55","-2","고조"
"SO_1283","사천진항","2027-11-01 03:31","29","저조"
"SO_1283","사천진항","2027-11-01 11:04","-4","고조"
"SO_1283","사천진항","2027-11-01 18:05","20","저조"
"SO_1283","사천진항","2027-11-01 22:16","16","고조"
"SO_1283","사천진항","2027-11-02 04:04","30","저조"
"SO_1283","사천진항","2027-11-02 11:55","-2","고조"
"SO_1283","사천진항","2027-11-02 19:17","20","저조"
"SO_1283","사천진항","2027-11-02 22:37","17","고조"
"SO_1283","사천진항","2027-11-03 04:39","29","저조"
"SO_1283","사천진항","2027-11-03 12:49","1","고조"
"SO_1283","사천진항","2027-11-02 04:04","30","저조"
"SO_1283","사천진항","2027-11-02 11:55","-2","고조"
"SO_1283","사천진항","2027-11-02 19:17","20","저조"
"SO_1283","사천진항","2027-11-02 22:37","17","고조"
"SO_1283","사천진항","2027-11-03 04:39","29","저조"
"SO_1283","사천진항","2027-11-03 12:49","1","고조"
"SO_1283","사천진항","2027-11-03 20:20","20","저조"
"SO_1283","사천진항","2027-11-03 22:55","18","고조"
"SO_1283","사천진항","2027-11-04 05:18","28","저조"
"SO_1283","사천진항","2027-11-04 13:47","3","고조"
"SO_1283","사천진항","2027-11-03 04:39","29","저조"
"SO_1283","사천진항","2027-11-03 12:49","1","고조"
"SO_1283","사천진항","2027-11-03 20:20","20","저조"
"SO_1283","사천진항","2027-11-03 22:55","18","고조"
"SO_1283","사천진항","2027-11-04 05:18","28","저조"
"SO_1283","사천진항","2027-11-04 13:47","3","고조"
"SO_1283","사천진항","2027-11-04 21:29","19","저조"
"SO_1283","사천진항","2027-11-04 23:13","18","고조"
"SO_1283","사천진항","2027-11-05 06:04","25","저조"
"SO_1283","사천진항","2027-11-05 14:47","4","고조"
"SO_1283","사천진항","2027-11-04 05:18","28","저조"
"SO_1283","사천진항","2027-11-04 13:47","3","고조"
"SO_1283","사천진항","2027-11-04 21:29","19","저조"
"SO_1283","사천진항","2027-11-04 23:13","18","고조"
"SO_1283","사천진항","2027-11-05 06:04","25","저조"
"SO_1283","사천진항","2027-11-05 14:47","4","고조"
"SO_1283","사천진항","2027-11-06 07:07","21","저조"
"SO_1283","사천진항","2027-11-06 15:52","4","고조"
"SO_1283","사천진항","2027-11-06 23:51","16","저조"
"SO_1283","사천진항","2027-11-07 04:19","14","고조"
"SO_1283","사천진항","2027-11-05 06:04","25","저조"
"SO_1283","사천진항","2027-11-05 14:47","4","고조"
"SO_1283","사천진항","2027-11-06 07:07","21","저조"
"SO_1283","사천진항","2027-11-06 15:52","4","고조"
"SO_1283","사천진항","2027-11-06 23:51","16","저조"
"SO_1283","사천진항","2027-11-07 04:19","14","고조"
"SO_1283","사천진항","2027-11-07 08:26","17","저조"
"SO_1283","사천진항","2027-11-07 16:55","3","고조"
"SO_1283","사천진항","2027-11-08 00:11","15","저조"
"SO_1283","사천진항","2027-11-08 05:31","10","고조"
"SO_1283","사천진항","2027-11-06 07:07","21","저조"
"SO_1283","사천진항","2027-11-06 15:52","4","고조"
"SO_1283","사천진항","2027-11-06 23:51","16","저조"
"SO_1283","사천진항","2027-11-07 04:19","14","고조"
"SO_1283","사천진항","2027-11-07 08:26","17","저조"
"SO_1283","사천진항","2027-11-07 16:55","3","고조"
"SO_1283","사천진항","2027-11-08 00:11","15","저조"
"SO_1283","사천진항","2027-11-08 05:31","10","고조"
"SO_1283","사천진항","2027-11-08 09:50","14","저조"
"SO_1283","사천진항","2027-11-08 17:46","1","고조"
"SO_1283","사천진항","2027-11-07 04:19","14","고조"
"SO_1283","사천진항","2027-11-07 08:26","17","저조"
"SO_1283","사천진항","2027-11-07 16:55","3","고조"
"SO_1283","사천진항","2027-11-08 00:11","15","저조"
"SO_1283","사천진항","2027-11-08 05:31","10","고조"
"SO_1283","사천진항","2027-11-08 09:50","14","저조"
"SO_1283","사천진항","2027-11-08 17:46","1","고조"
"SO_1283","사천진항","2027-11-09 00:30","14","저조"
"SO_1283","사천진항","2027-11-09 06:16","6","고조"
"SO_1283","사천진항","2027-11-09 11:32","12","저조"
"SO_1283","사천진항","2027-11-08 00:11","15","저조"
"SO_1283","사천진항","2027-11-08 05:31","10","고조"
"SO_1283","사천진항","2027-11-08 09:50","14","저조"
"SO_1283","사천진항","2027-11-08 17:46","1","고조"
"SO_1283","사천진항","2027-11-09 00:30","14","저조"
"SO_1283","사천진항","2027-11-09 06:16","6","고조"
"SO_1283","사천진항","2027-11-09 11:32","12","저조"
"SO_1283","사천진항","2027-11-09 18:24","1","고조"
"SO_1283","사천진항","2027-11-10 00:46","13","저조"
"SO_1283","사천진항","2027-11-10 06:51","2","고조"
"SO_1283","사천진항","2027-11-09 00:30","14","저조"
"SO_1283","사천진항","2027-11-09 06:16","6","고조"
"SO_1283","사천진항","2027-11-09 11:32","12","저조"
"SO_1283","사천진항","2027-11-09 18:24","1","고조"
"SO_1283","사천진항","2027-11-10 00:46","13","저조"
"SO_1283","사천진항","2027-11-10 06:51","2","고조"
"SO_1283","사천진항","2027-11-10 12:42","12","저조"
"SO_1283","사천진항","2027-11-10 18:55","1","고조"
"SO_1283","사천진항","2027-11-11 00:59","14","저조"
"SO_1283","사천진항","2027-11-11 07:23","-1","고조"
"SO_1283","사천진항","2027-11-10 00:46","13","저조"
"SO_1283","사천진항","2027-11-10 06:51","2","고조"
"SO_1283","사천진항","2027-11-10 12:42","12","저조"
"SO_1283","사천진항","2027-11-10 18:55","1","고조"
"SO_1283","사천진항","2027-11-11 00:59","14","저조"
"SO_1283","사천진항","2027-11-11 07:23","-1","고조"
"SO_1283","사천진항","2027-11-11 13:33","12","저조"
"SO_1283","사천진항","2027-11-11 19:23","2","고조"
"SO_1283","사천진항","2027-11-12 01:14","16","저조"
"SO_1283","사천진항","2027-11-12 07:56","-4","고조"
"SO_1283","사천진항","2027-11-11 00:59","14","저조"
"SO_1283","사천진항","2027-11-11 07:23","-1","고조"
"SO_1283","사천진항","2027-11-11 13:33","12","저조"
"SO_1283","사천진항","2027-11-11 19:23","2","고조"
"SO_1283","사천진항","2027-11-12 01:14","16","저조"
"SO_1283","사천진항","2027-11-12 07:56","-4","고조"
"SO_1283","사천진항","2027-11-12 14:18","14","저조"
"SO_1283","사천진항","2027-11-12 19:50","4","고조"
"SO_1283","사천진항","2027-11-13 01:35","19","저조"
"SO_1283","사천진항","2027-11-13 08:31","-5","고조"
"SO_1283","사천진항","2027-11-12 01:14","16","저조"
"SO_1283","사천진항","2027-11-12 07:56","-4","고조"
"SO_1283","사천진항","2027-11-12 14:18","14","저조"
"SO_1283","사천진항","2027-11-12 19:50","4","고조"
"SO_1283","사천진항","2027-11-13 01:35","19","저조"
"SO_1283","사천진항","2027-11-13 08:31","-5","고조"
"SO_1283","사천진항","2027-11-13 15:02","15","저조"
"SO_1283","사천진항","2027-11-13 20:20","7","고조"
"SO_1283","사천진항","2027-11-14 02:01","22","저조"
"SO_1283","사천진항","2027-11-14 09:10","-6","고조"
"SO_1283","사천진항","2027-11-13 01:35","19","저조"
"SO_1283","사천진항","2027-11-13 08:31","-5","고조"
"SO_1283","사천진항","2027-11-13 15:02","15","저조"
"SO_1283","사천진항","2027-11-13 20:20","7","고조"
"SO_1283","사천진항","2027-11-14 02:01","22","저조"
"SO_1283","사천진항","2027-11-14 09:10","-6","고조"
"SO_1283","사천진항","2027-11-14 15:49","17","저조"
"SO_1283","사천진항","2027-11-14 20:52","10","고조"
"SO_1283","사천진항","2027-11-15 02:33","26","저조"
"SO_1283","사천진항","2027-11-15 09:52","-6","고조"
"SO_1283","사천진항","2027-11-14 02:01","22","저조"
"SO_1283","사천진항","2027-11-14 09:10","-6","고조"
"SO_1283","사천진항","2027-11-14 15:49","17","저조"
"SO_1283","사천진항","2027-11-14 20:52","10","고조"
"SO_1283","사천진항","2027-11-15 02:33","26","저조"
"SO_1283","사천진항","2027-11-15 09:52","-6","고조"
"SO_1283","사천진항","2027-11-15 16:42","19","저조"
"SO_1283","사천진항","2027-11-15 21:26","13","고조"
"SO_1283","사천진항","2027-11-16 03:09","29","저조"
"SO_1283","사천진항","2027-11-16 10:39","-6","고조"
"SO_1283","사천진항","2027-11-15 02:33","26","저조"
"SO_1283","사천진항","2027-11-15 09:52","-6","고조"
"SO_1283","사천진항","2027-11-15 16:42","19","저조"
"SO_1283","사천진항","2027-11-15 21:26","13","고조"
"SO_1283","사천진항","2027-11-16 03:09","29","저조"
"SO_1283","사천진항","2027-11-16 10:39","-6","고조"
"SO_1283","사천진항","2027-11-16 17:49","19","저조"
"SO_1283","사천진항","2027-11-16 22:02","15","고조"
"SO_1283","사천진항","2027-11-17 03:49","30","저조"
"SO_1283","사천진항","2027-11-17 11:31","-5","고조"
"SO_1283","사천진항","2027-11-16 03:09","29","저조"
"SO_1283","사천진항","2027-11-16 10:39","-6","고조"
"SO_1283","사천진항","2027-11-16 17:49","19","저조"
"SO_1283","사천진항","2027-11-16 22:02","15","고조"
"SO_1283","사천진항","2027-11-17 03:49","30","저조"
"SO_1283","사천진항","2027-11-17 11:31","-5","고조"
"SO_1283","사천진항","2027-11-17 19:00","20","저조"
"SO_1283","사천진항","2027-11-17 22:44","16","고조"
"SO_1283","사천진항","2027-11-18 04:34","30","저조"
"SO_1283","사천진항","2027-11-18 12:27","-4","고조"
"SO_1283","사천진항","2027-11-17 03:49","30","저조"
"SO_1283","사천진항","2027-11-17 11:31","-5","고조"
"SO_1283","사천진항","2027-11-17 19:00","20","저조"
"SO_1283","사천진항","2027-11-17 22:44","16","고조"
"SO_1283","사천진항","2027-11-18 04:34","30","저조"
"SO_1283","사천진항","2027-11-18 12:27","-4","고조"
"SO_1283","사천진항","2027-11-18 20:03","19","저조"
"SO_1283","사천진항","2027-11-18 23:37","16","고조"
"SO_1283","사천진항","2027-11-19 05:27","29","저조"
"SO_1283","사천진항","2027-11-19 13:27","-3","고조"
"SO_1283","사천진항","2027-11-18 04:34","30","저조"
"SO_1283","사천진항","2027-11-18 12:27","-4","고조"
"SO_1283","사천진항","2027-11-18 20:03","19","저조"
"SO_1283","사천진항","2027-11-18 23:37","16","고조"
"SO_1283","사천진항","2027-11-19 05:27","29","저조"
"SO_1283","사천진항","2027-11-19 13:27","-3","고조"
"SO_1283","사천진항","2027-11-19 21:04","18","저조"
"SO_1283","사천진항","2027-11-20 00:54","15","고조"
"SO_1283","사천진항","2027-11-20 06:32","26","저조"
"SO_1283","사천진항","2027-11-20 14:29","-2","고조"
"SO_1283","사천진항","2027-11-19 05:27","29","저조"
"SO_1283","사천진항","2027-11-19 13:27","-3","고조"
"SO_1283","사천진항","2027-11-19 21:04","18","저조"
"SO_1283","사천진항","2027-11-20 00:54","15","고조"
"SO_1283","사천진항","2027-11-20 06:32","26","저조"
"SO_1283","사천진항","2027-11-20 14:29","-2","고조"
"SO_1283","사천진항","2027-11-20 22:05","17","저조"
"SO_1283","사천진항","2027-11-21 02:22","13","고조"
"SO_1283","사천진항","2027-11-21 07:45","22","저조"
"SO_1283","사천진항","2027-11-21 15:35","-1","고조"
"SO_1283","사천진항","2027-11-20 00:54","15","고조"
"SO_1283","사천진항","2027-11-20 06:32","26","저조"
"SO_1283","사천진항","2027-11-20 14:29","-2","고조"
"SO_1283","사천진항","2027-11-20 22:05","17","저조"
"SO_1283","사천진항","2027-11-21 02:22","13","고조"
"SO_1283","사천진항","2027-11-21 07:45","22","저조"
"SO_1283","사천진항","2027-11-21 15:35","-1","고조"
"SO_1283","사천진항","2027-11-21 22:52","16","저조"
"SO_1283","사천진항","2027-11-22 03:52","9","고조"
"SO_1283","사천진항","2027-11-22 09:04","18","저조"
"SO_1283","사천진항","2027-11-21 02:22","13","고조"
"SO_1283","사천진항","2027-11-21 07:45","22","저조"
"SO_1283","사천진항","2027-11-21 15:35","-1","고조"
"SO_1283","사천진항","2027-11-21 22:52","16","저조"
"SO_1283","사천진항","2027-11-22 03:52","9","고조"
"SO_1283","사천진항","2027-11-22 09:04","18","저조"
"SO_1283","사천진항","2027-11-22 16:43","","고조"
"SO_1283","사천진항","2027-11-23 00:00","15","저조"
"SO_1283","사천진항","2027-11-23 05:13","4","고조"
"SO_1283","사천진항","2027-11-23 10:45","15","저조"
"SO_1283","사천진항","2027-11-22 03:52","9","고조"
"SO_1283","사천진항","2027-11-22 09:04","18","저조"
"SO_1283","사천진항","2027-11-22 16:43","","고조"
"SO_1283","사천진항","2027-11-23 00:00","15","저조"
"SO_1283","사천진항","2027-11-23 05:13","4","고조"
"SO_1283","사천진항","2027-11-23 10:45","15","저조"
"SO_1283","사천진항","2027-11-23 17:42","1","고조"
"SO_1283","사천진항","2027-11-23 23:53","15","저조"
"SO_1283","사천진항","2027-11-24 06:14","-1","고조"
"SO_1283","사천진항","2027-11-24 12:22","14","저조"
"SO_1283","사천진항","2027-11-23 00:00","15","저조"
"SO_1283","사천진항","2027-11-23 05:13","4","고조"
"SO_1283","사천진항","2027-11-23 10:45","15","저조"
"SO_1283","사천진항","2027-11-23 17:42","1","고조"
"SO_1283","사천진항","2027-11-23 23:53","15","저조"
"SO_1283","사천진항","2027-11-24 06:14","-1","고조"
"SO_1283","사천진항","2027-11-24 12:22","14","저조"
"SO_1283","사천진항","2027-11-24 18:29","3","고조"
"SO_1283","사천진항","2027-11-25 00:21","17","저조"
"SO_1283","사천진항","2027-11-25 07:04","-4","고조"
"SO_1283","사천진항","2027-11-24 06:14","-1","고조"
"SO_1283","사천진항","2027-11-24 12:22","14","저조"
"SO_1283","사천진항","2027-11-24 18:29","3","고조"
"SO_1283","사천진항","2027-11-25 00:21","17","저조"
"SO_1283","사천진항","2027-11-25 07:04","-4","고조"
"SO_1283","사천진항","2027-11-25 13:31","14","저조"
"SO_1283","사천진항","2027-11-25 19:08","5","고조"
"SO_1283","사천진항","2027-11-26 00:51","19","저조"
"SO_1283","사천진항","2027-11-26 07:52","-7","고조"
"SO_1283","사천진항","2027-11-26 14:31","15","저조"
"SO_1283","사천진항","2027-11-25 00:21","17","저조"
"SO_1283","사천진항","2027-11-25 07:04","-4","고조"
"SO_1283","사천진항","2027-11-25 13:31","14","저조"
"SO_1283","사천진항","2027-11-25 19:08","5","고조"
"SO_1283","사천진항","2027-11-26 00:51","19","저조"
"SO_1283","사천진항","2027-11-26 07:52","-7","고조"
"SO_1283","사천진항","2027-11-26 14:31","15","저조"
"SO_1283","사천진항","2027-11-26 19:43","7","고조"
"SO_1283","사천진항","2027-11-27 01:23","21","저조"
"SO_1283","사천진항","2027-11-27 08:37","-8","고조"
"SO_1283","사천진항","2027-11-26 00:51","19","저조"
"SO_1283","사천진항","2027-11-26 07:52","-7","고조"
"SO_1283","사천진항","2027-11-26 14:31","15","저조"
"SO_1283","사천진항","2027-11-26 19:43","7","고조"
"SO_1283","사천진항","2027-11-27 01:23","21","저조"
"SO_1283","사천진항","2027-11-27 08:37","-8","고조"
"SO_1283","사천진항","2027-11-27 15:29","15","저조"
"SO_1283","사천진항","2027-11-27 20:15","10","고조"
"SO_1283","사천진항","2027-11-28 01:56","24","저조"
"SO_1283","사천진항","2027-11-28 09:24","-8","고조"
"SO_1283","사천진항","2027-11-27 01:23","21","저조"
"SO_1283","사천진항","2027-11-27 08:37","-8","고조"
"SO_1283","사천진항","2027-11-27 15:29","15","저조"
"SO_1283","사천진항","2027-11-27 20:15","10","고조"
"SO_1283","사천진항","2027-11-28 01:56","24","저조"
"SO_1283","사천진항","2027-11-28 09:24","-8","고조"
"SO_1283","사천진항","2027-11-28 16:26","16","저조"
"SO_1283","사천진항","2027-11-28 20:46","12","고조"
"SO_1283","사천진항","2027-11-29 02:32","26","저조"
"SO_1283","사천진항","2027-11-29 10:10","-7","고조"
"SO_1283","사천진항","2027-11-28 01:56","24","저조"
"SO_1283","사천진항","2027-11-28 09:24","-8","고조"
"SO_1283","사천진항","2027-11-28 16:26","16","저조"
"SO_1283","사천진항","2027-11-28 20:46","12","고조"
"SO_1283","사천진항","2027-11-29 02:32","26","저조"
"SO_1283","사천진항","2027-11-29 10:10","-7","고조"
"SO_1283","사천진항","2027-11-29 17:17","17","저조"
"SO_1283","사천진항","2027-11-29 21:15","13","고조"
"SO_1283","사천진항","2027-11-30 03:09","28","저조"
"SO_1283","사천진항","2027-11-30 10:57","-6","고조"
"SO_1283","사천진항","2027-11-29 02:32","26","저조"
"SO_1283","사천진항","2027-11-29 10:10","-7","고조"
"SO_1283","사천진항","2027-11-29 17:17","17","저조"
"SO_1283","사천진항","2027-11-29 21:15","13","고조"
"SO_1283","사천진항","2027-11-30 03:09","28","저조"
"SO_1283","사천진항","2027-11-30 10:57","-6","고조"
"SO_1283","사천진항","2027-11-30 18:02","17","저조"
"SO_1283","사천진항","2027-11-30 21:45","14","고조"
"SO_1283","사천진항","2027-12-01 03:46","28","저조"
"SO_1283","사천진항","2027-12-01 11:41","-4","고조"
"SO_1283","사천진항","2027-11-30 03:09","28","저조"
"SO_1283","사천진항","2027-11-30 10:57","-6","고조"
"SO_1283","사천진항","2027-11-30 18:02","17","저조"
"SO_1283","사천진항","2027-11-30 21:45","14","고조"
"SO_1283","사천진항","2027-12-01 03:46","28","저조"
"SO_1283","사천진항","2027-12-01 11:41","-4","고조"
"SO_1283","사천진항","2027-12-01 18:43","17","저조"
"SO_1283","사천진항","2027-12-01 22:16","14","고조"
"SO_1283","사천진항","2027-12-02 04:25","26","저조"
"SO_1283","사천진항","2027-12-02 12:24","-3","고조"
"SO_1283","사천진항","2027-12-01 03:46","28","저조"
"SO_1283","사천진항","2027-12-01 11:41","-4","고조"
"SO_1283","사천진항","2027-12-01 18:43","17","저조"
"SO_1283","사천진항","2027-12-01 22:16","14","고조"
"SO_1283","사천진항","2027-12-02 04:25","26","저조"
"SO_1283","사천진항","2027-12-02 12:24","-3","고조"
"SO_1283","사천진항","2027-12-02 19:25","16","저조"
"SO_1283","사천진항","2027-12-02 22:56","14","고조"
"SO_1283","사천진항","2027-12-03 05:05","24","저조"
"SO_1283","사천진항","2027-12-03 13:05","-2","고조"
"SO_1283","사천진항","2027-12-02 04:25","26","저조"
"SO_1283","사천진항","2027-12-02 12:24","-3","고조"
"SO_1283","사천진항","2027-12-02 19:25","16","저조"
"SO_1283","사천진항","2027-12-02 22:56","14","고조"
"SO_1283","사천진항","2027-12-03 05:05","24","저조"
"SO_1283","사천진항","2027-12-03 13:05","-2","고조"
"SO_1283","사천진항","2027-12-03 20:12","14","저조"
"SO_1283","사천진항","2027-12-03 23:54","13","고조"
"SO_1283","사천진항","2027-12-04 05:48","20","저조"
"SO_1283","사천진항","2027-12-04 13:44","-1","고조"
"SO_1283","사천진항","2027-12-03 05:05","24","저조"
"SO_1283","사천진항","2027-12-03 13:05","-2","고조"
"SO_1283","사천진항","2027-12-03 20:12","14","저조"
"SO_1283","사천진항","2027-12-03 23:54","13","고조"
"SO_1283","사천진항","2027-12-04 05:48","20","저조"
"SO_1283","사천진항","2027-12-04 13:44","-1","고조"
"SO_1283","사천진항","2027-12-04 21:07","13","저조"
"SO_1283","사천진항","2027-12-05 01:17","11","고조"
"SO_1283","사천진항","2027-12-05 06:36","17","저조"
"SO_1283","사천진항","2027-12-05 14:23","-1","고조"
"SO_1283","사천진항","2027-12-04 05:48","20","저조"
"SO_1283","사천진항","2027-12-04 13:44","-1","고조"
"SO_1283","사천진항","2027-12-04 21:07","13","저조"
"SO_1283","사천진항","2027-12-05 01:17","11","고조"
"SO_1283","사천진항","2027-12-05 06:36","17","저조"
"SO_1283","사천진항","2027-12-05 14:23","-1","고조"
"SO_1283","사천진항","2027-12-05 22:07","12","저조"
"SO_1283","사천진항","2027-12-06 02:53","9","고조"
"SO_1283","사천진항","2027-12-06 07:29","13","저조"
"SO_1283","사천진항","2027-12-06 15:05","","고조"
"SO_1283","사천진항","2027-12-05 01:17","11","고조"
"SO_1283","사천진항","2027-12-05 06:36","17","저조"
"SO_1283","사천진항","2027-12-05 14:23","-1","고조"
"SO_1283","사천진항","2027-12-05 22:07","12","저조"
"SO_1283","사천진항","2027-12-06 02:53","9","고조"
"SO_1283","사천진항","2027-12-06 07:29","13","저조"
"SO_1283","사천진항","2027-12-06 15:05","","고조"
"SO_1283","사천진항","2027-12-06 22:50","11","저조"
"SO_1283","사천진항","2027-12-07 04:37","6","고조"
"SO_1283","사천진항","2027-12-07 08:30","10","저조"
"SO_1283","사천진항","2027-12-06 02:53","9","고조"
"SO_1283","사천진항","2027-12-06 07:29","13","저조"
"SO_1283","사천진항","2027-12-06 15:05","","고조"
"SO_1283","사천진항","2027-12-06 22:50","11","저조"
"SO_1283","사천진항","2027-12-07 04:37","6","고조"
"SO_1283","사천진항","2027-12-07 08:30","10","저조"
"SO_1283","사천진항","2027-12-07 15:55","1","고조"
"SO_1283","사천진항","2027-12-07 23:16","12","저조"
"SO_1283","사천진항","2027-12-08 05:36","3","고조"
"SO_1283","사천진항","2027-12-08 10:21","8","저조"
"SO_1283","사천진항","2027-12-07 04:37","6","고조"
"SO_1283","사천진항","2027-12-07 08:30","10","저조"
"SO_1283","사천진항","2027-12-07 15:55","1","고조"
"SO_1283","사천진항","2027-12-07 23:16","12","저조"
"SO_1283","사천진항","2027-12-08 05:36","3","고조"
"SO_1283","사천진항","2027-12-08 10:21","8","저조"
"SO_1283","사천진항","2027-12-08 16:54","3","고조"
"SO_1283","사천진항","2027-12-08 23:32","13","저조"
"SO_1283","사천진항","2027-12-09 06:17","","고조"
"SO_1283","사천진항","2027-12-09 12:30","9","저조"
"SO_1283","사천진항","2027-12-08 05:36","3","고조"
"SO_1283","사천진항","2027-12-08 10:21","8","저조"
"SO_1283","사천진항","2027-12-08 16:54","3","고조"
"SO_1283","사천진항","2027-12-08 23:32","13","저조"
"SO_1283","사천진항","2027-12-09 06:17","","고조"
"SO_1283","사천진항","2027-12-09 12:30","9","저조"
"SO_1283","사천진항","2027-12-09 17:42","5","고조"
"SO_1283","사천진항","2027-12-09 23:50","15","저조"
"SO_1283","사천진항","2027-12-10 06:55","-2","고조"
"SO_1283","사천진항","2027-12-10 13:31","11","저조"
"SO_1283","사천진항","2027-12-09 06:17","","고조"
"SO_1283","사천진항","2027-12-09 12:30","9","저조"
"SO_1283","사천진항","2027-12-09 17:42","5","고조"
"SO_1283","사천진항","2027-12-09 23:50","15","저조"
"SO_1283","사천진항","2027-12-10 06:55","-2","고조"
"SO_1283","사천진항","2027-12-10 13:31","11","저조"
"SO_1283","사천진항","2027-12-10 18:22","7","고조"
"SO_1283","사천진항","2027-12-11 00:16","18","저조"
"SO_1283","사천진항","2027-12-11 07:33","-4","고조"
"SO_1283","사천진항","2027-12-11 14:26","13","저조"
"SO_1283","사천진항","2027-12-10 06:55","-2","고조"
"SO_1283","사천진항","2027-12-10 13:31","11","저조"
"SO_1283","사천진항","2027-12-10 18:22","7","고조"
"SO_1283","사천진항","2027-12-11 00:16","18","저조"
"SO_1283","사천진항","2027-12-11 07:33","-4","고조"
"SO_1283","사천진항","2027-12-11 14:26","13","저조"
"SO_1283","사천진항","2027-12-11 19:00","9","고조"
"SO_1283","사천진항","2027-12-12 00:49","22","저조"
"SO_1283","사천진항","2027-12-12 08:15","-6","고조"
"SO_1283","사천진항","2027-12-12 15:21","15","저조"
"SO_1283","사천진항","2027-12-11 00:16","18","저조"
"SO_1283","사천진항","2027-12-11 07:33","-4","고조"
"SO_1283","사천진항","2027-12-11 14:26","13","저조"
"SO_1283","사천진항","2027-12-11 19:00","9","고조"
"SO_1283","사천진항","2027-12-12 00:49","22","저조"
"SO_1283","사천진항","2027-12-12 08:15","-6","고조"
"SO_1283","사천진항","2027-12-12 15:21","15","저조"
"SO_1283","사천진항","2027-12-12 19:39","12","고조"
"SO_1283","사천진항","2027-12-13 01:28","26","저조"
"SO_1283","사천진항","2027-12-13 09:00","-7","고조"
"SO_1283","사천진항","2027-12-12 00:49","22","저조"
"SO_1283","사천진항","2027-12-12 08:15","-6","고조"
"SO_1283","사천진항","2027-12-12 15:21","15","저조"
"SO_1283","사천진항","2027-12-12 19:39","12","고조"
"SO_1283","사천진항","2027-12-13 01:28","26","저조"
"SO_1283","사천진항","2027-12-13 09:00","-7","고조"
"SO_1283","사천진항","2027-12-13 16:14","17","저조"
"SO_1283","사천진항","2027-12-13 20:19","13","고조"
"SO_1283","사천진항","2027-12-14 02:10","29","저조"
"SO_1283","사천진항","2027-12-14 09:48","-8","고조"
"SO_1283","사천진항","2027-12-13 01:28","26","저조"
"SO_1283","사천진항","2027-12-13 09:00","-7","고조"
"SO_1283","사천진항","2027-12-13 16:14","17","저조"
"SO_1283","사천진항","2027-12-13 20:19","13","고조"
"SO_1283","사천진항","2027-12-14 02:10","29","저조"
"SO_1283","사천진항","2027-12-14 09:48","-8","고조"
"SO_1283","사천진항","2027-12-14 17:03","18","저조"
"SO_1283","사천진항","2027-12-14 21:03","14","고조"
"SO_1283","사천진항","2027-12-15 02:55","31","저조"
"SO_1283","사천진항","2027-12-15 10:39","-8","고조"
"SO_1283","사천진항","2027-12-14 02:10","29","저조"
"SO_1283","사천진항","2027-12-14 09:48","-8","고조"
"SO_1283","사천진항","2027-12-14 17:03","18","저조"
"SO_1283","사천진항","2027-12-14 21:03","14","고조"
"SO_1283","사천진항","2027-12-15 02:55","31","저조"
"SO_1283","사천진항","2027-12-15 10:39","-8","고조"
"SO_1283","사천진항","2027-12-15 17:46","19","저조"
"SO_1283","사천진항","2027-12-15 21:51","14","고조"
"SO_1283","사천진항","2027-12-16 03:43","31","저조"
"SO_1283","사천진항","2027-12-16 11:29","-8","고조"
"SO_1283","사천진항","2027-12-15 02:55","31","저조"
"SO_1283","사천진항","2027-12-15 10:39","-8","고조"
"SO_1283","사천진항","2027-12-15 17:46","19","저조"
"SO_1283","사천진항","2027-12-15 21:51","14","고조"
"SO_1283","사천진항","2027-12-16 03:43","31","저조"
"SO_1283","사천진항","2027-12-16 11:29","-8","고조"
"SO_1283","사천진항","2027-12-16 18:28","18","저조"
"SO_1283","사천진항","2027-12-16 22:46","13","고조"
"SO_1283","사천진항","2027-12-17 04:34","30","저조"
"SO_1283","사천진항","2027-12-17 12:17","-8","고조"
"SO_1283","사천진항","2027-12-16 03:43","31","저조"
"SO_1283","사천진항","2027-12-16 11:29","-8","고조"
"SO_1283","사천진항","2027-12-16 18:28","18","저조"
"SO_1283","사천진항","2027-12-16 22:46","13","고조"
"SO_1283","사천진항","2027-12-17 04:34","30","저조"
"SO_1283","사천진항","2027-12-17 12:17","-8","고조"
"SO_1283","사천진항","2027-12-17 19:08","17","저조"
"SO_1283","사천진항","2027-12-17 23:48","12","고조"
"SO_1283","사천진항","2027-12-18 05:29","27","저조"
"SO_1283","사천진항","2027-12-18 13:05","-6","고조"
"SO_1283","사천진항","2027-12-17 04:34","30","저조"
"SO_1283","사천진항","2027-12-17 12:17","-8","고조"
"SO_1283","사천진항","2027-12-17 19:08","17","저조"
"SO_1283","사천진항","2027-12-17 23:48","12","고조"
"SO_1283","사천진항","2027-12-18 05:29","27","저조"
"SO_1283","사천진항","2027-12-18 13:05","-6","고조"
"SO_1283","사천진항","2027-12-18 19:50","16","저조"
"SO_1283","사천진항","2027-12-19 00:53","10","고조"
"SO_1283","사천진항","2027-12-19 06:27","24","저조"
"SO_1283","사천진항","2027-12-19 13:52","-4","고조"
"SO_1283","사천진항","2027-12-18 05:29","27","저조"
"SO_1283","사천진항","2027-12-18 13:05","-6","고조"
"SO_1283","사천진항","2027-12-18 19:50","16","저조"
"SO_1283","사천진항","2027-12-19 00:53","10","고조"
"SO_1283","사천진항","2027-12-19 06:27","24","저조"
"SO_1283","사천진항","2027-12-19 13:52","-4","고조"
"SO_1283","사천진항","2027-12-19 20:34","15","저조"
"SO_1283","사천진항","2027-12-20 02:03","7","고조"
"SO_1283","사천진항","2027-12-20 07:30","19","저조"
"SO_1283","사천진항","2027-12-20 14:43","-1","고조"
"SO_1283","사천진항","2027-12-19 00:53","10","고조"
"SO_1283","사천진항","2027-12-19 06:27","24","저조"
"SO_1283","사천진항","2027-12-19 13:52","-4","고조"
"SO_1283","사천진항","2027-12-19 20:34","15","저조"
"SO_1283","사천진항","2027-12-20 02:03","7","고조"
"SO_1283","사천진항","2027-12-20 07:30","19","저조"
"SO_1283","사천진항","2027-12-20 14:43","-1","고조"
"SO_1283","사천진항","2027-12-20 21:22","15","저조"
"SO_1283","사천진항","2027-12-21 03:30","5","고조"
"SO_1283","사천진항","2027-12-21 08:46","15","저조"
"SO_1283","사천진항","2027-12-20 02:03","7","고조"
"SO_1283","사천진항","2027-12-20 07:30","19","저조"
"SO_1283","사천진항","2027-12-20 14:43","-1","고조"
"SO_1283","사천진항","2027-12-20 21:22","15","저조"
"SO_1283","사천진항","2027-12-21 03:30","5","고조"
"SO_1283","사천진항","2027-12-21 08:46","15","저조"
"SO_1283","사천진항","2027-12-21 15:42","3","고조"
"SO_1283","사천진항","2027-12-21 22:11","16","저조"
"SO_1283","사천진항","2027-12-22 04:56","1","고조"
"SO_1283","사천진항","2027-12-22 11:07","12","저조"
"SO_1283","사천진항","2027-12-21 03:30","5","고조"
"SO_1283","사천진항","2027-12-21 08:46","15","저조"
"SO_1283","사천진항","2027-12-21 15:42","3","고조"
"SO_1283","사천진항","2027-12-21 22:11","16","저조"
"SO_1283","사천진항","2027-12-22 04:56","1","고조"
"SO_1283","사천진항","2027-12-22 11:07","12","저조"
"SO_1283","사천진항","2027-12-22 16:49","6","고조"
"SO_1283","사천진항","2027-12-22 22:56","17","저조"
"SO_1283","사천진항","2027-12-23 06:02","-2","고조"
"SO_1283","사천진항","2027-12-23 12:50","13","저조"
"SO_1283","사천진항","2027-12-22 04:56","1","고조"
"SO_1283","사천진항","2027-12-22 11:07","12","저조"
"SO_1283","사천진항","2027-12-22 16:49","6","고조"
"SO_1283","사천진항","2027-12-22 22:56","17","저조"
"SO_1283","사천진항","2027-12-23 06:02","-2","고조"
"SO_1283","사천진항","2027-12-23 12:50","13","저조"
"SO_1283","사천진항","2027-12-23 17:45","9","고조"
"SO_1283","사천진항","2027-12-23 23:37","19","저조"
"SO_1283","사천진항","2027-12-24 06:56","-4","고조"
"SO_1283","사천진항","2027-12-24 14:25","14","저조"
"SO_1283","사천진항","2027-12-23 06:02","-2","고조"
"SO_1283","사천진항","2027-12-23 12:50","13","저조"
"SO_1283","사천진항","2027-12-23 17:45","9","고조"
"SO_1283","사천진항","2027-12-23 23:37","19","저조"
"SO_1283","사천진항","2027-12-24 06:56","-4","고조"
"SO_1283","사천진항","2027-12-24 14:25","14","저조"
"SO_1283","사천진항","2027-12-24 18:30","12","고조"
"SO_1283","사천진항","2027-12-25 00:17","22","저조"
"SO_1283","사천진항","2027-12-25 07:47","-5","고조"
"SO_1283","사천진항","2027-12-25 15:47","15","저조"
"SO_1283","사천진항","2027-12-24 06:56","-4","고조"
"SO_1283","사천진항","2027-12-24 14:25","14","저조"
"SO_1283","사천진항","2027-12-24 18:30","12","고조"
"SO_1283","사천진항","2027-12-25 00:17","22","저조"
"SO_1283","사천진항","2027-12-25 07:47","-5","고조"
"SO_1283","사천진항","2027-12-25 15:47","15","저조"
"SO_1283","사천진항","2027-12-25 19:08","13","고조"
"SO_1283","사천진항","2027-12-26 00:57","24","저조"
"SO_1283","사천진항","2027-12-26 08:36","-5","고조"
"SO_1283","사천진항","2027-12-26 16:21","17","저조"
"SO_1283","사천진항","2027-12-25 00:17","22","저조"
"SO_1283","사천진항","2027-12-25 07:47","-5","고조"
"SO_1283","사천진항","2027-12-25 15:47","15","저조"
"SO_1283","사천진항","2027-12-25 19:08","13","고조"
"SO_1283","사천진항","2027-12-26 00:57","24","저조"
"SO_1283","사천진항","2027-12-26 08:36","-5","고조"
"SO_1283","사천진항","2027-12-26 16:21","17","저조"
"SO_1283","사천진항","2027-12-26 19:44","14","고조"
"SO_1283","사천진항","2027-12-27 01:37","26","저조"
"SO_1283","사천진항","2027-12-27 09:24","-5","고조"
"SO_1283","사천진항","2027-12-26 00:57","24","저조"
"SO_1283","사천진항","2027-12-26 08:36","-5","고조"
"SO_1283","사천진항","2027-12-26 16:21","17","저조"
"SO_1283","사천진항","2027-12-26 19:44","14","고조"
"SO_1283","사천진항","2027-12-27 01:37","26","저조"
"SO_1283","사천진항","2027-12-27 09:24","-5","고조"
"SO_1283","사천진항","2027-12-27 16:43","17","저조"
"SO_1283","사천진항","2027-12-27 20:18","14","고조"
"SO_1283","사천진항","2027-12-28 02:17","28","저조"
"SO_1283","사천진항","2027-12-28 10:07","-5","고조"
"SO_1283","사천진항","2027-12-27 01:37","26","저조"
"SO_1283","사천진항","2027-12-27 09:24","-5","고조"
"SO_1283","사천진항","2027-12-27 16:43","17","저조"
"SO_1283","사천진항","2027-12-27 20:18","14","고조"
"SO_1283","사천진항","2027-12-28 02:17","28","저조"
"SO_1283","사천진항","2027-12-28 10:07","-5","고조"
"SO_1283","사천진항","2027-12-28 17:04","17","저조"
"SO_1283","사천진항","2027-12-28 20:54","14","고조"
"SO_1283","사천진항","2027-12-29 02:57","28","저조"
"SO_1283","사천진항","2027-12-29 10:46","-5","고조"
"SO_1283","사천진항","2027-12-28 02:17","28","저조"
"SO_1283","사천진항","2027-12-28 10:07","-5","고조"
"SO_1283","사천진항","2027-12-28 17:04","17","저조"
"SO_1283","사천진항","2027-12-28 20:54","14","고조"
"SO_1283","사천진항","2027-12-29 02:57","28","저조"
"SO_1283","사천진항","2027-12-29 10:46","-5","고조"
"SO_1283","사천진항","2027-12-29 17:28","17","저조"
"SO_1283","사천진항","2027-12-29 21:33","13","고조"
"SO_1283","사천진항","2027-12-30 03:37","27","저조"
"SO_1283","사천진항","2027-12-30 11:21","-5","고조"
"SO_1283","사천진항","2027-12-29 02:57","28","저조"
"SO_1283","사천진항","2027-12-29 10:46","-5","고조"
"SO_1283","사천진항","2027-12-29 17:28","17","저조"
"SO_1283","사천진항","2027-12-29 21:33","13","고조"
"SO_1283","사천진항","2027-12-30 03:37","27","저조"
"SO_1283","사천진항","2027-12-30 11:21","-5","고조"
"SO_1283","사천진항","2027-12-30 17:54","16","저조"
"SO_1283","사천진항","2027-12-30 22:17","11","고조"
"SO_1283","사천진항","2027-12-31 04:15","25","저조"
"SO_1283","사천진항","2027-12-31 11:52","-5","고조"
"SO_1283","사천진항","2027-12-30 03:37","27","저조"
"SO_1283","사천진항","2027-12-30 11:21","-5","고조"
"SO_1283","사천진항","2027-12-30 17:54","16","저조"
"SO_1283","사천진항","2027-12-30 22:17","11","고조"
"SO_1283","사천진항","2027-12-31 04:15","25","저조"
"SO_1283","사천진항","2027-12-31 11:52","-5","고조"
"SO_1283","사천진항","2027-12-31 18:21","15","저조"
"SO_1283","사천진항","2027-12-31 23:02","10","고조"
"SO_1283","사천진항","2027-12-31 23:03","10","고조"
"SO_1283","사천진항","2028-01-01 04:52","22","저조"