{"type": "FeatureCollection", "_about": {"what": "해경 파출소 관할구역 정보 D159-1 v1.0 (2022-12-01, 사용자 제공 SHP 를 GeoJSON 으로 변환, WGS84) — 참고용. 이후 신설·소속변경 미반영(강릉서 신설·여호파출소 등)"}, "features": [{"type": "Feature", "properties": {"ID": "5", "GRP1_CD": "40", "GRP1_NM": "동해청", "GRP2_CD": "4040", "GRP2_NM": "속초서", "POL_NM": "속초파출소"}, "geometry": {"type": "Polygon", "coordinates": [[[128.625, 38.3125], [128.7, 38.180556], [128.613889, 38.180556], [128.598466, 38.207708], [128.601, 38.21], [128.6002, 38.2128], [128.5978, 38.2149], [128.592, 38.2225], [128.591987, 38.222514], [128.592057, 38.222528], [128.58684, 38.228169], [128.550821, 38.291525], [128.5514, 38.2926], [128.549399, 38.2947], [128.550198, 38.2962], [128.546799, 38.3041], [128.5456, 38.3062], [128.5452, 38.3081], [128.540172, 38.3125], [128.625, 38.3125]]]}}, {"type": "Feature", "properties": {"ID": "79", "GRP1_CD": "20", "GRP1_NM": "서해청", "GRP2_CD": "2030", "GRP2_NM": "목포서", "POL_NM": "흑산파출소"}, "geometry": {"type": "MultiPolygon", "coordinates": [[[[125.580556, 34.716667], [125.577778, 34.65], [125.416667, 34.544444], [125.258333, 34.65], [125.191111, 34.620833], [125.131944, 34.679167], [125.2, 34.763889], [125.283333, 34.708333], [125.447222, 34.816667], [125.580556, 34.716667]], [[125.455937, 34.648563], [125.455442, 34.647783], [125.455827, 34.646724], [125.457647, 34.646268], [125.45915, 34.646354], [125.459935, 34.6461], [125.459031, 34.645577], [125.456716, 34.64528], [125.455688, 34.644575], [125.455351, 34.643667], [125.455424, 34.642425], [125.45665, 34.641837], [125.459599, 34.641232], [125.460508, 34.641159], [125.460982, 34.640567], [125.460802, 34.639582], [125.461092, 34.6386], [125.462191, 34.638218], [125.464482, 34.637661], [125.465424, 34.637356], [125.466361, 34.637723], [125.467137, 34.638478], [125.466787, 34.639253], [125.466126, 34.639663], [125.466025, 34.640517], [125.466867, 34.64091], [125.468212, 34.64115], [125.47081, 34.641294], [125.471962, 34.642206], [125.472171, 34.643475], [125.472219, 34.645262], [125.473626, 34.645632], [125.474687, 34.646103], [125.476837, 34.647539], [125.477955, 34.64871], [125.478667, 34.649801], [125.478343, 34.651171], [125.478301, 34.652568], [125.478861, 34.652934], [125.47948, 34.653947], [125.479564, 34.655189], [125.480155, 34.65571], [125.480077, 34.657651], [125.479572, 34.658192], [125.478663, 34.658213], [125.478486, 34.65684], [125.477717, 34.655076], [125.476969, 34.65458], [125.475372, 34.654546], [125.47424, 34.655057], [125.473451, 34.655829], [125.473979, 34.65635], [125.473129, 34.656915], [125.471409, 34.656543], [125.470223, 34.655941], [125.469066, 34.655728], [125.464956, 34.65656], [125.463643, 34.656216], [125.463275, 34.655256], [125.463557, 34.65518], [125.46357, 34.653653], [125.463133, 34.653366], [125.463327, 34.652616], [125.464238, 34.65231], [125.463584, 34.651918], [125.462075, 34.652557], [125.460886, 34.652395], [125.460139, 34.651744], [125.459518, 34.651068], [125.459212, 34.650263], [125.459314, 34.649229], [125.457405, 34.649063], [125.455937, 34.648563]], [[125.417716, 34.69926], [125.412927, 34.698506], [125.411124, 34.696864], [125.407311, 34.695546], [125.40708, 34.693396], [125.408934, 34.69289], [125.406411, 34.691088], [125.405832, 34.689246], [125.407759, 34.687601], [125.40784, 34.685531], [125.405665, 34.683421], [125.404483, 34.678935], [125.400386, 34.678055], [125.398046, 34.676954], [125.395927, 34.672229], [125.395088, 34.668082], [125.397098, 34.664056], [125.395515, 34.662467], [125.38979, 34.661577], [125.386995, 34.658945], [125.386415, 34.653945], [125.389352, 34.65135], [125.394789, 34.649313], [125.396722, 34.650334], [125.398098, 34.647185], [125.395026, 34.647451], [125.388121, 34.645518], [125.386255, 34.644134], [125.38463, 34.643761], [125.384574, 34.643036], [125.386027, 34.641674], [125.386636, 34.64015], [125.38871, 34.636048], [125.388705, 34.633226], [125.393009, 34.628232], [125.397882, 34.626166], [125.402984, 34.622833], [125.409595, 34.622356], [125.41379, 34.622433], [125.415354, 34.626118], [125.415291, 34.629637], [125.413603, 34.63294], [125.414774, 34.638538], [125.416143, 34.639582], [125.420496, 34.639634], [125.421723, 34.642592], [125.424005, 34.643098], [125.430295, 34.643652], [125.430926, 34.646788], [125.427929, 34.652931], [125.428119, 34.656271], [125.427534, 34.658701], [125.435439, 34.657479], [125.439338, 34.659469], [125.444949, 34.662789], [125.446513, 34.666758], [125.44673, 34.67085], [125.448244, 34.673318], [125.447921, 34.678234], [125.448059, 34.680513], [125.451376, 34.681153], [125.453852, 34.684791], [125.457706, 34.681137], [125.461089, 34.681311], [125.465773, 34.687291], [125.465473, 34.693373], [125.463201, 34.695199], [125.458128, 34.694627], [125.456806, 34.695344], [125.455668, 34.696425], [125.454724, 34.696886], [125.452194, 34.695862], [125.451264, 34.694614], [125.452411, 34.692368], [125.452265, 34.691047], [125.450979, 34.691144], [125.450179, 34.693184], [125.448582, 34.692942], [125.447385, 34.693634], [125.446342, 34.69469], [125.445143, 34.695641], [125.443664, 34.696331], [125.443152, 34.697597], [125.442145, 34.698057], [125.442636, 34.699277], [125.442283, 34.700336], [125.44262, 34.701218], [125.442422, 34.702356], [125.441822, 34.702896], [125.440066, 34.70299], [125.439109, 34.701172], [125.436677, 34.699734], [125.434729, 34.700266], [125.433037, 34.700101], [125.431953, 34.698619], [125.432087, 34.697662], [125.431277, 34.697036], [125.430487, 34.69773], [125.428914, 34.698446], [125.427187, 34.698824], [125.425399, 34.698917], [125.425407, 34.697959], [125.425095, 34.69788], [125.422619, 34.697839], [125.421079, 34.698244], [125.419944, 34.699066], [125.417716, 34.69926]], [[125.360991, 34.67537], [125.360246, 34.674666], [125.362361, 34.669788], [125.364727, 34.668146], [125.367363, 34.667646], [125.368669, 34.66548], [125.370765, 34.665778], [125.371939, 34.667546], [125.372685, 34.668147], [125.373422, 34.66973], [125.374784, 34.671525], [125.376838, 34.672962], [125.377672, 34.674236], [125.378917, 34.675124], [125.379845, 34.676425], [125.379697, 34.678805], [125.380813, 34.680159], [125.382503, 34.680402], [125.384282, 34.681087], [125.38641, 34.681488], [125.386833, 34.6832], [125.387448, 34.684446], [125.388509, 34.684867], [125.388659, 34.685671], [125.389534, 34.685935], [125.38958, 34.68767], [125.392287, 34.689835], [125.393877, 34.690777], [125.394944, 34.690629], [125.396657, 34.69183], [125.397246, 34.692507], [125.396769, 34.693255], [125.395548, 34.69317], [125.393921, 34.692771], [125.393653, 34.694659], [125.393802, 34.695514], [125.394765, 34.696504], [125.396436, 34.698896], [125.395265, 34.700028], [125.394294, 34.69997], [125.393702, 34.699552], [125.392907, 34.697425], [125.390872, 34.697127], [125.387853, 34.698247], [125.386503, 34.69842], [125.385849, 34.69795], [125.387178, 34.696612], [125.38788, 34.69527], [125.389305, 34.6937], [125.39098, 34.692183], [125.389605, 34.691786], [125.386521, 34.689799], [125.385531, 34.688369], [125.385287, 34.687591], [125.383665, 34.68683], [125.382704, 34.685659], [125.380701, 34.685413], [125.379899, 34.684036], [125.379885, 34.682146], [125.379639, 34.681652], [125.376824, 34.681091], [125.373434, 34.681638], [125.371652, 34.681239], [125.368708, 34.681038], [125.36559, 34.679361], [125.36438, 34.678188], [125.361576, 34.676461], [125.360991, 34.67537]], [[125.18624, 34.718175], [125.189625, 34.713181], [125.198465, 34.703028], [125.198599, 34.702304], [125.198139, 34.701446], [125.197203, 34.70105], [125.197181, 34.700325], [125.196558, 34.699957], [125.195752, 34.6992], [125.194829, 34.697846], [125.195256, 34.696166], [125.195925, 34.695344], [125.194134, 34.695665], [125.1938, 34.694782], [125.193881, 34.693281], [125.192026, 34.693784], [125.191706, 34.69171], [125.192165, 34.687546], [125.192021, 34.686431], [125.190292, 34.686935], [125.188652, 34.685212], [125.188532, 34.684719], [125.185937, 34.686769], [125.184381, 34.688464], [125.182658, 34.688346], [125.183175, 34.684571], [125.182335, 34.684072], [125.180871, 34.683335], [125.178367, 34.683106], [125.177369, 34.680198], [125.178325, 34.676349], [125.176621, 34.674807], [125.173231, 34.675296], [125.172658, 34.673505], [125.176153, 34.672111], [125.178062, 34.669849], [125.179179, 34.665613], [125.181105, 34.664491], [125.184662, 34.665634], [125.188566, 34.664061], [125.189084, 34.665257], [125.188917, 34.668698], [125.190282, 34.672386], [125.193, 34.670467], [125.195726, 34.670463], [125.197734, 34.672836], [125.19849, 34.675043], [125.196227, 34.675619], [125.195245, 34.676491], [125.193832, 34.679301], [125.194778, 34.681432], [125.195425, 34.682317], [125.198307, 34.682445], [125.199337, 34.682738], [125.199764, 34.681163], [125.200803, 34.680731], [125.200939, 34.679878], [125.202354, 34.679424], [125.202628, 34.680099], [125.203252, 34.680337], [125.203366, 34.68127], [125.204271, 34.681588], [125.205997, 34.684061], [125.207328, 34.685393], [125.208066, 34.686564], [125.20867, 34.688484], [125.213257, 34.69546], [125.214698, 34.700831], [125.215462, 34.705134], [125.214386, 34.70598], [125.212434, 34.706663], [125.211464, 34.709167], [125.212018, 34.712666], [125.213082, 34.715419], [125.204586, 34.720554], [125.201702, 34.725709], [125.199374, 34.726285], [125.195335, 34.72317], [125.187868, 34.720985], [125.18624, 34.718175]], [[125.470977, 34.73405], [125.469465, 34.734896], [125.470462, 34.735704], [125.469264, 34.736475], [125.468325, 34.736185], [125.464831, 34.737745], [125.464285, 34.739347], [125.46259, 34.739597], [125.460688, 34.738214], [125.459768, 34.739477], [125.460228, 34.740697], [125.45896, 34.742321], [125.457607, 34.742805], [125.456105, 34.742486], [125.455628, 34.743234], [125.454344, 34.742968], [125.453571, 34.741566], [125.453671, 34.740919], [125.454399, 34.740146], [125.454217, 34.739343], [125.454192, 34.738644], [125.454794, 34.737844], [125.455236, 34.73751], [125.456115, 34.73736], [125.45637, 34.736869], [125.457094, 34.736563], [125.45754, 34.735762], [125.45892, 34.73577], [125.459145, 34.735021], [125.461253, 34.73423], [125.461227, 34.733634], [125.461577, 34.732989], [125.463376, 34.731549], [125.463347, 34.731316], [125.462657, 34.731338], [125.462339, 34.73188], [125.461331, 34.732366], [125.459259, 34.732639], [125.457693, 34.732423], [125.457288, 34.732033], [125.45745, 34.731386], [125.457953, 34.73126], [125.458273, 34.730485], [125.457808, 34.729835], [125.457276, 34.729677], [125.456333, 34.729956], [125.455828, 34.730393], [125.454979, 34.730673], [125.454127, 34.731316], [125.453563, 34.731261], [125.452449, 34.729416], [125.452485, 34.728795], [125.452961, 34.728151], [125.453074, 34.725925], [125.453672, 34.725617], [125.453614, 34.725047], [125.452795, 34.725483], [125.451574, 34.725217], [125.4511, 34.725706], [125.451217, 34.726717], [125.451056, 34.72726], [125.451172, 34.728296], [125.450606, 34.728552], [125.450107, 34.728238], [125.448519, 34.726883], [125.448773, 34.726418], [125.449717, 34.726035], [125.449753, 34.725543], [125.448972, 34.725125], [125.44904, 34.724556], [125.450772, 34.723607], [125.451981, 34.721595], [125.452548, 34.72121], [125.453429, 34.720904], [125.453497, 34.720205], [125.45397, 34.719846], [125.453757, 34.719094], [125.454605, 34.718995], [125.455852, 34.719856], [125.456728, 34.720094], [125.457257, 34.720563], [125.457946, 34.720696], [125.459871, 34.719154], [125.460226, 34.717861], [125.459824, 34.717238], [125.458514, 34.716376], [125.457923, 34.715829], [125.458276, 34.714873], [125.459879, 34.714364], [125.46107, 34.714345], [125.461412, 34.714735], [125.462041, 34.714531], [125.462081, 34.71347], [125.46212, 34.712538], [125.462282, 34.711814], [125.462947, 34.711067], [125.463731, 34.710968], [125.463946, 34.711513], [125.463085, 34.713372], [125.463862, 34.714153], [125.4648, 34.714521], [125.46536, 34.715068], [125.466331, 34.715228], [125.466876, 34.717561], [125.466559, 34.718052], [125.46633, 34.719215], [125.465388, 34.719391], [125.465224, 34.720193], [125.465626, 34.720894], [125.465557, 34.721697], [125.466242, 34.722322], [125.465855, 34.723666], [125.464912, 34.723894], [125.463764, 34.722412], [125.462978, 34.722692], [125.462385, 34.722352], [125.461597, 34.72284], [125.460924, 34.724596], [125.462013, 34.72569], [125.462506, 34.726702], [125.465073, 34.727312], [125.465478, 34.727625], [125.465898, 34.726126], [125.466937, 34.72551], [125.471097, 34.726957], [125.470995, 34.72794], [125.472814, 34.727846], [125.474568, 34.728141], [125.475706, 34.727034], [125.477655, 34.726449], [125.479791, 34.725994], [125.480442, 34.726878], [125.480123, 34.727549], [125.478083, 34.727849], [125.477319, 34.729217], [125.478051, 34.731862], [125.479645, 34.73257], [125.47976, 34.733917], [125.478749, 34.734817], [125.475056, 34.733839], [125.470977, 34.73405]]], [[[125.125, 34.002778], [125.05, 34.047222], [125.077778, 34.133333], [125.165278, 34.108333], [125.191667, 34.044444], [125.125, 34.002778]]]]}}, {"type": "Feature", "properties": {"ID": "81", "GRP1_CD": "20", "GRP1_NM": "서해청", "GRP2_CD": "2010", "GRP2_NM": "군산서", "POL_NM": "비응파출소"}, "geometry": {"type": "MultiPolygon", "coordinates": [[[[126.05, 36.1], [126.05, 36.05], [125.916667, 36.05], [125.916667, 36.15], [126.016667, 36.15], [126.016667, 36.1], [126.05, 36.1]]], [[[126.525554, 35.971872], [126.525841, 35.970473], [126.521718, 35.970129], [126.52304, 35.943728], [126.530706, 35.943687], [126.525007, 35.934158], [126.532541, 35.932775], [126.525, 35.917778], [126.35, 35.917778], [126.4, 36.0], [126.4, 36.1], [126.45, 36.1], [126.508333, 36.070833], [126.508333, 35.979167], [126.525554, 35.971872]]]]}}, {"type": "Feature", "properties": {"ID": "83", "GRP1_CD": "10", "GRP1_NM": "중부청", "GRP2_CD": "1040", "GRP2_NM": "보령서", "POL_NM": "대천파출소"}, "geometry": {"type": "MultiPolygon", "coordinates": [[[[126.497588, 36.383058], [126.502, 36.3803], [126.5032, 36.378], [126.5234, 36.3669], [126.5338, 36.3604], [126.5402, 36.3563], [126.545, 36.3529], [126.546, 36.3521], [126.554609, 36.347181], [126.554346, 36.345754], [126.5248, 36.3306], [126.5214, 36.3301], [126.5168, 36.3263], [126.5116, 36.3245], [126.5076, 36.3244], [126.5024, 36.3263], [126.51, 36.3086], [126.5146, 36.3007], [126.540694, 36.271569], [126.537398, 36.253651], [126.5368, 36.2523], [126.5368, 36.250397], [126.536245, 36.247377], [126.5294, 36.2323], [126.532036, 36.224484], [126.524167, 36.181667], [126.45, 36.181667], [126.241667, 36.25], [126.261047, 36.400006], [126.3, 36.4], [126.333333, 36.416667], [126.386667, 36.391667], [126.429167, 36.391667], [126.479444, 36.385], [126.497588, 36.383058]]], [[[126.116667, 36.266667], [126.118056, 36.183333], [125.95, 36.183333], [125.95, 36.266667], [126.116667, 36.266667]]]]}}, {"type": "Feature", "properties": {"ID": "27", "GRP1_CD": "30", "GRP1_NM": "남해청", "GRP2_CD": "3030", "GRP2_NM": "부산서", "POL_NM": "감천파출소"}, "geometry": {"type": "Polygon", "coordinates": [[[129.016667, 35.053333], [129.048333, 35.0], [129.021667, 34.98], [128.995738, 35.048379], [128.997199, 35.0483], [129.0112, 35.0585], [129.012626, 35.059576], [129.016667, 35.053333]]]}}, {"type": "Feature", "properties": {"ID": "93", "GRP1_CD": "20", "GRP1_NM": "서해청", "GRP2_CD": "2030", "GRP2_NM": "목포서", "POL_NM": "암태파출소"}, "geometry": {"type": "Polygon", "coordinates": [[[126.187019, 34.669479], [126.063686, 34.702812], [125.974241, 34.614757], [125.774241, 34.528647], [125.732575, 34.942532], [125.732575, 35.000864], [126.042297, 35.000864], [126.099241, 34.942532], [126.111741, 34.931698], [126.203408, 34.859199], [126.187019, 34.669479], [126.187019, 34.669479]], [[125.9208, 34.6768], [125.9314, 34.6765], [125.9542, 34.6701], [125.9986, 34.6867], [126.004, 34.6889], [126.0006, 34.7045], [125.9176, 34.6964], [125.9208, 34.6768]], [[125.951, 34.7821], [125.9026, 34.7807], [125.9, 34.7803], [125.9432, 34.7244], [125.968, 34.7606], [125.9748, 34.7542], [125.9984, 34.762], [126.001, 34.7669], [125.9896, 34.7727], [125.9888, 34.7746], [125.9922, 34.7784], [125.9732, 34.8006], [125.9662, 34.7907], [125.9512, 34.7883], [125.951, 34.7821]], [[126.0752, 34.832], [126.079, 34.8206], [126.0958, 34.8083], [126.1206, 34.8008], [126.1238, 34.8122], [126.1498, 34.8485], [126.1354, 34.8585], [126.1386, 34.8628], [126.1576, 34.8646], [126.1476, 34.88], [126.141, 34.876], [126.1248, 34.8824], [126.1136, 34.8721], [126.1116, 34.8687], [126.1122, 34.8643], [126.1168, 34.8523], [126.1076, 34.8502], [126.0622, 34.8502], [126.0612, 34.8442], [126.0752, 34.832]], [[126.0078, 34.8608], [126.0206, 34.8688], [126.0302, 34.8828], [126.0574, 34.8549], [126.0692, 34.8585], [126.073, 34.8641], [126.0878, 34.8668], [126.0832, 34.8926], [126.0996, 34.9082], [126.089, 34.9149], [126.0712, 34.9328], [126.0618, 34.9362], [126.0616, 34.9284], [126.0382, 34.9207], [126.034, 34.9109], [126.0146, 34.9045], [125.9806, 34.87], [125.9912, 34.864], [126.0078, 34.8608]], [[126.1636, 34.7507], [126.1536, 34.7442], [126.156, 34.702], [126.1636, 34.7507]], [[126.1126, 34.7326], [126.1068, 34.7309], [126.1012, 34.7221], [126.1452, 34.7504], [126.1434, 34.7541], [126.1352, 34.7582], [126.1242, 34.7686], [126.103, 34.768], [126.091, 34.7722], [126.1154, 34.7401], [126.1126, 34.7326]], [[126.0878, 34.7867], [126.0978, 34.7846], [126.126, 34.7821], [126.165, 34.7681], [126.1612, 34.7865], [126.1556, 34.8009], [126.12, 34.7907], [126.0878, 34.7867]]]}}, {"type": "Feature", "properties": {"ID": "30", "GRP1_CD": "30", "GRP1_NM": "남해청", "GRP2_CD": "3020", "GRP2_NM": "창원서", "POL_NM": "신항파출소"}, "geometry": {"type": "Polygon", "coordinates": [[[128.879722, 34.959722], [128.863889, 34.959722], [128.75, 35.0], [128.75, 35.066667], [128.75, 35.093333], [128.75, 35.097908], [128.751571, 35.097448], [128.751977, 35.09659], [128.754752, 35.090225], [128.768986, 35.090049], [128.771206, 35.091827], [128.774818, 35.091782], [128.778899, 35.091537], [128.78403, 35.09527], [128.786586, 35.097022], [128.786612, 35.096192], [128.786504, 35.08983], [128.795492, 35.088064], [128.795537, 35.088053], [128.795551, 35.088052], [128.796326, 35.0879], [128.807962, 35.087751], [128.820397, 35.08745], [128.828299, 35.088047], [128.832473, 35.088336], [128.834401, 35.091401], [128.879722, 35.079722], [128.879722, 34.959722]], [[128.806792, 35.035263], [128.812597, 35.017671], [128.817882, 35.008695], [128.821234, 35.002922], [128.830341, 34.99488], [128.830353, 34.994899], [128.830522, 34.99475], [128.844404, 35.016887], [128.84602, 35.019416], [128.851729, 35.043518], [128.838441, 35.054749], [128.83378, 35.058751], [128.833717, 35.058741], [128.833512, 35.058914], [128.810288, 35.05492], [128.806816, 35.035625], [128.806843, 35.035543], [128.806792, 35.035263]]]}}, {"type": "Feature", "properties": {"ID": "4", "GRP1_CD": "40", "GRP1_NM": "동해청", "GRP2_CD": "4040", "GRP2_NM": "속초서", "POL_NM": "거진파출소"}, "geometry": {"type": "Polygon", "coordinates": [[[128.466667, 38.583333], [128.625, 38.3125], [128.540172, 38.3125], [128.537551, 38.314794], [128.528856, 38.329692], [128.527999, 38.3322], [128.5269, 38.333043], [128.515686, 38.352253], [128.5164, 38.3527], [128.5166, 38.354], [128.514255, 38.354703], [128.510494, 38.361146], [128.5162, 38.3662], [128.5132, 38.3709], [128.511598, 38.3723], [128.5058, 38.3766], [128.497426, 38.383521], [128.46265, 38.443035], [128.4658, 38.4444], [128.4668, 38.4444], [128.4676, 38.4481], [128.464, 38.4521], [128.4618, 38.4548], [128.454198, 38.4625], [128.452598, 38.4663], [128.453, 38.4668], [128.444979, 38.473257], [128.440667, 38.480631], [128.4404, 38.4828], [128.4404, 38.4845], [128.437206, 38.486548], [128.421679, 38.513089], [128.425, 38.5201], [128.4224, 38.5202], [128.4208, 38.5209], [128.4182, 38.5267], [128.416, 38.5267], [128.4138, 38.5322], [128.4138, 38.5327], [128.4088, 38.5381], [128.4084, 38.5389], [128.4086, 38.5405], [128.408999, 38.5428], [128.4126, 38.5446], [128.4094, 38.5469], [128.411398, 38.5505], [128.407198, 38.5522], [128.4066, 38.5544], [128.406, 38.5567], [128.405398, 38.5587], [128.3994, 38.5645], [128.3974, 38.5665], [128.395998, 38.5684], [128.395998, 38.5701], [128.3874, 38.5764], [128.387, 38.5769], [128.381321, 38.583333], [128.466667, 38.583333]]]}}, {"type": "Feature", "properties": {"ID": "6", "GRP1_CD": "40", "GRP1_NM": "동해청", "GRP2_CD": "4040", "GRP2_NM": "속초서", "POL_NM": "낙산파출소"}, "geometry": {"type": "Polygon", "coordinates": [[[128.7, 38.180556], [128.780556, 38.048611], [128.694444, 38.048611], [128.676561, 38.077924], [128.6776, 38.08], [128.674973, 38.080525], [128.615649, 38.177675], [128.616681, 38.178188], [128.615154, 38.179084], [128.61457, 38.17944], [128.613889, 38.180556], [128.7, 38.180556]]]}}, {"type": "Feature", "properties": {"ID": "35", "GRP1_CD": "30", "GRP1_NM": "남해청", "GRP2_CD": "3010", "GRP2_NM": "통영서", "POL_NM": "통영파출소"}, "geometry": {"type": "Polygon", "coordinates": [[[128.466667, 34.85], [128.523611, 34.793056], [128.512217, 34.77103], [128.4966, 34.7802], [128.471, 34.8145], [128.483398, 34.796], [128.4634, 34.8008], [128.4702, 34.7766], [128.4734, 34.7569], [128.511317, 34.769289], [128.502778, 34.752778], [128.527778, 34.716667], [128.308333, 34.6], [128.219444, 34.6], [128.108333, 34.672222], [128.283333, 34.672222], [128.283333, 34.816667], [128.358998, 34.874779], [128.364, 34.8682], [128.3776, 34.8709], [128.3734, 34.8829], [128.3864, 34.882], [128.3852, 34.8747], [128.387, 34.872], [128.3886, 34.8741], [128.392597, 34.8721], [128.4116, 34.8648], [128.4156, 34.8629], [128.4214, 34.8642], [128.425, 34.8628], [128.428598, 34.8608], [128.430399, 34.8589], [128.4308, 34.8567], [128.4298, 34.8549], [128.4262, 34.8561], [128.404, 34.86], [128.395198, 34.8605], [128.390999, 34.8602], [128.388399, 34.8583], [128.3886, 34.8548], [128.377997, 34.8501], [128.3802, 34.8423], [128.3776, 34.8423], [128.3774, 34.8402], [128.3812, 34.8384], [128.3844, 34.8426], [128.3874, 34.8344], [128.3958, 34.8324], [128.401, 34.8323], [128.404, 34.8345], [128.413198, 34.8325], [128.4182, 34.8363], [128.419, 34.8369], [128.4232, 34.8382], [128.4288, 34.8381], [128.4288, 34.8383], [128.435, 34.8368], [128.433799, 34.8423], [128.4516, 34.8428], [128.452, 34.8441], [128.455199, 34.8509], [128.452598, 34.856], [128.4544, 34.858], [128.455, 34.8646], [128.4582, 34.8723], [128.469799, 34.8741], [128.471, 34.8766], [128.4716, 34.8802], [128.473199, 34.8828], [128.476599, 34.8923], [128.474798, 34.8901], [128.471, 34.89], [128.4684, 34.8943], [128.457799, 34.9], [128.4558, 34.9101], [128.4412, 34.91], [128.448399, 34.9045], [128.4442, 34.8926], [128.4438, 34.8907], [128.4468, 34.8909], [128.4428, 34.8869], [128.431, 34.8742], [128.4222, 34.8701], [128.422, 34.87], [128.4182, 34.8747], [128.4162, 34.8782], [128.420999, 34.8863], [128.4262, 34.9004], [128.429398, 34.9029], [128.429397, 34.9029], [128.429397, 34.9029], [128.4248, 34.9028], [128.424399, 34.9042], [128.4222, 34.9101], [128.428598, 34.9148], [128.437, 34.9283], [128.435773, 34.933703], [128.522222, 35.0], [128.466667, 34.85]], [[128.441, 34.8022], [128.4386, 34.812], [128.4392, 34.8147], [128.3942, 34.8229], [128.3854, 34.8247], [128.3774, 34.822], [128.350799, 34.8323], [128.3454, 34.8303], [128.350504, 34.825462], [128.38, 34.8102], [128.3664, 34.7926], [128.375599, 34.7885], [128.388399, 34.7749], [128.422598, 34.7622], [128.4258, 34.7682], [128.4316, 34.7987], [128.4316, 34.8026], [128.441, 34.8022]]]}}, {"type": "Feature", "properties": {"ID": "49", "GRP1_CD": "20", "GRP1_NM": "서해청", "GRP2_CD": "2040", "GRP2_NM": "완도서", "POL_NM": "땅끝파출소"}, "geometry": {"type": "Polygon", "coordinates": [[[126.666667, 34.316667], [126.666667, 34.266667], [126.554167, 34.266667], [126.25, 34.1], [126.25, 34.233333], [126.25, 34.375], [126.250101, 34.377281], [126.28, 34.3905], [126.2844, 34.3906], [126.2958, 34.4061], [126.3032, 34.4044], [126.3094, 34.4069], [126.319, 34.4269], [126.3172, 34.4104], [126.3574, 34.4766], [126.3798, 34.4767], [126.3824, 34.48], [126.375, 34.4963], [126.3816, 34.5009], [126.374, 34.5122], [126.3658, 34.5163], [126.3606, 34.524], [126.3434, 34.5405], [126.3286, 34.5501], [126.3266, 34.5484], [126.3156, 34.5442], [126.3066, 34.5481], [126.305, 34.5587], [126.304476, 34.55876], [126.303601, 34.570849], [126.306161, 34.572784], [126.307502, 34.573702], [126.321239, 34.580833], [126.48868, 34.548942], [126.494224, 34.523795], [126.467877, 34.47636], [126.480443, 34.460989], [126.480848, 34.436254], [126.512059, 34.445279], [126.525435, 34.410843], [126.501115, 34.371709], [126.534352, 34.355983], [126.527867, 34.305105], [126.569616, 34.330882], [126.597584, 34.318832], [126.600422, 34.35364], [126.615824, 34.361002], [126.606907, 34.3881], [126.61905, 34.403771], [126.645833, 34.383333], [126.666667, 34.316667]]]}}, {"type": "Feature", "properties": {"ID": "38", "GRP1_CD": "30", "GRP1_NM": "남해청", "GRP2_CD": "3050", "GRP2_NM": "사천서", "POL_NM": "남해파출소"}, "geometry": {"type": "MultiPolygon", "coordinates": [[[[128.010339, 34.832028], [128.008099, 34.830664], [128.004361, 34.832303], [128.010339, 34.832028]]], [[[128.019112, 34.831625], [128.019666, 34.830839], [128.017154, 34.830891], [128.014152, 34.831368], [128.013048, 34.831904], [128.019112, 34.831625]]], [[[128.086384, 34.828535], [128.240833, 34.795278], [128.283333, 34.794444], [128.283333, 34.672222], [128.108333, 34.672222], [128.0, 34.672222], [128.0, 34.715203], [128.010416, 34.713973], [128.012671, 34.723637], [128.022442, 34.722625], [128.025771, 34.719318], [128.023664, 34.714506], [128.020576, 34.709695], [128.021469, 34.706844], [128.018469, 34.704883], [128.019362, 34.702032], [128.021346, 34.7028], [128.024234, 34.701121], [128.026769, 34.703901], [128.025374, 34.706357], [128.028876, 34.708712], [128.035707, 34.70776], [128.03513, 34.704939], [128.037026, 34.702876], [128.043906, 34.703541], [128.043027, 34.706796], [128.045588, 34.710384], [128.047207, 34.715206], [128.0429, 34.718534], [128.034711, 34.723157], [128.036268, 34.725957], [128.036454, 34.732023], [128.039406, 34.732366], [128.04105, 34.737187], [128.050986, 34.741429], [128.057003, 34.745753], [128.05816, 34.751394], [128.05581, 34.754682], [128.05365, 34.764036], [128.054303, 34.769283], [128.050017, 34.773421], [128.049691, 34.778689], [128.050872, 34.78514], [128.056378, 34.788666], [128.058025, 34.794298], [128.060148, 34.797855], [128.063669, 34.800613], [128.062287, 34.803516], [128.061923, 34.807572], [128.06347, 34.809967], [128.065533, 34.813162], [128.063647, 34.81563], [128.063233, 34.818068], [128.066808, 34.818873], [128.061573, 34.820227], [128.060884, 34.822314], [128.055359, 34.822432], [128.053897, 34.823913], [128.052158, 34.824572], [128.051514, 34.828109], [128.050245, 34.827721], [128.047418, 34.825708], [128.045692, 34.826781], [128.043425, 34.826621], [128.041442, 34.827492], [128.040482, 34.828963], [128.038247, 34.829839], [128.03473, 34.829913], [128.032489, 34.830581], [128.032386, 34.831015], [128.086384, 34.828535]], [[128.173397, 34.7062], [128.2038, 34.69], [128.1922, 34.7063], [128.173397, 34.7062]]]]}}, {"type": "Feature", "properties": {"ID": "39", "GRP1_CD": "40", "GRP1_NM": "동해청", "GRP2_CD": "4030", "GRP2_NM": "동해서", "POL_NM": "울릉파출소"}, "geometry": {"type": "Polygon", "coordinates": [[[131.0, 37.633333], [131.0, 37.458333], [130.916667, 37.391667], [130.716667, 37.458333], [130.716667, 37.6], [131.0, 37.633333]], [[130.792393, 37.528389], [130.789819, 37.522504], [130.800769, 37.505917], [130.799367, 37.491225], [130.809135, 37.478194], [130.839644, 37.466488], [130.872407, 37.456962], [130.920197, 37.489031], [130.917124, 37.517185], [130.912999, 37.53173], [130.924378, 37.54865], [130.904194, 37.555411], [130.841838, 37.539366], [130.792393, 37.528389]]]}}, {"type": "Feature", "properties": {"ID": "41", "GRP1_CD": "20", "GRP1_NM": "서해청", "GRP2_CD": "2050", "GRP2_NM": "여수서", "POL_NM": "돌산파출소"}, "geometry": {"type": "Polygon", "coordinates": [[[127.75, 34.672222], [127.786111, 34.672222], [128.0, 34.626389], [128.0, 34.566667], [127.8, 34.375], [127.583333, 34.433333], [127.559722, 34.5], [127.656944, 34.605556], [127.716667, 34.666667], [127.75, 34.672222]]]}}, {"type": "Feature", "properties": {"ID": "43", "GRP1_CD": "20", "GRP1_NM": "서해청", "GRP2_CD": "2050", "GRP2_NM": "여수서", "POL_NM": "거문파출소"}, "geometry": {"type": "MultiPolygon", "coordinates": [[[[127.312519, 34.075], [127.284133, 34.063106], [127.293056, 34.075], [127.312519, 34.075]]], [[[127.4, 34.075], [127.416667, 34.05], [127.375064, 34.024765], [127.371736, 34.031392], [127.353836, 34.032292], [127.359401, 34.015263], [127.293056, 33.975], [127.255556, 34.025], [127.274221, 34.049891], [127.279175, 34.036647], [127.294615, 34.013392], [127.324463, 34.003994], [127.337025, 34.036377], [127.314775, 34.075], [127.4, 34.075]]]]}}, {"type": "Feature", "properties": {"ID": "17", "GRP1_CD": "40", "GRP1_NM": "동해청", "GRP2_CD": "4010", "GRP2_NM": "포항서", "POL_NM": "포항파출소"}, "geometry": {"type": "Polygon", "coordinates": [[[129.516667, 36.075], [129.423611, 36.011111], [129.415356, 36.003634], [129.408973, 36.00805], [129.4066, 36.0101], [129.406038, 36.01008], [129.396941, 36.016372], [129.395998, 36.0224], [129.390999, 36.0241], [129.3894, 36.0229], [129.3886, 36.0223], [129.3872, 36.0241], [129.380181, 36.037281], [129.380017, 36.038678], [129.382577, 36.046582], [129.3828, 36.0468], [129.381, 36.0529], [129.3818, 36.0545], [129.3848, 36.0585], [129.387, 36.0609], [129.4014, 36.0622], [129.4042, 36.0661], [129.404598, 36.0664], [129.4188, 36.0704], [129.4222, 36.07], [129.423, 36.0728], [129.422843, 36.075], [129.516667, 36.075]]]}}, {"type": "Feature", "properties": {"ID": "85", "GRP1_CD": "30", "GRP1_NM": "남해청", "GRP2_CD": "3040", "GRP2_NM": "울산서", "POL_NM": "방어진파출소"}, "geometry": {"type": "Polygon", "coordinates": [[[129.501944, 35.571944], [129.464444, 35.429722], [129.379167, 35.450556], [129.410644, 35.475744], [129.416, 35.4722], [129.418399, 35.4742], [129.419, 35.476], [129.4248, 35.4789], [129.428598, 35.4784], [129.4282, 35.4802], [129.4352, 35.4805], [129.441397, 35.4802], [129.441397, 35.4802], [129.441398, 35.4802], [129.442399, 35.4825], [129.4482, 35.4905], [129.445799, 35.4924], [129.445, 35.4927], [129.4434, 35.4926], [129.4402, 35.4908], [129.436399, 35.4902], [129.435398, 35.4943], [129.443998, 35.498], [129.444798, 35.502], [129.443199, 35.5025], [129.4418, 35.502], [129.4378, 35.502], [129.4488, 35.518], [129.448399, 35.5185], [129.443998, 35.5249], [129.4544, 35.5244], [129.4564, 35.5284], [129.4566, 35.5304], [129.454198, 35.5366], [129.4598, 35.5443], [129.4622, 35.5524], [129.462798, 35.5608], [129.4606, 35.5627], [129.459398, 35.5643], [129.4576, 35.5685], [129.457489, 35.571944], [129.501944, 35.571944]]]}}, {"type": "Feature", "properties": {"ID": "86", "GRP1_CD": "30", "GRP1_NM": "남해청", "GRP2_CD": "3040", "GRP2_NM": "울산서", "POL_NM": "울산항파출소"}, "geometry": {"type": "Polygon", "coordinates": [[[129.405, 35.471389], [129.379167, 35.450556], [129.371111, 35.4525], [129.36431, 35.459431], [129.365, 35.4601], [129.3818, 35.4684], [129.3822, 35.4689], [129.3838, 35.4706], [129.3852, 35.4704], [129.388, 35.4746], [129.4068, 35.4909], [129.409604, 35.490454], [129.409877, 35.487719], [129.4082, 35.4784], [129.4092, 35.4767], [129.410749, 35.475675], [129.405, 35.471389]]]}}, {"type": "Feature", "properties": {"ID": "87", "GRP1_CD": "30", "GRP1_NM": "남해청", "GRP2_CD": "3040", "GRP2_NM": "울산서", "POL_NM": "진하파출소"}, "geometry": {"type": "Polygon", "coordinates": [[[129.379167, 35.450556], [129.464444, 35.429722], [129.383056, 35.300278], [129.307222, 35.328333], [129.30406, 35.33004], [129.3049, 35.3303], [129.321, 35.3347], [129.324998, 35.3361], [129.328398, 35.3428], [129.3368, 35.3465], [129.3416, 35.3523], [129.342199, 35.3524], [129.347, 35.3509], [129.348, 35.3501], [129.3492, 35.3486], [129.3612, 35.3523], [129.3638, 35.3602], [129.359, 35.3649], [129.3578, 35.3684], [129.3488, 35.3765], [129.351599, 35.3827], [129.350598, 35.3845], [129.3502, 35.386], [129.35, 35.3869], [129.3522, 35.388], [129.354, 35.3883], [129.3588, 35.3901], [129.359198, 35.392], [129.3562, 35.3982], [129.3586, 35.4007], [129.359197, 35.4002], [129.359198, 35.4002], [129.359198, 35.4002], [129.360998, 35.4007], [129.3574, 35.4103], [129.3572, 35.4126], [129.355798, 35.4162], [129.355798, 35.418], [129.3564, 35.4228], [129.357, 35.4241], [129.359, 35.4246], [129.3656, 35.4249], [129.368598, 35.4262], [129.369599, 35.4342], [129.352398, 35.4469], [129.3466, 35.4509], [129.3468, 35.4563], [129.3494, 35.4625], [129.3488, 35.464], [129.3474, 35.4647], [129.3416, 35.4702], [129.340734, 35.473736], [129.34262, 35.475472], [129.350997, 35.469606], [129.3526, 35.4664], [129.3562, 35.4621], [129.3616, 35.4568], [129.364312, 35.459432], [129.371111, 35.4525], [129.379167, 35.450556]]]}}, {"type": "Feature", "properties": {"ID": "1", "GRP1_CD": "30", "GRP1_NM": "남해청", "GRP2_CD": "3050", "GRP2_NM": "사천서", "POL_NM": "하동파출소"}, "geometry": {"type": "Polygon", "coordinates": [[[128.010038, 34.920527], [128.007196, 34.919767], [128.006334, 34.91626], [128.002046, 34.915934], [128.002983, 34.913634], [127.999657, 34.911837], [127.996343, 34.910454], [127.996268, 34.907968], [127.994175, 34.905317], [127.993131, 34.904094], [127.987537, 34.902136], [127.987319, 34.902223], [127.989778, 34.900307], [127.990388, 34.895527], [127.98707, 34.893937], [127.982885, 34.888633], [127.981302, 34.886178], [127.977531, 34.886255], [127.977677, 34.882728], [127.978105, 34.880232], [127.974536, 34.878647], [127.970716, 34.877066], [127.966319, 34.87301], [127.961433, 34.869378], [127.960788, 34.864623], [127.961475, 34.86233], [127.963399, 34.859389], [127.964979, 34.853347], [127.970138, 34.849304], [127.970315, 34.846813], [127.9723, 34.845944], [127.969996, 34.84454], [127.969211, 34.84352], [127.972955, 34.842615], [127.975198, 34.841947], [127.97717, 34.840664], [127.979444, 34.841032], [127.982126, 34.838283], [127.988344, 34.836498], [127.994109, 34.835965], [127.998405, 34.836706], [128.000667, 34.836789], [128.000587, 34.835978], [128.000066, 34.832879], [127.999621, 34.832912], [127.996349, 34.832772], [127.996339, 34.832512], [127.995008, 34.832518], [127.994088, 34.833222], [127.991068, 34.833077], [127.990478, 34.832538], [127.977883, 34.823697], [127.97991, 34.819926], [127.970182, 34.814602], [127.963426, 34.813603], [127.967885, 34.80839], [127.953022, 34.80251], [127.940727, 34.814158], [127.941538, 34.826803], [127.934005, 34.832785], [127.932279, 34.83354], [127.924919, 34.829243], [127.922474, 34.832835], [127.921753, 34.834578], [127.916677, 34.834566], [127.914039, 34.845922], [127.907925, 34.851845], [127.902211, 34.862942], [127.902289, 34.865635], [127.898278, 34.874833], [127.902396, 34.878069], [127.905029, 34.882163], [127.911362, 34.883696], [127.917779, 34.88813], [127.925179, 34.891715], [127.9244, 34.897793], [127.922964, 34.900309], [127.924509, 34.901522], [127.926875, 34.904999], [127.928266, 34.909532], [127.930214, 34.915919], [127.926581, 34.920759], [127.923726, 34.926413], [127.925768, 34.927409], [127.927565, 34.928617], [127.924601, 34.930541], [127.921152, 34.933097], [127.923525, 34.936782], [127.920369, 34.940783], [127.917834, 34.940211], [127.916049, 34.939417], [127.91025, 34.939117], [127.908998, 34.939348], [127.90529, 34.941702], [127.898784, 34.943073], [127.888796, 34.945962], [127.883722, 34.94461], [127.876114, 34.942684], [127.871825, 34.942352], [127.871608, 34.942242], [127.872442, 34.947739], [127.8845, 34.9501], [127.902, 34.9545], [127.906735, 34.961952], [127.9206, 34.9818], [127.921024, 34.984436], [127.9217, 34.9855], [127.925475, 35.012107], [127.925677, 35.013365], [127.929821, 35.010152], [127.938382, 35.003414], [127.9343, 34.9834], [127.9532, 34.9768], [127.954562, 34.979246], [127.9633, 34.9943], [127.9909, 34.9814], [128.0143, 34.992], [128.014293, 34.992051], [128.0144, 34.9921], [128.012804, 35.002953], [128.0115, 35.0125], [128.0193, 35.0284], [128.0479, 35.0168], [128.047969, 35.016071], [128.010038, 34.920527]]]}}, {"type": "Feature", "properties": {"ID": "46", "GRP1_CD": "20", "GRP1_NM": "서해청", "GRP2_CD": "2040", "GRP2_NM": "완도서", "POL_NM": "노화파출소"}, "geometry": {"type": "Polygon", "coordinates": [[[126.666667, 34.266667], [126.716667, 34.233333], [126.716667, 33.933333], [126.645833, 33.933333], [126.5, 33.933333], [126.5, 34.05], [126.499683, 34.049829], [126.25, 34.05], [126.25, 34.1], [126.554167, 34.266667], [126.666667, 34.266667]]]}}, {"type": "Feature", "properties": {"ID": "36", "GRP1_CD": "30", "GRP1_NM": "남해청", "GRP2_CD": "3020", "GRP2_NM": "창원서", "POL_NM": "마산파출소"}, "geometry": {"type": "Polygon", "coordinates": [[[128.572796, 35.041954], [128.572779, 35.049117], [128.572779, 35.053806], [128.602815, 35.056069], [128.612158, 35.062959], [128.610164, 35.069895], [128.612134, 35.072504], [128.603975, 35.079795], [128.611477, 35.080332], [128.621886, 35.082404], [128.627489, 35.084802], [128.621581, 35.090384], [128.616072, 35.089598], [128.614337, 35.090672], [128.617033, 35.091727], [128.61769, 35.094106], [128.615252, 35.096024], [128.609911, 35.094252], [128.605667, 35.101469], [128.602404, 35.102891], [128.602976, 35.119952], [128.60306, 35.120621], [128.604177, 35.128078], [128.601235, 35.133925], [128.600966, 35.134496], [128.599952, 35.138956], [128.599807, 35.13959], [128.598913, 35.143568], [128.598402, 35.145759], [128.597891, 35.148005], [128.597847, 35.148139], [128.597671, 35.148892], [128.596113, 35.154224], [128.592764, 35.159486], [128.591511, 35.161614], [128.590471, 35.165222], [128.588486, 35.173361], [128.585083, 35.17786], [128.583013, 35.180661], [128.580385, 35.182879], [128.576482, 35.186232], [128.569198, 35.190014], [128.567805, 35.190751], [128.575583, 35.197891], [128.577376, 35.199331], [128.594445, 35.212539], [128.597738, 35.214888], [128.59902, 35.214782], [128.600994, 35.212091], [128.601011, 35.212062], [128.597617, 35.204877], [128.595635, 35.19867], [128.59535, 35.197969], [128.593462, 35.196567], [128.594234, 35.19522], [128.59405, 35.194767], [128.594228, 35.194263], [128.59417, 35.194082], [128.59733, 35.185021], [128.598975, 35.181752], [128.600245, 35.178831], [128.608258, 35.170505], [128.608596, 35.170148], [128.61924, 35.151561], [128.653229, 35.149057], [128.654472, 35.145743], [128.654828, 35.144668], [128.662318, 35.142517], [128.664671, 35.141768], [128.665088, 35.140317], [128.666137, 35.135789], [128.666667, 35.118056], [128.666667, 35.066667], [128.588889, 35.05], [128.572796, 35.041954]]]}}, {"type": "Feature", "properties": {"ID": "68", "GRP1_CD": "10", "GRP1_NM": "중부청", "GRP2_CD": "1040", "GRP2_NM": "보령서", "POL_NM": "홍성파출소"}, "geometry": {"type": "Polygon", "coordinates": [[[126.459518, 36.594621], [126.461037, 36.59108], [126.4568, 36.5888], [126.4658, 36.5744], [126.4718, 36.5566], [126.472, 36.5563], [126.4686, 36.5502], [126.4676, 36.5483], [126.4774, 36.5344], [126.4826, 36.5289], [126.488839, 36.521064], [126.486464, 36.504788], [126.4856, 36.5046], [126.4824, 36.4982], [126.4806, 36.4888], [126.4814, 36.4843], [126.48138, 36.483333], [126.436667, 36.483333], [126.425544, 36.521405], [126.425, 36.583333], [126.433333, 36.601667], [126.459518, 36.594621]]]}}, {"type": "Feature", "properties": {"ID": "97", "GRP1_CD": "10", "GRP1_NM": "중부청", "GRP2_CD": "1030", "GRP2_NM": "태안서", "POL_NM": "영목파출소"}, "geometry": {"type": "Polygon", "coordinates": [[[126.216266, 36.537008], [126.328633, 36.538085], [126.3274, 36.5328], [126.327, 36.512], [126.3276, 36.5087], [126.3326, 36.5047], [126.3376, 36.502], [126.3336, 36.4785], [126.3428, 36.4705], [126.341, 36.4662], [126.3564, 36.4445], [126.3642, 36.4485], [126.373, 36.4365], [126.3532, 36.4223], [126.3582, 36.4203], [126.3708, 36.4083], [126.3766, 36.4103], [126.3972, 36.4147], [126.4156, 36.4025], [126.424, 36.3965], [126.4288, 36.4146], [126.4338, 36.4167], [126.4312, 36.424], [126.4276, 36.4285], [126.4254, 36.4267], [126.4204, 36.4307], [126.4162, 36.436], [126.4128, 36.4447], [126.4136, 36.4481], [126.416, 36.4649], [126.4076, 36.4729], [126.4034, 36.4769], [126.398, 36.4886], [126.3966, 36.4963], [126.4016, 36.4963], [126.4026, 36.5043], [126.3956, 36.5107], [126.38, 36.5162], [126.3816, 36.526], [126.381174, 36.527668], [126.381185, 36.527666], [126.425589, 36.521405], [126.436727, 36.483326], [126.452343, 36.424771], [126.42893, 36.391368], [126.386362, 36.391654], [126.334569, 36.416493], [126.299805, 36.399649], [126.261061, 36.400006], [126.175182, 36.536615], [126.216266, 36.537008]]]}}, {"type": "Feature", "properties": {"ID": "98", "GRP1_CD": "30", "GRP1_NM": "남해청", "GRP2_CD": "3020", "GRP2_NM": "창원서", "POL_NM": "광암파출소"}, "geometry": {"type": "Polygon", "coordinates": [[[128.572767, 35.053805], [128.572779, 35.049117], [128.572778, 35.041945], [128.572778, 35.041945], [128.522222, 35.0], [128.489049, 35.075128], [128.455556, 35.072222], [128.4254, 35.054403], [128.4254, 35.0565], [128.43685, 35.063857], [128.443542, 35.073725], [128.449969, 35.075927], [128.451348, 35.076389], [128.464425, 35.079844], [128.467671, 35.077109], [128.474205, 35.074339], [128.477657, 35.075721], [128.480725, 35.07691], [128.480713, 35.076945], [128.480808, 35.076983], [128.47764, 35.086041], [128.476626, 35.09237], [128.478873, 35.096862], [128.478955, 35.103158], [128.483404, 35.106693], [128.489808, 35.107567], [128.496547, 35.108426], [128.506405, 35.108329], [128.508914, 35.108008], [128.513916, 35.107318], [128.526356, 35.108967], [128.531716, 35.112888], [128.53387, 35.114373], [128.537062, 35.120323], [128.53882, 35.12256], [128.541609, 35.125921], [128.54286, 35.123299], [128.545943, 35.116055], [128.550211, 35.107886], [128.552339, 35.103351], [128.566538, 35.100495], [128.579508, 35.098573], [128.579622, 35.098555], [128.585099, 35.096686], [128.574115, 35.094096], [128.57051, 35.090472], [128.569684, 35.089695], [128.569691, 35.089649], [128.569671, 35.089629], [128.570676, 35.083299], [128.568465, 35.079758], [128.562972, 35.075996], [128.565867, 35.072802], [128.566149, 35.070384], [128.561225, 35.069808], [128.562116, 35.066738], [128.558987, 35.068129], [128.542459, 35.067592], [128.54866, 35.06221], [128.554755, 35.053075], [128.564789, 35.05177], [128.569009, 35.054303], [128.561038, 35.0629], [128.563831, 35.06351], [128.562667, 35.066412], [128.566237, 35.067993], [128.56813, 35.067007], [128.56902, 35.067678], [128.568364, 35.069175], [128.568645, 35.069923], [128.570193, 35.069943], [128.571646, 35.069175], [128.574764, 35.068446], [128.574108, 35.065165], [128.576851, 35.065069], [128.579711, 35.068446], [128.581762, 35.064627], [128.587998, 35.070576], [128.586123, 35.072226], [128.592183, 35.071281], [128.593156, 35.069271], [128.588326, 35.06315], [128.578011, 35.060502], [128.572244, 35.053766], [128.572767, 35.053805]]]}}, {"type": "Feature", "properties": {"ID": "2", "GRP1_CD": "10", "GRP1_NM": "중부청", "GRP2_CD": "1010", "GRP2_NM": "인천서", "POL_NM": "강화파출소"}, "geometry": {"type": "Polygon", "coordinates": [[[126.395205, 37.814894], [126.3914, 37.8139], [126.3577, 37.7758], [126.3493, 37.7233], [126.3433, 37.7203], [126.3406, 37.7185], [126.3492, 37.7049], [126.3527, 37.7061], [126.3779, 37.6962], [126.382347, 37.693219], [126.375, 37.623611], [126.375, 37.558333], [126.304167, 37.558333], [126.108333, 37.6875], [126.208333, 37.722222], [126.2125, 37.8125], [126.395833, 37.820833], [126.395205, 37.814894]], [[126.1978, 37.6821], [126.2008, 37.6523], [126.2138, 37.6609], [126.1978, 37.6821]], [[126.2916, 37.7069], [126.2858, 37.6988], [126.3057, 37.6826], [126.3237, 37.6678], [126.3289, 37.6634], [126.3336, 37.6603], [126.3384, 37.6564], [126.3538, 37.6463], [126.3784, 37.6607], [126.3258, 37.74], [126.2916, 37.7069]], [[126.3244, 37.8025], [126.2346, 37.8069], [126.2278, 37.8025], [126.2274, 37.7867], [126.22, 37.758], [126.2626, 37.7629], [126.2982, 37.7641], [126.3216, 37.7788], [126.3366, 37.7941], [126.3244, 37.8025]]]}}, {"type": "Feature", "properties": {"ID": "3", "GRP1_CD": "10", "GRP1_NM": "중부청", "GRP2_CD": "1010", "GRP2_NM": "인천서", "POL_NM": "대명파출소"}, "geometry": {"type": "Polygon", "coordinates": [[[126.411157, 37.625333], [126.417, 37.5964], [126.434, 37.5949], [126.453, 37.59], [126.4634, 37.5904], [126.4618, 37.5986], [126.473, 37.6145], [126.4916, 37.5961], [126.530261, 37.631005], [126.54738, 37.631821], [126.553104, 37.616684], [126.5559, 37.6045], [126.566, 37.5939], [126.5716, 37.5881], [126.5761, 37.5824], [126.5816, 37.5841], [126.5761, 37.5823], [126.5816, 37.5714], [126.5934, 37.5593], [126.5937, 37.5543], [126.602416, 37.53966], [126.6, 37.536667], [126.554167, 37.536667], [126.554167, 37.558333], [126.375, 37.558333], [126.375, 37.623611], [126.411157, 37.625333]]]}}, {"type": "Feature", "properties": {"ID": "7", "GRP1_CD": "40", "GRP1_NM": "동해청", "GRP2_CD": "4040", "GRP2_NM": "속초서", "POL_NM": "주문진파출소"}, "geometry": {"type": "Polygon", "coordinates": [[[128.780556, 38.048611], [128.941667, 37.858333], [128.858333, 37.858333], [128.833825, 37.886819], [128.836998, 37.8907], [128.8372, 37.8966], [128.8326, 37.9006], [128.8192, 37.9108], [128.815559, 37.912534], [128.8124, 37.9147], [128.804909, 37.920415], [128.792945, 37.934309], [128.792, 37.9362], [128.7896, 37.9428], [128.7888, 37.9442], [128.780596, 37.948649], [128.772447, 37.95811], [128.7724, 37.9583], [128.7656, 37.9667], [128.763399, 37.9709], [128.7622, 37.9742], [128.7652, 37.9765], [128.7656, 37.978], [128.7652, 37.9788], [128.7512, 37.9869], [128.751, 37.9886], [128.7388, 38.0003], [128.7336, 38.0083], [128.7355, 38.0102], [128.73549, 38.010213], [128.735503, 38.010226], [128.728932, 38.018605], [128.728736, 38.018729], [128.7286, 38.0189], [128.724794, 38.021217], [128.723942, 38.021754], [128.723581, 38.022094], [128.719, 38.0265], [128.711886, 38.030659], [128.706236, 38.035834], [128.705372, 38.036632], [128.705288, 38.036714], [128.700473, 38.04162], [128.694444, 38.048611], [128.780556, 38.048611]]]}}, {"type": "Feature", "properties": {"ID": "8", "GRP1_CD": "40", "GRP1_NM": "동해청", "GRP2_CD": "4030", "GRP2_NM": "동해서", "POL_NM": "강릉파출소"}, "geometry": {"type": "Polygon", "coordinates": [[[128.858333, 37.858333], [128.941667, 37.858333], [129.0625, 37.720833], [129.008333, 37.720833], [128.858333, 37.858333]]]}}, {"type": "Feature", "properties": {"ID": "9", "GRP1_CD": "40", "GRP1_NM": "동해청", "GRP2_CD": "4030", "GRP2_NM": "동해서", "POL_NM": "묵호파출소"}, "geometry": {"type": "Polygon", "coordinates": [[[129.0625, 37.720833], [129.25, 37.483333], [129.155556, 37.483333], [129.116054, 37.547131], [129.116199, 37.5482], [129.116999, 37.5487], [129.1258, 37.5562], [129.124598, 37.562], [129.1214, 37.5666], [129.1218, 37.5708], [129.112598, 37.5788], [129.1045, 37.5835], [129.0976, 37.5875], [129.0894, 37.5922], [129.086262, 37.595212], [129.052776, 37.649218], [129.0582, 37.6504], [129.0602, 37.658], [129.0576, 37.6624], [129.0576, 37.6643], [129.058799, 37.6641], [129.059598, 37.6709], [129.0574, 37.6729], [129.058799, 37.6725], [129.0564, 37.6768], [129.037, 37.692], [129.0256, 37.698], [129.0196, 37.7048], [129.018441, 37.704552], [129.008333, 37.720833], [129.0625, 37.720833]]]}}, {"type": "Feature", "properties": {"ID": "10", "GRP1_CD": "40", "GRP1_NM": "동해청", "GRP2_CD": "4030", "GRP2_NM": "동해서", "POL_NM": "삼척파출소"}, "geometry": {"type": "Polygon", "coordinates": [[[129.25, 37.483333], [129.388889, 37.291667], [129.303784, 37.291667], [129.302799, 37.2961], [129.302799, 37.3024], [129.297598, 37.31], [129.289859, 37.308505], [129.266608, 37.338801], [129.265999, 37.3422], [129.2614, 37.3468], [129.2584, 37.3527], [129.257398, 37.3545], [129.2554, 37.3565], [129.2544, 37.3584], [129.2528, 37.3601], [129.2536, 37.3707], [129.220416, 37.398953], [129.195573, 37.431283], [129.1956, 37.432], [129.196, 37.4342], [129.1954, 37.438], [129.195, 37.4406], [129.192, 37.4469], [129.192, 37.4489], [129.1912, 37.4509], [129.1896, 37.4524], [129.1704, 37.4667], [129.1696, 37.468], [129.168, 37.4704], [129.1672, 37.4707], [129.1646, 37.472], [129.1618, 37.4767], [129.15702, 37.481429], [129.155556, 37.483333], [129.25, 37.483333]]]}}, {"type": "Feature", "properties": {"ID": "11", "GRP1_CD": "40", "GRP1_NM": "동해청", "GRP2_CD": "4030", "GRP2_NM": "동해서", "POL_NM": "임원파출소"}, "geometry": {"type": "Polygon", "coordinates": [[[129.388889, 37.291667], [129.455556, 37.145], [129.367932, 37.145], [129.36411, 37.146424], [129.364099, 37.146422], [129.362664, 37.149238], [129.344141, 37.193321], [129.3466, 37.1966], [129.347198, 37.2007], [129.3496, 37.2069], [129.3478, 37.2121], [129.3454, 37.2162], [129.357, 37.2309], [129.3578, 37.2328], [129.3514, 37.2381], [129.3514, 37.2402], [129.350598, 37.246], [129.3504, 37.2465], [129.3442, 37.2489], [129.3434, 37.2521], [129.341198, 37.2543], [129.340398, 37.2548], [129.3304, 37.2646], [129.3214, 37.2825], [129.3214, 37.2848], [129.3192, 37.2866], [129.312, 37.2849], [129.311399, 37.2887], [129.3056, 37.2883], [129.304398, 37.2889], [129.303784, 37.291667], [129.388889, 37.291667]]]}}, {"type": "Feature", "properties": {"ID": "12", "GRP1_CD": "40", "GRP1_NM": "동해청", "GRP2_CD": "4020", "GRP2_NM": "울진서", "POL_NM": "죽변파출소"}, "geometry": {"type": "Polygon", "coordinates": [[[129.455556, 37.145], [129.504167, 36.872222], [129.425073, 36.872222], [129.424, 36.8784], [129.4228, 36.8905], [129.425, 36.892], [129.421799, 36.9046], [129.422, 36.9066], [129.422598, 36.9087], [129.425, 36.9206], [129.425, 36.9307], [129.4256, 36.9323], [129.4258, 36.9423], [129.4246, 36.9441], [129.423398, 36.9522], [129.4222, 36.9549], [129.411398, 36.9643], [129.4094, 36.9644], [129.413998, 36.9667], [129.416598, 36.9688], [129.418399, 36.9685], [129.4156, 36.9748], [129.4154, 36.9768], [129.4208, 36.9845], [129.425, 36.9884], [129.4238, 36.9987], [129.4204, 37.0048], [129.4194, 37.0083], [129.4154, 37.014], [129.412399, 37.0207], [129.4118, 37.0223], [129.4116, 37.0228], [129.4116, 37.0246], [129.412, 37.026], [129.417398, 37.0302], [129.414999, 37.0407], [129.414999, 37.0461], [129.4162, 37.0489], [129.417, 37.0503], [129.419198, 37.0528], [129.4322, 37.0549], [129.4044, 37.0763], [129.3778, 37.1049], [129.3812, 37.1123], [129.3808, 37.1169], [129.377998, 37.118], [129.374, 37.1261], [129.3758, 37.1286], [129.376398, 37.1303], [129.3768, 37.1321], [129.376, 37.1328], [129.367798, 37.1428], [129.3682, 37.1449], [129.367932, 37.145], [129.455556, 37.145]]]}}, {"type": "Feature", "properties": {"ID": "13", "GRP1_CD": "40", "GRP1_NM": "동해청", "GRP2_CD": "4020", "GRP2_NM": "울진서", "POL_NM": "후포파출소"}, "geometry": {"type": "Polygon", "coordinates": [[[129.504167, 36.872222], [129.5, 36.602778], [129.41738, 36.602778], [129.4179, 36.6047], [129.4219, 36.6199], [129.4259, 36.6352], [129.4266, 36.638], [129.4272, 36.64], [129.4342, 36.648], [129.4358, 36.6545], [129.4386, 36.66], [129.4396, 36.6623], [129.439799, 36.6628], [129.441, 36.6647], [129.4426, 36.6667], [129.4434, 36.668], [129.4442, 36.6689], [129.4456, 36.6703], [129.4512, 36.6743], [129.4572, 36.676], [129.4618, 36.6788], [129.4634, 36.6786], [129.4652, 36.6763], [129.4712, 36.6843], [129.4718, 36.6848], [129.4752, 36.6925], [129.476, 36.6927], [129.4806, 36.6984], [129.4798, 36.7062], [129.4788, 36.7103], [129.4784, 36.7124], [129.4772, 36.7165], [129.4778, 36.7206], [129.481, 36.7225], [129.480798, 36.7321], [129.477398, 36.7381], [129.4772, 36.7387], [129.4744, 36.7541], [129.478198, 36.7583], [129.482599, 36.7667], [129.472198, 36.7821], [129.4682, 36.786], [129.4684, 36.7885], [129.467998, 36.7926], [129.4632, 36.8005], [129.463799, 36.8084], [129.459398, 36.8143], [129.4582, 36.816], [129.4558, 36.8189], [129.4516, 36.8266], [129.4514, 36.8282], [129.4496, 36.8307], [129.4434, 36.8369], [129.436, 36.8441], [129.432798, 36.8483], [129.4314, 36.8523], [129.425998, 36.8669], [129.425073, 36.872222], [129.504167, 36.872222]]]}}, {"type": "Feature", "properties": {"ID": "14", "GRP1_CD": "40", "GRP1_NM": "동해청", "GRP2_CD": "4020", "GRP2_NM": "울진서", "POL_NM": "축산파출소"}, "geometry": {"type": "Polygon", "coordinates": [[[129.5, 36.602778], [129.5, 36.461111], [129.440975, 36.461111], [129.437199, 36.4781], [129.437998, 36.4807], [129.4486, 36.4866], [129.449, 36.4882], [129.4496, 36.4906], [129.4516, 36.4961], [129.4504, 36.4988], [129.450798, 36.5007], [129.4556, 36.506], [129.453398, 36.5064], [129.4524, 36.5063], [129.451, 36.5048], [129.452, 36.5081], [129.4524, 36.5087], [129.4478, 36.5127], [129.445, 36.5407], [129.4378, 36.554], [129.436, 36.554], [129.436399, 36.5561], [129.4292, 36.5625], [129.4288, 36.5629], [129.4272, 36.5646], [129.4256, 36.566], [129.423, 36.5688], [129.4196, 36.5741], [129.417398, 36.5784], [129.4144, 36.5868], [129.4156, 36.5962], [129.41738, 36.602778], [129.5, 36.602778]]]}}, {"type": "Feature", "properties": {"ID": "15", "GRP1_CD": "40", "GRP1_NM": "동해청", "GRP2_CD": "4020", "GRP2_NM": "울진서", "POL_NM": "강구파출소"}, "geometry": {"type": "Polygon", "coordinates": [[[129.5, 36.461111], [129.425, 36.268056], [129.384414, 36.268056], [129.3836, 36.2741], [129.3794, 36.2802], [129.3786, 36.2827], [129.382398, 36.2923], [129.3826, 36.2965], [129.3812, 36.3024], [129.381599, 36.3046], [129.383998, 36.3068], [129.383198, 36.3283], [129.3834, 36.3308], [129.3862, 36.3324], [129.3916, 36.354], [129.392598, 36.3546], [129.3942, 36.3562], [129.3962, 36.3566], [129.399, 36.3602], [129.4002, 36.366], [129.4014, 36.3666], [129.403798, 36.3669], [129.4044, 36.3681], [129.4094, 36.3743], [129.411, 36.3865], [129.4206, 36.3948], [129.4276, 36.4002], [129.4284, 36.4022], [129.428598, 36.4029], [129.4332, 36.4065], [129.434598, 36.4127], [129.4392, 36.4186], [129.44, 36.4266], [129.4392, 36.4284], [129.437199, 36.4385], [129.4418, 36.4521], [129.4412, 36.4601], [129.440975, 36.461111], [129.5, 36.461111]]]}}, {"type": "Feature", "properties": {"ID": "16", "GRP1_CD": "40", "GRP1_NM": "동해청", "GRP2_CD": "4010", "GRP2_NM": "포항서", "POL_NM": "영일만파출소"}, "geometry": {"type": "Polygon", "coordinates": [[[129.425, 36.268056], [129.480556, 36.075], [129.422843, 36.075], [129.422, 36.0868], [129.431998, 36.0944], [129.4334, 36.0982], [129.435, 36.1069], [129.4308, 36.1109], [129.4284, 36.1126], [129.418, 36.1189], [129.408999, 36.124], [129.407198, 36.1244], [129.4062, 36.126], [129.4076, 36.126], [129.401198, 36.1322], [129.4014, 36.1345], [129.400399, 36.1361], [129.3984, 36.1401], [129.3988, 36.1407], [129.4014, 36.1425], [129.401198, 36.1444], [129.4024, 36.1501], [129.4016, 36.1542], [129.4022, 36.1622], [129.4024, 36.1649], [129.395998, 36.1808], [129.3902, 36.1821], [129.3748, 36.1962], [129.3742, 36.2007], [129.374598, 36.2026], [129.3748, 36.2041], [129.3766, 36.207898], [129.379588, 36.209174], [129.380994, 36.210054], [129.3827, 36.2111], [129.385, 36.2132], [129.385284, 36.213949], [129.386142, 36.216027], [129.385826, 36.219808], [129.385851, 36.219908], [129.386719, 36.22337], [129.386696, 36.223385], [129.3867, 36.2234], [129.3841, 36.2251], [129.3852, 36.2305], [129.389198, 36.2343], [129.3888, 36.2361], [129.3828, 36.2426], [129.382745, 36.242643], [129.3826, 36.2428], [129.380031, 36.244875], [129.3857, 36.2585], [129.384414, 36.268056], [129.425, 36.268056]]]}}, {"type": "Feature", "properties": {"ID": "18", "GRP1_CD": "40", "GRP1_NM": "동해청", "GRP2_CD": "4010", "GRP2_NM": "포항서", "POL_NM": "호미곶파출소"}, "geometry": {"type": "Polygon", "coordinates": [[[129.516667, 36.075], [129.555556, 36.136111], [129.654167, 36.030556], [129.581944, 36.030556], [129.581785, 36.030759], [129.5854, 36.036], [129.5848, 36.0387], [129.5868, 36.04], [129.5842, 36.0462], [129.5822, 36.0468], [129.576, 36.0647], [129.5752, 36.0725], [129.5668, 36.0769], [129.5652, 36.0764], [129.5642, 36.0764], [129.562, 36.0783], [129.562199, 36.0804], [129.5594, 36.0827], [129.5552, 36.0828], [129.5478, 36.0781], [129.5462, 36.0721], [129.543, 36.0689], [129.5426, 36.0643], [129.5352, 36.0583], [129.5354, 36.0567], [129.5274, 36.0542], [129.5256, 36.0503], [129.5122, 36.0386], [129.509999, 36.0369], [129.5064, 36.0329], [129.5054, 36.0249], [129.504798, 36.0228], [129.503999, 36.0221], [129.499, 36.0204], [129.4926, 36.0145], [129.490197, 36.0142], [129.484, 36.0125], [129.4686, 36.0047], [129.4622, 36.0009], [129.4538, 35.9981], [129.4532, 35.998], [129.4488, 35.998], [129.4442, 35.998], [129.442399, 35.998], [129.4394, 35.998], [129.429398, 35.9988], [129.423531, 35.9999], [129.415349, 36.00375], [129.423611, 36.011111], [129.516667, 36.075]]]}}, {"type": "Feature", "properties": {"ID": "19", "GRP1_CD": "40", "GRP1_NM": "동해청", "GRP2_CD": "4010", "GRP2_NM": "포항서", "POL_NM": "구룡포파출소"}, "geometry": {"type": "Polygon", "coordinates": [[[129.654167, 36.030556], [129.6, 35.840278], [129.520865, 35.840278], [129.521999, 35.8428], [129.523, 35.8482], [129.5238, 35.8489], [129.5272, 35.85], [129.529, 35.8506], [129.5284, 35.8529], [129.5282, 35.8544], [129.5298, 35.8603], [129.5368, 35.866], [129.5366, 35.8668], [129.5222, 35.8703], [129.5214, 35.8761], [129.5326, 35.896], [129.5362, 35.8966], [129.530398, 35.9041], [129.5272, 35.9104], [129.5238, 35.9161], [129.5312, 35.9302], [129.5368, 35.9367], [129.5366, 35.9385], [129.5384, 35.9407], [129.5506, 35.9489], [129.550198, 35.9546], [129.551999, 35.956], [129.5534, 35.9584], [129.5492, 35.9608], [129.5498, 35.962], [129.5504, 35.9622], [129.5552, 35.9721], [129.555, 35.9742], [129.5548, 35.9829], [129.5574, 35.986], [129.5584, 35.9868], [129.5642, 35.9869], [129.5676, 35.9869], [129.570799, 35.9904], [129.5736, 35.9983], [129.573399, 35.9989], [129.5732, 36.0001], [129.575798, 36.0023], [129.5806, 36.0062], [129.5822, 36.0067], [129.5834, 36.0085], [129.5834, 36.0104], [129.585198, 36.0161], [129.5806, 36.0221], [129.580199, 36.0225], [129.5816, 36.0249], [129.581415, 36.029799], [129.581944, 36.030556], [129.654167, 36.030556]]]}}, {"type": "Feature", "properties": {"ID": "20", "GRP1_CD": "40", "GRP1_NM": "동해청", "GRP2_CD": "4010", "GRP2_NM": "포항서", "POL_NM": "감포파출소"}, "geometry": {"type": "Polygon", "coordinates": [[[129.6, 35.840278], [129.532778, 35.651111], [129.45573, 35.651111], [129.4582, 35.6608], [129.4596, 35.6622], [129.46, 35.6626], [129.465, 35.6622], [129.4658, 35.6623], [129.4674, 35.6625], [129.468798, 35.6626], [129.4686, 35.6705], [129.468798, 35.6728], [129.4692, 35.674], [129.4696, 35.6744], [129.4752, 35.6769], [129.476599, 35.6803], [129.4784, 35.682], [129.479199, 35.6866], [129.4796, 35.6881], [129.4786, 35.6885], [129.479, 35.6908], [129.4798, 35.6929], [129.4788, 35.6948], [129.477398, 35.6964], [129.477, 35.7028], [129.4796, 35.7065], [129.484, 35.7103], [129.4854, 35.7166], [129.487, 35.7206], [129.487, 35.7224], [129.488599, 35.7246], [129.49, 35.7306], [129.489398, 35.7328], [129.488, 35.7405], [129.494, 35.7461], [129.4944, 35.7465], [129.496, 35.7525], [129.4968, 35.7566], [129.4982, 35.7582], [129.4986, 35.76], [129.4986, 35.7607], [129.498798, 35.766], [129.5012, 35.7681], [129.501, 35.7704], [129.513745, 35.815456], [129.5157, 35.8218], [129.5167, 35.8244], [129.51646, 35.825051], [129.520607, 35.839705], [129.520865, 35.840278], [129.6, 35.840278]]]}}, {"type": "Feature", "properties": {"ID": "21", "GRP1_CD": "30", "GRP1_NM": "남해청", "GRP2_CD": "3040", "GRP2_NM": "울산서", "POL_NM": "강동파출소"}, "geometry": {"type": "Polygon", "coordinates": [[[129.532778, 35.651111], [129.501944, 35.571944], [129.457489, 35.571944], [129.4574, 35.5747], [129.4574, 35.5762], [129.4574, 35.5768], [129.4674, 35.582], [129.4682, 35.584], [129.4668, 35.6021], [129.4614, 35.6068], [129.4616, 35.6084], [129.4604, 35.6104], [129.4538, 35.6127], [129.4538, 35.6141], [129.454, 35.6169], [129.451799, 35.6185], [129.450438, 35.619663], [129.44969, 35.643344], [129.4528, 35.6446], [129.453789, 35.646874], [129.45386, 35.646848], [129.454302, 35.647933], [129.4556, 35.6506], [129.45573, 35.651111], [129.532778, 35.651111]]]}}, {"type": "Feature", "properties": {"ID": "22", "GRP1_CD": "30", "GRP1_NM": "남해청", "GRP2_CD": "3040", "GRP2_NM": "울산서", "POL_NM": "기장파출소"}, "geometry": {"type": "Polygon", "coordinates": [[[129.383056, 35.300278], [129.298611, 35.168333], [129.223815, 35.184535], [129.2276, 35.1922], [129.232, 35.1989], [129.2296, 35.2046], [129.231598, 35.2166], [129.2314, 35.2187], [129.2306, 35.2209], [129.238, 35.2164], [129.246198, 35.2262], [129.247, 35.2347], [129.2492, 35.2343], [129.250599, 35.2361], [129.2492, 35.2409], [129.257, 35.2406], [129.2558, 35.25], [129.2562, 35.2526], [129.2558, 35.2544], [129.2524, 35.2561], [129.2494, 35.2549], [129.247999, 35.2564], [129.2398, 35.2607], [129.2476, 35.2621], [129.2486, 35.2668], [129.25, 35.2685], [129.2604, 35.2708], [129.263, 35.2828], [129.2622, 35.2843], [129.2646, 35.2923], [129.266798, 35.3102], [129.266798, 35.3126], [129.2738, 35.3187], [129.276998, 35.3201], [129.278798, 35.3204], [129.2853, 35.3232], [129.28945, 35.325], [129.29384, 35.326874], [129.3049, 35.3303], [129.305081, 35.330349], [129.383056, 35.300278]]]}}, {"type": "Feature", "properties": {"ID": "23", "GRP1_CD": "30", "GRP1_NM": "남해청", "GRP2_CD": "3030", "GRP2_NM": "부산서", "POL_NM": "송정파출소"}, "geometry": {"type": "Polygon", "coordinates": [[[129.298611, 35.168333], [129.208333, 35.108333], [129.154744, 35.149314], [129.157198, 35.1508], [129.157998, 35.1522], [129.1652, 35.1544], [129.168, 35.1547], [129.1708, 35.1549], [129.177799, 35.1521], [129.186, 35.1509], [129.193998, 35.1561], [129.1962, 35.1569], [129.1986, 35.1581], [129.2002, 35.1603], [129.201, 35.1625], [129.2016, 35.1643], [129.2016, 35.1662], [129.2082, 35.1746], [129.2098, 35.1745], [129.211, 35.1764], [129.2142, 35.178], [129.2168, 35.1801], [129.2176, 35.1826], [129.2204, 35.1826], [129.2236, 35.1841], [129.224019, 35.184948], [129.298611, 35.168333]]]}}, {"type": "Feature", "properties": {"ID": "24", "GRP1_CD": "30", "GRP1_NM": "남해청", "GRP2_CD": "3030", "GRP2_NM": "부산서", "POL_NM": "광안리파출소"}, "geometry": {"type": "Polygon", "coordinates": [[[129.208333, 35.108333], [129.166667, 35.083333], [129.095, 35.09], [129.095, 35.093889], [129.067288, 35.107922], [129.076213, 35.113393], [129.0886, 35.1046], [129.09, 35.1049], [129.0958, 35.108], [129.0974, 35.1063], [129.0984, 35.1047], [129.0976, 35.0982], [129.0978, 35.096], [129.0974, 35.0947], [129.108398, 35.0964], [129.127998, 35.1027], [129.1286, 35.1041], [129.128999, 35.1128], [129.1268, 35.118], [129.125599, 35.1229], [129.122, 35.1284], [129.1202, 35.1285], [129.1132, 35.1286], [129.110998, 35.1324], [129.114, 35.1345], [129.1168, 35.1365], [129.116199, 35.1362], [129.116441, 35.138775], [129.137615, 35.156879], [129.1534, 35.1485], [129.154744, 35.149314], [129.208333, 35.108333]]]}}, {"type": "Feature", "properties": {"ID": "25", "GRP1_CD": "30", "GRP1_NM": "남해청", "GRP2_CD": "3030", "GRP2_NM": "부산서", "POL_NM": "영도파출소"}, "geometry": {"type": "Polygon", "coordinates": [[[129.059167, 35.100556], [129.0675, 35.107778], [129.095, 35.093889], [129.095, 35.09], [129.166667, 35.083333], [129.090833, 35.031111], [129.033334, 35.085], [129.034086, 35.085502], [129.039759, 35.080471], [129.041142, 35.080855], [129.043759, 35.079084], [129.046455, 35.076513], [129.050323, 35.073654], [129.054385, 35.071126], [129.056776, 35.069361], [129.062731, 35.069342], [129.06531, 35.066886], [129.06395, 35.063086], [129.068311, 35.061551], [129.071405, 35.058481], [129.076141, 35.060784], [129.0824, 35.0546], [129.082424, 35.050574], [129.086269, 35.049653], [129.094146, 35.056946], [129.0872, 35.0644], [129.0868, 35.0649], [129.083598, 35.0683], [129.062998, 35.0943], [129.056, 35.0947], [129.046871, 35.093179], [129.059167, 35.100556]]]}}, {"type": "Feature", "properties": {"ID": "26", "GRP1_CD": "30", "GRP1_NM": "남해청", "GRP2_CD": "3030", "GRP2_NM": "부산서", "POL_NM": "남항파출소"}, "geometry": {"type": "Polygon", "coordinates": [[[129.034167, 35.085556], [129.033333, 35.085], [129.037437, 35.081155], [129.039407, 35.079325], [129.039947, 35.078797], [129.042618, 35.076301], [129.090833, 35.031111], [129.048333, 35.0], [129.012717, 35.059645], [129.0218, 35.0665], [129.0196, 35.0724], [129.026959, 35.085358], [129.026185, 35.095103], [129.034156, 35.096753], [129.035703, 35.096062], [129.066321, 35.128511], [129.065102, 35.121915], [129.070259, 35.121071], [129.07176, 35.122452], [129.079543, 35.11946], [129.076542, 35.116699], [129.072698, 35.116239], [129.059288, 35.100666], [129.036032, 35.094528], [129.031718, 35.094336], [129.030921, 35.093415], [129.033888, 35.087291], [129.034167, 35.085556]]]}}, {"type": "Feature", "properties": {"ID": "28", "GRP1_CD": "30", "GRP1_NM": "남해청", "GRP2_CD": "3030", "GRP2_NM": "부산서", "POL_NM": "다대파출소"}, "geometry": {"type": "Polygon", "coordinates": [[[128.997222, 35.045], [129.021667, 34.98], [128.935, 34.97], [128.935, 35.082233], [128.942571, 35.082208], [128.962104, 35.070701], [128.9618, 35.0583], [128.9622, 35.0486], [128.967, 35.0286], [128.9724, 35.0321], [128.982106, 35.044062], [128.984851, 35.04706], [128.986531, 35.048879], [128.995846, 35.048373], [128.997222, 35.045]]]}}, {"type": "Feature", "properties": {"ID": "29", "GRP1_CD": "30", "GRP1_NM": "남해청", "GRP2_CD": "3030", "GRP2_NM": "부산서", "POL_NM": "명지파출소"}, "geometry": {"type": "Polygon", "coordinates": [[[128.935, 34.97], [128.879722, 34.959722], [128.879722, 35.079722], [128.909337, 35.083443], [128.9152, 35.0823], [128.935, 35.082233], [128.935, 34.97]]]}}, {"type": "Feature", "properties": {"ID": "96", "GRP1_CD": "10", "GRP1_NM": "중부청", "GRP2_CD": "1010", "GRP2_NM": "인천서", "POL_NM": "영흥파출소"}, "geometry": {"type": "Polygon", "coordinates": [[[126.451444, 37.333257], [126.528808, 37.293003], [126.539653, 37.231432], [126.346606, 37.149642], [126.000277, 37.151947], [126.000277, 37.165201], [125.885316, 37.166929], [126.000277, 37.332682], [126.451444, 37.333257]], [[126.1304, 37.2088], [126.1562, 37.2243], [126.1324, 37.2482], [126.1218, 37.2482], [126.0938, 37.2429], [126.0962, 37.2209], [126.0996, 37.23], [126.1304, 37.2088]], [[126.3396, 37.2504], [126.3307, 37.2605], [126.2924, 37.2625], [126.3187, 37.234], [126.3396, 37.2504]], [[126.4374, 37.2303], [126.4666, 37.2383], [126.4766, 37.2428], [126.4748, 37.2564], [126.4946, 37.2706], [126.4518, 37.282], [126.434, 37.2689], [126.4374, 37.2303]]]}}, {"type": "Feature", "properties": {"ID": "31", "GRP1_CD": "30", "GRP1_NM": "남해청", "GRP2_CD": "3020", "GRP2_NM": "창원서", "POL_NM": "진해파출소"}, "geometry": {"type": "Polygon", "coordinates": [[[128.75, 35.093333], [128.75, 35.066667], [128.666667, 35.066667], [128.666667, 35.118056], [128.666176, 35.135619], [128.666306, 35.135058], [128.666606, 35.135026], [128.666728, 35.134602], [128.676573, 35.133586], [128.676629, 35.13396], [128.676817, 35.13394], [128.677028, 35.136607], [128.677795, 35.141697], [128.682124, 35.146895], [128.684147, 35.149157], [128.691331, 35.148959], [128.693145, 35.148751], [128.700521, 35.139384], [128.699882, 35.134913], [128.698385, 35.127013], [128.697176, 35.119806], [128.691572, 35.111747], [128.695896, 35.108085], [128.696338, 35.10808], [128.703376, 35.107885], [128.703437, 35.107996], [128.703562, 35.107995], [128.705055, 35.110956], [128.708291, 35.116877], [128.709744, 35.116754], [128.715739, 35.115975], [128.720033, 35.110507], [128.723275, 35.10776], [128.730787, 35.103767], [128.731663, 35.103278], [128.731761, 35.103249], [128.731963, 35.103142], [128.742379, 35.10014], [128.750411, 35.097788], [128.75, 35.093333]]]}}, {"type": "Feature", "properties": {"ID": "32", "GRP1_CD": "30", "GRP1_NM": "남해청", "GRP2_CD": "3010", "GRP2_NM": "통영서", "POL_NM": "장승포파출소"}, "geometry": {"type": "MultiPolygon", "coordinates": [[[[128.723611, 34.916667], [128.75, 34.916667], [128.75, 34.892018], [128.733, 34.8903], [128.7226, 34.8824], [128.7056, 34.8682], [128.6978, 34.8763], [128.72, 34.9104], [128.720599, 34.9124], [128.719091, 34.917222], [128.723611, 34.916667]]], [[[128.75, 34.779167], [128.720833, 34.75], [128.652315, 34.75], [128.648605, 34.752334], [128.646688, 34.755544], [128.6584, 34.7746], [128.6696, 34.7924], [128.668399, 34.8067], [128.669998, 34.8103], [128.6982, 34.8026], [128.7136, 34.8007], [128.7346, 34.7981], [128.729199, 34.8007], [128.722198, 34.8203], [128.7336, 34.8442], [128.732, 34.8502], [128.7396, 34.8662], [128.75, 34.888364], [128.75, 34.779167]]]]}}, {"type": "Feature", "properties": {"ID": "33", "GRP1_CD": "30", "GRP1_NM": "남해청", "GRP2_CD": "3010", "GRP2_NM": "통영서", "POL_NM": "거제남부파출소"}, "geometry": {"type": "MultiPolygon", "coordinates": [[[[128.720833, 34.75], [128.695833, 34.725], [128.583333, 34.672222], [128.544444, 34.691667], [128.502778, 34.752778], [128.511317, 34.769289], [128.511318, 34.76929], [128.512217, 34.77103], [128.523611, 34.793056], [128.586401, 34.832108], [128.587985, 34.832904], [128.598199, 34.8269], [128.5556, 34.7923], [128.558, 34.7662], [128.5988, 34.7649], [128.5864, 34.7624], [128.5838, 34.7605], [128.6048, 34.7329], [128.602398, 34.7261], [128.5884, 34.7166], [128.5774, 34.7047], [128.6258, 34.7306], [128.6352, 34.7306], [128.6518, 34.7326], [128.657, 34.7365], [128.6798, 34.7327], [128.652315, 34.75], [128.720833, 34.75]]], [[[128.648606, 34.752334], [128.6458, 34.7541], [128.646688, 34.755545], [128.648606, 34.752334]]]]}}, {"type": "Feature", "properties": {"ID": "34", "GRP1_CD": "30", "GRP1_NM": "남해청", "GRP2_CD": "3010", "GRP2_NM": "통영서", "POL_NM": "고현파출소"}, "geometry": {"type": "Polygon", "coordinates": [[[128.586111, 34.831944], [128.523611, 34.793056], [128.466667, 34.85], [128.522222, 35.0], [128.572778, 35.041944], [128.588889, 35.05], [128.666667, 35.066667], [128.75, 35.066667], [128.75, 34.916667], [128.723607, 34.916667], [128.719091, 34.917222], [128.7032, 34.968], [128.6982, 34.9689], [128.700141, 34.994165], [128.715398, 35.0042], [128.696, 35.028], [128.6848, 35.0345], [128.675, 35.0345], [128.675246, 35.034118], [128.6748, 35.0341], [128.67501, 35.030339], [128.669008, 35.026884], [128.670884, 35.018437], [128.670321, 35.014251], [128.67093, 35.012484], [128.667601, 35.01091], [128.667226, 35.007166], [128.667531, 35.006705], [128.669031, 35.006417], [128.671376, 35.006666], [128.672548, 35.00442], [128.672, 34.9959], [128.6779, 34.9867], [128.675051, 34.985619], [128.6671, 34.9887], [128.6595, 34.9917], [128.659493, 34.991664], [128.6594, 34.9917], [128.658211, 34.985754], [128.6536, 34.9822], [128.656399, 34.9786], [128.6474, 34.9641], [128.649599, 34.9587], [128.631, 34.9605], [128.6062, 34.9565], [128.6086, 34.9128], [128.623798, 34.8983], [128.616, 34.89], [128.6112, 34.898], [128.6082, 34.8988], [128.5958, 34.9003], [128.5822, 34.9083], [128.5756, 34.9067], [128.5752, 34.9008], [128.573399, 34.8983], [128.5658, 34.8982], [128.506, 34.908], [128.5026, 34.9029], [128.5226, 34.8122], [128.5334, 34.828], [128.5772, 34.8426], [128.5754, 34.8403], [128.588, 34.832895], [128.586111, 34.831944]], [[128.5258, 34.9466], [128.5118, 34.9624], [128.512, 34.9401], [128.53, 34.9301], [128.5258, 34.9466]], [[128.637382, 35.016478], [128.636445, 35.014481], [128.634569, 35.012024], [128.631662, 35.009259], [128.621441, 35.012638], [128.617783, 35.009873], [128.618346, 35.007185], [128.633256, 35.004036], [128.63335, 35.000579], [128.617315, 35.000272], [128.61572, 34.994971], [128.625754, 34.994357], [128.618815, 34.985445], [128.615814, 34.986905], [128.61075, 34.983755], [128.612532, 34.980604], [128.608218, 34.975149], [128.612251, 34.972383], [128.617221, 34.973382], [128.622191, 34.981757], [128.625379, 34.97999], [128.639914, 34.976532], [128.647135, 34.980604], [128.647979, 34.991745], [128.646385, 34.993512], [128.652855, 34.993665], [128.652949, 34.996815], [128.647698, 34.997429], [128.650323, 35.000502], [128.653981, 35.006878], [128.655575, 35.013252], [128.648635, 35.022238], [128.642728, 35.012868], [128.641696, 35.021163], [128.638883, 35.020625], [128.637382, 35.016478]]]}}, {"type": "Feature", "properties": {"ID": "37", "GRP1_CD": "30", "GRP1_NM": "남해청", "GRP2_CD": "3010", "GRP2_NM": "통영서", "POL_NM": "고성파출소"}, "geometry": {"type": "MultiPolygon", "coordinates": [[[[128.356031, 35.022837], [128.365449, 35.02579], [128.365463, 35.02582], [128.365494, 35.02583], [128.368785, 35.033216], [128.375007, 35.037596], [128.371681, 35.043224], [128.376076, 35.048949], [128.37828, 35.04982], [128.3894, 35.0483], [128.3964, 35.0501], [128.4, 35.0504], [128.4022, 35.0585], [128.405397, 35.056], [128.411, 35.0548], [128.4144, 35.0562], [128.4196, 35.0566], [128.418, 35.0542], [128.4236, 35.0547], [128.425403, 35.054406], [128.4254, 35.054403], [128.455556, 35.072222], [128.489049, 35.07501], [128.522222, 35.0], [128.435773, 34.933703], [128.433799, 34.9424], [128.4264, 34.9504], [128.439292, 34.970674], [128.443019, 34.971512], [128.4472, 34.9724], [128.447158, 34.972442], [128.447173, 34.972445], [128.445676, 34.973909], [128.437199, 34.9823], [128.422, 34.9846], [128.419249, 34.986081], [128.411992, 34.990329], [128.4136, 34.9945], [128.4196, 34.9944], [128.4228, 34.9928], [128.443998, 34.9925], [128.449199, 34.9908], [128.4634, 34.9888], [128.4694, 34.9963], [128.471398, 34.9944], [128.4878, 35.0088], [128.5, 35.0066], [128.4916, 35.0228], [128.4896, 35.0263], [128.485199, 35.0288], [128.4844, 35.0361], [128.4678, 35.0442], [128.46398, 35.046144], [128.463967, 35.046146], [128.463961, 35.046149], [128.4496, 35.0487], [128.4446, 35.0482], [128.419997, 35.0401], [128.4094, 35.0386], [128.402784, 35.036528], [128.394209, 35.027821], [128.394206, 35.027805], [128.394193, 35.027793], [128.393587, 35.024816], [128.392643, 35.020261], [128.384965, 35.020139], [128.383927, 35.017454], [128.381858, 35.012229], [128.38141, 35.012217], [128.371436, 35.011967], [128.367782, 35.010756], [128.36325, 35.009294], [128.351333, 35.013497], [128.351657, 35.01527], [128.352117, 35.017739], [128.356031, 35.022837]]], [[[128.283333, 34.816667], [128.283333, 34.904167], [128.2825, 34.904722], [128.278132, 34.912], [128.2838, 34.912], [128.286398, 34.9146], [128.302799, 34.9327], [128.305, 34.9349], [128.308799, 34.9341], [128.308799, 34.9341], [128.3088, 34.9341], [128.310363, 34.938407], [128.310398, 34.9385], [128.317, 34.9365], [128.3194, 34.9405], [128.3212, 34.9425], [128.3212, 34.9449], [128.3188, 34.9483], [128.3202, 34.9587], [128.3251, 34.9585], [128.325988, 34.957384], [128.3264, 34.9568], [128.3286, 34.9541], [128.334, 34.9543], [128.3402, 34.9445], [128.343797, 34.9443], [128.341, 34.9369], [128.3446, 34.9364], [128.3486, 34.9349], [128.3488, 34.9322], [128.3474, 34.9288], [128.346, 34.9244], [128.3444, 34.9241], [128.3436, 34.9202], [128.3494, 34.9223], [128.352398, 34.9186], [128.3544, 34.914], [128.3556, 34.9048], [128.3514, 34.9029], [128.3468, 34.9047], [128.3426, 34.9061], [128.339, 34.9062], [128.3282, 34.9066], [128.312199, 34.9065], [128.300998, 34.9003], [128.3022, 34.8966], [128.3116, 34.8921], [128.3168, 34.8829], [128.3248, 34.8803], [128.3308, 34.8845], [128.3314, 34.8747], [128.3394, 34.876], [128.3454, 34.8783], [128.345, 34.876], [128.3478, 34.8709], [128.353198, 34.8749], [128.3548, 34.8803], [128.358998, 34.874779], [128.283333, 34.816667]]]]}}, {"type": "Feature", "properties": {"ID": "48", "GRP1_CD": "20", "GRP1_NM": "서해청", "GRP2_CD": "2040", "GRP2_NM": "완도서", "POL_NM": "회진파출소"}, "geometry": {"type": "Polygon", "coordinates": [[[127.083333, 34.458333], [127.118056, 34.391667], [126.9, 34.419444], [126.9, 34.448107], [126.902, 34.4529], [126.9416, 34.4445], [126.942, 34.448], [126.9434, 34.4605], [126.9434, 34.4824], [126.9566, 34.4707], [126.9618, 34.4687], [126.9778, 34.4707], [126.9712, 34.4882], [126.9712, 34.5027], [126.9802, 34.5085], [126.9726, 34.5226], [126.9656, 34.5222], [126.9708, 34.5386], [126.9778, 34.5409], [126.9816, 34.5402], [126.9896, 34.5366], [126.9906, 34.5429], [126.9882, 34.5448], [126.9898, 34.5664], [126.9882, 34.5745], [127.0014, 34.6089], [126.9962, 34.6206], [126.9888, 34.6204], [126.9754, 34.6182], [126.972, 34.6185], [126.9712, 34.6186], [126.9674, 34.6221], [126.974, 34.6249], [127.0024, 34.6245], [127.0106, 34.6221], [127.0212, 34.6225], [127.0266, 34.626], [127.048, 34.6341], [127.0504, 34.6349], [127.0644, 34.6482], [127.0648, 34.6503], [127.0696, 34.6601], [127.0792, 34.662], [127.0818, 34.6629], [127.083333, 34.662412], [127.083333, 34.458333]]]}}, {"type": "Feature", "properties": {"ID": "40", "GRP1_CD": "20", "GRP1_NM": "서해청", "GRP2_CD": "2050", "GRP2_NM": "여수서", "POL_NM": "여수바다파출소"}, "geometry": {"type": "Polygon", "coordinates": [[[127.514603, 34.880192], [127.5226, 34.8584], [127.5258, 34.8527], [127.5258, 34.8468], [127.550167, 34.839271], [127.525786, 34.814638], [127.555044, 34.812483], [127.599305, 34.743161], [127.561045, 34.708633], [127.564046, 34.656813], [127.627063, 34.642001], [127.61656, 34.704932], [127.651069, 34.744086], [127.656508, 34.755643], [127.66326, 34.759033], [127.703302, 34.723663], [127.748255, 34.748767], [127.752569, 34.759399], [127.746567, 34.778503], [127.754307, 34.796467], [127.763022, 34.802125], [127.770198, 34.800683], [127.767573, 34.806227], [127.772824, 34.818853], [127.766447, 34.828399], [127.775003, 34.833335], [127.813937, 34.833329], [127.815869, 34.83332], [127.825098, 34.817192], [127.835417, 34.799998], [127.841944, 34.787733], [127.8465, 34.7771], [127.846553, 34.777123], [127.851274, 34.770558], [127.838147, 34.757048], [127.842799, 34.748057], [127.853352, 34.739763], [127.856976, 34.729173], [127.874588, 34.728024], [127.890101, 34.722058], [127.904959, 34.727432], [127.913077, 34.736984], [127.908012, 34.748555], [127.901542, 34.763887], [127.912077, 34.770188], [127.928174, 34.776212], [127.949555, 34.778676], [127.956334, 34.774162], [127.94909, 34.761357], [127.944669, 34.744449], [127.953846, 34.723222], [127.954515, 34.712688], [127.969207, 34.712391], [127.984853, 34.711262], [127.993814, 34.715934], [127.999991, 34.715204], [127.999991, 34.625991], [127.786111, 34.672222], [127.75, 34.672222], [127.716667, 34.666667], [127.656944, 34.605556], [127.559722, 34.5], [127.5, 34.633333], [127.5, 34.840833], [127.5, 34.867239], [127.514603, 34.880192]]]}}, {"type": "Feature", "properties": {"ID": "42", "GRP1_CD": "20", "GRP1_NM": "서해청", "GRP2_CD": "2050", "GRP2_NM": "여수서", "POL_NM": "나로도파출소"}, "geometry": {"type": "Polygon", "coordinates": [[[127.359551, 34.591413], [127.3702, 34.5941], [127.374, 34.5965], [127.381, 34.6009], [127.387, 34.6024], [127.3908, 34.5981], [127.3996, 34.5881], [127.4142, 34.5885], [127.4144, 34.586], [127.426, 34.5829], [127.4282, 34.5827], [127.4278, 34.5847], [127.4324, 34.5845], [127.435, 34.5804], [127.4412, 34.5768], [127.4474, 34.5744], [127.458, 34.5843], [127.458, 34.5949], [127.465, 34.5808], [127.4746, 34.5726], [127.4854, 34.5724], [127.4926, 34.5804], [127.5022, 34.5889], [127.5086, 34.5904], [127.5088, 34.5926], [127.5078, 34.6025], [127.4988, 34.6121], [127.498, 34.6181], [127.4962, 34.6248], [127.4966, 34.6266], [127.4942, 34.6309], [127.4876, 34.6321], [127.4836, 34.6323], [127.4772, 34.6325], [127.463, 34.6425], [127.4692, 34.6404], [127.4764, 34.638], [127.474, 34.6407], [127.481, 34.6427], [127.4934, 34.64], [127.494, 34.6406], [127.4912, 34.646], [127.4866, 34.6489], [127.4852, 34.6485], [127.4794, 34.6506], [127.479, 34.652], [127.4722, 34.6581], [127.4716, 34.6624], [127.4666, 34.6585], [127.4648, 34.6582], [127.4602, 34.6561], [127.4546, 34.6561], [127.453, 34.6601], [127.4464, 34.6603], [127.4474, 34.6623], [127.4454, 34.6644], [127.4508, 34.6688], [127.4442, 34.6702], [127.4436, 34.6724], [127.4394, 34.6741], [127.432, 34.6726], [127.431, 34.6742], [127.431, 34.6769], [127.4302, 34.68], [127.4242, 34.6844], [127.4248, 34.6862], [127.4224, 34.6884], [127.4158, 34.692], [127.4116, 34.6942], [127.4028, 34.7002], [127.4028, 34.7042], [127.3886, 34.7121], [127.388, 34.7129], [127.3936, 34.7163], [127.3864, 34.722], [127.3862, 34.7222], [127.375, 34.7382], [127.3796, 34.7441], [127.3836, 34.7484], [127.3998, 34.7545], [127.4014, 34.7585], [127.4034, 34.7641], [127.395, 34.7721], [127.3804, 34.7742], [127.3922, 34.7863], [127.3964, 34.7889], [127.4158, 34.8008], [127.424, 34.8104], [127.4204, 34.8107], [127.4136, 34.8104], [127.3968, 34.8124], [127.3942, 34.8166], [127.39369, 34.818839], [127.407612, 34.826087], [127.4108, 34.8265], [127.42, 34.8283], [127.4296, 34.8325], [127.4344, 34.8325], [127.437437, 34.841611], [127.440139, 34.843018], [127.4506, 34.8341], [127.4668, 34.8401], [127.4918, 34.8547], [127.4944, 34.856], [127.495, 34.8628], [127.5, 34.867239], [127.5, 34.633333], [127.559722, 34.5], [127.583333, 34.433333], [127.5, 34.366667], [127.366667, 34.366667], [127.366667, 34.479167], [127.366743, 34.480046], [127.3722, 34.4769], [127.3926, 34.4823], [127.3824, 34.4986], [127.394, 34.506], [127.4054, 34.5129], [127.4076, 34.5161], [127.4168, 34.5247], [127.432, 34.534], [127.4368, 34.5326], [127.436, 34.5383], [127.4286, 34.5405], [127.4286, 34.5527], [127.4182, 34.556], [127.4152, 34.556], [127.4012, 34.5568], [127.388, 34.5546], [127.3864, 34.5543], [127.376, 34.5522], [127.369, 34.5504], [127.3764, 34.5605], [127.3744, 34.5602], [127.361699, 34.56558], [127.359551, 34.591413]], [[127.4809, 34.4438], [127.503, 34.4392], [127.5048, 34.4602], [127.487, 34.4643], [127.4572, 34.472], [127.4544, 34.4664], [127.445, 34.4506], [127.4809, 34.4438]], [[127.4384, 34.5161], [127.4536, 34.4783], [127.458, 34.4768], [127.4682, 34.4808], [127.4784, 34.4807], [127.4872, 34.4849], [127.498, 34.5004], [127.488, 34.5049], [127.463, 34.5145], [127.4666, 34.5148], [127.4712, 34.5126], [127.4484, 34.5325], [127.4436, 34.5209], [127.4384, 34.5161]]]}}, {"type": "Feature", "properties": {"ID": "44", "GRP1_CD": "20", "GRP1_NM": "서해청", "GRP2_CD": "2050", "GRP2_NM": "여수서", "POL_NM": "녹동파출소"}, "geometry": {"type": "MultiPolygon", "coordinates": [[[[127.135803, 34.692096], [127.1438, 34.6928], [127.146, 34.6903], [127.1966, 34.7021], [127.2018, 34.7107], [127.2084, 34.7161], [127.2132, 34.7265], [127.214185, 34.730069], [127.251293, 34.748041], [127.2534, 34.7448], [127.2668, 34.73], [127.2786, 34.7322], [127.293, 34.7282], [127.2992, 34.7408], [127.304, 34.7461], [127.3114, 34.7508], [127.329, 34.7489], [127.3344, 34.7122], [127.3444, 34.7082], [127.3442, 34.7069], [127.326, 34.6845], [127.3298, 34.6669], [127.2932, 34.6641], [127.288, 34.6605], [127.2814, 34.6705], [127.2824, 34.6763], [127.2864, 34.6929], [127.282, 34.6965], [127.279, 34.7102], [127.279, 34.7163], [127.272, 34.7102], [127.2642, 34.7149], [127.262, 34.7127], [127.262, 34.7106], [127.2476, 34.6969], [127.2406, 34.6869], [127.2458, 34.6825], [127.2462, 34.6786], [127.2296, 34.6548], [127.23, 34.6487], [127.2422, 34.6469], [127.2478, 34.6343], [127.2474, 34.632], [127.2482, 34.6141], [127.2412, 34.6105], [127.2372, 34.6061], [127.2202, 34.5862], [127.2176, 34.5868], [127.1898, 34.5886], [127.1994, 34.6221], [127.2012, 34.6383], [127.1864, 34.6344], [127.175, 34.6243], [127.1754, 34.6027], [127.1728, 34.5923], [127.151, 34.5941], [127.1484, 34.5945], [127.1462, 34.5909], [127.1432, 34.588], [127.1292, 34.57], [127.1266, 34.5668], [127.1218, 34.5621], [127.1196, 34.5603], [127.1174, 34.5408], [127.1222, 34.5366], [127.1296, 34.5261], [127.1374, 34.5228], [127.167, 34.5224], [127.1752, 34.5344], [127.1744, 34.5361], [127.197, 34.5285], [127.2144, 34.5202], [127.227, 34.5227], [127.2396, 34.514], [127.2418, 34.5144], [127.2492, 34.518], [127.2744, 34.5021], [127.2848, 34.4887], [127.273, 34.4862], [127.2834, 34.4761], [127.3056, 34.462], [127.306, 34.4609], [127.3056, 34.458], [127.3082, 34.4566], [127.3082, 34.4602], [127.3138, 34.4566], [127.3164, 34.4447], [127.3164, 34.4422], [127.3198, 34.4429], [127.329, 34.44], [127.332, 34.44], [127.3416, 34.4468], [127.3394, 34.4504], [127.3302, 34.4707], [127.3326, 34.4727], [127.3396, 34.4806], [127.3422, 34.4821], [127.3552, 34.4867], [127.366743, 34.480046], [127.366667, 34.479167], [127.366667, 34.366667], [127.175, 34.286111], [127.118056, 34.391667], [127.083333, 34.458333], [127.083333, 34.662412], [127.084, 34.6622], [127.1006, 34.6705], [127.105916, 34.677612], [127.135803, 34.692096]], [[127.114, 34.4427], [127.1408, 34.4182], [127.1506, 34.4261], [127.2236, 34.4526], [127.2304, 34.462], [127.229, 34.4662], [127.2314, 34.4702], [127.2006, 34.488], [127.1782, 34.4883], [127.175, 34.4843], [127.1494, 34.476], [127.1384, 34.472], [127.1268, 34.4783], [127.1146, 34.4845], [127.1162, 34.4782], [127.1064, 34.4682], [127.114, 34.4542], [127.114, 34.4427]]], [[[127.361699, 34.56558], [127.36, 34.5663], [127.3578, 34.5669], [127.358, 34.5701], [127.3484, 34.5886], [127.35955, 34.591413], [127.361699, 34.56558]]]]}}, {"type": "Feature", "properties": {"ID": "45", "GRP1_CD": "20", "GRP1_NM": "서해청", "GRP2_CD": "2040", "GRP2_NM": "완도서", "POL_NM": "완도파출소"}, "geometry": {"type": "Polygon", "coordinates": [[[126.618873, 34.403824], [126.655706, 34.429136], [126.666665, 34.424995], [126.725, 34.408333], [126.766667, 34.35], [126.913889, 34.35], [127.0, 34.166667], [127.225, 34.166667], [127.225, 33.933333], [126.716667, 33.933333], [126.716667, 34.233333], [126.666667, 34.266667], [126.666667, 34.316667], [126.645833, 34.383333], [126.629167, 34.395833], [126.618873, 34.403824]]]}}, {"type": "Feature", "properties": {"ID": "47", "GRP1_CD": "20", "GRP1_NM": "서해청", "GRP2_CD": "2040", "GRP2_NM": "완도서", "POL_NM": "마량파출소"}, "geometry": {"type": "Polygon", "coordinates": [[[126.697289, 34.465312], [126.7052, 34.466], [126.7104, 34.4664], [126.7248, 34.4622], [126.7238, 34.4629], [126.7436, 34.4786], [126.7448, 34.4846], [126.7468, 34.5009], [126.744, 34.5005], [126.741964, 34.504148], [126.79358, 34.548994], [126.7956, 34.5425], [126.7934, 34.5408], [126.7902, 34.5045], [126.7954, 34.492], [126.794, 34.49], [126.7962, 34.4869], [126.7978, 34.4846], [126.7954, 34.4764], [126.787, 34.4666], [126.8082, 34.4569], [126.8096, 34.4506], [126.8148, 34.4522], [126.8186, 34.4483], [126.8408, 34.4467], [126.8438, 34.4465], [126.8464, 34.4464], [126.849, 34.4483], [126.8506, 34.4464], [126.853, 34.4429], [126.8884, 34.4203], [126.9, 34.448107], [126.9, 34.419444], [127.118056, 34.391667], [127.175, 34.286111], [127.225, 34.2125], [127.225, 34.166667], [127.0, 34.166667], [126.913889, 34.35], [126.766667, 34.35], [126.725, 34.408333], [126.666667, 34.425], [126.655693, 34.429137], [126.697289, 34.465312]]]}}, {"type": "Feature", "properties": {"ID": "50", "GRP1_CD": "50", "GRP1_NM": "제주청", "GRP2_CD": "5010", "GRP2_NM": "제주서", "POL_NM": "제주파출소"}, "geometry": {"type": "Polygon", "coordinates": [[[126.857492, 33.526605], [126.854, 33.5287], [126.8526, 33.530099], [126.8522, 33.5305], [126.8518, 33.5307], [126.851, 33.5309], [126.8504, 33.5309], [126.8488, 33.5308], [126.8482, 33.5309], [126.8446, 33.5306], [126.8442, 33.5304], [126.8436, 33.5304], [126.843, 33.5321], [126.8402, 33.534], [126.8354, 33.5369], [126.8338, 33.5387], [126.8316, 33.548699], [126.8316, 33.5488], [126.8318, 33.5504], [126.8306, 33.5524], [126.829, 33.554299], [126.8272, 33.556], [126.827, 33.5562], [126.8256, 33.5568], [126.82, 33.5583], [126.819, 33.5586], [126.8082, 33.5588], [126.8078, 33.5585], [126.805, 33.5568], [126.8046, 33.5565], [126.8044, 33.5564], [126.8028, 33.5549], [126.8014, 33.5523], [126.7962, 33.556], [126.7954, 33.5567], [126.795, 33.5569], [126.7908, 33.558], [126.7896, 33.5583], [126.789, 33.5589], [126.7842, 33.5604], [126.7814, 33.56], [126.778, 33.5581], [126.777, 33.5607], [126.7632, 33.56], [126.7594, 33.5547], [126.7588, 33.5545], [126.7574, 33.5544], [126.7564, 33.5563], [126.7552, 33.5563], [126.7466, 33.5548], [126.7448, 33.5542], [126.7416, 33.5529], [126.7398, 33.5525], [126.7394, 33.5527], [126.7396, 33.554299], [126.7304, 33.5588], [126.7296, 33.5586], [126.7264, 33.5569], [126.726, 33.5566], [126.7246, 33.556], [126.72, 33.5547], [126.7188, 33.5545], [126.7172, 33.554299], [126.7156, 33.5541], [126.7102, 33.552799], [126.7096, 33.552799], [126.7082, 33.5526], [126.7078, 33.5525], [126.7072, 33.5523], [126.7046, 33.552], [126.7, 33.550199], [126.698, 33.5486], [126.6968, 33.5467], [126.696, 33.546599], [126.6912, 33.546], [126.6864, 33.548], [126.686, 33.548299], [126.6846, 33.5489], [126.6782, 33.5488], [126.6778, 33.548499], [126.6774, 33.5482], [126.6758, 33.546599], [126.6752, 33.5441], [126.6754, 33.542299], [126.6748, 33.542099], [126.671, 33.5409], [126.6644, 33.542499], [126.6586, 33.5449], [126.6562, 33.5482], [126.6522, 33.5464], [126.6504, 33.5488], [126.6486, 33.5523], [126.648, 33.5523], [126.6474, 33.5523], [126.6442, 33.5507], [126.6438, 33.5503], [126.6424, 33.5489], [126.642, 33.548499], [126.6396, 33.5461], [126.6382, 33.5447], [126.638, 33.5443], [126.637, 33.5429], [126.6368, 33.542499], [126.6366, 33.542099], [126.6364, 33.5407], [126.6368, 33.536499], [126.6268, 33.5368], [126.625, 33.5367], [126.6234, 33.5366], [126.6228, 33.5366], [126.6218, 33.5366], [126.6212, 33.536499], [126.62, 33.5364], [126.619, 33.536299], [126.6184, 33.536299], [126.6174, 33.536099], [126.6168, 33.536099], [126.6104, 33.5349], [126.6088, 33.534599], [126.608, 33.5345], [126.6074, 33.534399], [126.6044, 33.5343], [126.6028, 33.5345], [126.6014, 33.534599], [126.6008, 33.534599], [126.5992, 33.5345], [126.5982, 33.534399], [126.598, 33.5343], [126.597, 33.5341], [126.5908, 33.530299], [126.5904, 33.53], [126.589, 33.528599], [126.578, 33.526], [126.5774, 33.526], [126.5758, 33.5261], [126.5704, 33.5247], [126.57, 33.5245], [126.569, 33.522799], [126.5678, 33.522], [126.564, 33.5244], [126.5622, 33.5242], [126.5588, 33.522799], [126.5556, 33.520899], [126.5546, 33.5206], [126.554, 33.5205], [126.5528, 33.5203], [126.5522, 33.5202], [126.5512, 33.5202], [126.5506, 33.5202], [126.5492, 33.5202], [126.5476, 33.5204], [126.547, 33.5205], [126.5448, 33.5203], [126.5438, 33.5201], [126.5432, 33.52], [126.5404, 33.5187], [126.5356, 33.518099], [126.5332, 33.514699], [126.5294, 33.5165], [126.529, 33.5161], [126.5284, 33.5143], [126.5262, 33.5146], [126.519, 33.516399], [126.5174, 33.516399], [126.5168, 33.516399], [126.5162, 33.5163], [126.5158, 33.5163], [126.5152, 33.5163], [126.5136, 33.516199], [126.512, 33.516199], [126.5114, 33.5161], [126.5104, 33.516], [126.5098, 33.516], [126.5088, 33.516], [126.508, 33.516], [126.5074, 33.5161], [126.5064, 33.5163], [126.5058, 33.516399], [126.5048, 33.5167], [126.5006, 33.518099], [126.4986, 33.5186], [126.498, 33.5187], [126.497, 33.5189], [126.4964, 33.5189], [126.4954, 33.5189], [126.4942, 33.5187], [126.4932, 33.5184], [126.4922, 33.518], [126.489, 33.516], [126.4872, 33.5143], [126.486, 33.5128], [126.4854, 33.512099], [126.4846, 33.5108], [126.484, 33.5101], [126.4818, 33.5086], [126.4814, 33.5084], [126.4808, 33.5082], [126.4798, 33.508], [126.4698, 33.5067], [126.4694, 33.5064], [126.469, 33.5061], [126.4684, 33.5047], [126.4696, 33.502499], [126.4672, 33.5004], [126.459, 33.5004], [126.4578, 33.4988], [126.4472, 33.4961], [126.4466, 33.4962], [126.445, 33.4961], [126.4446, 33.496], [126.4398, 33.4947], [126.4384, 33.4942], [126.4348, 33.4928], [126.4234, 33.49], [126.4226, 33.4889], [126.422, 33.4884], [126.4214, 33.4884], [126.421, 33.4885], [126.4206, 33.488799], [126.4192, 33.49], [126.4188, 33.490299], [126.4178, 33.4906], [126.4172, 33.490699], [126.4156, 33.4908], [126.4148, 33.4908], [126.4142, 33.490699], [126.413089, 33.490491], [126.372222, 33.572222], [126.783333, 33.629167], [126.905556, 33.577778], [126.979167, 33.55], [127.004167, 33.511111], [126.952778, 33.527778], [126.869444, 33.527778], [126.857492, 33.526605]]]}}, {"type": "Feature", "properties": {"ID": "51", "GRP1_CD": "50", "GRP1_NM": "제주청", "GRP2_CD": "5010", "GRP2_NM": "제주서", "POL_NM": "한림파출소"}, "geometry": {"type": "Polygon", "coordinates": [[[126.166667, 33.275], [126.115278, 33.236111], [126.083333, 33.275], [126.083333, 33.388889], [126.372222, 33.572222], [126.413089, 33.490491], [126.4126, 33.4904], [126.4116, 33.49], [126.4094, 33.4882], [126.409, 33.4867], [126.4032, 33.482599], [126.3982, 33.4821], [126.3978, 33.4821], [126.396, 33.4829], [126.3924, 33.485999], [126.392, 33.486199], [126.3904, 33.4866], [126.3898, 33.4867], [126.3892, 33.4867], [126.388, 33.4867], [126.3874, 33.4866], [126.3864, 33.4863], [126.3854, 33.485999], [126.3828, 33.4823], [126.3786, 33.4821], [126.3786, 33.4805], [126.3702, 33.478099], [126.3588, 33.4767], [126.358, 33.4765], [126.357, 33.4762], [126.3538, 33.4747], [126.3534, 33.4744], [126.353, 33.4741], [126.3504, 33.4724], [126.3494, 33.472], [126.3464, 33.4709], [126.346, 33.470799], [126.345, 33.470399], [126.344, 33.4701], [126.3406, 33.4687], [126.3396, 33.4682], [126.3392, 33.468], [126.3348, 33.4668], [126.3342, 33.4668], [126.3326, 33.4666], [126.332, 33.4665], [126.3314, 33.4664], [126.3298, 33.466299], [126.3292, 33.466299], [126.3282, 33.466299], [126.3276, 33.4664], [126.3266, 33.4665], [126.3262, 33.4665], [126.3256, 33.4667], [126.3126, 33.466299], [126.3122, 33.466], [126.3106, 33.464799], [126.31, 33.464], [126.3084, 33.456699], [126.3084, 33.4562], [126.3042, 33.4486], [126.3032, 33.4483], [126.3026, 33.4482], [126.2973, 33.4484], [126.2921, 33.4486], [126.292093, 33.448596], [126.292, 33.4486], [126.27865, 33.4416], [126.2652, 33.4346], [126.2648, 33.434399], [126.2644, 33.434199], [126.2622, 33.4328], [126.262, 33.4309], [126.2624, 33.4301], [126.2632, 33.427999], [126.2638, 33.4266], [126.263, 33.4183], [126.263, 33.4181], [126.2628, 33.4168], [126.2628, 33.414], [126.2584, 33.408], [126.258, 33.4065], [126.2576, 33.4062], [126.2528, 33.404], [126.25, 33.4007], [126.2488, 33.4003], [126.2428, 33.3965], [126.2418, 33.394399], [126.2394, 33.392899], [126.2392, 33.3928], [126.2388, 33.3925], [126.2384, 33.3923], [126.238, 33.392], [126.2368, 33.3909], [126.2326, 33.3885], [126.2304, 33.3902], [126.2298, 33.3903], [126.2292, 33.3903], [126.2272, 33.3902], [126.2232, 33.3888], [126.2228, 33.3885], [126.2224, 33.3883], [126.222, 33.387999], [126.2204, 33.3866], [126.22, 33.3863], [126.2178, 33.3847], [126.2174, 33.3844], [126.217, 33.384099], [126.2158, 33.3827], [126.2148, 33.3806], [126.2146, 33.3801], [126.2112, 33.374899], [126.2102, 33.374499], [126.2096, 33.374299], [126.2074, 33.3729], [126.207, 33.3726], [126.2066, 33.3723], [126.2062, 33.372], [126.2048, 33.3709], [126.2026, 33.368899], [126.2022, 33.3686], [126.198, 33.3669], [126.197, 33.3666], [126.196, 33.3663], [126.1954, 33.3661], [126.1924, 33.3649], [126.191, 33.362], [126.1876, 33.3583], [126.187, 33.3584], [126.1812, 33.3588], [126.181, 33.3585], [126.18, 33.3564], [126.18, 33.356], [126.1798, 33.3547], [126.1798, 33.3524], [126.178, 33.3446], [126.1772, 33.344299], [126.1742, 33.3425], [126.174, 33.342399], [126.172, 33.342], [126.1714, 33.3408], [126.1694, 33.3407], [126.169, 33.3405], [126.167, 33.3406], [126.163, 33.3386], [126.1612, 33.3367], [126.1604, 33.334899], [126.1604, 33.3345], [126.1604, 33.3344], [126.161, 33.3326], [126.1612, 33.3322], [126.1624, 33.3288], [126.163, 33.3266], [126.1632, 33.3249], [126.1632, 33.3245], [126.1632, 33.3243], [126.1632, 33.3241], [126.1632, 33.3226], [126.1638, 33.3209], [126.165, 33.317999], [126.165, 33.316699], [126.165, 33.3162], [126.1648, 33.3145], [126.1646, 33.3144], [126.1638, 33.3125], [126.1636, 33.310699], [126.1638, 33.3102], [126.163, 33.3085], [126.1632, 33.3048], [126.1638, 33.302799], [126.1638, 33.3026], [126.1638, 33.3021], [126.1664, 33.3005], [126.168, 33.2982], [126.164, 33.2969], [126.1622, 33.2946], [126.1608, 33.2927], [126.1598, 33.2902], [126.1598, 33.2884], [126.1604, 33.2866], [126.1606, 33.2862], [126.1624, 33.282899], [126.164, 33.2809], [126.1644, 33.2806], [126.1648, 33.2802], [126.166739, 33.275061], [126.166667, 33.275]]]}}, {"type": "Feature", "properties": {"ID": "52", "GRP1_CD": "50", "GRP1_NM": "제주청", "GRP2_CD": "5010", "GRP2_NM": "제주서", "POL_NM": "추자파출소"}, "geometry": {"type": "Polygon", "coordinates": [[[126.5, 34.05], [126.5, 33.933333], [126.645833, 33.933333], [126.645833, 33.908333], [126.25, 33.608333], [126.25, 34.05], [126.5, 34.05]], [[126.2912, 33.9717], [126.2798, 33.9751], [126.2798, 33.9577], [126.2933, 33.9495], [126.3022, 33.9488], [126.3095, 33.9445], [126.3124, 33.9425], [126.3143, 33.9374], [126.3235, 33.9273], [126.3334, 33.9282], [126.3377, 33.9324], [126.3353, 33.9373], [126.3393, 33.9413], [126.3524, 33.9436], [126.3532, 33.9487], [126.3454, 33.953], [126.3498, 33.9565], [126.3389, 33.9614], [126.3313, 33.9556], [126.3234, 33.9595], [126.3107, 33.9614], [126.3073, 33.9652], [126.2999, 33.9684], [126.299603, 33.968513], [126.2994, 33.9686], [126.2915, 33.9716], [126.291328, 33.971651], [126.2912, 33.9717]]]}}, {"type": "Feature", "properties": {"ID": "53", "GRP1_CD": "50", "GRP1_NM": "제주청", "GRP2_CD": "5020", "GRP2_NM": "서귀포서", "POL_NM": "성산파출소"}, "geometry": {"type": "Polygon", "coordinates": [[[126.869444, 33.527778], [126.952778, 33.527778], [127.004167, 33.511111], [127.029167, 33.483333], [126.916667, 33.3], [126.827778, 33.230556], [126.77851, 33.299274], [126.7802, 33.3003], [126.7812, 33.3005], [126.7818, 33.3006], [126.7834, 33.3006], [126.784, 33.3005], [126.7844, 33.3005], [126.785, 33.3005], [126.786, 33.3004], [126.7876, 33.300199], [126.7942, 33.2988], [126.7948, 33.298699], [126.796, 33.2986], [126.7976, 33.2984], [126.7996, 33.298299], [126.8002, 33.298299], [126.8012, 33.2984], [126.8018, 33.2984], [126.8092, 33.298299], [126.8128, 33.298299], [126.814, 33.3006], [126.8232, 33.3026], [126.8236, 33.3023], [126.824, 33.302], [126.8304, 33.302], [126.8314, 33.3023], [126.8324, 33.3027], [126.8356, 33.304499], [126.836, 33.3048], [126.841, 33.3086], [126.8432, 33.3106], [126.8436, 33.310899], [126.8452, 33.3121], [126.8454, 33.3123], [126.851, 33.318399], [126.8472, 33.322899], [126.8504, 33.3327], [126.858, 33.3341], [126.859, 33.3345], [126.8594, 33.3348], [126.861, 33.3363], [126.862, 33.338099], [126.8626, 33.3402], [126.8628, 33.3406], [126.8638, 33.3425], [126.864, 33.3429], [126.865, 33.3442], [126.868, 33.3467], [126.8694, 33.3482], [126.8706, 33.350299], [126.8706, 33.3504], [126.8708, 33.3508], [126.8712, 33.3526], [126.8716, 33.356099], [126.8716, 33.3566], [126.874, 33.362], [126.8736, 33.3669], [126.877, 33.370399], [126.8824, 33.3723], [126.8828, 33.3726], [126.8834, 33.3765], [126.8834, 33.3767], [126.8906, 33.3801], [126.8914, 33.3803], [126.8924, 33.3806], [126.8968, 33.382199], [126.8978, 33.3825], [126.8988, 33.3828], [126.9026, 33.384099], [126.9036, 33.3845], [126.9046, 33.3849], [126.9074, 33.3861], [126.908, 33.386499], [126.9084, 33.386699], [126.913, 33.390099], [126.9134, 33.3905], [126.9126, 33.394199], [126.9114, 33.3965], [126.9112, 33.3969], [126.9108, 33.3983], [126.9106, 33.4001], [126.9106, 33.4005], [126.9106, 33.4007], [126.913, 33.4069], [126.9152, 33.4129], [126.9158, 33.4146], [126.9164, 33.4164], [126.9166, 33.4168], [126.918, 33.420499], [126.9182, 33.4209], [126.9186, 33.422199], [126.9188, 33.4227], [126.919, 33.424], [126.919, 33.4244], [126.919, 33.4249], [126.919, 33.4261], [126.9192, 33.427999], [126.9192, 33.4287], [126.9184, 33.4301], [126.9184, 33.4304], [126.9188, 33.430799], [126.9246, 33.4305], [126.9258, 33.428199], [126.9272, 33.426699], [126.924, 33.4242], [126.9248, 33.4223], [126.9272, 33.4206], [126.928, 33.420299], [126.9332, 33.42], [126.9344, 33.420699], [126.9358, 33.4221], [126.9368, 33.4243], [126.9368, 33.4247], [126.9368, 33.4261], [126.9366, 33.4269], [126.9362, 33.428199], [126.936, 33.4286], [126.9338, 33.4302], [126.9328, 33.4305], [126.9318, 33.430799], [126.927, 33.432499], [126.924, 33.4366], [126.9246, 33.438], [126.9248, 33.438699], [126.9234, 33.4405], [126.9246, 33.4429], [126.9244, 33.446199], [126.9254, 33.4467], [126.926, 33.4469], [126.9298, 33.4482], [126.93, 33.4484], [126.9304, 33.4487], [126.9314, 33.4503], [126.9322, 33.4543], [126.9382, 33.4546], [126.9384, 33.4542], [126.9396, 33.4527], [126.94, 33.452399], [126.9404, 33.4521], [126.946, 33.4563], [126.9456, 33.4565], [126.9414, 33.458199], [126.9408, 33.4583], [126.9394, 33.4621], [126.939, 33.464], [126.939, 33.464399], [126.939, 33.4647], [126.9382, 33.4664], [126.9354, 33.4683], [126.933, 33.4688], [126.9314, 33.4682], [126.9298, 33.466], [126.9296, 33.4641], [126.9308, 33.4623], [126.9338, 33.46], [126.9312, 33.4581], [126.929, 33.4564], [126.9242, 33.4543], [126.9238, 33.4547], [126.9248, 33.4664], [126.9222, 33.4665], [126.9204, 33.4667], [126.9186, 33.4683], [126.9182, 33.4688], [126.914, 33.472099], [126.9136, 33.4724], [126.9132, 33.4727], [126.911, 33.4748], [126.9102, 33.4748], [126.9094, 33.4746], [126.9054, 33.4761], [126.9036, 33.476599], [126.9056, 33.4842], [126.9072, 33.4842], [126.9164, 33.484], [126.9168, 33.4848], [126.916, 33.486199], [126.9156, 33.4864], [126.9128, 33.492199], [126.9138, 33.4946], [126.9158, 33.4962], [126.916, 33.4966], [126.9166, 33.4988], [126.9164, 33.5007], [126.9158, 33.502], [126.9156, 33.5024], [126.9154, 33.502699], [126.914, 33.5046], [126.9116, 33.5063], [126.9106, 33.5066], [126.9096, 33.5069], [126.9008, 33.508899], [126.9056, 33.5163], [126.9044, 33.5203], [126.9036, 33.520699], [126.9014, 33.5221], [126.901, 33.522399], [126.9006, 33.522599], [126.896, 33.5242], [126.8946, 33.5249], [126.8884, 33.524099], [126.8846, 33.5244], [126.8826, 33.5263], [126.8824, 33.5265], [126.8752, 33.5268], [126.8744, 33.5267], [126.874, 33.526899], [126.868849, 33.526369], [126.869444, 33.527778]], [[126.958, 33.4869], [126.968, 33.508899], [126.9468, 33.5089], [126.9468, 33.508899], [126.9468, 33.5], [126.9536, 33.4885], [126.958, 33.4869]]]}}, {"type": "Feature", "properties": {"ID": "54", "GRP1_CD": "50", "GRP1_NM": "제주청", "GRP2_CD": "5020", "GRP2_NM": "서귀포서", "POL_NM": "서귀포파출소"}, "geometry": {"type": "Polygon", "coordinates": [[[126.420695, 33.237738], [126.421, 33.2369], [126.4216, 33.236199], [126.4238, 33.2348], [126.4242, 33.2346], [126.4246, 33.2344], [126.4282, 33.2327], [126.4286, 33.2325], [126.4336, 33.2305], [126.4342, 33.2305], [126.4358, 33.2306], [126.439, 33.232], [126.4394, 33.2323], [126.4398, 33.232599], [126.443, 33.2342], [126.444, 33.234499], [126.4446, 33.2346], [126.4494, 33.2361], [126.4496, 33.2364], [126.4502, 33.2368], [126.4522, 33.2368], [126.4528, 33.2367], [126.454, 33.2366], [126.456, 33.2364], [126.457, 33.236199], [126.4576, 33.235999], [126.46, 33.2346], [126.4604, 33.234299], [126.4622, 33.2321], [126.464, 33.2288], [126.4642, 33.2286], [126.4658, 33.2269], [126.4666, 33.2261], [126.4682, 33.2248], [126.4686, 33.2245], [126.469, 33.2242], [126.474, 33.2209], [126.4758, 33.222299], [126.4788, 33.2243], [126.484, 33.223999], [126.4844, 33.2243], [126.4854, 33.224899], [126.4884, 33.2264], [126.4942, 33.2284], [126.499, 33.2262], [126.4998, 33.2264], [126.5032, 33.228], [126.507, 33.2269], [126.5074, 33.2269], [126.508, 33.226799], [126.5096, 33.226799], [126.5102, 33.226799], [126.5146, 33.2287], [126.5168, 33.2308], [126.519, 33.2329], [126.5212, 33.2363], [126.536, 33.2363], [126.5376, 33.2369], [126.5414, 33.238], [126.5468, 33.2361], [126.5474, 33.2361], [126.552, 33.2381], [126.5578, 33.236199], [126.5586, 33.2364], [126.5604, 33.234299], [126.5626, 33.2348], [126.5604, 33.2366], [126.5604, 33.2382], [126.5642, 33.2364], [126.5658, 33.2361], [126.5798, 33.240299], [126.5836, 33.240699], [126.5854, 33.240699], [126.5858, 33.240499], [126.5862, 33.2402], [126.588, 33.238799], [126.5914, 33.2364], [126.5918, 33.2361], [126.5952, 33.2344], [126.5962, 33.234], [126.6022, 33.234], [126.606, 33.2367], [126.6074, 33.235999], [126.6084, 33.235999], [126.6116, 33.2365], [126.6132, 33.2365], [126.6138, 33.2365], [126.6154, 33.2366], [126.618, 33.2381], [126.619, 33.2384], [126.6196, 33.2385], [126.62, 33.2386], [126.6208, 33.240299], [126.6212, 33.2444], [126.6226, 33.2466], [126.6246, 33.2481], [126.6338, 33.2507], [126.6346, 33.2509], [126.637, 33.252], [126.6374, 33.2523], [126.6416, 33.254399], [126.6426, 33.2549], [126.6438, 33.2569], [126.643, 33.2584], [126.6422, 33.259999], [126.6448, 33.2627], [126.652, 33.264699], [126.6526, 33.264699], [126.6528, 33.2648], [126.655, 33.2661], [126.656, 33.266], [126.66, 33.2685], [126.6614, 33.27], [126.6624, 33.27], [126.6648, 33.2682], [126.6656, 33.2669], [126.6658, 33.2665], [126.6662, 33.266199], [126.6664, 33.2661], [126.6708, 33.264899], [126.6714, 33.2648], [126.6724, 33.264699], [126.673, 33.264699], [126.674, 33.264699], [126.6746, 33.264699], [126.6762, 33.2648], [126.6782, 33.264899], [126.6788, 33.264899], [126.6798, 33.264899], [126.6804, 33.264899], [126.682, 33.2648], [126.6828, 33.2648], [126.6844, 33.264899], [126.7006, 33.2661], [126.7016, 33.2663], [126.7026, 33.2667], [126.7028, 33.2668], [126.703, 33.2669], [126.7054, 33.268], [126.7066, 33.2684], [126.7076, 33.2688], [126.7116, 33.2701], [126.7118, 33.2701], [126.7134, 33.27], [126.7166, 33.27], [126.7172, 33.2701], [126.7182, 33.2704], [126.7206, 33.274099], [126.7216, 33.2742], [126.7234, 33.272599], [126.7246, 33.2729], [126.7288, 33.274], [126.7298, 33.2744], [126.7306, 33.2746], [126.7322, 33.2747], [126.7386, 33.2749], [126.7402, 33.2748], [126.7408, 33.2748], [126.7434, 33.2748], [126.744, 33.2748], [126.7512, 33.278599], [126.751, 33.280299], [126.7548, 33.2828], [126.7556, 33.2822], [126.7572, 33.2823], [126.7582, 33.2825], [126.759, 33.282899], [126.7592, 33.282899], [126.761, 33.284], [126.7614, 33.2843], [126.7618, 33.284599], [126.7668, 33.2883], [126.7682, 33.2902], [126.7682, 33.2907], [126.7682, 33.2924], [126.7686, 33.2926], [126.7724, 33.2948], [126.7738, 33.2962], [126.7742, 33.2965], [126.7746, 33.2969], [126.77851, 33.299274], [126.827778, 33.230556], [126.595833, 33.133333], [126.375, 33.133333], [126.375, 33.227875], [126.3764, 33.2282], [126.378, 33.228499], [126.3786, 33.2286], [126.3796, 33.2287], [126.3812, 33.2289], [126.3878, 33.2305], [126.391, 33.2321], [126.391218, 33.232209], [126.420695, 33.237738]]]}}, {"type": "Feature", "properties": {"ID": "71", "GRP1_CD": "10", "GRP1_NM": "중부청", "GRP2_CD": "1030", "GRP2_NM": "태안서", "POL_NM": "모항파출소"}, "geometry": {"type": "Polygon", "coordinates": [[[126.170865, 36.843337], [126.175453, 36.835688], [126.1753, 36.8356], [126.1712, 36.838], [126.1586, 36.8463], [126.155, 36.8422], [126.1548, 36.8367], [126.153, 36.8348], [126.1476, 36.8362], [126.1576, 36.8264], [126.1594, 36.8244], [126.1562, 36.8206], [126.155, 36.8208], [126.1538, 36.8189], [126.1568, 36.816], [126.1538, 36.8148], [126.1518, 36.8128], [126.1462, 36.8029], [126.1492, 36.8005], [126.145, 36.7983], [126.1432, 36.7986], [126.1448, 36.794], [126.1374, 36.7826], [126.1326, 36.7841], [126.1324, 36.7785], [126.1354, 36.7761], [126.13, 36.7746], [126.1288, 36.7724], [126.1286, 36.7726], [126.125, 36.772], [126.1154, 36.7704], [126.1112, 36.7704], [126.1112, 36.7685], [126.1122, 36.7668], [126.12433, 36.755373], [126.132204, 36.752562], [126.122467, 36.735499], [126.1222, 36.7223], [126.1212, 36.7127], [126.126, 36.7084], [126.1298, 36.714], [126.1346, 36.7162], [126.1426, 36.7226], [126.149774, 36.753054], [126.1688, 36.7549], [126.171, 36.7525], [126.1758, 36.7526], [126.18, 36.7509], [126.1838, 36.7483], [126.1842, 36.7442], [126.184672, 36.744004], [126.116667, 36.7], [126.008333, 36.7], [126.091389, 36.849444], [126.160278, 36.849444], [126.170865, 36.843337]]]}}, {"type": "Feature", "properties": {"ID": "55", "GRP1_CD": "50", "GRP1_NM": "제주청", "GRP2_CD": "5020", "GRP2_NM": "서귀포서", "POL_NM": "화순파출소"}, "geometry": {"type": "Polygon", "coordinates": [[[126.166771, 33.274977], [126.1668, 33.2749], [126.1684, 33.272199], [126.1706, 33.2705], [126.171, 33.2703], [126.1754, 33.2661], [126.177, 33.2643], [126.1782, 33.2626], [126.1784, 33.2622], [126.1804, 33.2584], [126.1828, 33.2567], [126.1832, 33.2564], [126.1836, 33.2561], [126.1848, 33.2549], [126.1852, 33.2546], [126.1856, 33.2543], [126.186, 33.253999], [126.1876, 33.252899], [126.188, 33.2526], [126.1884, 33.2523], [126.1888, 33.252], [126.1904, 33.250799], [126.1908, 33.2505], [126.1912, 33.2502], [126.2022, 33.2427], [126.2036, 33.2421], [126.2076, 33.2408], [126.2084, 33.2406], [126.2094, 33.2404], [126.211, 33.2401], [126.2188, 33.238799], [126.2202, 33.2383], [126.2262, 33.2387], [126.2292, 33.238799], [126.2304, 33.2381], [126.2278, 33.2342], [126.2288, 33.232799], [126.2294, 33.2327], [126.2312, 33.2321], [126.2334, 33.2303], [126.2344, 33.2287], [126.2346, 33.228299], [126.2356, 33.2267], [126.2358, 33.2263], [126.2374, 33.2242], [126.2402, 33.2229], [126.2404, 33.2229], [126.2432, 33.2203], [126.2488, 33.2183], [126.2504, 33.2149], [126.2508, 33.2147], [126.2518, 33.2162], [126.2528, 33.2167], [126.252, 33.2149], [126.2518, 33.2128], [126.2522, 33.2105], [126.253, 33.208599], [126.2556, 33.2065], [126.2566, 33.2062], [126.2572, 33.2061], [126.2618, 33.2046], [126.2618, 33.2045], [126.262, 33.2029], [126.2616, 33.200699], [126.2616, 33.1968], [126.2618, 33.1963], [126.263, 33.1948], [126.2634, 33.1944], [126.2642, 33.194], [126.2682, 33.1927], [126.2692, 33.1924], [126.2698, 33.1923], [126.2708, 33.1921], [126.2716, 33.1922], [126.2726, 33.1924], [126.2736, 33.1928], [126.276, 33.1941], [126.2764, 33.1943], [126.2768, 33.1946], [126.2772, 33.194899], [126.2804, 33.1961], [126.281, 33.1961], [126.2824, 33.196199], [126.283, 33.196199], [126.284, 33.195999], [126.29, 33.1929], [126.2912, 33.1928], [126.2928, 33.1937], [126.293733, 33.198367], [126.2942, 33.2006], [126.2948, 33.2039], [126.296, 33.2103], [126.296, 33.2105], [126.2964, 33.2108], [126.2966, 33.2143], [126.2966, 33.2147], [126.297, 33.216], [126.2972, 33.2164], [126.2974, 33.2168], [126.2988, 33.218899], [126.2998, 33.22], [126.3018, 33.222299], [126.3022, 33.2226], [126.3026, 33.2229], [126.305, 33.2243], [126.306, 33.2246], [126.307, 33.2248], [126.3076, 33.224899], [126.3122, 33.226599], [126.3134, 33.228099], [126.3138, 33.2284], [126.317, 33.2301], [126.318, 33.2306], [126.3184, 33.2308], [126.3206, 33.2322], [126.321, 33.232599], [126.3228, 33.2342], [126.3232, 33.2346], [126.3348, 33.235999], [126.3458, 33.2346], [126.3468, 33.2342], [126.348, 33.232599], [126.3486, 33.2324], [126.349, 33.2324], [126.35, 33.2321], [126.3506, 33.232], [126.3516, 33.232], [126.3526, 33.2323], [126.3532, 33.2324], [126.3538, 33.2323], [126.3552, 33.2322], [126.3568, 33.232], [126.3574, 33.232], [126.358, 33.232], [126.3596, 33.2305], [126.3616, 33.2289], [126.3626, 33.228499], [126.366, 33.2265], [126.3664, 33.2264], [126.3676, 33.2262], [126.3684, 33.2262], [126.3686, 33.2262], [126.3692, 33.2263], [126.37, 33.226599], [126.3708, 33.2269], [126.375, 33.227875], [126.375, 33.133333], [126.25, 33.091667], [126.115278, 33.236111], [126.166667, 33.275], [126.166771, 33.274977]]]}}, {"type": "Feature", "properties": {"ID": "57", "GRP1_CD": "20", "GRP1_NM": "서해청", "GRP2_CD": "2030", "GRP2_NM": "목포서", "POL_NM": "영광파출소"}, "geometry": {"type": "Polygon", "coordinates": [[[126.426884, 35.418031], [126.408, 35.4024], [126.4104, 35.3889], [126.4162, 35.3781], [126.4172, 35.3784], [126.417347, 35.378275], [126.416717, 35.375647], [126.412, 35.3748], [126.415657, 35.371226], [126.413264, 35.361245], [126.4098, 35.3624], [126.408, 35.3605], [126.406, 35.3601], [126.406, 35.3647], [126.3942, 35.3528], [126.3898, 35.3485], [126.378, 35.308], [126.3724, 35.2805], [126.3368, 35.2769], [126.3362, 35.27], [126.3432, 35.2686], [126.3444, 35.2667], [126.3412, 35.2627], [126.3338, 35.2522], [126.3364, 35.252], [126.3422, 35.2507], [126.3396, 35.2467], [126.337, 35.2463], [126.3356, 35.2446], [126.3366, 35.2421], [126.3324, 35.2403], [126.3262, 35.2404], [126.3262, 35.2406], [126.321, 35.244], [126.3046, 35.2069], [126.3186, 35.2084], [126.3364, 35.2127], [126.3332, 35.2144], [126.3328, 35.2163], [126.3542, 35.1981], [126.376478, 35.207674], [126.375698, 35.204417], [126.361, 35.1822], [126.3584, 35.1803], [126.3558, 35.1808], [126.369412, 35.178142], [126.366667, 35.166667], [125.866667, 35.133333], [125.952778, 35.433333], [126.291667, 35.433333], [126.430556, 35.433333], [126.426884, 35.418031]]]}}, {"type": "Feature", "properties": {"ID": "58", "GRP1_CD": "20", "GRP1_NM": "서해청", "GRP2_CD": "2030", "GRP2_NM": "목포서", "POL_NM": "진도파출소"}, "geometry": {"type": "Polygon", "coordinates": [[[126.303612, 34.570834], [126.304597, 34.558746], [126.2402, 34.5661], [126.269, 34.5509], [126.2716, 34.5307], [126.26, 34.5245], [126.2628, 34.5187], [126.2454, 34.5183], [126.2446, 34.5123], [126.2252, 34.5346], [126.213, 34.5209], [126.2234, 34.5165], [126.2016, 34.5102], [126.216, 34.502], [126.2166, 34.4889], [126.2292, 34.4783], [126.2438, 34.4827], [126.2414, 34.4789], [126.2358, 34.4765], [126.2212, 34.4622], [126.2136, 34.4369], [126.2042, 34.4222], [126.1952, 34.4103], [126.1912, 34.4203], [126.206, 34.4942], [126.1172, 34.4565], [126.1282, 34.4386], [126.1174, 34.4466], [126.1118, 34.4466], [126.1076, 34.4444], [126.1182, 34.4068], [126.1206, 34.3844], [126.1388, 34.3842], [126.1386, 34.3842], [126.13, 34.3564], [126.148, 34.3567], [126.1568, 34.356], [126.1744, 34.3523], [126.1842, 34.3482], [126.2128, 34.3681], [126.2212, 34.3645], [126.250104, 34.377282], [126.25, 34.375], [126.25, 34.233333], [125.933333, 34.133333], [125.766667, 34.2], [125.783333, 34.416667], [126.233333, 34.6], [126.306111, 34.572778], [126.303612, 34.570834]], [[126.0954, 34.274], [126.0696, 34.304], [126.0362, 34.3061], [126.0268, 34.2981], [126.0226, 34.2883], [126.0588, 34.2723], [126.062, 34.2768], [126.0954, 34.274]], [[126.049, 34.3168], [126.0288, 34.3389], [126.0264, 34.3348], [126.0142, 34.334], [126.004, 34.3324], [125.9992, 34.332], [126.0014, 34.3221], [126.049, 34.3168]]]}}, {"type": "Feature", "properties": {"ID": "72", "GRP1_CD": "10", "GRP1_NM": "중부청", "GRP2_CD": "1020", "GRP2_NM": "평택서", "POL_NM": "대산파출소"}, "geometry": {"type": "Polygon", "coordinates": [[[126.3, 36.986111], [126.3, 37.033333], [126.5, 37.091667], [126.5, 37.063889], [126.500118, 37.056338], [126.463, 37.0111], [126.4694, 37.0005], [126.463023, 37.011051], [126.408445, 37.008685], [126.40039, 37.008613], [126.3922, 37.0083], [126.340053, 36.986728], [126.330278, 36.986111], [126.3, 36.986111]]]}}, {"type": "Feature", "properties": {"ID": "73", "GRP1_CD": "10", "GRP1_NM": "중부청", "GRP2_CD": "1010", "GRP2_NM": "인천서", "POL_NM": "연평파출소"}, "geometry": {"type": "Polygon", "coordinates": [[[125.730556, 37.683333], [125.730556, 37.6], [125.708333, 37.6], [125.680556, 37.633333], [125.680556, 37.683333], [125.730556, 37.683333]]]}}, {"type": "Feature", "properties": {"ID": "56", "GRP1_CD": "20", "GRP1_NM": "서해청", "GRP2_CD": "2030", "GRP2_NM": "목포서", "POL_NM": "목포남항파출소"}, "geometry": {"type": "Polygon", "coordinates": [[[126.367517, 34.789167], [126.3676, 34.7867], [126.3692, 34.7849], [126.371, 34.7785], [126.379769, 34.780692], [126.402597, 34.7649], [126.383, 34.7548], [126.3682, 34.7425], [126.3742, 34.736], [126.393, 34.73], [126.3984, 34.7327], [126.407, 34.7361], [126.4102, 34.7381], [126.4142, 34.7446], [126.4182, 34.7421], [126.424, 34.7388], [126.429, 34.7404], [126.4332, 34.7403], [126.439719, 34.739213], [126.530615, 34.676284], [126.321258, 34.580853], [126.306112, 34.572786], [126.23338, 34.600006], [125.782428, 34.416667], [125.774095, 34.527778], [125.974095, 34.613889], [126.063539, 34.701944], [126.186873, 34.668611], [126.186873, 34.668611], [126.186873, 34.668611], [126.186873, 34.668611], [126.296595, 34.789147], [126.361245, 34.793505], [126.367517, 34.789167]], [[126.0762, 34.5601], [126.0686, 34.5589], [126.042, 34.5567], [126.0856, 34.5529], [126.1042, 34.5543], [126.1054, 34.5561], [126.098, 34.5662], [126.0762, 34.5601]], [[126.0142, 34.6047], [126.0214, 34.5981], [126.0272, 34.5961], [126.0236, 34.5643], [126.053, 34.5721], [126.0576, 34.5688], [126.0658, 34.5828], [126.04, 34.6224], [126.0372, 34.6289], [126.0152, 34.6345], [126.0142, 34.6047]], [[126.0718, 34.6026], [126.0846, 34.5883], [126.096, 34.5823], [126.1034, 34.5945], [126.0868, 34.6128], [126.0712, 34.6263], [126.0538, 34.628], [126.0516, 34.6203], [126.0692, 34.6089], [126.0718, 34.6026]], [[126.1584, 34.6686], [126.1518, 34.67], [126.1184, 34.6506], [126.148, 34.618], [126.1554, 34.6228], [126.188, 34.642], [126.1782, 34.6466], [126.1574, 34.654], [126.1584, 34.6686]]]}}, {"type": "Feature", "properties": {"ID": "59", "GRP1_CD": "20", "GRP1_NM": "서해청", "GRP2_CD": "2030", "GRP2_NM": "목포서", "POL_NM": "지도파출소"}, "geometry": {"type": "Polygon", "coordinates": [[[126.223193, 34.956701], [126.207855, 34.904003], [126.112022, 34.931225], [126.099522, 34.942058], [126.042578, 35.000391], [125.732855, 35.000391], [125.866189, 35.133724], [126.366189, 35.167057], [126.38908, 35.142386], [126.3894, 35.1402], [126.395423, 35.135549], [126.418323, 35.110859], [126.41874, 35.110764], [126.424, 35.1028], [126.4516, 35.1001], [126.462616, 35.09623], [126.460297, 35.091346], [126.4482, 35.0843], [126.4448, 35.0806], [126.452703, 35.075349], [126.445179, 35.059496], [126.405958, 35.030205], [126.4066, 35.0529], [126.406, 35.0647], [126.399184, 35.06324], [126.398268, 35.075147], [126.393602, 35.074685], [126.3916, 35.084], [126.3858, 35.0747], [126.385113, 35.073845], [126.366775, 35.072031], [126.34692, 35.0842], [126.3512, 35.0842], [126.3522, 35.0903], [126.3516, 35.0984], [126.3492, 35.0968], [126.3502, 35.0903], [126.333986, 35.094064], [126.332162, 35.106671], [126.3322, 35.1067], [126.3338, 35.1125], [126.3416, 35.1162], [126.343, 35.1283], [126.3434, 35.1287], [126.3452, 35.1542], [126.3374, 35.1461], [126.332, 35.1469], [126.332, 35.1485], [126.3286, 35.1468], [126.3326, 35.1347], [126.3204, 35.124], [126.319411, 35.124025], [126.304331, 35.136123], [126.304, 35.1366], [126.303822, 35.136531], [126.300687, 35.139046], [126.262935, 35.146004], [126.243094, 35.111939], [126.189855, 35.112983], [126.159574, 35.098852], [126.169067, 35.081651], [126.1686, 35.0807], [126.1614, 35.0724], [126.1598, 35.0688], [126.1614, 35.0664], [126.1756, 35.0647], [126.178873, 35.063882], [126.18202, 35.058176], [126.200003, 35.05823], [126.1958, 35.0523], [126.2078, 35.052], [126.223793, 35.044448], [126.226331, 35.023628], [126.256066, 35.014078], [126.294622, 35.057322], [126.314, 35.0549], [126.3032, 35.0589], [126.3082, 35.0625], [126.3134, 35.0707], [126.311097, 35.072567], [126.327679, 35.086329], [126.33, 35.0865], [126.332587, 35.084721], [126.347311, 35.04696], [126.348441, 35.047064], [126.3526, 35.0369], [126.357, 35.0341], [126.36, 35.0389], [126.381337, 35.041587], [126.38212, 35.035071], [126.369937, 35.017023], [126.223193, 34.956701]], [[126.0384, 35.0662], [126.0638, 35.0665], [126.0724, 35.0647], [126.0826, 35.0523], [126.1048, 35.0586], [126.116, 35.0583], [126.1054, 35.0829], [126.1102, 35.0927], [126.1642, 35.1446], [126.11, 35.1269], [126.0508, 35.1021], [126.0488, 35.1006], [126.0422, 35.0789], [126.0466, 35.0781], [126.0604, 35.0728], [126.0586, 35.0687], [126.0418, 35.0681], [126.0384, 35.0662]], [[126.1566, 34.9704], [126.1634, 34.9881], [126.1414, 34.9887], [126.124, 34.9524], [126.141, 34.9547], [126.1566, 34.9704]], [[126.1548, 35.0207], [126.1284, 35.0241], [126.1286, 35.0204], [126.1102, 34.9981], [126.1146, 34.9967], [126.1634, 35.0124], [126.1548, 35.0207]]]}}, {"type": "Feature", "properties": {"ID": "60", "GRP1_CD": "20", "GRP1_NM": "서해청", "GRP2_CD": "2020", "GRP2_NM": "부안서", "POL_NM": "변산파출소"}, "geometry": {"type": "Polygon", "coordinates": [[[126.523611, 35.731944], [126.556516, 35.695224], [126.45824, 35.630616], [126.505502, 35.578771], [126.651791, 35.592803], [126.633333, 35.572222], [126.433333, 35.533333], [126.333333, 35.533333], [126.333333, 35.666667], [126.333333, 35.716667], [126.45, 35.716667], [126.523611, 35.731944]]]}}, {"type": "Feature", "properties": {"ID": "61", "GRP1_CD": "20", "GRP1_NM": "서해청", "GRP2_CD": "2020", "GRP2_NM": "부안서", "POL_NM": "고창파출소"}, "geometry": {"type": "Polygon", "coordinates": [[[126.621857, 35.564368], [126.6206, 35.5649], [126.619259, 35.56259], [126.584558, 35.538837], [126.5598, 35.5349], [126.5552, 35.5321], [126.5326, 35.5281], [126.529, 35.5283], [126.5228, 35.5283], [126.5188, 35.5287], [126.5074, 35.5249], [126.5018, 35.5105], [126.4984, 35.5081], [126.4978, 35.5083], [126.491, 35.5104], [126.4816, 35.5069], [126.4712, 35.4889], [126.474, 35.4806], [126.4724, 35.4787], [126.4436, 35.446], [126.4396, 35.4445], [126.441873, 35.441091], [126.430556, 35.433333], [126.291667, 35.433333], [126.333333, 35.5], [126.333333, 35.533333], [126.433333, 35.533333], [126.633333, 35.572222], [126.621857, 35.564368]]]}}, {"type": "Feature", "properties": {"ID": "62", "GRP1_CD": "20", "GRP1_NM": "서해청", "GRP2_CD": "2020", "GRP2_NM": "부안서", "POL_NM": "위도파출소"}, "geometry": {"type": "Polygon", "coordinates": [[[126.333333, 35.666667], [126.333333, 35.5], [126.083333, 35.5], [126.083333, 35.666667], [126.333333, 35.666667]]]}}, {"type": "Feature", "properties": {"ID": "63", "GRP1_CD": "20", "GRP1_NM": "서해청", "GRP2_CD": "2010", "GRP2_NM": "군산서", "POL_NM": "새만금파출소"}, "geometry": {"type": "Polygon", "coordinates": [[[126.525, 35.917778], [126.48406, 35.820913], [126.523611, 35.731944], [126.45, 35.716667], [126.333333, 35.716667], [126.29, 35.816667], [126.35, 35.917778], [126.525, 35.917778]]]}}, {"type": "Feature", "properties": {"ID": "64", "GRP1_CD": "20", "GRP1_NM": "서해청", "GRP2_CD": "2010", "GRP2_NM": "군산서", "POL_NM": "해망파출소"}, "geometry": {"type": "Polygon", "coordinates": [[[126.508333, 35.979167], [126.508333, 36.070833], [126.583333, 36.033333], [126.583333, 35.990556], [126.6575, 35.990556], [126.666667, 36.0], [126.726667, 36.0], [126.734147, 36.006505], [126.7408, 36.0066], [126.7509, 35.9987], [126.7442, 35.9895], [126.7079, 35.993], [126.6871, 35.9839], [126.5245, 35.970361], [126.508333, 35.979167]]]}}, {"type": "Feature", "properties": {"ID": "65", "GRP1_CD": "10", "GRP1_NM": "중부청", "GRP2_CD": "1040", "GRP2_NM": "보령서", "POL_NM": "장항파출소"}, "geometry": {"type": "Polygon", "coordinates": [[[126.726667, 36.0], [126.666667, 36.0], [126.6575, 35.990556], [126.583333, 35.990556], [126.583333, 36.033333], [126.508333, 36.070833], [126.483333, 36.083333], [126.630173, 36.083333], [126.6314, 36.0626], [126.6332, 36.0523], [126.6452, 36.05], [126.6666, 36.0326], [126.662, 36.0268], [126.6638, 36.018], [126.6638, 36.0143], [126.6628, 36.0141], [126.6842, 36.0044], [126.7028, 36.0027], [126.7086, 36.0022], [126.7338, 36.0065], [126.734147, 36.006505], [126.726667, 36.0]]]}}, {"type": "Feature", "properties": {"ID": "66", "GRP1_CD": "10", "GRP1_NM": "중부청", "GRP2_CD": "1040", "GRP2_NM": "보령서", "POL_NM": "홍원파출소"}, "geometry": {"type": "Polygon", "coordinates": [[[126.483333, 36.083333], [126.45, 36.1], [126.45, 36.181667], [126.524167, 36.181667], [126.526237, 36.179803], [126.5224, 36.16], [126.5138, 36.1581], [126.5138, 36.1563], [126.5008, 36.1269], [126.5432, 36.142], [126.584988, 36.126896], [126.594402, 36.118415], [126.5944, 36.1184], [126.6068, 36.1065], [126.610921, 36.103532], [126.629995, 36.086342], [126.630173, 36.083333], [126.483333, 36.083333]]]}}, {"type": "Feature", "properties": {"ID": "67", "GRP1_CD": "10", "GRP1_NM": "중부청", "GRP2_CD": "1040", "GRP2_NM": "보령서", "POL_NM": "오천파출소"}, "geometry": {"type": "Polygon", "coordinates": [[[126.519288, 36.437728], [126.502572, 36.415611], [126.494471, 36.412332], [126.487363, 36.398219], [126.488044, 36.396384], [126.479444, 36.385], [126.429167, 36.391667], [126.451667, 36.425], [126.436667, 36.483333], [126.48138, 36.483333], [126.4812, 36.4748], [126.4894, 36.4683], [126.4924, 36.4667], [126.4922, 36.4665], [126.4918, 36.446], [126.4988, 36.4409], [126.51278, 36.445984], [126.519288, 36.437728]]]}}, {"type": "Feature", "properties": {"ID": "69", "GRP1_CD": "10", "GRP1_NM": "중부청", "GRP2_CD": "1030", "GRP2_NM": "태안서", "POL_NM": "학암포파출소"}, "geometry": {"type": "Polygon", "coordinates": [[[126.339117, 36.857753], [126.326, 36.8541], [126.3272, 36.8505], [126.321658, 36.848653], [126.296917, 36.845811], [126.2964, 36.8465], [126.2982, 36.8503], [126.3062, 36.8581], [126.3082, 36.8644], [126.3088, 36.866], [126.313, 36.8709], [126.3144, 36.8784], [126.3148, 36.8787], [126.3208, 36.8984], [126.3214, 36.9001], [126.3102, 36.9105], [126.3102, 36.9108], [126.3058, 36.9343], [126.3058, 36.9344], [126.3036, 36.9423], [126.3054, 36.944], [126.3014, 36.9548], [126.2996, 36.9589], [126.2954, 36.9589], [126.3046, 36.9647], [126.3006, 36.9765], [126.2976, 36.9729], [126.2968, 36.9685], [126.295, 36.968], [126.2866, 36.9605], [126.293, 36.9206], [126.2892, 36.9148], [126.2868, 36.9102], [126.2852, 36.9087], [126.2854, 36.9047], [126.2826, 36.8985], [126.2794, 36.8969], [126.2748, 36.8849], [126.2736, 36.8844], [126.2736, 36.8803], [126.2754, 36.8781], [126.2732, 36.8748], [126.259, 36.8768], [126.2554, 36.8761], [126.2244, 36.8829], [126.2274, 36.8863], [126.2342, 36.8901], [126.236, 36.8921], [126.244, 36.9042], [126.2338, 36.9027], [126.2174, 36.8982], [126.2108, 36.8965], [126.2084, 36.8968], [126.2072, 36.898], [126.205, 36.9028], [126.2044, 36.9001], [126.2036, 36.896], [126.2036, 36.8943], [126.1994, 36.8924], [126.18, 36.886], [126.19, 36.8767], [126.185, 36.8668], [126.185, 36.8648], [126.1914, 36.8586], [126.1918, 36.858], [126.1926, 36.8569], [126.1943, 36.8548], [126.195, 36.8536], [126.1942, 36.8504], [126.1882, 36.843], [126.1819, 36.8394], [126.175428, 36.835674], [126.170835, 36.843288], [126.160278, 36.849444], [126.091389, 36.849444], [126.166667, 36.986111], [126.3, 36.986111], [126.330278, 36.986111], [126.339117, 36.857753]]]}}, {"type": "Feature", "properties": {"ID": "70", "GRP1_CD": "10", "GRP1_NM": "중부청", "GRP2_CD": "1030", "GRP2_NM": "태안서", "POL_NM": "신진파출소"}, "geometry": {"type": "Polygon", "coordinates": [[[126.272222, 36.723611], [126.145833, 36.583333], [126.008333, 36.7], [126.116667, 36.7], [126.184672, 36.744004], [126.2116, 36.7328], [126.2112, 36.7302], [126.211, 36.7285], [126.2046, 36.7147], [126.2064, 36.7121], [126.1918, 36.7041], [126.1608, 36.7082], [126.1516, 36.6905], [126.1648, 36.6845], [126.1646, 36.6747], [126.1676, 36.676], [126.204, 36.6829], [126.2156, 36.6922], [126.2216, 36.6905], [126.224, 36.6901], [126.2272, 36.6925], [126.2296, 36.694], [126.2332, 36.6942], [126.2332, 36.6964], [126.2328, 36.6988], [126.2412, 36.7005], [126.236, 36.714], [126.2548, 36.7163], [126.2584, 36.7182], [126.2652, 36.7221], [126.267477, 36.724856], [126.272222, 36.723611]]]}}, {"type": "Feature", "properties": {"ID": "74", "GRP1_CD": "10", "GRP1_NM": "중부청", "GRP2_CD": "1010", "GRP2_NM": "인천서", "POL_NM": "하늘바다파출소"}, "geometry": {"type": "Polygon", "coordinates": [[[126.45, 37.333333], [126.325, 37.333333], [126.304167, 37.558333], [126.554167, 37.558333], [126.554167, 37.536667], [126.554167, 37.51851], [126.544245, 37.523326], [126.525424, 37.527807], [126.520762, 37.534298], [126.512644, 37.534548], [126.497691, 37.531912], [126.495431, 37.525811], [126.493799, 37.5181], [126.491921, 37.512269], [126.483482, 37.504383], [126.47038, 37.502985], [126.464859, 37.499882], [126.43242, 37.503781], [126.373583, 37.471895], [126.369654, 37.471284], [126.368608, 37.473655], [126.363115, 37.474092], [126.359185, 37.473272], [126.358384, 37.470563], [126.356025, 37.469737], [126.356783, 37.464937], [126.357028, 37.462016], [126.359641, 37.461381], [126.36093, 37.45804], [126.365106, 37.456147], [126.36616, 37.457395], [126.36929, 37.455715], [126.369786, 37.451124], [126.368466, 37.449044], [126.369244, 37.447789], [126.372372, 37.445901], [126.370273, 37.444866], [126.366605, 37.443836], [126.36398, 37.442177], [126.367634, 37.440913], [126.37182, 37.440897], [126.376531, 37.441505], [126.37912, 37.436907], [126.381216, 37.437525], [126.381495, 37.440444], [126.388812, 37.439373], [126.390384, 37.439784], [126.389348, 37.441456], [126.395131, 37.446022], [126.403727, 37.440148], [126.399774, 37.435576], [126.401331, 37.433484], [126.405802, 37.437429], [126.409206, 37.43804], [126.418035, 37.428202], [126.419055, 37.422285], [126.423495, 37.421432], [126.4256, 37.423509], [126.435001, 37.421591], [126.4418, 37.421562], [126.476722, 37.440798], [126.494007, 37.447765], [126.45, 37.333333]], [[126.4266, 37.542], [126.429, 37.5225], [126.4522, 37.5187], [126.4664, 37.5144], [126.4658, 37.5424], [126.4402, 37.5369], [126.4266, 37.542]], [[126.325312, 37.524981], [126.327926, 37.523929], [126.334763, 37.529122], [126.33974, 37.529105], [126.349949, 37.528027], [126.361488, 37.53049], [126.378503, 37.52855], [126.384542, 37.53103], [126.383786, 37.536039], [126.371211, 37.535878], [126.352608, 37.535111], [126.344507, 37.538894], [126.340343, 37.543914], [126.338016, 37.549763], [126.327805, 37.551257], [126.313921, 37.551928], [126.320702, 37.545648], [126.327759, 37.542287], [126.329301, 37.53665], [126.327442, 37.531649], [126.327686, 37.528102], [126.325312, 37.524981]]]}}, {"type": "Feature", "properties": {"ID": "75", "GRP1_CD": "10", "GRP1_NM": "중부청", "GRP2_CD": "1010", "GRP2_NM": "인천서", "POL_NM": "인항파출소"}, "geometry": {"type": "Polygon", "coordinates": [[[126.554099, 37.518562], [126.554099, 37.53672], [126.600011, 37.53672], [126.607807, 37.512417], [126.6074, 37.5069], [126.61011, 37.505237], [126.640278, 37.411111], [126.45, 37.333333], [126.494007, 37.447765], [126.496664, 37.448835], [126.507001, 37.465678], [126.521421, 37.46915], [126.54243, 37.4778], [126.549344, 37.476782], [126.566912, 37.480439], [126.57008, 37.483549], [126.584535, 37.489933], [126.578347, 37.500398], [126.578385, 37.50457], [126.569257, 37.508585], [126.565648, 37.515072], [126.555981, 37.517629], [126.554086, 37.518549], [126.554099, 37.518562]]]}}, {"type": "Feature", "properties": {"ID": "76", "GRP1_CD": "10", "GRP1_NM": "중부청", "GRP2_CD": "1010", "GRP2_NM": "인천서", "POL_NM": "대청파출소"}, "geometry": {"type": "Polygon", "coordinates": [[[124.772222, 37.883333], [124.783333, 37.775], [124.783333, 37.716667], [124.608333, 37.716667], [124.527778, 37.883333], [124.772222, 37.883333]], [[124.772181, 37.779159], [124.734241, 37.776443], [124.723271, 37.784034], [124.720001, 37.781863], [124.716721, 37.779699], [124.702621, 37.754783], [124.721581, 37.749359], [124.736431, 37.764869], [124.740561, 37.765619], [124.744671, 37.766349], [124.770591, 37.754783], [124.769001, 37.766959], [124.772181, 37.779159]], [[124.695625, 37.856301], [124.692495, 37.854683], [124.689365, 37.853062], [124.676685, 37.833008], [124.668795, 37.8154], [124.649825, 37.816757], [124.670485, 37.801867], [124.671955, 37.78154], [124.684615, 37.795082], [124.708825, 37.792134], [124.711485, 37.79374], [124.714125, 37.795342], [124.722545, 37.809987], [124.713055, 37.830304], [124.728865, 37.842492], [124.705155, 37.846558], [124.695625, 37.856301]]]}}, {"type": "Feature", "properties": {"ID": "77", "GRP1_CD": "10", "GRP1_NM": "중부청", "GRP2_CD": "1010", "GRP2_NM": "인천서", "POL_NM": "백령파출소"}, "geometry": {"type": "Polygon", "coordinates": [[[124.772222, 37.883333], [124.527778, 37.883333], [124.5, 37.916667], [124.6, 37.991667], [124.75, 37.991667], [124.772222, 37.883333]], [[124.651795, 37.974088], [124.623715, 37.980174], [124.608535, 37.96987], [124.608535, 37.967474], [124.608535, 37.965083], [124.622895, 37.95806], [124.638395, 37.925932], [124.683215, 37.921788], [124.700395, 37.917218], [124.706975, 37.941268], [124.690325, 37.945648], [124.703975, 37.958849], [124.726495, 37.951743], [124.746635, 37.961388], [124.726905, 37.987018], [124.721145, 37.98881], [124.715405, 37.990599], [124.676105, 37.988299], [124.651795, 37.974088]]]}}, {"type": "Feature", "properties": {"ID": "78", "GRP1_CD": "10", "GRP1_NM": "중부청", "GRP2_CD": "1010", "GRP2_NM": "인천서", "POL_NM": "신항만파출소"}, "geometry": {"type": "Polygon", "coordinates": [[[126.640278, 37.411111], [126.693333, 37.335833], [126.612778, 37.314167], [126.58, 37.295556], [126.574167, 37.296944], [126.528333, 37.294444], [126.45, 37.333333], [126.640278, 37.411111]]]}}, {"type": "Feature", "properties": {"ID": "88", "GRP1_CD": "10", "GRP1_NM": "중부청", "GRP2_CD": "1020", "GRP2_NM": "평택서", "POL_NM": "평택파출소"}, "geometry": {"type": "Polygon", "coordinates": [[[126.768801, 37.047349], [126.771403, 37.034253], [126.7926, 37.0269], [126.803351, 37.021686], [126.803357, 37.021688], [126.803372, 37.02168], [126.803466, 37.021708], [126.822865, 37.007355], [126.8194, 37.0069], [126.79, 36.9987], [126.794, 36.9929], [126.805, 36.996], [126.8094, 36.9961], [126.8296, 36.9909], [126.834, 36.98], [126.845, 36.9762], [126.8472, 36.9768], [126.8726, 36.9429], [126.873, 36.9428], [126.8787, 36.940125], [126.906404, 36.901365], [126.897052, 36.886582], [126.896457, 36.886411], [126.8818, 36.884], [126.871079, 36.879086], [126.869098, 36.878515], [126.86401, 36.878621], [126.851795, 36.881972], [126.852, 36.8825], [126.8504, 36.8827], [126.8394, 36.886], [126.826241, 36.89659], [126.8125, 36.944444], [126.783333, 36.983333], [126.692222, 37.045278], [126.730278, 37.075833], [126.768801, 37.047349]]]}}, {"type": "Feature", "properties": {"ID": "89", "GRP1_CD": "10", "GRP1_NM": "중부청", "GRP2_CD": "1020", "GRP2_NM": "평택서", "POL_NM": "대부파출소"}, "geometry": {"type": "Polygon", "coordinates": [[[126.692222, 37.045278], [126.523611, 37.199167], [126.533333, 37.199167], [126.564551, 37.198457], [126.5648, 37.192], [126.568745, 37.198361], [126.650577, 37.1965], [126.665453, 37.173993], [126.6636, 37.154], [126.677895, 37.155162], [126.686324, 37.142402], [126.6762, 37.1325], [126.6914, 37.1124], [126.70228, 37.118244], [126.730278, 37.075833], [126.692222, 37.045278]], [[126.6272, 37.1643], [126.6302, 37.1685], [126.6312, 37.1705], [126.6326, 37.172], [126.6266, 37.174], [126.6246, 37.174], [126.6174, 37.1668], [126.6184, 37.164], [126.6272, 37.1643]]]}}, {"type": "Feature", "properties": {"ID": "90", "GRP1_CD": "10", "GRP1_NM": "중부청", "GRP2_CD": "1020", "GRP2_NM": "평택서", "POL_NM": "안산파출소"}, "geometry": {"type": "Polygon", "coordinates": [[[126.740449, 37.308988], [126.7534, 37.3], [126.758358, 37.298781], [126.773898, 37.289924], [126.725865, 37.253482], [126.7074, 37.2546], [126.6828, 37.2521], [126.6802, 37.2428], [126.6768, 37.24], [126.6784, 37.2228], [126.668918, 37.210257], [126.650833, 37.196524], [126.56875, 37.19837], [126.5728, 37.2049], [126.5788, 37.2203], [126.602, 37.2244], [126.602, 37.2285], [126.6334, 37.2148], [126.6486, 37.2084], [126.6486, 37.2124], [126.617, 37.2544], [126.5724, 37.2769], [126.5704, 37.2785], [126.5634, 37.272], [126.5492, 37.2768], [126.5624, 37.2542], [126.564551, 37.198465], [126.533333, 37.199167], [126.523611, 37.199167], [126.503611, 37.216111], [126.533333, 37.228611], [126.54, 37.233056], [126.528333, 37.294444], [126.574167, 37.296944], [126.58, 37.295556], [126.612778, 37.314167], [126.693333, 37.335833], [126.740449, 37.308988]]]}}, {"type": "Feature", "properties": {"ID": "91", "GRP1_CD": "10", "GRP1_NM": "중부청", "GRP2_CD": "1020", "GRP2_NM": "평택서", "POL_NM": "당진파출소"}, "geometry": {"type": "Polygon", "coordinates": [[[126.5, 37.091667], [126.725, 37.015278], [126.783333, 36.983333], [126.8125, 36.944444], [126.826241, 36.89659], [126.8184, 36.9029], [126.8168, 36.9083], [126.8166, 36.9102], [126.7958, 36.9327], [126.7942, 36.9428], [126.7858, 36.9462], [126.7868, 36.9508], [126.7884, 36.9529], [126.7852, 36.9546], [126.7784, 36.9605], [126.7826, 36.9668], [126.783089, 36.97582], [126.746587, 36.985684], [126.712658, 36.994266], [126.704814, 36.98953], [126.703066, 36.996001], [126.699992, 36.999982], [126.690643, 37.000255], [126.683083, 36.997807], [126.64752, 37.000336], [126.640228, 36.998508], [126.618464, 37.004479], [126.600898, 37.015213], [126.578899, 37.024928], [126.5436, 37.0321], [126.5127, 37.0564], [126.5014, 37.0579], [126.500105, 37.056322], [126.5, 37.063889], [126.5, 37.091667]]]}}, {"type": "Feature", "properties": {"ID": "99", "GRP1_CD": "10", "GRP1_NM": "중부청", "GRP2_CD": "1030", "GRP2_NM": "태안서", "POL_NM": "마검포파출소"}, "geometry": {"type": "MultiPolygon", "coordinates": [[[[126.175173, 36.536629], [126.145803, 36.583348], [126.272446, 36.723653], [126.275318, 36.721482], [126.2734, 36.7147], [126.2738, 36.6988], [126.2756, 36.6983], [126.2622, 36.6944], [126.2622, 36.6903], [126.2702, 36.6704], [126.2738, 36.6706], [126.278, 36.6702], [126.2812, 36.6724], [126.2938, 36.6601], [126.2972, 36.6542], [126.2994, 36.648], [126.301, 36.6388], [126.3022, 36.636], [126.2916, 36.6146], [126.2916, 36.612], [126.2886, 36.6149], [126.2902, 36.6105], [126.2912, 36.6], [126.3166, 36.5847], [126.3136, 36.5804], [126.3298, 36.5441], [126.3288, 36.5388], [126.328633, 36.538085], [126.216266, 36.537008], [126.175173, 36.536629]]], [[[126.381173, 36.527671], [126.3804, 36.5307], [126.3778, 36.5407], [126.3716, 36.5488], [126.3744, 36.56], [126.3702, 36.5744], [126.3742, 36.5866], [126.373, 36.594], [126.3694, 36.6042], [126.3498, 36.6065], [126.3298, 36.5989], [126.3312, 36.6008], [126.3278, 36.6049], [126.3336, 36.6087], [126.33, 36.6143], [126.3324, 36.6143], [126.3312, 36.6185], [126.341, 36.6143], [126.3456, 36.6144], [126.346849, 36.667404], [126.355403, 36.660933], [126.3646, 36.6266], [126.4162, 36.6026], [126.422, 36.6026], [126.425999, 36.60752], [126.433852, 36.601576], [126.424673, 36.583027], [126.425529, 36.521492], [126.381173, 36.527671]]]]}}, {"type": "Feature", "properties": {"ID": "92", "GRP1_CD": "30", "GRP1_NM": "남해청", "GRP2_CD": "3050", "GRP2_NM": "사천서", "POL_NM": "사천파출소"}, "geometry": {"type": "Polygon", "coordinates": [[[128.03238, 34.831041], [128.032044, 34.832456], [128.031335, 34.833922], [128.030613, 34.834973], [128.02785, 34.835031], [128.025828, 34.834658], [128.020006, 34.833329], [128.018473, 34.832532], [128.019102, 34.831639], [128.013032, 34.831912], [128.011923, 34.83245], [128.010403, 34.832067], [128.010347, 34.832033], [128.004363, 34.832302], [128.003634, 34.832622], [128.000064, 34.83288], [128.000555, 34.835831], [128.000651, 34.836788], [128.009226, 34.837104], [128.0184, 34.8378], [128.023226, 34.842824], [128.031542, 34.843479], [128.03524, 34.841122], [128.042925, 34.837644], [128.050442, 34.836864], [128.057192, 34.835685], [128.0636, 34.8304], [128.069906, 34.832306], [128.069978, 34.834999], [128.075498, 34.834673], [128.077087, 34.829251], [128.087133, 34.829035], [128.0866, 34.8388], [128.0814, 34.8391], [128.0816, 34.8477], [128.0689, 34.8482], [128.0644, 34.8548], [128.0556, 34.8501], [128.0515, 34.8556], [128.0654, 34.8616], [128.065239, 34.862464], [128.065804, 34.86469], [128.066153, 34.865361], [128.066299, 34.866638], [128.067, 34.8694], [128.0519, 34.883], [128.050021, 34.889161], [128.0477, 34.8972], [128.034982, 34.897491], [128.0347, 34.8975], [128.034698, 34.897498], [128.0346, 34.8975], [128.027749, 34.888764], [128.021634, 34.882155], [128.020244, 34.877831], [128.019834, 34.872658], [128.024998, 34.868819], [128.020083, 34.864361], [128.017124, 34.866288], [128.014341, 34.865724], [128.010917, 34.868904], [128.010296, 34.87327], [128.012665, 34.876745], [128.013294, 34.880877], [128.014672, 34.884787], [128.016961, 34.89386], [128.019099, 34.897547], [128.023488, 34.901187], [128.026047, 34.902584], [128.027992, 34.908555], [128.030956, 34.91492], [128.033051, 34.917571], [128.03131, 34.918229], [128.032864, 34.919648], [128.029941, 34.922818], [128.0213, 34.920096], [128.01732, 34.92163], [128.014277, 34.920864], [128.01151, 34.920921], [128.009788, 34.92046], [128.046488, 35.017373], [128.0479, 35.0168], [128.05159, 34.977907], [128.04353, 34.971124], [128.0296, 34.9596], [128.02967, 34.959459], [128.0296, 34.9594], [128.031283, 34.956233], [128.0392, 34.9404], [128.0549, 34.9286], [128.07, 34.9242], [128.070074, 34.924186], [128.0707, 34.924], [128.075758, 34.923131], [128.077, 34.9229], [128.077003, 34.922917], [128.0771, 34.9229], [128.077681, 34.925902], [128.0876, 34.926098], [128.086694, 34.921797], [128.0859, 34.9184], [128.0922, 34.9182], [128.0949, 34.9252], [128.1034, 34.9227], [128.103446, 34.922726], [128.1035, 34.9227], [128.1109, 34.926937], [128.1165, 34.9301], [128.1237, 34.9207], [128.1233, 34.9163], [128.12122, 34.91422], [128.121198, 34.9142], [128.1132, 34.9122], [128.1106, 34.9127], [128.113599, 34.9062], [128.116889, 34.907496], [128.1201, 34.9087], [128.1211, 34.908575], [128.121706, 34.908423], [128.122199, 34.9023], [128.127198, 34.9009], [128.1288, 34.8983], [128.129798, 34.8949], [128.143, 34.8942], [128.1526, 34.8984], [128.1492, 34.9024], [128.152999, 34.9021], [128.1556, 34.9043], [128.173397, 34.896], [128.173398, 34.896], [128.173398, 34.896], [128.188798, 34.8984], [128.189, 34.9003], [128.192, 34.8989], [128.204, 34.9002], [128.2036, 34.9181], [128.2066, 34.9243], [128.202, 34.9363], [128.204, 34.938], [128.2106, 34.9386], [128.2134, 34.9367], [128.2224, 34.9385], [128.224749, 34.942147], [128.2284, 34.940334], [128.2284, 34.94], [128.229317, 34.939878], [128.264836, 34.922237], [128.2674, 34.9183], [128.270997, 34.9163], [128.2722, 34.912], [128.278359, 34.912], [128.283333, 34.904167], [128.283333, 34.794444], [128.240833, 34.795278], [128.086389, 34.828611], [128.03238, 34.831041]], [[128.2144, 34.806], [128.2298, 34.7982], [128.235998, 34.7984], [128.2464, 34.8007], [128.2596, 34.8064], [128.2578, 34.8186], [128.2244, 34.8368], [128.211, 34.8266], [128.2142, 34.82], [128.2118, 34.8089], [128.2144, 34.806]], [[128.2298, 34.8467], [128.2116, 34.8502], [128.1708, 34.8384], [128.191397, 34.8249], [128.191397, 34.8249], [128.191398, 34.8249], [128.2132, 34.84], [128.2298, 34.8467]]]}}, {"type": "Feature", "properties": {"ID": "94", "GRP1_CD": "20", "GRP1_NM": "서해청", "GRP2_CD": "2030", "GRP2_NM": "목포서", "POL_NM": "북항파출소"}, "geometry": {"type": "Polygon", "coordinates": [[[126.361245, 34.793505], [126.296233, 34.789431], [126.1879, 34.66832], [126.204289, 34.858043], [126.112622, 34.930543], [126.208456, 34.903321], [126.223733, 34.956099], [126.369863, 35.016913], [126.364663, 35.009208], [126.311653, 34.975606], [126.3058, 34.9804], [126.304532, 34.971092], [126.295594, 34.965424], [126.30244, 34.956565], [126.3016, 34.9548], [126.3156, 34.9327], [126.3082, 34.9269], [126.3166, 34.9266], [126.323, 34.9266], [126.325595, 34.926595], [126.332462, 34.917705], [126.391159, 34.921936], [126.3906, 34.8865], [126.3892, 34.8784], [126.3902, 34.8748], [126.394236, 34.879359], [126.394879, 34.869958], [126.388734, 34.839173], [126.361245, 34.793505], [126.361245, 34.793505], [126.361245, 34.793505]], [[126.3112, 34.8587], [126.3318, 34.8423], [126.3372, 34.8243], [126.3522, 34.8163], [126.3628, 34.8328], [126.3724, 34.844], [126.3712, 34.8686], [126.369, 34.8767], [126.335, 34.8608], [126.3234, 34.8726], [126.332, 34.8866], [126.3384, 34.8862], [126.3004, 34.9184], [126.3028, 34.8944], [126.2954, 34.882], [126.2928, 34.8786], [126.2828, 34.8784], [126.2645, 34.8604], [126.2642, 34.8553], [126.3074, 34.8606], [126.3112, 34.8587]]]}}, {"type": "Feature", "properties": {"ID": "95", "GRP1_CD": "20", "GRP1_NM": "서해청", "GRP2_CD": "2050", "GRP2_NM": "여수서", "POL_NM": "광양파출소"}, "geometry": {"type": "Polygon", "coordinates": [[[127.769964, 34.832979], [127.772402, 34.858145], [127.766776, 34.859684], [127.746708, 34.847987], [127.739018, 34.851989], [127.707697, 34.850758], [127.649745, 34.826744], [127.642055, 34.818276], [127.63377, 34.825642], [127.630474, 34.828553], [127.633099, 34.842715], [127.626723, 34.841792], [127.608906, 34.84918], [127.585427, 34.873899], [127.611121, 34.892053], [127.604182, 34.905128], [127.59049, 34.917893], [127.5783, 34.91774], [127.5792, 34.9204], [127.5818, 34.9201], [127.584175, 34.924256], [127.604932, 34.929273], [127.61656, 34.908512], [127.621436, 34.902206], [127.625, 34.9044], [127.639816, 34.8839], [127.670199, 34.902975], [127.686891, 34.912818], [127.69308, 34.915894], [127.687079, 34.922507], [127.6902, 34.9245], [127.6904, 34.9246], [127.694956, 34.919124], [127.699457, 34.929273], [127.7072, 34.9346], [127.7128, 34.9343], [127.711648, 34.937729], [127.7212, 34.9448], [127.7198, 34.9503], [127.728, 34.9487], [127.734716, 34.957407], [127.7628, 34.9687], [127.7632, 34.9707], [127.763729, 34.974269], [127.771112, 34.972488], [127.7812, 34.9624], [127.7962, 34.9589], [127.7944, 34.9623], [127.8008, 34.9641], [127.803616, 34.964648], [127.804876, 34.964344], [127.8068, 34.9625], [127.8124, 34.9566], [127.8251, 34.954], [127.8282, 34.951], [127.8333, 34.9495], [127.8342, 34.954], [127.8346, 34.9564], [127.833187, 34.957514], [127.84069, 34.955704], [127.841, 34.9545], [127.841974, 34.955394], [127.866802, 34.949404], [127.8656, 34.9464], [127.872419, 34.947735], [127.871708, 34.942292], [127.866716, 34.939755], [127.864036, 34.934002], [127.865511, 34.93273], [127.862468, 34.931959], [127.859765, 34.934291], [127.857489, 34.93392], [127.856676, 34.931863], [127.859127, 34.929535], [127.856588, 34.928755], [127.854061, 34.928388], [127.85402, 34.926938], [127.856717, 34.924399], [127.858174, 34.922506], [127.858917, 34.922077], [127.856636, 34.921499], [127.854571, 34.919672], [127.852764, 34.918048], [127.850676, 34.915393], [127.855677, 34.914262], [127.855882, 34.912599], [127.85659, 34.910928], [127.858543, 34.908817], [127.861011, 34.907112], [127.86445, 34.904144], [127.863168, 34.902523], [127.863164, 34.90263], [127.851532, 34.904006], [127.843639, 34.902941], [127.831209, 34.899492], [127.829984, 34.88899], [127.826634, 34.874479], [127.812643, 34.865836], [127.809419, 34.853914], [127.812208, 34.848195], [127.813859, 34.83683], [127.815921, 34.833229], [127.769964, 34.832979]], [[127.787598, 34.887734], [127.787867, 34.909736], [127.768676, 34.922473], [127.747794, 34.922711], [127.739866, 34.931829], [127.726775, 34.931751], [127.71702, 34.924462], [127.723385, 34.909103], [127.761753, 34.905202], [127.764603, 34.893232], [127.787598, 34.887734]], [[127.773283, 34.944788], [127.766232, 34.954131], [127.750874, 34.949304], [127.748568, 34.940818], [127.752812, 34.93473], [127.773392, 34.934789], [127.773283, 34.944788]]]}}]}