{"type": "FeatureCollection", "_about": {"what": "파출소별 관할 해역(정리판) — coastguard_stations_law.geojson(별표 원문)에 검증된 수정만 적용", "source": "각 지방해양경찰청 사무분장 규칙 [별표 1]", "fixes": "properties.fixes 에 파출소별 수정 내역", "reference": "개방海 tl_kcgarea_a(2024-03-26 개정, 2024-11-30 작성) — 어긋나는 곳 판단에만 사용", "review_needed": "평택·여호·울산항·광양 — 사용자 확인 전", "made": "2026-10-10"}, "features": [{"type": "Feature", "properties": {"region": "중부지방해양경찰청", "station": "인천해양경찰서", "name": "영흥파출소", "address": "인천광역시 옹진군 영흥면 영흥로 109-18", "address_lines": ["인천광역시 옹진군", "영흥면 영흥로", "109-18"], "parts": 1, "coords_raw": [["37 - 17 - 40 N 126 - 31 - 42 E", "37 - 13 - 59 N 126 - 32 - 24 E", "37 - 13 - 43 N 126 - 32 - 00 E", "37 - 09 - 00 N 126 - 20 - 51 E", "37 - 09 - 00 N 126 - 00 - 00 E", "37 - 10 - 00 N 126 - 00 - 00 E", "37 - 10 - 00 N 125 - 53 - 00 E", "37 - 20 - 00 N 126 - 00 - 00 E", "37 - 20 - 00 N 126 - 27 - 00 E"]], "notes": [], "source_pdf": "70887274-___1___________________26_____________________________.pdf", "pages": [1], "warnings": [], "support_area": [], "region_source": "직제 시행규칙 [별표2] 서→지방청 대응", "area_lines_raw": ["37 - 17 - 40 N 126 - 31 - 42 E", "37 - 13 - 59 N 126 - 32 - 24 E", "37 - 13 - 43 N 126 - 32 - 00 E", "37 - 09 - 00 N 126 - 20 - 51 E", "37 - 09 - 00 N 126 - 00 - 00 E", "37 - 10 - 00 N 126 - 00 - 00 E", "37 - 10 - 00 N 125 - 53 - 00 E", "37 - 20 - 00 N 126 - 00 - 00 E", "37 - 20 - 00 N 126 - 27 - 00 E", "점을 연결한 내측해역"], "iou_khoa_2024": 0.923, "fixes": [], "review_needed": false, "valid": true}, "geometry": {"type": "Polygon", "coordinates": [[[126.528333, 37.294444], [126.54, 37.233056], [126.533333, 37.228611], [126.3475, 37.15], [126.0, 37.15], [126.0, 37.166667], [125.883333, 37.166667], [126.0, 37.333333], [126.45, 37.333333], [126.528333, 37.294444]]]}}, {"type": "Feature", "properties": {"region": "중부지방해양경찰청", "station": "인천해양경찰서", "name": "신항만파출소", "address": "경기도 시흥시 오이도로 175", "address_lines": ["경기도 시흥시", "오이도로 175"], "parts": 1, "coords_raw": [["37 - 24 - 40 N 126 - 38 - 25 E", "37 - 20 - 00 N 126 - 27 - 00 E", "37 - 17 - 40 N 126 - 31 - 42 E", "37 - 17 - 49 N 126 - 34 - 27 E", "37 - 17 - 44 N 126 - 34 - 48 E", "37 - 18 - 51 N 126 - 36 - 46 E", "37 - 20 - 09 N 126 - 41 - 36 E"]], "notes": [], "source_pdf": "70887274-___1___________________26_____________________________.pdf", "pages": [1], "warnings": [], "support_area": [], "region_source": "직제 시행규칙 [별표2] 서→지방청 대응", "area_lines_raw": ["37 - 24 - 40 N 126 - 38 - 25 E", "37 - 20 - 00 N 126 - 27 - 00 E", "37 - 17 - 40 N 126 - 31 - 42 E", "37 - 17 - 49 N 126 - 34 - 27 E", "37 - 17 - 44 N 126 - 34 - 48 E", "37 - 18 - 51 N 126 - 36 - 46 E", "37 - 20 - 09 N 126 - 41 - 36 E", "점을 연결한 내측해역"], "iou_khoa_2024": 0.762, "fixes": [], "review_needed": false, "valid": true}, "geometry": {"type": "Polygon", "coordinates": [[[126.640278, 37.411111], [126.45, 37.333333], [126.528333, 37.294444], [126.574167, 37.296944], [126.58, 37.295556], [126.612778, 37.314167], [126.693333, 37.335833], [126.640278, 37.411111]]]}}, {"type": "Feature", "properties": {"region": "중부지방해양경찰청", "station": "인천해양경찰서", "name": "백령파출소", "address": "인천광역시 옹진군 백령로 68-81", "address_lines": ["인천광역시 옹진군", "백령로 68-81"], "parts": 1, "coords_raw": [["37 - 59 - 30 N 124 - 45 - 00 E", "37 - 59 - 30 N 124 - 36 - 00 E", "37 - 55 - 00 N 124 - 30 - 00 E", "37 - 53 - 00 N 124 - 31 - 40 E", "37 - 53 - 00 N 124 - 46 - 20 E"]], "notes": [], "source_pdf": "70887274-___1___________________26_____________________________.pdf", "pages": [1], "warnings": [], "support_area": [], "region_source": "직제 시행규칙 [별표2] 서→지방청 대응", "area_lines_raw": ["37 - 59 - 30 N 124 - 45 - 00 E", "37 - 59 - 30 N 124 - 36 - 00 E", "37 - 55 - 00 N 124 - 30 - 00 E", "37 - 53 - 00 N 124 - 31 - 40 E", "37 - 53 - 00 N 124 - 46 - 20 E", "점을 연결한 내측해역"], "iou_khoa_2024": 0.776, "fixes": [], "review_needed": false, "valid": true}, "geometry": {"type": "Polygon", "coordinates": [[[124.75, 37.991667], [124.6, 37.991667], [124.5, 37.916667], [124.527778, 37.883333], [124.772222, 37.883333], [124.75, 37.991667]]]}}, {"type": "Feature", "properties": {"region": "중부지방해양경찰청", "station": "인천해양경찰서", "name": "대청파출소", "address": "인천광역시 옹진군 대청면 대청로 22-1", "address_lines": ["인천광역시 옹진군", "대청면 대청로 22-1"], "parts": 1, "coords_raw": [["37 - 53 - 00 N 124 - 46 - 20 E", "37 - 53 - 00 N 124 - 31 - 40 E", "37 - 43 - 00 N 124 - 36 - 30 E", "37 - 43 - 00 N 124 - 47 - 00 E", "37 - 46 - 30 N 124 - 47 - 00 E"]], "notes": [], "source_pdf": "70887274-___1___________________26_____________________________.pdf", "pages": [1], "warnings": [], "support_area": [], "region_source": "직제 시행규칙 [별표2] 서→지방청 대응", "area_lines_raw": ["37 - 53 - 00 N 124 - 46 - 20 E", "37 - 53 - 00 N 124 - 31 - 40 E", "37 - 43 - 00 N 124 - 36 - 30 E", "37 - 43 - 00 N 124 - 47 - 00 E", "37 - 46 - 30 N 124 - 47 - 00 E", "점을 연결한 내측해역"], "iou_khoa_2024": 0.951, "fixes": [], "review_needed": false, "valid": true}, "geometry": {"type": "Polygon", "coordinates": [[[124.772222, 37.883333], [124.527778, 37.883333], [124.608333, 37.716667], [124.783333, 37.716667], [124.783333, 37.775], [124.772222, 37.883333]]]}}, {"type": "Feature", "properties": {"region": "중부지방해양경찰청", "station": "인천해양경찰서", "name": "인항파출소", "address": "인천광역시 중구 축항대로 64-16", "address_lines": ["인천광역시 중구", "축항대로 64-16"], "parts": 1, "coords_raw": [["37 - 32 - 12 N 126 - 36 - 00 E", "37 - 32 - 12 N 126 - 33 - 15 E", "37 - 31 - 06 N 126 - 33 - 15 E", "37 - 27 - 48 N 126 - 30 - 00 E", "37 - 20 - 00 N 126 - 27 - 00 E", "37 - 24 - 40 N 126 - 38 - 25 E"]], "notes": ["[덩어리1·3번 점과 4번 점 사이] 영종도 동쪽 해안선"], "source_pdf": "70887274-___1___________________26_____________________________.pdf", "pages": [1, 2], "warnings": [], "support_area": [], "region_source": "직제 시행규칙 [별표2] 서→지방청 대응", "area_lines_raw": ["37 - 32 - 12 N 126 - 36 - 00 E", "37 - 32 - 12 N 126 - 33 - 15 E", "37 - 31 - 06 N 126 - 33 - 15 E", "영종도 동쪽 해안선", "37 - 27 - 48 N 126 - 30 - 00 E", "37 - 20 - 00 N 126 - 27 - 00 E", "37 - 24 - 40 N 126 - 38 - 25 E", "점을 연결한 내측 해역"], "iou_khoa_2024": 0.765, "fixes": [], "review_needed": false, "valid": true}, "geometry": {"type": "Polygon", "coordinates": [[[126.6, 37.536667], [126.554167, 37.536667], [126.554167, 37.518333], [126.5, 37.463333], [126.45, 37.333333], [126.640278, 37.411111], [126.6, 37.536667]]]}}, {"type": "Feature", "properties": {"region": "중부지방해양경찰청", "station": "인천해양경찰서", "name": "하늘바다파출소", "address": "인천광역시 중구 잠진도길 11", "address_lines": ["인천광역시 중구", "잠진도길 11"], "parts": 1, "coords_raw": [["37 - 27 - 48 N 126 - 30 - 00 E", "37 - 20 - 00 N 126 - 27 - 00 E", "37 - 20 - 00 N 126 - 19 - 30 E", "37 - 33 - 30 N 126 - 18 - 15 E", "37 - 33 - 30 N 126 - 33 - 15 E", "37 - 31 - 06 N 126 - 33 - 15 E"]], "notes": [], "source_pdf": "70887274-___1___________________26_____________________________.pdf", "pages": [2], "warnings": [], "support_area": [], "region_source": "직제 시행규칙 [별표2] 서→지방청 대응", "area_lines_raw": ["37 - 27 - 48 N 126 - 30 - 00 E", "37 - 20 - 00 N 126 - 27 - 00 E", "37 - 20 - 00 N 126 - 19 - 30 E", "37 - 33 - 30 N 126 - 18 - 15 E", "37 - 33 - 30 N 126 - 33 - 15 E", "37 - 31 - 06 N 126 - 33 - 15 E", "점을 연결한 내측 해역"], "iou_khoa_2024": 0.692, "fixes": [], "review_needed": false, "valid": true}, "geometry": {"type": "Polygon", "coordinates": [[[126.5, 37.463333], [126.45, 37.333333], [126.325, 37.333333], [126.304167, 37.558333], [126.554167, 37.558333], [126.554167, 37.518333], [126.5, 37.463333]]]}}, {"type": "Feature", "properties": {"region": "중부지방해양경찰청", "station": "인천해양경찰서", "name": "강화파출소", "address": "인천광역시 강화군 내가면 해안서로 885", "address_lines": ["인천광역시 강화군", "내가면 해안서로", "885"], "parts": 1, "coords_raw": [["37 - 49 - 15 N 126 - 23 - 45 E", "37 - 48 - 45 N 126 - 12 - 45 E", "37 - 43 - 20 N 126 - 12 - 30 E", "37 - 41 - 15 N 126 - 06 - 30 E", "37 - 33 - 30 N 126 - 18 - 15 E", "37 - 33 - 30 N 126 - 22 - 30 E", "37 - 37 - 25 N 126 - 22 - 30 E"]], "notes": [], "source_pdf": "70887274-___1___________________26_____________________________.pdf", "pages": [2], "warnings": [], "support_area": [], "region_source": "직제 시행규칙 [별표2] 서→지방청 대응", "area_lines_raw": ["37 - 49 - 15 N 126 - 23 - 45 E", "37 - 48 - 45 N 126 - 12 - 45 E", "37 - 43 - 20 N 126 - 12 - 30 E", "37 - 41 - 15 N 126 - 06 - 30 E", "37 - 33 - 30 N 126 - 18 - 15 E", "37 - 33 - 30 N 126 - 22 - 30 E", "37 - 37 - 25 N 126 - 22 - 30 E", "점을 연결한 내측해역"], "iou_khoa_2024": 0.676, "fixes": [], "review_needed": false, "valid": true}, "geometry": {"type": "Polygon", "coordinates": [[[126.395833, 37.820833], [126.2125, 37.8125], [126.208333, 37.722222], [126.108333, 37.6875], [126.304167, 37.558333], [126.375, 37.558333], [126.375, 37.623611], [126.395833, 37.820833]]]}}, {"type": "Feature", "properties": {"region": "중부지방해양경찰청", "station": "인천해양경찰서", "name": "연평파출소", "address": "인천광역시 옹진군 연평면 연평로 152", "address_lines": ["인천광역시 옹진군", "연평면 연평로 152"], "parts": 1, "coords_raw": [["37 - 41 - 00 N 125 - 43 - 50 E", "37 - 41 - 00 N 125 - 40 - 50 E", "37 - 38 - 00 N 125 - 40 - 50 E", "37 - 36 - 00 N 125 - 42 - 30 E", "37 - 36 - 00 N 125 - 43 - 50 E"]], "notes": [], "source_pdf": "70887274-___1___________________26_____________________________.pdf", "pages": [2], "warnings": [], "support_area": [], "region_source": "직제 시행규칙 [별표2] 서→지방청 대응", "area_lines_raw": ["37 - 41 - 00 N 125 - 43 - 50 E", "37 - 41 - 00 N 125 - 40 - 50 E", "37 - 38 - 00 N 125 - 40 - 50 E", "37 - 36 - 00 N 125 - 42 - 30 E", "37 - 36 - 00 N 125 - 43 - 50 E", "점을 연결한 내측해역"], "iou_khoa_2024": 0.79, "fixes": [], "review_needed": false, "valid": true}, "geometry": {"type": "Polygon", "coordinates": [[[125.730556, 37.683333], [125.680556, 37.683333], [125.680556, 37.633333], [125.708333, 37.6], [125.730556, 37.6], [125.730556, 37.683333]]]}}, {"type": "Feature", "properties": {"region": "중부지방해양경찰청", "station": "인천해양경찰서", "name": "대명파출소", "address": "경기도 김포시 대곶면 대명항1로 107", "address_lines": ["경기도 김포시", "대곶면 대명항1로", "107"], "parts": 1, "coords_raw": [["37 - 37 - 25 N 126 - 22 - 30 E", "37 - 33 - 30 N 126 - 22 - 30 E", "37 - 33 - 30 N 126 - 33 - 15 E", "37 - 32 - 12 N 126 - 33 - 15 E", "37 - 32 - 12 N 126 - 36 - 00 E"]], "notes": [], "source_pdf": "70887274-___1___________________26_____________________________.pdf", "pages": [2], "warnings": ["덩어리1: 자기교차 (Self-intersection[126.543931151086 37.558333])"], "support_area": [], "region_source": "직제 시행규칙 [별표2] 서→지방청 대응", "area_lines_raw": ["37 - 37 - 25 N 126 - 22 - 30 E", "37 - 33 - 30 N 126 - 22 - 30 E", "37 - 33 - 30 N 126 - 33 - 15 E", "37 - 32 - 12 N 126 - 33 - 15 E", "37 - 32 - 12 N 126 - 36 - 00 E", "점을 연결한 내측 해역"], "iou_khoa_2024": 0.603, "fixes": ["자기교차를 자동 정리(make_valid) — 점 순서는 원문 유지(순서 교환 시 겹침 하락)"], "review_needed": false, "valid": true}, "geometry": {"type": "MultiPolygon", "coordinates": [[[[126.554167, 37.554377686008884], [126.6, 37.536667], [126.554167, 37.536667], [126.554167, 37.554377686008884]]], [[[126.554167, 37.554377686008884], [126.54393115108576, 37.558333], [126.554167, 37.558333], [126.554167, 37.554377686008884]]], [[[126.375, 37.623611], [126.54393115108576, 37.558333], [126.375, 37.558333], [126.375, 37.623611]]]]}}, {"type": "Feature", "properties": {"region": "중부지방해양경찰청", "station": "평택해양경찰서", "name": "안산파출소", "address": "경기도 안산시 단원구 대부황금로 1569", "address_lines": ["경기도 안산시", "단원구 대부황금로", "1569"], "parts": 1, "coords_raw": [["37 - 20 - 09 N 126 - 41 - 36 E", "37 - 18 - 51 N 126 - 36 - 46 E", "37 - 17 - 44 N 126 - 34 - 48 E", "37 - 17 - 49 N 126 - 34 - 27 E", "37 - 17 - 40 N 126 - 31 - 42 E", "37 - 13 - 59 N 126 - 32 - 24 E", "37 - 13 - 43 N 126 - 32 - 00 E", "37 - 12 - 58 N 126 - 30 - 13 E", "37 - 11 - 57 N 126 - 31 - 25 E", "37 - 11 - 57 N 126 - 32 - 00 E"]], "notes": [], "source_pdf": "70887274-___1___________________26_____________________________.pdf", "pages": [2, 3], "warnings": [], "support_area": [], "region_source": "직제 시행규칙 [별표2] 서→지방청 대응", "area_lines_raw": ["37 - 20 - 09 N 126 - 41 - 36 E", "37 - 18 - 51 N 126 - 36 - 46 E", "37 - 17 - 44 N 126 - 34 - 48 E", "37 - 17 - 49 N 126 - 34 - 27 E", "37 - 17 - 40 N 126 - 31 - 42 E", "37 - 13 - 59 N 126 - 32 - 24 E", "37 - 13 - 43 N 126 - 32 - 00 E", "37 - 12 - 58 N 126 - 30 - 13 E", "37 - 11 - 57 N 126 - 31 - 25 E", "37 - 11 - 57 N 126 - 32 - 00 E", "점을 연결한 내측해역"], "iou_khoa_2024": 0.35, "fixes": [], "review_needed": false, "valid": true}, "geometry": {"type": "Polygon", "coordinates": [[[126.693333, 37.335833], [126.612778, 37.314167], [126.58, 37.295556], [126.574167, 37.296944], [126.528333, 37.294444], [126.54, 37.233056], [126.533333, 37.228611], [126.503611, 37.216111], [126.523611, 37.199167], [126.533333, 37.199167], [126.693333, 37.335833]]]}}, {"type": "Feature", "properties": {"region": "중부지방해양경찰청", "station": "평택해양경찰서", "name": "대부파출소", "address": "경기도 안산시 단원구 대부황금로 5-8", "address_lines": ["경기도 안산시", "단원구 대부황금로", "5-8"], "parts": 1, "coords_raw": [["37 - 04 - 33 N 126 - 43 - 49 E", "37 - 02 - 43 N 126 - 41 - 32 E", "37 - 11 - 57 N 126 - 31 - 25 E", "37 - 11 - 57 N 126 - 32 - 00 E"]], "notes": [], "source_pdf": "70887274-___1___________________26_____________________________.pdf", "pages": [3], "warnings": [], "support_area": [], "region_source": "직제 시행규칙 [별표2] 서→지방청 대응", "area_lines_raw": ["37 - 04 - 33 N 126 - 43 - 49 E", "37 - 02 - 43 N 126 - 41 - 32 E", "37 - 11 - 57 N 126 - 31 - 25 E", "37 - 11 - 57 N 126 - 32 - 00 E", "점을 연결한 내측해역"], "iou_khoa_2024": 0.446, "fixes": [], "review_needed": false, "valid": true}, "geometry": {"type": "Polygon", "coordinates": [[[126.730278, 37.075833], [126.692222, 37.045278], [126.523611, 37.199167], [126.533333, 37.199167], [126.730278, 37.075833]]]}}, {"type": "Feature", "properties": {"region": "중부지방해양경찰청", "station": "평택해양경찰서", "name": "평택파출소", "address": "경기도 평택시 포승읍 평택항만길 122", "address_lines": ["경기도 평택시", "포승읍 평택항만길", "122"], "parts": 1, "coords_raw": [["37 - 04 - 33 N 126 - 43 - 49 E", "37 - 02 - 43 N 126 - 41 - 32 E", "37 - 00 - 55 N 126 - 43 - 30 E", "36 - 59 - 00 N 126 - 47 - 00 E", "36 - 56 - 40 N 126 - 48 - 45 E", "36 - 53 - 18 N 126 - 49 - 43 E"]], "notes": [], "source_pdf": "70887274-___1___________________26_____________________________.pdf", "pages": [3], "warnings": ["덩어리1: 자기교차 (Self-intersection[126.776958052685 36.9868241232404])"], "support_area": [], "region_source": "직제 시행규칙 [별표2] 서→지방청 대응", "area_lines_raw": ["37 - 04 - 33 N 126 - 43 - 49 E", "37 - 02 - 43 N 126 - 41 - 32 E", "37 - 00 - 55 N 126 - 43 - 30 E", "36 - 59 - 00 N 126 - 47 - 00 E", "36 - 56 - 40 N 126 - 48 - 45 E", "36 - 53 - 18 N 126 - 49 - 43 E", "점을 연결한 내측해역"], "iou_khoa_2024": 0.272, "fixes": [], "review_needed": true, "review_reason": "별표 모양과 개방해(2024-03) 모양이 크게 다름 — 사용자 확인 대기", "valid": true}, "geometry": {"type": "MultiPolygon", "coordinates": [[[[126.828611, 36.888333], [126.77695805268479, 36.98682412324044], [126.783333, 36.983333], [126.8125, 36.944444], [126.828611, 36.888333]]], [[[126.730278, 37.075833], [126.77695805268479, 36.98682412324044], [126.725, 37.015278], [126.692222, 37.045278], [126.730278, 37.075833]]]]}}, {"type": "Feature", "properties": {"region": "중부지방해양경찰청", "station": "평택해양경찰서", "name": "당진파출소", "address": "충청남도 당진시 석문면 장고항로 334-18", "address_lines": ["충청남도 당진시", "석문면", "장고항로 334-18"], "parts": 1, "coords_raw": [["37 - 03 - 50 N 126 - 30 - 00 E", "37 - 05 - 30 N 126 - 30 - 00 E", "37 - 00 - 55 N 126 - 43 - 30 E", "36 - 59 - 00 N 126 - 47 - 00 E", "36 - 56 - 40 N 126 - 48 - 45 E", "36 - 53 - 18 N 126 - 49 - 43 E"]], "notes": [], "source_pdf": "70887274-___1___________________26_____________________________.pdf", "pages": [3], "warnings": [], "support_area": [], "region_source": "직제 시행규칙 [별표2] 서→지방청 대응", "area_lines_raw": ["37 - 03 - 50 N 126 - 30 - 00 E", "37 - 05 - 30 N 126 - 30 - 00 E", "37 - 00 - 55 N 126 - 43 - 30 E", "36 - 59 - 00 N 126 - 47 - 00 E", "36 - 56 - 40 N 126 - 48 - 45 E", "36 - 53 - 18 N 126 - 49 - 43 E", "점을 연결한 내측해역"], "iou_khoa_2024": 0.567, "fixes": [], "review_needed": false, "valid": true}, "geometry": {"type": "Polygon", "coordinates": [[[126.5, 37.063889], [126.5, 37.091667], [126.725, 37.015278], [126.783333, 36.983333], [126.8125, 36.944444], [126.828611, 36.888333], [126.5, 37.063889]]]}}, {"type": "Feature", "properties": {"region": "중부지방해양경찰청", "station": "평택해양경찰서", "name": "대산파출소", "address": "충청남도 서산시 대산읍 삼길포 1로 84", "address_lines": ["충청남도 서산시", "대산읍 삼길포 1로", "84"], "parts": 1, "coords_raw": [["36 - 59 - 10 N 126 - 19 - 49 E", "36 - 59 - 10 N 126 - 18 - 00 E", "37 - 02 - 00 N 126 - 18 - 00 E", "37 - 05 - 30 N 126 - 30 - 00 E", "37 - 03 - 50 N 126 - 30 - 00 E"]], "notes": [], "source_pdf": "70887274-___1___________________26_____________________________.pdf", "pages": [3], "warnings": [], "support_area": [], "region_source": "직제 시행규칙 [별표2] 서→지방청 대응", "area_lines_raw": ["36 - 59 - 10 N 126 - 19 - 49 E", "36 - 59 - 10 N 126 - 18 - 00 E", "37 - 02 - 00 N 126 - 18 - 00 E", "37 - 05 - 30 N 126 - 30 - 00 E", "37 - 03 - 50 N 126 - 30 - 00 E", "점을 연결한 내측해역"], "iou_khoa_2024": 0.749, "fixes": [], "review_needed": false, "valid": true}, "geometry": {"type": "Polygon", "coordinates": [[[126.330278, 36.986111], [126.3, 36.986111], [126.3, 37.033333], [126.5, 37.091667], [126.5, 37.063889], [126.330278, 36.986111]]]}}, {"type": "Feature", "properties": {"region": "중부지방해양경찰청", "station": "태안해양경찰서", "name": "마검포파출소", "address": "충청남도 태안군 남면 마검포길 427-7", "address_lines": ["충청남도 태안군", "남면 마검포길", "427-7"], "parts": 1, "coords_raw": [["36 - 36 - 06 N 126 - 26 - 00 E", "36 - 35 - 00 N 126 - 25 - 30 E", "36 - 31 - 17 N 126 - 25 - 32 E", "36 - 31 - 36 N 126 - 23 - 11 E", "36 - 32 - 17 N 126 - 19 - 36 E", "36 - 32 - 12 N 126 - 10 - 30 E", "36 - 35 - 00 N 126 - 08 - 45 E", "36 - 43 - 25 N 126 - 16 - 20 E"]], "notes": [], "source_pdf": "70887274-___1___________________26_____________________________.pdf", "pages": [3], "warnings": [], "support_area": [], "region_source": "직제 시행규칙 [별표2] 서→지방청 대응", "area_lines_raw": ["36 - 36 - 06 N 126 - 26 - 00 E", "36 - 35 - 00 N 126 - 25 - 30 E", "36 - 31 - 17 N 126 - 25 - 32 E", "36 - 31 - 36 N 126 - 23 - 11 E", "36 - 32 - 17 N 126 - 19 - 36 E", "36 - 32 - 12 N 126 - 10 - 30 E", "36 - 35 - 00 N 126 - 08 - 45 E", "36 - 43 - 25 N 126 - 16 - 20 E", "점을 연결한 내측해역"], "iou_khoa_2024": 0.68, "fixes": [], "review_needed": false, "valid": true}, "geometry": {"type": "Polygon", "coordinates": [[[126.433333, 36.601667], [126.425, 36.583333], [126.425556, 36.521389], [126.386389, 36.526667], [126.326667, 36.538056], [126.175, 36.536667], [126.145833, 36.583333], [126.272222, 36.723611], [126.433333, 36.601667]]]}}, {"type": "Feature", "properties": {"region": "중부지방해양경찰청", "station": "태안해양경찰서", "name": "영목파출소", "address": "충청남도 태안군 고남면 영목항로 49-6", "address_lines": ["충청남도 태안군", "고남면 영목항로", "49-6"], "parts": 1, "coords_raw": [["36 - 31 - 36 N 126 - 23 - 11 E", "36 - 31 - 17 N 126 - 25 - 32 E", "36 - 25 - 30 N 126 - 27 - 06 E", "36 - 23 - 30 N 126 - 25 - 45 E", "36 - 23 - 30 N 126 - 23 - 12 E", "36 - 24 - 60 N 126 - 19 - 60 E", "36 - 23 - 60 N 126 - 17 - 60 E", "36 - 23 - 60 N 126 - 15 - 40 E", "36 - 32 - 12 N 126 - 10 - 30 E"]], "notes": [], "source_pdf": "70887274-___1___________________26_____________________________.pdf", "pages": [3, 4], "warnings": ["분·초 60 이상 원문 그대로 환산: '36 - 24 - 60 N 126 - 19 - 60 E'", "분·초 60 이상 원문 그대로 환산: '36 - 23 - 60 N 126 - 17 - 60 E'", "분·초 60 이상 원문 그대로 환산: '36 - 23 - 60 N 126 - 15 - 40 E'"], "support_area": [], "region_source": "직제 시행규칙 [별표2] 서→지방청 대응", "area_lines_raw": ["36 - 31 - 36 N 126 - 23 - 11 E", "36 - 31 - 17 N 126 - 25 - 32 E", "36 - 25 - 30 N 126 - 27 - 06 E", "36 - 23 - 30 N 126 - 25 - 45 E", "36 - 23 - 30 N 126 - 23 - 12 E", "36 - 24 - 60 N 126 - 19 - 60 E", "36 - 23 - 60 N 126 - 17 - 60 E", "36 - 23 - 60 N 126 - 15 - 40 E", "36 - 32 - 12 N 126 - 10 - 30 E", "점을 연결한 내측해역"], "iou_khoa_2024": 0.715, "fixes": [], "review_needed": false, "valid": true}, "geometry": {"type": "Polygon", "coordinates": [[[126.386389, 36.526667], [126.425556, 36.521389], [126.451667, 36.425], [126.429167, 36.391667], [126.386667, 36.391667], [126.333333, 36.416667], [126.3, 36.4], [126.261111, 36.4], [126.175, 36.536667], [126.386389, 36.526667]]]}}, {"type": "Feature", "properties": {"region": "중부지방해양경찰청", "station": "태안해양경찰서", "name": "모항파출소", "address": "충청남도 태안군 소원면 모항항길 122-40", "address_lines": ["충청남도 태안군", "소원면 모항항길", "122-40"], "parts": 1, "coords_raw": [["36 - 49 - 56 N 126 - 10 - 39 E", "36 - 50 - 36 N 126 - 10 - 15 E", "36 - 50 - 58 N 126 - 09 - 37 E", "36 - 50 - 58 N 126 - 05 - 29 E", "36 - 42 - 00 N 126 - 00 - 30 E", "36 - 42 - 00 N 126 - 07 - 00 E", "36 - 44 - 45 N 126 - 11 - 15 E"]], "notes": [], "source_pdf": "70887274-___1___________________26_____________________________.pdf", "pages": [4], "warnings": [], "support_area": [], "region_source": "직제 시행규칙 [별표2] 서→지방청 대응", "area_lines_raw": ["36 - 49 - 56 N 126 - 10 - 39 E", "36 - 50 - 36 N 126 - 10 - 15 E", "36 - 50 - 58 N 126 - 09 - 37 E", "36 - 50 - 58 N 126 - 05 - 29 E", "36 - 42 - 00 N 126 - 00 - 30 E", "36 - 42 - 00 N 126 - 07 - 00 E", "36 - 44 - 45 N 126 - 11 - 15 E", "점을 연결한 내측해역"], "iou_khoa_2024": 0.784, "fixes": [], "review_needed": false, "valid": true}, "geometry": {"type": "Polygon", "coordinates": [[[126.1775, 36.832222], [126.170833, 36.843333], [126.160278, 36.849444], [126.091389, 36.849444], [126.008333, 36.7], [126.116667, 36.7], [126.1875, 36.745833], [126.1775, 36.832222]]]}}, {"type": "Feature", "properties": {"region": "중부지방해양경찰청", "station": "태안해양경찰서", "name": "신진파출소", "address": "충청남도 태안군 근흥면 신진부두길 36", "address_lines": ["충청남도 태안군", "근흥면 신진부두길", "36"], "parts": 1, "coords_raw": [["36 - 44 - 45 N 126 - 11 - 15 E", "36 - 42 - 00 N 126 - 07 - 00 E", "36 - 42 - 00 N 126 - 00 - 30 E", "36 - 35 - 00 N 126 - 08 - 45 E", "36 - 43 - 25 N 126 - 16 - 20 E"]], "notes": [], "source_pdf": "70887274-___1___________________26_____________________________.pdf", "pages": [4], "warnings": [], "support_area": [], "region_source": "직제 시행규칙 [별표2] 서→지방청 대응", "area_lines_raw": ["36 - 44 - 45 N 126 - 11 - 15 E", "36 - 42 - 00 N 126 - 07 - 00 E", "36 - 42 - 00 N 126 - 00 - 30 E", "36 - 35 - 00 N 126 - 08 - 45 E", "36 - 43 - 25 N 126 - 16 - 20 E", "점을 연결한 내측해역"], "iou_khoa_2024": 0.808, "fixes": [], "review_needed": false, "valid": true}, "geometry": {"type": "Polygon", "coordinates": [[[126.1875, 36.745833], [126.116667, 36.7], [126.008333, 36.7], [126.145833, 36.583333], [126.272222, 36.723611], [126.1875, 36.745833]]]}}, {"type": "Feature", "properties": {"region": "중부지방해양경찰청", "station": "태안해양경찰서", "name": "학암포파출소", "address": "충청남도 태안군 원북면 옥파로 1210", "address_lines": ["충청남도 태안군", "원북면 옥파로", "1210"], "parts": 1, "coords_raw": [["36 - 59 - 10 N 126 - 19 - 49 E", "36 - 59 - 10 N 126 - 10 - 00 E", "36 - 50 - 58 N 126 - 05 - 29 E", "36 - 50 - 58 N 126 - 09 - 37 E", "36 - 50 - 36 N 126 - 10 - 15 E", "36 - 49 - 56 N 126 - 10 - 39 E"]], "notes": [], "source_pdf": "70887274-___1___________________26_____________________________.pdf", "pages": [4], "warnings": [], "support_area": [], "region_source": "직제 시행규칙 [별표2] 서→지방청 대응", "area_lines_raw": ["36 - 59 - 10 N 126 - 19 - 49 E", "36 - 59 - 10 N 126 - 10 - 00 E", "36 - 50 - 58 N 126 - 05 - 29 E", "36 - 50 - 58 N 126 - 09 - 37 E", "36 - 50 - 36 N 126 - 10 - 15 E", "36 - 49 - 56 N 126 - 10 - 39 E", "점을 연결한 내측해역"], "iou_khoa_2024": 0.546, "fixes": [], "review_needed": false, "valid": true}, "geometry": {"type": "Polygon", "coordinates": [[[126.330278, 36.986111], [126.166667, 36.986111], [126.091389, 36.849444], [126.160278, 36.849444], [126.170833, 36.843333], [126.1775, 36.832222], [126.330278, 36.986111]]]}}, {"type": "Feature", "properties": {"region": "중부지방해양경찰청", "station": "보령해양경찰서", "name": "대천파출소", "address": "충청남도 보령시 대천항중앙길 54", "address_lines": ["충청남도 보령시", "대천항중앙길 54"], "parts": 2, "coords_raw": [["36 - 23 - 06 N 126 - 28 - 46 E", "36 - 23 - 30 N 126 - 25 - 45 E", "36 - 23 - 30 N 126 - 23 - 12 E", "36 - 25 - 00 N 126 - 20 - 00 E", "36 - 24 - 00 N 126 - 18 - 00 E", "36 - 24 - 00 N 126 - 14 - 30 E", "36 - 15 - 00 N 126 - 14 - 30 E", "36 - 10 - 54 N 126 - 27 - 00 E", "36 - 10 - 54 N 126 - 31 - 27 E"], ["36 - 16 - 00 N 126 - 07 - 00 E", "36 - 11 - 00 N 126 - 07 - 05 E", "36 - 11 - 00 N 125 - 57 - 00 E", "36 - 16 - 00 N 125 - 57 - 00 E"]], "notes": [], "source_pdf": "70887274-___1___________________26_____________________________.pdf", "pages": [4], "warnings": ["관할 덩어리 2개인데 앞 덩어리 종결어에 '과' 가 없음 — 같은 칸·같은 파출소 범위 안이라 이 파출소로 묶음"], "support_area": [], "region_source": "직제 시행규칙 [별표2] 서→지방청 대응", "area_lines_raw": ["36 - 23 - 06 N 126 - 28 - 46 E", "36 - 23 - 30 N 126 - 25 - 45 E", "36 - 23 - 30 N 126 - 23 - 12 E", "36 - 25 - 00 N 126 - 20 - 00 E", "36 - 24 - 00 N 126 - 18 - 00 E", "36 - 24 - 00 N 126 - 14 - 30 E", "36 - 15 - 00 N 126 - 14 - 30 E", "36 - 10 - 54 N 126 - 27 - 00 E", "36 - 10 - 54 N 126 - 31 - 27 E", "점을 연결한 내측해역", "36 - 16 - 00 N 126 - 07 - 00 E", "36 - 11 - 00 N 126 - 07 - 05 E", "36 - 11 - 00 N 125 - 57 - 00 E", "36 - 16 - 00 N 125 - 57 - 00 E", "점을 연결한 내측해역"], "iou_khoa_2024": 0.884, "fixes": [], "review_needed": false, "valid": true}, "geometry": {"type": "MultiPolygon", "coordinates": [[[[126.118056, 36.183333], [125.95, 36.183333], [125.95, 36.266667], [126.116667, 36.266667], [126.118056, 36.183333]]], [[[126.524167, 36.181667], [126.45, 36.181667], [126.241667, 36.25], [126.241667, 36.4], [126.3, 36.4], [126.333333, 36.416667], [126.386667, 36.391667], [126.429167, 36.391667], [126.479444, 36.385], [126.524167, 36.181667]]]]}}, {"type": "Feature", "properties": {"region": "중부지방해양경찰청", "station": "보령해양경찰서", "name": "홍성파출소", "address": "충청남도 홍성군 서부면 남당항로 213번길 25-62", "address_lines": ["충청남도 홍성군", "서부면 남당항로", "213번길 25-62"], "parts": 1, "coords_raw": [["36 - 36 - 06 N 126 - 26 - 00 E", "36 - 35 - 00 N 126 - 25 - 30 E", "36 - 32 - 12 N 126 - 25 - 18 E", "36 - 29 - 00 N 126 - 26 - 12 E", "36 - 29 - 00 N 126 - 29 - 00 E"]], "notes": [], "source_pdf": "70887274-___1___________________26_____________________________.pdf", "pages": [4, 5], "warnings": [], "support_area": [], "region_source": "직제 시행규칙 [별표2] 서→지방청 대응", "area_lines_raw": ["36 - 36 - 06 N 126 - 26 - 00 E", "36 - 35 - 00 N 126 - 25 - 30 E", "36 - 32 - 12 N 126 - 25 - 18 E", "36 - 29 - 00 N 126 - 26 - 12 E", "36 - 29 - 00 N 126 - 29 - 00 E", "점을 연결한 내측해역"], "iou_khoa_2024": 0.69, "fixes": [], "review_needed": false, "valid": true}, "geometry": {"type": "Polygon", "coordinates": [[[126.433333, 36.601667], [126.425, 36.583333], [126.421667, 36.536667], [126.436667, 36.483333], [126.483333, 36.483333], [126.433333, 36.601667]]]}}, {"type": "Feature", "properties": {"region": "중부지방해양경찰청", "station": "보령해양경찰서", "name": "오천파출소", "address": "충청남도 보령시 오천면 오천해안로 781-20", "address_lines": ["충청남도 보령시", "오천면 오천해안로", "781-20"], "parts": 1, "coords_raw": [["36 - 29 - 00 N 126 - 29 - 00 E", "36 - 29 - 00 N 126 - 26 - 12 E", "36 - 25 - 30 N 126 - 27 - 06 E", "36 - 23 - 30 N 126 - 25 - 45 E", "36 - 23 - 06 N 126 - 28 - 46 E"]], "notes": [], "source_pdf": "70887274-___1___________________26_____________________________.pdf", "pages": [5], "warnings": [], "support_area": [], "region_source": "직제 시행규칙 [별표2] 서→지방청 대응", "area_lines_raw": ["36 - 29 - 00 N 126 - 29 - 00 E", "36 - 29 - 00 N 126 - 26 - 12 E", "36 - 25 - 30 N 126 - 27 - 06 E", "36 - 23 - 30 N 126 - 25 - 45 E", "36 - 23 - 06 N 126 - 28 - 46 E", "점을 연결한 내측해역"], "iou_khoa_2024": 0.779, "fixes": [], "review_needed": false, "valid": true}, "geometry": {"type": "Polygon", "coordinates": [[[126.483333, 36.483333], [126.436667, 36.483333], [126.451667, 36.425], [126.429167, 36.391667], [126.479444, 36.385], [126.483333, 36.483333]]]}}, {"type": "Feature", "properties": {"region": "중부지방해양경찰청", "station": "보령해양경찰서", "name": "홍원파출소", "address": "충청남도 서천군 서면 홍원길 130-7", "address_lines": ["충청남도 서천군", "서면 홍원길 130-7"], "parts": 1, "coords_raw": [["36 - 05 - 00 N 126 - 38 - 00 E", "36 - 05 - 00 N 126 - 29 - 00 E", "36 - 06 - 00 N 126 - 27 - 00 E", "36 - 10 - 54 N 126 - 27 - 00 E", "36 - 10 - 54 N 126 - 31 - 27 E"]], "notes": [], "source_pdf": "70887274-___1___________________26_____________________________.pdf", "pages": [5], "warnings": [], "support_area": [], "region_source": "직제 시행규칙 [별표2] 서→지방청 대응", "area_lines_raw": ["36 - 05 - 00 N 126 - 38 - 00 E", "36 - 05 - 00 N 126 - 29 - 00 E", "36 - 06 - 00 N 126 - 27 - 00 E", "36 - 10 - 54 N 126 - 27 - 00 E", "36 - 10 - 54 N 126 - 31 - 27 E", "점을 연결한 내측 해역"], "iou_khoa_2024": 0.866, "fixes": [], "review_needed": false, "valid": true}, "geometry": {"type": "Polygon", "coordinates": [[[126.633333, 36.083333], [126.483333, 36.083333], [126.45, 36.1], [126.45, 36.181667], [126.524167, 36.181667], [126.633333, 36.083333]]]}}, {"type": "Feature", "properties": {"region": "중부지방해양경찰청", "station": "보령해양경찰서", "name": "장항파출소", "address": "충청남도 서천군 장항읍 장산로 20-16", "address_lines": ["충청남도 서천군", "장항읍 장산로", "20-16"], "parts": 1, "coords_raw": [["36 - 01 - 00 N 126 - 44 - 45 E", "36 - 00 - 00 N 126 - 43 - 36 E", "36 - 00 - 00 N 126 - 40 - 00 E", "35 - 59 - 26 N 126 - 39 - 27 E", "35 - 59 - 26 N 126 - 35 - 00 E", "36 - 02 - 00 N 126 - 35 - 00 E", "36 - 05 - 00 N 126 - 29 - 00 E", "36 - 05 - 00 N 126 - 38 - 00 E"]], "notes": [], "source_pdf": "70887274-___1___________________26_____________________________.pdf", "pages": [5], "warnings": [], "support_area": [], "region_source": "직제 시행규칙 [별표2] 서→지방청 대응", "area_lines_raw": ["36 - 01 - 00 N 126 - 44 - 45 E", "36 - 00 - 00 N 126 - 43 - 36 E", "36 - 00 - 00 N 126 - 40 - 00 E", "35 - 59 - 26 N 126 - 39 - 27 E", "35 - 59 - 26 N 126 - 35 - 00 E", "36 - 02 - 00 N 126 - 35 - 00 E", "36 - 05 - 00 N 126 - 29 - 00 E", "36 - 05 - 00 N 126 - 38 - 00 E", "점을 연결한 내측 해역"], "iou_khoa_2024": 0.715, "fixes": [], "review_needed": false, "valid": true}, "geometry": {"type": "Polygon", "coordinates": [[[126.745833, 36.016667], [126.726667, 36.0], [126.666667, 36.0], [126.6575, 35.990556], [126.583333, 35.990556], [126.583333, 36.033333], [126.483333, 36.083333], [126.633333, 36.083333], [126.745833, 36.016667]]]}}, {"type": "Feature", "properties": {"region": "서해지방해양경찰청", "station": "군산해양경찰서", "name": "해망파출소", "address": "전북특별자치도 군산시 내항2길 111", "address_lines": ["전북특별자치도", "군산시", "내항2길 111"], "parts": 1, "coords_raw": [["36 - 01 - 00 N 126 - 44 - 45 E", "36 - 00 - 00 N 126 - 43 - 36 E", "36 - 00 - 00 N 126 - 40 - 00 E", "35 - 59 - 26 N 126 - 39 - 27 E", "35 - 59 - 26 N 126 - 35 - 00 E", "36 - 02 - 00 N 126 - 35 - 00 E", "36 - 04 - 15 N 126 - 30 - 30 E", "35 - 58 - 45 N 126 - 30 - 30 E"]], "notes": [], "source_pdf": "b742997d-___1___________________24_____________________________.pdf", "pages": [1], "warnings": ["덩어리1: 자기교차 (Self-intersection[126.583333 35.9910091052632])"], "support_area": [], "region_source": "직제 시행규칙 [별표2] 서→지방청 대응", "area_lines_raw": ["36 - 01 - 00 N 126 - 44 - 45 E", "36 - 00 - 00 N 126 - 43 - 36 E", "36 - 00 - 00 N 126 - 40 - 00 E", "35 - 59 - 26 N 126 - 39 - 27 E", "35 - 59 - 26 N 126 - 35 - 00 E", "36 - 02 - 00 N 126 - 35 - 00 E", "36 - 04 - 15 N 126 - 30 - 30 E", "35 - 58 - 45 N 126 - 30 - 30 E", "점을 연결한 내측해역"], "iou_khoa_2024": 0.527, "fixes": ["자기교차를 자동 정리(make_valid) — 점 순서는 원문 유지(순서 교환 시 겹침 하락)"], "review_needed": false, "valid": true}, "geometry": {"type": "MultiPolygon", "coordinates": [[[[126.6575, 35.990556], [126.583333, 35.990556], [126.583333, 35.99100910526315], [126.745833, 36.016667], [126.726667, 36.0], [126.666667, 36.0], [126.6575, 35.990556]]], [[[126.583333, 36.033333], [126.583333, 35.99100910526315], [126.508333, 35.979167], [126.508333, 36.070833], [126.583333, 36.033333]]]]}}, {"type": "Feature", "properties": {"region": "서해지방해양경찰청", "station": "군산해양경찰서", "name": "새만금파출소", "address": "전북특별자치도 군산시 새만금로 1563-22", "address_lines": ["전북특별자치도", "군산시 새만금로", "1563-22"], "parts": 1, "coords_raw": [["35 - 53 - 04 N 126 - 30 - 45 E", "35 - 53 - 04 N 126 - 19 - 50 E", "35 - 49 - 00 N 126 - 17 - 24 E", "35 - 43 - 00 N 126 - 20 - 00 E", "35 - 43 - 00 N 126 - 27 - 00 E", "35 - 43 - 55 N 126 - 31 - 25 E"]], "notes": [], "source_pdf": "b742997d-___1___________________24_____________________________.pdf", "pages": [1], "warnings": [], "support_area": [], "region_source": "직제 시행규칙 [별표2] 서→지방청 대응", "area_lines_raw": ["35 - 53 - 04 N 126 - 30 - 45 E", "35 - 53 - 04 N 126 - 19 - 50 E", "35 - 49 - 00 N 126 - 17 - 24 E", "35 - 43 - 00 N 126 - 20 - 00 E", "35 - 43 - 00 N 126 - 27 - 00 E", "35 - 43 - 55 N 126 - 31 - 25 E", "점을 연결한 내측해역"], "iou_khoa_2024": 0.865, "fixes": [], "review_needed": false, "valid": true}, "geometry": {"type": "Polygon", "coordinates": [[[126.5125, 35.884444], [126.330556, 35.884444], [126.29, 35.816667], [126.333333, 35.716667], [126.45, 35.716667], [126.523611, 35.731944], [126.5125, 35.884444]]]}}, {"type": "Feature", "properties": {"region": "서해지방해양경찰청", "station": "군산해양경찰서", "name": "비응파출소", "address": "전북특별자치도 군산시 비응남로 74-11", "address_lines": ["전북특별자치도", "군산시 비응남로", "74-11"], "parts": 2, "coords_raw": [["35 - 58 - 45 N 126 - 30 - 30 E", "36 - 04 - 15 N 126 - 30 - 30 E", "36 - 06 - 00 N 126 - 27 - 00 E", "36 - 06 - 00 N 126 - 24 - 00 E", "36 - 00 - 00 N 126 - 24 - 00 E", "35 - 53 - 04 N 126 - 19 - 50 E", "35 - 53 - 04 N 126 - 30 - 45 E"], ["36 - 06 - 00 N 126 - 03 - 00 E", "36 - 03 - 00 N 126 - 03 - 00 E", "36 - 03 - 00 N 125 - 55 - 00 E", "36 - 09 - 00 N 125 - 55 - 00 E", "36 - 09 - 00 N 126 - 01 - 00 E", "36 - 06 - 00 N 126 - 01 - 00 E"]], "notes": [], "source_pdf": "b742997d-___1___________________24_____________________________.pdf", "pages": [1], "warnings": [], "support_area": [], "region_source": "직제 시행규칙 [별표2] 서→지방청 대응", "area_lines_raw": ["35 - 58 - 45 N 126 - 30 - 30 E", "36 - 04 - 15 N 126 - 30 - 30 E", "36 - 06 - 00 N 126 - 27 - 00 E", "36 - 06 - 00 N 126 - 24 - 00 E", "36 - 00 - 00 N 126 - 24 - 00 E", "35 - 53 - 04 N 126 - 19 - 50 E", "35 - 53 - 04 N 126 - 30 - 45 E", "점을 연결한 내측해역과", "36 - 06 - 00 N 126 - 03 - 00 E", "36 - 03 - 00 N 126 - 03 - 00 E", "36 - 03 - 00 N 125 - 55 - 00 E", "36 - 09 - 00 N 125 - 55 - 00 E", "36 - 09 - 00 N 126 - 01 - 00 E", "36 - 06 - 00 N 126 - 01 - 00 E", "점을 연결한 내측해역"], "iou_khoa_2024": 0.963, "fixes": [], "review_needed": false, "valid": true}, "geometry": {"type": "MultiPolygon", "coordinates": [[[[126.5125, 35.884444], [126.330556, 35.884444], [126.4, 36.0], [126.4, 36.1], [126.45, 36.1], [126.508333, 36.070833], [126.508333, 35.979167], [126.5125, 35.884444]]], [[[126.05, 36.05], [125.916667, 36.05], [125.916667, 36.15], [126.016667, 36.15], [126.016667, 36.1], [126.05, 36.1], [126.05, 36.05]]]]}}, {"type": "Feature", "properties": {"region": "서해지방해양경찰청", "station": "부안해양경찰서", "name": "변산파출소", "address": "전북특별자치도 부안군 변산면 방파제길 39", "address_lines": ["전북특별자치도", "부안군 변산면", "방파제길 39"], "parts": 1, "coords_raw": [["35 - 43 - 55 N 126 - 31 - 25 E", "35 - 43 - 00 N 126 - 27 - 00 E", "35 - 43 - 00 N 126 - 20 - 00 E", "35 - 40 - 00 N 126 - 20 - 00 E", "35 - 32 - 00 N 126 - 20 - 00 E", "35 - 34 - 30 N 126 - 31 - 13 E", "35 - 34 - 50 N 126 - 37 - 40 E"]], "notes": [], "source_pdf": "b742997d-___1___________________24_____________________________.pdf", "pages": [2], "warnings": [], "support_area": [], "region_source": "직제 시행규칙 [별표2] 서→지방청 대응", "area_lines_raw": ["35 - 43 - 55 N 126 - 31 - 25 E", "35 - 43 - 00 N 126 - 27 - 00 E", "35 - 43 - 00 N 126 - 20 - 00 E", "35 - 40 - 00 N 126 - 20 - 00 E", "35 - 32 - 00 N 126 - 20 - 00 E", "35 - 34 - 30 N 126 - 31 - 13 E", "35 - 34 - 50 N 126 - 37 - 40 E", "점을 연결한 내측해역"], "iou_khoa_2024": 0.719, "fixes": [], "review_needed": false, "valid": true}, "geometry": {"type": "Polygon", "coordinates": [[[126.523611, 35.731944], [126.45, 35.716667], [126.333333, 35.716667], [126.333333, 35.666667], [126.333333, 35.533333], [126.520278, 35.575], [126.627778, 35.580556], [126.523611, 35.731944]]]}}, {"type": "Feature", "properties": {"region": "서해지방해양경찰청", "station": "부안해양경찰서", "name": "고창파출소", "address": "전북특별자치도 고창군 상하면 구시포 해변길 51-129", "address_lines": ["전북특별자치도", "고창군 상하면 구시포", "해변길 51-129"], "parts": 1, "coords_raw": [["35 - 34 - 20 N 126 - 38 - 00 E", "35 - 34 - 50 N 126 - 37 - 40 E", "35 - 34 - 30 N 126 - 31 - 13 E", "35 - 32 - 00 N 126 - 20 - 00 E", "35 - 30 - 00 N 126 - 20 - 00 E", "35 - 26 - 00 N 126 - 17 - 30 E", "35 - 26 - 00 N 126 - 26 - 00 E"]], "notes": [], "source_pdf": "b742997d-___1___________________24_____________________________.pdf", "pages": [2], "warnings": [], "support_area": [], "region_source": "직제 시행규칙 [별표2] 서→지방청 대응", "area_lines_raw": ["35 - 34 - 20 N 126 - 38 - 00 E", "35 - 34 - 50 N 126 - 37 - 40 E", "35 - 34 - 30 N 126 - 31 - 13 E", "35 - 32 - 00 N 126 - 20 - 00 E", "35 - 30 - 00 N 126 - 20 - 00 E", "35 - 26 - 00 N 126 - 17 - 30 E", "35 - 26 - 00 N 126 - 26 - 00 E", "점을 연결한 내측해역"], "iou_khoa_2024": 0.828, "fixes": [], "review_needed": false, "valid": true}, "geometry": {"type": "Polygon", "coordinates": [[[126.633333, 35.572222], [126.627778, 35.580556], [126.520278, 35.575], [126.333333, 35.533333], [126.333333, 35.5], [126.291667, 35.433333], [126.433333, 35.433333], [126.633333, 35.572222]]]}}, {"type": "Feature", "properties": {"region": "서해지방해양경찰청", "station": "부안해양경찰서", "name": "위도파출소", "address": "전북특별자치도 부안군 위도면 위도로 32", "address_lines": ["전북특별자치도", "부안군 위도면", "위도로 32"], "parts": 1, "coords_raw": [["35 - 40 - 00 N 126 - 20 - 00 E", "35 - 40 - 00 N 126 - 05 - 00 E", "35 - 30 - 00 N 126 - 05 - 00 E", "35 - 30 - 00 N 126 - 20 - 00 E"]], "notes": [], "source_pdf": "b742997d-___1___________________24_____________________________.pdf", "pages": [2], "warnings": [], "support_area": [], "region_source": "직제 시행규칙 [별표2] 서→지방청 대응", "area_lines_raw": ["35 - 40 - 00 N 126 - 20 - 00 E", "35 - 40 - 00 N 126 - 05 - 00 E", "35 - 30 - 00 N 126 - 05 - 00 E", "35 - 30 - 00 N 126 - 20 - 00 E", "점을 연결한 내측해역"], "iou_khoa_2024": 0.964, "fixes": [], "review_needed": false, "valid": true}, "geometry": {"type": "Polygon", "coordinates": [[[126.333333, 35.666667], [126.083333, 35.666667], [126.083333, 35.5], [126.333333, 35.5], [126.333333, 35.666667]]]}}, {"type": "Feature", "properties": {"region": "서해지방해양경찰청", "station": "목포해양경찰서", "name": "남항파출소", "address": "전라남도 목포시 해안로 148번길 6", "address_lines": ["전라남도 목포시", "해안로 148번길 6"], "parts": 1, "coords_raw": [["34 - 47 - 38 N 126 - 21 - 39 E", "34 - 47 - 23 N 126 - 17 - 46 E", "34 - 40 - 07 N 126 - 11 - 16 E", "34 - 42 - 07 N 126 - 03 - 52 E", "34 - 36 - 50 N 125 - 58 - 30 E", "34 - 31 - 40 N 125 - 46 - 30 E", "34 - 25 - 00 N 125 - 47 - 00 E", "34 - 36 - 00 N 126 - 14 - 00 E", "34 - 34 - 22 N 126 - 18 - 22 E"]], "notes": [], "source_pdf": "b742997d-___1___________________24_____________________________.pdf", "pages": [3], "warnings": [], "support_area": [], "region_source": "직제 시행규칙 [별표2] 서→지방청 대응", "area_lines_raw": ["34 - 47 - 38 N 126 - 21 - 39 E", "34 - 47 - 23 N 126 - 17 - 46 E", "34 - 40 - 07 N 126 - 11 - 16 E", "34 - 42 - 07 N 126 - 03 - 52 E", "34 - 36 - 50 N 125 - 58 - 30 E", "34 - 31 - 40 N 125 - 46 - 30 E", "34 - 25 - 00 N 125 - 47 - 00 E", "34 - 36 - 00 N 126 - 14 - 00 E", "34 - 34 - 22 N 126 - 18 - 22 E", "점을 연결한 내측해역"], "iou_khoa_2024": 0.723, "fixes": [], "review_needed": false, "valid": true}, "geometry": {"type": "Polygon", "coordinates": [[[126.360833, 34.793889], [126.296111, 34.789722], [126.187778, 34.668611], [126.064444, 34.701944], [125.975, 34.613889], [125.775, 34.527778], [125.783333, 34.416667], [126.233333, 34.6], [126.306111, 34.572778], [126.360833, 34.793889]]]}}, {"type": "Feature", "properties": {"region": "서해지방해양경찰청", "station": "목포해양경찰서", "name": "흑산파출소", "address": "전라남도 신안군 흑산면 예리1길 41-25", "address_lines": ["전라남도 신안군", "흑산면 예리1길 41-25"], "parts": 2, "coords_raw": [["34 - 49 - 00 N 125 - 26 - 50 E", "34 - 43 - 00 N 125 - 34 - 50 E", "34 - 39 - 00 N 125 - 34 - 40 E", "34 - 32 - 40 N 125 - 25 - 00 E", "34 - 39 - 00 N 125 - 15 - 30 E", "34 - 37 - 15 N 125 - 11 - 28 E", "34 - 40 - 45 N 125 - 07 - 55 E", "34 - 45 - 50 N 125 - 12 - 00 E", "34 - 42 - 30 N 125 - 17 - 00 E"], ["34 - 00 - 10 N 125 - 07 - 30 E", "34 - 02 - 50 N 125 - 03 - 00 E", "34 - 08 - 00 N 125 - 04 - 40 E", "34 - 06 - 30 N 125 - 09 - 55 E", "34 - 02 - 40 N 125 - 11 - 30 E"]], "notes": [], "source_pdf": "b742997d-___1___________________24_____________________________.pdf", "pages": [3], "warnings": ["관할 덩어리 2개인데 앞 덩어리 종결어에 '과' 가 없음 — 같은 칸·같은 파출소 범위 안이라 이 파출소로 묶음"], "support_area": [], "region_source": "직제 시행규칙 [별표2] 서→지방청 대응", "area_lines_raw": ["34 - 49 - 00 N 125 - 26 - 50 E", "34 - 43 - 00 N 125 - 34 - 50 E", "34 - 39 - 00 N 125 - 34 - 40 E", "34 - 32 - 40 N 125 - 25 - 00 E", "34 - 39 - 00 N 125 - 15 - 30 E", "34 - 37 - 15 N 125 - 11 - 28 E", "34 - 40 - 45 N 125 - 07 - 55 E", "34 - 45 - 50 N 125 - 12 - 00 E", "34 - 42 - 30 N 125 - 17 - 00 E", "점을 연결한 내측해역", "34 - 00 - 10 N 125 - 07 - 30 E", "34 - 02 - 50 N 125 - 03 - 00 E", "34 - 08 - 00 N 125 - 04 - 40 E", "34 - 06 - 30 N 125 - 09 - 55 E", "34 - 02 - 40 N 125 - 11 - 30 E", "점을 연결한 내측해역"], "iou_khoa_2024": 0.937, "fixes": [], "review_needed": false, "valid": true}, "geometry": {"type": "MultiPolygon", "coordinates": [[[[125.05, 34.047222], [125.077778, 34.133333], [125.165278, 34.108333], [125.191667, 34.044444], [125.125, 34.002778], [125.05, 34.047222]]], [[[125.580556, 34.716667], [125.577778, 34.65], [125.416667, 34.544444], [125.258333, 34.65], [125.191111, 34.620833], [125.131944, 34.679167], [125.2, 34.763889], [125.283333, 34.708333], [125.447222, 34.816667], [125.580556, 34.716667]]]]}}, {"type": "Feature", "properties": {"region": "서해지방해양경찰청", "station": "목포해양경찰서", "name": "영광파출소", "address": "전라남도 영광군 홍농읍 계마길 31-37", "address_lines": ["전라남도 영광군", "홍농읍 계마길 31-37"], "parts": 1, "coords_raw": [["35 - 26 - 00 N 126 - 25 - 50 E", "35 - 26 - 00 N 125 - 57 - 10 E", "35 - 08 - 00 N 125 - 52 - 00 E", "35 - 10 - 00 N 126 - 22 - 00 E"]], "notes": [], "source_pdf": "b742997d-___1___________________24_____________________________.pdf", "pages": [3], "warnings": [], "support_area": [], "region_source": "직제 시행규칙 [별표2] 서→지방청 대응", "area_lines_raw": ["35 - 26 - 00 N 126 - 25 - 50 E", "35 - 26 - 00 N 125 - 57 - 10 E", "35 - 08 - 00 N 125 - 52 - 00 E", "35 - 10 - 00 N 126 - 22 - 00 E", "점을 연결한 내측해역"], "iou_khoa_2024": 0.925, "fixes": [], "review_needed": false, "valid": true}, "geometry": {"type": "Polygon", "coordinates": [[[126.430556, 35.433333], [125.952778, 35.433333], [125.866667, 35.133333], [126.366667, 35.166667], [126.430556, 35.433333]]]}}, {"type": "Feature", "properties": {"region": "서해지방해양경찰청", "station": "목포해양경찰서", "name": "진도파출소", "address": "전라남도 진도군 임회면 서망항길 53", "address_lines": ["전라남도 진도군", "임회면 서망항길 53"], "parts": 1, "coords_raw": [["34 - 34 - 22 N 126 - 18 - 22 E", "34 - 36 - 00 N 126 - 14 - 00 E", "34 - 25 - 00 N 125 - 47 - 00 E", "34 - 12 - 00 N 125 - 46 - 00 E", "34 - 08 - 00 N 125 - 56 - 00 E", "34 - 14 - 00 N 126 - 15 - 00 E", "34 - 22 - 30 N 126 - 15 - 00 E"]], "notes": [], "source_pdf": "b742997d-___1___________________24_____________________________.pdf", "pages": [4], "warnings": [], "support_area": [], "region_source": "직제 시행규칙 [별표2] 서→지방청 대응", "area_lines_raw": ["`34 - 34 - 22 N 126 - 18 - 22 E", "34 - 36 - 00 N 126 - 14 - 00 E", "34 - 25 - 00 N 125 - 47 - 00 E", "34 - 12 - 00 N 125 - 46 - 00 E", "34 - 08 - 00 N 125 - 56 - 00 E", "34 - 14 - 00 N 126 - 15 - 00 E", "34 - 22 - 30 N 126 - 15 - 00 E", "점을 연결한 내측해역"], "iou_khoa_2024": 0.811, "fixes": [], "review_needed": false, "valid": true}, "geometry": {"type": "Polygon", "coordinates": [[[126.306111, 34.572778], [126.233333, 34.6], [125.783333, 34.416667], [125.766667, 34.2], [125.933333, 34.133333], [126.25, 34.233333], [126.25, 34.375], [126.306111, 34.572778]]]}}, {"type": "Feature", "properties": {"region": "서해지방해양경찰청", "station": "목포해양경찰서", "name": "암태파출소", "address": "전라남도 신안군 암태면 와촌리 679-4", "address_lines": ["전라남도 신안군", "암태면 와촌리 679-4"], "parts": 1, "coords_raw": [["34 - 51 - 30 N 126 - 12 - 15 E", "34 - 55 - 51 N 126 - 06 - 45 E", "34 - 56 - 30 N 126 - 06 - 00 E", "34 - 56 - 30 N 125 - 44 - 00 E", "34 - 31 - 40 N 125 - 46 - 30 E", "34 - 36 - 50 N 125 - 58 - 30 E", "34 - 42 - 07 N 126 - 03 - 52 E", "34 - 40 - 07 N 126 - 11 - 16 E"]], "notes": [], "source_pdf": "b742997d-___1___________________24_____________________________.pdf", "pages": [4], "warnings": [], "support_area": [], "region_source": "직제 시행규칙 [별표2] 서→지방청 대응", "area_lines_raw": ["34 - 51 - 30 N 126 - 12 - 15 E", "34 - 55 - 51 N 126 - 06 - 45 E", "34 - 56 - 30 N 126 - 06 - 00 E", "34 - 56 - 30 N 125 - 44 - 00 E", "34 - 31 - 40 N 125 - 46 - 30 E", "34 - 36 - 50 N 125 - 58 - 30 E", "34 - 42 - 07 N 126 - 03 - 52 E", "34 - 40 - 07 N 126 - 11 - 16 E", "점을 연결한 내측해역"], "iou_khoa_2024": 0.798, "fixes": [], "review_needed": false, "valid": true}, "geometry": {"type": "Polygon", "coordinates": [[[126.204167, 34.858333], [126.1125, 34.930833], [126.1, 34.941667], [125.733333, 34.941667], [125.775, 34.527778], [125.975, 34.613889], [126.064444, 34.701944], [126.187778, 34.668611], [126.204167, 34.858333]]]}}, {"type": "Feature", "properties": {"region": "서해지방해양경찰청", "station": "목포해양경찰서", "name": "북항파출소", "address": "전라남도 목포시 북항로 181번길 6", "address_lines": ["전라남도 목포시", "북항로 181번길 6"], "parts": 1, "coords_raw": [["35 - 01 - 21 N 126 - 23 - 04 E", "34 - 57 - 23 N 126 - 13 - 25 E", "34 - 55 - 51 N 126 - 06 - 45 E", "34 - 51 - 30 N 126 - 12 - 15 E", "34 - 40 - 07 N 126 - 11 - 16 E", "34 - 47 - 23 N 126 - 17 - 46 E", "34 - 47 - 38 N 126 - 21 - 39 E"]], "notes": [], "source_pdf": "b742997d-___1___________________24_____________________________.pdf", "pages": [4], "warnings": [], "support_area": [], "region_source": "직제 시행규칙 [별표2] 서→지방청 대응", "area_lines_raw": ["35 - 01 - 21 N 126 - 23 - 04 E", "34 - 57 - 23 N 126 - 13 - 25 E", "34 - 55 - 51 N 126 - 06 - 45 E", "34 - 51 - 30 N 126 - 12 - 15 E", "34 - 40 - 07 N 126 - 11 - 16 E", "34 - 47 - 23 N 126 - 17 - 46 E", "34 - 47 - 38 N 126 - 21 - 39 E", "점을 연결한 내측해역"], "iou_khoa_2024": 0.671, "fixes": [], "review_needed": false, "valid": true}, "geometry": {"type": "Polygon", "coordinates": [[[126.384444, 35.0225], [126.223611, 34.956389], [126.1125, 34.930833], [126.204167, 34.858333], [126.187778, 34.668611], [126.296111, 34.789722], [126.360833, 34.793889], [126.384444, 35.0225]]]}}, {"type": "Feature", "properties": {"region": "서해지방해양경찰청", "station": "목포해양경찰서", "name": "지도파출소", "address": "전라남도 신안군 지도읍 읍내리 송도2길 68", "address_lines": ["전라남도 신안군", "지도읍 읍내리", "송도2길 68"], "parts": 1, "coords_raw": [["35 - 01 - 21 N 126 - 23 - 04 E", "34 - 57 - 23 N 126 - 13 - 25 E", "34 - 55 - 51 N 126 - 06 - 45 E", "34 - 56 - 30 N 126 - 06 - 00 E", "34 - 56 - 30 N 125 - 44 - 00 E", "35 - 08 - 00 N 125 - 52 - 00 E", "35 - 10 - 00 N 126 - 22 - 00 E"]], "notes": [], "source_pdf": "b742997d-___1___________________24_____________________________.pdf", "pages": [4], "warnings": [], "support_area": [], "region_source": "직제 시행규칙 [별표2] 서→지방청 대응", "area_lines_raw": ["35 - 01 - 21 N 126 - 23 - 04 E", "34 - 57 - 23 N 126 - 13 - 25 E", "34 - 55 - 51 N 126 - 06 - 45 E", "34 - 56 - 30 N 126 - 06 - 00 E", "34 - 56 - 30 N 125 - 44 - 00 E", "35 - 08 - 00 N 125 - 52 - 00 E", "35 - 10 - 00 N 126 - 22 - 00 E", "점을 연결한 내측해역"], "iou_khoa_2024": 0.752, "fixes": [], "review_needed": false, "valid": true}, "geometry": {"type": "Polygon", "coordinates": [[[126.384444, 35.0225], [126.223611, 34.956389], [126.1125, 34.930833], [126.1, 34.941667], [125.733333, 34.941667], [125.866667, 35.133333], [126.366667, 35.166667], [126.384444, 35.0225]]]}}, {"type": "Feature", "properties": {"region": "서해지방해양경찰청", "station": "완도해양경찰서", "name": "완도파출소", "address": "전라남도 완도군 완도읍 장보고대로 341", "address_lines": ["전라남도 완도군", "완도읍 장보고대로", "341"], "parts": 1, "coords_raw": [["34 - 23 - 45 N 126 - 37 - 45 E", "34 - 23 - 00 N 126 - 38 - 45 E", "34 - 19 - 00 N 126 - 40 - 00 E", "34 - 16 - 00 N 126 - 40 - 00 E", "34 - 14 - 00 N 126 - 43 - 00 E", "33 - 56 - 00 N 126 - 43 - 00 E", "33 - 56 - 00 N 127 - 13 - 30 E", "34 - 10 - 00 N 127 - 13 - 30 E", "34 - 10 - 00 N 127 - 00 - 00 E", "34 - 21 - 00 N 126 - 54 - 50 E", "34 - 21 - 00 N 126 - 46 - 00 E", "34 - 24 - 30 N 126 - 43 - 30 E", "34 - 25 - 30 N 126 - 40 - 00 E"]], "notes": [], "source_pdf": "b742997d-___1___________________24_____________________________.pdf", "pages": [5], "warnings": [], "support_area": [], "region_source": "직제 시행규칙 [별표2] 서→지방청 대응", "area_lines_raw": ["34 - 23 - 45 N 126 - 37 - 45 E", "34 - 23 - 00 N 126 - 38 - 45 E", "34 - 19 - 00 N 126 - 40 - 00 E", "34 - 16 - 00 N 126 - 40 - 00 E", "34 - 14 - 00 N 126 - 43 - 00 E", "33 - 56 - 00 N 126 - 43 - 00 E", "33 - 56 - 00 N 127 - 13 - 30 E", "34 - 10 - 00 N 127 - 13 - 30 E", "34 - 10 - 00 N 127 - 00 - 00 E", "34 - 21 - 00 N 126 - 54 - 50 E", "34 - 21 - 00 N 126 - 46 - 00 E", "34 - 24 - 30 N 126 - 43 - 30 E", "34 - 25 - 30 N 126 - 40 - 00 E", "점을 연결한 내측해역"], "iou_khoa_2024": 0.909, "fixes": [], "review_needed": false, "valid": true}, "geometry": {"type": "Polygon", "coordinates": [[[126.629167, 34.395833], [126.645833, 34.383333], [126.666667, 34.316667], [126.666667, 34.266667], [126.716667, 34.233333], [126.716667, 33.933333], [127.225, 33.933333], [127.225, 34.166667], [127.0, 34.166667], [126.913889, 34.35], [126.766667, 34.35], [126.725, 34.408333], [126.666667, 34.425], [126.629167, 34.395833]]]}}, {"type": "Feature", "properties": {"region": "서해지방해양경찰청", "station": "완도해양경찰서", "name": "노화파출소", "address": "전라남도 완도군 노화읍 노화로 891-31", "address_lines": ["전라남도 완도군", "노화읍 노화로 891-31"], "parts": 1, "coords_raw": [["34 - 16 - 00 N 126 - 40 - 00 E", "34 - 16 - 00 N 126 - 33 - 15 E", "34 - 06 - 00 N 126 - 15 - 00 E", "34 - 04 - 00 N 126 - 15 - 00 E", "34 - 04 - 00 N 126 - 30 - 00 E", "33 - 56 - 00 N 126 - 30 - 00 E", "33 - 56 - 00 N 126 - 43 - 00 E", "34 - 14 - 00 N 126 - 43 - 00 E"]], "notes": [], "source_pdf": "b742997d-___1___________________24_____________________________.pdf", "pages": [5], "warnings": [], "support_area": [], "region_source": "직제 시행규칙 [별표2] 서→지방청 대응", "area_lines_raw": ["34 - 16 - 00 N 126 - 40 - 00 E", "34 - 16 - 00 N 126 - 33 - 15 E", "34 - 06 - 00 N 126 - 15 - 00 E", "34 - 04 - 00 N 126 - 15 - 00 E", "34 - 04 - 00 N 126 - 30 - 00 E", "33 - 56 - 00 N 126 - 30 - 00 E", "33 - 56 - 00 N 126 - 43 - 00 E", "34 - 14 - 00 N 126 - 43 - 00 E", "점을 연결한 내측해역"], "iou_khoa_2024": 0.903, "fixes": [], "review_needed": false, "valid": true}, "geometry": {"type": "Polygon", "coordinates": [[[126.666667, 34.266667], [126.554167, 34.266667], [126.25, 34.1], [126.25, 34.066667], [126.5, 34.066667], [126.5, 33.933333], [126.716667, 33.933333], [126.716667, 34.233333], [126.666667, 34.266667]]]}}, {"type": "Feature", "properties": {"region": "서해지방해양경찰청", "station": "완도해양경찰서", "name": "마량파출소", "address": "전라남도 강진군 마량면 미항로 185", "address_lines": ["전라남도 강진군", "마량면 미항로 185"], "parts": 1, "coords_raw": [["34 - 25 - 30 N 126 - 40 - 00 E", "34 - 24 - 30 N 126 - 43 - 30 E", "34 - 21 - 00 N 126 - 46 - 00 E", "34 - 21 - 00 N 126 - 54 - 50 E", "34 - 10 - 00 N 127 - 00 - 00 E", "34 - 10 - 00 N 127 - 13 - 30 E", "34 - 12 - 45 N 127 - 13 - 30 E", "34 - 23 - 30 N 127 - 07 - 05 E", "34 - 25 - 10 N 126 - 54 - 00 E", "34 - 27 - 35 N 126 - 54 - 00 E"]], "notes": [], "source_pdf": "b742997d-___1___________________24_____________________________.pdf", "pages": [5], "warnings": [], "support_area": [], "region_source": "직제 시행규칙 [별표2] 서→지방청 대응", "area_lines_raw": ["34 - 25 - 30 N 126 - 40 - 00 E", "34 - 24 - 30 N 126 - 43 - 30 E", "34 - 21 - 00 N 126 - 46 - 00 E", "34 - 21 - 00 N 126 - 54 - 50 E", "34 - 10 - 00 N 127 - 00 - 00 E", "34 - 10 - 00 N 127 - 13 - 30 E", "34 - 12 - 45 N 127 - 13 - 30 E", "34 - 23 - 30 N 127 - 07 - 05 E", "34 - 25 - 10 N 126 - 54 - 00 E", "34 - 27 - 35 N 126 - 54 - 00 E", "점을 연결한 내측해역"], "iou_khoa_2024": 0.758, "fixes": [], "review_needed": false, "valid": true}, "geometry": {"type": "Polygon", "coordinates": [[[126.666667, 34.425], [126.725, 34.408333], [126.766667, 34.35], [126.913889, 34.35], [127.0, 34.166667], [127.225, 34.166667], [127.225, 34.2125], [127.118056, 34.391667], [126.9, 34.419444], [126.9, 34.459722], [126.666667, 34.425]]]}}, {"type": "Feature", "properties": {"region": "서해지방해양경찰청", "station": "완도해양경찰서", "name": "회진파출소", "address": "전라남도 장흥군 회진면 가학회진로 1575", "address_lines": ["전라남도 장흥군", "회진면 가학회진로", "1575"], "parts": 1, "coords_raw": [["34 - 27 - 35 N 126 - 54 - 00 E", "34 - 25 - 10 N 126 - 54 - 00 E", "34 - 23 - 30 N 127 - 07 - 05 E", "34 - 27 - 30 N 127 - 05 - 00 E", "34 - 40 - 00 N 127 - 05 - 00 E"]], "notes": [], "source_pdf": "b742997d-___1___________________24_____________________________.pdf", "pages": [6], "warnings": [], "support_area": [], "region_source": "직제 시행규칙 [별표2] 서→지방청 대응", "area_lines_raw": ["34 - 27 - 35 N 126 - 54 - 00 E", "34 - 25 - 10 N 126 - 54 - 00 E", "34 - 23 - 30 N 127 - 07 - 05 E", "34 - 27 - 30 N 127 - 05 - 00 E", "34 - 40 - 00 N 127 - 05 - 00 E", "점을 연결한 내측해역"], "iou_khoa_2024": 0.78, "fixes": [], "review_needed": false, "valid": true}, "geometry": {"type": "Polygon", "coordinates": [[[126.9, 34.459722], [126.9, 34.419444], [127.118056, 34.391667], [127.083333, 34.458333], [127.083333, 34.666667], [126.9, 34.459722]]]}}, {"type": "Feature", "properties": {"region": "서해지방해양경찰청", "station": "완도해양경찰서", "name": "땅끝파출소", "address": "전라남도 해남군 송지면 땅끝마을길 55", "address_lines": ["전라남도 해남군", "송지면 땅끝마을길", "55"], "parts": 1, "coords_raw": [["34 - 34 - 22 N 126 - 18 - 22 E", "34 - 34 - 15 N 126 - 18 - 13 E", "34 - 22 - 30 N 126 - 15 - 00 E", "34 - 06 - 00 N 126 - 15 - 00 E", "34 - 16 - 00 N 126 - 33 - 15 E", "34 - 16 - 00 N 126 - 40 - 00 E", "34 - 19 - 00 N 126 - 40 - 00 E", "34 - 23 - 00 N 126 - 38 - 45 E", "34 - 23 - 45 N 126 - 37 - 45 E"]], "notes": [], "source_pdf": "b742997d-___1___________________24_____________________________.pdf", "pages": [6], "warnings": [], "support_area": [], "region_source": "직제 시행규칙 [별표2] 서→지방청 대응", "area_lines_raw": ["34 - 34 - 22 N 126 - 18 - 22 E", "34 - 34 - 15 N 126 - 18 - 13 E", "34 - 22 - 30 N 126 - 15 - 00 E", "34 - 06 - 00 N 126 - 15 - 00 E", "34 - 16 - 00 N 126 - 33 - 15 E", "34 - 16 - 00 N 126 - 40 - 00 E", "34 - 19 - 00 N 126 - 40 - 00 E", "34 - 23 - 00 N 126 - 38 - 45 E", "34 - 23 - 45 N 126 - 37 - 45 E", "점을 연결한 내측해역"], "iou_khoa_2024": 0.717, "fixes": [], "review_needed": false, "valid": true}, "geometry": {"type": "Polygon", "coordinates": [[[126.306111, 34.572778], [126.303611, 34.570833], [126.25, 34.375], [126.25, 34.1], [126.554167, 34.266667], [126.666667, 34.266667], [126.666667, 34.316667], [126.645833, 34.383333], [126.629167, 34.395833], [126.306111, 34.572778]]]}}, {"type": "Feature", "properties": {"region": "서해지방해양경찰청", "station": "여수해양경찰서", "name": "광양파출소", "address": "전라남도 광양시 항만 9로 89", "address_lines": ["전라남도", "광양시 항만 9로 89"], "parts": 1, "coords_raw": [["34 - 54 - 10N 127 - 49 - 33E", "34 - 54 - 50N 127 - 48 - 48E", "34 - 55 - 28N 127 - 48 - 19E", "34 - 49 - 14N 127 - 46 - 26E", "34 - 49 - 13N 127 - 49 - 23E"]], "notes": [], "source_pdf": "b742997d-___1___________________24_____________________________.pdf", "pages": [7], "warnings": [], "support_area": [], "region_source": "직제 시행규칙 [별표2] 서→지방청 대응", "area_lines_raw": ["34 － 54 － 10N 127 － 49 － 33E", "34 － 54 － 50N 127 － 48 － 48E", "34 － 55 － 28N 127 － 48 － 19E", "34 － 49 － 14N 127 － 46 － 26E", "34 － 49 － 13N 127 － 49 － 23E", "점을 연결한 내측해역"], "iou_khoa_2024": 0.216, "fixes": [], "review_needed": true, "review_reason": "별표 모양과 개방해(2024-03) 모양이 크게 다름 — 사용자 확인 대기", "valid": true}, "geometry": {"type": "Polygon", "coordinates": [[[127.825833, 34.902778], [127.813333, 34.913889], [127.805278, 34.924444], [127.773889, 34.820556], [127.823056, 34.820278], [127.825833, 34.902778]]]}}, {"type": "Feature", "properties": {"region": "서해지방해양경찰청", "station": "여수해양경찰서", "name": "여수바다파출소", "address": "전라남도 여수시 국동 어항단지로 116", "address_lines": ["전라남도", "여수시 국동", "어항단지로 116"], "parts": 1, "coords_raw": [["34 - 37 - 35N 127 - 38 - 10E", "34 - 37 - 26N 127 - 38 - 10E", "34 - 36 - 30N 127 - 39 - 15E", "34 - 40 - 00N 127 - 43 - 00E", "34 - 40 - 20N 127 - 45 - 00E", "34 - 40 - 20N 127 - 47 - 10E", "34 - 37 - 35N 128 - 00 - 00E", "34 - 39 - 60N 128 - 00 - 00E", "34 - 39 - 60N 127 - 56 - 58E", "34 - 41 - 22N 127 - 56 - 37E", "34 - 43 - 05N 127 - 53 - 22E", "34 - 43 - 20N 127 - 53 - 22E", "34 - 49 - 13N 127 - 49 - 23E", "34 - 49 - 14N 127 - 46 - 26E"]], "notes": [], "source_pdf": "b742997d-___1___________________24_____________________________.pdf", "pages": [7], "warnings": ["분·초 60 이상 원문 그대로 환산: '34 - 39 - 60N 128 - 00 - 00E'", "분·초 60 이상 원문 그대로 환산: '34 - 39 - 60N 127 - 56 - 58E'"], "support_area": [], "region_source": "직제 시행규칙 [별표2] 서→지방청 대응", "area_lines_raw": ["34 － 37 － 35N 127 － 38 － 10E", "34 － 37 － 26N 127 － 38 － 10E", "34 － 36 － 30N 127 － 39 － 15E", "34 － 40 － 00N 127 － 43 － 00E", "34 － 40 － 20N 127 － 45 － 00E", "34 － 40 － 20N 127 － 47 － 10E", "34 － 37 － 35N 128 － 00 － 00E", "34 － 39 － 60N 128 － 00 － 00E", "34 － 39 － 60N 127 － 56 － 58E", "34 － 41 － 22N 127 － 56 － 37E", "34 － 43 － 05N 127 － 53 － 22E", "34 － 43 － 20N 127 － 53 － 22E", "34 － 49 － 13N 127 － 49 － 23E", "34 － 49 － 14N 127 － 46 － 26E", "점을 연결한 내측해역"], "iou_khoa_2024": 0.611, "fixes": [], "review_needed": false, "valid": true}, "geometry": {"type": "Polygon", "coordinates": [[[127.636111, 34.626389], [127.636111, 34.623889], [127.654167, 34.608333], [127.716667, 34.666667], [127.75, 34.672222], [127.786111, 34.672222], [128.0, 34.626389], [128.0, 34.666667], [127.949444, 34.666667], [127.943611, 34.689444], [127.889444, 34.718056], [127.889444, 34.722222], [127.823056, 34.820278], [127.773889, 34.820556], [127.636111, 34.626389]]]}}, {"type": "Feature", "properties": {"region": "서해지방해양경찰청", "station": "여수해양경찰서", "name": "돌산파출소", "address": "전라남도 여수시 돌산읍 군내리 남외길 29", "address_lines": ["전라남도", "여수시 돌산읍", "군내리 남외길 29"], "parts": 1, "coords_raw": [["34 - 36 - 30N 127 - 39 - 15E", "34 - 37 - 26N 127 - 38 - 10E", "34 - 36 - 26N 127 - 38 - 00E", "34 - 25 - 25N 127 - 37 - 30E", "34 - 22 - 30N 127 - 48 - 00E", "34 - 34 - 00N 128 - 00 - 00E", "34 - 37 - 35N 128 - 00 - 00E", "34 - 40 - 20N 127 - 47 - 10E", "34 - 40 - 20N 127 - 45 - 00E", "34 - 40 - 00N 127 - 43 - 00E", "34 - 36 - 30N 127 - 39 - 15E"]], "notes": [], "source_pdf": "b742997d-___1___________________24_____________________________.pdf", "pages": [7], "warnings": ["덩어리1: 원문 첫 점=끝 점(이미 닫힘)"], "support_area": [], "region_source": "직제 시행규칙 [별표2] 서→지방청 대응", "area_lines_raw": ["34 － 36 － 30N 127 － 39 － 15E", "34 － 37 － 26N 127 － 38 － 10E", "34 － 36 － 26N 127 － 38 － 00E", "34 － 25 － 25N 127 － 37 － 30E", "34 － 22 － 30N 127 － 48 － 00E", "34 － 34 － 00N 128 － 00 － 00E", "34 － 37 － 35N 128 － 00 － 00E", "34 － 40 － 20N 127 － 47 － 10E", "34 － 40 － 20N 127 － 45 － 00E", "34 － 40 － 00N 127 － 43 － 00E", "34 － 36 － 30N 127 － 39 － 15E", "점을 연결한 내측해역"], "iou_khoa_2024": 0.855, "fixes": [], "review_needed": false, "valid": true}, "geometry": {"type": "Polygon", "coordinates": [[[127.654167, 34.608333], [127.636111, 34.623889], [127.633333, 34.607222], [127.625, 34.423611], [127.8, 34.375], [128.0, 34.566667], [128.0, 34.626389], [127.786111, 34.672222], [127.75, 34.672222], [127.716667, 34.666667], [127.654167, 34.608333]]]}}, {"type": "Feature", "properties": {"region": "서해지방해양경찰청", "station": "여수해양경찰서", "name": "나로도파출소", "address": "전라남도 고흥군 봉래면 나로도항길 120-9", "address_lines": ["전라남도", "고흥군 봉래면", "나로도항길 120-9"], "parts": 1, "coords_raw": [["34 - 28 - 45N 127 - 22 - 00E", "34 - 22 - 00N 127 - 22 - 00E", "34 - 22 - 00N 127 - 30 - 00E", "34 - 26 - 00N 127 - 35 - 00E", "34 - 25 - 25N 127 - 37 - 30E", "34 - 34 - 26N 127 - 37 - 54E", "34 - 34 - 26N 127 - 29 - 15E"]], "notes": [], "source_pdf": "b742997d-___1___________________24_____________________________.pdf", "pages": [7], "warnings": [], "support_area": [], "region_source": "직제 시행규칙 [별표2] 서→지방청 대응", "area_lines_raw": ["34 － 28 － 45N 127 － 22 － 00E", "34 － 22 － 00N 127 － 22 － 00E", "34 － 22 － 00N 127 － 30 － 00E", "34 － 26 － 00N 127 － 35 － 00E", "34 － 25 － 25N 127 － 37 － 30E", "34 － 34 － 26N 127 － 37 － 54E", "34 － 34 － 26N 127 － 29 － 15E", "점을 연결한 내측해역"], "iou_khoa_2024": 0.833, "fixes": [], "review_needed": false, "valid": true}, "geometry": {"type": "Polygon", "coordinates": [[[127.366667, 34.479167], [127.366667, 34.366667], [127.5, 34.366667], [127.583333, 34.433333], [127.625, 34.423611], [127.631667, 34.573889], [127.4875, 34.573889], [127.366667, 34.479167]]]}}, {"type": "Feature", "properties": {"region": "서해지방해양경찰청", "station": "여수해양경찰서", "name": "거문파출소", "address": "전라남도 여수시 삼산면 거문길 116", "address_lines": ["전라남도", "여수시 삼산면", "거문길 116"], "parts": 1, "coords_raw": [["34 - 04 - 30 N 127 - 17 - 35 E", "34 - 01 - 30 N 127 - 15 - 20 E", "33 - 58 - 30 N 127 - 17 - 35 E", "34 - 03 - 00 N 127 - 25 - 00 E", "34 - 04 - 30 N 127 - 24 - 00 E"]], "notes": [], "source_pdf": "b742997d-___1___________________24_____________________________.pdf", "pages": [8], "warnings": [], "support_area": [], "region_source": "직제 시행규칙 [별표2] 서→지방청 대응", "area_lines_raw": ["34 - 04 - 30 N 127 - 17 - 35 E", "34 - 01 - 30 N 127 - 15 - 20 E", "33 - 58 - 30 N 127 - 17 - 35 E", "34 - 03 - 00 N 127 - 25 - 00 E", "34 - 04 - 30 N 127 - 24 - 00 E", "점을 연결한 내측해역"], "iou_khoa_2024": 0.877, "fixes": [], "review_needed": false, "valid": true}, "geometry": {"type": "Polygon", "coordinates": [[[127.293056, 34.075], [127.255556, 34.025], [127.293056, 33.975], [127.416667, 34.05], [127.4, 34.075], [127.293056, 34.075]]]}}, {"type": "Feature", "properties": {"region": "서해지방해양경찰청", "station": "여수해양경찰서", "name": "녹동파출소", "address": "전라남도 고흥군 도양읍 비봉로 280", "address_lines": ["전라남도", "고흥군 도양읍", "비봉로 280"], "parts": 1, "coords_raw": [["34 - 40 - 00 N 127 - 05 - 00 E", "34 - 27 - 30 N 127 - 05 - 00 E", "34 - 17 - 10 N 127 - 10 - 30 E", "34 - 22 - 00 N 127 - 22 - 00 E", "34 - 28 - 45 N 127 - 22 - 00 E"]], "notes": [], "source_pdf": "b742997d-___1___________________24_____________________________.pdf", "pages": [8], "warnings": [], "support_area": [], "region_source": "직제 시행규칙 [별표2] 서→지방청 대응", "area_lines_raw": ["34 - 40 - 00 N 127 - 05 - 00 E", "34 - 27 - 30 N 127 - 05 - 00 E", "34 - 17 - 10 N 127 - 10 - 30 E", "34 - 22 - 00 N 127 - 22 - 00 E", "34 - 28 - 45 N 127 - 22 - 00 E", "점을 연결한 내측해역"], "iou_khoa_2024": 0.573, "fixes": [], "review_needed": false, "valid": true}, "geometry": {"type": "Polygon", "coordinates": [[[127.083333, 34.666667], [127.083333, 34.458333], [127.175, 34.286111], [127.366667, 34.366667], [127.366667, 34.479167], [127.083333, 34.666667]]]}}, {"type": "Feature", "properties": {"region": "서해지방해양경찰청", "station": "여수해양경찰서", "name": "여호파출소", "address": "전라남도 고흥군 점암면 여호해안길 81", "address_lines": ["전라남도", "고흥군 점암면", "여호해안길 81"], "parts": 1, "coords_raw": [["34 - 34 - 26N 127 - 29 - 15E", "34 - 34 - 26N 127 - 37 - 54E", "34 - 36 - 26N 127 - 38 - 00E", "34 - 37 - 26N 127 - 38 - 10E", "34 - 37 - 35N 127 - 38 - 10E"]], "notes": [], "source_pdf": "b742997d-___1___________________24_____________________________.pdf", "pages": [8], "warnings": [], "support_area": [], "region_source": "직제 시행규칙 [별표2] 서→지방청 대응", "area_lines_raw": ["34 － 34 － 26N 127 － 29 －", "15E", "34 － 34 － 26N 127 － 37 －", "54E", "34 － 36 － 26N 127 － 38 －", "00E", "34 － 37 － 26N 127 － 38 －", "10E", "34 － 37 － 35N 127 － 38 －", "10E", "점을 연결한 내측해역"], "iou_khoa_2024": 0.089, "fixes": [], "review_needed": true, "review_reason": "별표 모양과 개방해(2024-03) 모양이 크게 다름 — 사용자 확인 대기", "valid": true}, "geometry": {"type": "Polygon", "coordinates": [[[127.4875, 34.573889], [127.631667, 34.573889], [127.633333, 34.607222], [127.636111, 34.623889], [127.636111, 34.626389], [127.4875, 34.573889]]]}}, {"type": "Feature", "properties": {"region": "남해지방해양경찰청", "station": "울산해양경찰서", "name": "강동파출소", "address": "울산광역시 북구 정자1길 10-2", "address_lines": ["울산광역시 북구", "정자1길 10-2"], "parts": 1, "coords_raw": [["35 - 39 - 00N 129 - 27 - 00 E", "35 - 39 - 00N 129 - 32 - 00 E", "35 - 34 - 19N 129 - 30 - 07 E", "35 - 34 - 19N 129 - 27 - 07 E"]], "notes": [], "source_pdf": "b85e9d94-___1___________________24_____________________________.pdf", "pages": [1], "warnings": [], "support_area": [], "region_source": "직제 시행규칙 [별표2] 서→지방청 대응", "area_lines_raw": ["① 35 - 39 - 00N 129 - 27 - 00 E", "② 35 - 39 - 00N 129 - 32 - 00 E", "③ 35 - 34 - 19N 129 - 30 - 07 E", "④ 35 - 34 - 19N 129 - 27 - 07 E", "점을 연결한 선의 내측해역"], "iou_khoa_2024": 0.897, "fixes": [], "review_needed": false, "valid": true}, "geometry": {"type": "Polygon", "coordinates": [[[129.45, 35.65], [129.533333, 35.65], [129.501944, 35.571944], [129.451944, 35.571944], [129.45, 35.65]]]}}, {"type": "Feature", "properties": {"region": "남해지방해양경찰청", "station": "울산해양경찰서", "name": "방어진파출소", "address": "울산광역시 동구 성끝길 2-1", "address_lines": ["울산광역시 동구", "성끝길 2-1"], "parts": 1, "coords_raw": [["35 - 34 - 19N 129 - 27 - 07E", "35 - 34 - 19N 129 - 30 - 07E", "35 - 25 - 47N 129 - 27 - 52E", "35 - 27 - 02N 129 - 22 - 45E", "35 - 28 - 17N 129 - 24 - 18E"]], "notes": [], "source_pdf": "b85e9d94-___1___________________24_____________________________.pdf", "pages": [1], "warnings": [], "support_area": [], "region_source": "직제 시행규칙 [별표2] 서→지방청 대응", "area_lines_raw": ["① 35 - 34 - 19N 129 - 27 - 07E", "② 35 - 34 - 19N 129 - 30 - 07E", "③ 35 - 25 - 47N 129 - 27 - 52E", "④ 35 - 27 - 02N 129 - 22 - 45E", "⑤ 35 - 28 - 17N 129 - 24 - 18E", "점을 연결한 선의 내측해역"], "iou_khoa_2024": 0.824, "fixes": [], "review_needed": false, "valid": true}, "geometry": {"type": "Polygon", "coordinates": [[[129.451944, 35.571944], [129.501944, 35.571944], [129.464444, 35.429722], [129.379167, 35.450556], [129.405, 35.471389], [129.451944, 35.571944]]]}}, {"type": "Feature", "properties": {"region": "남해지방해양경찰청", "station": "울산해양경찰서", "name": "울산항파출소", "address": "울산광역시 남구 장생포고래로 276번길 23", "address_lines": ["울산광역시 남구", "장생포고래로", "276번길 23"], "parts": 1, "coords_raw": [["35 - 28 - 17N 129 - 24 - 18E", "35 - 27 - 02N 129 - 22 - 45E", "35 - 27 - 09N 129 - 22 - 16E"]], "notes": [], "source_pdf": "b85e9d94-___1___________________24_____________________________.pdf", "pages": [1], "warnings": [], "support_area": [], "region_source": "직제 시행규칙 [별표2] 서→지방청 대응", "area_lines_raw": ["① 35 - 28 - 17N 129 - 24 - 18E", "② 35 - 27 - 02N 129 - 22 - 45E", "③ 35 - 27 - 09N 129 - 22 - 16E", "점을 연결한 선의 내측해역"], "iou_khoa_2024": 0.077, "fixes": [], "review_needed": true, "review_reason": "별표 모양과 개방해(2024-03) 모양이 크게 다름 — 사용자 확인 대기", "valid": true}, "geometry": {"type": "Polygon", "coordinates": [[[129.405, 35.471389], [129.379167, 35.450556], [129.371111, 35.4525], [129.405, 35.471389]]]}}, {"type": "Feature", "properties": {"region": "남해지방해양경찰청", "station": "울산해양경찰서", "name": "진하파출소", "address": "울산광역시 울주군 서생면 나루터3길 50", "address_lines": ["울산광역시 울주군", "서생면 나루터3길 50"], "parts": 1, "coords_raw": [["35 - 27 - 09N 129 - 22 - 16E", "35 - 27 - 02N 129 - 22 - 45E", "35 - 25 - 47N 129 - 27 - 52E", "35 - 18 - 01N 129 - 22 - 59E", "35 - 19 - 42N 129 - 18 - 26E"]], "notes": [], "source_pdf": "b85e9d94-___1___________________24_____________________________.pdf", "pages": [1], "warnings": [], "support_area": [], "region_source": "직제 시행규칙 [별표2] 서→지방청 대응", "area_lines_raw": ["① 35 - 27 - 09N, 129 - 22 - 16E", "② 35 - 27 - 02N, 129 - 22 - 45E", "③ 35 - 25 - 47N, 129 - 27 - 52E", "④ 35 - 18 - 01N, 129 - 22 - 59E", "⑤ 35 - 19 - 42N, 129 - 18 - 26E", "점을 연결한 선의 내측해역"], "iou_khoa_2024": 0.853, "fixes": [], "review_needed": false, "valid": true}, "geometry": {"type": "Polygon", "coordinates": [[[129.371111, 35.4525], [129.379167, 35.450556], [129.464444, 35.429722], [129.383056, 35.300278], [129.307222, 35.328333], [129.371111, 35.4525]]]}}, {"type": "Feature", "properties": {"region": "남해지방해양경찰청", "station": "울산해양경찰서", "name": "기장파출소", "address": "부산광역시 기장군 기장읍 기장해안로 634", "address_lines": ["부산광역시 기장군", "기장읍 기장해안로", "634"], "parts": 1, "coords_raw": [["35 - 19 - 42N 129 - 18 - 26E", "35 - 18 - 01N 129 - 22 - 59E", "35 - 09 - 56N 129 - 17 - 42E", "35 - 10 - 54N 129 - 13 - 30E", "35 - 11 - 06N 129 - 13 - 18E"]], "notes": [], "source_pdf": "b85e9d94-___1___________________24_____________________________.pdf", "pages": [1], "warnings": [], "support_area": [], "region_source": "직제 시행규칙 [별표2] 서→지방청 대응", "area_lines_raw": ["① 35 - 19 - 42N, 129 - 18 - 26E", "② 35 - 18 - 01N, 129 - 22 - 59E", "③ 35 - 09 - 56N, 129 - 17 － 42E", "④ 35 - 10 - 54N, 129 - 13 － 30E", "⑤ 35 - 11 - 06N, 129 - 13 - 18E", "점을 연결한 선의 내측해역"], "iou_khoa_2024": 0.839, "fixes": [], "review_needed": false, "valid": true}, "geometry": {"type": "Polygon", "coordinates": [[[129.307222, 35.328333], [129.383056, 35.300278], [129.295, 35.165556], [129.225, 35.181667], [129.221667, 35.185], [129.307222, 35.328333]]]}}, {"type": "Feature", "properties": {"region": "남해지방해양경찰청", "station": "부산해양경찰서", "name": "송정파출소", "address": "부산광역시 해운대구 송정해변로 1-23", "address_lines": ["부산광역시 해운대구", "송정해변로 1-23"], "parts": 1, "coords_raw": [["35 - 11 - 06 N 129 - 13 - 18 E", "35 - 10 - 54 N 129 - 13 - 30 E", "35 - 09 - 56 N 129 - 17 - 42 E", "35 - 06 - 30 N 129 - 12 - 30 E", "35 - 09 - 06 N 129 - 09 - 06 E"]], "notes": [], "source_pdf": "b85e9d94-___1___________________24_____________________________.pdf", "pages": [2], "warnings": [], "support_area": [], "region_source": "직제 시행규칙 [별표2] 서→지방청 대응", "area_lines_raw": ["① 35 - 11 - 06 N 129 - 13 - 18 E", "② 35 - 10 - 54 N 129 - 13 - 30 E", "③ 35 - 09 - 56 N 129 - 17 - 42 E", "④ 35 - 06 - 30 N 129 - 12 - 30 E", "⑤ 35 - 09 - 06 N 129 - 09 - 06 E", "점을 연결한 선의 내측해역"], "iou_khoa_2024": 0.936, "fixes": [], "review_needed": false, "valid": true}, "geometry": {"type": "Polygon", "coordinates": [[[129.221667, 35.185], [129.225, 35.181667], [129.295, 35.165556], [129.208333, 35.108333], [129.151667, 35.151667], [129.221667, 35.185]]]}}, {"type": "Feature", "properties": {"region": "남해지방해양경찰청", "station": "부산해양경찰서", "name": "광안리파출소", "address": "부산광역시 수영구 민락수변로92", "address_lines": ["부산광역시 수영구", "민락수변로92"], "parts": 1, "coords_raw": [["35 - 09 - 06 N 129 - 09 - 06 E", "35 - 06 - 30 N 129 - 12 - 30 E", "35 - 05 - 00 N 129 - 10 - 00 E", "35 - 05 - 24 N 129 - 05 - 42 E", "35 - 05 - 38 N 129 - 05 - 42 E"]], "notes": [], "source_pdf": "b85e9d94-___1___________________24_____________________________.pdf", "pages": [2], "warnings": [], "support_area": [], "region_source": "직제 시행규칙 [별표2] 서→지방청 대응", "area_lines_raw": ["① 35 - 09 - 06 N 129 - 09 - 06 E", "② 35 - 06 - 30 N 129 - 12 - 30 E", "③ 35 - 05 - 00 N 129 - 10 - 00 E", "④ 35 - 05 - 24 N 129 - 05 - 42 E", "⑤ 35 - 05 - 38 N 129 - 05 - 42 E", "점을 연결한 선의 내측해역"], "iou_khoa_2024": 0.772, "fixes": [], "review_needed": false, "valid": true}, "geometry": {"type": "Polygon", "coordinates": [[[129.151667, 35.151667], [129.208333, 35.108333], [129.166667, 35.083333], [129.095, 35.09], [129.095, 35.093889], [129.151667, 35.151667]]]}}, {"type": "Feature", "properties": {"region": "남해지방해양경찰청", "station": "부산해양경찰서", "name": "영도파출소", "address": "부산광역시 영도구 하리해안길 17", "address_lines": ["부산광역시 영도구", "하리해안길 17"], "parts": 1, "coords_raw": [["35 - 06 - 02 N 129 - 03 - 33 E", "35 - 06 - 28 N 129 - 04 - 03 E", "35 - 05 - 38 N 129 - 05 - 42 E", "35 - 05 - 24 N 129 - 05 - 42 E", "35 - 05 - 00 N 129 - 10 - 00 E", "35 - 01 - 52 N 129 - 05 - 27 E", "35 - 05 - 06 N 129 - 02 - 00 E", "35 - 05 - 08 N 129 - 02 - 03 E"]], "notes": [], "source_pdf": "b85e9d94-___1___________________24_____________________________.pdf", "pages": [2], "warnings": [], "support_area": [], "region_source": "직제 시행규칙 [별표2] 서→지방청 대응", "area_lines_raw": ["① 35 - 06 - 02 N 129 - 03 - 33 E", "② 35 - 06 - 28 N 129 - 04 - 03 E", "③ 35 - 05 - 38 N 129 - 05 - 42 E", "④ 35 - 05 - 24 N 129 - 05 - 42 E", "⑤ 35 - 05 - 00 N 129 - 10 - 00 E", "⑥ 35 - 01 - 52 N 129 - 05 - 27 E", "⑦ 35 - 05 - 06 N 129 - 02 - 00 E", "⑧ 35 - 05 - 08 N 129 - 02 - 03 E", "점을 연결한 선의 내측해역"], "iou_khoa_2024": 0.696, "fixes": [], "review_needed": false, "valid": true}, "geometry": {"type": "Polygon", "coordinates": [[[129.059167, 35.100556], [129.0675, 35.107778], [129.095, 35.093889], [129.095, 35.09], [129.166667, 35.083333], [129.090833, 35.031111], [129.033333, 35.085], [129.034167, 35.085556], [129.059167, 35.100556]]]}}, {"type": "Feature", "properties": {"region": "남해지방해양경찰청", "station": "부산해양경찰서", "name": "남항파출소", "address": "부산광역시 서구 해양새벽 시장길 91", "address_lines": ["부산광역시 서구 해양새벽", "시장길 91"], "parts": 1, "coords_raw": [["35 - 06 - 28 N 129 - 04 - 03 E", "35 - 06 - 02 N 129 - 03 - 33 E", "35 - 05 - 08 N 129 - 02 - 03 E", "35 - 05 - 06 N 129 - 02 - 00 E", "35 - 01 - 52 N 129 - 05 - 27 E", "35 - 00 - 00 N 129 - 02 - 54 E", "35 - 03 - 12 N 129 - 01 - 00 E"]], "notes": [], "source_pdf": "b85e9d94-___1___________________24_____________________________.pdf", "pages": [2], "warnings": ["덩어리1: 자기교차 (Self-intersection[129.040212987367 35.07855207584])"], "support_area": [], "region_source": "직제 시행규칙 [별표2] 서→지방청 대응", "area_lines_raw": ["① 35 - 06 - 28 N 129 - 04 - 03 E", "② 35 - 06 - 02 N 129 - 03 - 33 E", "③ 35 - 05 - 08 N 129 - 02 - 03 E", "④ 35 - 05 - 06 N 129 - 02 - 00 E", "⑤ 35 - 01 - 52 N 129 - 05 - 27 E", "⑥ 35 - 00 - 00 N 129 - 02 - 54 E", "⑦ 35 - 03 - 12 N 129 - 01 - 00 E", "점을 연결한 선의 내측해역"], "iou_khoa_2024": 0.725, "fixes": ["자기교차를 자동 정리(make_valid) — 점 순서는 원문 유지(순서 교환 시 겹침 하락)"], "review_needed": false, "valid": true}, "geometry": {"type": "MultiPolygon", "coordinates": [[[[129.016667, 35.053333], [129.0402129873666, 35.07855207584001], [129.090833, 35.031111], [129.048333, 35.0], [129.016667, 35.053333]]], [[[129.059167, 35.100556], [129.0675, 35.107778], [129.0402129873666, 35.07855207584001], [129.033333, 35.085], [129.034167, 35.085556], [129.059167, 35.100556]]]]}}, {"type": "Feature", "properties": {"region": "남해지방해양경찰청", "station": "부산해양경찰서", "name": "다대파출소", "address": "부산광역시 사하구 다대동로 8번길 10", "address_lines": ["부산광역시 사하구 다대동로", "8번길 10"], "parts": 1, "coords_raw": [["35 - 02 - 42 N 128 - 59 - 50 E", "34 - 58 - 48 N 129 - 01 - 18 E", "34 - 58 - 12 N 128 - 56 - 06 E", "35 - 05 - 12 N 128 - 56 - 06 E"]], "notes": [], "source_pdf": "b85e9d94-___1___________________24_____________________________.pdf", "pages": [3], "warnings": [], "support_area": [], "region_source": "직제 시행규칙 [별표2] 서→지방청 대응", "area_lines_raw": ["① 35 - 02 - 42 N 128 - 59 - 50 E", "② 34 - 58 - 48 N 129 - 01 - 18 E", "③ 34 - 58 - 12 N 128 - 56 - 06 E", "④ 35 - 05 - 12 N 128 - 56 - 06 E", "점을 연결한 선의 내측해역"], "iou_khoa_2024": 0.865, "fixes": [], "review_needed": false, "valid": true}, "geometry": {"type": "Polygon", "coordinates": [[[128.997222, 35.045], [129.021667, 34.98], [128.935, 34.97], [128.935, 35.086667], [128.997222, 35.045]]]}}, {"type": "Feature", "properties": {"region": "남해지방해양경찰청", "station": "부산해양경찰서", "name": "감천파출소", "address": "부산광역시 사하구 감천항로 35", "address_lines": ["부산광역시 사하구 감천항로", "35"], "parts": 1, "coords_raw": [["35 - 03 - 12 N 129 - 01 - 00 E", "35 - 00 - 00 N 129 - 02 - 54 E", "34 - 58 - 48 N 129 - 01 - 18 E", "35 - 02 - 42 N 128 - 59 - 50 E"]], "notes": [], "source_pdf": "b85e9d94-___1___________________24_____________________________.pdf", "pages": [3], "warnings": [], "support_area": [], "region_source": "직제 시행규칙 [별표2] 서→지방청 대응", "area_lines_raw": ["① 35 - 03 - 12 N 129 - 01 - 00 E", "② 35 - 00 - 00 N 129 - 02 - 54 E", "③ 34 - 58 - 48 N 129 - 01 - 18 E", "④ 35 - 02 - 42 N 128 - 59 - 50 E", "점을 연결한 선의 내측해역"], "iou_khoa_2024": 0.807, "fixes": [], "review_needed": false, "valid": true}, "geometry": {"type": "Polygon", "coordinates": [[[129.016667, 35.053333], [129.048333, 35.0], [129.021667, 34.98], [128.997222, 35.045], [129.016667, 35.053333]]]}}, {"type": "Feature", "properties": {"region": "남해지방해양경찰청", "station": "부산해양경찰서", "name": "명지파출소", "address": "부산광역시 강서구 명지새동네길 2번길 56-1", "address_lines": ["부산광역시 강서구", "명지새동네길 2번길 56-1"], "parts": 1, "coords_raw": [["35 - 05 - 12 N 128 - 56 - 06 E", "34 - 58 - 12 N 128 - 56 - 06 E", "34 - 57 - 35 N 128 - 52 - 47 E", "35 - 04 - 47 N 128 - 52 - 47 E"]], "notes": [], "source_pdf": "b85e9d94-___1___________________24_____________________________.pdf", "pages": [3], "warnings": [], "support_area": [], "region_source": "직제 시행규칙 [별표2] 서→지방청 대응", "area_lines_raw": ["① 35 - 05 - 12 N 128 - 56 - 06 E", "② 34 - 58 - 12 N 128 - 56 - 06 E", "③ 34 - 57 - 35 N 128 - 52 - 47 E", "④ 35 - 04 - 47 N 128 - 52 - 47 E", "점을 연결한 선의 내측해역"], "iou_khoa_2024": 0.878, "fixes": [], "review_needed": false, "valid": true}, "geometry": {"type": "Polygon", "coordinates": [[[128.935, 35.086667], [128.935, 34.97], [128.879722, 34.959722], [128.879722, 35.079722], [128.935, 35.086667]]]}}, {"type": "Feature", "properties": {"region": "남해지방해양경찰청", "station": "창원해양경찰서", "name": "신항파출소", "address": "경상남도 창원시 진해구 안골동 안골로 90-7", "address_lines": ["경상남도", "창원시 진해구 안골동 안골로", "90-7"], "parts": 1, "coords_raw": [["35 - 04 - 47 N 128 - 52 - 47 E", "34 - 57 - 35 N 128 - 52 - 47 E", "34 - 57 - 35 N 128 - 47 - 00 E", "35 - 55 - 00 N 128 - 47 - 00 E", "34 - 55 - 00 N 128 - 43 - 25 E", "35 - 01 - 38 N 128 - 43 - 00 E", "35 - 03 - 41 N 128 - 45 - 09 E"]], "notes": ["[덩어리1·해역 문구 뒤] (⑤와 ⑥해점 사이는\n해안선 기준)"], "source_pdf": "b85e9d94-___1___________________24_____________________________.pdf", "pages": [4], "warnings": ["덩어리1: 자기교차 (Self-intersection[128.731031560154 35.0409187021116])"], "support_area": [], "region_source": "직제 시행규칙 [별표2] 서→지방청 대응", "area_lines_raw": ["① 35 - 04 - 47 N 128 - 52 - 47 E", "② 34 - 57 - 35 N 128 - 52 - 47 E", "③ 34 - 57 - 35 N 128 - 47 - 00 E", "④ 35 - 55 - 00 N 128 - 47 - 00 E", "⑤ 34 - 55 - 00 N 128 - 43 - 25 E", "⑥ 35 - 01 - 38 N 128 - 43 - 00 E", "⑦ 35 - 03 - 41 N 128 - 45 - 09 E", "점을 연결한 선의 내측해역 (⑤와 ⑥해점 사이는", "해안선 기준)"], "iou_khoa_2024": 0.765, "fixes": ["④ 35-55-00N → 34-55-00N (원문 오기로 판단: 개방해 IoU 0.214→0.765, 2022 범위 34.96~35.10°)"], "review_needed": false, "valid": true}, "geometry": {"type": "Polygon", "coordinates": [[[128.879722, 35.079722], [128.879722, 34.959722], [128.783333, 34.959722], [128.783333, 34.916667], [128.723611, 34.916667], [128.716667, 35.027222], [128.7525, 35.061389], [128.879722, 35.079722]]]}}, {"type": "Feature", "properties": {"region": "남해지방해양경찰청", "station": "창원해양경찰서", "name": "진해파출소", "address": "경상남도 창원시 진해구 태평로 92번길 11", "address_lines": ["경상남도", "창원시 진해구 태평로", "92번길 11"], "parts": 1, "coords_raw": [["35 - 07 - 18 N 128 - 39 - 44 E", "35 - 02 - 16.8 N 128 - 39 - 44 E", "35 - 02 - 24 N 128 - 40 - 31 E", "35 - 01 - 38 N 128 - 43 - 00 E", "35 - 03 - 41 N 128 - 45 - 09 E"]], "notes": ["[덩어리1·해역 문구 뒤] (③와 ④해점 사이는\n해안선 기준)"], "source_pdf": "b85e9d94-___1___________________24_____________________________.pdf", "pages": [4], "warnings": [], "support_area": [], "region_source": "직제 시행규칙 [별표2] 서→지방청 대응", "area_lines_raw": ["① 35 - 07 - 18 N 128 - 39 - 44 E", "② 35 - 02 － 16.8 N 128 - 39 - 44 E", "③ 35 - 02 - 24 N 128 - 40 - 31 E", "④ 35 - 01 - 38 N 128 - 43 - 00 E", "⑤ 35 - 03 - 41 N 128 - 45 - 09 E", "점을 연결한 선의 내측해역 (③와 ④해점 사이는", "해안선 기준)"], "iou_khoa_2024": 0.731, "fixes": [], "review_needed": false, "valid": true}, "geometry": {"type": "Polygon", "coordinates": [[[128.662222, 35.121667], [128.662222, 35.038], [128.675278, 35.04], [128.716667, 35.027222], [128.7525, 35.061389], [128.662222, 35.121667]]]}}, {"type": "Feature", "properties": {"region": "남해지방해양경찰청", "station": "창원해양경찰서", "name": "마산파출소", "address": "경상남도 창원시 마산합포구 해안대로 204", "address_lines": ["경상남도", "창원시 마산합포구 해안대로", "204"], "parts": 1, "coords_raw": [["35 - 07 - 18 N 128 - 39 - 44 E", "35 - 02 - 16.8 N 128 - 39 - 44 E", "35 - 01 - 27.6 N 128 - 34 - 22 E", "35 - 03 - 16 N 128 - 34 - 22 E"]], "notes": [], "source_pdf": "b85e9d94-___1___________________24_____________________________.pdf", "pages": [4], "warnings": [], "support_area": [], "region_source": "직제 시행규칙 [별표2] 서→지방청 대응", "area_lines_raw": ["① 35 - 07 - 18 N 128 - 39 - 44 E", "② 35 - 02 － 16.8 N 128 - 39 - 44 E", "③ 35 - 01 － 27.6 N 128 - 34 - 22 E", "④ 35 - 03 - 16 N 128 - 34 - 22 E", "점을 연결한 선의 내측해역"], "iou_khoa_2024": 0.479, "fixes": [], "review_needed": false, "valid": true}, "geometry": {"type": "Polygon", "coordinates": [[[128.662222, 35.121667], [128.662222, 35.038], [128.572778, 35.024333], [128.572778, 35.054444], [128.662222, 35.121667]]]}}, {"type": "Feature", "properties": {"region": "남해지방해양경찰청", "station": "창원해양경찰서", "name": "광암파출소", "address": "경상남도 창원시 마산합포구 진동면 해양관광로 164 - 22", "address_lines": ["경상남도", "창원시 마산합포구", "진동면 해양관광로", "164 - 22"], "parts": 1, "coords_raw": [["35 - 03 - 16 N 128 - 34 - 22 E", "35 - 01 - 27.6 N 128 - 34 - 22 E", "35 - 00 - 48 N 128 - 30 - 03 E", "35 - 03 - 23 N 128 - 25 - 23 E"]], "notes": ["[덩어리1·해역 문구 뒤] (③과 ④해점 사이는\n해안선 기준)"], "source_pdf": "b85e9d94-___1___________________24_____________________________.pdf", "pages": [4], "warnings": [], "support_area": [], "region_source": "직제 시행규칙 [별표2] 서→지방청 대응", "area_lines_raw": ["① 35 - 03 - 16 N 128 - 34 - 22 E", "② 35 - 01 － 27.6 N 128 - 34 - 22 E", "③ 35 - 00 - 48 N 128 - 30 - 03 E", "④ 35 - 03 - 23 N 128 - 25 - 23 E", "점을 연결한 선의 내측해역(③과 ④해점 사이는", "해안선 기준)"], "iou_khoa_2024": 0.372, "fixes": [], "review_needed": false, "valid": true}, "geometry": {"type": "Polygon", "coordinates": [[[128.572778, 35.054444], [128.572778, 35.024333], [128.500833, 35.013333], [128.423056, 35.056389], [128.572778, 35.054444]]]}}, {"type": "Feature", "properties": {"region": "남해지방해양경찰청", "station": "통영해양경찰서", "name": "장승포파출소", "address": "경상남도 거제시 장승포로 56-14", "address_lines": ["경상남도 거제시 장승포로", "56-14"], "parts": 1, "coords_raw": [["34 - 47 - 12 N 128 - 44 - 20 E", "34 - 47 - 12 N 128 - 45 - 00 E", "34 - 46 - 45 N 128 - 45 - 00 E", "34 - 45 - 00 N 128 - 43 - 15 E", "34 - 45 - 00 N 128 - 39 - 00 E"]], "notes": ["[덩어리1·해역 문구 뒤] . 단, 거제시 지심도\n육상관할을 포함한다.", "[지원구역1·해역 문구 뒤] 평시 순찰업무\n및 상황발생시 초동조치를 지원하여야 한다."], "source_pdf": "b85e9d94-___1___________________24_____________________________.pdf", "pages": [5], "warnings": [], "support_area": [{"coords_raw": ["34 - 47 - 12 N 128 - 44 - 20 E", "34 - 47 - 12 N 128 - 47 - 00 E", "34 - 55 - 00 N 128 - 47 - 00 E", "34 - 55 - 00 N 128 - 43 - 25 E"], "coords_dec": [[128.738889, 34.786667], [128.783333, 34.786667], [128.783333, 34.916667], [128.723611, 34.916667]], "term": "점을 연결한 선의 내측해역에서는"}], "region_source": "직제 시행규칙 [별표2] 서→지방청 대응", "area_lines_raw": ["① 34 - 47 - 12 N 128 - 44 - 20 E", "② 34 - 47 - 12 N 128 - 45 - 00 E", "③ 34 - 46 - 45 N 128 - 45 - 00 E", "④ 34 - 45 - 00 N 128 - 43 - 15 E", "⑤ 34 - 45 - 00 N 128 - 39 - 00 E", "점을 연결한 선의 내측 해역. 단, 거제시 지심도", "육상관할을 포함한다.", "【지원구역】", "가. 34 - 47 - 12 N 128 - 44 - 20 E", "나. 34 - 47 - 12 N 128 - 47 - 00 E", "다. 34 - 55 - 00 N 128 - 47 - 00 E", "라. 34 - 55 - 00 N 128 - 43 - 25 E", "점을 연결한 선의 내측해역에서는 평시 순찰업무", "및 상황발생시 초동조치를 지원하여야 한다."], "iou_khoa_2024": 0.361, "fixes": [], "review_needed": false, "valid": true}, "geometry": {"type": "Polygon", "coordinates": [[[128.738889, 34.786667], [128.75, 34.786667], [128.75, 34.779167], [128.720833, 34.75], [128.65, 34.75], [128.738889, 34.786667]]]}}, {"type": "Feature", "properties": {"region": "남해지방해양경찰청", "station": "통영해양경찰서", "name": "고현파출소", "address": "경상남도 거제시 장평1로 62-26", "address_lines": ["경상남도 거제시 장평1로", "62-26"], "parts": 1, "coords_raw": [["34 - 49 - 55 N 128 - 35 - 12 E", "34 - 53 - 16 N 128 - 28 - 52 E", "34 - 53 - 23 N 128 - 28 - 33 E", "35 - 00 - 48 N 128 - 30 - 03 E", "34 - 54 - 00 N 128 - 30 - 03 E", "34 - 55 - 00 N 128 - 43 - 25 E"]], "notes": ["[덩어리1·해역 문구 뒤] . 단, 거제시 가조도, 칠천\n도, 저도, 이수도 육상관할을 포함한다.(①과 ②해점\n사이, ③과 ④해점 사이, ⑤와 ⑥해점 사이는 해안선 기준)", "[지원구역1·해역 문구 뒤] 평시 순찰업무\n및 상황발생시 초동조치를 지원하여야 한다."], "source_pdf": "b85e9d94-___1___________________24_____________________________.pdf", "pages": [5], "warnings": [], "support_area": [{"coords_raw": ["34 - 54 - 00 N 128 - 30 - 03 E", "35 - 00 - 48 N 128 - 30 - 03 E", "35 - 02 - 24 N 128 - 40 - 31 E"], "coords_dec": [[128.500833, 34.9], [128.500833, 35.013333], [128.675278, 35.04]], "term": "점을 연결한 선의 내측해역에서는"}], "region_source": "직제 시행규칙 [별표2] 서→지방청 대응", "area_lines_raw": ["① 34 - 49 - 55 N 128 - 35 - 12 E", "② 34 - 53 - 16 N 128 - 28 - 52 E", "③ 34 - 53 - 23 N 128 - 28 - 33 E", "④ 35 - 00 - 48 N 128 - 30 - 03 E", "⑤ 34 - 54 - 00 N 128 - 30 - 03 E", "⑥ 34 - 55 - 00 N 128 - 43 - 25 E", "점을 연결한 선의 내측해역. 단, 거제시 가조도, 칠천", "도, 저도, 이수도 육상관할을 포함한다.(①과 ②해점", "사이, ③과 ④해점 사이, ⑤와 ⑥해점 사이는 해안선 기준)", "【지원구역】", "가. 34 - 54 - 00 N 128 - 30 - 03 E", "나. 35 - 00 - 48 N 128 - 30 - 03 E", "다. 35 - 02 - 24 N 128 - 40 - 31 E", "점을 연결한 선의 내측해역에서는 평시 순찰업무", "및 상황발생시 초동조치를 지원하여야 한다."], "iou_khoa_2024": 0.174, "fixes": [], "review_needed": false, "valid": true}, "geometry": {"type": "Polygon", "coordinates": [[[128.586667, 34.831944], [128.481111, 34.887778], [128.475833, 34.889722], [128.500833, 35.013333], [128.500833, 34.9], [128.723611, 34.916667], [128.586667, 34.831944]]]}}, {"type": "Feature", "properties": {"region": "남해지방해양경찰청", "station": "통영해양경찰서", "name": "거제남부파출소", "address": "경상남도 거제시 남부면 대포길 69-17", "address_lines": ["경상남도 거제시 남부면", "대포길 69-17"], "parts": 1, "coords_raw": [["34 - 45 - 00 N 128 - 39 - 00 E", "34 - 45 - 00 N 128 - 43 - 15 E", "34 - 43 - 30 N 128 - 41 - 45 E", "34 - 40 - 20 N 128 - 35 - 00 E", "34 - 41 - 30 N 128 - 32 - 40 E", "34 - 45 - 10 N 128 - 30 - 10 E", "34 - 47 - 35 N 128 - 31 - 25 E", "34 - 49 - 22 N 128 - 31 - 25 E"]], "notes": [], "source_pdf": "b85e9d94-___1___________________24_____________________________.pdf", "pages": [6], "warnings": [], "support_area": [], "region_source": "직제 시행규칙 [별표2] 서→지방청 대응", "area_lines_raw": ["① 34 - 45 - 00 N 128 - 39 - 00 E", "② 34 - 45 - 00 N 128 - 43 - 15 E", "③ 34 - 43 - 30 N 128 - 41 - 45 E", "④ 34 - 40 - 20 N 128 - 35 - 00 E", "⑤ 34 - 41 - 30 N 128 - 32 - 40 E", "⑥ 34 - 45 - 10 N 128 - 30 - 10 E", "⑦ 34 - 47 - 35 N 128 - 31 - 25 E", "⑧ 34 - 49 - 22 N 128 - 31 - 25 E", "점을 연결한 선의 내측해역"], "iou_khoa_2024": 0.608, "fixes": [], "review_needed": false, "valid": true}, "geometry": {"type": "Polygon", "coordinates": [[[128.65, 34.75], [128.720833, 34.75], [128.695833, 34.725], [128.583333, 34.672222], [128.544444, 34.691667], [128.502778, 34.752778], [128.523611, 34.793056], [128.523611, 34.822778], [128.65, 34.75]]]}}, {"type": "Feature", "properties": {"region": "남해지방해양경찰청", "station": "통영해양경찰서", "name": "통영파출소", "address": "경상남도 통영시 통영 해안로 200", "address_lines": ["경상남도 통영시 통영", "해안로 200"], "parts": 1, "coords_raw": [["34 - 55 - 55 N 128 - 26 - 00 E", "34 - 49 - 00 N 128 - 17 - 00 E", "34 - 40 - 00 N 128 - 17 - 00 E", "34 - 40 - 00 N 128 - 07 - 10 E", "34 - 36 - 00 N 128 - 13 - 10 E", "34 - 36 - 00 N 128 - 18 - 30 E", "34 - 43 - 00 N 128 - 31 - 40 E", "34 - 45 - 10 N 128 - 30 - 10 E", "34 - 47 - 35 N 128 - 31 - 25 E", "34 - 49 - 22 N 128 - 31 - 25 E", "34 - 53 - 16 N 128 - 28 - 52 E", "34 - 53 - 23 N 128 - 28 - 33 E"]], "notes": ["[덩어리1·해역 문구 뒤] (⑩과 ⑪해점 사이는\n해안선 기준)"], "source_pdf": "b85e9d94-___1___________________24_____________________________.pdf", "pages": [6], "warnings": [], "support_area": [], "region_source": "직제 시행규칙 [별표2] 서→지방청 대응", "area_lines_raw": ["① 34 - 55 - 55 N 128 - 26 - 00 E", "② 34 - 49 - 00 N 128 - 17 - 00 E", "③ 34 - 40 - 00 N 128 - 17 - 00 E", "④ 34 - 40 - 00 N 128 - 07 - 10 E", "⑤ 34 - 36 - 00 N 128 - 13 - 10 E", "⑥ 34 - 36 - 00 N 128 - 18 - 30 E", "⑦ 34 - 43 - 00 N 128 - 31 - 40 E", "⑧ 34 - 45 - 10 N 128 - 30 - 10 E", "⑨ 34 - 47 - 35 N 128 - 31 - 25 E", "⑩ 34 - 49 - 22 N 128 - 31 - 25 E", "⑪ 34 - 53 - 16 N 128 - 28 - 52 E", "⑫ 34 - 53 - 23 N 128 - 28 - 33 E", "점을 연결한 선의 내측해역 (⑩과 ⑪해점 사이는", "해안선 기준)"], "iou_khoa_2024": 0.755, "fixes": [], "review_needed": false, "valid": true}, "geometry": {"type": "Polygon", "coordinates": [[[128.433333, 34.931944], [128.283333, 34.816667], [128.283333, 34.666667], [128.119444, 34.666667], [128.219444, 34.6], [128.308333, 34.6], [128.527778, 34.716667], [128.502778, 34.752778], [128.523611, 34.793056], [128.523611, 34.822778], [128.481111, 34.887778], [128.475833, 34.889722], [128.433333, 34.931944]]]}}, {"type": "Feature", "properties": {"region": "남해지방해양경찰청", "station": "통영해양경찰서", "name": "고성파출소", "address": "경상남도 고성군 고성읍 공룡로 3070", "address_lines": ["경상남도 고성군 고성읍", "공룡로 3070"], "parts": 1, "coords_raw": [["34 - 54 - 17 N 128 - 16 - 57 E", "34 - 54 - 15 N 128 - 17 - 00 E", "34 - 49 - 00 N 128 - 17 - 00 E", "34 - 55 - 55 N 128 - 26 - 00 E", "35 - 03 - 23 N 128 - 25 - 23 E"]], "notes": ["[덩어리1·해역 문구 뒤] (④와 ⑤해점 사이는\n해안선 기준)"], "source_pdf": "b85e9d94-___1___________________24_____________________________.pdf", "pages": [6], "warnings": [], "support_area": [], "region_source": "직제 시행규칙 [별표2] 서→지방청 대응", "area_lines_raw": ["① 34 - 54 - 17 N 128 - 16 - 57 E", "② 34 - 54 - 15 N 128 - 17 - 00 E", "③ 34 - 49 - 00 N 128 - 17 - 00 E", "④ 34 - 55 - 55 N 128 - 26 - 00 E", "⑤ 35 - 03 - 23 N 128 - 25 － 23 E", "점을 연결한 선의 내측해역 (④와 ⑤해점 사이는", "해안선 기준)"], "iou_khoa_2024": 0.307, "fixes": [], "review_needed": false, "valid": true}, "geometry": {"type": "Polygon", "coordinates": [[[128.2825, 34.904722], [128.283333, 34.904167], [128.283333, 34.816667], [128.433333, 34.931944], [128.423056, 35.056389], [128.2825, 34.904722]]]}}, {"type": "Feature", "properties": {"region": "남해지방해양경찰청", "station": "사천해양경찰서", "name": "사천파출소", "address": "경상남도 사천시 팔포3길 56-43", "address_lines": ["경상남도 사천시 팔포3길", "56-43"], "parts": 1, "coords_raw": [["34 - 59 - 59 N 128 - 02 - 23 E", "34 - 55 - 01 N 128 - 00 - 31 E", "34 - 49 - 43 N 128 - 05 - 11 E", "34 - 47 - 43 N 128 - 14 - 27 E", "34 - 47 - 40 N 128 - 17 - 00 E", "34 - 54 - 15 N 128 - 17 - 00 E", "34 - 54 - 17 N 128 - 16 - 57 E"]], "notes": ["[덩어리1·해역 문구 뒤] (②와 ③해점 사이는\n창선도 서쪽 해안선 기준)"], "source_pdf": "b85e9d94-___1___________________24_____________________________.pdf", "pages": [7], "warnings": [], "support_area": [], "region_source": "직제 시행규칙 [별표2] 서→지방청 대응", "area_lines_raw": ["① 34 - 59 - 59 N 128 - 02 - 23 E", "② 34 - 55 - 01 N 128 - 00 - 31 E", "③ 34 - 49 - 43 N 128 - 05 - 11 E", "④ 34 - 47 - 43 N 128 - 14 - 27 E", "⑤ 34 - 47 - 40 N 128 - 17 - 00 E", "⑥ 34 - 54 - 15 N 128 - 17 - 00 E", "⑦ 34 - 54 - 17 N 128 - 16 - 57 E", "점을 연결한 선의 내측해역 (②와 ③해점 사이는", "창선도 서쪽 해안선 기준)"], "iou_khoa_2024": 0.601, "fixes": [], "review_needed": false, "valid": true}, "geometry": {"type": "Polygon", "coordinates": [[[128.039722, 34.999722], [128.008611, 34.916944], [128.086389, 34.828611], [128.240833, 34.795278], [128.283333, 34.794444], [128.283333, 34.904167], [128.2825, 34.904722], [128.039722, 34.999722]]]}}, {"type": "Feature", "properties": {"region": "남해지방해양경찰청", "station": "사천해양경찰서", "name": "남해파출소", "address": "경상남도 남해군 미조면 미조로 274", "address_lines": ["경상남도 남해군 미조면", "미조로 274"], "parts": 1, "coords_raw": [["34 - 43 - 20 N 127 - 53 - 22 E", "34 - 43 - 05 N 127 - 53 - 22 E", "34 - 41 - 22 N 127 - 56 - 37 E", "34 - 40 - 00 N 127 - 56 - 58 E", "34 - 40 - 00 N 128 - 17 - 00 E", "34 - 47 - 40 N 128 - 17 - 00 E", "34 - 47 - 43 N 128 - 14 - 27 E", "34 - 49 - 43 N 128 - 05 - 11 E", "34 - 50 - 09 N 128 - 00 - 02 E", "34 - 49 - 57 N 128 - 00 - 00 E"]], "notes": ["[덩어리1·해역 문구 뒤] (⑧과 ⑨해점 사이는\n창선도 남쪽 해안선 기준)"], "source_pdf": "b85e9d94-___1___________________24_____________________________.pdf", "pages": [7], "warnings": [], "support_area": [], "region_source": "직제 시행규칙 [별표2] 서→지방청 대응", "area_lines_raw": ["① 34 - 43 - 20 N 127 - 53 - 22 E", "② 34 - 43 - 05 N 127 - 53 - 22 E", "③ 34 - 41 - 22 N 127 - 56 - 37 E", "④ 34 - 40 - 00 N 127 - 56 - 58 E", "⑤ 34 - 40 - 00 N 128 - 17 - 00 E", "⑥ 34 - 47 - 40 N 128 - 17 - 00 E", "⑦ 34 - 47 - 43 N 128 - 14 - 27 E", "⑧ 34 - 49 - 43 N 128 - 05 - 11 E", "⑨ 34 - 50 - 09 N 128 - 00 - 02 E", "⑩ 34 - 49 - 57 N 128 - 00 - 00 E", "점을 연결한 선의 내측해역 (⑧과 ⑨해점 사이는", "창선도 남쪽 해안선 기준)"], "iou_khoa_2024": 0.757, "fixes": [], "review_needed": false, "valid": true}, "geometry": {"type": "Polygon", "coordinates": [[[127.889444, 34.722222], [127.889444, 34.718056], [127.943611, 34.689444], [127.949444, 34.666667], [128.283333, 34.666667], [128.283333, 34.794444], [128.240833, 34.795278], [128.086389, 34.828611], [128.000556, 34.835833], [128.0, 34.8325], [127.889444, 34.722222]]]}}, {"type": "Feature", "properties": {"region": "남해지방해양경찰청", "station": "사천해양경찰서", "name": "하동파출소", "address": "경상남도 하동군 금남면 제먼당길 129-2", "address_lines": ["경상남도 하동군 금남면", "제먼당길 129-2"], "parts": 1, "coords_raw": [["34 - 59 - 59 N 128 - 02 - 23 E", "34 - 55 - 01 N 128 - 00 - 31 E", "34 - 50 - 09 N 128 - 00 - 02 E", "34 - 49 - 57 N 128 - 00 - 00 E", "34 - 54 - 10 N 127 - 49 - 33 E", "34 - 54 - 50 N 127 - 48 - 48 E", "34 - 55 - 28 N 127 - 48 - 19 E"]], "notes": ["[덩어리1·해역 문구 뒤] (②와 ③해점 사이는\n창선도 서쪽 해안선, ④와 ⑤해점 사이는 남해도 북\n쪽 해안선 기준)"], "source_pdf": "b85e9d94-___1___________________24_____________________________.pdf", "pages": [7], "warnings": [], "support_area": [], "region_source": "직제 시행규칙 [별표2] 서→지방청 대응", "area_lines_raw": ["① 34 - 59 - 59 N 128 - 02 - 23 E", "② 34 - 55 - 01 N 128 - 00 - 31 E", "③ 34 - 50 - 09 N 128 - 00 - 02 E", "④ 34 - 49 - 57 N 128 - 00 - 00 E", "⑤ 34 - 54 - 10 N 127 - 49 - 33 E", "⑥ 34 - 54 - 50 N 127 - 48 - 48 E", "⑦ 34 - 55 - 28 N 127 - 48 - 19 E", "점을 연결한 선의 내측해역 (②와 ③해점 사이는", "창선도 서쪽 해안선, ④와 ⑤해점 사이는 남해도 북", "쪽 해안선 기준)"], "iou_khoa_2024": 0.464, "fixes": [], "review_needed": false, "valid": true}, "geometry": {"type": "Polygon", "coordinates": [[[128.039722, 34.999722], [128.008611, 34.916944], [128.000556, 34.835833], [128.0, 34.8325], [127.825833, 34.902778], [127.813333, 34.913889], [127.805278, 34.924444], [128.039722, 34.999722]]]}}, {"type": "Feature", "properties": {"region": "동해지방해양경찰청", "station": "속초해양경찰서", "name": "거진파출소", "address": "강 원 특 별 자 치 도 고성군 거진항길 28", "address_lines": ["강 원 특 별 자 치 도", "고성군", "거진항길 28"], "parts": 1, "coords_raw": [["38 - 35 - 00 N 128 - 22 - 50 E", "38 - 35 - 00 N 128 - 28 - 00 E", "38 - 18 - 45 N 128 - 37 - 30 E", "38 - 18 - 45 N 128 - 32 - 20 E"]], "notes": [], "source_pdf": "c4c527c4-___1___________________23_____________________________.pdf", "pages": [1], "warnings": [], "support_area": [], "region_source": "PDF 지방청 칸", "area_lines_raw": ["38 - 35 - 00 N 128 - 22 - 50 E", "38 - 35 - 00 N 128 - 28 - 00 E", "38 - 18 - 45 N 128 - 37 - 30 E", "38 - 18 - 45 N 128 - 32 - 20 E", "점을 연결한 내측해역"], "iou_khoa_2024": 0.943, "fixes": [], "review_needed": false, "valid": true}, "geometry": {"type": "Polygon", "coordinates": [[[128.380556, 38.583333], [128.466667, 38.583333], [128.625, 38.3125], [128.538889, 38.3125], [128.380556, 38.583333]]]}}, {"type": "Feature", "properties": {"region": "동해지방해양경찰청", "station": "속초해양경찰서", "name": "속초파출소", "address": "강 원 특 별 자 치 도 속초시 청호대교 로 97", "address_lines": ["강 원 특 별 자 치 도", "속초시 청호대교", "로 97"], "parts": 1, "coords_raw": [["38 - 18 - 45 N 128 - 32 - 20 E", "38 - 18 - 45 N 128 - 37 - 30 E", "38 - 10 - 50 N 128 - 42 - 00 E", "38 - 10 - 50 N 128 - 36 - 50 E"]], "notes": [], "source_pdf": "c4c527c4-___1___________________23_____________________________.pdf", "pages": [1], "warnings": [], "support_area": [], "region_source": "PDF 지방청 칸", "area_lines_raw": ["38 - 18 - 45 N 128 - 32 - 20 E", "38 - 18 - 45 N 128 - 37 - 30 E", "38 - 10 - 50 N 128 - 42 - 00 E", "38 - 10 - 50 N 128 - 36 - 50 E", "점을 연결한 내측해역"], "iou_khoa_2024": 0.947, "fixes": [], "review_needed": false, "valid": true}, "geometry": {"type": "Polygon", "coordinates": [[[128.538889, 38.3125], [128.625, 38.3125], [128.7, 38.180556], [128.613889, 38.180556], [128.538889, 38.3125]]]}}, {"type": "Feature", "properties": {"region": "동해지방해양경찰청", "station": "속초해양경찰서", "name": "낙산파출소", "address": "강 원 특 별 자 치 도 양양군 강현면 낙 산사로 54-14", "address_lines": ["강 원 특 별 자 치 도", "양양군 강현면 낙", "산사로 54-14"], "parts": 1, "coords_raw": [["38 - 10 - 50 N 128 - 36 - 50 E", "38 - 10 - 50 N 128 - 42 - 00 E", "38 - 02 - 55 N 128 - 46 - 50 E", "38 - 02 - 55 N 128 - 41 - 40 E"]], "notes": [], "source_pdf": "c4c527c4-___1___________________23_____________________________.pdf", "pages": [1], "warnings": [], "support_area": [], "region_source": "PDF 지방청 칸", "area_lines_raw": ["38 - 10 - 50 N 128 - 36 - 50 E", "38 - 10 - 50 N 128 - 42 - 00 E", "38 - 02 - 55 N 128 - 46 - 50 E", "38 - 02 - 55 N 128 - 41 - 40 E", "점을 연결한 내측해역"], "iou_khoa_2024": 0.879, "fixes": [], "review_needed": false, "valid": true}, "geometry": {"type": "Polygon", "coordinates": [[[128.613889, 38.180556], [128.7, 38.180556], [128.780556, 38.048611], [128.694444, 38.048611], [128.613889, 38.180556]]]}}, {"type": "Feature", "properties": {"region": "동해지방해양경찰청", "station": "강릉해양경찰서", "name": "주문진파출소", "address": "강 원 특 별 자 치 도 강릉시 주문진해안로 1804", "address_lines": ["강 원 특 별 자 치 도", "강릉시", "주문진해안로", "1804"], "parts": 1, "coords_raw": [["38 - 02 - 55 N 128 - 41 - 40 E", "38 - 02 - 55 N 128 - 46 - 50 E", "37 - 51 - 30 N 128 - 56 - 30 E", "37 - 51 - 30 N 128 - 51 - 30 E"]], "notes": [], "source_pdf": "c4c527c4-___1___________________23_____________________________.pdf", "pages": [1], "warnings": [], "support_area": [], "region_source": "PDF 지방청 칸", "area_lines_raw": ["38 - 02 - 55 N 128 - 41 - 40 E", "38 - 02 - 55 N 128 - 46 - 50 E", "37 - 51 - 30 N 128 - 56 - 30 E", "37 - 51 - 30 N 128 - 51 - 30 E", "점을 연결한 내측해역"], "iou_khoa_2024": 0.952, "fixes": [], "review_needed": false, "valid": true}, "geometry": {"type": "Polygon", "coordinates": [[[128.694444, 38.048611], [128.780556, 38.048611], [128.941667, 37.858333], [128.858333, 37.858333], [128.694444, 38.048611]]]}}, {"type": "Feature", "properties": {"region": "동해지방해양경찰청", "station": "강릉해양경찰서", "name": "강릉파출소", "address": "강 원 특 별 자 치 도 강릉시 창해로 14번길 55-37", "address_lines": ["강 원 특 별 자 치 도", "강릉시 창해로", "14번길 55-37"], "parts": 1, "coords_raw": [["37 - 51 - 30 N 128 - 51 - 30 E", "37 - 51 - 30 N 128 - 56 - 30 E", "37 - 36 - 15 N 129 - 09 - 30 E", "37 - 36 - 15 N 129 - 04 - 30 E"]], "notes": [], "source_pdf": "c4c527c4-___1___________________23_____________________________.pdf", "pages": [2], "warnings": [], "support_area": [], "region_source": "PDF 지방청 칸", "area_lines_raw": ["37 - 51 - 30 N 128 - 51 - 30 E", "37 - 51 - 30 N 128 - 56 - 30 E", "37 - 36 - 15 N 129 - 09 - 30 E", "37 - 36 - 15 N 129 - 04 - 30 E", "점을 연결한 내측해역"], "iou_khoa_2024": 0.612, "fixes": [], "review_needed": false, "valid": true}, "geometry": {"type": "Polygon", "coordinates": [[[128.858333, 37.858333], [128.941667, 37.858333], [129.158333, 37.604167], [129.075, 37.604167], [128.858333, 37.858333]]]}}, {"type": "Feature", "properties": {"region": "동해지방해양경찰청", "station": "동해해양경찰서", "name": "묵호파출소", "address": "강 원 특 별 자 치 도 동해시 일출로 92-52", "address_lines": ["강 원 특 별 자 치 도", "동해시", "일출로 92-52"], "parts": 1, "coords_raw": [["37 - 36 - 15 N 129 - 04 - 30 E", "37 - 36 - 15 N 129 - 09 - 30 E", "37 - 28 - 35 N 129 - 09 - 30 E", "37 - 28 - 35 N 129 - 15 - 20 E"]], "notes": [], "source_pdf": "c4c527c4-___1___________________23_____________________________.pdf", "pages": [2], "warnings": ["덩어리1: 자기교차 (Self-intersection[129.158333 37.5451929195264])"], "support_area": [], "region_source": "PDF 지방청 칸", "area_lines_raw": ["37 - 36 - 15 N 129 - 04 - 30 E", "37 - 36 - 15 N 129 - 09 - 30 E", "37 - 28 - 35 N 129 - 09 - 30 E", "37 - 28 - 35 N 129 - 15 - 20 E", "점을 연결한 내측해역"], "iou_khoa_2024": 0.605, "fixes": ["마지막 두 꼭짓점 순서 교환(자기교차 해소, 개방해·2022 모양과 겹침 상승)"], "review_needed": false, "valid": true}, "geometry": {"type": "Polygon", "coordinates": [[[129.075, 37.604167], [129.158333, 37.604167], [129.255556, 37.476389], [129.158333, 37.476389], [129.075, 37.604167]]]}}, {"type": "Feature", "properties": {"region": "동해지방해양경찰청", "station": "동해해양경찰서", "name": "울릉파출소", "address": "강 원 특 별 자 치 도 울릉군 울릉읍 울릉순환 로 179", "address_lines": ["강 원 특 별 자 치 도", "울릉군", "울릉읍 울릉순환", "로 179"], "parts": 1, "coords_raw": [["37 - 36 - 00 N 130 - 43 - 00 E", "37 - 38 - 00 N 131 - 00 - 00 E", "37 - 27 - 30 N 131 - 00 - 00 E", "37 - 23 - 30 N 130 - 55 - 00 E", "37 - 27 - 30 N 130 - 43 - 00 E"]], "notes": [], "source_pdf": "c4c527c4-___1___________________23_____________________________.pdf", "pages": [2], "warnings": ["주소가 \"강원특별자치도 … 울릉군\" 으로 적혀 있음(원문 그대로 둠 · 울릉군은 경상북도)"], "support_area": [], "region_source": "PDF 지방청 칸", "area_lines_raw": ["37 - 36 - 00 N 130 - 43 - 00 E", "37 - 38 - 00 N 131 - 00 - 00 E", "37 - 27 - 30 N 131 - 00 - 00 E", "37 - 23 - 30 N 130 - 55 - 00 E", "37 - 27 - 30 N 130 - 43 - 00 E", "점을 연결한 내측해역"], "iou_khoa_2024": 0.863, "fixes": [], "review_needed": false, "valid": true}, "geometry": {"type": "Polygon", "coordinates": [[[130.716667, 37.6], [131.0, 37.633333], [131.0, 37.458333], [130.916667, 37.391667], [130.716667, 37.458333], [130.716667, 37.6]]]}}, {"type": "Feature", "properties": {"region": "동해지방해양경찰청", "station": "동해해양경찰서", "name": "삼척파출소", "address": "강 원 특 별 자 치 도 삼척시 이사부길 44", "address_lines": ["강 원 특 별 자 치 도", "삼척시", "이사부길 44"], "parts": 1, "coords_raw": [["37 - 28 - 35 N 129 - 09 - 30 E", "37 - 28 - 35 N 129 - 15 - 20 E", "37 - 17 - 30 N 129 - 18 - 10 E", "37 - 17 - 30 N 129 - 23 - 20 E"]], "notes": [], "source_pdf": "c4c527c4-___1___________________23_____________________________.pdf", "pages": [2], "warnings": ["덩어리1: 자기교차 (Self-intersection[129.280598078971 37.3784299361821])"], "support_area": [], "region_source": "PDF 지방청 칸", "area_lines_raw": ["37 - 28 - 35 N 129 - 09 - 30 E", "37 - 28 - 35 N 129 - 15 - 20 E", "37 - 17 - 30 N 129 - 18 - 10 E", "37 - 17 - 30 N 129 - 23 - 20 E", "점을 연결한 내측해역"], "iou_khoa_2024": 0.895, "fixes": ["마지막 두 꼭짓점 순서 교환(자기교차 해소, 개방해·2022 모양과 겹침 상승)"], "review_needed": false, "valid": true}, "geometry": {"type": "Polygon", "coordinates": [[[129.158333, 37.476389], [129.255556, 37.476389], [129.388889, 37.291667], [129.302778, 37.291667], [129.158333, 37.476389]]]}}, {"type": "Feature", "properties": {"region": "동해지방해양경찰청", "station": "동해해양경찰서", "name": "임원파출소", "address": "강 원 특 별 자 치 도 삼척시 임원항구 로 12-18", "address_lines": ["강 원 특 별 자 치 도", "삼척시 임원항구", "로 12-18"], "parts": 1, "coords_raw": [["37 - 17 - 30 N 129 - 18 - 10 E", "37 - 17 - 30 N 129 - 23 - 20 E", "37 - 08 - 42 N 129 - 21 - 52 E", "37 - 08 - 42 N 129 - 27 - 20 E"]], "notes": [], "source_pdf": "c4c527c4-___1___________________23_____________________________.pdf", "pages": [2], "warnings": ["덩어리1: 자기교차 (Self-intersection[129.377011402877 37.2204028749316])"], "support_area": [], "region_source": "PDF 지방청 칸", "area_lines_raw": ["37 - 17 - 30 N 129 - 18 - 10 E", "37 - 17 - 30 N 129 - 23 - 20 E", "37 - 08 - 42 N 129 - 21 - 52 E", "37 - 08 - 42 N 129 - 27 - 20 E", "점을 연결한 내측해역"], "iou_khoa_2024": 0.878, "fixes": ["마지막 두 꼭짓점 순서 교환(자기교차 해소, 개방해·2022 모양과 겹침 상승)"], "review_needed": false, "valid": true}, "geometry": {"type": "Polygon", "coordinates": [[[129.302778, 37.291667], [129.388889, 37.291667], [129.455556, 37.145], [129.364444, 37.145], [129.302778, 37.291667]]]}}, {"type": "Feature", "properties": {"region": "동해지방해양경찰청", "station": "울진해양경찰서", "name": "죽변파출소", "address": "경상북도 울진군 죽변면 죽변항길 231", "address_lines": ["경상북도 울진군", "죽변면", "죽변항길 231"], "parts": 1, "coords_raw": [["37 - 08 - 42 N 129 - 21 - 52 E", "37 - 08 - 42 N 129 - 27 - 20 E", "36 - 52 - 20 N 129 - 25 - 15 E", "36 - 52 - 20 N 129 - 30 - 15 E"]], "notes": [], "source_pdf": "c4c527c4-___1___________________23_____________________________.pdf", "pages": [3], "warnings": ["덩어리1: 자기교차 (Self-intersection[129.437420405168 37.0025298422664])"], "support_area": [], "region_source": "PDF 지방청 칸", "area_lines_raw": ["37 - 08 - 42 N 129 - 21 - 52 E", "37 - 08 - 42 N 129 - 27 - 20 E", "36 - 52 - 20 N 129 - 25 - 15 E", "36 - 52 - 20 N 129 - 30 - 15 E", "점을 연결한 내측해역"], "iou_khoa_2024": 0.83, "fixes": ["마지막 두 꼭짓점 순서 교환(자기교차 해소, 개방해·2022 모양과 겹침 상승)"], "review_needed": false, "valid": true}, "geometry": {"type": "Polygon", "coordinates": [[[129.364444, 37.145], [129.455556, 37.145], [129.504167, 36.872222], [129.420833, 36.872222], [129.364444, 37.145]]]}}, {"type": "Feature", "properties": {"region": "동해지방해양경찰청", "station": "울진해양경찰서", "name": "후포파출소", "address": "경상북도 울진군 후포면 울진대게 로 129", "address_lines": ["경상북도 울진군", "후포면 울진대게", "로 129"], "parts": 1, "coords_raw": [["36 - 52 - 20 N 129 - 25 - 15 E", "36 - 52 - 20 N 129 - 30 - 15 E", "36 - 36 - 10 N 129 - 24 - 35 E", "36 - 36 - 10 N 129 - 30 - 00 E"]], "notes": [], "source_pdf": "c4c527c4-___1___________________23_____________________________.pdf", "pages": [3], "warnings": ["덩어리1: 자기교차 (Self-intersection[129.45883326944 36.7428885075225])"], "support_area": [], "region_source": "PDF 지방청 칸", "area_lines_raw": ["36 - 52 - 20 N 129 - 25 - 15 E", "36 - 52 - 20 N 129 - 30 - 15 E", "36 - 36 - 10 N 129 - 24 - 35 E", "36 - 36 - 10 N 129 - 30 - 00 E", "점을 연결한 내측해역"], "iou_khoa_2024": 0.608, "fixes": ["마지막 두 꼭짓점 순서 교환(자기교차 해소, 개방해·2022 모양과 겹침 상승)"], "review_needed": false, "valid": true}, "geometry": {"type": "Polygon", "coordinates": [[[129.420833, 36.872222], [129.504167, 36.872222], [129.5, 36.602778], [129.409722, 36.602778], [129.420833, 36.872222]]]}}, {"type": "Feature", "properties": {"region": "동해지방해양경찰청", "station": "울진해양경찰서", "name": "축산파출소", "address": "경상북도 영덕군 축산면 축산항5길 24", "address_lines": ["경상북도 영덕군", "축산면", "축산항5길 24"], "parts": 1, "coords_raw": [["36 - 36 - 10 N 129 - 24 - 35 E", "36 - 36 - 10 N 129 - 30 - 00 E", "36 - 27 - 40 N 129 - 26 - 00 E", "36 - 27 - 40 N 129 - 30 - 00 E"]], "notes": [], "source_pdf": "c4c527c4-___1___________________23_____________________________.pdf", "pages": [3], "warnings": ["덩어리1: 자기교차 (Self-intersection[129.461651767014 36.5212882206123])"], "support_area": [], "region_source": "PDF 지방청 칸", "area_lines_raw": ["36 - 36 - 10 N 129 - 24 - 35 E", "36 - 36 - 10 N 129 - 30 - 00 E", "36 - 27 - 40 N 129 - 26 - 00 E", "36 - 27 - 40 N 129 - 30 - 00 E", "점을 연결한 내측해역"], "iou_khoa_2024": 0.844, "fixes": ["마지막 두 꼭짓점 순서 교환(자기교차 해소, 개방해·2022 모양과 겹침 상승)"], "review_needed": false, "valid": true}, "geometry": {"type": "Polygon", "coordinates": [[[129.409722, 36.602778], [129.5, 36.602778], [129.5, 36.461111], [129.433333, 36.461111], [129.409722, 36.602778]]]}}, {"type": "Feature", "properties": {"region": "동해지방해양경찰청", "station": "울진해양경찰서", "name": "강구파출소", "address": "경상북도 영덕군 강구면 영덕대게로 106", "address_lines": ["경상북도 영덕군", "강구면", "영덕대게로 106"], "parts": 1, "coords_raw": [["36 - 27 - 40 N 129 - 26 - 00 E", "36 - 27 - 40 N 129 - 30 - 00 E", "36 - 16 - 05 N 129 - 22 - 30 E", "36 - 16 - 05 N 129 - 25 - 30 E"]], "notes": [], "source_pdf": "c4c527c4-___1___________________23_____________________________.pdf", "pages": [3], "warnings": ["덩어리1: 자기교차 (Self-intersection[129.428571275511 36.3507936207497])"], "support_area": [], "region_source": "PDF 지방청 칸", "area_lines_raw": ["36 - 27 - 40 N 129 - 26 - 00 E", "36 - 27 - 40 N 129 - 30 - 00 E", "36 - 16 - 05 N 129 - 22 - 30 E", "36 - 16 - 05 N 129 - 25 - 30 E", "점을 연결한 내측해역"], "iou_khoa_2024": 0.873, "fixes": ["마지막 두 꼭짓점 순서 교환(자기교차 해소, 개방해·2022 모양과 겹침 상승)"], "review_needed": false, "valid": true}, "geometry": {"type": "Polygon", "coordinates": [[[129.433333, 36.461111], [129.5, 36.461111], [129.425, 36.268056], [129.375, 36.268056], [129.433333, 36.461111]]]}}, {"type": "Feature", "properties": {"region": "동해지방해양경찰청", "station": "포항해양경찰서", "name": "영일만파출소", "address": "경상북도 포항시 북구 흥해읍 영일만항로 117", "address_lines": ["경상북도 포항시", "북구 흥해읍", "영일만항로 117"], "parts": 1, "coords_raw": [["36 - 16 - 05 N 129 - 25 - 30 E", "36 - 16 - 05 N 129 - 22 - 30 E", "36 - 04 - 30 N 129 - 28 - 50 E", "36 - 04 - 30 N 129 - 25 - 00 E"]], "notes": [], "source_pdf": "c4c527c4-___1___________________23_____________________________.pdf", "pages": [4], "warnings": ["덩어리1: 자기교차 (Self-intersection[129.421341613325 36.1832997900061])"], "support_area": [], "region_source": "PDF 지방청 칸", "area_lines_raw": ["36 - 16 - 05 N 129 - 25 - 30 E", "36 - 16 - 05 N 129 - 22 - 30 E", "36 - 04 - 30 N 129 - 28 - 50 E", "36 - 04 - 30 N 129 - 25 - 00 E", "점을 연결한 내측해역"], "iou_khoa_2024": 0.876, "fixes": ["마지막 두 꼭짓점 순서 교환(자기교차 해소, 개방해·2022 모양과 겹침 상승)"], "review_needed": false, "valid": true}, "geometry": {"type": "Polygon", "coordinates": [[[129.425, 36.268056], [129.375, 36.268056], [129.416667, 36.075], [129.480556, 36.075], [129.425, 36.268056]]]}}, {"type": "Feature", "properties": {"region": "동해지방해양경찰청", "station": "포항해양경찰서", "name": "포항파출소", "address": "경상북도 포항시 북구 해동로 278", "address_lines": ["경상북도 포항시", "북구 해동로 278"], "parts": 1, "coords_raw": [["36 - 04 - 30 N 129 - 25 - 00 E", "36 - 04 - 30 N 129 - 31 - 00 E", "36 - 00 - 40 N 129 - 25 - 25 E"]], "notes": [], "source_pdf": "c4c527c4-___1___________________23_____________________________.pdf", "pages": [4], "warnings": [], "support_area": [], "region_source": "PDF 지방청 칸", "area_lines_raw": ["36 - 04 - 30 N 129 - 25 - 00 E", "36 - 04 - 30 N 129 - 31 - 00 E", "36 - 00 - 40 N 129 - 25 - 25 E", "점을 연결한 내측해역"], "iou_khoa_2024": 0.642, "fixes": [], "review_needed": false, "valid": true}, "geometry": {"type": "Polygon", "coordinates": [[[129.416667, 36.075], [129.516667, 36.075], [129.423611, 36.011111], [129.416667, 36.075]]]}}, {"type": "Feature", "properties": {"region": "동해지방해양경찰청", "station": "포항해양경찰서", "name": "호미곶파출소", "address": "경상북도 포항시 남구 호미곶면 호미곶길 155-22", "address_lines": ["경상북도 포항시", "남구 호미곶면", "호미곶길 155-22"], "parts": 1, "coords_raw": [["36 - 00 - 40 N 129 - 25 - 25 E", "36 - 04 - 30 N 129 - 31 - 00 E", "36 - 08 - 10 N 129 - 33 - 20 E", "36 - 01 - 50 N 129 - 39 - 15 E", "36 - 01 - 50 N 129 - 34 - 55 E"]], "notes": [], "source_pdf": "c4c527c4-___1___________________23_____________________________.pdf", "pages": [4], "warnings": [], "support_area": [], "region_source": "PDF 지방청 칸", "area_lines_raw": ["36 - 00 - 40 N 129 - 25 - 25 E", "36 - 04 - 30 N 129 - 31 - 00 E", "36 - 08 - 10 N 129 - 33 - 20 E", "36 - 01 - 50 N 129 - 39 - 15 E", "36 - 01 - 50 N 129 - 34 - 55 E", "점을 연결한 내측해역"], "iou_khoa_2024": 0.672, "fixes": [], "review_needed": false, "valid": true}, "geometry": {"type": "Polygon", "coordinates": [[[129.423611, 36.011111], [129.516667, 36.075], [129.555556, 36.136111], [129.654167, 36.030556], [129.581944, 36.030556], [129.423611, 36.011111]]]}}, {"type": "Feature", "properties": {"region": "동해지방해양경찰청", "station": "포항해양경찰서", "name": "구룡포파출소", "address": "경상북도 포항시 남구 구룡포읍 호 미로 210", "address_lines": ["경상북도 포항시", "남구 구룡포읍 호", "미로 210"], "parts": 1, "coords_raw": [["36 - 01 - 50 N 129 - 34 - 55 E", "36 - 01 - 50 N 129 - 39 - 15 E", "35 - 50 - 25 N 129 - 36 - 00 E", "35 - 50 - 25 N 129 - 31 - 05 E"]], "notes": [], "source_pdf": "c4c527c4-___1___________________23_____________________________.pdf", "pages": [4], "warnings": [], "support_area": [], "region_source": "PDF 지방청 칸", "area_lines_raw": ["36 - 01 - 50 N 129 - 34 - 55 E", "36 - 01 - 50 N 129 - 39 - 15 E", "35 - 50 - 25 N 129 - 36 - 00 E", "35 - 50 - 25 N 129 - 31 - 05 E", "점을 연결한 내측해역"], "iou_khoa_2024": 0.889, "fixes": [], "review_needed": false, "valid": true}, "geometry": {"type": "Polygon", "coordinates": [[[129.581944, 36.030556], [129.654167, 36.030556], [129.6, 35.840278], [129.518056, 35.840278], [129.581944, 36.030556]]]}}, {"type": "Feature", "properties": {"region": "동해지방해양경찰청", "station": "포항해양경찰서", "name": "감포파출소", "address": "경상북도 경주시 감포읍 감포항구 길 71", "address_lines": ["경상북도 경주시", "감포읍 감포항구", "길 71"], "parts": 1, "coords_raw": [["35 - 50 - 25 N 129 - 31 - 05 E", "35 - 50 - 25 N 129 - 36 - 00 E", "35 - 39 - 00 N 129 - 32 - 00 E", "35 - 39 - 00 N 129 - 27 - 10 E"]], "notes": [], "source_pdf": "c4c527c4-___1___________________23_____________________________.pdf", "pages": [4], "warnings": [], "support_area": [], "region_source": "PDF 지방청 칸", "area_lines_raw": ["35 - 50 - 25 N 129 - 31 - 05 E", "35 - 50 - 25 N 129 - 36 - 00 E", "35 - 39 - 00 N 129 - 32 - 00 E", "35 - 39 - 00 N 129 - 27 - 10 E", "점을 연결한 내측해역"], "iou_khoa_2024": 0.954, "fixes": [], "review_needed": false, "valid": true}, "geometry": {"type": "Polygon", "coordinates": [[[129.518056, 35.840278], [129.6, 35.840278], [129.533333, 35.65], [129.452778, 35.65], [129.518056, 35.840278]]]}}, {"type": "Feature", "properties": {"region": "제주지방해양경찰청", "station": "제주해양경찰서", "name": "제주파출소", "address": "제주특별자치도 제주시 서부두길 12", "address_lines": ["제주특별자치도", "제주시 서부두길", "12"], "parts": 1, "coords_raw": [["33 - 31 - 40 N 126 - 52 - 10 E", "33 - 31 - 40 N 126 - 57 - 10 E", "33 - 30 - 40 N 127 - 00 - 15 E", "33 - 33 - 00 N 126 - 58 - 45 E", "33 - 34 - 40 N 126 - 54 - 20 E", "33 - 37 - 45 N 126 - 47 - 00 E", "33 - 34 - 20 N 126 - 22 - 20 E", "33 - 29 - 00 N 126 - 25 - 00 E"]], "notes": [], "source_pdf": "d1250a26-___1_____________________23_____________________________.pdf", "pages": [1], "warnings": [], "support_area": [], "region_source": "PDF 지방청 칸", "area_lines_raw": ["33 - 31 - 40 N 126 - 52 - 10 E", "33 - 31 - 40 N 126 - 57 - 10 E", "33 - 30 - 40 N 127 - 00 - 15 E", "33 - 33 - 00 N 126 - 58 - 45 E", "33 - 34 - 40 N 126 - 54 - 20 E", "33 - 37 - 45 N 126 - 47 - 00 E", "33 - 34 - 20 N 126 - 22 - 20 E", "33 - 29 - 00 N 126 - 25 - 00 E", "점을 연결한 내측 해역"], "iou_khoa_2024": 0.741, "fixes": [], "review_needed": false, "valid": true}, "geometry": {"type": "Polygon", "coordinates": [[[126.869444, 33.527778], [126.952778, 33.527778], [127.004167, 33.511111], [126.979167, 33.55], [126.905556, 33.577778], [126.783333, 33.629167], [126.372222, 33.572222], [126.416667, 33.483333], [126.869444, 33.527778]]]}}, {"type": "Feature", "properties": {"region": "제주지방해양경찰청", "station": "제주해양경찰서", "name": "한림파출소", "address": "제주특별자치도 제주시 한림읍 한림해안로 196", "address_lines": ["제주특별자치도", "제주시 한림읍", "한림해안로 196"], "parts": 1, "coords_raw": [["33 - 29 - 00 N 126 - 25 - 00 E", "33 - 34 - 20 N 126 - 22 - 20 E", "33 - 23 - 20 N 126 - 05 - 00 E", "33 - 16 - 30 N 126 - 05 - 00 E", "33 - 14 - 10 N 126 - 06 - 55 E", "33 - 16 - 30 N 126 - 10 - 00 E"]], "notes": [], "source_pdf": "d1250a26-___1_____________________23_____________________________.pdf", "pages": [1], "warnings": [], "support_area": [], "region_source": "PDF 지방청 칸", "area_lines_raw": ["33 - 29 - 00 N 126 - 25 - 00 E", "33 - 34 - 20 N 126 - 22 - 20 E", "33 - 23 - 20 N 126 - 05 - 00 E", "33 - 16 - 30 N 126 - 05 - 00 E", "33 - 14 - 10 N 126 - 06 - 55 E", "33 - 16 - 30 N 126 - 10 - 00 E", "점을 연결한 내측 해역"], "iou_khoa_2024": 0.703, "fixes": [], "review_needed": false, "valid": true}, "geometry": {"type": "Polygon", "coordinates": [[[126.416667, 33.483333], [126.372222, 33.572222], [126.083333, 33.388889], [126.083333, 33.275], [126.115278, 33.236111], [126.166667, 33.275], [126.416667, 33.483333]]]}}, {"type": "Feature", "properties": {"region": "제주지방해양경찰청", "station": "제주해양경찰서", "name": "추자파출소", "address": "제주특별자치도 제주시 추자면 추자로 514", "address_lines": ["제주특별자치도", "제주시 추자면", "추자로 514"], "parts": 1, "coords_raw": [["34 - 03 - 00 N 126 - 15 - 00 E", "33 - 36 - 30 N 126 - 15 - 00 E", "33 - 54 - 30 N 126 - 38 - 45 E", "33 - 56 - 00 N 126 - 38 - 45 E", "33 - 56 - 00 N 126 - 30 - 00 E", "34 - 03 - 00 N 126 - 30 - 00 E"]], "notes": [], "source_pdf": "d1250a26-___1_____________________23_____________________________.pdf", "pages": [1], "warnings": [], "support_area": [], "region_source": "PDF 지방청 칸", "area_lines_raw": ["34 - 03 - 00 N 126 - 15 - 00 E", "33 - 36 - 30 N 126 - 15 - 00 E", "33 - 54 - 30 N 126 - 38 - 45 E", "33 - 56 - 00 N 126 - 38 - 45 E", "33 - 56 - 00 N 126 - 30 - 00 E", "34 - 03 - 00 N 126 - 30 - 00 E", "점을 연결한 내측해역"], "iou_khoa_2024": 0.992, "fixes": [], "review_needed": false, "valid": true}, "geometry": {"type": "Polygon", "coordinates": [[[126.25, 34.05], [126.25, 33.608333], [126.645833, 33.908333], [126.645833, 33.933333], [126.5, 33.933333], [126.5, 34.05], [126.25, 34.05]]]}}, {"type": "Feature", "properties": {"region": "제주지방해양경찰청", "station": "서귀포해양경찰서", "name": "성산파출소", "address": "제주특별자치도 성산읍 성산등용로 107-10", "address_lines": ["제주특별자치도", "성산읍 성산등용로", "107-10"], "parts": 1, "coords_raw": [["33 - 18 - 15 N 126 - 46 - 30 E", "33 - 13 - 50 N 126 - 49 - 40 E", "33 - 18 - 00 N 126 - 55 - 00 E", "33 - 29 - 00 N 127 - 01 - 45 E", "33 - 30 - 40 N 127 - 00 - 15 E", "33 - 31 - 40 N 126 - 57 - 10 E", "33 - 31 - 40 N 126 - 52 - 10 E"]], "notes": [], "source_pdf": "d1250a26-___1_____________________23_____________________________.pdf", "pages": [2], "warnings": [], "support_area": [], "region_source": "PDF 지방청 칸", "area_lines_raw": ["33 - 18 - 15 N 126 - 46 - 30 E", "33 - 13 - 50 N 126 - 49 - 40 E", "33 - 18 - 00 N 126 - 55 - 00 E", "33 - 29 - 00 N 127 - 01 - 45 E", "33 - 30 - 40 N 127 - 00 - 15 E", "33 - 31 - 40 N 126 - 57 - 10 E", "33 - 31 - 40 N 126 - 52 - 10 E", "점을 연결한 내측해역"], "iou_khoa_2024": 0.596, "fixes": [], "review_needed": false, "valid": true}, "geometry": {"type": "Polygon", "coordinates": [[[126.775, 33.304167], [126.827778, 33.230556], [126.916667, 33.3], [127.029167, 33.483333], [127.004167, 33.511111], [126.952778, 33.527778], [126.869444, 33.527778], [126.775, 33.304167]]]}}, {"type": "Feature", "properties": {"region": "제주지방해양경찰청", "station": "서귀포해양경찰서", "name": "서귀포파출소", "address": "제주특별자치도 서귀포시 칠십리로 56", "address_lines": ["제주특별자치도", "서귀포시", "칠십리로 56"], "parts": 1, "coords_raw": [["33 - 13 - 45 N 126 - 22 - 30 E", "33 - 08 - 00 N 126 - 22 - 30 E", "33 - 08 - 00 N 126 - 35 - 45 E", "33 - 13 - 50 N 126 - 49 - 40 E", "33 - 18 - 15 N 126 - 46 - 30 E"]], "notes": [], "source_pdf": "d1250a26-___1_____________________23_____________________________.pdf", "pages": [2], "warnings": [], "support_area": [], "region_source": "PDF 지방청 칸", "area_lines_raw": ["33 - 13 - 45 N 126 - 22 - 30 E", "33 - 08 - 00 N 126 - 22 - 30 E", "33 - 08 - 00 N 126 - 35 - 45 E", "33 - 13 - 50 N 126 - 49 - 40 E", "33 - 18 - 15 N 126 - 46 - 30 E", "점을 연결한 내측해역"], "iou_khoa_2024": 0.871, "fixes": [], "review_needed": false, "valid": true}, "geometry": {"type": "Polygon", "coordinates": [[[126.375, 33.229167], [126.375, 33.133333], [126.595833, 33.133333], [126.827778, 33.230556], [126.775, 33.304167], [126.375, 33.229167]]]}}, {"type": "Feature", "properties": {"region": "제주지방해양경찰청", "station": "서귀포해양경찰서", "name": "화순파출소", "address": "제주특별자치도 서귀포시 안덕면 화순해안로 106번길 3", "address_lines": ["제주특별자치도", "서귀포시", "안덕면 화순해안로", "106번길 3"], "parts": 1, "coords_raw": [["33 - 16 - 30 N 126 - 10 - 00 E", "33 - 14 - 10 N 126 - 06 - 55 E", "33 - 05 - 30 N 126 - 15 - 00 E", "33 - 08 - 00 N 126 - 22 - 30 E", "33 - 13 - 45 N 126 - 22 - 30 E"]], "notes": [], "source_pdf": "d1250a26-___1_____________________23_____________________________.pdf", "pages": [2], "warnings": [], "support_area": [], "region_source": "PDF 지방청 칸", "area_lines_raw": ["33 - 16 - 30 N 126 - 10 - 00 E", "33 - 14 - 10 N 126 - 06 - 55 E", "33 - 05 - 30 N 126 - 15 - 00 E", "33 - 08 - 00 N 126 - 22 - 30 E", "33 - 13 - 45 N 126 - 22 - 30 E", "점을 연결한 내측 해역"], "iou_khoa_2024": 0.855, "fixes": [], "review_needed": false, "valid": true}, "geometry": {"type": "Polygon", "coordinates": [[[126.166667, 33.275], [126.115278, 33.236111], [126.25, 33.091667], [126.375, 33.133333], [126.375, 33.229167], [126.166667, 33.275]]]}}]}