관측소코드,관측소명,날짜,고조1시간,고조1조위,저조1시간,저조1조위,고조2시간,고조2조위,저조2시간,저조2조위
"SO_0564","국화도","2027-01-01","2027-01-01 10:59","634","2027-01-01 04:42","184","2027-01-01 23:10","605","2027-01-01 17:11","243"
"SO_0564","국화도","2027-01-02","2027-01-02 12:17","624","2027-01-02 05:44","200","","","2027-01-02 18:31","280"
"SO_0564","국화도","2027-01-03","2027-01-03 00:24","573","2027-01-03 06:55","200","2027-01-03 13:35","637","2027-01-03 19:55","282"
"SO_0564","국화도","2027-01-04","2027-01-04 01:39","569","2027-01-04 08:02","181","2027-01-04 14:40","663","2027-01-04 21:02","260"
"SO_0564","국화도","2027-01-05","2027-01-05 02:40","586","2027-01-05 08:58","154","2027-01-05 15:31","690","2027-01-05 21:54","232"
"SO_0564","국화도","2027-01-06","2027-01-06 03:30","613","2027-01-06 09:44","128","2027-01-06 16:13","713","2027-01-06 22:36","206"
"SO_0564","국화도","2027-01-07","2027-01-07 04:13","639","2027-01-07 10:25","104","2027-01-07 16:49","732","2027-01-07 23:13","183"
"SO_0564","국화도","2027-01-08","2027-01-08 04:50","662","2027-01-08 11:02","85","2027-01-08 17:22","749","2027-01-08 23:47","163"
"SO_0564","국화도","2027-01-09","2027-01-09 00:00","800","2027-01-09 00:00","74","2027-01-09 05:25","679","2027-01-09 11:36","70"
"SO_0564","국화도","2027-01-10","2027-01-10 00:00","790","2027-01-10 00:00","151","2027-01-10 05:59","690","2027-01-10 00:19","147"
"SO_0564","국화도","2027-01-11","2027-01-11 06:30","696","2027-01-11 00:50","136","2027-01-11 18:50","777","2027-01-11 12:42","60"
"SO_0564","국화도","2027-01-12","2027-01-12 07:02","696","2027-01-12 01:19","131","2027-01-12 19:19","771","2027-01-12 13:14","69"
"SO_0564","국화도","2027-01-13","2027-01-13 07:34","691","2027-01-13 01:49","130","2027-01-13 19:49","753","2027-01-13 13:48","90"
"SO_0564","국화도","2027-01-14","2027-01-14 08:10","682","2027-01-14 02:19","135","2027-01-14 20:22","723","2027-01-14 14:24","125"
"SO_0564","국화도","2027-01-15","2027-01-15 08:52","667","2027-01-15 02:54","146","2027-01-15 21:02","681","2027-01-15 15:05","170"
"SO_0564","국화도","2027-01-16","2027-01-16 09:45","648","2027-01-16 03:35","161","2027-01-16 21:52","632","2027-01-16 15:57","222"
"SO_0564","국화도","2027-01-17","2027-01-17 10:54","635","2027-01-17 04:28","179","2027-01-17 23:00","587","2027-01-17 17:07","268"
"SO_0564","국화도","2027-01-18","2027-01-18 12:20","642","2027-01-18 05:40","187","","","2027-01-18 18:42","287"
"SO_0564","국화도","2027-01-19","2027-01-19 00:31","567","2027-01-19 07:05","171","2027-01-19 13:44","678","2027-01-19 20:18","261"
"SO_0564","국화도","2027-01-20","2027-01-20 01:59","584","2027-01-20 08:23","129","2027-01-20 14:55","730","2027-01-20 21:31","212"
"SO_0564","국화도","2027-01-21","2027-01-21 03:10","626","2027-01-21 09:29","75","2027-01-21 15:55","784","2027-01-21 22:29","158"
"SO_0564","국화도","2027-01-22","2027-01-22 04:08","674","2027-01-22 10:26","23","2027-01-22 16:47","829","2027-01-22 23:20","110"
"SO_0564","국화도","2027-01-23","2027-01-23 04:59","719","2027-01-23 11:18","-18","2027-01-23 17:33","858","",""
"SO_0564","국화도","2027-01-24","2027-01-24 05:46","754","2027-01-24 00:04","73","2027-01-24 18:16","868","2027-01-24 12:05","-42"
"SO_0564","국화도","2027-01-25","2027-01-25 06:28","775","2027-01-25 00:45","49","2027-01-25 18:55","859","2027-01-25 12:48","-43"
"SO_0564","국화도","2027-01-26","2027-01-26 07:09","780","2027-01-26 01:22","41","2027-01-26 19:31","831","2027-01-26 13:29","-19"
"SO_0564","국화도","2027-01-27","2027-01-27 07:49","768","2027-01-27 01:57","49","2027-01-27 20:05","786","2027-01-27 14:07","28"
"SO_0564","국화도","2027-01-28","2027-01-28 08:29","739","2027-01-28 02:31","71","2027-01-28 20:40","727","2027-01-28 14:46","95"
"SO_0564","국화도","2027-01-29","2027-01-29 09:12","696","2027-01-29 03:06","108","2027-01-29 21:17","660","2027-01-29 15:27","174"
"SO_0564","국화도","2027-01-30","2027-01-30 10:04","645","2027-01-30 03:44","153","2027-01-30 22:02","591","2027-01-30 16:16","255"
"SO_0564","국화도","2027-01-31","2027-01-31 11:16","599","2027-01-31 04:33","204","2027-01-31 23:10","531","2027-01-31 17:29","320"
"SO_0564","국화도","2027-02-01","2027-02-01 12:53","583","2027-02-01 05:48","242","","","2027-02-01 19:21","340"
"SO_0564","국화도","2027-02-02","2027-02-02 00:54","509","2027-02-02 07:24","243","2027-02-02 14:21","606","2027-02-02 20:50","308"
"SO_0564","국화도","2027-02-03","2027-02-03 02:22","534","2027-02-03 08:39","209","2027-02-03 15:20","645","2027-02-03 21:44","261"
"SO_0564","국화도","2027-02-04","2027-02-04 03:20","580","2027-02-04 09:32","165","2027-02-04 16:02","685","2027-02-04 22:25","216"
"SO_0564","국화도","2027-02-05","2027-02-05 04:02","628","2027-02-05 10:14","122","2027-02-05 16:36","721","2027-02-05 22:59","174"
"SO_0564","국화도","2027-02-06","2027-02-06 04:39","669","2027-02-06 10:51","85","2027-02-06 17:07","751","2027-02-06 23:30","139"
"SO_0564","국화도","2027-02-07","2027-02-07 05:12","702","2027-02-07 11:26","57","2027-02-07 17:36","774","",""
"SO_0564","국화도","2027-02-08","2027-02-08 05:44","726","2027-02-08 00:00","109","2027-02-08 18:03","789","2027-02-08 11:58","39"
"SO_0564","국화도","2027-02-09","2027-02-09 06:14","742","2027-02-09 00:29","88","2027-02-09 18:30","795","2027-02-09 12:30","34"
"SO_0564","국화도","2027-02-10","2027-02-10 06:44","750","2027-02-10 00:56","74","2027-02-10 18:57","788","2027-02-10 13:01","43"
"SO_0564","국화도","2027-02-11","2027-02-11 07:14","750","2027-02-11 01:24","70","2027-02-11 19:24","770","2027-02-11 13:33","66"
"SO_0564","국화도","2027-02-12","2027-02-12 07:47","742","2027-02-12 01:51","75","2027-02-12 19:54","738","2027-02-12 14:06","104"
"SO_0564","국화도","2027-02-13","2027-02-13 08:24","723","2027-02-13 02:21","90","2027-02-13 20:28","692","2027-02-13 14:42","156"
"SO_0564","국화도","2027-02-14","2027-02-14 09:10","691","2027-02-14 02:57","118","2027-02-14 21:11","634","2027-02-14 15:27","220"
"SO_0564","국화도","2027-02-15","2027-02-15 10:13","652","2027-02-15 03:44","158","2027-02-15 22:14","570","2027-02-15 16:30","285"
"SO_0564","국화도","2027-02-16","2027-02-16 11:46","628","2027-02-16 04:54","199","","","2027-02-16 18:16","322"
"SO_0564","국화도","2027-02-17","2027-02-17 00:00","531","2027-02-17 06:37","207","2027-02-17 13:32","652","2027-02-17 20:14","289"
"SO_0564","국화도","2027-02-18","2027-02-18 01:53","556","2027-02-18 08:14","163","2027-02-18 14:51","712","2027-02-18 21:28","218"
"SO_0564","국화도","2027-02-19","2027-02-19 03:08","623","2027-02-19 09:25","94","2027-02-19 15:49","776","2027-02-19 22:20","146"
"SO_0564","국화도","2027-02-20","2027-02-20 04:03","694","2027-02-20 10:21","29","2027-02-20 16:36","826","2027-02-20 23:05","84"
"SO_0564","국화도","2027-02-21","2027-02-21 04:50","756","2027-02-21 11:09","-18","2027-02-21 17:17","856","2027-02-21 23:44","38"
"SO_0564","국화도","2027-02-22","2027-02-22 05:32","799","2027-02-22 11:52","-41","2027-02-22 17:54","864","",""
"SO_0564","국화도","2027-02-23","2027-02-23 06:11","822","2027-02-23 00:21","11","2027-02-23 18:29","852","2027-02-23 12:32","-37"
"SO_0564","국화도","2027-02-24","2027-02-24 06:48","825","2027-02-24 00:54","3","2027-02-24 19:01","823","2027-02-24 13:08","-8"
"SO_0564","국화도","2027-02-25","2027-02-25 07:23","807","2027-02-25 01:25","14","2027-02-25 19:32","779","2027-02-25 13:43","43"
"SO_0564","국화도","2027-02-26","2027-02-26 07:58","772","2027-02-26 01:55","43","2027-02-26 20:02","722","2027-02-26 14:17","110"
"SO_0564","국화도","2027-02-27","2027-02-27 08:34","721","2027-02-27 02:23","87","2027-02-27 20:33","657","2027-02-27 14:51","188"
"SO_0564","국화도","2027-02-28","2027-02-28 09:16","659","2027-02-28 02:54","144","2027-02-28 21:09","587","2027-02-28 15:31","270"
"SO_0564","국화도","2027-03-01","2027-03-01 10:13","596","2027-03-01 03:31","208","2027-03-01 22:05","519","2027-03-01 16:30","343"
"SO_0564","국화도","2027-03-02","2027-03-02 11:58","557","2027-03-02 04:32","270","","","2027-03-02 18:43","376"
"SO_0564","국화도","2027-03-03","2027-03-03 00:03","480","2027-03-03 06:35","295","2027-03-03 13:55","575","2027-03-03 20:34","335"
"SO_0564","국화도","2027-03-04","2027-03-04 02:00","511","2027-03-04 08:16","257","2027-03-04 14:59","624","2027-03-04 21:25","276"
"SO_0564","국화도","2027-03-05","2027-03-05 03:02","572","2027-03-05 09:13","198","2027-03-05 15:39","674","2027-03-05 22:01","217"
"SO_0564","국화도","2027-03-06","2027-03-06 03:43","635","2027-03-06 09:54","142","2027-03-06 16:12","718","2027-03-06 22:32","164"
"SO_0564","국화도","2027-03-07","2027-03-07 04:18","691","2027-03-07 10:31","95","2027-03-07 16:41","754","2027-03-07 23:02","118"
"SO_0564","국화도","2027-03-08","2027-03-08 04:50","735","2027-03-08 11:06","61","2027-03-08 17:09","779","2027-03-08 23:31","80"
"SO_0564","국화도","2027-03-09","2027-03-09 05:22","768","2027-03-09 11:40","41","2027-03-09 17:37","793","",""
"SO_0564","국화도","2027-03-10","2027-03-10 05:52","789","2027-03-10 00:00","54","2027-03-10 18:04","796","2027-03-10 12:12","37"
"SO_0564","국화도","2027-03-11","2027-03-11 06:23","800","2027-03-11 00:28","38","2027-03-11 18:32","787","2027-03-11 12:44","49"
"SO_0564","국화도","2027-03-12","2027-03-12 06:53","800","2027-03-12 00:56","35","2027-03-12 19:00","765","2027-03-12 13:16","76"
"SO_0564","국화도","2027-03-13","2027-03-13 07:25","788","2027-03-13 01:25","45","2027-03-13 19:31","731","2027-03-13 13:49","118"
"SO_0564","국화도","2027-03-14","2027-03-14 08:02","760","2027-03-14 01:56","69","2027-03-14 20:05","682","2027-03-14 14:26","175"
"SO_0564","국화도","2027-03-15","2027-03-15 08:48","717","2027-03-15 02:31","109","2027-03-15 20:49","621","2027-03-15 15:10","242"
"SO_0564","국화도","2027-03-16","2027-03-16 09:53","664","2027-03-16 03:18","164","2027-03-16 21:56","555","2027-03-16 16:17","309"
"SO_0564","국화도","2027-03-17","2027-03-17 11:32","630","2027-03-17 04:32","219","2027-03-17 23:57","525","2027-03-17 18:17","335"
"SO_0564","국화도","2027-03-18","2027-03-18 13:24","654","2027-03-18 06:28","233","","","2027-03-18 20:07","284"
"SO_0564","국화도","2027-03-19","2027-03-19 01:50","572","2027-03-19 08:07","181","2027-03-19 14:39","713","2027-03-19 21:11","204"
"SO_0564","국화도","2027-03-20","2027-03-20 02:58","654","2027-03-20 09:14","110","2027-03-20 15:31","771","2027-03-20 21:58","128"
"SO_0564","국화도","2027-03-21","2027-03-21 03:49","733","2027-03-21 10:06","50","2027-03-21 16:14","813","2027-03-21 22:39","67"
"SO_0564","국화도","2027-03-22","2027-03-22 04:32","794","2027-03-22 10:52","12","2027-03-22 16:52","833","2027-03-22 23:16","25"
"SO_0564","국화도","2027-03-23","2027-03-23 05:11","833","2027-03-23 11:32","-1","2027-03-23 17:26","834","2027-03-23 23:50","4"
"SO_0564","국화도","2027-03-24","2027-03-24 05:48","848","2027-03-24 12:11","11","2027-03-24 17:59","819","",""
"SO_0564","국화도","2027-03-25","2027-03-25 06:23","842","2027-03-25 00:22","2","2027-03-25 18:31","791","2027-03-25 12:46","43"
"SO_0564","국화도","2027-03-26","2027-03-26 06:56","819","2027-03-26 00:52","19","2027-03-26 19:00","753","2027-03-26 13:19","90"
"SO_0564","국화도","2027-03-27","2027-03-27 07:28","782","2027-03-27 01:19","51","2027-03-27 19:30","705","2027-03-27 13:50","148"
"SO_0564","국화도","2027-03-28","2027-03-28 08:01","734","2027-03-28 01:46","96","2027-03-28 20:00","650","2027-03-28 14:21","213"
"SO_0564","국화도","2027-03-29","2027-03-29 08:37","678","2027-03-29 02:14","150","2027-03-29 20:35","590","2027-03-29 14:57","280"
"SO_0564","국화도","2027-03-30","2027-03-30 09:24","619","2027-03-30 02:48","212","2027-03-30 21:25","530","2027-03-30 15:48","344"
"SO_0564","국화도","2027-03-31","2027-03-31 10:48","570","2027-03-31 03:38","275","2027-03-31 23:08","489","2027-03-31 17:41","380"
"SO_0564","국화도","2027-04-01","2027-04-01 12:54","569","2027-04-01 05:22","317","","","2027-04-01 19:45","348"
"SO_0564","국화도","2027-04-02","2027-04-02 01:15","512","2027-04-02 07:28","293","2027-04-02 14:11","610","2027-04-02 20:41","287"
"SO_0564","국화도","2027-04-03","2027-04-03 02:24","577","2027-04-03 08:35","235","2027-04-03 14:57","660","2027-04-03 21:19","223"
"SO_0564","국화도","2027-04-04","2027-04-04 03:09","647","2027-04-04 09:22","175","2027-04-04 15:32","704","2027-04-04 21:52","163"
"SO_0564","국화도","2027-04-05","2027-04-05 03:45","712","2027-04-05 10:01","126","2027-04-05 16:03","740","2027-04-05 22:23","111"
"SO_0564","국화도","2027-04-06","2027-04-06 04:20","764","2027-04-06 10:39","91","2027-04-06 16:35","764","2027-04-06 22:55","70"
"SO_0564","국화도","2027-04-07","2027-04-07 04:53","802","2027-04-07 11:15","71","2027-04-07 17:05","777","2027-04-07 23:27","41"
"SO_0564","국화도","2027-04-08","2027-04-08 05:26","826","2027-04-08 11:51","67","2027-04-08 17:37","778","2027-04-08 23:58","27"
"SO_0564","국화도","2027-04-09","2027-04-09 05:59","836","2027-04-09 12:26","79","2027-04-09 18:08","767","",""
"SO_0564","국화도","2027-04-10","2027-04-10 06:34","832","2027-04-10 00:31","27","2027-04-10 18:41","745","2027-04-10 13:02","106"
"SO_0564","국화도","2027-04-11","2027-04-11 07:10","815","2027-04-11 01:04","42","2027-04-11 19:16","711","2027-04-11 13:39","148"
"SO_0564","국화도","2027-04-12","2027-04-12 07:52","782","2027-04-12 01:39","72","2027-04-12 19:56","666","2027-04-12 14:20","201"
"SO_0564","국화도","2027-04-13","2027-04-13 08:42","735","2027-04-13 02:20","118","2027-04-13 20:47","613","2027-04-13 15:11","259"
"SO_0564","국화도","2027-04-14","2027-04-14 09:50","684","2027-04-14 03:12","175","2027-04-14 22:05","565","2027-04-14 16:24","306"
"SO_0564","국화도","2027-04-15","2027-04-15 11:24","655","2027-04-15 04:31","226","2027-04-15 23:57","561","2027-04-15 18:08","309"
"SO_0564","국화도","2027-04-16","2027-04-16 13:00","669","2027-04-16 06:17","235","","","2027-04-16 19:37","258"
"SO_0564","국화도","2027-04-17","2027-04-17 01:31","616","2027-04-17 07:47","194","2027-04-17 14:09","709","2027-04-17 20:37","188"
"SO_0564","국화도","2027-04-18","2027-04-18 02:35","693","2027-04-18 08:52","140","2027-04-18 15:01","748","2027-04-18 21:24","122"
"SO_0564","국화도","2027-04-19","2027-04-19 03:25","762","2027-04-19 09:44","96","2027-04-19 15:43","774","2027-04-19 22:05","71"
"SO_0564","국화도","2027-04-20","2027-04-20 04:08","812","2027-04-20 10:29","73","2027-04-20 16:21","785","2027-04-20 22:42","40"
"SO_0564","국화도","2027-04-21","2027-04-21 04:47","838","2027-04-21 11:10","70","2027-04-21 16:56","782","2027-04-21 23:17","28"
"SO_0564","국화도","2027-04-22","2027-04-22 05:24","842","2027-04-22 11:48","84","2027-04-22 17:30","769","2027-04-22 23:50","33"
"SO_0564","국화도","2027-04-23","2027-04-23 05:58","830","2027-04-23 12:23","110","2027-04-23 18:03","748","",""
"SO_0564","국화도","2027-04-24","2027-04-24 06:31","808","2027-04-24 00:20","52","2027-04-24 18:34","720","2027-04-24 12:56","144"
"SO_0564","국화도","2027-04-25","2027-04-25 07:02","778","2027-04-25 00:49","80","2027-04-25 19:06","686","2027-04-25 13:28","184"
"SO_0564","국화도","2027-04-26","2027-04-26 07:34","743","2027-04-26 01:18","116","2027-04-26 19:39","647","2027-04-26 14:00","228"
"SO_0564","국화도","2027-04-27","2027-04-27 08:09","703","2027-04-27 01:47","159","2027-04-27 20:16","603","2027-04-27 14:37","274"
"SO_0564","국화도","2027-04-28","2027-04-28 08:53","659","2027-04-28 02:22","207","2027-04-28 21:06","560","2027-04-28 15:24","318"
"SO_0564","국화도","2027-04-29","2027-04-29 09:54","617","2027-04-29 03:10","257","2027-04-29 22:24","530","2027-04-29 16:39","346"
"SO_0564","국화도","2027-04-30","2027-04-30 11:23","595","2027-04-30 04:26","299","","","2027-04-30 18:18","336"
"SO_0564","국화도","2027-05-01","2027-05-01 00:05","540","2027-05-01 06:12","304","2027-05-01 12:51","607","2027-05-01 19:29","290"
"SO_0564","국화도","2027-05-02","2027-05-02 01:25","591","2027-05-02 07:36","268","2027-05-02 13:53","639","2027-05-02 20:19","231"
"SO_0564","국화도","2027-05-03","2027-05-03 02:20","659","2027-05-03 08:35","218","2027-05-03 14:39","676","2027-05-03 21:00","170"
"SO_0564","국화도","2027-05-04","2027-05-04 03:04","725","2027-05-04 09:23","172","2027-05-04 15:18","709","2027-05-04 21:38","117"
"SO_0564","국화도","2027-05-05","2027-05-05 03:43","779","2027-05-05 10:07","138","2027-05-05 15:56","733","2027-05-05 22:15","75"
"SO_0564","국화도","2027-05-06","2027-05-06 04:22","820","2027-05-06 10:49","117","2027-05-06 16:33","746","2027-05-06 22:53","46"
"SO_0564","국화도","2027-05-07","2027-05-07 05:00","844","2027-05-07 11:30","110","2027-05-07 17:11","749","2027-05-07 23:32","32"
"SO_0564","국화도","2027-05-08","2027-05-08 05:40","854","2027-05-08 12:11","117","2027-05-08 17:50","742","",""
"SO_0564","국화도","2027-05-09","2027-05-09 06:21","850","2027-05-09 00:11","31","2027-05-09 18:30","726","2027-05-09 12:53","135"
"SO_0564","국화도","2027-05-10","2027-05-10 07:04","833","2027-05-10 00:50","45","2027-05-10 19:13","702","2027-05-10 13:36","165"
"SO_0564","국화도","2027-05-11","2027-05-11 07:50","804","2027-05-11 01:33","73","2027-05-11 20:00","671","2027-05-11 14:22","201"
"SO_0564","국화도","2027-05-12","2027-05-12 08:43","765","2027-05-12 02:20","113","2027-05-12 20:57","638","2027-05-12 15:16","236"
"SO_0564","국화도","2027-05-13","2027-05-13 09:46","724","2027-05-13 03:16","161","2027-05-13 22:10","616","2027-05-13 16:21","259"
"SO_0564","국화도","2027-05-14","2027-05-14 10:59","692","2027-05-14 04:27","204","2027-05-14 23:36","621","2027-05-14 17:36","257"
"SO_0564","국화도","2027-05-15","2027-05-15 12:17","681","2027-05-15 05:51","224","","","2027-05-15 18:50","226"
"SO_0564","국화도","2027-05-16","2027-05-16 00:57","660","2027-05-16 07:13","213","2027-05-16 13:25","689","2027-05-16 19:51","179"
"SO_0564","국화도","2027-05-17","2027-05-17 02:03","715","2027-05-17 08:20","188","2027-05-17 14:21","705","2027-05-17 20:42","133"
"SO_0564","국화도","2027-05-18","2027-05-18 02:56","765","2027-05-18 09:16","164","2027-05-18 15:08","718","2027-05-18 21:28","97"
"SO_0564","국화도","2027-05-19","2027-05-19 03:42","798","2027-05-19 10:05","150","2027-05-19 15:50","725","2027-05-19 22:08","76"
"SO_0564","국화도","2027-05-20","2027-05-20 04:23","813","2027-05-20 10:48","148","2027-05-20 16:29","726","2027-05-20 22:47","70"
"SO_0564","국화도","2027-05-21","2027-05-21 05:02","813","2027-05-21 11:28","155","2027-05-21 17:06","720","2027-05-21 23:22","76"
"SO_0564","국화도","2027-05-22","2027-05-22 05:38","803","2027-05-22 12:05","167","2027-05-22 17:42","711","2027-05-22 23:56","89"
"SO_0564","국화도","2027-05-23","2027-05-23 06:11","790","2027-05-23 12:40","182","2027-05-23 18:17","698","",""
"SO_0564","국화도","2027-05-24","2027-05-24 06:44","775","2027-05-24 00:27","106","2027-05-24 18:51","681","2027-05-24 13:13","200"
"SO_0564","국화도","2027-05-25","2027-05-25 07:17","759","2027-05-25 00:59","127","2027-05-25 19:26","660","2027-05-25 13:46","221"
"SO_0564","국화도","2027-05-26","2027-05-26 07:51","738","2027-05-26 01:32","152","2027-05-26 20:04","635","2027-05-26 14:22","244"
"SO_0564","국화도","2027-05-27","2027-05-27 08:29","711","2027-05-27 02:08","184","2027-05-27 20:49","611","2027-05-27 15:03","266"
"SO_0564","국화도","2027-05-28","2027-05-28 09:15","679","2027-05-28 02:52","221","2027-05-28 21:47","592","2027-05-28 15:53","283"
"SO_0564","국화도","2027-05-29","2027-05-29 10:13","647","2027-05-29 03:49","259","2027-05-29 22:59","592","2027-05-29 16:56","286"
"SO_0564","국화도","2027-05-30","2027-05-30 11:23","628","2027-05-30 05:03","284","","","2027-05-30 18:04","266"
"SO_0564","국화도","2027-05-31","2027-05-31 00:16","620","2027-05-31 06:25","284","2027-05-31 12:35","629","2027-05-31 19:07","227"
"SO_0564","국화도","2027-06-01","2027-06-01 01:23","670","2027-06-01 07:40","259","2027-06-01 13:37","647","2027-06-01 20:02","178"
"SO_0564","국화도","2027-06-02","2027-06-02 02:18","728","2027-06-02 08:42","224","2027-06-02 14:31","671","2027-06-02 20:52","130"
"SO_0564","국화도","2027-06-03","2027-06-03 03:07","780","2027-06-03 09:35","190","2027-06-03 15:19","695","2027-06-03 21:39","89"
"SO_0564","국화도","2027-06-04","2027-06-04 03:54","821","2027-06-04 10:25","165","2027-06-04 16:06","713","2027-06-04 22:25","58"
"SO_0564","국화도","2027-06-05","2027-06-05 04:41","848","2027-06-05 11:14","148","2027-06-05 16:53","725","2027-06-05 23:12","39"
"SO_0564","국화도","2027-06-06","2027-06-06 05:27","863","2027-06-06 12:01","141","2027-06-06 17:39","730","2027-06-06 23:58","31"
"SO_0564","국화도","2027-06-07","2027-06-07 06:14","867","2027-06-07 12:48","141","2027-06-07 18:26","729","",""
"SO_0564","국화도","2027-06-08","2027-06-08 07:01","859","2027-06-08 00:45","35","2027-06-08 19:13","724","2027-06-08 13:34","148"
"SO_0564","국화도","2027-06-09","2027-06-09 07:48","840","2027-06-09 01:31","51","2027-06-09 20:02","712","2027-06-09 14:20","161"
"SO_0564","국화도","2027-06-10","2027-06-10 08:36","809","2027-06-10 02:19","82","2027-06-10 20:55","698","2027-06-10 15:08","176"
"SO_0564","국화도","2027-06-11","2027-06-11 09:26","769","2027-06-11 03:11","125","2027-06-11 21:54","684","2027-06-11 15:59","190"
"SO_0564","국화도","2027-06-12","2027-06-12 10:22","723","2027-06-12 04:09","175","2027-06-12 23:03","677","2027-06-12 16:55","200"
"SO_0564","국화도","2027-06-13","2027-06-13 11:25","684","2027-06-13 05:16","219","","","2027-06-13 17:57","198"
"SO_0564","국화도","2027-06-14","2027-06-14 00:17","686","2027-06-14 06:31","246","2027-06-14 12:33","660","2027-06-14 19:01","184"
"SO_0564","국화도","2027-06-15","2027-06-15 01:28","710","2027-06-15 07:45","250","2027-06-15 13:37","653","2027-06-15 20:01","161"
"SO_0564","국화도","2027-06-16","2027-06-16 02:29","738","2027-06-16 08:50","239","2027-06-16 14:34","659","2027-06-16 20:54","139"
"SO_0564","국화도","2027-06-17","2027-06-17 03:21","761","2027-06-17 09:45","224","2027-06-17 15:24","670","2027-06-17 21:42","122"
"SO_0564","국화도","2027-06-18","2027-06-18 04:07","774","2027-06-18 10:32","212","2027-06-18 16:09","682","2027-06-18 22:25","112"
"SO_0564","국화도","2027-06-19","2027-06-19 04:47","780","2027-06-19 11:14","202","2027-06-19 16:50","691","2027-06-19 23:04","109"
"SO_0564","국화도","2027-06-20","2027-06-20 05:25","783","2027-06-20 11:52","195","2027-06-20 17:29","697","2027-06-20 23:40","109"
"SO_0564","국화도","2027-06-21","2027-06-21 05:58","785","2027-06-21 12:27","190","2027-06-21 18:04","700","",""
"SO_0564","국화도","2027-06-22","2027-06-22 06:30","787","2027-06-22 00:14","111","2027-06-22 18:39","698","2027-06-22 13:00","187"
"SO_0564","국화도","2027-06-23","2027-06-23 07:01","787","2027-06-23 00:47","116","2027-06-23 19:13","693","2027-06-23 13:32","189"
"SO_0564","국화도","2027-06-24","2027-06-24 07:32","779","2027-06-24 01:20","128","2027-06-24 19:48","684","2027-06-24 14:04","194"
"SO_0564","국화도","2027-06-25","2027-06-25 08:05","762","2027-06-25 01:55","148","2027-06-25 20:27","672","2027-06-25 14:37","202"
"SO_0564","국화도","2027-06-26","2027-06-26 08:41","734","2027-06-26 02:34","179","2027-06-26 21:12","659","2027-06-26 15:14","213"
"SO_0564","국화도","2027-06-27","2027-06-27 09:23","698","2027-06-27 03:18","217","2027-06-27 22:07","651","2027-06-27 15:58","222"
"SO_0564","국화도","2027-06-28","2027-06-28 10:16","661","2027-06-28 04:13","258","2027-06-28 23:15","655","2027-06-28 16:53","225"
"SO_0564","국화도","2027-06-29","2027-06-29 11:22","632","2027-06-29 05:23","288","","","2027-06-29 17:59","216"
"SO_0564","국화도","2027-06-30","2027-06-30 00:29","678","2027-06-30 06:45","294","2027-06-30 12:37","622","2027-06-30 19:07","189"
"SO_0564","국화도","2027-07-01","2027-07-01 01:38","719","2027-07-01 08:04","273","2027-07-01 13:49","635","2027-07-01 20:13","151"
"SO_0564","국화도","2027-07-02","2027-07-02 02:40","767","2027-07-02 09:11","238","2027-07-02 14:52","661","2027-07-02 21:12","109"
"SO_0564","국화도","2027-07-03","2027-07-03 03:36","812","2027-07-03 10:11","200","2027-07-03 15:50","692","2027-07-03 22:08","70"
"SO_0564","국화도","2027-07-04","2027-07-04 04:29","850","2027-07-04 11:04","165","2027-07-04 16:43","722","2027-07-04 23:01","37"
"SO_0564","국화도","2027-07-05","2027-07-05 05:20","878","2027-07-05 11:54","135","2027-07-05 17:33","747","2027-07-05 23:51","14"
"SO_0564","국화도","2027-07-06","2027-07-06 06:07","894","2027-07-06 12:40","112","2027-07-06 18:20","766","",""
"SO_0564","국화도","2027-07-07","2027-07-07 06:52","895","2027-07-07 00:39","5","2027-07-07 19:06","777","2027-07-07 13:23","100"
"SO_0564","국화도","2027-07-08","2027-07-08 07:34","879","2027-07-08 01:24","15","2027-07-08 19:51","776","2027-07-08 14:04","99"
"SO_0564","국화도","2027-07-09","2027-07-09 08:15","846","2027-07-09 02:09","46","2027-07-09 20:37","764","2027-07-09 14:44","110"
"SO_0564","국화도","2027-07-10","2027-07-10 08:57","797","2027-07-10 02:54","96","2027-07-10 21:28","740","2027-07-10 15:25","130"
"SO_0564","국화도","2027-07-11","2027-07-11 09:41","738","2027-07-11 03:41","162","2027-07-11 22:25","711","2027-07-11 16:11","159"
"SO_0564","국화도","2027-07-12","2027-07-12 10:33","677","2027-07-12 04:37","232","2027-07-12 23:35","687","2027-07-12 17:05","188"
"SO_0564","국화도","2027-07-13","2027-07-13 11:39","626","2027-07-13 05:47","289","","","2027-07-13 18:11","207"
"SO_0564","국화도","2027-07-14","2027-07-14 00:54","681","2027-07-14 07:13","314","2027-07-14 12:56","602","2027-07-14 19:24","207"
"SO_0564","국화도","2027-07-15","2027-07-15 02:08","695","2027-07-15 08:32","303","2027-07-15 14:10","609","2027-07-15 20:31","189"
"SO_0564","국화도","2027-07-16","2027-07-16 03:09","720","2027-07-16 09:34","275","2027-07-16 15:10","634","2027-07-16 21:26","164"
"SO_0564","국화도","2027-07-17","2027-07-17 03:58","744","2027-07-17 10:22","244","2027-07-17 15:59","664","2027-07-17 22:12","140"
"SO_0564","국화도","2027-07-18","2027-07-18 04:38","765","2027-07-18 11:03","215","2027-07-18 16:40","691","2027-07-18 22:52","120"
"SO_0564","국화도","2027-07-19","2027-07-19 05:12","783","2027-07-19 11:38","190","2027-07-19 17:17","713","2027-07-19 23:29","105"
"SO_0564","국화도","2027-07-20","2027-07-20 05:43","799","2027-07-20 12:11","169","2027-07-20 17:51","728","",""
"SO_0564","국화도","2027-07-21","2027-07-21 06:13","811","2027-07-21 00:02","95","2027-07-21 18:23","737","2027-07-21 12:41","153"
"SO_0564","국화도","2027-07-22","2027-07-22 06:41","817","2027-07-22 00:34","93","2027-07-22 18:54","740","2027-07-22 13:10","143"
"SO_0564","국화도","2027-07-23","2027-07-23 07:09","812","2027-07-23 01:06","99","2027-07-23 19:26","738","2027-07-23 13:38","140"
"SO_0564","국화도","2027-07-24","2027-07-24 07:37","796","2027-07-24 01:38","118","2027-07-24 19:59","731","2027-07-24 14:07","144"
"SO_0564","국화도","2027-07-25","2027-07-25 08:08","768","2027-07-25 02:12","150","2027-07-25 20:38","718","2027-07-25 14:38","155"
"SO_0564","국화도","2027-07-26","2027-07-26 08:43","728","2027-07-26 02:50","193","2027-07-26 21:24","700","2027-07-26 15:14","172"
"SO_0564","국화도","2027-07-27","2027-07-27 09:26","680","2027-07-27 03:35","245","2027-07-27 22:25","682","2027-07-27 16:00","193"
"SO_0564","국화도","2027-07-28","2027-07-28 10:25","630","2027-07-28 04:35","296","2027-07-28 23:43","677","2027-07-28 17:03","212"
"SO_0564","국화도","2027-07-29","2027-07-29 11:49","597","2027-07-29 06:01","327","","","2027-07-29 18:24","212"
"SO_0564","국화도","2027-07-30","2027-07-30 01:10","701","2027-07-30 07:41","315","2027-07-30 13:23","603","2027-07-30 19:48","181"
"SO_0564","국화도","2027-07-31","2027-07-31 02:25","750","2027-07-31 09:01","267","2027-07-31 14:41","642","2027-07-31 20:59","129"
"SO_0564","국화도","2027-08-01","2027-08-01 03:28","807","2027-08-01 10:03","207","2027-08-01 15:42","696","2027-08-01 22:00","72"
"SO_0564","국화도","2027-08-02","2027-08-02 04:21","859","2027-08-02 10:55","149","2027-08-02 16:35","749","2027-08-02 22:54","24"
"SO_0564","국화도","2027-08-03","2027-08-03 05:09","897","2027-08-03 11:40","101","2027-08-03 17:23","793","2027-08-03 23:42","-9"
"SO_0564","국화도","2027-08-04","2027-08-04 05:52","917","2027-08-04 12:22","67","2027-08-04 18:07","823","",""
"SO_0564","국화도","2027-08-05","2027-08-05 06:32","917","2027-08-05 00:27","-19","2027-08-05 18:49","838","2027-08-05 13:01","48"
"SO_0564","국화도","2027-08-06","2027-08-06 07:10","896","2027-08-06 01:09","-5","2027-08-06 19:30","835","2027-08-06 13:37","46"
"SO_0564","국화도","2027-08-07","2027-08-07 07:46","855","2027-08-07 01:49","34","2027-08-07 20:12","812","2027-08-07 14:12","63"
"SO_0564","국화도","2027-08-08","2027-08-08 08:22","799","2027-08-08 02:29","96","2027-08-08 20:55","773","2027-08-08 14:48","96"
"SO_0564","국화도","2027-08-09","2027-08-09 09:00","731","2027-08-09 03:10","175","2027-08-09 21:46","721","2027-08-09 15:26","144"
"SO_0564","국화도","2027-08-10","2027-08-10 09:44","659","2027-08-10 03:59","259","2027-08-10 22:52","669","2027-08-10 16:13","199"
"SO_0564","국화도","2027-08-11","2027-08-11 10:47","593","2027-08-11 05:05","333","","","2027-08-11 17:21","247"
"SO_0564","국화도","2027-08-12","2027-08-12 00:24","642","2027-08-12 06:48","366","2027-08-12 12:23","559","2027-08-12 18:55","263"
"SO_0564","국화도","2027-08-13","2027-08-13 01:56","655","2027-08-13 08:25","342","2027-08-13 13:57","575","2027-08-13 20:18","237"
"SO_0564","국화도","2027-08-14","2027-08-14 03:01","692","2027-08-14 09:26","294","2027-08-14 15:02","621","2027-08-14 21:16","195"
"SO_0564","국화도","2027-08-15","2027-08-15 03:47","731","2027-08-15 10:08","245","2027-08-15 15:48","670","2027-08-15 22:00","154"
"SO_0564","국화도","2027-08-16","2027-08-16 04:22","765","2027-08-16 10:44","202","2027-08-16 16:25","713","2027-08-16 22:38","119"
"SO_0564","국화도","2027-08-17","2027-08-17 04:53","793","2027-08-17 11:16","164","2027-08-17 16:59","746","2027-08-17 23:12","94"
"SO_0564","국화도","2027-08-18","2027-08-18 05:21","814","2027-08-18 11:45","134","2027-08-18 17:31","769","2027-08-18 23:45","79"
"SO_0564","국화도","2027-08-19","2027-08-19 05:49","827","2027-08-19 12:14","112","2027-08-19 18:01","784","",""
"SO_0564","국화도","2027-08-20","2027-08-20 06:15","830","2027-08-20 00:17","75","2027-08-20 18:31","790","2027-08-20 12:41","99"
"SO_0564","국화도","2027-08-21","2027-08-21 06:42","823","2027-08-21 00:47","85","2027-08-21 19:01","790","2027-08-21 13:08","96"
"SO_0564","국화도","2027-08-22","2027-08-22 07:09","803","2027-08-22 01:18","107","2027-08-22 19:31","781","2027-08-22 13:35","102"
"SO_0564","국화도","2027-08-23","2027-08-23 07:37","772","2027-08-23 01:50","143","2027-08-23 20:06","763","2027-08-23 14:04","118"
"SO_0564","국화도","2027-08-24","2027-08-24 08:09","729","2027-08-24 02:25","192","2027-08-24 20:49","733","2027-08-24 14:37","145"
"SO_0564","국화도","2027-08-25","2027-08-25 08:48","675","2027-08-25 03:06","252","2027-08-25 21:46","696","2027-08-25 15:19","183"
"SO_0564","국화도","2027-08-26","2027-08-26 09:46","614","2027-08-26 04:04","314","2027-08-26 23:11","669","2027-08-26 16:22","225"
"SO_0564","국화도","2027-08-27","2027-08-27 11:21","570","2027-08-27 05:38","355","","","2027-08-27 17:58","243"
"SO_0564","국화도","2027-08-28","2027-08-28 00:56","685","2027-08-28 07:37","331","2027-08-28 13:16","585","2027-08-28 19:38","207"
"SO_0564","국화도","2027-08-29","2027-08-29 02:19","742","2027-08-29 08:55","261","2027-08-29 14:37","650","2027-08-29 20:53","140"
"SO_0564","국화도","2027-08-30","2027-08-30 03:18","808","2027-08-30 09:50","183","2027-08-30 15:35","726","2027-08-30 21:51","71"
"SO_0564","국화도","2027-08-31","2027-08-31 04:07","864","2027-08-31 10:36","114","2027-08-31 16:23","794","2027-08-31 22:41","17"
"SO_0564","국화도","2027-09-01","2027-09-01 04:49","900","2027-09-01 11:17","61","2027-09-01 17:06","845","2027-09-01 23:27","-12"
"SO_0564","국화도","2027-09-02","2027-09-02 05:29","913","2027-09-02 11:55","26","2027-09-02 17:47","875","",""
"SO_0564","국화도","2027-09-03","2027-09-03 06:05","904","2027-09-03 00:09","-15","2027-09-03 18:26","882","2027-09-03 12:31","12"
"SO_0564","국화도","2027-09-04","2027-09-04 06:40","876","2027-09-04 00:48","9","2027-09-04 19:04","868","2027-09-04 13:05","19"
"SO_0564","국화도","2027-09-05","2027-09-05 07:13","831","2027-09-05 01:26","57","2027-09-05 19:42","833","2027-09-05 13:37","46"
"SO_0564","국화도","2027-09-06","2027-09-06 07:47","773","2027-09-06 02:03","124","2027-09-06 20:21","781","2027-09-06 14:09","91"
"SO_0564","국화도","2027-09-07","2027-09-07 08:21","706","2027-09-07 02:40","203","2027-09-07 21:06","717","2027-09-07 14:42","151"
"SO_0564","국화도","2027-09-08","2027-09-08 09:01","634","2027-09-08 03:23","287","2027-09-08 22:06","651","2027-09-08 15:23","219"
"SO_0564","국화도","2027-09-09","2027-09-09 10:00","565","2027-09-09 04:26","361","2027-09-09 23:47","610","2027-09-09 16:26","285"
"SO_0564","국화도","2027-09-10","2027-09-10 11:53","528","2027-09-10 06:27","392","","","2027-09-10 18:23","312"
"SO_0564","국화도","2027-09-11","2027-09-11 01:36","624","2027-09-11 08:11","353","2027-09-11 13:43","558","2027-09-11 20:01","277"
"SO_0564","국화도","2027-09-12","2027-09-12 02:42","669","2027-09-12 09:05","293","2027-09-12 14:45","619","2027-09-12 20:58","222"
"SO_0564","국화도","2027-09-13","2027-09-13 03:23","716","2027-09-13 09:42","234","2027-09-13 15:28","681","2027-09-13 21:40","169"
"SO_0564","국화도","2027-09-14","2027-09-14 03:55","756","2027-09-14 10:13","181","2027-09-14 16:03","735","2027-09-14 22:16","126"
"SO_0564","국화도","2027-09-15","2027-09-15 04:24","787","2027-09-15 10:43","136","2027-09-15 16:35","777","2027-09-15 22:50","95"
"SO_0564","국화도","2027-09-16","2027-09-16 04:51","809","2027-09-16 11:12","102","2027-09-16 17:05","806","2027-09-16 23:22","79"
"SO_0564","국화도","2027-09-17","2027-09-17 05:19","819","2027-09-17 11:41","78","2027-09-17 17:35","824","2027-09-17 23:55","77"
"SO_0564","국화도","2027-09-18","2027-09-18 05:46","818","2027-09-18 12:09","66","2027-09-18 18:05","831","",""
"SO_0564","국화도","2027-09-19","2027-09-19 06:14","806","2027-09-19 00:26","89","2027-09-19 18:35","828","2027-09-19 12:37","65"
"SO_0564","국화도","2027-09-20","2027-09-20 06:41","784","2027-09-20 00:58","115","2027-09-20 19:06","814","2027-09-20 13:05","76"
"SO_0564","국화도","2027-09-21","2027-09-21 07:11","751","2027-09-21 01:30","154","2027-09-21 19:41","789","2027-09-21 13:35","99"
"SO_0564","국화도","2027-09-22","2027-09-22 07:44","707","2027-09-22 02:06","205","2027-09-22 20:24","750","2027-09-22 14:09","136"
"SO_0564","국화도","2027-09-23","2027-09-23 08:25","651","2027-09-23 02:49","265","2027-09-23 21:23","701","2027-09-23 14:53","185"
"SO_0564","국화도","2027-09-24","2027-09-24 09:27","590","2027-09-24 03:50","326","2027-09-24 22:54","665","2027-09-24 15:59","239"
"SO_0564","국화도","2027-09-25","2027-09-25 11:18","555","2027-09-25 05:35","355","","","2027-09-25 17:46","261"
"SO_0564","국화도","2027-09-26","2027-09-26 00:44","679","2027-09-26 07:28","311","2027-09-26 13:14","594","2027-09-26 19:30","218"
"SO_0564","국화도","2027-09-27","2027-09-27 02:03","735","2027-09-27 08:36","231","2027-09-27 14:27","676","2027-09-27 20:41","147"
"SO_0564","국화도","2027-09-28","2027-09-28 02:59","796","2027-09-28 09:26","149","2027-09-28 15:19","761","2027-09-28 21:36","81"
"SO_0564","국화도","2027-09-29","2027-09-29 03:43","842","2027-09-29 10:08","82","2027-09-29 16:04","830","2027-09-29 22:24","36"
"SO_0564","국화도","2027-09-30","2027-09-30 04:23","867","2027-09-30 10:47","33","2027-09-30 16:45","876","2027-09-30 23:07","17"
"SO_0564","국화도","2027-10-01","2027-10-01 05:01","871","2027-10-01 11:24","7","2027-10-01 17:24","896","2027-10-01 23:48","24"
"SO_0564","국화도","2027-10-02","2027-10-02 05:36","855","2027-10-02 11:59","3","2027-10-02 18:02","891","",""
"SO_0564","국화도","2027-10-03","2027-10-03 06:10","825","2027-10-03 00:26","53","2027-10-03 18:38","867","2027-10-03 12:32","19"
"SO_0564","국화도","2027-10-04","2027-10-04 06:43","783","2027-10-04 01:02","100","2027-10-04 19:13","826","2027-10-04 13:03","53"
"SO_0564","국화도","2027-10-05","2027-10-05 07:16","733","2027-10-05 01:37","160","2027-10-05 19:49","773","2027-10-05 13:33","101"
"SO_0564","국화도","2027-10-06","2027-10-06 07:49","675","2027-10-06 02:13","227","2027-10-06 20:29","712","2027-10-06 14:04","160"
"SO_0564","국화도","2027-10-07","2027-10-07 08:28","613","2027-10-07 02:53","295","2027-10-07 21:20","649","2027-10-07 14:41","226"
"SO_0564","국화도","2027-10-08","2027-10-08 09:24","553","2027-10-08 03:50","356","2027-10-08 22:46","600","2027-10-08 15:35","292"
"SO_0564","국화도","2027-10-09","2027-10-09 11:08","517","2027-10-09 05:41","384","","","2027-10-09 17:22","333"
"SO_0564","국화도","2027-10-10","2027-10-10 00:42","598","2027-10-10 07:27","350","2027-10-10 13:05","544","2027-10-10 19:17","309"
"SO_0564","국화도","2027-10-11","2027-10-11 01:56","635","2027-10-11 08:22","290","2027-10-11 14:11","608","2027-10-11 20:22","254"
"SO_0564","국화도","2027-10-12","2027-10-12 02:41","679","2027-10-12 09:01","228","2027-10-12 14:55","677","2027-10-12 21:07","198"
"SO_0564","국화도","2027-10-13","2027-10-13 03:15","720","2027-10-13 09:33","170","2027-10-13 15:31","739","2027-10-13 21:46","150"
"SO_0564","국화도","2027-10-14","2027-10-14 03:46","752","2027-10-14 10:04","120","2027-10-14 16:04","788","2027-10-14 22:22","117"
"SO_0564","국화도","2027-10-15","2027-10-15 04:16","773","2027-10-15 10:34","81","2027-10-15 16:36","823","2027-10-15 22:57","99"
"SO_0564","국화도","2027-10-16","2027-10-16 04:46","783","2027-10-16 11:05","56","2027-10-16 17:08","843","2027-10-16 23:31","95"
"SO_0564","국화도","2027-10-17","2027-10-17 05:16","783","2027-10-17 11:37","43","2027-10-17 17:40","850","",""
"SO_0564","국화도","2027-10-18","2027-10-18 05:47","771","2027-10-18 00:06","106","2027-10-18 18:13","845","2027-10-18 12:08","44"
"SO_0564","국화도","2027-10-19","2027-10-19 06:19","750","2027-10-19 00:41","130","2027-10-19 18:48","828","2027-10-19 12:41","58"
"SO_0564","국화도","2027-10-20","2027-10-20 06:53","719","2027-10-20 01:17","166","2027-10-20 19:27","799","2027-10-20 13:16","86"
"SO_0564","국화도","2027-10-21","2027-10-21 07:32","679","2027-10-21 01:57","211","2027-10-21 20:13","758","2027-10-21 13:55","126"
"SO_0564","국화도","2027-10-22","2027-10-22 08:20","630","2027-10-22 02:45","261","2027-10-22 21:14","710","2027-10-22 14:44","178"
"SO_0564","국화도","2027-10-23","2027-10-23 09:30","584","2027-10-23 03:51","303","2027-10-23 22:39","675","2027-10-23 15:54","230"
"SO_0564","국화도","2027-10-24","2027-10-24 11:15","571","2027-10-24 05:25","312","","","2027-10-24 17:33","250"
"SO_0564","국화도","2027-10-25","2027-10-25 00:16","678","2027-10-25 06:56","269","2027-10-25 12:54","617","2027-10-25 19:08","219"
"SO_0564","국화도","2027-10-26","2027-10-26 01:32","713","2027-10-26 08:02","198","2027-10-26 14:04","695","2027-10-26 20:18","164"
"SO_0564","국화도","2027-10-27","2027-10-27 02:27","754","2027-10-27 08:51","127","2027-10-27 14:56","772","2027-10-27 21:14","114"
"SO_0564","국화도","2027-10-28","2027-10-28 03:13","785","2027-10-28 09:35","69","2027-10-28 15:41","831","2027-10-28 22:02","82"
"SO_0564","국화도","2027-10-29","2027-10-29 03:54","800","2027-10-29 10:15","31","2027-10-29 16:23","865","2027-10-29 22:46","72"
"SO_0564","국화도","2027-10-30","2027-10-30 04:32","799","2027-10-30 10:53","14","2027-10-30 17:02","874","2027-10-30 23:27","82"
"SO_0564","국화도","2027-10-31","2027-10-31 05:09","786","2027-10-31 11:28","17","2027-10-31 17:39","862","",""
"SO_0564","국화도","2027-11-01","2027-11-01 05:44","762","2027-11-01 00:05","106","2027-11-01 18:15","836","2027-11-01 12:02","36"
"SO_0564","국화도","2027-11-02","2027-11-02 06:18","732","2027-11-02 00:42","141","2027-11-02 18:49","801","2027-11-02 12:35","68"
"SO_0564","국화도","2027-11-03","2027-11-03 06:53","696","2027-11-03 01:17","183","2027-11-03 19:23","761","2027-11-03 13:05","108"
"SO_0564","국화도","2027-11-04","2027-11-04 07:28","655","2027-11-04 01:52","227","2027-11-04 19:59","716","2027-11-04 13:37","154"
"SO_0564","국화도","2027-11-05","2027-11-05 08:07","610","2027-11-05 02:30","272","2027-11-05 20:42","669","2027-11-05 14:13","206"
"SO_0564","국화도","2027-11-06","2027-11-06 08:57","566","2027-11-06 03:18","313","2027-11-06 21:39","624","2027-11-06 14:59","260"
"SO_0564","국화도","2027-11-07","2027-11-07 10:12","534","2027-11-07 04:29","339","2027-11-07 23:04","595","2027-11-07 16:12","306"
"SO_0564","국화도","2027-11-08","2027-11-08 11:52","540","2027-11-08 06:02","331","","","2027-11-08 17:56","317"
"SO_0564","국화도","2027-11-09","2027-11-09 00:34","599","2027-11-09 07:13","289","2027-11-09 13:13","588","2027-11-09 19:22","285"
"SO_0564","국화도","2027-11-10","2027-11-10 01:38","626","2027-11-10 08:03","232","2027-11-10 14:08","653","2027-11-10 20:21","237"
"SO_0564","국화도","2027-11-11","2027-11-11 02:24","660","2027-11-11 08:43","174","2027-11-11 14:51","717","2027-11-11 21:08","191"
"SO_0564","국화도","2027-11-12","2027-11-12 03:02","691","2027-11-12 09:20","120","2027-11-12 15:29","772","2027-11-12 21:50","155"
"SO_0564","국화도","2027-11-13","2027-11-13 03:39","716","2027-11-13 09:56","77","2027-11-13 16:06","812","2027-11-13 22:30","132"
"SO_0564","국화도","2027-11-14","2027-11-14 04:15","732","2027-11-14 10:33","47","2027-11-14 16:42","837","2027-11-14 23:10","121"
"SO_0564","국화도","2027-11-15","2027-11-15 04:51","737","2027-11-15 11:10","31","2027-11-15 17:20","847","2027-11-15 23:50","124"
"SO_0564","국화도","2027-11-16","2027-11-16 05:28","734","2027-11-16 11:48","28","2027-11-16 17:59","846","",""
"SO_0564","국화도","2027-11-17","2027-11-17 06:07","721","2027-11-17 00:30","137","2027-11-17 18:39","833","2027-11-17 12:27","38"
"SO_0564","국화도","2027-11-18","2027-11-18 06:48","700","2027-11-18 01:12","159","2027-11-18 19:23","809","2027-11-18 13:08","61"
"SO_0564","국화도","2027-11-19","2027-11-19 07:32","673","2027-11-19 01:56","187","2027-11-19 20:11","775","2027-11-19 13:53","96"
"SO_0564","국화도","2027-11-20","2027-11-20 08:25","642","2027-11-20 02:46","217","2027-11-20 21:07","734","2027-11-20 14:45","141"
"SO_0564","국화도","2027-11-21","2027-11-21 09:30","615","2027-11-21 03:45","240","2027-11-21 22:14","696","2027-11-21 15:48","187"
"SO_0564","국화도","2027-11-22","2027-11-22 10:52","609","2027-11-22 04:55","244","2027-11-22 23:31","674","2027-11-22 17:07","219"
"SO_0564","국화도","2027-11-23","2027-11-23 12:18","637","2027-11-23 06:08","221","","","2027-11-23 18:31","221"
"SO_0564","국화도","2027-11-24","2027-11-24 00:45","674","2027-11-24 07:16","178","2027-11-24 13:31","691","2027-11-24 19:46","198"
"SO_0564","국화도","2027-11-25","2027-11-25 01:49","688","2027-11-25 08:12","128","2027-11-25 14:30","747","2027-11-25 20:49","168"
"SO_0564","국화도","2027-11-26","2027-11-26 02:41","704","2027-11-26 09:02","84","2027-11-26 15:20","790","2027-11-26 21:41","146"
"SO_0564","국화도","2027-11-27","2027-11-27 03:27","716","2027-11-27 09:46","55","2027-11-27 16:04","813","2027-11-27 22:28","136"
"SO_0564","국화도","2027-11-28","2027-11-28 04:09","721","2027-11-28 10:27","42","2027-11-28 16:45","818","2027-11-28 23:11","138"
"SO_0564","국화도","2027-11-29","2027-11-29 04:49","718","2027-11-29 11:06","44","2027-11-29 17:23","810","2027-11-29 23:51","147"
"SO_0564","국화도","2027-11-30","2027-11-30 05:27","710","2027-11-30 11:42","56","2027-11-30 17:59","795","",""
"SO_0564","국화도","2027-12-01","2027-12-01 06:03","697","2027-12-01 00:28","161","2027-12-01 18:33","777","2027-12-01 12:16","75"
"SO_0564","국화도","2027-12-02","2027-12-02 06:38","679","2027-12-02 01:03","179","2027-12-02 19:05","757","2027-12-02 12:49","99"
"SO_0564","국화도","2027-12-03","2027-12-03 07:13","657","2027-12-03 01:36","198","2027-12-03 19:38","733","2027-12-03 13:21","126"
"SO_0564","국화도","2027-12-04","2027-12-04 07:50","632","2027-12-04 02:10","220","2027-12-04 20:13","704","2027-12-04 13:55","160"
"SO_0564","국화도","2027-12-05","2027-12-05 08:31","604","2027-12-05 02:47","242","2027-12-05 20:54","668","2027-12-05 14:35","200"
"SO_0564","국화도","2027-12-06","2027-12-06 09:23","579","2027-12-06 03:31","262","2027-12-06 21:44","629","2027-12-06 15:26","244"
"SO_0564","국화도","2027-12-07","2027-12-07 10:31","566","2027-12-07 04:28","273","2027-12-07 22:51","597","2027-12-07 16:33","281"
"SO_0564","국화도","2027-12-08","2027-12-08 11:52","580","2027-12-08 05:37","266","","","2027-12-08 17:58","294"
"SO_0564","국화도","2027-12-09","2027-12-09 00:09","586","2027-12-09 06:45","235","2027-12-09 13:06","623","2027-12-09 19:20","275"
"SO_0564","국화도","2027-12-10","2027-12-10 01:18","598","2027-12-10 07:44","188","2027-12-10 14:04","678","2027-12-10 20:25","239"
"SO_0564","국화도","2027-12-11","2027-12-11 02:15","624","2027-12-11 08:34","137","2027-12-11 14:54","733","2027-12-11 21:19","200"
"SO_0564","국화도","2027-12-12","2027-12-12 03:04","653","2027-12-12 09:21","90","2027-12-12 15:39","779","2027-12-12 22:08","168"
"SO_0564","국화도","2027-12-13","2027-12-13 03:49","679","2027-12-13 10:07","51","2027-12-13 16:24","812","2027-12-13 22:54","144"
"SO_0564","국화도","2027-12-14","2027-12-14 04:34","699","2027-12-14 10:52","24","2027-12-14 17:08","834","2027-12-14 23:40","128"
"SO_0564","국화도","2027-12-15","2027-12-15 05:18","712","2027-12-15 11:37","8","2027-12-15 17:52","845","",""
"SO_0564","국화도","2027-12-16","2027-12-16 06:02","718","2027-12-16 00:25","120","2027-12-16 18:36","844","2027-12-16 12:22","5"
"SO_0564","국화도","2027-12-17","2027-12-17 06:47","716","2027-12-17 01:09","120","2027-12-17 19:20","832","2027-12-17 13:07","15"
"SO_0564","국화도","2027-12-18","2027-12-18 07:32","707","2027-12-18 01:52","126","2027-12-18 20:04","805","2027-12-18 13:52","40"
"SO_0564","국화도","2027-12-19","2027-12-19 08:21","692","2027-12-19 02:36","138","2027-12-19 20:50","766","2027-12-19 14:40","81"
"SO_0564","국화도","2027-12-20","2027-12-20 09:15","672","2027-12-20 03:23","154","2027-12-20 21:41","717","2027-12-20 15:32","133"
"SO_0564","국화도","2027-12-21","2027-12-21 10:19","654","2027-12-21 04:15","170","2027-12-21 22:41","667","2027-12-21 16:34","188"
"SO_0564","국화도","2027-12-22","2027-12-22 11:34","648","2027-12-22 05:15","179","2027-12-22 23:51","630","2027-12-22 17:48","230"
"SO_0564","국화도","2027-12-23","2027-12-23 12:54","663","2027-12-23 06:24","174","","","2027-12-23 19:10","245"
"SO_0564","국화도","2027-12-24","2027-12-24 01:05","615","2027-12-24 07:32","154","2027-12-24 14:04","693","2027-12-24 20:26","233"
"SO_0564","국화도","2027-12-25","2027-12-25 02:12","621","2027-12-25 08:33","125","2027-12-25 15:04","724","2027-12-25 21:27","210"
"SO_0564","국화도","2027-12-26","2027-12-26 03:08","639","2027-12-26 09:26","99","2027-12-26 15:54","747","2027-12-26 22:18","189"
"SO_0564","국화도","2027-12-27","2027-12-27 03:56","658","2027-12-27 10:13","80","2027-12-27 16:37","759","2027-12-27 23:02","173"
"SO_0564","국화도","2027-12-28","2027-12-28 04:39","675","2027-12-28 10:55","69","2027-12-28 17:15","765","2027-12-28 23:41","161"
"SO_0564","국화도","2027-12-29","2027-12-29 05:18","685","2027-12-29 11:32","66","2027-12-29 17:49","767","",""
"SO_0564","국화도","2027-12-30","2027-12-30 05:53","691","2027-12-30 00:16","153","2027-12-30 18:20","768","2027-12-30 12:06","68"
"SO_0564","국화도","2027-12-31","2027-12-31 06:26","690","2027-12-31 00:48","149","2027-12-31 06:27","690","2027-12-31 12:38","74"
"SO_0565","향화도항","2027-01-09","2027-01-09 00:00","592","2027-01-09 00:00","111","","","",""
"SO_0565","향화도항","2027-01-10","2027-01-10 00:00","536","2027-01-10 00:00","76","","","",""
"SO_1282","선재도","2027-01-01","2027-01-01 10:59","625","2027-01-01 04:40","197","2027-01-01 23:05","604","2027-01-01 17:10","271"
"SO_1282","선재도","2027-01-02","2027-01-02 12:18","618","2027-01-02 05:43","219","","","2027-01-02 18:35","306"
"SO_1282","선재도","2027-01-03","2027-01-03 00:22","571","2027-01-03 06:57","220","2027-01-03 13:39","638","2027-01-03 20:03","299"
"SO_1282","선재도","2027-01-04","2027-01-04 01:42","571","2027-01-04 08:06","199","2027-01-04 14:44","675","2027-01-04 21:10","267"
"SO_1282","선재도","2027-01-05","2027-01-05 02:47","595","2027-01-05 09:02","166","2027-01-05 15:35","713","2027-01-05 22:00","231"
"SO_1282","선재도","2027-01-06","2027-01-06 03:38","628","2027-01-06 09:49","133","2027-01-06 16:17","742","2027-01-06 22:42","200"
"SO_1282","선재도","2027-01-07","2027-01-07 04:20","659","2027-01-07 10:30","106","2027-01-07 16:54","762","2027-01-07 23:18","176"
"SO_1282","선재도","2027-01-08","2027-01-08 04:57","683","2027-01-08 11:07","85","2027-01-08 17:27","774","2027-01-08 23:51","160"
"SO_1282","선재도","2027-01-09","2027-01-09 00:00","805","2027-01-09 00:00","67","2027-01-09 05:31","700","2027-01-09 11:42","71"
"SO_1282","선재도","2027-01-10","2027-01-10 00:00","795","2027-01-10 00:00","72","2027-01-10 06:03","710","2027-01-10 00:23","148"
"SO_1282","선재도","2027-01-11","2027-01-11 06:34","713","2027-01-11 00:52","140","2027-01-11 18:53","786","2027-01-11 12:46","65"
"SO_1282","선재도","2027-01-12","2027-01-12 07:05","712","2027-01-12 01:21","136","2027-01-12 19:22","778","2027-01-12 13:18","76"
"SO_1282","선재도","2027-01-13","2027-01-13 07:37","706","2027-01-13 01:49","136","2027-01-13 19:52","761","2027-01-13 13:51","99"
"SO_1282","선재도","2027-01-14","2027-01-14 08:12","695","2027-01-14 02:20","142","2027-01-14 20:25","731","2027-01-14 14:27","134"
"SO_1282","선재도","2027-01-15","2027-01-15 08:54","679","2027-01-15 02:53","153","2027-01-15 21:04","690","2027-01-15 15:07","180"
"SO_1282","선재도","2027-01-16","2027-01-16 09:46","660","2027-01-16 03:34","170","2027-01-16 21:53","641","2027-01-16 15:58","232"
"SO_1282","선재도","2027-01-17","2027-01-17 10:55","646","2027-01-17 04:27","188","2027-01-17 23:01","596","2027-01-17 17:08","279"
"SO_1282","선재도","2027-01-18","2027-01-18 12:20","652","2027-01-18 05:39","198","","","2027-01-18 18:44","298"
"SO_1282","선재도","2027-01-19","2027-01-19 00:32","575","2027-01-19 07:05","184","2027-01-19 13:45","687","2027-01-19 20:19","273"
"SO_1282","선재도","2027-01-20","2027-01-20 02:02","594","2027-01-20 08:25","141","2027-01-20 14:58","739","2027-01-20 21:33","221"
"SO_1282","선재도","2027-01-21","2027-01-21 03:14","639","2027-01-21 09:33","86","2027-01-21 15:59","793","2027-01-21 22:32","164"
"SO_1282","선재도","2027-01-22","2027-01-22 04:14","692","2027-01-22 10:32","32","2027-01-22 16:51","838","2027-01-22 23:22","114"
"SO_1282","선재도","2027-01-23","2027-01-23 05:05","739","2027-01-23 11:24","-9","2027-01-23 17:38","866","",""
"SO_1282","선재도","2027-01-24","2027-01-24 05:51","773","2027-01-24 00:08","75","2027-01-24 18:20","875","2027-01-24 12:11","-29"
"SO_1282","선재도","2027-01-25","2027-01-25 06:34","790","2027-01-25 00:48","52","2027-01-25 18:58","864","2027-01-25 12:53","-25"
"SO_1282","선재도","2027-01-26","2027-01-26 07:14","789","2027-01-26 01:25","47","2027-01-26 19:33","834","2027-01-26 13:32","4"
"SO_1282","선재도","2027-01-27","2027-01-27 07:52","771","2027-01-27 01:59","59","2027-01-27 20:06","788","2027-01-27 14:09","56"
"SO_1282","선재도","2027-01-28","2027-01-28 08:30","739","2027-01-28 02:31","85","2027-01-28 20:37","730","2027-01-28 14:45","126"
"SO_1282","선재도","2027-01-29","2027-01-29 09:10","696","2027-01-29 03:02","123","2027-01-29 21:11","665","2027-01-29 15:23","205"
"SO_1282","선재도","2027-01-30","2027-01-30 09:59","646","2027-01-30 03:37","171","2027-01-30 21:54","595","2027-01-30 16:11","286"
"SO_1282","선재도","2027-01-31","2027-01-31 11:11","602","2027-01-31 04:25","223","2027-01-31 23:04","534","2027-01-31 17:29","351"
"SO_1282","선재도","2027-02-01","2027-02-01 12:59","592","2027-02-01 05:43","263","","","2027-02-01 19:35","362"
"SO_1282","선재도","2027-02-02","2027-02-02 01:01","514","2027-02-02 07:29","261","2027-02-02 14:31","627","2027-02-02 21:03","317"
"SO_1282","선재도","2027-02-03","2027-02-03 02:33","549","2027-02-03 08:46","221","2027-02-03 15:28","675","2027-02-03 21:53","263"
"SO_1282","선재도","2027-02-04","2027-02-04 03:29","603","2027-02-04 09:38","171","2027-02-04 16:08","716","2027-02-04 22:31","215"
"SO_1282","선재도","2027-02-05","2027-02-05 04:10","653","2027-02-05 10:20","127","2027-02-05 16:41","749","2027-02-05 23:04","175"
"SO_1282","선재도","2027-02-06","2027-02-06 04:45","693","2027-02-06 10:56","91","2027-02-06 17:10","774","2027-02-06 23:34","143"
"SO_1282","선재도","2027-02-07","2027-02-07 05:17","723","2027-02-07 11:29","65","2027-02-07 17:38","792","",""
"SO_1282","선재도","2027-02-08","2027-02-08 05:47","744","2027-02-08 00:03","117","2027-02-08 18:05","804","2027-02-08 12:01","49"
"SO_1282","선재도","2027-02-09","2027-02-09 06:16","757","2027-02-09 00:31","97","2027-02-09 18:32","808","2027-02-09 12:33","44"
"SO_1282","선재도","2027-02-10","2027-02-10 06:46","764","2027-02-10 00:58","84","2027-02-10 18:59","801","2027-02-10 13:04","52"
"SO_1282","선재도","2027-02-11","2027-02-11 07:16","765","2027-02-11 01:25","79","2027-02-11 19:27","782","2027-02-11 13:34","75"
"SO_1282","선재도","2027-02-12","2027-02-12 07:48","757","2027-02-12 01:52","84","2027-02-12 19:56","750","2027-02-12 14:07","113"
"SO_1282","선재도","2027-02-13","2027-02-13 08:25","739","2027-02-13 02:21","98","2027-02-13 20:30","704","2027-02-13 14:42","166"
"SO_1282","선재도","2027-02-14","2027-02-14 09:09","706","2027-02-14 02:56","125","2027-02-14 21:11","645","2027-02-14 15:26","230"
"SO_1282","선재도","2027-02-15","2027-02-15 10:11","665","2027-02-15 03:41","165","2027-02-15 22:12","581","2027-02-15 16:28","297"
"SO_1282","선재도","2027-02-16","2027-02-16 11:44","637","2027-02-16 04:51","208","2027-02-16 23:59","539","2027-02-16 18:16","337"
"SO_1282","선재도","2027-02-17","2027-02-17 13:34","658","2027-02-17 06:38","220","","","2027-02-17 20:18","304"
"SO_1282","선재도","2027-02-18","2027-02-18 01:57","566","2027-02-18 08:19","174","2027-02-18 14:56","720","2027-02-18 21:32","229"
"SO_1282","선재도","2027-02-19","2027-02-19 03:14","638","2027-02-19 09:31","102","2027-02-19 15:54","786","2027-02-19 22:25","153"
"SO_1282","선재도","2027-02-20","2027-02-20 04:09","714","2027-02-20 10:27","35","2027-02-20 16:41","837","2027-02-20 23:09","89"
"SO_1282","선재도","2027-02-21","2027-02-21 04:55","775","2027-02-21 11:14","-11","2027-02-21 17:22","866","2027-02-21 23:48","45"
"SO_1282","선재도","2027-02-22","2027-02-22 05:36","814","2027-02-22 11:57","-29","2027-02-22 17:58","871","",""
"SO_1282","선재도","2027-02-23","2027-02-23 06:15","831","2027-02-23 00:23","21","2027-02-23 18:32","856","2027-02-23 12:35","-20"
"SO_1282","선재도","2027-02-24","2027-02-24 06:50","828","2027-02-24 00:56","17","2027-02-24 19:03","825","2027-02-24 13:10","14"
"SO_1282","선재도","2027-02-25","2027-02-25 07:24","809","2027-02-25 01:25","30","2027-02-25 19:31","781","2027-02-25 13:43","68"
"SO_1282","선재도","2027-02-26","2027-02-26 07:56","774","2027-02-26 01:52","58","2027-02-26 19:59","727","2027-02-26 14:14","135"
"SO_1282","선재도","2027-02-27","2027-02-27 08:30","727","2027-02-27 02:19","99","2027-02-27 20:29","664","2027-02-27 14:47","212"
"SO_1282","선재도","2027-02-28","2027-02-28 09:11","668","2027-02-28 02:48","153","2027-02-28 21:03","594","2027-02-28 15:26","293"
"SO_1282","선재도","2027-03-01","2027-03-01 10:09","605","2027-03-01 03:25","217","2027-03-01 21:59","524","2027-03-01 16:28","368"
"SO_1282","선재도","2027-03-02","2027-03-02 12:06","567","2027-03-02 04:29","281","","","2027-03-02 19:04","393"
"SO_1282","선재도","2027-03-03","2027-03-03 00:15","486","2027-03-03 06:44","306","2027-03-03 14:08","595","2027-03-03 20:47","340"
"SO_1282","선재도","2027-03-04","2027-03-04 02:13","528","2027-03-04 08:25","262","2027-03-04 15:07","648","2027-03-04 21:34","276"
"SO_1282","선재도","2027-03-05","2027-03-05 03:10","595","2027-03-05 09:20","201","2027-03-05 15:45","697","2027-03-05 22:07","216"
"SO_1282","선재도","2027-03-06","2027-03-06 03:49","657","2027-03-06 10:00","145","2027-03-06 16:15","738","2027-03-06 22:37","164"
"SO_1282","선재도","2027-03-07","2027-03-07 04:22","709","2027-03-07 10:35","100","2027-03-07 16:43","771","2027-03-07 23:06","120"
"SO_1282","선재도","2027-03-08","2027-03-08 04:53","749","2027-03-08 11:09","67","2027-03-08 17:10","794","2027-03-08 23:34","85"
"SO_1282","선재도","2027-03-09","2027-03-09 05:23","778","2027-03-09 11:41","47","2027-03-09 17:38","807","",""
"SO_1282","선재도","2027-03-10","2027-03-10 05:54","799","2027-03-10 00:02","59","2027-03-10 18:06","808","2027-03-10 12:14","42"
"SO_1282","선재도","2027-03-11","2027-03-11 06:24","810","2027-03-11 00:30","44","2027-03-11 18:34","798","2027-03-11 12:46","52"
"SO_1282","선재도","2027-03-12","2027-03-12 06:55","812","2027-03-12 00:57","40","2027-03-12 19:03","775","2027-03-12 13:17","77"
"SO_1282","선재도","2027-03-13","2027-03-13 07:27","802","2027-03-13 01:26","48","2027-03-13 19:33","739","2027-03-13 13:50","120"
"SO_1282","선재도","2027-03-14","2027-03-14 08:04","775","2027-03-14 01:56","69","2027-03-14 20:07","690","2027-03-14 14:26","177"
"SO_1282","선재도","2027-03-15","2027-03-15 08:49","729","2027-03-15 02:30","108","2027-03-15 20:49","628","2027-03-15 15:10","246"
"SO_1282","선재도","2027-03-16","2027-03-16 09:51","672","2027-03-16 03:16","164","2027-03-16 21:54","560","2027-03-16 16:16","315"
"SO_1282","선재도","2027-03-17","2027-03-17 11:33","632","2027-03-17 04:32","223","","","2027-03-17 18:19","344"
"SO_1282","선재도","2027-03-18","2027-03-18 00:01","527","2027-03-18 06:33","238","2027-03-18 13:29","656","2027-03-18 20:14","289"
"SO_1282","선재도","2027-03-19","2027-03-19 01:57","580","2027-03-19 08:14","184","2027-03-19 14:44","720","2027-03-19 21:17","205"
"SO_1282","선재도","2027-03-20","2027-03-20 03:05","666","2027-03-20 09:21","110","2027-03-20 15:36","781","2027-03-20 22:03","128"
"SO_1282","선재도","2027-03-21","2027-03-21 03:54","745","2027-03-21 10:12","50","2027-03-21 16:18","822","2027-03-21 22:43","68"
"SO_1282","선재도","2027-03-22","2027-03-22 04:36","803","2027-03-22 10:55","14","2027-03-22 16:55","841","2027-03-22 23:19","30"
"SO_1282","선재도","2027-03-23","2027-03-23 05:14","837","2027-03-23 11:35","6","2027-03-23 17:29","839","2027-03-23 23:52","13"
"SO_1282","선재도","2027-03-24","2027-03-24 05:50","848","2027-03-24 12:12","21","2027-03-24 18:01","820","",""
"SO_1282","선재도","2027-03-25","2027-03-25 06:24","842","2027-03-25 00:22","14","2027-03-25 18:31","791","2027-03-25 12:46","55"
"SO_1282","선재도","2027-03-26","2027-03-26 06:55","822","2027-03-26 00:51","28","2027-03-26 19:00","753","2027-03-26 13:18","102"
"SO_1282","선재도","2027-03-27","2027-03-27 07:27","788","2027-03-27 01:17","55","2027-03-27 19:29","707","2027-03-27 13:49","159"
"SO_1282","선재도","2027-03-28","2027-03-28 07:59","743","2027-03-28 01:43","94","2027-03-28 19:58","654","2027-03-28 14:20","224"
"SO_1282","선재도","2027-03-29","2027-03-29 08:37","687","2027-03-29 02:12","146","2027-03-29 20:33","594","2027-03-29 14:56","292"
"SO_1282","선재도","2027-03-30","2027-03-30 09:26","625","2027-03-30 02:48","209","2027-03-30 21:26","532","2027-03-30 15:50","356"
"SO_1282","선재도","2027-03-31","2027-03-31 10:57","574","2027-03-31 03:43","276","2027-03-31 23:21","492","2027-03-31 17:57","389"
"SO_1282","선재도","2027-04-01","2027-04-01 13:07","578","2027-04-01 05:36","319","","","2027-04-01 19:58","347"
"SO_1282","선재도","2027-04-02","2027-04-02 01:29","524","2027-04-02 07:39","291","2027-04-02 14:19","623","2027-04-02 20:50","282"
"SO_1282","선재도","2027-04-03","2027-04-03 02:33","592","2027-04-03 08:42","233","2027-04-03 15:01","673","2027-04-03 21:26","217"
"SO_1282","선재도","2027-04-04","2027-04-04 03:15","660","2027-04-04 09:26","175","2027-04-04 15:34","717","2027-04-04 21:57","157"
"SO_1282","선재도","2027-04-05","2027-04-05 03:49","721","2027-04-05 10:05","125","2027-04-05 16:05","753","2027-04-05 22:27","106"
"SO_1282","선재도","2027-04-06","2027-04-06 04:22","770","2027-04-06 10:41","89","2027-04-06 16:36","777","2027-04-06 22:58","66"
"SO_1282","선재도","2027-04-07","2027-04-07 04:54","807","2027-04-07 11:17","67","2027-04-07 17:07","788","2027-04-07 23:29","39"
"SO_1282","선재도","2027-04-08","2027-04-08 05:27","831","2027-04-08 11:52","62","2027-04-08 17:38","786","",""
"SO_1282","선재도","2027-04-09","2027-04-09 06:01","843","2027-04-09 00:00","24","2027-04-09 18:11","773","2027-04-09 12:27","73"
"SO_1282","선재도","2027-04-10","2027-04-10 06:36","842","2027-04-10 00:32","22","2027-04-10 18:44","748","2027-04-10 13:03","99"
"SO_1282","선재도","2027-04-11","2027-04-11 07:13","825","2027-04-11 01:04","35","2027-04-11 19:19","713","2027-04-11 13:40","140"
"SO_1282","선재도","2027-04-12","2027-04-12 07:54","791","2027-04-12 01:40","64","2027-04-12 19:59","666","2027-04-12 14:21","194"
"SO_1282","선재도","2027-04-13","2027-04-13 08:44","740","2027-04-13 02:20","111","2027-04-13 20:50","611","2027-04-13 15:12","254"
"SO_1282","선재도","2027-04-14","2027-04-14 09:52","685","2027-04-14 03:15","171","2027-04-14 22:09","561","2027-04-14 16:28","302"
"SO_1282","선재도","2027-04-15","2027-04-15 11:28","653","2027-04-15 04:36","226","","","2027-04-15 18:15","305"
"SO_1282","선재도","2027-04-16","2027-04-16 00:05","558","2027-04-16 06:26","234","2027-04-16 13:05","670","2027-04-16 19:45","251"
"SO_1282","선재도","2027-04-17","2027-04-17 01:40","617","2027-04-17 07:55","192","2027-04-17 14:15","714","2027-04-17 20:44","180"
"SO_1282","선재도","2027-04-18","2027-04-18 02:42","695","2027-04-18 08:58","137","2027-04-18 15:05","755","2027-04-18 21:30","117"
"SO_1282","선재도","2027-04-19","2027-04-19 03:30","762","2027-04-19 09:48","95","2027-04-19 15:47","781","2027-04-19 22:09","70"
"SO_1282","선재도","2027-04-20","2027-04-20 04:11","809","2027-04-20 10:32","73","2027-04-20 16:24","790","2027-04-20 22:45","43"
"SO_1282","선재도","2027-04-21","2027-04-21 04:49","834","2027-04-21 11:11","71","2027-04-21 16:59","784","2027-04-21 23:19","33"
"SO_1282","선재도","2027-04-22","2027-04-22 05:24","841","2027-04-22 11:49","85","2027-04-22 17:32","769","2027-04-22 23:50","36"
"SO_1282","선재도","2027-04-23","2027-04-23 05:59","834","2027-04-23 12:23","110","2027-04-23 18:04","747","",""
"SO_1282","선재도","2027-04-24","2027-04-24 06:32","816","2027-04-24 00:20","49","2027-04-24 18:36","720","2027-04-24 12:57","144"
"SO_1282","선재도","2027-04-25","2027-04-25 07:04","788","2027-04-25 00:49","72","2027-04-25 19:08","688","2027-04-25 13:29","185"
"SO_1282","선재도","2027-04-26","2027-04-26 07:37","752","2027-04-26 01:18","104","2027-04-26 19:41","650","2027-04-26 14:02","230"
"SO_1282","선재도","2027-04-27","2027-04-27 08:14","708","2027-04-27 01:50","146","2027-04-27 20:19","607","2027-04-27 14:38","277"
"SO_1282","선재도","2027-04-28","2027-04-28 08:58","660","2027-04-28 02:27","198","2027-04-28 21:10","562","2027-04-28 15:27","320"
"SO_1282","선재도","2027-04-29","2027-04-29 10:01","615","2027-04-29 03:18","254","2027-04-29 22:33","531","2027-04-29 16:45","347"
"SO_1282","선재도","2027-04-30","2027-04-30 11:32","594","2027-04-30 04:37","299","","","2027-04-30 18:27","334"
"SO_1282","선재도","2027-05-01","2027-05-01 00:18","543","2027-05-01 06:22","303","2027-05-01 12:59","610","2027-05-01 19:39","284"
"SO_1282","선재도","2027-05-02","2027-05-02 01:35","596","2027-05-02 07:44","266","2027-05-02 13:58","647","2027-05-02 20:27","222"
"SO_1282","선재도","2027-05-03","2027-05-03 02:27","663","2027-05-03 08:40","216","2027-05-03 14:42","687","2027-05-03 21:06","162"
"SO_1282","선재도","2027-05-04","2027-05-04 03:08","727","2027-05-04 09:27","168","2027-05-04 15:21","720","2027-05-04 21:43","109"
"SO_1282","선재도","2027-05-05","2027-05-05 03:46","782","2027-05-05 10:09","131","2027-05-05 15:58","743","2027-05-05 22:19","68"
"SO_1282","선재도","2027-05-06","2027-05-06 04:24","823","2027-05-06 10:50","108","2027-05-06 16:35","754","2027-05-06 22:56","39"
"SO_1282","선재도","2027-05-07","2027-05-07 05:02","850","2027-05-07 11:31","100","2027-05-07 17:13","754","2027-05-07 23:33","24"
"SO_1282","선재도","2027-05-08","2027-05-08 05:41","861","2027-05-08 12:12","106","2027-05-08 17:53","745","",""
"SO_1282","선재도","2027-05-09","2027-05-09 06:23","858","2027-05-09 00:12","23","2027-05-09 18:33","727","2027-05-09 12:54","124"
"SO_1282","선재도","2027-05-10","2027-05-10 07:06","840","2027-05-10 00:52","36","2027-05-10 19:17","701","2027-05-10 13:37","153"
"SO_1282","선재도","2027-05-11","2027-05-11 07:53","808","2027-05-11 01:35","65","2027-05-11 20:05","669","2027-05-11 14:25","189"
"SO_1282","선재도","2027-05-12","2027-05-12 08:47","766","2027-05-12 02:24","109","2027-05-12 21:04","633","2027-05-12 15:20","224"
"SO_1282","선재도","2027-05-13","2027-05-13 09:49","722","2027-05-13 03:22","161","2027-05-13 22:17","608","2027-05-13 16:27","249"
"SO_1282","선재도","2027-05-14","2027-05-14 11:04","690","2027-05-14 04:35","208","2027-05-14 23:45","613","2027-05-14 17:44","248"
"SO_1282","선재도","2027-05-15","2027-05-15 12:22","681","2027-05-15 05:59","229","","","2027-05-15 18:58","219"
"SO_1282","선재도","2027-05-16","2027-05-16 01:06","652","2027-05-16 07:20","219","2027-05-16 13:30","691","2027-05-16 20:00","176"
"SO_1282","선재도","2027-05-17","2027-05-17 02:10","707","2027-05-17 08:26","193","2027-05-17 14:25","708","2027-05-17 20:49","133"
"SO_1282","선재도","2027-05-18","2027-05-18 03:01","757","2027-05-18 09:21","168","2027-05-18 15:11","722","2027-05-18 21:32","101"
"SO_1282","선재도","2027-05-19","2027-05-19 03:45","793","2027-05-19 10:08","152","2027-05-19 15:53","728","2027-05-19 22:11","81"
"SO_1282","선재도","2027-05-20","2027-05-20 04:26","813","2027-05-20 10:50","147","2027-05-20 16:32","728","2027-05-20 22:48","72"
"SO_1282","선재도","2027-05-21","2027-05-21 05:04","820","2027-05-21 11:30","151","2027-05-21 17:09","723","2027-05-21 23:23","72"
"SO_1282","선재도","2027-05-22","2027-05-22 05:40","816","2027-05-22 12:07","162","2027-05-22 17:45","714","2027-05-22 23:57","80"
"SO_1282","선재도","2027-05-23","2027-05-23 06:15","805","2027-05-23 12:42","178","2027-05-23 18:20","703","",""
"SO_1282","선재도","2027-05-24","2027-05-24 06:48","789","2027-05-24 00:29","93","2027-05-24 18:54","687","2027-05-24 13:16","198"
"SO_1282","선재도","2027-05-25","2027-05-25 07:22","768","2027-05-25 01:02","113","2027-05-25 19:29","668","2027-05-25 13:49","220"
"SO_1282","선재도","2027-05-26","2027-05-26 07:56","742","2027-05-26 01:36","140","2027-05-26 20:07","643","2027-05-26 14:24","244"
"SO_1282","선재도","2027-05-27","2027-05-27 08:34","710","2027-05-27 02:13","177","2027-05-27 20:52","615","2027-05-27 15:05","267"
"SO_1282","선재도","2027-05-28","2027-05-28 09:19","676","2027-05-28 02:58","220","2027-05-28 21:51","592","2027-05-28 15:55","284"
"SO_1282","선재도","2027-05-29","2027-05-29 10:18","645","2027-05-29 03:55","263","2027-05-29 23:07","589","2027-05-29 17:00","288"
"SO_1282","선재도","2027-05-30","2027-05-30 11:29","629","2027-05-30 05:09","290","","","2027-05-30 18:12","268"
"SO_1282","선재도","2027-05-31","2027-05-31 00:25","617","2027-05-31 06:32","289","2027-05-31 12:41","635","2027-05-31 19:16","227"
"SO_1282","선재도","2027-06-01","2027-06-01 01:30","669","2027-06-01 07:45","261","2027-06-01 13:42","656","2027-06-01 20:09","178"
"SO_1282","선재도","2027-06-02","2027-06-02 02:23","728","2027-06-02 08:45","223","2027-06-02 14:34","682","2027-06-02 20:56","129"
"SO_1282","선재도","2027-06-03","2027-06-03 03:10","783","2027-06-03 09:37","187","2027-06-03 15:22","705","2027-06-03 21:42","87"
"SO_1282","선재도","2027-06-04","2027-06-04 03:56","825","2027-06-04 10:26","160","2027-06-04 16:08","721","2027-06-04 22:27","56"
"SO_1282","선재도","2027-06-05","2027-06-05 04:42","854","2027-06-05 11:14","142","2027-06-05 16:55","732","2027-06-05 23:14","36"
"SO_1282","선재도","2027-06-06","2027-06-06 05:29","870","2027-06-06 12:02","134","2027-06-06 17:42","736","",""
"SO_1282","선재도","2027-06-07","2027-06-07 06:16","873","2027-06-07 00:00","28","2027-06-07 18:30","736","2027-06-07 12:49","132"
"SO_1282","선재도","2027-06-08","2027-06-08 07:04","864","2027-06-08 00:48","32","2027-06-08 19:18","728","2027-06-08 13:36","138"
"SO_1282","선재도","2027-06-09","2027-06-09 07:52","842","2027-06-09 01:35","52","2027-06-09 20:08","714","2027-06-09 14:23","151"
"SO_1282","선재도","2027-06-10","2027-06-10 08:39","810","2027-06-10 02:25","87","2027-06-10 21:01","696","2027-06-10 15:12","166"
"SO_1282","선재도","2027-06-11","2027-06-11 09:29","767","2027-06-11 03:16","136","2027-06-11 22:00","675","2027-06-11 16:03","186"
"SO_1282","선재도","2027-06-12","2027-06-12 10:24","721","2027-06-12 04:13","191","2027-06-12 23:09","664","2027-06-12 17:00","201"
"SO_1282","선재도","2027-06-13","2027-06-13 11:27","681","2027-06-13 05:20","240","","","2027-06-13 18:02","206"
"SO_1282","선재도","2027-06-14","2027-06-14 00:23","672","2027-06-14 06:36","267","2027-06-14 12:35","657","2027-06-14 19:07","196"
"SO_1282","선재도","2027-06-15","2027-06-15 01:34","698","2027-06-15 07:52","268","2027-06-15 13:41","652","2027-06-15 20:07","175"
"SO_1282","선재도","2027-06-16","2027-06-16 02:34","732","2027-06-16 08:56","251","2027-06-16 14:39","661","2027-06-16 20:59","152"
"SO_1282","선재도","2027-06-17","2027-06-17 03:24","764","2027-06-17 09:49","230","2027-06-17 15:29","675","2027-06-17 21:45","131"
"SO_1282","선재도","2027-06-18","2027-06-18 04:10","786","2027-06-18 10:36","212","2027-06-18 16:14","689","2027-06-18 22:27","116"
"SO_1282","선재도","2027-06-19","2027-06-19 04:50","799","2027-06-19 11:17","200","2027-06-19 16:54","701","2027-06-19 23:06","106"
"SO_1282","선재도","2027-06-20","2027-06-20 05:28","805","2027-06-20 11:55","193","2027-06-20 17:32","710","2027-06-20 23:43","101"
"SO_1282","선재도","2027-06-21","2027-06-21 06:02","805","2027-06-21 12:29","190","2027-06-21 18:08","714","",""
"SO_1282","선재도","2027-06-22","2027-06-22 06:34","802","2027-06-22 00:17","102","2027-06-22 18:42","713","2027-06-22 13:02","190"
"SO_1282","선재도","2027-06-23","2027-06-23 07:05","796","2027-06-23 00:51","109","2027-06-23 19:15","707","2027-06-23 13:33","193"
"SO_1282","선재도","2027-06-24","2027-06-24 07:35","784","2027-06-24 01:24","124","2027-06-24 19:50","695","2027-06-24 14:04","199"
"SO_1282","선재도","2027-06-25","2027-06-25 08:07","764","2027-06-25 01:58","150","2027-06-25 20:28","679","2027-06-25 14:37","209"
"SO_1282","선재도","2027-06-26","2027-06-26 08:43","736","2027-06-26 02:37","185","2027-06-26 21:13","661","2027-06-26 15:14","220"
"SO_1282","선재도","2027-06-27","2027-06-27 09:25","701","2027-06-27 03:21","228","2027-06-27 22:09","648","2027-06-27 16:00","232"
"SO_1282","선재도","2027-06-28","2027-06-28 10:18","664","2027-06-28 04:16","270","2027-06-28 23:18","651","2027-06-28 16:55","237"
"SO_1282","선재도","2027-06-29","2027-06-29 11:25","638","2027-06-29 05:25","300","","","2027-06-29 18:02","227"
"SO_1282","선재도","2027-06-30","2027-06-30 00:32","677","2027-06-30 06:48","303","2027-06-30 12:40","631","2027-06-30 19:11","200"
"SO_1282","선재도","2027-07-01","2027-07-01 01:41","721","2027-07-01 08:06","280","2027-07-01 13:51","645","2027-07-01 20:15","159"
"SO_1282","선재도","2027-07-02","2027-07-02 02:41","771","2027-07-02 09:12","243","2027-07-02 14:54","672","2027-07-02 21:14","115"
"SO_1282","선재도","2027-07-03","2027-07-03 03:38","817","2027-07-03 10:11","204","2027-07-03 15:52","704","2027-07-03 22:10","74"
"SO_1282","선재도","2027-07-04","2027-07-04 04:31","856","2027-07-04 11:05","167","2027-07-04 16:45","735","2027-07-04 23:04","40"
"SO_1282","선재도","2027-07-05","2027-07-05 05:22","883","2027-07-05 11:55","134","2027-07-05 17:36","762","2027-07-05 23:55","18"
"SO_1282","선재도","2027-07-06","2027-07-06 06:10","898","2027-07-06 12:42","110","2027-07-06 18:25","781","",""
"SO_1282","선재도","2027-07-07","2027-07-07 06:55","898","2027-07-07 00:43","12","2027-07-07 19:11","788","2027-07-07 13:25","97"
"SO_1282","선재도","2027-07-08","2027-07-08 07:37","880","2027-07-08 01:29","26","2027-07-08 19:55","781","2027-07-08 14:06","98"
"SO_1282","선재도","2027-07-09","2027-07-09 08:17","845","2027-07-09 02:13","63","2027-07-09 20:41","761","2027-07-09 14:46","112"
"SO_1282","선재도","2027-07-10","2027-07-10 08:57","795","2027-07-10 02:56","121","2027-07-10 21:29","731","2027-07-10 15:26","139"
"SO_1282","선재도","2027-07-11","2027-07-11 09:39","735","2027-07-11 03:42","191","2027-07-11 22:25","697","2027-07-11 16:10","174"
"SO_1282","선재도","2027-07-12","2027-07-12 10:29","673","2027-07-12 04:36","264","2027-07-12 23:35","673","2027-07-12 17:03","209"
"SO_1282","선재도","2027-07-13","2027-07-13 11:35","622","2027-07-13 05:48","321","","","2027-07-13 18:11","232"
"SO_1282","선재도","2027-07-14","2027-07-14 00:57","672","2027-07-14 07:19","340","2027-07-14 12:58","599","2027-07-14 19:28","231"
"SO_1282","선재도","2027-07-15","2027-07-15 02:14","697","2027-07-15 08:41","319","2027-07-15 14:16","611","2027-07-15 20:35","207"
"SO_1282","선재도","2027-07-16","2027-07-16 03:14","733","2027-07-16 09:41","282","2027-07-16 15:16","643","2027-07-16 21:29","175"
"SO_1282","선재도","2027-07-17","2027-07-17 04:01","766","2027-07-17 10:27","245","2027-07-17 16:04","678","2027-07-17 22:15","145"
"SO_1282","선재도","2027-07-18","2027-07-18 04:41","791","2027-07-18 11:06","216","2027-07-18 16:44","709","2027-07-18 22:55","120"
"SO_1282","선재도","2027-07-19","2027-07-19 05:15","808","2027-07-19 11:41","192","2027-07-19 17:19","732","2027-07-19 23:31","103"
"SO_1282","선재도","2027-07-20","2027-07-20 05:46","819","2027-07-20 12:12","175","2027-07-20 17:52","747","",""
"SO_1282","선재도","2027-07-21","2027-07-21 06:15","825","2027-07-21 00:05","93","2027-07-21 18:24","754","2027-07-21 12:42","161"
"SO_1282","선재도","2027-07-22","2027-07-22 06:42","825","2027-07-22 00:37","93","2027-07-22 18:55","755","2027-07-22 13:10","153"
"SO_1282","선재도","2027-07-23","2027-07-23 07:10","819","2027-07-23 01:08","103","2027-07-23 19:26","751","2027-07-23 13:37","150"
"SO_1282","선재도","2027-07-24","2027-07-24 07:38","802","2027-07-24 01:40","125","2027-07-24 19:59","740","2027-07-24 14:06","154"
"SO_1282","선재도","2027-07-25","2027-07-25 08:09","774","2027-07-25 02:13","160","2027-07-25 20:37","724","2027-07-25 14:37","166"
"SO_1282","선재도","2027-07-26","2027-07-26 08:44","735","2027-07-26 02:50","205","2027-07-26 21:23","704","2027-07-26 15:12","184"
"SO_1282","선재도","2027-07-27","2027-07-27 09:26","687","2027-07-27 03:34","257","2027-07-27 22:22","685","2027-07-27 15:58","207"
"SO_1282","선재도","2027-07-28","2027-07-28 10:24","638","2027-07-28 04:34","308","2027-07-28 23:41","680","2027-07-28 17:01","225"
"SO_1282","선재도","2027-07-29","2027-07-29 11:47","606","2027-07-29 05:59","339","","","2027-07-29 18:23","224"
"SO_1282","선재도","2027-07-30","2027-07-30 01:08","703","2027-07-30 07:39","326","2027-07-30 13:22","612","2027-07-30 19:48","191"
"SO_1282","선재도","2027-07-31","2027-07-31 02:26","753","2027-07-31 09:01","277","2027-07-31 14:42","654","2027-07-31 21:01","137"
"SO_1282","선재도","2027-08-01","2027-08-01 03:29","811","2027-08-01 10:03","215","2027-08-01 15:45","712","2027-08-01 22:03","78"
"SO_1282","선재도","2027-08-02","2027-08-02 04:24","864","2027-08-02 10:55","154","2027-08-02 16:38","768","2027-08-02 22:57","28"
"SO_1282","선재도","2027-08-03","2027-08-03 05:11","902","2027-08-03 11:42","104","2027-08-03 17:26","812","2027-08-03 23:46","-3"
"SO_1282","선재도","2027-08-04","2027-08-04 05:55","920","2027-08-04 12:24","68","2027-08-04 18:11","839","",""
"SO_1282","선재도","2027-08-05","2027-08-05 06:35","917","2027-08-05 00:31","-9","2027-08-05 18:52","847","2027-08-05 13:02","51"
"SO_1282","선재도","2027-08-06","2027-08-06 07:12","894","2027-08-06 01:12","12","2027-08-06 19:32","836","2027-08-06 13:38","53"
"SO_1282","선재도","2027-08-07","2027-08-07 07:46","852","2027-08-07 01:51","58","2027-08-07 20:11","807","2027-08-07 14:12","74"
"SO_1282","선재도","2027-08-08","2027-08-08 08:20","795","2027-08-08 02:29","125","2027-08-08 20:52","765","2027-08-08 14:45","112"
"SO_1282","선재도","2027-08-09","2027-08-09 08:55","728","2027-08-09 03:07","205","2027-08-09 21:40","712","2027-08-09 15:20","162"
"SO_1282","선재도","2027-08-10","2027-08-10 09:36","655","2027-08-10 03:54","289","2027-08-10 22:45","662","2027-08-10 16:05","219"
"SO_1282","선재도","2027-08-11","2027-08-11 10:37","588","2027-08-11 05:01","362","","","2027-08-11 17:13","270"
"SO_1282","선재도","2027-08-12","2027-08-12 00:24","639","2027-08-12 06:57","389","2027-08-12 12:24","553","2027-08-12 18:55","284"
"SO_1282","선재도","2027-08-13","2027-08-13 02:02","663","2027-08-13 08:36","353","2027-08-13 14:05","579","2027-08-13 20:21","251"
"SO_1282","선재도","2027-08-14","2027-08-14 03:06","710","2027-08-14 09:32","297","2027-08-14 15:08","633","2027-08-14 21:19","202"
"SO_1282","선재도","2027-08-15","2027-08-15 03:49","754","2027-08-15 10:13","245","2027-08-15 15:52","687","2027-08-15 22:03","155"
"SO_1282","선재도","2027-08-16","2027-08-16 04:24","788","2027-08-16 10:46","201","2027-08-16 16:28","732","2027-08-16 22:40","118"
"SO_1282","선재도","2027-08-17","2027-08-17 04:54","813","2027-08-17 11:17","166","2027-08-17 17:01","764","2027-08-17 23:14","93"
"SO_1282","선재도","2027-08-18","2027-08-18 05:22","830","2027-08-18 11:46","138","2027-08-18 17:32","785","2027-08-18 23:46","79"
"SO_1282","선재도","2027-08-19","2027-08-19 05:49","838","2027-08-19 12:14","118","2027-08-19 18:01","797","",""
"SO_1282","선재도","2027-08-20","2027-08-20 06:16","839","2027-08-20 00:17","77","2027-08-20 18:31","801","2027-08-20 12:41","106"
"SO_1282","선재도","2027-08-21","2027-08-21 06:42","830","2027-08-21 00:48","88","2027-08-21 19:00","799","2027-08-21 13:08","103"
"SO_1282","선재도","2027-08-22","2027-08-22 07:09","810","2027-08-22 01:19","111","2027-08-22 19:31","789","2027-08-22 13:34","108"
"SO_1282","선재도","2027-08-23","2027-08-23 07:38","778","2027-08-23 01:50","148","2027-08-23 20:05","771","2027-08-23 14:03","124"
"SO_1282","선재도","2027-08-24","2027-08-24 08:09","736","2027-08-24 02:24","196","2027-08-24 20:46","742","2027-08-24 14:34","149"
"SO_1282","선재도","2027-08-25","2027-08-25 08:47","682","2027-08-25 03:04","255","2027-08-25 21:42","703","2027-08-25 15:16","186"
"SO_1282","선재도","2027-08-26","2027-08-26 09:42","622","2027-08-26 03:59","317","2027-08-26 23:06","672","2027-08-26 16:18","227"
"SO_1282","선재도","2027-08-27","2027-08-27 11:16","576","2027-08-27 05:32","360","","","2027-08-27 17:55","246"
"SO_1282","선재도","2027-08-28","2027-08-28 00:53","684","2027-08-28 07:34","339","2027-08-28 13:16","592","2027-08-28 19:39","210"
"SO_1282","선재도","2027-08-29","2027-08-29 02:19","741","2027-08-29 08:55","267","2027-08-29 14:39","661","2027-08-29 20:56","139"
"SO_1282","선재도","2027-08-30","2027-08-30 03:21","810","2027-08-30 09:51","186","2027-08-30 15:37","742","2027-08-30 21:55","68"
"SO_1282","선재도","2027-08-31","2027-08-31 04:09","868","2027-08-31 10:37","113","2027-08-31 16:26","811","2027-08-31 22:45","15"
"SO_1282","선재도","2027-09-01","2027-09-01 04:52","903","2027-09-01 11:19","59","2027-09-01 17:09","859","2027-09-01 23:30","-11"
"SO_1282","선재도","2027-09-02","2027-09-02 05:31","914","2027-09-02 11:57","27","2027-09-02 17:50","882","",""
"SO_1282","선재도","2027-09-03","2027-09-03 06:07","902","2027-09-03 00:11","-8","2027-09-03 18:28","883","2027-09-03 12:32","16"
"SO_1282","선재도","2027-09-04","2027-09-04 06:41","870","2027-09-04 00:50","23","2027-09-04 19:04","863","2027-09-04 13:04","27"
"SO_1282","선재도","2027-09-05","2027-09-05 07:13","824","2027-09-05 01:25","75","2027-09-05 19:40","827","2027-09-05 13:35","55"
"SO_1282","선재도","2027-09-06","2027-09-06 07:44","767","2027-09-06 02:00","143","2027-09-06 20:16","777","2027-09-06 14:04","99"
"SO_1282","선재도","2027-09-07","2027-09-07 08:16","702","2027-09-07 02:35","221","2027-09-07 20:58","715","2027-09-07 14:36","156"
"SO_1282","선재도","2027-09-08","2027-09-08 08:53","630","2027-09-08 03:17","303","2027-09-08 21:57","651","2027-09-08 15:14","223"
"SO_1282","선재도","2027-09-09","2027-09-09 09:51","560","2027-09-09 04:20","376","2027-09-09 23:44","611","2027-09-09 16:17","290"
"SO_1282","선재도","2027-09-10","2027-09-10 11:54","523","2027-09-10 06:35","403","","","2027-09-10 18:21","318"
"SO_1282","선재도","2027-09-11","2027-09-11 01:40","631","2027-09-11 08:19","354","2027-09-11 13:49","562","2027-09-11 20:03","278"
"SO_1282","선재도","2027-09-12","2027-09-12 02:44","682","2027-09-12 09:10","289","2027-09-12 14:49","630","2027-09-12 21:00","218"
"SO_1282","선재도","2027-09-13","2027-09-13 03:24","731","2027-09-13 09:45","227","2027-09-13 15:30","695","2027-09-13 21:42","163"
"SO_1282","선재도","2027-09-14","2027-09-14 03:56","771","2027-09-14 10:16","173","2027-09-14 16:04","749","2027-09-14 22:17","119"
"SO_1282","선재도","2027-09-15","2027-09-15 04:24","801","2027-09-15 10:45","130","2027-09-15 16:36","788","2027-09-15 22:51","90"
"SO_1282","선재도","2027-09-16","2027-09-16 04:51","820","2027-09-16 11:13","96","2027-09-16 17:06","814","2027-09-16 23:23","74"
"SO_1282","선재도","2027-09-17","2027-09-17 05:19","828","2027-09-17 11:42","74","2027-09-17 17:35","829","2027-09-17 23:55","72"
"SO_1282","선재도","2027-09-18","2027-09-18 05:46","825","2027-09-18 12:09","63","2027-09-18 18:05","835","",""
"SO_1282","선재도","2027-09-19","2027-09-19 06:14","811","2027-09-19 00:27","83","2027-09-19 18:35","833","2027-09-19 12:37","63"
"SO_1282","선재도","2027-09-20","2027-09-20 06:42","787","2027-09-20 00:58","108","2027-09-20 19:06","821","2027-09-20 13:05","72"
"SO_1282","선재도","2027-09-21","2027-09-21 07:12","753","2027-09-21 01:30","146","2027-09-21 19:41","796","2027-09-21 13:34","93"
"SO_1282","선재도","2027-09-22","2027-09-22 07:45","709","2027-09-22 02:05","196","2027-09-22 20:24","757","2027-09-22 14:08","126"
"SO_1282","선재도","2027-09-23","2027-09-23 08:25","654","2027-09-23 02:47","255","2027-09-23 21:21","706","2027-09-23 14:51","175"
"SO_1282","선재도","2027-09-24","2027-09-24 09:26","593","2027-09-24 03:47","317","2027-09-24 22:50","664","2027-09-24 15:59","229"
"SO_1282","선재도","2027-09-25","2027-09-25 11:16","556","2027-09-25 05:31","349","","","2027-09-25 17:47","252"
"SO_1282","선재도","2027-09-26","2027-09-26 00:43","675","2027-09-26 07:28","307","2027-09-26 13:16","597","2027-09-26 19:33","208"
"SO_1282","선재도","2027-09-27","2027-09-27 02:05","733","2027-09-27 08:38","224","2027-09-27 14:29","684","2027-09-27 20:45","134"
"SO_1282","선재도","2027-09-28","2027-09-28 03:01","797","2027-09-28 09:28","141","2027-09-28 15:22","770","2027-09-28 21:40","68"
"SO_1282","선재도","2027-09-29","2027-09-29 03:46","844","2027-09-29 10:11","73","2027-09-29 16:06","837","2027-09-29 22:27","26"
"SO_1282","선재도","2027-09-30","2027-09-30 04:26","868","2027-09-30 10:49","27","2027-09-30 16:47","877","2027-09-30 23:09","11"
"SO_1282","선재도","2027-10-01","2027-10-01 05:03","869","2027-10-01 11:25","4","2027-10-01 17:26","892","2027-10-01 23:49","23"
"SO_1282","선재도","2027-10-02","2027-10-02 05:38","850","2027-10-02 11:59","3","2027-10-02 18:02","885","",""
"SO_1282","선재도","2027-10-03","2027-10-03 06:11","817","2027-10-03 00:26","56","2027-10-03 18:37","861","2027-10-03 12:31","20"
"SO_1282","선재도","2027-10-04","2027-10-04 06:43","775","2027-10-04 01:01","104","2027-10-04 19:11","823","2027-10-04 13:01","52"
"SO_1282","선재도","2027-10-05","2027-10-05 07:14","726","2027-10-05 01:35","163","2027-10-05 19:46","773","2027-10-05 13:30","95"
"SO_1282","선재도","2027-10-06","2027-10-06 07:47","670","2027-10-06 02:10","228","2027-10-06 20:25","714","2027-10-06 14:01","150"
"SO_1282","선재도","2027-10-07","2027-10-07 08:25","610","2027-10-07 02:49","295","2027-10-07 21:16","651","2027-10-07 14:38","215"
"SO_1282","선재도","2027-10-08","2027-10-08 09:21","550","2027-10-08 03:47","355","2027-10-08 22:44","601","2027-10-08 15:34","282"
"SO_1282","선재도","2027-10-09","2027-10-09 11:12","516","2027-10-09 05:42","382","","","2027-10-09 17:24","324"
"SO_1282","선재도","2027-10-10","2027-10-10 00:43","600","2027-10-10 07:31","344","2027-10-10 13:10","548","2027-10-10 19:20","299"
"SO_1282","선재도","2027-10-11","2027-10-11 01:57","640","2027-10-11 08:26","280","2027-10-11 14:15","616","2027-10-11 20:25","243"
"SO_1282","선재도","2027-10-12","2027-10-12 02:42","687","2027-10-12 09:05","214","2027-10-12 14:58","686","2027-10-12 21:10","186"
"SO_1282","선재도","2027-10-13","2027-10-13 03:16","729","2027-10-13 09:37","154","2027-10-13 15:33","746","2027-10-13 21:48","139"
"SO_1282","선재도","2027-10-14","2027-10-14 03:47","762","2027-10-14 10:07","105","2027-10-14 16:06","792","2027-10-14 22:23","105"
"SO_1282","선재도","2027-10-15","2027-10-15 04:17","782","2027-10-15 10:37","69","2027-10-15 16:37","825","2027-10-15 22:58","85"
"SO_1282","선재도","2027-10-16","2027-10-16 04:47","790","2027-10-16 11:07","45","2027-10-16 17:08","844","2027-10-16 23:32","81"
"SO_1282","선재도","2027-10-17","2027-10-17 05:18","787","2027-10-17 11:38","35","2027-10-17 17:40","852","",""
"SO_1282","선재도","2027-10-18","2027-10-18 05:49","772","2027-10-18 00:06","90","2027-10-18 18:13","849","2027-10-18 12:09","35"
"SO_1282","선재도","2027-10-19","2027-10-19 06:22","749","2027-10-19 00:41","112","2027-10-19 18:49","833","2027-10-19 12:41","47"
"SO_1282","선재도","2027-10-20","2027-10-20 06:57","718","2027-10-20 01:17","146","2027-10-20 19:29","804","2027-10-20 13:16","71"
"SO_1282","선재도","2027-10-21","2027-10-21 07:35","678","2027-10-21 01:57","191","2027-10-21 20:15","761","2027-10-21 13:56","110"
"SO_1282","선재도","2027-10-22","2027-10-22 08:24","629","2027-10-22 02:45","241","2027-10-22 21:16","710","2027-10-22 14:46","162"
"SO_1282","선재도","2027-10-23","2027-10-23 09:34","583","2027-10-23 03:52","285","2027-10-23 22:40","672","2027-10-23 15:58","215"
"SO_1282","선재도","2027-10-24","2027-10-24 11:19","570","2027-10-24 05:26","296","","","2027-10-24 17:39","236"
"SO_1282","선재도","2027-10-25","2027-10-25 00:18","674","2027-10-25 06:59","254","2027-10-25 12:59","619","2027-10-25 19:13","204"
"SO_1282","선재도","2027-10-26","2027-10-26 01:34","711","2027-10-26 08:05","184","2027-10-26 14:08","697","2027-10-26 20:23","149"
"SO_1282","선재도","2027-10-27","2027-10-27 02:30","754","2027-10-27 08:56","114","2027-10-27 15:00","772","2027-10-27 21:18","101"
"SO_1282","선재도","2027-10-28","2027-10-28 03:16","785","2027-10-28 09:39","60","2027-10-28 15:44","828","2027-10-28 22:05","72"
"SO_1282","선재도","2027-10-29","2027-10-29 03:57","799","2027-10-29 10:18","26","2027-10-29 16:25","859","2027-10-29 22:48","64"
"SO_1282","선재도","2027-10-30","2027-10-30 04:35","796","2027-10-30 10:54","12","2027-10-30 17:03","868","2027-10-30 23:28","75"
"SO_1282","선재도","2027-10-31","2027-10-31 05:11","780","2027-10-31 11:29","16","2027-10-31 17:39","858","",""
"SO_1282","선재도","2027-11-01","2027-11-01 05:46","755","2027-11-01 00:06","99","2027-11-01 18:15","836","2027-11-01 12:02","32"
"SO_1282","선재도","2027-11-02","2027-11-02 06:20","726","2027-11-02 00:42","134","2027-11-02 18:50","805","2027-11-02 12:34","59"
"SO_1282","선재도","2027-11-03","2027-11-03 06:54","692","2027-11-03 01:17","174","2027-11-03 19:24","766","2027-11-03 13:05","93"
"SO_1282","선재도","2027-11-04","2027-11-04 07:29","655","2027-11-04 01:52","218","2027-11-04 20:01","720","2027-11-04 13:38","137"
"SO_1282","선재도","2027-11-05","2027-11-05 08:08","613","2027-11-05 02:29","262","2027-11-05 20:44","671","2027-11-05 14:15","189"
"SO_1282","선재도","2027-11-06","2027-11-06 08:59","569","2027-11-06 03:17","303","2027-11-06 21:43","623","2027-11-06 15:04","246"
"SO_1282","선재도","2027-11-07","2027-11-07 10:17","537","2027-11-07 04:28","330","2027-11-07 23:07","593","2027-11-07 16:19","295"
"SO_1282","선재도","2027-11-08","2027-11-08 11:59","544","2027-11-08 06:03","322","","","2027-11-08 18:02","307"
"SO_1282","선재도","2027-11-09","2027-11-09 00:37","600","2027-11-09 07:18","277","2027-11-09 13:20","594","2027-11-09 19:28","276"
"SO_1282","선재도","2027-11-10","2027-11-10 01:41","631","2027-11-10 08:09","218","2027-11-10 14:13","659","2027-11-10 20:26","227"
"SO_1282","선재도","2027-11-11","2027-11-11 02:27","668","2027-11-11 08:49","160","2027-11-11 14:55","721","2027-11-11 21:12","180"
"SO_1282","선재도","2027-11-12","2027-11-12 03:05","700","2027-11-12 09:25","108","2027-11-12 15:32","773","2027-11-12 21:53","142"
"SO_1282","선재도","2027-11-13","2027-11-13 03:41","724","2027-11-13 10:00","69","2027-11-13 16:07","812","2027-11-13 22:32","117"
"SO_1282","선재도","2027-11-14","2027-11-14 04:17","737","2027-11-14 10:35","41","2027-11-14 16:43","838","2027-11-14 23:11","105"
"SO_1282","선재도","2027-11-15","2027-11-15 04:54","740","2027-11-15 11:12","25","2027-11-15 17:20","850","2027-11-15 23:50","105"
"SO_1282","선재도","2027-11-16","2027-11-16 05:31","735","2027-11-16 11:49","21","2027-11-16 17:59","850","",""
"SO_1282","선재도","2027-11-17","2027-11-17 06:10","722","2027-11-17 00:31","116","2027-11-17 18:41","838","2027-11-17 12:29","29"
"SO_1282","선재도","2027-11-18","2027-11-18 06:52","702","2027-11-18 01:13","137","2027-11-18 19:25","812","2027-11-18 13:10","50"
"SO_1282","선재도","2027-11-19","2027-11-19 07:38","675","2027-11-19 01:58","164","2027-11-19 20:15","776","2027-11-19 13:57","85"
"SO_1282","선재도","2027-11-20","2027-11-20 08:31","644","2027-11-20 02:48","194","2027-11-20 21:11","733","2027-11-20 14:50","131"
"SO_1282","선재도","2027-11-21","2027-11-21 09:37","616","2027-11-21 03:48","219","2027-11-21 22:18","693","2027-11-21 15:55","180"
"SO_1282","선재도","2027-11-22","2027-11-22 10:59","610","2027-11-22 04:58","226","2027-11-22 23:34","670","2027-11-22 17:14","214"
"SO_1282","선재도","2027-11-23","2027-11-23 12:25","636","2027-11-23 06:13","208","","","2027-11-23 18:38","217"
"SO_1282","선재도","2027-11-24","2027-11-24 00:49","670","2027-11-24 07:21","170","2027-11-24 13:36","687","2027-11-24 19:53","196"
"SO_1282","선재도","2027-11-25","2027-11-25 01:52","685","2027-11-25 08:18","125","2027-11-25 14:34","742","2027-11-25 20:53","167"
"SO_1282","선재도","2027-11-26","2027-11-26 02:45","702","2027-11-26 09:06","87","2027-11-26 15:22","785","2027-11-26 21:45","143"
"SO_1282","선재도","2027-11-27","2027-11-27 03:31","714","2027-11-27 09:49","60","2027-11-27 16:06","811","2027-11-27 22:31","131"
"SO_1282","선재도","2027-11-28","2027-11-28 04:13","719","2027-11-28 10:30","48","2027-11-28 16:46","821","2027-11-28 23:13","130"
"SO_1282","선재도","2027-11-29","2027-11-29 04:53","717","2027-11-29 11:08","46","2027-11-29 17:25","818","2027-11-29 23:52","138"
"SO_1282","선재도","2027-11-30","2027-11-30 05:31","710","2027-11-30 11:43","53","2027-11-30 18:01","806","",""
"SO_1282","선재도","2027-12-01","2027-12-01 06:07","700","2027-12-01 00:29","152","2027-12-01 18:36","789","2027-12-01 12:18","66"
"SO_1282","선재도","2027-12-02","2027-12-02 06:42","686","2027-12-02 01:04","170","2027-12-02 19:09","767","2027-12-02 12:51","85"
"SO_1282","선재도","2027-12-03","2027-12-03 07:16","668","2027-12-03 01:36","190","2027-12-03 19:42","740","2027-12-03 13:24","112"
"SO_1282","선재도","2027-12-04","2027-12-04 07:53","645","2027-12-04 02:10","212","2027-12-04 20:17","706","2027-12-04 14:00","149"
"SO_1282","선재도","2027-12-05","2027-12-05 08:35","616","2027-12-05 02:47","235","2027-12-05 20:57","668","2027-12-05 14:40","194"
"SO_1282","선재도","2027-12-06","2027-12-06 09:27","587","2027-12-06 03:31","256","2027-12-06 21:48","628","2027-12-06 15:32","244"
"SO_1282","선재도","2027-12-07","2027-12-07 10:38","570","2027-12-07 04:29","269","2027-12-07 22:56","597","2027-12-07 16:40","285"
"SO_1282","선재도","2027-12-08","2027-12-08 12:02","583","2027-12-08 05:42","264","","","2027-12-08 18:07","298"
"SO_1282","선재도","2027-12-09","2027-12-09 00:15","589","2027-12-09 06:53","234","2027-12-09 13:14","625","2027-12-09 19:28","277"
"SO_1282","선재도","2027-12-10","2027-12-10 01:24","605","2027-12-10 07:51","189","2027-12-10 14:10","681","2027-12-10 20:31","238"
"SO_1282","선재도","2027-12-11","2027-12-11 02:19","632","2027-12-11 08:40","140","2027-12-11 14:57","735","2027-12-11 21:22","196"
"SO_1282","선재도","2027-12-12","2027-12-12 03:07","661","2027-12-12 09:25","94","2027-12-12 15:41","782","2027-12-12 22:09","161"
"SO_1282","선재도","2027-12-13","2027-12-13 03:52","686","2027-12-13 10:09","56","2027-12-13 16:24","817","2027-12-13 22:55","135"
"SO_1282","선재도","2027-12-14","2027-12-14 04:37","706","2027-12-14 10:54","28","2027-12-14 17:08","841","2027-12-14 23:41","116"
"SO_1282","선재도","2027-12-15","2027-12-15 05:22","720","2027-12-15 11:39","10","2027-12-15 17:53","852","",""
"SO_1282","선재도","2027-12-16","2027-12-16 06:07","728","2027-12-16 00:25","106","2027-12-16 18:38","851","2027-12-16 12:25","4"
"SO_1282","선재도","2027-12-17","2027-12-17 06:52","728","2027-12-17 01:10","103","2027-12-17 19:23","837","2027-12-17 13:11","14"
"SO_1282","선재도","2027-12-18","2027-12-18 07:39","719","2027-12-18 01:54","109","2027-12-18 20:08","809","2027-12-18 13:57","41"
"SO_1282","선재도","2027-12-19","2027-12-19 08:28","701","2027-12-19 02:39","122","2027-12-19 20:54","767","2027-12-19 14:45","86"
"SO_1282","선재도","2027-12-20","2027-12-20 09:21","676","2027-12-20 03:26","142","2027-12-20 21:44","716","2027-12-20 15:38","144"
"SO_1282","선재도","2027-12-21","2027-12-21 10:24","653","2027-12-21 04:18","164","2027-12-21 22:43","664","2027-12-21 16:39","204"
"SO_1282","선재도","2027-12-22","2027-12-22 11:39","643","2027-12-22 05:18","182","2027-12-22 23:53","625","2027-12-22 17:53","249"
"SO_1282","선재도","2027-12-23","2027-12-23 12:59","657","2027-12-23 06:28","186","","","2027-12-23 19:18","262"
"SO_1282","선재도","2027-12-24","2027-12-24 01:08","610","2027-12-24 07:37","171","2027-12-24 14:09","690","2027-12-24 20:33","246"
"SO_1282","선재도","2027-12-25","2027-12-25 02:16","618","2027-12-25 08:38","144","2027-12-25 15:08","726","2027-12-25 21:33","217"
"SO_1282","선재도","2027-12-26","2027-12-26 03:14","639","2027-12-26 09:30","116","2027-12-26 15:57","756","2027-12-26 22:23","190"
"SO_1282","선재도","2027-12-27","2027-12-27 04:02","662","2027-12-27 10:16","93","2027-12-27 16:40","776","2027-12-27 23:06","170"
"SO_1282","선재도","2027-12-28","2027-12-28 04:44","683","2027-12-28 10:57","76","2027-12-28 17:18","787","2027-12-28 23:44","158"
"SO_1282","선재도","2027-12-29","2027-12-29 05:22","697","2027-12-29 11:34","66","2027-12-29 17:52","790","",""
"SO_1282","선재도","2027-12-30","2027-12-30 05:57","706","2027-12-30 00:19","151","2027-12-30 18:23","788","2027-12-30 12:08","63"
"SO_1282","선재도","2027-12-31","2027-12-31 06:30","709","2027-12-31 00:50","149","2027-12-31 18:52","781","2027-12-31 12:41","68"
"SO_1283","사천진항","2027-01-01","2027-01-01 10:49","11","2027-01-01 04:38","2","2027-01-01 22:32","16","2027-01-01 16:06","7"
"SO_1283","사천진항","2027-01-02","2027-01-02 12:53","11","2027-01-02 05:46","","2027-01-02 23:16","18","2027-01-02 17:10","10"
"SO_1283","사천진항","2027-01-03","2027-01-03 15:50","13","2027-01-03 06:42","-2","2027-01-03 23:55","20","2027-01-03 17:59","12"
"SO_1283","사천진항","2027-01-04","2027-01-04 16:21","15","2027-01-04 07:32","-3","","","2027-01-04 18:38","14"
"SO_1283","사천진항","2027-01-05","2027-01-05 00:34","23","2027-01-05 08:19","-3","2027-01-05 16:33","16","2027-01-05 19:11","15"
"SO_1283","사천진항","2027-01-06","2027-01-06 01:12","25","2027-01-06 09:02","-3","2027-01-06 16:38","17","2027-01-06 19:44","15"
"SO_1283","사천진항","2027-01-07","2027-01-07 01:49","26","2027-01-07 09:42","-4","2027-01-07 16:50","17","2027-01-07 20:17","14"
"SO_1283","사천진항","2027-01-08","2027-01-08 02:27","26","2027-01-08 10:17","-4","2027-01-08 17:07","17","2027-01-08 20:55","13"
"SO_1283","사천진항","2027-01-09","2027-01-09 00:00","31","2027-01-09 00:00","18","2027-01-09 03:04","26","2027-01-09 10:49","-5"
"SO_1283","사천진항","2027-01-10","2027-01-10 00:00","20","2027-01-10 00:00","2","2027-01-10 03:40","25","2027-01-10 11:17","-5"
"SO_1283","사천진항","2027-01-11","2027-01-11 04:16","23","2027-01-11 11:43","-5","2027-01-11 18:07","14","2027-01-11 23:04","8"
"SO_1283","사천진항","2027-01-12","2027-01-12 04:54","21","2027-01-12 12:08","-5","2027-01-12 18:25","13","2027-01-12 23:50","7"
"SO_1283","사천진항","2027-01-13","2027-01-13 05:35","19","2027-01-13 12:33","-3","2027-01-13 18:48","14","",""
"SO_1283","사천진항","2027-01-14","2027-01-14 06:19","17","2027-01-14 00:37","6","2027-01-14 19:15","15","2027-01-14 12:59","-1"
"SO_1283","사천진항","2027-01-15","2027-01-15 07:09","14","2027-01-15 01:31","5","2027-01-15 19:48","17","2027-01-15 13:26","3"
"SO_1283","사천진항","2027-01-16","2027-01-16 08:14","13","2027-01-16 02:43","4","2027-01-16 20:29","19","2027-01-16 13:53","7"
"SO_1283","사천진항","2027-01-17","2027-01-17 11:23","12","2027-01-17 04:32","3","2027-01-17 21:23","22","2027-01-17 14:23","11"
"SO_1283","사천진항","2027-01-18","2027-01-18 22:35","25","2027-01-18 05:46","1","","","",""
"SO_1283","사천진항","2027-01-19","2027-01-19 14:53","18","2027-01-19 06:46","-1","2027-01-19 23:45","28","2027-01-19 17:47","17"
"SO_1283","사천진항","2027-01-20","2027-01-20 15:29","19","2027-01-20 07:43","-4","","","2027-01-20 18:50","17"
"SO_1283","사천진항","2027-01-21","2027-01-21 00:46","31","2027-01-21 08:39","-6","2027-01-21 15:57","20","2027-01-21 19:47","16"
"SO_1283","사천진항","2027-01-22","2027-01-22 01:42","33","2027-01-22 09:31","-9","2027-01-22 16:25","20","2027-01-22 20:44","14"
"SO_1283","사천진항","2027-01-23","2027-01-23 02:36","33","2027-01-23 10:18","-10","2027-01-23 16:52","19","2027-01-23 21:42","11"
"SO_1283","사천진항","2027-01-24","2027-01-24 03:28","32","2027-01-24 11:00","-10","2027-01-24 17:20","18","2027-01-24 22:36","8"
"SO_1283","사천진항","2027-01-25","2027-01-25 04:19","29","2027-01-25 11:39","-9","2027-01-25 17:48","17","2027-01-25 23:28","5"
"SO_1283","사천진항","2027-01-26","2027-01-26 05:07","25","2027-01-26 12:14","-6","2027-01-26 18:17","17","",""
"SO_1283","사천진항","2027-01-27","2027-01-27 05:56","21","2027-01-27 00:20","3","2027-01-27 18:46","17","2027-01-27 12:45","-2"
"SO_1283","사천진항","2027-01-28","2027-01-28 06:48","16","2027-01-28 01:17","3","2027-01-28 19:15","18","2027-01-28 13:09","3"
"SO_1283","사천진항","2027-01-29","2027-01-29 07:59","12","2027-01-29 02:34","2","2027-01-29 19:47","19","2027-01-29 13:18","8"
"SO_1283","사천진항","2027-01-30","2027-01-30 20:28","20","2027-01-30 04:06","2","","","",""
"SO_1283","사천진항","2027-01-31","2027-01-31 21:58","21","2027-01-31 05:21","2","","","",""
"SO_1283","사천진항","2027-02-01","2027-02-01 16:36","18","2027-02-01 06:25","1","2027-02-01 23:13","23","2027-02-01 17:05","17"
"SO_1283","사천진항","2027-02-02","","","2027-02-02 07:23","","","","",""
"SO_1283","사천진항","2027-02-03","2027-02-03 00:06","24","2027-02-03 08:12","-1","2027-02-03 16:14","18","2027-02-03 18:59","17"
"SO_1283","사천진항","2027-02-04","2027-02-04 00:53","24","2027-02-04 08:51","-2","2027-02-04 16:04","17","2027-02-04 19:40","15"
"SO_1283","사천진항","2027-02-05","2027-02-05 01:35","25","2027-02-05 09:24","-4","2027-02-05 16:09","16","2027-02-05 20:20","12"
"SO_1283","사천진항","2027-02-06","2027-02-06 02:15","24","2027-02-06 09:53","-5","2027-02-06 16:21","15","2027-02-06 20:59","9"
"SO_1283","사천진항","2027-02-07","2027-02-07 02:53","23","2027-02-07 10:18","-7","2027-02-07 16:35","14","2027-02-07 21:39","6"
"SO_1283","사천진항","2027-02-08","2027-02-08 03:29","22","2027-02-08 10:42","-7","2027-02-08 16:49","14","2027-02-08 22:17","4"
"SO_1283","사천진항","2027-02-09","2027-02-09 04:06","21","2027-02-09 11:04","-6","2027-02-09 17:05","14","2027-02-09 22:55","2"
"SO_1283","사천진항","2027-02-10","2027-02-10 04:43","19","2027-02-10 11:27","-4","2027-02-10 17:25","16","2027-02-10 23:35","1"
"SO_1283","사천진항","2027-02-11","2027-02-11 05:23","18","2027-02-11 11:50","-1","2027-02-11 17:49","17","",""
"SO_1283","사천진항","2027-02-12","2027-02-12 06:07","16","2027-02-12 00:17","1","2027-02-12 18:18","20","2027-02-12 12:13","3"
"SO_1283","사천진항","2027-02-13","2027-02-13 06:58","15","2027-02-13 01:07","2","2027-02-13 18:51","22","2027-02-13 12:35","8"
"SO_1283","사천진항","2027-02-14","2027-02-14 08:22","14","2027-02-14 02:15","3","2027-02-14 19:33","24","2027-02-14 12:54","12"
"SO_1283","사천진항","2027-02-15","2027-02-15 20:33","26","2027-02-15 04:05","3","","","",""
"SO_1283","사천진항","2027-02-16","2027-02-16 22:03","27","2027-02-16 05:29","1","","","",""
"SO_1283","사천진항","2027-02-17","2027-02-17 14:59","19","2027-02-17 06:37","-1","2027-02-17 23:28","28","2027-02-17 17:41","18"
"SO_1283","사천진항","2027-02-18","2027-02-18 15:03","19","2027-02-18 07:37","-4","","","2027-02-18 18:50","16"
"SO_1283","사천진항","2027-02-19","2027-02-19 00:36","29","2027-02-19 08:29","-7","2027-02-19 15:19","18","2027-02-19 19:50","12"
"SO_1283","사천진항","2027-02-20","2027-02-20 01:37","29","2027-02-20 09:13","-9","2027-02-20 15:39","17","2027-02-20 20:46","7"
"SO_1283","사천진항","2027-02-21","2027-02-21 02:32","28","2027-02-21 09:53","-10","2027-02-21 16:01","17","2027-02-21 21:36","3"
"SO_1283","사천진항","2027-02-22","2027-02-22 03:23","26","2027-02-22 10:29","-9","2027-02-22 16:25","17","2027-02-22 22:24",""
"SO_1283","사천진항","2027-02-23","2027-02-23 04:10","23","2027-02-23 11:01","-7","2027-02-23 16:51","17","2027-02-23 23:11","-2"
"SO_1283","사천진항","2027-02-24","2027-02-24 04:57","20","2027-02-24 11:29","-3","2027-02-24 17:16","19","2027-02-24 23:58","-3"
"SO_1283","사천진항","2027-02-25","2027-02-25 05:44","16","2027-02-25 11:50","2","2027-02-25 17:42","20","",""
"SO_1283","사천진항","2027-02-26","2027-02-26 06:39","13","2027-02-26 00:51","-2","2027-02-26 18:08","21","2027-02-26 12:01","6"
"SO_1283","사천진항","2027-02-27","2027-02-27 09:08","12","2027-02-27 01:59","","2027-02-27 18:35","22","2027-02-27 11:54","10"
"SO_1283","사천진항","2027-02-28","2027-02-28 19:07","22","2027-02-28 03:26","2","","","",""
"SO_1283","사천진항","2027-03-01","2027-03-01 19:56","22","2027-03-01 04:46","2","","","",""
"SO_1283","사천진항","2027-03-02","2027-03-02 22:17","21","2027-03-02 05:58","2","","","",""
"SO_1283","사천진항","2027-03-03","2027-03-03 15:41","18","2027-03-03 07:00","1","2027-03-03 23:33","21","2027-03-03 18:15","17"
"SO_1283","사천진항","2027-03-04","2027-03-04 15:15","16","2027-03-04 07:45","-1","","","2027-03-04 19:05","14"
"SO_1283","사천진항","2027-03-05","2027-03-05 00:29","20","2027-03-05 08:20","-3","2027-03-05 15:09","14","2027-03-05 19:44","10"
"SO_1283","사천진항","2027-03-06","2027-03-06 01:18","19","2027-03-06 08:48","-6","2027-03-06 15:16","13","2027-03-06 20:18","6"
"SO_1283","사천진항","2027-03-07","2027-03-07 01:59","18","2027-03-07 09:13","-7","2027-03-07 15:26","12","2027-03-07 20:52","2"
"SO_1283","사천진항","2027-03-08","2027-03-08 02:39","18","2027-03-08 09:36","-8","2027-03-08 15:39","13","2027-03-08 21:27","-1"
"SO_1283","사천진항","2027-03-09","2027-03-09 03:17","17","2027-03-09 10:00","-7","2027-03-09 15:54","14","2027-03-09 22:02","-3"
"SO_1283","사천진항","2027-03-10","2027-03-10 03:55","17","2027-03-10 10:23","-5","2027-03-10 16:13","16","2027-03-10 22:39","-4"
"SO_1283","사천진항","2027-03-11","2027-03-11 04:35","17","2027-03-11 10:47","-1","2027-03-11 16:37","19","2027-03-11 23:18","-4"
"SO_1283","사천진항","2027-03-12","2027-03-12 05:17","16","2027-03-12 11:12","3","2027-03-12 17:03","22","",""
"SO_1283","사천진항","2027-03-13","2027-03-13 06:06","16","2027-03-13 00:01","-3","2027-03-13 17:34","24","2027-03-13 11:36","8"
"SO_1283","사천진항","2027-03-14","2027-03-14 07:17","15","2027-03-14 00:53","-1","2027-03-14 18:10","26","2027-03-14 11:56","12"
"SO_1283","사천진항","2027-03-15","2027-03-15 18:58","26","2027-03-15 02:07","1","","","",""
"SO_1283","사천진항","2027-03-16","2027-03-16 20:11","26","2027-03-16 03:49","1","","","",""
"SO_1283","사천진항","2027-03-17","2027-03-17 21:53","25","2027-03-17 05:13","","","","",""
"SO_1283","사천진항","2027-03-18","2027-03-18 14:02","18","2027-03-18 06:23","-3","2027-03-18 23:20","24","2027-03-18 17:54","15"
"SO_1283","사천진항","2027-03-19","2027-03-19 14:13","17","2027-03-19 07:19","-5","","","2027-03-19 18:57","10"
"SO_1283","사천진항","2027-03-20","2027-03-20 00:33","23","2027-03-20 08:05","-8","2027-03-20 14:29","16","2027-03-20 19:50","4"
"SO_1283","사천진항","2027-03-21","2027-03-21 01:35","22","2027-03-21 08:45","-8","2027-03-21 14:48","15","2027-03-21 20:39","-1"
"SO_1283","사천진항","2027-03-22","2027-03-22 02:29","21","2027-03-22 09:19","-8","2027-03-22 15:10","16","2027-03-22 21:24","-5"
"SO_1283","사천진항","2027-03-23","2027-03-23 03:18","19","2027-03-23 09:50","-5","2027-03-23 15:35","17","2027-03-23 22:08","-7"
"SO_1283","사천진항","2027-03-24","2027-03-24 04:04","17","2027-03-24 10:18","-2","2027-03-24 15:59","19","2027-03-24 22:51","-8"
"SO_1283","사천진항","2027-03-25","2027-03-25 04:52","16","2027-03-25 10:41","2","2027-03-25 16:25","22","2027-03-25 23:36","-7"
"SO_1283","사천진항","2027-03-26","2027-03-26 05:44","14","2027-03-26 10:57","7","2027-03-26 16:51","23","",""
"SO_1283","사천진항","2027-03-27","2027-03-27 07:12","13","2027-03-27 00:25","-4","2027-03-27 17:18","25","2027-03-27 11:04","11"
"SO_1283","사천진항","2027-03-28","2027-03-28 17:46","25","2027-03-28 01:26","-1","","","",""
"SO_1283","사천진항","2027-03-29","2027-03-29 18:19","23","2027-03-29 02:42","2","","","",""
"SO_1283","사천진항","2027-03-30","2027-03-30 19:05","21","2027-03-30 04:00","3","","","",""
"SO_1283","사천진항","2027-03-31","2027-03-31 15:05","18","2027-03-31 05:13","2","2027-03-31 20:57","19","2027-03-31 17:02","17"
"SO_1283","사천진항","2027-04-01","2027-04-01 14:22","16","2027-04-01 06:15","1","2027-04-01 22:42","17","2027-04-01 18:15","14"
"SO_1283","사천진항","2027-04-02","2027-04-02 14:06","14","2027-04-02 06:59","-1","2027-04-02 23:56","15","2027-04-02 18:57","10"
"SO_1283","사천진항","2027-04-03","2027-04-03 14:09","13","2027-04-03 07:32","-4","","","2027-04-03 19:29","5"
"SO_1283","사천진항","2027-04-04","2027-04-04 00:55","14","2027-04-04 08:00","-5","2027-04-04 14:18","12","2027-04-04 20:00","1"
"SO_1283","사천진항","2027-04-05","2027-04-05 01:43","14","2027-04-05 08:25","-5","2027-04-05 14:29","13","2027-04-05 20:32","-2"
"SO_1283","사천진항","2027-04-06","2027-04-06 02:26","14","2027-04-06 08:51","-4","2027-04-06 14:43","15","2027-04-06 21:06","-5"
"SO_1283","사천진항","2027-04-07","2027-04-07 03:08","15","2027-04-07 09:17","-2","2027-04-07 15:04","18","2027-04-07 21:43","-6"
"SO_1283","사천진항","2027-04-08","2027-04-08 03:50","16","2027-04-08 09:44","2","2027-04-08 15:28","21","2027-04-08 22:22","-6"
"SO_1283","사천진항","2027-04-09","2027-04-09 04:34","17","2027-04-09 10:11","6","2027-04-09 15:56","25","2027-04-09 23:05","-5"
"SO_1283","사천진항","2027-04-10","2027-04-10 05:26","18","2027-04-10 10:39","11","2027-04-10 16:28","28","2027-04-10 23:53","-3"
"SO_1283","사천진항","2027-04-11","2027-04-11 06:44","18","2027-04-11 11:06","15","2027-04-11 17:04","30","",""
"SO_1283","사천진항","2027-04-12","2027-04-12 09:12","19","2027-04-12 00:52","-1","2027-04-12 17:47","30","2027-04-12 11:31","18"
"SO_1283","사천진항","2027-04-13","2027-04-13 18:46","28","2027-04-13 02:09","1","","","",""
"SO_1283","사천진항","2027-04-14","2027-04-14 20:14","26","2027-04-14 03:33","1","","","",""
"SO_1283","사천진항","2027-04-15","2027-04-15 12:49","19","2027-04-15 04:52","","2027-04-15 21:48","23","2027-04-15 16:43","16"
"SO_1283","사천진항","2027-04-16","2027-04-16 13:04","18","2027-04-16 05:59","-1","2027-04-16 23:15","21","2027-04-16 17:58","11"
"SO_1283","사천진항","2027-04-17","2027-04-17 13:20","17","2027-04-17 06:51","-2","","","2027-04-17 18:54","6"
"SO_1283","사천진항","2027-04-18","2027-04-18 00:35","20","2027-04-18 07:33","-2","2027-04-18 13:38","17","2027-04-18 19:42",""
"SO_1283","사천진항","2027-04-19","2027-04-19 01:37","18","2027-04-19 08:09","-1","2027-04-19 14:00","18","2027-04-19 20:26","-4"
"SO_1283","사천진항","2027-04-20","2027-04-20 02:30","18","2027-04-20 08:40","1","2027-04-20 14:23","20","2027-04-20 21:09","-6"
"SO_1283","사천진항","2027-04-21","2027-04-21 03:19","17","2027-04-21 09:08","4","2027-04-21 14:49","22","2027-04-21 21:51","-7"
"SO_1283","사천진항","2027-04-22","2027-04-22 04:08","17","2027-04-22 09:33","8","2027-04-22 15:16","25","2027-04-22 22:34","-6"
"SO_1283","사천진항","2027-04-23","2027-04-23 05:02","17","2027-04-23 09:54","11","2027-04-23 15:45","28","2027-04-23 23:18","-4"
"SO_1283","사천진항","2027-04-24","2027-04-24 06:16","18","2027-04-24 10:09","15","2027-04-24 16:14","29","",""
"SO_1283","사천진항","2027-04-25","2027-04-25 07:43","19","2027-04-25 00:06","-1","2027-04-25 16:44","30","2027-04-25 10:22","17"
"SO_1283","사천진항","2027-04-26","2027-04-26 17:16","28","2027-04-26 01:00","2","","","",""
"SO_1283","사천진항","2027-04-27","2027-04-27 17:53","26","2027-04-27 02:00","4","","","",""
"SO_1283","사천진항","2027-04-28","2027-04-28 18:46","23","2027-04-28 03:05","5","","","",""
"SO_1283","사천진항","2027-04-29","2027-04-29 13:28","19","2027-04-29 04:12","5","2027-04-29 20:10","20","2027-04-29 16:34","18"
"SO_1283","사천진항","2027-04-30","2027-04-30 12:52","18","2027-04-30 05:13","4","2027-04-30 21:36","17","2027-04-30 17:46","14"
"SO_1283","사천진항","2027-05-01","2027-05-01 12:58","17","2027-05-01 05:59","3","2027-05-01 23:09","15","2027-05-01 18:27","10"
"SO_1283","사천진항","2027-05-02","2027-05-02 13:07","16","2027-05-02 06:35","2","","","2027-05-02 19:00","6"
"SO_1283","사천진항","2027-05-03","2027-05-03 00:32","15","2027-05-03 07:04","2","2027-05-03 13:16","17","2027-05-03 19:32","3"
"SO_1283","사천진항","2027-05-04","2027-05-04 01:29","16","2027-05-04 07:33","4","2027-05-04 13:31","20","2027-05-04 20:07",""
"SO_1283","사천진항","2027-05-05","2027-05-05 02:18","18","2027-05-05 08:03","6","2027-05-05 13:53","23","2027-05-05 20:45","-2"
"SO_1283","사천진항","2027-05-06","2027-05-06 03:05","20","2027-05-06 08:34","10","2027-05-06 14:20","28","2027-05-06 21:26","-2"
"SO_1283","사천진항","2027-05-07","2027-05-07 03:54","22","2027-05-07 09:06","14","2027-05-07 14:52","32","2027-05-07 22:10","-2"
"SO_1283","사천진항","2027-05-08","2027-05-08 04:53","24","2027-05-08 09:40","18","2027-05-08 15:27","35","2027-05-08 23:00","-1"
"SO_1283","사천진항","2027-05-09","2027-05-09 06:17","25","2027-05-09 10:15","21","2027-05-09 16:07","37","2027-05-09 23:55","1"
"SO_1283","사천진항","2027-05-10","2027-05-10 07:47","25","2027-05-10 10:53","23","2027-05-10 16:52","37","",""
"SO_1283","사천진항","2027-05-11","2027-05-11 09:00","26","2027-05-11 00:57","3","2027-05-11 17:46","36","2027-05-11 11:44","24"
"SO_1283","사천진항","2027-05-12","2027-05-12 10:17","25","2027-05-12 02:03","4","2027-05-12 18:56","33","2027-05-12 13:19","24"
"SO_1283","사천진항","2027-05-13","2027-05-13 11:13","24","2027-05-13 03:11","5","2027-05-13 20:15","29","2027-05-13 15:03","22"
"SO_1283","사천진항","2027-05-14","2027-05-14 11:44","24","2027-05-14 04:20","6","2027-05-14 21:38","26","2027-05-14 16:37","17"
"SO_1283","사천진항","2027-05-15","2027-05-15 12:07","23","2027-05-15 05:24","7","2027-05-15 23:20","23","2027-05-15 17:48","12"
"SO_1283","사천진항","2027-05-16","2027-05-16 12:28","23","2027-05-16 06:15","8","","","2027-05-16 18:43","8"
"SO_1283","사천진항","2027-05-17","2027-05-17 00:45","22","2027-05-17 06:55","10","2027-05-17 12:51","25","2027-05-17 19:29","4"
"SO_1283","사천진항","2027-05-18","2027-05-18 01:47","22","2027-05-18 07:29","12","2027-05-18 13:16","27","2027-05-18 20:14","2"
"SO_1283","사천진항","2027-05-19","2027-05-19 02:43","22","2027-05-19 07:58","15","2027-05-19 13:43","30","2027-05-19 20:57","1"
"SO_1283","사천진항","2027-05-20","2027-05-20 03:37","23","2027-05-20 08:25","18","2027-05-20 14:13","33","2027-05-20 21:40","2"
"SO_1283","사천진항","2027-05-21","2027-05-21 04:36","24","2027-05-21 08:48","21","2027-05-21 14:44","35","2027-05-21 22:24","4"
"SO_1283","사천진항","2027-05-22","2027-05-22 05:35","26","2027-05-22 09:11","23","2027-05-22 15:17","37","2027-05-22 23:09","6"
"SO_1283","사천진항","2027-05-23","2027-05-23 06:29","27","2027-05-23 09:33","25","2027-05-23 15:51","38","2027-05-23 23:54","8"
"SO_1283","사천진항","2027-05-24","2027-05-24 07:17","27","2027-05-24 09:57","26","2027-05-24 16:26","37","",""
"SO_1283","사천진항","2027-05-25","2027-05-25 08:08","27","2027-05-25 00:38","9","2027-05-25 17:03","35","2027-05-25 10:25","26"
"SO_1283","사천진항","2027-05-26","2027-05-26 17:45","33","2027-05-26 01:21","11","","","",""
"SO_1283","사천진항","2027-05-27","2027-05-27 18:37","29","2027-05-27 02:05","11","","","",""
"SO_1283","사천진항","2027-05-28","2027-05-28 11:11","24","2027-05-28 02:50","12","2027-05-28 19:38","26","2027-05-28 14:53","23"
"SO_1283","사천진항","2027-05-29","2027-05-29 11:32","24","2027-05-29 03:38","12","2027-05-29 20:44","24","2027-05-29 16:49","20"
"SO_1283","사천진항","2027-05-30","2027-05-30 11:45","24","2027-05-30 04:30","13","2027-05-30 22:12","22","2027-05-30 17:43","17"
"SO_1283","사천진항","2027-05-31","2027-05-31 11:53","26","2027-05-31 05:17","14","","","2027-05-31 18:24","14"
"SO_1283","사천진항","2027-06-01","2027-06-01 00:16","23","2027-06-01 05:59","16","2027-06-01 12:08","29","2027-06-01 19:03","11"
"SO_1283","사천진항","2027-06-02","2027-06-02 01:23","25","2027-06-02 06:38","19","2027-06-02 12:34","33","2027-06-02 19:44","9"
"SO_1283","사천진항","2027-06-03","2027-06-03 02:20","27","2027-06-03 07:16","22","2027-06-03 13:08","37","2027-06-03 20:29","8"
"SO_1283","사천진항","2027-06-04","2027-06-04 03:17","30","2027-06-04 07:54","25","2027-06-04 13:47","42","2027-06-04 21:16","7"
"SO_1283","사천진항","2027-06-05","2027-06-05 04:22","32","2027-06-05 08:34","28","2027-06-05 14:28","45","2027-06-05 22:08","7"
"SO_1283","사천진항","2027-06-06","2027-06-06 05:30","34","2027-06-06 09:17","30","2027-06-06 15:13","47","2027-06-06 23:02","8"
"SO_1283","사천진항","2027-06-07","2027-06-07 06:27","34","2027-06-07 10:04","31","2027-06-07 16:01","48","2027-06-07 23:57","9"
"SO_1283","사천진항","2027-06-08","2027-06-08 07:18","34","2027-06-08 11:02","31","2027-06-08 16:55","47","",""
"SO_1283","사천진항","2027-06-09","2027-06-09 08:10","33","2027-06-09 00:50","10","2027-06-09 17:54","44","2027-06-09 12:13","30"
"SO_1283","사천진항","2027-06-10","2027-06-10 09:04","32","2027-06-10 01:43","12","2027-06-10 18:56","40","2027-06-10 13:27","28"
"SO_1283","사천진항","2027-06-11","2027-06-11 09:54","32","2027-06-11 02:37","14","2027-06-11 20:03","35","2027-06-11 14:48","26"
"SO_1283","사천진항","2027-06-12","2027-06-12 10:35","32","2027-06-12 03:35","17","2027-06-12 21:31","31","2027-06-12 16:19","22"
"SO_1283","사천진항","2027-06-13","2027-06-13 11:08","33","2027-06-13 04:38","19","2027-06-13 23:41","30","2027-06-13 17:33","19"
"SO_1283","사천진항","2027-06-14","2027-06-14 11:39","34","2027-06-14 05:31","22","","","2027-06-14 18:29","16"
"SO_1283","사천진항","2027-06-15","2027-06-15 01:07","30","2027-06-15 06:14","25","2027-06-15 12:09","37","2027-06-15 19:19","14"
"SO_1283","사천진항","2027-06-16","2027-06-16 02:26","31","2027-06-16 06:48","28","2027-06-16 12:41","39","2027-06-16 20:06","14"
"SO_1283","사천진항","2027-06-17","2027-06-17 03:49","32","2027-06-17 07:19","30","2027-06-17 13:15","42","2027-06-17 20:53","14"
"SO_1283","사천진항","2027-06-18","2027-06-18 04:34","34","2027-06-18 07:46","32","2027-06-18 13:51","44","2027-06-18 21:38","14"
"SO_1283","사천진항","2027-06-19","2027-06-19 05:02","35","2027-06-19 08:12","33","2027-06-19 14:27","46","2027-06-19 22:22","15"
"SO_1283","사천진항","2027-06-20","2027-06-20 05:29","35","2027-06-20 08:42","33","2027-06-20 15:05","47","2027-06-20 23:02","16"
"SO_1283","사천진항","2027-06-21","2027-06-21 05:58","35","2027-06-21 09:15","33","2027-06-21 15:42","46","2027-06-21 23:39","16"
"SO_1283","사천진항","2027-06-22","2027-06-22 06:29","35","2027-06-22 09:55","33","2027-06-22 16:19","45","",""
"SO_1283","사천진항","2027-06-23","2027-06-23 07:02","34","2027-06-23 00:12","17","2027-06-23 16:58","43","2027-06-23 10:43","32"
"SO_1283","사천진항","2027-06-24","2027-06-24 07:35","33","2027-06-24 00:42","18","2027-06-24 17:38","40","2027-06-24 11:40","31"
"SO_1283","사천진항","2027-06-25","2027-06-25 08:06","32","2027-06-25 01:09","18","2027-06-25 18:21","37","2027-06-25 12:40","30"
"SO_1283","사천진항","2027-06-26","2027-06-26 08:30","32","2027-06-26 01:36","20","2027-06-26 19:10","35","2027-06-26 13:42","29"
"SO_1283","사천진항","2027-06-27","2027-06-27 08:53","33","2027-06-27 02:04","22","2027-06-27 20:08","33","2027-06-27 15:04","28"
"SO_1283","사천진항","2027-06-28","2027-06-28 09:24","35","2027-06-28 02:35","24","2027-06-28 21:32","32","2027-06-28 16:49","26"
"SO_1283","사천진항","2027-06-29","2027-06-29 10:06","38","2027-06-29 03:12","27","","","2027-06-29 17:49","24"
"SO_1283","사천진항","2027-06-30","2027-06-30 00:18","33","2027-06-30 04:12","31","2027-06-30 10:56","42","2027-06-30 18:39","22"
"SO_1283","사천진항","2027-07-01","2027-07-01 01:33","36","2027-07-01 05:39","34","2027-07-01 11:47","46","2027-07-01 19:28","20"
"SO_1283","사천진항","2027-07-02","2027-07-02 02:44","38","2027-07-02 06:35","36","2027-07-02 12:37","50","2027-07-02 20:20","18"
"SO_1283","사천진항","2027-07-03","2027-07-03 03:45","40","2027-07-03 07:25","38","2027-07-03 13:27","53","2027-07-03 21:15","16"
"SO_1283","사천진항","2027-07-04","2027-07-04 04:31","41","2027-07-04 08:14","38","2027-07-04 14:18","56","2027-07-04 22:08","15"
"SO_1283","사천진항","2027-07-05","2027-07-05 05:09","42","2027-07-05 09:09","37","2027-07-05 15:10","56","2027-07-05 22:58","14"
"SO_1283","사천진항","2027-07-06","2027-07-06 05:45","41","2027-07-06 10:09","36","2027-07-06 16:03","55","2027-07-06 23:45","15"
"SO_1283","사천진항","2027-07-07","2027-07-07 06:20","40","2027-07-07 11:10","34","2027-07-07 16:56","53","",""
"SO_1283","사천진항","2027-07-08","2027-07-08 06:56","40","2027-07-08 00:29","16","2027-07-08 17:50","49","2027-07-08 12:10","32"
"SO_1283","사천진항","2027-07-09","2027-07-09 07:33","39","2027-07-09 01:11","19","2027-07-09 18:46","45","2027-07-09 13:11","30"
"SO_1283","사천진항","2027-07-10","2027-07-10 08:13","39","2027-07-10 01:53","23","2027-07-10 19:50","40","2027-07-10 14:25","29"
"SO_1283","사천진항","2027-07-11","2027-07-11 09:01","40","2027-07-11 02:36","27","2027-07-11 22:00","37","2027-07-11 15:57","27"
"SO_1283","사천진항","2027-07-12","2027-07-12 09:57","42","2027-07-12 03:29","32","","","2027-07-12 17:14","25"
"SO_1283","사천진항","2027-07-13","2027-07-13 00:12","37","2027-07-13 04:38","35","2027-07-13 10:49","44","2027-07-13 18:16","24"
"SO_1283","사천진항","2027-07-14","2027-07-14 03:26","39","2027-07-14 05:33","38","2027-07-14 11:35","46","2027-07-14 19:13","24"
"SO_1283","사천진항","2027-07-15","2027-07-15 12:18","48","2027-07-15 20:06","23","","","",""
"SO_1283","사천진항","2027-07-16","2027-07-16 04:25","41","2027-07-16 06:52","40","2027-07-16 13:00","50","2027-07-16 20:54","23"
"SO_1283","사천진항","2027-07-17","2027-07-17 04:28","41","2027-07-17 07:26","40","2027-07-17 13:41","51","2027-07-17 21:36","22"
"SO_1283","사천진항","2027-07-18","2027-07-18 04:34","41","2027-07-18 08:00","39","2027-07-18 14:20","51","2027-07-18 22:12","22"
"SO_1283","사천진항","2027-07-19","2027-07-19 04:48","40","2027-07-19 08:39","37","2027-07-19 14:59","51","2027-07-19 22:44","21"
"SO_1283","사천진항","2027-07-20","2027-07-20 05:08","39","2027-07-20 09:23","35","2027-07-20 15:36","50","2027-07-20 23:12","20"
"SO_1283","사천진항","2027-07-21","2027-07-21 05:29","38","2027-07-21 10:08","33","2027-07-21 16:11","48","2027-07-21 23:37","20"
"SO_1283","사천진항","2027-07-22","2027-07-22 05:48","38","2027-07-22 10:52","32","2027-07-22 16:48","46","2027-07-22 23:59","21"
"SO_1283","사천진항","2027-07-23","2027-07-23 06:06","38","2027-07-23 11:34","31","2027-07-23 17:24","44","",""
"SO_1283","사천진항","2027-07-24","2027-07-24 06:27","38","2027-07-24 00:21","23","2027-07-24 18:04","42","2027-07-24 12:18","30"
"SO_1283","사천진항","2027-07-25","2027-07-25 06:52","40","2027-07-25 00:43","26","2027-07-25 18:50","40","2027-07-25 13:06","30"
"SO_1283","사천진항","2027-07-26","2027-07-26 07:22","42","2027-07-26 01:07","29","2027-07-26 19:45","39","2027-07-26 14:08","31"
"SO_1283","사천진항","2027-07-27","2027-07-27 08:00","44","2027-07-27 01:32","33","2027-07-27 22:43","38","2027-07-27 15:55","30"
"SO_1283","사천진항","2027-07-28","2027-07-28 08:51","47","2027-07-28 01:59","36","","","2027-07-28 17:20","29"
"SO_1283","사천진항","2027-07-29","2027-07-29 10:02","49","2027-07-29 18:22","27","","","",""
"SO_1283","사천진항","2027-07-30","2027-07-30 02:18","42","2027-07-30 05:03","41","2027-07-30 11:18","52","2027-07-30 19:20","24"
"SO_1283","사천진항","2027-07-31","2027-07-31 02:59","43","2027-07-31 06:17","41","2027-07-31 12:21","55","2027-07-31 20:16","21"
"SO_1283","사천진항","2027-08-01","2027-08-01 03:28","44","2027-08-01 07:15","40","2027-08-01 13:19","57","2027-08-01 21:09","18"
"SO_1283","사천진항","2027-08-02","2027-08-02 03:54","43","2027-08-02 08:13","38","2027-08-02 14:14","57","2027-08-02 21:56","16"
"SO_1283","사천진항","2027-08-03","2027-08-03 04:22","43","2027-08-03 09:12","35","2027-08-03 15:09","56","2027-08-03 22:39","15"
"SO_1283","사천진항","2027-08-04","2027-08-04 04:50","42","2027-08-04 10:09","31","2027-08-04 16:00","54","2027-08-04 23:18","16"
"SO_1283","사천진항","2027-08-05","2027-08-05 05:19","41","2027-08-05 11:02","29","2027-08-05 16:50","51","2027-08-05 23:55","19"
"SO_1283","사천진항","2027-08-06","2027-08-06 05:49","42","2027-08-06 11:55","27","2027-08-06 17:40","47","",""
"SO_1283","사천진항","2027-08-07","2027-08-07 06:20","42","2027-08-07 00:29","23","2027-08-07 18:34","43","2027-08-07 12:51","26"
"SO_1283","사천진항","2027-08-08","2027-08-08 06:52","43","2027-08-08 01:00","28","2027-08-08 19:52","39","2027-08-08 14:01","26"
"SO_1283","사천진항","2027-08-09","2027-08-09 07:28","44","2027-08-09 01:25","33","2027-08-09 22:41","38","2027-08-09 15:31","27"
"SO_1283","사천진항","2027-08-10","2027-08-10 08:20","45","2027-08-10 01:22","37","","","2027-08-10 16:51","27"
"SO_1283","사천진항","2027-08-11","2027-08-11 09:56","46","2027-08-11 18:02","26","","","",""
"SO_1283","사천진항","2027-08-12","2027-08-12 11:06","48","2027-08-12 19:06","26","","","",""
"SO_1283","사천진항","2027-08-13","2027-08-13 03:44","42","2027-08-13 06:06","41","2027-08-13 12:00","48","2027-08-13 20:00","24"
"SO_1283","사천진항","2027-08-14","2027-08-14 03:41","41","2027-08-14 06:51","40","2027-08-14 12:49","49","2027-08-14 20:42","23"
"SO_1283","사천진항","2027-08-15","2027-08-15 03:36","40","2027-08-15 07:31","37","2027-08-15 13:33","48","2027-08-15 21:16","21"
"SO_1283","사천진항","2027-08-16","2027-08-16 03:43","38","2027-08-16 08:10","34","2027-08-16 14:13","47","2027-08-16 21:45","19"
"SO_1283","사천진항","2027-08-17","2027-08-17 03:57","37","2027-08-17 08:48","31","2027-08-17 14:50","46","2027-08-17 22:11","18"
"SO_1283","사천진항","2027-08-18","2027-08-18 04:12","36","2027-08-18 09:26","28","2027-08-18 15:25","44","2027-08-18 22:34","18"
"SO_1283","사천진항","2027-08-19","2027-08-19 04:28","36","2027-08-19 10:03","26","2027-08-19 16:00","43","2027-08-19 22:55","18"
"SO_1283","사천진항","2027-08-20","2027-08-20 04:45","36","2027-08-20 10:40","24","2027-08-20 16:35","41","2027-08-20 23:16","20"
"SO_1283","사천진항","2027-08-21","2027-08-21 05:05","37","2027-08-21 11:16","24","2027-08-21 17:12","40","2027-08-21 23:38","23"
"SO_1283","사천진항","2027-08-22","2027-08-22 05:27","39","2027-08-22 11:56","24","2027-08-22 17:52","39","",""
"SO_1283","사천진항","2027-08-23","2027-08-23 05:55","41","2027-08-23 00:01","27","2027-08-23 18:39","38","2027-08-23 12:41","25"
"SO_1283","사천진항","2027-08-24","2027-08-24 06:28","43","2027-08-24 00:24","31","2027-08-24 19:51","37","2027-08-24 13:41","26"
"SO_1283","사천진항","2027-08-25","2027-08-25 07:10","45","2027-08-25 00:46","35","2027-08-25 23:29","38","2027-08-25 15:25","27"
"SO_1283","사천진항","2027-08-26","2027-08-26 08:09","46","2027-08-26 01:07","37","","","2027-08-26 16:59","25"
"SO_1283","사천진항","2027-08-27","2027-08-27 09:38","47","2027-08-27 18:09","22","","","",""
"SO_1283","사천진항","2027-08-28","2027-08-28 02:04","40","2027-08-28 05:14","38","2027-08-28 11:04","48","2027-08-28 19:11","19"
"SO_1283","사천진항","2027-08-29","2027-08-29 02:22","39","2027-08-29 06:21","35","2027-08-29 12:13","49","2027-08-29 20:03","16"
"SO_1283","사천진항","2027-08-30","2027-08-30 02:43","38","2027-08-30 07:21","31","2027-08-30 13:15","49","2027-08-30 20:50","13"
"SO_1283","사천진항","2027-08-31","2027-08-31 03:06","37","2027-08-31 08:16","27","2027-08-31 14:12","48","2027-08-31 21:31","12"
"SO_1283","사천진항","2027-09-01","2027-09-01 03:31","36","2027-09-01 09:09","22","2027-09-01 15:04","46","2027-09-01 22:08","12"
"SO_1283","사천진항","2027-09-02","2027-09-02 03:58","36","2027-09-02 09:59","19","2027-09-02 15:54","44","2027-09-02 22:43","14"
"SO_1283","사천진항","2027-09-03","2027-09-03 04:25","37","2027-09-03 10:47","16","2027-09-03 16:43","41","2027-09-03 23:15","18"
"SO_1283","사천진항","2027-09-04","2027-09-04 04:53","38","2027-09-04 11:36","16","2027-09-04 17:34","38","2027-09-04 23:44","22"
"SO_1283","사천진항","2027-09-05","2027-09-05 05:22","40","2027-09-05 12:30","17","2027-09-05 18:36","35","",""
"SO_1283","사천진항","2027-09-06","2027-09-06 05:53","41","2027-09-06 00:07","27","2027-09-06 20:52","34","2027-09-06 13:36","19"
"SO_1283","사천진항","2027-09-07","2027-09-07 06:26","42","2027-09-07 00:16","31","","","2027-09-07 15:00","20"
"SO_1283","사천진항","2027-09-08","2027-09-08 07:08","41","2027-09-08 16:21","21","","","",""
"SO_1283","사천진항","2027-09-09","2027-09-09 08:47","41","2027-09-09 17:37","21","","","",""
"SO_1283","사천진항","2027-09-10","2027-09-10 10:31","40","2027-09-10 18:43","20","","","",""
"SO_1283","사천진항","2027-09-11","2027-09-11 02:43","35","2027-09-11 06:08","33","2027-09-11 11:37","39","2027-09-11 19:32","18"
"SO_1283","사천진항","2027-09-12","2027-09-12 02:34","33","2027-09-12 06:55","29","2027-09-12 12:33","38","2027-09-12 20:09","15"
"SO_1283","사천진항","2027-09-13","2027-09-13 02:38","31","2027-09-13 07:33","25","2027-09-13 13:19","36","2027-09-13 20:39","13"
"SO_1283","사천진항","2027-09-14","2027-09-14 02:50","29","2027-09-14 08:07","21","2027-09-14 14:00","35","2027-09-14 21:04","11"
"SO_1283","사천진항","2027-09-15","2027-09-15 03:03","28","2027-09-15 08:40","17","2027-09-15 14:37","34","2027-09-15 21:28","11"
"SO_1283","사천진항","2027-09-16","2027-09-16 03:18","28","2027-09-16 09:13","14","2027-09-16 15:12","33","2027-09-16 21:50","11"
"SO_1283","사천진항","2027-09-17","2027-09-17 03:34","29","2027-09-17 09:46","12","2027-09-17 15:48","32","2027-09-17 22:12","13"
"SO_1283","사천진항","2027-09-18","2027-09-18 03:53","31","2027-09-18 10:21","12","2027-09-18 16:25","32","2027-09-18 22:35","16"
"SO_1283","사천진항","2027-09-19","2027-09-19 04:16","33","2027-09-19 10:58","12","2027-09-19 17:05","32","2027-09-19 23:00","20"
"SO_1283","사천진항","2027-09-20","2027-09-20 04:42","36","2027-09-20 11:39","13","2027-09-20 17:51","32","2027-09-20 23:25","24"
"SO_1283","사천진항","2027-09-21","2027-09-21 05:12","38","2027-09-21 12:27","15","2027-09-21 18:56","31","2027-09-21 23:50","27"
"SO_1283","사천진항","2027-09-22","2027-09-22 05:49","39","2027-09-22 13:33","16","2027-09-22 21:58","31","",""
"SO_1283","사천진항","2027-09-23","2027-09-23 06:37","39","2027-09-23 00:16","30","","","2027-09-23 15:11","17"
"SO_1283","사천진항","2027-09-24","2027-09-24 07:51","39","2027-09-24 16:40","15","","","",""
"SO_1283","사천진항","2027-09-25","2027-09-25 00:51","31","2027-09-25 04:01","30","2027-09-25 09:30","38","2027-09-25 17:52","12"
"SO_1283","사천진항","2027-09-26","2027-09-26 01:13","30","2027-09-26 05:25","26","2027-09-26 10:55","37","2027-09-26 18:51","9"
"SO_1283","사천진항","2027-09-27","2027-09-27 01:34","29","2027-09-27 06:28","21","2027-09-27 12:10","36","2027-09-27 19:39","7"
"SO_1283","사천진항","2027-09-28","2027-09-28 01:55","28","2027-09-28 07:22","16","2027-09-28 13:14","35","2027-09-28 20:20","5"
"SO_1283","사천진항","2027-09-29","2027-09-29 02:18","27","2027-09-29 08:11","11","2027-09-29 14:11","33","2027-09-29 20:57","6"
"SO_1283","사천진항","2027-09-30","2027-09-30 02:43","28","2027-09-30 08:58","6","2027-09-30 15:01","32","2027-09-30 21:32","8"
"SO_1283","사천진항","2027-10-01","2027-10-01 03:10","29","2027-10-01 09:44","4","2027-10-01 15:51","30","2027-10-01 22:03","11"
"SO_1283","사천진항","2027-10-02","2027-10-02 03:38","31","2027-10-02 10:31","3","2027-10-02 16:41","29","2027-10-02 22:33","15"
"SO_1283","사천진항","2027-10-03","2027-10-03 04:07","33","2027-10-03 11:18","4","2027-10-03 17:40","27","2027-10-03 22:58","19"
"SO_1283","사천진항","2027-10-04","2027-10-04 04:37","34","2027-10-04 12:10","6","2027-10-04 19:13","26","2027-10-04 23:16","22"
"SO_1283","사천진항","2027-10-05","2027-10-05 05:08","35","2027-10-05 13:12","9","2027-10-05 20:54","26","2027-10-05 23:22","25"
"SO_1283","사천진항","2027-10-06","2027-10-06 05:43","35","2027-10-06 14:25","11","","","",""
"SO_1283","사천진항","2027-10-07","2027-10-07 06:26","33","2027-10-07 15:40","12","","","",""
"SO_1283","사천진항","2027-10-08","2027-10-08 07:45","30","2027-10-08 16:54","12","","","",""
"SO_1283","사천진항","2027-10-09","2027-10-09 01:43","26","2027-10-09 04:55","24","2027-10-09 09:39","27","2027-10-09 17:59","10"
"SO_1283","사천진항","2027-10-10","2027-10-10 01:26","24","2027-10-10 06:00","20","2027-10-10 10:59","25","2027-10-10 18:47","8"
"SO_1283","사천진항","2027-10-11","2027-10-11 01:30","22","2027-10-11 06:44","16","2027-10-11 12:08","23","2027-10-11 19:21","6"
"SO_1283","사천진항","2027-10-12","2027-10-12 01:42","20","2027-10-12 07:18","11","2027-10-12 13:01","22","2027-10-12 19:50","4"
"SO_1283","사천진항","2027-10-13","2027-10-13 01:56","19","2027-10-13 07:49","7","2027-10-13 13:45","21","2027-10-13 20:16","4"
"SO_1283","사천진항","2027-10-14","2027-10-14 02:10","20","2027-10-14 08:19","4","2027-10-14 14:25","21","2027-10-14 20:40","5"
"SO_1283","사천진항","2027-10-15","2027-10-15 02:25","21","2027-10-15 08:52","1","2027-10-15 15:03","21","2027-10-15 21:04","7"
"SO_1283","사천진항","2027-10-16","2027-10-16 02:44","23","2027-10-16 09:26","","2027-10-16 15:42","22","2027-10-16 21:30","10"
"SO_1283","사천진항","2027-10-17","2027-10-17 03:08","26","2027-10-17 10:03","","2027-10-17 16:24","23","2027-10-17 21:58","13"
"SO_1283","사천진항","2027-10-18","2027-10-18 03:36","29","2027-10-18 10:44","1","2027-10-18 17:13","24","2027-10-18 22:27","17"
"SO_1283","사천진항","2027-10-19","2027-10-19 04:08","32","2027-10-19 11:29","2","2027-10-19 18:23","24","2027-10-19 22:57","20"
"SO_1283","사천진항","2027-10-20","2027-10-20 04:45","33","2027-10-20 12:25","4","2027-10-20 20:25","24","",""
"SO_1283","사천진항","2027-10-21","2027-10-21 05:29","33","2027-10-21 00:00","22","","","2027-10-21 13:34","5"
"SO_1283","사천진항","2027-10-22","2027-10-22 06:28","31","2027-10-22 14:54","5","2027-10-22 23:07","23","",""
"SO_1283","사천진항","2027-10-23","2027-10-23 07:51","29","2027-10-23 02:20","22","2027-10-23 23:54","22","2027-10-23 16:13","4"
"SO_1283","사천진항","2027-10-24","2027-10-24 09:21","26","2027-10-24 04:07","18","","","2027-10-24 17:24","3"
"SO_1283","사천진항","2027-10-25","2027-10-25 00:21","20","2027-10-25 05:24","13","2027-10-25 10:47","24","2027-10-25 18:21","2"
"SO_1283","사천진항","2027-10-26","2027-10-26 00:44","19","2027-10-26 06:24","7","2027-10-26 12:11","22","2027-10-26 19:07","1"
"SO_1283","사천진항","2027-10-27","2027-10-27 01:08","19","2027-10-27 07:15","2","2027-10-27 13:18","21","2027-10-27 19:46","2"
"SO_1283","사천진항","2027-10-28","2027-10-28 01:32","20","2027-10-28 08:01","-2","2027-10-28 14:14","20","2027-10-28 20:21","4"
"SO_1283","사천진항","2027-10-29","2027-10-29 01:59","22","2027-10-29 08:46","-5","2027-10-29 15:05","20","2027-10-29 20:53","7"
"SO_1283","사천진항","2027-10-30","2027-10-30 02:28","24","2027-10-30 09:31","-6","2027-10-30 15:57","20","2027-10-30 21:23","10"
"SO_1283","사천진항","2027-10-31","2027-10-31 02:59","27","2027-10-31 10:17","-6","2027-10-31 16:55","20","2027-10-31 21:51","13"
"SO_1283","사천진항","2027-11-01","2027-11-01 03:31","29","2027-11-01 11:04","-4","2027-11-01 18:05","20","2027-11-01 22:16","16"
"SO_1283","사천진항","2027-11-02","2027-11-02 04:04","30","2027-11-02 11:55","-2","2027-11-02 19:17","20","2027-11-02 22:37","17"
"SO_1283","사천진항","2027-11-03","2027-11-03 04:39","29","2027-11-03 12:49","1","2027-11-03 20:20","20","2027-11-03 22:55","18"
"SO_1283","사천진항","2027-11-04","2027-11-04 05:18","28","2027-11-04 13:47","3","2027-11-04 21:29","19","2027-11-04 23:13","18"
"SO_1283","사천진항","2027-11-05","2027-11-05 06:04","25","2027-11-05 14:47","4","","","",""
"SO_1283","사천진항","2027-11-06","2027-11-06 07:07","21","2027-11-06 15:52","4","2027-11-06 23:51","16","",""
"SO_1283","사천진항","2027-11-07","2027-11-07 08:26","17","2027-11-07 04:19","14","","","2027-11-07 16:55","3"
"SO_1283","사천진항","2027-11-08","2027-11-08 00:11","15","2027-11-08 05:31","10","2027-11-08 09:50","14","2027-11-08 17:46","1"
"SO_1283","사천진항","2027-11-09","2027-11-09 00:30","14","2027-11-09 06:16","6","2027-11-09 11:32","12","2027-11-09 18:24","1"
"SO_1283","사천진항","2027-11-10","2027-11-10 00:46","13","2027-11-10 06:51","2","2027-11-10 12:42","12","2027-11-10 18:55","1"
"SO_1283","사천진항","2027-11-11","2027-11-11 00:59","14","2027-11-11 07:23","-1","2027-11-11 13:33","12","2027-11-11 19:23","2"
"SO_1283","사천진항","2027-11-12","2027-11-12 01:14","16","2027-11-12 07:56","-4","2027-11-12 14:18","14","2027-11-12 19:50","4"
"SO_1283","사천진항","2027-11-13","2027-11-13 01:35","19","2027-11-13 08:31","-5","2027-11-13 15:02","15","2027-11-13 20:20","7"
"SO_1283","사천진항","2027-11-14","2027-11-14 02:01","22","2027-11-14 09:10","-6","2027-11-14 15:49","17","2027-11-14 20:52","10"
"SO_1283","사천진항","2027-11-15","2027-11-15 02:33","26","2027-11-15 09:52","-6","2027-11-15 16:42","19","2027-11-15 21:26","13"
"SO_1283","사천진항","2027-11-16","2027-11-16 03:09","29","2027-11-16 10:39","-6","2027-11-16 17:49","19","2027-11-16 22:02","15"
"SO_1283","사천진항","2027-11-17","2027-11-17 03:49","30","2027-11-17 11:31","-5","2027-11-17 19:00","20","2027-11-17 22:44","16"
"SO_1283","사천진항","2027-11-18","2027-11-18 04:34","30","2027-11-18 12:27","-4","2027-11-18 20:03","19","2027-11-18 23:37","16"
"SO_1283","사천진항","2027-11-19","2027-11-19 05:27","29","2027-11-19 13:27","-3","2027-11-19 21:04","18","",""
"SO_1283","사천진항","2027-11-20","2027-11-20 06:32","26","2027-11-20 00:54","15","2027-11-20 22:05","17","2027-11-20 14:29","-2"
"SO_1283","사천진항","2027-11-21","2027-11-21 07:45","22","2027-11-21 02:22","13","2027-11-21 22:52","16","2027-11-21 15:35","-1"
"SO_1283","사천진항","2027-11-22","2027-11-22 09:04","18","2027-11-22 03:52","9","","","2027-11-22 16:43",""
"SO_1283","사천진항","2027-11-23","2027-11-23 00:00","15","2027-11-23 05:13","4","2027-11-23 10:45","15","2027-11-23 17:42","1"
"SO_1283","사천진항","2027-11-24","2027-11-24 12:22","14","2027-11-24 06:14","-1","","","2027-11-24 18:29","3"
"SO_1283","사천진항","2027-11-25","2027-11-25 00:21","17","2027-11-25 07:04","-4","2027-11-25 13:31","14","2027-11-25 19:08","5"
"SO_1283","사천진항","2027-11-26","2027-11-26 00:51","19","2027-11-26 07:52","-7","2027-11-26 14:31","15","2027-11-26 19:43","7"
"SO_1283","사천진항","2027-11-27","2027-11-27 01:23","21","2027-11-27 08:37","-8","2027-11-27 15:29","15","2027-11-27 20:15","10"
"SO_1283","사천진항","2027-11-28","2027-11-28 01:56","24","2027-11-28 09:24","-8","2027-11-28 16:26","16","2027-11-28 20:46","12"
"SO_1283","사천진항","2027-11-29","2027-11-29 02:32","26","2027-11-29 10:10","-7","2027-11-29 17:17","17","2027-11-29 21:15","13"
"SO_1283","사천진항","2027-11-30","2027-11-30 03:09","28","2027-11-30 10:57","-6","2027-11-30 18:02","17","2027-11-30 21:45","14"
"SO_1283","사천진항","2027-12-01","2027-12-01 03:46","28","2027-12-01 11:41","-4","2027-12-01 18:43","17","2027-12-01 22:16","14"
"SO_1283","사천진항","2027-12-02","2027-12-02 04:25","26","2027-12-02 12:24","-3","2027-12-02 19:25","16","2027-12-02 22:56","14"
"SO_1283","사천진항","2027-12-03","2027-12-03 05:05","24","2027-12-03 13:05","-2","2027-12-03 20:12","14","2027-12-03 23:54","13"
"SO_1283","사천진항","2027-12-04","2027-12-04 05:48","20","2027-12-04 13:44","-1","2027-12-04 21:07","13","",""
"SO_1283","사천진항","2027-12-05","2027-12-05 06:36","17","2027-12-05 01:17","11","2027-12-05 22:07","12","2027-12-05 14:23","-1"
"SO_1283","사천진항","2027-12-06","2027-12-06 07:29","13","2027-12-06 02:53","9","2027-12-06 22:50","11","2027-12-06 15:05",""
"SO_1283","사천진항","2027-12-07","2027-12-07 08:30","10","2027-12-07 04:37","6","2027-12-07 23:16","12","2027-12-07 15:55","1"
"SO_1283","사천진항","2027-12-08","2027-12-08 10:21","8","2027-12-08 05:36","3","2027-12-08 23:32","13","2027-12-08 16:54","3"
"SO_1283","사천진항","2027-12-09","2027-12-09 12:30","9","2027-12-09 06:17","","2027-12-09 23:50","15","2027-12-09 17:42","5"
"SO_1283","사천진항","2027-12-10","2027-12-10 13:31","11","2027-12-10 06:55","-2","","","2027-12-10 18:22","7"
"SO_1283","사천진항","2027-12-11","2027-12-11 00:16","18","2027-12-11 07:33","-4","2027-12-11 14:26","13","2027-12-11 19:00","9"
"SO_1283","사천진항","2027-12-12","2027-12-12 00:49","22","2027-12-12 08:15","-6","2027-12-12 15:21","15","2027-12-12 19:39","12"
"SO_1283","사천진항","2027-12-13","2027-12-13 01:28","26","2027-12-13 09:00","-7","2027-12-13 16:14","17","2027-12-13 20:19","13"
"SO_1283","사천진항","2027-12-14","2027-12-14 02:10","29","2027-12-14 09:48","-8","2027-12-14 17:03","18","2027-12-14 21:03","14"
"SO_1283","사천진항","2027-12-15","2027-12-15 02:55","31","2027-12-15 10:39","-8","2027-12-15 17:46","19","2027-12-15 21:51","14"
"SO_1283","사천진항","2027-12-16","2027-12-16 03:43","31","2027-12-16 11:29","-8","2027-12-16 18:28","18","2027-12-16 22:46","13"
"SO_1283","사천진항","2027-12-17","2027-12-17 04:34","30","2027-12-17 12:17","-8","2027-12-17 19:08","17","2027-12-17 23:48","12"
"SO_1283","사천진항","2027-12-18","2027-12-18 05:29","27","2027-12-18 13:05","-6","2027-12-18 19:50","16","",""
"SO_1283","사천진항","2027-12-19","2027-12-19 06:27","24","2027-12-19 00:53","10","2027-12-19 20:34","15","2027-12-19 13:52","-4"
"SO_1283","사천진항","2027-12-20","2027-12-20 07:30","19","2027-12-20 02:03","7","2027-12-20 21:22","15","2027-12-20 14:43","-1"
"SO_1283","사천진항","2027-12-21","2027-12-21 08:46","15","2027-12-21 03:30","5","2027-12-21 22:11","16","2027-12-21 15:42","3"
"SO_1283","사천진항","2027-12-22","2027-12-22 11:07","12","2027-12-22 04:56","1","2027-12-22 22:56","17","2027-12-22 16:49","6"
"SO_1283","사천진항","2027-12-23","2027-12-23 12:50","13","2027-12-23 06:02","-2","2027-12-23 23:37","19","2027-12-23 17:45","9"
"SO_1283","사천진항","2027-12-24","2027-12-24 14:25","14","2027-12-24 06:56","-4","","","2027-12-24 18:30","12"
"SO_1283","사천진항","2027-12-25","2027-12-25 00:17","22","2027-12-25 07:47","-5","2027-12-25 15:47","15","2027-12-25 19:08","13"
"SO_1283","사천진항","2027-12-26","2027-12-26 00:57","24","2027-12-26 08:36","-5","2027-12-26 16:21","17","2027-12-26 19:44","14"
"SO_1283","사천진항","2027-12-27","2027-12-27 01:37","26","2027-12-27 09:24","-5","2027-12-27 16:43","17","2027-12-27 20:18","14"
"SO_1283","사천진항","2027-12-28","2027-12-28 02:17","28","2027-12-28 10:07","-5","2027-12-28 17:04","17","2027-12-28 20:54","14"
"SO_1283","사천진항","2027-12-29","2027-12-29 02:57","28","2027-12-29 10:46","-5","2027-12-29 17:28","17","2027-12-29 21:33","13"
"SO_1283","사천진항","2027-12-30","2027-12-30 03:37","27","2027-12-30 11:21","-5","2027-12-30 17:54","16","2027-12-30 22:17","11"
"SO_1283","사천진항","2027-12-31","2027-12-31 04:15","25","2027-12-31 11:52","-5","2027-12-31 18:21","15","2027-12-31 23:02","10"