128.739190344,37.999779875,1.644299984
128.739167597,37.998428256,1.025599957
128.740898418,37.999761862,5.482600212
128.740875640,37.998410245,3.851000071
128.740852863,37.997058627,1.431100011
128.742606490,37.999743825,8.471500397
128.742583681,37.998392208,6.310200214
128.742560873,37.997040591,4.180799961
128.742538067,37.995688974,2.145400047
128.742515262,37.994337357,0.614600003
128.744314561,37.999725762,10.741499901
128.744291720,37.998374147,9.264900208
128.744268881,37.997022531,7.255799770
128.744246043,37.995670914,4.341300011
128.744223207,37.994319298,3.397399902
128.744200373,37.992967681,1.169299960
128.746022630,37.999707675,12.728799820
128.745999758,37.998356061,11.427200317
128.745976887,37.997004446,9.859000206
128.745954019,37.995652830,7.469099998
128.745931151,37.994301214,4.324299812
128.745908286,37.992949598,2.763400078
128.747730697,37.999689563,14.653300285
128.747707794,37.998337950,13.426899910
128.747684892,37.996986335,12.057100296
128.747661992,37.995634721,10.260999680
128.747639094,37.994283106,6.663599968
128.747616197,37.992931491,4.856800079
128.749438763,37.999671427,16.413099289
128.749415829,37.998319814,15.242600441
128.749392896,37.996968201,13.945099831
128.749369964,37.995616587,12.478899956
128.749347034,37.994264973,10.047499657
128.749324106,37.992913359,7.434199810
128.749301179,37.991561744,3.599900007
128.749278254,37.990210129,1.962900043
128.749255330,37.988858514,0.897199988
128.751146828,37.999653265,18.186300278
128.751123862,37.998301653,17.177700043
128.751100898,37.996950041,16.000999451
128.751077935,37.995598428,14.545100212
128.751054974,37.994246815,12.524700165
128.751032014,37.992895202,9.829000473
128.751009056,37.991543588,7.161300182
128.750986099,37.990191974,4.583899975
128.750963144,37.988840360,3.207099915
128.750940190,37.987488745,1.693400025
128.752854891,37.999635079,19.951000214
128.752831894,37.998283468,19.007099152
128.752808898,37.996931856,17.990400314
128.752785904,37.995580245,16.730899811
128.752762911,37.994228632,15.076700211
128.752739920,37.992877020,12.821499825
128.752716931,37.991525407,10.292400360
128.752693943,37.990173794,7.843500137
128.752670956,37.988822180,5.151700020
128.752647971,37.987470567,3.377199888
128.752624988,37.986118952,1.672600031
128.754562953,37.999616868,21.715999603
128.754539924,37.998265258,20.781099319
128.754516897,37.996913647,20.158500671
128.754493872,37.995562036,19.534999847
128.754470848,37.994210425,16.959400177
128.754447825,37.992858813,14.883000374
128.754424804,37.991507201,12.907699585
128.754401785,37.990155589,10.598600388
128.754378767,37.988803976,8.179599762
128.754355751,37.987452363,5.130499840
128.754332736,37.986100750,3.709300041
128.754309723,37.984749137,1.871399999
128.756271013,37.999598632,23.506399155
128.756247953,37.998247023,22.602500916
128.756224894,37.996895413,21.920099258
128.756201838,37.995543803,20.881299973
128.756178782,37.994192193,19.032199860
128.756155729,37.992840582,16.886800766
128.756132676,37.991488971,14.942600250
128.756109626,37.990137359,12.807999611
128.756086577,37.988785748,10.586700439
128.756063529,37.987434136,8.049900055
128.756040483,37.986082523,4.881400108
128.756017439,37.984730911,3.371500015
128.755994396,37.983379297,1.810099959
128.757979071,37.999580372,25.282600403
128.757955980,37.998228763,24.466600418
128.757932890,37.996877154,23.988000870
128.757909802,37.995525545,22.848699570
128.757886715,37.994173936,21.091499329
128.757863630,37.992822326,18.857900620
128.757840547,37.991470715,16.766199112
128.757817465,37.990119105,14.829299927
128.757794384,37.988767494,12.721199989
128.757771306,37.987415883,10.391099930
128.757748228,37.986064271,7.515299797
128.757725152,37.984712660,4.840400219
128.757702078,37.983361047,3.111200094
128.757679006,37.982009435,1.154000044
128.759687128,37.999562086,27.064300537
128.759664005,37.998210479,26.646799088
128.759640884,37.996858871,24.625299454
128.759617765,37.995507262,23.652399063
128.759594647,37.994155654,22.486999512
128.759571531,37.992804045,20.875099182
128.759548416,37.991452435,19.096099854
128.759525302,37.990100826,16.665899277
128.759502191,37.988749216,14.553999901
128.759479081,37.987397605,12.126000404
128.759455972,37.986045995,9.532199860
128.759432865,37.984694384,6.359399796
128.759409759,37.983342773,3.816200018
128.759386655,37.981991161,1.170400023
128.761395183,37.999543776,29.221099854
128.761372029,37.998192169,28.485500336
128.761348877,37.996840562,27.979200363
128.761325726,37.995488955,27.839300156
128.761302577,37.994137347,25.038400650
128.761279429,37.992785739,23.417699814
128.761256283,37.991434130,20.827400208
128.761233139,37.990082522,18.341699600
128.761209995,37.988730913,16.327400208
128.761186854,37.987379303,14.148599625
128.761163714,37.986027694,11.392999649
128.761140576,37.984676083,8.376999855
128.761117439,37.983324473,3.330699921
128.761024907,37.977918028,0.813199997
128.761001778,37.976566416,1.500200033
128.760978650,37.975214804,1.131000042
128.760955524,37.973863191,0.820999980
128.763103237,37.999525441,31.584800720
128.763080052,37.998173835,30.855699539
128.763056868,37.996822229,30.315000534
128.763033686,37.995470622,28.497999191
128.763010505,37.994119016,25.261299133
128.762987326,37.992767408,26.322200775
128.762964149,37.991415801,24.436199188
128.762940973,37.990064193,19.969800949
128.762917799,37.988712585,18.188499451
128.762894626,37.987360976,16.567499161
128.762871455,37.986009367,14.708999634
128.762848285,37.984657758,11.155099869
128.762825117,37.983306149,8.607000351
128.762801950,37.981954539,5.993000031
128.762778785,37.980602929,2.108400106
128.762755621,37.979251318,5.586299896
128.762732460,37.977899707,6.245399952
128.762709299,37.976548096,6.731100082
128.762686140,37.975196485,6.581999779
128.762662983,37.973844873,3.057399988
128.762639827,37.972493261,0.972400010
128.764811289,37.999507081,33.530399323
128.764788073,37.998155476,33.624000549
128.764764858,37.996803871,32.255199432
128.764741644,37.995452265,27.900699615
128.764718432,37.994100659,26.994800568
128.764695222,37.992749053,27.188600540
128.764672013,37.991397446,26.435499191
128.764648806,37.990045839,25.027000427
128.764625600,37.988694232,22.114200592
128.764602396,37.987342624,20.123500824
128.764579194,37.985991016,13.000800133
128.764555993,37.984639408,12.152000427
128.764532793,37.983287800,11.557000160
128.764509595,37.981936191,10.949500084
128.764486399,37.980584581,10.029600143
128.764463204,37.979232972,8.177599907
128.764440011,37.977881362,9.849900246
128.764416819,37.976529752,10.233200073
128.764393629,37.975178141,9.317700386
128.764370440,37.973826530,8.030500412
128.764347253,37.972474919,1.925199986
128.764300884,37.969771696,1.494799972
128.764277701,37.968420084,2.471499920
128.764254520,37.967068471,2.475100040
128.766519340,37.999488697,35.601799011
128.766496092,37.998137093,35.638301849
128.766472846,37.996785488,34.436298370
128.766449601,37.995433883,34.278800964
128.766426358,37.994082278,31.885200500
128.766403116,37.992730673,30.455400467
128.766379876,37.991379067,29.080999374
128.766356637,37.990027461,25.350500107
128.766333400,37.988675855,23.584600449
128.766310165,37.987324248,21.756799698
128.766286931,37.985972641,19.413000107
128.766263699,37.984621033,17.918800354
128.766240468,37.983269426,16.800100327
128.766217239,37.981917818,14.435400009
128.766194011,37.980566209,13.773599625
128.766170785,37.979214601,13.279399872
128.766147560,37.977862991,12.392999649
128.766124337,37.976511382,12.612400055
128.766101116,37.975159772,11.674699783
128.766077896,37.973808163,10.451600075
128.766054678,37.972456552,6.780499935
128.766031461,37.971104942,7.282499790
128.766008245,37.969753331,3.858099937
128.765985032,37.968401719,6.037099838
128.765961820,37.967050108,6.384300232
128.765938609,37.965698496,5.890999794
128.768227389,37.999470287,37.448001862
128.768204110,37.998118684,37.650600433
128.768180832,37.996767081,35.590599060
128.768157556,37.995415477,34.541099548
128.768134282,37.994063872,33.588901520
128.768111009,37.992712268,32.210998535
128.768087737,37.991360663,29.843999863
128.768064467,37.990009058,29.245599747
128.768041199,37.988657452,27.988199234
128.768017932,37.987305846,26.151199341
128.767994667,37.985954240,22.632600784
128.767971403,37.984602634,22.264799118
128.767948141,37.983251027,21.593500137
128.767924881,37.981899420,18.753999710
128.767901622,37.980547812,17.478500366
128.767878364,37.979196204,13.750100136
128.767855108,37.977844596,14.035200119
128.767831854,37.976492988,15.034299850
128.767808601,37.975141379,14.489999771
128.767785350,37.973789770,12.896699905
128.767762100,37.972438161,10.675499916
128.767738852,37.971086551,11.374699593
128.767715606,37.969734941,10.950900078
128.767692361,37.968383330,9.797200203
128.767669117,37.967031720,8.170800209
128.767645875,37.965680109,7.245399952
128.767622635,37.964328497,4.651599884
128.767599396,37.962976886,1.759099960
128.769935437,37.999451853,39.231899261
128.769912126,37.998100251,39.854598999
128.769888817,37.996748648,37.227298737
128.769865510,37.995397045,36.052299500
128.769842204,37.994045442,33.882198334
128.769818899,37.992693838,30.479600906
128.769795597,37.991342234,29.810600281
128.769772296,37.989990630,29.230199814
128.769748996,37.988639025,29.685899734
128.769725698,37.987287420,26.083400726
128.769702401,37.985935815,20.624300003
128.769679106,37.984584209,22.086900711
128.769655813,37.983232603,20.911500931
128.769632521,37.981880997,20.747800827
128.769609231,37.980529391,15.686599731
128.769585942,37.979177784,12.774900436
128.769562655,37.977826176,17.251199722
128.769539369,37.976474569,17.739900589
128.769516085,37.975122961,16.310600281
128.769492803,37.973771353,15.136699677
128.769469522,37.972419744,14.169400215
128.769446242,37.971068135,13.819499969
128.769422965,37.969716526,12.883399963
128.769399688,37.968364917,11.590000153
128.769376414,37.967013307,10.994299889
128.769353140,37.965661697,9.674099922
128.769329869,37.964310086,8.096799850
128.769306599,37.962958475,5.484399796
128.769283330,37.961606864,1.272500038
128.771643483,37.999433394,40.918701172
128.771620141,37.998081793,41.068801880
128.771596800,37.996730191,39.731098175
128.771573462,37.995378589,38.658599854
128.771550125,37.994026986,36.351398468
128.771526789,37.992675384,35.672798157
128.771503455,37.991323780,34.820999146
128.771480122,37.989972177,33.742298126
128.771456791,37.988620573,32.145500183
128.771433462,37.987268969,26.172899246
128.771410134,37.985917365,24.028099060
128.771386808,37.984565760,23.056699753
128.771363483,37.983214155,21.884300232
128.771340160,37.981862550,19.570899963
128.771316838,37.980510944,17.606399536
128.771293518,37.979159338,16.430700302
128.771270200,37.977807732,19.550199509
128.771246883,37.976456125,19.938299179
128.771223568,37.975104518,18.658000946
128.771200254,37.973752911,15.858599663
128.771176942,37.972401303,14.817999840
128.771153631,37.971049695,16.381799698
128.771130322,37.969698087,15.031599998
128.771107014,37.968346478,13.793000221
128.771083708,37.966994869,12.984999657
128.771060404,37.965643260,11.937299728
128.771037101,37.964291650,10.574199677
128.771013800,37.962940041,9.040699959
128.770990500,37.961588430,7.236700058
128.770967202,37.960236820,4.940299988
128.770920610,37.957533598,1.806399941
128.773351527,37.999414910,42.130001068
128.773328154,37.998063310,42.023998260
128.773304782,37.996711709,40.710098267
128.773281412,37.995360108,39.266700745
128.773258044,37.994008506,37.910999298
128.773234677,37.992656904,36.519901276
128.773211311,37.991305302,34.704399109
128.773187947,37.989953700,35.189498901
128.773164585,37.988602097,34.564800262
128.773141224,37.987250493,32.207000732
128.773117865,37.985898890,28.317499161
128.773094508,37.984547286,26.021900177
128.773071152,37.983195682,26.328599930
128.773047797,37.981844078,22.362600327
128.773024444,37.980492473,20.577699661
128.773001093,37.979140868,20.786500931
128.772977743,37.977789262,19.745500565
128.772954395,37.976437656,21.295000076
128.772931048,37.975086050,20.324699402
128.772907703,37.973734444,19.919799805
128.772884360,37.972382837,18.816999435
128.772861018,37.971031230,19.710300446
128.772837677,37.969679623,16.999200821
128.772814339,37.968328015,15.999300003
128.772791001,37.966976407,15.279600143
128.772767666,37.965624799,14.459699631
128.772744331,37.964273190,12.772399902
128.772720999,37.962921581,11.272299767
128.772697668,37.961569972,9.841400146
128.772674338,37.960218362,7.989099979
128.772651010,37.958866752,5.413000107
128.772627684,37.957515142,3.490600109
128.772604359,37.956163531,2.116300106
128.772581036,37.954811920,0.835500002
128.775059570,37.999396402,43.714099884
128.775036165,37.998044802,43.695301056
128.775012762,37.996693202,42.276298523
128.774989361,37.995341602,40.856800079
128.774965961,37.993990001,37.857799530
128.774942563,37.992638400,36.649898529
128.774919166,37.991286799,36.594398499
128.774895771,37.989935197,34.601001740
128.774872377,37.988583595,34.713600159
128.774848985,37.987231993,33.140701294
128.774825595,37.985880390,29.388700485
128.774802206,37.984528787,29.169799805
128.774778819,37.983177184,26.961200714
128.774755433,37.981825581,26.888599396
128.774732049,37.980473977,25.848199844
128.774708666,37.979122372,22.430299759
128.774685285,37.977770768,24.483100891
128.774661906,37.976419163,24.768499374
128.774638528,37.975067558,23.828199387
128.774615151,37.973715952,22.496900558
128.774591776,37.972364346,21.313199997
128.774568403,37.971012740,21.055200577
128.774545031,37.969661134,20.188100815
128.774521661,37.968309527,19.036800385
128.774498293,37.966957920,17.728300095
128.774474926,37.965606312,17.191099167
128.774451560,37.964254704,15.126099586
128.774428196,37.962903096,14.248600006
128.774404834,37.961551488,12.290200233
128.774381473,37.960199879,10.576600075
128.774358114,37.958848270,8.681200027
128.774334757,37.957496661,6.183100224
128.774311400,37.956145051,3.671900034
128.774288046,37.954793441,2.267800093
128.774264693,37.953441831,0.914600015
128.776767611,37.999377868,45.084899902
128.776744175,37.998026270,45.041198730
128.776720741,37.996674671,43.692001343
128.776697308,37.995323071,42.238399506
128.776673877,37.993971471,41.617401123
128.776650448,37.992619871,39.022800446
128.776627020,37.991268271,37.968299866
128.776603593,37.989916670,36.357898712
128.776580168,37.988565069,36.215301514
128.776556745,37.987213468,35.009601593
128.776533323,37.985861866,33.673400879
128.776509903,37.984510264,32.213298798
128.776486484,37.983158661,30.749200821
128.776463067,37.981807059,27.654800415
128.776439652,37.980455456,25.986400604
128.776416238,37.979103852,25.064100266
128.776392825,37.977752249,26.979200363
128.776369415,37.976400645,24.552999496
128.776346005,37.975049040,25.443700790
128.776322598,37.973697436,23.904800415
128.776299191,37.972345831,22.857500076
128.776275787,37.970994226,22.294500351
128.776252384,37.969642620,21.606199265
128.776228983,37.968291014,20.771299362
128.776205583,37.966939408,19.719400406
128.776182184,37.965587801,18.938699722
128.776158788,37.964236194,17.657100677
128.776135393,37.962884587,16.294599533
128.776111999,37.961532980,14.608300209
128.776088607,37.960181372,13.314000130
128.776065216,37.958829764,11.279199600
128.776041828,37.957478155,9.248600006
128.776018440,37.956126546,6.635700226
128.775995054,37.954774937,4.388199806
128.775971670,37.953423328,2.514899969
128.775948288,37.952071718,0.833299994
128.778475651,37.999359310,45.770401001
128.778452184,37.998007712,45.454200745
128.778428718,37.996656114,44.906398773
128.778405254,37.995304516,43.478199005
128.778381792,37.993952917,42.701099396
128.778358331,37.992601318,40.599998474
128.778334871,37.991249718,40.972400665
128.778311414,37.989898118,39.786399841
128.778287957,37.988546518,37.798000336
128.778264503,37.987194917,34.802299500
128.778241050,37.985843317,36.137001038
128.778217598,37.984491716,34.088401794
128.778194148,37.983140114,32.160400391
128.778170700,37.981788512,30.609300613
128.778147253,37.980436910,28.488599777
128.778123808,37.979085308,25.581899643
128.778100364,37.977733705,25.746900558
128.778076922,37.976382102,26.772300720
128.778053481,37.975030498,24.902700424
128.778030042,37.973678895,25.678499222
128.778006605,37.972327291,24.982000351
128.777983169,37.970975686,23.928699493
128.777959735,37.969624082,23.047000885
128.777936302,37.968272477,22.232700348
128.777912871,37.966920871,21.026399612
128.777889442,37.965569265,20.169399261
128.777866014,37.964217659,18.920600891
128.777842587,37.962866053,17.655300140
128.777819162,37.961514447,16.618099213
128.777795739,37.960162840,15.739199638
128.777772317,37.958811232,13.893500328
128.777748897,37.957459625,11.635399818
128.777725478,37.956108017,9.500300407
128.777702061,37.954756408,6.751399994
128.777678646,37.953404800,4.047800064
128.777655232,37.952053191,2.344000101
128.777631820,37.950701582,0.887499988
128.780183689,37.999340727,47.788200378
128.780160191,37.997989130,47.313999176
128.780136694,37.996637533,45.722198486
128.780113198,37.995285935,44.139198303
128.780089705,37.993934337,43.211498260
128.780066212,37.992582739,42.462699890
128.780042722,37.991231140,40.508399963
128.780019232,37.989879541,36.259399414
128.779995745,37.988527942,36.194301605
128.779972259,37.987176343,35.294700623
128.779948775,37.985824743,36.738601685
128.779925292,37.984473142,37.176998138
128.779901810,37.983121542,36.117599487
128.779878331,37.981769941,34.317798615
128.779854853,37.980418340,31.960199356
128.779831376,37.979066738,29.108200073
128.779807901,37.977715136,30.731800079
128.779784428,37.976363534,28.885000229
128.779760956,37.975011932,28.972900391
128.779737486,37.973660329,27.665899277
128.779714017,37.972308726,26.237100601
128.779690550,37.970957122,25.491399765
128.779667084,37.969605518,24.497800827
128.779643620,37.968253914,23.480699539
128.779620158,37.966902310,22.351800919
128.779596697,37.965550705,21.393100739
128.779573238,37.964199100,20.189599991
128.779549780,37.962847494,19.229200363
128.779526324,37.961495889,18.482700348
128.779502869,37.960144283,18.276100159
128.779479416,37.958792676,16.435800552
128.779455965,37.957441069,13.755800247
128.779432515,37.956089462,11.728500366
128.779409067,37.954737855,9.641699791
128.779385620,37.953386247,6.744699955
128.779362175,37.952034639,3.878000021
128.779338731,37.950683031,2.231600046
128.779315289,37.949331422,0.733600020
128.781891726,37.999322120,48.208698273
128.781868196,37.997970523,48.049301147
128.781844668,37.996618927,46.763698578
128.781821141,37.995267330,45.298000336
128.781797616,37.993915733,44.998798370
128.781774092,37.992564136,44.276298523
128.781750570,37.991212538,43.352901459
128.781727050,37.989860940,41.051700592
128.781703531,37.988509342,37.828300476
128.781680014,37.987157743,36.176898956
128.781656498,37.985806144,38.156898499
128.781632984,37.984454544,38.378101349
128.781609471,37.983102945,37.161399841
128.781585960,37.981751345,36.098499298
128.781562451,37.980399745,34.946601868
128.781538943,37.979048144,35.182800293
128.781515437,37.977696543,34.231899261
128.781491932,37.976344942,32.803600311
128.781468429,37.974993340,31.098199844
128.781444927,37.973641738,29.493499756
128.781421427,37.972290136,27.982000351
128.781397929,37.970938533,26.931200027
128.781374432,37.969586930,25.826200485
128.781350937,37.968235327,24.776899338
128.781327443,37.966883723,23.874300003
128.781303951,37.965532120,22.950700760
128.781280460,37.964180515,21.677000046
128.781256971,37.962828911,21.044300079
128.781233484,37.961477306,20.311500549
128.781209998,37.960125701,19.635299683
128.781186514,37.958774095,18.945899963
128.781163031,37.957422490,16.230600357
128.781139550,37.956070883,13.991399765
128.781116071,37.954719277,11.881999969
128.781092593,37.953367670,9.642100334
128.781069116,37.952016063,6.789000034
128.781045641,37.950664456,4.046999931
128.781022168,37.949312848,1.869099975
128.783599761,37.999303487,49.758598328
128.783576200,37.997951892,48.888900757
128.783552640,37.996600296,47.451198578
128.783529082,37.995248700,46.940101624
128.783505526,37.993897104,45.903400421
128.783481971,37.992545508,45.176101685
128.783458417,37.991193911,43.198699951
128.783434866,37.989842314,42.041599274
128.783411315,37.988490716,40.826301575
128.783387767,37.987139118,40.725601196
128.783364220,37.985787520,39.371898651
128.783340674,37.984435922,38.658798218
128.783317130,37.983084323,37.485599518
128.783293588,37.981732724,36.985198975
128.783270047,37.980381125,37.037498474
128.783246508,37.979029525,36.329101563
128.783222971,37.977677925,35.446601868
128.783199435,37.976326324,32.803798676
128.783175900,37.974974724,31.837799072
128.783152367,37.973623123,30.697500229
128.783128836,37.972271521,29.082700729
128.783105306,37.970919920,28.189699173
128.783081778,37.969568318,27.300699234
128.783058252,37.968216715,26.155799866
128.783034727,37.966865113,25.516899109
128.783011203,37.965513510,24.605800629
128.782987682,37.964161906,23.546800613
128.782964161,37.962810303,22.794500351
128.782940643,37.961458699,21.771999359
128.782917125,37.960107094,21.050500870
128.782893610,37.958755490,20.104299545
128.782870096,37.957403885,18.484699249
128.782846584,37.956052280,16.527299881
128.782823073,37.954700674,14.058799744
128.782799564,37.953349068,11.678600311
128.782776056,37.951997462,9.316800117
128.782752550,37.950645855,6.334700108
128.782729045,37.949294248,4.330900192
128.782705542,37.947942641,1.954599977
128.785307794,37.999284830,50.837001801
128.785284202,37.997933235,48.067199707
128.785260611,37.996581641,47.895401001
128.785237021,37.995230046,47.612300873
128.785213434,37.993878450,45.963798523
128.785189847,37.992526855,45.673500061
128.785166263,37.991175259,44.165100098
128.785142680,37.989823663,43.219799042
128.785119098,37.988472066,40.516498566
128.785095518,37.987120469,42.030998230
128.785071940,37.985768872,40.488601685
128.785048363,37.984417274,38.580898285
128.785024788,37.983065676,37.037399292
128.785001214,37.981714078,37.260501862
128.784977642,37.980362480,36.987201691
128.784954072,37.979010881,36.933898926
128.784930503,37.977659282,34.983100891
128.784906936,37.976307682,33.698299408
128.784883370,37.974956082,33.308898926
128.784859806,37.973604482,31.853599548
128.784836243,37.972252882,30.552499771
128.784812682,37.970901281,29.506500244
128.784789123,37.969549680,28.831699371
128.784765565,37.968198079,28.111799240
128.784742009,37.966846477,27.237899780
128.784718454,37.965494875,26.297599792
128.784694901,37.964143272,25.265699387
128.784671350,37.962791670,24.312599182
128.784647800,37.961440066,23.497699738
128.784624251,37.960088463,22.726800919
128.784600704,37.958736859,21.597799301
128.784577159,37.957385255,20.156999588
128.784553615,37.956033651,18.811500549
128.784530073,37.954682046,16.105199814
128.784506533,37.953330441,13.750399590
128.784482994,37.951978836,11.544599533
128.784459457,37.950627230,8.931900024
128.784435921,37.949275624,5.323900223
128.784412387,37.947924018,3.700900078
128.787015826,37.999266147,51.561599731
128.786992202,37.997914554,47.116500854
128.786968580,37.996562960,48.498100281
128.786944959,37.995211366,47.776199341
128.786921340,37.993859772,48.169700623
128.786897723,37.992508177,47.079898834
128.786874107,37.991156582,44.462501526
128.786850492,37.989804987,41.423801422
128.786826880,37.988453391,42.828098297
128.786803268,37.987101795,43.666900635
128.786779659,37.985750199,42.786399841
128.786756051,37.984398602,41.957401276
128.786732444,37.983047005,40.702701569
128.786708839,37.981695408,40.365898132
128.786685236,37.980343810,38.518798828
128.786661634,37.978992212,38.723899841
128.786638034,37.977640614,37.856899261
128.786614435,37.976289015,36.971900940
128.786590838,37.974937416,35.458400726
128.786567243,37.973585817,33.486198425
128.786543649,37.972234218,32.449001312
128.786520057,37.970882618,30.944299698
128.786496466,37.969531018,30.162099838
128.786472877,37.968179417,29.518800735
128.786449289,37.966827816,28.698499680
128.786425703,37.965476215,27.868799210
128.786402119,37.964124614,26.887300491
128.786378536,37.962773012,26.001100540
128.786354955,37.961421410,25.300199509
128.786331375,37.960069807,24.210500717
128.786307797,37.958718204,23.546800613
128.786284221,37.957366601,21.897499084
128.786260646,37.956014998,21.281299591
128.786237072,37.954663394,18.542600632
128.786213501,37.953311790,15.340800285
128.786189931,37.951960185,12.816100121
128.786166362,37.950608581,10.070300102
128.786142795,37.949256976,6.697899818
128.786119229,37.947905370,4.498099804
128.786048542,37.943850552,2.611999989
128.786024983,37.942498945,1.942700028
128.788723857,37.999247440,52.972000122
128.788700201,37.997895848,49.178398132
128.788676548,37.996544255,50.582099915
128.788652896,37.995192662,50.928699493
128.788629245,37.993841068,49.984699249
128.788605596,37.992489475,48.621101379
128.788581949,37.991137881,46.642398834
128.788558303,37.989786286,46.414798737
128.788534659,37.988434691,45.962898254
128.788511017,37.987083096,44.752899170
128.788487376,37.985731501,43.053100586
128.788463736,37.984379905,42.125000000
128.788440099,37.983028309,41.559799194
128.788416462,37.981676713,42.009700775
128.788392828,37.980325116,42.084701538
128.788369195,37.978973519,40.988700867
128.788345563,37.977621921,39.176101685
128.788321933,37.976270324,38.812900543
128.788298305,37.974918726,37.307598114
128.788274678,37.973567127,35.219100952
128.788251053,37.972215529,33.965301514
128.788227430,37.970863930,33.409198761
128.788203808,37.969512331,31.485300064
128.788180187,37.968160731,30.449600220
128.788156568,37.966809131,29.907400131
128.788132951,37.965457531,29.278799057
128.788109335,37.964105930,28.757499695
128.788085721,37.962754329,27.969999313
128.788062109,37.961402728,27.054399490
128.788038498,37.960051126,25.907199860
128.788014889,37.958699524,24.908800125
128.787991281,37.957347922,23.669099808
128.787967675,37.955996320,21.622999191
128.787944070,37.954644717,21.331300735
128.787920467,37.953293114,18.988000870
128.787896865,37.951941510,15.092599869
128.787873266,37.950589906,12.207400322
128.787849667,37.949238302,9.703200340
128.787826071,37.947886698,6.688799858
128.787802475,37.946535093,4.691599846
128.787778882,37.945183488,1.660400033
128.787755290,37.943831882,3.616699934
128.787731699,37.942480276,2.307699919
128.787660938,37.938425457,0.882300019
128.790431885,37.999228709,53.623100281
128.790408199,37.997877117,53.045200348
128.790384514,37.996525525,52.518398285
128.790360830,37.995173933,52.254798889
128.790337149,37.993822340,51.090801239
128.790313468,37.992470747,50.040401459
128.790289790,37.991119154,49.121799469
128.790266113,37.989767561,48.175899506
128.790242437,37.988415967,46.791301727
128.790218764,37.987064373,45.380298615
128.790195091,37.985712778,45.788700104
128.790171421,37.984361183,45.092399597
128.790147751,37.983009588,42.022701263
128.790124084,37.981657993,42.989299774
128.790100418,37.980306397,42.505500793
128.790076754,37.978954801,41.472198486
128.790053091,37.977603204,40.786899567
128.790029430,37.976251607,39.768299103
128.790005770,37.974900010,38.601600647
128.789982112,37.973548413,36.479801178
128.789958456,37.972196815,35.232299805
128.789934801,37.970845217,34.282398224
128.789911148,37.969493619,33.032199860
128.789887496,37.968142020,31.510299683
128.789863846,37.966790421,30.515899658
128.789840197,37.965438821,30.203399658
128.789816550,37.964087222,29.674600601
128.789792905,37.962735622,29.349500656
128.789769261,37.961384021,28.565700531
128.789745619,37.960032421,27.475200653
128.789721978,37.958680820,26.938899994
128.789698339,37.957329218,25.935199738
128.789674702,37.955977617,24.544399261
128.789651066,37.954626015,23.315299988
128.789627432,37.953274413,20.782800674
128.789603799,37.951922810,18.132900238
128.789580168,37.950571207,15.557499886
128.789556538,37.949219604,10.669699669
128.789532910,37.947868000,9.454899788
128.789509284,37.946516396,7.709599972
128.789485659,37.945164792,4.705500126
128.789462036,37.943813187,6.770100117
128.789414794,37.941109977,6.689499855
128.789367559,37.938406766,2.738100052
128.789343943,37.937055160,2.069900036
128.789320330,37.935703553,1.312700033
128.792139912,37.999209952,55.937900543
128.792116195,37.997858361,54.039501190
128.792092478,37.996506770,53.251399994
128.792068764,37.995155179,52.977500916
128.792045050,37.993803587,51.965698242
128.792021339,37.992451995,50.788398743
128.791997629,37.991100403,49.547401428
128.791973921,37.989748810,48.585098267
128.791950214,37.988397217,46.239799500
128.791926509,37.987045624,43.382801056
128.791902805,37.985694031,43.316101074
128.791879103,37.984342437,44.159301758
128.791855403,37.982990842,43.610698700
128.791831704,37.981639248,43.974098206
128.791808007,37.980287653,44.072498322
128.791784311,37.978936058,42.633701324
128.791760617,37.977584462,41.623798370
128.791736925,37.976232866,40.951400757
128.791713234,37.974881270,39.367801666
128.791689544,37.973529673,37.457199097
128.791665857,37.972178077,36.260601044
128.791642170,37.970826479,35.206199646
128.791618486,37.969474882,34.357898712
128.791594803,37.968123284,33.290100098
128.791571121,37.966771686,31.672599792
128.791547442,37.965420088,30.860599518
128.791523763,37.964068489,30.684200287
128.791500087,37.962716890,30.223800659
128.791476412,37.961365290,29.406000137
128.791452738,37.960013690,28.373899460
128.791429066,37.958662090,28.402299881
128.791405396,37.957310490,27.608299255
128.791381727,37.955958889,26.276899338
128.791358060,37.954607288,24.855400085
128.791334395,37.953255687,22.711599350
128.791310731,37.951904085,20.809499741
128.791287068,37.950552483,18.818399429
128.791263407,37.949200881,17.255399704
128.791239748,37.947849278,14.820899963
128.791216091,37.946497675,12.581399918
128.791192435,37.945146072,11.927300453
128.791168780,37.943794468,10.982600212
128.791145127,37.942442864,9.968099594
128.791121476,37.941091260,9.131999969
128.791097826,37.939739655,8.173600197
128.791074178,37.938388050,7.254799843
128.791050531,37.937036445,5.688799858
128.791026886,37.935684839,3.845000029
128.791003243,37.934333233,1.718999982
128.790979601,37.932981627,0.376399994
128.793847938,37.999191171,56.446498871
128.793824189,37.997839581,55.135601044
128.793800441,37.996487991,54.066501617
128.793776695,37.995136400,53.618000031
128.793752951,37.993784810,52.085498810
128.793729208,37.992433219,51.062400818
128.793705467,37.991081627,50.138401031
128.793681727,37.989730035,48.206100464
128.793657989,37.988378443,45.698398590
128.793634252,37.987026851,43.937599182
128.793610518,37.985675258,42.118301392
128.793586784,37.984323665,43.909698486
128.793563053,37.982972072,43.597499847
128.793539322,37.981620478,44.414901733
128.793515594,37.980268884,44.044700623
128.793491867,37.978917290,43.304199219
128.793468142,37.977565695,42.674400330
128.793444418,37.976214100,41.904998779
128.793420696,37.974862505,40.207099915
128.793396975,37.973510909,38.471099854
128.793373256,37.972159313,37.475101471
128.793349538,37.970807717,36.461200714
128.793325823,37.969456121,35.571701050
128.793302108,37.968104524,34.615600586
128.793278396,37.966752926,33.407299042
128.793254685,37.965401329,32.256099701
128.793230975,37.964049731,30.020500183
128.793207267,37.962698133,29.240200043
128.793183561,37.961346534,29.784599304
128.793159856,37.959994935,28.237300873
128.793136153,37.958643336,24.762100220
128.793112451,37.957291737,25.928100586
128.793088751,37.955940137,27.025600433
128.793065053,37.954588537,25.887599945
128.793041356,37.953236936,24.682300568
128.793017661,37.951885335,23.853300095
128.792993967,37.950533734,21.625099182
128.792970275,37.949182133,19.890600204
128.792946585,37.947830531,18.322299957
128.792922896,37.946478929,16.930400848
128.792899209,37.945127327,15.167799950
128.792875523,37.943775724,13.591799736
128.792851839,37.942424121,12.771200180
128.792828156,37.941072517,12.074600220
128.792804475,37.939720914,10.668499947
128.792780796,37.938369310,9.212400436
128.792757118,37.937017705,8.079899788
128.792733442,37.935666101,6.898900032
128.792709767,37.934314496,4.499499798
128.792686094,37.932962890,3.664999962
128.792662423,37.931611285,0.981999993
128.795555962,37.999172364,57.132701874
128.795532181,37.997820776,56.039699554
128.795508402,37.996469186,54.819400787
128.795484625,37.995117597,54.019798279
128.795460849,37.993766007,53.190498352
128.795437075,37.992414417,51.584499359
128.795413303,37.991062826,49.562198639
128.795389532,37.989711236,47.283199310
128.795365762,37.988359644,45.932701111
128.795341995,37.987008053,46.165401459
128.795318228,37.985656461,44.820999146
128.795294464,37.984304869,45.301998138
128.795270701,37.982953277,45.121601105
128.795246939,37.981601684,45.187400818
128.795223179,37.980250091,44.259201050
128.795199421,37.978898497,44.104900360
128.795175664,37.977546904,43.705600739
128.795151909,37.976195310,42.675899506
128.795128156,37.974843715,41.084701538
128.795104404,37.973492120,39.590301514
128.795080654,37.972140525,38.538700104
128.795056905,37.970788930,37.740200043
128.795033158,37.969437334,36.821098328
128.795009412,37.968085738,35.665100098
128.794985668,37.966734142,33.969600677
128.794961926,37.965382545,33.434898376
128.794938185,37.964030948,33.587898254
128.794914446,37.962679351,30.830299377
128.794890708,37.961327753,29.278999329
128.794866972,37.959976156,29.738100052
128.794843238,37.958624557,29.004299164
128.794819505,37.957272959,24.625299454
128.794795774,37.955921360,26.735700607
128.794772044,37.954569761,27.010299683
128.794748316,37.953218161,25.903999329
128.794724590,37.951866561,23.951999664
128.794700865,37.950514961,23.621900558
128.794677141,37.949163360,23.339500427
128.794653420,37.947811759,21.173099518
128.794629699,37.946460158,19.804800034
128.794605981,37.945108557,18.771499634
128.794582264,37.943756955,16.966699600
128.794558549,37.942405353,15.041299820
128.794534835,37.941053750,14.528400421
128.794511123,37.939702147,12.974599838
128.794487412,37.938350544,11.762399673
128.794463703,37.936998941,10.074500084
128.794439995,37.935647337,8.991200447
128.794416290,37.934295733,7.421599865
128.794392585,37.932944129,4.546999931
128.794368883,37.931592524,3.216599941
128.794345181,37.930240919,1.236099958
128.797263984,37.999153534,58.891700745
128.797240172,37.997801946,57.022300720
128.797216362,37.996450357,55.390800476
128.797192554,37.995098769,53.504398346
128.797168746,37.993747180,48.453498840
128.797144941,37.992395590,48.727001190
128.797121137,37.991044001,47.851200104
128.797097335,37.989692411,45.635501862
128.797073534,37.988340821,45.405399323
128.797049735,37.986989230,45.678100586
128.797025937,37.985637639,46.282798767
128.797002142,37.984286048,46.967201233
128.796978347,37.982934457,45.112201691
128.796954554,37.981582865,45.301399231
128.796930763,37.980231273,46.403301239
128.796906974,37.978879680,46.058998108
128.796883186,37.977528087,44.778598785
128.796859399,37.976176494,42.819099426
128.796835615,37.974824901,41.758201599
128.796811831,37.973473307,40.730998993
128.796788050,37.972121713,39.787498474
128.796764270,37.970770118,38.493301392
128.796740491,37.969418523,38.028999329
128.796716715,37.968066928,36.935001373
128.796692939,37.966715333,35.791801453
128.796669166,37.965363737,34.952301025
128.796645394,37.964012141,33.919498444
128.796621623,37.962660545,32.891700745
128.796597854,37.961308948,30.826200485
128.796574087,37.959957351,30.599300385
128.796550321,37.958605754,30.708099365
128.796526557,37.957254156,29.616899490
128.796502795,37.955902558,27.426799774
128.796479034,37.954550960,26.699899673
128.796455274,37.953199361,25.093099594
128.796431517,37.951847762,25.504699707
128.796407760,37.950496163,25.213199615
128.796384006,37.949144563,24.663700104
128.796360253,37.947792963,23.318300247
128.796336502,37.946441363,22.031700134
128.796312752,37.945089762,20.808799744
128.796289003,37.943738161,19.294099808
128.796265257,37.942386560,16.940900803
128.796241512,37.941034958,15.669899940
128.796217768,37.939683356,14.785200119
128.796194026,37.938331754,13.717800140
128.796170286,37.936980152,12.479900360
128.796146548,37.935628549,11.473099709
128.796122810,37.934276946,9.903699875
128.796099075,37.932925342,8.059800148
128.796075341,37.931573738,5.259799957
128.796051609,37.930222134,3.761699915
128.796027878,37.928870530,1.711799979
128.798972005,37.999134678,59.567199707
128.798948162,37.997783091,57.323001862
128.798924320,37.996431503,53.896701813
128.798900480,37.995079916,50.667301178
128.798876642,37.993728328,50.486099243
128.798852805,37.992376739,49.882400513
128.798828970,37.991025151,46.195301056
128.798805136,37.989673562,46.994800568
128.798781304,37.988321972,45.365200043
128.798757474,37.986970383,46.303600311
128.798733645,37.985618793,48.072101593
128.798709818,37.984267202,47.070201874
128.798685992,37.982915612,46.373901367
128.798662168,37.981564021,46.352699280
128.798638346,37.980212429,46.964401245
128.798614525,37.978860838,46.145301819
128.798590706,37.977509246,45.370498657
128.798566888,37.976157654,44.110401154
128.798543072,37.974806061,43.344600677
128.798519257,37.973454468,41.850200653
128.798495444,37.972102875,40.433601379
128.798471633,37.970751282,39.294300079
128.798447823,37.969399688,37.774898529
128.798424015,37.968048093,36.524600983
128.798400209,37.966696499,35.593799591
128.798376404,37.965344904,35.125301361
128.798352600,37.963993309,34.533100128
128.798328799,37.962641714,32.134201050
128.798304999,37.961290118,30.868600845
128.798281200,37.959938522,30.785499573
128.798257403,37.958586925,30.873899460
128.798233608,37.957235328,29.694900513
128.798209814,37.955883731,29.118200302
128.798186022,37.954532134,27.761199951
128.798162231,37.953180536,25.625200272
128.798138442,37.951828938,26.655500412
128.798114655,37.950477340,26.312799454
128.798090869,37.949125741,24.338899612
128.798067085,37.947774142,23.492099762
128.798043302,37.946422542,22.726800919
128.798019521,37.945070943,22.300899506
128.797995741,37.943719343,20.920700073
128.797971964,37.942367742,19.769100189
128.797948187,37.941016142,18.695899963
128.797924413,37.939664541,17.639799118
128.797900639,37.938312939,16.037799835
128.797876868,37.936961338,14.674200058
128.797853098,37.935609736,13.317600250
128.797829330,37.934258134,11.970199585
128.797805563,37.932906531,10.314200401
128.797781798,37.931554928,8.634300232
128.797758034,37.930203325,6.118000031
128.797734272,37.928851721,3.242899895
128.797710512,37.927500117,1.734899998
128.800680024,37.999115797,59.425498962
128.800656150,37.997764211,56.901500702
128.800632277,37.996412625,54.883598328
128.800608405,37.995061038,52.852199554
128.800584536,37.993709451,49.995399475
128.800560668,37.992357863,49.056999207
128.800536801,37.991006275,49.039699554
128.800512936,37.989654687,49.106300354
128.800489073,37.988303099,48.004798889
128.800465211,37.986951510,47.666198730
128.800441351,37.985599921,47.589900970
128.800417492,37.984248332,47.150600433
128.800393636,37.982896742,45.798999786
128.800369780,37.981545152,46.645000458
128.800345926,37.980193562,46.711299896
128.800322074,37.978841971,46.301399231
128.800298224,37.977490380,45.435798645
128.800274375,37.976138789,43.833900452
128.800250527,37.974787197,42.704498291
128.800226682,37.973435605,41.929599762
128.800202837,37.972084013,40.941299438
128.800178995,37.970732420,39.168399811
128.800155154,37.969380827,36.636901855
128.800131314,37.968029234,35.247100830
128.800107477,37.966677640,35.029201508
128.800083640,37.965326046,31.635000229
128.800059806,37.963974452,33.099498749
128.800035973,37.962622858,32.929199219
128.800012141,37.961271263,32.045799255
128.799988311,37.959919667,32.341098785
128.799964483,37.958568072,30.975999832
128.799940657,37.957216476,30.080099106
128.799916832,37.955864880,29.757900238
128.799893008,37.954513283,27.778600693
128.799869186,37.953161687,24.858999252
128.799845366,37.951810089,27.405000687
128.799821547,37.950458492,26.874099731
128.799797730,37.949106894,25.282800674
128.799773915,37.947755296,24.931600571
128.799750101,37.946403697,23.306299210
128.799726289,37.945052099,21.957899094
128.799702478,37.943700500,21.747299194
128.799678669,37.942348900,21.548000336
128.799654861,37.940997300,19.981599808
128.799631055,37.939645700,18.898899078
128.799607251,37.938294100,17.940999985
128.799583448,37.936942499,16.599899292
128.799559647,37.935590898,15.217100143
128.799535847,37.934239297,13.647800446
128.799512049,37.932887695,12.302499771
128.799488253,37.931536093,10.993700027
128.799464458,37.930184491,9.050600052
128.799440665,37.928832888,6.116799831
128.799416873,37.927481285,4.111299992
128.799393083,37.926129682,1.721600056
128.802388042,37.999096892,59.221199036
128.802364136,37.997745307,57.436901093
128.802340232,37.996393721,54.382701874
128.802316329,37.995042135,52.549198151
128.802292428,37.993690549,50.972198486
128.802268529,37.992338962,47.588001251
128.802244631,37.990987376,47.152198792
128.802220735,37.989635788,49.777301788
128.802196840,37.988284201,50.039100647
128.802172947,37.986932613,49.498001099
128.802149055,37.985581025,47.945701599
128.802125166,37.984229436,43.605499268
128.802101277,37.982877848,44.639099121
128.802077391,37.981526259,45.640201569
128.802053506,37.980174669,46.144798279
128.802029622,37.978823079,47.251300812
128.802005740,37.977471489,46.670299530
128.801981860,37.976119899,44.844100952
128.801957981,37.974768308,42.973201752
128.801934104,37.973416717,42.721698761
128.801910229,37.972065126,41.210899353
128.801886355,37.970713534,39.455101013
128.801862483,37.969361942,37.608898163
128.801838612,37.968010350,36.958698273
128.801814743,37.966658757,36.823398590
128.801790875,37.965307164,37.199001312
128.801767009,37.963955571,35.732898712
128.801743145,37.962603977,34.559799194
128.801719282,37.961252383,33.647098541
128.801695421,37.959900789,33.645401001
128.801671562,37.958549194,32.731601715
128.801647704,37.957197599,30.538900375
128.801623848,37.955846004,28.983400345
128.801599993,37.954494408,29.126699448
128.801576140,37.953142812,28.026800156
128.801552288,37.951791216,27.080799103
128.801528438,37.950439619,26.924600601
128.801504590,37.949088022,26.723800659
128.801480743,37.947736425,25.657100677
128.801456898,37.946384828,23.657800674
128.801433055,37.945033230,24.196199417
128.801409213,37.943681632,23.020799637
128.801385372,37.942330033,22.352500916
128.801361533,37.940978434,18.505599976
128.801337696,37.939626835,19.821699142
128.801313861,37.938275236,19.395900726
128.801290027,37.936923636,18.169200897
128.801266194,37.935572036,17.056400299
128.801242364,37.934220435,15.835000038
128.801218534,37.932868834,14.220299721
128.801194707,37.931517233,12.827899933
128.801170881,37.930165632,11.266900063
128.801147056,37.928814030,8.745100021
128.801123233,37.927462428,5.227499962
128.801099412,37.926110826,3.367799997
128.801075593,37.924759223,1.737200022
128.804096058,37.999077962,61.156898499
128.804072121,37.997726377,59.333400726
128.804048185,37.996374793,57.136501312
128.804024251,37.995023208,54.862598419
128.804000319,37.993671622,53.165298462
128.803976388,37.992320037,51.966098785
128.803952459,37.990968451,51.488601685
128.803928531,37.989616865,52.655998230
128.803904605,37.988265278,52.130599976
128.803880681,37.986913691,51.111598969
128.803856758,37.985562104,47.595401764
128.803832837,37.984210516,44.186901093
128.803808917,37.982858928,44.923698425
128.803784999,37.981507340,47.656398773
128.803761083,37.980155752,48.692600250
128.803737168,37.978804163,48.526000977
128.803713255,37.977452574,47.547698975
128.803689344,37.976100984,46.423099518
128.803665434,37.974749394,44.650901794
128.803641525,37.973397804,43.887298584
128.803617619,37.972046214,42.492500305
128.803593713,37.970694623,41.697498322
128.803569810,37.969343032,40.653198242
128.803545908,37.967991440,40.203399658
128.803522007,37.966639849,39.995300293
128.803498109,37.965288257,39.187999725
128.803474212,37.963936664,38.275600433
128.803450316,37.962585071,37.179901123
128.803426422,37.961233478,34.347198486
128.803402530,37.959881885,33.896598816
128.803378639,37.958530291,33.571399689
128.803354750,37.957178697,33.108398438
128.803330862,37.955827103,30.387300491
128.803306976,37.954475508,29.788900375
128.803283092,37.953123913,28.721399307
128.803259209,37.951772318,29.786899567
128.803235328,37.950420722,29.344100952
128.803211448,37.949069126,26.792600632
128.803187570,37.947717530,26.725700378
128.803163694,37.946365933,26.097200394
128.803139819,37.945014336,25.743299484
128.803115946,37.943662739,23.109500885
128.803092074,37.942311141,21.325300217
128.803068204,37.940959543,19.285999298
128.803044336,37.939607945,21.117200851
128.803020469,37.938256347,18.696199417
128.802996604,37.936904748,19.195699692
128.802972740,37.935553148,16.622299194
128.802948878,37.934201549,17.502500534
128.802925018,37.932849949,17.093999863
128.802901159,37.931498349,14.883799553
128.802877302,37.930146748,13.085599899
128.802853446,37.928795147,11.145999908
128.802829592,37.927443546,8.282299995
128.802805739,37.926091945,4.676599979
128.802781889,37.924740343,4.028699875
128.802758039,37.923388741,1.716599941
128.805804072,37.999059007,62.375701904
128.805780104,37.997707423,60.535598755
128.805756137,37.996355840,58.102699280
128.805732171,37.995004256,57.023998260
128.805708208,37.993652671,55.671199799
128.805684246,37.992301086,54.467498779
128.805660285,37.990949501,54.096401215
128.805636326,37.989597916,53.725299835
128.805612369,37.988246330,52.837799072
128.805588413,37.986894744,51.548500061
128.805564459,37.985543158,49.911499023
128.805540507,37.984191571,50.248600006
128.805516556,37.982839985,50.247398376
128.805492607,37.981488397,50.358299255
128.805468659,37.980136810,50.546298981
128.805444713,37.978785222,49.941299438
128.805420769,37.977433633,48.761501312
128.805396826,37.976082045,47.249000549
128.805372884,37.974730456,46.958599091
128.805348945,37.973378867,43.583301544
128.805325007,37.972027277,44.107700348
128.805301070,37.970675687,43.864799500
128.805277135,37.969324097,43.113201141
128.805253202,37.967972507,42.324501038
128.805229271,37.966620916,41.671100616
128.805205340,37.965269324,40.430801392
128.805181412,37.963917733,39.206901550
128.805157485,37.962566141,37.853599548
128.805133560,37.961214549,36.589599609
128.805109636,37.959862957,36.094799042
128.805085714,37.958511364,34.458801270
128.805061794,37.957159771,33.863601685
128.805037875,37.955808177,32.617401123
128.805013958,37.954456583,31.595500946
128.804990042,37.953104989,30.973899841
128.804966128,37.951753395,31.892999649
128.804942216,37.950401800,28.695800781
128.804918305,37.949050205,29.202800751
128.804894395,37.947698610,27.583799362
128.804870488,37.946347014,27.017599106
128.804846582,37.944995418,26.873199463
128.804822677,37.943643822,24.590900421
128.804798774,37.942292225,23.656299591
128.804774873,37.940940628,23.980800629
128.804750974,37.939589030,24.196399689
128.804727076,37.938237433,21.427099228
128.804703179,37.936885835,21.494800568
128.804679284,37.935534236,19.175300598
128.804655391,37.934182638,18.135999680
128.804631499,37.932831039,18.291200638
128.804607609,37.931479440,17.162399292
128.804583721,37.930127840,15.329000473
128.804559834,37.928776240,13.243700027
128.804535949,37.927424640,10.883899689
128.804512065,37.926073039,7.973299980
128.804488183,37.924721438,4.614900112
128.804464302,37.923369837,2.826200008
128.804440424,37.922018236,1.341899991
128.807512085,37.999040027,61.651000977
128.807488085,37.997688444,59.717399597
128.807464087,37.996336862,57.743801117
128.807440090,37.994985279,57.487400055
128.807416095,37.993633695,56.568401337
128.807392102,37.992282111,56.207298279
128.807368110,37.990930527,54.962299347
128.807344120,37.989578943,56.176498413
128.807320131,37.988227358,54.579101563
128.807296144,37.986875773,48.775299072
128.807272159,37.985524188,51.980899811
128.807248175,37.984172602,53.077999115
128.807224193,37.982821016,52.946601868
128.807200212,37.981469429,52.110599518
128.807176233,37.980117843,51.635700226
128.807152256,37.978766256,51.023998260
128.807128280,37.977414668,49.576301575
128.807104306,37.976063081,49.009300232
128.807080334,37.974711493,48.373798370
128.807056363,37.973359904,47.163398743
128.807032393,37.972008316,45.870601654
128.807008426,37.970656727,44.700099945
128.806984459,37.969305137,43.589500427
128.806960495,37.967953548,42.030601501
128.806936532,37.966601958,40.269798279
128.806912571,37.965250368,39.290100098
128.806888611,37.963898777,38.721900940
128.806864653,37.962547186,37.237800598
128.806840696,37.961195595,36.906898499
128.806816741,37.959844003,36.560901642
128.806792788,37.958492411,34.757999420
128.806768836,37.957140819,34.750000000
128.806744886,37.955789227,33.622398376
128.806720938,37.954437634,34.041900635
128.806696991,37.953086041,34.619400024
128.806673046,37.951734447,34.115699768
128.806649102,37.950382853,32.712699890
128.806625160,37.949031259,31.527900696
128.806601219,37.947679665,30.463699341
128.806577280,37.946328070,29.361299515
128.806553343,37.944976475,27.761800766
128.806529407,37.943624879,27.629199982
128.806505473,37.942273284,26.610700607
128.806481541,37.940921687,26.209999084
128.806457610,37.939570091,25.576499939
128.806433681,37.938218494,24.425100327
128.806409753,37.936866897,22.935699463
128.806385827,37.935515300,21.394599915
128.806361902,37.934163702,19.852899551
128.806337979,37.932812104,19.942899704
128.806314058,37.931460506,19.038499832
128.806290138,37.930108907,17.125999451
128.806266220,37.928757308,15.301899910
128.806242304,37.927405709,13.037799835
128.806218389,37.926054109,10.543299675
128.806194476,37.924702509,7.856800079
128.806170564,37.923350909,4.551899910
128.806146654,37.921999308,3.717900038
128.806122745,37.920647707,1.419299960
128.809220096,37.999021022,63.489299774
128.809196065,37.997669441,61.894699097
128.809172035,37.996317859,59.824401855
128.809148007,37.994966277,59.262599945
128.809123981,37.993614694,57.672000885
128.809099956,37.992263111,58.110900879
128.809075933,37.990911528,58.208599091
128.809051912,37.989559945,58.145500183
128.809027892,37.988208361,56.279899597
128.809003874,37.986856777,55.173900604
128.808979857,37.985505192,55.224700928
128.808955842,37.984153607,54.050598145
128.808931828,37.982802022,53.750000000
128.808907816,37.981450437,53.341800690
128.808883806,37.980098851,51.654998779
128.808859798,37.978747265,51.426200867
128.808835790,37.977395678,50.733699799
128.808811785,37.976044092,49.500301361
128.808787781,37.974692505,48.242099762
128.808763779,37.973340917,47.449199677
128.808739778,37.971989330,46.601898193
128.808715779,37.970637741,45.352798462
128.808691782,37.969286153,44.010601044
128.808667786,37.967934564,43.028598785
128.808643792,37.966582975,42.039299011
128.808619799,37.965231386,39.676300049
128.808595808,37.963879796,39.045101166
128.808571819,37.962528206,39.435100555
128.808547831,37.961176616,39.584701538
128.808523845,37.959825025,38.415500641
128.808499860,37.958473434,36.106498718
128.808475877,37.957121843,33.249198914
128.808451896,37.955770252,33.663799286
128.808427916,37.954418660,32.736801147
128.808403938,37.953067067,34.251098633
128.808379961,37.951715475,34.045700073
128.808355986,37.950363882,32.759201050
128.808332013,37.949012289,32.050899506
128.808308041,37.947660695,31.037099838
128.808284071,37.946309101,29.512399673
128.808260103,37.944957507,28.141500473
128.808236136,37.943605912,27.800500870
128.808212170,37.942254318,27.339500427
128.808188207,37.940902722,26.668600082
128.808164245,37.939551127,25.635400772
128.808140284,37.938199531,24.572099686
128.808116325,37.936847935,23.380800247
128.808092368,37.935496338,21.802299500
128.808068412,37.934144742,21.954700470
128.808044458,37.932793144,21.988700867
128.808020505,37.931441547,20.332700729
128.807996554,37.930089949,18.666999817
128.807972605,37.928738351,16.781200409
128.807948657,37.927386753,14.798100471
128.807924711,37.926035154,12.732700348
128.807900767,37.924683555,10.538700104
128.807876824,37.923331955,7.948100090
128.807852883,37.921980356,4.456699848
128.807828943,37.920628756,3.239500046
128.807805005,37.919277155,1.409500003
128.810928106,37.999001993,63.807800293
128.810904043,37.997650412,63.154499054
128.810879982,37.996298831,61.856399536
128.810855923,37.994947250,60.506698608
128.810831865,37.993595669,59.818698883
128.810807809,37.992244087,59.490501404
128.810783755,37.990892504,59.293098450
128.810759702,37.989540922,59.329601288
128.810735651,37.988189339,57.786098480
128.810711601,37.986837756,57.979099274
128.810687553,37.985486172,56.390899658
128.810663507,37.984134588,53.861400604
128.810639462,37.982783004,53.285900116
128.810615419,37.981431419,54.135700226
128.810591377,37.980079835,53.316699982
128.810567337,37.978728249,52.200298309
128.810543299,37.977376664,50.898300171
128.810519262,37.976025078,49.543998718
128.810495227,37.974673492,48.712100983
128.810471194,37.973321905,48.315399170
128.810447162,37.971970319,46.919399261
128.810423131,37.970618731,46.213001251
128.810399103,37.969267144,45.369201660
128.810375076,37.967915556,44.580699921
128.810351050,37.966563968,42.919101715
128.810327026,37.965212380,42.002300262
128.810303004,37.963860791,41.362998962
128.810278983,37.962509202,40.346099854
128.810254964,37.961157612,39.150798798
128.810230947,37.959806023,38.357200623
128.810206931,37.958454433,37.722599030
128.810182917,37.957102842,37.165100098
128.810158904,37.955751252,35.715801239
128.810134893,37.954399661,34.309700012
128.810110884,37.953048069,33.645500183
128.810086876,37.951696478,33.851898193
128.810062869,37.950344886,32.880901337
128.810038865,37.948993293,31.862899780
128.810014862,37.947641701,30.341499329
128.809990860,37.946290108,28.914600372
128.809966861,37.944938514,28.081199646
128.809942863,37.943586921,27.364099503
128.809918866,37.942235327,25.923299789
128.809894871,37.940883732,26.850799561
128.809870878,37.939532138,26.212499619
128.809846886,37.938180543,24.864900589
128.809822896,37.936828948,23.939699173
128.809798907,37.935477352,22.975500107
128.809774920,37.934125756,23.394100189
128.809750935,37.932774160,23.199399948
128.809726951,37.931422564,21.854900360
128.809702969,37.930070967,20.061700821
128.809678988,37.928719370,18.389900208
128.809655009,37.927367772,16.480600357
128.809631032,37.926016174,14.576700211
128.809607056,37.924664576,12.399299622
128.809583082,37.923312978,10.248999596
128.809559110,37.921961379,7.539999962
128.809535139,37.920609780,4.094999790
128.809511170,37.919258180,2.666199923
128.809487202,37.917906580,0.981899977
128.812636114,37.998982939,65.597198486
128.812612020,37.997631359,65.145202637
128.812587928,37.996279779,62.928699493
128.812563837,37.994928199,61.953098297
128.812539748,37.993576618,62.372001648
128.812515661,37.992225037,61.154499054
128.812491575,37.990873456,61.048099518
128.812467491,37.989521874,61.437301636
128.812443408,37.988170292,60.758201599
128.812419327,37.986818710,59.611301422
128.812395248,37.985467127,58.104598999
128.812371170,37.984115544,57.227600098
128.812347094,37.982763961,57.290199280
128.812323020,37.981412377,56.027400970
128.812298947,37.980060793,54.093498230
128.812274876,37.978709209,53.059700012
128.812250806,37.977357624,51.715698242
128.812226738,37.976006039,50.094299316
128.812202671,37.974654454,49.070899963
128.812178607,37.973302869,48.456001282
128.812154543,37.971951283,47.844200134
128.812130482,37.970599697,47.712200165
128.812106422,37.969248110,46.931198120
128.812082363,37.967896523,45.562099457
128.812058307,37.966544936,44.924400330
128.812034252,37.965193349,44.252601624
128.812010198,37.963841761,44.059898376
128.811986146,37.962490173,40.257900238
128.811962096,37.961138584,39.229198456
128.811938047,37.959786995,38.629600525
128.811914000,37.958435406,38.660701752
128.811889954,37.957083817,36.875999451
128.811865910,37.955732227,35.474399567
128.811841868,37.954380637,34.674301147
128.811817827,37.953029046,35.150901794
128.811793788,37.951677456,31.824199677
128.811769751,37.950325865,31.471799850
128.811745715,37.948974273,31.255300522
128.811721681,37.947622681,29.571300507
128.811697648,37.946271089,28.456100464
128.811673617,37.944919497,28.402999878
128.811649588,37.943567904,26.201299667
128.811625560,37.942216311,28.274799347
128.811601534,37.940864718,27.855699539
128.811577509,37.939513124,25.038499832
128.811553486,37.938161530,24.350000381
128.811529465,37.936809936,24.318799973
128.811505445,37.935458341,23.002899170
128.811481427,37.934106746,22.377199173
128.811457410,37.932755151,23.678400040
128.811433395,37.931403555,23.058799744
128.811409382,37.930051959,21.465299606
128.811385370,37.928700363,19.799100876
128.811361360,37.927348767,17.967300415
128.811337351,37.925997170,16.263599396
128.811313344,37.924645572,14.471300125
128.811289339,37.923293975,12.261099815
128.811265335,37.921942377,10.243800163
128.811241333,37.920590779,7.284599781
128.811217333,37.919239180,3.853800058
128.811193334,37.917887581,1.819300056
128.811169336,37.916535982,0.704299986
128.814344120,37.998963860,69.236198425
128.814319995,37.997612281,65.884300232
128.814295871,37.996260702,63.152900696
128.814271749,37.994909123,62.362499237
128.814247629,37.993557543,63.738700867
128.814223510,37.992205963,64.018402100
128.814199393,37.990854382,63.053600311
128.814175278,37.989502802,61.734100342
128.814151164,37.988151220,61.771999359
128.814127052,37.986799639,61.014400482
128.814102941,37.985448057,60.080501556
128.814078832,37.984096475,58.741100311
128.814054725,37.982744893,58.157398224
128.814030619,37.981393310,57.408599854
128.814006515,37.980041727,56.227298737
128.813982412,37.978690144,54.980998993
128.813958311,37.977338560,53.375801086
128.813934212,37.975986976,52.032001495
128.813910114,37.974635392,51.138401031
128.813886018,37.973283807,50.494400024
128.813861924,37.971932222,49.457298279
128.813837831,37.970580637,48.656501770
128.813813739,37.969229051,48.008701324
128.813789650,37.967877465,46.740200043
128.813765562,37.966525879,45.822101593
128.813741475,37.965174293,45.057399750
128.813717390,37.963822706,44.108398438
128.813693307,37.962471118,42.584201813
128.813669226,37.961119531,41.501701355
128.813645146,37.959767943,39.821498871
128.813621067,37.958416355,36.330600739
128.813596990,37.957064766,35.971599579
128.813572915,37.955713177,34.972400665
128.813548842,37.954361588,36.104801178
128.813524770,37.953009999,36.443599701
128.813500699,37.951658409,34.034000397
128.813476631,37.950306819,33.358100891
128.813452564,37.948955228,30.797599792
128.813428498,37.947603637,28.935600281
128.813404434,37.946252046,27.365100861
128.813380372,37.944900455,27.802600861
128.813356311,37.943548863,29.912399292
128.813332252,37.942197271,29.440700531
128.813308195,37.940845679,27.608999252
128.813284139,37.939494086,26.267799377
128.813260085,37.938142493,23.583400726
128.813236032,37.936790899,22.962699890
128.813211981,37.935439306,23.462699890
128.813187932,37.934087712,24.783300400
128.813163884,37.932736117,24.783100128
128.813139838,37.931384523,20.830400467
128.813115793,37.930032928,20.628400803
128.813091750,37.928681332,20.548200607
128.813067709,37.927329736,19.345399857
128.813043669,37.925978141,17.870000839
128.813019631,37.924626544,16.267200470
128.812995594,37.923274948,14.329899788
128.812971559,37.921923351,12.119899750
128.812947526,37.920571753,9.941800117
128.812923494,37.919220156,7.017000198
128.812899464,37.917868558,3.732000113
128.812875435,37.916516959,2.552500010
128.816052125,37.998944756,71.104301453
128.816027968,37.997593178,67.719299316
128.816003813,37.996241600,63.966701508
128.815979660,37.994890022,60.360698700
128.815955509,37.993538443,64.897003174
128.815931359,37.992186864,65.553901672
128.815907210,37.990835284,64.576400757
128.815883063,37.989483704,64.623497009
128.815858918,37.988132124,64.038497925
128.815834775,37.986780544,62.935001373
128.815810633,37.985428963,61.358898163
128.815786492,37.984077382,60.249500275
128.815762354,37.982725800,58.439701080
128.815738217,37.981374218,57.259998322
128.815714081,37.980022636,57.096401215
128.815689947,37.978671054,56.295700073
128.815665815,37.977319471,55.116199493
128.815641684,37.975967888,54.133998871
128.815617555,37.974616305,53.113399506
128.815593428,37.973264721,51.690200806
128.815569302,37.971913137,50.594100952
128.815545178,37.970561553,48.818801880
128.815521055,37.969209968,47.288398743
128.815496934,37.967858383,44.042701721
128.815472815,37.966506798,43.943698883
128.815448697,37.965155212,44.014301300
128.815424581,37.963803626,44.119300842
128.815400467,37.962452040,42.717300415
128.815376354,37.961100453,40.109001160
128.815352243,37.959748866,38.029800415
128.815328133,37.958397279,35.577899933
128.815304025,37.957045691,35.851299286
128.815279919,37.955694103,34.165500641
128.815255814,37.954342515,35.224800110
128.815231711,37.952990926,36.268600464
128.815207609,37.951639337,35.669498444
128.815183509,37.950287748,31.952800751
128.815159411,37.948936159,30.461200714
128.815135314,37.947584569,30.520700455
128.815111219,37.946232979,28.771400452
128.815087125,37.944881388,29.207899094
128.815063033,37.943529797,30.160800934
128.815038943,37.942178206,25.485000610
128.815014854,37.940826614,28.121299744
128.814990767,37.939475023,27.265800476
128.814966682,37.938123431,23.759099960
128.814942598,37.936771838,26.114500046
128.814918516,37.935420245,28.086599350
128.814894435,37.934068652,27.271499634
128.814870356,37.932717059,26.026800156
128.814846278,37.931365465,25.289899826
128.814822203,37.930013871,22.878099442
128.814798128,37.928662276,22.290300369
128.814774056,37.927310682,20.820800781
128.814749985,37.925959087,19.381700516
128.814725915,37.924607491,17.736400604
128.814701848,37.923255895,16.149700165
128.814677782,37.921904299,14.287500381
128.814653717,37.920552703,12.109800339
128.814629654,37.919201106,9.891599655
128.814605593,37.917849509,6.864699841
128.814581533,37.916497912,3.817500114
128.814557475,37.915146314,1.975999951
128.817760128,37.998925628,71.670997620
128.817735940,37.997574051,71.279800415
128.817711754,37.996222473,68.168800354
128.817687569,37.994870896,66.631103516
128.817663386,37.993519318,66.891899109
128.817639205,37.992167740,66.926399231
128.817615025,37.990816161,66.571098328
128.817590847,37.989464582,66.135902405
128.817566671,37.988113003,65.134399414
128.817542496,37.986761423,63.811599731
128.817518323,37.985409844,62.383998871
128.817494151,37.984058263,61.180999756
128.817469981,37.982706683,60.337501526
128.817445813,37.981355102,59.661899567
128.817421646,37.980003521,58.538799286
128.817397481,37.978651939,57.178901672
128.817373317,37.977300357,55.864498138
128.817349155,37.975948775,54.886699677
128.817324995,37.974597193,54.077999115
128.817300836,37.973245610,53.195400238
128.817276679,37.971894027,51.602199554
128.817252524,37.970542443,50.605300903
128.817228370,37.969190860,47.854198456
128.817204218,37.967839276,45.161098480
128.817180067,37.966487691,45.647800446
128.817155918,37.965136106,46.191501617
128.817131771,37.963784521,44.652000427
128.817107625,37.962432936,39.822700500
128.817083481,37.961081350,37.898799896
128.817059338,37.959729764,35.545398712
128.817035197,37.958378178,37.237998962
128.817011058,37.957026591,37.939399719
128.816986920,37.955675004,36.547199249
128.816962784,37.954323417,35.283599854
128.816938650,37.952971829,35.768398285
128.816914517,37.951620241,36.568401337
128.816890386,37.950268653,35.006599426
128.816866256,37.948917064,33.219799042
128.816842128,37.947565475,32.204700470
128.816818002,37.946213886,29.845800400
128.816793877,37.944862296,31.120399475
128.816769754,37.943510706,30.534500122
128.816745632,37.942159116,26.932600021
128.816721512,37.940807526,27.852699280
128.816697394,37.939455935,28.346900940
128.816673277,37.938104344,27.958200455
128.816649162,37.936752752,26.645900726
128.816625048,37.935401160,28.468500137
128.816600937,37.934049568,28.008300781
128.816576826,37.932697975,26.749000549
128.816552718,37.931346383,25.565000534
128.816528611,37.929994789,25.003099442
128.816504505,37.928643196,23.936399460
128.816480401,37.927291602,22.561800003
128.816456299,37.925940008,20.979400635
128.816432199,37.924588413,19.426799774
128.816408100,37.923236819,17.903999329
128.816384002,37.921885223,16.209899902
128.816359906,37.920533628,14.459099770
128.816335812,37.919182032,12.584899902
128.816311720,37.917830436,9.831999779
128.816287629,37.916478840,6.485899925
128.816263540,37.915127243,4.324299812
128.816239452,37.913775646,1.428799987
128.819468129,37.998906474,73.298797607
128.819443910,37.997554898,75.215499878
128.819419693,37.996203322,73.481796265
128.819395477,37.994851745,72.201301575
128.819371263,37.993500168,69.793502808
128.819347050,37.992148591,67.856002808
128.819322839,37.990797013,68.019599915
128.819298629,37.989445435,67.233802795
128.819274422,37.988093857,65.969001770
128.819250215,37.986742278,64.345703125
128.819226011,37.985390699,62.557800293
128.819201808,37.984039120,60.465099335
128.819177607,37.982687541,60.048198700
128.819153407,37.981335961,59.615798950
128.819129209,37.979984380,58.850700378
128.819105012,37.978632800,57.625099182
128.819080818,37.977281219,56.777599335
128.819056624,37.975929638,55.635799408
128.819032433,37.974578056,54.604598999
128.819008243,37.973226474,53.649299622
128.818984054,37.971874892,52.763500214
128.818959868,37.970523310,51.748699188
128.818935683,37.969171727,50.816299438
128.818911499,37.967820144,50.503200531
128.818887317,37.966468560,49.582000732
128.818863137,37.965116976,48.528400421
128.818838958,37.963765392,44.750198364
128.818814781,37.962413808,40.093700409
128.818790606,37.961062223,39.008598328
128.818766432,37.959710638,37.881198883
128.818742260,37.958359052,39.145801544
128.818718089,37.957007467,38.614799500
128.818693920,37.955655880,37.228900909
128.818669753,37.954304294,36.087299347
128.818645587,37.952952707,36.870800018
128.818621423,37.951601120,36.832199097
128.818597261,37.950249533,35.672901154
128.818573100,37.948897945,33.625598907
128.818548940,37.947546357,33.050201416
128.818524783,37.946194769,34.520900726
128.818500627,37.944843180,32.361499786
128.818476472,37.943491591,31.031900406
128.818452320,37.942140002,28.773099899
128.818428168,37.940788412,28.744300842
128.818404019,37.939436822,27.100799561
128.818379871,37.938085232,26.528900146
128.818355724,37.936733641,27.322700500
128.818331580,37.935382050,29.802400589
128.818307437,37.934030459,29.126100540
128.818283295,37.932678867,25.655099869
128.818259155,37.931327275,26.675800323
128.818235017,37.929975683,26.302999496
128.818210880,37.928624091,24.729900360
128.818186745,37.927272498,23.415199280
128.818162612,37.925920904,22.023399353
128.818138480,37.924569311,20.789600372
128.818114350,37.923217717,18.606399536
128.818090221,37.921866123,17.712699890
128.818066094,37.920514528,16.579500198
128.818041969,37.919162933,14.743499756
128.818017845,37.917811338,12.581600189
128.817993723,37.916459743,9.365200043
128.817969603,37.915108147,4.954999924
128.817945484,37.913756551,2.625299931
128.821176129,37.998887296,78.180000305
128.821151879,37.997535721,77.279098511
128.821127630,37.996184146,76.712898254
128.821103383,37.994832570,75.171997070
128.821079137,37.993480994,72.564102173
128.821054893,37.992129417,71.544601440
128.821030651,37.990777841,70.025497437
128.821006410,37.989426264,68.390197754
128.820982171,37.988074686,66.656898499
128.820957933,37.986723109,65.119102478
128.820933698,37.985371531,63.963600159
128.820909463,37.984019952,62.776699066
128.820885231,37.982668374,60.533199310
128.820861000,37.981316795,60.140499115
128.820836770,37.979965215,59.751300812
128.820812543,37.978613636,58.887298584
128.820788316,37.977262056,57.832801819
128.820764092,37.975910475,56.587898254
128.820739869,37.974558895,55.302600861
128.820715648,37.973207314,54.552898407
128.820691428,37.971855732,53.447299957
128.820667210,37.970504151,52.237400055
128.820642994,37.969152569,51.327301025
128.820618779,37.967800987,50.840099335
128.820594566,37.966449404,49.927799225
128.820570354,37.965097821,49.327598572
128.820546144,37.963746238,47.571399689
128.820521936,37.962394655,45.430000305
128.820497729,37.961043071,42.517398834
128.820473524,37.959691486,42.000198364
128.820449321,37.958339902,41.398700714
128.820425119,37.956988317,39.500701904
128.820400919,37.955636732,38.061100006
128.820376720,37.954285146,38.241500854
128.820352523,37.952933561,39.601200104
128.820328328,37.951581975,38.944099426
128.820304134,37.950230388,36.596698761
128.820279942,37.948878801,34.447898865
128.820255751,37.947527214,33.218299866
128.820231562,37.946175627,34.889999390
128.820207375,37.944824039,34.793098450
128.820183189,37.943472451,33.847499847
128.820159005,37.942120862,31.447700500
128.820134823,37.940769274,29.716400146
128.820110642,37.939417685,30.821599960
128.820086463,37.938066095,31.327600479
128.820062285,37.936714506,31.759300232
128.820038109,37.935362916,31.359500885
128.820013935,37.934011325,30.623300552
128.819989762,37.932659735,29.757999420
128.819965591,37.931308144,28.523399353
128.819941422,37.929956552,27.391899109
128.819917254,37.928604961,25.916799545
128.819893088,37.927253369,24.549200058
128.819868923,37.925901776,23.407600403
128.819844760,37.924550184,22.292600632
128.819820599,37.923198591,20.804100037
128.819796439,37.921846997,18.605300903
128.819772281,37.920495404,17.397100449
128.819748124,37.919143810,14.365599632
128.819723969,37.917792216,13.995699883
128.819699816,37.916440621,11.038599968
128.819675664,37.915089026,7.229800224
128.819651514,37.913737431,3.799599886
128.819627366,37.912385835,2.481100082
128.822884127,37.998868093,81.128997803
128.822859846,37.997516519,80.669601440
128.822835565,37.996164945,78.768501282
128.822811287,37.994813370,75.369903564
128.822787010,37.993461795,74.031600952
128.822762735,37.992110219,72.942596436
128.822738461,37.990758643,71.272300720
128.822714189,37.989407067,69.371101379
128.822689919,37.988055491,67.183296204
128.822665650,37.986703914,65.761901855
128.822641383,37.985352337,64.704696655
128.822617117,37.984000760,63.192401886
128.822592853,37.982649182,61.340099335
128.822568591,37.981297604,60.875499725
128.822544330,37.979946025,60.802501678
128.822520071,37.978594447,59.898200989
128.822495814,37.977242868,58.749698639
128.822471558,37.975891288,57.802600861
128.822447304,37.974539708,56.678398132
128.822423051,37.973188128,55.561199188
128.822398800,37.971836548,54.101299286
128.822374551,37.970484967,52.513801575
128.822350303,37.969133386,50.882999420
128.822326057,37.967781805,50.267200470
128.822301813,37.966430224,50.036701202
128.822277570,37.965078642,49.530601501
128.822253329,37.963727059,48.296199799
128.822229089,37.962375477,46.909599304
128.822204851,37.961023894,44.730201721
128.822180615,37.959672310,42.480598450
128.822156380,37.958320727,41.073299408
128.822132147,37.956969143,40.189399719
128.822107915,37.955617559,39.661899567
128.822083686,37.954265974,40.036399841
128.822059457,37.952914389,40.924400330
128.822035231,37.951562804,40.080501556
128.822011006,37.950211219,36.917198181
128.821986782,37.948859633,34.909500122
128.821962560,37.947508046,34.146099091
128.821938340,37.946156460,36.458801270
128.821914122,37.944804873,35.432598114
128.821889905,37.943453286,34.487499237
128.821865690,37.942101699,32.768001556
128.821841476,37.940750111,33.396800995
128.821817264,37.939398523,33.669601440
128.821793054,37.938046934,32.081501007
128.821768845,37.936695345,32.229598999
128.821744638,37.935343756,31.076599121
128.821720432,37.933992167,31.022100449
128.821696228,37.932640577,30.117700577
128.821672026,37.931288987,28.839099884
128.821647825,37.929937397,27.683500290
128.821623626,37.928585806,26.670000076
128.821599428,37.927234215,25.428499222
128.821575233,37.925882623,23.756200790
128.821551038,37.924531032,22.085599899
128.821526846,37.923179440,17.892700195
128.821502655,37.921827847,16.667299271
128.821478465,37.920476255,13.675200462
128.821454278,37.919124662,10.843299866
128.821430091,37.917773068,12.509499550
128.821405907,37.916421475,7.454999924
128.821381724,37.915069881,9.668199539
128.821357543,37.913718286,7.484899998
128.821333363,37.912366692,3.839999914
128.821309185,37.911015097,2.544500113
128.824592124,37.998848866,83.326400757
128.824567811,37.997497292,81.473297119
128.824543499,37.996145719,79.966796875
128.824519190,37.994794145,77.906799316
128.824494881,37.993442571,75.996101379
128.824470575,37.992090996,72.891700745
128.824446270,37.990739421,71.726501465
128.824421966,37.989387846,69.392700195
128.824397665,37.988036270,67.597000122
128.824373365,37.986684695,65.569503784
128.824349066,37.985333118,64.930603027
128.824324769,37.983981542,63.870201111
128.824300474,37.982629965,62.632301331
128.824276180,37.981278388,62.179500580
128.824251888,37.979926811,61.685901642
128.824227598,37.978575233,61.347900391
128.824203309,37.977223655,60.203601837
128.824179022,37.975872076,58.728801727
128.824154737,37.974520497,57.468299866
128.824130453,37.973168918,55.845199585
128.824106171,37.971817339,54.205200195
128.824081890,37.970465759,51.921001434
128.824057611,37.969114179,50.854301453
128.824033334,37.967762599,50.406200409
128.824009058,37.966411018,50.394901276
128.823984784,37.965059437,49.306400299
128.823960511,37.963707856,48.080799103
128.823936241,37.962356274,46.708400726
128.823911971,37.961004692,45.314300537
128.823887704,37.959653110,44.031600952
128.823863438,37.958301527,42.591201782
128.823839173,37.956949944,42.193000793
128.823814911,37.955598361,42.082698822
128.823790649,37.954246777,42.790599823
128.823766390,37.952895193,42.666198730
128.823742132,37.951543609,40.122100830
128.823717876,37.950192024,36.537799835
128.823693621,37.948840439,34.637401581
128.823669368,37.947488854,34.643299103
128.823645117,37.946137268,35.996700287
128.823620867,37.944785683,36.556900024
128.823596619,37.943434096,36.356601715
128.823572372,37.942082510,34.898200989
128.823548127,37.940730923,35.756301880
128.823523884,37.939379336,35.724201202
128.823499642,37.938027748,32.948799133
128.823475402,37.936676160,32.738098145
128.823451164,37.935324572,29.679399490
128.823426927,37.933972984,30.709100723
128.823402692,37.932621395,30.283599854
128.823378458,37.931269806,29.000699997
128.823354227,37.929918216,27.676399231
128.823329996,37.928566626,26.407100677
128.823305768,37.927215036,25.051700592
128.823281540,37.925863446,23.670499802
128.823257315,37.924511855,22.177099228
128.823233091,37.923160264,19.516399384
128.823208869,37.921808673,19.398300171
128.823184648,37.920457081,17.385599136
128.823160429,37.919105489,17.873600006
128.823136212,37.917753896,13.068300247
128.823111996,37.916402304,9.914299965
128.823087782,37.915050711,9.681300163
128.823063570,37.913699117,8.280699730
128.823039359,37.912347524,6.060500145
128.823015150,37.910995930,3.569400072
128.822990942,37.909644335,2.433199883
128.822966736,37.908292741,1.026999950
128.826300119,37.998829613,85.897003174
128.826275775,37.997478041,83.992797852
128.826251432,37.996126468,82.284896851
128.826227091,37.994774895,80.409500122
128.826202751,37.993423322,77.451103210
128.826178413,37.992071748,74.860603333
128.826154077,37.990720174,70.891700745
128.826129742,37.989368600,69.148803711
128.826105409,37.988017025,66.402999878
128.826081078,37.986665451,67.326400757
128.826056748,37.985313875,67.557296753
128.826032420,37.983962300,66.420997620
128.826008093,37.982610724,64.318397522
128.825983768,37.981259148,63.843399048
128.825959445,37.979907571,63.322299957
128.825935123,37.978555994,62.910099030
128.825910803,37.977204417,61.651699066
128.825886485,37.975852840,60.173599243
128.825862168,37.974501262,58.681701660
128.825837853,37.973149684,56.884300232
128.825813539,37.971798105,54.807098389
128.825789228,37.970446526,53.764198303
128.825764917,37.969094947,52.041301727
128.825740609,37.967743368,52.331199646
128.825716302,37.966391788,51.024799347
128.825691996,37.965040208,49.873100281
128.825667693,37.963688627,48.235099792
128.825643390,37.962337047,47.250301361
128.825619090,37.960985465,46.236000061
128.825594791,37.959633884,45.182701111
128.825570494,37.958282302,44.308898926
128.825546198,37.956930720,41.253200531
128.825521904,37.955579138,42.485198975
128.825497612,37.954227555,43.106498718
128.825473321,37.952875972,42.080501556
128.825449032,37.951524389,39.930900574
128.825424744,37.950172805,37.686199188
128.825400458,37.948821221,36.211898804
128.825376174,37.947469637,37.812301636
128.825351891,37.946118052,38.454299927
128.825327610,37.944766467,36.362499237
128.825303331,37.943414882,35.588401794
128.825279053,37.942063296,33.792999268
128.825254777,37.940711710,36.048301697
128.825230503,37.939360124,34.103298187
128.825206230,37.938008537,33.805599213
128.825181958,37.936656951,33.253299713
128.825157689,37.935305363,32.715801239
128.825133421,37.933953776,29.106000900
128.825109154,37.932602188,29.608800888
128.825084890,37.931250600,28.719699860
128.825060626,37.929899011,26.574800491
128.825036365,37.928547422,21.453399658
128.825012105,37.927195833,19.148700714
128.824987847,37.925844243,21.485900879
128.824963590,37.924492654,23.466299057
128.824939335,37.923141063,23.387599945
128.824915082,37.921789473,21.749599457
128.824890830,37.920437882,20.996799469
128.824866580,37.919086291,21.130100250
128.824842331,37.917734700,18.563400269
128.824818084,37.916383108,16.032899857
128.824793839,37.915031516,11.178999901
128.824769595,37.913679923,9.781200409
128.824745353,37.912328330,8.543899536
128.824721113,37.910976737,6.401899815
128.824696874,37.909625144,3.964200020
128.824672637,37.908273550,2.293499947
128.828008112,37.998810336,88.255599976
128.827983737,37.997458764,84.811500549
128.827959363,37.996107193,83.921501160
128.827934990,37.994755621,82.572998047
128.827910619,37.993404048,80.308601379
128.827886250,37.992052476,78.163902283
128.827861882,37.990700903,74.178100586
128.827837516,37.989349329,72.269699097
128.827813152,37.987997756,71.332603455
128.827788789,37.986646182,71.392898560
128.827764428,37.985294607,70.495597839
128.827740069,37.983943033,68.725303650
128.827715711,37.982591458,66.725997925
128.827691355,37.981239882,65.480499268
128.827667000,37.979888307,64.397399902
128.827642647,37.978536731,63.713100433
128.827618296,37.977185155,62.479099274
128.827593946,37.975833578,61.055500031
128.827569598,37.974482001,59.618099213
128.827545252,37.973130424,57.962799072
128.827520907,37.971778846,56.490100861
128.827496564,37.970427268,53.742599487
128.827472222,37.969075690,52.649398804
128.827447882,37.967724112,52.900199890
128.827423544,37.966372533,52.561901093
128.827399207,37.965020954,51.036098480
128.827374872,37.963669374,49.089801788
128.827350539,37.962317794,46.937099457
128.827326207,37.960966214,46.215099335
128.827301877,37.959614634,46.192501068
128.827277548,37.958263053,46.242599487
128.827253221,37.956911472,45.116600037
128.827228896,37.955559890,45.574298859
128.827204572,37.954208309,44.737499237
128.827180250,37.952856727,42.052799225
128.827155930,37.951505144,39.451999664
128.827131611,37.950153561,36.743801117
128.827107294,37.948801978,39.517299652
128.827082978,37.947450395,38.690799713
128.827058665,37.946098811,37.010799408
128.827034352,37.944747227,37.694698334
128.827010042,37.943395643,37.256099701
128.826985733,37.942044058,35.226501465
128.826961425,37.940692473,37.848098755
128.826937120,37.939340888,38.368499756
128.826912815,37.937989302,34.329601288
128.826888513,37.936637716,33.938098907
128.826864212,37.935286130,34.485900879
128.826839913,37.933934543,31.516700745
128.826815615,37.932582956,30.484199524
128.826791319,37.931231369,27.963300705
128.826767025,37.929879781,22.345100403
128.826742732,37.928528193,22.307199478
128.826718441,37.927176605,20.299900055
128.826694151,37.925825016,18.216899872
128.826669863,37.924473428,19.523500443
128.826645577,37.923121838,18.678899765
128.826621293,37.921770249,21.485799789
128.826597010,37.920418659,20.300600052
128.826572728,37.919067069,21.188699722
128.826548448,37.917715478,17.729099274
128.826524170,37.916363887,14.484100342
128.826499894,37.915012296,14.805800438
128.826475619,37.913660705,11.857000351
128.826451346,37.912309113,9.804699898
128.826427074,37.910957521,7.750999928
128.826402804,37.909605928,5.548200130
128.826378536,37.908254335,3.948800087
128.826354269,37.906902742,1.373000026
128.829716104,37.998791034,91.040603638
128.829691697,37.997439463,88.421798706
128.829667292,37.996087892,86.890403748
128.829642888,37.994736321,84.963203430
128.829618486,37.993384750,82.761398315
128.829594085,37.992033178,80.066299438
128.829569686,37.990681606,77.575599670
128.829545289,37.989330034,76.209899902
128.829520893,37.987978461,76.218803406
128.829496499,37.986626888,74.964500427
128.829472107,37.985275314,70.489303589
128.829447716,37.983923741,70.179801941
128.829423327,37.982572167,68.801803589
128.829398939,37.981220592,67.198600769
128.829374553,37.979869018,65.822402954
128.829350169,37.978517443,64.663696289
128.829325786,37.977165867,63.246101379
128.829301405,37.975814292,61.843601227
128.829277026,37.974462716,60.441398621
128.829252648,37.973111139,58.220199585
128.829228272,37.971759563,56.963901520
128.829203898,37.970407986,55.642398834
128.829179525,37.969056409,53.384300232
128.829155154,37.967704831,54.139198303
128.829130784,37.966353253,53.599700928
128.829106416,37.965001675,52.514598846
128.829082050,37.963650096,50.427600861
128.829057685,37.962298517,48.747501373
128.829033322,37.960946938,48.196399689
128.829008961,37.959595359,48.527000427
128.828984601,37.958243779,48.666599274
128.828960243,37.956892199,48.720298767
128.828935886,37.955540618,48.106399536
128.828911531,37.954189037,45.166301727
128.828887178,37.952837456,41.652099609
128.828862826,37.951485875,38.887699127
128.828838476,37.950134293,37.704898834
128.828814128,37.948782711,40.171398163
128.828789781,37.947431128,38.867801666
128.828765436,37.946079545,40.337200165
128.828741093,37.944727962,38.953098297
128.828716751,37.943376379,38.506401062
128.828692410,37.942024795,37.187500000
128.828668072,37.940673211,39.362701416
128.828643735,37.939321627,39.948398590
128.828619399,37.937970042,39.017700195
128.828595066,37.936618457,36.042198181
128.828570734,37.935266871,34.897800446
128.828546403,37.933915286,30.401899338
128.828522074,37.932563700,29.670299530
128.828497747,37.931212113,25.709600449
128.828473421,37.929860527,21.729600906
128.828449097,37.928508940,21.754699707
128.828424775,37.927157352,22.613199234
128.828400454,37.925805765,23.218299866
128.828376135,37.924454177,21.490100861
128.828351818,37.923102588,19.238199234
128.828327502,37.921751000,18.640100479
128.828303188,37.920399411,18.259799957
128.828278875,37.919047821,20.882200241
128.828254564,37.917696232,21.518800735
128.828230255,37.916344642,19.889099121
128.828205947,37.914993052,17.652099609
128.828181641,37.913641461,14.381799698
128.828157337,37.912289870,11.389499664
128.828133034,37.910938279,8.898300171
128.828108733,37.909586687,5.847199917
128.828084433,37.908235096,3.561100006
128.828060135,37.906883503,0.944299996
128.831424094,37.998771707,95.388999939
128.831399656,37.997420137,93.022697449
128.831375219,37.996068567,90.411697388
128.831350784,37.994716997,87.263999939
128.831326350,37.993365427,83.598602295
128.831301918,37.992013856,76.388801575
128.831277488,37.990662285,74.623100281
128.831253060,37.989310713,78.797500610
128.831228633,37.987959141,80.479202271
128.831204207,37.986607569,79.195999146
128.831179784,37.985255997,76.895599365
128.831155361,37.983904424,74.372398376
128.831130941,37.982552851,71.363601685
128.831106522,37.981201278,68.542198181
128.831082105,37.979849704,67.131500244
128.831057689,37.978498130,65.963996887
128.831033276,37.977146555,64.759597778
128.831008863,37.975794981,63.643199921
128.830984453,37.974443406,61.649700165
128.830960044,37.973091830,60.789901733
128.830935636,37.971740255,58.748699188
128.830911230,37.970388679,57.408699036
128.830886826,37.969037102,55.473098755
128.830862424,37.967685526,55.243598938
128.830838023,37.966333949,53.602001190
128.830813624,37.964982371,52.449001312
128.830789226,37.963630794,51.244098663
128.830764830,37.962279216,50.506698608
128.830740436,37.960927637,49.375000000
128.830716043,37.959576059,49.564498901
128.830691652,37.958224480,50.043201447
128.830667263,37.956872901,49.620300293
128.830642875,37.955521321,48.201301575
128.830618489,37.954169741,46.519401550
128.830594104,37.952818161,43.784999847
128.830569721,37.951466580,41.559299469
128.830545340,37.950114999,40.754299164
128.830520960,37.948763418,42.113601685
128.830496582,37.947411837,42.526699066
128.830472206,37.946060255,42.418399811
128.830447831,37.944708673,39.670600891
128.830423458,37.943357090,39.039100647
128.830399087,37.942005507,39.310901642
128.830374717,37.940653924,41.337799072
128.830350349,37.939302341,40.445701599
128.830325982,37.937950757,38.484298706
128.830301617,37.936599173,35.507900238
128.830277254,37.935247588,35.233001709
128.830252892,37.933896004,32.332901001
128.830228532,37.932544418,30.808099747
128.830204173,37.931192833,27.155000687
128.830179816,37.929841247,24.723199844
128.830155461,37.928489661,21.764999390
128.830131108,37.927138075,23.953800201
128.830106756,37.925786488,23.869199753
128.830082405,37.924434901,23.398500443
128.830058057,37.923083314,24.647300720
128.830033710,37.921731726,19.765499115
128.830009364,37.920380138,23.422399521
128.829985021,37.919028550,24.095500946
128.829960678,37.917676961,21.900100708
128.829936338,37.916325372,20.054199219
128.829911999,37.914973783,19.695600510
128.829887662,37.913622193,17.402999878
128.829863326,37.912270603,13.785699844
128.829838992,37.910919013,10.920800209
128.829814660,37.909567422,8.432499886
128.829790329,37.908215831,6.921500206
128.829766000,37.906864240,2.241199970
128.829717346,37.904161056,0.604399979
128.829693022,37.902809464,1.232800007
128.829425562,37.887941928,1.980200052
128.833132083,37.998752355,99.905799866
128.833107613,37.997400786,97.166297913
128.833083145,37.996049217,94.018203735
128.833058678,37.994697648,90.316101074
128.833034214,37.993346079,88.184097290
128.833009750,37.991994509,77.831802368
128.832985289,37.990642939,80.752098083
128.832960829,37.989291368,84.234397888
128.832936371,37.987939797,83.831100464
128.832911914,37.986588226,82.444900513
128.832887459,37.985236655,80.236396790
128.832863005,37.983885083,77.819702148
128.832838554,37.982533511,75.614898682
128.832814104,37.981181938,73.277099609
128.832789655,37.979830365,71.081802368
128.832765208,37.978478792,68.574203491
128.832740763,37.977127219,67.541496277
128.832716319,37.975775645,65.632896423
128.832691878,37.974424071,63.974201202
128.832667437,37.973072496,62.230800629
128.832642999,37.971720922,60.606899261
128.832618562,37.970369347,59.153800964
128.832594126,37.969017771,57.976200104
128.832569692,37.967666195,57.419998169
128.832545260,37.966314619,55.739200592
128.832520830,37.964963043,54.653999329
128.832496401,37.963611466,54.147800446
128.832471974,37.962259889,52.880298615
128.832447548,37.960908312,51.943901062
128.832423124,37.959556734,52.276100159
128.832398702,37.958205156,51.354400635
128.832374281,37.956853578,50.666198730
128.832349862,37.955501999,49.901298523
128.832325445,37.954150420,47.890201569
128.832301029,37.952798841,46.800098419
128.832276615,37.951447261,45.694599152
128.832252202,37.950095681,45.145698547
128.832227791,37.948744101,43.204101563
128.832203382,37.947392521,43.825199127
128.832178974,37.946040940,44.095600128
128.832154568,37.944689358,42.259700775
128.832130164,37.943337777,43.856399536
128.832105761,37.941986195,44.120700836
128.832081360,37.940634613,42.912998199
128.832056961,37.939283030,40.899101257
128.832032563,37.937931447,39.121799469
128.832008166,37.936579864,36.551700592
128.831983772,37.935228281,35.318801880
128.831959379,37.933876697,34.083499908
128.831934988,37.932525113,30.811800003
128.831910598,37.931173528,26.958599091
128.831886210,37.929821943,26.402099609
128.831861824,37.928470358,25.899400711
128.831837439,37.927118773,24.184099197
128.831813056,37.925767187,23.111200333
128.831788674,37.924415601,25.816900253
128.831764294,37.923064014,28.103799820
128.831739916,37.921712427,27.711799622
128.831715539,37.920360840,26.590999603
128.831691164,37.919009253,23.692199707
128.831666791,37.917657665,21.767799377
128.831642419,37.916306077,22.793100357
128.831618049,37.914954489,22.472999573
128.831593681,37.913602900,18.086999893
128.831569314,37.912251311,15.867699623
128.831544948,37.910899722,14.180600166
128.831520585,37.909548132,12.013899803
128.831496223,37.908196542,11.188400269
128.831471863,37.906844952,6.738500118
128.831447504,37.905493361,6.210499763
128.831398791,37.902790179,1.976300001
128.831228349,37.893329030,4.116000175
128.831204006,37.891977437,4.808599949
128.831179666,37.890625842,6.009699821
128.831155326,37.889274248,6.128099918
128.831130989,37.887922653,5.208099842
128.831106653,37.886571058,3.913700104
128.831082319,37.885219462,3.891599894
128.831057986,37.883867866,2.919699907
128.834840070,37.998732978,103.571403503
128.834815569,37.997381411,100.487197876
128.834791069,37.996029843,97.589401245
128.834766571,37.994678275,95.773696899
128.834742075,37.993326706,93.140800476
128.834717581,37.991975137,91.155197144
128.834693088,37.990623568,92.101196289
128.834668596,37.989271998,89.589500427
128.834644107,37.987920428,87.513801575
128.834619619,37.986568858,86.181999207
128.834595133,37.985217287,83.101402283
128.834570648,37.983865716,81.034599304
128.834546165,37.982514145,79.819297791
128.834521683,37.981162574,77.959800720
128.834497204,37.979811002,74.692100525
128.834472725,37.978459430,71.834899902
128.834448249,37.977107857,68.876998901
128.834423774,37.975756284,65.810302734
128.834399301,37.974404711,64.203697205
128.834374829,37.973053138,62.361000061
128.834350359,37.971701564,60.127899170
128.834325891,37.970349990,60.012199402
128.834301424,37.968998415,59.411598206
128.834276959,37.967646840,55.397998810
128.834252496,37.966295265,54.323799133
128.834228034,37.964943690,55.638401031
128.834203574,37.963592114,54.134799957
128.834179115,37.962240538,52.195800781
128.834154658,37.960888962,52.299598694
128.834130203,37.959537385,52.842399597
128.834105750,37.958185808,51.743900299
128.834081298,37.956834230,50.779899597
128.834056847,37.955482653,49.170200348
128.834032399,37.954131075,46.253398895
128.834007952,37.952779496,44.524398804
128.833983506,37.951427918,43.906501770
128.833959062,37.950076339,43.119800568
128.833934620,37.948724759,42.581600189
128.833910180,37.947373180,44.506500244
128.833885741,37.946021600,44.849098206
128.833861304,37.944670019,45.432300568
128.833836868,37.943318439,45.281799316
128.833812434,37.941966858,44.089199066
128.833788002,37.940615276,42.617401123
128.833763571,37.939263695,41.594001770
128.833739142,37.937912113,39.795200348
128.833714714,37.936560531,35.575000763
128.833690289,37.935208948,33.834899902
128.833665864,37.933857365,29.947099686
128.833641442,37.932505782,31.398700714
128.833617021,37.931154198,30.555900574
128.833592602,37.929802614,28.527799606
128.833568184,37.928451030,27.211799622
128.833543768,37.927099446,24.261999130
128.833519354,37.925747861,26.812500000
128.833494941,37.924396276,24.791099548
128.833470530,37.923044690,25.226499557
128.833446120,37.921693104,27.725299835
128.833421713,37.920341518,26.179000854
128.833397306,37.918989932,25.879800797
128.833372902,37.917638345,24.240600586
128.833348499,37.916286758,22.138099670
128.833324097,37.914935170,23.170400620
128.833299698,37.913583582,22.873100281
128.833275300,37.912231994,18.673299789
128.833250903,37.910880406,16.505699158
128.833226509,37.909528817,15.951999664
128.833202115,37.908177228,13.740900040
128.833177724,37.906825639,11.617699623
128.833153334,37.905474049,11.473699570
128.833128946,37.904122459,8.541000366
128.833104559,37.902770869,5.047399998
128.833080174,37.901419278,3.635600090
128.832933898,37.893309727,2.895699978
128.832909525,37.891958134,7.135300159
128.832885153,37.890606541,7.868400097
128.832860782,37.889254947,3.878799915
128.832836414,37.887903353,3.145699978
128.832812047,37.886551759,5.145999908
128.832787681,37.885200164,5.822299957
128.836548055,37.998713577,109.195396423
128.836523522,37.997362010,105.002197266
128.836498992,37.996010443,101.605499268
128.836474462,37.994658876,98.427803040
128.836449935,37.993307308,96.212196350
128.836425409,37.991955740,96.593200684
128.836400885,37.990604172,94.212600708
128.836376362,37.989252603,92.526802063
128.836351841,37.987901034,90.028396606
128.836327322,37.986549465,87.885696411
128.836302805,37.985197895,85.277603149
128.836278289,37.983846326,83.278999329
128.836253774,37.982494755,81.522796631
128.836229261,37.981143185,80.156097412
128.836204750,37.979791614,77.371498108
128.836180241,37.978440042,73.825798035
128.836155733,37.977088471,69.926902771
128.836131227,37.975736899,66.871902466
128.836106722,37.974385327,64.767402649
128.836082220,37.973033754,63.554901123
128.836057718,37.971682181,62.540298462
128.836033219,37.970330608,62.118801117
128.836008721,37.968979035,61.382900238
128.835984224,37.967627461,58.466701508
128.835959730,37.966275886,56.139900208
128.835935237,37.964924312,54.714000702
128.835910745,37.963572737,54.778400421
128.835886255,37.962221162,54.175300598
128.835861767,37.960869587,54.101799011
128.835837281,37.959518011,53.074699402
128.835812796,37.958166435,51.625400543
128.835788313,37.956814858,49.339099884
128.835763831,37.955463281,47.877300262
128.835739351,37.954111704,46.268699646
128.835714873,37.952760127,44.882499695
128.835690396,37.951408549,43.569599152
128.835665921,37.950056971,41.583099365
128.835641448,37.948705393,41.612800598
128.835616976,37.947353814,41.950199127
128.835592506,37.946002235,45.266498566
128.835568037,37.944650655,45.817199707
128.835543570,37.943299076,44.368400574
128.835519105,37.941947496,43.758300781
128.835494642,37.940595915,42.385601044
128.835470180,37.939244335,40.558898926
128.835445719,37.937892754,40.082298279
128.835421261,37.936541172,37.663200378
128.835396804,37.935189591,35.089500427
128.835372348,37.933838009,34.981399536
128.835347895,37.932486426,33.277801514
128.835323442,37.931134844,32.903301239
128.835298992,37.929783261,31.948699951
128.835274543,37.928431678,30.709899902
128.835250096,37.927080094,28.219200134
128.835225650,37.925728510,27.890399933
128.835201206,37.924376926,25.400600433
128.835176764,37.923025341,25.277599335
128.835152323,37.921673756,26.426200867
128.835127884,37.920322171,27.567399979
128.835103447,37.918970586,27.426599503
128.835079011,37.917619000,26.698699951
128.835054577,37.916267414,24.979600906
128.835030144,37.914915827,22.741199493
128.835005713,37.913564240,23.066200256
128.834981284,37.912212653,22.314599991
128.834956857,37.910861066,19.978900909
128.834932431,37.909509478,18.437599182
128.834908006,37.908157890,16.778600693
128.834883584,37.906806301,14.373100281
128.834859162,37.905454712,13.996899605
128.834834743,37.904103123,11.232399940
128.834810325,37.902751534,7.541699886
128.834785909,37.901399944,7.297399998
128.834761494,37.900048354,3.009799957
128.834737082,37.898696763,3.029200077
128.834688261,37.895993582,1.869699955
128.834663853,37.894641990,4.339499950
128.834639446,37.893290399,4.552999973
128.834615041,37.891938807,7.763800144
128.834590638,37.890587214,10.159099579
128.834566237,37.889235622,10.692199707
128.834541837,37.887884029,10.435400009
128.834517439,37.886532435,5.380400181
128.834493042,37.885180842,6.365399837
128.834468647,37.883829248,6.655700207
128.834444254,37.882477653,5.591499805
128.834419862,37.881126059,3.365600109
128.834395472,37.879774464,1.692700028
128.838256038,37.998694151,114.939796448
128.838231475,37.997342585,110.931602478
128.838206913,37.995991019,106.560699463
128.838182352,37.994639453,102.133903503
128.838157793,37.993287886,100.023803711
128.838133236,37.991936319,99.429702759
128.838108681,37.990584752,99.081802368
128.838084127,37.989233184,95.301902771
128.838059574,37.987881616,92.532699585
128.838035024,37.986530047,90.100799561
128.838010475,37.985178479,87.355003357
128.837985928,37.983826910,85.312301636
128.837961382,37.982475340,83.182800293
128.837936838,37.981123771,81.130996704
128.837912296,37.979772201,78.482299805
128.837887755,37.978420630,75.389396667
128.837863216,37.977069060,71.705398560
128.837838678,37.975717489,68.029602051
128.837814142,37.974365917,67.666702271
128.837789608,37.973014346,66.120697021
128.837765076,37.971662774,65.113998413
128.837740545,37.970311202,63.603900909
128.837716016,37.968959629,61.909900665
128.837691488,37.967608056,61.551998138
128.837666962,37.966256483,59.930599213
128.837642438,37.964904909,58.215400696
128.837617915,37.963553335,58.132900238
128.837593394,37.962201761,56.222999573
128.837568874,37.960850187,55.500198364
128.837544357,37.959498612,51.038700104
128.837519841,37.958147037,49.100799561
128.837495326,37.956795461,48.169700623
128.837470813,37.955443885,47.413600922
128.837446302,37.954092309,47.241401672
128.837421792,37.952740733,44.871700287
128.837397284,37.951389156,43.261901855
128.837372778,37.950037579,42.650001526
128.837348274,37.948686001,42.334701538
128.837323771,37.947334423,44.439098358
128.837299269,37.945982845,46.311698914
128.837274769,37.944631267,44.786399841
128.837250271,37.943279688,41.618301392
128.837225775,37.941928109,42.614101410
128.837201280,37.940576530,42.036499023
128.837176787,37.939224950,42.126998901
128.837152295,37.937873370,40.048999786
128.837127805,37.936521789,38.691898346
128.837103317,37.935170209,38.200801849
128.837078830,37.933818628,36.258300781
128.837054345,37.932467046,33.752601624
128.837029862,37.931115465,33.793998718
128.837005380,37.929763883,33.571601868
128.836980900,37.928412300,33.276699066
128.836956422,37.927060718,31.968500137
128.836931945,37.925709135,30.228500366
128.836907470,37.924357551,30.044700623
128.836882996,37.923005968,25.958799362
128.836858524,37.921654384,28.276599884
128.836834054,37.920302799,27.589300156
128.836809586,37.918951215,27.256799698
128.836785119,37.917599630,26.492000580
128.836760653,37.916248045,24.741600037
128.836736190,37.914896459,24.399000168
128.836711727,37.913544873,24.149799347
128.836687267,37.912193287,23.291099548
128.836662808,37.910841700,21.723499298
128.836638351,37.909490113,21.306100845
128.836613896,37.908138526,19.604400635
128.836589442,37.906786939,17.691200256
128.836564989,37.905435351,17.007999420
128.836540539,37.904083763,14.660599709
128.836516090,37.902732174,13.900699615
128.836491642,37.901380585,12.099300385
128.836467197,37.900028996,10.456700325
128.836442753,37.898677407,8.859900475
128.836418310,37.897325817,6.401400089
128.836393869,37.895974227,6.698500156
128.836369430,37.894622636,8.178199768
128.836344993,37.893271046,6.962600231
128.836320557,37.891919455,10.069899559
128.836296122,37.890567863,13.101799965
128.836271690,37.889216271,13.249500275
128.836247259,37.887864679,12.493900299
128.836222829,37.886513087,4.151500225
128.836198402,37.885161494,8.160300255
128.836173975,37.883809901,9.441200256
128.836149551,37.882458308,8.590299606
128.836125128,37.881106714,7.671299934
128.836100707,37.879755120,4.688399792
128.836076287,37.878403526,2.004100084
128.839964020,37.998674700,120.517700195
128.839939425,37.997323135,117.035003662
128.839914832,37.995971570,113.087196350
128.839890240,37.994620005,108.545196533
128.839865650,37.993268439,104.741798401
128.839841061,37.991916873,102.945297241
128.839816475,37.990565306,101.761802673
128.839791889,37.989213740,99.713302612
128.839767306,37.987862172,95.611000061
128.839742724,37.986510605,90.580703735
128.839718144,37.985159037,88.997497559
128.839693565,37.983807469,87.168098450
128.839668988,37.982455901,84.898300171
128.839644413,37.981104332,82.959297180
128.839619839,37.979752763,81.910202026
128.839595267,37.978401194,79.319503784
128.839570697,37.977049624,75.100196838
128.839546128,37.975698054,72.175598145
128.839521561,37.974346484,69.521202087
128.839496995,37.972994913,69.109703064
128.839472431,37.971643342,66.170700073
128.839447869,37.970291771,62.923000336
128.839423309,37.968940199,61.161399841
128.839398750,37.967588627,61.076000214
128.839374193,37.966237055,60.937099457
128.839349637,37.964885482,59.826301575
128.839325083,37.963533909,60.183399200
128.839300531,37.962182336,59.228801727
128.839275980,37.960830762,56.207000732
128.839251431,37.959479188,50.825500488
128.839226884,37.958127614,49.427799225
128.839202338,37.956776039,50.088500977
128.839177794,37.955424464,49.470401764
128.839153251,37.954072889,45.136100769
128.839128710,37.952721314,44.900501251
128.839104171,37.951369738,44.712398529
128.839079634,37.950018162,43.613601685
128.839055098,37.948666585,44.902198792
128.839030563,37.947315008,45.112300873
128.839006031,37.945963431,45.388999939
128.838981500,37.944611854,43.706001282
128.838956971,37.943260276,44.004600525
128.838932443,37.941908698,43.041599274
128.838907917,37.940557119,43.712299347
128.838883392,37.939205540,42.152099609
128.838858870,37.937853961,41.104698181
128.838834348,37.936502382,41.014301300
128.838809829,37.935150802,39.079399109
128.838785311,37.933799222,37.633998871
128.838760795,37.932447641,35.594100952
128.838736280,37.931096061,35.828701019
128.838711767,37.929744480,34.168701172
128.838687256,37.928392898,30.380300522
128.838662746,37.927041316,28.899200439
128.838638238,37.925689734,32.397998810
128.838613732,37.924338152,30.507799149
128.838589227,37.922986569,28.083299637
128.838564724,37.921634986,28.190500259
128.838540223,37.920283403,27.553699493
128.838515723,37.918931819,27.873199463
128.838491225,37.917580235,27.895000458
128.838466728,37.916228651,25.462299347
128.838442233,37.914877066,24.696100235
128.838417740,37.913525481,24.872100830
128.838393248,37.912173896,23.602300644
128.838368758,37.910822310,22.476600647
128.838344270,37.909470725,20.502799988
128.838319783,37.908119138,18.577800751
128.838295298,37.906767552,18.732099533
128.838270815,37.905415965,18.427000046
128.838246333,37.904064378,17.979900360
128.838221853,37.902712790,17.458900452
128.838197374,37.901361202,15.975099564
128.838172897,37.900009614,11.303500175
128.838148422,37.898658025,9.503800392
128.838123948,37.897306436,11.013400078
128.838099476,37.895954847,12.096099854
128.838075006,37.894603258,12.501500130
128.838050537,37.893251668,10.990200043
128.838026070,37.891900078,13.411899567
128.838001605,37.890548487,14.700799942
128.837977141,37.889196896,14.543999672
128.837952679,37.887845305,14.043499947
128.837928218,37.886493714,13.326100349
128.837903759,37.885142122,12.002599716
128.837879302,37.883790530,11.005900383
128.837854846,37.882438938,10.143699646
128.837830392,37.881087345,9.381799698
128.837805940,37.879735752,8.229200363
128.837781489,37.878384158,4.932700157
128.837757040,37.877032565,2.953999996
128.841672001,37.998655224,124.001899719
128.841647374,37.997303661,121.449897766
128.841622749,37.995952096,117.899497986
128.841598126,37.994600532,114.276199341
128.841573505,37.993248967,110.978302002
128.841548885,37.991897402,107.661598206
128.841524267,37.990545836,104.951698303
128.841499650,37.989194270,102.800399780
128.841475036,37.987842704,98.740402222
128.841450422,37.986491138,96.323501587
128.841425811,37.985139571,92.278503418
128.841401201,37.983788004,89.567802429
128.841376593,37.982436436,86.170303345
128.841351986,37.981084869,84.500701904
128.841327381,37.979733300,83.017799377
128.841302778,37.978381732,80.771896362
128.841278176,37.977030163,78.295997620
128.841253576,37.975678594,76.395698547
128.841228977,37.974327025,74.074699402
128.841204381,37.972975455,72.053199768
128.841179786,37.971623885,68.577400208
128.841155192,37.970272315,64.632598877
128.841130600,37.968920744,62.392700195
128.841106010,37.967569173,62.509899139
128.841081422,37.966217601,62.834999084
128.841056835,37.964866030,61.680698395
128.841032249,37.963514458,61.756301880
128.841007666,37.962162885,60.661300659
128.840983084,37.960811313,57.601699829
128.840958504,37.959459740,55.122398376
128.840933925,37.958108166,55.410301208
128.840909348,37.956756593,54.895401001
128.840884773,37.955405019,51.623199463
128.840860199,37.954053445,45.631900787
128.840835627,37.952701870,46.916198730
128.840811056,37.951350295,47.151699066
128.840786487,37.949998720,46.875701904
128.840761920,37.948647144,46.919898987
128.840737355,37.947295568,45.564601898
128.840712791,37.945943992,46.991298676
128.840688229,37.944592415,44.259700775
128.840663668,37.943240839,44.237300873
128.840639109,37.941889261,44.722499847
128.840614552,37.940537684,43.120498657
128.840589996,37.939186106,40.028499603
128.840565442,37.937834528,40.843700409
128.840540890,37.936482949,41.200801849
128.840516339,37.935131370,39.895198822
128.840491790,37.933779791,39.127998352
128.840467243,37.932428212,38.363601685
128.840442697,37.931076632,37.539699554
128.840418153,37.929725052,35.338401794
128.840393610,37.928373471,32.974800110
128.840369069,37.927021891,30.251199722
128.840344530,37.925670310,32.816101074
128.840319992,37.924318728,33.221099854
128.840295456,37.922967146,30.354900360
128.840270922,37.921615564,30.616199493
128.840246389,37.920263982,29.921800613
128.840221858,37.918912399,28.657300949
128.840197329,37.917560816,26.544500351
128.840172801,37.916209233,27.389600754
128.840148275,37.914857649,27.179700851
128.840123751,37.913506065,26.162000656
128.840099228,37.912154481,24.097200394
128.840074707,37.910802896,22.286100388
128.840050187,37.909451311,21.568300247
128.840025669,37.908099726,22.222099304
128.840001153,37.906748140,20.391199112
128.839976638,37.905396554,20.275899887
128.839952125,37.904044968,17.558799744
128.839927614,37.902693381,17.911399841
128.839903104,37.901341794,16.076700211
128.839878596,37.899990207,13.770999908
128.839854090,37.898638619,11.760299683
128.839829585,37.897287031,11.425700188
128.839805082,37.895935443,12.909999847
128.839780580,37.894583854,15.108599663
128.839756080,37.893232266,16.276800156
128.839731582,37.891880676,15.084199905
128.839707085,37.890529087,14.810299873
128.839682590,37.889177497,15.552700043
128.839658097,37.887825907,15.527799606
128.839633605,37.886474316,14.801799774
128.839609115,37.885122725,13.752200127
128.839584627,37.883771134,12.627499580
128.839560140,37.882419543,11.579299927
128.839535655,37.881067951,10.750200272
128.839511171,37.879716359,10.074299812
128.839486690,37.878364766,8.406399727
128.839462209,37.877013173,5.478499889
128.839437731,37.875661580,2.957299948
128.843404639,37.999987287,128.499694824
128.843379979,37.998635724,126.561798096
128.843355321,37.997284161,124.182502747
128.843330665,37.995932598,124.004798889
128.843306011,37.994581034,122.005203247
128.843281358,37.993229470,116.517700195
128.843256707,37.991877906,112.459297180
128.843232058,37.990526341,109.300003052
128.843207410,37.989174777,106.199302673
128.843182764,37.987823211,102.848899841
128.843158119,37.986471646,99.669898987
128.843133476,37.985120080,95.844802856
128.843108835,37.983768514,91.435600281
128.843084195,37.982416947,89.542900085
128.843059557,37.981065380,87.232398987
128.843034921,37.979713813,84.852500916
128.843010287,37.978362246,82.200897217
128.842985654,37.977010678,79.862701416
128.842961022,37.975659110,79.181999207
128.842936392,37.974307541,77.127502441
128.842911764,37.972955972,74.332603455
128.842887138,37.971604403,71.573196411
128.842862513,37.970252834,67.810600281
128.842837890,37.968901264,65.627403259
128.842813269,37.967549694,65.021102905
128.842788649,37.966198124,63.606700897
128.842764031,37.964846553,63.769199371
128.842739414,37.963494982,63.494300842
128.842714799,37.962143410,62.027698517
128.842690186,37.960791839,60.773700714
128.842665575,37.959440267,60.402698517
128.842640965,37.958088694,59.083999634
128.842616356,37.956737122,55.920799255
128.842591750,37.955385549,50.617900848
128.842567145,37.954033975,49.180400848
128.842542541,37.952682401,50.537498474
128.842517940,37.951330827,49.049598694
128.842493340,37.949979253,47.524600983
128.842468741,37.948627679,46.932300568
128.842444144,37.947276104,50.077598572
128.842419549,37.945924528,49.838298798
128.842394956,37.944572953,45.520900726
128.842370364,37.943221377,45.865798950
128.842345774,37.941869800,44.394199371
128.842321185,37.940518224,42.699001312
128.842296598,37.939166647,42.149600983
128.842272013,37.937815070,44.123500824
128.842247430,37.936463492,41.486198425
128.842222848,37.935111914,40.978000641
128.842198267,37.933760336,40.359298706
128.842173689,37.932408757,39.395999908
128.842149112,37.931057179,38.397899628
128.842124536,37.929705599,36.609600067
128.842099962,37.928354020,33.404998779
128.842075390,37.927002440,34.189899445
128.842050820,37.925650860,34.783298492
128.842026251,37.924299279,32.386699677
128.842001684,37.922947699,32.258201599
128.841977118,37.921596117,32.436500549
128.841952554,37.920244536,31.437700272
128.841927992,37.918892954,29.984899521
128.841903432,37.917541372,29.446399689
128.841878873,37.916189790,24.951200485
128.841854315,37.914838207,22.789400101
128.841829760,37.913486624,25.365400314
128.841805206,37.912135040,24.544200897
128.841780653,37.910783457,21.958799362
128.841756103,37.909431873,22.265600204
128.841731553,37.908080288,18.597600937
128.841707006,37.906728703,21.234899521
128.841682460,37.905377118,21.850599289
128.841657916,37.904025533,20.184099197
128.841633373,37.902673947,20.517999649
128.841608833,37.901322361,19.304000854
128.841584293,37.899970775,17.739400864
128.841559756,37.898619188,16.874599457
128.841535220,37.897267601,15.054699898
128.841510685,37.895916014,16.045099258
128.841486153,37.894564426,17.167900085
128.841461622,37.893212838,16.982999802
128.841437092,37.891861250,16.092100143
128.841412564,37.890509662,17.669599533
128.841388038,37.889158073,17.952699661
128.841363514,37.887806483,16.937200546
128.841338991,37.886454894,15.941300392
128.841314470,37.885103304,15.055800438
128.841289950,37.883751714,14.109000206
128.841265432,37.882400123,13.121000290
128.841240916,37.881048532,12.090100288
128.841216401,37.879696941,11.298100471
128.841191888,37.878345349,10.406900406
128.841167377,37.876993758,8.515399933
128.841142867,37.875642165,5.928500175
128.841118359,37.874290573,2.779999971
128.841093853,37.872938980,0.696099997
128.845112647,37.999967760,130.213806152
128.845087956,37.998616199,128.309097290
128.845063267,37.997264637,126.495597839
128.845038580,37.995913074,125.490798950
128.845013894,37.994561512,122.926101685
128.844989210,37.993209949,118.938903809
128.844964527,37.991858385,115.934303284
128.844939847,37.990506822,112.731796265
128.844915167,37.989155258,108.898803711
128.844890490,37.987803694,105.537902832
128.844865814,37.986452129,102.707801819
128.844841140,37.985100564,100.739196777
128.844816467,37.983748999,98.448097229
128.844791797,37.982397433,96.155403137
128.844767127,37.981045867,90.927497864
128.844742460,37.979694301,88.205902100
128.844717794,37.978342735,84.884002686
128.844693130,37.976991168,81.752296448
128.844668467,37.975639600,80.511901855
128.844643806,37.974288033,78.649200439
128.844619147,37.972936465,75.226600647
128.844594489,37.971584897,73.425796509
128.844569833,37.970233328,71.625396729
128.844545178,37.968881760,69.210403442
128.844520526,37.967530190,67.266502380
128.844495875,37.966178621,65.631797791
128.844471225,37.964827051,65.573501587
128.844446577,37.963475481,64.907798767
128.844421931,37.962123911,63.013301849
128.844397287,37.960772340,62.402198792
128.844372644,37.959420769,61.757099152
128.844348003,37.958069197,59.807098389
128.844323363,37.956717625,56.400699615
128.844298725,37.955366053,53.150299072
128.844274089,37.954014481,51.948398590
128.844249454,37.952662908,51.833198547
128.844224821,37.951311335,48.472099304
128.844200190,37.949959762,47.381801605
128.844175560,37.948608188,49.324298859
128.844150932,37.947256614,51.952499390
128.844126306,37.945905040,51.620399475
128.844101681,37.944553465,50.773601532
128.844077058,37.943201890,44.941299438
128.844052437,37.941850315,44.348098755
128.844027817,37.940498739,44.682701111
128.844003199,37.939147163,45.086700439
128.843978582,37.937795587,46.049499512
128.843953968,37.936444010,44.828701019
128.843929354,37.935092433,43.178398132
128.843904743,37.933740856,41.462699890
128.843880133,37.932389278,40.319698334
128.843855525,37.931037700,39.996799469
128.843830918,37.929686122,39.090599060
128.843806313,37.928334544,36.363201141
128.843781710,37.926982965,33.995700836
128.843757108,37.925631385,33.109600067
128.843732508,37.924279806,34.246200562
128.843707910,37.922928226,33.558601379
128.843683313,37.921576646,31.165399551
128.843658718,37.920225065,31.337299347
128.843634124,37.918873484,31.446300507
128.843609533,37.917521903,29.694200516
128.843584943,37.916170322,28.310699463
128.843560354,37.914818740,25.149799347
128.843535767,37.913467158,26.086099625
128.843511182,37.912115575,24.186000824
128.843486598,37.910763993,23.562999725
128.843462016,37.909412409,23.803400040
128.843437436,37.908060826,22.648700714
128.843412857,37.906709242,20.884599686
128.843388280,37.905357658,22.207199097
128.843363705,37.904006074,22.990900040
128.843339131,37.902654489,22.622999191
128.843314559,37.901302904,21.310300827
128.843289989,37.899951318,20.177900314
128.843265420,37.898599733,19.144699097
128.843240853,37.897248147,18.173999786
128.843216287,37.895896560,18.957199097
128.843191724,37.894544974,19.731700897
128.843167161,37.893193387,19.746500015
128.843142601,37.891841799,19.734899521
128.843118042,37.890490212,19.793199539
128.843093485,37.889138624,19.405700684
128.843068929,37.887787035,18.347400665
128.843044375,37.886435447,17.368700027
128.843019823,37.885083858,16.531299591
128.842995272,37.883732268,15.675499916
128.842970723,37.882380679,14.757399559
128.842946175,37.881029089,13.668000221
128.842921630,37.879677499,12.426899910
128.842897085,37.878325908,11.424699783
128.842872543,37.876974317,10.707699776
128.842848002,37.875622726,9.248900414
128.842823463,37.874271134,6.194300175
128.842798925,37.872919542,3.038500071
128.842774389,37.871567950,1.371000051
128.846820653,37.999948209,132.061294556
128.846795931,37.998596649,129.953292847
128.846771211,37.997245088,127.941497803
128.846746492,37.995893526,124.686698914
128.846721775,37.994541964,122.713096619
128.846697060,37.993190402,120.797897339
128.846672346,37.991838840,118.457496643
128.846647634,37.990487277,114.188003540
128.846622924,37.989135714,110.829696655
128.846598215,37.987784151,108.821601868
128.846573508,37.986432587,107.252296448
128.846548802,37.985081023,105.464797974
128.846524098,37.983729459,103.401603699
128.846499396,37.982377894,101.111801147
128.846474696,37.981026330,97.504898071
128.846449997,37.979674764,93.103599548
128.846425299,37.978323199,88.594398499
128.846400604,37.976971633,85.034896851
128.846375910,37.975620066,82.709602356
128.846351218,37.974268500,80.273399353
128.846326527,37.972916933,75.874496460
128.846301838,37.971565366,75.505996704
128.846277151,37.970213798,72.900299072
128.846252465,37.968862230,69.821998596
128.846227781,37.967510662,68.698501587
128.846203099,37.966159094,68.589797974
128.846178418,37.964807525,67.835899353
128.846153739,37.963455955,65.912399292
128.846129061,37.962104386,64.106002808
128.846104386,37.960752816,63.887100220
128.846079712,37.959401246,63.268501282
128.846055039,37.958049675,61.631198883
128.846030368,37.956698105,57.082199097
128.846005699,37.955346534,54.826400757
128.845981032,37.953994962,55.122501373
128.845956366,37.952643390,55.897300720
128.845931702,37.951291818,54.968399048
128.845907039,37.949940246,53.279499054
128.845882378,37.948588673,52.841701508
128.845857719,37.947237100,54.286300659
128.845833061,37.945885526,54.191898346
128.845808405,37.944533953,53.322399139
128.845783751,37.943182379,52.512401581
128.845759098,37.941830804,50.734699249
128.845734447,37.940479230,49.055400848
128.845709798,37.939127655,47.961799622
128.845685150,37.937776079,48.339500427
128.845660504,37.936424504,45.588901520
128.845635860,37.935072928,44.151699066
128.845611217,37.933721351,42.119201660
128.845586576,37.932369775,41.925098419
128.845561936,37.931018198,41.040401459
128.845537298,37.929666620,38.501399994
128.845512662,37.928315043,36.832500458
128.845488028,37.926963465,36.396598816
128.845463395,37.925611886,36.560100555
128.845438764,37.924260308,35.132198334
128.845414134,37.922908729,33.146301270
128.845389506,37.921557150,30.500999451
128.845364880,37.920205570,30.133800507
128.845340255,37.918853990,30.526500702
128.845315632,37.917502410,30.528600693
128.845291011,37.916150829,29.235900879
128.845266391,37.914799248,28.838499069
128.845241773,37.913447667,25.544500351
128.845217157,37.912096086,25.401100159
128.845192542,37.910744504,25.710599899
128.845167929,37.909392922,23.717199326
128.845143317,37.908041339,23.681499481
128.845118707,37.906689756,24.383399963
128.845094099,37.905338173,24.796400070
128.845069493,37.903986590,24.013700485
128.845044888,37.902635006,23.380399704
128.845020284,37.901283422,22.370899200
128.844995683,37.899931837,21.018400192
128.844971083,37.898580252,19.728700638
128.844946485,37.897228667,17.947000504
128.844921888,37.895877082,20.034200668
128.844897293,37.894525496,21.220899582
128.844872699,37.893173910,21.148700714
128.844848108,37.891822324,21.206199646
128.844823518,37.890470737,20.970399857
128.844798929,37.889119150,20.405399323
128.844774342,37.887767563,19.422100067
128.844749757,37.886415975,18.730899811
128.844725174,37.885064387,18.088300705
128.844700592,37.883712798,16.952600479
128.844676012,37.882361210,16.097400665
128.844651433,37.881009621,15.329500198
128.844626856,37.879658031,14.126000404
128.844602281,37.878306442,13.066499710
128.844577707,37.876954852,12.101300240
128.844553135,37.875603262,11.130700111
128.844528565,37.874251671,9.395600319
128.844503996,37.872900080,6.625000000
128.844479429,37.871548489,3.234100103
128.848528658,37.999928634,130.526596069
128.848503905,37.998577074,129.234603882
128.848479153,37.997225514,128.598007202
128.848454403,37.995873953,126.271697998
128.848429655,37.994522392,124.850303650
128.848404908,37.993170831,123.325103760
128.848380163,37.991819270,121.355903625
128.848355420,37.990467708,116.980201721
128.848330678,37.989116146,114.941497803
128.848305938,37.987764584,114.554100037
128.848281199,37.986413021,110.521400452
128.848256463,37.985061458,109.532997131
128.848231727,37.983709895,107.194198608
128.848206994,37.982358331,104.940101624
128.848182262,37.981006767,102.361602783
128.848157532,37.979655203,99.563201904
128.848132803,37.978303638,93.583000183
128.848108077,37.976952073,88.751800537
128.848083351,37.975600508,85.575401306
128.848058628,37.974248942,82.872200012
128.848033906,37.972897376,81.454299927
128.848009186,37.971545810,78.841102600
128.847984467,37.970194243,74.875099182
128.847959750,37.968842676,71.811599731
128.847935035,37.967491109,69.926200867
128.847910321,37.966139541,71.257598877
128.847885609,37.964787973,70.598899841
128.847860899,37.963436405,67.332199097
128.847836190,37.962084837,64.670501709
128.847811483,37.960733268,64.054397583
128.847786778,37.959381698,64.455497742
128.847762074,37.958030129,62.994998932
128.847737372,37.956678559,61.662399292
128.847712671,37.955326989,60.277099609
128.847687973,37.953975418,59.119400024
128.847663276,37.952623848,59.160400391
128.847638580,37.951272276,58.416698456
128.847613886,37.949920705,57.702999115
128.847589194,37.948569133,56.831798553
128.847564504,37.947217561,56.235000610
128.847539815,37.945865988,55.163501740
128.847515127,37.944514416,53.821998596
128.847490442,37.943162843,53.129699707
128.847465758,37.941811269,52.012100220
128.847441076,37.940459695,51.633300781
128.847416395,37.939108121,50.263401031
128.847391716,37.937756547,49.054901123
128.847367039,37.936404972,47.822700500
128.847342363,37.935053397,45.438499451
128.847317689,37.933701822,43.314201355
128.847293017,37.932350246,42.946498871
128.847268346,37.930998670,41.575801849
128.847243677,37.929647094,40.509201050
128.847219010,37.928295517,38.973999023
128.847194344,37.926943940,39.110099792
128.847169680,37.925592363,36.634601593
128.847145017,37.924240785,35.446701050
128.847120357,37.922889207,33.920398712
128.847095697,37.921537629,31.979600906
128.847071040,37.920186050,31.167699814
128.847046384,37.918834471,32.626499176
128.847021730,37.917482892,29.834899902
128.846997077,37.916131312,28.990499496
128.846972426,37.914779732,28.994199753
128.846947777,37.913428152,29.304199219
128.846923130,37.912076571,27.324100494
128.846898484,37.910724990,27.010099411
128.846873839,37.909373409,25.543600082
128.846849197,37.908021828,24.963800430
128.846824556,37.906670246,24.585300446
128.846799916,37.905318663,26.772899628
128.846775278,37.903967081,26.159999847
128.846750642,37.902615498,24.756099701
128.846726008,37.901263915,23.205799103
128.846701375,37.899912331,20.885700226
128.846676744,37.898560748,18.353200912
128.846652115,37.897209163,20.360799789
128.846627487,37.895857579,19.766899109
128.846602860,37.894505994,21.854099274
128.846578236,37.893154409,21.586099625
128.846553613,37.891802823,22.187999725
128.846528992,37.890451238,22.148799896
128.846504372,37.889099652,21.595199585
128.846479754,37.887748065,21.019300461
128.846455138,37.886396478,20.055400848
128.846430523,37.885044891,19.425600052
128.846405910,37.883693304,18.122800827
128.846381299,37.882341716,17.555599213
128.846356689,37.880990128,15.656499863
128.846332081,37.879638540,15.252200127
128.846307475,37.878286951,14.675700188
128.846282870,37.876935362,13.799400330
128.846258267,37.875583773,12.582099915
128.846233665,37.874232183,10.684000015
128.846209065,37.872880593,9.300700188
128.846184467,37.871529003,6.012800217
128.846159870,37.870177412,4.102700233
128.846135276,37.868825821,1.287299991
128.850236662,37.999909033,131.666595459
128.850211877,37.998557474,130.364395142
128.850187094,37.997205915,130.323104858
128.850162313,37.995854355,128.024902344
128.850137533,37.994502796,126.681701660
128.850112755,37.993151235,125.664901733
128.850087979,37.991799675,124.019699097
128.850063204,37.990448114,123.880996704
128.850038431,37.989096553,123.251602173
128.850013659,37.987744992,120.620201111
128.849988890,37.986393430,117.311096191
128.849964121,37.985041868,115.430000305
128.849939355,37.983690305,112.421699524
128.849914590,37.982338743,109.464996338
128.849889827,37.980987180,106.131103516
128.849865066,37.979635616,103.122398376
128.849840306,37.978284052,99.614997864
128.849815548,37.976932488,94.522300720
128.849790791,37.975580924,90.897697449
128.849766036,37.974229359,88.975700378
128.849741283,37.972877794,87.085502625
128.849716531,37.971526229,80.543502808
128.849691782,37.970174663,77.067901611
128.849667033,37.968823097,73.494102478
128.849642287,37.967471531,73.989303589
128.849617542,37.966119964,74.758300781
128.849592799,37.964768397,72.748596191
128.849568057,37.963416830,69.132896423
128.849543317,37.962065262,67.483001709
128.849518579,37.960713695,67.686096191
128.849493842,37.959362126,67.049598694
128.849469107,37.958010558,65.334701538
128.849444374,37.956658989,63.444301605
128.849419642,37.955307420,63.778301239
128.849394912,37.953955850,63.524799347
128.849370184,37.952604280,61.960498810
128.849345457,37.951252710,59.918701172
128.849320732,37.949901139,57.239200592
128.849296008,37.948549568,57.785999298
128.849271287,37.947197997,57.362598419
128.849246567,37.945846426,55.939201355
128.849221848,37.944494854,53.711299896
128.849197131,37.943143282,53.178001404
128.849172416,37.941791709,52.180599213
128.849147703,37.940440136,50.819000244
128.849122991,37.939088563,49.488300323
128.849098281,37.937736990,49.504798889
128.849073572,37.936385416,47.764701843
128.849048865,37.935033842,46.406101227
128.849024160,37.933682267,44.990299225
128.848999456,37.932330693,43.234500885
128.848974754,37.930979118,41.639099121
128.848950054,37.929627542,40.672901154
128.848925356,37.928275966,39.439601898
128.848900659,37.926924390,38.951198578
128.848875963,37.925572814,38.280998230
128.848851270,37.924221237,38.024299622
128.848826578,37.922869660,35.741100311
128.848801887,37.921518083,35.088100433
128.848777198,37.920166505,35.944900513
128.848752511,37.918814927,34.105201721
128.848727826,37.917463349,32.252799988
128.848703142,37.916111770,30.115299225
128.848678460,37.914760191,28.994100571
128.848653780,37.913408612,29.787399292
128.848629101,37.912057032,29.747600555
128.848604424,37.910705452,28.584699631
128.848579748,37.909353872,28.147300720
128.848555074,37.908002291,27.507499695
128.848530402,37.906650710,25.679899216
128.848505732,37.905299129,26.899000168
128.848481063,37.903947547,27.077600479
128.848456395,37.902595966,25.977800369
128.848431730,37.901244383,24.819299698
128.848407066,37.899892801,22.696399689
128.848382404,37.898541218,21.490699768
128.848357743,37.897189635,22.807899475
128.848333084,37.895838051,23.972700119
128.848308426,37.894486467,23.043300629
128.848283771,37.893134883,18.866800308
128.848259117,37.891783298,22.139099121
128.848234464,37.890431714,23.331800461
128.848209814,37.889080128,22.773700714
128.848185164,37.887728543,22.195499420
128.848160517,37.886376957,21.406799316
128.848135871,37.885025371,20.626600266
128.848111227,37.883673785,16.954599380
128.848086584,37.882322198,18.131700516
128.848061944,37.880970611,18.267400742
128.848037304,37.879619023,17.276500702
128.848012667,37.878267435,16.293399811
128.847988031,37.876915847,15.461199760
128.847963396,37.875564259,13.406299591
128.847938764,37.874212670,13.150300026
128.847914133,37.872861081,11.461999893
128.847889503,37.871509492,8.643799782
128.847864876,37.870157902,2.770299911
128.847840250,37.868806312,1.420099974
128.851944663,37.999889408,132.411102295
128.851919847,37.998537850,131.000106812
128.851895033,37.997186291,130.373397827
128.851870220,37.995834733,129.154800415
128.851845409,37.994483174,128.116195679
128.851820600,37.993131615,127.222000122
128.851795792,37.991780055,126.153198242
128.851770986,37.990428495,125.749702454
128.851746182,37.989076935,124.947998047
128.851721379,37.987725375,123.625000000
128.851696578,37.986373814,121.808097839
128.851671779,37.985022253,120.140403748
128.851646981,37.983670691,117.300598145
128.851622185,37.982319130,113.864097595
128.851597390,37.980967567,110.773696899
128.851572598,37.979616005,108.448799133
128.851547806,37.978264442,104.470802307
128.851523017,37.976912879,100.464996338
128.851498229,37.975561316,97.247200012
128.851473443,37.974209752,92.601600647
128.851448659,37.972858188,89.927803040
128.851423876,37.971506623,85.095001221
128.851399095,37.970155059,80.953796387
128.851374315,37.968803494,78.496902466
128.851349537,37.967451928,78.079101563
128.851324761,37.966100363,75.651100159
128.851299986,37.964748797,71.557197571
128.851275213,37.963397230,69.903602600
128.851250442,37.962045664,70.565399170
128.851225673,37.960694097,70.953300476
128.851200905,37.959342529,69.900199890
128.851176139,37.957990962,68.271301270
128.851151374,37.956639394,67.452796936
128.851126611,37.955287825,66.526199341
128.851101850,37.953936257,65.103103638
128.851077090,37.952584688,62.874599457
128.851052332,37.951233119,60.095600128
128.851027576,37.949881549,57.580898285
128.851002821,37.948529979,59.503299713
128.850978068,37.947178409,59.254100800
128.850953317,37.945826838,55.948898315
128.850928567,37.944475267,53.250301361
128.850903819,37.943123696,53.148101807
128.850879073,37.941772125,52.463699341
128.850854328,37.940420553,51.551799774
128.850829585,37.939068980,49.204101563
128.850804843,37.937717408,48.204498291
128.850780104,37.936365835,48.198799133
128.850755365,37.935014262,47.206501007
128.850730629,37.933662688,45.534099579
128.850705894,37.932311115,44.424900055
128.850681161,37.930959540,42.092399597
128.850656430,37.929607966,40.730499268
128.850631700,37.928256391,41.003299713
128.850606971,37.926904816,38.981700897
128.850582245,37.925553241,38.665000916
128.850557520,37.924201665,39.936401367
128.850532797,37.922850089,39.680599213
128.850508075,37.921498512,38.661201477
128.850483355,37.920146936,36.042301178
128.850458637,37.918795358,34.060298920
128.850433920,37.917443781,31.992300034
128.850409205,37.916092203,33.398200989
128.850384492,37.914740625,32.489498138
128.850359781,37.913389047,30.395399094
128.850335071,37.912037468,29.918199539
128.850310362,37.910685889,27.395700455
128.850285655,37.909334310,25.133499146
128.850260950,37.907982730,26.367799759
128.850236247,37.906631150,28.475200653
128.850211545,37.905279570,28.576799393
128.850186845,37.903927989,27.890300751
128.850162147,37.902576408,26.778699875
128.850137450,37.901224827,25.270099640
128.850112755,37.899873245,23.940200806
128.850088061,37.898521663,23.274599075
128.850063370,37.897170081,25.389600754
128.850038679,37.895818499,24.696300507
128.850013991,37.894466916,23.340299606
128.849989304,37.893115332,22.051399231
128.849964619,37.891763749,24.136299133
128.849939935,37.890412165,24.334699631
128.849915253,37.889060581,23.671400070
128.849890573,37.887708996,22.935199738
128.849865894,37.886357411,22.032100677
128.849841217,37.885005826,21.247699738
128.849816542,37.883654241,20.736900330
128.849791868,37.882302655,19.982799530
128.849767196,37.880951069,19.591999054
128.849742526,37.879599482,18.506099701
128.849717857,37.878247895,17.641799927
128.849693190,37.876896308,16.963899612
128.849668525,37.875544721,16.345800400
128.849643861,37.874193133,15.151900291
128.849619199,37.872841545,12.810899734
128.849594538,37.871489956,10.049200058
128.849569879,37.870138368,9.286399841
128.849545222,37.868786778,7.434899807
128.849520567,37.867435189,3.291199923
128.849495913,37.866083599,1.818300009
128.849471261,37.864732009,2.006200075
128.853652663,37.999869757,132.856094360
128.853627816,37.998518200,131.919799805
128.853602970,37.997166643,131.306793213
128.853578126,37.995815086,130.179702759
128.853553284,37.994463528,129.357192993
128.853528443,37.993111969,128.692703247
128.853503604,37.991760411,127.916000366
128.853478767,37.990408852,127.418197632
128.853453931,37.989057293,126.486503601
128.853429097,37.987705733,125.538696289
128.853404265,37.986354173,124.876701355
128.853379434,37.985002613,123.925399780
128.853354605,37.983651053,121.630897522
128.853329778,37.982299492,118.777000427
128.853304952,37.980947931,115.613601685
128.853280128,37.979596369,112.636199951
128.853255305,37.978244807,108.818496704
128.853230485,37.976893245,104.870903015
128.853205666,37.975541683,100.909896851
128.853180848,37.974190120,97.828300476
128.853156032,37.972838557,93.120597839
128.853131218,37.971486993,89.489898682
128.853106406,37.970135429,87.271400452
128.853081595,37.968783865,84.409896851
128.853056786,37.967432301,79.646301270
128.853031978,37.966080736,75.336402893
128.853007173,37.964729171,73.258499146
128.852982368,37.963377606,73.194602966
128.852957566,37.962026040,73.860397339
128.852932765,37.960674474,73.514099121
128.852907966,37.959322908,71.952499390
128.852883168,37.957971341,70.588203430
128.852858372,37.956619774,69.567901611
128.852833578,37.955268206,68.755203247
128.852808786,37.953916639,67.363800049
128.852783995,37.952565071,65.507499695
128.852759206,37.951213502,61.895198822
128.852734418,37.949861934,62.872100830
128.852709632,37.948510365,61.488601685
128.852684848,37.947158796,57.883701324
128.852660065,37.945807226,56.777400970
128.852635284,37.944455656,55.051898956
128.852610505,37.943104086,55.095901489
128.852585727,37.941752515,55.256801605
128.852560951,37.940400944,51.851200104
128.852536177,37.939049373,50.441699982
128.852511404,37.937697801,50.660800934
128.852486633,37.936346229,50.108600616
128.852461864,37.934994657,49.705898285
128.852437096,37.933643085,47.998699188
128.852412330,37.932291512,46.274898529
128.852387566,37.930939939,44.092399597
128.852362803,37.929588365,43.890499115
128.852338042,37.928236791,39.917800903
128.852313283,37.926885217,40.687301636
128.852288525,37.925533643,41.436000824
128.852263769,37.924182068,39.834400177
128.852239014,37.922830493,37.148300171
128.852214262,37.921478917,36.652000427
128.852189511,37.920127341,36.898200989
128.852164761,37.918775765,35.730201721
128.852140013,37.917424189,35.262599945
128.852115267,37.916072612,35.348499298
128.852090523,37.914721035,35.862300873
128.852065780,37.913369457,35.495300293
128.852041039,37.912017880,33.188701630
128.852016299,37.910666302,29.541599274
128.851991561,37.909314723,27.730300903
128.851966825,37.907963144,27.077299118
128.851942090,37.906611565,27.047300339
128.851917357,37.905259986,28.440299988
128.851892626,37.903908406,28.299499512
128.851867896,37.902556826,27.369199753
128.851843169,37.901205246,25.041099548
128.851818442,37.899853665,24.776199341
128.851793718,37.898502084,24.905000687
128.851768995,37.897150503,24.294200897
128.851744273,37.895798921,23.145900726
128.851719553,37.894447339,24.090299606
128.851694835,37.893095757,25.906999588
128.851670119,37.891744174,25.840700150
128.851645404,37.890392592,25.315000534
128.851620691,37.889041008,24.294200897
128.851595980,37.887689425,23.863399506
128.851571270,37.886337841,23.184400558
128.851546562,37.884986256,22.302400589
128.851521855,37.883634672,20.130699158
128.851497151,37.882283087,17.996999741
128.851472447,37.880931502,16.639200211
128.851447746,37.879579916,18.694499969
128.851423046,37.878228330,18.068199158
128.851398348,37.876876744,17.543199539
128.851373651,37.875525158,17.652200699
128.851348956,37.874173571,17.134199142
128.851324263,37.872821984,15.854100227
128.851299571,37.871470396,14.249400139
128.851274881,37.870118808,11.904700279
128.851250193,37.868767220,11.152400017
128.851225507,37.867415632,8.613900185
128.851200822,37.866064043,6.455200195
128.851176138,37.864712454,4.646699905
128.851151456,37.863360864,2.391900063
128.851126776,37.862009275,0.834100008
128.855360662,37.999850082,134.298995972
128.855335783,37.998498526,133.283905029
128.855310906,37.997146970,132.581497192
128.855286031,37.995795413,131.529602051
128.855261157,37.994443856,130.875595093
128.855236285,37.993092299,130.159606934
128.855211415,37.991740741,129.367095947
128.855186546,37.990389184,128.855697632
128.855161679,37.989037625,127.928497314
128.855136814,37.987686067,126.944900513
128.855111950,37.986334508,126.951797485
128.855087088,37.984982949,126.404296875
128.855062228,37.983631389,124.723899841
128.855037369,37.982279829,122.664802551
128.855012512,37.980928269,120.061897278
128.854987657,37.979576708,117.785598755
128.854962803,37.978225147,114.227203369
128.854937951,37.976873586,110.277397156
128.854913100,37.975522025,105.847801208
128.854888252,37.974170463,101.635299683
128.854863405,37.972818901,97.182098389
128.854838559,37.971467338,92.696098328
128.854813715,37.970115775,90.168502808
128.854788873,37.968764212,85.952598572
128.854764033,37.967412649,80.047302246
128.854739194,37.966061085,76.238296509
128.854714357,37.964709521,74.967796326
128.854689522,37.963357956,75.404502869
128.854664688,37.962006392,75.470100403
128.854639856,37.960654826,74.776802063
128.854615025,37.959303261,73.716903687
128.854590196,37.957951695,72.359199524
128.854565369,37.956600129,71.143699646
128.854540544,37.955248563,70.244598389
128.854515720,37.953896996,69.088798523
128.854490898,37.952545429,67.715400696
128.854466077,37.951193862,66.536903381
128.854441259,37.949842294,65.353797913
128.854416441,37.948490726,61.411998749
128.854391626,37.947139158,60.655101776
128.854366812,37.945787589,60.207401276
128.854342000,37.944436020,59.840301514
128.854317189,37.943084451,58.788898468
128.854292380,37.941732881,56.243801117
128.854267573,37.940381311,53.201499939
128.854242768,37.939029741,53.083499908
128.854217964,37.937678170,53.918300629
128.854193162,37.936326599,53.499298096
128.854168361,37.934975028,52.073200226
128.854143562,37.933623456,50.250598907
128.854118765,37.932271884,49.367298126
128.854093969,37.930920312,47.080699921
128.854069175,37.929568739,46.343799591
128.854044383,37.928217167,43.915401459
128.854019592,37.926865593,43.511699677
128.853994803,37.925514020,42.427799225
128.853970016,37.924162446,40.434101105
128.853945230,37.922810872,39.229698181
128.853920446,37.921459297,37.815799713
128.853895664,37.920107722,37.297698975
128.853870883,37.918756147,36.943801880
128.853846104,37.917404572,36.373100281
128.853821327,37.916052996,36.655998230
128.853796551,37.914701420,37.391899109
128.853771777,37.913349843,37.803298950
128.853747005,37.911998266,36.706798553
128.853722234,37.910646689,32.105701447
128.853697465,37.909295112,31.828300476
128.853672698,37.907943534,30.036500931
128.853647932,37.906591956,30.252599716
128.853623168,37.905240378,29.875000000
128.853598405,37.903888799,27.238899231
128.853573645,37.902537220,28.331399918
128.853548885,37.901185640,28.310699463
128.853524128,37.899834061,28.202999115
128.853499372,37.898482481,26.208700180
128.853474618,37.897130900,27.840599060
128.853449865,37.895779319,28.495199203
128.853425115,37.894427738,24.954999924
128.853400365,37.893076157,26.796699524
128.853375618,37.891724575,27.245700836
128.853350872,37.890372993,26.256900787
128.853326128,37.889021411,24.811399460
128.853301385,37.887669828,24.785900116
128.853276644,37.886318245,24.138700485
128.853251905,37.884966662,23.578300476
128.853227167,37.883615079,22.497900009
128.853202431,37.882263495,20.517900467
128.853177697,37.880911910,18.603599548
128.853152964,37.879560326,15.306799889
128.853128233,37.878208741,18.372600555
128.853103504,37.876857156,18.993900299
128.853078776,37.875505570,16.400400162
128.853054050,37.874153984,17.604499817
128.853029326,37.872802398,16.743900299
128.853004603,37.871450811,14.985600471
128.852979882,37.870099224,12.654399872
128.852955162,37.868747637,12.221300125
128.852930445,37.867396050,10.806699753
128.852905729,37.866044462,8.865200043
128.852881014,37.864692874,7.158899784
128.852856301,37.863341285,4.611100197
128.852831590,37.861989696,3.259000063
128.852806881,37.860638107,1.705000043
128.857068659,37.999830383,136.732803345
128.857043749,37.998478827,135.500701904
128.857018840,37.997127272,134.763793945
128.856993934,37.995775716,133.520294189
128.856969029,37.994424160,132.507904053
128.856944125,37.993072604,131.893493652
128.856919224,37.991721047,131.302597046
128.856894324,37.990369490,130.469497681
128.856869425,37.989017933,129.356201172
128.856844529,37.987666375,128.385696411
128.856819634,37.986314817,128.272903442
128.856794740,37.984963259,127.953102112
128.856769849,37.983611701,127.141601563
128.856744959,37.982260142,125.551002502
128.856720070,37.980908582,123.602302551
128.856695183,37.979557023,121.165000916
128.856670298,37.978205463,117.701797485
128.856645415,37.976853903,113.857200623
128.856620533,37.975502342,108.958297729
128.856595653,37.974150781,104.521202087
128.856570775,37.972799220,100.503700256
128.856545898,37.971447658,95.506698608
128.856521023,37.970096096,91.373199463
128.856496150,37.968744534,86.872001648
128.856471278,37.967392972,82.293701172
128.856446408,37.966041409,79.238899231
128.856421540,37.964689846,78.753097534
128.856396673,37.963338282,79.020202637
128.856371808,37.961986718,77.954597473
128.856346945,37.960635154,76.394401550
128.856322083,37.959283590,75.545303345
128.856297223,37.957932025,73.992698669
128.856272365,37.956580460,72.604301453
128.856247508,37.955228894,71.610801697
128.856222653,37.953877329,70.621696472
128.856197799,37.952525763,69.260101318
128.856172948,37.951174196,67.615402222
128.856148098,37.949822629,67.318901062
128.856123249,37.948471062,66.278503418
128.856098402,37.947119495,65.581596375
128.856073557,37.945767927,63.296798706
128.856048714,37.944416359,62.131198883
128.856023872,37.943064791,59.585201263
128.855999032,37.941713222,58.569000244
128.855974193,37.940361653,56.791698456
128.855949357,37.939010084,55.904598236
128.855924522,37.937658514,54.670501709
128.855899688,37.936306944,54.538200378
128.855874856,37.934955374,54.292598724
128.855850026,37.933603803,52.622398376
128.855825198,37.932252232,50.947299957
128.855800371,37.930900661,49.556999207
128.855775546,37.929549089,46.798999786
128.855750722,37.928197517,44.918498993
128.855725900,37.926845945,44.134399414
128.855701080,37.925494372,43.567199707
128.855676262,37.924142799,39.976501465
128.855651445,37.922791226,40.411499023
128.855626630,37.921439653,40.190799713
128.855601816,37.920088079,36.137901306
128.855577004,37.918736504,36.209598541
128.855552194,37.917384930,37.008998871
128.855527385,37.916033355,39.054000854
128.855502578,37.914681780,40.063598633
128.855477773,37.913330204,39.495098114
128.855452970,37.911978628,38.187000275
128.855428168,37.910627052,36.180801392
128.855403367,37.909275476,32.883499146
128.855378569,37.907923899,32.803901672
128.855353772,37.906572322,33.540798187
128.855328977,37.905220744,33.380798340
128.855304183,37.903869166,32.263698578
128.855279391,37.902517588,29.269800186
128.855254601,37.901166010,29.037200928
128.855229812,37.899814431,27.520099640
128.855205025,37.898462852,28.744300842
128.855180240,37.897111273,29.633600235
128.855155456,37.895759693,29.056499481
128.855130674,37.894408113,28.772300720
128.855105894,37.893056532,28.253799438
128.855081115,37.891704952,27.701900482
128.855056338,37.890353371,26.970600128
128.855031562,37.889001789,26.367300034
128.855006789,37.887650208,26.012399673
128.854982017,37.886298625,25.045000076
128.854957246,37.884947043,24.207399368
128.854932477,37.883595460,23.263399124
128.854907710,37.882243877,21.305799484
128.854882945,37.880892294,16.863000870
128.854858181,37.879540710,19.053300858
128.854833419,37.878189127,20.539600372
128.854808658,37.876837542,18.730199814
128.854783899,37.875485958,17.256900787
128.854759142,37.874134373,17.369699478
128.854734387,37.872782787,15.907099724
128.854709633,37.871431202,15.351400375
128.854684881,37.870079616,16.292800903
128.854660130,37.868728030,14.947500229
128.854635381,37.867376443,12.952599525
128.854610634,37.866024856,11.094699860
128.854585888,37.864673269,9.385199547
128.854561144,37.863321681,7.730199814
128.854536402,37.861970093,4.856800079
128.854511661,37.860618505,2.526799917
128.854486922,37.859266917,1.219300032
128.858776654,37.999810658,139.979705811
128.858751712,37.998459104,138.113601685
128.858726773,37.997107549,136.952301025
128.858701835,37.995755995,135.395706177
128.858676898,37.994404440,134.253097534
128.858651964,37.993052884,133.431900024
128.858627031,37.991701329,132.601196289
128.858602099,37.990349772,131.766494751
128.858577170,37.988998216,130.782196045
128.858552242,37.987646659,129.781295776
128.858527315,37.986295102,130.120300293
128.858502391,37.984943545,129.883407593
128.858477468,37.983591987,128.895904541
128.858452546,37.982240429,127.709503174
128.858427627,37.980888871,126.023399353
128.858402709,37.979537312,124.051399231
128.858377793,37.978185753,121.484901428
128.858352878,37.976834194,117.617401123
128.858327965,37.975482635,112.329200745
128.858303054,37.974131075,107.468002319
128.858278144,37.972779514,102.695396423
128.858253236,37.971427954,99.620796204
128.858228330,37.970076393,95.921302795
128.858203425,37.968724832,90.652801514
128.858178522,37.967373270,86.293800354
128.858153621,37.966021708,83.496002197
128.858128721,37.964670146,82.830596924
128.858103823,37.963318583,82.064399719
128.858078927,37.961967020,79.278099060
128.858054032,37.960615457,78.111396790
128.858029139,37.959263894,76.128501892
128.858004248,37.957912330,74.975196838
128.857979358,37.956560766,73.699401855
128.857954470,37.955209201,72.831398010
128.857929584,37.953857636,72.086303711
128.857904699,37.952506071,70.879997253
128.857879816,37.951154506,69.461402893
128.857854935,37.949802940,69.217498779
128.857830055,37.948451374,68.660797119
128.857805177,37.947099807,68.466903687
128.857780301,37.945748241,66.851898193
128.857755426,37.944396674,65.174797058
128.857730553,37.943045106,63.070201874
128.857705682,37.941693538,61.133399963
128.857680812,37.940341970,60.210899353
128.857655944,37.938990402,59.253700256
128.857631078,37.937638833,57.498001099
128.857606213,37.936287264,56.576900482
128.857581350,37.934935695,55.604400635
128.857556489,37.933584125,54.856700897
128.857531629,37.932232555,53.737098694
128.857506771,37.930880985,51.334098816
128.857481914,37.929529414,49.054500580
128.857457060,37.928177843,49.072101593
128.857432207,37.926826272,48.241298676
128.857407355,37.925474700,45.708999634
128.857382506,37.924123128,42.325801849
128.857357657,37.922771556,43.634700775
128.857332811,37.921419983,42.182399750
128.857307966,37.920068410,39.823898315
128.857283123,37.918716837,38.375598907
128.857258282,37.917365263,39.761398315
128.857233442,37.916013689,38.240699768
128.857208604,37.914662115,41.033000946
128.857183767,37.913310541,41.185398102
128.857158933,37.911958966,39.886398315
128.857134100,37.910607390,38.311698914
128.857109268,37.909255815,36.337398529
128.857084438,37.907904239,33.657199860
128.857059610,37.906552663,34.926700592
128.857034784,37.905201086,34.536899567
128.857009959,37.903849509,33.274101257
128.856985136,37.902497932,31.170499802
128.856960314,37.901146355,30.941799164
128.856935494,37.899794777,30.708599091
128.856910676,37.898443199,30.362699509
128.856885860,37.897091620,30.023700714
128.856861045,37.895740042,30.111700058
128.856836232,37.894388462,29.873500824
128.856811420,37.893036883,28.827800751
128.856786610,37.891685303,28.074300766
128.856761802,37.890333723,27.530199051
128.856736995,37.888982143,26.911500931
128.856712191,37.887630562,26.386600494
128.856687387,37.886278981,25.677000046
128.856662586,37.884927399,25.082799911
128.856637786,37.883575818,24.240299225
128.856612987,37.882224236,20.364599228
128.856588191,37.880872653,20.831199646
128.856563396,37.879521071,18.346000671
128.856538603,37.878169488,17.906099319
128.856513811,37.876817904,18.251600266
128.856489021,37.875466321,18.655300140
128.856464233,37.874114737,14.486399651
128.856439446,37.872763152,13.932700157
128.856414661,37.871411568,13.807100296
128.856389878,37.870059983,11.079999924
128.856365096,37.868708397,14.565699577
128.856340316,37.867356812,14.597000122
128.856315538,37.866005226,12.839400291
128.856290761,37.864653639,11.184900284
128.856265986,37.863302053,9.763099670
128.856241212,37.861950466,8.106399536
128.856216441,37.860598879,4.376500130
128.856191671,37.859247291,3.235399961
128.856166902,37.857895703,1.870399952
128.860484647,37.999790909,146.645706177
128.860459674,37.998439355,141.520492554
128.860434703,37.997087802,139.557693481
128.860409734,37.995736248,137.995697021
128.860384766,37.994384694,136.564498901
128.860359800,37.993033140,135.205596924
128.860334836,37.991681585,134.516006470
128.860309873,37.990330030,133.298004150
128.860284912,37.988978474,132.234298706
128.860259953,37.987626919,131.209899902
128.860234996,37.986275363,131.487106323
128.860210040,37.984923806,131.091506958
128.860185085,37.983572249,130.208999634
128.860160133,37.982220692,129.126693726
128.860135182,37.980869135,127.881301880
128.860110232,37.979517577,126.555198669
128.860085285,37.978166019,124.420898438
128.860060339,37.976814461,120.876899719
128.860035395,37.975462902,116.524299622
128.860010452,37.974111343,111.534500122
128.859985511,37.972759784,106.869499207
128.859960572,37.971408224,104.149597168
128.859935634,37.970056664,99.882499695
128.859910698,37.968705104,94.192298889
128.859885764,37.967353544,90.296203613
128.859860831,37.966001983,88.621597290
128.859835901,37.964650421,87.240501404
128.859810971,37.963298860,83.906303406
128.859786044,37.961947298,81.717597961
128.859761118,37.960595736,81.492202759
128.859736194,37.959244173,80.125503540
128.859711271,37.957892610,78.693298340
128.859686350,37.956541047,77.089500427
128.859661431,37.955189483,75.515998840
128.859636513,37.953837919,74.419097900
128.859611597,37.952486355,73.398597717
128.859586683,37.951134791,72.302902222
128.859561770,37.949783226,71.915000916
128.859536860,37.948431661,71.373901367
128.859511950,37.947080095,70.525100708
128.859487043,37.945728529,69.259002686
128.859462137,37.944376963,67.636596680
128.859437232,37.943025397,66.397003174
128.859412330,37.941673830,64.651100159
128.859387429,37.940322263,61.613098145
128.859362530,37.938970695,59.524398804
128.859337632,37.937619128,58.725898743
128.859312736,37.936267560,58.195899963
128.859287842,37.934915991,57.089099884
128.859262949,37.933564422,55.960800171
128.859238058,37.932212853,55.212799072
128.859213169,37.930861284,54.854499817
128.859188282,37.929509714,54.080600739
128.859163396,37.928158144,52.773200989
128.859138511,37.926806574,49.275901794
128.859113629,37.925455003,48.539501190
128.859088748,37.924103432,48.136600494
128.859063868,37.922751861,47.180698395
128.859038991,37.921400289,40.229301453
128.859014115,37.920048717,40.813800812
128.858989241,37.918697145,39.137599945
128.858964368,37.917345572,40.605598450
128.858939497,37.915993999,43.677101135
128.858914628,37.914642426,44.674400330
128.858889760,37.913290852,41.762699127
128.858864894,37.911939278,39.659000397
128.858840030,37.910587704,38.945098877
128.858815167,37.909236129,38.636299133
128.858790306,37.907884554,37.041099548
128.858765447,37.906532979,36.410499573
128.858740589,37.905181404,35.521301270
128.858715733,37.903829828,33.120201111
128.858690879,37.902478251,32.848400116
128.858666026,37.901126675,31.156900406
128.858641175,37.899775098,32.049900055
128.858616326,37.898423521,30.729600906
128.858591478,37.897071943,29.012800217
128.858566632,37.895720365,30.480499268
128.858541788,37.894368787,30.067199707
128.858516945,37.893017209,29.324800491
128.858492104,37.891665630,28.650199890
128.858467265,37.890314051,28.257200241
128.858442427,37.888962471,27.558900833
128.858417591,37.887610892,27.163499832
128.858392756,37.886259311,26.437500000
128.858367924,37.884907731,25.778299332
128.858343093,37.883556150,24.733900070
128.858318263,37.882204569,22.254499435
128.858293435,37.880852988,22.638399124
128.858268609,37.879501406,21.963100433
128.858243785,37.878149824,21.898500443
128.858218962,37.876798241,20.047800064
128.858194141,37.875446659,19.962499619
128.858169321,37.874095076,17.978700638
128.858144504,37.872743492,14.638500214
128.858119688,37.871391909,16.166299820
128.858094873,37.870040325,14.529199600
128.858070060,37.868688740,16.482000351
128.858045249,37.867337156,16.272499084
128.858020440,37.865985571,14.562299728
128.857995632,37.864633985,13.053700447
128.857970826,37.863282400,11.503100395
128.857946021,37.861930814,10.000800133
128.857921218,37.860579227,8.190500259
128.857896417,37.859227641,5.112100124
128.857871617,37.857876054,2.368000031
128.857846820,37.856524467,1.967800021
128.862192639,37.999771134,171.434005737
128.862167635,37.998419582,150.829193115
128.862142632,37.997068030,143.362701416
128.862117632,37.995716477,140.908996582
128.862092633,37.994364924,138.816497803
128.862067635,37.993013370,137.215499878
128.862042640,37.991661816,136.190399170
128.862017646,37.990310262,134.763595581
128.861992654,37.988958708,133.453002930
128.861967663,37.987607153,132.446792603
128.861942674,37.986255598,132.767593384
128.861917687,37.984904042,132.487503052
128.861892701,37.983552487,131.614898682
128.861867717,37.982200931,130.373703003
128.861842735,37.980849374,129.166000366
128.861817754,37.979497818,128.260101318
128.861792776,37.978146260,126.419197083
128.861767798,37.976794703,123.888397217
128.861742823,37.975443145,120.850097656
128.861717849,37.974091587,116.452003479
128.861692877,37.972740029,111.600700378
128.861667906,37.971388470,108.601303101
128.861642937,37.970036911,104.735000610
128.861617970,37.968685352,100.586601257
128.861593004,37.967333792,97.795196533
128.861568041,37.965982232,94.980697632
128.861543078,37.964630672,91.630401611
128.861518118,37.963279111,86.720001221
128.861493159,37.961927550,84.597297668
128.861468202,37.960575989,84.455902100
128.861443246,37.959224427,83.879402161
128.861418292,37.957872866,81.809303284
128.861393340,37.956521303,79.517097473
128.861368390,37.955169741,78.578697205
128.861343441,37.953818178,77.589302063
128.861318494,37.952466615,76.685897827
128.861293548,37.951115051,75.407699585
128.861268604,37.949763487,74.675697327
128.861243662,37.948411923,73.549598694
128.861218722,37.947060358,72.560600281
128.861193783,37.945708793,71.476402283
128.861168846,37.944357228,70.017097473
128.861143910,37.943005663,68.567001343
128.861118976,37.941654097,66.808502197
128.861094044,37.940302531,64.206001282
128.861069114,37.938950964,62.726898193
128.861044185,37.937599397,60.936798096
128.861019258,37.936247830,59.336700439
128.860994332,37.934896263,58.909400940
128.860969408,37.933544695,57.620800018
128.860944486,37.932193127,56.531501770
128.860919566,37.930841558,55.362098694
128.860894647,37.929489990,55.284099579
128.860869730,37.928138421,55.185901642
128.860844814,37.926786851,53.459098816
128.860819900,37.925435281,52.856700897
128.860794988,37.924083711,50.951599121
128.860770078,37.922732141,50.479400635
128.860745169,37.921380570,48.978099823
128.860720262,37.920028999,46.818801880
128.860695356,37.918677428,44.041500092
128.860670452,37.917325856,42.610801697
128.860645550,37.915974284,44.415500641
128.860620650,37.914622712,45.098701477
128.860595751,37.913271139,44.185798645
128.860570854,37.911919566,42.765201569
128.860545958,37.910567993,42.220798492
128.860521064,37.909216419,41.051200867
128.860496172,37.907864845,39.642200470
128.860471282,37.906513271,38.736099243
128.860446393,37.905161696,38.423900604
128.860421506,37.903810121,37.115398407
128.860396620,37.902458546,35.309898376
128.860371736,37.901106970,34.764701843
128.860346854,37.899755394,33.465900421
128.860321974,37.898403818,31.074199677
128.860297095,37.897052242,29.690799713
128.860272218,37.895700665,31.151699066
128.860247342,37.894349088,31.009199142
128.860222468,37.892997510,30.349700928
128.860197596,37.891645932,29.412300110
128.860172725,37.890294354,28.671699524
128.860147857,37.888942775,28.329399109
128.860122989,37.887591197,27.886499405
128.860098124,37.886239617,27.164899826
128.860073260,37.884888038,26.788799286
128.860048398,37.883536458,23.415700912
128.860023537,37.882184878,23.906000137
128.859998678,37.880833297,24.071100235
128.859973821,37.879481717,23.777200699
128.859948965,37.878130136,23.377599716
128.859924111,37.876778554,21.728200912
128.859899259,37.875426972,20.136499405
128.859874409,37.874075390,18.668600082
128.859849560,37.872723808,16.233800888
128.859824712,37.871372225,20.160100937
128.859799867,37.870020642,18.639499664
128.859775023,37.868669059,18.450000763
128.859750181,37.867317475,17.551700592
128.859725340,37.865965891,16.304399490
128.859700501,37.864614306,14.871700287
128.859675664,37.863262722,13.248299599
128.859650828,37.861911137,11.853599548
128.859625994,37.860559551,10.496700287
128.859601162,37.859207966,8.858499527
128.859576331,37.857856380,5.954999924
128.859551502,37.856504793,3.814500093
128.859526675,37.855153207,1.657600045
128.863900629,37.999751335,201.810501099
128.863875593,37.998399784,181.244293213
128.863850560,37.997048233,155.142303467
128.863825528,37.995696681,145.040802002
128.863800497,37.994345129,141.513107300
128.863775469,37.992993576,139.517501831
128.863750442,37.991642023,138.086593628
128.863725417,37.990290470,136.260192871
128.863700393,37.988938916,134.841995239
128.863675371,37.987587363,133.747802734
128.863650351,37.986235808,133.758605957
128.863625332,37.984884254,133.556304932
128.863600315,37.983532699,132.649307251
128.863575300,37.982181144,131.764099121
128.863550287,37.980829589,130.688903809
128.863525275,37.979478033,129.592102051
128.863500265,37.978126477,128.259902954
128.863475256,37.976774920,126.660896301
128.863450249,37.975423364,124.218299866
128.863425244,37.974071806,121.258903503
128.863400241,37.972720249,116.941596985
128.863375239,37.971368691,113.973396301
128.863350239,37.970017133,110.941001892
128.863325240,37.968665575,107.374198914
128.863300243,37.967314016,104.452003479
128.863275248,37.965962457,101.500602722
128.863250255,37.964610898,95.778297424
128.863225263,37.963259338,91.288002014
128.863200273,37.961907778,90.192596436
128.863175284,37.960556218,89.648101807
128.863150297,37.959204657,87.787902832
128.863125312,37.957853096,84.695800781
128.863100329,37.956501535,82.267601013
128.863075347,37.955149973,81.791900635
128.863050367,37.953798411,80.807296753
128.863025389,37.952446849,80.110603333
128.863000412,37.951095286,78.804702759
128.862975437,37.949743723,77.454902649
128.862950463,37.948392160,75.922996521
128.862925492,37.947040597,74.443702698
128.862900521,37.945689033,72.963401794
128.862875553,37.944337468,71.524299622
128.862850586,37.942985904,70.254898071
128.862825621,37.941634339,68.226196289
128.862800658,37.940282774,65.898200989
128.862775696,37.938931208,64.798599243
128.862750736,37.937579642,63.497299194
128.862725778,37.936228076,62.636699677
128.862700821,37.934876510,61.151100159
128.862675866,37.933524943,59.676998138
128.862650912,37.932173376,57.846500397
128.862625961,37.930821808,56.842601776
128.862601011,37.929470240,56.959098816
128.862576062,37.928118672,57.064300537
128.862551116,37.926767104,56.744800568
128.862526171,37.925415535,55.709098816
128.862501227,37.924063966,53.797901154
128.862476285,37.922712396,51.608699799
128.862451345,37.921360827,49.643199921
128.862426407,37.920009257,48.951400757
128.862401470,37.918657686,47.068801880
128.862376535,37.917306115,44.575500488
128.862351602,37.915954544,45.890598297
128.862326670,37.914602973,45.094299316
128.862301740,37.913251401,45.438999176
128.862276812,37.911899829,43.987701416
128.862251885,37.910548257,42.599201202
128.862226960,37.909196684,40.856899261
128.862202037,37.907845111,41.174098969
128.862177115,37.906493538,40.443500519
128.862152195,37.905141964,39.017898560
128.862127277,37.903790390,37.868598938
128.862102360,37.902438816,36.466300964
128.862077445,37.901087241,35.493099213
128.862052532,37.899735666,33.838199615
128.862027620,37.898384091,29.338800430
128.862002710,37.897032515,28.846500397
128.861977802,37.895680939,31.533800125
128.861952895,37.894329363,31.617000580
128.861927990,37.892977786,30.789899826
128.861903086,37.891626210,30.356800079
128.861878185,37.890274632,29.724800110
128.861853285,37.888923055,29.424499512
128.861828386,37.887571477,28.380500793
128.861803490,37.886219899,27.604900360
128.861778595,37.884868320,26.836399078
128.861753701,37.883516741,25.298099518
128.861728809,37.882165162,25.216600418
128.861703919,37.880813583,24.416700363
128.861679031,37.879462003,25.058799744
128.861654144,37.878110423,24.111799240
128.861629259,37.876758842,22.679899216
128.861604376,37.875407261,20.316299438
128.861579494,37.874055680,20.278600693
128.861554614,37.872704099,16.361700058
128.861529736,37.871352517,20.685199738
128.861504859,37.870000935,21.587600708
128.861479984,37.868649352,20.417800903
128.861455110,37.867297769,19.097000122
128.861430239,37.865946186,17.882600784
128.861405369,37.864594603,16.524000168
128.861380500,37.863243019,15.207900047
128.861355633,37.861891435,13.743100166
128.861330768,37.860539851,12.195699692
128.861305905,37.859188266,10.436400414
128.861281043,37.857836681,8.724200249
128.861256183,37.856485096,6.225900173
128.861231325,37.855133510,3.002799988
128.861206468,37.853781924,1.110599995
128.865608617,37.999731512,214.279998779
128.865583550,37.998379961,204.890701294
128.865558485,37.997028411,187.653900146
128.865533422,37.995676860,160.246902466
128.865508360,37.994325309,146.990493774
128.865483301,37.992973757,142.255294800
128.865458242,37.991622205,138.469100952
128.865433186,37.990270653,136.791198730
128.865408131,37.988919100,135.658996582
128.865383078,37.987567547,134.725494385
128.865358026,37.986215994,134.953598022
128.865332976,37.984864441,134.612594604
128.865307928,37.983512887,134.010696411
128.865282881,37.982161333,133.205795288
128.865257837,37.980809778,132.017700195
128.865232793,37.979458223,130.775207520
128.865207752,37.978106668,129.847900391
128.865182712,37.976755113,128.651000977
128.865157674,37.975403557,126.613998413
128.865132637,37.974052001,124.484001160
128.865107603,37.972700444,121.882003784
128.865082570,37.971348888,119.108398438
128.865057538,37.969997331,115.797996521
128.865032508,37.968645773,112.257301331
128.865007480,37.967294215,109.313697815
128.864982454,37.965942657,107.105102539
128.864957429,37.964591099,102.871200562
128.864932406,37.963239540,99.273002625
128.864907385,37.961887981,96.686996460
128.864882365,37.960536422,94.594200134
128.864857347,37.959184862,90.926498413
128.864832330,37.957833302,89.245498657
128.864807316,37.956481742,88.104598999
128.864782303,37.955130181,85.785003662
128.864757291,37.953778620,84.680198669
128.864732282,37.952427059,83.942596436
128.864707274,37.951075497,83.123596191
128.864682267,37.949723935,80.423500061
128.864657263,37.948372373,76.991897583
128.864632260,37.947020810,74.648101807
128.864607258,37.945669247,73.482101440
128.864582259,37.944317684,72.330703735
128.864557261,37.942966120,71.873397827
128.864532264,37.941614556,70.613700867
128.864507270,37.940262992,68.309501648
128.864482277,37.938911428,67.520797729
128.864457285,37.937559863,67.722602844
128.864432296,37.936208297,64.983596802
128.864407308,37.934856732,62.176101685
128.864382322,37.933505166,60.398399353
128.864357337,37.932153600,59.410701752
128.864332354,37.930802033,58.706199646
128.864307373,37.929450466,58.818500519
128.864282393,37.928098899,59.043201447
128.864257415,37.926747332,58.851600647
128.864232439,37.925395764,57.194000244
128.864207464,37.924044196,55.645900726
128.864182491,37.922692627,53.085899353
128.864157520,37.921341058,49.153198242
128.864132551,37.919989489,49.664299011
128.864107583,37.918637920,49.585498810
128.864082617,37.917286350,48.946201324
128.864057652,37.915934780,48.561401367
128.864032689,37.914583209,47.472000122
128.864007728,37.913231639,46.814399719
128.863982768,37.911880068,45.860698700
128.863957810,37.910528496,41.966098785
128.863932854,37.909176924,43.136398315
128.863907900,37.907825352,44.011600494
128.863882947,37.906473780,42.008998871
128.863857996,37.905122207,40.075298309
128.863833046,37.903770634,39.297401428
128.863808098,37.902419061,37.153198242
128.863783152,37.901067487,33.780998230
128.863758207,37.899715913,31.836900711
128.863733264,37.898364339,29.743200302
128.863708323,37.897012764,32.171001434
128.863683384,37.895661189,33.305801392
128.863658446,37.894309614,30.600099564
128.863633510,37.892958038,31.111700058
128.863608575,37.891606462,30.761999130
128.863583642,37.890254886,30.198699951
128.863558711,37.888903309,29.773399353
128.863533782,37.887551732,29.163900375
128.863508854,37.886200155,28.310800552
128.863483927,37.884848578,27.149700165
128.863459003,37.883497000,26.307800293
128.863434080,37.882145421,25.411800385
128.863409159,37.880793843,25.780899048
128.863384239,37.879442264,26.190200806
128.863359322,37.878090685,25.245100021
128.863334405,37.876739105,23.373899460
128.863309491,37.875387525,20.293199539
128.863284578,37.874035945,20.290399551
128.863259667,37.872684365,19.812099457
128.863234757,37.871332784,22.811899185
128.863209849,37.869981203,22.707700729
128.863184943,37.868629621,21.584400177
128.863160039,37.867278039,20.325599670
128.863135136,37.865926457,19.263299942
128.863110235,37.864574875,17.981399536
128.863085335,37.863223292,16.677999496
128.863060437,37.861871709,15.369099617
128.863035541,37.860520125,13.920299530
128.863010646,37.859168542,12.312800407
128.862985753,37.857816958,10.854599953
128.862960862,37.856465373,9.159500122
128.862935973,37.855113788,5.995200157
128.862911085,37.853762203,2.763799906
128.862886199,37.852410618,0.790600002
128.867316604,37.999711663,231.327194214
128.867291506,37.998360114,220.411804199
128.867266409,37.997008564,209.842300415
128.867241315,37.995657014,196.577499390
128.867216222,37.994305464,172.090103149
128.867191131,37.992953913,150.826995850
128.867166041,37.991602362,141.513793945
128.867140953,37.990250811,138.596801758
128.867115867,37.988899259,133.895202637
128.867090782,37.987547708,135.011199951
128.867065700,37.986196155,136.451904297
128.867040618,37.984844603,136.182907104
128.867015539,37.983493050,135.614700317
128.866990461,37.982141497,134.668106079
128.866965385,37.980789943,133.433105469
128.866940310,37.979438389,132.275405884
128.866915238,37.978086835,131.376998901
128.866890166,37.976735281,130.054702759
128.866865097,37.975383726,128.288604736
128.866840029,37.974032171,126.979896545
128.866814963,37.972680615,124.305603027
128.866789899,37.971329059,121.641601563
128.866764836,37.969977503,118.888298035
128.866739775,37.968625947,115.675102234
128.866714716,37.967274390,112.247497559
128.866689658,37.965922833,109.470001221
128.866664602,37.964571275,106.086196899
128.866639548,37.963219718,103.184196472
128.866614495,37.961868159,101.205101013
128.866589444,37.960516601,99.448402405
128.866564395,37.959165042,97.675598145
128.866539347,37.957813483,94.776802063
128.866514301,37.956461924,93.188796997
128.866489257,37.955110364,90.804901123
128.866464214,37.953758804,89.295997620
128.866439173,37.952407244,87.694602966
128.866414134,37.951055683,85.965400696
128.866389096,37.949704122,83.210700989
128.866364060,37.948352561,77.728401184
128.866339026,37.947000999,75.358001709
128.866313993,37.945649437,74.790298462
128.866288963,37.944297875,74.020896912
128.866263933,37.942946312,73.054603577
128.866238906,37.941594749,72.159896851
128.866213880,37.940243186,70.779701233
128.866188856,37.938891622,69.680999756
128.866163833,37.937540058,68.564300537
128.866138812,37.936188494,68.036796570
128.866113793,37.934836929,66.007102966
128.866088776,37.933485364,63.533401489
128.866063760,37.932133799,62.367698669
128.866038746,37.930782233,61.101799011
128.866013733,37.929430668,60.675498962
128.865988722,37.928079101,60.383800507
128.865963713,37.926727535,59.611000061
128.865938706,37.925375968,58.374099731
128.865913700,37.924024401,56.175998688
128.865888696,37.922672833,55.215000153
128.865863693,37.921321265,52.940601349
128.865838693,37.919969697,51.503501892
128.865813693,37.918618129,51.015800476
128.865788696,37.917266560,50.642700195
128.865763700,37.915914991,49.992000580
128.865738706,37.914563421,46.891998291
128.865713714,37.913211851,47.386299133
128.865688723,37.911860281,46.207401276
128.865663734,37.910508711,46.364200592
128.865638747,37.909157140,45.703998566
128.865613761,37.907805569,45.300998688
128.865588777,37.906453998,43.921298981
128.865563794,37.905102426,43.030300140
128.865538814,37.903750854,41.554100037
128.865513835,37.902399281,40.397098541
128.865488857,37.901047709,39.068099976
128.865463881,37.899696135,36.751399994
128.865438907,37.898344562,36.281101227
128.865413935,37.896992988,36.171699524
128.865388964,37.895641414,35.217498779
128.865363995,37.894289840,33.078201294
128.865339028,37.892938265,28.904399872
128.865314062,37.891586690,27.513000488
128.865289098,37.890235115,28.613300323
128.865264136,37.888883539,29.940599442
128.865239175,37.887531963,29.577400208
128.865214216,37.886180387,28.995700836
128.865189259,37.884828810,28.220500946
128.865164303,37.883477233,26.201799393
128.865139349,37.882125656,27.862899780
128.865114397,37.880774079,28.155300140
128.865089446,37.879422501,27.478599548
128.865064497,37.878070922,25.114700317
128.865039550,37.876719344,24.719499588
128.865014604,37.875367765,21.430799484
128.864989660,37.874016186,19.418800354
128.864964718,37.872664606,21.509799957
128.864939777,37.871313026,24.211999893
128.864914838,37.869961446,24.124300003
128.864889901,37.868609865,19.017700195
128.864864965,37.867258285,20.637399673
128.864840031,37.865906703,20.781499863
128.864815099,37.864555122,19.591199875
128.864790168,37.863203540,18.385799408
128.864765239,37.861851958,17.030300140
128.864740312,37.860500375,15.578800201
128.864715386,37.859148793,14.013999939
128.864690462,37.857797210,12.439299583
128.864665540,37.856445626,10.836500168
128.864640619,37.855094042,9.197799683
128.864615700,37.853742458,7.006599903
128.864590783,37.852390874,3.715800047
128.864565867,37.851039289,1.389999986
128.869024589,37.999691790,249.115203857
128.868999459,37.998340241,237.025695801
128.868974332,37.996988693,226.176406860
128.868949206,37.995637144,217.029602051
128.868924082,37.994285594,204.193405151
128.868898959,37.992934045,175.743392944
128.868873838,37.991582495,150.404907227
128.868848719,37.990230944,142.944793701
128.868823601,37.988879394,141.381301880
128.868798485,37.987527843,139.848602295
128.868773371,37.986176292,139.123001099
128.868748259,37.984824740,138.295196533
128.868723148,37.983473188,137.374496460
128.868698039,37.982121636,136.038696289
128.868672931,37.980770083,134.830902100
128.868647826,37.979418530,133.617095947
128.868622722,37.978066977,132.527404785
128.868597619,37.976715423,131.398803711
128.868572518,37.975363870,129.754104614
128.868547419,37.974012315,127.742500305
128.868522322,37.972660761,125.378601074
128.868497226,37.971309206,123.443199158
128.868472132,37.969957651,120.793098450
128.868447040,37.968606095,117.633697510
128.868421949,37.967254540,114.629997253
128.868396860,37.965902983,111.799301147
128.868371773,37.964551427,108.707801819
128.868346687,37.963199870,105.781799316
128.868321604,37.961848313,105.896003723
128.868296521,37.960496755,105.827201843
128.868271441,37.959145198,103.446701050
128.868246362,37.957793640,100.286399841
128.868221285,37.956442081,98.137199402
128.868196209,37.955090522,96.529800415
128.868171135,37.953738963,94.021598816
128.868146063,37.952387404,91.980697632
128.868120992,37.951035844,89.634300232
128.868095923,37.949684284,84.379096985
128.868070856,37.948332724,79.928398132
128.868045791,37.946981163,78.399803162
128.868020727,37.945629602,76.768997192
128.867995665,37.944278041,75.874801636
128.867970604,37.942926479,74.803199768
128.867945546,37.941574917,73.780700684
128.867920488,37.940223355,72.433799744
128.867895433,37.938871792,71.790199280
128.867870379,37.937520229,71.893600464
128.867845327,37.936168666,71.067802429
128.867820277,37.934817102,69.154502869
128.867795228,37.933465538,66.263603210
128.867770181,37.932113974,64.528602600
128.867745136,37.930762409,63.411899567
128.867720092,37.929410844,62.602298737
128.867695050,37.928059279,61.938899994
128.867670010,37.926707713,61.056999207
128.867644971,37.925356147,60.078201294
128.867619934,37.924004581,60.335300446
128.867594898,37.922653015,59.750198364
128.867569865,37.921301448,57.263500214
128.867544833,37.919949880,56.772399902
128.867519803,37.918598313,54.160301208
128.867494774,37.917246745,54.898998260
128.867469747,37.915895177,52.943500519
128.867444722,37.914543608,51.929698944
128.867419698,37.913192039,49.966800690
128.867394676,37.911840470,48.818801880
128.867369656,37.910488901,47.959800720
128.867344637,37.909137331,46.422000885
128.867319620,37.907785761,45.639499664
128.867294605,37.906434190,44.366901398
128.867269591,37.905082620,43.662601471
128.867244580,37.903731048,42.604198456
128.867219569,37.902379477,41.754699707
128.867194561,37.901027905,40.693698883
128.867169554,37.899676333,39.728401184
128.867144549,37.898324761,39.319198608
128.867119545,37.896973188,37.877201080
128.867094543,37.895621615,34.086700439
128.867069543,37.894270041,33.100898743
128.867044544,37.892918468,32.336700439
128.867019548,37.891566894,32.232398987
128.866994552,37.890215319,31.867700577
128.866969559,37.888863745,30.878000259
128.866944567,37.887512170,30.350999832
128.866919577,37.886160594,29.388700485
128.866894588,37.884809019,29.290500641
128.866869602,37.883457443,29.070699692
128.866844616,37.882105866,29.050699234
128.866819633,37.880754290,28.390600204
128.866794651,37.879402713,27.914100647
128.866769671,37.878051135,27.073200226
128.866744692,37.876699558,25.978200912
128.866719716,37.875347980,24.408700943
128.866694741,37.873996401,22.210599899
128.866669767,37.872644823,19.335100174
128.866644795,37.871293244,23.779699326
128.866619825,37.869941665,24.950899124
128.866594857,37.868590085,24.087400436
128.866569890,37.867238505,22.942899704
128.866544925,37.865886925,21.923700333
128.866519961,37.864535344,20.840200424
128.866495000,37.863183764,19.811500549
128.866470039,37.861832182,18.610500336
128.866445081,37.860480601,17.163600922
128.866420124,37.859129019,15.679800034
128.866395169,37.857777437,14.120499611
128.866370216,37.856425854,12.424900055
128.866345264,37.855074271,10.748600006
128.866320314,37.853722688,9.084300041
128.866295365,37.852371105,6.483900070
128.866270419,37.851019521,3.128299952
128.866245474,37.849667937,1.493999958
128.870732572,37.999671891,263.395996094
128.870707411,37.998320344,253.458801270
128.870682252,37.996968796,242.690002441
128.870657095,37.995617248,234.608596802
128.870631940,37.994265700,223.835998535
128.870606786,37.992914151,208.497802734
128.870581633,37.991562602,176.769500732
128.870556483,37.990211053,153.580993652
128.870531334,37.988859503,146.941406250
128.870506187,37.987507953,143.186904907
128.870481041,37.986156403,141.708801270
128.870455898,37.984804852,140.186996460
128.870430756,37.983453301,138.828994751
128.870405615,37.982101750,137.365905762
128.870380476,37.980750198,136.149993896
128.870355339,37.979398647,134.884796143
128.870330204,37.978047094,133.791305542
128.870305070,37.976695542,132.598693848
128.870279938,37.975343989,130.950698853
128.870254808,37.973992435,129.113906860
128.870229679,37.972640882,127.072402954
128.870204552,37.971289328,125.030296326
128.870179427,37.969937774,122.926300049
128.870154303,37.968586219,119.502899170
128.870129181,37.967234664,115.491996765
128.870104061,37.965883109,111.109497070
128.870078943,37.964531554,111.190299988
128.870053826,37.963179998,112.975097656
128.870028710,37.961828442,113.655601501
128.870003597,37.960476885,111.911697388
128.869978485,37.959125328,108.765403748
128.869953375,37.957773771,105.599403381
128.869928266,37.956422214,107.219100952
128.869903160,37.955070656,101.198501587
128.869878054,37.953719098,97.195297241
128.869852951,37.952367539,95.391601563
128.869827849,37.951015981,93.267501831
128.869802749,37.949664421,88.178100586
128.869777651,37.948312862,83.702697754
128.869752554,37.946961302,80.651901245
128.869727459,37.945609742,77.529502869
128.869702365,37.944258182,77.577102661
128.869677274,37.942906621,76.013801575
128.869652184,37.941555060,75.372100830
128.869627095,37.940203499,75.115303040
128.869602009,37.938851937,74.070297241
128.869576924,37.937500375,73.632896423
128.869551840,37.936148813,72.721000671
128.869526759,37.934797250,69.527397156
128.869501679,37.933445687,65.372100830
128.869476601,37.932094124,64.010101318
128.869451524,37.930742560,65.014503479
128.869426449,37.929390996,64.483596802
128.869401376,37.928039432,63.737598419
128.869376304,37.926687867,63.300800323
128.869351234,37.925336302,62.166400909
128.869326166,37.923984737,61.241500854
128.869301099,37.922633171,60.516101837
128.869276035,37.921281605,60.303001404
128.869250971,37.919930039,59.040298462
128.869225910,37.918578472,57.841598511
128.869200850,37.917226905,56.869800568
128.869175792,37.915875338,55.352401733
128.869150735,37.914523771,53.503898621
128.869125681,37.913172203,51.906898499
128.869100627,37.911820634,50.529598236
128.869075576,37.910469066,49.412899017
128.869050526,37.909117497,47.795700073
128.869025478,37.907765928,46.879100800
128.869000432,37.906414358,45.743301392
128.868975387,37.905062789,44.956100464
128.868950344,37.903711218,43.918399811
128.868925302,37.902359648,41.923801422
128.868900263,37.901008077,41.477298737
128.868875225,37.899656506,40.486598969
128.868850188,37.898304934,38.528701782
128.868825153,37.896953363,37.379798889
128.868800120,37.895601791,37.909999847
128.868775089,37.894250218,37.322399139
128.868750059,37.892898645,36.073699951
128.868725031,37.891547072,34.993099213
128.868700005,37.890195499,33.642398834
128.868674980,37.888843925,32.263401031
128.868649957,37.887492351,31.681299210
128.868624936,37.886140777,30.430400848
128.868599916,37.884789202,29.548200607
128.868574898,37.883437627,26.607700348
128.868549882,37.882086052,22.382999420
128.868524867,37.880734476,26.884899139
128.868499854,37.879382900,28.376800537
128.868474843,37.878031323,27.635900497
128.868449834,37.876679747,26.611200333
128.868424826,37.875328170,25.078199387
128.868399819,37.873976593,24.466299057
128.868374815,37.872625015,23.618900299
128.868349812,37.871273437,25.754600525
128.868324811,37.869921859,25.953399658
128.868299811,37.868570280,25.202899933
128.868274813,37.867218701,24.131599426
128.868249817,37.865867122,23.152900696
128.868224822,37.864515542,21.980300903
128.868199829,37.863163962,21.011699677
128.868174838,37.861812382,19.867399216
128.868149849,37.860460801,18.576799393
128.868124861,37.859109221,17.197900772
128.868099875,37.857757639,15.779700279
128.868074890,37.856406058,14.153599739
128.868049907,37.855054476,12.213600159
128.868024926,37.853702894,10.590600014
128.867999946,37.852351311,8.942600250
128.867974969,37.850999728,6.589499950
128.867949992,37.849648145,3.167299986
128.867925018,37.848296562,1.795899987
128.872440554,37.999651969,276.763702393
128.872415362,37.998300422,265.847686768
128.872390171,37.996948875,256.504699707
128.872364983,37.995597328,249.669601440
128.872339796,37.994245781,240.540298462
128.872314611,37.992894233,228.738601685
128.872289427,37.991542685,210.562698364
128.872264245,37.990191137,181.466705322
128.872239065,37.988839588,155.741104126
128.872213887,37.987488039,146.285202026
128.872188710,37.986136490,143.981002808
128.872163535,37.984784940,142.043304443
128.872138361,37.983433390,140.174697876
128.872113190,37.982081840,138.441406250
128.872088020,37.980730289,137.143295288
128.872062851,37.979378738,135.953292847
128.872037685,37.978027187,135.014495850
128.872012520,37.976675635,133.914398193
128.871987356,37.975324083,132.479095459
128.871962195,37.973972531,130.818603516
128.871937035,37.972620978,128.818603516
128.871911876,37.971269425,127.481201172
128.871886720,37.969917872,125.510299683
128.871861565,37.968566318,122.380401611
128.871836412,37.967214765,117.474098206
128.871811260,37.965863210,113.704101563
128.871786110,37.964511656,113.009498596
128.871760962,37.963160101,115.364303589
128.871735816,37.961808546,117.583099365
128.871710671,37.960456990,116.222099304
128.871685528,37.959105434,113.080001831
128.871660386,37.957753878,115.286201477
128.871635247,37.956402322,113.661499023
128.871610108,37.955050765,104.398597717
128.871584972,37.953699208,99.902198792
128.871559837,37.952347650,97.830299377
128.871534704,37.950996092,96.554801941
128.871509573,37.949644534,92.248802185
128.871484443,37.948292976,87.749900818
128.871459315,37.946941417,85.351196289
128.871434189,37.945589858,82.587196350
128.871409064,37.944238298,78.836898804
128.871383941,37.942886738,76.679397583
128.871358820,37.941535178,76.939498901
128.871333701,37.940183618,76.500900269
128.871308583,37.938832057,76.090797424
128.871283466,37.937480496,74.917396545
128.871258352,37.936128935,73.840301514
128.871233239,37.934777373,70.910499573
128.871208128,37.933425811,66.229301453
128.871183018,37.932074249,65.275001526
128.871157911,37.930722686,67.071197510
128.871132804,37.929371123,66.759498596
128.871107700,37.928019560,66.193801880
128.871082597,37.926667996,65.684303284
128.871057496,37.925316432,64.415000916
128.871032397,37.923964868,63.442699432
128.871007299,37.922613303,62.438899994
128.870982203,37.921261738,61.569000244
128.870957108,37.919910173,60.498199463
128.870932016,37.918558607,59.317001343
128.870906925,37.917207041,58.323799133
128.870881835,37.915855475,56.741100311
128.870856747,37.914503908,55.041400909
128.870831661,37.913152341,53.469100952
128.870806577,37.911800774,51.894001007
128.870781494,37.910449206,50.372798920
128.870756414,37.909097639,48.934200287
128.870731334,37.907746070,48.047599792
128.870706257,37.906394502,46.281398773
128.870681181,37.905042933,45.697898865
128.870656106,37.903691364,44.919601440
128.870631034,37.902339794,43.755599976
128.870605963,37.900988224,41.686199188
128.870580894,37.899636654,41.075500488
128.870555826,37.898285084,39.528099060
128.870530760,37.896933513,33.297100067
128.870505696,37.895581942,37.579498291
128.870480633,37.894230370,38.479801178
128.870455573,37.892878798,37.134998322
128.870430513,37.891527226,35.862098694
128.870405456,37.890175654,34.380500793
128.870380400,37.888824081,34.022201538
128.870355346,37.887472508,32.203701019
128.870330293,37.886120934,29.413999557
128.870305243,37.884769361,29.093999863
128.870280194,37.883417787,25.729400635
128.870255146,37.882066212,23.883600235
128.870230100,37.880714637,23.100200653
128.870205056,37.879363062,27.689899445
128.870180014,37.878011487,28.890699387
128.870154973,37.876659911,28.310300827
128.870129934,37.875308335,26.317899704
128.870104897,37.873956759,23.984600067
128.870079861,37.872605182,26.817600250
128.870054827,37.871253605,27.454799652
128.870029794,37.869902028,26.580299377
128.870004764,37.868550450,25.836700439
128.869979735,37.867198872,25.047399521
128.869954707,37.865847294,23.746999741
128.869929682,37.864495715,23.153200150
128.869904658,37.863144136,22.222999573
128.869879635,37.861792557,21.044799805
128.869854615,37.860440977,19.912500381
128.869829596,37.859089398,18.619300842
128.869804578,37.857737817,17.408399582
128.869779563,37.856386237,15.405699730
128.869754549,37.855034656,14.269300461
128.869729536,37.853683075,12.930800438
128.869704526,37.852331493,10.678600311
128.869679517,37.850979911,8.821399689
128.869654509,37.849628329,6.267000198
128.869629504,37.848276746,3.561700106
128.869604500,37.846925163,1.671100020
128.874148533,37.999632021,289.704895020
128.874123310,37.998280475,279.802185059
128.874098089,37.996928929,269.806396484
128.874072869,37.995577383,263.192108154
128.874047650,37.994225837,253.878204346
128.874022434,37.992874290,245.550796509
128.873997219,37.991522743,231.270095825
128.873972006,37.990171196,205.397598267
128.873946795,37.988819648,168.170104980
128.873921585,37.987468100,151.237106323
128.873896377,37.986116552,146.798492432
128.873871170,37.984765003,144.078796387
128.873845966,37.983413454,141.678405762
128.873820762,37.982061904,139.811294556
128.873795561,37.980710355,138.350692749
128.873770361,37.979358805,137.128906250
128.873745164,37.978007254,136.414596558
128.873719967,37.976655704,135.350296021
128.873694773,37.975304153,134.333099365
128.873669580,37.973952601,132.709304810
128.873644388,37.972601050,131.132995605
128.873619199,37.971249498,130.050506592
128.873594011,37.969897945,127.417098999
128.873568825,37.968546393,124.458801270
128.873543640,37.967194840,120.558998108
128.873518458,37.965843287,117.314102173
128.873493276,37.964491733,117.309799194
128.873468097,37.963140179,120.720901489
128.873442919,37.961788625,121.536399841
128.873417743,37.960437070,119.652397156
128.873392569,37.959085515,116.449203491
128.873367396,37.957733960,114.666702271
128.873342225,37.956382405,111.320503235
128.873317056,37.955030849,108.950103760
128.873291888,37.953679293,104.945602417
128.873266722,37.952327736,99.534797668
128.873241558,37.950976179,97.335998535
128.873216395,37.949624622,93.534202576
128.873191234,37.948273064,92.053001404
128.873166075,37.946921507,89.443496704
128.873140918,37.945569948,84.614303589
128.873115762,37.944218390,80.721000671
128.873090607,37.942866831,79.588096619
128.873065455,37.941515272,78.843902588
128.873040304,37.940163713,78.789100647
128.873015155,37.938812153,78.657699585
128.872990008,37.937460593,77.145301819
128.872964862,37.936109032,75.378898621
128.872939718,37.934757472,71.916297913
128.872914575,37.933405910,69.923599243
128.872889434,37.932054349,68.664703369
128.872864295,37.930702787,71.097396851
128.872839158,37.929351225,70.573699951
128.872814022,37.927999663,69.638999939
128.872788888,37.926648100,68.972198486
128.872763756,37.925296537,67.329002380
128.872738625,37.923944974,65.869499207
128.872713496,37.922593410,64.627403259
128.872688369,37.921241846,63.703899384
128.872663244,37.919890282,62.738998413
128.872638120,37.918538717,61.766899109
128.872612997,37.917187152,60.282199860
128.872587877,37.915835587,58.915401459
128.872562758,37.914484021,57.156600952
128.872537641,37.913132455,55.266399384
128.872512525,37.911780889,53.173801422
128.872487411,37.910429322,51.399700165
128.872462299,37.909077755,50.031101227
128.872437189,37.907726188,48.924598694
128.872412080,37.906374620,47.796100616
128.872386973,37.905023053,46.788799286
128.872361867,37.903671484,45.605800629
128.872336764,37.902319916,44.548900604
128.872311661,37.900968347,43.304298401
128.872286561,37.899616778,41.742801666
128.872261462,37.898265208,40.811100006
128.872236365,37.896913638,41.315898895
128.872211270,37.895562068,40.882900238
128.872186176,37.894210497,39.668998718
128.872161084,37.892858927,38.602500916
128.872135994,37.891507355,37.154300690
128.872110905,37.890155784,36.209598541
128.872085818,37.888804212,34.982700348
128.872060733,37.887452640,33.849601746
128.872035649,37.886101068,30.638099670
128.872010567,37.884749495,30.055500031
128.871985487,37.883397922,28.103399277
128.871960408,37.882046348,24.976299286
128.871935331,37.880694774,24.059099197
128.871910256,37.879343200,26.640800476
128.871885183,37.877991626,28.994499207
128.871860111,37.876640051,29.124500275
128.871835041,37.875288476,25.853399277
128.871809972,37.873936901,27.891799927
128.871784905,37.872585325,28.619199753
128.871759840,37.871233749,27.986400604
128.871734776,37.869882172,27.172899246
128.871709715,37.868530596,26.435899734
128.871684654,37.867179019,23.674400330
128.871659596,37.865827441,24.378000259
128.871634539,37.864475864,24.369300842
128.871609484,37.863124286,23.418899536
128.871584431,37.861772707,22.329299927
128.871559379,37.860421129,21.389499664
128.871534329,37.859069550,20.197200775
128.871509280,37.857717971,18.866699219
128.871484233,37.856366391,16.982400894
128.871459188,37.855014811,14.831800461
128.871434145,37.853663231,14.290300369
128.871409103,37.852311650,12.675800323
128.871384063,37.850960069,10.732099533
128.871359025,37.849608488,9.321499825
128.871333988,37.848256906,6.359000206
128.871308953,37.846905324,3.051000118
128.871283920,37.845553742,1.556499958
128.875856512,37.999612048,301.763610840
128.875831257,37.998260504,290.374206543
128.875806004,37.996908959,281.420989990
128.875780753,37.995557414,275.273590088
128.875755503,37.994205868,269.204711914
128.875730256,37.992854322,262.120513916
128.875705009,37.991502776,249.422393799
128.875679765,37.990151230,228.480895996
128.875654522,37.988799683,193.701507568
128.875629281,37.987448136,168.402297974
128.875604042,37.986096589,156.461807251
128.875578804,37.984745041,150.807693481
128.875553568,37.983393493,146.119506836
128.875528334,37.982041944,143.133499146
128.875503101,37.980690396,141.040802002
128.875477870,37.979338847,139.383407593
128.875452641,37.977987297,138.454299927
128.875427413,37.976635748,137.332702637
128.875402187,37.975284197,136.157897949
128.875376963,37.973932647,134.599105835
128.875351741,37.972581096,133.308898926
128.875326520,37.971229545,131.893798828
128.875301301,37.969877994,129.294601440
128.875276083,37.968526442,126.877601624
128.875250867,37.967174890,125.019096375
128.875225653,37.965823338,122.423500061
128.875200441,37.964471786,121.033798218
128.875175230,37.963120233,124.424797058
128.875150021,37.961768679,124.439697266
128.875124814,37.960417126,122.365898132
128.875099608,37.959065572,119.605796814
128.875074404,37.957714017,116.576896667
128.875049202,37.956362463,114.054100037
128.875024001,37.955010908,110.650596619
128.874998802,37.953659353,108.101799011
128.874973605,37.952307797,105.142097473
128.874948410,37.950956241,100.422698975
128.874923216,37.949604685,99.321403503
128.874898024,37.948253129,94.847801208
128.874872833,37.946901572,89.799499512
128.874847644,37.945550014,85.596199036
128.874822457,37.944198457,83.330596924
128.874797272,37.942846899,82.495002747
128.874772088,37.941495341,81.342002869
128.874746906,37.940143782,82.024101257
128.874721726,37.938792224,80.958503723
128.874696547,37.937440664,78.876800537
128.874671370,37.936089105,76.958000183
128.874646195,37.934737545,74.127502441
128.874621021,37.933385985,73.413597107
128.874595849,37.932034425,71.889999390
128.874570679,37.930682864,74.625000000
128.874545510,37.929331303,74.534400940
128.874520343,37.927979741,73.479896545
128.874495178,37.926628180,72.558898926
128.874470014,37.925276618,70.790298462
128.874444853,37.923925055,69.296501160
128.874419692,37.922573492,68.059196472
128.874394534,37.921221929,66.630302429
128.874369377,37.919870366,65.421699524
128.874344222,37.918518802,64.172401428
128.874319068,37.917167238,62.952499390
128.874293917,37.915815674,61.206100464
128.874268767,37.914464109,59.499599457
128.874243618,37.913112544,57.663200378
128.874218472,37.911760979,55.161098480
128.874193326,37.910409413,52.947101593
128.874168183,37.909057847,51.912101746
128.874143041,37.907706281,50.623401642
128.874117901,37.906354714,49.290500641
128.874092763,37.905003147,48.079101563
128.874067627,37.903651580,46.875198364
128.874042492,37.902300013,45.936000824
128.874017358,37.900948445,45.181701660
128.873992227,37.899596876,43.959800720
128.873967097,37.898245308,43.246601105
128.873941969,37.896893739,43.131301880
128.873916842,37.895542170,41.807701111
128.873891717,37.894190600,41.358001709
128.873866594,37.892839030,40.183200836
128.873841473,37.891487460,38.859798431
128.873816353,37.890135889,35.992900848
128.873791235,37.888784319,35.113399506
128.873766118,37.887432747,33.629100800
128.873741003,37.886081176,30.759799957
128.873715890,37.884729604,30.206899643
128.873690779,37.883378032,28.656000137
128.873665669,37.882026459,27.004800797
128.873640561,37.880674887,25.927299500
128.873615455,37.879323313,27.022199631
128.873590350,37.877971740,29.980600357
128.873565247,37.876620166,30.094600677
128.873540145,37.875268592,29.561899185
128.873515046,37.873917018,29.296400070
128.873489948,37.872565443,28.874700546
128.873464851,37.871213868,28.267599106
128.873439757,37.869862292,27.569400787
128.873414664,37.868510717,26.963800430
128.873389573,37.867159141,26.406900406
128.873364483,37.865807564,25.749599457
128.873339395,37.864455988,25.039699554
128.873314309,37.863104410,24.363800049
128.873289224,37.861752833,23.423599243
128.873264141,37.860401255,22.379299164
128.873239060,37.859049677,21.184700012
128.873213981,37.857698099,19.695199966
128.873188903,37.856346520,16.594699860
128.873163826,37.854994941,15.972800255
128.873138752,37.853643362,15.521499634
128.873113679,37.852291782,14.301199913
128.873088608,37.850940203,13.462400436
128.873063538,37.849588622,12.484999657
128.873038471,37.848237042,9.840800285
128.873013405,37.846885461,6.757800102
128.872988340,37.845533879,3.236099958
128.872963277,37.844182298,1.749500036
128.877564488,37.999592051,310.746490479
128.877539202,37.998240507,300.894500732
128.877513918,37.996888963,293.981903076
128.877488636,37.995537419,288.844696045
128.877463355,37.994185875,283.607604980
128.877438076,37.992834330,274.812408447
128.877412798,37.991482785,264.982604980
128.877387522,37.990131239,255.651199341
128.877362248,37.988779693,235.049804688
128.877336976,37.987428147,222.092498779
128.877311705,37.986076601,218.208694458
128.877286436,37.984725054,213.098098755
128.877261169,37.983373507,190.202392578
128.877235903,37.982021960,160.112701416
128.877210639,37.980670412,147.181594849
128.877185377,37.979318864,143.191101074
128.877160116,37.977967315,140.919494629
128.877134857,37.976615767,139.348907471
128.877109600,37.975264218,137.813796997
128.877084345,37.973912668,136.362106323
128.877059091,37.972561118,135.127700806
128.877033839,37.971209568,133.498992920
128.877008588,37.969858018,131.036499023
128.876983340,37.968506467,129.035507202
128.876958093,37.967154916,127.652702332
128.876932847,37.965803365,126.677696228
128.876907604,37.964451813,126.561203003
128.876882362,37.963100261,126.534103394
128.876857121,37.961748709,126.010200500
128.876831883,37.960397156,123.831001282
128.876806646,37.959045603,121.197502136
128.876781411,37.957694050,118.790901184
128.876756177,37.956342496,116.725502014
128.876730945,37.954990942,114.259597778
128.876705715,37.953639388,111.226303101
128.876680487,37.952287834,107.601402283
128.876655260,37.950936279,104.638702393
128.876630035,37.949584723,100.843299866
128.876604811,37.948233168,98.227096558
128.876579589,37.946881612,92.190902710
128.876554369,37.945530056,86.645797729
128.876529151,37.944178499,83.901702881
128.876503934,37.942826942,83.809501648
128.876478719,37.941475385,83.748703003
128.876453506,37.940123828,83.897102356
128.876428295,37.938772270,82.106697083
128.876403085,37.937420712,80.699302673
128.876377876,37.936069153,78.791496277
128.876352670,37.934717594,77.559097290
128.876327465,37.933366035,75.905601501
128.876302262,37.932014476,76.701698303
128.876277060,37.930662916,78.351097107
128.876251860,37.929311356,78.641502380
128.876226662,37.927959795,77.285003662
128.876201466,37.926608234,75.896003723
128.876176271,37.925256673,74.389396667
128.876151078,37.923905112,72.876502991
128.876125887,37.922553550,71.593597412
128.876100697,37.921201988,70.158302307
128.876075509,37.919850426,68.540901184
128.876050323,37.918498863,67.377098083
128.876025138,37.917147300,65.788597107
128.875999955,37.915795736,64.193603516
128.875974774,37.914444173,62.232799530
128.875949594,37.913092609,60.298500061
128.875924416,37.911741044,57.402500153
128.875899240,37.910389480,55.789100647
128.875874065,37.909037915,54.530998230
128.875848893,37.907686349,52.873798370
128.875823721,37.906334784,51.503101349
128.875798552,37.904983218,49.821701050
128.875773384,37.903631651,48.164199829
128.875748218,37.902280085,47.043701172
128.875723054,37.900928518,45.984699249
128.875697891,37.899576950,45.471801758
128.875672730,37.898225383,44.344600677
128.875647570,37.896873815,43.288799286
128.875622413,37.895522247,43.217700958
128.875597257,37.894170678,42.497200012
128.875572102,37.892819109,41.833198547
128.875546950,37.891467540,40.249298096
128.875521799,37.890115970,37.453800201
128.875496649,37.888764400,35.158599854
128.875471502,37.887412830,33.878299713
128.875446356,37.886061260,30.981800079
128.875421211,37.884709689,31.415199280
128.875396069,37.883358118,28.564599991
128.875370928,37.882006546,25.596399307
128.875345789,37.880654974,24.531799316
128.875320651,37.879303402,27.441200256
128.875295515,37.877951829,30.646699905
128.875270381,37.876600257,30.985300064
128.875245249,37.875248684,30.291500092
128.875220118,37.873897110,29.628799438
128.875194989,37.872545536,29.089399338
128.875169861,37.871193962,28.572700500
128.875144736,37.869842388,27.994400024
128.875119611,37.868490813,27.340799332
128.875094489,37.867139238,26.928800583
128.875069368,37.865787662,26.493000031
128.875044249,37.864436087,25.885900497
128.875019132,37.863084511,25.071300507
128.874994016,37.861732934,24.085100174
128.874968902,37.860381357,23.201400757
128.874943790,37.859029780,21.801599503
128.874918679,37.857678203,20.724199295
128.874893570,37.856326625,18.921199799
128.874868463,37.854975047,18.052499771
128.874843357,37.853623469,15.585100174
128.874818253,37.852271890,11.088700294
128.874793151,37.850920311,12.826299667
128.874768051,37.849568732,11.027500153
128.874742952,37.848217152,10.329400063
128.874717854,37.846865572,9.901900291
128.874692759,37.845513992,7.349500179
128.874667665,37.844162411,3.111399889
128.874642573,37.842810830,1.736600041
128.879272463,37.999572029,324.632598877
128.879247146,37.998220486,313.648193359
128.879221830,37.996868943,306.610290527
128.879196516,37.995517400,301.742706299
128.879171204,37.994165856,295.690399170
128.879145894,37.992814313,287.259094238
128.879120585,37.991462768,278.374908447
128.879095278,37.990111224,272.312713623
128.879069972,37.988759679,267.144500732
128.879044669,37.987408134,263.485900879
128.879019367,37.986056588,262.885192871
128.878994066,37.984705043,255.737106323
128.878968768,37.983353496,229.800003052
128.878943471,37.982001950,203.742202759
128.878918176,37.980650403,170.571792603
128.878892882,37.979298856,150.366500854
128.878867590,37.977947309,144.183593750
128.878842300,37.976595761,141.824798584
128.878817012,37.975244213,139.780807495
128.878791725,37.973892664,138.085296631
128.878766440,37.972541116,136.778594971
128.878741156,37.971189567,135.324996948
128.878715875,37.969838017,132.896301270
128.878690595,37.968486467,130.560394287
128.878665316,37.967134917,128.590499878
128.878640040,37.965783367,126.362503052
128.878614765,37.964431816,125.095298767
128.878589491,37.963080265,124.241996765
128.878564220,37.961728714,127.033897400
128.878538950,37.960377162,125.646499634
128.878513682,37.959025610,123.401702881
128.878488415,37.957674058,121.246803284
128.878463150,37.956322505,119.146003723
128.878437887,37.954970952,117.075401306
128.878412626,37.953619399,113.618103027
128.878387366,37.952267845,109.176498413
128.878362108,37.950916291,106.558601379
128.878336852,37.949564737,103.736999512
128.878311597,37.948213182,101.720703125
128.878286344,37.946861628,95.481498718
128.878261093,37.945510072,87.431701660
128.878235843,37.944158517,85.616096497
128.878210595,37.942806961,84.505699158
128.878185349,37.941455405,84.814598083
128.878160105,37.940103848,85.014099121
128.878134862,37.938752291,82.725303650
128.878109621,37.937400734,81.471397400
128.878084381,37.936049176,81.323997498
128.878059143,37.934697618,80.747100830
128.878033907,37.933346060,77.652198792
128.878008673,37.931994502,79.354202271
128.877983440,37.930642943,81.201896667
128.877958209,37.929291384,81.410499573
128.877932980,37.927939824,80.582801819
128.877907752,37.926588264,79.640899658
128.877882526,37.925236704,78.188400269
128.877857302,37.923885144,76.829399109
128.877832079,37.922533583,75.449203491
128.877806858,37.921182022,73.763801575
128.877781639,37.919830460,72.256797791
128.877756422,37.918478899,70.756202698
128.877731206,37.917127337,68.941802979
128.877705992,37.915775774,67.287498474
128.877680779,37.914424211,65.600303650
128.877655568,37.913072648,63.578800201
128.877630359,37.911721085,60.951698303
128.877605152,37.910369521,59.156600952
128.877579946,37.909017957,57.391300201
128.877554742,37.907666393,55.181999207
128.877529540,37.906314828,53.694801331
128.877504339,37.904963263,51.738098145
128.877479140,37.903611698,50.004398346
128.877453943,37.902260132,48.857799530
128.877428747,37.900908566,47.806198120
128.877403553,37.899557000,47.031200409
128.877378361,37.898205433,46.030998230
128.877353170,37.896853866,44.944499969
128.877327981,37.895502299,44.335601807
128.877302794,37.894150731,44.084598541
128.877277609,37.892799163,42.850200653
128.877252425,37.891447595,41.339500427
128.877227243,37.890096026,38.358200073
128.877202062,37.888744457,38.355800629
128.877176883,37.887392888,35.549598694
128.877151706,37.886041319,33.216400146
128.877126531,37.884689749,31.520900726
128.877101357,37.883338178,29.111600876
128.877076185,37.881986608,28.312400818
128.877051015,37.880635037,28.185199738
128.877025846,37.879283466,28.341600418
128.877000679,37.877931894,28.906600952
128.876975514,37.876580322,29.808099747
128.876950350,37.875228750,30.348199844
128.876925188,37.873877178,28.998100281
128.876900028,37.872525605,26.580799103
128.876874869,37.871174032,28.168500900
128.876849713,37.869822458,28.489900589
128.876824557,37.868470884,27.871000290
128.876799404,37.867119310,27.516799927
128.876774252,37.865767736,27.113399506
128.876749102,37.864416161,26.451900482
128.876723953,37.863064586,25.656099319
128.876698807,37.861713010,24.771699905
128.876673661,37.860361435,23.780300140
128.876648518,37.859009859,21.668300629
128.876623376,37.857658282,20.621099472
128.876598236,37.856306705,18.314800262
128.876573098,37.854955128,18.173000336
128.876547961,37.853603551,17.388599396
128.876522826,37.852251973,15.207599640
128.876497693,37.850900395,14.329299927
128.876472561,37.849548817,13.428999901
128.876447431,37.848197238,11.380499840
128.876422303,37.846845659,10.520999908
128.876397176,37.845494080,9.138299942
128.876372051,37.844142500,6.402800083
128.876346928,37.842790920,3.302299976
128.876321806,37.841439340,1.686300039
128.876246451,37.837384597,2.503599882
128.876221337,37.836033015,2.349800110
128.880980436,37.999551982,340.892913818
128.880955088,37.998200440,328.083312988
128.880929741,37.996848898,320.596191406
128.880904396,37.995497356,315.421813965
128.880879052,37.994145813,308.481506348
128.880853710,37.992794271,301.449188232
128.880828370,37.991442727,294.333404541
128.880803032,37.990091184,288.922302246
128.880777695,37.988739640,287.250488281
128.880752360,37.987388096,288.516601563
128.880727027,37.986036551,285.992889404
128.880701695,37.984685006,275.078002930
128.880676365,37.983333461,250.563201904
128.880651037,37.981981916,226.862396240
128.880625710,37.980630370,205.181503296
128.880600386,37.979278824,176.406295776
128.880575062,37.977927277,153.846893311
128.880549741,37.976575730,145.746307373
128.880524421,37.975224183,142.580703735
128.880499103,37.973872636,140.537597656
128.880473787,37.972521088,138.740600586
128.880448472,37.971169540,137.085693359
128.880423159,37.969817991,134.415405273
128.880397848,37.968466443,131.671600342
128.880372538,37.967114894,129.114807129
128.880347230,37.965763344,126.174896240
128.880321924,37.964411795,123.370002747
128.880296620,37.963060244,125.305198669
128.880271317,37.961708694,129.320999146
128.880246016,37.960357143,127.975799561
128.880220716,37.959005592,126.168701172
128.880195418,37.957654041,124.218101501
128.880170122,37.956302489,122.020103455
128.880144828,37.954950937,119.772300720
128.880119535,37.953599385,116.636299133
128.880094244,37.952247832,113.201400757
128.880068955,37.950896279,109.774696350
128.880043667,37.949544726,107.396102905
128.880018381,37.948193172,105.777900696
128.879993097,37.946841618,100.453300476
128.879967815,37.945490064,92.141403198
128.879942534,37.944138509,89.465797424
128.879917255,37.942786954,87.788398743
128.879891977,37.941435399,87.793899536
128.879866701,37.940083844,86.855796814
128.879841427,37.938732288,84.607803345
128.879816155,37.937380731,83.222999573
128.879790884,37.936029175,83.118598938
128.879765615,37.934677618,82.302398682
128.879740348,37.933326061,81.078201294
128.879715082,37.931974503,82.832298279
128.879689818,37.930622945,84.375000000
128.879664556,37.929271387,84.730102539
128.879639295,37.927919829,84.161697388
128.879614037,37.926568270,83.155899048
128.879588779,37.925216711,82.208503723
128.879563524,37.923865151,80.865699768
128.879538270,37.922513591,79.516502380
128.879513018,37.921162031,77.871002197
128.879487768,37.919810471,76.140296936
128.879462519,37.918458910,74.557601929
128.879437272,37.917107349,72.774101257
128.879412026,37.915755787,71.038002014
128.879386783,37.914404225,69.184799194
128.879361541,37.913052663,66.711997986
128.879336300,37.911701101,64.458999634
128.879311062,37.910349538,62.384899139
128.879285825,37.908997975,60.178901672
128.879260590,37.907646412,57.950000763
128.879235356,37.906294848,56.329700470
128.879210124,37.904943284,54.296600342
128.879184894,37.903591719,52.629299164
128.879159666,37.902240155,51.249000549
128.879134439,37.900888590,49.968799591
128.879109214,37.899537024,48.949699402
128.879083990,37.898185459,47.971599579
128.879058769,37.896833893,46.998600006
128.879033549,37.895482326,46.233798981
128.879008330,37.894130760,45.300598145
128.878983114,37.892779193,43.679000854
128.878957899,37.891427625,42.695098877
128.878932685,37.890076058,42.210098267
128.878907474,37.888724490,41.648200989
128.878882264,37.887372921,40.159099579
128.878857055,37.886021353,36.228099823
128.878831849,37.884669784,34.180801392
128.878806644,37.883318215,31.625400543
128.878781441,37.881966645,29.147800446
128.878756239,37.880615075,29.396200180
128.878731039,37.879263505,31.955400467
128.878705841,37.877911934,32.200599670
128.878680645,37.876560363,31.861900330
128.878655450,37.875208792,31.435899734
128.878630257,37.873857221,30.873399734
128.878605066,37.872505649,30.159799576
128.878579876,37.871154077,29.769599915
128.878554688,37.869802504,28.988700867
128.878529502,37.868450931,28.469699860
128.878504317,37.867099358,28.332000732
128.878479134,37.865747785,27.809400558
128.878453953,37.864396211,27.008100510
128.878428773,37.863044637,26.236400604
128.878403595,37.861693062,25.325700760
128.878378419,37.860341487,23.850999832
128.878353244,37.858989912,22.849899292
128.878328071,37.857638337,18.752500534
128.878302900,37.856286761,20.058399200
128.878277731,37.854935185,19.891899109
128.878252563,37.853583608,17.171800613
128.878227397,37.852232032,15.872900009
128.878202232,37.850880455,15.890099525
128.878177070,37.849528877,15.154299736
128.878151909,37.848177300,12.273799896
128.878126749,37.846825721,12.010899544
128.878101591,37.845474143,10.403900146
128.878076435,37.844122564,9.924599648
128.878051281,37.842770985,6.506999969
128.878026128,37.841419406,3.000900030
128.878000977,37.840067826,3.853800058
128.877975828,37.838716246,4.480199814
128.877950680,37.837364666,3.101599932
128.877925534,37.836013085,4.622700214
128.877900390,37.834661504,3.404000044
128.877875248,37.833309923,3.243099928
128.882688408,37.999531910,355.707092285
128.882663028,37.998180369,342.411193848
128.882637650,37.996828828,334.396087646
128.882612273,37.995477287,328.617706299
128.882586898,37.994125746,322.298187256
128.882561525,37.992774204,317.199493408
128.882536154,37.991422661,313.222503662
128.882510784,37.990071119,311.411193848
128.882485416,37.988719576,309.088287354
128.882460050,37.987368033,313.168212891
128.882434685,37.986016489,305.979797363
128.882409322,37.984664945,289.256591797
128.882383961,37.983313401,266.781005859
128.882358601,37.981961857,249.219802856
128.882333244,37.980610312,228.837295532
128.882307887,37.979258766,211.854202271
128.882282533,37.977907221,191.387298584
128.882257180,37.976555675,163.856399536
128.882231829,37.975204129,148.572006226
128.882206480,37.973852582,143.738494873
128.882181132,37.972501036,140.862701416
128.882155786,37.971149489,138.748901367
128.882130442,37.969797941,136.115493774
128.882105099,37.968446393,133.429199219
128.882079758,37.967094845,130.200698853
128.882054419,37.965743297,129.504104614
128.882029082,37.964391748,130.472198486
128.882003746,37.963040199,131.735305786
128.881978412,37.961688649,133.631393433
128.881953079,37.960337100,131.517196655
128.881927749,37.958985550,129.053695679
128.881902420,37.957633999,126.835098267
128.881877092,37.956282449,124.621200562
128.881851767,37.954930897,122.538101196
128.881826443,37.953579346,119.920700073
128.881801120,37.952227794,117.452598572
128.881775800,37.950876242,114.992500305
128.881750481,37.949524690,112.093597412
128.881725164,37.948173137,109.113403320
128.881699848,37.946821584,103.097900391
128.881674535,37.945470031,96.491302490
128.881649223,37.944118477,93.502799988
128.881623912,37.942766923,91.700401306
128.881598603,37.941415369,92.791198730
128.881573296,37.940063815,93.948799133
128.881547991,37.938712260,90.837799072
128.881522688,37.937360704,86.311798096
128.881497386,37.936009149,86.746803284
128.881472085,37.934657593,85.270103455
128.881446787,37.933306036,83.867797852
128.881421490,37.931954480,86.225196838
128.881396195,37.930602923,88.518096924
128.881370901,37.929251366,88.651901245
128.881345610,37.927899808,88.045501709
128.881320319,37.926548250,87.088996887
128.881295031,37.925196692,86.063796997
128.881269744,37.923845134,84.749702454
128.881244459,37.922493575,83.539001465
128.881219176,37.921142016,81.851799011
128.881193894,37.919790456,80.288299561
128.881168614,37.918438896,78.369003296
128.881143336,37.917087336,76.452102661
128.881118060,37.915735776,74.586997986
128.881092785,37.914384215,72.930496216
128.881067512,37.913032654,70.708297729
128.881042240,37.911681092,68.112998962
128.881016970,37.910329530,65.971496582
128.880991702,37.908977968,63.813800812
128.880966436,37.907626406,61.806598663
128.880941171,37.906274843,59.625000000
128.880915908,37.904923280,57.188701630
128.880890647,37.903571716,55.654800415
128.880865387,37.902220153,53.792098999
128.880840129,37.900868589,52.228099823
128.880814873,37.899517024,50.925098419
128.880789618,37.898165460,50.095798492
128.880764365,37.896813895,49.178001404
128.880739114,37.895462329,47.813499451
128.880713864,37.894110763,46.778598785
128.880688617,37.892759197,45.226501465
128.880663371,37.891407631,43.832901001
128.880638126,37.890056064,42.936500549
128.880612883,37.888704497,42.230998993
128.880587642,37.887352930,41.665599823
128.880562403,37.886001362,40.394100189
128.880537165,37.884649794,38.277999878
128.880511929,37.883298226,34.185798645
128.880486695,37.881946658,30.707799911
128.880461462,37.880595089,27.979200363
128.880436231,37.879243519,27.813299179
128.880411002,37.877891950,31.840000153
128.880385774,37.876540380,32.707000732
128.880360548,37.875188810,32.624099731
128.880335324,37.873837239,32.028800964
128.880310102,37.872485668,31.224300385
128.880284881,37.871134097,30.334999084
128.880259662,37.869782525,30.006799698
128.880234444,37.868430953,29.791400909
128.880209228,37.867079381,29.207300186
128.880184014,37.865727809,28.395200729
128.880158802,37.864376236,27.532699585
128.880133591,37.863024663,26.580099106
128.880108382,37.861673089,25.552900314
128.880083175,37.860321515,24.541599274
128.880057969,37.858969941,22.452100754
128.880032765,37.857618367,19.306699753
128.880007563,37.856266792,20.750000000
128.879982362,37.854915217,19.186899185
128.879957163,37.853563641,16.918300629
128.879931966,37.852212065,16.115900040
128.879906770,37.850860489,17.300500870
128.879881577,37.849508913,16.508699417
128.879856384,37.848157336,15.247799873
128.879831194,37.846805759,13.304100037
128.879806005,37.845454182,10.298800468
128.879780818,37.844102604,10.579199791
128.879755633,37.842751026,9.524499893
128.879730449,37.841399448,7.108399868
128.879705267,37.840047869,7.660099983
128.879680086,37.838696290,6.249599934
128.879654908,37.837344710,5.513899803
128.879629731,37.835993131,5.169099808
128.879604555,37.834641551,4.488900185
128.879579382,37.833289970,5.733699799
128.879554210,37.831938390,4.594699860
128.879529039,37.830586809,3.364300013
128.879503871,37.829235227,2.780600071
128.884396378,37.999511813,370.256713867
128.884370966,37.998160274,359.155090332
128.884345557,37.996808734,347.471496582
128.884320149,37.995457194,341.284301758
128.884294743,37.994105653,334.992309570
128.884269338,37.992754112,336.516906738
128.884243936,37.991402571,341.131286621
128.884218535,37.990051029,339.758514404
128.884193135,37.988699487,340.766601563
128.884167738,37.987347945,336.963409424
128.884142342,37.985996402,331.592010498
128.884116947,37.984644859,317.114288330
128.884091555,37.983293316,289.270599365
128.884066164,37.981941773,267.020996094
128.884040775,37.980590229,248.479293823
128.884015387,37.979238685,230.156997681
128.883990002,37.977887140,217.200103760
128.883964618,37.976535595,200.131607056
128.883939235,37.975184050,172.776702881
128.883913855,37.973832504,151.978195190
128.883888476,37.972480959,144.345199585
128.883863098,37.971129412,141.183303833
128.883837723,37.969777866,138.201202393
128.883812349,37.968426319,135.996704102
128.883786977,37.967074772,134.816192627
128.883761606,37.965723224,135.306198120
128.883736238,37.964371677,137.103103638
128.883710871,37.963020129,137.895095825
128.883685505,37.961668580,136.255096436
128.883660142,37.960317031,133.441802979
128.883634780,37.958965482,130.957794189
128.883609419,37.957613933,128.811294556
128.883584061,37.956262383,126.687400818
128.883558704,37.954910833,124.817703247
128.883533349,37.953559283,122.380500793
128.883507995,37.952207732,119.854499817
128.883482643,37.950856181,117.603500366
128.883457293,37.949504629,115.302902222
128.883431945,37.948153078,112.220596313
128.883406598,37.946801526,109.048797607
128.883381253,37.945449973,100.123397827
128.883355910,37.944098421,95.549301147
128.883330568,37.942746868,94.990097046
128.883305228,37.941395314,97.391403198
128.883279890,37.940043761,98.142402649
128.883254553,37.938692207,97.300697327
128.883229218,37.937340652,94.749099731
128.883203885,37.935989098,91.690002441
128.883178554,37.934637543,88.911201477
128.883153224,37.933285987,87.530097961
128.883127896,37.931934432,89.059898376
128.883102570,37.930582876,91.526397705
128.883077245,37.929231320,92.966003418
128.883051922,37.927879763,92.346702576
128.883026601,37.926528206,91.254898071
128.883001281,37.925176649,90.144599915
128.882975963,37.923825091,88.828201294
128.882950647,37.922473533,87.442298889
128.882925332,37.921121975,86.001800537
128.882900019,37.919770417,84.353401184
128.882874708,37.918418858,82.482101440
128.882849399,37.917067299,80.585296631
128.882824091,37.915715739,78.447502136
128.882798785,37.914364179,76.757003784
128.882773481,37.913012619,74.374603271
128.882748178,37.911661059,72.051300049
128.882722877,37.910309498,69.903900146
128.882697578,37.908957937,67.768898010
128.882672280,37.907606375,65.181999207
128.882646984,37.906254813,63.136100769
128.882621690,37.904903251,60.820999146
128.882596397,37.903551689,59.006500244
128.882571107,37.902200126,57.094398499
128.882545817,37.900848563,55.000801086
128.882520530,37.899497000,53.582000732
128.882495244,37.898145436,52.564399719
128.882469960,37.896793872,51.480201721
128.882444678,37.895442307,49.918899536
128.882419397,37.894090743,48.149600983
128.882394118,37.892739178,46.208499908
128.882368841,37.891387612,45.084400177
128.882343565,37.890036046,44.363700867
128.882318291,37.888684480,43.545101166
128.882293019,37.887332914,42.580001831
128.882267748,37.885981347,41.229099274
128.882242480,37.884629780,40.155700684
128.882217212,37.883278213,36.360900879
128.882191947,37.881926645,30.475599289
128.882166683,37.880575077,34.155498505
128.882141421,37.879223509,35.578201294
128.882116161,37.877871940,34.766700745
128.882090902,37.876520371,32.980598450
128.882065645,37.875168802,32.966098785
128.882040390,37.873817233,32.508098602
128.882015136,37.872465663,31.785900116
128.881989884,37.871114092,31.113100052
128.881964634,37.869762522,30.585399628
128.881939385,37.868410951,30.140499115
128.881914138,37.867059380,29.606000900
128.881888893,37.865707808,28.864700317
128.881863649,37.864356236,27.918300629
128.881838408,37.863004664,26.891300201
128.881813167,37.861653091,24.102300644
128.881787929,37.860301519,24.493700027
128.881762692,37.858949945,24.155700684
128.881737457,37.857598372,22.677299500
128.881712224,37.856246798,21.030500412
128.881686992,37.854895224,21.738500595
128.881661762,37.853543649,21.550800323
128.881636534,37.852192075,20.301500320
128.881611307,37.850840499,19.935899734
128.881586082,37.849488924,18.413099289
128.881560859,37.848137348,17.018800735
128.881535637,37.846785772,15.430899620
128.881510417,37.845434196,14.435799599
128.881485199,37.844082619,14.690899849
128.881459982,37.842731042,13.508099556
128.881434768,37.841379464,12.127200127
128.881409554,37.840027887,11.253000259
128.881384343,37.838676309,11.075900078
128.881359133,37.837324730,10.581999779
128.881333925,37.835973151,9.794099808
128.881308719,37.834621572,9.098899841
128.881283514,37.833269993,8.523699760
128.881258311,37.831918413,7.806900024
128.881233109,37.830566833,6.179200172
128.881207910,37.829215253,3.895600080
128.881182712,37.827863672,2.048300028
128.886104346,37.999491692,387.861785889
128.886078903,37.998140153,380.525909424
128.886053462,37.996788614,370.539215088
128.886028023,37.995437075,363.648284912
128.886002586,37.994085535,361.411895752
128.885977150,37.992733995,363.343811035
128.885951716,37.991382455,371.811401367
128.885926283,37.990030915,376.803405762
128.885900853,37.988679374,373.096191406
128.885875424,37.987327832,363.379302979
128.885849997,37.985976291,352.008697510
128.885824571,37.984624749,339.472900391
128.885799147,37.983273206,310.766815186
128.885773725,37.981921664,282.959503174
128.885748305,37.980570121,263.238189697
128.885722886,37.979218578,248.186798096
128.885697469,37.977867034,234.233001709
128.885672054,37.976515490,222.633895874
128.885646640,37.975163946,210.462799072
128.885621228,37.973812402,184.245803833
128.885595818,37.972460857,157.739501953
128.885570409,37.971109311,145.584396362
128.885545002,37.969757766,141.192504883
128.885519597,37.968406220,138.783599854
128.885494194,37.967054674,137.597198486
128.885468792,37.965703127,137.463699341
128.885443392,37.964351581,137.991500854
128.885417994,37.963000033,138.426193237
128.885392597,37.961648486,136.656997681
128.885367202,37.960296938,134.214904785
128.885341809,37.958945390,131.980697632
128.885316417,37.957593842,129.921203613
128.885291027,37.956242293,128.058898926
128.885265639,37.954890744,125.878799438
128.885240253,37.953539194,123.030601501
128.885214868,37.952187645,120.068801880
128.885189485,37.950836094,117.419296265
128.885164104,37.949484544,115.401802063
128.885138724,37.948132993,112.880798340
128.885113346,37.946781442,109.265899658
128.885087970,37.945429891,104.273200989
128.885062595,37.944078339,97.935798645
128.885037222,37.942726787,98.036102295
128.885011851,37.941375235,101.237503052
128.884986482,37.940023682,102.657997131
128.884961114,37.938672129,102.222198486
128.884935748,37.937320576,100.866500854
128.884910383,37.935969022,97.275299072
128.884885021,37.934617468,94.627799988
128.884859660,37.933265914,94.687500000
128.884834300,37.931914359,94.530998230
128.884808943,37.930562804,95.834602356
128.884783587,37.929211249,99.687797546
128.884758233,37.927859693,97.428703308
128.884732880,37.926508137,95.873497009
128.884707529,37.925156581,94.375801086
128.884682180,37.923805024,93.002197266
128.884656833,37.922453468,91.591102600
128.884631487,37.921101910,90.046600342
128.884606143,37.919750353,88.303901672
128.884580801,37.918398795,86.620201111
128.884555460,37.917047237,84.656898499
128.884530121,37.915695678,82.910003662
128.884504784,37.914344119,80.747901917
128.884479448,37.912992560,78.279998779
128.884454114,37.911641000,76.012100220
128.884428782,37.910289441,73.390800476
128.884403452,37.908937880,71.533897400
128.884378123,37.907586320,69.060302734
128.884352796,37.906234759,66.764801025
128.884327470,37.904883198,64.660598755
128.884302147,37.903531636,62.599300385
128.884276825,37.902180075,60.304698944
128.884251504,37.900828512,57.789600372
128.884226186,37.899476950,56.514801025
128.884200869,37.898125387,55.119098663
128.884175553,37.896773824,53.413799286
128.884150240,37.895422261,52.159099579
128.884124928,37.894070697,50.267799377
128.884099618,37.892719133,48.577701569
128.884074309,37.891367568,47.747200012
128.884049003,37.890016004,46.590301514
128.884023698,37.888664439,45.138401031
128.883998394,37.887312873,42.370098114
128.883973092,37.885961308,42.113800049
128.883947792,37.884609742,41.745800018
128.883922494,37.883258175,36.775398254
128.883897197,37.881906608,35.987300873
128.883871903,37.880555041,37.153800964
128.883846609,37.879203474,36.405101776
128.883821318,37.877851906,34.991500854
128.883796028,37.876500338,32.859298706
128.883770740,37.875148770,33.188301086
128.883745453,37.873797202,32.760299683
128.883720168,37.872445633,31.980699539
128.883694885,37.871094063,31.509099960
128.883669604,37.869742494,31.017499924
128.883644324,37.868390924,30.589399338
128.883619046,37.867039353,30.138999939
128.883593770,37.865687783,29.275899887
128.883568495,37.864336212,28.325199127
128.883543222,37.862984641,27.164499283
128.883517951,37.861633069,26.303899765
128.883492681,37.860281497,23.586200714
128.883467413,37.858929925,25.126399994
128.883442147,37.857578352,24.387699127
128.883416883,37.856226780,22.120899200
128.883391620,37.854875206,22.476699829
128.883366359,37.853523633,22.792900085
128.883341099,37.852172059,22.096900940
128.883315842,37.850820485,21.481500626
128.883290586,37.849468910,15.814299583
128.883265331,37.848117336,13.930199623
128.883240078,37.846765760,16.719699860
128.883214827,37.845414185,15.953800201
128.883189578,37.844062609,16.245599747
128.883164331,37.842711033,16.077999115
128.883139085,37.841359457,14.830699921
128.883113840,37.840007880,13.815099716
128.883088598,37.838656303,13.310000420
128.883063357,37.837304725,12.622599602
128.883038118,37.835953147,12.432100296
128.883012880,37.834601569,11.108599663
128.882987644,37.833249991,9.943099976
128.882962410,37.831898412,9.071000099
128.882937178,37.830546833,8.206899643
128.882911947,37.829195254,7.003200054
128.882886718,37.827843674,4.072299957
128.882861491,37.826492094,2.044100046
128.887812312,37.999471546,409.711212158
128.887786838,37.998120008,408.373413086
128.887761366,37.996768470,404.132385254
128.887735895,37.995416932,402.325103760
128.887710427,37.994065393,403.628295898
128.887684960,37.992713854,402.887786865
128.887659494,37.991362315,405.358184814
128.887634031,37.990010775,401.348388672
128.887608569,37.988659235,391.788909912
128.887583108,37.987307695,379.016113281
128.887557650,37.985956154,366.893707275
128.887532193,37.984604613,354.120513916
128.887506738,37.983253072,331.736999512
128.887481284,37.981901530,297.166503906
128.887455833,37.980549988,277.176300049
128.887430383,37.979198446,265.517700195
128.887404934,37.977846904,251.840194702
128.887379488,37.976495361,240.862701416
128.887354043,37.975143817,230.322494507
128.887328599,37.973792274,218.529998779
128.887303158,37.972440730,194.392898560
128.887277718,37.971089186,162.698898315
128.887252280,37.969737641,147.055099487
128.887226844,37.968386096,142.545898438
128.887201409,37.967034551,140.736099243
128.887175976,37.965683006,139.869903564
128.887150545,37.964331460,139.694000244
128.887125115,37.962979914,139.108505249
128.887099687,37.961628367,137.232299805
128.887074261,37.960276820,135.182296753
128.887048836,37.958925273,133.223907471
128.887023413,37.957573726,131.223999023
128.886997992,37.956222178,129.245697021
128.886972573,37.954870630,126.427696228
128.886947155,37.953519081,123.079803467
128.886921739,37.952167532,118.729301453
128.886896325,37.950815983,114.844703674
128.886870912,37.949464434,114.791801453
128.886845501,37.948112884,112.304298401
128.886820092,37.946761334,108.705200195
128.886794685,37.945409784,104.354598999
128.886769279,37.944058233,101.627098083
128.886743875,37.942706682,101.694602966
128.886718472,37.941355130,104.191703796
128.886693072,37.940003579,106.175498962
128.886667673,37.938652027,106.254402161
128.886642275,37.937300474,105.561500549
128.886616880,37.935948922,102.601402283
128.886591486,37.934597369,100.741996765
128.886566093,37.933245815,99.129402161
128.886540703,37.931894262,100.587303162
128.886515314,37.930542708,104.855003357
128.886489927,37.929191153,104.881698608
128.886464542,37.927839599,101.168502808
128.886439158,37.926488044,99.523399353
128.886413776,37.925136488,98.739196777
128.886388395,37.923784933,97.292503357
128.886363017,37.922433377,95.576698303
128.886337640,37.921081821,94.089302063
128.886312265,37.919730264,92.628601074
128.886286891,37.918378707,90.748703003
128.886261519,37.917027150,88.918403625
128.886236149,37.915675592,87.373397827
128.886210781,37.914324034,85.202301025
128.886185414,37.912972476,82.641296387
128.886160049,37.911620917,80.189903259
128.886134685,37.910269359,77.616203308
128.886109324,37.908917799,75.456199646
128.886083964,37.907566240,73.074996948
128.886058605,37.906214680,70.661201477
128.886033249,37.904863120,68.572303772
128.886007894,37.903511559,66.218002319
128.885982541,37.902159998,64.105400085
128.885957189,37.900808437,61.324199677
128.885931840,37.899456876,59.647899628
128.885906491,37.898105314,58.178001404
128.885881145,37.896753752,56.203701019
128.885855800,37.895402189,54.496498108
128.885830457,37.894050627,52.798301697
128.885805116,37.892699064,51.671699524
128.885779776,37.891347500,50.019100189
128.885754438,37.889995936,48.295700073
128.885729102,37.888644372,47.205699921
128.885703768,37.887292808,45.808399200
128.885678435,37.885941243,45.240798950
128.885653104,37.884589678,42.872001648
128.885627774,37.883238113,41.522098541
128.885602446,37.881886547,41.084598541
128.885577120,37.880534981,40.091598511
128.885551796,37.879183414,38.493000031
128.885526473,37.877831848,36.789901733
128.885501152,37.876480281,35.486999512
128.885475833,37.875128713,34.223098755
128.885450515,37.873777146,33.070201874
128.885425199,37.872425578,32.779499054
128.885399885,37.871074009,30.712099075
128.885374573,37.869722441,30.448299408
128.885349262,37.868370872,28.398099899
128.885323953,37.867019303,27.445800781
128.885298645,37.865667733,29.094900131
128.885273339,37.864316163,28.845600128
128.885248035,37.862964593,27.784900665
128.885222733,37.861613022,26.176000595
128.885197432,37.860261451,23.343799591
128.885172133,37.858909880,26.040399551
128.885146836,37.857558308,26.694499969
128.885121540,37.856206736,25.865600586
128.885096246,37.854855164,25.185800552
128.885070954,37.853503592,24.154899597
128.885045664,37.852152019,24.062900543
128.885020375,37.850800446,22.927200317
128.884995087,37.849448872,21.118600845
128.884969802,37.848097298,16.763599396
128.884944518,37.846745724,16.920000076
128.884919236,37.845394150,15.259099960
128.884893956,37.844042575,14.096699715
128.884868677,37.842691000,16.871900558
128.884843400,37.841339424,17.107599258
128.884818125,37.839987848,15.721400261
128.884792851,37.838636272,14.643099785
128.884767579,37.837284696,12.656499863
128.884742309,37.835933119,10.092800140
128.884717040,37.834581542,11.502400398
128.884691773,37.833229964,11.279999733
128.884666508,37.831878387,10.333100319
128.884641245,37.830526808,9.290599823
128.884615983,37.829175230,8.393199921
128.884590723,37.827823651,7.030000210
128.884565464,37.826472072,3.502099991
128.884540208,37.825120493,1.753700018
128.889520277,37.999451375,442.723388672
128.889494771,37.998099838,455.076599121
128.889469268,37.996748301,460.052185059
128.889443766,37.995396764,457.414306641
128.889418266,37.994045226,447.429412842
128.889392768,37.992693688,438.138092041
128.889367271,37.991342150,429.785614014
128.889341776,37.989990611,421.050292969
128.889316283,37.988639072,410.012908936
128.889290791,37.987287533,393.822387695
128.889265301,37.985935993,380.185485840
128.889239813,37.984584453,366.140808105
128.889214327,37.983232913,343.702789307
128.889188842,37.981881372,310.452301025
128.889163359,37.980529831,292.083709717
128.889137878,37.979178290,279.937011719
128.889112398,37.977826748,267.684387207
128.889086920,37.976475206,258.365112305
128.889061444,37.975123664,247.784194946
128.889035969,37.973772121,236.480194092
128.889010497,37.972420579,225.288894653
128.888985025,37.971069035,204.199401855
128.888959556,37.969717492,174.127105713
128.888934088,37.968365948,151.992095947
128.888908622,37.967014404,144.678802490
128.888883158,37.965662859,142.750900269
128.888857695,37.964311314,141.592605591
128.888832235,37.962959769,140.513107300
128.888806775,37.961608223,138.584503174
128.888781318,37.960256678,136.469604492
128.888755862,37.958905131,134.565704346
128.888730408,37.957553585,132.769897461
128.888704956,37.956202038,130.608703613
128.888679505,37.954850491,128.141693115
128.888654056,37.953498943,123.773300171
128.888628609,37.952147396,119.394096375
128.888603163,37.950795847,119.726699829
128.888577719,37.949444299,116.416198730
128.888552277,37.948092750,115.012100220
128.888526837,37.946741201,111.758003235
128.888501398,37.945389652,107.962402344
128.888475961,37.944038102,106.418296814
128.888450526,37.942686552,106.850997925
128.888425092,37.941335001,108.372497559
128.888399660,37.939983451,110.703002930
128.888374230,37.938631900,110.306098938
128.888348801,37.937280348,109.659202576
128.888323374,37.935928796,107.403198242
128.888297949,37.934577244,104.885498047
128.888272526,37.933225692,104.333396912
128.888247104,37.931874139,108.384597778
128.888221684,37.930522586,111.118103027
128.888196266,37.929171033,107.528198242
128.888170849,37.927819479,104.342796326
128.888145434,37.926467925,103.353996277
128.888120021,37.925116371,102.062797546
128.888094609,37.923764816,99.626403809
128.888069199,37.922413261,99.414001465
128.888043791,37.921061706,98.301498413
128.888018385,37.919710150,96.561599731
128.887992980,37.918358594,94.765998840
128.887967577,37.917007038,93.046401978
128.887942175,37.915655482,91.108100891
128.887916776,37.914303925,89.056198120
128.887891378,37.912952367,86.841003418
128.887865982,37.911600810,84.568603516
128.887840587,37.910249252,82.345199585
128.887815194,37.908897694,80.212600708
128.887789803,37.907546135,77.657203674
128.887764414,37.906194576,74.871200562
128.887739026,37.904843017,72.648803711
128.887713640,37.903491458,70.755302429
128.887688255,37.902139898,68.260299683
128.887662873,37.900788337,63.697898865
128.887637492,37.899436777,62.761299133
128.887612112,37.898085216,60.937599182
128.887586735,37.896733655,59.078300476
128.887561359,37.895382093,56.740898132
128.887535985,37.894030532,54.943099976
128.887510612,37.892678969,53.232898712
128.887485241,37.891327407,51.935398102
128.887459872,37.889975844,50.575401306
128.887434505,37.888624281,49.335800171
128.887409139,37.887272718,48.212501526
128.887383775,37.885921154,47.033000946
128.887358413,37.884569590,45.929298401
128.887333052,37.883218025,44.292499542
128.887307693,37.881866461,42.896099091
128.887282336,37.880514896,41.367401123
128.887256981,37.879163330,39.982200623
128.887231627,37.877811764,38.567798615
128.887206275,37.876460198,36.508998871
128.887180924,37.875108632,34.829601288
128.887155576,37.873757065,32.309600830
128.887130228,37.872405498,32.566600800
128.887104883,37.871053931,31.962600708
128.887079539,37.869702363,28.596200943
128.887054197,37.868350795,26.846599579
128.887028857,37.866999227,26.140699387
128.887003519,37.865647658,29.195100784
128.886978182,37.864296089,29.428899765
128.886952847,37.862944520,28.215400696
128.886927513,37.861592950,27.642599106
128.886902181,37.860241380,27.097200394
128.886876851,37.858889810,26.899499893
128.886851523,37.857538240,26.493200302
128.886826196,37.856186669,25.885799408
128.886800871,37.854835097,25.248800278
128.886775548,37.853483526,24.316299438
128.886750226,37.852131954,24.590499878
128.886724906,37.850780382,23.128499985
128.886699588,37.849428809,21.525400162
128.886674271,37.848077236,19.886199951
128.886648956,37.846725663,20.958000183
128.886623643,37.845374089,20.445100784
128.886598332,37.844022516,20.010400772
128.886573022,37.842670941,16.959699631
128.886547714,37.841319367,17.451499939
128.886522407,37.839967792,17.143800735
128.886497103,37.838616217,16.264400482
128.886471800,37.837264641,15.412099838
128.886446498,37.835913066,14.589099884
128.886421199,37.834561489,13.770600319
128.886395901,37.833209913,13.043899536
128.886370604,37.831858336,11.564399719
128.886345310,37.830506759,10.409299850
128.886320017,37.829155182,9.469599724
128.886294726,37.827803604,8.437100410
128.886269436,37.826452026,6.959000111
128.886244148,37.825100447,3.648900032
128.886218862,37.823748869,1.851699948
128.891228240,37.999431179,488.349914551
128.891202703,37.998079644,499.292297363
128.891177168,37.996728108,499.558410645
128.891151635,37.995376571,496.498992920
128.891126104,37.994025034,486.623809814
128.891100574,37.992673497,482.449798584
128.891075046,37.991321960,467.162200928
128.891049520,37.989970422,446.045684814
128.891023995,37.988618884,425.916412354
128.890998472,37.987267346,407.848785400
128.890972951,37.985915807,391.758514404
128.890947432,37.984564268,370.834899902
128.890921914,37.983212729,344.015686035
128.890896398,37.981861189,320.780700684
128.890870884,37.980509649,305.909606934
128.890845371,37.979158109,293.961090088
128.890819860,37.977806568,284.910308838
128.890794351,37.976455027,277.119812012
128.890768843,37.975103486,267.445587158
128.890743337,37.973751944,253.600296021
128.890717833,37.972400402,240.879592896
128.890692331,37.971048860,228.363296509
128.890666830,37.969697317,211.384002686
128.890641331,37.968345775,183.819503784
128.890615834,37.966994231,156.865005493
128.890590338,37.965642688,147.054000854
128.890564845,37.964291144,144.427398682
128.890539352,37.962939600,142.280197144
128.890513862,37.961588055,140.078598022
128.890488373,37.960236510,137.914901733
128.890462886,37.958884965,136.034805298
128.890437401,37.957533419,134.334594727
128.890411917,37.956181874,132.440200806
128.890386435,37.954830327,130.571105957
128.890360955,37.953478781,128.121597290
128.890335477,37.952127234,125.188598633
128.890310000,37.950775687,128.019805908
128.890284525,37.949424139,124.843200684
128.890259051,37.948072592,122.731399536
128.890233579,37.946721043,117.425498962
128.890208109,37.945369495,114.211601257
128.890182641,37.944017946,111.677101135
128.890157175,37.942666397,110.615898132
128.890131710,37.941314848,119.215896606
128.890106247,37.939963298,117.506896973
128.890080785,37.938611748,115.435600281
128.890055325,37.937260197,114.153297424
128.890029867,37.935908647,113.123703003
128.890004411,37.934557096,111.290802002
128.889978956,37.933205544,110.131599426
128.889953503,37.931853992,111.883399963
128.889928052,37.930502440,114.048202515
128.889902602,37.929150888,109.854797363
128.889877154,37.927799335,107.790901184
128.889851708,37.926447782,109.753303528
128.889826264,37.925096229,105.570098877
128.889800821,37.923744675,100.821403503
128.889775380,37.922393121,100.897003174
128.889749941,37.921041567,101.771202087
128.889724503,37.919690012,100.706298828
128.889699067,37.918338457,99.016799927
128.889673633,37.916986902,97.389396667
128.889648200,37.915635346,95.490699768
128.889622769,37.914283790,94.205902100
128.889597340,37.912932234,91.392898560
128.889571913,37.911580677,89.041297913
128.889546487,37.910229121,86.782203674
128.889521063,37.908877563,84.517196655
128.889495641,37.907526006,82.135803223
128.889470220,37.906174448,79.771598816
128.889444801,37.904822890,77.578300476
128.889419384,37.903471331,75.174400330
128.889393968,37.902119772,73.283897400
128.889368554,37.900768213,69.749496460
128.889343142,37.899416653,66.403198242
128.889317732,37.898065093,64.117698669
128.889292323,37.896713533,61.880901337
128.889266916,37.895361973,59.644500732
128.889241511,37.894010412,57.442600250
128.889216107,37.892658851,55.293998718
128.889190705,37.891307289,54.280300140
128.889165305,37.889955727,52.855701447
128.889139906,37.888604165,51.304798126
128.889114509,37.887252603,50.056499481
128.889089114,37.885901040,48.530601501
128.889063721,37.884549477,47.293899536
128.889038329,37.883197913,45.983001709
128.889012939,37.881846350,44.275001526
128.888987550,37.880494786,42.932201385
128.888962164,37.879143221,41.679298401
128.888936779,37.877791656,40.106201172
128.888911396,37.876440091,35.783500671
128.888886014,37.875088526,34.606899261
128.888860634,37.873736960,32.559501648
128.888835256,37.872385394,32.754600525
128.888809879,37.871033828,29.658199310
128.888784505,37.869682261,30.516799927
128.888759132,37.868330694,31.873399734
128.888733760,37.866979127,29.567499161
128.888708390,37.865627559,25.984899521
128.888683022,37.864275991,28.642900467
128.888657656,37.862924423,27.166000366
128.888632292,37.861572854,27.201400757
128.888606929,37.860221285,25.893499374
128.888581567,37.858869716,26.246200562
128.888556208,37.857518146,26.132900238
128.888530850,37.856166576,25.952899933
128.888505494,37.854815006,26.842800140
128.888480139,37.853463435,26.584100723
128.888454787,37.852111864,25.644599915
128.888429436,37.850760293,24.283899307
128.888404086,37.849408721,23.429199219
128.888378739,37.848057150,22.633499146
128.888353393,37.846705577,22.157699585
128.888328048,37.845354005,21.888799667
128.888302706,37.844002432,20.972600937
128.888277365,37.842650859,20.673799515
128.888252026,37.841299285,19.809299469
128.888226688,37.839947711,18.484899521
128.888201352,37.838596137,17.406200409
128.888176018,37.837244563,16.625699997
128.888150686,37.835892988,15.718000412
128.888125355,37.834541413,14.701000214
128.888100026,37.833189837,13.853199959
128.888074699,37.831838261,10.885600090
128.888049373,37.830486685,11.118200302
128.888024049,37.829135109,10.760600090
128.887998727,37.827783532,9.623299599
128.887973407,37.826431955,8.552499771
128.887948088,37.825080377,6.257400036
128.887922770,37.823728800,2.848900080
128.887897455,37.822377221,1.787400007
128.892936201,37.999410959,510.381011963
128.892910633,37.998059424,519.770324707
128.892885067,37.996707889,519.293701172
128.892859502,37.995356354,515.799621582
128.892833940,37.994004818,510.833709717
128.892808379,37.992653282,509.120910645
128.892782819,37.991301745,500.445709229
128.892757262,37.989950209,473.477386475
128.892731706,37.988598672,450.692199707
128.892706152,37.987247134,426.370086670
128.892680599,37.985895596,402.922302246
128.892655048,37.984544058,373.314300537
128.892629499,37.983192520,348.229888916
128.892603952,37.981840981,332.529296875
128.892578406,37.980489442,321.798187256
128.892552862,37.979137903,313.787292480
128.892527320,37.977786363,305.285797119
128.892501780,37.976434823,296.450988770
128.892476241,37.975083283,285.157501221
128.892450704,37.973731742,270.884887695
128.892425168,37.972380201,258.306701660
128.892399635,37.971028660,244.566604614
128.892374103,37.969677118,230.994400024
128.892348573,37.968325577,217.619094849
128.892323044,37.966974034,192.212799072
128.892297517,37.965622492,165.914596558
128.892271992,37.964270949,151.468994141
128.892246469,37.962919405,145.935897827
128.892220947,37.961567862,143.053497314
128.892195427,37.960216318,140.510192871
128.892169909,37.958864774,138.458694458
128.892144392,37.957513229,136.696899414
128.892118877,37.956161684,134.929397583
128.892093364,37.954810139,133.868301392
128.892067852,37.953458594,133.077606201
128.892042343,37.952107048,133.600997925
128.892016835,37.950755502,133.022598267
128.891991328,37.949403955,131.824798584
128.891965824,37.948052408,130.748397827
128.891940321,37.946700861,124.541801453
128.891914819,37.945349314,120.418800354
128.891889320,37.943997766,116.097900391
128.891863822,37.942646218,114.325302124
128.891838326,37.941294669,123.288696289
128.891812831,37.939943120,121.168899536
128.891787339,37.938591571,118.525199890
128.891761848,37.937240022,117.562103271
128.891736358,37.935888472,117.447402954
128.891710871,37.934536922,117.321800232
128.891685385,37.933185371,116.289901733
128.891659901,37.931833821,115.040397644
128.891634418,37.930482270,115.609298706
128.891608937,37.929130718,112.823898315
128.891583458,37.927779166,110.365997314
128.891557981,37.926427614,121.429397583
128.891532505,37.925076062,115.036903381
128.891507031,37.923724509,108.963500977
128.891481559,37.922372956,105.518501282
128.891456088,37.921021403,105.238899231
128.891430620,37.919669849,104.727798462
128.891405152,37.918318295,103.528099060
128.891379687,37.916966741,102.026901245
128.891354223,37.915615186,99.975303650
128.891328761,37.914263631,98.139503479
128.891303301,37.912912076,96.062698364
128.891277842,37.911560520,93.631500244
128.891252385,37.910208964,91.516098022
128.891226930,37.908857408,89.134300232
128.891201476,37.907505852,86.587600708
128.891176025,37.906154295,83.977600098
128.891150575,37.904802737,81.679702759
128.891125126,37.903451180,79.081497192
128.891099679,37.902099622,76.376701355
128.891074234,37.900748064,73.596900940
128.891048791,37.899396505,70.054100037
128.891023349,37.898044946,67.574699402
128.890997909,37.896693387,65.085098267
128.890972471,37.895341827,62.359401703
128.890947035,37.893990268,59.978900909
128.890921600,37.892638707,58.182998657
128.890896167,37.891287147,56.200500488
128.890870735,37.889935586,54.803699493
128.890845306,37.888584025,53.115501404
128.890819878,37.887232463,51.458198547
128.890794451,37.885880901,50.990299225
128.890769027,37.884529339,49.204200745
128.890743604,37.883177777,47.038898468
128.890718183,37.881826214,45.600299835
128.890692763,37.880474651,44.638698578
128.890667345,37.879123087,43.282901764
128.890641929,37.877771524,41.548599243
128.890616515,37.876419960,37.733398438
128.890591102,37.875068395,36.297798157
128.890565691,37.873716830,35.267799377
128.890540282,37.872365265,34.902500153
128.890514874,37.871013700,30.802099228
128.890489468,37.869662134,33.494201660
128.890464064,37.868310568,30.850200653
128.890438661,37.866959002,30.926399231
128.890413261,37.865607435,30.013099670
128.890387861,37.864255868,30.463199615
128.890362464,37.862904301,29.934900284
128.890337068,37.861552733,28.147600174
128.890311674,37.860201165,27.502899170
128.890286282,37.858849597,27.196100235
128.890260891,37.857498028,26.829399109
128.890235502,37.856146459,28.006900787
128.890210115,37.854794890,27.536600113
128.890184730,37.853443320,25.898000717
128.890159346,37.852091750,25.645700455
128.890133964,37.850740180,24.704000473
128.890108583,37.849388609,23.373100281
128.890083204,37.848037038,22.466400146
128.890057827,37.846685467,22.916299820
128.890032452,37.845333895,22.734899521
128.890007078,37.843982323,22.937400818
128.889981706,37.842630751,22.228099823
128.889956336,37.841279179,21.009799957
128.889930968,37.839927606,19.786600113
128.889905601,37.838576033,18.602399826
128.889880235,37.837224459,17.722700119
128.889854872,37.835872885,17.128599167
128.889829510,37.834521311,16.335500717
128.889804150,37.833169736,15.165200233
128.889778792,37.831818162,14.289899826
128.889753435,37.830466586,13.198800087
128.889728080,37.829115011,12.253899574
128.889702727,37.827763435,11.097200394
128.889677375,37.826411859,10.279800415
128.889652025,37.825060283,9.370800018
128.889626677,37.823708706,5.822000027
128.889601330,37.822357129,2.783499956
128.889575986,37.821005551,1.721600056
128.894644160,37.999390714,525.436523438
128.894618561,37.998039180,535.189575195
128.894592964,37.996687646,534.913574219
128.894567368,37.995336111,532.276672363
128.894541774,37.993984576,525.115722656
128.894516182,37.992633041,518.226623535
128.894490591,37.991281506,515.479125977
128.894465002,37.989929970,506.247100830
128.894439415,37.988578434,479.933013916
128.894413829,37.987226898,450.702392578
128.894388246,37.985875361,418.072906494
128.894362664,37.984523824,382.863311768
128.894337083,37.983172286,360.641387939
128.894311505,37.981820749,348.854400635
128.894285928,37.980469211,338.728210449
128.894260352,37.979117672,329.639495850
128.894234779,37.977766134,322.934112549
128.894209207,37.976414595,313.553802490
128.894183637,37.975063055,301.624511719
128.894158069,37.973711516,289.713500977
128.894132502,37.972359976,278.643798828
128.894106937,37.971008435,265.296691895
128.894081374,37.969656895,248.861892700
128.894055812,37.968305354,234.927902222
128.894030252,37.966953812,222.550903320
128.894004694,37.965602271,206.817504883
128.893979138,37.964250729,182.839401245
128.893953583,37.962899187,159.525207520
128.893928030,37.961547644,148.055801392
128.893902479,37.960196101,143.970794678
128.893876929,37.958844558,141.115203857
128.893851381,37.957493014,139.012695313
128.893825835,37.956141470,137.465103149
128.893800291,37.954789926,136.578506470
128.893774748,37.953438381,135.647598267
128.893749207,37.952086837,134.964096069
128.893723668,37.950735291,133.917800903
128.893698130,37.949383746,132.476501465
128.893672594,37.948032200,131.146301270
128.893647060,37.946680654,130.612594604
128.893621528,37.945329107,130.110992432
128.893595997,37.943977560,121.553703308
128.893570468,37.942626013,119.769203186
128.893544940,37.941274466,121.664199829
128.893519415,37.939922918,122.365997314
128.893493891,37.938571370,121.445701599
128.893468368,37.937219821,120.496200562
128.893442848,37.935868273,120.137397766
128.893417329,37.934516723,120.423698425
128.893391812,37.933165174,121.069297791
128.893366297,37.931813624,120.197303772
128.893340783,37.930462074,118.481399536
128.893315271,37.929110524,116.949501038
128.893289760,37.927758973,115.025901794
128.893264252,37.926407422,113.031600952
128.893238745,37.925055871,112.545196533
128.893213240,37.923704319,112.117103577
128.893187736,37.922352767,110.995697021
128.893162235,37.921001214,109.858497620
128.893136735,37.919649662,108.718101501
128.893111236,37.918298109,107.418899536
128.893085740,37.916946555,106.588897705
128.893060245,37.915595002,104.390098572
128.893034751,37.914243448,102.335403442
128.893009260,37.912891893,100.622100830
128.892983770,37.911540339,98.530601501
128.892958282,37.910188784,96.225700378
128.892932795,37.908837228,93.779800415
128.892907311,37.907485673,91.160102844
128.892881828,37.906134117,88.674400330
128.892856346,37.904782560,86.136497498
128.892830867,37.903431004,83.777198792
128.892805389,37.902079447,81.591400146
128.892779913,37.900727890,75.744300842
128.892754438,37.899376332,72.917503357
128.892728965,37.898024774,70.985099792
128.892703494,37.896673216,68.506500244
128.892678025,37.895321657,66.067802429
128.892652557,37.893970098,63.777900696
128.892627091,37.892618539,61.596698761
128.892601627,37.891266980,59.810699463
128.892576164,37.889915420,57.764198303
128.892550703,37.888563860,55.576301575
128.892525244,37.887212299,53.838298798
128.892499787,37.885860738,52.525199890
128.892474331,37.884509177,51.707500458
128.892448877,37.883157616,49.836200714
128.892423425,37.881806054,48.673698425
128.892397974,37.880454492,46.711101532
128.892372525,37.879102929,44.883399963
128.892347078,37.877751366,43.374298096
128.892321632,37.876399803,41.712001801
128.892296188,37.875048240,41.375499725
128.892270746,37.873696676,39.469001770
128.892245306,37.872345112,38.285900116
128.892219867,37.870993547,36.745098114
128.892194430,37.869641983,35.994998932
128.892168995,37.868290418,34.270099640
128.892143561,37.866938852,33.202899933
128.892118129,37.865587286,33.186500549
128.892092699,37.864235720,31.683000565
128.892067270,37.862884154,29.733100891
128.892041843,37.861532587,28.134099960
128.892016418,37.860181020,27.560100555
128.891990995,37.858829453,27.467500687
128.891965573,37.857477885,21.306900024
128.891940153,37.856126317,23.582199097
128.891914735,37.854774749,24.779399872
128.891889318,37.853423180,25.118099213
128.891863903,37.852071611,26.175600052
128.891838490,37.850720042,23.889499664
128.891813078,37.849368472,23.173500061
128.891787668,37.848016902,21.605400085
128.891762260,37.846665332,22.076700211
128.891736854,37.845313761,23.948299408
128.891711449,37.843962190,23.980899811
128.891686046,37.842610619,22.906099319
128.891660645,37.841259048,21.697900772
128.891635245,37.839907476,20.592599869
128.891609847,37.838555903,19.802299500
128.891584451,37.837204331,19.103700638
128.891559056,37.835852758,18.482599258
128.891533663,37.834501185,15.345499992
128.891508272,37.833149611,15.571900368
128.891482883,37.831798037,15.506899834
128.891457495,37.830446463,12.412799835
128.891432109,37.829094889,12.829999924
128.891406725,37.827743314,12.621600151
128.891381342,37.826391739,9.614399910
128.891355961,37.825040163,10.041199684
128.891330582,37.823688587,8.819700241
128.891305204,37.822337011,6.335499763
128.891279828,37.820985435,3.353399992
128.891254454,37.819633858,1.720199943
128.896352118,37.999370443,539.089294434
128.896326488,37.998018911,547.997924805
128.896300859,37.996667378,548.210021973
128.896275232,37.995315844,545.366027832
128.896249606,37.993964310,535.925903320
128.896223983,37.992612776,519.968505859
128.896198361,37.991261242,506.063293457
128.896172741,37.989909707,495.295898438
128.896147122,37.988558172,480.680389404
128.896121505,37.987206636,466.571807861
128.896095890,37.985855101,430.977996826
128.896070277,37.984503565,395.800201416
128.896044665,37.983152028,380.575012207
128.896019055,37.981800491,367.733703613
128.895993447,37.980448954,356.923797607
128.895967841,37.979097417,347.655914307
128.895942236,37.977745879,339.242614746
128.895916633,37.976394341,329.208007813
128.895891031,37.975042803,316.807800293
128.895865432,37.973691264,305.427612305
128.895839834,37.972339725,294.799102783
128.895814237,37.970988186,280.723388672
128.895788643,37.969636646,265.217590332
128.895763050,37.968285106,252.658996582
128.895737459,37.966933566,241.740493774
128.895711870,37.965582025,229.312194824
128.895686282,37.964230484,216.273101807
128.895660696,37.962878943,195.786697388
128.895635112,37.961527401,170.246307373
128.895609529,37.960175859,151.885192871
128.895583948,37.958824317,144.841400146
128.895558369,37.957472774,141.880294800
128.895532792,37.956121232,140.534698486
128.895507216,37.954769688,139.172195435
128.895481642,37.953418145,137.666198730
128.895456070,37.952066601,136.360198975
128.895430499,37.950715057,135.130203247
128.895404930,37.949363512,133.744094849
128.895379363,37.948011967,132.380996704
128.895353798,37.946660422,130.225494385
128.895328234,37.945308876,127.825698853
128.895302672,37.943957330,124.638198853
128.895277112,37.942605784,123.627899170
128.895251553,37.941254238,124.988296509
128.895225996,37.939902691,125.025596619
128.895200441,37.938551144,124.444503784
128.895174887,37.937199596,123.700401306
128.895149336,37.935848048,123.014297485
128.895123786,37.934496500,122.902603149
128.895098237,37.933144952,123.227203369
128.895072691,37.931793403,122.748100281
128.895047146,37.930441854,121.751800537
128.895021602,37.929090305,120.470703125
128.894996061,37.927738755,120.020301819
128.894970521,37.926387205,119.316001892
128.894944983,37.925035654,118.123703003
128.894919447,37.923684103,116.278198242
128.894893912,37.922332552,115.304100037
128.894868379,37.920981001,115.489097595
128.894842848,37.919629449,112.174896240
128.894817318,37.918277897,110.931098938
128.894791790,37.916926345,110.259498596
128.894766264,37.915574792,108.959999084
128.894740740,37.914223239,107.030197144
128.894715217,37.912871686,104.943199158
128.894689696,37.911520132,102.821998596
128.894664177,37.910168578,100.702003479
128.894638659,37.908817024,98.437797546
128.894613143,37.907465469,96.125000000
128.894587629,37.906113914,93.580200195
128.894562116,37.904762359,90.985900879
128.894536606,37.903410803,88.601501465
128.894511097,37.902059247,86.767601013
128.894485589,37.900707691,80.488098145
128.894460084,37.899356134,77.593597412
128.894434580,37.898004577,74.979698181
128.894409077,37.896653020,72.117202759
128.894383577,37.895301462,69.260002136
128.894358078,37.893949905,66.813903809
128.894332581,37.892598346,64.851898193
128.894307085,37.891246788,62.247798920
128.894281592,37.889895229,59.912101746
128.894256100,37.888543670,58.289501190
128.894230609,37.887192110,56.985500336
128.894205121,37.885840550,54.861301422
128.894179634,37.884488990,52.809299469
128.894154149,37.883137430,51.372501373
128.894128665,37.881785869,50.419200897
128.894103183,37.880434307,49.181598663
128.894077703,37.879082746,46.918300629
128.894052225,37.877731184,44.685298920
128.894026748,37.876379622,42.947101593
128.894001273,37.875028060,41.559799194
128.893975800,37.873676497,39.583301544
128.893950328,37.872324934,37.712600708
128.893924858,37.870973370,34.679500580
128.893899390,37.869621806,36.000301361
128.893873924,37.868270242,31.865999222
128.893848459,37.866918678,31.728799820
128.893822996,37.865567113,33.242500305
128.893797534,37.864215548,32.093101501
128.893772075,37.862863983,29.633600235
128.893746617,37.861512417,28.758399963
128.893721161,37.860160851,26.141199112
128.893695706,37.858809284,24.354400635
128.893670253,37.857457718,27.477899551
128.893644802,37.856106151,27.575199127
128.893619353,37.854754583,22.704700470
128.893593905,37.853403016,27.000900269
128.893568459,37.852051448,27.483999252
128.893543014,37.850699879,24.997100830
128.893517572,37.849348311,23.307199478
128.893492131,37.847996742,21.524499893
128.893466692,37.846645172,24.314699173
128.893441254,37.845293603,25.166500092
128.893415818,37.843942033,24.444599152
128.893390384,37.842590462,23.555299759
128.893364952,37.841238892,22.684200287
128.893339521,37.839887321,21.795299530
128.893314092,37.838535750,20.833700180
128.893288665,37.837184178,20.075599670
128.893263239,37.835832606,19.533800125
128.893237815,37.834481034,17.896900177
128.893212393,37.833129461,17.787099838
128.893186972,37.831777888,16.960500717
128.893161553,37.830426315,15.738699913
128.893136136,37.829074742,15.110899925
128.893110721,37.827723168,14.654999733
128.893085307,37.826371594,14.217599869
128.893059895,37.825020019,12.491499901
128.893034485,37.823668444,10.706700325
128.893009076,37.822316869,8.783300400
128.892983669,37.820965294,5.348700047
128.892958264,37.819613718,4.385600090
128.892932860,37.818262142,2.069900036
128.898060074,37.999350149,555.073425293
128.898034413,37.997998617,558.910827637
128.898008752,37.996647085,563.926025391
128.897983094,37.995295552,561.263122559
128.897957437,37.993944019,545.817810059
128.897931782,37.992592486,533.941772461
128.897906129,37.991240953,520.544921875
128.897880478,37.989889419,509.587493896
128.897854828,37.988537885,485.710601807
128.897829180,37.987186350,476.015991211
128.897803533,37.985834816,451.926086426
128.897777889,37.984483280,420.302398682
128.897752246,37.983131745,400.317108154
128.897726604,37.981780209,388.140411377
128.897700965,37.980428673,378.628112793
128.897675327,37.979077137,369.505889893
128.897649691,37.977725600,357.765991211
128.897624057,37.976374063,346.261199951
128.897598424,37.975022526,332.842285156
128.897572793,37.973670988,320.588806152
128.897547164,37.972319450,309.405212402
128.897521536,37.970967911,295.770202637
128.897495910,37.969616373,280.164001465
128.897470286,37.968264834,264.821990967
128.897444664,37.966913294,254.911895752
128.897419043,37.965561755,245.793106079
128.897393424,37.964210215,235.382293701
128.897367807,37.962858674,224.507904053
128.897342191,37.961507134,207.658294678
128.897316578,37.960155593,182.373397827
128.897290966,37.958804052,156.674194336
128.897265355,37.957452510,146.354507446
128.897239746,37.956100968,143.089904785
128.897214139,37.954749426,141.248001099
128.897188534,37.953397883,139.552597046
128.897162931,37.952046340,137.835494995
128.897137329,37.950694797,134.955200195
128.897111729,37.949343253,133.819793701
128.897086130,37.947991709,133.037292480
128.897060534,37.946640165,131.661499023
128.897034939,37.945288621,130.116394043
128.897009345,37.943937076,128.932006836
128.896983754,37.942585531,128.544906616
128.896958164,37.941233985,127.947799683
128.896932576,37.939882439,127.134902954
128.896906989,37.938530893,127.052398682
128.896881405,37.937179346,126.517997742
128.896855822,37.935827800,126.772399902
128.896830240,37.934476252,126.216697693
128.896804661,37.933124705,125.628601074
128.896779083,37.931773157,125.634101868
128.896753507,37.930421609,127.143096924
128.896727932,37.929070061,124.266502380
128.896702360,37.927718512,123.489196777
128.896676789,37.926366963,123.151603699
128.896651219,37.925015413,121.925003052
128.896625652,37.923663863,120.565597534
128.896600086,37.922312313,119.809501648
128.896574522,37.920960763,119.598800659
128.896548959,37.919609212,109.911903381
128.896523398,37.918257661,111.684097290
128.896497839,37.916906110,113.217498779
128.896472282,37.915554558,111.709602356
128.896446726,37.914203006,108.113899231
128.896421173,37.912851454,108.538398743
128.896395620,37.911499901,107.060798645
128.896370070,37.910148348,105.017898560
128.896344521,37.908796794,103.045700073
128.896318974,37.907445241,100.909202576
128.896293429,37.906093687,98.572502136
128.896267885,37.904742132,95.999000549
128.896242343,37.903390578,93.526603699
128.896216803,37.902039023,91.241096497
128.896191264,37.900687467,89.780799866
128.896165727,37.899335912,85.319099426
128.896140192,37.897984356,80.442596436
128.896114659,37.896632800,76.869598389
128.896089127,37.895281243,73.757400513
128.896063597,37.893929686,70.836799622
128.896038069,37.892578129,68.002403259
128.896012542,37.891226571,65.759498596
128.895987017,37.889875013,63.688301086
128.895961494,37.888523455,61.416500092
128.895935972,37.887171896,59.388900757
128.895910453,37.885820338,57.236698151
128.895884935,37.884468778,55.178199768
128.895859418,37.883117219,53.743000031
128.895833904,37.881765659,52.125701904
128.895808391,37.880414099,50.392299652
128.895782879,37.879062538,48.389301300
128.895757370,37.877710977,46.452098846
128.895731862,37.876359416,44.163200378
128.895706356,37.875007855,40.370098114
128.895680852,37.873656293,37.927501678
128.895655349,37.872304731,37.594398499
128.895629848,37.870953168,39.366901398
128.895604349,37.869601605,37.472301483
128.895578851,37.868250042,36.391300201
128.895553355,37.866898479,35.925201416
128.895527861,37.865546915,34.751201630
128.895502368,37.864195351,32.750099182
128.895476878,37.862843787,29.932899475
128.895451389,37.861492222,27.708400726
128.895425901,37.860140657,28.877500534
128.895400416,37.858789091,27.881799698
128.895374932,37.857437526,30.013299942
128.895349449,37.856085960,29.859300613
128.895323969,37.854734393,29.658399582
128.895298490,37.853382826,29.046100616
128.895273013,37.852031259,27.838800430
128.895247537,37.850679692,25.450300217
128.895222064,37.849328124,26.016000748
128.895196592,37.847976556,18.784299850
128.895171121,37.846624988,23.241100311
128.895145653,37.845273419,25.379400253
128.895120186,37.843921850,24.775699615
128.895094720,37.842570281,23.872900009
128.895069257,37.841218711,23.177900314
128.895043795,37.839867141,22.492900848
128.895018335,37.838515571,21.598400116
128.894992877,37.837164001,20.944599152
128.894967420,37.835812430,20.626100540
128.894941965,37.834460858,19.947200775
128.894916512,37.833109287,19.149000168
128.894891060,37.831757715,18.187200546
128.894865610,37.830406143,15.496500015
128.894840162,37.829054570,14.675200462
128.894814715,37.827702997,13.600000381
128.894789271,37.826351424,14.477299690
128.894763827,37.824999850,14.338600159
128.894738386,37.823648276,12.102399826
128.894712946,37.822296702,9.967900276
128.894687508,37.820945128,8.352299690
128.894662072,37.819593553,6.686100006
128.894636637,37.818241978,4.394100189
128.894611205,37.816890402,2.029999971
128.899768029,37.999329829,578.680725098
128.899742336,37.997978298,583.455871582
128.899716644,37.996626767,584.118774414
128.899690954,37.995275235,581.773681641
128.899665266,37.993923704,573.629028320
128.899639580,37.992572171,555.332275391
128.899613896,37.991220639,534.694824219
128.899588213,37.989869106,517.610290527
128.899562532,37.988517573,505.497406006
128.899536852,37.987166039,494.166412354
128.899511174,37.985814506,482.663604736
128.899485498,37.984462972,450.224487305
128.899459824,37.983111437,422.200592041
128.899434152,37.981759902,410.716094971
128.899408481,37.980408367,403.570098877
128.899382812,37.979056832,390.994903564
128.899357144,37.977705296,375.630493164
128.899331479,37.976353760,360.783203125
128.899305815,37.975002224,345.434997559
128.899280152,37.973650687,333.262207031
128.899254492,37.972299150,320.794189453
128.899228833,37.970947612,307.613403320
128.899203176,37.969596075,291.621795654
128.899177521,37.968244537,277.151489258
128.899151867,37.966892998,267.174804688
128.899126215,37.965541460,257.149414063
128.899100565,37.964189921,248.192794800
128.899074916,37.962838381,238.965301514
128.899049270,37.961486842,228.274703979
128.899023624,37.960135302,214.950897217
128.898997981,37.958783761,191.809799194
128.898972339,37.957432221,164.722503662
128.898946699,37.956080680,149.406402588
128.898921061,37.954729138,144.490905762
128.898895425,37.953377597,141.966506958
128.898869790,37.952026055,139.443603516
128.898844157,37.950674513,136.179901123
128.898818526,37.949322970,135.283096313
128.898792896,37.947971427,134.718902588
128.898767268,37.946619884,133.458892822
128.898741642,37.945268340,132.051300049
128.898716017,37.943916796,131.589202881
128.898690394,37.942565252,131.030593872
128.898664773,37.941213708,131.580200195
128.898639154,37.939862163,129.888000488
128.898613536,37.938510617,129.551498413
128.898587920,37.937159072,130.357498169
128.898562306,37.935807526,130.281906128
128.898536694,37.934455980,129.572296143
128.898511083,37.933104433,128.830795288
128.898485474,37.931752887,128.048004150
128.898459866,37.930401339,127.584197998
128.898434261,37.929049792,126.937896729
128.898408657,37.927698244,126.206497192
128.898383055,37.926346696,125.368400574
128.898357454,37.924995147,124.344703674
128.898331855,37.923643599,123.105499268
128.898306258,37.922292050,122.339698792
128.898280663,37.920940500,121.920898438
128.898255069,37.919588950,120.050598145
128.898229477,37.918237400,117.930999756
128.898203887,37.916885850,117.756401062
128.898178298,37.915534299,117.240699768
128.898152711,37.914182748,115.938400269
128.898127126,37.912831197,114.635398865
128.898101543,37.911479645,113.229598999
128.898075961,37.910128093,111.558296204
128.898050381,37.908776540,109.466003418
128.898024803,37.907424988,106.831901550
128.897999226,37.906073435,103.499801636
128.897973652,37.904721881,102.681198120
128.897948078,37.903370328,99.645896912
128.897922507,37.902018774,97.073997498
128.897896937,37.900667219,95.237197876
128.897871369,37.899315665,91.742996216
128.897845803,37.897964110,86.620796204
128.897820238,37.896612554,81.447799683
128.897794675,37.895260999,77.770698547
128.897769114,37.893909443,74.315299988
128.897743555,37.892557887,71.797897339
128.897717997,37.891206330,68.592002869
128.897692441,37.889854773,65.603103638
128.897666887,37.888503216,63.295200348
128.897641334,37.887151658,61.335498810
128.897615783,37.885800100,59.114700317
128.897590234,37.884448542,57.258399963
128.897564686,37.883096983,55.460399628
128.897539141,37.881745425,53.195899963
128.897513596,37.880393865,51.909999847
128.897488054,37.879042306,49.998798370
128.897462513,37.877690746,47.632701874
128.897436974,37.876339186,45.390499115
128.897411437,37.874987625,43.372200012
128.897385902,37.873636064,42.221401215
128.897360368,37.872284503,40.172298431
128.897334836,37.870932942,42.153800964
128.897309305,37.869581380,41.581501007
128.897283777,37.868229818,39.614898682
128.897258250,37.866878255,38.026000977
128.897232724,37.865526692,35.968101501
128.897207201,37.864175129,31.495700836
128.897181679,37.862823566,28.289600372
128.897156159,37.861472002,28.580099106
128.897130640,37.860120438,30.882699966
128.897105123,37.858768874,29.827199936
128.897079608,37.857417309,27.640100479
128.897054095,37.856065744,27.928400040
128.897028583,37.854714178,29.088899612
128.897003073,37.853362613,28.535299301
128.896977565,37.852011047,28.065299988
128.896952058,37.850659480,27.479600906
128.896926554,37.849307913,27.003900528
128.896901051,37.847956346,25.494600296
128.896875549,37.846604779,26.536199570
128.896850049,37.845253211,26.017700195
128.896824551,37.843901643,25.175600052
128.896799055,37.842550075,24.319299698
128.896773560,37.841198506,23.655599594
128.896748068,37.839846937,22.923099518
128.896722576,37.838495368,22.080099106
128.896697087,37.837143798,22.002500534
128.896671599,37.835792228,21.555599213
128.896646113,37.834440658,20.817600250
128.896620629,37.833089088,19.830900192
128.896595146,37.831737517,18.893999100
128.896569665,37.830385945,18.001399994
128.896544186,37.829034374,16.695199966
128.896518708,37.827682802,17.274900436
128.896493232,37.826331230,16.889999390
128.896467758,37.824979657,16.004199982
128.896442286,37.823628084,14.517200470
128.896416815,37.822276511,12.449500084
128.896391346,37.820924937,10.176500320
128.896365879,37.819573363,8.801400185
128.896340413,37.818221789,7.188799858
128.896314949,37.816870215,4.451600075
128.896289487,37.815518640,2.521100044
128.901475981,37.999309484,600.534301758
128.901450257,37.997957955,603.051879883
128.901424534,37.996606424,599.590820313
128.901398813,37.995254894,592.944580078
128.901373094,37.993903363,581.406372070
128.901347376,37.992551832,567.880371094
128.901321660,37.991200300,546.802917480
128.901295946,37.989848768,539.196228027
128.901270234,37.988497236,526.904113770
128.901244523,37.987145704,509.866607666
128.901218814,37.985794171,499.825195313
128.901193107,37.984442638,473.767486572
128.901167401,37.983091104,444.691802979
128.901141697,37.981739571,432.269104004
128.901115995,37.980388036,426.922912598
128.901090295,37.979036502,413.265014648
128.901064596,37.977684967,389.155303955
128.901038899,37.976333432,370.561492920
128.901013204,37.974981897,356.143188477
128.900987510,37.973630361,342.188385010
128.900961819,37.972278825,330.614105225
128.900936128,37.970927289,316.004913330
128.900910440,37.969575752,301.505615234
128.900884753,37.968224215,287.890197754
128.900859068,37.966872677,277.840393066
128.900833385,37.965521140,267.472808838
128.900807704,37.964169602,258.349914551
128.900782024,37.962818063,250.333602905
128.900756346,37.961466525,241.126800537
128.900730670,37.960114986,231.574905396
128.900704995,37.958763446,221.387100220
128.900679322,37.957411907,202.160995483
128.900653651,37.956060367,174.138000488
128.900627981,37.954708826,153.111801147
128.900602314,37.953357286,145.120697021
128.900576648,37.952005745,141.361297607
128.900550983,37.950654203,137.999603271
128.900525321,37.949302662,137.039596558
128.900499660,37.947951120,136.511795044
128.900474001,37.946599578,135.422805786
128.900448343,37.945248035,134.060699463
128.900422687,37.943896492,133.697097778
128.900397033,37.942544949,133.290603638
128.900371381,37.941193405,132.909805298
128.900345730,37.939841861,132.061294556
128.900320081,37.938490317,131.754302979
128.900294434,37.937138773,131.487503052
128.900268789,37.935787228,131.702896118
128.900243145,37.934435683,131.012893677
128.900217503,37.933084137,130.542495728
128.900191863,37.931732591,129.971694946
128.900166224,37.930381045,129.223907471
128.900140587,37.929029498,128.841903687
128.900114952,37.927677952,128.245101929
128.900089319,37.926326404,127.679496765
128.900063687,37.924974857,126.699203491
128.900038057,37.923623309,125.594596863
128.900012429,37.922271761,124.846099854
128.899986802,37.920920213,124.181800842
128.899961177,37.919568664,123.078903198
128.899935554,37.918217115,121.843399048
128.899909933,37.916865565,120.585098267
128.899884313,37.915514015,119.814002991
128.899858695,37.914162465,118.966400146
128.899833078,37.912810915,117.672599792
128.899807464,37.911459364,116.538803101
128.899781851,37.910107813,114.996002197
128.899756240,37.908756262,112.975997925
128.899730630,37.907404710,111.733100891
128.899705023,37.906053158,110.564903259
128.899679417,37.904701606,107.509399414
128.899653812,37.903350053,104.199501038
128.899628210,37.901998500,101.777702332
128.899602609,37.900646947,99.959800720
128.899577010,37.899295393,96.781600952
128.899551412,37.897943839,92.867103577
128.899525816,37.896592285,88.439796448
128.899500222,37.895240730,83.228103638
128.899474630,37.893889175,79.051498413
128.899449039,37.892537620,76.063499451
128.899423450,37.891186064,73.101303101
128.899397863,37.889834508,69.256301880
128.899372278,37.888482952,66.390800476
128.899346694,37.887131395,63.806499481
128.899321112,37.885779838,61.099700928
128.899295531,37.884428281,59.300498962
128.899269953,37.883076723,56.703701019
128.899244376,37.881725165,55.547500610
128.899218801,37.880373607,53.607898712
128.899193227,37.879022049,50.723899841
128.899167655,37.877670490,48.189601898
128.899142085,37.876318931,45.872001648
128.899116517,37.874967371,44.255901337
128.899090950,37.873615811,44.758201599
128.899065385,37.872264251,43.807701111
128.899039822,37.870912690,44.721801758
128.899014260,37.869561130,43.671699524
128.898988700,37.868209568,39.708099365
128.898963142,37.866858007,38.851898193
128.898937586,37.865506445,38.160800934
128.898912031,37.864154883,33.865798950
128.898886478,37.862803320,31.303300858
128.898860927,37.861451758,27.444900513
128.898835377,37.860100195,29.526100159
128.898809829,37.858748631,30.116399765
128.898784283,37.857397067,30.294000626
128.898758739,37.856045503,32.152301788
128.898733196,37.854693939,31.107599258
128.898707655,37.853342374,26.027500153
128.898682116,37.851990809,27.234399796
128.898656578,37.850639244,23.979799271
128.898631042,37.849287678,23.520900726
128.898605508,37.847936112,26.578199387
128.898579975,37.846584545,27.369600296
128.898554444,37.845232979,26.577600479
128.898528915,37.843881412,25.626199722
128.898503388,37.842529844,24.594299316
128.898477862,37.841178277,23.257699966
128.898452338,37.839826709,23.060499191
128.898426816,37.838475140,22.511400223
128.898401295,37.837123572,22.639200211
128.898375777,37.835772003,22.253000259
128.898350259,37.834420433,21.246000290
128.898324744,37.833068864,20.449800491
128.898299230,37.831717294,19.509199142
128.898273718,37.830365723,16.580799103
128.898248208,37.829014153,17.050399780
128.898222699,37.827662582,17.688100815
128.898197192,37.826311011,17.223100662
128.898171687,37.824959439,16.799200058
128.898146184,37.823607867,15.762599945
128.898120682,37.822256295,12.584799767
128.898095182,37.820904722,11.200599670
128.898069683,37.819553149,9.938799858
128.898044187,37.818201576,8.587499619
128.898018692,37.816850003,6.943200111
128.897993198,37.815498429,3.812700033
128.903183932,37.999289115,611.691711426
128.903158177,37.997937586,606.874511719
128.903132422,37.996586057,600.507202148
128.903106670,37.995234527,598.449707031
128.903080919,37.993882998,592.960205078
128.903055171,37.992531467,581.410095215
128.903029423,37.991179937,568.105529785
128.903003678,37.989828406,557.198120117
128.902977934,37.988476875,542.784484863
128.902952192,37.987125343,526.412475586
128.902926452,37.985773812,515.466369629
128.902900713,37.984422279,486.886108398
128.902874976,37.983070747,466.490295410
128.902849241,37.981719214,460.272888184
128.902823508,37.980367681,449.279602051
128.902797776,37.979016148,421.283386230
128.902772046,37.977664614,399.842102051
128.902746318,37.976313080,380.566009521
128.902720591,37.974961545,362.744903564
128.902694866,37.973610010,348.234710693
128.902669143,37.972258475,334.920501709
128.902643422,37.970906940,321.695312500
128.902617702,37.969555404,308.739501953
128.902591984,37.968203868,297.238586426
128.902566268,37.966852332,287.566406250
128.902540554,37.965500795,277.510009766
128.902514841,37.964149258,268.894592285
128.902489130,37.962797721,260.851593018
128.902463421,37.961446183,253.038101196
128.902437713,37.960094645,243.873794556
128.902412007,37.958743107,234.878204346
128.902386303,37.957391568,225.216201782
128.902360600,37.956040029,209.637405396
128.902334900,37.954688490,185.535995483
128.902309201,37.953336950,158.573394775
128.902283503,37.951985410,145.922302246
128.902257808,37.950633870,141.070098877
128.902232114,37.949282329,139.546600342
128.902206422,37.947930788,138.517898560
128.902180731,37.946579247,137.271392822
128.902155043,37.945227705,136.066802979
128.902129356,37.943876163,135.544906616
128.902103670,37.942524621,135.010101318
128.902077987,37.941173078,134.526901245
128.902052305,37.939821535,133.928894043
128.902026625,37.938469992,133.163497925
128.902000946,37.937118449,132.695007324
128.901975270,37.935766905,132.676300049
128.901949595,37.934415360,132.328704834
128.901923922,37.933063816,131.911193848
128.901898250,37.931712271,131.249206543
128.901872580,37.930360726,130.696502686
128.901846912,37.929009180,130.513504028
128.901821246,37.927657634,130.137405396
128.901795581,37.926306088,129.315399170
128.901769918,37.924954542,128.567993164
128.901744257,37.923602995,127.513999939
128.901718597,37.922251448,126.940597534
128.901692940,37.920899900,126.542701721
128.901667284,37.919548353,125.402397156
128.901641629,37.918196804,123.909797668
128.901615976,37.916845256,122.915603638
128.901590326,37.915493707,122.086997986
128.901564676,37.914142158,121.404197693
128.901539029,37.912790609,120.486801147
128.901513383,37.911439059,119.374702454
128.901487739,37.910087509,117.715599060
128.901462097,37.908735958,116.314201355
128.901436456,37.907384408,115.060302734
128.901410817,37.906032857,113.855003357
128.901385180,37.904681305,111.269996643
128.901359544,37.903329753,108.202102661
128.901333911,37.901978201,106.086799622
128.901308278,37.900626649,104.419197083
128.901282648,37.899275096,101.853302002
128.901257019,37.897923543,98.458702087
128.901231392,37.896571990,93.670600891
128.901205767,37.895220436,88.609397888
128.901180144,37.893868882,84.403297424
128.901154522,37.892517328,80.744499207
128.901128902,37.891165773,76.975097656
128.901103284,37.889814218,72.750900269
128.901077667,37.888462663,69.706901550
128.901052052,37.887111107,66.705497742
128.901026439,37.885759551,63.728099823
128.901000827,37.884407995,61.846099854
128.900975217,37.883056439,58.282901764
128.900949609,37.881704882,56.940799713
128.900924003,37.880353324,55.399898529
128.900898398,37.879001767,53.064701080
128.900872795,37.877650209,48.373500824
128.900847194,37.876298651,46.983501434
128.900821595,37.874947092,48.093299866
128.900795997,37.873595533,47.959300995
128.900770401,37.872243974,46.359001160
128.900744806,37.870892414,47.319698334
128.900719214,37.869540855,45.627601624
128.900693623,37.868189294,42.776100159
128.900668033,37.866837734,41.875499725
128.900642446,37.865486173,40.609500885
128.900616860,37.864134612,38.855201721
128.900591276,37.862783050,33.731399536
128.900565693,37.861431489,28.333200455
128.900540113,37.860079926,31.077899933
128.900514534,37.858728364,34.328098297
128.900488956,37.857376801,34.273700714
128.900463381,37.856025238,33.504901886
128.900437807,37.854673675,29.658199310
128.900412235,37.853322111,27.547300339
128.900386664,37.851970547,26.436100006
128.900361096,37.850618982,25.965999603
128.900335529,37.849267418,28.828100204
128.900309963,37.847915852,29.376100540
128.900284400,37.846564287,28.150999069
128.900258838,37.845212721,22.760799408
128.900233278,37.843861155,24.968500137
128.900207719,37.842509589,25.481599808
128.900182162,37.841158022,24.258100510
128.900156607,37.839806455,23.623100281
128.900131054,37.838454888,23.072299957
128.900105502,37.837103320,20.780199051
128.900079952,37.835751752,22.402399063
128.900054404,37.834400184,22.140800476
128.900028858,37.833048615,20.902399063
128.900003313,37.831697046,19.935600281
128.899977770,37.830345477,15.016400337
128.899952228,37.828993907,12.519399643
128.899926689,37.827642337,14.982600212
128.899901151,37.826290767,13.712200165
128.899875614,37.824939196,16.490999222
128.899850080,37.823587625,16.570299149
128.899824547,37.822236054,15.270400047
128.899799016,37.820884483,13.746999741
128.899773486,37.819532911,11.337499619
128.899747959,37.818181338,9.915599823
128.899722433,37.816829766,8.611599922
128.899696908,37.815478193,7.208099842
128.899671386,37.814126620,4.267799854
128.904891882,37.999268721,620.253417969
128.904866094,37.997917193,615.146972656
128.904840309,37.996565665,609.603820801
128.904814525,37.995214136,604.220825195
128.904788743,37.993862607,597.866394043
128.904762963,37.992511078,587.971130371
128.904737185,37.991159549,578.521789551
128.904711408,37.989808019,567.955383301
128.904685633,37.988456489,555.302124023
128.904659859,37.987104958,539.321716309
128.904634088,37.985753427,529.576721191
128.904608318,37.984401896,504.887603760
128.904582550,37.983050365,492.068603516
128.904556783,37.981698833,478.660308838
128.904531019,37.980347301,454.323089600
128.904505256,37.978995768,427.026489258
128.904479494,37.977644235,405.208099365
128.904453735,37.976292702,385.331390381
128.904427977,37.974941169,367.827789307
128.904402221,37.973589635,352.431610107
128.904376467,37.972238101,339.580291748
128.904350714,37.970886567,327.407592773
128.904324963,37.969535032,315.833312988
128.904299214,37.968183497,304.892486572
128.904273466,37.966831961,293.607604980
128.904247720,37.965480426,285.390289307
128.904221976,37.964128889,278.192413330
128.904196234,37.962777353,270.492004395
128.904170493,37.961425816,262.882690430
128.904144755,37.960074279,256.258300781
128.904119017,37.958722742,249.216796875
128.904093282,37.957371204,239.153900146
128.904067548,37.956019666,230.625000000
128.904041816,37.954668128,219.944000244
128.904016086,37.953316589,196.971694946
128.903990357,37.951965050,168.326507568
128.903964631,37.950613511,149.718795776
128.903938906,37.949261971,143.804794312
128.903913182,37.947910431,141.461196899
128.903887460,37.946558891,139.566101074
128.903861741,37.945207350,137.965499878
128.903836022,37.943855809,137.341506958
128.903810306,37.942504268,136.702499390
128.903784591,37.941152727,136.065200806
128.903758878,37.939801185,135.290695190
128.903733167,37.938449642,134.376403809
128.903707457,37.937098100,133.879196167
128.903681749,37.935746557,133.788604736
128.903656043,37.934395014,133.549896240
128.903630338,37.933043470,133.152206421
128.903604636,37.931691926,132.350494385
128.903578935,37.930340382,131.987197876
128.903553235,37.928988837,131.869094849
128.903527538,37.927637293,131.718093872
128.903501842,37.926285747,131.380798340
128.903476148,37.924934202,130.661300659
128.903450455,37.923582656,129.477905273
128.903424764,37.922231110,128.856201172
128.903399075,37.920879563,128.634704590
128.903373388,37.919528017,127.630897522
128.903347703,37.918176469,126.194297791
128.903322019,37.916824922,125.199203491
128.903296337,37.915473374,124.236602783
128.903270656,37.914121826,123.663200378
128.903244977,37.912770278,122.979499817
128.903219301,37.911418729,121.953201294
128.903193625,37.910067180,120.610099792
128.903167952,37.908715630,119.217399597
128.903142280,37.907364080,118.002601624
128.903116610,37.906012530,117.031600952
128.903090941,37.904660980,114.509201050
128.903065275,37.903309429,111.822196960
128.903039610,37.901957878,109.733299255
128.903013946,37.900606327,107.718498230
128.902988285,37.899254775,105.943298340
128.902962625,37.897903223,103.504096985
128.902936967,37.896551671,99.870002747
128.902911311,37.895200118,94.615600586
128.902885656,37.893848565,90.030998230
128.902860003,37.892497012,86.072998047
128.902834352,37.891145458,81.749000549
128.902808702,37.889793904,78.000999451
128.902783054,37.888442350,74.295799255
128.902757408,37.887090795,70.177200317
128.902731764,37.885739240,66.844100952
128.902706121,37.884387685,64.366897583
128.902680480,37.883036129,61.470798492
128.902654841,37.881684573,60.996398926
128.902629204,37.880333017,58.694400787
128.902603568,37.878981460,55.732299805
128.902577934,37.877629903,50.544799805
128.902552301,37.876278346,50.636100769
128.902526671,37.874926789,52.216701508
128.902501042,37.873575231,51.321701050
128.902475414,37.872223672,50.455398560
128.902449789,37.870872114,48.594100952
128.902424165,37.869520555,46.738998413
128.902398543,37.868168996,46.220199585
128.902372923,37.866817436,44.178199768
128.902347304,37.865465876,41.790199280
128.902321687,37.864114316,40.179599762
128.902296072,37.862762756,36.972301483
128.902270458,37.861411195,34.679199219
128.902244846,37.860059634,36.271301270
128.902219236,37.858708072,34.391899109
128.902193628,37.857356510,32.259700775
128.902168021,37.856004948,31.198099136
128.902142416,37.854653386,30.189300537
128.902116813,37.853301823,31.006000519
128.902091212,37.851950260,30.558900833
128.902065612,37.850598696,24.954799652
128.902040014,37.849247133,28.787000656
128.902014417,37.847895569,29.589300156
128.901988822,37.846544004,28.536500931
128.901963230,37.845192439,27.685499191
128.901937638,37.843840874,26.965000153
128.901912049,37.842489309,26.114099503
128.901886461,37.841137743,25.314699173
128.901860875,37.839786177,24.638299942
128.901835290,37.838434611,24.439899445
128.901809708,37.837083044,24.224399567
128.901784127,37.835731477,23.456199646
128.901758547,37.834379910,21.736299515
128.901732970,37.833028342,21.094499588
128.901707394,37.831676774,20.275400162
128.901681820,37.830325206,15.007900238
128.901656247,37.828973637,17.285600662
128.901630676,37.827622068,17.553899765
128.901605107,37.826270499,12.724300385
128.901579540,37.824918929,16.179000854
128.901553974,37.823567359,16.322099686
128.901528410,37.822215789,15.575200081
128.901502848,37.820864218,14.633799553
128.901477288,37.819512647,12.645400047
128.901451729,37.818161076,11.062100410
128.901426172,37.816809505,9.774999619
128.901400617,37.815457933,8.508099556
128.901375063,37.814106360,7.180799961
128.901349511,37.812754788,3.404299974
128.901323961,37.811403215,1.847599983
128.906599829,37.999248302,636.992309570
128.906574011,37.997896775,629.398071289
128.906548194,37.996545248,622.052185059
128.906522379,37.995193720,615.403320313
128.906496566,37.993842193,606.191284180
128.906470754,37.992490664,593.474792480
128.906444944,37.991139136,583.375427246
128.906419136,37.989787607,573.874328613
128.906393330,37.988436078,562.210388184
128.906367525,37.987084548,547.979370117
128.906341722,37.985733018,546.560302734
128.906315921,37.984381488,548.732727051
128.906290122,37.983029958,527.157714844
128.906264324,37.981678427,491.841888428
128.906238528,37.980326896,459.998413086
128.906212734,37.978975364,434.617401123
128.906186941,37.977623832,412.348388672
128.906161150,37.976272300,387.835388184
128.906135361,37.974920768,368.514312744
128.906109574,37.973569235,354.311614990
128.906083788,37.972217702,343.990203857
128.906058004,37.970866168,333.981414795
128.906032222,37.969514635,321.859191895
128.906006441,37.968163101,309.163787842
128.905980663,37.966811566,300.884613037
128.905954885,37.965460031,294.008514404
128.905929110,37.964108496,287.141998291
128.905903337,37.962756961,280.082092285
128.905877565,37.961405425,274.129089355
128.905851795,37.960053889,266.404785156
128.905826026,37.958702353,259.458709717
128.905800259,37.957350816,250.409301758
128.905774494,37.955999279,242.070800781
128.905748731,37.954647742,234.967605591
128.905722970,37.953296204,225.906906128
128.905697210,37.951944666,209.056594849
128.905671452,37.950593128,179.131698608
128.905645695,37.949241589,158.723495483
128.905619941,37.947890050,147.647506714
128.905594188,37.946538511,143.150299072
128.905568437,37.945186971,140.965896606
128.905542687,37.943835431,139.859405518
128.905516939,37.942483891,138.714096069
128.905491193,37.941132350,137.751205444
128.905465449,37.939780809,136.980392456
128.905439707,37.938429268,135.858993530
128.905413966,37.937077726,135.064697266
128.905388227,37.935726184,134.901504517
128.905362489,37.934374642,134.694000244
128.905336753,37.933023100,134.337707520
128.905311019,37.931671557,133.648300171
128.905285287,37.930320013,133.141906738
128.905259557,37.928968470,133.022094727
128.905233828,37.927616926,132.924392700
128.905208101,37.926265382,132.705993652
128.905182375,37.924913837,132.057495117
128.905156652,37.923562292,131.158294678
128.905130930,37.922210747,130.694702148
128.905105210,37.920859202,130.335998535
128.905079491,37.919507656,129.314804077
128.905053774,37.918156110,128.155899048
128.905028059,37.916804563,127.157798767
128.905002346,37.915453016,126.583198547
128.904976634,37.914101469,125.917701721
128.904950924,37.912749922,125.092697144
128.904925216,37.911398374,124.445800781
128.904899510,37.910046826,123.004302979
128.904873805,37.908695277,121.705001831
128.904848102,37.907343729,120.782203674
128.904822401,37.905992179,119.873001099
128.904796701,37.904640630,117.632499695
128.904771003,37.903289080,115.058799744
128.904745307,37.901937530,113.279098511
128.904719613,37.900585980,111.531402588
128.904693920,37.899234429,109.602203369
128.904668229,37.897882878,107.459899902
128.904642540,37.896531327,104.280197144
128.904616852,37.895179775,99.888198853
128.904591166,37.893828223,96.288597107
128.904565482,37.892476671,91.858100891
128.904539800,37.891125118,87.301002502
128.904514119,37.889773565,83.384002686
128.904488440,37.888422012,79.468902588
128.904462763,37.887070458,75.284599304
128.904437087,37.885718904,71.615898132
128.904411414,37.884367350,68.039703369
128.904385742,37.883015795,65.022399902
128.904360071,37.881664240,63.760898590
128.904334403,37.880312685,61.773601532
128.904308736,37.878961129,58.364498138
128.904283070,37.877609573,56.880401611
128.904257407,37.876258017,57.310199738
128.904231745,37.874906460,56.662899017
128.904206085,37.873554903,54.273200989
128.904180427,37.872203346,50.398700714
128.904154770,37.870851789,46.876998901
128.904129115,37.869500231,45.618499756
128.904103462,37.868148672,46.895698547
128.904077810,37.866797114,45.671699524
128.904052161,37.865445555,43.667999268
128.904026512,37.864093996,41.347400665
128.904000866,37.862742436,39.225498199
128.903975221,37.861390876,39.268199921
128.903949579,37.860039316,38.266998291
128.903923937,37.858687756,34.120601654
128.903898298,37.857336195,33.522998810
128.903872660,37.855984634,30.790100098
128.903847024,37.854633072,29.992500305
128.903821390,37.853281510,29.303600311
128.903795757,37.851929948,27.194200516
128.903770126,37.850578386,31.250999451
128.903744497,37.849226823,31.325700760
128.903718869,37.847875260,30.333900452
128.903693244,37.846523697,28.710899353
128.903667619,37.845172133,27.306499481
128.903641997,37.843820569,26.961900711
128.903616376,37.842469004,26.357099533
128.903590758,37.841117440,24.532400131
128.903565140,37.839765874,23.825000763
128.903539525,37.838414309,24.338399887
128.903513911,37.837062743,24.420700073
128.903488299,37.835711177,23.464399338
128.903462689,37.834359611,21.807300568
128.903437080,37.833008044,20.238700867
128.903411473,37.831656477,19.836900711
128.903385868,37.830304910,19.710800171
128.903360264,37.828953342,18.434499741
128.903334662,37.827601774,19.122499466
128.903309062,37.826250206,19.091899872
128.903283464,37.824898637,19.000400543
128.903257867,37.823547068,18.140499115
128.903232272,37.822195499,17.055099487
128.903206679,37.820843929,15.622699738
128.903181087,37.819492359,13.689299583
128.903155498,37.818140789,12.170999527
128.903129909,37.816789219,10.774800301
128.903104323,37.815437648,9.569700241
128.903078738,37.814086076,8.527299881
128.903053155,37.812734505,7.439099789
128.903027574,37.811382933,4.175099850
128.903001995,37.810031361,1.831400037
128.908307775,37.999227859,644.166870117
128.908281925,37.997876333,635.111816406
128.908256077,37.996524806,628.277282715
128.908230231,37.995173280,622.920288086
128.908204386,37.993821753,611.136108398
128.908178543,37.992470226,600.328674316
128.908152702,37.991118698,592.385070801
128.908126863,37.989767170,584.401428223
128.908101025,37.988415642,572.219970703
128.908075189,37.987064113,577.688476563
128.908049355,37.985712585,600.332275391
128.908023522,37.984361055,595.543518066
128.907997692,37.983009526,543.773071289
128.907971863,37.981657996,493.252899170
128.907946035,37.980306466,459.306488037
128.907920210,37.978954935,433.101898193
128.907894386,37.977603404,405.020385742
128.907868564,37.976251873,386.272308350
128.907842743,37.974900342,372.457885742
128.907816925,37.973548810,361.140411377
128.907791108,37.972197278,350.597412109
128.907765292,37.970845745,338.340301514
128.907739479,37.969494213,325.672485352
128.907713667,37.968142680,317.369506836
128.907687857,37.966791146,310.769805908
128.907662049,37.965439612,303.380310059
128.907636242,37.964088078,296.537109375
128.907610437,37.962736544,290.357910156
128.907584634,37.961385009,283.148498535
128.907558833,37.960033474,275.668212891
128.907533033,37.958681939,268.074188232
128.907507235,37.957330403,259.229187012
128.907481439,37.955978867,251.486999512
128.907455644,37.954627331,245.558807373
128.907429852,37.953275794,238.450393677
128.907404061,37.951924257,230.556503296
128.907378271,37.950572719,221.220901489
128.907352484,37.949221182,202.835906982
128.907326698,37.947869644,175.262100220
128.907300914,37.946518105,153.477096558
128.907275131,37.945166567,145.023803711
128.907249350,37.943815028,142.729202271
128.907223571,37.942463488,141.267501831
128.907197794,37.941111949,140.086303711
128.907172019,37.939760409,138.845993042
128.907146245,37.938408869,137.451202393
128.907120473,37.937057328,136.564804077
128.907094702,37.935705787,136.524002075
128.907068934,37.934354246,135.951599121
128.907043167,37.933002704,135.285202026
128.907017402,37.931651162,134.722793579
128.906991638,37.930299620,134.141693115
128.906965876,37.928948077,133.946594238
128.906940116,37.927596535,133.918395996
128.906914358,37.926244991,133.871505737
128.906888601,37.924893448,133.532699585
128.906862847,37.923541904,132.568298340
128.906837093,37.922190360,132.112899780
128.906811342,37.920838815,132.041305542
128.906785592,37.919487270,131.236099243
128.906759844,37.918135725,130.076507568
128.906734098,37.916784180,129.051101685
128.906708354,37.915432634,128.332000732
128.906682611,37.914081088,127.905799866
128.906656870,37.912729541,127.338203430
128.906631130,37.911377994,126.338203430
128.906605393,37.910026447,124.984001160
128.906579657,37.908674900,124.010803223
128.906553923,37.907323352,123.086402893
128.906528190,37.905971804,122.372901917
128.906502459,37.904620255,120.201599121
128.906476730,37.903268707,117.947898865
128.906451003,37.901917158,116.456901550
128.906425277,37.900565608,114.785003662
128.906399553,37.899214058,113.167297363
128.906373831,37.897862508,111.099899292
128.906348111,37.896510958,108.105598450
128.906322392,37.895159407,104.182296753
128.906296675,37.893807856,100.913902283
128.906270960,37.892456305,97.442703247
128.906245246,37.891104753,93.407798767
128.906219535,37.889753201,89.004203796
128.906193824,37.888401649,84.665199280
128.906168116,37.887050096,80.632301331
128.906142409,37.885698543,76.262001038
128.906116704,37.884346990,72.488700867
128.906091001,37.882995436,69.570198059
128.906065300,37.881643882,67.721801758
128.906039600,37.880292328,65.120201111
128.906013902,37.878940773,64.065803528
128.905988205,37.877589218,62.116798401
128.905962511,37.876237663,59.350200653
128.905936818,37.874886107,58.189498901
128.905911127,37.873534551,56.454898834
128.905885437,37.872182995,51.117000580
128.905859749,37.870831439,47.946399689
128.905834063,37.869479882,46.447498322
128.905808379,37.868128324,47.075099945
128.905782696,37.866776767,46.691101074
128.905757015,37.865425209,45.037998199
128.905731336,37.864073651,42.660999298
128.905705659,37.862722092,42.212600708
128.905679983,37.861370533,41.297000885
128.905654309,37.860018974,41.060699463
128.905628637,37.858667415,39.443500519
128.905602966,37.857315855,36.914600372
128.905577297,37.855964295,33.726501465
128.905551630,37.854612734,31.600299835
128.905525964,37.853261173,30.550100327
128.905500301,37.851909612,32.959400177
128.905474639,37.850558051,32.985000610
128.905448978,37.849206489,32.216800690
128.905423320,37.847854927,29.705799103
128.905397663,37.846503364,29.158300400
128.905372008,37.845151801,27.957599640
128.905346354,37.843800238,27.161100388
128.905320703,37.842448675,26.700199127
128.905295053,37.841097111,25.688499451
128.905269404,37.839745547,23.707500458
128.905243758,37.838393983,24.041999817
128.905218113,37.837042418,24.967800140
128.905192470,37.835690853,23.858900070
128.905166828,37.834339288,22.994600296
128.905141188,37.832987722,20.589500427
128.905115550,37.831636156,20.576700211
128.905089914,37.830284589,20.387899399
128.905064280,37.828933023,16.245500565
128.905038647,37.827581456,17.155199051
128.905013015,37.826229888,18.900299072
128.904987386,37.824878321,20.052000046
128.904961758,37.823526753,18.893600464
128.904936132,37.822175184,17.736600876
128.904910508,37.820823616,16.494199753
128.904884885,37.819472047,15.454999924
128.904859265,37.818120477,13.601300240
128.904833645,37.816768908,12.193699837
128.904808028,37.815417338,10.824700356
128.904782412,37.814065768,9.348199844
128.904756798,37.812714197,8.213100433
128.904731186,37.811362626,6.589200020
128.904705575,37.810011055,3.387900114
128.904679966,37.808659483,1.845100045
128.910015719,37.999207390,650.902709961
128.909989838,37.997855865,644.139526367
128.909963958,37.996504340,634.753173828
128.909938081,37.995152814,624.896606445
128.909912205,37.993801288,617.180908203
128.909886331,37.992449762,608.415527344
128.909860458,37.991098236,602.883178711
128.909834588,37.989746709,598.043884277
128.909808719,37.988395181,594.313171387
128.909782851,37.987043654,590.667175293
128.909756986,37.985692126,588.612792969
128.909731122,37.984340598,569.305419922
128.909705260,37.982989069,526.611999512
128.909679400,37.981637540,485.510314941
128.909653541,37.980286011,452.885589600
128.909627684,37.978934482,425.468414307
128.909601829,37.977582952,404.571411133
128.909575976,37.976231422,389.407714844
128.909550124,37.974879891,378.316009521
128.909524274,37.973528360,366.685607910
128.909498426,37.972176829,353.894500732
128.909472579,37.970825298,342.756286621
128.909446734,37.969473766,333.425811768
128.909420891,37.968122234,327.030395508
128.909395050,37.966770701,319.314514160
128.909369210,37.965419169,313.020507813
128.909343373,37.964067636,305.468414307
128.909317536,37.962716102,298.012390137
128.909291702,37.961364568,290.947601318
128.909265869,37.960013034,284.313903809
128.909240038,37.958661500,274.669799805
128.909214209,37.957309965,265.947387695
128.909188382,37.955958430,260.086090088
128.909162556,37.954606895,254.856094360
128.909136732,37.953255359,248.326293945
128.909110909,37.951903823,241.499603271
128.909085089,37.950552287,234.671005249
128.909059270,37.949200750,227.102493286
128.909033453,37.947849213,213.531906128
128.909007638,37.946497676,191.086395264
128.908981824,37.945146138,169.035598755
128.908956012,37.943794600,152.325805664
128.908930202,37.942443062,145.649795532
128.908904393,37.941091523,142.927505493
128.908878586,37.939739984,141.252304077
128.908852781,37.938388445,139.715896606
128.908826978,37.937036905,138.344100952
128.908801176,37.935685365,138.011993408
128.908775377,37.934333825,137.426803589
128.908749578,37.932982284,136.604202271
128.908723782,37.931630743,135.610900879
128.908697987,37.930279202,135.336395264
128.908672194,37.928927660,135.003402710
128.908646403,37.927576118,134.832504272
128.908620614,37.926224576,135.135299683
128.908594826,37.924873034,134.473800659
128.908569040,37.923521491,133.588699341
128.908543255,37.922169948,133.330902100
128.908517473,37.920818404,133.420593262
128.908491692,37.919466860,132.845001221
128.908465913,37.918115316,131.619506836
128.908440135,37.916763771,130.858200073
128.908414359,37.915412227,130.261795044
128.908388585,37.914060681,129.824905396
128.908362813,37.912709136,129.047607422
128.908337043,37.911357590,128.332504272
128.908311274,37.910006044,126.946701050
128.908285507,37.908654498,126.132499695
128.908259741,37.907302951,125.397499084
128.908233978,37.905951404,124.715797424
128.908208216,37.904599856,122.706199646
128.908182455,37.903248308,120.558097839
128.908156697,37.901896760,119.271202087
128.908130940,37.900545212,117.858596802
128.908105185,37.899193663,116.327598572
128.908079432,37.897842114,114.245903015
128.908053680,37.896490565,111.354896545
128.908027930,37.895139015,107.803497314
128.908002182,37.893787465,105.219299316
128.907976436,37.892435914,102.383300781
128.907950691,37.891084364,98.888801575
128.907924948,37.889732813,94.818901062
128.907899207,37.888381261,90.542900085
128.907873467,37.887029710,86.188201904
128.907847729,37.885678158,82.049598694
128.907821993,37.884326605,78.340103149
128.907796259,37.882975053,74.970199585
128.907770526,37.881623500,72.041702271
128.907744795,37.880271946,69.147003174
128.907719066,37.878920393,66.155799866
128.907693339,37.877568839,64.043197632
128.907667613,37.876217284,62.196601868
128.907641889,37.874865730,60.964401245
128.907616166,37.873514175,58.512401581
128.907590446,37.872162619,55.196201324
128.907564727,37.870811064,52.928100586
128.907539010,37.869459508,51.440299988
128.907513294,37.868107952,50.534400940
128.907487580,37.866756395,48.170700073
128.907461868,37.865404838,46.110198975
128.907436158,37.864053281,45.219200134
128.907410450,37.862701723,45.239601135
128.907384743,37.861350166,43.233299255
128.907359037,37.859998607,43.581901550
128.907333334,37.858647049,42.405399323
128.907307632,37.857295490,40.115200043
128.907281932,37.855943931,37.030601501
128.907256234,37.854592371,33.479801178
128.907230538,37.853240811,35.164100647
128.907204843,37.851889251,35.083499908
128.907179150,37.850537691,32.806900024
128.907153458,37.849186130,31.396499634
128.907127768,37.847834569,29.549800873
128.907102080,37.846483007,29.120399475
128.907076394,37.845131446,27.761800766
128.907050710,37.843779883,25.805000305
128.907025027,37.842428321,25.251600266
128.906999346,37.841076758,26.730199814
128.906973666,37.839725195,26.737400055
128.906947989,37.838373632,25.838699341
128.906922313,37.837022068,24.421199799
128.906896639,37.835670504,23.627199173
128.906870966,37.834318939,23.632699966
128.906845295,37.832967375,17.288299561
128.906819626,37.831615810,20.479400635
128.906793959,37.830264244,18.042400360
128.906768293,37.828912679,17.387399673
128.906742629,37.827561113,20.504600525
128.906716967,37.826209546,21.450199127
128.906691306,37.824857980,21.073099136
128.906665648,37.823506413,20.022699356
128.906639991,37.822154845,18.972299576
128.906614335,37.820803278,17.721500397
128.906588682,37.819451710,16.703100204
128.906563030,37.818100141,15.110699654
128.906537379,37.816748573,13.541500092
128.906511731,37.815397004,12.140899658
128.906486084,37.814045434,10.729000092
128.906460439,37.812693865,9.264300346
128.906434796,37.811342295,8.110300064
128.906409154,37.809990725,5.900199890
128.906383514,37.808639154,3.666300058
128.906357876,37.807287583,2.023200035
128.911723661,37.999186897,659.329284668
128.911697749,37.997835373,653.591918945
128.911671838,37.996483849,641.501281738
128.911645929,37.995132324,633.928771973
128.911620022,37.993780799,625.886901855
128.911594116,37.992429274,621.912719727
128.911568213,37.991077748,619.611083984
128.911542311,37.989726222,614.269470215
128.911516410,37.988374696,600.305725098
128.911490512,37.987023170,588.032775879
128.911464615,37.985671643,572.118286133
128.911438720,37.984320115,542.406616211
128.911412826,37.982968588,508.860809326
128.911386935,37.981617060,478.895202637
128.911361045,37.980265532,450.698791504
128.911335157,37.978914003,426.598999023
128.911309270,37.977562474,410.177795410
128.911283386,37.976210945,396.181304932
128.911257503,37.974859416,383.281890869
128.911231621,37.973507886,372.029296875
128.911205742,37.972156356,360.201293945
128.911179864,37.970804825,349.712493896
128.911153988,37.969453294,344.377288818
128.911128114,37.968101763,337.249511719
128.911102241,37.966750232,329.506286621
128.911076370,37.965398700,321.302490234
128.911050501,37.964047168,313.812500000
128.911024634,37.962695636,306.425598145
128.910998768,37.961344103,299.423095703
128.910972904,37.959992570,291.805999756
128.910947042,37.958641036,281.213989258
128.910921181,37.957289503,273.287994385
128.910895323,37.955937968,268.743286133
128.910869466,37.954586434,263.286590576
128.910843610,37.953234899,256.770690918
128.910817757,37.951883364,250.721405029
128.910791905,37.950531829,245.130798340
128.910766055,37.949180293,239.768707275
128.910740206,37.947828757,232.734497070
128.910714360,37.946477221,223.503494263
128.910688515,37.945125684,208.904296875
128.910662672,37.943774147,189.867904663
128.910636830,37.942422610,165.405303955
128.910610990,37.941071072,151.001098633
128.910585152,37.939719534,145.534606934
128.910559316,37.938367996,142.747604370
128.910533482,37.937016457,141.022094727
128.910507649,37.935664918,140.283599854
128.910481818,37.934313379,139.139205933
128.910455988,37.932961839,138.243606567
128.910430161,37.931610299,137.066497803
128.910404335,37.930258759,136.242996216
128.910378511,37.928907219,136.109802246
128.910352688,37.927555678,135.797302246
128.910326867,37.926204136,135.655105591
128.910301048,37.924852595,135.044097900
128.910275231,37.923501053,134.464492798
128.910249416,37.922149511,134.444305420
128.910223602,37.920797968,134.683700562
128.910197790,37.919446425,133.955001831
128.910171979,37.918094882,133.046203613
128.910146171,37.916743339,132.284393311
128.910120364,37.915391795,131.951904297
128.910094558,37.914040251,131.515701294
128.910068755,37.912688706,130.794097900
128.910042953,37.911337161,130.175201416
128.910017153,37.909985616,129.017807007
128.909991355,37.908634071,127.916496277
128.909965558,37.907282525,127.318603516
128.909939764,37.905930979,126.686302185
128.909913970,37.904579432,124.737998962
128.909888179,37.903227885,122.890502930
128.909862389,37.901876338,121.494400024
128.909836601,37.900524791,120.781700134
128.909810815,37.899173243,119.337196350
128.909785031,37.897821695,117.300498962
128.909759248,37.896470146,114.549102783
128.909733467,37.895118598,111.531600952
128.909707688,37.893767049,108.790702820
128.909681910,37.892415499,106.336799622
128.909656134,37.891063950,103.504699707
128.909630360,37.889712399,100.143302917
128.909604587,37.888360849,96.481399536
128.909578817,37.887009298,92.470199585
128.909553048,37.885657747,88.321502686
128.909527281,37.884306196,84.025100708
128.909501515,37.882954644,80.121902466
128.909475751,37.881603092,76.989303589
128.909449989,37.880251540,73.564697266
128.909424229,37.878899987,70.515296936
128.909398470,37.877548434,68.002700806
128.909372713,37.876196881,65.461997986
128.909346958,37.874845327,63.353401184
128.909321204,37.873493773,60.817501068
128.909295453,37.872142219,57.242198944
128.909269703,37.870790665,56.072898865
128.909243954,37.869439110,54.129398346
128.909218208,37.868087554,51.952800751
128.909192463,37.866735999,49.062900543
128.909166720,37.865384443,46.832099915
128.909140978,37.864032887,46.183200836
128.909115239,37.862681330,46.152301788
128.909089501,37.861329773,45.976200104
128.909063764,37.859978216,44.609298706
128.909038030,37.858626658,43.350498199
128.909012297,37.857275100,41.963001251
128.908986566,37.855923542,39.623901367
128.908960837,37.854571984,37.144699097
128.908935109,37.853220425,36.373500824
128.908909383,37.851868866,34.504901886
128.908883659,37.850517306,32.058998108
128.908857936,37.849165746,30.369699478
128.908832215,37.847814186,28.776399612
128.908806496,37.846462626,28.706699371
128.908780779,37.845111065,26.944700241
128.908755063,37.843759504,28.152399063
128.908729350,37.842407942,27.248699188
128.908703637,37.841056381,26.746799469
128.908677927,37.839704818,27.261899948
128.908652218,37.838353256,26.076799393
128.908626511,37.837001693,25.379299164
128.908600806,37.835650130,24.336599350
128.908575102,37.834298567,24.538000107
128.908549400,37.832947003,20.299200058
128.908523700,37.831595439,21.720399857
128.908498002,37.830243875,21.156499863
128.908472305,37.828892310,15.662599564
128.908446610,37.827540745,18.976999283
128.908420917,37.826189179,21.875699997
128.908395225,37.824837614,21.539199829
128.908369535,37.823486048,20.516099930
128.908343847,37.822134481,19.642200470
128.908318161,37.820782915,18.778999329
128.908292476,37.819431348,17.020000458
128.908266793,37.818079780,16.420999527
128.908241112,37.816728213,15.377900124
128.908215432,37.815376645,13.675499916
128.908189755,37.814025076,12.284999847
128.908164078,37.812673508,11.068499565
128.908138404,37.811321939,9.925000191
128.908112731,37.809970370,8.801400185
128.908087060,37.808618800,5.997300148
128.908061391,37.807267230,2.507200003
128.913431602,37.999166379,664.549682617
128.913405658,37.997814856,662.583129883
128.913379716,37.996463333,654.045776367
128.913353776,37.995111809,645.050598145
128.913327837,37.993760285,640.953613281
128.913301900,37.992408761,635.294311523
128.913275965,37.991057236,631.038513184
128.913250032,37.989705711,617.442993164
128.913224100,37.988354186,599.684387207
128.913198171,37.987002660,582.807373047
128.913172242,37.985651134,557.916381836
128.913146316,37.984299608,531.152587891
128.913120391,37.982948082,502.861907959
128.913094468,37.981596555,479.073303223
128.913068547,37.980245028,453.749603271
128.913042628,37.978893500,431.411407471
128.913016710,37.977541972,414.063598633
128.912990794,37.976190444,401.021606445
128.912964880,37.974838916,388.768005371
128.912938967,37.973487387,376.669891357
128.912913056,37.972135858,367.630187988
128.912887147,37.970784328,360.056793213
128.912861240,37.969432798,352.402404785
128.912835334,37.968081268,344.631591797
128.912809430,37.966729738,336.683685303
128.912783528,37.965378207,328.838806152
128.912757628,37.964026676,321.998901367
128.912731729,37.962675144,314.471008301
128.912705832,37.961323612,307.082489014
128.912679937,37.959972080,296.596893311
128.912654044,37.958620548,287.733306885
128.912628152,37.957269015,276.108703613
128.912602262,37.955917482,274.615997314
128.912576374,37.954565949,271.189605713
128.912550487,37.953214415,265.434509277
128.912524602,37.951862881,259.084106445
128.912498719,37.950511347,253.503005981
128.912472838,37.949159812,248.171401978
128.912446958,37.947808277,244.296005249
128.912421080,37.946456741,238.554702759
128.912395204,37.945105206,230.572402954
128.912369330,37.943753670,222.335403442
128.912343457,37.942402133,206.614807129
128.912317586,37.941050597,183.354995728
128.912291717,37.939699060,159.891204834
128.912265849,37.938347522,148.536102295
128.912239983,37.936995985,144.610794067
128.912214119,37.935644447,142.984405518
128.912188257,37.934292908,141.464797974
128.912162396,37.932941370,139.950805664
128.912136538,37.931589831,138.658004761
128.912110680,37.930238292,137.622802734
128.912084825,37.928886752,137.276199341
128.912058971,37.927535212,136.925399780
128.912033119,37.926183672,136.588500977
128.912007269,37.924832131,135.994995117
128.911981421,37.923480590,135.382202148
128.911955574,37.922129049,135.405593872
128.911929729,37.920777508,135.652694702
128.911903886,37.919425966,135.220397949
128.911878044,37.918074423,134.264999390
128.911852204,37.916722881,133.598693848
128.911826366,37.915371338,133.294799805
128.911800530,37.914019795,132.784606934
128.911774695,37.912668251,132.332702637
128.911748862,37.911316707,131.788497925
128.911723031,37.909965163,130.699401855
128.911697201,37.908613619,129.822494507
128.911671374,37.907262074,129.212600708
128.911645548,37.905910529,128.603302002
128.911619723,37.904558983,126.521598816
128.911593901,37.903207438,124.666297913
128.911568080,37.901855891,123.536796570
128.911542261,37.900504345,122.755996704
128.911516443,37.899152798,121.747299194
128.911490628,37.897801251,119.989898682
128.911464814,37.896449704,117.590599060
128.911439002,37.895098156,115.373596191
128.911413191,37.893746608,112.669998169
128.911387382,37.892395059,110.050300598
128.911361575,37.891043511,107.555198669
128.911335770,37.889691962,104.831802368
128.911309966,37.888340412,101.750900269
128.911284165,37.886988863,98.265800476
128.911258364,37.885637312,94.386703491
128.911232566,37.884285762,90.285697937
128.911206769,37.882934211,86.168701172
128.911180974,37.881582660,82.339302063
128.911155181,37.880231109,78.123596191
128.911129390,37.878879557,74.267700195
128.911103600,37.877528005,71.265197754
128.911077812,37.876176453,68.667396545
128.911052025,37.874824900,66.217903137
128.911026241,37.873473347,62.484500885
128.911000458,37.872121794,59.456100464
128.910974677,37.870770241,58.027599335
128.910948897,37.869418687,55.442699432
128.910923120,37.868067132,53.505500793
128.910897344,37.866715578,50.801799774
128.910871569,37.865364023,48.994998932
128.910845797,37.864012467,47.572498322
128.910820026,37.862660912,46.967800140
128.910794257,37.861309356,46.187198639
128.910768490,37.859957800,44.809501648
128.910742724,37.858606243,43.395999908
128.910716960,37.857254686,42.384498596
128.910691198,37.855903129,39.912300110
128.910665437,37.854551572,38.354198456
128.910639679,37.853200014,35.026100159
128.910613922,37.851848456,34.355998993
128.910588166,37.850496897,33.055198669
128.910562413,37.849145338,31.092199326
128.910536661,37.847793779,30.595100403
128.910510911,37.846442219,29.854499817
128.910485162,37.845090660,29.462400436
128.910459415,37.843739100,28.897199631
128.910433670,37.842387539,29.124700546
128.910407927,37.841035978,28.678499222
128.910382186,37.839684417,26.881200790
128.910356446,37.838332856,27.517099380
128.910330708,37.836981294,27.071199417
128.910304971,37.835629732,26.277099609
128.910279237,37.834278169,25.903999329
128.910253504,37.832926607,24.826200485
128.910227773,37.831575044,24.664600372
128.910202043,37.830223480,19.707599640
128.910176315,37.828871916,19.046199799
128.910150589,37.827520352,19.610500336
128.910124865,37.826168788,22.304199219
128.910099142,37.824817223,22.325700760
128.910073421,37.823465658,21.115699768
128.910047702,37.822114093,20.362800598
128.910021985,37.820762527,19.534000397
128.909996269,37.819410961,18.024999619
128.909970555,37.818059395,17.287500381
128.909944843,37.816707828,16.538099289
128.909919132,37.815356261,15.386199951
128.909893423,37.814004694,13.987299919
128.909867716,37.812653126,12.766500473
128.909842011,37.811301558,10.715399742
128.909816307,37.809949990,11.016400337
128.909790605,37.808598421,9.030200005
128.909764905,37.807246852,4.453000069
128.909739206,37.805895283,1.861199975
128.909713509,37.804543714,1.461799979
128.915139541,37.999145836,672.806030273
128.915113566,37.997794314,666.715515137
128.915087592,37.996442792,662.564514160
128.915061621,37.995091269,657.863403320
128.915035651,37.993739746,648.765625000
128.915009683,37.992388223,642.153991699
128.914983716,37.991036699,626.085021973
128.914957752,37.989685175,604.027526855
128.914931789,37.988333651,586.212707520
128.914905828,37.986982126,565.978515625
128.914879868,37.985630602,545.896301270
128.914853910,37.984279076,523.268005371
128.914827954,37.982927551,501.293914795
128.914802000,37.981576025,478.236907959
128.914776048,37.980224499,453.432312012
128.914750097,37.978872972,433.342895508
128.914724148,37.977521445,419.630187988
128.914698201,37.976169918,406.867309570
128.914672255,37.974818391,396.010589600
128.914646311,37.973466863,384.786987305
128.914620369,37.972115335,376.937103271
128.914594429,37.970763806,368.398803711
128.914568490,37.969412277,359.181884766
128.914542553,37.968060748,351.261413574
128.914516618,37.966709219,343.596099854
128.914490685,37.965357689,336.164611816
128.914464753,37.964006159,329.038391113
128.914438823,37.962654628,321.249694824
128.914412895,37.961303097,311.447296143
128.914386968,37.959951566,302.725006104
128.914361044,37.958600035,295.513000488
128.914335121,37.957248503,289.508300781
128.914309199,37.955896971,284.407012939
128.914283280,37.954545439,279.063812256
128.914257362,37.953193906,273.261596680
128.914231446,37.951842373,267.916503906
128.914205532,37.950490839,259.743896484
128.914179619,37.949139306,256.606414795
128.914153708,37.947787772,252.763900757
128.914127799,37.946436237,247.106292725
128.914101892,37.945084703,241.578292847
128.914075986,37.943733168,235.197402954
128.914050082,37.942381632,228.172698975
128.914024180,37.941030097,217.891799927
128.913998279,37.939678561,198.608901978
128.913972381,37.938327024,172.624298096
128.913946484,37.936975488,153.983093262
128.913920588,37.935623951,147.669097900
128.913894695,37.934272413,144.967193604
128.913868803,37.932920876,142.920700073
128.913842913,37.931569338,140.740005493
128.913817024,37.930217799,139.561996460
128.913791138,37.928866261,139.121505737
128.913765253,37.927514722,138.457504272
128.913739370,37.926163183,137.867996216
128.913713488,37.924811643,137.246597290
128.913687609,37.923460103,136.347900391
128.913661731,37.922108563,136.340393066
128.913635854,37.920757022,136.361801147
128.913609980,37.919405481,136.105697632
128.913584107,37.918053940,135.302795410
128.913558236,37.916702399,134.735107422
128.913532367,37.915350857,134.543792725
128.913506499,37.913999314,134.296493530
128.913480633,37.912647772,133.757095337
128.913454769,37.911296229,133.319503784
128.913428907,37.909944686,132.176696777
128.913403046,37.908593142,131.347305298
128.913377187,37.907241599,130.828094482
128.913351330,37.905890054,130.252502441
128.913325475,37.904538510,128.373199463
128.913299621,37.903186965,126.807601929
128.913273769,37.901835420,125.392501831
128.913247918,37.900483875,124.218498230
128.913222070,37.899132329,123.265899658
128.913196223,37.897780783,122.063102722
128.913170378,37.896429236,119.938903809
128.913144535,37.895077689,117.569099426
128.913118693,37.893726142,117.153999329
128.913092853,37.892374595,115.307701111
128.913067015,37.891023047,111.602798462
128.913041178,37.889671499,108.791900635
128.913015344,37.888319951,106.093803406
128.912989511,37.886968402,103.045196533
128.912963679,37.885616853,99.772003174
128.912937850,37.884265304,96.242301941
128.912912022,37.882913754,92.445503235
128.912886196,37.881562204,88.068801880
128.912860371,37.880210653,83.076301575
128.912834549,37.878859103,77.813697815
128.912808728,37.877507552,75.135200500
128.912782909,37.876156000,71.964103699
128.912757091,37.874804449,68.757102966
128.912731276,37.873452897,65.567497253
128.912705462,37.872101344,62.340801239
128.912679649,37.870749792,60.144001007
128.912653839,37.869398239,57.820499420
128.912628030,37.868046686,55.317199707
128.912602223,37.866695132,52.783100128
128.912576417,37.865343578,50.966098785
128.912550614,37.863992024,49.483398438
128.912524812,37.862640469,48.435600281
128.912499012,37.861288914,47.282600403
128.912473213,37.859937359,46.308799744
128.912447416,37.858585803,45.097499847
128.912421621,37.857234247,42.856700897
128.912395828,37.855882691,41.152698517
128.912370036,37.854531135,38.963199615
128.912344246,37.853179578,37.124900818
128.912318458,37.851828021,36.876098633
128.912292672,37.850476463,35.316898346
128.912266887,37.849124905,31.764900208
128.912241104,37.847773347,30.257299423
128.912215323,37.846421789,30.332599640
128.912189544,37.845070230,30.436700821
128.912163766,37.843718671,28.280000687
128.912137990,37.842367111,28.540800095
128.912112215,37.841015551,28.104200363
128.912086443,37.839663991,27.686399460
128.912060672,37.838312431,28.301500320
128.912034903,37.836960870,27.759500504
128.912009135,37.835609309,26.697900772
128.911983369,37.834257747,26.191499710
128.911957605,37.832906186,25.590700150
128.911931843,37.831554623,25.416999817
128.911906083,37.830203061,24.288099289
128.911880324,37.828851498,23.630699158
128.911854567,37.827499935,23.773500443
128.911828811,37.826148372,23.385000229
128.911803058,37.824796808,22.573900223
128.911777306,37.823445244,21.709600449
128.911751555,37.822093680,20.789300919
128.911725807,37.820742115,19.923999786
128.911700060,37.819390550,19.176000595
128.911674315,37.818038985,18.135599136
128.911648572,37.816687419,17.120500565
128.911622830,37.815335853,15.944100380
128.911597090,37.813984287,13.931599617
128.911571352,37.812632720,10.786100388
128.911545615,37.811281153,10.412699699
128.911519881,37.809929586,9.637499809
128.911494148,37.808578018,9.848400116
128.911468416,37.807226450,8.388099670
128.911442687,37.805874882,6.161200047
128.911416959,37.804523313,2.845900059
128.911391233,37.803171744,1.670699954
128.916847478,37.999125268,677.911376953
128.916821471,37.997773747,672.698303223
128.916795467,37.996422226,669.710693359
128.916769464,37.995070704,669.106872559
128.916743463,37.993719182,657.690185547
128.916717463,37.992367660,637.148986816
128.916691466,37.991016138,620.222595215
128.916665470,37.989664615,603.000427246
128.916639475,37.988313091,585.461425781
128.916613483,37.986961568,563.659606934
128.916587492,37.985610044,541.318481445
128.916561503,37.984258520,520.383483887
128.916535516,37.982906995,498.023986816
128.916509530,37.981555470,475.584991455
128.916483546,37.980203945,456.385986328
128.916457564,37.978852419,440.680389404
128.916431584,37.977500894,426.373199463
128.916405605,37.976149367,414.444213867
128.916379629,37.974797841,404.284210205
128.916353654,37.973446314,396.348114014
128.916327680,37.972094787,386.316314697
128.916301709,37.970743259,375.403411865
128.916275739,37.969391731,366.070312500
128.916249770,37.968040203,358.908111572
128.916223804,37.966688675,350.538391113
128.916197839,37.965337146,343.927093506
128.916171876,37.963985617,335.885803223
128.916145915,37.962634087,327.223297119
128.916119956,37.961282558,318.285614014
128.916093998,37.959931028,310.019195557
128.916068042,37.958579497,302.343414307
128.916042088,37.957227966,296.261291504
128.916016135,37.955876435,291.232299805
128.915990184,37.954524904,286.020599365
128.915964235,37.953173372,280.320007324
128.915938288,37.951821840,274.550811768
128.915912342,37.950470308,269.943786621
128.915886399,37.949118775,263.215698242
128.915860456,37.947767242,259.642913818
128.915834516,37.946415708,255.729293823
128.915808577,37.945064175,250.830902100
128.915782640,37.943712641,245.862701416
128.915756705,37.942361106,240.288299561
128.915730772,37.941009572,233.114501953
128.915704840,37.939658037,223.885803223
128.915678910,37.938306501,210.913803101
128.915652982,37.936954966,190.767196655
128.915627055,37.935603430,167.949798584
128.915601131,37.934251893,153.558593750
128.915575208,37.932900357,147.203201294
128.915549286,37.931548820,144.043395996
128.915523367,37.930197282,142.362899780
128.915497449,37.928845745,141.286300659
128.915471533,37.927494207,140.298599243
128.915445618,37.926142669,139.173492432
128.915419706,37.924791130,138.429397583
128.915393795,37.923439591,137.643707275
128.915367886,37.922088052,137.414993286
128.915341978,37.920736512,137.446502686
128.915316073,37.919384972,137.102706909
128.915290169,37.918033432,136.468002319
128.915264266,37.916681891,135.920104980
128.915238366,37.915330351,135.737503052
128.915212467,37.913978809,135.310592651
128.915186570,37.912627268,135.052200317
128.915160675,37.911275726,134.542892456
128.915134781,37.909924184,133.522293091
128.915108889,37.908572641,132.841506958
128.915082999,37.907221098,132.284606934
128.915057111,37.905869555,131.640594482
128.915031224,37.904518012,129.864700317
128.915005339,37.903166468,128.396896362
128.914979456,37.901814924,127.236999512
128.914953574,37.900463379,126.082702637
128.914927695,37.899111835,125.382003784
128.914901817,37.897760289,124.293502808
128.914875940,37.896408744,122.251998901
128.914850066,37.895057198,119.854896545
128.914824193,37.893705652,119.469596863
128.914798322,37.892354106,117.807197571
128.914772453,37.891002559,115.271301270
128.914746585,37.889651012,112.004600525
128.914720719,37.888299464,109.972602844
128.914694855,37.886947917,108.157699585
128.914668993,37.885596369,105.805397034
128.914643132,37.884244820,101.287597656
128.914617273,37.882893272,97.501197815
128.914591416,37.881541722,93.965599060
128.914565560,37.880190173,89.407997131
128.914539706,37.878838623,84.355598450
128.914513854,37.877487073,79.842399597
128.914488004,37.876135523,75.672401428
128.914462155,37.874783972,71.875900269
128.914436308,37.873432421,68.641601563
128.914410463,37.872080870,65.497497559
128.914384620,37.870729318,63.142200470
128.914358778,37.869377766,60.384799957
128.914332938,37.868026214,57.872798920
128.914307100,37.866674662,55.600898743
128.914281264,37.865323109,53.602298737
128.914255429,37.863971555,51.802398682
128.914229596,37.862620002,49.970001221
128.914203764,37.861268448,48.672698975
128.914177935,37.859916893,47.073101044
128.914152107,37.858565339,45.293498993
128.914126281,37.857213784,43.387699127
128.914100456,37.855862229,42.347000122
128.914074634,37.854510673,40.498001099
128.914048813,37.853159117,38.697399139
128.914022993,37.851807561,36.652900696
128.913997176,37.850456005,36.045200348
128.913971360,37.849104448,36.747100830
128.913945546,37.847752891,33.643600464
128.913919734,37.846401333,31.624700546
128.913893923,37.845049775,31.918699265
128.913868114,37.843698217,29.060699463
128.913842307,37.842346658,28.733900070
128.913816502,37.840995100,30.575899124
128.913790698,37.839643541,30.432800293
128.913764896,37.838291981,28.748100281
128.913739096,37.836940421,26.762100220
128.913713297,37.835588861,23.529399872
128.913687500,37.834237301,25.802900314
128.913661705,37.832885740,24.094900131
128.913635912,37.831534179,24.993200302
128.913610120,37.830182617,25.118099213
128.913584330,37.828831056,18.543600082
128.913558542,37.827479494,22.197599411
128.913532756,37.826127931,23.381000519
128.913506971,37.824776368,22.804599762
128.913481188,37.823424805,22.114999771
128.913455407,37.822073242,21.150699615
128.913429627,37.820721678,20.195199966
128.913403849,37.819370114,19.730300903
128.913378073,37.818018550,18.864500046
128.913352299,37.816666985,17.433799744
128.913326526,37.815315420,15.941900253
128.913300755,37.813963855,13.768199921
128.913274986,37.812612289,13.015299797
128.913249219,37.811260723,11.286499977
128.913223453,37.809909157,7.790599823
128.913197689,37.808557590,10.990699768
128.913171926,37.807206023,8.734299660
128.913146166,37.805854456,7.223999977
128.913120407,37.804502888,6.674699783
128.913094650,37.803151320,3.289799929
128.913068894,37.801799752,2.397099972
128.918555413,37.999104676,692.244018555
128.918529376,37.997753156,684.898193359
128.918503340,37.996401636,681.539184570
128.918477305,37.995050115,673.875915527
128.918451273,37.993698594,655.267578125
128.918425242,37.992347073,638.595886230
128.918399213,37.990995551,613.882995605
128.918373186,37.989644029,596.344177246
128.918347160,37.988292507,581.524169922
128.918321136,37.986940984,557.209899902
128.918295114,37.985589461,536.656311035
128.918269094,37.984237938,516.654113770
128.918243075,37.982886415,495.437408447
128.918217059,37.981534891,477.029205322
128.918191043,37.980183366,461.098205566
128.918165030,37.978831842,444.970001221
128.918139019,37.977480317,431.960113525
128.918113009,37.976128792,421.529113770
128.918087001,37.974777266,414.119812012
128.918060994,37.973425740,402.763610840
128.918034989,37.972074214,393.349487305
128.918008987,37.970722688,385.429595947
128.917982985,37.969371161,375.691192627
128.917956986,37.968019634,367.570587158
128.917930988,37.966668106,359.826690674
128.917904992,37.965316578,351.564208984
128.917878998,37.963965050,342.364288330
128.917853006,37.962613522,333.279693604
128.917827015,37.961261993,324.032501221
128.917801026,37.959910464,315.865386963
128.917775039,37.958558934,310.665405273
128.917749053,37.957207405,305.367797852
128.917723069,37.955855875,299.866607666
128.917697087,37.954504344,293.593902588
128.917671107,37.953152813,287.372314453
128.917645128,37.951801282,281.848602295
128.917619151,37.950449751,274.779998779
128.917593176,37.949098219,268.627685547
128.917567203,37.947746687,261.890899658
128.917541231,37.946395155,261.759185791
128.917515261,37.945043622,259.295013428
128.917489293,37.943692089,254.252105713
128.917463327,37.942340556,248.626403809
128.917437362,37.940989022,242.781005859
128.917411399,37.939637488,236.729705811
128.917385438,37.938285954,227.012405396
128.917359479,37.936934419,218.448196411
128.917333521,37.935582884,206.682800293
128.917307565,37.934231349,189.603805542
128.917281611,37.932879813,168.563293457
128.917255658,37.931528277,152.204193115
128.917229707,37.930176741,146.901794434
128.917203758,37.928825204,144.892303467
128.917177811,37.927473667,143.190597534
128.917151865,37.926122130,141.642898560
128.917125921,37.924770592,140.300094604
128.917099979,37.923419054,139.250503540
128.917074039,37.922067516,138.799194336
128.917048100,37.920715977,138.715194702
128.917022163,37.919364438,138.033798218
128.916996228,37.918012899,137.325607300
128.916970295,37.916661360,136.801895142
128.916944363,37.915309820,136.823104858
128.916918433,37.913958280,136.511795044
128.916892505,37.912606739,136.137893677
128.916866578,37.911255198,135.703094482
128.916840654,37.909903657,134.901199341
128.916814731,37.908552115,134.178695679
128.916788809,37.907200574,133.699096680
128.916762890,37.905849031,133.428497314
128.916736972,37.904497489,131.425292969
128.916711056,37.903145946,129.824600220
128.916685141,37.901794403,128.741897583
128.916659229,37.900442859,127.681297302
128.916633318,37.899091316,127.245399475
128.916607409,37.897739772,126.190498352
128.916581501,37.896388227,124.195701599
128.916555595,37.895036682,121.929000854
128.916529692,37.893685137,121.302398682
128.916503789,37.892333592,119.962600708
128.916477889,37.890982046,118.106903076
128.916451990,37.889630500,116.077499390
128.916426093,37.888278953,113.579498291
128.916400198,37.886927407,111.604400635
128.916374304,37.885575860,108.871803284
128.916348412,37.884224312,105.457901001
128.916322522,37.882872765,102.003196716
128.916296634,37.881521216,98.763099670
128.916270747,37.880169668,95.308296204
128.916244862,37.878818119,91.027297974
128.916218979,37.877466570,85.785896301
128.916193097,37.876115021,80.937896729
128.916167218,37.874763471,76.345199585
128.916141340,37.873411921,72.565696716
128.916115463,37.872060371,69.185699463
128.916089589,37.870708820,66.340301514
128.916063716,37.869357269,63.486400604
128.916037845,37.868005718,60.521999359
128.916011976,37.866654166,57.985000610
128.915986108,37.865302614,55.854099274
128.915960242,37.863951062,53.626598358
128.915934378,37.862599510,51.590000153
128.915908515,37.861247957,50.138099670
128.915882655,37.859896403,48.698398590
128.915856796,37.858544850,46.994400024
128.915830939,37.857193296,45.390598297
128.915805083,37.855841742,43.328201294
128.915779229,37.854490187,41.933399200
128.915753377,37.853138632,40.739601135
128.915727527,37.851787077,39.671100616
128.915701678,37.850435521,36.806499481
128.915675831,37.849083965,37.098999023
128.915649986,37.847732409,37.401500702
128.915624143,37.846380853,36.618499756
128.915598301,37.845029296,35.180400848
128.915572461,37.843677739,33.702098846
128.915546623,37.842326181,31.945499420
128.915520786,37.840974623,25.710500717
128.915494952,37.839623065,29.010599136
128.915469119,37.838271507,28.901699066
128.915443287,37.836919948,26.184299469
128.915417458,37.835568389,24.393699646
128.915391630,37.834216829,23.907800674
128.915365804,37.832865270,25.727699280
128.915339979,37.831513709,26.456600189
128.915314156,37.830162149,25.872800827
128.915288336,37.828810588,25.029600143
128.915262516,37.827459027,24.455999374
128.915236699,37.826107466,24.037200928
128.915210883,37.824755904,23.265499115
128.915185069,37.823404342,22.441299438
128.915159257,37.822052780,21.562299728
128.915133446,37.820701217,19.859300613
128.915107637,37.819349654,19.642299652
128.915081830,37.817998090,16.626699448
128.915056024,37.816646527,16.964300156
128.915030221,37.815294963,17.272100449
128.915004419,37.813943398,15.522000313
128.914978619,37.812591834,15.600199699
128.914952820,37.811240269,13.065899849
128.914927023,37.809888703,9.506899834
128.914901228,37.808537138,12.588999748
128.914875435,37.807185572,12.365900040
128.914849643,37.805834005,6.430799961
128.914823853,37.804482439,7.350299835
128.914798065,37.803130872,6.350900173
128.914772279,37.801779305,3.649600029
128.914746494,37.800427737,1.729699969
128.920263347,37.999084059,708.098510742
128.920237278,37.997732540,697.286071777
128.920211211,37.996381020,685.669494629
128.920185145,37.995029501,670.831970215
128.920159081,37.993677981,651.678894043
128.920133019,37.992326461,629.563415527
128.920106959,37.990974940,611.932922363
128.920080900,37.989623419,596.072021484
128.920054843,37.988271898,579.526977539
128.920028788,37.986920376,555.145080566
128.920002735,37.985568854,536.786193848
128.919976683,37.984217332,517.191711426
128.919950633,37.982865809,496.070190430
128.919924585,37.981514286,480.578308105
128.919898539,37.980162763,466.203399658
128.919872494,37.978811240,451.437194824
128.919846451,37.977459716,440.959197998
128.919820410,37.976108192,430.096893311
128.919794371,37.974756667,418.439788818
128.919768333,37.973405142,409.483184814
128.919742297,37.972053617,400.743713379
128.919716263,37.970702091,392.636688232
128.919690230,37.969350566,383.628387451
128.919664200,37.967999039,375.763092041
128.919638171,37.966647513,367.276397705
128.919612143,37.965295986,357.484100342
128.919586118,37.963944459,347.800506592
128.919560094,37.962592931,338.591796875
128.919534072,37.961241404,330.408111572
128.919508052,37.959889876,324.414398193
128.919482033,37.958538347,318.959289551
128.919456017,37.957186818,313.155395508
128.919430002,37.955835289,306.732788086
128.919403988,37.954483760,300.398498535
128.919377977,37.953132230,294.404907227
128.919351967,37.951780700,288.882995605
128.919325959,37.950429170,282.028991699
128.919299952,37.949077639,276.841796875
128.919273948,37.947726108,272.683990479
128.919247945,37.946374576,270.221405029
128.919221944,37.945023045,266.156494141
128.919195944,37.943671513,261.327911377
128.919169947,37.942319980,254.454803467
128.919143951,37.940968448,250.753204346
128.919117957,37.939616914,246.541397095
128.919091964,37.938265381,239.599700928
128.919065973,37.936913847,230.859802246
128.919039985,37.935562313,222.801895142
128.919013997,37.934210779,215.237106323
128.918988012,37.932859244,203.501800537
128.918962028,37.931507709,184.547393799
128.918936046,37.930156174,169.204605103
128.918910066,37.928804639,154.511703491
128.918884087,37.927453103,147.954101563
128.918858110,37.926101566,145.287796021
128.918832135,37.924750030,143.055801392
128.918806162,37.923398493,141.423492432
128.918780190,37.922046955,140.575393677
128.918754221,37.920695418,140.149093628
128.918728253,37.919343880,139.360595703
128.918702286,37.917992342,138.449905396
128.918676321,37.916640803,137.880905151
128.918650359,37.915289264,137.668106079
128.918624397,37.913937725,137.533096313
128.918598438,37.912586185,137.269607544
128.918572480,37.911234646,136.964004517
128.918546524,37.909883105,135.917602539
128.918520570,37.908531565,135.314697266
128.918494618,37.907180024,134.762496948
128.918468667,37.905828483,134.103698730
128.918442718,37.904476941,132.703598022
128.918416771,37.903125399,131.374694824
128.918390825,37.901773857,130.487701416
128.918364881,37.900422315,129.580902100
128.918338939,37.899070772,129.047393799
128.918312999,37.897719229,128.041397095
128.918287060,37.896367685,125.989601135
128.918261123,37.895016142,123.926300049
128.918235188,37.893664598,123.464599609
128.918209255,37.892313053,122.497398376
128.918183323,37.890961508,121.387100220
128.918157393,37.889609963,119.558197021
128.918131465,37.888258418,116.975303650
128.918105538,37.886906872,114.213401794
128.918079614,37.885555326,112.019500732
128.918053691,37.884203780,109.361297607
128.918027769,37.882852233,106.036003113
128.918001850,37.881500686,102.894203186
128.917975932,37.880149138,99.771499634
128.917950016,37.878797591,96.571197510
128.917924102,37.877446043,92.653999329
128.917898189,37.876094494,87.829399109
128.917872278,37.874742946,82.912101746
128.917846369,37.873391397,78.145599365
128.917820462,37.872039847,74.404701233
128.917794556,37.870688298,70.616096497
128.917768652,37.869336748,67.210899353
128.917742750,37.867985197,63.627101898
128.917716849,37.866633647,60.996299744
128.917690951,37.865282096,58.529098511
128.917665054,37.863930544,56.266601563
128.917639158,37.862578993,53.979400635
128.917613265,37.861227441,52.064800262
128.917587373,37.859875889,50.330299377
128.917561483,37.858524336,48.257301331
128.917535595,37.857172783,47.026901245
128.917509708,37.855821230,45.669200897
128.917483823,37.854469676,44.300098419
128.917457940,37.853118122,43.148700714
128.917432058,37.851766568,39.723800659
128.917406179,37.850415014,40.889301300
128.917380301,37.849063459,40.256401062
128.917354425,37.847711903,37.830200195
128.917328550,37.846360348,35.927700043
128.917302677,37.845008792,34.143001556
128.917276806,37.843657236,32.933300018
128.917250937,37.842305679,29.563499451
128.917225069,37.840954122,26.925800323
128.917199203,37.839602565,30.052299500
128.917173339,37.838251008,30.542600632
128.917147477,37.836899450,26.660900116
128.917121616,37.835547892,27.560800552
128.917095757,37.834196333,24.837699890
128.917069900,37.832844775,25.786600113
128.917044045,37.831493215,25.935199738
128.917018191,37.830141656,26.089899063
128.916992339,37.828790096,25.456499100
128.916966489,37.827438536,24.692699432
128.916940640,37.826086976,24.146499634
128.916914793,37.824735415,18.920299530
128.916888948,37.823383854,20.807100296
128.916863105,37.822032293,21.467800140
128.916837263,37.820680731,19.100599289
128.916811423,37.819329169,18.959800720
128.916785585,37.817977606,16.116300583
128.916759748,37.816626044,16.284500122
128.916733914,37.815274481,19.751699448
128.916708081,37.813922917,19.295799255
128.916682249,37.812571354,17.583499908
128.916656420,37.811219790,14.829799652
128.916630592,37.809868225,16.251199722
128.916604766,37.808516661,16.305700302
128.916578941,37.807165096,14.288000107
128.916553119,37.805813530,10.414099693
128.916527298,37.804461965,10.553000450
128.916501478,37.803110399,9.247599602
128.916475661,37.801758832,7.577799797
128.916449845,37.800407266,5.002699852
128.916424031,37.799055699,2.447900057
128.921971279,37.999063417,717.623229980
128.921945178,37.997711899,700.820678711
128.921919080,37.996360380,686.345092773
128.921892983,37.995008862,671.121520996
128.921866888,37.993657343,651.586425781
128.921840794,37.992305823,626.868774414
128.921814703,37.990954304,605.314697266
128.921788613,37.989602784,587.886291504
128.921762525,37.988251264,566.510681152
128.921736438,37.986899743,549.777709961
128.921710354,37.985548222,535.282226563
128.921684271,37.984196701,516.031799316
128.921658189,37.982845179,498.286804199
128.921632110,37.981493657,484.407409668
128.921606032,37.980142135,473.843902588
128.921579956,37.978790613,459.924804688
128.921553882,37.977439090,444.625488281
128.921527810,37.976087566,434.094299316
128.921501739,37.974736043,426.519287109
128.921475670,37.973384519,417.088012695
128.921449603,37.972032995,408.004089355
128.921423537,37.970681470,399.756408691
128.921397474,37.969329946,391.166107178
128.921371412,37.967978420,382.724090576
128.921345351,37.966626895,373.021789551
128.921319293,37.965275369,363.324584961
128.921293236,37.963923843,353.865905762
128.921267181,37.962572316,345.807800293
128.921241128,37.961220790,337.624389648
128.921215076,37.959869262,330.324798584
128.921189026,37.958517735,325.251495361
128.921162978,37.957166207,319.244903564
128.921136932,37.955814679,312.970397949
128.921110888,37.954463151,306.632995605
128.921084845,37.953111622,301.309997559
128.921058804,37.951760093,295.651000977
128.921032764,37.950408563,290.028808594
128.921006727,37.949057034,283.149200439
128.920980691,37.947705504,279.878906250
128.920954657,37.946353973,276.390289307
128.920928624,37.945002442,272.129211426
128.920902594,37.943650911,267.460998535
128.920876565,37.942299380,261.333892822
128.920850538,37.940947848,258.287994385
128.920824512,37.939596316,254.523406982
128.920798489,37.938244784,249.615203857
128.920772467,37.936893251,243.531204224
128.920746446,37.935541718,236.708694458
128.920720428,37.934190185,229.130798340
128.920694411,37.932838651,220.223007202
128.920668396,37.931487117,211.451202393
128.920642383,37.930135583,204.459503174
128.920616372,37.928784048,187.999801636
128.920590362,37.927432513,169.522201538
128.920564354,37.926080978,154.860198975
128.920538348,37.924729442,147.891601563
128.920512343,37.923377907,144.711700439
128.920486340,37.922026370,143.158599854
128.920460339,37.920674834,141.949096680
128.920434340,37.919323297,140.984207153
128.920408342,37.917971759,139.878799438
128.920382346,37.916620222,139.060195923
128.920356352,37.915268684,138.751296997
128.920330360,37.913917146,138.617004395
128.920304369,37.912565607,138.245300293
128.920278381,37.911214068,137.807998657
128.920252393,37.909862529,137.094192505
128.920226408,37.908510990,136.330001831
128.920200424,37.907159450,136.000503540
128.920174442,37.905807910,135.495697021
128.920148462,37.904456369,134.164505005
128.920122484,37.903104828,132.850799561
128.920096507,37.901753287,132.023696899
128.920070532,37.900401746,131.730606079
128.920044559,37.899050204,130.974700928
128.920018587,37.897698662,129.820205688
128.919992617,37.896347119,128.460800171
128.919966649,37.894995576,127.324501038
128.919940683,37.893644033,126.054603577
128.919914719,37.892292490,124.350997925
128.919888756,37.890940946,122.792396545
128.919862795,37.889589402,121.177200317
128.919836835,37.888237857,119.183700562
128.919810878,37.886886313,117.323402405
128.919784922,37.885534768,115.444602966
128.919758968,37.884183222,112.729103088
128.919733015,37.882831676,109.360000610
128.919707065,37.881480130,106.490699768
128.919681116,37.880128584,103.759201050
128.919655168,37.878777037,100.902999878
128.919629223,37.877425490,97.928596497
128.919603279,37.876073943,94.385803223
128.919577337,37.874722395,89.895896912
128.919551397,37.873370847,84.820297241
128.919525458,37.872019299,79.399002075
128.919499522,37.870667750,74.919700623
128.919473586,37.869316201,71.446899414
128.919447653,37.867964652,67.749099731
128.919421722,37.866613102,64.418998718
128.919395792,37.865261552,61.263999939
128.919369864,37.863910002,58.805198669
128.919343937,37.862558451,57.696800232
128.919318013,37.861206900,55.191799164
128.919292090,37.859855349,52.720901489
128.919266168,37.858503797,50.477600098
128.919240249,37.857152246,48.728298187
128.919214331,37.855800693,47.188999176
128.919188415,37.854449141,46.070701599
128.919162501,37.853097588,44.902801514
128.919136588,37.851746035,44.446300507
128.919110678,37.850394481,42.857498169
128.919084769,37.849042927,42.016300201
128.919058861,37.847691373,38.312301636
128.919032956,37.846339818,35.814701080
128.919007052,37.844988263,35.065799713
128.918981150,37.843636708,34.297298431
128.918955249,37.842285153,31.623300552
128.918929351,37.840933597,32.443698883
128.918903454,37.839582041,30.715999603
128.918877558,37.838230484,30.401100159
128.918851665,37.836878927,29.353399277
128.918825773,37.835527370,28.239900589
128.918799883,37.834175813,27.715000153
128.918773995,37.832824255,27.442300797
128.918748108,37.831472697,26.521600723
128.918722223,37.830121138,26.807899475
128.918696340,37.828769580,26.444700241
128.918670459,37.827418021,25.628999710
128.918644579,37.826066461,24.567499161
128.918618701,37.824714901,21.747900009
128.918592825,37.823363341,20.780300140
128.918566951,37.822011781,20.752000809
128.918541078,37.820660220,21.607099533
128.918515207,37.819308659,15.730999947
128.918489338,37.817957098,15.971699715
128.918463470,37.816605536,15.965999603
128.918437605,37.815253974,20.113000870
128.918411741,37.813902412,20.294500351
128.918385878,37.812550849,19.881999969
128.918360018,37.811199286,18.949399948
128.918334159,37.809847723,19.130199432
128.918308302,37.808496159,17.826299667
128.918282446,37.807144595,15.744500160
128.918256592,37.805793031,14.143899918
128.918230740,37.804441466,12.633700371
128.918204890,37.803089901,10.894800186
128.918179042,37.801738336,9.528800011
128.918153195,37.800386770,7.982699871
128.918127350,37.799035204,4.957099915
128.918101507,37.797683638,2.672300100
128.923679209,37.999042750,722.295715332
128.923653077,37.997691233,698.182983398
128.923626947,37.996339716,688.155517578
128.923600819,37.994988198,673.716674805
128.923574693,37.993636680,647.570312500
128.923548568,37.992285162,623.640991211
128.923522445,37.990933643,602.379821777
128.923496324,37.989582124,587.076721191
128.923470204,37.988230605,569.432312012
128.923444087,37.986879085,553.998718262
128.923417971,37.985527565,537.393188477
128.923391856,37.984176045,518.463623047
128.923365744,37.982824524,503.102111816
128.923339633,37.981473004,486.921112061
128.923313524,37.980121482,474.021606445
128.923287417,37.978769961,460.465606689
128.923261311,37.977418439,450.701812744
128.923235208,37.976066917,442.491088867
128.923209106,37.974715394,433.540802002
128.923183005,37.973363871,423.346893311
128.923156907,37.972012348,415.499511719
128.923130810,37.970660825,407.076385498
128.923104715,37.969309301,397.878387451
128.923078622,37.967957777,388.727813721
128.923052530,37.966606252,379.682708740
128.923026441,37.965254727,371.444396973
128.923000353,37.963903202,361.694793701
128.922974266,37.962551677,352.297790527
128.922948182,37.961200151,346.126495361
128.922922099,37.959848625,338.869293213
128.922896018,37.958497098,332.418609619
128.922869939,37.957145571,325.841796875
128.922843861,37.955794044,319.597595215
128.922817785,37.954442517,314.269897461
128.922791711,37.953090989,308.166809082
128.922765639,37.951739461,301.190185547
128.922739568,37.950387933,296.780792236
128.922713499,37.949036404,291.176788330
128.922687432,37.947684875,288.666809082
128.922661367,37.946333345,280.347106934
128.922635303,37.944981816,274.686798096
128.922609241,37.943630286,272.485412598
128.922583181,37.942278755,269.734100342
128.922557123,37.940927224,266.841613770
128.922531066,37.939575693,262.732299805
128.922505011,37.938224162,257.072204590
128.922478958,37.936872630,251.661895752
128.922452907,37.935521098,246.540298462
128.922426857,37.934169566,238.455398560
128.922400809,37.932818033,230.103393555
128.922374763,37.931466500,224.611602783
128.922348718,37.930114967,219.069793701
128.922322676,37.928763433,211.656494141
128.922296635,37.927411899,200.602096558
128.922270596,37.926060365,185.935195923
128.922244558,37.924708831,163.949295044
128.922218522,37.923357296,151.286697388
128.922192488,37.922005760,146.982498169
128.922166456,37.920654225,144.657592773
128.922140426,37.919302689,142.971893311
128.922114397,37.917951153,141.772705078
128.922088370,37.916599616,140.440795898
128.922062344,37.915248079,139.962997437
128.922036321,37.913896542,139.745498657
128.922010299,37.912545004,139.342895508
128.921984279,37.911193466,138.821899414
128.921958261,37.909841928,137.844696045
128.921932244,37.908490390,137.370803833
128.921906229,37.907138851,136.964706421
128.921880216,37.905787312,136.685302734
128.921854205,37.904435772,135.229202271
128.921828195,37.903084232,134.054092407
128.921802187,37.901732692,133.311706543
128.921776181,37.900381152,133.241302490
128.921750177,37.899029611,132.526397705
128.921724174,37.897678070,131.348403931
128.921698173,37.896326528,129.882995605
128.921672174,37.894974986,129.181106567
128.921646176,37.893623444,127.736503601
128.921620181,37.892271902,125.928703308
128.921594187,37.890920359,124.191001892
128.921568194,37.889568816,123.187202454
128.921542204,37.888217272,121.457000732
128.921516215,37.886865729,119.785697937
128.921490228,37.885514185,118.487396240
128.921464243,37.884162640,116.195800781
128.921438259,37.882811095,113.043998718
128.921412277,37.881459550,110.258697510
128.921386297,37.880108005,107.605400085
128.921360319,37.878756459,104.522499084
128.921334342,37.877404913,101.631896973
128.921308367,37.876053367,99.282096863
128.921282394,37.874701820,95.765197754
128.921256423,37.873350273,91.413696289
128.921230453,37.871998726,85.983001709
128.921204485,37.870647178,80.627296448
128.921178519,37.869295630,76.416198730
128.921152555,37.867944082,72.811203003
128.921126592,37.866592533,69.917396545
128.921100631,37.865240984,66.591300964
128.921074672,37.863889435,62.462200165
128.921048714,37.862537885,60.507999420
128.921022758,37.861186335,58.974498749
128.920996804,37.859834785,56.206401825
128.920970852,37.858483234,53.112701416
128.920944902,37.857131683,50.267398834
128.920918953,37.855780132,48.647899628
128.920893006,37.854428581,47.635898590
128.920867060,37.853077029,47.095500946
128.920841117,37.851725476,46.547901154
128.920815175,37.850373924,45.127998352
128.920789235,37.849022371,43.243999481
128.920763296,37.847670818,41.527599335
128.920737359,37.846319264,38.510601044
128.920711424,37.844967710,36.096298218
128.920685491,37.843616156,35.505001068
128.920659560,37.842264602,33.195598602
128.920633630,37.840913047,31.327699661
128.920607702,37.839561492,26.360500336
128.920581776,37.838209936,30.120599747
128.920555851,37.836858380,30.208200455
128.920529928,37.835506824,28.224300385
128.920504007,37.834155268,28.665100098
128.920478088,37.832803711,28.569400787
128.920452170,37.831452154,28.744499207
128.920426254,37.830100596,27.978000641
128.920400340,37.828749038,26.381200790
128.920374428,37.827397480,24.509099960
128.920348517,37.826045922,21.329599380
128.920322608,37.824694363,21.454900742
128.920296701,37.823342804,22.171800613
128.920270795,37.821991245,22.538000107
128.920244892,37.820639685,21.633399963
128.920218990,37.819288125,18.383800507
128.920193089,37.817936564,14.692999840
128.920167191,37.816585004,18.198299408
128.920141294,37.815233443,21.808399200
128.920115399,37.813881881,22.230300903
128.920089505,37.812530320,19.534799576
128.920063614,37.811178757,18.660100937
128.920037724,37.809827195,17.528299332
128.920011836,37.808475632,18.006599426
128.919985949,37.807124069,17.605400085
128.919960065,37.805772506,15.682100296
128.919934182,37.804420942,13.858499527
128.919908300,37.803069379,12.372799873
128.919882421,37.801717814,10.777000427
128.919856543,37.800366250,9.473899841
128.919830667,37.799014685,7.826799870
128.919804793,37.797663119,4.717199802
128.919778920,37.796311554,2.468400002
128.919753049,37.794959988,1.770699978
128.925387137,37.999022058,715.972473145
128.925360974,37.997670542,696.305725098
128.925334813,37.996319026,686.402221680
128.925308653,37.994967509,666.641479492
128.925282496,37.993615992,640.643676758
128.925256340,37.992264475,617.586975098
128.925230185,37.990912957,601.343322754
128.925204033,37.989561439,585.279296875
128.925177882,37.988209921,563.146789551
128.925151733,37.986858403,544.559570313
128.925125586,37.985506884,528.937927246
128.925099440,37.984155364,514.601684570
128.925073297,37.982803845,499.758392334
128.925047154,37.981452325,485.733612061
128.925021014,37.980100805,475.319793701
128.924994876,37.978749284,466.687103271
128.924968739,37.977397763,457.428009033
128.924942604,37.976046242,447.647186279
128.924916471,37.974694721,438.853210449
128.924890339,37.973343199,429.684112549
128.924864209,37.971991676,420.617309570
128.924838081,37.970640154,410.897399902
128.924811955,37.969288631,402.659210205
128.924785830,37.967937108,394.873504639
128.924759708,37.966585584,386.850097656
128.924733587,37.965234061,377.972686768
128.924707467,37.963882536,369.032592773
128.924681350,37.962531012,361.060791016
128.924655234,37.961179487,354.415985107
128.924629120,37.959827962,346.709411621
128.924603007,37.958476437,340.163391113
128.924576897,37.957124911,333.070190430
128.924550788,37.955773385,326.918792725
128.924524681,37.954421858,320.237091064
128.924498576,37.953070331,314.299499512
128.924472472,37.951718804,309.973297119
128.924446370,37.950367277,303.896514893
128.924420270,37.949015749,298.284912109
128.924394172,37.947664221,292.861785889
128.924368075,37.946312693,288.009185791
128.924341980,37.944961164,283.609191895
128.924315887,37.943609635,277.803009033
128.924289796,37.942258106,275.643005371
128.924263706,37.940906576,273.020202637
128.924237618,37.939555046,269.695892334
128.924211532,37.938203515,265.307403564
128.924185448,37.936851985,259.084594727
128.924159365,37.935500454,253.430404663
128.924133284,37.934148922,245.657394409
128.924107205,37.932797391,239.571502686
128.924081128,37.931445859,233.845703125
128.924055052,37.930094326,229.218399048
128.924028978,37.928742794,224.457992554
128.924002906,37.927391261,216.787094116
128.923976835,37.926039727,208.946701050
128.923950767,37.924688194,195.603500366
128.923924700,37.923336660,175.444107056
128.923898635,37.921985126,157.243499756
128.923872571,37.920633591,149.774093628
128.923846509,37.919282056,146.576400757
128.923820449,37.917930521,144.319000244
128.923794391,37.916578985,142.425292969
128.923768335,37.915227449,141.621002197
128.923742280,37.913875913,141.233795166
128.923716227,37.912524377,140.669006348
128.923690176,37.911172840,139.603302002
128.923664126,37.909821302,138.713302612
128.923638078,37.908469765,138.365600586
128.923612032,37.907118227,137.827392578
128.923585988,37.905766689,137.649398804
128.923559946,37.904415150,136.226303101
128.923533905,37.903063611,135.092498779
128.923507866,37.901712072,134.572906494
128.923481828,37.900360533,134.473602295
128.923455793,37.899008993,133.863296509
128.923429759,37.897657453,132.866592407
128.923403727,37.896305912,131.406097412
128.923377696,37.894954372,130.828399658
128.923351668,37.893602830,129.440093994
128.923325641,37.892251289,127.551399231
128.923299616,37.890899747,125.793998718
128.923273592,37.889548205,124.444900513
128.923247571,37.888196663,123.571601868
128.923221551,37.886845120,122.630401611
128.923195533,37.885493577,121.325103760
128.923169516,37.884142033,118.462799072
128.923143501,37.882790490,116.206001282
128.923117488,37.881438946,114.824203491
128.923091477,37.880087401,112.684997559
128.923065468,37.878735856,109.948402405
128.923039460,37.877384311,106.904899597
128.923013454,37.876032766,104.235900879
128.922987450,37.874681220,101.703697205
128.922961447,37.873329674,96.801498413
128.922935446,37.871978128,91.874702454
128.922909447,37.870626581,87.328201294
128.922883450,37.869275034,82.305099487
128.922857454,37.867923487,77.840301514
128.922831461,37.866571939,74.148902893
128.922805468,37.865220391,70.497497559
128.922779478,37.863868843,67.425300598
128.922753490,37.862517294,65.054496765
128.922727503,37.861165745,63.045898438
128.922701517,37.859814196,60.445098877
128.922675534,37.858462646,57.466300964
128.922649552,37.857111097,54.456199646
128.922623572,37.855759546,52.082599640
128.922597594,37.854407996,50.853298187
128.922571618,37.853056445,49.574699402
128.922545643,37.851704894,48.257099152
128.922519670,37.850353342,47.063899994
128.922493699,37.849001790,45.617698669
128.922467729,37.847650238,41.912101746
128.922441762,37.846298685,41.199600220
128.922415795,37.844947132,39.576801300
128.922389831,37.843595579,36.825901031
128.922363869,37.842244026,36.281398773
128.922337908,37.840892472,33.287998199
128.922311949,37.839540918,30.669200897
128.922285991,37.838189363,32.774799347
128.922260036,37.836837808,32.085601807
128.922234082,37.835486253,31.496400833
128.922208130,37.834134698,30.768600464
128.922182179,37.832783142,28.163799286
128.922156231,37.831431586,26.137599945
128.922130284,37.830080029,24.626300812
128.922104338,37.828728472,18.876800537
128.922078395,37.827376915,23.130599976
128.922052453,37.826025358,23.602800369
128.922026513,37.824673800,24.439500809
128.922000575,37.823322242,23.789100647
128.921974638,37.821970684,23.866399765
128.921948703,37.820619125,21.013999939
128.921922770,37.819267566,16.294799805
128.921896839,37.817916006,16.188999176
128.921870909,37.816564447,18.613199234
128.921844982,37.815212887,19.279699326
128.921819055,37.813861326,21.423900604
128.921793131,37.812509766,21.697299957
128.921767208,37.811158205,20.426599503
128.921741287,37.809806643,20.321699142
128.921715368,37.808455081,19.461399078
128.921689451,37.807103519,18.722799301
128.921663535,37.805751957,17.006599426
128.921637621,37.804400394,15.252300262
128.921611709,37.803048831,13.682399750
128.921585798,37.801697268,12.223600388
128.921559889,37.800345705,10.946700096
128.921533982,37.798994141,9.623000145
128.921508077,37.797642576,7.657299995
128.921482173,37.796291012,4.638899803
128.921456271,37.794939447,2.418100119
128.921430371,37.793587881,1.761899948
128.927095064,37.999001342,715.479003906
128.927068870,37.997649827,695.139221191
128.927042677,37.996298312,675.098815918
128.927016486,37.994946796,650.558471680
128.926990297,37.993595280,626.639282227
128.926964110,37.992243764,605.367370605
128.926937924,37.990892247,586.903869629
128.926911740,37.989540730,571.101501465
128.926885558,37.988189213,554.262390137
128.926859378,37.986837695,540.382385254
128.926833199,37.985486177,525.051269531
128.926807023,37.984134659,512.016723633
128.926780847,37.982783140,500.559387207
128.926754674,37.981431622,490.795410156
128.926728503,37.980080102,480.945892334
128.926702333,37.978728583,470.703186035
128.926676165,37.977377063,460.040710449
128.926649998,37.976025543,452.287994385
128.926623834,37.974674022,444.128814697
128.926597671,37.973322501,434.255493164
128.926571510,37.971970980,424.864685059
128.926545351,37.970619459,416.448791504
128.926519193,37.969267937,408.662414551
128.926493037,37.967916415,401.327087402
128.926466883,37.966564892,393.174285889
128.926440731,37.965213369,384.573791504
128.926414580,37.963861846,376.333587646
128.926388431,37.962510323,368.009887695
128.926362284,37.961158799,360.182800293
128.926336139,37.959807275,354.338409424
128.926309995,37.958455750,347.627990723
128.926283853,37.957104225,341.093505859
128.926257713,37.955752700,333.724212646
128.926231575,37.954401175,327.144897461
128.926205438,37.953049649,322.469696045
128.926179304,37.951698123,315.966400146
128.926153171,37.950346597,310.185607910
128.926127039,37.948995070,302.941589355
128.926100910,37.947643543,298.368408203
128.926074782,37.946292015,293.770690918
128.926048656,37.944940488,289.278808594
128.926022531,37.943588960,283.762298584
128.925996409,37.942237431,282.667205811
128.925970288,37.940885902,280.796600342
128.925944169,37.939534373,276.518890381
128.925918051,37.938182844,269.248901367
128.925891936,37.936831314,265.872009277
128.925865822,37.935479784,259.014709473
128.925839710,37.934128254,251.877197266
128.925813599,37.932776723,246.588195801
128.925787491,37.931425192,240.158096313
128.925761384,37.930073661,236.650497437
128.925735279,37.928722129,232.310302734
128.925709175,37.927370597,226.889892578
128.925683074,37.926019065,221.765701294
128.925656974,37.924667532,214.255096436
128.925630876,37.923316000,203.265106201
128.925604779,37.921964466,188.499603271
128.925578685,37.920612933,169.307693481
128.925552592,37.919261399,155.058197021
128.925526500,37.917909864,148.708602905
128.925500411,37.916558330,145.864593506
128.925474323,37.915206795,144.338500977
128.925448237,37.913855260,143.254898071
128.925422153,37.912503724,142.388702393
128.925396071,37.911152188,141.192001343
128.925369990,37.909800652,140.027694702
128.925343911,37.908449116,139.443496704
128.925317834,37.907097579,138.784606934
128.925291758,37.905746041,138.335998535
128.925265685,37.904394504,137.313598633
128.925239613,37.903042966,136.196395874
128.925213542,37.901691428,135.416198730
128.925187474,37.900339889,135.469604492
128.925161407,37.898988351,135.149902344
128.925135342,37.897636811,134.045394897
128.925109279,37.896285272,132.744903564
128.925083217,37.894933732,132.201400757
128.925057157,37.893582192,131.117904663
128.925031099,37.892230652,129.105804443
128.925005043,37.890879111,127.169998169
128.924978989,37.889527570,126.288597107
128.924952936,37.888176028,125.529502869
128.924926885,37.886824486,124.249801636
128.924900835,37.885472944,122.940200806
128.924874788,37.884121402,121.424400330
128.924848742,37.882769859,119.605102539
128.924822698,37.881418316,117.979797363
128.924796655,37.880066773,115.981300354
128.924770615,37.878715229,112.982101440
128.924744576,37.877363685,110.180198669
128.924718539,37.876012141,106.451499939
128.924692503,37.874660596,104.475097656
128.924666470,37.873309051,100.304702759
128.924640438,37.871957505,96.720596313
128.924614408,37.870605960,92.949302673
128.924588379,37.869254414,88.640701294
128.924562352,37.867902867,84.132003784
128.924536328,37.866551321,79.914100647
128.924510304,37.865199774,76.028999329
128.924484283,37.863848227,72.895599365
128.924458263,37.862496679,70.843299866
128.924432245,37.861145131,68.341697693
128.924406229,37.859793583,65.070396423
128.924380214,37.858442034,60.411098480
128.924354202,37.857090485,55.915298462
128.924328190,37.855738936,55.538898468
128.924302181,37.854387386,54.509399414
128.924276174,37.853035836,52.776100159
128.924250168,37.851684286,51.207599640
128.924224164,37.850332735,48.939399719
128.924198161,37.848981185,47.536800385
128.924172161,37.847629633,45.908901215
128.924146162,37.846278082,44.326900482
128.924120165,37.844926530,42.011100769
128.924094169,37.843574978,38.650501251
128.924068176,37.842223425,38.838199615
128.924042184,37.840871872,36.669399261
128.924016194,37.839520319,34.499500275
128.923990205,37.838168766,35.257801056
128.923964218,37.836817212,34.237598419
128.923938233,37.835465658,31.960500717
128.923912250,37.834114103,26.774499893
128.923886269,37.832762548,24.626899719
128.923860289,37.831410993,25.233299255
128.923834311,37.830059438,26.819599152
128.923808335,37.828707882,25.434499741
128.923782360,37.827356326,24.737800598
128.923756387,37.826004769,23.730600357
128.923730416,37.824653213,24.563100815
128.923704447,37.823301655,24.380100250
128.923678479,37.821950098,24.019300461
128.923652513,37.820598540,21.167100906
128.923626549,37.819246982,18.131900787
128.923600587,37.817895424,19.026599884
128.923574626,37.816543865,18.421400070
128.923548667,37.815192306,15.966899872
128.923522710,37.813840747,14.267700195
128.923496755,37.812489187,20.301500320
128.923470801,37.811137627,21.845699310
128.923444849,37.809786067,20.802499771
128.923418899,37.808434506,21.353700638
128.923392950,37.807082945,20.384799957
128.923367004,37.805731383,18.541000366
128.923341058,37.804379822,16.755899429
128.923315115,37.803028260,15.144700050
128.923289174,37.801676698,13.915300369
128.923263234,37.800325135,12.453300476
128.923237296,37.798973572,11.138400078
128.923211359,37.797622009,9.683099747
128.923185425,37.796270445,7.374499798
128.923159492,37.794918881,4.550199986
128.923133561,37.793567317,3.519299984
128.923107631,37.792215752,2.007100105
128.928802989,37.998980601,715.473693848
128.928776763,37.997629087,689.926086426
128.928750539,37.996277572,667.842712402
128.928724317,37.994926058,647.824279785
128.928698097,37.993574543,623.052124023
128.928671878,37.992223028,596.740478516
128.928645661,37.990871512,577.570373535
128.928619446,37.989519996,561.901794434
128.928593233,37.988168480,544.781005859
128.928567021,37.986816963,532.898620605
128.928540811,37.985465446,522.215087891
128.928514603,37.984113929,512.202270508
128.928488397,37.982762411,504.074493408
128.928462192,37.981410893,494.584686279
128.928435989,37.980059375,484.157897949
128.928409788,37.978707857,474.093902588
128.928383589,37.977356338,465.588104248
128.928357391,37.976004819,456.036499023
128.928331195,37.974653299,448.190307617
128.928305001,37.973301779,439.804412842
128.928278809,37.971950259,433.250610352
128.928252618,37.970598738,423.312286377
128.928226429,37.969247218,414.954589844
128.928200242,37.967895696,407.937500000
128.928174057,37.966544175,400.088409424
128.928147873,37.965192653,391.375305176
128.928121691,37.963841131,382.952697754
128.928095511,37.962489608,375.526611328
128.928069333,37.961138086,367.822601318
128.928043156,37.959786562,360.771392822
128.928016981,37.958435039,354.547790527
128.927990808,37.957083515,346.725585938
128.927964637,37.955731991,342.420501709
128.927938467,37.954380467,335.921600342
128.927912300,37.953028942,329.443206787
128.927886133,37.951677417,323.173614502
128.927859969,37.950325891,315.806793213
128.927833807,37.948974366,310.111999512
128.927807646,37.947622840,305.879211426
128.927781487,37.946271313,300.656097412
128.927755329,37.944919786,296.481506348
128.927729174,37.943568259,291.407104492
128.927703020,37.942216732,288.978088379
128.927676868,37.940865204,286.469604492
128.927650717,37.939513676,282.607299805
128.927624569,37.938162148,276.583892822
128.927598422,37.936810619,272.197814941
128.927572277,37.935459090,265.748291016
128.927546133,37.934107561,260.092803955
128.927519992,37.932756031,254.405807495
128.927493852,37.931404501,248.889007568
128.927467714,37.930052971,245.017105103
128.927441578,37.928701440,240.063400269
128.927415443,37.927349909,234.953598022
128.927389310,37.925998378,231.858093262
128.927363179,37.924646846,225.759201050
128.927337050,37.923295314,218.066192627
128.927310922,37.921943782,209.769393921
128.927284796,37.920592250,198.806900024
128.927258672,37.919240717,183.252105713
128.927232550,37.917889183,162.497695923
128.927206429,37.916537650,151.886001587
128.927180310,37.915186116,148.712295532
128.927154193,37.913834582,146.690093994
128.927128078,37.912483047,144.842102051
128.927101964,37.911131512,143.202301025
128.927075852,37.909779977,141.770706177
128.927049742,37.908428441,140.876007080
128.927023634,37.907076906,140.065704346
128.926997527,37.905725369,139.233703613
128.926971422,37.904373833,138.073303223
128.926945319,37.903022296,137.272094727
128.926919217,37.901670759,136.690902710
128.926893118,37.900319221,136.764602661
128.926867020,37.898967683,136.337097168
128.926840924,37.897616145,135.228698730
128.926814829,37.896264607,133.938507080
128.926788736,37.894913068,133.493606567
128.926762645,37.893561529,132.413894653
128.926736556,37.892209989,130.867904663
128.926710469,37.890858450,128.920303345
128.926684383,37.889506910,127.801498413
128.926658299,37.888155369,126.691398621
128.926632217,37.886803828,125.838302612
128.926606136,37.885452287,125.115898132
128.926580058,37.884100746,123.785102844
128.926553981,37.882749204,122.081802368
128.926527905,37.881397662,120.198097229
128.926501832,37.880046120,118.552299500
128.926475760,37.878694577,116.019401550
128.926449690,37.877343034,111.890403748
128.926423622,37.875991490,110.577903748
128.926397555,37.874639947,108.654800415
128.926371491,37.873288403,104.210403442
128.926345427,37.871936858,100.739898682
128.926319366,37.870585314,97.738601685
128.926293307,37.869233769,94.344497681
128.926267249,37.867882223,90.479698181
128.926241193,37.866530678,86.213996887
128.926215138,37.865179132,81.866302490
128.926189086,37.863827585,78.126296997
128.926163035,37.862476039,75.428901672
128.926136986,37.861124492,73.312797546
128.926110938,37.859772944,70.661003113
128.926084893,37.858421397,65.060401917
128.926058849,37.857069849,61.535999298
128.926032807,37.855718301,58.829700470
128.926006766,37.854366752,56.002998352
128.925980728,37.853015203,54.767700195
128.925954691,37.851663654,52.960899353
128.925928656,37.850312104,51.005100250
128.925902622,37.848960554,48.808498383
128.925876590,37.847609004,47.281101227
128.925850560,37.846257454,46.383300781
128.925824532,37.844905903,45.145198822
128.925798506,37.843554351,43.736499786
128.925772481,37.842202800,41.348701477
128.925746458,37.840851248,39.049900055
128.925720437,37.839499696,38.566001892
128.925694417,37.838148143,36.556198120
128.925668399,37.836796591,34.079101563
128.925642383,37.835445037,31.377899170
128.925616369,37.834093484,28.906700134
128.925590357,37.832741930,23.761199951
128.925564346,37.831390376,23.006799698
128.925538337,37.830038821,25.549600601
128.925512329,37.828687267,26.817899704
128.925486324,37.827335712,28.206100464
128.925460320,37.825984156,28.045099258
128.925434318,37.824632600,22.462900162
128.925408317,37.823281044,18.190500259
128.925382319,37.821929488,21.666700363
128.925356322,37.820577931,21.787799835
128.925330327,37.819226374,17.419599533
128.925304333,37.817874817,14.786800385
128.925278341,37.816523259,13.854200363
128.925252352,37.815171701,17.145299911
128.925226363,37.813820142,20.582399368
128.925200377,37.812468584,22.904399872
128.925174392,37.811117025,22.601999283
128.925148409,37.809765465,20.935600281
128.925122428,37.808413906,21.705299377
128.925096448,37.807062346,21.185800552
128.925070470,37.805710785,19.752099991
128.925044494,37.804359225,18.580400467
128.925018520,37.803007664,16.946899414
128.924992547,37.801656102,15.593099594
128.924966577,37.800304541,14.119899750
128.924940607,37.798952979,12.715100288
128.924914640,37.797601416,11.183799744
128.924888674,37.796249854,9.626500130
128.924862711,37.794898291,7.323100090
128.924836748,37.793546728,4.603700161
128.924810788,37.792195164,2.823400021
128.924784829,37.790843600,1.670300007
128.930510912,37.998959835,711.479675293
128.930484655,37.997608322,678.326904297
128.930458400,37.996256808,654.825927734
128.930432146,37.994905295,632.254516602
128.930405895,37.993553781,608.931518555
128.930379645,37.992202267,590.261291504
128.930353396,37.990850752,573.246215820
128.930327150,37.989499237,557.484924316
128.930300905,37.988147722,544.856384277
128.930274662,37.986796206,534.380187988
128.930248421,37.985444690,525.396789551
128.930222182,37.984093174,516.674072266
128.930195944,37.982741657,506.887084961
128.930169708,37.981390140,497.361602783
128.930143474,37.980038623,488.128509521
128.930117241,37.978687106,478.864013672
128.930091011,37.977335588,470.509887695
128.930064782,37.975984070,462.315002441
128.930038555,37.974632551,453.370605469
128.930012329,37.973281032,445.548309326
128.929986106,37.971929513,437.853698730
128.929959884,37.970577993,429.338287354
128.929933664,37.969226474,420.906890869
128.929907445,37.967874953,414.498992920
128.929881229,37.966523433,406.900695801
128.929855014,37.965171912,399.444213867
128.929828801,37.963820391,391.544189453
128.929802589,37.962468870,382.827209473
128.929776380,37.961117348,374.983886719
128.929750172,37.959765826,368.282012939
128.929723966,37.958414303,360.037811279
128.929697761,37.957062780,353.711212158
128.929671559,37.955711257,348.058410645
128.929645358,37.954359734,342.510498047
128.929619159,37.953008210,335.421997070
128.929592962,37.951656686,328.001495361
128.929566766,37.950305162,321.591003418
128.929540572,37.948953637,317.608306885
128.929514380,37.947602112,312.754486084
128.929488190,37.946250586,308.243011475
128.929462001,37.944899061,303.420806885
128.929435814,37.943547535,298.582397461
128.929409629,37.942196008,296.620208740
128.929383446,37.940844481,290.943786621
128.929357264,37.939492954,284.009796143
128.929331084,37.938141427,279.516601563
128.929304906,37.936789899,275.409301758
128.929278730,37.935438371,271.600097656
128.929252555,37.934086843,266.638488770
128.929226383,37.932735314,261.467803955
128.929200212,37.931383785,256.326202393
128.929174042,37.930032256,252.756500244
128.929147875,37.928680726,248.224304199
128.929121709,37.927329196,244.490097046
128.929095545,37.925977666,240.078094482
128.929069382,37.924626136,234.733993530
128.929043222,37.923274605,228.735504150
128.929017063,37.921923073,222.933105469
128.928990906,37.920571542,214.974899292
128.928964751,37.919220010,205.773803711
128.928938597,37.917868477,192.764999390
128.928912445,37.916516945,176.524703979
128.928886295,37.915165412,162.678695679
128.928860147,37.913813879,153.912902832
128.928834000,37.912462345,149.451202393
128.928807855,37.911110811,146.463302612
128.928781712,37.909759277,144.476104736
128.928755571,37.908407743,142.904296875
128.928729431,37.907056208,141.706604004
128.928703294,37.905704672,140.443801880
128.928677158,37.904353137,139.212005615
128.928651023,37.903001601,138.260192871
128.928624891,37.901650065,137.612701416
128.928598760,37.900298528,137.772293091
128.928572631,37.898946992,137.357192993
128.928546503,37.897595454,136.411407471
128.928520378,37.896243917,135.393707275
128.928494254,37.894892379,134.976593018
128.928468132,37.893540841,133.949798584
128.928442011,37.892189303,132.209701538
128.928415893,37.890837764,130.543594360
128.928389776,37.889486225,129.360000610
128.928363661,37.888134685,127.833801270
128.928337547,37.886783145,127.357597351
128.928311436,37.885431605,126.996200562
128.928285326,37.884080065,125.715400696
128.928259218,37.882728524,124.129203796
128.928233111,37.881376983,122.472999573
128.928207007,37.880025442,121.050598145
128.928180904,37.878673900,119.747100830
128.928154803,37.877322358,117.497901917
128.928128703,37.875970816,115.371597290
128.928102605,37.874619273,112.452003479
128.928076510,37.873267730,108.999000549
128.928050415,37.871916187,104.319900513
128.928024323,37.870564643,101.217201233
128.927998232,37.869213099,98.143898010
128.927972143,37.867861554,94.978698730
128.927946056,37.866510010,91.335700989
128.927919971,37.865158465,87.065902710
128.927893887,37.863806920,83.023803711
128.927867805,37.862455374,79.556800842
128.927841725,37.861103828,76.572402954
128.927815646,37.859752282,73.290496826
128.927789570,37.858400735,68.800102234
128.927763495,37.857049188,64.028701782
128.927737421,37.855697641,62.777900696
128.927711350,37.854346093,61.275901794
128.927685280,37.852994545,56.649398804
128.927659212,37.851642997,54.655998230
128.927633146,37.850291448,52.651199341
128.927607081,37.848939900,50.426799774
128.927581018,37.847588350,48.872699738
128.927554957,37.846236801,47.704399109
128.927528898,37.844885251,47.037998199
128.927502840,37.843533701,44.792499542
128.927476785,37.842182150,42.700298309
128.927450731,37.840830599,41.514099121
128.927424678,37.839479048,38.748401642
128.927398628,37.838127497,35.304199219
128.927372579,37.836775945,33.776100159
128.927346532,37.835424393,32.141998291
128.927320486,37.834072840,30.539800644
128.927294443,37.832721287,29.215999603
128.927268401,37.831369734,26.859500885
128.927242361,37.830018181,29.202899933
128.927216322,37.828666627,27.147600174
128.927190286,37.827315073,25.902999878
128.927164251,37.825963518,25.057899475
128.927138217,37.824611963,26.596099854
128.927112186,37.823260408,25.171199799
128.927086156,37.821908853,23.803300858
128.927060128,37.820557297,21.329299927
128.927034102,37.819205741,16.207899094
128.927008078,37.817854185,14.073399544
128.926982055,37.816502628,16.327299118
128.926956034,37.815151071,22.521999359
128.926930015,37.813799514,22.474899292
128.926903997,37.812447956,24.153699875
128.926877981,37.811096398,23.638099670
128.926851967,37.809744839,22.249500275
128.926825955,37.808393281,22.173900604
128.926799944,37.807041722,21.263099670
128.926773936,37.805690162,20.014099121
128.926747928,37.804338603,19.746400833
128.926721923,37.802987043,18.589500427
128.926695920,37.801635482,17.404100418
128.926669918,37.800283922,16.009300232
128.926643918,37.798932361,14.425299644
128.926617919,37.797580799,12.841099739
128.926591922,37.796229238,11.347200394
128.926565928,37.794877676,9.811200142
128.926539934,37.793526114,7.383800030
128.926513943,37.792174551,4.446599960
128.926487953,37.790822988,3.176500082
128.926461965,37.789471425,1.839499950
128.932218833,37.998939044,700.896118164
128.932192545,37.997587532,662.917724609
128.932166259,37.996236020,639.958984375
128.932139974,37.994884507,619.489685059
128.932113691,37.993532994,601.305480957
128.932087409,37.992181481,583.147216797
128.932061130,37.990829967,568.070312500
128.932034852,37.989478453,555.309875488
128.932008576,37.988126939,544.206604004
128.931982302,37.986775424,535.107421875
128.931956029,37.985423909,526.422485352
128.931929759,37.984072394,518.251525879
128.931903490,37.982720879,510.059295654
128.931877222,37.981369363,500.746307373
128.931850957,37.980017847,492.214385986
128.931824693,37.978666330,484.052612305
128.931798431,37.977314813,475.703887939
128.931772171,37.975963296,466.476287842
128.931745913,37.974611778,458.685211182
128.931719656,37.973260260,451.049407959
128.931693401,37.971908742,442.941314697
128.931667148,37.970557224,435.126312256
128.931640896,37.969205705,427.656494141
128.931614647,37.967854186,420.800201416
128.931588399,37.966502666,413.398193359
128.931562153,37.965151146,405.557586670
128.931535908,37.963799626,398.012084961
128.931509666,37.962448106,391.088592529
128.931483425,37.961096585,382.884399414
128.931457186,37.959745064,375.037506104
128.931430948,37.958393542,368.008209229
128.931404713,37.957042021,361.605194092
128.931378479,37.955690499,356.812896729
128.931352247,37.954338976,348.215087891
128.931326016,37.952987453,340.343902588
128.931299788,37.951635930,333.688995361
128.931273561,37.950284407,327.852386475
128.931247336,37.948932883,322.128906250
128.931221113,37.947581359,317.851593018
128.931194891,37.946229835,313.704498291
128.931168671,37.944878310,309.172088623
128.931142453,37.943526785,304.813201904
128.931116237,37.942175260,298.872711182
128.931090022,37.940823734,295.123413086
128.931063809,37.939472208,290.807098389
128.931037598,37.938120681,286.000488281
128.931011389,37.936769155,281.577209473
128.930985182,37.935417628,277.539489746
128.930958976,37.934066100,272.756103516
128.930932772,37.932714573,268.070098877
128.930906569,37.931363045,263.003814697
128.930880369,37.930011516,257.094299316
128.930854170,37.928659988,250.500305176
128.930827973,37.927308459,248.969192505
128.930801778,37.925956930,246.017105103
128.930775584,37.924605400,240.632797241
128.930749392,37.923253870,235.841003418
128.930723202,37.921902340,231.622802734
128.930697014,37.920550809,227.186203003
128.930670828,37.919199278,219.906906128
128.930644643,37.917847747,210.481597900
128.930618460,37.916496215,199.613601685
128.930592279,37.915144683,189.847305298
128.930566099,37.913793151,177.498001099
128.930539921,37.912441619,162.632293701
128.930513745,37.911090086,153.169006348
128.930487571,37.909738553,148.626007080
128.930461398,37.908387019,145.902893066
128.930435228,37.907035485,143.997695923
128.930409059,37.905683951,142.552597046
128.930382891,37.904332416,140.673995972
128.930356726,37.902980882,139.256896973
128.930330562,37.901629346,138.513504028
128.930304400,37.900277811,138.677795410
128.930278240,37.898926275,138.352401733
128.930252081,37.897574739,137.535095215
128.930225924,37.896223202,136.512802124
128.930199769,37.894871666,136.154998779
128.930173616,37.893520129,135.283996582
128.930147465,37.892168591,133.917297363
128.930121315,37.890817053,132.365600586
128.930095167,37.889465515,131.036407471
128.930069021,37.888113977,130.037902832
128.930042876,37.886762438,129.427597046
128.930016733,37.885410899,129.131393433
128.929990592,37.884059359,127.888603210
128.929964453,37.882707820,126.120201111
128.929938315,37.881356280,124.508598328
128.929912180,37.880004739,123.558502197
128.929886046,37.878653199,121.614196777
128.929859913,37.877301657,119.769699097
128.929833783,37.875950116,117.496101379
128.929807654,37.874598574,115.225196838
128.929781527,37.873247032,112.221603394
128.929755402,37.871895490,108.797996521
128.929729278,37.870543947,105.275199890
128.929703156,37.869192404,101.537200928
128.929677036,37.867840861,98.119102478
128.929650918,37.866489317,94.740699768
128.929624801,37.865137773,91.070297241
128.929598686,37.863786229,87.140701294
128.929572573,37.862434684,82.765403748
128.929546462,37.861083139,78.724502563
128.929520352,37.859731594,75.329399109
128.929494245,37.858380049,74.243301392
128.929468138,37.857028503,72.176200867
128.929442034,37.855676956,68.513603210
128.929415931,37.854325410,65.263298035
128.929389831,37.852973863,61.761299133
128.929363732,37.851622316,58.406398773
128.929337634,37.850270768,55.344600677
128.929311539,37.848919220,52.895198822
128.929285445,37.847567672,50.915199280
128.929259352,37.846216123,49.210998535
128.929233262,37.844864574,47.289199829
128.929207173,37.843513025,45.293098450
128.929181087,37.842161476,42.496200562
128.929155001,37.840809926,40.191799164
128.929128918,37.839458376,37.213298798
128.929102836,37.838106825,36.519599915
128.929076756,37.836755274,35.662101746
128.929050678,37.835403723,34.345100403
128.929024602,37.834052172,32.347801208
128.928998527,37.832700620,29.155599594
128.928972454,37.831349068,25.725299835
128.928946383,37.829997515,30.795000076
128.928920313,37.828645962,26.216499329
128.928894246,37.827294409,23.625299454
128.928868180,37.825942856,20.754800797
128.928842115,37.824591302,24.594800949
128.928816053,37.823239748,25.558000565
128.928789992,37.821888193,24.952400208
128.928763933,37.820536639,23.954399109
128.928737876,37.819185084,20.648500443
128.928711820,37.817833528,20.249500275
128.928685767,37.816481972,24.049600601
128.928659715,37.815130416,22.879899979
128.928633664,37.813778860,24.983299255
128.928607616,37.812427303,25.514200211
128.928581569,37.811075746,24.683700562
128.928555524,37.809724189,24.011999130
128.928529480,37.808372631,23.125000000
128.928503439,37.807021073,21.554300308
128.928477399,37.805669515,20.832599640
128.928451361,37.804317956,21.371299744
128.928425325,37.802966397,20.252700806
128.928399290,37.801614838,18.873300552
128.928373257,37.800263278,17.592800140
128.928347226,37.798911718,16.141399384
128.928321196,37.797560158,14.836400032
128.928295169,37.796208597,13.227000237
128.928269143,37.794857036,11.581100464
128.928243119,37.793505475,9.910699844
128.928217096,37.792153914,7.165299892
128.928191075,37.790802352,4.497200012
128.928165056,37.789450789,3.551100016
128.928139039,37.788099227,1.985800028
128.933926753,37.998918228,711.966308594
128.933900433,37.997566717,655.305786133
128.933874115,37.996215206,628.500183105
128.933847799,37.994863694,610.415771484
128.933821485,37.993512183,591.112976074
128.933795172,37.992160670,576.917419434
128.933768862,37.990809158,564.271911621
128.933742553,37.989457645,554.219116211
128.933716245,37.988106131,545.966125488
128.933689940,37.986754618,537.758972168
128.933663636,37.985403104,529.626281738
128.933637334,37.984051590,522.046508789
128.933611034,37.982700075,513.242797852
128.933584735,37.981348560,505.486602783
128.933558438,37.979997045,497.656311035
128.933532143,37.978645529,488.171112061
128.933505850,37.977294014,480.035491943
128.933479559,37.975942497,472.231414795
128.933453269,37.974590981,464.923492432
128.933426981,37.973239464,456.768890381
128.933400695,37.971887947,448.988891602
128.933374410,37.970536429,441.084594727
128.933348128,37.969184911,433.149414063
128.933321847,37.967833393,427.095611572
128.933295567,37.966481875,420.203094482
128.933269290,37.965130356,412.051513672
128.933243014,37.963778837,403.983184814
128.933216740,37.962427317,395.439514160
128.933190468,37.961075798,388.020812988
128.933164198,37.959724277,382.491210938
128.933137929,37.958372757,375.406707764
128.933111662,37.957021236,368.202301025
128.933085397,37.955669715,359.597412109
128.933059134,37.954318194,351.944488525
128.933032872,37.952966672,345.155609131
128.933006612,37.951615150,339.289794922
128.932980354,37.950263627,333.302185059
128.932954098,37.948912105,328.678009033
128.932927843,37.947560582,324.158111572
128.932901591,37.946209058,320.728912354
128.932875340,37.944857535,316.096710205
128.932849090,37.943506011,310.178405762
128.932822843,37.942154486,305.473602295
128.932796597,37.940802961,300.791290283
128.932770353,37.939451436,295.963989258
128.932744111,37.938099911,292.009399414
128.932717870,37.936748385,287.659088135
128.932691631,37.935396859,283.461700439
128.932665394,37.934045333,278.814300537
128.932639159,37.932693806,274.011901855
128.932612925,37.931342279,269.160888672
128.932586694,37.929990752,264.139404297
128.932560464,37.928639224,258.178192139
128.932534235,37.927287697,253.479705811
128.932508009,37.925936168,251.783004761
128.932481784,37.924584640,248.276199341
128.932455561,37.923233111,243.423004150
128.932429340,37.921881581,238.479705811
128.932403120,37.920530052,235.338302612
128.932376903,37.919178522,229.957702637
128.932350687,37.917826992,223.260604858
128.932324473,37.916475461,213.749404907
128.932298260,37.915123930,205.134292603
128.932272049,37.913772399,196.896804810
128.932245840,37.912420867,186.212005615
128.932219633,37.911069335,171.791702271
128.932193428,37.909717803,157.921707153
128.932167224,37.908366271,151.111602783
128.932141022,37.907014738,147.555297852
128.932114822,37.905663205,144.543899536
128.932088623,37.904311671,142.296493530
128.932062427,37.902960137,140.757293701
128.932036232,37.901608603,139.754898071
128.932010039,37.900257069,139.901306152
128.931983847,37.898905534,139.354598999
128.931957657,37.897553999,138.543899536
128.931931470,37.896202463,137.672302246
128.931905283,37.894850927,137.198806763
128.931879099,37.893499391,136.409805298
128.931852916,37.892147855,135.221496582
128.931826735,37.890796318,133.895492554
128.931800556,37.889444781,132.304901123
128.931774379,37.888093243,131.850997925
128.931748203,37.886741706,131.234893799
128.931722029,37.885390168,130.556106567
128.931695857,37.884038629,129.334793091
128.931669686,37.882687090,127.759201050
128.931643518,37.881335551,126.520401001
128.931617351,37.879984012,125.449203491
128.931591186,37.878632472,123.296096802
128.931565022,37.877280932,121.525100708
128.931538861,37.875929392,119.399803162
128.931512701,37.874577851,117.061500549
128.931486542,37.873226310,114.886398315
128.931460386,37.871874769,112.214599609
128.931434231,37.870523227,108.258201599
128.931408078,37.869171685,104.775596619
128.931381927,37.867820143,100.643302917
128.931355778,37.866468600,97.608497620
128.931329630,37.865117057,94.547203064
128.931303484,37.863765514,90.889503479
128.931277340,37.862413970,86.424301147
128.931251197,37.861062426,82.096000671
128.931225057,37.859710882,78.401199341
128.931198918,37.858359337,75.959800720
128.931172781,37.857007792,74.163696289
128.931146645,37.855656247,71.131500244
128.931120511,37.854304702,67.792900085
128.931094379,37.852953156,64.287803650
128.931068249,37.851601609,60.923599243
128.931042121,37.850250063,57.678501129
128.931015994,37.848898516,54.753700256
128.930989869,37.847546969,52.369598389
128.930963746,37.846195421,50.169200897
128.930937624,37.844843873,48.070899963
128.930911505,37.843492325,45.439201355
128.930885387,37.842140776,43.459201813
128.930859270,37.840789228,40.761001587
128.930833156,37.839437678,40.256099701
128.930807043,37.838086129,40.579299927
128.930780932,37.836734579,38.994400024
128.930754823,37.835383029,36.913700104
128.930728715,37.834031478,32.199001312
128.930702610,37.832679928,33.113498688
128.930676506,37.831328376,33.055801392
128.930650403,37.829976825,31.016799927
128.930624303,37.828625273,28.824499130
128.930598204,37.827273721,28.810199738
128.930572107,37.825922169,28.950099945
128.930546012,37.824570616,29.577400208
128.930519918,37.823219063,27.885599136
128.930493826,37.821867509,27.557399750
128.930467736,37.820515956,27.406900406
128.930441648,37.819164401,27.809299469
128.930415561,37.817812847,28.742599487
128.930389477,37.816461292,28.192899704
128.930363393,37.815109737,27.265100479
128.930337312,37.813758182,26.865800858
128.930311233,37.812406626,25.651199341
128.930285155,37.811055070,25.557800293
128.930259079,37.809703514,25.033500671
128.930233004,37.808351957,23.811199188
128.930206932,37.807000400,23.173299789
128.930180861,37.805648843,23.162200928
128.930154792,37.804297285,22.951599121
128.930128724,37.802945727,21.636499405
128.930102658,37.801594169,20.215499878
128.930076595,37.800242610,18.927200317
128.930050532,37.798891051,17.669500351
128.930024472,37.797539492,16.317199707
128.929998413,37.796187932,15.012000084
128.929972356,37.794836372,13.542099953
128.929946301,37.793484812,11.866900444
128.929920248,37.792133251,10.220499992
128.929894196,37.790781690,8.027700424
128.929868146,37.789430129,4.342199802
128.929842098,37.788078568,3.194499969
128.935634671,37.998897388,685.745117188
128.935608320,37.997545878,642.931274414
128.935581971,37.996194368,620.748474121
128.935555623,37.994842857,600.486328125
128.935529278,37.993491346,584.391601563
128.935502934,37.992139835,575.587219238
128.935476592,37.990788323,566.446716309
128.935450251,37.989436811,558.169494629
128.935423913,37.988085299,549.991882324
128.935397576,37.986733787,541.494628906
128.935371241,37.985382274,533.686218262
128.935344907,37.984030760,525.767028809
128.935318576,37.982679247,517.548522949
128.935292246,37.981327733,509.243194580
128.935265918,37.979976219,500.485809326
128.935239592,37.978624704,492.339691162
128.935213267,37.977273189,484.999908447
128.935186944,37.975921674,476.496612549
128.935160623,37.974570159,468.384613037
128.935134304,37.973218643,461.345611572
128.935107986,37.971867127,454.096191406
128.935081671,37.970515610,446.898590088
128.935055357,37.969164093,439.989410400
128.935029045,37.967812576,432.584411621
128.935002734,37.966461059,425.165588379
128.934976425,37.965109541,418.094787598
128.934950118,37.963758023,410.254699707
128.934923813,37.962406504,402.910186768
128.934897510,37.961054985,396.331909180
128.934871208,37.959703466,388.915191650
128.934844908,37.958351947,381.902893066
128.934818610,37.957000427,372.558593750
128.934792314,37.955648907,364.883911133
128.934766019,37.954297387,358.312103271
128.934739726,37.952945866,351.885101318
128.934713435,37.951594345,346.396911621
128.934687146,37.950242823,339.946289063
128.934660858,37.948891302,334.618408203
128.934634573,37.947539780,331.718109131
128.934608288,37.946188257,327.362213135
128.934582006,37.944836734,322.147705078
128.934555726,37.943485211,316.502685547
128.934529447,37.942133688,311.594909668
128.934503170,37.940782164,306.886199951
128.934476895,37.939430640,302.084289551
128.934450621,37.938079116,297.376586914
128.934424349,37.936727591,293.615509033
128.934398079,37.935376066,289.513214111
128.934371811,37.934024541,284.705688477
128.934345544,37.932673015,280.444793701
128.934319280,37.931321489,275.668701172
128.934293017,37.929969963,270.368988037
128.934266756,37.928618436,267.062896729
128.934240496,37.927266909,263.005798340
128.934214238,37.925915382,259.491912842
128.934187982,37.924563855,254.747695923
128.934161728,37.923212327,249.785400391
128.934135476,37.921860798,240.866302490
128.934109225,37.920509270,240.190597534
128.934082976,37.919157741,237.332992554
128.934056729,37.917806212,231.410202026
128.934030484,37.916454682,225.236801147
128.934004240,37.915103152,217.861801147
128.933977998,37.913751622,210.344604492
128.933951758,37.912400091,202.179794312
128.933925519,37.911048560,192.660003662
128.933899283,37.909697029,181.481994629
128.933873048,37.908345498,166.510406494
128.933846815,37.906993966,155.357604980
128.933820583,37.905642434,149.812896729
128.933794354,37.904290901,145.760299683
128.933768126,37.902939368,143.128295898
128.933741900,37.901587835,141.880203247
128.933715675,37.900236302,141.028396606
128.933689453,37.898884768,140.548706055
128.933663232,37.897533234,139.474700928
128.933637013,37.896181699,138.464096069
128.933610796,37.894830164,138.280395508
128.933584580,37.893478629,137.580398560
128.933558366,37.892127094,136.555694580
128.933532154,37.890775558,135.403900146
128.933505944,37.889424022,134.372192383
128.933479735,37.888072486,133.460800171
128.933453528,37.886720949,133.000503540
128.933427323,37.885369412,132.693893433
128.933401120,37.884017874,131.201705933
128.933374918,37.882666337,129.805404663
128.933348718,37.881314799,128.194793701
128.933322520,37.879963260,126.885101318
128.933296324,37.878611721,125.292602539
128.933270129,37.877260182,123.265800476
128.933243937,37.875908643,120.932502747
128.933217746,37.874557103,119.330596924
128.933191556,37.873205563,117.203498840
128.933165369,37.871854023,114.799102783
128.933139183,37.870502482,111.481201172
128.933112999,37.869150941,107.281097412
128.933086816,37.867799400,102.960700989
128.933060636,37.866447858,101.852500916
128.933034457,37.865096316,98.444801331
128.933008280,37.863744774,94.486000061
128.932982105,37.862393231,90.561302185
128.932955931,37.861041688,86.107200623
128.932929759,37.859690145,82.083900452
128.932903589,37.858338601,78.987098694
128.932877421,37.856987058,76.055702209
128.932851254,37.855635513,73.263900757
128.932825090,37.854283969,69.633201599
128.932798927,37.852932424,66.799201965
128.932772765,37.851580879,63.429901123
128.932746606,37.850229333,60.701900482
128.932720448,37.848877787,57.430099487
128.932694292,37.847526241,54.334598541
128.932668138,37.846174694,51.516700745
128.932641985,37.844823147,49.562400818
128.932615834,37.843471600,47.449199677
128.932589685,37.842120053,45.362098694
128.932563538,37.840768505,43.991401672
128.932537392,37.839416957,42.906501770
128.932511248,37.838065408,42.978401184
128.932485106,37.836713859,41.209701538
128.932458966,37.835362310,38.360900879
128.932432827,37.834010761,37.935501099
128.932406691,37.832659211,37.812900543
128.932380555,37.831307661,39.569900513
128.932354422,37.829956110,36.452999115
128.932328290,37.828604559,34.125400543
128.932302161,37.827253008,32.087100983
128.932276033,37.825901457,30.569099426
128.932249906,37.824549905,31.057399750
128.932223782,37.823198353,30.413799286
128.932197659,37.821846801,29.808099747
128.932171538,37.820495248,30.486000061
128.932145418,37.819143695,30.329099655
128.932119301,37.817792141,28.466699600
128.932093185,37.816440588,28.147899628
128.932067071,37.815089034,28.534099579
128.932040958,37.813737479,28.221500397
128.932014848,37.812385924,27.181100845
128.931988739,37.811034369,26.724800110
128.931962632,37.809682814,26.037799835
128.931936526,37.808331258,24.600999832
128.931910423,37.806979702,24.885400772
128.931884321,37.805628146,24.887399673
128.931858220,37.804276589,23.810100555
128.931832122,37.802925032,23.179700851
128.931806025,37.801573475,21.738199234
128.931779930,37.800221917,20.504100800
128.931753837,37.798870359,19.145700455
128.931727746,37.797518801,17.843000412
128.931701656,37.796167242,16.697099686
128.931675568,37.794815684,15.191499710
128.931649482,37.793464124,13.650199890
128.931623397,37.792112565,12.102800369
128.931597315,37.790761005,10.455300331
128.931571234,37.789409444,7.789000034
128.931545155,37.788057884,5.505700111
128.931519077,37.786706323,3.695600033
128.931493001,37.785354762,1.935799956
128.937342587,37.998876523,693.738708496
128.937316205,37.997525014,645.772888184
128.937289824,37.996173505,615.772216797
128.937263445,37.994821995,598.483825684
128.937237068,37.993470485,587.430786133
128.937210693,37.992118975,578.726806641
128.937184320,37.990767464,570.962219238
128.937157948,37.989415953,563.972412109
128.937131578,37.988064442,555.078918457
128.937105210,37.986712930,546.324707031
128.937078844,37.985361419,537.183227539
128.937052479,37.984009906,529.327575684
128.937026116,37.982658394,521.330810547
128.936999755,37.981306881,513.318115234
128.936973396,37.979955368,505.744903564
128.936947038,37.978603854,497.240600586
128.936920682,37.977252340,488.707794189
128.936894328,37.975900826,480.432495117
128.936867976,37.974549312,473.505310059
128.936841625,37.973197797,466.905792236
128.936815277,37.971846282,461.032897949
128.936788930,37.970494766,453.822814941
128.936762584,37.969143250,446.046691895
128.936736241,37.967791734,439.010192871
128.936709899,37.966440218,431.763000488
128.936683559,37.965088701,424.079589844
128.936657221,37.963737184,417.696014404
128.936630884,37.962385666,410.127685547
128.936604550,37.961034149,402.338989258
128.936578217,37.959682630,394.833709717
128.936551886,37.958331112,386.837799072
128.936525556,37.956979593,378.091003418
128.936499229,37.955628074,371.143493652
128.936472903,37.954276555,364.524902344
128.936446579,37.952925035,357.799896240
128.936420256,37.951573515,352.190887451
128.936393936,37.950221994,345.388397217
128.936367617,37.948870474,341.294494629
128.936341300,37.947518953,337.228088379
128.936314985,37.946167431,332.476806641
128.936288671,37.944815910,326.351806641
128.936262359,37.943464388,322.271087646
128.936236049,37.942112865,317.667999268
128.936209741,37.940761343,312.579711914
128.936183434,37.939409820,307.106903076
128.936157130,37.938058296,303.621002197
128.936130827,37.936706773,299.610687256
128.936104525,37.935355249,294.987487793
128.936078226,37.934003724,290.480895996
128.936051928,37.932652200,285.939086914
128.936025632,37.931300675,281.529510498
128.935999338,37.929949149,276.756500244
128.935973046,37.928597624,273.748199463
128.935946755,37.927246098,270.387390137
128.935920466,37.925894571,266.168395996
128.935894179,37.924543045,259.840301514
128.935867894,37.923191518,256.049896240
128.935841610,37.921839991,252.949905396
128.935815328,37.920488463,249.101303101
128.935789048,37.919136935,244.183898926
128.935762769,37.917785407,238.808395386
128.935736493,37.916433878,233.244598389
128.935710218,37.915082349,228.326400757
128.935683945,37.913730820,222.290695190
128.935657674,37.912379291,215.319305420
128.935631404,37.911027761,206.873001099
128.935605136,37.909676231,198.090805054
128.935578870,37.908324700,188.777297974
128.935552606,37.906973169,178.284698486
128.935526343,37.905621638,162.313598633
128.935500082,37.904270107,151.684097290
128.935473823,37.902918575,146.697494507
128.935447566,37.901567043,143.994598389
128.935421310,37.900215510,142.999099731
128.935395057,37.898863977,141.905395508
128.935368805,37.897512444,140.609405518
128.935342554,37.896160911,139.628005981
128.935316306,37.894809377,139.033996582
128.935290059,37.893457843,138.253097534
128.935263814,37.892106308,137.548095703
128.935237571,37.890754773,136.246902466
128.935211329,37.889403238,135.800506592
128.935185090,37.888051703,135.203399658
128.935158852,37.886700167,134.585296631
128.935132615,37.885348631,134.179901123
128.935106381,37.883997095,133.005905151
128.935080148,37.882645558,131.637100220
128.935053917,37.881294021,130.069396973
128.935027688,37.879942484,128.369903564
128.935001461,37.878590946,126.531700134
128.934975235,37.877239408,124.659202576
128.934949011,37.875887869,122.505302429
128.934922789,37.874536331,120.975700378
128.934896568,37.873184792,119.250503540
128.934870350,37.871833252,117.117202759
128.934844133,37.870481713,114.672798157
128.934817917,37.869130173,110.346702576
128.934791704,37.867778632,106.057098389
128.934765492,37.866427092,103.819396973
128.934739282,37.865075551,100.215400696
128.934713074,37.863724009,97.630699158
128.934686868,37.862372468,94.201698303
128.934660663,37.861020926,90.081001282
128.934634460,37.859669384,85.948898315
128.934608259,37.858317841,82.135498047
128.934582060,37.856966298,78.915100098
128.934555862,37.855614755,75.818496704
128.934529666,37.854263211,72.496200562
128.934503472,37.852911667,69.705703735
128.934477280,37.851560123,66.061897278
128.934451089,37.850208578,62.717800140
128.934424900,37.848857034,60.144500732
128.934398713,37.847505488,57.654701233
128.934372527,37.846153943,55.308700562
128.934346344,37.844802397,52.718799591
128.934320162,37.843450851,49.071498871
128.934293982,37.842099304,44.402801514
128.934267803,37.840747757,45.189201355
128.934241627,37.839396210,44.822299957
128.934215452,37.838044663,44.306800842
128.934189279,37.836693115,43.243999481
128.934163107,37.835341567,42.777099609
128.934136938,37.833990018,42.924701691
128.934110770,37.832638469,42.235000610
128.934084603,37.831286920,41.354900360
128.934058439,37.829935371,39.966499329
128.934032276,37.828583821,37.222900391
128.934006116,37.827232271,37.116500854
128.933979956,37.825880720,34.473201752
128.933953799,37.824529170,31.869199753
128.933927643,37.823177619,30.943300247
128.933901489,37.821826067,29.899000168
128.933875337,37.820474515,30.461900711
128.933849187,37.819122963,32.034400940
128.933823038,37.817771411,28.201200485
128.933796891,37.816419858,26.916700363
128.933770746,37.815068305,27.698499680
128.933744603,37.813716752,28.181900024
128.933718461,37.812365198,25.618600845
128.933692321,37.811013644,26.542900085
128.933666183,37.809662090,26.877500534
128.933640046,37.808310535,24.565799713
128.933613912,37.806958980,25.095500946
128.933587779,37.805607425,25.516899109
128.933561648,37.804255869,25.132900238
128.933535518,37.802904313,24.460199356
128.933509390,37.801552757,23.440599442
128.933483265,37.800201200,21.939500809
128.933457140,37.798849643,20.556299210
128.933431018,37.797498086,19.360599518
128.933404897,37.796146528,18.015699387
128.933378778,37.794794970,16.631999969
128.933352661,37.793443412,15.241900444
128.933326546,37.792091853,13.867300034
128.933300432,37.790740294,12.286000252
128.933274320,37.789388735,10.092100143
128.933248210,37.788037176,6.558899879
128.933222101,37.786685616,4.418600082
128.933195994,37.785334055,2.707999945
128.939050501,37.998855633,712.364074707
128.939024088,37.997504125,657.275573730
128.938997676,37.996152617,620.435485840
128.938971266,37.994801108,602.372619629
128.938944857,37.993449599,592.089477539
128.938918451,37.992098090,583.377929688
128.938892046,37.990746580,575.090209961
128.938865643,37.989395070,566.676513672
128.938839242,37.988043560,558.795593262
128.938812842,37.986692050,550.862915039
128.938786445,37.985340539,541.176879883
128.938760049,37.983989028,533.187927246
128.938733655,37.982637516,524.697021484
128.938707262,37.981286004,515.803894043
128.938680872,37.979934492,508.666992188
128.938654483,37.978582979,500.715911865
128.938628096,37.977231467,492.331787109
128.938601710,37.975879953,484.655395508
128.938575327,37.974528440,479.479614258
128.938548945,37.973176926,472.880706787
128.938522565,37.971825412,466.113494873
128.938496187,37.970473897,458.636596680
128.938469810,37.969122383,451.215698242
128.938443435,37.967770867,444.472198486
128.938417062,37.966419352,437.417388916
128.938390691,37.965067836,430.482910156
128.938364322,37.963716320,423.560607910
128.938337954,37.962364804,415.307586670
128.938311588,37.961013287,408.066101074
128.938285224,37.959661770,399.824096680
128.938258861,37.958310252,391.360504150
128.938232501,37.956958735,384.304107666
128.938206142,37.955607216,377.945892334
128.938179785,37.954255698,371.936706543
128.938153429,37.952904179,365.580505371
128.938127076,37.951552660,358.158691406
128.938100724,37.950201141,353.645294189
128.938074374,37.948849621,347.906097412
128.938048025,37.947498101,342.285095215
128.938021679,37.946146581,336.834686279
128.937995334,37.944795060,332.808288574
128.937968991,37.943443539,327.911895752
128.937942650,37.942092018,322.978912354
128.937916310,37.940740496,318.531402588
128.937889973,37.939388974,314.109405518
128.937863637,37.938037452,309.449188232
128.937837302,37.936685929,304.681091309
128.937810970,37.935334406,300.312591553
128.937784639,37.933982883,296.387695313
128.937758310,37.932631359,291.666595459
128.937731983,37.931279835,287.418792725
128.937705658,37.929928311,283.123413086
128.937679334,37.928576786,279.217895508
128.937653012,37.927225261,275.246093750
128.937626692,37.925873736,271.455108643
128.937600374,37.924522210,267.696990967
128.937574057,37.923170684,263.822601318
128.937547742,37.921819158,259.752410889
128.937521429,37.920467632,255.576095581
128.937495118,37.919116105,251.224899292
128.937468808,37.917764577,246.053894043
128.937442500,37.916413050,240.505493164
128.937416194,37.915061522,235.332702637
128.937389890,37.913709994,230.623092651
128.937363587,37.912358465,225.587493896
128.937337287,37.911006936,218.458206177
128.937310988,37.909655407,211.551803589
128.937284690,37.908303878,204.261901855
128.937258395,37.906952348,196.001998901
128.937232101,37.905600818,184.036605835
128.937205809,37.904249287,165.967300415
128.937179519,37.902897756,153.028594971
128.937153231,37.901546225,147.634597778
128.937126944,37.900194694,145.494995117
128.937100659,37.898843162,143.625106812
128.937074376,37.897491630,141.942092896
128.937048094,37.896140097,140.418197632
128.937021815,37.894788564,139.956695557
128.936995537,37.893437031,139.080001831
128.936969260,37.892085498,138.166595459
128.936942986,37.890733964,137.089492798
128.936916713,37.889382430,136.725296021
128.936890443,37.888030896,136.244201660
128.936864173,37.886679361,135.986892700
128.936837906,37.885327826,135.541595459
128.936811640,37.883976290,134.389205933
128.936785376,37.882624755,132.827392578
128.936759114,37.881273219,130.894500732
128.936732854,37.879921682,129.531600952
128.936706595,37.878570146,127.872596741
128.936680339,37.877218609,125.979202271
128.936654084,37.875867071,123.937301636
128.936627830,37.874515534,122.639198303
128.936601579,37.873163995,120.936203003
128.936575329,37.871812457,119.150001526
128.936549081,37.870460918,117.293800354
128.936522834,37.869109380,113.379699707
128.936496590,37.867757840,110.764999390
128.936470347,37.866406301,107.101699829
128.936444106,37.865054761,103.465103149
128.936417867,37.863703220,99.636001587
128.936391629,37.862351680,97.102302551
128.936365393,37.861000139,93.495101929
128.936339159,37.859648597,89.239997864
128.936312927,37.858297056,85.353599548
128.936286697,37.856945514,81.838798523
128.936260468,37.855593972,78.214698792
128.936234241,37.854242429,75.016601563
128.936208016,37.852890886,71.872100830
128.936181792,37.851539343,68.853698730
128.936155570,37.850187799,65.789703369
128.936129350,37.848836255,63.505298615
128.936103132,37.847484711,61.089900970
128.936076916,37.846133167,59.317699432
128.936050701,37.844781622,57.109001160
128.936024488,37.843430077,54.740699768
128.935998277,37.842078531,53.993698120
128.935972067,37.840726985,52.410499573
128.935945859,37.839375439,50.145698547
128.935919653,37.838023893,48.024600983
128.935893449,37.836672346,46.752101898
128.935867247,37.835320799,45.686000824
128.935841046,37.833969251,46.083698273
128.935814847,37.832617703,46.441001892
128.935788650,37.831266155,44.636798859
128.935762454,37.829914607,42.729499817
128.935736261,37.828563058,42.209400177
128.935710069,37.827211509,38.974800110
128.935683878,37.825859959,35.548500061
128.935657690,37.824508410,34.002998352
128.935631503,37.823156860,31.294500351
128.935605318,37.821805309,31.909400940
128.935579135,37.820453758,34.111198425
128.935552954,37.819102207,34.475498199
128.935526774,37.817750656,32.445999146
128.935500596,37.816399104,30.913000107
128.935474420,37.815047552,31.346799850
128.935448245,37.813696000,26.976499557
128.935422073,37.812344447,25.990100861
128.935395902,37.810992894,27.710300446
128.935369732,37.809641341,29.002300262
128.935343565,37.808289787,27.309000015
128.935317399,37.806938233,27.003099442
128.935291235,37.805586679,26.656900406
128.935265073,37.804235124,26.444900513
128.935238913,37.802883569,25.624000549
128.935212754,37.801532014,24.375499725
128.935186597,37.800180458,23.254899979
128.935160442,37.798828902,22.056200027
128.935134288,37.797477346,20.717599869
128.935108136,37.796125789,19.605400085
128.935081987,37.794774232,18.209400177
128.935055838,37.793422675,16.949300766
128.935029692,37.792071117,15.431099892
128.935003547,37.790719559,13.788399696
128.934977404,37.789368001,12.202500343
128.934951263,37.788016443,10.165599823
128.934925123,37.786664884,7.631700039
128.934898986,37.785313324,4.128099918
128.934872850,37.783961765,3.648600101
128.934846715,37.782610205,2.082999945
128.940758414,37.998834718,707.969726563
128.940731969,37.997483211,656.585815430
128.940705526,37.996131704,622.009277344
128.940679084,37.994780196,607.312622070
128.940652645,37.993428688,596.368774414
128.940626207,37.992077180,588.704772949
128.940599771,37.990725672,580.217529297
128.940573337,37.989374163,570.486816406
128.940546904,37.988022654,561.846679688
128.940520473,37.986671144,554.525329590
128.940494044,37.985319634,545.317687988
128.940467617,37.983968124,536.617126465
128.940441191,37.982616613,527.798583984
128.940414768,37.981265103,519.835510254
128.940388346,37.979913591,513.060791016
128.940361926,37.978562080,506.398406982
128.940335507,37.977210568,498.265106201
128.940309091,37.975859056,491.569488525
128.940282676,37.974507543,485.072601318
128.940256263,37.973156030,476.960113525
128.940229851,37.971804517,469.908386230
128.940203442,37.970453004,463.729614258
128.940177034,37.969101490,455.884704590
128.940150628,37.967749976,448.294403076
128.940124224,37.966398461,440.356109619
128.940097821,37.965046947,434.238311768
128.940071420,37.963695432,428.883087158
128.940045021,37.962343916,420.635192871
128.940018624,37.960992400,412.376586914
128.939992229,37.959640884,405.755096436
128.939965835,37.958289368,398.412689209
128.939939443,37.956937851,392.356597900
128.939913053,37.955586334,385.213195801
128.939886665,37.954234817,378.537109375
128.939860278,37.952883299,372.202789307
128.939833893,37.951531781,365.075714111
128.939807510,37.950180262,358.824890137
128.939781129,37.948828744,353.400787354
128.939754749,37.947477225,348.251586914
128.939728371,37.946125705,343.447906494
128.939701995,37.944774186,337.822387695
128.939675621,37.943422666,332.734191895
128.939649249,37.942071145,328.746887207
128.939622878,37.940719625,324.462097168
128.939596509,37.939368104,319.659393311
128.939570142,37.938016582,314.882293701
128.939543776,37.936665061,310.125305176
128.939517413,37.935313539,306.077209473
128.939491051,37.933962016,301.383514404
128.939464691,37.932610494,297.666809082
128.939438332,37.931258971,293.286499023
128.939411975,37.929907448,288.019989014
128.939385621,37.928555924,284.959411621
128.939359268,37.927204400,280.656005859
128.939332916,37.925852876,277.411285400
128.939306567,37.924501351,273.919403076
128.939280219,37.923149826,270.048614502
128.939253873,37.921798301,266.036407471
128.939227528,37.920446775,261.800415039
128.939201186,37.919095249,257.343109131
128.939174845,37.917743723,252.639205933
128.939148506,37.916392197,247.682998657
128.939122169,37.915040670,242.986297607
128.939095833,37.913689143,238.181198120
128.939069500,37.912337615,233.375198364
128.939043168,37.910986087,227.770599365
128.939016837,37.909634559,222.427398682
128.938990509,37.908283031,216.327697754
128.938964182,37.906931502,209.021301270
128.938937857,37.905579973,198.573898315
128.938911534,37.904228443,186.602600098
128.938885213,37.902876913,168.980606079
128.938858893,37.901525383,154.859802246
128.938832575,37.900173853,149.068603516
128.938806259,37.898822322,145.950607300
128.938779945,37.897470791,143.580307007
128.938753632,37.896119259,141.841995239
128.938727321,37.894767727,140.779296875
128.938701012,37.893416195,139.792694092
128.938674705,37.892064663,138.859497070
128.938648399,37.890713130,137.748199463
128.938622096,37.889361597,137.452392578
128.938595794,37.888010064,137.133804321
128.938569493,37.886658530,136.703506470
128.938543195,37.885306996,136.488204956
128.938516898,37.883955461,135.231597900
128.938490603,37.882603927,133.321395874
128.938464310,37.881252392,131.863494873
128.938438018,37.879900856,130.624893188
128.938411729,37.878549321,129.173492432
128.938385441,37.877197785,127.426101685
128.938359154,37.875846248,125.322502136
128.938332870,37.874494712,124.241699219
128.938306587,37.873143175,122.457298279
128.938280306,37.871791637,120.748100281
128.938254027,37.870440100,119.226097107
128.938227750,37.869088562,116.834800720
128.938201474,37.867737023,115.806098938
128.938175200,37.866385485,112.434600830
128.938148928,37.865033946,107.497596741
128.938122657,37.863682406,103.447196960
128.938096389,37.862330867,100.093002319
128.938070122,37.860979327,97.247398376
128.938043857,37.859627787,93.417503357
128.938017593,37.858276246,89.054298401
128.937991332,37.856924705,85.179199219
128.937965072,37.855573164,81.484100342
128.937938814,37.854221622,78.982299805
128.937912557,37.852870080,76.581199646
128.937886303,37.851518538,73.954002380
128.937860050,37.850166996,70.913902283
128.937833799,37.848815453,67.739097595
128.937807549,37.847463909,65.403602600
128.937781302,37.846112366,63.052299500
128.937755056,37.844760822,61.275798798
128.937728812,37.843409278,59.435798645
128.937702570,37.842057733,58.326099396
128.937676329,37.840706189,56.703701019
128.937650090,37.839354643,54.499198914
128.937623853,37.838003098,52.058200836
128.937597618,37.836651552,49.765998840
128.937571384,37.835300006,48.854698181
128.937545153,37.833948459,48.232799530
128.937518923,37.832596913,47.814701080
128.937492694,37.831245365,47.064998627
128.937466468,37.829893818,45.936100006
128.937440243,37.828542270,43.953601837
128.937414020,37.827190722,41.273601532
128.937387799,37.825839174,37.644500732
128.937361579,37.824487625,36.057998657
128.937335361,37.823136076,35.807701111
128.937309145,37.821784526,36.293300629
128.937282931,37.820432977,36.200401306
128.937256719,37.819081427,36.994201660
128.937230508,37.817729876,35.578201294
128.937204299,37.816378326,35.743698120
128.937178092,37.815026774,34.067001343
128.937151886,37.813675223,30.576299667
128.937125682,37.812323671,29.822000504
128.937099480,37.810972119,29.937099457
128.937073280,37.809620567,30.355300903
128.937047082,37.808269014,29.826799393
128.937020885,37.806917461,28.369300842
128.936994690,37.805565908,28.239599228
128.936968497,37.804214354,27.924999237
128.936942305,37.802862800,26.929500580
128.936916115,37.801511246,25.957899094
128.936889928,37.800159691,24.751300812
128.936863741,37.798808137,23.568199158
128.936837557,37.797456581,22.153099060
128.936811374,37.796105026,21.022600174
128.936785193,37.794753470,19.729499817
128.936759014,37.793401913,18.413000107
128.936732836,37.792050357,17.105699539
128.936706661,37.790698800,15.661499977
128.936680487,37.789347243,14.118200302
128.936654314,37.787995685,12.294199944
128.936628144,37.786644127,10.163399696
128.936601975,37.785292569,7.419799805
128.936575808,37.783941010,4.650000095
128.936549643,37.782589452,3.002700090
128.936523479,37.781237892,1.864500046
128.942466325,37.998813779,713.243896484
128.942439848,37.997462273,664.965698242
128.942413374,37.996110766,632.994384766
128.942386901,37.994759260,613.911621094
128.942360430,37.993407753,598.953308105
128.942333961,37.992056246,592.198303223
128.942307494,37.990704738,583.750915527
128.942281028,37.989353230,574.924621582
128.942254564,37.988001722,565.562683105
128.942228102,37.986650214,556.547729492
128.942201642,37.985298705,548.215576172
128.942175183,37.983947196,539.767028809
128.942148727,37.982595686,532.401123047
128.942122272,37.981244176,524.740722656
128.942095818,37.979892666,517.752319336
128.942069367,37.978541155,510.702606201
128.942042917,37.977189645,504.218200684
128.942016469,37.975838133,497.796508789
128.941990023,37.974486622,490.841308594
128.941963579,37.973135110,483.179199219
128.941937136,37.971783598,476.402404785
128.941910695,37.970432086,469.459686279
128.941884256,37.969080573,462.580810547
128.941857819,37.967729060,455.097991943
128.941831383,37.966377546,447.227294922
128.941804950,37.965026032,440.263397217
128.941778518,37.963674518,432.234405518
128.941752087,37.962323004,423.387908936
128.941725659,37.960971489,416.627288818
128.941699232,37.959619974,410.140411377
128.941672807,37.958268459,403.411590576
128.941646384,37.956916943,396.687286377
128.941619963,37.955565427,390.971801758
128.941593543,37.954213910,386.352386475
128.941567125,37.952862394,379.140991211
128.941540709,37.951510877,372.738189697
128.941514295,37.950159359,364.872192383
128.941487882,37.948807842,357.767608643
128.941461471,37.947456324,353.600311279
128.941435062,37.946104805,348.502014160
128.941408655,37.944753287,344.805389404
128.941382249,37.943401768,338.814086914
128.941355846,37.942050248,334.419494629
128.941329444,37.940698729,329.106292725
128.941303044,37.939347209,325.145507813
128.941276645,37.937995688,320.268096924
128.941250248,37.936644168,316.408813477
128.941223854,37.935292647,312.337402344
128.941197460,37.933941125,307.106811523
128.941171069,37.932589604,303.161285400
128.941144679,37.931238082,298.391387939
128.941118292,37.929886560,293.250793457
128.941091905,37.928535037,289.869384766
128.941065521,37.927183514,287.169891357
128.941039139,37.925831991,283.577392578
128.941012758,37.924480467,279.165100098
128.940986379,37.923128943,275.498504639
128.940960002,37.921777419,272.155914307
128.940933626,37.920425894,268.078186035
128.940907252,37.919074370,263.370208740
128.940880880,37.917722844,258.161193848
128.940854510,37.916371319,253.889495850
128.940828142,37.915019793,250.133193970
128.940801775,37.913668267,245.524200439
128.940775410,37.912316740,240.922698975
128.940749047,37.910965213,235.221298218
128.940722686,37.909613686,230.054199219
128.940696326,37.908262159,225.390701294
128.940669968,37.906910631,219.111999512
128.940643612,37.905559103,211.669692993
128.940617258,37.904207574,201.833496094
128.940590905,37.902856045,188.324493408
128.940564554,37.901504516,169.574493408
128.940538205,37.900152987,155.811401367
128.940511858,37.898801457,149.485305786
128.940485512,37.897449927,146.028701782
128.940459169,37.896098396,143.509002686
128.940432827,37.894746866,142.122497559
128.940406486,37.893395335,140.970092773
128.940380148,37.892043803,139.629501343
128.940353811,37.890692271,138.337799072
128.940327476,37.889340739,138.003997803
128.940301143,37.887989207,137.678894043
128.940274811,37.886637674,137.287399292
128.940248482,37.885286141,137.053497314
128.940222154,37.883934608,135.686096191
128.940195828,37.882583074,134.043594360
128.940169503,37.881231540,132.864700317
128.940143181,37.879880006,131.820007324
128.940116860,37.878528471,130.508895874
128.940090541,37.877176936,128.802993774
128.940064223,37.875825401,127.159698486
128.940037908,37.874473865,125.953697205
128.940011594,37.873122329,124.153297424
128.939985282,37.871770793,122.366302490
128.939958972,37.870419256,120.406501770
128.939932663,37.869067719,118.487098694
128.939906356,37.867716182,116.248100281
128.939880051,37.866364644,114.290603638
128.939853748,37.865013106,110.651802063
128.939827446,37.863661568,108.101997375
128.939801147,37.862310029,104.425399780
128.939774849,37.860958490,101.381103516
128.939748552,37.859606951,97.668403625
128.939722258,37.858255411,93.459999084
128.939695965,37.856903872,89.583503723
128.939669674,37.855552331,86.986198425
128.939643385,37.854200791,86.068603516
128.939617097,37.852849250,83.786300659
128.939590812,37.851497709,80.929000854
128.939564528,37.850146167,78.300903320
128.939538246,37.848794625,74.936698914
128.939511965,37.847443083,71.739898682
128.939485687,37.846091540,68.625503540
128.939459410,37.844739998,66.258903503
128.939433134,37.843388454,63.124500275
128.939406861,37.842036911,60.763500214
128.939380589,37.840685367,59.159099579
128.939354320,37.839333823,57.901100159
128.939328051,37.837982278,56.014900208
128.939301785,37.836630734,53.409400940
128.939275520,37.835279188,51.125400543
128.939249258,37.833927643,49.692798615
128.939222996,37.832576097,48.909801483
128.939196737,37.831224551,48.293598175
128.939170480,37.829873005,47.201000214
128.939144224,37.828521458,45.221900940
128.939117970,37.827169911,42.999198914
128.939091717,37.825818363,40.008098602
128.939065467,37.824466816,39.011001587
128.939039218,37.823115268,39.592800140
128.939012971,37.821763719,39.571601868
128.938986726,37.820412170,40.506099701
128.938960482,37.819060621,39.790901184
128.938934240,37.817709072,39.215499878
128.938908000,37.816357522,37.735000610
128.938881762,37.815005972,36.056499481
128.938855525,37.813654422,34.715900421
128.938829290,37.812302871,33.083900452
128.938803057,37.810951320,32.641700745
128.938776826,37.809599769,31.140899658
128.938750597,37.808248217,29.865499496
128.938724369,37.806896665,28.749900818
128.938698143,37.805545113,29.150100708
128.938671919,37.804193560,28.748899460
128.938645696,37.802842007,27.843099594
128.938619475,37.801490454,27.050199509
128.938593256,37.800138900,26.247999191
128.938567039,37.798787346,24.700000763
128.938540824,37.797435792,23.491500854
128.938514610,37.796084237,22.343599319
128.938488398,37.794732682,21.050800323
128.938462188,37.793381127,19.895299911
128.938435979,37.792029572,18.656099319
128.938409772,37.790678016,17.277099609
128.938383567,37.789326459,15.817299843
128.938357364,37.787974903,14.283599854
128.938331163,37.786623346,12.460000038
128.938304963,37.785271789,10.277199745
128.938278765,37.783920231,7.844900131
128.938252569,37.782568673,4.394299984
128.938226374,37.781217115,2.701299906
128.944174234,37.998792814,707.265014648
128.944147726,37.997441309,661.049621582
128.944121220,37.996089804,633.747009277
128.944094716,37.994738299,616.971923828
128.944068214,37.993386793,605.375488281
128.944041714,37.992035287,595.846313477
128.944015215,37.990683780,587.564880371
128.943988718,37.989332273,578.491516113
128.943962223,37.987980766,569.887817383
128.943935729,37.986629258,561.205322266
128.943909238,37.985277751,553.108520508
128.943882748,37.983926242,545.142517090
128.943856260,37.982574734,538.128417969
128.943829774,37.981223225,530.409423828
128.943803289,37.979871716,523.165771484
128.943776806,37.978520206,516.780029297
128.943750325,37.977168697,510.341796875
128.943723846,37.975817186,503.863006592
128.943697369,37.974465676,496.321014404
128.943670893,37.973114165,488.031585693
128.943644419,37.971762654,481.040191650
128.943617947,37.970411143,474.152313232
128.943591477,37.969059631,466.907501221
128.943565008,37.967708119,459.450805664
128.943538541,37.966356606,451.513793945
128.943512076,37.965005093,443.577392578
128.943485613,37.963653580,436.669403076
128.943459151,37.962302067,428.845611572
128.943432692,37.960950553,422.233612061
128.943406234,37.959599039,416.460906982
128.943379777,37.958247525,409.549713135
128.943353323,37.956896010,402.276000977
128.943326870,37.955544495,394.941986084
128.943300419,37.954192980,390.550415039
128.943273970,37.952841464,385.051696777
128.943247523,37.951489948,377.351287842
128.943221077,37.950138431,371.169403076
128.943194634,37.948786915,364.420013428
128.943168192,37.947435398,358.787597656
128.943141751,37.946083880,353.554504395
128.943115313,37.944732363,349.255615234
128.943088876,37.943380845,344.834808350
128.943062441,37.942029326,341.247406006
128.943036008,37.940677808,335.911987305
128.943009576,37.939326289,331.777008057
128.942983147,37.937974770,326.431884766
128.942956719,37.936623250,321.938812256
128.942930293,37.935271730,317.117004395
128.942903868,37.933920210,312.188385010
128.942877446,37.932568689,307.950500488
128.942851025,37.931217168,303.730590820
128.942824606,37.929865647,299.411712646
128.942798189,37.928514125,296.243499756
128.942771773,37.927162603,292.764587402
128.942745359,37.925811081,287.961700439
128.942718947,37.924459559,284.781707764
128.942692537,37.923108036,281.505615234
128.942666129,37.921756512,276.270202637
128.942639722,37.920404989,272.579406738
128.942613317,37.919053465,268.242492676
128.942586914,37.917701941,264.216308594
128.942560512,37.916350416,260.274200439
128.942534113,37.914998891,256.298614502
128.942507715,37.913647366,252.046798706
128.942481319,37.912295841,247.788696289
128.942454924,37.910944315,242.624496460
128.942428532,37.909592789,237.829605103
128.942402141,37.908241262,233.296401978
128.942375752,37.906889735,227.707504272
128.942349365,37.905538208,221.877700806
128.942322979,37.904186681,213.811706543
128.942296595,37.902835153,202.908493042
128.942270213,37.901483625,190.169601440
128.942243833,37.900132096,173.850402832
128.942217455,37.898780568,157.631896973
128.942191078,37.897429038,149.512802124
128.942164703,37.896077509,145.753906250
128.942138330,37.894725979,143.832397461
128.942111959,37.893374449,142.278701782
128.942085589,37.892022919,140.621902466
128.942059221,37.890671388,139.195404053
128.942032855,37.889319857,138.693695068
128.942006491,37.887968326,138.275894165
128.941980128,37.886616794,137.690093994
128.941953767,37.885265262,137.313995361
128.941927408,37.883913729,135.970001221
128.941901051,37.882562197,134.699798584
128.941874695,37.881210664,133.556396484
128.941848341,37.879859130,132.792297363
128.941821989,37.878507597,131.736892700
128.941795639,37.877156063,130.426803589
128.941769291,37.875804528,128.904205322
128.941742944,37.874452994,127.822601318
128.941716599,37.873101459,125.506500244
128.941690256,37.871749923,121.867599487
128.941663914,37.870398388,119.543403625
128.941637575,37.869046852,119.177597046
128.941611237,37.867695315,118.341598511
128.941584901,37.866343779,116.424102783
128.941558566,37.864992242,115.051696777
128.941532234,37.863640705,112.952301025
128.941505903,37.862289167,109.162902832
128.941479574,37.860937629,105.348602295
128.941453246,37.859586091,100.961601257
128.941426921,37.858234552,97.643997192
128.941400597,37.856883013,96.070198059
128.941374275,37.855531474,94.001296997
128.941347954,37.854179935,92.129402161
128.941321636,37.852828395,90.769599915
128.941295319,37.851476854,88.443702698
128.941269004,37.850125314,85.629898071
128.941242691,37.848773773,81.860397339
128.941216379,37.847422232,77.816902161
128.941190069,37.846070690,74.144302368
128.941163761,37.844719149,70.891998291
128.941137455,37.843367606,67.238296509
128.941111151,37.842016064,64.108299255
128.941084848,37.840664521,62.605499268
128.941058547,37.839312978,60.330101013
128.941032248,37.837961434,58.291500092
128.941005950,37.836609891,56.347999573
128.940979655,37.835258346,53.722801208
128.940953361,37.833906802,51.677299500
128.940927069,37.832555257,51.049999237
128.940900778,37.831203712,49.494998932
128.940874489,37.829852167,48.685398102
128.940848203,37.828500621,46.576400757
128.940821917,37.827149075,43.299098969
128.940795634,37.825797528,40.842498779
128.940769352,37.824445982,41.604198456
128.940743073,37.823094435,42.494800568
128.940716794,37.821742887,40.780799866
128.940690518,37.820391339,42.242599487
128.940664243,37.819039791,42.179599762
128.940637971,37.817688243,41.098201752
128.940611700,37.816336694,40.254901886
128.940585430,37.814985145,38.666900635
128.940559163,37.813633596,36.083301544
128.940532897,37.812282046,35.530498505
128.940506633,37.810930496,32.096199036
128.940480370,37.809578946,29.868600845
128.940454110,37.808227395,29.616300583
128.940427851,37.806875844,29.297199249
128.940401594,37.805524293,30.198200226
128.940375339,37.804172741,29.680900574
128.940349085,37.802821189,28.812900543
128.940322833,37.801469637,28.213300705
128.940296583,37.800118084,27.129400253
128.940270335,37.798766531,26.092800140
128.940244089,37.797414978,25.079500198
128.940217844,37.796063425,23.754699707
128.940191601,37.794711871,22.520599365
128.940165360,37.793360316,21.446899414
128.940139120,37.792008762,20.307100296
128.940112882,37.790657207,18.789600372
128.940086646,37.789305652,17.411100388
128.940060412,37.787954096,15.781200409
128.940034180,37.786602540,14.257300377
128.940007949,37.785250984,12.550600052
128.939981720,37.783899428,10.410400391
128.939955493,37.782547871,7.034200191
128.939929267,37.781196313,3.852999926
128.939903044,37.779844756,2.726399899
128.945882141,37.998771825,683.896179199
128.945855602,37.997420321,658.677124023
128.945829065,37.996068817,639.534790039
128.945802530,37.994717313,622.505920410
128.945775996,37.993365808,609.137817383
128.945749464,37.992014302,601.230285645
128.945722934,37.990662797,593.156799316
128.945696406,37.989311291,584.198425293
128.945669880,37.987959785,575.786804199
128.945643355,37.986608278,567.560119629
128.945616832,37.985256772,559.086303711
128.945590311,37.983905264,550.979614258
128.945563791,37.982553757,543.767822266
128.945537274,37.981202249,536.813781738
128.945510758,37.979850741,529.987670898
128.945484244,37.978499232,521.889709473
128.945457732,37.977147724,515.862182617
128.945431221,37.975796214,508.250000000
128.945404712,37.974444705,500.819610596
128.945378205,37.973093195,493.840393066
128.945351700,37.971741685,487.681213379
128.945325197,37.970390175,480.990509033
128.945298695,37.969038664,473.161590576
128.945272195,37.967687153,465.353698730
128.945245697,37.966335641,457.051391602
128.945219201,37.964984130,449.019012451
128.945192706,37.963632618,441.016510010
128.945166214,37.962281105,433.940002441
128.945139723,37.960929592,427.527099609
128.945113233,37.959578079,421.239105225
128.945086746,37.958226566,414.755889893
128.945060260,37.956875052,408.085296631
128.945033776,37.955523538,402.655700684
128.945007294,37.954172024,397.298187256
128.944980814,37.952820509,389.277191162
128.944954335,37.951468994,381.757110596
128.944927858,37.950117479,375.766906738
128.944901383,37.948765963,369.707611084
128.944874910,37.947414447,363.854492188
128.944848439,37.946062931,359.395690918
128.944821969,37.944711414,354.705413818
128.944795501,37.943359897,350.143707275
128.944769035,37.942008380,345.333801270
128.944742570,37.940656862,340.904205322
128.944716107,37.939305344,335.401092529
128.944689647,37.937953826,331.636688232
128.944663187,37.936602307,326.874298096
128.944636730,37.935250788,322.844085693
128.944610274,37.933899269,318.799194336
128.944583821,37.932547750,314.770599365
128.944557369,37.931196230,311.005187988
128.944530918,37.929844709,306.051696777
128.944504470,37.928493189,302.848999023
128.944478023,37.927141668,298.415496826
128.944451578,37.925790147,294.524414063
128.944425135,37.924438625,289.869293213
128.944398693,37.923087103,286.593292236
128.944372254,37.921735581,282.273803711
128.944345816,37.920384058,278.175109863
128.944319380,37.919032536,273.378112793
128.944292945,37.917681012,270.019714355
128.944266513,37.916329489,266.123504639
128.944240082,37.914977965,262.440399170
128.944213653,37.913626441,258.455596924
128.944187226,37.912274916,254.389205933
128.944160800,37.910923392,250.220504761
128.944134376,37.909571866,245.496902466
128.944107954,37.908220341,241.012405396
128.944081534,37.906868815,235.862594604
128.944055116,37.905517289,230.341293335
128.944028699,37.904165763,224.232803345
128.944002284,37.902814236,216.164306641
128.943975871,37.901462709,206.266204834
128.943949459,37.900111181,195.250305176
128.943923050,37.898759653,176.451797485
128.943896642,37.897408125,157.975997925
128.943870236,37.896056597,149.608505249
128.943843832,37.894705068,146.330795288
128.943817429,37.893353539,144.098602295
128.943791028,37.892002010,142.084701538
128.943764629,37.890650480,140.209701538
128.943738232,37.889298950,139.371597290
128.943711836,37.887947420,138.791198730
128.943685443,37.886595889,137.921600342
128.943659051,37.885244358,137.516296387
128.943632660,37.883892826,136.639404297
128.943606272,37.882541295,135.455993652
128.943579885,37.881189763,134.236801147
128.943553500,37.879838230,133.776992798
128.943527117,37.878486698,132.728393555
128.943500736,37.877135165,131.541107178
128.943474356,37.875783631,130.210006714
128.943447978,37.874432098,129.218795776
128.943421602,37.873080564,127.973297119
128.943395228,37.871729029,123.918899536
128.943368855,37.870377495,124.044296265
128.943342485,37.869025960,122.738098145
128.943316115,37.867674425,121.267303467
128.943289748,37.866322889,119.674201965
128.943263383,37.864971353,117.564201355
128.943237019,37.863619817,115.045898438
128.943210657,37.862268280,111.657302856
128.943184297,37.860916743,107.814903259
128.943157938,37.859565206,103.677200317
128.943131582,37.858213668,101.503402710
128.943105227,37.856862131,100.083702087
128.943078873,37.855510592,97.973899841
128.943052522,37.854159054,96.707099915
128.943026172,37.852807515,95.184196472
128.942999824,37.851455976,92.984298706
128.942973478,37.850104436,90.252502441
128.942947134,37.848752896,87.253700256
128.942920791,37.847401356,83.246002197
128.942894451,37.846049816,79.110900879
128.942868111,37.844698275,75.167602539
128.942841774,37.843346734,71.663101196
128.942815439,37.841995192,69.083099365
128.942789105,37.840643650,66.777999878
128.942762773,37.839292108,64.152801514
128.942736442,37.837940566,61.775199890
128.942710114,37.836589023,59.066200256
128.942683787,37.835237480,56.318298340
128.942657462,37.833885936,53.992801666
128.942631139,37.832534393,52.060001373
128.942604817,37.831182848,50.707599640
128.942578498,37.829831304,48.785900116
128.942552180,37.828479759,46.873901367
128.942525864,37.827128214,46.423900604
128.942499549,37.825776669,43.366500854
128.942473236,37.824425123,41.912998199
128.942446925,37.823073577,42.875099182
128.942420616,37.821722031,44.841098785
128.942394309,37.820370484,44.648101807
128.942368003,37.819018937,43.055000305
128.942341699,37.817667389,42.244499207
128.942315397,37.816315842,41.208400726
128.942289097,37.814964294,39.952301025
128.942262798,37.813612745,38.679100037
128.942236501,37.812261197,36.633998871
128.942210206,37.810909648,34.915599823
128.942183913,37.809558098,34.039299011
128.942157621,37.808206549,32.406501770
128.942131332,37.806854999,32.846099854
128.942105044,37.805503448,31.750000000
128.942078757,37.804151898,30.551399231
128.942052473,37.802800347,29.569900513
128.942026190,37.801448796,28.988700867
128.941999909,37.800097244,28.569099426
128.941973630,37.798745692,27.363399506
128.941947352,37.797394140,26.290399551
128.941921076,37.796042587,25.371000290
128.941894802,37.794691034,24.126699448
128.941868530,37.793339481,22.956600189
128.941842259,37.791987927,21.777200699
128.941815991,37.790636374,20.499300003
128.941789724,37.789284819,19.124399185
128.941763459,37.787933265,17.403900146
128.941737195,37.786581710,15.994500160
128.941710933,37.785230155,14.396900177
128.941684673,37.783878599,12.482600212
128.941658415,37.782527043,9.808500290
128.941632159,37.781175487,5.775000095
128.941605904,37.779823931,4.567699909
128.941579651,37.778472374,2.718699932
128.947590046,37.998750811,687.737487793
128.947563476,37.997399308,668.672180176
128.947536908,37.996047805,649.486022949
128.947510341,37.994696302,630.966613770
128.947483776,37.993344798,617.521789551
128.947457213,37.991993294,607.721496582
128.947430652,37.990641789,599.579711914
128.947404092,37.989290284,591.064392090
128.947377535,37.987938779,582.859985352
128.947350979,37.986587274,574.438598633
128.947324424,37.985235768,566.881103516
128.947297872,37.983884262,558.827270508
128.947271321,37.982532755,551.307983398
128.947244772,37.981181248,544.173217773
128.947218225,37.979829741,535.574584961
128.947191680,37.978478234,529.000915527
128.947165136,37.977126726,521.419372559
128.947138594,37.975775218,513.598083496
128.947112054,37.974423709,505.985595703
128.947085516,37.973072201,501.624298096
128.947058980,37.971720692,495.413909912
128.947032445,37.970369182,486.647003174
128.947005912,37.969017672,478.782806396
128.946979381,37.967666162,471.035003662
128.946952852,37.966314652,461.829986572
128.946926324,37.964963141,453.502288818
128.946899798,37.963611630,446.097290039
128.946873274,37.962260119,439.387207031
128.946846752,37.960908607,434.684112549
128.946820231,37.959557095,428.213806152
128.946793713,37.958205583,420.981414795
128.946767196,37.956854070,414.837585449
128.946740681,37.955502557,406.147888184
128.946714167,37.954151043,397.768798828
128.946687656,37.952799530,391.792114258
128.946661146,37.951448016,386.675292969
128.946634638,37.950096501,379.664489746
128.946608131,37.948744987,373.770294189
128.946581627,37.947393472,368.366302490
128.946555124,37.946041956,364.378387451
128.946528623,37.944690441,359.675506592
128.946502124,37.943338925,355.207794189
128.946475626,37.941987409,349.730712891
128.946449131,37.940635892,344.720001221
128.946422637,37.939284375,340.271697998
128.946396145,37.937932858,335.425506592
128.946369654,37.936581340,330.645812988
128.946343166,37.935229822,326.256195068
128.946316679,37.933878304,322.028411865
128.946290194,37.932526785,317.774200439
128.946263711,37.931175266,314.227813721
128.946237229,37.929823747,310.477600098
128.946210749,37.928472228,307.315185547
128.946184271,37.927120708,303.895507813
128.946157795,37.925769188,299.986114502
128.946131321,37.924417667,293.960601807
128.946104848,37.923066146,291.921112061
128.946078377,37.921714625,288.541992188
128.946051908,37.920363103,284.187408447
128.946025441,37.919011582,279.410797119
128.945998975,37.917660059,276.713409424
128.945972511,37.916308537,273.023010254
128.945946049,37.914957014,268.913787842
128.945919589,37.913605491,264.396789551
128.945893131,37.912253967,260.696014404
128.945866674,37.910902444,256.580688477
128.945840219,37.909550919,252.025894165
128.945813766,37.908199395,248.028701782
128.945787314,37.906847870,243.522598267
128.945760865,37.905496345,238.336502075
128.945734417,37.904144820,232.560394287
128.945707971,37.902793294,226.961303711
128.945681526,37.901441768,219.587005615
128.945655084,37.900090241,211.645599365
128.945628643,37.898738715,198.639602661
128.945602204,37.897387187,177.496093750
128.945575767,37.896035660,158.241302490
128.945549331,37.894684132,150.272094727
128.945522898,37.893332604,146.638107300
128.945496466,37.891981076,143.999603271
128.945470035,37.890629547,142.128799438
128.945443607,37.889278018,140.764297485
128.945417180,37.887926489,139.917602539
128.945390755,37.886574959,138.751098633
128.945364332,37.885223429,138.302398682
128.945337911,37.883871899,137.341903687
128.945311491,37.882520368,136.259002686
128.945285074,37.881168837,135.255996704
128.945258658,37.879817306,134.382797241
128.945232243,37.878465774,133.549301147
128.945205831,37.877114242,132.450393677
128.945179420,37.875762710,131.188995361
128.945153011,37.874411177,130.399902344
128.945126604,37.873059644,129.529006958
128.945100198,37.871708111,129.761901855
128.945073795,37.870356577,129.441894531
128.945047393,37.869005043,126.731101990
128.945020993,37.867653509,124.188796997
128.944994594,37.866301974,122.263999939
128.944968197,37.864950439,120.276199341
128.944941803,37.863598904,118.326202393
128.944915410,37.862247369,114.958503723
128.944889018,37.860895833,111.457000732
128.944862629,37.859544296,108.330596924
128.944836241,37.858192760,105.901802063
128.944809855,37.856841223,104.145103455
128.944783470,37.855489686,102.069602966
128.944757088,37.854138148,99.745101929
128.944730707,37.852786610,97.795997620
128.944704328,37.851435072,95.439598083
128.944677951,37.850083534,93.958900452
128.944651576,37.848731995,91.133201599
128.944625202,37.847380456,87.978302002
128.944598830,37.846028916,85.179496765
128.944572460,37.844677376,80.159400940
128.944546091,37.843325836,75.902702332
128.944519725,37.841974296,74.503799438
128.944493360,37.840622755,71.391502380
128.944466997,37.839271214,68.450103760
128.944440635,37.837919672,65.128196716
128.944414276,37.836568131,62.153900146
128.944387918,37.835216588,59.509700775
128.944361562,37.833865046,57.000400543
128.944335207,37.832513503,54.484100342
128.944308855,37.831161960,52.336601257
128.944282504,37.829810417,50.374298096
128.944256155,37.828458873,48.849899292
128.944229808,37.827107329,47.411300659
128.944203462,37.825755785,45.382598877
128.944177119,37.824404240,44.761600494
128.944150777,37.823052695,44.252998352
128.944124436,37.821701149,45.588600159
128.944098098,37.820349604,45.521598816
128.944071761,37.818998058,44.532600403
128.944045426,37.817646511,43.087799072
128.944019093,37.816294965,42.074001312
128.943992762,37.814943418,40.896598816
128.943966432,37.813591870,39.825401306
128.943940104,37.812240323,39.424800873
128.943913778,37.810888775,38.022899628
128.943887454,37.809537226,36.814701080
128.943861131,37.808185678,36.551799774
128.943834810,37.806834129,35.090198517
128.943808491,37.805482579,33.473899841
128.943782174,37.804131030,30.298000336
128.943755858,37.802779480,29.612400055
128.943729544,37.801427930,29.016700745
128.943703232,37.800076379,29.038900375
128.943676922,37.798724828,28.955699921
128.943650614,37.797373277,27.984300613
128.943624307,37.796021725,26.964099884
128.943598002,37.794670173,25.765199661
128.943571699,37.793318621,24.641300201
128.943545397,37.791967068,22.981500626
128.943519097,37.790615516,21.054800034
128.943492799,37.789263962,20.334100723
128.943466503,37.787912409,18.895200729
128.943440209,37.786560855,17.345399857
128.943413916,37.785209301,15.938599586
128.943387625,37.783857746,14.222599983
128.943361336,37.782506191,12.106599808
128.943335048,37.781154636,9.349800110
128.943308763,37.779803081,6.017499924
128.943282479,37.778451525,3.147500038
128.943256196,37.777099969,2.296099901
128.949297950,37.998729773,693.637512207
128.949271349,37.997378271,673.967529297
128.949244749,37.996026769,658.382812500
128.949218151,37.994675266,640.439025879
128.949191555,37.993323763,625.470825195
128.949164960,37.991972260,614.382324219
128.949138368,37.990620757,605.625183105
128.949111777,37.989269253,596.770019531
128.949085188,37.987917749,588.694274902
128.949058600,37.986566244,580.651977539
128.949032015,37.985214739,572.620178223
128.949005431,37.983863234,564.392395020
128.948978849,37.982511729,556.747192383
128.948952269,37.981160223,549.361877441
128.948925691,37.979808717,542.374877930
128.948899114,37.978457210,534.859985352
128.948872539,37.977105704,526.846313477
128.948845966,37.975754196,518.993530273
128.948819395,37.974402689,513.576171875
128.948792825,37.973051181,506.499114990
128.948766257,37.971699673,499.094696045
128.948739691,37.970348165,491.653015137
128.948713127,37.968996656,482.962402344
128.948686565,37.967645147,474.980499268
128.948660004,37.966293638,467.106201172
128.948633445,37.964942128,458.985687256
128.948606888,37.963590618,453.061187744
128.948580333,37.962239107,446.665313721
128.948553779,37.960887597,440.843292236
128.948527228,37.959536086,434.186004639
128.948500678,37.958184574,426.597503662
128.948474129,37.956833063,416.874908447
128.948447583,37.955481551,409.888610840
128.948421038,37.954130038,404.047393799
128.948394495,37.952778526,396.846710205
128.948367954,37.951427013,390.387298584
128.948341415,37.950075499,385.646789551
128.948314878,37.948723986,378.762512207
128.948288342,37.947372472,373.671600342
128.948261808,37.946020957,369.056884766
128.948235275,37.944669443,364.016906738
128.948208745,37.943317928,359.946685791
128.948182216,37.941966413,354.924499512
128.948155689,37.940614897,350.617004395
128.948129164,37.939263381,346.267608643
128.948102641,37.937911865,340.849700928
128.948076119,37.936560348,335.618103027
128.948049600,37.935208831,331.124908447
128.948023082,37.933857314,326.653686523
128.947996565,37.932505796,322.560699463
128.947970051,37.931154279,318.630889893
128.947943538,37.929802760,315.019287109
128.947917027,37.928451242,311.580200195
128.947890518,37.927099723,307.850006104
128.947864011,37.925748204,301.988006592
128.947837505,37.924396684,298.442291260
128.947811001,37.923045164,295.452087402
128.947784499,37.921693644,292.139404297
128.947757999,37.920342124,288.374298096
128.947731500,37.918990603,284.485900879
128.947705003,37.917639082,280.886505127
128.947678508,37.916287560,276.976409912
128.947652015,37.914936038,273.100402832
128.947625524,37.913584516,269.114196777
128.947599034,37.912232994,265.388397217
128.947572546,37.910881471,261.255615234
128.947546060,37.909529948,257.316986084
128.947519576,37.908178424,253.617095947
128.947493093,37.906826901,249.360794067
128.947466612,37.905475376,245.200103760
128.947440133,37.904123852,240.383697510
128.947413656,37.902772327,235.782302856
128.947387180,37.901420802,230.623992920
128.947360707,37.900069277,224.200500488
128.947334235,37.898717751,215.862899780
128.947307764,37.897366225,201.505004883
128.947281296,37.896014698,180.430999756
128.947254829,37.894663172,159.442901611
128.947228365,37.893311645,150.642700195
128.947201901,37.891960117,146.658599854
128.947175440,37.890608590,143.771896362
128.947148980,37.889257062,142.112197876
128.947122523,37.887905533,141.109100342
128.947096067,37.886554005,139.511001587
128.947069612,37.885202476,138.974395752
128.947043160,37.883850946,138.054702759
128.947016709,37.882499417,137.045898438
128.946990260,37.881147887,135.932601929
128.946963813,37.879796356,135.408706665
128.946937368,37.878444826,134.354293823
128.946910924,37.877093295,133.352600098
128.946884482,37.875741763,132.061996460
128.946858042,37.874390232,131.464706421
128.946831603,37.873038700,130.771301270
128.946805167,37.871687167,130.471099854
128.946778732,37.870335635,129.759506226
128.946752299,37.868984102,128.114807129
128.946725868,37.867632569,126.603302002
128.946699438,37.866281035,123.913696289
128.946673010,37.864929501,123.342201233
128.946646585,37.863577967,122.180198669
128.946620160,37.862226432,119.789497375
128.946593738,37.860874898,116.837997437
128.946567317,37.859523362,113.600898743
128.946540898,37.858171827,110.670997620
128.946514481,37.856820291,108.841903687
128.946488066,37.855468755,106.263496399
128.946461652,37.854117218,103.487701416
128.946435240,37.852765681,101.287002563
128.946408830,37.851414144,100.122497559
128.946382422,37.850062607,97.829399109
128.946356015,37.848711069,95.058998108
128.946329610,37.847359531,92.404197693
128.946303207,37.846007992,89.646003723
128.946276806,37.844656453,86.034400940
128.946250407,37.843304914,81.783302307
128.946224009,37.841953375,78.192298889
128.946197613,37.840601835,75.482002258
128.946171219,37.839250295,72.930801392
128.946144826,37.837898754,70.824096680
128.946118436,37.836547214,66.893402100
128.946092047,37.835195672,63.329601288
128.946065660,37.833844131,60.371700287
128.946039274,37.832492589,57.957298279
128.946012891,37.831141047,55.655101776
128.945986509,37.829789505,53.306598663
128.945960129,37.828437962,50.989700317
128.945933750,37.827086419,49.512401581
128.945907374,37.825734876,47.813899994
128.945880999,37.824383332,46.989799500
128.945854626,37.823031788,44.946201324
128.945828255,37.821680244,46.304401398
128.945801885,37.820328699,46.921398163
128.945775518,37.818977154,45.721599579
128.945749152,37.817625608,44.672599792
128.945722787,37.816274063,43.505599976
128.945696425,37.814922517,42.371601105
128.945670064,37.813570970,41.855400085
128.945643705,37.812219424,40.955600739
128.945617348,37.810867877,40.491100311
128.945590993,37.809516330,39.666198730
128.945564639,37.808164782,38.256698608
128.945538287,37.806813234,35.922798157
128.945511937,37.805461686,34.980098724
128.945485589,37.804110137,32.963600159
128.945459242,37.802758588,31.078399658
128.945432897,37.801407039,30.637899399
128.945406554,37.800055489,31.282400131
128.945380213,37.798703939,30.593200684
128.945353873,37.797352389,29.261999130
128.945327536,37.796000839,28.280799866
128.945301200,37.794649288,26.955299377
128.945274865,37.793297736,25.329700470
128.945248533,37.791946185,23.739200592
128.945222202,37.790594633,21.541900635
128.945195873,37.789243081,20.086000443
128.945169546,37.787891528,19.919900894
128.945143220,37.786539975,18.849399567
128.945116897,37.785188422,17.428800583
128.945090575,37.783836869,15.965299606
128.945064255,37.782485315,14.206100464
128.945037936,37.781133761,12.093899727
128.945011619,37.779782206,9.607299805
128.944985305,37.778430651,6.038599968
128.944958991,37.777079096,5.210800171
128.944932680,37.775727541,2.772099972
128.951005852,37.998708709,708.971191406
128.950979219,37.997357208,687.744323730
128.950952588,37.996005707,669.108215332
128.950925959,37.994654206,650.428588867
128.950899331,37.993302704,632.655700684
128.950872706,37.991951202,622.434509277
128.950846082,37.990599699,615.033691406
128.950819459,37.989248196,605.086120605
128.950792839,37.987896693,596.227111816
128.950766220,37.986545190,590.369079590
128.950739604,37.985193686,582.039916992
128.950712989,37.983842182,572.079895020
128.950686375,37.982490677,563.470886230
128.950659764,37.981139173,556.110412598
128.950633154,37.979787667,548.552795410
128.950606546,37.978436162,539.751770020
128.950579940,37.977084656,531.668090820
128.950553336,37.975733150,526.554382324
128.950526733,37.974381644,519.200622559
128.950500132,37.973030137,510.586212158
128.950473533,37.971678630,501.519989014
128.950446936,37.970327123,493.873596191
128.950420341,37.968975615,487.115112305
128.950393747,37.967624107,478.605499268
128.950367155,37.966272598,472.815795898
128.950340565,37.964921090,464.955688477
128.950313976,37.963569581,458.478302002
128.950287390,37.962218071,454.142303467
128.950260805,37.960866562,447.956390381
128.950234222,37.959515052,436.432708740
128.950207641,37.958163541,428.572814941
128.950181061,37.956812031,421.237609863
128.950154484,37.955460520,415.078186035
128.950127908,37.954109008,408.582794189
128.950101334,37.952757497,401.584197998
128.950074761,37.951405985,396.166809082
128.950048191,37.950054472,390.182312012
128.950021622,37.948702960,384.166290283
128.949995055,37.947351447,379.481201172
128.949968490,37.945999934,374.976409912
128.949941926,37.944648420,369.214813232
128.949915364,37.943296906,364.314605713
128.949888805,37.941945392,359.540496826
128.949862246,37.940593877,354.998992920
128.949835690,37.939242362,349.789093018
128.949809135,37.937890847,345.269287109
128.949782583,37.936539331,341.122711182
128.949756032,37.935187816,336.505096436
128.949729482,37.933836299,331.583190918
128.949702935,37.932484783,327.208404541
128.949676389,37.931133266,323.344390869
128.949649845,37.929781749,319.577514648
128.949623303,37.928430231,316.309997559
128.949596763,37.927078713,311.408813477
128.949570224,37.925727195,307.041992188
128.949543687,37.924375677,303.465911865
128.949517152,37.923024158,300.253112793
128.949490619,37.921672639,296.185791016
128.949464087,37.920321119,292.650604248
128.949437558,37.918969599,289.188995361
128.949411030,37.917618079,285.768493652
128.949384504,37.916266559,280.361999512
128.949357979,37.914915038,277.266998291
128.949331456,37.913563517,273.694793701
128.949304936,37.912211995,270.521606445
128.949278417,37.910860473,266.839111328
128.949251899,37.909508951,263.398712158
128.949225384,37.908157429,259.457794189
128.949198870,37.906805906,255.667404175
128.949172358,37.905454383,251.229705811
128.949145848,37.904102860,246.668792725
128.949119339,37.902751336,241.585998535
128.949092833,37.901399812,237.222595215
128.949066328,37.900048287,232.574798584
128.949039824,37.898696763,227.541198730
128.949013323,37.897345238,219.771499634
128.948986824,37.895993712,204.205001831
128.948960326,37.894642187,183.443496704
128.948933830,37.893290660,161.989898682
128.948907335,37.891939134,151.729904175
128.948880843,37.890587607,146.851196289
128.948854352,37.889236080,144.606994629
128.948827863,37.887884553,143.084594727
128.948801376,37.886533025,141.297500610
128.948774891,37.885181497,140.383804321
128.948748407,37.883829969,139.282196045
128.948721925,37.882478440,138.129196167
128.948695445,37.881126911,137.132705688
128.948668967,37.879775382,136.441299438
128.948642490,37.878423853,135.282501221
128.948616015,37.877072323,134.190597534
128.948589542,37.875720792,132.822601318
128.948563071,37.874369262,132.500701904
128.948536601,37.873017731,131.846496582
128.948510134,37.871666199,131.410598755
128.948483668,37.870314668,130.248397827
128.948457204,37.868963136,128.358703613
128.948430741,37.867611604,127.197196960
128.948404281,37.866260071,126.004302979
128.948377822,37.864908538,124.617996216
128.948351365,37.863557005,123.232902527
128.948324909,37.862205472,121.394500732
128.948298456,37.860853938,119.478897095
128.948272004,37.859502403,117.601196289
128.948245554,37.858150869,115.592498779
128.948219106,37.856799334,113.162200928
128.948192659,37.855447799,111.147697449
128.948166214,37.854096263,108.902900696
128.948139772,37.852744727,106.475799561
128.948113330,37.851393191,104.563697815
128.948086891,37.850041655,102.531799316
128.948060453,37.848690118,100.524398804
128.948034017,37.847338581,97.504402161
128.948007583,37.845987043,93.482597351
128.947981151,37.844635506,89.711700439
128.947954720,37.843283967,86.105003357
128.947928292,37.841932429,82.258003235
128.947901865,37.840580890,78.529800415
128.947875439,37.839229351,76.504898071
128.947849016,37.837877812,75.454299927
128.947822594,37.836526272,71.938400269
128.947796174,37.835174732,67.482498169
128.947769756,37.833823191,64.008003235
128.947743339,37.832471651,61.356300354
128.947716925,37.831120110,59.409000397
128.947690512,37.829768568,56.848800659
128.947664101,37.828417027,53.847000122
128.947637691,37.827065484,51.606601715
128.947611284,37.825713942,49.717700958
128.947584878,37.824362399,48.132801056
128.947558474,37.823010856,47.686298370
128.947532071,37.821659313,48.385601044
128.947505671,37.820307769,48.496601105
128.947479272,37.818956225,47.597400665
128.947452875,37.817604681,46.211399078
128.947426480,37.816253136,44.657299042
128.947400086,37.814901591,43.600601196
128.947373695,37.813550046,42.814098358
128.947347305,37.812198500,42.279300690
128.947320916,37.810846954,41.303199768
128.947294530,37.809495408,41.271598816
128.947268145,37.808143862,40.201599121
128.947241762,37.806792315,36.749198914
128.947215381,37.805440767,36.192199707
128.947189002,37.804089220,36.105201721
128.947162624,37.802737672,35.195800781
128.947136248,37.801386124,33.436698914
128.947109874,37.800034575,32.670200348
128.947083502,37.798683026,31.941299438
128.947057131,37.797331477,30.774099350
128.947030763,37.795979927,29.295900345
128.947004396,37.794628377,27.824600220
128.946978030,37.793276827,25.351900101
128.946951667,37.791925277,23.691999435
128.946925305,37.790573726,22.253900528
128.946898945,37.789222175,21.044399261
128.946872587,37.787870623,21.904300690
128.946846230,37.786519071,20.744199753
128.946819876,37.785167519,19.004999161
128.946793523,37.783815967,17.428699493
128.946767172,37.782464414,15.955599785
128.946740822,37.781112861,14.361000061
128.946714474,37.779761307,12.314700127
128.946688129,37.778409753,9.473400116
128.946661784,37.777058199,5.826300144
128.946635442,37.775706645,3.363600016
128.946609101,37.774355090,2.285500050
128.952713752,37.998687621,720.647583008
128.952687088,37.997336121,701.432678223
128.952660426,37.995984621,678.690429688
128.952633765,37.994633120,658.028320313
128.952607106,37.993281620,643.484497070
128.952580449,37.991930118,634.361022949
128.952553794,37.990578617,625.891113281
128.952527140,37.989227115,617.481811523
128.952500489,37.987875613,609.901184082
128.952473839,37.986524111,602.305786133
128.952447191,37.985172608,591.570617676
128.952420544,37.983821105,580.511413574
128.952393900,37.982469601,571.311889648
128.952367257,37.981118098,562.572814941
128.952340616,37.979766593,555.515930176
128.952313977,37.978415089,546.966186523
128.952287339,37.977063584,540.034729004
128.952260704,37.975712079,531.483886719
128.952234070,37.974360574,521.949096680
128.952207438,37.973009068,513.584289551
128.952180807,37.971657562,507.827911377
128.952154179,37.970306056,500.272705078
128.952127552,37.968954549,492.340698242
128.952100927,37.967603042,484.037902832
128.952074304,37.966251535,477.320495605
128.952047683,37.964900027,470.867187500
128.952021063,37.963548519,463.712402344
128.951994445,37.962197011,458.852600098
128.951967829,37.960845502,450.376312256
128.951941215,37.959493993,441.312286377
128.951914602,37.958142484,433.707885742
128.951887992,37.956790974,426.991790771
128.951861383,37.955439464,420.503295898
128.951834775,37.954087954,414.792388916
128.951808170,37.952736443,408.380615234
128.951781566,37.951384932,401.411010742
128.951754965,37.950033421,395.203491211
128.951728365,37.948681909,390.097991943
128.951701766,37.947330397,385.547485352
128.951675170,37.945978885,380.404785156
128.951648575,37.944627372,375.453796387
128.951621982,37.943275859,370.222686768
128.951595391,37.941924346,363.947692871
128.951568802,37.940572833,358.025604248
128.951542214,37.939221319,353.161804199
128.951515628,37.937869805,348.561889648
128.951489044,37.936518290,343.788696289
128.951462462,37.935166775,339.592803955
128.951435881,37.933815260,335.236389160
128.951409303,37.932463744,332.704895020
128.951382726,37.931112228,328.399200439
128.951356151,37.929760712,324.288208008
128.951329577,37.928409196,320.864105225
128.951303006,37.927057679,316.264709473
128.951276436,37.925706162,311.922393799
128.951249868,37.924354644,308.823699951
128.951223302,37.923003126,304.851989746
128.951196737,37.921651608,301.338012695
128.951170174,37.920300090,297.552795410
128.951143613,37.918948571,294.661193848
128.951117054,37.917597052,291.028808594
128.951090497,37.916245532,286.795684814
128.951063941,37.914894013,282.732208252
128.951037387,37.913542493,278.606414795
128.951010835,37.912190972,276.136993408
128.950984285,37.910839451,272.094696045
128.950957737,37.909487930,268.471099854
128.950931190,37.908136409,265.781097412
128.950904645,37.906784887,261.641815186
128.950878102,37.905433365,257.109497070
128.950851560,37.904081843,252.599700928
128.950825021,37.902730320,247.906799316
128.950798483,37.901378797,243.201095581
128.950771947,37.900027273,239.005798340
128.950745412,37.898675750,234.071899414
128.950718880,37.897324226,229.335800171
128.950692349,37.895972701,222.645904541
128.950665820,37.894621177,209.770401001
128.950639293,37.893269652,190.405303955
128.950612768,37.891918126,168.053604126
128.950586244,37.890566601,153.019699097
128.950559722,37.889215075,147.340103149
128.950533202,37.887863548,144.724105835
128.950506684,37.886512022,142.599594116
128.950480167,37.885160495,141.183898926
128.950453652,37.883808967,139.669906616
128.950427139,37.882457440,138.516906738
128.950400628,37.881105912,137.444000244
128.950374118,37.879754383,136.474197388
128.950347611,37.878402855,135.513504028
128.950321105,37.877051326,134.481903076
128.950294601,37.875699797,133.761795044
128.950268098,37.874348267,133.243194580
128.950241598,37.872996737,132.636001587
128.950215099,37.871645207,132.084197998
128.950188602,37.870293676,131.102005005
128.950162106,37.868942145,129.602706909
128.950135613,37.867590614,128.302200317
128.950109121,37.866239083,126.934196472
128.950082631,37.864887551,125.463096619
128.950056143,37.863536018,123.977996826
128.950029657,37.862184486,122.255798340
128.950003172,37.860832953,120.879798889
128.949976689,37.859481420,119.440200806
128.949950208,37.858129886,117.501701355
128.949923728,37.856778353,115.283599854
128.949897251,37.855426818,113.674201965
128.949870775,37.854075284,112.213401794
128.949844301,37.852723749,110.207000732
128.949817829,37.851372214,108.294296265
128.949791358,37.850020678,106.965896606
128.949764890,37.848669143,105.333702087
128.949738423,37.847317606,102.847999573
128.949711957,37.845966070,95.848999023
128.949685494,37.844614533,93.570602417
128.949659032,37.843262996,90.939201355
128.949632572,37.841911459,87.220199585
128.949606114,37.840559921,83.635398865
128.949579658,37.839208383,80.675003052
128.949553203,37.837856844,76.849998474
128.949526751,37.836505306,74.214996338
128.949500299,37.835153767,70.725303650
128.949473850,37.833802227,68.423500061
128.949447403,37.832450687,66.363403320
128.949420957,37.831099147,64.021697998
128.949394513,37.829747607,60.807201385
128.949368071,37.828396066,57.463500977
128.949341630,37.827044525,55.444499969
128.949315192,37.825692984,53.039199829
128.949288755,37.824341442,49.578899384
128.949262320,37.822989900,49.316799164
128.949235886,37.821638358,50.392501831
128.949209455,37.820286815,50.909198761
128.949183025,37.818935272,49.560100555
128.949156597,37.817583729,48.590099335
128.949130170,37.816232185,46.617099762
128.949103746,37.814880641,45.258201599
128.949077323,37.813529097,44.252601624
128.949050902,37.812177552,43.611000061
128.949024483,37.810826007,43.292400360
128.948998065,37.809474462,42.498600006
128.948971650,37.808122917,41.916000366
128.948945236,37.806771371,40.240299225
128.948918824,37.805419824,39.257301331
128.948892413,37.804068278,38.682800293
128.948866005,37.802716731,37.909400940
128.948839598,37.801365184,37.260700226
128.948813193,37.800013636,35.190299988
128.948786789,37.798662088,33.427299500
128.948760388,37.797310540,32.047100067
128.948733988,37.795958991,30.317399979
128.948707590,37.794607443,28.582399368
128.948681194,37.793255893,26.324800491
128.948654799,37.791904344,24.603399277
128.948628406,37.790552794,23.382499695
128.948602015,37.789201244,22.401899338
128.948575626,37.787849693,21.320400238
128.948549239,37.786498142,20.755699158
128.948522853,37.785146591,20.496099472
128.948496469,37.783795040,19.456899643
128.948470087,37.782443488,18.060199738
128.948443706,37.781091936,16.567399979
128.948417328,37.779740383,14.637599945
128.948390951,37.778388831,12.396300316
128.948364576,37.777037278,9.513899803
128.948338202,37.775685724,5.557600021
128.948311831,37.774334170,3.701400042
128.948285461,37.772982616,2.354599953
128.954421651,37.998666508,733.236328125
128.954394955,37.997315009,711.387023926
128.954368261,37.995963510,692.161621094
128.954341569,37.994612010,673.716918945
128.954314879,37.993260511,655.997009277
128.954288191,37.991909010,643.732421875
128.954261504,37.990557510,635.397827148
128.954234820,37.989206009,629.033630371
128.954208137,37.987854508,618.746215820
128.954181455,37.986503007,606.930480957
128.954154776,37.985151505,598.479675293
128.954128098,37.983800003,588.726623535
128.954101422,37.982448500,577.379211426
128.954074748,37.981096998,568.887023926
128.954048076,37.979745495,565.052185059
128.954021406,37.978393991,557.539001465
128.953994737,37.977042488,547.213623047
128.953968070,37.975690984,535.588378906
128.953941405,37.974339479,526.703674316
128.953914741,37.972987974,519.643127441
128.953888080,37.971636469,512.577880859
128.953861420,37.970284964,505.598510742
128.953834762,37.968933458,498.556701660
128.953808106,37.967581952,490.747894287
128.953781451,37.966230446,485.268798828
128.953754799,37.964878939,478.197509766
128.953728148,37.963527432,469.722686768
128.953701499,37.962175925,463.607299805
128.953674851,37.960824417,455.296997070
128.953648206,37.959472909,447.986206055
128.953621562,37.958121401,439.482086182
128.953594920,37.956769892,432.351013184
128.953568280,37.955418384,425.451202393
128.953541641,37.954066874,418.447601318
128.953515005,37.952715365,412.128814697
128.953488370,37.951363855,406.340698242
128.953461737,37.950012344,401.569610596
128.953435105,37.948660834,395.960388184
128.953408476,37.947309323,390.538208008
128.953381848,37.945957812,385.371612549
128.953355222,37.944606300,379.793609619
128.953328598,37.943254788,374.208190918
128.953301976,37.941903276,369.598114014
128.953275355,37.940551763,364.834808350
128.953248736,37.939200251,358.439788818
128.953222119,37.937848737,354.700286865
128.953195504,37.936497224,350.249298096
128.953168890,37.935145710,345.397796631
128.953142279,37.933794196,341.326507568
128.953115669,37.932442681,337.457794189
128.953089061,37.931091166,333.877197266
128.953062454,37.929739651,329.287109375
128.953035850,37.928388136,324.459197998
128.953009247,37.927036620,321.020599365
128.952982646,37.925685104,316.958404541
128.952956047,37.924333587,312.869293213
128.952929449,37.922982070,308.458709717
128.952902853,37.921630553,302.955108643
128.952876260,37.920279036,301.348388672
128.952849667,37.918927518,299.333587646
128.952823077,37.917576000,295.427185059
128.952796488,37.916224482,292.105712891
128.952769902,37.914872963,287.764495850
128.952743317,37.913521444,284.245605469
128.952716733,37.912169924,280.607696533
128.952690152,37.910818404,277.333587646
128.952663572,37.909466884,273.837493896
128.952636994,37.908115364,271.278289795
128.952610418,37.906763843,267.591308594
128.952583844,37.905412322,262.468414307
128.952557271,37.904060801,257.907104492
128.952530700,37.902709279,254.147003174
128.952504131,37.901357757,249.418304443
128.952477564,37.900006235,244.257202148
128.952450999,37.898654712,239.815399170
128.952424435,37.897303189,236.097000122
128.952397873,37.895951666,230.874099731
128.952371313,37.894600142,224.826004028
128.952344755,37.893248618,215.385406494
128.952318198,37.891897094,199.832305908
128.952291643,37.890545569,174.006301880
128.952265090,37.889194044,154.357101440
128.952238539,37.887842519,147.251296997
128.952211989,37.886490993,144.028198242
128.952185442,37.885139467,143.058197021
128.952158896,37.883787941,141.557098389
128.952132352,37.882436414,139.970703125
128.952105809,37.881084887,138.621795654
128.952079269,37.879733360,137.509201050
128.952052730,37.878381832,136.533599854
128.952026193,37.877030304,135.470306396
128.951999657,37.875678776,134.716903687
128.951973124,37.874327248,133.905105591
128.951946592,37.872975719,133.091094971
128.951920062,37.871624189,132.284393311
128.951893534,37.870272660,131.470504761
128.951867008,37.868921130,130.225296021
128.951840483,37.867569600,128.846694946
128.951813960,37.866218069,127.491600037
128.951787439,37.864866538,126.195999146
128.951760920,37.863515007,124.682197571
128.951734402,37.862163476,123.429000854
128.951707886,37.860811944,122.166198730
128.951681372,37.859460412,120.731697083
128.951654860,37.858108879,119.137702942
128.951628350,37.856757346,117.287399292
128.951601841,37.855405813,115.985198975
128.951575334,37.854054280,114.728302002
128.951548829,37.852702746,113.085197449
128.951522325,37.851351212,111.575798035
128.951495824,37.849999677,110.409698486
128.951469324,37.848648143,109.061599731
128.951442826,37.847296607,102.987899780
128.951416330,37.845945072,100.272300720
128.951389835,37.844593536,100.877502441
128.951363342,37.843242000,97.598899841
128.951336851,37.841890464,94.077697754
128.951310362,37.840538927,91.099700928
128.951283875,37.839187390,86.732101440
128.951257389,37.837835852,82.537597656
128.951230905,37.836484315,78.892799377
128.951204423,37.835132777,75.530998230
128.951177943,37.833781238,73.743896484
128.951151464,37.832429700,71.042198181
128.951124987,37.831078161,69.870002747
128.951098512,37.829726621,65.821601868
128.951072039,37.828375081,62.964199066
128.951045568,37.827023541,60.173801422
128.951019098,37.825672001,56.464199066
128.950992630,37.824320460,54.568500519
128.950966164,37.822968919,56.318901062
128.950939699,37.821617378,56.145198822
128.950913237,37.820265836,54.172698975
128.950886776,37.818914295,51.277198792
128.950860317,37.817562752,50.251499176
128.950833859,37.816211210,48.445098877
128.950807404,37.814859667,46.630699158
128.950780950,37.813508123,45.788101196
128.950754498,37.812156580,44.871799469
128.950728048,37.810805036,44.516700745
128.950701599,37.809453492,43.849498749
128.950675152,37.808101947,43.031299591
128.950648707,37.806750402,42.798698425
128.950622264,37.805398857,42.624900818
128.950595823,37.804047311,41.063598633
128.950569383,37.802695765,39.563301086
128.950542945,37.801344219,38.271301270
128.950516509,37.799992673,36.709899902
128.950490075,37.798641126,34.858600616
128.950463642,37.797289578,33.288299561
128.950437211,37.795938031,32.053600311
128.950410782,37.794586483,29.709400177
128.950384355,37.793234935,26.731300354
128.950357930,37.791883386,26.577100754
128.950331506,37.790531838,26.171300888
128.950305084,37.789180288,22.277999878
128.950278664,37.787828739,22.634899139
128.950252245,37.786477189,23.750000000
128.950225828,37.785125639,23.002399445
128.950199414,37.783774088,21.370599747
128.950173000,37.782422538,19.925600052
128.950146589,37.781070987,18.395599365
128.950120179,37.779719435,17.332199097
128.950093771,37.778367883,15.504400253
128.950067365,37.777016331,11.933799744
128.950040961,37.775664779,9.330300331
128.950014558,37.774313226,5.721099854
128.949988158,37.772961673,3.140100002
128.956156276,37.999996867,772.275512695
128.956129547,37.998645370,747.493530273
128.956102820,37.997293872,728.157287598
128.956076095,37.995942374,707.364501953
128.956049372,37.994590876,687.835021973
128.956022651,37.993239377,668.458923340
128.955995931,37.991887878,658.698913574
128.955969213,37.990536378,647.866882324
128.955942497,37.989184879,638.501770020
128.955915783,37.987833378,626.697814941
128.955889070,37.986481878,615.892028809
128.955862359,37.985130377,605.982421875
128.955835650,37.983778876,595.055114746
128.955808943,37.982427375,585.330871582
128.955782238,37.981075873,579.670227051
128.955755534,37.979724371,573.506713867
128.955728833,37.978372869,560.677673340
128.955702133,37.977021366,551.088806152
128.955675434,37.975669863,540.802429199
128.955648738,37.974318360,532.057189941
128.955622043,37.972966856,525.057922363
128.955595350,37.971615352,518.486694336
128.955568659,37.970263848,511.624206543
128.955541970,37.968912343,504.258392334
128.955515282,37.967560838,497.838989258
128.955488597,37.966209333,490.052886963
128.955461913,37.964857827,482.118011475
128.955435231,37.963506321,474.386199951
128.955408550,37.962154815,467.972900391
128.955381872,37.960803308,461.024810791
128.955355195,37.959451801,453.733612061
128.955328520,37.958100294,445.725006104
128.955301847,37.956748786,438.011108398
128.955275175,37.955397278,430.802093506
128.955248505,37.954045770,424.696411133
128.955221838,37.952694261,418.598510742
128.955195171,37.951342753,413.421386719
128.955168507,37.949991243,408.566589355
128.955141845,37.948639734,402.014312744
128.955115184,37.947288224,396.126495361
128.955088525,37.945936714,390.489288330
128.955061868,37.944585203,385.173889160
128.955035212,37.943233692,379.598785400
128.955008559,37.941882181,374.355590820
128.954981907,37.940530669,369.792114258
128.954955257,37.939179158,364.152313232
128.954928608,37.937827645,359.470794678
128.954901962,37.936476133,354.587707520
128.954875317,37.935124620,350.233795166
128.954848674,37.933773107,345.975585938
128.954822033,37.932421593,341.978302002
128.954795394,37.931070080,338.065185547
128.954768756,37.929718565,333.503204346
128.954742120,37.928367051,329.291992188
128.954715486,37.927015536,325.988891602
128.954688854,37.925664021,321.790100098
128.954662224,37.924312505,318.496398926
128.954635595,37.922960990,314.924713135
128.954608968,37.921609474,311.005798340
128.954582343,37.920257957,306.888305664
128.954555720,37.918906440,304.123687744
128.954529098,37.917554923,300.568389893
128.954502478,37.916203406,297.381988525
128.954475860,37.914851888,292.859497070
128.954449244,37.913500370,288.967285156
128.954422630,37.912148852,285.943786621
128.954396017,37.910797333,282.442291260
128.954369406,37.909445814,279.136291504
128.954342797,37.908094294,276.740600586
128.954316190,37.906742775,273.140991211
128.954289584,37.905391255,268.239990234
128.954262980,37.904039734,263.843505859
128.954236378,37.902688214,259.769287109
128.954209778,37.901336693,254.830993652
128.954183180,37.899985171,250.926696777
128.954156583,37.898633650,246.707199097
128.954129988,37.897282128,242.293701172
128.954103395,37.895930605,236.906295776
128.954076804,37.894579083,231.707397461
128.954050214,37.893227560,227.008697510
128.954023627,37.891876036,219.242294312
128.953997041,37.890524513,203.671401978
128.953970456,37.889172989,179.040298462
128.953943874,37.887821464,156.700698853
128.953917293,37.886469940,147.815200806
128.953890715,37.885118415,145.825393677
128.953864137,37.883766890,143.613601685
128.953837562,37.882415364,141.731399536
128.953810989,37.881063838,140.160202026
128.953784417,37.879712312,138.879898071
128.953757847,37.878360785,137.549301147
128.953731279,37.877009258,136.531997681
128.953704712,37.875657731,135.734603882
128.953678148,37.874306204,134.889205933
128.953651585,37.872954676,133.965301514
128.953625024,37.871603147,133.045593262
128.953598464,37.870251619,132.029098511
128.953571907,37.868900090,130.847900391
128.953545351,37.867548561,129.734405518
128.953518797,37.866197031,128.419097900
128.953492245,37.864845501,127.258796692
128.953465694,37.863493971,125.913299561
128.953439146,37.862142441,124.513298035
128.953412599,37.860790910,123.196701050
128.953386054,37.859439379,121.883201599
128.953359510,37.858087847,120.453399658
128.953332969,37.856736316,118.879997253
128.953306429,37.855384783,117.779998779
128.953279891,37.854033251,116.380599976
128.953253355,37.852681718,114.932899475
128.953226820,37.851330185,113.575302124
128.953200288,37.849978652,111.945701599
128.953173757,37.848627118,110.366699219
128.953147228,37.847275584,106.932800293
128.953120700,37.845924049,106.400398254
128.953094175,37.844572515,105.225700378
128.953067651,37.843220979,103.590797424
128.953041129,37.841869444,101.667396545
128.953014608,37.840517908,97.540397644
128.952988090,37.839166372,93.419403076
128.952961573,37.837814836,90.155899048
128.952935058,37.836463299,87.059700012
128.952908545,37.835111762,82.964500427
128.952882034,37.833760225,79.067802429
128.952855524,37.832408687,75.775802612
128.952829016,37.831057149,73.835296631
128.952802510,37.829705611,70.529701233
128.952776006,37.828354072,67.031700134
128.952749503,37.827002533,64.355102539
128.952723002,37.825650994,61.452499390
128.952696503,37.824299454,61.654399872
128.952670006,37.822947914,60.529499054
128.952643511,37.821596374,59.684398651
128.952617017,37.820244833,58.233398438
128.952590525,37.818893292,55.725700378
128.952564035,37.817541751,53.130599976
128.952537546,37.816190209,50.020999908
128.952511060,37.814838667,48.634201050
128.952484575,37.813487125,47.856800079
128.952458092,37.812135582,46.793899536
128.952431611,37.810784040,45.590900421
128.952405131,37.809432496,45.427101135
128.952378653,37.808080953,45.021900177
128.952352177,37.806729409,44.453201294
128.952325703,37.805377865,44.354400635
128.952299231,37.804026320,43.188301086
128.952272760,37.802674775,41.622501373
128.952246291,37.801323230,39.813499451
128.952219824,37.799971684,37.853801727
128.952193359,37.798620139,36.198398590
128.952166895,37.797268592,34.692699432
128.952140433,37.795917046,33.253398895
128.952113973,37.794565499,31.239200592
128.952087515,37.793213952,30.023599625
128.952061058,37.791862404,30.075300217
128.952034604,37.790510857,25.753700256
128.952008151,37.789159308,26.996999741
128.951981699,37.787807760,29.294500351
128.951955250,37.786456211,28.133100510
128.951928802,37.785104662,25.494300842
128.951902356,37.783753113,23.492200851
128.951875912,37.782401563,21.681900024
128.951849470,37.781050013,20.461900711
128.951823029,37.779698462,19.223300934
128.951796590,37.778346911,17.369699478
128.951770153,37.776995360,15.010899544
128.951743718,37.775643809,11.785499573
128.951717284,37.774292257,8.496299744
128.951611568,37.768886047,1.712200046
128.951585143,37.767534494,1.988399982
128.957864202,37.999975704,790.987670898
128.957837442,37.998624207,764.795471191
128.957810684,37.997272711,741.500122070
128.957783927,37.995921213,724.230224609
128.957757173,37.994569716,702.217529297
128.957730420,37.993218218,684.055786133
128.957703669,37.991866720,676.892822266
128.957676920,37.990515222,664.167114258
128.957650173,37.989163723,649.491271973
128.957623427,37.987812224,638.689514160
128.957596683,37.986460725,628.091918945
128.957569941,37.985109225,615.019226074
128.957543201,37.983757725,602.654907227
128.957516462,37.982406224,595.929809570
128.957489726,37.981054724,589.082397461
128.957462991,37.979703223,577.542785645
128.957436258,37.978351721,565.222717285
128.957409526,37.977000220,555.352478027
128.957382797,37.975648718,546.491394043
128.957356069,37.974297215,538.535278320
128.957329343,37.972945713,530.929382324
128.957302619,37.971594210,524.747497559
128.957275897,37.970242706,518.730590820
128.957249176,37.968891203,512.734191895
128.957222457,37.967539699,503.615692139
128.957195740,37.966188195,495.238891602
128.957169025,37.964836690,487.156097412
128.957142312,37.963485185,479.513397217
128.957115600,37.962133680,473.661804199
128.957088890,37.960782174,466.556610107
128.957062182,37.959430668,459.810302734
128.957035476,37.958079162,451.375305176
128.957008771,37.956727655,443.675109863
128.956982069,37.955376148,437.457702637
128.956955368,37.954024641,431.332092285
128.956928669,37.952673134,425.259002686
128.956901971,37.951321626,419.323791504
128.956875276,37.949970117,413.352600098
128.956848582,37.948618609,407.963012695
128.956821890,37.947267100,402.272888184
128.956795200,37.945915591,395.830993652
128.956768511,37.944564081,390.475189209
128.956741825,37.943212571,385.430297852
128.956715140,37.941861061,379.908203125
128.956688457,37.940509551,374.997100830
128.956661775,37.939158040,370.432708740
128.956635096,37.937806529,365.322692871
128.956608418,37.936455017,360.772888184
128.956581742,37.935103505,355.896209717
128.956555068,37.933751993,352.076293945
128.956528396,37.932400481,347.600585938
128.956501725,37.931048968,342.881408691
128.956475056,37.929697455,338.390502930
128.956448389,37.928345941,335.102508545
128.956421724,37.926994428,331.489013672
128.956395061,37.925642913,327.465209961
128.956368399,37.924291399,323.938690186
128.956341739,37.922939884,320.715209961
128.956315081,37.921588369,316.170593262
128.956288425,37.920236854,312.140899658
128.956261770,37.918885338,309.311492920
128.956235117,37.917533822,305.438598633
128.956208466,37.916182306,301.639007568
128.956181817,37.914830789,297.665496826
128.956155170,37.913479272,294.649810791
128.956128524,37.912127754,291.300903320
128.956101880,37.910776237,287.986999512
128.956075238,37.909424719,284.427398682
128.956048598,37.908073200,281.938812256
128.956021959,37.906721682,277.843414307
128.955995323,37.905370163,272.510101318
128.955968688,37.904018643,269.245391846
128.955942055,37.902667123,265.148406982
128.955915423,37.901315603,261.494598389
128.955888794,37.899964083,257.297210693
128.955862166,37.898612563,253.406204224
128.955835540,37.897261042,249.351303101
128.955808916,37.895909520,245.237106323
128.955782293,37.894557999,239.711807251
128.955755672,37.893206477,233.888595581
128.955729054,37.891854954,228.695999146
128.955702436,37.890503432,222.942092896
128.955675821,37.889151909,209.346099854
128.955649207,37.887800385,186.061401367
128.955622596,37.886448862,160.293594360
128.955595986,37.885097338,150.389007568
128.955569377,37.883745814,146.366897583
128.955542771,37.882394289,143.640396118
128.955516166,37.881042764,141.927795410
128.955489563,37.879691239,140.328994751
128.955462962,37.878339713,138.889801025
128.955436363,37.876988188,137.749893188
128.955409765,37.875636661,136.643005371
128.955383170,37.874285135,135.734298706
128.955356576,37.872933608,134.951004028
128.955329983,37.871582081,134.077194214
128.955303393,37.870230553,133.207107544
128.955276804,37.868879025,131.977600098
128.955250217,37.867527497,130.936599731
128.955223632,37.866175969,129.550598145
128.955197049,37.864824440,128.419799805
128.955170467,37.863472911,127.170997620
128.955143888,37.862121381,125.791000366
128.955117310,37.860769851,124.316200256
128.955090733,37.859418321,123.160797119
128.955064159,37.858066791,121.743499756
128.955037586,37.856715260,120.269996643
128.955011015,37.855363729,119.211303711
128.954984446,37.854012197,118.043098450
128.954957879,37.852660666,116.554702759
128.954931313,37.851309134,115.306503296
128.954904750,37.849957601,113.847396851
128.954878188,37.848606068,112.627601624
128.954851627,37.847254535,110.648200989
128.954825069,37.845903002,109.257102966
128.954798512,37.844551468,108.636299133
128.954771957,37.843199934,106.871002197
128.954745404,37.841848400,104.744400024
128.954718853,37.840496865,102.373901367
128.954692303,37.839145330,100.770103455
128.954665755,37.837793795,99.269699097
128.954639209,37.836442259,93.727996826
128.954612665,37.835090723,89.062797546
128.954586123,37.833739187,85.330703735
128.954559582,37.832387650,82.103202820
128.954533043,37.831036113,81.217102051
128.954506506,37.829684576,76.991600037
128.954479970,37.828333038,72.831596375
128.954453437,37.826981500,72.062698364
128.954426905,37.825629962,69.819702148
128.954400375,37.824278423,66.997001648
128.954373847,37.822926884,63.819000244
128.954347320,37.821575345,63.282699585
128.954320795,37.820223805,61.771301270
128.954294272,37.818872265,59.594001770
128.954267751,37.817520725,58.288600922
128.954241232,37.816169184,55.905399323
128.954214714,37.814817643,54.539901733
128.954188198,37.813466102,52.160301208
128.954161684,37.812114561,49.687900543
128.954135172,37.810763019,49.013500214
128.954108661,37.809411476,48.717700958
128.954082152,37.808059934,47.658199310
128.954055645,37.806708391,47.346698761
128.954029140,37.805356848,46.553600311
128.954002637,37.804005304,44.911399841
128.953976135,37.802653760,43.101299286
128.953949635,37.801302216,41.168098450
128.953923137,37.799950672,39.134101868
128.953896641,37.798599127,37.443599701
128.953870146,37.797247582,36.017101288
128.953843653,37.795896036,35.468498230
128.953817162,37.794544490,36.641601563
128.953790673,37.793192944,36.884300232
128.953764185,37.791841398,32.277099609
128.953737699,37.790489851,31.912900925
128.953711215,37.789138304,32.462299347
128.953684733,37.787786756,31.348699570
128.953658253,37.786435209,29.488500595
128.953631774,37.785083660,27.516700745
128.953605297,37.783732112,24.983200073
128.953578822,37.782380563,23.726100922
128.953552349,37.781029014,22.487899780
128.953525877,37.779677465,20.680500031
128.953499407,37.778325915,19.161600113
128.953472939,37.776974365,17.925500870
128.953446473,37.775622814,14.887700081
128.953420008,37.774271264,12.183600426
128.953367085,37.771568161,6.406599998
128.953340625,37.770216610,3.790899992
128.953314168,37.768865058,1.899199963
128.953287712,37.767513505,1.699200034
128.959572126,37.999954515,817.168518066
128.959545335,37.998603020,782.986389160
128.959518545,37.997251524,758.686218262
128.959491758,37.995900028,739.473327637
128.959464972,37.994548532,721.235290527
128.959438188,37.993197035,706.476623535
128.959411406,37.991845538,690.575988770
128.959384625,37.990494040,675.932495117
128.959357846,37.989142543,659.172973633
128.959331069,37.987791045,649.259582520
128.959304294,37.986439546,638.895874023
128.959277521,37.985088048,627.359069824
128.959250749,37.983736549,616.690612793
128.959223980,37.982385049,603.890319824
128.959197212,37.981033550,591.912414551
128.959170445,37.979682050,580.599304199
128.959143681,37.978330549,569.207580566
128.959116919,37.976979049,561.420227051
128.959090158,37.975627548,552.757202148
128.959063399,37.974276046,544.588378906
128.959036641,37.972924545,537.882812500
128.959009886,37.971573043,531.947509766
128.958983132,37.970221540,526.494323730
128.958956381,37.968870038,518.526672363
128.958929630,37.967518535,509.400787354
128.958902882,37.966167032,500.742095947
128.958876136,37.964815528,492.370605469
128.958849391,37.963464024,485.684112549
128.958822648,37.962112520,480.123596191
128.958795907,37.960761015,472.034210205
128.958769168,37.959409510,465.021301270
128.958742430,37.958058005,457.650604248
128.958715694,37.956706500,450.681213379
128.958688960,37.955354994,443.784210205
128.958662228,37.954003487,437.352691650
128.958635498,37.952651981,431.174804688
128.958608769,37.951300474,425.420104980
128.958582042,37.949948967,419.598114014
128.958555317,37.948597459,413.000396729
128.958528594,37.947245951,406.557006836
128.958501873,37.945894443,400.863311768
128.958475153,37.944542935,396.282714844
128.958448435,37.943191426,390.273010254
128.958421719,37.941839917,385.330108643
128.958395005,37.940488407,380.625488281
128.958368292,37.939136897,375.596710205
128.958341581,37.937785387,371.104003906
128.958314873,37.936433877,365.584197998
128.958288165,37.935082366,361.878906250
128.958261460,37.933730855,357.549011230
128.958234756,37.932379343,352.956787109
128.958208055,37.931027832,348.209503174
128.958181355,37.929676320,344.184997559
128.958154656,37.928324807,340.368804932
128.958127960,37.926973294,336.604187012
128.958101265,37.925621781,332.708312988
128.958074572,37.924270268,329.436706543
128.958047881,37.922918754,325.101409912
128.958021192,37.921567240,321.032897949
128.957994504,37.920215726,317.407287598
128.957967819,37.918864211,314.039215088
128.957941135,37.917512696,310.386901855
128.957914453,37.916161180,306.990600586
128.957887772,37.914809665,303.554809570
128.957861094,37.913458149,300.765594482
128.957834417,37.912106632,297.746887207
128.957807742,37.910755116,294.315887451
128.957781069,37.909403599,290.299499512
128.957754397,37.908052081,287.155303955
128.957727727,37.906700564,283.311889648
128.957701060,37.905349046,279.273895264
128.957674393,37.903997527,275.229309082
128.957647729,37.902646009,270.728485107
128.957621067,37.901294490,267.030914307
128.957594406,37.899942970,263.295196533
128.957567747,37.898591451,258.936492920
128.957541090,37.897239931,255.918304443
128.957514434,37.895888410,250.851699829
128.957487781,37.894536890,246.850494385
128.957461129,37.893185369,242.207595825
128.957434479,37.891833848,236.889801025
128.957407830,37.890482326,231.254394531
128.957381184,37.889130804,224.993698120
128.957354539,37.887779282,213.645996094
128.957327896,37.886427759,191.211898804
128.957301255,37.885076236,164.722305298
128.957274616,37.883724713,152.040206909
128.957247978,37.882373190,147.144104004
128.957221342,37.881021666,144.537200928
128.957194708,37.879670141,142.369995117
128.957168076,37.878318617,140.786407471
128.957141445,37.876967092,139.304000854
128.957114817,37.875615567,138.052398682
128.957088190,37.874264041,137.177093506
128.957061565,37.872912516,136.164993286
128.957034941,37.871560989,135.115997314
128.957008320,37.870209463,134.305694580
128.956981700,37.868857936,133.081802368
128.956955082,37.867506409,132.106994629
128.956928466,37.866154881,131.232406616
128.956901851,37.864803354,129.900207520
128.956875239,37.863451825,128.579193115
128.956848628,37.862100297,126.918701172
128.956822019,37.860748768,125.623802185
128.956795411,37.859397239,124.556297302
128.956768806,37.858045710,123.130096436
128.956742202,37.856694180,121.789802551
128.956715600,37.855342650,120.672698975
128.956689000,37.853991119,119.772903442
128.956662401,37.852639589,118.575202942
128.956635805,37.851288057,117.200103760
128.956609210,37.849936526,116.002502441
128.956582617,37.848584994,114.942596436
128.956556025,37.847233462,113.694602966
128.956529436,37.845881930,111.006202698
128.956502848,37.844530397,111.067199707
128.956476262,37.843178864,109.927299500
128.956449678,37.841827331,107.939903259
128.956423095,37.840475797,105.404296875
128.956396515,37.839124263,103.688102722
128.956369936,37.837772729,100.406898499
128.956343359,37.836421194,97.049697876
128.956316783,37.835069659,94.638603210
128.956290210,37.833718124,91.335296631
128.956263638,37.832366588,87.118202209
128.956237068,37.831015052,83.358100891
128.956210500,37.829663516,79.564300537
128.956183933,37.828311979,77.568901062
128.956157369,37.826960442,77.433799744
128.956130806,37.825608905,75.252700806
128.956104245,37.824257367,72.552200317
128.956077685,37.822905829,69.124397278
128.956051128,37.821554291,67.497398376
128.956024572,37.820202752,65.959297180
128.955998018,37.818851214,64.008102417
128.955971466,37.817499674,62.362499237
128.955944915,37.816148135,60.336399078
128.955918367,37.814796595,58.345699310
128.955891820,37.813445055,56.068801880
128.955865275,37.812093514,54.058399200
128.955838731,37.810741973,52.748199463
128.955812190,37.809390432,51.485698700
128.955785650,37.808038890,49.950599670
128.955759112,37.806687349,49.577098846
128.955732576,37.805335806,48.443500519
128.955706041,37.803984264,46.334598541
128.955679508,37.802632721,45.203399658
128.955652977,37.801281178,43.093601227
128.955626448,37.799929634,40.347801208
128.955599921,37.798578090,38.020698547
128.955573395,37.797226546,36.514999390
128.955546871,37.795875002,37.658100128
128.955520349,37.794523457,38.045700073
128.955493829,37.793171912,38.015499115
128.955467310,37.791820366,37.485298157
128.955440794,37.790468821,36.794799805
128.955414279,37.789117275,35.175899506
128.955387765,37.787765728,33.123001099
128.955361254,37.786414181,31.128999710
128.955334744,37.785062634,29.923599243
128.955308236,37.783711087,27.351800919
128.955281730,37.782359539,25.502300262
128.955255226,37.781007991,22.533500671
128.955228723,37.779656443,21.621400833
128.955202223,37.778304894,20.743799210
128.955175723,37.776953345,19.839599609
128.955149226,37.775601795,17.399000168
128.955122731,37.774250246,14.521800041
128.955096237,37.772898696,4.887599945
128.955069745,37.771547145,4.073500156
128.955043255,37.770195595,4.629499912
128.955016766,37.768844044,4.169799805
128.954990280,37.767492492,3.482300043
128.954963795,37.766140941,2.416599989
128.961280049,37.999933302,850.766723633
128.961253226,37.998581808,809.266601563
128.961226405,37.997230313,777.802124023
128.961199586,37.995878818,756.541320801
128.961172769,37.994527322,741.840820313
128.961145954,37.993175827,727.850585938
128.961119140,37.991824331,709.991516113
128.961092328,37.990472834,691.170593262
128.961065518,37.989121338,674.465576172
128.961038710,37.987769841,661.276184082
128.961011904,37.986418343,657.337585449
128.960985099,37.985066846,643.277282715
128.960958296,37.983715348,625.132019043
128.960931495,37.982363849,609.888977051
128.960904696,37.981012351,596.869018555
128.960877898,37.979660852,585.260375977
128.960851103,37.978309352,576.234619141
128.960824309,37.976957853,568.390991211
128.960797517,37.975606353,560.565185547
128.960770726,37.974254853,553.919616699
128.960743938,37.972903352,545.564880371
128.960717151,37.971551851,539.570007324
128.960690366,37.970200350,533.017028809
128.960663583,37.968848848,523.022888184
128.960636802,37.967497346,515.300292969
128.960610022,37.966145844,507.078796387
128.960583245,37.964794341,499.928894043
128.960556469,37.963442838,492.318389893
128.960529694,37.962091335,485.676391602
128.960502922,37.960739832,477.324188232
128.960476151,37.959388328,470.651306152
128.960449383,37.958036824,462.625213623
128.960422616,37.956685319,455.444213867
128.960395850,37.955333814,449.498413086
128.960369087,37.953982309,443.284912109
128.960342325,37.952630803,436.740814209
128.960315565,37.951279298,430.371002197
128.960288807,37.949927791,424.203399658
128.960262051,37.948576285,417.525695801
128.960235297,37.947224778,411.611785889
128.960208544,37.945873271,407.232788086
128.960181793,37.944521763,401.001190186
128.960155044,37.943170256,395.666503906
128.960128297,37.941818747,391.000000000
128.960101551,37.940467239,386.605499268
128.960074807,37.939115730,381.384002686
128.960048065,37.937764221,376.403015137
128.960021325,37.936412712,371.340789795
128.959994587,37.935061202,367.278594971
128.959967850,37.933709692,363.700195313
128.959941115,37.932358181,358.186309814
128.959914382,37.931006671,353.701202393
128.959887651,37.929655159,349.197906494
128.959860922,37.928303648,345.402008057
128.959834194,37.926952136,341.850311279
128.959807468,37.925600624,338.699584961
128.959780744,37.924249112,334.752899170
128.959754022,37.922897599,330.747100830
128.959727301,37.921546086,327.131011963
128.959700583,37.920194573,323.980987549
128.959673866,37.918843059,319.525390625
128.959647150,37.917491545,315.282196045
128.959620437,37.916140031,312.097503662
128.959593726,37.914788516,308.993713379
128.959567016,37.913437001,306.234100342
128.959540308,37.912085486,303.014587402
128.959513602,37.910733970,299.428588867
128.959486897,37.909382454,296.176391602
128.959460194,37.908030938,293.075012207
128.959433494,37.906679421,289.111206055
128.959406794,37.905327904,284.738800049
128.959380097,37.903976387,280.688690186
128.959353402,37.902624869,276.673095703
128.959326708,37.901273351,273.459991455
128.959300016,37.899921833,270.365295410
128.959273326,37.898570314,265.792388916
128.959246638,37.897218795,261.897094727
128.959219951,37.895867276,258.485809326
128.959193266,37.894515756,254.184005737
128.959166583,37.893164236,249.663803101
128.959139902,37.891812716,244.365600586
128.959113223,37.890461196,239.545898438
128.959086545,37.889109675,234.500396729
128.959059869,37.887758154,228.903701782
128.959033195,37.886406632,218.840194702
128.959006523,37.885055110,198.712493896
128.958979852,37.883703588,167.941101074
128.958953183,37.882352065,152.965499878
128.958926516,37.881000542,148.241500854
128.958899851,37.879649019,145.341995239
128.958873188,37.878297496,143.135696411
128.958846526,37.876945972,141.265701294
128.958819866,37.875594448,139.576507568
128.958793208,37.874242923,138.802001953
128.958766552,37.872891398,138.030700684
128.958739898,37.871539873,137.133102417
128.958713245,37.870188348,135.755096436
128.958686594,37.868836822,134.372299194
128.958659945,37.867485296,133.595504761
128.958633298,37.866133769,132.610000610
128.958606652,37.864782243,131.597396851
128.958580008,37.863430715,130.172195435
128.958553366,37.862079188,128.483200073
128.958526726,37.860727660,127.192199707
128.958500088,37.859376132,125.997001648
128.958473451,37.858024604,124.784103394
128.958446816,37.856673075,123.258102417
128.958420183,37.855321546,122.351303101
128.958393552,37.853970017,121.383796692
128.958366922,37.852618487,119.795600891
128.958340294,37.851266957,118.532096863
128.958313668,37.849915426,117.831802368
128.958287044,37.848563896,115.782203674
128.958260422,37.847212365,113.270301819
128.958233801,37.845860833,111.945602417
128.958207182,37.844509302,112.513000488
128.958180565,37.843157770,112.117202759
128.958153950,37.841806237,112.539100647
128.958127336,37.840454704,109.729202271
128.958100725,37.839103171,105.249000549
128.958074115,37.837751638,101.026901245
128.958047506,37.836400105,100.392196655
128.958020900,37.835048571,100.014900208
128.957994295,37.833697036,96.723800659
128.957967693,37.832345502,92.601699829
128.957941092,37.830993967,88.062301636
128.957914492,37.829642431,84.752998352
128.957887895,37.828290896,81.900703430
128.957861299,37.826939360,80.429397583
128.957834705,37.825587824,78.483398438
128.957808113,37.824236287,76.913497925
128.957781522,37.822884750,74.300201416
128.957754934,37.821533213,71.498596191
128.957728347,37.820181675,70.156799316
128.957701762,37.818830137,68.017501831
128.957675179,37.817478599,65.771896362
128.957648597,37.816127060,63.680099487
128.957622017,37.814775522,61.923599243
128.957595439,37.813423982,59.909000397
128.957568863,37.812072443,57.770301819
128.957542289,37.810720903,55.788799286
128.957515716,37.809369363,54.265598297
128.957489145,37.808017822,52.467201233
128.957462576,37.806666281,51.250301361
128.957436009,37.805314740,49.975200653
128.957409444,37.803963199,48.249500275
128.957382880,37.802611657,46.831298828
128.957356318,37.801260115,45.015499115
128.957329758,37.799908572,43.305999756
128.957303199,37.798557029,40.753200531
128.957276643,37.797205486,39.348098755
128.957250088,37.795853943,40.172599792
128.957223535,37.794502399,39.782798767
128.957196983,37.793150855,39.116798401
128.957170434,37.791799311,37.988098145
128.957143886,37.790447766,37.153999329
128.957117340,37.789096221,36.049999237
128.957090796,37.787744675,34.657699585
128.957064253,37.786393130,33.010799408
128.957037713,37.785041583,32.069999695
128.957011174,37.783690037,30.319400787
128.956984637,37.782338490,27.892499924
128.956958101,37.780986943,25.435199738
128.956931568,37.779635396,25.420600891
128.956905036,37.778283848,23.847099304
128.956878506,37.776932300,21.680900574
128.956851978,37.775580752,19.255699158
128.956825451,37.774229203,16.893400192
128.956798927,37.772877654,14.466400146
128.956772404,37.771526105,5.672699928
128.956745882,37.770174555,7.248199940
128.956719363,37.768823005,7.448800087
128.956692845,37.767471455,6.188899994
128.956666330,37.766119904,4.435200214
128.956639816,37.764768353,3.794600010
128.956613303,37.763416802,2.134099960
128.962987969,37.999912064,871.385925293
128.962961116,37.998560571,832.357727051
128.962934263,37.997209077,796.845825195
128.962907413,37.995857583,776.086181641
128.962880565,37.994506088,779.475708008
128.962853718,37.993154594,749.740112305
128.962826873,37.991803099,727.243896484
128.962800030,37.990451603,710.552612305
128.962773189,37.989100108,689.507629395
128.962746349,37.987748612,677.302124023
128.962719511,37.986397116,666.307128906
128.962692675,37.985045619,651.223327637
128.962665841,37.983694122,631.911315918
128.962639009,37.982342625,615.848083496
128.962612178,37.980991127,603.733520508
128.962585350,37.979639629,592.708007813
128.962558523,37.978288131,584.659118652
128.962531697,37.976936632,575.533325195
128.962504874,37.975585133,567.577880859
128.962478052,37.974233634,559.998718262
128.962451233,37.972882134,552.634521484
128.962424415,37.971530634,546.032226563
128.962397598,37.970179134,538.365112305
128.962370784,37.968827634,531.327514648
128.962343971,37.967476133,522.319824219
128.962317161,37.966124632,514.088623047
128.962290352,37.964773130,505.870605469
128.962263544,37.963421628,497.901702881
128.962236739,37.962070126,489.973602295
128.962209935,37.960718623,481.944793701
128.962183133,37.959367121,474.995788574
128.962156333,37.958015617,468.267211914
128.962129535,37.956664114,460.783111572
128.962102739,37.955312610,454.999206543
128.962075944,37.953961106,449.091888428
128.962049151,37.952609601,442.608886719
128.962022360,37.951258096,435.406402588
128.961995571,37.949906591,427.906799316
128.961968783,37.948555086,421.952301025
128.961941997,37.947203580,417.180694580
128.961915213,37.945852074,411.889099121
128.961888431,37.944500567,407.508300781
128.961861651,37.943149061,402.111511230
128.961834872,37.941797554,396.943298340
128.961808096,37.940446046,391.791290283
128.961781321,37.939094538,386.484985352
128.961754547,37.937743030,381.349792480
128.961727776,37.936391522,377.224792480
128.961701006,37.935040013,373.293304443
128.961674239,37.933688504,367.366912842
128.961647473,37.932336995,362.829010010
128.961620708,37.930985485,358.776702881
128.961593946,37.929633975,353.839385986
128.961567185,37.928282464,349.670593262
128.961540426,37.926930954,346.216003418
128.961513669,37.925579443,343.112701416
128.961486914,37.924227931,339.035186768
128.961460160,37.922876420,336.038787842
128.961433409,37.921524907,330.412689209
128.961406659,37.920173395,326.582885742
128.961379911,37.918821882,322.805114746
128.961353164,37.917470369,319.631713867
128.961326420,37.916118856,316.848693848
128.961299677,37.914767342,313.585906982
128.961272936,37.913415828,310.967712402
128.961246197,37.912064314,307.765686035
128.961219459,37.910712800,304.352294922
128.961192724,37.909361285,301.222412109
128.961165990,37.908009769,297.604309082
128.961139258,37.906658254,293.099609375
128.961112528,37.905306738,288.958404541
128.961085799,37.903955221,284.900695801
128.961059073,37.902603705,280.918487549
128.961032348,37.901252188,277.389190674
128.961005625,37.899900671,274.284790039
128.960978903,37.898549153,271.556884766
128.960952184,37.897197635,268.413604736
128.960925466,37.895846117,263.451293945
128.960898750,37.894494598,260.219604492
128.960872036,37.893143079,255.969802856
128.960845323,37.891791560,251.592407227
128.960818613,37.890440041,246.556198120
128.960791904,37.889088521,241.426406860
128.960765197,37.887737001,236.342895508
128.960738492,37.886385480,231.114898682
128.960711788,37.885033959,220.451904297
128.960685087,37.883682438,196.854095459
128.960658387,37.882330916,167.223297119
128.960631689,37.880979395,152.794097900
128.960604992,37.879627872,148.232803345
128.960578298,37.878276350,145.515792847
128.960551605,37.876924827,143.106292725
128.960524914,37.875573304,141.466995239
128.960498225,37.874221780,140.341400146
128.960471538,37.872870257,139.186096191
128.960444852,37.871518733,138.203094482
128.960418168,37.870167208,136.926101685
128.960391486,37.868815683,135.459899902
128.960364806,37.867464158,134.591705322
128.960338127,37.866112633,133.679702759
128.960311451,37.864761107,132.897094727
128.960284776,37.863409581,131.682907104
128.960258103,37.862058054,129.982299805
128.960231431,37.860706528,128.506301880
128.960204762,37.859355001,127.240997314
128.960178094,37.858003473,125.880897522
128.960151428,37.856651945,124.351699829
128.960124764,37.855300417,123.376502991
128.960098102,37.853948889,122.360702515
128.960071441,37.852597360,121.084999084
128.960044782,37.851245831,119.761703491
128.960018125,37.849894302,118.099502563
128.959991470,37.848542772,116.856597900
128.959964816,37.847191242,115.090103149
128.959938164,37.845839712,113.540000916
128.959911515,37.844488181,114.213203430
128.959884866,37.843136650,115.931900024
128.959858220,37.841785119,116.685897827
128.959831575,37.840433587,112.899902344
128.959804933,37.839082055,108.013298035
128.959778292,37.837730523,104.984100342
128.959751652,37.836378990,104.033500671
128.959725015,37.835027457,103.558097839
128.959698379,37.833675924,100.685798645
128.959671745,37.832324390,97.634696960
128.959645113,37.830972857,93.700599670
128.959618483,37.829621322,89.744796753
128.959591854,37.828269788,86.184997559
128.959565227,37.826918253,83.797798157
128.959538602,37.825566718,82.137298584
128.959511979,37.824215182,79.993103027
128.959485358,37.822863646,77.471702576
128.959458738,37.821512110,74.921501160
128.959432120,37.820160573,72.549896240
128.959405504,37.818809036,70.946098328
128.959378890,37.817457499,68.880401611
128.959352277,37.816105962,66.888099670
128.959325666,37.814754424,65.010902405
128.959299057,37.813402886,63.192501068
128.959272450,37.812051347,61.053199768
128.959245845,37.810699808,59.151699066
128.959219241,37.809348269,57.125499725
128.959192639,37.807996730,55.368198395
128.959166039,37.806645190,53.794998169
128.959139441,37.805293650,52.209598541
128.959112844,37.803942109,50.698600769
128.959086250,37.802590568,49.104099274
128.959059657,37.801239027,47.524600983
128.959033065,37.799887486,46.197101593
128.959006476,37.798535944,45.193801880
128.958979888,37.797184402,44.199501038
128.958953302,37.795832859,42.991100311
128.958926718,37.794481317,41.524200439
128.958900136,37.793129773,40.466999054
128.958873555,37.791778230,39.259601593
128.958846977,37.790426686,38.112201691
128.958820400,37.789075142,37.236499786
128.958793824,37.787723598,36.327800751
128.958767251,37.786372053,34.637699127
128.958740679,37.785020508,33.299098969
128.958714109,37.783668963,31.517099380
128.958687541,37.782317417,29.829900742
128.958660975,37.780965871,28.863399506
128.958634410,37.779614325,27.651699066
128.958607848,37.778262778,25.150199890
128.958581287,37.776911231,23.038400650
128.958554727,37.775559684,21.048000336
128.958528170,37.774208136,18.696500778
128.958501614,37.772856588,16.564500809
128.958475060,37.771505040,14.028900146
128.958448508,37.770153491,11.582099915
128.958421958,37.768801942,9.748600006
128.958395409,37.767450393,8.191900253
128.958368863,37.766098843,6.748799801
128.958342318,37.764747293,4.540100098
128.958315774,37.763395743,3.973099947
128.958289233,37.762044192,2.091799974
128.964695888,37.999890801,909.294616699
128.964669003,37.998539309,867.814514160
128.964642120,37.997187816,830.723815918
128.964615238,37.995836323,812.053894043
128.964588358,37.994484830,803.945983887
128.964561480,37.993133336,766.585327148
128.964534604,37.991781842,736.345275879
128.964507730,37.990430348,716.725524902
128.964480857,37.989078853,706.620117188
128.964453986,37.987727358,692.068176270
128.964427117,37.986375863,676.338928223
128.964400250,37.985024367,655.413024902
128.964373384,37.983672871,639.241699219
128.964346521,37.982321375,627.464904785
128.964319659,37.980969879,612.011474609
128.964292799,37.979618382,600.581787109
128.964265941,37.978266884,592.414978027
128.964239084,37.976915387,581.767272949
128.964212229,37.975563889,573.555419922
128.964185377,37.974212391,567.626770020
128.964158526,37.972860892,559.742919922
128.964131676,37.971509393,552.980224609
128.964104829,37.970157894,545.237670898
128.964077983,37.968806394,535.290527344
128.964051139,37.967454895,529.003723145
128.964024297,37.966103394,524.565124512
128.963997457,37.964751894,517.736022949
128.963970618,37.963400393,508.819305420
128.963943782,37.962048892,499.937103271
128.963916947,37.960697390,491.734985352
128.963890114,37.959345888,484.013702393
128.963863282,37.957994386,475.416198730
128.963836453,37.956642884,469.965209961
128.963809625,37.955291381,463.324890137
128.963782799,37.953939878,455.140899658
128.963755975,37.952588374,448.046386719
128.963729153,37.951236871,439.337585449
128.963702332,37.949885366,433.056304932
128.963675513,37.948533862,427.556488037
128.963648696,37.947182357,422.296997070
128.963621881,37.945830852,416.934295654
128.963595068,37.944479347,412.637390137
128.963568256,37.943127841,406.883697510
128.963541446,37.941776335,402.034393311
128.963514638,37.940424828,396.502899170
128.963487832,37.939073322,392.674102783
128.963461028,37.937721815,388.832611084
128.963434225,37.936370307,382.784210205
128.963407424,37.935018799,377.523590088
128.963380625,37.933667291,372.241302490
128.963353828,37.932315783,368.102508545
128.963327032,37.930964274,363.469909668
128.963300239,37.929612765,358.643585205
128.963273447,37.928261256,354.505004883
128.963246657,37.926909746,350.803802490
128.963219869,37.925558236,347.586090088
128.963193082,37.924206726,344.441802979
128.963166297,37.922855215,340.719512939
128.963139514,37.921503704,337.751403809
128.963112733,37.920152193,333.450714111
128.963085954,37.918800681,327.935394287
128.963059176,37.917449169,324.379211426
128.963032401,37.916097657,321.862701416
128.963005627,37.914746144,319.598999023
128.962978855,37.913394631,315.401092529
128.962952084,37.912043118,312.515289307
128.962925316,37.910691604,309.442199707
128.962898549,37.909340090,306.391693115
128.962871784,37.907988576,302.069885254
128.962845021,37.906637062,297.482086182
128.962818259,37.905285547,293.416290283
128.962791499,37.903934031,289.709106445
128.962764742,37.902582516,285.837707520
128.962737986,37.901231000,282.452392578
128.962711231,37.899879484,279.557098389
128.962684479,37.898527967,275.504699707
128.962657728,37.897176450,273.141387939
128.962630979,37.895824933,270.019287109
128.962604232,37.894473415,266.094604492
128.962577487,37.893121898,261.769104004
128.962550743,37.891770379,257.495910645
128.962524001,37.890418861,253.205398560
128.962497262,37.889067342,248.823806763
128.962470523,37.887715823,243.655502319
128.962443787,37.886364303,238.212997437
128.962417052,37.885012783,232.740997314
128.962390320,37.883661263,221.566802979
128.962363589,37.882309743,196.399795532
128.962336859,37.880958222,166.607192993
128.962310132,37.879606701,153.361892700
128.962283406,37.878255179,148.670303345
128.962256682,37.876903658,145.604904175
128.962229960,37.875552135,143.333496094
128.962203240,37.874200613,141.901504517
128.962176521,37.872849090,140.802902222
128.962149805,37.871497567,139.436996460
128.962123090,37.870146044,137.814804077
128.962096377,37.868794520,136.300094604
128.962069665,37.867442996,135.612701416
128.962042956,37.866091471,134.615707397
128.962016248,37.864739947,133.375595093
128.961989542,37.863388422,132.561096191
128.961962838,37.862036896,131.085800171
128.961936135,37.860685370,129.897399902
128.961909434,37.859333844,128.796401978
128.961882736,37.857982318,127.255897522
128.961856039,37.856630791,125.616096497
128.961829343,37.855279264,124.770103455
128.961802650,37.853927737,123.676399231
128.961775958,37.852576209,122.311599731
128.961749268,37.851224681,121.016296387
128.961722580,37.849873153,119.467796326
128.961695893,37.848521624,118.173599243
128.961669209,37.847170095,116.859703064
128.961642526,37.845818566,116.647499084
128.961615845,37.844467036,116.181900024
128.961589166,37.843115506,116.600502014
128.961562488,37.841763976,115.319297791
128.961535813,37.840412445,112.479896545
128.961509139,37.839060914,110.800498962
128.961482467,37.837709383,109.233299255
128.961455796,37.836357852,108.353599548
128.961429128,37.835006320,107.336303711
128.961402461,37.833654787,105.229400635
128.961375796,37.832303255,102.090599060
128.961349133,37.830951722,97.627601624
128.961322472,37.829600189,94.779197693
128.961295812,37.828248655,91.396697998
128.961269154,37.826897121,88.246200562
128.961242498,37.825545587,86.016899109
128.961215844,37.824194052,83.619300842
128.961189191,37.822842517,81.057601929
128.961162540,37.821490982,78.615303040
128.961135892,37.820139447,76.916801453
128.961109244,37.818787911,75.130996704
128.961082599,37.817436375,72.375198364
128.961055955,37.816084838,70.161796570
128.961029314,37.814733301,68.546699524
128.961002674,37.813381764,66.597801208
128.960976035,37.812030227,64.547897339
128.960949399,37.810678689,62.446300507
128.960922764,37.809327151,60.118698120
128.960896131,37.807975612,58.235900879
128.960869500,37.806624073,56.347099304
128.960842871,37.805272534,53.983200073
128.960816243,37.803920995,53.159999847
128.960789617,37.802569455,51.940799713
128.960762993,37.801217915,49.966999054
128.960736371,37.799866374,48.541400909
128.960709751,37.798514834,47.387599945
128.960683132,37.797163293,46.789100647
128.960656515,37.795811751,44.889400482
128.960629900,37.794460209,43.270099640
128.960603287,37.793108667,42.014701843
128.960576675,37.791757125,40.758300781
128.960550066,37.790405582,39.667701721
128.960523458,37.789054039,38.616100311
128.960496851,37.787702496,37.626300812
128.960470247,37.786350952,36.275001526
128.960443644,37.784999408,34.687999725
128.960417043,37.783647864,32.649299622
128.960390444,37.782296319,30.945600510
128.960363847,37.780944774,29.511600494
128.960337251,37.779593229,28.131700516
128.960310658,37.778241683,26.383499146
128.960284066,37.776890137,24.337200165
128.960257475,37.775538591,22.389799118
128.960230887,37.774187044,20.237199783
128.960204300,37.772835497,18.199399948
128.960177715,37.771483950,16.152099609
128.960151132,37.770132402,13.843199730
128.960124551,37.768780854,11.906999588
128.960097972,37.767429306,10.254699707
128.960071394,37.766077757,8.795800209
128.960044818,37.764726208,6.823800087
128.960018244,37.763374659,4.051000118
128.959991671,37.762023110,4.129700184
128.966403806,37.999869513,900.924987793
128.966376889,37.998518022,888.607421875
128.966349974,37.997166530,874.784301758
128.966323061,37.995815039,855.398681641
128.966296150,37.994463546,812.591308594
128.966269241,37.993112054,769.641784668
128.966242333,37.991760561,748.548400879
128.966215428,37.990409067,733.179870605
128.966188524,37.989057574,714.798522949
128.966161621,37.987706080,700.230712891
128.966134721,37.986354586,679.109985352
128.966107823,37.985003091,662.251220703
128.966080926,37.983651596,644.357788086
128.966054031,37.982300101,633.871398926
128.966027138,37.980948605,623.533508301
128.966000246,37.979597109,611.160583496
128.965973357,37.978245613,601.736877441
128.965946469,37.976894117,591.765502930
128.965919583,37.975542620,584.096191406
128.965892699,37.974191123,578.952514648
128.965865817,37.972839625,572.556884766
128.965838936,37.971488127,564.845214844
128.965812057,37.970136629,557.358825684
128.965785180,37.968785130,549.180725098
128.965758305,37.967433632,541.342407227
128.965731432,37.966082132,532.423706055
128.965704560,37.964730633,524.409423828
128.965677690,37.963379133,515.265197754
128.965650822,37.962027633,506.653106689
128.965623956,37.960676132,497.999694824
128.965597092,37.959324632,489.669189453
128.965570229,37.957973131,482.227111816
128.965543369,37.956621629,475.370788574
128.965516510,37.955270127,468.899414063
128.965489652,37.953918625,460.334014893
128.965462797,37.952567123,451.971313477
128.965435943,37.951215620,445.017211914
128.965409092,37.949864117,439.249694824
128.965382242,37.948512613,433.159088135
128.965355393,37.947161110,427.347686768
128.965328547,37.945809606,422.696197510
128.965301702,37.944458101,417.386993408
128.965274859,37.943106596,412.181213379
128.965248018,37.941755091,406.271911621
128.965221179,37.940403586,402.874511719
128.965194342,37.939052080,398.995391846
128.965167506,37.937700574,394.496887207
128.965140672,37.936349068,388.239410400
128.965113840,37.934997561,382.504699707
128.965087010,37.933646054,377.929290771
128.965060181,37.932294547,373.537506104
128.965033355,37.930943039,368.266815186
128.965006530,37.929591531,363.081787109
128.964979707,37.928240023,359.084991455
128.964952886,37.926888514,355.767700195
128.964926066,37.925537005,352.866302490
128.964899248,37.924185496,349.936492920
128.964872432,37.922833986,347.017791748
128.964845618,37.921482476,342.948486328
128.964818806,37.920130966,338.252197266
128.964791995,37.918779455,332.847503662
128.964765187,37.917427944,329.696990967
128.964738380,37.916076433,327.902008057
128.964711575,37.914724921,324.203002930
128.964684771,37.913373409,320.517791748
128.964657970,37.912021897,317.660888672
128.964631170,37.910670385,313.911804199
128.964604372,37.909318872,310.708709717
128.964577576,37.907967358,306.516998291
128.964550781,37.906615845,301.935211182
128.964523989,37.905264331,298.215515137
128.964497198,37.903912817,294.579803467
128.964470409,37.902561302,290.934997559
128.964443622,37.901209787,287.626098633
128.964416836,37.899858272,284.702087402
128.964390053,37.898506756,281.639404297
128.964363271,37.897155241,278.340301514
128.964336491,37.895803724,275.224914551
128.964309712,37.894452208,271.689208984
128.964282936,37.893100691,267.651702881
128.964256161,37.891749174,263.065399170
128.964229388,37.890397656,259.230590820
128.964202617,37.889046139,254.802505493
128.964175848,37.887694620,250.346099854
128.964149080,37.886343102,245.497192383
128.964122315,37.884991583,239.489593506
128.964095551,37.883640064,234.332794189
128.964068788,37.882288544,222.643493652
128.964042028,37.880937025,199.253601074
128.964015269,37.879585505,171.738800049
128.963988513,37.878233984,155.302200317
128.963961758,37.876882463,149.020996094
128.963935004,37.875530942,146.240600586
128.963908253,37.874179421,144.194702148
128.963881503,37.872827899,142.445907593
128.963854755,37.871476377,140.860107422
128.963828009,37.870124855,138.878005981
128.963801265,37.868773332,137.481399536
128.963774523,37.867421809,136.642395020
128.963747782,37.866070285,135.719100952
128.963721043,37.864718762,134.733306885
128.963694306,37.863367238,133.605895996
128.963667571,37.862015713,132.170196533
128.963640837,37.860664189,131.141204834
128.963614105,37.859312664,130.350204468
128.963587375,37.857961138,128.723205566
128.963560647,37.856609612,127.163597107
128.963533921,37.855258086,126.232398987
128.963507196,37.853906560,124.869300842
128.963480473,37.852555033,123.449096680
128.963453752,37.851203507,122.076599121
128.963427033,37.849851979,119.801803589
128.963400316,37.848500452,118.882003784
128.963373600,37.847148924,117.635902405
128.963346886,37.845797395,117.235397339
128.963320174,37.844445867,116.604499817
128.963293464,37.843094338,115.930000305
128.963266755,37.841742808,114.854598999
128.963240048,37.840391279,113.617599487
128.963213343,37.839039749,112.348701477
128.963186640,37.837688219,111.476600647
128.963159939,37.836336688,110.935699463
128.963133239,37.834985157,110.143501282
128.963106541,37.833633626,108.050796509
128.963079845,37.832282094,105.671501160
128.963053151,37.830930562,103.438598633
128.963026458,37.829579030,100.646499634
128.962999768,37.828227498,97.021400452
128.962973079,37.826875965,93.455200195
128.962946392,37.825524432,90.873596191
128.962919706,37.824172898,88.500602722
128.962893023,37.822821364,85.897796631
128.962866341,37.821469830,83.407302856
128.962839661,37.820118296,81.781402588
128.962812983,37.818766761,79.399902344
128.962786307,37.817415226,76.493202209
128.962759632,37.816063690,74.301803589
128.962732959,37.814712154,72.863197327
128.962706288,37.813360618,71.010398865
128.962679619,37.812009082,68.588500977
128.962652951,37.810657545,66.269798279
128.962626286,37.809306008,63.940601349
128.962599622,37.807954470,61.644798279
128.962572959,37.806602932,59.726398468
128.962546299,37.805251394,58.064300537
128.962519640,37.803899856,56.531600952
128.962492984,37.802548317,54.832199097
128.962466329,37.801196778,53.712799072
128.962439675,37.799845239,51.331100464
128.962413024,37.798493699,49.615299225
128.962386374,37.797142159,48.692401886
128.962359726,37.795790618,46.824401855
128.962333080,37.794439078,45.014701843
128.962306436,37.793087537,43.703701019
128.962279793,37.791735995,42.535499573
128.962253153,37.790384454,41.045299530
128.962226514,37.789032912,40.001598358
128.962199876,37.787681369,38.876499176
128.962173241,37.786329827,37.301601410
128.962146607,37.784978284,35.735298157
128.962119975,37.783626740,33.533298492
128.962093345,37.782275197,32.124099731
128.962066717,37.780923653,30.690299988
128.962040091,37.779572108,29.084100723
128.962013466,37.778220564,27.626699448
128.961986843,37.776869019,25.878700256
128.961960222,37.775517473,23.960500717
128.961933602,37.774165928,21.830200195
128.961906985,37.772814382,19.876499176
128.961880369,37.771462835,18.010400772
128.961853755,37.770111289,16.182699203
128.961827142,37.768759742,14.291399956
128.961800532,37.767408195,12.258099556
128.961773923,37.766056647,10.689200401
128.961747316,37.764705099,9.196999550
128.961720711,37.763353551,7.301499844
128.961694108,37.762002002,5.265799999
128.961667506,37.760650453,3.173199892
128.968111721,37.999848201,907.408874512
128.968084773,37.998496711,903.068786621
128.968057827,37.997145220,894.012573242
128.968030883,37.995793729,861.027587891
128.968003940,37.994442238,820.059570313
128.967977000,37.993090746,792.196594238
128.967950061,37.991739254,767.331787109
128.967923124,37.990387762,750.453613281
128.967896188,37.989036270,728.589111328
128.967869255,37.987684777,708.759277344
128.967842323,37.986333283,687.397216797
128.967815393,37.984981790,668.995971680
128.967788465,37.983630296,655.259521484
128.967761539,37.982278802,643.837585449
128.967734615,37.980927307,632.102478027
128.967707692,37.979575812,617.813171387
128.967680771,37.978224317,607.804199219
128.967653852,37.976872822,599.966003418
128.967626935,37.975521326,591.990722656
128.967600020,37.974169830,586.520202637
128.967573106,37.972818333,579.819091797
128.967546194,37.971466836,572.241882324
128.967519284,37.970115339,564.406921387
128.967492376,37.968763842,556.240112305
128.967465469,37.967412344,548.297180176
128.967438565,37.966060846,540.715270996
128.967411662,37.964709347,531.925781250
128.967384761,37.963357848,522.426208496
128.967357862,37.962006349,512.886779785
128.967330964,37.960654850,504.691009521
128.967304068,37.959303350,496.918090820
128.967277175,37.957951850,489.635498047
128.967250283,37.956600350,482.950805664
128.967223392,37.955248849,474.049102783
128.967196504,37.953897348,464.814086914
128.967169617,37.952545846,457.461395264
128.967142732,37.951194345,449.964111328
128.967115849,37.949842842,444.048004150
128.967088968,37.948491340,439.015808105
128.967062089,37.947139837,432.770996094
128.967035211,37.945788334,427.597198486
128.967008335,37.944436831,423.035491943
128.966981461,37.943085327,417.338714600
128.966954589,37.941733823,412.507812500
128.966927718,37.940382319,409.666992188
128.966900850,37.939030814,404.563903809
128.966873983,37.937679309,398.327087402
128.966847118,37.936327804,392.833312988
128.966820254,37.934976298,387.563385010
128.966793393,37.933624792,382.796691895
128.966766533,37.932273286,377.528503418
128.966739675,37.930921779,373.277313232
128.966712819,37.929570272,368.774414063
128.966685965,37.928218765,365.500000000
128.966659112,37.926867257,362.691192627
128.966632262,37.925515749,359.115814209
128.966605413,37.924164241,355.135894775
128.966578566,37.922812732,351.368896484
128.966551720,37.921461223,347.611114502
128.966524877,37.920109714,342.650787354
128.966498035,37.918758204,338.168212891
128.966471195,37.917406695,335.830108643
128.966444357,37.916055184,333.252410889
128.966417521,37.914703674,329.336700439
128.966390686,37.913352163,325.952392578
128.966363853,37.912000652,322.864501953
128.966337022,37.910649140,318.592590332
128.966310193,37.909297628,315.770599365
128.966283366,37.907946116,311.884613037
128.966256540,37.906594603,307.316009521
128.966229717,37.905243090,303.580291748
128.966202895,37.903891577,299.617004395
128.966176074,37.902540064,295.850189209
128.966149256,37.901188550,292.499694824
128.966122439,37.899837036,289.618988037
128.966095625,37.898485521,286.980895996
128.966068812,37.897134006,284.171813965
128.966042000,37.895782491,279.764099121
128.966015191,37.894430976,276.395202637
128.965988383,37.893079460,272.652893066
128.965961577,37.891727944,268.258300781
128.965934773,37.890376427,264.100708008
128.965907971,37.889024910,260.457611084
128.965881171,37.887673393,256.630004883
128.965854372,37.886321876,251.344299316
128.965827575,37.884970358,245.304199219
128.965800780,37.883618840,240.373397827
128.965773987,37.882267321,235.380706787
128.965747195,37.880915803,224.145996094
128.965720405,37.879564284,203.939407349
128.965693617,37.878212764,176.645095825
128.965666831,37.876861244,156.908905029
128.965640047,37.875509724,149.540100098
128.965613264,37.874158204,146.600601196
128.965586484,37.872806683,144.647598267
128.965559705,37.871455162,142.575302124
128.965532927,37.870103641,140.125900269
128.965506152,37.868752119,138.689697266
128.965479378,37.867400597,137.680603027
128.965452607,37.866049075,136.742599487
128.965425837,37.864697552,135.853698730
128.965399068,37.863346029,134.724594116
128.965372302,37.861994506,133.334106445
128.965345537,37.860642982,132.241592407
128.965318774,37.859291458,131.373794556
128.965292013,37.857939934,130.020004272
128.965265254,37.856588409,128.570205688
128.965238496,37.855236884,127.379699707
128.965211741,37.853885359,126.082298279
128.965184987,37.852533833,124.717300415
128.965158235,37.851182307,123.260498047
128.965131484,37.849830781,121.738899231
128.965104736,37.848479254,120.099700928
128.965077989,37.847127727,118.616996765
128.965051244,37.845776200,117.363098145
128.965024501,37.844424672,117.033096313
128.964997759,37.843073144,116.899200439
128.964971020,37.841721616,115.905998230
128.964944282,37.840370088,114.714302063
128.964917546,37.839018559,113.703300476
128.964890812,37.837667029,113.085403442
128.964864079,37.836315500,112.562202454
128.964837349,37.834963970,111.959197998
128.964810620,37.833612440,110.359199524
128.964783893,37.832260909,108.084602356
128.964757167,37.830909378,106.647201538
128.964730444,37.829557847,105.298896790
128.964703722,37.828206316,102.347396851
128.964677002,37.826854784,99.277297974
128.964650284,37.825503252,96.307800293
128.964623567,37.824151719,93.639297485
128.964596853,37.822800186,91.297401428
128.964570140,37.821448653,89.487396240
128.964543429,37.820097120,87.250801086
128.964516720,37.818745586,85.144897461
128.964490012,37.817394052,82.540603638
128.964463307,37.816042517,80.269096375
128.964436603,37.814690982,77.542396545
128.964409901,37.813339447,75.039596558
128.964383200,37.811987912,72.661300659
128.964356502,37.810636376,70.344703674
128.964329805,37.809284840,68.407096863
128.964303110,37.807933304,65.665496826
128.964276417,37.806581767,63.498199463
128.964249725,37.805230230,61.348701477
128.964223036,37.803878692,59.568099976
128.964196348,37.802527155,58.078899384
128.964169662,37.801175617,55.963500977
128.964142978,37.799824078,54.343799591
128.964116295,37.798472539,53.899600983
128.964089615,37.797121000,51.506801605
128.964062936,37.795769461,49.610000610
128.964036259,37.794417921,47.454399109
128.964009583,37.793066381,45.719299316
128.963982910,37.791714841,44.357700348
128.963956238,37.790363300,43.110298157
128.963929568,37.789011759,41.593299866
128.963902900,37.787660218,40.728599548
128.963876233,37.786308676,39.072399139
128.963849569,37.784957134,36.750198364
128.963822906,37.783605592,35.299800873
128.963796245,37.782254049,33.676601410
128.963769585,37.780902506,31.983999252
128.963742928,37.779550963,30.540199280
128.963716272,37.778199419,29.158199310
128.963689618,37.776847876,28.125200272
128.963662966,37.775496331,26.337499619
128.963636316,37.774144787,24.050199509
128.963609667,37.772793242,21.836399078
128.963583020,37.771441697,19.839000702
128.963556375,37.770090151,18.046499252
128.963529732,37.768738605,16.176599503
128.963503090,37.767387059,14.249600410
128.963476451,37.766035512,12.604800224
128.963449813,37.764683965,11.168700218
128.963423177,37.763332418,9.434200287
128.963396542,37.761980871,7.334099770
128.963369910,37.760629323,3.932300091
128.963343279,37.759277775,3.948199987
128.969819634,37.999826864,922.966674805
128.969792655,37.998475374,913.524475098
128.969765678,37.997123885,882.401672363
128.969738702,37.995772395,867.490173340
128.969711728,37.994420905,844.375000000
128.969684756,37.993069414,812.132019043
128.969657786,37.991717923,787.832702637
128.969630818,37.990366432,767.471191406
128.969603851,37.989014941,743.454284668
128.969576887,37.987663449,718.927917480
128.969549924,37.986311957,696.067077637
128.969522963,37.984960464,676.150512695
128.969496003,37.983608971,663.636718750
128.969469046,37.982257478,650.945312500
128.969442090,37.980905984,636.834228516
128.969415136,37.979554491,626.572998047
128.969388184,37.978202996,618.140014648
128.969361234,37.976851502,608.395874023
128.969334285,37.975500007,598.220520020
128.969307338,37.974148512,592.792480469
128.969280393,37.972797017,587.723999023
128.969253450,37.971445521,579.220825195
128.969226509,37.970094025,572.006774902
128.969199569,37.968742528,565.252624512
128.969172632,37.967391031,556.565124512
128.969145696,37.966039534,548.073303223
128.969118762,37.964688037,539.036010742
128.969091829,37.963336539,529.320007324
128.969064899,37.961985041,521.175415039
128.969037970,37.960633543,512.510375977
128.969011043,37.959282044,503.604187012
128.968984118,37.957930545,495.077301025
128.968957195,37.956579045,485.565307617
128.968930273,37.955227546,477.244812012
128.968903354,37.953876045,469.881988525
128.968876436,37.952524545,462.799102783
128.968849520,37.951173044,455.120391846
128.968822605,37.949821543,449.018798828
128.968795693,37.948470042,443.673889160
128.968768782,37.947118540,438.798492432
128.968741873,37.945767038,434.072113037
128.968714966,37.944415536,428.482910156
128.968688061,37.943064033,423.358886719
128.968661157,37.941712530,418.919799805
128.968634256,37.940361027,414.416503906
128.968607356,37.939009523,408.852111816
128.968580458,37.937658019,402.908203125
128.968553561,37.936306515,397.717285156
128.968526667,37.934955010,394.109710693
128.968499774,37.933603505,389.069091797
128.968472883,37.932252000,384.562988281
128.968445994,37.930900494,379.427307129
128.968419107,37.929548988,374.495086670
128.968392221,37.928197482,370.695098877
128.968365338,37.926845976,367.291290283
128.968338456,37.925494469,363.705413818
128.968311576,37.924142961,360.222198486
128.968284697,37.922791454,356.544006348
128.968257821,37.921439946,352.032196045
128.968230946,37.920088438,346.239013672
128.968204073,37.918736929,343.218292236
128.968177202,37.917385420,341.558197021
128.968150333,37.916033911,338.416198730
128.968123465,37.914682401,335.198303223
128.968096599,37.913330891,331.620300293
128.968069735,37.911979381,327.332885742
128.968042873,37.910627871,323.468292236
128.968016013,37.909276360,319.789611816
128.967989154,37.907924849,315.716888428
128.967962298,37.906573337,312.123413086
128.967935443,37.905221825,308.083099365
128.967908589,37.903870313,304.692810059
128.967881738,37.902518801,301.245513916
128.967854888,37.901167288,297.822692871
128.967828041,37.899815775,294.254211426
128.967801195,37.898464261,292.504394531
128.967774351,37.897112747,289.393402100
128.967747508,37.895761233,285.463012695
128.967720668,37.894409719,281.882110596
128.967693829,37.893058204,278.061889648
128.967666992,37.891706689,273.256896973
128.967640156,37.890355173,269.093200684
128.967613323,37.889003658,264.614196777
128.967586491,37.887652141,261.903198242
128.967559662,37.886300625,257.996185303
128.967532834,37.884949108,253.159103394
128.967506007,37.883597591,247.055206299
128.967479183,37.882246074,241.488906860
128.967452360,37.880894556,236.106597900
128.967425539,37.879543038,227.092895508
128.967398720,37.878191520,206.674697876
128.967371903,37.876840001,178.811798096
128.967345088,37.875488482,159.532394409
128.967318274,37.874136962,151.359695435
128.967291462,37.872785443,147.551895142
128.967264652,37.871433923,144.828399658
128.967237844,37.870082402,141.532806396
128.967211037,37.868730882,140.091796875
128.967184232,37.867379361,139.158996582
128.967157429,37.866027839,137.984207153
128.967130628,37.864676318,136.882202148
128.967103829,37.863324796,135.717605591
128.967077031,37.861973273,134.458801270
128.967050235,37.860621751,133.517898560
128.967023442,37.859270228,132.571899414
128.966996649,37.857918704,131.254501343
128.966969859,37.856567181,130.076507568
128.966943070,37.855215657,129.062698364
128.966916284,37.853864133,127.568000793
128.966889499,37.852512608,126.008300781
128.966862715,37.851161083,124.570297241
128.966835934,37.849809558,122.799003601
128.966809154,37.848458032,121.217498779
128.966782376,37.847106506,119.758499146
128.966755600,37.845754980,118.448898315
128.966728826,37.844403453,118.330299377
128.966702053,37.843051927,118.045402527
128.966675283,37.841700399,116.967201233
128.966648514,37.840348872,115.788696289
128.966621747,37.838997344,114.754699707
128.966594981,37.837645816,114.205497742
128.966568218,37.836294287,113.739799500
128.966541456,37.834942758,113.103897095
128.966514696,37.833591229,111.831901550
128.966487938,37.832239700,111.274803162
128.966461182,37.830888170,109.197601318
128.966434427,37.829536640,107.552001953
128.966407674,37.828185109,105.975196838
128.966380923,37.826833578,104.125900269
128.966354174,37.825482047,101.864601135
128.966327427,37.824130516,98.255798340
128.966300681,37.822778984,95.408897400
128.966273937,37.821427452,93.362396240
128.966247195,37.820075919,91.260803223
128.966220455,37.818724386,88.858703613
128.966193716,37.817372853,86.392196655
128.966166979,37.816021320,83.974502563
128.966140245,37.814669786,81.511497498
128.966113511,37.813318252,78.969902039
128.966086780,37.811966718,76.581497192
128.966060051,37.810615183,74.400299072
128.966033323,37.809263648,72.180297852
128.966006597,37.807912112,69.698196411
128.965979873,37.806560577,67.725502014
128.965953150,37.805209041,65.921997070
128.965926429,37.803857504,64.047897339
128.965899711,37.802505968,62.109699249
128.965872994,37.801154430,59.932498932
128.965846278,37.799802893,58.627899170
128.965819565,37.798451355,57.082801819
128.965792853,37.797099817,55.222301483
128.965766143,37.795748279,52.673099518
128.965739435,37.794396740,50.188098907
128.965712729,37.793045201,48.196601868
128.965686024,37.791693662,46.824699402
128.965659321,37.790342122,45.024898529
128.965632620,37.788990582,43.876201630
128.965605921,37.787639042,42.238201141
128.965579224,37.786287501,40.135200500
128.965552528,37.784935961,38.334899902
128.965525834,37.783584419,36.539100647
128.965499142,37.782232878,35.141399384
128.965472452,37.780881336,33.519199371
128.965445763,37.779529793,31.900199890
128.965419077,37.778178251,30.471799850
128.965392392,37.776826708,29.245199203
128.965365709,37.775475165,27.618900299
128.965339027,37.774123621,25.665599823
128.965312348,37.772772077,23.501600266
128.965285670,37.771420533,21.653200150
128.965258994,37.770068988,19.929199219
128.965232320,37.768717444,18.171499252
128.965205647,37.767365898,16.257499695
128.965178977,37.766014353,14.593500137
128.965152308,37.764662807,13.035699844
128.965125641,37.763311261,11.871199608
128.965098975,37.761959714,9.867300034
128.965072312,37.760608167,6.436299801
128.965045650,37.759256620,4.773399830
128.965018990,37.757905073,3.177900076
128.971527546,37.999805502,965.210998535
128.971500536,37.998454014,926.268676758
128.971473527,37.997102525,896.701171875
128.971446520,37.995751036,868.845581055
128.971419515,37.994399547,846.021972656
128.971392512,37.993048057,846.078125000
128.971365510,37.991696568,825.454101563
128.971338510,37.990345077,777.424682617
128.971311513,37.988993587,747.739379883
128.971284517,37.987642096,723.464477539
128.971257522,37.986290605,703.424621582
128.971230530,37.984939113,687.524475098
128.971203539,37.983587621,673.151794434
128.971176550,37.982236129,660.012695313
128.971149563,37.980884637,647.183471680
128.971122578,37.979533144,635.220581055
128.971095595,37.978181651,625.498229980
128.971068613,37.976830157,615.198120117
128.971041633,37.975478664,606.875671387
128.971014655,37.974127170,599.361328125
128.970987679,37.972775675,595.069885254
128.970960705,37.971424180,588.475280762
128.970933732,37.970072685,580.926879883
128.970906761,37.968721190,573.989501953
128.970879792,37.967369694,565.853820801
128.970852825,37.966018198,555.456909180
128.970825860,37.964666702,545.968322754
128.970798896,37.963315205,536.814575195
128.970771934,37.961963708,527.214904785
128.970744974,37.960612210,518.948425293
128.970718016,37.959260713,509.216888428
128.970691060,37.957909215,500.687988281
128.970664105,37.956557716,491.234008789
128.970637153,37.955206218,483.274688721
128.970610202,37.953854719,475.400299072
128.970583252,37.952503219,468.733093262
128.970556305,37.951151720,461.289489746
128.970529360,37.949800219,455.060211182
128.970502416,37.948448719,449.478393555
128.970475474,37.947097218,444.945190430
128.970448534,37.945745717,439.024902344
128.970421595,37.944394216,433.933288574
128.970394659,37.943042715,428.776702881
128.970367724,37.941691213,423.464904785
128.970340791,37.940339710,418.037292480
128.970313860,37.938988208,412.807800293
128.970286931,37.937636705,407.763488770
128.970260003,37.936285201,403.602203369
128.970233078,37.934933698,399.746490479
128.970206154,37.933582194,395.062591553
128.970179231,37.932230690,389.199798584
128.970152311,37.930879185,384.881408691
128.970125393,37.929527680,379.265411377
128.970098476,37.928176175,375.560913086
128.970071561,37.926824669,372.368896484
128.970044648,37.925473163,368.525604248
128.970017736,37.924121657,365.010314941
128.969990827,37.922770150,361.095397949
128.969963919,37.921418644,355.651306152
128.969937013,37.920067136,350.106597900
128.969910109,37.918715629,347.546600342
128.969883207,37.917364121,345.685211182
128.969856306,37.916012613,342.097503662
128.969829408,37.914661104,339.345306396
128.969802511,37.913309595,335.911407471
128.969775616,37.911958086,333.086608887
128.969748722,37.910606577,329.540802002
128.969721831,37.909255067,324.928314209
128.969694941,37.907903557,320.397613525
128.969668053,37.906552046,316.708496094
128.969641167,37.905200535,312.712585449
128.969614282,37.903849024,308.891998291
128.969587400,37.902497513,306.012207031
128.969560519,37.901146001,302.372406006
128.969533640,37.899794489,299.780090332
128.969506763,37.898442976,297.114990234
128.969479888,37.897091464,293.932006836
128.969453014,37.895739951,290.416992188
128.969426142,37.894388437,286.096008301
128.969399272,37.893036923,282.740509033
128.969372404,37.891685409,278.885498047
128.969345538,37.890333895,275.200408936
128.969318673,37.888982380,270.679687500
128.969291811,37.887630865,268.105987549
128.969264950,37.886279350,264.088012695
128.969238090,37.884927834,259.542388916
128.969211233,37.883576318,254.087493896
128.969184377,37.882224801,248.806304932
128.969157524,37.880873285,243.228805542
128.969130672,37.879521768,238.529098511
128.969103821,37.878170250,230.473403931
128.969076973,37.876818733,214.066696167
128.969050126,37.875467215,194.611099243
128.969023282,37.874115696,169.562301636
128.968996439,37.872764178,154.609100342
128.968969597,37.871412659,148.732299805
128.968942758,37.870061139,144.643798828
128.968915920,37.868709620,142.553802490
128.968889084,37.867358100,141.142898560
128.968862250,37.866006579,139.699203491
128.968835418,37.864655059,138.388198853
128.968808588,37.863303538,137.065200806
128.968781759,37.861952016,135.686401367
128.968754932,37.860600495,134.469497681
128.968728107,37.859248973,133.660400391
128.968701284,37.857897451,132.587799072
128.968674462,37.856545928,131.277404785
128.968647642,37.855194405,130.247497559
128.968620825,37.853842882,128.880096436
128.968594008,37.852491358,127.283798218
128.968567194,37.851139834,125.750297546
128.968540382,37.849788310,123.967002869
128.968513571,37.848436786,122.398101807
128.968486762,37.847085261,120.918403625
128.968459955,37.845733735,120.819000244
128.968433149,37.844382210,120.638099670
128.968406346,37.843030684,119.472900391
128.968379544,37.841679158,118.114601135
128.968352744,37.840327631,116.865097046
128.968325946,37.838976104,115.682601929
128.968299149,37.837624577,115.253898621
128.968272355,37.836273050,114.915100098
128.968245562,37.834921522,114.137702942
128.968218771,37.833569994,114.142799377
128.968191982,37.832218465,115.099800110
128.968165194,37.830866936,113.720397949
128.968138409,37.829515407,110.385101318
128.968111625,37.828163878,108.597900391
128.968084843,37.826812348,107.055198669
128.968058062,37.825460818,104.968597412
128.968031284,37.824109287,102.215301514
128.968004507,37.822757757,99.443496704
128.967977732,37.821406226,96.599098206
128.967950959,37.820054694,94.369201660
128.967924188,37.818703162,92.017799377
128.967897418,37.817351630,89.710296631
128.967870651,37.816000098,87.344001770
128.967843885,37.814648565,84.961997986
128.967817120,37.813297032,82.548301697
128.967790358,37.811945499,80.587097168
128.967763597,37.810593965,78.305297852
128.967736839,37.809242431,76.123001099
128.967710082,37.807890897,74.012298584
128.967683326,37.806539362,71.723396301
128.967656573,37.805187827,69.833099365
128.967629821,37.803836291,67.737701416
128.967603071,37.802484756,65.891799927
128.967576323,37.801133220,64.104797363
128.967549577,37.799781683,62.281600952
128.967522833,37.798430147,60.381500244
128.967496090,37.797078610,58.926601410
128.967469349,37.795727072,56.272399902
128.967442610,37.794375535,53.498100281
128.967415872,37.793023997,51.134601593
128.967389137,37.791672459,49.371498108
128.967362403,37.790320920,47.930000305
128.967335671,37.788969381,45.952201843
128.967308941,37.787617842,43.990100861
128.967282213,37.786266302,42.656398773
128.967255486,37.784914762,40.917499542
128.967228761,37.783563222,38.618099213
128.967202038,37.782211681,36.443801880
128.967175317,37.780860140,34.942501068
128.967148597,37.779508599,33.720500946
128.967121880,37.778157058,32.045700073
128.967095164,37.776805516,30.680900574
128.967068450,37.775453973,29.075000763
128.967041737,37.774102431,27.256900787
128.967015027,37.772750888,25.494699478
128.966988318,37.771399345,23.604200363
128.966961611,37.770047801,21.677999496
128.966934906,37.768696257,19.966600418
128.966908202,37.767344713,18.220899582
128.966881501,37.765993169,16.455799103
128.966854801,37.764641624,14.875399590
128.966828103,37.763290079,13.341300011
128.966801407,37.761938533,11.779999733
128.966774712,37.760586987,9.986700058
128.966748019,37.759235441,7.432000160
128.966721328,37.757883895,4.106900215
128.966694639,37.756532348,3.017199993
128.966667952,37.755180801,1.939700007
128.973235456,37.999784115,971.934082031
128.973208414,37.998432628,945.904113770
128.973181374,37.997081140,905.876586914
128.973154336,37.995729652,872.741577148
128.973127300,37.994378164,863.836120605
128.973100265,37.993026676,843.577575684
128.973073232,37.991675187,804.576416016
128.973046201,37.990323698,769.710998535
128.973019172,37.988972208,746.097412109
128.972992145,37.987620718,729.502197266
128.972965119,37.986269228,714.473571777
128.972938095,37.984917738,698.965393066
128.972911073,37.983566247,688.073120117
128.972884053,37.982214756,677.717285156
128.972857035,37.980863265,659.243225098
128.972830018,37.979511773,642.729614258
128.972803004,37.978160281,631.568115234
128.972775991,37.976808788,622.492187500
128.972748980,37.975457295,615.163085938
128.972721970,37.974105802,609.032592773
128.972694963,37.972754309,603.979919434
128.972667957,37.971402815,598.113403320
128.972640953,37.970051321,590.758605957
128.972613951,37.968699827,582.823425293
128.972586951,37.967348332,572.189086914
128.972559953,37.965996837,562.128723145
128.972532956,37.964645342,553.471374512
128.972505961,37.963293846,544.339477539
128.972478968,37.961942350,535.635314941
128.972451977,37.960590854,524.906188965
128.972424987,37.959239357,515.099609375
128.972398000,37.957887860,506.876312256
128.972371014,37.956536363,499.227294922
128.972344030,37.955184865,490.155395508
128.972317048,37.953833367,480.958709717
128.972290067,37.952481869,474.168914795
128.972263089,37.951130370,467.302703857
128.972236112,37.949778871,461.286804199
128.972209137,37.948427372,455.269012451
128.972182164,37.947075872,449.275512695
128.972155192,37.945724372,444.800415039
128.972128223,37.944372872,439.934906006
128.972101255,37.943021371,434.291687012
128.972074289,37.941669870,428.248107910
128.972047325,37.940318369,422.342987061
128.972020363,37.938966867,417.431701660
128.971993402,37.937615365,412.595001221
128.971966443,37.936263863,409.133605957
128.971939486,37.934912360,405.149902344
128.971912531,37.933560858,399.281494141
128.971885578,37.932209354,393.733184814
128.971858626,37.930857851,388.946105957
128.971831677,37.929506347,384.446502686
128.971804729,37.928154843,380.706787109
128.971777782,37.926803338,376.032806396
128.971750838,37.925451833,372.729003906
128.971723896,37.924100328,369.874389648
128.971696955,37.922748823,365.136688232
128.971670016,37.921397317,359.989501953
128.971643079,37.920045810,355.827301025
128.971616143,37.918694304,352.955108643
128.971589210,37.917342797,349.969787598
128.971562278,37.915991290,347.496093750
128.971535348,37.914639782,343.394500732
128.971508420,37.913288275,341.012908936
128.971481494,37.911936766,338.208099365
128.971454569,37.910585258,333.571807861
128.971427647,37.909233749,329.733489990
128.971400726,37.907882240,325.830200195
128.971373807,37.906530731,321.637084961
128.971346889,37.905179221,318.512603760
128.971319974,37.903827711,313.889495850
128.971293060,37.902476200,310.735992432
128.971266148,37.901124690,307.769409180
128.971239238,37.899773178,305.186798096
128.971212330,37.898421667,302.802001953
128.971185423,37.897070155,299.818115234
128.971158518,37.895718643,295.893585205
128.971131616,37.894367131,292.197692871
128.971104714,37.893015618,288.273010254
128.971077815,37.891664105,284.589996338
128.971050918,37.890312592,280.713500977
128.971024022,37.888961078,276.793304443
128.970997128,37.887609564,273.494995117
128.970970236,37.886258049,269.571411133
128.970943345,37.884906535,264.958312988
128.970916457,37.883555020,259.924285889
128.970889570,37.882203504,254.878402710
128.970862685,37.880851989,249.322296143
128.970835802,37.879500473,244.453292847
128.970808921,37.878148956,238.606597900
128.970782041,37.876797440,232.840698242
128.970755163,37.875445923,222.707107544
128.970728287,37.874094405,205.795700073
128.970701413,37.872742888,187.789993286
128.970674541,37.871391370,164.699203491
128.970647670,37.870039851,150.597503662
128.970620802,37.868688333,146.290206909
128.970593935,37.867336814,144.016494751
128.970567070,37.865985295,141.830703735
128.970540206,37.864633775,140.077194214
128.970513345,37.863282255,138.588806152
128.970486485,37.861930735,137.164703369
128.970459627,37.860579214,136.005493164
128.970432771,37.859227693,135.042297363
128.970405916,37.857876172,133.723205566
128.970379064,37.856524650,132.509292603
128.970352213,37.855173129,131.569396973
128.970325364,37.853821606,130.246398926
128.970298517,37.852470084,128.541900635
128.970271671,37.851118561,127.022201538
128.970244828,37.849767038,125.269599915
128.970217986,37.848415514,123.815803528
128.970191146,37.847063990,122.349098206
128.970164307,37.845712466,124.147697449
128.970137471,37.844360942,122.328598022
128.970110636,37.843009417,120.541702271
128.970083803,37.841657892,119.208602905
128.970056972,37.840306366,117.853897095
128.970030143,37.838954840,116.518501282
128.970003316,37.837603314,115.873397827
128.969976490,37.836251788,115.598503113
128.969949666,37.834900261,114.897300720
128.969922844,37.833548734,114.376403809
128.969896024,37.832197206,114.753097534
128.969869205,37.830845678,114.682899475
128.969842388,37.829494150,112.649299622
128.969815574,37.828142622,110.795402527
128.969788760,37.826791093,109.591499329
128.969761949,37.825439564,107.757698059
128.969735140,37.824088035,105.465202332
128.969708332,37.822736505,102.739997864
128.969681526,37.821384975,100.190803528
128.969654722,37.820033444,97.681396484
128.969627919,37.818681914,94.974098206
128.969601119,37.817330383,92.857696533
128.969574320,37.815978851,89.987998962
128.969547523,37.814627320,87.600097656
128.969520728,37.813275788,85.486000061
128.969493934,37.811924255,83.303596497
128.969467143,37.810572722,81.279800415
128.969440353,37.809221189,79.304801941
128.969413565,37.807869656,77.594596863
128.969386779,37.806518122,75.741699219
128.969359994,37.805166588,73.496002197
128.969333211,37.803815054,71.670303345
128.969306430,37.802463519,69.439201355
128.969279651,37.801111984,67.873596191
128.969252874,37.799760449,65.948097229
128.969226099,37.798408913,63.706100464
128.969199325,37.797057378,61.682098389
128.969172553,37.795705841,59.548000336
128.969145783,37.794354305,56.944698334
128.969119014,37.793002768,54.452899933
128.969092248,37.791651230,52.914398193
128.969065483,37.790299693,50.884399414
128.969038720,37.788948155,49.163898468
128.969011959,37.787596617,46.818298340
128.968985200,37.786245078,44.682399750
128.968958442,37.784893539,42.527500153
128.968931686,37.783542000,40.263000488
128.968904932,37.782190460,38.511798859
128.968878180,37.780838920,36.908798218
128.968851429,37.779487380,35.173198700
128.968824681,37.778135840,33.710201263
128.968797934,37.776784299,32.409500122
128.968771189,37.775432758,30.762500763
128.968744445,37.774081216,29.068000793
128.968717704,37.772729674,27.238199234
128.968690964,37.771378132,25.434900284
128.968664226,37.770026590,23.583499908
128.968637490,37.768675047,21.870100021
128.968610756,37.767323504,20.438100815
128.968584023,37.765971960,18.529699326
128.968557292,37.764620416,16.812099457
128.968530563,37.763268872,15.172599792
128.968503836,37.761917328,13.536199570
128.968477110,37.760565783,11.997599602
128.968450387,37.759214238,10.135999680
128.968423665,37.757862692,7.361800194
128.968396945,37.756511147,4.174900055
128.968370227,37.755159600,2.932199955
128.974943364,37.999762703,994.907592773
128.974916291,37.998411217,962.774780273
128.974889220,37.997059731,932.757995605
128.974862150,37.995708244,888.646301270
128.974835082,37.994356757,854.153808594
128.974808016,37.993005269,823.176025391
128.974780952,37.991653781,795.383972168
128.974753890,37.990302293,775.374328613
128.974726830,37.988950805,756.224792480
128.974699771,37.987599316,738.846191406
128.974672714,37.986247827,723.797912598
128.974645659,37.984896338,712.474914551
128.974618606,37.983544848,706.120178223
128.974591554,37.982193358,695.718322754
128.974564505,37.980841867,670.131774902
128.974537457,37.979490377,652.734802246
128.974510411,37.978138886,640.716979980
128.974483367,37.976787394,631.140502930
128.974456324,37.975435902,625.913818359
128.974429284,37.974084410,620.235412598
128.974402245,37.972732918,613.707214355
128.974375208,37.971381425,606.883178711
128.974348173,37.970029932,600.384582520
128.974321140,37.968678439,591.991699219
128.974294108,37.967326945,581.160827637
128.974267078,37.965975451,571.054382324
128.974240050,37.964623957,561.380126953
128.974213024,37.963272462,552.960205078
128.974186000,37.961920967,543.088928223
128.974158977,37.960569472,532.676879883
128.974131957,37.959217976,522.561706543
128.974104938,37.957866480,514.014587402
128.974077921,37.956514984,505.779693604
128.974050906,37.955163487,498.017700195
128.974023892,37.953811990,488.791503906
128.973996880,37.952460493,480.734985352
128.973969871,37.951108995,473.620300293
128.973942863,37.949757498,467.587402344
128.973915856,37.948405999,461.562408447
128.973888852,37.947054501,455.548095703
128.973861849,37.945703002,451.092895508
128.973834849,37.944351502,445.802886963
128.973807850,37.943000003,440.349914551
128.973780852,37.941648503,434.431304932
128.973753857,37.940297003,428.188293457
128.973726863,37.938945502,424.355712891
128.973699872,37.937594001,420.059997559
128.973672882,37.936242500,415.196289063
128.973645893,37.934890998,409.904113770
128.973618907,37.933539497,404.254486084
128.973591922,37.932187994,399.520294189
128.973564940,37.930836492,394.683807373
128.973537959,37.929484989,390.121704102
128.973510980,37.928133486,385.706695557
128.973484002,37.926781982,381.456604004
128.973457027,37.925430478,377.911193848
128.973430053,37.924078974,373.082092285
128.973403081,37.922727470,369.024597168
128.973376111,37.921375965,365.093902588
128.973349143,37.920024460,361.443389893
128.973322176,37.918672954,358.573913574
128.973295211,37.917321449,355.730987549
128.973268248,37.915969942,352.454589844
128.973241287,37.914618436,347.827514648
128.973214328,37.913266929,345.243011475
128.973187370,37.911915422,341.681091309
128.973160415,37.910563915,337.639709473
128.973133461,37.909212407,334.478088379
128.973106509,37.907860899,330.039489746
128.973079558,37.906509390,326.228698730
128.973052610,37.905157882,322.317291260
128.973025663,37.903806372,319.032714844
128.972998718,37.902454863,315.212890625
128.972971775,37.901103353,312.182189941
128.972944834,37.899751843,309.876190186
128.972917894,37.898400333,306.976501465
128.972890957,37.897048822,304.182312012
128.972864021,37.895697311,300.898986816
128.972837087,37.894345800,297.326995850
128.972810155,37.892994288,293.147094727
128.972783224,37.891642776,289.447601318
128.972756295,37.890291264,285.508514404
128.972729368,37.888939751,281.007507324
128.972702443,37.887588238,278.277709961
128.972675520,37.886236725,275.184509277
128.972648599,37.884885211,270.328491211
128.972621679,37.883533697,266.100097656
128.972594761,37.882182183,261.610198975
128.972567845,37.880830668,256.028686523
128.972540931,37.879479153,250.813095093
128.972514018,37.878127638,245.174499512
128.972487108,37.876776122,239.274200439
128.972460199,37.875424606,233.122695923
128.972433292,37.874073090,225.399307251
128.972406386,37.872721573,214.581405640
128.972379483,37.871370056,200.794097900
128.972352581,37.870018539,176.185302734
128.972325681,37.868667021,155.550506592
128.972298783,37.867315503,147.938201904
128.972271887,37.865963985,144.579101563
128.972244992,37.864612467,141.976394653
128.972218100,37.863260948,140.359893799
128.972191209,37.861909429,138.728393555
128.972164320,37.860557909,137.622299194
128.972137432,37.859206389,136.535202026
128.972110547,37.857854869,135.058303833
128.972083663,37.856503348,133.847793579
128.972056781,37.855151827,132.889694214
128.972029901,37.853800306,131.334793091
128.972003023,37.852448785,129.690994263
128.971976146,37.851097263,128.350402832
128.971949272,37.849745741,126.559303284
128.971922399,37.848394218,125.283699036
128.971895528,37.847042695,123.974601746
128.971868658,37.845691172,122.784400940
128.971841791,37.844339649,122.044502258
128.971814925,37.842988125,120.878700256
128.971788061,37.841636601,119.914398193
128.971761199,37.840285076,118.275398254
128.971734339,37.838933552,117.409599304
128.971707480,37.837582026,116.655601501
128.971680623,37.836230501,116.222297668
128.971653768,37.834878975,115.222099304
128.971626915,37.833527449,114.475997925
128.971600064,37.832175923,113.867599487
128.971573214,37.830824396,113.560203552
128.971546366,37.829472869,112.426597595
128.971519521,37.828121341,111.882003784
128.971492676,37.826769814,110.857902527
128.971465834,37.825418286,109.676696777
128.971438993,37.824066757,107.843200684
128.971412155,37.822715228,105.339698792
128.971385318,37.821363699,102.884300232
128.971358482,37.820012170,101.848701477
128.971331649,37.818660640,98.044799805
128.971304817,37.817309110,95.214897156
128.971277987,37.815957580,92.809898376
128.971251159,37.814606049,90.612998962
128.971224333,37.813254518,88.494400024
128.971197509,37.811902987,86.224403381
128.971170686,37.810551455,84.323699951
128.971143865,37.809199923,82.311698914
128.971117046,37.807848391,81.103996277
128.971090229,37.806496858,78.849800110
128.971063413,37.805145325,76.769599915
128.971036600,37.803793792,75.173400879
128.971009788,37.802442258,73.780197144
128.970982978,37.801090724,71.255096436
128.970956169,37.799739190,69.136901855
128.970929363,37.798387656,67.338996887
128.970902558,37.797036121,64.928199768
128.970875755,37.795684585,62.748298645
128.970848954,37.794333050,60.730800629
128.970822155,37.792981514,58.671600342
128.970795357,37.791629978,56.415798187
128.970768561,37.790278441,54.343601227
128.970741767,37.788926904,52.193401337
128.970714975,37.787575367,50.008399963
128.970688185,37.786223829,47.074699402
128.970661396,37.784872292,45.049198151
128.970634609,37.783520753,42.901199341
128.970607824,37.782169215,40.678298950
128.970581041,37.780817676,38.996799469
128.970554260,37.779466137,37.253898621
128.970527480,37.778114597,35.673000336
128.970500702,37.776763057,34.095199585
128.970473926,37.775411517,32.493801117
128.970447152,37.774059977,30.925699234
128.970420379,37.772708436,29.191799164
128.970393608,37.771356895,27.458900452
128.970366839,37.770005353,25.746799469
128.970340072,37.768653812,23.985200882
128.970313307,37.767302269,22.105300903
128.970286543,37.765950727,20.362899780
128.970259782,37.764599184,18.695299149
128.970233022,37.763247641,17.120700836
128.970206264,37.761896098,15.446499825
128.970179507,37.760544554,13.970600128
128.970152753,37.759193010,12.282299995
128.970126000,37.757841465,10.084899902
128.970099249,37.756489921,7.160299778
128.970072499,37.755138376,4.755099773
128.970045752,37.753786830,3.232800007
128.976651270,37.999741267,1009.495910645
128.976624166,37.998389782,974.278198242
128.976597063,37.997038296,943.954223633
128.976569962,37.995686811,892.427673340
128.976542863,37.994335324,860.942993164
128.976515766,37.992983838,828.685974121
128.976488671,37.991632351,803.001525879
128.976461577,37.990280864,783.810485840
128.976434485,37.988929377,769.070312500
128.976407395,37.987577889,752.125122070
128.976380307,37.986226401,737.709228516
128.976353221,37.984874913,729.305175781
128.976326136,37.983523424,717.312011719
128.976299054,37.982171935,698.197570801
128.976271973,37.980820445,674.351379395
128.976244894,37.979468956,659.846923828
128.976217816,37.978117466,649.902282715
128.976190741,37.976765975,641.937072754
128.976163667,37.975414485,636.144226074
128.976136595,37.974062994,632.959228516
128.976109525,37.972711502,626.243286133
128.976082457,37.971360011,616.630920410
128.976055391,37.970008519,607.219421387
128.976028326,37.968657026,598.163330078
128.976001263,37.967305534,589.510070801
128.975974202,37.965954041,580.300109863
128.975947143,37.964602547,570.679382324
128.975920086,37.963251054,560.603576660
128.975893030,37.961899560,549.803100586
128.975865976,37.960548066,540.142028809
128.975838924,37.959196571,530.887512207
128.975811874,37.957845076,521.924377441
128.975784826,37.956493581,513.497924805
128.975757779,37.955142085,505.236511230
128.975730735,37.953790589,495.916595459
128.975703692,37.952439093,486.941192627
128.975676651,37.951087596,480.232604980
128.975649611,37.949736099,473.227813721
128.975622574,37.948384602,467.738800049
128.975595538,37.947033105,462.778289795
128.975568504,37.945681607,457.212890625
128.975541472,37.944330108,450.988311768
128.975514442,37.942978610,445.970092773
128.975487414,37.941627111,439.200103760
128.975460387,37.940275612,434.186798096
128.975433362,37.938924112,429.806488037
128.975406339,37.937572612,424.816192627
128.975379318,37.936221112,419.812103271
128.975352299,37.934869612,414.728485107
128.975325281,37.933518111,409.800994873
128.975298265,37.932166610,405.022705078
128.975271251,37.930815108,400.176513672
128.975244239,37.929463606,394.657012939
128.975217229,37.928112104,390.135009766
128.975190220,37.926760602,386.039794922
128.975163213,37.925409099,382.013610840
128.975136208,37.924057596,377.628997803
128.975109205,37.922706092,373.762512207
128.975082204,37.921354589,369.262512207
128.975055204,37.920003084,365.461303711
128.975028207,37.918651580,362.263397217
128.975001211,37.917300075,360.176391602
128.974974217,37.915948570,356.400085449
128.974947224,37.914597065,352.097808838
128.974920234,37.913245559,348.961395264
128.974893245,37.911894053,346.009185791
128.974866258,37.910542546,342.222900391
128.974839273,37.909191040,339.051513672
128.974812290,37.907839533,335.993591309
128.974785308,37.906488025,331.203613281
128.974758329,37.905136518,327.151885986
128.974731351,37.903785009,323.462310791
128.974704375,37.902433501,319.912902832
128.974677401,37.901081992,316.085693359
128.974650428,37.899730483,314.049591064
128.974623457,37.898378974,311.698608398
128.974596489,37.897027464,308.818115234
128.974569522,37.895675954,305.460693359
128.974542556,37.894324444,301.900604248
128.974515593,37.892972933,297.970397949
128.974488631,37.891621422,294.211303711
128.974461671,37.890269911,290.562713623
128.974434713,37.888918399,286.489898682
128.974407757,37.887566887,283.653594971
128.974380803,37.886215375,280.193511963
128.974353850,37.884863862,275.804901123
128.974326899,37.883512349,271.175415039
128.974299950,37.882160836,267.384185791
128.974273003,37.880809323,262.474395752
128.974246058,37.879457809,257.076202393
128.974219114,37.878106294,251.294296265
128.974192172,37.876754780,245.894302368
128.974165232,37.875403265,239.872406006
128.974138294,37.874051750,233.939193726
128.974111358,37.872700234,227.632705688
128.974084423,37.871348718,219.236999512
128.974057490,37.869997202,205.710098267
128.974030559,37.868645685,186.684204102
128.974003630,37.867294168,163.116897583
128.973976703,37.865942651,150.423294067
128.973949777,37.864591134,145.560394287
128.973922853,37.863239616,143.011505127
128.973895931,37.861888098,140.722396851
128.973869011,37.860536579,139.136398315
128.973842092,37.859185060,137.915298462
128.973815176,37.857833541,136.412292480
128.973788261,37.856482021,135.131393433
128.973761348,37.855130502,134.322296143
128.973734437,37.853778982,132.871704102
128.973707527,37.852427461,131.224197388
128.973680620,37.851075940,129.758300781
128.973653714,37.849724419,128.008102417
128.973626810,37.848372898,126.616500854
128.973599908,37.847021376,125.190101624
128.973573007,37.845669854,123.981201172
128.973546109,37.844318331,122.563796997
128.973519212,37.842966808,121.522598267
128.973492317,37.841615285,120.030296326
128.973465424,37.840263762,118.699699402
128.973438532,37.838912238,118.252998352
128.973411643,37.837560714,117.603698730
128.973384755,37.836209190,116.584396362
128.973357869,37.834857665,115.179000854
128.973330985,37.833506140,114.604896545
128.973304102,37.832154614,113.955596924
128.973277222,37.830803089,113.237396240
128.973250343,37.829451563,110.609001160
128.973223466,37.828100036,110.582702637
128.973196590,37.826748510,111.043296814
128.973169717,37.825396982,110.642997742
128.973142845,37.824045455,109.701499939
128.973115975,37.822693927,107.932601929
128.973089107,37.821342399,105.515800476
128.973062241,37.819990871,103.652297974
128.973035377,37.818639342,99.934700012
128.973008514,37.817287813,96.823097229
128.972981653,37.815936284,95.336700439
128.972954794,37.814584754,93.232002258
128.972927937,37.813233224,90.973899841
128.972901081,37.811881694,88.973999023
128.972874228,37.810530164,86.976600647
128.972847376,37.809178633,85.133903503
128.972820526,37.807827101,83.584297180
128.972793677,37.806475570,82.081199646
128.972766831,37.805124038,80.296401978
128.972739986,37.803772505,78.393501282
128.972713143,37.802420973,76.739501953
128.972686302,37.801069440,74.284400940
128.972659463,37.799717907,71.945800781
128.972632625,37.798366373,70.219703674
128.972605789,37.797014839,68.157203674
128.972578955,37.795663305,65.954597473
128.972552123,37.794311770,64.015602112
128.972525293,37.792960236,61.882301331
128.972498464,37.791608700,59.939300537
128.972471638,37.790257165,57.620498657
128.972444813,37.788905629,55.065498352
128.972417989,37.787554093,52.847099304
128.972391168,37.786202556,50.664398193
128.972364348,37.784851019,48.511901855
128.972337531,37.783499482,45.842800140
128.972310715,37.782147945,43.465801239
128.972283900,37.780796407,41.298801422
128.972257088,37.779444869,39.534599304
128.972230277,37.778093330,37.959499359
128.972203468,37.776741791,36.185298920
128.972176661,37.775390252,34.381900787
128.972149856,37.774038713,32.656799316
128.972123053,37.772687173,31.147399902
128.972096251,37.771335633,29.472299576
128.972069451,37.769984092,27.726900101
128.972042653,37.768632552,26.022499084
128.972015857,37.767281011,24.164300919
128.971989062,37.765929469,22.842199326
128.971962269,37.764577927,20.845300674
128.971935478,37.763226385,19.066099167
128.971908689,37.761874843,17.405000687
128.971881902,37.760523300,15.853699684
128.971855116,37.759171757,14.190099716
128.971828333,37.757820214,12.383299828
128.971801551,37.756468670,9.922200203
128.971774770,37.755117126,6.132699966
128.971747992,37.753765582,4.478400230
128.971721215,37.752414037,2.410900116
128.978359175,37.999719806,998.650329590
128.978332039,37.998368322,952.134521484
128.978304905,37.997016837,920.632324219
128.978277773,37.995665352,897.428527832
128.978250643,37.994313867,870.012878418
128.978223514,37.992962382,846.602111816
128.978196387,37.991610896,819.433898926
128.978169262,37.990259410,795.770019531
128.978142139,37.988907924,778.408813477
128.978115018,37.987556437,765.672424316
128.978087899,37.986204950,752.115783691
128.978060781,37.984853463,739.552429199
128.978033665,37.983501975,721.115417480
128.978006551,37.982150487,698.122192383
128.977979439,37.980798999,680.992370605
128.977952329,37.979447510,669.245788574
128.977925220,37.978096021,659.914916992
128.977898113,37.976744532,650.000000000
128.977871008,37.975393042,646.750976563
128.977843905,37.974041552,645.220397949
128.977816804,37.972690062,638.349121094
128.977789704,37.971338571,626.248779297
128.977762607,37.969987080,616.931396484
128.977735511,37.968635589,606.188293457
128.977708417,37.967284097,597.725585938
128.977681324,37.965932605,588.363769531
128.977654234,37.964581113,578.675292969
128.977627145,37.963229621,568.273315430
128.977600058,37.961878128,558.581420898
128.977572973,37.960526634,548.039428711
128.977545890,37.959175141,537.841125488
128.977518809,37.957823647,529.323913574
128.977491729,37.956472153,520.371520996
128.977464651,37.955120658,511.926086426
128.977437575,37.953769163,503.296997070
128.977410501,37.952417668,494.813690186
128.977383429,37.951066172,487.000091553
128.977356358,37.949714677,480.189910889
128.977329290,37.948363180,473.086486816
128.977302223,37.947011684,468.522186279
128.977275158,37.945660187,462.731811523
128.977248094,37.944308690,456.414886475
128.977221033,37.942957192,450.698394775
128.977193973,37.941605694,444.730804443
128.977166915,37.940254196,440.174713135
128.977139859,37.938902698,436.044494629
128.977112805,37.937551199,430.100708008
128.977085753,37.936199700,424.778900146
128.977058702,37.934848200,420.341705322
128.977031653,37.933496700,415.541412354
128.977004606,37.932145200,410.858612061
128.976977561,37.930793700,404.043304443
128.976950518,37.929442199,399.387603760
128.976923476,37.928090698,394.663299561
128.976896436,37.926739197,390.301513672
128.976869398,37.925387695,386.703094482
128.976842362,37.924036193,382.915191650
128.976815328,37.922684690,378.716186523
128.976788295,37.921333187,374.480499268
128.976761265,37.919981684,371.097686768
128.976734236,37.918630181,367.887298584
128.976707209,37.917278677,365.010314941
128.976680183,37.915927173,361.094390869
128.976653160,37.914575669,357.022705078
128.976626138,37.913224164,353.457885742
128.976599118,37.911872659,350.196289063
128.976572100,37.910521154,347.527099609
128.976545084,37.909169648,344.449005127
128.976518069,37.907818142,340.221710205
128.976491057,37.906466636,336.043487549
128.976464046,37.905115129,332.652801514
128.976437037,37.903763622,328.226806641
128.976410030,37.902412114,325.558898926
128.976383024,37.901060607,321.450714111
128.976356020,37.899709099,318.967498779
128.976329019,37.898357590,315.954711914
128.976302019,37.897006082,313.770812988
128.976275020,37.895654573,310.228607178
128.976248024,37.894303064,306.698913574
128.976221029,37.892951554,303.168701172
128.976194037,37.891600044,299.068786621
128.976167046,37.890248534,295.209503174
128.976140056,37.888897023,291.169799805
128.976113069,37.887545512,288.086090088
128.976086083,37.886194001,285.191711426
128.976059100,37.884842489,281.386810303
128.976032118,37.883490977,276.758514404
128.976005138,37.882139465,272.653991699
128.975978159,37.880787952,267.977111816
128.975951183,37.879436440,263.327789307
128.975924208,37.878084926,257.482788086
128.975897235,37.876733413,252.026000977
128.975870264,37.875381899,246.408905029
128.975843294,37.874030385,241.346206665
128.975816327,37.872678870,235.543106079
128.975789361,37.871327355,229.339096069
128.975762397,37.869975840,221.169601440
128.975735435,37.868624324,212.085205078
128.975708475,37.867272809,196.127700806
128.975681516,37.865921292,166.663894653
128.975654560,37.864569776,151.194305420
128.975627605,37.863218259,146.137298584
128.975600652,37.861866742,143.055404663
128.975573700,37.860515224,140.776000977
128.975546751,37.859163707,139.557495117
128.975519803,37.857812188,138.033798218
128.975492857,37.856460670,136.583099365
128.975465913,37.855109151,135.345794678
128.975438971,37.853757632,133.999603271
128.975412030,37.852406113,132.439102173
128.975385092,37.851054593,130.815795898
128.975358155,37.849703073,129.177795410
128.975331220,37.848351552,127.714996338
128.975304286,37.847000032,126.256599426
128.975277355,37.845648510,124.965896606
128.975250425,37.844296989,123.570800781
128.975223497,37.842945467,122.151199341
128.975196571,37.841593945,120.856002808
128.975169647,37.840242423,119.873298645
128.975142724,37.838890900,118.633903503
128.975115804,37.837539377,117.142303467
128.975088885,37.836187854,115.913002014
128.975061968,37.834836330,114.683799744
128.975035052,37.833484806,113.301696777
128.975008139,37.832133281,112.219902039
128.974981227,37.830781757,110.914398193
128.974954317,37.829430232,110.020698547
128.974927409,37.828078706,109.097396851
128.974900503,37.826727181,108.753799438
128.974873598,37.825375655,110.788597107
128.974846696,37.824024128,110.302299500
128.974819795,37.822672602,109.323303223
128.974792896,37.821321075,107.706802368
128.974765998,37.819969547,104.768302917
128.974739103,37.818618020,102.039001465
128.974712209,37.817266492,99.546501160
128.974685317,37.815914964,97.548400879
128.974658427,37.814563435,95.680801392
128.974631539,37.813211906,93.502502441
128.974604652,37.811860377,91.875198364
128.974577767,37.810508847,89.718399048
128.974550884,37.809157317,87.898803711
128.974524003,37.807805787,86.555801392
128.974497124,37.806454256,84.834098816
128.974470246,37.805102725,83.088203430
128.974443371,37.803751194,81.169898987
128.974416497,37.802399663,79.288597107
128.974389625,37.801048131,77.421798706
128.974362754,37.799696599,75.347198486
128.974335886,37.798345066,73.179901123
128.974309019,37.796993533,70.931900024
128.974282154,37.795642000,68.818801880
128.974255291,37.794290466,66.466003418
128.974228430,37.792938933,64.407402039
128.974201570,37.791587398,61.962799072
128.974174712,37.790235864,60.620498657
128.974147856,37.788884329,58.136398315
128.974121002,37.787532794,55.786399841
128.974094150,37.786181258,54.049800873
128.974067299,37.784829723,51.987800598
128.974040450,37.783478186,49.364498138
128.974013603,37.782126650,46.711299896
128.973986758,37.780775113,44.591400146
128.973959915,37.779423576,42.598999023
128.973933073,37.778072039,40.547798157
128.973906233,37.776720501,38.620998383
128.973879395,37.775368963,36.727901459
128.973852559,37.774017424,34.754600525
128.973825724,37.772665885,32.970699310
128.973798892,37.771314346,31.239400864
128.973772061,37.769962807,29.697799683
128.973745232,37.768611267,28.013500214
128.973718405,37.767259727,26.521600723
128.973691579,37.765908187,24.742000580
128.973664755,37.764556646,22.655399323
128.973637933,37.763205105,20.987400055
128.973611113,37.761853564,19.374399185
128.973584295,37.760502022,17.844299316
128.973557479,37.759150480,16.157600403
128.973530664,37.757798938,14.402999878
128.973503851,37.756447395,12.432000160
128.973477040,37.755095852,9.695199966
128.973450230,37.753744308,6.509399891
128.973423423,37.752392765,3.250699997
128.973396617,37.751041221,2.972100019
128.980067078,37.999698320,983.705322266
128.980039910,37.998346837,953.489196777
128.980012745,37.996995353,927.520874023
128.979985582,37.995643870,901.701171875
128.979958420,37.994292386,879.367370605
128.979931260,37.992940901,856.659973145
128.979904102,37.991589417,827.987121582
128.979876946,37.990237932,806.985412598
128.979849792,37.988886446,792.548828125
128.979822639,37.987534961,780.000610352
128.979795488,37.986183475,761.880004883
128.979768339,37.984831988,743.711914063
128.979741192,37.983480502,722.714599609
128.979714047,37.982129015,705.264709473
128.979686903,37.980777527,690.330871582
128.979659762,37.979426040,678.510070801
128.979632622,37.978074552,668.615173340
128.979605484,37.976723063,659.026428223
128.979578347,37.975371575,653.275024414
128.979551213,37.974020086,651.665771484
128.979524080,37.972668597,645.592773438
128.979496950,37.971317107,634.219787598
128.979469821,37.969965617,624.653198242
128.979442693,37.968614127,616.087524414
128.979415568,37.967262636,605.580871582
128.979388445,37.965911145,594.938720703
128.979361323,37.964559654,585.922729492
128.979334203,37.963208163,576.948730469
128.979307085,37.961856671,567.502685547
128.979279969,37.960505179,557.471496582
128.979252854,37.959153686,547.250427246
128.979225741,37.957802193,537.633300781
128.979198631,37.956450700,528.952270508
128.979171522,37.955099206,519.491516113
128.979144414,37.953747712,511.275787354
128.979117309,37.952396218,501.466308594
128.979090205,37.951044724,493.663208008
128.979063104,37.949693229,487.059997559
128.979036004,37.948341734,479.749389648
128.979008905,37.946990238,474.168914795
128.978981809,37.945638742,467.899688721
128.978954715,37.944287246,461.830810547
128.978927622,37.942935750,456.479492188
128.978900531,37.941584253,451.372100830
128.978873442,37.940232756,446.182586670
128.978846355,37.938881258,440.310089111
128.978819269,37.937529761,434.426391602
128.978792185,37.936178263,429.492614746
128.978765104,37.934826764,425.809204102
128.978738024,37.933475265,420.872100830
128.978710945,37.932123766,415.567504883
128.978683869,37.930772267,409.761413574
128.978656794,37.929420767,403.776306152
128.978629722,37.928069267,399.229888916
128.978602651,37.926717767,396.097900391
128.978575581,37.925366266,391.775604248
128.978548514,37.924014765,387.456390381
128.978521449,37.922663263,383.704711914
128.978494385,37.921311762,379.658813477
128.978467323,37.919960260,375.861694336
128.978440263,37.918608757,372.970611572
128.978413204,37.917257255,369.584197998
128.978386148,37.915905751,365.558685303
128.978359093,37.914554248,361.740112305
128.978332040,37.913202744,358.670684814
128.978304989,37.911851240,355.087005615
128.978277940,37.910499736,351.093597412
128.978250893,37.909148231,348.447814941
128.978223847,37.907796726,344.701690674
128.978196803,37.906445221,341.258209229
128.978169761,37.905093715,337.428100586
128.978142721,37.903742209,334.740386963
128.978115682,37.902390703,330.455810547
128.978088646,37.901039197,326.301605225
128.978061611,37.899687690,323.852111816
128.978034578,37.898336182,321.625396729
128.978007547,37.896984675,318.954803467
128.977980517,37.895633167,315.367187500
128.977953490,37.894281658,311.716003418
128.977926464,37.892930150,307.960784912
128.977899440,37.891578641,303.802886963
128.977872418,37.890227132,300.537292480
128.977845398,37.888875622,296.618011475
128.977818379,37.887524112,293.952789307
128.977791362,37.886172602,289.916107178
128.977764348,37.884821091,286.102508545
128.977737334,37.883469580,280.535186768
128.977710323,37.882118069,277.340789795
128.977683314,37.880766558,273.553588867
128.977656306,37.879415046,269.081207275
128.977629300,37.878063534,264.122985840
128.977602296,37.876712021,258.680389404
128.977575294,37.875360508,252.915100098
128.977548293,37.874008995,247.547805786
128.977521295,37.872657482,242.258499146
128.977494298,37.871305968,235.730499268
128.977467303,37.869954454,230.126602173
128.977440309,37.868602939,222.936706543
128.977413318,37.867251424,214.936203003
128.977386328,37.865899909,197.986495972
128.977359340,37.864548394,174.658401489
128.977332354,37.863196878,155.061798096
128.977305370,37.861845362,146.846603394
128.977278388,37.860493845,143.583892822
128.977251407,37.859142328,141.706604004
128.977224428,37.857790811,139.997802734
128.977197451,37.856439294,138.365203857
128.977170476,37.855087776,137.145904541
128.977143503,37.853736258,135.666397095
128.977116531,37.852384740,134.031295776
128.977089561,37.851033221,132.215103149
128.977062593,37.849681702,130.416000366
128.977035627,37.848330182,128.916503906
128.977008663,37.846978663,127.415496826
128.976981700,37.845627143,125.893302917
128.976954739,37.844275622,124.270797729
128.976927780,37.842924101,122.908798218
128.976900823,37.841572580,121.983001709
128.976873868,37.840221059,120.859596252
128.976846914,37.838869537,119.302597046
128.976819963,37.837518015,117.215103149
128.976793013,37.836166493,115.076400757
128.976766064,37.834814970,112.982398987
128.976739118,37.833463447,111.131599426
128.976712174,37.832111924,109.725097656
128.976685231,37.830760400,108.661499023
128.976658290,37.829408876,107.481697083
128.976631351,37.828057352,106.495201111
128.976604413,37.826705827,107.738998413
128.976577478,37.825354302,111.914199829
128.976550544,37.824002777,111.083702087
128.976523612,37.822651251,110.380699158
128.976496682,37.821299725,109.357299805
128.976469753,37.819948199,107.381401062
128.976442827,37.818596673,106.028701782
128.976415902,37.817245146,104.099403381
128.976388979,37.815893618,102.039398193
128.976362058,37.814542091,98.111801147
128.976335139,37.813190563,96.256401062
128.976308221,37.811839035,94.216499329
128.976281305,37.810487506,92.004798889
128.976254391,37.809135977,90.635398865
128.976227479,37.807784448,89.116302490
128.976200569,37.806432918,87.558502197
128.976173660,37.805081389,85.850898743
128.976146754,37.803729858,84.162200928
128.976119849,37.802378328,82.378799438
128.976092946,37.801026797,80.093696594
128.976066044,37.799675266,77.757400513
128.976039145,37.798323734,75.603996277
128.976012247,37.796972202,73.586997986
128.975985351,37.795620670,71.293296814
128.975958457,37.794269138,69.348297119
128.975931564,37.792917605,66.925498962
128.975904674,37.791566072,64.895797729
128.975877785,37.790214538,62.933300018
128.975850898,37.788863005,60.970500946
128.975824013,37.787511470,58.907398224
128.975797129,37.786159936,56.695598602
128.975770248,37.784808401,54.783298492
128.975743368,37.783456866,52.659599304
128.975716490,37.782105331,50.908699036
128.975689614,37.780753795,48.232498169
128.975662739,37.779402259,45.986999512
128.975635867,37.778050722,43.352500916
128.975608996,37.776699186,41.178001404
128.975582127,37.775347648,39.088901520
128.975555260,37.773996111,37.275798798
128.975528394,37.772644573,35.349998474
128.975501531,37.771293035,33.617599487
128.975474669,37.769941497,31.837999344
128.975447809,37.768589958,30.287500381
128.975420951,37.767238419,28.486700058
128.975394094,37.765886880,26.393199921
128.975367240,37.764535340,24.931499481
128.975340387,37.763183800,23.081100464
128.975313536,37.761832260,21.310199738
128.975286686,37.760480719,19.568500519
128.975259839,37.759129178,17.973499298
128.975232993,37.757777637,16.261100769
128.975206149,37.756426095,14.528499603
128.975179307,37.755074553,12.431500435
128.975152467,37.753723011,9.894399643
128.975125628,37.752371468,6.072999954
128.975098792,37.751019925,4.619699955
128.975071957,37.749668382,3.079699993
128.981774978,37.999676809,987.570312500
128.981747780,37.998325327,967.887329102
128.981720583,37.996973845,941.704772949
128.981693389,37.995622362,911.427429199
128.981666196,37.994270879,887.294921875
128.981639004,37.992919396,868.258972168
128.981611815,37.991567912,842.675415039
128.981584628,37.990216428,823.456481934
128.981557442,37.988864944,802.494628906
128.981530258,37.987513459,781.012207031
128.981503076,37.986161974,759.922485352
128.981475896,37.984810489,745.381591797
128.981448717,37.983459003,732.576599121
128.981421541,37.982107517,716.190979004
128.981394366,37.980756031,699.227294922
128.981367193,37.979404545,687.335388184
128.981340022,37.978053058,679.326782227
128.981312852,37.976701570,676.817016602
128.981285685,37.975350083,673.236999512
128.981258519,37.973998595,666.267028809
128.981231355,37.972647107,660.368774414
128.981204193,37.971295618,644.988525391
128.981177033,37.969944129,633.747497559
128.981149874,37.968592640,622.677612305
128.981122718,37.967241150,612.365295410
128.981095563,37.965889661,604.195922852
128.981068410,37.964538170,595.476684570
128.981041259,37.963186680,586.455322266
128.981014109,37.961835189,577.084228516
128.980986962,37.960483698,566.770996094
128.980959816,37.959132206,555.826416016
128.980932672,37.957780715,546.508117676
128.980905530,37.956429222,537.228820801
128.980878390,37.955077730,528.909729004
128.980851251,37.953726237,519.140686035
128.980824115,37.952374744,509.845214844
128.980796980,37.951023250,502.332794189
128.980769847,37.949671757,495.661987305
128.980742716,37.948320262,487.399505615
128.980715586,37.946968768,480.004699707
128.980688459,37.945617273,473.657897949
128.980661333,37.944265778,468.143585205
128.980634209,37.942914283,463.717498779
128.980607087,37.941562787,458.098785400
128.980579967,37.940211291,451.515686035
128.980552848,37.938859794,446.660797119
128.980525731,37.937508298,440.925415039
128.980498616,37.936156801,436.436798096
128.980471503,37.934805303,431.452514648
128.980444392,37.933453805,425.230285645
128.980417283,37.932102307,420.276794434
128.980390175,37.930750809,414.075714111
128.980363069,37.929399310,408.953887939
128.980335965,37.928047811,404.805908203
128.980308863,37.926696312,401.680603027
128.980281763,37.925344812,398.258605957
128.980254664,37.923993312,394.486114502
128.980227567,37.922641812,389.490600586
128.980200472,37.921290311,384.650909424
128.980173379,37.919938810,380.403991699
128.980146288,37.918587309,377.755004883
128.980119199,37.917235807,374.531585693
128.980092111,37.915884305,370.674011230
128.980065025,37.914532803,366.316497803
128.980037941,37.913181300,362.994110107
128.980010859,37.911829797,360.239990234
128.979983778,37.910478294,356.868011475
128.979956700,37.909126790,353.409790039
128.979929623,37.907775286,350.072601318
128.979902548,37.906423782,346.662506104
128.979875474,37.905072277,343.332397461
128.979848403,37.903720772,340.301208496
128.979821333,37.902369267,336.056701660
128.979794266,37.901017761,332.580993652
128.979767200,37.899666256,330.049407959
128.979740136,37.898314749,327.668487549
128.979713073,37.896963243,325.044494629
128.979686013,37.895611736,320.567901611
128.979658954,37.894260229,316.810791016
128.979631897,37.892908721,312.677185059
128.979604842,37.891557213,308.822814941
128.979577789,37.890205705,304.920806885
128.979550737,37.888854196,301.153686523
128.979523687,37.887502687,298.415313721
128.979496640,37.886151178,294.815307617
128.979469594,37.884799669,290.763092041
128.979442549,37.883448159,286.312988281
128.979415507,37.882096649,282.268585205
128.979388466,37.880745138,278.191711426
128.979361427,37.879393627,274.376586914
128.979334390,37.878042116,269.599304199
128.979307355,37.876690605,264.668395996
128.979280322,37.875339093,259.729888916
128.979253290,37.873987581,254.710296631
128.979226260,37.872636068,249.197601318
128.979199232,37.871284555,242.743392944
128.979172206,37.869933042,236.222198486
128.979145182,37.868581529,230.072601318
128.979118159,37.867230015,224.119094849
128.979091139,37.865878501,217.693206787
128.979064120,37.864526987,207.981094360
128.979037102,37.863175472,187.869598389
128.979010087,37.861823957,160.296997070
128.978983074,37.860472441,148.453598022
128.978956062,37.859120925,144.779205322
128.978929052,37.857769409,142.184906006
128.978902044,37.856417893,139.953903198
128.978875037,37.855066376,138.643493652
128.978848033,37.853714859,137.188796997
128.978821030,37.852363342,135.391098022
128.978794029,37.851011824,133.574493408
128.978767030,37.849660306,132.134597778
128.978740033,37.848308788,130.506896973
128.978713038,37.846957269,128.562301636
128.978686044,37.845605750,126.052696228
128.978659052,37.844254231,123.730003357
128.978632062,37.842902711,122.313903809
128.978605074,37.841551191,121.593498230
128.978578087,37.840199671,120.716499329
128.978551103,37.838848150,119.307800293
128.978524120,37.837496629,115.592300415
128.978497139,37.836145108,111.602203369
128.978470160,37.834793586,108.368103027
128.978443182,37.833442064,107.058403015
128.978416206,37.832090542,107.590896606
128.978389233,37.830739019,106.691902161
128.978362261,37.829387496,104.837196350
128.978335290,37.828035973,105.882499695
128.978308322,37.826684449,109.186401367
128.978281355,37.825332925,111.980201721
128.978254391,37.823981401,111.713600159
128.978227428,37.822629876,111.231002808
128.978200466,37.821278352,110.606903076
128.978173507,37.819926826,109.822502136
128.978146549,37.818575301,107.714401245
128.978119594,37.817223775,105.731597900
128.978092640,37.815872249,104.135299683
128.978065687,37.814520722,102.801498413
128.978038737,37.813169195,99.081802368
128.978011788,37.811817668,96.234100342
128.977984842,37.810466140,94.698402405
128.977957897,37.809114613,93.805603027
128.977930953,37.807763084,91.904602051
128.977904012,37.806411556,90.148200989
128.977877072,37.805060027,88.271301270
128.977850135,37.803708498,86.055198669
128.977823199,37.802356968,84.810302734
128.977796265,37.801005439,82.714401245
128.977769332,37.799653908,80.283996582
128.977742402,37.798302378,78.220802307
128.977715473,37.796950847,76.237197876
128.977688546,37.795599316,73.936996460
128.977661621,37.794247785,71.551498413
128.977634697,37.792896253,69.565200806
128.977607776,37.791544721,67.763000488
128.977580856,37.790193188,65.669502258
128.977553938,37.788841655,63.392501831
128.977527022,37.787490122,61.347198486
128.977500107,37.786138589,59.776100159
128.977473195,37.784787055,57.564899445
128.977446284,37.783435521,55.696498871
128.977419375,37.782083987,53.748500824
128.977392468,37.780732452,51.074699402
128.977365562,37.779380917,48.823299408
128.977338659,37.778029381,46.636398315
128.977311757,37.776677846,43.836299896
128.977284857,37.775326310,41.650798798
128.977257959,37.773974773,39.989200592
128.977231063,37.772623237,38.257301331
128.977204168,37.771271700,36.759799957
128.977177275,37.769920162,34.342998505
128.977150384,37.768568625,32.626701355
128.977123495,37.767217087,30.712600708
128.977096607,37.765865548,28.680799484
128.977069722,37.764514010,27.104400635
128.977042838,37.763162471,25.279300690
128.977015956,37.761810931,23.276800156
128.976989076,37.760459392,21.393600464
128.976962197,37.759107852,19.709400177
128.976935321,37.757756311,18.037500381
128.976908446,37.756404771,16.339899063
128.976881573,37.755053230,14.556400299
128.976854702,37.753701689,12.475600243
128.976827832,37.752350147,9.557600021
128.976800965,37.750998605,5.927899837
128.976774099,37.749647063,4.814300060
128.976747235,37.748295520,2.683700085
128.976720372,37.746943977,1.440799952
128.983482877,37.999655273,999.624084473
128.983455648,37.998303792,978.075073242
128.983428420,37.996952311,949.146911621
128.983401194,37.995600830,923.578918457
128.983373969,37.994249348,900.429809570
128.983346747,37.992897865,901.199218750
128.983319526,37.991546383,865.293884277
128.983292307,37.990194900,831.774475098
128.983265090,37.988843417,805.813171387
128.983237875,37.987491933,783.057922363
128.983210662,37.986140449,765.329772949
128.983183450,37.984788965,755.399475098
128.983156241,37.983437480,740.419372559
128.983129033,37.982085995,724.920593262
128.983101827,37.980734510,708.174194336
128.983074622,37.979383025,697.459777832
128.983047420,37.978031539,692.989318848
128.983020219,37.976680052,687.916870117
128.982993020,37.975328566,680.232116699
128.982965823,37.973977079,670.728027344
128.982938628,37.972625592,666.153320313
128.982911435,37.971274104,657.947204590
128.982884243,37.969922617,641.872924805
128.982857054,37.968571128,628.920593262
128.982829866,37.967219640,620.300415039
128.982802680,37.965868151,612.614624023
128.982775495,37.964516662,604.840270996
128.982748313,37.963165172,595.703430176
128.982721132,37.961813683,586.165588379
128.982693954,37.960462192,576.999511719
128.982666777,37.959110702,566.028503418
128.982639601,37.957759211,556.796020508
128.982612428,37.956407720,546.646179199
128.982585256,37.955056229,537.054077148
128.982558087,37.953704737,526.680480957
128.982530919,37.952353245,517.852111816
128.982503753,37.951001752,510.650695801
128.982476588,37.949650260,501.325195313
128.982449426,37.948298766,492.024688721
128.982422265,37.946947273,486.109191895
128.982395107,37.945595779,480.545288086
128.982367950,37.944244285,475.854187012
128.982340794,37.942892791,470.489410400
128.982313641,37.941541296,464.092285156
128.982286489,37.940189801,458.162994385
128.982259340,37.938838306,452.790191650
128.982232192,37.937486810,447.704315186
128.982205046,37.936135314,442.058013916
128.982177901,37.934783817,436.543701172
128.982150759,37.933432321,430.122406006
128.982123618,37.932080824,424.913909912
128.982096479,37.930729326,418.039215088
128.982069342,37.929377829,412.953613281
128.982042207,37.928026331,409.476715088
128.982015074,37.926674832,406.536804199
128.981987942,37.925323334,402.824188232
128.981960812,37.923971835,398.625701904
128.981933684,37.922620335,393.530303955
128.981906558,37.921268836,389.144012451
128.981879434,37.919917336,386.416900635
128.981852311,37.918565836,382.902191162
128.981825191,37.917214335,379.020111084
128.981798072,37.915862834,374.606414795
128.981770955,37.914511333,371.057891846
128.981743840,37.913159831,367.598388672
128.981716726,37.911808329,364.169708252
128.981689614,37.910456827,361.677185059
128.981662505,37.909105324,358.118804932
128.981635397,37.907753821,355.816497803
128.981608290,37.906402318,352.334899902
128.981581186,37.905050814,348.845214844
128.981554084,37.903699311,344.457885742
128.981526983,37.902347806,341.221710205
128.981499884,37.900996302,338.440612793
128.981472787,37.899644797,334.938110352
128.981445691,37.898293292,332.036590576
128.981418598,37.896941786,328.697296143
128.981391506,37.895590280,324.433685303
128.981364416,37.894238774,321.146209717
128.981337328,37.892887268,316.757598877
128.981310242,37.891535761,313.209594727
128.981283157,37.890184254,309.299713135
128.981256075,37.888832746,305.869903564
128.981228994,37.887481238,303.139495850
128.981201915,37.886129730,299.755187988
128.981174838,37.884778222,295.370605469
128.981147762,37.883426713,291.138885498
128.981120689,37.882075204,287.102691650
128.981093617,37.880723694,283.280303955
128.981066547,37.879372184,279.506591797
128.981039479,37.878020674,274.746795654
128.981012413,37.876669164,270.477386475
128.980985348,37.875317653,265.595703125
128.980958285,37.873966142,260.646911621
128.980931224,37.872614630,255.389205933
128.980904165,37.871263119,249.218704224
128.980877108,37.869911606,243.504699707
128.980850052,37.868560094,237.305099487
128.980822999,37.867208581,231.814498901
128.980795947,37.865857068,226.862701416
128.980768897,37.864505555,220.242706299
128.980741849,37.863154041,212.108993530
128.980714802,37.861802527,189.116699219
128.980687757,37.860451013,161.017105103
128.980660715,37.859099498,148.984497070
128.980633674,37.857747983,144.713394165
128.980606634,37.856396468,142.078796387
128.980579597,37.855044952,140.501403809
128.980552561,37.853693436,138.728607178
128.980525528,37.852341919,136.996795654
128.980498496,37.850990403,135.043502808
128.980471465,37.849638886,133.377899170
128.980444437,37.848287368,131.955307007
128.980417411,37.846935851,130.020599365
128.980390386,37.845584333,124.378997803
128.980363363,37.844232814,119.757499695
128.980336342,37.842881296,118.807800293
128.980309322,37.841529777,120.683700562
128.980282305,37.840178258,121.217498779
128.980255289,37.838826738,119.765296936
128.980228275,37.837475218,117.607101440
128.980201263,37.836123698,113.065299988
128.980174253,37.834772177,110.771301270
128.980147244,37.833420656,109.336097717
128.980120238,37.832069135,106.742500305
128.980093233,37.830717613,104.164802551
128.980066230,37.829366091,105.509399414
128.980039228,37.828014569,108.594802856
128.980012229,37.826663047,111.531799316
128.979985231,37.825311524,112.332000732
128.979958235,37.823960000,112.356597900
128.979931241,37.822608477,112.204200745
128.979904249,37.821256953,112.125297546
128.979877259,37.819905429,111.572601318
128.979850270,37.818553904,109.167198181
128.979823283,37.817202379,107.525596619
128.979796298,37.815850854,106.175399780
128.979769315,37.814499329,105.483802795
128.979742333,37.813147803,103.690803528
128.979715354,37.811796277,103.395500183
128.979688376,37.810444750,98.042800903
128.979661400,37.809093223,95.830398560
128.979634426,37.807741696,94.302101135
128.979607453,37.806390169,92.400100708
128.979580483,37.805038641,91.041198730
128.979553514,37.803687113,89.176803589
128.979526547,37.802335584,87.027198792
128.979499582,37.800984056,84.607200623
128.979472618,37.799632526,82.720100403
128.979445657,37.798280997,80.545196533
128.979418697,37.796929467,78.461898804
128.979391739,37.795577937,76.672599792
128.979364783,37.794226407,74.577102661
128.979337828,37.792874876,72.520896912
128.979310876,37.791523345,70.250999451
128.979283925,37.790171813,68.164703369
128.979256976,37.788820282,66.368499756
128.979230029,37.787468750,64.089103699
128.979203084,37.786117217,62.089401245
128.979176140,37.784765685,60.300800323
128.979149198,37.783414151,58.921798706
128.979122258,37.782062618,57.078399658
128.979095320,37.780711084,54.547298431
128.979068384,37.779359550,52.025600433
128.979041449,37.778008016,49.938899994
128.979014516,37.776656481,47.795600891
128.978987585,37.775304946,45.670200348
128.978960656,37.773953411,43.445201874
128.978933729,37.772601875,41.333599091
128.978906803,37.771250339,39.941501617
128.978879880,37.769898803,37.883300781
128.978852958,37.768547266,34.744098663
128.978826037,37.767195729,33.095901489
128.978799119,37.765844192,31.152399063
128.978772202,37.764492654,28.962499619
128.978745288,37.763141117,26.922000885
128.978718375,37.761789578,25.396900177
128.978691464,37.760438040,23.033599854
128.978664554,37.759086501,21.373300552
128.978637647,37.757734961,19.786300659
128.978610741,37.756383422,18.234899521
128.978583837,37.755031882,16.584699631
128.978556935,37.753680342,14.713500023
128.978530034,37.752328801,12.336000443
128.978503136,37.750977260,9.239700317
128.978476239,37.749625719,5.098999977
128.978449344,37.748274177,3.656599998
128.978422451,37.746922636,2.109200001
128.985190775,37.999633713,1007.395385742
128.985163514,37.998282233,992.278686523
128.985136254,37.996930753,975.308715820
128.985108997,37.995579272,961.747070313
128.985081741,37.994227791,935.758483887
128.985054488,37.992876310,897.160827637
128.985027236,37.991524829,858.273925781
128.984999985,37.990173347,830.489501953
128.984972737,37.988821865,810.272521973
128.984945491,37.987470382,794.167480469
128.984918246,37.986118899,778.892517090
128.984891003,37.984767416,762.065612793
128.984863762,37.983415932,745.120971680
128.984836523,37.982064449,728.697326660
128.984809285,37.980712964,718.291015625
128.984782050,37.979361480,713.343078613
128.984754816,37.978009995,702.915893555
128.984727584,37.976658510,693.275878906
128.984700354,37.975307024,682.108581543
128.984673126,37.973955539,677.654418945
128.984645899,37.972604052,672.834289551
128.984618675,37.971252566,664.605773926
128.984591452,37.969901079,648.624877930
128.984564231,37.968549592,637.714782715
128.984537012,37.967198104,629.245971680
128.984509794,37.965846617,622.168884277
128.984482579,37.964495129,614.231384277
128.984455365,37.963143640,605.976196289
128.984428153,37.961792151,596.427124023
128.984400943,37.960440662,586.290222168
128.984373735,37.959089173,576.029418945
128.984346529,37.957737683,565.917724609
128.984319324,37.956386193,556.758728027
128.984292121,37.955034703,546.513610840
128.984264920,37.953683212,536.318298340
128.984237721,37.952331721,526.839477539
128.984210524,37.950980229,517.307373047
128.984183328,37.949628738,508.838104248
128.984156135,37.948277246,501.705688477
128.984128943,37.946925753,494.744995117
128.984101753,37.945574261,488.308197021
128.984074564,37.944222767,482.068603516
128.984047378,37.942871274,476.433593750
128.984020193,37.941519780,471.313903809
128.983993011,37.940168286,465.489501953
128.983965830,37.938816792,459.207397461
128.983938650,37.937465297,453.066192627
128.983911473,37.936113802,447.495300293
128.983884298,37.934762307,441.532806396
128.983857124,37.933410811,436.596405029
128.983829952,37.932059315,429.634399414
128.983802782,37.930707819,424.404602051
128.983775614,37.929356322,419.475311279
128.983748447,37.928004826,414.883911133
128.983721283,37.926653328,411.268493652
128.983694120,37.925301831,407.136413574
128.983666959,37.923950333,402.917510986
128.983639800,37.922598834,398.943786621
128.983612642,37.921247336,394.846984863
128.983585487,37.919895837,390.338897705
128.983558333,37.918544338,387.265991211
128.983531181,37.917192838,383.020202637
128.983504031,37.915841338,379.300811768
128.983476883,37.914489838,375.805999756
128.983449736,37.913138337,372.634399414
128.983422592,37.911786836,369.486114502
128.983395449,37.910435335,365.908111572
128.983368308,37.909083834,362.941101074
128.983341169,37.907732332,359.237213135
128.983314031,37.906380829,356.365509033
128.983286896,37.905029327,353.357299805
128.983259762,37.903677824,349.470306396
128.983232630,37.902326321,346.095214844
128.983205500,37.900974817,341.008605957
128.983178372,37.899623314,336.574401855
128.983151245,37.898271809,333.755889893
128.983124121,37.896920305,331.412292480
128.983096998,37.895568800,328.236785889
128.983069877,37.894217295,325.387207031
128.983042757,37.892865789,321.842712402
128.983015640,37.891514284,317.568603516
128.982988524,37.890162777,313.985504150
128.982961411,37.888811271,309.929290771
128.982934299,37.887459764,307.547485352
128.982907189,37.886108257,304.054290771
128.982880080,37.884756750,299.966094971
128.982852974,37.883405242,295.821685791
128.982825869,37.882053734,292.454711914
128.982798766,37.880702225,288.506988525
128.982771665,37.879350716,284.374511719
128.982744566,37.877999207,278.778015137
128.982717468,37.876647698,274.760314941
128.982690372,37.875296188,270.846405029
128.982663279,37.873944678,266.126312256
128.982636187,37.872593168,260.927001953
128.982609096,37.871241657,255.812896729
128.982582008,37.869890146,250.338699341
128.982554921,37.868538635,244.646499634
128.982527836,37.867187123,238.770202637
128.982500753,37.865835611,233.869003296
128.982473672,37.864484098,228.829101563
128.982446593,37.863132586,222.318801880
128.982419515,37.861781073,214.388305664
128.982392440,37.860429559,197.247406006
128.982365366,37.859078046,165.901092529
128.982338294,37.857726532,150.069595337
128.982311223,37.856375017,145.173095703
128.982284155,37.855023503,142.704605103
128.982257088,37.853671988,140.536804199
128.982230023,37.852320472,138.593795776
128.982202960,37.850968957,136.717605591
128.982175899,37.849617441,135.101196289
128.982148839,37.848265925,133.575607300
128.982121782,37.846914408,131.774597168
128.982094726,37.845562891,130.434097290
128.982067672,37.844211374,128.119003296
128.982040620,37.842859856,125.968101501
128.982013569,37.841508338,124.319702148
128.981986521,37.840156820,121.066596985
128.981959474,37.838805301,119.469001770
128.981932429,37.837453782,117.637802124
128.981905386,37.836102263,114.195800781
128.981878344,37.834750744,111.936798096
128.981851305,37.833399224,109.949699402
128.981824267,37.832047703,107.235298157
128.981797231,37.830696183,107.579498291
128.981770197,37.829344662,109.263801575
128.981743165,37.827993141,110.714698792
128.981716134,37.826641619,112.498596191
128.981689105,37.825290097,112.837699890
128.981662078,37.823938575,113.867103577
128.981635053,37.822587053,113.414398193
128.981608030,37.821235530,113.468200684
128.981581008,37.819884007,112.458900452
128.981553989,37.818532483,111.204200745
128.981526971,37.817180959,109.771102905
128.981499955,37.815829435,108.558097839
128.981472941,37.814477911,107.270599365
128.981445928,37.813126386,106.577301025
128.981418917,37.811774861,105.739997864
128.981391909,37.810423335,102.277397156
128.981364902,37.809071809,99.328498840
128.981337896,37.807720283,97.256301880
128.981310893,37.806368757,95.695198059
128.981283891,37.805017230,93.309303284
128.981256891,37.803665703,91.186302185
128.981229893,37.802314176,89.513900757
128.981202897,37.800962648,87.523002625
128.981175903,37.799611120,85.149299622
128.981148910,37.798259591,82.881896973
128.981121919,37.796908063,80.913696289
128.981094930,37.795556534,78.761001587
128.981067943,37.794205004,76.899803162
128.981040958,37.792853474,74.999397278
128.981013974,37.791501944,72.855697632
128.980986992,37.790150414,70.786697388
128.980960012,37.788798883,68.357696533
128.980933034,37.787447352,66.360801697
128.980906058,37.786095821,64.539596558
128.980879083,37.784744289,62.407798767
128.980852111,37.783392757,60.514400482
128.980825140,37.782041225,58.626701355
128.980798171,37.780689692,56.344600677
128.980771203,37.779338159,54.722301483
128.980744238,37.777986626,52.905399323
128.980717274,37.776635092,50.844501495
128.980690312,37.775283558,48.813899994
128.980663352,37.773932024,46.923500061
128.980636393,37.772580489,44.713199615
128.980609437,37.771228954,43.195499420
128.980582482,37.769877419,40.691799164
128.980555529,37.768525884,38.009998322
128.980528578,37.767174348,34.900901794
128.980501629,37.765822811,31.961399078
128.980474681,37.764471275,29.880300522
128.980447735,37.763119738,28.322599411
128.980420792,37.761768201,27.658599854
128.980393849,37.760416663,25.721000671
128.980366909,37.759065125,23.650699615
128.980339971,37.757713587,22.070100784
128.980313034,37.756362048,20.209400177
128.980286099,37.755010510,18.491800308
128.980259166,37.753658970,16.715599060
128.980232234,37.752307431,14.734600067
128.980205305,37.750955891,11.956000328
128.980178377,37.749604351,8.722000122
128.980151451,37.748252810,5.016799927
128.980124527,37.746901269,4.354199886
128.980097605,37.745549728,2.134700060
128.986898670,37.999612128,1035.579589844
128.986871378,37.998260649,1046.170776367
128.986844087,37.996909170,1017.999877930
128.986816798,37.995557690,972.622070313
128.986789511,37.994206210,919.268310547
128.986762226,37.992854730,884.152282715
128.986734943,37.991503250,863.934875488
128.986707662,37.990151769,846.498779297
128.986680382,37.988800288,822.967102051
128.986653104,37.987448806,804.646484375
128.986625828,37.986097324,787.283996582
128.986598554,37.984745842,768.388671875
128.986571282,37.983394360,752.440124512
128.986544011,37.982042877,739.473083496
128.986516743,37.980691394,732.851318359
128.986489476,37.979339910,723.589782715
128.986462211,37.977988427,711.725219727
128.986434947,37.976636942,697.074096680
128.986407686,37.975285458,687.268188477
128.986380427,37.973933973,683.052001953
128.986353169,37.972582488,673.825073242
128.986325913,37.971231003,667.787719727
128.986298659,37.969879517,655.854003906
128.986271407,37.968528031,646.282226563
128.986244156,37.967176544,638.528991699
128.986216907,37.965825058,631.165710449
128.986189661,37.964473571,623.273315430
128.986162416,37.963122083,615.353515625
128.986135173,37.961770595,606.947814941
128.986107931,37.960419107,597.098388672
128.986080692,37.959067619,586.133483887
128.986053454,37.957716130,575.394409180
128.986026218,37.956364641,564.934570313
128.985998984,37.955013152,555.969177246
128.985971752,37.953661662,545.500793457
128.985944521,37.952310172,535.000488281
128.985917293,37.950958682,524.900207520
128.985890066,37.949607191,516.415527344
128.985862841,37.948255700,509.388793945
128.985835618,37.946904209,502.199401855
128.985808397,37.945552717,495.461486816
128.985781177,37.944201225,489.831390381
128.985753960,37.942849733,483.522613525
128.985726744,37.941498240,477.734588623
128.985699530,37.940146747,472.182586670
128.985672318,37.938795254,465.887695313
128.985645107,37.937443760,459.166107178
128.985617899,37.936092266,453.274291992
128.985590692,37.934740772,448.252410889
128.985563487,37.933389277,441.574401855
128.985536284,37.932037782,434.972412109
128.985509083,37.930686287,428.629089355
128.985481883,37.929334792,423.968292236
128.985454686,37.927983296,420.343109131
128.985427490,37.926631799,416.178588867
128.985400296,37.925280303,412.459686279
128.985373104,37.923928806,408.186096191
128.985345913,37.922577309,404.043304443
128.985318725,37.921225811,400.770385742
128.985291538,37.919874313,396.256896973
128.985264353,37.918522815,391.782196045
128.985237170,37.917171316,387.969390869
128.985209989,37.915819818,384.488586426
128.985182809,37.914468318,380.909210205
128.985155632,37.913116819,377.565399170
128.985128456,37.911765319,373.962188721
128.985101282,37.910413819,371.266906738
128.985074110,37.909062318,368.452697754
128.985046939,37.907710817,365.271606445
128.985019771,37.906359316,361.628387451
128.984992604,37.905007815,358.234191895
128.984965439,37.903656313,354.713500977
128.984938276,37.902304811,350.450286865
128.984911115,37.900953308,345.870391846
128.984883955,37.899601805,342.914398193
128.984856797,37.898250302,339.611206055
128.984829642,37.896898799,336.767303467
128.984802488,37.895547295,335.037506104
128.984775335,37.894195791,331.601013184
128.984748185,37.892844286,326.831512451
128.984721036,37.891492782,322.771087646
128.984693890,37.890141277,318.976593018
128.984666745,37.888789771,314.815002441
128.984639602,37.887438265,311.742095947
128.984612460,37.886086759,308.420196533
128.984585321,37.884735253,304.568389893
128.984558183,37.883383746,300.417205811
128.984531047,37.882032239,296.847412109
128.984503913,37.880680732,292.824188232
128.984476781,37.879329224,288.735290527
128.984449650,37.877977716,284.519714355
128.984422522,37.876626208,280.557800293
128.984395395,37.875274699,275.282501221
128.984368270,37.873923190,271.240112305
128.984341147,37.872571680,266.828186035
128.984314026,37.871220171,261.643890381
128.984286906,37.869868661,256.046813965
128.984259788,37.868517150,250.901000977
128.984232672,37.867165640,245.619201660
128.984205558,37.865814129,237.737899780
128.984178446,37.864462617,233.651794434
128.984151335,37.863111106,228.556304932
128.984124227,37.861759594,222.956298828
128.984097120,37.860408081,217.632705688
128.984070015,37.859056569,199.158294678
128.984042912,37.857705056,166.275299072
128.984015810,37.856353543,150.338302612
128.983988711,37.855002029,145.847595215
128.983961613,37.853650515,142.854797363
128.983934517,37.852299001,140.430297852
128.983907423,37.850947486,138.671005249
128.983880330,37.849595971,136.907897949
128.983853240,37.848244456,135.297500610
128.983826151,37.846892940,133.725494385
128.983799064,37.845541424,132.077194214
128.983771979,37.844189908,130.574600220
128.983744896,37.842838392,126.896400452
128.983717814,37.841486875,122.450202942
128.983690735,37.840135357,122.409797668
128.983663657,37.838783840,121.369598389
128.983636581,37.837432322,117.790802002
128.983609506,37.836080804,113.235099792
128.983582434,37.834729285,111.038398743
128.983555363,37.833377766,112.691200256
128.983528294,37.832026247,113.017097473
128.983501227,37.830674728,112.425697327
128.983474162,37.829323208,112.241798401
128.983447099,37.827971688,113.199203491
128.983420037,37.826620167,115.371696472
128.983392978,37.825268646,115.862602234
128.983365920,37.823917125,114.562599182
128.983338863,37.822565604,113.046699524
128.983311809,37.821214082,113.837501526
128.983284757,37.819862560,115.034698486
128.983257706,37.818511037,113.097099304
128.983230657,37.817159515,112.245002747
128.983203610,37.815807991,110.945800781
128.983176564,37.814456468,109.357902527
128.983149521,37.813104944,108.404899597
128.983122479,37.811753420,107.540298462
128.983095439,37.810401896,105.697700500
128.983068401,37.809050371,101.525398254
128.983041365,37.807698846,98.792098999
128.983014331,37.806347321,96.389602661
128.982987298,37.804995795,95.517700195
128.982960267,37.803644269,93.611801147
128.982933238,37.802292742,91.381797791
128.982906211,37.800941216,89.839797974
128.982879185,37.799589689,87.394599915
128.982852162,37.798238161,85.153297424
128.982825140,37.796886633,83.374496460
128.982798120,37.795535105,81.329200745
128.982771102,37.794183577,79.474403381
128.982744085,37.792832048,77.328300476
128.982717071,37.791480519,75.017501831
128.982690058,37.790128990,72.828796387
128.982663047,37.788777460,70.670196533
128.982636038,37.787425930,68.437400818
128.982609031,37.786074400,66.221801758
128.982582025,37.784722869,64.475303650
128.982555021,37.783371339,62.684799194
128.982528019,37.782019807,60.890899658
128.982501019,37.780668276,59.158100128
128.982474021,37.779316744,57.313499451
128.982447024,37.777965211,54.893501282
128.982420030,37.776613679,52.801498413
128.982393037,37.775262146,51.043399811
128.982366045,37.773910613,49.509799957
128.982339056,37.772559079,47.433700562
128.982312069,37.771207545,45.875499725
128.982285083,37.769856011,44.794601440
128.982258099,37.768504476,40.874801636
128.982231117,37.767152941,37.552700043
128.982204137,37.765801406,34.847801208
128.982177158,37.764449871,32.559799194
128.982150181,37.763098335,31.743000031
128.982123207,37.761746798,31.616699219
128.982096234,37.760395262,29.262100220
128.982069262,37.759043725,26.642599106
128.982042293,37.757692188,24.149700165
128.982015325,37.756340650,22.247499466
128.981988359,37.754989113,20.317899704
128.981961395,37.753637574,18.602399826
128.981934433,37.752286036,16.735099792
128.981907472,37.750934497,14.638199806
128.981880514,37.749582958,11.610799789
128.981853557,37.748231418,8.571599960
128.981826602,37.746879879,5.255700111
128.981799649,37.745528338,3.375699997
128.988606564,37.999590518,1056.153442383
128.988579240,37.998239040,1039.645385742
128.988551918,37.996887562,993.147216797
128.988524598,37.995536083,950.985595703
128.988497280,37.994184605,914.989685059
128.988469963,37.992833125,898.895629883
128.988442649,37.991481646,892.407287598
128.988415336,37.990130166,863.333679199
128.988388025,37.988778686,833.135620117
128.988360716,37.987427206,811.096191406
128.988333409,37.986075725,791.104125977
128.988306103,37.984724244,773.221984863
128.988278800,37.983372762,763.005981445
128.988251498,37.982021281,752.927490234
128.988224198,37.980669798,744.484924316
128.988196900,37.979318316,734.540100098
128.988169603,37.977966833,718.347106934
128.988142309,37.976615350,705.073791504
128.988115016,37.975263867,698.687316895
128.988087725,37.973912383,687.674316406
128.988060436,37.972560899,673.807312012
128.988033149,37.971209415,666.202270508
128.988005864,37.969857930,661.079101563
128.987978580,37.968506445,654.537719727
128.987951299,37.967154959,646.971984863
128.987924019,37.965803474,639.859924316
128.987896741,37.964451988,632.389099121
128.987869464,37.963100501,624.848388672
128.987842190,37.961749015,617.083801270
128.987814917,37.960397528,607.420776367
128.987787647,37.959046040,596.681030273
128.987760378,37.957694553,587.288818359
128.987733110,37.956343065,577.241577148
128.987705845,37.954991576,564.875427246
128.987678582,37.953640088,553.007507324
128.987651320,37.952288599,542.327697754
128.987624060,37.950937109,532.922119141
128.987596802,37.949585620,524.948913574
128.987569546,37.948234130,516.557983398
128.987542292,37.946882639,511.109100342
128.987515039,37.945531149,504.490692139
128.987487788,37.944179658,497.601287842
128.987460540,37.942828167,490.674591064
128.987433292,37.941476675,484.235504150
128.987406047,37.940125183,478.043609619
128.987378804,37.938773691,471.463806152
128.987351562,37.937422198,465.351104736
128.987324322,37.936070705,459.611114502
128.987297084,37.934719212,453.662200928
128.987269848,37.933367718,447.735504150
128.987242614,37.932016225,440.842498779
128.987215382,37.930664730,434.963104248
128.987188151,37.929313236,429.977600098
128.987160922,37.927961741,424.930603027
128.987133695,37.926610246,421.005706787
128.987106470,37.925258750,416.626098633
128.987079246,37.923907254,413.077697754
128.987052025,37.922555758,409.837493896
128.987024805,37.921204262,406.139495850
128.986997587,37.919852765,401.697113037
128.986970371,37.918501268,397.083496094
128.986943157,37.917149770,392.732696533
128.986915944,37.915798272,389.525695801
128.986888734,37.914446774,386.350891113
128.986861525,37.913095276,382.454101563
128.986834318,37.911743777,379.249298096
128.986807113,37.910392278,376.303894043
128.986779909,37.909040778,373.515014648
128.986752708,37.907689278,369.722808838
128.986725508,37.906337778,366.511199951
128.986698310,37.904986278,363.045196533
128.986671114,37.903634777,358.685394287
128.986643920,37.902283276,354.252197266
128.986616727,37.900931774,350.178192139
128.986589537,37.899580273,346.263214111
128.986562348,37.898228771,344.335296631
128.986535161,37.896877268,343.126586914
128.986507976,37.895525765,340.059112549
128.986480792,37.894174262,336.032104492
128.986453611,37.892822759,331.210296631
128.986426431,37.891471255,327.183197021
128.986399253,37.890119751,323.313293457
128.986372077,37.888768247,319.548309326
128.986344903,37.887416742,316.350494385
128.986317730,37.886065237,312.711791992
128.986290560,37.884713732,309.064086914
128.986263391,37.883362226,305.478088379
128.986236224,37.882010720,301.412811279
128.986209058,37.880659213,297.207885742
128.986181895,37.879307707,292.558288574
128.986154734,37.877956200,289.412994385
128.986127574,37.876604692,284.770507813
128.986100416,37.875253185,280.601806641
128.986073260,37.873901677,276.431884766
128.986046105,37.872550168,271.915191650
128.986018953,37.871198660,267.302703857
128.985991802,37.869847151,261.540985107
128.985964653,37.868495642,256.591400146
128.985937506,37.867144132,251.824005127
128.985910361,37.865792622,246.477203369
128.985883218,37.864441112,240.093093872
128.985856076,37.863089601,234.427902222
128.985828936,37.861738090,230.147399902
128.985801798,37.860386579,224.929992676
128.985774662,37.859035067,219.537506104
128.985747528,37.857683555,200.160095215
128.985720395,37.856332043,168.560592651
128.985693265,37.854980530,152.091003418
128.985666136,37.853629018,146.114807129
128.985639009,37.852277504,142.804992676
128.985611884,37.850925991,140.374404907
128.985584760,37.849574477,138.886703491
128.985557638,37.848222963,137.126007080
128.985530519,37.846871448,135.495407104
128.985503401,37.845519933,134.055603027
128.985476284,37.844168418,131.685806274
128.985449170,37.842816903,130.188705444
128.985422057,37.841465387,130.846206665
128.985394947,37.840113870,130.384292603
128.985367838,37.838762354,126.240699768
128.985340731,37.837410837,120.158798218
128.985313625,37.836059320,115.421302795
128.985286522,37.834707802,114.170196533
128.985259420,37.833356285,116.417503357
128.985232320,37.832004767,117.200401306
128.985205222,37.830653248,116.626098633
128.985178126,37.829301729,116.232299805
128.985151031,37.827950210,116.667098999
128.985123939,37.826598691,119.382797241
128.985096848,37.825247171,118.426498413
128.985069759,37.823895651,116.736900330
128.985042672,37.822544130,115.453598022
128.985015586,37.821192610,115.747703552
128.984988503,37.819841088,117.414802551
128.984961421,37.818489567,116.486801147
128.984934341,37.817138045,114.285400391
128.984907263,37.815786523,112.725898743
128.984880187,37.814435001,111.441398621
128.984853112,37.813083478,110.390403748
128.984826039,37.811731955,108.637199402
128.984798968,37.810380432,107.540199280
128.984771899,37.809028908,105.600700378
128.984744832,37.807677384,102.772499084
128.984717767,37.806325859,99.238403320
128.984690703,37.804974335,97.108596802
128.984663641,37.803622810,95.699302673
128.984636581,37.802271284,93.588203430
128.984609523,37.800919759,91.748397827
128.984582466,37.799568233,89.760597229
128.984555412,37.798216706,87.528800964
128.984528359,37.796865180,86.107002258
128.984501308,37.795513653,84.007301331
128.984474259,37.794162125,81.626502991
128.984447211,37.792810598,79.431098938
128.984420166,37.791459070,77.196197510
128.984393122,37.790107542,75.176300049
128.984366080,37.788756013,73.093803406
128.984339040,37.787404484,70.580802917
128.984312001,37.786052955,68.409599304
128.984284965,37.784701425,66.320098877
128.984257930,37.783349895,64.410003662
128.984230897,37.781998365,62.394100189
128.984203866,37.780646834,60.726501465
128.984176837,37.779295303,59.786499023
128.984149809,37.777943772,57.486301422
128.984122783,37.776592241,55.506999969
128.984095760,37.775240709,53.001201630
128.984068737,37.773889176,51.290699005
128.984041717,37.772537644,49.523498535
128.984014699,37.771186111,48.324699402
128.983987682,37.769834578,46.867099762
128.983960667,37.768483044,43.602401733
128.983933654,37.767131510,40.201301575
128.983906643,37.765779976,38.285701752
128.983879633,37.764428442,36.724700928
128.983852626,37.763076907,35.517700195
128.983825620,37.761725372,33.792098999
128.983798616,37.760373836,31.712799072
128.983771614,37.759022300,28.806699753
128.983744613,37.757670764,26.156499863
128.983717615,37.756319228,24.193599701
128.983690618,37.754967691,22.385999680
128.983663623,37.753616154,20.419399261
128.983636629,37.752264616,18.654800415
128.983609638,37.750913079,16.774799347
128.983582648,37.749561540,14.351300240
128.983555661,37.748210002,11.609100342
128.983528675,37.746858463,8.207799911
128.983501690,37.745506924,5.296400070
128.983474708,37.744155385,3.913199902
128.990314455,37.999568883,1034.423828125
128.990287100,37.998217406,1008.762512207
128.990259747,37.996865929,984.174926758
128.990232396,37.995514452,962.421325684
128.990205046,37.994162974,940.159179688
128.990177698,37.992811496,932.348083496
128.990150353,37.991460018,903.834777832
128.990123009,37.990108539,867.698913574
128.990095666,37.988757060,839.450805664
128.990068326,37.987405580,818.062072754
128.990040987,37.986054101,797.797424316
128.990013651,37.984702621,783.612915039
128.989986316,37.983351140,773.968627930
128.989958983,37.981999659,765.195983887
128.989931651,37.980648178,752.834411621
128.989904322,37.979296697,739.086486816
128.989876994,37.977945215,727.261230469
128.989849668,37.976593733,717.288085938
128.989822344,37.975242251,707.065612793
128.989795022,37.973890768,693.236877441
128.989767702,37.972539285,684.882385254
128.989740384,37.971187802,675.276428223
128.989713067,37.969836318,667.729675293
128.989685752,37.968484834,661.185119629
128.989658439,37.967133350,655.366394043
128.989631128,37.965781865,649.034118652
128.989603819,37.964430380,642.319580078
128.989576511,37.963078895,635.431518555
128.989549205,37.961727409,627.859985352
128.989521902,37.960375923,619.075927734
128.989494600,37.959024437,611.111816406
128.989467299,37.957672950,602.147888184
128.989440001,37.956321463,588.725219727
128.989412704,37.954969976,573.749511719
128.989385410,37.953618488,560.369812012
128.989358117,37.952267001,550.440002441
128.989330826,37.950915512,541.306518555
128.989303536,37.949564024,533.487121582
128.989276249,37.948212535,525.141174316
128.989248963,37.946861045,518.992492676
128.989221680,37.945509556,511.644195557
128.989194398,37.944158066,504.800415039
128.989167118,37.942806576,498.067413330
128.989139839,37.941455085,492.096801758
128.989112563,37.940103594,485.065612793
128.989085288,37.938752103,478.168792725
128.989058015,37.937400612,471.095611572
128.989030744,37.936049120,465.297912598
128.989003475,37.934697627,459.407287598
128.988976208,37.933346135,452.023284912
128.988948942,37.931994642,445.618988037
128.988921679,37.930643149,440.169311523
128.988894417,37.929291655,435.703186035
128.988867157,37.927940162,431.235687256
128.988839898,37.926588667,425.349914551
128.988812642,37.925237173,422.133209229
128.988785387,37.923885678,419.316711426
128.988758135,37.922534183,416.265686035
128.988730884,37.921182687,411.590301514
128.988703635,37.919831192,406.100006104
128.988676387,37.918479695,401.854614258
128.988649142,37.917128199,398.949493408
128.988621898,37.915776702,395.219787598
128.988594656,37.914425205,391.257293701
128.988567416,37.913073708,387.812286377
128.988540178,37.911722210,384.031005859
128.988512942,37.910370712,381.630889893
128.988485707,37.909019213,378.474212646
128.988458474,37.907667715,375.416992188
128.988431243,37.906316215,371.277893066
128.988404014,37.904964716,367.434112549
128.988376787,37.903613216,361.927886963
128.988349562,37.902261716,358.123413086
128.988322338,37.900910216,355.053894043
128.988295116,37.899558715,351.951904297
128.988267896,37.898207214,350.080688477
128.988240678,37.896855713,347.481414795
128.988213462,37.895504211,344.462799072
128.988186247,37.894152709,340.711212158
128.988159034,37.892801207,337.170898438
128.988131824,37.891449704,332.965606689
128.988104615,37.890098201,328.621612549
128.988077407,37.888746698,324.476806641
128.988050202,37.887395194,321.164611816
128.988022998,37.886043690,317.368194580
128.987995796,37.884692186,314.398803711
128.987968596,37.883340681,310.615814209
128.987941398,37.881989176,305.926086426
128.987914202,37.880637671,301.307708740
128.987887007,37.879286165,296.670593262
128.987859815,37.877934659,293.683197021
128.987832624,37.876583153,290.045501709
128.987805435,37.875231646,286.080413818
128.987778248,37.873880139,281.504486084
128.987751062,37.872528632,276.947601318
128.987723879,37.871177124,272.642486572
128.987696697,37.869825616,267.119110107
128.987669517,37.868474108,262.653686523
128.987642339,37.867122599,256.900604248
128.987615162,37.865771091,252.370697021
128.987587988,37.864419581,247.337600708
128.987560815,37.863068072,241.767898560
128.987533644,37.861716562,236.611297607
128.987506475,37.860365052,231.321792603
128.987479308,37.859013541,226.427795410
128.987452142,37.857662030,220.238098145
128.987424979,37.856310519,205.066894531
128.987397817,37.854959007,181.190399170
128.987370657,37.853607496,155.973205566
128.987343499,37.852255983,146.415298462
128.987316343,37.850904471,143.102905273
128.987289188,37.849552958,140.829193115
128.987262035,37.848201445,138.899505615
128.987234884,37.846849931,137.378204346
128.987207735,37.845498417,135.684997559
128.987180588,37.844146903,134.128692627
128.987153443,37.842795389,134.174301147
128.987126299,37.841443874,134.433303833
128.987099157,37.840092359,132.635803223
128.987072017,37.838740843,129.230102539
128.987044879,37.837389328,124.156600952
128.987017742,37.836037811,120.546501160
128.986990608,37.834686295,119.455703735
128.986963475,37.833334778,120.127700806
128.986936344,37.831983261,121.649497986
128.986909215,37.830631744,120.894897461
128.986882088,37.829280226,120.039199829
128.986854962,37.827928708,121.120597839
128.986827838,37.826577189,123.148200989
128.986800717,37.825225671,123.092903137
128.986773597,37.823874152,120.841003418
128.986746478,37.822522632,119.115196228
128.986719362,37.821171112,118.673896790
128.986692247,37.819819592,119.702003479
128.986665134,37.818468072,118.582603455
128.986638023,37.817116551,115.982398987
128.986610914,37.815765030,114.523399353
128.986583807,37.814413509,113.104301453
128.986556701,37.813061987,111.481002808
128.986529597,37.811710465,109.934898376
128.986502496,37.810358943,109.064399719
128.986475395,37.809007420,108.051200867
128.986448297,37.807655897,105.604103088
128.986421201,37.806304374,103.377098083
128.986394106,37.804952850,100.849197388
128.986367013,37.803601326,97.068099976
128.986339922,37.802249802,95.617301941
128.986312833,37.800898277,93.897903442
128.986285745,37.799546752,91.874900818
128.986258660,37.798195227,89.833801270
128.986231576,37.796843701,87.713699341
128.986204494,37.795492175,85.772399902
128.986177414,37.794140649,83.760902405
128.986150335,37.792789123,81.609497070
128.986123259,37.791437596,79.419601440
128.986096184,37.790086068,77.181297302
128.986069111,37.788734541,74.944702148
128.986042040,37.787383013,72.814796448
128.986014970,37.786031485,70.584701538
128.985987903,37.784679956,68.230201721
128.985960837,37.783328427,66.302200317
128.985933773,37.781976898,64.375503540
128.985906711,37.780625368,62.596900940
128.985879651,37.779273839,60.981098175
128.985852592,37.777922308,59.368499756
128.985825535,37.776570778,57.678398132
128.985798481,37.775219247,53.490600586
128.985771428,37.773867716,52.876201630
128.985744376,37.772516184,51.228298187
128.985717327,37.771164652,49.589000702
128.985690279,37.769813120,47.971000671
128.985663233,37.768461588,45.814601898
128.985636189,37.767110055,43.597099304
128.985609147,37.765758522,41.001098633
128.985582107,37.764406988,38.154399872
128.985555068,37.763055454,36.174198151
128.985528031,37.761703920,35.429698944
128.985500996,37.760352386,33.243400574
128.985473963,37.759000851,30.701900482
128.985446932,37.757649316,28.242099762
128.985419902,37.756297781,26.151500702
128.985392874,37.754946245,24.229600906
128.985365848,37.753594709,22.291599274
128.985338824,37.752243172,20.495800018
128.985311802,37.750891636,18.735900879
128.985284781,37.749540098,16.430999756
128.985257763,37.748188561,14.134900093
128.985230746,37.746837023,11.452799797
128.985203731,37.745485485,7.497799873
128.985176717,37.744133947,4.520699978
128.992022345,37.999547224,1030.664672852
128.991994959,37.998195748,1013.882385254
128.991967574,37.996844272,1017.017700195
128.991940192,37.995492795,1018.274414063
128.991912811,37.994141319,980.573730469
128.991885432,37.992789842,939.266418457
128.991858055,37.991438364,903.452026367
128.991830679,37.990086887,874.027526855
128.991803306,37.988735409,854.205017090
128.991775934,37.987383930,831.453002930
128.991748564,37.986032452,812.572570801
128.991721196,37.984680972,799.734313965
128.991693830,37.983329493,786.872314453
128.991666465,37.981978013,773.685974121
128.991639103,37.980626533,758.315307617
128.991611742,37.979275053,743.570678711
128.991584383,37.977923572,732.922912598
128.991557026,37.976572091,726.522216797
128.991529671,37.975220610,714.297912598
128.991502318,37.973869129,704.051818848
128.991474966,37.972517647,695.554687500
128.991447616,37.971166164,687.137329102
128.991420268,37.969814682,678.440185547
128.991392922,37.968463199,670.411071777
128.991365578,37.967111715,663.711791992
128.991338236,37.965760232,657.258972168
128.991310895,37.964408748,651.077209473
128.991283556,37.963057264,644.876525879
128.991256219,37.961705779,639.237792969
128.991228884,37.960354294,630.920471191
128.991201551,37.959002809,623.325927734
128.991174219,37.957651323,612.180297852
128.991146890,37.956299837,594.531372070
128.991119562,37.954948351,580.060180664
128.991092236,37.953596864,568.840881348
128.991064912,37.952245378,558.812500000
128.991037589,37.950893890,549.147583008
128.991010269,37.949542403,540.294982910
128.990982950,37.948190915,532.567077637
128.990955633,37.946839427,526.325927734
128.990928318,37.945487938,519.858215332
128.990901005,37.944136449,513.509399414
128.990873694,37.942784960,506.376098633
128.990846384,37.941433471,498.732788086
128.990819077,37.940081981,492.941711426
128.990791771,37.938730491,486.119384766
128.990764467,37.937379000,478.322387695
128.990737164,37.936027509,471.980712891
128.990709864,37.934676018,465.516510010
128.990682565,37.933324527,458.755310059
128.990655269,37.931973035,452.204589844
128.990627974,37.930621543,446.221984863
128.990600681,37.929270050,441.207885742
128.990573389,37.927918557,435.960296631
128.990546100,37.926567064,431.450988770
128.990518812,37.925215571,428.246490479
128.990491527,37.923864077,425.131011963
128.990464243,37.922512583,421.528503418
128.990436960,37.921161089,415.571807861
128.990409680,37.919809594,410.183898926
128.990382402,37.918458099,406.877502441
128.990355125,37.917106603,403.082702637
128.990327850,37.915755107,399.970001221
128.990300577,37.914403611,396.464813232
128.990273306,37.913052115,392.704406738
128.990246036,37.911700618,388.909210205
128.990218769,37.910349121,386.774108887
128.990191503,37.908997624,383.395385742
128.990164239,37.907646126,379.108886719
128.990136977,37.906294628,376.075012207
128.990109717,37.904943130,370.182495117
128.990082458,37.903591631,365.279785156
128.990055202,37.902240132,363.346496582
128.990027947,37.900888633,359.289215088
128.990000694,37.899537133,356.631805420
128.989973443,37.898185633,353.874786377
128.989946194,37.896834133,351.205810547
128.989918946,37.895482632,348.852691650
128.989891700,37.894131131,345.615509033
128.989864457,37.892779630,342.135589600
128.989837214,37.891428128,338.108398438
128.989809974,37.890076626,333.714599609
128.989782736,37.888725124,328.839904785
128.989755499,37.887373621,326.359802246
128.989728265,37.886022118,323.726287842
128.989701032,37.884670615,320.436401367
128.989673800,37.883319111,316.329010010
128.989646571,37.881967607,310.946807861
128.989619344,37.880616103,305.853607178
128.989592118,37.879264598,301.638885498
128.989564894,37.877913093,298.069610596
128.989537672,37.876561588,294.386108398
128.989510452,37.875210083,290.261810303
128.989483234,37.873858577,285.843505859
128.989456017,37.872507070,281.892089844
128.989428802,37.871155564,275.599487305
128.989401589,37.869804057,271.888092041
128.989374378,37.868452550,267.410186768
128.989347169,37.867101042,263.103485107
128.989319962,37.865749534,259.098907471
128.989292756,37.864398026,253.775497437
128.989265552,37.863046518,246.094696045
128.989238350,37.861695009,242.420196533
128.989211150,37.860343500,238.042999268
128.989183952,37.858991990,233.672698975
128.989156755,37.857640480,228.002105713
128.989129560,37.856288970,222.301696777
128.989102368,37.854937460,212.176803589
128.989075176,37.853585949,184.304992676
128.989047987,37.852234438,156.388305664
128.989020800,37.850882926,146.557907104
128.988993614,37.849531414,143.528106689
128.988966430,37.848179902,141.158798218
128.988939248,37.846828390,139.156997681
128.988912068,37.845476877,137.507995605
128.988884890,37.844125364,136.104797363
128.988857713,37.842773850,135.278793335
128.988830538,37.841422337,134.771606445
128.988803366,37.840070823,132.949203491
128.988776194,37.838719308,130.792495728
128.988749025,37.837367793,127.872100830
128.988721858,37.836016278,125.164802551
128.988694692,37.834664763,121.824996948
128.988667528,37.833313247,122.968101501
128.988640366,37.831961731,125.266502380
128.988613206,37.830610215,125.557098389
128.988586048,37.829258698,124.785301208
128.988558891,37.827907181,125.803398132
128.988531736,37.826555663,125.768302917
128.988504583,37.825204146,125.563400269
128.988477432,37.823852628,124.033203125
128.988450283,37.822501109,120.868400574
128.988423135,37.821149591,121.652801514
128.988395990,37.819798072,121.649200439
128.988368846,37.818446552,120.836303711
128.988341704,37.817095033,117.902496338
128.988314564,37.815743513,116.129402161
128.988287425,37.814391992,114.651397705
128.988260289,37.813040472,113.266799927
128.988233154,37.811688951,111.739402771
128.988206021,37.810337429,109.782096863
128.988178890,37.808985908,108.871597290
128.988151760,37.807634386,108.222702026
128.988124633,37.806282864,106.448402405
128.988097507,37.804931341,100.235496521
128.988070383,37.803579818,99.625503540
128.988043261,37.802228295,96.804298401
128.988016141,37.800876771,95.445800781
128.987989022,37.799525247,93.779602051
128.987961906,37.798173723,91.654197693
128.987934791,37.796822198,89.607200623
128.987907678,37.795470673,87.534797668
128.987880567,37.794119148,85.173301697
128.987853457,37.792767623,83.703399658
128.987826350,37.791416097,81.901199341
128.987799244,37.790064571,79.521797180
128.987772140,37.788713044,77.301300049
128.987745038,37.787361517,74.925697327
128.987717937,37.786009990,72.801498413
128.987690839,37.784658462,70.593696594
128.987663742,37.783306935,68.624702454
128.987636647,37.781955406,65.808502197
128.987609554,37.780603878,64.309997559
128.987582463,37.779252349,62.790401459
128.987555373,37.777900820,61.236698151
128.987528286,37.776549290,60.111999512
128.987501200,37.775197761,55.446601868
128.987474116,37.773846230,54.093498230
128.987447034,37.772494700,53.012199402
128.987419953,37.771143169,51.094100952
128.987392875,37.769791638,48.691699982
128.987365798,37.768440107,46.601600647
128.987338723,37.767088575,44.416999817
128.987311650,37.765737043,41.059101105
128.987284578,37.764385510,38.945201874
128.987257509,37.763033977,38.039699554
128.987230441,37.761682444,37.308700562
128.987203375,37.760330911,35.883399963
128.987176311,37.758979377,33.045299530
128.987149249,37.757627843,30.574499130
128.987122188,37.756276309,28.451700211
128.987095129,37.754924774,26.455299377
128.987068072,37.753573239,24.399599075
128.987041017,37.752221704,22.587299347
128.987013964,37.750870168,20.657699585
128.986986913,37.749518632,18.763799667
128.986959863,37.748167095,16.650499344
128.986932815,37.746815559,14.289699554
128.986905769,37.745464022,11.314200401
128.986878725,37.744112484,7.423900127
128.986851682,37.742760947,2.938699961
128.986824642,37.741409409,1.774799943
128.993730233,37.999525539,1040.193969727
128.993702816,37.998174065,1031.399536133
128.993675400,37.996822590,1044.543212891
128.993647986,37.995471114,1040.792480469
128.993620574,37.994119639,990.648986816
128.993593163,37.992768163,957.736877441
128.993565755,37.991416686,923.285522461
128.993538348,37.990065210,889.615600586
128.993510943,37.988713733,873.765075684
128.993483540,37.987362255,859.119628906
128.993456139,37.986010778,836.327209473
128.993428740,37.984659300,813.903015137
128.993401342,37.983307821,797.797485352
128.993373947,37.981956343,783.988525391
128.993346553,37.980604864,770.398986816
128.993319161,37.979253385,755.240783691
128.993291770,37.977901905,742.863891602
128.993264382,37.976550425,732.516784668
128.993236996,37.975198945,723.593505859
128.993209611,37.973847464,714.779785156
128.993182228,37.972495983,705.219787598
128.993154847,37.971144502,696.113525391
128.993127468,37.969793020,686.127380371
128.993100090,37.968441538,677.461486816
128.993072715,37.967090056,671.216674805
128.993045341,37.965738574,664.814514160
128.993017969,37.964387091,659.771789551
128.992990599,37.963035608,654.145202637
128.992963231,37.961684124,648.556030273
128.992935865,37.960332640,640.958374023
128.992908500,37.958981156,631.828308105
128.992881137,37.957629671,620.099914551
128.992853777,37.956278186,604.529602051
128.992826417,37.954926701,589.782592773
128.992799060,37.953575216,578.607177734
128.992771705,37.952223730,567.944519043
128.992744351,37.950872244,558.719909668
128.992717000,37.949520757,549.834228516
128.992689650,37.948169270,541.378601074
128.992662302,37.946817783,533.903991699
128.992634955,37.945466296,527.790100098
128.992607611,37.944114808,521.774902344
128.992580268,37.942763320,514.454772949
128.992552928,37.941411831,507.911102295
128.992525589,37.940060343,501.853912354
128.992498251,37.938708853,494.462707520
128.992470916,37.937357364,485.263793945
128.992443583,37.936005874,479.731994629
128.992416251,37.934654384,472.733612061
128.992388921,37.933302894,464.872985840
128.992361593,37.931951403,458.015197754
128.992334267,37.930599912,452.289306641
128.992306943,37.929248420,446.882598877
128.992279620,37.927896929,441.822906494
128.992252300,37.926545436,438.098693848
128.992224981,37.925193944,434.290405273
128.992197664,37.923842451,430.264404297
128.992170349,37.922490958,425.741485596
128.992143035,37.921139465,420.365203857
128.992115724,37.919787971,415.934509277
128.992088414,37.918436477,412.391693115
128.992061106,37.917084983,408.471008301
128.992033800,37.915733488,405.190490723
128.992006496,37.914381993,401.760192871
128.991979194,37.913030498,398.174194336
128.991951893,37.911679002,396.340698242
128.991924594,37.910327506,393.841308594
128.991897297,37.908976010,389.537292480
128.991870002,37.907624513,385.903686523
128.991842709,37.906273016,381.773986816
128.991815418,37.904921519,375.663787842
128.991788128,37.903570021,370.980407715
128.991760840,37.902218523,367.151397705
128.991733554,37.900867025,364.614898682
128.991706270,37.899515526,361.971496582
128.991678988,37.898164027,358.897186279
128.991651707,37.896812528,356.155303955
128.991624429,37.895461028,352.975006104
128.991597152,37.894109528,350.300506592
128.991569877,37.892758028,346.569488525
128.991542604,37.891406527,341.509887695
128.991515332,37.890055026,336.449401855
128.991488063,37.888703525,333.084197998
128.991460795,37.887352024,331.526092529
128.991433529,37.886000522,328.871704102
128.991406265,37.884649019,325.077514648
128.991379003,37.883297517,319.169097900
128.991351742,37.881946014,314.228698730
128.991324484,37.880594511,311.085998535
128.991297227,37.879243007,307.193389893
128.991269972,37.877891503,303.273986816
128.991242719,37.876539999,299.274414063
128.991215467,37.875188495,295.176513672
128.991188218,37.873836990,290.882293701
128.991160970,37.872485484,286.650390625
128.991133724,37.871133979,282.461791992
128.991106480,37.869782473,277.016204834
128.991079238,37.868430967,272.184906006
128.991051998,37.867079460,267.904510498
128.991024759,37.865727954,264.185485840
128.990997522,37.864376446,259.385314941
128.990970287,37.863024939,254.175201416
128.990943054,37.861673431,249.288101196
128.990915823,37.860321923,244.376602173
128.990888594,37.858970415,239.996200562
128.990861366,37.857618906,234.432205200
128.990834140,37.856267397,230.234802246
128.990806916,37.854915887,225.070098877
128.990779694,37.853564377,213.491195679
128.990752474,37.852212867,181.007705688
128.990725255,37.850861357,154.838104248
128.990698038,37.849509846,146.360900879
128.990670823,37.848158335,143.354904175
128.990643610,37.846806824,141.002593994
128.990616399,37.845455312,139.078704834
128.990589190,37.844103800,137.749694824
128.990561982,37.842752287,136.523895264
128.990534776,37.841400775,135.446594238
128.990507572,37.840049262,133.164306641
128.990480370,37.838697748,130.009902954
128.990453170,37.837346234,128.573898315
128.990425971,37.835994720,127.606101990
128.990398774,37.834643206,126.417198181
128.990371580,37.833291691,125.413299561
128.990344387,37.831940176,123.982803345
128.990317195,37.830588661,126.868202209
128.990290006,37.829237145,129.483306885
128.990262818,37.827885629,128.798599243
128.990235632,37.826534113,128.335494995
128.990208448,37.825182596,128.140197754
128.990181266,37.823831079,126.904502869
128.990154086,37.822479562,125.797698975
128.990126907,37.821128044,125.140899658
128.990099731,37.819776526,123.299896240
128.990072556,37.818425008,122.440002441
128.990045383,37.817073489,121.275596619
128.990018211,37.815721971,118.127601624
128.989991042,37.814370451,116.204299927
128.989963874,37.813018932,114.847702026
128.989936708,37.811667412,113.289802551
128.989909544,37.810315891,111.625099182
128.989882382,37.808964371,109.978103638
128.989855222,37.807612850,109.094497681
128.989828063,37.806261329,107.945396423
128.989800907,37.804909807,98.787002563
128.989773752,37.803558285,101.589103699
128.989746599,37.802206763,100.632499695
128.989719447,37.800855240,97.466400146
128.989692298,37.799503718,95.761802673
128.989665150,37.798152194,93.597396851
128.989638004,37.796800671,91.757102966
128.989610860,37.795449147,89.525001526
128.989583718,37.794097623,87.138702393
128.989556578,37.792746098,85.617996216
128.989529439,37.791394573,84.162498474
128.989502302,37.790043048,81.106697083
128.989475167,37.788691523,78.541801453
128.989448034,37.787339997,76.796096802
128.989420903,37.785988471,74.423896790
128.989393773,37.784636944,72.202499390
128.989366646,37.783285417,70.276000977
128.989339520,37.781933890,68.230598450
128.989312396,37.780582363,66.501899719
128.989285273,37.779230835,64.635498047
128.989258153,37.777879307,63.329101563
128.989231034,37.776527778,62.174198151
128.989203917,37.775176250,57.467700958
128.989176802,37.773824721,54.346199036
128.989149689,37.772473191,53.593498230
128.989122578,37.771121661,52.783699036
128.989095468,37.769770131,51.656101227
128.989068360,37.768418601,48.595901489
128.989041254,37.767067070,45.353298187
128.989014150,37.765715539,43.710700989
128.988987048,37.764364008,41.435199738
128.988959947,37.763012476,39.926601410
128.988932849,37.761660944,38.645801544
128.988905752,37.760309411,37.476600647
128.988878657,37.758957879,35.528800964
128.988851563,37.757606346,32.760398865
128.988824472,37.756254812,30.870599747
128.988797382,37.754903279,28.874200821
128.988770294,37.753551745,26.842399597
128.988743208,37.752200210,24.778099060
128.988716124,37.750848676,22.855899811
128.988689042,37.749497141,20.878700256
128.988661961,37.748145605,19.085100174
128.988634882,37.746794070,17.082599640
128.988607805,37.745442534,14.307800293
128.988580730,37.744090997,10.962499619
128.988553657,37.742739461,6.943399906
128.988526585,37.741387924,5.487199783
128.988499516,37.740036387,2.349999905
128.995438120,37.999503830,1052.741577148
128.995410671,37.998152357,1047.225219727
128.995383223,37.996800883,1029.969116211
128.995355778,37.995449408,1015.885070801
128.995328335,37.994097934,1007.498413086
128.995300893,37.992746459,973.728027344
128.995273453,37.991394983,939.946472168
128.995246015,37.990043508,908.589172363
128.995218579,37.988692032,891.464172363
128.995191145,37.987340556,874.384704590
128.995163712,37.985989079,852.367187500
128.995136282,37.984637602,827.370483398
128.995108853,37.983286125,811.280822754
128.995081426,37.981934647,798.362792969
128.995054001,37.980583169,780.726989746
128.995026577,37.979231691,764.204711914
128.994999156,37.977880213,752.519104004
128.994971736,37.976528734,743.240722656
128.994944318,37.975177254,734.666015625
128.994916902,37.973825775,725.197814941
128.994889488,37.972474295,716.625122070
128.994862076,37.971122815,705.857421875
128.994834665,37.969771334,696.358093262
128.994807257,37.968419853,687.378479004
128.994779850,37.967068372,681.372375488
128.994752445,37.965716891,675.649902344
128.994725042,37.964365409,669.128479004
128.994697641,37.963013927,663.524780273
128.994670241,37.961662444,657.937988281
128.994642844,37.960310961,650.208374023
128.994615448,37.958959478,641.935424805
128.994588054,37.957607995,632.002319336
128.994560662,37.956256511,618.580871582
128.994533271,37.954905027,601.138977051
128.994505883,37.953553542,588.026611328
128.994478496,37.952202057,577.432312012
128.994451111,37.950850572,568.772827148
128.994423728,37.949499087,558.455200195
128.994396347,37.948147601,550.007812500
128.994368968,37.946796115,543.749877930
128.994341590,37.945444629,537.419006348
128.994314215,37.944093142,531.069396973
128.994286841,37.942741655,525.055419922
128.994259469,37.941390167,518.475219727
128.994232099,37.940038680,511.857604980
128.994204730,37.938687191,502.924011230
128.994177364,37.937335703,494.895385742
128.994149999,37.935984214,488.016510010
128.994122636,37.934632725,480.505798340
128.994095275,37.933281236,472.693603516
128.994067916,37.931929746,465.354187012
128.994040559,37.930578256,458.324798584
128.994013203,37.929226766,452.034210205
128.993985850,37.927875275,447.247192383
128.993958498,37.926523784,443.453399658
128.993931148,37.925172293,440.050811768
128.993903799,37.923820801,434.525604248
128.993876453,37.922469309,429.499786377
128.993849109,37.921117817,424.702087402
128.993821766,37.919766324,420.878997803
128.993794425,37.918414831,418.172485352
128.993767086,37.917063338,413.979187012
128.993739749,37.915711844,410.179809570
128.993712413,37.914360350,406.423706055
128.993685080,37.913008856,403.471893311
128.993657748,37.911657361,401.375091553
128.993630418,37.910305866,398.087310791
128.993603090,37.908954371,394.777099609
128.993575764,37.907602875,392.675506592
128.993548439,37.906251379,386.404785156
128.993521116,37.904899883,381.186309814
128.993493796,37.903548386,376.263000488
128.993466477,37.902196889,372.940490723
128.993439160,37.900845392,369.362304688
128.993411844,37.899493894,366.457794189
128.993384531,37.898142397,363.670410156
128.993357219,37.896790898,360.991302490
128.993329909,37.895439400,358.106597900
128.993302601,37.894087901,354.779602051
128.993275295,37.892736402,349.764312744
128.993247991,37.891384902,345.425201416
128.993220688,37.890033402,341.264709473
128.993193388,37.888681902,338.248107910
128.993166089,37.887330401,336.788787842
128.993138792,37.885978901,333.470794678
128.993111496,37.884627399,329.395507813
128.993084203,37.883275898,324.484191895
128.993056911,37.881924396,319.606597900
128.993029622,37.880572894,315.639007568
128.993002334,37.879221391,310.961914063
128.992975048,37.877869888,307.080200195
128.992947763,37.876518385,303.916687012
128.992920481,37.875166882,299.846893311
128.992893200,37.873815378,295.315887451
128.992865922,37.872463874,290.894104004
128.992838645,37.871112369,286.351989746
128.992811369,37.869760865,282.200408936
128.992784096,37.868409359,277.805206299
128.992756825,37.867057854,273.032012939
128.992729555,37.865706348,269.354187012
128.992702287,37.864354842,264.097412109
128.992675021,37.863003336,259.098907471
128.992647757,37.861651829,253.748001099
128.992620494,37.860300322,250.877502441
128.992593234,37.858948814,244.553695679
128.992565975,37.857597307,240.351699829
128.992538718,37.856245798,234.851303101
128.992511463,37.854894290,230.530700684
128.992484210,37.853542781,226.076202393
128.992456958,37.852191272,211.292800903
128.992429709,37.850839763,177.706298828
128.992402461,37.849488253,154.694305420
128.992375215,37.848136743,146.650299072
128.992347971,37.846785233,143.256500244
128.992320728,37.845433722,141.186492920
128.992293488,37.844082211,139.401901245
128.992266249,37.842730700,137.937500000
128.992239012,37.841379188,136.574096680
128.992211777,37.840027676,134.412796021
128.992184544,37.838676164,131.168197632
128.992157312,37.837324651,128.556106567
128.992130083,37.835973138,129.990097046
128.992102855,37.834621625,128.707199097
128.992075629,37.833270111,127.905799866
128.992048405,37.831918597,129.343200684
128.992021183,37.830567083,132.068695068
128.991993962,37.829215568,132.849304199
128.991966743,37.827864053,131.693695068
128.991939527,37.826512538,130.688400269
128.991912312,37.825161022,129.769699097
128.991885098,37.823809506,128.482803345
128.991857887,37.822457990,127.189796448
128.991830677,37.821106473,126.547897339
128.991803470,37.819754956,125.174301147
128.991776264,37.818403439,122.973602295
128.991749060,37.817051922,121.275001526
128.991721857,37.815700404,118.491096497
128.991694657,37.814348885,116.594001770
128.991667458,37.812997367,116.204002380
128.991640261,37.811645848,114.889099121
128.991613066,37.810294329,113.434097290
128.991585873,37.808942809,111.704002380
128.991558682,37.807591289,111.024101257
128.991531492,37.806239769,109.776100159
128.991504304,37.804888249,106.390800476
128.991477118,37.803536728,102.248100281
128.991449934,37.802185207,103.509902954
128.991422752,37.800833685,100.201301575
128.991395571,37.799482163,96.352996826
128.991368393,37.798130641,95.564300537
128.991341216,37.796779119,93.971000671
128.991314041,37.795427596,91.733703613
128.991286868,37.794076073,89.688903809
128.991259696,37.792724549,87.601097107
128.991232527,37.791373025,85.894699097
128.991205359,37.790021501,83.383003235
128.991178193,37.788669977,80.728500366
128.991151029,37.787318452,78.515998840
128.991123866,37.785966927,75.979499817
128.991096706,37.784615401,74.105003357
128.991069547,37.783263876,71.924697876
128.991042390,37.781912350,69.517196655
128.991015235,37.780560823,67.858901978
128.990988082,37.779209296,65.976402283
128.990960930,37.777857769,64.506103516
128.990933781,37.776506242,63.558700562
128.990906633,37.775154714,59.521701813
128.990879487,37.773803186,57.067298889
128.990852343,37.772451658,55.495601654
128.990825201,37.771100129,54.463699341
128.990798060,37.769748600,53.139499664
128.990770921,37.768397071,51.606399536
128.990743784,37.767045541,47.332298279
128.990716649,37.765694011,45.347599030
128.990689516,37.764342480,43.925701141
128.990662384,37.762990950,41.850399017
128.990635255,37.761639419,40.819801331
128.990608127,37.760287887,38.714099884
128.990581001,37.758936356,36.886699677
128.990553877,37.757584824,35.171001434
128.990526754,37.756233291,33.375198364
128.990499634,37.754881759,31.338800430
128.990472515,37.753530226,29.216600418
128.990445398,37.752178693,27.163499832
128.990418283,37.750827159,25.094299316
128.990391169,37.749475625,23.127700806
128.990364058,37.748124091,21.229900360
128.990336948,37.746772556,19.493299484
128.990309840,37.745421021,17.446100235
128.990282734,37.744069486,14.247300148
128.990255630,37.742717950,10.861300468
128.990228527,37.741366414,7.626999855
128.990201427,37.740014878,6.756499767
128.990174328,37.738663342,6.377099991
128.990147231,37.737311805,4.574800014
128.990120135,37.735960267,2.662600040
128.990093042,37.734608730,1.949000001
128.997146004,37.999482096,1059.922607422
128.997118524,37.998130624,1046.420043945
128.997091045,37.996779151,1035.129394531
128.997063569,37.995427678,1022.155883789
128.997036094,37.994076204,1011.957824707
128.997008621,37.992724730,997.053527832
128.996981150,37.991373256,969.258117676
128.996953680,37.990021781,935.026916504
128.996926213,37.988670306,912.600585938
128.996898747,37.987318831,896.380676270
128.996871283,37.985967356,872.410278320
128.996843822,37.984615880,847.587524414
128.996816361,37.983264404,828.969116211
128.996788903,37.981912927,815.090270996
128.996761447,37.980561450,794.560424805
128.996733992,37.979209973,777.508117676
128.996706539,37.977858495,770.796813965
128.996679088,37.976507018,759.157226563
128.996651639,37.975155539,746.927490234
128.996624192,37.973804061,736.885375977
128.996596747,37.972452582,727.591369629
128.996569303,37.971101103,718.709472656
128.996541861,37.969749623,710.211669922
128.996514421,37.968398144,702.703918457
128.996486983,37.967046664,694.295715332
128.996459547,37.965695183,687.071289063
128.996432113,37.964343702,679.176391602
128.996404680,37.962992221,673.168518066
128.996377249,37.961640740,666.689270020
128.996349820,37.960289258,660.073730469
128.996322393,37.958937776,653.999206543
128.996294968,37.957586293,642.772277832
128.996267545,37.956234811,628.609680176
128.996240123,37.954883327,612.089477539
128.996212703,37.953531844,598.016113281
128.996185286,37.952180360,588.518371582
128.996157870,37.950828876,578.414611816
128.996130455,37.949477392,568.273803711
128.996103043,37.948125907,560.468322754
128.996075632,37.946774422,554.334228516
128.996048224,37.945422937,547.467712402
128.996020817,37.944071451,541.479309082
128.995993412,37.942719965,535.598022461
128.995966008,37.941368478,529.455627441
128.995938607,37.940016992,522.936706543
128.995911207,37.938665505,514.919616699
128.995883810,37.937314017,506.308990479
128.995856414,37.935962530,497.650299072
128.995829020,37.934611042,489.216186523
128.995801628,37.933259553,480.958587646
128.995774237,37.931908065,472.747192383
128.995746849,37.930556576,464.864501953
128.995719462,37.929205086,459.441009521
128.995692077,37.927853597,453.104888916
128.995664694,37.926502107,447.518188477
128.995637313,37.925150616,444.318115234
128.995609933,37.923799126,438.885711670
128.995582556,37.922447635,434.524291992
128.995555180,37.921096143,430.251098633
128.995527806,37.919744652,426.402313232
128.995500434,37.918393160,422.633697510
128.995473064,37.917041668,419.659606934
128.995445695,37.915690175,416.046508789
128.995418329,37.914338682,411.911590576
128.995390964,37.912987189,410.021301270
128.995363601,37.911635695,406.622589111
128.995336240,37.910284201,403.668487549
128.995308880,37.908932707,400.643493652
128.995281523,37.907581212,396.245208740
128.995254167,37.906229718,390.710601807
128.995226814,37.904878222,386.218414307
128.995199462,37.903526727,381.651092529
128.995172111,37.902175231,377.679199219
128.995144763,37.900823735,374.468505859
128.995117417,37.899472238,371.038909912
128.995090072,37.898120741,369.239898682
128.995062729,37.896769244,366.816894531
128.995035388,37.895417747,363.473205566
128.995008049,37.894066249,358.546386719
128.994980712,37.892714751,353.849212646
128.994953376,37.891363252,349.510101318
128.994926043,37.890011753,345.917114258
128.994898711,37.888660254,344.264190674
128.994871381,37.887308755,342.571014404
128.994844052,37.885957255,338.039794922
128.994816726,37.884605755,333.886108398
128.994789402,37.883254254,328.893096924
128.994762079,37.881902753,324.115692139
128.994734758,37.880551252,319.768005371
128.994707439,37.879199751,315.994903564
128.994680122,37.877848249,312.170104980
128.994652806,37.876496747,309.148498535
128.994625493,37.875145244,305.162506104
128.994598181,37.873793742,298.912811279
128.994570871,37.872442238,295.337493896
128.994543563,37.871090735,290.838714600
128.994516257,37.869739231,287.088897705
128.994488952,37.868387727,282.550811768
128.994461650,37.867036223,278.113189697
128.994434349,37.865684718,271.592987061
128.994407050,37.864333213,268.629608154
128.994379753,37.862981708,264.324890137
128.994352457,37.861630202,260.741210938
128.994325164,37.860278696,255.984802246
128.994297872,37.858927189,252.264297485
128.994270582,37.857575683,245.770904541
128.994243294,37.856224176,240.323806763
128.994216008,37.854872668,235.436401367
128.994188724,37.853521161,230.203903198
128.994161441,37.852169653,225.398498535
128.994134160,37.850818144,210.577804565
128.994106881,37.849466636,183.701995850
128.994079604,37.848115127,157.038406372
128.994052329,37.846763617,147.048797607
128.994025056,37.845412108,143.582504272
128.993997784,37.844060598,141.157104492
128.993970514,37.842709087,139.451400757
128.993943246,37.841357577,137.822692871
128.993915980,37.840006066,136.094192505
128.993888716,37.838654554,135.875701904
128.993861453,37.837303043,136.965301514
128.993834193,37.835951531,135.658798218
128.993806934,37.834600019,135.201293945
128.993779677,37.833248506,135.415100098
128.993752422,37.831896993,135.448699951
128.993725168,37.830545480,135.798797607
128.993697917,37.829193966,134.949707031
128.993670667,37.827842452,133.134796143
128.993643419,37.826490938,131.918899536
128.993616173,37.825139423,131.030303955
128.993588929,37.823787909,130.087707520
128.993561686,37.822436393,128.976394653
128.993534446,37.821084878,126.045997620
128.993507207,37.819733362,124.680496216
128.993479970,37.818381846,123.342300415
128.993452735,37.817030329,121.923797607
128.993425501,37.815678812,120.401603699
128.993398270,37.814327295,119.852600098
128.993371040,37.812975778,118.599899292
128.993343812,37.811624260,116.857803345
128.993316586,37.810272742,115.101196289
128.993289362,37.808921223,113.519798279
128.993262139,37.807569704,111.780700684
128.993234919,37.806218185,110.623802185
128.993207700,37.804866666,109.978500366
128.993180483,37.803515146,108.814399719
128.993153268,37.802163626,107.149497986
128.993126055,37.800812105,105.132102966
128.993098843,37.799460584,101.175003052
128.993071633,37.798109063,96.983100891
128.993044426,37.796757542,94.574501038
128.993017219,37.795406020,93.324897766
128.992990015,37.794054498,91.559402466
128.992962813,37.792702975,89.468299866
128.992935612,37.791351453,86.950599670
128.992908413,37.789999930,84.589599609
128.992881217,37.788648406,82.710899353
128.992854021,37.787296882,80.686798096
128.992826828,37.785945358,78.121101379
128.992799637,37.784593834,75.950897217
128.992772447,37.783242309,73.165298462
128.992745259,37.781890784,70.976402283
128.992718073,37.780539259,68.983001709
128.992690889,37.779187733,67.309097290
128.992663706,37.777836207,65.859199524
128.992636526,37.776484681,64.555702209
128.992609347,37.775133154,62.651100159
128.992582170,37.773781627,59.761100769
128.992554995,37.772430100,56.065299988
128.992527821,37.771078572,54.615001678
128.992500650,37.769727044,51.969299316
128.992473480,37.768375516,50.608501434
128.992446312,37.767023987,51.740398407
128.992419146,37.765672458,49.677600861
128.992391982,37.764320929,45.977500916
128.992364820,37.762969399,43.987098694
128.992337659,37.761617869,44.054599762
128.992310500,37.760266339,42.210700989
128.992283343,37.758914808,40.290000916
128.992256188,37.757563277,38.645301819
128.992229035,37.756211746,36.395301819
128.992201883,37.754860214,34.100399017
128.992174733,37.753508682,31.998899460
128.992147585,37.752157150,29.676099777
128.992120439,37.750805618,27.589899063
128.992093295,37.749454085,25.624099731
128.992066153,37.748102551,23.534500122
128.992039012,37.746751018,21.896999359
128.992011873,37.745399484,20.202499390
128.991984736,37.744047950,17.823400497
128.991957601,37.742696415,14.391900063
128.991930467,37.741344880,11.957699776
128.991903336,37.739993345,10.633500099
128.991876206,37.738641810,9.636500359
128.991849078,37.737290274,7.606100082
128.991794828,37.734587201,4.132500172
128.991767705,37.733235664,3.395400047
128.991740584,37.731884127,1.926900029
128.998853887,37.999460338,1060.380981445
128.998826375,37.998108866,1055.092529297
128.998798865,37.996757394,1037.911621094
128.998771357,37.995405922,1024.378662109
128.998743851,37.994054450,1016.760009766
128.998716347,37.992702977,1016.656127930
128.998688844,37.991351503,1001.731506348
128.998661344,37.990000030,976.625671387
128.998633845,37.988648556,943.395996094
128.998606348,37.987297082,916.431823730
128.998578853,37.985945607,891.629272461
128.998551360,37.984594133,868.272888184
128.998523868,37.983242657,850.915893555
128.998496379,37.981891182,831.695617676
128.998468891,37.980539706,813.321105957
128.998441405,37.979188230,803.328002930
128.998413921,37.977836754,795.501281738
128.998386439,37.976485277,782.606811523
128.998358958,37.975133800,769.296203613
128.998331480,37.973782322,757.820007324
128.998304003,37.972430844,745.242126465
128.998276528,37.971079366,732.800720215
128.998249055,37.969727888,722.362426758
128.998221584,37.968376409,713.801025391
128.998194115,37.967024930,705.003112793
128.998166647,37.965673451,698.029785156
128.998139182,37.964321971,691.020385742
128.998111718,37.962970491,683.368713379
128.998084256,37.961619010,678.360229492
128.998056796,37.960267530,671.450378418
128.998029337,37.958916049,663.890014648
128.998001881,37.957564567,652.642517090
128.997974426,37.956213086,640.531677246
128.997946973,37.954861603,625.437805176
128.997919522,37.953510121,612.615173340
128.997892073,37.952158638,598.590515137
128.997864626,37.950807155,588.216613770
128.997837180,37.949455672,579.973876953
128.997809737,37.948104188,572.070129395
128.997782295,37.946752704,565.113525391
128.997754855,37.945401220,558.829772949
128.997727417,37.944049735,553.228576660
128.997699981,37.942698250,547.723022461
128.997672546,37.941346765,541.214111328
128.997645113,37.939995279,534.638305664
128.997617683,37.938643793,526.151184082
128.997590254,37.937292307,517.433105469
128.997562827,37.935940820,509.073608398
128.997535401,37.934589333,498.791107178
128.997507978,37.933237846,490.111389160
128.997480556,37.931886359,480.892791748
128.997453136,37.930534871,473.780303955
128.997425719,37.929183382,467.259887695
128.997398302,37.927831894,460.180999756
128.997370888,37.926480405,454.214996338
128.997343476,37.925128915,450.509613037
128.997316065,37.923777426,444.458312988
128.997288656,37.922425936,439.991912842
128.997261249,37.921074446,435.309906006
128.997233844,37.919722955,431.704315186
128.997206441,37.918371464,427.359313965
128.997179039,37.917019973,424.884185791
128.997151640,37.915668481,421.353912354
128.997124242,37.914316990,418.003387451
128.997096846,37.912965497,414.946411133
128.997069452,37.911614005,411.434112549
128.997042060,37.910262512,409.009887695
128.997014669,37.908911019,404.588897705
128.996987281,37.907559525,399.823089600
128.996959894,37.906208031,395.001312256
128.996932509,37.904856537,390.262207031
128.996905126,37.903505043,386.553009033
128.996877744,37.902153548,382.221893311
128.996850365,37.900802053,380.325286865
128.996822987,37.899450557,378.238189697
128.996795611,37.898099061,376.032287598
128.996768237,37.896747565,370.640502930
128.996740865,37.895396069,366.245300293
128.996713495,37.894044572,362.462402344
128.996686126,37.892693075,358.708892822
128.996658760,37.891341577,354.768402100
128.996631395,37.889990079,352.321899414
128.996604032,37.888638581,349.417602539
128.996576671,37.887287083,346.461791992
128.996549311,37.885935584,342.734191895
128.996521954,37.884584085,338.475311279
128.996494598,37.883232586,333.147186279
128.996467244,37.881881086,329.558502197
128.996439892,37.880529586,325.422485352
128.996412542,37.879178085,320.435394287
128.996385194,37.877826585,314.788391113
128.996357847,37.876475084,310.486602783
128.996330503,37.875123582,306.430999756
128.996303160,37.873772080,303.489807129
128.996275819,37.872420578,300.109008789
128.996248479,37.871069076,296.143188477
128.996221142,37.869717573,291.794708252
128.996193806,37.868366070,286.733795166
128.996166473,37.867014567,282.128997803
128.996139141,37.865663063,277.596099854
128.996111811,37.864311559,273.367889404
128.996084482,37.862960055,267.699096680
128.996057156,37.861608550,264.457611084
128.996029831,37.860257045,258.704589844
128.996002509,37.858905540,254.153594971
128.995975188,37.857554034,250.223999023
128.995947868,37.856202528,245.761596680
128.995920551,37.854851022,239.510803223
128.995893236,37.853499515,234.519897461
128.995865922,37.852148008,229.901199341
128.995838610,37.850796501,226.039093018
128.995811300,37.849444993,215.404205322
128.995783992,37.848093485,186.411499023
128.995756686,37.846741977,158.635803223
128.995729381,37.845390468,147.494598389
128.995702079,37.844038960,143.584304810
128.995674778,37.842687450,141.352600098
128.995647479,37.841335941,139.554306030
128.995620181,37.839984431,137.851593018
128.995592886,37.838632921,137.258102417
128.995565592,37.837281410,137.488998413
128.995538301,37.835929899,137.511596680
128.995511011,37.834578388,137.181900024
128.995483723,37.833226876,137.282104492
128.995456436,37.831875364,137.421295166
128.995429152,37.830523852,137.125793457
128.995401869,37.829172340,136.049102783
128.995374589,37.827820827,134.193298340
128.995347310,37.826469314,133.068603516
128.995320032,37.825117800,132.442001343
128.995292757,37.823766286,131.586196899
128.995265484,37.822414772,130.401092529
128.995238212,37.821063257,127.978698730
128.995210942,37.819711743,126.662399292
128.995183674,37.818360227,125.265998840
128.995156408,37.817008712,123.671699524
128.995129144,37.815657196,122.556503296
128.995101881,37.814305680,121.406303406
128.995074620,37.812954164,120.039901733
128.995047361,37.811602647,118.830299377
128.995020104,37.810251130,117.051399231
128.994992849,37.808899612,115.120697021
128.994965595,37.807548094,113.585700989
128.994938344,37.806196576,112.151901245
128.994911094,37.804845058,111.475997925
128.994883846,37.803493539,110.327796936
128.994856600,37.802142020,108.791397095
128.994829356,37.800790501,106.949600220
128.994802113,37.799438981,104.522102356
128.994774872,37.798087461,99.918098450
128.994747633,37.796735940,96.824699402
128.994720396,37.795384420,94.697196960
128.994693161,37.794032899,93.715301514
128.994665928,37.792681377,91.221397400
128.994638696,37.791329855,88.830802917
128.994611466,37.789978333,86.586097717
128.994584238,37.788626811,84.295501709
128.994557012,37.787275288,82.130897522
128.994529788,37.785923765,79.937896729
128.994502565,37.784572242,77.822502136
128.994475345,37.783220718,74.603698730
128.994448126,37.781869194,72.192596436
128.994420909,37.780517670,70.142196655
128.994393694,37.779166145,68.207901001
128.994366480,37.777814620,66.174896240
128.994339269,37.776463095,64.772796631
128.994312059,37.775111569,63.906700134
128.994284851,37.773760043,60.760501862
128.994257645,37.772408517,57.547100067
128.994230441,37.771056990,53.623401642
128.994203238,37.769705463,51.154098511
128.994176037,37.768353936,53.512599945
128.994148839,37.767002409,53.718498230
128.994121642,37.765650881,52.351001740
128.994094446,37.764299352,49.536098480
128.994067253,37.762947824,44.652400970
128.994040061,37.761596295,45.711200714
128.994012872,37.760244766,44.563499451
128.993985684,37.758893236,43.198699951
128.993958497,37.757541706,41.241001129
128.993931313,37.756190176,39.523799896
128.993904131,37.754838645,37.078800201
128.993876950,37.753487114,34.614101410
128.993849771,37.752135583,32.263500214
128.993822594,37.750784052,29.924999237
128.993795419,37.749432520,27.793800354
128.993768245,37.748080988,25.771400452
128.993741074,37.746729455,24.044399261
128.993713904,37.745377922,22.415000916
128.993686736,37.744026389,20.690500259
128.993659570,37.742674856,17.984800339
128.993632406,37.741323322,15.523500443
128.993605243,37.739971788,14.144000053
128.993578082,37.738620253,13.736300468
128.993550924,37.737268718,11.492899895
128.993523767,37.735917183,9.431300163
128.993496611,37.734565648,8.676899910
128.993469458,37.733214112,7.548600197
128.993442306,37.731862576,5.245600224
128.993415156,37.730511039,4.195099831
128.999983752,37.971057605,749.607971191
128.999956248,37.969706128,736.458496094
128.999928745,37.968354650,727.565979004
128.999901244,37.967003172,720.252075195
128.999873746,37.965651693,713.112976074
128.999846249,37.964300215,704.113586426
128.999818754,37.962948736,696.607177734
128.999791260,37.961597256,691.898803711
128.999763769,37.960245777,685.076599121
128.999736279,37.958894297,675.150512695
128.999708792,37.957542816,665.242797852
128.999681306,37.956191336,653.573913574
128.999653822,37.954839855,637.323425293
128.999626339,37.953488373,624.362304688
128.999598859,37.952136892,611.805786133
128.999571380,37.950785410,601.272094727
128.999543904,37.949433927,591.608886719
128.999516429,37.948082445,582.047607422
128.999488956,37.946730962,575.945922852
128.999461485,37.945379479,571.330993652
128.999434015,37.944027995,567.153869629
128.999406548,37.942676511,563.003417969
128.999379082,37.941325027,557.825378418
128.999351618,37.939973542,551.490783691
128.999324156,37.938622057,541.917785645
128.999296696,37.937270572,532.159912109
128.999269238,37.935919086,521.120727539
128.999241781,37.934567600,511.519714355
128.999214326,37.933216114,500.457794189
128.999186874,37.931864628,490.426086426
128.999159423,37.930513141,481.559997559
128.999131973,37.929161653,474.267700195
128.999104526,37.927810166,467.436889648
128.999077081,37.926458678,461.410491943
128.999049637,37.925107190,456.079986572
128.999022195,37.923755701,450.176086426
128.998994755,37.922404212,445.383209229
128.998967317,37.921052723,441.605194092
128.998939881,37.919701234,437.207092285
128.998912446,37.918349744,433.222106934
128.998885013,37.916998254,429.600494385
128.998857583,37.915646763,426.847595215
128.998830154,37.914295272,424.257385254
128.998802727,37.912943781,420.656005859
128.998775301,37.911592290,416.065185547
128.998747878,37.910240798,413.052795410
128.998720456,37.908889306,408.790985107
128.998693036,37.907537813,404.254089355
128.998665618,37.906186320,399.567504883
128.998638202,37.904834827,396.046813965
128.998610788,37.903483334,391.323791504
128.998583375,37.902131840,387.295104980
128.998555965,37.900780346,385.540191650
128.998528556,37.899428851,383.515502930
128.998501149,37.898077357,380.193115234
128.998473744,37.896725862,375.359985352
128.998446340,37.895374366,370.983001709
128.998418939,37.894022870,367.769989014
128.998391539,37.892671374,363.785308838
128.998364142,37.891319878,360.118804932
128.998336746,37.889968381,357.608398438
128.998309351,37.888616884,354.033813477
128.998281959,37.887265387,351.182403564
128.998254569,37.885913889,346.626312256
128.998227180,37.884562391,342.979309082
128.998199793,37.883210893,338.541687012
128.998172408,37.881859394,334.076202393
128.998145025,37.880507895,328.844299316
128.998117644,37.879156395,324.883789063
128.998090264,37.877804896,320.333007813
128.998062886,37.876453396,317.259185791
128.998035511,37.875101895,312.914703369
128.998008137,37.873750395,308.636993408
128.997980764,37.872398894,304.952697754
128.997953394,37.871047392,300.563903809
128.997926026,37.869695891,296.740295410
128.997898659,37.868344389,292.223602295
128.997871294,37.866992886,287.389801025
128.997843931,37.865641384,283.130798340
128.997816570,37.864289881,276.060211182
128.997789210,37.862938377,271.618286133
128.997761853,37.861586874,267.375091553
128.997734497,37.860235370,264.541595459
128.997707143,37.858883866,258.100494385
128.997679791,37.857532361,253.573394775
128.997652441,37.856180856,248.632705688
128.997625093,37.854829351,244.473403931
128.997597746,37.853477845,239.652496338
128.997570401,37.852126339,235.284606934
128.997543058,37.850774833,230.770294189
128.997515717,37.849423326,227.124404907
128.997488378,37.848071820,217.415206909
128.997461041,37.846720312,193.315994263
128.997433705,37.845368805,163.415100098
128.997406371,37.844017297,149.172607422
128.997379039,37.842665789,144.414306641
128.997351709,37.841314280,141.691696167
128.997324381,37.839962771,139.831604004
128.997297054,37.838611262,139.133102417
128.997269730,37.837259752,138.683105469
128.997242407,37.835908243,138.296493530
128.997215086,37.834556732,137.869995117
128.997187767,37.833205222,137.608901978
128.997160449,37.831853711,137.596099854
128.997133134,37.830502200,137.399002075
128.997105820,37.829150688,136.306900024
128.997078508,37.827799177,134.831405640
128.997051198,37.826447664,134.119201660
128.997023890,37.825096152,133.685806274
128.996996584,37.823744639,132.750793457
128.996969279,37.822393126,131.730499268
128.996941977,37.821041613,130.261505127
128.996914676,37.819690099,128.579101563
128.996887377,37.818338585,126.989402771
128.996860079,37.816987070,125.475196838
128.996832784,37.815635555,124.536399841
128.996805490,37.814284040,123.760398865
128.996778199,37.812932525,121.878997803
128.996750909,37.811581009,119.785102844
128.996723620,37.810229493,118.611503601
128.996696334,37.808877977,117.209701538
128.996669050,37.807526460,115.462600708
128.996641767,37.806174943,113.966697693
128.996614486,37.804823425,112.514503479
128.996587207,37.803471908,110.641601563
128.996559930,37.802120390,109.081596375
128.996532655,37.800768871,108.006599426
128.996505381,37.799417353,106.152603149
128.996478109,37.798065834,104.176803589
128.996450840,37.796714314,100.879898071
128.996423571,37.795362795,97.603698730
128.996396305,37.794011275,94.881500244
128.996369041,37.792659754,92.793701172
128.996341778,37.791308234,90.735000610
128.996314517,37.789956713,87.894203186
128.996287258,37.788605191,85.754997253
128.996260001,37.787253670,83.583198547
128.996232746,37.785902148,81.615798950
128.996205493,37.784550625,77.660003662
128.996178241,37.783199103,74.898902893
128.996150991,37.781847580,73.361999512
128.996123743,37.780496056,70.498703003
128.996096497,37.779144533,67.272102356
128.996069252,37.777793009,66.038597107
128.996042010,37.776441485,64.606101990
128.996014769,37.775089960,62.789299011
128.995987530,37.773738435,60.033000946
128.995960293,37.772386910,58.035800934
128.995933058,37.771035384,54.425399780
128.995905824,37.769683858,54.359901428
128.995878593,37.768332332,55.564201355
128.995851363,37.766980806,55.581199646
128.995824135,37.765629279,53.827598572
128.995796909,37.764277751,51.145801544
128.995769684,37.762926224,48.260799408
128.995742462,37.761574696,46.729598999
128.995715241,37.760223168,46.790100098
128.995688022,37.758871639,45.641998291
128.995660805,37.757520110,44.161098480
128.995633590,37.756168581,42.016899109
128.995606377,37.754817052,39.299301147
128.995579165,37.753465522,36.657199860
128.995551955,37.752113992,34.460800171
128.995524747,37.750762461,32.142501831
128.995497541,37.749410930,30.058399200
128.995470337,37.748059399,28.046300888
128.995443134,37.746707868,26.170799255
128.995415933,37.745356336,24.564800262
128.995388734,37.744004804,22.927000046
128.995361537,37.742653271,21.048599243
128.995334342,37.741301739,19.000799179
128.995307149,37.739950205,17.713199615
128.995279957,37.738598672,16.425399780
128.995252767,37.737247138,15.028900146
128.995225579,37.735895604,13.622799873
128.995198393,37.734544070,12.374400139
128.995171209,37.733192535,11.335599899
128.995144026,37.731841000,10.008700371
128.995116846,37.730489465,8.113200188
128.995089667,37.729137929,5.297800064
128.995062490,37.727786393,4.006000042
128.999987246,37.887243666,355.495697021
128.999959824,37.885892169,351.325988770
128.999932404,37.884540672,347.265014648
128.999904986,37.883189175,341.996185303
128.999877570,37.881837677,337.065704346
128.999850156,37.880486179,333.373413086
128.999822743,37.879134681,329.468811035
128.999795333,37.877783182,325.410491943
128.999767924,37.876431683,321.471984863
128.999740517,37.875080184,317.535308838
128.999713112,37.873728684,312.999511719
128.999685708,37.872377184,309.343109131
128.999658307,37.871025684,305.484588623
128.999630907,37.869674183,300.485687256
128.999603509,37.868322682,295.884185791
128.999576113,37.866971181,291.940704346
128.999548719,37.865619680,285.970214844
128.999521327,37.864268178,281.998504639
128.999493937,37.862916675,277.857208252
128.999466548,37.861565173,271.832092285
128.999439161,37.860213670,266.707885742
128.999411776,37.858862167,260.117401123
128.999384393,37.857510663,257.789306641
128.999357012,37.856159159,255.349594116
128.999329632,37.854807655,250.438201904
128.999302254,37.853456150,243.658493042
128.999274879,37.852104646,237.783203125
128.999247505,37.850753140,233.513198853
128.999220132,37.849401635,231.038696289
128.999192762,37.848050129,227.555694580
128.999165394,37.846698623,220.878692627
128.999138027,37.845347116,200.673904419
128.999110662,37.843995609,172.025405884
128.999083299,37.842644102,152.270492554
128.999055938,37.841292595,145.175903320
128.999028578,37.839941087,142.650604248
128.999001221,37.838589579,141.475601196
128.998973865,37.837238070,140.558502197
128.998946511,37.835886562,139.474899292
128.998919159,37.834535052,138.735198975
128.998891809,37.833183543,138.206298828
128.998864461,37.831832033,137.985107422
128.998837114,37.830480523,137.701995850
128.998809769,37.829129013,136.739898682
128.998782426,37.827777502,135.512802124
128.998755085,37.826425991,135.060699463
128.998727746,37.825074479,134.520706177
128.998700409,37.823722968,133.874893188
128.998673073,37.822371455,133.229904175
128.998645739,37.821019943,132.295501709
128.998618407,37.819668430,130.231796265
128.998591077,37.818316917,128.490905762
128.998563749,37.816965404,126.759300232
128.998536422,37.815613890,125.269302368
128.998509098,37.814262376,124.322898865
128.998481775,37.812910862,123.508598328
128.998454454,37.811559347,122.527099609
128.998427135,37.810207832,120.568199158
128.998399818,37.808856317,119.109397888
128.998372502,37.807504801,117.470298767
128.998345188,37.806153285,115.891403198
128.998317877,37.804801769,113.951797485
128.998290567,37.803450252,112.154403687
128.998263258,37.802098735,109.659202576
128.998235952,37.800747218,108.894599915
128.998208647,37.799395700,107.708503723
128.998181345,37.798044182,105.900001526
128.998154044,37.796692664,104.089996338
128.998126745,37.795341145,101.952598572
128.998099447,37.793989626,96.606201172
128.998072152,37.792638107,94.471603394
128.998044858,37.791286587,92.462501526
128.998017567,37.789935067,90.259399414
128.997990277,37.788583547,87.630996704
128.997962989,37.787232026,85.604598999
128.997935702,37.785880505,83.078300476
128.997908418,37.784528984,79.306999207
128.997881135,37.783177462,75.311798096
128.997853854,37.781825941,73.739799500
128.997826575,37.780474418,70.062896729
128.997799298,37.779122896,67.527603149
128.997772023,37.777771373,65.785797119
128.997744749,37.776419850,62.616600037
128.997717478,37.775068326,60.507301331
128.997690208,37.773716802,60.069999695
128.997662940,37.772365278,58.522800446
128.997635673,37.771013753,54.372100830
128.997608409,37.769662229,54.664398193
128.997581146,37.768310703,56.756301880
128.997553886,37.766959178,56.619201660
128.997526627,37.765607652,51.964900970
128.997499369,37.764256126,51.576198578
128.997472114,37.762904599,49.925201416
128.997444861,37.761553073,49.015201569
128.997417609,37.760201545,48.028900146
128.997390359,37.758850018,48.237998962
128.997363111,37.757498490,46.755699158
128.997335865,37.756146962,43.911701202
128.997308621,37.754795434,40.686298370
128.997281378,37.753443905,38.392200470
128.997254137,37.752092376,36.430000305
128.997226898,37.750740846,34.352500916
128.997199661,37.749389316,32.179599762
128.997172426,37.748037786,30.272699356
128.997145192,37.746686256,28.380199432
128.997117961,37.745334725,26.808799744
128.997090731,37.743983194,26.265699387
128.997063503,37.742631663,24.358600616
128.997036277,37.741280131,22.214599609
128.997009052,37.739928599,20.811899185
128.996981830,37.738577066,19.211700439
128.996954609,37.737225534,17.176799774
128.996927390,37.735874001,15.655900002
128.996900173,37.734522467,14.855099678
128.996872958,37.733170934,13.387499809
128.996845745,37.731819400,11.750499725
128.996818533,37.730467865,10.387100220
128.996791323,37.729116330,8.728099823
128.996764115,37.727764795,5.555099964
128.996736909,37.726413260,3.241400003
128.996709705,37.725061724,1.866600037
128.999993924,37.803428571,113.927902222
128.999966585,37.802077055,111.611503601
128.999939247,37.800725539,109.943801880
128.999911912,37.799374023,108.584197998
128.999884578,37.798022506,107.243797302
128.999857246,37.796670988,105.397796631
128.999829916,37.795319471,102.279502869
128.999802588,37.793967953,98.818000793
128.999775261,37.792616435,96.305099487
128.999747937,37.791264916,93.423896790
128.999720614,37.789913397,92.494697571
128.999693293,37.788561878,90.185997009
128.999665974,37.787210358,86.965103149
128.999638657,37.785858838,84.393302917
128.999611341,37.784507318,80.461997986
128.999584028,37.783155798,76.635101318
128.999556716,37.781804277,73.695701599
128.999529406,37.780452756,69.488998413
128.999502098,37.779101234,71.054702759
128.999474791,37.777749712,70.102600098
128.999447487,37.776398190,68.615898132
128.999420184,37.775046668,65.550598145
128.999392883,37.773695145,62.700401306
128.999365584,37.772343622,58.660099030
128.999338287,37.770992098,55.662601471
128.999310992,37.769640574,54.767200470
128.999283698,37.768289050,55.111999512
128.999256406,37.766937526,57.228900909
128.999229116,37.765586001,54.839099884
128.999201828,37.764234476,52.992401123
128.999174542,37.762882950,53.891998291
128.999147258,37.761531425,54.670200348
128.999119975,37.760179898,53.533599854
128.999092694,37.758828372,50.896099091
128.999065415,37.757476845,48.533000946
128.999038138,37.756125318,45.586700439
128.999010863,37.754773791,42.400699615
128.998983589,37.753422263,40.505798340
128.998956317,37.752070735,38.588699341
128.998929048,37.750719207,36.618400574
128.998901780,37.749367678,33.780200958
128.998874513,37.748016149,31.976100922
128.998847249,37.746664619,30.425399780
128.998819986,37.745313090,29.093700409
128.998792726,37.743961560,27.980199814
128.998765467,37.742610029,27.017599106
128.998738210,37.741258499,26.289699554
128.998710954,37.739906968,23.923599243
128.998683701,37.738555436,21.374200821
128.998656449,37.737203905,19.493200302
128.998629199,37.735852373,17.703800201
128.998601951,37.734500840,16.587400436
128.998574705,37.733149308,14.860500336
128.998547461,37.731797775,13.391300201
128.998520218,37.730446241,12.193400383
128.998492978,37.729094708,10.904199600
128.998465739,37.727743174,9.465499878
128.998438502,37.726391639,6.577499866
128.998411266,37.725040105,5.311600208
