spot,name,sgg,sgg_name,lat,lon,on,hz_all_3km,hz_fatal_3km,hz_freq_3km,hz_risk_3km,coast_cells_share,n_all,n_2020_22,n_2023_24,n_fatal
0,40계단 문화관,26110,부산광역시 중구,35.1049935905065,129.034511226799,mainland,6,1,3,2,13,0,0,0,0
1,40계단 문화관광테마거리,26110,부산광역시 중구,35.104,129.0347,mainland,6,1,3,2,8,0,0,0,0
2,BIFF 광장,26110,부산광역시 중구,35.0980089584166,129.032004281096,mainland,10,3,3,4,8,8,3,5,0
3,국제시장,26110,부산광역시 중구,35.1016422372,129.0285792599,mainland,9,3,3,3,0,0,0,0,0
4,국제시장 먹자골목,26110,부산광역시 중구,35.1011311741,129.0280793175,mainland,10,3,3,4,0,0,0,0,0
5,대각사(부산),26110,부산광역시 중구,35.1010840062,129.0307152012,mainland,8,3,3,2,0,0,0,0,0
6,백산기념관,26110,부산광역시 중구,35.1019383952,129.0345501964,mainland,6,1,3,2,6,2,2,0,0
7,부산 부평 족발 골목,26110,부산광역시 중구,35.099538542308,129.027295383129,mainland,10,3,3,4,0,0,0,0,0
8,부산 자갈치 양곱창 골목,26110,부산광역시 중구,35.0973677005,129.0277461155,mainland,10,3,3,4,2,1,0,1,0
9,부산 자갈치시장,26110,부산광역시 중구,35.0966511661,129.0306042201,mainland,10,3,3,4,11,14,8,6,1
10,부산영화체험박물관,26110,부산광역시 중구,35.1017589855,129.0336899238,mainland,7,2,3,2,0,0,0,0,0
11,용두산공원,26110,부산광역시 중구,35.1004440914145,129.032664302294,mainland,8,3,3,2,0,0,0,0,0
12,누리바라기전망대,26140,부산광역시 서구,35.0907588894739,129.020301832573,mainland,12,3,3,6,0,0,0,0,0
13,두도 (부산 국가지질공원),26140,부산광역시 서구,35.0490923097,129.0148985467,sea,7,3,0,4,40,4,2,2,0
14,부산 국제수산물도매시장,26140,부산광역시 서구,35.0593985218362,129.011278537289,mainland,11,4,0,7,28,3,2,1,1
15,부산 송도해상케이블카,26140,부산광역시 서구,35.0766411637,129.023396378,mainland,14,4,3,7,21,5,4,1,0
16,부산 송도해수욕장,26140,부산광역시 서구,35.0739256715,129.016458847,mainland,14,5,3,6,45,6,4,2,1
17,부산 암남공원,26140,부산광역시 서구,35.0589,129.0158,mainland,10,4,0,6,10,1,1,0,0
18,부산공동어시장,26140,부산광역시 서구,35.0887481051183,129.025140326096,mainland,12,3,3,6,21,3,2,1,1
19,송도용궁구름다리,26140,부산광역시 서구,35.0619178693452,129.021988581433,mainland,10,4,0,6,13,2,1,1,0
20,천마산하늘전망대,26140,부산광역시 서구,35.093648481,129.0173415667,mainland,11,3,3,5,6,1,1,0,0
21,충무동 새벽시장,26140,부산광역시 서구,35.0932847737,129.0250186863,mainland,11,3,3,5,5,13,8,5,1
22,문화공감 수정(부산 수정동 일본식 가옥),26170,부산광역시 동구,35.1255545014429,129.042636366052,mainland,0,0,0,0,22,2,0,2,0
23,부산 진시장,26170,부산광역시 동구,35.1361805951,129.0587979118,mainland,0,0,0,0,0,0,0,0,0
24,부산진성공원,26170,부산광역시 동구,35.135868230927,129.061096784383,mainland,0,0,0,0,0,0,0,0,0
25,소림사(부산),26170,부산광역시 동구,35.1177378193,129.0373336157,mainland,5,1,3,1,12,0,0,0,0
26,연등사(부산),26170,부산광역시 동구,35.1330762737697,129.049195279133,mainland,0,0,0,0,4,0,0,0,0
27,조선통신사역사관,26170,부산광역시 동구,35.135719916282724,129.06209586463672,mainland,0,0,0,0,1,0,0,0,0
28,초량교회,26170,부산광역시 동구,35.1171434347,129.0369614421,mainland,5,1,3,1,8,0,0,0,0
29,75광장,26200,부산광역시 영도구,35.0706226,129.0580351,island,4,3,0,1,15,3,2,1,1
30,감지해변,26200,부산광역시 영도구,35.06,129.0775,sea,4,3,0,1,18,3,3,0,1
31,국립해양박물관,26200,부산광역시 영도구,35.0785003395,129.0802910274,island,4,3,0,1,23,2,2,0,0
32,남항시장,26200,부산광역시 영도구,35.0888817417,129.0422498395,island,10,3,3,4,4,1,1,0,0
33,아미르공원,26200,부산광역시 영도구,35.07716670828908,129.08195628761837,island,4,3,0,1,30,1,0,1,0
34,영도 청학배수지 전망대,26200,부산광역시 영도구,35.088351580481,129.060042641103,island,8,3,3,2,1,2,0,2,0
35,영도 하늘전망대,26200,부산광역시 영도구,35.0719,129.0547,island,7,4,1,2,7,1,1,0,0
36,영도 흰여울해안터널,26200,부산광역시 영도구,35.0779590845,129.0453201165,island,11,3,3,5,8,1,0,1,0
37,영도봉래시장 / 봉래시장,26200,부산광역시 영도구,35.0927462941,129.0439559432,island,9,3,3,3,21,6,4,2,0
38,절영해안산책로,26200,부산광역시 영도구,35.0812475294,129.0411870536,island,10,3,3,4,14,2,1,1,0
39,청학 수변공원,26200,부산광역시 영도구,35.0977293865,129.0611626448,island,6,1,3,2,26,1,1,0,0
40,청학시장,26200,부산광역시 영도구,35.0966433823,129.060371077,island,7,2,3,2,6,0,0,0,0
41,태종대 (부산 국가지질공원),26200,부산광역시 영도구,35.05969491904282,129.07980569117214,island,4,3,0,1,11,1,1,0,0
42,태종사,26200,부산광역시 영도구,35.0560095813,129.0897751849,island,2,2,0,0,34,6,4,2,2
43,하리선착장,26200,부산광역시 영도구,35.070554,129.081445,sea,4,3,0,1,17,5,3,2,0
44,감만시민부두,26290,부산광역시 남구,35.1096686789499,129.068721798909,mainland,2,0,1,1,42,2,2,0,0
45,신선대(부산),26290,부산광역시 남구,35.1032784113749,129.103349305761,mainland,3,2,0,1,57,3,2,1,0
46,오륙도 (부산 국가지질공원),26290,부산광역시 남구,35.0920024009764,129.126919645422,sea,1,1,0,0,16,0,0,0,0
47,오륙도 스카이워크,26290,부산광역시 남구,35.1006,129.1244,mainland,2,2,0,0,28,6,5,1,1
48,우암동 도시 숲,26290,부산광역시 남구,35.1274527698591,129.072607055839,mainland,0,0,0,0,23,0,0,0,0
49,이기대 (부산 국가지질공원),26290,부산광역시 남구,35.115449,129.123566,mainland,3,2,0,1,29,2,1,1,0
50,더베이101,26350,부산광역시 해운대구,35.1565836936,129.1520693211,sea,5,0,1,4,9,5,2,3,1
51,마린시티,26350,부산광역시 해운대구,35.1560327184,129.1436566548,mainland,5,0,1,4,16,5,4,1,1
52,미포항,26350,부산광역시 해운대구,35.1584164367,129.1706499028,mainland,5,0,0,5,17,8,2,6,1
53,벡스코(BEXCO),26350,부산광역시 해운대구,35.1690712862,129.1363055206,mainland,4,0,1,3,0,0,0,0,0
54,부산 올림픽동산,26350,부산광역시 해운대구,35.164548,129.131853,mainland,4,0,1,3,11,2,0,2,0
55,부산 해운대시장,26350,부산광역시 해운대구,35.1614038701,129.1623153431,mainland,6,0,1,5,1,1,1,0,0
56,부산시립미술관,26350,부산광역시 해운대구,35.1666980687,129.1370458254,mainland,4,0,1,3,3,0,0,0,0
57,센텀 APEC나루공원,26350,부산광역시 해운대구,35.167908247558,129.127317311652,mainland,4,0,1,3,3,3,1,2,1
58,송정 죽도공원,26350,부산광역시 해운대구,35.1799561988,129.206133898,sea,5,1,0,4,21,16,10,6,0
59,송정해수욕장,26350,부산광역시 해운대구,35.178728,129.199722,mainland,5,1,0,4,9,6,4,2,0
60,청사포,26350,부산광역시 해운대구,35.1604039113018,129.192189444504,mainland,4,0,0,4,13,5,3,2,0
61,청사포 다릿돌전망대,26350,부산광역시 해운대구,35.1633119624,129.1953779554,mainland,5,0,0,5,15,7,5,2,0
62,해운대 동백섬,26350,부산광역시 해운대구,35.153951141,129.152151687,mainland,5,0,1,4,10,3,3,0,0
63,해운대해수욕장,26350,부산광역시 해운대구,35.1590840227,129.1602785648,mainland,6,0,1,5,5,4,2,2,1
64,낙동강 생태탐방선,26380,부산광역시 사하구,35.110210832,128.9491801483,mainland,1,0,0,1,3,1,0,1,0
65,낙동강문화관,26380,부산광역시 사하구,35.1082872241,128.9474416939,mainland,1,0,0,1,4,0,0,0,0
66,낙동강하구에코센터,26380,부산광역시 사하구,35.1043892335363,128.945866728608,mainland,1,0,0,1,26,0,0,0,0
67,다대포항,26380,부산광역시 사하구,35.0536,128.9839,sea,10,4,0,6,76,11,9,2,0
68,다대포해수욕장,26380,부산광역시 사하구,35.046247,128.963151,sea,6,2,0,4,12,13,6,7,1
69,몰운대 (부산 국가지질공원),26380,부산광역시 사하구,35.0405,128.9701,mainland,7,3,0,4,64,7,5,2,0
70,부산 에덴공원,26380,부산광역시 사하구,35.1091945456955,128.96320109117,mainland,1,0,0,1,3,0,0,0,0
71,부산현대미술관,26380,부산광역시 사하구,35.1093302595,128.9426918887,mainland,1,0,0,1,8,0,0,0,0
72,아미산 전망대,26380,부산광역시 사하구,35.0527511427,128.9607806467,mainland,6,2,0,4,101,3,0,3,0
73,을숙도 공원,26380,부산광역시 사하구,35.10449270271807,128.94597747957368,mainland,1,0,0,1,8,3,2,1,0
74,장림골목시장,26380,부산광역시 사하구,35.0809712112,128.9677684454,mainland,1,0,0,1,3,1,1,0,1
75,장림포구,26380,부산광역시 사하구,35.080926,128.957464,mainland,0,0,0,0,52,2,2,0,1
76,가덕도 등대,26440,부산광역시 강서구,35.0006471157,128.8295937487,mainland,3,2,0,1,54,1,1,0,0
77,가덕도 연대봉,26440,부산광역시 강서구,35.0317518247,128.8216713782,mainland,4,2,0,2,51,0,0,0,0
78,거가대교 홍보전시관,26440,부산광역시 강서구,35.0236,128.8067,mainland,4,2,0,2,44,5,2,3,3
79,대항선착장,26440,부산광역시 강서구,35.012289518339,128.825972095374,sea,4,2,0,2,17,4,1,3,0
80,대항전망대,26440,부산광역시 강서구,35.0165,128.8259,mainland,4,2,0,2,31,2,1,1,1
81,명지동근린공원,26440,부산광역시 강서구,35.0869933306182,128.906629198788,mainland,1,0,0,1,132,1,0,1,0
82,명지시장,26440,부산광역시 강서구,35.1129197501,128.9317096042,mainland,1,0,0,1,16,0,0,0,0
83,보람공원,26440,부산광역시 강서구,35.0881059141,128.8432156387,mainland,2,1,0,1,97,0,0,0,0
84,신호공원,26440,부산광역시 강서구,35.0821708614068,128.8708641169917,mainland,1,0,0,1,122,0,0,0,0
85,외양포 포진지,26440,부산광역시 강서구,35.0056381443,128.8251995524,mainland,4,2,0,2,17,1,1,0,0
86,울림공원,26440,부산광역시 강서구,35.1021,128.9272,mainland,1,0,0,1,62,0,0,0,0
87,광안리해수욕장,26500,부산광역시 수영구,35.1531932737,129.1189760936,mainland,4,0,1,3,8,13,10,3,1
88,남천 해변시장,26500,부산광역시 수영구,35.1392728438,129.1090851202,mainland,4,1,1,2,30,5,3,2,0
89,민락수변공원,26500,부산광역시 수영구,35.1545,129.133,sea,5,0,1,4,14,6,4,2,0
90,삼익비치수변공원,26500,부산광역시 수영구,35.1462388759,129.1169286916,sea,5,1,1,3,8,7,5,2,0
91,수영사적공원,26500,부산광역시 수영구,35.1706540237973,129.114474177791,mainland,3,0,1,2,0,0,0,0,0
92,옥련선원,26500,부산광역시 수영구,35.161379026,129.1266024351,mainland,4,0,1,3,4,0,0,0,0
93,기장해녀촌(연화리횟촌),26710,부산광역시 기장군,35.218438,129.228234,mainland,2,1,0,1,48,6,3,3,0
94,묘관음사,26710,부산광역시 기장군,35.3228250674329,129.266244656908,mainland,2,1,0,1,20,1,1,0,0
95,박태준기념관,26710,부산광역시 기장군,35.3169141022,129.2612503134,mainland,2,1,0,1,1,0,0,0,0
96,신평소공원,26710,부산광역시 기장군,35.2937,129.2606,sea,3,1,0,2,27,3,3,0,1
97,오시리아 해안산책로,26710,부산광역시 기장군,35.1976,129.2296,sea,5,2,0,3,19,4,3,1,0
98,월전장어구이촌,26710,부산광역시 기장군,35.2381207407,129.2441407653,sea,1,0,0,1,18,0,0,0,0
99,월전포구(월전방파제),26710,부산광역시 기장군,35.2382846292912,129.245146222573,sea,1,0,0,1,10,2,2,0,0
100,은진사,26710,부산광역시 기장군,35.3360483529,129.2765262292,mainland,0,0,0,0,44,1,0,1,0
101,이동항,26710,부산광역시 기장군,35.269912,129.246578,mainland,1,0,0,1,33,2,1,1,1
102,일광해수욕장,26710,부산광역시 기장군,35.2598,129.234,mainland,1,0,0,1,18,2,2,0,0
103,임랑해수욕장,26710,부산광역시 기장군,35.3159730180485,129.262056351708,sea,2,1,0,1,13,0,0,0,0
104,죽성항(황학대),26710,부산광역시 기장군,35.2426063741051,129.246818167789,sea,2,0,0,2,24,0,0,0,0
105,칠암항,26710,부산광역시 기장군,35.2985805894268,129.260259786681,mainland,2,1,0,1,20,4,3,1,0
106,학리항(학리방파제),26710,부산광역시 기장군,35.2599730111,129.2477530679,sea,1,0,0,1,30,0,0,0,0
107,해광사,26710,부산광역시 기장군,35.2055353415,129.225732282,mainland,4,2,0,2,12,3,2,1,0
108,해동 용궁사(부산),26710,부산광역시 기장군,35.1882428912,129.2235301928,mainland,4,2,0,2,22,6,4,2,0
109,개항장 거리,28110,인천광역시 중구,37.4728824966,126.6209923219,mainland,6,0,3,3,0,0,0,0,0
110,거잠포선착장,28110,인천광역시 중구,37.4221140221,126.4254255008,island,3,0,2,1,2,1,1,0,0
111,거잠포해변,28110,인천광역시 중구,37.4221334646,126.4254532761,island,3,0,2,1,26,2,2,0,0
112,광명항,28110,인천광역시 중구,37.3747,126.4366,sea,3,1,2,0,59,11,8,3,1
113,국사봉(인천),28110,인천광역시 중구,37.3915951817,126.4159494251,island,4,1,2,1,13,0,0,0,0
114,마이랜드,28110,인천광역시 중구,37.474853843,126.59879319,mainland,7,0,3,4,0,1,0,1,0
115,무의도,28110,인천광역시 중구,37.3893400446,126.4249153348,island,5,1,3,1,27,2,2,0,0
116,북성포구,28110,인천광역시 중구,37.4831408166,126.6154759117,sea,5,0,2,3,38,1,1,0,0
117,삼국지벽화거리,28110,인천광역시 중구,37.474512695,126.6182285102,mainland,6,0,3,3,0,0,0,0,0
118,삼목선착장,28110,인천광역시 중구,37.4985639507,126.4532403015,sea,1,0,0,1,56,1,1,0,0
119,선녀바위,28110,인천광역시 중구,37.4396528391,126.3789681524,island,6,1,3,2,20,26,18,8,0
120,선녀바위해수욕장,28110,인천광역시 중구,37.4396528391,126.3789681524,island,6,1,3,2,0,0,0,0,0
121,송월동 동화마을,28110,인천광역시 중구,37.4776,126.6206,mainland,6,0,3,3,0,0,0,0,0
122,실미도,28110,인천광역시 중구,37.400751131038,126.391277875892,island,3,1,1,1,0,0,0,0,0
123,실미해수욕장,28110,인천광역시 중구,37.400751131038,126.391277875892,island,3,1,1,1,43,17,13,4,0
124,씨사이드파크하늘구름광장,28110,인천광역시 중구,37.4833018704679,126.568160681001,island,3,0,1,2,0,0,0,0,0
125,씨사이드파크해수족욕장,28110,인천광역시 중구,37.4833018704679,126.568160681001,island,3,0,1,2,31,3,0,3,1
126,연안부두,28110,인천광역시 중구,37.454279,126.598615,sea,5,0,3,2,40,2,2,0,2
127,연안부두 밴댕이회무침거리,28110,인천광역시 중구,37.456266,126.603466,sea,5,0,3,2,33,6,4,2,1
128,영종역사관,28110,인천광역시 중구,37.4890686438,126.5777127649,island,3,0,1,2,46,1,1,0,0
129,예단포선착장,28110,인천광역시 중구,37.5314359892,126.5024321193,sea,0,0,0,0,76,1,1,0,0
130,왕산마리나,28110,인천광역시 중구,37.4577019299,126.357801802,island,7,1,3,3,47,2,1,1,0
131,왕산해수욕장,28110,인천광역시 중구,37.4564772809585,126.369306265996,island,7,1,3,3,34,3,2,1,1
132,용유도,28110,인천광역시 중구,37.4237,126.4216,island,3,0,2,1,0,0,0,0,0
133,용유도 마시안해변,28110,인천광역시 중구,37.4237,126.4216,island,3,0,2,1,18,1,1,0,0
134,용유도해변,28110,인천광역시 중구,37.4452,126.398,island,5,1,4,0,41,8,6,2,0
135,월미공원,28110,인천광역시 중구,37.47574981,126.6041549279,mainland,8,0,3,5,11,0,0,0,0
136,월미도,28110,인천광역시 중구,37.4722,126.6001,mainland,7,0,3,4,0,0,0,0,0
137,월미도해양관광  (월미도유람선),28110,인천광역시 중구,37.4764927683,126.5984916412,mainland,7,0,3,4,10,2,1,1,0
138,월미문화의거리 & 달빛음악분수,28110,인천광역시 중구,37.4738860361,126.5983832839,mainland,7,0,3,4,4,7,4,3,1
139,월미바다열차,28110,인천광역시 중구,37.4765930859,126.6170898216,mainland,6,0,3,3,2,0,0,0,0
140,월미산,28110,인천광역시 중구,37.4712268172968,126.602633050249,mainland,7,0,3,4,0,0,0,0,0
141,월미산유리전망대,28110,인천광역시 중구,37.4712808586,126.6026468561,mainland,7,0,3,4,0,0,0,0,0
142,을왕리선착장,28110,인천광역시 중구,37.4485,126.3695,island,7,1,3,3,9,14,11,3,1
143,을왕리해수욕장,28110,인천광역시 중구,37.445948,126.372722,island,7,1,3,3,14,10,9,1,0
144,인천 차이나타운,28110,인천광역시 중구,37.4756,126.6179,mainland,6,0,3,3,0,0,0,0,0
145,인천 팔미도 등대,28110,인천광역시 중구,37.35831988618524,126.51082526934516,sea,0,0,0,0,10,2,0,2,0
146,인천개항박물관,28110,인천광역시 중구,37.4760042937,126.6184897013,mainland,6,0,3,3,0,0,0,0,0
147,인천개항장 근대건축전시관,28110,인천광역시 중구,37.4728852777,126.6211978573,mainland,6,0,3,3,0,0,0,0,0
148,인천국제공항,28110,인천광역시 중구,37.4476109664,126.4523467386,island,0,0,0,0,9,0,0,0,0
149,인천시민애집,28110,인천광역시 중구,37.474390967,126.6225467492,mainland,6,0,3,3,0,0,0,0,0
150,인천중구청(구 인천부 청사),28110,인천광역시 중구,37.4736836892,126.621495069,mainland,6,0,3,3,0,0,0,0,0
151,인천항 제8부두,28110,인천광역시 중구,37.4749,126.6141,mainland,6,0,3,3,0,0,0,0,0
152,인천항연안여객터미널,28110,인천광역시 중구,37.4542093832,126.5989672163,sea,5,0,3,2,9,2,2,0,0
153,자유공원(인천),28110,인천광역시 중구,37.4752405648,126.6222615765,mainland,6,0,3,3,0,0,0,0,0
154,잠진도,28110,인천광역시 중구,37.4185,126.414,sea,3,0,2,1,8,2,1,1,0
155,잠진도선착장,28110,인천광역시 중구,37.416632944883,126.41507789007,sea,3,0,2,1,20,4,2,2,0
156,제물포구락부,28110,인천광역시 중구,37.4745600965158,126.622500461047,mainland,6,0,3,3,0,0,0,0,0
157,중구생활사전시관,28110,인천광역시 중구,37.4735170173,126.6201063115,mainland,6,0,3,3,0,0,0,0,0
158,짜장면박물관,28110,인천광역시 중구,37.4747905471,126.6181675445,mainland,6,0,3,3,0,0,0,0,0
159,트릭아트스토리,28110,인천광역시 중구,37.4776334376,126.6207274254,mainland,6,0,3,3,0,0,0,0,0
160,팔미도 유람선,28110,인천광역시 중구,37.4554968907,126.6018251248,sea,5,0,3,2,9,4,4,0,0
161,하나개해수욕장,28110,인천광역시 중구,37.384642,126.409268,island,3,1,2,0,13,13,11,2,1
162,하늘정원,28110,인천광역시 중구,37.4442512024,126.4749120409,island,0,0,0,0,45,0,0,0,0
163,한국이민사박물관,28110,인천광역시 중구,37.4700685828,126.600238872,mainland,7,0,3,4,18,2,0,2,0
164,한중문화관,28110,인천광역시 중구,37.4735240454,126.6187591887,mainland,6,0,3,3,0,0,0,0,0
165,해상관광탐방로,28110,인천광역시 중구,37.383263,126.410384,island,3,1,2,0,16,23,12,11,2
166,호룡곡산,28110,인천광역시 중구,37.376852609,126.4250489979,island,3,1,2,0,20,3,3,0,0
167,만석부두,28140,인천광역시 동구,37.4867626,126.6214288,mainland,4,0,1,3,66,3,2,1,0
168,송현근린공원,28140,인천광역시 동구,37.479002815,126.639483687,mainland,3,0,0,3,0,0,0,0,0
169,인천 화평동 세숫대야 냉면거리,28140,인천광역시 동구,37.478385,126.630136,mainland,4,0,1,3,0,0,0,0,0
170,화도진지,28140,인천광역시 동구,37.4824286944,126.6288746185,mainland,4,0,1,3,18,0,0,0,0
171,송암미술관,28177,인천광역시 미추홀구,37.43456217048426,126.6412177549621,mainland,1,0,1,0,0,0,0,0,0
172,송도 도그파크,28185,인천광역시 연수구,37.408118,126.634506,mainland,0,0,0,0,14,0,0,0,0
173,인천항 국제여객터미널,28185,인천광역시 연수구,37.4241197229,126.6054979021,sea,3,0,2,1,49,0,0,0,0
174,인천항 크루즈터미널,28185,인천광역시 연수구,37.4251239113,126.5916742941,sea,3,0,2,1,27,9,7,2,5
175,한국가스공사 가스과학관,28185,인천광역시 연수구,37.348737,126.607703,mainland,1,0,0,1,89,0,0,0,0
176,늘솔길공원,28200,인천광역시 남동구,37.3917602551,126.7217418733,mainland,3,0,0,3,26,1,1,0,0
177,새우타워 전망대,28200,인천광역시 남동구,37.3939607859,126.7337001961,mainland,3,0,0,3,18,0,0,0,0
178,소래습지생태공원,28200,인천광역시 남동구,37.4073621562599,126.746334700259,mainland,3,0,0,3,0,0,0,0,0
179,소래포구,28200,인천광역시 남동구,37.3988547472,126.7400466626,mainland,3,0,0,3,8,1,1,0,0
180,소래포구 종합어시장,28200,인천광역시 남동구,37.3987213792,126.7371858342,mainland,3,0,0,3,3,1,1,0,1
181,세어도,28260,인천광역시 서구,37.5725415953489,126.566792055211,island,1,0,0,1,92,0,0,0,0
182,영종대교휴게소 기념관,28260,인천광역시 서구,37.5537,126.6072,mainland,0,0,0,0,67,1,1,0,0
183,갑곶돈대,28710,인천광역시 강화군,37.7335377029,126.5171140395,island,1,1,0,0,28,2,2,0,2
184,강화 덕진진,28710,인천광역시 강화군,37.649151486,126.5256545871,island,2,0,0,2,21,0,0,0,0
185,강화 동막해변,28710,인천광역시 강화군,37.5932371251,126.4570494412,island,1,0,0,1,29,1,1,0,0
186,강화 서도 중앙교회,28710,인천광역시 강화군,37.6436850663,126.2442776542,island,1,0,0,1,81,1,0,1,0
187,강화 초지진,28710,인천광역시 강화군,37.6325614284,126.5322409778,island,2,0,0,2,54,1,1,0,0
188,강화도제적봉 평화전망대,28710,인천광역시 강화군,37.8264362717,126.4330210542,island,0,0,0,0,57,0,0,0,0
189,건평항,28710,인천광역시 강화군,37.6799282815832,126.399072148521,island,3,1,0,2,46,1,1,0,0
190,계룡돈대,28710,인천광역시 강화군,37.723527666,126.3538237336,island,0,0,0,0,30,0,0,0,0
191,고려천도공원,28710,인천광역시 강화군,37.8037698132365,126.46308739108,island,0,0,0,0,40,0,0,0,0
192,광성보,28710,인천광역시 강화군,37.6641242017,126.5302319556,island,1,0,0,1,87,0,0,0,0
193,교동읍성,28710,인천광역시 강화군,37.768483,126.296202,island,1,0,0,1,18,0,0,0,0
194,교동향교,28710,인천광역시 강화군,37.774952,126.297005,island,1,0,0,1,30,0,0,0,0
195,난정리 전망대,28710,인천광역시 강화군,37.7762804449,126.2294947954,island,0,0,0,0,95,0,0,0,0
196,남산포 선착장,28710,인천광역시 강화군,37.76300785809509,126.29093744073144,island,1,0,0,1,84,0,0,0,0
197,"동검도(나들길,캠핑,예술극장)",28710,인천광역시 강화군,37.5913078899,126.5183879337,island,1,0,0,1,36,0,0,0,0
198,동검선착장,28710,인천광역시 강화군,37.58590937134621,126.52495197023504,sea,1,0,0,1,42,1,0,1,0
199,망양돈대,28710,인천광역시 강화군,37.7009501072,126.3745446821,island,3,0,1,2,12,0,0,0,0
200,망향대,28710,인천광역시 강화군,37.8127551811486,126.248383207726,island,0,0,0,0,65,0,0,0,0
201,무태돈대,28710,인천광역시 강화군,37.77157711749694,126.35505687090064,sea,0,0,0,0,52,0,0,0,0
202,민머루해변,28710,인천광역시 강화군,37.6515995762,126.3328054311,island,2,0,0,2,34,1,1,0,0
203,보문사(강화),28710,인천광역시 강화군,37.6882869942662,126.320957357326,island,0,0,0,0,79,0,0,0,0
204,볼음도(저어새 생태마을),28710,인천광역시 강화군,37.67082147328048,126.19170512353789,island,1,1,0,0,141,1,1,0,0
205,분오리돈대,28710,인천광역시 강화군,37.5901,126.4618,island,1,0,0,1,16,1,1,0,0
206,석모도,28710,인천광역시 강화군,37.6933453082,126.3670844661,island,3,0,1,2,0,0,0,0,0
207,석모도 미네랄 온천,28710,인천광역시 강화군,37.6933453082,126.3670844661,island,3,0,1,2,36,1,1,0,0
208,석모도 칠면초 군락지,28710,인천광역시 강화군,37.6649101891,126.371561377,sea,2,1,0,1,29,0,0,0,0
209,석포리선착장,28710,인천광역시 강화군,37.693701034648,126.367197113249,sea,3,0,1,2,16,2,2,0,0
210,소리체험박물관,28710,인천광역시 강화군,37.5989817729073,126.508247045286,island,1,0,0,1,31,0,0,0,0
211,어류정항,28710,인천광역시 강화군,37.6454143692,126.3432824202,island,2,0,0,2,30,1,1,0,1
212,연미정,28710,인천광역시 강화군,37.7708274897435,126.511836312071,island,0,0,0,0,55,0,0,0,0
213,외포리선착장,28710,인천광역시 강화군,37.7005030581,126.3814523947,island,4,1,1,2,22,1,1,0,0
214,용진진,28710,인천광역시 강화군,37.7093182482,126.5138816793,island,1,1,0,0,65,0,0,0,0
215,장곶돈대,28710,인천광역시 강화군,37.635225,126.36885,island,1,0,0,1,25,0,0,0,0
216,장화리일몰조망지,28710,인천광역시 강화군,37.6179827139083,126.378375904365,island,0,0,0,0,51,1,1,0,0
217,주문도,28710,인천광역시 강화군,37.6502429919904,126.23915810814,island,1,0,0,1,88,1,0,1,1
218,창후리선착장,28710,인천광역시 강화군,37.77034875127603,126.35509377957158,sea,0,0,0,0,24,0,0,0,0
219,해든뮤지움,28710,인천광역시 강화군,37.6120690734,126.508843843,island,0,0,0,0,15,0,0,0,0
220,황청포구,28710,인천광역시 강화군,37.7122207521196,126.353656258562,island,2,0,1,1,48,1,1,0,0
221,후애돈대,28710,인천광역시 강화군,37.6011061664336,126.488640572346,sea,1,0,0,1,32,1,1,0,0
222,후포항 선수포구,28710,인천광역시 강화군,37.6405074614,126.3920447545,island,0,0,0,0,38,0,0,0,0
223,계남해변,28720,인천광역시 옹진군,37.159358,126.277585,island,1,1,0,0,28,0,0,0,0
224,굴업도,28720,인천광역시 옹진군,37.1904,125.9782,island,0,0,0,0,125,1,1,0,1
225,낭하리해변,28720,인천광역시 옹진군,37.2410924010229,126.526649615134,island,8,1,4,3,46,5,5,0,0
226,넛출선착장,28720,인천광역시 옹진군,37.2540802614,126.5111216442,island,8,2,2,4,49,8,4,4,0
227,노가리해수욕장,28720,인천광역시 옹진군,37.2391,126.471,island,3,1,0,2,66,0,0,0,0
228,당너머해수욕장,28720,인천광역시 옹진군,37.2341,126.5306,sea,6,0,5,1,9,0,0,0,0
229,대이작도,28720,인천광역시 옹진군,37.1748652303253,126.258771976731,island,1,1,0,0,1,0,0,0,0
230,대이작도선착장,28720,인천광역시 옹진군,37.1782312977723,126.247831285936,sea,0,0,0,0,32,0,0,0,0
231,대청도 농여해변,28720,인천광역시 옹진군,37.841163753,124.7015425379,island,3,0,1,2,46,0,0,0,0
232,대청도 옥죽동 해안사구,28720,인천광역시 옹진군,37.8433331588,124.7148329142,island,2,0,1,1,61,2,2,0,0
233,덕적도 갈대 군락지,28720,인천광역시 옹진군,37.2275735058735,126.14465668836,island,0,0,0,0,41,0,0,0,0
234,덕적도 능동자갈마당,28720,인천광역시 옹진군,37.26393985423115,126.10273809912997,island,1,1,0,0,139,1,1,0,1
235,덕적도 비조봉,28720,인천광역시 옹진군,37.2191,126.1311,island,0,0,0,0,12,0,0,0,0
236,목섬,28720,인천광역시 옹진군,37.2289,126.5327,sea,5,0,4,1,5,10,7,3,0
237,몽돌해수욕장(옹진군),28720,인천광역시 옹진군,37.28411278,126.4671189661,sea,4,1,2,1,15,1,1,0,0
238,밧지름해변,28720,인천광역시 옹진군,37.215244214,126.1393794447,island,0,0,0,0,48,1,0,1,0
239,배미꾸미조각공원,28720,인천광역시 옹진군,37.5290051860976,126.406206205215,island,2,1,0,1,73,0,0,0,0
240,백령도 끝섬전망대,28720,인천광역시 옹진군,37.9590473581296,124.743614239073,island,3,0,0,3,50,0,0,0,0
241,백령도 콩돌해변,28720,인천광역시 옹진군,37.9234068099,124.6980823945,sea,1,0,0,1,80,0,0,0,0
242,부아산전망대,28720,인천광역시 옹진군,37.1769,126.2605,island,1,1,0,0,16,1,1,0,0
243,사곶해변,28720,인천광역시 옹진군,37.9528481792,124.7218016453,island,3,0,0,3,35,0,0,0,0
244,서포리해변,28720,인천광역시 옹진군,37.2220174305,126.1156563771,island,0,0,0,0,94,0,0,0,0
245,선재도(선재도 어촌체험마을),28720,인천광역시 옹진군,37.2329127508857,126.537224694904,island,5,0,4,1,41,5,2,3,1
246,섬마을선생촬영지,28720,인천광역시 옹진군,37.1588064476478,126.280361973005,island,1,1,0,0,29,0,0,0,0
247,소야도,28720,인천광역시 옹진군,37.219,126.1693,island,0,0,0,0,42,0,0,0,0
248,소야도 떼뿌리 해변,28720,인천광역시 옹진군,37.2126756954,126.175942845,island,0,0,0,0,91,4,2,2,0
249,소이작도,28720,인천광역시 옹진군,37.182922196892,126.23647948846,island,0,0,0,0,85,1,1,0,1
250,소청도,28720,인천광역시 옹진군,37.7724362022747,124.752357112935,island,0,0,0,0,128,0,0,0,0
251,수기해변,28720,인천광역시 옹진군,37.5446026512,126.431177159,island,1,0,0,1,55,1,0,1,0
252,승봉도,28720,인천광역시 옹진군,37.1664948931223,126.308720111605,island,1,1,0,0,63,0,0,0,0
253,승봉도 이일레 해변,28720,인천광역시 옹진군,37.1655916496,126.301277132,island,1,1,0,0,14,0,0,0,0
254,승봉도선착장,28720,인천광역시 옹진군,37.1700465271,126.2919417508,island,1,1,0,0,22,0,0,0,0
255,신도선착장,28720,인천광역시 옹진군,37.5152478762,126.4392855613,island,1,0,0,1,64,1,1,0,0
256,신시모도 (신도ㆍ시도ㆍ모도),28720,인천광역시 옹진군,37.527931,126.457237,island,1,0,0,1,91,0,0,0,0
257,심청각,28720,인천광역시 옹진군,37.9797643244,124.7136239269,island,2,0,0,2,67,0,0,0,0
258,연평도(대/소 연평도),28720,인천광역시 옹진군,37.6648819182778,125.701999411438,island,4,0,0,4,147,3,2,1,1
259,영암어촌계 체험장,28720,인천광역시 옹진군,37.2824555947014,126.457396896026,island,3,0,2,1,19,2,2,0,0
260,영흥도,28720,인천광역시 옹진군,37.2561176156,126.48181379,island,6,2,2,2,35,0,0,0,0
261,영흥도 십리포해변,28720,인천광역시 옹진군,37.280800684,126.4826666994,island,4,1,2,1,33,6,4,2,0
262,옹진 백령도 두무진,28720,인천광역시 옹진군,37.9742662146,124.6194550562,island,1,0,0,1,103,0,0,0,0
263,자월도,28720,인천광역시 옹진군,37.2521,126.3216,island,1,1,0,0,81,1,1,0,0
264,자월도 장골해변,28720,인천광역시 옹진군,37.248914,126.315902,island,1,1,0,0,55,1,0,1,0
265,자월도선착장,28720,인천광역시 옹진군,37.2445,126.3184,island,1,1,0,0,12,0,0,0,0
266,작은풀안 해변,28720,인천광역시 옹진군,37.170836,126.257423,island,1,1,0,0,14,0,0,0,0
267,장경리해수욕장,28720,인천광역시 옹진군,37.2722,126.4483,island,3,0,2,1,48,1,1,0,0
268,장봉도,28720,인천광역시 옹진군,37.5337091322514,126.34729239829,island,3,2,0,1,66,0,0,0,0
269,장봉도 옹암해변,28720,인천광역시 옹진군,37.53102257,126.3679055429,island,2,1,0,1,26,1,1,0,1
270,장봉도 진촌해변,28720,인천광역시 옹진군,37.5337091322514,126.34729239829,island,3,2,0,1,0,0,0,0,0
271,장봉도 한들해수욕장,28720,인천광역시 옹진군,37.5287847256006,126.346828690998,island,3,2,0,1,53,2,2,0,0
272,장봉선착장,28720,인천광역시 옹진군,37.5305629469382,126.38446384592,sea,1,1,0,0,31,2,1,1,0
273,진두선착장,28720,인천광역시 옹진군,37.2545208721,126.4986511891,sea,7,2,2,3,39,7,4,3,2
274,진리도우선착장,28720,인천광역시 옹진군,37.2275264668415,126.154939018891,island,0,0,0,0,43,0,0,0,0
275,측도,28720,인천광역시 옹진군,37.2319404532,126.5155947073,island,7,1,4,2,19,2,2,0,0
276,큰풀안 해변,28720,인천광역시 옹진군,37.1703158574893,126.263013352918,island,1,1,0,0,20,0,0,0,0
277,통일사,28720,인천광역시 옹진군,37.2707877723,126.4609625112,island,3,0,2,1,0,0,0,0,0
278,울산함,31140,울산광역시 남구,35.502367435,129.3825884449,mainland,0,0,0,0,30,1,0,1,0
279,장생포 고래문화마을,31140,울산광역시 남구,35.5059156009,129.3830959043,mainland,0,0,0,0,61,1,1,0,0
280,장생포 고래바다여행선,31140,울산광역시 남구,35.5028149271,129.3808541361,mainland,0,0,0,0,55,5,4,1,0
281,과개안(너븐개) 해안,31170,울산광역시 동구,35.490509,129.439984,mainland,6,1,3,2,12,2,2,0,0
282,대왕암공원,31170,울산광역시 동구,35.4904590082,129.4352747432,mainland,6,1,3,2,6,1,0,1,0
283,방어진항,31170,울산광역시 동구,35.483429,129.427791,sea,7,1,3,3,25,16,13,3,2
284,슬도,31170,울산광역시 동구,35.4781868,129.4312364,mainland,7,1,3,3,12,7,7,0,0
285,울기등대,31170,울산광역시 동구,35.49247561,129.4438267191,mainland,6,1,3,2,39,2,1,1,0
286,울산대교 전망대,31170,울산광역시 동구,35.5017849664,129.4062491748,mainland,4,1,1,2,21,1,1,0,0
287,월봉사(울산),31170,울산광역시 동구,35.4934638757,129.4167012764,mainland,7,1,3,3,10,0,0,0,0
288,일산해수욕장(울산),31170,울산광역시 동구,35.4949278551,129.4302000587,mainland,6,1,3,2,33,1,1,0,0
289,주전몽돌해변,31170,울산광역시 동구,35.565609276,129.4552486547,mainland,1,0,0,1,25,3,3,0,0
290,주전봉수대,31170,울산광역시 동구,35.5442107368,129.4477103122,mainland,1,0,0,1,72,3,3,0,0
291,화암추 등대,31170,울산광역시 동구,35.4725632681,129.4073304603,mainland,6,1,2,3,82,5,3,2,0
292,강동몽돌해변,31200,울산광역시 북구,35.6316780539,129.4405927752,mainland,4,0,0,4,25,1,1,0,0
293,당사해양낚시공원,31200,울산광역시 북구,35.5811408729,129.4557092851,sea,1,0,0,1,20,2,1,1,0
294,신명·정자해변,31200,울산광역시 북구,35.6316780539,129.4405927752,mainland,4,0,0,4,0,0,0,0,0
295,우가산유포봉수대,31200,울산광역시 북구,35.5899,129.4605,mainland,2,0,0,2,35,0,0,0,0
296,울산안전체험관,31200,울산광역시 북구,35.6177364666,129.4403484748,mainland,2,0,0,2,38,5,4,1,1
297,간절곶 등대,31710,울산광역시 울주군,35.3589668021,129.3605738299,mainland,2,0,0,2,14,0,0,0,0
298,강양항,31710,울산광역시 울주군,35.3904,129.3463,mainland,2,1,0,1,42,13,12,1,0
299,나사해변(나사리해수욕장),31710,울산광역시 울주군,35.3563389636,129.34162833,mainland,2,0,0,2,62,2,2,0,0
300,솔개공원,31710,울산광역시 울주군,35.373315002,129.3503993143,sea,4,1,0,3,8,1,1,0,0
301,솔개해수욕장,31710,울산광역시 울주군,35.3737,129.3467,mainland,4,1,0,3,7,1,1,0,0
302,송정공원,31710,울산광역시 울주군,35.3695793,129.3539966546,mainland,4,1,0,3,13,3,2,1,0
303,울산해양박물관,31710,울산광역시 울주군,35.3616416138,129.3546686466,mainland,2,0,0,2,8,0,0,0,0
304,진하해수욕장,31710,울산광역시 울주군,35.3838546791884,129.345975785015,mainland,4,1,0,3,15,8,7,1,0
305,마안산,41220,경기도 평택시,36.9307,126.9499,mainland,0,0,0,0,0,0,0,0,0
306,수도사(평택),41220,경기도 평택시,37.0029889862,126.821909263,mainland,1,0,0,1,90,1,1,0,0
307,지영희국악관,41220,경기도 평택시,36.921521505,126.921433967,sea,1,0,0,1,55,0,0,0,0
308,평택호관광단지,41220,경기도 평택시,36.921491829,126.9222413036,sea,1,0,0,1,0,0,0,0,0
309,평택호예술공원,41220,경기도 평택시,36.9217501566,126.9236133944,sea,1,0,0,1,0,0,0,0,0
310,고래뿌리선착장,41273,경기도 안산시 단원구,37.2002506228,126.569412898,island,2,0,1,1,37,0,0,0,0
311,구봉솔숲해수욕장,41273,경기도 안산시 단원구,37.282051963,126.5531121433,sea,6,1,2,3,87,13,6,7,2
312,누에섬 등대전망대,41273,경기도 안산시 단원구,37.1872782256,126.6322686486,sea,8,2,0,6,8,4,2,2,1
313,대부도,41273,경기도 안산시 단원구,37.2436681190706,126.585257723861,island,1,0,1,0,5,0,0,0,0
314,대부도 방아머리 음식문화거리,41273,경기도 안산시 단원구,37.2436764194,126.585151945,island,1,0,1,0,25,1,0,1,0
315,대부도칼국수거리,41273,경기도 안산시 단원구,37.2436681190706,126.585257723861,island,1,0,1,0,0,0,0,0,0
316,동주염전,41273,경기도 안산시 단원구,37.2336028607,126.6007674667,island,0,0,0,0,75,1,0,1,0
317,방아머리선착장,41273,경기도 안산시 단원구,37.2963978942,126.5744098104,island,6,1,2,3,34,0,0,0,0
318,방아머리해변,41273,경기도 안산시 단원구,37.2895262898783,126.577476660827,island,6,1,2,3,20,4,3,1,0
319,안산 어촌민속박물관,41273,경기도 안산시 단원구,37.1925072623,126.6461205161,sea,7,1,0,6,32,0,0,0,0
320,유리섬박물관,41273,경기도 안산시 단원구,37.21975460360186,126.60241910289947,island,0,0,0,0,92,1,1,0,0
321,종이미술관,41273,경기도 안산시 단원구,37.2245241034,126.575790543,island,3,0,1,2,29,0,0,0,0
322,쪽박섬,41273,경기도 안산시 단원구,37.2143,126.5422,island,6,0,4,2,67,6,4,2,0
323,탄도선착장,41273,경기도 안산시 단원구,37.1905,126.6457,sea,7,1,0,6,10,4,4,0,1
324,풍도,41273,경기도 안산시 단원구,37.1112106471,126.3929258117,island,1,0,0,1,50,0,0,0,0
325,거북섬,41390,경기도 시흥시,37.32141862904099,126.6797265434148,sea,3,1,1,1,29,2,1,1,1
326,맑은물상상누리,41390,경기도 시흥시,37.3373271984,126.6973490127,mainland,3,0,1,2,0,0,0,0,0
327,배곧생명공원,41390,경기도 시흥시,37.3714102573224,126.72147853086751,mainland,3,0,0,3,33,0,0,0,0
328,시흥 오이도마을,41390,경기도 시흥시,37.34521671636174,126.68579906203232,mainland,4,0,1,3,0,0,0,0,0
329,시흥배곧한울공원 해수체험장,41390,경기도 시흥시,37.35398142768536,126.70176823911984,mainland,2,0,1,1,31,0,0,0,0
330,시흥오이도박물관,41390,경기도 시흥시,37.3347094008,126.6917702916,mainland,3,0,1,2,16,0,0,0,0
331,신세계사이먼 시흥 프리미엄 아울렛,41390,경기도 시흥시,37.3801938341,126.7383981191,mainland,3,0,0,3,6,0,0,0,0
332,오이도,41390,경기도 시흥시,37.34554272638197,126.68749231077204,mainland,3,0,1,2,9,1,1,0,0
333,오이도 선사유적공원,41390,경기도 시흥시,37.3430890618,126.6961807687,mainland,3,0,1,2,3,0,0,0,0
334,오이도 음식문화거리,41390,경기도 시흥시,37.3452,126.6876,mainland,3,0,1,2,4,0,0,0,0
335,오이도선착장,41390,경기도 시흥시,37.34521671636174,126.68579906203232,mainland,4,0,1,3,56,1,1,0,1
336,옥구공원,41390,경기도 시흥시,37.356171329968376,126.71317848804398,mainland,2,0,1,1,7,0,0,0,0
337,월곶포구,41390,경기도 시흥시,37.3872894929,126.7402497442,mainland,3,0,0,3,26,0,0,0,0
338,김포 대명항,41570,경기도 김포시,37.6394407719,126.5417171922,sea,2,0,0,2,25,2,2,0,0
339,김포 덕포진,41570,경기도 김포시,37.6497816245,126.5366622839,mainland,2,0,0,2,11,0,0,0,0
340,김포 문수산성,41570,경기도 김포시,37.7421,126.5309,mainland,1,1,0,0,23,0,0,0,0
341,김포함상공원,41570,경기도 김포시,37.64001409179706,126.53945172495024,mainland,2,0,0,2,5,0,0,0,0
342,덕포진교육박물관,41570,경기도 김포시,37.650652759,126.53872343,mainland,2,0,0,2,8,0,0,0,0
343,문수산,41570,경기도 김포시,37.7391402124,126.53890633,mainland,1,1,0,0,0,0,0,0,0
344,문수산산림욕장,41570,경기도 김포시,37.7372542205,126.5332124602,mainland,1,1,0,0,5,0,0,0,0
345,애기봉평화생태공원,41570,경기도 김포시,37.7528914462,126.5945981518,mainland,0,0,0,0,0,0,0,0,0
346,외할머니의 부엌,41570,경기도 김포시,37.6499756891,126.5389774072,mainland,2,0,0,2,1,0,0,0,0
347,용화사(김포),41570,경기도 김포시,37.6642597004,126.6759708835,sea,0,0,0,0,0,0,0,0,0
348,작은미술관 보구곶,41570,경기도 김포시,37.7577600955,126.5298576374,mainland,0,0,0,0,36,0,0,0,0
349,국화도,41590,경기도 화성시,37.059287,126.554391,island,6,0,1,5,33,8,6,2,0
350,궁평리 해수욕장,41590,경기도 화성시,37.125363,126.683859,mainland,2,0,0,2,40,0,0,0,0
351,궁평항,41590,경기도 화성시,37.11535292648798,126.68133626289496,sea,2,0,0,2,39,3,2,1,0
352,궁평해송군락지,41590,경기도 화성시,37.1209646072,126.685046224,sea,2,0,0,2,5,1,1,0,0
353,매향리평화역사관,41590,경기도 화성시,37.0492718435,126.755548577,mainland,2,0,1,1,32,10,4,6,0
354,매향항선착장,41590,경기도 화성시,37.073643146,126.7330098323,sea,1,0,0,1,42,3,1,2,1
355,석천항,41590,경기도 화성시,37.0297487649,126.7640137768,mainland,2,0,1,1,60,1,0,1,0
356,우음도,41590,경기도 화성시,37.287012,126.738953,sea,0,0,0,0,0,0,0,0,0
357,전곡항,41590,경기도 화성시,37.1876,126.6507,mainland,7,1,0,6,91,3,1,2,0
358,제부도,41590,경기도 화성시,37.1686057162,126.6244698636,island,9,3,0,6,21,2,1,1,0
359,제부도 모세거리,41590,경기도 화성시,37.1708195,126.6232333,island,9,3,0,6,8,2,2,0,1
360,제부도 해안산책로(제비꼬리길),41590,경기도 화성시,37.1783,126.6207,sea,9,3,0,6,19,5,3,2,0
361,제부도선착장  (탄도선착장),41590,경기도 화성시,37.1686057162,126.6244698636,island,9,3,0,6,0,0,0,0,0
362,제부도해수욕장,41590,경기도 화성시,37.1643672308911,126.618134485375,island,7,3,0,4,17,14,11,3,3
363,형도,41590,경기도 화성시,37.278262,126.675078,mainland,0,0,0,0,0,0,0,0,0
364,고대도,44180,충청남도 보령시,36.3878596641411,126.366851878121,island,1,0,1,0,39,0,0,0,0
365,군헌갯벌체험장,44180,충청남도 보령시,36.3372356129,126.5325753996,mainland,5,3,2,0,26,3,3,0,0
366,남포방조제,44180,충청남도 보령시,36.2836057356,126.5374458056,mainland,2,1,0,1,15,0,0,0,0
367,녹도,44180,충청남도 보령시,36.2689583742004,126.265081450479,island,0,0,0,0,87,0,0,0,0
368,대천연안여객선터미널,44180,충청남도 보령시,36.3270364237,126.5115636671,mainland,3,2,1,0,16,4,3,1,0
369,대천항,44180,충청남도 보령시,36.327547448,126.5099110245,mainland,3,2,1,0,19,2,1,1,0
370,대천해수욕장,44180,충청남도 보령시,36.3103,126.5136,mainland,2,2,0,0,4,3,2,1,1
371,독대섬,44180,충청남도 보령시,36.2197573385,126.5280927518,mainland,2,1,1,0,25,9,3,6,0
372,독산해수욕장(홀뫼해수욕장),44180,충청남도 보령시,36.2225,126.5309,mainland,3,1,2,0,11,1,0,1,0
373,맨삽지(학성리 공룡발자국화석),44180,충청남도 보령시,36.4529260566,126.484486044,sea,1,0,1,0,45,3,3,0,0
374,머드광장,44180,충청남도 보령시,36.3150567993052,126.510366583235,mainland,2,2,0,0,3,1,1,0,1
375,명장섬해수욕장 (장고도),44180,충청남도 보령시,36.4011843048,126.3451095753,sea,2,1,1,0,25,0,0,0,0
376,무창포 수산물시장,44180,충청남도 보령시,36.248379385112,126.537022471787,mainland,4,1,2,1,21,4,4,0,1
377,무창포해수욕장,44180,충청남도 보령시,36.2444881783269,126.53653373179,mainland,3,1,2,0,15,4,3,1,0
378,보령 노을광장,44180,충청남도 보령시,36.3054695344,126.5163138025,mainland,2,2,0,0,21,6,6,0,0
379,보령 천북굴단지,44180,충청남도 보령시,36.507554119,126.4846446968,mainland,2,1,0,1,32,2,0,2,0
380,보령 충청수영성,44180,충청남도 보령시,36.439424,126.522792,mainland,3,2,1,0,9,0,0,0,0
381,보령 해수욕장 관광특구,44180,충청남도 보령시,36.3138156874,126.5097752843,mainland,2,2,0,0,3,2,1,1,0
382,보령방조제,44180,충청남도 보령시,36.4425845917,126.5303533951,mainland,2,2,0,0,11,1,1,0,1
383,분수광장,44180,충청남도 보령시,36.319739732495,126.507620652654,mainland,3,2,1,0,10,1,0,1,0
384,사창해수욕장,44180,충청남도 보령시,36.3653,126.4129,island,2,1,0,1,22,2,1,1,0
385,삽시도,44180,충청남도 보령시,36.3400263643928,126.356418022569,island,0,0,0,0,112,0,0,0,0
386,석대도,44180,충청남도 보령시,36.2444962311631,126.520257519217,sea,3,1,2,0,15,5,5,0,0
387,선촌항,44180,충청남도 보령시,36.3829,126.4338,island,1,1,0,0,33,0,0,0,0
388,소도,44180,충청남도 보령시,36.3992962702,126.4352158772,sea,0,0,0,0,55,0,0,0,0
389,수룡항 포구,44180,충청남도 보령시,36.515912,126.482891,mainland,3,1,0,2,18,4,2,2,0
390,순교성지 갈매못,44180,충청남도 보령시,36.4282110323,126.5080190468,mainland,3,2,1,0,46,2,0,2,0
391,오봉산해수욕장,44180,충청남도 보령시,36.368,126.3996,island,2,1,0,1,29,3,1,2,0
392,오천항,44180,충청남도 보령시,36.439312581,126.5207654562,mainland,3,2,1,0,20,5,4,1,3
393,왕대사(보령),44180,충청남도 보령시,36.3456545505,126.5593866563,mainland,3,1,2,0,35,2,1,1,0
394,외연도,44180,충청남도 보령시,36.2285,126.0823,island,2,1,0,1,141,1,1,0,0
395,용두해수욕장,44180,충청남도 보령시,36.2631,126.548,mainland,3,1,1,1,23,0,0,0,0
396,원산도,44180,충청남도 보령시,36.3726,126.424195,island,2,1,0,1,29,0,0,0,0
397,원산도해수욕장,44180,충청남도 보령시,36.363249,126.428089,island,2,1,0,1,34,1,0,1,0
398,장고도,44180,충청남도 보령시,36.3978,126.3405,island,1,1,0,0,47,0,0,0,0
399,장안해수욕장,44180,충청남도 보령시,36.2002320072,126.5404199298,mainland,1,0,1,0,21,5,2,3,0
400,저두항,44180,충청남도 보령시,36.3621,126.4552,island,1,1,0,0,49,2,2,0,0
401,죽도(보령),44180,충청남도 보령시,36.2767343077,126.5377903981,mainland,2,0,1,1,17,3,2,1,0
402,초전항,44180,충청남도 보령시,36.3813,126.3978,island,1,0,0,1,40,0,0,0,0
403,호도,44180,충청남도 보령시,36.3017682987,126.2644584385,island,0,0,0,0,57,1,1,0,1
404,호도해수욕장,44180,충청남도 보령시,36.2949470632,126.2670087367,sea,0,0,0,0,46,0,0,0,0
405,회변항,44180,충청남도 보령시,36.434118406,126.5016895329,mainland,3,2,1,0,33,1,1,0,0
406,효자도,44180,충청남도 보령시,36.3831,126.4445,island,1,1,0,0,49,0,0,0,0
407,아산 공세리성당,44200,충청남도 아산시,36.8833377411,126.9134070332,mainland,0,0,0,0,34,0,0,0,0
408,간월암(서산),44210,충청남도 서산시,36.60378976091961,126.41140862077368,sea,1,1,0,0,44,3,3,0,1
409,간월호 쉼터공원,44210,충청남도 서산시,36.6229,126.377,sea,0,0,0,0,44,0,0,0,0
410,고파도,44210,충청남도 서산시,36.9107356409,126.3359808063,island,2,1,0,1,116,2,1,1,0
411,구도선착장,44210,충청남도 서산시,36.8273534623,126.3274754619,mainland,2,1,0,1,102,1,0,1,1
412,벌천포해수욕장,44210,충청남도 서산시,36.9678306377,126.3368977321,mainland,2,0,2,0,106,5,5,0,0
413,삼길포 선상어시장(삼길포 어시장),44210,충청남도 서산시,37.0044879178,126.4523038477,sea,4,1,1,2,50,2,1,1,0
414,삼길포항,44210,충청남도 서산시,36.9992162821,126.4509846649,sea,4,1,1,2,7,1,1,0,0
415,서산버드랜드,44210,충청남도 서산시,36.6291779304,126.377750029,mainland,0,0,0,0,1,0,0,0,0
416,왕산포구,44210,충청남도 서산시,36.8732488278,126.3663096094,sea,2,2,0,0,81,0,0,0,0
417,우도(서산),44210,충청남도 서산시,36.8774343800428,126.400896722304,mainland,1,1,0,0,82,0,0,0,0
418,웅도,44210,충청남도 서산시,36.9240487227,126.3785099252,island,1,1,0,0,151,3,3,0,1
419,주벅배전망대,44210,충청남도 서산시,36.8421,126.3164,mainland,2,1,0,1,171,1,0,1,0
420,황금산,44210,충청남도 서산시,36.9915428552,126.3297458815,sea,2,0,2,0,62,4,2,2,0
421,고대지구근린공원,44270,충청남도 당진시,36.9760829822,126.7776056767,mainland,4,0,0,4,38,0,0,0,0
422,난지섬해수욕장,44270,충청남도 당진시,37.0469586553416,126.424178777297,island,1,0,0,1,57,5,4,1,0
423,당진 용천굴,44270,충청남도 당진시,37.036598389822,126.559599229665,mainland,5,1,1,3,28,1,0,1,0
424,당진항만관광공사 (삽교호 함상공원),44270,충청남도 당진시,36.8905936723,126.8244037698,mainland,3,0,0,3,0,0,0,0,0
425,대난지도,44270,충청남도 당진시,37.0488836173037,126.435419298704,island,1,0,0,1,103,2,2,0,0
426,도비도항,44270,충청남도 당진시,37.0212250448,126.462371927,mainland,4,1,1,2,83,10,4,6,0
427,마섬포구,44270,충청남도 당진시,37.0235018176,126.5795834483,mainland,2,1,0,1,45,2,1,1,0
428,맷돌포선착장,44270,충청남도 당진시,36.9100495992,126.8152124049,sea,3,0,0,3,40,2,1,1,1
429,삽교호놀이동산,44270,충청남도 당진시,36.8900103789,126.8228483707,mainland,3,0,0,3,10,0,0,0,0
430,삽교호바다공원,44270,충청남도 당진시,36.8906936611,126.8244148775,sea,3,0,0,3,6,2,2,0,0
431,삽교호호수공원,44270,충청남도 당진시,36.8888577675,126.8247454527,mainland,3,0,0,3,28,0,0,0,0
432,석문각,44270,충청남도 당진시,37.0511263874,126.5142393528,mainland,3,0,1,2,43,0,0,0,0
433,석문선착장,44270,충청남도 당진시,36.9949347428,126.6852913044,sea,2,1,0,1,52,10,7,3,1
434,안섬포구,44270,충청남도 당진시,36.9871504786,126.7394143893,mainland,1,0,0,1,41,0,0,0,0
435,왜목항,44270,충청남도 당진시,37.0488507864,126.5292123343,sea,5,0,1,4,22,7,6,1,0
436,왜목해수욕장,44270,충청남도 당진시,37.0488507864,126.5292123343,sea,5,0,1,4,0,0,0,0,0
437,용무치항,44270,충청남도 당진시,37.0344833913,126.5514662585,mainland,5,0,1,4,19,1,0,1,0
438,음섬포구,44270,충청남도 당진시,36.925362,126.801797,sea,3,0,0,3,33,0,0,0,0
439,한진포구,44270,충청남도 당진시,36.9708503431,126.7827136899,sea,5,0,0,5,24,4,3,1,0
440,행담도,44270,충청남도 당진시,36.9434706254,126.8085926487,island,3,0,0,3,104,2,1,1,0
441,갈목해변,44770,충청남도 서천군,36.0763,126.6312,mainland,2,0,1,1,79,1,0,1,0
442,국립해양생물자원관,44770,충청남도 서천군,36.017452181,126.6693641422,mainland,2,0,0,2,8,2,1,1,0
443,금강생태공원(서천생태공원),44770,충청남도 서천군,36.0228529753,126.7426952923,mainland,0,0,0,0,0,0,0,0,0
444,다사항,44770,충청남도 서천군,36.0970450569,126.6130299806,mainland,3,0,2,1,52,1,1,0,0
445,띠섬목해변,44770,충청남도 서천군,36.1351508331,126.5558841182,mainland,4,0,1,3,56,3,1,2,0
446,마량포구,44770,충청남도 서천군,36.1291450993,126.5050110606,sea,4,1,0,3,13,1,1,0,1
447,부사방조제,44770,충청남도 서천군,36.17594568,126.5275106079,mainland,2,0,0,2,20,0,0,0,0
448,비인 선도리 쌍도해안,44770,충청남도 서천군,36.1328737751,126.5827678765,mainland,5,0,2,3,30,5,4,1,0
449,비인해수욕장,44770,충청남도 서천군,36.1286,126.5914,mainland,3,0,2,1,21,3,2,1,0
450,서천 마량리 동백나무 숲,44770,충청남도 서천군,36.1375,126.4935,sea,4,1,0,3,22,0,0,0,0
451,서천군 조류생태전시관,44770,충청남도 서천군,36.0227155960074,126.742725300826,mainland,0,0,0,0,10,0,0,0,0
452,서천송림갯벌체험장,44770,충청남도 서천군,36.0241903863,126.6652216362,mainland,2,0,0,2,40,3,3,0,0
453,송석항,44770,충청남도 서천군,36.0778,126.6214,mainland,2,0,1,1,27,4,4,0,0
454,유부도,44770,충청남도 서천군,35.9940288724,126.6024363695,island,0,0,0,0,143,1,1,0,0
455,장항 스카이워크 (기벌포 해전 전망대),44770,충청남도 서천군,36.0185222959939,126.66556574788552,mainland,2,0,0,2,18,1,1,0,0
456,장항도시탐험역,44770,충청남도 서천군,36.012896511882,126.695288434157,mainland,4,1,0,3,19,1,1,0,0
457,장항항,44770,충청남도 서천군,36.0086202657,126.6841286801,mainland,4,1,0,3,17,0,0,0,0
458,춘장대해수욕장,44770,충청남도 서천군,36.1631866373,126.5243259179,mainland,2,0,0,2,37,4,2,2,0
459,한국최초 성경전래지 기념관,44770,충청남도 서천군,36.1315003079,126.5004669629,sea,4,1,0,3,17,0,0,0,0
460,홍원항,44770,충청남도 서천군,36.1564,126.5017,mainland,4,1,0,3,58,2,1,1,0
461,궁리포구,44800,충청남도 홍성군,36.5884471203,126.4572117089,sea,2,1,0,1,34,0,0,0,0
462,남당항,44800,충청남도 홍성군,36.5379350075214,126.470993432407,sea,3,1,0,2,37,1,0,1,0
463,속동전망대,44800,충청남도 홍성군,36.5768041393,126.4644113664,sea,2,1,0,1,19,3,2,1,0
464,어사리 노을공원,44800,충청남도 홍성군,36.5561538055,126.4683671084,sea,2,1,0,1,29,3,3,0,1
465,죽도(홍성),44800,충청남도 홍성군,36.5193186883,126.4411594216,sea,1,0,0,1,38,0,0,0,0
466,가의도,44825,충청남도 태안군,36.6761,126.0727,island,1,0,0,1,125,3,2,1,0
467,갈음이해수욕장,44825,충청남도 태안군,36.6957489937,126.1520087212,mainland,3,0,0,3,55,1,1,0,0
468,개목항,44825,충청남도 태안군,36.8319,126.1678,sea,3,2,1,0,54,1,0,1,0
469,고남패총박물관,44825,충청남도 태안군,36.420275939,126.4100857471,island,2,1,1,0,32,3,3,0,0
470,곰섬해수욕장,44825,충청남도 태안군,36.5886775843,126.2908350691,mainland,3,2,0,1,40,3,3,0,1
471,구례포해수욕장,44825,충청남도 태안군,36.8858083861,126.1982717477,mainland,4,2,1,1,13,2,2,0,0
472,구름포해수욕장,44825,충청남도 태안군,36.8358394607,126.1530463025,mainland,3,2,1,0,55,8,6,2,1
473,구매항,44825,충청남도 태안군,36.4247,126.432,island,0,0,0,0,47,1,1,0,1
474,국립태안해양유물전시관,44825,충청남도 태안군,36.6772622281,126.1514203689,island,5,0,0,5,18,6,2,4,0
475,기지포해수욕장,44825,충청남도 태안군,36.5627783257,126.3223634527,island,2,1,0,1,13,1,0,1,0
476,꽃지해수욕장,44825,충청남도 태안군,36.5013176424177,126.334652012646,island,4,2,1,1,9,9,3,6,0
477,꽃지해안공원,44825,충청남도 태안군,36.4953252189,126.3365944864,island,4,2,1,1,5,1,1,0,0
478,꾸지나무골해수욕장,44825,충청남도 태안군,36.9351487451,126.2929090667,mainland,1,0,0,1,73,3,2,1,0
479,내포항,44825,충청남도 태안군,36.4917463284,126.4101101681,sea,0,0,0,0,70,1,1,0,0
480,네이처월드,44825,충청남도 태안군,36.6164717773,126.3009584253,mainland,1,1,0,0,13,0,0,0,0
481,달산포해수욕장,44825,충청남도 태안군,36.6563,126.2956,sea,2,1,0,1,20,0,0,0,0
482,당암포구,44825,충청남도 태안군,36.6217804269,126.3553228148,mainland,0,0,0,0,54,4,1,3,1
483,대야도항,44825,충청남도 태안군,36.4673797881,126.4161158198,sea,0,0,0,0,39,3,1,2,0
484,두에기해변,44825,충청남도 태안군,36.5191140142,126.3286612486,island,5,2,1,2,14,2,1,1,0
485,두여해수욕장,44825,충청남도 태안군,36.5419475153,126.3297105565,island,2,1,0,1,10,6,4,2,1
486,두웅습지,44825,충청남도 태안군,36.8359502169,126.1957288509,mainland,1,1,0,0,15,0,0,0,0
487,드르니항,44825,충청남도 태안군,36.5892,126.3147,sea,3,2,0,1,62,2,0,2,0
488,마검포항,44825,충청남도 태안군,36.6223486096,126.2852096955,sea,0,0,0,0,20,1,1,0,0
489,마검포해수욕장,44825,충청남도 태안군,36.6076475953,126.2893097098,mainland,2,2,0,0,17,1,0,1,0
490,만대항,44825,충청남도 태안군,36.9669647157,126.3048571329,mainland,3,0,2,1,93,3,2,1,0
491,만리포전망타워,44825,충청남도 태안군,36.7834135301,126.1409522348,mainland,5,1,1,3,13,10,6,4,0
492,만리포해수욕장,44825,충청남도 태안군,36.7858023228,126.1422683553,mainland,5,1,1,3,6,7,4,3,2
493,먼동해수욕장,44825,충청남도 태안군,36.8836084568,126.1874783414,mainland,5,3,1,1,56,2,0,2,0
494,모항항,44825,충청남도 태안군,36.7765976657,126.1325972524,mainland,5,1,1,3,63,11,9,2,3
495,몽대포구,44825,충청남도 태안군,36.6728370402,126.2737649619,mainland,2,1,0,1,55,7,4,3,0
496,몽산포해수욕장,44825,충청남도 태안군,36.6701403637,126.2875471184,mainland,2,1,0,1,15,4,4,0,1
497,민어도선착장,44825,충청남도 태안군,36.9114396607,126.2511829303,sea,1,0,1,0,56,13,8,5,0
498,바람아래해수욕장,44825,충청남도 태안군,36.4133214441,126.3769540951,island,3,2,1,0,39,12,11,1,0
499,밧개해수욕장,44825,충청남도 태안군,36.5309210243,126.330769083,island,4,2,0,2,9,0,0,0,0
500,방포해수욕장,44825,충청남도 태안군,36.5087930546,126.3331027834,island,5,2,1,2,8,2,1,1,0
501,백리포해수욕장,44825,충청남도 태안군,36.812887,126.155172,mainland,2,0,1,1,40,3,1,2,0
502,백사장항,44825,충청남도 태안군,36.585647798,126.3155106953,island,3,2,0,1,19,1,0,1,0
503,백사장해수욕장,44825,충청남도 태안군,36.5788846763,126.3148053807,island,3,2,0,1,7,2,1,1,0
504,사목해수욕장,44825,충청남도 태안군,36.9204059972,126.2924067266,mainland,1,0,0,1,44,1,0,1,0
505,삼봉해수욕장,44825,충청남도 태안군,36.571560524,126.3150888802,island,3,2,0,1,8,6,4,2,1
506,샛별해수욕장,44825,충청남도 태안군,36.4486777956,126.3360401973,island,0,0,0,0,62,2,0,2,0
507,신두리사구센터,44825,충청남도 태안군,36.8427794734,126.1947037773,mainland,1,1,0,0,3,1,1,0,0
508,신두리해수욕장,44825,충청남도 태안군,36.83977656029601,126.18973690295046,mainland,2,1,1,0,17,2,1,1,0
509,신진도,44825,충청남도 태안군,36.6764403817,126.1410828155,island,5,0,0,5,15,0,0,0,0
510,신진항,44825,충청남도 태안군,36.6774480595,126.1362106311,sea,5,0,0,5,71,24,12,12,5
511,아일랜드 리솜 오아식스 선셋스파,44825,충청남도 태안군,36.4880765314,126.3384130097,island,4,2,1,1,51,2,2,0,1
512,안면암(태안),44825,충청남도 태안군,36.5593196603,126.3749632566,island,0,0,0,0,82,3,2,1,0
513,안면해수욕장,44825,충청남도 태안군,36.549511,126.3287,island,3,1,0,2,28,1,1,0,1
514,안흥항,44825,충청남도 태안군,36.6792481398,126.1532090438,sea,5,0,0,5,19,1,1,0,0
515,어은돌항,44825,충청남도 태안군,36.7506394505,126.126626252,mainland,2,1,1,0,10,3,2,1,0
516,어은돌해수욕장,44825,충청남도 태안군,36.7528475763,126.1294092752,mainland,2,1,1,0,43,5,5,0,0
517,연포해수욕장,44825,충청남도 태안군,36.6942473832,126.2105090159,mainland,0,0,0,0,83,3,2,1,0
518,영목항,44825,충청남도 태안군,36.3996599727,126.426713856,island,0,0,0,0,44,3,1,2,0
519,옹도 등대,44825,충청남도 태안군,36.6474521427,126.0085674237,sea,0,0,0,0,11,0,0,0,0
520,운여해변,44825,충청남도 태안군,36.4335770925,126.355949906,island,1,1,0,0,17,1,1,0,0
521,원안해수욕장,44825,충청남도 태안군,36.7033884424,126.2367869517,mainland,0,0,0,0,85,3,2,1,0
522,유류피해 극복기념관,44825,충청남도 태안군,36.7926877415,126.1483398462,mainland,5,1,1,3,12,6,2,4,1
523,음포해수욕장,44825,충청남도 태안군,36.9073490673,126.2862104144,mainland,1,0,1,0,46,0,0,0,0
524,의항해수욕장,44825,충청남도 태안군,36.8278283286,126.1602656179,mainland,3,2,1,0,20,0,0,0,0
525,장곰항,44825,충청남도 태안군,36.4499816025,126.4052367004,island,0,0,0,0,37,0,0,0,0
526,장돌해수욕장,44825,충청남도 태안군,36.4161681438,126.3654661682,sea,3,2,1,0,13,1,1,0,1
527,장삼포해수욕장,44825,충청남도 태안군,36.4226478622,126.3600109353,island,2,1,1,0,14,1,1,0,0
528,창리 선착장,44825,충청남도 태안군,36.6243464852,126.3370105139,mainland,0,0,0,0,36,2,1,1,1
529,채석포항,44825,충청남도 태안군,36.6947087192,126.2268630785,mainland,0,0,0,0,21,1,1,0,0
530,천리포수목원,44825,충청남도 태안군,36.7984132055,126.1501460229,mainland,5,1,1,3,5,0,0,0,0
531,천리포항,44825,충청남도 태안군,36.8039,126.1471,mainland,5,1,1,3,25,3,2,1,0
532,천리포해수욕장,44825,충청남도 태안군,36.8032865619,126.1509865497,mainland,4,1,1,2,3,0,0,0,0
533,청포대해수욕장,44825,충청남도 태안군,36.6387303525,126.302635467,mainland,1,0,0,1,15,0,0,0,0
534,태국사(태안),44825,충청남도 태안군,36.6834893992,126.1580334955,mainland,5,0,0,5,41,1,0,1,0
535,태안 신두리 해안사구,44825,충청남도 태안군,36.8451,126.1967,mainland,1,1,0,0,26,1,0,1,0
536,태안 안면도 모감주나무군락,44825,충청남도 태안군,36.5046700315808,126.335601832816,island,5,2,1,2,14,2,1,1,0
537,파도리해수욕장,44825,충청남도 태안군,36.7410379259,126.1351535082,mainland,1,0,1,0,42,16,14,2,0
538,학암포선착장,44825,충청남도 태안군,36.9021149718,126.2063539155,mainland,4,2,1,1,34,3,2,1,0
539,학암포해수욕장,44825,충청남도 태안군,36.8988458682,126.2041236489,mainland,4,2,1,1,15,4,3,1,1
540,해옥공예,44825,충청남도 태안군,36.7361496315,126.1369090325,mainland,1,0,1,0,85,7,5,2,0
541,황도,44825,충청남도 태안군,36.5966809713,126.38055175,island,1,1,0,0,84,1,0,1,0
542,황포항,44825,충청남도 태안군,36.4407457309,126.3570107346,sea,1,1,0,0,28,0,0,0,0
543,구룡포 근대문화역사관,47111,경상북도 포항시 남구,35.9905,129.5616,mainland,8,0,1,7,11,2,2,0,0
544,구룡포 일본인 가옥거리,47111,경상북도 포항시 남구,35.9906209551,129.5604550366,mainland,8,0,1,7,4,2,2,0,0
545,구룡포항,47111,경상북도 포항시 남구,35.9893051205,129.555641609,mainland,8,0,1,7,38,6,5,1,0
546,구룡포해수욕장,47111,경상북도 포항시 남구,35.9968322529,129.5662849025,mainland,7,0,1,6,14,2,1,1,0
547,남부종합시장,47111,경상북도 포항시 남구,36.012670886,129.3561723045,mainland,0,0,0,0,0,0,0,0,0
548,도구해수욕장,47111,경상북도 포항시 남구,35.9918193724,129.4444096143,mainland,1,0,0,1,46,3,0,3,1
549,삼정해수욕장,47111,경상북도 포항시 남구,36.0039426727,129.5721314056,mainland,7,0,1,6,56,6,0,6,1
550,송도해변(포항),47111,경상북도 포항시 남구,36.0346,129.3808,mainland,4,0,0,4,46,2,2,0,0
551,양포항,47111,경상북도 포항시 남구,35.8815082695,129.5198978597,mainland,4,0,0,4,0,0,0,0,0
552,양포항근린공원,47111,경상북도 포항시 남구,35.8815082695,129.5198978597,mainland,4,0,0,4,106,7,2,5,1
553,연오랑세오녀테마공원 귀비고,47111,경상북도 포항시 남구,36.0022406946,129.4589191513,mainland,3,0,0,3,33,3,3,0,1
554,장길리 복합 낚시공원,47111,경상북도 포항시 남구,35.951864419,129.5478863147,mainland,7,1,0,6,91,10,3,7,1
555,포항운하,47111,경상북도 포항시 남구,36.029094,129.373672,sea,4,0,0,4,10,0,0,0,0
556,포항함 체험관,47111,경상북도 포항시 남구,36.0414233226,129.3726377082,mainland,6,0,0,6,20,2,1,1,2
557,호미곶 등대,47111,경상북도 포항시 남구,36.0773121073,129.569432281,mainland,5,1,0,4,100,3,1,2,0
558,흥환간이해수욕장,47111,경상북도 포항시 남구,36.0237807355,129.5011453811,mainland,4,1,0,3,58,5,3,2,1
559,곤륜산 활공장,47113,경상북도 포항시 북구,36.134743869,129.3919295161,mainland,5,1,1,3,4,0,0,0,0
560,사방기념공원,47113,경상북도 포항시 북구,36.1647988702,129.3956672013,mainland,5,1,1,3,30,1,0,1,0
561,영일대해수욕장,47113,경상북도 포항시 북구,36.055,129.3779,mainland,7,0,0,7,9,5,3,2,0
562,영일만친구야시장,47113,경상북도 포항시 북구,36.0395569145,129.3655901454,mainland,4,0,0,4,0,0,0,0,0
563,영일만항,47113,경상북도 포항시 북구,36.10899467237151,129.43465300818016,mainland,3,1,1,1,95,10,8,2,1
564,오도1리해수욕장,47113,경상북도 포항시 북구,36.1550166976,129.3984255773,mainland,4,0,1,3,21,5,3,2,1
565,용한 1리 해수욕장,47113,경상북도 포항시 북구,36.11503836,129.4229384772,mainland,3,1,1,1,17,6,6,0,0
566,월포해수욕장,47113,경상북도 포항시 북구,36.2023274798,129.3710516047,mainland,2,1,0,1,26,3,1,2,0
567,이가리 닻 전망대,47113,경상북도 포항시 북구,36.1878820477,129.3790346568,mainland,2,1,0,1,35,0,0,0,0
568,조사리간이해수욕장,47113,경상북도 포항시 북구,36.226877,129.381503,mainland,2,1,0,1,42,5,2,3,3
569,칠포해수욕장,47113,경상북도 포항시 북구,36.1319610157,129.4005538393,sea,5,1,1,3,19,2,1,1,1
570,칠포해오름전망대,47113,경상북도 포항시 북구,36.1454816327,129.3966648985,mainland,4,0,1,3,16,4,2,2,0
571,포항 여객선 터미널,47113,경상북도 포항시 북구,36.0515974731,129.3788775199,mainland,6,0,0,6,26,2,2,0,0
572,포항 죽도시장,47113,경상북도 포항시 북구,36.03641909395056,129.3681412859447,mainland,4,0,0,4,0,0,0,0,0
573,포항시립미술관,47113,경상북도 포항시 북구,36.0662764219,129.3910762724,mainland,6,0,0,6,10,0,0,0,0
574,화진해수욕장,47113,경상북도 포항시 북구,36.2510303377,129.3733888652,mainland,4,2,0,2,32,3,1,2,2
575,환호공원,47113,경상북도 포항시 북구,36.0661,129.3941,mainland,6,0,0,6,40,7,5,2,1
576,감포항,47130,경상북도 경주시,35.8078329413,129.5040374805,mainland,4,0,0,4,21,3,1,2,0
577,경주 문무대왕릉,47130,경상북도 경주시,35.7381,129.4868,sea,3,1,0,2,32,2,1,1,1
578,경주 양남 주상절리 전망대,47130,경상북도 경주시,35.6890301946692,129.471870546961,mainland,4,2,0,2,39,2,2,0,0
579,관성솔밭해변,47130,경상북도 경주시,35.6597,129.4522,mainland,4,1,0,3,49,5,4,1,1
580,나정고운모래해변,47130,경상북도 경주시,35.7829416854786,129.491754849878,mainland,4,0,0,4,35,1,0,1,0
581,봉길대왕암해변,47130,경상북도 경주시,35.7396846721,129.4834884531,mainland,3,1,0,2,30,3,2,1,1
582,송대말 등대,47130,경상북도 경주시,35.8080469501,129.5115784813,sea,4,0,0,4,23,3,1,2,0
583,양남 주상절리군 (경북 동해안 국가지질공원),47130,경상북도 경주시,35.686356,129.4743,mainland,4,2,0,2,26,0,0,0,0
584,오류고아라해변,47130,경상북도 경주시,35.8223425217,129.5095310271,mainland,5,0,0,5,53,5,4,1,2
585,용굴,47130,경상북도 경주시,35.7915407491,129.4959958691,mainland,3,0,0,3,24,1,1,0,0
586,전촌솔밭해변,47130,경상북도 경주시,35.7857,129.4913,mainland,4,0,0,4,3,1,0,1,0
587,강구항,47770,경상북도 영덕군,36.3588,129.3913,mainland,6,0,1,5,8,5,4,1,1
588,경정리 백악기 퇴적암 (경북 동해안 국가지질공원),47770,경상북도 영덕군,36.4878492121,129.4418758582,mainland,10,3,1,6,18,0,0,0,0
589,경정항,47770,경상북도 영덕군,36.481946796,129.4258691115,mainland,6,2,0,4,0,0,0,0,0
590,경정해수욕장,47770,경상북도 영덕군,36.4820413681,129.4330268106,mainland,7,3,0,4,31,0,0,0,0
591,고래불해수욕장,47770,경상북도 영덕군,36.5989,129.411,mainland,2,0,0,2,32,3,2,1,0
592,남호해수욕장,47770,경상북도 영덕군,36.3276,129.3799,sea,3,0,0,3,38,4,3,1,1
593,대진항 (영덕),47770,경상북도 영덕군,36.5584021175,129.4325468074,mainland,6,1,0,5,35,5,4,1,0
594,대진해수욕장,47770,경상북도 영덕군,36.5645374176,129.4266915867,mainland,5,0,0,5,9,1,1,0,0
595,덕천해수욕장,47770,경상북도 영덕군,36.5699,129.4219,sea,3,0,0,3,16,0,0,0,0
596,삼사해상공원 (삼사해상산책로),47770,경상북도 영덕군,36.3509499066,129.3857758683,mainland,5,0,1,4,1,0,0,0,0
597,영덕 대소산 봉수대,47770,경상북도 영덕군,36.518058,129.431908,mainland,8,2,1,5,24,0,0,0,0
598,영덕어촌민속전시관,47770,경상북도 영덕군,36.3502305662534,129.386714690046,mainland,5,0,1,4,16,0,0,0,0
599,영덕해맞이공원,47770,경상북도 영덕군,36.4274,129.4353,mainland,7,3,0,4,33,4,3,1,0
600,영리해수욕장,47770,경상북도 영덕군,36.592978869881016,129.4090850178235,mainland,2,0,0,2,12,0,0,0,0
601,오보 해수욕장,47770,경상북도 영덕군,36.4410460237,129.4328308196,sea,7,2,0,5,31,2,0,2,1
602,오포해수욕장,47770,경상북도 영덕군,36.356388,129.388203,mainland,6,0,1,5,20,2,2,0,0
603,장사해수욕장,47770,경상북도 영덕군,36.282,129.376,mainland,6,2,0,4,47,3,1,2,0
604,죽도산전망대,47770,경상북도 영덕군,36.5076,129.4511,mainland,8,3,1,4,17,1,1,0,0
605,축산항,47770,경상북도 영덕군,36.5083414217,129.4468109259,mainland,9,3,1,5,28,0,0,0,0
606,하저해수욕장 (하저리 해수욕장),47770,경상북도 영덕군,36.3898346941,129.4079234165,mainland,5,1,0,4,49,2,2,0,0
607,해파랑공원,47770,경상북도 영덕군,36.3608460305,129.3929311468,sea,6,0,1,5,17,3,2,1,0
608,구산해수욕장,47930,경상북도 울진군,36.7533222575,129.4674823321,mainland,3,1,1,1,45,2,2,0,1
609,기성망양해수욕장,47930,경상북도 울진군,36.8427475194,129.4344297869,mainland,4,0,0,4,66,2,2,0,0
610,나곡해수욕장,47930,경상북도 울진군,37.1257472378,129.3708990607,mainland,3,2,0,1,78,0,0,0,0
611,등기산스카이워크,47930,경상북도 울진군,36.6805,129.4652,mainland,8,1,0,7,61,8,5,3,3
612,망양정,47930,경상북도 울진군,36.9672,129.4125,sea,2,0,0,2,28,0,0,0,0
613,망양정해수욕장,47930,경상북도 울진군,36.9687160298,129.4125140305,sea,2,0,0,2,16,2,1,1,2
614,봉평해수욕장,47930,경상북도 울진군,37.0440490907,129.4132311212,mainland,9,1,1,7,27,2,1,1,0
615,오산항,47930,경상북도 울진군,36.8917943991,129.4192629834,sea,3,0,0,3,60,6,5,1,2
616,왕피천케이블카,47930,경상북도 울진군,36.96759173312256,129.4009849937414,mainland,2,0,0,2,0,0,0,0,0
617,울진 봉평리 신라비,47930,경상북도 울진군,37.0437518271,129.4093731389,mainland,9,1,1,7,13,0,0,0,0
618,울진 왕피천 공원,47930,경상북도 울진군,36.9675917331,129.4009849937,mainland,2,0,0,2,0,0,0,0,0
619,울진과학체험관,47930,경상북도 울진군,36.9966183067,129.4080774658,mainland,2,0,0,2,48,3,2,1,0
620,울진아쿠아리움,47930,경상북도 울진군,36.9687024245,129.4010877813,mainland,2,0,0,2,0,0,0,0,0
621,월송정,47930,경상북도 울진군,36.7442983184,129.4691102371,mainland,3,0,1,2,39,3,3,0,1
622,죽변해안스카이레일,47930,경상북도 울진군,37.055787,129.428203,sea,9,1,1,7,27,3,2,1,0
623,하트해변,47930,경상북도 울진군,37.0590548563646,129.428511437114,mainland,8,1,1,6,15,0,0,0,0
624,후정해수욕장,47930,경상북도 울진군,37.0703489083,129.4158300882,mainland,7,0,1,6,45,2,1,1,0
625,후포해수욕장,47930,경상북도 울진군,36.6750445745,129.4420091571,mainland,7,1,0,6,45,10,4,6,0
626,"거북바위 및 향나무 자생지 (울릉도, 독도 국가지질공원)",47940,경상북도 울릉군,37.4601528856,130.8576400067,island,3,0,0,3,0,2,0,2,1
627,"관음도 (울릉도, 독도 국가지질공원)",47940,경상북도 울릉군,37.5429530626,130.9207400425,sea,0,0,0,0,0,1,1,0,0
628,남서일몰전망대,47940,경상북도 울릉군,37.4681514412,130.8322392102,sea,2,0,0,2,0,3,3,0,2
629,내수전몽돌해변,47940,경상북도 울릉군,37.5073514326,130.9136390666,island,4,1,0,3,0,2,1,1,0
630,내수전일출전망대,47940,경상북도 울릉군,37.5122507908,130.9097392493,island,4,1,0,3,0,1,1,0,0
631,도동등대(행남등대),47940,경상북도 울릉군,37.4869233254,130.9189559357,sea,5,1,0,4,0,0,0,0,0
632,도동항,47940,경상북도 울릉군,37.4816514944,130.9088403356,sea,6,1,0,5,0,2,0,2,0
633,독도,47940,경상북도 울릉군,37.2394438998,131.8692557526,sea,0,0,0,0,0,0,0,0,0
634,독도전망대 케이블카,47940,경상북도 울릉군,37.4830678204,130.9002577138,island,6,1,0,5,0,1,1,0,0
635,울릉 대아리조트,47940,경상북도 울릉군,37.4767461445,130.8917947799,island,5,1,0,4,0,0,0,0,0
636,울릉도 등대(태하등대),47940,경상북도 울릉군,37.5181644504,130.7980739221,island,3,0,0,3,0,0,0,0,0
637,울릉예림원,47940,경상북도 울릉군,37.5300579353,130.8359753462,island,2,0,0,2,0,2,2,0,0
638,저동항,47940,경상북도 울릉군,37.4962526269,130.9100397491,island,5,1,0,4,0,2,2,0,0
639,죽도(울릉),47940,경상북도 울릉군,37.5283328592,130.9372418451,island,0,0,0,0,0,0,0,0,0
640,"죽암 몽돌해안 (울릉도, 독도 국가지질공원)",47940,경상북도 울릉군,37.5408526568,130.8898400649,island,2,0,0,2,0,0,0,0,0
641,천부항,47940,경상북도 울릉군,37.5408272827,130.8717999932,island,2,0,0,2,0,2,1,1,0
642,천부해중전망대,47940,경상북도 울릉군,37.5422886445449,130.874239158113,island,2,0,0,2,0,0,0,0,0
643,"천장굴 (울릉도, 독도 국가지질공원)",47940,경상북도 울릉군,37.2385079043,131.86968908,sea,0,0,0,0,0,0,0,0,0
644,태하향목 관광모노레일,47940,경상북도 울릉군,37.5132068744,130.7975510863,island,2,0,0,2,0,3,2,1,2
645,행남 해안산책로,47940,경상북도 울릉군,37.4869233254,130.9189559357,sea,5,1,0,4,0,0,0,0,0
646,"황토굴 (울릉군, 독도 국가지질공원)",47940,경상북도 울릉군,37.5141,130.7947,island,2,0,0,2,0,1,1,0,1
647,광암해수욕장,48125,경상남도 창원시 마산합포구,35.102185362,128.5021445678,mainland,1,0,0,1,178,4,2,2,1
648,돝섬해상유원지,48125,경상남도 창원시 마산합포구,35.178938,128.581141,sea,3,1,0,2,109,4,0,4,1
649,마산로봇랜드,48125,경상남도 창원시 마산합포구,35.0768497498122,128.587048198522,mainland,1,1,0,0,158,2,1,1,0
650,부림시장 먹자골목,48125,경상남도 창원시 마산합포구,35.2058277985,128.5734827796,mainland,1,1,0,0,0,0,0,0,0
651,산호공원(용마공원) 시(詩)의 거리,48125,경상남도 창원시 마산합포구,35.2138854002,128.5830122858,mainland,1,1,0,0,42,0,0,0,0
652,상상길(창원),48125,경상남도 창원시 마산합포구,35.2066,128.5763,mainland,1,1,0,0,0,0,0,0,0
653,실리도,48125,경상남도 창원시 마산합포구,35.0637438755968,128.637018884614,island,1,1,0,0,104,8,2,6,2
654,오동동 통술거리,48125,경상남도 창원시 마산합포구,35.207420295648,128.577956615046,mainland,1,1,0,0,12,2,0,2,0
655,임항선 그린웨이,48125,경상남도 창원시 마산합포구,35.1892850496,128.5645534496,mainland,1,1,0,0,31,0,0,0,0
656,장어구이거리,48125,경상남도 창원시 마산합포구,35.1998567978056,128.575728784014,mainland,1,1,0,0,29,9,6,3,3
657,저도 콰이강의다리 (스카이워크),48125,경상남도 창원시 마산합포구,35.06768621634036,128.56283311544115,mainland,1,1,0,0,115,3,1,2,2
658,저도(창원),48125,경상남도 창원시 마산합포구,35.0657533765,128.5619619543,sea,1,1,0,0,106,1,1,0,0
659,삼포항,48129,경상남도 창원시 진해구,35.093323,128.728539,sea,3,1,0,2,63,0,0,0,0
660,소쿠리섬,48129,경상남도 창원시 진해구,35.0811,128.7108,sea,4,2,0,2,44,4,4,0,2
661,수치해안,48129,경상남도 창원시 진해구,35.1055941664,128.7027158633,mainland,4,2,0,2,80,2,1,1,1
662,에너지환경과학공원 에너지전시관,48129,경상남도 창원시 진해구,35.1423143268803,128.689398126938,mainland,3,1,0,2,40,4,3,1,1
663,우도,48129,경상남도 창원시 진해구,35.0885242115,128.7222062903,sea,4,2,0,2,27,1,1,0,0
664,웅천안골왜성,48129,경상남도 창원시 진해구,35.0913725706,128.8021325826,mainland,3,3,0,0,118,7,4,3,2
665,웅천왜성,48129,경상남도 창원시 진해구,35.09624351,128.7616831971,sea,2,2,0,0,18,0,0,0,0
666,제황산공원,48129,경상남도 창원시 진해구,35.1488274847951,128.663179464296,mainland,2,0,0,2,58,0,0,0,0
667,주기철 목사 기념관,48129,경상남도 창원시 진해구,35.1111384889,128.752364628,mainland,0,0,0,0,1,0,0,0,0
668,진해루,48129,경상남도 창원시 진해구,35.1471849260954,128.685142674696,mainland,3,1,0,2,9,1,0,1,0
669,진해유람선,48129,경상남도 창원시 진해구,35.1441356526,128.6735419819,mainland,3,1,0,2,70,8,4,4,1
670,창원시립진해박물관,48129,경상남도 창원시 진해구,35.1490481987,128.6635835281,mainland,2,0,0,2,0,0,0,0,0
671,해양생물테마파크,48129,경상남도 창원시 진해구,35.092,128.7201,sea,4,2,0,2,30,4,3,1,0
672,흰돌메공원,48129,경상남도 창원시 진해구,35.0993437,128.7722719,sea,2,2,0,0,77,0,0,0,0
673,가오치선착장,48220,경상남도 통영시,34.908787,128.314017,sea,1,0,0,1,226,1,1,0,0
674,강구안,48220,경상남도 통영시,34.8436075777,128.4241807737,mainland,3,1,2,0,3,2,2,0,0
675,김상옥 생가,48220,경상남도 통영시,34.8430381649902,128.422230970722,mainland,3,1,2,0,0,0,0,0,0
676,김춘수 유품전시관,48220,경상남도 통영시,34.8333722569,128.4161841816,mainland,5,2,2,1,3,1,0,1,1
677,남망산 조각공원,48220,경상남도 통영시,34.8412579488,128.4294303463,mainland,4,1,2,1,14,3,0,3,2
678,달아공원,48220,경상남도 통영시,34.7682375702,128.3993123574,mainland,3,1,0,2,47,0,0,0,0
679,달아항,48220,경상남도 통영시,34.7682876903,128.4063617423,mainland,3,1,0,2,6,0,0,0,0
680,당포성지,48220,경상남도 통영시,34.7929651028,128.3847574221,mainland,1,0,1,0,26,0,0,0,0
681,당포항,48220,경상남도 통영시,34.7937599,128.3820526922,mainland,1,0,1,0,40,0,0,0,0
682,덕동해수욕장,48220,경상남도 통영시,34.6354,128.2373,island,1,1,0,0,70,2,0,2,0
683,도남관광지,48220,경상남도 통영시,34.8271400232,128.4387212713,mainland,3,1,1,1,22,1,1,0,1
684,도남항 동방파제 등대 (연필등대),48220,경상남도 통영시,34.8286369883,128.4337077799,sea,4,1,2,1,18,2,1,1,1
685,동피랑마을,48220,경상남도 통영시,34.8453461228,128.4276467571,mainland,3,1,2,0,1,0,0,0,0
686,만지도,48220,경상남도 통영시,34.740113,128.388516,island,0,0,0,0,41,0,0,0,0
687,매물도,48220,경상남도 통영시,34.6401,128.5726,island,0,0,0,0,0,0,0,0,0
688,미래사 편백나무숲,48220,경상남도 통영시,34.8043866942,128.4209789691,mainland,1,0,0,1,0,0,0,0,0
689,미래사(통영),48220,경상남도 통영시,34.8043478048,128.4207095494,mainland,1,0,0,1,0,0,0,0,0
690,미륵도,48220,경상남도 통영시,34.7976365369,128.3698224893,mainland,2,1,1,0,156,4,2,2,0
691,박경리 생가,48220,경상남도 통영시,34.8466375116,128.4201501546,mainland,3,1,2,0,0,0,0,0,0
692,봉숫골 벚꽃길,48220,경상남도 통영시,34.827232,128.415912,mainland,5,2,2,1,0,0,0,0,0
693,봉암해수욕장,48220,경상남도 통영시,34.7592,128.5124,island,1,1,0,0,34,1,1,0,0
694,봉평동지석묘,48220,경상남도 통영시,34.8327917901,128.417522969,mainland,5,2,2,1,7,0,0,0,0
695,비진도,48220,경상남도 통영시,34.7105311625,128.4575060263,island,0,0,0,0,48,0,0,0,0
696,비진도해수욕장,48220,경상남도 통영시,34.7212559304996,128.459891799706,island,0,0,0,0,64,1,1,0,0
697,사량도,48220,경상남도 통영시,34.8453868658,128.2198454264,island,0,0,0,0,53,0,0,0,0
698,사량도 대항해수욕장,48220,경상남도 통영시,34.8510361215,128.2135208308,island,0,0,0,0,42,0,0,0,0
699,사량도 지리산,48220,경상남도 통영시,34.8450334605,128.1821709447,island,0,0,0,0,108,0,0,0,0
700,사량도 칠현산,48220,경상남도 통영시,34.8305581466,128.2298227198,island,0,0,0,0,139,0,0,0,0
701,삼덕항,48220,경상남도 통영시,34.7957175564,128.3838296531,mainland,1,0,1,0,25,0,0,0,0
702,삼여전망대(욕지도),48220,경상남도 통영시,34.6217694325,128.2518998999,island,2,1,0,1,57,0,0,0,0
703,새에덴동산,48220,경상남도 통영시,34.6136589889038,128.235954374798,island,1,1,0,0,24,2,1,1,1
704,서피랑 마을,48220,경상남도 통영시,34.8438046825,128.4189645885,mainland,3,1,2,0,0,0,0,0,0
705,서피랑공원,48220,경상남도 통영시,34.8444,128.4203,mainland,3,1,2,0,0,0,0,0,0
706,소매물도,48220,경상남도 통영시,34.6271,128.5506,island,0,0,0,0,47,4,2,2,1
707,소매물도 등대,48220,경상남도 통영시,34.6401,128.5726,island,0,0,0,0,91,1,0,1,1
708,수륙해수욕장,48220,경상남도 통영시,34.8197,128.4398,mainland,3,1,1,1,12,4,4,0,0
709,수우도,48220,경상남도 통영시,34.8304677868,128.1330499765,island,0,0,0,0,58,1,1,0,0
710,연대도,48220,경상남도 통영시,34.7341358627,128.4015241672,island,0,0,0,0,86,0,0,0,0
711,연대도 해수욕장,48220,경상남도 통영시,34.7339032981,128.3961973998,island,0,0,0,0,33,1,0,1,0
712,연화도(통영),48220,경상남도 통영시,34.6451838388,128.3540722764,island,0,0,0,0,32,1,0,1,1
713,연화사(통영),48220,경상남도 통영시,34.64705590270175,128.3556369006515,island,0,0,0,0,74,1,1,0,0
714,용호도,48220,경상남도 통영시,34.7415005045,128.4898468483,island,1,1,0,0,115,1,1,0,1
715,우도(통영),48220,경상남도 통영시,34.6597444402261,128.346229007543,island,0,0,0,0,45,0,0,0,0
716,유동해변 (유동해수욕장),48220,경상남도 통영시,34.6232052337,128.2439644907,island,2,1,0,1,19,1,0,1,1
717,윤이상 거리,48220,경상남도 통영시,34.838738253,128.4122232745,mainland,5,3,2,0,2,0,0,0,0
718,음악분수 휴게광장,48220,경상남도 통영시,34.8258,128.4332,mainland,4,1,2,1,2,0,0,0,0
719,이순신공원,48220,경상남도 통영시,34.8438,128.4429,mainland,3,1,1,1,22,1,1,0,0
720,장사도,48220,경상남도 통영시,34.7123083865,128.5599573574,island,1,0,0,1,63,0,0,0,0
721,장사도해상공원,48220,경상남도 통영시,34.7123083865,128.5599573574,island,1,0,0,1,0,0,0,0,0
722,적촌선착장,48220,경상남도 통영시,34.8997683398,128.4629145522,sea,0,0,0,0,287,5,3,2,0
723,전혁림 미술관,48220,경상남도 통영시,34.8264844274,128.4151265176,mainland,5,2,2,1,0,0,0,0,0
724,제승당,48220,경상남도 통영시,34.7960941315,128.4744856404,sea,0,0,0,0,61,0,0,0,0
725,착량묘,48220,경상남도 통영시,34.835708004,128.4104290662,mainland,5,3,2,0,7,0,0,0,0
726,척포항,48220,경상남도 통영시,34.7651910852,128.4216049415,mainland,3,1,0,2,65,0,0,0,0
727,청마 생가,48220,경상남도 통영시,34.8451046181,128.4352127716,mainland,3,1,1,1,8,4,2,2,0
728,청마거리,48220,경상남도 통영시,34.8452,128.4231,mainland,3,1,2,0,1,0,0,0,0
729,청마문학관,48220,경상남도 통영시,34.8452508733,128.4354789095,mainland,3,1,1,1,1,1,1,0,0
730,추봉도,48220,경상남도 통영시,34.7617488022,128.5210935999,island,1,1,0,0,89,0,0,0,0
731,충렬사,48220,경상남도 통영시,34.8466459874541,128.417434100219,mainland,3,1,2,0,55,0,0,0,0
732,통영 삼도수군통제영,48220,경상남도 통영시,34.8471548607,128.4234890263,mainland,3,1,2,0,0,0,0,0,0
733,통영 세병관,48220,경상남도 통영시,34.8477429972,128.4231637515,mainland,3,1,2,0,15,0,0,0,0
734,통영 옻칠미술관,48220,경상남도 통영시,34.8545871811,128.4429342875,mainland,4,2,1,1,89,3,0,3,0
735,통영 한산도 이충무공 유적,48220,경상남도 통영시,34.7943331719,128.4719247986,island,0,0,0,0,55,0,0,0,0
736,통영RCE세자트라숲,48220,경상남도 통영시,34.8490351442564,128.447803425416,mainland,4,2,1,1,65,4,2,2,1
737,통영등대낚시공원,48220,경상남도 통영시,34.8107561891,128.4410689598,mainland,1,0,0,1,32,1,1,0,0
738,통영생태숲,48220,경상남도 통영시,34.8373,128.4059,mainland,5,3,2,0,61,3,0,3,1
739,통영수산과학관,48220,경상남도 통영시,34.7642943699,128.4071427988,mainland,3,1,0,2,39,2,1,1,1
740,통영시립박물관,48220,경상남도 통영시,34.8407438919,128.4167815401,mainland,4,2,2,0,4,2,1,1,0
741,통영케이블카,48220,경상남도 통영시,34.8265982066,128.4250764551,mainland,5,2,2,1,5,0,0,0,0
742,통영항,48220,경상남도 통영시,34.8394,128.4204,mainland,4,1,2,1,5,0,0,0,0
743,통영해양관광공원,48220,경상남도 통영시,34.8293,128.4054,mainland,5,3,2,0,89,1,1,0,0
744,트라이애슬론광장,48220,경상남도 통영시,34.8256317697,128.4337522993,mainland,4,1,2,1,3,1,0,1,0
745,편백나무숲속 나폴리농원,48220,경상남도 통영시,34.80169460127727,128.42396663831897,mainland,1,0,0,1,60,0,0,0,0
746,한려해상 국립공원 생태탐방원,48220,경상남도 통영시,34.7960941315,128.4744856404,sea,0,0,0,0,10,0,0,0,0
747,한려해상국립공원(통영),48220,경상남도 통영시,34.7960941315,128.4744856404,sea,0,0,0,0,0,0,0,0,0
748,한산대첩광장 (한산대첩 병선마당),48220,경상남도 통영시,34.840393535,128.4246567707,mainland,4,1,2,1,7,1,0,1,0
749,한산대첩기념비,48220,경상남도 통영시,34.8011,128.466,island,1,0,0,1,89,0,0,0,0
750,한산도,48220,경상남도 통영시,34.7783,128.4868,island,0,0,0,0,85,0,0,0,0
751,한산도 망산,48220,경상남도 통영시,34.7703084463,128.4925236368,island,1,1,0,0,56,0,0,0,0
752,해저터널(통영),48220,경상남도 통영시,34.8361,128.4114,mainland,5,3,2,0,2,1,1,0,0
753,해평열녀사당,48220,경상남도 통영시,34.833100066,128.4162286293,mainland,5,2,2,1,2,0,0,0,0
754,흰작살해변,48220,경상남도 통영시,34.6444934659,128.2658271909,sea,1,0,0,1,153,4,3,1,1
755,남일대해수욕장,48240,경상남도 사천시,34.9279921255,128.0980483541,mainland,6,3,1,2,81,0,0,0,0
756,노산공원,48240,경상남도 사천시,34.9243,128.0741,mainland,6,3,1,2,13,2,2,0,0
757,늑도,48240,경상남도 사천시,34.923092188313056,128.03871436085691,island,3,1,0,2,63,0,0,0,0
758,대방진굴항,48240,경상남도 사천시,34.9289,128.0567,mainland,6,2,1,3,10,1,0,1,0
759,모충공원,48240,경상남도 사천시,34.9686366841,128.0480211147,sea,0,0,0,0,44,0,0,0,0
760,박재삼 문학관,48240,경상남도 사천시,34.9259200626,128.0743453805,mainland,6,3,1,2,2,0,0,0,0
761,별주부전테마파크,48240,경상남도 사천시,34.9676,127.9819,island,0,0,0,0,127,2,0,2,1
762,부잔교갯벌탐방로,48240,경상남도 사천시,35.0094376462,128.0471201296,mainland,0,0,0,0,87,1,0,1,0
763,비토섬,48240,경상남도 사천시,34.9749340220356,127.97281118796,island,1,0,0,1,217,3,1,2,0
764,사천바다 케이블카,48240,경상남도 사천시,34.9338110847,128.0532673355,mainland,6,2,1,3,2,0,0,0,0
765,사천항공우주과학관,48240,경상남도 사천시,35.0708,128.0635,mainland,0,0,0,0,49,0,0,0,0
766,삼천포 팔포항,48240,경상남도 사천시,34.9264364135,128.0793222534,sea,6,3,1,2,18,4,1,3,0
767,삼천포대교공원,48240,경상남도 사천시,34.9322,128.0519,mainland,6,2,1,3,12,0,0,0,0
768,삼천포신항,48240,경상남도 사천시,34.9269774380271,128.088379543653,mainland,6,3,1,2,22,2,2,0,0
769,삼천포용궁수산시장,48240,경상남도 사천시,34.9274389461,128.0717895527,mainland,6,3,1,2,1,0,0,0,0
770,삼천포유람선,48240,경상남도 사천시,34.9284608984,128.0629764079,mainland,7,3,1,3,3,0,0,0,0
771,삼천포항,48240,경상남도 사천시,34.9265164551695,128.069656163504,sea,6,3,1,2,7,2,0,2,0
772,선진공원,48240,경상남도 사천시,35.0448,128.0418,mainland,0,0,0,0,62,0,0,0,0
773,신수도,48240,경상남도 사천시,34.8991,128.0779,island,4,1,1,2,104,1,1,0,1
774,요라파목장 (구 가나안목장),48240,경상남도 사천시,35.058539869,128.0132662572,mainland,0,0,0,0,115,0,0,0,0
775,저도(딱섬),48240,경상남도 사천시,34.9435220873489,128.030562155879,sea,1,0,0,1,51,2,2,0,0
776,조명군총,48240,경상남도 사천시,35.0415,128.0478,mainland,0,0,0,0,12,0,0,0,0
777,청널공원,48240,경상남도 사천시,34.9273110572,128.0646901768,sea,6,3,1,2,5,1,1,0,1
778,초양도,48240,경상남도 사천시,34.9263,128.0446,sea,4,1,0,3,19,0,0,0,0
779,가조도,48310,경상남도 거제시,34.9577018859,128.5206884618,island,0,0,0,0,77,0,0,0,0
780,거제 우제봉전망대,48310,경상남도 거제시,34.730535603,128.6750254917,island,2,1,0,1,26,2,1,1,0
781,거제 유호리전망대,48310,경상남도 거제시,35.0150904185103,128.71698569398,island,0,0,0,0,32,1,1,0,1
782,거제도 해금강,48310,경상남도 거제시,34.737887,128.673484,island,2,1,0,1,41,0,0,0,0
783,거제도해수보양온천,48310,경상남도 거제시,34.8917,128.6347,island,0,0,0,0,53,0,0,0,0
784,거제맹종죽테마공원,48310,경상남도 거제시,34.9676054408,128.6505118923,island,0,0,0,0,58,0,0,0,0
785,거제시농업개발원,48310,경상남도 거제시,34.8565005446736,128.579532608767,island,0,0,0,0,5,0,0,0,0
786,거제식물원,48310,경상남도 거제시,34.8568210695,128.5780986659,sea,0,0,0,0,22,1,0,1,0
787,거제씨월드,48310,경상남도 거제시,34.8358551932343,128.701466247632,island,0,0,0,0,18,0,0,0,0
788,거제어촌민속전시관,48310,경상남도 거제시,34.833716797826,128.701873541103,island,0,0,0,0,4,0,0,0,0
789,거제자연예술랜드,48310,경상남도 거제시,34.8156946239,128.6240137852,island,0,0,0,0,0,0,0,0,0
790,거제칠천도크루즈유람선,48310,경상남도 거제시,34.987,128.6356,island,0,0,0,0,51,0,0,0,0
791,거제향교,48310,경상남도 거제시,34.852565083494,128.589834531684,island,0,0,0,0,3,1,0,1,0
792,거제현 관아,48310,경상남도 거제시,34.8508,128.5911,island,0,0,0,0,12,0,0,0,0
793,고현성,48310,경상남도 거제시,34.8795735426,128.6209762454,island,0,0,0,0,6,0,0,0,0
794,공곶이,48310,경상남도 거제시,34.7945463817824,128.713902310567,sea,0,0,0,0,37,1,0,1,0
795,구영해수욕장,48310,경상남도 거제시,35.0311737009641,128.690986950908,island,0,0,0,0,69,0,0,0,0
796,구조라성,48310,경상남도 거제시,34.8022668487,128.6950940743,island,0,0,0,0,28,1,1,0,0
797,구조라수변공원,48310,경상남도 거제시,34.808102840171,128.698378391507,island,0,0,0,0,7,1,1,0,0
798,구조라항,48310,경상남도 거제시,34.8051,128.6981,sea,0,0,0,0,6,0,0,0,0
799,구조라해수욕장,48310,경상남도 거제시,34.8068,128.6929,island,0,0,0,0,19,12,2,10,1
800,궁농항,48310,경상남도 거제시,35.0010475573,128.7035269333,sea,0,0,0,0,40,0,0,0,0
801,김영삼 전 대통령 생가,48310,경상남도 거제시,34.9315895288798,128.715183151205,island,1,1,0,0,25,1,0,1,0
802,내도(거제),48310,경상남도 거제시,34.7867355868,128.7138261918,island,0,0,0,0,40,0,0,0,0
803,노을이 물드는 언덕,48310,경상남도 거제시,34.954523,128.519468,island,0,0,0,0,48,0,0,0,0
804,농소몽돌해변,48310,경상남도 거제시,35.0046,128.7011,island,0,0,0,0,10,0,0,0,0
805,능포수변공원,48310,경상남도 거제시,34.886808160809,128.735347831448,island,3,1,2,0,26,1,1,0,0
806,능포항,48310,경상남도 거제시,34.8851,128.7376,island,3,1,2,0,36,2,1,1,0
807,대포항 / 대포근포항,48310,경상남도 거제시,34.7156,128.5862,island,1,0,0,1,7,0,0,0,0
808,덕원해수욕장,48310,경상남도 거제시,34.778384009,128.5743079796,island,0,0,0,0,229,4,1,3,2
809,덕포해수욕장,48310,경상남도 거제시,34.9110520768,128.7104050566,island,1,0,0,1,31,3,2,1,0
810,도장포유람선,48310,경상남도 거제시,34.7421507509,128.6626095963,island,2,1,0,1,7,0,0,0,0
811,동백섬 지심도터미널,48310,경상남도 거제시,34.8673157274,128.727645072,island,3,1,2,0,4,2,2,0,0
812,동부저수지,48310,경상남도 거제시,34.811028907385,128.623393627874,island,0,0,0,0,0,0,0,0,0
813,두모몽돌해변,48310,경상남도 거제시,34.98,128.6949,island,0,0,0,0,25,2,1,1,0
814,망치몽돌해수욕장,48310,경상남도 거제시,34.812612,128.66793,island,0,0,0,0,40,0,0,0,0
815,매미성,48310,경상남도 거제시,34.968213126,128.7050933836,island,0,0,0,0,13,1,1,0,0
816,명사해수욕장,48310,경상남도 거제시,34.7272513743,128.6047816783,island,2,0,0,2,53,0,0,0,0
817,물안해수욕장,48310,경상남도 거제시,35.0108115028152,128.652460542865,island,0,0,0,0,80,0,0,0,0
818,바람의 언덕,48310,경상남도 거제시,34.7440458304,128.6633111474,island,2,1,0,1,9,0,0,0,0
819,반곡서원(거제),48310,경상남도 거제시,34.8521233822,128.5959597056,island,0,0,0,0,0,0,0,0,0
820,사곡해수욕장,48310,경상남도 거제시,34.8988649512,128.572185536,island,0,0,0,0,90,1,0,1,0
821,산달도,48310,경상남도 거제시,34.819187,128.541578,island,0,0,0,0,124,1,1,0,0
822,수협효시공원,48310,경상남도 거제시,34.929574559,128.52517215,sea,1,1,0,0,105,2,1,1,1
823,시방선착장,48310,경상남도 거제시,34.964628283552344,128.7088332744296,island,1,1,0,0,7,1,1,0,0
824,양지암조각공원,48310,경상남도 거제시,34.8804,128.7383,island,3,1,2,0,18,0,0,0,0
825,어구선착장/ 어구항,48310,경상남도 거제시,34.819995159465,128.505598808668,sea,0,0,0,0,175,1,0,1,1
826,억새군락지,48310,경상남도 거제시,34.8306757388,128.593741021,island,0,0,0,0,43,0,0,0,0
827,여차해변 (여차몽돌해수욕장),48310,경상남도 거제시,34.7138,128.6262,island,2,0,0,2,70,4,3,1,2
828,예구선착장,48310,경상남도 거제시,34.8019,128.7151,island,0,0,0,0,28,1,0,1,1
829,옥계해수욕장,48310,경상남도 거제시,34.9782876787,128.6308866457,island,0,0,0,0,31,0,0,0,0
830,옥포공원 / 옥포중앙공원,48310,경상남도 거제시,34.8943177789001,128.702006290478,island,1,0,0,1,11,0,0,0,0
831,옥포대첩기념공원,48310,경상남도 거제시,34.9018,128.7142,island,2,0,1,1,26,0,0,0,0
832,옥포항,48310,경상남도 거제시,34.890669,128.699148,sea,1,0,0,1,44,5,2,3,1
833,올담농원,48310,경상남도 거제시,34.9509494461,128.6516022373,island,0,0,0,0,6,0,0,0,0
834,와현모래숲해변,48310,경상남도 거제시,34.8125,128.7089,island,0,0,0,0,20,1,0,1,0
835,외도 구조라 유람선,48310,경상남도 거제시,34.8052,128.6953,island,0,0,0,0,3,1,0,1,0
836,외도 보타니아,48310,경상남도 거제시,34.7694722576,128.7113921385,sea,0,0,0,0,26,0,0,0,0
837,외포항,48310,경상남도 거제시,34.9405656837,128.7172218031,island,1,1,0,0,39,1,1,0,1
838,이수도(거제),48310,경상남도 거제시,34.9679905351,128.7250315016,island,0,0,0,0,37,2,0,2,0
839,장목진객사,48310,경상남도 거제시,34.9849739111,128.6789406148,island,0,0,0,0,70,3,1,2,1
840,장사도 유람선,48310,경상남도 거제시,34.72044705524104,128.58625983485112,island,1,0,0,1,35,1,0,1,0
841,장사도대포크루즈,48310,경상남도 거제시,34.7151107272,128.5860836217,island,1,0,0,1,33,0,0,0,0
842,장승포 해안일주도로,48310,경상남도 거제시,34.8628440817,128.7319364852,sea,3,1,2,0,42,1,0,1,0
843,장승포항,48310,경상남도 거제시,34.866,128.7249,island,3,1,2,0,22,0,0,0,0
844,장승포항 벽화골목(장승포 기적의 길),48310,경상남도 거제시,34.8682240854,128.7272796395,island,3,1,2,0,8,0,0,0,0
845,저도(거제),48310,경상남도 거제시,35.0185,128.7403,island,0,0,0,0,51,0,0,0,0
846,죽림해수욕장,48310,경상남도 거제시,34.8383330868,128.5865025594,island,0,0,0,0,44,0,0,0,0
847,지세포성 꽃동산,48310,경상남도 거제시,34.8328002619653,128.715992755111,island,0,0,0,0,63,0,0,0,0
848,지세포항,48310,경상남도 거제시,34.8302583604,128.7058007344,island,0,0,0,0,12,1,0,1,0
849,지심도,48310,경상남도 거제시,34.8179993905,128.7485334584,island,0,0,0,0,27,3,1,2,1
850,지심도선착장,48310,경상남도 거제시,34.8174,128.7476,island,0,0,0,0,5,2,0,2,1
851,청곡리지석묘,48310,경상남도 거제시,34.9011552556,128.5106352797,island,0,0,0,0,79,0,0,0,0
852,칠천량해전공원전시관,48310,경상남도 거제시,34.9776710338,128.6282618906,sea,0,0,0,0,118,0,0,0,0
853,학동흑진주몽돌해변,48310,경상남도 거제시,34.774752,128.641498,island,0,0,0,0,20,0,0,0,0
854,한려해상국립공원(거제),48310,경상남도 거제시,34.7770626322,128.6430868997,island,0,0,0,0,33,2,1,1,0
855,한화리조트 거제 벨버디어,48310,경상남도 거제시,35.00783936404808,128.71161268637815,island,0,0,0,0,16,0,0,0,0
856,함목몽돌해변,48310,경상남도 거제시,34.740223015,128.652982706,island,2,1,0,1,62,1,1,0,0
857,해금강유람선,48310,경상남도 거제시,34.742059096,128.6626929257,island,2,1,0,1,1,0,0,0,0
858,해금강테마박물관,48310,경상남도 거제시,34.7399824083168,128.662761307122,island,2,1,0,1,13,0,0,0,0
859,홍포선착장,48310,경상남도 거제시,34.7052370642,128.5992244066,sea,2,0,0,2,72,3,2,1,0
860,황덕도,48310,경상남도 거제시,35.009131750552285,128.6243187128103,island,0,0,0,0,71,2,2,0,1
861,황포해수욕장,48310,경상남도 거제시,35.0200691416253,128.674030501213,island,0,0,0,0,49,2,2,0,0
862,흥남해수욕장,48310,경상남도 거제시,34.9599940242,128.7149048188,island,1,1,0,0,19,2,1,1,1
863,고성 자란만,48820,경상남도 고성군,34.9404455161,128.2114770075,sea,0,0,0,0,152,1,0,1,0
864,고성공룡박물관,48820,경상남도 고성군,34.9080728167232,128.148660365512,mainland,0,0,0,0,66,1,1,0,1
865,고성당항포랜드,48820,경상남도 고성군,35.0563459566,128.3986441463,mainland,0,0,0,0,114,2,1,1,1
866,남산공원(고성),48820,경상남도 고성군,34.9664,128.3273,mainland,0,0,0,0,87,1,1,0,1
867,당항포관광지,48820,경상남도 고성군,35.06019056868558,128.39967476720415,mainland,0,0,0,0,44,2,1,1,1
868,맥전포항,48820,경상남도 고성군,34.8993,128.1643,sea,0,0,0,0,124,3,1,2,1
869,상족암군립공원,48820,경상남도 고성군,34.9091,128.1543,mainland,0,0,0,0,13,0,0,0,0
870,소담수목원,48820,경상남도 고성군,35.0637112216,128.4645516535,mainland,2,2,0,0,162,2,2,0,1
871,해맞이공원,48820,경상남도 고성군,35.0596647139,128.4790727158,sea,1,1,0,0,100,0,0,0,0
872,가천 다랭이마을,48840,경상남도 남해군,34.7280668376,127.8909557246,mainland,0,0,0,0,19,0,0,0,0
873,거북선전시관,48840,경상남도 남해군,34.942,127.8751,mainland,1,0,0,1,85,2,1,1,1
874,구미동해변 (구미동해수욕장),48840,경상남도 남해군,34.7857,127.8463,mainland,0,0,0,0,85,0,0,0,0
875,남해 가인리 화석산지,48840,경상남도 남해군,34.8862959385,128.049303698,sea,0,0,0,0,104,2,1,1,1
876,남해 가천 해변과 암수바위,48840,경상남도 남해군,34.725837,127.896234,mainland,0,0,0,0,16,0,0,0,0
877,남해 관음포 이충무공 유적,48840,경상남도 남해군,34.912547961,127.8573559204,mainland,0,0,0,0,39,0,0,0,0
878,남해 냉천갯벌체험장,48840,경상남도 남해군,34.9021242983,128.0253164954,sea,1,0,0,1,113,1,1,0,0
879,남해 물건리 방조어부림,48840,경상남도 남해군,34.7971,128.0505,mainland,0,0,0,0,71,0,0,0,0
880,남해 미조리 상록수림,48840,경상남도 남해군,34.7137290501,128.0439697309,mainland,0,0,0,0,33,2,2,0,1
881,남해각 기억의 예술관,48840,경상남도 남해군,34.9407529417,127.8724520476,mainland,1,0,0,1,25,1,0,1,0
882,남해대교유람선,48840,경상남도 남해군,34.9413227821,127.8729065944,mainland,1,0,0,1,5,0,0,0,0
883,남해보물섬전망대,48840,경상남도 남해군,34.769787,128.053422,mainland,0,0,0,0,43,0,0,0,0
884,남해토피아랜드,48840,경상남도 남해군,34.8456826367,127.9818245351,island,0,0,0,0,112,2,1,1,1
885,노도(김만중 유허지),48840,경상남도 남해군,34.727339609,127.9406839493,island,0,0,0,0,91,1,1,0,0
886,"두곡, 월포해수욕장",48840,경상남도 남해군,34.7682,127.9078,mainland,0,0,0,0,57,0,0,0,0
887,둔촌갯벌체험장,48840,경상남도 남해군,34.825593225,128.0360341718,mainland,0,0,0,0,137,1,0,1,0
888,모상개해수욕장,48840,경상남도 남해군,34.8393268322,128.0756328909,island,0,0,0,0,139,0,0,0,0
889,미조항,48840,경상남도 남해군,34.7082963559,128.0458002666,sea,0,0,0,0,43,3,1,2,1
890,사촌해수욕장,48840,경상남도 남해군,34.7414171144,127.8560937545,mainland,0,0,0,0,38,0,0,0,0
891,상주은모래비치,48840,경상남도 남해군,34.720841,127.988094,mainland,0,0,0,0,77,2,0,2,0
892,선구몽돌해변,48840,경상남도 남해군,34.736437177,127.8596185734,mainland,0,0,0,0,33,0,0,0,0
893,설리스카이워크,48840,경상남도 남해군,34.7085143485356,128.023070930899,mainland,0,0,0,0,14,0,0,0,0
894,설리해수욕장,48840,경상남도 남해군,34.7055990803,128.0255437691,mainland,0,0,0,0,57,1,0,1,1
895,설흘산,48840,경상남도 남해군,34.7352560378,127.9000612006,mainland,0,0,0,0,27,0,0,0,0
896,섬이정원,48840,경상남도 남해군,34.7523270827,127.8605847505,mainland,0,0,0,0,33,0,0,0,0
897,송정 솔바람해변,48840,경상남도 남해군,34.7213945156,128.0243656889,mainland,0,0,0,0,27,1,1,0,0
898,이순신 영상관,48840,경상남도 남해군,34.9123916814,127.8576356327,mainland,0,0,0,0,27,0,0,0,0
899,이순신바다공원,48840,경상남도 남해군,34.914867111,127.8554199187,mainland,0,0,0,0,52,0,0,0,0
900,임진성,48840,경상남도 남해군,34.7791630626,127.8660891379,mainland,0,0,0,0,12,0,0,0,0
901,조도,48840,경상남도 남해군,34.6976087507,128.0508639887,island,0,0,0,0,114,1,1,0,0
902,천하몽돌해수욕장,48840,경상남도 남해군,34.7243087029326,128.013230611406,mainland,0,0,0,0,30,0,0,0,0
903,항도몽돌해수욕장과 항도방파제,48840,경상남도 남해군,34.7404206577201,128.048461158869,mainland,0,0,0,0,58,2,1,1,1
904,노량항,48850,경상남도 하동군,34.9471,127.8609,mainland,1,0,0,1,74,0,0,0,0
905,대도,48850,경상남도 하동군,34.9319088305503,127.832256047733,island,1,0,0,1,155,0,0,0,0
906,검멀레해변,50110,제주특별자치도 제주시,33.497279,126.967248,island,4,0,0,4,15,0,0,0,0
907,고스트타운,50110,제주특별자치도 제주시,33.4763969581,126.3568659412,island,2,2,0,0,39,4,1,3,0
908,곽지해수욕장 (곽지과물해변),50110,제주특별자치도 제주시,33.4485353054,126.3031045774,island,3,2,1,0,24,5,2,3,1
909,관덕정(제주),50110,제주특별자치도 제주시,33.5132642036,126.5219575322,island,3,2,1,0,0,0,0,0,0
910,구엄리돌염전,50110,제주특별자치도 제주시,33.4825790978,126.3774089402,island,2,1,0,1,9,0,0,0,0
911,구엄포구,50110,제주특별자치도 제주시,33.4843,126.3764,sea,2,1,0,1,14,0,0,0,0
912,국립제주박물관,50110,제주특별자치도 제주시,33.513375,126.54886,island,4,2,1,1,0,0,0,0,0
913,금능석물원,50110,제주특별자치도 제주시,33.3854910837,126.2267487402,island,4,1,2,1,14,2,1,1,2
914,금능해수욕장,50110,제주특별자치도 제주시,33.3903137402,126.2360240519,island,4,1,2,1,9,8,3,5,1
915,금룡사(제주),50110,제주특별자치도 제주시,33.5539409808,126.7535878318,island,1,0,1,0,40,5,1,4,1
916,김녕성세기해변 (김녕해수욕장),50110,제주특별자치도 제주시,33.5572081368,126.7365512139,island,1,0,1,0,62,2,1,1,1
917,김만덕기념관,50110,제주특별자치도 제주시,33.515875146,126.5304011313,island,3,2,1,0,3,0,0,0,0
918,김택화 미술관,50110,제주특별자치도 제주시,33.5437572078,126.6531779586,island,3,0,1,2,7,2,2,0,0
919,나이롱책방,50110,제주특별자치도 제주시,33.5116662086,126.5234377233,island,3,2,1,0,0,0,0,0,0
920,당산봉,50110,제주특별자치도 제주시,33.3078071658,126.1727968238,island,3,2,0,1,0,0,0,0,0
921,도두봉,50110,제주특별자치도 제주시,33.5067925638,126.4672362102,island,4,3,0,1,8,2,1,1,0
922,도두항,50110,제주특별자치도 제주시,33.5061363438,126.4649879968,island,4,3,0,1,14,1,1,0,1
923,도시해녀,50110,제주특별자치도 제주시,33.4842537573,126.4025480925,island,3,1,0,2,37,1,0,1,0
924,동문재래시장,50110,제주특별자치도 제주시,33.5115311378,126.5260460803,island,3,2,1,0,0,0,0,0,0
925,두맹이골목,50110,제주특별자치도 제주시,33.5120458378,126.5349218725,island,3,2,1,0,0,0,0,0,0
926,명월성지,50110,제주특별자치도 제주시,33.4007537003,126.2603927584,island,4,1,2,1,13,4,2,2,0
927,모충사,50110,제주특별자치도 제주시,33.5161427755,126.5455208585,island,3,1,1,1,0,0,0,0,0
928,별도봉(베리오름),50110,제주특별자치도 제주시,33.5192286663,126.5531117946,island,4,2,1,1,33,0,0,0,0
929,별방진,50110,제주특별자치도 제주시,33.5262082208,126.8843912035,island,2,0,1,1,26,1,1,0,0
930,보림사(제주),50110,제주특별자치도 제주시,33.5175093027,126.5462929822,island,4,2,1,1,0,0,0,0,0
931,불탑사(제주),50110,제주특별자치도 제주시,33.5291588377,126.5978743444,island,3,1,0,2,18,2,1,1,0
932,비양도,50110,제주특별자치도 제주시,33.4154196613,126.2621096355,island,2,1,1,0,33,8,5,3,2
933,비양봉,50110,제주특별자치도 제주시,33.4085746459,126.2271120833,island,3,0,2,1,30,2,2,0,0
934,사라봉,50110,제주특별자치도 제주시,33.5175946428,126.5461385165,island,4,2,1,1,0,0,0,0,0
935,사라봉공원,50110,제주특별자치도 제주시,33.5160372422,126.5462013564,island,3,1,1,1,0,0,0,0,0
936,사수항,50110,제주특별자치도 제주시,33.50960274,126.4795124385,island,4,3,0,1,12,1,1,0,0
937,산지 등대,50110,제주특별자치도 제주시,33.5209144715,126.5456624039,island,4,2,1,1,29,0,0,0,0
938,삼양해수욕장,50110,제주특별자치도 제주시,33.5255284819,126.5852560795,island,3,1,1,1,11,1,0,1,0
939,삼양해안도로,50110,제주특별자치도 제주시,33.525339511,126.5788233094,island,3,1,1,1,27,3,3,0,1
940,서문공설시장,50110,제주특별자치도 제주시,33.5113734195,126.5179483634,island,3,2,1,0,0,0,0,0,0
941,서우봉,50110,제주특별자치도 제주시,33.5407280629,126.6641460999,island,3,0,1,2,4,1,0,1,1
942,성김대건신부표착기념관,50110,제주특별자치도 제주시,33.3228915301,126.1677385965,island,3,2,0,1,0,0,0,0,0
943,세화해변,50110,제주특별자치도 제주시,33.525289,126.861237,island,2,0,1,1,22,11,8,3,0
944,쇠머리오름(우도봉),50110,제주특별자치도 제주시,33.5194704331,126.9510147412,island,4,0,0,4,22,0,0,0,0
945,수월봉,50110,제주특별자치도 제주시,33.2947890147,126.1634201497,island,2,1,0,1,4,0,0,0,0
946,수월봉과 차귀해안,50110,제주특별자치도 제주시,33.2941224154,126.1630063111,island,2,1,0,1,36,1,0,1,0
947,순례자의 교회,50110,제주특별자치도 제주시,33.319800755,126.180538112,island,3,2,0,1,0,0,0,0,0
948,신창풍차해안도로,50110,제주특별자치도 제주시,33.3430957258,126.1721252383,island,2,1,0,1,26,1,1,0,0
949,신촌향사,50110,제주특별자치도 제주시,33.5365417182,126.620683305,island,2,0,0,2,26,0,0,0,0
950,싱계물공원,50110,제주특별자치도 제주시,33.3434173465,126.1738937595,island,2,1,0,1,28,3,1,2,2
951,알작지,50110,제주특별자치도 제주시,33.4962044339,126.4412414879,island,4,2,0,2,13,0,0,0,0
952,어영공원,50110,제주특별자치도 제주시,33.5183749384,126.4875702904,sea,3,3,0,0,15,4,3,1,0
953,엉알해안,50110,제주특별자치도 제주시,33.2994219009,126.1676196819,island,3,2,0,1,9,0,0,0,0
954,연대포구,50110,제주특별자치도 제주시,33.4950293341,126.4267094451,island,4,1,0,3,28,2,2,0,0
955,연북정,50110,제주특별자치도 제주시,33.5402304438,126.6359680033,island,3,0,1,2,23,1,1,0,0
956,오현단,50110,제주특별자치도 제주시,33.5102618336,126.5255683759,island,3,2,1,0,0,0,0,0,0
957,용두암,50110,제주특별자치도 제주시,33.5147812884,126.5125098697,island,3,2,1,0,2,0,0,0,0
958,용두암해수랜드,50110,제주특별자치도 제주시,33.5158588206,126.504568869,island,3,2,1,0,13,0,0,0,0
959,용수성지,50110,제주특별자치도 제주시,33.3228915301,126.1677385965,island,3,2,0,1,7,0,0,0,0
960,용연,50110,제주특별자치도 제주시,33.5152118184,126.5139125156,island,3,2,1,0,9,1,1,0,0
961,우도 등대,50110,제주특별자치도 제주시,33.4920855483,126.9665931996,island,4,0,0,4,11,1,1,0,0
962,우도 밤수지맨드라미책방,50110,제주특별자치도 제주시,33.5207140039,126.9484786287,island,3,0,0,3,13,0,0,0,0
963,우도 산호해변(서빈백사),50110,제주특별자치도 제주시,33.5194704331,126.9510147412,island,4,0,0,4,0,0,0,0,0
964,우도(해양도립공원),50110,제주특별자치도 제주시,33.5194704331,126.9510147412,island,4,0,0,4,0,0,0,0,0
965,월령 선인장군락지,50110,제주특별자치도 제주시,33.3780278479,126.2157082002,island,5,2,2,1,12,4,1,3,0
966,월령포구,50110,제주특별자치도 제주시,33.3785527991,126.2163109139,island,5,2,2,1,9,1,1,0,0
967,월정리해변(월정리해수욕장),50110,제주특별자치도 제주시,33.5550461413,126.7982299577,island,1,0,1,0,76,13,5,8,0
968,이호테우해변,50110,제주특별자치도 제주시,33.4973871738,126.4531448539,island,4,2,0,2,17,6,5,1,2
969,자구내포구,50110,제주특별자치도 제주시,33.3093600615,126.1651397772,island,3,2,0,1,20,2,2,0,1
970,절부암,50110,제주특별자치도 제주시,33.323827528,126.167108075,island,3,2,0,1,24,1,1,0,1
971,제주 무지개해안도로,50110,제주특별자치도 제주시,33.5093583102,126.4724622276,island,4,3,0,1,6,1,1,0,0
972,제주 삼양동 유적,50110,제주특별자치도 제주시,33.5232668738,126.5877845121,island,3,1,1,1,0,0,0,0,0
973,제주 토끼섬 문주란 자생지,50110,제주특별자치도 제주시,33.520231492,126.908342042,sea,3,0,0,3,22,1,1,0,0
974,제주 하도리 철새도래지,50110,제주특별자치도 제주시,33.504012,126.891953,island,3,0,0,3,0,0,0,0,0
975,제주목관아,50110,제주특별자치도 제주시,33.5136724909,126.5220519585,island,3,2,1,0,0,0,0,0,0
976,제주신흥해수욕장,50110,제주특별자치도 제주시,33.5519478453,126.64853098,island,3,0,1,2,30,1,1,0,0
977,제주항,50110,제주특별자치도 제주시,33.5200699382,126.5342384162,sea,4,2,1,1,25,4,3,1,0
978,제주항일기념관,50110,제주특별자치도 제주시,33.5409795531,126.6407569556,island,3,0,1,2,6,0,0,0,0
979,제주향교,50110,제주특별자치도 제주시,33.511128243,126.5158220408,island,3,2,1,0,0,0,0,0,0
980,종달리해변,50110,제주특별자치도 제주시,33.4963286013,126.9097146979,island,6,0,0,6,33,1,0,1,0
981,종달항 (두문포항),50110,제주특별자치도 제주시,33.4965502173871,126.910660686374,island,7,0,0,7,18,2,0,2,0
982,지미봉,50110,제주특별자치도 제주시,33.499326185,126.9025217376,island,3,0,0,3,0,0,0,0,0
983,차귀도,50110,제주특별자치도 제주시,33.3116,126.1485,sea,3,2,0,1,28,0,0,0,0
984,천진항,50110,제주특별자치도 제주시,33.4919930639295,126.950434879884,sea,8,1,0,7,24,3,3,0,2
985,추자도,50110,제주특별자치도 제주시,33.9518128033,126.3076233112,island,4,0,0,4,130,2,2,0,0
986,추자도 등대,50110,제주특별자치도 제주시,33.9553,126.2967,island,3,0,0,3,81,1,0,1,1
987,탑동광장,50110,제주특별자치도 제주시,33.51807,126.526565,island,3,2,1,0,14,6,2,4,0
988,판포포구,50110,제주특별자치도 제주시,33.3654096352,126.1996214294,island,2,2,0,0,36,4,3,1,1
989,평대해변,50110,제주특별자치도 제주시,33.5332400681,126.8406003954,island,2,0,1,1,45,3,2,1,0
990,하고수동해변,50110,제주특별자치도 제주시,33.5142746145,126.9574573668,island,4,0,0,4,38,3,2,1,1
991,하도해변,50110,제주특별자치도 제주시,33.5135348561,126.8988152454,island,3,0,0,3,19,1,1,0,0
992,한담해변,50110,제주특별자치도 제주시,33.4627838378,126.310106426,island,4,3,1,0,61,9,6,3,2
993,한림공원,50110,제주특별자치도 제주시,33.3886659647,126.2415557152,island,4,1,2,1,0,0,0,0,0
994,한림매일시장,50110,제주특별자치도 제주시,33.4161382914,126.2649364013,island,1,1,0,0,19,1,0,1,0
995,한수풀 해녀학교,50110,제주특별자치도 제주시,33.4430935099646,126.279165058509,island,3,3,0,0,43,1,1,0,0
996,함덕 서우봉 해변 (함덕해수욕장),50110,제주특별자치도 제주시,33.5439000013,126.668356772,sea,3,0,1,2,58,5,2,3,1
997,해녀박물관,50110,제주특별자치도 제주시,33.5235518611,126.8634366646,island,2,0,1,1,11,0,0,0,0
998,협재해수욕장,50110,제주특별자치도 제주시,33.3937458521,126.2394309781,island,4,1,2,1,17,6,4,2,0
999,훈데르트바서파크,50110,제주특별자치도 제주시,33.4930408093,126.9549441872,island,5,1,0,4,10,0,0,0,0
1000,가파도,50130,제주특별자치도 서귀포시,33.1664033797,126.2735773211,island,1,0,0,1,44,1,1,0,0
1001,갈중이(천연염색체험),50130,제주특별자치도 서귀포시,33.2351126968,126.3136470705,island,6,1,0,5,9,0,0,0,0
1002,강정천,50130,제주특별자치도 서귀포시,33.2325,126.489,island,5,1,1,3,41,1,1,0,0
1003,강정포구,50130,제주특별자치도 서귀포시,33.2271624839,126.4750196034,sea,4,0,1,3,34,8,6,2,1
1004,광치기해변,50130,제주특별자치도 서귀포시,33.45151,126.924636,island,8,1,0,7,13,1,0,1,0
1005,구두미포구,50130,제주특별자치도 서귀포시,33.2368272299,126.5965116372,island,4,1,0,3,36,9,6,3,1
1006,글라스하우스,50130,제주특별자치도 서귀포시,33.4291280857,126.9340141417,island,2,0,0,2,11,0,0,0,0
1007,금호리조트 제주아쿠아나,50130,제주특별자치도 서귀포시,33.2737526275,126.7028238197,island,6,2,0,4,2,0,0,0,0
1008,남원 큰엉해안,50130,제주특별자치도 서귀포시,33.2733776834,126.7037237502,island,6,2,0,4,32,3,2,1,1
1009,노을해안로,50130,제주특별자치도 서귀포시,33.2425116416,126.2243964568,island,2,0,1,1,46,5,5,0,0
1010,논짓물,50130,제주특별자치도 서귀포시,33.2365767524,126.3887657618,island,4,0,0,4,22,14,4,10,2
1011,당케포구,50130,제주특별자치도 서귀포시,33.3247853896,126.8451186744,island,4,0,1,3,20,0,0,0,0
1012,대평포구,50130,제주특별자치도 서귀포시,33.2364855229,126.3620092152,sea,5,1,0,4,24,4,3,1,0
1013,대포포구,50130,제주특별자치도 서귀포시,33.2377274199,126.4392113608,sea,6,0,1,5,20,5,4,1,1
1014,동일리포구,50130,제주특별자치도 서귀포시,33.225489535,126.2401122413,sea,2,2,0,0,30,2,1,1,0
1015,드르쿰다 in 성산,50130,제주특별자치도 서귀포시,33.4444983695,126.9191261882,island,6,0,0,6,9,0,0,0,0
1016,마라도 가파도 정기여객선,50130,제주특별자치도 서귀포시,33.210088,126.258422,sea,3,3,0,0,27,8,4,4,3
1017,마라도 등대,50130,제주특별자치도 서귀포시,33.1170102919,126.2692287758,island,2,0,0,2,9,0,0,0,0
1018,마라도(마라해양도립공원),50130,제주특별자치도 서귀포시,33.1186461893,126.2671011468,island,2,0,0,2,13,1,0,1,0
1019,모슬포중앙시장,50130,제주특별자치도 서귀포시,33.22198030751,126.25451259853804,island,2,2,0,0,14,2,1,1,1
1020,법환포구,50130,제주특별자치도 서귀포시,33.2372,126.5157,island,4,3,0,1,35,5,5,0,1
1021,베릿네오름,50130,제주특별자치도 서귀포시,33.2474788502,126.4220098576,island,6,0,0,6,0,0,0,0,0
1022,보목포구,50130,제주특별자치도 서귀포시,33.2392465705,126.606774583,island,2,0,0,2,12,0,0,0,0
1023,사계해안,50130,제주특별자치도 서귀포시,33.2285,126.3088,sea,7,1,0,6,24,2,2,0,0
1024,삼매봉,50130,제주특별자치도 서귀포시,33.2439117723,126.5468824444,island,5,3,0,2,0,0,0,0,0
1025,새섬공원,50130,제주특별자치도 서귀포시,33.2397485318,126.5588092829,island,6,3,0,3,27,11,6,5,3
1026,서귀포매일올레시장,50130,제주특별자치도 서귀포시,33.2487281813,126.5641113997,island,6,3,0,3,0,0,0,0,0
1027,서귀포시립기당미술관,50130,제주특별자치도 서귀포시,33.2447978549,126.5512403807,island,5,3,0,2,3,0,0,0,0
1028,서귀포해양도립공원,50130,제주특별자치도 서귀포시,33.2397925522,126.5582663116,island,5,3,0,2,7,1,1,0,1
1029,서복전시관,50130,제주특별자치도 서귀포시,33.2448985857,126.5706299388,island,6,3,0,3,2,0,0,0,0
1030,선광사(제주),50130,제주특별자치도 서귀포시,33.2727088904,126.6995590489,island,6,2,0,4,10,1,1,0,1
1031,섭지코지,50130,제주특별자치도 서귀포시,33.4236334564,126.9297312423,island,2,0,0,2,36,0,0,0,0
1032,섯알오름,50130,제주특별자치도 서귀포시,33.2042091988,126.2815563372,island,7,3,0,4,21,4,4,0,1
1033,성산일출봉 [유네스코 세계자연유산],50130,제주특별자치도 서귀포시,33.4580801942,126.9415003865,island,7,1,0,6,44,4,3,1,0
1034,성산포성당,50130,제주특별자치도 서귀포시,33.4539607740169,126.913641954744,island,8,1,0,7,0,0,0,0,0
1035,세계조가비박물관,50130,제주특별자치도 서귀포시,33.2474447916,126.5516736169,island,5,3,0,2,0,0,0,0,0
1036,소남머리,50130,제주특별자치도 서귀포시,33.2443787372,126.5689416339,island,6,3,0,3,1,0,0,0,0
1037,소정방폭포,50130,제주특별자치도 서귀포시,33.2452065509,126.5769659202,island,6,3,0,3,14,1,0,1,0
1038,소천지,50130,제주특별자치도 서귀포시,33.2417795599,126.6027220992,island,3,1,0,2,0,0,0,0,0
1039,송악산,50130,제주특별자치도 서귀포시,33.1989,126.2903,island,4,1,0,3,19,3,3,0,0
1040,송악카트체험장,50130,제주특별자치도 서귀포시,33.2085265144768,126.289399915208,island,6,1,0,5,22,4,2,2,0
1041,쇠소깍,50130,제주특별자치도 서귀포시,33.253,126.6227,island,0,0,0,0,41,4,3,1,0
1042,신양 섭지해수욕장,50130,제주특별자치도 서귀포시,33.430250088,126.9280674087,island,2,0,0,2,16,0,0,0,0
1043,신풍 신천 바다목장,50130,제주특별자치도 서귀포시,33.3559713485,126.8637960644,island,1,0,0,1,59,1,0,1,0
1044,씨오르리조트,50130,제주특별자치도 서귀포시,33.2424650896,126.5185445528,island,4,3,0,1,14,1,1,0,0
1045,아쿠아플라넷 제주,50130,제주특별자치도 서귀포시,33.4328023538,126.9278439065,island,3,0,0,3,24,3,2,1,1
1046,아프리카 박물관,50130,제주특별자치도 서귀포시,33.2398992429,126.4290955229,island,6,0,0,6,9,0,0,0,0
1047,약천사(제주),50130,제주특별자치도 서귀포시,33.246208,126.449555,island,5,0,1,4,17,0,0,0,0
1048,여미지식물원,50130,제주특별자치도 서귀포시,33.2520502041,126.414570323,island,5,0,0,5,0,0,0,0,0
1049,예래포구(하예포구),50130,제주특별자치도 서귀포시,33.2335157559,126.3745753937,island,3,0,0,3,19,3,3,0,0
1050,오조포구,50130,제주특별자치도 서귀포시,33.46305156,126.9195930714,sea,8,1,0,7,45,6,4,2,0
1051,왈종미술관,50130,제주특별자치도 서귀포시,33.2452989728,126.5736643764,island,6,3,0,3,1,0,0,0,0
1052,외돌개(제주),50130,제주특별자치도 서귀포시,33.2402621646,126.546215918,island,5,3,0,2,23,11,5,6,5
1053,용머리해안,50130,제주특별자치도 서귀포시,33.2317,126.3151,sea,6,1,0,5,5,1,0,1,0
1054,위미동백나무군락,50130,제주특별자치도 서귀포시,33.27287477995361,126.67499910688764,island,5,2,0,3,19,4,3,1,1
1055,위미항,50130,제주특별자치도 서귀포시,33.2713050304,126.662391266,island,3,1,0,2,45,4,1,3,1
1056,이중섭 거주지,50130,제주특별자치도 서귀포시,33.2455757555,126.5644169991,island,6,3,0,3,0,0,0,0,0
1057,이중섭 미술관,50130,제주특별자치도 서귀포시,33.245159269694526,126.56447048522864,island,6,3,0,3,0,0,0,0,0
1058,자구리문화예술공원 (자구리공원),50130,제주특별자치도 서귀포시,33.2419154831,126.5674960251,island,6,3,0,3,23,14,10,4,4
1059,정방폭포,50130,제주특별자치도 서귀포시,33.2447479529,126.5730501303,sea,6,3,0,3,2,0,0,0,0
1060,제주 초콜릿랜드,50130,제주특별자치도 서귀포시,33.24976735,126.4133188934,island,6,0,0,6,0,0,0,0,0
1061,제주국제컨벤션센터,50130,제주특별자치도 서귀포시,33.2412740186,126.4244958917,island,6,0,0,6,7,1,1,0,0
1062,제주국제평화센터,50130,제주특별자치도 서귀포시,33.2452,126.4214,island,6,0,0,6,1,0,0,0,0
1063,제주동백수목원,50130,제주특별자치도 서귀포시,33.2753,126.678,island,5,2,0,3,6,0,0,0,0
1064,제주민속촌,50130,제주특별자치도 서귀포시,33.3213162956,126.8431022619,island,4,0,1,3,43,0,0,0,0
1065,제지기오름,50130,제주특별자치도 서귀포시,33.241993534,126.609568724,island,2,0,0,2,12,1,0,1,0
1066,조안베어뮤지엄,50130,제주특별자치도 서귀포시,33.2401550889,126.4347575117,island,7,0,1,6,2,0,0,0,0
1067,중문·색달 해변,50130,제주특별자치도 서귀포시,33.2487,126.4125,island,5,0,0,5,9,0,0,0,0
1068,중문관광단지,50130,제주특별자치도 서귀포시,33.2487,126.4125,island,5,0,0,5,0,0,0,0,0
1069,천제연폭포,50130,제주특별자치도 서귀포시,33.2526262075,126.418417505,island,6,0,0,6,0,0,0,0,0
1070,천지연 걸매생태공원,50130,제주특별자치도 서귀포시,33.2499640127,126.5551177065,island,5,3,0,2,0,0,0,0,0
1071,천지연폭포 (제주도 국가지질공원),50130,제주특별자치도 서귀포시,33.2447166744,126.559550845,island,6,3,0,3,0,0,0,0,0
1072,켄싱턴리조트 서귀포,50130,제주특별자치도 서귀포시,33.2335128811774,126.489000273124,island,5,1,1,3,0,0,0,0,0
1073,테디베어뮤지엄 제주,50130,제주특별자치도 서귀포시,33.25002,126.412146,island,5,0,0,5,0,0,0,0,0
1074,퍼시픽 리솜,50130,제주특별자치도 서귀포시,33.244988161814,126.415640156538,island,7,0,0,7,8,5,3,2,0
1075,표선 해비치 해변,50130,제주특별자치도 서귀포시,33.3256630271,126.8424244429,island,4,0,1,3,21,5,4,1,0
1076,하모해변,50130,제주특별자치도 서귀포시,33.2113219743,126.2605635569,island,4,3,0,1,9,0,0,0,0
1077,화순금모래해변,50130,제주특별자치도 서귀포시,33.2407004292,126.333514908,island,4,1,0,3,40,4,2,2,1
1078,황우지해안,50130,제주특별자치도 서귀포시,33.2420288662,126.5607118442,island,6,3,0,3,0,0,0,0,0
1079,황우지해안열두굴,50130,제주특별자치도 서귀포시,33.2420288662,126.5607118442,island,6,3,0,3,8,2,2,0,0
1080,강릉 경포해수욕장,51150,강원특별자치도 강릉시,37.8034055083,128.9102102476,mainland,3,0,0,3,10,6,5,1,0
1081,강릉커피거리,51150,강원특별자치도 강릉시,37.7725952413582,128.947321445483,mainland,3,0,0,3,3,3,1,2,0
1082,강릉항,51150,강원특별자치도 강릉시,37.7728055375,128.9530277727,sea,3,0,0,3,10,8,7,1,0
1083,강문해변,51150,강원특별자치도 강릉시,37.7947975418039,128.91901514704,mainland,3,0,0,3,16,10,9,1,0
1084,경포도립공원,51150,강원특별자치도 강릉시,37.80269799426001,128.91009166501226,mainland,3,0,0,3,5,0,0,0,0
1085,경포플라워가든,51150,강원특별자치도 강릉시,37.7979330674986,128.908660492752,mainland,3,0,0,3,0,0,0,0,0
1086,금진항,51150,강원특별자치도 강릉시,37.6525813092368,129.051820695074,mainland,5,0,0,5,42,2,2,0,0
1087,금진해변,51150,강원특별자치도 강릉시,37.6395216152575,129.043483017933,mainland,6,0,0,6,13,0,0,0,0
1088,남항진해변(남항진해수욕장),51150,강원특별자치도 강릉시,37.763969813792606,128.9543157073508,mainland,3,0,0,3,23,1,1,0,0
1089,도직해변,51150,강원특별자치도 강릉시,37.6093412454,129.0676585323,mainland,1,0,0,1,25,1,1,0,0
1090,등명낙가사(강릉),51150,강원특별자치도 강릉시,37.7116288147888,129.006775959352,mainland,3,0,0,3,12,0,0,0,0
1091,등명해변(등명해수욕장),51150,강원특별자치도 강릉시,37.7041576928492,129.016586359577,mainland,1,1,0,0,15,1,0,1,1
1092,모래시계공원,51150,강원특별자치도 강릉시,37.6871057814,129.0379796598,mainland,4,1,0,3,28,1,1,0,0
1093,보헤미안 박이추커피,51150,강원특별자치도 강릉시,37.846918193,128.8669136848,mainland,3,0,0,3,8,1,1,0,0
1094,사근진 해중공원 전망대,51150,강원특별자치도 강릉시,37.814217,128.898362,sea,4,0,0,4,3,5,5,0,2
1095,사근진해변(사근진해수욕장),51150,강원특별자치도 강릉시,37.8127060786,128.89879987,mainland,4,0,0,4,7,1,0,1,1
1096,사천진해변(사천뒷불해수욕장),51150,강원특별자치도 강릉시,37.8411688239134,128.8753206888,mainland,2,0,0,2,15,2,2,0,0
1097,사천해변(사천해수욕장),51150,강원특별자치도 강릉시,37.8291989245582,128.87771380682673,mainland,3,0,0,3,17,5,4,1,0
1098,소돌아들바위공원,51150,강원특별자치도 강릉시,37.9057,128.8302,mainland,4,0,1,3,6,0,0,0,0
1099,소돌항,51150,강원특별자치도 강릉시,37.904837947354,128.828973168874,mainland,4,0,1,3,5,1,0,1,0
1100,소돌해수욕장,51150,강원특별자치도 강릉시,37.9062383246,128.8272654209,mainland,4,0,1,3,8,3,1,2,0
1101,송정해변(송정해수욕장),51150,강원특별자치도 강릉시,37.78009716001928,128.9371294664424,mainland,5,0,0,5,15,14,14,0,1
1102,순긋해변,51150,강원특별자치도 강릉시,37.8161692056567,128.893345010573,mainland,4,0,0,4,4,1,0,1,0
1103,순포습지,51150,강원특별자치도 강릉시,37.8204,128.8875,mainland,3,0,0,3,8,0,0,0,0
1104,순포해변,51150,강원특별자치도 강릉시,37.8193190673,128.8902985428,mainland,3,0,0,3,6,0,0,0,0
1105,안목해변,51150,강원특별자치도 강릉시,37.7722617595,128.9482754051,mainland,3,0,0,3,4,1,1,0,1
1106,안인해변(안인해수욕장),51150,강원특별자치도 강릉시,37.734256301455,128.990390717375,mainland,3,0,0,3,20,2,2,0,0
1107,연곡해변(연곡해수욕장),51150,강원특별자치도 강릉시,37.8585,128.8548,sea,3,0,0,3,14,1,1,0,0
1108,염전해변,51150,강원특별자치도 강릉시,37.742,128.9842,mainland,3,0,0,3,38,0,0,0,0
1109,영진항,51150,강원특별자치도 강릉시,37.8678206084197,128.848369678782,sea,4,0,1,3,8,2,0,2,1
1110,영진해변,51150,강원특별자치도 강릉시,37.8695,128.8449,mainland,4,0,1,3,15,1,1,0,1
1111,옥계해변,51150,강원특별자치도 강릉시,37.6280092113127,129.048041273038,mainland,3,0,0,3,28,0,0,0,0
1112,임해자연휴양림,51150,강원특별자치도 강릉시,37.718563921807,128.998543201835,mainland,3,0,0,3,16,0,0,0,0
1113,정동진해변,51150,강원특별자치도 강릉시,37.69136032810732,129.0325745067553,mainland,2,1,0,1,1,0,0,0,0
1114,정동진핸드레일바이크,51150,강원특별자치도 강릉시,37.6914144167,129.032603586,mainland,2,1,0,1,13,1,0,1,1
1115,주문진 등대,51150,강원특별자치도 강릉시,37.8976166977071,128.833759044094,mainland,4,0,1,3,14,2,1,1,0
1116,주문진읍 BTS 앨범사진 촬영지 (버스정류장),51150,강원특별자치도 강릉시,37.9125457281,128.8170522589,mainland,2,0,1,1,10,0,0,0,0
1117,주문진항,51150,강원특별자치도 강릉시,37.8875872848439,128.829873624106,mainland,5,0,1,4,26,1,0,1,0
1118,주문진해변,51150,강원특별자치도 강릉시,37.9105787154618,128.818821192809,mainland,3,0,1,2,4,1,0,1,0
1119,주문진해양박물관,51150,강원특별자치도 강릉시,37.8911618284,128.8287652856,mainland,5,0,1,4,11,4,2,2,1
1120,하슬라아트월드,51150,강원특별자치도 강릉시,37.7064767296551,129.010203568499,mainland,1,1,0,0,5,0,0,0,0
1121,하평해변(강릉),51150,강원특별자치도 강릉시,37.846,128.8701,mainland,3,0,0,3,7,2,1,1,1
1122,허난설헌 솔숲,51150,강원특별자치도 강릉시,37.7918727117255,128.909646698851,mainland,3,0,0,3,0,0,0,0,0
1123,호린파크(경포대허브농장),51150,강원특별자치도 강릉시,37.8444934488,128.8656527627,mainland,3,0,0,3,0,0,0,0,0
1124,환희컵박물관,51150,강원특별자치도 강릉시,37.77447828489426,128.94309754468625,mainland,3,0,0,3,5,2,2,0,0
1125,감추사,51170,강원특별자치도 동해시,37.5148310688,129.1262895236,mainland,4,1,0,3,25,2,1,1,0
1126,냉천공원,51170,강원특별자치도 동해시,37.5192498675,129.1193122353,mainland,4,1,0,3,21,2,0,2,0
1127,노봉해변,51170,강원특별자치도 동해시,37.5881665717,129.1014311557,sea,2,0,0,2,23,8,8,0,0
1128,논골담길,51170,강원특별자치도 동해시,37.5522210485,129.1183390829,sea,2,0,0,2,2,0,0,0,0
1129,도째비골 해랑전망대,51170,강원특별자치도 동해시,37.5542,129.1203,sea,2,0,0,2,2,1,1,0,0
1130,도째비골스카이밸리,51170,강원특별자치도 동해시,37.5552499845,129.1191200483,sea,3,0,0,3,1,0,0,0,0
1131,동쪽바다중앙시장,51170,강원특별자치도 동해시,37.5510312549335,129.108605919399,mainland,1,0,0,1,0,0,0,0,0
1132,동해 해암정,51170,강원특별자치도 동해시,37.479158787390894,129.15900933551052,sea,2,0,0,2,4,0,0,0,0
1133,동해보양온천컨벤션호텔,51170,강원특별자치도 동해시,37.592716113088656,129.0873820010352,mainland,2,0,0,2,10,1,1,0,0
1134,만경대,51170,강원특별자치도 동해시,37.487162,129.136672,mainland,0,0,0,0,72,4,4,0,0
1135,망상해변,51170,강원특별자치도 동해시,37.5922143704,129.0896411696,mainland,2,0,0,2,8,2,0,2,0
1136,묵호등대,51170,강원특별자치도 동해시,37.5548307473,129.1184741143,mainland,2,0,0,2,0,0,0,0,0
1137,묵호항,51170,강원특별자치도 동해시,37.5503878118,129.1125091063,mainland,2,0,0,2,17,0,0,0,0
1138,묵호항수변공원,51170,강원특별자치도 동해시,37.5509989487,129.1174169812,mainland,2,0,0,2,14,0,0,0,0
1139,어달해변,51170,강원특별자치도 동해시,37.5670832421,129.1193024261,mainland,2,0,0,2,20,0,0,0,0
1140,전망대활어회센터 (묵호항전망대),51170,강원특별자치도 동해시,37.5516099863,129.1172503105,mainland,2,0,0,2,3,0,0,0,0
1141,추암 촛대바위,51170,강원특별자치도 동해시,37.4794524764,129.1602292408,sea,2,0,0,2,2,0,0,0,0
1142,추암조각공원,51170,강원특별자치도 동해시,37.4790469361,129.158659949,sea,2,0,0,2,9,0,0,0,0
1143,추암해변,51170,강원특별자치도 동해시,37.4794635856,129.1602375728,sea,2,0,0,2,30,0,0,0,0
1144,횟집명소거리,51170,강원특별자치도 동해시,37.5566539185,129.1207942815,sea,3,0,0,3,10,1,1,0,0
1145,대포항,51210,강원특별자치도 속초시,38.1748951238747,128.607433369894,mainland,5,0,0,5,0,0,0,0,0
1146,대포항 전망대,51210,강원특별자치도 속초시,38.1759477483562,128.606172348188,mainland,5,0,0,5,0,0,0,0,0
1147,동명항,51210,강원특별자치도 속초시,38.2114151114,128.599818177,mainland,8,3,0,5,5,0,0,0,0
1148,등대해변,51210,강원특별자치도 속초시,38.214644,128.598332,mainland,8,3,0,5,13,2,1,1,0
1149,롯데리조트 속초,51210,강원특별자치도 속초시,38.1806417552,128.6130465313,mainland,6,0,0,6,7,0,0,0,0
1150,베니키아 산과바다(대포항),51210,강원특별자치도 속초시,38.1748951238747,128.607433369894,mainland,5,0,0,5,13,3,1,2,0
1151,보광사(속초),51210,강원특별자치도 속초시,38.2133645974,128.5850361257,sea,8,3,0,5,0,0,0,0,0
1152,석봉도자기미술관,51210,강원특별자치도 속초시,38.1979691187,128.5825396111,mainland,6,1,0,5,6,0,0,0,0
1153,속초 설악해맞이공원,51210,강원특별자치도 속초시,38.1631532526572,128.60851247300386,mainland,3,0,0,3,13,0,0,0,0
1154,속초 엑스포타워,51210,강원특별자치도 속초시,38.1916176038339,128.583101875452,mainland,6,1,0,5,6,0,0,0,0
1155,속초 조양동 유적,51210,강원특별자치도 속초시,38.1876732553,128.5908141814,mainland,6,1,0,5,2,0,0,0,0
1156,속초관광수산시장(구 중앙시장),51210,강원특별자치도 속초시,38.2039356904,128.5905229864,sea,8,3,0,5,1,0,0,0,0
1157,속초등대전망대,51210,강원특별자치도 속초시,38.2136624683423,128.600066194622,mainland,8,3,0,5,4,0,0,0,0
1158,속초항,51210,강원특별자치도 속초시,38.2089236252,128.5941826553,sea,8,3,0,5,9,0,0,0,0
1159,속초해수욕장,51210,강원특별자치도 속초시,38.1905487347,128.6019333307,mainland,6,1,0,5,16,5,4,1,0
1160,신세계영랑호리조트,51210,강원특별자치도 속초시,38.2142227476,128.5807503766,mainland,7,3,0,4,0,0,0,0,0
1161,아바이마을,51210,강원특별자치도 속초시,38.2006833956,128.594889331,mainland,8,2,0,6,18,10,4,6,1
1162,아바이마을 갯배,51210,강원특별자치도 속초시,38.2028053057774,128.592197859167,mainland,8,3,0,5,11,2,1,1,0
1163,영금정,51210,강원특별자치도 속초시,38.2119011984,128.6014624568,mainland,8,3,0,5,7,4,3,1,2
1164,영랑호,51210,강원특별자치도 속초시,38.2142227476,128.5807503766,mainland,7,3,0,4,0,0,0,0,0
1165,영랑호 설화공원,51210,강원특별자치도 속초시,38.214481217251,128.569805225105,mainland,7,3,0,4,0,0,0,0,0
1166,외옹치항,51210,강원특별자치도 속초시,38.1792996211,128.6109265053,sea,6,0,0,6,5,2,2,0,1
1167,외옹치해변,51210,강원특별자치도 속초시,38.182204775,128.6076711543,mainland,6,0,0,6,7,0,0,0,0
1168,장사항,51210,강원특별자치도 속초시,38.226663420937,128.588003068548,mainland,7,3,0,4,31,4,3,1,1
1169,청초호,51210,강원특별자치도 속초시,38.196,128.5887,sea,7,1,0,6,7,3,2,1,2
1170,청초호호수공원,51210,강원특별자치도 속초시,38.1958,128.5825,mainland,6,1,0,5,3,0,0,0,0
1171,갈남항,51230,강원특별자치도 삼척시,37.2807757781,129.3251150597,mainland,8,2,0,6,27,1,0,1,0
1172,궁촌항,51230,강원특별자치도 삼척시,37.3275609841,129.2696991242,mainland,5,1,0,4,23,2,2,0,1
1173,궁촌해변(궁촌해수욕장),51230,강원특별자치도 삼척시,37.3243001987,129.2671938924,mainland,5,1,0,4,3,0,0,0,0
1174,대진항 (삼척),51230,강원특별자치도 삼척시,37.3478682973,129.2604319205,mainland,4,1,0,3,26,1,1,0,0
1175,덕봉산 해안생태탐방로,51230,강원특별자치도 삼척시,37.3880614533,129.2386721334,sea,3,0,0,3,5,0,0,0,0
1176,덕산해변,51230,강원특별자치도 삼척시,37.3858676065,129.24096101,sea,4,0,0,4,31,5,5,0,0
1177,맹방비치캠핑장,51230,강원특별자치도 삼척시,37.3875003281,129.234547546,mainland,3,0,0,3,2,0,0,0,0
1178,맹방해변,51230,강원특별자치도 삼척시,37.3898030893,129.2320061341,mainland,3,0,0,3,6,1,1,0,0
1179,문암해변,51230,강원특별자치도 삼척시,37.3094,129.2884,mainland,5,0,0,5,3,0,0,0,0
1180,부남해변,51230,강원특별자치도 삼척시,37.361148432,129.2514275017,mainland,5,1,0,4,26,1,0,1,0
1181,비치조각공원,51230,강원특별자치도 삼척시,37.4567250399,129.1858804219,mainland,8,0,0,8,21,0,0,0,0
1182,비화항,51230,강원특별자치도 삼척시,37.215307347452544,129.34519635342613,mainland,3,0,0,3,35,1,1,0,0
1183,삼척 어촌민속전시관,51230,강원특별자치도 삼척시,37.2680106197,129.3272680373,mainland,8,2,0,6,3,0,0,0,0
1184,삼척 해신당공원,51230,강원특별자치도 삼척시,37.2680078425,129.3273124779,mainland,8,2,0,6,8,0,0,0,0
1185,삼척공양왕릉,51230,강원특별자치도 삼척시,37.3262832875,129.2663494624,mainland,5,1,0,4,1,0,0,0,0
1186,삼척항,51230,강원특별자치도 삼척시,37.4363990563,129.1880976953,mainland,6,0,0,6,29,4,1,3,1
1187,삼척해변,51230,강원특별자치도 삼척시,37.468333,129.169169,mainland,3,0,0,3,5,0,0,0,0
1188,삼척해상케이블카,51230,강원특별자치도 삼척시,37.2891439362,129.3085218382,mainland,9,2,0,7,9,1,0,1,1
1189,상맹방해변,51230,강원특별자치도 삼척시,37.4024179175,129.2122186263,mainland,1,0,0,1,17,0,0,0,0
1190,수로부인 헌화공원 (남화산 해맞이공원),51230,강원특별자치도 삼척시,37.2304708713,129.3470007632,mainland,1,0,0,1,37,0,0,0,0
1191,신남항,51230,강원특별자치도 삼척시,37.2671246236,129.3279235618,sea,7,2,0,5,4,1,0,1,0
1192,신남해변,51230,강원특별자치도 삼척시,37.2643860289,129.3269015147,mainland,7,2,0,5,33,0,0,0,0
1193,쏠비치 삼척,51230,강원특별자치도 삼척시,37.4708194414505,129.165137712528,mainland,3,0,0,3,4,0,0,0,0
1194,오분해변,51230,강원특별자치도 삼척시,37.4264703043,129.1917558282,mainland,5,0,0,5,23,1,0,1,0
1195,용화해변,51230,강원특별자치도 삼척시,37.290462,129.303328,mainland,9,2,0,7,15,4,3,1,2
1196,원평해수욕장,51230,강원특별자치도 삼척시,37.3199,129.2723,mainland,4,0,0,4,10,0,0,0,0
1197,육향산,51230,강원특별자치도 삼척시,37.4357996537,129.1849950346,mainland,6,0,0,6,0,0,0,0,0
1198,이사부사자공원&그림책 나라,51230,강원특별자치도 삼척시,37.4744522275525,129.159685344531,mainland,2,0,0,2,1,0,0,0,0
1199,임원항,51230,강원특별자치도 삼척시,37.2298514642,129.3452731581,mainland,1,0,0,1,9,4,0,4,0
1200,임원해변,51230,강원특별자치도 삼척시,37.2231104837,129.3408348715,mainland,3,0,0,3,10,2,1,1,0
1201,작은후진해수욕장,51230,강원특별자치도 삼척시,37.4638879088,129.1758977619,mainland,7,0,0,7,6,0,0,0,0
1202,장호비치캠핑장,51230,강원특별자치도 삼척시,37.2845723161,129.312424409,mainland,8,2,0,6,2,0,0,0,0
1203,장호항,51230,강원특별자치도 삼척시,37.2859,129.3142,mainland,8,2,0,6,17,4,2,2,1
1204,"장호해수욕장(장호항, 장호해변)",51230,강원특별자치도 삼척시,37.2859,129.3142,mainland,8,2,0,6,0,0,0,0,0
1205,증산해변(증산 해수욕장),51230,강원특별자치도 삼척시,37.47459346234172,129.16173478156367,mainland,2,0,0,2,2,0,0,0,0
1206,초곡항,51230,강원특별자치도 삼척시,37.311030034,129.2943890947,sea,6,0,0,6,12,1,0,1,0
1207,초곡해수욕장,51230,강원특별자치도 삼척시,37.3104438286,129.2861481811,mainland,5,0,0,5,10,1,0,1,0
1208,하맹방해변,51230,강원특별자치도 삼척시,37.3935775318,129.2256954711,mainland,1,0,0,1,15,0,0,0,0
1209,한재밑해변,51230,강원특별자치도 삼척시,37.4080671263,129.2050024313,mainland,2,0,0,2,32,0,0,0,0
1210,해가사의 터,51230,강원특별자치도 삼척시,37.4734365536,129.1628569684,mainland,2,0,0,2,5,1,1,0,0
1211,황영조 기념공원,51230,강원특별자치도 삼척시,37.3072804709,129.29470307,mainland,8,0,0,8,11,0,0,0,0
1212,후진항,51230,강원특별자치도 삼척시,37.46380459125006,129.17727329308352,mainland,7,0,0,7,7,1,1,0,0
1213,6.25 전쟁체험전시관,51820,강원특별자치도 고성군,38.584137909,128.3737546498,mainland,0,0,0,0,33,0,0,0,0
1214,가진항,51820,강원특별자치도 고성군,38.3681640977223,128.513291975832,mainland,2,1,0,1,17,2,2,0,0
1215,가진해변,51820,강원특별자치도 고성군,38.3739590744858,128.508578377735,mainland,2,1,0,1,34,0,0,0,0
1216,거진11리해변,51820,강원특별자치도 고성군,38.44425914455814,128.4551854263243,mainland,1,0,0,1,4,1,0,1,0
1217,거진1리해변,51820,강원특별자치도 고성군,38.4408494282,128.4547464127,mainland,1,0,0,1,12,1,0,1,0
1218,거진항,51820,강원특별자치도 고성군,38.4464534613551,128.459789156608,sea,1,0,0,1,13,1,1,0,0
1219,고성 DMZ박물관,51820,강원특별자치도 고성군,38.5763238583,128.3826570629,mainland,0,0,0,0,32,0,0,0,0
1220,고성 문암리 유적,51820,강원특별자치도 고성군,38.3047587164,128.5444286243,mainland,4,0,0,4,4,0,0,0,0
1221,고성 통일전망타워,51820,강원특별자치도 고성군,38.5147706205,128.4173974953,mainland,1,0,0,1,26,0,0,0,0
1222,공현진1리해변,51820,강원특별자치도 고성군,38.350844352,128.5106302561,mainland,2,1,0,1,27,5,2,3,1
1223,교암항,51820,강원특별자치도 고성군,38.290174377,128.5481315222,sea,6,0,1,5,3,0,0,0,0
1224,교암해변,51820,강원특별자치도 고성군,38.2916575075,128.5466038374,mainland,6,0,1,5,4,1,0,1,0
1225,김일성 별장,51820,강원특별자치도 고성군,38.4724805013,128.4431427334,sea,0,0,0,0,10,0,0,0,0
1226,능파대 (강원평화지역 국가지질공원),51820,강원특별자치도 고성군,38.2963874857519,128.54993790158,mainland,6,0,1,5,3,0,0,0,0
1227,대진 등대,51820,강원특별자치도 고성군,38.5037208348563,128.428768144318,mainland,1,0,0,1,9,0,0,0,0
1228,대진1리해변,51820,강원특별자치도 고성군,38.50338874,128.4236806136,mainland,1,0,0,1,7,0,0,0,0
1229,대진항,51820,강원특별자치도 고성군,38.499803068,128.4247222981,mainland,1,0,0,1,11,1,0,1,0
1230,마차진해변,51820,강원특별자치도 고성군,38.5113,128.4194,mainland,1,0,0,1,10,3,2,1,0
1231,명파해변,51820,강원특별자치도 고성군,38.5435697967,128.4053254685,mainland,0,0,0,0,69,0,0,0,0
1232,문암2리해변,51820,강원특별자치도 고성군,38.2967736331,128.5494339747,mainland,6,0,1,5,1,1,0,1,1
1233,문암항,51820,강원특별자치도 고성군,38.2960404108,128.5507422121,mainland,6,0,1,5,7,1,0,1,1
1234,반암항,51820,강원특별자치도 고성군,38.4246320152,128.4618518294,mainland,1,0,0,1,14,1,0,1,0
1235,반암해변,51820,강원특별자치도 고성군,38.4215018437,128.4628018416,mainland,1,0,0,1,28,1,0,1,1
1236,백도항/문암1리항,51820,강원특별자치도 고성군,38.3028866828571,128.549509959478,mainland,4,0,0,4,9,0,0,0,0
1237,백도해변,51820,강원특별자치도 고성군,38.2983733969,128.5468480485,mainland,5,0,1,4,3,0,0,0,0
1238,백섬해상전망대,51820,강원특별자치도 고성군,38.4497569582,128.4669255768,sea,1,0,0,1,19,1,1,0,0
1239,봉수대해변,51820,강원특별자치도 고성군,38.3227449421816,128.527978095691,mainland,2,0,0,2,11,0,0,0,0
1240,봉포해변,51820,강원특별자치도 고성군,38.2524403975575,128.566146047718,mainland,5,1,1,3,22,0,0,0,0
1241,삼포해변,51820,강원특별자치도 고성군,38.3148904930934,128.535399843295,mainland,4,0,0,4,15,4,1,3,0
1242,송지호 해수욕장,51820,강원특별자치도 고성군,38.3306771108,128.527933485,mainland,2,1,0,1,20,9,5,4,0
1243,송지호 해안 서낭바위 (강원평화지역 국가지질공원),51820,강원특별자치도 고성군,38.3276,128.5302,sea,2,1,0,1,5,2,1,1,0
1244,송지호관망타워,51820,강원특별자치도 고성군,38.3359906599,128.5173717748,mainland,2,1,0,1,11,2,1,1,0
1245,아야진해변,51820,강원특별자치도 고성군,38.276603,128.553266,sea,7,0,1,6,20,4,4,0,0
1246,응봉,51820,강원특별자치도 고성군,38.4659741075,128.4463213907,mainland,1,0,0,1,2,0,0,0,0
1247,자작도해변,51820,강원특별자치도 고성군,38.308714,128.542854,mainland,4,0,0,4,18,0,0,0,0
1248,천진해변,51820,강원특별자치도 고성군,38.259629,128.560193,sea,4,0,1,3,8,2,1,1,0
1249,천학정/문암포구,51820,강원특별자치도 고성군,38.28889455298562,128.54800205281785,sea,6,0,1,5,12,1,1,0,0
1250,청간정,51820,강원특별자치도 고성군,38.2644082266,128.5583658712,mainland,5,0,1,4,2,0,0,0,0
1251,청간해변,51820,강원특별자치도 고성군,38.2655580994609,128.559043546517,sea,5,0,1,4,13,2,1,1,0
1252,초도해변,51820,강원특별자치도 고성군,38.4907,128.4304,mainland,1,0,0,1,16,0,0,0,0
1253,켄싱턴해변,51820,강원특별자치도 고성군,38.2429470182,128.5724224583,mainland,4,2,0,2,17,1,1,0,0
1254,화진포 (강원평화지역 국가지질공원),51820,강원특별자치도 고성군,38.4787852048,128.4390957062,sea,1,0,0,1,12,1,1,0,0
1255,화진포소나무숲산림욕장,51820,강원특별자치도 고성군,38.4650603678,128.4485156639,mainland,1,0,0,1,17,0,0,0,0
1256,화진포콘도 해수욕장,51820,강원특별자치도 고성군,38.477463,128.439453,sea,1,0,0,1,4,0,0,0,0
1257,갯마을해변,51830,강원특별자치도 양양군,37.9448496992,128.785448555,mainland,1,0,0,1,3,0,0,0,0
1258,기사문해수욕장,51830,강원특별자치도 양양군,38.006204670418846,128.73097919912695,mainland,1,0,0,1,32,4,4,0,0
1259,낙산 해수욕장,51830,강원특별자치도 양양군,38.11733156584656,128.63355006579656,mainland,2,0,0,2,8,2,1,1,0
1260,낙산도립공원,51830,강원특별자치도 양양군,38.1161018139,128.6313821755,mainland,2,0,0,2,0,0,0,0,0
1261,낙산사,51830,강원특별자치도 양양군,38.1247988501,128.6273274611,mainland,2,0,0,2,6,0,0,0,0
1262,낙산항,51830,강원특별자치도 양양군,38.1226094051,128.6321235721,mainland,2,0,0,2,7,5,2,3,0
1263,남대천 생태관찰로,51830,강원특별자치도 양양군,38.0978994678186,128.639741026867,mainland,1,0,0,1,7,0,0,0,0
1264,남애1리해수욕장,51830,강원특별자치도 양양군,37.9341454568,128.7891485534,mainland,1,0,0,1,0,0,0,0,0
1265,남애3리해수욕장,51830,강원특별자치도 양양군,37.946337,128.783172,mainland,2,0,0,2,8,2,1,1,0
1266,남애항,51830,강원특별자치도 양양군,37.9449469437,128.7871622863,mainland,1,0,0,1,12,5,4,1,2
1267,"남애해변(남애1, 3리)",51830,강원특별자치도 양양군,37.9341454568,128.7891485534,mainland,1,0,0,1,10,1,0,1,0
1268,남애해수욕장,51830,강원특별자치도 양양군,37.9449469437,128.7871622863,mainland,1,0,0,1,0,0,0,0,0
1269,동명서원,51830,강원특별자치도 양양군,38.1110023752,128.6297408168,mainland,2,0,0,2,0,0,0,0,0
1270,동산포해변,51830,강원특별자치도 양양군,37.9781336216,128.7595256277,mainland,2,0,0,2,7,1,0,1,1
1271,동산해수욕장,51830,강원특별자치도 양양군,37.9814671694,128.7595719781,mainland,2,0,0,2,13,2,1,1,0
1272,동호해변(양양),51830,강원특별자치도 양양군,38.0573415060586,128.683107503147,mainland,1,0,1,0,42,3,1,2,0
1273,물치해수욕장,51830,강원특별자치도 양양군,38.1537,128.6083,sea,4,0,0,4,13,3,1,2,0
1274,북분리해수욕장,51830,강원특별자치도 양양군,37.9854221046,128.7512587183,mainland,3,0,0,3,21,2,2,0,0
1275,서피비치,51830,강원특별자치도 양양군,38.0280442733,128.7173076869,mainland,1,0,0,1,20,0,0,0,0
1276,설악해변,51830,강원특별자치도 양양군,38.1300761879,128.6227312436,mainland,3,0,0,3,7,0,0,0,0
1277,송전해수욕장,51830,강원특별자치도 양양군,38.092625,128.661116,mainland,1,0,1,0,13,2,1,1,0
1278,쏠비치 호텔&리조트 양양,51830,강원특별자치도 양양군,38.087927,128.666385,mainland,1,0,1,0,35,5,2,3,1
1279,애견전용해수욕장 멍비치,51830,강원특별자치도 양양군,37.9533540227,128.7728272095,mainland,3,0,0,3,10,0,0,0,0
1280,양양동해신묘지,51830,강원특별자치도 양양군,38.1096203491,128.6376574914,mainland,2,0,0,2,12,5,4,1,1
1281,오산리선사유적박물관,51830,강원특별자치도 양양군,38.0858601216138,128.660469578843,mainland,1,0,1,0,0,0,0,0,0
1282,원포해변,51830,강원특별자치도 양양군,37.9314,128.7921,mainland,1,0,0,1,9,0,0,0,0
1283,인구해수욕장,51830,강원특별자치도 양양군,37.9702564431218,128.761916491838,mainland,2,0,0,2,13,4,3,1,1
1284,잔교해변,51830,강원특별자치도 양양군,38.000186552,128.7252939415,mainland,1,0,0,1,0,0,0,0,0
1285,정암해수욕장,51830,강원특별자치도 양양군,38.1390571755,128.6158245382,mainland,4,0,0,4,14,4,2,2,0
1286,죽도해수욕장,51830,강원특별자치도 양양군,37.9723515608,128.759586149,mainland,2,0,0,2,3,3,3,0,0
1287,중광정해변,51830,강원특별자치도 양양군,38.0278081942,128.7175465614,mainland,1,0,0,1,4,0,0,0,0
1288,지경리해변,51830,강원특별자치도 양양군,37.9204639845,128.8032171516,mainland,2,0,0,2,14,2,0,2,0
1289,하조대 무인등대,51830,강원특별자치도 양양군,38.0211093097,128.734875757,mainland,1,0,0,1,15,1,1,0,0
1290,하조대(전망대),51830,강원특별자치도 양양군,38.0211,128.7357,mainland,1,0,0,1,3,0,0,0,0
1291,하조대해수욕장,51830,강원특별자치도 양양군,38.0229894402,128.7242655472,mainland,1,0,0,1,9,6,0,6,0
1292,후진항,51830,강원특별자치도 양양군,38.1329552415,128.6227268801,mainland,3,0,0,3,8,0,0,0,0
1293,휴휴암(강원),51830,강원특별자치도 양양군,37.961269667,128.7674802246,mainland,3,0,0,3,13,0,0,0,0
1294,국립신시도자연휴양림,52130,전북특별자치도 군산시,35.8282590494,126.4468684182,mainland,7,1,1,5,159,6,3,3,0
1295,군산 3.1운동 100주년 기념관,52130,전북특별자치도 군산시,35.9869365455,126.7422568359,mainland,1,0,0,1,19,0,0,0,0
1296,군산 신흥동 일본식가옥(히로쓰 가옥),52130,전북특별자치도 군산시,35.9863009684,126.7061578421,mainland,3,1,0,2,0,0,0,0,0
1297,군산 해망굴,52130,전북특별자치도 군산시,35.9913180812,126.7048496204,mainland,3,1,0,2,7,0,0,0,0
1298,군산근대역사박물관,52130,전북특별자치도 군산시,35.9908197098,126.7121231556,mainland,3,1,0,2,12,1,0,1,0
1299,군산선유도유람선,52130,전북특별자치도 군산시,35.811732639,126.4161049225,island,7,1,2,4,76,3,3,0,0
1300,금강습지생태공원,52130,전북특별자치도 군산시,36.0224284414,126.7670486805,mainland,0,0,0,0,0,0,0,0,0
1301,금강하구둑(군산),52130,전북특별자치도 군산시,36.0159483282,126.7496865132,sea,0,0,0,0,14,0,0,0,0
1302,몽돌해수욕장/몽돌해변,52130,전북특별자치도 군산시,35.8284888289,126.4022890673,island,4,0,2,2,53,4,1,3,0
1303,무녀도‧선유도,52130,전북특별자치도 군산시,35.7996423796,126.4178106318,island,8,1,2,5,92,8,6,2,0
1304,방축도,52130,전북특별자치도 군산시,35.851488,126.377172,island,0,0,0,0,115,3,2,1,1
1305,비안도,52130,전북특별자치도 군산시,35.7367783230843,126.457898819326,island,1,0,0,1,113,1,1,0,1
1306,새만금 비응공원,52130,전북특별자치도 군산시,35.943885973,126.538985937,mainland,4,0,2,2,67,21,15,6,2
1307,새만금어린이랜드,52130,전북특별자치도 군산시,35.94851793701381,126.59346881008096,mainland,0,0,0,0,0,0,0,0,0
1308,선유도 월명유람선,52130,전북특별자치도 군산시,35.8102049733,126.4124052922,island,7,1,2,4,0,0,0,0,0
1309,선유도해수욕장 (명사십리 해수욕장),52130,전북특별자치도 군산시,35.8102049733,126.4124052922,island,7,1,2,4,12,3,2,1,1
1310,야미도,52130,전북특별자치도 군산시,35.8483020621,126.4975855957,mainland,1,0,1,0,83,1,1,0,0
1311,어청도,52130,전북특별자치도 군산시,36.120626984,125.9791933555,island,0,0,0,0,108,0,0,0,0
1312,연도,52130,전북특별자치도 군산시,36.08304196373,126.434836594398,island,0,0,0,0,47,2,1,1,1
1313,옥돌해수욕장,52130,전북특별자치도 군산시,35.8068858742,126.4104277756,island,6,1,2,3,30,2,1,1,0
1314,우체통거리,52130,전북특별자치도 군산시,35.9854900565,126.7123878614,mainland,3,1,0,2,0,0,0,0,0
1315,월명공원,52130,전북특별자치도 군산시,35.9904315794,126.7035133045,mainland,3,1,0,2,28,3,1,2,0
1316,월명호수,52130,전북특별자치도 군산시,35.9791126275,126.6901789022,mainland,3,1,0,2,37,0,0,0,0
1317,은적사(군산),52130,전북특별자치도 군산시,35.9748658021,126.6850378051,mainland,2,1,0,1,43,3,1,2,1
1318,장자도,52130,전북특별자치도 군산시,35.8101,126.3973,island,4,0,2,2,29,4,3,1,0
1319,장자도여객터미널,52130,전북특별자치도 군산시,35.8100351568,126.395108518,island,4,0,2,2,99,3,2,1,0
1320,진포시비공원,52130,전북특별자치도 군산시,36.0022654615,126.7537664448,mainland,0,0,0,0,12,0,0,0,0
1321,진포해양테마공원,52130,전북특별자치도 군산시,35.9892997236059,126.717450815797,mainland,3,1,0,2,33,1,0,1,0
1322,채만식 문학관,52130,전북특별자치도 군산시,36.0085981064483,126.757885329316,mainland,0,0,0,0,6,0,0,0,0
1323,테디베어뮤지엄 군산,52130,전북특별자치도 군산시,35.9855271402,126.7095293618,mainland,3,1,0,2,0,0,0,0,0
1324,두곡서원(김제),52210,전북특별자치도 김제시,35.8564798314,126.7157575558,mainland,0,0,0,0,0,0,0,0,0
1325,망해사,52210,전북특별자치도 김제시,35.859679114,126.7156654662,mainland,0,0,0,0,0,0,0,0,0
1326,심포항,52210,전북특별자치도 김제시,35.8570905843,126.698825719,sea,0,0,0,0,0,0,0,0,0
1327,격포해수욕장,52800,전북특별자치도 부안군,35.6292358305,126.4697976339,mainland,5,1,3,1,1,0,0,0,0
1328,계화도,52800,전북특별자치도 부안군,35.7889583750339,126.632303036675,mainland,0,0,0,0,0,0,0,0,0
1329,고사포해수욕장,52800,전북특별자치도 부안군,35.6618742453,126.5082403579,sea,4,3,0,1,18,4,3,1,1
1330,곰소염전,52800,전북특별자치도 부안군,35.5949434537,126.6161136936,mainland,0,0,0,0,112,1,1,0,0
1331,궁항,52800,전북특별자치도 부안군,35.6032,126.4696,sea,4,0,3,1,39,1,1,0,0
1332,모항갯벌체험장,52800,전북특별자치도 부안군,35.5872292901,126.5138657506,mainland,0,0,0,0,11,0,0,0,0
1333,모항해수욕장,52800,전북특별자치도 부안군,35.58286024,126.5077441836,mainland,0,0,0,0,31,1,0,1,0
1334,변산자연휴양림,52800,전북특별자치도 부안군,35.5815507964309,126.525174112482,mainland,0,0,0,0,47,1,1,0,0
1335,변산해수욕장,52800,전북특별자치도 부안군,35.6714,126.5314,mainland,3,2,0,1,36,9,9,0,1
1336,분옥담과 선녀탕,52800,전북특별자치도 부안군,35.625804744,126.4712880206,mainland,5,1,3,1,23,9,7,2,0
1337,상록해수욕장,52800,전북특별자치도 부안군,35.6007494449,126.482257117,mainland,3,0,3,0,30,0,0,0,0
1338,새만금,52800,전북특별자치도 부안군,35.6966903903,126.5591790518,mainland,0,0,0,0,41,0,0,0,0
1339,소노벨 변산 오션플레이,52800,전북특별자치도 부안군,35.6321196592007,126.470467867168,mainland,4,1,2,1,13,0,0,0,0
1340,수성당,52800,전북특별자치도 부안군,35.634773898,126.4603456184,mainland,4,1,2,1,8,0,0,0,0
1341,위도 (전북 서해안 국가지질공원),52800,전북특별자치도 부안군,35.5967115844157,126.283207940971,island,3,0,0,3,138,1,0,1,0
1342,위도해수욕장,52800,전북특별자치도 부안군,35.6042273588206,126.283585494328,island,4,0,0,4,238,1,1,0,0
1343,잼버리 공원,52800,전북특별자치도 부안군,35.7077334508,126.5853229994,mainland,0,0,0,0,0,0,0,0,0
1344,적벽강 (전북 서해안 국가지질공원),52800,전북특별자치도 부안군,35.6359617808,126.4628857368,mainland,4,1,2,1,20,3,3,0,0
1345,채석강 (전북 서해안 국가지질공원),52800,전북특별자치도 부안군,35.627938767,126.4700170902,mainland,5,1,3,1,4,0,0,0,0
1346,하섬,52800,전북특별자치도 부안군,35.6638367652,126.4854441331,sea,2,2,0,0,25,1,1,0,0
1347,하섬전망대,52800,전북특별자치도 부안군,35.6558906164,126.495518435,mainland,2,2,0,0,31,4,3,1,1
1348,고창갯벌 (전북 서해안 국가지질공원),52790,전북특별자치도 고창군,35.5311328965,126.5143810025,sea,1,0,0,1,22,1,1,0,0
1349,구시포해수욕장,52790,전북특별자치도 고창군,35.445717,126.435322,sea,1,0,0,1,40,1,1,0,0
1350,동호해수욕장,52790,전북특별자치도 고창군,35.5143481439,126.4816454501,mainland,2,0,0,2,94,2,1,1,0
1351,명사십리 및 구시포  (전북 서해안 국가지질공원),52790,전북특별자치도 고창군,35.4455349685778,126.435683291352,sea,1,0,0,1,70,0,0,0,0
1352,상하농원,52790,전북특별자치도 고창군,35.4477432859,126.4504262759,mainland,1,0,0,1,31,0,0,0,0
1353,서해안 바람공원,52790,전북특별자치도 고창군,35.5309955457,126.5147569397,sea,1,0,0,1,47,0,0,0,0
