{"type":"FeatureCollection","features":[{"type":"Feature","properties":{"sterm_parent":"인천·경기남부앞바다","fcst_kor_nm":"인천·경기남부앞바다중먼평수구역","zone_id":"S2211100"},"geometry":{"type":"MultiPolygon","coordinates":[[[[126.44000244,37.26434326],[126.44049072,37.26104736],[126.44573975,37.26324463],[126.43341064,37.23199463],[126.39447021,37.11297607],[126.2918793,37.07503197],[126.10284567,37.16623139],[126.12087173,37.2112022],[126.08706184,37.30419519],[126.26776123,37.33648682],[126.26074219,37.55102539],[126.25891113,37.55749512],[126.28033447,37.54858398],[126.29174805,37.54595947],[126.32537842,37.5255127],[126.34228374,37.50184525],[126.36169434,37.47467041],[126.38153076,37.43640137],[126.39074707,37.39593506],[126.40942383,37.37591553],[126.43585205,37.27532959],[126.44000244,37.26434326]]]]}},{"type":"Feature","properties":{"sterm_parent":"남해서부동쪽먼바다","fcst_kor_nm":"남해서부먼바다중추자도연안바다","zone_id":"S2330100"},"geometry":{"type":"MultiPolygon","coordinates":[[[[126.32049497,33.96573544],[126.32142831,33.96552072],[126.32162293,33.96561289],[126.32247875,33.96595699],[126.32335468,33.96626837],[126.32424884,33.96654635],[126.32515928,33.96679035],[126.32608403,33.96699983],[126.32702108,33.96717432],[126.32749645,33.96728495],[126.32824171,33.96745432],[126.32861767,33.96752992],[126.32899564,33.96759942],[126.32937548,33.96766279],[126.32975703,33.96772],[126.33014014,33.96777104],[126.33056091,33.9678241],[126.3312564,33.96795714],[126.33198906,33.96808647],[126.33237539,33.96815154],[126.33276339,33.96821065],[126.33315293,33.96826378],[126.33354386,33.96831092],[126.33393604,33.96835205],[126.33432932,33.96838714],[126.33472357,33.9684162],[126.33511864,33.9684392],[126.33551439,33.96845614],[126.33591066,33.96846702],[126.33630732,33.96847182],[126.33655253,33.96847104],[126.33702399,33.96846708],[126.33744872,33.96845913],[126.33787338,33.96844419],[126.3382978,33.96842228],[126.3387218,33.96839339],[126.3391452,33.96835755],[126.33956782,33.96831476],[126.33998948,33.96826505],[126.34041001,33.96820844],[126.34082923,33.96814494],[126.34124695,33.96807459],[126.34166301,33.96799742],[126.34207723,33.96791346],[126.34248943,33.96782274],[126.34289944,33.96772531],[126.34330709,33.9676212],[126.34371221,33.96751045],[126.34411461,33.96739313],[126.34451414,33.96726926],[126.34491063,33.96713891],[126.34520181,33.96708993],[126.3454756,33.96704326],[126.3458844,33.96697036],[126.34629151,33.9668909],[126.34669675,33.96680492],[126.34709996,33.96671246],[126.34750097,33.96661355],[126.34789962,33.96650823],[126.34829576,33.96639655],[126.34868921,33.96627855],[126.34907982,33.96615427],[126.34946743,33.96602378],[126.34985188,33.96588712],[126.35023302,33.96574434],[126.35061069,33.96559551],[126.35098473,33.96544069],[126.351355,33.96527994],[126.35172135,33.96511332],[126.35208362,33.9649409],[126.35244167,33.96476275],[126.35279535,33.96457895],[126.35314452,33.96438957],[126.35349184,33.96420951],[126.35383482,33.96402404],[126.35417332,33.96383326],[126.35450719,33.96363723],[126.35483632,33.96343603],[126.35516058,33.96322975],[126.35547982,33.96301845],[126.35579394,33.96280223],[126.35610281,33.96258117],[126.35640629,33.96235536],[126.35670428,33.96212488],[126.35699666,33.96188983],[126.35728332,33.9616503],[126.35756413,33.96140638],[126.35783899,33.96115817],[126.35810779,33.96090577],[126.35819345,33.96082386],[126.35844683,33.96057748],[126.35869436,33.96032735],[126.35893595,33.96007356],[126.35917151,33.95981622],[126.35940094,33.95955541],[126.35962416,33.95929124],[126.35984109,33.9590238],[126.36005166,33.95875319],[126.36025577,33.95847951],[126.36045336,33.95820287],[126.36064435,33.95792336],[126.36082867,33.9576411],[126.36104828,33.95734101],[126.3612602,33.95703751],[126.36146436,33.95673072],[126.36166065,33.95642078],[126.36202932,33.95579196],[126.36220154,33.95547336],[126.36236558,33.95515214],[126.36252138,33.95482844],[126.36266886,33.95450241],[126.36280797,33.95417417],[126.36293865,33.95384388],[126.36306083,33.95351166],[126.36317446,33.95317768],[126.3633124,33.95272707],[126.36337592,33.95250496],[126.36346365,33.95216651],[126.36354266,33.95182686],[126.36361293,33.95148616],[126.36367441,33.95114455],[126.36372709,33.95080218],[126.36377094,33.9504592],[126.36380594,33.95011575],[126.36383209,33.94977198],[126.36384936,33.94942804],[126.36385774,33.94908407],[126.36385725,33.94874022],[126.36384787,33.94839665],[126.36382961,33.94805349],[126.36380248,33.94771089],[126.3637665,33.94736901],[126.36372166,33.94702798],[126.36366801,33.94668795],[126.36373799,33.9463623],[126.3637998,33.94603576],[126.36385343,33.94570846],[126.36389884,33.94538053],[126.36393603,33.94505212],[126.36396497,33.94472334],[126.36398565,33.94439433],[126.36399807,33.94406524],[126.36400222,33.94373618],[126.3639981,33.9434073],[126.3639857,33.94307872],[126.36396504,33.94275059],[126.36393613,33.94242303],[126.36394518,33.94211165],[126.36394694,33.94180035],[126.3639414,33.94148923],[126.36392858,33.9411784],[126.36390847,33.94086797],[126.36388108,33.94055805],[126.36386115,33.94035881],[126.36382349,33.94002347],[126.36377729,33.939689],[126.36372258,33.93935552],[126.36365938,33.93902319],[126.3635877,33.93869214],[126.36350759,33.9383625],[126.36341907,33.93803442],[126.36332219,33.93770802],[126.36321697,33.93738345],[126.36310348,33.93706084],[126.36298174,33.93674033],[126.36285183,33.93642204],[126.36271377,33.9361061],[126.36256765,33.93579266],[126.36241351,33.93548183],[126.36225142,33.93517376],[126.36208145,33.93486856],[126.36190366,33.93456636],[126.36175446,33.93425217],[126.36159721,33.93394065],[126.36143197,33.93363194],[126.36125881,33.93332617],[126.3610778,33.93302346],[126.36088901,33.93272394],[126.36069254,33.93242773],[126.36048845,33.93213496],[126.36027684,33.93184575],[126.36005778,33.93156023],[126.35983138,33.93127849],[126.35959773,33.93100068],[126.35935693,33.9307269],[126.35910907,33.93045727],[126.35885426,33.9301919],[126.3585926,33.92993089],[126.35832421,33.92967436],[126.3580492,33.92942242],[126.35776768,33.92917517],[126.35747977,33.92893272],[126.35718558,33.92869516],[126.35688525,33.92846259],[126.35657889,33.92823511],[126.35626664,33.92801282],[126.35594863,33.9277958],[126.35562498,33.92758416],[126.35529583,33.92737797],[126.35496133,33.92717732],[126.3546216,33.9269823],[126.35427679,33.92679299],[126.35392705,33.92660946],[126.35357252,33.9264318],[126.35321334,33.92626007],[126.35284968,33.92609435],[126.35248167,33.92593471],[126.35210948,33.92578122],[126.35173326,33.92563393],[126.3517267,33.92529477],[126.35171151,33.92495597],[126.35168768,33.92461768],[126.35165523,33.92428002],[126.35161418,33.92394315],[126.35156453,33.9236072],[126.35150631,33.92327232],[126.35143955,33.92293863],[126.35136427,33.92260629],[126.3512805,33.92227543],[126.35118828,33.92194618],[126.35108765,33.92161869],[126.35097865,33.92129309],[126.35086132,33.92096952],[126.35073571,33.9206481],[126.35060188,33.92032899],[126.35045989,33.9200123],[126.35030978,33.91969817],[126.35015163,33.91938672],[126.34998549,33.9190781],[126.34981145,33.91877243],[126.34962957,33.91846984],[126.34943992,33.91817044],[126.34924259,33.91787437],[126.34903766,33.91758176],[126.34882521,33.91729271],[126.34860534,33.91700735],[126.34837813,33.91672581],[126.34814368,33.91644819],[126.34790208,33.91617462],[126.34774493,33.91600044],[126.3474919,33.91572612],[126.34723169,33.91545622],[126.34708279,33.91530838],[126.3469644,33.91519085],[126.34669016,33.91493013],[126.34640908,33.91467418],[126.34612129,33.91442309],[126.3458269,33.91417699],[126.34552604,33.91393597],[126.34521885,33.91370014],[126.34490545,33.9134696],[126.34458598,33.91324445],[126.34412727,33.91293862],[126.3439294,33.91281072],[126.34359255,33.91260231],[126.34325021,33.91239967],[126.34279112,33.91214264],[126.34219164,33.91182718],[126.34182877,33.91164844],[126.34146116,33.91147588],[126.34108896,33.91130956],[126.34071234,33.91114956],[126.34033145,33.91099595],[126.33994646,33.91084879],[126.33955754,33.91070815],[126.33898206,33.91051532],[126.33876856,33.91044667],[126.33836884,33.91032594],[126.33796587,33.91021195],[126.33755982,33.91010475],[126.33715086,33.91000439],[126.33673916,33.90991092],[126.33632491,33.90982436],[126.33590829,33.90974476],[126.33548198,33.90963941],[126.33506703,33.90954919],[126.3346112,33.9094542],[126.33420109,33.90937237],[126.33378875,33.90929734],[126.33337437,33.90922912],[126.33295811,33.90916776],[126.33254014,33.90911327],[126.33212065,33.90906569],[126.33169981,33.90902502],[126.33127779,33.9089913],[126.33085477,33.90896452],[126.33043093,33.90894471],[126.33000644,33.90893186],[126.32958149,33.908926],[126.32915625,33.90892711],[126.32852345,33.90893395],[126.32779653,33.90895314],[126.32734902,33.90889606],[126.32644294,33.90881423],[126.32478581,33.90869426],[126.32437296,33.90866764],[126.32395931,33.90864767],[126.32354503,33.90863436],[126.32313028,33.90862772],[126.32271523,33.90862774],[126.32230004,33.90863443],[126.32188489,33.90864778],[126.32146993,33.90866779],[126.32105534,33.90869446],[126.32064128,33.90872776],[126.32022792,33.90876769],[126.31981542,33.90881424],[126.31940395,33.90886737],[126.31899367,33.90892708],[126.31858476,33.90899334],[126.31817736,33.90906611],[126.31777165,33.90914538],[126.31736779,33.90923111],[126.31696593,33.90932326],[126.31656271,33.90940235],[126.31616133,33.90948783],[126.31576194,33.90957967],[126.31536469,33.90967781],[126.31496976,33.90978223],[126.3145773,33.90989288],[126.31418745,33.91000972],[126.31341624,33.91026179],[126.31303518,33.91039691],[126.31228291,33.91068507],[126.31154477,33.91099673],[126.31118136,33.91116122],[126.31066363,33.9114097],[126.31046659,33.91150718],[126.31011551,33.91168853],[126.30976882,33.91187534],[126.30942666,33.91206757],[126.30908917,33.91226512],[126.30880804,33.91243293],[126.30846516,33.91264173],[126.30812752,33.91285601],[126.30779527,33.91307571],[126.30746854,33.91330071],[126.30714746,33.91353093],[126.30683219,33.91376628],[126.30652284,33.91400664],[126.30621955,33.91425192],[126.30592245,33.91450201],[126.30563167,33.91475682],[126.30534732,33.91501622],[126.30506953,33.91528012],[126.30479842,33.9155484],[126.30453409,33.91582094],[126.30427666,33.91609764],[126.30402624,33.91637837],[126.30378294,33.91666302],[126.30354685,33.91695147],[126.30331808,33.91724359],[126.30309673,33.91753927],[126.30288288,33.91783836],[126.30267664,33.91814076],[126.30247273,33.91842684],[126.30227591,33.91871598],[126.30208625,33.91900808],[126.30190383,33.91930301],[126.30172872,33.91960065],[126.301561,33.9199009],[126.30140072,33.92020362],[126.30124796,33.92050869],[126.30110278,33.920816],[126.30096523,33.92112542],[126.30083537,33.92143682],[126.30071325,33.92175008],[126.30059892,33.92206508],[126.30053524,33.92220277],[126.3005071,33.92224709],[126.29999709,33.92292221],[126.29988946,33.9230749],[126.2997001,33.92334856],[126.29951723,33.92362494],[126.29934091,33.92390394],[126.29917123,33.92418547],[126.29900823,33.92446941],[126.29885197,33.92475567],[126.29870252,33.92504413],[126.29855993,33.9253347],[126.29842425,33.92562726],[126.29829553,33.9259217],[126.29800653,33.92641674],[126.29767429,33.92704521],[126.29752746,33.92717965],[126.29711415,33.92733561],[126.29672594,33.92747598],[126.29634118,33.92762261],[126.29596002,33.92777542],[126.29558264,33.92793436],[126.29520917,33.92809936],[126.29483979,33.92827035],[126.29447464,33.92844726],[126.29411388,33.92863001],[126.29375765,33.92881854],[126.29340611,33.92901276],[126.2930594,33.92921259],[126.29271767,33.92941794],[126.29238105,33.92962874],[126.29204969,33.92984489],[126.29172373,33.9300663],[126.2914033,33.93029289],[126.29108854,33.93052455],[126.29077958,33.93076119],[126.29047654,33.93100272],[126.29017955,33.93124902],[126.28988874,33.9315],[126.28960423,33.93175556],[126.28932614,33.93201559],[126.28894077,33.93214868],[126.28855864,33.93228795],[126.28817993,33.93243334],[126.28780477,33.9325848],[126.28743332,33.93274225],[126.28706575,33.93290564],[126.2867022,33.93307489],[126.28634281,33.93324994],[126.28598775,33.93343071],[126.28563715,33.93361713],[126.28529116,33.93380912],[126.28494992,33.93400661],[126.28461358,33.93420951],[126.28428226,33.93441774],[126.28395612,33.93463121],[126.28365326,33.93480264],[126.28335439,33.93497859],[126.28305961,33.93515899],[126.28276904,33.93534379],[126.28248277,33.9355329],[126.28220091,33.93572626],[126.28192357,33.93592381],[126.28133431,33.93618493],[126.28095252,33.93634154],[126.28057461,33.93650432],[126.28020075,33.9366732],[126.27983109,33.93684811],[126.27946578,33.93702897],[126.27910499,33.9372157],[126.27874887,33.93740824],[126.27839756,33.9376065],[126.27805121,33.93781038],[126.27770997,33.93801982],[126.27737399,33.93823472],[126.2770434,33.93845498],[126.27671834,33.93868053],[126.27630858,33.93897921],[126.27608537,33.93914706],[126.27577772,33.93938785],[126.27547615,33.93963353],[126.27518076,33.93988399],[126.2748917,33.94013912],[126.27460908,33.94039882],[126.27427685,33.94052454],[126.27394834,33.94065664],[126.27362375,33.94079506],[126.27330326,33.9409397],[126.27298708,33.94109049],[126.27261705,33.94124755],[126.27225094,33.9414106],[126.27188892,33.9415796],[126.27153112,33.94175446],[126.27117771,33.94193511],[126.27082884,33.94212147],[126.27048465,33.94231346],[126.2701453,33.94251101],[126.26981092,33.94271402],[126.26948165,33.94292241],[126.26915765,33.94313609],[126.26883905,33.94335498],[126.26850065,33.94356935],[126.26816768,33.94378918],[126.2678403,33.94401439],[126.26751864,33.94424487],[126.26720285,33.94448053],[126.26671208,33.94486768],[126.26629196,33.94521752],[126.26600094,33.94547284],[126.26543855,33.94599731],[126.26516744,33.94626623],[126.26478865,33.94666298],[126.26464593,33.94681687],[126.26435447,33.94713722],[126.26410581,33.94741628],[126.26386415,33.94769918],[126.26362959,33.94798582],[126.26340222,33.94827606],[126.26318213,33.94856979],[126.26296943,33.94886689],[126.26276419,33.94916724],[126.2625665,33.9494707],[126.26237644,33.94977716],[126.26219409,33.9500865],[126.26201953,33.95039857],[126.26185283,33.95071326],[126.26169406,33.95103043],[126.26154328,33.95134995],[126.26140055,33.95167169],[126.26126594,33.95199552],[126.2611395,33.9523213],[126.26102129,33.9526489],[126.26091134,33.95297818],[126.26080971,33.95330901],[126.26071508,33.95363096],[126.26062034,33.95396801],[126.26053426,33.95430637],[126.2604569,33.95464591],[126.26038828,33.95498647],[126.26032843,33.95532791],[126.26027739,33.95567009],[126.26023516,33.95601285],[126.26020178,33.95635606],[126.26017724,33.95669955],[126.26016158,33.95704319],[126.26015478,33.95738684],[126.26015686,33.95773033],[126.26016781,33.95807353],[126.26018764,33.95841628],[126.26021632,33.95875845],[126.26030021,33.95944043],[126.26035539,33.95977995],[126.26041935,33.96011829],[126.26049208,33.96045532],[126.26057354,33.96079089],[126.26066369,33.96112485],[126.26076251,33.96145706],[126.26086993,33.96178738],[126.26098593,33.96211567],[126.26100787,33.96240648],[126.26103919,33.96274927],[126.26107938,33.96309128],[126.2611284,33.96343237],[126.26118625,33.96377239],[126.26125288,33.96411119],[126.26132829,33.96444863],[126.26141242,33.96478457],[126.26150526,33.96511885],[126.26160675,33.96545135],[126.26179063,33.96602752],[126.26190226,33.96636248],[126.26205842,33.96677397],[126.26215069,33.9670978],[126.26225116,33.9674199],[126.26235977,33.96774014],[126.26247648,33.96805839],[126.26260125,33.96837451],[126.26273403,33.96868839],[126.26287476,33.96899988],[126.26302338,33.96930887],[126.26317984,33.96961523],[126.26334406,33.96991884],[126.26351599,33.97021956],[126.26369556,33.97051728],[126.26388268,33.97081188],[126.26407729,33.97110324],[126.26427931,33.97139123],[126.26448864,33.97167574],[126.26470522,33.97195666],[126.2648611,33.97215452],[126.26509257,33.97244153],[126.26533157,33.97272448],[126.26557798,33.97300323],[126.26583169,33.97327767],[126.26609261,33.97354768],[126.26636061,33.97381314],[126.26663559,33.97407393],[126.26691741,33.97432996],[126.26720597,33.9745811],[126.26750113,33.97482724],[126.26780277,33.97506829],[126.26811077,33.97530414],[126.26842497,33.97553468],[126.26874527,33.97575981],[126.2690715,33.97597945],[126.26940354,33.97619348],[126.26974123,33.97640184],[126.27008444,33.97660441],[126.27043302,33.97680112],[126.27078681,33.97699187],[126.27114567,33.9771766],[126.27150944,33.97735521],[126.27187796,33.97752764],[126.27221874,33.97768322],[126.27258015,33.97784429],[126.27294573,33.97799942],[126.27331532,33.97814854],[126.27368877,33.9782916],[126.27406595,33.97842852],[126.27444669,33.97855927],[126.27483084,33.97868379],[126.27521824,33.97880202],[126.27560874,33.97891392],[126.27600218,33.97901944],[126.2763984,33.97911855],[126.27679725,33.97921119],[126.27719855,33.97929734],[126.27760214,33.97937695],[126.27800787,33.97945],[126.27841557,33.97951646],[126.27882507,33.97957629],[126.27943538,33.97965194],[126.27986254,33.97969658],[126.28006273,33.97971584],[126.28047779,33.97974898],[126.28089381,33.9797754],[126.28131063,33.9797951],[126.28155102,33.97980256],[126.28172809,33.97980806],[126.282146,33.97981428],[126.28256422,33.97981376],[126.28298255,33.9798065],[126.28340084,33.9797925],[126.28379218,33.97977625],[126.28418919,33.9797569],[126.28458586,33.97973136],[126.28498203,33.97969962],[126.28537756,33.97966171],[126.28577229,33.97961763],[126.28616608,33.97956741],[126.28655877,33.97951106],[126.28695021,33.9794486],[126.28734026,33.97938006],[126.28772876,33.97930547],[126.28815216,33.9792866],[126.28857522,33.97926073],[126.28899774,33.97922788],[126.28941957,33.97918805],[126.2898405,33.97914127],[126.29026037,33.97908755],[126.29067898,33.97902691],[126.29109618,33.97895939],[126.29151177,33.97888501],[126.29192557,33.9788038],[126.29233742,33.9787158],[126.29274714,33.97862104],[126.29315454,33.97851957],[126.29355946,33.97841143],[126.29396172,33.97829666],[126.29436116,33.97817532],[126.29475759,33.97804745],[126.29515086,33.97791311],[126.29550725,33.97786589],[126.29586266,33.97781337],[126.29621696,33.97775558],[126.29657003,33.97769254],[126.29692175,33.97762426],[126.29732781,33.97754426],[126.29816645,33.9774165],[126.29856299,33.9773494],[126.29898118,33.97727508],[126.29939762,33.97719395],[126.29981211,33.97710604],[126.3002245,33.97701139],[126.3006346,33.97691004],[126.30104224,33.97680203],[126.30144725,33.97668742],[126.30184946,33.97656623],[126.30224871,33.97643854],[126.30264482,33.97630438],[126.30303763,33.97616382],[126.30342698,33.97601691],[126.30381269,33.97586372],[126.30419461,33.97570432],[126.30457258,33.97553876],[126.30494644,33.97536712],[126.30531603,33.97518947],[126.30568119,33.97500588],[126.30604178,33.97481644],[126.30639764,33.97462121],[126.30674863,33.97442029],[126.30709459,33.97421376],[126.30743538,33.9740017],[126.30777086,33.97378421],[126.30819296,33.97350492],[126.30848993,33.97330531],[126.3087822,33.97310125],[126.30906965,33.97289283],[126.30935217,33.9726801],[126.30962967,33.97246316],[126.30990204,33.97224209],[126.31016918,33.97201696],[126.31043099,33.97178787],[126.31077836,33.97159344],[126.31112093,33.97139352],[126.31145855,33.97118819],[126.31179109,33.97097752],[126.31211841,33.97076161],[126.31244037,33.97054055],[126.31275684,33.97031441],[126.3130677,33.97008331],[126.31337281,33.96984733],[126.31367205,33.96960657],[126.3139653,33.96936112],[126.31425244,33.9691111],[126.31453334,33.9688566],[126.3148079,33.96859773],[126.315076,33.96833458],[126.31533753,33.96806728],[126.31559238,33.96779593],[126.31584045,33.96752064],[126.31608164,33.96724153],[126.31631585,33.9669587],[126.31654297,33.96667228],[126.31676293,33.96638239],[126.31715839,33.96633674],[126.31755279,33.96628451],[126.31794596,33.96622574],[126.31833773,33.96616044],[126.31872793,33.96608864],[126.31911639,33.96601038],[126.31954873,33.96591859],[126.32049497,33.96573544]]]]}},{"type":"Feature","properties":{"sterm_parent":"제주도동부앞바다","fcst_kor_nm":"제주도동부앞바다중우도연안바다","zone_id":"S2330200"},"geometry":{"type":"MultiPolygon","coordinates":[[[[126.95556359,33.48225152],[126.9362793,33.49328613],[126.93572577,33.49435502],[126.93450928,33.4967041],[126.93272672,33.51434776],[126.93287756,33.51451092],[126.93325941,33.51488827],[126.93366709,33.51524616],[126.93396122,33.51553969],[126.93422287,33.51591286],[126.93436266,33.51609486],[126.93450827,33.51627361],[126.93465961,33.516449],[126.93481657,33.5166209],[126.93497902,33.51678917],[126.93510974,33.51700713],[126.93524801,33.51722179],[126.93539372,33.51743298],[126.93554675,33.5176405],[126.93570696,33.51784419],[126.93587421,33.51804386],[126.93604837,33.51823935],[126.93622928,33.51843049],[126.9364168,33.51861711],[126.93661075,33.51879905],[126.93681097,33.51897617],[126.9370173,33.5191483],[126.93720774,33.51930307],[126.93717287,33.51969557],[126.93716694,33.51989232],[126.93716869,33.52008913],[126.93717811,33.52028579],[126.93710661,33.52052171],[126.93704326,33.52075927],[126.93698813,33.52099825],[126.93694125,33.52123847],[126.93690268,33.52147973],[126.93687243,33.52172182],[126.93685054,33.52196453],[126.93683702,33.52220768],[126.93683189,33.52245105],[126.93683514,33.52269444],[126.93684679,33.52293766],[126.93686681,33.52318049],[126.93689519,33.52342274],[126.93693191,33.5236642],[126.93697693,33.52390467],[126.93703022,33.52414395],[126.93709174,33.52438185],[126.93716143,33.52461815],[126.93723924,33.52485268],[126.9373251,33.52508523],[126.93741893,33.5253156],[126.93755784,33.52564181],[126.93765732,33.52586585],[126.93776435,33.52608743],[126.93787884,33.52630638],[126.9380007,33.52652252],[126.93812983,33.52673568],[126.93826613,33.52694569],[126.93840949,33.52715237],[126.93855979,33.52735557],[126.93871691,33.52755511],[126.93888073,33.52775084],[126.93905111,33.52794261],[126.93922791,33.52813024],[126.939411,33.5283136],[126.93960023,33.52849254],[126.93979544,33.52866691],[126.93999648,33.52883657],[126.94020319,33.52900139],[126.9404154,33.52916123],[126.94063293,33.52931597],[126.94085562,33.52946547],[126.94108328,33.52960963],[126.94131574,33.52974831],[126.9415528,33.52988142],[126.94179427,33.53000885],[126.9419695,33.53012643],[126.9421872,33.5302725],[126.94241226,33.53040424],[126.9427231,33.53058619],[126.94290784,33.53077295],[126.94309893,33.53095518],[126.94329621,33.53113272],[126.94349953,33.53130542],[126.94370871,33.53147314],[126.94392357,33.53163574],[126.94414394,33.53179308],[126.94436964,33.53194504],[126.94460048,33.53209148],[126.94483626,33.53223229],[126.94507679,33.53236736],[126.94532187,33.53249655],[126.9455713,33.53261978],[126.94582486,33.53273693],[126.94608236,33.53284791],[126.94634357,33.53295263],[126.94670535,33.53309256],[126.94695023,33.53318401],[126.94719793,33.53326997],[126.94744826,33.53335041],[126.94770105,33.53342525],[126.94795612,33.53349445],[126.94852051,33.53364066],[126.94900728,33.53375567],[126.94931091,33.53381641],[126.94988601,33.53392363],[126.95012429,33.53396563],[126.9503638,33.53400239],[126.95060437,33.53403386],[126.95084586,33.53406004],[126.95108807,33.53408091],[126.9515701,33.53416998],[126.95184391,33.53420951],[126.95209535,33.53424284],[126.95245099,33.53428998],[126.95272219,33.53432277],[126.95299434,33.53434939],[126.95326726,33.53436983],[126.95354074,33.53438406],[126.95381459,33.53439207],[126.95408859,33.53439387],[126.95436255,33.53438944],[126.95463626,33.53437879],[126.95490953,33.53436193],[126.95518215,33.53433888],[126.95545392,33.53430964],[126.95635622,33.53420212],[126.95701494,33.53410447],[126.95755849,33.53399872],[126.95777638,33.53395458],[126.9580552,33.53389663],[126.95860633,33.53376085],[126.95887821,33.53368314],[126.95914732,33.53359896],[126.95941346,33.53350839],[126.9596764,33.53341149],[126.95993593,33.53330835],[126.96019184,33.53319904],[126.96044392,33.53308366],[126.96069197,33.53296231],[126.96093578,33.53283508],[126.96117515,33.53270207],[126.9614099,33.53256339],[126.96163982,33.53241917],[126.96186473,33.5322695],[126.96208446,33.53211452],[126.9622988,33.53195435],[126.96250761,33.53178913],[126.9627107,33.53161898],[126.96290791,33.53144405],[126.96309907,33.53126447],[126.96351541,33.53086411],[126.96363059,33.53074702],[126.96383623,33.53063874],[126.96403789,33.53052533],[126.96423539,33.5304069],[126.96442856,33.53028355],[126.96461721,33.53015539],[126.96511433,33.52981463],[126.96576153,33.52937648],[126.96619774,33.52906374],[126.96640769,33.52889969],[126.96661198,33.5287307],[126.96681044,33.5285569],[126.96700291,33.52837845],[126.96718922,33.52819547],[126.96736925,33.52800812],[126.96754282,33.52781656],[126.96770981,33.52762093],[126.96787008,33.5274214],[126.9680235,33.52721813],[126.96816994,33.52701128],[126.96830929,33.52680102],[126.96844143,33.52658752],[126.96856626,33.52637096],[126.96868368,33.5261515],[126.96879358,33.52592934],[126.96889588,33.52570464],[126.9689905,33.5254776],[126.96949159,33.52506571],[126.96982204,33.52477465],[126.97085676,33.52464942],[126.97110201,33.52461715],[126.97134625,33.52457985],[126.97158932,33.52453753],[126.97183107,33.52449022],[126.97207136,33.52443795],[126.97231005,33.52438076],[126.97257895,33.52431332],[126.97326862,33.52414034],[126.97351664,33.52407521],[126.97376257,33.52400476],[126.97400625,33.52392904],[126.97424753,33.52384809],[126.97448624,33.52376196],[126.97472222,33.52367073],[126.97495533,33.52357444],[126.9751854,33.52347316],[126.97742215,33.52245751],[126.97767281,33.5223398],[126.97791937,33.52221616],[126.97816163,33.5220867],[126.9783994,33.52195152],[126.97863248,33.52181073],[126.97886068,33.52166445],[126.97908382,33.52151278],[126.97930173,33.52135587],[126.97951422,33.52119383],[126.97972112,33.52102679],[126.97992226,33.52085489],[126.98011749,33.52067827],[126.98030663,33.52049707],[126.98048955,33.52031144],[126.9806661,33.52012153],[126.98083612,33.51992749],[126.98099948,33.51972948],[126.98115606,33.51952765],[126.98130572,33.51932218],[126.98144834,33.51911323],[126.98158381,33.51890096],[126.98171201,33.51868555],[126.98183285,33.51846718],[126.98194623,33.51824601],[126.98236186,33.51740234],[126.98246737,33.51717926],[126.98256528,33.51695377],[126.98265552,33.51672604],[126.98273802,33.51649626],[126.9828127,33.51626461],[126.98287952,33.51603128],[126.98293841,33.51579646],[126.98298933,33.51556034],[126.98303224,33.5153231],[126.9830671,33.51508494],[126.98309388,33.51484605],[126.98311257,33.51460661],[126.98312315,33.51436683],[126.98312561,33.5141269],[126.98311995,33.513887],[126.98302458,33.51153396],[126.98301044,33.51128946],[126.98298787,33.51104539],[126.98295687,33.51080198],[126.98291749,33.51055942],[126.98286975,33.51031792],[126.98281369,33.51007767],[126.9827624,33.50987359],[126.98268483,33.50956492],[126.98261975,33.50932405],[126.9825463,33.50908486],[126.98246455,33.50884758],[126.98237456,33.50861239],[126.98227642,33.50837951],[126.9821702,33.50814912],[126.982056,33.50792144],[126.98193391,33.50769664],[126.98180404,33.50747492],[126.9816665,33.50725648],[126.98152141,33.50704149],[126.98136889,33.50683014],[126.98120906,33.50662261],[126.98111412,33.50650689],[126.98086807,33.50621972],[126.98068719,33.5060247],[126.9804996,33.50583419],[126.98030544,33.50564835],[126.98037687,33.50550509],[126.98049437,33.50527936],[126.9806039,33.50505082],[126.98070536,33.50481969],[126.98079866,33.50458616],[126.98088374,33.50435043],[126.9809605,33.50411272],[126.9810289,33.50387321],[126.98108886,33.50363212],[126.98114033,33.50338966],[126.98118328,33.50314604],[126.98121766,33.50290147],[126.98124345,33.50265616],[126.98126062,33.50241031],[126.98126916,33.50216415],[126.98126906,33.50191789],[126.98126032,33.50167174],[126.98131581,33.50147207],[126.98136483,33.50127121],[126.98140735,33.50106932],[126.98144334,33.50086654],[126.98147277,33.50066302],[126.98149561,33.5004589],[126.98151185,33.50025435],[126.98152593,33.50005858],[126.98160795,33.49891743],[126.98162119,33.49867568],[126.98162618,33.49843372],[126.9816229,33.49819173],[126.98161137,33.49794993],[126.98159159,33.49770849],[126.98156357,33.49746764],[126.98152735,33.49722755],[126.98148295,33.49698842],[126.98143041,33.49675046],[126.98136977,33.49651386],[126.98130108,33.4962788],[126.98122439,33.49604549],[126.98113978,33.49581411],[126.9810473,33.49558485],[126.98094704,33.4953579],[126.98083907,33.49513344],[126.98072349,33.49491166],[126.98060039,33.49469275],[126.98033204,33.4942642],[126.980187,33.49405493],[126.98003488,33.49384921],[126.97987581,33.49364723],[126.97970991,33.49344913],[126.97953732,33.4932551],[126.97935817,33.49306527],[126.97918422,33.49288626],[126.97889657,33.49259026],[126.97890083,33.49235663],[126.97889727,33.492123],[126.97888588,33.49188954],[126.97886667,33.49165644],[126.97883967,33.49142389],[126.97880488,33.49119206],[126.9787121,33.49073131],[126.97865417,33.49050276],[126.9785886,33.49027565],[126.97851546,33.49005018],[126.9784348,33.48982652],[126.97834667,33.48960484],[126.97825116,33.48938533],[126.97814833,33.48916814],[126.97803827,33.48895346],[126.97792106,33.48874145],[126.97781214,33.48844422],[126.97771639,33.48820355],[126.97762235,33.48797771],[126.97752072,33.48775419],[126.97741157,33.48753317],[126.97729499,33.48731483],[126.97717108,33.48709934],[126.97703993,33.48688689],[126.97690165,33.48667763],[126.97675636,33.48647173],[126.97660417,33.48626937],[126.97644519,33.4860707],[126.97627957,33.48587589],[126.97610743,33.48568508],[126.97592891,33.48549844],[126.97574415,33.4853161],[126.9755533,33.48513823],[126.97535651,33.48496496],[126.97515395,33.48479642],[126.97502736,33.48465214],[126.97489088,33.48449659],[126.97469867,33.48430408],[126.97450146,33.48410659],[126.97424607,33.48386589],[126.97406044,33.48369567],[126.97386934,33.48352975],[126.97367293,33.48336825],[126.97347133,33.4832113],[126.97326471,33.48305901],[126.97305072,33.48290981],[126.97283191,33.4827656],[126.97260844,33.4826265],[126.97238048,33.48249262],[126.9721482,33.48236405],[126.97191178,33.48224089],[126.97158261,33.48208249],[126.97142725,33.48201119],[126.9711795,33.48190482],[126.97092835,33.48180421],[126.97067398,33.48170944],[126.9704166,33.48162058],[126.97015639,33.4815377],[126.96989355,33.48146086],[126.96962829,33.48139012],[126.96930736,33.48130859],[126.96857463,33.48112246],[126.96834287,33.48106611],[126.96810958,33.48101442],[126.96787488,33.48096741],[126.96763891,33.48092511],[126.9674018,33.48088755],[126.96710244,33.48084323],[126.96682451,33.48077202],[126.96654425,33.48070754],[126.96626189,33.48064986],[126.96597766,33.48059901],[126.96569181,33.48055504],[126.96540456,33.480518],[126.96511616,33.4804879],[126.96482684,33.48046477],[126.96453685,33.48044864],[126.96424643,33.48043951],[126.96395581,33.48043739],[126.96366524,33.48044229],[126.96337495,33.4804542],[126.9630852,33.48047311],[126.96279622,33.48049901],[126.96250825,33.48053187],[126.96222153,33.48057167],[126.96193629,33.48061837],[126.96165277,33.48067194],[126.96137122,33.48073232],[126.96109186,33.48079948],[126.96081492,33.48087335],[126.96054063,33.48095388],[126.96026923,33.48104099],[126.96000093,33.48113461],[126.95973596,33.48123468],[126.95871392,33.48163538],[126.95849026,33.48172586],[126.95826945,33.48182112],[126.95805163,33.48192112],[126.95783696,33.48202577],[126.95762557,33.48213502],[126.95741761,33.48224879],[126.95713128,33.48223014],[126.95684443,33.48221841],[126.95655729,33.48221361],[126.95627011,33.48221576],[126.95598312,33.48222484],[126.95569657,33.48224085],[126.95556359,33.48225152]],[[126.96965,33.501659],[126.969063,33.501953],[126.968178,33.501953],[126.96701,33.503418],[126.96701,33.504887],[126.966125,33.505764],[126.966125,33.510754],[126.965248,33.511631],[126.965248,33.512512],[126.963486,33.514565],[126.960846,33.514565],[126.959969,33.513687],[126.959084,33.513687],[126.957916,33.514858],[126.957916,33.516621],[126.958206,33.517204],[126.959969,33.516914],[126.960556,33.517498],[126.960258,33.518379],[126.961143,33.51926],[126.959969,33.520432],[126.959084,33.520432],[126.957916,33.521606],[126.957916,33.522488],[126.957619,33.522781],[126.956741,33.522781],[126.954102,33.525421],[126.952637,33.525421],[126.950874,33.523659],[126.949112,33.523659],[126.948235,33.52454],[126.94735,33.52454],[126.94706,33.524246],[126.94706,33.520725],[126.947647,33.520432],[126.948235,33.520432],[126.949112,33.519554],[126.949989,33.519554],[126.950287,33.51926],[126.949989,33.518673],[126.948235,33.518673],[126.947937,33.518379],[126.947937,33.515739],[126.94735,33.515446],[126.94677,33.515446],[126.946182,33.514858],[126.946182,33.514271],[126.945885,33.513687],[126.944122,33.513687],[126.943832,33.513393],[126.943832,33.512512],[126.942955,33.511631],[126.942955,33.509285],[126.942368,33.508698],[126.941483,33.508698],[126.940315,33.507526],[126.940315,33.505764],[126.939728,33.504887],[126.939728,33.504005],[126.940315,33.503418],[126.940315,33.501659],[126.94207,33.499897],[126.94207,33.498432],[126.942955,33.497551],[126.942955,33.494911],[126.944122,33.493736],[126.945885,33.493736],[126.94677,33.492859],[126.94735,33.492859],[126.948235,33.493736],[126.950874,33.49139],[126.954979,33.49139],[126.955856,33.491978],[126.957619,33.491978],[126.958206,33.492859],[126.959671,33.491684],[126.959671,33.490803],[126.960846,33.489632],[126.965836,33.489632],[126.966125,33.489925],[126.966125,33.490803],[126.96701,33.491684],[126.96701,33.49667],[126.96759,33.496964],[126.968178,33.496964],[126.96965,33.498432],[126.96965,33.501659]]]]}},{"type":"Feature","properties":{"sterm_parent":"경북남부앞바다","fcst_kor_nm":"경북남부앞바다중평수구역","zone_id":"S2110100"},"geometry":{"type":"MultiPolygon","coordinates":[[[[129.49687547,36.02301762],[129.489139,36.017889],[129.4775,36.016222],[129.459194,36.005417],[129.456278,35.995778],[129.450806,35.992889],[129.417917,36.001278],[129.389944,36.024556],[129.378333,36.020417],[129.385444,36.030806],[129.37625,36.0475],[129.372861,36.046667],[129.384194,36.064583],[129.395861,36.063694],[129.409167,36.073722],[129.419194,36.074556],[129.41910373,36.07703833],[129.41992188,36.07647705],[129.49687547,36.02301762]]]]}},{"type":"Feature","properties":{"sterm_parent":"전북북부앞바다","fcst_kor_nm":"전북북부앞바다중평수구역","zone_id":"S2210100"},"geometry":{"type":"MultiPolygon","coordinates":[[[[126.6945159,35.98766073],[126.6894451,35.985232],[126.6474809,35.9790024],[126.6300699,35.97809],[126.6300366,35.9785528],[126.6279109,35.9784705],[126.6279274,35.9779552],[126.6222813,35.9777292],[126.6218151,35.9780497],[126.621641,35.9779132],[126.6222067,35.9772165],[126.624878,35.9773152],[126.6249185,35.9764979],[126.6243981,35.976467],[126.6244182,35.9759133],[126.6240978,35.9758985],[126.6244021,35.9710665],[126.6183464,35.9707528],[126.6179009,35.9764977],[126.6175936,35.9764741],[126.6175859,35.9766617],[126.617428,35.9766354],[126.6173046,35.977508],[126.6109103,35.9772052],[126.6105981,35.9773348],[126.6102748,35.9779924],[126.6100154,35.9781954],[126.6097019,35.9782358],[126.6093045,35.9781967],[126.609454,35.9776095],[126.6096072,35.9772416],[126.6098795,35.9771683],[126.5985168,35.9764495],[126.598473,35.9773631],[126.5730598,35.9761527],[126.5731463,35.9751702],[126.5633524,35.9745604],[126.5632805,35.9754402],[126.5472263,35.9746929],[126.5472589,35.9738288],[126.5348341,35.9731834],[126.5347372,35.9740937],[126.5258984,35.9736222],[126.52592,35.9733278],[126.5258142,35.9733199],[126.5258646,35.972737],[126.5254361,35.9727096],[126.5259762,35.9665048],[126.5244444,35.9664324],[126.5244532,35.96637],[126.523189,35.9663149],[126.5227214,35.9725504],[126.5223402,35.9725418],[126.5223049,35.9730931],[126.5217537,35.9730488],[126.5218097,35.9725411],[126.5213794,35.9725033],[126.5231274,35.9502137],[126.5221988,35.9495389],[126.5225951,35.9493713],[126.5230235,35.9496814],[126.523344,35.949659],[126.5233626,35.9493795],[126.5222947,35.9492722],[126.5218258,35.9486406],[126.5218633,35.9478788],[126.52329,35.94639],[126.524442,35.9459121],[126.52472,35.9458999],[126.5243981,35.9447143],[126.5250227,35.9440189],[126.5256204,35.9436278],[126.5268632,35.9436583],[126.5273936,35.9437846],[126.5284,35.9443101],[126.5293399,35.94458],[126.5300659,35.9446367],[126.5305248,35.9442808],[126.5305789,35.9435735],[126.530252,35.9425636],[126.5293279,35.9424714],[126.5284328,35.9400732],[126.5271682,35.9396647],[126.5258674,35.9387601],[126.5251816,35.9378221],[126.5248946,35.936789],[126.5250157,35.9356013],[126.5254331,35.934808],[126.5261101,35.9339854],[126.5269801,35.9334036],[126.5276363,35.9331604],[126.5278162,35.9333781],[126.5277573,35.9335886],[126.5275552,35.9336644],[126.52737,35.9335718],[126.5266305,35.93408],[126.5272447,35.9358901],[126.5292644,35.9381606],[126.5296096,35.9383796],[126.5298959,35.9384217],[126.532363,35.9377565],[126.5326577,35.9375039],[126.5327082,35.9372092],[126.5316304,35.9345401],[126.5313189,35.9346074],[126.5310326,35.933656],[126.5305611,35.9335213],[126.5300054,35.9334371],[126.5296265,35.9333529],[126.5294076,35.9335128],[126.5291213,35.9334371],[126.5290118,35.9331929],[126.5291971,35.9330497],[126.530098,35.9330834],[126.5307211,35.9331929],[126.5313021,35.9333444],[126.5317567,35.9333444],[126.531942,35.9332266],[126.4968132,35.8468224],[126.4908852,35.8382403],[126.4773,35.824],[126.4830032,35.8104622],[126.51623907,35.74113728],[126.4576416,35.67553711],[126.37360316,35.80036823],[126.3707812,35.82143669],[126.44581889,35.99992885],[126.6842041,36],[126.6945159,35.98766073]]]]}},{"type":"Feature","properties":{"sterm_parent":"경기북부앞바다","fcst_kor_nm":"인천.경기북부앞바다","zone_id":"S1251100"},"geometry":{"type":"MultiPolygon","coordinates":[[[[125.68125,37.955833],[125.674944,37.949556],[125.672028,37.954139],[125.675417,37.964139],[125.672889,37.968306],[125.678306,37.970361],[125.68326897,37.97766971],[125.69330776,37.97701804],[125.69375,37.9675],[125.6825,37.96375],[125.68125,37.955833]]],[[[125.66626349,37.97877362],[125.645,37.964583],[125.641694,37.968722],[125.63,37.969556],[125.632083,37.976667],[125.62794179,37.98126129],[125.66626349,37.97877362]]],[[[125.61946103,37.98181182],[125.618389,37.981278],[125.61497791,37.98210284],[125.61946103,37.98181182]]],[[[125.120361,37.9975],[125.116222,37.989139],[125.143333,37.99375],[125.138722,37.99],[125.137917,37.981667],[125.130833,37.977083],[125.150806,37.977083],[125.158361,37.98375],[125.168722,37.984139],[125.171222,37.976639],[125.163722,37.964139],[125.156639,37.962028],[125.155,37.957889],[125.143278,37.954556],[125.135806,37.963722],[125.1075,37.962083],[125.105833,37.964556],[125.101667,37.962056],[125.098306,37.964583],[125.084194,37.961222],[125.085417,37.970806],[125.080389,37.9725],[125.080778,37.983778],[125.062528,37.985417],[125.058361,37.984583],[125.051639,37.975417],[125.035833,37.971222],[125.030028,37.962056],[125.02,37.960389],[125.015833,37.967056],[125.004139,37.959583],[124.995806,37.962083],[124.983778,37.938306],[124.97625,37.930833],[124.98575,37.919556],[124.99125,37.924972],[124.992472,37.932889],[125,37.932861],[125.002528,37.939583],[125.009972,37.942889],[125.016278,37.939972],[125.016306,37.935],[125.005444,37.926667],[125.008306,37.911222],[125.020833,37.909556],[125.036611,37.900417],[125.043361,37.90375],[125.055833,37.902889],[125.06,37.909583],[125.060861,37.90625],[125.076222,37.899167],[125.075389,37.887444],[125.085806,37.879528],[125.110833,37.877028],[125.131694,37.867889],[125.136667,37.867917],[125.142056,37.878306],[125.151194,37.884139],[125.148333,37.885389],[125.138306,37.880417],[125.137944,37.8825],[125.150806,37.888722],[125.153694,37.880833],[125.149167,37.874556],[125.160861,37.86875],[125.174944,37.869583],[125.192472,37.873778],[125.204194,37.884583],[125.214972,37.885417],[125.231222,37.897472],[125.220806,37.908778],[125.213361,37.912056],[125.220028,37.91125],[125.229972,37.901222],[125.238778,37.903333],[125.237944,37.909139],[125.228778,37.914167],[125.236278,37.919972],[125.228694,37.925833],[125.239194,37.924556],[125.249583,37.932472],[125.235417,37.940833],[125.232889,37.949111],[125.237528,37.949528],[125.244167,37.940417],[125.265444,37.932472],[125.246194,37.924139],[125.244611,37.904139],[125.249167,37.907889],[125.250806,37.90375],[125.27,37.898722],[125.284972,37.900389],[125.295389,37.888333],[125.281639,37.88375],[125.280417,37.879139],[125.3025,37.881222],[125.306222,37.874972],[125.288333,37.86875],[125.275444,37.855833],[125.273722,37.846639],[125.267528,37.842083],[125.234972,37.830389],[125.228722,37.814139],[125.231667,37.81375],[125.239167,37.821222],[125.254222,37.821278],[125.26,37.81625],[125.263333,37.81875],[125.270861,37.817056],[125.275778,37.807861],[125.281639,37.80375],[125.289194,37.803778],[125.288778,37.808306],[125.275861,37.819528],[125.254583,37.8275],[125.259167,37.830389],[125.266639,37.827889],[125.275778,37.832083],[125.287083,37.828306],[125.278694,37.825833],[125.282444,37.823694],[125.295806,37.828722],[125.304167,37.835417],[125.309139,37.835361],[125.310389,37.830833],[125.305389,37.823306],[125.309583,37.820833],[125.301667,37.819556],[125.294556,37.813333],[125.300028,37.801222],[125.308361,37.807056],[125.320833,37.809556],[125.33125,37.823306],[125.330833,37.827056],[125.338306,37.826222],[125.339139,37.820417],[125.350806,37.822083],[125.350833,37.827917],[125.34625,37.826694],[125.354556,37.831667],[125.35375,37.844972],[125.3575,37.849583],[125.364139,37.844583],[125.37,37.854583],[125.382944,37.854167],[125.380861,37.862028],[125.37,37.861222],[125.3575,37.867083],[125.350778,37.867111],[125.347083,37.870833],[125.355778,37.877083],[125.361667,37.875417],[125.366667,37.87875],[125.373333,37.878722],[125.377972,37.872444],[125.371667,37.870417],[125.371222,37.8675],[125.375,37.866222],[125.380028,37.869556],[125.384944,37.865389],[125.388306,37.86875],[125.394139,37.866222],[125.391222,37.859139],[125.394139,37.857083],[125.401639,37.859556],[125.407472,37.857083],[125.410833,37.860389],[125.418278,37.85875],[125.421667,37.865389],[125.429139,37.86625],[125.427889,37.856667],[125.422028,37.847472],[125.424944,37.84625],[125.435861,37.852056],[125.434139,37.842917],[125.441639,37.842944],[125.452889,37.849111],[125.4475,37.85375],[125.442083,37.854139],[125.442472,37.857056],[125.452083,37.859139],[125.451639,37.867111],[125.439972,37.872889],[125.428778,37.870833],[125.430389,37.875778],[125.437111,37.88],[125.434139,37.88625],[125.422556,37.882083],[125.395806,37.882056],[125.375361,37.8975],[125.378306,37.907056],[125.3875,37.907056],[125.392444,37.902889],[125.394111,37.907889],[125.401639,37.899556],[125.4075,37.902056],[125.411639,37.89375],[125.423306,37.897056],[125.424944,37.903722],[125.433306,37.894611],[125.442944,37.903333],[125.440472,37.909167],[125.4375,37.912083],[125.417917,37.915],[125.425,37.915389],[125.426667,37.918722],[125.431667,37.917083],[125.436667,37.92625],[125.453306,37.932889],[125.460361,37.928333],[125.454556,37.920833],[125.461222,37.914972],[125.452056,37.904167],[125.45875,37.897528],[125.454528,37.894167],[125.4575,37.887917],[125.460806,37.887056],[125.47375,37.894167],[125.470833,37.904528],[125.474139,37.899583],[125.484972,37.897083],[125.484167,37.892917],[125.500833,37.894556],[125.503333,37.897889],[125.515056,37.895417],[125.517111,37.886667],[125.510028,37.877889],[125.498361,37.880417],[125.489139,37.877083],[125.48,37.87875],[125.470833,37.872083],[125.4625,37.871222],[125.460361,37.8675],[125.465861,37.862917],[125.477472,37.865417],[125.489139,37.864611],[125.496222,37.860861],[125.495806,37.85875],[125.479167,37.855361],[125.476194,37.849139],[125.484944,37.838778],[125.495,37.835417],[125.50075,37.82625],[125.506667,37.825444],[125.512083,37.83],[125.51125,37.835806],[125.50625,37.837472],[125.509583,37.839972],[125.508278,37.843778],[125.514139,37.844556],[125.531222,37.8375],[125.514972,37.830417],[125.5075,37.814611],[125.498361,37.812056],[125.490833,37.805389],[125.496278,37.815028],[125.492083,37.823333],[125.484167,37.827861],[125.472528,37.825417],[125.469167,37.832917],[125.4575,37.829556],[125.445806,37.820417],[125.450389,37.833306],[125.448333,37.837889],[125.442944,37.835028],[125.439111,37.827083],[125.431667,37.83125],[125.425028,37.81875],[125.411694,37.815417],[125.410778,37.807917],[125.407972,37.809139],[125.406222,37.8225],[125.40125,37.820833],[125.39875,37.805833],[125.393778,37.798306],[125.401667,37.796222],[125.405806,37.800417],[125.407889,37.796667],[125.404194,37.79125],[125.395833,37.79375],[125.393333,37.790417],[125.388361,37.792083],[125.386694,37.787944],[125.376667,37.798722],[125.360361,37.79],[125.359972,37.779556],[125.362528,37.782056],[125.375028,37.78125],[125.388333,37.784583],[125.388361,37.779556],[125.37375,37.774972],[125.374944,37.769583],[125.384167,37.767028],[125.390028,37.767083],[125.391611,37.770389],[125.394111,37.767056],[125.404139,37.769556],[125.407833,37.7775],[125.414583,37.778333],[125.415028,37.787917],[125.418278,37.785389],[125.421306,37.786667],[125.42,37.792056],[125.424167,37.787056],[125.435861,37.792944],[125.440028,37.79125],[125.44125,37.786639],[125.437083,37.7825],[125.447917,37.778333],[125.439944,37.773722],[125.433306,37.77375],[125.431667,37.762861],[125.414194,37.775417],[125.412944,37.771667],[125.408722,37.770833],[125.407556,37.763694],[125.400417,37.764139],[125.401639,37.759528],[125.396694,37.762028],[125.395,37.75875],[125.3925,37.763722],[125.384167,37.760389],[125.377472,37.761222],[125.378306,37.75125],[125.367083,37.756639],[125.372083,37.760806],[125.367083,37.7675],[125.368306,37.772056],[125.355833,37.769556],[125.350444,37.763306],[125.359972,37.761222],[125.36375,37.754972],[125.357556,37.754583],[125.355806,37.750389],[125.349111,37.752861],[125.3375,37.745361],[125.320444,37.719972],[125.314556,37.718306],[125.318333,37.71125],[125.339528,37.695833],[125.342111,37.6875],[125.338722,37.681667],[125.344972,37.677083],[125.361278,37.685778],[125.360833,37.688722],[125.35625,37.689139],[125.356667,37.693722],[125.347056,37.694139],[125.36375,37.705833],[125.357889,37.715778],[125.358333,37.721222],[125.362056,37.72],[125.360861,37.717111],[125.37375,37.719194],[125.370806,37.730389],[125.384111,37.732083],[125.385417,37.73],[125.377528,37.724611],[125.406611,37.728694],[125.419139,37.732056],[125.418333,37.734583],[125.412917,37.734972],[125.412861,37.739167],[125.419194,37.740417],[125.414972,37.737056],[125.429194,37.731278],[125.468333,37.725361],[125.485389,37.742472],[125.48125,37.751639],[125.482889,37.7575],[125.492472,37.766222],[125.498722,37.767472],[125.495444,37.773306],[125.500361,37.778306],[125.492917,37.781667],[125.497028,37.785806],[125.497889,37.794944],[125.5125,37.808722],[125.517444,37.807917],[125.524972,37.814583],[125.527917,37.814167],[125.512056,37.804139],[125.512111,37.799111],[125.516306,37.788333],[125.513694,37.782472],[125.524167,37.776194],[125.527472,37.769556],[125.535833,37.772056],[125.550028,37.768722],[125.552889,37.773333],[125.550806,37.777917],[125.544167,37.777083],[125.540861,37.779556],[125.539194,37.776222],[125.535444,37.778306],[125.546611,37.783722],[125.559944,37.797917],[125.5675,37.782917],[125.574194,37.786222],[125.5825,37.784556],[125.584139,37.78875],[125.587917,37.787444],[125.580028,37.775389],[125.57075,37.772889],[125.568361,37.774556],[125.564167,37.769556],[125.574167,37.76625],[125.581667,37.769556],[125.591611,37.765417],[125.600806,37.766222],[125.605806,37.761194],[125.617944,37.764139],[125.611278,37.780806],[125.623694,37.798333],[125.616694,37.802111],[125.605833,37.800389],[125.608806,37.804167],[125.599139,37.805417],[125.598778,37.809139],[125.602444,37.812889],[125.603361,37.807889],[125.611639,37.809583],[125.619972,37.817083],[125.636694,37.820417],[125.635417,37.823306],[125.643694,37.829139],[125.640778,37.834583],[125.634167,37.82625],[125.625,37.82875],[125.619528,37.837444],[125.626222,37.844972],[125.615389,37.852472],[125.615806,37.85625],[125.635806,37.854556],[125.639583,37.8575],[125.634528,37.863333],[125.637889,37.871667],[125.632083,37.874139],[125.629583,37.880833],[125.641278,37.891667],[125.642917,37.898333],[125.634167,37.909556],[125.622861,37.9125],[125.629139,37.912889],[125.632944,37.918278],[125.626194,37.927472],[125.633361,37.923778],[125.655,37.922889],[125.647917,37.919167],[125.64625,37.910833],[125.6525,37.905389],[125.66125,37.904139],[125.655833,37.90375],[125.654972,37.900389],[125.6475,37.905444],[125.647083,37.901667],[125.661722,37.892056],[125.680806,37.892028],[125.696667,37.89625],[125.715,37.90625],[125.72875,37.917472],[125.73625,37.933333],[125.735417,37.939139],[125.731667,37.939556],[125.726611,37.923778],[125.719972,37.922028],[125.714972,37.929583],[125.694972,37.917917],[125.699611,37.928333],[125.682889,37.933306],[125.691722,37.937056],[125.702528,37.936222],[125.702056,37.953333],[125.710833,37.960417],[125.7175,37.952917],[125.722972,37.953333],[125.714139,37.967944],[125.711222,37.964972],[125.713361,37.969556],[125.700861,37.972083],[125.704611,37.964167],[125.6975,37.961222],[125.693694,37.965833],[125.696278,37.973333],[125.69333787,37.97701608],[125.79581571,37.97036371],[125.793722,37.9675],[125.791278,37.956639],[125.801611,37.947056],[125.816694,37.942083],[125.8325,37.952111],[125.83375,37.944972],[125.827917,37.939972],[125.831278,37.929139],[125.837472,37.92125],[125.847944,37.920833],[125.845806,37.912083],[125.8625,37.908694],[125.866222,37.905],[125.864139,37.901222],[125.859556,37.900806],[125.862944,37.893361],[125.874139,37.892889],[125.883722,37.879972],[125.880389,37.877472],[125.886639,37.876222],[125.893694,37.869139],[125.892917,37.8525],[125.902917,37.848306],[125.8975,37.847861],[125.895861,37.841222],[125.905028,37.842889],[125.913333,37.837917],[125.920861,37.840444],[125.920806,37.837056],[125.925833,37.83625],[125.933306,37.847056],[125.951667,37.840417],[125.951222,37.836639],[125.9575,37.831222],[125.986639,37.831222],[125.98875,37.835],[125.985861,37.837083],[125.976694,37.837889],[125.965444,37.845833],[125.964639,37.851639],[125.972083,37.856667],[125.974583,37.863333],[125.965361,37.863361],[125.967889,37.8725],[125.961667,37.881222],[125.956194,37.883306],[125.96,37.886194],[125.966667,37.887056],[125.978333,37.882944],[125.9825,37.889583],[125.987528,37.888694],[125.991222,37.878306],[126.000917,37.871889],[126.001972,37.861556],[126.021556,37.848667],[126.033611,37.857444],[126.042389,37.876139],[126.049944,37.8745],[126.049528,37.86575],[126.053639,37.858222],[126.051944,37.842417],[126.057861,37.826583],[126.053667,37.815722],[126.059111,37.806139],[126.069944,37.807028],[126.077861,37.799056],[126.078222,37.792833],[126.085306,37.790778],[126.087389,37.782],[126.091583,37.779472],[126.096944,37.782417],[126.086222,37.754917],[126.102444,37.750333],[126.106556,37.751972],[126.127444,37.743639],[126.150722,37.742806],[126.158694,37.74575],[126.160278,37.769944],[126.168639,37.781583],[126.1495,37.81075],[126.146139,37.82825],[126.158194,37.837861],[126.172444,37.842833],[126.175778,37.840361],[126.192389,37.843667],[126.19575,37.846944],[126.213278,37.850278],[126.244056,37.852833],[126.264056,37.841167],[126.269083,37.841972],[126.273222,37.848639],[126.275722,37.845333],[126.285806,37.847806],[126.309917,37.865333],[126.339944,37.878611],[126.352417,37.882],[126.371528,37.880306],[126.374083,37.883667],[126.38825,37.887028],[126.409472,37.909861],[126.40575,37.917],[126.397,37.917361],[126.394889,37.924472],[126.410722,37.923639],[126.417833,37.919028],[126.417,37.90575],[126.409556,37.899917],[126.402833,37.883222],[126.423667,37.86325],[126.42325,37.8545],[126.430806,37.855333],[126.449889,37.847806],[126.454083,37.848639],[126.457417,37.843611],[126.467833,37.83825],[126.468222,37.820333],[126.494944,37.820333],[126.531583,37.801944],[126.539111,37.801194],[126.562472,37.788611],[126.573306,37.772028],[126.594083,37.772],[126.618278,37.792861],[126.644083,37.792806],[126.652444,37.789472],[126.652833,37.810722],[126.673278,37.837],[126.719111,37.852806],[126.727444,37.851944],[126.729917,37.844444],[126.702444,37.841167],[126.672861,37.82575],[126.682833,37.81325],[126.682,37.800722],[126.677,37.794083],[126.677833,37.781583],[126.673667,37.774056],[126.687861,37.764889],[126.686222,37.737389],[126.691222,37.731528],[126.691167,37.719056],[126.676167,37.682417],[126.69575,37.666167],[126.748333,37.642806],[126.789111,37.620278],[126.824083,37.592833],[126.83325,37.5945],[126.847472,37.577806],[126.877444,37.562833],[126.90000928,37.5462233],[126.90013439,37.54500768],[126.876667,37.552806],[126.868306,37.560333],[126.856611,37.563667],[126.842444,37.575306],[126.819944,37.586972],[126.804972,37.601167],[126.776583,37.613639],[126.769972,37.619528],[126.752417,37.625306],[126.699167,37.6545],[126.68825,37.655306],[126.676611,37.664472],[126.654917,37.669472],[126.647,37.680694],[126.654111,37.690278],[126.664528,37.69325],[126.671194,37.731611],[126.655361,37.749083],[126.649167,37.774472],[126.634083,37.774472],[126.609889,37.753667],[126.595806,37.757778],[126.571583,37.754472],[126.565333,37.75825],[126.561583,37.766972],[126.546611,37.771972],[126.531583,37.772028],[126.520333,37.765778],[126.531222,37.744083],[126.522833,37.72325],[126.522833,37.712444],[126.530389,37.704056],[126.533667,37.689944],[126.5295,37.674056],[126.542833,37.662389],[126.539917,37.657806],[126.532861,37.655778],[126.537833,37.642417],[126.547,37.636556],[126.557444,37.622],[126.574972,37.622028],[126.572833,37.609917],[126.590389,37.599111],[126.594944,37.582833],[126.601694,37.582],[126.602028,37.585778],[126.611639,37.591194],[126.615778,37.585306],[126.622111,37.584083],[126.620778,37.575361],[126.633278,37.587],[126.649972,37.577833],[126.661194,37.577417],[126.658306,37.569444],[126.651667,37.5695],[126.649111,37.566194],[126.639944,37.566972],[126.638667,37.564083],[126.644556,37.559917],[126.639139,37.559472],[126.63463046,37.55373596],[126.61181993,37.55595956],[126.61047291,37.55609087],[126.59906615,37.55613686],[126.25885666,37.55750861],[126.25841307,37.5575104],[126.22549269,37.56567669],[126.18336255,37.57327844],[126.10810219,37.58685802],[125.97897265,37.60982573],[125.70629494,37.60370101],[124.77261521,37.77849652],[124.77250943,37.77851632],[124.76127109,37.79521511],[124.75038831,37.81087714],[124.72842061,37.8424921],[124.749583,37.956667],[124.75030241,37.99965394],[125.11824131,38.00024163],[125.120361,37.9975]]]]}},{"type":"Feature","properties":{"sterm_parent":"거제시동부앞바다","fcst_kor_nm":"거제시동부앞바다중 연안바다","zone_id":"S2320200"},"geometry":{"type":"MultiPolygon","coordinates":[[[[128.71730713,34.91348848],[128.7198977,34.90958964],[128.74645827,34.91065529],[128.77500145,34.91181238],[128.77539793,34.91065899],[128.77582517,34.90870587],[128.77631345,34.90711895],[128.7767407,34.90540997],[128.77692381,34.90363995],[128.77692381,34.9009544],[128.7767407,34.89832989],[128.77649656,34.89613262],[128.77606931,34.8941795],[128.77564207,34.89240948],[128.77521482,34.89063946],[128.77411619,34.88844219],[128.77295652,34.88600079],[128.77185789,34.88423077],[128.77075925,34.88252178],[128.76947752,34.88093487],[128.76813474,34.8787376],[128.76856199,34.87592999],[128.76813474,34.87324444],[128.76813474,34.87104717],[128.7677075,34.8686668],[128.766853,34.86598126],[128.76593748,34.86360089],[128.76465574,34.86140362],[128.76349607,34.85920635],[128.76239744,34.85761944],[128.76129881,34.8563377],[128.76087156,34.85475079],[128.76087156,34.8530418],[128.76068845,34.8506004],[128.76044431,34.84840313],[128.75977293,34.84645001],[128.75958982,34.84486309],[128.75910154,34.84309307],[128.75800291,34.8407127],[128.75714842,34.8382713],[128.75604978,34.83650128],[128.75519529,34.83473126],[128.75342527,34.83253399],[128.75250974,34.83100811],[128.751228,34.82972637],[128.75183836,34.82795635],[128.75360838,34.82594219],[128.7553784,34.82374493],[128.75672117,34.82197491],[128.7578198,34.82026592],[128.75910154,34.81782452],[128.76001707,34.81562725],[128.76129881,34.81361309],[128.76239744,34.81141583],[128.76331297,34.80903546],[128.76416746,34.80634991],[128.76483884,34.80262676],[128.76508299,34.80067364],[128.76526609,34.79865948],[128.76526609,34.79627911],[128.76508299,34.7938377],[128.76483884,34.79164044],[128.76465574,34.78944317],[128.76416746,34.78767315],[128.76398435,34.78614727],[128.76306883,34.78370587],[128.76197019,34.78132549],[128.76129881,34.77955548],[128.75977293,34.77735821],[128.75849119,34.77534405],[128.75739256,34.77381817],[128.7553784,34.77204815],[128.75342527,34.77009503],[128.75141111,34.76856915],[128.74964109,34.76722637],[128.74768797,34.7658836],[128.74573484,34.76478497],[128.74347654,34.76368633],[128.74152342,34.7625877],[128.73957029,34.76191632],[128.73755613,34.76106182],[128.73468748,34.76020733],[128.73053709,34.75953594],[128.72742429,34.7591087],[128.72455564,34.75862042],[128.7175366,34.75862042],[128.71533933,34.75886456],[128.71338621,34.7591087],[128.71118894,34.75953594],[128.7085034,34.75996319],[128.70569578,34.76063458],[128.70301023,34.76106182],[128.70392576,34.7592918],[128.70502439,34.75709454],[128.70587888,34.75489727],[128.70655027,34.75312725],[128.70697752,34.75092999],[128.70740476,34.74873272],[128.7076489,34.7469627],[128.7076489,34.74433819],[128.7076489,34.74214092],[128.70722166,34.73994366],[128.70679441,34.73731915],[128.70612302,34.73530499],[128.70502439,34.73200909],[128.70392576,34.72962872],[128.70282713,34.7278587],[128.70148435,34.72608868],[128.69971433,34.72364727],[128.69794431,34.72169415],[128.69641843,34.72035137],[128.6953198,34.71839825],[128.69354978,34.71638409],[128.6920239,34.71443096],[128.69025388,34.71266094],[128.68848386,34.71113507],[128.68677488,34.70960919],[128.68500486,34.70844952],[128.68341795,34.70759503],[128.68146482,34.70649639],[128.67859617,34.70515362],[128.6762158,34.70429913],[128.67353025,34.70320049],[128.67133299,34.70252911],[128.66895261,34.70210186],[128.66608396,34.70167462],[128.6638867,34.70124737],[128.66187254,34.70124737],[128.65991941,34.70075909],[128.65857664,34.69966046],[128.6572949,34.69813458],[128.65552488,34.69636456],[128.65375486,34.69483868],[128.6517407,34.69374005],[128.65003172,34.69221417],[128.6482617,34.69087139],[128.64582029,34.68934551],[128.64319578,34.68781964],[128.64075437,34.68647686],[128.63855711,34.68562237],[128.63678709,34.68495098],[128.63526121,34.6842796],[128.63330808,34.68385235],[128.63001218,34.68293682],[128.62824217,34.68275372],[128.62580076,34.68208233],[128.62403074,34.68183819],[128.62226072,34.68165508],[128.61988035,34.68165508],[128.61634031,34.68012921],[128.61438718,34.67878643],[128.61261717,34.67835919],[128.61084715,34.67744366],[128.60932127,34.67677227],[128.60755125,34.67634503],[128.60535398,34.67567364],[128.60315672,34.67524639],[128.60163084,34.67481915],[128.59943357,34.6743919],[128.59699217,34.67414776],[128.59040037,34.67414776],[128.5882031,34.6743919],[128.58332029,34.67506329],[128.58051267,34.67549053],[128.57853467,34.67597127],[128.57878613,34.67810866],[128.57878613,34.68101553],[128.58014841,34.68757372],[128.58016425,34.70251504],[128.5789519,34.70309378],[128.59692383,34.71929932],[128.61407471,34.73010254],[128.63678709,34.78633038],[128.65442625,34.82197491],[128.69751707,34.92188946],[128.70281516,34.91650107],[128.71730713,34.91348848]]]]}},{"type":"Feature","properties":{"sterm_parent":"서해남부북쪽바깥먼바다","fcst_kor_nm":"서해남부북쪽 바깥먼바다","zone_id":"S1232120"},"geometry":{"type":"MultiPolygon","coordinates":[[[[123.06658034,34.45225866],[122.72494031,34.45225294],[122.72494033,34.45227216],[122.72638931,36.00006988],[124.89999888,35.99999797],[124.99999158,35.99999467],[124.99999085,35.99999354],[123.99991222,34.45227427],[123.06658034,34.45225866]]]]}},{"type":"Feature","properties":{"sterm_parent":"서해남부남쪽바깥먼바다","fcst_kor_nm":"서해남부남쪽 바깥먼바다","zone_id":"S1232220"},"geometry":{"type":"MultiPolygon","coordinates":[[[[124.49776319,33.22896068],[122.72282504,32.3396713],[122.72491175,34.45227216],[122.72494033,34.45227216],[123.06658034,34.45225866],[123.99992827,34.45222177],[124.00828386,34.43169072],[124.16631779,34.04337576],[124.49776319,33.22896068]]]]}},{"type":"Feature","properties":{"sterm_parent":"서해남부남쪽바깥먼바다","fcst_kor_nm":"서해남부남쪽 바깥먼바다","zone_id":"S1232220"},"geometry":{"type":"MultiPolygon","coordinates":[[[[124.49776319,33.22896068],[122.72282504,32.3396713],[122.72491175,34.45227216],[122.72494033,34.45227216],[123.06658034,34.45225866],[123.99992827,34.45222177],[124.00828386,34.43169072],[124.16631779,34.04337576],[124.49776319,33.22896068]]]]}},{"type":"Feature","properties":{"sterm_parent":"전북남부앞바다","fcst_kor_nm":"전북남부앞바다중평수구역","zone_id":"S2210200"},"geometry":{"type":"MultiPolygon","coordinates":[[[[126.4576416,35.67553711],[126.65616189,35.89778159],[126.674944,35.892889],[126.701694,35.892083],[126.723306,35.886278],[126.734972,35.892028],[126.7583922,35.89207086],[126.79449463,35.86950684],[126.78475038,35.86093812],[126.779167,35.861222],[126.77911647,35.85598388],[126.77891865,35.85580993],[126.775861,35.862056],[126.736611,35.868722],[126.708306,35.857861],[126.6975,35.857083],[126.683694,35.843333],[126.716667,35.83375],[126.728278,35.825389],[126.739044,35.82074572],[126.68540615,35.77357869],[126.684111,35.773722],[126.674556,35.768333],[126.67551265,35.76487873],[126.65159717,35.7438484],[126.650389,35.749944],[126.646222,35.751639],[126.648306,35.75625],[126.636667,35.75375],[126.610806,35.737889],[126.600444,35.721667],[126.5725,35.699583],[126.567861,35.695028],[126.569194,35.692083],[126.565806,35.69125],[126.565833,35.695389],[126.554167,35.697889],[126.539194,35.690361],[126.533306,35.690417],[126.529611,35.684972],[126.531222,35.681639],[126.527056,35.678333],[126.529583,35.669972],[126.525806,35.667083],[126.524167,35.678722],[126.498333,35.655417],[126.494944,35.657861],[126.4775,35.643778],[126.466667,35.642917],[126.46110033,35.63735033],[126.45994931,35.63734156],[126.45830313,35.63789029],[126.4576416,35.67553711]]]]}},{"type":"Feature","properties":{"sterm_parent":"경기북부앞바다","fcst_kor_nm":"인천·경기북부앞바다 중 평수구역","zone_id":"S2212000"},"geometry":{"type":"MultiPolygon","coordinates":[[[[125.59440746,38.03866903],[125.5943499,38.0386699],[125.59418,38.03816],[125.5941199,38.0368801],[125.59428,38.0367501],[125.5944401,38.03662],[125.5945799,38.0361001],[125.59685,38.03592],[125.5981399,38.0356401],[125.5986552,38.0354594],[125.5987701,38.0349701],[125.59973,38.03484],[125.6007,38.0345499],[125.60086,38.0344201],[125.6010199,38.03429],[125.6016501,38.03402],[125.60261,38.03374],[125.6027801,38.03361],[125.60293,38.03347],[125.60309,38.0333399],[125.60308,38.0330901],[125.60275,38.03284],[125.60241,38.03259],[125.60207,38.0320801],[125.6018413,38.0309252],[125.601921,38.0306512],[125.6021262,38.0305151],[125.60216,38.03002],[125.6028099,38.0298701],[125.6034501,38.02961],[125.6043626,38.0293897],[125.6044,38.02895],[125.60504,38.02881],[125.6061452,38.0284476],[125.60648,38.02814],[125.60664,38.0279999],[125.6076,38.02772],[125.608115,38.0274347],[125.6082301,38.02707],[125.60919,38.02692],[125.6093499,38.0267799],[125.60951,38.0266501],[125.61015,38.02639],[125.61031,38.02625],[125.6104599,38.0261199],[125.6111101,38.0259701],[125.6112499,38.02546],[125.61141,38.0253299],[125.6115699,38.0251901],[125.61173,38.02506],[125.6120056,38.0248855],[125.6132676,38.0247987],[125.61396,38.0241099],[125.61461,38.0239701],[125.6152499,38.0237],[125.6158901,38.0234301],[125.6164468,38.0233543],[125.61751,38.02339],[125.6181499,38.0231199],[125.61831,38.0229899],[125.6186,38.0222099],[125.61876,38.0220801],[125.61941,38.0220701],[125.61973,38.02206],[125.62006,38.02205],[125.62072,38.02229],[125.6226701,38.02251],[125.62365,38.0227501],[125.6238199,38.0228701],[125.62416,38.02337],[125.6243301,38.0235],[125.6245,38.02361],[125.62466,38.0237501],[125.62532,38.0239899],[125.62598,38.0242299],[125.62695,38.0242099],[125.6271101,38.0240801],[125.6271,38.02382],[125.62709,38.0235599],[125.62739,38.02279],[125.6276701,38.02124],[125.62796,38.02072],[125.6281201,38.02059],[125.62909,38.0203101],[125.6307099,38.02026],[125.6313599,38.02039],[125.63121,38.0206501],[125.6312201,38.0209],[125.6313799,38.02103],[125.6326901,38.02126],[125.6333501,38.0215],[125.63433,38.02172],[125.63499,38.0219701],[125.63565,38.0222199],[125.6358099,38.0223399],[125.63598,38.02247],[125.6361499,38.02259],[125.6361599,38.0228501],[125.6356897,38.0234554],[125.639198,38.0246332],[125.6391201,38.02407],[125.63928,38.02393],[125.63944,38.0238],[125.6395899,38.0236699],[125.63974,38.0235401],[125.6399101,38.0234],[125.64055,38.02326],[125.6406999,38.0227501],[125.64086,38.02261],[125.6410101,38.02248],[125.64117,38.02235],[125.64133,38.0222199],[125.64163,38.0217],[125.64178,38.02157],[125.6421201,38.0215599],[125.64244,38.02168],[125.6425801,38.02091],[125.64274,38.0207699],[125.6437099,38.0207501],[125.6440301,38.0207401],[125.64419,38.02061],[125.6443401,38.0200999],[125.64466,38.0202199],[125.64498,38.0202099],[125.64523255,38.0202024],[125.645778,38.019556],[125.6575,38.027083],[125.65761122,38.02704562],[125.6576489,38.0262352],[125.6577294,38.0251563],[125.6595278,38.0250769],[125.6600731,38.0251713],[125.6603442,38.025202],[125.6605285,38.0251914],[125.6615432,38.0253026],[125.6620499,38.02535],[125.6624385,38.0253989],[125.66249792,38.0254032],[125.6659384,38.02424685],[125.6659796,38.0234859],[125.6660536,38.0230138],[125.666133,38.0219967],[125.6661856,38.0213847],[125.666196,38.0212083],[125.6662588,38.0209748],[125.6663173,38.0201676],[125.6663932,38.0201286],[125.6664844,38.0201254],[125.6665448,38.0201809],[125.666486,38.020264],[125.6664342,38.0211538],[125.6664186,38.0220966],[125.6663784,38.0222268],[125.6663601,38.0231901],[125.666243,38.0240154],[125.66622775,38.0241496],[125.6675,38.023722],[125.67661054,38.02599963],[125.6772633,38.025942],[125.6776055,38.0256883],[125.6781814,38.0255304],[125.6784702,38.0255991],[125.67851387,38.02565883],[125.68125,38.024139],[125.68226137,38.02170759],[125.6821446,38.0216856],[125.6820716,38.0212826],[125.6821333,38.0210994],[125.6821799,38.0207799],[125.6821699,38.0205201],[125.6821601,38.02026],[125.68232,38.02013],[125.6823219,38.0200548],[125.683125,38.0181921],[125.683299,38.0181194],[125.683188,38.0174523],[125.6833586,38.0171096],[125.683037,38.0166776],[125.6834237,38.0160441],[125.6834221,38.0159359],[125.684049,38.0154529],[125.6842981,38.0156378],[125.6849,38.0153101],[125.68488,38.0150701],[125.68488,38.01481],[125.6851899,38.0142901],[125.68534,38.01416],[125.68543194,38.01408535],[125.68739155,38.0093743],[125.6870133,38.0089108],[125.6873653,38.0084497],[125.687214,38.0081957],[125.6875173,38.0079474],[125.6881427,38.0075685],[125.688333,38.007111],[125.68857052,38.00737067],[125.6887007,38.0073484],[125.6889698,38.0073326],[125.6891664,38.0075526],[125.6891699,38.0077799],[125.68910209,38.00795179],[125.6952391,38.01466097],[125.6956337,38.0145845],[125.6966106,38.0143952],[125.6966189,38.0140981],[125.6963257,38.0136446],[125.6962898,38.0133648],[125.6965497,38.0129246],[125.6959411,38.0127346],[125.6962662,38.0119521],[125.6965824,38.012017],[125.6967224,38.0116125],[125.6970129,38.0117319],[125.6971859,38.0113707],[125.6969681,38.0112763],[125.69743772,38.01046578],[125.6976145,38.0091454],[125.6973729,38.0090238],[125.6971004,38.0089217],[125.6969416,38.0085003],[125.6972899,38.0081099],[125.69724,38.00657],[125.69689,38.00606],[125.69656,38.00581],[125.69655,38.00557],[125.6967101,38.0054101],[125.69703,38.0054101],[125.69768,38.0054001],[125.69814311,38.00519742],[125.69844486,38.00294377],[125.69824,38.0029501],[125.6983901,38.00269],[125.69854,38.0021701],[125.69789,38.0021901],[125.6980401,38.00193],[125.6981799,38.00115],[125.69623,38.0013299],[125.69591,38.0013299],[125.69558,38.0012099],[125.69556,38.0007],[125.69491,38.00071],[125.6947101,37.99969],[125.6943801,37.9994399],[125.6940501,37.9991901],[125.69369,37.9984199],[125.69334,37.99767],[125.69334,37.9974001],[125.69347,37.9969],[125.6932701,37.9969899],[125.6931601,37.99716],[125.6928399,37.9971701],[125.6928301,37.99691],[125.69303,37.99682],[125.6932999,37.9966399],[125.69346,37.9965101],[125.6941,37.99625],[125.6942601,37.99611],[125.69441805,37.99597152],[125.695778,37.992917],[125.705861,37.993694],[125.712528,37.990417],[125.7123155,37.99101154],[125.7130906,37.9908319],[125.7133617,37.991076],[125.7139976,37.9913708],[125.7137783,37.9917311],[125.7137499,37.9923199],[125.7132919,37.9925127],[125.7130287,37.9927355],[125.7130207,37.9931648],[125.7129505,37.9934427],[125.7131443,37.9937632],[125.7133213,37.9942506],[125.7132761,37.9944483],[125.7130684,37.9951822],[125.7128324,37.9956091],[125.7124995,37.9961072],[125.7122183,37.9963794],[125.712273,37.9966394],[125.71646545,37.99838337],[125.717917,37.998278],[125.71747749,37.99960039],[125.7178879,37.9998381],[125.7176776,38.0001447],[125.7178251,38.0004115],[125.7177414,38.0007182],[125.7175352,38.0010206],[125.7174499,38.0012266],[125.71685159,38.0014836],[125.71682462,38.00156475],[125.7172779,38.0021659],[125.7168622,38.0026455],[125.7165747,38.0027628],[125.7163925,38.0029074],[125.7163789,38.00290584],[125.711667,38.017083],[125.719972,38.018722],[125.72102792,38.0185347],[125.7211825,38.0183131],[125.7215178,38.0180937],[125.7217786,38.0177661],[125.7223056,38.0174011],[125.7226348,38.0172086],[125.7230702,38.0170863],[125.7233617,38.0170727],[125.7235864,38.0171484],[125.7268113,38.0166837],[125.7270722,38.0165716],[125.7282871,38.016616],[125.7285887,38.0167049],[125.7292192,38.016625],[125.730105,38.0165857],[125.7305373,38.016616],[125.7307541,38.0166475],[125.7309355,38.0167586],[125.73095303,38.01677418],[125.743306,38.014583],[125.744556,38.016667],[125.741222,38.0175],[125.74263353,38.01813309],[125.7434083,38.0183939],[125.74371,38.0184714],[125.7441998,38.0185388],[125.7445434,38.0186158],[125.7447328,38.0186641],[125.7450042,38.0187491],[125.7452402,38.0188402],[125.7453942,38.0189703],[125.74537725,38.0193637],[125.74575623,38.01953368],[125.7457619,38.0195136],[125.7458899,38.01905],[125.74605,38.0185301],[125.746237,38.0181608],[125.7465151,38.0180178],[125.7468826,38.0180294],[125.7475314,38.0181526],[125.7478321,38.01830001],[125.752528,38.015389],[125.75451878,38.01571315],[125.756961,38.0135699],[125.7577512,38.0129243],[125.7579124,38.0128772],[125.75784,38.01261],[125.7575315,38.012426],[125.7576652,38.0121656],[125.7579672,38.0121023],[125.7585101,38.011566],[125.75863216,38.01147853],[125.759611,38.0075],[125.76422592,38.00689803],[125.7662275,38.0025774],[125.7676929,37.9991918],[125.7679835,37.9987616],[125.7684703,37.9982309],[125.7698383,37.9970223],[125.7701018,37.9968329],[125.7703352,37.9967557],[125.7737669,37.9960895],[125.7772072,37.9953967],[125.7775997,37.9953731],[125.7817557,37.9953715],[125.7829901,37.99545],[125.7885,37.9953199],[125.78915,37.9953099],[125.7901199,37.9952801],[125.7907701,37.9954001],[125.79064,37.9961701],[125.7906601,37.99669],[125.79067352,37.99703556],[125.793306,37.997028],[125.79557441,37.99640857],[125.79548,37.9955399],[125.7951201,37.99427],[125.79508,37.9935001],[125.7952399,37.99336],[125.7958801,37.9930899],[125.79684,37.99281],[125.7970101,37.99268],[125.7971399,37.99255],[125.7977899,37.99227],[125.79795,37.99214],[125.7981101,37.99201],[125.79907,37.9917401],[125.79971,37.99146],[125.8003599,37.9911899],[125.80049,37.9910601],[125.8006601,37.99092],[125.8026,37.9906201],[125.8032399,37.9906],[125.80342,37.9907301],[125.80376,37.99149],[125.8041101,37.992],[125.8044599,37.9927599],[125.8048099,37.99326],[125.8049901,37.9937599],[125.80527419,37.9937599],[125.808361,37.992917],[125.810028,37.987889],[125.81625478,37.98790999],[125.8157801,37.9877401],[125.8151301,37.9875001],[125.8141499,37.98726],[125.8135,37.98715],[125.8134799,37.9866399],[125.8128199,37.9865199],[125.81249,37.98627],[125.81183,37.98603],[125.8115,37.98578],[125.81083,37.9855399],[125.81018,37.9852999],[125.80985,37.9850501],[125.80951,37.9848],[125.80853,37.98457],[125.8078801,37.98459],[125.8075601,37.98459],[125.8062599,37.9845001],[125.80607,37.98399],[125.80575,37.9837401],[125.8055701,37.98349],[125.8052499,37.9836201],[125.80494,37.98389],[125.80461,37.98389],[125.80396,37.98378],[125.8041101,37.9835199],[125.80407,37.9825001],[125.80374,37.98225],[125.80354,37.98122],[125.8032201,37.98136],[125.8028901,37.98137],[125.8025601,37.98124],[125.80272,37.98099],[125.8026899,37.98022],[125.8023499,37.9799699],[125.80218,37.9797201],[125.8012,37.9796101],[125.80087,37.97936],[125.80054,37.97924],[125.8003599,37.9787301],[125.8000101,37.9779699],[125.7996701,37.9777201],[125.7993401,37.97722],[125.7993201,37.9769599],[125.7994699,37.9767],[125.79882,37.97658],[125.79849,37.97647],[125.7983,37.9757],[125.79796,37.97545],[125.79776,37.97443],[125.7975501,37.9745199],[125.7974501,37.9747],[125.7971201,37.9747],[125.7971101,37.97444],[125.7973201,37.97435],[125.79727,37.9741799],[125.79707,37.9731601],[125.7964301,37.9731799],[125.7962301,37.9724099],[125.79604,37.97165],[125.79538,37.9715299],[125.79505,37.9714099],[125.79487,37.9709],[125.79486,37.97065],[125.7950099,37.9703901],[125.79437,37.9703999],[125.79418,37.96988],[125.79384,37.9693901],[125.79383,37.96913],[125.79394,37.9681],[125.79298,37.96812],[125.7931299,37.9678599],[125.7931199,37.9676101],[125.7927701,37.9668401],[125.7925699,37.9658201],[125.7922499,37.9659501],[125.79193,37.96609],[125.79207,37.96558],[125.79204,37.96481],[125.7918701,37.96455],[125.7912299,37.96457],[125.7912101,37.9640699],[125.79185,37.96391],[125.7920099,37.96378],[125.79215,37.9632601],[125.7915,37.9632801],[125.79164,37.96276],[125.7917999,37.9626299],[125.79196,37.9625001],[125.79195,37.96224],[125.79161,37.96199],[125.79127,37.9614901],[125.7912499,37.9609699],[125.79139,37.96046],[125.79075,37.96047],[125.7908801,37.95969],[125.7910001,37.95867],[125.7913301,37.95879],[125.7916501,37.95878],[125.79174281,37.95870458],[125.791278,37.956639],[125.79732105,37.95103457],[125.7973248,37.9510082],[125.79734568,37.95101173],[125.801611,37.947056],[125.816694,37.942083],[125.83223524,37.95194303],[125.832241,37.951734],[125.8322203,37.9513635],[125.8325117,37.951277],[125.8323526,37.9507596],[125.8316839,37.9505598],[125.8314183,37.9502827],[125.8315425,37.9496955],[125.8317804,37.9493754],[125.8319329,37.948403],[125.832246,37.9467615],[125.8321705,37.9442999],[125.83293875,37.94427661],[125.83199809,37.94347028],[125.8304403,37.9438953],[125.8294358,37.9442993],[125.8277959,37.9427387],[125.8273892,37.9420652],[125.8272304,37.9413385],[125.8272173,37.9404458],[125.827341,37.9400227],[125.8213155,37.9386268],[125.8228945,37.9350338],[125.8071452,37.9305059],[125.8080457,37.9285629],[125.8084304,37.9287376],[125.8079264,37.9300072],[125.8087231,37.9306613],[125.8283391,37.93652],[125.82959389,37.93456713],[125.831278,37.929139],[125.837472,37.92125],[125.84256871,37.92104705],[125.8429629,37.9209074],[125.8430999,37.92102589],[125.84780765,37.92083843],[125.8476599,37.9203874],[125.84708,37.9201],[125.84675,37.91984],[125.8464,37.91933],[125.84608,37.91909],[125.84589,37.9185801],[125.84686,37.91855],[125.847,37.9180399],[125.8466787,37.9177074],[125.84553,37.9178101],[125.845156,37.9173463],[125.8448002,37.9164966],[125.8449068,37.9155807],[125.8455241,37.9148337],[125.8459743,37.9141777],[125.84626522,37.91396242],[125.845806,37.912083],[125.8625,37.908694],[125.86567629,37.90554161],[125.8654701,37.90539],[125.8648299,37.90541],[125.8641799,37.90555],[125.8641601,37.9050399],[125.8648101,37.9050201],[125.8651775,37.9038714],[125.86488,37.9027099],[125.86455,37.9024601],[125.8636472,37.9016871],[125.8630657,37.9018091],[125.8597016,37.9017609],[125.85967259,37.90081658],[125.859556,37.900806],[125.86006801,37.89968089],[125.8555887,37.898156],[125.8437439,37.8941802],[125.8437176,37.8938945],[125.8553587,37.8978306],[125.8589651,37.8917404],[125.8622076,37.8856214],[125.8625965,37.8855345],[125.8632544,37.8856518],[125.8658297,37.8865735],[125.8661099,37.8868812],[125.866801,37.8869995],[125.8678895,37.8872563],[125.86933,37.88783],[125.87618023,37.89013761],[125.88333406,37.88049491],[125.8691211,37.8754827],[125.8714402,37.8712025],[125.8463914,37.8623963],[125.8438095,37.86722],[125.8416687,37.8666319],[125.8299525,37.8885753],[125.829987,37.8892467],[125.8335939,37.8905792],[125.833583,37.890826],[125.8292438,37.8893024],[125.8441175,37.8614335],[125.871615,37.8710215],[125.8825734,37.8748799],[125.8834437,37.8716582],[125.8889127,37.8683936],[125.8902459,37.8673924],[125.891746,37.8660867],[125.8881914,37.8649578],[125.8899464,37.8632123],[125.8921891,37.8626996],[125.892661,37.8624744],[125.89337269,37.86225834],[125.89321164,37.85880959],[125.8931569,37.8588662],[125.892572,37.8583215],[125.89316959,37.85790899],[125.892917,37.8525],[125.90197941,37.84869923],[125.9014078,37.8482278],[125.90134429,37.8481768],[125.8975,37.847861],[125.895861,37.841222],[125.90129357,37.8422099],[125.9012654,37.8419803],[125.9012181,37.8418785],[125.9011064,37.8417495],[125.9010978,37.8416578],[125.9011665,37.841556],[125.901072,37.8415288],[125.9009688,37.8415899],[125.9009258,37.8417087],[125.900943,37.8419192],[125.9008871,37.8419552],[125.9006937,37.8418954],[125.90057,37.84174],[125.9006326,37.8412163],[125.9006513,37.8408084],[125.9007505,37.8403454],[125.90015,37.8393101],[125.89982,37.8388087],[125.8992109,37.8385135],[125.8989699,37.8381901],[125.8989501,37.8376699],[125.8986201,37.8374301],[125.89845,37.83717],[125.89813,37.8373101],[125.8971601,37.8373299],[125.8968301,37.8370999],[125.8965001,37.8369701],[125.89646,37.83594],[125.89667,37.8358501],[125.89677,37.8356699],[125.8977399,37.8356501],[125.89757,37.8354],[125.89755,37.8348799],[125.8981801,37.83436],[125.89833,37.8342199],[125.8989699,37.83395],[125.89913,37.83382],[125.8995215,37.8334357],[125.90088,37.83313],[125.9015799,37.832958],[125.901809,37.832709],[125.90214,37.8319758],[125.9057199,37.8288068],[125.8668882,37.8200539],[125.8726465,37.8113866],[125.8727002,37.8110766],[125.872947,37.8109283],[125.8754575,37.8074275],[125.8756989,37.8076225],[125.8746636,37.8092923],[125.8824742,37.8125472],[125.8902204,37.8091652],[125.8903062,37.8092754],[125.8824634,37.8127252],[125.8743846,37.8094025],[125.8730704,37.8113775],[125.8728611,37.8116106],[125.8671748,37.8199294],[125.9058498,37.8286563],[125.9064462,37.8285009],[125.9071801,37.82861],[125.9076968,37.8287936],[125.9082089,37.8232663],[125.9085629,37.8197051],[125.9087847,37.8174147],[125.9088947,37.8161026],[125.9091816,37.8134041],[125.9092579,37.8129289],[125.9093826,37.8129321],[125.9114333,37.8134856],[125.9135382,37.8140449],[125.91631,37.8148189],[125.918417,37.8153815],[125.9206,37.8159501],[125.924245,37.8168685],[125.92615,37.81736],[125.9437933,37.8220061],[125.9630011,37.8270527],[125.9635819,37.8267527],[125.9646806,37.8266648],[125.9652414,37.8268493],[125.965375,37.8278554],[125.964973,37.8279147],[125.9645715,37.8281846],[125.96382,37.8282299],[125.963193,37.8281291],[125.96192935,37.831222],[125.986639,37.831222],[125.98701191,37.83188939],[125.9916099,37.8292573],[125.9915185,37.8288087],[125.9915455,37.8283359],[125.991819,37.828115],[125.9921101,37.8276401],[125.992453,37.8270655],[125.9932582,37.8267719],[125.9931971,37.8265556],[125.9939926,37.8264257],[125.9946226,37.8266002],[125.9948721,37.8269219],[125.9953901,37.8276517],[125.9959278,37.8273194],[125.9965365,37.8269431],[125.9964526,37.8267164],[125.9967701,37.82649],[125.9971901,37.8266654],[125.9998736,37.8258698],[126.0017021,37.8253283],[126.0020647,37.8251201],[126.0021642,37.824937],[126.0024264,37.8250344],[126.0027242,37.8255004],[126.00527,37.8264201],[126.0056403,37.8264862],[126.0262733,37.8261682],[126.0269204,37.8253814],[126.0272654,37.8246912],[126.0275873,37.8244006],[126.0278517,37.8237739],[126.0283899,37.82302],[126.0290399,37.82291],[126.0300101,37.82294],[126.03022,37.8229799],[126.0303044,37.8227738],[126.0336299,37.8203188],[126.0336145,37.8201838],[126.0333169,37.8199126],[126.0333639,37.8197775],[126.0336181,37.8195383],[126.0338708,37.8194928],[126.0341753,37.8194632],[126.0343988,37.8192694],[126.0346455,37.8191652],[126.0349581,37.8192843],[126.0353855,37.8193389],[126.0358631,37.8194978],[126.0362465,37.8195772],[126.0366576,37.8195449],[126.036963,37.8194531],[126.0373778,37.8194779],[126.0375235,37.8196113],[126.0375012,37.8200143],[126.0374585,37.8205708],[126.0375489,37.820798],[126.0379003,37.8210502],[126.0382366,37.821353],[126.0387781,37.8216201],[126.0392507,37.8218262],[126.0397474,37.8219943],[126.0399201,37.8221442],[126.0399372,37.8222719],[126.0401494,37.8225361],[126.0402,37.8227125],[126.0399798,37.8229674],[126.0395873,37.8231519],[126.0392633,37.8233999],[126.0391124,37.8236283],[126.0390527,37.8238538],[126.0386633,37.824083],[126.03852,37.8245599],[126.03819,37.82481],[126.03786,37.82506],[126.03785,37.8253199],[126.0378299,37.82557],[126.0374801,37.8263299],[126.0371501,37.82658],[126.0368001,37.8270901],[126.0367199,37.8277699],[126.0369399,37.82773],[126.0372699,37.82761],[126.03709,37.82812],[126.03674,37.8286301],[126.03641,37.8288701],[126.03607,37.82912],[126.0360599,37.82937],[126.0360499,37.8296401],[126.03587,37.83015],[126.03555,37.83014],[126.0355801,37.82937],[126.0352501,37.82949],[126.0349201,37.8297401],[126.0345901,37.8298601],[126.0347099,37.8308899],[126.0347001,37.83114],[126.03453,37.8314],[126.03387,37.83151],[126.03355,37.8316301],[126.0333601,37.83215],[126.03335848,37.83215478],[126.03596983,37.83147085],[126.03598,37.8314299],[126.036,37.83092],[126.03601,37.8306599],[126.0363601,37.83016],[126.03652,37.83003],[126.0366901,37.82991],[126.0370401,37.82915],[126.0373899,37.8286401],[126.03756,37.8285201],[126.0377199,37.82839],[126.03807,37.8278899],[126.03823,37.8277599],[126.0383999,37.8276401],[126.03841,37.82738],[126.0382601,37.82712],[126.0389101,37.82714],[126.03909,37.8266301],[126.0392601,37.82651],[126.0399101,37.82639],[126.04009,37.8258899],[126.0402601,37.8257599],[126.04155,37.8256699],[126.04153,37.8261801],[126.04089,37.82616],[126.0410499,37.8264201],[126.0410301,37.82668],[126.0406901,37.82693],[126.0403501,37.8274299],[126.04018,37.82769],[126.03953,37.8278],[126.03919,37.82805],[126.03885,37.8282901],[126.03821,37.8284101],[126.0380301,37.82892],[126.038,37.8294299],[126.03798,37.82969],[126.03763,37.8307],[126.0376199,37.8309601],[126.03761684,37.83103949],[126.04027721,37.83034273],[126.04008,37.83026],[126.0399301,37.82973],[126.0396199,37.82947],[126.03932,37.82895],[126.0391699,37.82869],[126.0398199,37.82858],[126.0408001,37.82847],[126.04077,37.8289801],[126.04174,37.82914],[126.0419,37.82927],[126.0420499,37.8294],[126.0426901,37.8295499],[126.0427199,37.82903],[126.0433799,37.82892],[126.0440201,37.82868],[126.0446901,37.8284399],[126.0466199,37.82849],[126.0472699,37.82851],[126.04728129,37.82850833],[126.05545556,37.82636745],[126.0566769,37.8242713],[126.05683331,37.82392165],[126.05597542,37.8217],[126.0558977,37.8216217],[126.0553444,37.8211457],[126.0542593,37.8205291],[126.0536549,37.8201781],[126.0532774,37.8197294],[126.0383889,37.8201901],[126.0383989,37.81993],[126.0531028,37.8194194],[126.0533601,37.8191999],[126.0536009,37.8182732],[126.0540924,37.8172147],[126.05417332,37.8170332],[126.053667,37.815722],[126.059111,37.806139],[126.0610803,37.80630061],[126.0612431,37.8061769],[126.0618232,37.8060516],[126.06430076,37.80656489],[126.069944,37.807028],[126.07068885,37.80627798],[126.0708489,37.8053491],[126.0697542,37.8045311],[126.067639,37.8023439],[126.0675652,37.8021425],[126.0682893,37.8003226],[126.0683791,37.7996683],[126.0688355,37.7987087],[126.0692578,37.798062],[126.0696637,37.7978428],[126.0701046,37.7977106],[126.0704482,37.7975728],[126.0707916,37.7973387],[126.07101,37.79713],[126.07102,37.7968699],[126.0708918,37.7960897],[126.0707399,37.7958401],[126.0704444,37.7956535],[126.0696299,37.7953099],[126.0690655,37.794735],[126.0685929,37.7942917],[126.068366,37.7938265],[126.0682367,37.7930653],[126.0685323,37.7913839],[126.0682247,37.7899075],[126.0698498,37.7875461],[126.0703768,37.7872004],[126.0712984,37.7857843],[126.0725694,37.7860277],[126.0762573,37.7875474],[126.0786685,37.7880328],[126.0789397,37.7879851],[126.0796038,37.788214],[126.079825,37.7881818],[126.0797354,37.7876628],[126.0851956,37.7844279],[126.08710047,37.78321591],[126.087389,37.782],[126.091583,37.779472],[126.09644542,37.78214311],[126.09679156,37.78202601],[126.086222,37.754917],[126.102444,37.750333],[126.10353663,37.75076851],[126.1158545,37.7474436],[126.11613552,37.74815037],[126.12080259,37.7462885],[126.1206919,37.7461799],[126.1205843,37.7458722],[126.1204494,37.7457017],[126.1203839,37.74521],[126.1202024,37.7445415],[126.1201289,37.7439349],[126.1201916,37.7439203],[126.1203096,37.7439968],[126.1203622,37.7445721],[126.1204486,37.7448107],[126.1204894,37.7451216],[126.1206117,37.7453876],[126.1209113,37.7460633],[126.1211776,37.7460287],[126.1220869,37.74577615],[126.127444,37.743639],[126.12983237,37.74355353],[126.1294729,37.7426451],[126.129408,37.7423607],[126.1296958,37.7426091],[126.13006994,37.74354503],[126.13103586,37.74351047],[126.1315977,37.7433926],[126.132386,37.7432793],[126.1345412,37.7431152],[126.1347161,37.7430373],[126.1348585,37.743121],[126.1365484,37.743152],[126.1367014,37.7430886],[126.1367409,37.7429158],[126.1368715,37.7428021],[126.1370338,37.7428381],[126.1370268,37.7430303],[126.1371362,37.7431116],[126.1371695,37.7432172],[126.1372293,37.7432161],[126.1372336,37.7431275],[126.1378553,37.7430874],[126.1380793,37.7430674],[126.1384036,37.7431436],[126.1397131,37.7431268],[126.1398128,37.7430331],[126.1399614,37.743077],[126.1400419,37.7431158],[126.1412851,37.7431019],[126.1415605,37.7429938],[126.1416152,37.7428479],[126.1414583,37.7424012],[126.1414538,37.7423111],[126.141332,37.7421253],[126.1409184,37.7418506],[126.1403567,37.7416302],[126.1401139,37.7415174],[126.1396709,37.7413853],[126.1395205,37.7413679],[126.1394397,37.7414839],[126.1393861,37.7414709],[126.1392675,37.7413386],[126.1390049,37.7412177],[126.1394174,37.7411939],[126.1397897,37.7412731],[126.1403313,37.7414813],[126.1409948,37.7417736],[126.141502,37.7420892],[126.1417206,37.7409729],[126.1421066,37.7400647],[126.1420905,37.7399726],[126.1421506,37.7398984],[126.1422005,37.7399697],[126.1420605,37.7403778],[126.1421686,37.7404747],[126.1420138,37.7407118],[126.1418604,37.7408556],[126.1416705,37.7419359],[126.1417451,37.7420487],[126.1417239,37.7425966],[126.1418081,37.7428256],[126.1419553,37.7428973],[126.1420619,37.7430746],[126.1422678,37.7431077],[126.14228701,37.74310784],[126.14349667,37.74306456],[126.1435555,37.743001],[126.1437584,37.7430118],[126.1438089,37.74305338],[126.14514725,37.74300549],[126.1452252,37.7429022],[126.1454551,37.7428619],[126.1464145,37.7423628],[126.1467079,37.7422371],[126.1469373,37.7419015],[126.1470851,37.741886],[126.1471325,37.7420676],[126.1468654,37.7424888],[126.1466406,37.7424691],[126.1465197,37.7425069],[126.145663,37.7429334],[126.1456315,37.74298816],[126.150722,37.742806],[126.15079682,37.74283363],[126.1512519,37.7418006],[126.1513452,37.7418179],[126.1511416,37.7425866],[126.1510706,37.7428583],[126.15106383,37.74293224],[126.15488388,37.74434295],[126.1550072,37.7442043],[126.1547302,37.7439235],[126.1543136,37.7437597],[126.1542133,37.7437886],[126.1541395,37.74375],[126.1540934,37.7436861],[126.1541358,37.7436151],[126.1544665,37.7437118],[126.1548318,37.7437623],[126.1549345,37.7437758],[126.1549473,37.7438606],[126.1551191,37.7440696],[126.15587012,37.74470716],[126.158694,37.74575],[126.15888145,37.7486131],[126.1589388,37.7486811],[126.1590217,37.7489421],[126.1591453,37.7492151],[126.1590405,37.7493057],[126.15891987,37.74919987],[126.15963708,37.76015458],[126.1598604,37.7601496],[126.1601536,37.7599391],[126.1600908,37.7598549],[126.1601823,37.759766],[126.1603564,37.7595953],[126.1603768,37.7593544],[126.1605455,37.7592306],[126.1609202,37.7596951],[126.1608856,37.7599406],[126.1610533,37.7601267],[126.1612139,37.7601108],[126.1613614,37.7602897],[126.1613233,37.7604312],[126.1615714,37.7604495],[126.1616607,37.7605633],[126.1619804,37.7605169],[126.1622913,37.7604883],[126.1638569,37.7601034],[126.1639701,37.7601197],[126.1639476,37.760247],[126.1628551,37.7605114],[126.1627122,37.7606499],[126.1626303,37.7607533],[126.1628581,37.7612033],[126.1630474,37.7618751],[126.1621435,37.7621408],[126.1620979,37.7622345],[126.1619657,37.7622671],[126.1617004,37.7625945],[126.1615076,37.7626705],[126.1610266,37.7622672],[126.161142,37.7617235],[126.1611235,37.7615492],[126.1612149,37.7612391],[126.1607217,37.7609911],[126.1602636,37.7612919],[126.15974004,37.76172717],[126.160278,37.769944],[126.16711769,37.77946525],[126.1673446,37.779421],[126.1675366,37.7794227],[126.1676823,37.7795959],[126.16763,37.7797301],[126.16755966,37.78008049],[126.168639,37.781583],[126.16073448,37.79362914],[126.1600586,37.7951752],[126.1603365,37.7952838],[126.1608123,37.7953582],[126.161094,37.7954319],[126.1610339,37.7955279],[126.1608569,37.7955245],[126.160193,37.7953768],[126.1599814,37.7953421],[126.1594112,37.7965766],[126.1591821,37.7969253],[126.1596778,37.7971269],[126.1596402,37.7972087],[126.159111,37.7970531],[126.1583399,37.7983529],[126.15825,37.7984818],[126.1582613,37.7986435],[126.157919,37.7988991],[126.1577927,37.798904],[126.15721048,37.79899956],[126.15461509,37.80295482],[126.1546226,37.8029668],[126.1546223,37.8032151],[126.1540897,37.803959],[126.1538999,37.8043001],[126.1535599,37.8048],[126.1533724,37.8050953],[126.1527547,37.8060015],[126.1525301,37.8063199],[126.15219,37.80682],[126.1515258,37.8078474],[126.1511773,37.8083497],[126.15094461,37.80854848],[126.1495,37.81075],[126.146139,37.82825],[126.15581795,37.83596667],[126.1560389,37.8360556],[126.1562776,37.8362391],[126.1566534,37.8364306],[126.157005,37.8366318],[126.1574235,37.8367295],[126.1579901,37.8370099],[126.1581299,37.8375401],[126.15830932,37.83790124],[126.15972948,37.83839675],[126.1597607,37.838397],[126.1599509,37.8383171],[126.1600585,37.8381044],[126.1602502,37.8380746],[126.1612019,37.8383525],[126.1612864,37.8382678],[126.1614816,37.838287],[126.1619234,37.8383658],[126.162392,37.8385832],[126.1635569,37.8388537],[126.164115,37.8389924],[126.1641574,37.8391581],[126.1647239,37.8392998],[126.1648757,37.8392375],[126.1658081,37.8395292],[126.1661372,37.8396228],[126.1664164,37.8395707],[126.16663,37.8396599],[126.1669807,37.839809],[126.167482,37.8397901],[126.1677974,37.8398486],[126.1681448,37.8398963],[126.1685601,37.83996],[126.1688801,37.8399701],[126.16952,37.84024],[126.17016,37.84051],[126.1703201,37.8406501],[126.1704699,37.84091],[126.1704512,37.8409774],[126.1706186,37.8409774],[126.1707978,37.8410494],[126.1709329,37.8410234],[126.1709726,37.8410363],[126.171155,37.8409723],[126.1712092,37.8412148],[126.1714047,37.8413474],[126.1715292,37.8415455],[126.1720219,37.8417901],[126.1721086,37.8417531],[126.1723239,37.8418327],[126.1723677,37.8419312],[126.1722679,37.8420659],[126.1721123,37.8421581],[126.1720715,37.8422142],[126.1719208,37.8423603],[126.1719181,37.8425008],[126.1719036,37.8425853],[126.17206218,37.84269978],[126.17230716,37.84278525],[126.1724326,37.8427372],[126.1727357,37.8425264],[126.1729261,37.842361],[126.1729787,37.842261],[126.1730044,37.8421403],[126.1731128,37.8420096],[126.1733231,37.8418168],[126.1736165,37.8415228],[126.173407,37.841211],[126.1732026,37.8406785],[126.1730768,37.8405131],[126.1728145,37.8404118],[126.1727552,37.8402587],[126.1728725,37.8401424],[126.173021,37.8400562],[126.173606,37.8400691],[126.1741795,37.8401316],[126.1750199,37.84037],[126.17549533,37.84057058],[126.175778,37.840361],[126.19069338,37.84332953],[126.1907801,37.8433201],[126.1911085,37.8434088],[126.19111212,37.84341287],[126.192389,37.843667],[126.19522582,37.84643292],[126.1953542,37.8463917],[126.1957911,37.8463243],[126.1963619,37.8462055],[126.1964995,37.8460585],[126.1966012,37.8461598],[126.1971199,37.846045],[126.1974624,37.8460028],[126.1982158,37.8461439],[126.19908,37.8463399],[126.1999341,37.8465378],[126.2005212,37.8466556],[126.2008018,37.8465531],[126.2008718,37.8464699],[126.2010037,37.8464552],[126.2011145,37.8463468],[126.201313,37.8463231],[126.2013822,37.8461354],[126.2019036,37.8459105],[126.202053,37.8456718],[126.2021032,37.845414],[126.2022716,37.8452698],[126.202462,37.8452929],[126.2026872,37.8454299],[126.2029762,37.8453276],[126.2028102,37.8451147],[126.203028,37.844858],[126.2052883,37.8451266],[126.2057386,37.8453384],[126.2061852,37.8449942],[126.2063596,37.8450692],[126.2064481,37.8452452],[126.2067249,37.8453598],[126.2068456,37.8452674],[126.2071173,37.8451971],[126.2074566,37.8454282],[126.2081752,37.8453681],[126.2084999,37.8457899],[126.20865,37.84593],[126.2088099,37.84606],[126.20897,37.8461901],[126.2091201,37.8463201],[126.20928,37.8464499],[126.20944,37.84659],[126.2095899,37.84672],[126.20975,37.84684],[126.2110399,37.84715],[126.2120101,37.84716],[126.21298,37.84718],[126.21362,37.8472001],[126.2145999,37.8469701],[126.2152599,37.84672],[126.2159101,37.84674],[126.21655,37.8470099],[126.2167001,37.84715],[126.2166801,37.8476601],[126.21651,37.84791],[126.2171499,37.84805],[126.21731,37.8481901],[126.2176099,37.84871],[126.21776,37.8492199],[126.2184,37.8492399],[126.2215441,37.8502208],[126.2241699,37.85104],[126.2248199,37.8508],[126.2251501,37.85081],[126.22578,37.85108],[126.22612,37.8510901],[126.22676,37.8511001],[126.2286901,37.85141],[126.22933,37.8515501],[126.22965,37.8515599],[126.22988861,37.85165691],[126.23126326,37.85177103],[126.2312699,37.8516],[126.2319101,37.85174],[126.2322401,37.8517501],[126.23256,37.8517601],[126.23288,37.8517601],[126.23321,37.8517701],[126.23353,37.8517799],[126.23385,37.8517899],[126.2348299,37.85181],[126.2351501,37.85182],[126.2354701,37.85194],[126.2354901,37.8514401],[126.2358101,37.8515699],[126.2359599,37.85171],[126.23612,37.85184],[126.23677,37.85185],[126.23775,37.85162],[126.2379,37.8515],[126.2379201,37.8512399],[126.23777,37.8509801],[126.23908,37.8508801],[126.2407001,37.8506601],[126.24135,37.8504201],[126.24157,37.8502101],[126.2418499,37.85006],[126.24212,37.8502199],[126.24265,37.8503201],[126.2425099,37.84981],[126.24253,37.84929],[126.2427001,37.84917],[126.24334,37.84917],[126.2434999,37.8493201],[126.24366,37.8494499],[126.24398,37.8494599],[126.24432,37.8494599],[126.24445,37.8496],[126.2446199,37.84973],[126.24478,37.8498601],[126.2449301,37.8499901],[126.2452501,37.8501299],[126.2452701,37.84961],[126.2462501,37.84951],[126.2469,37.84927],[126.24788,37.84916],[126.24791,37.84839],[126.24823,37.8485301],[126.2483801,37.8486601],[126.24854,37.8487899],[126.2495099,37.84894],[126.2495199,37.84869],[126.24887,37.8486699],[126.2487299,37.84815],[126.2487299,37.8478999],[126.2489,37.8477701],[126.24923,37.8477799],[126.24956,37.8477899],[126.2497101,37.8476601],[126.24988,37.8475401],[126.25053,37.8474399],[126.250686,37.8467434],[126.2509579,37.8465607],[126.2512829,37.8463623],[126.2516501,37.8461716],[126.252046,37.845981],[126.2522669,37.8458835],[126.2528741,37.8456623],[126.2535524,37.8456887],[126.2542699,37.8457886],[126.2543297,37.8458982],[126.2545384,37.8459704],[126.2548426,37.8457926],[126.2552261,37.8456457],[126.2556218,37.8453776],[126.2558122,37.8452897],[126.2562167,37.8451045],[126.2566152,37.8449465],[126.2566299,37.84449],[126.2567194,37.8443859],[126.2569082,37.8441652],[126.2571891,37.8438905],[126.2576809,37.843775],[126.2585349,37.8435016],[126.2592694,37.8431474],[126.2598167,37.8429305],[126.2601398,37.8427025],[126.2609397,37.8424739],[126.2614199,37.84216],[126.2619765,37.8418914],[126.2623655,37.8417071],[126.2626998,37.8415433],[126.2627259,37.8413574],[126.2628686,37.8414965],[126.2631197,37.8414117],[126.2633801,37.8414301],[126.2636146,37.84142447],[126.264056,37.841167],[126.26532601,37.84137037],[126.2654029,37.8413666],[126.265935,37.8413885],[126.2661966,37.8414032],[126.2663819,37.841451],[126.266678,37.8415364],[126.26693438,37.84162793],[126.269083,37.841972],[126.27088383,37.84487273],[126.2735933,37.8457099],[126.2736094,37.8455996],[126.2734249,37.8454609],[126.2738669,37.8453729],[126.2740144,37.845328],[126.2738191,37.8447034],[126.2738215,37.8445301],[126.2738755,37.8443596],[126.2740316,37.8442548],[126.2746201,37.84413],[126.2751291,37.8441065],[126.2755237,37.8441264],[126.2756857,37.8441904],[126.2758418,37.8443094],[126.2762468,37.8447282],[126.2765225,37.8451067],[126.2765199,37.8452101],[126.2765005,37.8453981],[126.2765268,37.8455074],[126.27661245,37.84555137],[126.28231826,37.84695067],[126.2823462,37.8469427],[126.28234753,37.84695785],[126.285806,37.847806],[126.309917,37.865333],[126.33645675,37.87706893],[126.3365279,37.8769527],[126.33656359,37.87711618],[126.33766822,37.87760465],[126.3378521,37.8772899],[126.3379114,37.8772777],[126.3379283,37.8773382],[126.33779835,37.87766219],[126.33879308,37.87810206],[126.338972,37.8778213],[126.3390819,37.8777394],[126.3390294,37.8779429],[126.33891316,37.87815516],[126.339944,37.878611],[126.34523947,37.88004981],[126.3456425,37.8792857],[126.3460488,37.8785508],[126.3461346,37.8782078],[126.3462642,37.878142],[126.3466974,37.8774961],[126.3468213,37.877235],[126.3470973,37.8768688],[126.3471469,37.8767709],[126.3469953,37.8766952],[126.3470352,37.8766199],[126.3471499,37.8765874],[126.3472974,37.8766691],[126.3474693,37.8768035],[126.3474422,37.8768817],[126.3472671,37.8769407],[126.3469699,37.8773055],[126.346221,37.8785193],[126.3458943,37.879049],[126.3455545,37.8797183],[126.34547412,37.88011357],[126.352417,37.882],[126.36975997,37.88046272],[126.3699781,37.8803327],[126.3700441,37.8801678],[126.3701999,37.8800325],[126.3704831,37.8801557],[126.3706221,37.8803276],[126.37061133,37.88038725],[126.371528,37.880306],[126.37323241,37.88254809],[126.37364,37.88272],[126.3747661,37.8830093],[126.3749775,37.8825287],[126.3750652,37.8824843],[126.3751189,37.8825879],[126.3750601,37.8827322],[126.3749585,37.883037],[126.3753095,37.8831985],[126.3755601,37.88328],[126.3755827,37.8832861],[126.376234,37.8834631],[126.3768372,37.8835986],[126.3769424,37.8837184],[126.3781255,37.8840751],[126.3787746,37.8841488],[126.3798638,37.8844604],[126.3801455,37.8846113],[126.3807297,37.8847551],[126.3809088,37.8849077],[126.3812251,37.8850125],[126.3818602,37.8853796],[126.38230371,37.88561729],[126.38825,37.887028],[126.39410572,37.89332824],[126.3954308,37.8927071],[126.4051499,37.8897099],[126.4050101,37.88894],[126.4047099,37.88842],[126.4044,37.8879001],[126.4042699,37.8871299],[126.40362,37.88698],[126.4033,37.88685],[126.40333,37.88608],[126.4026801,37.88607],[126.40255,37.8853],[126.4022401,37.8847701],[126.40211,37.8840001],[126.40308,37.8840199],[126.4029299,37.88376],[126.4026099,37.8835],[126.40265,37.8824699],[126.40266,37.8822101],[126.4023699,37.88118],[126.4024,37.88015],[126.40241,37.8799099],[126.40245,37.8791299],[126.4024999,37.87896],[126.40229,37.87873],[126.40251,37.87853],[126.4027901,37.8783599],[126.40296,37.8782399],[126.4031201,37.8781101],[126.40329,37.8779901],[126.4034701,37.87787],[126.40362,37.87774],[126.4037901,37.87762],[126.40396,37.87749],[126.4041201,37.8773699],[126.4044601,37.87686],[126.40462,37.87673],[126.4048001,37.87661],[126.40496,37.8764799],[126.4051301,37.8763599],[126.4053,37.8762399],[126.4054601,37.8761101],[126.4058001,37.87561],[126.40597,37.8754799],[126.4061401,37.8753599],[126.4063,37.8752301],[126.4064701,37.8751101],[126.40664,37.87498],[126.4068001,37.87486],[126.4071401,37.8743499],[126.4074899,37.87384],[126.40765,37.87372],[126.4078199,37.8735899],[126.40799,37.8734699],[126.4081499,37.8733599],[126.40832,37.8732201],[126.4084801,37.8731001],[126.4088299,37.87259],[126.40899,37.8724599],[126.4091599,37.8723401],[126.40933,37.8722201],[126.4094899,37.87209],[126.4098299,37.8715799],[126.41,37.8714501],[126.4101699,37.8713401],[126.41033,37.8712101],[126.4104999,37.87109],[126.41067,37.87096],[126.4108299,37.87084],[126.4111699,37.8703301],[126.41134,37.8702101],[126.41151,37.87008],[126.41185,37.8695699],[126.4120301,37.86907],[126.4126801,37.86895],[126.41285,37.86883],[126.41319,37.8683201],[126.4133501,37.86819],[126.41352,37.86807],[126.4137001,37.8675601],[126.4143501,37.8675799],[126.41452,37.86707],[126.4146901,37.86695],[126.41486,37.86682],[126.4152,37.86631],[126.4153701,37.86618],[126.4160201,37.86608],[126.4162,37.8655599],[126.41654,37.86506],[126.4167199,37.86493],[126.41687,37.86481],[126.4170401,37.8646799],[126.41721,37.8645599],[126.4173701,37.8644301],[126.41754,37.86431],[126.4177099,37.86417],[126.41787,37.86406],[126.41821,37.8635501],[126.4183799,37.8634301],[126.41855,37.8633101],[126.41889,37.86229],[126.41907,37.86216],[126.4192401,37.86203],[126.4195801,37.86153],[126.4199101,37.8610199],[126.4202601,37.86051],[126.4206099,37.85975],[126.4209499,37.85925],[126.42101,37.8590901],[126.4208101,37.85886],[126.4210301,37.8586501],[126.4213,37.85848],[126.42165,37.8579801],[126.422,37.8572101],[126.42235,37.8564499],[126.4223601,37.85619],[126.4225104,37.8556801],[126.422616,37.8550113],[126.4228691,37.855001],[126.4229902,37.8548361],[126.4225482,37.854683],[126.4223524,37.8544721],[126.422093,37.8544702],[126.422042,37.8543992],[126.4219763,37.8543393],[126.4220155,37.8542249],[126.4219192,37.8541309],[126.4220139,37.8539604],[126.4220863,37.8539462],[126.4221193,37.8537967],[126.4222239,37.8537459],[126.4225476,37.8537406],[126.4226557,37.8537963],[126.4227332,37.8537597],[126.4228228,37.8538281],[126.4234523,37.8540585],[126.4233502,37.8541788],[126.423477,37.8542332],[126.4236278,37.8545331],[126.42369919,37.85454952],[126.42493931,37.85468624],[126.4250914,37.8546635],[126.4255761,37.8544427],[126.4255091,37.8543382],[126.4256609,37.8542658],[126.4258201,37.8543399],[126.4260455,37.854452],[126.4262612,37.8543719],[126.4263886,37.8544325],[126.4265522,37.8543044],[126.4266879,37.854302],[126.4268292,37.8543116],[126.4269239,37.8543736],[126.4270714,37.8541921],[126.4272093,37.8540223],[126.42748,37.8537897],[126.42877,37.85338],[126.4291209,37.8532975],[126.4296364,37.8531197],[126.4298757,37.8530741],[126.4305736,37.8528808],[126.4320401,37.8524301],[126.4333358,37.8520978],[126.4334573,37.8520948],[126.4349145,37.8521668],[126.4351124,37.8521533],[126.437664,37.8513085],[126.43922,37.8507899],[126.4401016,37.8504922],[126.4408368,37.8502601],[126.44102,37.85018],[126.4412923,37.8501171],[126.4421699,37.84982],[126.4428301,37.84958],[126.4434901,37.8493399],[126.44414,37.8490901],[126.44431,37.8489701],[126.44447,37.84884],[126.44545,37.84861],[126.4456199,37.84848],[126.44579,37.84836],[126.44644,37.8481199],[126.4471,37.8478601],[126.4472601,37.8477501],[126.44743,37.84762],[126.44809,37.84738],[126.4487399,37.84727],[126.44876,37.8467501],[126.4494099,37.8466401],[126.4500501,37.8466501],[126.4503801,37.8466599],[126.4507,37.8466699],[126.45134,37.84694],[126.4515001,37.84707],[126.45165,37.8472001],[126.4519699,37.8473399],[126.45199,37.84682],[126.4526399,37.8469701],[126.45279,37.8471001],[126.4529501,37.8472299],[126.45359,37.84737],[126.45355042,37.84853322],[126.45398268,37.84861907],[126.45409,37.84858],[126.45423,37.8476401],[126.45455,37.8477799],[126.45463974,37.84779938],[126.4549032,37.84740206],[126.45489,37.8474],[126.4547399,37.8468801],[126.45443,37.84662],[126.45411,37.84636],[126.45412,37.8461001],[126.4542899,37.84585],[126.45365,37.84584],[126.4538201,37.84558],[126.454,37.84507],[126.4549699,37.8450901],[126.45498,37.84458],[126.4556399,37.8444599],[126.4558,37.8443399],[126.45614,37.84383],[126.4563099,37.84371],[126.4569699,37.8434599],[126.4576201,37.8432199],[126.45779,37.8431001],[126.4579501,37.8429701],[126.45812,37.84285],[126.4582999,37.8423299],[126.4589501,37.8422199],[126.45912,37.8421001],[126.4592801,37.8419701],[126.45945,37.84185],[126.4596836,37.8417616],[126.46045,37.8411001],[126.4613774,37.8402384],[126.4607387,37.8397283],[126.4614662,37.8401775],[126.4622801,37.83947],[126.4635087,37.8383609],[126.4647546,37.8372048],[126.4654201,37.8365489],[126.4659474,37.8360586],[126.4668185,37.8352515],[126.46714,37.83482],[126.4674989,37.8343186],[126.4678344,37.8337102],[126.46793731,37.83344558],[126.4680499,37.82825974],[126.4679328,37.828232],[126.4678083,37.8280651],[126.467179,37.8279186],[126.4670168,37.8275084],[126.46689,37.8275327],[126.4667437,37.8274942],[126.4666906,37.8273985],[126.4667689,37.8271484],[126.4670699,37.8270855],[126.4674814,37.8271554],[126.4677425,37.8272812],[126.46807076,37.82729887],[126.46818995,37.82180941],[126.4681851,37.8218106],[126.4677337,37.8218281],[126.4675926,37.8217382],[126.4675811,37.8215849],[126.4677027,37.8213666],[126.4679195,37.8212548],[126.4677779,37.8211709],[126.4677523,37.821019],[126.467955,37.8208842],[126.4681102,37.8206898],[126.46821528,37.82064235],[126.468222,37.820333],[126.46912555,37.820333],[126.4697499,37.8198601],[126.4697472,37.8197341],[126.4699055,37.819603],[126.4706279,37.8194684],[126.4709377,37.8193845],[126.4712086,37.8192025],[126.4714377,37.8190035],[126.4717762,37.8189724],[126.4725574,37.819014],[126.4732123,37.8188741],[126.473483,37.8190372],[126.4735398,37.8192622],[126.4736271,37.8193684],[126.4739558,37.8190105],[126.4744984,37.8189195],[126.4749802,37.8188521],[126.4763841,37.8191321],[126.4767925,37.8193321],[126.4772446,37.819271],[126.4778777,37.8193859],[126.4785955,37.8194945],[126.4791544,37.8194805],[126.4797575,37.8195768],[126.4801623,37.819535],[126.4804346,37.8195174],[126.4807267,37.8195908],[126.4809293,37.8195485],[126.4811648,37.8195978],[126.4814199,37.81959],[126.4817836,37.8197091],[126.4818679,37.8198571],[126.48201035,37.820333],[126.48376163,37.820333],[126.4839899,37.82016],[126.4845003,37.8201945],[126.4853114,37.8201746],[126.4861853,37.8200281],[126.4870108,37.8200417],[126.4874159,37.8199841],[126.4877188,37.8199194],[126.4879774,37.8197273],[126.4882647,37.8192276],[126.4884247,37.8190867],[126.4884623,37.8188776],[126.4888502,37.8188785],[126.4891881,37.8190105],[126.489418,37.8191642],[126.4895155,37.819416],[126.4894093,37.8197096],[126.4894441,37.8198519],[126.4894669,37.8200278],[126.4896036,37.8201482],[126.4898594,37.8203292],[126.48987409,37.820333],[126.4937418,37.820333],[126.49404,37.82012],[126.49468,37.8198799],[126.4949075,37.8198445],[126.4950211,37.8194567],[126.49568,37.81913],[126.4967264,37.8190801],[126.49714406,37.8192288],[126.49716948,37.81921604],[126.497381,37.8190616],[126.49743819,37.81908117],[126.50945336,37.8130508],[126.5096139,37.8129223],[126.50986193,37.81284574],[126.51479931,37.81036768],[126.5151508,37.8101064],[126.5157401,37.80979],[126.5161268,37.8095022],[126.5161609,37.8093403],[126.5162626,37.8091915],[126.51708318,37.80922141],[126.53017832,37.802649],[126.5301497,37.8025711],[126.5301401,37.802267],[126.5305258,37.802148],[126.5309522,37.8022442],[126.5310657,37.8020361],[126.5315221,37.801674],[126.532026,37.8015326],[126.5324213,37.8015866],[126.5327249,37.8017156],[126.5329308,37.8014649],[126.5332837,37.8015048],[126.5333562,37.801679],[126.53348142,37.80175486],[126.53775062,37.80132953],[126.5380566,37.8011992],[126.5391753,37.8006892],[126.5399317,37.8002666],[126.5397287,37.8001839],[126.5397228,37.8000638],[126.5401168,37.8001691],[126.541506,37.7993731],[126.5417706,37.799277],[126.5419506,37.7993272],[126.5421783,37.799523],[126.54219995,37.79953019],[126.54249307,37.79937231],[126.5423628,37.7989017],[126.5441875,37.7978648],[126.5453637,37.7969931],[126.5453853,37.7968217],[126.5454502,37.7966656],[126.5456898,37.7967074],[126.5457392,37.7964605],[126.54597,37.7962999],[126.5463151,37.7963112],[126.546553,37.7962893],[126.546714,37.7961475],[126.5471251,37.7959992],[126.5484432,37.7953008],[126.5495966,37.7945483],[126.5498153,37.7944185],[126.5509099,37.79371],[126.5530989,37.7922554],[126.5533675,37.7919918],[126.5554464,37.7905125],[126.5572381,37.7892309],[126.5593314,37.7875146],[126.5595943,37.7873561],[126.5600858,37.7870597],[126.5604233,37.7868683],[126.5615839,37.7859676],[126.5627322,37.7850404],[126.5647994,37.7833274],[126.5658462,37.782327],[126.5662212,37.7819509],[126.5667316,37.7813815],[126.5668155,37.7812481],[126.5669014,37.7811113],[126.5669803,37.7808361],[126.5670792,37.7806599],[126.5672302,37.7805414],[126.5674743,37.7803968],[126.5676628,37.7802955],[126.567974,37.7800254],[126.5680456,37.7799593],[126.5681261,37.7798849],[126.56826649,37.7797417],[126.57126308,37.77515498],[126.5713847,37.774591],[126.5715277,37.773814],[126.5714571,37.773677],[126.5714169,37.7735731],[126.5714357,37.7733711],[126.5714746,37.7731086],[126.571459,37.7729517],[126.5714322,37.7727785],[126.5713922,37.7726634],[126.5714687,37.7725563],[126.56211078,37.76574445],[126.561583,37.766972],[126.546611,37.771972],[126.531583,37.772028],[126.52482538,37.76827377],[126.5243688,37.7685766],[126.5236093,37.7682871],[126.5228598,37.767741],[126.5218716,37.766854],[126.52128938,37.76630932],[126.520333,37.765778],[126.52045711,37.76553072],[126.5191468,37.7643049],[126.5186311,37.7638257],[126.518511,37.7635999],[126.5183403,37.7623882],[126.5183593,37.7622251],[126.518543,37.761952],[126.5188909,37.7615706],[126.5195238,37.7607713],[126.52048,37.7599401],[126.5207744,37.759615],[126.5216784,37.7588717],[126.5241524,37.7573057],[126.5241565,37.7571482],[126.5249397,37.75659972],[126.53006298,37.74639221],[126.5299901,37.7462699],[126.5300099,37.74576],[126.530107,37.7452841],[126.5301304,37.7450298],[126.5301391,37.7440558],[126.5300901,37.74345],[126.5301099,37.7429399],[126.5298147,37.7420484],[126.5296729,37.7418609],[126.5296682,37.7416457],[126.5294955,37.7405747],[126.5291863,37.7399903],[126.5289589,37.7400137],[126.52886,37.7398456],[126.5290324,37.7392222],[126.5287372,37.738585],[126.5284765,37.7377972],[126.5283669,37.7370841],[126.5278222,37.7358094],[126.5272213,37.7343924],[126.5270215,37.7343873],[126.5264327,37.733143],[126.526403,37.7330786],[126.5263371,37.7329355],[126.5264149,37.7326448],[126.5264919,37.7323701],[126.52647204,37.73228708],[126.52638319,37.73206643],[126.5257834,37.7320084],[126.5252343,37.7320602],[126.5253789,37.731875],[126.52562,37.7318001],[126.525442,37.7313836],[126.5254571,37.7309146],[126.5255365,37.7304899],[126.52565427,37.73025626],[126.52535313,37.72950841],[126.525192,37.729587],[126.5246279,37.7294337],[126.5244796,37.728981],[126.5236387,37.726352],[126.5231856,37.7251948],[126.52296,37.72455],[126.5227985,37.7239597],[126.5227064,37.7232312],[126.5218349,37.7196226],[126.5216935,37.7184148],[126.52159,37.71708],[126.5214784,37.7143376],[126.5215182,37.713761],[126.5219425,37.7126376],[126.5222515,37.7120958],[126.5225664,37.7116922],[126.5229092,37.7112466],[126.5235224,37.7104213],[126.5237083,37.7101973],[126.5240124,37.7100001],[126.5245881,37.7096608],[126.5249656,37.7094898],[126.5255345,37.7091272],[126.52605178,37.7088708],[126.530389,37.704056],[126.53232937,37.69570257],[126.5319623,37.6956564],[126.5319731,37.6955828],[126.53234915,37.69561743],[126.533667,37.689944],[126.5308205,37.67909084],[126.5307287,37.6789218],[126.5302508,37.6780613],[126.5299578,37.6776152],[126.5296649,37.6774543],[126.5293216,37.677285],[126.5290524,37.6770719],[126.5288736,37.6767636],[126.528618,37.6763196],[126.5281589,37.6756613],[126.52815,37.6753499],[126.5280753,37.6751993],[126.5275448,37.6745874],[126.5271258,37.6745364],[126.5269493,37.6742397],[126.5267935,37.6739126],[126.52692,37.67353],[126.5273692,37.6731365],[126.5278209,37.6729343],[126.5280502,37.6727534],[126.529601,37.6725148],[126.5305095,37.6726746],[126.5307537,37.6729482],[126.53076917,37.67294541],[126.53161404,37.67220612],[126.5316154,37.6721918],[126.53163353,37.67218906],[126.53940421,37.66538935],[126.5394335,37.665314],[126.5395343,37.66527552],[126.542833,37.662389],[126.54005885,37.65802895],[126.5398784,37.657953],[126.539603,37.6581061],[126.5392101,37.65825],[126.5385699,37.6582399],[126.53825,37.6581001],[126.5381198,37.657656],[126.53790482,37.65722767],[126.532861,37.655778],[126.53305075,37.65526811],[126.5327764,37.6550877],[126.53215,37.6550714],[126.531659,37.6552019],[126.5315445,37.6550424],[126.5316846,37.6549216],[126.5317274,37.6547646],[126.5318969,37.6546264],[126.5321131,37.6545264],[126.5322399,37.65425],[126.5324051,37.6540595],[126.5324995,37.65388],[126.5327698,37.6536783],[126.5330923,37.65257],[126.5336934,37.6523352],[126.5340171,37.6521303],[126.5339796,37.651789],[126.534256,37.6515174],[126.53451591,37.65133086],[126.537833,37.642417],[126.53961954,37.64127476],[126.5391941,37.6396548],[126.5393235,37.6395387],[126.5404702,37.639678],[126.5416396,37.6384154],[126.5414764,37.6382902],[126.541617,37.6381258],[126.5416596,37.638076],[126.5418311,37.6381482],[126.5420246,37.6381028],[126.5423616,37.6381308],[126.5426731,37.6382326],[126.5433023,37.6387412],[126.5433708,37.6387966],[126.54343191,37.63883729],[126.54431689,37.63827147],[126.5443081,37.6381958],[126.5442847,37.6379944],[126.5443184,37.6377782],[126.5448294,37.63711],[126.5458701,37.6360915],[126.5449279,37.6355885],[126.5448977,37.6355332],[126.544904,37.6354652],[126.5451201,37.6352136],[126.5453537,37.6352954],[126.5460628,37.6357153],[126.5468883,37.6347702],[126.5471029,37.6345707],[126.5473175,37.6345116],[126.5473631,37.6342434],[126.5487681,37.6313866],[126.5489224,37.6309252],[126.5490717,37.6306296],[126.5491419,37.6302426],[126.549277,37.6298956],[126.5497809,37.6287477],[126.5498338,37.6286442],[126.5505025,37.628388],[126.5505398,37.6281663],[126.5513327,37.6265632],[126.5509038,37.6264448],[126.5508291,37.6264204],[126.5507719,37.6263594],[126.5507741,37.6262601],[126.5514501,37.6249899],[126.5518803,37.624108],[126.5535939,37.619807],[126.5543901,37.6170894],[126.5544703,37.6166855],[126.5545362,37.6159991],[126.554743,37.6150496],[126.5553693,37.6149965],[126.5550951,37.6109369],[126.5551413,37.6108219],[126.5550929,37.6107993],[126.5550929,37.6106825],[126.5549917,37.6106198],[126.554895,37.6104456],[126.5547542,37.6098776],[126.5546464,37.6095919],[126.5546596,37.6093445],[126.5547784,37.6089211],[126.5548708,37.6087713],[126.5549741,37.6086685],[126.5548664,37.6083636],[126.5548862,37.6082172],[126.5564081,37.6057605],[126.5566984,37.6058563],[126.5567901,37.6057024],[126.5575102,37.6051566],[126.559823,37.601168],[126.5598692,37.6011001],[126.5599462,37.6010391],[126.5606764,37.6007063],[126.5607753,37.6006923],[126.5734851,37.5901393],[126.5735273,37.590171],[126.5737296,37.5899984],[126.5736912,37.5899675],[126.5737852,37.5898891],[126.5738412,37.5896932],[126.5739439,37.589623],[126.5739408,37.5895158],[126.5741212,37.5894603],[126.57416,37.589395],[126.5742549,37.5893962],[126.574342,37.589289],[126.5743871,37.5891202],[126.5743731,37.5890253],[126.5742845,37.5890352],[126.5742222,37.5889846],[126.5742176,37.5889341],[126.5743955,37.5887635],[126.5746105,37.5885187],[126.574318,37.5877903],[126.5741904,37.5877833],[126.5741222,37.5878251],[126.57401,37.5878338],[126.5738803,37.5877415],[126.5737659,37.5876439],[126.5737109,37.587548],[126.5737065,37.5874539],[126.5736406,37.5873668],[126.5736889,37.5872849],[126.5737791,37.5872779],[126.5738649,37.5871419],[126.5739727,37.5870966],[126.5741772,37.5870914],[126.5743267,37.5871629],[126.5743729,37.5873249],[126.5743575,37.5874801],[126.5744367,37.5875829],[126.5745621,37.5876578],[126.5745995,37.5877641],[126.5744829,37.5878007],[126.5745027,37.5878617],[126.5747336,37.5879419],[126.574826,37.5880778],[126.5747248,37.5882225],[126.5747204,37.5883776],[126.5747842,37.588409],[126.5804246,37.5808752],[126.5806039,37.5809041],[126.5806913,37.5808096],[126.5805261,37.5805197],[126.5807976,37.5806299],[126.5809487,37.5804259],[126.5808662,37.5803621],[126.5887953,37.5697813],[126.5866313,37.5666992],[126.5895917,37.5641184],[126.5886151,37.564006],[126.5902555,37.5623792],[126.5911924,37.5632106],[126.5915376,37.5633289],[126.5917367,37.5634719],[126.591886,37.5635557],[126.5919917,37.5635508],[126.5920589,37.5636268],[126.5930741,37.5636691],[126.5932701,37.5636543],[126.5940819,37.5633289],[126.5943991,37.5632697],[126.5945933,37.5633719],[126.5945707,37.5614968],[126.6011703,37.5615043],[126.6014929,37.5608076],[126.6016395,37.5604758],[126.6017937,37.5601266],[126.601988,37.559711],[126.601642,37.5596034],[126.601081,37.5591511],[126.6012546,37.5590208],[126.6009597,37.5587854],[126.6009179,37.5587086],[126.6009311,37.5586424],[126.6009817,37.5585866],[126.601074,37.5585587],[126.601183,37.5585779],[126.6014743,37.5586999],[126.6015469,37.558754],[126.6020123,37.5584039],[126.6019407,37.5583447],[126.6018039,37.5580883],[126.6017805,37.5580073],[126.6018364,37.5579119],[126.601915,37.5578908],[126.6020308,37.5578985],[126.6022542,37.5580768],[126.60478811,37.55615946],[126.57105858,37.55628971],[126.5710586,37.5562901],[126.571097,37.5563466],[126.5710775,37.5563657],[126.5710819,37.5563903],[126.5709301,37.5563484],[126.5708908,37.5563188],[126.57083625,37.55629057],[126.31677568,37.55727167],[126.3166357,37.5573464],[126.3164744,37.5576419],[126.3159368,37.55773],[126.3126419,37.5587952],[126.311342,37.5590253],[126.310844,37.5591705],[126.3107472,37.5595398],[126.3106325,37.5598069],[126.309682,37.5601453],[126.3093423,37.5600626],[126.3089875,37.5603069],[126.3082456,37.5601506],[126.3079732,37.5599773],[126.3080556,37.5595171],[126.3081273,37.5593381],[126.308582,37.5593452],[126.3088011,37.5590852],[126.3087366,37.558892],[126.3089158,37.5584858],[126.3092491,37.5582471],[126.3093674,37.5579062],[126.3089158,37.5577414],[126.3091058,37.5573322],[126.30914239,37.55730114],[126.25891113,37.55749512],[126.22589111,37.56567383],[125.97870449,37.60987371],[125.9786899,37.6099601],[125.97812331,37.60997763],[125.97804693,37.60999129],[125.9779099,37.6105001],[125.97759,37.6107599],[125.97728,37.61103],[125.9771299,37.6112901],[125.97551,37.6111999],[125.97518,37.6109501],[125.97453,37.61071],[125.9742001,37.6107201],[125.97392257,37.61072877],[125.70202575,37.65934713],[125.70222,37.65938],[125.70256,37.65963],[125.70321,37.6597501],[125.7037644,37.6598678],[125.7040155,37.6600323],[125.7042701,37.6601335],[125.7045882,37.6603035],[125.704812,37.660617],[125.7058184,37.6612934],[125.7065891,37.6618631],[125.7071376,37.6623118],[125.7074632,37.6625219],[125.707405,37.6626069],[125.7074057,37.6627037],[125.7073788,37.66279],[125.7067663,37.6632607],[125.7071126,37.6638404],[125.7081308,37.6644919],[125.7085181,37.6645835],[125.7087056,37.6647641],[125.7090998,37.6648863],[125.7100356,37.6647921],[125.7102233,37.6652396],[125.7105656,37.6655907],[125.7105762,37.6658887],[125.7101372,37.6663393],[125.7100899,37.66703],[125.71045,37.66805],[125.71081,37.66882],[125.71115,37.6693201],[125.71134,37.6703399],[125.712,37.6704599],[125.7129799,37.6712001],[125.7136399,37.6713201],[125.71366,37.67182],[125.7146299,37.67194],[125.7148,37.67206],[125.71514,37.6725699],[125.7153099,37.6726899],[125.7162901,37.67293],[125.71678,37.6733],[125.71684525,37.67497551],[125.71710205,37.67510986],[125.7160674,37.6758896],[125.71592,37.67615],[125.7156299,37.67718],[125.71533,37.6777],[125.71504,37.67873],[125.71489,37.6789901],[125.7152099,37.6789901],[125.71524,37.6797601],[125.71556,37.67975],[125.7152801,37.6807801],[125.71366,37.6806899],[125.71333,37.6804401],[125.71202,37.67996],[125.71104,37.67972],[125.70943,37.6797601],[125.70911,37.6800299],[125.7078401,37.6805601],[125.7075299,37.68083],[125.70559,37.6808801],[125.70526,37.68063],[125.7039501,37.68028],[125.70377,37.6797601],[125.7036001,37.67951],[125.7023099,37.6795401],[125.7022899,37.6790299],[125.7019699,37.67916],[125.70166,37.6794301],[125.70102,37.6795699],[125.70132,37.67905],[125.70035,37.67894],[125.69968,37.6784401],[125.69837,37.67796],[125.6980501,37.67797],[125.69678,37.67851],[125.6958,37.67852],[125.6951601,37.67829],[125.6941601,37.6775401],[125.6935001,37.6773],[125.69188,37.67708],[125.6909,37.67685],[125.69058,37.67673],[125.6905901,37.6772399],[125.6899401,37.6771299],[125.6892999,37.6771399],[125.68802,37.6774301],[125.6873801,37.6777],[125.6864099,37.67772],[125.68575,37.67761],[125.6858,37.67863],[125.6845099,37.6787899],[125.6842,37.67905],[125.68356,37.6792],[125.68344,37.68048],[125.6832899,37.68075],[125.68326747,37.68075197],[125.65559381,37.71599866],[125.6558354,37.7161931],[125.6559115,37.7163223],[125.6558755,37.716375],[125.6556007,37.7164317],[125.65527875,37.71639995],[125.61782037,37.764109],[125.617944,37.764139],[125.61755974,37.76509976],[125.617613,37.7654817],[125.6181201,37.7658146],[125.6175313,37.766528],[125.61675888,37.76710215],[125.611278,37.780806],[125.62030044,37.79354249],[125.6206999,37.7936101],[125.6205501,37.7938699],[125.62055114,37.79389639],[125.623694,37.798333],[125.62144124,37.79954885],[125.6215701,37.7997499],[125.6209299,37.7999],[125.62079061,37.7999],[125.616694,37.802111],[125.605833,37.800389],[125.608806,37.804167],[125.60567199,37.80457225],[125.60542,37.80525],[125.60526,37.8055101],[125.60494,37.8053901],[125.6046,37.80514],[125.60428,37.80502],[125.60429,37.8055299],[125.6030001,37.8054299],[125.6020199,37.8051901],[125.60161988,37.80509621],[125.59959639,37.80535786],[125.59959,37.80538],[125.59929,37.8059],[125.59902655,37.80657642],[125.59899793,37.80687151],[125.59906,37.80847],[125.59907,37.8089799],[125.59908854,37.80945666],[125.601523,37.8119469],[125.60159,37.8118799],[125.6017601,37.8117501],[125.60207,37.81123],[125.6022201,37.8110999],[125.60277522,37.81108299],[125.60291452,37.81032345],[125.60284,37.8103099],[125.60252,37.8101901],[125.6026601,37.80968],[125.60264,37.80916],[125.6023,37.8086599],[125.6021199,37.80815],[125.6024501,37.80827],[125.6031001,37.8085101],[125.60323023,37.80860201],[125.603361,37.807889],[125.611639,37.809583],[125.619972,37.817083],[125.62363799,37.81781392],[125.62383,37.81781],[125.62407837,37.81790172],[125.636694,37.820417],[125.635417,37.823306],[125.643694,37.829139],[125.64168115,37.83289687],[125.6416901,37.8332001],[125.6416999,37.83346],[125.6417099,37.83372],[125.6414,37.8339801],[125.64108,37.83424],[125.64086419,37.83442209],[125.640778,37.834583],[125.64074457,37.83454086],[125.64063,37.8347699],[125.63996,37.8346501],[125.63963,37.8344],[125.6393,37.8344101],[125.63899,37.8345499],[125.63896,37.8337799],[125.6396099,37.8337601],[125.6396099,37.83351],[125.63895,37.8335201],[125.63877,37.8330099],[125.63843,37.83251],[125.6382599,37.83225],[125.63761,37.83227],[125.63743,37.8317601],[125.63709,37.83125],[125.63706,37.83048],[125.6370399,37.8299701],[125.6370399,37.82987122],[125.63575022,37.82824561],[125.6356901,37.8282001],[125.63553641,37.8279761],[125.63526755,37.82763721],[125.6350101,37.8274499],[125.63494689,37.82723303],[125.634167,37.82625],[125.625,37.82875],[125.6228718,37.83213132],[125.6229199,37.83337],[125.62309,37.83349],[125.6232499,37.83361],[125.62343,37.8341199],[125.6221399,37.83415],[125.62199,37.8346699],[125.62183,37.83493],[125.62119,37.83482],[125.62118059,37.83481834],[125.619528,37.837444],[125.626222,37.844972],[125.62084593,37.84869401],[125.62073,37.8493399],[125.620085,37.84922082],[125.615389,37.852472],[125.615806,37.85625],[125.635806,37.854556],[125.639583,37.8575],[125.63871248,37.8585045],[125.6387199,37.8586899],[125.6385701,37.8592101],[125.63802759,37.8592948],[125.63715129,37.86030597],[125.6371599,37.86053],[125.63685,37.8607899],[125.6365601,37.86182],[125.63643,37.8626],[125.63577,37.86248],[125.6354501,37.8623599],[125.6350735,37.8632019],[125.63473606,37.86309291],[125.634528,37.863333],[125.637889,37.871667],[125.63612305,37.87241888],[125.6364601,37.8724699],[125.63662,37.87261],[125.63664,37.8731199],[125.6364899,37.87338],[125.63584,37.87327],[125.63518,37.8730199],[125.63477691,37.87299202],[125.63428579,37.87320112],[125.63454,37.8733],[125.6347099,37.87342],[125.63488,37.8736701],[125.6342301,37.8735601],[125.6340101,37.87352],[125.6339101,37.8736999],[125.6336999,37.8737801],[125.6335899,37.87396],[125.6332699,37.87397],[125.6332599,37.87371],[125.6334699,37.87362],[125.6335262,37.87352453],[125.632083,37.874139],[125.629583,37.880833],[125.641278,37.891667],[125.642917,37.898333],[125.64229853,37.89912626],[125.6424601,37.89995],[125.64263,37.90008],[125.6427901,37.9002],[125.64296,37.90033],[125.6431201,37.9004501],[125.6434701,37.90096],[125.64363,37.90108],[125.64429,37.90133],[125.6452699,37.90143],[125.6453966,37.9015546],[125.6457839,37.9016719],[125.64711581,37.90196416],[125.647083,37.901667],[125.6556099,37.8960688],[125.6556099,37.89606],[125.6559,37.89554],[125.65607,37.89541],[125.65623,37.89528],[125.6563799,37.8951499],[125.6573501,37.89487],[125.6574999,37.89474],[125.65765,37.8942201],[125.65853298,37.8941497],[125.661722,37.892056],[125.680806,37.892028],[125.696667,37.89625],[125.715,37.90625],[125.72875,37.917472],[125.73625,37.933333],[125.735417,37.939139],[125.73445375,37.93924611],[125.7343916,37.9393485],[125.733992,37.939672],[125.7333137,37.9400519],[125.732813,37.9403628],[125.7322801,37.94066],[125.7319501,37.94067],[125.7309899,37.9408201],[125.7305806,37.9403268],[125.7303099,37.9400599],[125.73012,37.9393],[125.72978,37.93879],[125.7297699,37.93854],[125.72989,37.9375099],[125.72924,37.93752],[125.7294001,37.9372601],[125.7295499,37.93712],[125.72971,37.937],[125.72969,37.9364801],[125.72934,37.9357199],[125.72901,37.9354701],[125.72883,37.93522],[125.7281901,37.93524],[125.72834,37.93497],[125.7286399,37.93445],[125.7286201,37.9339399],[125.72861,37.93343],[125.7283646,37.933187],[125.7277949,37.9326463],[125.7274687,37.9323907],[125.7278348,37.9319023],[125.7274101,37.93166],[125.7275201,37.9303701],[125.7275101,37.93011],[125.72748,37.92934],[125.7276101,37.92831],[125.7269601,37.92833],[125.72712,37.92807],[125.72727,37.9279399],[125.72789756,37.92779291],[125.72759551,37.92685031],[125.7275399,37.92677],[125.7269,37.92666],[125.72656,37.92641],[125.72623,37.92629],[125.72605,37.92578],[125.7258699,37.9252699],[125.7252099,37.9251599],[125.72489,37.9249101],[125.72423,37.92467],[125.7239,37.92442],[125.72357,37.92443],[125.72325,37.92443],[125.72292,37.92432],[125.7227499,37.9238001],[125.7224001,37.9233],[125.7223901,37.9230399],[125.72238,37.92278],[125.72237526,37.92266148],[125.7208323,37.92225477],[125.72058,37.92231],[125.72057272,37.92218635],[125.719972,37.922028],[125.71747547,37.92580026],[125.7174965,37.9258638],[125.7174238,37.9259983],[125.71731131,37.9260483],[125.71700105,37.92651711],[125.71703,37.9272699],[125.7170501,37.92779],[125.7170701,37.9280401],[125.7167599,37.9288199],[125.71647,37.9295999],[125.71633,37.93063],[125.71537,37.93052],[125.71502,37.9302699],[125.7143801,37.9300301],[125.71404,37.92978],[125.71371,37.92979],[125.7134001,37.9298001],[125.7130701,37.92968],[125.71289,37.9291699],[125.71271,37.9289101],[125.7124001,37.9290499],[125.7117499,37.9290599],[125.71077,37.92896],[125.71059,37.92845],[125.71026,37.9282],[125.7100701,37.9276901],[125.7097599,37.9278299],[125.70943,37.9278299],[125.7091,37.9275901],[125.7087599,37.92734],[125.70811,37.92709],[125.70778,37.92685],[125.70712,37.9265999],[125.70647,37.9264899],[125.7066101,37.92597],[125.7066001,37.9257199],[125.70643,37.9254601],[125.70545,37.9253601],[125.70513,37.92511],[125.70479,37.92486],[125.70446,37.92474],[125.70443,37.92397],[125.70531381,37.92394938],[125.70298675,37.922592],[125.70211,37.9226099],[125.70179,37.92262],[125.70145,37.9223701],[125.7001501,37.9221401],[125.6998201,37.9220201],[125.6998,37.92151],[125.6978499,37.92142],[125.6972,37.92131],[125.69722,37.9218199],[125.69689,37.9218299],[125.6967101,37.92132],[125.6967,37.92107],[125.6968599,37.9208001],[125.69626016,37.92080933],[125.69932072,37.92768123],[125.6993801,37.92768],[125.69936981,37.92779146],[125.699611,37.928333],[125.6993116,37.92842204],[125.6992601,37.92898],[125.6989501,37.92923],[125.69865,37.93001],[125.69835,37.93053],[125.69803,37.93079],[125.6977201,37.9310599],[125.69756,37.93132],[125.69692,37.93146],[125.6959599,37.9317299],[125.6956399,37.932],[125.69533,37.9322699],[125.69501,37.9322699],[125.69467,37.9320401],[125.69434,37.9320401],[125.69403,37.9321699],[125.69424,37.93345],[125.6946001,37.9344701],[125.69477,37.9345901],[125.6949401,37.9347199],[125.6952999,37.93599],[125.69547,37.93612],[125.6956399,37.93624],[125.6957651,37.93674395],[125.702528,37.936222],[125.70236946,37.94196958],[125.7024901,37.94199],[125.7025101,37.9422501],[125.70236165,37.94225238],[125.70209729,37.95183605],[125.70222,37.95188],[125.7023801,37.95201],[125.70254,37.95213],[125.7027101,37.9522601],[125.7027301,37.95277],[125.70258,37.9532799],[125.70226,37.9532799],[125.70223,37.9525199],[125.70207913,37.95249437],[125.702056,37.953333],[125.710833,37.960417],[125.7175,37.952917],[125.722972,37.953333],[125.71827807,37.96109741],[125.7183199,37.9621799],[125.71834,37.96268],[125.71803,37.9632],[125.71804,37.96346],[125.7180501,37.9637201],[125.7177401,37.96424],[125.7174299,37.9645099],[125.7172901,37.96502],[125.71584984,37.96511404],[125.714139,37.967944],[125.71186952,37.96563173],[125.7118,37.96566],[125.71179603,37.96555686],[125.71139851,37.96515184],[125.71130724,37.96515467],[125.713361,37.969556],[125.71242395,37.96974543],[125.7124299,37.9697499],[125.7126,37.96988],[125.71277,37.97],[125.71279,37.9705101],[125.71247,37.97078],[125.71232,37.9710401],[125.71167,37.9711799],[125.71136,37.97132],[125.7111701,37.97081],[125.71082826,37.97006802],[125.70455229,37.97133677],[125.70456,37.9717301],[125.70392,37.9718699],[125.7036001,37.97214],[125.70199,37.97243],[125.70167,37.97257],[125.70155,37.9736001],[125.7013901,37.9738599],[125.7010601,37.9737399],[125.7007399,37.9736201],[125.70059,37.97268],[125.70037,37.9726001],[125.70036,37.97234],[125.70069,37.97233],[125.7008,37.9725001],[125.70135,37.97258],[125.70121003,37.97201244],[125.700861,37.972083],[125.70107464,37.97163203],[125.7008,37.9710601],[125.70077,37.9702801],[125.70077,37.97002],[125.7007499,37.96976],[125.7010601,37.96924],[125.70122,37.96911],[125.7013801,37.96898],[125.70166,37.9679501],[125.7018201,37.96781],[125.70247,37.9678],[125.70279,37.96779],[125.7029501,37.96766],[125.70296016,37.96765182],[125.70437272,37.96467],[125.7042999,37.96467],[125.7039699,37.96443],[125.70299,37.96432],[125.7031701,37.9648301],[125.7031799,37.96509],[125.7028599,37.96535],[125.7027101,37.9656101],[125.7023801,37.9654901],[125.7017301,37.96525],[125.7010699,37.96501],[125.7007399,37.96489],[125.70055,37.96412],[125.70022,37.96387],[125.69987,37.96336],[125.69954,37.96312],[125.69921,37.96287],[125.69887,37.96236],[125.6985299,37.96211],[125.6981999,37.9618599],[125.6978599,37.9616101],[125.69763369,37.96127737],[125.6975,37.961222],[125.69615332,37.96285351],[125.69613,37.9629401],[125.69608813,37.96293249],[125.69472306,37.96458628],[125.6947399,37.96502],[125.69478,37.9660501],[125.69447,37.9663099],[125.6941501,37.96658],[125.69399591,37.96670929],[125.69474184,37.96887432],[125.69536,37.9688599],[125.69555,37.96937],[125.6957201,37.9694901],[125.69588,37.9696201],[125.69591,37.9703901],[125.6956001,37.97065],[125.69545,37.9709],[125.69543919,37.97089839],[125.696278,37.973333],[125.69554549,37.97425061],[125.69557,37.97425],[125.69559,37.9747599],[125.69591,37.9747499],[125.69576,37.97501],[125.6956101,37.9755299],[125.6952899,37.9754099],[125.69469871,37.97531137],[125.69387393,37.97634456],[125.69434,37.97633],[125.69454,37.9771],[125.69456,37.9778699],[125.69443,37.9786399],[125.6941,37.9785199],[125.69376,37.9782701],[125.69344,37.97815],[125.69342,37.9776399],[125.6937499,37.9776299],[125.6937079,37.97655255],[125.693306,37.977056],[125.69374003,37.96771449],[125.69355,37.96788],[125.69324,37.9681501],[125.69292,37.9683999],[125.69277,37.96866],[125.6918,37.96881],[125.6914801,37.9689501],[125.69135,37.9697201],[125.69103,37.96999],[125.6910501,37.9705001],[125.6910699,37.97101],[125.69092,37.9712701],[125.6905901,37.9712801],[125.69057,37.97077],[125.6902601,37.9709],[125.6899401,37.9711701],[125.6896199,37.9711701],[125.6892899,37.9711799],[125.68898,37.97145],[125.68866,37.9717101],[125.68835,37.9719699],[125.68803,37.97224],[125.6873901,37.9723801],[125.68725,37.9729],[125.6869301,37.9731601],[125.6866199,37.97343],[125.6862999,37.97369],[125.68599,37.9739501],[125.68568,37.97448],[125.6853701,37.9747399],[125.6850799,37.97577],[125.6849301,37.97603],[125.68266,37.97621],[125.68231443,37.976264],[125.685417,37.980833],[125.687472,37.991222],[125.68715311,37.9912208],[125.6871834,37.9912671],[125.6876636,37.9916386],[125.6882014,37.9919578],[125.6882542,37.992041],[125.6881395,37.9921441],[125.6878313,37.9922241],[125.6864801,37.9923001],[125.6861799,37.99257],[125.68456,37.9926101],[125.6839,37.99236],[125.68324,37.99212],[125.68291,37.9918699],[125.68258,37.9916201],[125.6812701,37.9915201],[125.68144,37.99178],[125.68145,37.99203],[125.68131,37.99255],[125.68067,37.99244],[125.68033,37.9923199],[125.6797866,37.9918816],[125.6800901,37.9914561],[125.6803462,37.9913594],[125.6806524,37.9913675],[125.68074959,37.99119671],[125.680028,37.991194],[125.67909429,37.99017119],[125.6789428,37.9904682],[125.678993,37.9907282],[125.6787735,37.9909698],[125.6785999,37.991058],[125.6790899,37.9921424],[125.6790477,37.9922127],[125.6789828,37.9921948],[125.6788741,37.9921168],[125.6787913,37.9920158],[125.6785545,37.9915056],[125.678376,37.9912729],[125.6781618,37.9911079],[125.678,37.9908301],[125.6778201,37.9903199],[125.67779,37.9895399],[125.6776497,37.9888858],[125.6770919,37.988153],[125.6768988,37.98776621],[125.67510923,37.98580588],[125.6750599,37.98577],[125.6747001,37.985705],[125.674303,37.9856182],[125.6739896,37.9854481],[125.6736988,37.9852613],[125.6733638,37.9850361],[125.6729201,37.98478],[125.6724909,37.9844134],[125.6722024,37.9841524],[125.6719341,37.9838678],[125.6717235,37.9836369],[125.6713067,37.9833548],[125.6708812,37.9830946],[125.6704807,37.9826859],[125.670045,37.9824557],[125.6698752,37.9822491],[125.6696516,37.9820983],[125.6691277,37.9818073],[125.66857,37.9815299],[125.66817,37.9814053],[125.6677054,37.9811205],[125.6672501,37.98067],[125.6669201,37.98055],[125.6666826,37.9804525],[125.6662047,37.9801713],[125.6657575,37.9798326],[125.6652601,37.9794299],[125.6649301,37.9791801],[125.6645999,37.9790701],[125.6643268,37.9788084],[125.6639081,37.9785509],[125.6636706,37.978442],[125.662792,37.9782493],[125.6620146,37.9779367],[125.6616991,37.9777647],[125.6613641,37.9776137],[125.6609889,37.9773486],[125.6607195,37.9771176],[125.6603063,37.9768882],[125.6597704,37.9765596],[125.65896,37.9759799],[125.65864,37.9757301],[125.65831,37.97548],[125.65797,37.97523],[125.65764,37.9749799],[125.6573,37.9747301],[125.65698,37.9746101],[125.65679,37.9741],[125.6564601,37.9738599],[125.6561301,37.9736101],[125.65586,37.9732509],[125.655551,37.9727945],[125.6553973,37.972384],[125.6548013,37.9722667],[125.6544601,37.9721],[125.6542799,37.9718499],[125.6539387,37.9715974],[125.6534338,37.9714822],[125.6530996,37.9712496],[125.6529456,37.9710954],[125.65263,37.97099],[125.6523876,37.9708562],[125.6519654,37.9704558],[125.6519205,37.9702593],[125.650756,37.9700455],[125.6504709,37.9698998],[125.6501424,37.9696635],[125.6497783,37.9694405],[125.6494622,37.9691233],[125.6491224,37.9688238],[125.6489927,37.9684663],[125.6485903,37.9682005],[125.6483122,37.968003],[125.6478135,37.9677797],[125.6474845,37.9675804],[125.6469112,37.9674085],[125.6460566,37.9671682],[125.6457312,37.966895],[125.6457143,37.9663669],[125.6449182,37.9664642],[125.6442487,37.9665656],[125.643863,37.9666306],[125.6437341,37.9666478],[125.6435555,37.9666609],[125.6435382,37.9667963],[125.6435701,37.96721],[125.6439201,37.9679699],[125.6442699,37.96848],[125.6442699,37.9687399],[125.6441201,37.969],[125.6434701,37.96888],[125.6431499,37.96889],[125.64153,37.9691799],[125.64089,37.96946],[125.6399299,37.9697301],[125.63832,37.9699],[125.6384899,37.97015],[125.63866,37.9703999],[125.6373699,37.97056],[125.63608,37.9708499],[125.63575,37.9708499],[125.63511,37.97087],[125.6338099,37.9709],[125.6331599,37.9709],[125.63154,37.9709501],[125.6312201,37.9709599],[125.6308901,37.9709599],[125.63035322,37.97076183],[125.63192968,37.97614359],[125.6322,37.97569],[125.6325,37.9751601],[125.6328099,37.9746399],[125.63297,37.9745101],[125.6331201,37.9743801],[125.6331101,37.97412],[125.6331,37.9738699],[125.6334,37.9731],[125.6335601,37.9729599],[125.63388,37.9728201],[125.63375,37.9738499],[125.63376,37.97412],[125.63377,37.9746201],[125.6334699,37.97489],[125.6331599,37.9754099],[125.63286,37.9761801],[125.63255,37.97645],[125.6322401,37.9769699],[125.63195,37.9777599],[125.63163,37.97801],[125.6314899,37.9785299],[125.63084,37.97867],[125.63053,37.97893],[125.63021,37.9790701],[125.6302401,37.9798401],[125.6292699,37.9798599],[125.62928,37.9803801],[125.62895,37.98025],[125.62885055,37.98025311],[125.624972,37.984556],[125.62417718,37.98416022],[125.62407,37.98434],[125.62409,37.9848501],[125.6241,37.98511],[125.62394,37.98537],[125.6233,37.9855101],[125.6226601,37.98578],[125.6220199,37.9860601],[125.62138,37.9861899],[125.62152,37.98568],[125.6216801,37.98555],[125.62183,37.9854199],[125.62199,37.9849],[125.6213301,37.98492],[125.6211399,37.98415],[125.6208099,37.9839],[125.62063,37.9833901],[125.61998,37.9832901],[125.61964,37.98303],[125.61931,37.98291],[125.6191299,37.9824001],[125.6187999,37.98215],[125.61864,37.98189],[125.61831,37.98203],[125.6173401,37.9820501],[125.6163599,37.9820701],[125.61605,37.98221],[125.61607,37.9829799],[125.6154401,37.98312],[125.6151101,37.98338],[125.6147901,37.9835199],[125.61465,37.98404],[125.6145,37.9843099],[125.61417,37.9841801],[125.6132,37.9841999],[125.61287,37.9841999],[125.61040442,37.98413361],[125.61027515,37.98426396],[125.61029,37.9846499],[125.60988305,37.98465932],[125.60842785,37.98612663],[125.6084,37.98623],[125.60832298,37.98623237],[125.60769729,37.98686327],[125.60764,37.9875299],[125.6073301,37.9880501],[125.6070099,37.9883199],[125.60671,37.9888401],[125.60639,37.9890999],[125.60608,37.98936],[125.60576,37.9896301],[125.6054501,37.98989],[125.6051299,37.99016],[125.6049901,37.99067],[125.6046501,37.99055],[125.6040001,37.9903099],[125.6030299,37.9901999],[125.60304,37.9907201],[125.6014301,37.9908799],[125.6011101,37.99114],[125.6004699,37.9914101],[125.5995,37.9914299],[125.59918,37.9914299],[125.59853,37.99146],[125.5982,37.99134],[125.59818,37.99082],[125.5968801,37.9908501],[125.5968999,37.99136],[125.59616339,37.99137902],[125.59541635,37.99270298],[125.5955,37.99294],[125.5956601,37.9930601],[125.59583,37.9931801],[125.59617,37.99369],[125.59618,37.9939501],[125.5958801,37.9947301],[125.59559,37.9955001],[125.59528,37.99602],[125.5953201,37.99705],[125.5953301,37.9973099],[125.5950099,37.99757],[125.5946899,37.99783],[125.59438,37.9980999],[125.59406,37.99836],[125.5939099,37.9986201],[125.59326,37.9986399],[125.5931199,37.99915],[125.59297,37.9994101],[125.5923201,37.9995499],[125.5920099,37.99982],[125.5916899,38.0000801],[125.59111766,38.00032146],[125.587083,38.007472],[125.58490783,38.00820255],[125.58469,38.00858],[125.58437,38.0088501],[125.5842199,38.0091099],[125.58293,38.00926],[125.58261,38.0094001],[125.58259353,38.00897982],[125.579556,38.01],[125.57839506,38.01424392],[125.5784,38.01437],[125.5783493,38.01441123],[125.57810603,38.01530049],[125.5781099,38.0154001],[125.57806906,38.01543565],[125.577056,38.019139],[125.57250689,38.02234036],[125.57251,38.02246],[125.5728799,38.02348],[125.57305,38.0239899],[125.5717601,38.02415],[125.5714399,38.02415],[125.5711099,38.02416],[125.57047,38.0244301],[125.57014,38.02457],[125.57017,38.0250801],[125.57082,38.0250801],[125.5706799,38.02558],[125.572821,38.0271664],[125.5718997,38.0277036],[125.570547,38.028467],[125.5724721,38.0301646],[125.5728068,38.029854],[125.5731657,38.0296178],[125.5742101,38.0292299],[125.5755,38.02894],[125.57647,38.0286699],[125.5774201,38.02839],[125.57905,38.0282199],[125.57906,38.02848],[125.57841,38.02849],[125.57858,38.0287501],[125.5787501,38.0288701],[125.57907,38.0288701],[125.5792299,38.02873],[125.5795301,38.0282101],[125.57952,38.02796],[125.57952,38.02769],[125.57982,38.02718],[125.5799801,38.02705],[125.58014,38.02692],[125.5803,38.0267799],[125.58094,38.02651],[125.5810901,38.02639],[125.5812299,38.02561],[125.5818701,38.02546],[125.58203,38.0253299],[125.58219,38.0252001],[125.5823499,38.0250801],[125.5826501,38.0245499],[125.58295,38.02403],[125.5831199,38.0238999],[125.5837701,38.0238799],[125.5847501,38.0241199],[125.58572,38.0243399],[125.5858999,38.02448],[125.58606,38.0246],[125.5862299,38.02473],[125.5864,38.0248501],[125.5865599,38.0249801],[125.58673,38.0250999],[125.5868999,38.0252299],[125.58706,38.02535],[125.58772,38.02547],[125.5878999,38.0259701],[125.5882399,38.02648],[125.58841,38.02661],[125.5885699,38.02673],[125.58874,38.02685],[125.58972,38.02696],[125.5898999,38.02747],[125.59025,38.0282299],[125.5906,38.0289999],[125.59094,38.0295],[125.59128,38.0300099],[125.59163,38.0305201],[125.59197,38.03102],[125.5923101,38.0315301],[125.5923301,38.03204],[125.5920199,38.0325599],[125.59205,38.0333299],[125.59206,38.03359],[125.5917601,38.03436],[125.5914499,38.03463],[125.5911299,38.0348899],[125.59115,38.0354],[125.5913201,38.0356599],[125.5906699,38.0356699],[125.59084,38.03593],[125.5910199,38.03618],[125.59037,38.0363201],[125.59005,38.0364599],[125.5902201,38.03671],[125.5905699,38.03747],[125.59092,38.0379801],[125.59108,38.0381001],[125.59125,38.0382299],[125.5916,38.0389901],[125.59195,38.0397501],[125.59197,38.04027],[125.5920001,38.04104],[125.5920099,38.04129],[125.59186,38.04181],[125.59218,38.0416799],[125.5927447,38.0416028],[125.5935059,38.0414989],[125.59380278,38.04145836],[125.59440746,38.03866903]],[[125.71234,37.6622299],[125.7125001,37.6621001],[125.7126399,37.66158],[125.7128499,37.6615],[125.7128301,37.6579801],[125.7131601,37.6579801],[125.7132901,37.6615699],[125.7130799,37.6616601],[125.71304,37.66363],[125.71271,37.66351],[125.7120601,37.66327],[125.7117301,37.66314],[125.71171,37.66263],[125.71203,37.6625],[125.7121801,37.66237],[125.71234,37.6622299]],[[125.6937131,37.7060556],[125.6943582,37.7057773],[125.694666,37.7055627],[125.6944608,37.7055279],[125.6949135,37.705307],[125.6951456,37.7055017],[125.6953404,37.7056729],[125.69535,37.7058901],[125.6952,37.7061499],[125.6948187,37.7062387],[125.694628,37.7062813],[125.6944099,37.7066899],[125.6940414,37.7070925],[125.69379,37.7074699],[125.6932208,37.7079784],[125.6929773,37.708278],[125.6926574,37.7087859],[125.6922556,37.7090283],[125.6920699,37.70905],[125.6917853,37.7088914],[125.6922251,37.7086711],[125.6925092,37.7086163],[125.6928584,37.7082675],[125.6929927,37.7080175],[125.6929099,37.7078813],[125.6928301,37.70775],[125.6927969,37.70743],[125.6929654,37.7072793],[125.6928628,37.7068443],[125.6925256,37.7067689],[125.6925989,37.706653],[125.6929801,37.7065312],[125.6928213,37.7063492],[125.6930767,37.7062308],[125.6934639,37.7061832],[125.6932915,37.7060071],[125.6934492,37.705957],[125.6937131,37.7060556]],[[125.6478642,37.7354628],[125.6474461,37.7351788],[125.6476733,37.7349209],[125.6479546,37.7350886],[125.6483799,37.7348199],[125.6490101,37.73455],[125.64998,37.73453],[125.65064,37.73477],[125.6508001,37.7349],[125.6509073,37.7352209],[125.6505775,37.7357003],[125.6509036,37.7360374],[125.6514934,37.7362605],[125.6518925,37.7365718],[125.652064,37.7368673],[125.6521087,37.7377902],[125.6517302,37.7381399],[125.6512509,37.7382122],[125.65043,37.73786],[125.6498425,37.7379194],[125.6497239,37.7380608],[125.6494601,37.73801],[125.6493398,37.7379374],[125.6492545,37.7377779],[125.6491005,37.7375681],[125.6489523,37.7375048],[125.6486627,37.7375016],[125.6484748,37.737544],[125.6480549,37.7373754],[125.6478472,37.7374169],[125.6474367,37.7380226],[125.6468271,37.7378632],[125.64653,37.73756],[125.64637,37.7375271],[125.6464,37.737272],[125.6465321,37.7368973],[125.6467451,37.7364104],[125.6473566,37.7358187],[125.6478642,37.7354628]],[[125.6452109,37.7463351],[125.6450038,37.7462744],[125.6450204,37.7459657],[125.6456866,37.745783],[125.64618,37.74566],[125.6468947,37.7453846],[125.6472516,37.7458073],[125.6474846,37.7461318],[125.6473897,37.7462501],[125.6465765,37.7465474],[125.6459952,37.746589],[125.6453902,37.746573],[125.6452109,37.7463351]],[[125.6464537,37.7476757],[125.6464307,37.7478152],[125.6465151,37.747979],[125.6463694,37.7479426],[125.6461085,37.7480457],[125.6460625,37.7479608],[125.6462313,37.747797],[125.6463003,37.747518],[125.6464537,37.7476757]],[[125.6445213,37.7498338],[125.64373,37.7496901],[125.643461,37.7497062],[125.6433543,37.7495319],[125.6432081,37.7491636],[125.6430576,37.7489469],[125.6432441,37.7486914],[125.6435922,37.748804],[125.6435446,37.7489526],[125.6440532,37.7491214],[125.644496,37.7494511],[125.6445213,37.7498338]],[[125.6299119,37.7642588],[125.6300809,37.764192],[125.6302595,37.7642026],[125.6302976,37.764137],[125.6304072,37.7641053],[125.6303671,37.7640038],[125.6304183,37.7639361],[125.6305035,37.7640228],[125.6306814,37.7640371],[125.6307664,37.7641713],[125.6307466,37.7643515],[125.6306372,37.7643674],[125.6304179,37.7643928],[125.6303478,37.7645319],[125.6301258,37.7645554],[125.6297938,37.764568],[125.6295441,37.7646431],[125.6293879,37.7645453],[125.6291956,37.7644901],[125.6289359,37.7643718],[125.6291983,37.7643298],[125.6291496,37.7642822],[125.6292705,37.7642258],[125.6292304,37.7640799],[125.6293083,37.7640555],[125.6296209,37.7643082],[125.6299119,37.7642588]],[[125.6242676,37.7640433],[125.6244407,37.7640644],[125.624529,37.7641236],[125.6247724,37.7640411],[125.6253602,37.7639985],[125.6258099,37.76409],[125.626426,37.7641476],[125.62662,37.7642],[125.6267801,37.76433],[125.6271741,37.7643984],[125.6275459,37.7644598],[125.6277386,37.7645674],[125.6276127,37.7647577],[125.627356,37.7648551],[125.6271768,37.7649926],[125.6270324,37.7650327],[125.6268854,37.7651339],[125.6267267,37.7654593],[125.6265902,37.7658076],[125.6264277,37.7664161],[125.6263144,37.7670279],[125.6262808,37.7673225],[125.6261542,37.767605],[125.6261685,37.7676798],[125.6260722,37.7677961],[125.625942,37.7678627],[125.6257539,37.7678363],[125.6254731,37.7679293],[125.6252056,37.7679166],[125.6250672,37.7678717],[125.6250753,37.7677828],[125.6251365,37.7676367],[125.6253527,37.7674451],[125.6252137,37.767293],[125.625219,37.7671491],[125.6251548,37.7669208],[125.6251441,37.7668109],[125.6252297,37.766665],[125.6253665,37.7666605],[125.6255705,37.7663053],[125.6256434,37.7659712],[125.6256148,37.7657135],[125.6255006,37.7655226],[125.6251414,37.7653203],[125.6247998,37.7652921],[125.6244752,37.7652706],[125.623991,37.765009],[125.6238149,37.7648361],[125.6236945,37.764741],[125.6236383,37.7645887],[125.6238737,37.7646987],[125.6239299,37.7645084],[125.6236892,37.7643963],[125.6236918,37.7642462],[125.6239192,37.7643223],[125.6239994,37.7642441],[125.6240807,37.7642622],[125.624192,37.7641236],[125.6242676,37.7640433]],[[125.6230199,37.80434],[125.62305,37.80511],[125.62241,37.80513],[125.62239,37.8046101],[125.62272,37.80447],[125.6230199,37.80434]],[[125.7481901,37.81048],[125.7483299,37.8099601],[125.74849,37.80983],[125.74912,37.80956],[125.74928,37.8094199],[125.7494201,37.80891],[125.7497501,37.80903],[125.7504,37.80913],[125.75059,37.80991],[125.7508,37.8111901],[125.7482099,37.81112],[125.7478799,37.811],[125.7478601,37.81048],[125.7481901,37.81048]],[[125.6015501,37.81047],[125.6018801,37.81046],[125.6018801,37.81072],[125.6012399,37.8107301],[125.6012201,37.81022],[125.6015401,37.8102099],[125.6015501,37.81047]],[[125.65701,37.81347],[125.6571699,37.81334],[125.65733,37.8131999],[125.65797,37.81293],[125.65812,37.8128],[125.6582799,37.81267],[125.6585999,37.8126599],[125.6592501,37.8127699],[125.6591301,37.81381],[125.6588101,37.8140701],[125.6585099,37.81459],[125.65852,37.8148501],[125.6586901,37.8149701],[125.65885,37.8150999],[125.65919,37.8156],[125.65923,37.8166301],[125.6592501,37.8174001],[125.65943,37.8176499],[125.65621,37.8178501],[125.65523,37.8179999],[125.6552501,37.8185201],[125.6549201,37.81839],[125.6542799,37.8184101],[125.65396,37.81867],[125.65364,37.81881],[125.6536099,37.81778],[125.6539299,37.81778],[125.6537199,37.8165],[125.6537099,37.81624],[125.65388,37.8161099],[125.65451,37.81583],[125.6548299,37.81583],[125.6551599,37.8159501],[125.6553,37.8154299],[125.6556099,37.81491],[125.6559,37.81439],[125.6560599,37.8138799],[125.6567001,37.8137301],[125.65686,37.8136],[125.65701,37.81347]],[[125.7525419,37.8310747],[125.7527804,37.8310296],[125.75316,37.83103],[125.7533101,37.8309],[125.7534158,37.8306304],[125.7537554,37.8305292],[125.7542322,37.8306463],[125.7559824,37.8305559],[125.7565132,37.8306675],[125.756982,37.8308247],[125.7572237,37.8311592],[125.7573208,37.831341],[125.7567501,37.8318601],[125.756382,37.8320358],[125.7557657,37.8322903],[125.7554009,37.8323403],[125.7552249,37.8324921],[125.7551745,37.8327942],[125.755381,37.8331207],[125.7555889,37.8330967],[125.75582,37.8330099],[125.75648,37.83327],[125.7566501,37.83339],[125.7569681,37.8336545],[125.7570588,37.8340098],[125.7570529,37.8342314],[125.7574356,37.8345442],[125.7580742,37.8358451],[125.7579761,37.8361084],[125.7584,37.83694],[125.75857,37.83707],[125.7588899,37.83706],[125.7592794,37.8370513],[125.7595433,37.8372155],[125.7595036,37.8375319],[125.7594,37.83769],[125.7590801,37.83796],[125.7588191,37.838296],[125.7585554,37.8382905],[125.7583304,37.8386436],[125.7581086,37.8387186],[125.7580198,37.8389548],[125.7582658,37.8391725],[125.7578076,37.8396048],[125.7573702,37.8396176],[125.7566621,37.8391134],[125.7563686,37.8392708],[125.7557769,37.8391174],[125.7558089,37.8388885],[125.756142,37.8385508],[125.7562785,37.8384688],[125.7560446,37.8382401],[125.7554915,37.8380198],[125.755005,37.8379634],[125.7548537,37.838117],[125.7547494,37.8382545],[125.7549371,37.8384758],[125.7549149,37.8387876],[125.7545026,37.8387245],[125.7543395,37.8386597],[125.7543034,37.838795],[125.7539849,37.8388974],[125.7536934,37.8388116],[125.753514,37.838669],[125.75281,37.8389999],[125.7526063,37.8388035],[125.7526066,37.8386387],[125.7529477,37.8385072],[125.7533619,37.8385277],[125.753335,37.8383244],[125.7535882,37.8382368],[125.7539031,37.8384059],[125.7541952,37.8383924],[125.7544745,37.838228],[125.754523,37.838059],[125.7543417,37.8379221],[125.7545866,37.8376103],[125.7545394,37.8374129],[125.7549503,37.8370515],[125.7544377,37.8362722],[125.7540523,37.8359099],[125.7534539,37.8355822],[125.7530424,37.8353659],[125.7526229,37.8352094],[125.7523021,37.8352177],[125.7521415,37.8352552],[125.7522091,37.8353401],[125.7518475,37.8355369],[125.7517067,37.8354839],[125.7516249,37.8355451],[125.751686,37.8356744],[125.7516149,37.8358112],[125.7513859,37.835936],[125.7510701,37.83596],[125.7509224,37.8359256],[125.7507861,37.8359822],[125.7508618,37.8360392],[125.7508532,37.8362084],[125.7505217,37.83647],[125.7496205,37.8364878],[125.7491519,37.8363033],[125.7485159,37.8362976],[125.748197,37.8365793],[125.7472016,37.836752],[125.746854,37.8368077],[125.7466462,37.8367475],[125.7465354,37.8369356],[125.7461178,37.8370197],[125.7459008,37.8369716],[125.7454625,37.8370657],[125.7450905,37.8366083],[125.7449362,37.8361548],[125.7450223,37.8358553],[125.7452705,37.8357011],[125.7455762,37.8348381],[125.74536,37.83468],[125.7450575,37.8343839],[125.7448451,37.8342532],[125.74508,37.8341625],[125.7445168,37.8336376],[125.7444205,37.8334209],[125.7446761,37.8332935],[125.7450797,37.833015],[125.74528,37.8326301],[125.7454399,37.8325],[125.7459912,37.8320015],[125.7461145,37.8318378],[125.7459627,37.8316246],[125.7460008,37.831603],[125.7460906,37.8316463],[125.7462406,37.8315069],[125.746307,37.8315683],[125.746254,37.8316808],[125.7464273,37.8316208],[125.7465316,37.8316295],[125.7466037,37.8317521],[125.7466767,37.8318193],[125.746861,37.8316926],[125.7472022,37.8315946],[125.7475224,37.8316348],[125.74768,37.8318],[125.7478601,37.8323101],[125.74803,37.8324399],[125.748193,37.8323523],[125.7485154,37.8323172],[125.7505748,37.8316522],[125.7508658,37.831474],[125.7508521,37.8312783],[125.7508173,37.8311696],[125.7507438,37.8310018],[125.7510351,37.8310149],[125.7512596,37.8309969],[125.7515399,37.8310701],[125.75171,37.8312001],[125.7524486,37.8311804],[125.7525419,37.8310747]],[[125.7576644,37.8403882],[125.75804,37.84029],[125.7580834,37.8406544],[125.7577626,37.8405462],[125.7576644,37.8403882]],[[125.65018,37.8576601],[125.64953,37.8576799],[125.64951,37.85717],[125.6501599,37.85715],[125.6501699,37.85741],[125.6504899,37.85727],[125.65145,37.8571199],[125.6514701,37.8576401],[125.6504999,37.8576601],[125.65053,37.85817],[125.6502,37.85818],[125.65018,37.8576601]],[[125.63555,37.8744301],[125.6355601,37.8746899],[125.6358901,37.8746799],[125.6358901,37.87494],[125.6352499,37.87496],[125.6352401,37.8744401],[125.63555,37.8744301]],[[125.73883,37.9380699],[125.73868,37.93833],[125.73835,37.93821],[125.73802,37.93809],[125.7379899,37.93732],[125.7389601,37.9372899],[125.73883,37.9380699]],[[125.7410701,37.9416099],[125.74106,37.94134],[125.74139,37.94134],[125.74139,37.9416001],[125.7410701,37.9416099]],[[125.73912,37.94153],[125.7394399,37.9413899],[125.73946,37.9419],[125.73881,37.9419201],[125.7388,37.94166],[125.73912,37.94153]],[[125.7215399,37.9659501],[125.7212099,37.9659501],[125.7211999,37.96544],[125.7214001,37.96535],[125.7215101,37.9651799],[125.7218301,37.9651701],[125.7218401,37.96543],[125.7216301,37.9655299],[125.7215399,37.9659501]],[[125.69525,37.9655299],[125.69557,37.9655299],[125.69558,37.96577],[125.6952601,37.96578],[125.69525,37.9655299]],[[125.6967399,37.9665199],[125.6966001,37.96703],[125.6962701,37.96691],[125.6959401,37.96679],[125.6959301,37.9662801],[125.6969,37.9662601],[125.6967399,37.9665199]],[[125.6890501,38.0002099],[125.6891318,38.0000607],[125.6893196,37.9998628],[125.68953,37.99981],[125.68968,37.99968],[125.6898515,37.9995515],[125.6900292,37.9996066],[125.6901562,37.9996932],[125.6903952,37.9997532],[125.6904067,37.9999416],[125.6906231,38.0000296],[125.6907455,38.0002143],[125.6905199,38.0003001],[125.6903701,38.00082],[125.6900501,38.0007],[125.6897201,38.0007],[125.6891387,38.0008884],[125.6887965,38.0007737],[125.6887399,38.0006],[125.6888432,38.0003414],[125.6887432,38.00025],[125.6887879,38.0001674],[125.6890501,38.0002099]],[[125.66643,38.01626],[125.6665901,38.01613],[125.66675,38.0159899],[125.6669101,38.0158601],[125.6670599,38.01573],[125.66722,38.0156],[125.6688399,38.0154299],[125.66868,38.01569],[125.66853,38.01595],[125.6694999,38.01593],[125.66953,38.0167],[125.66986,38.01669],[125.66998,38.01712],[125.67052,38.0171901],[125.67053,38.0174499],[125.66988,38.01746],[125.66977,38.0173001],[125.66857,38.01735],[125.6676099,38.01739],[125.6672799,38.01714],[125.6666199,38.0169],[125.6662899,38.0167799],[125.66643,38.01626]],[[126.21562,37.6299899],[126.2151315,37.6302103],[126.2148096,37.6299893],[126.2144019,37.6297174],[126.2141444,37.6294285],[126.214123,37.6290717],[126.2143799,37.62881],[126.2150201,37.6289501],[126.2157108,37.6291226],[126.2161185,37.6291226],[126.2164833,37.6289187],[126.2168052,37.6289017],[126.2171056,37.6290377],[126.2171271,37.6295135],[126.2171056,37.6298364],[126.216891,37.6297514],[126.2164189,37.6295985],[126.21596,37.6297401],[126.21562,37.6299899]],[[126.2175562,37.6304142],[126.2177493,37.6304652],[126.2178781,37.6307541],[126.217921,37.6311279],[126.2178137,37.6312809],[126.2175133,37.6307371],[126.2175562,37.6304142]],[[126.2175133,37.6318586],[126.2174918,37.6315697],[126.2178566,37.6314848],[126.2178352,37.6317397],[126.2175133,37.6318586]],[[126.2545099,37.65273],[126.2541699,37.6529801],[126.253995,37.6531359],[126.2539199,37.6533992],[126.2536731,37.6535181],[126.2522247,37.6535946],[126.2508193,37.6537305],[126.2496284,37.6535521],[126.2485877,37.6533737],[126.2477101,37.6530901],[126.24643,37.6528],[126.2459162,37.6527197],[126.2452939,37.6525838],[126.2449291,37.6523969],[126.2444571,37.6524309],[126.2436739,37.6525158],[126.2429765,37.6525158],[126.2421075,37.6526093],[126.2412277,37.6526178],[126.2405625,37.6526093],[126.2402621,37.6526008],[126.2400797,37.6524734],[126.2396738,37.6523521],[126.2394574,37.652244],[126.2392536,37.6519637],[126.2387386,37.6523289],[126.2380841,37.6527622],[126.2375799,37.6530085],[126.2371293,37.6532378],[126.2366679,37.6535181],[126.2366572,37.6536965],[126.2368499,37.6539901],[126.235992,37.654461],[126.2358955,37.6544185],[126.2353805,37.6546224],[126.2351552,37.6545035],[126.2346724,37.6548432],[126.2344256,37.6552255],[126.23421,37.65547],[126.2337299,37.65559],[126.2333742,37.6556417],[126.2328699,37.6557266],[126.2326232,37.6555228],[126.23211,37.6555499],[126.2317434,37.6555482],[126.2316254,37.6552764],[126.2312177,37.6553529],[126.231046,37.655183],[126.2311748,37.6549027],[126.2314323,37.6545884],[126.2315396,37.6542911],[126.2314323,37.6539344],[126.2312177,37.6532803],[126.2299946,37.6523374],[126.22816,37.6511992],[126.2280527,37.6515305],[126.2281814,37.6516409],[126.2284604,37.6517598],[126.2283638,37.6519977],[126.2279776,37.6520656],[126.2270227,37.6521336],[126.2264541,37.652278],[126.22576,37.6525699],[126.22543,37.65282],[126.2251774,37.6531189],[126.2249201,37.6534499],[126.2245901,37.6537],[126.2242225,37.6539514],[126.22377,37.65407],[126.2233856,37.6540023],[126.2230316,37.6538154],[126.22299,37.6534101],[126.223,37.6528899],[126.2231174,37.6524224],[126.2230301,37.6521199],[126.2228814,37.6519127],[126.2231067,37.6518023],[126.2235573,37.6517598],[126.2239006,37.6517768],[126.2243083,37.651556],[126.2246516,37.6513266],[126.224952,37.6510803],[126.2255743,37.6502818],[126.2262502,37.6492454],[126.2267759,37.6484129],[126.22774,37.6470999],[126.2291,37.6453199],[126.2295011,37.6447601],[126.2307885,37.6429761],[126.2319151,37.6413704],[126.2331799,37.6397799],[126.2333742,37.6394504],[126.2336209,37.6385243],[126.2338892,37.6384479],[126.2341252,37.6385668],[126.2345007,37.6387367],[126.2348333,37.6386178],[126.2350693,37.6384224],[126.2358311,37.6378446],[126.2360564,37.6378956],[126.2362281,37.6378277],[126.2368181,37.6372839],[126.2380627,37.6362984],[126.2389317,37.6357121],[126.2398759,37.6351429],[126.24097,37.6344399],[126.2413,37.6341901],[126.2425044,37.6334096],[126.2432799,37.6329601],[126.2447789,37.6322201],[126.2461951,37.6314894],[126.2477186,37.6309201],[126.2498429,37.6302913],[126.2497678,37.6301723],[126.2524071,37.6295521],[126.2552288,37.6289998],[126.2571386,37.6286429],[126.25766,37.6284101],[126.25799,37.62816],[126.258308,37.6279291],[126.259177,37.6275128],[126.2602392,37.6271814],[126.2613657,37.6266715],[126.2614515,37.6264336],[126.2613228,37.6262637],[126.2614408,37.6260512],[126.2615481,37.6256858],[126.2614578,37.6254914],[126.2615159,37.6252695],[126.2618592,37.625159],[126.2622133,37.625023],[126.2624171,37.625091],[126.2624064,37.6253459],[126.2627497,37.6254564],[126.2633076,37.6255244],[126.2635651,37.6255924],[126.2635222,37.6257453],[126.2632862,37.6258388],[126.2629879,37.6258902],[126.2629321,37.6260597],[126.2626317,37.6261107],[126.2624171,37.6264081],[126.2621918,37.626918],[126.2619987,37.6276572],[126.2617627,37.6281161],[126.26154,37.62837],[126.2611511,37.6286004],[126.2608078,37.6288638],[126.2604967,37.6291782],[126.2602928,37.6293991],[126.2600139,37.6294501],[126.2597101,37.62961],[126.2593801,37.6298601],[126.2589946,37.6300194],[126.2584582,37.6302573],[126.25791,37.63047],[126.2568811,37.6307331],[126.2559499,37.63094],[126.2550893,37.631192],[126.2544778,37.6315573],[126.2540701,37.6320161],[126.2535015,37.6325769],[126.2528899,37.6334946],[126.25242,37.6348501],[126.2524099,37.6350901],[126.2523857,37.6356441],[126.2520401,37.63637],[126.25169,37.63713],[126.2514415,37.6374538],[126.2512055,37.638108],[126.2512899,37.6391801],[126.2514845,37.6400536],[126.25154,37.64124],[126.2518201,37.64228],[126.2519599,37.64279],[126.2526539,37.6427722],[126.2529301,37.64294],[126.25332,37.6440099],[126.2536001,37.6453001],[126.2539301,37.6464301],[126.25423,37.64695],[126.2548748,37.6477334],[126.2549499,37.6479542],[126.2545207,37.648345],[126.2551215,37.6491945],[126.2557499,37.6495599],[126.25591,37.6496799],[126.2562159,37.6496872],[126.2565807,37.6498401],[126.25687,37.64996],[126.25702,37.6500901],[126.25699,37.6508701],[126.25699,37.65138],[126.2569699,37.6516301],[126.2567845,37.6520486],[126.2566199,37.65214],[126.2562802,37.6521676],[126.255894,37.6522525],[126.2556258,37.6520656],[126.2548399,37.65248],[126.2545099,37.65273]],[[126.2233243,37.6594213],[126.2232921,37.6592005],[126.2231,37.65906],[126.2230882,37.6588098],[126.22312,37.6585499],[126.2232799,37.6584201],[126.2235174,37.6583256],[126.2239465,37.6582831],[126.2247941,37.65847],[126.2253949,37.6585974],[126.225631,37.6586314],[126.226146,37.6587928],[126.2260172,37.6590391],[126.2260601,37.6591665],[126.2262629,37.6593624],[126.2263176,37.6594043],[126.2268001,37.6595301],[126.227412,37.6596251],[126.2279806,37.6597355],[126.2282401,37.6596824],[126.2286136,37.6595232],[126.2288282,37.6594213],[126.2290599,37.6593299],[126.2294934,37.6594553],[126.2301478,37.6595232],[126.23165,37.6596401],[126.2322799,37.6596601],[126.2329051,37.6595742],[126.2334201,37.6594213],[126.2338814,37.6595572],[126.2342248,37.659795],[126.23486,37.6599801],[126.23501,37.6601099],[126.2351699,37.6602399],[126.2358001,37.66051],[126.2364564,37.6607463],[126.2373999,37.66106],[126.2380301,37.6613399],[126.2388382,37.6614937],[126.2395034,37.6615786],[126.2400505,37.6615616],[126.2403724,37.6615107],[126.2406513,37.6613663],[126.2409399,37.6614],[126.2411,37.6615401],[126.2412601,37.6616699],[126.24141,37.6618],[126.2417101,37.6623201],[126.2418315,37.6626742],[126.241971,37.6629545],[126.2422178,37.6630395],[126.2421963,37.6631074],[126.2419495,37.6631329],[126.2417779,37.6633027],[126.2414453,37.6633452],[126.2409625,37.6632942],[126.2406728,37.6631669],[126.24056,37.66294],[126.2405441,37.6625978],[126.2403402,37.6624534],[126.2402601,37.66229],[126.2392673,37.6619523],[126.2378511,37.6616551],[126.2365207,37.6615192],[126.2352655,37.6614937],[126.2341389,37.6616041],[126.2331519,37.6618419],[126.2325099,37.6621099],[126.2321541,37.6624279],[126.2321434,37.6626488],[126.2320039,37.6628441],[126.231682,37.662963],[126.2310061,37.6630564],[126.2302015,37.6631838],[126.22956,37.6634499],[126.2289676,37.6637274],[126.2284419,37.6639397],[126.2276158,37.6644068],[126.2272403,37.6647211],[126.2265966,37.6650268],[126.2259528,37.6653326],[126.2249399,37.6656501],[126.2246332,37.6656893],[126.2242577,37.6655958],[126.2240109,37.6656808],[126.2239251,37.6657742],[126.2237105,37.6655789],[126.2231633,37.665358],[126.2228844,37.66546],[126.2227235,37.6655109],[126.2224552,37.6654175],[126.2223801,37.6651967],[126.2223587,37.6649674],[126.2226162,37.6640501],[126.222702,37.6635405],[126.2226099,37.66341],[126.2224982,37.6632178],[126.222466,37.6630055],[126.22264,37.6626401],[126.2229595,37.6621986],[126.22333,37.66138],[126.2235067,37.6608482],[126.2234745,37.6605594],[126.2231312,37.6604745],[126.2230599,37.6603399],[126.2230561,37.6600923],[126.2232277,37.6599394],[126.2233243,37.6596676],[126.2233243,37.6594213]],[[126.2185987,37.6647888],[126.2180515,37.6648992],[126.2176653,37.6649332],[126.2176545,37.6647634],[126.21789,37.66459],[126.2180944,37.6643982],[126.2179979,37.6641009],[126.2180622,37.664033],[126.21823,37.66408],[126.2183734,37.6644831],[126.2185879,37.6646275],[126.2187811,37.6647209],[126.2185987,37.6647888]],[[126.2000378,37.6763978],[126.1996194,37.6768054],[126.1989971,37.6773149],[126.1986645,37.677663],[126.1981599,37.6782299],[126.1975487,37.679149],[126.1971201,37.6797601],[126.1968942,37.6801849],[126.1969157,37.6804142],[126.1967762,37.6806944],[126.1964758,37.6810935],[126.1961432,37.6816284],[126.1960145,37.682036],[126.1959823,37.682469],[126.1959501,37.6830974],[126.1959608,37.6835559],[126.1961754,37.6839125],[126.196111,37.6840653],[126.1959179,37.6842776],[126.1955961,37.6845493],[126.1954244,37.6848719],[126.1954458,37.6852031],[126.1954995,37.6856785],[126.1955209,37.6860606],[126.1957033,37.6862898],[126.1955853,37.686621],[126.1956712,37.6868417],[126.195793,37.6871132],[126.1958214,37.6874955],[126.1959394,37.6877502],[126.1959823,37.6880558],[126.1958643,37.6882511],[126.1954458,37.6881917],[126.1950299,37.68806],[126.1947099,37.68805],[126.1944803,37.6880983],[126.1942549,37.6883785],[126.193858,37.6886077],[126.1934932,37.6886077],[126.1931713,37.6886502],[126.1927851,37.6885737],[126.1925598,37.6884464],[126.1924418,37.6882087],[126.1924096,37.6879115],[126.1925169,37.6875889],[126.1923881,37.6873511],[126.1920101,37.68682],[126.191841,37.6866719],[126.1915513,37.6864257],[126.19076,37.6857701],[126.1902531,37.6852965],[126.1891802,37.6844134],[126.1888583,37.6842012],[126.1885901,37.6841587],[126.1882897,37.6841842],[126.1879893,37.6842096],[126.1876245,37.6840823],[126.1871739,37.6840229],[126.1868842,37.6840738],[126.186734,37.6842012],[126.1866911,37.6843625],[126.1866697,37.6845323],[126.1864336,37.6845747],[126.1861869,37.6844983],[126.1859508,37.68432],[126.1856075,37.684303],[126.1854788,37.6841417],[126.1853499,37.68384],[126.1851891,37.6837002],[126.1849316,37.6835898],[126.184835,37.683403],[126.1846634,37.6831653],[126.1843951,37.6830549],[126.1842664,37.6828256],[126.18432,37.6825539],[126.1838694,37.6820275],[126.1837192,37.6817473],[126.1837085,37.6813227],[126.1835476,37.6810425],[126.1830326,37.6807538],[126.1819168,37.6801849],[126.179889,37.6792339],[126.178784,37.678716],[126.17764,37.6781399],[126.176729,37.6777272],[126.1753557,37.6770649],[126.174476,37.676997],[126.1741201,37.67728],[126.1734699,37.67727],[126.17315,37.6771299],[126.1730099,37.67662],[126.1727798,37.6765447],[126.17252,37.6764699],[126.1715601,37.6764499],[126.1709199,37.6764401],[126.1702907,37.6765362],[126.1702702,37.6767422],[126.16993,37.67692],[126.1693261,37.6770309],[126.1688755,37.6772517],[126.1684453,37.6776826],[126.1683058,37.6781241],[126.1681001,37.67829],[126.1676728,37.6789223],[126.1673832,37.6790072],[126.1670935,37.6788629],[126.1666643,37.6788629],[126.1663532,37.6787185],[126.1660001,37.67837],[126.1656899,37.6781101],[126.1652374,37.6778439],[126.1645937,37.6776571],[126.1642503,37.6775892],[126.1639285,37.6776826],[126.1636924,37.677759],[126.1634457,37.677708],[126.1631345,37.6776911],[126.1628556,37.6778184],[126.1624599,37.6780299],[126.1621689,37.6781071],[126.1618578,37.678209],[126.1616325,37.6781411],[126.1615359,37.6779798],[126.1615681,37.677793],[126.1615681,37.6776231],[126.1617398,37.6772071],[126.1615252,37.6769608],[126.1611068,37.6766381],[126.1608999,37.6765799],[126.1602377,37.6763069],[126.1600661,37.6760012],[126.1597657,37.6758569],[126.1593201,37.67564],[126.1589503,37.6755342],[126.1583709,37.6755172],[126.1577165,37.6755936],[126.15705,37.67585],[126.15671,37.6760901],[126.15639,37.6762201],[126.1564397,37.6768334],[126.1565899,37.6770457],[126.1563499,37.6772399],[126.1561071,37.6773259],[126.1557219,37.6773706],[126.1551094,37.6771816],[126.15474,37.67695],[126.15492,37.6764401],[126.15527,37.67593],[126.1554301,37.67581],[126.1556,37.6756799],[126.1557601,37.6755599],[126.15592,37.6754301],[126.15627,37.67493],[126.15628,37.6746699],[126.1559569,37.6745746],[126.155796,37.6744133],[126.1558711,37.6740736],[126.1559901,37.6738901],[126.156032,37.6735556],[126.1560213,37.6731989],[126.1559569,37.6728932],[126.1558282,37.672664],[126.1558818,37.6725111],[126.1561071,37.6724092],[126.1564612,37.6724771],[126.1567723,37.6726979],[126.15716,37.6727701],[126.1572659,37.6725875],[126.1581778,37.6723582],[126.1582529,37.6722139],[126.1580705,37.6719931],[126.1582851,37.6719421],[126.1585533,37.6720355],[126.1589396,37.6721205],[126.1592507,37.6723073],[126.15961,37.67218],[126.1597799,37.67206],[126.1600768,37.6719506],[126.1604631,37.6712118],[126.16096,37.6706799],[126.1611299,37.6705501],[126.16129,37.6704301],[126.1615359,37.6701333],[126.1619114,37.6698955],[126.1622977,37.6697087],[126.1627912,37.6698445],[126.163392,37.6697681],[126.1639607,37.6695048],[126.1641967,37.669284],[126.1645829,37.6692756],[126.1648082,37.6691567],[126.1649584,37.6689783],[126.16507,37.66885],[126.1652299,37.66872],[126.1653447,37.6684178],[126.1654305,37.6681545],[126.1656558,37.6678913],[126.1659455,37.6678318],[126.166321,37.6675686],[126.16674,37.6673499],[126.1672544,37.667042],[126.1677694,37.6668552],[126.1678552,37.6667193],[126.1680483,37.6665579],[126.1680162,37.6663711],[126.1680698,37.6661842],[126.168102,37.6660229],[126.1685419,37.6662182],[126.1684668,37.6665494],[126.1686492,37.6666174],[126.16853,37.6670099],[126.1683595,37.6671184],[126.1683937,37.6672795],[126.1685741,37.6674836],[126.1685,37.6677799],[126.16848,37.66829],[126.168971,37.6685622],[126.1696,37.6687],[126.1702399,37.66872],[126.1705601,37.66872],[126.1709129,37.668732],[126.1714637,37.6688582],[126.1714065,37.6690208],[126.1717498,37.6691142],[126.17217,37.6690199],[126.17249,37.66903],[126.1732518,37.6689868],[126.17362,37.66893],[126.1737899,37.6687999],[126.1741101,37.66881],[126.17428,37.66894],[126.1741638,37.6690717],[126.1744427,37.669284],[126.1745393,37.6695983],[126.1744105,37.6697172],[126.1745501,37.6699801],[126.17472,37.6701101],[126.1751937,37.6702012],[126.1757409,37.6701588],[126.1762559,37.6700314],[126.1768567,37.669938],[126.1770391,37.6699634],[126.1772644,37.6700738],[126.1777258,37.6700399],[126.1785626,37.6702607],[126.1789099,37.6702101],[126.1795067,37.6700144],[126.1799788,37.6698276],[126.1802201,37.66973],[126.1812101,37.6692399],[126.18219,37.66875],[126.1826503,37.6684688],[126.1832404,37.6681206],[126.1839592,37.6677639],[126.1844635,37.6674581],[126.18483,37.66727],[126.1853861,37.6669656],[126.1861693,37.6665579],[126.1871399,37.66604],[126.1881299,37.6655501],[126.1893129,37.6649018],[126.1897801,37.6645599],[126.18995,37.6644401],[126.1902034,37.6641544],[126.1905574,37.6639506],[126.1907613,37.6636958],[126.1907506,37.6634835],[126.1908364,37.6633136],[126.1912655,37.6628635],[126.1917591,37.662235],[126.1921346,37.6616829],[126.192435,37.6611903],[126.1926701,37.6606501],[126.1927461,37.6603325],[126.192671,37.6601202],[126.1925101,37.6599927],[126.1922633,37.6599758],[126.19206,37.6598601],[126.1918771,37.65967],[126.1917483,37.6594407],[126.191523,37.6592963],[126.1908257,37.6589395],[126.1906218,37.6588971],[126.1902892,37.6588206],[126.1899566,37.6587612],[126.1895489,37.6586508],[126.1891949,37.6584384],[126.1891305,37.6583195],[126.1891949,37.6577504],[126.1894738,37.6578099],[126.1897313,37.6574701],[126.1900532,37.6574871],[126.1903321,37.6574107],[126.1905574,37.6572408],[126.1908257,37.6571219],[126.1912548,37.6572153],[126.1914801,37.6574022],[126.191684,37.6576655],[126.1919736,37.6578099],[126.1926066,37.6579883],[126.1930787,37.6581751],[126.1934542,37.6586762],[126.19388,37.6587501],[126.1943599,37.6586401],[126.19453,37.65851],[126.19583,37.65828],[126.1974601,37.65807],[126.19762,37.65794],[126.1980784,37.6576995],[126.1985612,37.6575806],[126.1988294,37.6576995],[126.1992907,37.6577589],[126.2006962,37.6575381],[126.2020101,37.65715],[126.20299,37.65691],[126.2039041,37.6565188],[126.2047302,37.6564424],[126.2055999,37.6562101],[126.2061894,37.6559158],[126.20676,37.6553299],[126.2069299,37.6552101],[126.2073763,37.6551317],[126.2078162,37.6550808],[126.2081917,37.6551063],[126.2082668,37.6552337],[126.2081917,37.6554885],[126.2080844,37.6558198],[126.2078698,37.6560916],[126.2075802,37.6563124],[126.2073227,37.6566097],[126.2071617,37.65689],[126.2070115,37.6573147],[126.2066575,37.6576035],[126.2064,37.6577903],[126.2059708,37.6580112],[126.20552,37.65826],[126.2052,37.65838],[126.2050696,37.6586822],[126.2051233,37.6591408],[126.2053164,37.6595655],[126.2056275,37.6602195],[126.2060245,37.6608565],[126.20653,37.6615],[126.2072583,37.662156],[126.2079399,37.6626799],[126.2081,37.66281],[126.2082599,37.66294],[126.2086423,37.6630987],[126.20905,37.6634385],[126.2095435,37.6638037],[126.2099941,37.6643217],[126.2109101,37.6654499],[126.21106,37.66558],[126.21122,37.66572],[126.2114104,37.665808],[126.211464,37.6660713],[126.2114211,37.6663176],[126.2113674,37.6665469],[126.2110885,37.6666403],[126.2107559,37.6667167],[126.2107023,37.6668356],[126.2107238,37.6669844],[126.2104984,37.66698],[126.2102409,37.6668526],[126.2099083,37.6670224],[126.2096079,37.6670394],[126.2093182,37.66698],[126.2087174,37.6671583],[126.2084492,37.6673961],[126.2082668,37.6675575],[126.2079449,37.6677188],[126.207548,37.668067],[126.2070974,37.6684152],[126.2065824,37.6687974],[126.2062069,37.6690182],[126.2058528,37.6691965],[126.2054237,37.6692815],[126.2051662,37.6693069],[126.2046512,37.6699778],[126.2039199,37.67093],[126.2031492,37.671965],[126.2025913,37.6727123],[126.2018939,37.6737568],[126.20153,37.6742101],[126.20119,37.67472],[126.20085,37.6752299],[126.2005206,37.6756505],[126.2003275,37.6760666],[126.2000378,37.6763978]],[[126.02675,37.67815],[126.0266637,37.6777335],[126.0267281,37.6774278],[126.0269856,37.6771901],[126.0273504,37.6770542],[126.02776,37.6770199],[126.0281658,37.6769523],[126.0283374,37.676791],[126.0285949,37.6767655],[126.0288953,37.6769014],[126.0290988,37.6770847],[126.0293459,37.6770967],[126.0297001,37.6772],[126.0298073,37.6773684],[126.0300101,37.6774599],[126.0300862,37.6778949],[126.0300111,37.6781836],[126.0297966,37.6783874],[126.0293138,37.6784043],[126.0285413,37.6785147],[126.0279619,37.6786251],[126.0275113,37.6784978],[126.0270071,37.6784043],[126.02675,37.67815]],[[126.0383796,37.6784808],[126.0381329,37.6783959],[126.0381436,37.678243],[126.0383799,37.67819],[126.0382699,37.6780199],[126.03807,37.67792],[126.03808,37.6776701],[126.038208,37.6775382],[126.0384999,37.67785],[126.0387199,37.67795],[126.0387015,37.6781836],[126.0386264,37.6783534],[126.0383796,37.6784808]],[[126.1361305,37.6825497],[126.1365382,37.6824138],[126.1367699,37.68229],[126.1371819,37.6819893],[126.1373965,37.6816496],[126.1376754,37.6813949],[126.1380402,37.6812591],[126.1384264,37.6811232],[126.1389629,37.6811062],[126.1394135,37.6812081],[126.1397354,37.6812421],[126.14003,37.6813401],[126.1401901,37.6814699],[126.1403399,37.6816],[126.1405,37.68174],[126.1407868,37.6818364],[126.1413101,37.6818701],[126.14293,37.6816701],[126.1438999,37.6816899],[126.14405,37.68182],[126.1442101,37.68196],[126.14437,37.68209],[126.1443488,37.6824648],[126.14422,37.6827874],[126.1439196,37.6831271],[126.1431901,37.6833401],[126.1430099,37.68385],[126.1429901,37.68437],[126.1431471,37.6854196],[126.1433617,37.6856573],[126.1428896,37.685929],[126.1423532,37.6860988],[126.1417953,37.6861837],[126.1414305,37.6863196],[126.1410014,37.6865573],[126.1405722,37.6866082],[126.1400787,37.6865743],[126.1397354,37.6866592],[126.13951,37.6864599],[126.1390702,37.6862686],[126.1385552,37.6862516],[126.13789,37.6863705],[126.1374394,37.6865403],[126.1370102,37.686795],[126.1367098,37.6870327],[126.1367313,37.6872705],[126.1366455,37.6875422],[126.1361948,37.687695],[126.1360876,37.6875082],[126.1359588,37.6872875],[126.1358944,37.6869648],[126.135594,37.6869309],[126.1348001,37.6872875],[126.1343001,37.68762],[126.1340705,37.6878478],[126.13379,37.6882499],[126.1334483,37.688561],[126.1330191,37.6888497],[126.1323968,37.6892402],[126.132311,37.6895289],[126.1325685,37.6898175],[126.1331264,37.690259],[126.13338,37.6905501],[126.1335401,37.6906799],[126.13369,37.69082],[126.1339203,37.6909552],[126.134092,37.6912099],[126.1339801,37.6915899],[126.1335126,37.6918042],[126.1330835,37.6921268],[126.1324612,37.6923985],[126.1321179,37.6922966],[126.1319891,37.6920589],[126.1318799,37.6917999],[126.1315814,37.6914986],[126.131281,37.6912608],[126.1307017,37.6910741],[126.1300365,37.691159],[126.1296401,37.6911001],[126.1291996,37.6910061],[126.1289636,37.6910741],[126.1286632,37.691159],[126.128277,37.691108],[126.1279336,37.6912269],[126.127762,37.6913967],[126.12784,37.6916999],[126.1275903,37.6917872],[126.12702,37.69194],[126.1267535,37.6921098],[126.1266676,37.6922796],[126.1268822,37.6925513],[126.1269899,37.69271],[126.12682,37.69296],[126.1266033,37.6930946],[126.1263887,37.6931456],[126.1261312,37.6930607],[126.1259166,37.6929248],[126.1256162,37.692772],[126.1252514,37.6926532],[126.124951,37.6924155],[126.1246077,37.6921947],[126.1245433,37.691957],[126.1245648,37.6916004],[126.124436,37.6911929],[126.1242215,37.6908363],[126.1237708,37.6906326],[126.1235348,37.6908194],[126.1232773,37.6908703],[126.1229555,37.6908533],[126.1226121,37.6907514],[126.1225478,37.6904288],[126.1225692,37.6901062],[126.1227401,37.6897801],[126.1228053,37.6894949],[126.1227409,37.6891214],[126.1225907,37.6889685],[126.1224834,37.688595],[126.122183,37.688527],[126.1220328,37.6881535],[126.1217967,37.6880856],[126.121904,37.687729],[126.1219899,37.6873554],[126.12205,37.68694],[126.1220328,37.6866931],[126.1223117,37.6866082],[126.1229984,37.6866762],[126.1236636,37.686778],[126.1238781,37.6866252],[126.1242215,37.6864384],[126.1245862,37.6864384],[126.1251227,37.6855214],[126.1252729,37.6853347],[126.1251656,37.6851818],[126.1251901,37.68496],[126.1252099,37.6846999],[126.12537,37.6845799],[126.1258308,37.6842988],[126.1260239,37.6839082],[126.1262599,37.6833308],[126.126217,37.6830252],[126.1261097,37.6828384],[126.1263887,37.6827365],[126.1265818,37.6824478],[126.1267964,37.6823289],[126.1269466,37.6824478],[126.12706,37.6825699],[126.12738,37.6825699],[126.1283399,37.68285],[126.1285,37.6829901],[126.1286599,37.6831199],[126.12881,37.6832499],[126.1288,37.68351],[126.1286301,37.6837601],[126.1294142,37.6838403],[126.1304013,37.6837384],[126.131796,37.6833308],[126.1320106,37.6831101],[126.1321608,37.6829572],[126.1324183,37.6830252],[126.1327402,37.6830591],[126.1331908,37.6829233],[126.1334483,37.6828214],[126.13384,37.68273],[126.13449,37.68274],[126.13546,37.6827701],[126.1361305,37.6825497]],[[126.201336,37.689686],[126.2010892,37.6895841],[126.200703,37.6895246],[126.200703,37.6892699],[126.2008532,37.6887775],[126.200939,37.688319],[126.2011965,37.6883785],[126.2014969,37.6886671],[126.2018001,37.68886],[126.2018295,37.6891341],[126.2018188,37.6892869],[126.20161,37.6893699],[126.2013145,37.6894992],[126.201336,37.689686]],[[125.9990787,37.6972605],[125.9991359,37.6968706],[126.0000623,37.6968651],[126.000193,37.6972943],[126.0001493,37.6976536],[125.999765,37.6977435],[125.9990787,37.6972605]],[[125.85,37.71432],[125.84985,37.7145801],[125.8497199,37.71484],[125.8493799,37.71472],[125.8487299,37.71461],[125.8487099,37.7141],[125.8493601,37.71408],[125.8493701,37.7143401],[125.85,37.71432]],[[126.210945,37.7186315],[126.2106017,37.7185297],[126.2102583,37.7184194],[126.2101081,37.7182327],[126.2100867,37.7178932],[126.21008,37.7176901],[126.2104622,37.7175367],[126.2109772,37.7175113],[126.2113634,37.7175282],[126.2116531,37.7177659],[126.21233,37.718],[126.2124899,37.7181399],[126.2126616,37.718343],[126.2124578,37.7185552],[126.2121144,37.7186315],[126.21197,37.71889],[126.2121401,37.7191599],[126.2123076,37.7197348],[126.2123183,37.7200828],[126.2121895,37.7202101],[126.211975,37.7202525],[126.2118248,37.720558],[126.2118569,37.720855],[126.2120501,37.7210672],[126.2122325,37.7210927],[126.2122325,37.7214321],[126.2121252,37.7215764],[126.2118891,37.7215849],[126.211814,37.7216782],[126.2118033,37.721814],[126.2115458,37.7218734],[126.211203,37.722112],[126.2109343,37.7221959],[126.2108913,37.7224505],[126.2107841,37.7226202],[126.21022,37.7225701],[126.2099579,37.7224081],[126.2100223,37.7222044],[126.2102301,37.72219],[126.2103442,37.721831],[126.2101511,37.7215849],[126.2102154,37.7214067],[126.2101832,37.721169],[126.2103764,37.7208805],[126.2104501,37.72065],[126.2105051,37.7204052],[126.2107841,37.7202864],[126.2109665,37.7201422],[126.2110737,37.7193869],[126.2110523,37.7188522],[126.210945,37.7186315]],[[126.2287845,37.7174491],[126.2294999,37.7171201],[126.22966,37.71699],[126.2299432,37.7166768],[126.2311401,37.71652],[126.2316491,37.7160827],[126.2323036,37.7158026],[126.232486,37.7158705],[126.2329151,37.7160657],[126.2330439,37.71621],[126.2333979,37.7160318],[126.2338271,37.7163288],[126.2340631,37.7165919],[126.2342884,37.7169314],[126.2345566,37.7170757],[126.2349107,37.7171096],[126.235372,37.7170841],[126.2358119,37.7171266],[126.23597,37.7170101],[126.23631,37.71677],[126.2371745,37.7162864],[126.2375822,37.7161166],[126.238698,37.7159639],[126.2391593,37.7159808],[126.2396099,37.7160487],[126.2420132,37.716558],[126.242217,37.7163797],[126.24246,37.7164],[126.2428178,37.716227],[126.2431826,37.7163203],[126.2432577,37.7164222],[126.2433435,37.7166343],[126.2436118,37.7167616],[126.2438907,37.7168465],[126.2441911,37.7168635],[126.2445452,37.7167786],[126.2450065,37.716855],[126.2452047,37.7170491],[126.2454035,37.7170841],[126.2459507,37.7169823],[126.2463798,37.716855],[126.2467875,37.716872],[126.2469914,37.7168974],[126.2471952,37.7170757],[126.2473776,37.7169399],[126.2477316,37.7168465],[126.2480535,37.7169059],[126.2482037,37.7171181],[126.2483968,37.7172369],[126.2487201,37.71744],[126.2489011,37.7175509],[126.2491371,37.7176952],[126.2491908,37.7180007],[126.2489762,37.718128],[126.2486114,37.718128],[126.2479999,37.7181535],[126.24756,37.71831],[126.2472167,37.7184336],[126.246766,37.7185693],[126.2461974,37.7188494],[126.245897,37.7191804],[126.2446739,37.7193416],[126.2444272,37.7191889],[126.2441911,37.7193077],[126.24388,37.7192737],[126.2430002,37.7197914],[126.2429144,37.720063],[126.24264,37.7201201],[126.2421419,37.7203006],[126.2401893,37.7215736],[126.2398459,37.7217009],[126.2394061,37.7216924],[126.2381177,37.7213909],[126.2379245,37.7220868],[126.2390189,37.7219935],[126.2396733,37.7220953],[126.2401669,37.7220868],[126.2405102,37.7221971],[126.240596,37.7223329],[126.240478,37.7227487],[126.2403385,37.7230203],[126.2401239,37.7237247],[126.2398235,37.7243357],[126.2394266,37.7252097],[126.2387936,37.7258377],[126.2384395,37.7258547],[126.2379889,37.7257104],[126.2368838,37.7255322],[126.2360363,37.7284004],[126.2361757,37.7286804],[126.2363796,37.7289689],[126.2363903,37.729198],[126.236401,37.7295884],[126.2365405,37.7295375],[126.2368409,37.7306575],[126.2366693,37.7307],[126.2365557,37.7308469],[126.2364332,37.7310054],[126.2361435,37.7313703],[126.2358539,37.7318285],[126.2355535,37.7320576],[126.2350063,37.7322358],[126.2346308,37.732397],[126.2335901,37.7326092],[126.2329678,37.7329825],[126.2328283,37.732991],[126.2322275,37.7327364],[126.2317447,37.7328213],[126.2315409,37.7328043],[126.2312834,37.7322782],[126.2313156,37.7321679],[126.2313156,37.7320152],[126.23012,37.73087],[126.2292234,37.7300721],[126.2273244,37.7282477],[126.2269704,37.7279422],[126.2266593,37.7273482],[126.2256113,37.7255564],[126.2250105,37.7244532],[126.2237552,37.7222553],[126.2232724,37.7220431],[126.2226502,37.7219074],[126.2220601,37.7218734],[126.2217167,37.7218989],[126.2214807,37.7217885],[126.2209443,37.7217716],[126.2205902,37.7217122],[126.2202469,37.7215594],[126.2198928,37.7212454],[126.219453,37.7210163],[126.2188521,37.7208805],[126.2186161,37.7209484],[126.2182835,37.7209654],[126.2181655,37.7208805],[126.2183264,37.720558],[126.2183264,37.7203713],[126.2184337,37.7201252],[126.2189058,37.7197603],[126.21907,37.7194501],[126.219292,37.7195311],[126.2196354,37.7195396],[126.2201396,37.7194717],[126.220558,37.7193105],[126.2209765,37.7191407],[126.2212232,37.7189625],[126.2213601,37.7187199],[126.2215344,37.7185636],[126.2222317,37.7183939],[126.2231008,37.7182411],[126.2235943,37.7181138],[126.2241307,37.7181478],[126.2245895,37.7181365],[126.2252011,37.7179583],[126.2255766,37.7177461],[126.2258019,37.7174915],[126.2260916,37.7174236],[126.226628,37.7177546],[126.227025,37.7178565],[126.22753,37.71785],[126.2278833,37.7177461],[126.2287845,37.7174491]],[[125.9655301,37.7578201],[125.96586,37.7578101],[125.9661159,37.7578815],[125.9661706,37.7576209],[125.9666563,37.7574452],[125.9671405,37.7577849],[125.96716,37.7581799],[125.96652,37.75831],[125.9662101,37.75858],[125.9658557,37.7588834],[125.9654506,37.7588896],[125.9652201,37.7579599],[125.9655301,37.7578201]],[[125.8808195,37.7617646],[125.8810301,37.7615981],[125.8808872,37.7613423],[125.88124,37.7611888],[125.88157,37.7611899],[125.88254,37.7611699],[125.8828599,37.7610301],[125.8825847,37.7620164],[125.8828728,37.7628221],[125.88267,37.7631443],[125.88278,37.76335],[125.8826174,37.7636022],[125.8823541,37.7638282],[125.8824519,37.7640363],[125.8826249,37.7642325],[125.8824594,37.7645348],[125.8820908,37.7646072],[125.8818956,37.7646184],[125.8817523,37.7647975],[125.88157,37.76543],[125.8812601,37.76569],[125.8810348,37.7659083],[125.88078,37.7659599],[125.8806001,37.76546],[125.8803623,37.7653011],[125.879804,37.7651781],[125.87912,37.7651],[125.8788101,37.76498],[125.8789539,37.7649343],[125.8783491,37.7645057],[125.8777729,37.7642444],[125.8779717,37.7639937],[125.8778331,37.7635903],[125.8773968,37.7634654],[125.8777127,37.7633108],[125.877818,37.7631324],[125.8780799,37.7629499],[125.8787299,37.7630599],[125.8793,37.7630907],[125.880016,37.7632374],[125.8801113,37.7633742],[125.8805104,37.7632502],[125.8808195,37.7630248],[125.88113,37.76236],[125.8810978,37.7620976],[125.8808195,37.7617646]],[[125.9014781,37.7639742],[125.9012796,37.7639684],[125.9011435,37.7638577],[125.901309,37.7637417],[125.9012134,37.7632418],[125.901434,37.7632883],[125.9013968,37.7628566],[125.9016138,37.7628837],[125.9018058,37.7629265],[125.90202,37.763],[125.9021801,37.76312],[125.90235,37.76325],[125.9025199,37.7633701],[125.9027132,37.7636664],[125.9029193,37.7639684],[125.9031329,37.7642811],[125.9030512,37.7644048],[125.9033017,37.7645264],[125.90321,37.76464],[125.9028972,37.7645903],[125.9029928,37.7647182],[125.9027954,37.7648593],[125.9024099,37.76479],[125.901999,37.7645516],[125.9019558,37.7643909],[125.9014781,37.7639742]],[[125.8861278,37.7737979],[125.88625,37.7735299],[125.8863789,37.7736337],[125.8862861,37.7737922],[125.8861278,37.7737979]],[[126.2085409,37.7755195],[126.2082301,37.7754199],[126.2080366,37.7752736],[126.2080044,37.7750276],[126.2082501,37.77491],[126.2085945,37.7748495],[126.2087662,37.7748835],[126.2087199,37.7753099],[126.2085409,37.7755195]],[[125.8897844,37.7673794],[125.8898012,37.7671404],[125.8895874,37.7669443],[125.8897849,37.7666423],[125.8904088,37.766505],[125.8910673,37.766452],[125.8918206,37.7664892],[125.892328,37.766658],[125.8928812,37.7667295],[125.8933706,37.7666202],[125.893931,37.766441],[125.8944415,37.7667225],[125.8946631,37.7670911],[125.89459,37.76742],[125.8946791,37.7676209],[125.8947005,37.7680873],[125.8944163,37.76846],[125.8940248,37.7690716],[125.8940888,37.7695002],[125.8946205,37.7698709],[125.8949994,37.7700473],[125.895632,37.7702051],[125.8963638,37.7703707],[125.8971285,37.7704672],[125.8979272,37.770427],[125.8989832,37.7703508],[125.8995691,37.770324],[125.9004389,37.7702989],[125.9018786,37.7703261],[125.9034389,37.7704187],[125.9046095,37.7706146],[125.9065276,37.7706898],[125.9072825,37.7706855],[125.9074464,37.7699075],[125.9075135,37.7699164],[125.9073321,37.7707774],[125.9077398,37.7709579],[125.908333,37.770997],[125.9085835,37.7709622],[125.9087148,37.7711254],[125.9094304,37.7712471],[125.9099545,37.7712627],[125.9102288,37.7711282],[125.9105551,37.771081],[125.9110442,37.7709588],[125.9114364,37.7708917],[125.9116177,37.7706429],[125.91169,37.77047],[125.91201,37.77046],[125.9122313,37.7705747],[125.9125101,37.7708301],[125.9125366,37.7711559],[125.9124655,37.7713846],[125.9123111,37.7713469],[125.9121742,37.7715633],[125.912221,37.7718191],[125.9120479,37.7720901],[125.9116909,37.7722064],[125.9116239,37.7723837],[125.9117294,37.7725927],[125.9120264,37.7728591],[125.9124803,37.77314],[125.913487,37.7734733],[125.9136234,37.7734511],[125.9141314,37.7736325],[125.9143971,37.7736134],[125.9145582,37.7735115],[125.9149431,37.7734318],[125.9156006,37.7739365],[125.9156295,37.774129],[125.91556,37.77435],[125.91557,37.7746101],[125.9157261,37.7752113],[125.9157905,37.7757907],[125.9159601,37.77614],[125.91612,37.7762601],[125.9161371,37.7764347],[125.9163141,37.7767583],[125.9166802,37.777131],[125.9171429,37.7775481],[125.9172244,37.77778],[125.9173199,37.7779],[125.91749,37.77803],[125.9176499,37.7781501],[125.917645,37.7783633],[125.9194178,37.7784431],[125.9194131,37.7785092],[125.9176403,37.7784294],[125.9176378,37.7785645],[125.91736,37.7788855],[125.9171276,37.7790246],[125.917047,37.7792347],[125.9172109,37.7795164],[125.9174613,37.7797864],[125.917765,37.7799983],[125.91822,37.7801899],[125.9188135,37.780459],[125.919371,37.780671],[125.9199775,37.7808264],[125.9207092,37.7809928],[125.9210967,37.7811155],[125.9211776,37.7812402],[125.9212098,37.781393],[125.92102,37.7814099],[125.9208728,37.781501],[125.9207923,37.7817556],[125.9208306,37.7820282],[125.9210147,37.7822247],[125.9213942,37.7825138],[125.9222199,37.78304],[125.9227996,37.7833727],[125.9231992,37.7836464],[125.9235652,37.7838654],[125.9235858,37.784143],[125.9234307,37.784408],[125.9233296,37.7845809],[125.9232307,37.7846382],[125.9229415,37.7848877],[125.9226772,37.785019],[125.922579,37.7852442],[125.9225576,37.7854445],[125.9225841,37.7855551],[125.9226238,37.7857201],[125.9227726,37.7858621],[125.9228126,37.7860144],[125.9227958,37.7862982],[125.9226861,37.78631],[125.92234,37.78612],[125.92201,37.786],[125.9215159,37.7855283],[125.9212017,37.7855115],[125.9210729,37.7854097],[125.9207812,37.78539],[125.9208056,37.785261],[125.9204353,37.7849536],[125.9202403,37.7845256],[125.9201708,37.7842766],[125.9200178,37.7841621],[125.9199787,37.7839054],[125.9201386,37.7838501],[125.9202513,37.7837165],[125.9203238,37.7835191],[125.9202547,37.7831718],[125.9199691,37.7827146],[125.9195875,37.7823412],[125.9191204,37.7819102],[125.9185631,37.7815074],[125.9180801,37.781143],[125.9176281,37.7808038],[125.9171311,37.7805119],[125.9164233,37.780361],[125.9161087,37.7803483],[125.9149638,37.7802673],[125.9143327,37.7803042],[125.9137,37.78043],[125.9131855,37.7807175],[125.9131012,37.7808896],[125.912678,37.7811185],[125.9122932,37.7811073],[125.9121557,37.7811081],[125.9120545,37.7809502],[125.911559,37.7804691],[125.9115083,37.7800884],[125.9111121,37.7796792],[125.9110015,37.7795974],[125.9108502,37.7793232],[125.91057,37.7791],[125.910087,37.7788663],[125.9099071,37.7785564],[125.9092651,37.7784337],[125.9087599,37.77811],[125.908705,37.777611],[125.9082461,37.7771928],[125.9077943,37.7768499],[125.9072003,37.77649],[125.9067307,37.7762345],[125.9064005,37.775975],[125.9058556,37.7756887],[125.9054199,37.7755099],[125.9048946,37.7753118],[125.9045477,37.7751454],[125.9042796,37.7749955],[125.9038847,37.7749281],[125.9033274,37.7746696],[125.903297,37.7748437],[125.9027878,37.774695],[125.9027898,37.774479],[125.9014901,37.77431],[125.9011836,37.774305],[125.9004917,37.7743266],[125.9000975,37.7743711],[125.8998579,37.7744933],[125.8996806,37.7745765],[125.899279,37.7748087],[125.8990784,37.7750443],[125.8988402,37.7752433],[125.8988602,37.7753407],[125.8988023,37.7753995],[125.8986655,37.7755999],[125.8986565,37.7757486],[125.898721,37.7760587],[125.8987644,37.7764182],[125.8989241,37.7764953],[125.8989025,37.776735],[125.8988401,37.7768201],[125.8985399,37.7776001],[125.8985058,37.7782824],[125.8983179,37.778691],[125.898338,37.7790358],[125.8984949,37.7793146],[125.8979756,37.7792567],[125.8974654,37.7794974],[125.8971601,37.7792999],[125.8968301,37.7791799],[125.896367,37.7789459],[125.896376,37.7787841],[125.8960426,37.7786084],[125.8955524,37.7786416],[125.8952717,37.7784536],[125.8950603,37.7782643],[125.89499,37.7779401],[125.8947401,37.7775025],[125.8945862,37.7772012],[125.8941024,37.7768977],[125.8938639,37.7764201],[125.8939202,37.7762674],[125.8934021,37.7756246],[125.8932798,37.775101],[125.8929002,37.7746422],[125.8927777,37.7743511],[125.892222,37.7738978],[125.8916906,37.7736996],[125.8913111,37.7734442],[125.89076,37.7730401],[125.8904201,37.7728916],[125.8899319,37.7727354],[125.8896561,37.7725676],[125.88912,37.77231],[125.8887181,37.7722162],[125.888611,37.7721912],[125.8881138,37.7720752],[125.8876985,37.7720908],[125.8875001,37.77222],[125.8872536,37.772466],[125.8873228,37.7726535],[125.8873519,37.7728024],[125.8871943,37.7729896],[125.8870657,37.7730521],[125.8866984,37.7730306],[125.8865219,37.7732866],[125.8863143,37.7734194],[125.8860324,37.7731551],[125.8861759,37.7730834],[125.8861957,37.7729818],[125.8859485,37.7727786],[125.8861462,37.7727317],[125.8861824,37.7723125],[125.8865299,37.7721903],[125.8868779,37.7721221],[125.8874558,37.7715602],[125.8880044,37.7711201],[125.8885172,37.7705962],[125.8887584,37.7701878],[125.888723,37.7701429],[125.8886637,37.7700677],[125.8883974,37.7694792],[125.8884284,37.7693326],[125.8885936,37.7690102],[125.8885552,37.768661],[125.8888707,37.7683264],[125.8892801,37.7680699],[125.8893243,37.767899],[125.8896337,37.7676512],[125.8897844,37.7673794]],[[126.04808,37.78782],[126.0481292,37.7872336],[126.04878,37.78656],[126.0488001,37.7860501],[126.0485118,37.7858766],[126.0487069,37.7856451],[126.049046,37.7858722],[126.0493099,37.7861308],[126.0493062,37.7865536],[126.04941,37.7868301],[126.0498364,37.7870545],[126.0500537,37.7874307],[126.0502295,37.7879694],[126.0498776,37.7882024],[126.0497719,37.7886586],[126.0498914,37.7891179],[126.0502679,37.7895259],[126.0504263,37.7898044],[126.0497313,37.7899692],[126.0495118,37.7902391],[126.0494917,37.7905348],[126.0491622,37.7905796],[126.0488824,37.7903942],[126.0488155,37.7897844],[126.0486754,37.7896564],[126.0482876,37.789542],[126.04787,37.7889699],[126.0474143,37.7890055],[126.0471894,37.7888815],[126.0473999,37.78858],[126.04757,37.78845],[126.04775,37.78833],[126.04808,37.78782]],[[125.9270801,37.7914001],[125.9267501,37.79115],[125.9264101,37.79103],[125.9264001,37.79077],[125.92672,37.7906399],[125.92736,37.79036],[125.92768,37.79036],[125.9283299,37.79047],[125.9281901,37.79099],[125.92804,37.79125],[125.9274001,37.7913901],[125.9270801,37.7914001]],[[125.93462,37.79391],[125.9336499,37.7940601],[125.9333299,37.7940701],[125.93301,37.7939501],[125.9329701,37.7931801],[125.93361,37.79303],[125.93393,37.79302],[125.93459,37.79314],[125.93461,37.7933901],[125.93427,37.7934001],[125.93428,37.79366],[125.93461,37.7936499],[125.93462,37.79391]],[[125.7684499,37.7983199],[125.7687701,37.7983099],[125.76893,37.7981801],[125.7690801,37.7980501],[125.7694814,37.7976582],[125.77069,37.7976201],[125.7712281,37.797984],[125.77136,37.79825],[125.7715301,37.79837],[125.77169,37.7985001],[125.7726699,37.7987301],[125.7736501,37.7989601],[125.77382,37.7990999],[125.77416,37.7996],[125.7743301,37.7997201],[125.77449,37.7998401],[125.7745,37.8000999],[125.77452,37.8006101],[125.77469,37.8007401],[125.77485,37.8008599],[125.7750099,37.8009899],[125.77519,37.80111],[125.7752101,37.8016201],[125.7752299,37.8023901],[125.77559,37.8034101],[125.77594,37.80392],[125.77595,37.8041801],[125.77582,37.8049501],[125.77517,37.8050899],[125.7748601,37.80536],[125.7742199,37.80549],[125.77408,37.80602],[125.7737701,37.8065399],[125.77347,37.8070601],[125.77317,37.8078401],[125.77304,37.80861],[125.77239,37.8086201],[125.7725599,37.8088799],[125.7729099,37.80938],[125.77292,37.8096399],[125.77293,37.8099],[125.7730901,37.81002],[125.77326,37.81015],[125.7734301,37.81027],[125.77407,37.81025],[125.77504,37.8100999],[125.7748999,37.8106201],[125.7747501,37.81114],[125.7741099,37.8112801],[125.7737999,37.8115399],[125.77348,37.81168],[125.7733399,37.8121901],[125.77319,37.81271],[125.77351,37.81258],[125.77383,37.8124399],[125.7740199,37.8132199],[125.77403,37.81347],[125.7738801,37.8137301],[125.7745301,37.81371],[125.7745401,37.8139701],[125.7748601,37.8139601],[125.7748899,37.8147301],[125.7745599,37.81461],[125.7739099,37.8146201],[125.77326,37.8147699],[125.7733,37.8155499],[125.7729701,37.8155499],[125.77296,37.81503],[125.7723101,37.81505],[125.7721099,37.81402],[125.77193,37.8135201],[125.77258,37.8135],[125.77239,37.81325],[125.7722299,37.8129899],[125.77159,37.81301],[125.77139,37.8119899],[125.77105,37.8117401],[125.77072,37.81149],[125.77039,37.81124],[125.7702199,37.8109899],[125.7698999,37.81112],[125.7695699,37.81113],[125.76925,37.81114],[125.76893,37.81115],[125.7666599,37.8111999],[125.76569,37.8112199],[125.7637501,37.81127],[125.7631099,37.8114101],[125.7632101,37.8098601],[125.76336,37.8097401],[125.7635301,37.8096],[125.7636799,37.80934],[125.76303,37.80936],[125.7631901,37.8090999],[125.7633399,37.8089701],[125.7635,37.80883],[125.76381,37.8083099],[125.76396,37.8081801],[125.7641199,37.80805],[125.76428,37.80792],[125.76491,37.8076399],[125.7655599,37.8076301],[125.76572,37.8077499],[125.7658899,37.8078799],[125.7665401,37.8079899],[125.76669,37.80748],[125.7669901,37.8069601],[125.7669801,37.8067],[125.7666501,37.80645],[125.76647,37.80594],[125.76582,37.80583],[125.76548,37.80558],[125.7641901,37.8056101],[125.7638701,37.8056101],[125.7635401,37.8056201],[125.7632299,37.8056301],[125.7628999,37.8056499],[125.7625699,37.8056499],[125.76192,37.8054001],[125.76126,37.8052901],[125.7609992,37.8048444],[125.76059,37.8045399],[125.7604101,37.80403],[125.7602138,37.8039942],[125.7600347,37.8038899],[125.7597289,37.8036992],[125.75925,37.8032801],[125.7592299,37.8027699],[125.75826,37.80279],[125.7582299,37.80202],[125.75791,37.80216],[125.75759,37.8023001],[125.75773,37.80178],[125.7578899,37.8016499],[125.75805,37.8015101],[125.7583399,37.8007401],[125.7585,37.8006],[125.7597799,37.8003199],[125.76074,37.8002999],[125.7610801,37.8002901],[125.7626799,37.7999899],[125.7636501,37.79971],[125.76428,37.79944],[125.7662101,37.79914],[125.76717,37.7988599],[125.7673299,37.7987301],[125.76749,37.7986],[125.7676401,37.79846],[125.7678,37.79833],[125.7684499,37.7983199]],[[126.1953542,37.8173416],[126.1951788,37.817276],[126.1950607,37.8171173],[126.1949427,37.8170493],[126.1943686,37.8170039],[126.1941453,37.8169636],[126.1940113,37.8168653],[126.1939348,37.8167393],[126.1939475,37.816631],[126.1940624,37.8165629],[126.1943845,37.8165629],[126.1951501,37.8167343],[126.1954212,37.8168275],[126.1955902,37.8169837],[126.1956317,37.8171173],[126.1956413,37.8172357],[126.1955902,37.8173164],[126.1953542,37.8173416]],[[125.80071,37.9836],[125.7984301,37.9835299],[125.7974599,37.9834199],[125.79761,37.9831601],[125.7977701,37.98303],[125.79809,37.98302],[125.79874,37.98313],[125.79876,37.9833901],[125.8006999,37.98335],[125.80071,37.9836]],[[125.8019099,37.98392],[125.8013599,37.9838401],[125.8013599,37.98359],[125.8020001,37.98357],[125.8021201,37.9837401],[125.8023301,37.98369],[125.80298,37.98355],[125.80309,37.98371],[125.80363,37.98379],[125.80364,37.9840501],[125.8030001,37.9840601],[125.8028801,37.9839],[125.8026701,37.9839401],[125.8020199,37.9840899],[125.8019099,37.98392]],[[126.5651976,37.5571645],[126.565293,37.5571345],[126.5654501,37.55708],[126.5655227,37.5570494],[126.5655189,37.5569584],[126.5656526,37.5569569],[126.5656815,37.5570604],[126.5657435,37.5571608],[126.5657544,37.5572384],[126.5657991,37.5573136],[126.5657776,37.5574242],[126.5657022,37.5575699],[126.5656275,37.5576501],[126.565507,37.5576877],[126.5654357,37.557718],[126.5653253,37.5576385],[126.5652485,37.5575816],[126.565167,37.5575434],[126.565144,37.5574295],[126.5651554,37.5573026],[126.5651361,37.5572442],[126.5651976,37.5571645]],[[126.5606281,37.5758419],[126.5600864,37.5762888],[126.5596601,37.5764901],[126.5591665,37.576432],[126.5586348,37.5770498],[126.5581069,37.577423],[126.5577476,37.5777821],[126.557547,37.5780858],[126.5568889,37.5787468],[126.5563343,37.5789462],[126.5557181,37.5789777],[126.5556085,37.5788232],[126.5557133,37.5783642],[126.5559105,37.5778611],[126.555903,37.5773759],[126.5556941,37.57674],[126.5554646,37.5766503],[126.5551983,37.5765041],[126.555178,37.5763312],[126.5553765,37.5761892],[126.5555456,37.5759641],[126.5553401,37.5755001],[126.5555,37.5753801],[126.5558961,37.5751564],[126.5562847,37.5750998],[126.556568,37.5750344],[126.5577953,37.5738443],[126.5583864,37.5734245],[126.55831,37.5732601],[126.558412,37.5730954],[126.5585224,37.5729542],[126.5593466,37.5728206],[126.5597801,37.57264],[126.5614341,37.5717498],[126.5634726,37.5712425],[126.5639774,37.571118],[126.5642159,37.5709964],[126.5646969,37.5709687],[126.5650059,37.5713076],[126.5652529,37.5713716],[126.565471,37.5711808],[126.5664684,37.5711544],[126.5665003,37.5712492],[126.5669492,37.5712786],[126.5688142,37.5711023],[126.5687146,37.570893],[126.5687491,37.5706686],[126.5690182,37.5703438],[126.5692169,37.5701672],[126.5693421,37.5701108],[126.5694923,37.5701448],[126.5697042,37.5702745],[126.5700457,37.5704372],[126.570149,37.5705839],[126.5704118,37.5711099],[126.5702997,37.5713057],[126.5702315,37.5714625],[126.5702721,37.571601],[126.5704104,37.5717332],[126.5706086,37.571831],[126.5711725,37.5721193],[126.571249,37.5722211],[126.571257,37.5723954],[126.5712061,37.5725208],[126.5709969,37.5725931],[126.5707916,37.5726189],[126.5705315,37.5727171],[126.5701999,37.5728788],[126.5697263,37.5732824],[126.5695526,37.5733867],[126.5693866,37.573411],[126.5692128,37.573409],[126.5689294,37.5731466],[126.5685752,37.5729902],[126.5682794,37.5729853],[126.56816,37.5730699],[126.56784,37.5730599],[126.56719,37.5731185],[126.5668169,37.5732706],[126.5664869,37.5738528],[126.5660336,37.5738977],[126.5656543,37.5740794],[126.5652874,37.5742266],[126.5650621,37.5744719],[126.5647445,37.5752005],[126.5646447,37.5753167],[126.5644141,37.5753781],[126.5642369,37.5752949],[126.5639335,37.5752311],[126.5637339,37.5750816],[126.5622542,37.5753393],[126.5620127,37.5750842],[126.5616485,37.5751865],[126.5614146,37.5754873],[126.561042,37.5756536],[126.5606281,37.5758419]],[[126.5541749,37.5776009],[126.554018,37.5776296],[126.5537985,37.5775615],[126.5536731,37.577419],[126.5538614,37.577146],[126.5540741,37.5769769],[126.5543343,37.5768238],[126.5544287,37.5768968],[126.5544209,37.5770428],[126.5543539,37.5772142],[126.5542463,37.5773733],[126.5541749,37.5776009]],[[126.5275209,37.5894968],[126.5275124,37.5894107],[126.5276132,37.5893414],[126.527852,37.589352],[126.5284468,37.5895007],[126.5285893,37.5895922],[126.5288912,37.589709],[126.5291234,37.589849],[126.5293689,37.5900967],[126.5294066,37.5902421],[126.5293499,37.59037],[126.52918,37.5904333],[126.529099,37.5903922],[126.5289284,37.5904683],[126.5287943,37.5904291],[126.5284081,37.5904156],[126.5282362,37.5903436],[126.5278848,37.5903698],[126.5275984,37.5903123],[126.5275374,37.5903645],[126.5274137,37.5902494],[126.5274201,37.5900699],[126.5274056,37.5897555],[126.5274643,37.5896795],[126.5275209,37.5894968]],[[126.5484019,37.592667],[126.548697,37.5925947],[126.549507,37.5923227],[126.5496465,37.5922802],[126.5497377,37.5923099],[126.5497423,37.5925169],[126.5495648,37.5928913],[126.5494293,37.5930627],[126.5493851,37.5931953],[126.5492797,37.5932511],[126.5490715,37.5932625],[126.5487019,37.593176],[126.5486165,37.5930893],[126.548588,37.5929154],[126.5484994,37.5928633],[126.5482313,37.5928377],[126.5480578,37.5928994],[126.5479084,37.5930155],[126.5478172,37.5930623],[126.5476992,37.593024],[126.5476026,37.592922],[126.5476026,37.592752],[126.547785,37.5926117],[126.5479513,37.592514],[126.5480318,37.5925267],[126.5481766,37.5926542],[126.5484019,37.592667]],[[126.547836,37.6029538],[126.5476231,37.6027224],[126.5474362,37.6025698],[126.5474063,37.6024112],[126.5474203,37.602136],[126.5475797,37.6018476],[126.547596,37.601647],[126.5479288,37.6013785],[126.5477747,37.6011051],[126.5477563,37.600861],[126.5476946,37.600612],[126.5479534,37.6000164],[126.5482575,37.5999192],[126.5484463,37.5998052],[126.548706,37.5997715],[126.5490145,37.5995522],[126.5494302,37.5988234],[126.5493914,37.5985324],[126.548855,37.5982164],[126.5495629,37.5973002],[126.5497711,37.5965016],[126.550002,37.5965959],[126.5502385,37.5967838],[126.5503042,37.5973261],[126.5501272,37.5977892],[126.5501965,37.5981981],[126.5505009,37.5986657],[126.5502838,37.59909],[126.5499893,37.5994011],[126.5496051,37.5996369],[126.5494056,37.5998177],[126.5492692,37.6001078],[126.5492674,37.6007828],[126.5493371,37.6016415],[126.5491364,37.602248],[126.5487255,37.6031412],[126.5486744,37.603219],[126.5484895,37.6034045],[126.5484156,37.6037121],[126.5482616,37.6038],[126.5481198,37.603717],[126.5480415,37.6035855],[126.5479855,37.6034401],[126.5479722,37.6031662],[126.547836,37.6029538]],[[126.2707213,37.6205277],[126.270453,37.6205192],[126.2702063,37.6202898],[126.2700561,37.6200519],[126.2701419,37.6198734],[126.27025,37.61959],[126.2706783,37.6194485],[126.2710109,37.619253],[126.2712041,37.6192785],[126.2712148,37.61944],[126.2711397,37.6196015],[126.2714401,37.6197969],[126.2712899,37.6199839],[126.270968,37.6202643],[126.2707213,37.6205277]],[[126.26092,37.6232199],[126.26092,37.62348],[126.2607399,37.6237301],[126.26009,37.62372],[126.2601,37.62346],[126.26042,37.62347],[126.26044,37.6229501],[126.26076,37.6230899],[126.26092,37.6232199]],[[126.2706299,37.65349],[126.2706001,37.65426],[126.2696201,37.65437],[126.2689699,37.65448],[126.2688301,37.65396],[126.2687101,37.65293],[126.26935,37.65282],[126.26968,37.65283],[126.2698401,37.65296],[126.26999,37.6530901],[126.2703099,37.6532299],[126.2702999,37.65349],[126.2706299,37.65349]],[[126.5392025,37.6609827],[126.5392253,37.6609432],[126.539298,37.660788],[126.539324,37.6607286],[126.5395966,37.6602232],[126.5399446,37.6600761],[126.540248,37.660018],[126.5406003,37.6600258],[126.5408635,37.6601906],[126.5408636,37.6602782],[126.5406661,37.6606801],[126.5402469,37.6611242],[126.5397601,37.6613399],[126.5394401,37.6613399],[126.539204,37.6612017],[126.5392025,37.6609827]],[[126.5406501,37.6622435],[126.5406357,37.6618906],[126.5407537,37.6617797],[126.5410484,37.6617159],[126.5413209,37.6617804],[126.5412866,37.6616534],[126.5416564,37.6615017],[126.5418079,37.6615119],[126.5418838,37.6618206],[126.5418368,37.6619382],[126.5416442,37.6619452],[126.54184,37.6620982],[126.5418511,37.6622377],[126.5416599,37.6622316],[126.5418254,37.6624161],[126.541641,37.6627174],[126.5413228,37.6626897],[126.5414737,37.662815],[126.5413552,37.6628446],[126.5410857,37.6627144],[126.5408637,37.6625857],[126.5406501,37.6622435]],[[126.3014399,37.6767999],[126.30079,37.6766601],[126.29983,37.67651],[126.2997,37.67573],[126.29972,37.6752201],[126.3000601,37.67471],[126.30024,37.6742101],[126.3012099,37.6742299],[126.30102,37.6749901],[126.3008501,37.6752499],[126.30149,37.67526],[126.3013199,37.67551],[126.30115,37.6757701],[126.30147,37.6757701],[126.30145,37.67629],[126.30178,37.6763],[126.30161,37.6765501],[126.3014399,37.6767999]],[[126.3089701,37.6787701],[126.30879,37.6790199],[126.30814,37.6790099],[126.3079999,37.67849],[126.30801,37.6782299],[126.3081901,37.67773],[126.30883,37.67774],[126.30881,37.67851],[126.30913,37.67852],[126.3089701,37.6787701]],[[126.3695601,37.69195],[126.36973,37.69183],[126.3698901,37.6916999],[126.37006,37.6915799],[126.37071,37.6914599],[126.37073,37.69095],[126.3723499,37.69086],[126.37364,37.6908901],[126.37396,37.6908901],[126.37461,37.6909099],[126.37476,37.69104],[126.37474,37.6918099],[126.37473,37.69206],[126.37472,37.69232],[126.37439,37.6925699],[126.37421,37.69308],[126.3735601,37.6932],[126.3729001,37.6934401],[126.3725701,37.6936899],[126.3722399,37.69394],[126.36998,37.6938901],[126.3690101,37.69374],[126.36905,37.69271],[126.3693699,37.69272],[126.3695601,37.69195]],[[126.3779199,37.6839199],[126.3779001,37.6844301],[126.3779001,37.6846899],[126.3775501,37.68571],[126.3772,37.6862201],[126.37685,37.68672],[126.37651,37.6872301],[126.37618,37.6874799],[126.37585,37.68773],[126.37552,37.68798],[126.3753401,37.68849],[126.3740399,37.6885799],[126.37307,37.68882],[126.37273,37.68907],[126.37208,37.68931],[126.37176,37.68931],[126.3704574,37.6893663],[126.3698099,37.68952],[126.3692322,37.6896995],[126.3691399,37.69015],[126.36849,37.6902599],[126.36784,37.6905],[126.3675816,37.6907064],[126.3673301,37.6911299],[126.36698,37.6918901],[126.36695,37.6926601],[126.36708,37.6936899],[126.36772,37.69371],[126.3675501,37.69397],[126.3672201,37.69421],[126.36705,37.6944599],[126.3664,37.6945799],[126.3647701,37.6947999],[126.3637999,37.6949099],[126.36362,37.69541],[126.3634401,37.6959199],[126.3631201,37.6957901],[126.3628099,37.69552],[126.36217,37.69538],[126.36219,37.69487],[126.3615401,37.6949901],[126.3612101,37.6949901],[126.3608999,37.69471],[126.36059,37.6944501],[126.36027,37.69431],[126.36031,37.6930299],[126.3599901,37.6930199],[126.3597999,37.6937901],[126.35964,37.6940399],[126.35931,37.6939099],[126.3583401,37.6938801],[126.3578848,37.6941581],[126.3575586,37.694299],[126.3573151,37.6945877],[126.35749,37.6950199],[126.35749,37.69528],[126.35715,37.69553],[126.3569801,37.6957801],[126.35571,37.69562],[126.35537,37.69561],[126.35375,37.69584],[126.3531001,37.69582],[126.3524599,37.6958099],[126.35149,37.6957801],[126.35084,37.6957701],[126.3492201,37.6959901],[126.3485599,37.6962301],[126.34759,37.6964699],[126.34628,37.6966899],[126.34594,37.69694],[126.3446501,37.69717],[126.34336,37.6971399],[126.34304,37.6970101],[126.34286,37.69752],[126.3426899,37.6977701],[126.34173,37.6978801],[126.34139,37.6981201],[126.34073,37.6983699],[126.34008,37.69861],[126.3394201,37.69885],[126.3387701,37.69909],[126.3384399,37.69921],[126.33826,37.69972],[126.3380901,37.69998],[126.3371199,37.69996],[126.3371001,37.7004699],[126.3364499,37.7005799],[126.3361199,37.70083],[126.33514,37.70094],[126.33496,37.7014501],[126.33463,37.7016999],[126.33429,37.7022],[126.33396,37.7024501],[126.33363,37.7026899],[126.3334599,37.70295],[126.33281,37.70307],[126.33248,37.70319],[126.3323001,37.7036999],[126.33213,37.70395],[126.33181,37.7038199],[126.33149,37.7036801],[126.3313101,37.70419],[126.3309801,37.7044401],[126.3306501,37.7046899],[126.3303001,37.70519],[126.33013,37.7054501],[126.3295,37.70543],[126.32947,37.70595],[126.32882,37.7059299],[126.32881,37.7064401],[126.32816,37.70643],[126.3279801,37.70694],[126.3276501,37.70719],[126.32748,37.70744],[126.32683,37.70755],[126.32649,37.7078001],[126.32584,37.70805],[126.32518,37.70829],[126.3245301,37.70853],[126.3242001,37.7087801],[126.3235401,37.7090201],[126.3232099,37.7092699],[126.3225499,37.70951],[126.3222199,37.70976],[126.32157,37.7100001],[126.32091,37.7102401],[126.32058,37.7103699],[126.3204,37.71088],[126.3200701,37.7111301],[126.31973,37.7113699],[126.3194,37.71188],[126.31906,37.71239],[126.31871,37.71264],[126.31871,37.7129001],[126.3187,37.7131499],[126.3183199,37.7149399],[126.3183001,37.7154501],[126.31829,37.71596],[126.31794,37.7164701],[126.31793,37.71673],[126.31792,37.71698],[126.31791,37.7172401],[126.3179,37.7175],[126.3178799,37.7180101],[126.3178501,37.7190399],[126.3178501,37.71929],[126.31783,37.71955],[126.3177699,37.7197199],[126.3179801,37.7198099],[126.3180701,37.72187],[126.31806,37.7221201],[126.31802,37.7231499],[126.3183101,37.72418],[126.31827,37.72521],[126.31826,37.7254701],[126.3185399,37.72676],[126.3185201,37.7272699],[126.31849,37.7280399],[126.3187699,37.72933],[126.3187601,37.7295901],[126.3187501,37.72984],[126.31904,37.73062],[126.3193299,37.73165],[126.3193199,37.7319101],[126.3193101,37.73242],[126.31961,37.7329399],[126.3196,37.7334601],[126.31957,37.73397],[126.31973,37.7341],[126.3198899,37.73423],[126.32016,37.73552],[126.32046,37.7360499],[126.3207699,37.7365701],[126.32093,37.7367001],[126.3210801,37.7368299],[126.3210701,37.73709],[126.3210701,37.73734],[126.3212099,37.73786],[126.3218501,37.738],[126.3220099,37.7381301],[126.32213,37.7391599],[126.3227799,37.73918],[126.32291,37.7399499],[126.32307,37.74008],[126.32371,37.74023],[126.32384,37.741],[126.3239999,37.7411301],[126.32416,37.7412601],[126.3243201,37.7413999],[126.32496,37.74154],[126.32493,37.74231],[126.32557,37.74244],[126.3262101,37.7425999],[126.32635,37.74311],[126.32651,37.7432401],[126.32715,37.7435099],[126.3273001,37.74365],[126.32746,37.74378],[126.32762,37.7439101],[126.3277799,37.7440401],[126.32793,37.7441799],[126.3280901,37.74431],[126.3284101,37.74431],[126.32874,37.74432],[126.3288899,37.74445],[126.3292101,37.74497],[126.3291901,37.74523],[126.32918,37.7454899],[126.3293399,37.7456199],[126.3295,37.74575],[126.3296501,37.74588],[126.32981,37.7460201],[126.3299701,37.7461501],[126.3301199,37.7462799],[126.3301001,37.74679],[126.32992,37.7470499],[126.32961,37.7470401],[126.32959,37.74754],[126.32991,37.74756],[126.3298999,37.7480699],[126.32925,37.74819],[126.32892,37.74831],[126.32873,37.7490699],[126.3285499,37.7495901],[126.32791,37.74943],[126.32759,37.7493],[126.3275699,37.7498201],[126.3266,37.7499201],[126.32594,37.7500401],[126.32593,37.75055],[126.32495,37.75066],[126.3243001,37.75077],[126.3241199,37.7512799],[126.3237899,37.75153],[126.32362,37.75178],[126.3229701,37.75176],[126.32295,37.7522799],[126.3223001,37.7523899],[126.3219801,37.7523899],[126.3213299,37.7523701],[126.32004,37.75234],[126.31972,37.75233],[126.3190701,37.75232],[126.3180999,37.7523],[126.3174499,37.7522799],[126.31714,37.75202],[126.3158601,37.7517299],[126.3155399,37.7514701],[126.31523,37.7512],[126.31459,37.7509301],[126.31395,37.75079],[126.3139701,37.7502799],[126.3129999,37.7502601],[126.31302,37.74974],[126.31237,37.7497199],[126.31223,37.74921],[126.3120801,37.7489499],[126.3117501,37.7490699],[126.3114299,37.7490599],[126.3111099,37.7488001],[126.31047,37.74866],[126.31049,37.7481401],[126.3095101,37.7482501],[126.3091901,37.74824],[126.3085499,37.74797],[126.30792,37.7477001],[126.30728,37.74743],[126.3066401,37.7471599],[126.3063299,37.74689],[126.30569,37.7466199],[126.3044101,37.74634],[126.3037699,37.7460599],[126.30345,37.7460599],[126.30312,37.7461799],[126.30313,37.74566],[126.3018401,37.74576],[126.3008699,37.74574],[126.29959,37.74545],[126.2986301,37.74543],[126.2979701,37.74542],[126.29701,37.7453999],[126.29572,37.7453701],[126.2953901,37.7453701],[126.2944199,37.74534],[126.29412,37.7450599],[126.29378,37.7450599],[126.29346,37.7450599],[126.29315,37.74479],[126.2918599,37.7445099],[126.29155,37.7442401],[126.29124,37.74398],[126.29092,37.7437101],[126.2899601,37.74344],[126.2896499,37.7431699],[126.28933,37.7430401],[126.28935,37.74252],[126.28902,37.74264],[126.28869,37.74276],[126.28871,37.7422501],[126.2880701,37.7422401],[126.28824,37.74198],[126.28857,37.7414801],[126.28877,37.7407099],[126.2897499,37.7407299],[126.28959,37.74022],[126.2892901,37.7397001],[126.289,37.73867],[126.28902,37.73841],[126.28905,37.7373799],[126.2890799,37.7366099],[126.2890999,37.7361],[126.28882,37.7348101],[126.2885399,37.73352],[126.28835,37.7299201],[126.2880799,37.72863],[126.28792,37.7283699],[126.2872801,37.7283501],[126.2873682,37.7281004],[126.28746,37.72784],[126.2876301,37.7277199],[126.28779,37.7275899],[126.2878,37.72734],[126.28782,37.7268199],[126.2881701,37.72606],[126.28834,37.7259399],[126.2885001,37.7258101],[126.2885101,37.72555],[126.28855,37.72453],[126.2886201,37.7224799],[126.28835,37.7212],[126.28803,37.7209199],[126.2877499,37.71989],[126.28779,37.71887],[126.2878,37.7185999],[126.2878301,37.7175801],[126.2878401,37.71732],[126.28758,37.71552],[126.28759,37.7152599],[126.2876101,37.71475],[126.2873099,37.7142301],[126.287,37.7137099],[126.28671,37.7129299],[126.28645,37.7125],[126.28545,37.71188],[126.28467,37.71121],[126.28436,37.71095],[126.28404,37.7106801],[126.2837301,37.71041],[126.2834199,37.7101599],[126.2831,37.7098901],[126.28279,37.70963],[126.28247,37.7094899],[126.28237,37.70932],[126.2821601,37.7091101],[126.2815199,37.70895],[126.28134,37.7094699],[126.2811601,37.70997],[126.2801999,37.70984],[126.27988,37.7095601],[126.27859,37.70953],[126.2779401,37.70977],[126.2772801,37.7100201],[126.2766299,37.7101301],[126.27645,37.71064],[126.2761,37.7114],[126.27593,37.71165],[126.2749501,37.71176],[126.27366,37.71172],[126.27334,37.71172],[126.2717201,37.7116801],[126.2714099,37.71142],[126.27111,37.7111599],[126.27078,37.7108901],[126.2695101,37.71061],[126.2688599,37.7104601],[126.26903,37.71021],[126.2691999,37.71008],[126.26935,37.70996],[126.2695299,37.70984],[126.26969,37.7097099],[126.2698599,37.7095899],[126.27003,37.7094601],[126.27037,37.70895],[126.27054,37.70883],[126.2711899,37.7085899],[126.27136,37.7084699],[126.2715199,37.7083401],[126.27168,37.7082201],[126.2718599,37.70808],[126.27315,37.70799],[126.27333,37.7074799],[126.2735001,37.7073501],[126.27415,37.7071201],[126.27432,37.70699],[126.27466,37.7064899],[126.2748301,37.7063599],[126.27548,37.7061201],[126.27613,37.7060101],[126.2763099,37.7055],[126.27648,37.7053699],[126.2766499,37.7052499],[126.27699,37.70473],[126.27715,37.70462],[126.27732,37.7045],[126.2775199,37.70373],[126.2781601,37.70362],[126.27881,37.70363],[126.27913,37.70364],[126.2792999,37.70351],[126.27946,37.70339],[126.28044,37.70329],[126.2802901,37.70277],[126.2802999,37.70251],[126.28047,37.70238],[126.28111,37.7024],[126.2813199,37.7024401],[126.28145,37.70228],[126.28177,37.70229],[126.2817599,37.70254],[126.2815399,37.70263],[126.2814199,37.7027901],[126.2820701,37.7028099],[126.28225,37.7023],[126.2824199,37.70217],[126.2830701,37.7019299],[126.28324,37.7018099],[126.28359,37.7010399],[126.2837499,37.7009199],[126.2844099,37.7006801],[126.2850601,37.7005601],[126.28524,37.70006],[126.28558,37.6995501],[126.2857499,37.69942],[126.28591,37.6993],[126.2860799,37.69918],[126.28624,37.69905],[126.28626,37.69854],[126.2863199,37.6970001],[126.28649,37.6968801],[126.2866499,37.69675],[126.28682,37.69662],[126.2869899,37.6965],[126.28715,37.69638],[126.2873199,37.6962499],[126.28766,37.69575],[126.2878301,37.69562],[126.28848,37.69538],[126.28913,37.69528],[126.28915,37.69475],[126.2898,37.6947701],[126.28981,37.6942599],[126.29013,37.69439],[126.29078,37.69439],[126.2917599,37.69417],[126.29192,37.69405],[126.29227,37.69328],[126.29244,37.69316],[126.2926101,37.6930299],[126.2927699,37.6929099],[126.29294,37.6927901],[126.2930999,37.6926601],[126.2934299,37.6926701],[126.2937499,37.6926701],[126.29392,37.6925501],[126.2940801,37.69243],[126.2947401,37.69218],[126.2949,37.69206],[126.2950801,37.6915501],[126.2967,37.6915899],[126.29672,37.69107],[126.29769,37.69097],[126.29834,37.69085],[126.29836,37.6903401],[126.2993299,37.6902301],[126.29949,37.6901101],[126.29967,37.6899901],[126.29983,37.68986],[126.3,37.68973],[126.3012901,37.68964],[126.3013099,37.6891299],[126.3019601,37.6890199],[126.30261,37.6889001],[126.3026301,37.68838],[126.3029501,37.68852],[126.3036,37.68853],[126.30425,37.68829],[126.30523,37.68806],[126.3058799,37.68782],[126.3065399,37.6875699],[126.3075,37.6874699],[126.30737,37.6872101],[126.3072199,37.68695],[126.3078501,37.68696],[126.3078799,37.68619],[126.3081999,37.6863301],[126.30836,37.6864599],[126.3085,37.68698],[126.30883,37.68686],[126.3098,37.68662],[126.31046,37.68651],[126.3106301,37.6860001],[126.3109799,37.68549],[126.31114,37.68538],[126.3113101,37.6852399],[126.31147,37.6851201],[126.3116401,37.6850001],[126.31181,37.68487],[126.3124499,37.68463],[126.3126301,37.68449],[126.31279,37.68438],[126.3134399,37.68439],[126.3140801,37.6846701],[126.31472,37.6846799],[126.3148899,37.6845601],[126.31505,37.6844301],[126.31523,37.68431],[126.31539,37.68418],[126.3155499,37.68405],[126.31572,37.68393],[126.3158799,37.6838099],[126.31605,37.6836799],[126.3162199,37.6835601],[126.31638,37.6834301],[126.3165499,37.68331],[126.31672,37.68318],[126.317259,37.6828727],[126.3174178,37.6827449],[126.3175664,37.6825819],[126.3177885,37.6823612],[126.3182099,37.68206],[126.31838,37.68194],[126.3190502,37.6815838],[126.31938,37.68106],[126.3199616,37.6808591],[126.3203908,37.6805823],[126.320564,37.6805496],[126.3207829,37.6804159],[126.3203843,37.6798792],[126.319938,37.6793065],[126.32027,37.6787701],[126.3203731,37.6786178],[126.3205013,37.678479],[126.3207979,37.6780294],[126.32129,37.6772499],[126.32146,37.6771299],[126.3215146,37.6769858],[126.3215919,37.6768138],[126.3216847,37.6767043],[126.3218059,37.6764835],[126.3219701,37.6762399],[126.3223101,37.67574],[126.322382,37.6756118],[126.3225188,37.6754654],[126.3229999,37.67472],[126.3230719,37.6745325],[126.3231969,37.6743725],[126.3235365,37.6739487],[126.32368,37.67371],[126.32369,37.6734599],[126.3238601,37.6733301],[126.32402,37.6732101],[126.3240906,37.6730218],[126.3242397,37.6729114],[126.3243883,37.6727802],[126.3245219,37.6726236],[126.3247252,37.6724974],[126.3248601,37.6723301],[126.3250801,37.6721299],[126.3252001,37.67195],[126.3258029,37.6717234],[126.326017,37.6714695],[126.3261661,37.6713829],[126.3263179,37.6712703],[126.3265357,37.6711969],[126.3265143,37.6711039],[126.3265301,37.67095],[126.32718,37.67084],[126.3273205,37.6707519],[126.3274412,37.6706614],[126.3276129,37.6706079],[126.3277207,37.6705209],[126.32783,37.6704699],[126.3280243,37.6702474],[126.32817,37.6702201],[126.3284047,37.6700619],[126.328417,37.6697804],[126.3283371,37.6694194],[126.3281099,37.66739],[126.32783,37.6661001],[126.32785,37.66559],[126.3278092,37.6651502],[126.3277191,37.6647663],[126.3276338,37.6645081],[126.3275061,37.6640406],[126.3273779,37.6634049],[126.3273795,37.6630516],[126.3272653,37.6627239],[126.3273329,37.6623536],[126.3273382,37.6620937],[126.3273951,37.6617812],[126.32736,37.6612101],[126.3272101,37.66095],[126.3268799,37.66095],[126.3268799,37.6614599],[126.3265499,37.6613201],[126.3262299,37.66106],[126.32592,37.66092],[126.32595,37.6598999],[126.3249899,37.6597501],[126.3246699,37.65961],[126.3248601,37.65884],[126.3252099,37.6580801],[126.3252199,37.65783],[126.32491,37.6575499],[126.32491,37.6573101],[126.32526,37.6568],[126.3256,37.65629],[126.32594,37.6557899],[126.3260999,37.6556599],[126.32627,37.6555401],[126.32661,37.65503],[126.32696,37.65427],[126.32713,37.65414],[126.32729,37.65402],[126.3273001,37.6537601],[126.3269899,37.6535],[126.32685,37.6529801],[126.3262001,37.6529701],[126.3262199,37.65247],[126.3271901,37.65248],[126.32737,37.6519701],[126.3275301,37.65184],[126.3285,37.6518601],[126.3286599,37.6519999],[126.32882,37.65213],[126.3289701,37.65226],[126.3291199,37.6527799],[126.3294399,37.6526599],[126.3303384,37.6523565],[126.33092,37.65205],[126.3312389,37.6519015],[126.3316904,37.6518718],[126.3322446,37.6515908],[126.3334357,37.6507136],[126.3339939,37.6502122],[126.3341049,37.6500428],[126.3350803,37.6493961],[126.3352152,37.6491506],[126.3349664,37.6487905],[126.3350428,37.6484515],[126.33525,37.64829],[126.3354201,37.64817],[126.33558,37.64804],[126.3357601,37.64792],[126.3362674,37.6478575],[126.3370931,37.6480611],[126.3376176,37.6476971],[126.3378479,37.6474748],[126.3380546,37.6472892],[126.3383223,37.6468245],[126.3381595,37.6465478],[126.3378556,37.6461326],[126.3378856,37.6454124],[126.3375117,37.6449878],[126.3369653,37.6446849],[126.336869,37.6445105],[126.3371464,37.6442067],[126.33751,37.6439801],[126.338004,37.6440014],[126.33847,37.64413],[126.3391099,37.64414],[126.33928,37.6440099],[126.3394499,37.6438899],[126.34107,37.6436699],[126.34139,37.64368],[126.3423499,37.64383],[126.3423399,37.6443399],[126.3433,37.64449],[126.34426,37.6447699],[126.3444201,37.64491],[126.34441,37.64516],[126.3442399,37.6454101],[126.34359,37.6455301],[126.34294,37.6456401],[126.34307,37.6464201],[126.3432299,37.6465499],[126.34338,37.64668],[126.34337,37.64694],[126.34336,37.6474499],[126.3433201,37.64848],[126.3433101,37.64873],[126.3433317,37.6498113],[126.34308,37.6505301],[126.34341,37.6504],[126.34374,37.6504101],[126.3450199,37.6507],[126.3463101,37.65073],[126.34663,37.65073],[126.3480315,37.650879],[126.3485501,37.65129],[126.3487,37.6514201],[126.3490856,37.6518058],[126.3492492,37.6519799],[126.34981,37.6522199],[126.3501842,37.6528196],[126.3503682,37.6529886],[126.3505195,37.6530838],[126.3506477,37.6532252],[126.3507888,37.6533789],[126.3509181,37.6534894],[126.3510785,37.6536546],[126.3512195,37.6537977],[126.3519185,37.6542436],[126.3520414,37.6545214],[126.35231,37.6544599],[126.35263,37.6544599],[126.3534501,37.6541804],[126.3548901,37.65451],[126.35553,37.6548],[126.3556899,37.65492],[126.35584,37.65505],[126.35617,37.65506],[126.35649,37.65493],[126.3565539,37.6555008],[126.3566799,37.65562],[126.35696,37.6554599],[126.3572299,37.65563],[126.3574401,37.65573],[126.3575799,37.6562399],[126.35775,37.65638],[126.3578801,37.65651],[126.35805,37.6566401],[126.3586899,37.65691],[126.35884,37.65704],[126.3590001,37.65717],[126.35916,37.6573101],[126.35931,37.6574399],[126.3594699,37.6575699],[126.35959,37.6586],[126.3598099,37.65852],[126.3599199,37.6583499],[126.3602499,37.65836],[126.3602399,37.65862],[126.3600199,37.6587],[126.36008,37.6588601],[126.3602301,37.6589999],[126.36038,37.6591299],[126.3606899,37.6596501],[126.36084,37.6597799],[126.3610001,37.65992],[126.36116,37.66005],[126.3617899,37.6603201],[126.36195,37.6604499],[126.3621001,37.66058],[126.36275,37.66073],[126.3628901,37.6612399],[126.36305,37.66137],[126.3640101,37.6616501],[126.36465,37.66192],[126.36528,37.66219],[126.3662399,37.66247],[126.3672,37.6627501],[126.3673599,37.6628801],[126.36751,37.6630099],[126.36815,37.66329],[126.36831,37.6634201],[126.3684599,37.6635501],[126.36909,37.66383],[126.3692599,37.66395],[126.36941,37.66408],[126.37071,37.6641199],[126.37087,37.6639901],[126.3710399,37.6638601],[126.3713699,37.66374],[126.37119,37.66425],[126.3710101,37.6647601],[126.37165,37.6648999],[126.37229,37.66505],[126.37243,37.6655599],[126.3726,37.6657],[126.37273,37.66583],[126.3729001,37.66596],[126.37354,37.6661001],[126.3735806,37.6667613],[126.37416,37.66703],[126.3747999,37.66716],[126.3749662,37.6679396],[126.37541,37.6682001],[126.37552,37.66949],[126.3755,37.66974],[126.3755,37.67026],[126.3757901,37.6707799],[126.37608,37.67207],[126.3762399,37.6722001],[126.37639,37.6723301],[126.3766899,37.6731101],[126.37698,37.6738801],[126.37729,37.6744],[126.3775899,37.67492],[126.3778901,37.6757],[126.3780101,37.6769901],[126.37865,37.6770001],[126.3784799,37.67726],[126.3784601,37.6777701],[126.37875,37.6787999],[126.3786999,37.68009],[126.3787218,37.6804371],[126.37917,37.68061],[126.3793,37.6818999],[126.37927,37.68241],[126.37909,37.6829199],[126.3784401,37.6830299],[126.3781201,37.6830299],[126.3779799,37.6831763],[126.37794,37.68341],[126.3779199,37.6839199]],[[126.3382199,37.7051201],[126.3385501,37.7051201],[126.33837,37.7053799],[126.3382101,37.70563],[126.3375599,37.70562],[126.33759,37.70485],[126.3382399,37.70486],[126.3382199,37.7051201]],[[126.3537688,37.7918515],[126.3533721,37.7918525],[126.3532201,37.79213],[126.3525799,37.79211],[126.35227,37.7918499],[126.35162,37.79171],[126.3514699,37.7911899],[126.35118,37.79067],[126.35103,37.79015],[126.3507847,37.7899348],[126.3506522,37.7899597],[126.3506269,37.7897323],[126.3505229,37.7895044],[126.35054,37.7894439],[126.3506258,37.7892997],[126.3505829,37.7892446],[126.3506848,37.7891344],[126.3507438,37.7891175],[126.3507814,37.7890284],[126.3508307,37.7889845],[126.3508629,37.7889379],[126.3509447,37.7889127],[126.3510228,37.7889012],[126.3512213,37.7887444],[126.3513125,37.7886766],[126.3514305,37.7884985],[126.3517266,37.7881875],[126.352203,37.7877015],[126.352439,37.7874386],[126.3528467,37.7869426],[126.3530666,37.7867391],[126.3533778,37.7865568],[126.3535172,37.7865187],[126.3537479,37.7864805],[126.3538713,37.7864042],[126.3540751,37.786205],[126.3540966,37.7859294],[126.3540751,37.7858361],[126.3540912,37.7855648],[126.354161,37.7854927],[126.3541663,37.7854291],[126.3541824,37.7853528],[126.3542951,37.7851408],[126.3542897,37.7850815],[126.3538606,37.7850391],[126.3536353,37.7850645],[126.3534368,37.7851027],[126.3532705,37.78509],[126.3532007,37.7850645],[126.35319,37.7850009],[126.3534958,37.7837502],[126.3540054,37.7819738],[126.3542402,37.7816773],[126.3545983,37.7814843],[126.3549422,37.7814368],[126.3549714,37.7807358],[126.3548873,37.7802922],[126.3547587,37.7798942],[126.3547313,37.779579],[126.354852,37.7793319],[126.3550153,37.7792079],[126.3548923,37.7785342],[126.3547112,37.778469],[126.3545783,37.7771675],[126.354652,37.7761885],[126.3547215,37.7758718],[126.3549327,37.7757114],[126.3548962,37.7753622],[126.3545947,37.7751754],[126.3545622,37.7730147],[126.3547138,37.7729018],[126.3546128,37.771946],[126.3550349,37.7713335],[126.3548961,37.7710304],[126.35459,37.770943],[126.3549333,37.770073],[126.3548789,37.7698075],[126.3552054,37.76957],[126.3552982,37.7695212],[126.3559545,37.7692849],[126.356078,37.768784],[126.3568185,37.7686651],[126.3570119,37.7684193],[126.3576218,37.768439],[126.3579061,37.7681567],[126.3578919,37.7680714],[126.3576501,37.7679599],[126.3572255,37.7677326],[126.3558745,37.7674875],[126.35604,37.76467],[126.3562302,37.7629576],[126.356287,37.7620008],[126.3564009,37.7616982],[126.3565398,37.7614622],[126.3564401,37.761],[126.3562203,37.7598134],[126.356128,37.7593276],[126.3561397,37.7589104],[126.3563038,37.7581596],[126.3561581,37.7578219],[126.3558086,37.7575612],[126.35552,37.7570433],[126.3553301,37.7558499],[126.3551877,37.7551097],[126.3550426,37.7542464],[126.3550248,37.7535933],[126.3548667,37.7525698],[126.3547964,37.7520732],[126.3547145,37.7518208],[126.3546356,37.751211],[126.3546758,37.7508534],[126.3545736,37.749897],[126.3544292,37.7494296],[126.3541995,37.7483069],[126.3539143,37.7465267],[126.3536039,37.7446077],[126.354148,37.7428757],[126.3541806,37.7424928],[126.3543146,37.7423336],[126.3551407,37.7418392],[126.3550508,37.7415596],[126.3558871,37.7411228],[126.3572414,37.7409844],[126.3573194,37.7409279],[126.3573096,37.7407407],[126.3573006,37.7405674],[126.3565717,37.7400215],[126.3564389,37.7399982],[126.356129,37.7401216],[126.3554944,37.7402666],[126.3553408,37.7404994],[126.35506,37.74068],[126.3549126,37.7408556],[126.3546402,37.7409571],[126.354402,37.7408727],[126.3542657,37.7405371],[126.35297,37.7403701],[126.3524262,37.7400172],[126.3521949,37.73856],[126.3521374,37.737087],[126.352211,37.7350086],[126.3522861,37.7341955],[126.3519634,37.7340916],[126.3520461,37.7324229],[126.3523301,37.73112],[126.35238,37.7298299],[126.3526031,37.7275524],[126.3529728,37.7246717],[126.3533638,37.7239353],[126.3538472,37.7230492],[126.3536153,37.7226593],[126.3533793,37.7220367],[126.3530992,37.7202597],[126.3531691,37.7191098],[126.3534159,37.71844],[126.3529756,37.7174709],[126.3526362,37.7174125],[126.3516902,37.7168152],[126.3511947,37.7166759],[126.351495,37.7160519],[126.3515392,37.7154712],[126.35194,37.7149199],[126.3523749,37.7141767],[126.3524784,37.7136679],[126.3522325,37.7132432],[126.3524831,37.7129561],[126.352714,37.7126176],[126.352571,37.7125613],[126.3530765,37.7116728],[126.3533685,37.7117059],[126.3540299,37.71061],[126.3542254,37.7102703],[126.3546009,37.7099844],[126.3544198,37.7095943],[126.354452,37.7092238],[126.3550088,37.7089064],[126.3550519,37.7084091],[126.3552858,37.7079484],[126.3555581,37.7070587],[126.3552177,37.7068112],[126.3547911,37.7067196],[126.3547711,37.7065647],[126.3548251,37.7063416],[126.355571,37.706073],[126.355918,37.7065283],[126.3561901,37.7063562],[126.3562526,37.7059988],[126.3577591,37.7054903],[126.3580676,37.7052404],[126.3583339,37.7047495],[126.3585931,37.7045389],[126.3585182,37.7043404],[126.3587333,37.7040175],[126.3591016,37.7035692],[126.359392,37.703578],[126.359804,37.7036172],[126.3618172,37.7037459],[126.3630394,37.7041468],[126.3639823,37.7040908],[126.3641864,37.7039161],[126.3654352,37.7037296],[126.3664214,37.7038419],[126.3662634,37.7033039],[126.3698384,37.7024287],[126.3718929,37.7020476],[126.3727357,37.7021431],[126.373253,37.7012296],[126.3736837,37.7003576],[126.3758801,37.7006999],[126.3771331,37.7009216],[126.3778444,37.7006693],[126.3803251,37.7003608],[126.3811054,37.7003324],[126.3820299,37.70032],[126.3834171,37.6999554],[126.3844821,37.6995803],[126.3852013,37.6995378],[126.38677,37.69876],[126.3872984,37.6984202],[126.3875819,37.6981652],[126.3885124,37.6967736],[126.3886996,37.6966667],[126.3889022,37.6966634],[126.389136,37.6966989],[126.3894108,37.6967727],[126.3897286,37.6969485],[126.3899272,37.6968055],[126.3897502,37.6966117],[126.39147,37.6937159],[126.3918188,37.6937018],[126.3915088,37.6932075],[126.3899304,37.6911625],[126.3894699,37.69098],[126.38883,37.69071],[126.3875798,37.6905545],[126.3875362,37.6904721],[126.3877882,37.6902638],[126.3879301,37.6897225],[126.3887415,37.6894277],[126.3888547,37.6888179],[126.3887898,37.6884076],[126.38942,37.6877701],[126.38975,37.68752],[126.39008,37.68727],[126.3901772,37.6871271],[126.3901084,37.6868412],[126.3903427,37.6861036],[126.3907118,37.685535],[126.3909251,37.6852802],[126.3911297,37.6850018],[126.3914485,37.684697],[126.391952,37.6843422],[126.3931338,37.6837138],[126.39337,37.6835172],[126.3934812,37.6833793],[126.3938959,37.6827067],[126.3941792,37.6823163],[126.3946687,37.6818987],[126.3951955,37.6815959],[126.3972091,37.6809584],[126.3977954,37.6811051],[126.3981281,37.681144],[126.3980317,37.6809536],[126.3985217,37.6807904],[126.3988149,37.6805135],[126.3988292,37.6802876],[126.3982616,37.6802095],[126.3982622,37.6801068],[126.3987935,37.6801234],[126.3988635,37.6796135],[126.3990112,37.6796196],[126.3989997,37.6790445],[126.3995452,37.6786552],[126.3998191,37.678139],[126.4001218,37.6779114],[126.4005919,37.6775504],[126.401247,37.6770929],[126.4025241,37.6764509],[126.4030246,37.6761239],[126.4033938,37.6756281],[126.4035963,37.6743999],[126.4037067,37.6741574],[126.4046905,37.6730205],[126.4050416,37.6718673],[126.4055548,37.6695633],[126.4055825,37.6691534],[126.4056579,37.6685374],[126.4054612,37.6680262],[126.4053,37.66783],[126.4050505,37.6672906],[126.4053601,37.6665501],[126.40585,37.66618],[126.4060101,37.66605],[126.40651,37.6654301],[126.406838,37.6649132],[126.4063782,37.6647359],[126.406436,37.6645976],[126.4069338,37.6647503],[126.4071282,37.6645387],[126.4068637,37.6643691],[126.4074,37.66326],[126.40776,37.6622399],[126.4081301,37.66096],[126.4081499,37.6604499],[126.40821,37.6586501],[126.4082401,37.65763],[126.4082501,37.65737],[126.4085921,37.6570346],[126.4089829,37.6570468],[126.4091006,37.6572281],[126.4093483,37.6572099],[126.40941,37.6565],[126.4094234,37.6560301],[126.4099713,37.6542915],[126.4107115,37.6527555],[126.4088601,37.6529471],[126.4082243,37.6497768],[126.4080845,37.6496087],[126.4071484,37.6501034],[126.4063818,37.6493289],[126.4056411,37.6487153],[126.4066495,37.6481132],[126.4071457,37.6474101],[126.4066959,37.6470061],[126.4058002,37.6464321],[126.4052477,37.645755],[126.4047943,37.6456263],[126.4042803,37.6447944],[126.4044416,37.6446379],[126.4038739,37.6438502],[126.4030959,37.6431278],[126.402497,37.6426936],[126.4011937,37.6420277],[126.400583,37.6416548],[126.3998606,37.641234],[126.3991067,37.6409384],[126.3982688,37.6405295],[126.3978842,37.6401486],[126.3958171,37.6397331],[126.3948516,37.6398015],[126.3945547,37.6396025],[126.3921675,37.6401057],[126.3924224,37.6407145],[126.3906126,37.6412474],[126.3902599,37.64092],[126.3899399,37.64079],[126.3888431,37.640418],[126.3880201,37.6400999],[126.3876999,37.6400801],[126.38739,37.63983],[126.38707,37.63957],[126.38676,37.6393001],[126.3861201,37.63903],[126.38485,37.63849],[126.3835701,37.6382001],[126.3823395,37.6382674],[126.38163,37.6384201],[126.3809473,37.6385974],[126.3806616,37.63849],[126.3803416,37.6380932],[126.3807533,37.6376358],[126.3808209,37.6374071],[126.3811487,37.6370882],[126.3806116,37.6373325],[126.3801723,37.6373645],[126.3794566,37.6373063],[126.378906,37.6371698],[126.3782094,37.6368773],[126.3763914,37.6363519],[126.3744694,37.6363549],[126.3736766,37.63646],[126.37329,37.63669],[126.3720001,37.6366599],[126.3703699,37.6368899],[126.36941,37.6368601],[126.36909,37.6366],[126.3684599,37.6363299],[126.36782,37.63606],[126.36686,37.6357799],[126.3665501,37.6355101],[126.3659199,37.6349799],[126.36561,37.6348501],[126.36594,37.63447],[126.3665899,37.63423],[126.36693,37.6339799],[126.3675799,37.6337401],[126.3685601,37.6335],[126.3688801,37.6335101],[126.369678,37.6335684],[126.3700101,37.6334101],[126.37116,37.63305],[126.3718099,37.6328],[126.3727901,37.63257],[126.37295,37.63245],[126.3733,37.63168],[126.37363,37.6314399],[126.37397,37.63093],[126.3743301,37.62991],[126.3743499,37.6294001],[126.37438,37.6286301],[126.3744,37.6281099],[126.37441,37.6278501],[126.3742599,37.62734],[126.37395,37.6271999],[126.37363,37.62694],[126.3730001,37.62667],[126.3726801,37.6265301],[126.37285,37.62628],[126.3730101,37.62616],[126.37317,37.62603],[126.3733499,37.62591],[126.3740001,37.6256599],[126.37465,37.6254199],[126.3753,37.6253099],[126.3753262,37.6240555],[126.37538,37.62313],[126.3753901,37.6227009],[126.37541,37.62236],[126.3755701,37.62223],[126.3755899,37.62172],[126.3753,37.62069],[126.37531,37.6204199],[126.3754799,37.6203001],[126.3759797,37.6204255],[126.3760969,37.6202083],[126.3763,37.61994],[126.3768983,37.6195234],[126.3775145,37.6192715],[126.37764,37.6184299],[126.3776601,37.61791],[126.3776801,37.61714],[126.3777099,37.6166301],[126.3773546,37.615753],[126.37694,37.61546],[126.37663,37.6151801],[126.37631,37.61493],[126.37599,37.61492],[126.3756701,37.61492],[126.3750299,37.6147699],[126.3747389,37.6145999],[126.3744,37.61437],[126.3734401,37.6140999],[126.3731201,37.6138301],[126.3728099,37.6137],[126.3721499,37.61368],[126.37183,37.6138],[126.37007,37.61338],[126.37008,37.61312],[126.3702499,37.61301],[126.37075,37.61237],[126.3721242,37.6113722],[126.3735661,37.6117529],[126.3749566,37.6119569],[126.3757901,37.61145],[126.3764401,37.61134],[126.37709,37.6110899],[126.3772599,37.6109699],[126.3776,37.61046],[126.3777701,37.61034],[126.3779299,37.61022],[126.3781,37.6100999],[126.3782599,37.6099699],[126.3785999,37.60946],[126.37877,37.60933],[126.379385,37.6094935],[126.3810299,37.60913],[126.3816899,37.60901],[126.3819781,37.6087551],[126.38332,37.6084099],[126.38398,37.6081701],[126.38495,37.60793],[126.3850886,37.6081075],[126.3857199,37.607884],[126.3856931,37.607579],[126.3855,37.6062701],[126.38551,37.6057599],[126.38585,37.60525],[126.38587,37.6047399],[126.3867314,37.6039426],[126.38754,37.60324],[126.3880399,37.6028599],[126.3886901,37.6026201],[126.38886,37.6025001],[126.39066,37.6016399],[126.3923,37.60103],[126.3932599,37.60091],[126.39343,37.6008],[126.3942699,37.6000501],[126.3944501,37.5995399],[126.3947801,37.5992901],[126.3951201,37.59878],[126.3954601,37.5985299],[126.39595,37.5981601],[126.3966099,37.5975299],[126.39743,37.5972901],[126.39776,37.59704],[126.3985899,37.59654],[126.3990235,37.5965076],[126.40156,37.595047],[126.4027679,37.5943975],[126.4030746,37.5942424],[126.4037453,37.5941044],[126.4051784,37.5938986],[126.4057478,37.5939199],[126.4065077,37.5941867],[126.4073963,37.5945726],[126.4077001,37.5943099],[126.4086801,37.5940799],[126.40899,37.5940799],[126.40932,37.5940899],[126.40998,37.5938401],[126.4101401,37.5937201],[126.4103,37.59359],[126.4112699,37.5936201],[126.4119,37.59389],[126.41207,37.59402],[126.41222,37.59415],[126.41255,37.5941601],[126.4132,37.59392],[126.41385,37.59367],[126.4151501,37.59344],[126.4161515,37.5934431],[126.4300836,37.5929432],[126.4364865,37.5927144],[126.4368405,37.5924815],[126.4383426,37.5923455],[126.4387134,37.592058],[126.4394244,37.5918599],[126.4396125,37.5919963],[126.4396266,37.5924496],[126.4394426,37.5926841],[126.4396322,37.5929082],[126.4399466,37.5931334],[126.4425762,37.5937854],[126.442767,37.5939088],[126.4428236,37.5940958],[126.4424978,37.5948899],[126.442862,37.5948217],[126.4431361,37.5948494],[126.4434244,37.5949555],[126.4433176,37.5943368],[126.4433153,37.5942525],[126.4459643,37.5941088],[126.4461271,37.59415],[126.4462652,37.5945296],[126.4469217,37.5944501],[126.4470686,37.5945614],[126.4486369,37.593905],[126.4495651,37.5933056],[126.4500729,37.5931665],[126.451,37.5929401],[126.4516399,37.5929501],[126.45181,37.5930899],[126.4519599,37.59322],[126.45259,37.5935001],[126.45291,37.5935001],[126.45421,37.5932701],[126.45454,37.5932701],[126.4558778,37.5932568],[126.45713,37.5928201],[126.45746,37.59257],[126.4576201,37.59244],[126.4578,37.59232],[126.4592701,37.5917101],[126.4600899,37.59134],[126.4604199,37.5910899],[126.4607499,37.5908401],[126.46092,37.5907101],[126.46126,37.5897],[126.4616001,37.58945],[126.46177,37.58932],[126.4622654,37.5894395],[126.4624643,37.5895344],[126.4626657,37.5894946],[126.4627045,37.5893766],[126.4628106,37.5893648],[126.4628575,37.589497],[126.462616,37.589607],[126.4626247,37.589662],[126.4624565,37.5897383],[126.4625018,37.590338],[126.4626323,37.5903889],[126.4629538,37.5909133],[126.4632457,37.5907728],[126.463294,37.5908284],[126.4627014,37.5910695],[126.4628881,37.5912969],[126.4629321,37.5916548],[126.462569,37.5916799],[126.4624381,37.5919498],[126.4625021,37.5921434],[126.4626031,37.5922686],[126.4631178,37.5928476],[126.4633617,37.5934903],[126.4638714,37.5940187],[126.4642414,37.5944094],[126.4642811,37.5946348],[126.4639621,37.5948502],[126.4635075,37.5951437],[126.4633083,37.595097],[126.4633813,37.5952641],[126.4635282,37.5953922],[126.4639898,37.5955828],[126.4642936,37.5958915],[126.4655348,37.5956479],[126.4659722,37.5956223],[126.4663973,37.5956748],[126.46737,37.595854],[126.4710762,37.5968763],[126.4737695,37.5976281],[126.4750597,37.5979704],[126.4759754,37.5982172],[126.4780455,37.59879],[126.47823,37.59892],[126.4783901,37.5990501],[126.4785399,37.5991801],[126.4786384,37.5994857],[126.4787035,37.599773],[126.4786084,37.6001287],[126.478246,37.6009242],[126.4775462,37.6024541],[126.4772056,37.6032376],[126.4771807,37.603397],[126.4776923,37.6038093],[126.4780249,37.6039107],[126.4782599,37.6041282],[126.4785481,37.6041016],[126.4792104,37.6046935],[126.4791238,37.6047723],[126.479208,37.6048575],[126.4790718,37.6049875],[126.4795861,37.6053623],[126.4797886,37.6051601],[126.4796297,37.6050719],[126.4797291,37.6050021],[126.4798529,37.6050739],[126.4803391,37.6044502],[126.4798687,37.6035648],[126.4799918,37.6035716],[126.4803623,37.6041677],[126.4805883,37.6042273],[126.4807094,37.6044182],[126.481022,37.6044686],[126.481798,37.6042355],[126.4826499,37.6041901],[126.4831114,37.6039451],[126.4834658,37.6037465],[126.4835135,37.6036023],[126.4835374,37.6032789],[126.4837401,37.60302],[126.4840701,37.60277],[126.4844164,37.6025616],[126.4848358,37.6023732],[126.4858317,37.6020715],[126.4818015,37.6009079],[126.481849,37.6008595],[126.4859057,37.6020141],[126.4865718,37.6015196],[126.4871141,37.6011148],[126.4877148,37.6008358],[126.4881801,37.6005399],[126.4889204,37.6004379],[126.4895345,37.600258],[126.4895794,37.6001168],[126.4902486,37.6000596],[126.4904086,37.6000766],[126.4906499,37.6002223],[126.4912869,37.6000823],[126.4916145,37.6001303],[126.4917145,37.6003199],[126.4918226,37.6000716],[126.4919469,37.5999134],[126.4932069,37.5993553],[126.4934983,37.5993668],[126.4939584,37.5993414],[126.4942444,37.5992694],[126.4942529,37.5990572],[126.4945229,37.5988894],[126.4953431,37.5986277],[126.4953366,37.5974004],[126.4957017,37.5973688],[126.4956514,37.5967271],[126.4953114,37.5962271],[126.4951939,37.5959272],[126.4951309,37.5954292],[126.495075,37.5950653],[126.4950322,37.5948719],[126.4950449,37.5944442],[126.4950145,37.5943387],[126.4950424,37.5942615],[126.4950256,37.5940618],[126.4949062,37.5940791],[126.4948958,37.5938729],[126.4949708,37.5938626],[126.4949158,37.5931837],[126.4947869,37.5931688],[126.4947712,37.5928906],[126.4949483,37.5928149],[126.4950861,37.5943103],[126.4951365,37.5943744],[126.4951063,37.5945138],[126.4950857,37.5948619],[126.4952069,37.5953223],[126.4952258,37.5957591],[126.4952849,37.5959986],[126.4955504,37.5963623],[126.4960171,37.5969809],[126.4959559,37.5971506],[126.4959949,37.5981244],[126.4969799,37.59803],[126.4972755,37.5980839],[126.4983842,37.5983235],[126.4992218,37.5980917],[126.4995335,37.5978692],[126.5000786,37.5976793],[126.5002341,37.5977065],[126.50071,37.59747],[126.5009287,37.597408],[126.5021997,37.5971358],[126.5024667,37.5968748],[126.503428,37.5963443],[126.5047154,37.5960859],[126.5054707,37.5962899],[126.5060701,37.59656],[126.50703,37.5967101],[126.5079999,37.59647],[126.5098107,37.5966878],[126.5105896,37.5965494],[126.5108012,37.5968016],[126.5111291,37.5973572],[126.5113349,37.5974803],[126.5118178,37.5979501],[126.5118445,37.5983225],[126.5124542,37.5992273],[126.512563,37.5993762],[126.5128037,37.5994277],[126.5131676,37.5992839],[126.5135562,37.5987137],[126.5141498,37.5978118],[126.5145604,37.5971547],[126.5147799,37.5967399],[126.5148746,37.5965234],[126.5148306,37.596386],[126.5147866,37.5963151],[126.5145805,37.5961116],[126.5139499,37.5956084],[126.5140099,37.59544],[126.5136166,37.5947832],[126.5134912,37.594495],[126.5138267,37.5944214],[126.5141995,37.5942515],[126.514057,37.5940813],[126.5136202,37.5938926],[126.5134061,37.593554],[126.5126301,37.59323],[126.5123101,37.59322],[126.5116699,37.5929501],[126.51135,37.59269],[126.51104,37.59268],[126.51039,37.59267],[126.5097501,37.5923999],[126.5094299,37.5923901],[126.50925,37.5921993],[126.5091199,37.592],[126.5088256,37.5919339],[126.5077938,37.5918039],[126.5077896,37.5921011],[126.5077513,37.5921073],[126.507734,37.5918973],[126.507343,37.5918961],[126.5072821,37.5919179],[126.5072657,37.5921728],[126.5067433,37.5921752],[126.5065319,37.5925534],[126.5064828,37.592521],[126.5067626,37.5919635],[126.5065399,37.5919501],[126.5061564,37.5915422],[126.50528,37.5912801],[126.5049601,37.59101],[126.5046401,37.59101],[126.5043199,37.591],[126.5036146,37.5908311],[126.5031925,37.5905932],[126.5032648,37.5903004],[126.5033535,37.5899344],[126.5034516,37.5899977],[126.50371,37.5898301],[126.5038899,37.58932],[126.50423,37.58881],[126.50439,37.58868],[126.5045599,37.58856],[126.50472,37.58844],[126.5048899,37.5883099],[126.50506,37.5881899],[126.5052199,37.5880601],[126.5052299,37.5878201],[126.50525,37.58755],[126.5054,37.58743],[126.50557,37.5872999],[126.50558,37.5870401],[126.50527,37.5865199],[126.50528,37.5862701],[126.50562,37.58576],[126.50579,37.5856399],[126.5061099,37.5856399],[126.50627,37.58578],[126.5064201,37.58591],[126.5067501,37.58591],[126.50691,37.58579],[126.5070801,37.58566],[126.50724,37.58554],[126.5074101,37.5854099],[126.50805,37.58543],[126.50837,37.58543],[126.5085399,37.58531],[126.5088899,37.5848],[126.50905,37.58468],[126.5097,37.58443],[126.5098601,37.58431],[126.5102199,37.5832899],[126.51039,37.5831701],[126.5105499,37.5830401],[126.51057,37.5825299],[126.51059,37.58201],[126.5107501,37.58189],[126.51093,37.58176],[126.5110801,37.5816399],[126.51125,37.5815099],[126.5114101,37.5813901],[126.51271,37.5812899],[126.5128899,37.58078],[126.51305,37.58065],[126.51435,37.58042],[126.5146699,37.58043],[126.5149899,37.58044],[126.51516,37.58031],[126.5153299,37.5801899],[126.5159377,37.579957],[126.5165344,37.5798879],[126.5172919,37.5801376],[126.5176798,37.5805377],[126.5177379,37.5806823],[126.5178208,37.5807574],[126.5180294,37.5808157],[126.5181266,37.5808607],[126.5181361,37.5809096],[126.5180958,37.5810298],[126.5181455,37.5811312],[126.5182238,37.5812158],[126.5183636,37.581212],[126.5186101,37.5812721],[126.5187002,37.5813604],[126.5189111,37.5817586],[126.5190249,37.5820517],[126.519051,37.5822301],[126.5190842,37.582309],[126.5191268,37.5824067],[126.5191103,37.5825006],[126.5190818,37.5825926],[126.5190534,37.5828199],[126.5190439,37.5829476],[126.5189941,37.5830754],[126.5188969,37.5832407],[126.5188637,37.5836596],[126.5190107,37.5839995],[126.5193022,37.5849951],[126.5194288,37.58497],[126.5203235,37.5837759],[126.5204979,37.5836927],[126.5218717,37.5842316],[126.5231079,37.5847701],[126.5232027,37.5849029],[126.5231808,37.5851404],[126.5224469,37.5865629],[126.5228783,37.5864916],[126.5235846,37.5863282],[126.5242602,37.5860539],[126.5249239,37.5859055],[126.5249641,37.5857703],[126.5252889,37.5855787],[126.5254003,37.5856182],[126.5257179,37.5859563],[126.5257392,37.5859863],[126.5285213,37.5840372],[126.528542,37.5840899],[126.52588,37.5859483],[126.5258431,37.5860195],[126.5258549,37.5860793],[126.526113,37.586321],[126.5259873,37.5864193],[126.5260744,37.5864897],[126.5261683,37.5866185],[126.5261901,37.5866769],[126.526113,37.5867447],[126.5260527,37.586835],[126.5260728,37.5869439],[126.5261214,37.5871498],[126.5261348,37.5872693],[126.526061,37.587438],[126.5260325,37.5875721],[126.5263158,37.5883331],[126.5262471,37.5883584],[126.526232,37.5883411],[126.5262052,37.5883929],[126.5261515,37.5884673],[126.5260208,37.5885642],[126.5259471,37.5886213],[126.5258381,37.5886904],[126.5256638,37.5887847],[126.5255834,37.5888856],[126.5255063,37.5890304],[126.5253705,37.5892681],[126.5251727,37.5895577],[126.5250621,37.5896347],[126.524923,37.5896812],[126.5246096,37.5897343],[126.524209,37.5897595],[126.5238135,37.5896652],[126.5236458,37.5896187],[126.5234799,37.5896334],[126.5231631,37.5896652],[126.5229268,37.5897117],[126.5228464,37.5897356],[126.5227173,37.5897728],[126.5225816,37.5897595],[126.5223721,37.58964],[126.5221793,37.5895643],[126.5218977,37.5894952],[126.5215994,37.5894952],[126.521229,37.5895391],[126.5207698,37.5895643],[126.5204496,37.5896095],[126.5202452,37.5896785],[126.5201731,37.5897688],[126.5201429,37.5899216],[126.5199083,37.5905604],[126.5198228,37.5906759],[126.519749,37.5907582],[126.5196317,37.5909601],[126.5194323,37.5911713],[126.5193334,37.5912536],[126.519273,37.5912921],[126.5191993,37.5912789],[126.5191038,37.5912337],[126.5190518,37.5912217],[126.5189529,37.591251],[126.5186797,37.591405],[126.5185473,37.5914913],[126.5185004,37.5915923],[126.5184585,37.5916852],[126.5184049,37.5917516],[126.5182289,37.5918605],[126.5180512,37.5919469],[126.5179892,37.5920133],[126.5179423,37.5922417],[126.5178652,37.5927902],[126.5177897,37.5932152],[126.5178115,37.5933855],[126.5180042,37.5935966],[126.5185691,37.5940428],[126.518916,37.5943217],[126.5194155,37.5945488],[126.5198093,37.5947095],[126.5198948,37.5947985],[126.5199954,37.5950109],[126.5200624,37.5950548],[126.5201345,37.5950853],[126.5203541,37.5950973],[126.5206021,37.5951584],[126.5209842,37.5952872],[126.5211921,37.5953801],[126.5213412,37.5954957],[126.5214569,37.5957028],[126.5215256,37.5957613],[126.5217267,37.5958184],[126.5219882,37.5958688],[126.5220435,37.595906],[126.5220653,37.5959352],[126.5220921,37.5960056],[126.5223368,37.5961092],[126.5226569,37.5962632],[126.5229838,37.5964664],[126.5232335,37.5966869],[126.5234213,37.5969145],[126.5235688,37.5969916],[126.5236727,37.5970248],[126.527849,37.5959257],[126.5278727,37.5959839],[126.5256233,37.5966372],[126.5238434,37.5970994],[126.5237294,37.5972109],[126.5237411,37.5974061],[126.5236708,37.5976212],[126.5235216,37.5978682],[126.5232601,37.5980701],[126.5229936,37.5982109],[126.522635,37.5983051],[126.5222914,37.5983105],[126.5220148,37.5982241],[126.5216863,37.598001],[126.5215891,37.5979373],[126.5215705,37.5979306],[126.5203403,37.5980649],[126.5202462,37.5982132],[126.5200922,37.5981963],[126.5199097,37.5981681],[126.519803,37.5981963],[126.5196963,37.5982226],[126.519566,37.5982639],[126.5195138,37.5983015],[126.5194095,37.5983165],[126.5193171,37.5982865],[126.5193029,37.5983278],[126.5193242,37.5983822],[126.5192934,37.5983954],[126.5191749,37.5983916],[126.5191061,37.5983409],[126.5190374,37.5983372],[126.5189213,37.5983409],[126.5187956,37.5983559],[126.5186984,37.598371],[126.5186084,37.5984179],[126.518523,37.5984724],[126.5184496,37.598493],[126.5182268,37.5984442],[126.518094,37.5983466],[126.5178831,37.5981137],[126.5175346,37.5980217],[126.517281,37.5979203],[126.517172,37.5979728],[126.5168164,37.5978376],[126.5163495,37.5976949],[126.5157652,37.5972489],[126.5154101,37.59714],[126.5150901,37.59688],[126.5149135,37.5967759],[126.5148084,37.5969003],[126.5146783,37.5971805],[126.514475,37.5975155],[126.5135709,37.5988502],[126.5134615,37.5990903],[126.5134598,37.5992185],[126.5136526,37.5993755],[126.5149899,37.5998301],[126.5151199,37.6008599],[126.5154,37.60215],[126.51539,37.60267],[126.5156799,37.60344],[126.5156501,37.60446],[126.5156157,37.6046815],[126.5154431,37.6049735],[126.5154883,37.6055347],[126.5166726,37.6050986],[126.5173608,37.6054973],[126.5182159,37.6060162],[126.5190029,37.6064866],[126.5198489,37.6070281],[126.5206165,37.6080293],[126.5210387,37.6080323],[126.5213884,37.6081258],[126.5215488,37.608382],[126.5212618,37.608685],[126.52051,37.6088],[126.52018,37.60892],[126.5203389,37.609279],[126.5206862,37.6099021],[126.52095,37.6099699],[126.52062,37.61022],[126.5202013,37.6109028],[126.5204375,37.6110013],[126.5206885,37.610792],[126.5220976,37.6112709],[126.5249767,37.6119576],[126.5269519,37.6124336],[126.5288369,37.6128934],[126.5306179,37.6133196],[126.53229,37.61367],[126.53325,37.6139501],[126.5337325,37.6140483],[126.5340973,37.6141491],[126.5343886,37.613886],[126.5346117,37.6139119],[126.5350157,37.6140071],[126.5352233,37.6142617],[126.5353301,37.6146399],[126.5353201,37.61489],[126.5352265,37.6153346],[126.5354051,37.6161309],[126.5356712,37.6162423],[126.5355033,37.6171155],[126.5355768,37.6176683],[126.5360606,37.6177369],[126.5386393,37.618185],[126.5396183,37.6177363],[126.5407765,37.6178922],[126.5413237,37.6179339],[126.5417024,37.6176764],[126.5428204,37.6178149],[126.5432994,37.6183817],[126.5436948,37.618349],[126.5438868,37.6184446],[126.543863,37.6185798],[126.5437897,37.6189966],[126.5435601,37.6194299],[126.5432201,37.61994],[126.5428901,37.6201901],[126.5427908,37.6204365],[126.5427539,37.6205281],[126.5424958,37.6211687],[126.5422957,37.6217894],[126.5417963,37.6225071],[126.5407261,37.6235566],[126.5404481,37.6238989],[126.5401213,37.6243011],[126.5399839,37.6243583],[126.5398634,37.6242961],[126.5397246,37.6243566],[126.5389709,37.6250228],[126.5396977,37.6255301],[126.5395744,37.6256389],[126.5383341,37.6248065],[126.537935,37.6251477],[126.5376657,37.6249021],[126.5376705,37.6246022],[126.5373057,37.6242551],[126.537133,37.6240328],[126.537185,37.6229044],[126.5371702,37.6227385],[126.5368519,37.6224335],[126.5353182,37.6221646],[126.5352989,37.6227259],[126.5352903,37.62354],[126.5352748,37.6243579],[126.5352501,37.6248839],[126.5342647,37.6248439],[126.5343201,37.6256599],[126.5343,37.62617],[126.534252,37.6274846],[126.5368104,37.6290616],[126.5359749,37.6298909],[126.5341543,37.6287543],[126.534163,37.6290616],[126.53384,37.63027],[126.5335517,37.6309555],[126.5334235,37.6312312],[126.5333151,37.631501],[126.5330577,37.6319182],[126.5327245,37.6322075],[126.5324381,37.6324866],[126.5325132,37.6326226],[126.5324697,37.6327224],[126.5321591,37.632886],[126.5317723,37.6330623],[126.5316865,37.6334616],[126.5317294,37.6335551],[126.5317729,37.6336592],[126.5317514,37.633965],[126.5316972,37.6344132],[126.5317729,37.6345428],[126.5317192,37.6347127],[126.5316559,37.634988],[126.5315299,37.6352943],[126.5318812,37.6354897],[126.5315717,37.6358627],[126.5321575,37.6362442],[126.5320347,37.6363521],[126.531422,37.6359978],[126.5312402,37.636177],[126.5310117,37.6360619],[126.5299527,37.6375628],[126.5295699,37.63737],[126.5291599,37.6380241],[126.52889,37.6385122],[126.528565,37.6390712],[126.52836,37.6396599],[126.5279835,37.6404148],[126.5276601,37.6411901],[126.5273508,37.6417592],[126.5269701,37.6427],[126.5266,37.6439899],[126.5265002,37.6442259],[126.5264128,37.644604],[126.5261596,37.6448061],[126.5261354,37.6450466],[126.5260957,37.6452895],[126.5260802,37.6455707],[126.5259595,37.6458549],[126.5253597,37.6455987],[126.5245486,37.6456476],[126.5236958,37.645539],[126.523255,37.6454261],[126.5231313,37.6456655],[126.5225733,37.646036],[126.5222713,37.6461433],[126.522068,37.6461433],[126.52184,37.6460457],[126.5216921,37.6459628],[126.5214888,37.6462165],[126.5214579,37.6463873],[126.5218092,37.6464117],[126.5220249,37.6465141],[126.5221358,37.6465434],[126.5224254,37.6464702],[126.5226411,37.6463775],[126.5228013,37.6463092],[126.52298,37.6461824],[126.5231217,37.6461092],[126.523245,37.6460848],[126.5234949,37.646051],[126.5237899,37.6461099],[126.5241099,37.6461199],[126.5254,37.64615],[126.5255599,37.64628],[126.52572,37.6464101],[126.5258701,37.6465401],[126.5260791,37.6467426],[126.526255,37.6469682],[126.5264669,37.6471351],[126.5267491,37.6471771],[126.5269363,37.6473207],[126.5268563,37.6478475],[126.5266388,37.6480657],[126.5268217,37.648247],[126.5265753,37.6486038],[126.5264337,37.6488457],[126.5260693,37.6492822],[126.5257698,37.6495127],[126.5251752,37.6497596],[126.5243774,37.6503607],[126.5239426,37.6502999],[126.5238241,37.6508408],[126.5235926,37.6511638],[126.5231175,37.6514498],[126.5230502,37.6518235],[126.5226407,37.6522727],[126.5223184,37.6525982],[126.5226466,37.6527564],[126.5227501,37.65315],[126.5224958,37.6545481],[126.5226261,37.6549034],[126.5228137,37.6554958],[126.522972,37.6562414],[126.5233719,37.656845],[126.5238029,37.6574287],[126.5242322,37.6577974],[126.5245732,37.6580832],[126.5248256,37.658423],[126.5251758,37.6587419],[126.5256459,37.6590051],[126.52594,37.6591299],[126.5265492,37.6593432],[126.5282293,37.6598005],[126.5286972,37.6599517],[126.529263,37.6599603],[126.5296817,37.6600513],[126.5306823,37.6604629],[126.5316915,37.6605317],[126.5327482,37.6605762],[126.5328529,37.6604995],[126.5327819,37.6603781],[126.5331083,37.660354],[126.5332523,37.6605406],[126.5329743,37.6606501],[126.53287,37.6621099],[126.5326099,37.6627612],[126.5327701,37.6628701],[126.53241,37.66363],[126.5320083,37.6645558],[126.5313178,37.6648918],[126.5305734,37.6651848],[126.5302273,37.6655093],[126.5289334,37.6656305],[126.5285365,37.6653034],[126.5273499,37.66519],[126.527,37.6649677],[126.5268999,37.66428],[126.526633,37.6638297],[126.5265002,37.6640638],[126.5264905,37.6642736],[126.526587,37.6652734],[126.5247601,37.6659099],[126.5230176,37.6666758],[126.521361,37.6677607],[126.5204599,37.6686401],[126.51962,37.66952],[126.51895,37.67028],[126.5182723,37.671316],[126.5172873,37.6732602],[126.5175401,37.67385],[126.5174201,37.6774401],[126.5176799,37.6792399],[126.517861,37.680313],[126.5187793,37.6813531],[126.5191562,37.6814995],[126.519528,37.6816879],[126.5197068,37.6819669],[126.5200697,37.6825317],[126.5201725,37.683199],[126.5201325,37.6832908],[126.5199793,37.6833323],[126.5198572,37.6834922],[126.5195899,37.6834084],[126.5194022,37.6832577],[126.5192096,37.6831326],[126.51862,37.6830585],[126.5186639,37.6831311],[126.518649,37.6832094],[126.5191062,37.6833193],[126.5192523,37.6834546],[126.5193927,37.6839363],[126.5193035,37.6843723],[126.5193589,37.6847023],[126.5192956,37.6849164],[126.5191049,37.6851137],[126.5190129,37.6857347],[126.518997,37.6861877],[126.5190308,37.6865902],[126.5191066,37.6872841],[126.51973,37.6886635],[126.5197865,37.6888116],[126.5200536,37.6894296],[126.5200701,37.6895197],[126.520059,37.6895951],[126.5200106,37.6896594],[126.5199104,37.6897192],[126.5198615,37.6897772],[126.5198338,37.6898266],[126.5198415,37.6898829],[126.5199312,37.6901546],[126.5198134,37.6903201],[126.5197709,37.6904164],[126.5197318,37.6906377],[126.5201132,37.6908253],[126.5202112,37.6909591],[126.5202719,37.6910856],[126.5202438,37.6912753],[126.5201597,37.6915538],[126.5202204,37.6918434],[126.5203442,37.6931152],[126.5203885,37.6934448],[126.5204585,37.6937147],[126.52072,37.69472],[126.5209516,37.6956323],[126.5212594,37.6965493],[126.5220525,37.6987647],[126.522566,37.6995677],[126.5229391,37.7000006],[126.5230719,37.6999984],[126.5231623,37.7000522],[126.5231963,37.7001958],[126.5233294,37.700471],[126.5236945,37.7006003],[126.5238391,37.7007623],[126.5239593,37.7009307],[126.5248827,37.7017179],[126.5251126,37.7017964],[126.5252864,37.7019266],[126.525305,37.7020112],[126.5252769,37.7021179],[126.5250082,37.702515],[126.5247394,37.7026497],[126.52416,37.70288],[126.52318,37.7033699],[126.52285,37.70362],[126.5220796,37.7041058],[126.5214678,37.7048258],[126.5211281,37.7051027],[126.5206785,37.7054246],[126.5206396,37.7055416],[126.5206373,37.7056554],[126.520549,37.7057372],[126.5204119,37.7057997],[126.5200726,37.7057415],[126.5198601,37.7059421],[126.5197217,37.7059505],[126.5195995,37.7058946],[126.5192101,37.7061101],[126.5188799,37.7063599],[126.5175599,37.7071],[126.5172299,37.7072301],[126.5171907,37.7075865],[126.5165906,37.7081487],[126.516425,37.7083109],[126.51605,37.70874],[126.5156775,37.709202],[126.51538,37.7095],[126.5151689,37.7095007],[126.5149578,37.7094499],[126.5147911,37.7095772],[126.5146245,37.70964],[126.5146165,37.7098044],[126.5149582,37.709853],[126.5151535,37.7099145],[126.51428,37.71188],[126.5139899,37.71229],[126.5136301,37.71331],[126.51327,37.7145899],[126.512745,37.7148207],[126.5126526,37.7155109],[126.5126536,37.7161863],[126.5125239,37.7169947],[126.512749,37.7170495],[126.5129238,37.7190904],[126.5132316,37.7195544],[126.51339,37.7202401],[126.51368,37.72153],[126.5136401,37.7228199],[126.51393,37.72385],[126.51391,37.7243601],[126.5142099,37.7251401],[126.5145,37.7259201],[126.51481,37.72644],[126.5151199,37.72696],[126.5154101,37.72773],[126.51572,37.7282501],[126.5161604,37.729063],[126.5165851,37.7295986],[126.5168524,37.7301031],[126.51726,37.7305999],[126.5177143,37.7319331],[126.5178682,37.7319736],[126.517953,37.7321306],[126.5175252,37.7322992],[126.5174064,37.7325192],[126.5177368,37.73253],[126.5182598,37.7326772],[126.5188369,37.7335698],[126.5195312,37.7345401],[126.5202173,37.7352044],[126.5206599,37.73529],[126.52238,37.7371301],[126.5234525,37.7383824],[126.52459,37.7385801],[126.5247601,37.7387199],[126.52505,37.7394899],[126.52503,37.74001],[126.5249999,37.74078],[126.5249901,37.7412899],[126.5246501,37.74154],[126.52462,37.74257],[126.52491,37.7435999],[126.5252001,37.74464],[126.5259701,37.74568],[126.5261001,37.7467101],[126.52641,37.74697],[126.5265157,37.7474755],[126.5258119,37.7479807],[126.5255072,37.7479085],[126.5252819,37.7479425],[126.5250995,37.7478237],[126.5244982,37.7481864],[126.523833,37.7485596],[126.5231673,37.7490182],[126.5225332,37.7495191],[126.5217843,37.7501952],[126.5208617,37.751125],[126.5197539,37.752324],[126.5191001,37.75298],[126.5187699,37.75323],[126.5184101,37.7542501],[126.5180801,37.7544999],[126.51774,37.75475],[126.51774,37.75501],[126.5174,37.7555099],[126.5165699,37.75601],[126.5152299,37.7573899],[126.5148999,37.7575099],[126.51472,37.75802],[126.51438,37.75853],[126.51405,37.75878],[126.51371,37.7592899],[126.51336,37.7600501],[126.51268,37.7610599],[126.5120099,37.7618201],[126.51168,37.7620699],[126.5113299,37.7628399],[126.5109801,37.7635901],[126.5106401,37.7641],[126.51062,37.76436],[126.51061,37.76488],[126.51059,37.76564],[126.5108601,37.7671899],[126.5116401,37.7679699],[126.5117799,37.7687499],[126.5120801,37.7692701],[126.51207,37.76978],[126.5125401,37.7701799],[126.5128601,37.7701799],[126.51302,37.77031],[126.5130099,37.77057],[126.5126599,37.7710799],[126.5123299,37.77158],[126.5119999,37.7718301],[126.5116599,37.7720799],[126.5113299,37.77233],[126.5109999,37.77258],[126.5106699,37.7728301],[126.5103299,37.77334],[126.5099999,37.77359],[126.5096599,37.7738399],[126.5093299,37.77409],[126.5093101,37.77435],[126.5089701,37.7753701],[126.50862,37.77613],[126.5085499,37.7781799],[126.5085,37.77946],[126.50849,37.77998],[126.50814,37.7807499],[126.5078,37.78125],[126.5071199,37.78226],[126.5061099,37.78301],[126.5049601,37.78388],[126.5039701,37.7843901],[126.5033199,37.7846201],[126.5026599,37.7848599],[126.50135,37.78522],[126.50134,37.7857301],[126.50036,37.7858499],[126.5002692,37.786067],[126.4995182,37.7859321],[126.4989757,37.7856554],[126.4985308,37.7849675],[126.4981676,37.7851635],[126.497723,37.7852052],[126.4978142,37.7858725],[126.4976289,37.7861413],[126.4967799,37.7864099],[126.4892241,37.7886851],[126.4885604,37.7889696],[126.4875216,37.7895959],[126.4857237,37.7905772],[126.481976,37.79275],[126.4793122,37.7944053],[126.4782706,37.7950753],[126.4760601,37.79637],[126.4750438,37.7969766],[126.4740899,37.79748],[126.4727499,37.79835],[126.4714299,37.7990999],[126.4707007,37.7996216],[126.47011,37.8000899],[126.4691,37.8010999],[126.46877,37.80134],[126.46844,37.80147],[126.4678598,37.8019748],[126.4676548,37.8022293],[126.4658,37.8030799],[126.4652247,37.803308],[126.46415,37.80381],[126.4638177,37.8039521],[126.4625101,37.80455],[126.4621799,37.80467],[126.4607181,37.8055282],[126.45954,37.8062801],[126.45887,37.80678],[126.4573901,37.8076499],[126.45689,37.80802],[126.45656,37.80802],[126.45623,37.80827],[126.4559,37.8085201],[126.45557,37.8086399],[126.4519193,37.8115042],[126.45159,37.8115],[126.4504954,37.8115631],[126.4503268,37.8117347],[126.450839,37.8123347],[126.4508453,37.8124876],[126.45024,37.81314],[126.4489796,37.8144967],[126.4483235,37.8152745],[126.4480401,37.81592],[126.4477101,37.81617],[126.44736,37.81668],[126.44703,37.81693],[126.44669,37.8174299],[126.44636,37.81768],[126.4451799,37.8190701],[126.4448499,37.8191901],[126.4448301,37.8197],[126.444749,37.8201435],[126.44498,37.8202199],[126.4448023,37.8204122],[126.4446431,37.8204965],[126.444681,37.8207267],[126.4449499,37.8209899],[126.4449401,37.82125],[126.4451429,37.8214192],[126.4449385,37.8214911],[126.4446968,37.821383],[126.4445545,37.8216976],[126.4446375,37.8218681],[126.4444435,37.8219845],[126.4440779,37.8219907],[126.4437157,37.8219168],[126.4435359,37.821754],[126.4426969,37.8217546],[126.441949,37.8220561],[126.4415149,37.8220696],[126.4413726,37.8221665],[126.4412517,37.8223989],[126.4399269,37.8238429],[126.4395675,37.8240629],[126.4389748,37.8246638],[126.4389507,37.8250443],[126.4391805,37.8256367],[126.4391405,37.825822],[126.438653,37.8257743],[126.4382832,37.8259339],[126.4376357,37.8267326],[126.4372781,37.8279728],[126.437255,37.8286222],[126.4375116,37.8287716],[126.4374809,37.8289348],[126.4370663,37.8289475],[126.4369349,37.8291828],[126.4367143,37.8292411],[126.4363756,37.8290567],[126.4356417,37.8291179],[126.434488,37.8293848],[126.4312,37.82994],[126.42891,37.8307799],[126.4282601,37.8309],[126.42841,37.83116],[126.4283999,37.8314101],[126.42823,37.8316699],[126.4275901,37.8315301],[126.4272699,37.83139],[126.4263279,37.8307766],[126.4266195,37.8301372],[126.426172,37.8294446],[126.4256922,37.8286598],[126.4249021,37.8281005],[126.4243654,37.8275852],[126.4233694,37.8266551],[126.4222699,37.826079],[126.42163,37.8259999],[126.4213,37.82612],[126.4211501,37.82561],[126.42085,37.8250901],[126.4204656,37.8245997],[126.42023,37.8243001],[126.4197689,37.8240485],[126.4182522,37.8228615],[126.4169101,37.82192],[126.4155373,37.8216869],[126.4148078,37.8217954],[126.41399,37.82225],[126.4131555,37.8225073],[126.4118932,37.8231042],[126.4115525,37.8231025],[126.4103013,37.8225359],[126.4092438,37.8221327],[126.407789,37.8219886],[126.4063041,37.8216428],[126.402413,37.8221085],[126.4006801,37.82323],[126.3993899,37.8232001],[126.39906,37.8232001],[126.39842,37.8231801],[126.3959157,37.8230336],[126.3944057,37.8228896],[126.393562,37.8229176],[126.3928565,37.8232097],[126.3925801,37.8233101],[126.3923994,37.8228903],[126.3919888,37.822766],[126.3929832,37.8222871],[126.3939399,37.8216699],[126.39395,37.8214101],[126.3936717,37.8202302],[126.3934131,37.8190729],[126.3930272,37.8182945],[126.3927156,37.8166271],[126.3919009,37.8152762],[126.3914601,37.81391],[126.3906022,37.8117297],[126.3903523,37.8108471],[126.38948,37.8093784],[126.3890749,37.8080386],[126.3881393,37.8067206],[126.3858737,37.8053426],[126.3851399,37.80478],[126.38355,37.8039799],[126.3822599,37.80382],[126.38098,37.8035299],[126.3793699,37.80324],[126.37905,37.80323],[126.37839,37.80348],[126.37775,37.80345],[126.37743,37.80333],[126.3774501,37.80281],[126.3764799,37.80266],[126.37552,37.80238],[126.3752,37.80238],[126.3739099,37.80235],[126.3732599,37.8020799],[126.37295,37.80181],[126.3719901,37.8015399],[126.3710299,37.80126],[126.37039,37.8009899],[126.36975,37.8007201],[126.3694401,37.80045],[126.3687999,37.7998],[126.36817,37.7996499],[126.36786,37.7993901],[126.3672201,37.79912],[126.3664301,37.79846],[126.3661201,37.7981899],[126.36597,37.79792],[126.3650101,37.7975299],[126.3646999,37.79726],[126.36438,37.797],[126.36374,37.7967301],[126.3631101,37.79646],[126.3627899,37.7961899],[126.36248,37.79593],[126.3608801,37.79538],[126.3605699,37.79512],[126.3599199,37.7948501],[126.35897,37.79457],[126.3586501,37.79444],[126.3580099,37.79403],[126.3577,37.79377],[126.35739,37.7935001],[126.35675,37.79323],[126.3564401,37.7929799],[126.3557999,37.7927],[126.35548,37.7924299],[126.3550309,37.7917698],[126.3537688,37.7918515]],[[126.32472,37.7122599],[126.3248899,37.7120001],[126.32505,37.71188],[126.3252199,37.71176],[126.3254,37.7112499],[126.3270099,37.7111499],[126.3273399,37.7111599],[126.3286401,37.71119],[126.32896,37.7112],[126.32959,37.7114699],[126.33024,37.7114799],[126.3305599,37.7114899],[126.33072,37.71162],[126.33102,37.7121399],[126.33118,37.71228],[126.3313399,37.71241],[126.33148,37.7129199],[126.3305201,37.7130299],[126.33018,37.7131499],[126.33016,37.7136701],[126.32984,37.71353],[126.3295301,37.7132699],[126.3288899,37.71299],[126.32858,37.71286],[126.3285499,37.71363],[126.3288701,37.71364],[126.3288601,37.7138901],[126.3278999,37.71374],[126.32726,37.7134799],[126.32694,37.7134601],[126.32661,37.7135801],[126.32647,37.71307],[126.32615,37.7128001],[126.32584,37.71254],[126.32569,37.71228],[126.32472,37.7122599]],[[126.2579134,37.7126639],[126.2580958,37.7123329],[126.2581501,37.71188],[126.258364,37.7115605],[126.2586537,37.7113143],[126.2590829,37.711204],[126.2595978,37.7113059],[126.2597958,37.7115688],[126.2595944,37.7117386],[126.2595192,37.7118085],[126.2593182,37.7119955],[126.2591365,37.7122989],[126.2591157,37.7125897],[126.2592529,37.7129647],[126.2592568,37.7132284],[126.2591002,37.7134526],[126.2588509,37.713626],[126.2585359,37.7137181],[126.2584141,37.713892],[126.2582127,37.7140792],[126.2583043,37.7142868],[126.2583387,37.7143647],[126.2584205,37.7145802],[126.2583682,37.7147669],[126.2582164,37.7149503],[126.2579688,37.714925],[126.2578618,37.7147424],[126.2579885,37.7145481],[126.2580243,37.7143715],[126.2579405,37.7141899],[126.2579593,37.7140347],[126.2576877,37.7136379],[126.2576804,37.7132919],[126.2576913,37.7129992],[126.2579134,37.7126639]],[[126.264836,37.7242482],[126.2647447,37.7241871],[126.264927,37.7241439],[126.2649074,37.7239996],[126.2648974,37.7239235],[126.2649749,37.7238515],[126.2651696,37.7238236],[126.2653695,37.7238411],[126.2657223,37.7238942],[126.2659938,37.7238229],[126.2660436,37.7237813],[126.2663401,37.7238392],[126.2663824,37.7238879],[126.2665501,37.7239347],[126.2666718,37.7239113],[126.2667578,37.7239353],[126.2667408,37.7240362],[126.2668263,37.7241324],[126.2667987,37.7241937],[126.2668542,37.7243266],[126.2669945,37.7244953],[126.2671325,37.7245933],[126.2672447,37.7246489],[126.2678313,37.7248957],[126.2682229,37.7249619],[126.2684586,37.7249344],[126.2687525,37.7249457],[126.2690444,37.7249952],[126.2691827,37.7250684],[126.2692943,37.725107],[126.2694361,37.7251916],[126.2695013,37.7252872],[126.2696931,37.7253693],[126.2698152,37.7254309],[126.2699524,37.7254564],[126.2700082,37.7255061],[126.270126,37.7255107],[126.2703759,37.7253468],[126.2704082,37.7253994],[126.2701835,37.7255588],[126.2700717,37.7256095],[126.2698094,37.7256901],[126.2697454,37.7257452],[126.2697579,37.7257942],[126.2699872,37.7259747],[126.2699703,37.725987],[126.2696999,37.7257885],[126.2696489,37.7257886],[126.2690342,37.7264129],[126.268681,37.7267456],[126.2685688,37.7268304],[126.2684688,37.7269702],[126.2683374,37.7270323],[126.2681081,37.7271713],[126.2681432,37.7271964],[126.2681293,37.7272221],[126.2681502,37.7272368],[126.2681874,37.7272405],[126.2682371,37.7272933],[126.2682851,37.7274116],[126.2683087,37.7276766],[126.2682833,37.7280677],[126.2682595,37.7286972],[126.2682479,37.7287505],[126.2681068,37.7290576],[126.2682246,37.7290834],[126.2682827,37.7291625],[126.2684269,37.729179],[126.2684461,37.7292472],[126.2684641,37.7293115],[126.2684358,37.7294596],[126.26828,37.729668],[126.2682874,37.7298614],[126.2683132,37.7300062],[126.2683425,37.7301063],[126.2683032,37.7302159],[126.2681958,37.7303674],[126.2680345,37.7304863],[126.2677874,37.7307161],[126.2674317,37.7310807],[126.2674665,37.7311616],[126.2674758,37.7312628],[126.2674277,37.7316163],[126.2673612,37.7318246],[126.2672293,37.7320297],[126.2671365,37.7321374],[126.2668736,37.732434],[126.2668611,37.732504],[126.2668763,37.7326977],[126.2668364,37.7328886],[126.2667643,37.7330375],[126.2666758,37.7331592],[126.2665998,37.733236],[126.2666131,37.7333505],[126.2666003,37.7334572],[126.2666178,37.7335083],[126.2666829,37.7336518],[126.2666997,37.7337249],[126.266755,37.7338431],[126.266808,37.7343331],[126.2668233,37.7346879],[126.2667782,37.734746],[126.2667201,37.734781],[126.2665558,37.7353273],[126.266548,37.735443],[126.2665992,37.7355129],[126.2666397,37.7355316],[126.266655,37.7355901],[126.2666364,37.735649],[126.266655,37.735717],[126.2666878,37.7357493],[126.2667015,37.7357961],[126.266641,37.7358862],[126.266541,37.7360002],[126.2665365,37.7360177],[126.2665159,37.7360974],[126.2663364,37.7363231],[126.2661643,37.7364784],[126.2659736,37.7367266],[126.2659639,37.7367951],[126.2659876,37.7368407],[126.2659816,37.7368885],[126.2659201,37.7370007],[126.2659039,37.7371533],[126.2657492,37.737423],[126.2656527,37.7375726],[126.2656109,37.7377602],[126.2655667,37.7378742],[126.2655598,37.737952],[126.2655381,37.7380171],[126.2655408,37.7380953],[126.2653823,37.7382415],[126.2652102,37.7382801],[126.265194,37.7383224],[126.2651103,37.738361],[126.2649312,37.738361],[126.2648313,37.7382791],[126.2647884,37.7381611],[126.2647498,37.7379417],[126.2646726,37.7378118],[126.2645033,37.7377192],[126.2644033,37.7377854],[126.2642929,37.7377766],[126.264175,37.737707],[126.2639633,37.7374751],[126.2637701,37.7371949],[126.2633671,37.7368383],[126.262816,37.7362791],[126.2626244,37.736088],[126.2624666,37.7360083],[126.2622709,37.7359685],[126.2619989,37.7358728],[126.2617231,37.7357686],[126.2614732,37.7356252],[126.2612455,37.7354152],[126.2611176,37.7352423],[126.2610319,37.7349887],[126.2609965,37.7347032],[126.2609901,37.7344149],[126.2610132,37.7342031],[126.2608384,37.734087],[126.2604038,37.7340333],[126.2601944,37.7339067],[126.2599763,37.733854],[126.2596367,37.7339382],[126.2593756,37.7339116],[126.2590895,37.7337778],[126.2586438,37.7336958],[126.2582993,37.7335452],[126.2581397,37.7332861],[126.2580994,37.7330195],[126.2580671,37.7328811],[126.2579462,37.7327266],[126.2577704,37.732519],[126.2576602,37.7323423],[126.2576486,37.7321584],[126.2576304,37.7320201],[126.2576019,37.7318868],[126.2575427,37.7317229],[126.2575559,37.7316696],[126.2575972,37.731622],[126.257709,37.7316382],[126.2578399,37.7316818],[126.2579208,37.7317833],[126.257995,37.7317821],[126.2580468,37.7316435],[126.2581356,37.7314602],[126.2582277,37.7312924],[126.2583181,37.731178],[126.2584215,37.7310836],[126.2584711,37.7310115],[126.2585228,37.7309207],[126.2585885,37.7308374],[126.2588896,37.730554],[126.2588216,37.7304908],[126.2587345,37.7303379],[126.2586903,37.7302055],[126.2586601,37.7300767],[126.2585829,37.7298047],[126.2585182,37.7295912],[126.2583903,37.7291608],[126.2583136,37.7289861],[126.2582105,37.7287888],[126.2580329,37.7285131],[126.2579606,37.7284663],[126.2576613,37.7281516],[126.2576328,37.7280626],[126.257425,37.7278419],[126.257464,37.7277666],[126.2574155,37.72765],[126.2575701,37.7274221],[126.2577665,37.7273062],[126.2580173,37.7272261],[126.2582101,37.7269444],[126.25825,37.7267132],[126.2581434,37.7264857],[126.2581597,37.726209],[126.2579812,37.726021],[126.2578394,37.7257776],[126.2575703,37.7256092],[126.2574969,37.7255037],[126.2576143,37.7253963],[126.2577896,37.7253788],[126.2577838,37.7252456],[126.2578784,37.7251291],[126.2579737,37.7251005],[126.2581924,37.7248933],[126.2585558,37.7248664],[126.2587692,37.7247886],[126.2590063,37.7248352],[126.2593246,37.724858],[126.2595391,37.7247234],[126.2597496,37.7248014],[126.2598581,37.7247364],[126.2600285,37.7247391],[126.2601701,37.7248931],[126.2602201,37.7250545],[126.2602188,37.7251461],[126.2603728,37.7253559],[126.2606603,37.7257497],[126.2607481,37.725846],[126.2609805,37.7259473],[126.2614231,37.7261706],[126.2616456,37.7263423],[126.2618605,37.7265515],[126.2618675,37.7266314],[126.2620842,37.726757],[126.2623177,37.7268662],[126.2627125,37.7269527],[126.2630148,37.7269625],[126.2631628,37.7269442],[126.2632122,37.7268818],[126.263363,37.7267772],[126.2633404,37.7266009],[126.2633358,37.7264189],[126.2633581,37.7263268],[126.2637202,37.725889],[126.2637121,37.725823],[126.2637318,37.7257645],[126.2636933,37.7256971],[126.2636068,37.7254564],[126.2635423,37.7251978],[126.2634952,37.7251365],[126.2639133,37.7249087],[126.264156,37.7246787],[126.2644195,37.7245371],[126.2646559,37.7244394],[126.2647216,37.7243171],[126.2647775,37.7243119],[126.264836,37.7242482]],[[126.2837641,37.745376],[126.2838714,37.7452827],[126.2840323,37.7453336],[126.2841718,37.7454524],[126.2840859,37.7455457],[126.2838928,37.7455118],[126.2837641,37.7454439],[126.2837641,37.745376]],[[126.2796013,37.7462498],[126.2795047,37.745902],[126.2794725,37.7455287],[126.2796335,37.7452997],[126.2798159,37.7452827],[126.2799661,37.7454269],[126.2800734,37.7452573],[126.2803201,37.7451045],[126.2805776,37.7451894],[126.2808029,37.7453506],[126.2810604,37.7456475],[126.281275,37.7457578],[126.2814574,37.7459868],[126.2819294,37.7463686],[126.2819509,37.746708],[126.2822191,37.7468182],[126.2826912,37.7469031],[126.28337,37.74688],[126.2835924,37.7468607],[126.2837533,37.7466825],[126.284043,37.7466486],[126.2842469,37.7469031],[126.2844936,37.7470303],[126.2847082,37.7472085],[126.2849601,37.74743],[126.2854592,37.7475563],[126.2858347,37.747446],[126.2860493,37.7473951],[126.2862854,37.7476581],[126.2864463,37.7478193],[126.2867145,37.7479635],[126.2867201,37.74811],[126.28671,37.7483701],[126.2864141,37.7486846],[126.2860922,37.7488712],[126.2857704,37.7489391],[126.2851696,37.7488373],[126.2848262,37.7488203],[126.2842683,37.7490154],[126.2839143,37.7490663],[126.2831525,37.7491172],[126.2828199,37.7492869],[126.2826299,37.7493],[126.282541,37.7491681],[126.2826399,37.7490499],[126.2828307,37.7489476],[126.2829699,37.7488001],[126.2828092,37.7484386],[126.2825732,37.7483537],[126.2822881,37.7481844],[126.2822728,37.7480144],[126.281908,37.7479381],[126.2819402,37.7476072],[126.2816827,37.7471576],[126.2814252,37.7468182],[126.2811462,37.7466655],[126.2804703,37.7465213],[126.2803094,37.7465977],[126.28014,37.7468001],[126.2799017,37.746674],[126.2798159,37.7463856],[126.2796013,37.7462498]],[[126.2868647,37.7490663],[126.2866823,37.7490579],[126.2866931,37.7489476],[126.2868111,37.7489052],[126.2869076,37.7489985],[126.2868647,37.7490663]],[[126.3026146,37.7579478],[126.3025395,37.7577612],[126.3028078,37.7578375],[126.3029902,37.7581259],[126.3030653,37.758321],[126.3030009,37.7584143],[126.3028292,37.7582362],[126.3026146,37.7579478]],[[126.5317576,37.7778682],[126.5318148,37.7778289],[126.5318591,37.7778435],[126.531885,37.7777735],[126.5318731,37.7777299],[126.5319929,37.7777206],[126.5321253,37.7776799],[126.5320223,37.7773259],[126.5321866,37.776488],[126.5323345,37.7760691],[126.5333942,37.7760938],[126.5334106,37.7756665],[126.5342157,37.775683],[126.5342157,37.7752641],[126.5347495,37.7751655],[126.5350206,37.7751737],[126.5354516,37.7752856],[126.5354926,37.7752992],[126.5355639,37.7752856],[126.5357172,37.775219],[126.5358446,37.7752019],[126.5359159,37.7752275],[126.5359526,37.7752531],[126.5359915,37.7753334],[126.5360066,37.7754119],[126.5360476,37.7753931],[126.5360627,37.7753317],[126.5360606,37.7752651],[126.5360627,37.7752241],[126.5361059,37.7751951],[126.5362398,37.7752019],[126.5364363,37.7752156],[126.5367603,37.7751729],[126.5369892,37.7750927],[126.5372937,37.7749015],[126.5373283,37.7748196],[126.5374017,37.7746728],[126.5375334,37.7745499],[126.5376522,37.7744884],[126.5377861,37.7744935],[126.5378617,37.7745311],[126.5379373,37.7745464],[126.5382698,37.774584],[126.538529,37.7746267],[126.5389112,37.7747376],[126.5389544,37.774782],[126.5390602,37.7748674],[126.5390732,37.7749271],[126.5390494,37.7749732],[126.538989,37.7750244],[126.5390235,37.77512],[126.5391099,37.7752053],[126.5393626,37.7752975],[126.5395872,37.7753607],[126.5396887,37.7753948],[126.539734,37.7755211],[126.5397276,37.775685],[126.5398139,37.7756935],[126.5399241,37.7758216],[126.53995,37.7759069],[126.5398183,37.7759154],[126.5397664,37.7758642],[126.5396239,37.7759342],[126.5394576,37.7760179],[126.5393259,37.7761749],[126.5393194,37.7762995],[126.5393539,37.7763592],[126.5394036,37.7763934],[126.539395,37.7764668],[126.5393259,37.776506],[126.5392935,37.7765026],[126.5392373,37.7764634],[126.5391661,37.7764736],[126.5391056,37.7765334],[126.5390343,37.7766306],[126.5389782,37.7767058],[126.5389328,37.7768645],[126.5388508,37.7768935],[126.538814,37.7769635],[126.5387169,37.7770727],[126.5384707,37.7771871],[126.5384404,37.7772042],[126.5383649,37.7772964],[126.5383281,37.7773868],[126.5382806,37.777467],[126.5381921,37.7775148],[126.5381057,37.7775131],[126.538002,37.7775131],[126.537825,37.7775148],[126.5377127,37.7775797],[126.5376479,37.7776736],[126.5376004,37.7777521],[126.5375874,37.7779245],[126.5374729,37.7780269],[126.5373045,37.7780901],[126.5371598,37.7781106],[126.5370281,37.778114],[126.5369762,37.7781549],[126.5369568,37.7783034],[126.5369007,37.7783785],[126.5367819,37.7784161],[126.5366415,37.7784417],[126.5364709,37.7783632],[126.5363111,37.7782574],[126.5362549,37.7782454],[126.5361858,37.7783615],[126.5360757,37.7785629],[126.5360843,37.7786021],[126.5361146,37.7786772],[126.5361059,37.7787472],[126.5360303,37.7787455],[126.5359008,37.778737],[126.5358554,37.7787967],[126.5357906,37.7788752],[126.5356999,37.7789179],[126.5355466,37.778923],[126.5353954,37.7788991],[126.5351838,37.7789981],[126.5347691,37.7791979],[126.5343156,37.7793429],[126.5341256,37.7793685],[126.5340133,37.7793276],[126.5339226,37.7792542],[126.5338816,37.7791688],[126.5338297,37.7790255],[126.5337887,37.7789589],[126.5337196,37.7789265],[126.5335101,37.7788872],[126.5333222,37.7788974],[126.5330004,37.778865],[126.5326528,37.7787882],[126.5324152,37.7787814],[126.5322424,37.7788019],[126.5321561,37.7788633],[126.5320999,37.7789213],[126.5319854,37.778923],[126.5318213,37.7788616],[126.5316658,37.7788667],[126.5315363,37.778923],[126.5314607,37.7790511],[126.5315298,37.779092],[126.5316054,37.7792303],[126.5314931,37.7792559],[126.531316,37.7792695],[126.5311043,37.7792269],[126.5309791,37.7791603],[126.5309035,37.7790818],[126.5308992,37.7790016],[126.5309229,37.7789316],[126.5310136,37.7788718],[126.5308273,37.7787275],[126.5306746,37.7786286],[126.5305067,37.7785006],[126.5304883,37.7783292],[126.5309923,37.778293],[126.5312274,37.7782785],[126.5317554,37.7779237],[126.5317576,37.7778682]],[[126.33429,37.7968401],[126.3344499,37.7969699],[126.3346,37.7970999],[126.3352071,37.7971609],[126.3355699,37.7969589],[126.3360912,37.797465],[126.3363932,37.797852],[126.3358522,37.7981414],[126.3352101,37.7981174],[126.3328677,37.7992344],[126.3318745,37.7999647],[126.3307813,37.8011809],[126.3297337,37.8015988],[126.32878,37.8028447],[126.3283569,37.8038295],[126.3281449,37.8047237],[126.3284784,37.804677],[126.3286079,37.8051658],[126.3283101,37.80556],[126.3274541,37.8057395],[126.3263062,37.8060837],[126.3251975,37.8068237],[126.3252326,37.8071402],[126.3250105,37.8076871],[126.3249318,37.8077291],[126.3240467,37.808202],[126.3230079,37.8076228],[126.3232839,37.8070014],[126.3229831,37.8062947],[126.3226401,37.80569],[126.3217873,37.8051643],[126.3198999,37.8041575],[126.31851,37.80367],[126.3181801,37.8036599],[126.3178701,37.8034001],[126.3169,37.80337],[126.31658,37.80337],[126.31594,37.8030999],[126.3156301,37.8028301],[126.3143399,37.80255],[126.31403,37.8022801],[126.31338,37.80227],[126.31306,37.80226],[126.31273,37.80225],[126.3120801,37.80249],[126.3117501,37.80249],[126.3111099,37.80247],[126.30949,37.8024299],[126.30917,37.8024299],[126.3075499,37.8023901],[126.30723,37.80238],[126.30593,37.80235],[126.3056201,37.80235],[126.3039799,37.80257],[126.3033299,37.80281],[126.3029999,37.8028],[126.30269,37.80267],[126.3025,37.80316],[126.3023299,37.8034299],[126.30072,37.80326],[126.2994299,37.80323],[126.29846,37.8032099],[126.29781,37.8031899],[126.29748,37.80344],[126.29682,37.80369],[126.2961701,37.80393],[126.2951901,37.80416],[126.2948501,37.8044101],[126.2935499,37.8046399],[126.29322,37.80489],[126.29257,37.8048699],[126.29225,37.8048599],[126.29192,37.80511],[126.29158,37.80536],[126.29126,37.80536],[126.29094,37.80536],[126.2906,37.8056],[126.29027,37.8058501],[126.2886499,37.80594],[126.2887499,37.80611],[126.2892901,37.8062099],[126.2892801,37.80647],[126.2887401,37.8065399],[126.2886201,37.80671],[126.2876499,37.80669],[126.28747,37.8071901],[126.2872999,37.80745],[126.28666,37.8073001],[126.28634,37.80704],[126.2857,37.80702],[126.28504,37.80714],[126.2851999,37.8074001],[126.28534,37.80792],[126.28502,37.80778],[126.2840501,37.8077599],[126.2833901,37.808],[126.2824199,37.80811],[126.2824001,37.8086201],[126.2817499,37.8087301],[126.281543,37.8086046],[126.2805838,37.8088695],[126.27918,37.8065634],[126.2774156,37.8077875],[126.275787,37.8093107],[126.2740602,37.8108555],[126.2737104,37.8114035],[126.2733242,37.8116268],[126.2734819,37.8120612],[126.2730876,37.8122719],[126.2719241,37.8127584],[126.2715405,37.8129915],[126.271187,37.813386],[126.2706232,37.813514],[126.2699768,37.8137496],[126.2691845,37.8139696],[126.2691035,37.8141789],[126.2690198,37.8143006],[126.2688224,37.8142862],[126.2685574,37.8142247],[126.2670312,37.8147905],[126.2660404,37.8150621],[126.2661246,37.8152507],[126.2661037,37.8154537],[126.2659481,37.8158381],[126.2657148,37.8164275],[126.2654347,37.8166704],[126.2652883,37.8168928],[126.2652545,37.8170768],[126.2650651,37.8174005],[126.2647846,37.8176306],[126.2645652,37.817595],[126.2641371,37.8177794],[126.263871,37.8176628],[126.2635566,37.8175374],[126.2633732,37.8171611],[126.2630399,37.816881],[126.26274,37.8165937],[126.2616961,37.8160415],[126.2610486,37.8158484],[126.2608496,37.8157101],[126.2602961,37.8158082],[126.2596047,37.815545],[126.2587379,37.8150426],[126.2583482,37.8147834],[126.2580581,37.8144899],[126.2576965,37.8144538],[126.256857,37.8144118],[126.2567275,37.8145019],[126.2564264,37.8145981],[126.2558399,37.8145851],[126.255434,37.8146811],[126.2547661,37.814825],[126.2542378,37.8148227],[126.2531672,37.8145713],[126.2523097,37.8145108],[126.251404,37.8144262],[126.2507366,37.8144136],[126.2494484,37.8145575],[126.2488165,37.8146796],[126.2478364,37.8146261],[126.2474806,37.814436],[126.2466861,37.8144522],[126.2464331,37.8146203],[126.2460833,37.8147117],[126.2454736,37.8149948],[126.2444581,37.8152542],[126.244101,37.8152941],[126.2437409,37.8154066],[126.2433504,37.8155772],[126.2429531,37.8157755],[126.2422705,37.8161008],[126.2414304,37.8164258],[126.24099,37.8167699],[126.2405925,37.8168805],[126.240541,37.8172789],[126.24,37.81726],[126.2396901,37.81701],[126.2393701,37.8167301],[126.2390717,37.8165153],[126.2387386,37.8164135],[126.23809,37.81645],[126.2378491,37.8163207],[126.2375793,37.8157796],[126.2372623,37.8153723],[126.2366067,37.8147362],[126.2357382,37.813803],[126.2351583,37.8134055],[126.2340865,37.8129987],[126.2331918,37.8120303],[126.2326768,37.8116239],[126.232614,37.8115065],[126.2321763,37.811423],[126.2319193,37.8110839],[126.2314424,37.8105906],[126.2308652,37.8102181],[126.2299543,37.8096502],[126.228867,37.8090581],[126.2278692,37.8084372],[126.2271391,37.8080151],[126.2263698,37.8075226],[126.2257239,37.8070309],[126.2254445,37.8070818],[126.2251086,37.8069385],[126.2242444,37.8062184],[126.2234274,37.8054805],[126.2233304,37.8051546],[126.22311,37.8049834],[126.2226517,37.8051169],[126.2222886,37.8050902],[126.2221711,37.8047168],[126.2219656,37.8043205],[126.2220676,37.8040357],[126.2224652,37.803786],[126.2229463,37.8034889],[126.2240675,37.8028052],[126.2241732,37.8026942],[126.2241212,37.8018643],[126.224104,37.8016757],[126.2242954,37.8010778],[126.2241703,37.8008828],[126.2238556,37.8006097],[126.2238079,37.8002858],[126.2237275,37.8000328],[126.223506,37.7998595],[126.2225885,37.7991996],[126.2222999,37.798863],[126.2216653,37.7977213],[126.2213421,37.7978296],[126.220924,37.7978986],[126.2205252,37.7976496],[126.2203501,37.7974099],[126.2204315,37.7970147],[126.2204701,37.7967167],[126.2203854,37.7963102],[126.2201756,37.79586],[126.219902,37.7955294],[126.2194171,37.7953929],[126.2189064,37.7954111],[126.21865,37.7953199],[126.2185953,37.795022],[126.2186801,37.79455],[126.2189917,37.7938189],[126.2189257,37.7930822],[126.21907,37.7927599],[126.21908,37.7925001],[126.2192501,37.7923801],[126.21942,37.79224],[126.2196,37.7918164],[126.2197937,37.7917231],[126.2202244,37.7918126],[126.2208027,37.7917163],[126.2214431,37.7918266],[126.2215504,37.7915383],[126.2217801,37.791378],[126.2224838,37.7911652],[126.222639,37.7911462],[126.2227146,37.7910868],[126.2226662,37.7909024],[126.222398,37.7897578],[126.2220869,37.7876975],[126.221647,37.78668],[126.2209925,37.7853827],[126.2206921,37.7850435],[126.2189648,37.7832375],[126.2183854,37.7829661],[126.2179241,37.783],[126.2178299,37.7827101],[126.2179133,37.7820588],[126.2177739,37.7813974],[126.2174949,37.7810752],[126.2174413,37.7805579],[126.2170059,37.7796238],[126.2166841,37.779556],[126.2163193,37.779539],[126.2160725,37.7794542],[126.2160201,37.7790799],[126.2160511,37.7787843],[126.2163622,37.7784027],[126.2164158,37.778072],[126.21623,37.7778],[126.2145597,37.7766474],[126.2137765,37.7758672],[126.2128646,37.775299],[126.2105793,37.7738404],[126.2102301,37.7739301],[126.2096996,37.7736284],[126.2091095,37.7736962],[126.2089164,37.7736792],[126.2084979,37.7734757],[126.2076504,37.7736877],[126.2074465,37.7736538],[126.2071247,37.773357],[126.2068886,37.7732383],[126.2065238,37.7732467],[126.2062771,37.7730517],[126.2059767,37.7728482],[126.2055261,37.7727464],[126.2048716,37.7725513],[126.204539,37.7726531],[126.2041099,37.7726277],[126.2039167,37.7722715],[126.204,37.77187],[126.2042279,37.7716015],[126.2044424,37.7716439],[126.2046034,37.7711775],[126.2046034,37.7709739],[126.2044746,37.7705414],[126.2043566,37.7702022],[126.2044854,37.7698714],[126.2043995,37.7694135],[126.2041099,37.7692438],[126.2037773,37.7692438],[126.2034554,37.7690657],[126.20331,37.76876],[126.2034769,37.7684636],[126.2042922,37.7683957],[126.2047429,37.768048],[126.20464,37.76776],[126.2047429,37.7675815],[126.2051506,37.7676324],[126.2053759,37.7674967],[126.2057299,37.7677342],[126.2059874,37.7678021],[126.2064487,37.7679123],[126.2073714,37.7678953],[126.2076182,37.7677936],[126.208101,37.7674628],[126.2100536,37.7660125],[126.2110621,37.7652237],[126.2118015,37.7645827],[126.2124881,37.7640908],[126.2130568,37.7638194],[126.2139687,37.7634292],[126.21452,37.76312],[126.2148163,37.7628525],[126.2153635,37.7623945],[126.2163183,37.7616566],[126.2165007,37.7613682],[126.2167153,37.7611816],[126.21719,37.761],[126.2178633,37.7604606],[126.2190327,37.759553],[126.2207064,37.7582298],[126.2209317,37.7580432],[126.2210819,37.7574155],[126.2210068,37.757178],[126.2210283,37.756949],[126.2212214,37.7566945],[126.2217471,37.7562704],[126.2218008,37.7560923],[126.2221656,37.7558208],[126.2231633,37.7552186],[126.2242577,37.7545569],[126.22521,37.754],[126.2258885,37.7536069],[126.2264893,37.7532591],[126.2271866,37.7529452],[126.2286565,37.7522581],[126.2301585,37.7516219],[126.2317786,37.7509008],[126.2323043,37.7507396],[126.2328193,37.7507651],[126.2331841,37.7510959],[126.23355,37.7514999],[126.2346325,37.7526992],[126.2351689,37.7534287],[126.23541,37.7536001],[126.2359521,37.7540904],[126.2365744,37.7545824],[126.2375507,37.7553288],[126.2389669,37.7564061],[126.23934,37.75664],[126.2394999,37.75677],[126.2398681,37.7569914],[126.2402222,37.7573052],[126.2403617,37.7575428],[126.2402758,37.7577548],[126.2403938,37.7578736],[126.2406084,37.7580008],[126.2408766,37.7586963],[126.2407801,37.758866],[126.24102,37.7593801],[126.2412567,37.7596522],[126.2412567,37.7599237],[126.2416299,37.76042],[126.2435313,37.7621544],[126.2438299,37.7622701],[126.2439604,37.7624597],[126.2441535,37.7626209],[126.2446685,37.7628075],[126.2474901,37.76377],[126.247694,37.7638847],[126.2478,37.7640301],[126.2480588,37.7644444],[126.2482627,37.7650636],[126.2484129,37.765106],[126.2489279,37.7649873],[126.2493034,37.7650127],[126.2498613,37.7652502],[126.2503012,37.7651738],[126.2504835,37.7649194],[126.2506981,37.7647158],[126.2510522,37.7647074],[126.2515135,37.764631],[126.2522967,37.7647243],[126.2532516,37.7646395],[126.2537773,37.7646565],[126.2542923,37.7645886],[126.2548609,37.7646141],[126.2561913,37.7644529],[126.2586053,37.7641476],[126.2593777,37.7640543],[126.2598391,37.7640628],[126.26024,37.76445],[126.2606116,37.7645038],[126.2609442,37.7646989],[126.2612231,37.7651314],[126.2623604,37.7660474],[126.262693,37.766463],[126.2628539,37.7667344],[126.262811,37.7670991],[126.2626608,37.7675317],[126.2624462,37.7678794],[126.2622745,37.7679303],[126.26206,37.7679727],[126.2623496,37.7681593],[126.2627144,37.7679303],[126.2630148,37.7675147],[126.2632187,37.7670567],[126.2633152,37.7665224],[126.2632294,37.7660135],[126.2632938,37.76581],[126.2636693,37.765776],[126.26488,37.7659699],[126.2659974,37.7661662],[126.267124,37.7664121],[126.2703319,37.7670821],[126.2705894,37.7672009],[126.2713619,37.7670991],[126.2715442,37.7673111],[126.2726386,37.7670567],[126.27369,37.7670567],[126.2739153,37.7671415],[126.275589,37.7669295],[126.2767692,37.7668786],[126.2772734,37.766904],[126.2775417,37.7670143],[126.2781425,37.7670058],[126.2793012,37.7668447],[126.2804921,37.7666157],[126.2810071,37.7665478],[126.2814577,37.7663528],[126.282831,37.766022],[126.2833199,37.76588],[126.2853308,37.7652332],[126.2864466,37.7648855],[126.2865002,37.7647328],[126.2878199,37.7643427],[126.2884744,37.7642833],[126.2887301,37.7640799],[126.2888284,37.7639525],[126.2889142,37.763732],[126.2893219,37.7635793],[126.2894078,37.7632994],[126.2897342,37.763163],[126.2899657,37.7631213],[126.2901069,37.7628343],[126.2902952,37.7627312],[126.2909131,37.7625684],[126.2914689,37.7628156],[126.2912495,37.7630616],[126.2913868,37.7633801],[126.2917505,37.7633483],[126.2918927,37.7636748],[126.2923165,37.7641888],[126.2927599,37.7642999],[126.2934001,37.76457],[126.29468,37.76486],[126.2950511,37.7650212],[126.2956301,37.7653899],[126.29594,37.76566],[126.29658,37.7659301],[126.2976153,37.7663443],[126.2981701,37.7666101],[126.2984629,37.7664291],[126.2988599,37.7664036],[126.2993749,37.7665563],[126.2997264,37.7668872],[126.2996995,37.7671264],[126.2999318,37.7673443],[126.3001496,37.7673528],[126.3026554,37.7686932],[126.3029821,37.7689795],[126.3032127,37.7690168],[126.3035082,37.7691919],[126.3037394,37.7694561],[126.3038827,37.7694548],[126.3042003,37.7696194],[126.3043762,37.7697525],[126.3043934,37.769987],[126.3050414,37.7704394],[126.3052566,37.7703708],[126.3055735,37.7701952],[126.3057328,37.7701923],[126.310629,37.7721691],[126.3108683,37.7721865],[126.3121536,37.7726966],[126.3124867,37.772728],[126.3140333,37.7731804],[126.3158336,37.7737727],[126.3164564,37.773587],[126.316606,37.7739013],[126.3171076,37.774171],[126.3174343,37.7747298],[126.3173967,37.7748604],[126.3179195,37.7758538],[126.3223358,37.7810668],[126.3211375,37.781823],[126.321322,37.7819043],[126.3248812,37.7857393],[126.3253265,37.7862074],[126.3260423,37.7867831],[126.3270789,37.787495],[126.3270321,37.7876671],[126.3272969,37.7876032],[126.328187,37.7877163],[126.3287799,37.7879799],[126.32894,37.78811],[126.32924,37.788263],[126.3298391,37.7883535],[126.3302634,37.7888535],[126.3305201,37.7891801],[126.3308083,37.7895908],[126.3305392,37.7903746],[126.3303656,37.7913515],[126.3303068,37.7924517],[126.3305323,37.7931431],[126.3310325,37.7939268],[126.3310875,37.7941],[126.3312934,37.7945179],[126.3318674,37.7950145],[126.33224,37.79538],[126.3324,37.7955101],[126.3325335,37.7957778],[126.332891,37.7961308],[126.3333399,37.7962999],[126.3339801,37.79657],[126.33413,37.7967],[126.33429,37.7968401]]],[[[125.905028,37.842889],[125.90696507,37.84172932],[125.9069812,37.8416934],[125.90702679,37.84169237],[125.90968244,37.8401025],[125.9096637,37.8400887],[125.9093133,37.8387439],[125.9088699,37.83859],[125.9085299,37.83859],[125.90822,37.83873],[125.90827,37.8399999],[125.9079501,37.84002],[125.90793,37.83951],[125.9072801,37.8395201],[125.90714,37.84004],[125.90699,37.84029],[125.90634,37.8403201],[125.90635,37.84083],[125.9053901,37.84085],[125.9052159,37.8412878],[125.9054051,37.8413285],[125.905418,37.8414677],[125.90526,37.84163],[125.9050082,37.8418343],[125.9047947,37.841909],[125.9043281,37.8420198],[125.9041338,37.8419879],[125.90379,37.8414101],[125.90348,37.8415401],[125.9031601,37.8416799],[125.9031414,37.8419862],[125.903015,37.842072],[125.9028903,37.842072],[125.9028114,37.8420021],[125.9028044,37.8418411],[125.9026582,37.8416239],[125.902482,37.8415797],[125.9021939,37.8415356],[125.9020392,37.8415797],[125.9021295,37.8418479],[125.9022806,37.8420088],[125.9022842,37.8421059],[125.9021982,37.84215],[125.9021311,37.8421139],[125.9018328,37.8417495],[125.9018028,37.8416205],[125.9017125,37.841556],[125.9014116,37.8414168],[125.9012697,37.8414881],[125.9012654,37.8415627],[125.9013944,37.8416544],[125.9015147,37.8417834],[125.901549,37.8420288],[125.9014889,37.8422111],[125.90148985,37.84224559],[125.905028,37.842889]]]]}},{"type":"Feature","properties":{"sterm_parent":"제주도남서쪽안쪽먼바다","fcst_kor_nm":"제주도남서쪽안쪽먼바다","zone_id":"S1324210"},"geometry":{"type":"MultiPolygon","coordinates":[[[[126.29444554,32.99221802],[126.29652648,32.25539769],[126.29643746,32.25544587],[124.49777999,33.22896423],[124.49777823,33.22896518],[124.49980565,33.22997919],[125.38287354,33.67164598],[125.91726736,33.33678159],[125.91756785,33.33659329],[125.94061634,33.19722826],[125.99679216,33.1198134],[125.99859847,33.11732417],[126.06881701,33.06637321],[126.15447191,33.00715931],[126.29394955,32.9922773],[126.29443784,32.9922252],[126.29444266,32.99222468],[126.29444552,32.99222438],[126.29444554,32.99222042],[126.29444554,32.99221802]]]]}},{"type":"Feature","properties":{"sterm_parent":"제주도남서쪽안쪽먼바다","fcst_kor_nm":"제주도남서쪽안쪽먼바다","zone_id":"S1324210"},"geometry":{"type":"MultiPolygon","coordinates":[[[[126.29444554,32.99221802],[126.29652648,32.25539769],[126.29643746,32.25544587],[124.49777999,33.22896423],[124.49777823,33.22896518],[124.49980565,33.22997919],[125.38287354,33.67164598],[125.91726736,33.33678159],[125.91756785,33.33659329],[125.94061634,33.19722826],[125.99679216,33.1198134],[125.99859847,33.11732417],[126.06881701,33.06637321],[126.15447191,33.00715931],[126.29394955,32.9922773],[126.29443784,32.9922252],[126.29444266,32.99222468],[126.29444552,32.99222438],[126.29444554,32.99222042],[126.29444554,32.99221802]]]]}},{"type":"Feature","properties":{"sterm_parent":"전남북부서해앞바다","fcst_kor_nm":"전남북부서해앞바다중평수구역","zone_id":"S2210300"},"geometry":{"type":"MultiPolygon","coordinates":[[[[126.457056,35.074944],[126.45125675,35.07209352],[126.43704274,35.0850019],[126.457056,35.074944]]],[[[126.339556,35.257472],[126.340778,35.254583],[126.350806,35.255389],[126.354139,35.247889],[126.367056,35.249167],[126.363333,35.245417],[126.331639,35.237917],[126.327056,35.235],[126.32625,35.227472],[126.330833,35.22375],[126.34,35.227111],[126.346222,35.222472],[126.334556,35.216667],[126.338278,35.213722],[126.349194,35.215389],[126.350806,35.21875],[126.359167,35.219556],[126.3625,35.21625],[126.378306,35.218722],[126.389972,35.22625],[126.397472,35.222917],[126.401611,35.224556],[126.401639,35.221222],[126.391278,35.215],[126.395417,35.209139],[126.389167,35.210361],[126.377472,35.194611],[126.374972,35.200389],[126.364528,35.197472],[126.369194,35.189556],[126.375389,35.191639],[126.370806,35.180389],[126.365833,35.187889],[126.364167,35.185389],[126.350444,35.183306],[126.360389,35.181639],[126.35825,35.17375],[126.365778,35.17375],[126.369139,35.177944],[126.370861,35.171222],[126.378306,35.174583],[126.381222,35.173278],[126.376222,35.168306],[126.382111,35.165],[126.371611,35.16375],[126.370389,35.159139],[126.382056,35.1575],[126.379556,35.153333],[126.382472,35.147028],[126.392056,35.148333],[126.383722,35.142472],[126.389139,35.137056],[126.394139,35.137083],[126.397472,35.142028],[126.399972,35.13625],[126.408333,35.137917],[126.409139,35.147889],[126.414972,35.135361],[126.422917,35.134972],[126.422917,35.130833],[126.42625,35.13],[126.416222,35.126639],[126.422472,35.118694],[126.429139,35.12125],[126.431222,35.1175],[126.417917,35.110806],[126.420778,35.105389],[126.445,35.10625],[126.445778,35.10375],[126.460806,35.102111],[126.464972,35.097917],[126.467111,35.106639],[126.474139,35.110389],[126.477056,35.104167],[126.467889,35.091667],[126.476222,35.085833],[126.468306,35.090417],[126.465,35.086222],[126.464639,35.094167],[126.460778,35.096278],[126.454139,35.087889],[126.452472,35.090417],[126.43595911,35.08598598],[126.34057617,35.17260742],[126.14639889,35.17336983],[126.33001709,35.28039551],[126.36579328,35.27646633],[126.356639,35.272917],[126.354972,35.268694],[126.339556,35.257472]]]]}},{"type":"Feature","properties":{"sterm_parent":"부산앞바다","fcst_kor_nm":"부산앞바다중서부평수구역","zone_id":"S2310200"},"geometry":{"type":"MultiPolygon","coordinates":[[[[129.0700543,35.10938361],[129.090833,35.110361],[129.09529831,35.11260609],[129.09755721,35.10607863],[129.097083,35.104972],[129.099139,35.099528],[129.09982414,35.099528],[129.10412598,35.08709717],[129.09675192,35.06105754],[129.076194,35.075],[129.079556,35.084944],[129.073694,35.088333],[129.071611,35.094583],[129.05967346,35.10056597],[129.0700543,35.10938361]]],[[[128.957056,35.086611],[128.959556,35.081639],[128.95625,35.077528],[128.958778,35.064972],[128.962083,35.062472],[128.959583,35.053306],[128.968778,35.046667],[128.966611,35.032917],[128.974139,35.040417],[128.978722,35.040833],[128.972083,35.046667],[128.973333,35.048722],[128.979167,35.05125],[128.982917,35.047472],[128.982472,35.052917],[128.972861,35.054167],[128.974111,35.057083],[128.980417,35.058333],[128.981667,35.063722],[128.991278,35.058333],[128.994194,35.046278],[129.00125,35.047472],[128.992944,35.065],[128.996222,35.070833],[128.992083,35.078333],[128.993389,35.084583],[129.004111,35.087028],[129.006222,35.084972],[129.007056,35.073306],[129.012917,35.066639],[129.013722,35.054167],[129.016639,35.053722],[129.022917,35.061667],[129.017889,35.074139],[129.026222,35.081639],[129.025444,35.090806],[129.029972,35.097056],[129.034583,35.095778],[129.031222,35.093333],[129.035833,35.084556],[129.055028,35.071222],[129.065,35.069556],[129.065833,35.063778],[129.071694,35.059528],[129.077444,35.06125],[129.085,35.051222],[129.090833,35.050417],[129.09633561,35.05958742],[129.09631348,35.05950928],[129.09191895,35.05187988],[129.09869385,35.04168701],[128.83209229,34.98352051],[128.76190186,35.00952148],[128.75952148,35.02508545],[128.76348877,35.03271484],[128.76690674,35.03747559],[128.7756958,35.04730225],[128.78511272,35.08029155],[128.78609829,35.08106966],[128.78621331,35.08079551],[128.786722,35.079583],[128.794194,35.079583],[128.800806,35.089556],[128.8175,35.092056],[128.823278,35.101278],[128.829139,35.102083],[128.864167,35.099556],[128.871222,35.083306],[128.879944,35.080389],[128.888722,35.088306],[128.891194,35.11],[128.896611,35.119556],[128.906222,35.116667],[128.905361,35.100861],[128.899556,35.097472],[128.899556,35.094139],[128.905028,35.08625],[128.909944,35.08625],[128.913306,35.090389],[128.925028,35.09125],[128.936278,35.114167],[128.945417,35.121667],[128.951611,35.132083],[128.960778,35.136278],[128.967889,35.131639],[128.967889,35.128306],[128.959556,35.111639],[128.962917,35.094972],[128.957056,35.086611]]]]}},{"type":"Feature","properties":{"sterm_parent":"강원남부앞바다","fcst_kor_nm":"강원남부앞바다중연안바다","zone_id":"S2120700"},"geometry":{"type":"MultiPolygon","coordinates":[[[[129.1451416,37.60534668],[129.15570068,37.59259033],[129.1574707,37.58905029],[129.15899658,37.58508301],[129.15991211,37.58227539],[129.16052246,37.57940674],[129.16210938,37.57562256],[129.16320801,37.57104492],[129.16448975,37.5668335],[129.16540527,37.56268311],[129.16558838,37.55737305],[129.16497803,37.55230713],[129.16381836,37.54901123],[129.16271973,37.54595947],[129.16381836,37.5413208],[129.16583252,37.5380249],[129.1673584,37.53387451],[129.16870117,37.52923584],[129.17156982,37.52703857],[129.17419434,37.5255127],[129.17681885,37.52392578],[129.18035889,37.52087402],[129.18432617,37.51690674],[129.18652344,37.51403809],[129.18804932,37.51141357],[129.18914795,37.50878906],[129.19067383,37.50500488],[129.19396973,37.50128174],[129.19683838,37.49884033],[129.19836426,37.49664307],[129.20037842,37.4944458],[129.20275879,37.49291992],[129.20544434,37.49182129],[129.20849609,37.48986816],[129.21136475,37.48742676],[129.21447754,37.48455811],[129.21685791,37.48150635],[129.21905518,37.47973633],[129.22216797,37.47662354],[129.22503662,37.47332764],[129.22723389,37.46984863],[129.22961426,37.46563721],[129.23162842,37.46081543],[129.23272705,37.45684814],[129.23449707,37.45202637],[129.23602295,37.44714355],[129.23687744,37.44384766],[129.23822021,37.44122314],[129.2388916,37.43682861],[129.23907471,37.43310547],[129.23974609,37.43023682],[129.24261475,37.42779541],[129.2456665,37.42584229],[129.2487793,37.42382813],[129.25250244,37.42272949],[129.25512695,37.421875],[129.25823975,37.42095947],[129.26153564,37.41943359],[129.26483154,37.41766357],[129.2677002,37.41571045],[129.27166748,37.41394043],[129.27563477,37.4128418],[129.27911377,37.41149902],[129.28173828,37.41040039],[129.28442383,37.40911865],[129.28747559,37.40734863],[129.29101563,37.40490723],[129.29455566,37.40161133],[129.29785156,37.39764404],[129.29956055,37.39501953],[129.30090332,37.39196777],[129.30224609,37.38867188],[129.30310059,37.38427734],[129.30334473,37.37921143],[129.30291748,37.37524414],[129.3024292,37.37237549],[129.30114746,37.3692627],[129.30090332,37.36578369],[129.30352783,37.36181641],[129.3057251,37.35870361],[129.30792236,37.35430908],[129.309021,37.35144043],[129.30993652,37.34771729],[129.31121826,37.34442139],[129.3147583,37.34332275],[129.3180542,37.34179688],[129.32202148,37.33978271],[129.32556152,37.33782959],[129.32861328,37.33563232],[129.33215332,37.33251953],[129.33544922,37.32904053],[129.33740234,37.32617188],[129.33917236,37.32287598],[129.34118652,37.32025146],[129.34515381,37.31781006],[129.34863281,37.31561279],[129.35150146,37.31359863],[129.35571289,37.30987549],[129.35791016,37.30700684],[129.36053467,37.30395508],[129.36340332,37.30133057],[129.36535645,37.29864502],[129.36755371,37.29602051],[129.36907959,37.29272461],[129.37042236,37.2901001],[129.37176514,37.28613281],[129.37261963,37.28240967],[129.37304688,37.27929687],[129.37463379,37.2769165],[129.37658691,37.27514648],[129.37963867,37.27270508],[129.38409424,37.26831055],[129.38800049,37.26348877],[129.38909912,37.2612915],[129.39086914,37.25732422],[129.39398193,37.25268555],[129.39575195,37.24981689],[129.39727783,37.24719238],[129.39880371,37.24298096],[129.3994751,37.23883057],[129.3996582,37.23419189],[129.39904785,37.22894287],[129.39746094,37.22473145],[129.3963623,37.22235107],[129.39416504,37.21881104],[129.39154053,37.215271],[129.39068604,37.21264648],[129.39068604,37.20849609],[129.39044189,37.20513916],[129.38977051,37.20233154],[129.38891602,37.199646],[129.38848877,37.1963501],[129.387146,37.19287109],[129.3862915,37.1895752],[129.38739014,37.18560791],[129.39068604,37.1807251],[129.39331055,37.17852783],[129.39550781,37.17565918],[129.39727783,37.17327881],[129.3994751,37.16955566],[129.40124512,37.16558838],[129.40319824,37.16290283],[129.40496826,37.16009521],[129.40673828,37.15740967],[129.4085083,37.1550293],[129.41156006,37.15081787],[129.41375732,37.14666748],[129.36710524,37.14680619],[129.361278,37.159167],[129.345417,37.174944],[129.342889,37.196639],[129.349556,37.215],[129.342889,37.229139],[129.357917,37.237472],[129.35125,37.242528],[129.351278,37.248306],[129.328722,37.266639],[129.331278,37.281611],[129.323278,37.284556],[129.320806,37.292056],[129.314139,37.287917],[129.311639,37.292889],[129.304194,37.293722],[129.303778,37.304972],[129.297472,37.31375],[129.2875,37.312056],[129.272944,37.323333],[129.272083,37.330833],[129.267889,37.334944],[129.268806,37.341639],[129.252111,37.365778],[129.25375,37.376639],[129.259583,37.380806],[129.220861,37.399556],[129.203306,37.414583],[129.190417,37.434972],[129.194556,37.438306],[129.191194,37.454944],[129.130389,37.506611],[129.124583,37.520806],[129.126194,37.526639],[129.11625,37.537472],[129.112861,37.549167],[129.122472,37.552917],[129.124639,37.557444],[129.11875,37.577472],[129.07648177,37.60598565],[129.1451416,37.60534668]]]]}},{"type":"Feature","properties":{"sterm_parent":"전남북부서해앞바다","fcst_kor_nm":"전남북부서해앞바다","zone_id":"S1231300"},"geometry":{"type":"MultiPolygon","coordinates":[[[[126.457056,35.074944],[126.45340228,35.0731481],[126.4525492,35.07389237],[126.44378995,35.081611],[126.457056,35.074944]]],[[[126.45620979,35.36823937],[126.455861,35.367889],[126.45192383,35.37348676],[126.45620979,35.36823937]]],[[[126.45179205,35.42588032],[126.45094119,35.42343037],[126.44705991,35.42701397],[126.45179205,35.42588032]]],[[[126.428333,35.429583],[126.422083,35.423306],[126.426639,35.416194],[126.420389,35.419972],[126.422083,35.425833],[126.4175,35.427056],[126.41375,35.424167],[126.415417,35.418306],[126.404611,35.409139],[126.407917,35.404972],[126.401278,35.396667],[126.406222,35.392528],[126.40625,35.384972],[126.413694,35.381639],[126.411194,35.376667],[126.419139,35.36875],[126.425389,35.3725],[126.422917,35.375833],[126.425861,35.382083],[126.431639,35.377889],[126.441639,35.38625],[126.442083,35.381667],[126.445833,35.380389],[126.44375,35.384167],[126.44664171,35.38772265],[126.44923939,35.37677337],[126.44968974,35.376222],[126.444167,35.376222],[126.438694,35.373306],[126.439139,35.368722],[126.429972,35.369556],[126.427056,35.364111],[126.431667,35.359583],[126.433306,35.362889],[126.444944,35.36125],[126.450389,35.355],[126.442083,35.341667],[126.432889,35.338306],[126.441639,35.335417],[126.450833,35.325361],[126.465028,35.329556],[126.469167,35.327056],[126.484167,35.329556],[126.48875,35.326667],[126.474139,35.326194],[126.468694,35.319167],[126.469583,35.311667],[126.465833,35.31125],[126.444972,35.329528],[126.440806,35.329556],[126.438333,35.334528],[126.43125,35.337472],[126.434583,35.343333],[126.432861,35.348333],[126.437083,35.348306],[126.434972,35.356222],[126.428333,35.35625],[126.42,35.36625],[126.409139,35.364611],[126.402444,35.370417],[126.395833,35.370389],[126.392056,35.359139],[126.385417,35.353333],[126.387028,35.346667],[126.378722,35.333333],[126.374583,35.316639],[126.377056,35.305806],[126.384556,35.2975],[126.382083,35.2875],[126.371611,35.278722],[126.356639,35.272917],[126.354972,35.268694],[126.339556,35.257472],[126.340778,35.254583],[126.350806,35.255389],[126.354139,35.247889],[126.367056,35.249167],[126.363333,35.245417],[126.331639,35.237917],[126.327056,35.235],[126.32625,35.227472],[126.330833,35.22375],[126.34,35.227111],[126.346222,35.222472],[126.334556,35.216667],[126.338278,35.213722],[126.349194,35.215389],[126.350806,35.21875],[126.359167,35.219556],[126.3625,35.21625],[126.378306,35.218722],[126.38510868,35.22311173],[126.39486545,35.20924684],[126.389167,35.210361],[126.377472,35.194611],[126.374972,35.200389],[126.364528,35.197472],[126.369194,35.189556],[126.375389,35.191639],[126.370806,35.180389],[126.365833,35.187889],[126.364167,35.185389],[126.350444,35.183306],[126.360389,35.181639],[126.35825,35.17375],[126.365778,35.17375],[126.369139,35.177944],[126.370861,35.171222],[126.378306,35.174583],[126.381222,35.173278],[126.376222,35.168306],[126.382111,35.165],[126.371611,35.16375],[126.370389,35.159139],[126.382056,35.1575],[126.379556,35.153333],[126.382472,35.147028],[126.392056,35.148333],[126.383722,35.142472],[126.389139,35.137056],[126.394139,35.137083],[126.397472,35.142028],[126.399972,35.13625],[126.408333,35.137917],[126.409139,35.147889],[126.414972,35.135361],[126.422917,35.134972],[126.422917,35.130833],[126.42625,35.13],[126.416222,35.126639],[126.422472,35.118694],[126.429139,35.12125],[126.431222,35.1175],[126.417917,35.110806],[126.420778,35.105389],[126.445,35.10625],[126.445778,35.10375],[126.460806,35.102111],[126.464972,35.097917],[126.467111,35.106639],[126.474139,35.110389],[126.477056,35.104167],[126.467889,35.091667],[126.476222,35.085833],[126.468306,35.090417],[126.465,35.086222],[126.464639,35.094167],[126.460778,35.096278],[126.454139,35.087889],[126.452472,35.090417],[126.43815613,35.08657552],[126.43446063,35.08983199],[126.40438085,35.11633825],[126.39964476,35.12051168],[126.3405718,35.17256668],[126.30424573,35.17271139],[126.28026038,35.17280694],[126.27069397,35.17284504],[126.2444926,35.17294942],[126.14580293,35.17334256],[126.14402245,35.17366747],[126.13590339,35.17601621],[126.09008789,35.18927002],[125.97415259,35.22704836],[126.01644018,35.33270799],[126.02804337,35.35610395],[126.07788738,35.44379702],[126.10704459,35.49531765],[126.1173971,35.51361048],[126.11742394,35.51360309],[126.12676937,35.51102882],[126.4263236,35.43198162],[126.43369646,35.43021536],[126.428333,35.429583]]]]}},{"type":"Feature","properties":{"sterm_parent":"거제시동부앞바다","fcst_kor_nm":"거제시동부앞바다","zone_id":"S1311400"},"geometry":{"type":"MultiPolygon","coordinates":[[[[128.8110051,34.91324502],[128.89883572,34.82580676],[128.5489,34.6181],[128.54891021,34.61851914],[128.54878886,34.61926867],[128.54838197,34.62097474],[128.54841766,34.62136735],[128.54891021,34.62243811],[128.54898873,34.62486016],[128.55530082,34.62968964],[128.55543035,34.62975555],[128.56290932,34.63393456],[128.57378743,34.64171282],[128.5761017,34.64900257],[128.57581573,34.65019736],[128.5749103,34.65436923],[128.57684822,34.66187864],[128.57733269,34.66526999],[128.57805941,34.67035701],[128.57830165,34.67399059],[128.57878613,34.67810866],[128.57878613,34.68101553],[128.58014841,34.68757372],[128.58016425,34.70251504],[128.58063958,34.70504528],[128.59405974,34.71484866],[128.60153838,34.71635724],[128.61295979,34.72111616],[128.61819461,34.74443488],[128.64627225,34.81439103],[128.67006686,34.82462271],[128.69290968,34.84841732],[128.68815076,34.87221193],[128.68386773,34.89933779],[128.70052396,34.90980742],[128.7198977,34.90958964],[128.8110051,34.91324502]]]]}},{"type":"Feature","properties":{"sterm_parent":"거제시동부앞바다","fcst_kor_nm":"거제시동부앞바다","zone_id":"S1311400"},"geometry":{"type":"MultiPolygon","coordinates":[[[[128.8110051,34.91324502],[128.89883572,34.82580676],[128.5489,34.6181],[128.54891021,34.61851914],[128.54878886,34.61926867],[128.54838197,34.62097474],[128.54841766,34.62136735],[128.54891021,34.62243811],[128.54898873,34.62486016],[128.55530082,34.62968964],[128.55543035,34.62975555],[128.56290932,34.63393456],[128.57378743,34.64171282],[128.5761017,34.64900257],[128.57581573,34.65019736],[128.5749103,34.65436923],[128.57684822,34.66187864],[128.57733269,34.66526999],[128.57805941,34.67035701],[128.57830165,34.67399059],[128.57878613,34.67810866],[128.57878613,34.68101553],[128.58014841,34.68757372],[128.58016425,34.70251504],[128.58063958,34.70504528],[128.59405974,34.71484866],[128.60153838,34.71635724],[128.61295979,34.72111616],[128.61819461,34.74443488],[128.64627225,34.81439103],[128.67006686,34.82462271],[128.69290968,34.84841732],[128.68815076,34.87221193],[128.68386773,34.89933779],[128.70052396,34.90980742],[128.7198977,34.90958964],[128.8110051,34.91324502]]]]}},{"type":"Feature","properties":{"sterm_parent":"경북남부앞바다","fcst_kor_nm":"경북남부앞바다","zone_id":"S1131200"},"geometry":{"type":"MultiPolygon","coordinates":[[[[129.6544256,36.2678725],[129.81483068,36.12831416],[129.83553454,36.0371691],[129.78888179,35.8903463],[129.76191629,35.78025896],[129.74472476,35.72906772],[129.72741632,35.6722202],[129.72151789,35.65084462],[129.58703096,35.65086675],[129.45180402,35.65088901],[129.456667,35.66625],[129.467111,35.667528],[129.465361,35.675833],[129.474611,35.685],[129.473778,35.707528],[129.480417,35.713333],[129.487083,35.729972],[129.484583,35.7425],[129.494639,35.7525],[129.492917,35.76],[129.497111,35.774972],[129.492944,35.789139],[129.501278,35.794139],[129.500389,35.798333],[129.50625,35.804139],[129.504556,35.808333],[129.512917,35.8075],[129.514556,35.8175],[129.511222,35.825028],[129.52125,35.838306],[129.521278,35.850806],[129.527139,35.854139],[129.528722,35.864167],[129.535472,35.869167],[129.534167,35.872889],[129.522472,35.87375],[129.520361,35.876667],[129.521639,35.882056],[129.529528,35.884139],[129.52625,35.894972],[129.53375,35.900833],[129.520444,35.919944],[129.521278,35.930833],[129.524167,35.93375],[129.529944,35.932917],[129.540417,35.948333],[129.549583,35.952472],[129.549611,35.965806],[129.555417,35.969139],[129.552944,35.978333],[129.557889,35.982472],[129.552917,35.987472],[129.558306,35.991222],[129.567528,35.990389],[129.569556,35.998972],[129.575444,36.001944],[129.577917,36.010806],[129.583778,36.015806],[129.578778,36.023278],[129.582861,36.028361],[129.578694,36.034167],[129.582083,36.037472],[129.582861,36.047472],[129.570444,36.069167],[129.570444,36.077472],[129.562444,36.080389],[129.5575,36.08625],[129.548306,36.085417],[129.531639,36.058694],[129.525778,36.058722],[129.515083,36.044583],[129.502972,36.037472],[129.501667,36.026194],[129.489139,36.017889],[129.4775,36.016222],[129.459194,36.005417],[129.456278,35.995778],[129.450806,35.992889],[129.417917,36.001278],[129.389944,36.024556],[129.378333,36.020417],[129.385444,36.030806],[129.37625,36.0475],[129.372861,36.046667],[129.384194,36.064583],[129.395861,36.063694],[129.409167,36.073722],[129.419194,36.074556],[129.418694,36.088306],[129.432028,36.101639],[129.43125,36.111667],[129.403361,36.131222],[129.396278,36.139944],[129.40125,36.153333],[129.399583,36.170806],[129.392556,36.185417],[129.380806,36.188722],[129.372889,36.199167],[129.373778,36.205806],[129.383306,36.210417],[129.387944,36.216639],[129.382944,36.23],[129.386222,36.24],[129.375389,36.252444],[129.37751412,36.26807556],[129.6544256,36.2678725]]]]}},{"type":"Feature","properties":{"sterm_parent":"경북남부앞바다","fcst_kor_nm":"경북남부앞바다","zone_id":"S1131200"},"geometry":{"type":"MultiPolygon","coordinates":[[[[129.6544256,36.2678725],[129.81483068,36.12831416],[129.83553454,36.0371691],[129.78888179,35.8903463],[129.76191629,35.78025896],[129.74472476,35.72906772],[129.72741632,35.6722202],[129.72151789,35.65084462],[129.58703096,35.65086675],[129.45180402,35.65088901],[129.456667,35.66625],[129.467111,35.667528],[129.465361,35.675833],[129.474611,35.685],[129.473778,35.707528],[129.480417,35.713333],[129.487083,35.729972],[129.484583,35.7425],[129.494639,35.7525],[129.492917,35.76],[129.497111,35.774972],[129.492944,35.789139],[129.501278,35.794139],[129.500389,35.798333],[129.50625,35.804139],[129.504556,35.808333],[129.512917,35.8075],[129.514556,35.8175],[129.511222,35.825028],[129.52125,35.838306],[129.521278,35.850806],[129.527139,35.854139],[129.528722,35.864167],[129.535472,35.869167],[129.534167,35.872889],[129.522472,35.87375],[129.520361,35.876667],[129.521639,35.882056],[129.529528,35.884139],[129.52625,35.894972],[129.53375,35.900833],[129.520444,35.919944],[129.521278,35.930833],[129.524167,35.93375],[129.529944,35.932917],[129.540417,35.948333],[129.549583,35.952472],[129.549611,35.965806],[129.555417,35.969139],[129.552944,35.978333],[129.557889,35.982472],[129.552917,35.987472],[129.558306,35.991222],[129.567528,35.990389],[129.569556,35.998972],[129.575444,36.001944],[129.577917,36.010806],[129.583778,36.015806],[129.578778,36.023278],[129.582861,36.028361],[129.578694,36.034167],[129.582083,36.037472],[129.582861,36.047472],[129.570444,36.069167],[129.570444,36.077472],[129.562444,36.080389],[129.5575,36.08625],[129.548306,36.085417],[129.531639,36.058694],[129.525778,36.058722],[129.515083,36.044583],[129.502972,36.037472],[129.501667,36.026194],[129.489139,36.017889],[129.4775,36.016222],[129.459194,36.005417],[129.456278,35.995778],[129.450806,35.992889],[129.417917,36.001278],[129.389944,36.024556],[129.378333,36.020417],[129.385444,36.030806],[129.37625,36.0475],[129.372861,36.046667],[129.384194,36.064583],[129.395861,36.063694],[129.409167,36.073722],[129.419194,36.074556],[129.418694,36.088306],[129.432028,36.101639],[129.43125,36.111667],[129.403361,36.131222],[129.396278,36.139944],[129.40125,36.153333],[129.399583,36.170806],[129.392556,36.185417],[129.380806,36.188722],[129.372889,36.199167],[129.373778,36.205806],[129.383306,36.210417],[129.387944,36.216639],[129.382944,36.23],[129.386222,36.24],[129.375389,36.252444],[129.37751412,36.26807556],[129.6544256,36.2678725]]]]}},{"type":"Feature","properties":{"sterm_parent":"남해서부동쪽먼바다","fcst_kor_nm":"남해서부 동쪽","zone_id":"S1322200"},"geometry":{"type":"MultiPolygon","coordinates":[[[[127.805834,34.408056],[127.833232,34.420715],[127.83333331,33.57996894],[127.83333333,33.57991789],[127.83329955,33.57990555],[127.51141187,33.46229686],[127.15810499,33.33320847],[127.15775014,33.33307882],[127.16518699,33.35676217],[127.18927803,33.43348238],[127.18885927,33.4754669],[127.17347216,33.52465556],[127.15741288,33.55453607],[127.15393185,33.55949501],[127.12933927,33.59452866],[127.09300806,33.64624145],[127.09250085,33.6469634],[126.97916135,33.71313607],[126.93232323,33.7279173],[126.82977154,33.7602807],[126.75227765,33.75720745],[126.75226745,33.75720705],[126.75228721,33.75722626],[126.75229197,33.75723089],[126.80746415,33.81087174],[127.21525401,34.20795053],[127.2158154,34.20849718],[127.21581568,34.20849744],[127.21581609,34.20849748],[127.21581797,34.20849764],[127.21585056,34.20850041],[127.22131482,34.20896586],[127.26357118,34.21184393],[127.35729208,34.26000831],[127.39653405,34.27934454],[127.39774844,34.27994292],[127.39777531,34.27998029],[127.44357331,34.34366633],[127.49263773,34.41189459],[127.54505465,34.41086781],[127.805834,34.408056]]]]}},{"type":"Feature","properties":{"sterm_parent":"남해서부동쪽먼바다","fcst_kor_nm":"남해서부 동쪽","zone_id":"S1322200"},"geometry":{"type":"MultiPolygon","coordinates":[[[[127.805834,34.408056],[127.833232,34.420715],[127.83333331,33.57996894],[127.83333333,33.57991789],[127.83329955,33.57990555],[127.51141187,33.46229686],[127.15810499,33.33320847],[127.15775014,33.33307882],[127.16518699,33.35676217],[127.18927803,33.43348238],[127.18885927,33.4754669],[127.17347216,33.52465556],[127.15741288,33.55453607],[127.15393185,33.55949501],[127.12933927,33.59452866],[127.09300806,33.64624145],[127.09250085,33.6469634],[126.97916135,33.71313607],[126.93232323,33.7279173],[126.82977154,33.7602807],[126.75227765,33.75720745],[126.75226745,33.75720705],[126.75228721,33.75722626],[126.75229197,33.75723089],[126.80746415,33.81087174],[127.21525401,34.20795053],[127.2158154,34.20849718],[127.21581568,34.20849744],[127.21581609,34.20849748],[127.21581797,34.20849764],[127.21585056,34.20850041],[127.22131482,34.20896586],[127.26357118,34.21184393],[127.35729208,34.26000831],[127.39653405,34.27934454],[127.39774844,34.27994292],[127.39777531,34.27998029],[127.44357331,34.34366633],[127.49263773,34.41189459],[127.54505465,34.41086781],[127.805834,34.408056]]]]}},{"type":"Feature","properties":{"sterm_parent":"전남동부남해앞바다","fcst_kor_nm":"전남동부남해앞바다","zone_id":"S1321200"},"geometry":{"type":"MultiPolygon","coordinates":[[[[127.732917,34.963361],[127.738306,34.95625],[127.755,34.961222],[127.75965449,34.96703547],[127.76030722,34.9665011],[127.82024199,34.90252798],[127.80340905,34.85797396],[127.83333309,34.80309792],[127.83333333,34.80309748],[127.833232,34.420715],[127.805834,34.408056],[127.54416847,34.41090022],[127.49227574,34.41197561],[127.44357331,34.34366633],[127.3983925,34.28029641],[127.39777531,34.27998029],[127.39653405,34.27934454],[127.35262797,34.25685662],[127.26328478,34.21160463],[127.22221154,34.20898688],[127.21584857,34.20849858],[127.21581854,34.20849628],[127.21581797,34.20849764],[127.21580685,34.20852396],[127.21576598,34.20862076],[127.21390386,34.21303126],[127.13515652,34.40695407],[127.0682102,34.46544663],[127.0458121,34.63432387],[127.0457867,34.63463599],[127.046667,34.634556],[127.064556,34.651611],[127.065806,34.663722],[127.071694,34.66125],[127.099194,34.671222],[127.110361,34.679139],[127.115361,34.693306],[127.130778,34.704528],[127.143306,34.693722],[127.179972,34.69125],[127.19875,34.706639],[127.212917,34.731639],[127.210417,34.738306],[127.22875,34.759972],[127.228278,34.765417],[127.2325,34.762889],[127.237056,34.764167],[127.242472,34.777056],[127.246222,34.776667],[127.24625,34.755833],[127.261667,34.732056],[127.266278,34.731611],[127.271667,34.740389],[127.27875,34.739972],[127.2875,34.75625],[127.290417,34.755833],[127.292083,34.745833],[127.288333,34.739583],[127.280806,34.739556],[127.27875,34.734139],[127.287472,34.734611],[127.291667,34.729556],[127.305833,34.748778],[127.312444,34.752056],[127.326667,34.751222],[127.327917,34.730806],[127.332917,34.716667],[127.336667,34.712889],[127.343361,34.714583],[127.344611,34.710833],[127.332083,34.705861],[127.326222,34.694139],[127.327028,34.688306],[127.317889,34.681667],[127.321222,34.674139],[127.315806,34.665444],[127.297528,34.668722],[127.285833,34.659583],[127.287944,34.669167],[127.280806,34.672889],[127.278722,34.6775],[127.282083,34.679972],[127.281222,34.688306],[127.287056,34.690806],[127.284556,34.694139],[127.287056,34.6975],[127.281278,34.699139],[127.283778,34.705],[127.279583,34.714972],[127.282083,34.718306],[127.275861,34.720417],[127.27,34.712889],[127.264167,34.717889],[127.259972,34.712917],[127.2525,34.712056],[127.254111,34.704583],[127.2475,34.706194],[127.246639,34.701222],[127.239583,34.700833],[127.241222,34.694139],[127.23625,34.691667],[127.243722,34.684972],[127.239139,34.678722],[127.232917,34.680806],[127.227056,34.663306],[127.228333,34.652056],[127.234167,34.658722],[127.23875,34.655806],[127.239583,34.647528],[127.247111,34.639167],[127.244611,34.634139],[127.249583,34.628306],[127.249583,34.620806],[127.23875,34.615],[127.232028,34.595028],[127.223722,34.589111],[127.227083,34.586639],[127.221639,34.586222],[127.219111,34.591222],[127.215778,34.59125],[127.205028,34.581222],[127.191722,34.582056],[127.182444,34.577056],[127.179556,34.58],[127.177889,34.5925],[127.187889,34.597472],[127.186222,34.603333],[127.19375,34.608306],[127.195361,34.622472],[127.202083,34.629972],[127.199528,34.6325],[127.202056,34.643306],[127.197444,34.65125],[127.19625,34.645806],[127.187917,34.640806],[127.185417,34.634194],[127.176639,34.630389],[127.172056,34.624139],[127.173778,34.609972],[127.168722,34.6025],[127.172028,34.594139],[127.164972,34.591222],[127.152528,34.593722],[127.149111,34.600389],[127.142889,34.581667],[127.134972,34.579556],[127.134167,34.572889],[127.124972,34.571278],[127.115417,34.559944],[127.113722,34.546639],[127.122028,34.539972],[127.124139,34.528722],[127.130861,34.531222],[127.130389,34.528306],[127.139139,34.522889],[127.139167,34.527917],[127.147472,34.527861],[127.150806,34.52375],[127.159139,34.529583],[127.1625,34.524611],[127.167528,34.525417],[127.174139,34.519556],[127.178722,34.531667],[127.173778,34.533306],[127.172472,34.538722],[127.167083,34.539167],[127.167083,34.545806],[127.172528,34.547889],[127.178333,34.546194],[127.189139,34.552028],[127.194194,34.549583],[127.201639,34.552889],[127.205833,34.561194],[127.209139,34.558722],[127.213361,34.560389],[127.21875,34.555833],[127.221278,34.545],[127.212889,34.539139],[127.221278,34.534972],[127.226694,34.525389],[127.232472,34.528722],[127.237056,34.527472],[127.231667,34.517889],[127.239111,34.515417],[127.241639,34.517917],[127.244972,34.51375],[127.245806,34.520389],[127.254972,34.521222],[127.275778,34.502083],[127.282861,34.500833],[127.284583,34.497528],[127.279611,34.494194],[127.28375,34.491667],[127.275,34.492917],[127.268778,34.486639],[127.27,34.481222],[127.276639,34.477889],[127.281639,34.479556],[127.295056,34.470417],[127.300833,34.470444],[127.298778,34.463306],[127.304556,34.464139],[127.304139,34.457083],[127.310778,34.463694],[127.309611,34.458306],[127.317056,34.454167],[127.3075,34.455417],[127.304556,34.450806],[127.3075,34.447917],[127.313361,34.449556],[127.315,34.443722],[127.324167,34.447917],[127.320778,34.441222],[127.325,34.441222],[127.326639,34.445361],[127.328306,34.441278],[127.34,34.444583],[127.342083,34.449139],[127.337139,34.450833],[127.339556,34.456667],[127.335,34.456194],[127.326639,34.462889],[127.321667,34.460417],[127.320361,34.468306],[127.317056,34.468306],[127.316278,34.475806],[127.324556,34.476667],[127.320417,34.484972],[127.324583,34.485833],[127.324972,34.497056],[127.329167,34.475417],[127.342111,34.480806],[127.33875,34.483333],[127.342944,34.484139],[127.341611,34.48875],[127.3525,34.480417],[127.358278,34.492056],[127.36375,34.490028],[127.369167,34.480361],[127.374139,34.480417],[127.379111,34.487083],[127.381222,34.481667],[127.378722,34.479111],[127.3825,34.477056],[127.382944,34.484139],[127.385028,34.48625],[127.389139,34.483722],[127.392083,34.489139],[127.387056,34.491639],[127.38625,34.498278],[127.380389,34.503306],[127.389167,34.504556],[127.391667,34.507917],[127.394139,34.504556],[127.404194,34.503722],[127.407917,34.510806],[127.407083,34.518306],[127.414583,34.519944],[127.412056,34.525806],[127.424194,34.527917],[127.429167,34.535417],[127.437083,34.534944],[127.435778,34.540444],[127.4275,34.539583],[127.427056,34.541639],[127.439583,34.549139],[127.435,34.549583],[127.433389,34.552889],[127.429972,34.55125],[127.430806,34.555361],[127.419167,34.552083],[127.425389,34.555806],[127.418361,34.555389],[127.418278,34.55875],[127.410806,34.555389],[127.3975,34.559583],[127.395,34.556222],[127.385861,34.557083],[127.384944,34.554556],[127.378306,34.553778],[127.368278,34.54625],[127.355861,34.545389],[127.362056,34.553333],[127.358306,34.553722],[127.350444,34.5625],[127.352917,34.565],[127.351222,34.572472],[127.332028,34.584111],[127.334139,34.588722],[127.34,34.590417],[127.343333,34.587889],[127.347444,34.592056],[127.359167,34.594556],[127.364139,34.59125],[127.364139,34.59875],[127.370861,34.603722],[127.383306,34.603694],[127.385,34.609583],[127.392889,34.604972],[127.3975,34.596222],[127.402528,34.597889],[127.406667,34.594556],[127.408306,34.599556],[127.4175,34.59625],[127.41125,34.590778],[127.413333,34.587028],[127.416278,34.588333],[127.415806,34.58375],[127.428333,34.58375],[127.43,34.587889],[127.433361,34.587056],[127.433778,34.581639],[127.440806,34.577083],[127.4475,34.577056],[127.447528,34.579583],[127.450861,34.57875],[127.457917,34.583306],[127.454611,34.593306],[127.456639,34.595389],[127.462083,34.589944],[127.459556,34.587472],[127.461639,34.580389],[127.474972,34.57375],[127.480778,34.577944],[127.486694,34.572917],[127.487889,34.579111],[127.496667,34.587917],[127.504222,34.592889],[127.509611,34.5925],[127.507056,34.606667],[127.498722,34.614972],[127.497889,34.631611],[127.494139,34.636222],[127.491611,34.632917],[127.484139,34.637056],[127.478306,34.634583],[127.470806,34.637917],[127.469194,34.632056],[127.4675,34.637083],[127.464167,34.634583],[127.459139,34.63625],[127.457528,34.633694],[127.44375,34.648306],[127.455833,34.647083],[127.456639,34.644556],[127.464944,34.647889],[127.469111,34.640361],[127.475,34.640389],[127.4775,34.647056],[127.491694,34.641222],[127.488306,34.65125],[127.481639,34.650444],[127.480833,34.655417],[127.475861,34.654528],[127.476278,34.658333],[127.47125,34.659972],[127.469972,34.664556],[127.465833,34.658694],[127.460833,34.661222],[127.459167,34.657889],[127.453333,34.657861],[127.455028,34.665389],[127.44625,34.662472],[127.447889,34.665806],[127.445444,34.666639],[127.450389,34.671667],[127.443278,34.672917],[127.438306,34.677889],[127.428278,34.674556],[127.434583,34.679944],[127.427111,34.681694],[127.428722,34.684972],[127.424556,34.692472],[127.419139,34.690417],[127.402889,34.701639],[127.407472,34.70125],[127.408333,34.703722],[127.394167,34.707889],[127.391667,34.719583],[127.385861,34.722083],[127.384111,34.717889],[127.374611,34.719139],[127.377111,34.7225],[127.373694,34.726667],[127.378306,34.726222],[127.382083,34.730806],[127.374583,34.741639],[127.380806,34.749556],[127.390833,34.75125],[127.401222,34.759167],[127.402528,34.77125],[127.3975,34.772056],[127.395,34.77625],[127.379194,34.776222],[127.370861,34.772917],[127.368278,34.765417],[127.361639,34.768722],[127.361667,34.762944],[127.355806,34.76875],[127.342111,34.767472],[127.352111,34.773333],[127.351667,34.778778],[127.347472,34.776194],[127.344583,34.778333],[127.350833,34.788722],[127.357472,34.786222],[127.361639,34.789556],[127.370806,34.788694],[127.370417,34.794139],[127.374167,34.794583],[127.379222,34.792889],[127.387444,34.779583],[127.388333,34.783722],[127.393778,34.783333],[127.390417,34.787472],[127.392528,34.791222],[127.39625,34.790806],[127.396611,34.79625],[127.414972,34.802056],[127.4175,34.807861],[127.426639,34.809528],[127.429583,34.814167],[127.425833,34.815361],[127.421667,34.812056],[127.413306,34.812917],[127.411694,34.815417],[127.393361,34.81375],[127.385861,34.825444],[127.360833,34.83375],[127.356222,34.838306],[127.369139,34.834528],[127.384111,34.835361],[127.3925,34.827056],[127.402528,34.824556],[127.415861,34.82875],[127.4175,34.83375],[127.426639,34.831222],[127.428306,34.834583],[127.433306,34.833722],[127.434611,34.844167],[127.440806,34.852083],[127.437917,34.840833],[127.442528,34.835389],[127.450056,34.835361],[127.454139,34.842056],[127.464167,34.840417],[127.469972,34.845417],[127.486639,34.83875],[127.494611,34.8475],[127.494556,34.856667],[127.49125,34.859139],[127.495444,34.858333],[127.496194,34.866639],[127.490361,34.866611],[127.489583,34.874167],[127.483722,34.88],[127.508333,34.879556],[127.515806,34.88875],[127.519583,34.8825],[127.516194,34.866667],[127.524528,34.855028],[127.526278,34.846639],[127.534167,34.841222],[127.543333,34.844583],[127.545389,34.842444],[127.540417,34.834139],[127.526278,34.823333],[127.524556,34.806639],[127.528361,34.805417],[127.527028,34.808333],[127.530833,34.810444],[127.536222,34.81],[127.531639,34.806222],[127.538333,34.805361],[127.545,34.805389],[127.546611,34.80875],[127.557444,34.807028],[127.560361,34.803278],[127.559528,34.795833],[127.56625,34.791667],[127.568694,34.783278],[127.575389,34.783306],[127.55875,34.776639],[127.57,34.776194],[127.573722,34.773333],[127.572917,34.760833],[127.575778,34.75875],[127.58125,34.760833],[127.583333,34.767889],[127.591194,34.758306],[127.585444,34.75],[127.5925,34.750417],[127.595389,34.747472],[127.594139,34.744528],[127.584972,34.746194],[127.585389,34.740833],[127.579583,34.739167],[127.576667,34.731222],[127.568306,34.729583],[127.5625,34.732889],[127.561278,34.7275],[127.565028,34.727083],[127.564583,34.724944],[127.552028,34.72],[127.548694,34.712444],[127.550806,34.711222],[127.561222,34.717472],[127.555361,34.711611],[127.555,34.701194],[127.5575,34.700361],[127.563333,34.707944],[127.566639,34.701222],[127.573333,34.70375],[127.581194,34.6975],[127.560861,34.701194],[127.552917,34.693333],[127.55125,34.681694],[127.563333,34.677889],[127.564556,34.674167],[127.552083,34.67],[127.552028,34.66],[127.562472,34.657083],[127.572889,34.638306],[127.580806,34.63125],[127.582917,34.633333],[127.57625,34.642472],[127.576222,34.648306],[127.580806,34.651222],[127.591694,34.65125],[127.6175,34.641222],[127.624583,34.635],[127.624944,34.630361],[127.635028,34.632028],[127.635806,34.626194],[127.644111,34.627111],[127.651194,34.638333],[127.646639,34.637889],[127.645806,34.634556],[127.63125,34.638278],[127.635,34.638722],[127.638722,34.644167],[127.630444,34.646639],[127.640028,34.645444],[127.642056,34.6525],[127.630444,34.651667],[127.629556,34.6575],[127.634611,34.6625],[127.632056,34.666639],[127.63375,34.6725],[127.628306,34.677944],[127.623361,34.677889],[127.619556,34.683333],[127.631611,34.680389],[127.639194,34.682917],[127.639556,34.685778],[127.635806,34.687056],[127.631694,34.684556],[127.624972,34.687917],[127.625417,34.694972],[127.62875,34.697472],[127.616222,34.705],[127.618389,34.709611],[127.623778,34.71],[127.627472,34.721222],[127.627472,34.712917],[127.634972,34.711222],[127.638306,34.707083],[127.642917,34.708333],[127.641222,34.715806],[127.63625,34.719139],[127.642111,34.72],[127.644528,34.729139],[127.658722,34.7475],[127.656222,34.751639],[127.659167,34.758722],[127.662917,34.755778],[127.662472,34.751194],[127.676639,34.747056],[127.682028,34.740028],[127.680444,34.734972],[127.690028,34.73375],[127.700389,34.724139],[127.699167,34.722056],[127.715,34.720389],[127.714972,34.725444],[127.726667,34.730417],[127.732472,34.729556],[127.734111,34.734556],[127.747444,34.715417],[127.75375,34.716611],[127.750361,34.720806],[127.752472,34.722889],[127.757028,34.719972],[127.757472,34.713722],[127.761694,34.714583],[127.760833,34.710389],[127.756278,34.709944],[127.755472,34.695806],[127.759167,34.689528],[127.764167,34.687861],[127.767528,34.692083],[127.775417,34.685],[127.765861,34.68125],[127.761667,34.685389],[127.755,34.68375],[127.747111,34.675833],[127.747944,34.67],[127.744611,34.666639],[127.7225,34.656222],[127.716222,34.645],[127.723722,34.635806],[127.709583,34.622472],[127.718333,34.613694],[127.726667,34.616194],[127.728278,34.612889],[127.734944,34.612111],[127.736278,34.604944],[127.749139,34.59375],[127.759111,34.594528],[127.771639,34.588778],[127.779167,34.590389],[127.789167,34.585389],[127.803306,34.587889],[127.807889,34.597472],[127.802889,34.598361],[127.802472,34.603722],[127.789583,34.608361],[127.793722,34.61],[127.790361,34.616667],[127.793722,34.619167],[127.793694,34.629972],[127.799111,34.628722],[127.80125,34.630806],[127.798694,34.643306],[127.795417,34.645806],[127.798778,34.646639],[127.80125,34.656639],[127.805833,34.657889],[127.807917,34.662472],[127.797556,34.662083],[127.796278,34.665],[127.803333,34.667056],[127.8025,34.669583],[127.798333,34.66875],[127.795,34.674556],[127.785806,34.672917],[127.779611,34.679944],[127.78375,34.689139],[127.780833,34.69875],[127.773306,34.70125],[127.773306,34.697056],[127.767528,34.69625],[127.761222,34.704167],[127.764167,34.70625],[127.770806,34.702889],[127.772083,34.704944],[127.765444,34.709167],[127.767528,34.71125],[127.771639,34.712111],[127.773306,34.706222],[127.779972,34.711222],[127.78125,34.708306],[127.77625,34.704139],[127.789167,34.700417],[127.79125,34.708361],[127.788694,34.715833],[127.780833,34.722917],[127.762472,34.73125],[127.751611,34.734583],[127.738306,34.732889],[127.733722,34.737472],[127.752472,34.73625],[127.758722,34.740833],[127.751194,34.7475],[127.756278,34.764972],[127.747111,34.779194],[127.757944,34.784972],[127.759167,34.798722],[127.768333,34.798694],[127.77125,34.804972],[127.767917,34.808306],[127.772083,34.812472],[127.768778,34.818278],[127.774583,34.822472],[127.769167,34.822917],[127.769583,34.827528],[127.766222,34.829139],[127.774583,34.835806],[127.772917,34.841639],[127.777056,34.847528],[127.773722,34.851667],[127.777056,34.8525],[127.777056,34.855833],[127.774556,34.860833],[127.7625,34.86375],[127.764139,34.858722],[127.756694,34.859556],[127.745,34.850389],[127.736639,34.855417],[127.724194,34.854583],[127.724111,34.857917],[127.731306,34.861639],[127.728333,34.863722],[127.700833,34.854556],[127.693333,34.840417],[127.679167,34.832056],[127.675806,34.83375],[127.669167,34.822917],[127.660833,34.824528],[127.648333,34.832917],[127.645833,34.827917],[127.640028,34.832028],[127.639194,34.827028],[127.629556,34.833278],[127.628722,34.837528],[127.629194,34.840389],[127.636667,34.838694],[127.638806,34.847472],[127.629222,34.847889],[127.626667,34.845389],[127.615833,34.85375],[127.609194,34.852056],[127.605417,34.857528],[127.607917,34.861667],[127.604167,34.862028],[127.592917,34.874167],[127.595417,34.881639],[127.588278,34.887889],[127.579139,34.890417],[127.578722,34.898333],[127.57375,34.901639],[127.58375,34.905833],[127.579528,34.915806],[127.580806,34.922917],[127.595806,34.923722],[127.600417,34.928278],[127.605417,34.945],[127.595417,34.947472],[127.601222,34.948333],[127.601694,34.958694],[127.602083,34.951667],[127.608694,34.943333],[127.604611,34.934111],[127.614556,34.920833],[127.615444,34.914139],[127.623361,34.910389],[127.625833,34.905389],[127.633306,34.905417],[127.639972,34.909556],[127.645,34.905389],[127.648306,34.909583],[127.668333,34.906194],[127.669583,34.909139],[127.661278,34.916667],[127.666278,34.916667],[127.667028,34.922444],[127.672111,34.924972],[127.674111,34.930444],[127.690806,34.926194],[127.693306,34.934583],[127.700833,34.929583],[127.709972,34.939583],[127.713306,34.935389],[127.719944,34.95125],[127.724194,34.947917],[127.733806,34.957528],[127.726222,34.968333],[127.726222,34.982528],[127.719583,34.983306],[127.722889,34.985806],[127.720806,34.998722],[127.727917,34.985],[127.735417,34.981639],[127.732917,34.963361]]]]}},{"type":"Feature","properties":{"sterm_parent":"전남동부남해앞바다","fcst_kor_nm":"전남동부남해앞바다","zone_id":"S1321200"},"geometry":{"type":"MultiPolygon","coordinates":[[[[127.732917,34.963361],[127.738306,34.95625],[127.755,34.961222],[127.75965449,34.96703547],[127.76030722,34.9665011],[127.82024199,34.90252798],[127.80340905,34.85797396],[127.83333309,34.80309792],[127.83333333,34.80309748],[127.833232,34.420715],[127.805834,34.408056],[127.54416847,34.41090022],[127.49227574,34.41197561],[127.44357331,34.34366633],[127.3983925,34.28029641],[127.39777531,34.27998029],[127.39653405,34.27934454],[127.35262797,34.25685662],[127.26328478,34.21160463],[127.22221154,34.20898688],[127.21584857,34.20849858],[127.21581854,34.20849628],[127.21581797,34.20849764],[127.21580685,34.20852396],[127.21576598,34.20862076],[127.21390386,34.21303126],[127.13515652,34.40695407],[127.0682102,34.46544663],[127.0458121,34.63432387],[127.0457867,34.63463599],[127.046667,34.634556],[127.064556,34.651611],[127.065806,34.663722],[127.071694,34.66125],[127.099194,34.671222],[127.110361,34.679139],[127.115361,34.693306],[127.130778,34.704528],[127.143306,34.693722],[127.179972,34.69125],[127.19875,34.706639],[127.212917,34.731639],[127.210417,34.738306],[127.22875,34.759972],[127.228278,34.765417],[127.2325,34.762889],[127.237056,34.764167],[127.242472,34.777056],[127.246222,34.776667],[127.24625,34.755833],[127.261667,34.732056],[127.266278,34.731611],[127.271667,34.740389],[127.27875,34.739972],[127.2875,34.75625],[127.290417,34.755833],[127.292083,34.745833],[127.288333,34.739583],[127.280806,34.739556],[127.27875,34.734139],[127.287472,34.734611],[127.291667,34.729556],[127.305833,34.748778],[127.312444,34.752056],[127.326667,34.751222],[127.327917,34.730806],[127.332917,34.716667],[127.336667,34.712889],[127.343361,34.714583],[127.344611,34.710833],[127.332083,34.705861],[127.326222,34.694139],[127.327028,34.688306],[127.317889,34.681667],[127.321222,34.674139],[127.315806,34.665444],[127.297528,34.668722],[127.285833,34.659583],[127.287944,34.669167],[127.280806,34.672889],[127.278722,34.6775],[127.282083,34.679972],[127.281222,34.688306],[127.287056,34.690806],[127.284556,34.694139],[127.287056,34.6975],[127.281278,34.699139],[127.283778,34.705],[127.279583,34.714972],[127.282083,34.718306],[127.275861,34.720417],[127.27,34.712889],[127.264167,34.717889],[127.259972,34.712917],[127.2525,34.712056],[127.254111,34.704583],[127.2475,34.706194],[127.246639,34.701222],[127.239583,34.700833],[127.241222,34.694139],[127.23625,34.691667],[127.243722,34.684972],[127.239139,34.678722],[127.232917,34.680806],[127.227056,34.663306],[127.228333,34.652056],[127.234167,34.658722],[127.23875,34.655806],[127.239583,34.647528],[127.247111,34.639167],[127.244611,34.634139],[127.249583,34.628306],[127.249583,34.620806],[127.23875,34.615],[127.232028,34.595028],[127.223722,34.589111],[127.227083,34.586639],[127.221639,34.586222],[127.219111,34.591222],[127.215778,34.59125],[127.205028,34.581222],[127.191722,34.582056],[127.182444,34.577056],[127.179556,34.58],[127.177889,34.5925],[127.187889,34.597472],[127.186222,34.603333],[127.19375,34.608306],[127.195361,34.622472],[127.202083,34.629972],[127.199528,34.6325],[127.202056,34.643306],[127.197444,34.65125],[127.19625,34.645806],[127.187917,34.640806],[127.185417,34.634194],[127.176639,34.630389],[127.172056,34.624139],[127.173778,34.609972],[127.168722,34.6025],[127.172028,34.594139],[127.164972,34.591222],[127.152528,34.593722],[127.149111,34.600389],[127.142889,34.581667],[127.134972,34.579556],[127.134167,34.572889],[127.124972,34.571278],[127.115417,34.559944],[127.113722,34.546639],[127.122028,34.539972],[127.124139,34.528722],[127.130861,34.531222],[127.130389,34.528306],[127.139139,34.522889],[127.139167,34.527917],[127.147472,34.527861],[127.150806,34.52375],[127.159139,34.529583],[127.1625,34.524611],[127.167528,34.525417],[127.174139,34.519556],[127.178722,34.531667],[127.173778,34.533306],[127.172472,34.538722],[127.167083,34.539167],[127.167083,34.545806],[127.172528,34.547889],[127.178333,34.546194],[127.189139,34.552028],[127.194194,34.549583],[127.201639,34.552889],[127.205833,34.561194],[127.209139,34.558722],[127.213361,34.560389],[127.21875,34.555833],[127.221278,34.545],[127.212889,34.539139],[127.221278,34.534972],[127.226694,34.525389],[127.232472,34.528722],[127.237056,34.527472],[127.231667,34.517889],[127.239111,34.515417],[127.241639,34.517917],[127.244972,34.51375],[127.245806,34.520389],[127.254972,34.521222],[127.275778,34.502083],[127.282861,34.500833],[127.284583,34.497528],[127.279611,34.494194],[127.28375,34.491667],[127.275,34.492917],[127.268778,34.486639],[127.27,34.481222],[127.276639,34.477889],[127.281639,34.479556],[127.295056,34.470417],[127.300833,34.470444],[127.298778,34.463306],[127.304556,34.464139],[127.304139,34.457083],[127.310778,34.463694],[127.309611,34.458306],[127.317056,34.454167],[127.3075,34.455417],[127.304556,34.450806],[127.3075,34.447917],[127.313361,34.449556],[127.315,34.443722],[127.324167,34.447917],[127.320778,34.441222],[127.325,34.441222],[127.326639,34.445361],[127.328306,34.441278],[127.34,34.444583],[127.342083,34.449139],[127.337139,34.450833],[127.339556,34.456667],[127.335,34.456194],[127.326639,34.462889],[127.321667,34.460417],[127.320361,34.468306],[127.317056,34.468306],[127.316278,34.475806],[127.324556,34.476667],[127.320417,34.484972],[127.324583,34.485833],[127.324972,34.497056],[127.329167,34.475417],[127.342111,34.480806],[127.33875,34.483333],[127.342944,34.484139],[127.341611,34.48875],[127.3525,34.480417],[127.358278,34.492056],[127.36375,34.490028],[127.369167,34.480361],[127.374139,34.480417],[127.379111,34.487083],[127.381222,34.481667],[127.378722,34.479111],[127.3825,34.477056],[127.382944,34.484139],[127.385028,34.48625],[127.389139,34.483722],[127.392083,34.489139],[127.387056,34.491639],[127.38625,34.498278],[127.380389,34.503306],[127.389167,34.504556],[127.391667,34.507917],[127.394139,34.504556],[127.404194,34.503722],[127.407917,34.510806],[127.407083,34.518306],[127.414583,34.519944],[127.412056,34.525806],[127.424194,34.527917],[127.429167,34.535417],[127.437083,34.534944],[127.435778,34.540444],[127.4275,34.539583],[127.427056,34.541639],[127.439583,34.549139],[127.435,34.549583],[127.433389,34.552889],[127.429972,34.55125],[127.430806,34.555361],[127.419167,34.552083],[127.425389,34.555806],[127.418361,34.555389],[127.418278,34.55875],[127.410806,34.555389],[127.3975,34.559583],[127.395,34.556222],[127.385861,34.557083],[127.384944,34.554556],[127.378306,34.553778],[127.368278,34.54625],[127.355861,34.545389],[127.362056,34.553333],[127.358306,34.553722],[127.350444,34.5625],[127.352917,34.565],[127.351222,34.572472],[127.332028,34.584111],[127.334139,34.588722],[127.34,34.590417],[127.343333,34.587889],[127.347444,34.592056],[127.359167,34.594556],[127.364139,34.59125],[127.364139,34.59875],[127.370861,34.603722],[127.383306,34.603694],[127.385,34.609583],[127.392889,34.604972],[127.3975,34.596222],[127.402528,34.597889],[127.406667,34.594556],[127.408306,34.599556],[127.4175,34.59625],[127.41125,34.590778],[127.413333,34.587028],[127.416278,34.588333],[127.415806,34.58375],[127.428333,34.58375],[127.43,34.587889],[127.433361,34.587056],[127.433778,34.581639],[127.440806,34.577083],[127.4475,34.577056],[127.447528,34.579583],[127.450861,34.57875],[127.457917,34.583306],[127.454611,34.593306],[127.456639,34.595389],[127.462083,34.589944],[127.459556,34.587472],[127.461639,34.580389],[127.474972,34.57375],[127.480778,34.577944],[127.486694,34.572917],[127.487889,34.579111],[127.496667,34.587917],[127.504222,34.592889],[127.509611,34.5925],[127.507056,34.606667],[127.498722,34.614972],[127.497889,34.631611],[127.494139,34.636222],[127.491611,34.632917],[127.484139,34.637056],[127.478306,34.634583],[127.470806,34.637917],[127.469194,34.632056],[127.4675,34.637083],[127.464167,34.634583],[127.459139,34.63625],[127.457528,34.633694],[127.44375,34.648306],[127.455833,34.647083],[127.456639,34.644556],[127.464944,34.647889],[127.469111,34.640361],[127.475,34.640389],[127.4775,34.647056],[127.491694,34.641222],[127.488306,34.65125],[127.481639,34.650444],[127.480833,34.655417],[127.475861,34.654528],[127.476278,34.658333],[127.47125,34.659972],[127.469972,34.664556],[127.465833,34.658694],[127.460833,34.661222],[127.459167,34.657889],[127.453333,34.657861],[127.455028,34.665389],[127.44625,34.662472],[127.447889,34.665806],[127.445444,34.666639],[127.450389,34.671667],[127.443278,34.672917],[127.438306,34.677889],[127.428278,34.674556],[127.434583,34.679944],[127.427111,34.681694],[127.428722,34.684972],[127.424556,34.692472],[127.419139,34.690417],[127.402889,34.701639],[127.407472,34.70125],[127.408333,34.703722],[127.394167,34.707889],[127.391667,34.719583],[127.385861,34.722083],[127.384111,34.717889],[127.374611,34.719139],[127.377111,34.7225],[127.373694,34.726667],[127.378306,34.726222],[127.382083,34.730806],[127.374583,34.741639],[127.380806,34.749556],[127.390833,34.75125],[127.401222,34.759167],[127.402528,34.77125],[127.3975,34.772056],[127.395,34.77625],[127.379194,34.776222],[127.370861,34.772917],[127.368278,34.765417],[127.361639,34.768722],[127.361667,34.762944],[127.355806,34.76875],[127.342111,34.767472],[127.352111,34.773333],[127.351667,34.778778],[127.347472,34.776194],[127.344583,34.778333],[127.350833,34.788722],[127.357472,34.786222],[127.361639,34.789556],[127.370806,34.788694],[127.370417,34.794139],[127.374167,34.794583],[127.379222,34.792889],[127.387444,34.779583],[127.388333,34.783722],[127.393778,34.783333],[127.390417,34.787472],[127.392528,34.791222],[127.39625,34.790806],[127.396611,34.79625],[127.414972,34.802056],[127.4175,34.807861],[127.426639,34.809528],[127.429583,34.814167],[127.425833,34.815361],[127.421667,34.812056],[127.413306,34.812917],[127.411694,34.815417],[127.393361,34.81375],[127.385861,34.825444],[127.360833,34.83375],[127.356222,34.838306],[127.369139,34.834528],[127.384111,34.835361],[127.3925,34.827056],[127.402528,34.824556],[127.415861,34.82875],[127.4175,34.83375],[127.426639,34.831222],[127.428306,34.834583],[127.433306,34.833722],[127.434611,34.844167],[127.440806,34.852083],[127.437917,34.840833],[127.442528,34.835389],[127.450056,34.835361],[127.454139,34.842056],[127.464167,34.840417],[127.469972,34.845417],[127.486639,34.83875],[127.494611,34.8475],[127.494556,34.856667],[127.49125,34.859139],[127.495444,34.858333],[127.496194,34.866639],[127.490361,34.866611],[127.489583,34.874167],[127.483722,34.88],[127.508333,34.879556],[127.515806,34.88875],[127.519583,34.8825],[127.516194,34.866667],[127.524528,34.855028],[127.526278,34.846639],[127.534167,34.841222],[127.543333,34.844583],[127.545389,34.842444],[127.540417,34.834139],[127.526278,34.823333],[127.524556,34.806639],[127.528361,34.805417],[127.527028,34.808333],[127.530833,34.810444],[127.536222,34.81],[127.531639,34.806222],[127.538333,34.805361],[127.545,34.805389],[127.546611,34.80875],[127.557444,34.807028],[127.560361,34.803278],[127.559528,34.795833],[127.56625,34.791667],[127.568694,34.783278],[127.575389,34.783306],[127.55875,34.776639],[127.57,34.776194],[127.573722,34.773333],[127.572917,34.760833],[127.575778,34.75875],[127.58125,34.760833],[127.583333,34.767889],[127.591194,34.758306],[127.585444,34.75],[127.5925,34.750417],[127.595389,34.747472],[127.594139,34.744528],[127.584972,34.746194],[127.585389,34.740833],[127.579583,34.739167],[127.576667,34.731222],[127.568306,34.729583],[127.5625,34.732889],[127.561278,34.7275],[127.565028,34.727083],[127.564583,34.724944],[127.552028,34.72],[127.548694,34.712444],[127.550806,34.711222],[127.561222,34.717472],[127.555361,34.711611],[127.555,34.701194],[127.5575,34.700361],[127.563333,34.707944],[127.566639,34.701222],[127.573333,34.70375],[127.581194,34.6975],[127.560861,34.701194],[127.552917,34.693333],[127.55125,34.681694],[127.563333,34.677889],[127.564556,34.674167],[127.552083,34.67],[127.552028,34.66],[127.562472,34.657083],[127.572889,34.638306],[127.580806,34.63125],[127.582917,34.633333],[127.57625,34.642472],[127.576222,34.648306],[127.580806,34.651222],[127.591694,34.65125],[127.6175,34.641222],[127.624583,34.635],[127.624944,34.630361],[127.635028,34.632028],[127.635806,34.626194],[127.644111,34.627111],[127.651194,34.638333],[127.646639,34.637889],[127.645806,34.634556],[127.63125,34.638278],[127.635,34.638722],[127.638722,34.644167],[127.630444,34.646639],[127.640028,34.645444],[127.642056,34.6525],[127.630444,34.651667],[127.629556,34.6575],[127.634611,34.6625],[127.632056,34.666639],[127.63375,34.6725],[127.628306,34.677944],[127.623361,34.677889],[127.619556,34.683333],[127.631611,34.680389],[127.639194,34.682917],[127.639556,34.685778],[127.635806,34.687056],[127.631694,34.684556],[127.624972,34.687917],[127.625417,34.694972],[127.62875,34.697472],[127.616222,34.705],[127.618389,34.709611],[127.623778,34.71],[127.627472,34.721222],[127.627472,34.712917],[127.634972,34.711222],[127.638306,34.707083],[127.642917,34.708333],[127.641222,34.715806],[127.63625,34.719139],[127.642111,34.72],[127.644528,34.729139],[127.658722,34.7475],[127.656222,34.751639],[127.659167,34.758722],[127.662917,34.755778],[127.662472,34.751194],[127.676639,34.747056],[127.682028,34.740028],[127.680444,34.734972],[127.690028,34.73375],[127.700389,34.724139],[127.699167,34.722056],[127.715,34.720389],[127.714972,34.725444],[127.726667,34.730417],[127.732472,34.729556],[127.734111,34.734556],[127.747444,34.715417],[127.75375,34.716611],[127.750361,34.720806],[127.752472,34.722889],[127.757028,34.719972],[127.757472,34.713722],[127.761694,34.714583],[127.760833,34.710389],[127.756278,34.709944],[127.755472,34.695806],[127.759167,34.689528],[127.764167,34.687861],[127.767528,34.692083],[127.775417,34.685],[127.765861,34.68125],[127.761667,34.685389],[127.755,34.68375],[127.747111,34.675833],[127.747944,34.67],[127.744611,34.666639],[127.7225,34.656222],[127.716222,34.645],[127.723722,34.635806],[127.709583,34.622472],[127.718333,34.613694],[127.726667,34.616194],[127.728278,34.612889],[127.734944,34.612111],[127.736278,34.604944],[127.749139,34.59375],[127.759111,34.594528],[127.771639,34.588778],[127.779167,34.590389],[127.789167,34.585389],[127.803306,34.587889],[127.807889,34.597472],[127.802889,34.598361],[127.802472,34.603722],[127.789583,34.608361],[127.793722,34.61],[127.790361,34.616667],[127.793722,34.619167],[127.793694,34.629972],[127.799111,34.628722],[127.80125,34.630806],[127.798694,34.643306],[127.795417,34.645806],[127.798778,34.646639],[127.80125,34.656639],[127.805833,34.657889],[127.807917,34.662472],[127.797556,34.662083],[127.796278,34.665],[127.803333,34.667056],[127.8025,34.669583],[127.798333,34.66875],[127.795,34.674556],[127.785806,34.672917],[127.779611,34.679944],[127.78375,34.689139],[127.780833,34.69875],[127.773306,34.70125],[127.773306,34.697056],[127.767528,34.69625],[127.761222,34.704167],[127.764167,34.70625],[127.770806,34.702889],[127.772083,34.704944],[127.765444,34.709167],[127.767528,34.71125],[127.771639,34.712111],[127.773306,34.706222],[127.779972,34.711222],[127.78125,34.708306],[127.77625,34.704139],[127.789167,34.700417],[127.79125,34.708361],[127.788694,34.715833],[127.780833,34.722917],[127.762472,34.73125],[127.751611,34.734583],[127.738306,34.732889],[127.733722,34.737472],[127.752472,34.73625],[127.758722,34.740833],[127.751194,34.7475],[127.756278,34.764972],[127.747111,34.779194],[127.757944,34.784972],[127.759167,34.798722],[127.768333,34.798694],[127.77125,34.804972],[127.767917,34.808306],[127.772083,34.812472],[127.768778,34.818278],[127.774583,34.822472],[127.769167,34.822917],[127.769583,34.827528],[127.766222,34.829139],[127.774583,34.835806],[127.772917,34.841639],[127.777056,34.847528],[127.773722,34.851667],[127.777056,34.8525],[127.777056,34.855833],[127.774556,34.860833],[127.7625,34.86375],[127.764139,34.858722],[127.756694,34.859556],[127.745,34.850389],[127.736639,34.855417],[127.724194,34.854583],[127.724111,34.857917],[127.731306,34.861639],[127.728333,34.863722],[127.700833,34.854556],[127.693333,34.840417],[127.679167,34.832056],[127.675806,34.83375],[127.669167,34.822917],[127.660833,34.824528],[127.648333,34.832917],[127.645833,34.827917],[127.640028,34.832028],[127.639194,34.827028],[127.629556,34.833278],[127.628722,34.837528],[127.629194,34.840389],[127.636667,34.838694],[127.638806,34.847472],[127.629222,34.847889],[127.626667,34.845389],[127.615833,34.85375],[127.609194,34.852056],[127.605417,34.857528],[127.607917,34.861667],[127.604167,34.862028],[127.592917,34.874167],[127.595417,34.881639],[127.588278,34.887889],[127.579139,34.890417],[127.578722,34.898333],[127.57375,34.901639],[127.58375,34.905833],[127.579528,34.915806],[127.580806,34.922917],[127.595806,34.923722],[127.600417,34.928278],[127.605417,34.945],[127.595417,34.947472],[127.601222,34.948333],[127.601694,34.958694],[127.602083,34.951667],[127.608694,34.943333],[127.604611,34.934111],[127.614556,34.920833],[127.615444,34.914139],[127.623361,34.910389],[127.625833,34.905389],[127.633306,34.905417],[127.639972,34.909556],[127.645,34.905389],[127.648306,34.909583],[127.668333,34.906194],[127.669583,34.909139],[127.661278,34.916667],[127.666278,34.916667],[127.667028,34.922444],[127.672111,34.924972],[127.674111,34.930444],[127.690806,34.926194],[127.693306,34.934583],[127.700833,34.929583],[127.709972,34.939583],[127.713306,34.935389],[127.719944,34.95125],[127.724194,34.947917],[127.733806,34.957528],[127.726222,34.968333],[127.726222,34.982528],[127.719583,34.983306],[127.722889,34.985806],[127.720806,34.998722],[127.727917,34.985],[127.735417,34.981639],[127.732917,34.963361]]]]}},{"type":"Feature","properties":{"sterm_parent":"인천·경기남부앞바다","fcst_kor_nm":"인천·경기남부앞바다중앞평수구역","zone_id":"S2211000"},"geometry":{"type":"MultiPolygon","coordinates":[[[[126.652,37.50575],[126.659972,37.503694],[126.665778,37.506139],[126.670389,37.499083],[126.662444,37.497833],[126.655361,37.490778],[126.657444,37.483667],[126.639972,37.488694],[126.632472,37.487],[126.623278,37.4895],[126.616611,37.4845],[126.61075,37.486167],[126.609167,37.482],[126.601583,37.482833],[126.595361,37.471611],[126.600333,37.464083],[126.592028,37.460778],[126.5925,37.457861],[126.597889,37.457389],[126.598694,37.452444],[126.589944,37.449528],[126.589528,37.444944],[126.603278,37.441194],[126.614056,37.452],[126.613722,37.44325],[126.609944,37.443694],[126.607889,37.440778],[126.624139,37.432861],[126.634111,37.435361],[126.647028,37.412444],[126.657056,37.404917],[126.663306,37.3945],[126.671639,37.389528],[126.687472,37.394528],[126.696611,37.402833],[126.702028,37.401611],[126.693722,37.389944],[126.714972,37.382],[126.723278,37.384528],[126.732444,37.394472],[126.74,37.3945],[126.744556,37.382417],[126.739583,37.371611],[126.702472,37.352],[126.699194,37.347028],[126.694083,37.347056],[126.691194,37.334111],[126.695806,37.335333],[126.70075,37.332861],[126.703306,37.336167],[126.713278,37.338667],[126.758306,37.342833],[126.759611,37.339944],[126.748722,37.329944],[126.749111,37.323667],[126.759583,37.319111],[126.748722,37.308278],[126.754083,37.303667],[126.768306,37.300333],[126.787444,37.302028],[126.798306,37.296139],[126.804139,37.299528],[126.814139,37.298667],[126.820778,37.301194],[126.819167,37.293667],[126.825778,37.2945],[126.834972,37.281194],[126.841639,37.280361],[126.843333,37.275361],[126.850778,37.277028],[126.849556,37.274083],[126.860389,37.268278],[126.850778,37.2645],[126.848278,37.258667],[126.812472,37.278667],[126.814139,37.286194],[126.806667,37.284528],[126.802083,37.276583],[126.808722,37.267444],[126.800778,37.269528],[126.792917,37.267444],[126.795444,37.251583],[126.7875,37.243694],[126.779583,37.244139],[126.780833,37.226167],[126.767917,37.23825],[126.767056,37.245778],[126.759944,37.248667],[126.758306,37.253694],[126.74075,37.253694],[126.731639,37.250361],[126.726694,37.255361],[126.716611,37.254556],[126.699944,37.261139],[126.687444,37.262056],[126.682444,37.257833],[126.676611,37.258694],[126.676611,37.256167],[126.687889,37.249917],[126.671639,37.242861],[126.664167,37.244472],[126.662861,37.242444],[126.66625,37.229917],[126.671667,37.228667],[126.67625,37.222389],[126.667889,37.216556],[126.667056,37.205806],[126.675778,37.1995],[126.695861,37.221167],[126.699167,37.221194],[126.697917,37.204972],[126.694194,37.199528],[126.686667,37.201194],[126.674167,37.193694],[126.6675,37.193667],[126.662472,37.197],[126.657861,37.193306],[126.657472,37.189528],[126.665028,37.190361],[126.667083,37.184111],[126.662472,37.176167],[126.655417,37.174944],[126.660444,37.161611],[126.6495,37.15325],[126.658361,37.152056],[126.679972,37.161194],[126.689972,37.156167],[126.694528,37.151611],[126.683361,37.148722],[126.673778,37.136611],[126.680444,37.128278],[126.683722,37.116611],[126.689167,37.116222],[126.699972,37.121167],[126.705806,37.128667],[126.7175,37.129528],[126.720806,37.134556],[126.726583,37.136222],[126.729583,37.146639],[126.739194,37.150361],[126.744972,37.160389],[126.751667,37.158667],[126.756611,37.165361],[126.760806,37.163722],[126.766611,37.167889],[126.784167,37.169528],[126.790361,37.182472],[126.795,37.185361],[126.793722,37.17325],[126.797861,37.160806],[126.782083,37.149972],[126.786694,37.147889],[126.801667,37.150333],[126.805806,37.141194],[126.813694,37.139917],[126.807861,37.136611],[126.804167,37.126167],[126.779167,37.132861],[126.779167,37.127833],[126.771639,37.128722],[126.759556,37.116583],[126.757917,37.109917],[126.770444,37.101639],[126.763722,37.079111],[126.764583,37.066611],[126.770417,37.058306],[126.750806,37.051194],[126.743722,37.038278],[126.749139,37.036222],[126.761639,37.039528],[126.770028,37.032028],[126.778361,37.033667],[126.790028,37.029528],[126.794972,37.018694],[126.802944,37.022444],[126.799611,37.016611],[126.803389,37.015361],[126.8125,37.015361],[126.823278,37.022028],[126.823278,37.014528],[126.846639,37.013694],[126.854194,37.017056],[126.85,37.008722],[126.796694,37.008722],[126.788722,37.003306],[126.788722,36.996639],[126.792444,36.995389],[126.795833,36.999583],[126.804972,36.999583],[126.812472,36.996222],[126.824972,36.996222],[126.831639,36.982889],[126.839083,36.983722],[126.843306,36.979556],[126.848722,36.979139],[126.843778,36.975],[126.844583,36.962472],[126.849944,36.960389],[126.854167,36.953722],[126.899167,36.93125],[126.904611,36.925778],[126.908333,36.912056],[126.937528,36.92625],[126.9775,36.934528],[126.979583,36.939944],[126.976222,36.956667],[126.962889,36.964167],[126.974222,36.962861],[126.972056,36.975833],[126.975806,36.977083],[126.985361,36.964139],[126.989611,36.938361],[126.993722,36.933333],[126.985361,36.928333],[126.978306,36.915389],[126.964944,36.91625],[126.958278,36.912917],[126.955028,36.907083],[126.94575,36.90875],[126.94,36.90625],[126.924139,36.893722],[126.914972,36.892944],[126.903333,36.887056],[126.877472,36.886278],[126.860389,36.878278],[126.85992266,36.87564581],[126.80559678,36.96703624],[126.75962822,36.99286527],[126.71036212,37.01999393],[126.5553342,37.0618524],[126.39447021,37.11297607],[126.43341064,37.23199463],[126.44573975,37.26324463],[126.44049072,37.26104736],[126.44000244,37.26434326],[126.43585205,37.27532959],[126.40942383,37.37591553],[126.39074707,37.39593506],[126.38153076,37.43640137],[126.36169434,37.47467041],[126.34429932,37.49908447],[126.34228374,37.50184525],[126.32696533,37.52282715],[126.32537842,37.5255127],[126.29174805,37.54595947],[126.28033447,37.54858398],[126.25891113,37.55749512],[126.62243652,37.55609131],[126.62243652,37.54156494],[126.62042236,37.53405762],[126.65145123,37.51830282],[126.6545,37.509056],[126.652,37.50575]]]]}},{"type":"Feature","properties":{"sterm_parent":"전남서부남해앞바다","fcst_kor_nm":"전남서부남해앞바다중평수구역","zone_id":"S2310700"},"geometry":{"type":"MultiPolygon","coordinates":[[[[127.04589844,34.63446045],[127.06835938,34.46551514],[127.13525391,34.40698242],[127.16998291,34.31878662],[127.13195801,34.30029297],[126.9730835,34.30114746],[126.89233398,34.21557617],[126.88067627,34.18212891],[126.86114479,34.1766434],[126.84693318,34.17421774],[126.76208496,34.17773438],[126.6496582,34.19995117],[126.65631104,34.1852417],[126.65081787,34.14825439],[126.63317871,34.15002441],[126.6239624,34.15704346],[126.61407471,34.15814209],[126.60437012,34.16259766],[126.59643555,34.16430664],[126.58831787,34.16430664],[126.56982422,34.15948486],[126.5078125,34.13482666],[126.48071289,34.17840576],[126.47125244,34.19073486],[126.46612765,34.27658528],[126.51602013,34.29642853],[126.51754587,34.29582526],[126.524972,34.292889],[126.529611,34.297472],[126.529111,34.302083],[126.544972,34.304583],[126.558306,34.322944],[126.584167,34.321222],[126.595,34.31375],[126.605028,34.315389],[126.60625,34.318333],[126.602083,34.322472],[126.604556,34.334167],[126.600417,34.338306],[126.608806,34.344139],[126.608778,34.347472],[126.601667,34.347028],[126.60125,34.349139],[126.620389,34.36],[126.616222,34.365806],[126.620389,34.379972],[126.614139,34.381222],[126.612028,34.384972],[126.621222,34.396639],[126.616222,34.403306],[126.623333,34.408722],[126.628306,34.403722],[126.636667,34.412917],[126.645,34.409528],[126.650389,34.423333],[126.6575,34.421222],[126.663306,34.428722],[126.675806,34.41625],[126.678722,34.420833],[126.674556,34.426639],[126.680806,34.427056],[126.689556,34.433333],[126.686667,34.437917],[126.677083,34.4425],[126.680833,34.451222],[126.689111,34.444556],[126.698361,34.447944],[126.698722,34.441639],[126.705028,34.439528],[126.709972,34.439556],[126.714944,34.444583],[126.722472,34.442889],[126.734556,34.445],[126.734111,34.448722],[126.723306,34.447889],[126.718306,34.454556],[126.714167,34.452917],[126.708306,34.455389],[126.711639,34.467083],[126.690806,34.467083],[126.689556,34.470833],[126.695833,34.476222],[126.701694,34.474556],[126.704111,34.477083],[126.720806,34.47125],[126.719583,34.475],[126.728306,34.479583],[126.729972,34.472056],[126.744972,34.469583],[126.749583,34.475861],[126.741222,34.480861],[126.739583,34.487528],[126.747472,34.492083],[126.758278,34.49125],[126.759583,34.496639],[126.766194,34.499972],[126.764167,34.503778],[126.75825,34.502056],[126.754222,34.504556],[126.750833,34.502028],[126.749167,34.50625],[126.743278,34.503722],[126.734583,34.510833],[126.725361,34.526639],[126.728333,34.532028],[126.746694,34.521194],[126.747472,34.530417],[126.755,34.526222],[126.772056,34.526639],[126.762944,34.534139],[126.7645,34.540028],[126.767889,34.540833],[126.765361,34.546611],[126.767889,34.556639],[126.763722,34.559111],[126.766278,34.563306],[126.756667,34.560361],[126.757056,34.564944],[126.749556,34.569972],[126.770389,34.594111],[126.772056,34.61],[126.766639,34.621222],[126.777111,34.619139],[126.778722,34.591639],[126.789583,34.585806],[126.784583,34.576611],[126.795389,34.566694],[126.788722,34.561639],[126.79125,34.5575],[126.788694,34.554139],[126.800361,34.55],[126.791222,34.542444],[126.790417,34.524167],[126.786222,34.514139],[126.790361,34.511639],[126.792917,34.501667],[126.790417,34.4975],[126.793694,34.495778],[126.792056,34.489972],[126.795417,34.488306],[126.796222,34.480833],[126.787444,34.478722],[126.784556,34.469972],[126.789194,34.467889],[126.807444,34.469583],[126.805417,34.463306],[126.80875,34.4625],[126.803722,34.459139],[126.805806,34.451222],[126.814222,34.455389],[126.819194,34.449583],[126.830806,34.448694],[126.838361,34.45125],[126.842444,34.447861],[126.846639,34.44875],[126.855778,34.442028],[126.859167,34.442889],[126.863278,34.435361],[126.867472,34.43875],[126.875861,34.435417],[126.880361,34.424139],[126.884111,34.422889],[126.887889,34.434972],[126.87875,34.45],[126.869528,34.455861],[126.871639,34.457889],[126.888333,34.456222],[126.886222,34.4625],[126.889139,34.472917],[126.898306,34.474556],[126.898722,34.465806],[126.902472,34.462083],[126.916583,34.467083],[126.923278,34.465417],[126.929972,34.44625],[126.937472,34.447056],[126.94625,34.455833],[126.947083,34.461639],[126.941278,34.464167],[126.937083,34.474972],[126.939944,34.484583],[126.947917,34.481639],[126.954139,34.469556],[126.960833,34.470389],[126.966694,34.477083],[126.972528,34.475417],[126.975,34.470417],[126.978722,34.470806],[126.977917,34.487472],[126.967472,34.492889],[126.965361,34.4975],[126.969583,34.51],[126.9775,34.509556],[126.978694,34.511639],[126.972111,34.518278],[126.972889,34.525806],[126.963278,34.526194],[126.959583,34.5325],[126.971639,34.543694],[126.987528,34.540417],[126.989139,34.560417],[126.994944,34.56125],[127.005389,34.555806],[127.005806,34.570417],[126.999972,34.567861],[126.995861,34.570361],[126.989167,34.568722],[126.97875,34.575806],[126.985861,34.577083],[126.992056,34.584167],[126.992083,34.594139],[126.998694,34.598306],[126.996194,34.604167],[127.003306,34.602889],[127.005,34.607028],[127.009167,34.605389],[127.009528,34.609167],[126.996611,34.612917],[126.992861,34.616639],[126.994139,34.62375],[126.970861,34.62125],[126.957056,34.630806],[126.969139,34.626222],[126.990833,34.626222],[126.993306,34.632111],[126.999139,34.632083],[127.002472,34.626222],[127.015028,34.62375],[127.031611,34.629583],[127.0375,34.635389],[127.0457282,34.63464131],[127.04589844,34.63446045]]]]}},{"type":"Feature","properties":{"sterm_parent":"충남남부앞바다","fcst_kor_nm":"충남남부앞바다중평수구역","zone_id":"S2210700"},"geometry":{"type":"MultiPolygon","coordinates":[[[[126.552861,36.1375],[126.554972,36.128722],[126.560778,36.129528],[126.569972,36.137917],[126.575833,36.137917],[126.598722,36.119139],[126.602056,36.111667],[126.606194,36.110028],[126.609944,36.097917],[126.614139,36.096222],[126.617472,36.101194],[126.622472,36.10125],[126.632056,36.098333],[126.630833,36.090417],[126.645389,36.091639],[126.644972,36.087889],[126.634972,36.083694],[126.624167,36.084556],[126.617917,36.076667],[126.629972,36.077083],[126.63125,36.054944],[126.644111,36.053778],[126.667917,36.033333],[126.666694,36.029528],[126.659556,36.029972],[126.662861,36.025],[126.660361,36.009972],[126.664556,36.005806],[126.701639,36.007028],[126.710806,36.004583],[126.712889,36.000833],[126.725861,35.998722],[126.72751193,36.00011248],[126.7296642,36.00356456],[126.73203816,36.0020574],[126.73461847,36.00102804],[126.73777256,36.00270501],[126.74156063,36.01194538],[126.74895627,36.01313764],[126.7560818,36.0108676],[126.756646,36.0105093],[126.7562288,36.0087587],[126.7551398,36.0086372],[126.7541798,36.0066962],[126.7530705,36.0016591],[126.7509274,35.9974776],[126.744944,35.988722],[126.738278,35.985389],[126.727472,35.98375],[126.706639,35.993722],[126.6945159,35.98766073],[126.6842041,36],[126.44581889,35.99992885],[126.4956665,36.12915039],[126.4962995,36.13206921],[126.502472,36.12875],[126.50398088,36.13005347],[126.50276775,36.13663476],[126.50295166,36.14332083],[126.506194,36.146667],[126.50815263,36.15100742],[126.511667,36.150389],[126.520806,36.151222],[126.535778,36.148722],[126.547528,36.142028],[126.552861,36.1375]]],[[[126.49180026,36.42134788],[126.487111,36.41],[126.4883313,36.4101691],[126.4882212,36.4087487],[126.4874029,36.4036707],[126.48673726,36.40068989],[126.482917,36.393306],[126.48403803,36.39301029],[126.4823097,36.3885243],[126.480315,36.3865098],[126.4806265,36.3837109],[126.4830899,36.3827108],[126.4886083,36.3831197],[126.49271,36.38141],[126.4948899,36.38299],[126.4999748,36.3826968],[126.50220064,36.3840091],[126.5004629,36.3808747],[126.5021608,36.3797262],[126.510806,36.379583],[126.546639,36.354583],[126.562944,36.351639],[126.5525,36.34875],[126.544139,36.340389],[126.529972,36.337917],[126.5197418,36.3351487],[126.516279,36.3323128],[126.516037,36.328138],[126.5126928,36.3275731],[126.502472,36.328722],[126.50125,36.3225],[126.511278,36.311667],[126.5175,36.297083],[126.524139,36.298778],[126.527472,36.296278],[126.54013262,36.2785247],[126.53948975,36.27520752],[126.36260986,36.32849121],[126.34411621,36.3269043],[126.3326416,36.3302002],[126.31498215,36.41368289],[126.33819275,36.42191552],[126.346138,36.415711],[126.358067,36.408178],[126.371475,36.401003],[126.38344942,36.39653617],[126.395174,36.393733],[126.406138,36.392856],[126.41527441,36.39297487],[126.430833,36.396944],[126.51650445,36.43795257],[126.52221757,36.44042314],[126.50591337,36.42729816],[126.50260528,36.42613818],[126.49775054,36.42613818],[126.49714906,36.42665372],[126.49553798,36.42534337],[126.49558094,36.42444116],[126.49895348,36.422916],[126.50037124,36.42186343],[126.49749276,36.41919976],[126.49180026,36.42134788]]]]}},{"type":"Feature","properties":{"sterm_parent":"경북북부앞바다","fcst_kor_nm":"경북북부앞바다","zone_id":"S1131300"},"geometry":{"type":"MultiPolygon","coordinates":[[[[129.63246427,37.14666182],[129.67570148,36.99921574],[129.67438573,36.97172647],[129.67634957,36.92137241],[129.70690576,36.86022127],[129.73201723,36.74341503],[129.73130964,36.70509244],[129.69237886,36.58376345],[129.68994722,36.43319115],[129.64371518,36.28781237],[129.6544256,36.2678725],[129.37751412,36.26807556],[129.377889,36.270833],[129.382083,36.276667],[129.375417,36.288361],[129.380389,36.293306],[129.381278,36.331667],[129.384528,36.343333],[129.388722,36.346639],[129.388722,36.358333],[129.407111,36.381667],[129.408778,36.389111],[129.414194,36.391278],[129.429528,36.408333],[129.437111,36.426611],[129.433722,36.436667],[129.437139,36.469167],[129.433722,36.482444],[129.444583,36.488306],[129.447944,36.503306],[129.452917,36.505861],[129.452444,36.508778],[129.447917,36.509139],[129.442083,36.523306],[129.440389,36.550778],[129.419583,36.5725],[129.41125,36.589167],[129.412056,36.599139],[129.417056,36.6025],[129.41375,36.621639],[129.41875,36.638333],[129.43125,36.652472],[129.438722,36.669972],[129.445028,36.67625],[129.456639,36.68125],[129.465361,36.679139],[129.468722,36.694194],[129.476222,36.700861],[129.47375,36.724167],[129.477917,36.727472],[129.468778,36.758306],[129.478722,36.768333],[129.462028,36.788306],[129.457083,36.814944],[129.447917,36.825],[129.445361,36.833306],[129.42875,36.849111],[129.416194,36.889167],[129.420417,36.895],[129.41625,36.915806],[129.420417,36.919167],[129.421194,36.944111],[129.410444,36.981639],[129.419528,36.994139],[129.418722,37.011694],[129.41125,37.032472],[129.418694,37.036639],[129.414583,37.0425],[129.417917,37.057472],[129.425,37.060417],[129.430806,37.057028],[129.43125,37.059944],[129.428306,37.06625],[129.400028,37.082889],[129.379583,37.104139],[129.375389,37.112444],[129.381222,37.120861],[129.372889,37.131639],[129.377111,37.137472],[129.369528,37.141667],[129.3671077,37.14680096],[129.63246427,37.14666182]]]]}},{"type":"Feature","properties":{"sterm_parent":"경북북부앞바다","fcst_kor_nm":"경북북부앞바다","zone_id":"S1131300"},"geometry":{"type":"MultiPolygon","coordinates":[[[[129.63246427,37.14666182],[129.67570148,36.99921574],[129.67438573,36.97172647],[129.67634957,36.92137241],[129.70690576,36.86022127],[129.73201723,36.74341503],[129.73130964,36.70509244],[129.69237886,36.58376345],[129.68994722,36.43319115],[129.64371518,36.28781237],[129.6544256,36.2678725],[129.37751412,36.26807556],[129.377889,36.270833],[129.382083,36.276667],[129.375417,36.288361],[129.380389,36.293306],[129.381278,36.331667],[129.384528,36.343333],[129.388722,36.346639],[129.388722,36.358333],[129.407111,36.381667],[129.408778,36.389111],[129.414194,36.391278],[129.429528,36.408333],[129.437111,36.426611],[129.433722,36.436667],[129.437139,36.469167],[129.433722,36.482444],[129.444583,36.488306],[129.447944,36.503306],[129.452917,36.505861],[129.452444,36.508778],[129.447917,36.509139],[129.442083,36.523306],[129.440389,36.550778],[129.419583,36.5725],[129.41125,36.589167],[129.412056,36.599139],[129.417056,36.6025],[129.41375,36.621639],[129.41875,36.638333],[129.43125,36.652472],[129.438722,36.669972],[129.445028,36.67625],[129.456639,36.68125],[129.465361,36.679139],[129.468722,36.694194],[129.476222,36.700861],[129.47375,36.724167],[129.477917,36.727472],[129.468778,36.758306],[129.478722,36.768333],[129.462028,36.788306],[129.457083,36.814944],[129.447917,36.825],[129.445361,36.833306],[129.42875,36.849111],[129.416194,36.889167],[129.420417,36.895],[129.41625,36.915806],[129.420417,36.919167],[129.421194,36.944111],[129.410444,36.981639],[129.419528,36.994139],[129.418722,37.011694],[129.41125,37.032472],[129.418694,37.036639],[129.414583,37.0425],[129.417917,37.057472],[129.425,37.060417],[129.430806,37.057028],[129.43125,37.059944],[129.428306,37.06625],[129.400028,37.082889],[129.379583,37.104139],[129.375389,37.112444],[129.381222,37.120861],[129.372889,37.131639],[129.377111,37.137472],[129.369528,37.141667],[129.3671077,37.14680096],[129.63246427,37.14666182]]]]}},{"type":"Feature","properties":{"sterm_parent":"전남중부서해앞바다","fcst_kor_nm":"전남중부서해앞바다중 앞평수구역","zone_id":"S2211400"},"geometry":{"type":"MultiPolygon","coordinates":[[[[126.43595911,35.08598598],[126.435389,35.085833],[126.43704274,35.0850019],[126.45125675,35.07209352],[126.450389,35.071667],[126.441722,35.058722],[126.417917,35.045],[126.416222,35.040833],[126.423778,35.033333],[126.42375,35.025833],[126.419167,35.024583],[126.411694,35.030389],[126.405,35.027889],[126.402056,35.030806],[126.398722,35.035028],[126.400861,35.045417],[126.393333,35.042056],[126.387889,35.044972],[126.388333,35.048778],[126.390833,35.044583],[126.393306,35.047889],[126.402917,35.05],[126.390778,35.06125],[126.3975,35.060417],[126.4,35.056222],[126.404139,35.057056],[126.407083,35.063306],[126.401194,35.066667],[126.407917,35.065833],[126.398306,35.076222],[126.394556,35.075806],[126.387444,35.065417],[126.380444,35.067472],[126.387111,35.080778],[126.391222,35.082472],[126.389194,35.087083],[126.385,35.087889],[126.378722,35.081639],[126.379556,35.074972],[126.372083,35.07],[126.368722,35.059167],[126.365,35.058722],[126.367889,35.071667],[126.363333,35.079583],[126.354194,35.077917],[126.349139,35.081222],[126.345806,35.07875],[126.341222,35.080833],[126.340389,35.086639],[126.347889,35.091667],[126.350806,35.100444],[126.341639,35.09125],[126.333278,35.09125],[126.329556,35.094139],[126.333722,35.0975],[126.33375,35.105],[126.326306,35.1075],[126.331278,35.110833],[126.329167,35.117083],[126.339556,35.119139],[126.337056,35.123306],[126.344583,35.136639],[126.345806,35.160444],[126.330028,35.149556],[126.325833,35.151222],[126.323722,35.149139],[126.324167,35.145417],[126.331278,35.143333],[126.327528,35.13375],[126.317083,35.130833],[126.321222,35.13],[126.319194,35.12625],[126.324583,35.1275],[126.314556,35.1175],[126.313333,35.112028],[126.30625,35.117472],[126.310417,35.128278],[126.306222,35.129167],[126.307111,35.138333],[126.295,35.13875],[126.290028,35.142083],[126.287472,35.137056],[126.279167,35.135417],[126.272472,35.15125],[126.254611,35.140833],[126.256278,35.1325],[126.253306,35.135417],[126.249583,35.133333],[126.239556,35.111694],[126.25,35.113694],[126.257056,35.109167],[126.259111,35.099611],[126.261667,35.10125],[126.266222,35.099139],[126.2675,35.095389],[126.264944,35.097917],[126.259167,35.096222],[126.254556,35.09],[126.263333,35.083722],[126.267528,35.083722],[126.270833,35.088778],[126.278361,35.081194],[126.286639,35.084583],[126.286194,35.080806],[126.291222,35.078333],[126.284583,35.075],[126.284556,35.069167],[126.279139,35.064556],[126.272917,35.065806],[126.278333,35.079611],[126.274972,35.07625],[126.272472,35.078722],[126.265861,35.077083],[126.263722,35.074167],[126.26875,35.068278],[126.262111,35.064139],[126.262083,35.054972],[126.265028,35.052917],[126.279194,35.055417],[126.280833,35.062083],[126.292528,35.060389],[126.295389,35.058333],[126.290361,35.05],[126.298778,35.050806],[126.299583,35.046639],[126.29375,35.041639],[126.296639,35.041194],[126.31375,35.055833],[126.311611,35.059556],[126.299583,35.061639],[126.3025,35.067083],[126.311611,35.066278],[126.31625,35.070833],[126.306639,35.079556],[126.300028,35.080417],[126.295417,35.092528],[126.287083,35.096694],[126.294556,35.1],[126.292028,35.106639],[126.294972,35.112889],[126.298778,35.108333],[126.297861,35.103278],[126.30625,35.099972],[126.302889,35.098361],[126.30375,35.093333],[126.309139,35.094556],[126.314583,35.089972],[126.312528,35.082944],[126.321667,35.089556],[126.329194,35.08875],[126.334583,35.083306],[126.342111,35.069167],[126.329556,35.062472],[126.3325,35.058722],[126.335806,35.06125],[126.350417,35.053333],[126.343722,35.050833],[126.350028,35.038778],[126.369139,35.047889],[126.373333,35.04375],[126.374972,35.04875],[126.379139,35.04875],[126.388806,35.034972],[126.389139,35.025417],[126.345806,35.003722],[126.343333,34.999583],[126.33375,34.997472],[126.331611,34.99125],[126.342444,34.99625],[126.357889,34.991667],[126.358722,34.985833],[126.3525,34.984556],[126.344139,34.973722],[126.33575,34.972917],[126.328306,34.967083],[126.327917,34.972444],[126.322083,34.974167],[126.319111,34.982056],[126.314944,34.975389],[126.31125,34.975806],[126.314167,34.98875],[126.305417,34.986667],[126.303722,34.978333],[126.297083,34.975833],[126.295389,34.963333],[126.301611,34.95625],[126.307111,34.955],[126.312472,34.947056],[126.322472,34.953722],[126.326639,34.952056],[126.330778,34.957056],[126.332083,34.953306],[126.329167,34.944556],[126.321667,34.944556],[126.315806,34.937111],[126.304556,34.934167],[126.305,34.927083],[126.312472,34.926222],[126.3175,34.93125],[126.322444,34.928722],[126.324944,34.93125],[126.329167,34.923722],[126.334639,34.922472],[126.334139,34.920389],[126.329917,34.921278],[126.329167,34.917083],[126.344111,34.914528],[126.343694,34.919167],[126.350833,34.917083],[126.353778,34.923333],[126.343694,34.925],[126.348361,34.925389],[126.350417,34.929167],[126.338722,34.933306],[126.335389,34.941667],[126.337528,34.94875],[126.344944,34.940389],[126.350806,34.944556],[126.356667,34.943722],[126.365778,34.932083],[126.374583,34.94],[126.367472,34.942917],[126.367083,34.945833],[126.371194,34.947472],[126.376222,34.958333],[126.369194,34.962889],[126.361639,34.962028],[126.360417,34.969167],[126.361667,34.972111],[126.370389,34.973333],[126.366222,34.983306],[126.370861,34.997889],[126.374583,34.996667],[126.372917,34.989972],[126.378694,34.987472],[126.377889,34.971667],[126.382444,34.967917],[126.390361,34.968306],[126.38375,34.975],[126.383722,34.979972],[126.392111,34.996639],[126.397028,35],[126.397083,35.005],[126.405,35.007917],[126.409583,35.004167],[126.407083,34.998333],[126.415417,34.994167],[126.414583,34.984972],[126.418361,34.984556],[126.424944,34.989556],[126.429167,34.981222],[126.436694,34.97875],[126.44125,34.973306],[126.430833,34.967917],[126.416694,34.971222],[126.409944,34.962056],[126.400806,34.95625],[126.38875,34.953333],[126.38875,34.939944],[126.402056,34.936639],[126.390389,34.929972],[126.390361,34.922472],[126.40375,34.91],[126.4,34.900417],[126.390361,34.899972],[126.390389,34.890806],[126.383694,34.886611],[126.38875,34.885],[126.38625,34.878306],[126.388306,34.877083],[126.395417,34.8875],[126.402472,34.890389],[126.414972,34.906222],[126.408722,34.890806],[126.409167,34.887889],[126.411639,34.88875],[126.422472,34.908722],[126.424583,34.905806],[126.421306,34.894111],[126.424556,34.890806],[126.417917,34.886667],[126.416667,34.88125],[126.409111,34.882861],[126.406611,34.880389],[126.402444,34.882889],[126.395389,34.873306],[126.394556,34.868306],[126.403778,34.865],[126.40125,34.859167],[126.406222,34.8575],[126.404583,34.848361],[126.412028,34.843306],[126.4,34.84375],[126.395778,34.83375],[126.389139,34.82875],[126.385,34.830417],[126.381694,34.822056],[126.378333,34.82375],[126.375361,34.820833],[126.373722,34.815806],[126.377889,34.809139],[126.370861,34.80625],[126.364556,34.8075],[126.366222,34.804139],[126.360417,34.795778],[126.367472,34.77875],[126.379083,34.777917],[126.386667,34.784556],[126.389944,34.78125],[126.399139,34.782889],[126.409167,34.792083],[126.425028,34.792056],[126.42625,34.796667],[126.417917,34.804167],[126.422889,34.806667],[126.425778,34.813722],[126.436667,34.802917],[126.459972,34.812083],[126.470806,34.812028],[126.477472,34.807889],[126.480389,34.814972],[126.48430614,34.81795959],[126.48028564,34.76934814],[126.47840813,34.76836631],[126.471639,34.768722],[126.47,34.777111],[126.46,34.76625],[126.453778,34.764167],[126.453306,34.757917],[126.444944,34.762028],[126.441222,34.760806],[126.44606899,34.75145481],[126.44320796,34.74995865],[126.434583,34.7525],[126.432028,34.757472],[126.435389,34.761667],[126.429139,34.772861],[126.420389,34.770778],[126.422056,34.761667],[126.418333,34.754556],[126.409583,34.761639],[126.412056,34.766667],[126.408306,34.771222],[126.394139,34.773722],[126.378722,34.7675],[126.37875,34.749111],[126.366667,34.752056],[126.367056,34.748306],[126.362528,34.747917],[126.362056,34.744139],[126.368306,34.739556],[126.379194,34.738778],[126.386667,34.730389],[126.395389,34.734139],[126.395,34.740361],[126.405806,34.738722],[126.406222,34.744167],[126.413333,34.747917],[126.419139,34.742083],[126.428306,34.743778],[126.42679557,34.74137591],[126.39648438,34.7255249],[126.39007568,34.72424316],[126.38702393,34.72509766],[126.26470947,34.78009033],[126.23126221,34.70043945],[126.23431396,34.6003418],[126.19958496,34.56079102],[126.10015869,34.53985596],[126.04290771,34.51696777],[126.04754639,34.5302124],[126.04821777,34.53527832],[126.04272461,34.53546143],[126.03436279,34.53656006],[126.02862549,34.54406738],[125.96899414,34.57861328],[125.97406006,34.58758545],[125.97473145,34.59246826],[125.97387695,34.59533691],[125.9710083,34.59661865],[125.96307373,34.59619141],[125.95715332,34.59484863],[125.88781738,34.73236084],[125.90478516,34.73455811],[125.92547607,34.76171875],[126.00030518,34.78967285],[126.03649902,34.84387207],[126.03961182,34.84875488],[126.04449463,34.85467529],[126.04949951,34.86083984],[126.07611084,34.91491699],[126.09088135,34.92242432],[126.12390137,34.94848633],[126.13354492,34.95367432],[126.13793945,34.95983887],[126.14105225,34.97216797],[126.14709473,34.97668457],[126.15228271,34.98632813],[126.14172363,35.00427246],[126.12963867,35.02099609],[126.12591553,35.02410889],[126.10229492,35.05151367],[126.0925293,35.07287598],[126.02947998,35.08850098],[126.019104,35.10192871],[126.01708984,35.10449219],[126.14639889,35.17336983],[126.34057617,35.17260742],[126.43595911,35.08598598]]]]}},{"type":"Feature","properties":{"sterm_parent":"전남중부서해앞바다","fcst_kor_nm":"전남중부서해앞바다중 먼평수구역","zone_id":"S2211300"},"geometry":{"type":"MultiPolygon","coordinates":[[[[126.02947998,35.08850098],[126.0925293,35.07287598],[126.10229492,35.05151367],[126.12591553,35.02410889],[126.12963867,35.02099609],[126.14172363,35.00427246],[126.15228271,34.98632813],[126.14709473,34.97668457],[126.14105225,34.97216797],[126.13793945,34.95983887],[126.13354492,34.95367432],[126.12390137,34.94848633],[126.09088135,34.92242432],[126.07611084,34.91491699],[126.04949951,34.86083984],[126.04449463,34.85467529],[126.03961182,34.84875488],[126.00030518,34.78967285],[125.92547607,34.76171875],[125.89971924,34.78051758],[125.90307617,34.78912354],[125.90930176,34.79510498],[125.96850586,34.87670898],[126.01068115,35.09307861],[126.01068115,35.09747314],[126.01708984,35.10449219],[126.02947998,35.08850098]]]]}},{"type":"Feature","properties":{"sterm_parent":"경남서부남해앞바다","fcst_kor_nm":"경남서부남해앞바다중남부평수구역","zone_id":"S2310600"},"geometry":{"type":"MultiPolygon","coordinates":[[[[128.39691162,34.73248291],[128.40008545,34.72949219],[128.40570068,34.72967529],[128.44873047,34.7097168],[128.45837767,34.70280765],[128.45839073,34.7027983],[128.39849854,34.69451904],[128.35446157,34.65282192],[128.29946354,34.63947545],[128.27648926,34.62231445],[128.25628662,34.6362915],[128.22869873,34.64831543],[128.18109131,34.69250488],[128.17889404,34.69750977],[128.16827393,34.70288086],[128.17449951,34.70507813],[128.17608643,34.71087646],[128.28649902,34.75567627],[128.30871582,34.75531006],[128.38238525,34.74182129],[128.39251709,34.73712158],[128.39807129,34.73547363],[128.39691162,34.73248291]]]]}},{"type":"Feature","properties":{"sterm_parent":"경남서부남해앞바다","fcst_kor_nm":"경남서부남해앞바다중동부평수구역","zone_id":"S2310400"},"geometry":{"type":"MultiPolygon","coordinates":[[[[128.42440225,34.86013683],[128.428778,34.857472],[128.42246636,34.85873442],[128.42440225,34.86013683]]],[[[128.460417,34.871639],[128.466611,34.870417],[128.46684876,34.87175385],[128.46691895,34.8717041],[128.59130859,34.86468506],[128.61230469,34.8348999],[128.61187744,34.76269531],[128.61407471,34.73010254],[128.59692383,34.71929932],[128.5789519,34.70309378],[128.57804772,34.70290351],[128.45837767,34.70280765],[128.45802557,34.70280737],[128.44873047,34.7097168],[128.40570068,34.72967529],[128.40008545,34.72949219],[128.39691162,34.73248291],[128.39807129,34.73547363],[128.39251709,34.73712158],[128.38238525,34.74182129],[128.39790602,34.76564809],[128.398306,34.764556],[128.406611,34.767083],[128.4075,34.761222],[128.419972,34.763694],[128.424139,34.76125],[128.425389,34.769972],[128.435389,34.780778],[128.427528,34.787028],[128.421694,34.786222],[128.418722,34.7925],[128.433361,34.788722],[128.439583,34.793333],[128.438361,34.797917],[128.432917,34.8],[128.432028,34.805833],[128.435833,34.801222],[128.442083,34.801639],[128.441194,34.824944],[128.436639,34.824583],[128.419972,34.832917],[128.409583,34.833333],[128.416694,34.83875],[128.424139,34.838722],[128.425806,34.843722],[128.428278,34.837083],[128.434972,34.836194],[128.430806,34.84375],[128.443306,34.842083],[128.451667,34.845389],[128.453694,34.855806],[128.448722,34.8625],[128.449972,34.865361],[128.457056,34.864139],[128.453667,34.870806],[128.45564686,34.87660185],[128.45888196,34.87585968],[128.460417,34.871639]]]]}},{"type":"Feature","properties":{"sterm_parent":"전남남부서해앞바다","fcst_kor_nm":"전남남부서해앞바다중평수구역","zone_id":"S2210500"},"geometry":{"type":"MultiPolygon","coordinates":[[[[126.44039117,34.67479355],[126.47305577,34.64414025],[126.4675,34.642917],[126.460806,34.65125],[126.452056,34.652444],[126.451667,34.660389],[126.441639,34.655444],[126.430417,34.666639],[126.437444,34.674583],[126.44039117,34.67479355]]],[[[126.26470947,34.78009033],[126.38702393,34.72509766],[126.39007568,34.72424316],[126.39758301,34.71496582],[126.4270841,34.68728124],[126.427472,34.686222],[126.422444,34.68875],[126.414194,34.685417],[126.407083,34.704167],[126.401222,34.707472],[126.396667,34.715389],[126.391611,34.710417],[126.392028,34.715],[126.389167,34.716194],[126.383722,34.715],[126.384583,34.707472],[126.394917,34.704583],[126.393778,34.699972],[126.403722,34.691611],[126.398333,34.687028],[126.384111,34.702056],[126.382083,34.700833],[126.392889,34.688278],[126.393778,34.671639],[126.386639,34.671278],[126.383333,34.663694],[126.378722,34.675806],[126.38375,34.680833],[126.378361,34.680417],[126.374167,34.683694],[126.372917,34.6775],[126.377972,34.660833],[126.375361,34.656667],[126.389139,34.647917],[126.397472,34.657083],[126.401667,34.655389],[126.406667,34.66625],[126.414111,34.667056],[126.414167,34.659556],[126.418333,34.66125],[126.422056,34.659139],[126.415417,34.643306],[126.426639,34.645389],[126.428722,34.643306],[126.438333,34.619528],[126.443694,34.633333],[126.450833,34.633694],[126.450389,34.614111],[126.455,34.608722],[126.4625,34.614528],[126.467444,34.611222],[126.480833,34.617083],[126.482889,34.608333],[126.4775,34.601222],[126.469139,34.600417],[126.465861,34.595389],[126.460778,34.595389],[126.455778,34.591222],[126.448278,34.592083],[126.450833,34.583722],[126.441694,34.591222],[126.434111,34.591222],[126.416667,34.601222],[126.41,34.60125],[126.409972,34.60875],[126.401667,34.606222],[126.394139,34.610417],[126.389167,34.609556],[126.381667,34.617917],[126.374583,34.6175],[126.374556,34.610778],[126.370028,34.604556],[126.370417,34.618306],[126.365778,34.617917],[126.367472,34.622083],[126.35375,34.626667],[126.354583,34.6525],[126.343333,34.65625],[126.34325,34.662083],[126.335806,34.658722],[126.329944,34.660417],[126.327917,34.665028],[126.33375,34.672472],[126.330389,34.680806],[126.332861,34.695],[126.348278,34.700389],[126.348722,34.710806],[126.34,34.71875],[126.331278,34.721639],[126.330417,34.734167],[126.327083,34.736667],[126.328778,34.740833],[126.323306,34.739556],[126.31875,34.743306],[126.319111,34.75125],[126.309139,34.747083],[126.309583,34.755],[126.3025,34.761194],[126.294194,34.762889],[126.28625,34.759972],[126.275417,34.730833],[126.275389,34.723333],[126.281222,34.720833],[126.272861,34.7175],[126.268306,34.702056],[126.263333,34.709611],[126.259528,34.705806],[126.257056,34.694167],[126.259194,34.688722],[126.263806,34.688333],[126.254556,34.681639],[126.254972,34.677889],[126.258722,34.6775],[126.255389,34.663278],[126.262889,34.659167],[126.258722,34.654139],[126.267889,34.647472],[126.266667,34.644583],[126.259972,34.646222],[126.26,34.64125],[126.279139,34.629583],[126.289194,34.634556],[126.294194,34.628722],[126.301667,34.624611],[126.305806,34.625389],[126.30375,34.62],[126.308389,34.621194],[126.313694,34.6125],[126.297472,34.611222],[126.289972,34.622056],[126.281639,34.622889],[126.282889,34.618333],[126.278722,34.610806],[126.287028,34.605778],[126.279583,34.599944],[126.279583,34.595833],[126.290833,34.591222],[126.290417,34.596639],[126.297472,34.600417],[126.298333,34.590417],[126.312083,34.587444],[126.302944,34.576667],[126.3075,34.577056],[126.305389,34.573333],[126.314139,34.566194],[126.33375,34.572472],[126.33375,34.581694],[126.330389,34.585778],[126.333306,34.594556],[126.347528,34.593722],[126.3525,34.587083],[126.363778,34.583306],[126.35375,34.571639],[126.355,34.565389],[126.358306,34.565389],[126.362528,34.559528],[126.374139,34.559556],[126.379972,34.562889],[126.388722,34.558306],[126.382944,34.555778],[126.387889,34.549139],[126.377861,34.54],[126.387444,34.532083],[126.402944,34.539167],[126.4,34.548778],[126.415778,34.54625],[126.418361,34.557056],[126.43375,34.551667],[126.431222,34.545833],[126.433389,34.535389],[126.443278,34.53875],[126.445806,34.535361],[126.455806,34.536194],[126.460778,34.529556],[126.466639,34.530417],[126.469556,34.535],[126.464556,34.54],[126.466222,34.544139],[126.460417,34.557472],[126.469583,34.561611],[126.470806,34.56875],[126.485861,34.569583],[126.486694,34.562889],[126.492861,34.564167],[126.490778,34.560389],[126.49612696,34.5606465],[126.50078253,34.54204963],[126.497028,34.538306],[126.50203732,34.53703731],[126.50520161,34.52439743],[126.494944,34.525389],[126.494194,34.520389],[126.485778,34.519528],[126.473306,34.50875],[126.456194,34.502444],[126.457056,34.497472],[126.462861,34.494972],[126.455028,34.492056],[126.454528,34.489111],[126.461639,34.487889],[126.464639,34.483333],[126.453694,34.482472],[126.454528,34.475778],[126.4625,34.46875],[126.473333,34.468722],[126.483306,34.479583],[126.486194,34.478333],[126.478278,34.458694],[126.469167,34.462861],[126.466222,34.461667],[126.476694,34.449583],[126.467528,34.44875],[126.464083,34.454583],[126.452944,34.450806],[126.453306,34.447889],[126.466194,34.439972],[126.475,34.427028],[126.480833,34.42625],[126.48125,34.433361],[126.485028,34.434583],[126.495806,34.43125],[126.505778,34.440389],[126.512889,34.435833],[126.507083,34.426667],[126.515806,34.414528],[126.499944,34.40625],[126.4925,34.410389],[126.485417,34.409167],[126.489528,34.405806],[126.485417,34.402528],[126.489583,34.399167],[126.487889,34.395806],[126.492472,34.395389],[126.493306,34.390389],[126.500417,34.388278],[126.485806,34.387083],[126.4825,34.39125],[126.480806,34.387889],[126.470028,34.386222],[126.465417,34.380806],[126.469944,34.383722],[126.478306,34.383722],[126.472944,34.379139],[126.479583,34.375833],[126.475444,34.371639],[126.483722,34.366639],[126.475361,34.366639],[126.478306,34.35875],[126.46825,34.364556],[126.464528,34.364139],[126.464556,34.359167],[126.472472,34.350389],[126.478306,34.35125],[126.491639,34.360389],[126.498333,34.357111],[126.504194,34.366222],[126.517917,34.363333],[126.521278,34.355],[126.520389,34.345028],[126.525417,34.334139],[126.519972,34.325417],[126.511194,34.319972],[126.517917,34.314972],[126.514583,34.308306],[126.515417,34.296667],[126.51602013,34.29642853],[126.51754587,34.29582526],[126.5164785,34.29522747],[126.46612765,34.27658528],[126.37207031,34.40875244],[126.34655762,34.38519287],[126.30297852,34.37225342],[126.30163574,34.37683105],[126.2946167,34.38323975],[126.29260254,34.39135742],[126.27941895,34.41137695],[126.159729,34.37133789],[126.15643311,34.3737793],[126.14501953,34.36938477],[126.14147949,34.36694336],[126.14611816,34.3581543],[126.10474771,34.2843786],[126.05,34.316667],[125.983333,34.333333],[126.01452637,34.3605957],[126.0402832,34.4619751],[126.043396,34.46704102],[126.0435791,34.4710083],[126.04248047,34.47564697],[126.03479004,34.47961426],[126.03283691,34.48400879],[126.04290771,34.51696777],[126.10015869,34.53985596],[126.19958496,34.56079102],[126.23431396,34.6003418],[126.23126221,34.70043945],[126.26470947,34.78009033]]]]}},{"type":"Feature","properties":{"sterm_parent":"강원북부앞바다","fcst_kor_nm":"강원북부앞바다","zone_id":"S1151100"},"geometry":{"type":"MultiPolygon","coordinates":[[[[128.72409696,38.4961411],[128.75987454,38.44623622],[128.78165683,38.41171261],[128.80532181,38.36383984],[128.84194277,38.29546528],[128.85727409,38.25725496],[128.87100816,38.22003576],[128.90212509,38.18180943],[128.97965076,38.09638626],[129.01028124,38.05488724],[129.07758779,37.97149174],[129.11279384,37.93299003],[129.13429994,37.91617849],[129.1342922,37.91617854],[128.80998167,37.91828938],[128.80871773,37.91825879],[128.793694,37.929972],[128.786222,37.946667],[128.775778,37.951222],[128.762917,37.965833],[128.763722,37.972472],[128.758722,37.975],[128.761222,37.981639],[128.751611,37.984528],[128.737889,37.998361],[128.739722,38.003278],[128.733861,38.011556],[128.738861,38.022389],[128.727667,38.024528],[128.700083,38.045306],[128.678889,38.069111],[128.678028,38.08325],[128.641,38.113639],[128.634694,38.119917],[128.631833,38.129528],[128.627611,38.1295],[128.613917,38.145778],[128.61225,38.167417],[128.608861,38.172444],[128.617222,38.181556],[128.602194,38.194889],[128.596444,38.206556],[128.597667,38.211194],[128.604306,38.210361],[128.605528,38.213278],[128.59925,38.216167],[128.564639,38.255778],[128.550417,38.289944],[128.553806,38.294944],[128.5505,38.299111],[128.552944,38.304083],[128.534611,38.319056],[128.532139,38.334111],[128.520472,38.341556],[128.513806,38.351611],[128.5155,38.356583],[128.5105,38.364111],[128.516306,38.369139],[128.514667,38.372444],[128.497917,38.38575],[128.460444,38.429083],[128.457944,38.444056],[128.460917,38.447861],[128.468389,38.447028],[128.468806,38.45075],[128.443,38.477417],[128.441306,38.486556],[128.435889,38.487861],[128.427944,38.499083],[128.430444,38.504944],[128.423,38.508278],[128.424639,38.51075],[128.420444,38.516556],[128.4255,38.523278],[128.419583,38.524917],[128.408806,38.541583],[128.413,38.551611],[128.411306,38.556583],[128.408,38.557417],[128.405528,38.56575],[128.399306,38.567861],[128.370444,38.596583],[128.361333,38.613306],[128.35992142,38.61797646],[128.59879227,38.76054378],[128.62154883,38.67929734],[128.6664673,38.59937911],[128.67356643,38.58384582],[128.68186395,38.57072485],[128.72409696,38.4961411]]]]}},{"type":"Feature","properties":{"sterm_parent":"부산앞바다","fcst_kor_nm":"부산앞바다중동부평수구역","zone_id":"S2310100"},"geometry":{"type":"MultiPolygon","coordinates":[[[[129.099583,35.110806],[129.09755721,35.10607863],[129.09529831,35.11260609],[129.095861,35.112889],[129.099583,35.110806]]],[[[129.22875,35.224194],[129.234167,35.220389],[129.23673163,35.22083563],[129.2376709,35.22009277],[129.25567627,35.18890381],[129.09869385,35.04168701],[129.09191895,35.05187988],[129.09631348,35.05950928],[129.09633561,35.05958742],[129.097083,35.060833],[129.09675192,35.06105754],[129.10412598,35.08709717],[129.09982414,35.099528],[129.105,35.099528],[129.109194,35.104556],[129.1175,35.100389],[129.125,35.100361],[129.129583,35.114167],[129.122889,35.1325],[129.114111,35.129583],[129.109167,35.13125],[129.106222,35.136639],[129.11625,35.14],[129.11625,35.146639],[129.120806,35.152889],[129.127444,35.157056],[129.134556,35.156639],[129.131222,35.161639],[129.133306,35.164556],[129.138361,35.165389],[129.150806,35.160417],[129.150806,35.152917],[129.163306,35.159583],[129.181639,35.154583],[129.197056,35.163306],[129.202444,35.179556],[129.2125,35.182083],[129.214139,35.18625],[129.219972,35.183722],[129.224583,35.186639],[129.226278,35.195833],[129.231167,35.198306],[129.229528,35.206667],[129.224556,35.210806],[129.22875,35.224194]]]]}},{"type":"Feature","properties":{"sterm_parent":"제주도서부앞바다","fcst_kor_nm":"제주도서부앞바다중가파도연안바다","zone_id":"S2330300"},"geometry":{"type":"MultiPolygon","coordinates":[[[[126.2853394,33.17792356],[126.28551054,33.17781259],[126.28573805,33.1776559],[126.28595999,33.17749366],[126.28617616,33.177326],[126.28638639,33.17715309],[126.28659049,33.17697506],[126.28678829,33.17679206],[126.28697961,33.17660426],[126.28716429,33.17641182],[126.28734218,33.1762149],[126.28751311,33.17601367],[126.28767694,33.17580831],[126.28783353,33.175599],[126.28798274,33.1753859],[126.28817043,33.17509374],[126.28825853,33.17494913],[126.28838487,33.17472583],[126.28850336,33.1744995],[126.2886139,33.17427034],[126.28871639,33.17403856],[126.28881074,33.17380434],[126.28889687,33.1735679],[126.28897471,33.17332943],[126.2890442,33.17308914],[126.289093,33.17290956],[126.28915326,33.17268778],[126.28921977,33.17242371],[126.28923497,33.1723445],[126.28929251,33.17217572],[126.28938841,33.17183399],[126.28945842,33.17148785],[126.28948363,33.17131356],[126.28954475,33.17112368],[126.2895999,33.17093252],[126.28964906,33.1707402],[126.28973681,33.17039039],[126.28992314,33.16986699],[126.29005857,33.16937705],[126.29017692,33.16886458],[126.29022201,33.16862205],[126.29025871,33.16837851],[126.29028699,33.16813418],[126.29030681,33.16788927],[126.29031818,33.16764398],[126.29032107,33.16739851],[126.29031548,33.16715307],[126.29030142,33.16690787],[126.29027891,33.16666313],[126.29024795,33.16641903],[126.29020858,33.16617579],[126.29016083,33.16593362],[126.29010474,33.16569272],[126.29004035,33.16545329],[126.28988693,33.16497964],[126.28975302,33.16463834],[126.28959618,33.16428521],[126.28948342,33.16405879],[126.2893629,33.16383522],[126.2892347,33.16361469],[126.28909895,33.16339738],[126.28895575,33.16318348],[126.28879072,33.16294518],[126.28865141,33.16275012],[126.28850592,33.16255828],[126.28835433,33.16236981],[126.28819678,33.16218483],[126.28803336,33.16200349],[126.2878642,33.16182591],[126.28768941,33.16165223],[126.28750507,33.16147397],[126.28731583,33.1612961],[126.28712069,33.1611228],[126.28691981,33.1609542],[126.28671335,33.16079043],[126.28650148,33.16063163],[126.28628436,33.16047793],[126.28606218,33.16032944],[126.28583509,33.16018629],[126.2856033,33.16004859],[126.28536697,33.15991645],[126.28512631,33.15978997],[126.28488149,33.15966925],[126.28463272,33.1595544],[126.2843802,33.1594455],[126.28403453,33.15930158],[126.28380821,33.15921039],[126.28357916,33.15912417],[126.28334752,33.15904298],[126.28311345,33.15896688],[126.28281557,33.15884601],[126.28267376,33.15872513],[126.28254323,33.15861386],[126.28236348,33.15846408],[126.28217908,33.15831833],[126.28199018,33.15817673],[126.2817969,33.15803937],[126.28159938,33.15790635],[126.28139775,33.15777776],[126.28126594,33.15757276],[126.28112735,33.15737096],[126.28098209,33.1571725],[126.28083026,33.15697755],[126.28067199,33.15678625],[126.28050741,33.15659877],[126.28033663,33.15641525],[126.28015981,33.15623582],[126.27997707,33.15606064],[126.27978856,33.15588985],[126.27959443,33.15572356],[126.27939483,33.15556192],[126.27907356,33.15530825],[126.27886147,33.15514545],[126.27864393,33.15498783],[126.27819322,33.15468859],[126.27796041,33.15454722],[126.2777229,33.15441152],[126.27748087,33.15428159],[126.27723452,33.15415753],[126.27672967,33.15392745],[126.27647158,33.15382161],[126.27594514,33.15362878],[126.27567722,33.15354194],[126.27540646,33.15346158],[126.27513308,33.15338778],[126.2748573,33.15332057],[126.27457934,33.15326004],[126.27429944,33.15320621],[126.27401783,33.15315915],[126.27373473,33.15311887],[126.27345037,33.15308543],[126.273165,33.15305884],[126.27282233,33.15302702],[126.27227132,33.15291335],[126.27202175,33.15286469],[126.27151858,33.1527835],[126.27126532,33.15275102],[126.27101115,33.15272398],[126.27075625,33.1527024],[126.27050078,33.15268629],[126.27021212,33.1526747],[126.26992319,33.1526701],[126.26963422,33.15267248],[126.26934546,33.15268186],[126.26905713,33.15269821],[126.26876948,33.15272153],[126.26848275,33.15275179],[126.26819717,33.15278898],[126.26791297,33.15283306],[126.2676304,33.152884],[126.26734969,33.15294174],[126.26707107,33.15300625],[126.26679477,33.15307748],[126.26652102,33.15315535],[126.26625004,33.15323982],[126.26598206,33.1533308],[126.2657173,33.15342822],[126.26545598,33.15353201],[126.26519831,33.15364208],[126.26494452,33.15375833],[126.2646948,33.15388067],[126.26444936,33.154009],[126.26420841,33.15414321],[126.26397215,33.1542832],[126.26374077,33.15442884],[126.26351447,33.15458001],[126.26329342,33.1547366],[126.26307782,33.15489847],[126.26286784,33.15506549],[126.26266365,33.15523751],[126.26246543,33.1554144],[126.26227334,33.15559601],[126.26208753,33.1557822],[126.26190816,33.1559728],[126.26173721,33.15615992],[126.2615739,33.1563438],[126.26141658,33.15653133],[126.26126537,33.15672239],[126.26112039,33.15691683],[126.26098173,33.1571145],[126.26084951,33.15731528],[126.26072381,33.15751899],[126.26060474,33.15772551],[126.26049237,33.15793466],[126.26025011,33.15840242],[126.26016633,33.15856901],[126.26004009,33.15885366],[126.25994924,33.15904558],[126.25986437,33.15923943],[126.25978553,33.15943507],[126.25971278,33.15963237],[126.25964616,33.1598312],[126.25958572,33.16003143],[126.25946534,33.16019139],[126.25921016,33.16026383],[126.25895751,33.1603423],[126.2587076,33.16042673],[126.25846062,33.16051706],[126.25821677,33.16061322],[126.25797624,33.16071513],[126.25773195,33.16082172],[126.25747851,33.1609362],[126.25722908,33.16105673],[126.25698384,33.16118322],[126.25674301,33.16131556],[126.25650678,33.16145364],[126.25627534,33.16159735],[126.25604889,33.16174657],[126.25582761,33.16190118],[126.25561168,33.16206105],[126.25519657,33.16239606],[126.25499773,33.16257092],[126.25480493,33.1627505],[126.25461831,33.16293464],[126.25443804,33.1631232],[126.25426425,33.16331602],[126.25409709,33.16351295],[126.25393671,33.16371381],[126.25378322,33.16391846],[126.25363676,33.16412672],[126.25349745,33.16433841],[126.25336539,33.16455338],[126.2532407,33.16477143],[126.25312349,33.1649924],[126.25301384,33.1652161],[126.25291185,33.16544234],[126.25281759,33.16567095],[126.25267677,33.16602899],[126.25259207,33.1662549],[126.25251492,33.16648272],[126.2524454,33.16671227],[126.25238355,33.16694336],[126.25232943,33.16717582],[126.25228307,33.16740947],[126.25224451,33.16764411],[126.25221378,33.16787957],[126.25219091,33.16811567],[126.25217592,33.16835221],[126.25216881,33.16858901],[126.25216959,33.16882589],[126.25217826,33.16906265],[126.25219482,33.16929912],[126.25221925,33.16953511],[126.25225154,33.16977042],[126.25229165,33.17000489],[126.25233955,33.17023831],[126.25239521,33.17047052],[126.25245859,33.17070132],[126.25254784,33.17100674],[126.25262198,33.17124593],[126.25270448,33.17148318],[126.25279527,33.17171827],[126.25289428,33.17195101],[126.2530014,33.1721812],[126.25311656,33.17240862],[126.25323965,33.17263308],[126.25337056,33.1728544],[126.25350918,33.17307236],[126.25365539,33.1732868],[126.25373661,33.17352476],[126.25382608,33.17376062],[126.25392372,33.17399417],[126.25402946,33.17422522],[126.25414319,33.17445357],[126.25426484,33.17467901],[126.25439428,33.17490137],[126.25453141,33.17512044],[126.25467611,33.17533604],[126.25482826,33.17554798],[126.25498773,33.17575608],[126.25515438,33.17596017],[126.25532806,33.17616007],[126.25550863,33.1763556],[126.25569594,33.1765466],[126.25588982,33.1767329],[126.25605261,33.17688479],[126.25643433,33.17722181],[126.25666784,33.17741143],[126.25682394,33.17756957],[126.25698603,33.1777234],[126.25715394,33.17787276],[126.25732748,33.17801748],[126.25748063,33.17819198],[126.25763938,33.17836291],[126.25780362,33.17853014],[126.25797321,33.17869354],[126.25832797,33.17900838],[126.25851287,33.17915958],[126.2589142,33.17947706],[126.27062452,33.18115372],[126.2853394,33.17792356]],[[126.262955,33.169872],[126.265007,33.16782],[126.265892,33.16782],[126.266182,33.167526],[126.266182,33.165768],[126.266769,33.165474],[126.267357,33.165474],[126.268234,33.164593],[126.270874,33.164593],[126.274101,33.16782],[126.276741,33.16782],[126.277626,33.166943],[126.278214,33.166943],[126.278801,33.167526],[126.278801,33.168407],[126.279678,33.168995],[126.279678,33.169872],[126.278214,33.171341],[126.277626,33.171341],[126.276741,33.171928],[126.275864,33.172222],[126.275276,33.172516],[126.275276,33.173393],[126.274689,33.174274],[126.274399,33.174862],[126.273224,33.176327],[126.269119,33.176327],[126.268234,33.175449],[126.267357,33.175449],[126.265892,33.173687],[126.265007,33.173687],[126.262955,33.171635],[126.262955,33.169872]]]]}},{"type":"Feature","properties":{"sterm_parent":"부산앞바다","fcst_kor_nm":"부산앞바다중연안바다","zone_id":"S2320100"},"geometry":{"type":"MultiPolygon","coordinates":[[[[129.328125,35.29870605],[129.29528809,35.28967285],[129.28790283,35.26312256],[129.2833252,35.23748779],[129.27508545,35.21868896],[129.26269531,35.21850586],[129.27532959,35.1942749],[129.27630615,35.19110107],[129.27648926,35.18811035],[129.27587891,35.18530273],[129.2744751,35.18188477],[129.27209473,35.17871094],[129.24263921,35.15107799],[129.11328125,35.02972412],[129.11090088,35.02807617],[129.10809326,35.02667236],[129.10510254,35.0255127],[129.08667848,35.02149655],[128.94844359,34.99136361],[128.83630371,34.96691895],[128.83129883,34.9666748],[128.82568359,34.9675293],[128.75549316,34.99530029],[128.76190186,35.00952148],[128.83209229,34.98352051],[129.09869385,35.04168701],[129.25567627,35.18890381],[129.2376709,35.22009277],[129.23712158,35.22070313],[129.23717189,35.2209123],[129.239111,35.22125],[129.246222,35.231639],[129.245389,35.238306],[129.249611,35.240806],[129.247111,35.244139],[129.254583,35.245833],[129.2525,35.260389],[129.238333,35.25875],[129.235417,35.262472],[129.237444,35.265389],[129.244139,35.26625],[129.246667,35.272083],[129.257083,35.274167],[129.261222,35.283333],[129.260444,35.306639],[129.264556,35.317444],[129.279944,35.326222],[129.286694,35.326278],[129.29,35.319556],[129.298306,35.319528],[129.30518281,35.32846103],[129.328125,35.29870605]]]]}},{"type":"Feature","properties":{"sterm_parent":"남해서부서쪽먼바다","fcst_kor_nm":"남해서부 서쪽","zone_id":"S1322100"},"geometry":{"type":"MultiPolygon","coordinates":[[[[127.20923679,34.20240398],[126.91774784,33.91919564],[126.7522328,33.75722807],[126.75219582,33.75719187],[126.75165625,33.75720262],[126.75097348,33.75721621],[126.74839077,33.75709763],[126.74641081,33.75697565],[126.74415213,33.75683651],[126.73907298,33.75666275],[126.73436484,33.75644493],[126.72837212,33.7561609],[126.66635208,33.75361318],[126.66302878,33.75347666],[126.52485054,33.72800209],[126.48775317,33.721685],[126.46156566,33.71722569],[126.35882664,33.68514186],[126.27497568,33.66328962],[126.20071491,33.63298241],[126.19765976,33.63173555],[126.14511468,33.60861519],[126.141228,33.60690501],[126.14120423,33.60689455],[126.13979635,33.60566824],[126.11645223,33.58533477],[126.09694035,33.56864601],[126.07986543,33.55404161],[126.04889825,33.52731957],[126.01055806,33.49546437],[125.98439732,33.47397651],[125.92931049,33.39534336],[125.92161973,33.35882369],[125.91714161,33.33755931],[125.91713697,33.3375373],[125.91714862,33.33751598],[125.91739547,33.33706383],[125.91720214,33.33718496],[125.38294175,33.67192812],[125.97526299,33.9951554],[126.03378739,34.02801014],[126.17278824,34.10604318],[126.33716132,34.19262679],[126.34450032,34.19649261],[126.47888825,34.14167838],[126.583333,34.09907739],[126.59309032,34.09784661],[126.60253769,34.09665492],[126.69322921,34.11258962],[126.76640342,34.12545186],[126.78076351,34.12805583],[126.9083408,34.15118988],[127.06933441,34.19730545],[127.07587078,34.19917775],[127.11607871,34.20187491],[127.20764141,34.20792706],[127.21180868,34.20823169],[127.21580537,34.20852385],[127.21580685,34.20852396],[127.21588207,34.20852946],[127.21585056,34.20850041],[127.21584857,34.20849858],[127.21525401,34.20795053],[127.20923679,34.20240398]]]]}},{"type":"Feature","properties":{"sterm_parent":"남해서부서쪽먼바다","fcst_kor_nm":"남해서부 서쪽","zone_id":"S1322100"},"geometry":{"type":"MultiPolygon","coordinates":[[[[127.20923679,34.20240398],[126.91774784,33.91919564],[126.7522328,33.75722807],[126.75219582,33.75719187],[126.75165625,33.75720262],[126.75097348,33.75721621],[126.74839077,33.75709763],[126.74641081,33.75697565],[126.74415213,33.75683651],[126.73907298,33.75666275],[126.73436484,33.75644493],[126.72837212,33.7561609],[126.66635208,33.75361318],[126.66302878,33.75347666],[126.52485054,33.72800209],[126.48775317,33.721685],[126.46156566,33.71722569],[126.35882664,33.68514186],[126.27497568,33.66328962],[126.20071491,33.63298241],[126.19765976,33.63173555],[126.14511468,33.60861519],[126.141228,33.60690501],[126.14120423,33.60689455],[126.13979635,33.60566824],[126.11645223,33.58533477],[126.09694035,33.56864601],[126.07986543,33.55404161],[126.04889825,33.52731957],[126.01055806,33.49546437],[125.98439732,33.47397651],[125.92931049,33.39534336],[125.92161973,33.35882369],[125.91714161,33.33755931],[125.91713697,33.3375373],[125.91714862,33.33751598],[125.91739547,33.33706383],[125.91720214,33.33718496],[125.38294175,33.67192812],[125.97526299,33.9951554],[126.03378739,34.02801014],[126.17278824,34.10604318],[126.33716132,34.19262679],[126.34450032,34.19649261],[126.47888825,34.14167838],[126.583333,34.09907739],[126.59309032,34.09784661],[126.60253769,34.09665492],[126.69322921,34.11258962],[126.76640342,34.12545186],[126.78076351,34.12805583],[126.9083408,34.15118988],[127.06933441,34.19730545],[127.07587078,34.19917775],[127.11607871,34.20187491],[127.20764141,34.20792706],[127.21180868,34.20823169],[127.21580537,34.20852385],[127.21580685,34.20852396],[127.21588207,34.20852946],[127.21585056,34.20850041],[127.21584857,34.20849858],[127.21525401,34.20795053],[127.20923679,34.20240398]]]]}},{"type":"Feature","properties":{"sterm_parent":"제주도남부앞바다","fcst_kor_nm":"제주도남부앞바다중연안바다","zone_id":"S2320700"},"geometry":{"type":"MultiPolygon","coordinates":[[[[126.79367422,33.28555304],[126.78887939,33.28570557],[126.78491211,33.284729],[126.78271484,33.28149414],[126.77972412,33.27850342],[126.77648926,33.27630615],[126.77349854,33.27508545],[126.769104,33.27307129],[126.76550293,33.27050781],[126.76251221,33.26751709],[126.75891113,33.26531982],[126.75567627,33.26367188],[126.75109863,33.26190186],[126.746521,33.26092529],[126.74249268,33.2598877],[126.73907471,33.25970459],[126.73449707,33.26031494],[126.730896,33.26049805],[126.72729492,33.25970459],[126.7243042,33.25872803],[126.72052002,33.25811768],[126.71710205,33.25769043],[126.71350098,33.25708008],[126.71008301,33.25610352],[126.70727539,33.25488281],[126.70428467,33.25427246],[126.70007324,33.253479],[126.69549561,33.25268555],[126.69049072,33.25231934],[126.68652344,33.25189209],[126.68292236,33.25067139],[126.67828369,33.25012207],[126.67407227,33.25012207],[126.67047119,33.25109863],[126.66729736,33.25091553],[126.66308594,33.25030518],[126.65887451,33.24969482],[126.65612793,33.246521],[126.65350342,33.24432373],[126.65112305,33.24267578],[126.64770508,33.24127197],[126.64447021,33.23968506],[126.64129639,33.23828125],[126.63830566,33.23590088],[126.63671875,33.23291016],[126.63470459,33.23052979],[126.63208008,33.22808838],[126.62890625,33.22607422],[126.62432861,33.2244873],[126.61987305,33.22332764],[126.61712646,33.22210693],[126.61407471,33.22113037],[126.61071777,33.22027588],[126.60748291,33.22027588],[126.60449219,33.21972656],[126.60089111,33.21929932],[126.59729004,33.21911621],[126.59387207,33.21929932],[126.590271,33.22009277],[126.58673096,33.22131348],[126.58349609,33.22271729],[126.57952881,33.22149658],[126.57568359,33.21990967],[126.57162615,33.21906252],[126.56689453,33.21850586],[126.56390381,33.21868896],[126.56030273,33.21929932],[126.55670166,33.22052002],[126.55291748,33.22088623],[126.54827881,33.22052002],[126.54272461,33.22088623],[126.53692627,33.22088623],[126.53308105,33.22070312],[126.52990723,33.22070312],[126.5269165,33.21887207],[126.52429199,33.2175293],[126.52130127,33.21588135],[126.5177002,33.21411133],[126.51452637,33.21307373],[126.51092529,33.21252441],[126.50732422,33.21191406],[126.50250244,33.21130371],[126.49871826,33.21069336],[126.49487305,33.21087646],[126.49188232,33.2097168],[126.4888916,33.20788574],[126.48272705,33.20568848],[126.47967529,33.20507813],[126.47650146,33.20471191],[126.4730835,33.20489502],[126.46929932,33.20507813],[126.46551514,33.20611572],[126.45928955,33.20849609],[126.45611572,33.21069336],[126.45367432,33.21331787],[126.44769287,33.2175293],[126.44390869,33.2166748],[126.43969727,33.215271],[126.43530273,33.21472168],[126.4309082,33.21508789],[126.42608643,33.21588135],[126.4229126,33.2166748],[126.41931152,33.21868896],[126.4152832,33.22070312],[126.41229248,33.22229004],[126.40948486,33.22412109],[126.40631104,33.2230835],[126.40130615,33.22070312],[126.39807129,33.21887207],[126.39532471,33.21728516],[126.39190674,33.21588135],[126.38891602,33.21490479],[126.3848877,33.21411133],[126.37988281,33.21331787],[126.37487793,33.21228027],[126.37030029,33.21191406],[126.36590576,33.21228027],[126.36169434,33.21331787],[126.35852051,33.21447754],[126.35491943,33.21630859],[126.35107422,33.2175293],[126.34692383,33.2177124],[126.3425293,33.21832275],[126.33850098,33.2177124],[126.33428955,33.21710205],[126.33068848,33.2175293],[126.3269043,33.2175293],[126.32373047,33.21508789],[126.32067871,33.21307373],[126.31811523,33.21173096],[126.31567383,33.2098999],[126.31469727,33.20709229],[126.31512451,33.203125],[126.31591797,33.19909668],[126.31591797,33.19512939],[126.31469727,33.19152832],[126.31347656,33.18890381],[126.31091309,33.18572998],[126.30767822,33.18310547],[126.30663319,33.18250684],[126.29505415,33.19613977],[126.29426144,33.19725972],[126.29464,33.197449],[126.29464,33.200089],[126.293762,33.200676],[126.293762,33.202438],[126.292877,33.203316],[126.292877,33.204197],[126.292587,33.204491],[126.291702,33.204491],[126.291122,33.205078],[126.291122,33.205666],[126.290237,33.206543],[126.291122,33.207424],[126.291122,33.211533],[126.29464,33.21505],[126.29464,33.216812],[126.293762,33.2174],[126.29464,33.218277],[126.29464,33.219158],[126.295517,33.220039],[126.295227,33.220917],[126.296989,33.222385],[126.296989,33.223267],[126.299629,33.225906],[126.299629,33.226784],[126.299919,33.227077],[126.300797,33.227077],[126.302559,33.22884],[126.303436,33.22884],[126.304024,33.229717],[126.307549,33.229424],[126.309601,33.231773],[126.309601,33.232361],[126.310776,33.233826],[126.314293,33.233826],[126.31459,33.234119],[126.31459,33.235878],[126.315468,33.236759],[126.315468,33.237347],[126.318398,33.24028],[126.324265,33.24028],[126.325737,33.242039],[126.330719,33.242039],[126.334831,33.237934],[126.335709,33.237934],[126.336586,33.237053],[126.340698,33.237053],[126.341576,33.237934],[126.343338,33.237934],[126.344215,33.237053],[126.344803,33.237053],[126.34568,33.236172],[126.346565,33.236172],[126.347443,33.235291],[126.35067,33.235291],[126.351547,33.236172],[126.355072,33.236172],[126.355949,33.237053],[126.358299,33.237053],[126.359177,33.236172],[126.360641,33.236172],[126.362404,33.234707],[126.363281,33.234413],[126.365044,33.232944],[126.365631,33.232944],[126.366508,33.232063],[126.370033,33.232063],[126.371498,33.233826],[126.372375,33.233826],[126.37326,33.234707],[126.375015,33.234413],[126.376488,33.232944],[126.377365,33.232944],[126.37883,33.234119],[126.37883,33.235001],[126.380005,33.236172],[126.380882,33.236172],[126.381767,33.235291],[126.382355,33.235291],[126.383232,33.236172],[126.384995,33.236172],[126.385872,33.237053],[126.386749,33.237053],[126.387634,33.237934],[126.388222,33.237934],[126.389099,33.238811],[126.389977,33.238811],[126.390862,33.239693],[126.392616,33.239693],[126.393204,33.240574],[126.394089,33.24028],[126.394966,33.241158],[126.395844,33.241158],[126.396729,33.242039],[126.398193,33.242039],[126.399071,33.24292],[126.400833,33.24292],[126.402298,33.244678],[126.403183,33.243801],[126.40406,33.243801],[126.404938,33.244678],[126.4067,33.244678],[126.407578,33.24556],[126.412567,33.24556],[126.413155,33.244678],[126.414917,33.244678],[126.415794,33.243801],[126.416672,33.243801],[126.422539,33.237934],[126.424889,33.237934],[126.425766,33.237053],[126.427528,33.237053],[126.428406,33.236172],[126.429878,33.236172],[126.430756,33.235291],[126.432518,33.235291],[126.434273,33.237053],[126.43486,33.237053],[126.436623,33.238811],[126.443367,33.238811],[126.445129,33.24028],[126.445717,33.24028],[126.446594,33.241158],[126.448357,33.241158],[126.449234,33.242039],[126.450119,33.242039],[126.450996,33.24292],[126.451584,33.242039],[126.452461,33.242039],[126.453346,33.241158],[126.455101,33.241158],[126.455688,33.242039],[126.457451,33.24028],[126.458328,33.24028],[126.458626,33.239986],[126.458626,33.239105],[126.460381,33.237347],[126.460381,33.235001],[126.461266,33.234119],[126.461266,33.232361],[126.461555,33.232063],[126.46244,33.232063],[126.463318,33.231186],[126.46508,33.231186],[126.465668,33.230305],[126.466545,33.230305],[126.467133,33.230011],[126.467133,33.229134],[126.468307,33.227959],[126.473289,33.227959],[126.474174,33.22884],[126.477402,33.22884],[126.478279,33.227959],[126.482384,33.227959],[126.483269,33.22884],[126.484146,33.22884],[126.486786,33.231186],[126.488251,33.231186],[126.489136,33.232063],[126.490891,33.232063],[126.491776,33.231186],[126.492363,33.231186],[126.49324,33.232063],[126.494118,33.232063],[126.495003,33.232944],[126.496758,33.232944],[126.497055,33.232361],[126.497055,33.230892],[126.497345,33.230305],[126.49823,33.230305],[126.499107,33.231186],[126.503212,33.231186],[126.504097,33.230305],[126.505852,33.230305],[126.506737,33.231186],[126.509079,33.231186],[126.513191,33.235291],[126.514069,33.235291],[126.515533,33.236759],[126.515533,33.23764],[126.515831,33.237934],[126.518173,33.237934],[126.518761,33.238228],[126.518761,33.239105],[126.519646,33.239986],[126.519646,33.240868],[126.520813,33.242039],[126.522575,33.242039],[126.523453,33.241158],[126.524925,33.241158],[126.525803,33.24028],[126.527565,33.24028],[126.528152,33.239693],[126.530792,33.239693],[126.53167,33.24028],[126.533432,33.24028],[126.534309,33.241158],[126.535774,33.241158],[126.536659,33.242039],[126.538414,33.242039],[126.539001,33.241158],[126.539886,33.241158],[126.541641,33.239693],[126.544281,33.239693],[126.544579,33.239105],[126.544579,33.238228],[126.544868,33.237934],[126.546631,33.237934],[126.546921,33.238228],[126.546921,33.239105],[126.547806,33.239986],[126.547806,33.240868],[126.548393,33.241158],[126.549858,33.241158],[126.550735,33.24028],[126.55162,33.24028],[126.552498,33.239693],[126.556602,33.239693],[126.557777,33.240868],[126.557777,33.241745],[126.559242,33.24292],[126.55954,33.242626],[126.55954,33.241745],[126.560715,33.24028],[126.565109,33.24028],[126.569221,33.244678],[126.577431,33.244678],[126.578316,33.243801],[126.579193,33.243801],[126.58007,33.24292],[126.580956,33.243801],[126.58242,33.243801],[126.583298,33.244678],[126.58506,33.244385],[126.585938,33.243801],[126.586525,33.243801],[126.587112,33.243214],[126.587112,33.242332],[126.58799,33.241745],[126.58799,33.240868],[126.588577,33.239986],[126.588875,33.239105],[126.589165,33.238811],[126.59005,33.238811],[126.591515,33.237053],[126.592392,33.237053],[126.593277,33.236172],[126.594154,33.236172],[126.595032,33.237053],[126.598259,33.237053],[126.599144,33.237934],[126.603249,33.237934],[126.604126,33.238811],[126.605011,33.238811],[126.605888,33.239693],[126.607651,33.239693],[126.608238,33.24028],[126.612343,33.24028],[126.61322,33.241158],[126.614105,33.241158],[126.614983,33.242039],[126.61586,33.242039],[126.616745,33.24292],[126.617332,33.24292],[126.617912,33.243214],[126.617912,33.247612],[126.618797,33.248199],[126.618797,33.249081],[126.619087,33.249668],[126.62085,33.249668],[126.622612,33.251133],[126.626717,33.251133],[126.627007,33.25172],[126.627007,33.253185],[126.628181,33.254654],[126.629944,33.254654],[126.630821,33.255535],[126.631706,33.255535],[126.632874,33.256706],[126.632874,33.257587],[126.633171,33.257881],[126.637573,33.257881],[126.638161,33.258762],[126.639038,33.258762],[126.639626,33.259052],[126.639626,33.259933],[126.640503,33.260815],[126.639626,33.261696],[126.639626,33.262573],[126.639328,33.262867],[126.638451,33.262867],[126.637863,33.263161],[126.638451,33.263748],[126.641678,33.263748],[126.641968,33.264042],[126.641968,33.264919],[126.644028,33.266975],[126.644905,33.266975],[126.645782,33.267857],[126.649895,33.267857],[126.650772,33.268734],[126.652534,33.268734],[126.653412,33.269615],[126.658401,33.269615],[126.658691,33.269909],[126.657814,33.270786],[126.657814,33.27343],[126.658401,33.273724],[126.659279,33.273724],[126.660744,33.271961],[126.661629,33.271961],[126.662506,33.271084],[126.66925,33.271084],[126.669838,33.270496],[126.6716,33.270496],[126.672478,33.269615],[126.673363,33.269615],[126.675117,33.267857],[126.675705,33.267857],[126.67659,33.268734],[126.677467,33.268734],[126.67923,33.270496],[126.684212,33.270496],[126.685097,33.269615],[126.688324,33.269615],[126.689201,33.270496],[126.695068,33.270496],[126.695946,33.271084],[126.698296,33.271374],[126.699173,33.271961],[126.701523,33.271961],[126.7024,33.272842],[126.704163,33.272842],[126.70504,33.273724],[126.708267,33.273724],[126.709152,33.274601],[126.710907,33.274601],[126.711792,33.275482],[126.712379,33.275482],[126.713257,33.276363],[126.714134,33.276363],[126.715019,33.275482],[126.715897,33.275482],[126.716484,33.276363],[126.717361,33.276363],[126.718246,33.276951],[126.719124,33.276951],[126.720001,33.276363],[126.722351,33.276363],[126.724991,33.278709],[126.72998,33.278709],[126.730858,33.279591],[126.731735,33.279591],[126.732033,33.279881],[126.732033,33.280762],[126.732323,33.281349],[126.734085,33.281349],[126.735847,33.279591],[126.736725,33.280468],[126.73819,33.280468],[126.739075,33.279591],[126.739952,33.279591],[126.740829,33.278709],[126.741714,33.279591],[126.743179,33.279591],[126.744942,33.281055],[126.745819,33.281349],[126.747581,33.282818],[126.748161,33.282818],[126.749046,33.283695],[126.749924,33.283695],[126.750221,33.284283],[126.750511,33.28487],[126.749634,33.285748],[126.749634,33.28751],[126.749924,33.287804],[126.754913,33.287804],[126.75843,33.291325],[126.759018,33.291325],[126.759895,33.292202],[126.761658,33.292202],[126.762543,33.292789],[126.76342,33.292789],[126.76371,33.293377],[126.76371,33.294842],[126.764595,33.295723],[126.764595,33.297485],[126.765472,33.298363],[126.765472,33.299244],[126.766647,33.300419],[126.767525,33.300419],[126.76841,33.301296],[126.771629,33.301296],[126.772514,33.302177],[126.773392,33.302177],[126.773689,33.302471],[126.773689,33.30423],[126.774567,33.305111],[126.774567,33.305698],[126.77464656,33.30585931],[126.7765302,33.30580694],[126.79367422,33.28555304]]]]}},{"type":"Feature","properties":{"sterm_parent":"울산앞바다","fcst_kor_nm":"울산앞바다중연안바다","zone_id":"S2120400"},"geometry":{"type":"MultiPolygon","coordinates":[[[[129.328125,35.29870605],[129.30518281,35.32846103],[129.306667,35.330389],[129.315,35.331222],[129.322083,35.344167],[129.331667,35.347111],[129.337472,35.35625],[129.342472,35.35625],[129.345833,35.352056],[129.362889,35.358361],[129.357083,35.371667],[129.347444,35.375417],[129.346194,35.379194],[129.349583,35.385833],[129.347861,35.390806],[129.357028,35.395833],[129.354556,35.402528],[129.362889,35.407472],[129.362528,35.412056],[129.356222,35.412472],[129.353694,35.426639],[129.365889,35.428778],[129.369528,35.432472],[129.36864294,35.43363841],[129.46807861,35.48010254],[129.46472168,35.5255127],[129.45050049,35.52850342],[129.44809089,35.53197325],[129.448278,35.532083],[129.452917,35.530861],[129.452111,35.539944],[129.460389,35.554167],[129.454583,35.578306],[129.460028,35.584583],[129.465417,35.585833],[129.465361,35.603333],[129.459528,35.614139],[129.452056,35.616611],[129.452917,35.62],[129.444556,35.628333],[129.443722,35.644139],[129.45125,35.649139],[129.45180084,35.65087898],[129.50198748,35.65088075],[129.49847412,35.64587402],[129.49572754,35.64312744],[129.49169922,35.64007568],[129.4899292,35.63671875],[129.4954834,35.6295166],[129.49749756,35.62567139],[129.49890137,35.6229248],[129.50048828,35.61968994],[129.50250244,35.6149292],[129.50408936,35.60992432],[129.50531006,35.60632324],[129.50592041,35.60290527],[129.50610352,35.5993042],[129.50628662,35.59613037],[129.50628662,35.59307861],[129.50689697,35.58947754],[129.50689697,35.5847168],[129.50628662,35.58129883],[129.50567627,35.57830811],[129.50469971,35.57531738],[129.5032959,35.57208252],[129.50067139,35.56811523],[129.49987793,35.5637207],[129.50030518,35.55871582],[129.50030518,35.55389404],[129.49987793,35.55010986],[129.49932861,35.54711914],[129.49829102,35.54412842],[129.4967041,35.54052734],[129.49530029,35.53747559],[129.49450684,35.53448486],[129.49353027,35.53149414],[129.49291992,35.52832031],[129.48547363,35.52209473],[129.4899292,35.47070313],[129.41052246,35.43170166],[129.41009521,35.42730713],[129.40911865,35.4230957],[129.40771484,35.41967773],[129.40612793,35.41687012],[129.40472412,35.41351318],[129.40447998,35.409729],[129.40472412,35.40509033],[129.40411377,35.4005127],[129.40307617,35.39727783],[129.40148926,35.39331055],[129.39892578,35.38928223],[129.39752197,35.3850708],[129.39910889,35.38092041],[129.40087891,35.37731934],[129.4019165,35.37432861],[129.40368652,35.36968994],[129.40447998,35.36608887],[129.40490723,35.36291504],[129.40490723,35.35888672],[129.40411377,35.35467529],[129.40289307,35.35070801],[129.4006958,35.34631348],[129.39788818,35.34210205],[129.39349365,35.33648682],[129.39007568,35.33288574],[129.38708496,35.33050537],[129.38287354,35.32788086],[129.37908936,35.32592773],[129.37609863,35.32470703],[129.37329102,35.32373047],[129.36907959,35.32250977],[129.3649292,35.32147217],[129.36029053,35.31988525],[129.35650635,35.31890869],[129.35272217,35.31750488],[129.3505249,35.31451416],[129.3480835,35.3112793],[129.34552002,35.30871582],[129.34307861,35.30651855],[129.340271,35.30450439],[129.33673096,35.30230713],[129.33209229,35.30010986],[129.328125,35.29870605]]]]}},{"type":"Feature","properties":{"sterm_parent":"제주도북부앞바다","fcst_kor_nm":"제주도북부앞바다중연안바다","zone_id":"S2320400"},"geometry":{"type":"MultiPolygon","coordinates":[[[[126.71063057,33.57436221],[126.70648498,33.555344],[126.705925,33.555344],[126.70504,33.554462],[126.704163,33.554462],[126.703285,33.553581],[126.695946,33.553581],[126.695358,33.553288],[126.695358,33.552406],[126.695068,33.552116],[126.694191,33.552116],[126.693306,33.551235],[126.689201,33.551235],[126.688324,33.550354],[126.685097,33.550354],[126.684212,33.549477],[126.681572,33.549477],[126.681282,33.55006],[126.681282,33.550941],[126.67923,33.552994],[126.677467,33.552994],[126.67659,33.552116],[126.675705,33.552116],[126.674828,33.551235],[126.67424,33.551235],[126.673653,33.550941],[126.673653,33.55006],[126.672188,33.548302],[126.672188,33.545956],[126.670715,33.544487],[126.665146,33.544487],[126.664268,33.545368],[126.661629,33.545368],[126.660744,33.546249],[126.660156,33.546249],[126.658401,33.548008],[126.657516,33.548008],[126.656639,33.548889],[126.655762,33.548008],[126.654877,33.548008],[126.654587,33.548302],[126.654587,33.549183],[126.656342,33.550648],[126.654877,33.552116],[126.650772,33.552116],[126.650475,33.551529],[126.650475,33.55006],[126.649895,33.549477],[126.646667,33.549477],[126.645493,33.550941],[126.645782,33.551235],[126.647545,33.551235],[126.648422,33.552116],[126.64901,33.552116],[126.649597,33.552406],[126.647545,33.554462],[126.646667,33.554462],[126.645782,33.555344],[126.644028,33.555344],[126.642853,33.554169],[126.642853,33.553288],[126.642555,33.552994],[126.641678,33.552994],[126.6408,33.552116],[126.639915,33.552116],[126.639626,33.551529],[126.639626,33.549183],[126.638741,33.548302],[126.638741,33.547421],[126.637573,33.546249],[126.634933,33.546249],[126.634048,33.545368],[126.633171,33.545368],[126.632874,33.545074],[126.632874,33.542435],[126.633759,33.541553],[126.633759,33.540089],[126.632874,33.539207],[126.633759,33.538326],[126.633171,33.538033],[126.629944,33.538033],[126.627304,33.540382],[126.625839,33.540382],[126.625252,33.540089],[126.625252,33.538326],[126.624954,33.537743],[126.624077,33.538033],[126.621727,33.540382],[126.62085,33.540382],[126.619972,33.539501],[126.61821,33.539501],[126.617332,33.53862],[126.611755,33.53862],[126.609993,33.537155],[126.609116,33.537155],[126.608238,33.536274],[126.607353,33.537155],[126.605011,33.537155],[126.604126,33.536274],[126.600899,33.536274],[126.599144,33.537743],[126.596794,33.538033],[126.595917,33.537155],[126.595032,33.537155],[126.594154,33.536274],[126.593277,33.536274],[126.592392,33.535393],[126.591515,33.535393],[126.59034,33.534222],[126.59034,33.53334],[126.589165,33.532166],[126.58741,33.532166],[126.587112,33.531582],[126.587112,33.530994],[126.586235,33.530113],[126.586235,33.529232],[126.58535,33.528355],[126.58535,33.527473],[126.58506,33.52718],[126.583298,33.52718],[126.58242,33.526299],[126.579193,33.526299],[126.576553,33.528648],[126.575089,33.528648],[126.573326,33.526886],[126.570686,33.52718],[126.569809,33.527767],[126.568336,33.528061],[126.567459,33.528648],[126.567162,33.528355],[126.567162,33.526592],[126.566582,33.526299],[126.565697,33.526299],[126.563354,33.528648],[126.562469,33.528648],[126.561592,33.527767],[126.561005,33.528061],[126.55954,33.526592],[126.55954,33.526009],[126.558655,33.524834],[126.558655,33.524246],[126.557487,33.522781],[126.553375,33.522781],[126.552498,33.522194],[126.55162,33.522194],[126.550735,33.521313],[126.549271,33.521313],[126.546631,33.523659],[126.544868,33.523659],[126.544281,33.522781],[126.539886,33.522781],[126.537537,33.520432],[126.536659,33.520432],[126.535774,33.519554],[126.533134,33.519554],[126.532547,33.518673],[126.530792,33.518673],[126.526978,33.514858],[126.526978,33.514271],[126.525803,33.512806],[126.519936,33.512806],[126.519646,33.513393],[126.519646,33.513981],[126.518761,33.514858],[126.518761,33.515739],[126.517586,33.516914],[126.514069,33.516914],[126.513191,33.516327],[126.512306,33.516327],[126.511719,33.516914],[126.508202,33.517204],[126.507614,33.518085],[126.504974,33.517792],[126.504097,33.518673],[126.502335,33.518673],[126.50087,33.520432],[126.499985,33.520432],[126.499107,33.521313],[126.497345,33.521313],[126.496758,33.522194],[126.495003,33.5219],[126.494118,33.521313],[126.491776,33.521313],[126.490891,33.520432],[126.488251,33.520432],[126.487373,33.519554],[126.486786,33.519554],[126.485321,33.518379],[126.485321,33.517498],[126.484436,33.516621],[126.484436,33.515739],[126.483559,33.514858],[126.483856,33.514271],[126.482971,33.513393],[126.482971,33.512512],[126.480919,33.51046],[126.478279,33.51046],[126.477402,33.511337],[126.475929,33.511337],[126.475052,33.51046],[126.470062,33.51046],[126.469185,33.511337],[126.467422,33.511337],[126.467133,33.510754],[126.467133,33.506645],[126.466248,33.505764],[126.466248,33.504887],[126.465958,33.504593],[126.456573,33.504593],[126.451584,33.499603],[126.450706,33.499603],[126.450119,33.498726],[126.448357,33.498726],[126.447479,33.499603],[126.445129,33.499603],[126.444252,33.498726],[126.443367,33.498726],[126.44249,33.497845],[126.440727,33.497845],[126.44014,33.496964],[126.434273,33.496964],[126.433395,33.496082],[126.430756,33.496082],[126.429878,33.495499],[126.428993,33.495499],[126.428406,33.496082],[126.425766,33.496082],[126.424889,33.495499],[126.424011,33.495499],[126.423424,33.494617],[126.421661,33.494617],[126.419312,33.491978],[126.417557,33.491978],[126.416672,33.491096],[126.414917,33.491096],[126.414032,33.490513],[126.408165,33.490215],[126.407875,33.489925],[126.407875,33.488163],[126.4067,33.486992],[126.404938,33.486992],[126.40406,33.487869],[126.403473,33.486992],[126.402298,33.486992],[126.400246,33.484936],[126.400543,33.484058],[126.399956,33.483765],[126.398193,33.485523],[126.395844,33.485523],[126.394966,33.486111],[126.394089,33.486111],[126.392914,33.487576],[126.392914,33.488457],[126.389977,33.49139],[126.389099,33.490513],[126.385872,33.490513],[126.384109,33.48875],[126.383232,33.48875],[126.380005,33.485523],[126.379128,33.486111],[126.376778,33.486111],[126.37619,33.485817],[126.37619,33.484936],[126.37326,33.482002],[126.372375,33.482002],[126.370911,33.480537],[126.369148,33.480244],[126.368271,33.479656],[126.362404,33.479656],[126.361526,33.480244],[126.355949,33.480244],[126.355362,33.47995],[126.355362,33.479069],[126.352135,33.475842],[126.352135,33.474964],[126.351547,33.47467],[126.34832,33.47467],[126.347443,33.473789],[126.345093,33.473789],[126.344215,33.472908],[126.341576,33.472908],[126.340698,33.472031],[126.340111,33.472031],[126.339523,33.471737],[126.339523,33.470856],[126.337471,33.468803],[126.333359,33.468803],[126.332771,33.469097],[126.333069,33.469975],[126.332481,33.470268],[126.329254,33.470562],[126.327492,33.468803],[126.326614,33.468803],[126.325737,33.467922],[126.321625,33.467922],[126.320747,33.468803],[126.31987,33.468803],[126.319283,33.469685],[126.318398,33.469685],[126.31752,33.470268],[126.315758,33.470268],[126.31488,33.471149],[126.314003,33.470268],[126.312531,33.470562],[126.309891,33.467922],[126.309013,33.467922],[126.308723,33.467335],[126.308723,33.46323],[126.309601,33.462643],[126.309601,33.460003],[126.308723,33.459122],[126.308723,33.458241],[126.307838,33.457363],[126.307838,33.456482],[126.306961,33.455894],[126.306961,33.455013],[126.306374,33.454136],[126.306084,33.453255],[126.304909,33.45208],[126.304024,33.45208],[126.302559,33.450321],[126.301682,33.450321],[126.29844059,33.44735362],[126.298157,33.447094],[126.297569,33.447094],[126.29747328,33.44719016],[126.28749492,33.46803278],[126.28887939,33.47131348],[126.2902832,33.4743042],[126.29229736,33.47668457],[126.29449463,33.47888184],[126.30133057,33.48352051],[126.30450439,33.48510742],[126.30810547,33.48632813],[126.31170654,33.48669434],[126.32128906,33.48669434],[126.32550049,33.48730469],[126.33331299,33.48730469],[126.33612061,33.4888916],[126.33947754,33.49047852],[126.34387207,33.49291992],[126.34869385,33.49487305],[126.35351563,33.49627686],[126.35809326,33.49707031],[126.36151123,33.49731445],[126.36431885,33.49932861],[126.36791992,33.50091553],[126.37127686,33.50231934],[126.37432861,33.50390625],[126.3770752,33.50512695],[126.37988281,33.50610352],[126.38311768,33.50671387],[126.38928223,33.50708008],[126.39312744,33.50689697],[126.40008545,33.50531006],[126.40350342,33.50592041],[126.4083252,33.50769043],[126.41229248,33.50970459],[126.41650391,33.51147461],[126.42047119,33.51269531],[126.42510986,33.51312256],[126.43011475,33.51330566],[126.43450928,33.51409912],[126.43792725,33.51507568],[126.44390869,33.5189209],[126.44909668,33.52111816],[126.453125,33.52307129],[126.45690918,33.52490234],[126.46069336,33.52630615],[126.46447754,33.52728271],[126.46850586,33.52807617],[126.47271729,33.53149414],[126.47729492,33.53430176],[126.480896,33.53570557],[126.48748779,33.53790283],[126.49047852,33.53851318],[126.49353027,33.53869629],[126.49688721,33.53869629],[126.50048828,33.53833008],[126.5032959,33.53771973],[126.50689697,33.53668213],[126.51092529,33.53588867],[126.51507568,33.53692627],[126.519104,33.53692627],[126.52807617,33.54467773],[126.53192139,33.54650879],[126.53527832,33.54730225],[126.53833008,33.54772949],[126.54187012,33.54772949],[126.54547119,33.54711914],[126.54827881,33.54632568],[126.55133057,33.54492188],[126.55511475,33.54388428],[126.55847168,33.54467773],[126.56188965,33.54492188],[126.56530762,33.54467773],[126.57629395,33.54711914],[126.58209229,33.54949951],[126.58612061,33.55187988],[126.58972168,33.55352783],[126.59448242,33.55450439],[126.59851074,33.5546875],[126.60247803,33.55432129],[126.6060791,33.55487061],[126.61029053,33.5559082],[126.61352539,33.55609131],[126.61749268,33.55670166],[126.61987305,33.55871582],[126.62207031,33.5612793],[126.62530518,33.56390381],[126.628479,33.56768799],[126.63208008,33.57067871],[126.6361084,33.57232666],[126.64031982,33.57330322],[126.64550781,33.57373047],[126.64849854,33.57348633],[126.65252686,33.57250977],[126.65667725,33.57110596],[126.66070557,33.56970215],[126.66589355,33.56829834],[126.67047119,33.5690918],[126.67388916,33.57012939],[126.67767334,33.57049561],[126.68188477,33.57067871],[126.68487549,33.5703125],[126.68829346,33.57049561],[126.69207764,33.57067871],[126.6953125,33.57092285],[126.70227051,33.57171631],[126.70611572,33.57250977],[126.70928955,33.57409668],[126.71063057,33.57436221]]]]}},{"type":"Feature","properties":{"sterm_parent":"전남동부남해앞바다","fcst_kor_nm":"전남동부남해앞바다중서부평수구역","zone_id":"S2310800"},"geometry":{"type":"MultiPolygon","coordinates":[[[[127.16998291,34.31878662],[127.13525391,34.40698242],[127.06835938,34.46551514],[127.04589844,34.63446045],[127.0457282,34.63464131],[127.046667,34.634556],[127.064556,34.651611],[127.065806,34.663722],[127.071694,34.66125],[127.099194,34.671222],[127.110361,34.679139],[127.115361,34.693306],[127.130778,34.704528],[127.143306,34.693722],[127.179972,34.69125],[127.19875,34.706639],[127.212917,34.731639],[127.210417,34.738306],[127.22875,34.759972],[127.228278,34.765417],[127.2325,34.762889],[127.237056,34.764167],[127.242472,34.777056],[127.246222,34.776667],[127.24625,34.755833],[127.261667,34.732056],[127.266278,34.731611],[127.271667,34.740389],[127.27875,34.739972],[127.2875,34.75625],[127.290417,34.755833],[127.292083,34.745833],[127.288333,34.739583],[127.280806,34.739556],[127.27875,34.734139],[127.287472,34.734611],[127.291667,34.729556],[127.305833,34.748778],[127.312444,34.752056],[127.326667,34.751222],[127.327917,34.730806],[127.332917,34.716667],[127.336667,34.712889],[127.343361,34.714583],[127.344611,34.710833],[127.332083,34.705861],[127.326222,34.694139],[127.327028,34.688306],[127.317889,34.681667],[127.321222,34.674139],[127.315806,34.665444],[127.297528,34.668722],[127.285833,34.659583],[127.287944,34.669167],[127.280806,34.672889],[127.278722,34.6775],[127.282083,34.679972],[127.281222,34.688306],[127.287056,34.690806],[127.284556,34.694139],[127.287056,34.6975],[127.281278,34.699139],[127.283778,34.705],[127.279583,34.714972],[127.282083,34.718306],[127.275861,34.720417],[127.27,34.712889],[127.264167,34.717889],[127.259972,34.712917],[127.2525,34.712056],[127.254111,34.704583],[127.2475,34.706194],[127.246639,34.701222],[127.239583,34.700833],[127.241222,34.694139],[127.23625,34.691667],[127.243722,34.684972],[127.239139,34.678722],[127.232917,34.680806],[127.227056,34.663306],[127.228333,34.652056],[127.234167,34.658722],[127.23875,34.655806],[127.239583,34.647528],[127.247111,34.639167],[127.244611,34.634139],[127.249583,34.628306],[127.249583,34.620806],[127.23875,34.615],[127.232028,34.595028],[127.223722,34.589111],[127.227083,34.586639],[127.221639,34.586222],[127.219111,34.591222],[127.215778,34.59125],[127.205028,34.581222],[127.191722,34.582056],[127.182444,34.577056],[127.179556,34.58],[127.177889,34.5925],[127.187889,34.597472],[127.186222,34.603333],[127.19375,34.608306],[127.195361,34.622472],[127.202083,34.629972],[127.199528,34.6325],[127.202056,34.643306],[127.197444,34.65125],[127.19625,34.645806],[127.187917,34.640806],[127.185417,34.634194],[127.176639,34.630389],[127.172056,34.624139],[127.173778,34.609972],[127.168722,34.6025],[127.172028,34.594139],[127.164972,34.591222],[127.152528,34.593722],[127.149111,34.600389],[127.142889,34.581667],[127.134972,34.579556],[127.134167,34.572889],[127.124972,34.571278],[127.115417,34.559944],[127.113722,34.546639],[127.122028,34.539972],[127.124139,34.528722],[127.130861,34.531222],[127.130389,34.528306],[127.139139,34.522889],[127.139167,34.527917],[127.147472,34.527861],[127.150806,34.52375],[127.159139,34.529583],[127.1625,34.524611],[127.167528,34.525417],[127.174139,34.519556],[127.178722,34.531667],[127.173778,34.533306],[127.172472,34.538722],[127.167083,34.539167],[127.167083,34.545806],[127.172528,34.547889],[127.178333,34.546194],[127.189139,34.552028],[127.194194,34.549583],[127.201639,34.552889],[127.205833,34.561194],[127.209139,34.558722],[127.213361,34.560389],[127.21875,34.555833],[127.221278,34.545],[127.212889,34.539139],[127.221278,34.534972],[127.226694,34.525389],[127.232472,34.528722],[127.237056,34.527472],[127.231667,34.517889],[127.239111,34.515417],[127.241639,34.517917],[127.244972,34.51375],[127.245806,34.520389],[127.254972,34.521222],[127.275778,34.502083],[127.282861,34.500833],[127.284583,34.497528],[127.279611,34.494194],[127.28375,34.491667],[127.275,34.492917],[127.268778,34.486639],[127.27,34.481222],[127.276639,34.477889],[127.281639,34.479556],[127.28260626,34.47889715],[127.27709961,34.37463379],[127.16998291,34.31878662]]]]}},{"type":"Feature","properties":{"sterm_parent":"전남동부남해앞바다","fcst_kor_nm":"전남동부남해앞바다중동부평수구역","zone_id":"S2310900"},"geometry":{"type":"MultiPolygon","coordinates":[[[[127.519583,34.8825],[127.516194,34.866667],[127.524528,34.855028],[127.526278,34.846639],[127.534167,34.841222],[127.543333,34.844583],[127.545389,34.842444],[127.540417,34.834139],[127.526278,34.823333],[127.524556,34.806639],[127.528361,34.805417],[127.527028,34.808333],[127.530833,34.810444],[127.536222,34.81],[127.531639,34.806222],[127.538333,34.805361],[127.545,34.805389],[127.546611,34.80875],[127.557444,34.807028],[127.560361,34.803278],[127.559528,34.795833],[127.56625,34.791667],[127.568694,34.783278],[127.575389,34.783306],[127.55875,34.776639],[127.57,34.776194],[127.573722,34.773333],[127.572917,34.760833],[127.575778,34.75875],[127.58125,34.760833],[127.583333,34.767889],[127.591194,34.758306],[127.585444,34.75],[127.5925,34.750417],[127.595389,34.747472],[127.594139,34.744528],[127.584972,34.746194],[127.585389,34.740833],[127.579583,34.739167],[127.576667,34.731222],[127.568306,34.729583],[127.5625,34.732889],[127.561278,34.7275],[127.565028,34.727083],[127.564583,34.724944],[127.552028,34.72],[127.548694,34.712444],[127.550806,34.711222],[127.561222,34.717472],[127.555361,34.711611],[127.555,34.701194],[127.5575,34.700361],[127.563333,34.707944],[127.566639,34.701222],[127.573333,34.70375],[127.581194,34.6975],[127.560861,34.701194],[127.552917,34.693333],[127.55125,34.681694],[127.563333,34.677889],[127.564556,34.674167],[127.552083,34.67],[127.552028,34.66],[127.562472,34.657083],[127.572889,34.638306],[127.580806,34.63125],[127.582917,34.633333],[127.57625,34.642472],[127.576222,34.648306],[127.580806,34.651222],[127.591694,34.65125],[127.6175,34.641222],[127.624583,34.635],[127.624944,34.630361],[127.635028,34.632028],[127.635806,34.626194],[127.644111,34.627111],[127.651194,34.638333],[127.646639,34.637889],[127.645806,34.634556],[127.63125,34.638278],[127.635,34.638722],[127.638722,34.644167],[127.630444,34.646639],[127.640028,34.645444],[127.642056,34.6525],[127.630444,34.651667],[127.629556,34.6575],[127.634611,34.6625],[127.632056,34.666639],[127.63375,34.6725],[127.628306,34.677944],[127.623361,34.677889],[127.619556,34.683333],[127.631611,34.680389],[127.639194,34.682917],[127.639556,34.685778],[127.635806,34.687056],[127.631694,34.684556],[127.624972,34.687917],[127.625417,34.694972],[127.62875,34.697472],[127.616222,34.705],[127.618389,34.709611],[127.623778,34.71],[127.627472,34.721222],[127.627472,34.712917],[127.634972,34.711222],[127.638306,34.707083],[127.642917,34.708333],[127.641222,34.715806],[127.63625,34.719139],[127.642111,34.72],[127.644528,34.729139],[127.658722,34.7475],[127.656222,34.751639],[127.659167,34.758722],[127.662917,34.755778],[127.662472,34.751194],[127.676639,34.747056],[127.682028,34.740028],[127.680444,34.734972],[127.690028,34.73375],[127.700389,34.724139],[127.699167,34.722056],[127.715,34.720389],[127.714972,34.725444],[127.726667,34.730417],[127.732472,34.729556],[127.734111,34.734556],[127.747444,34.715417],[127.75375,34.716611],[127.750361,34.720806],[127.752472,34.722889],[127.757028,34.719972],[127.757472,34.713722],[127.761694,34.714583],[127.760833,34.710389],[127.756278,34.709944],[127.755472,34.695806],[127.759167,34.689528],[127.764167,34.687861],[127.767528,34.692083],[127.775417,34.685],[127.765861,34.68125],[127.761667,34.685389],[127.755,34.68375],[127.747111,34.675833],[127.747944,34.67],[127.744611,34.666639],[127.7225,34.656222],[127.716222,34.645],[127.723722,34.635806],[127.709583,34.622472],[127.718333,34.613694],[127.726667,34.616194],[127.728278,34.612889],[127.734944,34.612111],[127.736278,34.604944],[127.749139,34.59375],[127.759111,34.594528],[127.771639,34.588778],[127.779167,34.590389],[127.78394433,34.58800034],[127.78399658,34.5869751],[127.76177979,34.54534912],[127.73956299,34.5402832],[127.71954346,34.53240967],[127.69818115,34.53918457],[127.44958496,34.45056152],[127.33272166,34.47689692],[127.342111,34.480806],[127.33875,34.483333],[127.342944,34.484139],[127.341611,34.48875],[127.3525,34.480417],[127.358278,34.492056],[127.36375,34.490028],[127.369167,34.480361],[127.374139,34.480417],[127.379111,34.487083],[127.381222,34.481667],[127.378722,34.479111],[127.3825,34.477056],[127.382944,34.484139],[127.385028,34.48625],[127.389139,34.483722],[127.392083,34.489139],[127.387056,34.491639],[127.38625,34.498278],[127.380389,34.503306],[127.389167,34.504556],[127.391667,34.507917],[127.394139,34.504556],[127.404194,34.503722],[127.407917,34.510806],[127.407083,34.518306],[127.414583,34.519944],[127.412056,34.525806],[127.424194,34.527917],[127.429167,34.535417],[127.437083,34.534944],[127.435778,34.540444],[127.4275,34.539583],[127.427056,34.541639],[127.439583,34.549139],[127.435,34.549583],[127.433389,34.552889],[127.429972,34.55125],[127.430806,34.555361],[127.419167,34.552083],[127.425389,34.555806],[127.418361,34.555389],[127.418278,34.55875],[127.410806,34.555389],[127.3975,34.559583],[127.395,34.556222],[127.385861,34.557083],[127.384944,34.554556],[127.378306,34.553778],[127.368278,34.54625],[127.355861,34.545389],[127.362056,34.553333],[127.358306,34.553722],[127.350444,34.5625],[127.352917,34.565],[127.351222,34.572472],[127.332028,34.584111],[127.334139,34.588722],[127.34,34.590417],[127.343333,34.587889],[127.347444,34.592056],[127.359167,34.594556],[127.364139,34.59125],[127.364139,34.59875],[127.370861,34.603722],[127.383306,34.603694],[127.385,34.609583],[127.392889,34.604972],[127.3975,34.596222],[127.402528,34.597889],[127.406667,34.594556],[127.408306,34.599556],[127.4175,34.59625],[127.41125,34.590778],[127.413333,34.587028],[127.416278,34.588333],[127.415806,34.58375],[127.428333,34.58375],[127.43,34.587889],[127.433361,34.587056],[127.433778,34.581639],[127.440806,34.577083],[127.4475,34.577056],[127.447528,34.579583],[127.450861,34.57875],[127.457917,34.583306],[127.454611,34.593306],[127.456639,34.595389],[127.462083,34.589944],[127.459556,34.587472],[127.461639,34.580389],[127.474972,34.57375],[127.480778,34.577944],[127.486694,34.572917],[127.487889,34.579111],[127.496667,34.587917],[127.504222,34.592889],[127.509611,34.5925],[127.507056,34.606667],[127.498722,34.614972],[127.497889,34.631611],[127.494139,34.636222],[127.491611,34.632917],[127.484139,34.637056],[127.478306,34.634583],[127.470806,34.637917],[127.469194,34.632056],[127.4675,34.637083],[127.464167,34.634583],[127.459139,34.63625],[127.457528,34.633694],[127.44375,34.648306],[127.455833,34.647083],[127.456639,34.644556],[127.464944,34.647889],[127.469111,34.640361],[127.475,34.640389],[127.4775,34.647056],[127.491694,34.641222],[127.488306,34.65125],[127.481639,34.650444],[127.480833,34.655417],[127.475861,34.654528],[127.476278,34.658333],[127.47125,34.659972],[127.469972,34.664556],[127.465833,34.658694],[127.460833,34.661222],[127.459167,34.657889],[127.453333,34.657861],[127.455028,34.665389],[127.44625,34.662472],[127.447889,34.665806],[127.445444,34.666639],[127.450389,34.671667],[127.443278,34.672917],[127.438306,34.677889],[127.428278,34.674556],[127.434583,34.679944],[127.427111,34.681694],[127.428722,34.684972],[127.424556,34.692472],[127.419139,34.690417],[127.402889,34.701639],[127.407472,34.70125],[127.408333,34.703722],[127.394167,34.707889],[127.391667,34.719583],[127.385861,34.722083],[127.384111,34.717889],[127.374611,34.719139],[127.377111,34.7225],[127.373694,34.726667],[127.378306,34.726222],[127.382083,34.730806],[127.374583,34.741639],[127.380806,34.749556],[127.390833,34.75125],[127.401222,34.759167],[127.402528,34.77125],[127.3975,34.772056],[127.395,34.77625],[127.379194,34.776222],[127.370861,34.772917],[127.368278,34.765417],[127.361639,34.768722],[127.361667,34.762944],[127.355806,34.76875],[127.342111,34.767472],[127.352111,34.773333],[127.351667,34.778778],[127.347472,34.776194],[127.344583,34.778333],[127.350833,34.788722],[127.357472,34.786222],[127.361639,34.789556],[127.370806,34.788694],[127.370417,34.794139],[127.374167,34.794583],[127.379222,34.792889],[127.387444,34.779583],[127.388333,34.783722],[127.393778,34.783333],[127.390417,34.787472],[127.392528,34.791222],[127.39625,34.790806],[127.396611,34.79625],[127.414972,34.802056],[127.4175,34.807861],[127.426639,34.809528],[127.429583,34.814167],[127.425833,34.815361],[127.421667,34.812056],[127.413306,34.812917],[127.411694,34.815417],[127.393361,34.81375],[127.385861,34.825444],[127.360833,34.83375],[127.356222,34.838306],[127.369139,34.834528],[127.384111,34.835361],[127.3925,34.827056],[127.402528,34.824556],[127.415861,34.82875],[127.4175,34.83375],[127.426639,34.831222],[127.428306,34.834583],[127.433306,34.833722],[127.434611,34.844167],[127.440806,34.852083],[127.437917,34.840833],[127.442528,34.835389],[127.450056,34.835361],[127.454139,34.842056],[127.464167,34.840417],[127.469972,34.845417],[127.486639,34.83875],[127.494611,34.8475],[127.494556,34.856667],[127.49125,34.859139],[127.495444,34.858333],[127.496194,34.866639],[127.490361,34.866611],[127.489583,34.874167],[127.483722,34.88],[127.508333,34.879556],[127.515806,34.88875],[127.519583,34.8825]]],[[[127.732917,34.963361],[127.738306,34.95625],[127.755,34.961222],[127.75978324,34.96719628],[127.76049805,34.96643066],[127.8203125,34.90264893],[127.80334473,34.85797119],[127.83331299,34.72399902],[127.83331299,34.6595459],[127.80118916,34.63110354],[127.798694,34.643306],[127.795417,34.645806],[127.798778,34.646639],[127.80125,34.656639],[127.805833,34.657889],[127.807917,34.662472],[127.797556,34.662083],[127.796278,34.665],[127.803333,34.667056],[127.8025,34.669583],[127.798333,34.66875],[127.795,34.674556],[127.785806,34.672917],[127.779611,34.679944],[127.78375,34.689139],[127.780833,34.69875],[127.773306,34.70125],[127.773306,34.697056],[127.767528,34.69625],[127.761222,34.704167],[127.764167,34.70625],[127.770806,34.702889],[127.772083,34.704944],[127.765444,34.709167],[127.767528,34.71125],[127.771639,34.712111],[127.773306,34.706222],[127.779972,34.711222],[127.78125,34.708306],[127.77625,34.704139],[127.789167,34.700417],[127.79125,34.708361],[127.788694,34.715833],[127.780833,34.722917],[127.762472,34.73125],[127.751611,34.734583],[127.738306,34.732889],[127.733722,34.737472],[127.752472,34.73625],[127.758722,34.740833],[127.751194,34.7475],[127.756278,34.764972],[127.747111,34.779194],[127.757944,34.784972],[127.759167,34.798722],[127.768333,34.798694],[127.77125,34.804972],[127.767917,34.808306],[127.772083,34.812472],[127.768778,34.818278],[127.774583,34.822472],[127.769167,34.822917],[127.769583,34.827528],[127.766222,34.829139],[127.774583,34.835806],[127.772917,34.841639],[127.777056,34.847528],[127.773722,34.851667],[127.777056,34.8525],[127.777056,34.855833],[127.774556,34.860833],[127.7625,34.86375],[127.764139,34.858722],[127.756694,34.859556],[127.745,34.850389],[127.736639,34.855417],[127.724194,34.854583],[127.724111,34.857917],[127.731306,34.861639],[127.728333,34.863722],[127.700833,34.854556],[127.693333,34.840417],[127.679167,34.832056],[127.675806,34.83375],[127.669167,34.822917],[127.660833,34.824528],[127.648333,34.832917],[127.645833,34.827917],[127.640028,34.832028],[127.639194,34.827028],[127.629556,34.833278],[127.628722,34.837528],[127.629194,34.840389],[127.636667,34.838694],[127.638806,34.847472],[127.629222,34.847889],[127.626667,34.845389],[127.615833,34.85375],[127.609194,34.852056],[127.605417,34.857528],[127.607917,34.861667],[127.604167,34.862028],[127.592917,34.874167],[127.595417,34.881639],[127.588278,34.887889],[127.579139,34.890417],[127.578722,34.898333],[127.57375,34.901639],[127.58375,34.905833],[127.579528,34.915806],[127.580806,34.922917],[127.595806,34.923722],[127.600417,34.928278],[127.605417,34.945],[127.595417,34.947472],[127.601222,34.948333],[127.601694,34.958694],[127.602083,34.951667],[127.608694,34.943333],[127.604611,34.934111],[127.614556,34.920833],[127.615444,34.914139],[127.623361,34.910389],[127.625833,34.905389],[127.633306,34.905417],[127.639972,34.909556],[127.645,34.905389],[127.648306,34.909583],[127.668333,34.906194],[127.669583,34.909139],[127.661278,34.916667],[127.666278,34.916667],[127.667028,34.922444],[127.672111,34.924972],[127.674111,34.930444],[127.690806,34.926194],[127.693306,34.934583],[127.700833,34.929583],[127.709972,34.939583],[127.713306,34.935389],[127.719944,34.95125],[127.724194,34.947917],[127.733806,34.957528],[127.726222,34.968333],[127.726222,34.982528],[127.719583,34.983306],[127.722889,34.985806],[127.720806,34.998722],[127.727917,34.985],[127.735417,34.981639],[127.732917,34.963361]]]]}},{"type":"Feature","properties":{"sterm_parent":"울산앞바다","fcst_kor_nm":"울산앞바다중평수구역","zone_id":"S2110200"},"geometry":{"type":"MultiPolygon","coordinates":[[[[129.44809089,35.53197325],[129.45050049,35.52850342],[129.46472168,35.5255127],[129.46807861,35.48010254],[129.36864294,35.43363841],[129.364111,35.439611],[129.352944,35.440833],[129.360389,35.446639],[129.359139,35.448722],[129.351694,35.446222],[129.34625,35.451667],[129.343722,35.455],[129.347083,35.466667],[129.33875,35.475],[129.346611,35.475389],[129.355778,35.461278],[129.361667,35.459583],[129.365028,35.466222],[129.375806,35.469556],[129.385444,35.4775],[129.387944,35.492472],[129.376278,35.501639],[129.38625,35.506694],[129.385417,35.515],[129.377889,35.516694],[129.376278,35.5275],[129.379583,35.529167],[129.354556,35.5475],[129.37,35.544583],[129.403722,35.512472],[129.39875,35.502472],[129.407889,35.496667],[129.406222,35.481667],[129.409111,35.474556],[129.42,35.481222],[129.425806,35.481194],[129.427528,35.484556],[129.434139,35.480417],[129.445444,35.491667],[129.444194,35.49625],[129.433722,35.494167],[129.434111,35.499556],[129.443722,35.5025],[129.442472,35.506222],[129.434611,35.508306],[129.438333,35.514583],[129.445028,35.51375],[129.448694,35.516667],[129.440389,35.523333],[129.440417,35.527472],[129.44809089,35.53197325]]]]}},{"type":"Feature","properties":{"sterm_parent":"강원남부앞바다","fcst_kor_nm":"강원남부앞바다","zone_id":"S1151300"},"geometry":{"type":"MultiPolygon","coordinates":[[[[129.5682784,37.35591728],[129.63249271,37.14669026],[129.36706374,37.14689423],[129.361278,37.159167],[129.345417,37.174944],[129.342889,37.196639],[129.349556,37.215],[129.342889,37.229139],[129.357917,37.237472],[129.35125,37.242528],[129.351278,37.248306],[129.328722,37.266639],[129.331278,37.281611],[129.323278,37.284556],[129.320806,37.292056],[129.314139,37.287917],[129.311639,37.292889],[129.304194,37.293722],[129.303778,37.304972],[129.297472,37.31375],[129.2875,37.312056],[129.272944,37.323333],[129.272083,37.330833],[129.267889,37.334944],[129.268806,37.341639],[129.252111,37.365778],[129.25375,37.376639],[129.259583,37.380806],[129.220861,37.399556],[129.203306,37.414583],[129.190417,37.434972],[129.194556,37.438306],[129.191194,37.454944],[129.130389,37.506611],[129.124583,37.520806],[129.126194,37.526639],[129.11625,37.537472],[129.112861,37.549167],[129.122472,37.552917],[129.124639,37.557444],[129.11875,37.577472],[129.07648061,37.60598643],[129.37302658,37.60276678],[129.37703384,37.59606862],[129.42297655,37.53993129],[129.5682784,37.35591728]]]]}},{"type":"Feature","properties":{"sterm_parent":"경남서부남해앞바다","fcst_kor_nm":"경남서부남해앞바다중서부평수구역","zone_id":"S2310500"},"geometry":{"type":"MultiPolygon","coordinates":[[[[128.41570007,34.87612461],[128.41744128,34.87433108],[128.415472,34.875],[128.41570007,34.87612461]]],[[[127.795,34.992889],[127.77708834,34.98331482],[127.78704094,34.99344372],[127.7875,34.991222],[127.798306,34.995389],[127.805444,34.993278],[127.795,34.992889]]],[[[128.035361,35.024167],[128.036694,35.018722],[128.044167,35.023722],[128.049556,35.016667],[128.039556,34.994167],[128.052083,34.975833],[128.050028,34.969583],[128.030361,34.958306],[128.048333,34.932917],[128.054167,34.928722],[128.061639,34.929583],[128.061639,34.925389],[128.069972,34.926222],[128.07,34.922889],[128.074194,34.922056],[128.077472,34.926278],[128.085,34.926194],[128.089528,34.922472],[128.088361,34.917944],[128.0975,34.925389],[128.099139,34.920417],[128.102444,34.924556],[128.104167,34.922056],[128.115806,34.924556],[128.116667,34.920361],[128.121667,34.922083],[128.116667,34.915389],[128.104167,34.915417],[128.103694,34.913306],[128.113278,34.905417],[128.119167,34.908722],[128.11875,34.904139],[128.125028,34.900389],[128.1325,34.888694],[128.142028,34.894972],[128.142528,34.902917],[128.15,34.899528],[128.147083,34.904167],[128.155833,34.907944],[128.1625,34.899556],[128.167472,34.901194],[128.169139,34.897083],[128.175,34.895417],[128.172889,34.903306],[128.175833,34.907056],[128.181639,34.895417],[128.185389,34.896639],[128.188361,34.905417],[128.187917,34.894139],[128.196694,34.892917],[128.203722,34.896639],[128.197056,34.909139],[128.204556,34.9275],[128.20125,34.929944],[128.203722,34.933333],[128.197944,34.935833],[128.200806,34.939556],[128.206639,34.939556],[128.209111,34.93625],[128.213306,34.942056],[128.218361,34.939556],[128.222444,34.945361],[128.228333,34.941222],[128.237556,34.940417],[128.245,34.94375],[128.245,34.935389],[128.249611,34.937472],[128.250806,34.942056],[128.255833,34.937056],[128.265833,34.938722],[128.26875,34.935],[128.267028,34.929167],[128.264167,34.927083],[128.26,34.93125],[128.257056,34.929167],[128.267056,34.918333],[128.265389,34.9125],[128.270056,34.912917],[128.274583,34.909167],[128.274528,34.905833],[128.270389,34.904167],[128.272528,34.899583],[128.275,34.902917],[128.282889,34.904167],[128.282528,34.916194],[128.287417,34.909583],[128.300389,34.912472],[128.298806,34.915833],[128.303778,34.920778],[128.300389,34.922472],[128.302861,34.926611],[128.299583,34.927472],[128.300361,34.935833],[128.307472,34.936222],[128.308306,34.939528],[128.314111,34.937917],[128.321194,34.945],[128.320833,34.947056],[128.31625,34.946611],[128.319556,34.950833],[128.319167,34.959583],[128.325,34.955389],[128.332472,34.955417],[128.329583,34.9475],[128.333306,34.944611],[128.339972,34.947028],[128.342111,34.942472],[128.331194,34.936694],[128.338306,34.935417],[128.342472,34.937889],[128.345417,34.935],[128.344139,34.930389],[128.337944,34.930833],[128.339139,34.927917],[128.343722,34.928333],[128.339167,34.924583],[128.335806,34.925361],[128.334528,34.920778],[128.349222,34.922917],[128.346222,34.92],[128.354583,34.917444],[128.351194,34.915833],[128.354583,34.909167],[128.346611,34.904528],[128.333306,34.90875],[128.299139,34.906278],[128.296194,34.899944],[128.308722,34.891611],[128.307861,34.884972],[128.318333,34.878722],[128.327444,34.885361],[128.327472,34.87625],[128.335806,34.87625],[128.334167,34.881222],[128.340861,34.88125],[128.341222,34.874167],[128.3475,34.872083],[128.350444,34.881639],[128.347444,34.887083],[128.356222,34.877444],[128.355778,34.870389],[128.374972,34.868722],[128.370417,34.883306],[128.376611,34.880417],[128.379583,34.884944],[128.367083,34.899139],[128.3725,34.899583],[128.382944,34.884111],[128.381278,34.872472],[128.38875,34.873306],[128.385833,34.867056],[128.400778,34.864556],[128.407444,34.866194],[128.410833,34.862889],[128.415778,34.865389],[128.42440225,34.86013683],[128.42246636,34.85873442],[128.414194,34.860389],[128.4125,34.857056],[128.408333,34.861222],[128.396639,34.85875],[128.396639,34.862083],[128.388278,34.862889],[128.386667,34.859556],[128.382917,34.860806],[128.384194,34.855417],[128.369556,34.849972],[128.375361,34.845028],[128.370444,34.843333],[128.372472,34.840417],[128.376667,34.838722],[128.383306,34.842889],[128.387083,34.840833],[128.383694,34.8375],[128.384972,34.832056],[128.392444,34.833778],[128.393333,34.827917],[128.396667,34.827889],[128.4,34.834556],[128.406222,34.830806],[128.393306,34.822083],[128.392556,34.826222],[128.385,34.829556],[128.387472,34.813694],[128.382917,34.823306],[128.377056,34.826639],[128.378333,34.829583],[128.375,34.827889],[128.37,34.833722],[128.366667,34.830417],[128.365806,34.83375],[128.357472,34.83125],[128.357917,34.84],[128.353306,34.842028],[128.347083,34.839944],[128.348722,34.834111],[128.344972,34.832028],[128.343722,34.839972],[128.336611,34.842056],[128.342083,34.833333],[128.340417,34.828333],[128.335,34.833694],[128.336222,34.827472],[128.331667,34.829556],[128.330389,34.824972],[128.338306,34.81625],[128.346639,34.82375],[128.358306,34.82375],[128.379972,34.813722],[128.376194,34.807472],[128.380389,34.804167],[128.376222,34.803333],[128.377917,34.799972],[128.371667,34.802056],[128.372472,34.79875],[128.369167,34.800389],[128.364556,34.794972],[128.3725,34.792889],[128.375861,34.787889],[128.377889,34.794194],[128.383306,34.796278],[128.382944,34.791639],[128.390389,34.788306],[128.386194,34.780833],[128.387917,34.775861],[128.397028,34.779167],[128.395417,34.772444],[128.39790602,34.76564809],[128.38238525,34.74182129],[128.30871582,34.75531006],[128.28649902,34.75567627],[128.2130127,34.80718994],[128.08726966,34.81683913],[128.06585693,34.81774902],[128.01348877,34.79858398],[127.94836426,34.7911377],[127.92614746,34.79663086],[127.88983154,34.78167725],[127.88208008,34.72412109],[127.86767578,34.71209717],[127.85839844,34.68023682],[127.83331299,34.6595459],[127.83331299,34.72399902],[127.80334473,34.85797119],[127.8203125,34.90264893],[127.76049805,34.96643066],[127.76816937,34.97423787],[127.770833,34.966194],[127.776667,34.967056],[127.785861,34.961194],[127.789972,34.96125],[127.794972,34.967083],[127.804139,34.967056],[127.807528,34.963778],[127.811694,34.965417],[127.814139,34.955417],[127.818278,34.961222],[127.820833,34.957083],[127.824583,34.957472],[127.81875,34.953278],[127.821278,34.951639],[127.818722,34.944972],[127.8225,34.942889],[127.826667,34.952889],[127.835444,34.953333],[127.83125,34.960778],[127.834583,34.963333],[127.832889,34.970028],[127.835806,34.97125],[127.839556,34.9675],[127.837028,34.963306],[127.840861,34.954583],[127.844972,34.962056],[127.847083,34.959972],[127.845389,34.951639],[127.849194,34.94625],[127.856639,34.949583],[127.874972,34.944556],[127.881694,34.947861],[127.884111,34.953722],[127.893694,34.954167],[127.890444,34.958306],[127.891611,34.963694],[127.89625,34.964139],[127.898278,34.955389],[127.902944,34.965806],[127.900389,34.969167],[127.912861,34.971639],[127.912861,34.987472],[127.916194,34.988306],[127.919167,34.980389],[127.922889,34.987528],[127.917917,34.991667],[127.922056,34.9925],[127.918722,34.9975],[127.92375,35.000833],[127.920389,35.004167],[127.924111,35.007889],[127.930806,35.006222],[127.93875,34.9975],[127.934583,34.995],[127.934611,34.9875],[127.936611,34.985417],[127.94,34.987889],[127.940806,34.983722],[127.944583,34.983306],[127.935417,34.981667],[127.951639,34.974528],[127.953694,34.977472],[127.949583,34.979167],[127.952111,34.981639],[127.949583,34.983333],[127.958361,34.982889],[127.954556,34.9875],[127.957083,34.991667],[127.961639,34.987056],[127.971639,34.999556],[127.973722,34.984972],[127.983306,34.974583],[127.985833,34.977056],[127.99,34.975389],[127.992083,34.978333],[127.987528,34.977944],[127.985833,34.982917],[127.992889,34.980778],[127.988306,34.98625],[127.98125,34.988306],[127.983278,34.992917],[127.994111,34.982861],[127.996194,34.984139],[127.988333,34.995417],[127.995806,34.992083],[127.999111,34.994583],[128.002111,34.9925],[128.000361,34.989944],[128.00625,34.986694],[128.004583,34.9825],[128.008306,34.982056],[128.012083,34.986611],[128.008722,34.994139],[128.015417,34.990833],[128.019556,35.004972],[128.016639,35.012056],[128.007917,35.015806],[128.008778,35.023306],[128.025417,35.034167],[128.030389,35.049139],[128.026222,35.056667],[128.032889,35.061639],[128.033694,35.068361],[128.047472,35.07625],[128.053389,35.08625],[128.057472,35.086222],[128.061194,35.082472],[128.060361,35.075833],[128.054194,35.06875],[128.047917,35.0675],[128.046194,35.054139],[128.03875,35.0425],[128.042028,35.029139],[128.035361,35.024167]]]]}},{"type":"Feature","properties":{"sterm_parent":"경남서부남해앞바다","fcst_kor_nm":"경남서부남해앞바다중남해군연안바다","zone_id":"S2320300"},"geometry":{"type":"MultiPolygon","coordinates":[[[[128.08726966,34.81683913],[128.08673096,34.81390381],[128.08673096,34.81091309],[128.08587646,34.80792236],[128.08569336,34.80352783],[128.08551025,34.79852295],[128.0847168,34.79510498],[128.08288574,34.79211426],[128.08068848,34.78948975],[128.078125,34.78692627],[128.07629395,34.7835083],[128.07427979,34.77990723],[128.07391357,34.77612305],[128.07489014,34.77331543],[128.07550049,34.76971436],[128.07568359,34.76470947],[128.07672119,34.7612915],[128.07849121,34.75872803],[128.07952881,34.75469971],[128.07971191,34.75091553],[128.07891846,34.74731445],[128.07751465,34.74328613],[128.07568359,34.73852539],[128.07330322,34.73529053],[128.0703125,34.7322998],[128.06811523,34.72949219],[128.0692749,34.72692871],[128.07250977,34.72412109],[128.07611084,34.72113037],[128.078125,34.71887207],[128.08007813,34.71551514],[128.08129883,34.71191406],[128.08129883,34.7086792],[128.08068848,34.70489502],[128.07867432,34.70111084],[128.07629395,34.69830322],[128.07348633,34.69610596],[128.06970215,34.6940918],[128.06512451,34.69268799],[128.06170654,34.69171143],[128.05871582,34.69012451],[128.05529785,34.68811035],[128.05133057,34.68670654],[128.04650879,34.68572998],[128.04107666,34.68548584],[128.0333252,34.68530273],[128.02728271,34.68389893],[128.02172852,34.68408203],[128.01751709,34.68450928],[128.01147461,34.68609619],[128.00567627,34.68908691],[128.00292969,34.69189453],[127.99969482,34.6953125],[127.99591064,34.69512939],[127.99249268,34.69372559],[127.98931885,34.69287109],[127.98651123,34.69232178],[127.98187256,34.69207764],[127.97790527,34.69250488],[127.97467041,34.69329834],[127.97070313,34.69348145],[127.9666748,34.69287109],[127.96368408,34.69232178],[127.9598999,34.69189453],[127.95550537,34.69207764],[127.95172119,34.69268799],[127.94708252,34.6942749],[127.9442749,34.69592285],[127.94152832,34.69812012],[127.93829346,34.70172119],[127.93572998,34.70507813],[127.93408203,34.70812988],[127.93292236,34.71130371],[127.93249512,34.71472168],[127.93109131,34.71832275],[127.92889404,34.72247314],[127.92547607,34.72027588],[127.921875,34.7166748],[127.91949463,34.71472168],[127.91607666,34.71252441],[127.91290283,34.71148682],[127.9072876,34.7097168],[127.9019165,34.70690918],[127.89770508,34.70550537],[127.89471436,34.70471191],[127.89129639,34.70452881],[127.88311768,34.70532227],[127.87988281,34.70611572],[127.87512207,34.70788574],[127.86767578,34.71209717],[127.88208008,34.72412109],[127.9005127,34.76812744],[127.94836426,34.7911377],[128.01348877,34.79858398],[128.06585693,34.81774902],[128.08726966,34.81683913]]]]}},{"type":"Feature","properties":{"sterm_parent":"경남중부남해앞바다","fcst_kor_nm":"경남중부남해앞바다중평수구역","zone_id":"S2310300"},"geometry":{"type":"MultiPolygon","coordinates":[[[[128.457083,34.880806],[128.45888196,34.87585968],[128.45564686,34.87660185],[128.457083,34.880806]]],[[[128.60375,35.185],[128.603278,35.177889],[128.592083,35.179167],[128.599583,35.165861],[128.604167,35.161222],[128.608722,35.161639],[128.611667,35.148722],[128.620806,35.146222],[128.644139,35.148694],[128.642917,35.1425],[128.659167,35.136194],[128.666667,35.119556],[128.678778,35.125833],[128.672056,35.144139],[128.686583,35.150417],[128.692056,35.148306],[128.699583,35.129139],[128.697028,35.115],[128.693306,35.111222],[128.687111,35.111639],[128.694111,35.097917],[128.701667,35.09875],[128.704139,35.105389],[128.713306,35.109528],[128.716222,35.1075],[128.714528,35.096667],[128.725806,35.097028],[128.730861,35.090389],[128.738806,35.095806],[128.743333,35.103722],[128.749083,35.095417],[128.764167,35.095389],[128.764139,35.104556],[128.77,35.10375],[128.773306,35.099528],[128.78125,35.104139],[128.785,35.11375],[128.788333,35.11375],[128.789972,35.098694],[128.801694,35.100389],[128.802944,35.097472],[128.799167,35.094528],[128.792472,35.09625],[128.78375,35.086667],[128.78609829,35.08106966],[128.78621331,35.08079551],[128.78511272,35.08011296],[128.7756958,35.04730225],[128.76690674,35.03747559],[128.76348877,35.03271484],[128.75952148,35.02508545],[128.76190186,35.00952148],[128.72131348,35.02410889],[128.6942749,35.01367188],[128.68543321,34.98387092],[128.67730713,34.95648193],[128.64508057,34.87988281],[128.59130859,34.86468506],[128.46691895,34.8717041],[128.46684876,34.87175385],[128.46875,34.882444],[128.476222,34.89],[128.466611,34.892056],[128.463278,34.89875],[128.457056,34.896667],[128.455389,34.899972],[128.459556,34.904972],[128.45625,34.905806],[128.452472,34.91375],[128.44,34.912917],[128.43875,34.909972],[128.449583,34.902472],[128.442861,34.899167],[128.444556,34.895],[128.439583,34.892444],[128.443778,34.888306],[128.431667,34.887889],[128.432917,34.878333],[128.424139,34.872056],[128.41752532,34.87430253],[128.41571143,34.8761806],[128.419528,34.895],[128.424139,34.90125],[128.427889,34.899972],[128.418722,34.91],[128.424944,34.915417],[128.42875,34.913306],[128.429528,34.926639],[128.435361,34.929139],[128.428333,34.937861],[128.424583,34.938306],[128.429528,34.945833],[128.421194,34.954167],[128.433361,34.959583],[128.444556,34.975806],[128.440833,34.982083],[128.434972,34.983778],[128.426639,34.982917],[128.419194,34.986278],[128.408361,34.983694],[128.407889,34.994972],[128.425806,34.991222],[128.440806,34.992889],[128.455833,34.988722],[128.459139,34.991278],[128.460833,34.987889],[128.465889,34.987056],[128.464972,34.995417],[128.479194,34.99125],[128.478306,34.997083],[128.485389,34.997444],[128.482083,35.003306],[128.485778,35.011222],[128.493333,35.005417],[128.502083,35.0125],[128.499972,35.022917],[128.487028,35.024972],[128.483694,35.030806],[128.485833,35.038694],[128.477444,35.042056],[128.473306,35.038778],[128.462028,35.045806],[128.463278,35.04875],[128.479194,35.047083],[128.482917,35.0525],[128.477944,35.056639],[128.483694,35.064111],[128.471667,35.074556],[128.460806,35.063722],[128.452917,35.071667],[128.461667,35.072028],[128.467444,35.080361],[128.475,35.075417],[128.48125,35.079167],[128.45,35.096194],[128.456611,35.105389],[128.469972,35.09875],[128.4775,35.098722],[128.485056,35.100361],[128.490833,35.107083],[128.504944,35.099583],[128.518333,35.098722],[128.521639,35.105389],[128.528361,35.104556],[128.539111,35.119583],[128.541222,35.117472],[128.537944,35.108306],[128.545861,35.110389],[128.54875,35.1075],[128.542917,35.104139],[128.547472,35.092889],[128.55,35.096222],[128.556667,35.09625],[128.582889,35.089972],[128.564583,35.081611],[128.564139,35.067056],[128.571667,35.069556],[128.575833,35.065389],[128.583278,35.065417],[128.589167,35.072083],[128.594583,35.069167],[128.585,35.062056],[128.580806,35.062083],[128.574194,35.05375],[128.590889,35.057083],[128.602472,35.05625],[128.636194,35.069139],[128.635,35.072917],[128.624944,35.075389],[128.612444,35.07125],[128.612917,35.075028],[128.607028,35.078333],[128.608278,35.08125],[128.618306,35.081222],[128.627889,35.085833],[128.624139,35.090389],[128.61575,35.091222],[128.6175,35.095417],[128.602028,35.105],[128.600361,35.118333],[128.59625,35.120833],[128.600444,35.124972],[128.601278,35.133333],[128.589556,35.133333],[128.597889,35.141667],[128.596611,35.145389],[128.589556,35.148306],[128.591194,35.159972],[128.582528,35.165389],[128.576222,35.164972],[128.57375,35.169139],[128.579528,35.173333],[128.578333,35.175389],[128.562111,35.179167],[128.573778,35.194167],[128.572944,35.199139],[128.589167,35.211222],[128.608694,35.210833],[128.603306,35.202111],[128.594111,35.202083],[128.591222,35.196611],[128.60375,35.185]]]]}},{"type":"Feature","properties":{"sterm_parent":"부산앞바다","fcst_kor_nm":"부산앞바다","zone_id":"S1311100"},"geometry":{"type":"MultiPolygon","coordinates":[[[[129.328125,35.29870605],[129.41666701,35.13333299],[128.89883572,34.82580676],[128.8110051,34.91324502],[128.8042849,34.91998849],[128.75549316,34.99530029],[128.76190186,35.00952148],[128.75952148,35.02508545],[128.76348877,35.03271484],[128.76690674,35.03747559],[128.7756958,35.04730225],[128.78549643,35.07874701],[128.79331746,35.07907777],[128.83271992,35.07765512],[128.83160726,35.10190493],[128.864167,35.099556],[128.871222,35.083306],[128.879944,35.080389],[128.888722,35.088306],[128.891194,35.11],[128.896611,35.119556],[128.906222,35.116667],[128.905361,35.100861],[128.899556,35.097472],[128.899556,35.094139],[128.905028,35.08625],[128.909944,35.08625],[128.913306,35.090389],[128.925028,35.09125],[128.936278,35.114167],[128.945417,35.121667],[128.951611,35.132083],[128.960778,35.136278],[128.967889,35.131639],[128.967889,35.128306],[128.959556,35.111639],[128.962917,35.094972],[128.957056,35.086611],[128.959556,35.081639],[128.95625,35.077528],[128.958778,35.064972],[128.962083,35.062472],[128.959583,35.053306],[128.968778,35.046667],[128.966611,35.032917],[128.974139,35.040417],[128.978722,35.040833],[128.972083,35.046667],[128.973333,35.048722],[128.979167,35.05125],[128.982917,35.047472],[128.982472,35.052917],[128.972861,35.054167],[128.974111,35.057083],[128.980417,35.058333],[128.981667,35.063722],[128.991278,35.058333],[128.994194,35.046278],[129.00125,35.047472],[128.992944,35.065],[128.996222,35.070833],[128.992083,35.078333],[128.993389,35.084583],[129.004111,35.087028],[129.006222,35.084972],[129.007056,35.073306],[129.012917,35.066639],[129.013722,35.054167],[129.016639,35.053722],[129.022917,35.061667],[129.017889,35.074139],[129.026222,35.081639],[129.025444,35.090806],[129.029972,35.097056],[129.034583,35.095778],[129.031222,35.093333],[129.035833,35.084556],[129.055028,35.071222],[129.065,35.069556],[129.065833,35.063778],[129.071694,35.059528],[129.077444,35.06125],[129.085,35.051222],[129.090833,35.050417],[129.097083,35.060833],[129.076194,35.075],[129.079556,35.084944],[129.073694,35.088333],[129.071611,35.094583],[129.059167,35.101222],[129.03875,35.096639],[129.039583,35.103278],[129.045444,35.105806],[129.044611,35.114167],[129.054556,35.116694],[129.05125,35.122472],[129.059167,35.129556],[129.064944,35.129556],[129.072944,35.122528],[129.069972,35.11125],[129.090833,35.110361],[129.095861,35.112889],[129.099583,35.110806],[129.097083,35.104972],[129.099139,35.099528],[129.105,35.099528],[129.109194,35.104556],[129.1175,35.100389],[129.125,35.100361],[129.129583,35.114167],[129.122889,35.1325],[129.114111,35.129583],[129.109167,35.13125],[129.106222,35.136639],[129.11625,35.14],[129.11625,35.146639],[129.120806,35.152889],[129.127444,35.157056],[129.134556,35.156639],[129.131222,35.161639],[129.133306,35.164556],[129.138361,35.165389],[129.150806,35.160417],[129.150806,35.152917],[129.163306,35.159583],[129.181639,35.154583],[129.197056,35.163306],[129.202444,35.179556],[129.2125,35.182083],[129.214139,35.18625],[129.219972,35.183722],[129.224583,35.186639],[129.226278,35.195833],[129.231167,35.198306],[129.229528,35.206667],[129.224556,35.210806],[129.22875,35.224194],[129.234167,35.220389],[129.239111,35.22125],[129.246222,35.231639],[129.245389,35.238306],[129.249611,35.240806],[129.247111,35.244139],[129.254583,35.245833],[129.2525,35.260389],[129.238333,35.25875],[129.235417,35.262472],[129.237444,35.265389],[129.244139,35.26625],[129.246667,35.272083],[129.257083,35.274167],[129.261222,35.283333],[129.260444,35.306639],[129.264556,35.317444],[129.279944,35.326222],[129.286694,35.326278],[129.29,35.319556],[129.29588731,35.31953615],[129.29613545,35.31953532],[129.29674259,35.31861108],[129.2992389,35.3182763],[129.30044012,35.31986152],[129.3019265,35.3202406],[129.30264698,35.32134548],[129.30240613,35.32172119],[129.30105899,35.3221592],[129.3020304,35.3226993],[129.3025123,35.3236987],[129.3033349,35.324486],[129.3036849,35.3250057],[129.3036595,35.327144],[129.3034986,35.3297385],[129.30403023,35.33007216],[129.30452597,35.32948744],[129.328125,35.29870605]]]]}},{"type":"Feature","properties":{"sterm_parent":"부산앞바다","fcst_kor_nm":"부산앞바다","zone_id":"S1311100"},"geometry":{"type":"MultiPolygon","coordinates":[[[[129.328125,35.29870605],[129.41666701,35.13333299],[128.89883572,34.82580676],[128.8110051,34.91324502],[128.8042849,34.91998849],[128.75549316,34.99530029],[128.76190186,35.00952148],[128.75952148,35.02508545],[128.76348877,35.03271484],[128.76690674,35.03747559],[128.7756958,35.04730225],[128.78549643,35.07874701],[128.79331746,35.07907777],[128.83271992,35.07765512],[128.83160726,35.10190493],[128.864167,35.099556],[128.871222,35.083306],[128.879944,35.080389],[128.888722,35.088306],[128.891194,35.11],[128.896611,35.119556],[128.906222,35.116667],[128.905361,35.100861],[128.899556,35.097472],[128.899556,35.094139],[128.905028,35.08625],[128.909944,35.08625],[128.913306,35.090389],[128.925028,35.09125],[128.936278,35.114167],[128.945417,35.121667],[128.951611,35.132083],[128.960778,35.136278],[128.967889,35.131639],[128.967889,35.128306],[128.959556,35.111639],[128.962917,35.094972],[128.957056,35.086611],[128.959556,35.081639],[128.95625,35.077528],[128.958778,35.064972],[128.962083,35.062472],[128.959583,35.053306],[128.968778,35.046667],[128.966611,35.032917],[128.974139,35.040417],[128.978722,35.040833],[128.972083,35.046667],[128.973333,35.048722],[128.979167,35.05125],[128.982917,35.047472],[128.982472,35.052917],[128.972861,35.054167],[128.974111,35.057083],[128.980417,35.058333],[128.981667,35.063722],[128.991278,35.058333],[128.994194,35.046278],[129.00125,35.047472],[128.992944,35.065],[128.996222,35.070833],[128.992083,35.078333],[128.993389,35.084583],[129.004111,35.087028],[129.006222,35.084972],[129.007056,35.073306],[129.012917,35.066639],[129.013722,35.054167],[129.016639,35.053722],[129.022917,35.061667],[129.017889,35.074139],[129.026222,35.081639],[129.025444,35.090806],[129.029972,35.097056],[129.034583,35.095778],[129.031222,35.093333],[129.035833,35.084556],[129.055028,35.071222],[129.065,35.069556],[129.065833,35.063778],[129.071694,35.059528],[129.077444,35.06125],[129.085,35.051222],[129.090833,35.050417],[129.097083,35.060833],[129.076194,35.075],[129.079556,35.084944],[129.073694,35.088333],[129.071611,35.094583],[129.059167,35.101222],[129.03875,35.096639],[129.039583,35.103278],[129.045444,35.105806],[129.044611,35.114167],[129.054556,35.116694],[129.05125,35.122472],[129.059167,35.129556],[129.064944,35.129556],[129.072944,35.122528],[129.069972,35.11125],[129.090833,35.110361],[129.095861,35.112889],[129.099583,35.110806],[129.097083,35.104972],[129.099139,35.099528],[129.105,35.099528],[129.109194,35.104556],[129.1175,35.100389],[129.125,35.100361],[129.129583,35.114167],[129.122889,35.1325],[129.114111,35.129583],[129.109167,35.13125],[129.106222,35.136639],[129.11625,35.14],[129.11625,35.146639],[129.120806,35.152889],[129.127444,35.157056],[129.134556,35.156639],[129.131222,35.161639],[129.133306,35.164556],[129.138361,35.165389],[129.150806,35.160417],[129.150806,35.152917],[129.163306,35.159583],[129.181639,35.154583],[129.197056,35.163306],[129.202444,35.179556],[129.2125,35.182083],[129.214139,35.18625],[129.219972,35.183722],[129.224583,35.186639],[129.226278,35.195833],[129.231167,35.198306],[129.229528,35.206667],[129.224556,35.210806],[129.22875,35.224194],[129.234167,35.220389],[129.239111,35.22125],[129.246222,35.231639],[129.245389,35.238306],[129.249611,35.240806],[129.247111,35.244139],[129.254583,35.245833],[129.2525,35.260389],[129.238333,35.25875],[129.235417,35.262472],[129.237444,35.265389],[129.244139,35.26625],[129.246667,35.272083],[129.257083,35.274167],[129.261222,35.283333],[129.260444,35.306639],[129.264556,35.317444],[129.279944,35.326222],[129.286694,35.326278],[129.29,35.319556],[129.29588731,35.31953615],[129.29613545,35.31953532],[129.29674259,35.31861108],[129.2992389,35.3182763],[129.30044012,35.31986152],[129.3019265,35.3202406],[129.30264698,35.32134548],[129.30240613,35.32172119],[129.30105899,35.3221592],[129.3020304,35.3226993],[129.3025123,35.3236987],[129.3033349,35.324486],[129.3036849,35.3250057],[129.3036595,35.327144],[129.3034986,35.3297385],[129.30403023,35.33007216],[129.30452597,35.32948744],[129.328125,35.29870605]]]]}},{"type":"Feature","properties":{"sterm_parent":"경남중부남해앞바다","fcst_kor_nm":"경남중부남해앞바다중연안바다","zone_id":"S2320800"},"geometry":{"type":"MultiPolygon","coordinates":[[[[128.76190186,35.00952148],[128.75549316,34.99530029],[128.75469971,34.99389648],[128.75189209,34.99029541],[128.74932861,34.98712158],[128.75067139,34.98449707],[128.7532959,34.980896],[128.75671387,34.97570801],[128.75848389,34.97210693],[128.75952148,34.96911621],[128.76171875,34.96612549],[128.76409912,34.96270752],[128.76611328,34.95910645],[128.76751709,34.95507813],[128.76849365,34.95050049],[128.76867676,34.94610596],[128.76867676,34.94189453],[128.76867676,34.93829346],[128.76849365,34.93469238],[128.76751709,34.9309082],[128.7678833,34.92767334],[128.76968735,34.92295914],[128.77284548,34.9203944],[128.77481328,34.91692864],[128.77500145,34.91181238],[128.7198977,34.90958964],[128.71730713,34.91348848],[128.69750977,34.97131348],[128.68543321,34.98387092],[128.6942749,35.01367188],[128.72131348,35.02410889],[128.76190186,35.00952148]]]]}},{"type":"Feature","properties":{"sterm_parent":"경북남부앞바다","fcst_kor_nm":"경북남부앞바다중연안바다","zone_id":"S2120300"},"geometry":{"type":"MultiPolygon","coordinates":[[[[129.42291006,36.26804227],[129.42431641,36.25311279],[129.42651367,36.24847412],[129.42767334,36.24407959],[129.42810059,36.24072266],[129.42810059,36.23730469],[129.42791748,36.23352051],[129.42828369,36.22949219],[129.42871094,36.22607422],[129.42889404,36.22247314],[129.42852783,36.2177124],[129.42828369,36.21429443],[129.42767334,36.21069336],[129.42651367,36.20568848],[129.42791748,36.20251465],[129.42987061,36.19970703],[129.43212891,36.19567871],[129.43408203,36.19091797],[129.43548584,36.1862793],[129.43731689,36.18212891],[129.43890381,36.17871094],[129.44012451,36.17529297],[129.44091797,36.17248535],[129.44152832,36.16967773],[129.44207764,36.16552734],[129.44268799,36.16088867],[129.44329834,36.15771484],[129.44348145,36.15307617],[129.44348145,36.14807129],[129.44628906,36.14550781],[129.44970703,36.1427002],[129.453125,36.14111328],[129.45788574,36.13830566],[129.46112061,36.1361084],[129.46368408,36.13391113],[129.46612549,36.13128662],[129.46807861,36.12872314],[129.46990967,36.12567139],[129.47131348,36.1229248],[129.47229004,36.12011719],[129.4730835,36.11730957],[129.47412109,36.11248779],[129.47491455,36.10791016],[129.47509766,36.10290527],[129.47412109,36.09667969],[129.47271729,36.09289551],[129.47131348,36.08911133],[129.47009277,36.08551025],[129.46868896,36.08251953],[129.46691895,36.07971191],[129.46289063,36.07470703],[129.46173096,36.07067871],[129.46069336,36.06707764],[129.47210693,36.05871582],[129.47491455,36.06152344],[129.47827148,36.06451416],[129.4822998,36.06750488],[129.48547363,36.07128906],[129.4876709,36.07452393],[129.4901123,36.0770874],[129.49328613,36.08032227],[129.49609375,36.08270264],[129.49908447,36.0847168],[129.50189209,36.08648682],[129.5045166,36.09088135],[129.50628662,36.09527588],[129.50787354,36.09851074],[129.50970459,36.10107422],[129.51251221,36.10467529],[129.51568604,36.10791016],[129.51831055,36.11010742],[129.52087402,36.11187744],[129.5244751,36.1138916],[129.52807617,36.11572266],[129.53192139,36.11712646],[129.53607178,36.11853027],[129.53991699,36.11932373],[129.54327393,36.11987305],[129.546875,36.12011719],[129.55108643,36.12011719],[129.55407715,36.12030029],[129.55731201,36.12030029],[129.56109619,36.12011719],[129.56530762,36.11950684],[129.5692749,36.11871338],[129.57232666,36.11791992],[129.57531738,36.11688232],[129.578125,36.11572266],[129.58087158,36.11431885],[129.58410645,36.11248779],[129.58673096,36.11047363],[129.58990479,36.10913086],[129.59307861,36.10748291],[129.59631348,36.10571289],[129.5994873,36.10327148],[129.60192871,36.10107422],[129.60491943,36.0980835],[129.60748291,36.09448242],[129.60968018,36.090271],[129.61090088,36.08709717],[129.61212158,36.08288574],[129.61248779,36.07971191],[129.61407471,36.07672119],[129.61529541,36.07348633],[129.61627197,36.07049561],[129.61767578,36.06750488],[129.61932373,36.06469727],[129.62127686,36.06170654],[129.62347412,36.05749512],[129.62487793,36.05310059],[129.62548828,36.04931641],[129.62567139,36.04608154],[129.62548828,36.04309082],[129.62487793,36.03948975],[129.62432861,36.03448486],[129.62432861,36.02947998],[129.62512207,36.02612305],[129.62609863,36.02307129],[129.62670898,36.01989746],[129.62689209,36.01611328],[129.62652588,36.01208496],[129.62567139,36.00891113],[129.62469482,36.00592041],[129.62329102,36.00268555],[129.6217041,36.00030518],[129.61987305,35.9979248],[129.61871338,35.99407959],[129.61730957,35.99072266],[129.61547852,35.98748779],[129.61248779,35.98352051],[129.61029053,35.9810791],[129.60772705,35.97851563],[129.60552979,35.97528076],[129.60388184,35.97290039],[129.60131836,35.96948242],[129.59851074,35.96691895],[129.59631348,35.96447754],[129.59570313,35.96148682],[129.59448242,35.95727539],[129.59228516,35.953125],[129.59069824,35.95031738],[129.58972168,35.94750977],[129.58868408,35.94329834],[129.58709717,35.93908691],[129.58532715,35.93572998],[129.58270264,35.93231201],[129.58087158,35.93011475],[129.57769775,35.92730713],[129.57427979,35.92468262],[129.57189941,35.92132568],[129.57373047,35.91711426],[129.57647705,35.91271973],[129.57788086,35.90911865],[129.57891846,35.90588379],[129.57928467,35.90252686],[129.57952881,35.89831543],[129.57910156,35.89489746],[129.57830811,35.89111328],[129.57727051,35.88830566],[129.57550049,35.88372803],[129.57647705,35.87890625],[129.57727051,35.87530518],[129.57769775,35.87091064],[129.57727051,35.86749268],[129.57672119,35.8637085],[129.57550049,35.86029053],[129.57427979,35.85748291],[129.57287598,35.85467529],[129.57110596,35.85168457],[129.56890869,35.84869385],[129.56732178,35.84552002],[129.56610107,35.84210205],[129.56451416,35.83892822],[129.56311035,35.83612061],[129.56231689,35.83251953],[129.56121531,35.82869504],[129.56048584,35.82672119],[129.55932617,35.82391357],[129.55731201,35.82067871],[129.55627441,35.81732178],[129.55627441,35.81427002],[129.5559082,35.81091309],[129.55511475,35.80688477],[129.55432129,35.80108643],[129.55291748,35.79711914],[129.55072021,35.79290771],[129.54852295,35.78930664],[129.54571533,35.78607178],[129.54150391,35.78210449],[129.53948975,35.77893066],[129.53912354,35.77508545],[129.53912354,35.77191162],[129.53912354,35.7689209],[129.53851318,35.76568604],[129.53710938,35.76190186],[129.53668213,35.75671387],[129.53692627,35.7532959],[129.53668213,35.74908447],[129.53552246,35.74432373],[129.53430176,35.74090576],[129.53271484,35.7376709],[129.53051758,35.73413086],[129.52850342,35.73168945],[129.52832031,35.72827148],[129.52789307,35.7244873],[129.52709961,35.72113037],[129.5255127,35.71691895],[129.52392578,35.71411133],[129.52209473,35.7098999],[129.52111816,35.70550537],[129.51989746,35.70172119],[129.51867676,35.69891357],[129.51947021,35.68927002],[129.519104,35.68572998],[129.51849365,35.68292236],[129.51690674,35.67907715],[129.51531982,35.67492676],[129.51330566,35.67071533],[129.51147461,35.66790771],[129.5098877,35.6651001],[129.50769043,35.66168213],[129.50592041,35.65771484],[129.5045166,35.65472412],[129.50292969,35.6519165],[129.50198748,35.65088075],[129.45180084,35.65087898],[129.456667,35.66625],[129.467111,35.667528],[129.465361,35.675833],[129.474611,35.685],[129.473778,35.707528],[129.480417,35.713333],[129.487083,35.729972],[129.484583,35.7425],[129.494639,35.7525],[129.492917,35.76],[129.497111,35.774972],[129.492944,35.789139],[129.501278,35.794139],[129.500389,35.798333],[129.50625,35.804139],[129.504556,35.808333],[129.512917,35.8075],[129.514556,35.8175],[129.511222,35.825028],[129.52125,35.838306],[129.521278,35.850806],[129.527139,35.854139],[129.528722,35.864167],[129.535472,35.869167],[129.534167,35.872889],[129.522472,35.87375],[129.520361,35.876667],[129.521639,35.882056],[129.529528,35.884139],[129.52625,35.894972],[129.53375,35.900833],[129.520444,35.919944],[129.521278,35.930833],[129.524167,35.93375],[129.529944,35.932917],[129.540417,35.948333],[129.549583,35.952472],[129.549611,35.965806],[129.555417,35.969139],[129.552944,35.978333],[129.557889,35.982472],[129.552917,35.987472],[129.558306,35.991222],[129.567528,35.990389],[129.569556,35.998972],[129.575444,36.001944],[129.577917,36.010806],[129.583778,36.015806],[129.578778,36.023278],[129.582861,36.028361],[129.578694,36.034167],[129.582083,36.037472],[129.582861,36.047472],[129.570444,36.069167],[129.570444,36.077472],[129.562444,36.080389],[129.5575,36.08625],[129.548306,36.085417],[129.531639,36.058694],[129.525778,36.058722],[129.515083,36.044583],[129.502972,36.037472],[129.501667,36.026194],[129.49687547,36.02301762],[129.41992188,36.07647705],[129.41910373,36.07703833],[129.418694,36.088306],[129.432028,36.101639],[129.43125,36.111667],[129.403361,36.131222],[129.396278,36.139944],[129.40125,36.153333],[129.399583,36.170806],[129.392556,36.185417],[129.380806,36.188722],[129.372889,36.199167],[129.373778,36.205806],[129.383306,36.210417],[129.387944,36.216639],[129.382944,36.23],[129.386222,36.24],[129.375389,36.252444],[129.37751412,36.26807556],[129.42291006,36.26804227]]]]}},{"type":"Feature","properties":{"sterm_parent":"강원중부앞바다","fcst_kor_nm":"강원중부앞바다중연안바다","zone_id":"S2120500"},"geometry":{"type":"MultiPolygon","coordinates":[[[[128.87145996,37.91796875],[128.87762451,37.90319824],[128.87805176,37.89837646],[128.87805176,37.89489746],[128.88134766,37.89154053],[128.88464355,37.88781738],[128.88641357,37.88519287],[128.88818359,37.88208008],[128.89038086,37.87945557],[128.89367676,37.87683105],[128.89678955,37.87438965],[128.89916992,37.87219238],[128.90203857,37.87023926],[128.90533447,37.86779785],[128.90863037,37.86474609],[128.91131592,37.86206055],[128.91394043,37.85925293],[128.9163208,37.85595703],[128.91851807,37.85150146],[128.91986084,37.84820557],[128.92205811,37.84423828],[128.92645264,37.84033203],[128.93084717,37.83703613],[128.93414307,37.83416748],[128.93658447,37.83215332],[128.93988037,37.82977295],[128.94250488,37.82733154],[128.94519043,37.82489014],[128.94781494,37.82250977],[128.95043945,37.8203125],[128.95373535,37.81719971],[128.95727539,37.81365967],[128.96099854,37.81103516],[128.96411133,37.80841064],[128.9664917,37.80664063],[128.97027588,37.80377197],[128.97332764,37.80181885],[128.97662354,37.80029297],[128.9788208,37.79852295],[128.98144531,37.79675293],[128.98364258,37.79498291],[128.98608398,37.7923584],[128.9887085,37.78924561],[128.99090576,37.78594971],[128.99249268,37.7833252],[128.99926758,37.77893066],[129.00543213,37.77453613],[129.01049805,37.77276611],[129.01556396,37.76989746],[129.01885986,37.76751709],[129.02148438,37.76550293],[129.02416992,37.76245117],[129.02636719,37.75976563],[129.02789307,37.75738525],[129.02941895,37.7545166],[129.03094482,37.7512207],[129.03253174,37.7479248],[129.034729,37.74481201],[129.03869629,37.74108887],[129.04241943,37.73822021],[129.04614258,37.73449707],[129.04943848,37.73095703],[129.05096436,37.72833252],[129.05340576,37.72521973],[129.05603027,37.72351074],[129.05914307,37.72131348],[129.06243896,37.71887207],[129.06530762,37.71691895],[129.06793213,37.71514893],[129.07189941,37.71313477],[129.0758667,37.71051025],[129.07873535,37.70788574],[129.08203125,37.7043457],[129.08551025,37.70172119],[129.08862305,37.69927979],[129.09057617,37.69708252],[129.09277344,37.6953125],[129.09564209,37.6920166],[129.09783936,37.68896484],[129.09936523,37.68609619],[129.10046387,37.68322754],[129.10205078,37.67883301],[129.10223389,37.67462158],[129.10223389,37.67089844],[129.1015625,37.6673584],[129.10046387,37.66387939],[129.10028076,37.65966797],[129.10003662,37.65637207],[129.09985352,37.65307617],[129.09875488,37.65002441],[129.09765625,37.64672852],[129.09985352,37.64294434],[129.10223389,37.63964844],[129.10375977,37.63745117],[129.10620117,37.63287354],[129.10754395,37.62841797],[129.1105957,37.6260376],[129.11431885,37.62384033],[129.11895752,37.62072754],[129.1229248,37.61853027],[129.12756348,37.6161499],[129.12994385,37.61456299],[129.13214111,37.612854],[129.13568115,37.61083984],[129.13830566,37.60974121],[129.14074707,37.60821533],[129.14379883,37.60620117],[129.1451416,37.60534668],[129.07648177,37.60598565],[129.064972,37.61375],[129.047083,37.634139],[129.044556,37.641639],[129.047889,37.648333],[129.057139,37.654167],[129.055361,37.666639],[129.058722,37.675],[129.017444,37.705389],[129.009194,37.717083],[128.992056,37.73],[128.988306,37.740417],[128.954139,37.764556],[128.949944,37.772056],[128.934972,37.78125],[128.876222,37.830833],[128.877889,37.84],[128.831278,37.882444],[128.828806,37.89],[128.835389,37.897444],[128.828722,37.906667],[128.816639,37.912083],[128.80937381,37.91774729],[128.81005859,37.918396],[128.87145996,37.91796875]]]]}},{"type":"Feature","properties":{"sterm_parent":"강원북부앞바다","fcst_kor_nm":"강원북부앞바다중연안바다","zone_id":"S2120600"},"geometry":{"type":"MultiPolygon","coordinates":[[[[128.87145996,37.91796875],[128.81005859,37.918396],[128.80937381,37.91774729],[128.793694,37.929972],[128.786222,37.946667],[128.775778,37.951222],[128.762917,37.965833],[128.763722,37.972472],[128.758722,37.975],[128.761222,37.981639],[128.751611,37.984528],[128.737889,37.998361],[128.739722,38.003278],[128.733861,38.011556],[128.738861,38.022389],[128.727667,38.024528],[128.700083,38.045306],[128.678889,38.069111],[128.678028,38.08325],[128.641,38.113639],[128.634694,38.119917],[128.631833,38.129528],[128.627611,38.1295],[128.613917,38.145778],[128.61225,38.167417],[128.608861,38.172444],[128.617222,38.181556],[128.602194,38.194889],[128.596444,38.206556],[128.597667,38.211194],[128.604306,38.210361],[128.605528,38.213278],[128.59925,38.216167],[128.564639,38.255778],[128.550417,38.289944],[128.553806,38.294944],[128.5505,38.299111],[128.552944,38.304083],[128.534611,38.319056],[128.532139,38.334111],[128.520472,38.341556],[128.513806,38.351611],[128.5155,38.356583],[128.5105,38.364111],[128.516306,38.369139],[128.514667,38.372444],[128.497917,38.38575],[128.460444,38.429083],[128.457944,38.444056],[128.460917,38.447861],[128.468389,38.447028],[128.468806,38.45075],[128.443,38.477417],[128.441306,38.486556],[128.435889,38.487861],[128.427944,38.499083],[128.430444,38.504944],[128.423,38.508278],[128.424639,38.51075],[128.420444,38.516556],[128.4255,38.523278],[128.419583,38.524917],[128.408806,38.541583],[128.413,38.551611],[128.411306,38.556583],[128.408,38.557417],[128.405528,38.56575],[128.399306,38.567861],[128.370444,38.596583],[128.361333,38.613306],[128.36022238,38.61698067],[128.40704346,38.61517334],[128.40924072,38.61096191],[128.41296387,38.60742188],[128.41497803,38.605896],[128.41674805,38.60437012],[128.41802979,38.60327148],[128.4197998,38.60131836],[128.42199707,38.59887695],[128.42419434,38.59735107],[128.42596436,38.59576416],[128.42797852,38.59405518],[128.42950439,38.59295654],[128.43127441,38.59185791],[128.43347168,38.590271],[128.43566895,38.58850098],[128.43676758,38.58764648],[128.43829346,38.58569336],[128.44024658,38.5836792],[128.44158936,38.58148193],[128.44335938,38.57861328],[128.44488525,38.57641602],[128.44641113,38.57489014],[128.44799805,38.57312012],[128.44952393,38.57067871],[128.45080566,38.56872559],[128.4519043,38.56610107],[128.45281982,38.56347656],[128.45349121,38.56103516],[128.45391846,38.5581665],[128.45391846,38.5557251],[128.4543457,38.55352783],[128.4543457,38.55157471],[128.4543457,38.54937744],[128.45458984,38.54675293],[128.45568848,38.5458374],[128.45697021,38.54455566],[128.45898438,38.5425415],[128.46051025,38.54077148],[128.46203613,38.53857422],[128.46380615,38.53570557],[128.46466064,38.5333252],[128.46557617,38.53112793],[128.46643066,38.52868652],[128.4666748,38.52624512],[128.46691895,38.52404785],[128.46691895,38.52185059],[128.46820068,38.51965332],[128.46911621,38.5178833],[128.47064209,38.51507568],[128.47149658,38.51287842],[128.47302246,38.5111084],[128.47503662,38.50952148],[128.47790527,38.50671387],[128.47943115,38.50537109],[128.48077393,38.50317383],[128.4822998,38.50115967],[128.48358154,38.4987793],[128.48492432,38.49591064],[128.48577881,38.49285889],[128.4864502,38.49017334],[128.48822021,38.48864746],[128.48931885,38.4864502],[128.49084473,38.48425293],[128.49304199,38.48162842],[128.49481201,38.47918701],[128.49639893,38.47784424],[128.49835205,38.47631836],[128.50030518,38.47503662],[128.5020752,38.4732666],[128.50360107,38.47167969],[128.50494385,38.47015381],[128.50671387,38.46795654],[128.5078125,38.46643066],[128.50848389,38.46490479],[128.50958252,38.46270752],[128.51068115,38.46051025],[128.51135254,38.45782471],[128.51196289,38.45562744],[128.51220703,38.45391846],[128.51245117,38.4519043],[128.51245117,38.44995117],[128.51245117,38.44750977],[128.51196289,38.44488525],[128.51153564,38.44329834],[128.5111084,38.44177246],[128.51043701,38.4395752],[128.50933838,38.43737793],[128.50823975,38.43560791],[128.50714111,38.43389893],[128.50646973,38.43212891],[128.50823975,38.4296875],[128.51086426,38.42663574],[128.51263428,38.42462158],[128.51751709,38.42047119],[128.51922607,38.41888428],[128.52252197,38.41583252],[128.52520752,38.41363525],[128.52758789,38.41229248],[128.5291748,38.41143799],[128.53137207,38.40991211],[128.53399658,38.40771484],[128.53552246,38.40594482],[128.54126075,38.40026354],[128.5431152,38.39884036],[128.54364014,38.3984375],[128.54760742,38.39538574],[128.5507581,38.39241275],[128.55200195,38.39099121],[128.55358887,38.38897705],[128.55535889,38.38635254],[128.55664063,38.38323975],[128.55773926,38.38104248],[128.55841064,38.3793335],[128.55883789,38.37689209],[128.55908203,38.37426758],[128.55926514,38.37249756],[128.56036377,38.3671875],[128.56237793,38.36590576],[128.56390381,38.36499023],[128.56542969,38.36413574],[128.56719971,38.36303711],[128.56854248,38.36193848],[128.57022749,38.36039388],[128.57073975,38.35992432],[128.57336426,38.35754395],[128.57489014,38.35552979],[128.57647705,38.35375977],[128.57775879,38.35137939],[128.57867432,38.34985352],[128.57952881,38.34716797],[128.5802002,38.34539795],[128.58087158,38.34368896],[128.58215332,38.34191895],[128.58349609,38.33972168],[128.58502197,38.33752441],[128.58856201,38.33221436],[128.59094238,38.32824707],[128.5925293,38.32495117],[128.59423828,38.31988525],[128.59558105,38.3168335],[128.59844971,38.3104248],[128.60198975,38.30206299],[128.60308838,38.29968262],[128.60351563,38.2979126],[128.6050415,38.29174805],[128.60723877,38.28643799],[128.6083374,38.28515625],[128.61383057,38.27984619],[128.61761475,38.27655029],[128.61956787,38.27459717],[128.62091064,38.27282715],[128.62261963,38.27038574],[128.62353516,38.26867676],[128.6305542,38.25457764],[128.63165283,38.25238037],[128.63232422,38.24993896],[128.63299561,38.24798584],[128.63317871,38.24554443],[128.63342285,38.24299261],[128.63342285,38.24139404],[128.6338501,38.23828125],[128.63562012,38.23651123],[128.63763428,38.23455811],[128.63983154,38.23193359],[128.64154053,38.22924805],[128.6428833,38.22662354],[128.64398193,38.22442627],[128.64489746,38.22198486],[128.64508057,38.22027588],[128.64559478,38.21682019],[128.64599609,38.21411133],[128.6461792,38.21191406],[128.64660645,38.20922852],[128.64660645,38.20684814],[128.64727783,38.20440674],[128.64929199,38.20245361],[128.65319824,38.19781494],[128.65478516,38.19537354],[128.65563965,38.19342041],[128.65655518,38.19140625],[128.65740967,38.18902588],[128.65783691,38.18701172],[128.65826416,38.18481445],[128.6585083,38.18304443],[128.6585083,38.18084717],[128.6585083,38.1784668],[128.65808105,38.1751709],[128.65740967,38.17272949],[128.65698242,38.17120361],[128.65606689,38.16943359],[128.6552124,38.16741943],[128.65411377,38.16522217],[128.65435791,38.1630249],[128.65454102,38.16082764],[128.65545654,38.15734863],[128.65740967,38.15600586],[128.65893555,38.15490723],[128.66070557,38.15356445],[128.66247559,38.15203857],[128.66381836,38.15075684],[128.66577148,38.14898682],[128.66729736,38.14678955],[128.66882324,38.14501953],[128.67041016,38.14282227],[128.67260742,38.13995361],[128.67388916,38.13793945],[128.67498779,38.13574219],[128.67608643,38.13336182],[128.67767334,38.13201904],[128.67962646,38.13049316],[128.68182373,38.128479],[128.6831665,38.12719727],[128.68444824,38.12567139],[128.68536377,38.12457275],[128.68688965,38.12298584],[128.68951416,38.1217041],[128.69104004,38.12078857],[128.69281006,38.11993408],[128.69482422,38.11859131],[128.6963501,38.11730957],[128.69787598,38.11621094],[128.699646,38.1151123],[128.70074463,38.11376953],[128.7020874,38.11242676],[128.70336914,38.11090088],[128.7053833,38.10845947],[128.70690918,38.10583496],[128.7086792,38.10345459],[128.71020508,38.10186768],[128.71130371,38.1003418],[128.71264648,38.09857178],[128.71350098,38.09619141],[128.71502686,38.09350586],[128.71661377,38.09179688],[128.71722412,38.09020996],[128.71856689,38.0880127],[128.71990967,38.08514404],[128.72076416,38.08276367],[128.7210083,38.08123779],[128.72143555,38.07965088],[128.72161865,38.07727051],[128.72363281,38.07507324],[128.72540283,38.07305908],[128.72668457,38.07196045],[128.72827148,38.07019043],[128.7310791,38.06756592],[128.7333374,38.0657959],[128.74499512,38.05743408],[128.74914551,38.05657959],[128.75268555,38.05523682],[128.75463867,38.05480957],[128.75665283,38.05395508],[128.75817871,38.05303955],[128.75970459,38.05236816],[128.7623291,38.05084229],[128.76452637,38.04931641],[128.76654053,38.04779053],[128.77001953,38.04467773],[128.77178955,38.04315186],[128.77288818,38.04180908],[128.7744751,38.03961182],[128.77667236,38.03674316],[128.777771,38.03436279],[128.77886963,38.03149414],[128.77947998,38.02905273],[128.78015137,38.02667236],[128.78057861,38.02398682],[128.78082275,38.02069092],[128.78082275,38.01831055],[128.78173828,38.01654053],[128.78344727,38.01501465],[128.78503418,38.01342773],[128.78613281,38.012146],[128.78803411,38.0110912],[128.78961182,38.00994873],[128.79180908,38.00836182],[128.79425049,38.00683594],[128.79577637,38.00506592],[128.79730225,38.00378418],[128.79864502,38.00244141],[128.79974365,38.00091553],[128.80084229,37.99957275],[128.80194092,37.99829102],[128.80303955,37.99694824],[128.80395508,37.99542236],[128.80480957,37.99389648],[128.8059082,37.99163818],[128.8067627,37.98901367],[128.80743408,37.98638916],[128.80810547,37.98376465],[128.80877686,37.98156738],[128.8092041,37.97998047],[128.80963135,37.9776001],[128.81182861,37.97607422],[128.81427002,37.9744873],[128.81604004,37.97363281],[128.81756592,37.97253418],[128.81890869,37.97143555],[128.82019043,37.97033691],[128.8215332,37.96923828],[128.82348633,37.9677124],[128.82550049,37.965271],[128.82727051,37.96331787],[128.82897949,37.96105957],[128.83032227,37.9586792],[128.83123779,37.95715332],[128.83209229,37.95471191],[128.83294678,37.9520874],[128.83361816,37.94897461],[128.84020996,37.94281006],[128.84289551,37.94104004],[128.84484863,37.9397583],[128.84661865,37.93884277],[128.84857178,37.93798828],[128.85015869,37.93713379],[128.85186768,37.93621826],[128.8536377,37.93554688],[128.85565186,37.93444824],[128.85760498,37.93334961],[128.85955811,37.93206787],[128.86132813,37.9307251],[128.86334229,37.92877197],[128.86572266,37.92657471],[128.86749268,37.92437744],[128.86883545,37.92260742],[128.86993408,37.92059326],[128.87145996,37.91796875]]]]}},{"type":"Feature","properties":{"sterm_parent":"경북북부앞바다","fcst_kor_nm":"경북북부앞바다중연안바다","zone_id":"S2120100"},"geometry":{"type":"MultiPolygon","coordinates":[[[[129.465271,36.63128662],[129.46331787,36.62908936],[129.46112061,36.62652588],[129.45910645,36.62371826],[129.45727539,36.61950684],[129.45648193,36.61627197],[129.45751953,36.61291504],[129.45812988,36.60968018],[129.45849609,36.60668945],[129.4586792,36.60369873],[129.45849609,36.6005249],[129.45812988,36.59710693],[129.45727539,36.59307861],[129.45892334,36.58929443],[129.46289063,36.58569336],[129.46551514,36.58312988],[129.46807861,36.58111572],[129.47009277,36.57867432],[129.47247314,36.57592773],[129.47467041,36.57312012],[129.47631836,36.57067871],[129.47827148,36.56768799],[129.48010254,36.56451416],[129.48132324,36.56152344],[129.4822998,36.55792236],[129.48309326,36.55291748],[129.48327637,36.54931641],[129.48309326,36.54608154],[129.48327637,36.54290771],[129.48309326,36.53869629],[129.48413086,36.53387451],[129.48712158,36.53009033],[129.48968506,36.5269165],[129.49230957,36.52270508],[129.49389648,36.51928711],[129.49468994,36.51593018],[129.4954834,36.51287842],[129.49591064,36.50891113],[129.49572754,36.50531006],[129.49511719,36.50152588],[129.49371338,36.49768066],[129.49230957,36.49450684],[129.49108887,36.49169922],[129.4888916,36.4888916],[129.48748779,36.48608398],[129.48669434,36.48168945],[129.48529053,36.47790527],[129.48388672,36.47491455],[129.48187256,36.47192383],[129.48010254,36.46807861],[129.48028564,36.46472168],[129.48028564,36.46130371],[129.47967529,36.45709229],[129.47888184,36.4519043],[129.47930908,36.44671631],[129.47888184,36.44268799],[129.47808838,36.4387207],[129.47808838,36.43408203],[129.47869873,36.43011475],[129.47869873,36.42572021],[129.47808838,36.42150879],[129.47668457,36.41607666],[129.47570801,36.41290283],[129.4743042,36.40991211],[129.47271729,36.40649414],[129.47192383,36.40270996],[129.47088623,36.39929199],[129.46948242,36.39611816],[129.4666748,36.39190674],[129.46411133,36.38848877],[129.46191406,36.38592529],[129.45947266,36.38348389],[129.45648193,36.38031006],[129.44787598,36.37011719],[129.44567871,36.36651611],[129.44207764,36.36090088],[129.43988037,36.35772705],[129.43572998,36.35211182],[129.43511963,36.3493042],[129.43432617,36.34649658],[129.43292236,36.34387207],[129.4309082,36.34008789],[129.42932129,36.33569336],[129.42791748,36.33288574],[129.42608643,36.32910156],[129.42468262,36.32647705],[129.42492676,36.32287598],[129.42449951,36.31768799],[129.42327881,36.3125],[129.42272949,36.30889893],[129.42211914,36.30371094],[129.42230225,36.29968262],[129.42230225,36.29589844],[129.42230225,36.29290771],[129.421875,36.28808594],[129.42272949,36.2835083],[129.42352295,36.27947998],[129.42370605,36.27490234],[129.42327881,36.27032471],[129.42291006,36.26804227],[129.37751412,36.26807556],[129.377889,36.270833],[129.382083,36.276667],[129.375417,36.288361],[129.380389,36.293306],[129.381278,36.331667],[129.384528,36.343333],[129.388722,36.346639],[129.388722,36.358333],[129.407111,36.381667],[129.408778,36.389111],[129.414194,36.391278],[129.429528,36.408333],[129.437111,36.426611],[129.433722,36.436667],[129.437139,36.469167],[129.433722,36.482444],[129.444583,36.488306],[129.447944,36.503306],[129.452917,36.505861],[129.452444,36.508778],[129.447917,36.509139],[129.442083,36.523306],[129.440389,36.550778],[129.419583,36.5725],[129.41125,36.589167],[129.412056,36.599139],[129.417056,36.6025],[129.41375,36.621639],[129.41875,36.638333],[129.42170555,36.64167608],[129.465271,36.63128662]]]]}},{"type":"Feature","properties":{"sterm_parent":"제주도서부앞바다","fcst_kor_nm":"제주도서부앞바다중연안바다","zone_id":"S2320600"},"geometry":{"type":"MultiPolygon","coordinates":[[[[126.28822905,33.46664582],[126.29844059,33.44735362],[126.298157,33.447094],[126.297569,33.447094],[126.29747328,33.44719016],[126.296692,33.447975],[126.295815,33.447094],[126.293465,33.447094],[126.292587,33.446213],[126.291702,33.446213],[126.290825,33.445335],[126.287598,33.445335],[126.28672,33.446213],[126.284081,33.446213],[126.282616,33.444454],[126.277328,33.444454],[126.276161,33.443279],[126.276161,33.442402],[126.275276,33.441521],[126.275276,33.439175],[126.274689,33.438293],[126.274399,33.437412],[126.274101,33.437119],[126.273224,33.438],[126.272346,33.438],[126.271759,33.438881],[126.269997,33.438587],[126.268234,33.437119],[126.265007,33.437119],[126.26413,33.436241],[126.26178,33.436241],[126.2612,33.435947],[126.2612,33.435066],[126.262077,33.434189],[126.262077,33.431839],[126.262955,33.430962],[126.262955,33.429199],[126.26384,33.428322],[126.26384,33.426559],[126.262955,33.425678],[126.262955,33.425095],[126.2612,33.423332],[126.262077,33.422451],[126.262077,33.420692],[126.2612,33.420105],[126.2612,33.419228],[126.260315,33.418346],[126.260315,33.416584],[126.25885,33.415119],[126.25885,33.414238],[126.255035,33.410423],[126.253273,33.410423],[126.251221,33.408371],[126.251221,33.40749],[126.250633,33.4072],[126.250046,33.4072],[126.248878,33.405731],[126.248878,33.403385],[126.247406,33.401917],[126.244179,33.40221],[126.240074,33.397812],[126.239197,33.397812],[126.236557,33.395466],[126.235672,33.395466],[126.23333,33.392822],[126.232445,33.392822],[126.231567,33.391945],[126.229218,33.391945],[126.22834,33.392822],[126.2257,33.392822],[126.225113,33.391945],[126.222473,33.391945],[126.222183,33.391651],[126.222183,33.39077],[126.221298,33.389889],[126.221298,33.389301],[126.219246,33.386955],[126.218369,33.386955],[126.215729,33.384609],[126.214844,33.384609],[126.213676,33.383434],[126.213676,33.380795],[126.214554,33.379917],[126.214554,33.379036],[126.213379,33.377865],[126.212502,33.377865],[126.211617,33.376984],[126.210739,33.376984],[126.209862,33.376396],[126.208389,33.376102],[126.207512,33.375515],[126.20575,33.375221],[126.20546,33.374928],[126.20546,33.37405],[126.203697,33.372581],[126.203697,33.3717],[126.203407,33.371117],[126.202522,33.371117],[126.198418,33.367008],[126.195778,33.367008],[126.194901,33.366127],[126.193436,33.366421],[126.191673,33.364662],[126.189911,33.364662],[126.187569,33.362022],[126.186684,33.362022],[126.185806,33.361141],[126.182579,33.361141],[126.180229,33.359089],[126.180527,33.358208],[126.181114,33.357327],[126.180527,33.356743],[126.180527,33.349995],[126.179642,33.349113],[126.179642,33.348232],[126.179054,33.347939],[126.178474,33.347939],[126.175835,33.345299],[126.17495,33.345299],[126.174072,33.344715],[126.171722,33.344421],[126.170845,33.343834],[126.16674,33.343834],[126.165268,33.342365],[126.165268,33.3409],[126.166153,33.340019],[126.165268,33.339142],[126.165268,33.338261],[126.164978,33.337967],[126.162628,33.337967],[126.162041,33.337379],[126.162926,33.336792],[126.162926,33.335033],[126.165268,33.332394],[126.165268,33.330925],[126.164978,33.330338],[126.164093,33.330338],[126.163216,33.32946],[126.162628,33.32946],[126.162041,33.329166],[126.162041,33.326527],[126.164093,33.324471],[126.16674,33.324471],[126.16703,33.324181],[126.16703,33.323299],[126.166153,33.322418],[126.166153,33.321831],[126.168793,33.319191],[126.168793,33.318314],[126.166153,33.315964],[126.166153,33.312447],[126.165268,33.311565],[126.165268,33.310978],[126.164978,33.31039],[126.164093,33.31039],[126.163803,33.310097],[126.163803,33.30658],[126.16468,33.305698],[126.164391,33.305111],[126.165268,33.30423],[126.165268,33.303352],[126.166153,33.302471],[126.166153,33.30159],[126.16703,33.300709],[126.16703,33.299244],[126.16674,33.298656],[126.165855,33.298656],[126.164093,33.297192],[126.163216,33.297192],[126.161163,33.295135],[126.161163,33.290737],[126.162041,33.289856],[126.162041,33.288391],[126.164978,33.285458],[126.165855,33.285458],[126.16674,33.284576],[126.167618,33.284576],[126.168793,33.283401],[126.168793,33.28235449],[126.168793,33.281643],[126.170258,33.279881],[126.170258,33.278416],[126.171135,33.277534],[126.171135,33.275776],[126.17202,33.274895],[126.17202,33.274014],[126.172897,33.273136],[126.172897,33.272549],[126.173187,33.271961],[126.174072,33.271961],[126.175835,33.270496],[126.176712,33.270496],[126.179642,33.267563],[126.179642,33.2658],[126.180527,33.264919],[126.180527,33.264042],[126.181114,33.263161],[126.181114,33.262573],[126.182869,33.260815],[126.182869,33.259933],[126.183167,33.25964],[126.184044,33.25964],[126.185806,33.257881],[126.187569,33.257881],[126.188446,33.257],[126.189034,33.257],[126.189911,33.256413],[126.190788,33.256123],[126.193436,33.253773],[126.194313,33.253773],[126.196655,33.251133],[126.19754,33.251133],[126.199005,33.249668],[126.199883,33.249668],[126.201645,33.247906],[126.202522,33.247906],[126.20311,33.247028],[126.204285,33.247028],[126.204872,33.246147],[126.206635,33.246147],[126.208389,33.244678],[126.210152,33.244678],[126.210739,33.243801],[126.216606,33.243801],[126.217484,33.24292],[126.220711,33.24292],[126.222473,33.241158],[126.227463,33.241158],[126.22805,33.240868],[126.22805,33.239105],[126.229805,33.237053],[126.231567,33.237053],[126.232445,33.236172],[126.234207,33.236172],[126.235382,33.235001],[126.235382,33.233238],[126.236259,33.232361],[126.236259,33.231773],[126.238312,33.229717],[126.239197,33.229424],[126.239487,33.229134],[126.239487,33.227371],[126.240372,33.226784],[126.240372,33.225025],[126.243301,33.222092],[126.244179,33.222092],[126.245064,33.22121],[126.249168,33.22121],[126.250046,33.220329],[126.250931,33.220329],[126.251221,33.220039],[126.251221,33.2174],[126.252106,33.216812],[126.252106,33.213291],[126.253273,33.212116],[126.254158,33.212116],[126.255035,33.211239],[126.255913,33.211239],[126.256798,33.210358],[126.257385,33.211239],[126.260902,33.211239],[126.26178,33.210358],[126.262367,33.210358],[126.26384,33.209183],[126.26384,33.207424],[126.262955,33.206543],[126.262955,33.205078],[126.262077,33.204197],[126.262077,33.203316],[126.2612,33.202438],[126.2612,33.200089],[126.26178,33.199505],[126.262665,33.199505],[126.265007,33.197155],[126.265892,33.197155],[126.266769,33.196278],[126.267357,33.196278],[126.268234,33.195396],[126.269997,33.195396],[126.270874,33.194515],[126.271759,33.195396],[126.272346,33.195396],[126.273224,33.196278],[126.274101,33.196278],[126.274399,33.196571],[126.274689,33.197449],[126.274986,33.197742],[126.275864,33.197742],[126.278214,33.200382],[126.279968,33.200382],[126.280853,33.201263],[126.281731,33.201263],[126.282616,33.200382],[126.284081,33.200382],[126.285545,33.199211],[126.285255,33.197449],[126.287308,33.195396],[126.290825,33.195396],[126.291702,33.196278],[126.292587,33.196278],[126.293175,33.197155],[126.294052,33.197155],[126.29426144,33.19725972],[126.29505415,33.19613977],[126.30663319,33.18250684],[126.30169678,33.18011475],[126.30010986,33.17932129],[126.29852295,33.17889404],[126.29608154,33.17828369],[126.29370117,33.17791748],[126.29089355,33.17767334],[126.28790283,33.17767334],[126.2853394,33.17792356],[126.27062452,33.18115372],[126.2589142,33.17947706],[126.25567627,33.18109131],[126.253479,33.18212891],[126.25170898,33.18328857],[126.24969482,33.18469238],[126.24749756,33.18609619],[126.24591064,33.18768311],[126.24407959,33.18988037],[126.24267578,33.19171143],[126.24188232,33.19329834],[126.24108887,33.1953125],[126.24029541,33.19732666],[126.2388916,33.19848633],[126.23687744,33.19952393],[126.23510742,33.20092773],[126.23309326,33.20288086],[126.23150635,33.20489502],[126.23010254,33.20709229],[126.22888184,33.20892334],[126.22668457,33.21032715],[126.2244873,33.21191406],[126.22332764,33.21368408],[126.22210693,33.21508789],[126.22052002,33.2166748],[126.21946874,33.21782165],[126.21850586,33.21887207],[126.21728516,33.22052002],[126.21612549,33.22210693],[126.21447754,33.22332764],[126.21289063,33.22387695],[126.21087646,33.22387695],[126.20892334,33.22412109],[126.20648193,33.22467041],[126.20428467,33.22528076],[126.20269775,33.22589111],[126.20111084,33.22650146],[126.19970703,33.22729492],[126.19812012,33.22808838],[126.1953125,33.22912598],[126.19311523,33.22967529],[126.18988037,33.23132324],[126.18829346,33.2322998],[126.18609619,33.23370361],[126.18389893,33.23547363],[126.18188477,33.23669434],[126.18011475,33.23809814],[126.17828369,33.23968506],[126.17669678,33.24090576],[126.17510986,33.24188232],[126.17352295,33.24291992],[126.17169189,33.24432373],[126.16967773,33.24591064],[126.16809082,33.24707031],[126.16650391,33.24847412],[126.16467285,33.25030518],[126.16308594,33.25231934],[126.16131592,33.25531006],[126.16027832,33.25750732],[126.15869141,33.25909424],[126.15570068,33.26171875],[126.15393066,33.26348877],[126.15228271,33.26550293],[126.15087891,33.2677002],[126.15008545,33.26947021],[126.14910889,33.27130127],[126.14770508,33.27252197],[126.14611816,33.27392578],[126.144104,33.27587891],[126.1428833,33.27770996],[126.14190674,33.27929688],[126.14129639,33.28088379],[126.14093018,33.28289795],[126.14068604,33.28491211],[126.14031982,33.28668213],[126.13989258,33.28833008],[126.13952637,33.2901001],[126.13928223,33.29248047],[126.13940139,33.29405938],[126.13952637,33.29571533],[126.13970947,33.29730225],[126.14031982,33.29907227],[126.14129639,33.30133057],[126.14227295,33.30310059],[126.14208984,33.3057251],[126.14208984,33.30810547],[126.14227295,33.30987549],[126.14251709,33.31170654],[126.1428833,33.31347656],[126.14349365,33.31610107],[126.14208984,33.31890869],[126.14147949,33.32171631],[126.14093018,33.32647705],[126.14050293,33.32867432],[126.14007568,33.33087158],[126.13952637,33.33331299],[126.13909912,33.33612061],[126.13928223,33.33868408],[126.14007568,33.34191895],[126.14068604,33.34350586],[126.1427002,33.34667969],[126.1439209,33.34851074],[126.14532471,33.34967041],[126.14691162,33.35107422],[126.14807129,33.35247803],[126.14971924,33.35449219],[126.15112305,33.35650635],[126.15252686,33.35809326],[126.15429688,33.35931396],[126.15667725,33.36071777],[126.15911865,33.36248779],[126.16009521,33.3651123],[126.16107178,33.36669922],[126.16271973,33.36871338],[126.16552734,33.371521],[126.16772461,33.37329102],[126.16992188,33.37451172],[126.17132568,33.37548828],[126.1730957,33.37652588],[126.17529297,33.37768555],[126.17730713,33.37872314],[126.17889404,33.3795166],[126.1809082,33.38012695],[126.18292236,33.38067627],[126.18591309,33.38153076],[126.18792725,33.38232422],[126.18927002,33.38348389],[126.19128418,33.38531494],[126.19250488,33.38647461],[126.19329834,33.38830566],[126.19451904,33.39007568],[126.19550503,33.39130817],[126.19647217,33.39251709],[126.19873047,33.39428711],[126.20007324,33.39532471],[126.20147705,33.39648438],[126.20330811,33.39807129],[126.20507813,33.4005127],[126.20690918,33.40228271],[126.20831299,33.40350342],[126.21032715,33.40490723],[126.21209717,33.40588379],[126.21392822,33.40667725],[126.2166748,33.40771484],[126.21887207,33.40869141],[126.22131348,33.40948486],[126.22351074,33.41052246],[126.22509766,33.41210938],[126.22650146,33.41333008],[126.22888184,33.4151001],[126.23150635,33.41668701],[126.2321167,33.41912842],[126.23248291,33.42089844],[126.23309326,33.42272949],[126.23431396,33.42510986],[126.23571777,33.42730713],[126.23730469,33.42871094],[126.2387085,33.43127441],[126.23950195,33.43328857],[126.2399292,33.43548584],[126.2401123,33.43707275],[126.24072266,33.43908691],[126.24127197,33.44091797],[126.24249268,33.44287109],[126.24371338,33.4453125],[126.24511719,33.44708252],[126.2467041,33.44891357],[126.24810791,33.45007324],[126.24969482,33.45111084],[126.25109863,33.4520874],[126.25311279,33.45288086],[126.25549316,33.45367432],[126.25952148,33.45471191],[126.26147461,33.45507813],[126.26330566,33.45629883],[126.26593018,33.45812988],[126.26831055,33.45947266],[126.28749492,33.46803278],[126.28822905,33.46664582]]]]}},{"type":"Feature","properties":{"sterm_parent":"울산앞바다","fcst_kor_nm":"울산앞바다","zone_id":"S1131100"},"geometry":{"type":"MultiPolygon","coordinates":[[[[129.70782612,35.53628711],[129.69640702,35.49087323],[129.61075825,35.33607352],[129.48669346,35.18017277],[129.41666701,35.13333299],[129.328125,35.29870605],[129.30452597,35.32948744],[129.30403023,35.33007216],[129.3050451,35.3303643],[129.315,35.331222],[129.322083,35.344167],[129.331667,35.347111],[129.337472,35.35625],[129.342472,35.35625],[129.345833,35.352056],[129.362889,35.358361],[129.357083,35.371667],[129.347444,35.375417],[129.346194,35.379194],[129.349583,35.385833],[129.347861,35.390806],[129.357028,35.395833],[129.354556,35.402528],[129.362889,35.407472],[129.362528,35.412056],[129.356222,35.412472],[129.353694,35.426639],[129.365889,35.428778],[129.369528,35.432472],[129.364111,35.439611],[129.352944,35.440833],[129.360389,35.446639],[129.359139,35.448722],[129.351694,35.446222],[129.34625,35.451667],[129.343722,35.455],[129.347083,35.466667],[129.33875,35.475],[129.346611,35.475389],[129.355778,35.461278],[129.361667,35.459583],[129.365028,35.466222],[129.375806,35.469556],[129.385444,35.4775],[129.387944,35.492472],[129.376278,35.501639],[129.38625,35.506694],[129.385417,35.515],[129.377889,35.516694],[129.376278,35.5275],[129.379583,35.529167],[129.354556,35.5475],[129.37,35.544583],[129.403722,35.512472],[129.39875,35.502472],[129.407889,35.496667],[129.406222,35.481667],[129.409111,35.474556],[129.42,35.481222],[129.425806,35.481194],[129.427528,35.484556],[129.434139,35.480417],[129.445444,35.491667],[129.444194,35.49625],[129.433722,35.494167],[129.434111,35.499556],[129.443722,35.5025],[129.442472,35.506222],[129.434611,35.508306],[129.438333,35.514583],[129.445028,35.51375],[129.448694,35.516667],[129.440389,35.523333],[129.440417,35.527472],[129.448278,35.532083],[129.452917,35.530861],[129.452111,35.539944],[129.460389,35.554167],[129.454583,35.578306],[129.460028,35.584583],[129.465417,35.585833],[129.465361,35.603333],[129.459528,35.614139],[129.452056,35.616611],[129.452917,35.62],[129.444556,35.628333],[129.443722,35.644139],[129.45125,35.649139],[129.45180402,35.65088901],[129.58703096,35.65086675],[129.72151789,35.65084462],[129.71332378,35.62089644],[129.70782612,35.53628711]]]]}},{"type":"Feature","properties":{"sterm_parent":"울산앞바다","fcst_kor_nm":"울산앞바다","zone_id":"S1131100"},"geometry":{"type":"MultiPolygon","coordinates":[[[[129.70782612,35.53628711],[129.69640702,35.49087323],[129.61075825,35.33607352],[129.48669346,35.18017277],[129.41666701,35.13333299],[129.328125,35.29870605],[129.30452597,35.32948744],[129.30403023,35.33007216],[129.3050451,35.3303643],[129.315,35.331222],[129.322083,35.344167],[129.331667,35.347111],[129.337472,35.35625],[129.342472,35.35625],[129.345833,35.352056],[129.362889,35.358361],[129.357083,35.371667],[129.347444,35.375417],[129.346194,35.379194],[129.349583,35.385833],[129.347861,35.390806],[129.357028,35.395833],[129.354556,35.402528],[129.362889,35.407472],[129.362528,35.412056],[129.356222,35.412472],[129.353694,35.426639],[129.365889,35.428778],[129.369528,35.432472],[129.364111,35.439611],[129.352944,35.440833],[129.360389,35.446639],[129.359139,35.448722],[129.351694,35.446222],[129.34625,35.451667],[129.343722,35.455],[129.347083,35.466667],[129.33875,35.475],[129.346611,35.475389],[129.355778,35.461278],[129.361667,35.459583],[129.365028,35.466222],[129.375806,35.469556],[129.385444,35.4775],[129.387944,35.492472],[129.376278,35.501639],[129.38625,35.506694],[129.385417,35.515],[129.377889,35.516694],[129.376278,35.5275],[129.379583,35.529167],[129.354556,35.5475],[129.37,35.544583],[129.403722,35.512472],[129.39875,35.502472],[129.407889,35.496667],[129.406222,35.481667],[129.409111,35.474556],[129.42,35.481222],[129.425806,35.481194],[129.427528,35.484556],[129.434139,35.480417],[129.445444,35.491667],[129.444194,35.49625],[129.433722,35.494167],[129.434111,35.499556],[129.443722,35.5025],[129.442472,35.506222],[129.434611,35.508306],[129.438333,35.514583],[129.445028,35.51375],[129.448694,35.516667],[129.440389,35.523333],[129.440417,35.527472],[129.448278,35.532083],[129.452917,35.530861],[129.452111,35.539944],[129.460389,35.554167],[129.454583,35.578306],[129.460028,35.584583],[129.465417,35.585833],[129.465361,35.603333],[129.459528,35.614139],[129.452056,35.616611],[129.452917,35.62],[129.444556,35.628333],[129.443722,35.644139],[129.45125,35.649139],[129.45180402,35.65088901],[129.58703096,35.65086675],[129.72151789,35.65084462],[129.71332378,35.62089644],[129.70782612,35.53628711]]]]}},{"type":"Feature","properties":{"sterm_parent":"강원중부앞바다","fcst_kor_nm":"강원중부앞바다","zone_id":"S1151200"},"geometry":{"type":"MultiPolygon","coordinates":[[[[129.31314091,37.71204326],[129.37302658,37.60276678],[129.07648061,37.60598643],[129.064972,37.61375],[129.047083,37.634139],[129.044556,37.641639],[129.047889,37.648333],[129.057139,37.654167],[129.055361,37.666639],[129.058722,37.675],[129.017444,37.705389],[129.009194,37.717083],[128.992056,37.73],[128.988306,37.740417],[128.954139,37.764556],[128.949944,37.772056],[128.934972,37.78125],[128.876222,37.830833],[128.877889,37.84],[128.831278,37.882444],[128.828806,37.89],[128.835389,37.897444],[128.828722,37.906667],[128.816639,37.912083],[128.80871773,37.91825879],[128.80998167,37.91828938],[129.1342922,37.91617854],[129.13429994,37.91617849],[129.15080337,37.90326698],[129.21738227,37.8394908],[129.31314091,37.71204326]]]]}},{"type":"Feature","properties":{"sterm_parent":"경기북부앞바다","fcst_kor_nm":"경기북부앞바다중먼평수구역","zone_id":"S2210900"},"geometry":{"type":"MultiPolygon","coordinates":[[[[125.655833,37.90375],[125.654972,37.900389],[125.64957266,37.90404179],[125.65632265,37.90484291],[125.66125,37.904139],[125.655833,37.90375]]],[[[125.593306,38.04375],[125.594944,38.036194],[125.601694,38.03875],[125.604167,38.032056],[125.609167,38.032917],[125.619139,38.026222],[125.61769553,38.03632834],[125.6348877,38.02911377],[125.63762408,38.02921902],[125.645778,38.019556],[125.6575,38.027083],[125.6675,38.023722],[125.6775,38.026222],[125.68125,38.024139],[125.688333,38.007111],[125.696667,38.016222],[125.698694,38.001083],[125.69375,37.997472],[125.695778,37.992917],[125.705861,37.993694],[125.712528,37.990417],[125.7095,37.998889],[125.717917,37.998278],[125.711667,38.017083],[125.719972,38.018722],[125.743306,38.014583],[125.744556,38.016667],[125.741222,38.0175],[125.745806,38.019556],[125.752528,38.015389],[125.757472,38.016194],[125.759611,38.0075],[125.769194,38.00625],[125.774167,37.997083],[125.793306,37.997028],[125.808361,37.992917],[125.810028,37.987889],[125.818333,37.987917],[125.802861,37.98],[125.793722,37.9675],[125.791278,37.956639],[125.801611,37.947056],[125.816694,37.942083],[125.8325,37.952111],[125.83375,37.944972],[125.827917,37.939972],[125.831278,37.929139],[125.837472,37.92125],[125.847944,37.920833],[125.845806,37.912083],[125.8625,37.908694],[125.866222,37.905],[125.864139,37.901222],[125.859556,37.900806],[125.862944,37.893361],[125.874139,37.892889],[125.883722,37.879972],[125.880389,37.877472],[125.886639,37.876222],[125.893694,37.869139],[125.892917,37.8525],[125.902917,37.848306],[125.8975,37.847861],[125.895861,37.841222],[125.905028,37.842889],[125.913333,37.837917],[125.91890719,37.83978815],[125.92197055,37.8299854],[125.93892421,37.82939053],[125.95330945,37.83483784],[125.9575,37.831222],[125.986639,37.831222],[125.98875,37.835],[125.985861,37.837083],[125.976694,37.837889],[125.97469565,37.8393001],[125.98669434,37.83972168],[126.03289795,37.83227539],[126.05756448,37.82581511],[126.053667,37.815722],[126.059111,37.806139],[126.069944,37.807028],[126.077861,37.799056],[126.078222,37.792833],[126.085306,37.790778],[126.087389,37.782],[126.091583,37.779472],[126.096944,37.782417],[126.086222,37.754917],[126.102444,37.750333],[126.106556,37.751972],[126.127444,37.743639],[126.150722,37.742806],[126.158694,37.74575],[126.160278,37.769944],[126.168639,37.781583],[126.1495,37.81075],[126.146139,37.82825],[126.158194,37.837861],[126.172444,37.842833],[126.175778,37.840361],[126.192389,37.843667],[126.19575,37.846944],[126.213278,37.850278],[126.244056,37.852833],[126.264056,37.841167],[126.269083,37.841972],[126.273222,37.848639],[126.275722,37.845333],[126.285806,37.847806],[126.309917,37.865333],[126.339944,37.878611],[126.352417,37.882],[126.371528,37.880306],[126.374083,37.883667],[126.38825,37.887028],[126.409472,37.909861],[126.40575,37.917],[126.397,37.917361],[126.394889,37.924472],[126.410722,37.923639],[126.417833,37.919028],[126.417,37.90575],[126.409556,37.899917],[126.402833,37.883222],[126.423667,37.86325],[126.42325,37.8545],[126.430806,37.855333],[126.449889,37.847806],[126.454083,37.848639],[126.457417,37.843611],[126.467833,37.83825],[126.468222,37.820333],[126.494944,37.820333],[126.531583,37.801944],[126.539111,37.801194],[126.562472,37.788611],[126.573306,37.772028],[126.594083,37.772],[126.618278,37.792861],[126.644083,37.792806],[126.652444,37.789472],[126.652833,37.810722],[126.673278,37.837],[126.719111,37.852806],[126.727444,37.851944],[126.729917,37.844444],[126.702444,37.841167],[126.672861,37.82575],[126.682833,37.81325],[126.682,37.800722],[126.677,37.794083],[126.677833,37.781583],[126.673667,37.774056],[126.687861,37.764889],[126.686222,37.737389],[126.691222,37.731528],[126.691167,37.719056],[126.676167,37.682417],[126.69575,37.666167],[126.748333,37.642806],[126.789111,37.620278],[126.824083,37.592833],[126.83325,37.5945],[126.847472,37.577806],[126.877444,37.562833],[126.902917,37.544083],[126.876667,37.552806],[126.868306,37.560333],[126.856611,37.563667],[126.842444,37.575306],[126.819944,37.586972],[126.804972,37.601167],[126.776583,37.613639],[126.769972,37.619528],[126.752417,37.625306],[126.699167,37.6545],[126.68825,37.655306],[126.676611,37.664472],[126.654917,37.669472],[126.647,37.680694],[126.654111,37.690278],[126.664528,37.69325],[126.671194,37.731611],[126.655361,37.749083],[126.649167,37.774472],[126.634083,37.774472],[126.609889,37.753667],[126.595806,37.757778],[126.571583,37.754472],[126.565333,37.75825],[126.561583,37.766972],[126.546611,37.771972],[126.531583,37.772028],[126.520333,37.765778],[126.531222,37.744083],[126.522833,37.72325],[126.522833,37.712444],[126.530389,37.704056],[126.533667,37.689944],[126.5295,37.674056],[126.542833,37.662389],[126.539917,37.657806],[126.532861,37.655778],[126.537833,37.642417],[126.547,37.636556],[126.557444,37.622],[126.574972,37.622028],[126.572833,37.609917],[126.590389,37.599111],[126.594944,37.582833],[126.601694,37.582],[126.602028,37.585778],[126.611639,37.591194],[126.615778,37.585306],[126.622111,37.584083],[126.620778,37.575361],[126.633278,37.587],[126.649972,37.577833],[126.661194,37.577417],[126.658306,37.569444],[126.651667,37.5695],[126.649111,37.566194],[126.639944,37.566972],[126.638667,37.564083],[126.644556,37.559917],[126.639139,37.559472],[126.63538397,37.55469463],[126.62243652,37.55609131],[126.25891113,37.55749512],[126.22589111,37.56567383],[125.69989014,37.659729],[125.70349121,37.66308594],[125.70507813,37.66748047],[125.70788574,37.67028809],[125.71710205,37.67510986],[125.71289063,37.67828369],[125.70727539,37.67767334],[125.69390869,37.67352295],[125.68951416,37.67547607],[125.68591309,37.67572021],[125.68310547,37.67749023],[125.68328857,37.6807251],[125.61782037,37.764109],[125.617944,37.764139],[125.611278,37.780806],[125.623694,37.798333],[125.616694,37.802111],[125.605833,37.800389],[125.608806,37.804167],[125.599139,37.805417],[125.598778,37.809139],[125.602444,37.812889],[125.603361,37.807889],[125.611639,37.809583],[125.619972,37.817083],[125.636694,37.820417],[125.635417,37.823306],[125.643694,37.829139],[125.640778,37.834583],[125.634167,37.82625],[125.625,37.82875],[125.619528,37.837444],[125.626222,37.844972],[125.615389,37.852472],[125.615806,37.85625],[125.635806,37.854556],[125.639583,37.8575],[125.634528,37.863333],[125.637889,37.871667],[125.632083,37.874139],[125.629583,37.880833],[125.641278,37.891667],[125.642917,37.898333],[125.64004862,37.90201207],[125.64349365,37.90332031],[125.64731561,37.90377392],[125.647083,37.901667],[125.661722,37.892056],[125.680806,37.892028],[125.696667,37.89625],[125.715,37.90625],[125.72875,37.917472],[125.73625,37.933333],[125.735417,37.939139],[125.731667,37.939556],[125.726611,37.923778],[125.719972,37.922028],[125.714972,37.929583],[125.694972,37.917917],[125.699611,37.928333],[125.69095307,37.93090781],[125.69091797,37.93188477],[125.69245001,37.93699981],[125.702528,37.936222],[125.702056,37.953333],[125.710833,37.960417],[125.7175,37.952917],[125.722972,37.953333],[125.714139,37.967944],[125.711222,37.964972],[125.713361,37.969556],[125.700861,37.972083],[125.704611,37.964167],[125.6975,37.961222],[125.693694,37.965833],[125.696278,37.973333],[125.693306,37.977056],[125.69375,37.9675],[125.6871613,37.96530377],[125.68002044,37.97288576],[125.685417,37.980833],[125.687472,37.991222],[125.680028,37.991194],[125.672472,37.982917],[125.645,37.964583],[125.641694,37.968722],[125.63,37.969556],[125.632083,37.976667],[125.624972,37.984556],[125.618389,37.981278],[125.611611,37.982917],[125.605,37.989583],[125.596722,37.990389],[125.587083,38.007472],[125.579556,38.01],[125.577056,38.019139],[125.565806,38.027056],[125.56425932,38.02717417],[125.56689453,38.02947998],[125.57141787,38.03230451],[125.573333,38.030389],[125.577528,38.031222],[125.578306,38.036222],[125.593306,38.04375]]]]}},{"type":"Feature","properties":{"sterm_parent":"서해중부안쪽먼바다","fcst_kor_nm":"서해중부안쪽먼바다","zone_id":"S1252010"},"geometry":{"type":"MultiPolygon","coordinates":[[[[126.27391928,35.99998238],[126.27393368,35.99992896],[126.27391842,35.99992896],[126.27391127,35.99992896],[125,36],[124,38],[124.25569906,38],[124.75030241,37.99965394],[124.749583,37.956667],[124.72890659,37.84258285],[124.75038831,37.81087714],[124.7723922,37.77840074],[124.79837483,37.76259988],[124.8013762,37.76077465],[125.97458615,37.03710172],[125.97447931,37.03670501],[125.97030448,37.02120324],[125.96756712,37.01103901],[125.96039001,36.98842096],[125.96038987,36.98842053],[125.96035297,36.98830424],[125.86273986,36.68501598],[125.85720518,36.6678195],[125.8575077,36.66230309],[125.94657533,36.56215597],[125.99886765,36.50308588],[126.19287186,36.28333333],[126.19331699,36.28264868],[126.19933501,36.26117537],[126.20898583,36.22673959],[126.2176389,36.19659069],[126.2226625,36.17937959],[126.22422209,36.17403638],[126.23065937,36.15211474],[126.23698968,36.12992042],[126.23969407,36.11991064],[126.24251907,36.10945445],[126.24858487,36.08875854],[126.24903266,36.08723074],[126.25532323,36.06498247],[126.26295518,36.03801813],[126.26751986,36.02261485],[126.26753936,36.02254908],[126.26812884,36.02055988],[126.26858409,36.01886433],[126.27086186,36.01038092],[126.27270257,36.00389529],[126.27315121,36.00258811],[126.27345653,36.0016985],[126.27391242,36.00000783],[126.27391928,35.99998238]]]]}},{"type":"Feature","properties":{"sterm_parent":"서해남부북쪽안쪽먼바다","fcst_kor_nm":"서해남부북쪽 안쪽먼바다","zone_id":"S1232110"},"geometry":{"type":"MultiPolygon","coordinates":[[[[125.90462581,34.45159523],[125.90462582,34.45159521],[125.90361358,34.45159553],[124,34.4522],[124.99999582,35.99999354],[124.99999744,35.99999603],[125,36],[125.5,36],[126.27389263,35.99999392],[126.27391127,35.99992896],[126.27547314,35.994486],[126.31458349,35.85818969],[126.30224557,35.83664005],[126.24838535,35.74256683],[126.24613282,35.73860261],[126.2059487,35.66788261],[126.17695416,35.61747706],[126.16634062,35.59903236],[126.14894966,35.56880953],[126.13109122,35.5375432],[126.12227853,35.52205058],[126.12206797,35.52168419],[126.11742531,35.51360546],[126.11742394,35.51360309],[126.11741183,35.51358201],[126.10704459,35.49531765],[126.10508562,35.49186646],[126.03341689,35.36676427],[126.02803488,35.35616917],[126.01636661,35.33260292],[125.97414214,35.22704178],[125.97413613,35.22702675],[125.91595101,35.08158682],[125.78824946,34.79325086],[125.78557931,34.78722197],[125.78557975,34.78722081],[125.78723413,34.78283173],[125.84661686,34.62528936],[125.84663683,34.62523639],[125.8349304,34.60128967],[125.81686594,34.58328318],[125.89543648,34.46538425],[125.90462581,34.45159523]]]]}},{"type":"Feature","properties":{"sterm_parent":"서해남부북쪽안쪽먼바다","fcst_kor_nm":"서해남부북쪽 안쪽먼바다","zone_id":"S1232110"},"geometry":{"type":"MultiPolygon","coordinates":[[[[125.90462581,34.45159523],[125.90462582,34.45159521],[125.90361358,34.45159553],[124,34.4522],[124.99999582,35.99999354],[124.99999744,35.99999603],[125,36],[125.5,36],[126.27389263,35.99999392],[126.27391127,35.99992896],[126.27547314,35.994486],[126.31458349,35.85818969],[126.30224557,35.83664005],[126.24838535,35.74256683],[126.24613282,35.73860261],[126.2059487,35.66788261],[126.17695416,35.61747706],[126.16634062,35.59903236],[126.14894966,35.56880953],[126.13109122,35.5375432],[126.12227853,35.52205058],[126.12206797,35.52168419],[126.11742531,35.51360546],[126.11742394,35.51360309],[126.11741183,35.51358201],[126.10704459,35.49531765],[126.10508562,35.49186646],[126.03341689,35.36676427],[126.02803488,35.35616917],[126.01636661,35.33260292],[125.97414214,35.22704178],[125.97413613,35.22702675],[125.91595101,35.08158682],[125.78824946,34.79325086],[125.78557931,34.78722197],[125.78557975,34.78722081],[125.78723413,34.78283173],[125.84661686,34.62528936],[125.84663683,34.62523639],[125.8349304,34.60128967],[125.81686594,34.58328318],[125.89543648,34.46538425],[125.90462581,34.45159523]]]]}},{"type":"Feature","properties":{"sterm_parent":"충남북부앞바다","fcst_kor_nm":"충남북부앞바다중평수구역","zone_id":"S2210600"},"geometry":{"type":"MultiPolygon","coordinates":[[[[126.42640485,36.4006198],[126.42749023,36.39990234],[126.42331111,36.40016685],[126.42640485,36.4006198]]],[[[126.3866923,36.47183889],[126.38712947,36.4710214],[126.386194,36.471639],[126.3866923,36.47183889]]],[[[126.31988156,36.63592033],[126.3175,36.635389],[126.310389,36.639111],[126.313333,36.642917],[126.321667,36.642917],[126.32624679,36.64747312],[126.31988525,36.63671875],[126.31988156,36.63592033]]],[[[126.282472,36.672083],[126.295417,36.659167],[126.299583,36.641611],[126.297083,36.621639],[126.291667,36.618722],[126.289972,36.622056],[126.282,36.6225],[126.287083,36.615806],[126.288722,36.604972],[126.287861,36.599111],[126.282083,36.593333],[126.2925,36.584583],[126.300833,36.587917],[126.302861,36.592472],[126.3,36.59625],[126.296667,36.59125],[126.29375,36.591639],[126.292083,36.598306],[126.296639,36.600417],[126.305833,36.60125],[126.311611,36.589528],[126.32189113,36.59301365],[126.3226396,36.59161406],[126.322083,36.586667],[126.314111,36.585417],[126.312083,36.5825],[126.312944,36.57],[126.327083,36.553306],[126.32625,36.5375],[126.330389,36.529167],[126.326222,36.515806],[126.332889,36.505833],[126.336222,36.490806],[126.330389,36.474972],[126.323722,36.469111],[126.3375,36.472917],[126.343333,36.484611],[126.355417,36.481667],[126.341222,36.473278],[126.340389,36.462444],[126.33375,36.461611],[126.332056,36.443306],[126.334972,36.439611],[126.34325,36.43875],[126.363278,36.441278],[126.364556,36.443361],[126.359139,36.444556],[126.35625,36.450778],[126.358333,36.455417],[126.362528,36.45625],[126.365,36.450389],[126.372917,36.4475],[126.372111,36.439111],[126.368306,36.435417],[126.356667,36.437917],[126.352444,36.424528],[126.356639,36.424583],[126.361667,36.416222],[126.371611,36.411222],[126.380361,36.415833],[126.380806,36.427917],[126.385861,36.421222],[126.389139,36.421222],[126.399972,36.428722],[126.402028,36.422472],[126.397028,36.419167],[126.39625,36.414167],[126.409139,36.412917],[126.409583,36.405833],[126.417444,36.405417],[126.419139,36.399556],[126.42199286,36.39997384],[126.40484619,36.39404297],[126.40063477,36.39202881],[126.34936523,36.41204834],[126.31583524,36.40907003],[126.26616923,36.67160079],[126.26617989,36.67162249],[126.266667,36.67125],[126.282472,36.672083]]],[[[126.36307977,36.70974035],[126.33489748,36.66209737],[126.310444,36.675],[126.315806,36.675417],[126.31625,36.679139],[126.304556,36.682472],[126.30125,36.6875],[126.304528,36.693361],[126.29375,36.703306],[126.289583,36.716639],[126.295,36.717917],[126.295389,36.7125],[126.305806,36.70375],[126.320778,36.70625],[126.326222,36.713306],[126.324556,36.722472],[126.330361,36.733306],[126.360361,36.745833],[126.357917,36.740778],[126.369639,36.727472],[126.361194,36.711611],[126.36307977,36.70974035]]],[[[126.5553342,37.0618524],[126.71036212,37.01999393],[126.75962822,36.99286527],[126.80559678,36.96703624],[126.85992266,36.87564581],[126.857889,36.864167],[126.846194,36.8425],[126.86008284,36.83760084],[126.8309354,36.83362535],[126.830861,36.83375],[126.816583,36.834556],[126.812917,36.839139],[126.813778,36.849111],[126.825417,36.855],[126.81875,36.869111],[126.827083,36.876667],[126.828778,36.888306],[126.817944,36.898306],[126.813722,36.925806],[126.80575,36.929611],[126.793722,36.917472],[126.792083,36.907472],[126.7875,36.902889],[126.770861,36.899583],[126.767861,36.901667],[126.770833,36.917111],[126.788694,36.918306],[126.784556,36.924111],[126.784556,36.931667],[126.792056,36.935],[126.794583,36.944167],[126.784556,36.945806],[126.786194,36.955861],[126.779583,36.963333],[126.784111,36.975389],[126.78,36.977083],[126.770806,36.974556],[126.766667,36.979583],[126.751722,36.977056],[126.745861,36.979528],[126.743722,36.971639],[126.726667,36.960389],[126.709583,36.970833],[126.70875,36.982472],[126.697917,36.985833],[126.696222,36.995],[126.699556,36.998333],[126.687444,36.999583],[126.675028,36.986222],[126.665417,36.981639],[126.677917,36.968306],[126.676639,36.961194],[126.667528,36.965417],[126.6625,36.963722],[126.655417,36.955806],[126.658778,36.950833],[126.656694,36.948722],[126.6525,36.955389],[126.644167,36.952889],[126.636667,36.955417],[126.627528,36.95125],[126.625417,36.956639],[126.632917,36.973333],[126.604139,36.981222],[126.576639,36.999556],[126.572056,37.008278],[126.576222,37.014944],[126.574167,37.025389],[126.561667,37.030389],[126.559111,37.036222],[126.543333,37.034528],[126.53,37.042833],[126.521639,37.056222],[126.496639,37.060333],[126.494556,37.054111],[126.497528,37.051194],[126.5175,37.046194],[126.525417,37.038278],[126.52125,37.009111],[126.516194,37.005806],[126.527528,37.004556],[126.530417,36.994972],[126.539167,36.985389],[126.555806,36.98625],[126.553722,36.980806],[126.534972,36.982028],[126.526639,36.997083],[126.511667,36.999556],[126.508278,37.006222],[126.495778,37.008694],[126.486639,37.015361],[126.481222,37.014972],[126.491222,37.004139],[126.494167,36.992917],[126.499167,36.992889],[126.511667,36.982056],[126.530417,36.98],[126.519556,36.973306],[126.537083,36.963306],[126.532889,36.958306],[126.541194,36.950806],[126.543333,36.942028],[126.554528,36.939167],[126.552056,36.931694],[126.559611,36.9275],[126.554556,36.923333],[126.567056,36.901667],[126.567972,36.887472],[126.563722,36.888306],[126.558361,36.902917],[126.552889,36.901667],[126.555361,36.915833],[126.544583,36.920833],[126.545417,36.93],[126.529611,36.943278],[126.529583,36.946667],[126.524583,36.948333],[126.527111,36.9525],[126.52125,36.957472],[126.519583,36.964139],[126.515806,36.967889],[126.509167,36.966222],[126.499583,36.954972],[126.505361,36.949139],[126.502056,36.932472],[126.50375,36.9225],[126.494972,36.920417],[126.492472,36.92375],[126.48875,36.922472],[126.486194,36.905806],[126.481194,36.901639],[126.482889,36.893333],[126.477917,36.891667],[126.477917,36.882444],[126.492472,36.875389],[126.499556,36.868333],[126.494139,36.867861],[126.48,36.875417],[126.475444,36.869139],[126.47875,36.856667],[126.471667,36.844556],[126.466611,36.844556],[126.467083,36.876667],[126.444556,36.880833],[126.463361,36.883694],[126.468694,36.880833],[126.462056,36.898306],[126.472889,36.907472],[126.471278,36.917444],[126.480417,36.924167],[126.484583,36.939139],[126.479167,36.953722],[126.4725,36.95125],[126.462472,36.952861],[126.457917,36.956667],[126.462083,36.96],[126.462861,36.969111],[126.459139,36.975389],[126.439972,36.96875],[126.43625,36.971639],[126.450417,36.987444],[126.454528,36.998306],[126.452917,37.004111],[126.448278,37.007861],[126.433389,37.010389],[126.419972,37.007083],[126.410778,37.012889],[126.40625,37.009972],[126.405389,37],[126.397861,36.999194],[126.388306,37.012917],[126.383306,37.012861],[126.380389,37.005],[126.384556,37.004139],[126.385806,36.997028],[126.363333,36.994583],[126.362917,37.006667],[126.3575,37.012056],[126.352917,37.009139],[126.352861,37],[126.340778,36.988778],[126.334972,36.988694],[126.335389,36.994139],[126.326639,36.999556],[126.327028,36.988333],[126.361611,36.982889],[126.363306,36.979556],[126.372528,36.982889],[126.377972,36.980833],[126.376722,36.973722],[126.385028,36.973722],[126.387083,36.97],[126.375,36.96875],[126.372917,36.963333],[126.368278,36.962889],[126.360833,36.970389],[126.341639,36.96875],[126.333333,36.973722],[126.332861,36.9625],[126.348333,36.962889],[126.350444,36.953333],[126.359583,36.950778],[126.356222,36.945],[126.359111,36.939556],[126.371694,36.951222],[126.374972,36.944556],[126.382083,36.943333],[126.382056,36.933306],[126.389139,36.930389],[126.397472,36.935444],[126.399972,36.932917],[126.407444,36.93375],[126.409167,36.939583],[126.415806,36.93875],[126.421194,36.931667],[126.417917,36.924139],[126.413306,36.920389],[126.404111,36.922083],[126.403722,36.919139],[126.409556,36.914972],[126.409167,36.907889],[126.425806,36.906222],[126.431222,36.9],[126.425806,36.897944],[126.421611,36.899556],[126.416667,36.894528],[126.405833,36.897056],[126.405,36.892056],[126.395833,36.893722],[126.3975,36.882028],[126.375833,36.882944],[126.365833,36.878778],[126.36375,36.875806],[126.37,36.867861],[126.382472,36.87125],[126.386639,36.867083],[126.391611,36.870417],[126.402111,36.862444],[126.381667,36.860417],[126.379222,36.857083],[126.366611,36.857889],[126.362528,36.845389],[126.355806,36.849583],[126.364556,36.833306],[126.363333,36.829556],[126.357472,36.830389],[126.342111,36.848306],[126.344139,36.861222],[126.330028,36.862917],[126.318694,36.851667],[126.32375,36.848306],[126.31625,36.840806],[126.325389,36.835806],[126.325806,36.827917],[126.334556,36.825833],[126.33625,36.814139],[126.342472,36.807056],[126.347056,36.806639],[126.351694,36.792111],[126.348361,36.797056],[126.340389,36.799111],[126.334972,36.812028],[126.320833,36.819556],[126.317056,36.815028],[126.329167,36.804583],[126.313306,36.807083],[126.309583,36.814167],[126.304167,36.815417],[126.303722,36.806639],[126.295,36.808722],[126.294583,36.8025],[126.286611,36.794583],[126.284111,36.817083],[126.274972,36.812056],[126.267528,36.802028],[126.265361,36.804167],[126.266278,36.809167],[126.282528,36.823722],[126.294139,36.824556],[126.315389,36.834139],[126.313306,36.839528],[126.293722,36.843333],[126.292917,36.856639],[126.302889,36.8575],[126.303722,36.861639],[126.299556,36.865833],[126.305833,36.867056],[126.31125,36.873306],[126.313333,36.883778],[126.316639,36.88625],[126.325806,36.884556],[126.331278,36.888306],[126.33,36.892056],[126.320778,36.892056],[126.319528,36.904167],[126.310778,36.907056],[126.306222,36.911639],[126.307944,36.914944],[126.300389,36.920778],[126.308694,36.930028],[126.302083,36.945833],[126.307111,36.9475],[126.312083,36.957444],[126.3075,36.959583],[126.301611,36.957028],[126.297444,36.96375],[126.292083,36.964139],[126.303722,36.9675],[126.30625,36.975],[126.304167,36.979583],[126.299944,36.979556],[126.293333,36.971222],[126.284167,36.970389],[126.282861,36.964972],[126.279528,36.964139],[126.285389,36.96],[126.287944,36.936639],[126.292056,36.928333],[126.282861,36.910833],[126.28375,36.903361],[126.276222,36.899111],[126.277056,36.893306],[126.272889,36.890806],[126.275417,36.881639],[126.2725,36.87375],[126.268306,36.872889],[126.266639,36.877889],[126.259111,36.881222],[126.250389,36.878333],[126.250417,36.871694],[126.244139,36.866222],[126.235833,36.867056],[126.231667,36.873722],[126.217917,36.872472],[126.215361,36.875833],[126.219583,36.884194],[126.224944,36.888722],[126.233306,36.889556],[126.232889,36.894167],[126.237028,36.897472],[126.227861,36.902472],[126.238333,36.904528],[126.240833,36.910444],[126.234972,36.910417],[126.229167,36.906222],[126.219167,36.906194],[126.210833,36.900417],[126.202528,36.906222],[126.200833,36.90125],[126.197917,36.901639],[126.200389,36.898333],[126.195028,36.88875],[126.18926057,36.88860083],[126.18902588,36.88879395],[126.2918793,37.07503197],[126.39447021,37.11297607],[126.5553342,37.0618524]]]]}},{"type":"Feature","properties":{"sterm_parent":"서해남부남쪽안쪽먼바다","fcst_kor_nm":"서해남부남쪽 안쪽먼바다","zone_id":"S1232210"},"geometry":{"type":"MultiPolygon","coordinates":[[[[124.49777999,33.22896423],[124.49776989,33.22895917],[124.24845069,33.84782349],[124.16631779,34.04337576],[124.1423911,34.10034342],[124.00828386,34.43169072],[124,34.4521582],[125.90361358,34.45159553],[125.90462581,34.45159523],[125.90462913,34.45159523],[125.90463498,34.45158718],[125.90923348,34.44525808],[125.90926537,34.44520992],[125.983333,34.333333],[126.05,34.316667],[126.09500629,34.29860386],[126.11258475,34.29141154],[126.15585432,34.27370757],[126.29164657,34.21814748],[126.34448643,34.19652779],[126.34447594,34.1965222],[126.33716132,34.19262679],[126.25796805,34.15045231],[126.03378739,34.02801014],[125.38168465,33.67184708],[124.49980565,33.22997919],[124.49777999,33.22896423]]]]}},{"type":"Feature","properties":{"sterm_parent":"서해남부남쪽안쪽먼바다","fcst_kor_nm":"서해남부남쪽 안쪽먼바다","zone_id":"S1232210"},"geometry":{"type":"MultiPolygon","coordinates":[[[[124.49777999,33.22896423],[124.49776989,33.22895917],[124.24845069,33.84782349],[124.16631779,34.04337576],[124.1423911,34.10034342],[124.00828386,34.43169072],[124,34.4521582],[125.90361358,34.45159553],[125.90462581,34.45159523],[125.90462913,34.45159523],[125.90463498,34.45158718],[125.90923348,34.44525808],[125.90926537,34.44520992],[125.983333,34.333333],[126.05,34.316667],[126.09500629,34.29860386],[126.11258475,34.29141154],[126.15585432,34.27370757],[126.29164657,34.21814748],[126.34448643,34.19652779],[126.34447594,34.1965222],[126.33716132,34.19262679],[126.25796805,34.15045231],[126.03378739,34.02801014],[125.38168465,33.67184708],[124.49980565,33.22997919],[124.49777999,33.22896423]]]]}},{"type":"Feature","properties":{"sterm_parent":"서해중부바깥먼바다","fcst_kor_nm":"서해중부바깥먼바다","zone_id":"S1252020"},"geometry":{"type":"MultiPolygon","coordinates":[[[[124.99999744,35.99999603],[124.99999869,35.99999354],[124.99999582,35.99999354],[124.99999085,35.99999354],[124.89999888,35.99999797],[122.72636268,36.00009447],[122.72820062,37.99760591],[123.99994694,38.00003159],[124.99999744,35.99999603]]]]}},{"type":"Feature","properties":{"sterm_parent":"동해남부남쪽안쪽먼바다","fcst_kor_nm":"동해남부 남쪽 안쪽먼바다","zone_id":"S1132110"},"geometry":{"type":"MultiPolygon","coordinates":[[[[130.36415165,33.67882463],[130.36415107,33.67882339],[129.41666701,35.13333299],[129.48669346,35.18017277],[129.49869914,35.19529551],[129.61075825,35.33607352],[129.69640702,35.49087323],[129.70782612,35.53628711],[129.71332378,35.62089644],[129.72151789,35.65084462],[131.29083362,35.65086815],[131.10039134,35.25644758],[130.99530713,35.02195191],[130.9516658,34.92456618],[130.81717167,34.63980079],[130.64902549,34.27828243],[130.52840784,34.02475662],[130.46056253,33.88398259],[130.44516245,33.85202856],[130.36415165,33.67882463]]]]}},{"type":"Feature","properties":{"sterm_parent":"동해남부남쪽안쪽먼바다","fcst_kor_nm":"동해남부 남쪽 안쪽먼바다","zone_id":"S1132110"},"geometry":{"type":"MultiPolygon","coordinates":[[[[130.36415165,33.67882463],[130.36415107,33.67882339],[129.41666701,35.13333299],[129.48669346,35.18017277],[129.49869914,35.19529551],[129.61075825,35.33607352],[129.69640702,35.49087323],[129.70782612,35.53628711],[129.71332378,35.62089644],[129.72151789,35.65084462],[131.29083362,35.65086815],[131.10039134,35.25644758],[130.99530713,35.02195191],[130.9516658,34.92456618],[130.81717167,34.63980079],[130.64902549,34.27828243],[130.52840784,34.02475662],[130.46056253,33.88398259],[130.44516245,33.85202856],[130.36415165,33.67882463]]]]}},{"type":"Feature","properties":{"sterm_parent":"동해남부북쪽안쪽먼바다","fcst_kor_nm":"동해남부 북쪽 안쪽먼바다","zone_id":"S1132210"},"geometry":{"type":"MultiPolygon","coordinates":[[[[129.63246427,37.14666182],[131.07005903,37.14568562],[131.29086528,37.14638885],[131.29087019,37.14638886],[131.29087019,37.14638779],[131.29087018,37.1463813],[131.29086904,37.14544245],[131.28988708,36.33462292],[131.29083345,35.65087275],[129.72151789,35.65084462],[129.72741632,35.6722202],[129.74472476,35.72906772],[129.76191629,35.78025896],[129.78888179,35.8903463],[129.83553454,36.0371691],[129.81483068,36.12831416],[129.6544256,36.2678725],[129.64371518,36.28781237],[129.68994722,36.43319115],[129.69237886,36.58376345],[129.73130964,36.70509244],[129.73201723,36.74341503],[129.70690576,36.86022127],[129.67634957,36.92137241],[129.67438573,36.97172647],[129.67570148,36.99921574],[129.63246427,37.14666182]]]]}},{"type":"Feature","properties":{"sterm_parent":"동해남부북쪽안쪽먼바다","fcst_kor_nm":"동해남부 북쪽 안쪽먼바다","zone_id":"S1132210"},"geometry":{"type":"MultiPolygon","coordinates":[[[[129.63246427,37.14666182],[131.07005903,37.14568562],[131.29086528,37.14638885],[131.29087019,37.14638886],[131.29087019,37.14638779],[131.29087018,37.1463813],[131.29086904,37.14544245],[131.28988708,36.33462292],[131.29083345,35.65087275],[129.72151789,35.65084462],[129.72741632,35.6722202],[129.74472476,35.72906772],[129.76191629,35.78025896],[129.78888179,35.8903463],[129.83553454,36.0371691],[129.81483068,36.12831416],[129.6544256,36.2678725],[129.64371518,36.28781237],[129.68994722,36.43319115],[129.69237886,36.58376345],[129.73130964,36.70509244],[129.73201723,36.74341503],[129.70690576,36.86022127],[129.67634957,36.92137241],[129.67438573,36.97172647],[129.67570148,36.99921574],[129.63246427,37.14666182]]]]}},{"type":"Feature","properties":{"sterm_parent":"동해중부안쪽먼바다","fcst_kor_nm":"동해중부 안쪽먼바다","zone_id":"S1152010"},"geometry":{"type":"MultiPolygon","coordinates":[[[[130.08609975,39.00001932],[131.2908639,37.14638911],[129.63253195,37.14670569],[129.5682784,37.35591728],[129.51095479,37.42787458],[129.42297655,37.53993129],[129.37703384,37.59606862],[129.37601734,37.5973094],[129.37302658,37.60276678],[129.31314091,37.71204326],[129.21738227,37.8394908],[129.15080337,37.90326698],[129.14910382,37.904596],[129.1342922,37.91617854],[129.11279384,37.93299003],[129.07758779,37.97149174],[129.01028124,38.05488724],[128.97965076,38.09638626],[128.90212509,38.18180943],[128.87100816,38.22003576],[128.85727409,38.25725496],[128.84194277,38.29546528],[128.80532181,38.36383984],[128.78165683,38.41171261],[128.75987454,38.44623622],[128.72409696,38.4961411],[128.68186395,38.57072485],[128.67356643,38.58384582],[128.6664673,38.59937911],[128.62154883,38.67929734],[128.59879227,38.76054378],[129.01362461,38.99998667],[130.08609975,39.00001932]]]]}},{"type":"Feature","properties":{"sterm_parent":"동해남부남쪽바깥먼바다","fcst_kor_nm":"동해남부 남쪽 바깥먼바다","zone_id":"S1132120"},"geometry":{"type":"MultiPolygon","coordinates":[[[[130.434528,33.665806],[130.434611,33.660833],[130.431694,33.659556],[130.428333,33.663694],[130.420417,33.650806],[130.424194,33.64125],[130.411639,33.644556],[130.420417,33.638306],[130.409139,33.64125],[130.403778,33.635806],[130.40875,33.629972],[130.404528,33.628306],[130.403806,33.624139],[130.414583,33.618333],[130.409111,33.619611],[130.40375,33.614167],[130.406639,33.609556],[130.400806,33.612889],[130.40025792,33.6127091],[130.40004484,33.61263916],[130.37162208,33.66505353],[130.3716667,33.66506257],[130.394111,33.669611],[130.407917,33.675806],[130.402917,33.679972],[130.404167,33.682083],[130.429139,33.687917],[130.432139,33.680833],[130.425389,33.675833],[130.434528,33.665806]]],[[[132.75875,35.455],[132.753333,35.449583],[132.722528,35.447917],[132.710028,35.442056],[132.696694,35.45125],[132.684167,35.450389],[132.685,35.44375],[132.679111,35.44375],[132.676667,35.44875],[132.667472,35.442917],[132.659167,35.444583],[132.648333,35.43875],[132.641639,35.441194],[132.645389,35.434972],[132.639972,35.432917],[132.629194,35.434556],[132.622889,35.417472],[132.643306,35.415417],[132.671694,35.400389],[132.676278,35.373306],[132.662944,35.331667],[132.650389,35.310806],[132.630833,35.289583],[132.613361,35.280417],[132.588361,35.277056],[132.583278,35.272917],[132.574972,35.272917],[132.539111,35.258722],[132.529611,35.253333],[132.525,35.242083],[132.516667,35.242083],[132.505806,35.237028],[132.498361,35.227889],[132.485833,35.230389],[132.483333,35.22125],[132.468333,35.217889],[132.463389,35.20875],[132.447444,35.197889],[132.429194,35.190389],[132.418278,35.19125],[132.420417,35.184139],[132.41625,35.183306],[132.415444,35.176639],[132.41,35.17625],[132.402917,35.170833],[132.402917,35.1575],[132.395778,35.157917],[132.389972,35.147889],[132.382861,35.1475],[132.389583,35.140833],[132.389611,35.133333],[132.382528,35.127917],[132.372472,35.127056],[132.364583,35.120833],[132.363306,35.114556],[132.359139,35.115389],[132.354194,35.10875],[132.350861,35.109611],[132.341639,35.104583],[132.33875,35.097472],[132.341639,35.093722],[132.332528,35.097861],[132.325,35.091222],[132.322917,35.083333],[132.326222,35.077472],[132.317861,35.073333],[132.309139,35.058722],[132.274194,35.042083],[132.263361,35.039583],[132.254972,35.042889],[132.236639,35.03625],[132.230444,35.030833],[132.229194,35.019583],[132.225833,35.025417],[132.223361,35.024611],[132.196722,35.004583],[132.196194,35.000806],[132.186694,34.992889],[132.156639,34.977083],[132.152472,34.978722],[132.147917,34.9675],[132.141639,34.962028],[132.121639,34.952056],[132.112528,34.952917],[132.107111,34.947472],[132.105806,34.935417],[132.095028,34.935389],[132.090833,34.931222],[132.086667,34.932056],[132.085028,34.926222],[132.07375,34.918333],[132.072056,34.913333],[132.074194,34.90875],[132.077889,34.909972],[132.077583,34.905389],[132.073694,34.905806],[132.073306,34.908722],[132.065833,34.908694],[132.05875,34.902472],[132.059972,34.897917],[132.064139,34.899556],[132.070361,34.8925],[132.058722,34.884167],[132.055806,34.873722],[132.045,34.872889],[132.042917,34.88],[132.035833,34.882917],[132.034111,34.880417],[132.028361,34.88125],[132.030417,34.876667],[132.0275,34.877028],[132.025,34.872917],[132.0175,34.873694],[132.0075,34.869556],[132.007056,34.864167],[132.014583,34.86],[132.010389,34.851667],[132.005806,34.847083],[131.997472,34.84625],[131.988306,34.832056],[131.974972,34.824528],[131.969944,34.825417],[131.954944,34.819528],[131.944167,34.794556],[131.933306,34.792861],[131.93,34.78625],[131.912417,34.777056],[131.8975,34.779528],[131.892889,34.771694],[131.893778,34.766694],[131.887056,34.767472],[131.889583,34.7625],[131.886694,34.760389],[131.873333,34.762889],[131.864139,34.75875],[131.862889,34.755],[131.872889,34.744972],[131.869611,34.741667],[131.870389,34.734972],[131.855417,34.724139],[131.855444,34.719167],[131.8475,34.712028],[131.819972,34.697889],[131.745,34.677056],[131.725,34.676194],[131.719139,34.678722],[131.702528,34.67625],[131.6925,34.679556],[131.691611,34.682889],[131.674944,34.675417],[131.669167,34.679556],[131.667083,34.671639],[131.672889,34.6675],[131.668333,34.66125],[131.663722,34.661639],[131.663306,34.657917],[131.655028,34.660389],[131.654167,34.655389],[131.646694,34.655417],[131.643806,34.649139],[131.649583,34.646667],[131.645806,34.642917],[131.639583,34.648306],[131.643694,34.6575],[131.634972,34.666222],[131.616667,34.667917],[131.604194,34.665389],[131.59875,34.66],[131.597083,34.651639],[131.589611,34.648361],[131.592861,34.639972],[131.587917,34.635],[131.591667,34.630389],[131.594611,34.630778],[131.594972,34.634556],[131.597528,34.629583],[131.6025,34.63125],[131.599556,34.628278],[131.601278,34.625833],[131.588361,34.623694],[131.574944,34.627889],[131.578333,34.622889],[131.565833,34.623722],[131.556639,34.617917],[131.555417,34.602472],[131.549528,34.595861],[131.552056,34.5875],[131.548778,34.579139],[131.537056,34.57],[131.533333,34.562861],[131.513361,34.555389],[131.502889,34.538306],[131.496667,34.534556],[131.4725,34.535389],[131.465778,34.540389],[131.460389,34.530806],[131.453722,34.527528],[131.454583,34.523306],[131.447917,34.514972],[131.452472,34.515417],[131.449583,34.509167],[131.456639,34.508722],[131.457056,34.5025],[131.462889,34.500833],[131.458722,34.487444],[131.454139,34.484583],[131.4475,34.487917],[131.441722,34.487056],[131.439611,34.484167],[131.44375,34.479167],[131.442083,34.474972],[131.437472,34.472889],[131.4325,34.475389],[131.432861,34.469139],[131.420833,34.457056],[131.415,34.456222],[131.412444,34.451222],[131.411639,34.454556],[131.406667,34.454611],[131.4,34.462056],[131.394583,34.46],[131.395806,34.449556],[131.405889,34.445389],[131.410028,34.44875],[131.412944,34.443306],[131.410444,34.440833],[131.416194,34.44],[131.407861,34.435861],[131.410806,34.42875],[131.399139,34.430417],[131.397944,34.424944],[131.390806,34.419583],[131.386694,34.419556],[131.384944,34.424583],[131.376667,34.425361],[131.375861,34.417944],[131.357472,34.413722],[131.351611,34.413778],[131.347444,34.420389],[131.339972,34.417889],[131.335806,34.421222],[131.327917,34.411639],[131.325444,34.396639],[131.310833,34.389528],[131.306639,34.390417],[131.305806,34.385389],[131.295,34.387083],[131.291639,34.384556],[131.290778,34.387111],[131.280889,34.387917],[131.279167,34.391278],[131.270833,34.392917],[131.263306,34.387083],[131.255806,34.39125],[131.255389,34.385806],[131.249111,34.382889],[131.235028,34.392889],[131.229194,34.392083],[131.225833,34.39625],[131.221194,34.388333],[131.223778,34.375806],[131.214167,34.374611],[131.207917,34.376667],[131.20875,34.383333],[131.201194,34.396639],[131.196611,34.398722],[131.180778,34.379556],[131.175056,34.380389],[131.166694,34.375389],[131.15,34.379583],[131.135444,34.393333],[131.137944,34.402472],[131.129194,34.421222],[131.124139,34.413694],[131.112528,34.412056],[131.1,34.420417],[131.086611,34.421222],[131.076694,34.425389],[131.070806,34.425361],[131.067444,34.420389],[131.062444,34.424528],[131.045861,34.412917],[131.012444,34.414556],[131.005472,34.419139],[131.001639,34.430361],[130.972472,34.444583],[130.972083,34.433306],[130.969167,34.430361],[130.960833,34.43125],[130.958778,34.429167],[130.956278,34.424167],[130.957889,34.414972],[130.947472,34.406222],[130.9375,34.405417],[130.933722,34.394139],[130.945806,34.388722],[130.953333,34.388722],[130.957083,34.400806],[130.952083,34.403333],[130.958333,34.407889],[130.970833,34.408694],[130.970389,34.405806],[130.977444,34.400417],[131.000861,34.400417],[131.003333,34.397861],[131.014944,34.406222],[131.019556,34.394167],[131.029194,34.389556],[131.037056,34.378306],[131.034583,34.374167],[131.028389,34.372028],[131.024111,34.374556],[130.999139,34.374583],[130.979167,34.36625],[130.968389,34.366278],[130.9625,34.360389],[130.952444,34.359528],[130.9475,34.354583],[130.944111,34.357083],[130.934111,34.354556],[130.928306,34.344583],[130.922472,34.356222],[130.915,34.354583],[130.906639,34.366222],[130.9,34.364583],[130.901222,34.354944],[130.889528,34.346667],[130.892056,34.325778],[130.89625,34.326639],[130.891306,34.322472],[130.895444,34.32],[130.889556,34.319111],[130.892917,34.3125],[130.885444,34.313278],[130.883333,34.297917],[130.87,34.297083],[130.866278,34.291667],[130.868333,34.287111],[130.893806,34.267472],[130.901667,34.253722],[130.920417,34.239972],[130.922889,34.229111],[130.917083,34.215806],[130.926694,34.213722],[130.929556,34.209139],[130.930389,34.185833],[130.924583,34.181667],[130.927083,34.176667],[130.920417,34.165833],[130.915806,34.162056],[130.907528,34.161222],[130.904194,34.157083],[130.897083,34.156639],[130.89875,34.150833],[130.904611,34.147472],[130.897528,34.139556],[130.887444,34.13875],[130.885861,34.144611],[130.880833,34.144556],[130.878333,34.140417],[130.869167,34.140389],[130.865417,34.116639],[130.862056,34.114167],[130.862917,34.106639],[130.873722,34.100806],[130.872889,34.090806],[130.880444,34.088361],[130.877083,34.082444],[130.887944,34.073333],[130.889972,34.067083],[130.896694,34.07125],[130.899972,34.069556],[130.908778,34.060833],[130.912083,34.051667],[130.912083,34.043306],[130.903722,34.028333],[130.910833,34.025417],[130.917083,34.017472],[130.90875,33.991667],[130.910389,33.985],[130.916278,33.980806],[130.912056,33.963333],[130.904583,33.954972],[130.908694,33.9525],[130.904167,33.952917],[130.897528,33.944556],[130.884972,33.951222],[130.875389,33.946667],[130.884194,33.939556],[130.897139,33.935],[130.9,33.921222],[130.909583,33.924167],[130.899583,33.919167],[130.905,33.912889],[130.915,33.91125],[130.925417,33.916639],[130.927917,33.93],[130.923778,33.9375],[130.929583,33.940861],[130.924139,33.950389],[130.940833,33.952056],[130.980833,33.98125],[130.991639,33.985389],[130.997083,33.990833],[130.994972,33.996194],[131.00625,34],[131.001222,34.011667],[131.004944,34.011194],[131.00875,34.014972],[131.007056,34.019167],[131.010833,34.024556],[131.010444,34.018333],[131.016639,34.014556],[131.024556,34.024167],[131.016222,34.031639],[131.033694,34.040778],[131.028722,34.049111],[131.033694,34.05],[131.039972,34.063694],[131.050028,34.042917],[131.0675,34.039528],[131.071694,34.04125],[131.079139,34.03625],[131.081639,34.040389],[131.0975,34.037083],[131.126639,33.99875],[131.1325,33.996222],[131.140778,33.997861],[131.155889,33.990389],[131.171667,33.99625],[131.161167,33.989139],[131.161222,33.984972],[131.166694,33.980417],[131.164556,33.986639],[131.168333,33.989611],[131.167056,33.979139],[131.175417,33.975778],[131.173306,33.97125],[131.162944,33.970806],[131.167944,33.965778],[131.157917,33.9575],[131.180806,33.931194],[131.183778,33.931667],[131.185,33.939556],[131.190806,33.939556],[131.196694,33.94375],[131.211667,33.944556],[131.212917,33.959139],[131.202917,33.961667],[131.215,33.960417],[131.216639,33.969556],[131.220361,33.968278],[131.21875,33.950806],[131.227917,33.948333],[131.225361,33.943278],[131.228306,33.937917],[131.237028,33.943306],[131.239167,33.951222],[131.246222,33.945833],[131.247111,33.941639],[131.236639,33.938722],[131.233278,33.93125],[131.246694,33.934611],[131.254139,33.927944],[131.262556,33.925389],[131.279194,33.932056],[131.276639,33.937083],[131.300806,33.942083],[131.314139,33.954528],[131.334194,33.95375],[131.346667,33.965417],[131.357028,33.968306],[131.353694,33.971639],[131.355444,33.974139],[131.35125,33.974944],[131.350444,33.984139],[131.353333,33.987917],[131.361639,33.987917],[131.364194,33.995444],[131.369611,33.996639],[131.370361,34.001667],[131.379556,34.011667],[131.38375,34.025],[131.36625,34.030833],[131.371694,34.029583],[131.38,34.033722],[131.38625,34.033306],[131.38375,34.037472],[131.386222,34.050028],[131.377917,34.053333],[131.395028,34.05375],[131.399139,34.07125],[131.399556,34.054972],[131.395444,34.044972],[131.41,34.047028],[131.412528,34.057917],[131.413778,34.051667],[131.4125,34.047111],[131.395806,34.04125],[131.392056,34.029972],[131.407528,34.024583],[131.410833,34.027028],[131.41375,34.023306],[131.404583,34.014972],[131.402139,34.003333],[131.397056,33.998278],[131.397889,33.986639],[131.401667,33.98625],[131.402917,33.994167],[131.411222,33.998306],[131.411167,34.008306],[131.417944,34.013333],[131.416278,34.015833],[131.425,34.017028],[131.43125,34.009972],[131.43125,33.999167],[131.426278,33.9925],[131.429194,33.989583],[131.435861,33.991222],[131.441722,33.984528],[131.446222,33.984944],[131.445361,33.993333],[131.448361,33.99625],[131.455,33.997083],[131.460778,33.988722],[131.464194,33.988722],[131.467111,33.993306],[131.457944,34.001667],[131.455833,34.009556],[131.4625,34.00625],[131.471667,34.012889],[131.479583,34.013306],[131.478333,34.019583],[131.469972,34.021222],[131.466222,34.0275],[131.468722,34.034139],[131.473333,34.037889],[131.483278,34.029556],[131.492056,34.035778],[131.499111,34.046222],[131.499972,34.040361],[131.511194,34.043306],[131.493333,34.034556],[131.491222,34.029167],[131.4975,34.026222],[131.505806,34.027889],[131.513694,34.018333],[131.507861,34.006667],[131.517556,34.005389],[131.524139,34.008722],[131.535,33.997917],[131.538333,33.999583],[131.546667,33.997056],[131.543333,34.00875],[131.552528,34.009583],[131.555,34.006278],[131.559167,34.007889],[131.560861,34.014556],[131.571722,34.017083],[131.585389,34.026639],[131.587889,34.036667],[131.584528,34.039139],[131.590833,34.04875],[131.59875,34.043306],[131.602083,34.037444],[131.600444,34.03],[131.609167,34.022889],[131.620806,34.037917],[131.635861,34.047028],[131.642528,34.047917],[131.646278,34.043333],[131.644167,34.039583],[131.6575,34.039528],[131.668278,34.045417],[131.675778,34.043722],[131.679111,34.055361],[131.689972,34.055417],[131.6875,34.048722],[131.693333,34.050361],[131.697444,34.047861],[131.698722,34.055806],[131.703333,34.057889],[131.706667,34.054556],[131.709167,34.062056],[131.714972,34.062083],[131.720833,34.057889],[131.729194,34.063722],[131.735806,34.062083],[131.741639,34.070417],[131.746667,34.070361],[131.756194,34.065806],[131.747111,34.064167],[131.747111,34.058333],[131.749944,34.057083],[131.76,34.059583],[131.760806,34.057056],[131.764167,34.05875],[131.764944,34.05375],[131.770778,34.052944],[131.771611,34.057056],[131.779139,34.05625],[131.780861,34.06125],[131.781667,34.055389],[131.795417,34.056667],[131.792028,34.053306],[131.797056,34.049139],[131.784944,34.044556],[131.781278,34.039139],[131.780389,34.035778],[131.784944,34.032083],[131.801639,34.044556],[131.818333,34.035361],[131.823306,34.036222],[131.825444,34.030806],[131.824167,34.023722],[131.817528,34.022917],[131.810861,34.017917],[131.804167,34.017889],[131.793278,34.007083],[131.790417,34.000806],[131.782861,33.995833],[131.78875,33.989167],[131.773306,33.985389],[131.773333,33.977889],[131.777472,33.977917],[131.779139,33.974556],[131.798306,33.977056],[131.810778,33.967889],[131.818306,33.969556],[131.823722,33.976639],[131.822444,33.979583],[131.8175,33.977861],[131.814139,33.983722],[131.805,33.982917],[131.797889,33.986667],[131.816639,33.991222],[131.827444,33.997917],[131.832556,34.011222],[131.8375,34.012083],[131.841667,34.008722],[131.843333,34.012861],[131.851611,34.012917],[131.867944,34.003306],[131.869611,33.995833],[131.863778,33.989972],[131.873361,33.990417],[131.881694,33.978722],[131.892444,33.981222],[131.89619731,33.97777512],[131.59914107,33.68703922],[131.594111,33.687028],[131.584139,33.692917],[131.572889,33.686611],[131.573306,33.673722],[131.564944,33.673722],[131.566278,33.679139],[131.561611,33.686222],[131.555806,33.686222],[131.555,33.682056],[131.549167,33.682083],[131.544139,33.677889],[131.535833,33.679611],[131.535,33.677028],[131.530861,33.682111],[131.522528,33.683694],[131.5275,33.672056],[131.521639,33.675417],[131.514972,33.669556],[131.506667,33.674583],[131.497861,33.669944],[131.497111,33.661667],[131.504556,33.656639],[131.4945,33.653306],[131.495861,33.644583],[131.486694,33.647917],[131.480417,33.643333],[131.483694,33.636694],[131.475417,33.630833],[131.470833,33.612028],[131.46,33.620389],[131.423694,33.591667],[131.424583,33.580833],[131.434583,33.570861],[131.435833,33.564528],[131.429972,33.567917],[131.417472,33.56375],[131.415417,33.563333],[131.428306,33.567889],[131.427917,33.570806],[131.418306,33.574611],[131.406639,33.572889],[131.396611,33.577083],[131.371694,33.577917],[131.371222,33.56],[131.350833,33.527861],[131.354583,33.54],[131.369556,33.559972],[131.369639,33.569139],[131.364139,33.577889],[131.350806,33.572861],[131.340861,33.572889],[131.334167,33.582056],[131.326667,33.581222],[131.320778,33.584556],[131.319222,33.582056],[131.2925,33.58125],[131.289167,33.578722],[131.277472,33.582083],[131.272528,33.587056],[131.265806,33.581278],[131.268806,33.5925],[131.248361,33.606222],[131.245,33.605417],[131.245806,33.612028],[131.235833,33.601222],[131.216639,33.605417],[131.210028,33.61625],[131.197444,33.617889],[131.189139,33.60875],[131.179167,33.60625],[131.184639,33.615833],[131.181639,33.620417],[131.169972,33.619583],[131.168361,33.614556],[131.153389,33.622889],[131.140778,33.626278],[131.135,33.624528],[131.129139,33.631222],[131.126194,33.629167],[131.129111,33.625389],[131.115806,33.62625],[131.114139,33.617917],[131.112528,33.625389],[131.10625,33.624972],[131.106667,33.618722],[131.099972,33.619583],[131.088278,33.637083],[131.075444,33.637528],[131.075833,33.640444],[131.083306,33.637917],[131.08375,33.641667],[131.071222,33.659111],[131.067083,33.66],[131.065417,33.669111],[131.052917,33.684972],[131.056222,33.689944],[131.040444,33.691639],[131.027028,33.714139],[131.022889,33.73],[131.020028,33.732917],[131.013694,33.7325],[131.020417,33.745],[131.017889,33.750806],[131.010833,33.751278],[131.012111,33.746667],[131.003333,33.740389],[131.007861,33.7475],[130.99875,33.748333],[131.005472,33.752444],[131.002083,33.756639],[131.00625,33.76],[130.994528,33.773306],[131.002056,33.788361],[130.998722,33.790806],[130.999639,33.796639],[130.994167,33.796222],[130.990444,33.789111],[130.98625,33.787472],[130.987917,33.795806],[130.999583,33.803333],[130.997111,33.809111],[130.983306,33.809556],[130.979194,33.812889],[130.967472,33.810389],[130.957944,33.828278],[130.960833,33.837861],[130.975833,33.833722],[130.978722,33.836667],[130.977056,33.842472],[130.983333,33.842889],[130.987917,33.849167],[130.985028,33.859583],[130.990028,33.852917],[130.99375,33.852444],[130.997083,33.869972],[130.985028,33.87125],[130.979528,33.869167],[130.985417,33.874167],[130.986333,33.888306],[130.990444,33.889944],[130.988778,33.899139],[130.996667,33.906222],[131.001611,33.902083],[131.008333,33.902889],[131.005389,33.909167],[131.007056,33.914194],[131.017889,33.919167],[131.007056,33.925806],[131.012083,33.929972],[131.010444,33.935833],[131.015056,33.94125],[131.024583,33.941667],[131.020389,33.950833],[131.026222,33.958361],[131.003306,33.964556],[130.995889,33.962861],[130.990028,33.957056],[130.987083,33.957444],[130.990833,33.962083],[130.976611,33.960361],[130.975,33.957889],[130.971639,33.962056],[130.963278,33.962889],[130.960417,33.96],[130.962889,33.954972],[130.960444,33.946667],[130.94375,33.937472],[130.939611,33.923333],[130.930361,33.908306],[130.914194,33.89625],[130.894111,33.892889],[130.890806,33.888722],[130.889972,33.894556],[130.87875,33.890778],[130.887083,33.897472],[130.885806,33.902083],[130.874167,33.897028],[130.867083,33.899944],[130.871667,33.899556],[130.88375,33.905833],[130.870806,33.917083],[130.854194,33.909611],[130.854194,33.905417],[130.849583,33.906639],[130.85,33.910417],[130.869639,33.9175],[130.864111,33.92125],[130.850833,33.917028],[130.850833,33.920417],[130.862056,33.924139],[130.8575,33.929583],[130.828306,33.923722],[130.829139,33.92125],[130.835444,33.922472],[130.822472,33.917056],[130.822944,33.906639],[130.819556,33.906611],[130.814972,33.897083],[130.804583,33.892472],[130.807944,33.879139],[130.801639,33.874583],[130.796278,33.875028],[130.804556,33.881639],[130.802528,33.892111],[130.792472,33.882056],[130.791694,33.885389],[130.784944,33.883778],[130.781611,33.877917],[130.780861,33.882917],[130.772528,33.876222],[130.771639,33.880417],[130.754139,33.874583],[130.748361,33.875417],[130.744611,33.886639],[130.7525,33.877889],[130.755806,33.877889],[130.783778,33.885833],[130.7825,33.887917],[130.765417,33.886639],[130.770806,33.889583],[130.800056,33.891222],[130.815472,33.903306],[130.816306,33.914111],[130.807472,33.912861],[130.807889,33.916639],[130.820056,33.91625],[130.824611,33.929972],[130.799583,33.933306],[130.827444,33.932111],[130.848333,33.937056],[130.840833,33.94875],[130.816722,33.942056],[130.805,33.947083],[130.797083,33.944111],[130.794194,33.931222],[130.782472,33.93625],[130.775806,33.926222],[130.756722,33.921222],[130.746667,33.924583],[130.746639,33.930417],[130.7325,33.927861],[130.7275,33.935444],[130.714194,33.939583],[130.698306,33.939556],[130.690833,33.936222],[130.684139,33.937917],[130.684528,33.926639],[130.667472,33.915361],[130.659111,33.916222],[130.665444,33.911667],[130.664111,33.908694],[130.65625,33.909944],[130.669194,33.895417],[130.678278,33.895389],[130.681222,33.8925],[130.680833,33.867889],[130.675361,33.89],[130.663306,33.89875],[130.633333,33.885417],[130.598333,33.877917],[130.574194,33.879583],[130.56625,33.885833],[130.565,33.891222],[130.555889,33.892083],[130.54,33.887944],[130.525,33.890417],[130.530389,33.880833],[130.52,33.862056],[130.502528,33.85375],[130.501639,33.850444],[130.499972,33.853722],[130.484167,33.85375],[130.477917,33.858333],[130.482056,33.849139],[130.481222,33.840778],[130.469111,33.814583],[130.460028,33.81125],[130.452472,33.812083],[130.449167,33.817917],[130.444583,33.815778],[130.45125,33.805],[130.44625,33.796639],[130.447889,33.786667],[130.450861,33.785417],[130.457944,33.789972],[130.459583,33.803306],[130.472083,33.8075],[130.462139,33.801667],[130.458778,33.789167],[130.467111,33.784139],[130.47125,33.774194],[130.467944,33.757444],[130.46125,33.741667],[130.444972,33.724556],[130.430833,33.71625],[130.421667,33.720361],[130.415444,33.703306],[130.407472,33.694583],[130.383278,33.677917],[130.36784403,33.67206226],[130.36782531,33.67205516],[130.36464076,33.67792779],[130.36415553,33.67882259],[130.46056253,33.88398259],[130.99530713,35.02195191],[131.29084488,35.65087439],[131.38323938,35.65086724],[132.80284445,35.65075735],[132.80283831,35.65072173],[132.77367768,35.48151963],[132.754972,35.47875],[132.7425,35.471222],[132.726611,35.471222],[132.731694,35.466222],[132.756694,35.457083],[132.75875,35.455]]]]}},{"type":"Feature","properties":{"sterm_parent":"동해남부남쪽바깥먼바다","fcst_kor_nm":"동해남부 남쪽 바깥먼바다","zone_id":"S1132120"},"geometry":{"type":"MultiPolygon","coordinates":[[[[130.434528,33.665806],[130.434611,33.660833],[130.431694,33.659556],[130.428333,33.663694],[130.420417,33.650806],[130.424194,33.64125],[130.411639,33.644556],[130.420417,33.638306],[130.409139,33.64125],[130.403778,33.635806],[130.40875,33.629972],[130.404528,33.628306],[130.403806,33.624139],[130.414583,33.618333],[130.409111,33.619611],[130.40375,33.614167],[130.406639,33.609556],[130.400806,33.612889],[130.40025792,33.6127091],[130.40004484,33.61263916],[130.37162208,33.66505353],[130.3716667,33.66506257],[130.394111,33.669611],[130.407917,33.675806],[130.402917,33.679972],[130.404167,33.682083],[130.429139,33.687917],[130.432139,33.680833],[130.425389,33.675833],[130.434528,33.665806]]],[[[132.75875,35.455],[132.753333,35.449583],[132.722528,35.447917],[132.710028,35.442056],[132.696694,35.45125],[132.684167,35.450389],[132.685,35.44375],[132.679111,35.44375],[132.676667,35.44875],[132.667472,35.442917],[132.659167,35.444583],[132.648333,35.43875],[132.641639,35.441194],[132.645389,35.434972],[132.639972,35.432917],[132.629194,35.434556],[132.622889,35.417472],[132.643306,35.415417],[132.671694,35.400389],[132.676278,35.373306],[132.662944,35.331667],[132.650389,35.310806],[132.630833,35.289583],[132.613361,35.280417],[132.588361,35.277056],[132.583278,35.272917],[132.574972,35.272917],[132.539111,35.258722],[132.529611,35.253333],[132.525,35.242083],[132.516667,35.242083],[132.505806,35.237028],[132.498361,35.227889],[132.485833,35.230389],[132.483333,35.22125],[132.468333,35.217889],[132.463389,35.20875],[132.447444,35.197889],[132.429194,35.190389],[132.418278,35.19125],[132.420417,35.184139],[132.41625,35.183306],[132.415444,35.176639],[132.41,35.17625],[132.402917,35.170833],[132.402917,35.1575],[132.395778,35.157917],[132.389972,35.147889],[132.382861,35.1475],[132.389583,35.140833],[132.389611,35.133333],[132.382528,35.127917],[132.372472,35.127056],[132.364583,35.120833],[132.363306,35.114556],[132.359139,35.115389],[132.354194,35.10875],[132.350861,35.109611],[132.341639,35.104583],[132.33875,35.097472],[132.341639,35.093722],[132.332528,35.097861],[132.325,35.091222],[132.322917,35.083333],[132.326222,35.077472],[132.317861,35.073333],[132.309139,35.058722],[132.274194,35.042083],[132.263361,35.039583],[132.254972,35.042889],[132.236639,35.03625],[132.230444,35.030833],[132.229194,35.019583],[132.225833,35.025417],[132.223361,35.024611],[132.196722,35.004583],[132.196194,35.000806],[132.186694,34.992889],[132.156639,34.977083],[132.152472,34.978722],[132.147917,34.9675],[132.141639,34.962028],[132.121639,34.952056],[132.112528,34.952917],[132.107111,34.947472],[132.105806,34.935417],[132.095028,34.935389],[132.090833,34.931222],[132.086667,34.932056],[132.085028,34.926222],[132.07375,34.918333],[132.072056,34.913333],[132.074194,34.90875],[132.077889,34.909972],[132.077583,34.905389],[132.073694,34.905806],[132.073306,34.908722],[132.065833,34.908694],[132.05875,34.902472],[132.059972,34.897917],[132.064139,34.899556],[132.070361,34.8925],[132.058722,34.884167],[132.055806,34.873722],[132.045,34.872889],[132.042917,34.88],[132.035833,34.882917],[132.034111,34.880417],[132.028361,34.88125],[132.030417,34.876667],[132.0275,34.877028],[132.025,34.872917],[132.0175,34.873694],[132.0075,34.869556],[132.007056,34.864167],[132.014583,34.86],[132.010389,34.851667],[132.005806,34.847083],[131.997472,34.84625],[131.988306,34.832056],[131.974972,34.824528],[131.969944,34.825417],[131.954944,34.819528],[131.944167,34.794556],[131.933306,34.792861],[131.93,34.78625],[131.912417,34.777056],[131.8975,34.779528],[131.892889,34.771694],[131.893778,34.766694],[131.887056,34.767472],[131.889583,34.7625],[131.886694,34.760389],[131.873333,34.762889],[131.864139,34.75875],[131.862889,34.755],[131.872889,34.744972],[131.869611,34.741667],[131.870389,34.734972],[131.855417,34.724139],[131.855444,34.719167],[131.8475,34.712028],[131.819972,34.697889],[131.745,34.677056],[131.725,34.676194],[131.719139,34.678722],[131.702528,34.67625],[131.6925,34.679556],[131.691611,34.682889],[131.674944,34.675417],[131.669167,34.679556],[131.667083,34.671639],[131.672889,34.6675],[131.668333,34.66125],[131.663722,34.661639],[131.663306,34.657917],[131.655028,34.660389],[131.654167,34.655389],[131.646694,34.655417],[131.643806,34.649139],[131.649583,34.646667],[131.645806,34.642917],[131.639583,34.648306],[131.643694,34.6575],[131.634972,34.666222],[131.616667,34.667917],[131.604194,34.665389],[131.59875,34.66],[131.597083,34.651639],[131.589611,34.648361],[131.592861,34.639972],[131.587917,34.635],[131.591667,34.630389],[131.594611,34.630778],[131.594972,34.634556],[131.597528,34.629583],[131.6025,34.63125],[131.599556,34.628278],[131.601278,34.625833],[131.588361,34.623694],[131.574944,34.627889],[131.578333,34.622889],[131.565833,34.623722],[131.556639,34.617917],[131.555417,34.602472],[131.549528,34.595861],[131.552056,34.5875],[131.548778,34.579139],[131.537056,34.57],[131.533333,34.562861],[131.513361,34.555389],[131.502889,34.538306],[131.496667,34.534556],[131.4725,34.535389],[131.465778,34.540389],[131.460389,34.530806],[131.453722,34.527528],[131.454583,34.523306],[131.447917,34.514972],[131.452472,34.515417],[131.449583,34.509167],[131.456639,34.508722],[131.457056,34.5025],[131.462889,34.500833],[131.458722,34.487444],[131.454139,34.484583],[131.4475,34.487917],[131.441722,34.487056],[131.439611,34.484167],[131.44375,34.479167],[131.442083,34.474972],[131.437472,34.472889],[131.4325,34.475389],[131.432861,34.469139],[131.420833,34.457056],[131.415,34.456222],[131.412444,34.451222],[131.411639,34.454556],[131.406667,34.454611],[131.4,34.462056],[131.394583,34.46],[131.395806,34.449556],[131.405889,34.445389],[131.410028,34.44875],[131.412944,34.443306],[131.410444,34.440833],[131.416194,34.44],[131.407861,34.435861],[131.410806,34.42875],[131.399139,34.430417],[131.397944,34.424944],[131.390806,34.419583],[131.386694,34.419556],[131.384944,34.424583],[131.376667,34.425361],[131.375861,34.417944],[131.357472,34.413722],[131.351611,34.413778],[131.347444,34.420389],[131.339972,34.417889],[131.335806,34.421222],[131.327917,34.411639],[131.325444,34.396639],[131.310833,34.389528],[131.306639,34.390417],[131.305806,34.385389],[131.295,34.387083],[131.291639,34.384556],[131.290778,34.387111],[131.280889,34.387917],[131.279167,34.391278],[131.270833,34.392917],[131.263306,34.387083],[131.255806,34.39125],[131.255389,34.385806],[131.249111,34.382889],[131.235028,34.392889],[131.229194,34.392083],[131.225833,34.39625],[131.221194,34.388333],[131.223778,34.375806],[131.214167,34.374611],[131.207917,34.376667],[131.20875,34.383333],[131.201194,34.396639],[131.196611,34.398722],[131.180778,34.379556],[131.175056,34.380389],[131.166694,34.375389],[131.15,34.379583],[131.135444,34.393333],[131.137944,34.402472],[131.129194,34.421222],[131.124139,34.413694],[131.112528,34.412056],[131.1,34.420417],[131.086611,34.421222],[131.076694,34.425389],[131.070806,34.425361],[131.067444,34.420389],[131.062444,34.424528],[131.045861,34.412917],[131.012444,34.414556],[131.005472,34.419139],[131.001639,34.430361],[130.972472,34.444583],[130.972083,34.433306],[130.969167,34.430361],[130.960833,34.43125],[130.958778,34.429167],[130.956278,34.424167],[130.957889,34.414972],[130.947472,34.406222],[130.9375,34.405417],[130.933722,34.394139],[130.945806,34.388722],[130.953333,34.388722],[130.957083,34.400806],[130.952083,34.403333],[130.958333,34.407889],[130.970833,34.408694],[130.970389,34.405806],[130.977444,34.400417],[131.000861,34.400417],[131.003333,34.397861],[131.014944,34.406222],[131.019556,34.394167],[131.029194,34.389556],[131.037056,34.378306],[131.034583,34.374167],[131.028389,34.372028],[131.024111,34.374556],[130.999139,34.374583],[130.979167,34.36625],[130.968389,34.366278],[130.9625,34.360389],[130.952444,34.359528],[130.9475,34.354583],[130.944111,34.357083],[130.934111,34.354556],[130.928306,34.344583],[130.922472,34.356222],[130.915,34.354583],[130.906639,34.366222],[130.9,34.364583],[130.901222,34.354944],[130.889528,34.346667],[130.892056,34.325778],[130.89625,34.326639],[130.891306,34.322472],[130.895444,34.32],[130.889556,34.319111],[130.892917,34.3125],[130.885444,34.313278],[130.883333,34.297917],[130.87,34.297083],[130.866278,34.291667],[130.868333,34.287111],[130.893806,34.267472],[130.901667,34.253722],[130.920417,34.239972],[130.922889,34.229111],[130.917083,34.215806],[130.926694,34.213722],[130.929556,34.209139],[130.930389,34.185833],[130.924583,34.181667],[130.927083,34.176667],[130.920417,34.165833],[130.915806,34.162056],[130.907528,34.161222],[130.904194,34.157083],[130.897083,34.156639],[130.89875,34.150833],[130.904611,34.147472],[130.897528,34.139556],[130.887444,34.13875],[130.885861,34.144611],[130.880833,34.144556],[130.878333,34.140417],[130.869167,34.140389],[130.865417,34.116639],[130.862056,34.114167],[130.862917,34.106639],[130.873722,34.100806],[130.872889,34.090806],[130.880444,34.088361],[130.877083,34.082444],[130.887944,34.073333],[130.889972,34.067083],[130.896694,34.07125],[130.899972,34.069556],[130.908778,34.060833],[130.912083,34.051667],[130.912083,34.043306],[130.903722,34.028333],[130.910833,34.025417],[130.917083,34.017472],[130.90875,33.991667],[130.910389,33.985],[130.916278,33.980806],[130.912056,33.963333],[130.904583,33.954972],[130.908694,33.9525],[130.904167,33.952917],[130.897528,33.944556],[130.884972,33.951222],[130.875389,33.946667],[130.884194,33.939556],[130.897139,33.935],[130.9,33.921222],[130.909583,33.924167],[130.899583,33.919167],[130.905,33.912889],[130.915,33.91125],[130.925417,33.916639],[130.927917,33.93],[130.923778,33.9375],[130.929583,33.940861],[130.924139,33.950389],[130.940833,33.952056],[130.980833,33.98125],[130.991639,33.985389],[130.997083,33.990833],[130.994972,33.996194],[131.00625,34],[131.001222,34.011667],[131.004944,34.011194],[131.00875,34.014972],[131.007056,34.019167],[131.010833,34.024556],[131.010444,34.018333],[131.016639,34.014556],[131.024556,34.024167],[131.016222,34.031639],[131.033694,34.040778],[131.028722,34.049111],[131.033694,34.05],[131.039972,34.063694],[131.050028,34.042917],[131.0675,34.039528],[131.071694,34.04125],[131.079139,34.03625],[131.081639,34.040389],[131.0975,34.037083],[131.126639,33.99875],[131.1325,33.996222],[131.140778,33.997861],[131.155889,33.990389],[131.171667,33.99625],[131.161167,33.989139],[131.161222,33.984972],[131.166694,33.980417],[131.164556,33.986639],[131.168333,33.989611],[131.167056,33.979139],[131.175417,33.975778],[131.173306,33.97125],[131.162944,33.970806],[131.167944,33.965778],[131.157917,33.9575],[131.180806,33.931194],[131.183778,33.931667],[131.185,33.939556],[131.190806,33.939556],[131.196694,33.94375],[131.211667,33.944556],[131.212917,33.959139],[131.202917,33.961667],[131.215,33.960417],[131.216639,33.969556],[131.220361,33.968278],[131.21875,33.950806],[131.227917,33.948333],[131.225361,33.943278],[131.228306,33.937917],[131.237028,33.943306],[131.239167,33.951222],[131.246222,33.945833],[131.247111,33.941639],[131.236639,33.938722],[131.233278,33.93125],[131.246694,33.934611],[131.254139,33.927944],[131.262556,33.925389],[131.279194,33.932056],[131.276639,33.937083],[131.300806,33.942083],[131.314139,33.954528],[131.334194,33.95375],[131.346667,33.965417],[131.357028,33.968306],[131.353694,33.971639],[131.355444,33.974139],[131.35125,33.974944],[131.350444,33.984139],[131.353333,33.987917],[131.361639,33.987917],[131.364194,33.995444],[131.369611,33.996639],[131.370361,34.001667],[131.379556,34.011667],[131.38375,34.025],[131.36625,34.030833],[131.371694,34.029583],[131.38,34.033722],[131.38625,34.033306],[131.38375,34.037472],[131.386222,34.050028],[131.377917,34.053333],[131.395028,34.05375],[131.399139,34.07125],[131.399556,34.054972],[131.395444,34.044972],[131.41,34.047028],[131.412528,34.057917],[131.413778,34.051667],[131.4125,34.047111],[131.395806,34.04125],[131.392056,34.029972],[131.407528,34.024583],[131.410833,34.027028],[131.41375,34.023306],[131.404583,34.014972],[131.402139,34.003333],[131.397056,33.998278],[131.397889,33.986639],[131.401667,33.98625],[131.402917,33.994167],[131.411222,33.998306],[131.411167,34.008306],[131.417944,34.013333],[131.416278,34.015833],[131.425,34.017028],[131.43125,34.009972],[131.43125,33.999167],[131.426278,33.9925],[131.429194,33.989583],[131.435861,33.991222],[131.441722,33.984528],[131.446222,33.984944],[131.445361,33.993333],[131.448361,33.99625],[131.455,33.997083],[131.460778,33.988722],[131.464194,33.988722],[131.467111,33.993306],[131.457944,34.001667],[131.455833,34.009556],[131.4625,34.00625],[131.471667,34.012889],[131.479583,34.013306],[131.478333,34.019583],[131.469972,34.021222],[131.466222,34.0275],[131.468722,34.034139],[131.473333,34.037889],[131.483278,34.029556],[131.492056,34.035778],[131.499111,34.046222],[131.499972,34.040361],[131.511194,34.043306],[131.493333,34.034556],[131.491222,34.029167],[131.4975,34.026222],[131.505806,34.027889],[131.513694,34.018333],[131.507861,34.006667],[131.517556,34.005389],[131.524139,34.008722],[131.535,33.997917],[131.538333,33.999583],[131.546667,33.997056],[131.543333,34.00875],[131.552528,34.009583],[131.555,34.006278],[131.559167,34.007889],[131.560861,34.014556],[131.571722,34.017083],[131.585389,34.026639],[131.587889,34.036667],[131.584528,34.039139],[131.590833,34.04875],[131.59875,34.043306],[131.602083,34.037444],[131.600444,34.03],[131.609167,34.022889],[131.620806,34.037917],[131.635861,34.047028],[131.642528,34.047917],[131.646278,34.043333],[131.644167,34.039583],[131.6575,34.039528],[131.668278,34.045417],[131.675778,34.043722],[131.679111,34.055361],[131.689972,34.055417],[131.6875,34.048722],[131.693333,34.050361],[131.697444,34.047861],[131.698722,34.055806],[131.703333,34.057889],[131.706667,34.054556],[131.709167,34.062056],[131.714972,34.062083],[131.720833,34.057889],[131.729194,34.063722],[131.735806,34.062083],[131.741639,34.070417],[131.746667,34.070361],[131.756194,34.065806],[131.747111,34.064167],[131.747111,34.058333],[131.749944,34.057083],[131.76,34.059583],[131.760806,34.057056],[131.764167,34.05875],[131.764944,34.05375],[131.770778,34.052944],[131.771611,34.057056],[131.779139,34.05625],[131.780861,34.06125],[131.781667,34.055389],[131.795417,34.056667],[131.792028,34.053306],[131.797056,34.049139],[131.784944,34.044556],[131.781278,34.039139],[131.780389,34.035778],[131.784944,34.032083],[131.801639,34.044556],[131.818333,34.035361],[131.823306,34.036222],[131.825444,34.030806],[131.824167,34.023722],[131.817528,34.022917],[131.810861,34.017917],[131.804167,34.017889],[131.793278,34.007083],[131.790417,34.000806],[131.782861,33.995833],[131.78875,33.989167],[131.773306,33.985389],[131.773333,33.977889],[131.777472,33.977917],[131.779139,33.974556],[131.798306,33.977056],[131.810778,33.967889],[131.818306,33.969556],[131.823722,33.976639],[131.822444,33.979583],[131.8175,33.977861],[131.814139,33.983722],[131.805,33.982917],[131.797889,33.986667],[131.816639,33.991222],[131.827444,33.997917],[131.832556,34.011222],[131.8375,34.012083],[131.841667,34.008722],[131.843333,34.012861],[131.851611,34.012917],[131.867944,34.003306],[131.869611,33.995833],[131.863778,33.989972],[131.873361,33.990417],[131.881694,33.978722],[131.892444,33.981222],[131.89619731,33.97777512],[131.59914107,33.68703922],[131.594111,33.687028],[131.584139,33.692917],[131.572889,33.686611],[131.573306,33.673722],[131.564944,33.673722],[131.566278,33.679139],[131.561611,33.686222],[131.555806,33.686222],[131.555,33.682056],[131.549167,33.682083],[131.544139,33.677889],[131.535833,33.679611],[131.535,33.677028],[131.530861,33.682111],[131.522528,33.683694],[131.5275,33.672056],[131.521639,33.675417],[131.514972,33.669556],[131.506667,33.674583],[131.497861,33.669944],[131.497111,33.661667],[131.504556,33.656639],[131.4945,33.653306],[131.495861,33.644583],[131.486694,33.647917],[131.480417,33.643333],[131.483694,33.636694],[131.475417,33.630833],[131.470833,33.612028],[131.46,33.620389],[131.423694,33.591667],[131.424583,33.580833],[131.434583,33.570861],[131.435833,33.564528],[131.429972,33.567917],[131.417472,33.56375],[131.415417,33.563333],[131.428306,33.567889],[131.427917,33.570806],[131.418306,33.574611],[131.406639,33.572889],[131.396611,33.577083],[131.371694,33.577917],[131.371222,33.56],[131.350833,33.527861],[131.354583,33.54],[131.369556,33.559972],[131.369639,33.569139],[131.364139,33.577889],[131.350806,33.572861],[131.340861,33.572889],[131.334167,33.582056],[131.326667,33.581222],[131.320778,33.584556],[131.319222,33.582056],[131.2925,33.58125],[131.289167,33.578722],[131.277472,33.582083],[131.272528,33.587056],[131.265806,33.581278],[131.268806,33.5925],[131.248361,33.606222],[131.245,33.605417],[131.245806,33.612028],[131.235833,33.601222],[131.216639,33.605417],[131.210028,33.61625],[131.197444,33.617889],[131.189139,33.60875],[131.179167,33.60625],[131.184639,33.615833],[131.181639,33.620417],[131.169972,33.619583],[131.168361,33.614556],[131.153389,33.622889],[131.140778,33.626278],[131.135,33.624528],[131.129139,33.631222],[131.126194,33.629167],[131.129111,33.625389],[131.115806,33.62625],[131.114139,33.617917],[131.112528,33.625389],[131.10625,33.624972],[131.106667,33.618722],[131.099972,33.619583],[131.088278,33.637083],[131.075444,33.637528],[131.075833,33.640444],[131.083306,33.637917],[131.08375,33.641667],[131.071222,33.659111],[131.067083,33.66],[131.065417,33.669111],[131.052917,33.684972],[131.056222,33.689944],[131.040444,33.691639],[131.027028,33.714139],[131.022889,33.73],[131.020028,33.732917],[131.013694,33.7325],[131.020417,33.745],[131.017889,33.750806],[131.010833,33.751278],[131.012111,33.746667],[131.003333,33.740389],[131.007861,33.7475],[130.99875,33.748333],[131.005472,33.752444],[131.002083,33.756639],[131.00625,33.76],[130.994528,33.773306],[131.002056,33.788361],[130.998722,33.790806],[130.999639,33.796639],[130.994167,33.796222],[130.990444,33.789111],[130.98625,33.787472],[130.987917,33.795806],[130.999583,33.803333],[130.997111,33.809111],[130.983306,33.809556],[130.979194,33.812889],[130.967472,33.810389],[130.957944,33.828278],[130.960833,33.837861],[130.975833,33.833722],[130.978722,33.836667],[130.977056,33.842472],[130.983333,33.842889],[130.987917,33.849167],[130.985028,33.859583],[130.990028,33.852917],[130.99375,33.852444],[130.997083,33.869972],[130.985028,33.87125],[130.979528,33.869167],[130.985417,33.874167],[130.986333,33.888306],[130.990444,33.889944],[130.988778,33.899139],[130.996667,33.906222],[131.001611,33.902083],[131.008333,33.902889],[131.005389,33.909167],[131.007056,33.914194],[131.017889,33.919167],[131.007056,33.925806],[131.012083,33.929972],[131.010444,33.935833],[131.015056,33.94125],[131.024583,33.941667],[131.020389,33.950833],[131.026222,33.958361],[131.003306,33.964556],[130.995889,33.962861],[130.990028,33.957056],[130.987083,33.957444],[130.990833,33.962083],[130.976611,33.960361],[130.975,33.957889],[130.971639,33.962056],[130.963278,33.962889],[130.960417,33.96],[130.962889,33.954972],[130.960444,33.946667],[130.94375,33.937472],[130.939611,33.923333],[130.930361,33.908306],[130.914194,33.89625],[130.894111,33.892889],[130.890806,33.888722],[130.889972,33.894556],[130.87875,33.890778],[130.887083,33.897472],[130.885806,33.902083],[130.874167,33.897028],[130.867083,33.899944],[130.871667,33.899556],[130.88375,33.905833],[130.870806,33.917083],[130.854194,33.909611],[130.854194,33.905417],[130.849583,33.906639],[130.85,33.910417],[130.869639,33.9175],[130.864111,33.92125],[130.850833,33.917028],[130.850833,33.920417],[130.862056,33.924139],[130.8575,33.929583],[130.828306,33.923722],[130.829139,33.92125],[130.835444,33.922472],[130.822472,33.917056],[130.822944,33.906639],[130.819556,33.906611],[130.814972,33.897083],[130.804583,33.892472],[130.807944,33.879139],[130.801639,33.874583],[130.796278,33.875028],[130.804556,33.881639],[130.802528,33.892111],[130.792472,33.882056],[130.791694,33.885389],[130.784944,33.883778],[130.781611,33.877917],[130.780861,33.882917],[130.772528,33.876222],[130.771639,33.880417],[130.754139,33.874583],[130.748361,33.875417],[130.744611,33.886639],[130.7525,33.877889],[130.755806,33.877889],[130.783778,33.885833],[130.7825,33.887917],[130.765417,33.886639],[130.770806,33.889583],[130.800056,33.891222],[130.815472,33.903306],[130.816306,33.914111],[130.807472,33.912861],[130.807889,33.916639],[130.820056,33.91625],[130.824611,33.929972],[130.799583,33.933306],[130.827444,33.932111],[130.848333,33.937056],[130.840833,33.94875],[130.816722,33.942056],[130.805,33.947083],[130.797083,33.944111],[130.794194,33.931222],[130.782472,33.93625],[130.775806,33.926222],[130.756722,33.921222],[130.746667,33.924583],[130.746639,33.930417],[130.7325,33.927861],[130.7275,33.935444],[130.714194,33.939583],[130.698306,33.939556],[130.690833,33.936222],[130.684139,33.937917],[130.684528,33.926639],[130.667472,33.915361],[130.659111,33.916222],[130.665444,33.911667],[130.664111,33.908694],[130.65625,33.909944],[130.669194,33.895417],[130.678278,33.895389],[130.681222,33.8925],[130.680833,33.867889],[130.675361,33.89],[130.663306,33.89875],[130.633333,33.885417],[130.598333,33.877917],[130.574194,33.879583],[130.56625,33.885833],[130.565,33.891222],[130.555889,33.892083],[130.54,33.887944],[130.525,33.890417],[130.530389,33.880833],[130.52,33.862056],[130.502528,33.85375],[130.501639,33.850444],[130.499972,33.853722],[130.484167,33.85375],[130.477917,33.858333],[130.482056,33.849139],[130.481222,33.840778],[130.469111,33.814583],[130.460028,33.81125],[130.452472,33.812083],[130.449167,33.817917],[130.444583,33.815778],[130.45125,33.805],[130.44625,33.796639],[130.447889,33.786667],[130.450861,33.785417],[130.457944,33.789972],[130.459583,33.803306],[130.472083,33.8075],[130.462139,33.801667],[130.458778,33.789167],[130.467111,33.784139],[130.47125,33.774194],[130.467944,33.757444],[130.46125,33.741667],[130.444972,33.724556],[130.430833,33.71625],[130.421667,33.720361],[130.415444,33.703306],[130.407472,33.694583],[130.383278,33.677917],[130.36784403,33.67206226],[130.36782531,33.67205516],[130.36464076,33.67792779],[130.36415553,33.67882259],[130.46056253,33.88398259],[130.99530713,35.02195191],[131.29084488,35.65087439],[131.38323938,35.65086724],[132.80284445,35.65075735],[132.80283831,35.65072173],[132.77367768,35.48151963],[132.754972,35.47875],[132.7425,35.471222],[132.726611,35.471222],[132.731694,35.466222],[132.756694,35.457083],[132.75875,35.455]]]]}},{"type":"Feature","properties":{"sterm_parent":"충남남부앞바다","fcst_kor_nm":"충남남부앞바다","zone_id":"S1251400"},"geometry":{"type":"MultiPolygon","coordinates":[[[[126.7530705,36.0016591],[126.72751193,36.00011248],[126.7363053,36.0093445],[126.7380636,36.0147931],[126.738055,36.0162182],[126.7397819,36.0192188],[126.7560334,36.0127402],[126.7560818,36.0108676],[126.756646,36.0105093],[126.7562288,36.0087587],[126.7551398,36.0086372],[126.7541798,36.0066962],[126.7530705,36.0016591]]],[[[126.5007516,36.5295988],[126.505,36.530389],[126.5100295,36.5267315],[126.5123299,36.5233499],[126.5182861,36.5223811],[126.52132425,36.52242319],[126.524583,36.520833],[126.52299286,36.52066494],[126.5206924,36.5214331],[126.5167485,36.5203904],[126.5127401,36.5204],[126.5034309,36.5259332],[126.4990308,36.5261188],[126.49804621,36.52216653],[126.485553,36.50946265],[126.48400842,36.50782355],[126.479583,36.498306],[126.479583,36.476639],[126.486278,36.470028],[126.48625,36.453306],[126.4927712,36.44772946],[126.497944,36.443306],[126.495417,36.434167],[126.4981755,36.4324767],[126.5003085,36.4323599],[126.50425234,36.43587222],[126.52097787,36.44394782],[126.52314,36.4438201],[126.5247973,36.4461922],[126.5279856,36.4500845],[126.534878,36.4544698],[126.5418642,36.4620003],[126.5442129,36.4659763],[126.548551,36.4700946],[126.5550611,36.4728308],[126.5608852,36.4739861],[126.5655377,36.4774363],[126.56785803,36.47818349],[126.57028553,36.47539659],[126.5667,36.4690242],[126.5666324,36.465137],[126.5654668,36.4623398],[126.5636701,36.4591601],[126.5606,36.4556299],[126.5568046,36.4532624],[126.55,36.453722],[126.5415164,36.4521273],[126.5359152,36.4490546],[126.5317824,36.4442946],[126.5301556,36.4438921],[126.53181965,36.44096017],[126.52696491,36.43763059],[126.52221757,36.44042314],[126.50591337,36.42729816],[126.50260528,36.42613818],[126.49775054,36.42613818],[126.49714906,36.42665372],[126.49553798,36.42534337],[126.49558094,36.42444116],[126.49895348,36.422916],[126.50037124,36.42186343],[126.49749276,36.41919976],[126.49180026,36.42134788],[126.487111,36.41],[126.4883313,36.4101691],[126.4882212,36.4087487],[126.4874029,36.4036707],[126.48673726,36.40068989],[126.482917,36.393306],[126.48403803,36.39301029],[126.4823097,36.3885243],[126.480315,36.3865098],[126.4806265,36.3837109],[126.4830899,36.3827108],[126.4886083,36.3831197],[126.49271,36.38141],[126.4948899,36.38299],[126.4999748,36.3826968],[126.50220064,36.3840091],[126.5004629,36.3808747],[126.5021608,36.3797262],[126.510806,36.379583],[126.546639,36.354583],[126.562944,36.351639],[126.5525,36.34875],[126.544139,36.340389],[126.529972,36.337917],[126.5197418,36.3351487],[126.516279,36.3323128],[126.516037,36.328138],[126.5126928,36.3275731],[126.502472,36.328722],[126.50125,36.3225],[126.511278,36.311667],[126.5175,36.297083],[126.524139,36.298778],[126.527472,36.296278],[126.544167,36.307083],[126.555389,36.298333],[126.550333,36.279167],[126.553722,36.268306],[126.545,36.260389],[126.540417,36.259972],[126.537083,36.246667],[126.529611,36.235806],[126.530417,36.223361],[126.527028,36.218306],[126.533361,36.217056],[126.538722,36.209972],[126.541667,36.197028],[126.549944,36.194556],[126.567472,36.19625],[126.569944,36.201222],[126.574167,36.202111],[126.589556,36.176667],[126.581667,36.175417],[126.568333,36.180417],[126.564167,36.177917],[126.564556,36.183306],[126.559139,36.184556],[126.554194,36.176222],[126.544556,36.172472],[126.540861,36.160389],[126.5375,36.167917],[126.530417,36.169139],[126.528333,36.175417],[126.518278,36.160444],[126.503333,36.157083],[126.497889,36.159139],[126.497028,36.139944],[126.493278,36.133694],[126.502472,36.12875],[126.506194,36.146667],[126.511667,36.150389],[126.520806,36.151222],[126.535778,36.148722],[126.547528,36.142028],[126.552861,36.1375],[126.554972,36.128722],[126.560778,36.129528],[126.569972,36.137917],[126.575833,36.137917],[126.598722,36.119139],[126.602056,36.111667],[126.606194,36.110028],[126.609944,36.097917],[126.614139,36.096222],[126.617472,36.101194],[126.622472,36.10125],[126.632056,36.098333],[126.630833,36.090417],[126.645389,36.091639],[126.644972,36.087889],[126.634972,36.083694],[126.624167,36.084556],[126.617917,36.076667],[126.629972,36.077083],[126.63125,36.054944],[126.644111,36.053778],[126.667917,36.033333],[126.666694,36.029528],[126.659556,36.029972],[126.662861,36.025],[126.660361,36.009972],[126.664556,36.005806],[126.701639,36.007028],[126.710806,36.004583],[126.712889,36.000833],[126.71800694,36.00000013],[126.27391242,36.00000783],[126.27390394,36.00000783],[126.27315121,36.00258811],[126.27265701,36.00428217],[126.27066043,36.01154117],[126.26858409,36.01886433],[126.26753936,36.02254908],[126.26753272,36.02257247],[126.26751986,36.02261485],[126.26219728,36.040157],[126.25409964,36.0690314],[126.24858487,36.08875854],[126.24767487,36.09201376],[126.24261986,36.10957292],[126.23969407,36.11991064],[126.2366321,36.13072951],[126.23040654,36.15220625],[126.22392471,36.17485992],[126.2226625,36.17937959],[126.21726687,36.19870008],[126.20903279,36.22736808],[126.19933501,36.26117537],[126.19314295,36.28276142],[126.19289487,36.28324267],[126.16643,36.31324],[126.196435,36.370765],[126.33819275,36.42191552],[126.346138,36.415711],[126.358067,36.408178],[126.371475,36.401003],[126.38344942,36.39653617],[126.395174,36.393733],[126.406138,36.392856],[126.41527441,36.39297487],[126.424298,36.395537],[126.430833,36.396944],[126.44095475,36.40295315],[126.44834269,36.41772903],[126.45011579,36.42600353],[126.45100235,36.43664216],[126.45100235,36.44432562],[126.44945088,36.46944462],[126.4447226,36.4774236],[126.44176742,36.4831862],[126.43910776,36.49234724],[126.44073311,36.49678001],[126.45107623,36.50475899],[126.47087591,36.51229469],[126.4824039,36.5174761],[126.4855048,36.5177111],[126.4870164,36.5193291],[126.4904256,36.521429],[126.4921829,36.5227368],[126.493815,36.5247214],[126.4953203,36.5265792],[126.4970122,36.5278325],[126.5007516,36.5295988]]],[[[126.519583,36.60836507],[126.519583,36.6],[126.512417,36.597111],[126.505,36.602889],[126.497472,36.602917],[126.4935607,36.60193826],[126.49679833,36.63332275],[126.519583,36.60836507]]]]}},{"type":"Feature","properties":{"sterm_parent":"전북북부앞바다","fcst_kor_nm":"전북북부앞바다","zone_id":"S1231100"},"geometry":{"type":"MultiPolygon","coordinates":[[[[126.7509274,35.9974776],[126.744944,35.988722],[126.738278,35.985389],[126.727472,35.98375],[126.706639,35.993722],[126.6894451,35.985232],[126.6474809,35.9790024],[126.6300699,35.97809],[126.6300366,35.9785528],[126.6279109,35.9784705],[126.6279274,35.9779552],[126.6265901,35.9778901],[126.62375,35.97783],[126.6222813,35.9777292],[126.6218151,35.9780497],[126.621641,35.9779132],[126.6217702,35.9777079],[126.6222067,35.9772165],[126.624878,35.9773152],[126.6249185,35.9764979],[126.6243981,35.976467],[126.6244182,35.9759133],[126.6240978,35.9758985],[126.6244021,35.9710665],[126.6183464,35.9707528],[126.6179009,35.9764977],[126.6175936,35.9764741],[126.6175859,35.9766617],[126.617428,35.9766354],[126.6173046,35.977508],[126.6109103,35.9772052],[126.6105981,35.9773348],[126.6102748,35.9779924],[126.6100154,35.9781954],[126.6097019,35.9782358],[126.6093045,35.9781967],[126.609454,35.9776095],[126.6096072,35.9772416],[126.6098795,35.9771683],[126.5985168,35.9764495],[126.598473,35.9773631],[126.5730598,35.9761527],[126.5731463,35.9751702],[126.5633524,35.9745604],[126.5632805,35.9754402],[126.5472263,35.9746929],[126.5472589,35.9738288],[126.5348341,35.9731834],[126.5347372,35.9740937],[126.5258984,35.9736222],[126.52592,35.9733278],[126.5258142,35.9733199],[126.5258646,35.972737],[126.5254361,35.9727096],[126.5259762,35.9665048],[126.5244444,35.9664324],[126.5244532,35.96637],[126.523189,35.9663149],[126.5227214,35.9725504],[126.5223402,35.9725418],[126.5223049,35.9730931],[126.5217537,35.9730488],[126.5218097,35.9725411],[126.5213794,35.9725033],[126.5231274,35.9502137],[126.5221988,35.9495389],[126.5225951,35.9493713],[126.5230235,35.9496814],[126.523344,35.949659],[126.5233626,35.9493795],[126.5222947,35.9492722],[126.5218258,35.9486406],[126.5218633,35.9478788],[126.52329,35.94639],[126.524442,35.9459121],[126.52472,35.9458999],[126.5243981,35.9447143],[126.5250227,35.9440189],[126.5256204,35.9436278],[126.5268632,35.9436583],[126.5273936,35.9437846],[126.5284,35.9443101],[126.5293399,35.94458],[126.5300659,35.9446367],[126.5305248,35.9442808],[126.5305789,35.9435735],[126.530252,35.9425636],[126.5293279,35.9424714],[126.5284328,35.9400732],[126.5271682,35.9396647],[126.5258674,35.9387601],[126.5251816,35.9378221],[126.5248946,35.936789],[126.5250157,35.9356013],[126.5254331,35.934808],[126.5261101,35.9339854],[126.5269801,35.9334036],[126.5276363,35.9331604],[126.5278162,35.9333781],[126.5277573,35.9335886],[126.5275552,35.9336644],[126.52737,35.9335718],[126.5266305,35.93408],[126.5272447,35.9358901],[126.5292644,35.9381606],[126.5296096,35.9383796],[126.5298959,35.9384217],[126.532363,35.9377565],[126.5326577,35.9375039],[126.5327082,35.9372092],[126.5316304,35.9345401],[126.5313189,35.9346074],[126.5310326,35.933656],[126.5305611,35.9335213],[126.5300054,35.9334371],[126.5296265,35.9333529],[126.5294076,35.9335128],[126.5291213,35.9334371],[126.5290118,35.9331929],[126.5291971,35.9330497],[126.530098,35.9330834],[126.5307211,35.9331929],[126.5313021,35.9333444],[126.5317567,35.9333444],[126.531942,35.9332266],[126.4968132,35.8468224],[126.4908852,35.8382403],[126.4773,35.824],[126.4830032,35.8104622],[126.51623907,35.74113728],[126.45764169,35.67553723],[126.24980274,35.74181174],[126.24830408,35.74240676],[126.2791425,35.79605008],[126.30224557,35.83664005],[126.31444012,35.85806476],[126.27547314,35.994486],[126.27391842,35.99992896],[126.27390317,35.99998238],[126.27391928,35.99998238],[126.63743821,35.99999767],[126.68120375,35.99999883],[126.71800897,35.9999998],[126.725861,35.998722],[126.72751193,36.00011248],[126.7530705,36.0016591],[126.7509274,35.9974776]]]]}},{"type":"Feature","properties":{"sterm_parent":"동해남부북쪽바깥먼바다","fcst_kor_nm":"동해남부 북쪽바깥먼바다","zone_id":"S1132220"},"geometry":{"type":"MultiPolygon","coordinates":[[[[132.80050231,37.15008121],[132.80298466,35.65072172],[132.80283831,35.65072173],[131.38323938,35.65086724],[131.29083731,35.65087671],[131.29086904,37.14544245],[131.29086906,37.14638302],[131.29086906,37.14638779],[131.29087019,37.14638779],[132.80048808,37.15008117],[132.80050231,37.15008121]]]]}},{"type":"Feature","properties":{"sterm_parent":"동해남부북쪽바깥먼바다","fcst_kor_nm":"동해남부 북쪽바깥먼바다","zone_id":"S1132220"},"geometry":{"type":"MultiPolygon","coordinates":[[[[132.80050231,37.15008121],[132.80298466,35.65072172],[132.80283831,35.65072173],[131.38323938,35.65086724],[131.29083731,35.65087671],[131.29086904,37.14544245],[131.29086906,37.14638302],[131.29086906,37.14638779],[131.29087019,37.14638779],[132.80048808,37.15008117],[132.80050231,37.15008121]]]]}},{"type":"Feature","properties":{"sterm_parent":"동해중부바깥먼바다","fcst_kor_nm":"동해중부 바깥먼바다","zone_id":"S1152020"},"geometry":{"type":"MultiPolygon","coordinates":[[[[132.80048806,37.15007948],[131.29087584,37.14637259],[131.29087018,37.1463813],[131.29086906,37.14638302],[131.29086528,37.14638885],[130.086226,39.00005903],[132.80050231,38.99811173],[132.80313395,37.49544432],[132.80048808,37.15008117],[132.80048806,37.15007948]]]]}},{"type":"Feature","properties":{"sterm_parent":"남해동부바깥먼바다","fcst_kor_nm":"남해동부 바깥먼바다","zone_id":"S1312020"},"geometry":{"type":"MultiPolygon","coordinates":[[[[130.67398705,30.99801632],[130.66832321,30.99801632],[130.668833,30.99825],[130.668861,30.999111],[130.667889,31.007472],[130.672472,31.009611],[130.67382526,31.00887554],[130.67398705,30.99801632]]],[[[129.57181722,33.34486538],[129.574583,33.331639],[129.565,33.334583],[129.560389,33.331639],[129.562083,33.324111],[129.574611,33.313306],[129.578333,33.302056],[129.582944,33.304167],[129.582528,33.31125],[129.585806,33.305389],[129.593333,33.305417],[129.5975,33.31125],[129.610833,33.316222],[129.611639,33.312889],[129.619528,33.310806],[129.616667,33.30875],[129.606694,33.312917],[129.590861,33.29375],[129.589167,33.296222],[129.584583,33.294972],[129.582889,33.29],[129.588722,33.285],[129.589194,33.272917],[129.582556,33.272889],[129.580056,33.267056],[129.578333,33.281194],[129.572083,33.273333],[129.573694,33.270806],[129.570778,33.272083],[129.565472,33.268333],[129.57625,33.263361],[129.568333,33.263722],[129.563361,33.25625],[129.559611,33.255806],[129.559639,33.250833],[129.565,33.252056],[129.565389,33.249139],[129.56,33.249556],[129.557056,33.246667],[129.559139,33.243722],[129.552056,33.2425],[129.562444,33.239583],[129.566639,33.244556],[129.567972,33.231667],[129.563361,33.22875],[129.563722,33.233333],[129.55875,33.234972],[129.559167,33.237889],[129.554194,33.23625],[129.554556,33.230806],[129.560417,33.2275],[129.552917,33.217472],[129.559167,33.214556],[129.565,33.220389],[129.576194,33.213333],[129.576667,33.207056],[129.580389,33.209139],[129.577917,33.215],[129.5825,33.21625],[129.585,33.21125],[129.5975,33.209583],[129.603722,33.213333],[129.605,33.221222],[129.616694,33.226222],[129.606222,33.220833],[129.605444,33.212528],[129.595361,33.206611],[129.596222,33.201639],[129.609139,33.206194],[129.609167,33.20375],[129.616667,33.202889],[129.620861,33.215417],[129.621222,33.200806],[129.615833,33.200389],[129.615389,33.196667],[129.621639,33.194556],[129.623361,33.190444],[129.628333,33.190417],[129.639583,33.199167],[129.640417,33.212528],[129.636222,33.223306],[129.638361,33.224556],[129.644556,33.208306],[129.64875,33.2075],[129.644528,33.203333],[129.645361,33.195833],[129.649167,33.192889],[129.650806,33.195389],[129.655361,33.193306],[129.652111,33.192528],[129.651639,33.18875],[129.645833,33.194556],[129.643694,33.192444],[129.649528,33.188306],[129.649167,33.185389],[129.655417,33.185],[129.649139,33.18125],[129.644167,33.182083],[129.642889,33.175778],[129.637944,33.174167],[129.635444,33.167472],[129.65,33.17375],[129.65,33.168722],[129.661694,33.171222],[129.665417,33.1775],[129.664194,33.184556],[129.66625,33.174111],[129.659583,33.168306],[129.667056,33.165],[129.664583,33.160833],[129.669194,33.162889],[129.675861,33.157917],[129.674556,33.164972],[129.68,33.164583],[129.678778,33.150806],[129.68375,33.148306],[129.68125,33.145806],[129.698722,33.138306],[129.689167,33.137056],[129.684167,33.141194],[129.680806,33.127083],[129.676694,33.131222],[129.665806,33.127028],[129.657917,33.136639],[129.659583,33.116639],[129.665361,33.110833],[129.666694,33.102056],[129.674528,33.107528],[129.674139,33.11875],[129.682472,33.114583],[129.6925,33.117056],[129.700833,33.113722],[129.712917,33.115778],[129.710778,33.12125],[129.702083,33.124139],[129.710778,33.122889],[129.712083,33.133306],[129.71125,33.139972],[129.706278,33.142444],[129.708778,33.151667],[129.700417,33.160806],[129.701667,33.162861],[129.708361,33.159556],[129.709139,33.164556],[129.714972,33.160389],[129.714972,33.166222],[129.719139,33.162083],[129.724111,33.162917],[129.724556,33.158333],[129.728778,33.1575],[129.722083,33.154167],[129.722889,33.148306],[129.727972,33.147472],[129.720389,33.141639],[129.720861,33.13625],[129.727028,33.136667],[129.726694,33.12625],[129.737528,33.125389],[129.732917,33.1325],[129.734139,33.137083],[129.741611,33.132056],[129.751611,33.14375],[129.76,33.138694],[129.769111,33.146194],[129.779972,33.143722],[129.782472,33.14625],[129.785,33.14125],[129.768278,33.14375],[129.75875,33.135778],[129.758306,33.131278],[129.765806,33.131222],[129.772917,33.127444],[129.758333,33.12875],[129.761222,33.1225],[129.757472,33.114611],[129.751639,33.126222],[129.745444,33.125],[129.742944,33.116639],[129.751222,33.108333],[129.751639,33.100389],[129.746667,33.099556],[129.731694,33.105361],[129.728722,33.103333],[129.736194,33.084139],[129.7425,33.077917],[129.747472,33.082083],[129.750417,33.076667],[129.74125,33.074139],[129.744556,33.068278],[129.742056,33.062472],[129.758278,33.06375],[129.755444,33.056639],[129.762444,33.050361],[129.768806,33.050833],[129.765417,33.0575],[129.769167,33.060417],[129.782111,33.060833],[129.778278,33.067056],[129.772083,33.066639],[129.771611,33.07375],[129.765056,33.074583],[129.759556,33.080806],[129.759556,33.0875],[129.763722,33.088333],[129.764611,33.0975],[129.769139,33.100389],[129.768778,33.0875],[129.765833,33.088722],[129.762111,33.0825],[129.766667,33.076222],[129.770028,33.074556],[129.772528,33.079583],[129.774167,33.075389],[129.778333,33.075417],[129.784139,33.082889],[129.789222,33.084556],[129.7925,33.082083],[129.796667,33.08875],[129.795389,33.082472],[129.799139,33.077056],[129.803667,33.076694],[129.800389,33.072472],[129.804583,33.070833],[129.798306,33.069556],[129.798278,33.065389],[129.813361,33.067917],[129.818306,33.06125],[129.822056,33.062472],[129.82,33.066278],[129.824944,33.066222],[129.826639,33.062917],[129.83625,33.059972],[129.825861,33.054556],[129.82125,33.048333],[129.819611,33.040833],[129.824139,33.035361],[129.832917,33.038333],[129.839972,33.055361],[129.844944,33.046222],[129.854972,33.060417],[129.874111,33.063722],[129.8925,33.056194],[129.901222,33.0475],[129.902917,33.040833],[129.911694,33.038722],[129.916667,33.031222],[129.924167,33.032083],[129.943778,33.014194],[129.944556,32.997528],[129.950444,32.9875],[129.949972,32.984583],[129.943722,32.983333],[129.945472,32.98],[129.936278,32.9725],[129.936639,32.969583],[129.933361,32.972056],[129.928722,32.969972],[129.932139,32.964167],[129.927944,32.9425],[129.932056,32.926639],[129.930361,32.922472],[129.957944,32.902444],[129.950444,32.894139],[129.957028,32.894167],[129.956694,32.887861],[129.969944,32.889583],[129.972944,32.8875],[129.96375,32.881611],[129.964528,32.8725],[129.979944,32.866194],[129.983333,32.859583],[129.989139,32.85875],[129.993306,32.847889],[130.009611,32.846639],[130.003694,32.842472],[130.009972,32.83875],[129.994139,32.83625],[129.987556,32.841222],[129.985833,32.835389],[129.978333,32.837056],[129.980444,32.843333],[129.977917,32.846639],[129.973333,32.849583],[129.967444,32.847056],[129.959194,32.847917],[129.95875,32.855833],[129.952472,32.862917],[129.94,32.862028],[129.932472,32.857056],[129.929583,32.859139],[129.930806,32.866222],[129.924944,32.863694],[129.920833,32.867917],[129.915,32.866222],[129.912528,32.871222],[129.91,32.867861],[129.906278,32.875806],[129.899167,32.879583],[129.893278,32.867889],[129.888333,32.874556],[129.884528,32.874139],[129.881722,32.882056],[129.877861,32.879167],[129.878722,32.864139],[129.870417,32.860833],[129.869139,32.842056],[129.858722,32.846639],[129.862083,32.848333],[129.857917,32.850833],[129.860444,32.854139],[129.855444,32.856639],[129.855,32.860417],[129.851194,32.859972],[129.847861,32.8525],[129.852944,32.841639],[129.849194,32.83125],[129.841222,32.837472],[129.841667,32.842056],[129.8375,32.840361],[129.830806,32.847861],[129.825417,32.849167],[129.825444,32.856667],[129.814972,32.861194],[129.814222,32.864583],[129.800806,32.863694],[129.795861,32.872889],[129.79125,32.872472],[129.792944,32.868333],[129.789972,32.867028],[129.791222,32.885806],[129.796639,32.887889],[129.795417,32.879139],[129.801667,32.876222],[129.800417,32.880833],[129.80375,32.879139],[129.812111,32.893278],[129.810833,32.895417],[129.80625,32.894139],[129.806639,32.90875],[129.7925,32.907917],[129.79375,32.901667],[129.789194,32.905417],[129.789222,32.899556],[129.78375,32.906639],[129.786639,32.912083],[129.789972,32.910389],[129.795417,32.913333],[129.793361,32.917056],[129.787083,32.9175],[129.789556,32.926667],[129.78625,32.929139],[129.785389,32.945806],[129.789194,32.949583],[129.801306,32.952472],[129.797083,32.946667],[129.794583,32.932472],[129.8,32.937083],[129.801306,32.932472],[129.797889,32.928333],[129.800417,32.927444],[129.797083,32.924139],[129.804639,32.915861],[129.798306,32.91625],[129.797917,32.913306],[129.806667,32.91125],[129.817944,32.924194],[129.814611,32.930806],[129.81875,32.932472],[129.815389,32.935833],[129.818722,32.937472],[129.819556,32.944972],[129.817083,32.955806],[129.807861,32.960861],[129.811667,32.967056],[129.819167,32.967889],[129.819222,32.972861],[129.825444,32.969167],[129.82375,32.981639],[129.819194,32.985417],[129.813722,32.984972],[129.815361,32.994139],[129.810861,32.993722],[129.811667,32.99875],[129.804556,33],[129.800833,33.008722],[129.795,33.010417],[129.784972,33.007111],[129.778333,33.014583],[129.771639,33.014556],[129.764972,33.022056],[129.757056,33.017528],[129.757917,33.012472],[129.752889,33.007472],[129.75125,32.999167],[129.763361,32.99875],[129.764528,32.994972],[129.758306,32.997944],[129.760861,32.992083],[129.754972,32.997083],[129.750861,32.992889],[129.749583,33.005028],[129.745806,33.00625],[129.742917,32.992472],[129.745389,32.987472],[129.740833,32.987889],[129.741278,32.992472],[129.732917,32.996667],[129.742917,33],[129.741667,33.005417],[129.732917,33.009139],[129.741278,33.016639],[129.738306,33.017861],[129.735833,33.015417],[129.735417,33.017472],[129.747917,33.031667],[129.747861,33.038306],[129.753306,33.037889],[129.762917,33.048306],[129.746611,33.061222],[129.740389,33.058333],[129.742472,33.050417],[129.737528,33.054583],[129.736278,33.048278],[129.729972,33.047083],[129.733722,33.050833],[129.729528,33.053306],[129.731194,33.057472],[129.737528,33.060417],[129.738778,33.064944],[129.734556,33.066639],[129.73,33.077083],[129.717528,33.07125],[129.722889,33.08],[129.717472,33.082083],[129.713306,33.08875],[129.707861,33.088333],[129.709583,33.083333],[129.706639,33.082889],[129.702556,33.092083],[129.698278,33.089583],[129.682472,33.100444],[129.675806,33.097083],[129.674583,33.089139],[129.67875,33.088306],[129.676278,33.082472],[129.666667,33.082083],[129.662056,33.076667],[129.674167,33.078722],[129.672889,33.072472],[129.660361,33.070833],[129.675417,33.064972],[129.666667,33.064611],[129.662056,33.060861],[129.660833,33.042056],[129.647917,33.040833],[129.64875,33.0175],[129.655417,33.008306],[129.653722,33.005806],[129.659583,33.004167],[129.66125,32.996639],[129.654111,32.99875],[129.652944,32.987472],[129.649972,32.986222],[129.646611,32.98625],[129.641639,32.994583],[129.639167,32.98875],[129.63125,32.986667],[129.629583,32.979111],[129.626222,32.977472],[129.629583,32.96],[129.625417,32.956639],[129.630444,32.953333],[129.624583,32.951639],[129.629583,32.9475],[129.626222,32.945806],[129.630806,32.943722],[129.6375,32.947056],[129.639556,32.939139],[129.632056,32.924972],[129.637083,32.924139],[129.639139,32.917028],[129.643806,32.930028],[129.648306,32.930389],[129.655361,32.918333],[129.663722,32.917472],[129.658694,32.912472],[129.659583,32.907472],[129.66625,32.903333],[129.672889,32.884139],[129.681278,32.878333],[129.677056,32.869167],[129.684528,32.852472],[129.691639,32.842056],[129.70125,32.839139],[129.701667,32.828722],[129.713278,32.832889],[129.717889,32.831667],[129.719583,32.820833],[129.73125,32.814111],[129.732472,32.806194],[129.74125,32.804944],[129.748361,32.821222],[129.755,32.817083],[129.765778,32.823694],[129.770056,32.819556],[129.771611,32.823722],[129.783694,32.825833],[129.77875,32.824139],[129.765389,32.797472],[129.775889,32.796278],[129.781667,32.787056],[129.791222,32.785],[129.791639,32.776222],[129.802111,32.774167],[129.798306,32.767083],[129.79125,32.764944],[129.796667,32.757861],[129.808278,32.760361],[129.814583,32.756667],[129.803778,32.746667],[129.804111,32.742056],[129.815,32.738722],[129.825806,32.742056],[129.82625,32.737528],[129.83125,32.734167],[129.82625,32.729944],[129.828722,32.726667],[129.815028,32.717028],[129.820778,32.718694],[129.827444,32.714528],[129.832528,32.723722],[129.836667,32.719583],[129.839139,32.725417],[129.84125,32.719944],[129.844972,32.718722],[129.84625,32.724139],[129.856194,32.730833],[129.857111,32.739944],[129.86375,32.742472],[129.865806,32.748778],[129.868778,32.747472],[129.866278,32.745833],[129.867944,32.738333],[129.855444,32.725806],[129.858806,32.721667],[129.850444,32.72],[129.845417,32.709944],[129.847083,32.704167],[129.842028,32.702472],[129.841639,32.696222],[129.8375,32.698722],[129.832917,32.696639],[129.834139,32.689583],[129.827472,32.687917],[129.820444,32.694139],[129.826194,32.696667],[129.82625,32.703333],[129.830417,32.705806],[129.824944,32.707917],[129.817472,32.704583],[129.81875,32.7025],[129.805028,32.690389],[129.792444,32.694611],[129.78875,32.69],[129.79,32.685389],[129.792444,32.687056],[129.79375,32.682444],[129.800028,32.680417],[129.803333,32.675417],[129.80875,32.6775],[129.806639,32.682083],[129.816194,32.682472],[129.817972,32.6725],[129.814611,32.653278],[129.809167,32.655361],[129.805417,32.650806],[129.801278,32.639972],[129.790472,32.629139],[129.78875,32.613333],[129.778722,32.609167],[129.779944,32.603722],[129.765861,32.593722],[129.755,32.592083],[129.757056,32.587472],[129.754111,32.582056],[129.755389,32.5875],[129.749111,32.59125],[129.735417,32.58],[129.738306,32.567889],[129.744972,32.57375],[129.753333,32.572889],[129.754972,32.577861],[129.765028,32.58125],[129.774167,32.577917],[129.780833,32.569583],[129.783778,32.575806],[129.779611,32.5775],[129.779944,32.580417],[129.805806,32.588722],[129.837889,32.619167],[129.83625,32.630806],[129.839972,32.640389],[129.843361,32.637056],[129.851694,32.63625],[129.8625,32.642944],[129.8725,32.642917],[129.873333,32.649556],[129.884194,32.651194],[129.895833,32.660389],[129.897944,32.668278],[129.903722,32.672472],[129.903722,32.68],[129.915361,32.692444],[129.916222,32.700806],[129.911222,32.703306],[129.912056,32.710806],[129.920806,32.704556],[129.925806,32.706222],[129.929556,32.720806],[129.935,32.717056],[129.943778,32.725806],[129.942083,32.731667],[129.951667,32.734556],[129.956278,32.739167],[129.956306,32.747472],[129.946222,32.758333],[129.952917,32.76],[129.953306,32.76875],[129.958278,32.763722],[129.975,32.760389],[129.980833,32.762056],[129.990833,32.752889],[129.999139,32.762083],[130.005806,32.757056],[130.017528,32.759583],[130.025,32.757917],[130.032111,32.761639],[130.026667,32.766278],[130.038306,32.765361],[130.054972,32.779611],[130.066611,32.786222],[130.080833,32.789583],[130.083306,32.79375],[130.1025,32.792889],[130.126639,32.787056],[130.135,32.78875],[130.145028,32.795361],[130.154167,32.792889],[130.178333,32.79375],[130.193722,32.782472],[130.185417,32.775806],[130.188722,32.765806],[130.184139,32.765389],[130.18375,32.762472],[130.189944,32.761222],[130.195806,32.752917],[130.199167,32.752889],[130.2,32.756194],[130.206278,32.753333],[130.207889,32.739167],[130.203778,32.727472],[130.196667,32.717917],[130.187917,32.715],[130.184167,32.707083],[130.170833,32.702056],[130.167944,32.699167],[130.169194,32.693694],[130.159139,32.69375],[130.154972,32.682889],[130.143333,32.681222],[130.1425,32.678722],[130.133306,32.682056],[130.128333,32.689556],[130.125389,32.688333],[130.126278,32.682472],[130.131222,32.678306],[130.127111,32.665806],[130.128806,32.640806],[130.135028,32.635417],[130.146639,32.633722],[130.153361,32.622083],[130.158361,32.622889],[130.159139,32.626278],[130.168722,32.619139],[130.174528,32.607444],[130.16375,32.596667],[130.167528,32.589583],[130.175028,32.592111],[130.181611,32.590389],[130.19,32.599583],[130.197917,32.599167],[130.198778,32.604139],[130.186639,32.607056],[130.186667,32.610389],[130.200861,32.607889],[130.205028,32.602861],[130.219139,32.603694],[130.232472,32.609583],[130.23125,32.615],[130.241667,32.627889],[130.251639,32.625389],[130.259583,32.631667],[130.256278,32.637472],[130.266278,32.648306],[130.258306,32.651278],[130.2875,32.652917],[130.291694,32.650417],[130.304194,32.650389],[130.335833,32.669583],[130.350472,32.673333],[130.359556,32.692472],[130.358306,32.696278],[130.349556,32.699972],[130.347083,32.709167],[130.375389,32.736639],[130.373722,32.744167],[130.377861,32.748278],[130.372139,32.765028],[130.378722,32.7775],[130.375417,32.786639],[130.378361,32.78375],[130.380444,32.785833],[130.372111,32.794111],[130.367083,32.805],[130.36875,32.8075],[130.357917,32.816611],[130.34,32.857861],[130.324167,32.863694],[130.320028,32.869583],[130.311639,32.872083],[130.31,32.876222],[130.280028,32.877917],[130.261694,32.871222],[130.2425,32.876222],[130.223333,32.859583],[130.197472,32.85125],[130.189972,32.842889],[130.160028,32.842083],[130.156639,32.82625],[130.157083,32.841639],[130.148306,32.848722],[130.141667,32.849583],[130.125861,32.842056],[130.108306,32.862083],[130.092528,32.864583],[130.087917,32.859167],[130.089556,32.861667],[130.08625,32.864167],[130.102472,32.87375],[130.108694,32.883333],[130.114167,32.885389],[130.125833,32.897889],[130.133333,32.89875],[130.1425,32.895389],[130.154944,32.900389],[130.156667,32.90625],[130.163306,32.906194],[130.1675,32.914583],[130.187139,32.913306],[130.187111,32.921611],[130.190861,32.925417],[130.203778,32.929139],[130.202056,32.95],[130.205806,32.95625],[130.213389,32.95625],[130.212528,32.960361],[130.217472,32.958722],[130.21375,32.952444],[130.218389,32.949611],[130.22625,32.954972],[130.225444,32.959167],[130.220361,32.961667],[130.225444,32.963333],[130.222972,32.975861],[130.216667,32.980389],[130.212472,32.979556],[130.212056,32.985806],[130.205056,32.992056],[130.192889,32.990806],[130.195444,32.996611],[130.187889,33.000806],[130.189611,33.012472],[130.18375,33.016667],[130.172111,33.051667],[130.147917,33.074167],[130.143806,33.089944],[130.139167,33.093722],[130.127111,33.093306],[130.137944,33.096639],[130.133306,33.102917],[130.123389,33.100389],[130.114583,33.101667],[130.120389,33.103333],[130.119167,33.107056],[130.130389,33.108278],[130.127111,33.12],[130.117944,33.129139],[130.130806,33.125417],[130.129111,33.13625],[130.141639,33.114528],[130.154139,33.113722],[130.17,33.129556],[130.194194,33.142917],[130.193333,33.147889],[130.220389,33.164139],[130.214556,33.171639],[130.229556,33.183278],[130.229556,33.187528],[130.219139,33.196222],[130.203361,33.194528],[130.193306,33.204556],[130.201667,33.197083],[130.210806,33.199556],[130.228361,33.19875],[130.236667,33.192889],[130.246639,33.19125],[130.248722,33.2025],[130.255806,33.207889],[130.257056,33.198306],[130.252111,33.190806],[130.25375,33.186667],[130.259972,33.179556],[130.278389,33.169556],[130.278722,33.163306],[130.285472,33.161639],[130.288333,33.149528],[130.328333,33.142917],[130.331278,33.155778],[130.322944,33.163306],[130.32125,33.169111],[130.326639,33.177083],[130.338722,33.184167],[130.341222,33.2075],[130.359167,33.212861],[130.366667,33.225444],[130.382056,33.234139],[130.386667,33.243778],[130.415028,33.254556],[130.428306,33.27125],[130.445833,33.275389],[130.456278,33.286667],[130.454583,33.296667],[130.455861,33.299556],[130.457861,33.298333],[130.458778,33.288306],[130.4475,33.273722],[130.427528,33.267083],[130.414972,33.252056],[130.389167,33.24375],[130.379611,33.221694],[130.362056,33.210833],[130.357083,33.179167],[130.357917,33.154111],[130.3675,33.139583],[130.377889,33.141639],[130.37375,33.138306],[130.377111,33.129167],[130.372917,33.12],[130.397083,33.107472],[130.389611,33.095806],[130.412444,33.089528],[130.432917,33.109111],[130.411222,33.085833],[130.425389,33.053306],[130.438722,33.049944],[130.430889,33.046194],[130.4275,33.050417],[130.423806,33.049944],[130.421194,33.036639],[130.425806,33.035444],[130.42625,33.0325],[130.410389,33.020833],[130.40875,33.010833],[130.411639,33.010389],[130.416722,33.01625],[130.425389,33.015],[130.419972,33.012889],[130.419194,33.008722],[130.404139,33.007917],[130.400417,33.004972],[130.414167,33.004528],[130.417444,32.999278],[130.427944,32.9975],[130.435389,32.952444],[130.442083,32.935028],[130.441278,32.927472],[130.445028,32.922917],[130.449972,32.92375],[130.460028,32.917056],[130.464167,32.917944],[130.472528,32.907056],[130.523333,32.881194],[130.535361,32.889972],[130.544556,32.906667],[130.537972,32.888361],[130.523722,32.869972],[130.52375,32.854167],[130.561694,32.842056],[130.566639,32.842861],[130.574528,32.854972],[130.56875,32.838306],[130.574972,32.832917],[130.579167,32.832917],[130.581694,32.82625],[130.590861,32.825389],[130.59375,32.821667],[130.591222,32.813278],[130.595861,32.809556],[130.601694,32.809556],[130.604528,32.806639],[130.602944,32.799972],[130.610861,32.797056],[130.61875,32.788306],[130.609972,32.792083],[130.605417,32.785833],[130.608333,32.780417],[130.619111,32.776222],[130.605861,32.77875],[130.599583,32.776639],[130.599556,32.763361],[130.607917,32.744972],[130.602917,32.733306],[130.604611,32.72],[130.6325,32.710417],[130.63875,32.698306],[130.638333,32.69625],[130.624167,32.711194],[130.610861,32.713722],[130.590861,32.711222],[130.586667,32.705389],[130.5675,32.701222],[130.542083,32.673361],[130.540833,32.667056],[130.527472,32.665389],[130.499972,32.654556],[130.479194,32.642889],[130.474222,32.637056],[130.460806,32.634583],[130.451222,32.623278],[130.460444,32.616667],[130.459556,32.6075],[130.467444,32.605417],[130.488306,32.612028],[130.504972,32.612861],[130.514167,32.610417],[130.521694,32.612889],[130.523333,32.617917],[130.5275,32.616194],[130.530861,32.620389],[130.538306,32.61875],[130.542444,32.62375],[130.556667,32.62375],[130.560833,32.620361],[130.568306,32.623722],[130.579139,32.620361],[130.591667,32.624556],[130.595,32.621194],[130.609167,32.629556],[130.636694,32.632056],[130.649167,32.641222],[130.64951076,32.64083989],[130.64988179,32.61593652],[130.644167,32.619528],[130.623333,32.618722],[130.618778,32.615],[130.638333,32.600361],[130.648306,32.587056],[130.632528,32.600389],[130.617889,32.5925],[130.624972,32.584556],[130.612528,32.593722],[130.608306,32.593722],[130.607917,32.589139],[130.615028,32.585389],[130.599972,32.585417],[130.599111,32.579583],[130.588361,32.577083],[130.589611,32.571611],[130.582917,32.569111],[130.589611,32.5675],[130.584139,32.56625],[130.581667,32.56875],[130.578694,32.56],[130.573722,32.5575],[130.564167,32.54125],[130.5525,32.542056],[130.544194,32.528722],[130.537917,32.526667],[130.551639,32.517056],[130.580778,32.505389],[130.622028,32.499139],[130.618306,32.494222],[130.612667,32.492639],[130.584917,32.490583],[130.577139,32.493583],[130.570833,32.501222],[130.543694,32.499167],[130.542083,32.4875],[130.546667,32.477944],[130.564167,32.475361],[130.577083,32.479167],[130.564611,32.468306],[130.565472,32.455028],[130.572111,32.442444],[130.56875,32.439167],[130.571194,32.4325],[130.553333,32.422917],[130.546667,32.423694],[130.536722,32.408694],[130.514167,32.392944],[130.510417,32.385806],[130.490444,32.368306],[130.486639,32.358722],[130.495,32.362056],[130.495806,32.357917],[130.504139,32.35875],[130.505444,32.354944],[130.483333,32.345417],[130.480444,32.341667],[130.482917,32.330806],[130.477472,32.32875],[130.474139,32.332056],[130.470028,32.327056],[130.465778,32.327917],[130.46875,32.324167],[130.465417,32.319167],[130.470389,32.3175],[130.470833,32.301222],[130.490028,32.300417],[130.495417,32.304139],[130.49,32.297056],[130.482472,32.296222],[130.480444,32.290806],[130.474194,32.287889],[130.470472,32.295],[130.465,32.29625],[130.467111,32.284139],[130.464167,32.277889],[130.459167,32.290361],[130.449194,32.28875],[130.452083,32.281639],[130.450833,32.279583],[130.447444,32.282083],[130.444556,32.278333],[130.449194,32.272028],[130.444167,32.269583],[130.438333,32.27125],[130.432528,32.264556],[130.427889,32.264944],[130.435389,32.254167],[130.429139,32.250389],[130.424167,32.25125],[130.425361,32.246639],[130.430806,32.240389],[130.442472,32.23625],[130.434972,32.236222],[130.432472,32.229556],[130.424167,32.237889],[130.419167,32.235444],[130.416694,32.237056],[130.41,32.232111],[130.401694,32.235389],[130.398722,32.229139],[130.39375,32.226667],[130.402139,32.219139],[130.393333,32.22375],[130.385778,32.217944],[130.385861,32.214556],[130.377917,32.211667],[130.383722,32.207472],[130.374139,32.205389],[130.373778,32.202472],[130.387083,32.201639],[130.377083,32.198333],[130.379583,32.190861],[130.374583,32.184139],[130.379611,32.175778],[130.371222,32.177472],[130.374611,32.180833],[130.373361,32.18375],[130.360389,32.181667],[130.367139,32.176667],[130.357917,32.166694],[130.362083,32.151694],[130.353722,32.145833],[130.352056,32.137472],[130.345,32.130389],[130.337917,32.128278],[130.339556,32.120833],[130.335806,32.11875],[130.329139,32.127056],[130.312111,32.115778],[130.305361,32.1075],[130.304194,32.100417],[130.301694,32.109583],[130.285833,32.109583],[130.280444,32.105],[130.276667,32.094556],[130.277944,32.104167],[130.283,32.111667],[130.272944,32.118306],[130.274528,32.125806],[130.269139,32.129583],[130.261222,32.127472],[130.272139,32.115861],[130.266722,32.119583],[130.266667,32.112056],[130.262111,32.123333],[130.253333,32.12875],[130.223333,32.129556],[130.193306,32.117889],[130.189944,32.112917],[130.180833,32.11125],[130.174583,32.105],[130.174528,32.090833],[130.169583,32.088306],[130.171306,32.078333],[130.184167,32.071222],[130.182056,32.079139],[130.190806,32.083694],[130.19125,32.077444],[130.200444,32.074972],[130.208778,32.06],[130.203778,32.055806],[130.202111,32.038333],[130.194556,32.035833],[130.19375,32.0225],[130.1875,32.016194],[130.17875,32.014167],[130.177944,32.000833],[130.182139,31.993306],[130.175861,31.993722],[130.172917,31.990833],[130.180833,31.98875],[130.186639,31.994583],[130.190833,31.985389],[130.195028,31.989583],[130.202083,31.985],[130.199583,31.977444],[130.209556,31.969972],[130.212028,31.964167],[130.215444,31.936639],[130.220417,31.926611],[130.218778,31.915806],[130.22375,31.910778],[130.221222,31.896639],[130.212889,31.890833],[130.217111,31.887472],[130.212917,31.877472],[130.208306,31.869556],[130.20125,31.869972],[130.197056,31.850833],[130.214972,31.848778],[130.208278,31.847056],[130.208306,31.843722],[130.233361,31.830361],[130.247472,31.831278],[130.229972,31.827889],[130.204139,31.842917],[130.1975,31.842917],[130.195028,31.848722],[130.18125,31.817472],[130.173778,31.815806],[130.174556,31.805833],[130.167111,31.790833],[130.172944,31.779972],[130.179167,31.778694],[130.184583,31.77],[130.188722,31.755806],[130.185389,31.751667],[130.187472,31.747056],[130.195028,31.74625],[130.204139,31.755389],[130.211639,31.754556],[130.224139,31.747056],[130.230778,31.737083],[130.237528,31.732889],[130.253361,31.730389],[130.262944,31.719111],[130.257056,31.717472],[130.262944,31.714139],[130.257944,31.706639],[130.266694,31.706194],[130.270806,31.702889],[130.275,31.704556],[130.297083,31.674167],[130.297889,31.661667],[130.311667,31.659583],[130.322056,31.650806],[130.332861,31.610833],[130.334556,31.569167],[130.323694,31.515833],[130.307139,31.475833],[130.292056,31.452444],[130.292083,31.449139],[130.298333,31.445389],[130.298389,31.440417],[130.293333,31.44625],[130.289222,31.44625],[130.279611,31.437444],[130.274194,31.424556],[130.269111,31.425417],[130.258306,31.417056],[130.253306,31.419556],[130.251722,31.411194],[130.246667,31.414583],[130.233278,31.40875],[130.2275,31.399583],[130.22,31.403722],[130.205778,31.404611],[130.203361,31.407889],[130.195028,31.408722],[130.192083,31.423333],[130.194222,31.428778],[130.186194,31.424944],[130.190389,31.417472],[130.188361,31.408722],[130.182889,31.421667],[130.172056,31.420778],[130.167917,31.434167],[130.16,31.439556],[130.154583,31.431639],[130.145833,31.427889],[130.143778,31.421667],[130.134583,31.415778],[130.135806,31.412917],[130.133333,31.417861],[130.115833,31.42375],[130.108722,31.420833],[130.106222,31.411694],[130.109167,31.407083],[130.112528,31.412889],[130.119972,31.41625],[130.140028,31.405361],[130.152056,31.385833],[130.159583,31.380806],[130.162528,31.372917],[130.171667,31.372889],[130.175833,31.364556],[130.189139,31.36625],[130.19,31.35375],[130.196694,31.353694],[130.199972,31.357056],[130.202889,31.348306],[130.208778,31.346667],[130.202472,31.333694],[130.195806,31.329583],[130.188361,31.332917],[130.180806,31.331222],[130.173806,31.321667],[130.175806,31.319583],[130.180833,31.322056],[130.188333,31.320389],[130.190833,31.313694],[130.199972,31.315389],[130.205056,31.312889],[130.207056,31.319972],[130.212472,31.320389],[130.21875,31.312472],[130.216222,31.307444],[130.223333,31.310417],[130.225361,31.308333],[130.226278,31.304944],[130.221667,31.299556],[130.216639,31.303722],[130.212472,31.298722],[130.200806,31.297056],[130.19875,31.291639],[130.203361,31.277111],[130.205833,31.282056],[130.212917,31.284111],[130.214194,31.28875],[130.216639,31.281278],[130.229556,31.28],[130.223333,31.274556],[130.2175,31.277083],[130.214611,31.273333],[130.215861,31.270389],[130.220861,31.272056],[130.227861,31.27],[130.219972,31.267028],[130.219972,31.262056],[130.21375,31.260833],[130.212056,31.254167],[130.216639,31.247056],[130.220861,31.251222],[130.227472,31.249556],[130.239139,31.258722],[130.242472,31.251222],[130.259972,31.256222],[130.279167,31.245417],[130.284611,31.252472],[130.28375,31.262444],[130.287472,31.267056],[130.295806,31.267083],[130.298361,31.262944],[130.309972,31.264528],[130.315861,31.255361],[130.345861,31.25375],[130.358361,31.24875],[130.363333,31.251278],[130.389972,31.249611],[130.392528,31.252889],[130.395028,31.250417],[130.410833,31.249556],[130.4125,31.252056],[130.4125,31.247861],[130.434972,31.244528],[130.438361,31.250389],[130.461667,31.249556],[130.474139,31.245417],[130.485806,31.237083],[130.512944,31.2075],[130.515417,31.199139],[130.507944,31.193333],[130.509611,31.181639],[130.506278,31.178361],[130.5175,31.165389],[130.530861,31.162944],[130.542472,31.167083],[130.5575,31.177917],[130.585028,31.16125],[130.587472,31.155389],[130.590861,31.162083],[130.597083,31.161667],[130.587889,31.169972],[130.593333,31.177889],[130.609167,31.183694],[130.624972,31.180389],[130.639583,31.189139],[130.644611,31.201639],[130.637444,31.212028],[130.630806,31.202083],[130.630389,31.211667],[130.638333,31.21625],[130.646639,31.215417],[130.65625,31.219972],[130.657111,31.224972],[130.652889,31.229139],[130.649528,31.244139],[130.669556,31.267472],[130.660028,31.267889],[130.656639,31.272917],[130.624944,31.275389],[130.609167,31.292944],[130.597528,31.294556],[130.591611,31.304556],[130.580806,31.307889],[130.571194,31.315806],[130.562889,31.330806],[130.547889,31.374972],[130.547056,31.381694],[130.555,31.384556],[130.55625,31.388333],[130.550028,31.397861],[130.5375,31.394583],[130.540417,31.399111],[130.53375,31.401667],[130.526278,31.414139],[130.512917,31.474944],[130.513806,31.484972],[130.517083,31.487444],[130.51375,31.491611],[130.514611,31.499972],[130.520806,31.50625],[130.530861,31.505389],[130.53375,31.508333],[130.537056,31.519167],[130.530861,31.522056],[130.526667,31.520389],[130.527056,31.524972],[130.538778,31.520806],[130.543722,31.534167],[130.541694,31.535389],[130.537056,31.530806],[130.539972,31.537056],[130.544944,31.535417],[130.547083,31.538306],[130.549583,31.543306],[130.546278,31.544944],[130.547528,31.547917],[130.560389,31.545806],[130.562917,31.557472],[130.557056,31.563333],[130.565389,31.560833],[130.569611,31.573306],[130.564611,31.574972],[130.569194,31.574583],[130.571194,31.580806],[130.570833,31.582861],[130.565389,31.581667],[130.567083,31.584972],[130.563722,31.593306],[130.56625,31.600806],[130.571222,31.602444],[130.579167,31.617083],[130.601278,31.629167],[130.604556,31.645],[130.609583,31.6525],[130.620444,31.657444],[130.612917,31.671639],[130.611306,31.684944],[130.620417,31.706667],[130.628333,31.713722],[130.635861,31.712083],[130.642917,31.716639],[130.641278,31.732444],[130.645444,31.7225],[130.65,31.721222],[130.66125,31.729972],[130.663002,31.73532174],[130.66460292,31.62786996],[130.653333,31.626278],[130.643306,31.62125],[130.625861,31.622056],[130.612056,31.609972],[130.607444,31.598722],[130.600806,31.597056],[130.599194,31.592083],[130.593361,31.592028],[130.591222,31.588278],[130.592111,31.580833],[130.598306,31.579556],[130.6025,31.572917],[130.609167,31.57375],[130.614583,31.563306],[130.620444,31.560833],[130.623278,31.552083],[130.629972,31.555417],[130.639167,31.544556],[130.6657277,31.55237548],[130.67264826,31.0878749],[130.666667,31.086194],[130.652944,31.071667],[130.653333,31.069528],[130.659972,31.070417],[130.670833,31.066222],[130.67300339,31.06403875],[130.67306738,31.05974384],[130.671306,31.058306],[130.6731122,31.05673539],[130.67325474,31.0471687],[130.672944,31.046667],[130.672889,31.042472],[130.67332621,31.04237163],[130.67350254,31.03053618],[130.661222,31.015806],[130.661278,31.011639],[130.654611,31.007472],[130.655389,31.000833],[130.65784244,30.99801632],[127.83771473,30.99801632],[127.83119865,30.99801632],[127.83335108,32.60819669],[127.83336126,32.61580633],[127.84067456,32.61887815],[129.57159699,33.34591854],[129.57181722,33.34486538]]],[[[129.63125,33.364972],[129.625861,33.362889],[129.6227707,33.36634131],[129.62207348,33.3671202],[129.63026739,33.3705619],[129.63044101,33.3695742],[129.63125,33.364972]]],[[[129.657111,33.378306],[129.657917,33.370861],[129.647528,33.374556],[129.645806,33.366222],[129.63340112,33.37082183],[129.63206542,33.37131713],[129.6660441,33.38558921],[129.66616179,33.38462983],[129.666222,33.384139],[129.657111,33.378306]]],[[[129.822056,33.418333],[129.824194,33.412861],[129.832556,33.413722],[129.839167,33.407028],[129.854972,33.403722],[129.860778,33.405417],[129.862861,33.407444],[129.860389,33.411639],[129.86375,33.411694],[129.866278,33.405833],[129.859583,33.399972],[129.867917,33.400833],[129.866278,33.397472],[129.869556,33.395833],[129.865361,33.393333],[129.870389,33.388333],[129.866639,33.389556],[129.864556,33.386639],[129.867056,33.377472],[129.859139,33.375417],[129.861194,33.384139],[129.857917,33.384111],[129.860417,33.389139],[129.858306,33.39625],[129.851222,33.392528],[129.8525,33.38875],[129.857083,33.388306],[129.855833,33.386194],[129.846667,33.38625],[129.842528,33.389556],[129.839167,33.380417],[129.837861,33.385806],[129.835806,33.384556],[129.830389,33.391639],[129.834528,33.4025],[129.831639,33.407889],[129.824194,33.411278],[129.796306,33.415],[129.801667,33.407056],[129.812889,33.402472],[129.807917,33.395806],[129.812083,33.384944],[129.807917,33.3825],[129.809639,33.371667],[129.813722,33.368333],[129.804556,33.366667],[129.804583,33.360028],[129.809611,33.355],[129.807028,33.351639],[129.811639,33.347889],[129.822889,33.359167],[129.819972,33.365417],[129.836611,33.362889],[129.842917,33.365833],[129.837917,33.370806],[129.839972,33.372028],[129.845028,33.37125],[129.846611,33.367861],[129.857917,33.371639],[129.853361,33.363694],[129.849944,33.365389],[129.847889,33.363333],[129.850444,33.356611],[129.847472,33.357028],[129.847111,33.354111],[129.850444,33.349111],[129.843361,33.350361],[129.84125,33.347472],[129.847889,33.338306],[129.847528,33.333722],[129.840861,33.338694],[129.83875,33.337444],[129.843333,33.328722],[129.847083,33.328306],[129.842139,33.324139],[129.842889,33.319167],[129.836639,33.323722],[129.835444,33.312444],[129.827056,33.3125],[129.831667,33.303722],[129.844972,33.302083],[129.857917,33.284111],[129.863306,33.281222],[129.855778,33.27875],[129.855444,33.285806],[129.848333,33.292083],[129.844944,33.292917],[129.842917,33.287472],[129.839167,33.287056],[129.830806,33.29875],[129.822472,33.297861],[129.817889,33.3025],[129.814583,33.31],[129.817972,33.314111],[129.813722,33.317528],[129.815361,33.323361],[129.810778,33.324583],[129.801694,33.335417],[129.792944,33.338333],[129.793722,33.353333],[129.789556,33.361667],[129.792028,33.369139],[129.7875,33.372889],[129.774583,33.373333],[129.773278,33.356278],[129.765833,33.355389],[129.756694,33.367083],[129.744111,33.368694],[129.727472,33.354528],[129.715861,33.349556],[129.704944,33.347056],[129.700778,33.353722],[129.696611,33.355417],[129.694972,33.352083],[129.691694,33.357083],[129.687917,33.356667],[129.685833,33.350417],[129.680833,33.350389],[129.669583,33.368333],[129.674556,33.369167],[129.676278,33.385806],[129.684167,33.385361],[129.686278,33.390806],[129.68312317,33.39177873],[129.6817719,33.39219537],[129.80008285,33.44188959],[129.80031857,33.44117437],[129.801667,33.437083],[129.808389,33.436222],[129.818333,33.424583],[129.832056,33.4225],[129.822056,33.418333]]],[[[129.851222,33.454139],[129.850806,33.447056],[129.844167,33.447028],[129.839944,33.452056],[129.836639,33.451222],[129.83871412,33.45735737],[129.83901315,33.45824151],[129.85560616,33.46521108],[129.85578571,33.46455272],[129.857944,33.456639],[129.851222,33.454139]]],[[[130.134639,33.566639],[130.130833,33.559583],[130.125861,33.562889],[130.11875,33.559972],[130.114583,33.551639],[130.115778,33.547056],[130.119194,33.547083],[130.1275,33.556222],[130.136694,33.554556],[130.143278,33.548694],[130.158361,33.560417],[130.164556,33.559167],[130.164583,33.552444],[130.15375,33.544139],[130.153361,33.537889],[130.124944,33.527056],[130.124167,33.524583],[130.133694,33.521639],[130.125861,33.511222],[130.115028,33.50875],[130.105806,33.512056],[130.10625,33.515833],[130.1,33.517944],[130.09875,33.510778],[130.093333,33.507917],[130.081639,33.508694],[130.077472,33.504556],[130.058361,33.498722],[130.045833,33.498694],[130.044556,33.495806],[130.048778,33.491639],[130.037056,33.468306],[130.040444,33.456667],[130.034111,33.451222],[130.020028,33.447889],[130.001639,33.447861],[129.979972,33.45625],[129.965861,33.457889],[129.96125,33.461639],[129.962056,33.468333],[129.972083,33.4775],[129.966694,33.485389],[129.957917,33.482472],[129.955028,33.472056],[129.946694,33.471222],[129.938694,33.475806],[129.938778,33.4825],[129.947944,33.487472],[129.946222,33.494972],[129.956667,33.505389],[129.967472,33.506222],[129.969611,33.511639],[129.96860162,33.51210249],[129.96795315,33.51240025],[130.09983834,33.56779607],[130.09993908,33.56745874],[130.100806,33.564556],[130.121667,33.575417],[130.129194,33.567889],[130.134639,33.566639]]],[[[130.3716667,33.66506257],[130.40025792,33.6127091],[130.40004484,33.61263916],[130.397083,33.611667],[130.402889,33.606667],[130.397944,33.605806],[130.397528,33.600389],[130.392889,33.609139],[130.388306,33.610389],[130.385417,33.608306],[130.386222,33.600806],[130.392083,33.598333],[130.386694,33.595417],[130.3825,33.602889],[130.375028,33.605389],[130.371639,33.600444],[130.364556,33.598333],[130.36625,33.594139],[130.363306,33.59125],[130.344111,33.586194],[130.341639,33.592917],[130.334139,33.591222],[130.314944,33.598722],[130.311222,33.595833],[130.312889,33.589167],[130.305833,33.584556],[130.295806,33.581222],[130.289167,33.58375],[130.273333,33.582944],[130.267083,33.590778],[130.274556,33.601639],[130.275389,33.611667],[130.271639,33.613722],[130.243306,33.612917],[130.234139,33.616194],[130.23099358,33.62269573],[130.23091737,33.62285327],[130.32002118,33.6602796],[130.32010898,33.66025618],[130.325861,33.658722],[130.334139,33.649528],[130.346722,33.650417],[130.357472,33.643722],[130.362889,33.644167],[130.360389,33.653306],[130.362861,33.659972],[130.369167,33.664556],[130.37162208,33.66505353],[130.3716667,33.66506257]]],[[[130.36782531,33.67205516],[130.341611,33.662111],[130.32589828,33.66269626],[130.32578478,33.66270049],[130.36167944,33.67777734],[130.36415505,33.67881717],[130.36464076,33.67792779],[130.36784403,33.67206226],[130.36782531,33.67205516]]]]}},{"type":"Feature","properties":{"sterm_parent":"남해동부바깥먼바다","fcst_kor_nm":"남해동부 바깥먼바다","zone_id":"S1312020"},"geometry":{"type":"MultiPolygon","coordinates":[[[[130.67398705,30.99801632],[130.66832321,30.99801632],[130.668833,30.99825],[130.668861,30.999111],[130.667889,31.007472],[130.672472,31.009611],[130.67382526,31.00887554],[130.67398705,30.99801632]]],[[[129.57181722,33.34486538],[129.574583,33.331639],[129.565,33.334583],[129.560389,33.331639],[129.562083,33.324111],[129.574611,33.313306],[129.578333,33.302056],[129.582944,33.304167],[129.582528,33.31125],[129.585806,33.305389],[129.593333,33.305417],[129.5975,33.31125],[129.610833,33.316222],[129.611639,33.312889],[129.619528,33.310806],[129.616667,33.30875],[129.606694,33.312917],[129.590861,33.29375],[129.589167,33.296222],[129.584583,33.294972],[129.582889,33.29],[129.588722,33.285],[129.589194,33.272917],[129.582556,33.272889],[129.580056,33.267056],[129.578333,33.281194],[129.572083,33.273333],[129.573694,33.270806],[129.570778,33.272083],[129.565472,33.268333],[129.57625,33.263361],[129.568333,33.263722],[129.563361,33.25625],[129.559611,33.255806],[129.559639,33.250833],[129.565,33.252056],[129.565389,33.249139],[129.56,33.249556],[129.557056,33.246667],[129.559139,33.243722],[129.552056,33.2425],[129.562444,33.239583],[129.566639,33.244556],[129.567972,33.231667],[129.563361,33.22875],[129.563722,33.233333],[129.55875,33.234972],[129.559167,33.237889],[129.554194,33.23625],[129.554556,33.230806],[129.560417,33.2275],[129.552917,33.217472],[129.559167,33.214556],[129.565,33.220389],[129.576194,33.213333],[129.576667,33.207056],[129.580389,33.209139],[129.577917,33.215],[129.5825,33.21625],[129.585,33.21125],[129.5975,33.209583],[129.603722,33.213333],[129.605,33.221222],[129.616694,33.226222],[129.606222,33.220833],[129.605444,33.212528],[129.595361,33.206611],[129.596222,33.201639],[129.609139,33.206194],[129.609167,33.20375],[129.616667,33.202889],[129.620861,33.215417],[129.621222,33.200806],[129.615833,33.200389],[129.615389,33.196667],[129.621639,33.194556],[129.623361,33.190444],[129.628333,33.190417],[129.639583,33.199167],[129.640417,33.212528],[129.636222,33.223306],[129.638361,33.224556],[129.644556,33.208306],[129.64875,33.2075],[129.644528,33.203333],[129.645361,33.195833],[129.649167,33.192889],[129.650806,33.195389],[129.655361,33.193306],[129.652111,33.192528],[129.651639,33.18875],[129.645833,33.194556],[129.643694,33.192444],[129.649528,33.188306],[129.649167,33.185389],[129.655417,33.185],[129.649139,33.18125],[129.644167,33.182083],[129.642889,33.175778],[129.637944,33.174167],[129.635444,33.167472],[129.65,33.17375],[129.65,33.168722],[129.661694,33.171222],[129.665417,33.1775],[129.664194,33.184556],[129.66625,33.174111],[129.659583,33.168306],[129.667056,33.165],[129.664583,33.160833],[129.669194,33.162889],[129.675861,33.157917],[129.674556,33.164972],[129.68,33.164583],[129.678778,33.150806],[129.68375,33.148306],[129.68125,33.145806],[129.698722,33.138306],[129.689167,33.137056],[129.684167,33.141194],[129.680806,33.127083],[129.676694,33.131222],[129.665806,33.127028],[129.657917,33.136639],[129.659583,33.116639],[129.665361,33.110833],[129.666694,33.102056],[129.674528,33.107528],[129.674139,33.11875],[129.682472,33.114583],[129.6925,33.117056],[129.700833,33.113722],[129.712917,33.115778],[129.710778,33.12125],[129.702083,33.124139],[129.710778,33.122889],[129.712083,33.133306],[129.71125,33.139972],[129.706278,33.142444],[129.708778,33.151667],[129.700417,33.160806],[129.701667,33.162861],[129.708361,33.159556],[129.709139,33.164556],[129.714972,33.160389],[129.714972,33.166222],[129.719139,33.162083],[129.724111,33.162917],[129.724556,33.158333],[129.728778,33.1575],[129.722083,33.154167],[129.722889,33.148306],[129.727972,33.147472],[129.720389,33.141639],[129.720861,33.13625],[129.727028,33.136667],[129.726694,33.12625],[129.737528,33.125389],[129.732917,33.1325],[129.734139,33.137083],[129.741611,33.132056],[129.751611,33.14375],[129.76,33.138694],[129.769111,33.146194],[129.779972,33.143722],[129.782472,33.14625],[129.785,33.14125],[129.768278,33.14375],[129.75875,33.135778],[129.758306,33.131278],[129.765806,33.131222],[129.772917,33.127444],[129.758333,33.12875],[129.761222,33.1225],[129.757472,33.114611],[129.751639,33.126222],[129.745444,33.125],[129.742944,33.116639],[129.751222,33.108333],[129.751639,33.100389],[129.746667,33.099556],[129.731694,33.105361],[129.728722,33.103333],[129.736194,33.084139],[129.7425,33.077917],[129.747472,33.082083],[129.750417,33.076667],[129.74125,33.074139],[129.744556,33.068278],[129.742056,33.062472],[129.758278,33.06375],[129.755444,33.056639],[129.762444,33.050361],[129.768806,33.050833],[129.765417,33.0575],[129.769167,33.060417],[129.782111,33.060833],[129.778278,33.067056],[129.772083,33.066639],[129.771611,33.07375],[129.765056,33.074583],[129.759556,33.080806],[129.759556,33.0875],[129.763722,33.088333],[129.764611,33.0975],[129.769139,33.100389],[129.768778,33.0875],[129.765833,33.088722],[129.762111,33.0825],[129.766667,33.076222],[129.770028,33.074556],[129.772528,33.079583],[129.774167,33.075389],[129.778333,33.075417],[129.784139,33.082889],[129.789222,33.084556],[129.7925,33.082083],[129.796667,33.08875],[129.795389,33.082472],[129.799139,33.077056],[129.803667,33.076694],[129.800389,33.072472],[129.804583,33.070833],[129.798306,33.069556],[129.798278,33.065389],[129.813361,33.067917],[129.818306,33.06125],[129.822056,33.062472],[129.82,33.066278],[129.824944,33.066222],[129.826639,33.062917],[129.83625,33.059972],[129.825861,33.054556],[129.82125,33.048333],[129.819611,33.040833],[129.824139,33.035361],[129.832917,33.038333],[129.839972,33.055361],[129.844944,33.046222],[129.854972,33.060417],[129.874111,33.063722],[129.8925,33.056194],[129.901222,33.0475],[129.902917,33.040833],[129.911694,33.038722],[129.916667,33.031222],[129.924167,33.032083],[129.943778,33.014194],[129.944556,32.997528],[129.950444,32.9875],[129.949972,32.984583],[129.943722,32.983333],[129.945472,32.98],[129.936278,32.9725],[129.936639,32.969583],[129.933361,32.972056],[129.928722,32.969972],[129.932139,32.964167],[129.927944,32.9425],[129.932056,32.926639],[129.930361,32.922472],[129.957944,32.902444],[129.950444,32.894139],[129.957028,32.894167],[129.956694,32.887861],[129.969944,32.889583],[129.972944,32.8875],[129.96375,32.881611],[129.964528,32.8725],[129.979944,32.866194],[129.983333,32.859583],[129.989139,32.85875],[129.993306,32.847889],[130.009611,32.846639],[130.003694,32.842472],[130.009972,32.83875],[129.994139,32.83625],[129.987556,32.841222],[129.985833,32.835389],[129.978333,32.837056],[129.980444,32.843333],[129.977917,32.846639],[129.973333,32.849583],[129.967444,32.847056],[129.959194,32.847917],[129.95875,32.855833],[129.952472,32.862917],[129.94,32.862028],[129.932472,32.857056],[129.929583,32.859139],[129.930806,32.866222],[129.924944,32.863694],[129.920833,32.867917],[129.915,32.866222],[129.912528,32.871222],[129.91,32.867861],[129.906278,32.875806],[129.899167,32.879583],[129.893278,32.867889],[129.888333,32.874556],[129.884528,32.874139],[129.881722,32.882056],[129.877861,32.879167],[129.878722,32.864139],[129.870417,32.860833],[129.869139,32.842056],[129.858722,32.846639],[129.862083,32.848333],[129.857917,32.850833],[129.860444,32.854139],[129.855444,32.856639],[129.855,32.860417],[129.851194,32.859972],[129.847861,32.8525],[129.852944,32.841639],[129.849194,32.83125],[129.841222,32.837472],[129.841667,32.842056],[129.8375,32.840361],[129.830806,32.847861],[129.825417,32.849167],[129.825444,32.856667],[129.814972,32.861194],[129.814222,32.864583],[129.800806,32.863694],[129.795861,32.872889],[129.79125,32.872472],[129.792944,32.868333],[129.789972,32.867028],[129.791222,32.885806],[129.796639,32.887889],[129.795417,32.879139],[129.801667,32.876222],[129.800417,32.880833],[129.80375,32.879139],[129.812111,32.893278],[129.810833,32.895417],[129.80625,32.894139],[129.806639,32.90875],[129.7925,32.907917],[129.79375,32.901667],[129.789194,32.905417],[129.789222,32.899556],[129.78375,32.906639],[129.786639,32.912083],[129.789972,32.910389],[129.795417,32.913333],[129.793361,32.917056],[129.787083,32.9175],[129.789556,32.926667],[129.78625,32.929139],[129.785389,32.945806],[129.789194,32.949583],[129.801306,32.952472],[129.797083,32.946667],[129.794583,32.932472],[129.8,32.937083],[129.801306,32.932472],[129.797889,32.928333],[129.800417,32.927444],[129.797083,32.924139],[129.804639,32.915861],[129.798306,32.91625],[129.797917,32.913306],[129.806667,32.91125],[129.817944,32.924194],[129.814611,32.930806],[129.81875,32.932472],[129.815389,32.935833],[129.818722,32.937472],[129.819556,32.944972],[129.817083,32.955806],[129.807861,32.960861],[129.811667,32.967056],[129.819167,32.967889],[129.819222,32.972861],[129.825444,32.969167],[129.82375,32.981639],[129.819194,32.985417],[129.813722,32.984972],[129.815361,32.994139],[129.810861,32.993722],[129.811667,32.99875],[129.804556,33],[129.800833,33.008722],[129.795,33.010417],[129.784972,33.007111],[129.778333,33.014583],[129.771639,33.014556],[129.764972,33.022056],[129.757056,33.017528],[129.757917,33.012472],[129.752889,33.007472],[129.75125,32.999167],[129.763361,32.99875],[129.764528,32.994972],[129.758306,32.997944],[129.760861,32.992083],[129.754972,32.997083],[129.750861,32.992889],[129.749583,33.005028],[129.745806,33.00625],[129.742917,32.992472],[129.745389,32.987472],[129.740833,32.987889],[129.741278,32.992472],[129.732917,32.996667],[129.742917,33],[129.741667,33.005417],[129.732917,33.009139],[129.741278,33.016639],[129.738306,33.017861],[129.735833,33.015417],[129.735417,33.017472],[129.747917,33.031667],[129.747861,33.038306],[129.753306,33.037889],[129.762917,33.048306],[129.746611,33.061222],[129.740389,33.058333],[129.742472,33.050417],[129.737528,33.054583],[129.736278,33.048278],[129.729972,33.047083],[129.733722,33.050833],[129.729528,33.053306],[129.731194,33.057472],[129.737528,33.060417],[129.738778,33.064944],[129.734556,33.066639],[129.73,33.077083],[129.717528,33.07125],[129.722889,33.08],[129.717472,33.082083],[129.713306,33.08875],[129.707861,33.088333],[129.709583,33.083333],[129.706639,33.082889],[129.702556,33.092083],[129.698278,33.089583],[129.682472,33.100444],[129.675806,33.097083],[129.674583,33.089139],[129.67875,33.088306],[129.676278,33.082472],[129.666667,33.082083],[129.662056,33.076667],[129.674167,33.078722],[129.672889,33.072472],[129.660361,33.070833],[129.675417,33.064972],[129.666667,33.064611],[129.662056,33.060861],[129.660833,33.042056],[129.647917,33.040833],[129.64875,33.0175],[129.655417,33.008306],[129.653722,33.005806],[129.659583,33.004167],[129.66125,32.996639],[129.654111,32.99875],[129.652944,32.987472],[129.649972,32.986222],[129.646611,32.98625],[129.641639,32.994583],[129.639167,32.98875],[129.63125,32.986667],[129.629583,32.979111],[129.626222,32.977472],[129.629583,32.96],[129.625417,32.956639],[129.630444,32.953333],[129.624583,32.951639],[129.629583,32.9475],[129.626222,32.945806],[129.630806,32.943722],[129.6375,32.947056],[129.639556,32.939139],[129.632056,32.924972],[129.637083,32.924139],[129.639139,32.917028],[129.643806,32.930028],[129.648306,32.930389],[129.655361,32.918333],[129.663722,32.917472],[129.658694,32.912472],[129.659583,32.907472],[129.66625,32.903333],[129.672889,32.884139],[129.681278,32.878333],[129.677056,32.869167],[129.684528,32.852472],[129.691639,32.842056],[129.70125,32.839139],[129.701667,32.828722],[129.713278,32.832889],[129.717889,32.831667],[129.719583,32.820833],[129.73125,32.814111],[129.732472,32.806194],[129.74125,32.804944],[129.748361,32.821222],[129.755,32.817083],[129.765778,32.823694],[129.770056,32.819556],[129.771611,32.823722],[129.783694,32.825833],[129.77875,32.824139],[129.765389,32.797472],[129.775889,32.796278],[129.781667,32.787056],[129.791222,32.785],[129.791639,32.776222],[129.802111,32.774167],[129.798306,32.767083],[129.79125,32.764944],[129.796667,32.757861],[129.808278,32.760361],[129.814583,32.756667],[129.803778,32.746667],[129.804111,32.742056],[129.815,32.738722],[129.825806,32.742056],[129.82625,32.737528],[129.83125,32.734167],[129.82625,32.729944],[129.828722,32.726667],[129.815028,32.717028],[129.820778,32.718694],[129.827444,32.714528],[129.832528,32.723722],[129.836667,32.719583],[129.839139,32.725417],[129.84125,32.719944],[129.844972,32.718722],[129.84625,32.724139],[129.856194,32.730833],[129.857111,32.739944],[129.86375,32.742472],[129.865806,32.748778],[129.868778,32.747472],[129.866278,32.745833],[129.867944,32.738333],[129.855444,32.725806],[129.858806,32.721667],[129.850444,32.72],[129.845417,32.709944],[129.847083,32.704167],[129.842028,32.702472],[129.841639,32.696222],[129.8375,32.698722],[129.832917,32.696639],[129.834139,32.689583],[129.827472,32.687917],[129.820444,32.694139],[129.826194,32.696667],[129.82625,32.703333],[129.830417,32.705806],[129.824944,32.707917],[129.817472,32.704583],[129.81875,32.7025],[129.805028,32.690389],[129.792444,32.694611],[129.78875,32.69],[129.79,32.685389],[129.792444,32.687056],[129.79375,32.682444],[129.800028,32.680417],[129.803333,32.675417],[129.80875,32.6775],[129.806639,32.682083],[129.816194,32.682472],[129.817972,32.6725],[129.814611,32.653278],[129.809167,32.655361],[129.805417,32.650806],[129.801278,32.639972],[129.790472,32.629139],[129.78875,32.613333],[129.778722,32.609167],[129.779944,32.603722],[129.765861,32.593722],[129.755,32.592083],[129.757056,32.587472],[129.754111,32.582056],[129.755389,32.5875],[129.749111,32.59125],[129.735417,32.58],[129.738306,32.567889],[129.744972,32.57375],[129.753333,32.572889],[129.754972,32.577861],[129.765028,32.58125],[129.774167,32.577917],[129.780833,32.569583],[129.783778,32.575806],[129.779611,32.5775],[129.779944,32.580417],[129.805806,32.588722],[129.837889,32.619167],[129.83625,32.630806],[129.839972,32.640389],[129.843361,32.637056],[129.851694,32.63625],[129.8625,32.642944],[129.8725,32.642917],[129.873333,32.649556],[129.884194,32.651194],[129.895833,32.660389],[129.897944,32.668278],[129.903722,32.672472],[129.903722,32.68],[129.915361,32.692444],[129.916222,32.700806],[129.911222,32.703306],[129.912056,32.710806],[129.920806,32.704556],[129.925806,32.706222],[129.929556,32.720806],[129.935,32.717056],[129.943778,32.725806],[129.942083,32.731667],[129.951667,32.734556],[129.956278,32.739167],[129.956306,32.747472],[129.946222,32.758333],[129.952917,32.76],[129.953306,32.76875],[129.958278,32.763722],[129.975,32.760389],[129.980833,32.762056],[129.990833,32.752889],[129.999139,32.762083],[130.005806,32.757056],[130.017528,32.759583],[130.025,32.757917],[130.032111,32.761639],[130.026667,32.766278],[130.038306,32.765361],[130.054972,32.779611],[130.066611,32.786222],[130.080833,32.789583],[130.083306,32.79375],[130.1025,32.792889],[130.126639,32.787056],[130.135,32.78875],[130.145028,32.795361],[130.154167,32.792889],[130.178333,32.79375],[130.193722,32.782472],[130.185417,32.775806],[130.188722,32.765806],[130.184139,32.765389],[130.18375,32.762472],[130.189944,32.761222],[130.195806,32.752917],[130.199167,32.752889],[130.2,32.756194],[130.206278,32.753333],[130.207889,32.739167],[130.203778,32.727472],[130.196667,32.717917],[130.187917,32.715],[130.184167,32.707083],[130.170833,32.702056],[130.167944,32.699167],[130.169194,32.693694],[130.159139,32.69375],[130.154972,32.682889],[130.143333,32.681222],[130.1425,32.678722],[130.133306,32.682056],[130.128333,32.689556],[130.125389,32.688333],[130.126278,32.682472],[130.131222,32.678306],[130.127111,32.665806],[130.128806,32.640806],[130.135028,32.635417],[130.146639,32.633722],[130.153361,32.622083],[130.158361,32.622889],[130.159139,32.626278],[130.168722,32.619139],[130.174528,32.607444],[130.16375,32.596667],[130.167528,32.589583],[130.175028,32.592111],[130.181611,32.590389],[130.19,32.599583],[130.197917,32.599167],[130.198778,32.604139],[130.186639,32.607056],[130.186667,32.610389],[130.200861,32.607889],[130.205028,32.602861],[130.219139,32.603694],[130.232472,32.609583],[130.23125,32.615],[130.241667,32.627889],[130.251639,32.625389],[130.259583,32.631667],[130.256278,32.637472],[130.266278,32.648306],[130.258306,32.651278],[130.2875,32.652917],[130.291694,32.650417],[130.304194,32.650389],[130.335833,32.669583],[130.350472,32.673333],[130.359556,32.692472],[130.358306,32.696278],[130.349556,32.699972],[130.347083,32.709167],[130.375389,32.736639],[130.373722,32.744167],[130.377861,32.748278],[130.372139,32.765028],[130.378722,32.7775],[130.375417,32.786639],[130.378361,32.78375],[130.380444,32.785833],[130.372111,32.794111],[130.367083,32.805],[130.36875,32.8075],[130.357917,32.816611],[130.34,32.857861],[130.324167,32.863694],[130.320028,32.869583],[130.311639,32.872083],[130.31,32.876222],[130.280028,32.877917],[130.261694,32.871222],[130.2425,32.876222],[130.223333,32.859583],[130.197472,32.85125],[130.189972,32.842889],[130.160028,32.842083],[130.156639,32.82625],[130.157083,32.841639],[130.148306,32.848722],[130.141667,32.849583],[130.125861,32.842056],[130.108306,32.862083],[130.092528,32.864583],[130.087917,32.859167],[130.089556,32.861667],[130.08625,32.864167],[130.102472,32.87375],[130.108694,32.883333],[130.114167,32.885389],[130.125833,32.897889],[130.133333,32.89875],[130.1425,32.895389],[130.154944,32.900389],[130.156667,32.90625],[130.163306,32.906194],[130.1675,32.914583],[130.187139,32.913306],[130.187111,32.921611],[130.190861,32.925417],[130.203778,32.929139],[130.202056,32.95],[130.205806,32.95625],[130.213389,32.95625],[130.212528,32.960361],[130.217472,32.958722],[130.21375,32.952444],[130.218389,32.949611],[130.22625,32.954972],[130.225444,32.959167],[130.220361,32.961667],[130.225444,32.963333],[130.222972,32.975861],[130.216667,32.980389],[130.212472,32.979556],[130.212056,32.985806],[130.205056,32.992056],[130.192889,32.990806],[130.195444,32.996611],[130.187889,33.000806],[130.189611,33.012472],[130.18375,33.016667],[130.172111,33.051667],[130.147917,33.074167],[130.143806,33.089944],[130.139167,33.093722],[130.127111,33.093306],[130.137944,33.096639],[130.133306,33.102917],[130.123389,33.100389],[130.114583,33.101667],[130.120389,33.103333],[130.119167,33.107056],[130.130389,33.108278],[130.127111,33.12],[130.117944,33.129139],[130.130806,33.125417],[130.129111,33.13625],[130.141639,33.114528],[130.154139,33.113722],[130.17,33.129556],[130.194194,33.142917],[130.193333,33.147889],[130.220389,33.164139],[130.214556,33.171639],[130.229556,33.183278],[130.229556,33.187528],[130.219139,33.196222],[130.203361,33.194528],[130.193306,33.204556],[130.201667,33.197083],[130.210806,33.199556],[130.228361,33.19875],[130.236667,33.192889],[130.246639,33.19125],[130.248722,33.2025],[130.255806,33.207889],[130.257056,33.198306],[130.252111,33.190806],[130.25375,33.186667],[130.259972,33.179556],[130.278389,33.169556],[130.278722,33.163306],[130.285472,33.161639],[130.288333,33.149528],[130.328333,33.142917],[130.331278,33.155778],[130.322944,33.163306],[130.32125,33.169111],[130.326639,33.177083],[130.338722,33.184167],[130.341222,33.2075],[130.359167,33.212861],[130.366667,33.225444],[130.382056,33.234139],[130.386667,33.243778],[130.415028,33.254556],[130.428306,33.27125],[130.445833,33.275389],[130.456278,33.286667],[130.454583,33.296667],[130.455861,33.299556],[130.457861,33.298333],[130.458778,33.288306],[130.4475,33.273722],[130.427528,33.267083],[130.414972,33.252056],[130.389167,33.24375],[130.379611,33.221694],[130.362056,33.210833],[130.357083,33.179167],[130.357917,33.154111],[130.3675,33.139583],[130.377889,33.141639],[130.37375,33.138306],[130.377111,33.129167],[130.372917,33.12],[130.397083,33.107472],[130.389611,33.095806],[130.412444,33.089528],[130.432917,33.109111],[130.411222,33.085833],[130.425389,33.053306],[130.438722,33.049944],[130.430889,33.046194],[130.4275,33.050417],[130.423806,33.049944],[130.421194,33.036639],[130.425806,33.035444],[130.42625,33.0325],[130.410389,33.020833],[130.40875,33.010833],[130.411639,33.010389],[130.416722,33.01625],[130.425389,33.015],[130.419972,33.012889],[130.419194,33.008722],[130.404139,33.007917],[130.400417,33.004972],[130.414167,33.004528],[130.417444,32.999278],[130.427944,32.9975],[130.435389,32.952444],[130.442083,32.935028],[130.441278,32.927472],[130.445028,32.922917],[130.449972,32.92375],[130.460028,32.917056],[130.464167,32.917944],[130.472528,32.907056],[130.523333,32.881194],[130.535361,32.889972],[130.544556,32.906667],[130.537972,32.888361],[130.523722,32.869972],[130.52375,32.854167],[130.561694,32.842056],[130.566639,32.842861],[130.574528,32.854972],[130.56875,32.838306],[130.574972,32.832917],[130.579167,32.832917],[130.581694,32.82625],[130.590861,32.825389],[130.59375,32.821667],[130.591222,32.813278],[130.595861,32.809556],[130.601694,32.809556],[130.604528,32.806639],[130.602944,32.799972],[130.610861,32.797056],[130.61875,32.788306],[130.609972,32.792083],[130.605417,32.785833],[130.608333,32.780417],[130.619111,32.776222],[130.605861,32.77875],[130.599583,32.776639],[130.599556,32.763361],[130.607917,32.744972],[130.602917,32.733306],[130.604611,32.72],[130.6325,32.710417],[130.63875,32.698306],[130.638333,32.69625],[130.624167,32.711194],[130.610861,32.713722],[130.590861,32.711222],[130.586667,32.705389],[130.5675,32.701222],[130.542083,32.673361],[130.540833,32.667056],[130.527472,32.665389],[130.499972,32.654556],[130.479194,32.642889],[130.474222,32.637056],[130.460806,32.634583],[130.451222,32.623278],[130.460444,32.616667],[130.459556,32.6075],[130.467444,32.605417],[130.488306,32.612028],[130.504972,32.612861],[130.514167,32.610417],[130.521694,32.612889],[130.523333,32.617917],[130.5275,32.616194],[130.530861,32.620389],[130.538306,32.61875],[130.542444,32.62375],[130.556667,32.62375],[130.560833,32.620361],[130.568306,32.623722],[130.579139,32.620361],[130.591667,32.624556],[130.595,32.621194],[130.609167,32.629556],[130.636694,32.632056],[130.649167,32.641222],[130.64951076,32.64083989],[130.64988179,32.61593652],[130.644167,32.619528],[130.623333,32.618722],[130.618778,32.615],[130.638333,32.600361],[130.648306,32.587056],[130.632528,32.600389],[130.617889,32.5925],[130.624972,32.584556],[130.612528,32.593722],[130.608306,32.593722],[130.607917,32.589139],[130.615028,32.585389],[130.599972,32.585417],[130.599111,32.579583],[130.588361,32.577083],[130.589611,32.571611],[130.582917,32.569111],[130.589611,32.5675],[130.584139,32.56625],[130.581667,32.56875],[130.578694,32.56],[130.573722,32.5575],[130.564167,32.54125],[130.5525,32.542056],[130.544194,32.528722],[130.537917,32.526667],[130.551639,32.517056],[130.580778,32.505389],[130.622028,32.499139],[130.618306,32.494222],[130.612667,32.492639],[130.584917,32.490583],[130.577139,32.493583],[130.570833,32.501222],[130.543694,32.499167],[130.542083,32.4875],[130.546667,32.477944],[130.564167,32.475361],[130.577083,32.479167],[130.564611,32.468306],[130.565472,32.455028],[130.572111,32.442444],[130.56875,32.439167],[130.571194,32.4325],[130.553333,32.422917],[130.546667,32.423694],[130.536722,32.408694],[130.514167,32.392944],[130.510417,32.385806],[130.490444,32.368306],[130.486639,32.358722],[130.495,32.362056],[130.495806,32.357917],[130.504139,32.35875],[130.505444,32.354944],[130.483333,32.345417],[130.480444,32.341667],[130.482917,32.330806],[130.477472,32.32875],[130.474139,32.332056],[130.470028,32.327056],[130.465778,32.327917],[130.46875,32.324167],[130.465417,32.319167],[130.470389,32.3175],[130.470833,32.301222],[130.490028,32.300417],[130.495417,32.304139],[130.49,32.297056],[130.482472,32.296222],[130.480444,32.290806],[130.474194,32.287889],[130.470472,32.295],[130.465,32.29625],[130.467111,32.284139],[130.464167,32.277889],[130.459167,32.290361],[130.449194,32.28875],[130.452083,32.281639],[130.450833,32.279583],[130.447444,32.282083],[130.444556,32.278333],[130.449194,32.272028],[130.444167,32.269583],[130.438333,32.27125],[130.432528,32.264556],[130.427889,32.264944],[130.435389,32.254167],[130.429139,32.250389],[130.424167,32.25125],[130.425361,32.246639],[130.430806,32.240389],[130.442472,32.23625],[130.434972,32.236222],[130.432472,32.229556],[130.424167,32.237889],[130.419167,32.235444],[130.416694,32.237056],[130.41,32.232111],[130.401694,32.235389],[130.398722,32.229139],[130.39375,32.226667],[130.402139,32.219139],[130.393333,32.22375],[130.385778,32.217944],[130.385861,32.214556],[130.377917,32.211667],[130.383722,32.207472],[130.374139,32.205389],[130.373778,32.202472],[130.387083,32.201639],[130.377083,32.198333],[130.379583,32.190861],[130.374583,32.184139],[130.379611,32.175778],[130.371222,32.177472],[130.374611,32.180833],[130.373361,32.18375],[130.360389,32.181667],[130.367139,32.176667],[130.357917,32.166694],[130.362083,32.151694],[130.353722,32.145833],[130.352056,32.137472],[130.345,32.130389],[130.337917,32.128278],[130.339556,32.120833],[130.335806,32.11875],[130.329139,32.127056],[130.312111,32.115778],[130.305361,32.1075],[130.304194,32.100417],[130.301694,32.109583],[130.285833,32.109583],[130.280444,32.105],[130.276667,32.094556],[130.277944,32.104167],[130.283,32.111667],[130.272944,32.118306],[130.274528,32.125806],[130.269139,32.129583],[130.261222,32.127472],[130.272139,32.115861],[130.266722,32.119583],[130.266667,32.112056],[130.262111,32.123333],[130.253333,32.12875],[130.223333,32.129556],[130.193306,32.117889],[130.189944,32.112917],[130.180833,32.11125],[130.174583,32.105],[130.174528,32.090833],[130.169583,32.088306],[130.171306,32.078333],[130.184167,32.071222],[130.182056,32.079139],[130.190806,32.083694],[130.19125,32.077444],[130.200444,32.074972],[130.208778,32.06],[130.203778,32.055806],[130.202111,32.038333],[130.194556,32.035833],[130.19375,32.0225],[130.1875,32.016194],[130.17875,32.014167],[130.177944,32.000833],[130.182139,31.993306],[130.175861,31.993722],[130.172917,31.990833],[130.180833,31.98875],[130.186639,31.994583],[130.190833,31.985389],[130.195028,31.989583],[130.202083,31.985],[130.199583,31.977444],[130.209556,31.969972],[130.212028,31.964167],[130.215444,31.936639],[130.220417,31.926611],[130.218778,31.915806],[130.22375,31.910778],[130.221222,31.896639],[130.212889,31.890833],[130.217111,31.887472],[130.212917,31.877472],[130.208306,31.869556],[130.20125,31.869972],[130.197056,31.850833],[130.214972,31.848778],[130.208278,31.847056],[130.208306,31.843722],[130.233361,31.830361],[130.247472,31.831278],[130.229972,31.827889],[130.204139,31.842917],[130.1975,31.842917],[130.195028,31.848722],[130.18125,31.817472],[130.173778,31.815806],[130.174556,31.805833],[130.167111,31.790833],[130.172944,31.779972],[130.179167,31.778694],[130.184583,31.77],[130.188722,31.755806],[130.185389,31.751667],[130.187472,31.747056],[130.195028,31.74625],[130.204139,31.755389],[130.211639,31.754556],[130.224139,31.747056],[130.230778,31.737083],[130.237528,31.732889],[130.253361,31.730389],[130.262944,31.719111],[130.257056,31.717472],[130.262944,31.714139],[130.257944,31.706639],[130.266694,31.706194],[130.270806,31.702889],[130.275,31.704556],[130.297083,31.674167],[130.297889,31.661667],[130.311667,31.659583],[130.322056,31.650806],[130.332861,31.610833],[130.334556,31.569167],[130.323694,31.515833],[130.307139,31.475833],[130.292056,31.452444],[130.292083,31.449139],[130.298333,31.445389],[130.298389,31.440417],[130.293333,31.44625],[130.289222,31.44625],[130.279611,31.437444],[130.274194,31.424556],[130.269111,31.425417],[130.258306,31.417056],[130.253306,31.419556],[130.251722,31.411194],[130.246667,31.414583],[130.233278,31.40875],[130.2275,31.399583],[130.22,31.403722],[130.205778,31.404611],[130.203361,31.407889],[130.195028,31.408722],[130.192083,31.423333],[130.194222,31.428778],[130.186194,31.424944],[130.190389,31.417472],[130.188361,31.408722],[130.182889,31.421667],[130.172056,31.420778],[130.167917,31.434167],[130.16,31.439556],[130.154583,31.431639],[130.145833,31.427889],[130.143778,31.421667],[130.134583,31.415778],[130.135806,31.412917],[130.133333,31.417861],[130.115833,31.42375],[130.108722,31.420833],[130.106222,31.411694],[130.109167,31.407083],[130.112528,31.412889],[130.119972,31.41625],[130.140028,31.405361],[130.152056,31.385833],[130.159583,31.380806],[130.162528,31.372917],[130.171667,31.372889],[130.175833,31.364556],[130.189139,31.36625],[130.19,31.35375],[130.196694,31.353694],[130.199972,31.357056],[130.202889,31.348306],[130.208778,31.346667],[130.202472,31.333694],[130.195806,31.329583],[130.188361,31.332917],[130.180806,31.331222],[130.173806,31.321667],[130.175806,31.319583],[130.180833,31.322056],[130.188333,31.320389],[130.190833,31.313694],[130.199972,31.315389],[130.205056,31.312889],[130.207056,31.319972],[130.212472,31.320389],[130.21875,31.312472],[130.216222,31.307444],[130.223333,31.310417],[130.225361,31.308333],[130.226278,31.304944],[130.221667,31.299556],[130.216639,31.303722],[130.212472,31.298722],[130.200806,31.297056],[130.19875,31.291639],[130.203361,31.277111],[130.205833,31.282056],[130.212917,31.284111],[130.214194,31.28875],[130.216639,31.281278],[130.229556,31.28],[130.223333,31.274556],[130.2175,31.277083],[130.214611,31.273333],[130.215861,31.270389],[130.220861,31.272056],[130.227861,31.27],[130.219972,31.267028],[130.219972,31.262056],[130.21375,31.260833],[130.212056,31.254167],[130.216639,31.247056],[130.220861,31.251222],[130.227472,31.249556],[130.239139,31.258722],[130.242472,31.251222],[130.259972,31.256222],[130.279167,31.245417],[130.284611,31.252472],[130.28375,31.262444],[130.287472,31.267056],[130.295806,31.267083],[130.298361,31.262944],[130.309972,31.264528],[130.315861,31.255361],[130.345861,31.25375],[130.358361,31.24875],[130.363333,31.251278],[130.389972,31.249611],[130.392528,31.252889],[130.395028,31.250417],[130.410833,31.249556],[130.4125,31.252056],[130.4125,31.247861],[130.434972,31.244528],[130.438361,31.250389],[130.461667,31.249556],[130.474139,31.245417],[130.485806,31.237083],[130.512944,31.2075],[130.515417,31.199139],[130.507944,31.193333],[130.509611,31.181639],[130.506278,31.178361],[130.5175,31.165389],[130.530861,31.162944],[130.542472,31.167083],[130.5575,31.177917],[130.585028,31.16125],[130.587472,31.155389],[130.590861,31.162083],[130.597083,31.161667],[130.587889,31.169972],[130.593333,31.177889],[130.609167,31.183694],[130.624972,31.180389],[130.639583,31.189139],[130.644611,31.201639],[130.637444,31.212028],[130.630806,31.202083],[130.630389,31.211667],[130.638333,31.21625],[130.646639,31.215417],[130.65625,31.219972],[130.657111,31.224972],[130.652889,31.229139],[130.649528,31.244139],[130.669556,31.267472],[130.660028,31.267889],[130.656639,31.272917],[130.624944,31.275389],[130.609167,31.292944],[130.597528,31.294556],[130.591611,31.304556],[130.580806,31.307889],[130.571194,31.315806],[130.562889,31.330806],[130.547889,31.374972],[130.547056,31.381694],[130.555,31.384556],[130.55625,31.388333],[130.550028,31.397861],[130.5375,31.394583],[130.540417,31.399111],[130.53375,31.401667],[130.526278,31.414139],[130.512917,31.474944],[130.513806,31.484972],[130.517083,31.487444],[130.51375,31.491611],[130.514611,31.499972],[130.520806,31.50625],[130.530861,31.505389],[130.53375,31.508333],[130.537056,31.519167],[130.530861,31.522056],[130.526667,31.520389],[130.527056,31.524972],[130.538778,31.520806],[130.543722,31.534167],[130.541694,31.535389],[130.537056,31.530806],[130.539972,31.537056],[130.544944,31.535417],[130.547083,31.538306],[130.549583,31.543306],[130.546278,31.544944],[130.547528,31.547917],[130.560389,31.545806],[130.562917,31.557472],[130.557056,31.563333],[130.565389,31.560833],[130.569611,31.573306],[130.564611,31.574972],[130.569194,31.574583],[130.571194,31.580806],[130.570833,31.582861],[130.565389,31.581667],[130.567083,31.584972],[130.563722,31.593306],[130.56625,31.600806],[130.571222,31.602444],[130.579167,31.617083],[130.601278,31.629167],[130.604556,31.645],[130.609583,31.6525],[130.620444,31.657444],[130.612917,31.671639],[130.611306,31.684944],[130.620417,31.706667],[130.628333,31.713722],[130.635861,31.712083],[130.642917,31.716639],[130.641278,31.732444],[130.645444,31.7225],[130.65,31.721222],[130.66125,31.729972],[130.663002,31.73532174],[130.66460292,31.62786996],[130.653333,31.626278],[130.643306,31.62125],[130.625861,31.622056],[130.612056,31.609972],[130.607444,31.598722],[130.600806,31.597056],[130.599194,31.592083],[130.593361,31.592028],[130.591222,31.588278],[130.592111,31.580833],[130.598306,31.579556],[130.6025,31.572917],[130.609167,31.57375],[130.614583,31.563306],[130.620444,31.560833],[130.623278,31.552083],[130.629972,31.555417],[130.639167,31.544556],[130.6657277,31.55237548],[130.67264826,31.0878749],[130.666667,31.086194],[130.652944,31.071667],[130.653333,31.069528],[130.659972,31.070417],[130.670833,31.066222],[130.67300339,31.06403875],[130.67306738,31.05974384],[130.671306,31.058306],[130.6731122,31.05673539],[130.67325474,31.0471687],[130.672944,31.046667],[130.672889,31.042472],[130.67332621,31.04237163],[130.67350254,31.03053618],[130.661222,31.015806],[130.661278,31.011639],[130.654611,31.007472],[130.655389,31.000833],[130.65784244,30.99801632],[127.83771473,30.99801632],[127.83119865,30.99801632],[127.83335108,32.60819669],[127.83336126,32.61580633],[127.84067456,32.61887815],[129.57159699,33.34591854],[129.57181722,33.34486538]]],[[[129.63125,33.364972],[129.625861,33.362889],[129.6227707,33.36634131],[129.62207348,33.3671202],[129.63026739,33.3705619],[129.63044101,33.3695742],[129.63125,33.364972]]],[[[129.657111,33.378306],[129.657917,33.370861],[129.647528,33.374556],[129.645806,33.366222],[129.63340112,33.37082183],[129.63206542,33.37131713],[129.6660441,33.38558921],[129.66616179,33.38462983],[129.666222,33.384139],[129.657111,33.378306]]],[[[129.822056,33.418333],[129.824194,33.412861],[129.832556,33.413722],[129.839167,33.407028],[129.854972,33.403722],[129.860778,33.405417],[129.862861,33.407444],[129.860389,33.411639],[129.86375,33.411694],[129.866278,33.405833],[129.859583,33.399972],[129.867917,33.400833],[129.866278,33.397472],[129.869556,33.395833],[129.865361,33.393333],[129.870389,33.388333],[129.866639,33.389556],[129.864556,33.386639],[129.867056,33.377472],[129.859139,33.375417],[129.861194,33.384139],[129.857917,33.384111],[129.860417,33.389139],[129.858306,33.39625],[129.851222,33.392528],[129.8525,33.38875],[129.857083,33.388306],[129.855833,33.386194],[129.846667,33.38625],[129.842528,33.389556],[129.839167,33.380417],[129.837861,33.385806],[129.835806,33.384556],[129.830389,33.391639],[129.834528,33.4025],[129.831639,33.407889],[129.824194,33.411278],[129.796306,33.415],[129.801667,33.407056],[129.812889,33.402472],[129.807917,33.395806],[129.812083,33.384944],[129.807917,33.3825],[129.809639,33.371667],[129.813722,33.368333],[129.804556,33.366667],[129.804583,33.360028],[129.809611,33.355],[129.807028,33.351639],[129.811639,33.347889],[129.822889,33.359167],[129.819972,33.365417],[129.836611,33.362889],[129.842917,33.365833],[129.837917,33.370806],[129.839972,33.372028],[129.845028,33.37125],[129.846611,33.367861],[129.857917,33.371639],[129.853361,33.363694],[129.849944,33.365389],[129.847889,33.363333],[129.850444,33.356611],[129.847472,33.357028],[129.847111,33.354111],[129.850444,33.349111],[129.843361,33.350361],[129.84125,33.347472],[129.847889,33.338306],[129.847528,33.333722],[129.840861,33.338694],[129.83875,33.337444],[129.843333,33.328722],[129.847083,33.328306],[129.842139,33.324139],[129.842889,33.319167],[129.836639,33.323722],[129.835444,33.312444],[129.827056,33.3125],[129.831667,33.303722],[129.844972,33.302083],[129.857917,33.284111],[129.863306,33.281222],[129.855778,33.27875],[129.855444,33.285806],[129.848333,33.292083],[129.844944,33.292917],[129.842917,33.287472],[129.839167,33.287056],[129.830806,33.29875],[129.822472,33.297861],[129.817889,33.3025],[129.814583,33.31],[129.817972,33.314111],[129.813722,33.317528],[129.815361,33.323361],[129.810778,33.324583],[129.801694,33.335417],[129.792944,33.338333],[129.793722,33.353333],[129.789556,33.361667],[129.792028,33.369139],[129.7875,33.372889],[129.774583,33.373333],[129.773278,33.356278],[129.765833,33.355389],[129.756694,33.367083],[129.744111,33.368694],[129.727472,33.354528],[129.715861,33.349556],[129.704944,33.347056],[129.700778,33.353722],[129.696611,33.355417],[129.694972,33.352083],[129.691694,33.357083],[129.687917,33.356667],[129.685833,33.350417],[129.680833,33.350389],[129.669583,33.368333],[129.674556,33.369167],[129.676278,33.385806],[129.684167,33.385361],[129.686278,33.390806],[129.68312317,33.39177873],[129.6817719,33.39219537],[129.80008285,33.44188959],[129.80031857,33.44117437],[129.801667,33.437083],[129.808389,33.436222],[129.818333,33.424583],[129.832056,33.4225],[129.822056,33.418333]]],[[[129.851222,33.454139],[129.850806,33.447056],[129.844167,33.447028],[129.839944,33.452056],[129.836639,33.451222],[129.83871412,33.45735737],[129.83901315,33.45824151],[129.85560616,33.46521108],[129.85578571,33.46455272],[129.857944,33.456639],[129.851222,33.454139]]],[[[130.134639,33.566639],[130.130833,33.559583],[130.125861,33.562889],[130.11875,33.559972],[130.114583,33.551639],[130.115778,33.547056],[130.119194,33.547083],[130.1275,33.556222],[130.136694,33.554556],[130.143278,33.548694],[130.158361,33.560417],[130.164556,33.559167],[130.164583,33.552444],[130.15375,33.544139],[130.153361,33.537889],[130.124944,33.527056],[130.124167,33.524583],[130.133694,33.521639],[130.125861,33.511222],[130.115028,33.50875],[130.105806,33.512056],[130.10625,33.515833],[130.1,33.517944],[130.09875,33.510778],[130.093333,33.507917],[130.081639,33.508694],[130.077472,33.504556],[130.058361,33.498722],[130.045833,33.498694],[130.044556,33.495806],[130.048778,33.491639],[130.037056,33.468306],[130.040444,33.456667],[130.034111,33.451222],[130.020028,33.447889],[130.001639,33.447861],[129.979972,33.45625],[129.965861,33.457889],[129.96125,33.461639],[129.962056,33.468333],[129.972083,33.4775],[129.966694,33.485389],[129.957917,33.482472],[129.955028,33.472056],[129.946694,33.471222],[129.938694,33.475806],[129.938778,33.4825],[129.947944,33.487472],[129.946222,33.494972],[129.956667,33.505389],[129.967472,33.506222],[129.969611,33.511639],[129.96860162,33.51210249],[129.96795315,33.51240025],[130.09983834,33.56779607],[130.09993908,33.56745874],[130.100806,33.564556],[130.121667,33.575417],[130.129194,33.567889],[130.134639,33.566639]]],[[[130.3716667,33.66506257],[130.40025792,33.6127091],[130.40004484,33.61263916],[130.397083,33.611667],[130.402889,33.606667],[130.397944,33.605806],[130.397528,33.600389],[130.392889,33.609139],[130.388306,33.610389],[130.385417,33.608306],[130.386222,33.600806],[130.392083,33.598333],[130.386694,33.595417],[130.3825,33.602889],[130.375028,33.605389],[130.371639,33.600444],[130.364556,33.598333],[130.36625,33.594139],[130.363306,33.59125],[130.344111,33.586194],[130.341639,33.592917],[130.334139,33.591222],[130.314944,33.598722],[130.311222,33.595833],[130.312889,33.589167],[130.305833,33.584556],[130.295806,33.581222],[130.289167,33.58375],[130.273333,33.582944],[130.267083,33.590778],[130.274556,33.601639],[130.275389,33.611667],[130.271639,33.613722],[130.243306,33.612917],[130.234139,33.616194],[130.23099358,33.62269573],[130.23091737,33.62285327],[130.32002118,33.6602796],[130.32010898,33.66025618],[130.325861,33.658722],[130.334139,33.649528],[130.346722,33.650417],[130.357472,33.643722],[130.362889,33.644167],[130.360389,33.653306],[130.362861,33.659972],[130.369167,33.664556],[130.37162208,33.66505353],[130.3716667,33.66506257]]],[[[130.36782531,33.67205516],[130.341611,33.662111],[130.32589828,33.66269626],[130.32578478,33.66270049],[130.36167944,33.67777734],[130.36415505,33.67881717],[130.36464076,33.67792779],[130.36784403,33.67206226],[130.36782531,33.67205516]]]]}},{"type":"Feature","properties":{"sterm_parent":"제주도남동쪽안쪽먼바다","fcst_kor_nm":"제주도남동쪽안쪽먼바다","zone_id":"S1324110"},"geometry":{"type":"MultiPolygon","coordinates":[[[[126.87451842,32.39087662],[126.29643794,32.25526909],[126.29643775,32.25533861],[126.29643746,32.25544587],[126.29444241,32.99221766],[126.29444554,32.99221802],[126.29482711,32.99226138],[126.39359058,33.00348473],[126.42865659,33.00746959],[126.54507636,33.02344849],[126.55024079,33.02452375],[126.6995493,33.0556103],[126.83996699,33.08964809],[126.8696768,33.09684987],[126.95179684,33.13074238],[126.99318525,33.14782417],[127.00607675,33.16200948],[127.14679537,33.31685092],[127.15566239,33.32660786],[127.15593983,33.32691315],[127.15825824,33.33320845],[127.51141187,33.46229686],[127.83329955,33.5799566],[127.83333331,33.57996894],[127.83336465,33.5799804],[127.83330295,32.61579064],[126.87451842,32.39087662]]]]}},{"type":"Feature","properties":{"sterm_parent":"제주도남동쪽안쪽먼바다","fcst_kor_nm":"제주도남동쪽안쪽먼바다","zone_id":"S1324110"},"geometry":{"type":"MultiPolygon","coordinates":[[[[126.87451842,32.39087662],[126.29643794,32.25526909],[126.29643775,32.25533861],[126.29643746,32.25544587],[126.29444241,32.99221766],[126.29444554,32.99221802],[126.29482711,32.99226138],[126.39359058,33.00348473],[126.42865659,33.00746959],[126.54507636,33.02344849],[126.55024079,33.02452375],[126.6995493,33.0556103],[126.83996699,33.08964809],[126.8696768,33.09684987],[126.95179684,33.13074238],[126.99318525,33.14782417],[127.00607675,33.16200948],[127.14679537,33.31685092],[127.15566239,33.32660786],[127.15593983,33.32691315],[127.15825824,33.33320845],[127.51141187,33.46229686],[127.83329955,33.5799566],[127.83333331,33.57996894],[127.83336465,33.5799804],[127.83330295,32.61579064],[126.87451842,32.39087662]]]]}},{"type":"Feature","properties":{"sterm_parent":"전북남부앞바다","fcst_kor_nm":"전북남부앞바다","zone_id":"S1231200"},"geometry":{"type":"MultiPolygon","coordinates":[[[[126.51623907,35.74113728],[126.5181294,35.7371605],[126.5189259,35.7352956],[126.5201734,35.7337133],[126.5213445,35.7328961],[126.5203832,35.7314615],[126.5211127,35.7310086],[126.5222741,35.7323562],[126.5227584,35.7321225],[126.5226481,35.7319922],[126.522773,35.7319077],[126.5225982,35.7317502],[126.5233103,35.7313203],[126.5239314,35.731937],[126.5263578,35.7304236],[126.5262785,35.7303467],[126.5264189,35.7297258],[126.5268284,35.7294727],[126.5269111,35.7295641],[126.5287517,35.7283261],[126.5274642,35.7278383],[126.5272067,35.7271416],[126.5308545,35.7242847],[126.5312407,35.7244589],[126.5282101,35.7269799],[126.52961,35.7276499],[126.5314761,35.7262983],[126.5316735,35.7264167],[126.5321198,35.7259499],[126.5317078,35.7255458],[126.5318623,35.7254203],[126.5323224,35.7257472],[126.5553757,35.6990376],[126.5547483,35.6987005],[126.5548817,35.6986244],[126.5554689,35.6988967],[126.5563162,35.6978352],[126.5562662,35.6977098],[126.55586492,35.69752514],[126.5555244,35.69759811],[126.5551814,35.6980471],[126.5551247,35.6980701],[126.5549972,35.6979838],[126.55520945,35.6976656],[126.554167,35.697889],[126.55409023,35.6978504],[126.5537932,35.6982254],[126.5537649,35.6983289],[126.5543173,35.6990249],[126.5543315,35.6991572],[126.5542182,35.6992492],[126.5535949,35.6984382],[126.5535241,35.6982311],[126.5545795,35.6969977],[126.5539907,35.6969826],[126.5538411,35.6967625],[126.5536636,35.6966486],[126.5534673,35.6965955],[126.553187,35.6965803],[126.5531402,35.6966941],[126.5527851,35.6965879],[126.5527664,35.6964513],[126.5524019,35.6963678],[126.5516075,35.6959655],[126.5513739,35.6961705],[126.5510375,35.6960111],[126.550701,35.6959352],[126.5504954,35.6959959],[126.5501216,35.6958137],[126.5501496,35.6957075],[126.54943,35.695328],[126.5477291,35.6943109],[126.5474768,35.6939694],[126.5476065,35.6936329],[126.5470627,35.6926911],[126.5472608,35.6923707],[126.5472517,35.6918304],[126.54693,35.6918483],[126.5467652,35.6920018],[126.54675,35.69255],[126.5463338,35.6932596],[126.5455559,35.6929181],[126.5453301,35.69265],[126.54471,35.6923801],[126.54283,35.6919599],[126.5422796,35.6913668],[126.5419081,35.6911172],[126.5416352,35.6912317],[126.5409069,35.6910573],[126.5405479,35.6906828],[126.54002255,35.69028967],[126.539553,35.6900019],[126.5392257,35.6900801],[126.5388984,35.6898346],[126.5391299,35.68944],[126.53851,35.6891699],[126.5375086,35.6891347],[126.5371368,35.6890089],[126.5361975,35.6891894],[126.5357626,35.689436],[126.5356288,35.6895864],[126.5355763,35.6897766],[126.535961,35.6901244],[126.5356622,35.6903717],[126.5351717,35.6904132],[126.534735,35.6902805],[126.5342101,35.69024],[126.53392,35.68998],[126.5340042,35.6894419],[126.5340346,35.6890645],[126.5335301,35.6884851],[126.5327069,35.6882654],[126.5325699,35.68789],[126.53307,35.68688],[126.53308,35.6866199],[126.5327799,35.6861],[126.5327899,35.68558],[126.5322001,35.68455],[126.5322001,35.6842899],[126.5318914,35.6842487],[126.5317724,35.6839771],[126.5305805,35.6832351],[126.53066,35.6829397],[126.5309769,35.6829327],[126.5309061,35.6826738],[126.5304882,35.6827025],[126.5302758,35.6823171],[126.5303041,35.682133],[126.5304599,35.6821157],[126.5306511,35.682133],[126.5308211,35.6821272],[126.5308636,35.6818799],[126.5307928,35.6813736],[126.5304457,35.6807868],[126.5298862,35.6801942],[126.5288805,35.6786063],[126.5287105,35.6781288],[126.5281722,35.6774614],[126.52740484,35.67717881],[126.5268548,35.6770127],[126.5268123,35.6769034],[126.5269752,35.6767768],[126.5271523,35.6767768],[126.5272444,35.6762072],[126.5269327,35.6759368],[126.5267769,35.6760691],[126.5266707,35.6759886],[126.5268548,35.6758505],[126.5265219,35.6755743],[126.5267557,35.675396],[126.5262528,35.6749357],[126.5256933,35.6753039],[126.5261395,35.6756721],[126.5260262,35.6757527],[126.5255445,35.6753212],[126.5251904,35.6754707],[126.5258278,35.6758505],[126.5266211,35.6771738],[126.52659,35.6774901],[126.52596,35.6776099],[126.5253299,35.6776001],[126.52502,35.67733],[126.5240801,35.67731],[126.5237601,35.6771799],[126.5237799,35.67667],[126.52316,35.6765199],[126.52285,35.6762601],[126.52192,35.67586],[126.52194,35.67509],[126.5213201,35.6749399],[126.52069,35.67468],[126.52038,35.67441],[126.5200801,35.6742799],[126.5196501,35.6727299],[126.51935,35.67246],[126.5175956,35.6698779],[126.5172311,35.6696653],[126.516689,35.6694375],[126.5163059,35.6688453],[126.5157078,35.6680785],[126.5149694,35.6672585],[126.5146517,35.6667877],[126.5137545,35.6658766],[126.51339,35.6657627],[126.5128293,35.6653375],[126.5123994,35.6653451],[126.5119228,35.6654742],[126.511306,35.6655349],[126.5106518,35.6654818],[126.5102312,35.6652085],[126.50938,35.66378],[126.50816,35.6625999],[126.50692,35.6619301],[126.5067051,35.6615315],[126.5050901,35.66022],[126.5038127,35.6595363],[126.5016524,35.6583608],[126.4990994,35.6569657],[126.4989491,35.6566211],[126.498976,35.6563813],[126.4988901,35.6563551],[126.498933,35.6561588],[126.4987136,35.6561323],[126.4987136,35.6560596],[126.4989577,35.6560927],[126.4992018,35.6546978],[126.4979733,35.6539177],[126.4979733,35.653812],[126.4976966,35.6537128],[126.4976315,35.6538715],[126.4975827,35.6544135],[126.4978944,35.6548491],[126.49814695,35.65555117],[126.4983963,35.6566347],[126.4985102,35.6568925],[126.4985021,35.6571702],[126.4981209,35.6573404],[126.49669,35.6571],[126.4967,35.6565801],[126.49638,35.6567001],[126.49606,35.6567001],[126.4957599,35.65643],[126.49483,35.6560201],[126.4948501,35.65552],[126.4942199,35.6553701],[126.49202,35.6552],[126.49189,35.65442],[126.49159,35.6539101],[126.49147,35.65288],[126.4908401,35.65273],[126.49023,35.65221],[126.4889799,35.6518001],[126.489,35.6512799],[126.48837,35.6511401],[126.4877499,35.65087],[126.48745,35.6506099],[126.48682,35.6504701],[126.48669,35.6496901],[126.4860701,35.6491699],[126.48502,35.6475999],[126.4843901,35.6475899],[126.4844101,35.64708],[126.48316,35.6467901],[126.4829699,35.6478199],[126.4818401,35.6488199],[126.4809,35.64855],[126.4810999,35.6472699],[126.48145,35.6462501],[126.48146,35.64573],[126.48101,35.64521],[126.47696211,35.64373525],[126.4769699,35.64333],[126.4750799,35.64367],[126.47415,35.6431401],[126.4700799,35.64254],[126.46977,35.6424],[126.4697781,35.641249],[126.4691297,35.6412885],[126.4684481,35.641809],[126.4688757,35.64263],[126.46912,35.6429001],[126.4685001,35.64276],[126.4678699,35.64275],[126.4678928,35.6422916],[126.4674582,35.6423144],[126.4673193,35.6424775],[126.4674976,35.6426533],[126.4674228,35.6429449],[126.4673309,35.6429797],[126.4667421,35.6424302],[126.466481,35.6419699],[126.46569,35.6418001],[126.4655382,35.6414196],[126.465986,35.6412495],[126.4656818,35.6405494],[126.465874,35.6404003],[126.46545,35.6394899],[126.46482,35.6394701],[126.4645299,35.6387099],[126.46391,35.63855],[126.46265,35.63853],[126.4617,35.63864],[126.4623217,35.6379005],[126.4624766,35.6372449],[126.4602872,35.6360487],[126.4597816,35.636184],[126.4594905,35.6364899],[126.4593596,35.6371182],[126.4590712,35.6374086],[126.4586256,35.6376319],[126.4581811,35.6377212],[126.4580187,35.6371938],[126.4580903,35.636733],[126.4576696,35.6361953],[126.458287,35.6354177],[126.4589799,35.63511],[126.4598629,35.6348199],[126.4602857,35.6342076],[126.4609,35.6341201],[126.4614379,35.6345317],[126.46247,35.63429],[126.4632189,35.6342176],[126.4633975,35.6338796],[126.4636155,35.633928],[126.469583,35.629167],[126.46625,35.624972],[126.469583,35.621611],[126.4625,35.619583],[126.459556,35.615],[126.462889,35.606667],[126.467083,35.605833],[126.463722,35.6025],[126.464972,35.59875],[126.467472,35.603722],[126.475806,35.603722],[126.484556,35.5975],[126.491667,35.585389],[126.504139,35.582917],[126.508333,35.57875],[126.5125,35.584556],[126.516222,35.584139],[126.515778,35.580389],[126.529111,35.579583],[126.531222,35.584139],[126.528333,35.597083],[126.534111,35.587917],[126.5425,35.586222],[126.558306,35.585389],[126.562056,35.587472],[126.562472,35.593778],[126.569167,35.58875],[126.583278,35.595389],[126.594139,35.591194],[126.595806,35.59375],[126.599972,35.592861],[126.605778,35.586222],[126.61375,35.591639],[126.615833,35.599528],[126.618722,35.599194],[126.615889,35.59375],[126.633278,35.602056],[126.643306,35.601222],[126.645,35.597861],[126.649167,35.600417],[126.648722,35.596694],[126.652444,35.59625],[126.66293379,35.60534087],[126.6657526,35.60405228],[126.667056,35.599167],[126.657917,35.585806],[126.660778,35.58375],[126.668306,35.585389],[126.672528,35.590389],[126.677056,35.588306],[126.66375,35.575861],[126.669556,35.571667],[126.66625,35.564972],[126.669583,35.555833],[126.677083,35.548306],[126.674556,35.541667],[126.680417,35.5375],[126.67987094,35.5344633],[126.67765464,35.53234336],[126.67340123,35.53169398],[126.662083,35.544111],[126.659556,35.554139],[126.65125,35.555806],[126.655389,35.565],[126.645833,35.562917],[126.642444,35.571222],[126.632444,35.575417],[126.629222,35.569583],[126.620889,35.567056],[126.616222,35.57],[126.616222,35.56],[126.618306,35.558722],[126.619972,35.561278],[126.623722,35.555833],[126.616667,35.557083],[126.607889,35.540833],[126.597083,35.535],[126.599583,35.521639],[126.59919084,35.52032318],[126.59644939,35.51969525],[126.592083,35.541639],[126.566694,35.545444],[126.551639,35.537056],[126.543333,35.522861],[126.526667,35.53625],[126.514167,35.535444],[126.509194,35.52875],[126.487444,35.520389],[126.484167,35.522917],[126.479556,35.513306],[126.483722,35.509972],[126.479167,35.51125],[126.472972,35.505778],[126.464556,35.489111],[126.468333,35.487889],[126.473306,35.493722],[126.472944,35.484139],[126.460833,35.482917],[126.442861,35.456667],[126.444111,35.449556],[126.454167,35.459528],[126.453722,35.450833],[126.444167,35.447083],[126.440833,35.452056],[126.436639,35.452083],[126.432917,35.441639],[126.427889,35.438333],[126.429111,35.432917],[126.447472,35.438722],[126.45,35.432083],[126.452528,35.434556],[126.45709099,35.43485066],[126.45179205,35.42588032],[126.44705991,35.42701397],[126.442472,35.43125],[126.43369646,35.43021536],[126.4263236,35.43198162],[126.12138406,35.51251623],[126.11742531,35.51360546],[126.11740173,35.51361194],[126.12206797,35.52168419],[126.12231176,35.52210593],[126.13160589,35.53821846],[126.15043112,35.57115015],[126.16634062,35.59903236],[126.17636379,35.61659846],[126.20565929,35.66848536],[126.24613282,35.73860261],[126.24832352,35.74239783],[126.24980274,35.74181174],[126.45764172,35.67553717],[126.51623907,35.74113728]]]]}},{"type":"Feature","properties":{"sterm_parent":"제주도남쪽바깥먼바다","fcst_kor_nm":"제주도 남쪽 바깥먼바다","zone_id":"S1324020"},"geometry":{"type":"MultiPolygon","coordinates":[[[[126.29643775,32.25533861],[126.29651631,32.25529609],[126.87451842,32.39087662],[127.83333052,32.61578282],[127.83335108,32.60819669],[127.83771473,30.99801632],[127.83772697,30.9935],[126.57283264,30.9935],[122.71936321,31.00424387],[122.72289761,32.3396713],[124.49777773,33.22895963],[126.29643775,32.25533861]]]]}},{"type":"Feature","properties":{"sterm_parent":"제주도남쪽바깥먼바다","fcst_kor_nm":"제주도 남쪽 바깥먼바다","zone_id":"S1324020"},"geometry":{"type":"MultiPolygon","coordinates":[[[[126.29643775,32.25533861],[126.29651631,32.25529609],[126.87451842,32.39087662],[127.83333052,32.61578282],[127.83335108,32.60819669],[127.83771473,30.99801632],[127.83772697,30.9935],[126.57283264,30.9935],[122.71936321,31.00424387],[122.72289761,32.3396713],[124.49777773,33.22895963],[126.29643775,32.25533861]]]]}},{"type":"Feature","properties":{"sterm_parent":"인천·경기남부앞바다","fcst_kor_nm":"인천·경기남부앞바다","zone_id":"S1251200"},"geometry":{"type":"MultiPolygon","coordinates":[[[[124.77257321,37.77852243],[125.70629494,37.60370101],[125.97907293,37.60980783],[126.10857618,37.58665112],[126.18336255,37.57327844],[126.22589111,37.56567383],[126.25885666,37.55750861],[126.25891113,37.55749512],[126.59906615,37.55613686],[126.61047363,37.55609131],[126.61181993,37.55595956],[126.63462412,37.5537279],[126.632917,37.551556],[126.645778,37.546139],[126.649972,37.541139],[126.659556,37.539889],[126.660389,37.527389],[126.651194,37.519083],[126.6545,37.509056],[126.652,37.50575],[126.659972,37.503694],[126.665778,37.506139],[126.670389,37.499083],[126.662444,37.497833],[126.655361,37.490778],[126.657444,37.483667],[126.639972,37.488694],[126.632472,37.487],[126.623278,37.4895],[126.616611,37.4845],[126.61075,37.486167],[126.609167,37.482],[126.601583,37.482833],[126.595361,37.471611],[126.600333,37.464083],[126.592028,37.460778],[126.5925,37.457861],[126.597889,37.457389],[126.598694,37.452444],[126.589944,37.449528],[126.589528,37.444944],[126.603278,37.441194],[126.614056,37.452],[126.613722,37.44325],[126.609944,37.443694],[126.607889,37.440778],[126.624139,37.432861],[126.634111,37.435361],[126.647028,37.412444],[126.657056,37.404917],[126.663306,37.3945],[126.671639,37.389528],[126.687472,37.394528],[126.696611,37.402833],[126.702028,37.401611],[126.693722,37.389944],[126.714972,37.382],[126.723278,37.384528],[126.732444,37.394472],[126.74,37.3945],[126.744556,37.382417],[126.739583,37.371611],[126.702472,37.352],[126.699194,37.347028],[126.694083,37.347056],[126.691194,37.334111],[126.695806,37.335333],[126.70075,37.332861],[126.703306,37.336167],[126.713278,37.338667],[126.758306,37.342833],[126.759611,37.339944],[126.748722,37.329944],[126.749111,37.323667],[126.759583,37.319111],[126.748722,37.308278],[126.754083,37.303667],[126.768306,37.300333],[126.787444,37.302028],[126.798306,37.296139],[126.804139,37.299528],[126.814139,37.298667],[126.820778,37.301194],[126.819167,37.293667],[126.825778,37.2945],[126.834972,37.281194],[126.841639,37.280361],[126.843333,37.275361],[126.850778,37.277028],[126.849556,37.274083],[126.860389,37.268278],[126.850778,37.2645],[126.848278,37.258667],[126.812472,37.278667],[126.814139,37.286194],[126.806667,37.284528],[126.802083,37.276583],[126.808722,37.267444],[126.800778,37.269528],[126.792917,37.267444],[126.795444,37.251583],[126.7875,37.243694],[126.779583,37.244139],[126.780833,37.226167],[126.767917,37.23825],[126.767056,37.245778],[126.759944,37.248667],[126.758306,37.253694],[126.74075,37.253694],[126.731639,37.250361],[126.726694,37.255361],[126.716611,37.254556],[126.699944,37.261139],[126.687444,37.262056],[126.682444,37.257833],[126.676611,37.258694],[126.676611,37.256167],[126.687889,37.249917],[126.671639,37.242861],[126.664167,37.244472],[126.662861,37.242444],[126.66625,37.229917],[126.671667,37.228667],[126.67625,37.222389],[126.667889,37.216556],[126.667056,37.205806],[126.675778,37.1995],[126.695861,37.221167],[126.699167,37.221194],[126.697917,37.204972],[126.694194,37.199528],[126.686667,37.201194],[126.674167,37.193694],[126.6675,37.193667],[126.662472,37.197],[126.657861,37.193306],[126.657472,37.189528],[126.665028,37.190361],[126.667083,37.184111],[126.662472,37.176167],[126.655417,37.174944],[126.660444,37.161611],[126.6495,37.15325],[126.658361,37.152056],[126.679972,37.161194],[126.689972,37.156167],[126.694528,37.151611],[126.683361,37.148722],[126.673778,37.136611],[126.680444,37.128278],[126.683722,37.116611],[126.689167,37.116222],[126.699972,37.121167],[126.705806,37.128667],[126.7175,37.129528],[126.720806,37.134556],[126.726583,37.136222],[126.729583,37.146639],[126.739194,37.150361],[126.744972,37.160389],[126.751667,37.158667],[126.756611,37.165361],[126.760806,37.163722],[126.766611,37.167889],[126.784167,37.169528],[126.790361,37.182472],[126.795,37.185361],[126.793722,37.17325],[126.797861,37.160806],[126.782083,37.149972],[126.786694,37.147889],[126.801667,37.150333],[126.805806,37.141194],[126.813694,37.139917],[126.807861,37.136611],[126.804167,37.126167],[126.779167,37.132861],[126.779167,37.127833],[126.771639,37.128722],[126.759556,37.116583],[126.757917,37.109917],[126.770444,37.101639],[126.763722,37.079111],[126.764583,37.066611],[126.770417,37.058306],[126.750806,37.051194],[126.743722,37.038278],[126.749139,37.036222],[126.761639,37.039528],[126.770028,37.032028],[126.778361,37.033667],[126.790028,37.029528],[126.794972,37.018694],[126.802944,37.022444],[126.799611,37.016611],[126.803389,37.015361],[126.8125,37.015361],[126.823278,37.022028],[126.823278,37.014528],[126.846639,37.013694],[126.854194,37.017056],[126.85,37.008722],[126.796694,37.008722],[126.788722,37.003306],[126.788722,36.996639],[126.792444,36.995389],[126.795833,36.999583],[126.804972,36.999583],[126.812472,36.996222],[126.824972,36.996222],[126.831639,36.982889],[126.839083,36.983722],[126.843306,36.979556],[126.848722,36.979139],[126.843778,36.975],[126.844583,36.962472],[126.849944,36.960389],[126.854167,36.953722],[126.899167,36.93125],[126.904611,36.925778],[126.908333,36.912056],[126.937528,36.92625],[126.9775,36.934528],[126.979583,36.939944],[126.976222,36.956667],[126.962889,36.964167],[126.974222,36.962861],[126.972056,36.975833],[126.975806,36.977083],[126.985361,36.964139],[126.989611,36.938361],[126.993722,36.933333],[126.985361,36.928333],[126.978306,36.915389],[126.964944,36.91625],[126.958278,36.912917],[126.955028,36.907083],[126.94575,36.90875],[126.94,36.90625],[126.924139,36.893722],[126.914972,36.892944],[126.903333,36.887056],[126.877472,36.886278],[126.860389,36.878278],[126.85977912,36.87483559],[126.8039773,36.96825048],[126.70666523,37.02175054],[126.54903276,37.05299674],[126.46459035,37.0805141],[126.39241367,37.09881604],[126.29686,37.07368],[125.96039001,36.98842096],[125.95979507,36.98826552],[125.97030448,37.02120324],[125.97512056,37.0362974],[125.97447931,37.03670501],[125.96887605,37.04026671],[124.79837483,37.76259988],[124.77261521,37.77849652],[124.77257321,37.77852243]]]]}},{"type":"Feature","properties":{"sterm_parent":"경남중부남해앞바다","fcst_kor_nm":"경남중부남해앞바다","zone_id":"S1311300"},"geometry":{"type":"MultiPolygon","coordinates":[[[[128.457083,34.880806],[128.45888196,34.87585968],[128.45564686,34.87660185],[128.457083,34.880806]]],[[[128.60375,35.185],[128.603278,35.177889],[128.592083,35.179167],[128.599583,35.165861],[128.604167,35.161222],[128.608722,35.161639],[128.611667,35.148722],[128.620806,35.146222],[128.644139,35.148694],[128.642917,35.1425],[128.659167,35.136194],[128.666667,35.119556],[128.678778,35.125833],[128.672056,35.144139],[128.686583,35.150417],[128.692056,35.148306],[128.699583,35.129139],[128.697028,35.115],[128.693306,35.111222],[128.687111,35.111639],[128.694111,35.097917],[128.701667,35.09875],[128.704139,35.105389],[128.713306,35.109528],[128.716222,35.1075],[128.714528,35.096667],[128.725806,35.097028],[128.730861,35.090389],[128.738806,35.095806],[128.743333,35.103722],[128.749083,35.095417],[128.764167,35.095389],[128.764139,35.104556],[128.77,35.10375],[128.773306,35.099528],[128.78125,35.104139],[128.785,35.11375],[128.788333,35.11375],[128.789972,35.098694],[128.801694,35.100389],[128.802944,35.097472],[128.799167,35.094528],[128.792472,35.09625],[128.78375,35.086667],[128.786722,35.079583],[128.794194,35.079583],[128.800806,35.089556],[128.8175,35.092056],[128.823278,35.101278],[128.829139,35.102083],[128.83160726,35.10190493],[128.83271992,35.07765512],[128.79331746,35.07907777],[128.78549643,35.07874701],[128.7756958,35.04730225],[128.76690674,35.03747559],[128.76348877,35.03271484],[128.75952148,35.02508545],[128.76190186,35.00952148],[128.75549316,34.99530029],[128.8042849,34.91998849],[128.8110051,34.91324502],[128.7198977,34.90958964],[128.70052396,34.90980742],[128.68386773,34.89933779],[128.69290968,34.84841732],[128.59130859,34.86468506],[128.46691895,34.8717041],[128.46684876,34.87175385],[128.46875,34.882444],[128.476222,34.89],[128.466611,34.892056],[128.463278,34.89875],[128.457056,34.896667],[128.455389,34.899972],[128.459556,34.904972],[128.45625,34.905806],[128.452472,34.91375],[128.44,34.912917],[128.43875,34.909972],[128.449583,34.902472],[128.442861,34.899167],[128.444556,34.895],[128.439583,34.892444],[128.443778,34.888306],[128.431667,34.887889],[128.432917,34.878333],[128.424139,34.872056],[128.41752532,34.87430253],[128.41571143,34.8761806],[128.419528,34.895],[128.424139,34.90125],[128.427889,34.899972],[128.418722,34.91],[128.424944,34.915417],[128.42875,34.913306],[128.429528,34.926639],[128.435361,34.929139],[128.428333,34.937861],[128.424583,34.938306],[128.429528,34.945833],[128.421194,34.954167],[128.433361,34.959583],[128.444556,34.975806],[128.440833,34.982083],[128.434972,34.983778],[128.426639,34.982917],[128.419194,34.986278],[128.408361,34.983694],[128.407889,34.994972],[128.425806,34.991222],[128.440806,34.992889],[128.455833,34.988722],[128.459139,34.991278],[128.460833,34.987889],[128.465889,34.987056],[128.464972,34.995417],[128.479194,34.99125],[128.478306,34.997083],[128.485389,34.997444],[128.482083,35.003306],[128.485778,35.011222],[128.493333,35.005417],[128.502083,35.0125],[128.499972,35.022917],[128.487028,35.024972],[128.483694,35.030806],[128.485833,35.038694],[128.477444,35.042056],[128.473306,35.038778],[128.462028,35.045806],[128.463278,35.04875],[128.479194,35.047083],[128.482917,35.0525],[128.477944,35.056639],[128.483694,35.064111],[128.471667,35.074556],[128.460806,35.063722],[128.452917,35.071667],[128.461667,35.072028],[128.467444,35.080361],[128.475,35.075417],[128.48125,35.079167],[128.45,35.096194],[128.456611,35.105389],[128.469972,35.09875],[128.4775,35.098722],[128.485056,35.100361],[128.490833,35.107083],[128.504944,35.099583],[128.518333,35.098722],[128.521639,35.105389],[128.528361,35.104556],[128.539111,35.119583],[128.541222,35.117472],[128.537944,35.108306],[128.545861,35.110389],[128.54875,35.1075],[128.542917,35.104139],[128.547472,35.092889],[128.55,35.096222],[128.556667,35.09625],[128.582889,35.089972],[128.564583,35.081611],[128.564139,35.067056],[128.571667,35.069556],[128.575833,35.065389],[128.583278,35.065417],[128.589167,35.072083],[128.594583,35.069167],[128.585,35.062056],[128.580806,35.062083],[128.574194,35.05375],[128.590889,35.057083],[128.602472,35.05625],[128.636194,35.069139],[128.635,35.072917],[128.624944,35.075389],[128.612444,35.07125],[128.612917,35.075028],[128.607028,35.078333],[128.608278,35.08125],[128.618306,35.081222],[128.627889,35.085833],[128.624139,35.090389],[128.61575,35.091222],[128.6175,35.095417],[128.602028,35.105],[128.600361,35.118333],[128.59625,35.120833],[128.600444,35.124972],[128.601278,35.133333],[128.589556,35.133333],[128.597889,35.141667],[128.596611,35.145389],[128.589556,35.148306],[128.591194,35.159972],[128.582528,35.165389],[128.576222,35.164972],[128.57375,35.169139],[128.579528,35.173333],[128.578333,35.175389],[128.562111,35.179167],[128.573778,35.194167],[128.572944,35.199139],[128.589167,35.211222],[128.608694,35.210833],[128.603306,35.202111],[128.594111,35.202083],[128.591222,35.196611],[128.60375,35.185]]]]}},{"type":"Feature","properties":{"sterm_parent":"경남중부남해앞바다","fcst_kor_nm":"경남중부남해앞바다","zone_id":"S1311300"},"geometry":{"type":"MultiPolygon","coordinates":[[[[128.457083,34.880806],[128.45888196,34.87585968],[128.45564686,34.87660185],[128.457083,34.880806]]],[[[128.60375,35.185],[128.603278,35.177889],[128.592083,35.179167],[128.599583,35.165861],[128.604167,35.161222],[128.608722,35.161639],[128.611667,35.148722],[128.620806,35.146222],[128.644139,35.148694],[128.642917,35.1425],[128.659167,35.136194],[128.666667,35.119556],[128.678778,35.125833],[128.672056,35.144139],[128.686583,35.150417],[128.692056,35.148306],[128.699583,35.129139],[128.697028,35.115],[128.693306,35.111222],[128.687111,35.111639],[128.694111,35.097917],[128.701667,35.09875],[128.704139,35.105389],[128.713306,35.109528],[128.716222,35.1075],[128.714528,35.096667],[128.725806,35.097028],[128.730861,35.090389],[128.738806,35.095806],[128.743333,35.103722],[128.749083,35.095417],[128.764167,35.095389],[128.764139,35.104556],[128.77,35.10375],[128.773306,35.099528],[128.78125,35.104139],[128.785,35.11375],[128.788333,35.11375],[128.789972,35.098694],[128.801694,35.100389],[128.802944,35.097472],[128.799167,35.094528],[128.792472,35.09625],[128.78375,35.086667],[128.786722,35.079583],[128.794194,35.079583],[128.800806,35.089556],[128.8175,35.092056],[128.823278,35.101278],[128.829139,35.102083],[128.83160726,35.10190493],[128.83271992,35.07765512],[128.79331746,35.07907777],[128.78549643,35.07874701],[128.7756958,35.04730225],[128.76690674,35.03747559],[128.76348877,35.03271484],[128.75952148,35.02508545],[128.76190186,35.00952148],[128.75549316,34.99530029],[128.8042849,34.91998849],[128.8110051,34.91324502],[128.7198977,34.90958964],[128.70052396,34.90980742],[128.68386773,34.89933779],[128.69290968,34.84841732],[128.59130859,34.86468506],[128.46691895,34.8717041],[128.46684876,34.87175385],[128.46875,34.882444],[128.476222,34.89],[128.466611,34.892056],[128.463278,34.89875],[128.457056,34.896667],[128.455389,34.899972],[128.459556,34.904972],[128.45625,34.905806],[128.452472,34.91375],[128.44,34.912917],[128.43875,34.909972],[128.449583,34.902472],[128.442861,34.899167],[128.444556,34.895],[128.439583,34.892444],[128.443778,34.888306],[128.431667,34.887889],[128.432917,34.878333],[128.424139,34.872056],[128.41752532,34.87430253],[128.41571143,34.8761806],[128.419528,34.895],[128.424139,34.90125],[128.427889,34.899972],[128.418722,34.91],[128.424944,34.915417],[128.42875,34.913306],[128.429528,34.926639],[128.435361,34.929139],[128.428333,34.937861],[128.424583,34.938306],[128.429528,34.945833],[128.421194,34.954167],[128.433361,34.959583],[128.444556,34.975806],[128.440833,34.982083],[128.434972,34.983778],[128.426639,34.982917],[128.419194,34.986278],[128.408361,34.983694],[128.407889,34.994972],[128.425806,34.991222],[128.440806,34.992889],[128.455833,34.988722],[128.459139,34.991278],[128.460833,34.987889],[128.465889,34.987056],[128.464972,34.995417],[128.479194,34.99125],[128.478306,34.997083],[128.485389,34.997444],[128.482083,35.003306],[128.485778,35.011222],[128.493333,35.005417],[128.502083,35.0125],[128.499972,35.022917],[128.487028,35.024972],[128.483694,35.030806],[128.485833,35.038694],[128.477444,35.042056],[128.473306,35.038778],[128.462028,35.045806],[128.463278,35.04875],[128.479194,35.047083],[128.482917,35.0525],[128.477944,35.056639],[128.483694,35.064111],[128.471667,35.074556],[128.460806,35.063722],[128.452917,35.071667],[128.461667,35.072028],[128.467444,35.080361],[128.475,35.075417],[128.48125,35.079167],[128.45,35.096194],[128.456611,35.105389],[128.469972,35.09875],[128.4775,35.098722],[128.485056,35.100361],[128.490833,35.107083],[128.504944,35.099583],[128.518333,35.098722],[128.521639,35.105389],[128.528361,35.104556],[128.539111,35.119583],[128.541222,35.117472],[128.537944,35.108306],[128.545861,35.110389],[128.54875,35.1075],[128.542917,35.104139],[128.547472,35.092889],[128.55,35.096222],[128.556667,35.09625],[128.582889,35.089972],[128.564583,35.081611],[128.564139,35.067056],[128.571667,35.069556],[128.575833,35.065389],[128.583278,35.065417],[128.589167,35.072083],[128.594583,35.069167],[128.585,35.062056],[128.580806,35.062083],[128.574194,35.05375],[128.590889,35.057083],[128.602472,35.05625],[128.636194,35.069139],[128.635,35.072917],[128.624944,35.075389],[128.612444,35.07125],[128.612917,35.075028],[128.607028,35.078333],[128.608278,35.08125],[128.618306,35.081222],[128.627889,35.085833],[128.624139,35.090389],[128.61575,35.091222],[128.6175,35.095417],[128.602028,35.105],[128.600361,35.118333],[128.59625,35.120833],[128.600444,35.124972],[128.601278,35.133333],[128.589556,35.133333],[128.597889,35.141667],[128.596611,35.145389],[128.589556,35.148306],[128.591194,35.159972],[128.582528,35.165389],[128.576222,35.164972],[128.57375,35.169139],[128.579528,35.173333],[128.578333,35.175389],[128.562111,35.179167],[128.573778,35.194167],[128.572944,35.199139],[128.589167,35.211222],[128.608694,35.210833],[128.603306,35.202111],[128.594111,35.202083],[128.591222,35.196611],[128.60375,35.185]]]]}},{"type":"Feature","properties":{"sterm_parent":"충남북부앞바다","fcst_kor_nm":"충남북부앞바다","zone_id":"S1251300"},"geometry":{"type":"MultiPolygon","coordinates":[[[[126.3665049,36.73102961],[126.35186257,36.69482046],[126.37351558,36.68563287],[126.370389,36.679139],[126.373278,36.675389],[126.385389,36.677472],[126.367028,36.656639],[126.369556,36.647472],[126.365389,36.644972],[126.367083,36.636611],[126.36375,36.635],[126.366639,36.624583],[126.374139,36.629556],[126.381694,36.627889],[126.377972,36.636611],[126.380778,36.63875],[126.385028,36.635389],[126.39375,36.638333],[126.389167,36.651222],[126.394167,36.648722],[126.398333,36.651194],[126.404139,36.642917],[126.407889,36.645806],[126.408694,36.653333],[126.415444,36.655806],[126.42116751,36.66541367],[126.49679833,36.63332275],[126.4935607,36.60193826],[126.4675,36.595417],[126.4575,36.596222],[126.455417,36.593333],[126.462833,36.583361],[126.469556,36.559167],[126.46375,36.546639],[126.467028,36.54],[126.476694,36.53625],[126.48591088,36.52778351],[126.48698163,36.52485419],[126.4824011,36.51746625],[126.48055412,36.51643194],[126.47087591,36.51229469],[126.45107623,36.50475899],[126.44073311,36.49678001],[126.43910776,36.49234724],[126.44176742,36.4831862],[126.4447226,36.4774236],[126.44945088,36.46944462],[126.45100235,36.44432562],[126.45100235,36.43664216],[126.45011579,36.42600353],[126.44834269,36.41772903],[126.44095475,36.40295315],[126.430833,36.396944],[126.424,36.3965],[126.42459,36.39871],[126.427861,36.400833],[126.427083,36.407472],[126.422028,36.4125],[126.432472,36.417889],[126.434528,36.424167],[126.425028,36.432083],[126.413306,36.423694],[126.420417,36.4425],[126.414583,36.443306],[126.414167,36.452056],[126.40375,36.455833],[126.404167,36.464528],[126.394972,36.460389],[126.39625,36.465],[126.386194,36.471639],[126.390417,36.473333],[126.390028,36.477056],[126.402056,36.476611],[126.398722,36.49],[126.402861,36.499139],[126.40125,36.5075],[126.393333,36.514556],[126.382472,36.515389],[126.379583,36.519111],[126.38,36.52125],[126.385417,36.520778],[126.386194,36.526639],[126.379611,36.530778],[126.375417,36.543333],[126.367917,36.549194],[126.372111,36.554139],[126.373778,36.565],[126.365,36.567028],[126.359944,36.560389],[126.36125,36.569111],[126.357472,36.572889],[126.354139,36.575361],[126.340444,36.575028],[126.347056,36.580833],[126.344583,36.586667],[126.349139,36.590361],[126.357889,36.585806],[126.362528,36.575389],[126.368778,36.576667],[126.375361,36.589167],[126.36625,36.609111],[126.359167,36.612917],[126.348361,36.61125],[126.344972,36.604528],[126.338306,36.607917],[126.324556,36.601667],[126.327028,36.6075],[126.322056,36.609972],[126.321194,36.614139],[126.326667,36.618722],[126.330778,36.614583],[126.33375,36.614972],[126.3325,36.618722],[126.342472,36.615417],[126.349139,36.619556],[126.353278,36.61875],[126.354556,36.6225],[126.348333,36.626222],[126.3325,36.622917],[126.324972,36.637056],[126.3175,36.635389],[126.310389,36.639111],[126.313333,36.642917],[126.321667,36.642917],[126.3325,36.653694],[126.339139,36.650417],[126.342083,36.658306],[126.310444,36.675],[126.315806,36.675417],[126.31625,36.679139],[126.304556,36.682472],[126.30125,36.6875],[126.304528,36.693361],[126.29375,36.703306],[126.289583,36.716639],[126.295,36.717917],[126.295389,36.7125],[126.305806,36.70375],[126.320778,36.70625],[126.326222,36.713306],[126.324556,36.722472],[126.330361,36.733306],[126.360361,36.745833],[126.357917,36.740778],[126.3665049,36.73102961]]],[[[126.46052946,36.88326321],[126.45662159,36.87860167],[126.444556,36.880833],[126.46052946,36.88326321]]],[[[126.39241367,37.09881604],[126.46459035,37.0805141],[126.54903276,37.05299674],[126.70666523,37.02175054],[126.8039773,36.96825048],[126.85977912,36.87483559],[126.857889,36.864167],[126.846194,36.8425],[126.862889,36.836611],[126.84375,36.834139],[126.843722,36.825],[126.860417,36.802528],[126.857917,36.784944],[126.848333,36.784556],[126.8325,36.773722],[126.830389,36.775],[126.849583,36.793333],[126.855417,36.803333],[126.844556,36.810806],[126.830861,36.83375],[126.816583,36.834556],[126.812917,36.839139],[126.813778,36.849111],[126.825417,36.855],[126.81875,36.869111],[126.827083,36.876667],[126.828778,36.888306],[126.817944,36.898306],[126.813722,36.925806],[126.80575,36.929611],[126.793722,36.917472],[126.792083,36.907472],[126.7875,36.902889],[126.770861,36.899583],[126.767861,36.901667],[126.770833,36.917111],[126.788694,36.918306],[126.784556,36.924111],[126.784556,36.931667],[126.792056,36.935],[126.794583,36.944167],[126.784556,36.945806],[126.786194,36.955861],[126.779583,36.963333],[126.784111,36.975389],[126.78,36.977083],[126.770806,36.974556],[126.766667,36.979583],[126.751722,36.977056],[126.745861,36.979528],[126.743722,36.971639],[126.726667,36.960389],[126.709583,36.970833],[126.70875,36.982472],[126.697917,36.985833],[126.696222,36.995],[126.699556,36.998333],[126.687444,36.999583],[126.675028,36.986222],[126.665417,36.981639],[126.677917,36.968306],[126.676639,36.961194],[126.667528,36.965417],[126.6625,36.963722],[126.655417,36.955806],[126.658778,36.950833],[126.656694,36.948722],[126.6525,36.955389],[126.644167,36.952889],[126.636667,36.955417],[126.627528,36.95125],[126.625417,36.956639],[126.632917,36.973333],[126.604139,36.981222],[126.576639,36.999556],[126.572056,37.008278],[126.576222,37.014944],[126.574167,37.025389],[126.561667,37.030389],[126.559111,37.036222],[126.543333,37.034528],[126.53,37.042833],[126.521639,37.056222],[126.496639,37.060333],[126.494556,37.054111],[126.497528,37.051194],[126.5175,37.046194],[126.525417,37.038278],[126.52125,37.009111],[126.516194,37.005806],[126.527528,37.004556],[126.530417,36.994972],[126.539167,36.985389],[126.555806,36.98625],[126.553722,36.980806],[126.534972,36.982028],[126.526639,36.997083],[126.511667,36.999556],[126.508278,37.006222],[126.495778,37.008694],[126.486639,37.015361],[126.481222,37.014972],[126.491222,37.004139],[126.494167,36.992917],[126.499167,36.992889],[126.511667,36.982056],[126.530417,36.98],[126.519556,36.973306],[126.537083,36.963306],[126.532889,36.958306],[126.541194,36.950806],[126.543333,36.942028],[126.554528,36.939167],[126.552056,36.931694],[126.559611,36.9275],[126.55599419,36.92451855],[126.54493105,36.92465861],[126.545417,36.93],[126.529611,36.943278],[126.529583,36.946667],[126.524583,36.948333],[126.527111,36.9525],[126.52125,36.957472],[126.519583,36.964139],[126.515806,36.967889],[126.509167,36.966222],[126.499583,36.954972],[126.505361,36.949139],[126.502056,36.932472],[126.50329376,36.92518575],[126.49575411,36.9252812],[126.49341572,36.92249184],[126.492472,36.92375],[126.48875,36.922472],[126.48770904,36.91568458],[126.46551258,36.88920736],[126.462056,36.898306],[126.472889,36.907472],[126.471278,36.917444],[126.480417,36.924167],[126.484583,36.939139],[126.479167,36.953722],[126.4725,36.95125],[126.462472,36.952861],[126.457917,36.956667],[126.462083,36.96],[126.462861,36.969111],[126.459139,36.975389],[126.439972,36.96875],[126.43625,36.971639],[126.450417,36.987444],[126.454528,36.998306],[126.452917,37.004111],[126.448278,37.007861],[126.433389,37.010389],[126.419972,37.007083],[126.410778,37.012889],[126.40625,37.009972],[126.405389,37],[126.397861,36.999194],[126.388306,37.012917],[126.383306,37.012861],[126.380389,37.005],[126.384556,37.004139],[126.385806,36.997028],[126.363333,36.994583],[126.362917,37.006667],[126.3575,37.012056],[126.352917,37.009139],[126.352861,37],[126.340778,36.988778],[126.334972,36.988694],[126.335389,36.994139],[126.326639,36.999556],[126.327028,36.988333],[126.361611,36.982889],[126.363306,36.979556],[126.372528,36.982889],[126.377972,36.980833],[126.376722,36.973722],[126.385028,36.973722],[126.387083,36.97],[126.375,36.96875],[126.372917,36.963333],[126.368278,36.962889],[126.360833,36.970389],[126.341639,36.96875],[126.333333,36.973722],[126.332861,36.9625],[126.348333,36.962889],[126.350444,36.953333],[126.359583,36.950778],[126.356222,36.945],[126.359111,36.939556],[126.371694,36.951222],[126.374972,36.944556],[126.382083,36.943333],[126.382056,36.933306],[126.389139,36.930389],[126.397472,36.935444],[126.399972,36.932917],[126.407444,36.93375],[126.409167,36.939583],[126.415806,36.93875],[126.421194,36.931667],[126.417917,36.924139],[126.413306,36.920389],[126.404111,36.922083],[126.403722,36.919139],[126.409556,36.914972],[126.409167,36.907889],[126.425806,36.906222],[126.431222,36.9],[126.425806,36.897944],[126.421611,36.899556],[126.416667,36.894528],[126.405833,36.897056],[126.405,36.892056],[126.395833,36.893722],[126.3975,36.882028],[126.375833,36.882944],[126.365833,36.878778],[126.36375,36.875806],[126.37,36.867861],[126.382472,36.87125],[126.386639,36.867083],[126.391611,36.870417],[126.402111,36.862444],[126.381667,36.860417],[126.379222,36.857083],[126.366611,36.857889],[126.362528,36.845389],[126.355806,36.849583],[126.364556,36.833306],[126.363333,36.829556],[126.357472,36.830389],[126.342111,36.848306],[126.344139,36.861222],[126.330028,36.862917],[126.318694,36.851667],[126.32375,36.848306],[126.31625,36.840806],[126.325389,36.835806],[126.325806,36.827917],[126.334556,36.825833],[126.33625,36.814139],[126.342472,36.807056],[126.347056,36.806639],[126.351694,36.792111],[126.348361,36.797056],[126.340389,36.799111],[126.334972,36.812028],[126.320833,36.819556],[126.317056,36.815028],[126.329167,36.804583],[126.313306,36.807083],[126.309583,36.814167],[126.304167,36.815417],[126.303722,36.806639],[126.295,36.808722],[126.294583,36.8025],[126.286611,36.794583],[126.284111,36.817083],[126.274972,36.812056],[126.267528,36.802028],[126.265361,36.804167],[126.266278,36.809167],[126.282528,36.823722],[126.294139,36.824556],[126.315389,36.834139],[126.313306,36.839528],[126.293722,36.843333],[126.292917,36.856639],[126.302889,36.8575],[126.303722,36.861639],[126.299556,36.865833],[126.305833,36.867056],[126.31125,36.873306],[126.313333,36.883778],[126.316639,36.88625],[126.325806,36.884556],[126.331278,36.888306],[126.33,36.892056],[126.320778,36.892056],[126.319528,36.904167],[126.310778,36.907056],[126.306222,36.911639],[126.307944,36.914944],[126.300389,36.920778],[126.308694,36.930028],[126.302083,36.945833],[126.307111,36.9475],[126.312083,36.957444],[126.3075,36.959583],[126.301611,36.957028],[126.297444,36.96375],[126.292083,36.964139],[126.303722,36.9675],[126.30625,36.975],[126.304167,36.979583],[126.299944,36.979556],[126.293333,36.971222],[126.284167,36.970389],[126.282861,36.964972],[126.279528,36.964139],[126.285389,36.96],[126.287944,36.936639],[126.292056,36.928333],[126.282861,36.910833],[126.28375,36.903361],[126.276222,36.899111],[126.277056,36.893306],[126.272889,36.890806],[126.275417,36.881639],[126.2725,36.87375],[126.268306,36.872889],[126.266639,36.877889],[126.259111,36.881222],[126.250389,36.878333],[126.250417,36.871694],[126.244139,36.866222],[126.235833,36.867056],[126.231667,36.873722],[126.217917,36.872472],[126.215361,36.875833],[126.219583,36.884194],[126.224944,36.888722],[126.233306,36.889556],[126.232889,36.894167],[126.237028,36.897472],[126.227861,36.902472],[126.238333,36.904528],[126.240833,36.910444],[126.234972,36.910417],[126.229167,36.906222],[126.219167,36.906194],[126.210833,36.900417],[126.202528,36.906222],[126.200833,36.90125],[126.197917,36.901639],[126.200389,36.898333],[126.195028,36.88875],[126.177861,36.888306],[126.178306,36.883722],[126.186694,36.882889],[126.189556,36.878333],[126.189556,36.873361],[126.182861,36.868333],[126.189556,36.866667],[126.190806,36.859528],[126.194194,36.859556],[126.1975,36.865417],[126.211222,36.862472],[126.209167,36.850417],[126.205806,36.850389],[126.199972,36.858722],[126.187472,36.839556],[126.17625,36.834139],[126.19,36.82375],[126.211222,36.825],[126.205389,36.819139],[126.212889,36.818333],[126.214556,36.813333],[126.211611,36.812056],[126.206639,36.812056],[126.203306,36.817889],[126.195,36.815389],[126.194194,36.81875],[126.181222,36.820806],[126.18375,36.809194],[126.194556,36.804167],[126.191222,36.799972],[126.196194,36.784139],[126.192083,36.785806],[126.178722,36.8125],[126.172083,36.814972],[126.172889,36.824139],[126.167083,36.829167],[126.168722,36.842472],[126.161611,36.842083],[126.157472,36.848722],[126.154111,36.845389],[126.148722,36.846639],[126.151639,36.83875],[126.144556,36.839139],[126.157917,36.826639],[126.152917,36.821667],[126.154194,36.817917],[126.147861,36.817472],[126.152028,36.8125],[126.142056,36.809167],[126.147861,36.800833],[126.141222,36.795],[126.144556,36.791639],[126.135806,36.783722],[126.129556,36.785806],[126.131611,36.776222],[126.119944,36.774583],[126.115,36.770389],[126.113361,36.773722],[126.109528,36.773306],[126.1125,36.767083],[126.119556,36.764139],[126.119528,36.753278],[126.129139,36.752944],[126.132028,36.749972],[126.132056,36.739972],[126.120417,36.724111],[126.124556,36.716667],[126.120361,36.714167],[126.119083,36.707889],[126.121611,36.707083],[126.138361,36.721222],[126.143333,36.728722],[126.150389,36.73],[126.15,36.748694],[126.144972,36.750417],[126.145361,36.741667],[126.138722,36.74],[126.140361,36.754972],[126.137083,36.763306],[126.145,36.772083],[126.153278,36.775389],[126.152028,36.760806],[126.155,36.755389],[126.179139,36.758778],[126.1925,36.757083],[126.182056,36.745],[126.190806,36.742917],[126.196667,36.737889],[126.2075,36.737861],[126.210806,36.740417],[126.20875,36.731667],[126.201222,36.722444],[126.204111,36.72125],[126.215833,36.726222],[126.221222,36.721667],[126.221667,36.71125],[126.205028,36.706222],[126.190833,36.70875],[126.180806,36.715389],[126.164944,36.717056],[126.16,36.707056],[126.14625,36.704139],[126.150806,36.687889],[126.161222,36.690833],[126.152056,36.683333],[126.154139,36.67875],[126.197444,36.675417],[126.199583,36.684972],[126.2075,36.687056],[126.209111,36.692917],[126.228306,36.694583],[126.233306,36.702083],[126.239556,36.704111],[126.234556,36.709139],[126.235806,36.717083],[126.24,36.715389],[126.245806,36.717917],[126.250833,36.714556],[126.270389,36.728333],[126.27125,36.704167],[126.260417,36.695833],[126.264556,36.682472],[126.262889,36.674139],[126.266667,36.67125],[126.282472,36.672083],[126.295417,36.659167],[126.299583,36.641611],[126.297083,36.621639],[126.291667,36.618722],[126.289972,36.622056],[126.282,36.6225],[126.287083,36.615806],[126.288722,36.604972],[126.287861,36.599111],[126.282083,36.593333],[126.2925,36.584583],[126.300833,36.587917],[126.302861,36.592472],[126.3,36.59625],[126.296667,36.59125],[126.29375,36.591639],[126.292083,36.598306],[126.296639,36.600417],[126.305833,36.60125],[126.311611,36.589528],[126.322833,36.593333],[126.322083,36.586667],[126.314111,36.585417],[126.312083,36.5825],[126.312944,36.57],[126.327083,36.553306],[126.32625,36.5375],[126.330389,36.529167],[126.326222,36.515806],[126.332889,36.505833],[126.336222,36.490806],[126.330389,36.474972],[126.323722,36.469111],[126.3375,36.472917],[126.343333,36.484611],[126.355417,36.481667],[126.341222,36.473278],[126.340389,36.462444],[126.33375,36.461611],[126.332056,36.443306],[126.334972,36.439611],[126.34325,36.43875],[126.363278,36.441278],[126.364556,36.443361],[126.359139,36.444556],[126.35625,36.450778],[126.358333,36.455417],[126.362528,36.45625],[126.365,36.450389],[126.372917,36.4475],[126.372111,36.439111],[126.368306,36.435417],[126.356667,36.437917],[126.352444,36.424528],[126.356639,36.424583],[126.361667,36.416222],[126.371611,36.411222],[126.380361,36.415833],[126.380806,36.427917],[126.385861,36.421222],[126.389139,36.421222],[126.399972,36.428722],[126.402028,36.422472],[126.397028,36.419167],[126.39625,36.414167],[126.409139,36.412917],[126.409583,36.405833],[126.417444,36.405417],[126.419139,36.399556],[126.424,36.3965],[126.430833,36.396944],[126.41527441,36.39297487],[126.406138,36.392856],[126.395174,36.393733],[126.38344942,36.39653617],[126.371475,36.401003],[126.358067,36.408178],[126.346138,36.415711],[126.33819275,36.42191552],[126.196435,36.370765],[126.16643,36.31324],[125.99849419,36.50313161],[125.94657533,36.56215597],[125.8576682,36.66265409],[125.85731125,36.66793208],[125.86273986,36.68501598],[125.95055401,36.96136854],[125.95959459,36.98821274],[125.96038987,36.98842053],[126.29686,37.07368],[126.39241367,37.09881604]]]]}},{"type":"Feature","properties":{"sterm_parent":"전남중부서해앞바다","fcst_kor_nm":"전남중부서해앞바다","zone_id":"S1231400"},"geometry":{"type":"MultiPolygon","coordinates":[[[[126.3405718,35.17256668],[126.39964476,35.12051168],[126.40438085,35.11633825],[126.43446063,35.08983199],[126.43815613,35.08657552],[126.435389,35.085833],[126.44378995,35.081611],[126.4525492,35.07389237],[126.45340228,35.0731481],[126.450389,35.071667],[126.441722,35.058722],[126.417917,35.045],[126.416222,35.040833],[126.423778,35.033333],[126.42375,35.025833],[126.419167,35.024583],[126.411694,35.030389],[126.405,35.027889],[126.402056,35.030806],[126.398722,35.035028],[126.400861,35.045417],[126.393333,35.042056],[126.387889,35.044972],[126.388333,35.048778],[126.390833,35.044583],[126.393306,35.047889],[126.402917,35.05],[126.390778,35.06125],[126.3975,35.060417],[126.4,35.056222],[126.404139,35.057056],[126.407083,35.063306],[126.401194,35.066667],[126.407917,35.065833],[126.398306,35.076222],[126.394556,35.075806],[126.387444,35.065417],[126.380444,35.067472],[126.387111,35.080778],[126.391222,35.082472],[126.389194,35.087083],[126.385,35.087889],[126.378722,35.081639],[126.379556,35.074972],[126.372083,35.07],[126.368722,35.059167],[126.365,35.058722],[126.367889,35.071667],[126.363333,35.079583],[126.354194,35.077917],[126.349139,35.081222],[126.345806,35.07875],[126.341222,35.080833],[126.340389,35.086639],[126.347889,35.091667],[126.350806,35.100444],[126.341639,35.09125],[126.333278,35.09125],[126.329556,35.094139],[126.333722,35.0975],[126.33375,35.105],[126.326306,35.1075],[126.331278,35.110833],[126.329167,35.117083],[126.339556,35.119139],[126.337056,35.123306],[126.344583,35.136639],[126.345806,35.160444],[126.330028,35.149556],[126.325833,35.151222],[126.323722,35.149139],[126.324167,35.145417],[126.331278,35.143333],[126.327528,35.13375],[126.317083,35.130833],[126.321222,35.13],[126.319194,35.12625],[126.324583,35.1275],[126.314556,35.1175],[126.313333,35.112028],[126.30625,35.117472],[126.310417,35.128278],[126.306222,35.129167],[126.307111,35.138333],[126.295,35.13875],[126.290028,35.142083],[126.287472,35.137056],[126.279167,35.135417],[126.272472,35.15125],[126.254611,35.140833],[126.256278,35.1325],[126.253306,35.135417],[126.249583,35.133333],[126.239556,35.111694],[126.25,35.113694],[126.257056,35.109167],[126.259111,35.099611],[126.261667,35.10125],[126.266222,35.099139],[126.2675,35.095389],[126.264944,35.097917],[126.259167,35.096222],[126.254556,35.09],[126.263333,35.083722],[126.267528,35.083722],[126.270833,35.088778],[126.278361,35.081194],[126.286639,35.084583],[126.286194,35.080806],[126.291222,35.078333],[126.284583,35.075],[126.284556,35.069167],[126.279139,35.064556],[126.272917,35.065806],[126.278333,35.079611],[126.274972,35.07625],[126.272472,35.078722],[126.265861,35.077083],[126.263722,35.074167],[126.26875,35.068278],[126.262111,35.064139],[126.262083,35.054972],[126.265028,35.052917],[126.279194,35.055417],[126.280833,35.062083],[126.292528,35.060389],[126.295389,35.058333],[126.290361,35.05],[126.298778,35.050806],[126.299583,35.046639],[126.29375,35.041639],[126.296639,35.041194],[126.31375,35.055833],[126.311611,35.059556],[126.299583,35.061639],[126.3025,35.067083],[126.311611,35.066278],[126.31625,35.070833],[126.306639,35.079556],[126.300028,35.080417],[126.295417,35.092528],[126.287083,35.096694],[126.294556,35.1],[126.292028,35.106639],[126.294972,35.112889],[126.298778,35.108333],[126.297861,35.103278],[126.30625,35.099972],[126.302889,35.098361],[126.30375,35.093333],[126.309139,35.094556],[126.314583,35.089972],[126.312528,35.082944],[126.321667,35.089556],[126.329194,35.08875],[126.334583,35.083306],[126.342111,35.069167],[126.329556,35.062472],[126.3325,35.058722],[126.335806,35.06125],[126.350417,35.053333],[126.343722,35.050833],[126.350028,35.038778],[126.369139,35.047889],[126.373333,35.04375],[126.374972,35.04875],[126.379139,35.04875],[126.388806,35.034972],[126.389139,35.025417],[126.345806,35.003722],[126.343333,34.999583],[126.33375,34.997472],[126.331611,34.99125],[126.342444,34.99625],[126.357889,34.991667],[126.358722,34.985833],[126.3525,34.984556],[126.344139,34.973722],[126.33575,34.972917],[126.328306,34.967083],[126.327917,34.972444],[126.322083,34.974167],[126.319111,34.982056],[126.314944,34.975389],[126.31125,34.975806],[126.314167,34.98875],[126.305417,34.986667],[126.303722,34.978333],[126.297083,34.975833],[126.295389,34.963333],[126.301611,34.95625],[126.307111,34.955],[126.312472,34.947056],[126.322472,34.953722],[126.326639,34.952056],[126.330778,34.957056],[126.332083,34.953306],[126.329167,34.944556],[126.321667,34.944556],[126.315806,34.937111],[126.304556,34.934167],[126.305,34.927083],[126.312472,34.926222],[126.3175,34.93125],[126.322444,34.928722],[126.324944,34.93125],[126.329167,34.923722],[126.334639,34.922472],[126.334139,34.920389],[126.329917,34.921278],[126.329167,34.917083],[126.344111,34.914528],[126.343694,34.919167],[126.350833,34.917083],[126.353778,34.923333],[126.343694,34.925],[126.348361,34.925389],[126.350417,34.929167],[126.338722,34.933306],[126.335389,34.941667],[126.337528,34.94875],[126.344944,34.940389],[126.350806,34.944556],[126.356667,34.943722],[126.365778,34.932083],[126.374583,34.94],[126.367472,34.942917],[126.367083,34.945833],[126.371194,34.947472],[126.376222,34.958333],[126.369194,34.962889],[126.361639,34.962028],[126.360417,34.969167],[126.361667,34.972111],[126.370389,34.973333],[126.366222,34.983306],[126.370861,34.997889],[126.374583,34.996667],[126.372917,34.989972],[126.378694,34.987472],[126.377889,34.971667],[126.382444,34.967917],[126.390361,34.968306],[126.38375,34.975],[126.383722,34.979972],[126.392111,34.996639],[126.397028,35],[126.397083,35.005],[126.405,35.007917],[126.409583,35.004167],[126.407083,34.998333],[126.41465148,34.99454967],[126.41497318,34.9892738],[126.414583,34.984972],[126.4152399,34.98489967],[126.41612132,34.97044434],[126.409944,34.962056],[126.400806,34.95625],[126.38875,34.953333],[126.38875,34.939944],[126.402056,34.936639],[126.390389,34.929972],[126.390361,34.922472],[126.40375,34.91],[126.4,34.900417],[126.390361,34.899972],[126.390389,34.890806],[126.383694,34.886611],[126.38875,34.885],[126.38625,34.878306],[126.388306,34.877083],[126.395417,34.8875],[126.402472,34.890389],[126.414972,34.906222],[126.408722,34.890806],[126.409167,34.887889],[126.411639,34.88875],[126.42014632,34.90443431],[126.42041794,34.89997978],[126.42156169,34.89502351],[126.421306,34.894111],[126.42191524,34.89349145],[126.42278916,34.88970448],[126.417917,34.886667],[126.416667,34.88125],[126.409111,34.882861],[126.406611,34.880389],[126.402444,34.882889],[126.395389,34.873306],[126.394556,34.868306],[126.403778,34.865],[126.40125,34.859167],[126.406222,34.8575],[126.404583,34.848361],[126.412028,34.843306],[126.4,34.84375],[126.395778,34.83375],[126.389139,34.82875],[126.385,34.830417],[126.381694,34.822056],[126.378333,34.82375],[126.375361,34.820833],[126.373722,34.815806],[126.377889,34.809139],[126.370861,34.80625],[126.364556,34.8075],[126.366222,34.804139],[126.360417,34.795778],[126.367472,34.77875],[126.379083,34.777917],[126.386667,34.784556],[126.389944,34.78125],[126.399139,34.782889],[126.409167,34.792083],[126.425028,34.792056],[126.42625,34.796667],[126.417917,34.804167],[126.422889,34.806667],[126.425778,34.813722],[126.436667,34.802917],[126.45352308,34.8095466],[126.46919689,34.78576565],[126.46725812,34.77413305],[126.46,34.76625],[126.453778,34.764167],[126.453306,34.757917],[126.444944,34.762028],[126.441222,34.760806],[126.44642051,34.75077664],[126.44465833,34.7495313],[126.434583,34.7525],[126.432028,34.757472],[126.435389,34.761667],[126.429139,34.772861],[126.420389,34.770778],[126.422056,34.761667],[126.418333,34.754556],[126.409583,34.761639],[126.412056,34.766667],[126.408306,34.771222],[126.394139,34.773722],[126.378722,34.7675],[126.37875,34.749111],[126.366667,34.752056],[126.367056,34.748306],[126.362528,34.747917],[126.362056,34.744139],[126.368306,34.739556],[126.379194,34.738778],[126.386667,34.730389],[126.395389,34.734139],[126.395,34.740361],[126.405806,34.738722],[126.406222,34.744167],[126.413333,34.747917],[126.419139,34.742083],[126.428306,34.743778],[126.425389,34.739139],[126.42667559,34.73682277],[126.42145148,34.73313086],[126.39015028,34.72336609],[126.3878138,34.72461536],[126.3803313,34.72798056],[126.37230605,34.73158985],[126.36029758,34.73699057],[126.32248832,34.753995],[126.2647305,34.77997114],[126.24636377,34.73622291],[126.2312919,34.70032281],[126.23288953,34.64702288],[126.2342877,34.60037747],[126.1996101,34.56068351],[126.13373532,34.54692944],[126.1000352,34.53989316],[126.04290771,34.51696777],[126.00918908,34.5032443],[125.90463275,34.45160055],[125.89543648,34.46538425],[125.81674103,34.58333593],[125.83480496,34.60144032],[125.84661686,34.62528936],[125.84742167,34.62691434],[125.78723413,34.78283173],[125.78555843,34.78717267],[125.78557975,34.78722081],[125.78824946,34.79325086],[125.91513646,35.07984956],[125.97413888,35.22704285],[125.97414214,35.22704178],[126.05875118,35.19948028],[126.09008789,35.18927002],[126.13590339,35.17601621],[126.14402245,35.17366747],[126.14580293,35.17334256],[126.2444926,35.17294942],[126.27069397,35.17284504],[126.28026038,35.17280694],[126.30424573,35.17271139],[126.3405718,35.17256668]]]]}},{"type":"Feature","properties":{"sterm_parent":"전남중부서해앞바다","fcst_kor_nm":"전남중부서해앞바다","zone_id":"S1231400"},"geometry":{"type":"MultiPolygon","coordinates":[[[[126.3405718,35.17256668],[126.39964476,35.12051168],[126.40438085,35.11633825],[126.43446063,35.08983199],[126.43815613,35.08657552],[126.435389,35.085833],[126.44378995,35.081611],[126.4525492,35.07389237],[126.45340228,35.0731481],[126.450389,35.071667],[126.441722,35.058722],[126.417917,35.045],[126.416222,35.040833],[126.423778,35.033333],[126.42375,35.025833],[126.419167,35.024583],[126.411694,35.030389],[126.405,35.027889],[126.402056,35.030806],[126.398722,35.035028],[126.400861,35.045417],[126.393333,35.042056],[126.387889,35.044972],[126.388333,35.048778],[126.390833,35.044583],[126.393306,35.047889],[126.402917,35.05],[126.390778,35.06125],[126.3975,35.060417],[126.4,35.056222],[126.404139,35.057056],[126.407083,35.063306],[126.401194,35.066667],[126.407917,35.065833],[126.398306,35.076222],[126.394556,35.075806],[126.387444,35.065417],[126.380444,35.067472],[126.387111,35.080778],[126.391222,35.082472],[126.389194,35.087083],[126.385,35.087889],[126.378722,35.081639],[126.379556,35.074972],[126.372083,35.07],[126.368722,35.059167],[126.365,35.058722],[126.367889,35.071667],[126.363333,35.079583],[126.354194,35.077917],[126.349139,35.081222],[126.345806,35.07875],[126.341222,35.080833],[126.340389,35.086639],[126.347889,35.091667],[126.350806,35.100444],[126.341639,35.09125],[126.333278,35.09125],[126.329556,35.094139],[126.333722,35.0975],[126.33375,35.105],[126.326306,35.1075],[126.331278,35.110833],[126.329167,35.117083],[126.339556,35.119139],[126.337056,35.123306],[126.344583,35.136639],[126.345806,35.160444],[126.330028,35.149556],[126.325833,35.151222],[126.323722,35.149139],[126.324167,35.145417],[126.331278,35.143333],[126.327528,35.13375],[126.317083,35.130833],[126.321222,35.13],[126.319194,35.12625],[126.324583,35.1275],[126.314556,35.1175],[126.313333,35.112028],[126.30625,35.117472],[126.310417,35.128278],[126.306222,35.129167],[126.307111,35.138333],[126.295,35.13875],[126.290028,35.142083],[126.287472,35.137056],[126.279167,35.135417],[126.272472,35.15125],[126.254611,35.140833],[126.256278,35.1325],[126.253306,35.135417],[126.249583,35.133333],[126.239556,35.111694],[126.25,35.113694],[126.257056,35.109167],[126.259111,35.099611],[126.261667,35.10125],[126.266222,35.099139],[126.2675,35.095389],[126.264944,35.097917],[126.259167,35.096222],[126.254556,35.09],[126.263333,35.083722],[126.267528,35.083722],[126.270833,35.088778],[126.278361,35.081194],[126.286639,35.084583],[126.286194,35.080806],[126.291222,35.078333],[126.284583,35.075],[126.284556,35.069167],[126.279139,35.064556],[126.272917,35.065806],[126.278333,35.079611],[126.274972,35.07625],[126.272472,35.078722],[126.265861,35.077083],[126.263722,35.074167],[126.26875,35.068278],[126.262111,35.064139],[126.262083,35.054972],[126.265028,35.052917],[126.279194,35.055417],[126.280833,35.062083],[126.292528,35.060389],[126.295389,35.058333],[126.290361,35.05],[126.298778,35.050806],[126.299583,35.046639],[126.29375,35.041639],[126.296639,35.041194],[126.31375,35.055833],[126.311611,35.059556],[126.299583,35.061639],[126.3025,35.067083],[126.311611,35.066278],[126.31625,35.070833],[126.306639,35.079556],[126.300028,35.080417],[126.295417,35.092528],[126.287083,35.096694],[126.294556,35.1],[126.292028,35.106639],[126.294972,35.112889],[126.298778,35.108333],[126.297861,35.103278],[126.30625,35.099972],[126.302889,35.098361],[126.30375,35.093333],[126.309139,35.094556],[126.314583,35.089972],[126.312528,35.082944],[126.321667,35.089556],[126.329194,35.08875],[126.334583,35.083306],[126.342111,35.069167],[126.329556,35.062472],[126.3325,35.058722],[126.335806,35.06125],[126.350417,35.053333],[126.343722,35.050833],[126.350028,35.038778],[126.369139,35.047889],[126.373333,35.04375],[126.374972,35.04875],[126.379139,35.04875],[126.388806,35.034972],[126.389139,35.025417],[126.345806,35.003722],[126.343333,34.999583],[126.33375,34.997472],[126.331611,34.99125],[126.342444,34.99625],[126.357889,34.991667],[126.358722,34.985833],[126.3525,34.984556],[126.344139,34.973722],[126.33575,34.972917],[126.328306,34.967083],[126.327917,34.972444],[126.322083,34.974167],[126.319111,34.982056],[126.314944,34.975389],[126.31125,34.975806],[126.314167,34.98875],[126.305417,34.986667],[126.303722,34.978333],[126.297083,34.975833],[126.295389,34.963333],[126.301611,34.95625],[126.307111,34.955],[126.312472,34.947056],[126.322472,34.953722],[126.326639,34.952056],[126.330778,34.957056],[126.332083,34.953306],[126.329167,34.944556],[126.321667,34.944556],[126.315806,34.937111],[126.304556,34.934167],[126.305,34.927083],[126.312472,34.926222],[126.3175,34.93125],[126.322444,34.928722],[126.324944,34.93125],[126.329167,34.923722],[126.334639,34.922472],[126.334139,34.920389],[126.329917,34.921278],[126.329167,34.917083],[126.344111,34.914528],[126.343694,34.919167],[126.350833,34.917083],[126.353778,34.923333],[126.343694,34.925],[126.348361,34.925389],[126.350417,34.929167],[126.338722,34.933306],[126.335389,34.941667],[126.337528,34.94875],[126.344944,34.940389],[126.350806,34.944556],[126.356667,34.943722],[126.365778,34.932083],[126.374583,34.94],[126.367472,34.942917],[126.367083,34.945833],[126.371194,34.947472],[126.376222,34.958333],[126.369194,34.962889],[126.361639,34.962028],[126.360417,34.969167],[126.361667,34.972111],[126.370389,34.973333],[126.366222,34.983306],[126.370861,34.997889],[126.374583,34.996667],[126.372917,34.989972],[126.378694,34.987472],[126.377889,34.971667],[126.382444,34.967917],[126.390361,34.968306],[126.38375,34.975],[126.383722,34.979972],[126.392111,34.996639],[126.397028,35],[126.397083,35.005],[126.405,35.007917],[126.409583,35.004167],[126.407083,34.998333],[126.41465148,34.99454967],[126.41497318,34.9892738],[126.414583,34.984972],[126.4152399,34.98489967],[126.41612132,34.97044434],[126.409944,34.962056],[126.400806,34.95625],[126.38875,34.953333],[126.38875,34.939944],[126.402056,34.936639],[126.390389,34.929972],[126.390361,34.922472],[126.40375,34.91],[126.4,34.900417],[126.390361,34.899972],[126.390389,34.890806],[126.383694,34.886611],[126.38875,34.885],[126.38625,34.878306],[126.388306,34.877083],[126.395417,34.8875],[126.402472,34.890389],[126.414972,34.906222],[126.408722,34.890806],[126.409167,34.887889],[126.411639,34.88875],[126.42014632,34.90443431],[126.42041794,34.89997978],[126.42156169,34.89502351],[126.421306,34.894111],[126.42191524,34.89349145],[126.42278916,34.88970448],[126.417917,34.886667],[126.416667,34.88125],[126.409111,34.882861],[126.406611,34.880389],[126.402444,34.882889],[126.395389,34.873306],[126.394556,34.868306],[126.403778,34.865],[126.40125,34.859167],[126.406222,34.8575],[126.404583,34.848361],[126.412028,34.843306],[126.4,34.84375],[126.395778,34.83375],[126.389139,34.82875],[126.385,34.830417],[126.381694,34.822056],[126.378333,34.82375],[126.375361,34.820833],[126.373722,34.815806],[126.377889,34.809139],[126.370861,34.80625],[126.364556,34.8075],[126.366222,34.804139],[126.360417,34.795778],[126.367472,34.77875],[126.379083,34.777917],[126.386667,34.784556],[126.389944,34.78125],[126.399139,34.782889],[126.409167,34.792083],[126.425028,34.792056],[126.42625,34.796667],[126.417917,34.804167],[126.422889,34.806667],[126.425778,34.813722],[126.436667,34.802917],[126.45352308,34.8095466],[126.46919689,34.78576565],[126.46725812,34.77413305],[126.46,34.76625],[126.453778,34.764167],[126.453306,34.757917],[126.444944,34.762028],[126.441222,34.760806],[126.44642051,34.75077664],[126.44465833,34.7495313],[126.434583,34.7525],[126.432028,34.757472],[126.435389,34.761667],[126.429139,34.772861],[126.420389,34.770778],[126.422056,34.761667],[126.418333,34.754556],[126.409583,34.761639],[126.412056,34.766667],[126.408306,34.771222],[126.394139,34.773722],[126.378722,34.7675],[126.37875,34.749111],[126.366667,34.752056],[126.367056,34.748306],[126.362528,34.747917],[126.362056,34.744139],[126.368306,34.739556],[126.379194,34.738778],[126.386667,34.730389],[126.395389,34.734139],[126.395,34.740361],[126.405806,34.738722],[126.406222,34.744167],[126.413333,34.747917],[126.419139,34.742083],[126.428306,34.743778],[126.425389,34.739139],[126.42667559,34.73682277],[126.42145148,34.73313086],[126.39015028,34.72336609],[126.3878138,34.72461536],[126.3803313,34.72798056],[126.37230605,34.73158985],[126.36029758,34.73699057],[126.32248832,34.753995],[126.2647305,34.77997114],[126.24636377,34.73622291],[126.2312919,34.70032281],[126.23288953,34.64702288],[126.2342877,34.60037747],[126.1996101,34.56068351],[126.13373532,34.54692944],[126.1000352,34.53989316],[126.04290771,34.51696777],[126.00918908,34.5032443],[125.90463275,34.45160055],[125.89543648,34.46538425],[125.81674103,34.58333593],[125.83480496,34.60144032],[125.84661686,34.62528936],[125.84742167,34.62691434],[125.78723413,34.78283173],[125.78555843,34.78717267],[125.78557975,34.78722081],[125.78824946,34.79325086],[125.91513646,35.07984956],[125.97413888,35.22704285],[125.97414214,35.22704178],[126.05875118,35.19948028],[126.09008789,35.18927002],[126.13590339,35.17601621],[126.14402245,35.17366747],[126.14580293,35.17334256],[126.2444926,35.17294942],[126.27069397,35.17284504],[126.28026038,35.17280694],[126.30424573,35.17271139],[126.3405718,35.17256668]]]]}},{"type":"Feature","properties":{"sterm_parent":"전남남부서해앞바다","fcst_kor_nm":"전남남부서해앞바다","zone_id":"S1231500"},"geometry":{"type":"MultiPolygon","coordinates":[[[[126.35432377,34.64446085],[126.39279405,34.6101841],[126.389167,34.609556],[126.381667,34.617917],[126.374583,34.6175],[126.374556,34.610778],[126.370028,34.604556],[126.370417,34.618306],[126.365778,34.617917],[126.367472,34.622083],[126.35375,34.626667],[126.35432377,34.64446085]]],[[[126.2647305,34.77997114],[126.32248832,34.753995],[126.36029758,34.73699057],[126.37230605,34.73158985],[126.3803313,34.72798056],[126.3878138,34.72461536],[126.39015028,34.72336609],[126.39463177,34.71338758],[126.391611,34.710417],[126.392028,34.715],[126.389167,34.716194],[126.383722,34.715],[126.384583,34.707472],[126.394917,34.704583],[126.393778,34.699972],[126.39951402,34.6951491],[126.39417375,34.69142297],[126.384111,34.702056],[126.382083,34.700833],[126.39167984,34.68968287],[126.3784049,34.68042039],[126.378361,34.680417],[126.374167,34.683694],[126.372917,34.6775],[126.37314448,34.67674997],[126.34362468,34.65615277],[126.343333,34.65625],[126.34325,34.662083],[126.335806,34.658722],[126.329944,34.660417],[126.327917,34.665028],[126.33375,34.672472],[126.330389,34.680806],[126.332861,34.695],[126.348278,34.700389],[126.348722,34.710806],[126.34,34.71875],[126.331278,34.721639],[126.330417,34.734167],[126.327083,34.736667],[126.328778,34.740833],[126.323306,34.739556],[126.31875,34.743306],[126.319111,34.75125],[126.309139,34.747083],[126.309583,34.755],[126.3025,34.761194],[126.294194,34.762889],[126.28625,34.759972],[126.275417,34.730833],[126.275389,34.723333],[126.281222,34.720833],[126.272861,34.7175],[126.268306,34.702056],[126.263333,34.709611],[126.259528,34.705806],[126.257056,34.694167],[126.259194,34.688722],[126.263806,34.688333],[126.254556,34.681639],[126.254972,34.677889],[126.258722,34.6775],[126.255389,34.663278],[126.262889,34.659167],[126.258722,34.654139],[126.267889,34.647472],[126.266667,34.644583],[126.259972,34.646222],[126.26,34.64125],[126.279139,34.629583],[126.289194,34.634556],[126.294194,34.628722],[126.301667,34.624611],[126.305806,34.625389],[126.30375,34.62],[126.308389,34.621194],[126.313694,34.6125],[126.297472,34.611222],[126.289972,34.622056],[126.281639,34.622889],[126.282889,34.618333],[126.278722,34.610806],[126.287028,34.605778],[126.279583,34.599944],[126.279583,34.595833],[126.290833,34.591222],[126.290417,34.596639],[126.297472,34.600417],[126.298333,34.590417],[126.312083,34.587444],[126.302944,34.576667],[126.3075,34.577056],[126.305389,34.573333],[126.314139,34.566194],[126.33375,34.572472],[126.33375,34.581694],[126.330389,34.585778],[126.333306,34.594556],[126.347528,34.593722],[126.3525,34.587083],[126.363778,34.583306],[126.35375,34.571639],[126.355,34.565389],[126.358306,34.565389],[126.362528,34.559528],[126.374139,34.559556],[126.379972,34.562889],[126.388722,34.558306],[126.382944,34.555778],[126.387889,34.549139],[126.377861,34.54],[126.387444,34.532083],[126.402944,34.539167],[126.4,34.548778],[126.415778,34.54625],[126.418361,34.557056],[126.43375,34.551667],[126.431222,34.545833],[126.433389,34.535389],[126.443278,34.53875],[126.445806,34.535361],[126.455806,34.536194],[126.460778,34.529556],[126.466639,34.530417],[126.469556,34.535],[126.464556,34.54],[126.466222,34.544139],[126.460417,34.557472],[126.469583,34.561611],[126.47013416,34.5648283],[126.4910043,34.55265246],[126.4977951,34.53907087],[126.497028,34.538306],[126.49834421,34.53797265],[126.50512827,34.52440452],[126.494944,34.525389],[126.494194,34.520389],[126.485778,34.519528],[126.473306,34.50875],[126.456194,34.502444],[126.457056,34.497472],[126.462861,34.494972],[126.455028,34.492056],[126.454528,34.489111],[126.461639,34.487889],[126.464639,34.483333],[126.453694,34.482472],[126.454528,34.475778],[126.4625,34.46875],[126.473333,34.468722],[126.483306,34.479583],[126.486194,34.478333],[126.478278,34.458694],[126.469167,34.462861],[126.466222,34.461667],[126.476694,34.449583],[126.467528,34.44875],[126.464083,34.454583],[126.452944,34.450806],[126.453306,34.447889],[126.466194,34.439972],[126.475,34.427028],[126.480833,34.42625],[126.48125,34.433361],[126.485028,34.434583],[126.495806,34.43125],[126.505778,34.440389],[126.512889,34.435833],[126.507083,34.426667],[126.515806,34.414528],[126.499944,34.40625],[126.4925,34.410389],[126.485417,34.409167],[126.489528,34.405806],[126.485417,34.402528],[126.489583,34.399167],[126.487889,34.395806],[126.492472,34.395389],[126.493306,34.390389],[126.500417,34.388278],[126.485806,34.387083],[126.4825,34.39125],[126.480806,34.387889],[126.470028,34.386222],[126.465417,34.380806],[126.469944,34.383722],[126.478306,34.383722],[126.472944,34.379139],[126.479583,34.375833],[126.475444,34.371639],[126.483722,34.366639],[126.475361,34.366639],[126.478306,34.35875],[126.46825,34.364556],[126.464528,34.364139],[126.464556,34.359167],[126.472472,34.350389],[126.478306,34.35125],[126.491639,34.360389],[126.498333,34.357111],[126.504194,34.366222],[126.517917,34.363333],[126.521278,34.355],[126.520389,34.345028],[126.525417,34.334139],[126.519972,34.325417],[126.511194,34.319972],[126.517917,34.314972],[126.514583,34.308306],[126.515417,34.296667],[126.52204445,34.29404654],[126.52155737,34.29306541],[126.4884652,34.27501196],[126.4711588,34.26557045],[126.39507544,34.2240199],[126.34453046,34.19650886],[126.34452131,34.19650388],[126.34447594,34.1965222],[126.31919104,34.20672944],[126.29164657,34.21814748],[126.21533956,34.24977914],[126.15585432,34.27370757],[126.12474812,34.2862203],[126.11258475,34.29141154],[126.0872307,34.30223247],[126.05,34.316667],[125.983333,34.333333],[125.91104809,34.44275631],[125.90926537,34.44520992],[125.90463266,34.45158603],[125.90463498,34.45158718],[126.00918908,34.5032443],[126.04290771,34.51696777],[126.1000352,34.53989316],[126.13373532,34.54692944],[126.1996101,34.56068351],[126.2342877,34.60037747],[126.23288953,34.64702288],[126.2312919,34.70032281],[126.24636377,34.73622291],[126.2647305,34.77997114]]]]}},{"type":"Feature","properties":{"sterm_parent":"전남남부서해앞바다","fcst_kor_nm":"전남남부서해앞바다","zone_id":"S1231500"},"geometry":{"type":"MultiPolygon","coordinates":[[[[126.35432377,34.64446085],[126.39279405,34.6101841],[126.389167,34.609556],[126.381667,34.617917],[126.374583,34.6175],[126.374556,34.610778],[126.370028,34.604556],[126.370417,34.618306],[126.365778,34.617917],[126.367472,34.622083],[126.35375,34.626667],[126.35432377,34.64446085]]],[[[126.2647305,34.77997114],[126.32248832,34.753995],[126.36029758,34.73699057],[126.37230605,34.73158985],[126.3803313,34.72798056],[126.3878138,34.72461536],[126.39015028,34.72336609],[126.39463177,34.71338758],[126.391611,34.710417],[126.392028,34.715],[126.389167,34.716194],[126.383722,34.715],[126.384583,34.707472],[126.394917,34.704583],[126.393778,34.699972],[126.39951402,34.6951491],[126.39417375,34.69142297],[126.384111,34.702056],[126.382083,34.700833],[126.39167984,34.68968287],[126.3784049,34.68042039],[126.378361,34.680417],[126.374167,34.683694],[126.372917,34.6775],[126.37314448,34.67674997],[126.34362468,34.65615277],[126.343333,34.65625],[126.34325,34.662083],[126.335806,34.658722],[126.329944,34.660417],[126.327917,34.665028],[126.33375,34.672472],[126.330389,34.680806],[126.332861,34.695],[126.348278,34.700389],[126.348722,34.710806],[126.34,34.71875],[126.331278,34.721639],[126.330417,34.734167],[126.327083,34.736667],[126.328778,34.740833],[126.323306,34.739556],[126.31875,34.743306],[126.319111,34.75125],[126.309139,34.747083],[126.309583,34.755],[126.3025,34.761194],[126.294194,34.762889],[126.28625,34.759972],[126.275417,34.730833],[126.275389,34.723333],[126.281222,34.720833],[126.272861,34.7175],[126.268306,34.702056],[126.263333,34.709611],[126.259528,34.705806],[126.257056,34.694167],[126.259194,34.688722],[126.263806,34.688333],[126.254556,34.681639],[126.254972,34.677889],[126.258722,34.6775],[126.255389,34.663278],[126.262889,34.659167],[126.258722,34.654139],[126.267889,34.647472],[126.266667,34.644583],[126.259972,34.646222],[126.26,34.64125],[126.279139,34.629583],[126.289194,34.634556],[126.294194,34.628722],[126.301667,34.624611],[126.305806,34.625389],[126.30375,34.62],[126.308389,34.621194],[126.313694,34.6125],[126.297472,34.611222],[126.289972,34.622056],[126.281639,34.622889],[126.282889,34.618333],[126.278722,34.610806],[126.287028,34.605778],[126.279583,34.599944],[126.279583,34.595833],[126.290833,34.591222],[126.290417,34.596639],[126.297472,34.600417],[126.298333,34.590417],[126.312083,34.587444],[126.302944,34.576667],[126.3075,34.577056],[126.305389,34.573333],[126.314139,34.566194],[126.33375,34.572472],[126.33375,34.581694],[126.330389,34.585778],[126.333306,34.594556],[126.347528,34.593722],[126.3525,34.587083],[126.363778,34.583306],[126.35375,34.571639],[126.355,34.565389],[126.358306,34.565389],[126.362528,34.559528],[126.374139,34.559556],[126.379972,34.562889],[126.388722,34.558306],[126.382944,34.555778],[126.387889,34.549139],[126.377861,34.54],[126.387444,34.532083],[126.402944,34.539167],[126.4,34.548778],[126.415778,34.54625],[126.418361,34.557056],[126.43375,34.551667],[126.431222,34.545833],[126.433389,34.535389],[126.443278,34.53875],[126.445806,34.535361],[126.455806,34.536194],[126.460778,34.529556],[126.466639,34.530417],[126.469556,34.535],[126.464556,34.54],[126.466222,34.544139],[126.460417,34.557472],[126.469583,34.561611],[126.47013416,34.5648283],[126.4910043,34.55265246],[126.4977951,34.53907087],[126.497028,34.538306],[126.49834421,34.53797265],[126.50512827,34.52440452],[126.494944,34.525389],[126.494194,34.520389],[126.485778,34.519528],[126.473306,34.50875],[126.456194,34.502444],[126.457056,34.497472],[126.462861,34.494972],[126.455028,34.492056],[126.454528,34.489111],[126.461639,34.487889],[126.464639,34.483333],[126.453694,34.482472],[126.454528,34.475778],[126.4625,34.46875],[126.473333,34.468722],[126.483306,34.479583],[126.486194,34.478333],[126.478278,34.458694],[126.469167,34.462861],[126.466222,34.461667],[126.476694,34.449583],[126.467528,34.44875],[126.464083,34.454583],[126.452944,34.450806],[126.453306,34.447889],[126.466194,34.439972],[126.475,34.427028],[126.480833,34.42625],[126.48125,34.433361],[126.485028,34.434583],[126.495806,34.43125],[126.505778,34.440389],[126.512889,34.435833],[126.507083,34.426667],[126.515806,34.414528],[126.499944,34.40625],[126.4925,34.410389],[126.485417,34.409167],[126.489528,34.405806],[126.485417,34.402528],[126.489583,34.399167],[126.487889,34.395806],[126.492472,34.395389],[126.493306,34.390389],[126.500417,34.388278],[126.485806,34.387083],[126.4825,34.39125],[126.480806,34.387889],[126.470028,34.386222],[126.465417,34.380806],[126.469944,34.383722],[126.478306,34.383722],[126.472944,34.379139],[126.479583,34.375833],[126.475444,34.371639],[126.483722,34.366639],[126.475361,34.366639],[126.478306,34.35875],[126.46825,34.364556],[126.464528,34.364139],[126.464556,34.359167],[126.472472,34.350389],[126.478306,34.35125],[126.491639,34.360389],[126.498333,34.357111],[126.504194,34.366222],[126.517917,34.363333],[126.521278,34.355],[126.520389,34.345028],[126.525417,34.334139],[126.519972,34.325417],[126.511194,34.319972],[126.517917,34.314972],[126.514583,34.308306],[126.515417,34.296667],[126.52204445,34.29404654],[126.52155737,34.29306541],[126.4884652,34.27501196],[126.4711588,34.26557045],[126.39507544,34.2240199],[126.34453046,34.19650886],[126.34452131,34.19650388],[126.34447594,34.1965222],[126.31919104,34.20672944],[126.29164657,34.21814748],[126.21533956,34.24977914],[126.15585432,34.27370757],[126.12474812,34.2862203],[126.11258475,34.29141154],[126.0872307,34.30223247],[126.05,34.316667],[125.983333,34.333333],[125.91104809,34.44275631],[125.90926537,34.44520992],[125.90463266,34.45158603],[125.90463498,34.45158718],[126.00918908,34.5032443],[126.04290771,34.51696777],[126.1000352,34.53989316],[126.13373532,34.54692944],[126.1996101,34.56068351],[126.2342877,34.60037747],[126.23288953,34.64702288],[126.2312919,34.70032281],[126.24636377,34.73622291],[126.2647305,34.77997114]]]]}},{"type":"Feature","properties":{"sterm_parent":"전남서부남해앞바다","fcst_kor_nm":"전남서부남해앞바다","zone_id":"S1321100"},"geometry":{"type":"MultiPolygon","coordinates":[[[[127.0458121,34.63432387],[127.0682102,34.46544663],[127.13515652,34.40695407],[127.21576598,34.20862076],[127.21580537,34.20852385],[127.21581609,34.20849748],[127.21581619,34.20849723],[127.2158154,34.20849718],[127.21180868,34.20823169],[127.07590932,34.19922699],[127.06933441,34.19730545],[126.908085,34.15017976],[126.84875856,34.13953554],[126.78076351,34.12805583],[126.76389958,34.12520867],[126.69322921,34.11355166],[126.60201221,34.0968072],[126.59309032,34.09784661],[126.58357942,34.09895464],[126.47888825,34.14167838],[126.34453046,34.19650886],[126.34451892,34.19651357],[126.47237075,34.26624491],[126.4884652,34.27501196],[126.52154649,34.29303218],[126.52204846,34.29404495],[126.524972,34.292889],[126.529611,34.297472],[126.529111,34.302083],[126.544972,34.304583],[126.558306,34.322944],[126.584167,34.321222],[126.595,34.31375],[126.605028,34.315389],[126.60625,34.318333],[126.602083,34.322472],[126.604556,34.334167],[126.600417,34.338306],[126.608806,34.344139],[126.608778,34.347472],[126.601667,34.347028],[126.60125,34.349139],[126.620389,34.36],[126.616222,34.365806],[126.620389,34.379972],[126.614139,34.381222],[126.612028,34.384972],[126.621222,34.396639],[126.616222,34.403306],[126.623333,34.408722],[126.628306,34.403722],[126.636667,34.412917],[126.645,34.409528],[126.650389,34.423333],[126.6575,34.421222],[126.663306,34.428722],[126.675806,34.41625],[126.678722,34.420833],[126.674556,34.426639],[126.680806,34.427056],[126.689556,34.433333],[126.686667,34.437917],[126.677083,34.4425],[126.67899089,34.44693751],[126.68329574,34.44923884],[126.689111,34.444556],[126.698361,34.447944],[126.698722,34.441639],[126.705028,34.439528],[126.709972,34.439556],[126.714944,34.444583],[126.722472,34.442889],[126.734556,34.445],[126.734111,34.448722],[126.723306,34.447889],[126.718306,34.454556],[126.714167,34.452917],[126.708306,34.455389],[126.711639,34.467083],[126.70746108,34.467083],[126.71299684,34.47397841],[126.720806,34.47125],[126.719583,34.475],[126.728306,34.479583],[126.729972,34.472056],[126.744972,34.469583],[126.749583,34.475861],[126.741222,34.480861],[126.739583,34.487528],[126.747472,34.492083],[126.758278,34.49125],[126.759583,34.496639],[126.766194,34.499972],[126.764167,34.503778],[126.75825,34.502056],[126.754222,34.504556],[126.750833,34.502028],[126.749167,34.50625],[126.743278,34.503722],[126.73676456,34.50904886],[126.74106392,34.52451606],[126.746694,34.521194],[126.747472,34.530417],[126.755,34.526222],[126.772056,34.526639],[126.762944,34.534139],[126.7645,34.540028],[126.767889,34.540833],[126.765361,34.546611],[126.767889,34.556639],[126.763722,34.559111],[126.766278,34.563306],[126.756667,34.560361],[126.757056,34.564944],[126.75304834,34.56763073],[126.75566751,34.57705334],[126.770389,34.594111],[126.772056,34.61],[126.766639,34.621222],[126.777111,34.619139],[126.778722,34.591639],[126.789583,34.585806],[126.784583,34.576611],[126.795389,34.566694],[126.788722,34.561639],[126.79125,34.5575],[126.788694,34.554139],[126.800361,34.55],[126.791222,34.542444],[126.790417,34.524167],[126.786222,34.514139],[126.790361,34.511639],[126.792917,34.501667],[126.790417,34.4975],[126.793694,34.495778],[126.792056,34.489972],[126.795417,34.488306],[126.796222,34.480833],[126.787444,34.478722],[126.784556,34.469972],[126.789194,34.467889],[126.807444,34.469583],[126.805417,34.463306],[126.80875,34.4625],[126.803722,34.459139],[126.805806,34.451222],[126.814222,34.455389],[126.819194,34.449583],[126.830806,34.448694],[126.838361,34.45125],[126.842444,34.447861],[126.846639,34.44875],[126.855778,34.442028],[126.859167,34.442889],[126.863278,34.435361],[126.867472,34.43875],[126.875861,34.435417],[126.880361,34.424139],[126.884111,34.422889],[126.887889,34.434972],[126.87875,34.45],[126.869528,34.455861],[126.871639,34.457889],[126.888333,34.456222],[126.886222,34.4625],[126.889139,34.472917],[126.898306,34.474556],[126.898722,34.465806],[126.902472,34.462083],[126.916583,34.467083],[126.923278,34.465417],[126.929972,34.44625],[126.937472,34.447056],[126.94625,34.455833],[126.947083,34.461639],[126.941278,34.464167],[126.937083,34.474972],[126.939944,34.484583],[126.947917,34.481639],[126.954139,34.469556],[126.960833,34.470389],[126.966694,34.477083],[126.972528,34.475417],[126.975,34.470417],[126.978722,34.470806],[126.977917,34.487472],[126.967472,34.492889],[126.965361,34.4975],[126.969583,34.51],[126.9775,34.509556],[126.978694,34.511639],[126.972111,34.518278],[126.972889,34.525806],[126.963278,34.526194],[126.959583,34.5325],[126.971639,34.543694],[126.987528,34.540417],[126.989139,34.560417],[126.994944,34.56125],[127.005389,34.555806],[127.005806,34.570417],[126.999972,34.567861],[126.995861,34.570361],[126.989167,34.568722],[126.97875,34.575806],[126.985861,34.577083],[126.992056,34.584167],[126.992083,34.594139],[126.998694,34.598306],[126.996194,34.604167],[127.003306,34.602889],[127.005,34.607028],[127.009167,34.605389],[127.009528,34.609167],[126.996611,34.612917],[126.992861,34.616639],[126.994139,34.62375],[126.970861,34.62125],[126.957056,34.630806],[126.969139,34.626222],[126.990833,34.626222],[126.993306,34.632111],[126.999139,34.632083],[127.002472,34.626222],[127.015028,34.62375],[127.031611,34.629583],[127.0375,34.635389],[127.0457867,34.63463599],[127.0458121,34.63432387]]]]}},{"type":"Feature","properties":{"sterm_parent":"전남서부남해앞바다","fcst_kor_nm":"전남서부남해앞바다","zone_id":"S1321100"},"geometry":{"type":"MultiPolygon","coordinates":[[[[127.0458121,34.63432387],[127.0682102,34.46544663],[127.13515652,34.40695407],[127.21576598,34.20862076],[127.21580537,34.20852385],[127.21581609,34.20849748],[127.21581619,34.20849723],[127.2158154,34.20849718],[127.21180868,34.20823169],[127.07590932,34.19922699],[127.06933441,34.19730545],[126.908085,34.15017976],[126.84875856,34.13953554],[126.78076351,34.12805583],[126.76389958,34.12520867],[126.69322921,34.11355166],[126.60201221,34.0968072],[126.59309032,34.09784661],[126.58357942,34.09895464],[126.47888825,34.14167838],[126.34453046,34.19650886],[126.34451892,34.19651357],[126.47237075,34.26624491],[126.4884652,34.27501196],[126.52154649,34.29303218],[126.52204846,34.29404495],[126.524972,34.292889],[126.529611,34.297472],[126.529111,34.302083],[126.544972,34.304583],[126.558306,34.322944],[126.584167,34.321222],[126.595,34.31375],[126.605028,34.315389],[126.60625,34.318333],[126.602083,34.322472],[126.604556,34.334167],[126.600417,34.338306],[126.608806,34.344139],[126.608778,34.347472],[126.601667,34.347028],[126.60125,34.349139],[126.620389,34.36],[126.616222,34.365806],[126.620389,34.379972],[126.614139,34.381222],[126.612028,34.384972],[126.621222,34.396639],[126.616222,34.403306],[126.623333,34.408722],[126.628306,34.403722],[126.636667,34.412917],[126.645,34.409528],[126.650389,34.423333],[126.6575,34.421222],[126.663306,34.428722],[126.675806,34.41625],[126.678722,34.420833],[126.674556,34.426639],[126.680806,34.427056],[126.689556,34.433333],[126.686667,34.437917],[126.677083,34.4425],[126.67899089,34.44693751],[126.68329574,34.44923884],[126.689111,34.444556],[126.698361,34.447944],[126.698722,34.441639],[126.705028,34.439528],[126.709972,34.439556],[126.714944,34.444583],[126.722472,34.442889],[126.734556,34.445],[126.734111,34.448722],[126.723306,34.447889],[126.718306,34.454556],[126.714167,34.452917],[126.708306,34.455389],[126.711639,34.467083],[126.70746108,34.467083],[126.71299684,34.47397841],[126.720806,34.47125],[126.719583,34.475],[126.728306,34.479583],[126.729972,34.472056],[126.744972,34.469583],[126.749583,34.475861],[126.741222,34.480861],[126.739583,34.487528],[126.747472,34.492083],[126.758278,34.49125],[126.759583,34.496639],[126.766194,34.499972],[126.764167,34.503778],[126.75825,34.502056],[126.754222,34.504556],[126.750833,34.502028],[126.749167,34.50625],[126.743278,34.503722],[126.73676456,34.50904886],[126.74106392,34.52451606],[126.746694,34.521194],[126.747472,34.530417],[126.755,34.526222],[126.772056,34.526639],[126.762944,34.534139],[126.7645,34.540028],[126.767889,34.540833],[126.765361,34.546611],[126.767889,34.556639],[126.763722,34.559111],[126.766278,34.563306],[126.756667,34.560361],[126.757056,34.564944],[126.75304834,34.56763073],[126.75566751,34.57705334],[126.770389,34.594111],[126.772056,34.61],[126.766639,34.621222],[126.777111,34.619139],[126.778722,34.591639],[126.789583,34.585806],[126.784583,34.576611],[126.795389,34.566694],[126.788722,34.561639],[126.79125,34.5575],[126.788694,34.554139],[126.800361,34.55],[126.791222,34.542444],[126.790417,34.524167],[126.786222,34.514139],[126.790361,34.511639],[126.792917,34.501667],[126.790417,34.4975],[126.793694,34.495778],[126.792056,34.489972],[126.795417,34.488306],[126.796222,34.480833],[126.787444,34.478722],[126.784556,34.469972],[126.789194,34.467889],[126.807444,34.469583],[126.805417,34.463306],[126.80875,34.4625],[126.803722,34.459139],[126.805806,34.451222],[126.814222,34.455389],[126.819194,34.449583],[126.830806,34.448694],[126.838361,34.45125],[126.842444,34.447861],[126.846639,34.44875],[126.855778,34.442028],[126.859167,34.442889],[126.863278,34.435361],[126.867472,34.43875],[126.875861,34.435417],[126.880361,34.424139],[126.884111,34.422889],[126.887889,34.434972],[126.87875,34.45],[126.869528,34.455861],[126.871639,34.457889],[126.888333,34.456222],[126.886222,34.4625],[126.889139,34.472917],[126.898306,34.474556],[126.898722,34.465806],[126.902472,34.462083],[126.916583,34.467083],[126.923278,34.465417],[126.929972,34.44625],[126.937472,34.447056],[126.94625,34.455833],[126.947083,34.461639],[126.941278,34.464167],[126.937083,34.474972],[126.939944,34.484583],[126.947917,34.481639],[126.954139,34.469556],[126.960833,34.470389],[126.966694,34.477083],[126.972528,34.475417],[126.975,34.470417],[126.978722,34.470806],[126.977917,34.487472],[126.967472,34.492889],[126.965361,34.4975],[126.969583,34.51],[126.9775,34.509556],[126.978694,34.511639],[126.972111,34.518278],[126.972889,34.525806],[126.963278,34.526194],[126.959583,34.5325],[126.971639,34.543694],[126.987528,34.540417],[126.989139,34.560417],[126.994944,34.56125],[127.005389,34.555806],[127.005806,34.570417],[126.999972,34.567861],[126.995861,34.570361],[126.989167,34.568722],[126.97875,34.575806],[126.985861,34.577083],[126.992056,34.584167],[126.992083,34.594139],[126.998694,34.598306],[126.996194,34.604167],[127.003306,34.602889],[127.005,34.607028],[127.009167,34.605389],[127.009528,34.609167],[126.996611,34.612917],[126.992861,34.616639],[126.994139,34.62375],[126.970861,34.62125],[126.957056,34.630806],[126.969139,34.626222],[126.990833,34.626222],[126.993306,34.632111],[126.999139,34.632083],[127.002472,34.626222],[127.015028,34.62375],[127.031611,34.629583],[127.0375,34.635389],[127.0457867,34.63463599],[127.0458121,34.63432387]]]]}},{"type":"Feature","properties":{"sterm_parent":"제주도북부앞바다","fcst_kor_nm":"제주도북부앞바다","zone_id":"S1323100"},"geometry":{"type":"MultiPolygon","coordinates":[[[[126.705925,33.555344],[126.70504,33.554462],[126.704163,33.554462],[126.703285,33.553581],[126.695946,33.553581],[126.695358,33.553288],[126.695358,33.552406],[126.695068,33.552116],[126.694191,33.552116],[126.693306,33.551235],[126.689201,33.551235],[126.688324,33.550354],[126.685097,33.550354],[126.684212,33.549477],[126.681572,33.549477],[126.681282,33.55006],[126.681282,33.550941],[126.67923,33.552994],[126.677467,33.552994],[126.67659,33.552116],[126.675705,33.552116],[126.674828,33.551235],[126.67424,33.551235],[126.673653,33.550941],[126.673653,33.55006],[126.672188,33.548302],[126.672188,33.545956],[126.670715,33.544487],[126.665146,33.544487],[126.664268,33.545368],[126.661629,33.545368],[126.660744,33.546249],[126.660156,33.546249],[126.658401,33.548008],[126.657516,33.548008],[126.656639,33.548889],[126.655762,33.548008],[126.654877,33.548008],[126.654587,33.548302],[126.654587,33.549183],[126.656342,33.550648],[126.654877,33.552116],[126.650772,33.552116],[126.650475,33.551529],[126.650475,33.55006],[126.649895,33.549477],[126.646667,33.549477],[126.645493,33.550941],[126.645782,33.551235],[126.647545,33.551235],[126.648422,33.552116],[126.64901,33.552116],[126.649597,33.552406],[126.647545,33.554462],[126.646667,33.554462],[126.645782,33.555344],[126.644028,33.555344],[126.642853,33.554169],[126.642853,33.553288],[126.642555,33.552994],[126.641678,33.552994],[126.6408,33.552116],[126.639915,33.552116],[126.639626,33.551529],[126.639626,33.549183],[126.638741,33.548302],[126.638741,33.547421],[126.637573,33.546249],[126.634933,33.546249],[126.634048,33.545368],[126.633171,33.545368],[126.632874,33.545074],[126.632874,33.542435],[126.633759,33.541553],[126.633759,33.540089],[126.632874,33.539207],[126.633759,33.538326],[126.633171,33.538033],[126.629944,33.538033],[126.627304,33.540382],[126.625839,33.540382],[126.625252,33.540089],[126.625252,33.538326],[126.624954,33.537743],[126.624077,33.538033],[126.621727,33.540382],[126.62085,33.540382],[126.619972,33.539501],[126.61821,33.539501],[126.617332,33.53862],[126.611755,33.53862],[126.609993,33.537155],[126.609116,33.537155],[126.608238,33.536274],[126.607353,33.537155],[126.605011,33.537155],[126.604126,33.536274],[126.600899,33.536274],[126.599144,33.537743],[126.596794,33.538033],[126.595917,33.537155],[126.595032,33.537155],[126.594154,33.536274],[126.593277,33.536274],[126.592392,33.535393],[126.591515,33.535393],[126.59034,33.534222],[126.59034,33.53334],[126.589165,33.532166],[126.58741,33.532166],[126.587112,33.531582],[126.587112,33.530994],[126.586235,33.530113],[126.586235,33.529232],[126.58535,33.528355],[126.58535,33.527473],[126.58506,33.52718],[126.583298,33.52718],[126.58242,33.526299],[126.579193,33.526299],[126.576553,33.528648],[126.575089,33.528648],[126.573326,33.526886],[126.570686,33.52718],[126.569809,33.527767],[126.568336,33.528061],[126.567459,33.528648],[126.567162,33.528355],[126.567162,33.526592],[126.566582,33.526299],[126.565697,33.526299],[126.563354,33.528648],[126.562469,33.528648],[126.561592,33.527767],[126.561005,33.528061],[126.55954,33.526592],[126.55954,33.526009],[126.558655,33.524834],[126.558655,33.524246],[126.557487,33.522781],[126.553375,33.522781],[126.552498,33.522194],[126.55162,33.522194],[126.550735,33.521313],[126.549271,33.521313],[126.546631,33.523659],[126.544868,33.523659],[126.544281,33.522781],[126.539886,33.522781],[126.537537,33.520432],[126.536659,33.520432],[126.535774,33.519554],[126.533134,33.519554],[126.532547,33.518673],[126.530792,33.518673],[126.526978,33.514858],[126.526978,33.51465559],[126.52375112,33.51423162],[126.52001428,33.512806],[126.519936,33.512806],[126.519646,33.513393],[126.519646,33.513981],[126.518761,33.514858],[126.518761,33.515739],[126.517586,33.516914],[126.514069,33.516914],[126.513191,33.516327],[126.512306,33.516327],[126.511719,33.516914],[126.508202,33.517204],[126.507614,33.518085],[126.504974,33.517792],[126.504097,33.518673],[126.502335,33.518673],[126.50087,33.520432],[126.499985,33.520432],[126.499107,33.521313],[126.497345,33.521313],[126.496758,33.522194],[126.495003,33.5219],[126.494118,33.521313],[126.491776,33.521313],[126.490891,33.520432],[126.488251,33.520432],[126.487373,33.519554],[126.486786,33.519554],[126.485321,33.518379],[126.485321,33.517498],[126.484436,33.516621],[126.484436,33.515739],[126.483559,33.514858],[126.483856,33.514271],[126.482971,33.513393],[126.482971,33.512512],[126.480919,33.51046],[126.478279,33.51046],[126.477402,33.511337],[126.475929,33.511337],[126.475052,33.51046],[126.470062,33.51046],[126.469185,33.511337],[126.467422,33.511337],[126.467133,33.510754],[126.467133,33.506645],[126.466248,33.505764],[126.466248,33.504887],[126.465958,33.504593],[126.456573,33.504593],[126.451584,33.499603],[126.450706,33.499603],[126.450119,33.498726],[126.448357,33.498726],[126.447479,33.499603],[126.445129,33.499603],[126.444252,33.498726],[126.443367,33.498726],[126.44249,33.497845],[126.440727,33.497845],[126.44014,33.496964],[126.434273,33.496964],[126.433395,33.496082],[126.430756,33.496082],[126.429878,33.495499],[126.428993,33.495499],[126.428406,33.496082],[126.425766,33.496082],[126.424889,33.495499],[126.424011,33.495499],[126.423424,33.494617],[126.421661,33.494617],[126.419312,33.491978],[126.417557,33.491978],[126.416672,33.491096],[126.414917,33.491096],[126.414032,33.490513],[126.408165,33.490215],[126.407875,33.489925],[126.407875,33.488163],[126.4067,33.486992],[126.404938,33.486992],[126.40406,33.487869],[126.403473,33.486992],[126.402298,33.486992],[126.400246,33.484936],[126.400543,33.484058],[126.399956,33.483765],[126.398193,33.485523],[126.395844,33.485523],[126.394966,33.486111],[126.394089,33.486111],[126.392914,33.487576],[126.392914,33.488457],[126.389977,33.49139],[126.389099,33.490513],[126.385872,33.490513],[126.384109,33.48875],[126.383232,33.48875],[126.380005,33.485523],[126.379128,33.486111],[126.376778,33.486111],[126.37619,33.485817],[126.37619,33.484936],[126.37326,33.482002],[126.372375,33.482002],[126.370911,33.480537],[126.369148,33.480244],[126.368271,33.479656],[126.362404,33.479656],[126.361526,33.480244],[126.355949,33.480244],[126.355362,33.47995],[126.355362,33.479069],[126.352135,33.475842],[126.352135,33.474964],[126.351547,33.47467],[126.34832,33.47467],[126.347443,33.473789],[126.345093,33.473789],[126.344215,33.472908],[126.341576,33.472908],[126.340698,33.472031],[126.340111,33.472031],[126.339523,33.471737],[126.339523,33.470856],[126.337471,33.468803],[126.333359,33.468803],[126.332771,33.469097],[126.333069,33.469975],[126.332481,33.470268],[126.329254,33.470562],[126.327492,33.468803],[126.326614,33.468803],[126.325737,33.467922],[126.321625,33.467922],[126.320747,33.468803],[126.31987,33.468803],[126.319283,33.469685],[126.318398,33.469685],[126.31752,33.470268],[126.315758,33.470268],[126.31488,33.471149],[126.314003,33.470268],[126.312531,33.470562],[126.309891,33.467922],[126.309013,33.467922],[126.308723,33.467335],[126.308723,33.46323],[126.309601,33.462643],[126.309601,33.460003],[126.308723,33.459122],[126.308723,33.458241],[126.307838,33.457363],[126.307838,33.456482],[126.306961,33.455894],[126.306961,33.455013],[126.306374,33.454136],[126.306084,33.453255],[126.304909,33.45208],[126.304024,33.45208],[126.302559,33.450321],[126.301682,33.450321],[126.298157,33.447094],[126.297569,33.447094],[126.296692,33.447975],[126.295815,33.447094],[126.29502782,33.447094],[126.29501361,33.447094],[126.19745257,33.6315134],[126.19748053,33.63152599],[126.20071491,33.63298241],[126.2053916,33.63508829],[126.27465246,33.66321555],[126.35739482,33.6850785],[126.46106766,33.71747449],[126.48775317,33.721685],[126.52639114,33.7277814],[126.66377579,33.75350497],[126.66635208,33.75361318],[126.74641081,33.75697565],[126.74855472,33.7570657],[126.75165625,33.75720262],[126.7522328,33.75722807],[126.75227421,33.7572299],[126.7522894,33.75723057],[126.75228721,33.75722626],[126.75227765,33.75720745],[126.75214945,33.75695536],[126.75106101,33.75481502],[126.72030443,33.61343421],[126.70766723,33.555344],[126.70764915,33.555344],[126.705925,33.555344]]]]}},{"type":"Feature","properties":{"sterm_parent":"제주도북부앞바다","fcst_kor_nm":"제주도북부앞바다","zone_id":"S1323100"},"geometry":{"type":"MultiPolygon","coordinates":[[[[126.705925,33.555344],[126.70504,33.554462],[126.704163,33.554462],[126.703285,33.553581],[126.695946,33.553581],[126.695358,33.553288],[126.695358,33.552406],[126.695068,33.552116],[126.694191,33.552116],[126.693306,33.551235],[126.689201,33.551235],[126.688324,33.550354],[126.685097,33.550354],[126.684212,33.549477],[126.681572,33.549477],[126.681282,33.55006],[126.681282,33.550941],[126.67923,33.552994],[126.677467,33.552994],[126.67659,33.552116],[126.675705,33.552116],[126.674828,33.551235],[126.67424,33.551235],[126.673653,33.550941],[126.673653,33.55006],[126.672188,33.548302],[126.672188,33.545956],[126.670715,33.544487],[126.665146,33.544487],[126.664268,33.545368],[126.661629,33.545368],[126.660744,33.546249],[126.660156,33.546249],[126.658401,33.548008],[126.657516,33.548008],[126.656639,33.548889],[126.655762,33.548008],[126.654877,33.548008],[126.654587,33.548302],[126.654587,33.549183],[126.656342,33.550648],[126.654877,33.552116],[126.650772,33.552116],[126.650475,33.551529],[126.650475,33.55006],[126.649895,33.549477],[126.646667,33.549477],[126.645493,33.550941],[126.645782,33.551235],[126.647545,33.551235],[126.648422,33.552116],[126.64901,33.552116],[126.649597,33.552406],[126.647545,33.554462],[126.646667,33.554462],[126.645782,33.555344],[126.644028,33.555344],[126.642853,33.554169],[126.642853,33.553288],[126.642555,33.552994],[126.641678,33.552994],[126.6408,33.552116],[126.639915,33.552116],[126.639626,33.551529],[126.639626,33.549183],[126.638741,33.548302],[126.638741,33.547421],[126.637573,33.546249],[126.634933,33.546249],[126.634048,33.545368],[126.633171,33.545368],[126.632874,33.545074],[126.632874,33.542435],[126.633759,33.541553],[126.633759,33.540089],[126.632874,33.539207],[126.633759,33.538326],[126.633171,33.538033],[126.629944,33.538033],[126.627304,33.540382],[126.625839,33.540382],[126.625252,33.540089],[126.625252,33.538326],[126.624954,33.537743],[126.624077,33.538033],[126.621727,33.540382],[126.62085,33.540382],[126.619972,33.539501],[126.61821,33.539501],[126.617332,33.53862],[126.611755,33.53862],[126.609993,33.537155],[126.609116,33.537155],[126.608238,33.536274],[126.607353,33.537155],[126.605011,33.537155],[126.604126,33.536274],[126.600899,33.536274],[126.599144,33.537743],[126.596794,33.538033],[126.595917,33.537155],[126.595032,33.537155],[126.594154,33.536274],[126.593277,33.536274],[126.592392,33.535393],[126.591515,33.535393],[126.59034,33.534222],[126.59034,33.53334],[126.589165,33.532166],[126.58741,33.532166],[126.587112,33.531582],[126.587112,33.530994],[126.586235,33.530113],[126.586235,33.529232],[126.58535,33.528355],[126.58535,33.527473],[126.58506,33.52718],[126.583298,33.52718],[126.58242,33.526299],[126.579193,33.526299],[126.576553,33.528648],[126.575089,33.528648],[126.573326,33.526886],[126.570686,33.52718],[126.569809,33.527767],[126.568336,33.528061],[126.567459,33.528648],[126.567162,33.528355],[126.567162,33.526592],[126.566582,33.526299],[126.565697,33.526299],[126.563354,33.528648],[126.562469,33.528648],[126.561592,33.527767],[126.561005,33.528061],[126.55954,33.526592],[126.55954,33.526009],[126.558655,33.524834],[126.558655,33.524246],[126.557487,33.522781],[126.553375,33.522781],[126.552498,33.522194],[126.55162,33.522194],[126.550735,33.521313],[126.549271,33.521313],[126.546631,33.523659],[126.544868,33.523659],[126.544281,33.522781],[126.539886,33.522781],[126.537537,33.520432],[126.536659,33.520432],[126.535774,33.519554],[126.533134,33.519554],[126.532547,33.518673],[126.530792,33.518673],[126.526978,33.514858],[126.526978,33.51465559],[126.52375112,33.51423162],[126.52001428,33.512806],[126.519936,33.512806],[126.519646,33.513393],[126.519646,33.513981],[126.518761,33.514858],[126.518761,33.515739],[126.517586,33.516914],[126.514069,33.516914],[126.513191,33.516327],[126.512306,33.516327],[126.511719,33.516914],[126.508202,33.517204],[126.507614,33.518085],[126.504974,33.517792],[126.504097,33.518673],[126.502335,33.518673],[126.50087,33.520432],[126.499985,33.520432],[126.499107,33.521313],[126.497345,33.521313],[126.496758,33.522194],[126.495003,33.5219],[126.494118,33.521313],[126.491776,33.521313],[126.490891,33.520432],[126.488251,33.520432],[126.487373,33.519554],[126.486786,33.519554],[126.485321,33.518379],[126.485321,33.517498],[126.484436,33.516621],[126.484436,33.515739],[126.483559,33.514858],[126.483856,33.514271],[126.482971,33.513393],[126.482971,33.512512],[126.480919,33.51046],[126.478279,33.51046],[126.477402,33.511337],[126.475929,33.511337],[126.475052,33.51046],[126.470062,33.51046],[126.469185,33.511337],[126.467422,33.511337],[126.467133,33.510754],[126.467133,33.506645],[126.466248,33.505764],[126.466248,33.504887],[126.465958,33.504593],[126.456573,33.504593],[126.451584,33.499603],[126.450706,33.499603],[126.450119,33.498726],[126.448357,33.498726],[126.447479,33.499603],[126.445129,33.499603],[126.444252,33.498726],[126.443367,33.498726],[126.44249,33.497845],[126.440727,33.497845],[126.44014,33.496964],[126.434273,33.496964],[126.433395,33.496082],[126.430756,33.496082],[126.429878,33.495499],[126.428993,33.495499],[126.428406,33.496082],[126.425766,33.496082],[126.424889,33.495499],[126.424011,33.495499],[126.423424,33.494617],[126.421661,33.494617],[126.419312,33.491978],[126.417557,33.491978],[126.416672,33.491096],[126.414917,33.491096],[126.414032,33.490513],[126.408165,33.490215],[126.407875,33.489925],[126.407875,33.488163],[126.4067,33.486992],[126.404938,33.486992],[126.40406,33.487869],[126.403473,33.486992],[126.402298,33.486992],[126.400246,33.484936],[126.400543,33.484058],[126.399956,33.483765],[126.398193,33.485523],[126.395844,33.485523],[126.394966,33.486111],[126.394089,33.486111],[126.392914,33.487576],[126.392914,33.488457],[126.389977,33.49139],[126.389099,33.490513],[126.385872,33.490513],[126.384109,33.48875],[126.383232,33.48875],[126.380005,33.485523],[126.379128,33.486111],[126.376778,33.486111],[126.37619,33.485817],[126.37619,33.484936],[126.37326,33.482002],[126.372375,33.482002],[126.370911,33.480537],[126.369148,33.480244],[126.368271,33.479656],[126.362404,33.479656],[126.361526,33.480244],[126.355949,33.480244],[126.355362,33.47995],[126.355362,33.479069],[126.352135,33.475842],[126.352135,33.474964],[126.351547,33.47467],[126.34832,33.47467],[126.347443,33.473789],[126.345093,33.473789],[126.344215,33.472908],[126.341576,33.472908],[126.340698,33.472031],[126.340111,33.472031],[126.339523,33.471737],[126.339523,33.470856],[126.337471,33.468803],[126.333359,33.468803],[126.332771,33.469097],[126.333069,33.469975],[126.332481,33.470268],[126.329254,33.470562],[126.327492,33.468803],[126.326614,33.468803],[126.325737,33.467922],[126.321625,33.467922],[126.320747,33.468803],[126.31987,33.468803],[126.319283,33.469685],[126.318398,33.469685],[126.31752,33.470268],[126.315758,33.470268],[126.31488,33.471149],[126.314003,33.470268],[126.312531,33.470562],[126.309891,33.467922],[126.309013,33.467922],[126.308723,33.467335],[126.308723,33.46323],[126.309601,33.462643],[126.309601,33.460003],[126.308723,33.459122],[126.308723,33.458241],[126.307838,33.457363],[126.307838,33.456482],[126.306961,33.455894],[126.306961,33.455013],[126.306374,33.454136],[126.306084,33.453255],[126.304909,33.45208],[126.304024,33.45208],[126.302559,33.450321],[126.301682,33.450321],[126.298157,33.447094],[126.297569,33.447094],[126.296692,33.447975],[126.295815,33.447094],[126.29502782,33.447094],[126.29501361,33.447094],[126.19745257,33.6315134],[126.19748053,33.63152599],[126.20071491,33.63298241],[126.2053916,33.63508829],[126.27465246,33.66321555],[126.35739482,33.6850785],[126.46106766,33.71747449],[126.48775317,33.721685],[126.52639114,33.7277814],[126.66377579,33.75350497],[126.66635208,33.75361318],[126.74641081,33.75697565],[126.74855472,33.7570657],[126.75165625,33.75720262],[126.7522328,33.75722807],[126.75227421,33.7572299],[126.7522894,33.75723057],[126.75228721,33.75722626],[126.75227765,33.75720745],[126.75214945,33.75695536],[126.75106101,33.75481502],[126.72030443,33.61343421],[126.70766723,33.555344],[126.70764915,33.555344],[126.705925,33.555344]]]]}},{"type":"Feature","properties":{"sterm_parent":"남해동부안쪽먼바다","fcst_kor_nm":"남해동부 안쪽먼바다","zone_id":"S1312010"},"geometry":{"type":"MultiPolygon","coordinates":[[[[129.41666701,35.13333299],[130.36415165,33.67882463],[130.36415436,33.67882047],[130.36167944,33.67777734],[130.32589828,33.66269626],[130.32578478,33.66270049],[130.319972,33.662917],[130.312861,33.677472],[130.301694,33.690417],[130.293306,33.687861],[130.294194,33.69125],[130.28875,33.689972],[130.290444,33.686639],[130.285361,33.68],[130.295806,33.662944],[130.300028,33.660361],[130.313361,33.662056],[130.32002118,33.6602796],[130.32010898,33.66025618],[130.23099358,33.62269573],[130.23091737,33.62285327],[130.225444,33.634167],[130.237056,33.649972],[130.231694,33.65625],[130.209194,33.66875],[130.205417,33.665],[130.207861,33.649167],[130.193333,33.637056],[130.172528,33.630389],[130.166694,33.633694],[130.156278,33.629972],[130.153722,33.620028],[130.16125,33.613306],[130.151667,33.598722],[130.128333,33.591222],[130.1075,33.597944],[130.107444,33.587056],[130.103306,33.589556],[130.087083,33.584139],[130.087083,33.578361],[130.097944,33.574139],[130.09983834,33.56779607],[130.09993908,33.56745874],[129.96860162,33.51210249],[129.96795315,33.51240025],[129.958722,33.516639],[129.957528,33.530417],[129.948306,33.529556],[129.930417,33.5375],[129.932472,33.552083],[129.927528,33.552917],[129.924944,33.546222],[129.915861,33.543722],[129.909139,33.551222],[129.903389,33.546222],[129.896639,33.55125],[129.890417,33.546667],[129.892444,33.537083],[129.890806,33.542944],[129.880833,33.54375],[129.882056,33.524139],[129.887944,33.5225],[129.883333,33.521222],[129.88,33.523778],[129.876667,33.517083],[129.879583,33.535],[129.859972,33.544583],[129.859556,33.550833],[129.848333,33.557889],[129.84625,33.545833],[129.85125,33.541667],[129.84875,33.536639],[129.853722,33.534139],[129.85375,33.523306],[129.848333,33.526222],[129.840861,33.525417],[129.839611,33.523361],[129.846611,33.522111],[129.847472,33.517861],[129.829167,33.520389],[129.827917,33.517472],[129.835389,33.513306],[129.827917,33.507444],[129.827917,33.504139],[129.840417,33.495],[129.834556,33.490806],[129.844611,33.480833],[129.831306,33.475833],[129.839972,33.470444],[129.849194,33.475417],[129.84625,33.468333],[129.854194,33.470389],[129.85560616,33.46521108],[129.85578571,33.46455272],[129.83871412,33.45735737],[129.83901315,33.45824151],[129.840444,33.462472],[129.826222,33.470806],[129.827083,33.480833],[129.816694,33.485417],[129.812444,33.481278],[129.806639,33.487889],[129.80375,33.480806],[129.793722,33.472444],[129.797083,33.465],[129.805,33.462083],[129.807139,33.457472],[129.800806,33.455389],[129.793278,33.461222],[129.785389,33.458306],[129.78375,33.450806],[129.784944,33.44875],[129.789972,33.450361],[129.789972,33.442944],[129.800028,33.442056],[129.80008285,33.44188959],[129.80031857,33.44117437],[129.68312317,33.39177873],[129.6817719,33.39219537],[129.676639,33.393778],[129.673306,33.400389],[129.664583,33.3975],[129.6660441,33.38558921],[129.66616179,33.38462983],[129.63340112,33.37082183],[129.63206542,33.37131713],[129.63,33.372083],[129.63026739,33.3705619],[129.63044101,33.3695742],[129.6227707,33.36634131],[129.62207348,33.3671202],[129.61875,33.370833],[129.618306,33.377917],[129.610833,33.375389],[129.608278,33.371278],[129.6,33.375444],[129.593361,33.369583],[129.592111,33.374972],[129.5975,33.382028],[129.581639,33.379528],[129.577556,33.382083],[129.573306,33.377917],[129.569194,33.379583],[129.568778,33.371639],[129.576222,33.363361],[129.571278,33.347444],[129.57159699,33.34591854],[129.57181722,33.34486538],[127.84067456,32.61887815],[127.83336454,32.61583914],[127.83329955,33.57990555],[127.83329955,33.5799566],[127.833232,34.420715],[128.239445,34.611112],[128.5489,34.6181],[129.41666701,35.13333299]]]]}},{"type":"Feature","properties":{"sterm_parent":"남해동부안쪽먼바다","fcst_kor_nm":"남해동부 안쪽먼바다","zone_id":"S1312010"},"geometry":{"type":"MultiPolygon","coordinates":[[[[129.41666701,35.13333299],[130.36415165,33.67882463],[130.36415436,33.67882047],[130.36167944,33.67777734],[130.32589828,33.66269626],[130.32578478,33.66270049],[130.319972,33.662917],[130.312861,33.677472],[130.301694,33.690417],[130.293306,33.687861],[130.294194,33.69125],[130.28875,33.689972],[130.290444,33.686639],[130.285361,33.68],[130.295806,33.662944],[130.300028,33.660361],[130.313361,33.662056],[130.32002118,33.6602796],[130.32010898,33.66025618],[130.23099358,33.62269573],[130.23091737,33.62285327],[130.225444,33.634167],[130.237056,33.649972],[130.231694,33.65625],[130.209194,33.66875],[130.205417,33.665],[130.207861,33.649167],[130.193333,33.637056],[130.172528,33.630389],[130.166694,33.633694],[130.156278,33.629972],[130.153722,33.620028],[130.16125,33.613306],[130.151667,33.598722],[130.128333,33.591222],[130.1075,33.597944],[130.107444,33.587056],[130.103306,33.589556],[130.087083,33.584139],[130.087083,33.578361],[130.097944,33.574139],[130.09983834,33.56779607],[130.09993908,33.56745874],[129.96860162,33.51210249],[129.96795315,33.51240025],[129.958722,33.516639],[129.957528,33.530417],[129.948306,33.529556],[129.930417,33.5375],[129.932472,33.552083],[129.927528,33.552917],[129.924944,33.546222],[129.915861,33.543722],[129.909139,33.551222],[129.903389,33.546222],[129.896639,33.55125],[129.890417,33.546667],[129.892444,33.537083],[129.890806,33.542944],[129.880833,33.54375],[129.882056,33.524139],[129.887944,33.5225],[129.883333,33.521222],[129.88,33.523778],[129.876667,33.517083],[129.879583,33.535],[129.859972,33.544583],[129.859556,33.550833],[129.848333,33.557889],[129.84625,33.545833],[129.85125,33.541667],[129.84875,33.536639],[129.853722,33.534139],[129.85375,33.523306],[129.848333,33.526222],[129.840861,33.525417],[129.839611,33.523361],[129.846611,33.522111],[129.847472,33.517861],[129.829167,33.520389],[129.827917,33.517472],[129.835389,33.513306],[129.827917,33.507444],[129.827917,33.504139],[129.840417,33.495],[129.834556,33.490806],[129.844611,33.480833],[129.831306,33.475833],[129.839972,33.470444],[129.849194,33.475417],[129.84625,33.468333],[129.854194,33.470389],[129.85560616,33.46521108],[129.85578571,33.46455272],[129.83871412,33.45735737],[129.83901315,33.45824151],[129.840444,33.462472],[129.826222,33.470806],[129.827083,33.480833],[129.816694,33.485417],[129.812444,33.481278],[129.806639,33.487889],[129.80375,33.480806],[129.793722,33.472444],[129.797083,33.465],[129.805,33.462083],[129.807139,33.457472],[129.800806,33.455389],[129.793278,33.461222],[129.785389,33.458306],[129.78375,33.450806],[129.784944,33.44875],[129.789972,33.450361],[129.789972,33.442944],[129.800028,33.442056],[129.80008285,33.44188959],[129.80031857,33.44117437],[129.68312317,33.39177873],[129.6817719,33.39219537],[129.676639,33.393778],[129.673306,33.400389],[129.664583,33.3975],[129.6660441,33.38558921],[129.66616179,33.38462983],[129.63340112,33.37082183],[129.63206542,33.37131713],[129.63,33.372083],[129.63026739,33.3705619],[129.63044101,33.3695742],[129.6227707,33.36634131],[129.62207348,33.3671202],[129.61875,33.370833],[129.618306,33.377917],[129.610833,33.375389],[129.608278,33.371278],[129.6,33.375444],[129.593361,33.369583],[129.592111,33.374972],[129.5975,33.382028],[129.581639,33.379528],[129.577556,33.382083],[129.573306,33.377917],[129.569194,33.379583],[129.568778,33.371639],[129.576222,33.363361],[129.571278,33.347444],[129.57159699,33.34591854],[129.57181722,33.34486538],[127.84067456,32.61887815],[127.83336454,32.61583914],[127.83329955,33.57990555],[127.83329955,33.5799566],[127.833232,34.420715],[128.239445,34.611112],[128.5489,34.6181],[129.41666701,35.13333299]]]]}},{"type":"Feature","properties":{"sterm_parent":"제주도서부앞바다","fcst_kor_nm":"제주도서부앞바다","zone_id":"S1323400"},"geometry":{"type":"MultiPolygon","coordinates":[[[[126.291702,33.446213],[126.290825,33.445335],[126.287598,33.445335],[126.28672,33.446213],[126.284081,33.446213],[126.282616,33.444454],[126.277328,33.444454],[126.276161,33.443279],[126.276161,33.442402],[126.275276,33.441521],[126.275276,33.439175],[126.274689,33.438293],[126.274399,33.437412],[126.274101,33.437119],[126.273224,33.438],[126.272346,33.438],[126.271759,33.438881],[126.269997,33.438587],[126.268234,33.437119],[126.265007,33.437119],[126.26413,33.436241],[126.26178,33.436241],[126.2612,33.435947],[126.2612,33.435066],[126.262077,33.434189],[126.262077,33.431839],[126.262955,33.430962],[126.262955,33.429199],[126.26384,33.428322],[126.26384,33.426559],[126.262955,33.425678],[126.262955,33.425095],[126.2612,33.423332],[126.262077,33.422451],[126.262077,33.420692],[126.2612,33.420105],[126.2612,33.419228],[126.260315,33.418346],[126.260315,33.416584],[126.25885,33.415119],[126.25885,33.414238],[126.255035,33.410423],[126.253273,33.410423],[126.251221,33.408371],[126.251221,33.40749],[126.250633,33.4072],[126.250046,33.4072],[126.248878,33.405731],[126.248878,33.403385],[126.247406,33.401917],[126.244179,33.40221],[126.240074,33.397812],[126.239197,33.397812],[126.236557,33.395466],[126.235672,33.395466],[126.23333,33.392822],[126.232445,33.392822],[126.231567,33.391945],[126.229218,33.391945],[126.22834,33.392822],[126.2257,33.392822],[126.225113,33.391945],[126.222473,33.391945],[126.222183,33.391651],[126.222183,33.39077],[126.221298,33.389889],[126.221298,33.389301],[126.219246,33.386955],[126.218369,33.386955],[126.215729,33.384609],[126.214844,33.384609],[126.213676,33.383434],[126.213676,33.380795],[126.214554,33.379917],[126.214554,33.379036],[126.213379,33.377865],[126.212502,33.377865],[126.211617,33.376984],[126.210739,33.376984],[126.209862,33.376396],[126.208389,33.376102],[126.207512,33.375515],[126.20575,33.375221],[126.20546,33.374928],[126.20546,33.37405],[126.203697,33.372581],[126.203697,33.3717],[126.203407,33.371117],[126.202522,33.371117],[126.198418,33.367008],[126.195778,33.367008],[126.194901,33.366127],[126.193436,33.366421],[126.191673,33.364662],[126.189911,33.364662],[126.187569,33.362022],[126.186684,33.362022],[126.185806,33.361141],[126.182579,33.361141],[126.180229,33.359089],[126.180527,33.358208],[126.181114,33.357327],[126.180527,33.356743],[126.180527,33.349995],[126.179642,33.349113],[126.179642,33.348232],[126.179054,33.347939],[126.178474,33.347939],[126.175835,33.345299],[126.17495,33.345299],[126.174072,33.344715],[126.171722,33.344421],[126.170845,33.343834],[126.16674,33.343834],[126.165268,33.342365],[126.165268,33.3409],[126.166153,33.340019],[126.165268,33.339142],[126.165268,33.338261],[126.164978,33.337967],[126.162628,33.337967],[126.162041,33.337379],[126.162926,33.336792],[126.162926,33.335033],[126.165268,33.332394],[126.165268,33.330925],[126.164978,33.330338],[126.164093,33.330338],[126.163216,33.32946],[126.162628,33.32946],[126.162041,33.329166],[126.162041,33.326527],[126.164093,33.324471],[126.16674,33.324471],[126.16703,33.324181],[126.16703,33.323299],[126.166153,33.322418],[126.166153,33.321831],[126.168793,33.319191],[126.168793,33.318314],[126.166153,33.315964],[126.166153,33.312447],[126.165268,33.311565],[126.165268,33.310978],[126.164978,33.31039],[126.164093,33.31039],[126.163803,33.310097],[126.163803,33.30658],[126.16468,33.305698],[126.164391,33.305111],[126.165268,33.30423],[126.165268,33.303352],[126.166153,33.302471],[126.166153,33.30159],[126.16703,33.300709],[126.16703,33.299244],[126.16674,33.298656],[126.165855,33.298656],[126.164093,33.297192],[126.163216,33.297192],[126.161163,33.295135],[126.161163,33.290737],[126.162041,33.289856],[126.162041,33.288391],[126.164978,33.285458],[126.165855,33.285458],[126.16674,33.284576],[126.167618,33.284576],[126.168793,33.283401],[126.168793,33.281643],[126.170258,33.279881],[126.170258,33.278416],[126.171135,33.277534],[126.171135,33.275776],[126.17202,33.274895],[126.17202,33.274014],[126.172897,33.273136],[126.172897,33.272549],[126.173187,33.271961],[126.174072,33.271961],[126.175835,33.270496],[126.176712,33.270496],[126.179642,33.267563],[126.179642,33.2658],[126.180527,33.264919],[126.180527,33.264042],[126.181114,33.263161],[126.181114,33.262573],[126.182869,33.260815],[126.182869,33.259933],[126.183167,33.25964],[126.184044,33.25964],[126.185806,33.257881],[126.187569,33.257881],[126.188446,33.257],[126.189034,33.257],[126.189911,33.256413],[126.190788,33.256123],[126.193436,33.253773],[126.194313,33.253773],[126.196655,33.251133],[126.19754,33.251133],[126.199005,33.249668],[126.199883,33.249668],[126.201645,33.247906],[126.202522,33.247906],[126.20311,33.247028],[126.204285,33.247028],[126.204872,33.246147],[126.206635,33.246147],[126.208389,33.244678],[126.210152,33.244678],[126.210739,33.243801],[126.216606,33.243801],[126.217484,33.24292],[126.220711,33.24292],[126.222473,33.241158],[126.227463,33.241158],[126.22805,33.240868],[126.22805,33.239105],[126.229805,33.237053],[126.231567,33.237053],[126.232445,33.236172],[126.234207,33.236172],[126.235382,33.235001],[126.235382,33.233238],[126.236259,33.232361],[126.236259,33.231773],[126.238312,33.229717],[126.239197,33.229424],[126.239487,33.229134],[126.239487,33.227371],[126.240372,33.226784],[126.240372,33.225025],[126.243301,33.222092],[126.244179,33.222092],[126.245064,33.22121],[126.249168,33.22121],[126.250046,33.220329],[126.250931,33.220329],[126.251221,33.220039],[126.251221,33.2174],[126.252106,33.216812],[126.252106,33.213291],[126.253273,33.212116],[126.254158,33.212116],[126.255035,33.211239],[126.255913,33.211239],[126.256798,33.210358],[126.257385,33.211239],[126.260902,33.211239],[126.26178,33.210358],[126.262367,33.210358],[126.26384,33.209183],[126.26384,33.207424],[126.262955,33.206543],[126.262955,33.205078],[126.262077,33.204197],[126.262077,33.203316],[126.2612,33.202438],[126.2612,33.200089],[126.26178,33.199505],[126.262665,33.199505],[126.265007,33.197155],[126.265892,33.197155],[126.266769,33.196278],[126.267357,33.196278],[126.268234,33.195396],[126.269997,33.195396],[126.270874,33.194515],[126.271759,33.195396],[126.272346,33.195396],[126.273224,33.196278],[126.274101,33.196278],[126.274399,33.196571],[126.274689,33.197449],[126.274986,33.197742],[126.275864,33.197742],[126.278214,33.200382],[126.279968,33.200382],[126.280853,33.201263],[126.28125196,33.201263],[126.28126512,33.201263],[126.2810571,33.19830738],[126.28123768,33.19543949],[126.28294978,33.16824916],[126.28429469,33.14837741],[126.28509792,33.13650916],[126.28771376,33.09682971],[126.2886727,33.08097864],[126.29057993,33.04945232],[126.29264517,33.01912561],[126.29407251,32.99784944],[126.29444981,32.99222537],[126.29445017,32.99221989],[126.29444554,32.99222042],[126.29394955,32.9922773],[126.1532087,33.00841572],[126.12745026,33.02611138],[126.06920718,33.06625217],[125.99753371,33.11882141],[125.99679216,33.1198134],[125.94008397,33.19567343],[125.91726736,33.33678159],[125.91720214,33.33718496],[125.91714862,33.33751598],[125.91714161,33.33755931],[125.91711339,33.33773385],[125.91828879,33.34393989],[125.92161973,33.35882369],[125.92983875,33.3955491],[125.98446232,33.47373586],[126.04884248,33.52709547],[126.09694035,33.56864601],[126.13979635,33.60566824],[126.141228,33.60690501],[126.14125661,33.60692972],[126.14511468,33.60861519],[126.15234167,33.61177242],[126.19747932,33.63152827],[126.19748053,33.63152599],[126.29502782,33.447094],[126.29501361,33.447094],[126.293465,33.447094],[126.292587,33.446213],[126.291702,33.446213]],[[126.262955,33.169872],[126.265007,33.16782],[126.265892,33.16782],[126.266182,33.167526],[126.266182,33.165768],[126.266769,33.165474],[126.267357,33.165474],[126.268234,33.164593],[126.270874,33.164593],[126.274101,33.16782],[126.276741,33.16782],[126.277626,33.166943],[126.278214,33.166943],[126.278801,33.167526],[126.278801,33.168407],[126.279678,33.168995],[126.279678,33.169872],[126.278214,33.171341],[126.277626,33.171341],[126.276741,33.171928],[126.275864,33.172222],[126.275276,33.172516],[126.275276,33.173393],[126.274689,33.174274],[126.274399,33.174862],[126.273224,33.176327],[126.269119,33.176327],[126.268234,33.175449],[126.267357,33.175449],[126.265892,33.173687],[126.265007,33.173687],[126.262955,33.171635],[126.262955,33.169872]]]]}},{"type":"Feature","properties":{"sterm_parent":"제주도서부앞바다","fcst_kor_nm":"제주도서부앞바다","zone_id":"S1323400"},"geometry":{"type":"MultiPolygon","coordinates":[[[[126.291702,33.446213],[126.290825,33.445335],[126.287598,33.445335],[126.28672,33.446213],[126.284081,33.446213],[126.282616,33.444454],[126.277328,33.444454],[126.276161,33.443279],[126.276161,33.442402],[126.275276,33.441521],[126.275276,33.439175],[126.274689,33.438293],[126.274399,33.437412],[126.274101,33.437119],[126.273224,33.438],[126.272346,33.438],[126.271759,33.438881],[126.269997,33.438587],[126.268234,33.437119],[126.265007,33.437119],[126.26413,33.436241],[126.26178,33.436241],[126.2612,33.435947],[126.2612,33.435066],[126.262077,33.434189],[126.262077,33.431839],[126.262955,33.430962],[126.262955,33.429199],[126.26384,33.428322],[126.26384,33.426559],[126.262955,33.425678],[126.262955,33.425095],[126.2612,33.423332],[126.262077,33.422451],[126.262077,33.420692],[126.2612,33.420105],[126.2612,33.419228],[126.260315,33.418346],[126.260315,33.416584],[126.25885,33.415119],[126.25885,33.414238],[126.255035,33.410423],[126.253273,33.410423],[126.251221,33.408371],[126.251221,33.40749],[126.250633,33.4072],[126.250046,33.4072],[126.248878,33.405731],[126.248878,33.403385],[126.247406,33.401917],[126.244179,33.40221],[126.240074,33.397812],[126.239197,33.397812],[126.236557,33.395466],[126.235672,33.395466],[126.23333,33.392822],[126.232445,33.392822],[126.231567,33.391945],[126.229218,33.391945],[126.22834,33.392822],[126.2257,33.392822],[126.225113,33.391945],[126.222473,33.391945],[126.222183,33.391651],[126.222183,33.39077],[126.221298,33.389889],[126.221298,33.389301],[126.219246,33.386955],[126.218369,33.386955],[126.215729,33.384609],[126.214844,33.384609],[126.213676,33.383434],[126.213676,33.380795],[126.214554,33.379917],[126.214554,33.379036],[126.213379,33.377865],[126.212502,33.377865],[126.211617,33.376984],[126.210739,33.376984],[126.209862,33.376396],[126.208389,33.376102],[126.207512,33.375515],[126.20575,33.375221],[126.20546,33.374928],[126.20546,33.37405],[126.203697,33.372581],[126.203697,33.3717],[126.203407,33.371117],[126.202522,33.371117],[126.198418,33.367008],[126.195778,33.367008],[126.194901,33.366127],[126.193436,33.366421],[126.191673,33.364662],[126.189911,33.364662],[126.187569,33.362022],[126.186684,33.362022],[126.185806,33.361141],[126.182579,33.361141],[126.180229,33.359089],[126.180527,33.358208],[126.181114,33.357327],[126.180527,33.356743],[126.180527,33.349995],[126.179642,33.349113],[126.179642,33.348232],[126.179054,33.347939],[126.178474,33.347939],[126.175835,33.345299],[126.17495,33.345299],[126.174072,33.344715],[126.171722,33.344421],[126.170845,33.343834],[126.16674,33.343834],[126.165268,33.342365],[126.165268,33.3409],[126.166153,33.340019],[126.165268,33.339142],[126.165268,33.338261],[126.164978,33.337967],[126.162628,33.337967],[126.162041,33.337379],[126.162926,33.336792],[126.162926,33.335033],[126.165268,33.332394],[126.165268,33.330925],[126.164978,33.330338],[126.164093,33.330338],[126.163216,33.32946],[126.162628,33.32946],[126.162041,33.329166],[126.162041,33.326527],[126.164093,33.324471],[126.16674,33.324471],[126.16703,33.324181],[126.16703,33.323299],[126.166153,33.322418],[126.166153,33.321831],[126.168793,33.319191],[126.168793,33.318314],[126.166153,33.315964],[126.166153,33.312447],[126.165268,33.311565],[126.165268,33.310978],[126.164978,33.31039],[126.164093,33.31039],[126.163803,33.310097],[126.163803,33.30658],[126.16468,33.305698],[126.164391,33.305111],[126.165268,33.30423],[126.165268,33.303352],[126.166153,33.302471],[126.166153,33.30159],[126.16703,33.300709],[126.16703,33.299244],[126.16674,33.298656],[126.165855,33.298656],[126.164093,33.297192],[126.163216,33.297192],[126.161163,33.295135],[126.161163,33.290737],[126.162041,33.289856],[126.162041,33.288391],[126.164978,33.285458],[126.165855,33.285458],[126.16674,33.284576],[126.167618,33.284576],[126.168793,33.283401],[126.168793,33.281643],[126.170258,33.279881],[126.170258,33.278416],[126.171135,33.277534],[126.171135,33.275776],[126.17202,33.274895],[126.17202,33.274014],[126.172897,33.273136],[126.172897,33.272549],[126.173187,33.271961],[126.174072,33.271961],[126.175835,33.270496],[126.176712,33.270496],[126.179642,33.267563],[126.179642,33.2658],[126.180527,33.264919],[126.180527,33.264042],[126.181114,33.263161],[126.181114,33.262573],[126.182869,33.260815],[126.182869,33.259933],[126.183167,33.25964],[126.184044,33.25964],[126.185806,33.257881],[126.187569,33.257881],[126.188446,33.257],[126.189034,33.257],[126.189911,33.256413],[126.190788,33.256123],[126.193436,33.253773],[126.194313,33.253773],[126.196655,33.251133],[126.19754,33.251133],[126.199005,33.249668],[126.199883,33.249668],[126.201645,33.247906],[126.202522,33.247906],[126.20311,33.247028],[126.204285,33.247028],[126.204872,33.246147],[126.206635,33.246147],[126.208389,33.244678],[126.210152,33.244678],[126.210739,33.243801],[126.216606,33.243801],[126.217484,33.24292],[126.220711,33.24292],[126.222473,33.241158],[126.227463,33.241158],[126.22805,33.240868],[126.22805,33.239105],[126.229805,33.237053],[126.231567,33.237053],[126.232445,33.236172],[126.234207,33.236172],[126.235382,33.235001],[126.235382,33.233238],[126.236259,33.232361],[126.236259,33.231773],[126.238312,33.229717],[126.239197,33.229424],[126.239487,33.229134],[126.239487,33.227371],[126.240372,33.226784],[126.240372,33.225025],[126.243301,33.222092],[126.244179,33.222092],[126.245064,33.22121],[126.249168,33.22121],[126.250046,33.220329],[126.250931,33.220329],[126.251221,33.220039],[126.251221,33.2174],[126.252106,33.216812],[126.252106,33.213291],[126.253273,33.212116],[126.254158,33.212116],[126.255035,33.211239],[126.255913,33.211239],[126.256798,33.210358],[126.257385,33.211239],[126.260902,33.211239],[126.26178,33.210358],[126.262367,33.210358],[126.26384,33.209183],[126.26384,33.207424],[126.262955,33.206543],[126.262955,33.205078],[126.262077,33.204197],[126.262077,33.203316],[126.2612,33.202438],[126.2612,33.200089],[126.26178,33.199505],[126.262665,33.199505],[126.265007,33.197155],[126.265892,33.197155],[126.266769,33.196278],[126.267357,33.196278],[126.268234,33.195396],[126.269997,33.195396],[126.270874,33.194515],[126.271759,33.195396],[126.272346,33.195396],[126.273224,33.196278],[126.274101,33.196278],[126.274399,33.196571],[126.274689,33.197449],[126.274986,33.197742],[126.275864,33.197742],[126.278214,33.200382],[126.279968,33.200382],[126.280853,33.201263],[126.28125196,33.201263],[126.28126512,33.201263],[126.2810571,33.19830738],[126.28123768,33.19543949],[126.28294978,33.16824916],[126.28429469,33.14837741],[126.28509792,33.13650916],[126.28771376,33.09682971],[126.2886727,33.08097864],[126.29057993,33.04945232],[126.29264517,33.01912561],[126.29407251,32.99784944],[126.29444981,32.99222537],[126.29445017,32.99221989],[126.29444554,32.99222042],[126.29394955,32.9922773],[126.1532087,33.00841572],[126.12745026,33.02611138],[126.06920718,33.06625217],[125.99753371,33.11882141],[125.99679216,33.1198134],[125.94008397,33.19567343],[125.91726736,33.33678159],[125.91720214,33.33718496],[125.91714862,33.33751598],[125.91714161,33.33755931],[125.91711339,33.33773385],[125.91828879,33.34393989],[125.92161973,33.35882369],[125.92983875,33.3955491],[125.98446232,33.47373586],[126.04884248,33.52709547],[126.09694035,33.56864601],[126.13979635,33.60566824],[126.141228,33.60690501],[126.14125661,33.60692972],[126.14511468,33.60861519],[126.15234167,33.61177242],[126.19747932,33.63152827],[126.19748053,33.63152599],[126.29502782,33.447094],[126.29501361,33.447094],[126.293465,33.447094],[126.292587,33.446213],[126.291702,33.446213]],[[126.262955,33.169872],[126.265007,33.16782],[126.265892,33.16782],[126.266182,33.167526],[126.266182,33.165768],[126.266769,33.165474],[126.267357,33.165474],[126.268234,33.164593],[126.270874,33.164593],[126.274101,33.16782],[126.276741,33.16782],[126.277626,33.166943],[126.278214,33.166943],[126.278801,33.167526],[126.278801,33.168407],[126.279678,33.168995],[126.279678,33.169872],[126.278214,33.171341],[126.277626,33.171341],[126.276741,33.171928],[126.275864,33.172222],[126.275276,33.172516],[126.275276,33.173393],[126.274689,33.174274],[126.274399,33.174862],[126.273224,33.176327],[126.269119,33.176327],[126.268234,33.175449],[126.267357,33.175449],[126.265892,33.173687],[126.265007,33.173687],[126.262955,33.171635],[126.262955,33.169872]]]]}},{"type":"Feature","properties":{"sterm_parent":"제주도동부앞바다","fcst_kor_nm":"제주도동부앞바다","zone_id":"S1323200"},"geometry":{"type":"MultiPolygon","coordinates":[[[[127.13091679,33.5931151],[127.15393185,33.55949501],[127.15741288,33.55440997],[127.17319261,33.52479851],[127.18840695,33.47609558],[127.18919553,33.43426137],[127.17155938,33.37795581],[127.16518699,33.35676217],[127.15810499,33.33320847],[127.15782542,33.33227865],[127.15566239,33.32660786],[127.15556933,33.32636388],[127.14679537,33.31685092],[127.07488672,33.23888569],[127.00607675,33.16200948],[126.99324012,33.14766808],[126.95179684,33.13074238],[126.92725186,33.12071805],[126.77618872,33.29936443],[126.77361976,33.30240246],[126.773689,33.302471],[126.773689,33.30423],[126.774567,33.305111],[126.774567,33.305698],[126.77485332,33.30627855],[126.774857,33.306286],[126.775742,33.306286],[126.777496,33.308044],[126.781609,33.308044],[126.782486,33.307163],[126.784248,33.307163],[126.784836,33.306286],[126.785713,33.306286],[126.786591,33.305405],[126.787476,33.305405],[126.789238,33.303642],[126.789818,33.303642],[126.790703,33.304523],[126.79422,33.304523],[126.795105,33.303642],[126.800087,33.303642],[126.800674,33.304523],[126.804199,33.304523],[126.805077,33.303642],[126.808304,33.303642],[126.809181,33.304523],[126.810944,33.304523],[126.813293,33.307163],[126.814171,33.307163],[126.815048,33.307751],[126.815933,33.307163],[126.818275,33.307163],[126.81916,33.306286],[126.825905,33.306286],[126.826492,33.307163],[126.82737,33.307163],[126.828255,33.307751],[126.829132,33.307751],[126.830009,33.308632],[126.830894,33.308632],[126.831772,33.309509],[126.833237,33.309509],[126.834122,33.31039],[126.835876,33.31039],[126.837929,33.312447],[126.837929,33.313324],[126.840866,33.316257],[126.841743,33.316257],[126.842041,33.316551],[126.842041,33.318314],[126.844093,33.320366],[126.846733,33.320366],[126.847023,33.320953],[126.847023,33.323299],[126.848785,33.325058],[126.84761,33.326233],[126.844971,33.326233],[126.844681,33.326527],[126.844681,33.328285],[126.844093,33.328579],[126.843208,33.327991],[126.842331,33.327991],[126.841743,33.32711],[126.84123035,33.32711],[126.84068012,33.330338],[126.841743,33.330338],[126.842041,33.330925],[126.842041,33.332394],[126.842628,33.332977],[126.844093,33.332977],[126.846733,33.335327],[126.848198,33.335327],[126.849075,33.336205],[126.84996,33.336205],[126.851723,33.337967],[126.8526,33.337967],[126.853477,33.338844],[126.854942,33.338844],[126.856117,33.340019],[126.856117,33.341782],[126.857002,33.342365],[126.857002,33.343246],[126.858757,33.345009],[126.858757,33.346767],[126.859055,33.347061],[126.860809,33.347061],[126.861694,33.347939],[126.862572,33.347939],[126.864624,33.349995],[126.864624,33.350876],[126.864922,33.351166],[126.865799,33.351166],[126.866974,33.352341],[126.866974,33.353222],[126.867851,33.354099],[126.867851,33.359089],[126.866974,33.359966],[126.867851,33.360847],[126.867851,33.363194],[126.869904,33.365543],[126.871666,33.36525],[126.872841,33.366714],[126.872841,33.369942],[126.872543,33.370529],[126.870789,33.370529],[126.870491,33.370823],[126.870491,33.3717],[126.870789,33.371998],[126.872543,33.371998],[126.877533,33.376984],[126.87841,33.376984],[126.88047,33.379036],[126.88047,33.382557],[126.881638,33.383732],[126.884277,33.383732],[126.884865,33.384609],[126.887505,33.384609],[126.889854,33.386955],[126.890732,33.386955],[126.891617,33.387836],[126.895721,33.387836],[126.896599,33.386955],[126.898361,33.386955],[126.899246,33.387836],[126.899826,33.387836],[126.901588,33.389599],[126.902466,33.389599],[126.903351,33.390476],[126.904228,33.390476],[126.904526,33.39077],[126.904526,33.391651],[126.905403,33.392529],[126.905403,33.395756],[126.906281,33.396637],[126.906281,33.398396],[126.905113,33.39957],[126.904228,33.39957],[126.903641,33.399864],[126.903641,33.401623],[126.902763,33.402504],[126.902763,33.403385],[126.905403,33.405731],[126.905403,33.406612],[126.906281,33.40749],[126.906281,33.408371],[126.907166,33.409252],[126.907166,33.411598],[126.907455,33.411892],[126.908333,33.412186],[126.910393,33.414238],[126.910393,33.416584],[126.909508,33.417465],[126.910393,33.418346],[126.910393,33.419228],[126.913033,33.421574],[126.913033,33.423332],[126.91362,33.424213],[126.91362,33.425095],[126.91626,33.427441],[126.91626,33.431545],[126.915375,33.432426],[126.915375,33.433308],[126.91655,33.434479],[126.918312,33.434479],[126.919189,33.43536],[126.920074,33.434479],[126.920654,33.434479],[126.923004,33.432426],[126.923004,33.43008],[126.922127,33.429199],[126.922127,33.428322],[126.925354,33.425095],[126.925354,33.424213],[126.925941,33.423626],[126.926521,33.423626],[126.927406,33.422745],[126.928284,33.423626],[126.930046,33.423626],[126.930336,33.424213],[126.930336,33.425095],[126.931511,33.426266],[126.932388,33.426266],[126.933273,33.427147],[126.934151,33.427147],[126.935036,33.428024],[126.935913,33.428024],[126.936203,33.428322],[126.936203,33.429199],[126.933273,33.432133],[126.932388,33.432133],[126.931808,33.433014],[126.928284,33.433014],[126.927994,33.433308],[126.927994,33.434189],[126.926819,33.43536],[126.924179,33.43536],[126.923592,33.435947],[126.923592,33.436535],[126.922127,33.438293],[126.922127,33.440056],[126.921242,33.440639],[126.921242,33.446507],[126.922127,33.447388],[126.922127,33.448269],[126.923882,33.450027],[126.923592,33.451496],[126.924179,33.45208],[126.925056,33.45208],[126.925354,33.452374],[126.925354,33.453255],[126.930923,33.458828],[126.931808,33.458828],[126.932388,33.459709],[126.933273,33.458828],[126.935036,33.458828],[126.935913,33.457947],[126.93679,33.457947],[126.937088,33.457363],[126.937088,33.456776],[126.938255,33.455307],[126.93914,33.455307],[126.940018,33.45472],[126.942368,33.45443],[126.943245,33.455307],[126.945885,33.455307],[126.946182,33.455894],[126.946182,33.456776],[126.94471,33.458241],[126.94471,33.459122],[126.942368,33.461174],[126.940903,33.461174],[126.940018,33.462055],[126.93914,33.462055],[126.936203,33.464989],[126.936203,33.467335],[126.935326,33.468216],[126.935326,33.469097],[126.933563,33.470856],[126.933563,33.471737],[126.932388,33.472908],[126.931511,33.472908],[126.930923,33.472031],[126.929169,33.472031],[126.927994,33.470856],[126.927994,33.469975],[126.927109,33.469097],[126.927109,33.468216],[126.929169,33.466164],[126.930046,33.466164],[126.930336,33.46587],[126.930336,33.464989],[126.925354,33.460003],[126.925354,33.459122],[126.923302,33.457069],[126.922417,33.457069],[126.921242,33.455894],[126.921242,33.455013],[126.919189,33.452961],[126.917427,33.452961],[126.917137,33.453255],[126.917427,33.453842],[126.918312,33.453842],[126.918602,33.454136],[126.918602,33.455894],[126.919189,33.456188],[126.920074,33.456188],[126.920364,33.456776],[126.920364,33.459122],[126.922127,33.46088],[126.922127,33.462643],[126.920654,33.463814],[126.917427,33.463814],[126.91655,33.464695],[126.915085,33.464695],[126.91362,33.46587],[126.914207,33.466164],[126.91655,33.466164],[126.917427,33.465282],[126.920654,33.465282],[126.921242,33.46587],[126.921242,33.466747],[126.922417,33.467922],[126.924179,33.467922],[126.924469,33.468216],[126.924469,33.469975],[126.924179,33.470268],[126.919189,33.470268],[126.918312,33.471149],[126.917427,33.471149],[126.915962,33.472908],[126.913322,33.472908],[126.910393,33.475842],[126.910393,33.476723],[126.909508,33.477604],[126.909508,33.47995],[126.909218,33.480537],[126.908333,33.479656],[126.907455,33.479656],[126.906578,33.478779],[126.904816,33.478779],[126.904228,33.479656],[126.903351,33.479656],[126.902763,33.47995],[126.903053,33.484058],[126.903641,33.484936],[126.903641,33.487576],[126.904228,33.487869],[126.905113,33.486992],[126.906578,33.486992],[126.907455,33.487869],[126.910095,33.487869],[126.91127,33.489044],[126.91127,33.489925],[126.910393,33.490803],[126.910393,33.491684],[126.909508,33.492565],[126.909508,33.494911],[126.912148,33.497551],[126.91127,33.498432],[126.91127,33.500778],[126.912148,33.501659],[126.912148,33.502537],[126.913033,33.503418],[126.912735,33.507526],[126.91156,33.508698],[126.910683,33.508698],[126.909508,33.509872],[126.909508,33.510754],[126.909218,33.511337],[126.907455,33.511337],[126.906578,33.512218],[126.905113,33.512218],[126.904228,33.511337],[126.901588,33.511337],[126.900711,33.511925],[126.900124,33.511925],[126.899536,33.512512],[126.899536,33.513393],[126.901299,33.514858],[126.901299,33.516621],[126.902176,33.517498],[126.902176,33.51926],[126.902466,33.519554],[126.905113,33.519554],[126.905403,33.519848],[126.905403,33.520725],[126.904816,33.521313],[126.899826,33.521313],[126.898659,33.522488],[126.898659,33.523365],[126.898361,33.523659],[126.897484,33.523659],[126.894257,33.52718],[126.893372,33.52718],[126.892494,33.527767],[126.88575,33.527767],[126.884865,33.52718],[126.8834,33.52718],[126.882812,33.527473],[126.882812,33.528355],[126.881638,33.529526],[126.878998,33.529526],[126.87841,33.530407],[126.870789,33.530407],[126.869026,33.528648],[126.868439,33.528648],[126.867561,33.529526],[126.866676,33.529526],[126.866096,33.529232],[126.866096,33.528355],[126.864922,33.52718],[126.864037,33.52718],[126.863159,33.526299],[126.861694,33.526299],[126.860809,33.525421],[126.859055,33.52718],[126.855827,33.52718],[126.854942,33.526299],[126.854652,33.526592],[126.854652,33.527473],[126.85553,33.528355],[126.85553,33.529819],[126.854942,33.530407],[126.853188,33.530407],[126.852013,33.531582],[126.852013,33.532459],[126.84996,33.534515],[126.849075,33.533634],[126.848198,33.533634],[126.84761,33.533047],[126.845856,33.534515],[126.842331,33.534515],[126.841743,33.533634],[126.841156,33.534222],[126.841156,33.53598],[126.840279,33.536568],[126.840569,33.537449],[126.839989,33.538033],[126.838226,33.537743],[126.837051,33.539207],[126.837051,33.540089],[126.836174,33.54097],[126.836174,33.541553],[126.835876,33.542141],[126.834122,33.542141],[126.833237,33.54126],[126.830894,33.54361],[126.830009,33.5439],[126.828835,33.545074],[126.828835,33.546539],[126.82708,33.548302],[126.82708,33.549183],[126.827957,33.55006],[126.827957,33.550941],[126.82708,33.551529],[126.82708,33.554169],[126.826195,33.55505],[126.826195,33.555634],[126.825027,33.557102],[126.824142,33.557102],[126.821503,33.559448],[126.820915,33.559448],[126.820038,33.560329],[126.81916,33.560329],[126.818275,33.561211],[126.817398,33.561211],[126.816521,33.562088],[126.813293,33.562088],[126.810944,33.559448],[126.810066,33.559448],[126.808594,33.558277],[126.808891,33.557396],[126.808304,33.557102],[126.807426,33.557983],[126.806541,33.557983],[126.805954,33.558861],[126.805077,33.558861],[126.804199,33.557983],[126.803314,33.558861],[126.802437,33.558861],[126.801552,33.557983],[126.800674,33.557983],[126.79921,33.556221],[126.797447,33.556221],[126.795395,33.558277],[126.795395,33.559155],[126.793343,33.561211],[126.792465,33.561211],[126.79158,33.562088],[126.789238,33.562088],[126.788353,33.562969],[126.785713,33.562969],[126.784538,33.564144],[126.784538,33.565022],[126.784248,33.565315],[126.780724,33.565315],[126.779846,33.564728],[126.777496,33.564438],[126.776619,33.56385],[126.775742,33.56385],[126.774567,33.565022],[126.774567,33.565903],[126.774277,33.566196],[126.764885,33.566196],[126.764008,33.567078],[126.762543,33.567078],[126.761955,33.566784],[126.761955,33.565903],[126.761368,33.565022],[126.761368,33.564144],[126.760483,33.563263],[126.760483,33.561501],[126.761368,33.560917],[126.761368,33.560036],[126.759895,33.558861],[126.757553,33.558861],[126.756676,33.557983],[126.755791,33.557983],[126.754913,33.558861],[126.754028,33.558861],[126.753448,33.559448],[126.752563,33.559448],[126.751686,33.558861],[126.750809,33.558861],[126.750511,33.559155],[126.750511,33.560036],[126.749924,33.560329],[126.749046,33.559448],[126.748161,33.559448],[126.747581,33.558861],[126.744057,33.558861],[126.743767,33.558277],[126.743767,33.557396],[126.743179,33.557102],[126.742592,33.557983],[126.734085,33.557983],[126.733788,33.558277],[126.733788,33.559155],[126.73262,33.560329],[126.725868,33.560329],[126.723228,33.557983],[126.718246,33.557983],[126.717072,33.556808],[126.717072,33.555927],[126.716774,33.555344],[126.70766723,33.555344],[126.70764915,33.555344],[126.72030443,33.61343421],[126.75103893,33.75451161],[126.75214945,33.75695536],[126.75227421,33.7572299],[126.75227437,33.75723026],[126.75229197,33.75723089],[126.75626408,33.75737351],[126.76042975,33.75754845],[126.82966703,33.76037863],[126.93232323,33.7279173],[126.97880646,33.71321866],[127.09300806,33.64624145],[127.09324147,33.64610456],[127.13091679,33.5931151]],[[126.952637,33.525421],[126.950874,33.523659],[126.949112,33.523659],[126.948235,33.52454],[126.94735,33.52454],[126.94706,33.524246],[126.94706,33.520725],[126.947647,33.520432],[126.948235,33.520432],[126.949112,33.519554],[126.949989,33.519554],[126.950287,33.51926],[126.949989,33.518673],[126.948235,33.518673],[126.947937,33.518379],[126.947937,33.515739],[126.94735,33.515446],[126.94677,33.515446],[126.946182,33.514858],[126.946182,33.514271],[126.945885,33.513687],[126.944122,33.513687],[126.943832,33.513393],[126.943832,33.512512],[126.942955,33.511631],[126.942955,33.509285],[126.942368,33.508698],[126.941483,33.508698],[126.940315,33.507526],[126.940315,33.505764],[126.939728,33.504887],[126.939728,33.504005],[126.940315,33.503418],[126.940315,33.501659],[126.94207,33.499897],[126.94207,33.498432],[126.942955,33.497551],[126.942955,33.494911],[126.944122,33.493736],[126.945885,33.493736],[126.94677,33.492859],[126.94735,33.492859],[126.948235,33.493736],[126.950874,33.49139],[126.954979,33.49139],[126.955856,33.491978],[126.957619,33.491978],[126.958206,33.492859],[126.959671,33.491684],[126.959671,33.490803],[126.960846,33.489632],[126.965836,33.489632],[126.966125,33.489925],[126.966125,33.490803],[126.96701,33.491684],[126.96701,33.49667],[126.96759,33.496964],[126.968178,33.496964],[126.96965,33.498432],[126.96965,33.501659],[126.969063,33.501953],[126.968178,33.501953],[126.96701,33.503418],[126.96701,33.504887],[126.966125,33.505764],[126.966125,33.510754],[126.965248,33.511631],[126.965248,33.512512],[126.963486,33.514565],[126.960846,33.514565],[126.959969,33.513687],[126.959084,33.513687],[126.957916,33.514858],[126.957916,33.516621],[126.958206,33.517204],[126.959969,33.516914],[126.960556,33.517498],[126.960258,33.518379],[126.961143,33.51926],[126.959969,33.520432],[126.959084,33.520432],[126.957916,33.521606],[126.957916,33.522488],[126.957619,33.522781],[126.956741,33.522781],[126.954102,33.525421],[126.952637,33.525421]]]]}},{"type":"Feature","properties":{"sterm_parent":"제주도동부앞바다","fcst_kor_nm":"제주도동부앞바다","zone_id":"S1323200"},"geometry":{"type":"MultiPolygon","coordinates":[[[[127.13091679,33.5931151],[127.15393185,33.55949501],[127.15741288,33.55440997],[127.17319261,33.52479851],[127.18840695,33.47609558],[127.18919553,33.43426137],[127.17155938,33.37795581],[127.16518699,33.35676217],[127.15810499,33.33320847],[127.15782542,33.33227865],[127.15566239,33.32660786],[127.15556933,33.32636388],[127.14679537,33.31685092],[127.07488672,33.23888569],[127.00607675,33.16200948],[126.99324012,33.14766808],[126.95179684,33.13074238],[126.92725186,33.12071805],[126.77618872,33.29936443],[126.77361976,33.30240246],[126.773689,33.302471],[126.773689,33.30423],[126.774567,33.305111],[126.774567,33.305698],[126.77485332,33.30627855],[126.774857,33.306286],[126.775742,33.306286],[126.777496,33.308044],[126.781609,33.308044],[126.782486,33.307163],[126.784248,33.307163],[126.784836,33.306286],[126.785713,33.306286],[126.786591,33.305405],[126.787476,33.305405],[126.789238,33.303642],[126.789818,33.303642],[126.790703,33.304523],[126.79422,33.304523],[126.795105,33.303642],[126.800087,33.303642],[126.800674,33.304523],[126.804199,33.304523],[126.805077,33.303642],[126.808304,33.303642],[126.809181,33.304523],[126.810944,33.304523],[126.813293,33.307163],[126.814171,33.307163],[126.815048,33.307751],[126.815933,33.307163],[126.818275,33.307163],[126.81916,33.306286],[126.825905,33.306286],[126.826492,33.307163],[126.82737,33.307163],[126.828255,33.307751],[126.829132,33.307751],[126.830009,33.308632],[126.830894,33.308632],[126.831772,33.309509],[126.833237,33.309509],[126.834122,33.31039],[126.835876,33.31039],[126.837929,33.312447],[126.837929,33.313324],[126.840866,33.316257],[126.841743,33.316257],[126.842041,33.316551],[126.842041,33.318314],[126.844093,33.320366],[126.846733,33.320366],[126.847023,33.320953],[126.847023,33.323299],[126.848785,33.325058],[126.84761,33.326233],[126.844971,33.326233],[126.844681,33.326527],[126.844681,33.328285],[126.844093,33.328579],[126.843208,33.327991],[126.842331,33.327991],[126.841743,33.32711],[126.84123035,33.32711],[126.84068012,33.330338],[126.841743,33.330338],[126.842041,33.330925],[126.842041,33.332394],[126.842628,33.332977],[126.844093,33.332977],[126.846733,33.335327],[126.848198,33.335327],[126.849075,33.336205],[126.84996,33.336205],[126.851723,33.337967],[126.8526,33.337967],[126.853477,33.338844],[126.854942,33.338844],[126.856117,33.340019],[126.856117,33.341782],[126.857002,33.342365],[126.857002,33.343246],[126.858757,33.345009],[126.858757,33.346767],[126.859055,33.347061],[126.860809,33.347061],[126.861694,33.347939],[126.862572,33.347939],[126.864624,33.349995],[126.864624,33.350876],[126.864922,33.351166],[126.865799,33.351166],[126.866974,33.352341],[126.866974,33.353222],[126.867851,33.354099],[126.867851,33.359089],[126.866974,33.359966],[126.867851,33.360847],[126.867851,33.363194],[126.869904,33.365543],[126.871666,33.36525],[126.872841,33.366714],[126.872841,33.369942],[126.872543,33.370529],[126.870789,33.370529],[126.870491,33.370823],[126.870491,33.3717],[126.870789,33.371998],[126.872543,33.371998],[126.877533,33.376984],[126.87841,33.376984],[126.88047,33.379036],[126.88047,33.382557],[126.881638,33.383732],[126.884277,33.383732],[126.884865,33.384609],[126.887505,33.384609],[126.889854,33.386955],[126.890732,33.386955],[126.891617,33.387836],[126.895721,33.387836],[126.896599,33.386955],[126.898361,33.386955],[126.899246,33.387836],[126.899826,33.387836],[126.901588,33.389599],[126.902466,33.389599],[126.903351,33.390476],[126.904228,33.390476],[126.904526,33.39077],[126.904526,33.391651],[126.905403,33.392529],[126.905403,33.395756],[126.906281,33.396637],[126.906281,33.398396],[126.905113,33.39957],[126.904228,33.39957],[126.903641,33.399864],[126.903641,33.401623],[126.902763,33.402504],[126.902763,33.403385],[126.905403,33.405731],[126.905403,33.406612],[126.906281,33.40749],[126.906281,33.408371],[126.907166,33.409252],[126.907166,33.411598],[126.907455,33.411892],[126.908333,33.412186],[126.910393,33.414238],[126.910393,33.416584],[126.909508,33.417465],[126.910393,33.418346],[126.910393,33.419228],[126.913033,33.421574],[126.913033,33.423332],[126.91362,33.424213],[126.91362,33.425095],[126.91626,33.427441],[126.91626,33.431545],[126.915375,33.432426],[126.915375,33.433308],[126.91655,33.434479],[126.918312,33.434479],[126.919189,33.43536],[126.920074,33.434479],[126.920654,33.434479],[126.923004,33.432426],[126.923004,33.43008],[126.922127,33.429199],[126.922127,33.428322],[126.925354,33.425095],[126.925354,33.424213],[126.925941,33.423626],[126.926521,33.423626],[126.927406,33.422745],[126.928284,33.423626],[126.930046,33.423626],[126.930336,33.424213],[126.930336,33.425095],[126.931511,33.426266],[126.932388,33.426266],[126.933273,33.427147],[126.934151,33.427147],[126.935036,33.428024],[126.935913,33.428024],[126.936203,33.428322],[126.936203,33.429199],[126.933273,33.432133],[126.932388,33.432133],[126.931808,33.433014],[126.928284,33.433014],[126.927994,33.433308],[126.927994,33.434189],[126.926819,33.43536],[126.924179,33.43536],[126.923592,33.435947],[126.923592,33.436535],[126.922127,33.438293],[126.922127,33.440056],[126.921242,33.440639],[126.921242,33.446507],[126.922127,33.447388],[126.922127,33.448269],[126.923882,33.450027],[126.923592,33.451496],[126.924179,33.45208],[126.925056,33.45208],[126.925354,33.452374],[126.925354,33.453255],[126.930923,33.458828],[126.931808,33.458828],[126.932388,33.459709],[126.933273,33.458828],[126.935036,33.458828],[126.935913,33.457947],[126.93679,33.457947],[126.937088,33.457363],[126.937088,33.456776],[126.938255,33.455307],[126.93914,33.455307],[126.940018,33.45472],[126.942368,33.45443],[126.943245,33.455307],[126.945885,33.455307],[126.946182,33.455894],[126.946182,33.456776],[126.94471,33.458241],[126.94471,33.459122],[126.942368,33.461174],[126.940903,33.461174],[126.940018,33.462055],[126.93914,33.462055],[126.936203,33.464989],[126.936203,33.467335],[126.935326,33.468216],[126.935326,33.469097],[126.933563,33.470856],[126.933563,33.471737],[126.932388,33.472908],[126.931511,33.472908],[126.930923,33.472031],[126.929169,33.472031],[126.927994,33.470856],[126.927994,33.469975],[126.927109,33.469097],[126.927109,33.468216],[126.929169,33.466164],[126.930046,33.466164],[126.930336,33.46587],[126.930336,33.464989],[126.925354,33.460003],[126.925354,33.459122],[126.923302,33.457069],[126.922417,33.457069],[126.921242,33.455894],[126.921242,33.455013],[126.919189,33.452961],[126.917427,33.452961],[126.917137,33.453255],[126.917427,33.453842],[126.918312,33.453842],[126.918602,33.454136],[126.918602,33.455894],[126.919189,33.456188],[126.920074,33.456188],[126.920364,33.456776],[126.920364,33.459122],[126.922127,33.46088],[126.922127,33.462643],[126.920654,33.463814],[126.917427,33.463814],[126.91655,33.464695],[126.915085,33.464695],[126.91362,33.46587],[126.914207,33.466164],[126.91655,33.466164],[126.917427,33.465282],[126.920654,33.465282],[126.921242,33.46587],[126.921242,33.466747],[126.922417,33.467922],[126.924179,33.467922],[126.924469,33.468216],[126.924469,33.469975],[126.924179,33.470268],[126.919189,33.470268],[126.918312,33.471149],[126.917427,33.471149],[126.915962,33.472908],[126.913322,33.472908],[126.910393,33.475842],[126.910393,33.476723],[126.909508,33.477604],[126.909508,33.47995],[126.909218,33.480537],[126.908333,33.479656],[126.907455,33.479656],[126.906578,33.478779],[126.904816,33.478779],[126.904228,33.479656],[126.903351,33.479656],[126.902763,33.47995],[126.903053,33.484058],[126.903641,33.484936],[126.903641,33.487576],[126.904228,33.487869],[126.905113,33.486992],[126.906578,33.486992],[126.907455,33.487869],[126.910095,33.487869],[126.91127,33.489044],[126.91127,33.489925],[126.910393,33.490803],[126.910393,33.491684],[126.909508,33.492565],[126.909508,33.494911],[126.912148,33.497551],[126.91127,33.498432],[126.91127,33.500778],[126.912148,33.501659],[126.912148,33.502537],[126.913033,33.503418],[126.912735,33.507526],[126.91156,33.508698],[126.910683,33.508698],[126.909508,33.509872],[126.909508,33.510754],[126.909218,33.511337],[126.907455,33.511337],[126.906578,33.512218],[126.905113,33.512218],[126.904228,33.511337],[126.901588,33.511337],[126.900711,33.511925],[126.900124,33.511925],[126.899536,33.512512],[126.899536,33.513393],[126.901299,33.514858],[126.901299,33.516621],[126.902176,33.517498],[126.902176,33.51926],[126.902466,33.519554],[126.905113,33.519554],[126.905403,33.519848],[126.905403,33.520725],[126.904816,33.521313],[126.899826,33.521313],[126.898659,33.522488],[126.898659,33.523365],[126.898361,33.523659],[126.897484,33.523659],[126.894257,33.52718],[126.893372,33.52718],[126.892494,33.527767],[126.88575,33.527767],[126.884865,33.52718],[126.8834,33.52718],[126.882812,33.527473],[126.882812,33.528355],[126.881638,33.529526],[126.878998,33.529526],[126.87841,33.530407],[126.870789,33.530407],[126.869026,33.528648],[126.868439,33.528648],[126.867561,33.529526],[126.866676,33.529526],[126.866096,33.529232],[126.866096,33.528355],[126.864922,33.52718],[126.864037,33.52718],[126.863159,33.526299],[126.861694,33.526299],[126.860809,33.525421],[126.859055,33.52718],[126.855827,33.52718],[126.854942,33.526299],[126.854652,33.526592],[126.854652,33.527473],[126.85553,33.528355],[126.85553,33.529819],[126.854942,33.530407],[126.853188,33.530407],[126.852013,33.531582],[126.852013,33.532459],[126.84996,33.534515],[126.849075,33.533634],[126.848198,33.533634],[126.84761,33.533047],[126.845856,33.534515],[126.842331,33.534515],[126.841743,33.533634],[126.841156,33.534222],[126.841156,33.53598],[126.840279,33.536568],[126.840569,33.537449],[126.839989,33.538033],[126.838226,33.537743],[126.837051,33.539207],[126.837051,33.540089],[126.836174,33.54097],[126.836174,33.541553],[126.835876,33.542141],[126.834122,33.542141],[126.833237,33.54126],[126.830894,33.54361],[126.830009,33.5439],[126.828835,33.545074],[126.828835,33.546539],[126.82708,33.548302],[126.82708,33.549183],[126.827957,33.55006],[126.827957,33.550941],[126.82708,33.551529],[126.82708,33.554169],[126.826195,33.55505],[126.826195,33.555634],[126.825027,33.557102],[126.824142,33.557102],[126.821503,33.559448],[126.820915,33.559448],[126.820038,33.560329],[126.81916,33.560329],[126.818275,33.561211],[126.817398,33.561211],[126.816521,33.562088],[126.813293,33.562088],[126.810944,33.559448],[126.810066,33.559448],[126.808594,33.558277],[126.808891,33.557396],[126.808304,33.557102],[126.807426,33.557983],[126.806541,33.557983],[126.805954,33.558861],[126.805077,33.558861],[126.804199,33.557983],[126.803314,33.558861],[126.802437,33.558861],[126.801552,33.557983],[126.800674,33.557983],[126.79921,33.556221],[126.797447,33.556221],[126.795395,33.558277],[126.795395,33.559155],[126.793343,33.561211],[126.792465,33.561211],[126.79158,33.562088],[126.789238,33.562088],[126.788353,33.562969],[126.785713,33.562969],[126.784538,33.564144],[126.784538,33.565022],[126.784248,33.565315],[126.780724,33.565315],[126.779846,33.564728],[126.777496,33.564438],[126.776619,33.56385],[126.775742,33.56385],[126.774567,33.565022],[126.774567,33.565903],[126.774277,33.566196],[126.764885,33.566196],[126.764008,33.567078],[126.762543,33.567078],[126.761955,33.566784],[126.761955,33.565903],[126.761368,33.565022],[126.761368,33.564144],[126.760483,33.563263],[126.760483,33.561501],[126.761368,33.560917],[126.761368,33.560036],[126.759895,33.558861],[126.757553,33.558861],[126.756676,33.557983],[126.755791,33.557983],[126.754913,33.558861],[126.754028,33.558861],[126.753448,33.559448],[126.752563,33.559448],[126.751686,33.558861],[126.750809,33.558861],[126.750511,33.559155],[126.750511,33.560036],[126.749924,33.560329],[126.749046,33.559448],[126.748161,33.559448],[126.747581,33.558861],[126.744057,33.558861],[126.743767,33.558277],[126.743767,33.557396],[126.743179,33.557102],[126.742592,33.557983],[126.734085,33.557983],[126.733788,33.558277],[126.733788,33.559155],[126.73262,33.560329],[126.725868,33.560329],[126.723228,33.557983],[126.718246,33.557983],[126.717072,33.556808],[126.717072,33.555927],[126.716774,33.555344],[126.70766723,33.555344],[126.70764915,33.555344],[126.72030443,33.61343421],[126.75103893,33.75451161],[126.75214945,33.75695536],[126.75227421,33.7572299],[126.75227437,33.75723026],[126.75229197,33.75723089],[126.75626408,33.75737351],[126.76042975,33.75754845],[126.82966703,33.76037863],[126.93232323,33.7279173],[126.97880646,33.71321866],[127.09300806,33.64624145],[127.09324147,33.64610456],[127.13091679,33.5931151]],[[126.952637,33.525421],[126.950874,33.523659],[126.949112,33.523659],[126.948235,33.52454],[126.94735,33.52454],[126.94706,33.524246],[126.94706,33.520725],[126.947647,33.520432],[126.948235,33.520432],[126.949112,33.519554],[126.949989,33.519554],[126.950287,33.51926],[126.949989,33.518673],[126.948235,33.518673],[126.947937,33.518379],[126.947937,33.515739],[126.94735,33.515446],[126.94677,33.515446],[126.946182,33.514858],[126.946182,33.514271],[126.945885,33.513687],[126.944122,33.513687],[126.943832,33.513393],[126.943832,33.512512],[126.942955,33.511631],[126.942955,33.509285],[126.942368,33.508698],[126.941483,33.508698],[126.940315,33.507526],[126.940315,33.505764],[126.939728,33.504887],[126.939728,33.504005],[126.940315,33.503418],[126.940315,33.501659],[126.94207,33.499897],[126.94207,33.498432],[126.942955,33.497551],[126.942955,33.494911],[126.944122,33.493736],[126.945885,33.493736],[126.94677,33.492859],[126.94735,33.492859],[126.948235,33.493736],[126.950874,33.49139],[126.954979,33.49139],[126.955856,33.491978],[126.957619,33.491978],[126.958206,33.492859],[126.959671,33.491684],[126.959671,33.490803],[126.960846,33.489632],[126.965836,33.489632],[126.966125,33.489925],[126.966125,33.490803],[126.96701,33.491684],[126.96701,33.49667],[126.96759,33.496964],[126.968178,33.496964],[126.96965,33.498432],[126.96965,33.501659],[126.969063,33.501953],[126.968178,33.501953],[126.96701,33.503418],[126.96701,33.504887],[126.966125,33.505764],[126.966125,33.510754],[126.965248,33.511631],[126.965248,33.512512],[126.963486,33.514565],[126.960846,33.514565],[126.959969,33.513687],[126.959084,33.513687],[126.957916,33.514858],[126.957916,33.516621],[126.958206,33.517204],[126.959969,33.516914],[126.960556,33.517498],[126.960258,33.518379],[126.961143,33.51926],[126.959969,33.520432],[126.959084,33.520432],[126.957916,33.521606],[126.957916,33.522488],[126.957619,33.522781],[126.956741,33.522781],[126.954102,33.525421],[126.952637,33.525421]]]]}},{"type":"Feature","properties":{"sterm_parent":"제주도남부앞바다","fcst_kor_nm":"제주도남부앞바다","zone_id":"S1323300"},"geometry":{"type":"MultiPolygon","coordinates":[[[[126.7762388,33.29916807],[126.92034654,33.1288346],[126.92685011,33.12083755],[126.87232027,33.09868147],[126.83996699,33.08964809],[126.75862915,33.06693773],[126.56498961,33.0265046],[126.55024079,33.02452375],[126.39359058,33.00348473],[126.34736293,32.9972761],[126.29482711,32.99226138],[126.29444981,32.99222537],[126.29444266,32.99222468],[126.2944379,32.99222423],[126.29443784,32.9922252],[126.29407251,32.99784944],[126.2886727,33.08097864],[126.28429469,33.14837741],[126.28123768,33.19543949],[126.28104908,33.19834298],[126.28125196,33.201263],[126.28126512,33.201263],[126.281731,33.201263],[126.282616,33.200382],[126.284081,33.200382],[126.285545,33.199211],[126.285255,33.197449],[126.287308,33.195396],[126.290825,33.195396],[126.291702,33.196278],[126.292587,33.196278],[126.293175,33.197155],[126.294052,33.197155],[126.29464,33.197449],[126.29464,33.200089],[126.293762,33.200676],[126.293762,33.202438],[126.292877,33.203316],[126.292877,33.204197],[126.292587,33.204491],[126.291702,33.204491],[126.291122,33.205078],[126.291122,33.205666],[126.290237,33.206543],[126.291122,33.207424],[126.291122,33.211533],[126.29464,33.21505],[126.29464,33.216812],[126.293762,33.2174],[126.29464,33.218277],[126.29464,33.219158],[126.295517,33.220039],[126.295227,33.220917],[126.296989,33.222385],[126.296989,33.223267],[126.299629,33.225906],[126.299629,33.226784],[126.299919,33.227077],[126.300797,33.227077],[126.302559,33.22884],[126.303436,33.22884],[126.304024,33.229717],[126.307549,33.229424],[126.309601,33.231773],[126.309601,33.232361],[126.310776,33.233826],[126.314293,33.233826],[126.31459,33.234119],[126.31459,33.235878],[126.315468,33.236759],[126.315468,33.237347],[126.318398,33.24028],[126.324265,33.24028],[126.325737,33.242039],[126.330719,33.242039],[126.334831,33.237934],[126.335709,33.237934],[126.336586,33.237053],[126.340698,33.237053],[126.341576,33.237934],[126.343338,33.237934],[126.344215,33.237053],[126.344803,33.237053],[126.34568,33.236172],[126.346565,33.236172],[126.347443,33.235291],[126.35067,33.235291],[126.351547,33.236172],[126.355072,33.236172],[126.355949,33.237053],[126.358299,33.237053],[126.359177,33.236172],[126.360641,33.236172],[126.362404,33.234707],[126.363281,33.234413],[126.365044,33.232944],[126.365631,33.232944],[126.366508,33.232063],[126.370033,33.232063],[126.371498,33.233826],[126.372375,33.233826],[126.37326,33.234707],[126.375015,33.234413],[126.376488,33.232944],[126.377365,33.232944],[126.37883,33.234119],[126.37883,33.235001],[126.380005,33.236172],[126.380882,33.236172],[126.381767,33.235291],[126.382355,33.235291],[126.383232,33.236172],[126.384995,33.236172],[126.385872,33.237053],[126.386749,33.237053],[126.387634,33.237934],[126.388222,33.237934],[126.389099,33.238811],[126.389977,33.238811],[126.390862,33.239693],[126.392616,33.239693],[126.393204,33.240574],[126.394089,33.24028],[126.394966,33.241158],[126.395844,33.241158],[126.396729,33.242039],[126.398193,33.242039],[126.399071,33.24292],[126.400833,33.24292],[126.402298,33.244678],[126.403183,33.243801],[126.40406,33.243801],[126.404938,33.244678],[126.4067,33.244678],[126.407578,33.24556],[126.412567,33.24556],[126.413155,33.244678],[126.414917,33.244678],[126.415794,33.243801],[126.416672,33.243801],[126.422539,33.237934],[126.424889,33.237934],[126.425766,33.237053],[126.427528,33.237053],[126.428406,33.236172],[126.429878,33.236172],[126.430756,33.235291],[126.432518,33.235291],[126.434273,33.237053],[126.43486,33.237053],[126.436623,33.238811],[126.443367,33.238811],[126.445129,33.24028],[126.445717,33.24028],[126.446594,33.241158],[126.448357,33.241158],[126.449234,33.242039],[126.450119,33.242039],[126.450996,33.24292],[126.451584,33.242039],[126.452461,33.242039],[126.453346,33.241158],[126.455101,33.241158],[126.455688,33.242039],[126.457451,33.24028],[126.458328,33.24028],[126.458626,33.239986],[126.458626,33.239105],[126.460381,33.237347],[126.460381,33.235001],[126.461266,33.234119],[126.461266,33.232361],[126.461555,33.232063],[126.46244,33.232063],[126.463318,33.231186],[126.46508,33.231186],[126.465668,33.230305],[126.466545,33.230305],[126.467133,33.230011],[126.467133,33.229134],[126.468307,33.227959],[126.473289,33.227959],[126.474174,33.22884],[126.477402,33.22884],[126.478279,33.227959],[126.482384,33.227959],[126.483269,33.22884],[126.484146,33.22884],[126.486786,33.231186],[126.488251,33.231186],[126.489136,33.232063],[126.490891,33.232063],[126.491776,33.231186],[126.492363,33.231186],[126.49324,33.232063],[126.494118,33.232063],[126.495003,33.232944],[126.496758,33.232944],[126.497055,33.232361],[126.497055,33.230892],[126.497345,33.230305],[126.49823,33.230305],[126.499107,33.231186],[126.503212,33.231186],[126.504097,33.230305],[126.505852,33.230305],[126.506737,33.231186],[126.509079,33.231186],[126.513191,33.235291],[126.514069,33.235291],[126.515533,33.236759],[126.515533,33.23764],[126.515831,33.237934],[126.518173,33.237934],[126.518761,33.238228],[126.518761,33.239105],[126.519646,33.239986],[126.519646,33.240868],[126.520813,33.242039],[126.522575,33.242039],[126.523453,33.241158],[126.524925,33.241158],[126.525803,33.24028],[126.527565,33.24028],[126.528152,33.239693],[126.530792,33.239693],[126.53167,33.24028],[126.533432,33.24028],[126.534309,33.241158],[126.535774,33.241158],[126.536659,33.242039],[126.538414,33.242039],[126.539001,33.241158],[126.539886,33.241158],[126.541641,33.239693],[126.544281,33.239693],[126.544579,33.239105],[126.544579,33.238228],[126.544868,33.237934],[126.546631,33.237934],[126.546921,33.238228],[126.546921,33.239105],[126.547806,33.239986],[126.547806,33.240868],[126.548393,33.241158],[126.549858,33.241158],[126.550735,33.24028],[126.55162,33.24028],[126.552498,33.239693],[126.556602,33.239693],[126.557777,33.240868],[126.557777,33.241745],[126.559242,33.24292],[126.55954,33.242626],[126.55954,33.241745],[126.560715,33.24028],[126.565109,33.24028],[126.569221,33.244678],[126.577431,33.244678],[126.578316,33.243801],[126.579193,33.243801],[126.58007,33.24292],[126.580956,33.243801],[126.58242,33.243801],[126.583298,33.244678],[126.58506,33.244385],[126.585938,33.243801],[126.586525,33.243801],[126.587112,33.243214],[126.587112,33.242332],[126.58799,33.241745],[126.58799,33.240868],[126.588577,33.239986],[126.588875,33.239105],[126.589165,33.238811],[126.59005,33.238811],[126.591515,33.237053],[126.592392,33.237053],[126.593277,33.236172],[126.594154,33.236172],[126.595032,33.237053],[126.598259,33.237053],[126.599144,33.237934],[126.603249,33.237934],[126.604126,33.238811],[126.605011,33.238811],[126.605888,33.239693],[126.607651,33.239693],[126.608238,33.24028],[126.612343,33.24028],[126.61322,33.241158],[126.614105,33.241158],[126.614983,33.242039],[126.61586,33.242039],[126.616745,33.24292],[126.617332,33.24292],[126.617912,33.243214],[126.617912,33.247612],[126.618797,33.248199],[126.618797,33.249081],[126.619087,33.249668],[126.62085,33.249668],[126.622612,33.251133],[126.626717,33.251133],[126.627007,33.25172],[126.627007,33.253185],[126.628181,33.254654],[126.629944,33.254654],[126.630821,33.255535],[126.631706,33.255535],[126.632874,33.256706],[126.632874,33.257587],[126.633171,33.257881],[126.637573,33.257881],[126.638161,33.258762],[126.639038,33.258762],[126.639626,33.259052],[126.639626,33.259933],[126.640503,33.260815],[126.639626,33.261696],[126.639626,33.262573],[126.639328,33.262867],[126.638451,33.262867],[126.637863,33.263161],[126.638451,33.263748],[126.641678,33.263748],[126.641968,33.264042],[126.641968,33.264919],[126.644028,33.266975],[126.644905,33.266975],[126.645782,33.267857],[126.649895,33.267857],[126.650772,33.268734],[126.652534,33.268734],[126.653412,33.269615],[126.658401,33.269615],[126.658691,33.269909],[126.657814,33.270786],[126.657814,33.27343],[126.658401,33.273724],[126.659279,33.273724],[126.660744,33.271961],[126.661629,33.271961],[126.662506,33.271084],[126.66925,33.271084],[126.669838,33.270496],[126.6716,33.270496],[126.672478,33.269615],[126.673363,33.269615],[126.675117,33.267857],[126.675705,33.267857],[126.67659,33.268734],[126.677467,33.268734],[126.67923,33.270496],[126.684212,33.270496],[126.685097,33.269615],[126.688324,33.269615],[126.689201,33.270496],[126.695068,33.270496],[126.695946,33.271084],[126.698296,33.271374],[126.699173,33.271961],[126.701523,33.271961],[126.7024,33.272842],[126.704163,33.272842],[126.70504,33.273724],[126.708267,33.273724],[126.709152,33.274601],[126.710907,33.274601],[126.711792,33.275482],[126.712379,33.275482],[126.713257,33.276363],[126.714134,33.276363],[126.715019,33.275482],[126.715897,33.275482],[126.716484,33.276363],[126.717361,33.276363],[126.718246,33.276951],[126.719124,33.276951],[126.720001,33.276363],[126.722351,33.276363],[126.724991,33.278709],[126.72998,33.278709],[126.730858,33.279591],[126.731735,33.279591],[126.732033,33.279881],[126.732033,33.280762],[126.732323,33.281349],[126.734085,33.281349],[126.735847,33.279591],[126.736725,33.280468],[126.73819,33.280468],[126.739075,33.279591],[126.739952,33.279591],[126.740829,33.278709],[126.741714,33.279591],[126.743179,33.279591],[126.744942,33.281055],[126.745819,33.281349],[126.747581,33.282818],[126.748161,33.282818],[126.749046,33.283695],[126.749924,33.283695],[126.750221,33.284283],[126.750511,33.28487],[126.749634,33.285748],[126.749634,33.28751],[126.749924,33.287804],[126.754913,33.287804],[126.75843,33.291325],[126.759018,33.291325],[126.759895,33.292202],[126.761658,33.292202],[126.762543,33.292789],[126.76342,33.292789],[126.76371,33.293377],[126.76371,33.294842],[126.764595,33.295723],[126.764595,33.297485],[126.765472,33.298363],[126.765472,33.299244],[126.766647,33.300419],[126.767525,33.300419],[126.76841,33.301296],[126.771629,33.301296],[126.772514,33.302177],[126.773392,33.302177],[126.77361976,33.30240246],[126.773689,33.302471],[126.773689,33.30423],[126.774567,33.305111],[126.774567,33.305698],[126.77485332,33.30627855],[126.77568662,33.3013329],[126.77618872,33.29936443],[126.7762388,33.29916807]]]]}},{"type":"Feature","properties":{"sterm_parent":"제주도남부앞바다","fcst_kor_nm":"제주도남부앞바다","zone_id":"S1323300"},"geometry":{"type":"MultiPolygon","coordinates":[[[[126.7762388,33.29916807],[126.92034654,33.1288346],[126.92685011,33.12083755],[126.87232027,33.09868147],[126.83996699,33.08964809],[126.75862915,33.06693773],[126.56498961,33.0265046],[126.55024079,33.02452375],[126.39359058,33.00348473],[126.34736293,32.9972761],[126.29482711,32.99226138],[126.29444981,32.99222537],[126.29444266,32.99222468],[126.2944379,32.99222423],[126.29443784,32.9922252],[126.29407251,32.99784944],[126.2886727,33.08097864],[126.28429469,33.14837741],[126.28123768,33.19543949],[126.28104908,33.19834298],[126.28125196,33.201263],[126.28126512,33.201263],[126.281731,33.201263],[126.282616,33.200382],[126.284081,33.200382],[126.285545,33.199211],[126.285255,33.197449],[126.287308,33.195396],[126.290825,33.195396],[126.291702,33.196278],[126.292587,33.196278],[126.293175,33.197155],[126.294052,33.197155],[126.29464,33.197449],[126.29464,33.200089],[126.293762,33.200676],[126.293762,33.202438],[126.292877,33.203316],[126.292877,33.204197],[126.292587,33.204491],[126.291702,33.204491],[126.291122,33.205078],[126.291122,33.205666],[126.290237,33.206543],[126.291122,33.207424],[126.291122,33.211533],[126.29464,33.21505],[126.29464,33.216812],[126.293762,33.2174],[126.29464,33.218277],[126.29464,33.219158],[126.295517,33.220039],[126.295227,33.220917],[126.296989,33.222385],[126.296989,33.223267],[126.299629,33.225906],[126.299629,33.226784],[126.299919,33.227077],[126.300797,33.227077],[126.302559,33.22884],[126.303436,33.22884],[126.304024,33.229717],[126.307549,33.229424],[126.309601,33.231773],[126.309601,33.232361],[126.310776,33.233826],[126.314293,33.233826],[126.31459,33.234119],[126.31459,33.235878],[126.315468,33.236759],[126.315468,33.237347],[126.318398,33.24028],[126.324265,33.24028],[126.325737,33.242039],[126.330719,33.242039],[126.334831,33.237934],[126.335709,33.237934],[126.336586,33.237053],[126.340698,33.237053],[126.341576,33.237934],[126.343338,33.237934],[126.344215,33.237053],[126.344803,33.237053],[126.34568,33.236172],[126.346565,33.236172],[126.347443,33.235291],[126.35067,33.235291],[126.351547,33.236172],[126.355072,33.236172],[126.355949,33.237053],[126.358299,33.237053],[126.359177,33.236172],[126.360641,33.236172],[126.362404,33.234707],[126.363281,33.234413],[126.365044,33.232944],[126.365631,33.232944],[126.366508,33.232063],[126.370033,33.232063],[126.371498,33.233826],[126.372375,33.233826],[126.37326,33.234707],[126.375015,33.234413],[126.376488,33.232944],[126.377365,33.232944],[126.37883,33.234119],[126.37883,33.235001],[126.380005,33.236172],[126.380882,33.236172],[126.381767,33.235291],[126.382355,33.235291],[126.383232,33.236172],[126.384995,33.236172],[126.385872,33.237053],[126.386749,33.237053],[126.387634,33.237934],[126.388222,33.237934],[126.389099,33.238811],[126.389977,33.238811],[126.390862,33.239693],[126.392616,33.239693],[126.393204,33.240574],[126.394089,33.24028],[126.394966,33.241158],[126.395844,33.241158],[126.396729,33.242039],[126.398193,33.242039],[126.399071,33.24292],[126.400833,33.24292],[126.402298,33.244678],[126.403183,33.243801],[126.40406,33.243801],[126.404938,33.244678],[126.4067,33.244678],[126.407578,33.24556],[126.412567,33.24556],[126.413155,33.244678],[126.414917,33.244678],[126.415794,33.243801],[126.416672,33.243801],[126.422539,33.237934],[126.424889,33.237934],[126.425766,33.237053],[126.427528,33.237053],[126.428406,33.236172],[126.429878,33.236172],[126.430756,33.235291],[126.432518,33.235291],[126.434273,33.237053],[126.43486,33.237053],[126.436623,33.238811],[126.443367,33.238811],[126.445129,33.24028],[126.445717,33.24028],[126.446594,33.241158],[126.448357,33.241158],[126.449234,33.242039],[126.450119,33.242039],[126.450996,33.24292],[126.451584,33.242039],[126.452461,33.242039],[126.453346,33.241158],[126.455101,33.241158],[126.455688,33.242039],[126.457451,33.24028],[126.458328,33.24028],[126.458626,33.239986],[126.458626,33.239105],[126.460381,33.237347],[126.460381,33.235001],[126.461266,33.234119],[126.461266,33.232361],[126.461555,33.232063],[126.46244,33.232063],[126.463318,33.231186],[126.46508,33.231186],[126.465668,33.230305],[126.466545,33.230305],[126.467133,33.230011],[126.467133,33.229134],[126.468307,33.227959],[126.473289,33.227959],[126.474174,33.22884],[126.477402,33.22884],[126.478279,33.227959],[126.482384,33.227959],[126.483269,33.22884],[126.484146,33.22884],[126.486786,33.231186],[126.488251,33.231186],[126.489136,33.232063],[126.490891,33.232063],[126.491776,33.231186],[126.492363,33.231186],[126.49324,33.232063],[126.494118,33.232063],[126.495003,33.232944],[126.496758,33.232944],[126.497055,33.232361],[126.497055,33.230892],[126.497345,33.230305],[126.49823,33.230305],[126.499107,33.231186],[126.503212,33.231186],[126.504097,33.230305],[126.505852,33.230305],[126.506737,33.231186],[126.509079,33.231186],[126.513191,33.235291],[126.514069,33.235291],[126.515533,33.236759],[126.515533,33.23764],[126.515831,33.237934],[126.518173,33.237934],[126.518761,33.238228],[126.518761,33.239105],[126.519646,33.239986],[126.519646,33.240868],[126.520813,33.242039],[126.522575,33.242039],[126.523453,33.241158],[126.524925,33.241158],[126.525803,33.24028],[126.527565,33.24028],[126.528152,33.239693],[126.530792,33.239693],[126.53167,33.24028],[126.533432,33.24028],[126.534309,33.241158],[126.535774,33.241158],[126.536659,33.242039],[126.538414,33.242039],[126.539001,33.241158],[126.539886,33.241158],[126.541641,33.239693],[126.544281,33.239693],[126.544579,33.239105],[126.544579,33.238228],[126.544868,33.237934],[126.546631,33.237934],[126.546921,33.238228],[126.546921,33.239105],[126.547806,33.239986],[126.547806,33.240868],[126.548393,33.241158],[126.549858,33.241158],[126.550735,33.24028],[126.55162,33.24028],[126.552498,33.239693],[126.556602,33.239693],[126.557777,33.240868],[126.557777,33.241745],[126.559242,33.24292],[126.55954,33.242626],[126.55954,33.241745],[126.560715,33.24028],[126.565109,33.24028],[126.569221,33.244678],[126.577431,33.244678],[126.578316,33.243801],[126.579193,33.243801],[126.58007,33.24292],[126.580956,33.243801],[126.58242,33.243801],[126.583298,33.244678],[126.58506,33.244385],[126.585938,33.243801],[126.586525,33.243801],[126.587112,33.243214],[126.587112,33.242332],[126.58799,33.241745],[126.58799,33.240868],[126.588577,33.239986],[126.588875,33.239105],[126.589165,33.238811],[126.59005,33.238811],[126.591515,33.237053],[126.592392,33.237053],[126.593277,33.236172],[126.594154,33.236172],[126.595032,33.237053],[126.598259,33.237053],[126.599144,33.237934],[126.603249,33.237934],[126.604126,33.238811],[126.605011,33.238811],[126.605888,33.239693],[126.607651,33.239693],[126.608238,33.24028],[126.612343,33.24028],[126.61322,33.241158],[126.614105,33.241158],[126.614983,33.242039],[126.61586,33.242039],[126.616745,33.24292],[126.617332,33.24292],[126.617912,33.243214],[126.617912,33.247612],[126.618797,33.248199],[126.618797,33.249081],[126.619087,33.249668],[126.62085,33.249668],[126.622612,33.251133],[126.626717,33.251133],[126.627007,33.25172],[126.627007,33.253185],[126.628181,33.254654],[126.629944,33.254654],[126.630821,33.255535],[126.631706,33.255535],[126.632874,33.256706],[126.632874,33.257587],[126.633171,33.257881],[126.637573,33.257881],[126.638161,33.258762],[126.639038,33.258762],[126.639626,33.259052],[126.639626,33.259933],[126.640503,33.260815],[126.639626,33.261696],[126.639626,33.262573],[126.639328,33.262867],[126.638451,33.262867],[126.637863,33.263161],[126.638451,33.263748],[126.641678,33.263748],[126.641968,33.264042],[126.641968,33.264919],[126.644028,33.266975],[126.644905,33.266975],[126.645782,33.267857],[126.649895,33.267857],[126.650772,33.268734],[126.652534,33.268734],[126.653412,33.269615],[126.658401,33.269615],[126.658691,33.269909],[126.657814,33.270786],[126.657814,33.27343],[126.658401,33.273724],[126.659279,33.273724],[126.660744,33.271961],[126.661629,33.271961],[126.662506,33.271084],[126.66925,33.271084],[126.669838,33.270496],[126.6716,33.270496],[126.672478,33.269615],[126.673363,33.269615],[126.675117,33.267857],[126.675705,33.267857],[126.67659,33.268734],[126.677467,33.268734],[126.67923,33.270496],[126.684212,33.270496],[126.685097,33.269615],[126.688324,33.269615],[126.689201,33.270496],[126.695068,33.270496],[126.695946,33.271084],[126.698296,33.271374],[126.699173,33.271961],[126.701523,33.271961],[126.7024,33.272842],[126.704163,33.272842],[126.70504,33.273724],[126.708267,33.273724],[126.709152,33.274601],[126.710907,33.274601],[126.711792,33.275482],[126.712379,33.275482],[126.713257,33.276363],[126.714134,33.276363],[126.715019,33.275482],[126.715897,33.275482],[126.716484,33.276363],[126.717361,33.276363],[126.718246,33.276951],[126.719124,33.276951],[126.720001,33.276363],[126.722351,33.276363],[126.724991,33.278709],[126.72998,33.278709],[126.730858,33.279591],[126.731735,33.279591],[126.732033,33.279881],[126.732033,33.280762],[126.732323,33.281349],[126.734085,33.281349],[126.735847,33.279591],[126.736725,33.280468],[126.73819,33.280468],[126.739075,33.279591],[126.739952,33.279591],[126.740829,33.278709],[126.741714,33.279591],[126.743179,33.279591],[126.744942,33.281055],[126.745819,33.281349],[126.747581,33.282818],[126.748161,33.282818],[126.749046,33.283695],[126.749924,33.283695],[126.750221,33.284283],[126.750511,33.28487],[126.749634,33.285748],[126.749634,33.28751],[126.749924,33.287804],[126.754913,33.287804],[126.75843,33.291325],[126.759018,33.291325],[126.759895,33.292202],[126.761658,33.292202],[126.762543,33.292789],[126.76342,33.292789],[126.76371,33.293377],[126.76371,33.294842],[126.764595,33.295723],[126.764595,33.297485],[126.765472,33.298363],[126.765472,33.299244],[126.766647,33.300419],[126.767525,33.300419],[126.76841,33.301296],[126.771629,33.301296],[126.772514,33.302177],[126.773392,33.302177],[126.77361976,33.30240246],[126.773689,33.302471],[126.773689,33.30423],[126.774567,33.305111],[126.774567,33.305698],[126.77485332,33.30627855],[126.77568662,33.3013329],[126.77618872,33.29936443],[126.7762388,33.29916807]]]]}},{"type":"Feature","properties":{"sterm_parent":"경남서부남해앞바다","fcst_kor_nm":"경남서부남해앞바다","zone_id":"S1311200"},"geometry":{"type":"MultiPolygon","coordinates":[[[[128.41571143,34.8761806],[128.41752532,34.87430253],[128.415472,34.875],[128.41571143,34.8761806]]],[[[128.035361,35.024167],[128.036694,35.018722],[128.044167,35.023722],[128.049556,35.016667],[128.039556,34.994167],[128.052083,34.975833],[128.050028,34.969583],[128.030361,34.958306],[128.048333,34.932917],[128.054167,34.928722],[128.061639,34.929583],[128.061639,34.925389],[128.069972,34.926222],[128.07,34.922889],[128.074194,34.922056],[128.077472,34.926278],[128.085,34.926194],[128.089528,34.922472],[128.088361,34.917944],[128.0975,34.925389],[128.099139,34.920417],[128.102444,34.924556],[128.104167,34.922056],[128.115806,34.924556],[128.116667,34.920361],[128.121667,34.922083],[128.116667,34.915389],[128.104167,34.915417],[128.103694,34.913306],[128.113278,34.905417],[128.119167,34.908722],[128.11875,34.904139],[128.125028,34.900389],[128.1325,34.888694],[128.142028,34.894972],[128.142528,34.902917],[128.15,34.899528],[128.147083,34.904167],[128.155833,34.907944],[128.1625,34.899556],[128.167472,34.901194],[128.169139,34.897083],[128.175,34.895417],[128.172889,34.903306],[128.175833,34.907056],[128.181639,34.895417],[128.185389,34.896639],[128.188361,34.905417],[128.187917,34.894139],[128.196694,34.892917],[128.203722,34.896639],[128.197056,34.909139],[128.204556,34.9275],[128.20125,34.929944],[128.203722,34.933333],[128.197944,34.935833],[128.200806,34.939556],[128.206639,34.939556],[128.209111,34.93625],[128.213306,34.942056],[128.218361,34.939556],[128.222444,34.945361],[128.228333,34.941222],[128.237556,34.940417],[128.245,34.94375],[128.245,34.935389],[128.249611,34.937472],[128.250806,34.942056],[128.255833,34.937056],[128.265833,34.938722],[128.26875,34.935],[128.267028,34.929167],[128.264167,34.927083],[128.26,34.93125],[128.257056,34.929167],[128.267056,34.918333],[128.265389,34.9125],[128.270056,34.912917],[128.274583,34.909167],[128.274528,34.905833],[128.270389,34.904167],[128.272528,34.899583],[128.275,34.902917],[128.282889,34.904167],[128.282528,34.916194],[128.287417,34.909583],[128.300389,34.912472],[128.298806,34.915833],[128.303778,34.920778],[128.300389,34.922472],[128.302861,34.926611],[128.299583,34.927472],[128.300361,34.935833],[128.307472,34.936222],[128.308306,34.939528],[128.314111,34.937917],[128.321194,34.945],[128.320833,34.947056],[128.31625,34.946611],[128.319556,34.950833],[128.319167,34.959583],[128.325,34.955389],[128.332472,34.955417],[128.329583,34.9475],[128.333306,34.944611],[128.339972,34.947028],[128.342111,34.942472],[128.331194,34.936694],[128.338306,34.935417],[128.342472,34.937889],[128.345417,34.935],[128.344139,34.930389],[128.337944,34.930833],[128.339139,34.927917],[128.343722,34.928333],[128.339167,34.924583],[128.335806,34.925361],[128.334528,34.920778],[128.349222,34.922917],[128.346222,34.92],[128.354583,34.917444],[128.351194,34.915833],[128.354583,34.909167],[128.346611,34.904528],[128.333306,34.90875],[128.299139,34.906278],[128.296194,34.899944],[128.308722,34.891611],[128.307861,34.884972],[128.318333,34.878722],[128.327444,34.885361],[128.327472,34.87625],[128.335806,34.87625],[128.334167,34.881222],[128.340861,34.88125],[128.341222,34.874167],[128.3475,34.872083],[128.350444,34.881639],[128.347444,34.887083],[128.356222,34.877444],[128.355778,34.870389],[128.374972,34.868722],[128.370417,34.883306],[128.376611,34.880417],[128.379583,34.884944],[128.367083,34.899139],[128.3725,34.899583],[128.382944,34.884111],[128.381278,34.872472],[128.38875,34.873306],[128.385833,34.867056],[128.400778,34.864556],[128.407444,34.866194],[128.410833,34.862889],[128.415778,34.865389],[128.428778,34.857472],[128.414194,34.860389],[128.4125,34.857056],[128.408333,34.861222],[128.396639,34.85875],[128.396639,34.862083],[128.388278,34.862889],[128.386667,34.859556],[128.382917,34.860806],[128.384194,34.855417],[128.369556,34.849972],[128.375361,34.845028],[128.370444,34.843333],[128.372472,34.840417],[128.376667,34.838722],[128.383306,34.842889],[128.387083,34.840833],[128.383694,34.8375],[128.384972,34.832056],[128.392444,34.833778],[128.393333,34.827917],[128.396667,34.827889],[128.4,34.834556],[128.406222,34.830806],[128.393306,34.822083],[128.392556,34.826222],[128.385,34.829556],[128.387472,34.813694],[128.382917,34.823306],[128.377056,34.826639],[128.378333,34.829583],[128.375,34.827889],[128.37,34.833722],[128.366667,34.830417],[128.365806,34.83375],[128.357472,34.83125],[128.357917,34.84],[128.353306,34.842028],[128.347083,34.839944],[128.348722,34.834111],[128.344972,34.832028],[128.343722,34.839972],[128.336611,34.842056],[128.342083,34.833333],[128.340417,34.828333],[128.335,34.833694],[128.336222,34.827472],[128.331667,34.829556],[128.330389,34.824972],[128.338306,34.81625],[128.346639,34.82375],[128.358306,34.82375],[128.379972,34.813722],[128.376194,34.807472],[128.380389,34.804167],[128.376222,34.803333],[128.377917,34.799972],[128.371667,34.802056],[128.372472,34.79875],[128.369167,34.800389],[128.364556,34.794972],[128.3725,34.792889],[128.375861,34.787889],[128.377889,34.794194],[128.383306,34.796278],[128.382944,34.791639],[128.390389,34.788306],[128.386194,34.780833],[128.387917,34.775861],[128.397028,34.779167],[128.395417,34.772444],[128.398306,34.764556],[128.406611,34.767083],[128.4075,34.761222],[128.419972,34.763694],[128.424139,34.76125],[128.425389,34.769972],[128.435389,34.780778],[128.427528,34.787028],[128.421694,34.786222],[128.418722,34.7925],[128.433361,34.788722],[128.439583,34.793333],[128.438361,34.797917],[128.432917,34.8],[128.432028,34.805833],[128.435833,34.801222],[128.442083,34.801639],[128.441194,34.824944],[128.436639,34.824583],[128.419972,34.832917],[128.409583,34.833333],[128.416694,34.83875],[128.424139,34.838722],[128.425806,34.843722],[128.428278,34.837083],[128.434972,34.836194],[128.430806,34.84375],[128.443306,34.842083],[128.451667,34.845389],[128.453694,34.855806],[128.448722,34.8625],[128.449972,34.865361],[128.457056,34.864139],[128.453667,34.870806],[128.45564686,34.87660185],[128.45888196,34.87585968],[128.460417,34.871639],[128.466611,34.870417],[128.46684876,34.87175385],[128.46691895,34.8717041],[128.59130859,34.86468506],[128.69290968,34.84841732],[128.67006686,34.82462271],[128.64627225,34.81439103],[128.61819461,34.74443488],[128.61295979,34.72111616],[128.60153838,34.71635724],[128.59405974,34.71484866],[128.58063958,34.70504528],[128.58016425,34.70251504],[128.58014841,34.68757372],[128.57878613,34.68101553],[128.57878613,34.67810866],[128.57830165,34.67399059],[128.57805941,34.67035701],[128.57733269,34.66526999],[128.57684822,34.66187864],[128.5761215,34.65897177],[128.5749103,34.65436923],[128.5761017,34.64900257],[128.57378743,34.64171282],[128.56290932,34.63393456],[128.55543035,34.62975555],[128.54898873,34.62486016],[128.54891021,34.62243811],[128.54841766,34.62136735],[128.54838197,34.62097474],[128.54878886,34.61926867],[128.54891021,34.61851914],[128.5489,34.6181],[128.239445,34.611112],[127.805834,34.408056],[127.833232,34.420715],[127.83333309,34.80309792],[127.83333333,34.80424847],[127.80340905,34.85797396],[127.82024199,34.90252798],[127.76030722,34.9665011],[127.75965449,34.96703547],[127.762028,34.97],[127.762889,34.981639],[127.765833,34.980417],[127.774111,34.984556],[127.779583,34.998306],[127.785778,34.999556],[127.7875,34.991222],[127.798306,34.995389],[127.805444,34.993278],[127.795,34.992889],[127.771667,34.980417],[127.767917,34.975],[127.770833,34.966194],[127.776667,34.967056],[127.785861,34.961194],[127.789972,34.96125],[127.794972,34.967083],[127.804139,34.967056],[127.807528,34.963778],[127.811694,34.965417],[127.814139,34.955417],[127.818278,34.961222],[127.820833,34.957083],[127.824583,34.957472],[127.81875,34.953278],[127.821278,34.951639],[127.818722,34.944972],[127.8225,34.942889],[127.826667,34.952889],[127.835444,34.953333],[127.83125,34.960778],[127.834583,34.963333],[127.832889,34.970028],[127.835806,34.97125],[127.839556,34.9675],[127.837028,34.963306],[127.840861,34.954583],[127.844972,34.962056],[127.847083,34.959972],[127.845389,34.951639],[127.849194,34.94625],[127.856639,34.949583],[127.874972,34.944556],[127.881694,34.947861],[127.884111,34.953722],[127.893694,34.954167],[127.890444,34.958306],[127.891611,34.963694],[127.89625,34.964139],[127.898278,34.955389],[127.902944,34.965806],[127.900389,34.969167],[127.912861,34.971639],[127.912861,34.987472],[127.916194,34.988306],[127.919167,34.980389],[127.922889,34.987528],[127.917917,34.991667],[127.922056,34.9925],[127.918722,34.9975],[127.92375,35.000833],[127.920389,35.004167],[127.924111,35.007889],[127.930806,35.006222],[127.93875,34.9975],[127.934583,34.995],[127.934611,34.9875],[127.936611,34.985417],[127.94,34.987889],[127.940806,34.983722],[127.944583,34.983306],[127.935417,34.981667],[127.951639,34.974528],[127.953694,34.977472],[127.949583,34.979167],[127.952111,34.981639],[127.949583,34.983333],[127.958361,34.982889],[127.954556,34.9875],[127.957083,34.991667],[127.961639,34.987056],[127.971639,34.999556],[127.973722,34.984972],[127.983306,34.974583],[127.985833,34.977056],[127.99,34.975389],[127.992083,34.978333],[127.987528,34.977944],[127.985833,34.982917],[127.992889,34.980778],[127.988306,34.98625],[127.98125,34.988306],[127.983278,34.992917],[127.994111,34.982861],[127.996194,34.984139],[127.988333,34.995417],[127.995806,34.992083],[127.999111,34.994583],[128.002111,34.9925],[128.000361,34.989944],[128.00625,34.986694],[128.004583,34.9825],[128.008306,34.982056],[128.012083,34.986611],[128.008722,34.994139],[128.015417,34.990833],[128.019556,35.004972],[128.016639,35.012056],[128.007917,35.015806],[128.008778,35.023306],[128.025417,35.034167],[128.030389,35.049139],[128.026222,35.056667],[128.032889,35.061639],[128.033694,35.068361],[128.047472,35.07625],[128.053389,35.08625],[128.057472,35.086222],[128.061194,35.082472],[128.060361,35.075833],[128.054194,35.06875],[128.047917,35.0675],[128.046194,35.054139],[128.03875,35.0425],[128.042028,35.029139],[128.035361,35.024167]]]]}},{"type":"Feature","properties":{"sterm_parent":"경남서부남해앞바다","fcst_kor_nm":"경남서부남해앞바다","zone_id":"S1311200"},"geometry":{"type":"MultiPolygon","coordinates":[[[[128.41571143,34.8761806],[128.41752532,34.87430253],[128.415472,34.875],[128.41571143,34.8761806]]],[[[128.035361,35.024167],[128.036694,35.018722],[128.044167,35.023722],[128.049556,35.016667],[128.039556,34.994167],[128.052083,34.975833],[128.050028,34.969583],[128.030361,34.958306],[128.048333,34.932917],[128.054167,34.928722],[128.061639,34.929583],[128.061639,34.925389],[128.069972,34.926222],[128.07,34.922889],[128.074194,34.922056],[128.077472,34.926278],[128.085,34.926194],[128.089528,34.922472],[128.088361,34.917944],[128.0975,34.925389],[128.099139,34.920417],[128.102444,34.924556],[128.104167,34.922056],[128.115806,34.924556],[128.116667,34.920361],[128.121667,34.922083],[128.116667,34.915389],[128.104167,34.915417],[128.103694,34.913306],[128.113278,34.905417],[128.119167,34.908722],[128.11875,34.904139],[128.125028,34.900389],[128.1325,34.888694],[128.142028,34.894972],[128.142528,34.902917],[128.15,34.899528],[128.147083,34.904167],[128.155833,34.907944],[128.1625,34.899556],[128.167472,34.901194],[128.169139,34.897083],[128.175,34.895417],[128.172889,34.903306],[128.175833,34.907056],[128.181639,34.895417],[128.185389,34.896639],[128.188361,34.905417],[128.187917,34.894139],[128.196694,34.892917],[128.203722,34.896639],[128.197056,34.909139],[128.204556,34.9275],[128.20125,34.929944],[128.203722,34.933333],[128.197944,34.935833],[128.200806,34.939556],[128.206639,34.939556],[128.209111,34.93625],[128.213306,34.942056],[128.218361,34.939556],[128.222444,34.945361],[128.228333,34.941222],[128.237556,34.940417],[128.245,34.94375],[128.245,34.935389],[128.249611,34.937472],[128.250806,34.942056],[128.255833,34.937056],[128.265833,34.938722],[128.26875,34.935],[128.267028,34.929167],[128.264167,34.927083],[128.26,34.93125],[128.257056,34.929167],[128.267056,34.918333],[128.265389,34.9125],[128.270056,34.912917],[128.274583,34.909167],[128.274528,34.905833],[128.270389,34.904167],[128.272528,34.899583],[128.275,34.902917],[128.282889,34.904167],[128.282528,34.916194],[128.287417,34.909583],[128.300389,34.912472],[128.298806,34.915833],[128.303778,34.920778],[128.300389,34.922472],[128.302861,34.926611],[128.299583,34.927472],[128.300361,34.935833],[128.307472,34.936222],[128.308306,34.939528],[128.314111,34.937917],[128.321194,34.945],[128.320833,34.947056],[128.31625,34.946611],[128.319556,34.950833],[128.319167,34.959583],[128.325,34.955389],[128.332472,34.955417],[128.329583,34.9475],[128.333306,34.944611],[128.339972,34.947028],[128.342111,34.942472],[128.331194,34.936694],[128.338306,34.935417],[128.342472,34.937889],[128.345417,34.935],[128.344139,34.930389],[128.337944,34.930833],[128.339139,34.927917],[128.343722,34.928333],[128.339167,34.924583],[128.335806,34.925361],[128.334528,34.920778],[128.349222,34.922917],[128.346222,34.92],[128.354583,34.917444],[128.351194,34.915833],[128.354583,34.909167],[128.346611,34.904528],[128.333306,34.90875],[128.299139,34.906278],[128.296194,34.899944],[128.308722,34.891611],[128.307861,34.884972],[128.318333,34.878722],[128.327444,34.885361],[128.327472,34.87625],[128.335806,34.87625],[128.334167,34.881222],[128.340861,34.88125],[128.341222,34.874167],[128.3475,34.872083],[128.350444,34.881639],[128.347444,34.887083],[128.356222,34.877444],[128.355778,34.870389],[128.374972,34.868722],[128.370417,34.883306],[128.376611,34.880417],[128.379583,34.884944],[128.367083,34.899139],[128.3725,34.899583],[128.382944,34.884111],[128.381278,34.872472],[128.38875,34.873306],[128.385833,34.867056],[128.400778,34.864556],[128.407444,34.866194],[128.410833,34.862889],[128.415778,34.865389],[128.428778,34.857472],[128.414194,34.860389],[128.4125,34.857056],[128.408333,34.861222],[128.396639,34.85875],[128.396639,34.862083],[128.388278,34.862889],[128.386667,34.859556],[128.382917,34.860806],[128.384194,34.855417],[128.369556,34.849972],[128.375361,34.845028],[128.370444,34.843333],[128.372472,34.840417],[128.376667,34.838722],[128.383306,34.842889],[128.387083,34.840833],[128.383694,34.8375],[128.384972,34.832056],[128.392444,34.833778],[128.393333,34.827917],[128.396667,34.827889],[128.4,34.834556],[128.406222,34.830806],[128.393306,34.822083],[128.392556,34.826222],[128.385,34.829556],[128.387472,34.813694],[128.382917,34.823306],[128.377056,34.826639],[128.378333,34.829583],[128.375,34.827889],[128.37,34.833722],[128.366667,34.830417],[128.365806,34.83375],[128.357472,34.83125],[128.357917,34.84],[128.353306,34.842028],[128.347083,34.839944],[128.348722,34.834111],[128.344972,34.832028],[128.343722,34.839972],[128.336611,34.842056],[128.342083,34.833333],[128.340417,34.828333],[128.335,34.833694],[128.336222,34.827472],[128.331667,34.829556],[128.330389,34.824972],[128.338306,34.81625],[128.346639,34.82375],[128.358306,34.82375],[128.379972,34.813722],[128.376194,34.807472],[128.380389,34.804167],[128.376222,34.803333],[128.377917,34.799972],[128.371667,34.802056],[128.372472,34.79875],[128.369167,34.800389],[128.364556,34.794972],[128.3725,34.792889],[128.375861,34.787889],[128.377889,34.794194],[128.383306,34.796278],[128.382944,34.791639],[128.390389,34.788306],[128.386194,34.780833],[128.387917,34.775861],[128.397028,34.779167],[128.395417,34.772444],[128.398306,34.764556],[128.406611,34.767083],[128.4075,34.761222],[128.419972,34.763694],[128.424139,34.76125],[128.425389,34.769972],[128.435389,34.780778],[128.427528,34.787028],[128.421694,34.786222],[128.418722,34.7925],[128.433361,34.788722],[128.439583,34.793333],[128.438361,34.797917],[128.432917,34.8],[128.432028,34.805833],[128.435833,34.801222],[128.442083,34.801639],[128.441194,34.824944],[128.436639,34.824583],[128.419972,34.832917],[128.409583,34.833333],[128.416694,34.83875],[128.424139,34.838722],[128.425806,34.843722],[128.428278,34.837083],[128.434972,34.836194],[128.430806,34.84375],[128.443306,34.842083],[128.451667,34.845389],[128.453694,34.855806],[128.448722,34.8625],[128.449972,34.865361],[128.457056,34.864139],[128.453667,34.870806],[128.45564686,34.87660185],[128.45888196,34.87585968],[128.460417,34.871639],[128.466611,34.870417],[128.46684876,34.87175385],[128.46691895,34.8717041],[128.59130859,34.86468506],[128.69290968,34.84841732],[128.67006686,34.82462271],[128.64627225,34.81439103],[128.61819461,34.74443488],[128.61295979,34.72111616],[128.60153838,34.71635724],[128.59405974,34.71484866],[128.58063958,34.70504528],[128.58016425,34.70251504],[128.58014841,34.68757372],[128.57878613,34.68101553],[128.57878613,34.67810866],[128.57830165,34.67399059],[128.57805941,34.67035701],[128.57733269,34.66526999],[128.57684822,34.66187864],[128.5761215,34.65897177],[128.5749103,34.65436923],[128.5761017,34.64900257],[128.57378743,34.64171282],[128.56290932,34.63393456],[128.55543035,34.62975555],[128.54898873,34.62486016],[128.54891021,34.62243811],[128.54841766,34.62136735],[128.54838197,34.62097474],[128.54878886,34.61926867],[128.54891021,34.61851914],[128.5489,34.6181],[128.239445,34.611112],[127.805834,34.408056],[127.833232,34.420715],[127.83333309,34.80309792],[127.83333333,34.80424847],[127.80340905,34.85797396],[127.82024199,34.90252798],[127.76030722,34.9665011],[127.75965449,34.96703547],[127.762028,34.97],[127.762889,34.981639],[127.765833,34.980417],[127.774111,34.984556],[127.779583,34.998306],[127.785778,34.999556],[127.7875,34.991222],[127.798306,34.995389],[127.805444,34.993278],[127.795,34.992889],[127.771667,34.980417],[127.767917,34.975],[127.770833,34.966194],[127.776667,34.967056],[127.785861,34.961194],[127.789972,34.96125],[127.794972,34.967083],[127.804139,34.967056],[127.807528,34.963778],[127.811694,34.965417],[127.814139,34.955417],[127.818278,34.961222],[127.820833,34.957083],[127.824583,34.957472],[127.81875,34.953278],[127.821278,34.951639],[127.818722,34.944972],[127.8225,34.942889],[127.826667,34.952889],[127.835444,34.953333],[127.83125,34.960778],[127.834583,34.963333],[127.832889,34.970028],[127.835806,34.97125],[127.839556,34.9675],[127.837028,34.963306],[127.840861,34.954583],[127.844972,34.962056],[127.847083,34.959972],[127.845389,34.951639],[127.849194,34.94625],[127.856639,34.949583],[127.874972,34.944556],[127.881694,34.947861],[127.884111,34.953722],[127.893694,34.954167],[127.890444,34.958306],[127.891611,34.963694],[127.89625,34.964139],[127.898278,34.955389],[127.902944,34.965806],[127.900389,34.969167],[127.912861,34.971639],[127.912861,34.987472],[127.916194,34.988306],[127.919167,34.980389],[127.922889,34.987528],[127.917917,34.991667],[127.922056,34.9925],[127.918722,34.9975],[127.92375,35.000833],[127.920389,35.004167],[127.924111,35.007889],[127.930806,35.006222],[127.93875,34.9975],[127.934583,34.995],[127.934611,34.9875],[127.936611,34.985417],[127.94,34.987889],[127.940806,34.983722],[127.944583,34.983306],[127.935417,34.981667],[127.951639,34.974528],[127.953694,34.977472],[127.949583,34.979167],[127.952111,34.981639],[127.949583,34.983333],[127.958361,34.982889],[127.954556,34.9875],[127.957083,34.991667],[127.961639,34.987056],[127.971639,34.999556],[127.973722,34.984972],[127.983306,34.974583],[127.985833,34.977056],[127.99,34.975389],[127.992083,34.978333],[127.987528,34.977944],[127.985833,34.982917],[127.992889,34.980778],[127.988306,34.98625],[127.98125,34.988306],[127.983278,34.992917],[127.994111,34.982861],[127.996194,34.984139],[127.988333,34.995417],[127.995806,34.992083],[127.999111,34.994583],[128.002111,34.9925],[128.000361,34.989944],[128.00625,34.986694],[128.004583,34.9825],[128.008306,34.982056],[128.012083,34.986611],[128.008722,34.994139],[128.015417,34.990833],[128.019556,35.004972],[128.016639,35.012056],[128.007917,35.015806],[128.008778,35.023306],[128.025417,35.034167],[128.030389,35.049139],[128.026222,35.056667],[128.032889,35.061639],[128.033694,35.068361],[128.047472,35.07625],[128.053389,35.08625],[128.057472,35.086222],[128.061194,35.082472],[128.060361,35.075833],[128.054194,35.06875],[128.047917,35.0675],[128.046194,35.054139],[128.03875,35.0425],[128.042028,35.029139],[128.035361,35.024167]]]]}}]}