{"type":"FeatureCollection","features":[{"type":"Feature","properties":{"name":"안산","parents":["경기도","인천경기남부앞바다중북부앞평수구역","인천경기남부앞바다중남부앞평수구역"]},"geometry":{"type":"MultiPolygon","coordinates":[[[[126.45824,37.09304],[126.46098,37.08842],[126.45554,37.09131],[126.45824,37.09304]]],[[[126.38365,37.11484],[126.39376,37.11313],[126.39519,37.10175],[126.39245,37.09916],[126.38025,37.10706],[126.37885,37.11116],[126.38365,37.11484]]],[[[126.44791,37.10453],[126.45271,37.09576],[126.44907,37.09551],[126.44791,37.10453]]],[[[126.71754,37.30828],[126.73854,37.32967],[126.74655,37.32472],[126.74972,37.33356],[126.76061,37.34113],[126.77236,37.34318],[126.78355,37.34036],[126.78441,37.33676],[126.79318,37.34357],[126.79029,37.35027],[126.79541,37.35507],[126.80517,37.35291],[126.81656,37.35772],[126.82428,37.36591],[126.83201,37.36167],[126.84827,37.36477],[126.85583,37.35945],[126.86371,37.36147],[126.88164,37.37592],[126.89062,37.37545],[126.89641,37.35945],[126.88689,37.34694],[126.88545,37.3388],[126.87344,37.32922],[126.87429,37.32108],[126.88271,37.32106],[126.88736,37.31764],[126.90759,37.32186],[126.91185,37.31834],[126.91024,37.31667],[126.91574,37.31568],[126.91656,37.30689],[126.93024,37.30722],[126.93238,37.30086],[126.93936,37.29661],[126.92914,37.28597],[126.92729,37.27881],[126.91425,37.29081],[126.90093,37.29143],[126.88984,37.28199],[126.87904,37.28561],[126.87361,37.27977],[126.86196,37.28066],[126.86313,37.27306],[126.8581,37.27414],[126.84391,37.26749],[126.83777,37.27645],[126.82803,37.27961],[126.82578,37.28635],[126.81426,37.29499],[126.81723,37.29798],[126.78451,37.29438],[126.78253,37.29171],[126.76764,37.29253],[126.73267,37.30076],[126.71754,37.30828]]],[[[126.61136,37.27856],[126.61217,37.2785],[126.61175,37.27835],[126.61136,37.27856]]],[[[126.62944,37.27951],[126.63062,37.28051],[126.63493,37.27658],[126.62944,37.27951]]],[[[126.61217,37.2785],[126.6296,37.2847],[126.62806,37.28251],[126.61217,37.2785]]],[[[126.61756,37.22756],[126.61776,37.22386],[126.61462,37.22386],[126.61756,37.22756]]],[[[126.61136,37.27856],[126.58922,37.28997],[126.58879,37.28424],[126.61856,37.26713],[126.62366,37.26516],[126.62502,37.26805],[126.63826,37.27155],[126.64409,37.26628],[126.63789,37.25852],[126.6377,37.25101],[126.65189,37.23065],[126.65536,37.21522],[126.65384,37.20353],[126.64575,37.18963],[126.64275,37.18961],[126.64108,37.1975],[126.6416,37.20439],[126.64684,37.21088],[126.62693,37.21867],[126.62207,37.23621],[126.61894,37.22954],[126.61087,37.23394],[126.61035,37.2294],[126.60031,37.22822],[126.59142,37.23399],[126.61102,37.21942],[126.61527,37.20935],[126.60821,37.20985],[126.60029,37.2175],[126.59058,37.21349],[126.58674,37.22063],[126.5768,37.22203],[126.5694,37.20672],[126.56952,37.19923],[126.56391,37.19415],[126.54962,37.20553],[126.54273,37.20582],[126.53833,37.19852],[126.53382,37.1991],[126.53982,37.20709],[126.54502,37.20632],[126.54324,37.21462],[126.55354,37.21443],[126.55711,37.21788],[126.54211,37.22504],[126.54085,37.22717],[126.54462,37.23011],[126.5429,37.23412],[126.55382,37.23335],[126.5673,37.23702],[126.56128,37.24198],[126.55988,37.2484],[126.56359,37.2563],[126.55957,37.25817],[126.55859,37.26686],[126.55004,37.27406],[126.54852,37.27981],[126.53402,37.28767],[126.55165,37.28159],[126.55569,37.28353],[126.55649,37.27673],[126.56167,37.27734],[126.56774,37.28062],[126.56578,37.28353],[126.5772,37.29015],[126.57365,37.29632],[126.57785,37.2931],[126.60497,37.30913],[126.60614,37.31262],[126.6144,37.31445],[126.57805,37.29282],[126.58298,37.29088],[126.5844,37.2846],[126.58917,37.29031],[126.61136,37.27856]]]]}},{"type":"Feature","properties":{"name":"화성","parents":["경기도","인천경기남부앞바다중북부앞평수구역","인천경기남부앞바다중남부앞평수구역"]},"geometry":{"type":"MultiPolygon","coordinates":[[[[126.55755,37.0633],[126.56017,37.06199],[126.55293,37.05929],[126.55755,37.0633]]],[[[126.54243,37.1046],[126.5395,37.09903],[126.536,37.11338],[126.54093,37.1119],[126.54243,37.1046]]],[[[126.66314,37.14011],[126.66271,37.13973],[126.66036,37.13789],[126.66314,37.14011]]],[[[126.62525,37.17611],[126.63002,37.17332],[126.61898,37.15783],[126.61618,37.17287],[126.6221,37.17963],[126.62525,37.17611]]],[[[126.6492,37.18605],[126.64886,37.18585],[126.64866,37.18663],[126.6492,37.18605]]],[[[126.8497,37.25947],[126.84984,37.266],[126.85744,37.27267],[126.86384,37.27221],[126.87531,37.2774],[126.86392,37.27281],[126.86196,37.28066],[126.87361,37.27977],[126.87904,37.28561],[126.88984,37.28199],[126.90093,37.29143],[126.91425,37.29081],[126.92854,37.2765],[126.92706,37.27134],[126.93064,37.26108],[126.93579,37.25686],[126.95008,37.25571],[126.95757,37.24001],[126.9729,37.22873],[126.98107,37.23253],[126.98474,37.23081],[126.98767,37.23424],[126.99769,37.22918],[126.99828,37.22562],[127.0027,37.22994],[127.02072,37.22552],[127.02414,37.22744],[127.0232,37.23089],[127.02999,37.23122],[127.04123,37.2391],[127.04608,37.23285],[127.05378,37.23233],[127.06765,37.24014],[127.0697,37.22865],[127.07482,37.22819],[127.07776,37.22293],[127.08881,37.21618],[127.11758,37.22002],[127.13668,37.21553],[127.15069,37.22001],[127.15733,37.20695],[127.15292,37.19728],[127.16084,37.19239],[127.1585,37.1837],[127.16066,37.17984],[127.14838,37.16978],[127.13302,37.16897],[127.13408,37.16509],[127.12798,37.15988],[127.13046,37.15182],[127.12786,37.14744],[127.10434,37.14173],[127.0952,37.15855],[127.07987,37.16138],[127.0713,37.16824],[127.07213,37.18194],[127.06518,37.18639],[127.0686,37.1906],[127.06444,37.19905],[127.04636,37.19606],[127.02736,37.19971],[127.00804,37.19308],[127.00978,37.1873],[127.00594,37.18649],[127.00274,37.1818],[127.00507,37.18128],[126.99513,37.17715],[127.00625,37.16828],[127.02528,37.16482],[127.02992,37.15884],[127.0278,37.15419],[127.03521,37.13575],[126.99754,37.12533],[126.9998,37.1206],[126.99508,37.11624],[126.99754,37.11469],[126.99423,37.1144],[126.99949,37.11163],[126.99598,37.11019],[126.99834,37.09311],[126.99536,37.09009],[127.00022,37.08602],[126.99169,37.08792],[126.99627,37.07865],[126.99041,37.07682],[126.99686,37.07216],[126.99586,37.06954],[126.96914,37.07317],[126.96465,37.06784],[126.94905,37.06877],[126.94853,37.06163],[126.94035,37.0607],[126.93218,37.0623],[126.93023,37.06719],[126.91496,37.06565],[126.90557,37.06945],[126.90533,37.07351],[126.8977,37.06862],[126.88374,37.06699],[126.87744,37.05273],[126.85114,37.01839],[126.83402,37.01338],[126.79767,37.0134],[126.79517,37.02563],[126.79072,37.02887],[126.74962,37.0301],[126.7466,37.03602],[126.73954,37.03952],[126.74532,37.03671],[126.74881,37.04886],[126.75668,37.05546],[126.68256,37.11323],[126.6755,37.1158],[126.6807,37.11542],[126.67518,37.11827],[126.68472,37.11914],[126.67508,37.13787],[126.67957,37.14314],[126.66314,37.14011],[126.68074,37.14424],[126.68267,37.14837],[126.69466,37.15227],[126.69122,37.15719],[126.68245,37.16047],[126.65233,37.15454],[126.66109,37.16299],[126.65468,37.17416],[126.66002,37.17642],[126.66992,37.18922],[126.65823,37.19007],[126.65276,37.18251],[126.65,37.18297],[126.6492,37.18605],[126.65526,37.18958],[126.65194,37.1916],[126.6607,37.22352],[126.64779,37.24385],[126.64638,37.25813],[126.65434,37.26714],[126.64497,37.27841],[126.65292,37.28339],[126.65755,37.28281],[126.66137,37.29138],[126.64796,37.29257],[126.63316,37.28889],[126.62933,37.28491],[126.63292,37.28907],[126.64818,37.29286],[126.6617,37.29255],[126.6617,37.286],[126.67352,37.2884],[126.68495,37.28124],[126.67921,37.27428],[126.67332,37.27232],[126.67384,37.26831],[126.68027,37.2682],[126.68605,37.27275],[126.69106,37.27263],[126.69739,37.2806],[126.69996,37.27984],[126.69951,37.2731],[126.70025,37.27699],[126.70548,37.27867],[126.70999,37.27626],[126.70941,37.27953],[126.71332,37.28107],[126.72102,37.27653],[126.72173,37.27189],[126.72371,37.276],[126.72971,37.27315],[126.72168,37.28909],[126.73163,37.29258],[126.75255,37.2863],[126.7541,37.28124],[126.75538,37.28655],[126.76486,37.28616],[126.77156,37.27578],[126.77364,37.28872],[126.81361,37.29297],[126.82312,37.28679],[126.82753,37.27735],[126.83667,37.27564],[126.84651,37.26398],[126.84535,37.26009],[126.8497,37.25947]],[[126.8497,37.25947],[126.84966,37.2575],[126.85015,37.25941],[126.8497,37.25947]],[[126.6864,37.11517],[126.68399,37.11352],[126.73354,37.07462],[126.73528,37.07641],[126.73038,37.08576],[126.72533,37.1184],[126.72943,37.12497],[126.74613,37.13793],[126.75503,37.14095],[126.80352,37.14881],[126.75615,37.14497],[126.73869,37.13961],[126.75366,37.15317],[126.77804,37.15772],[126.78817,37.16651],[126.7918,37.17429],[126.77393,37.15788],[126.75942,37.15673],[126.75995,37.16487],[126.74717,37.16758],[126.746,37.16043],[126.75129,37.15512],[126.70701,37.12036],[126.6864,37.11517]]],[[[126.72573,37.04449],[126.73081,37.04628],[126.73409,37.04587],[126.72573,37.04449]]],[[[126.64999,37.11452],[126.64581,37.11741],[126.64072,37.1149],[126.63589,37.11907],[126.61202,37.11712],[126.61216,37.12288],[126.61435,37.12511],[126.62152,37.12025],[126.63976,37.12047],[126.65232,37.11617],[126.64999,37.11452]]]]}},{"type":"Feature","properties":{"name":"옹진","parents":["인천","인천경기북부앞바다중평수구역","인천경기남부앞바다중북부앞평수구역","서해5도","인천경기남부앞바다중먼평수구역","인천경기남부앞바다중남부앞평수구역"]},"geometry":{"type":"MultiPolygon","coordinates":[[[[125.82063,36.96461],[125.81836,36.96302],[125.8166,36.96581],[125.81896,36.96786],[125.82063,36.96461]]],[[[125.98001,37.03783],[125.98074,37.04025],[125.98829,37.04034],[125.99447,37.0371],[125.99058,37.03061],[125.99343,37.02734],[126.00525,37.02347],[126.01431,37.02503],[125.99626,37.0173],[125.99221,37.01966],[125.99331,37.02445],[125.97869,37.03348],[125.98001,37.03783]]],[[[126.02777,37.0414],[126.02851,37.04263],[126.02981,37.04168],[126.02777,37.0414]]],[[[126.01597,37.07804],[126.02146,37.07822],[126.02015,37.07053],[126.01627,37.06768],[126.01359,37.0686],[126.01768,37.07352],[126.01597,37.07804]]],[[[125.94038,37.0661],[125.94303,37.0686],[125.9454,37.06669],[125.94038,37.0661]]],[[[125.94736,37.08921],[125.95018,37.09344],[125.95635,37.09297],[125.95861,37.08918],[125.96751,37.08767],[125.96447,37.08076],[125.95221,37.08602],[125.95342,37.07793],[125.94921,37.07518],[125.95278,37.06886],[125.95028,37.06694],[125.94613,37.0685],[125.94808,37.0746],[125.94524,37.07767],[125.94214,37.0763],[125.9414,37.08163],[125.9469,37.08276],[125.94736,37.08921]]],[[[125.96807,37.05848],[125.96802,37.05911],[125.9691,37.05922],[125.96807,37.05848]]],[[[125.99529,37.05809],[125.99219,37.06295],[125.99646,37.06602],[126.00032,37.05974],[125.99529,37.05809]]],[[[126.07448,37.10674],[126.0822,37.10798],[126.09035,37.0997],[126.07871,37.08674],[126.06955,37.08324],[126.06237,37.08893],[126.06668,37.09648],[126.06072,37.09483],[126.06065,37.0971],[126.06872,37.1055],[126.07448,37.10674]]],[[[126.01834,37.13103],[126.02193,37.13314],[126.02541,37.13044],[126.0216,37.12345],[126.01843,37.12564],[126.01834,37.13103]]],[[[126.30039,37.13732],[126.30637,37.1376],[126.30713,37.1318],[126.30039,37.13732]]],[[[126.02285,37.14122],[126.02543,37.13649],[126.02271,37.1397],[126.02285,37.14122]]],[[[125.99858,37.08418],[125.99966,37.08213],[125.99324,37.07961],[125.99126,37.08159],[125.99858,37.08418]]],[[[126.00075,37.15283],[125.99983,37.15251],[126.00029,37.15386],[126.00075,37.15283]]],[[[126.29043,37.17414],[126.31212,37.17213],[126.3252,37.16122],[126.30741,37.15959],[126.29998,37.16549],[126.29482,37.16459],[126.29538,37.16824],[126.29043,37.17414]]],[[[126.3179,37.15252],[126.32372,37.15429],[126.32237,37.15114],[126.3179,37.15252]]],[[[125.98387,37.20392],[125.98691,37.20413],[125.98565,37.19985],[125.99156,37.19746],[125.99591,37.20061],[125.99726,37.19792],[125.9948,37.19437],[125.98463,37.19202],[125.98648,37.18768],[125.98352,37.18522],[125.97858,37.18667],[125.96146,37.18229],[125.96039,37.18476],[125.97293,37.18879],[125.97165,37.19509],[125.98313,37.19488],[125.98527,37.19768],[125.9815,37.20214],[125.98387,37.20392]]],[[[126.21467,37.18682],[126.21898,37.1876],[126.2173,37.1844],[126.22139,37.18181],[126.22838,37.18659],[126.24384,37.18479],[126.23909,37.17884],[126.23318,37.18037],[126.22821,37.17783],[126.22395,37.1805],[126.22051,37.1787],[126.21467,37.18682]]],[[[126.25338,37.18122],[126.26174,37.18102],[126.2714,37.17282],[126.27306,37.16504],[126.28352,37.16318],[126.27924,37.15742],[126.27338,37.15956],[126.27299,37.16345],[126.26609,37.16816],[126.25919,37.16784],[126.25506,37.17163],[126.24858,37.17025],[126.24356,37.17399],[126.24603,37.17809],[126.25278,37.17693],[126.25338,37.18122]]],[[[126.09082,37.1848],[126.09579,37.18826],[126.10313,37.18458],[126.10417,37.18014],[126.11302,37.17927],[126.10832,37.17667],[126.10935,37.16553],[126.09297,37.16846],[126.08727,37.17295],[126.08491,37.17859],[126.09215,37.18208],[126.09082,37.1848]]],[[[126.37511,37.20938],[126.37779,37.2068],[126.3744,37.20666],[126.37511,37.20938]]],[[[126.13758,37.20297],[126.14274,37.19904],[126.13657,37.19568],[126.13758,37.20297]]],[[[126.27505,37.15055],[126.27798,37.1496],[126.27619,37.14093],[126.27128,37.14893],[126.27505,37.15055]]],[[[126.0079,37.15601],[126.01116,37.15508],[126.01062,37.14818],[126.0079,37.15601]]],[[[126.08125,37.28986],[126.09799,37.27919],[126.0975,37.27689],[126.08736,37.27564],[126.08632,37.28103],[126.07553,37.28546],[126.07562,37.2895],[126.08125,37.28986]]],[[[126.27569,37.31292],[126.27034,37.31615],[126.27089,37.31931],[126.27569,37.31292]]],[[[126.27001,37.33069],[126.265,37.32522],[126.26328,37.32684],[126.26678,37.33136],[126.27001,37.33069]]],[[[126.32874,37.5],[126.3251,37.50124],[126.33401,37.50336],[126.32874,37.5]]],[[[126.32133,37.51322],[126.32365,37.51366],[126.325,37.51173],[126.32133,37.51322]]],[[[126.45677,37.54444],[126.47331,37.53747],[126.47337,37.52851],[126.46685,37.52858],[126.46651,37.52463],[126.47046,37.52213],[126.46658,37.51137],[126.45362,37.51908],[126.4458,37.51981],[126.43692,37.51503],[126.42926,37.51629],[126.43104,37.52527],[126.45358,37.53695],[126.45677,37.54444]]],[[[126.43145,37.54507],[126.44177,37.54457],[126.43443,37.54259],[126.42599,37.52171],[126.41581,37.52302],[126.41966,37.52543],[126.41832,37.528],[126.42213,37.53314],[126.42021,37.53631],[126.41438,37.536],[126.41003,37.52932],[126.41158,37.52715],[126.40158,37.53087],[126.40396,37.5357],[126.41287,37.53886],[126.41473,37.53621],[126.42024,37.53687],[126.42626,37.54833],[126.43145,37.54507]]],[[[126.26778,37.54984],[126.27577,37.5461],[126.27148,37.54512],[126.26778,37.54984]]],[[[126.30802,37.56016],[126.32869,37.55057],[126.33732,37.55193],[126.34334,37.53938],[126.35262,37.53534],[126.36609,37.53478],[126.38389,37.53954],[126.38136,37.52716],[126.36009,37.53075],[126.34002,37.52637],[126.34024,37.52956],[126.33625,37.53054],[126.33525,37.52706],[126.32721,37.52318],[126.32534,37.52531],[126.32844,37.52751],[126.32868,37.54212],[126.32077,37.54538],[126.30802,37.56016]]],[[[125.67874,37.63331],[125.67927,37.63349],[125.67915,37.63198],[125.67874,37.63331]]],[[[125.70571,37.60622],[125.70665,37.60578],[125.70598,37.60416],[125.70571,37.60622]]],[[[125.70779,37.60722],[125.70785,37.61326],[125.71985,37.61446],[125.71904,37.60397],[125.70779,37.60722]]],[[[125.71376,37.64985],[125.71258,37.65036],[125.71357,37.6501],[125.71376,37.64985]]],[[[125.7123,37.65463],[125.71188,37.65278],[125.70921,37.65506],[125.7123,37.65463]]],[[[125.70994,37.6688],[125.69281,37.652],[125.68424,37.65282],[125.68153,37.66249],[125.68569,37.66655],[125.67762,37.67581],[125.6781,37.67933],[125.6829,37.68039],[125.69234,37.67621],[125.71427,37.68097],[125.71655,37.67441],[125.70994,37.6688]]],[[[124.65771,37.79907],[124.66041,37.79842],[124.65699,37.79891],[124.65771,37.79907]]],[[[124.70621,37.80742],[124.70276,37.80474],[124.69661,37.80953],[124.69352,37.80638],[124.69049,37.80819],[124.68327,37.8027],[124.6868,37.80024],[124.68088,37.79922],[124.67953,37.80251],[124.6854,37.8107],[124.68393,37.81386],[124.67989,37.81698],[124.67564,37.81343],[124.66251,37.82173],[124.67418,37.81934],[124.67871,37.82139],[124.68785,37.83639],[124.70365,37.84338],[124.70207,37.84912],[124.70993,37.84384],[124.71942,37.84591],[124.72811,37.83948],[124.71502,37.83362],[124.71354,37.82923],[124.71996,37.82103],[124.71788,37.81384],[124.70621,37.80742]]],[[[124.62493,37.97586],[124.63862,37.9684],[124.668,37.97722],[124.67086,37.98104],[124.72173,37.98222],[124.72979,37.97812],[124.73276,37.96572],[124.74053,37.96136],[124.74413,37.96254],[124.74632,37.95912],[124.74103,37.95704],[124.73671,37.96156],[124.7299,37.96083],[124.73543,37.95264],[124.73137,37.95103],[124.73014,37.95448],[124.7239,37.95399],[124.70922,37.94448],[124.69811,37.925],[124.70001,37.9199],[124.68887,37.91532],[124.68155,37.92286],[124.67194,37.92017],[124.65344,37.92503],[124.63737,37.92393],[124.62858,37.94126],[124.62582,37.95438],[124.61169,37.96141],[124.60972,37.96995],[124.61629,37.97696],[124.62493,37.97586]]],[[[124.76304,37.76596],[124.76383,37.76606],[124.76298,37.76541],[124.76304,37.76596]]],[[[124.74304,37.77595],[124.7673,37.77967],[124.77084,37.77651],[124.76597,37.76929],[124.76852,37.76799],[124.76531,37.7665],[124.75219,37.77124],[124.74048,37.7671],[124.73728,37.76211],[124.72719,37.76038],[124.73412,37.76607],[124.73474,37.77181],[124.74199,37.77294],[124.74304,37.77595]]],[[[126.258,37.55685],[126.26605,37.55128],[126.26089,37.55075],[126.258,37.55685]]],[[[126.52271,37.23645],[126.51269,37.22768],[126.5115,37.23181],[126.52271,37.23645]]],[[[126.52319,37.23661],[126.52271,37.23645],[126.52308,37.2367],[126.52319,37.23661]]],[[[126.0953,37.2553],[126.10199,37.26466],[126.10024,37.27205],[126.10443,37.27429],[126.11065,37.27139],[126.10916,37.26587],[126.11194,37.25772],[126.11834,37.25822],[126.11968,37.25327],[126.11603,37.25108],[126.11801,37.24765],[126.12054,37.24621],[126.12823,37.25197],[126.1429,37.24123],[126.14002,37.23826],[126.14836,37.23955],[126.16577,37.23258],[126.15513,37.22769],[126.15342,37.22213],[126.1496,37.22547],[126.14359,37.22248],[126.14861,37.2164],[126.1476,37.2137],[126.1271,37.21274],[126.11733,37.2091],[126.11166,37.2117],[126.11612,37.21612],[126.11454,37.22051],[126.09979,37.22258],[126.10503,37.22691],[126.10245,37.22993],[126.09621,37.23057],[126.09126,37.22202],[126.08473,37.22186],[126.09194,37.23151],[126.09051,37.24936],[126.0953,37.2553]]],[[[126.16628,37.22544],[126.17036,37.2292],[126.17298,37.22123],[126.18009,37.2172],[126.18161,37.21131],[126.19423,37.20766],[126.18992,37.20703],[126.18364,37.19525],[126.17783,37.21068],[126.16449,37.21167],[126.16043,37.21524],[126.16161,37.22166],[126.15834,37.22451],[126.16628,37.22544]]],[[[126.39341,37.24375],[126.39848,37.24122],[126.39026,37.24125],[126.39341,37.24375]]],[[[126.52319,37.23661],[126.52573,37.24583],[126.52133,37.25029],[126.50981,37.25307],[126.52347,37.26156],[126.52225,37.2593],[126.52779,37.25232],[126.52647,37.24899],[126.53223,37.24641],[126.53379,37.23958],[126.53863,37.23521],[126.53734,37.23245],[126.52319,37.23661]]],[[[126.50096,37.25306],[126.50372,37.2569],[126.50313,37.2543],[126.50096,37.25306]]],[[[126.47166,37.28715],[126.47494,37.28271],[126.48183,37.28125],[126.48942,37.28362],[126.49756,37.27698],[126.49415,37.27315],[126.5004,37.25553],[126.49657,37.2536],[126.49089,37.25939],[126.4865,37.2595],[126.48699,37.25286],[126.47623,37.2535],[126.4825,37.24779],[126.48321,37.24217],[126.47363,37.24047],[126.45881,37.22405],[126.4525,37.22847],[126.45459,37.23167],[126.4354,37.23117],[126.43169,37.23404],[126.42952,37.26364],[126.43625,37.26666],[126.43461,37.273],[126.4467,37.27158],[126.45381,37.27696],[126.45108,37.28204],[126.47166,37.28715]]],[[[126.28424,37.26915],[126.28822,37.2719],[126.28927,37.26722],[126.30457,37.2635],[126.31011,37.26515],[126.31078,37.26255],[126.33095,37.25526],[126.33524,37.25643],[126.33412,37.26178],[126.34036,37.26343],[126.34887,37.25962],[126.3418,37.25006],[126.33064,37.24574],[126.32241,37.24788],[126.31842,37.24448],[126.31674,37.24814],[126.30515,37.25334],[126.29688,37.25178],[126.28677,37.26018],[126.28069,37.25891],[126.27832,37.26223],[126.28319,37.26478],[126.28424,37.26915]]]]}},{"type":"Feature","properties":{"name":"완도여서도","parents":["완도","전라남도"]},"geometry":{"type":"MultiPolygon","coordinates":[[[[126.92392,33.98874],[126.92142,33.98628],[126.91715,33.98916],[126.90913,33.98246],[126.91267,33.97191],[126.9144,33.96962],[126.93455,33.96857],[126.93713,33.97272],[126.93394,33.98367],[126.92392,33.98874]]]]}},{"type":"Feature","properties":{"name":"고성","parents":["강원도","강원북부앞바다중연안바다"]},"geometry":{"type":"MultiPolygon","coordinates":[[[[128.55352,38.27791],[128.55332,38.27895],[128.55366,38.2788],[128.55352,38.27791]]],[[[128.5343,38.31998],[128.53465,38.31962],[128.53375,38.32007],[128.5343,38.31998]]],[[[128.53215,38.3366],[128.5362,38.33522],[128.5339,38.33452],[128.53215,38.3366]]],[[[128.36869,38.59534],[128.3938,38.57175],[128.39375,38.56885],[128.40195,38.56473],[128.40454,38.55537],[128.41104,38.55181],[128.40512,38.54512],[128.41234,38.53498],[128.41187,38.53116],[128.42292,38.52036],[128.41938,38.52083],[128.42126,38.50589],[128.42994,38.50405],[128.42494,38.50133],[128.43263,38.48829],[128.4381,38.48748],[128.43921,38.47682],[128.44962,38.47128],[128.45264,38.46378],[128.46697,38.45009],[128.45526,38.44528],[128.45377,38.43829],[128.46442,38.41958],[128.47732,38.40075],[128.48171,38.4],[128.51227,38.37147],[128.51301,38.36775],[128.50686,38.36382],[128.51333,38.35523],[128.51483,38.34442],[128.52891,38.33317],[128.52854,38.32133],[128.54781,38.30592],[128.54976,38.30151],[128.54691,38.29893],[128.5511,38.29642],[128.54717,38.29229],[128.55859,38.27003],[128.55669,38.26892],[128.56005,38.26592],[128.56036,38.25768],[128.58491,38.23095],[128.57356,38.22154],[128.5376,38.21737],[128.52206,38.20755],[128.51245,38.20746],[128.49924,38.20221],[128.48594,38.18852],[128.47982,38.18744],[128.47711,38.1928],[128.46663,38.19862],[128.45446,38.19812],[128.44231,38.20372],[128.43774,38.21408],[128.44074,38.22293],[128.43724,38.23029],[128.43972,38.24127],[128.43294,38.24242],[128.42482,38.25316],[128.41741,38.2546],[128.39671,38.23935],[128.38836,38.24804],[128.37877,38.24539],[128.37033,38.24037],[128.36846,38.23585],[128.35736,38.26557],[128.33708,38.26312],[128.31923,38.26607],[128.31881,38.28773],[128.32146,38.29518],[128.32045,38.30025],[128.31512,38.30226],[128.31003,38.31984],[128.31211,38.33058],[128.28746,38.34009],[128.27432,38.33551],[128.27048,38.33698],[128.26452,38.35161],[128.27254,38.36569],[128.26957,38.37615],[128.26201,38.37647],[128.24852,38.37078],[128.23867,38.37629],[128.23368,38.37238],[128.23012,38.37653],[128.22964,38.38203],[128.23389,38.38485],[128.23322,38.38756],[128.22733,38.38785],[128.22922,38.39684],[128.23473,38.40171],[128.24338,38.40268],[128.2461,38.40614],[128.24325,38.41088],[128.2458,38.41498],[128.28412,38.4368],[128.28742,38.44959],[128.29609,38.46073],[128.29909,38.47159],[128.3069,38.47922],[128.3014,38.4862],[128.30575,38.49852],[128.30439,38.50261],[128.3132,38.51236],[128.31383,38.52247],[128.31069,38.53714],[128.31212,38.57009],[128.31492,38.57477],[128.31356,38.58656],[128.30932,38.59286],[128.33709,38.60169],[128.34243,38.61016],[128.35697,38.61366],[128.3601,38.60489],[128.36869,38.59534]]],[[[128.36843,38.59605],[128.36896,38.59563],[128.36894,38.59494],[128.36843,38.59605]]]]}},{"type":"Feature","properties":{"name":"고성평지","parents":["고성","강원도","강원북부앞바다중연안바다"]},"geometry":{"type":"MultiPolygon","coordinates":[[[[128.55352,38.27791],[128.55332,38.27895],[128.55366,38.2788],[128.55352,38.27791]]],[[[128.53375,38.32007],[128.5343,38.31998],[128.53465,38.31962],[128.53375,38.32007]]],[[[128.53215,38.3366],[128.5362,38.33522],[128.5339,38.33452],[128.53215,38.3366]]],[[[128.48899,38.38389],[128.49502,38.38445],[128.51224,38.37189],[128.51301,38.36775],[128.50686,38.36382],[128.51333,38.35523],[128.51483,38.34442],[128.52891,38.33317],[128.52839,38.32153],[128.54781,38.30592],[128.54976,38.30151],[128.54691,38.29893],[128.5511,38.29642],[128.54717,38.29229],[128.55859,38.27003],[128.55669,38.26892],[128.56005,38.26592],[128.56036,38.25768],[128.58491,38.23095],[128.57356,38.22154],[128.5376,38.21737],[128.52206,38.20755],[128.50142,38.20326],[128.48112,38.18733],[128.46663,38.19862],[128.45446,38.19812],[128.44231,38.20372],[128.43774,38.21408],[128.44074,38.22293],[128.43724,38.23029],[128.43972,38.24127],[128.43294,38.24242],[128.42482,38.25316],[128.41759,38.25428],[128.40975,38.26391],[128.40123,38.26056],[128.3988,38.26761],[128.40477,38.27856],[128.4218,38.2882],[128.43088,38.2893],[128.43885,38.31701],[128.44779,38.31585],[128.44737,38.32315],[128.45529,38.33179],[128.46851,38.33389],[128.47971,38.33167],[128.48052,38.33716],[128.48669,38.34329],[128.48655,38.34876],[128.48298,38.35141],[128.48751,38.3617],[128.47845,38.36208],[128.47459,38.36542],[128.48257,38.36979],[128.47982,38.37569],[128.48899,38.38389]]],[[[128.36869,38.59534],[128.3938,38.57175],[128.39375,38.56885],[128.40195,38.56473],[128.40454,38.55537],[128.41104,38.55181],[128.40512,38.54512],[128.41234,38.53498],[128.41187,38.53116],[128.42292,38.52036],[128.41938,38.52083],[128.42029,38.50821],[128.42211,38.50505],[128.42994,38.50405],[128.42494,38.50133],[128.43263,38.48829],[128.4381,38.48748],[128.43921,38.47682],[128.44962,38.47128],[128.45264,38.46378],[128.46698,38.45005],[128.46442,38.44695],[128.4615,38.44878],[128.45626,38.44626],[128.45377,38.43829],[128.4768,38.40206],[128.46478,38.39673],[128.46318,38.38825],[128.45695,38.38499],[128.45278,38.38471],[128.44905,38.3892],[128.43268,38.38992],[128.42862,38.39448],[128.42124,38.39614],[128.41887,38.40205],[128.4107,38.40275],[128.39956,38.41212],[128.39358,38.40761],[128.39353,38.40238],[128.38285,38.39713],[128.36028,38.39768],[128.3466,38.40147],[128.34985,38.40399],[128.34571,38.41454],[128.34662,38.42302],[128.34258,38.4283],[128.353,38.43349],[128.35695,38.43928],[128.3514,38.45625],[128.35601,38.46439],[128.35017,38.47379],[128.33929,38.47713],[128.33959,38.49171],[128.34361,38.49405],[128.3456,38.50062],[128.34088,38.50501],[128.33464,38.52571],[128.34126,38.53032],[128.34187,38.53584],[128.3483,38.53856],[128.34581,38.55331],[128.34865,38.5577],[128.3409,38.57092],[128.34517,38.57676],[128.34076,38.58735],[128.33429,38.591],[128.33198,38.60138],[128.33709,38.60169],[128.34243,38.61016],[128.35727,38.61349],[128.3601,38.60489],[128.36869,38.59534]]],[[[128.36843,38.59605],[128.36896,38.59563],[128.36894,38.59494],[128.36843,38.59605]]]]}},{"type":"Feature","properties":{"name":"서산","parents":["충청남도","태안서산북쪽평수구역","천수만평수구역"]},"geometry":{"type":"MultiPolygon","coordinates":[[[[126.3165,36.84736],[126.31696,36.84745],[126.31855,36.84636],[126.3165,36.84736]]],[[[126.39509,36.88759],[126.39502,36.88737],[126.3924,36.88885],[126.39509,36.88759]]],[[[126.3924,36.88885],[126.38385,36.88927],[126.38227,36.89219],[126.3924,36.88885]]],[[[126.3372,36.91162],[126.34593,36.90482],[126.34517,36.90135],[126.33348,36.90402],[126.33168,36.911],[126.32704,36.91298],[126.33546,36.91492],[126.33927,36.91306],[126.3372,36.91162]]],[[[126.38614,37.0261],[126.38884,37.02577],[126.38544,37.02171],[126.38614,37.0261]]],[[[126.39509,36.88759],[126.39654,36.89195],[126.40365,36.89081],[126.40494,36.89552],[126.41003,36.89706],[126.41349,36.8936],[126.42338,36.89996],[126.43108,36.89869],[126.43251,36.90091],[126.42692,36.90683],[126.40933,36.90823],[126.41222,36.91257],[126.40852,36.91841],[126.40463,36.91909],[126.40669,36.92134],[126.4141,36.9194],[126.42064,36.93127],[126.40859,36.93604],[126.40497,36.9324],[126.39603,36.93546],[126.39057,36.92964],[126.38114,36.93813],[126.38094,36.9458],[126.37326,36.94713],[126.36822,36.947],[126.35996,36.93881],[126.35718,36.942],[126.36197,36.94974],[126.35864,36.95298],[126.35099,36.95253],[126.35018,36.96145],[126.33354,36.96141],[126.33676,36.96839],[126.33359,36.97134],[126.33526,36.97356],[126.33736,36.96835],[126.36091,36.96808],[126.37045,36.96028],[126.37689,36.96852],[126.38652,36.96745],[126.38867,36.9698],[126.38647,36.97364],[126.37729,36.97318],[126.37588,36.97531],[126.37972,36.98009],[126.37464,36.98259],[126.36527,36.97885],[126.36224,36.98287],[126.35629,36.98017],[126.33992,36.98533],[126.33115,36.98491],[126.32654,36.9961],[126.32905,37.00001],[126.33248,36.99673],[126.35214,37.0046],[126.35894,37.01219],[126.36046,37.00689],[126.37963,37.00926],[126.38493,37.0128],[126.39817,37.01185],[126.39813,37.01699],[126.40581,37.01876],[126.41255,37.01473],[126.43368,37.01295],[126.43758,37.01046],[126.43652,37.00775],[126.4493,37.00596],[126.45496,37.00001],[126.46334,37.00342],[126.48083,36.97849],[126.49016,36.94303],[126.47427,36.89479],[126.47408,36.88094],[126.49841,36.87091],[126.50931,36.87065],[126.51001,36.85608],[126.51531,36.85118],[126.51031,36.84689],[126.51539,36.84373],[126.51824,36.83523],[126.52348,36.83458],[126.52578,36.82831],[126.55368,36.82436],[126.56663,36.82888],[126.57489,36.82526],[126.59185,36.83804],[126.59257,36.83282],[126.59988,36.82833],[126.59792,36.82038],[126.60075,36.81722],[126.61737,36.8122],[126.62651,36.81442],[126.63194,36.81231],[126.63136,36.80696],[126.64502,36.79349],[126.65331,36.77666],[126.64753,36.76108],[126.65276,36.75662],[126.65316,36.7505],[126.63315,36.75785],[126.6342,36.74432],[126.628,36.73627],[126.62486,36.73357],[126.60881,36.73296],[126.60911,36.72912],[126.60227,36.72003],[126.6096,36.7043],[126.60019,36.69686],[126.60034,36.69045],[126.59626,36.68538],[126.5991,36.67868],[126.59504,36.6682],[126.58898,36.6635],[126.58144,36.66433],[126.57961,36.65487],[126.5616,36.64452],[126.54561,36.64021],[126.53624,36.64621],[126.51836,36.63821],[126.51931,36.63509],[126.51138,36.63069],[126.50566,36.63486],[126.49729,36.63127],[126.45302,36.62578],[126.45274,36.61536],[126.44067,36.60034],[126.42337,36.60613],[126.41133,36.60481],[126.41612,36.60873],[126.4147,36.61487],[126.37361,36.62179],[126.36607,36.62706],[126.36019,36.62489],[126.34731,36.68024],[126.34617,36.73071],[126.34378,36.74099],[126.33897,36.73987],[126.33712,36.74391],[126.34337,36.74659],[126.35058,36.76765],[126.34832,36.77826],[126.35795,36.78878],[126.32988,36.82265],[126.32509,36.83102],[126.32788,36.83476],[126.31849,36.8413],[126.32478,36.84795],[126.32021,36.85193],[126.32428,36.85173],[126.32785,36.8608],[126.3325,36.86345],[126.34358,36.86193],[126.34781,36.86061],[126.34307,36.8464],[126.34819,36.84415],[126.35434,36.83292],[126.364,36.83122],[126.36593,36.83407],[126.35601,36.84876],[126.36318,36.85072],[126.36634,36.85666],[126.37041,36.85757],[126.37188,36.86807],[126.36449,36.87653],[126.37479,36.88147],[126.39695,36.88048],[126.39974,36.88391],[126.39509,36.88759]]],[[[126.35697,36.91619],[126.35114,36.91895],[126.35555,36.91871],[126.35697,36.91619]]],[[[126.37292,36.92129],[126.36942,36.92272],[126.37122,36.92737],[126.35777,36.93253],[126.3885,36.92396],[126.38649,36.91951],[126.37958,36.91768],[126.37346,36.91714],[126.37292,36.92129]]],[[[126.33728,36.93284],[126.33997,36.93263],[126.34205,36.92682],[126.33728,36.93284]]],[[[126.35503,36.92933],[126.35231,36.93098],[126.35761,36.9323],[126.35503,36.92933]]]]}},{"type":"Feature","properties":{"name":"서천","parents":["충청남도","전북자치도","전북북부앞바다중평수구역","충남남부앞바다중평수구역"]},"geometry":{"type":"MultiPolygon","coordinates":[[[[126.62294,36.00673],[126.62939,36.00621],[126.6338,36.00154],[126.62679,36.00062],[126.62665,36.00467],[126.62294,36.00673]]],[[[126.60453,36.11075],[126.59128,36.12889],[126.5832,36.1311],[126.57609,36.13865],[126.56763,36.13917],[126.55969,36.12938],[126.5552,36.12984],[126.55483,36.13507],[126.54455,36.14462],[126.51928,36.15229],[126.5069,36.15025],[126.50112,36.14128],[126.50403,36.1293],[126.49986,36.13007],[126.49289,36.13633],[126.49284,36.15866],[126.49974,36.15932],[126.50117,36.1565],[126.51891,36.16007],[126.52805,36.17569],[126.52359,36.18205],[126.52488,36.18727],[126.56515,36.19215],[126.58009,36.17765],[126.60937,36.17186],[126.61949,36.17501],[126.62681,36.17309],[126.6554,36.18122],[126.66693,36.17602],[126.68083,36.1824],[126.68335,36.1877],[126.69205,36.19009],[126.7005,36.17947],[126.72092,36.17495],[126.74194,36.18337],[126.74898,36.18109],[126.78131,36.18375],[126.79318,36.18079],[126.79785,36.17013],[126.79373,36.17085],[126.79222,36.16769],[126.79601,36.15841],[126.79196,36.14409],[126.79374,36.13687],[126.79994,36.14018],[126.81955,36.13526],[126.81878,36.13253],[126.82478,36.12636],[126.83983,36.11731],[126.84058,36.10578],[126.83736,36.10491],[126.8366,36.09961],[126.83852,36.08516],[126.84836,36.07453],[126.8532,36.07664],[126.86079,36.07255],[126.86287,36.07471],[126.87109,36.07157],[126.87082,36.0674],[126.86386,36.06019],[126.8211,36.04992],[126.80582,36.03436],[126.74805,36.02575],[126.73648,36.00043],[126.67467,36.00856],[126.66803,36.00425],[126.66122,36.00569],[126.66048,36.01077],[126.66451,36.01585],[126.66211,36.02873],[126.66873,36.03124],[126.65838,36.04462],[126.65015,36.04676],[126.64372,36.05622],[126.63278,36.05512],[126.63229,36.07215],[126.62787,36.08037],[126.62007,36.07692],[126.62417,36.08447],[126.6326,36.08161],[126.64614,36.09124],[126.64394,36.09366],[126.64016,36.09071],[126.63044,36.09357],[126.63188,36.09969],[126.62003,36.10229],[126.61337,36.0964],[126.60596,36.09892],[126.60825,36.10275],[126.60453,36.11075]],[[126.60453,36.11075],[126.60672,36.11215],[126.60449,36.11083],[126.60453,36.11075]]],[[[126.60033,35.99484],[126.60419,36.00041],[126.60993,35.99445],[126.60355,35.99093],[126.52113,35.98878],[126.60054,35.99109],[126.60033,35.99484]]]]}},{"type":"Feature","properties":{"name":"보령","parents":["충청남도","천수만평수구역"]},"geometry":{"type":"MultiPolygon","coordinates":[[[[126.05662,36.20949],[126.05915,36.20964],[126.05521,36.20641],[126.0559,36.20331],[126.05997,36.20037],[126.05343,36.19875],[126.05662,36.20949]]],[[[126.01523,36.21372],[126.01327,36.21415],[126.01448,36.21429],[126.01523,36.21372]]],[[[126.06483,36.21884],[126.06848,36.22025],[126.06798,36.21767],[126.06483,36.21884]]],[[[126.05425,36.22315],[126.05482,36.22323],[126.05459,36.22273],[126.05425,36.22315]]],[[[126.04314,36.21134],[126.04209,36.20939],[126.03927,36.21093],[126.04314,36.21134]]],[[[126.03514,36.2102],[126.02457,36.21858],[126.02428,36.22445],[126.03866,36.21117],[126.03514,36.2102]]],[[[125.96605,36.2371],[125.97059,36.23673],[125.96583,36.22931],[125.95827,36.23012],[125.95987,36.23464],[125.96188,36.23287],[125.96605,36.2371]]],[[[126.06417,36.23961],[126.06825,36.23794],[126.06286,36.23803],[126.06417,36.23961]]],[[[126.09213,36.2372],[126.09654,36.22601],[126.07802,36.22606],[126.077,36.22151],[126.06733,36.22325],[126.07019,36.22815],[126.07467,36.22846],[126.07549,36.23473],[126.08302,36.23058],[126.09213,36.2372]]],[[[126.05675,36.24241],[126.06131,36.23781],[126.05064,36.2387],[126.05068,36.24177],[126.05822,36.24037],[126.05675,36.24241]]],[[[126.19324,36.28235],[126.1944,36.28591],[126.20295,36.28534],[126.19324,36.28235]]],[[[126.20906,36.28297],[126.20979,36.28433],[126.21436,36.28293],[126.20906,36.28297]]],[[[126.3192,36.29811],[126.31844,36.30097],[126.31976,36.3021],[126.3192,36.29811]]],[[[126.25128,36.31171],[126.25444,36.30928],[126.24916,36.30985],[126.25128,36.31171]]],[[[126.36273,36.33968],[126.37033,36.33589],[126.36133,36.33103],[126.36228,36.32643],[126.34954,36.33104],[126.34393,36.32677],[126.34133,36.32959],[126.34193,36.33648],[126.34884,36.34141],[126.35563,36.35601],[126.36308,36.35416],[126.36273,36.33968]]],[[[126.34793,36.31458],[126.35683,36.31162],[126.34694,36.30902],[126.34793,36.31458]]],[[[126.43301,36.37967],[126.43126,36.37742],[126.43883,36.37529],[126.43874,36.37215],[126.43158,36.36966],[126.43566,36.36511],[126.45249,36.36061],[126.45972,36.3621],[126.45876,36.3543],[126.44491,36.35535],[126.43536,36.36094],[126.40497,36.367],[126.3839,36.36784],[126.38402,36.37632],[126.38751,36.38041],[126.40693,36.37652],[126.4145,36.37096],[126.41776,36.37246],[126.4126,36.37924],[126.41793,36.38315],[126.42068,36.37986],[126.4204,36.38481],[126.43332,36.38431],[126.43301,36.37967]]],[[[126.40835,36.37986],[126.4112,36.37842],[126.40928,36.37814],[126.40835,36.37986]]],[[[126.47923,36.38124],[126.47904,36.38122],[126.4793,36.38186],[126.47923,36.38124]]],[[[126.45626,36.37951],[126.45603,36.37997],[126.45672,36.38008],[126.45626,36.37951]]],[[[126.36626,36.38034],[126.36195,36.38002],[126.36327,36.39343],[126.37202,36.39003],[126.3668,36.38691],[126.36626,36.38034]]],[[[126.39334,36.38916],[126.39211,36.38898],[126.39274,36.38979],[126.39334,36.38916]]],[[[126.40813,36.37992],[126.40483,36.38125],[126.40678,36.38172],[126.40813,36.37992]]],[[[126.44199,36.38927],[126.44769,36.38856],[126.44849,36.38286],[126.45437,36.37833],[126.44016,36.37885],[126.43913,36.38716],[126.44199,36.38927]]],[[[126.34869,36.40547],[126.35567,36.39962],[126.34012,36.39539],[126.33946,36.38727],[126.33303,36.38723],[126.33554,36.39856],[126.342,36.39945],[126.34869,36.40547]]],[[[126.43682,36.40132],[126.43086,36.39682],[126.43055,36.39912],[126.43682,36.40132]]],[[[126.33524,36.40413],[126.33368,36.4038],[126.33451,36.4044],[126.33524,36.40413]]],[[[126.44034,36.40593],[126.43605,36.40493],[126.43675,36.40801],[126.44034,36.40593]]],[[[126.46689,36.40984],[126.46988,36.41001],[126.46678,36.40889],[126.46689,36.40984]]],[[[126.45571,36.40931],[126.45628,36.4099],[126.45636,36.40987],[126.45571,36.40931]]],[[[126.45636,36.40987],[126.45779,36.41109],[126.45894,36.40897],[126.45636,36.40987]]],[[[126.51689,36.21655],[126.51931,36.2163],[126.51977,36.21534],[126.51689,36.21655]]],[[[126.52847,36.23441],[126.52934,36.23418],[126.52609,36.23345],[126.52847,36.23441]]],[[[126.52894,36.24123],[126.52828,36.24009],[126.52791,36.24112],[126.52894,36.24123]]],[[[126.52223,36.24379],[126.51858,36.2451],[126.52243,36.24598],[126.52223,36.24379]]],[[[126.27673,36.25075],[126.28622,36.24976],[126.28179,36.24512],[126.27673,36.25075]]],[[[126.28894,36.26128],[126.29234,36.26068],[126.29018,36.25573],[126.28894,36.26128]]],[[[126.27573,36.28098],[126.27574,36.28063],[126.27509,36.28075],[126.27573,36.28098]]],[[[126.27354,36.26779],[126.27511,36.26655],[126.27151,36.26769],[126.27354,36.26779]]],[[[126.26746,36.27819],[126.27182,36.2792],[126.26632,36.26523],[126.26384,36.26498],[126.2589,36.2723],[126.26176,36.27727],[126.26746,36.27819]]],[[[126.29472,36.29403],[126.29454,36.29647],[126.29663,36.29407],[126.29318,36.29219],[126.29472,36.29403]]],[[[126.26014,36.30457],[126.27013,36.30283],[126.26599,36.29751],[126.26814,36.29275],[126.25686,36.2863],[126.25054,36.29491],[126.25695,36.29482],[126.25906,36.29815],[126.25543,36.30011],[126.26014,36.30457]]],[[[126.62681,36.17309],[126.61949,36.17501],[126.60937,36.17186],[126.58009,36.17765],[126.56515,36.19215],[126.52506,36.18755],[126.53784,36.20149],[126.52949,36.21994],[126.53039,36.23783],[126.52805,36.23941],[126.54036,36.24879],[126.5372,36.2515],[126.54007,36.26081],[126.54711,36.26123],[126.54801,36.26641],[126.54323,36.26749],[126.54678,36.26825],[126.54047,36.27788],[126.53933,36.27481],[126.53473,36.27656],[126.53987,36.2788],[126.52783,36.29626],[126.5223,36.3003],[126.51698,36.299],[126.51299,36.31138],[126.50146,36.3237],[126.50484,36.32871],[126.51507,36.32752],[126.52009,36.33541],[126.54327,36.33895],[126.55046,36.34693],[126.56013,36.35102],[126.54576,36.35504],[126.50967,36.38106],[126.48541,36.38187],[126.47955,36.385],[126.48679,36.39942],[126.49181,36.42135],[126.49743,36.41932],[126.50022,36.42179],[126.49525,36.42574],[126.50592,36.42765],[126.51767,36.43906],[126.53016,36.43995],[126.52545,36.4468],[126.49855,36.43242],[126.49636,36.43862],[126.50004,36.44276],[126.49893,36.44572],[126.4908,36.44805],[126.48633,36.45449],[126.48896,36.46017],[126.48521,36.46455],[126.49003,36.46828],[126.48104,36.47773],[126.47922,36.4914],[126.48286,36.51409],[126.48489,36.50909],[126.49139,36.50837],[126.49408,36.51677],[126.50452,36.52479],[126.51121,36.51937],[126.52402,36.51959],[126.53999,36.5035],[126.5597,36.50498],[126.5648,36.50846],[126.56609,36.50247],[126.59,36.50889],[126.60068,36.48872],[126.59935,36.47668],[126.58936,36.47524],[126.5738,36.48346],[126.57101,36.48409],[126.57015,36.47949],[126.56671,36.48433],[126.56087,36.48432],[126.56109,36.47811],[126.54402,36.47189],[126.53414,36.45959],[126.53472,36.4565],[126.52697,36.45635],[126.52563,36.44694],[126.53315,36.44037],[126.53949,36.44382],[126.53861,36.44919],[126.54482,36.44856],[126.5526,36.45253],[126.55041,36.46583],[126.55616,36.4676],[126.55781,36.46271],[126.55621,36.45748],[126.55162,36.45566],[126.55269,36.45268],[126.56554,36.45207],[126.56949,36.46458],[126.56709,36.47039],[126.57133,36.47327],[126.57538,36.47529],[126.57909,36.47169],[126.59174,36.46917],[126.60258,36.47248],[126.61476,36.48477],[126.62308,36.47704],[126.63175,36.47617],[126.63421,36.46662],[126.65279,36.46747],[126.65836,36.45973],[126.67193,36.4616],[126.67488,36.46002],[126.67685,36.45084],[126.68781,36.44822],[126.68395,36.4362],[126.69164,36.42861],[126.68885,36.42596],[126.69129,36.41046],[126.70966,36.40061],[126.70923,36.39699],[126.71567,36.39368],[126.71137,36.38819],[126.72482,36.37489],[126.72445,36.37116],[126.70503,36.3665],[126.70262,36.36156],[126.70412,36.35056],[126.69978,36.34859],[126.69758,36.3365],[126.67845,36.33164],[126.67873,36.32775],[126.68419,36.32233],[126.68008,36.31557],[126.68257,36.30826],[126.69438,36.29853],[126.6873,36.29113],[126.69673,36.2834],[126.69234,36.28049],[126.69662,36.27554],[126.69421,36.26887],[126.71346,36.26146],[126.7201,36.25518],[126.72765,36.25747],[126.73872,36.25401],[126.73689,36.24144],[126.73232,36.23722],[126.7182,36.23458],[126.71374,36.2144],[126.69818,36.20497],[126.69452,36.19243],[126.68335,36.1877],[126.68083,36.1824],[126.66693,36.17602],[126.65257,36.18087],[126.62681,36.17309]]]]}},{"type":"Feature","properties":{"name":"보령도서","parents":["보령","충청남도","천수만평수구역"]},"geometry":{"type":"MultiPolygon","coordinates":[[[[126.05662,36.20949],[126.05915,36.20964],[126.05521,36.20641],[126.0559,36.20331],[126.05997,36.20037],[126.05343,36.19875],[126.05662,36.20949]]],[[[126.03927,36.21093],[126.04314,36.21134],[126.04209,36.20939],[126.03927,36.21093]]],[[[126.01448,36.21429],[126.01523,36.21372],[126.01327,36.21415],[126.01448,36.21429]]],[[[126.06848,36.22025],[126.06798,36.21767],[126.06483,36.21884],[126.06848,36.22025]]],[[[125.96605,36.2371],[125.97059,36.23673],[125.96583,36.22931],[125.95827,36.23012],[125.95987,36.23464],[125.96188,36.23287],[125.96605,36.2371]]],[[[126.03514,36.2102],[126.02457,36.21858],[126.02428,36.22445],[126.03866,36.21117],[126.03514,36.2102]]],[[[126.27673,36.25075],[126.28622,36.24976],[126.28179,36.24512],[126.27673,36.25075]]],[[[126.1037,36.25269],[126.10435,36.25434],[126.10517,36.25369],[126.1037,36.25269]]],[[[126.28894,36.26128],[126.29234,36.26068],[126.29018,36.25573],[126.28894,36.26128]]],[[[126.27151,36.26769],[126.27354,36.26779],[126.27511,36.26655],[126.27151,36.26769]]],[[[126.26841,36.26983],[126.26632,36.26523],[126.26073,36.26695],[126.2589,36.2723],[126.26176,36.27727],[126.27182,36.2792],[126.26841,36.26983]]],[[[126.06417,36.23961],[126.06825,36.23794],[126.06286,36.23803],[126.06417,36.23961]]],[[[126.09213,36.2372],[126.09654,36.22601],[126.07802,36.22606],[126.077,36.22151],[126.06733,36.22325],[126.07019,36.22815],[126.07467,36.22846],[126.07549,36.23473],[126.08302,36.23058],[126.09213,36.2372]]],[[[126.05068,36.24177],[126.05822,36.24037],[126.05675,36.24241],[126.06131,36.23781],[126.05064,36.2387],[126.05068,36.24177]]],[[[126.27509,36.28075],[126.27573,36.28098],[126.27574,36.28063],[126.27509,36.28075]]],[[[126.19324,36.28235],[126.1944,36.28591],[126.20295,36.28534],[126.19324,36.28235]]],[[[126.20906,36.28297],[126.20979,36.28433],[126.21436,36.28293],[126.20906,36.28297]]],[[[126.3192,36.29811],[126.31844,36.30097],[126.31976,36.3021],[126.3192,36.29811]]],[[[126.29472,36.29403],[126.29454,36.29647],[126.29663,36.29407],[126.29318,36.29219],[126.29472,36.29403]]],[[[126.26014,36.30457],[126.27013,36.30283],[126.26599,36.29751],[126.26814,36.29275],[126.25686,36.2863],[126.25054,36.29491],[126.25695,36.29482],[126.25906,36.29815],[126.25543,36.30011],[126.26014,36.30457]]],[[[126.25128,36.31171],[126.25444,36.30928],[126.24916,36.30985],[126.25128,36.31171]]],[[[126.34793,36.31458],[126.35683,36.31162],[126.34694,36.30902],[126.34793,36.31458]]],[[[126.36273,36.33968],[126.37033,36.33589],[126.36133,36.33103],[126.36228,36.32643],[126.34954,36.33104],[126.34393,36.32677],[126.34133,36.32959],[126.34193,36.33648],[126.34884,36.34141],[126.35563,36.35601],[126.36308,36.35416],[126.36273,36.33968]]],[[[126.27212,36.34576],[126.2704,36.3465],[126.27404,36.34707],[126.27212,36.34576]]],[[[126.43682,36.40132],[126.43086,36.39682],[126.43055,36.39912],[126.43682,36.40132]]],[[[126.46757,36.40251],[126.46736,36.40227],[126.46723,36.40309],[126.46757,36.40251]]],[[[126.43605,36.40493],[126.43675,36.40801],[126.44034,36.40593],[126.43605,36.40493]]],[[[126.33368,36.4038],[126.33359,36.40406],[126.33451,36.4044],[126.33368,36.4038]]],[[[126.40928,36.37814],[126.40835,36.37986],[126.4112,36.37842],[126.40928,36.37814]]],[[[126.43301,36.37967],[126.43125,36.37742],[126.43883,36.37529],[126.43874,36.37215],[126.43158,36.36966],[126.43566,36.36511],[126.45249,36.36061],[126.45972,36.3621],[126.45876,36.3543],[126.4449,36.35535],[126.43536,36.36094],[126.40497,36.367],[126.3839,36.36784],[126.38402,36.37632],[126.38751,36.38041],[126.40693,36.37652],[126.4145,36.37096],[126.41776,36.37246],[126.4126,36.37924],[126.41793,36.38315],[126.42068,36.37986],[126.4204,36.38481],[126.43332,36.38431],[126.43301,36.37967]]],[[[126.45667,36.37963],[126.45626,36.37951],[126.45603,36.37997],[126.45667,36.37963]]],[[[126.44199,36.38927],[126.44769,36.38856],[126.44849,36.38286],[126.45437,36.37833],[126.44016,36.37885],[126.43913,36.38716],[126.44199,36.38927]]],[[[126.36626,36.38034],[126.36195,36.38002],[126.36327,36.39343],[126.37202,36.39003],[126.3668,36.38691],[126.36626,36.38034]]],[[[126.34869,36.40547],[126.35567,36.39962],[126.34012,36.39539],[126.33946,36.38727],[126.33303,36.38723],[126.33554,36.39856],[126.342,36.39945],[126.34869,36.40547]]],[[[126.46826,36.41076],[126.46988,36.41001],[126.46678,36.40889],[126.46826,36.41076]]],[[[126.45636,36.40987],[126.45571,36.40931],[126.45628,36.4099],[126.45636,36.40987]]],[[[126.45636,36.40987],[126.45779,36.41109],[126.45894,36.40897],[126.45636,36.40987]]]]}},{"type":"Feature","properties":{"name":"동해","parents":["강원도","강원중부앞바다중연안바다","강원남부앞바다중연안바다"]},"geometry":{"type":"MultiPolygon","coordinates":[[[[129.16484,37.49168],[129.16518,37.49059],[129.1648,37.49025],[129.16484,37.49168]]],[[[129.16001,37.48571],[129.15934,37.4848],[129.1584,37.48423],[129.16001,37.48571]]],[[[129.16001,37.48571],[129.1648,37.49025],[129.16477,37.48936],[129.16001,37.48571]]],[[[129.16484,37.49168],[129.15712,37.49944],[129.16486,37.49245],[129.16484,37.49168]]],[[[129.1584,37.48423],[129.15663,37.4826],[129.16078,37.47584],[129.15517,37.47419],[129.1508,37.46571],[129.14176,37.4665],[129.13478,37.45318],[129.11789,37.46051],[129.1074,37.4558],[129.09585,37.46343],[129.07685,37.45644],[129.06565,37.46038],[129.05522,37.45894],[129.03722,37.4528],[129.01173,37.43698],[129.00444,37.4268],[128.98463,37.43393],[128.97253,37.43453],[128.97093,37.43847],[128.95762,37.44664],[128.96434,37.45475],[128.96416,37.45917],[128.98471,37.47041],[128.9881,37.47932],[128.9857,37.48277],[128.98957,37.48383],[128.98679,37.49312],[128.97251,37.49164],[128.97002,37.49473],[128.97439,37.50344],[128.96514,37.50541],[128.96185,37.50952],[128.96098,37.51258],[128.96776,37.52057],[128.96873,37.53023],[128.97391,37.53391],[128.98764,37.53387],[128.99848,37.5428],[129.01856,37.53828],[129.03117,37.54728],[129.04784,37.54787],[129.05103,37.5764],[129.05961,37.58853],[129.05567,37.59711],[129.06874,37.5989],[129.07488,37.60486],[129.10937,37.58199],[129.11265,37.58271],[129.11689,37.57632],[129.12173,37.55761],[129.11778,37.54952],[129.11388,37.55166],[129.11183,37.54887],[129.11378,37.5405],[129.12475,37.5247],[129.12222,37.52174],[129.12426,37.51722],[129.1351,37.50492],[129.14526,37.49924],[129.13559,37.50407],[129.13122,37.5014],[129.13618,37.49642],[129.12441,37.49069],[129.12677,37.48762],[129.14195,37.49504],[129.14359,37.49136],[129.1584,37.48423]]]]}},{"type":"Feature","properties":{"name":"동해평지","parents":["동해","강원도","강원중부앞바다중연안바다","강원남부앞바다중연안바다"]},"geometry":{"type":"MultiPolygon","coordinates":[[[[129.16484,37.49168],[129.16518,37.49059],[129.1648,37.49025],[129.16484,37.49168]]],[[[129.16001,37.48571],[129.15934,37.4848],[129.15842,37.48424],[129.16001,37.48571]]],[[[129.16001,37.48571],[129.1648,37.49025],[129.16477,37.48936],[129.16001,37.48571]]],[[[129.16484,37.49168],[129.15712,37.49944],[129.16486,37.49245],[129.16484,37.49168]]],[[[129.15842,37.48424],[129.15663,37.4826],[129.16078,37.47584],[129.15517,37.47419],[129.1508,37.46571],[129.14176,37.4665],[129.13478,37.45318],[129.11789,37.46051],[129.1074,37.4558],[129.09585,37.46343],[129.07685,37.45644],[129.06565,37.46038],[129.0482,37.45695],[129.05231,37.47235],[129.07409,37.48039],[129.07805,37.49582],[129.07118,37.50362],[129.07265,37.51606],[129.06921,37.52405],[129.04784,37.54787],[129.05103,37.5764],[129.05961,37.58853],[129.05567,37.59711],[129.06874,37.5989],[129.07488,37.60486],[129.10937,37.58199],[129.11265,37.58271],[129.12173,37.55761],[129.11778,37.54952],[129.11388,37.55166],[129.11183,37.54887],[129.11378,37.5405],[129.12475,37.5247],[129.12222,37.52174],[129.12426,37.51722],[129.1351,37.50492],[129.14526,37.49924],[129.13559,37.50407],[129.13122,37.5014],[129.13618,37.49642],[129.12441,37.49069],[129.12677,37.48762],[129.14195,37.49504],[129.14359,37.49136],[129.15842,37.48424]]]]}},{"type":"Feature","properties":{"name":"양양평지","parents":["양양","강원도","강원북부앞바다중연안바다"]},"geometry":{"type":"MultiPolygon","coordinates":[[[[128.76311,37.98004],[128.76359,37.98016],[128.76418,37.97793],[128.76311,37.98004]]],[[[128.55183,38.11437],[128.57273,38.11154],[128.58066,38.10454],[128.58897,38.10753],[128.5988,38.10188],[128.61204,38.10575],[128.60488,38.11151],[128.61313,38.11492],[128.62841,38.11222],[128.6358,38.11631],[128.67952,38.07876],[128.6748,38.08089],[128.67331,38.07725],[128.67585,38.07663],[128.67629,38.06673],[128.70494,38.03874],[128.70188,38.03476],[128.69782,38.03485],[128.69686,38.03018],[128.67322,38.02897],[128.67376,38.02579],[128.66257,38.01014],[128.63753,38.00078],[128.62804,38.00823],[128.63017,38.01128],[128.62295,38.01619],[128.6231,38.02147],[128.61551,38.02103],[128.61397,38.02376],[128.61552,38.03462],[128.60932,38.04508],[128.60986,38.05403],[128.61292,38.05709],[128.61154,38.06912],[128.58645,38.07711],[128.57794,38.08239],[128.57405,38.09174],[128.56701,38.09015],[128.56235,38.09642],[128.5324,38.10367],[128.52615,38.1125],[128.5395,38.11128],[128.55183,38.11437]]],[[[128.76311,37.98004],[128.75994,37.97669],[128.76151,37.97238],[128.76506,37.97233],[128.76293,37.96693],[128.76992,37.96082],[128.76925,37.95802],[128.78247,37.94693],[128.78564,37.94825],[128.7888,37.94368],[128.7858,37.94255],[128.78958,37.93995],[128.7887,37.93555],[128.81,37.91753],[128.80343,37.91301],[128.78301,37.91469],[128.77554,37.91012],[128.7537,37.91225],[128.74694,37.90951],[128.74466,37.90421],[128.73638,37.90341],[128.73241,37.89988],[128.71861,37.90348],[128.70881,37.89729],[128.70217,37.89841],[128.68592,37.8921],[128.69209,37.90501],[128.69083,37.91354],[128.69611,37.92503],[128.69272,37.95062],[128.69534,37.95693],[128.70578,37.96365],[128.70751,37.97324],[128.71115,37.97662],[128.72198,37.97524],[128.7249,37.97788],[128.72399,37.98186],[128.73784,37.99197],[128.74923,37.99233],[128.7489,37.989],[128.76311,37.98004]]],[[[128.76145,37.97901],[128.76072,37.97929],[128.76116,37.97956],[128.76145,37.97901]]]]}},{"type":"Feature","properties":{"name":"고창","parents":["전북자치도","전라남도"]},"geometry":{"type":"MultiPolygon","coordinates":[[[[126.48225,35.53628],[126.48331,35.53264],[126.47967,35.53413],[126.48225,35.53628]]],[[[126.4734,35.42702],[126.45022,35.42788],[126.44635,35.43529],[126.43509,35.43238],[126.42876,35.435],[126.48648,35.52245],[126.49112,35.51178],[126.49527,35.51152],[126.49367,35.51639],[126.51508,35.53252],[126.54082,35.53409],[126.54327,35.53262],[126.54153,35.52938],[126.55013,35.53524],[126.54877,35.53757],[126.5557,35.53666],[126.55982,35.54326],[126.58113,35.54499],[126.59544,35.54007],[126.59396,35.53471],[126.59913,35.5417],[126.59775,35.54433],[126.61086,35.55761],[126.61401,35.57041],[126.62405,35.56826],[126.62598,35.57344],[126.64934,35.57078],[126.67456,35.54822],[126.67424,35.55174],[126.6668,35.55535],[126.67016,35.55687],[126.66611,35.55713],[126.66422,35.56602],[126.6776,35.57196],[126.69214,35.56947],[126.70531,35.5748],[126.72789,35.57247],[126.73683,35.56839],[126.75709,35.57351],[126.76937,35.56077],[126.76198,35.5551],[126.76624,35.54916],[126.76218,35.5447],[126.76114,35.53299],[126.76518,35.53344],[126.7636,35.53083],[126.7741,35.523],[126.75929,35.51359],[126.76075,35.51052],[126.7699,35.50884],[126.76842,35.49614],[126.76435,35.49265],[126.7703,35.48222],[126.77262,35.4679],[126.76296,35.46628],[126.74808,35.45058],[126.74101,35.45298],[126.73772,35.44949],[126.74382,35.44068],[126.75173,35.4359],[126.7542,35.4165],[126.74868,35.41559],[126.74451,35.40875],[126.72247,35.39993],[126.72963,35.39461],[126.73219,35.38319],[126.73126,35.37688],[126.7225,35.36686],[126.70462,35.36513],[126.69937,35.34959],[126.69182,35.35143],[126.68573,35.34424],[126.66644,35.35149],[126.6644,35.34571],[126.66008,35.34424],[126.66093,35.34067],[126.65389,35.32878],[126.64428,35.3272],[126.64698,35.32474],[126.6448,35.31978],[126.62642,35.32135],[126.60417,35.33566],[126.5954,35.32905],[126.58496,35.33018],[126.5804,35.32389],[126.58294,35.31571],[126.58945,35.31751],[126.58491,35.30079],[126.57733,35.30388],[126.57271,35.31015],[126.56358,35.30906],[126.55108,35.31368],[126.53232,35.30674],[126.52993,35.31231],[126.52438,35.31349],[126.52101,35.32512],[126.5138,35.32702],[126.52053,35.34835],[126.51276,35.36203],[126.50376,35.35866],[126.49695,35.35005],[126.49355,35.35038],[126.49214,35.35411],[126.49615,35.3576],[126.49765,35.37216],[126.48622,35.37758],[126.48289,35.38463],[126.47738,35.38618],[126.48972,35.39347],[126.49284,35.40751],[126.47603,35.42933],[126.4734,35.42702]]],[[[126.48211,35.53672],[126.48244,35.53644],[126.48225,35.53628],[126.48211,35.53672]]],[[[126.48211,35.53672],[126.47793,35.54038],[126.48559,35.54039],[126.48211,35.53672]]],[[[126.58704,35.57404],[126.59154,35.57126],[126.5872,35.57072],[126.58704,35.57404]]]]}},{"type":"Feature","properties":{"name":"태안","parents":["충청남도","태안서산북쪽평수구역","천수만평수구역","안면도서쪽평수구역"]},"geometry":{"type":"MultiPolygon","coordinates":[[[[126.16048,36.51479],[126.16384,36.5125],[126.15847,36.50865],[126.15541,36.51128],[126.16048,36.51479]]],[[[126.21088,36.43122],[126.21666,36.43085],[126.21021,36.42859],[126.21088,36.43122]]],[[[126.43485,36.46473],[126.43203,36.46056],[126.43199,36.46402],[126.43485,36.46473]]],[[[126.3039,36.45565],[126.30961,36.45553],[126.31093,36.45066],[126.30581,36.44998],[126.3039,36.45565]]],[[[126.23138,36.45537],[126.23875,36.4558],[126.23915,36.45349],[126.23676,36.44964],[126.23138,36.45537]]],[[[125.57222,36.62144],[125.5793,36.61441],[125.57643,36.61418],[125.57222,36.62144]]],[[[125.56129,36.62277],[125.55739,36.62586],[125.56129,36.62615],[125.56129,36.62277]]],[[[125.71138,36.63145],[125.71826,36.63158],[125.71275,36.62908],[125.71138,36.63145]]],[[[125.74432,36.66518],[125.74781,36.66349],[125.74525,36.66143],[125.74432,36.66518]]],[[[126.082,36.69174],[126.08694,36.68999],[126.08413,36.68431],[126.08738,36.68156],[126.08023,36.67674],[126.08099,36.67248],[126.05898,36.6728],[126.05219,36.66743],[126.04812,36.67166],[126.06191,36.68011],[126.07307,36.67826],[126.08309,36.684],[126.082,36.69174]]],[[[125.94727,36.72479],[125.94724,36.72168],[125.94207,36.72488],[125.94727,36.72479]]],[[[126.1439,36.8012],[126.14384,36.79999],[126.13867,36.80323],[126.1439,36.8012]]],[[[126.1578,36.75335],[126.16049,36.74864],[126.15775,36.74755],[126.1578,36.75335]]],[[[126.15822,36.75422],[126.15855,36.75388],[126.1578,36.75335],[126.15822,36.75422]]],[[[126.31108,36.86533],[126.31524,36.86437],[126.30894,36.86201],[126.30767,36.86527],[126.31108,36.86533]]],[[[126.16812,36.92978],[126.17121,36.92804],[126.16809,36.92675],[126.16812,36.92978]]],[[[126.31305,36.94433],[126.31404,36.94098],[126.3086,36.93851],[126.31305,36.94433]]],[[[126.13591,36.68515],[126.13792,36.68249],[126.14165,36.68628],[126.1485,36.68597],[126.14999,36.67737],[126.13958,36.66914],[126.13557,36.67259],[126.1324,36.66905],[126.13035,36.67101],[126.13628,36.67563],[126.13505,36.68495],[126.13141,36.6813],[126.12533,36.6823],[126.13034,36.68702],[126.1349,36.68789],[126.13591,36.68515]]],[[[126.11488,36.70837],[126.1175,36.70771],[126.11254,36.70328],[126.11488,36.70837]]],[[[126.20226,36.5851],[126.2058,36.58453],[126.20151,36.58176],[126.20185,36.57556],[126.19633,36.56915],[126.19059,36.56844],[126.18887,36.57186],[126.1979,36.57186],[126.20103,36.57469],[126.20147,36.57997],[126.19767,36.57646],[126.19466,36.57849],[126.19705,36.58001],[126.19504,36.58284],[126.20226,36.5851]]],[[[126.33761,36.43994],[126.33626,36.43811],[126.33497,36.44157],[126.33031,36.4413],[126.33296,36.44676],[126.32895,36.45593],[126.3314,36.46196],[126.3251,36.47256],[126.32885,36.47476],[126.33184,36.48446],[126.33021,36.49999],[126.33602,36.50375],[126.3321,36.50513],[126.32711,36.51614],[126.33079,36.53004],[126.32662,36.53809],[126.32928,36.54235],[126.32774,36.55485],[126.3145,36.57081],[126.31165,36.58319],[126.32468,36.5877],[126.32232,36.59827],[126.32905,36.60252],[126.34166,36.6083],[126.34238,36.60518],[126.34777,36.60457],[126.35006,36.61142],[126.35478,36.60974],[126.36001,36.61283],[126.36592,36.60967],[126.36635,36.60039],[126.37268,36.59634],[126.3775,36.60406],[126.38409,36.60316],[126.38085,36.59155],[126.37897,36.59726],[126.37062,36.59427],[126.37135,36.58952],[126.37586,36.58864],[126.37529,36.57882],[126.36874,36.57585],[126.36367,36.57735],[126.35882,36.57215],[126.36283,36.56742],[126.37517,36.56452],[126.37352,36.56191],[126.37926,36.5492],[126.37492,36.5428],[126.38034,36.52867],[126.3864,36.52661],[126.38618,36.52079],[126.3781,36.5192],[126.38137,36.5144],[126.39432,36.51471],[126.39248,36.50852],[126.39738,36.51123],[126.39807,36.50663],[126.402,36.50638],[126.4034,36.4987],[126.39938,36.49657],[126.39895,36.48824],[126.40349,36.49036],[126.40655,36.48749],[126.40877,36.49273],[126.41054,36.49166],[126.40775,36.48521],[126.40872,36.47456],[126.41746,36.46463],[126.40649,36.45417],[126.42223,36.44608],[126.42129,36.44047],[126.43191,36.43733],[126.42784,36.432],[126.43487,36.42222],[126.43416,36.41831],[126.42223,36.41007],[126.42829,36.40039],[126.42112,36.39997],[126.41851,36.40575],[126.41222,36.40473],[126.41093,36.41314],[126.40042,36.41223],[126.39676,36.41427],[126.39721,36.41911],[126.38999,36.42192],[126.37971,36.42057],[126.38059,36.41558],[126.37173,36.41112],[126.3622,36.41547],[126.35444,36.42546],[126.35741,36.43919],[126.35389,36.4418],[126.34446,36.43842],[126.33761,36.43994]]],[[[126.19896,36.59581],[126.20156,36.59485],[126.20067,36.592],[126.19896,36.59581]]],[[[126.24189,36.59431],[126.2446,36.59075],[126.23945,36.59024],[126.24105,36.59277],[126.23449,36.59774],[126.2392,36.59993],[126.23567,36.6035],[126.23971,36.60798],[126.24414,36.60735],[126.24587,36.60106],[126.24189,36.59431]]],[[[125.85633,36.66526],[125.85903,36.6667],[125.86225,36.66214],[125.85747,36.66222],[125.85633,36.66526]]],[[[126.15822,36.75422],[126.15594,36.7566],[126.14084,36.75406],[126.15183,36.74001],[126.15083,36.73135],[126.1487,36.72835],[126.14293,36.72906],[126.14237,36.72525],[126.12152,36.7074],[126.12166,36.71476],[126.127,36.71792],[126.12171,36.72579],[126.12571,36.72667],[126.12473,36.72944],[126.13353,36.73911],[126.13149,36.74662],[126.13409,36.74845],[126.13099,36.75236],[126.12239,36.75291],[126.12186,36.76445],[126.11256,36.76912],[126.11379,36.7739],[126.12004,36.77125],[126.12041,36.77395],[126.12981,36.77436],[126.13326,36.77697],[126.1316,36.78481],[126.13732,36.78339],[126.14472,36.78909],[126.14975,36.80344],[126.14601,36.8041],[126.14861,36.80694],[126.14464,36.80898],[126.15403,36.81093],[126.15475,36.81361],[126.14935,36.81697],[126.1558,36.81653],[126.16069,36.82646],[126.14548,36.83785],[126.15495,36.83803],[126.15731,36.84811],[126.15978,36.84738],[126.16104,36.84323],[126.16556,36.84032],[126.16749,36.84213],[126.16959,36.83811],[126.16632,36.83056],[126.17074,36.82449],[126.17463,36.82516],[126.17088,36.81722],[126.17188,36.81178],[126.17694,36.81023],[126.18596,36.81517],[126.1809,36.81987],[126.18847,36.82506],[126.18716,36.82766],[126.17545,36.83242],[126.19132,36.84276],[126.19852,36.8557],[126.19564,36.85956],[126.19186,36.85843],[126.19229,36.86397],[126.1879,36.86985],[126.19071,36.87125],[126.18863,36.88046],[126.17686,36.88454],[126.18755,36.88901],[126.19208,36.88632],[126.1975,36.88856],[126.20423,36.90146],[126.20272,36.90486],[126.2072,36.90265],[126.2063,36.90045],[126.21234,36.89951],[126.21849,36.90493],[126.2346,36.90762],[126.24778,36.914],[126.25187,36.91332],[126.24798,36.90945],[126.27652,36.8978],[126.28983,36.90113],[126.28512,36.90373],[126.28405,36.9089],[126.29418,36.92928],[126.29234,36.93538],[126.28914,36.93626],[126.29044,36.95245],[126.2843,36.96355],[126.28596,36.96953],[126.29472,36.96954],[126.29978,36.97706],[126.3042,36.97747],[126.30729,36.97286],[126.30459,36.97135],[126.30548,36.96643],[126.29828,36.96675],[126.29203,36.96286],[126.3052,36.96209],[126.31007,36.95469],[126.30736,36.94717],[126.30172,36.94408],[126.3096,36.92969],[126.30024,36.91931],[126.31342,36.90503],[126.31952,36.90474],[126.31936,36.89198],[126.33022,36.89117],[126.326,36.88521],[126.31812,36.88704],[126.31303,36.88369],[126.30799,36.86673],[126.3025,36.86416],[126.30497,36.85959],[126.2956,36.8528],[126.29333,36.84299],[126.30387,36.84192],[126.30322,36.83845],[126.3154,36.83857],[126.3153,36.83284],[126.29516,36.82428],[126.28371,36.82537],[126.28077,36.81779],[126.28892,36.8138],[126.28625,36.80354],[126.28747,36.79921],[126.29316,36.79821],[126.29736,36.80326],[126.29617,36.80834],[126.30468,36.8146],[126.31837,36.81412],[126.32132,36.81846],[126.32823,36.81383],[126.33498,36.81501],[126.35795,36.78877],[126.34832,36.77826],[126.35058,36.76737],[126.34337,36.74659],[126.33712,36.74391],[126.33897,36.73987],[126.34289,36.7421],[126.34617,36.73071],[126.34731,36.68024],[126.36019,36.62489],[126.3537,36.61869],[126.34015,36.61578],[126.33541,36.61867],[126.3327,36.61619],[126.33529,36.61162],[126.32147,36.6004],[126.31516,36.58945],[126.30689,36.59545],[126.30278,36.59329],[126.3029,36.58885],[126.29442,36.58406],[126.28315,36.59384],[126.2888,36.60231],[126.28878,36.61511],[126.30124,36.62646],[126.30097,36.63844],[126.28428,36.67171],[126.27821,36.67363],[126.27331,36.66975],[126.26977,36.67372],[126.26573,36.67144],[126.26399,36.67861],[126.26648,36.68158],[126.26215,36.68474],[126.2613,36.69546],[126.27311,36.70348],[126.27091,36.71388],[126.27368,36.71995],[126.27055,36.72661],[126.27949,36.72856],[126.27571,36.73138],[126.26947,36.73033],[126.25065,36.71396],[126.24808,36.71837],[126.23503,36.7181],[126.23341,36.70964],[126.24007,36.70422],[126.23118,36.70087],[126.23283,36.69872],[126.22724,36.69408],[126.20939,36.69318],[126.20727,36.68789],[126.1984,36.68417],[126.19623,36.67431],[126.18072,36.67843],[126.17602,36.67616],[126.17012,36.67957],[126.15548,36.67704],[126.15254,36.67945],[126.14911,36.70185],[126.15065,36.705],[126.1632,36.70796],[126.15982,36.71102],[126.16958,36.7172],[126.18319,36.71394],[126.19483,36.70605],[126.20726,36.70519],[126.21767,36.71078],[126.22307,36.71774],[126.22301,36.72238],[126.21495,36.72727],[126.20221,36.72138],[126.20335,36.72631],[126.21192,36.73449],[126.21145,36.74107],[126.20584,36.73658],[126.20091,36.7368],[126.18337,36.74552],[126.18646,36.74798],[126.18497,36.75326],[126.16636,36.75853],[126.15822,36.75422]]]]}},{"type":"Feature","properties":{"name":"여수","parents":["전라남도","전남동부남해앞바다중동부평수구역"]},"geometry":{"type":"MultiPolygon","coordinates":[[[[127.28999,34.02231],[127.28973,34.02276],[127.29037,34.02266],[127.28999,34.02231]]],[[[127.3102,34.03011],[127.32429,34.02522],[127.31023,34.02484],[127.3102,34.03011]]],[[[127.39739,34.05793],[127.38626,34.05557],[127.38887,34.0609],[127.39739,34.05793]]],[[[127.5088,34.11516],[127.51387,34.11582],[127.51148,34.11394],[127.5088,34.11516]]],[[[127.35375,34.17799],[127.35842,34.17504],[127.35696,34.17095],[127.35121,34.17371],[127.35375,34.17799]]],[[[127.36246,34.04244],[127.35863,34.04273],[127.36032,34.04358],[127.36246,34.04244]]],[[[127.29466,34.01426],[127.29637,34.01804],[127.28845,34.03375],[127.28097,34.03552],[127.27947,34.04847],[127.28238,34.05088],[127.27522,34.05276],[127.2802,34.05769],[127.28294,34.05462],[127.28638,34.05634],[127.28625,34.05872],[127.29479,34.0554],[127.29447,34.06125],[127.29134,34.06278],[127.2958,34.06231],[127.29754,34.05807],[127.29248,34.0471],[127.29757,34.03133],[127.30489,34.02886],[127.3075,34.02336],[127.30502,34.01871],[127.31554,34.01409],[127.32312,34.01606],[127.32529,34.01257],[127.32312,34.00698],[127.31685,34.01355],[127.31158,34.01144],[127.29466,34.01426]]],[[[127.31973,34.05696],[127.32167,34.05926],[127.32628,34.05488],[127.32425,34.04586],[127.33158,34.04127],[127.33361,34.03433],[127.31338,34.04023],[127.30951,34.05297],[127.30255,34.05788],[127.30603,34.06276],[127.30861,34.05837],[127.31973,34.05696]]],[[[127.46053,34.22882],[127.45887,34.23141],[127.46206,34.23179],[127.46445,34.22716],[127.46053,34.22882]]],[[[127.26621,34.23258],[127.26579,34.2321],[127.26366,34.23338],[127.26621,34.23258]]],[[[127.26987,34.2367],[127.26942,34.23698],[127.2698,34.23711],[127.26987,34.2367]]],[[[127.27124,34.23782],[127.26897,34.23737],[127.26742,34.23864],[127.27124,34.23782]]],[[[127.22138,34.21043],[127.22297,34.21183],[127.22516,34.21049],[127.22138,34.21043]]],[[[127.23758,34.21289],[127.23656,34.2121],[127.23563,34.21364],[127.23758,34.21289]]],[[[127.22366,34.22429],[127.22545,34.22336],[127.2224,34.22107],[127.21764,34.22307],[127.22366,34.22429]]],[[[127.25734,34.26419],[127.26156,34.26122],[127.25793,34.25862],[127.25457,34.26006],[127.25734,34.26419]]],[[[127.53054,34.26934],[127.54024,34.26757],[127.53813,34.26262],[127.53127,34.26074],[127.5281,34.26633],[127.53054,34.26934]]],[[[127.44773,34.2585],[127.45357,34.25972],[127.45078,34.25652],[127.44773,34.2585]]],[[[127.27809,34.27468],[127.28332,34.27414],[127.26984,34.27094],[127.2677,34.27309],[127.27809,34.27468]]],[[[127.27649,34.27883],[127.27669,34.27869],[127.27512,34.27879],[127.27649,34.27883]]],[[[127.27774,34.28076],[127.28162,34.28022],[127.27805,34.27922],[127.27774,34.28076]]],[[[127.38866,34.29525],[127.39912,34.29631],[127.40221,34.29021],[127.40098,34.28523],[127.39269,34.28297],[127.39203,34.27985],[127.38825,34.28085],[127.38619,34.29187],[127.38866,34.29525]]],[[[127.29503,34.3004],[127.29414,34.29962],[127.2937,34.30006],[127.29503,34.3004]]],[[[127.37753,34.2942],[127.38118,34.29441],[127.37037,34.29442],[127.37753,34.2942]]],[[[127.26986,34.27012],[127.26915,34.26857],[127.269,34.27021],[127.27094,34.27011],[127.26986,34.27012]]],[[[127.35016,34.29374],[127.35349,34.29469],[127.35275,34.2886],[127.35701,34.28598],[127.36127,34.28679],[127.36404,34.29367],[127.37116,34.28772],[127.36671,34.28685],[127.3606,34.27726],[127.34888,34.26783],[127.3494,34.28001],[127.34711,34.28156],[127.35016,34.29374]]],[[[127.90208,34.41409],[127.90262,34.41695],[127.90517,34.4169],[127.90208,34.41409]]],[[[127.79105,34.47507],[127.78996,34.48086],[127.79416,34.47711],[127.79105,34.47507]]],[[[127.79437,34.41601],[127.78646,34.41468],[127.78875,34.42562],[127.79354,34.42599],[127.79524,34.42947],[127.78579,34.43045],[127.78639,34.43512],[127.79794,34.44024],[127.79491,34.45749],[127.80511,34.46129],[127.80591,34.45648],[127.8017,34.45414],[127.80228,34.45087],[127.80843,34.44885],[127.81448,34.45324],[127.80946,34.44168],[127.80991,34.43428],[127.80449,34.42922],[127.80811,34.425],[127.80769,34.41642],[127.80425,34.41692],[127.79934,34.41149],[127.7981,34.41584],[127.79437,34.41601]]],[[[127.78224,34.45264],[127.78584,34.45263],[127.78384,34.45147],[127.78224,34.45264]]],[[[127.77453,34.53563],[127.76994,34.53459],[127.77277,34.53784],[127.77453,34.53563]]],[[[127.7682,34.564],[127.7656,34.56248],[127.7652,34.56488],[127.7682,34.564]]],[[[127.73652,34.56553],[127.74163,34.56314],[127.7357,34.55919],[127.72438,34.56267],[127.72981,34.57107],[127.73634,34.56945],[127.73652,34.56553]]],[[[127.75134,34.56778],[127.74845,34.56341],[127.74446,34.56529],[127.75134,34.56778]]],[[[127.81785,34.4937],[127.8129,34.4917],[127.81474,34.48886],[127.82543,34.48498],[127.82112,34.4813],[127.82155,34.47602],[127.81553,34.47937],[127.81027,34.47527],[127.8105,34.48056],[127.80495,34.48303],[127.80063,34.47705],[127.80444,34.4719],[127.7965,34.4731],[127.79747,34.48977],[127.80693,34.49032],[127.81133,34.49771],[127.82585,34.49859],[127.82627,34.49531],[127.81785,34.4937]]],[[[127.76945,34.5109],[127.77761,34.50534],[127.78107,34.50763],[127.79322,34.50194],[127.79096,34.49858],[127.79617,34.49281],[127.79025,34.48702],[127.77471,34.48833],[127.76987,34.49145],[127.76687,34.4891],[127.76264,34.49101],[127.76944,34.49242],[127.77259,34.49855],[127.76644,34.4967],[127.75378,34.49934],[127.75472,34.50279],[127.75103,34.5049],[127.74727,34.50163],[127.73799,34.50219],[127.73372,34.50492],[127.7407,34.51045],[127.72557,34.51537],[127.73177,34.52726],[127.71911,34.52419],[127.7127,34.52969],[127.70061,34.53255],[127.69631,34.53886],[127.70988,34.53771],[127.72813,34.55016],[127.74047,34.55308],[127.7521,34.55026],[127.75779,34.55232],[127.76407,34.53998],[127.7624,34.53484],[127.78016,34.52006],[127.78242,34.51169],[127.76945,34.5109]]],[[[127.25331,34.25104],[127.25859,34.2507],[127.26235,34.24468],[127.25872,34.24384],[127.26301,34.23832],[127.25878,34.23838],[127.25806,34.23353],[127.26205,34.22835],[127.26146,34.22458],[127.25141,34.22389],[127.24966,34.22127],[127.25794,34.21929],[127.25964,34.21316],[127.25652,34.21112],[127.24585,34.21403],[127.24132,34.21937],[127.23888,34.21536],[127.22889,34.21601],[127.22633,34.21323],[127.22491,34.21613],[127.22783,34.21777],[127.23324,34.23668],[127.24153,34.23639],[127.24471,34.24689],[127.25331,34.25104]]],[[[127.44608,34.24179],[127.44991,34.2503],[127.45512,34.24908],[127.45345,34.24233],[127.44608,34.24179]]],[[[127.26449,34.24203],[127.26578,34.242],[127.26276,34.2414],[127.26449,34.24203]]],[[[127.51028,34.76143],[127.51362,34.7567],[127.5108,34.75736],[127.51028,34.76143]]],[[[127.48972,34.764],[127.49564,34.76539],[127.4957,34.76118],[127.5043,34.75504],[127.50031,34.75232],[127.48972,34.764]]],[[[127.63352,34.87099],[127.65878,34.84465],[127.63627,34.82984],[127.62842,34.83481],[127.62864,34.83802],[127.63485,34.83725],[127.63885,34.84531],[127.63625,34.84808],[127.62259,34.84781],[127.61367,34.85806],[127.63352,34.87099]]],[[[127.62035,34.86917],[127.62271,34.86726],[127.61957,34.86587],[127.62035,34.86917]]],[[[127.61937,34.88325],[127.63034,34.88051],[127.63039,34.8754],[127.62407,34.87988],[127.6114,34.88089],[127.61937,34.88325]]],[[[127.72683,34.86713],[127.72797,34.86846],[127.73073,34.86767],[127.72683,34.86713]]],[[[127.73311,34.89136],[127.73281,34.89356],[127.74549,34.8912],[127.75075,34.87802],[127.74615,34.8733],[127.72648,34.87409],[127.72273,34.87147],[127.72353,34.86845],[127.70884,34.87256],[127.70391,34.87031],[127.69769,34.87361],[127.70032,34.87731],[127.69154,34.88496],[127.6984,34.8885],[127.70047,34.89344],[127.71623,34.89913],[127.73311,34.89136]]],[[[127.66521,34.74684],[127.66579,34.74234],[127.66267,34.74168],[127.66521,34.74684]]],[[[127.76637,34.74711],[127.76634,34.74712],[127.76648,34.74747],[127.76637,34.74711]]],[[[127.76648,34.74747],[127.76752,34.75076],[127.76787,34.75092],[127.76648,34.74747]]],[[[127.55732,34.74367],[127.56206,34.74957],[127.56785,34.74264],[127.5655,34.73938],[127.55802,34.74075],[127.55732,34.74367]]],[[[127.57071,34.7628],[127.56012,34.7629],[127.55863,34.76988],[127.56791,34.76696],[127.57071,34.7628]]],[[[127.51698,34.63972],[127.51748,34.63451],[127.51346,34.63235],[127.51688,34.63009],[127.51628,34.62482],[127.5247,34.62088],[127.52111,34.61919],[127.51457,34.62293],[127.50893,34.63324],[127.51698,34.63972]]],[[[127.53599,34.63335],[127.53673,34.62975],[127.54354,34.63253],[127.55211,34.62735],[127.54144,34.62436],[127.53301,34.62757],[127.53599,34.63335]]],[[[127.54765,34.6412],[127.56814,34.63513],[127.5678,34.62676],[127.54765,34.6412]]],[[[127.70827,34.67111],[127.7127,34.67093],[127.71059,34.66918],[127.70827,34.67111]]],[[[127.71091,34.63726],[127.71454,34.63666],[127.71236,34.63576],[127.71091,34.63726]]],[[[127.65107,34.63588],[127.64646,34.63217],[127.64685,34.63547],[127.65107,34.63588]]],[[[127.70051,34.67641],[127.69929,34.67899],[127.70502,34.67666],[127.70051,34.67641]]],[[[127.74207,34.68036],[127.74315,34.67643],[127.73988,34.68079],[127.74207,34.68036]]],[[[127.70097,34.70844],[127.70085,34.71137],[127.70715,34.71068],[127.712,34.70233],[127.70097,34.70844]]],[[[127.738,34.70228],[127.73201,34.69979],[127.71995,34.70533],[127.72076,34.70955],[127.71695,34.71313],[127.72199,34.71525],[127.71846,34.71865],[127.72042,34.72144],[127.72473,34.7224],[127.72352,34.71811],[127.73073,34.71913],[127.7303,34.71454],[127.72799,34.7158],[127.72566,34.71236],[127.74243,34.7049],[127.738,34.70228]]],[[[127.70946,34.718],[127.71168,34.712],[127.70959,34.71437],[127.70946,34.718]]],[[[127.71471,34.71984],[127.70902,34.71934],[127.71188,34.72128],[127.71471,34.71984]]],[[[127.56224,34.73799],[127.56492,34.7366],[127.56462,34.73284],[127.56224,34.73799]]],[[[127.76637,34.74711],[127.76886,34.74577],[127.76574,34.74297],[127.75592,34.74112],[127.75072,34.73589],[127.73386,34.73781],[127.73106,34.72918],[127.72599,34.72998],[127.70497,34.72024],[127.69827,34.72106],[127.70008,34.72387],[127.67808,34.73595],[127.67265,34.74168],[127.67337,34.7458],[127.66378,34.74944],[127.66158,34.75483],[127.65725,34.75434],[127.65543,34.74996],[127.65803,34.7502],[127.65847,34.74635],[127.65246,34.74432],[127.63954,34.71878],[127.6358,34.71898],[127.64194,34.70668],[127.62585,34.71173],[127.62787,34.71814],[127.62503,34.71837],[127.62072,34.71304],[127.62194,34.70822],[127.61662,34.7097],[127.61361,34.70627],[127.62789,34.69585],[127.62283,34.68903],[127.6317,34.68317],[127.63418,34.68555],[127.63944,34.68345],[127.63063,34.67954],[127.61734,34.68301],[127.63312,34.67015],[127.63165,34.66531],[127.6354,34.66147],[127.63154,34.66149],[127.63361,34.65863],[127.6287,34.65567],[127.62958,34.65042],[127.64266,34.65045],[127.6372,34.64619],[127.63959,34.64299],[127.63494,34.64156],[127.63317,34.63616],[127.63967,34.63689],[127.64617,34.62879],[127.636,34.6262],[127.63398,34.63273],[127.62546,34.62968],[127.62121,34.63906],[127.58984,34.65177],[127.581,34.65171],[127.57469,34.64799],[127.58275,34.63062],[127.57974,34.63106],[127.56338,34.65513],[127.55883,34.65927],[127.55359,34.6586],[127.55253,34.6691],[127.56153,34.67151],[127.56356,34.67533],[127.55044,34.68212],[127.55273,34.68289],[127.55085,34.68901],[127.55307,34.69367],[127.55884,34.69391],[127.55644,34.69618],[127.55938,34.70024],[127.58022,34.69654],[127.57706,34.70198],[127.56761,34.70324],[127.56594,34.70066],[127.56265,34.70691],[127.55782,34.70757],[127.55912,34.70313],[127.55317,34.7008],[127.55686,34.71371],[127.54923,34.71091],[127.55151,34.71987],[127.55499,34.71861],[127.56397,34.72405],[127.56127,34.7319],[127.56726,34.72795],[127.57622,34.73149],[127.57989,34.73559],[127.57797,34.73886],[127.58415,34.73961],[127.58459,34.7463],[127.59164,34.74487],[127.59411,34.74846],[127.59027,34.75104],[127.58664,34.7492],[127.59009,34.75767],[127.58512,34.76736],[127.58154,34.76897],[127.57919,34.76078],[127.5716,34.76034],[127.57516,34.76925],[127.56957,34.77672],[127.56107,34.77824],[127.56996,34.77931],[127.56505,34.79206],[127.55849,34.79631],[127.56064,34.80245],[127.55743,34.80674],[127.54619,34.81028],[127.54294,34.8089],[127.54351,34.80603],[127.53251,34.80608],[127.52437,34.81138],[127.52604,34.82245],[127.53809,34.83167],[127.5433,34.83896],[127.54464,34.8499],[127.55105,34.85609],[127.55067,34.86394],[127.54131,34.86783],[127.53549,34.87808],[127.54762,34.88878],[127.58198,34.88517],[127.5937,34.8901],[127.59995,34.89866],[127.60306,34.89547],[127.60613,34.89732],[127.61374,34.89241],[127.59133,34.87999],[127.58959,34.87469],[127.60427,34.86088],[127.60243,34.8583],[127.60773,34.85076],[127.61081,34.84956],[127.60994,34.85327],[127.61318,34.85442],[127.62311,34.84447],[127.63519,34.84667],[127.63496,34.83855],[127.6269,34.84059],[127.62733,34.83431],[127.63621,34.82808],[127.66164,34.84461],[127.67014,34.83788],[127.67386,34.83972],[127.695,34.86474],[127.69865,34.85924],[127.72811,34.86217],[127.7338,34.85485],[127.74304,34.85082],[127.73969,34.85967],[127.76229,34.86356],[127.77275,34.86157],[127.77628,34.85491],[127.77488,34.83749],[127.76774,34.83136],[127.76827,34.82288],[127.77356,34.82266],[127.77313,34.81993],[127.767,34.81831],[127.77003,34.81289],[127.76619,34.80931],[127.76905,34.80322],[127.76661,34.79936],[127.75888,34.80052],[127.75641,34.79712],[127.75865,34.79445],[127.75505,34.79298],[127.75574,34.78486],[127.74513,34.77687],[127.75436,34.76186],[127.74845,34.74775],[127.75528,34.74251],[127.76637,34.74711]]],[[[127.7061,34.61005],[127.72453,34.60949],[127.72243,34.60561],[127.71335,34.60737],[127.70805,34.60329],[127.70428,34.60411],[127.7061,34.61005]]],[[[127.55942,34.58563],[127.56027,34.58833],[127.55331,34.59058],[127.55607,34.59383],[127.55628,34.59047],[127.56073,34.58845],[127.55942,34.58563]]],[[[127.56793,34.58611],[127.5634,34.58657],[127.56248,34.58844],[127.56793,34.58611]]],[[[127.60149,34.59055],[127.60536,34.58964],[127.60091,34.58845],[127.60149,34.59055]]],[[[127.68128,34.59552],[127.68965,34.59441],[127.69088,34.59113],[127.68472,34.58872],[127.68128,34.59552]]],[[[127.62095,34.5967],[127.62581,34.596],[127.62494,34.58895],[127.62199,34.59217],[127.60825,34.58839],[127.60723,34.59052],[127.62095,34.5967]]],[[[127.56584,34.60891],[127.56521,34.60385],[127.55144,34.60197],[127.5536,34.59886],[127.54864,34.59588],[127.53768,34.59624],[127.54068,34.60247],[127.53782,34.60573],[127.5405,34.60724],[127.53913,34.60945],[127.53505,34.60468],[127.52761,34.60579],[127.5254,34.60282],[127.52218,34.61521],[127.53001,34.61735],[127.54058,34.61173],[127.54478,34.61903],[127.55148,34.61472],[127.56182,34.61545],[127.56584,34.60891]]],[[[127.57778,34.59628],[127.57726,34.59996],[127.57982,34.59686],[127.57778,34.59628]]],[[[127.59662,34.60129],[127.6069,34.60412],[127.60181,34.59499],[127.59558,34.59746],[127.59662,34.60129]]],[[[127.64934,34.60376],[127.66069,34.60374],[127.66094,34.60072],[127.65447,34.59624],[127.65805,34.59336],[127.65184,34.58702],[127.64928,34.5888],[127.65143,34.60107],[127.64934,34.60376]]],[[[127.64509,34.61984],[127.65085,34.61543],[127.65252,34.60913],[127.64147,34.61166],[127.63344,34.60727],[127.62504,34.61427],[127.62743,34.62178],[127.6324,34.62451],[127.63864,34.62371],[127.64325,34.61813],[127.64509,34.61984]]],[[[127.68726,34.56084],[127.68778,34.57123],[127.67847,34.56695],[127.67419,34.55567],[127.67002,34.55536],[127.67034,34.56038],[127.66362,34.55773],[127.66498,34.5553],[127.65599,34.55319],[127.64773,34.5586],[127.64762,34.56737],[127.63949,34.56893],[127.63718,34.56287],[127.63821,34.5737],[127.648,34.5814],[127.65364,34.57992],[127.66038,34.58545],[127.6709,34.58039],[127.67086,34.57199],[127.67538,34.57477],[127.68044,34.56992],[127.68325,34.57494],[127.69099,34.57651],[127.69593,34.57508],[127.70496,34.56479],[127.69594,34.56265],[127.6904,34.56482],[127.68726,34.56084]]],[[[127.71975,34.57768],[127.72748,34.57831],[127.7239,34.56985],[127.71164,34.56592],[127.71008,34.57616],[127.71975,34.57768]]],[[[127.74048,34.57574],[127.74234,34.57163],[127.74003,34.56996],[127.73783,34.57135],[127.74048,34.57574]]],[[[127.75943,34.58202],[127.76454,34.57559],[127.75437,34.57703],[127.75943,34.58202]]],[[[127.67889,34.57938],[127.68194,34.58049],[127.68238,34.57756],[127.67889,34.57938]]],[[[127.72176,34.58886],[127.73181,34.59504],[127.73392,34.59337],[127.7303,34.58904],[127.73417,34.58974],[127.74401,34.58221],[127.74371,34.57956],[127.73464,34.57559],[127.71776,34.59115],[127.71292,34.59111],[127.71794,34.59381],[127.72176,34.58886]]],[[[127.78173,34.71962],[127.78594,34.71692],[127.79026,34.70631],[127.7889,34.6995],[127.78404,34.70281],[127.77587,34.70226],[127.7806,34.70776],[127.77851,34.71198],[127.77353,34.70418],[127.76603,34.71103],[127.75917,34.70388],[127.76596,34.69426],[127.77918,34.69698],[127.78233,34.68944],[127.77745,34.68625],[127.778,34.67861],[127.78501,34.66996],[127.79301,34.67242],[127.79548,34.6674],[127.80069,34.66754],[127.7936,34.66509],[127.79491,34.66064],[127.8013,34.66136],[127.80627,34.65794],[127.7981,34.65512],[127.79464,34.64355],[127.8003,34.63025],[127.79153,34.62881],[127.79382,34.62432],[127.79046,34.62082],[127.79248,34.61828],[127.78887,34.61635],[127.79212,34.61063],[127.78829,34.60828],[127.79354,34.60317],[127.80242,34.60168],[127.80213,34.59607],[127.80792,34.59666],[127.80271,34.58715],[127.78967,34.58479],[127.77848,34.58969],[127.77071,34.58791],[127.76364,34.59348],[127.74953,34.59274],[127.73634,34.60542],[127.73766,34.61056],[127.71959,34.61445],[127.71064,34.62339],[127.71967,34.62873],[127.7246,34.63756],[127.7179,34.64313],[127.71361,34.64093],[127.71234,34.64358],[127.71928,34.64594],[127.72366,34.65589],[127.72945,34.65628],[127.74318,34.66504],[127.74811,34.66961],[127.7471,34.67476],[127.76304,34.68759],[127.75614,34.69138],[127.7579,34.69372],[127.75413,34.69777],[127.75636,34.70768],[127.75219,34.71495],[127.74698,34.71441],[127.74169,34.72206],[127.74183,34.72719],[127.73687,34.72977],[127.73806,34.73311],[127.74843,34.73364],[127.78173,34.71962]]]]}},{"type":"Feature","properties":{"name":"신안(흑산면제외)","parents":["전라남도","전남중부서해앞바다중먼평수구역","전남중부서해앞바다중앞평수구역"]},"geometry":{"type":"MultiPolygon","coordinates":[[[[126.19482,34.5819],[126.19915,34.5822],[126.19351,34.57332],[126.18949,34.57571],[126.19482,34.5819]]],[[[126.14656,34.58142],[126.14964,34.58078],[126.14639,34.57497],[126.14004,34.57983],[126.14656,34.58142]]],[[[126.01272,34.53136],[126.01611,34.53202],[126.01427,34.52925],[126.01272,34.53136]]],[[[126.04218,34.54418],[126.03731,34.54509],[126.04083,34.546],[126.04218,34.54418]]],[[[126.14631,34.56916],[126.14927,34.57153],[126.15659,34.56649],[126.14899,34.56204],[126.14631,34.56916]]],[[[125.85424,34.62921],[125.85808,34.62278],[125.85382,34.61835],[125.85802,34.61901],[125.86109,34.60426],[125.84602,34.60251],[125.84231,34.59792],[125.82482,34.60063],[125.81854,34.59333],[125.81118,34.5967],[125.81102,34.60274],[125.81671,34.60441],[125.82507,34.60181],[125.82827,34.60879],[125.8224,34.61234],[125.81356,34.61046],[125.81144,34.61434],[125.81502,34.61443],[125.81425,34.61714],[125.80308,34.62021],[125.80358,34.62287],[125.81139,34.622],[125.82159,34.61401],[125.85041,34.63024],[125.85424,34.62921]]],[[[125.86972,34.60043],[125.8747,34.59981],[125.87181,34.59828],[125.86972,34.60043]]],[[[125.86806,34.6105],[125.86917,34.61306],[125.87253,34.60979],[125.8704,34.60265],[125.86806,34.6105]]],[[[125.88698,34.56683],[125.89095,34.56556],[125.89039,34.5629],[125.88103,34.56294],[125.88698,34.56683]]],[[[125.91236,34.5653],[125.91216,34.56833],[125.91557,34.56712],[125.91236,34.5653]]],[[[126.02423,34.59409],[126.02508,34.59333],[126.02197,34.59376],[126.02423,34.59409]]],[[[125.96091,34.59754],[125.97335,34.5999],[125.97375,34.60394],[125.97734,34.60369],[125.97427,34.60103],[125.97662,34.59913],[125.98463,34.60322],[125.98571,34.60141],[125.97635,34.59699],[125.97844,34.57986],[125.97474,34.57839],[125.9668,34.58019],[125.97401,34.58995],[125.97292,34.59521],[125.95759,34.59355],[125.95831,34.59853],[125.96091,34.59754]]],[[[126.00278,34.60558],[126.00577,34.60735],[126.00662,34.59989],[125.99725,34.59785],[126.00278,34.60558]]],[[[125.88862,34.60665],[125.88622,34.60468],[125.89113,34.60188],[125.89137,34.5979],[125.8767,34.60779],[125.87415,34.61296],[125.87958,34.6093],[125.88211,34.61181],[125.88862,34.60665]]],[[[126.21962,34.62335],[126.22201,34.6228],[126.22138,34.62233],[126.21962,34.62335]]],[[[126.08856,34.64266],[126.09162,34.64221],[126.08883,34.64054],[126.08856,34.64266]]],[[[126.04763,34.60876],[126.04834,34.62358],[126.05165,34.62983],[126.0694,34.62801],[126.08336,34.61863],[126.08302,34.61335],[126.08898,34.60762],[126.09951,34.6091],[126.10286,34.60514],[126.09845,34.59676],[126.10328,34.59535],[126.10596,34.58932],[126.11034,34.58997],[126.10923,34.58551],[126.09889,34.58024],[126.10375,34.5759],[126.1019,34.57367],[126.09607,34.57445],[126.09192,34.56876],[126.0995,34.56312],[126.10226,34.55722],[126.10023,34.55286],[126.08338,34.55616],[126.08663,34.54774],[126.07704,34.54032],[126.06129,34.53876],[126.06352,34.53351],[126.05776,34.53416],[126.05638,34.5306],[126.04825,34.52962],[126.04647,34.53313],[126.04209,34.53083],[126.04031,34.53425],[126.03188,34.53264],[126.02548,34.53502],[126.02815,34.54304],[126.04471,34.5376],[126.04791,34.54164],[126.04469,34.54331],[126.0561,34.5498],[126.06012,34.54793],[126.05708,34.55191],[126.06067,34.55305],[126.05349,34.5569],[126.04877,34.55456],[126.0378,34.55781],[126.03431,34.5518],[126.02622,34.55537],[126.03098,34.56164],[126.0343,34.55932],[126.03356,34.56376],[126.04254,34.56519],[126.06394,34.55933],[126.07311,34.57364],[126.08085,34.57724],[126.08119,34.58101],[126.08532,34.5801],[126.08702,34.58446],[126.07462,34.58414],[126.06826,34.59416],[126.06457,34.60754],[126.06668,34.60912],[126.05927,34.61267],[126.04763,34.60876]]],[[[126.03678,34.6305],[126.03941,34.63027],[126.03978,34.62193],[126.0326,34.61234],[126.04554,34.6019],[126.05454,34.60462],[126.05994,34.59483],[126.05782,34.59187],[126.06114,34.59215],[126.06498,34.5829],[126.06067,34.57188],[126.05316,34.56828],[126.04693,34.57123],[126.04153,34.56798],[126.04186,34.57064],[126.03718,34.57263],[126.03129,34.57222],[126.02509,34.56402],[126.01894,34.56455],[126.02079,34.57791],[126.01546,34.57899],[126.01798,34.5816],[126.01485,34.58364],[126.02674,34.59233],[126.01958,34.60037],[126.01109,34.5964],[126.01414,34.59947],[126.01099,34.60788],[126.01675,34.61808],[126.00991,34.63056],[126.01744,34.63554],[126.0293,34.63527],[126.03678,34.6305]]],[[[125.9401,34.63422],[125.94306,34.63414],[125.94296,34.63133],[125.94017,34.63088],[125.9401,34.63422]]],[[[126.1812,34.6164],[126.18418,34.61821],[126.18446,34.61372],[126.1812,34.6164]]],[[[126.10847,34.61411],[126.11572,34.61455],[126.11147,34.61154],[126.10847,34.61411]]],[[[126.20892,34.62042],[126.19968,34.62122],[126.19484,34.62559],[126.19755,34.62734],[126.20594,34.62262],[126.21098,34.62589],[126.21889,34.62467],[126.21462,34.6229],[126.21379,34.6185],[126.20892,34.62042]]],[[[125.98889,34.61693],[125.99873,34.61819],[125.99369,34.62095],[125.99409,34.6291],[125.99962,34.62907],[125.99988,34.63145],[126.00376,34.6299],[126.00995,34.61451],[126.00667,34.61012],[125.9969,34.60827],[125.9991,34.61165],[125.99646,34.61242],[125.99357,34.60848],[125.98997,34.60918],[125.98889,34.61693]]],[[[126.12052,34.62473],[126.12591,34.61909],[126.10967,34.61885],[126.10816,34.62285],[126.12052,34.62473]]],[[[126.09474,34.63502],[126.09232,34.63801],[126.09614,34.63618],[126.09474,34.63502]]],[[[126.0655,34.63517],[126.06885,34.63432],[126.06743,34.63191],[126.0655,34.63517]]],[[[126.08861,34.63287],[126.08671,34.6307],[126.08043,34.64039],[126.08861,34.63287]]],[[[126.08019,34.63462],[126.07523,34.63392],[126.07635,34.63888],[126.08019,34.63462]]],[[[125.85158,34.67499],[125.84666,34.67418],[125.84892,34.67611],[125.85158,34.67499]]],[[[126.0137,34.68679],[126.01419,34.68326],[126.01029,34.6853],[126.0137,34.68679]]],[[[125.94169,34.74542],[125.94388,34.7446],[125.94466,34.74201],[125.94169,34.74542]]],[[[125.93916,34.74721],[125.93967,34.74666],[125.93775,34.74644],[125.93916,34.74721]]],[[[125.93879,34.74918],[125.94001,34.74768],[125.93837,34.74808],[125.93879,34.74918]]],[[[125.95284,34.7395],[125.94869,34.74132],[125.95077,34.74177],[125.95284,34.7395]]],[[[126.19438,34.70721],[126.19379,34.70385],[126.20171,34.7024],[126.20135,34.69949],[126.19274,34.69719],[126.19425,34.68853],[126.19772,34.68719],[126.19396,34.6834],[126.18611,34.68496],[126.18106,34.68088],[126.17046,34.67956],[126.16019,34.68853],[126.16922,34.69175],[126.17752,34.6881],[126.18015,34.69792],[126.19438,34.70721]]],[[[126.17119,34.69736],[126.17293,34.69436],[126.17117,34.69431],[126.17119,34.69736]]],[[[126.08679,34.70896],[126.08808,34.70733],[126.08525,34.70925],[126.08679,34.70896]]],[[[126.12224,34.71392],[126.13091,34.71242],[126.13683,34.70625],[126.1254,34.70384],[126.12124,34.70805],[126.12224,34.71392]]],[[[126.10211,34.71162],[126.11216,34.71271],[126.11415,34.70757],[126.10252,34.69713],[126.09592,34.70082],[126.09392,34.70625],[126.10211,34.71162]]],[[[126.18613,34.72893],[126.18979,34.73014],[126.18762,34.72679],[126.18613,34.72893]]],[[[126.14591,34.70955],[126.14427,34.70757],[126.14204,34.70928],[126.14591,34.70955]]],[[[126.06462,34.71226],[126.06865,34.71127],[126.06712,34.70809],[126.06462,34.71226]]],[[[126.00465,34.72271],[126.00587,34.72356],[126.00974,34.72185],[126.00465,34.72271]]],[[[125.9913,34.73],[125.99605,34.72899],[125.99486,34.72609],[125.9913,34.73]]],[[[125.99915,34.72748],[125.99728,34.73023],[126.00198,34.72759],[125.99915,34.72748]]],[[[126.00999,34.64288],[126.01522,34.64414],[126.01867,34.63893],[126.0127,34.63911],[126.00836,34.63559],[126.00372,34.63895],[126.00293,34.64172],[126.00821,34.63988],[126.00999,34.64288]]],[[[125.95969,34.64485],[125.97454,34.63452],[125.97946,34.62518],[125.97679,34.61916],[125.97172,34.6202],[125.96425,34.62929],[125.95924,34.62347],[125.94642,34.63475],[125.94688,34.63788],[125.95494,34.63723],[125.95969,34.64485]]],[[[126.15295,34.67284],[126.17026,34.66187],[126.17488,34.66357],[126.17712,34.65559],[126.18265,34.65628],[126.18721,34.65237],[126.18253,34.64426],[126.18747,34.64072],[126.18433,34.64002],[126.18536,34.63773],[126.20026,34.64243],[126.2019,34.63525],[126.1986,34.63621],[126.19749,34.63213],[126.18097,34.63042],[126.17429,34.62131],[126.16961,34.62172],[126.16763,34.62702],[126.16315,34.6285],[126.15261,34.62412],[126.15172,34.62037],[126.13384,34.61873],[126.13484,34.61575],[126.13033,34.61326],[126.12203,34.61544],[126.12941,34.62051],[126.12196,34.62923],[126.1322,34.64167],[126.12368,34.64567],[126.11991,34.64327],[126.1086,34.64622],[126.11073,34.64948],[126.11228,34.64625],[126.11751,34.65345],[126.12747,34.65211],[126.12775,34.65701],[126.14129,34.66213],[126.14331,34.66724],[126.15295,34.67284]]],[[[125.89535,34.65283],[125.89102,34.65016],[125.88555,34.65092],[125.88387,34.65427],[125.89535,34.65283]]],[[[126.01079,34.64916],[126.01204,34.64666],[126.00763,34.64769],[126.01079,34.64916]]],[[[125.95089,34.65339],[125.95311,34.65404],[125.95554,34.65294],[125.95089,34.65339]]],[[[126.05276,34.65327],[126.04674,34.64333],[126.04228,34.65129],[126.04405,34.66353],[126.04673,34.66478],[126.04485,34.66803],[126.04876,34.66373],[126.04654,34.66022],[126.05276,34.65327]]],[[[126.01775,34.66773],[126.02116,34.66684],[126.01913,34.66505],[126.01775,34.66773]]],[[[126.03372,34.67053],[126.03759,34.66931],[126.03412,34.668],[126.03372,34.67053]]],[[[126.07913,34.69077],[126.07921,34.68499],[126.07207,34.68029],[126.06964,34.67148],[126.06568,34.67167],[126.06298,34.67946],[126.06776,34.68186],[126.06429,34.68361],[126.07913,34.69077]]],[[[125.96127,34.73735],[125.97899,34.71581],[125.98198,34.7221],[125.99062,34.7193],[125.99286,34.71392],[125.99051,34.71071],[125.99976,34.70298],[126.00933,34.70321],[126.01361,34.69798],[126.00989,34.69739],[126.01063,34.69023],[126.00746,34.68488],[125.99119,34.68023],[125.98724,34.67829],[125.98778,34.67563],[125.97965,34.67319],[125.9765,34.66675],[125.97976,34.66397],[125.97491,34.65937],[125.95959,34.65708],[125.9537,34.65861],[125.95551,34.66228],[125.95199,34.66401],[125.9573,34.66871],[125.95164,34.6726],[125.9449,34.66635],[125.93792,34.66688],[125.93162,34.67808],[125.92708,34.67869],[125.92061,34.67148],[125.92253,34.67938],[125.91531,34.68114],[125.91681,34.68513],[125.92205,34.68669],[125.91402,34.6875],[125.91412,34.69703],[125.91706,34.70112],[125.91439,34.70357],[125.91699,34.70531],[125.91572,34.71097],[125.93355,34.71593],[125.94662,34.71466],[125.94866,34.72305],[125.96127,34.73735]]],[[[126.3506,34.80652],[126.34704,34.80689],[126.34713,34.81003],[126.3506,34.80652]]],[[[126.33748,34.81364],[126.3416,34.81087],[126.33456,34.81262],[126.33748,34.81364]]],[[[126.37237,34.86704],[126.37149,34.8636],[126.36956,34.8679],[126.37237,34.86704]]],[[[126.3725,34.87867],[126.37147,34.87662],[126.37815,34.87853],[126.37754,34.87506],[126.3592,34.86436],[126.35746,34.86678],[126.3624,34.87526],[126.3725,34.87867]]],[[[126.11654,34.88675],[126.12187,34.88915],[126.12125,34.88559],[126.11654,34.88675]]],[[[126.22242,34.89262],[126.21951,34.89137],[126.21843,34.89313],[126.22242,34.89262]]],[[[126.17272,34.89586],[126.16772,34.8986],[126.1709,34.8991],[126.17272,34.89586]]],[[[126.22613,35.00135],[126.23395,35.00315],[126.23433,34.99857],[126.22807,34.99709],[126.22613,35.00135]]],[[[126.27695,34.94564],[126.27267,34.94469],[126.27373,34.94647],[126.27695,34.94564]]],[[[126.24182,34.95465],[126.24868,34.95259],[126.24761,34.94714],[126.24355,34.9446],[126.23471,34.94564],[126.23376,34.95012],[126.23017,34.95114],[126.23872,34.95787],[126.24182,34.95465]]],[[[126.25052,34.98244],[126.25267,34.99756],[126.24669,35.00628],[126.26177,35.00575],[126.26532,34.9945],[126.26941,34.99443],[126.26733,34.98627],[126.27136,34.98209],[126.27059,34.97611],[126.24913,34.97295],[126.24554,34.97866],[126.25052,34.98244]]],[[[126.10162,34.90291],[126.10381,34.90004],[126.09923,34.90129],[126.10162,34.90291]]],[[[126.19721,34.89961],[126.20213,34.9003],[126.20076,34.89819],[126.19721,34.89961]]],[[[126.35183,34.91255],[126.35677,34.90657],[126.35112,34.90067],[126.34382,34.90707],[126.35183,34.91255]]],[[[126.01631,34.92502],[126.019,34.92293],[126.01613,34.92311],[126.01631,34.92502]]],[[[126.01897,34.92916],[126.02032,34.93151],[126.02233,34.92896],[126.01897,34.92916]]],[[[126.279,34.92821],[126.27514,34.92648],[126.27455,34.929],[126.279,34.92821]]],[[[126.20797,34.98154],[126.20466,34.98108],[126.20829,34.98557],[126.21736,34.98404],[126.21377,34.97485],[126.21497,34.95653],[126.21228,34.953],[126.21163,34.95592],[126.20718,34.95636],[126.20504,34.94742],[126.20997,34.94272],[126.20146,34.93868],[126.20807,34.92794],[126.19923,34.92986],[126.19659,34.92129],[126.20116,34.91854],[126.1947,34.91535],[126.19197,34.91711],[126.19712,34.91875],[126.19327,34.92701],[126.19926,34.93001],[126.19542,34.93447],[126.20137,34.9387],[126.19532,34.93963],[126.18863,34.94629],[126.19928,34.95017],[126.20486,34.94719],[126.20705,34.95627],[126.19869,34.96908],[126.20949,34.97859],[126.20797,34.98154]]],[[[126.25129,34.95143],[126.25573,34.94472],[126.24491,34.93541],[126.25385,34.93335],[126.25091,34.92456],[126.25212,34.91602],[126.25517,34.91445],[126.23969,34.91488],[126.23798,34.91004],[126.23435,34.90946],[126.22337,34.91503],[126.21999,34.92436],[126.22715,34.93571],[126.22993,34.93758],[126.23853,34.93285],[126.24371,34.93558],[126.2497,34.9419],[126.25129,34.95143]]],[[[126.27312,34.97001],[126.29012,34.96029],[126.29552,34.94395],[126.30037,34.93834],[126.2956,34.93413],[126.28703,34.9379],[126.28589,34.93402],[126.28089,34.93481],[126.28724,34.94234],[126.27961,34.94876],[126.27668,34.94785],[126.27178,34.95685],[126.26708,34.95701],[126.26461,34.95282],[126.25879,34.95667],[126.25787,34.96053],[126.2653,34.96135],[126.26342,34.96856],[126.27312,34.97001]]],[[[126.13236,35.04206],[126.13261,35.03944],[126.12621,35.03975],[126.13236,35.04206]]],[[[126.21969,35.13184],[126.22007,35.12798],[126.21924,35.12627],[126.21969,35.13184]]],[[[125.87862,35.13967],[125.88509,35.13627],[125.88361,35.13462],[125.87862,35.13967]]],[[[125.91243,35.21032],[125.91071,35.2086],[125.9078,35.20927],[125.91243,35.21032]]],[[[125.89965,35.2127],[125.90295,35.21289],[125.90471,35.21046],[125.89965,35.2127]]],[[[126.17247,35.13056],[126.17088,35.12839],[126.16593,35.12926],[126.17247,35.13056]]],[[[125.9022,35.14164],[125.90932,35.13636],[125.90753,35.13089],[125.90303,35.13253],[125.9022,35.14164]]],[[[126.20092,35.14791],[126.20243,35.13913],[126.20013,35.13697],[126.19591,35.13881],[126.18807,35.1312],[126.18289,35.13131],[126.1831,35.14253],[126.20092,35.14791]]],[[[125.93375,35.05693],[125.92895,35.05682],[125.92995,35.05897],[125.93375,35.05693]]],[[[126.20039,35.04917],[126.19413,35.05616],[126.20204,35.05869],[126.20764,35.05199],[126.20962,35.04049],[126.20411,35.04045],[126.20039,35.04917]]],[[[125.92361,35.06477],[125.92662,35.06145],[125.92133,35.06259],[125.92361,35.06477]]],[[[125.91647,35.08526],[125.92172,35.08398],[125.9243,35.07795],[125.91684,35.07849],[125.91647,35.08526]]],[[[126.15314,35.06227],[126.15128,35.06252],[126.15194,35.06295],[126.15314,35.06227]]],[[[125.94427,35.06256],[125.94383,35.06462],[125.94901,35.06289],[125.94688,35.0566],[125.94216,35.05735],[125.94427,35.06256]]],[[[126.13258,35.07154],[126.12884,35.07207],[126.1304,35.07441],[126.13258,35.07154]]],[[[126.15754,35.0776],[126.15507,35.07645],[126.15497,35.08042],[126.15754,35.0776]]],[[[126.13351,35.09372],[126.14633,35.09136],[126.14659,35.0838],[126.12945,35.08408],[126.13351,35.09372]]],[[[125.97968,35.09568],[125.98264,35.09725],[125.98352,35.09429],[125.97968,35.09568]]],[[[126.14792,35.07628],[126.14864,35.0746],[126.14512,35.07832],[126.14792,35.07628]]],[[[126.01625,35.10293],[126.02119,35.10181],[126.02959,35.08905],[126.02854,35.07766],[126.01185,35.08731],[126.00981,35.09457],[126.01862,35.10039],[126.01625,35.10293]]],[[[125.9857,35.10717],[125.98942,35.10265],[125.97752,35.10431],[125.9857,35.10717]]],[[[126.20006,35.12802],[126.20932,35.12671],[126.206,35.1207],[126.21003,35.11519],[126.20753,35.11131],[126.19979,35.11488],[126.20629,35.12377],[126.20006,35.12802]]],[[[126.04817,35.06713],[126.05492,35.06768],[126.05795,35.07625],[126.04806,35.08127],[126.04457,35.08],[126.04237,35.08571],[126.0465,35.08643],[126.04607,35.08931],[126.05373,35.09512],[126.04896,35.10275],[126.0704,35.10327],[126.0817,35.10809],[126.1118,35.13357],[126.11552,35.13919],[126.11403,35.14327],[126.12068,35.14005],[126.13659,35.14454],[126.14326,35.14071],[126.14987,35.14717],[126.16214,35.14557],[126.15671,35.14241],[126.14883,35.14419],[126.14244,35.13605],[126.12615,35.13642],[126.12201,35.13128],[126.11719,35.11587],[126.11933,35.11152],[126.11633,35.09661],[126.11815,35.09308],[126.12284,35.09302],[126.12266,35.08697],[126.1195,35.08215],[126.10372,35.08777],[126.12238,35.07725],[126.11952,35.07286],[126.10894,35.06963],[126.11568,35.06315],[126.1157,35.05892],[126.1072,35.05966],[126.10234,35.05681],[126.10451,35.05288],[126.09707,35.04894],[126.08911,35.0533],[126.08525,35.05203],[126.08559,35.05434],[126.07403,35.05971],[126.07719,35.06817],[126.07438,35.06967],[126.06943,35.06658],[126.06722,35.06929],[126.06038,35.06827],[126.059,35.06595],[126.0647,35.05681],[126.06289,35.05549],[126.05779,35.05666],[126.06056,35.06097],[126.05722,35.06368],[126.04988,35.06196],[126.04204,35.06726],[126.04073,35.06486],[126.03817,35.0706],[126.04817,35.06713]]],[[[126.05753,35.11384],[126.06566,35.1081],[126.05677,35.11097],[126.05753,35.11384]]],[[[126.05,35.10768],[126.04284,35.11361],[126.04801,35.11586],[126.05,35.10768]]],[[[126.19866,35.01158],[126.20052,35.00917],[126.19654,35.00572],[126.19866,35.01158]]],[[[126.1036,35.01391],[126.10017,35.01295],[126.10087,35.01488],[126.1036,35.01391]]],[[[126.11248,35.02007],[126.10888,35.0165],[126.10742,35.01947],[126.11248,35.02007]]],[[[126.11233,35.02703],[126.11097,35.02466],[126.10561,35.02532],[126.11233,35.02703]]],[[[126.13366,35.02411],[126.14106,35.02231],[126.14215,35.02525],[126.1489,35.02078],[126.15274,35.02262],[126.16118,35.01738],[126.16443,35.01908],[126.16187,35.01039],[126.16703,35.00817],[126.16522,35.0048],[126.1799,34.99449],[126.17709,34.98373],[126.18055,34.97376],[126.17572,34.97324],[126.16117,34.9598],[126.16557,34.94392],[126.16091,34.94378],[126.15664,34.95517],[126.15988,34.95435],[126.16678,34.96738],[126.16229,34.97158],[126.14414,34.96878],[126.14239,34.9539],[126.13777,34.9537],[126.13645,34.94831],[126.1257,34.94861],[126.13647,34.96659],[126.13433,34.98988],[126.13592,34.99159],[126.14411,34.98658],[126.14516,34.98865],[126.13291,35.00159],[126.10601,34.99663],[126.09802,35.00235],[126.10045,35.00778],[126.10695,35.00494],[126.11038,35.01004],[126.11335,35.00904],[126.11479,35.01789],[126.12357,35.01778],[126.12807,35.02181],[126.1281,35.02644],[126.13059,35.02317],[126.13366,35.02411]]],[[[126.19912,35.03927],[126.19968,35.03127],[126.19502,35.02798],[126.19766,35.02703],[126.19742,35.01829],[126.19339,35.01723],[126.19551,35.01021],[126.19145,35.00893],[126.19224,35.01936],[126.18395,35.02147],[126.1826,35.02727],[126.17849,35.02534],[126.16797,35.02765],[126.16788,35.03245],[126.16324,35.03556],[126.16026,35.03246],[126.1487,35.03353],[126.13948,35.04237],[126.1336,35.04284],[126.13777,35.04483],[126.12987,35.04846],[126.13017,35.05188],[126.13491,35.05283],[126.13789,35.05757],[126.14286,35.05614],[126.14434,35.06011],[126.15234,35.05452],[126.16941,35.05617],[126.17679,35.0509],[126.18028,35.05197],[126.18046,35.04753],[126.18583,35.04239],[126.19679,35.04254],[126.19912,35.03927]]],[[[126.23585,35.10175],[126.24918,35.09422],[126.24459,35.07713],[126.26028,35.06643],[126.26069,35.04976],[126.26408,35.04254],[126.2743,35.03853],[126.27453,35.03441],[126.26637,35.02917],[126.26688,35.02435],[126.25189,35.01208],[126.24916,35.01194],[126.24412,35.02713],[126.23942,35.02179],[126.24116,35.01923],[126.22731,35.01978],[126.23084,35.0271],[126.22845,35.02773],[126.2309,35.03502],[126.22768,35.03809],[126.23524,35.04424],[126.23273,35.05297],[126.22256,35.05787],[126.20669,35.05473],[126.19881,35.06296],[126.18247,35.0578],[126.17953,35.06597],[126.17268,35.06355],[126.16863,35.06816],[126.16153,35.06677],[126.15958,35.07201],[126.16331,35.07385],[126.16559,35.0834],[126.1581,35.08701],[126.15775,35.09414],[126.17275,35.1063],[126.1781,35.10396],[126.18155,35.10888],[126.19034,35.11259],[126.20973,35.10294],[126.21684,35.10663],[126.23235,35.09853],[126.23585,35.10175]]],[[[125.95561,34.82284],[125.95857,34.82185],[125.95396,34.81557],[125.95561,34.82284]]],[[[126.05978,34.83402],[126.05955,34.83216],[126.05812,34.83071],[126.05978,34.83402]]],[[[125.9678,34.81927],[125.97124,34.8203],[125.9695,34.81167],[125.9678,34.81927]]],[[[126.16408,34.81808],[126.16127,34.82123],[126.16423,34.8215],[126.16408,34.81808]]],[[[126.30839,34.84313],[126.30573,34.83788],[126.3033,34.84109],[126.30839,34.84313]]],[[[126.34984,34.88083],[126.3484,34.87621],[126.34823,34.88374],[126.34984,34.88083]]],[[[126.27941,34.88454],[126.27814,34.88027],[126.27568,34.88256],[126.27941,34.88454]]],[[[126.21475,34.85056],[126.2197,34.85219],[126.22305,34.84952],[126.21907,34.84754],[126.21475,34.85056]]],[[[126.16488,34.88475],[126.16789,34.88414],[126.16873,34.87832],[126.16488,34.88475]]],[[[126.31726,34.8683],[126.31466,34.86628],[126.32491,34.86128],[126.35444,34.86458],[126.36883,34.85535],[126.36744,34.85141],[126.37148,34.84322],[126.36543,34.83998],[126.36532,34.83647],[126.37232,34.83548],[126.36567,34.83147],[126.3674,34.82425],[126.36127,34.82337],[126.36166,34.82017],[126.35485,34.81506],[126.34784,34.8142],[126.34308,34.81859],[126.33966,34.81626],[126.33064,34.81961],[126.32814,34.82497],[126.33607,34.82665],[126.33748,34.83381],[126.34344,34.83283],[126.34592,34.83536],[126.34388,34.8421],[126.33686,34.83937],[126.33734,34.84359],[126.32907,34.85106],[126.32028,34.8504],[126.31641,34.84589],[126.3125,34.85323],[126.29552,34.85152],[126.29149,34.85495],[126.27654,34.85569],[126.26447,34.84043],[126.25176,34.84133],[126.24075,34.84794],[126.22674,34.84749],[126.22573,34.85488],[126.23065,34.85762],[126.23278,34.86445],[126.24912,34.85783],[126.26415,34.85924],[126.27015,34.87313],[126.27384,34.86414],[126.27942,34.86341],[126.28162,34.86764],[126.2786,34.86889],[126.28104,34.87062],[126.27873,34.87737],[126.28192,34.88727],[126.2926,34.88134],[126.30406,34.88739],[126.29894,34.89801],[126.28051,34.91046],[126.29636,34.92198],[126.30564,34.92044],[126.30406,34.91397],[126.3122,34.90691],[126.31782,34.90646],[126.32589,34.91148],[126.33843,34.9079],[126.34357,34.89951],[126.35152,34.89844],[126.34858,34.88792],[126.3484,34.89226],[126.343,34.8946],[126.33697,34.89347],[126.33511,34.8868],[126.3313,34.89048],[126.32555,34.89032],[126.32544,34.88213],[126.31695,34.88288],[126.31286,34.87879],[126.31431,34.87709],[126.32572,34.87316],[126.31726,34.8683]]],[[[126.006,34.89486],[126.01571,34.90891],[126.01365,34.91191],[126.02599,34.90742],[126.03586,34.91264],[126.03743,34.91564],[126.03447,34.91768],[126.04017,34.91889],[126.04122,34.91096],[126.05476,34.91224],[126.06147,34.92125],[126.05758,34.92592],[126.06093,34.93048],[126.05612,34.93796],[126.06308,34.93279],[126.06841,34.93678],[126.07509,34.93389],[126.07963,34.93004],[126.07452,34.92445],[126.07767,34.92052],[126.09091,34.92252],[126.09005,34.91824],[126.08306,34.91563],[126.084,34.9114],[126.09862,34.90978],[126.0946,34.9044],[126.08516,34.90006],[126.08381,34.89417],[126.099,34.88946],[126.09851,34.88529],[126.0935,34.8835],[126.09718,34.87982],[126.0955,34.87607],[126.09151,34.87914],[126.08583,34.87573],[126.07883,34.88119],[126.07848,34.87131],[126.08434,34.86422],[126.06849,34.86417],[126.06695,34.85748],[126.05011,34.8551],[126.04418,34.84845],[126.04755,34.84572],[126.04354,34.84326],[126.03161,34.85886],[126.0202,34.86192],[126.02512,34.87225],[126.01753,34.86363],[126.01242,34.86344],[126.00794,34.85912],[125.99831,34.86536],[125.97723,34.86428],[125.98184,34.86675],[125.97826,34.87404],[125.97305,34.87047],[125.96812,34.87189],[125.96881,34.87585],[125.97508,34.87391],[125.98049,34.87751],[125.98554,34.87431],[125.99018,34.87675],[125.99592,34.88384],[125.99472,34.88702],[126.00013,34.8871],[126.006,34.89486]]],[[[126.17805,34.90332],[126.18923,34.89319],[126.18849,34.88929],[126.17683,34.88267],[126.17278,34.88768],[126.18056,34.8917],[126.17526,34.90058],[126.17805,34.90332]]],[[[125.89415,34.7721],[125.89436,34.77031],[125.89324,34.77087],[125.89415,34.7721]]],[[[126.06797,34.77076],[126.06631,34.76983],[126.066,34.77119],[126.06797,34.77076]]],[[[126.05729,34.77119],[126.05829,34.76585],[126.05074,34.75673],[126.06138,34.75557],[126.05924,34.74366],[126.05239,34.75324],[126.04883,34.75214],[126.04871,34.75772],[126.03912,34.75565],[126.05729,34.77119]]],[[[126.06501,34.7696],[126.06915,34.76588],[126.07768,34.76851],[126.07881,34.76396],[126.08333,34.76357],[126.08853,34.76711],[126.08869,34.77486],[126.10591,34.76601],[126.12533,34.7708],[126.13252,34.75853],[126.1444,34.75175],[126.14923,34.75246],[126.14994,34.75709],[126.16286,34.75725],[126.16323,34.75427],[126.17217,34.75128],[126.16741,34.74704],[126.17415,34.7434],[126.18283,34.7237],[126.17647,34.71634],[126.17797,34.70644],[126.1736,34.70102],[126.16665,34.6999],[126.15831,34.7036],[126.14917,34.69966],[126.14623,34.70194],[126.14239,34.69867],[126.1471,34.6913],[126.14044,34.68767],[126.13718,34.69396],[126.14621,34.70201],[126.15022,34.71097],[126.1474,34.71767],[126.13922,34.72126],[126.13811,34.72466],[126.1421,34.72698],[126.13713,34.72857],[126.12419,34.7244],[126.12299,34.71776],[126.11807,34.71441],[126.11002,34.71837],[126.11025,34.72189],[126.1045,34.71863],[126.0979,34.7208],[126.08294,34.71636],[126.08137,34.70833],[126.07479,34.70889],[126.07427,34.71328],[126.08144,34.72],[126.0731,34.73233],[126.07111,34.74163],[126.07593,34.7435],[126.07414,34.74691],[126.08189,34.75069],[126.07681,34.76378],[126.06409,34.76608],[126.06501,34.7696]]],[[[126.01818,34.76701],[126.02609,34.76328],[126.0291,34.75822],[126.02649,34.75742],[126.02833,34.75415],[126.02237,34.75384],[126.01854,34.7465],[126.02438,34.74473],[126.02961,34.72767],[126.02809,34.72301],[126.0188,34.72368],[126.01773,34.73322],[126.01405,34.73229],[126.01546,34.73526],[126.01283,34.73715],[126.01368,34.74895],[126.01712,34.74609],[126.02225,34.7538],[126.01704,34.75772],[126.01818,34.76701]]],[[[125.89248,34.74628],[125.89586,34.74824],[125.89141,34.75222],[125.89038,34.75683],[125.89503,34.76011],[125.8914,34.76662],[125.90289,34.77169],[125.89774,34.77451],[125.89905,34.78016],[125.9112,34.77597],[125.93753,34.77701],[125.95321,34.78402],[125.95545,34.78771],[125.96438,34.78742],[125.96391,34.79109],[125.96938,34.7936],[125.97326,34.80206],[125.99085,34.80367],[125.9937,34.80691],[125.99724,34.80471],[126.00087,34.78962],[125.9967,34.78036],[125.98507,34.77454],[125.99679,34.77163],[125.99928,34.77396],[125.99833,34.76167],[125.99157,34.7604],[125.98953,34.76279],[125.97761,34.75505],[125.96817,34.75914],[125.96185,34.7475],[125.9586,34.74925],[125.95751,34.75635],[125.95877,34.76133],[125.96269,34.76221],[125.95425,34.76695],[125.95261,34.76508],[125.95748,34.75991],[125.95614,34.75353],[125.94901,34.75758],[125.93895,34.75461],[125.93622,34.74751],[125.94352,34.73707],[125.94978,34.73361],[125.94585,34.73238],[125.94275,34.73564],[125.9415,34.72841],[125.93896,34.72981],[125.9419,34.72599],[125.93613,34.72017],[125.92591,34.72041],[125.92428,34.71735],[125.91656,34.71655],[125.90313,34.72159],[125.90189,34.72761],[125.89907,34.72654],[125.88638,34.74006],[125.89248,34.74628]]],[[[125.90908,34.79512],[125.91525,34.79255],[125.91014,34.78836],[125.90612,34.79204],[125.90909,34.792],[125.90908,34.79512]]],[[[126.12142,34.77625],[126.12334,34.77425],[126.11708,34.77522],[126.12142,34.77625]]],[[[126.07579,34.77736],[126.08214,34.77291],[126.07763,34.77325],[126.07579,34.77736]]],[[[126.07838,34.77815],[126.0809,34.77798],[126.08208,34.77612],[126.07838,34.77815]]],[[[126.20129,34.78871],[126.19863,34.78873],[126.19774,34.79087],[126.20129,34.78871]]],[[[126.03607,34.78407],[126.03968,34.78204],[126.03622,34.77876],[126.03746,34.77377],[126.02881,34.77686],[126.02884,34.78077],[126.03456,34.78014],[126.03607,34.78407]]],[[[126.02919,34.78288],[126.02751,34.78259],[126.02688,34.78441],[126.02919,34.78288]]],[[[126.16408,34.76495],[126.15974,34.76583],[126.15202,34.76152],[126.145,34.76462],[126.1411,34.76095],[126.13543,34.76359],[126.12759,34.78045],[126.10432,34.7784],[126.09636,34.78551],[126.08689,34.78666],[126.0828,34.79062],[126.1088,34.79126],[126.11333,34.79441],[126.11639,34.7914],[126.12396,34.79783],[126.12519,34.79556],[126.13837,34.79944],[126.14766,34.79753],[126.14412,34.80622],[126.14677,34.81247],[126.1506,34.81023],[126.15572,34.81302],[126.15342,34.81499],[126.15547,34.82039],[126.15985,34.82332],[126.1578,34.82113],[126.16088,34.81552],[126.15289,34.81072],[126.15239,34.80142],[126.15736,34.79749],[126.16875,34.79764],[126.17085,34.79405],[126.16749,34.78945],[126.17424,34.78812],[126.17511,34.78506],[126.17313,34.77844],[126.16179,34.79092],[126.15856,34.78665],[126.15729,34.7816],[126.16355,34.77949],[126.16408,34.76495]]],[[[126.11048,34.87523],[126.10944,34.88031],[126.11376,34.8796],[126.11391,34.88269],[126.12409,34.87911],[126.13072,34.88052],[126.13006,34.87683],[126.13794,34.87513],[126.1427,34.88147],[126.14587,34.87899],[126.14319,34.87677],[126.14794,34.87356],[126.14668,34.8696],[126.15274,34.87047],[126.15793,34.86227],[126.14972,34.85889],[126.13529,34.86232],[126.13274,34.8599],[126.13494,34.85279],[126.15089,34.84535],[126.14838,34.83899],[126.13957,34.83555],[126.13892,34.83029],[126.14192,34.82775],[126.13774,34.82677],[126.12447,34.83594],[126.11419,34.82613],[126.11726,34.81668],[126.1229,34.81265],[126.11836,34.80024],[126.0942,34.79701],[126.09129,34.80158],[126.09567,34.80255],[126.09644,34.80602],[126.0886,34.81683],[126.08011,34.81894],[126.07133,34.81333],[126.07956,34.79832],[126.07579,34.79417],[126.06781,34.80073],[126.064,34.8095],[126.05829,34.80846],[126.05383,34.81369],[126.04724,34.81547],[126.04403,34.81977],[126.046,34.82469],[126.05067,34.82433],[126.05067,34.82114],[126.05858,34.82184],[126.06076,34.8182],[126.06448,34.81908],[126.06513,34.81461],[126.07116,34.81337],[126.07992,34.81896],[126.07381,34.82306],[126.07603,34.8286],[126.05871,34.84791],[126.07109,34.85233],[126.07348,34.85062],[126.08691,34.86091],[126.09157,34.85551],[126.10292,34.85108],[126.11519,34.85074],[126.12017,34.85778],[126.11041,34.86473],[126.11048,34.87523]]]]}},{"type":"Feature","properties":{"name":"영광","parents":["전북자치도","전라남도","전남북부서해앞바다중평수구역"]},"geometry":{"type":"MultiPolygon","coordinates":[[[[125.9978,35.33188],[126.00751,35.33247],[126.01036,35.3281],[126.0025,35.32976],[125.997,35.32418],[125.9978,35.33188]]],[[[125.99039,35.33848],[125.99662,35.33809],[125.99749,35.33492],[125.98961,35.33472],[125.98628,35.338],[125.99039,35.33848]]],[[[126.02806,35.3602],[126.02887,35.35481],[126.04111,35.34704],[126.04027,35.34331],[126.03114,35.33464],[126.02129,35.33599],[126.01929,35.33274],[126.01349,35.33255],[126.0205,35.33692],[126.01908,35.34069],[126.01324,35.3399],[126.00811,35.34486],[126.02195,35.34456],[126.01848,35.35213],[126.00792,35.35579],[126.00298,35.35211],[126.0058,35.34812],[125.99583,35.35681],[126.00104,35.35459],[126.00828,35.35904],[126.02199,35.35686],[126.02085,35.36428],[126.02551,35.35933],[126.02806,35.3602]]],[[[126.05531,35.36888],[126.05938,35.36961],[126.06063,35.36574],[126.05531,35.36888]]],[[[126.04541,35.37473],[126.05677,35.37511],[126.05773,35.3725],[126.04778,35.37082],[126.04585,35.36761],[126.04101,35.37059],[126.04541,35.37473]]],[[[126.3982,35.3728],[126.39304,35.37227],[126.39332,35.37474],[126.3982,35.3728]]],[[[126.12981,35.37851],[126.13031,35.3788],[126.13037,35.37768],[126.12981,35.37851]]],[[[126.40071,35.39013],[126.40096,35.39111],[126.4012,35.39091],[126.40071,35.39013]]],[[[126.08278,35.25791],[126.08257,35.25819],[126.08316,35.25846],[126.08278,35.25791]]],[[[126.14034,35.29966],[126.15222,35.29083],[126.15447,35.27832],[126.14659,35.27059],[126.14197,35.27089],[126.13972,35.2743],[126.14269,35.27531],[126.14148,35.27843],[126.13268,35.28167],[126.131,35.28537],[126.14085,35.29604],[126.14034,35.29966]]],[[[126.23181,35.29145],[126.23121,35.29103],[126.2309,35.29173],[126.23181,35.29145]]],[[[126.2016,35.29508],[126.20335,35.29447],[126.20428,35.2921],[126.2016,35.29508]]],[[[126.35599,35.16938],[126.35378,35.17077],[126.35544,35.17036],[126.35599,35.16938]]],[[[126.34023,35.1723],[126.33983,35.17211],[126.33991,35.17275],[126.34023,35.1723]]],[[[126.34281,35.17386],[126.34057,35.17357],[126.34213,35.17527],[126.34281,35.17386]]],[[[126.20562,35.18564],[126.21333,35.1871],[126.2142,35.18404],[126.20541,35.18339],[126.20562,35.18564]]],[[[126.22091,35.19492],[126.22327,35.19119],[126.21917,35.19207],[126.22091,35.19492]]],[[[126.15114,35.21121],[126.15586,35.21157],[126.1568,35.20899],[126.14409,35.20071],[126.12949,35.20008],[126.12736,35.19613],[126.13095,35.19177],[126.12161,35.19308],[126.12473,35.19583],[126.12212,35.19905],[126.12437,35.20228],[126.12952,35.20023],[126.13595,35.20476],[126.14595,35.20579],[126.15114,35.21121]]],[[[126.2454,35.20286],[126.24953,35.20324],[126.24798,35.20067],[126.2454,35.20286]]],[[[126.29897,35.22054],[126.29878,35.2208],[126.29892,35.22095],[126.29897,35.22054]]],[[[126.29892,35.22095],[126.30131,35.23464],[126.31112,35.25364],[126.32594,35.24292],[126.32845,35.24398],[126.32398,35.25254],[126.32445,35.26141],[126.32176,35.26246],[126.3294,35.2699],[126.32491,35.27118],[126.32958,35.27998],[126.33852,35.28579],[126.35029,35.28647],[126.35263,35.28296],[126.37151,35.28431],[126.37042,35.28731],[126.36568,35.28711],[126.36586,35.29233],[126.37081,35.2936],[126.37807,35.30587],[126.37556,35.31171],[126.37919,35.31965],[126.37844,35.32868],[126.39719,35.36923],[126.4039,35.36876],[126.40322,35.36338],[126.40619,35.36267],[126.40859,35.36546],[126.41315,35.36294],[126.42168,35.36536],[126.42757,35.35812],[126.42087,35.36923],[126.41753,35.36965],[126.41723,35.37383],[126.41077,35.37565],[126.41079,35.37934],[126.41488,35.3772],[126.41901,35.38314],[126.41321,35.38153],[126.40427,35.38547],[126.40703,35.39254],[126.40213,35.39612],[126.40911,35.4],[126.404,35.40297],[126.40958,35.41449],[126.40686,35.41716],[126.42354,35.43037],[126.42707,35.42641],[126.43936,35.42999],[126.46855,35.42515],[126.47603,35.42933],[126.47966,35.4265],[126.481,35.4211],[126.49288,35.40924],[126.49061,35.39521],[126.47738,35.38618],[126.48125,35.38567],[126.48622,35.37758],[126.49765,35.37216],[126.49615,35.3576],[126.49214,35.35411],[126.49355,35.35038],[126.49695,35.35005],[126.50376,35.35866],[126.51276,35.36203],[126.52053,35.34835],[126.5138,35.32702],[126.52101,35.32512],[126.52438,35.31349],[126.52993,35.31231],[126.53232,35.30674],[126.55108,35.31368],[126.56358,35.30906],[126.57271,35.31015],[126.57733,35.30388],[126.58491,35.30079],[126.58945,35.31751],[126.58294,35.31571],[126.5804,35.32389],[126.58496,35.33018],[126.5954,35.32905],[126.60417,35.33566],[126.62642,35.32135],[126.6448,35.31978],[126.63979,35.31702],[126.63973,35.30873],[126.63154,35.30248],[126.61871,35.3048],[126.61146,35.30038],[126.61104,35.29737],[126.61852,35.29384],[126.61471,35.28833],[126.61579,35.27889],[126.60875,35.26996],[126.59743,35.2678],[126.59192,35.26054],[126.58427,35.25792],[126.5875,35.24619],[126.58332,35.23941],[126.59205,35.23203],[126.58938,35.22935],[126.59296,35.22448],[126.58998,35.22202],[126.59018,35.21312],[126.58054,35.19612],[126.56548,35.19866],[126.56233,35.19678],[126.56493,35.19062],[126.56117,35.18832],[126.54921,35.1854],[126.54387,35.18778],[126.53314,35.18224],[126.52754,35.18623],[126.51429,35.18763],[126.50075,35.18328],[126.4894,35.18752],[126.48882,35.19078],[126.47696,35.19387],[126.46807,35.18713],[126.45029,35.18696],[126.44784,35.18102],[126.43529,35.17284],[126.42208,35.18446],[126.40794,35.1864],[126.40805,35.18202],[126.40334,35.17755],[126.39979,35.17607],[126.39195,35.17956],[126.37517,35.16707],[126.37176,35.16766],[126.37032,35.16369],[126.36582,35.1686],[126.35907,35.16986],[126.36035,35.17696],[126.35648,35.18464],[126.37247,35.19007],[126.36786,35.19779],[126.37219,35.19874],[126.3786,35.20815],[126.3768,35.2119],[126.35383,35.20172],[126.35414,35.19616],[126.3376,35.19243],[126.34211,35.21095],[126.33798,35.21472],[126.33822,35.20559],[126.32845,35.2027],[126.31615,35.20439],[126.31722,35.21405],[126.31424,35.20971],[126.30553,35.21142],[126.3039,35.20924],[126.2993,35.21122],[126.29892,35.22095]]],[[[126.2992,35.24798],[126.29863,35.24802],[126.29868,35.24838],[126.2992,35.24798]]],[[[126.08681,35.25922],[126.08844,35.25755],[126.08336,35.25638],[126.08681,35.25922]]],[[[126.10102,35.25293],[126.10219,35.25589],[126.10231,35.24777],[126.09739,35.2432],[126.09154,35.2431],[126.0895,35.24598],[126.09236,35.25021],[126.10102,35.25293]]],[[[126.12123,35.25931],[126.11459,35.2555],[126.11215,35.2572],[126.12123,35.25931]]],[[[126.09222,35.25982],[126.09118,35.25983],[126.09137,35.26004],[126.09222,35.25982]]]]}},{"type":"Feature","properties":{"name":"해남","parents":["전라남도","전남남부서해앞바다중평수구역","전남서부남해앞바다중평수구역"]},"geometry":{"type":"MultiPolygon","coordinates":[[[[126.45099,34.53317],[126.45151,34.53342],[126.45112,34.53229],[126.45099,34.53317]]],[[[126.42329,34.44692],[126.42891,34.44435],[126.42431,34.44477],[126.42329,34.44692]]],[[[126.41392,34.4633],[126.41458,34.46552],[126.42071,34.45562],[126.42016,34.45141],[126.4134,34.45565],[126.41392,34.4633]]],[[[126.24954,34.67533],[126.2498,34.67578],[126.25069,34.67483],[126.24954,34.67533]]],[[[126.24398,34.70034],[126.24428,34.6979],[126.23916,34.70105],[126.24398,34.70034]]],[[[126.24578,34.7016],[126.2465,34.70196],[126.24667,34.70159],[126.24578,34.7016]]],[[[126.42362,34.53499],[126.42359,34.53454],[126.42305,34.53477],[126.42362,34.53499]]],[[[126.3875,34.55003],[126.38708,34.54939],[126.3866,34.5499],[126.3875,34.55003]]],[[[126.33059,34.56824],[126.33132,34.56319],[126.32172,34.55953],[126.32013,34.56152],[126.32331,34.5668],[126.33059,34.56824]]],[[[126.29846,34.58321],[126.30095,34.58818],[126.30679,34.58625],[126.29971,34.58126],[126.29846,34.58321]]],[[[126.27679,34.59647],[126.27573,34.59662],[126.27656,34.59673],[126.27679,34.59647]]],[[[126.25896,34.61024],[126.26,34.6109],[126.26051,34.61021],[126.25896,34.61024]]],[[[126.36588,34.70363],[126.36529,34.703],[126.36559,34.70357],[126.36588,34.70363]]],[[[126.34095,34.72518],[126.34062,34.72411],[126.34007,34.72494],[126.34095,34.72518]]],[[[126.61881,34.33668],[126.61903,34.33681],[126.6192,34.33633],[126.61881,34.33668]]],[[[126.4759,34.33317],[126.47732,34.33344],[126.47618,34.33299],[126.4759,34.33317]]],[[[126.47742,34.33594],[126.47724,34.3359],[126.47787,34.33766],[126.47742,34.33594]]],[[[126.46545,34.34378],[126.47325,34.34281],[126.47654,34.34532],[126.47415,34.33124],[126.46545,34.34378]]],[[[126.50196,34.35553],[126.50247,34.3557],[126.50229,34.35511],[126.50196,34.35553]]],[[[126.46746,34.37997],[126.47006,34.38249],[126.47064,34.38061],[126.46746,34.37997]]],[[[126.48834,34.41129],[126.48872,34.41108],[126.48815,34.40975],[126.48834,34.41129]]],[[[126.4599,34.42641],[126.46546,34.42899],[126.46211,34.42508],[126.4599,34.42641]]],[[[126.7027,34.43485],[126.71397,34.43576],[126.7095,34.4329],[126.7027,34.43485]]],[[[126.43462,34.43503],[126.435,34.43566],[126.43778,34.43448],[126.43462,34.43503]]],[[[126.70192,34.43815],[126.7027,34.43485],[126.70231,34.43496],[126.70192,34.43815]]],[[[126.43172,34.43861],[126.42993,34.43967],[126.43562,34.43788],[126.43208,34.43355],[126.42815,34.43384],[126.43172,34.43861]]],[[[126.66392,34.42068],[126.66429,34.42059],[126.66506,34.41902],[126.66392,34.42068]]],[[[126.66134,34.4213],[126.66379,34.42087],[126.66392,34.42068],[126.66134,34.4213]]],[[[126.66134,34.4213],[126.64993,34.42213],[126.65099,34.41914],[126.64612,34.41833],[126.64762,34.41324],[126.64394,34.41195],[126.64615,34.40967],[126.63497,34.41204],[126.62883,34.40214],[126.62251,34.40635],[126.61627,34.40265],[126.6217,34.39648],[126.61111,34.38609],[126.61397,34.37931],[126.62031,34.37899],[126.61846,34.36778],[126.62085,34.35885],[126.60197,34.34844],[126.61131,34.34143],[126.60041,34.33608],[126.60397,34.33327],[126.60105,34.31903],[126.6061,34.31646],[126.5967,34.31249],[126.58597,34.3198],[126.55951,34.32191],[126.54464,34.3031],[126.52905,34.30058],[126.52834,34.29352],[126.52504,34.29228],[126.51644,34.29523],[126.51561,34.30708],[126.51923,34.31335],[126.51231,34.31915],[126.52101,34.32424],[126.52692,34.33444],[126.52048,34.34454],[126.52163,34.35714],[126.51636,34.36304],[126.50654,34.36579],[126.50135,34.36403],[126.49854,34.35694],[126.49072,34.35957],[126.4787,34.35008],[126.47203,34.34886],[126.46572,34.35798],[126.46819,34.36351],[126.47651,34.35552],[126.48127,34.35862],[126.47615,34.36484],[126.48065,34.36123],[126.48219,34.36474],[126.48592,34.36346],[126.478,34.3701],[126.48108,34.37606],[126.47564,34.37691],[126.48098,34.38272],[126.47141,34.38259],[126.48395,34.38666],[126.49735,34.38556],[126.49812,34.38895],[126.48669,34.40106],[126.49192,34.40499],[126.48722,34.40835],[126.505,34.40533],[126.51679,34.41424],[126.50844,34.42854],[126.51405,34.43329],[126.50698,34.44071],[126.49639,34.43106],[126.48737,34.43495],[126.48102,34.43045],[126.48264,34.42656],[126.47639,34.42697],[126.46603,34.44133],[126.45426,34.44877],[126.46468,34.45341],[126.46869,34.44793],[126.47298,34.44685],[126.47759,34.45012],[126.46797,34.45671],[126.46751,34.46194],[126.47207,34.46819],[126.46683,34.47113],[126.46289,34.4695],[126.45557,34.47734],[126.45585,34.48222],[126.464,34.48173],[126.46638,34.48537],[126.46015,34.4903],[126.46464,34.49654],[126.45896,34.49686],[126.45636,34.50163],[126.47122,34.50688],[126.46251,34.51999],[126.45604,34.52377],[126.44179,34.52202],[126.44319,34.52716],[126.46045,34.53201],[126.44331,34.53935],[126.43945,34.53588],[126.43464,34.53662],[126.43802,34.53766],[126.43232,34.54474],[126.43573,34.55037],[126.43018,34.55554],[126.42441,34.55563],[126.41943,34.55415],[126.41546,34.54602],[126.40447,34.54733],[126.4003,34.54451],[126.40315,34.53902],[126.38752,34.53223],[126.37847,34.53908],[126.38494,34.54274],[126.38907,34.55248],[126.3846,34.55306],[126.38333,34.56184],[126.36283,34.56092],[126.35275,34.56812],[126.33402,34.57338],[126.3294,34.56917],[126.31401,34.56672],[126.30564,34.57332],[126.30922,34.57655],[126.30453,34.57916],[126.31331,34.58611],[126.29924,34.59025],[126.29701,34.5927],[126.2988,34.59858],[126.29534,34.60071],[126.29176,34.5927],[126.28539,34.59341],[126.28015,34.59542],[126.27993,34.60021],[126.28206,34.59907],[126.28381,34.6042],[126.28788,34.60492],[126.28056,34.60989],[126.26162,34.60942],[126.27108,34.61507],[126.27989,34.61194],[126.28428,34.61789],[126.28195,34.62106],[126.28853,34.62061],[126.28755,34.62445],[126.29417,34.62942],[126.29029,34.63553],[126.28583,34.63434],[126.28465,34.6303],[126.27911,34.62992],[126.26056,34.64066],[126.25984,34.64492],[126.26715,34.64292],[126.26847,34.64774],[126.26357,34.65099],[126.26319,34.65848],[126.25534,34.66423],[126.26036,34.67258],[126.25508,34.67946],[126.26084,34.68397],[126.25999,34.70443],[126.26133,34.70716],[126.2649,34.70271],[126.27148,34.70316],[126.27453,34.71744],[126.27851,34.71953],[126.27943,34.71733],[126.27449,34.7278],[126.28901,34.75997],[126.29913,34.76191],[126.31057,34.75179],[126.30731,34.74783],[126.31386,34.74611],[126.31949,34.74956],[126.3251,34.74282],[126.33448,34.73848],[126.33009,34.73287],[126.33054,34.72084],[126.33937,34.71803],[126.34773,34.71044],[126.34996,34.70549],[126.34707,34.69994],[126.35492,34.69351],[126.36753,34.69844],[126.37378,34.71087],[126.38782,34.72586],[126.4233,34.71931],[126.46594,34.70868],[126.54391,34.65784],[126.54977,34.66401],[126.55415,34.66117],[126.56281,34.66691],[126.57002,34.67851],[126.57801,34.6809],[126.58755,34.67947],[126.60522,34.68359],[126.63912,34.67426],[126.64751,34.68845],[126.66856,34.69191],[126.67748,34.6855],[126.68278,34.68771],[126.70569,34.68182],[126.69861,34.67182],[126.70187,34.66227],[126.69523,34.66167],[126.69197,34.658],[126.69733,34.65011],[126.69318,34.64912],[126.68277,34.63247],[126.6934,34.62838],[126.70081,34.63025],[126.69275,34.6233],[126.68712,34.60634],[126.67436,34.597],[126.67212,34.59132],[126.68026,34.58483],[126.67942,34.58159],[126.69509,34.56395],[126.6903,34.55132],[126.67494,34.53969],[126.66713,34.53862],[126.67413,34.53155],[126.68328,34.53045],[126.68635,34.52509],[126.68041,34.51591],[126.68194,34.51091],[126.68972,34.5102],[126.68502,34.50356],[126.68359,34.47121],[126.68987,34.46808],[126.69771,34.47109],[126.7166,34.47053],[126.73496,34.45554],[126.72967,34.44572],[126.72461,34.4434],[126.71888,34.44553],[126.71021,34.43951],[126.69727,34.44015],[126.68798,34.43409],[126.69009,34.43244],[126.68646,34.43007],[126.69046,34.42568],[126.6864,34.43004],[126.68052,34.42645],[126.67478,34.42811],[126.67739,34.41669],[126.67429,34.41611],[126.66423,34.42703],[126.66024,34.4259],[126.66134,34.4213]]]]}},{"type":"Feature","properties":{"name":"해남남부","parents":["해남","전라남도","전남남부서해앞바다중평수구역","전남서부남해앞바다중평수구역"]},"geometry":{"type":"MultiPolygon","coordinates":[[[[126.66392,34.42068],[126.66429,34.42059],[126.66506,34.41902],[126.66392,34.42068]]],[[[126.66134,34.4213],[126.66379,34.42087],[126.66392,34.42068],[126.66134,34.4213]]],[[[126.4599,34.42641],[126.46546,34.42899],[126.46211,34.42508],[126.4599,34.42641]]],[[[126.43172,34.43861],[126.43562,34.43788],[126.43208,34.43355],[126.42815,34.43384],[126.43172,34.43861]]],[[[126.42663,34.44439],[126.42329,34.44692],[126.42891,34.44435],[126.42663,34.44439]]],[[[126.41392,34.4633],[126.41458,34.46552],[126.42071,34.45562],[126.42016,34.45141],[126.4134,34.45565],[126.41392,34.4633]]],[[[126.61881,34.33668],[126.61903,34.33681],[126.6192,34.33633],[126.61881,34.33668]]],[[[126.4759,34.33317],[126.47732,34.33344],[126.47618,34.33299],[126.4759,34.33317]]],[[[126.47742,34.33594],[126.47724,34.3359],[126.47787,34.33766],[126.47742,34.33594]]],[[[126.46545,34.34378],[126.47325,34.34281],[126.47654,34.34532],[126.47415,34.33124],[126.46545,34.34378]]],[[[126.50196,34.35553],[126.50247,34.3557],[126.50229,34.35511],[126.50196,34.35553]]],[[[126.46746,34.37997],[126.47006,34.38249],[126.47064,34.38061],[126.46746,34.37997]]],[[[126.48834,34.41129],[126.48872,34.41108],[126.48815,34.40975],[126.48834,34.41129]]],[[[126.66134,34.4213],[126.64993,34.42213],[126.65099,34.41914],[126.64612,34.41833],[126.64762,34.41324],[126.64394,34.41195],[126.64615,34.40967],[126.63497,34.41204],[126.62883,34.40214],[126.62251,34.40635],[126.61627,34.40265],[126.6217,34.39648],[126.61111,34.38609],[126.61397,34.37931],[126.62031,34.37899],[126.61846,34.36778],[126.62085,34.35885],[126.60197,34.34844],[126.61131,34.34143],[126.60041,34.33608],[126.60397,34.33327],[126.60105,34.31903],[126.6061,34.31646],[126.59873,34.3123],[126.58597,34.3198],[126.55951,34.32191],[126.54464,34.3031],[126.52905,34.30058],[126.52834,34.29352],[126.52166,34.29282],[126.52207,34.29506],[126.51644,34.29523],[126.51561,34.30708],[126.51923,34.31335],[126.51231,34.31915],[126.52101,34.32424],[126.52692,34.33444],[126.52048,34.34454],[126.52163,34.35714],[126.51636,34.36304],[126.50654,34.36579],[126.50135,34.36403],[126.49854,34.35694],[126.49072,34.35957],[126.4787,34.35008],[126.47203,34.34886],[126.4658,34.35776],[126.46819,34.36351],[126.47651,34.35552],[126.48127,34.35862],[126.47615,34.36484],[126.48065,34.36123],[126.48219,34.36474],[126.48592,34.36346],[126.478,34.3701],[126.48108,34.37606],[126.47564,34.37691],[126.48098,34.38272],[126.47141,34.38259],[126.48395,34.38666],[126.49735,34.38556],[126.49812,34.38895],[126.48669,34.40106],[126.49192,34.40499],[126.48722,34.40835],[126.505,34.40533],[126.51679,34.41424],[126.50844,34.42854],[126.51405,34.43329],[126.50698,34.44071],[126.49639,34.43106],[126.48737,34.43495],[126.48102,34.43045],[126.48264,34.42656],[126.47639,34.42697],[126.46603,34.44133],[126.45426,34.44879],[126.46468,34.45341],[126.46869,34.44793],[126.47298,34.44685],[126.47759,34.45012],[126.46797,34.45671],[126.46751,34.46194],[126.47205,34.46843],[126.46683,34.47113],[126.46289,34.4695],[126.45559,34.47726],[126.45591,34.48225],[126.46405,34.48175],[126.46638,34.48537],[126.46015,34.4903],[126.46464,34.49654],[126.45896,34.49686],[126.45636,34.50163],[126.47121,34.50677],[126.46472,34.51625],[126.48035,34.53038],[126.51289,34.52222],[126.53973,34.52045],[126.54111,34.50877],[126.54569,34.50456],[126.56491,34.51283],[126.57276,34.51259],[126.58214,34.50598],[126.58614,34.51178],[126.59096,34.51134],[126.59575,34.49575],[126.60008,34.49619],[126.60656,34.49017],[126.60328,34.47374],[126.6106,34.47134],[126.61399,34.46161],[126.62078,34.45542],[126.63542,34.4656],[126.63393,34.48187],[126.65807,34.48767],[126.67861,34.50976],[126.68795,34.51124],[126.68295,34.48943],[126.68359,34.47121],[126.68987,34.46808],[126.69771,34.47109],[126.7166,34.47053],[126.73496,34.45554],[126.72901,34.44786],[126.73454,34.44665],[126.72461,34.4434],[126.71857,34.4455],[126.71021,34.43951],[126.7017,34.43994],[126.70231,34.43496],[126.71397,34.43576],[126.7075,34.43267],[126.70296,34.43373],[126.70165,34.43994],[126.69889,34.44061],[126.68798,34.43409],[126.69009,34.43244],[126.68646,34.43006],[126.69046,34.42568],[126.6864,34.43004],[126.68052,34.42645],[126.67478,34.42811],[126.67739,34.41669],[126.67429,34.41611],[126.66423,34.42703],[126.66024,34.4259],[126.66134,34.4213]]]]}},{"type":"Feature","properties":{"name":"무안","parents":["전라남도","전남중부서해앞바다중앞평수구역"]},"geometry":{"type":"MultiPolygon","coordinates":[[[[126.39774,34.85644],[126.3981,34.8595],[126.39947,34.85706],[126.39774,34.85644]]],[[[126.37976,34.85946],[126.37971,34.86309],[126.38234,34.86251],[126.38245,34.85921],[126.37976,34.85946]]],[[[126.32486,34.92344],[126.32568,34.92327],[126.32231,34.92273],[126.32486,34.92344]]],[[[126.32401,34.92322],[126.32204,34.92439],[126.32463,34.92507],[126.32401,34.92322]]],[[[126.33623,35.16715],[126.33825,35.16528],[126.3354,35.16299],[126.33623,35.16715]]],[[[126.369,34.97765],[126.35921,34.96858],[126.35965,34.96263],[126.36825,34.96292],[126.37523,34.95664],[126.37104,34.95251],[126.37201,34.94884],[126.36588,34.94492],[126.36555,34.94251],[126.37358,34.93941],[126.36633,34.9326],[126.37022,34.92402],[126.3667,34.92036],[126.353,34.9223],[126.35102,34.91699],[126.34343,34.91489],[126.32881,34.91863],[126.32957,34.92829],[126.32633,34.93066],[126.31724,34.93184],[126.31145,34.92653],[126.30777,34.92832],[126.30461,34.93455],[126.31013,34.93364],[126.32134,34.94356],[126.30975,34.94834],[126.30665,34.95475],[126.30049,34.95735],[126.29487,34.96528],[126.29818,34.9736],[126.29508,34.97367],[126.30385,34.9771],[126.30476,34.9851],[126.31349,34.9884],[126.32726,34.96694],[126.34278,34.97187],[126.35171,34.98318],[126.35807,34.9843],[126.3587,34.99287],[126.34072,34.99742],[126.33434,34.99127],[126.33197,34.99303],[126.39026,35.02431],[126.39049,35.03219],[126.38084,35.04943],[126.37492,35.04429],[126.37292,35.04703],[126.36688,35.04595],[126.35681,35.04204],[126.35708,35.03838],[126.35229,35.0391],[126.34686,35.05165],[126.35129,35.05154],[126.349,35.05696],[126.33117,35.0619],[126.33959,35.06325],[126.34431,35.07124],[126.33727,35.08256],[126.32736,35.08931],[126.31638,35.08712],[126.3167,35.07948],[126.31133,35.07572],[126.31576,35.07165],[126.31248,35.06701],[126.30519,35.06643],[126.30041,35.06209],[126.30142,35.05968],[126.31279,35.05857],[126.31456,35.05501],[126.30482,35.04548],[126.30082,35.04455],[126.30111,35.04801],[126.29422,35.05022],[126.29578,35.05295],[126.29154,35.05979],[126.28554,35.06208],[126.28169,35.06181],[126.27779,35.05469],[126.26183,35.05364],[126.26098,35.06548],[126.24449,35.07782],[126.24828,35.09711],[126.25588,35.10186],[126.25895,35.10074],[126.25921,35.09395],[126.26277,35.09593],[126.26016,35.10433],[126.24354,35.11156],[126.25304,35.13425],[126.25928,35.13522],[126.25664,35.13834],[126.25905,35.14288],[126.27365,35.14854],[126.27885,35.13575],[126.29072,35.13598],[126.29454,35.13928],[126.30897,35.13725],[126.3058,35.13171],[126.30793,35.12754],[126.32062,35.12748],[126.33091,35.14153],[126.32573,35.14614],[126.326,35.14959],[126.33229,35.14986],[126.34679,35.15936],[126.34463,35.14078],[126.34684,35.13871],[126.33849,35.12259],[126.34109,35.12032],[126.33104,35.11488],[126.33325,35.1132],[126.32966,35.10918],[126.33674,35.10257],[126.3312,35.09473],[126.33474,35.09156],[126.34346,35.09175],[126.35326,35.09988],[126.3506,35.09557],[126.35205,35.08847],[126.34245,35.0864],[126.34543,35.08309],[126.34455,35.07666],[126.34864,35.07545],[126.35037,35.07947],[126.35774,35.07498],[126.36244,35.07582],[126.36402,35.07947],[126.36776,35.07696],[126.36386,35.07494],[126.36753,35.07127],[126.36498,35.06508],[126.37209,35.06219],[126.38295,35.0776],[126.38063,35.08213],[126.39125,35.08583],[126.38516,35.0749],[126.38483,35.06575],[126.39083,35.06473],[126.39256,35.07168],[126.39847,35.07529],[126.40409,35.07095],[126.4027,35.06592],[126.40653,35.06348],[126.40565,35.05762],[126.39832,35.05258],[126.40256,35.05042],[126.39271,35.04855],[126.39048,35.04317],[126.40086,35.04168],[126.40147,35.03606],[126.39857,35.03296],[126.40334,35.02708],[126.41111,35.02934],[126.41662,35.02661],[126.4275,35.02742],[126.41829,35.03971],[126.42258,35.04709],[126.4437,35.05845],[126.45164,35.07219],[126.45862,35.07379],[126.47861,35.06458],[126.4797,35.06148],[126.46346,35.04196],[126.46636,35.02482],[126.47009,35.02155],[126.4804,35.02683],[126.48353,35.01718],[126.49669,35.01807],[126.50046,35.01489],[126.49787,35.0079],[126.50067,35.00606],[126.49061,35.00093],[126.4999,34.98557],[126.51201,34.99014],[126.51774,34.98326],[126.52495,34.98334],[126.54118,34.97503],[126.52916,34.94964],[126.53128,34.94082],[126.54163,34.92721],[126.54241,34.91992],[126.53572,34.91801],[126.52481,34.9287],[126.51468,34.92576],[126.51331,34.92078],[126.53323,34.89592],[126.54554,34.88693],[126.55553,34.87001],[126.54367,34.81413],[126.5189,34.7945],[126.52042,34.78808],[126.51776,34.77963],[126.51061,34.7705],[126.4924,34.77013],[126.46843,34.78987],[126.45834,34.79337],[126.45483,34.81679],[126.43841,34.82119],[126.43786,34.83598],[126.40615,34.84738],[126.40723,34.85206],[126.40172,34.86102],[126.4036,34.86428],[126.39504,34.86941],[126.40207,34.87947],[126.39211,34.88268],[126.38769,34.87725],[126.3864,34.88238],[126.3904,34.88502],[126.39199,34.90024],[126.39698,34.89804],[126.40506,34.91061],[126.40381,34.91474],[126.39114,34.9223],[126.38969,34.92818],[126.39852,34.93524],[126.39167,34.93568],[126.38783,34.94695],[126.3946,34.96209],[126.3795,34.97121],[126.38066,34.98746],[126.37438,34.98911],[126.37366,34.99891],[126.36778,34.99553],[126.36619,34.97997],[126.369,34.97765]]],[[[126.37073,34.97329],[126.36964,34.97377],[126.36987,34.97462],[126.37073,34.97329]]],[[[126.31106,35.01449],[126.31931,35.01345],[126.31392,34.99998],[126.31143,35.00739],[126.31387,35.01109],[126.31106,35.01449]]],[[[126.373,35.02408],[126.37464,35.02867],[126.37444,35.02442],[126.373,35.02408]]],[[[126.39523,35.04197],[126.39135,35.0434],[126.39216,35.0455],[126.39523,35.04197]]]]}},{"type":"Feature","properties":{"name":"무안북부","parents":["무안","전라남도","전남중부서해앞바다중앞평수구역"]},"geometry":{"type":"MultiPolygon","coordinates":[[[[126.31106,35.01449],[126.31931,35.01345],[126.31392,34.99998],[126.31143,35.00739],[126.31387,35.01109],[126.31106,35.01449]]],[[[126.373,35.02408],[126.37464,35.02867],[126.37444,35.02442],[126.373,35.02408]]],[[[126.39523,35.04197],[126.39135,35.0434],[126.39216,35.0455],[126.39523,35.04197]]],[[[126.33623,35.16715],[126.33825,35.16528],[126.3354,35.16299],[126.33623,35.16715]]],[[[126.39774,34.85644],[126.3981,34.8595],[126.39947,34.85706],[126.39774,34.85644]]],[[[126.37976,34.85946],[126.37971,34.86309],[126.38234,34.86251],[126.38245,34.85921],[126.37976,34.85946]]],[[[126.32486,34.92344],[126.32568,34.92327],[126.32231,34.92273],[126.32486,34.92344]]],[[[126.32401,34.92322],[126.32204,34.92439],[126.32463,34.92507],[126.32401,34.92322]]],[[[126.37073,34.97329],[126.36964,34.97377],[126.36987,34.97462],[126.37073,34.97329]]],[[[126.369,34.97765],[126.35921,34.96858],[126.35965,34.96263],[126.36825,34.96292],[126.37523,34.95664],[126.37104,34.95251],[126.37201,34.94884],[126.36588,34.94492],[126.36555,34.94251],[126.37358,34.93941],[126.36633,34.9326],[126.37022,34.92402],[126.3667,34.92036],[126.353,34.9223],[126.35102,34.91699],[126.34343,34.91489],[126.32881,34.91863],[126.32957,34.92829],[126.32633,34.93066],[126.31724,34.93184],[126.31145,34.92653],[126.30777,34.92832],[126.30461,34.93455],[126.31013,34.93364],[126.32134,34.94356],[126.30975,34.94834],[126.30665,34.95475],[126.30049,34.95735],[126.29487,34.96528],[126.29818,34.9736],[126.29508,34.97367],[126.30385,34.9771],[126.30476,34.9851],[126.31349,34.9884],[126.32726,34.96694],[126.34278,34.97187],[126.35171,34.98318],[126.35807,34.9843],[126.3587,34.99287],[126.34072,34.99742],[126.33434,34.99127],[126.33197,34.99303],[126.39026,35.02431],[126.39049,35.03219],[126.38084,35.04943],[126.37492,35.04429],[126.37292,35.04703],[126.36688,35.04595],[126.35681,35.04204],[126.35708,35.03838],[126.35229,35.0391],[126.34686,35.05165],[126.35129,35.05154],[126.349,35.05696],[126.33117,35.0619],[126.33959,35.06325],[126.34431,35.07124],[126.33727,35.08256],[126.32736,35.08931],[126.31638,35.08712],[126.3167,35.07948],[126.31133,35.07572],[126.31576,35.07165],[126.31248,35.06701],[126.30519,35.06643],[126.30041,35.06209],[126.30142,35.05968],[126.31279,35.05857],[126.31456,35.05501],[126.30482,35.04548],[126.30082,35.04455],[126.30111,35.04801],[126.29422,35.05022],[126.29578,35.05295],[126.29154,35.05979],[126.28554,35.06208],[126.28169,35.06181],[126.27779,35.05469],[126.26183,35.05364],[126.26098,35.06548],[126.24449,35.07782],[126.24828,35.09711],[126.25588,35.10186],[126.25895,35.10074],[126.25921,35.09395],[126.26277,35.09593],[126.26016,35.10433],[126.24354,35.11156],[126.25304,35.13425],[126.25928,35.13522],[126.25664,35.13834],[126.25905,35.14288],[126.27365,35.14854],[126.27885,35.13575],[126.29072,35.13598],[126.29454,35.13928],[126.30897,35.13725],[126.3058,35.13171],[126.30793,35.12754],[126.32062,35.12748],[126.33091,35.14153],[126.32573,35.14614],[126.326,35.14959],[126.33229,35.14986],[126.34679,35.15936],[126.34463,35.14078],[126.34684,35.13871],[126.33849,35.12259],[126.34109,35.12032],[126.33104,35.11488],[126.33325,35.1132],[126.32966,35.10918],[126.3317,35.10477],[126.33674,35.10257],[126.3312,35.09473],[126.33474,35.09156],[126.34346,35.09175],[126.35326,35.09988],[126.3506,35.09557],[126.35205,35.08847],[126.34245,35.0864],[126.34543,35.08309],[126.34455,35.07666],[126.34864,35.07545],[126.35037,35.07947],[126.35774,35.07498],[126.36244,35.07582],[126.36402,35.07947],[126.36776,35.07696],[126.36386,35.07494],[126.36753,35.07127],[126.36498,35.06508],[126.36712,35.06265],[126.37434,35.06486],[126.38295,35.0776],[126.38063,35.08213],[126.39125,35.08583],[126.38516,35.0749],[126.38483,35.06575],[126.39083,35.06473],[126.39256,35.07168],[126.39847,35.07529],[126.40409,35.07095],[126.4027,35.06592],[126.40653,35.06348],[126.40565,35.05762],[126.39832,35.05258],[126.40256,35.05042],[126.39271,35.04855],[126.39048,35.04317],[126.40086,35.04168],[126.40147,35.03606],[126.39857,35.03296],[126.40334,35.02708],[126.41111,35.02934],[126.41662,35.02661],[126.4275,35.02742],[126.41829,35.03971],[126.42258,35.04709],[126.4437,35.05845],[126.45164,35.07219],[126.45862,35.07379],[126.47861,35.06458],[126.4797,35.06148],[126.46346,35.04196],[126.46636,35.02482],[126.47009,35.02155],[126.4804,35.02683],[126.48353,35.01718],[126.4974,35.01773],[126.50046,35.01489],[126.49787,35.0079],[126.50067,35.00606],[126.49084,35.00157],[126.49152,34.99885],[126.4999,34.98557],[126.50641,34.98601],[126.51115,34.99031],[126.51775,34.98323],[126.508,34.97706],[126.51565,34.97166],[126.51436,34.96829],[126.50536,34.96863],[126.49066,34.95799],[126.48492,34.96321],[126.47551,34.96434],[126.46431,34.94687],[126.46144,34.93299],[126.46342,34.92586],[126.4603,34.92296],[126.45369,34.92516],[126.44788,34.92279],[126.46219,34.90121],[126.46446,34.8956],[126.46258,34.89003],[126.46575,34.88576],[126.46102,34.87776],[126.4536,34.87572],[126.45416,34.86605],[126.45891,34.86473],[126.46331,34.85776],[126.47237,34.86064],[126.4775,34.85798],[126.48039,34.85398],[126.47824,34.84996],[126.48604,34.84536],[126.48998,34.83845],[126.4974,34.83571],[126.49396,34.829],[126.49543,34.82279],[126.48371,34.81577],[126.48319,34.81063],[126.46342,34.79222],[126.45834,34.79337],[126.45452,34.81749],[126.43832,34.82133],[126.43786,34.83598],[126.40615,34.84738],[126.40723,34.85206],[126.40172,34.86102],[126.4036,34.86428],[126.39504,34.86941],[126.40203,34.87884],[126.39211,34.88268],[126.3887,34.87779],[126.38639,34.88236],[126.3904,34.88502],[126.39199,34.90024],[126.39698,34.89804],[126.40088,34.90123],[126.40466,34.91195],[126.39114,34.9223],[126.38969,34.92818],[126.39852,34.93524],[126.39167,34.93568],[126.38783,34.94695],[126.3946,34.96209],[126.3795,34.97121],[126.38066,34.98746],[126.37438,34.98911],[126.37366,34.99891],[126.36778,34.99553],[126.36619,34.97997],[126.369,34.97765]]]]}},{"type":"Feature","properties":{"name":"울진","parents":["강원도","경상북도","경북북부앞바다중연안바다"]},"geometry":{"type":"MultiPolygon","coordinates":[[[[129.4708,36.75628],[129.47367,36.75744],[129.47141,36.75628],[129.4708,36.75628]]],[[[129.4708,36.75628],[129.46841,36.74954],[129.47774,36.7271],[129.47175,36.72089],[129.47597,36.71116],[129.47633,36.69933],[129.47016,36.6957],[129.46536,36.68749],[129.4655,36.67994],[129.4568,36.67184],[129.46185,36.67777],[129.45902,36.68178],[129.44105,36.67375],[129.42353,36.64528],[129.42002,36.64448],[129.41792,36.65047],[129.4109,36.65296],[129.40678,36.65922],[129.39665,36.66126],[129.39693,36.66554],[129.38885,36.66453],[129.38352,36.66885],[129.37285,36.66239],[129.3615,36.66044],[129.35432,36.65097],[129.34901,36.65678],[129.33009,36.66154],[129.32731,36.66668],[129.31758,36.66563],[129.2942,36.67141],[129.28542,36.66803],[129.26906,36.67368],[129.27856,36.68154],[129.27759,36.69153],[129.28278,36.69535],[129.28624,36.7083],[129.2944,36.71776],[129.27198,36.72528],[129.2717,36.74474],[129.28525,36.75212],[129.29505,36.75349],[129.2976,36.75646],[129.29655,36.76796],[129.30329,36.77668],[129.31218,36.77531],[129.31412,36.78078],[129.30612,36.79277],[129.30015,36.79388],[129.28755,36.80864],[129.29388,36.82392],[129.2891,36.83241],[129.27266,36.83338],[129.27073,36.84074],[129.27742,36.84734],[129.27562,36.85885],[129.27936,36.86002],[129.27873,36.86438],[129.28526,36.86505],[129.27945,36.87381],[129.26068,36.87138],[129.26234,36.87607],[129.25711,36.87347],[129.25521,36.86011],[129.24491,36.8519],[129.22785,36.85457],[129.22624,36.85613],[129.23144,36.8615],[129.22251,36.86165],[129.21772,36.85836],[129.21129,36.86368],[129.20556,36.85585],[129.19111,36.87979],[129.16887,36.88145],[129.16521,36.87916],[129.1658,36.87539],[129.15911,36.87473],[129.15538,36.87776],[129.15504,36.88848],[129.14792,36.88968],[129.14924,36.89592],[129.14447,36.89881],[129.14801,36.90438],[129.14477,36.90975],[129.14741,36.91333],[129.13736,36.92284],[129.13684,36.92688],[129.12545,36.92979],[129.11848,36.93547],[129.11089,36.9338],[129.10413,36.93795],[129.10804,36.94258],[129.10404,36.94492],[129.08397,36.94591],[129.08793,36.94993],[129.07681,36.95568],[129.08256,36.96356],[129.09097,36.96191],[129.09494,36.97465],[129.09049,36.98543],[129.09278,36.99618],[129.08943,36.99921],[129.09464,37.00687],[129.08469,37.00881],[129.10666,37.02355],[129.13388,37.03428],[129.15946,37.0197],[129.17619,37.02848],[129.18541,37.04172],[129.22531,37.04456],[129.23891,37.03937],[129.23267,37.04422],[129.23206,37.05443],[129.22852,37.05723],[129.23307,37.06388],[129.22538,37.07372],[129.24046,37.08504],[129.24903,37.09615],[129.26599,37.10232],[129.27202,37.11701],[129.27674,37.11855],[129.29459,37.11437],[129.29523,37.1203],[129.30113,37.12658],[129.31815,37.13295],[129.32483,37.14229],[129.33324,37.14071],[129.34784,37.14645],[129.36413,37.14601],[129.37447,37.13485],[129.3713,37.12744],[129.37348,37.123],[129.38007,37.11931],[129.37432,37.11044],[129.3796,37.09906],[129.40187,37.07918],[129.42718,37.06391],[129.43017,37.05832],[129.42587,37.0556],[129.42153,37.05799],[129.41436,37.05112],[129.4156,37.03337],[129.40944,37.02786],[129.41817,36.9987],[129.41764,36.99245],[129.40804,36.97969],[129.42125,36.94078],[129.41733,36.93133],[129.41922,36.91725],[129.41559,36.91627],[129.42036,36.89794],[129.41509,36.89025],[129.42204,36.87374],[129.42104,36.86506],[129.42759,36.85235],[129.44429,36.83437],[129.44527,36.82766],[129.45713,36.81451],[129.45783,36.8034],[129.463,36.79622],[129.46234,36.78864],[129.47598,36.7716],[129.4778,36.76718],[129.46884,36.75951],[129.46829,36.75627],[129.4708,36.75628]]]]}},{"type":"Feature","properties":{"name":"울진평지","parents":["울진","강원도","경상북도","경북북부앞바다중연안바다"]},"geometry":{"type":"MultiPolygon","coordinates":[[[[129.4708,36.75628],[129.47367,36.75744],[129.47141,36.75628],[129.4708,36.75628]]],[[[129.4708,36.75628],[129.46841,36.74954],[129.47774,36.7271],[129.47175,36.72089],[129.47597,36.71116],[129.47633,36.69933],[129.47016,36.6957],[129.46536,36.68749],[129.46623,36.6793],[129.4568,36.67184],[129.46185,36.67777],[129.45902,36.68178],[129.44105,36.67375],[129.42353,36.64528],[129.42002,36.64448],[129.41792,36.65047],[129.4109,36.65296],[129.40678,36.65922],[129.39665,36.66126],[129.39693,36.66554],[129.38885,36.66453],[129.38352,36.66885],[129.37285,36.66239],[129.3615,36.66044],[129.35432,36.65097],[129.34901,36.65678],[129.33009,36.66154],[129.32731,36.66668],[129.31758,36.66563],[129.2942,36.67141],[129.28542,36.66803],[129.26905,36.6737],[129.27856,36.68154],[129.27759,36.69153],[129.28278,36.69535],[129.28624,36.7083],[129.2944,36.71776],[129.27198,36.72528],[129.2717,36.74474],[129.28525,36.75212],[129.29505,36.75349],[129.2976,36.75646],[129.29655,36.76796],[129.30329,36.77668],[129.31218,36.77531],[129.31412,36.78078],[129.30612,36.79277],[129.30015,36.79388],[129.28755,36.80864],[129.29082,36.82119],[129.30108,36.83011],[129.29925,36.84365],[129.29413,36.84861],[129.30046,36.85779],[129.31363,36.86617],[129.31132,36.86857],[129.32319,36.88067],[129.32942,36.89826],[129.31158,36.91675],[129.30774,36.92539],[129.2995,36.93051],[129.3111,36.94373],[129.30413,36.94556],[129.30177,36.95285],[129.29288,36.95549],[129.27602,36.97021],[129.27165,36.97018],[129.27205,36.97801],[129.27934,36.99133],[129.27035,36.99905],[129.26262,36.99858],[129.24852,37.00496],[129.25734,37.01358],[129.25957,37.02412],[129.24509,37.02452],[129.23474,37.03148],[129.2375,37.04136],[129.23267,37.04422],[129.23206,37.05443],[129.22852,37.05723],[129.23307,37.06388],[129.22538,37.07372],[129.24046,37.08504],[129.24903,37.09615],[129.26599,37.10232],[129.27202,37.11701],[129.27674,37.11855],[129.29459,37.11437],[129.29523,37.1203],[129.30113,37.12658],[129.31815,37.13295],[129.32483,37.14229],[129.33324,37.14071],[129.34784,37.14645],[129.36413,37.14601],[129.37447,37.13485],[129.3713,37.12744],[129.37348,37.123],[129.38007,37.11931],[129.37432,37.11044],[129.3796,37.09906],[129.40187,37.07918],[129.42718,37.06391],[129.43017,37.05832],[129.42587,37.0556],[129.42153,37.05799],[129.41436,37.05112],[129.4156,37.03337],[129.40944,37.02786],[129.41817,36.9987],[129.41764,36.99245],[129.40804,36.97969],[129.42125,36.94078],[129.41733,36.93133],[129.41922,36.91725],[129.41559,36.91627],[129.42036,36.89794],[129.41509,36.89025],[129.42204,36.87374],[129.42104,36.86506],[129.42759,36.85235],[129.44429,36.83437],[129.44527,36.82766],[129.45713,36.81451],[129.45783,36.8034],[129.463,36.79622],[129.46234,36.78864],[129.47598,36.7716],[129.4778,36.76718],[129.46884,36.75951],[129.46829,36.75627],[129.4708,36.75628]]]]}},{"type":"Feature","properties":{"name":"창원","parents":["경상남도","경남중부남해앞바다중평수구역","부산"]},"geometry":{"type":"MultiPolygon","coordinates":[[[[128.58363,35.17984],[128.58396,35.17706],[128.57852,35.17856],[128.58363,35.17984]]],[[[128.64804,35.0998],[128.64399,35.10303],[128.6621,35.10532],[128.65687,35.10289],[128.6604,35.10187],[128.65822,35.09944],[128.66138,35.09516],[128.64804,35.0998]]],[[[128.72238,35.08956],[128.72845,35.08815],[128.72297,35.08792],[128.72238,35.08956]]],[[[128.71231,35.08247],[128.71306,35.08008],[128.70796,35.08155],[128.71231,35.08247]]],[[[128.5431,35.08532],[128.54686,35.08421],[128.5444,35.07906],[128.5431,35.08532]]],[[[128.72263,35.09195],[128.7191,35.08951],[128.71802,35.09125],[128.72263,35.09195]]],[[[128.48703,35.09092],[128.49283,35.0943],[128.49328,35.08905],[128.48703,35.09092]]],[[[128.51722,35.08862],[128.51553,35.09549],[128.52092,35.09656],[128.51722,35.08862]]],[[[128.66923,35.05646],[128.66864,35.05661],[128.66901,35.057],[128.66923,35.05646]]],[[[128.77171,35.06238],[128.77218,35.06157],[128.77182,35.06133],[128.77171,35.06238]]],[[[128.77158,35.0626],[128.77169,35.06253],[128.77171,35.06238],[128.77158,35.0626]]],[[[128.49742,35.07033],[128.49403,35.07162],[128.49552,35.07288],[128.49742,35.07033]]],[[[128.695,35.07861],[128.69854,35.07798],[128.69659,35.07703],[128.695,35.07861]]],[[[128.55298,35.07318],[128.56185,35.0735],[128.55538,35.07189],[128.55298,35.07318]]],[[[128.66923,35.05646],[128.66253,35.06001],[128.66868,35.06105],[128.67188,35.05642],[128.66923,35.05646]]],[[[128.56959,35.06207],[128.57464,35.06317],[128.57541,35.06057],[128.57028,35.0571],[128.56959,35.06207]]],[[[128.55073,35.06928],[128.56176,35.06675],[128.56023,35.06385],[128.56808,35.05401],[128.55574,35.05377],[128.54246,35.06638],[128.54241,35.06921],[128.55073,35.06928]]],[[[128.63126,35.06099],[128.634,35.06493],[128.63721,35.06381],[128.6338,35.05991],[128.63126,35.06099]]],[[[128.57113,35.06508],[128.57158,35.06737],[128.57344,35.066],[128.57113,35.06508]]],[[[128.57404,35.06532],[128.57489,35.06797],[128.57716,35.06579],[128.57404,35.06532]]],[[[128.4887,35.07732],[128.48851,35.08403],[128.49523,35.0798],[128.4887,35.07732]]],[[[128.77158,35.0626],[128.76368,35.05983],[128.75233,35.06136],[128.75231,35.072],[128.74238,35.07206],[128.74245,35.0767],[128.74276,35.07217],[128.75241,35.07215],[128.75603,35.07735],[128.75105,35.08225],[128.74193,35.07954],[128.74353,35.08589],[128.73932,35.08297],[128.73607,35.09144],[128.74347,35.0981],[128.73867,35.09941],[128.73389,35.09264],[128.72638,35.09307],[128.72345,35.09741],[128.72044,35.0952],[128.71508,35.09692],[128.71199,35.10676],[128.71035,35.10357],[128.70317,35.10588],[128.70031,35.1033],[128.7013,35.09871],[128.69212,35.09872],[128.68795,35.10407],[128.68896,35.10765],[128.69967,35.1151],[128.69973,35.12566],[128.69338,35.13295],[128.6973,35.13446],[128.69634,35.13843],[128.69074,35.13785],[128.6875,35.14161],[128.69093,35.14787],[128.67084,35.14248],[128.67776,35.12628],[128.66774,35.1204],[128.66427,35.12138],[128.65917,35.13677],[128.64446,35.13562],[128.64214,35.14543],[128.64281,35.14796],[128.64704,35.14653],[128.64706,35.15048],[128.62491,35.14727],[128.62259,35.13704],[128.61875,35.13587],[128.61488,35.13978],[128.60709,35.13769],[128.61025,35.14372],[128.61497,35.14468],[128.60829,35.15251],[128.61098,35.16296],[128.60605,35.16056],[128.59807,35.16529],[128.60055,35.16668],[128.59314,35.17352],[128.58933,35.1994],[128.60842,35.21186],[128.62438,35.21267],[128.63363,35.22151],[128.61741,35.21267],[128.58765,35.20973],[128.56877,35.19134],[128.57437,35.18548],[128.57403,35.18127],[128.57014,35.17948],[128.56645,35.18292],[128.56807,35.18658],[128.56449,35.18674],[128.57039,35.17499],[128.57976,35.17274],[128.58576,35.16524],[128.58273,35.16372],[128.58427,35.16155],[128.59089,35.1579],[128.58498,35.15602],[128.59091,35.15305],[128.59074,35.14953],[128.5866,35.14808],[128.59782,35.14191],[128.58721,35.13042],[128.58025,35.13893],[128.57506,35.13747],[128.57504,35.1332],[128.57216,35.13264],[128.5824,35.12742],[128.59919,35.13271],[128.59869,35.12416],[128.5859,35.12024],[128.59945,35.11918],[128.60115,35.10258],[128.61755,35.09365],[128.61202,35.09157],[128.62188,35.09002],[128.62721,35.08493],[128.60288,35.08029],[128.60652,35.07798],[128.60281,35.07646],[128.60563,35.07303],[128.61116,35.07528],[128.61179,35.07239],[128.60761,35.0708],[128.61259,35.06934],[128.62634,35.07382],[128.63542,35.07129],[128.63412,35.06832],[128.60879,35.06061],[128.60742,35.05773],[128.57329,35.05394],[128.59423,35.06857],[128.58704,35.07276],[128.58775,35.0699],[128.5807,35.0645],[128.57946,35.06876],[128.56247,35.06734],[128.56116,35.06975],[128.56498,35.06954],[128.56584,35.07332],[128.56302,35.07526],[128.56582,35.08212],[128.58316,35.09129],[128.54569,35.09764],[128.54818,35.10035],[128.54143,35.10148],[128.54877,35.1073],[128.5386,35.11447],[128.54088,35.11629],[128.53741,35.11971],[128.5292,35.10572],[128.51996,35.10516],[128.51784,35.09797],[128.51553,35.1006],[128.5066,35.09836],[128.4884,35.10824],[128.48548,35.10169],[128.47089,35.09817],[128.46448,35.10283],[128.45055,35.10611],[128.45257,35.10312],[128.44705,35.09793],[128.44848,35.09609],[128.46589,35.08537],[128.47907,35.0817],[128.47953,35.07893],[128.47391,35.07562],[128.46834,35.08164],[128.46148,35.07167],[128.45244,35.07425],[128.4405,35.07193],[128.42723,35.05506],[128.4226,35.05836],[128.42768,35.07151],[128.42509,35.07582],[128.42704,35.08646],[128.41107,35.09265],[128.39975,35.09044],[128.39956,35.08356],[128.39252,35.0878],[128.38602,35.10297],[128.37956,35.10431],[128.37192,35.11115],[128.35691,35.10797],[128.35012,35.11183],[128.35367,35.1184],[128.34814,35.13082],[128.36282,35.14024],[128.35855,35.1469],[128.36218,35.15219],[128.36044,35.1572],[128.36526,35.172],[128.36723,35.19427],[128.37637,35.19552],[128.37995,35.20176],[128.39,35.20644],[128.40305,35.20295],[128.40716,35.19404],[128.40314,35.18503],[128.4058,35.17961],[128.40966,35.17906],[128.41681,35.1702],[128.43027,35.16431],[128.43631,35.1647],[128.44305,35.16978],[128.44536,35.18058],[128.46549,35.18896],[128.47868,35.18782],[128.48844,35.19914],[128.48997,35.20691],[128.4793,35.21262],[128.47417,35.2223],[128.47584,35.23787],[128.47366,35.24044],[128.47895,35.25337],[128.48833,35.25992],[128.49101,35.27388],[128.49718,35.27556],[128.50711,35.27336],[128.50943,35.26874],[128.52447,35.27036],[128.53335,35.26618],[128.53769,35.27176],[128.54463,35.27058],[128.55698,35.27708],[128.57769,35.26906],[128.59165,35.27324],[128.58944,35.27789],[128.5828,35.27883],[128.58141,35.28729],[128.57269,35.30039],[128.58266,35.30852],[128.57203,35.3157],[128.57248,35.31991],[128.56476,35.32735],[128.57016,35.33592],[128.56226,35.34712],[128.56491,35.34965],[128.55929,35.35269],[128.56129,35.35698],[128.57105,35.35779],[128.57721,35.36594],[128.57407,35.37209],[128.57639,35.3808],[128.59338,35.39167],[128.60152,35.39338],[128.63438,35.36857],[128.65073,35.3749],[128.68937,35.37755],[128.71453,35.36853],[128.74329,35.34825],[128.76412,35.34551],[128.75315,35.33437],[128.75019,35.33944],[128.75002,35.33226],[128.74212,35.33154],[128.74246,35.32073],[128.73899,35.31716],[128.73258,35.31603],[128.7193,35.32505],[128.71364,35.32286],[128.71144,35.31525],[128.71495,35.31058],[128.69689,35.31039],[128.69158,35.30572],[128.7025,35.29763],[128.7113,35.26318],[128.7194,35.24371],[128.72328,35.24445],[128.72626,35.2398],[128.72511,35.2309],[128.71994,35.22501],[128.728,35.20695],[128.74543,35.20611],[128.75069,35.20145],[128.75053,35.19457],[128.74365,35.18507],[128.74099,35.16715],[128.75567,35.16485],[128.75697,35.16819],[128.76315,35.16878],[128.77783,35.15951],[128.79364,35.15719],[128.80213,35.1419],[128.80669,35.1425],[128.81536,35.13263],[128.82727,35.12816],[128.83298,35.12994],[128.83819,35.12309],[128.83849,35.1152],[128.84278,35.11351],[128.8417,35.10599],[128.8348,35.1018],[128.82347,35.10188],[128.82035,35.09642],[128.8287,35.08997],[128.81853,35.083],[128.8115,35.08299],[128.81151,35.07758],[128.78469,35.07772],[128.78247,35.08534],[128.78942,35.09396],[128.79871,35.09316],[128.80209,35.09608],[128.80245,35.09917],[128.79699,35.10049],[128.7883,35.09837],[128.79158,35.10184],[128.78835,35.10697],[128.78969,35.11337],[128.78437,35.11401],[128.77934,35.10293],[128.77275,35.09889],[128.76958,35.10356],[128.76296,35.10517],[128.7656,35.09759],[128.7842,35.09751],[128.77926,35.08215],[128.77499,35.08216],[128.77158,35.0626]]]]}},{"type":"Feature","properties":{"name":"통영","parents":["경상남도","경남중부남해앞바다중평수구역","경남서부남해앞바다중서부평수구역","경남서부남해앞바다중남부평수구역","경남서부남해앞바다중동부평수구역","거제시동부앞바다중연안바다"]},"geometry":{"type":"MultiPolygon","coordinates":[[[[128.73164,34.53889],[128.73478,34.53738],[128.7328,34.53609],[128.73164,34.53889]]],[[[128.44838,34.54414],[128.44334,34.54223],[128.44115,34.53854],[128.43719,34.53755],[128.43454,34.5404],[128.43963,34.54249],[128.43938,34.54438],[128.44454,34.54829],[128.44919,34.54697],[128.44838,34.54414]]],[[[128.34478,34.56351],[128.34665,34.56112],[128.34807,34.5582],[128.34257,34.55849],[128.3446,34.56086],[128.34478,34.56351]]],[[[128.18273,34.57208],[128.18909,34.57238],[128.18953,34.56908],[128.18811,34.56741],[128.18855,34.56323],[128.18442,34.56196],[128.18356,34.55931],[128.17937,34.55788],[128.17673,34.55849],[128.17904,34.56187],[128.18236,34.56176],[128.18424,34.56404],[128.18506,34.56978],[128.18273,34.57208]]],[[[128.54873,34.62176],[128.54957,34.6211],[128.54849,34.61827],[128.54556,34.61982],[128.54885,34.62236],[128.5466,34.62364],[128.54699,34.62534],[128.54467,34.62737],[128.5485,34.62919],[128.54819,34.63023],[128.55469,34.63061],[128.55595,34.62884],[128.55272,34.62384],[128.54873,34.62176]]],[[[128.30782,34.61943],[128.30912,34.61619],[128.30612,34.61596],[128.30261,34.61926],[128.29878,34.61831],[128.29871,34.62175],[128.30311,34.62557],[128.30721,34.62156],[128.30782,34.61943]]],[[[128.31598,34.6237],[128.3186,34.62265],[128.32221,34.62236],[128.32465,34.62036],[128.31838,34.61939],[128.3165,34.62055],[128.31598,34.6237]]],[[[128.57397,34.65919],[128.57705,34.65831],[128.57568,34.65432],[128.57387,34.65322],[128.57221,34.65496],[128.57397,34.65919]]],[[[128.3445,34.65561],[128.3444,34.65711],[128.34121,34.65887],[128.33952,34.66202],[128.34006,34.6627],[128.34783,34.66187],[128.35011,34.65775],[128.35085,34.65506],[128.34703,34.65593],[128.3445,34.65561]]],[[[128.23248,34.65122],[128.23425,34.65277],[128.23698,34.65058],[128.24157,34.65098],[128.24232,34.65258],[128.24657,34.65219],[128.25169,34.65013],[128.25317,34.64836],[128.25893,34.64474],[128.26304,34.6448],[128.26508,34.64592],[128.26667,34.64398],[128.26937,34.64269],[128.2714,34.64053],[128.27572,34.6392],[128.27557,34.63801],[128.26873,34.63378],[128.26567,34.63252],[128.27071,34.62935],[128.27476,34.6247],[128.27568,34.62624],[128.27882,34.62825],[128.27816,34.63097],[128.27965,34.63484],[128.28286,34.63543],[128.28445,34.63853],[128.29044,34.64086],[128.29214,34.64018],[128.29751,34.64016],[128.29919,34.63905],[128.29521,34.63684],[128.29356,34.63503],[128.29607,34.63333],[128.29353,34.63209],[128.29344,34.62952],[128.28963,34.63024],[128.28644,34.62608],[128.28638,34.62189],[128.27744,34.62031],[128.27566,34.61937],[128.27401,34.6211],[128.27193,34.62117],[128.27136,34.62473],[128.2641,34.62767],[128.26155,34.62546],[128.25819,34.62083],[128.25117,34.62041],[128.25017,34.61928],[128.24421,34.61904],[128.24402,34.61699],[128.24574,34.61517],[128.24302,34.61153],[128.23915,34.61102],[128.23378,34.6128],[128.23205,34.61443],[128.23268,34.61681],[128.23644,34.61684],[128.24269,34.61972],[128.24257,34.62379],[128.23833,34.62578],[128.23759,34.62791],[128.23508,34.62807],[128.23751,34.63491],[128.23455,34.63498],[128.22918,34.63116],[128.2252,34.63289],[128.22352,34.63779],[128.23015,34.63995],[128.23363,34.63905],[128.23514,34.64052],[128.23498,34.64405],[128.23115,34.64545],[128.22765,34.64881],[128.23258,34.64928],[128.23248,34.65122]]],[[[128.35117,34.65163],[128.35341,34.65106],[128.35593,34.65079],[128.3576,34.64869],[128.36066,34.64712],[128.36272,34.64857],[128.36437,34.64619],[128.36764,34.64621],[128.36811,34.64175],[128.36995,34.64177],[128.37184,34.63962],[128.37363,34.63994],[128.37386,34.64261],[128.37878,34.64494],[128.38122,34.64055],[128.37869,34.64082],[128.37609,34.63719],[128.36736,34.63893],[128.36631,34.64056],[128.36385,34.64111],[128.36236,34.6433],[128.35945,34.64301],[128.3565,34.63986],[128.34926,34.63985],[128.3486,34.64172],[128.34615,34.64211],[128.34384,34.64573],[128.3441,34.64944],[128.35191,34.65003],[128.35117,34.65163]]],[[[128.57545,34.65028],[128.57925,34.65064],[128.57751,34.64668],[128.57923,34.64531],[128.58223,34.64609],[128.58471,34.64492],[128.58552,34.64126],[128.58299,34.64122],[128.57743,34.63958],[128.57758,34.63702],[128.57395,34.63436],[128.57135,34.6334],[128.56924,34.63365],[128.56517,34.63261],[128.562,34.63485],[128.5651,34.63848],[128.5701,34.6409],[128.57153,34.6423],[128.57199,34.6449],[128.575,34.64754],[128.57545,34.65028]]],[[[128.46499,34.64371],[128.46876,34.64344],[128.46749,34.64059],[128.46499,34.64371]]],[[[128.22039,34.67686],[128.22387,34.67438],[128.22223,34.67347],[128.22014,34.67548],[128.22039,34.67686]]],[[[128.57778,34.68866],[128.57925,34.68707],[128.58175,34.68495],[128.5822,34.68137],[128.57877,34.68064],[128.57395,34.68238],[128.5754,34.68602],[128.57778,34.68866]]],[[[128.54298,34.70108],[128.5481,34.70092],[128.54892,34.6994],[128.54859,34.69633],[128.54424,34.69749],[128.54136,34.69962],[128.54298,34.70108]]],[[[128.175,34.7115],[128.18116,34.7097],[128.18245,34.70908],[128.18957,34.7108],[128.19251,34.71002],[128.19633,34.70694],[128.19821,34.70667],[128.2017,34.70242],[128.19991,34.69857],[128.2023,34.69558],[128.20228,34.69116],[128.19756,34.6884],[128.19538,34.69206],[128.19287,34.69268],[128.18814,34.69101],[128.18291,34.69123],[128.17893,34.69425],[128.17673,34.69452],[128.17506,34.69637],[128.17283,34.69621],[128.17182,34.69955],[128.16971,34.70011],[128.16791,34.70213],[128.16744,34.70503],[128.17224,34.70847],[128.175,34.7115]]],[[[128.39893,34.69493],[128.39763,34.69376],[128.39321,34.69562],[128.39404,34.69672],[128.39812,34.697],[128.39893,34.69493]]],[[[128.28668,34.68894],[128.27936,34.68741],[128.27967,34.68877],[128.28328,34.68919],[128.2854,34.69125],[128.28668,34.68894]]],[[[128.21859,34.68023],[128.22222,34.67995],[128.22048,34.67775],[128.21859,34.68023]]],[[[128.26154,34.68049],[128.26301,34.68267],[128.26527,34.67946],[128.26154,34.68049]]],[[[128.40435,34.75],[128.40568,34.74822],[128.41647,34.74855],[128.41659,34.74708],[128.4119,34.74595],[128.40608,34.7438],[128.40395,34.74196],[128.40343,34.746],[128.3999,34.74587],[128.40049,34.74826],[128.40259,34.74882],[128.40347,34.75122],[128.40435,34.75]]],[[[128.42263,34.75571],[128.42623,34.75449],[128.42329,34.75159],[128.4242,34.74953],[128.42182,34.74776],[128.42224,34.74585],[128.41957,34.74458],[128.41586,34.74478],[128.42161,34.74866],[128.42263,34.75571]]],[[[128.40145,34.75557],[128.40153,34.75417],[128.39922,34.75092],[128.39436,34.75146],[128.39253,34.75392],[128.39386,34.7551],[128.39637,34.75327],[128.3983,34.7536],[128.39854,34.75586],[128.40145,34.75557]]],[[[128.40951,34.75495],[128.40885,34.75268],[128.40412,34.75256],[128.40558,34.75488],[128.40951,34.75495]]],[[[128.42975,34.72882],[128.42795,34.72609],[128.42737,34.72315],[128.4253,34.72218],[128.42309,34.72667],[128.42429,34.73148],[128.42691,34.73414],[128.42813,34.73402],[128.42975,34.72882]]],[[[128.39969,34.74024],[128.40404,34.7373],[128.40658,34.73313],[128.40538,34.73156],[128.40607,34.72944],[128.40013,34.72938],[128.398,34.7306],[128.39509,34.73631],[128.39969,34.74024]]],[[[128.38089,34.74123],[128.38437,34.74065],[128.3904,34.73962],[128.39217,34.73675],[128.38633,34.73929],[128.38297,34.73798],[128.38046,34.73968],[128.38089,34.74123]]],[[[128.53381,34.72909],[128.53002,34.72714],[128.52397,34.72947],[128.51999,34.72852],[128.52293,34.73282],[128.5268,34.7331],[128.5295,34.7353],[128.53595,34.73357],[128.53761,34.73195],[128.5356,34.72916],[128.53381,34.72909]]],[[[128.49335,34.75027],[128.49774,34.74773],[128.50086,34.74099],[128.50384,34.73916],[128.50536,34.74013],[128.50954,34.73872],[128.51283,34.73666],[128.51326,34.73354],[128.50878,34.7322],[128.50442,34.73224],[128.5037,34.73489],[128.50156,34.73846],[128.49914,34.73604],[128.49833,34.7336],[128.49549,34.73166],[128.49391,34.73235],[128.49263,34.73551],[128.48817,34.73322],[128.48661,34.73656],[128.48353,34.73745],[128.48158,34.73979],[128.47709,34.7395],[128.47361,34.74037],[128.46694,34.73925],[128.46602,34.7424],[128.47068,34.7439],[128.47525,34.74657],[128.48521,34.74503],[128.48837,34.74727],[128.4889,34.74895],[128.49335,34.75027]]],[[[128.39375,34.7074],[128.39338,34.71045],[128.39738,34.71149],[128.39881,34.708],[128.39375,34.7074]]],[[[128.5612,34.70693],[128.55809,34.71348],[128.55488,34.71628],[128.55473,34.71798],[128.55948,34.71595],[128.56183,34.71139],[128.5653,34.70758],[128.5612,34.70693]]],[[[128.46202,34.73492],[128.46459,34.73578],[128.47165,34.72928],[128.46977,34.72627],[128.46749,34.72564],[128.46706,34.72332],[128.46215,34.72103],[128.46033,34.71713],[128.46596,34.71197],[128.46774,34.70813],[128.46464,34.70655],[128.46264,34.70384],[128.45128,34.70428],[128.44874,34.70907],[128.45037,34.7106],[128.45071,34.71356],[128.45761,34.71559],[128.45994,34.7178],[128.45908,34.72178],[128.45598,34.72422],[128.45458,34.72659],[128.45558,34.7299],[128.46062,34.73085],[128.46202,34.73492]]],[[[128.25147,34.66825],[128.25445,34.66818],[128.25702,34.66572],[128.25336,34.66461],[128.25395,34.66203],[128.24866,34.66305],[128.24538,34.66311],[128.24319,34.66631],[128.24669,34.66707],[128.24899,34.66572],[128.25147,34.66825]]],[[[128.26488,34.66596],[128.26417,34.66565],[128.26481,34.6688],[128.26686,34.66973],[128.26703,34.66691],[128.26488,34.66596]]],[[[128.30491,34.67025],[128.30648,34.66724],[128.30309,34.66627],[128.30159,34.66741],[128.30491,34.67025]]],[[[128.25087,34.68067],[128.2524,34.67717],[128.25468,34.67435],[128.25532,34.67105],[128.2524,34.66999],[128.24591,34.66957],[128.24437,34.66773],[128.24246,34.6716],[128.23765,34.67163],[128.23259,34.67025],[128.23359,34.67776],[128.23628,34.67572],[128.2389,34.67738],[128.24201,34.677],[128.24413,34.67901],[128.24685,34.67741],[128.25003,34.67832],[128.25087,34.68067]]],[[[128.51349,34.7981],[128.51949,34.79814],[128.51891,34.79571],[128.52109,34.79346],[128.52005,34.79192],[128.51289,34.79357],[128.51349,34.7981]]],[[[128.37185,34.7761],[128.37057,34.77567],[128.36509,34.77825],[128.36006,34.77443],[128.35766,34.77696],[128.35579,34.77765],[128.3568,34.78056],[128.36105,34.77929],[128.3628,34.78215],[128.36886,34.78606],[128.37015,34.78267],[128.37414,34.7827],[128.37335,34.77915],[128.37147,34.77825],[128.37185,34.7761]]],[[[128.35834,34.78703],[128.36197,34.786],[128.3603,34.78446],[128.35834,34.78703]]],[[[128.4996,34.79525],[128.4978,34.79879],[128.49848,34.80252],[128.50621,34.80169],[128.50752,34.79974],[128.50614,34.79419],[128.50416,34.78971],[128.50194,34.78834],[128.50002,34.79294],[128.49844,34.79001],[128.49481,34.79153],[128.49487,34.7947],[128.4996,34.79525]]],[[[128.38051,34.77961],[128.37935,34.77828],[128.37826,34.77991],[128.38051,34.77961]]],[[[128.46072,34.77942],[128.46118,34.77994],[128.46352,34.77885],[128.46072,34.77942]]],[[[128.17351,34.82047],[128.17709,34.82197],[128.17886,34.82058],[128.17765,34.81887],[128.17351,34.82047]]],[[[128.1337,34.82501],[128.13114,34.82622],[128.12855,34.82653],[128.12457,34.83156],[128.12615,34.8355],[128.13238,34.83615],[128.13542,34.83415],[128.13733,34.8348],[128.14227,34.83273],[128.14368,34.82934],[128.14145,34.82896],[128.13979,34.82722],[128.14191,34.82531],[128.13476,34.82366],[128.1337,34.82501]]],[[[128.23629,34.84147],[128.238,34.8376],[128.24098,34.83545],[128.2397,34.83245],[128.24142,34.83194],[128.24486,34.83296],[128.24599,34.83009],[128.24844,34.82954],[128.24817,34.82663],[128.24962,34.82461],[128.25433,34.82306],[128.26355,34.81828],[128.26606,34.81496],[128.26144,34.81462],[128.26025,34.80916],[128.25481,34.80808],[128.2458,34.80994],[128.24306,34.81099],[128.2382,34.81101],[128.23854,34.80914],[128.24274,34.80841],[128.24409,34.80602],[128.24588,34.79935],[128.24341,34.79781],[128.24201,34.79491],[128.23862,34.79511],[128.23949,34.79752],[128.23679,34.80129],[128.23441,34.80002],[128.22397,34.8014],[128.22253,34.80499],[128.22414,34.80801],[128.2202,34.80843],[128.21465,34.80698],[128.21039,34.80759],[128.2079,34.80911],[128.20913,34.81092],[128.21199,34.81241],[128.21471,34.81219],[128.21601,34.81344],[128.21359,34.81536],[128.21052,34.81475],[128.21075,34.81719],[128.20561,34.81633],[128.20136,34.81703],[128.1997,34.81997],[128.20247,34.82148],[128.19999,34.8234],[128.20075,34.82521],[128.20352,34.82402],[128.20443,34.82221],[128.21366,34.82111],[128.21389,34.82279],[128.20686,34.82719],[128.21295,34.83145],[128.2165,34.83857],[128.21876,34.83923],[128.22585,34.83789],[128.23078,34.83918],[128.2325,34.84068],[128.23629,34.84147]]],[[[128.19587,34.86027],[128.20135,34.85969],[128.20479,34.85812],[128.20588,34.85659],[128.21054,34.85534],[128.21153,34.8514],[128.21431,34.85249],[128.22307,34.85236],[128.22644,34.84982],[128.22878,34.84913],[128.2324,34.84464],[128.22848,34.84216],[128.22116,34.84443],[128.22119,34.84238],[128.219,34.84165],[128.21507,34.84338],[128.21248,34.84272],[128.20709,34.84292],[128.20321,34.84203],[128.19983,34.83923],[128.19842,34.83348],[128.19893,34.83165],[128.19326,34.82839],[128.19226,34.82698],[128.18888,34.82708],[128.18518,34.82628],[128.182,34.82693],[128.17958,34.82941],[128.17939,34.8318],[128.18302,34.8327],[128.18414,34.83392],[128.1837,34.83642],[128.18114,34.83805],[128.17805,34.83582],[128.17698,34.83844],[128.17233,34.83837],[128.16722,34.84275],[128.16729,34.84327],[128.1673,34.84338],[128.16854,34.84746],[128.16753,34.85138],[128.17088,34.8539],[128.17542,34.85441],[128.1784,34.85577],[128.18289,34.8561],[128.19092,34.85956],[128.19229,34.85847],[128.19587,34.86027]]],[[[128.42518,34.89502],[128.42432,34.89056],[128.42101,34.89401],[128.42442,34.89655],[128.42518,34.89502]]],[[[128.34531,34.86608],[128.34963,34.86719],[128.35149,34.8656],[128.351,34.86353],[128.34732,34.86628],[128.34531,34.86608]]],[[[128.46632,34.86345],[128.46749,34.86553],[128.46626,34.86772],[128.46884,34.86656],[128.4688,34.86643],[128.46822,34.86481],[128.46632,34.86345]]],[[[128.47933,34.90906],[128.4777,34.90765],[128.47627,34.90459],[128.47095,34.9045],[128.4662,34.90665],[128.46403,34.90877],[128.46412,34.91254],[128.46572,34.91581],[128.46912,34.91844],[128.46617,34.92112],[128.47506,34.9192],[128.47246,34.91789],[128.4727,34.91474],[128.47602,34.91073],[128.47933,34.90906]]],[[[128.33673,34.92271],[128.33684,34.92128],[128.33673,34.92271],[128.33673,34.92271]]],[[[128.31907,34.91977],[128.31841,34.92347],[128.32052,34.92641],[128.32294,34.92662],[128.32479,34.92432],[128.32144,34.92226],[128.31907,34.91977]]],[[[128.32855,34.92642],[128.33121,34.92598],[128.33157,34.92277],[128.32923,34.92338],[128.32855,34.92642]]],[[[128.34014,34.85314],[128.34535,34.85425],[128.34602,34.85359],[128.34391,34.8519],[128.34014,34.85314]]],[[[128.31846,34.83526],[128.3199,34.8341],[128.31726,34.83095],[128.31419,34.83061],[128.31362,34.83313],[128.31714,34.83297],[128.31846,34.83526]]],[[[128.48708,34.93886],[128.48841,34.93835],[128.4914,34.93194],[128.48997,34.92911],[128.48702,34.92904],[128.48427,34.9338],[128.48648,34.9356],[128.48708,34.93886]]],[[[128.48554,34.95789],[128.48791,34.95599],[128.49067,34.95558],[128.49062,34.95379],[128.48537,34.95398],[128.48386,34.95506],[128.4845,34.9605],[128.48209,34.96361],[128.48325,34.9658],[128.4871,34.96688],[128.4871,34.96436],[128.48509,34.96011],[128.48554,34.95789]]],[[[128.43766,34.92754],[128.43968,34.92567],[128.4359,34.92462],[128.43575,34.9265],[128.43766,34.92754]]],[[[128.49931,34.81121],[128.49638,34.8116],[128.49361,34.80963],[128.49069,34.81267],[128.49648,34.8132],[128.49931,34.81121]]],[[[128.349,34.82065],[128.35183,34.82194],[128.353,34.81972],[128.35522,34.82125],[128.36012,34.81851],[128.3578,34.81783],[128.35629,34.81493],[128.35439,34.81368],[128.35121,34.81635],[128.34599,34.81705],[128.34781,34.82089],[128.349,34.82065]]],[[[128.33673,34.92271],[128.33662,34.92417],[128.34266,34.92616],[128.34551,34.92911],[128.34655,34.9326],[128.3456,34.93695],[128.34666,34.9403],[128.35109,34.93828],[128.35369,34.94185],[128.36049,34.94381],[128.36475,34.94361],[128.36679,34.94569],[128.36891,34.9463],[128.37423,34.94525],[128.37886,34.94727],[128.38103,34.94703],[128.38603,34.95088],[128.39102,34.95201],[128.38911,34.96102],[128.39138,34.96192],[128.392,34.96367],[128.39671,34.96454],[128.39986,34.964],[128.4006,34.96616],[128.40035,34.97046],[128.40331,34.97041],[128.40529,34.96866],[128.41564,34.96721],[128.4179,34.97069],[128.42086,34.97232],[128.42305,34.97541],[128.43093,34.97639],[128.43425,34.9746],[128.43594,34.9735],[128.44137,34.97186],[128.44068,34.97076],[128.44385,34.96846],[128.43133,34.95696],[128.42908,34.95695],[128.42928,34.94745],[128.43005,34.94475],[128.42752,34.94236],[128.42594,34.94277],[128.42539,34.93926],[128.42761,34.93706],[128.42876,34.9351],[128.43278,34.93428],[128.43289,34.93225],[128.43445,34.93029],[128.42847,34.92835],[128.43,34.922],[128.42963,34.91782],[128.42818,34.91674],[128.42665,34.91562],[128.42066,34.91361],[128.41998,34.91114],[128.41946,34.91082],[128.418,34.90845],[128.42077,34.90556],[128.42249,34.90358],[128.42247,34.8997],[128.41893,34.89679],[128.42,34.89565],[128.41811,34.89228],[128.41948,34.88926],[128.42346,34.884],[128.42104,34.87385],[128.42347,34.87202],[128.42674,34.87473],[128.42833,34.87729],[128.43022,34.87626],[128.43266,34.87747],[128.43175,34.87896],[128.43436,34.88089],[128.43451,34.88428],[128.43096,34.88341],[128.43069,34.88681],[128.43187,34.88822],[128.43462,34.8877],[128.43635,34.88996],[128.4409,34.88847],[128.44553,34.8885],[128.44344,34.89046],[128.4438,34.89297],[128.44053,34.89208],[128.44203,34.89678],[128.44417,34.89995],[128.44839,34.90221],[128.45143,34.90286],[128.44916,34.90556],[128.44615,34.90462],[128.44334,34.91015],[128.44199,34.91097],[128.43821,34.91205],[128.44388,34.91429],[128.44675,34.91386],[128.45115,34.91522],[128.45277,34.91381],[128.45236,34.91164],[128.45236,34.91032],[128.45684,34.90791],[128.45743,34.90563],[128.45975,34.90376],[128.45427,34.9017],[128.4548,34.90099],[128.45772,34.89957],[128.46038,34.89942],[128.46306,34.90002],[128.4652,34.89886],[128.46557,34.89413],[128.46388,34.89453],[128.46637,34.89141],[128.47127,34.89178],[128.47249,34.89325],[128.47387,34.89325],[128.4759,34.88965],[128.47263,34.88898],[128.46981,34.88829],[128.4695,34.88616],[128.4711,34.88441],[128.46743,34.88167],[128.46836,34.87974],[128.46655,34.87621],[128.46698,34.87386],[128.4672,34.87379],[128.46789,34.8723],[128.4663,34.87113],[128.46186,34.87113],[128.46036,34.87302],[128.45979,34.87576],[128.46066,34.87979],[128.45782,34.88247],[128.45552,34.88202],[128.45644,34.87988],[128.45603,34.8765],[128.45191,34.87378],[128.45326,34.87145],[128.45664,34.8693],[128.45604,34.86458],[128.45288,34.86525],[128.4518,34.86668],[128.45129,34.8675],[128.44997,34.8681],[128.44686,34.86563],[128.4477,34.86271],[128.4486,34.86193],[128.4502,34.85831],[128.45245,34.85683],[128.45399,34.85463],[128.45058,34.85147],[128.45217,34.84887],[128.44785,34.84486],[128.44494,34.84445],[128.44184,34.84353],[128.44126,34.84256],[128.43387,34.84449],[128.43189,34.84253],[128.43507,34.84168],[128.43608,34.83992],[128.43296,34.83822],[128.43188,34.83949],[128.43069,34.83853],[128.42752,34.83956],[128.42213,34.83885],[128.41801,34.83975],[128.41551,34.8374],[128.4104,34.83481],[128.40743,34.83441],[128.40497,34.8326],[128.40307,34.83318],[128.4017,34.83599],[128.39805,34.83471],[128.39763,34.83211],[128.39554,34.82935],[128.39342,34.83408],[128.39092,34.83471],[128.38976,34.83513],[128.38765,34.8358],[128.38525,34.83362],[128.38345,34.83556],[128.3834,34.83799],[128.3889,34.83903],[128.3877,34.84154],[128.38542,34.84384],[128.38383,34.84319],[128.38141,34.84161],[128.37734,34.84017],[128.37184,34.84423],[128.3768,34.8437],[128.37755,34.84584],[128.37389,34.84718],[128.37311,34.84874],[128.36992,34.84928],[128.37019,34.85116],[128.37214,34.85293],[128.37508,34.85123],[128.37826,34.85152],[128.37928,34.85378],[128.38408,34.85556],[128.38507,34.85778],[128.38416,34.86142],[128.38627,34.85951],[128.38957,34.86151],[128.39288,34.86179],[128.39436,34.86331],[128.39683,34.86288],[128.39741,34.86103],[128.3959,34.85897],[128.39839,34.85866],[128.40082,34.86232],[128.40721,34.86093],[128.41334,34.85916],[128.41592,34.86127],[128.41863,34.85958],[128.4201,34.8613],[128.42074,34.86276],[128.41949,34.86537],[128.4152,34.86767],[128.41045,34.86666],[128.40581,34.86779],[128.40506,34.86536],[128.39618,34.86718],[128.39324,34.86655],[128.38922,34.86699],[128.38559,34.86817],[128.38461,34.87029],[128.38765,34.87347],[128.39064,34.87242],[128.38979,34.87381],[128.3892,34.87566],[128.38664,34.8758],[128.38595,34.87411],[128.3832,34.87252],[128.3812,34.87316],[128.38125,34.8754],[128.38174,34.87763],[128.38527,34.88168],[128.38133,34.88858],[128.38017,34.88894],[128.37798,34.88876],[128.38013,34.88565],[128.37889,34.88326],[128.37507,34.88191],[128.37181,34.88426],[128.36885,34.88529],[128.37258,34.87995],[128.3715,34.8759],[128.37381,34.875],[128.37605,34.87135],[128.37535,34.87009],[128.37228,34.86947],[128.36801,34.87257],[128.36333,34.87002],[128.35848,34.87028],[128.35759,34.87174],[128.35524,34.87271],[128.35512,34.8747],[128.35736,34.87722],[128.35608,34.87827],[128.3531,34.87913],[128.35216,34.88119],[128.35249,34.8836],[128.35107,34.8866],[128.34922,34.88661],[128.34988,34.8842],[128.34934,34.88167],[128.35049,34.87669],[128.34827,34.87309],[128.34496,34.87284],[128.34169,34.87449],[128.34175,34.88021],[128.34038,34.88051],[128.33633,34.88131],[128.33361,34.88078],[128.33719,34.87756],[128.33227,34.87744],[128.3312,34.8792],[128.33103,34.87651],[128.32835,34.87588],[128.32643,34.87852],[128.32466,34.87903],[128.32628,34.88233],[128.32947,34.88478],[128.32605,34.8868],[128.32502,34.88505],[128.32218,34.88442],[128.32022,34.88113],[128.31938,34.87919],[128.31688,34.87984],[128.31567,34.88437],[128.31262,34.88572],[128.31111,34.88487],[128.30911,34.89352],[128.30645,34.89526],[128.3052,34.89721],[128.30004,34.898],[128.29761,34.90069],[128.29821,34.90235],[128.30322,34.90499],[128.30366,34.9064],[128.30858,34.90877],[128.31414,34.90883],[128.31892,34.90963],[128.32206,34.90675],[128.32685,34.90722],[128.32926,34.9086],[128.33421,34.90899],[128.33902,34.90851],[128.34126,34.90674],[128.3472,34.90536],[128.35045,34.90551],[128.35366,34.90782],[128.35532,34.90788],[128.35534,34.91021],[128.35346,34.91305],[128.35245,34.91566],[128.35393,34.91676],[128.35347,34.92019],[128.34864,34.91953],[128.34608,34.92143],[128.35064,34.92365],[128.34493,34.92483],[128.34342,34.92579],[128.3415,34.92361],[128.33673,34.92271]]],[[[128.2951,34.76294],[128.30004,34.75826],[128.30481,34.75764],[128.30763,34.75548],[128.30609,34.75124],[128.30105,34.75379],[128.29894,34.75222],[128.29765,34.74877],[128.29253,34.74773],[128.29148,34.74996],[128.28896,34.75108],[128.28702,34.75365],[128.28904,34.75752],[128.2881,34.76043],[128.2919,34.76137],[128.2951,34.76294]]],[[[128.38974,34.76548],[128.38975,34.7665],[128.39228,34.76419],[128.38974,34.76548]]],[[[128.5214,34.7665],[128.52766,34.7641],[128.53146,34.76524],[128.5341,34.76447],[128.52985,34.76232],[128.52976,34.75811],[128.53187,34.75724],[128.53616,34.7574],[128.53866,34.75641],[128.54166,34.75883],[128.54192,34.76038],[128.5453,34.76119],[128.55887,34.75973],[128.56051,34.75799],[128.56011,34.75555],[128.55454,34.75542],[128.55684,34.75204],[128.56074,34.75043],[128.55667,34.74881],[128.55541,34.74941],[128.5513,34.74811],[128.54819,34.7488],[128.54273,34.75198],[128.54088,34.75183],[128.53865,34.75402],[128.53418,34.75534],[128.53367,34.75521],[128.53005,34.75603],[128.52544,34.75475],[128.51554,34.75896],[128.50777,34.75874],[128.51132,34.7615],[128.50941,34.76491],[128.51074,34.76625],[128.51776,34.76589],[128.5214,34.7665]]],[[[128.47836,34.81564],[128.48429,34.81788],[128.48355,34.81573],[128.47954,34.81525],[128.47777,34.81322],[128.47929,34.80883],[128.48069,34.80805],[128.48324,34.80933],[128.4836,34.81215],[128.48676,34.81027],[128.48503,34.8089],[128.48709,34.80437],[128.49134,34.80166],[128.49191,34.79953],[128.49003,34.79852],[128.48951,34.79563],[128.49096,34.79392],[128.49192,34.78788],[128.49375,34.78618],[128.49315,34.78274],[128.4982,34.78171],[128.50012,34.78333],[128.50256,34.78316],[128.50484,34.78086],[128.51095,34.77842],[128.50922,34.77551],[128.51034,34.77295],[128.51026,34.7701],[128.50791,34.76613],[128.50564,34.76688],[128.50263,34.76631],[128.49202,34.75866],[128.4912,34.75745],[128.48434,34.75799],[128.48232,34.76068],[128.47858,34.76228],[128.47496,34.75896],[128.47225,34.761],[128.46749,34.76094],[128.47141,34.7643],[128.47096,34.76792],[128.47248,34.76887],[128.47354,34.77192],[128.47201,34.77381],[128.47306,34.7759],[128.47051,34.77773],[128.47,34.78121],[128.46864,34.78332],[128.46501,34.7816],[128.46344,34.78442],[128.45953,34.78651],[128.4623,34.78878],[128.46317,34.79156],[128.46157,34.79382],[128.46436,34.79722],[128.46193,34.80378],[128.46257,34.8047],[128.46823,34.80097],[128.46564,34.79432],[128.46526,34.78918],[128.46758,34.78773],[128.46798,34.79255],[128.46893,34.79499],[128.47498,34.79476],[128.47325,34.79722],[128.47399,34.80055],[128.47318,34.80328],[128.4762,34.80432],[128.47909,34.8024],[128.47975,34.80088],[128.48234,34.80013],[128.4783,34.80608],[128.46918,34.80449],[128.46818,34.80566],[128.4677,34.81015],[128.46609,34.81164],[128.46819,34.81394],[128.46803,34.81697],[128.46958,34.81798],[128.47836,34.81564]]],[[[128.33579,34.82632],[128.33431,34.83326],[128.33623,34.83301],[128.33693,34.82961],[128.34027,34.82822],[128.3396,34.83208],[128.34127,34.8346],[128.33889,34.83519],[128.33917,34.84072],[128.34205,34.84156],[128.34213,34.83467],[128.34423,34.83281],[128.34913,34.83501],[128.34699,34.84002],[128.34915,34.84234],[128.35099,34.84056],[128.35369,34.8427],[128.35857,34.83969],[128.35754,34.83759],[128.35807,34.83287],[128.36223,34.83351],[128.36659,34.83075],[128.36751,34.83254],[128.37034,34.83432],[128.37341,34.8324],[128.37248,34.82875],[128.37583,34.83005],[128.37852,34.82856],[128.37904,34.82625],[128.38239,34.8236],[128.38177,34.81948],[128.38465,34.81705],[128.38521,34.81347],[128.38775,34.81546],[128.38513,34.8247],[128.38392,34.82588],[128.38749,34.82796],[128.39167,34.82611],[128.3912,34.82253],[128.40086,34.82914],[128.40429,34.82822],[128.40826,34.83405],[128.41489,34.83322],[128.41724,34.83486],[128.42019,34.83541],[128.42188,34.83305],[128.42453,34.83348],[128.43084,34.82925],[128.43245,34.82984],[128.4353,34.82819],[128.43345,34.82641],[128.43639,34.82535],[128.43977,34.82856],[128.44053,34.82526],[128.43997,34.82336],[128.44175,34.82094],[128.43939,34.81908],[128.43933,34.81258],[128.44185,34.8091],[128.44094,34.80546],[128.44134,34.80253],[128.43576,34.80265],[128.43406,34.80484],[128.4315,34.802],[128.43231,34.79955],[128.43512,34.79993],[128.43928,34.797],[128.44014,34.79468],[128.43755,34.79158],[128.43356,34.78891],[128.43022,34.79127],[128.42759,34.79054],[128.42435,34.79223],[128.41958,34.79245],[128.42325,34.78819],[128.42568,34.78868],[128.42699,34.7866],[128.4347,34.78284],[128.4357,34.77952],[128.43291,34.7786],[128.43127,34.77538],[128.42792,34.77265],[128.42438,34.77076],[128.42575,34.76855],[128.42546,34.7656],[128.4241,34.7643],[128.42124,34.76523],[128.41433,34.76272],[128.41157,34.76328],[128.40641,34.76243],[128.4043,34.76427],[128.40763,34.76779],[128.40188,34.7678],[128.39905,34.76529],[128.39755,34.76539],[128.39757,34.77057],[128.39564,34.77503],[128.39731,34.77956],[128.39477,34.7811],[128.39334,34.77998],[128.38841,34.77876],[128.38582,34.7804],[128.38661,34.78236],[128.39089,34.78463],[128.39129,34.78632],[128.38891,34.79027],[128.38168,34.79327],[128.3832,34.79439],[128.38257,34.79748],[128.37431,34.79458],[128.37743,34.79379],[128.37618,34.78926],[128.37383,34.7899],[128.37367,34.79396],[128.37079,34.79552],[128.37014,34.79372],[128.36683,34.79562],[128.36375,34.79641],[128.36916,34.80094],[128.37164,34.8023],[128.37752,34.79981],[128.37786,34.80211],[128.38067,34.80605],[128.37595,34.80799],[128.37802,34.81101],[128.37995,34.81178],[128.37892,34.81541],[128.37665,34.81523],[128.37369,34.81735],[128.36708,34.81841],[128.36383,34.82101],[128.35863,34.82299],[128.35899,34.82611],[128.35548,34.82405],[128.35183,34.82506],[128.34559,34.82541],[128.34483,34.82361],[128.34196,34.82263],[128.34056,34.82063],[128.34029,34.81799],[128.33657,34.81717],[128.33494,34.81809],[128.33692,34.82118],[128.33088,34.82488],[128.33158,34.82972],[128.33579,34.82632]]]]}},{"type":"Feature","properties":{"name":"거제","parents":["경상남도","경남중부남해앞바다중평수구역","경남서부남해앞바다중동부평수구역","거제시동부앞바다중연안바다","경남중부남해앞바다중연안바다"]},"geometry":{"type":"MultiPolygon","coordinates":[[[[128.62099,34.68502],[128.62455,34.68369],[128.62156,34.68301],[128.62099,34.68502]]],[[[128.75109,34.81604],[128.74607,34.81454],[128.75309,34.82663],[128.75109,34.81604]]],[[[128.46383,34.8341],[128.47408,34.83359],[128.47122,34.82997],[128.47971,34.82388],[128.47373,34.82084],[128.47,34.82612],[128.46409,34.82576],[128.46383,34.8341]]],[[[128.49402,34.83149],[128.49701,34.83112],[128.4944,34.82747],[128.49402,34.83149]]],[[[128.71129,34.78539],[128.71392,34.79017],[128.71687,34.78151],[128.71129,34.78539]]],[[[128.54204,34.8249],[128.54609,34.82299],[128.5468,34.81698],[128.53469,34.80299],[128.52812,34.80263],[128.52649,34.81175],[128.53121,34.81347],[128.5347,34.82261],[128.54204,34.8249]]],[[[128.65696,34.73818],[128.65728,34.73724],[128.65689,34.73675],[128.65696,34.73818]]],[[[128.71284,34.77014],[128.71222,34.76743],[128.70954,34.76947],[128.71284,34.77014]]],[[[128.71498,34.76937],[128.71747,34.77005],[128.71665,34.76959],[128.71498,34.76937]]],[[[128.65696,34.73818],[128.6537,34.73987],[128.64952,34.73503],[128.63877,34.7357],[128.62917,34.73127],[128.63047,34.73519],[128.62749,34.73701],[128.62145,34.73279],[128.6201,34.7304],[128.62706,34.72825],[128.63028,34.72],[128.64181,34.71488],[128.63819,34.70762],[128.62546,34.71368],[128.6097,34.70146],[128.59006,34.70865],[128.5773,34.70244],[128.57487,34.70688],[128.57855,34.70918],[128.57895,34.71497],[128.58818,34.71691],[128.58554,34.72203],[128.60391,34.72693],[128.60739,34.73182],[128.60005,34.737],[128.59751,34.73517],[128.57567,34.73933],[128.5767,34.74869],[128.58212,34.75647],[128.57968,34.76225],[128.60105,34.76396],[128.60111,34.76699],[128.59142,34.7707],[128.59778,34.77704],[128.58193,34.77555],[128.57531,34.7786],[128.56728,34.77319],[128.56375,34.76621],[128.5554,34.76653],[128.55289,34.77608],[128.56085,34.77804],[128.56873,34.78646],[128.55887,34.78993],[128.54302,34.77528],[128.54053,34.77796],[128.54468,34.7835],[128.53865,34.78747],[128.5462,34.78783],[128.55028,34.7936],[128.56238,34.79054],[128.58417,34.79783],[128.58549,34.80313],[128.5826,34.80528],[128.58655,34.81025],[128.58462,34.81788],[128.59545,34.82766],[128.58485,34.83373],[128.58503,34.8385],[128.58024,34.84163],[128.58149,34.84426],[128.58731,34.84077],[128.58895,34.84645],[128.57302,34.85429],[128.5625,34.8429],[128.56367,34.83286],[128.54282,34.83301],[128.54046,34.83592],[128.53671,34.82914],[128.52922,34.83376],[128.52658,34.83238],[128.5282,34.82935],[128.5225,34.82809],[128.5283,34.82145],[128.51926,34.82248],[128.52402,34.81708],[128.5168,34.80831],[128.51021,34.80895],[128.50921,34.81769],[128.50151,34.82274],[128.50149,34.83311],[128.48213,34.84023],[128.47813,34.84873],[128.48101,34.85509],[128.4762,34.85496],[128.47591,34.86827],[128.47223,34.87412],[128.47588,34.88341],[128.48429,34.88824],[128.49302,34.90155],[128.50107,34.90138],[128.49686,34.907],[128.50662,34.9053],[128.50245,34.90809],[128.50396,34.91017],[128.50707,34.90712],[128.51675,34.91092],[128.51461,34.91268],[128.52259,34.92123],[128.5384,34.92116],[128.53721,34.91873],[128.5452,34.91428],[128.54313,34.91196],[128.56541,34.89923],[128.57364,34.89927],[128.57578,34.90458],[128.57061,34.90715],[128.58004,34.914],[128.58824,34.915],[128.58954,34.90638],[128.59626,34.90644],[128.5972,34.90257],[128.60489,34.9035],[128.60752,34.90679],[128.60642,34.89751],[128.60902,34.9022],[128.6145,34.89653],[128.61727,34.89613],[128.61818,34.90015],[128.62324,34.89683],[128.62572,34.89851],[128.618,34.90635],[128.61521,34.91594],[128.61184,34.91319],[128.60819,34.91477],[128.61121,34.92336],[128.59765,34.93019],[128.5923,34.93516],[128.59471,34.93697],[128.58589,34.94325],[128.58939,34.9527],[128.59369,34.94916],[128.59897,34.95362],[128.60106,34.95884],[128.5979,34.96555],[128.60624,34.96998],[128.60884,34.9678],[128.60668,34.96205],[128.60912,34.95807],[128.61606,34.9632],[128.62437,34.96386],[128.64939,34.95831],[128.65135,34.96163],[128.64712,34.96295],[128.64696,34.96636],[128.65237,34.97693],[128.65029,34.97936],[128.65966,34.98143],[128.65399,34.98292],[128.65397,34.98879],[128.66396,34.99039],[128.65984,34.99396],[128.66411,34.99757],[128.66598,34.9941],[128.67142,34.99866],[128.67884,34.98711],[128.6815,34.98982],[128.67889,34.99651],[128.67317,34.99915],[128.68239,35.00275],[128.68002,35.00876],[128.67683,35.00412],[128.6675,35.0071],[128.66783,35.01101],[128.67155,35.01277],[128.67089,35.01852],[128.67599,35.02133],[128.67532,35.0318],[128.68484,35.03439],[128.67509,35.04046],[128.67878,35.04076],[128.68803,35.03732],[128.69375,35.03044],[128.69964,35.0316],[128.69995,35.03446],[128.71242,35.03172],[128.72191,35.01866],[128.71258,35.00519],[128.70797,35.00938],[128.70181,35.00568],[128.70109,35.00307],[128.70686,35.00063],[128.70657,34.9962],[128.70232,34.99878],[128.69291,34.99573],[128.7001,34.98762],[128.69494,34.98017],[128.69679,34.97293],[128.70372,34.9718],[128.70754,34.96508],[128.71647,34.96444],[128.71809,34.96225],[128.71495,34.9577],[128.72004,34.94968],[128.72708,34.94541],[128.7255,34.93686],[128.71979,34.94146],[128.71753,34.94017],[128.71956,34.93727],[128.71492,34.93636],[128.71856,34.93337],[128.71645,34.92952],[128.71998,34.92844],[128.71704,34.92256],[128.72333,34.91327],[128.71845,34.90975],[128.71384,34.91297],[128.7104,34.91074],[128.71614,34.90298],[128.71494,34.89977],[128.70684,34.89891],[128.70026,34.88961],[128.69667,34.89131],[128.69877,34.87421],[128.70477,34.87942],[128.70905,34.87655],[128.70468,34.87243],[128.70984,34.86884],[128.72384,34.88694],[128.73148,34.89129],[128.73996,34.88488],[128.74984,34.89201],[128.74299,34.88409],[128.74486,34.88151],[128.73857,34.87844],[128.74302,34.86832],[128.73342,34.86204],[128.72871,34.86251],[128.72938,34.8672],[128.72375,34.86486],[128.72917,34.85351],[128.73428,34.8519],[128.73431,34.84257],[128.72501,34.84152],[128.71853,34.84974],[128.70196,34.84072],[128.7029,34.83257],[128.70657,34.82906],[128.70993,34.82844],[128.71843,34.83691],[128.72524,34.83163],[128.71836,34.82332],[128.72136,34.82178],[128.7218,34.81406],[128.72829,34.81132],[128.73767,34.79723],[128.73564,34.79556],[128.74064,34.79035],[128.73989,34.78694],[128.73763,34.78585],[128.72839,34.79339],[128.70952,34.79513],[128.71533,34.80083],[128.7091,34.81252],[128.69682,34.80739],[128.69539,34.80478],[128.69915,34.79852],[128.69054,34.797],[128.68829,34.79787],[128.69352,34.80543],[128.69148,34.8082],[128.67361,34.81406],[128.66875,34.81291],[128.66616,34.81052],[128.66635,34.80032],[128.66883,34.79837],[128.66622,34.79303],[128.67313,34.78656],[128.66999,34.78074],[128.65807,34.77423],[128.65009,34.77896],[128.64537,34.77813],[128.64011,34.77218],[128.63813,34.76137],[128.64946,34.75053],[128.64688,34.74778],[128.65129,34.74403],[128.6554,34.74199],[128.66875,34.74547],[128.67178,34.74254],[128.67637,34.74407],[128.68215,34.73651],[128.67503,34.7362],[128.6742,34.73027],[128.67123,34.73466],[128.67256,34.73823],[128.66694,34.73545],[128.65696,34.73818]]],[[[128.48073,34.8963],[128.48416,34.8971],[128.48512,34.8944],[128.48073,34.8963]]],[[[128.51651,34.97488],[128.53198,34.9728],[128.5362,34.96945],[128.53141,34.96041],[128.52135,34.95601],[128.52691,34.9459],[128.53414,34.94155],[128.53243,34.93811],[128.52814,34.93959],[128.52514,34.93689],[128.52874,34.9346],[128.52939,34.92917],[128.52496,34.92789],[128.5187,34.9303],[128.52044,34.93296],[128.51171,34.94337],[128.51781,34.94617],[128.51547,34.9495],[128.51919,34.95186],[128.51661,34.95553],[128.51819,34.95904],[128.51189,34.96441],[128.51651,34.97488]]],[[[128.72516,34.96931],[128.73625,34.96805],[128.72979,34.96486],[128.72516,34.96931]]],[[[128.62125,35.0125],[128.62971,35.00605],[128.62144,35.00757],[128.62125,35.0125]]],[[[128.63307,34.97311],[128.63581,34.97691],[128.63504,34.9747],[128.63307,34.97311]]],[[[128.64777,35.02145],[128.6548,35.01264],[128.65319,35.0055],[128.64735,34.99912],[128.64718,34.99664],[128.65251,34.99608],[128.65147,34.99385],[128.64515,34.99412],[128.6479,34.98623],[128.64441,34.97982],[128.62859,34.97574],[128.62744,34.97845],[128.63052,34.97881],[128.62168,34.98343],[128.61723,34.97458],[128.61273,34.97269],[128.60862,34.97563],[128.61331,34.98626],[128.61788,34.98447],[128.62414,34.99001],[128.62481,34.9955],[128.61572,34.99507],[128.61713,34.99924],[128.63386,35.00035],[128.63098,35.00863],[128.63845,35.01572],[128.64116,35.01119],[128.64391,35.01262],[128.64777,35.02145]]],[[[128.73513,35.02237],[128.74232,35.02135],[128.74584,35.01685],[128.74374,35.01457],[128.73532,35.01741],[128.73513,35.02237]]],[[[128.63982,35.02083],[128.64171,35.01656],[128.6382,35.01923],[128.63982,35.02083]]]]}},{"type":"Feature","properties":{"name":"제주시(산지제외)","parents":["제주도","제주도동부앞바다중우도연안바다","제주도북부앞바다중연안바다","제주도서부앞바다중북서연안바다","제주도동부앞바다중북동연안바다"]},"geometry":{"type":"MultiPolygon","coordinates":[[[[126.15084,33.30902],[126.15099,33.30869],[126.15099,33.3083],[126.15084,33.30902]]],[[[126.14772,33.31331],[126.15357,33.31129],[126.14536,33.31015],[126.14772,33.31331]]],[[[126.69698,33.41784],[126.69617,33.41739],[126.69709,33.41797],[126.69698,33.41784]]],[[[126.22446,33.42102],[126.22604,33.41698],[126.22287,33.4153],[126.22446,33.42102]]],[[[126.70288,33.42065],[126.70394,33.42065],[126.70288,33.42037],[126.70288,33.42065]]],[[[126.95092,33.52521],[126.95459,33.52585],[126.96247,33.51935],[126.95789,33.51402],[126.96412,33.51435],[126.96835,33.50292],[126.97086,33.5026],[126.96545,33.48942],[126.94309,33.49498],[126.94091,33.50659],[126.94447,33.51319],[126.94883,33.51475],[126.9481,33.52307],[126.95092,33.52521]]],[[[126.25875,33.42248],[126.25773,33.4171],[126.25698,33.42164],[126.25875,33.42248]]],[[[126.25906,33.42262],[126.25875,33.42248],[126.25882,33.42261],[126.25906,33.42262]]],[[[126.7232,33.42362],[126.72319,33.42394],[126.72381,33.42394],[126.7232,33.42362]]],[[[126.72803,33.42476],[126.72761,33.42476],[126.72803,33.42498],[126.72803,33.42476]]],[[[126.78702,33.4403],[126.78747,33.4403],[126.78702,33.43963],[126.78702,33.4403]]],[[[126.90194,33.51532],[126.90235,33.51547],[126.90199,33.51513],[126.90194,33.51532]]],[[[126.54649,33.52873],[126.54602,33.52831],[126.54385,33.52821],[126.54649,33.52873]]],[[[126.90194,33.51532],[126.8996,33.50971],[126.90741,33.51081],[126.91307,33.50727],[126.91068,33.48975],[126.90513,33.48866],[126.90191,33.48252],[126.88794,33.47882],[126.88452,33.48067],[126.86624,33.46858],[126.82394,33.45302],[126.82212,33.44671],[126.81895,33.44772],[126.82184,33.45496],[126.81989,33.45901],[126.81118,33.459],[126.79955,33.46466],[126.7976,33.46872],[126.7763,33.46949],[126.77339,33.47192],[126.77337,33.48003],[126.76659,33.48083],[126.76173,33.4865],[126.754,33.48243],[126.75009,33.49297],[126.73168,33.49537],[126.72782,33.49293],[126.71522,33.49371],[126.7065,33.49693],[126.70457,33.49287],[126.6862,33.48552],[126.65906,33.49194],[126.64552,33.48866],[126.63969,33.49189],[126.62904,33.49186],[126.62325,33.48616],[126.60776,33.48611],[126.59229,33.48119],[126.59037,33.47794],[126.58164,33.48035],[126.57681,33.47871],[126.57779,33.47465],[126.57488,33.47627],[126.57102,33.47301],[126.56424,33.4738],[126.56039,33.47054],[126.52944,33.46393],[126.49749,33.46381],[126.4984,33.47436],[126.49356,33.47434],[126.49359,33.46866],[126.48974,33.46459],[126.4772,33.45723],[126.45592,33.45389],[126.43559,33.45542],[126.42692,33.44889],[126.42207,33.44968],[126.41919,33.44561],[126.4124,33.44801],[126.3979,33.44551],[126.38055,33.43569],[126.36699,33.43724],[126.36221,33.4291],[126.35158,33.42743],[126.35164,33.4185],[126.33819,33.40545],[126.33535,33.39813],[126.32857,33.3989],[126.32571,33.39402],[126.31217,33.39313],[126.31219,33.3907],[126.30061,33.38658],[126.29586,33.376],[126.29101,33.3776],[126.29215,33.35651],[126.2894,33.33864],[126.2924,33.32567],[126.29053,33.31836],[126.29397,33.31513],[126.29241,33.31049],[126.27909,33.29954],[126.24455,33.2885],[126.24465,33.27297],[126.22979,33.28467],[126.19201,33.29835],[126.19169,33.29367],[126.17465,33.29072],[126.169,33.28272],[126.16227,33.28513],[126.16116,33.29218],[126.1674,33.30021],[126.16322,33.30765],[126.16839,33.31666],[126.16248,33.3244],[126.16214,33.32955],[126.16556,33.3314],[126.16261,33.33551],[126.17101,33.3436],[126.18032,33.34657],[126.18061,33.35665],[126.18742,33.35861],[126.18723,33.36225],[126.19603,33.36391],[126.21304,33.37508],[126.22195,33.391],[126.23472,33.38949],[126.23662,33.39512],[126.24191,33.39536],[126.25089,33.40233],[126.25163,33.408],[126.25856,33.40916],[126.25384,33.41258],[126.26224,33.41845],[126.25906,33.42262],[126.26363,33.42455],[126.2614,33.4342],[126.27219,33.43536],[126.27797,33.44387],[126.2897,33.44299],[126.29985,33.44729],[126.30808,33.45582],[126.31046,33.46021],[126.30845,33.46466],[126.31249,33.46967],[126.32042,33.46761],[126.32052,33.47204],[126.32321,33.46866],[126.32141,33.46659],[126.33177,33.46964],[126.33901,33.46787],[126.34691,33.47411],[126.35146,33.47297],[126.35435,33.4782],[126.36888,33.47839],[126.38551,33.48936],[126.3913,33.48943],[126.39448,33.48415],[126.40065,33.48337],[126.40862,33.48619],[126.41137,33.49056],[126.42096,33.4908],[126.42356,33.49492],[126.45358,33.49838],[126.45358,33.50443],[126.46282,33.50304],[126.46812,33.50989],[126.48284,33.51074],[126.48578,33.51761],[126.49443,33.52062],[126.51431,33.51579],[126.51751,33.51947],[126.53099,33.51723],[126.54284,33.52289],[126.54318,33.52757],[126.55344,33.52422],[126.54786,33.52237],[126.55081,33.5205],[126.55896,33.52257],[126.56152,33.52774],[126.56516,33.52495],[126.56839,33.52741],[126.57366,33.52529],[126.57446,33.52795],[126.58502,33.52545],[126.59751,33.53774],[126.60315,33.535],[126.62264,33.53944],[126.63277,33.53586],[126.63638,33.53971],[126.63501,33.5453],[126.63858,33.54529],[126.64386,33.55537],[126.64876,33.55319],[126.64809,33.54905],[126.65292,33.55149],[126.66676,33.54281],[126.67424,33.54501],[126.67654,33.55191],[126.69019,33.5487],[126.69086,33.55154],[126.71692,33.55484],[126.72966,33.56255],[126.73326,33.55863],[126.7376,33.56054],[126.73887,33.55471],[126.74395,33.55736],[126.74024,33.5602],[126.7573,33.55766],[126.76508,33.56602],[126.78424,33.56519],[126.78401,33.56218],[126.7981,33.5553],[126.81984,33.56087],[126.8296,33.55182],[126.82719,33.54779],[126.83148,33.54243],[126.84125,33.53754],[126.84204,33.53337],[126.85125,33.53299],[126.85099,33.53019],[126.86134,33.52494],[126.87097,33.53083],[126.89106,33.52845],[126.90478,33.52063],[126.90116,33.51812],[126.90194,33.51532]],[[126.65637,33.54825],[126.65582,33.54849],[126.65647,33.54764],[126.65637,33.54825]],[[126.50905,33.4744],[126.50516,33.47763],[126.50614,33.47439],[126.50905,33.4744]],[[126.79656,33.50117],[126.79655,33.50442],[126.79365,33.50441],[126.79268,33.50198],[126.79656,33.50117]],[[126.80241,33.48252],[126.7966,33.48332],[126.79661,33.48089],[126.80145,33.47927],[126.80241,33.48252]],[[126.81793,33.47362],[126.8247,33.47363],[126.82469,33.48012],[126.81597,33.4801],[126.81502,33.47442],[126.81793,33.47362]],[[126.83344,33.46065],[126.82957,33.45984],[126.82958,33.4574],[126.83344,33.46065]]],[[[126.30497,33.32594],[126.30497,33.32574],[126.3047,33.32574],[126.30497,33.32594]]],[[[126.30497,33.32594],[126.30496,33.32655],[126.30582,33.32656],[126.30497,33.32594]]],[[[126.31462,33.32697],[126.31462,33.32742],[126.31945,33.32745],[126.31462,33.32697]]],[[[126.32908,33.33237],[126.32896,33.33237],[126.32908,33.3325],[126.32908,33.33237]]],[[[126.33516,33.33752],[126.33485,33.33655],[126.33484,33.33808],[126.33516,33.33752]]],[[[126.35994,33.34184],[126.35994,33.34227],[126.36284,33.34228],[126.35994,33.34184]]],[[[126.39569,33.34488],[126.39859,33.3449],[126.3957,33.3444],[126.39569,33.34488]]],[[[126.2294,33.40487],[126.22251,33.40583],[126.22312,33.41199],[126.23215,33.41003],[126.2294,33.40487]]],[[[126.68839,33.41357],[126.6884,33.41331],[126.68779,33.41331],[126.68839,33.41357]]],[[[126.6777,33.40598],[126.67681,33.40531],[126.67681,33.40598],[126.6777,33.40598]]],[[[126.6777,33.40598],[126.67778,33.40604],[126.67778,33.40598],[126.6777,33.40598]]]]}},{"type":"Feature","properties":{"name":"인천영종","parents":["인천","인천경기남부앞바다중북부앞평수구역","인천경기남부앞바다중먼평수구역"]},"geometry":{"type":"MultiPolygon","coordinates":[[[[126.5128,37.35952],[126.51289,37.35716],[126.50943,37.3572],[126.5128,37.35952]]],[[[126.38896,37.40027],[126.39347,37.40596],[126.39692,37.40564],[126.3898,37.39572],[126.38896,37.40027]]],[[[126.44584,37.371],[126.44007,37.37148],[126.44413,37.37523],[126.44584,37.371]]],[[[126.40538,37.40862],[126.40794,37.41253],[126.41513,37.41103],[126.41374,37.40424],[126.42271,37.40124],[126.4297,37.39111],[126.44054,37.38602],[126.44148,37.38162],[126.43472,37.38174],[126.43906,37.37755],[126.43396,37.37459],[126.43377,37.36875],[126.42421,37.36863],[126.41658,37.3648],[126.40676,37.37266],[126.41016,37.3759],[126.40707,37.38894],[126.40369,37.39179],[126.3965,37.39129],[126.39632,37.39435],[126.40027,37.3957],[126.40034,37.40145],[126.40538,37.40862]]],[[[126.4406,37.40549],[126.43999,37.40349],[126.43499,37.40523],[126.4406,37.40549]]],[[[126.58561,37.49807],[126.58962,37.49856],[126.59227,37.49663],[126.58561,37.49807]]],[[[126.3593,37.45956],[126.35727,37.45643],[126.36101,37.45518],[126.3585,37.45394],[126.35555,37.45685],[126.3593,37.45956]]],[[[126.41829,37.42147],[126.41849,37.42746],[126.41255,37.43593],[126.40545,37.43791],[126.40146,37.43332],[126.39971,37.43513],[126.40413,37.439],[126.39504,37.44606],[126.38925,37.44065],[126.36396,37.44217],[126.3716,37.44718],[126.36843,37.44975],[126.3682,37.4566],[126.36084,37.45749],[126.35619,37.46325],[126.356,37.46952],[126.36557,37.47508],[126.3743,37.47231],[126.41747,37.49672],[126.47386,37.49915],[126.49375,37.50752],[126.49922,37.53088],[126.51201,37.53397],[126.52253,37.53046],[126.52487,37.52494],[126.56251,37.51527],[126.57656,37.50258],[126.58233,37.48977],[126.56449,37.47936],[126.53445,37.47527],[126.50631,37.46571],[126.48423,37.44448],[126.44232,37.42083],[126.41829,37.42147]]],[[[126.57517,37.53735],[126.57525,37.52943],[126.58081,37.52584],[126.57541,37.5277],[126.57528,37.52117],[126.55805,37.52113],[126.53541,37.53046],[126.54426,37.53902],[126.54165,37.54319],[126.54788,37.54747],[126.55845,37.5483],[126.5678,37.54091],[126.57646,37.54357],[126.57517,37.53735]]],[[[126.41586,37.41982],[126.41533,37.4168],[126.41222,37.41705],[126.41244,37.41991],[126.41586,37.41982]]],[[[126.41829,37.42147],[126.41586,37.41982],[126.41596,37.42036],[126.41829,37.42147]]]]}},{"type":"Feature","properties":{"name":"인천","parents":["경기도","인천","인천경기남부앞바다중북부앞평수구역","인천경기남부앞바다중먼평수구역","서울"]},"geometry":{"type":"MultiPolygon","coordinates":[[[[126.36101,37.45518],[126.35559,37.45644],[126.3593,37.45956],[126.35727,37.45643],[126.36101,37.45518]]],[[[126.58561,37.49807],[126.58971,37.49851],[126.59227,37.49663],[126.58561,37.49807]]],[[[126.59172,37.59266],[126.60947,37.60454],[126.61436,37.60629],[126.6237,37.60333],[126.62765,37.60576],[126.63166,37.61734],[126.63657,37.62049],[126.63646,37.62768],[126.64711,37.62748],[126.65255,37.63949],[126.67242,37.63384],[126.67471,37.62988],[126.68055,37.62931],[126.69447,37.62034],[126.70474,37.61168],[126.70468,37.60247],[126.7096,37.60513],[126.71562,37.60381],[126.7163,37.59949],[126.72548,37.59178],[126.74432,37.5925],[126.75176,37.57957],[126.76752,37.5884],[126.78411,37.58259],[126.78705,37.58558],[126.7937,37.58159],[126.78241,37.57361],[126.78032,37.5675],[126.77534,37.56534],[126.7771,37.56372],[126.76385,37.55086],[126.76014,37.53549],[126.76051,37.51686],[126.74593,37.51521],[126.74147,37.50899],[126.74376,37.50162],[126.74231,37.48695],[126.75555,37.48287],[126.76775,37.47174],[126.77711,37.47222],[126.77943,37.4683],[126.77902,37.45102],[126.77374,37.45052],[126.76749,37.44341],[126.7712,37.43648],[126.76921,37.42751],[126.75325,37.4227],[126.75504,37.41795],[126.74916,37.40811],[126.74327,37.40523],[126.74441,37.40189],[126.72127,37.38247],[126.68524,37.3867],[126.68398,37.38463],[126.69524,37.38278],[126.69717,37.37512],[126.67633,37.35281],[126.66777,37.3528],[126.65972,37.34842],[126.66305,37.34601],[126.65458,37.3432],[126.59497,37.34332],[126.59399,37.3373],[126.58064,37.33731],[126.59104,37.33941],[126.59626,37.34725],[126.58295,37.3472],[126.58291,37.35484],[126.65186,37.35323],[126.65444,37.3559],[126.61626,37.37938],[126.60991,37.38714],[126.60973,37.41623],[126.59623,37.4157],[126.58969,37.4194],[126.58966,37.42654],[126.60107,37.41972],[126.60806,37.42684],[126.62292,37.4274],[126.63281,37.42691],[126.63463,37.41807],[126.63681,37.41897],[126.63506,37.42996],[126.6102,37.43011],[126.61418,37.4374],[126.60785,37.44106],[126.60994,37.44433],[126.61666,37.44159],[126.61867,37.44469],[126.61062,37.44796],[126.61385,37.4531],[126.61092,37.4543],[126.60105,37.43834],[126.59427,37.43831],[126.59303,37.44877],[126.59682,37.44947],[126.5934,37.45485],[126.60322,37.45674],[126.60208,37.46029],[126.59572,37.45804],[126.5957,37.46425],[126.60476,37.46474],[126.60261,37.4609],[126.61216,37.46236],[126.62423,37.45768],[126.61956,37.46129],[126.6259,37.46034],[126.61423,37.46656],[126.62408,37.46487],[126.61563,37.47022],[126.61241,37.47716],[126.60698,37.47563],[126.60992,37.46915],[126.60635,37.46644],[126.59545,37.46973],[126.60282,37.48433],[126.60809,37.4868],[126.60981,37.48293],[126.60458,37.48134],[126.61683,37.48353],[126.6201,37.48642],[126.61167,37.48349],[126.60985,37.4874],[126.64005,37.49559],[126.63947,37.50422],[126.63078,37.50424],[126.62634,37.49673],[126.60456,37.49588],[126.60263,37.53328],[126.59929,37.53327],[126.59875,37.53883],[126.60498,37.53886],[126.59867,37.53971],[126.59666,37.54858],[126.60654,37.55337],[126.6011,37.5615],[126.59221,37.56089],[126.58863,37.56396],[126.58664,37.56668],[126.58876,37.56982],[126.57484,37.58835],[126.59172,37.59266]],[[126.66283,37.35085],[126.65482,37.35578],[126.65214,37.35305],[126.65913,37.34901],[126.66283,37.35085]]],[[[126.54554,37.52509],[126.53536,37.53055],[126.54426,37.53902],[126.54165,37.54319],[126.54469,37.54614],[126.55814,37.54834],[126.5678,37.54091],[126.57646,37.54357],[126.57525,37.52944],[126.58081,37.52584],[126.57541,37.5277],[126.57528,37.52117],[126.55805,37.52113],[126.54554,37.52509]]],[[[126.55552,37.57891],[126.56685,37.57323],[126.56422,37.57092],[126.55863,37.57289],[126.55552,37.57891]]],[[[126.51289,37.35716],[126.50943,37.3572],[126.50983,37.35963],[126.51289,37.35716]]],[[[126.39692,37.40564],[126.3898,37.39572],[126.38883,37.40279],[126.39692,37.40564]]],[[[126.44669,37.37217],[126.44007,37.37148],[126.44132,37.37432],[126.44669,37.37217]]],[[[126.41586,37.41982],[126.41533,37.4168],[126.41222,37.41705],[126.41244,37.41991],[126.41586,37.41982]]],[[[126.41829,37.42147],[126.41586,37.41982],[126.41596,37.42036],[126.41829,37.42147]]],[[[126.40538,37.40862],[126.40804,37.41256],[126.41513,37.41103],[126.41374,37.40424],[126.42271,37.40124],[126.4297,37.39111],[126.44054,37.38602],[126.44148,37.38162],[126.43472,37.38174],[126.43906,37.37755],[126.43396,37.37459],[126.43377,37.36875],[126.42421,37.36863],[126.41658,37.3648],[126.40676,37.37266],[126.41016,37.3759],[126.40707,37.38894],[126.40369,37.39179],[126.3965,37.39129],[126.39632,37.39435],[126.40027,37.3957],[126.40034,37.40145],[126.40538,37.40862]]],[[[126.4406,37.40549],[126.43999,37.40349],[126.43499,37.40523],[126.4406,37.40549]]],[[[126.41829,37.42147],[126.41849,37.42746],[126.41255,37.43593],[126.40545,37.43791],[126.40146,37.43332],[126.39971,37.43513],[126.40413,37.439],[126.39504,37.44606],[126.38925,37.44065],[126.36396,37.44217],[126.3716,37.44718],[126.36843,37.44975],[126.3682,37.4566],[126.36084,37.45749],[126.35619,37.46325],[126.356,37.46952],[126.36557,37.47508],[126.3743,37.47231],[126.41747,37.49672],[126.47386,37.49915],[126.49375,37.50752],[126.49922,37.53088],[126.51201,37.53397],[126.52253,37.53046],[126.52487,37.52494],[126.56251,37.51527],[126.57656,37.50258],[126.58233,37.48977],[126.56449,37.47936],[126.53445,37.47527],[126.50631,37.46571],[126.48423,37.44448],[126.44232,37.42083],[126.41829,37.42147]]]]}},{"type":"Feature","properties":{"name":"김포","parents":["경기도","인천","인천경기북부앞바다중평수구역","서울"]},"geometry":{"type":"MultiPolygon","coordinates":[[[[126.54871,37.59811],[126.55091,37.59978],[126.54866,37.60636],[126.54871,37.59811]]],[[[126.67564,37.67356],[126.67036,37.68512],[126.68029,37.73169],[126.67543,37.75295],[126.66511,37.76933],[126.66303,37.78068],[126.6255,37.77914],[126.60812,37.76657],[126.59377,37.76116],[126.57535,37.7627],[126.55468,37.77762],[126.52278,37.7901],[126.51705,37.77103],[126.5245,37.76846],[126.51834,37.76279],[126.52939,37.75263],[126.5311,37.74742],[126.52163,37.71441],[126.53086,37.70539],[126.53406,37.6878],[126.52683,37.67425],[126.53856,37.67009],[126.54456,37.66269],[126.53772,37.65569],[126.53148,37.6548],[126.54138,37.63807],[126.54728,37.63449],[126.55451,37.60934],[126.55979,37.60124],[126.57429,37.58933],[126.59172,37.59266],[126.61436,37.60629],[126.61691,37.60355],[126.62765,37.60576],[126.63166,37.61734],[126.63657,37.62049],[126.63646,37.62768],[126.64711,37.62748],[126.65255,37.63949],[126.67242,37.63384],[126.67471,37.62988],[126.68055,37.62931],[126.69447,37.62034],[126.70474,37.61168],[126.70468,37.60247],[126.7096,37.60513],[126.71562,37.60381],[126.7163,37.59949],[126.72548,37.59178],[126.74432,37.5925],[126.75176,37.57957],[126.76752,37.5884],[126.78411,37.58259],[126.78705,37.58558],[126.79368,37.58158],[126.79344,37.58452],[126.7947,37.58262],[126.80123,37.58935],[126.79708,37.59774],[126.80258,37.60503],[126.74604,37.63524],[126.73153,37.64822],[126.72122,37.65051],[126.67564,37.67356]]]]}},{"type":"Feature","properties":{"name":"강화","parents":["인천","인천경기북부앞바다중평수구역","서해5도"]},"geometry":{"type":"MultiPolygon","coordinates":[[[[125.97585,37.61172],[125.97185,37.60661],[125.9782,37.60851],[125.97585,37.61172]]],[[[126.13592,37.68646],[126.13231,37.68915],[126.13399,37.69134],[126.12651,37.69284],[126.12222,37.68659],[126.12691,37.68196],[126.14435,37.68155],[126.14336,37.68528],[126.13592,37.68646]]],[[[126.21198,37.72095],[126.21057,37.72282],[126.21137,37.71902],[126.21198,37.72095]]],[[[126.19271,37.66032],[126.18939,37.65835],[126.20508,37.65697],[126.2112,37.66641],[126.20466,37.66926],[126.19736,37.67904],[126.19605,37.688],[126.1747,37.67681],[126.15495,37.67683],[126.15603,37.67276],[126.16847,37.66675],[126.17878,37.6706],[126.19063,37.66473],[126.19271,37.66032]]],[[[126.23678,37.73102],[126.23118,37.73224],[126.22388,37.72244],[126.21839,37.72031],[126.23232,37.71604],[126.24898,37.71801],[126.23871,37.72319],[126.23678,37.73102]]],[[[126.22315,37.65194],[126.23464,37.63909],[126.26153,37.62649],[126.25242,37.63307],[126.25091,37.6378],[126.25681,37.65],[126.25345,37.6535],[126.23911,37.652],[126.23119,37.65534],[126.22315,37.65194]]],[[[126.22774,37.66004],[126.23371,37.65965],[126.22228,37.66549],[126.22341,37.6584],[126.22774,37.66004]]],[[[126.26133,37.73557],[126.25845,37.73369],[126.25781,37.72569],[126.27011,37.72569],[126.26549,37.73827],[126.26133,37.73557]]],[[[126.29387,37.80392],[126.26371,37.8177],[126.25691,37.81459],[126.24052,37.8173],[126.22322,37.80504],[126.22398,37.80025],[126.21876,37.79554],[126.22299,37.78859],[126.21635,37.77816],[126.2041,37.77269],[126.20467,37.76803],[126.23275,37.75108],[126.24995,37.76572],[126.25999,37.76424],[126.27497,37.76958],[126.29084,37.76287],[126.31653,37.77376],[126.33511,37.79761],[126.32407,37.80823],[126.3148,37.80228],[126.29447,37.8016],[126.29387,37.80392]]],[[[126.28161,37.7472],[126.27988,37.74595],[126.28691,37.74853],[126.28161,37.7472]]],[[[126.32641,37.7141],[126.32555,37.71145],[126.33057,37.71166],[126.32641,37.7141]]],[[[126.30309,37.74578],[126.28909,37.74263],[126.28758,37.71398],[126.28204,37.70899],[126.27502,37.71209],[126.26935,37.71065],[126.28669,37.69987],[126.28878,37.69531],[126.32113,37.68061],[126.32872,37.67017],[126.32571,37.65617],[126.33872,37.64744],[126.33784,37.64424],[126.34272,37.64351],[126.34318,37.64987],[126.37323,37.66588],[126.37898,37.68233],[126.36688,37.69143],[126.36761,37.69403],[126.34325,37.69716],[126.31928,37.71242],[126.31847,37.73],[126.32352,37.74123],[126.32907,37.74481],[126.32761,37.74932],[126.31733,37.75229],[126.30309,37.74578]]],[[[126.37415,37.69093],[126.36945,37.69405],[126.36969,37.69183],[126.37415,37.69093]]],[[[126.35414,37.78164],[126.35585,37.75814],[126.35462,37.74168],[126.35195,37.74011],[126.35198,37.71339],[126.35951,37.70343],[126.38551,37.69998],[126.39186,37.6948],[126.38886,37.6898],[126.40363,37.67579],[126.41079,37.65274],[126.39772,37.64007],[126.39057,37.64124],[126.36571,37.63508],[126.37343,37.63185],[126.37754,37.61928],[126.37738,37.6157],[126.3703,37.61386],[126.3723,37.61148],[126.38563,37.60794],[126.38948,37.60215],[126.40316,37.59422],[126.43901,37.59223],[126.4471,37.59454],[126.4628,37.58933],[126.46431,37.59447],[126.4784,37.59898],[126.47963,37.60529],[126.50427,37.59629],[126.51326,37.59922],[126.51353,37.5935],[126.50316,37.59049],[126.51081,37.58169],[126.51727,37.58001],[126.5253,37.58549],[126.52648,37.58839],[126.51782,37.59311],[126.5237,37.59693],[126.51349,37.59908],[126.51585,37.60394],[126.52147,37.6082],[126.5204,37.61071],[126.54396,37.61837],[126.5389,37.62502],[126.53688,37.62249],[126.53421,37.62491],[126.52221,37.65335],[126.52605,37.6596],[126.53299,37.66039],[126.53224,37.66507],[126.52277,37.66746],[126.51694,37.67474],[126.5209,37.69645],[126.52535,37.70188],[126.51465,37.71052],[126.51247,37.71909],[126.51413,37.72634],[126.52507,37.74017],[126.52642,37.74762],[126.51131,37.76275],[126.51025,37.76727],[126.51303,37.77041],[126.50589,37.78333],[126.48779,37.78973],[126.45442,37.80924],[126.43586,37.82957],[126.42623,37.83218],[126.41389,37.82189],[126.39252,37.82231],[126.38696,37.80706],[126.35098,37.7921],[126.34951,37.78971],[126.35414,37.78164]]]]}},{"type":"Feature","properties":{"name":"시흥","parents":["경기도","인천","인천경기남부앞바다중북부앞평수구역"]},"geometry":{"type":"MultiPolygon","coordinates":[[[[126.68711,37.34506],[126.68573,37.34112],[126.69122,37.33928],[126.69131,37.33578],[126.61451,37.31534],[126.61782,37.31407],[126.67124,37.32904],[126.6805,37.31926],[126.69218,37.31891],[126.70557,37.31076],[126.71756,37.30829],[126.73854,37.32967],[126.74655,37.32472],[126.74985,37.3337],[126.76503,37.34247],[126.78309,37.34053],[126.78441,37.33676],[126.79318,37.34357],[126.7917,37.35252],[126.79541,37.35507],[126.80517,37.35291],[126.81656,37.35772],[126.82428,37.36591],[126.83201,37.36167],[126.84827,37.36477],[126.85583,37.35945],[126.86503,37.36186],[126.88164,37.37592],[126.87539,37.39542],[126.87795,37.39656],[126.87704,37.40196],[126.85748,37.40225],[126.84637,37.41234],[126.84145,37.43469],[126.83785,37.43691],[126.83856,37.45547],[126.83625,37.45809],[126.81554,37.46097],[126.81183,37.45882],[126.8089,37.46213],[126.78921,37.46564],[126.7843,37.47239],[126.7804,37.47149],[126.77787,37.47002],[126.77902,37.45102],[126.77374,37.45052],[126.76749,37.44341],[126.77109,37.4315],[126.76921,37.42751],[126.75325,37.4227],[126.7554,37.41344],[126.749,37.40359],[126.75052,37.40067],[126.76385,37.39932],[126.76648,37.39496],[126.78014,37.39523],[126.78448,37.39214],[126.78955,37.39595],[126.78601,37.40289],[126.78893,37.40199],[126.78951,37.39547],[126.78471,37.39097],[126.77986,37.39481],[126.77719,37.39186],[126.76372,37.39447],[126.76213,37.3974],[126.74441,37.39849],[126.73472,37.39044],[126.73522,37.3872],[126.7409,37.387],[126.74207,37.38259],[126.73097,37.38657],[126.70071,37.3548],[126.7032,37.35125],[126.68855,37.34878],[126.68711,37.34506]]]]}},{"type":"Feature","properties":{"name":"평택","parents":["경기도","충청남도","인천경기남부앞바다중남부앞평수구역"]},"geometry":{"type":"MultiPolygon","coordinates":[[[[126.8405,36.94374],[126.83667,36.95012],[126.82985,36.94622],[126.83185,36.94145],[126.8405,36.94374]]],[[[127.10078,36.96068],[127.11191,36.97213],[127.12021,36.97035],[127.12531,36.97592],[127.14114,36.97974],[127.13138,36.98559],[127.13566,36.99328],[127.15395,36.99774],[127.14431,37.014],[127.15233,37.02139],[127.15235,37.02838],[127.14381,37.03268],[127.12221,37.03514],[127.1168,37.02707],[127.11263,37.02681],[127.10556,37.03518],[127.12756,37.05303],[127.13026,37.05876],[127.12498,37.06472],[127.11894,37.06204],[127.10202,37.06863],[127.10773,37.07666],[127.12104,37.07619],[127.12637,37.08171],[127.10964,37.11733],[127.10901,37.12598],[127.12072,37.12966],[127.12338,37.14367],[127.11982,37.1446],[127.10434,37.14173],[127.10304,37.14386],[127.08775,37.13479],[127.09308,37.1302],[127.08645,37.12668],[127.06677,37.12671],[127.06493,37.13194],[127.05566,37.1336],[127.05198,37.12959],[127.04522,37.12927],[127.04549,37.12585],[127.03521,37.13575],[127.00142,37.12801],[126.99754,37.12533],[126.9998,37.1206],[126.99508,37.11624],[126.99754,37.11469],[126.99421,37.11454],[126.99949,37.11163],[126.99598,37.11019],[126.99796,37.10484],[126.99536,37.1033],[126.99834,37.09311],[126.99584,37.09142],[126.99989,37.08693],[126.99857,37.08453],[126.99049,37.08749],[126.99627,37.07865],[126.99041,37.07682],[126.99686,37.07216],[126.9962,37.06969],[126.96914,37.07317],[126.96465,37.06784],[126.94905,37.06877],[126.94853,37.06163],[126.94002,37.0607],[126.93218,37.0623],[126.93023,37.06719],[126.91496,37.06565],[126.90557,37.06945],[126.90533,37.07351],[126.8977,37.06862],[126.88374,37.06699],[126.87744,37.05273],[126.85114,37.01839],[126.83402,37.01338],[126.78716,37.01297],[126.77886,37.00743],[126.78967,36.99462],[126.80413,36.99764],[126.80918,36.99546],[126.80414,36.99026],[126.80884,36.98874],[126.81212,36.99497],[126.8234,36.99127],[126.82054,36.98555],[126.84663,36.95483],[126.84445,36.95356],[126.84961,36.94647],[126.85278,36.9478],[126.8563,36.94382],[126.85378,36.94126],[126.85526,36.93829],[126.8563,36.94371],[126.86551,36.93931],[126.86743,36.93327],[126.88709,36.93627],[126.89923,36.9299],[126.90365,36.9247],[126.90358,36.91542],[126.90718,36.91241],[126.90961,36.90159],[126.93963,36.91733],[126.97375,36.92586],[126.99518,36.93536],[127.01502,36.93542],[127.0258,36.92875],[127.03345,36.92873],[127.06549,36.94193],[127.07408,36.93863],[127.08621,36.94774],[127.09576,36.94237],[127.097,36.94799],[127.103,36.95316],[127.09641,36.95569],[127.09642,36.95939],[127.10078,36.96068]]]]}},{"type":"Feature","properties":{"name":"속초","parents":["강원도","강원북부앞바다중연안바다"]},"geometry":{"type":"MultiPolygon","coordinates":[[[[128.46261,38.19694],[128.44141,38.20313],[128.43845,38.19256],[128.42651,38.18915],[128.42114,38.17669],[128.43903,38.16258],[128.43748,38.15959],[128.44306,38.1496],[128.46596,38.13692],[128.46499,38.11916],[128.49129,38.13649],[128.51588,38.13553],[128.52507,38.13816],[128.52987,38.13609],[128.53506,38.14855],[128.55985,38.14834],[128.5703,38.15434],[128.56985,38.16189],[128.6034,38.15895],[128.60916,38.16135],[128.6093,38.17865],[128.61412,38.17987],[128.59711,38.20072],[128.59342,38.20059],[128.5935,38.19155],[128.58198,38.19411],[128.58585,38.20018],[128.59233,38.2014],[128.59451,38.21067],[128.60025,38.21137],[128.6029,38.20331],[128.60309,38.20741],[128.60224,38.21215],[128.59027,38.22115],[128.58988,38.22705],[128.58257,38.22908],[128.57356,38.22154],[128.5376,38.21737],[128.52206,38.20755],[128.50142,38.20326],[128.48455,38.18797],[128.47804,38.18826],[128.47711,38.1928],[128.46663,38.19862],[128.46261,38.19694]]],[[[128.59614,38.20689],[128.59299,38.20367],[128.59978,38.20544],[128.59614,38.20689]]]]}},{"type":"Feature","properties":{"name":"속초산지","parents":["속초","강원도","강원북부앞바다중연안바다"]},"geometry":{"type":"MultiPolygon","coordinates":[[[[128.46515,38.19743],[128.44141,38.20313],[128.43845,38.19256],[128.42651,38.18915],[128.42114,38.17669],[128.43903,38.16258],[128.43748,38.15959],[128.44306,38.1496],[128.46596,38.13692],[128.46499,38.11916],[128.49129,38.13649],[128.51588,38.13553],[128.52507,38.13816],[128.52987,38.13609],[128.53506,38.14855],[128.55985,38.14834],[128.5703,38.15434],[128.56985,38.16189],[128.6034,38.15895],[128.60916,38.16135],[128.6093,38.17865],[128.61412,38.17987],[128.60687,38.18659],[128.59706,38.17719],[128.5845,38.17876],[128.57734,38.17588],[128.57208,38.17841],[128.55788,38.17493],[128.56218,38.17873],[128.563,38.19229],[128.5777,38.1928],[128.58293,38.19727],[128.57654,38.20637],[128.56742,38.21007],[128.56013,38.20475],[128.55387,38.20681],[128.54315,38.20302],[128.51245,38.20746],[128.49924,38.20221],[128.49776,38.19793],[128.48112,38.18733],[128.4772,38.18889],[128.47711,38.1928],[128.46515,38.19743]]]]}},{"type":"Feature","properties":{"name":"속초평지","parents":["속초","강원도","강원북부앞바다중연안바다"]},"geometry":{"type":"MultiPolygon","coordinates":[[[[128.59711,38.20072],[128.59342,38.20059],[128.5935,38.19155],[128.563,38.19229],[128.56218,38.17873],[128.55788,38.17493],[128.57208,38.17841],[128.57734,38.17588],[128.5845,38.17876],[128.59706,38.17719],[128.60687,38.18659],[128.59711,38.20072]]],[[[128.58434,38.19855],[128.59233,38.2014],[128.59451,38.21067],[128.60025,38.21137],[128.6029,38.20331],[128.60309,38.20741],[128.60224,38.21215],[128.59027,38.22115],[128.58988,38.22705],[128.58257,38.22908],[128.57432,38.22179],[128.5376,38.21737],[128.52221,38.20762],[128.54315,38.20302],[128.55387,38.20681],[128.56013,38.20475],[128.56742,38.21007],[128.57654,38.20637],[128.57956,38.20025],[128.58434,38.19855]]],[[[128.59978,38.20544],[128.59614,38.20689],[128.59299,38.20367],[128.59978,38.20544]]]]}},{"type":"Feature","properties":{"name":"백령도대청도","parents":["인천","서해5도"]},"geometry":{"type":"MultiPolygon","coordinates":[[[[124.65868,37.80297],[124.65712,37.80356],[124.6582,37.80293],[124.65868,37.80297]]],[[[124.65699,37.79891],[124.6598,37.79861],[124.65771,37.79907],[124.65699,37.79891]]],[[[124.69502,37.98018],[124.67086,37.98104],[124.668,37.97722],[124.63862,37.9684],[124.62166,37.97782],[124.62043,37.97529],[124.61629,37.97696],[124.60972,37.96995],[124.61169,37.96141],[124.62582,37.95438],[124.62858,37.94126],[124.63737,37.92393],[124.65344,37.92503],[124.67194,37.92017],[124.68155,37.92286],[124.68887,37.91532],[124.70001,37.9199],[124.69811,37.925],[124.7036,37.93099],[124.70253,37.93532],[124.70787,37.9448],[124.7239,37.95399],[124.73014,37.95448],[124.73137,37.95103],[124.73543,37.95264],[124.73442,37.95627],[124.73012,37.95732],[124.73304,37.96229],[124.74542,37.95745],[124.74413,37.96254],[124.74053,37.96136],[124.73276,37.96572],[124.72979,37.97812],[124.72173,37.98222],[124.69742,37.9832],[124.69502,37.98018]]],[[[124.70993,37.84384],[124.70207,37.84912],[124.70365,37.84338],[124.68785,37.83639],[124.67975,37.82759],[124.67871,37.82139],[124.67418,37.81934],[124.66418,37.82279],[124.67564,37.81343],[124.67989,37.81698],[124.6854,37.8107],[124.67953,37.80251],[124.68088,37.79922],[124.6868,37.80024],[124.68327,37.8027],[124.69049,37.80819],[124.69352,37.80638],[124.69661,37.80953],[124.70104,37.80534],[124.71788,37.81384],[124.71996,37.82103],[124.71354,37.82923],[124.71502,37.83362],[124.72811,37.83948],[124.71942,37.84591],[124.70993,37.84384]]],[[[124.76304,37.76596],[124.76298,37.76541],[124.76383,37.76606],[124.76304,37.76596]]],[[[124.76597,37.76929],[124.77062,37.77881],[124.75176,37.77762],[124.73474,37.77181],[124.73412,37.76607],[124.72725,37.76204],[124.72994,37.75976],[124.73728,37.76211],[124.74048,37.7671],[124.75219,37.77124],[124.76531,37.7665],[124.76852,37.76799],[124.76597,37.76929]]]]}},{"type":"Feature","properties":{"name":"연평도우도","parents":["인천","인천경기북부앞바다중평수구역","서해5도"]},"geometry":{"type":"MultiPolygon","coordinates":[[[[125.67992,37.63576],[125.67875,37.6351],[125.67922,37.63462],[125.67992,37.63576]]],[[[125.67874,37.63331],[125.6796,37.63259],[125.67927,37.63349],[125.67874,37.63331]]],[[[125.68136,37.63695],[125.68068,37.63951],[125.68005,37.63699],[125.68136,37.63695]]],[[[125.71284,37.65542],[125.70921,37.65506],[125.71188,37.65278],[125.71284,37.65542]]],[[[125.71524,37.67611],[125.71427,37.68097],[125.69234,37.67621],[125.6781,37.67933],[125.67762,37.67581],[125.68569,37.66655],[125.68153,37.66249],[125.68424,37.65282],[125.69281,37.652],[125.70927,37.66563],[125.71524,37.67611]]],[[[125.71639,37.66873],[125.71745,37.66819],[125.71799,37.66886],[125.71639,37.66873]]],[[[125.71885,37.64579],[125.71549,37.64566],[125.7178,37.64477],[125.71885,37.64579]]],[[[125.71904,37.60397],[125.72125,37.61395],[125.70915,37.61279],[125.70779,37.60722],[125.71904,37.60397]]],[[[125.97585,37.61172],[125.9716,37.60777],[125.9782,37.60851],[125.97585,37.61172]]],[[[126.13592,37.68646],[126.13231,37.68915],[126.13399,37.69134],[126.12651,37.69284],[126.12222,37.68659],[126.12691,37.68196],[126.14435,37.68155],[126.14336,37.68528],[126.13592,37.68646]]],[[[126.19271,37.66032],[126.18939,37.65835],[126.20508,37.65697],[126.2112,37.66641],[126.20466,37.66926],[126.19736,37.67904],[126.19599,37.68808],[126.1747,37.67681],[126.15495,37.67683],[126.15603,37.67276],[126.16847,37.66675],[126.17878,37.6706],[126.19063,37.66473],[126.19271,37.66032]]],[[[126.22315,37.65194],[126.23464,37.63909],[126.26153,37.62649],[126.25242,37.63307],[126.25091,37.6378],[126.25681,37.65],[126.25345,37.6535],[126.23911,37.652],[126.23375,37.65558],[126.22315,37.65194]]],[[[126.22774,37.66004],[126.23371,37.65965],[126.22228,37.66549],[126.22341,37.6584],[126.22774,37.66004]]]]}},{"type":"Feature","properties":{"name":"삼척","parents":["강원도","경상북도","강원남부앞바다중연안바다"]},"geometry":{"type":"MultiPolygon","coordinates":[[[[128.84942,37.35142],[128.84603,37.33973],[128.86685,37.33896],[128.86998,37.3294],[128.87841,37.32395],[128.85973,37.30723],[128.85879,37.30017],[128.87223,37.29038],[128.87389,37.2812],[128.88874,37.27593],[128.88207,37.27185],[128.87995,37.26478],[128.88681,37.26176],[128.89793,37.24869],[128.9008,37.24291],[128.89865,37.23595],[128.9044,37.22784],[128.90546,37.21792],[128.90918,37.21715],[128.91707,37.22553],[128.91811,37.24005],[128.92389,37.24275],[128.9296,37.24072],[128.93538,37.24536],[128.93499,37.25718],[128.9322,37.25723],[128.92436,37.27295],[128.93658,37.27412],[128.94104,37.27937],[128.94154,37.28889],[128.94645,37.29023],[128.94231,37.29765],[128.94328,37.30554],[128.95097,37.30779],[128.96932,37.33691],[128.97103,37.33442],[128.97811,37.33641],[128.99033,37.33412],[129.00831,37.34554],[129.00983,37.34008],[129.01435,37.33818],[128.99823,37.32488],[128.99831,37.31926],[129.01844,37.30352],[129.00385,37.28837],[129.01416,37.27869],[129.01513,37.27418],[129.00795,37.27041],[129.00511,37.26373],[129.00993,37.25956],[129.00706,37.25093],[129.00162,37.25056],[129.00177,37.24466],[128.99395,37.24462],[128.98995,37.24128],[128.99319,37.23526],[129.00792,37.23264],[129.00545,37.23075],[129.0081,37.22913],[129.00438,37.22706],[129.01049,37.22082],[128.99998,37.21792],[129.00075,37.20282],[129.00901,37.19851],[129.01134,37.18653],[129.02722,37.17498],[129.03655,37.17589],[129.05128,37.16994],[129.07183,37.16992],[129.07466,37.16473],[129.07192,37.16019],[129.08857,37.15821],[129.08953,37.14514],[129.09537,37.13843],[129.08906,37.12357],[129.09196,37.11947],[129.08792,37.11408],[129.09566,37.10031],[129.11271,37.09241],[129.12289,37.09128],[129.12658,37.08894],[129.12649,37.08506],[129.14218,37.08035],[129.15524,37.07028],[129.16614,37.06916],[129.1704,37.06036],[129.18043,37.05321],[129.18541,37.04172],[129.22531,37.04456],[129.23891,37.03937],[129.23267,37.04422],[129.23206,37.05443],[129.22852,37.05723],[129.23307,37.06388],[129.22538,37.07372],[129.24046,37.08504],[129.24903,37.09615],[129.26566,37.10215],[129.27202,37.11701],[129.27674,37.11855],[129.29459,37.11437],[129.29523,37.1203],[129.30113,37.12658],[129.31815,37.13295],[129.32483,37.14229],[129.33324,37.14071],[129.34784,37.14645],[129.36394,37.14624],[129.3518,37.16516],[129.35668,37.16738],[129.34987,37.17385],[129.34515,37.17132],[129.34423,37.17447],[129.34755,37.17705],[129.34315,37.2006],[129.34648,37.20269],[129.34811,37.2108],[129.34106,37.22428],[129.34342,37.2296],[129.35493,37.23591],[129.35004,37.23891],[129.34889,37.24772],[129.34198,37.2487],[129.34071,37.25464],[129.32679,37.26565],[129.3295,37.26685],[129.32912,37.2804],[129.32048,37.28234],[129.32019,37.28897],[129.31012,37.28653],[129.30043,37.29287],[129.30198,37.30329],[129.29773,37.31083],[129.28565,37.31102],[129.27034,37.32159],[129.27065,37.32924],[129.26624,37.33167],[129.26784,37.33882],[129.26056,37.35283],[129.25082,37.36302],[129.25367,37.37852],[129.21593,37.40044],[129.20484,37.40945],[129.20138,37.41479],[129.20342,37.41545],[129.19827,37.41525],[129.1921,37.42652],[129.1922,37.43369],[129.18923,37.43441],[129.19218,37.43796],[129.19428,37.43432],[129.18962,37.45215],[129.18003,37.46292],[129.1608,37.47585],[129.15517,37.47419],[129.1508,37.46571],[129.14176,37.4665],[129.13478,37.45318],[129.11789,37.46051],[129.1074,37.4558],[129.09585,37.46343],[129.07685,37.45644],[129.06565,37.46038],[129.04354,37.45565],[129.0102,37.43593],[129.00444,37.4268],[128.98463,37.43393],[128.97253,37.43453],[128.95508,37.44942],[128.93711,37.45109],[128.93429,37.4476],[128.92756,37.44856],[128.91061,37.43634],[128.90407,37.43807],[128.89786,37.43029],[128.89543,37.40956],[128.88954,37.40484],[128.88473,37.40625],[128.87072,37.4003],[128.86896,37.39145],[128.85798,37.38093],[128.84942,37.35142]]],[[[129.33336,37.26116],[129.33315,37.26114],[129.33317,37.26067],[129.33336,37.26116]]]]}},{"type":"Feature","properties":{"name":"보령(도서제외)","parents":["보령","충청남도","천수만평수구역"]},"geometry":{"type":"MultiPolygon","coordinates":[[[[126.51858,36.2451],[126.52223,36.24379],[126.52264,36.24593],[126.51858,36.2451]]],[[[126.55562,36.47084],[126.55725,36.46838],[126.56007,36.47025],[126.55562,36.47084]]],[[[126.63194,36.1761],[126.65318,36.18089],[126.66693,36.17602],[126.68083,36.1824],[126.68335,36.1877],[126.69452,36.19243],[126.69818,36.20497],[126.71374,36.2144],[126.7182,36.23458],[126.73429,36.23831],[126.73871,36.25401],[126.72765,36.25747],[126.7201,36.25518],[126.71346,36.26146],[126.69421,36.26887],[126.69662,36.27554],[126.69268,36.27898],[126.69673,36.2834],[126.6873,36.29113],[126.69438,36.29853],[126.68257,36.30826],[126.6803,36.31368],[126.68419,36.32233],[126.67845,36.33164],[126.69566,36.33439],[126.69978,36.34859],[126.70412,36.35056],[126.70262,36.36156],[126.70503,36.3665],[126.72445,36.37116],[126.72482,36.37489],[126.71516,36.38303],[126.71278,36.38748],[126.71567,36.39368],[126.70923,36.39699],[126.70966,36.40061],[126.69129,36.41046],[126.68885,36.42596],[126.69164,36.42861],[126.68395,36.4362],[126.68781,36.44822],[126.67685,36.45084],[126.67488,36.46002],[126.67193,36.4616],[126.65836,36.45973],[126.65445,36.46218],[126.65444,36.46676],[126.63421,36.46662],[126.63175,36.47617],[126.62308,36.47704],[126.61476,36.48477],[126.60258,36.47248],[126.59174,36.46917],[126.57133,36.47327],[126.56709,36.47039],[126.56949,36.46458],[126.56554,36.45207],[126.55269,36.45268],[126.55162,36.45566],[126.55621,36.45748],[126.55781,36.46271],[126.55616,36.4676],[126.55041,36.46583],[126.5526,36.45253],[126.54482,36.44856],[126.53861,36.44919],[126.53949,36.44382],[126.53315,36.44037],[126.52563,36.44694],[126.52697,36.45635],[126.53472,36.4565],[126.53856,36.46674],[126.54402,36.47189],[126.56109,36.47811],[126.56087,36.48432],[126.56671,36.48433],[126.57015,36.47949],[126.56948,36.48295],[126.5738,36.48346],[126.58936,36.47524],[126.59935,36.47668],[126.60188,36.48856],[126.59,36.50889],[126.57167,36.50192],[126.56609,36.50247],[126.5648,36.50846],[126.5597,36.50498],[126.54186,36.50319],[126.52402,36.51959],[126.51121,36.51937],[126.50452,36.52479],[126.49408,36.51677],[126.49139,36.50837],[126.48489,36.50909],[126.48361,36.51436],[126.48012,36.48605],[126.48104,36.47773],[126.49003,36.46828],[126.48521,36.46455],[126.48896,36.46017],[126.48633,36.45449],[126.4908,36.44805],[126.49893,36.44572],[126.50004,36.44276],[126.49636,36.43862],[126.49855,36.43242],[126.52545,36.4468],[126.53161,36.44096],[126.51767,36.43906],[126.50592,36.42765],[126.49525,36.42574],[126.50022,36.42179],[126.49743,36.41932],[126.49181,36.42135],[126.48679,36.39942],[126.47955,36.385],[126.48541,36.38187],[126.50967,36.38106],[126.54576,36.35504],[126.56013,36.35102],[126.55046,36.34693],[126.54327,36.33895],[126.52009,36.33541],[126.51597,36.32816],[126.50484,36.32871],[126.50146,36.3237],[126.51299,36.31138],[126.51698,36.299],[126.5223,36.3003],[126.52818,36.29713],[126.53987,36.2788],[126.53473,36.27656],[126.53933,36.27481],[126.54047,36.27788],[126.54678,36.26825],[126.54323,36.26749],[126.54801,36.26641],[126.54711,36.26123],[126.54007,36.26081],[126.5372,36.2515],[126.54042,36.25054],[126.52805,36.23941],[126.53039,36.23783],[126.52949,36.21994],[126.53784,36.20149],[126.52506,36.18755],[126.56515,36.19215],[126.58009,36.17765],[126.60937,36.17186],[126.61949,36.17501],[126.62885,36.1734],[126.63194,36.1761]]]]}},{"type":"Feature","properties":{"name":"홍성","parents":["충청남도","천수만평수구역"]},"geometry":{"type":"MultiPolygon","coordinates":[[[[126.42577,36.52747],[126.42644,36.5271],[126.42773,36.5283],[126.42577,36.52747]]],[[[126.43713,36.51771],[126.43666,36.51803],[126.4365,36.51786],[126.43713,36.51771]]],[[[126.44147,36.52091],[126.43673,36.52075],[126.44076,36.51525],[126.44446,36.51622],[126.44147,36.52091]]],[[[126.46342,36.55295],[126.46249,36.55033],[126.46347,36.55296],[126.46342,36.55295]]],[[[126.76904,36.53643],[126.7591,36.52737],[126.75357,36.52841],[126.74087,36.53701],[126.7376,36.54611],[126.73712,36.55148],[126.74834,36.55749],[126.74849,36.58049],[126.75209,36.57999],[126.77242,36.59404],[126.77038,36.61709],[126.76134,36.61788],[126.75602,36.62356],[126.75868,36.62663],[126.75758,36.63183],[126.7498,36.6353],[126.75243,36.64453],[126.74793,36.64813],[126.73615,36.64843],[126.73717,36.65856],[126.74544,36.67068],[126.73985,36.67302],[126.72755,36.66842],[126.70861,36.67248],[126.70478,36.66678],[126.70799,36.66471],[126.70408,36.66251],[126.68995,36.65956],[126.68107,36.66168],[126.65942,36.65672],[126.6495,36.64853],[126.62818,36.64955],[126.61889,36.63801],[126.62626,36.62513],[126.62483,36.60964],[126.61587,36.6174],[126.61545,36.6235],[126.60625,36.62529],[126.60221,36.61889],[126.59674,36.62151],[126.58641,36.61775],[126.58707,36.63751],[126.59583,36.65167],[126.58559,36.66553],[126.58144,36.66433],[126.57961,36.65487],[126.55652,36.64294],[126.54561,36.64021],[126.53624,36.64621],[126.51836,36.63821],[126.51957,36.6354],[126.51577,36.63173],[126.51138,36.63069],[126.50566,36.63486],[126.49729,36.63127],[126.45302,36.62578],[126.45274,36.61536],[126.44067,36.60034],[126.45645,36.59523],[126.45524,36.59236],[126.4642,36.58332],[126.4674,36.56469],[126.47215,36.55909],[126.46424,36.54832],[126.46897,36.53976],[126.46694,36.53399],[126.46956,36.53898],[126.48055,36.53411],[126.48147,36.53032],[126.48413,36.53125],[126.4881,36.52651],[126.48083,36.51508],[126.48361,36.51436],[126.48328,36.51697],[126.50111,36.53177],[126.51437,36.52569],[126.51276,36.52313],[126.53087,36.51962],[126.54642,36.50824],[126.55853,36.50787],[126.55869,36.51872],[126.56169,36.51949],[126.55991,36.51468],[126.56609,36.50247],[126.59,36.50889],[126.59304,36.50671],[126.60068,36.48872],[126.59898,36.47886],[126.61528,36.4873],[126.61714,36.49446],[126.61468,36.48477],[126.62308,36.47704],[126.63175,36.47617],[126.63421,36.46662],[126.65279,36.46747],[126.65836,36.45973],[126.67611,36.46237],[126.7008,36.47856],[126.71821,36.48203],[126.72946,36.47958],[126.73483,36.4724],[126.74272,36.4835],[126.74685,36.48461],[126.74322,36.4901],[126.75033,36.50368],[126.75561,36.50343],[126.77039,36.51827],[126.76739,36.52248],[126.77319,36.53436],[126.76904,36.53643]]]]}},{"type":"Feature","properties":{"name":"삼척평지","parents":["삼척","강원도","경상북도","강원남부앞바다중연안바다"]},"geometry":{"type":"MultiPolygon","coordinates":[[[[129.15868,37.47565],[129.1508,37.46571],[129.14176,37.4665],[129.13478,37.45318],[129.11789,37.46051],[129.1074,37.4558],[129.09585,37.46343],[129.07685,37.45644],[129.08499,37.44613],[129.09216,37.44404],[129.10661,37.43214],[129.12097,37.43078],[129.13083,37.42542],[129.12801,37.41317],[129.13089,37.40778],[129.13552,37.40714],[129.13943,37.3946],[129.13781,37.38992],[129.14441,37.39179],[129.14806,37.38936],[129.14566,37.38384],[129.14864,37.38015],[129.15402,37.37737],[129.16412,37.38361],[129.1807,37.37823],[129.17492,37.35958],[129.18168,37.35052],[129.19908,37.33883],[129.20181,37.33207],[129.19882,37.32694],[129.18962,37.32287],[129.17698,37.30158],[129.21764,37.28873],[129.21928,37.27971],[129.2273,37.27239],[129.2233,37.25908],[129.22837,37.24648],[129.22378,37.23901],[129.21955,37.23811],[129.21478,37.22236],[129.20681,37.21841],[129.19902,37.22293],[129.18432,37.22392],[129.18189,37.20528],[129.16908,37.20313],[129.18793,37.20022],[129.20044,37.18634],[129.223,37.18613],[129.22867,37.17267],[129.22477,37.16886],[129.22422,37.16091],[129.2369,37.15901],[129.2384,37.1561],[129.23665,37.14167],[129.2218,37.12771],[129.21608,37.1266],[129.2136,37.11311],[129.21918,37.10171],[129.22046,37.08899],[129.23086,37.07662],[129.24903,37.09615],[129.26566,37.10215],[129.27202,37.11701],[129.27674,37.11855],[129.29459,37.11437],[129.29523,37.1203],[129.30113,37.12658],[129.31815,37.13295],[129.32483,37.14229],[129.33324,37.14071],[129.34784,37.14645],[129.36394,37.14624],[129.3518,37.16516],[129.35668,37.16738],[129.34987,37.17385],[129.34515,37.17132],[129.34423,37.17447],[129.34755,37.17705],[129.34315,37.2006],[129.34648,37.20269],[129.34811,37.2108],[129.34106,37.22428],[129.34342,37.2296],[129.35493,37.23591],[129.35004,37.23891],[129.34889,37.24772],[129.34198,37.2487],[129.34071,37.25464],[129.32679,37.26565],[129.3295,37.26685],[129.32912,37.2804],[129.32048,37.28234],[129.32019,37.28897],[129.31012,37.28653],[129.30043,37.29287],[129.30198,37.30329],[129.29773,37.31083],[129.28565,37.31102],[129.27034,37.32159],[129.27065,37.32924],[129.26624,37.33167],[129.26784,37.33882],[129.26056,37.35283],[129.25082,37.36302],[129.25367,37.37852],[129.20305,37.41055],[129.20342,37.41545],[129.19801,37.41645],[129.1921,37.42652],[129.1922,37.43369],[129.18923,37.43441],[129.19218,37.43796],[129.19428,37.43432],[129.18962,37.45215],[129.17755,37.46406],[129.18065,37.46441],[129.17646,37.46409],[129.15868,37.47565]]],[[[129.33612,37.25744],[129.33633,37.25789],[129.33584,37.25759],[129.33612,37.25744]]]]}},{"type":"Feature","properties":{"name":"고성산지","parents":["고성","강원도","강원북부앞바다중연안바다"]},"geometry":{"type":"MultiPolygon","coordinates":[[[[128.45278,38.38471],[128.44905,38.3892],[128.43268,38.38992],[128.42862,38.39448],[128.42124,38.39614],[128.41887,38.40205],[128.4107,38.40275],[128.39956,38.41212],[128.39358,38.40761],[128.39353,38.40238],[128.38285,38.39713],[128.36028,38.39768],[128.3466,38.40147],[128.34985,38.40399],[128.34571,38.41454],[128.34662,38.42302],[128.34258,38.4283],[128.35661,38.43834],[128.3514,38.45625],[128.35601,38.46439],[128.35017,38.47379],[128.33929,38.47713],[128.33959,38.49171],[128.34361,38.49405],[128.3456,38.50062],[128.34088,38.50501],[128.33464,38.52571],[128.34126,38.53032],[128.34187,38.53584],[128.3483,38.53856],[128.34581,38.55331],[128.34856,38.5583],[128.3409,38.57092],[128.34517,38.57676],[128.34076,38.58735],[128.33429,38.591],[128.33238,38.6012],[128.31634,38.59379],[128.30994,38.59416],[128.31492,38.57477],[128.31212,38.57009],[128.31069,38.53714],[128.31383,38.52247],[128.3132,38.51236],[128.30439,38.50261],[128.30575,38.49852],[128.30158,38.49187],[128.3014,38.4862],[128.3069,38.47922],[128.29909,38.47159],[128.29609,38.46073],[128.28742,38.44959],[128.28412,38.4368],[128.2458,38.41498],[128.24325,38.41088],[128.2461,38.40614],[128.24338,38.40268],[128.23473,38.40171],[128.22922,38.39684],[128.2262,38.38908],[128.23322,38.38756],[128.23389,38.38485],[128.22964,38.38203],[128.23012,38.37653],[128.23368,38.37238],[128.23867,38.37629],[128.24852,38.37078],[128.26201,38.37647],[128.26957,38.37615],[128.27254,38.36569],[128.26452,38.35161],[128.27048,38.33698],[128.27432,38.33551],[128.28746,38.34009],[128.31211,38.33058],[128.30861,38.32106],[128.31512,38.30226],[128.32045,38.30025],[128.32146,38.29518],[128.31881,38.28773],[128.31923,38.26607],[128.33708,38.26312],[128.35579,38.26658],[128.36327,38.25533],[128.36465,38.24203],[128.36846,38.23585],[128.37206,38.24265],[128.37877,38.24539],[128.38836,38.24804],[128.39671,38.23935],[128.41164,38.24893],[128.41744,38.25454],[128.41402,38.26065],[128.40975,38.26391],[128.40092,38.26064],[128.39902,38.26356],[128.40477,38.27856],[128.4218,38.2882],[128.43088,38.2893],[128.43885,38.31701],[128.44779,38.31585],[128.44737,38.32315],[128.45529,38.33179],[128.46851,38.33389],[128.47971,38.33167],[128.48052,38.33716],[128.48669,38.34329],[128.48655,38.34876],[128.48298,38.35141],[128.48751,38.3617],[128.47845,38.36208],[128.47459,38.36542],[128.48257,38.36979],[128.47982,38.37569],[128.48195,38.3793],[128.49393,38.38419],[128.48172,38.39999],[128.47324,38.40126],[128.46478,38.39673],[128.46318,38.38825],[128.45278,38.38471]]]]}},{"type":"Feature","properties":{"name":"양양","parents":["강원도","강원북부앞바다중연안바다"]},"geometry":{"type":"MultiPolygon","coordinates":[[[[128.45807,38.12124],[128.45007,38.11516],[128.42772,38.10799],[128.41099,38.11124],[128.41028,38.09897],[128.40425,38.09607],[128.41092,38.07932],[128.40886,38.07665],[128.41192,38.0676],[128.42525,38.049],[128.43502,38.05237],[128.44038,38.0579],[128.47701,38.04824],[128.48617,38.05394],[128.50081,38.03807],[128.49859,38.02993],[128.50425,38.02018],[128.50256,38.01733],[128.50812,38.01226],[128.51357,38.01295],[128.51125,38.00208],[128.50218,37.99492],[128.49939,37.98903],[128.50125,37.98613],[128.49567,37.98374],[128.49789,37.97628],[128.49508,37.96406],[128.47374,37.96145],[128.47284,37.95347],[128.46636,37.94923],[128.46754,37.94029],[128.46356,37.93567],[128.4766,37.92215],[128.47368,37.89998],[128.4968,37.88389],[128.5035,37.88734],[128.51176,37.88006],[128.51883,37.88081],[128.52622,37.88308],[128.52998,37.88885],[128.54101,37.89109],[128.55746,37.88003],[128.55949,37.8756],[128.56774,37.8754],[128.57376,37.86464],[128.58818,37.86202],[128.5977,37.86596],[128.60118,37.87071],[128.62077,37.87235],[128.62356,37.88052],[128.64294,37.89489],[128.64777,37.89093],[128.66419,37.89078],[128.66918,37.88582],[128.70217,37.89841],[128.71337,37.89875],[128.71861,37.90348],[128.73241,37.89988],[128.73638,37.90341],[128.74466,37.90421],[128.74694,37.90951],[128.7537,37.91225],[128.77554,37.91012],[128.78301,37.91469],[128.80343,37.91301],[128.81,37.91753],[128.7887,37.93555],[128.78958,37.93995],[128.7858,37.94255],[128.7888,37.94368],[128.78564,37.94825],[128.78247,37.94693],[128.76925,37.95802],[128.76992,37.96082],[128.76293,37.96693],[128.76506,37.97233],[128.76151,37.97238],[128.75994,37.97669],[128.76359,37.98016],[128.74434,37.99252],[128.73188,38.00676],[128.73607,38.02218],[128.72571,38.02336],[128.68206,38.06018],[128.6761,38.067],[128.67617,38.07625],[128.67331,38.07725],[128.67342,38.08004],[128.67915,38.07889],[128.6354,38.11658],[128.62917,38.12901],[128.62624,38.12818],[128.61488,38.14061],[128.6088,38.15015],[128.60894,38.1543],[128.61222,38.15329],[128.60917,38.16128],[128.6034,38.15895],[128.56985,38.16189],[128.5703,38.15434],[128.55985,38.14834],[128.53506,38.14855],[128.52987,38.13609],[128.52507,38.13816],[128.51588,38.13553],[128.49129,38.13649],[128.46724,38.11901],[128.45807,38.12124]]],[[[128.73874,38.00097],[128.73887,38.00074],[128.73903,38.00124],[128.73874,38.00097]]],[[[128.76072,37.97929],[128.76145,37.97901],[128.76116,37.97956],[128.76072,37.97929]]]]}},{"type":"Feature","properties":{"name":"양양산지","parents":["양양","강원도","강원북부앞바다중연안바다"]},"geometry":{"type":"MultiPolygon","coordinates":[[[[128.45807,38.12124],[128.45007,38.11516],[128.42772,38.10799],[128.41099,38.11124],[128.41028,38.09897],[128.40425,38.09607],[128.41092,38.07932],[128.40886,38.07665],[128.41192,38.0676],[128.42525,38.049],[128.43502,38.05237],[128.44038,38.0579],[128.47701,38.04824],[128.48617,38.05394],[128.50081,38.03807],[128.49859,38.02993],[128.50425,38.02018],[128.50256,38.01733],[128.50812,38.01226],[128.51357,38.01295],[128.51125,38.00208],[128.50218,37.99492],[128.49939,37.98903],[128.50125,37.98613],[128.49567,37.98374],[128.49789,37.97628],[128.49508,37.96406],[128.47374,37.96145],[128.47284,37.95347],[128.46636,37.94923],[128.46754,37.94029],[128.46356,37.93567],[128.4766,37.92215],[128.47368,37.89998],[128.47684,37.89651],[128.4968,37.88389],[128.50593,37.88687],[128.51176,37.88006],[128.52622,37.88308],[128.52998,37.88885],[128.54101,37.89109],[128.55746,37.88003],[128.55949,37.8756],[128.56774,37.8754],[128.57376,37.86464],[128.58818,37.86202],[128.5977,37.86596],[128.60118,37.87071],[128.62077,37.87235],[128.62356,37.88052],[128.64294,37.89489],[128.64777,37.89093],[128.66419,37.89078],[128.66708,37.88573],[128.68767,37.89324],[128.69229,37.90567],[128.69083,37.91354],[128.69611,37.92503],[128.69199,37.94549],[128.69534,37.95693],[128.70578,37.96365],[128.70751,37.97324],[128.71115,37.97662],[128.72198,37.97524],[128.7249,37.97788],[128.72399,37.98186],[128.73262,37.98981],[128.74474,37.99228],[128.73188,38.00676],[128.73607,38.02218],[128.72571,38.02336],[128.70494,38.03874],[128.70188,38.03476],[128.69782,38.03485],[128.69686,38.03018],[128.67322,38.02897],[128.67376,38.02579],[128.66257,38.01014],[128.63753,38.00078],[128.62804,38.00823],[128.63017,38.01128],[128.62295,38.01619],[128.6231,38.02147],[128.61551,38.02103],[128.61397,38.02376],[128.61552,38.03462],[128.60932,38.04508],[128.60986,38.05403],[128.61292,38.05709],[128.61154,38.06912],[128.58645,38.07711],[128.57794,38.08239],[128.57405,38.09174],[128.56701,38.09015],[128.56235,38.09642],[128.5324,38.10367],[128.52615,38.1125],[128.5395,38.11128],[128.55697,38.11534],[128.57814,38.10929],[128.58066,38.10454],[128.58897,38.10753],[128.5988,38.10188],[128.61204,38.10575],[128.60488,38.11151],[128.61313,38.11492],[128.62841,38.11222],[128.6358,38.11631],[128.62917,38.12901],[128.62434,38.12947],[128.60975,38.14808],[128.60894,38.1543],[128.61222,38.15329],[128.60917,38.16128],[128.6034,38.15895],[128.56985,38.16189],[128.5703,38.15434],[128.55985,38.14834],[128.53506,38.14855],[128.52987,38.13609],[128.52507,38.13816],[128.51588,38.13553],[128.49129,38.13649],[128.46724,38.11901],[128.45807,38.12124]]],[[[128.73887,38.00074],[128.73903,38.00124],[128.73874,38.00097],[128.73887,38.00074]]]]}},{"type":"Feature","properties":{"name":"강릉","parents":["강원도","강원중부앞바다중연안바다","강원북부앞바다중연안바다"]},"geometry":{"type":"MultiPolygon","coordinates":[[[[128.58606,37.84514],[128.58036,37.828],[128.5855,37.81854],[128.59996,37.80882],[128.59815,37.80438],[128.60094,37.80174],[128.60141,37.78133],[128.59879,37.7745],[128.60167,37.76993],[128.6104,37.76621],[128.61403,37.77054],[128.62562,37.77055],[128.63734,37.78246],[128.65039,37.77379],[128.67085,37.76688],[128.67984,37.77303],[128.69097,37.76972],[128.69837,37.77133],[128.7089,37.76805],[128.72536,37.7495],[128.7438,37.74143],[128.74455,37.72344],[128.74848,37.71995],[128.74783,37.7141],[128.75318,37.71071],[128.76503,37.67292],[128.75247,37.66978],[128.74576,37.66503],[128.74367,37.65883],[128.73347,37.6549],[128.73377,37.64684],[128.7287,37.6368],[128.73583,37.6287],[128.73656,37.60975],[128.72449,37.61037],[128.71665,37.60427],[128.71635,37.59338],[128.71207,37.58864],[128.69892,37.59352],[128.68396,37.59385],[128.67888,37.56706],[128.69768,37.53778],[128.71978,37.52871],[128.72289,37.53489],[128.73765,37.54751],[128.74869,37.5469],[128.76201,37.5415],[128.78,37.54377],[128.7921,37.53824],[128.79762,37.51845],[128.81169,37.50993],[128.81375,37.5033],[128.83396,37.51314],[128.84042,37.51203],[128.84908,37.51555],[128.84815,37.52144],[128.85425,37.5242],[128.85359,37.5293],[128.85958,37.54093],[128.86203,37.55363],[128.85879,37.56122],[128.86255,37.56465],[128.86379,37.57522],[128.87354,37.58967],[128.87771,37.58849],[128.88555,37.59289],[128.89869,37.584],[128.90102,37.57189],[128.90573,37.5671],[128.90574,37.55262],[128.91292,37.55285],[128.91622,37.54801],[128.92476,37.54724],[128.93726,37.53777],[128.95513,37.54144],[128.96123,37.54875],[128.96278,37.54316],[128.97338,37.53374],[128.98069,37.53308],[128.98764,37.53387],[128.99848,37.5428],[129.01856,37.53828],[129.03117,37.54728],[129.04784,37.54787],[129.05103,37.5764],[129.05961,37.58853],[129.05567,37.59711],[129.06874,37.5989],[129.07488,37.60486],[129.05955,37.62036],[129.05419,37.62137],[129.05393,37.62575],[129.05757,37.62585],[129.05322,37.62621],[129.04449,37.63877],[129.04646,37.64781],[129.04991,37.64864],[129.04817,37.65067],[129.0523,37.65019],[129.05576,37.65507],[129.05699,37.67283],[129.01414,37.70737],[129.01099,37.71348],[128.996,37.72552],[128.98911,37.74042],[128.95141,37.76738],[128.95162,37.77118],[128.87918,37.82944],[128.87622,37.83374],[128.87707,37.84071],[128.83308,37.88084],[128.82957,37.89155],[128.83301,37.89448],[128.833,37.88764],[128.83445,37.89954],[128.82935,37.90361],[128.83009,37.90622],[128.81,37.91753],[128.80343,37.91301],[128.78301,37.91469],[128.77554,37.91012],[128.7537,37.91225],[128.74694,37.90951],[128.74466,37.90421],[128.73638,37.90341],[128.73241,37.89988],[128.71861,37.90348],[128.70881,37.89729],[128.70217,37.89841],[128.66918,37.88582],[128.66419,37.89078],[128.64777,37.89093],[128.64294,37.89489],[128.62356,37.88052],[128.62077,37.87235],[128.60118,37.87071],[128.5977,37.86596],[128.59197,37.8656],[128.58802,37.86203],[128.58606,37.84514]]]]}},{"type":"Feature","properties":{"name":"강릉평지","parents":["강릉","강원도","강원중부앞바다중연안바다","강원북부앞바다중연안바다"]},"geometry":{"type":"MultiPolygon","coordinates":[[[[128.71358,37.76253],[128.72536,37.7495],[128.73966,37.74163],[128.74516,37.7416],[128.75929,37.7529],[128.76239,37.76523],[128.76802,37.76878],[128.79106,37.77035],[128.79742,37.76404],[128.80262,37.7662],[128.80491,37.76338],[128.81043,37.76434],[128.81394,37.76653],[128.81981,37.78398],[128.828,37.78861],[128.83798,37.78805],[128.8509,37.76379],[128.85925,37.75845],[128.85392,37.74647],[128.86009,37.74475],[128.8586,37.73772],[128.83523,37.72155],[128.85083,37.71069],[128.85382,37.69423],[128.84576,37.68351],[128.85158,37.67648],[128.86173,37.67175],[128.86916,37.67299],[128.88247,37.65975],[128.89348,37.65521],[128.89538,37.64242],[128.88725,37.63068],[128.90463,37.61725],[128.89116,37.60772],[128.88448,37.59292],[128.89869,37.584],[128.90102,37.57189],[128.90573,37.5671],[128.90574,37.55262],[128.91292,37.55285],[128.91622,37.54801],[128.92476,37.54724],[128.93438,37.53814],[128.95513,37.54144],[128.96123,37.54875],[128.96278,37.54316],[128.97338,37.53374],[128.98069,37.53308],[128.98764,37.53387],[128.99848,37.5428],[129.01856,37.53828],[129.03117,37.54728],[129.04784,37.54787],[129.05103,37.5764],[129.05961,37.58853],[129.05567,37.59711],[129.06874,37.5989],[129.07488,37.60486],[129.05955,37.62036],[129.05419,37.62137],[129.05393,37.62575],[129.05757,37.62585],[129.05322,37.62621],[129.04454,37.63857],[129.04646,37.64781],[129.04991,37.64864],[129.04792,37.6503],[129.0523,37.65019],[129.05576,37.65507],[129.05699,37.67283],[129.01414,37.70737],[129.01099,37.71348],[128.996,37.72552],[128.98911,37.74042],[128.96907,37.7531],[128.95141,37.76738],[128.95162,37.77118],[128.88141,37.82718],[128.87622,37.83374],[128.87707,37.84071],[128.86319,37.85177],[128.8348,37.84275],[128.81982,37.84387],[128.80698,37.83925],[128.8009,37.83149],[128.78983,37.8253],[128.79161,37.81679],[128.78469,37.79885],[128.73504,37.78192],[128.71358,37.76253]]],[[[128.82853,37.90723],[128.81,37.91753],[128.80343,37.91301],[128.78301,37.91469],[128.77554,37.91012],[128.75556,37.91255],[128.74694,37.90951],[128.74466,37.90421],[128.73638,37.90341],[128.73241,37.89988],[128.71861,37.90348],[128.70881,37.89729],[128.70217,37.89841],[128.66682,37.88588],[128.66128,37.87321],[128.66586,37.86722],[128.67832,37.87215],[128.69444,37.86999],[128.70745,37.87383],[128.71424,37.87073],[128.72532,37.87169],[128.73069,37.86652],[128.76509,37.86932],[128.78183,37.85828],[128.81336,37.86691],[128.82468,37.86289],[128.83363,37.87078],[128.82988,37.87496],[128.83678,37.87675],[128.82957,37.89155],[128.83301,37.89448],[128.833,37.88764],[128.83445,37.89954],[128.82853,37.90723]]]]}},{"type":"Feature","properties":{"name":"강릉산지","parents":["강릉","강원도","강원중부앞바다중연안바다"]},"geometry":{"type":"MultiPolygon","coordinates":[[[[128.65976,37.89177],[128.65086,37.89064],[128.64294,37.89489],[128.62356,37.88052],[128.62077,37.87235],[128.60118,37.87071],[128.5977,37.86596],[128.58802,37.86203],[128.58036,37.828],[128.5855,37.81854],[128.59996,37.80882],[128.59815,37.80438],[128.60094,37.80174],[128.60141,37.78133],[128.59879,37.7745],[128.60167,37.76993],[128.6104,37.76621],[128.61403,37.77054],[128.62562,37.77055],[128.63898,37.78244],[128.65039,37.77379],[128.67085,37.76688],[128.67926,37.7729],[128.68485,37.77305],[128.69097,37.76972],[128.69837,37.77133],[128.7089,37.76805],[128.71358,37.76253],[128.73504,37.78192],[128.78469,37.79885],[128.79161,37.81679],[128.78983,37.8253],[128.8009,37.83149],[128.80698,37.83925],[128.81982,37.84387],[128.8348,37.84275],[128.86319,37.85177],[128.84902,37.86405],[128.84825,37.86883],[128.83678,37.87675],[128.82988,37.87496],[128.83363,37.87078],[128.82468,37.86289],[128.81336,37.86691],[128.78748,37.85836],[128.78141,37.85838],[128.76509,37.86932],[128.73069,37.86652],[128.72532,37.87169],[128.71424,37.87073],[128.70553,37.87387],[128.69444,37.86999],[128.67832,37.87215],[128.66323,37.86741],[128.66128,37.87321],[128.66708,37.88204],[128.66671,37.88671],[128.65976,37.89177]]],[[[128.85158,37.67648],[128.84606,37.68337],[128.85382,37.69423],[128.85083,37.71069],[128.84783,37.71485],[128.83888,37.71698],[128.83696,37.72095],[128.83819,37.72569],[128.8586,37.73772],[128.86009,37.74475],[128.85392,37.74647],[128.85925,37.75845],[128.85065,37.76414],[128.83876,37.78742],[128.828,37.78861],[128.81981,37.78398],[128.81394,37.76653],[128.81043,37.76434],[128.80491,37.76338],[128.80262,37.7662],[128.79742,37.76404],[128.79106,37.77035],[128.76802,37.76878],[128.76239,37.76523],[128.75929,37.7529],[128.75277,37.75021],[128.74949,37.74275],[128.7438,37.74143],[128.74403,37.72879],[128.74848,37.71995],[128.74783,37.7141],[128.75318,37.71071],[128.76503,37.67292],[128.75247,37.66978],[128.74576,37.66503],[128.74367,37.65883],[128.73347,37.6549],[128.73377,37.64684],[128.7287,37.6368],[128.73583,37.6287],[128.73656,37.60975],[128.72449,37.61037],[128.71665,37.60427],[128.71635,37.59338],[128.71207,37.58864],[128.69892,37.59352],[128.68396,37.59385],[128.67888,37.56706],[128.68358,37.56341],[128.6835,37.55715],[128.69405,37.54125],[128.7071,37.53219],[128.71978,37.52871],[128.72289,37.53489],[128.73765,37.54751],[128.74869,37.5469],[128.76201,37.5415],[128.78093,37.54349],[128.7921,37.53824],[128.79762,37.51845],[128.81169,37.50993],[128.81375,37.5033],[128.83396,37.51314],[128.84042,37.51203],[128.84908,37.51555],[128.84815,37.52144],[128.85425,37.5242],[128.85359,37.5293],[128.85958,37.54093],[128.86203,37.55363],[128.85879,37.56122],[128.86255,37.56465],[128.86379,37.57522],[128.87354,37.58967],[128.87771,37.58849],[128.88448,37.59292],[128.88555,37.59956],[128.89652,37.61332],[128.90463,37.61725],[128.88725,37.63068],[128.89538,37.64242],[128.89348,37.65521],[128.88247,37.65975],[128.86916,37.67299],[128.86173,37.67175],[128.85158,37.67648]]]]}},{"type":"Feature","properties":{"name":"아산","parents":["경기도","충청남도","인천경기남부앞바다중남부앞평수구역","당진평수구역"]},"geometry":{"type":"MultiPolygon","coordinates":[[[[127.04853,36.70153],[127.05849,36.70835],[127.07928,36.71011],[127.07996,36.71834],[127.08469,36.72236],[127.08045,36.73037],[127.0874,36.74014],[127.08653,36.74926],[127.09611,36.75144],[127.09839,36.75563],[127.09213,36.75927],[127.10857,36.75905],[127.11933,36.76649],[127.11908,36.77636],[127.11264,36.78272],[127.11104,36.79728],[127.10672,36.79698],[127.10542,36.79976],[127.09973,36.79273],[127.09438,36.79584],[127.09853,36.81054],[127.09659,36.81496],[127.10204,36.82438],[127.10087,36.83165],[127.10562,36.83649],[127.09816,36.84017],[127.11049,36.85498],[127.10457,36.86107],[127.08742,36.86186],[127.0876,36.87465],[127.09104,36.88226],[127.08754,36.88977],[127.09174,36.89431],[127.08464,36.9034],[127.09408,36.91111],[127.0875,36.92427],[127.07371,36.93992],[127.06549,36.94193],[127.03345,36.92873],[127.0258,36.92875],[127.01502,36.93542],[126.99518,36.93536],[126.97375,36.92586],[126.93963,36.91733],[126.91674,36.90621],[126.90961,36.90159],[126.91126,36.89287],[126.90589,36.88869],[126.88155,36.88632],[126.86341,36.88015],[126.84492,36.88434],[126.83655,36.84231],[126.83691,36.83123],[126.84826,36.81691],[126.85906,36.79404],[126.85649,36.78944],[126.8398,36.78838],[126.83331,36.78373],[126.82956,36.77141],[126.8321,36.77016],[126.83218,36.76215],[126.83798,36.76063],[126.83842,36.75353],[126.84723,36.75325],[126.85004,36.74906],[126.85898,36.74704],[126.85678,36.7441],[126.86681,36.72945],[126.87497,36.72818],[126.88663,36.73144],[126.89207,36.72448],[126.89872,36.72301],[126.90543,36.70959],[126.90219,36.70227],[126.91329,36.70387],[126.92199,36.70075],[126.92839,36.70454],[126.94122,36.70145],[126.94998,36.70377],[126.95472,36.6989],[126.96954,36.69397],[126.97234,36.69086],[126.96782,36.68659],[126.96881,36.67396],[126.97861,36.66091],[126.9781,36.65363],[126.98945,36.64872],[127.00621,36.65287],[127.01542,36.66646],[127.01565,36.67243],[127.0266,36.68664],[127.04853,36.70153]]]]}},{"type":"Feature","properties":{"name":"무안남부","parents":["무안","전라남도"]},"geometry":{"type":"MultiPolygon","coordinates":[[[[126.55265,34.85444],[126.557,34.86905],[126.54664,34.88554],[126.51331,34.92078],[126.51468,34.92576],[126.52481,34.9287],[126.53572,34.91801],[126.54241,34.91992],[126.54163,34.92721],[126.53128,34.94082],[126.52916,34.94964],[126.54118,34.97503],[126.52495,34.98334],[126.51818,34.98348],[126.508,34.97706],[126.51565,34.97166],[126.51436,34.96829],[126.50536,34.96863],[126.49066,34.95799],[126.48492,34.96321],[126.47551,34.96434],[126.46431,34.94687],[126.46144,34.93299],[126.46342,34.92586],[126.4603,34.92296],[126.45369,34.92516],[126.44788,34.92279],[126.46219,34.90121],[126.46446,34.8956],[126.46258,34.89003],[126.46575,34.88576],[126.46102,34.87776],[126.4536,34.87572],[126.45273,34.8706],[126.46331,34.85776],[126.47237,34.86064],[126.47754,34.85796],[126.48039,34.85398],[126.47824,34.84996],[126.48604,34.84536],[126.48749,34.84038],[126.49651,34.83648],[126.49543,34.82279],[126.48371,34.81577],[126.48319,34.81063],[126.46342,34.79222],[126.4924,34.77013],[126.50565,34.76857],[126.51336,34.77262],[126.52042,34.78808],[126.5189,34.7945],[126.54367,34.81413],[126.55265,34.85444]]]]}},{"type":"Feature","properties":{"name":"당진","parents":["충청남도","인천경기남부앞바다중남부앞평수구역","태안서산북쪽평수구역","당진평수구역"]},"geometry":{"type":"MultiPolygon","coordinates":[[[[126.41231,37.05321],[126.41129,37.05335],[126.41054,37.0521],[126.41231,37.05321]]],[[[126.4244,37.02639],[126.42198,37.02471],[126.43369,37.01991],[126.4244,37.02639]]],[[[126.41826,37.06309],[126.42229,37.05492],[126.42272,37.04311],[126.42786,37.04028],[126.43353,37.04346],[126.44995,37.04402],[126.44959,37.04928],[126.44576,37.04947],[126.45007,37.05446],[126.44375,37.06174],[126.44043,37.06237],[126.43868,37.05758],[126.43303,37.05759],[126.42794,37.05988],[126.42911,37.06278],[126.41826,37.06309]]],[[[126.44165,37.03193],[126.43988,37.0339],[126.43711,37.03318],[126.44165,37.03193]]],[[[126.44361,37.03229],[126.44748,37.02998],[126.44819,37.03186],[126.44361,37.03229]]],[[[126.45149,37.01745],[126.45109,37.01494],[126.45444,37.01697],[126.45149,37.01745]]],[[[126.44047,37.03638],[126.45345,37.0323],[126.45722,37.03848],[126.44526,37.04026],[126.44047,37.03638]]],[[[126.46334,37.00342],[126.48083,36.97849],[126.49016,36.94303],[126.47427,36.89479],[126.47408,36.88094],[126.49841,36.87091],[126.50931,36.87065],[126.51001,36.85608],[126.51514,36.85134],[126.51031,36.84689],[126.52898,36.82594],[126.53655,36.82769],[126.55368,36.82436],[126.56663,36.82888],[126.57519,36.82531],[126.59185,36.83804],[126.59257,36.83282],[126.59988,36.82833],[126.59792,36.82038],[126.60075,36.81722],[126.61737,36.8122],[126.62651,36.81442],[126.63194,36.81231],[126.63136,36.80696],[126.64502,36.79349],[126.64986,36.77958],[126.66254,36.77011],[126.66898,36.78063],[126.69405,36.7849],[126.69745,36.79305],[126.69625,36.80052],[126.71473,36.80309],[126.72491,36.79852],[126.7339,36.78937],[126.73727,36.78048],[126.74354,36.77796],[126.74679,36.76745],[126.75912,36.76329],[126.77202,36.7508],[126.78697,36.76401],[126.79419,36.76773],[126.79895,36.76607],[126.80184,36.7689],[126.7989,36.77386],[126.80211,36.77542],[126.81039,36.77005],[126.82329,36.77612],[126.8143,36.78523],[126.8169,36.78708],[126.82335,36.78385],[126.85336,36.78863],[126.85873,36.79206],[126.8579,36.80056],[126.83691,36.83123],[126.83655,36.84231],[126.84492,36.88434],[126.8268,36.88852],[126.81675,36.89666],[126.81199,36.92555],[126.80683,36.9308],[126.80386,36.92514],[126.79218,36.93587],[126.79366,36.94074],[126.77971,36.96675],[126.78384,36.97365],[126.7748,36.97861],[126.74452,36.98659],[126.74564,36.98825],[126.74161,36.98501],[126.73949,36.98823],[126.71811,36.99236],[126.70467,36.99937],[126.70083,36.99731],[126.6949,37.00008],[126.68388,36.998],[126.6331,37.00165],[126.57947,37.02523],[126.57482,37.02375],[126.56236,37.02894],[126.55922,37.03489],[126.54195,37.03505],[126.52952,37.04249],[126.52675,37.05191],[126.51915,37.05943],[126.49833,37.06494],[126.49649,37.06026],[126.48906,37.05953],[126.46885,37.03057],[126.47107,37.0285],[126.46019,37.02005],[126.47039,37.00828],[126.46334,37.00342]]],[[[126.80606,36.94396],[126.80558,36.94159],[126.8116,36.94117],[126.80914,36.94883],[126.80617,36.94951],[126.80606,36.94396]]],[[[126.82425,36.96469],[126.82145,36.95842],[126.82914,36.94754],[126.83375,36.95137],[126.82425,36.96469]]]]}},{"type":"Feature","properties":{"name":"홍성동부","parents":["홍성","충청남도"]},"geometry":{"type":"MultiPolygon","coordinates":[[[[126.74096,36.54266],[126.73712,36.55148],[126.74834,36.55749],[126.74849,36.58049],[126.75209,36.57999],[126.77242,36.59404],[126.77079,36.61651],[126.76134,36.61788],[126.75602,36.62356],[126.75868,36.62663],[126.75758,36.63183],[126.7498,36.6353],[126.75243,36.64453],[126.74793,36.64813],[126.73615,36.64843],[126.73717,36.65856],[126.74544,36.67068],[126.73517,36.67253],[126.72445,36.66841],[126.70861,36.67248],[126.70478,36.66678],[126.70799,36.66471],[126.70408,36.66251],[126.68995,36.65956],[126.68107,36.66168],[126.65942,36.65672],[126.6495,36.64853],[126.62818,36.64955],[126.61889,36.63801],[126.62626,36.62513],[126.62663,36.61389],[126.62263,36.60784],[126.63297,36.59035],[126.63154,36.58713],[126.63581,36.57715],[126.65395,36.57448],[126.65568,36.5666],[126.66033,36.56334],[126.65421,36.55467],[126.65514,36.54111],[126.64556,36.53192],[126.63289,36.53452],[126.62638,36.54117],[126.6192,36.54198],[126.60625,36.5308],[126.61085,36.52538],[126.60599,36.51836],[126.60786,36.50987],[126.60544,36.50255],[126.61714,36.49446],[126.61468,36.48477],[126.61918,36.4795],[126.63175,36.47617],[126.63421,36.46662],[126.65279,36.46747],[126.65836,36.45973],[126.67611,36.46237],[126.7008,36.47856],[126.71821,36.48203],[126.72946,36.47958],[126.73483,36.4724],[126.74272,36.4835],[126.74685,36.48461],[126.74322,36.4901],[126.75033,36.50368],[126.75561,36.50343],[126.77039,36.51827],[126.76739,36.52248],[126.77319,36.53436],[126.76904,36.53643],[126.7591,36.52737],[126.75357,36.52841],[126.74087,36.53701],[126.74096,36.54266]]]]}},{"type":"Feature","properties":{"name":"홍성서부","parents":["홍성","충청남도","천수만평수구역"]},"geometry":{"type":"MultiPolygon","coordinates":[[[[126.42577,36.52747],[126.42644,36.5271],[126.42773,36.5283],[126.42577,36.52747]]],[[[126.43713,36.51771],[126.43666,36.51803],[126.4365,36.51786],[126.43713,36.51771]]],[[[126.44147,36.52091],[126.43673,36.52075],[126.44076,36.51525],[126.44446,36.51622],[126.44147,36.52091]]],[[[126.46342,36.55295],[126.46249,36.55033],[126.46347,36.55296],[126.46342,36.55295]]],[[[126.6112,36.50033],[126.60544,36.50255],[126.60505,36.50648],[126.60786,36.50987],[126.60599,36.51836],[126.61085,36.52538],[126.60563,36.52935],[126.60932,36.53247],[126.60946,36.53764],[126.62284,36.54201],[126.63289,36.53452],[126.64556,36.53192],[126.65514,36.54111],[126.65421,36.55467],[126.66034,36.56364],[126.65568,36.5666],[126.65395,36.57448],[126.63581,36.57715],[126.63154,36.58713],[126.63297,36.59035],[126.62207,36.61151],[126.61587,36.6174],[126.61545,36.6235],[126.60625,36.62529],[126.60221,36.61889],[126.59674,36.62151],[126.58641,36.61775],[126.58707,36.63751],[126.59583,36.65167],[126.59085,36.66174],[126.58559,36.66553],[126.58144,36.66433],[126.57961,36.65487],[126.57084,36.64864],[126.54561,36.64021],[126.53624,36.64621],[126.51836,36.63821],[126.51957,36.6354],[126.51577,36.63173],[126.51138,36.63069],[126.50566,36.63486],[126.49729,36.63127],[126.45302,36.62578],[126.45274,36.61536],[126.44067,36.60034],[126.45645,36.59523],[126.45524,36.59236],[126.4642,36.58332],[126.4674,36.56469],[126.47215,36.55909],[126.46424,36.54832],[126.46897,36.53976],[126.46694,36.53399],[126.46956,36.53898],[126.48055,36.53411],[126.48147,36.53032],[126.48413,36.53125],[126.4881,36.52651],[126.48083,36.51508],[126.48361,36.51436],[126.48328,36.51697],[126.50111,36.53177],[126.51437,36.52569],[126.51276,36.52313],[126.53087,36.51962],[126.54642,36.50824],[126.55853,36.50787],[126.55869,36.51872],[126.56169,36.51949],[126.55991,36.51468],[126.56609,36.50247],[126.59,36.50889],[126.59304,36.50671],[126.60068,36.48872],[126.59898,36.47886],[126.61528,36.48732],[126.6112,36.50033]]]]}},{"type":"Feature","properties":{"name":"거문도초도","parents":["전라남도"]},"geometry":{"type":"MultiPolygon","coordinates":[[[[127.21764,34.22307],[127.2224,34.22107],[127.22545,34.22336],[127.21764,34.22307]]],[[[127.25734,34.26419],[127.25457,34.26006],[127.25793,34.25862],[127.26156,34.26122],[127.25734,34.26419]]],[[[127.25872,34.24384],[127.26235,34.24468],[127.25859,34.2507],[127.25331,34.25104],[127.24471,34.24689],[127.24153,34.23639],[127.23324,34.23668],[127.22783,34.21777],[127.22491,34.21613],[127.22633,34.21323],[127.22889,34.21601],[127.23888,34.21536],[127.24132,34.21937],[127.24585,34.21403],[127.25652,34.21112],[127.25964,34.21316],[127.25794,34.21929],[127.24966,34.22127],[127.25141,34.22389],[127.26146,34.22458],[127.26125,34.23082],[127.25806,34.23353],[127.25878,34.23838],[127.26301,34.23832],[127.25872,34.24384]]],[[[127.26366,34.23338],[127.26579,34.2321],[127.26621,34.23258],[127.26366,34.23338]]],[[[127.26862,34.23816],[127.26742,34.23864],[127.27124,34.23782],[127.26862,34.23816]]],[[[127.26942,34.23698],[127.26987,34.2367],[127.2698,34.23711],[127.26942,34.23698]]],[[[127.27649,34.27883],[127.27512,34.27879],[127.27669,34.27869],[127.27649,34.27883]]],[[[127.28162,34.28022],[127.27774,34.28076],[127.27805,34.27922],[127.28162,34.28022]]],[[[127.27809,34.27468],[127.2677,34.27309],[127.26984,34.27094],[127.28332,34.27414],[127.27809,34.27468]]],[[[127.28999,34.02231],[127.29037,34.02266],[127.28973,34.02276],[127.28999,34.02231]]],[[[127.29503,34.3004],[127.2937,34.30006],[127.29414,34.29962],[127.29503,34.3004]]],[[[127.29609,34.29977],[127.29551,34.29999],[127.29505,34.29973],[127.29609,34.29977]]],[[[127.29466,34.01426],[127.30353,34.01193],[127.31685,34.01355],[127.32312,34.00698],[127.32529,34.01257],[127.32312,34.01606],[127.31554,34.01409],[127.30502,34.01871],[127.30707,34.02151],[127.30489,34.02886],[127.29757,34.03133],[127.2974,34.03816],[127.29425,34.03963],[127.29378,34.05185],[127.29912,34.057],[127.29303,34.06339],[127.29479,34.0554],[127.28625,34.05872],[127.28638,34.05634],[127.28294,34.05462],[127.2802,34.05769],[127.27522,34.05276],[127.28238,34.05088],[127.27947,34.04847],[127.28097,34.03552],[127.28845,34.03375],[127.29637,34.01804],[127.29466,34.01426]]],[[[127.31575,34.05875],[127.30861,34.05837],[127.3076,34.06241],[127.30255,34.05788],[127.30951,34.05297],[127.31338,34.04023],[127.3317,34.03408],[127.33461,34.0367],[127.32425,34.04586],[127.32628,34.05488],[127.32351,34.05872],[127.31764,34.05615],[127.31575,34.05875]]],[[[127.3102,34.03011],[127.31023,34.02484],[127.32429,34.02522],[127.3102,34.03011]]]]}},{"type":"Feature","properties":{"name":"서귀포시(산지제외)","parents":["제주도","제주도동부앞바다중남동연안바다","제주도서부앞바다중가파도연안바다","제주도서부앞바다중남서연안바다","제주도남부앞바다중연안바다"]},"geometry":{"type":"MultiPolygon","coordinates":[[[[126.17207,33.28553],[126.16828,33.28249],[126.16953,33.27646],[126.17889,33.26796],[126.18225,33.25988],[126.20202,33.24556],[126.21255,33.24173],[126.21931,33.24292],[126.23373,33.23478],[126.2404,33.22382],[126.25654,33.20945],[126.26323,33.20942],[126.26461,33.20518],[126.26102,33.19979],[126.27215,33.19407],[126.28489,33.20052],[126.28998,33.19515],[126.2938,33.19707],[126.29064,33.2037],[126.2979,33.22259],[126.32773,33.24079],[126.33376,33.23914],[126.33545,33.23481],[126.35767,33.23672],[126.36179,33.23598],[126.36503,33.22985],[126.37308,33.22948],[126.37678,33.23199],[126.37557,33.23402],[126.37917,33.2311],[126.3796,33.23397],[126.3843,33.23238],[126.40858,33.24455],[126.41813,33.24362],[126.42408,33.23697],[126.43406,33.2337],[126.44993,33.24111],[126.46006,33.23936],[126.46309,33.23146],[126.47126,33.22376],[126.49695,33.23205],[126.50862,33.22973],[126.5224,33.24001],[126.5339,33.23884],[126.54037,33.24165],[126.54346,33.23864],[126.55084,33.24127],[126.56426,33.23468],[126.55925,33.24099],[126.5656,33.23762],[126.56882,33.243],[126.57783,33.24484],[126.59198,33.24082],[126.59946,33.23427],[126.60513,33.23867],[126.61824,33.24129],[126.61977,33.24971],[126.6402,33.25701],[126.64391,33.26694],[126.65825,33.26856],[126.65819,33.27388],[126.66236,33.27397],[126.66119,33.27118],[126.66413,33.2698],[126.67108,33.27107],[126.67398,33.26779],[126.67844,33.27066],[126.6995,33.2707],[126.72588,33.27935],[126.73152,33.27853],[126.73329,33.28161],[126.73984,33.27745],[126.74538,33.2784],[126.75129,33.28667],[126.76554,33.29335],[126.7664,33.29785],[126.77313,33.30051],[126.77781,33.30675],[126.80776,33.30182],[126.8162,33.30764],[126.82993,33.30633],[126.84856,33.32141],[126.84974,33.32575],[126.8448,33.3255],[126.84405,33.33284],[126.85658,33.33806],[126.85975,33.34701],[126.86846,33.35343],[126.86969,33.36177],[126.86743,33.3638],[126.87369,33.36813],[126.88181,33.3826],[126.90487,33.39012],[126.90783,33.39779],[126.90303,33.40268],[126.91131,33.41005],[126.9114,33.41915],[126.91718,33.42639],[126.91632,33.43317],[126.92389,33.43428],[126.92555,33.42986],[126.92256,33.42656],[126.92938,33.42259],[126.9365,33.42917],[126.92577,33.43509],[126.92314,33.44983],[126.9344,33.4608],[126.94396,33.45521],[126.94535,33.4596],[126.93939,33.46168],[126.93563,33.47349],[126.92888,33.47352],[126.92782,33.46869],[126.93149,33.46556],[126.92712,33.4606],[126.9282,33.45781],[126.92328,33.45553],[126.92079,33.4647],[126.925,33.47214],[126.92045,33.46942],[126.9116,33.47391],[126.90954,33.47981],[126.90495,33.47902],[126.89802,33.48308],[126.88794,33.47882],[126.88452,33.48067],[126.86624,33.46858],[126.82394,33.45302],[126.82212,33.44671],[126.81821,33.44783],[126.81799,33.44197],[126.82186,33.44116],[126.82381,33.43468],[126.81607,33.43466],[126.80932,33.42248],[126.7919,33.42408],[126.78321,33.41595],[126.7687,33.4143],[126.76776,33.40618],[126.78228,33.40215],[126.78616,33.39648],[126.7707,33.38915],[126.76878,33.38346],[126.75525,33.38019],[126.7543,33.37532],[126.7485,33.37287],[126.75143,33.36477],[126.74176,33.36312],[126.73595,33.36555],[126.73113,33.35986],[126.73309,33.35337],[126.72536,33.35173],[126.72152,33.34279],[126.67904,33.32727],[126.66654,33.30858],[126.65397,33.30935],[126.63854,33.30282],[126.63177,33.3028],[126.62789,33.30766],[126.61532,33.30762],[126.61341,33.30437],[126.5989,33.30594],[126.59893,33.30026],[126.59217,33.29943],[126.58741,33.28318],[126.57196,33.28313],[126.56619,33.27662],[126.53723,33.27246],[126.52087,33.26185],[126.50059,33.26096],[126.49959,33.26744],[126.48509,33.2682],[126.48217,33.27224],[126.47347,33.27302],[126.46381,33.27297],[126.46095,33.26728],[126.45322,33.26725],[126.4503,33.27129],[126.42905,33.27039],[126.4271,33.27362],[126.42227,33.2736],[126.42036,33.27035],[126.40778,33.27272],[126.39815,33.26862],[126.39138,33.2694],[126.38171,33.27178],[126.37392,33.27986],[126.35171,33.27893],[126.33518,33.29264],[126.32745,33.29341],[126.32644,33.29908],[126.31775,33.29822],[126.30606,33.30952],[126.29443,33.31432],[126.27909,33.29954],[126.24455,33.2885],[126.24465,33.27297],[126.22979,33.28467],[126.19201,33.29835],[126.19169,33.29367],[126.17465,33.29072],[126.17048,33.28757],[126.17207,33.28553]],[[126.3095,33.24138],[126.31236,33.24545],[126.31719,33.24548],[126.31434,33.23897],[126.3095,33.24138]],[[126.31398,33.28522],[126.31492,33.28928],[126.31975,33.28931],[126.31786,33.28362],[126.31398,33.28522]],[[126.37118,33.25793],[126.37506,33.25633],[126.37508,33.25309],[126.36447,33.25141],[126.36444,33.25547],[126.37118,33.25793]],[[126.6009,33.29215],[126.59894,33.29702],[126.60184,33.29784],[126.6009,33.29215]],[[126.60094,33.28404],[126.60189,33.28648],[126.60576,33.28568],[126.60481,33.28243],[126.60094,33.28404]],[[126.79292,33.40298],[126.79387,33.40785],[126.80065,33.40867],[126.80066,33.40299],[126.79292,33.40298]]],[[[126.26475,33.11796],[126.26632,33.11293],[126.26944,33.11332],[126.26894,33.12416],[126.26475,33.11796]]],[[[126.27076,33.17629],[126.26242,33.16861],[126.27234,33.16187],[126.27228,33.16524],[126.27976,33.16746],[126.27076,33.17629]]],[[[126.29438,33.31683],[126.29397,33.31513],[126.29442,33.31514],[126.29438,33.31683]]],[[[126.30164,33.32329],[126.30112,33.32329],[126.30112,33.32302],[126.30164,33.32329]]],[[[126.30321,33.32411],[126.30401,33.32412],[126.30401,33.32508],[126.30321,33.32411]]],[[[126.30828,33.32576],[126.3069,33.32629],[126.3069,33.32575],[126.30828,33.32576]]],[[[126.31462,33.32697],[126.31151,33.32659],[126.31463,33.32661],[126.31462,33.32697]]],[[[126.31394,33.20816],[126.31446,33.20778],[126.31432,33.20838],[126.31394,33.20816]]],[[[126.35705,33.34105],[126.35125,33.3406],[126.35705,33.34063],[126.35705,33.34105]]],[[[126.37249,33.34526],[126.37171,33.34476],[126.37249,33.34477],[126.37249,33.34526]]],[[[126.3748,33.3464],[126.37441,33.3464],[126.37442,33.34613],[126.3748,33.3464]]],[[[126.38768,33.34531],[126.38698,33.34484],[126.38883,33.34485],[126.38768,33.34531]]],[[[126.51565,33.2203],[126.51565,33.21601],[126.51837,33.21607],[126.51565,33.2203]]],[[[126.5637,33.22762],[126.56444,33.22533],[126.56839,33.22518],[126.5637,33.22762]]],[[[126.59663,33.2312],[126.59645,33.2288],[126.60255,33.22989],[126.59663,33.2312]]],[[[126.65915,33.22588],[126.65262,33.22636],[126.65219,33.22362],[126.65915,33.22588]]],[[[126.65749,33.39943],[126.65749,33.39979],[126.65652,33.39943],[126.65749,33.39943]]],[[[126.67027,33.40109],[126.67006,33.40109],[126.67006,33.40093],[126.67027,33.40109]]],[[[126.67541,33.40435],[126.67488,33.40435],[126.67488,33.40402],[126.67541,33.40435]]],[[[126.68221,33.40924],[126.68164,33.40924],[126.68164,33.40898],[126.68221,33.40924]]],[[[126.68467,33.41087],[126.68453,33.41087],[126.68453,33.41075],[126.68467,33.41087]]],[[[126.6855,33.41087],[126.6855,33.41159],[126.68467,33.41087],[126.6855,33.41087]]],[[[126.6856,33.41168],[126.6855,33.41168],[126.6855,33.41159],[126.6856,33.41168]]],[[[126.7261,33.42436],[126.72381,33.42394],[126.7261,33.42395],[126.7261,33.42436]]],[[[126.74595,33.41993],[126.74171,33.42025],[126.74159,33.41993],[126.74595,33.41993]]],[[[126.75127,33.4196],[126.74934,33.41913],[126.75127,33.41913],[126.75127,33.4196]]],[[[126.76432,33.4231],[126.76384,33.42322],[126.76384,33.42291],[126.76432,33.4231]]],[[[126.77558,33.43054],[126.77543,33.43054],[126.77543,33.4304],[126.77558,33.43054]]],[[[126.7851,33.43624],[126.7851,33.43694],[126.78447,33.43624],[126.7851,33.43624]]],[[[126.78799,33.44111],[126.78799,33.44096],[126.78821,33.44111],[126.78799,33.44111]]],[[[126.80057,33.44004],[126.79767,33.4395],[126.80057,33.43951],[126.80057,33.44004]]]]}},{"type":"Feature","properties":{"name":"군산(옥도면제외)","parents":["군산","충청남도","전북자치도","전북북부앞바다중평수구역"]},"geometry":{"type":"MultiPolygon","coordinates":[[[[126.49142,35.97853],[126.51602,35.9969],[126.49099,35.97861],[126.49142,35.97853]]],[[[126.61782,35.8878],[126.6675,35.88359],[126.67455,35.88915],[126.67649,35.86986],[126.75717,35.87954],[126.76826,35.87596],[126.7904,35.87778],[126.79035,35.89572],[126.82621,35.90585],[126.8432,35.91767],[126.85964,35.91749],[126.87866,35.93449],[126.883,35.94799],[126.89367,35.95513],[126.88571,35.9596],[126.90099,35.97214],[126.90229,35.97837],[126.91018,35.98199],[126.90821,35.98705],[126.91317,35.99088],[126.91495,36.00429],[126.90113,36.00786],[126.88419,36.02598],[126.87055,36.03283],[126.8743,36.04307],[126.86854,36.04586],[126.86505,36.06071],[126.8211,36.04992],[126.80582,36.03436],[126.74805,36.02575],[126.74156,36.01194],[126.75593,36.01054],[126.75157,35.99841],[126.74367,35.98889],[126.72934,35.98525],[126.72711,35.98166],[126.72859,35.98558],[126.70601,35.99471],[126.68285,35.98408],[126.65846,35.98376],[126.64096,35.97888],[126.62689,35.97873],[126.62438,35.97101],[126.6183,35.9707],[126.61724,35.97746],[126.52584,35.97363],[126.52592,35.96649],[126.52332,35.9663],[126.52225,35.97307],[126.51823,35.97244],[126.52129,35.97222],[126.52182,35.94804],[126.53008,35.94274],[126.52497,35.93774],[126.52595,35.93412],[126.52923,35.93841],[126.53267,35.9374],[126.51449,35.89106],[126.5172,35.89125],[126.53444,35.93402],[126.54001,35.93255],[126.53936,35.92475],[126.54492,35.9225],[126.54176,35.91681],[126.56361,35.90867],[126.56632,35.90411],[126.58827,35.90272],[126.58804,35.94781],[126.59356,35.94835],[126.61605,35.94252],[126.61748,35.93988],[126.6117,35.92901],[126.61058,35.91657],[126.61479,35.89118],[126.61236,35.88628],[126.61782,35.8878]]],[[[126.70025,35.99335],[126.70112,35.99562],[126.65794,35.99054],[126.65586,35.9873],[126.68427,35.98604],[126.70025,35.99335]]]]}},{"type":"Feature","properties":{"name":"보성","parents":["전라남도","전남동부남해앞바다중서부평수구역","전남동부남해앞바다중동부평수구역"]},"geometry":{"type":"MultiPolygon","coordinates":[[[[127.16617,34.69115],[127.18707,34.69442],[127.19046,34.70363],[127.1993,34.70469],[127.19824,34.71053],[127.20591,34.71865],[127.21133,34.73262],[127.20899,34.73759],[127.22931,34.75759],[127.24071,34.75981],[127.23998,34.7704],[127.24737,34.77813],[127.2485,34.78971],[127.26626,34.78653],[127.28035,34.79461],[127.29121,34.81071],[127.31862,34.81081],[127.32766,34.8223],[127.34298,34.82772],[127.35256,34.82538],[127.35739,34.81627],[127.36286,34.81714],[127.37181,34.80753],[127.38388,34.80267],[127.38596,34.79236],[127.39746,34.7893],[127.39515,34.79672],[127.40655,34.80264],[127.4128,34.80257],[127.41798,34.80937],[127.42725,34.81125],[127.42645,34.81551],[127.41817,34.81251],[127.40018,34.81708],[127.39205,34.81455],[127.383,34.82673],[127.35418,34.83691],[127.35352,34.83944],[127.36775,34.83516],[127.38031,34.83691],[127.39757,34.82516],[127.418,34.82896],[127.41591,34.8343],[127.40556,34.84204],[127.39942,34.8442],[127.39203,34.83979],[127.37875,34.84453],[127.37898,34.85243],[127.36727,34.8624],[127.36678,34.86768],[127.35803,34.86435],[127.33894,34.86818],[127.34035,34.87763],[127.33586,34.88983],[127.32482,34.88252],[127.32365,34.8874],[127.30651,34.90304],[127.30254,34.90038],[127.29193,34.90169],[127.27389,34.89007],[127.2649,34.88935],[127.26261,34.89214],[127.2583,34.88586],[127.2532,34.88417],[127.22915,34.89548],[127.22637,34.89795],[127.22938,34.90924],[127.23466,34.92009],[127.24044,34.92113],[127.23232,34.93644],[127.2238,34.93991],[127.22479,34.9472],[127.22124,34.9554],[127.21093,34.95917],[127.20369,34.96746],[127.20901,34.97142],[127.19821,34.98752],[127.18876,34.98098],[127.19111,34.97112],[127.18905,34.96786],[127.1835,34.96914],[127.17588,34.97787],[127.17227,34.97304],[127.15371,34.96523],[127.14061,34.96406],[127.12786,34.96846],[127.12231,34.96057],[127.11457,34.9575],[127.11693,34.95172],[127.10942,34.94436],[127.09669,34.93631],[127.08985,34.93559],[127.08699,34.92791],[127.08239,34.92593],[127.08015,34.91473],[127.08223,34.9093],[127.08023,34.90443],[127.08552,34.89603],[127.08203,34.89254],[127.08885,34.88501],[127.0866,34.88302],[127.08973,34.87317],[127.06583,34.86368],[127.06072,34.84695],[127.03337,34.83661],[127.0307,34.83271],[127.03135,34.82365],[127.02182,34.82234],[127.02204,34.80993],[127.01611,34.7869],[127.02447,34.77578],[127.02375,34.77308],[127.0132,34.77152],[127.01274,34.76364],[127.01541,34.76251],[127.0143,34.75442],[127.02045,34.74846],[127.01322,34.73445],[127.00865,34.73483],[126.99297,34.72405],[126.98187,34.71085],[126.97505,34.71109],[126.97184,34.70805],[126.97397,34.69736],[126.98048,34.68929],[126.97851,34.68467],[127.00258,34.67987],[127.02105,34.68058],[127.02903,34.66993],[127.03022,34.66243],[127.04202,34.65418],[127.04618,34.64447],[127.04614,34.63497],[127.06413,34.65211],[127.06176,34.6561],[127.06439,34.66045],[127.08299,34.66515],[127.08622,34.66967],[127.09536,34.66962],[127.1008,34.6759],[127.10682,34.67678],[127.11413,34.69427],[127.12417,34.70145],[127.1353,34.70164],[127.14184,34.69366],[127.16617,34.69115]]],[[[127.4152,34.78649],[127.41787,34.78177],[127.42437,34.77922],[127.42931,34.78191],[127.4152,34.78649]]],[[[127.43198,34.77738],[127.43511,34.77454],[127.43663,34.77651],[127.43198,34.77738]]],[[[127.4392,34.81128],[127.43837,34.80884],[127.44367,34.80677],[127.44406,34.81034],[127.4392,34.81128]]],[[[127.44976,34.79722],[127.44922,34.78808],[127.44337,34.78374],[127.44425,34.78104],[127.4392,34.78051],[127.45291,34.77882],[127.45456,34.79032],[127.4585,34.79004],[127.45867,34.78666],[127.46128,34.78648],[127.45853,34.79011],[127.46218,34.79112],[127.46563,34.78593],[127.46819,34.78744],[127.46455,34.79149],[127.46949,34.79359],[127.46494,34.80406],[127.46025,34.80223],[127.46113,34.79333],[127.45575,34.79437],[127.45474,34.79214],[127.44976,34.79722]]],[[[127.47609,34.792],[127.4728,34.79366],[127.47321,34.79135],[127.47609,34.792]]]]}},{"type":"Feature","properties":{"name":"광양","parents":["전라남도","경상남도","전남동부남해앞바다중동부평수구역"]},"geometry":{"type":"MultiPolygon","coordinates":[[[[127.59547,34.91577],[127.59064,34.91874],[127.58721,34.91523],[127.59099,34.90107],[127.58824,34.89944],[127.59527,34.89231],[127.59995,34.89866],[127.61236,34.89392],[127.59547,34.91577]]],[[[127.67099,34.90309],[127.66299,34.91086],[127.67232,34.93149],[127.68161,34.92977],[127.69586,34.91895],[127.70111,34.9319],[127.71004,34.93563],[127.72838,34.95333],[127.7515,34.96194],[127.75356,34.95774],[127.73977,34.94887],[127.74473,34.93453],[127.76854,34.93379],[127.7683,34.95392],[127.76207,34.96016],[127.75396,34.95782],[127.75235,34.96199],[127.76403,34.97672],[127.78004,34.98919],[127.78682,35.01021],[127.78626,35.01761],[127.77163,35.03372],[127.76966,35.04645],[127.76345,35.05483],[127.74326,35.06096],[127.73635,35.0736],[127.71612,35.08347],[127.69726,35.10178],[127.69463,35.125],[127.68868,35.13517],[127.65934,35.15896],[127.64837,35.16039],[127.6375,35.17313],[127.62398,35.18269],[127.61072,35.16475],[127.60423,35.1497],[127.60661,35.13893],[127.60407,35.11854],[127.59483,35.12213],[127.58382,35.11903],[127.56376,35.10828],[127.56385,35.10209],[127.55929,35.09547],[127.55232,35.09469],[127.53386,35.10579],[127.52904,35.09481],[127.5319,35.0841],[127.5273,35.07863],[127.52603,35.06631],[127.53677,35.0501],[127.5575,35.03559],[127.55639,35.02976],[127.56064,35.02494],[127.55807,35.01565],[127.5678,35.00155],[127.55823,34.99787],[127.55222,34.99091],[127.54995,34.98588],[127.55746,34.97804],[127.5462,34.97129],[127.54935,34.9652],[127.54756,34.96013],[127.55868,34.95337],[127.55728,34.94783],[127.56622,34.94127],[127.57802,34.94105],[127.57683,34.91993],[127.5991,34.92623],[127.60769,34.92245],[127.6215,34.90247],[127.6342,34.90735],[127.65464,34.90796],[127.62436,34.90218],[127.63932,34.88379],[127.67099,34.90309]]],[[[127.67025,34.90768],[127.67318,34.90441],[127.69343,34.91677],[127.68019,34.92874],[127.6724,34.93012],[127.66373,34.91397],[127.67025,34.90768]]],[[[127.76521,34.93167],[127.73757,34.93222],[127.7354,34.93493],[127.73984,34.94579],[127.73078,34.95188],[127.71514,34.93793],[127.71484,34.93258],[127.70548,34.93044],[127.70435,34.91275],[127.762,34.90199],[127.76191,34.89293],[127.77617,34.88655],[127.78424,34.88653],[127.78449,34.91552],[127.76521,34.93167]]]]}},{"type":"Feature","properties":{"name":"인천남부","parents":["인천","경기도","인천경기남부앞바다중북부앞평수구역"]},"geometry":{"type":"MultiPolygon","coordinates":[[[[126.63255,37.42999],[126.63599,37.42559],[126.63463,37.41807],[126.63281,37.42691],[126.62292,37.4274],[126.60806,37.42684],[126.60107,37.41972],[126.58966,37.42654],[126.58969,37.4194],[126.60973,37.41623],[126.60991,37.38714],[126.61626,37.37938],[126.65444,37.3559],[126.65186,37.35323],[126.58291,37.35484],[126.58295,37.3472],[126.59626,37.34725],[126.59104,37.33941],[126.58067,37.33925],[126.59399,37.3373],[126.59497,37.34332],[126.65458,37.3432],[126.66306,37.34601],[126.65972,37.34842],[126.66777,37.3528],[126.67633,37.35281],[126.69773,37.37645],[126.69524,37.38278],[126.68398,37.38463],[126.68524,37.3867],[126.72127,37.38247],[126.74441,37.40189],[126.74327,37.40523],[126.74916,37.40811],[126.75504,37.41795],[126.75325,37.4227],[126.76921,37.42751],[126.7712,37.43648],[126.76749,37.44341],[126.77374,37.45052],[126.77902,37.45102],[126.77943,37.4683],[126.77711,37.47222],[126.77196,37.47231],[126.74625,37.46444],[126.7389,37.47097],[126.72196,37.47011],[126.71184,37.4774],[126.70764,37.47058],[126.69825,37.46883],[126.67435,37.47561],[126.64076,37.49577],[126.61618,37.48977],[126.60985,37.4874],[126.61167,37.48349],[126.6201,37.48642],[126.61683,37.48353],[126.60511,37.48012],[126.60981,37.48293],[126.60809,37.4868],[126.60282,37.48433],[126.59545,37.46973],[126.60635,37.46644],[126.60992,37.46915],[126.60698,37.47563],[126.61241,37.47716],[126.61563,37.47022],[126.62505,37.46656],[126.61423,37.46656],[126.62674,37.46171],[126.62031,37.46251],[126.62515,37.45912],[126.61216,37.46236],[126.60334,37.46007],[126.60476,37.46474],[126.5957,37.46425],[126.59572,37.45804],[126.60208,37.46029],[126.60322,37.45674],[126.5934,37.45485],[126.59682,37.44947],[126.59303,37.44877],[126.59301,37.44187],[126.59427,37.43831],[126.60105,37.43834],[126.61092,37.4543],[126.61385,37.4531],[126.61062,37.44796],[126.61867,37.44469],[126.61666,37.44159],[126.60994,37.44433],[126.60785,37.44106],[126.61418,37.4374],[126.6102,37.43011],[126.63255,37.42999]],[[126.66283,37.35085],[126.65892,37.34891],[126.65214,37.35305],[126.65479,37.35578],[126.66283,37.35085]]]]}},{"type":"Feature","properties":{"name":"순천","parents":["전라남도","전남동부남해앞바다중동부평수구역"]},"geometry":{"type":"MultiPolygon","coordinates":[[[[127.49,34.86617],[127.49,34.87392],[127.49267,34.87555],[127.51777,34.87423],[127.52238,34.85006],[127.53268,34.84148],[127.53978,34.84155],[127.55105,34.85609],[127.55067,34.86394],[127.54131,34.86783],[127.53549,34.87808],[127.53844,34.88289],[127.54762,34.88878],[127.58198,34.88517],[127.59527,34.89231],[127.58824,34.89944],[127.59099,34.90107],[127.58721,34.91523],[127.58977,34.91688],[127.58007,34.9188],[127.57922,34.91648],[127.57838,34.91875],[127.57802,34.94105],[127.57485,34.94295],[127.56901,34.94017],[127.56293,34.9467],[127.55756,34.94635],[127.55868,34.95337],[127.54794,34.95874],[127.55057,34.96548],[127.5462,34.97129],[127.55746,34.97804],[127.54995,34.98588],[127.55944,34.99866],[127.5678,35.00155],[127.56741,35.0039],[127.56035,35.0095],[127.55807,35.01565],[127.56064,35.02494],[127.55639,35.02976],[127.5575,35.03559],[127.53677,35.0501],[127.528,35.05997],[127.52564,35.07307],[127.53185,35.08378],[127.52904,35.09481],[127.53331,35.10535],[127.5319,35.1125],[127.52104,35.11894],[127.5187,35.12583],[127.50322,35.12439],[127.49612,35.12762],[127.49805,35.13355],[127.48133,35.15222],[127.46675,35.16116],[127.44537,35.16867],[127.43547,35.17851],[127.41508,35.18912],[127.40956,35.18814],[127.40678,35.17986],[127.41155,35.16864],[127.40944,35.14518],[127.40012,35.13868],[127.40178,35.13564],[127.39417,35.12766],[127.38615,35.12623],[127.37594,35.10098],[127.35899,35.09645],[127.34464,35.09837],[127.33708,35.0925],[127.33604,35.07835],[127.32256,35.06946],[127.30995,35.07636],[127.30046,35.07622],[127.29859,35.08174],[127.29219,35.08647],[127.28224,35.08484],[127.2808,35.08991],[127.26144,35.08201],[127.26005,35.09692],[127.24679,35.11024],[127.24576,35.10187],[127.24115,35.10211],[127.24169,35.10811],[127.23509,35.11031],[127.23222,35.11539],[127.2195,35.11845],[127.21968,35.12876],[127.21384,35.13284],[127.20417,35.12901],[127.19784,35.13166],[127.1922,35.13007],[127.18746,35.12327],[127.19049,35.11024],[127.18169,35.09497],[127.18585,35.09225],[127.18565,35.06919],[127.1914,35.06563],[127.18388,35.04871],[127.18768,35.01237],[127.17751,35.00569],[127.1749,34.98863],[127.17923,34.98509],[127.17484,34.97812],[127.1835,34.96914],[127.18905,34.96786],[127.19111,34.97112],[127.18876,34.98098],[127.19821,34.98752],[127.20498,34.97501],[127.20904,34.97302],[127.20369,34.96746],[127.21093,34.95917],[127.22124,34.9554],[127.22479,34.9472],[127.2238,34.93991],[127.23232,34.93644],[127.24044,34.92113],[127.23202,34.91764],[127.22857,34.9015],[127.2249,34.89928],[127.2274,34.89498],[127.23612,34.89395],[127.24619,34.88552],[127.2532,34.88417],[127.2583,34.88586],[127.26261,34.89214],[127.2649,34.88935],[127.27389,34.89007],[127.29193,34.90169],[127.30254,34.90038],[127.30651,34.90304],[127.32365,34.8874],[127.32482,34.88252],[127.33586,34.88983],[127.34035,34.87763],[127.33894,34.86818],[127.35803,34.86435],[127.36678,34.86768],[127.36727,34.8624],[127.37898,34.85243],[127.37875,34.84453],[127.39203,34.83979],[127.39942,34.8442],[127.41028,34.83952],[127.41717,34.83235],[127.426,34.83239],[127.43605,34.84547],[127.44286,34.84903],[127.44203,34.8449],[127.43722,34.84563],[127.43984,34.83647],[127.44902,34.83571],[127.45044,34.8395],[127.46136,34.84004],[127.46626,34.84463],[127.48632,34.83917],[127.49248,34.84673],[127.49,34.85505],[127.49366,34.86682],[127.49,34.86617]]]]}},{"type":"Feature","properties":{"name":"장흥","parents":["전라남도","전남서부남해앞바다중평수구역"]},"geometry":{"type":"MultiPolygon","coordinates":[[[[126.96405,34.46529],[126.95839,34.45997],[126.96362,34.45918],[126.96172,34.45479],[126.96484,34.45168],[126.96214,34.44796],[126.96557,34.44534],[126.96953,34.46222],[126.96405,34.46529]]],[[[126.96868,34.49753],[126.96795,34.49973],[126.9646,34.49828],[126.96932,34.50816],[126.97811,34.5115],[126.98526,34.53955],[126.98828,34.54051],[126.98609,34.5484],[126.99064,34.55269],[126.9867,34.5558],[126.98913,34.56166],[126.99807,34.5622],[127.00244,34.5575],[127.00519,34.55823],[127.00339,34.56154],[127.00628,34.5651],[127.00326,34.57001],[126.99794,34.56578],[126.98904,34.56733],[126.97929,34.57268],[126.98024,34.57528],[126.9926,34.58262],[126.99264,34.59376],[126.99962,34.59796],[126.99923,34.60475],[127.00861,34.60541],[127.00807,34.60948],[126.99409,34.61428],[126.99413,34.62328],[126.96645,34.62266],[126.95665,34.63066],[126.96733,34.62519],[126.98434,34.6279],[127.01281,34.62293],[127.02885,34.62866],[127.03835,34.63625],[127.04563,34.63505],[127.04618,34.64447],[127.04202,34.65418],[127.03022,34.66243],[127.02903,34.66993],[127.02105,34.68058],[126.97901,34.68307],[126.98048,34.68929],[126.97198,34.70536],[126.97505,34.71109],[126.98187,34.71085],[126.99297,34.72405],[127.0154,34.73663],[127.02045,34.74846],[127.0143,34.75442],[127.01541,34.76251],[127.01192,34.77052],[127.02375,34.77308],[127.02447,34.77578],[127.01584,34.78772],[127.02204,34.80993],[127.02157,34.82182],[127.03135,34.82365],[127.03124,34.83422],[127.03744,34.83849],[127.00845,34.84122],[126.99261,34.83558],[126.98138,34.8439],[126.97891,34.8508],[126.96925,34.85084],[126.96209,34.84035],[126.94968,34.83996],[126.94721,34.83437],[126.94977,34.82778],[126.94091,34.8237],[126.93819,34.82912],[126.93091,34.82992],[126.92048,34.83719],[126.92305,34.83925],[126.92148,34.84452],[126.9053,34.84748],[126.90703,34.85997],[126.8992,34.87275],[126.87713,34.87783],[126.87593,34.87389],[126.87042,34.87496],[126.85795,34.8688],[126.85679,34.8533],[126.8531,34.85222],[126.84968,34.84406],[126.8435,34.83975],[126.82305,34.83623],[126.81923,34.83119],[126.80716,34.82735],[126.79958,34.80853],[126.80104,34.80389],[126.79293,34.79415],[126.79539,34.7813],[126.79936,34.77731],[126.81233,34.78051],[126.81676,34.77649],[126.81407,34.76755],[126.81771,34.76507],[126.8254,34.74379],[126.83146,34.73724],[126.84015,34.73381],[126.84061,34.72717],[126.84948,34.72267],[126.84802,34.70939],[126.85617,34.6941],[126.8537,34.69225],[126.85683,34.68582],[126.8558,34.67869],[126.86065,34.67752],[126.86793,34.66899],[126.86551,34.66029],[126.87386,34.65248],[126.87064,34.6468],[126.87418,34.64809],[126.87358,34.64543],[126.86964,34.64112],[126.8715,34.63386],[126.87965,34.62598],[126.87428,34.61981],[126.85982,34.62274],[126.84931,34.61829],[126.85367,34.61563],[126.85354,34.60455],[126.85782,34.59884],[126.86808,34.5951],[126.86581,34.59126],[126.86967,34.58319],[126.87881,34.57552],[126.87592,34.57322],[126.87916,34.56519],[126.87642,34.55138],[126.88585,34.54442],[126.86482,34.52919],[126.85832,34.52787],[126.84912,34.51237],[126.84293,34.51357],[126.83962,34.51076],[126.85049,34.49493],[126.85114,34.47813],[126.85406,34.47448],[126.85255,34.46021],[126.84495,34.45115],[126.86277,34.43943],[126.86518,34.43393],[126.86692,34.4377],[126.8747,34.43576],[126.88502,34.42211],[126.88703,34.4343],[126.87863,34.44937],[126.87049,34.45405],[126.88463,34.45694],[126.89032,34.45629],[126.8899,34.45345],[126.89248,34.45561],[126.92443,34.45231],[126.92711,34.44773],[126.93882,34.44727],[126.93944,34.45149],[126.94644,34.45626],[126.94564,34.46082],[126.94133,34.46233],[126.93756,34.47563],[126.9378,34.4785],[126.94112,34.4772],[126.94155,34.48235],[126.94622,34.48208],[126.95733,34.4694],[126.96277,34.46856],[126.96799,34.47827],[126.97514,34.4746],[126.97716,34.46952],[126.97888,34.47143],[126.97878,34.48508],[126.96375,34.49655],[126.96868,34.49753]]],[[[127.01267,34.62195],[127.008,34.61791],[127.01187,34.61064],[127.01712,34.6111],[127.01735,34.619],[127.01267,34.62195]]]]}},{"type":"Feature","properties":{"name":"강진","parents":["전라남도","전남서부남해앞바다중평수구역"]},"geometry":{"type":"MultiPolygon","coordinates":[[[[126.73995,34.48792],[126.75326,34.49237],[126.75843,34.491],[126.75827,34.49536],[126.76538,34.49886],[126.76145,34.50284],[126.75847,34.52599],[126.7726,34.52758],[126.76476,34.53115],[126.76422,34.54032],[126.76819,34.54192],[126.76451,34.54517],[126.76889,34.55466],[126.76631,34.56201],[126.76942,34.58634],[126.77466,34.59434],[126.77257,34.6042],[126.7789,34.61308],[126.78213,34.59783],[126.77755,34.59474],[126.78935,34.58594],[126.79021,34.58158],[126.78609,34.57748],[126.7945,34.56766],[126.78969,34.5604],[126.7923,34.55802],[126.79173,34.54805],[126.79581,34.54655],[126.79093,34.54108],[126.79189,34.52896],[126.78659,34.51273],[126.79162,34.51055],[126.78922,34.50747],[126.79224,34.49961],[126.79051,34.49621],[126.79686,34.48488],[126.79252,34.48154],[126.79748,34.4801],[126.78659,34.47564],[126.785,34.46849],[126.79161,34.46662],[126.78858,34.4624],[126.79448,34.46397],[126.79146,34.46411],[126.79211,34.46745],[126.80636,34.46874],[126.80487,34.45605],[126.811,34.455],[126.81754,34.44801],[126.82882,34.44797],[126.83917,34.45345],[126.83856,34.44992],[126.84325,34.44823],[126.85255,34.46021],[126.85406,34.47448],[126.85114,34.47813],[126.85049,34.49493],[126.83962,34.51076],[126.84293,34.51357],[126.84912,34.51237],[126.85832,34.52787],[126.86482,34.52919],[126.88426,34.5436],[126.8841,34.54779],[126.87642,34.55138],[126.87916,34.56519],[126.87592,34.57322],[126.87881,34.57552],[126.86967,34.58319],[126.86581,34.59126],[126.86824,34.59394],[126.85782,34.59884],[126.85354,34.60455],[126.85367,34.61563],[126.84931,34.61829],[126.85823,34.62361],[126.87428,34.61981],[126.87965,34.62598],[126.8715,34.63386],[126.86964,34.64112],[126.87324,34.64461],[126.87418,34.64809],[126.87064,34.6468],[126.87386,34.65248],[126.86551,34.66029],[126.86793,34.66899],[126.86065,34.67752],[126.8558,34.67869],[126.85683,34.68582],[126.8537,34.69225],[126.85617,34.6941],[126.84802,34.70939],[126.84948,34.72267],[126.84061,34.72717],[126.84015,34.73381],[126.83146,34.73724],[126.8254,34.74379],[126.81771,34.76507],[126.81407,34.76755],[126.81726,34.77527],[126.81233,34.78051],[126.80032,34.77709],[126.79539,34.7813],[126.78411,34.78064],[126.78284,34.78605],[126.76971,34.78495],[126.76464,34.78105],[126.76198,34.77057],[126.74968,34.7646],[126.7436,34.75684],[126.73464,34.75699],[126.72862,34.7609],[126.71442,34.76016],[126.70902,34.76568],[126.70243,34.76593],[126.6909,34.75457],[126.68055,34.75385],[126.66923,34.74021],[126.65769,34.73415],[126.65682,34.73054],[126.66306,34.72771],[126.66543,34.72227],[126.67249,34.72287],[126.67991,34.72037],[126.68115,34.71701],[126.68153,34.71301],[126.6721,34.70675],[126.67527,34.70193],[126.67021,34.69094],[126.678,34.68545],[126.68278,34.68771],[126.70569,34.68182],[126.69861,34.67182],[126.70174,34.662],[126.69523,34.66167],[126.69198,34.65813],[126.69733,34.65011],[126.69318,34.64912],[126.68277,34.63247],[126.6934,34.62838],[126.70081,34.63025],[126.69275,34.6233],[126.68712,34.60634],[126.67436,34.597],[126.67212,34.59132],[126.68026,34.58483],[126.67942,34.58159],[126.69509,34.56395],[126.6903,34.55132],[126.67494,34.53969],[126.66713,34.53862],[126.67413,34.53155],[126.68328,34.53045],[126.68635,34.52509],[126.68041,34.51591],[126.68194,34.51091],[126.68972,34.5102],[126.68502,34.50356],[126.68359,34.47121],[126.68987,34.46808],[126.69771,34.47109],[126.7166,34.47053],[126.73496,34.45555],[126.74785,34.47215],[126.75161,34.4719],[126.75144,34.46938],[126.75303,34.47172],[126.74033,34.48156],[126.73995,34.48792]]],[[[126.77806,34.53839],[126.77831,34.53339],[126.78226,34.5309],[126.78545,34.53347],[126.77806,34.53839]]]]}},{"type":"Feature","properties":{"name":"영암","parents":["전라남도","전남중부서해앞바다중앞평수구역"]},"geometry":{"type":"MultiPolygon","coordinates":[[[[126.59623,34.68298],[126.62484,34.68003],[126.63912,34.67426],[126.64751,34.68845],[126.67244,34.69336],[126.67527,34.70193],[126.6721,34.70675],[126.68153,34.71301],[126.67977,34.7207],[126.66543,34.72227],[126.66306,34.72771],[126.65682,34.73054],[126.65769,34.73415],[126.66923,34.74021],[126.68055,34.75385],[126.6909,34.75457],[126.70243,34.76593],[126.70902,34.76568],[126.71407,34.76023],[126.72862,34.7609],[126.73464,34.75699],[126.7436,34.75684],[126.74945,34.76044],[126.74968,34.7646],[126.76198,34.77057],[126.76464,34.78105],[126.76971,34.78495],[126.78192,34.7864],[126.78411,34.78064],[126.79539,34.7813],[126.79293,34.79415],[126.80104,34.80389],[126.79958,34.80853],[126.80716,34.82735],[126.81923,34.83119],[126.82305,34.83623],[126.83145,34.83591],[126.84924,34.84372],[126.8531,34.85222],[126.85679,34.8533],[126.85838,34.86827],[126.84344,34.8702],[126.82882,34.86764],[126.81138,34.87443],[126.81016,34.8694],[126.80553,34.86794],[126.7944,34.87794],[126.78497,34.8796],[126.78421,34.88483],[126.76336,34.9],[126.7505,34.8961],[126.74369,34.89806],[126.73317,34.89041],[126.72509,34.88956],[126.71989,34.89333],[126.72058,34.89995],[126.71337,34.9071],[126.71581,34.91772],[126.70624,34.92452],[126.69918,34.94036],[126.68545,34.94583],[126.66977,34.9455],[126.66215,34.93415],[126.66295,34.92701],[126.6691,34.9254],[126.67524,34.91859],[126.67721,34.91409],[126.67327,34.91092],[126.67744,34.90978],[126.6772,34.90091],[126.68258,34.89413],[126.6749,34.89273],[126.67741,34.88358],[126.67545,34.88209],[126.66462,34.88753],[126.66116,34.89354],[126.65158,34.89361],[126.64995,34.88861],[126.64385,34.89132],[126.63148,34.88881],[126.63255,34.89377],[126.62874,34.8946],[126.62872,34.89905],[126.63437,34.8976],[126.6354,34.90109],[126.6289,34.92119],[126.62197,34.92152],[126.61894,34.92583],[126.6123,34.92259],[126.61173,34.92633],[126.6007,34.92901],[126.60293,34.92344],[126.59569,34.92561],[126.59296,34.92243],[126.59548,34.92074],[126.59212,34.91866],[126.59577,34.91521],[126.5836,34.91901],[126.57454,34.91511],[126.57323,34.90781],[126.57997,34.90533],[126.57998,34.89584],[126.57222,34.8926],[126.57093,34.87874],[126.557,34.86905],[126.55349,34.86323],[126.54307,34.81287],[126.5189,34.7945],[126.52042,34.78808],[126.51776,34.77963],[126.51061,34.7705],[126.4946,34.76936],[126.46843,34.78987],[126.45834,34.79337],[126.44797,34.79211],[126.44523,34.78899],[126.44975,34.78277],[126.44105,34.77963],[126.38296,34.76953],[126.37918,34.7662],[126.38196,34.76387],[126.38028,34.76],[126.37176,34.75402],[126.38018,34.75787],[126.38051,34.75271],[126.37546,34.75],[126.36776,34.7515],[126.36056,34.742],[126.38934,34.73032],[126.38828,34.72578],[126.39103,34.73357],[126.3969,34.73478],[126.39489,34.73913],[126.40092,34.73919],[126.40462,34.73469],[126.40363,34.73138],[126.41278,34.73248],[126.42381,34.72805],[126.42547,34.73043],[126.41956,34.73434],[126.42133,34.73865],[126.4279,34.73267],[126.42244,34.72589],[126.46999,34.71731],[126.46286,34.70945],[126.54391,34.65784],[126.54977,34.66401],[126.55415,34.66117],[126.56281,34.66691],[126.57002,34.67851],[126.58755,34.67947],[126.59623,34.68298]]]]}},{"type":"Feature","properties":{"name":"함평","parents":["전라남도","광주","전남북부서해앞바다중평수구역","전남중부서해앞바다중앞평수구역"]},"geometry":{"type":"MultiPolygon","coordinates":[[[[126.59109,35.05058],[126.58774,35.05587],[126.59101,35.05927],[126.59021,35.06971],[126.59727,35.09232],[126.59472,35.09727],[126.60474,35.09922],[126.6061,35.09476],[126.6232,35.08692],[126.62782,35.09194],[126.64595,35.09772],[126.64707,35.10382],[126.65561,35.11077],[126.65172,35.12466],[126.65495,35.13701],[126.65332,35.14396],[126.64471,35.14668],[126.65015,35.14765],[126.6535,35.15278],[126.65142,35.15482],[126.65534,35.15888],[126.65422,35.16455],[126.67208,35.17238],[126.6511,35.19334],[126.65193,35.19619],[126.64585,35.20347],[126.6143,35.22588],[126.61266,35.23021],[126.60106,35.23558],[126.59235,35.23234],[126.58938,35.22935],[126.59296,35.22448],[126.58998,35.22202],[126.59038,35.21367],[126.58054,35.19612],[126.56422,35.19825],[126.56233,35.19678],[126.56493,35.19062],[126.55429,35.18648],[126.54387,35.18778],[126.53314,35.18224],[126.52754,35.18623],[126.51429,35.18763],[126.50075,35.18328],[126.4894,35.18752],[126.48882,35.19078],[126.47696,35.19387],[126.46807,35.18713],[126.45029,35.18696],[126.44784,35.18102],[126.43529,35.17284],[126.42208,35.18446],[126.40794,35.1864],[126.40843,35.18263],[126.40362,35.1776],[126.39979,35.17607],[126.39225,35.1797],[126.37517,35.16707],[126.37176,35.16766],[126.37032,35.16369],[126.37486,35.15764],[126.38329,35.15871],[126.38215,35.15357],[126.38681,35.14295],[126.3967,35.1344],[126.40295,35.13681],[126.4217,35.1067],[126.4457,35.10622],[126.46505,35.09997],[126.4574,35.08986],[126.43597,35.08636],[126.47861,35.06458],[126.4797,35.06148],[126.46346,35.04196],[126.46403,35.03122],[126.47038,35.02141],[126.4804,35.02683],[126.48353,35.01718],[126.49669,35.01807],[126.50046,35.01489],[126.49787,35.0079],[126.50067,35.00606],[126.49061,35.00093],[126.4999,34.98557],[126.51201,34.99014],[126.51774,34.98326],[126.52495,34.98334],[126.54118,34.97503],[126.54606,34.98321],[126.56047,34.98862],[126.56805,34.98267],[126.57078,34.97416],[126.57837,34.97475],[126.58792,34.98956],[126.59853,34.99805],[126.592,34.99632],[126.59647,34.99975],[126.59572,35.00423],[126.59966,35.00991],[126.5978,35.01331],[126.58579,35.01519],[126.59462,35.02797],[126.58872,35.04134],[126.59109,35.05058]]]]}},{"type":"Feature","properties":{"name":"목포","parents":["전라남도","전남중부서해앞바다중앞평수구역"]},"geometry":{"type":"MultiPolygon","coordinates":[[[[126.30077,34.7785],[126.3024,34.78195],[126.29448,34.78345],[126.29279,34.78029],[126.29576,34.77597],[126.30151,34.77629],[126.30077,34.7785]]],[[[126.31974,34.78828],[126.31443,34.78132],[126.30853,34.78238],[126.30477,34.77222],[126.30668,34.76409],[126.31111,34.76094],[126.31901,34.76125],[126.32235,34.77346],[126.32857,34.77532],[126.32833,34.78204],[126.31974,34.78828]]],[[[126.33101,34.8128],[126.32701,34.81649],[126.3169,34.80849],[126.31828,34.80269],[126.31361,34.79374],[126.33272,34.79606],[126.33101,34.8128]]],[[[126.33094,34.79486],[126.33323,34.79101],[126.33316,34.7941],[126.33094,34.79486]]],[[[126.34048,34.7951],[126.33424,34.78797],[126.33577,34.78659],[126.33989,34.78694],[126.34048,34.7951]]],[[[126.3586,34.77177],[126.352,34.77178],[126.35447,34.76175],[126.35036,34.76223],[126.35045,34.75042],[126.36033,34.74488],[126.35864,34.75218],[126.36231,34.75169],[126.36524,34.76013],[126.37283,34.75927],[126.37104,34.76399],[126.37567,34.77053],[126.36473,34.77442],[126.35484,34.78308],[126.35564,34.77426],[126.3586,34.77177]]],[[[126.36835,34.78456],[126.36868,34.78089],[126.38171,34.78071],[126.39166,34.78826],[126.38772,34.7809],[126.40119,34.78308],[126.41481,34.78856],[126.41103,34.79326],[126.42007,34.79106],[126.44098,34.79928],[126.44544,34.79134],[126.45834,34.79337],[126.45758,34.81082],[126.45511,34.81081],[126.45305,34.81848],[126.43841,34.82119],[126.43905,34.83409],[126.43611,34.8375],[126.42506,34.83882],[126.41922,34.84436],[126.40565,34.84346],[126.38834,34.83675],[126.38666,34.8295],[126.38125,34.82831],[126.36354,34.80794],[126.36514,34.8059],[126.36271,34.80701],[126.36534,34.80398],[126.35995,34.79963],[126.35683,34.80225],[126.35091,34.79708],[126.36066,34.79368],[126.36835,34.78456]]]]}},{"type":"Feature","properties":{"name":"진도","parents":["전라남도","전남남부서해앞바다중평수구역","서해남부남쪽안쪽먼바다중조도부근평수구역","전남중부서해앞바다중앞평수구역"]},"geometry":{"type":"MultiPolygon","coordinates":[[[[125.84033,34.22667],[125.84458,34.22147],[125.84038,34.21968],[125.84558,34.21884],[125.84947,34.22459],[125.84033,34.22667]]],[[[125.84678,34.21701],[125.85932,34.20575],[125.86472,34.20814],[125.85539,34.21761],[125.84678,34.21701]]],[[[125.85674,34.19847],[125.855,34.19716],[125.86137,34.19356],[125.86261,34.19669],[125.85674,34.19847]]],[[[125.90942,34.24629],[125.91241,34.2409],[125.91382,34.2456],[125.90942,34.24629]]],[[[125.91882,34.26057],[125.90142,34.25682],[125.8981,34.25203],[125.89972,34.24807],[125.90881,34.24631],[125.92202,34.25744],[125.92581,34.25706],[125.92329,34.26227],[125.91882,34.26057]]],[[[125.92452,34.25014],[125.92377,34.24891],[125.92638,34.24649],[125.92452,34.25014]]],[[[125.92176,34.25433],[125.92248,34.25246],[125.92665,34.25427],[125.92176,34.25433]]],[[[125.93934,34.37959],[125.93366,34.36735],[125.93942,34.36384],[125.94536,34.37845],[125.93934,34.37959]]],[[[125.93703,34.24624],[125.92589,34.2371],[125.93017,34.23006],[125.94066,34.23067],[125.95583,34.24099],[125.95418,34.24452],[125.94815,34.24554],[125.94217,34.23937],[125.94004,34.24016],[125.94184,34.24427],[125.93703,34.24624]]],[[[125.93857,34.16179],[125.93592,34.15815],[125.94111,34.15215],[125.94155,34.14464],[125.94832,34.14463],[125.94155,34.15205],[125.93857,34.16179]]],[[[125.94681,34.30814],[125.94468,34.31195],[125.94285,34.30592],[125.94536,34.30377],[125.94681,34.30814]]],[[[125.94894,34.30133],[125.94423,34.30222],[125.94648,34.30098],[125.94894,34.30133]]],[[[125.9512,34.35354],[125.94537,34.34423],[125.94847,34.34145],[125.95005,34.34478],[125.95845,34.34515],[125.95786,34.35072],[125.9512,34.35354]]],[[[125.96031,34.31348],[125.95128,34.3108],[125.95241,34.30778],[125.96446,34.31034],[125.96356,34.31539],[125.96031,34.31348]]],[[[125.96435,34.37969],[125.9705,34.37693],[125.96234,34.3755],[125.96451,34.37293],[125.96057,34.36619],[125.96194,34.3632],[125.96937,34.36675],[125.97302,34.37251],[125.97075,34.37958],[125.96435,34.37969]]],[[[125.972,34.32073],[125.96755,34.31912],[125.96919,34.31012],[125.97693,34.30811],[125.97979,34.31622],[125.972,34.32073]]],[[[125.99053,34.27766],[125.98012,34.27625],[125.97803,34.26821],[125.98224,34.26376],[125.98958,34.27044],[125.98905,34.26174],[125.9941,34.26089],[125.99519,34.2556],[126.00151,34.25425],[125.99879,34.26009],[126.00346,34.26096],[126.00665,34.26635],[125.9932,34.26428],[125.99585,34.27543],[125.99053,34.27766]]],[[[125.97683,34.33035],[125.97466,34.32571],[125.97659,34.3235],[125.98067,34.32614],[125.97683,34.33035]]],[[[125.97192,34.3041],[125.97023,34.30115],[125.97276,34.29789],[125.98463,34.29643],[125.98361,34.30066],[125.97192,34.3041]]],[[[125.98619,34.427],[125.98241,34.42764],[125.99111,34.42129],[125.98619,34.427]]],[[[125.98681,34.46307],[125.9915,34.46134],[125.99131,34.46364],[125.98681,34.46307]]],[[[125.98641,34.35391],[125.98245,34.35177],[125.98945,34.34983],[125.98641,34.35391]]],[[[125.98822,34.22929],[125.98943,34.22776],[125.99211,34.22881],[125.98822,34.22929]]],[[[125.991,34.33831],[125.99274,34.33669],[125.99627,34.33758],[125.991,34.33831]]],[[[125.99418,34.29022],[125.99133,34.28868],[126.00199,34.28924],[125.99443,34.29258],[125.99418,34.29022]]],[[[126.00602,34.38345],[126.00215,34.37662],[126.00361,34.37376],[126.00681,34.37538],[126.00602,34.38345]]],[[[126.01077,34.40164],[126.00947,34.40435],[126.00751,34.39888],[126.01132,34.39604],[126.01077,34.40164]]],[[[126.01023,34.3168],[125.99815,34.31683],[126.00877,34.30913],[126.01942,34.31259],[126.01023,34.3168]]],[[[126.03858,34.31911],[126.03123,34.31665],[126.03512,34.31291],[126.03374,34.31105],[126.02889,34.30977],[126.02513,34.31313],[126.02163,34.31013],[126.03312,34.30732],[126.03316,34.30486],[126.02559,34.29913],[126.02152,34.30184],[126.01545,34.29306],[126.02418,34.29545],[126.02882,34.28396],[126.04468,34.28166],[126.04866,34.28379],[126.05511,34.27414],[126.05875,34.27803],[126.05252,34.28714],[126.05651,34.28851],[126.06019,34.28546],[126.06048,34.28907],[126.06449,34.28948],[126.06603,34.287],[126.06182,34.27846],[126.06395,34.27715],[126.07787,34.2847],[126.09398,34.27526],[126.08954,34.28585],[126.09269,34.2887],[126.08762,34.29233],[126.08599,34.29883],[126.08853,34.31183],[126.08057,34.30763],[126.05383,34.30416],[126.04605,34.30885],[126.03858,34.31911]]],[[[126.04878,34.25425],[126.05273,34.24899],[126.04867,34.24004],[126.04163,34.23615],[126.03675,34.23919],[126.03111,34.23586],[126.02613,34.2387],[126.02403,34.23281],[126.03402,34.2313],[126.03383,34.22603],[126.03742,34.22445],[126.04296,34.23209],[126.05621,34.22499],[126.05655,34.23065],[126.06175,34.23399],[126.06053,34.23811],[126.0658,34.24006],[126.06257,34.24967],[126.05423,34.25002],[126.04878,34.25425]]],[[[126.01306,34.3602],[126.01314,34.35607],[126.02173,34.35018],[126.0126,34.34709],[126.02139,34.34205],[126.02653,34.34341],[126.02237,34.35717],[126.01306,34.3602]]],[[[126.03435,34.40041],[126.03515,34.39489],[126.0408,34.39358],[126.03933,34.39833],[126.03435,34.40041]]],[[[126.05238,34.49667],[126.04681,34.49577],[126.0512,34.49226],[126.04498,34.49162],[126.0398,34.48012],[126.03476,34.47984],[126.04218,34.4678],[126.0366,34.46171],[126.04286,34.45914],[126.04713,34.46533],[126.05349,34.46731],[126.05188,34.47053],[126.05425,34.47316],[126.07051,34.48133],[126.06654,34.48395],[126.06166,34.48067],[126.05938,34.48819],[126.06518,34.4883],[126.0658,34.49151],[126.05871,34.49267],[126.05497,34.498],[126.05238,34.49667]]],[[[126.04115,34.38274],[126.03765,34.38268],[126.04056,34.38007],[126.04115,34.38274]]],[[[126.02522,34.34124],[126.02442,34.33891],[126.01128,34.33907],[126.01294,34.33383],[125.99541,34.33534],[125.99477,34.32737],[126.01065,34.32124],[126.02065,34.32277],[126.02363,34.33058],[126.03383,34.32548],[126.03685,34.33042],[126.05731,34.31929],[126.06057,34.32103],[126.05331,34.33205],[126.02522,34.34124]]],[[[126.04009,34.40691],[126.03884,34.40306],[126.04271,34.39652],[126.05205,34.39456],[126.0502,34.40171],[126.04009,34.40691]]],[[[126.05095,34.25704],[126.05495,34.25719],[126.04939,34.26164],[126.04809,34.25795],[126.05095,34.25704]]],[[[126.06189,34.44031],[126.06542,34.43874],[126.06531,34.44236],[126.06246,34.44306],[126.06189,34.44031]]],[[[126.08312,34.24784],[126.07685,34.24633],[126.07973,34.24266],[126.09072,34.24751],[126.08312,34.24784]]],[[[126.07273,34.23291],[126.0783,34.23223],[126.07458,34.23664],[126.07273,34.23291]]],[[[126.083,34.42955],[126.08267,34.42554],[126.08467,34.42599],[126.083,34.42955]]],[[[126.08943,34.51664],[126.08577,34.5165],[126.08882,34.51449],[126.08943,34.51664]]],[[[126.08289,34.49313],[126.07761,34.48734],[126.08137,34.48468],[126.08777,34.49004],[126.08289,34.49313]]],[[[126.08759,34.43947],[126.08903,34.43691],[126.09099,34.43978],[126.08759,34.43947]]],[[[126.18301,34.50572],[126.17694,34.49586],[126.17321,34.49487],[126.17575,34.49154],[126.17242,34.48473],[126.14899,34.47775],[126.14,34.46869],[126.11661,34.45963],[126.11693,34.45555],[126.1259,34.45211],[126.12771,34.44365],[126.12525,34.44228],[126.11657,34.44857],[126.11104,34.44762],[126.10152,34.44132],[126.10016,34.43588],[126.09769,34.43706],[126.0963,34.43368],[126.09865,34.4331],[126.09132,34.42149],[126.09539,34.41909],[126.09033,34.42008],[126.0971,34.40461],[126.10102,34.40323],[126.09935,34.40173],[126.11109,34.395],[126.10916,34.39305],[126.1173,34.37996],[126.12715,34.37853],[126.12583,34.3819],[126.13005,34.38555],[126.14302,34.38515],[126.14195,34.37832],[126.13409,34.3747],[126.13768,34.3703],[126.13618,34.36425],[126.12944,34.36049],[126.13946,34.35702],[126.14558,34.35923],[126.14366,34.36335],[126.14591,34.36566],[126.15127,34.36679],[126.15647,34.36401],[126.15646,34.35636],[126.16391,34.35244],[126.17401,34.35238],[126.18242,34.35846],[126.17939,34.35012],[126.18751,34.35656],[126.20305,34.3577],[126.20977,34.36192],[126.21418,34.36033],[126.20588,34.37062],[126.22301,34.36816],[126.22946,34.37055],[126.2296,34.37432],[126.23282,34.37396],[126.23306,34.36899],[126.2394,34.37039],[126.24448,34.37903],[126.25985,34.38028],[126.26727,34.3779],[126.26713,34.3844],[126.26012,34.38572],[126.25951,34.38872],[126.26504,34.39704],[126.27657,34.39618],[126.27618,34.39099],[126.27983,34.38982],[126.2835,34.39411],[126.29188,34.39132],[126.28351,34.38684],[126.28508,34.38016],[126.27965,34.37198],[126.28171,34.36761],[126.28533,34.36839],[126.28842,34.36417],[126.29208,34.36629],[126.28907,34.37034],[126.29462,34.37384],[126.29892,34.36888],[126.30216,34.37005],[126.30895,34.37557],[126.30734,34.38417],[126.29898,34.38222],[126.29665,34.38459],[126.30491,34.38864],[126.3025,34.3954],[126.29693,34.39068],[126.2897,34.39388],[126.29662,34.39644],[126.29162,34.40289],[126.2926,34.40888],[126.29711,34.40824],[126.29933,34.40365],[126.30498,34.40347],[126.30691,34.40469],[126.301,34.41296],[126.30302,34.41428],[126.31514,34.40034],[126.31109,34.4159],[126.3192,34.41901],[126.31851,34.42427],[126.32255,34.421],[126.32576,34.41429],[126.32124,34.41387],[126.32759,34.4056],[126.31964,34.40516],[126.32915,34.39554],[126.32872,34.39935],[126.3366,34.40021],[126.33644,34.41511],[126.34191,34.41525],[126.34286,34.4196],[126.35206,34.42693],[126.35306,34.43293],[126.36567,34.44329],[126.35833,34.45692],[126.36661,34.46479],[126.37046,34.46445],[126.3713,34.4713],[126.36058,34.47298],[126.35794,34.47589],[126.35981,34.48314],[126.37486,34.48544],[126.37886,34.47825],[126.38352,34.4803],[126.37884,34.48629],[126.38022,34.4931],[126.37343,34.49557],[126.37273,34.50073],[126.38194,34.50198],[126.38281,34.50531],[126.37695,34.50822],[126.37745,34.51223],[126.3641,34.51847],[126.36193,34.52489],[126.35115,34.52756],[126.35377,34.5324],[126.34805,34.5346],[126.34322,34.54358],[126.33936,34.54243],[126.33806,34.54482],[126.33819,34.54785],[126.34245,34.54866],[126.33889,34.5516],[126.32828,34.54775],[126.32528,34.54031],[126.31463,34.54359],[126.31108,34.55074],[126.30066,34.55635],[126.30976,34.5628],[126.30363,34.57097],[126.29761,34.57413],[126.29144,34.57227],[126.29075,34.57758],[126.2819,34.57656],[126.27909,34.57809],[126.28122,34.58054],[126.27403,34.58484],[126.26011,34.5845],[126.25789,34.58745],[126.25447,34.58467],[126.25,34.58548],[126.25063,34.58775],[126.24022,34.58691],[126.23802,34.58264],[126.24317,34.58336],[126.24469,34.58075],[126.2399,34.57559],[126.24212,34.57397],[126.2399,34.57102],[126.25073,34.56114],[126.23597,34.53655],[126.2301,34.53477],[126.22459,34.53896],[126.22492,34.53007],[126.21681,34.53095],[126.21612,34.52763],[126.2118,34.52687],[126.22392,34.51899],[126.22328,34.51631],[126.21091,34.51679],[126.19892,34.51091],[126.19992,34.50514],[126.20362,34.50663],[126.20784,34.50158],[126.2049,34.4957],[126.19018,34.49559],[126.18906,34.50469],[126.19439,34.51217],[126.19075,34.51445],[126.18301,34.50572]]],[[[126.10133,34.26688],[126.09721,34.27134],[126.10042,34.26297],[126.11146,34.26112],[126.10872,34.26886],[126.10133,34.26688]]],[[[126.09496,34.52059],[126.09749,34.51742],[126.09817,34.51956],[126.09496,34.52059]]],[[[126.09062,34.46098],[126.09292,34.45627],[126.10443,34.45463],[126.09062,34.46098]]],[[[126.10227,34.4909],[126.11045,34.48978],[126.11063,34.4919],[126.10097,34.49391],[126.10227,34.4909]]],[[[126.1043,34.53243],[126.10504,34.52925],[126.10781,34.52877],[126.1043,34.53243]]],[[[126.10915,34.35015],[126.1075,34.34476],[126.10998,34.34264],[126.10915,34.35015]]],[[[126.12032,34.32941],[126.12236,34.3262],[126.12416,34.32929],[126.12032,34.32941]]],[[[126.15413,34.32964],[126.14973,34.33023],[126.15175,34.32725],[126.15771,34.32759],[126.15413,34.32964]]],[[[126.14334,34.26587],[126.15563,34.25769],[126.15083,34.26588],[126.14334,34.26587]]],[[[126.14839,34.22657],[126.15321,34.22483],[126.15068,34.22688],[126.14839,34.22657]]],[[[126.16257,34.51093],[126.16266,34.50579],[126.16922,34.51002],[126.16257,34.51093]]],[[[126.16046,34.22416],[126.16506,34.22218],[126.16507,34.22491],[126.16046,34.22416]]],[[[126.18191,34.26252],[126.17316,34.24436],[126.17527,34.24163],[126.17091,34.23977],[126.17559,34.23628],[126.17917,34.23777],[126.1757,34.24153],[126.17968,34.2425],[126.18294,34.25376],[126.18708,34.2546],[126.18191,34.26252]]],[[[126.17356,34.26464],[126.17549,34.26157],[126.17727,34.26278],[126.17356,34.26464]]],[[[126.22175,34.55238],[126.22572,34.551],[126.22823,34.55192],[126.22175,34.55238]]],[[[126.30145,34.32221],[126.29311,34.32538],[126.29861,34.3209],[126.30145,34.32221]]],[[[126.29669,34.33441],[126.29662,34.33238],[126.29851,34.33153],[126.29669,34.33441]]],[[[126.31265,34.39667],[126.31231,34.39504],[126.31513,34.39591],[126.31265,34.39667]]],[[[126.35602,34.41311],[126.35041,34.40286],[126.35753,34.40607],[126.35859,34.41191],[126.35602,34.41311]]],[[[126.35641,34.53814],[126.35052,34.53708],[126.35389,34.53569],[126.35641,34.53814]]],[[[126.36348,34.44906],[126.36407,34.44834],[126.36439,34.44924],[126.36348,34.44906]]],[[[126.36587,34.41723],[126.36503,34.41016],[126.37198,34.40849],[126.37386,34.41291],[126.36587,34.41723]]]]}},{"type":"Feature","properties":{"name":"흑산도홍도","parents":["전라남도","흑산도홍도"]},"geometry":{"type":"MultiPolygon","coordinates":[[[[125.08638,34.11552],[125.08341,34.11884],[125.08149,34.11738],[125.08638,34.11552]]],[[[125.09499,34.06994],[125.10238,34.07009],[125.11166,34.06377],[125.11754,34.05087],[125.14263,34.04982],[125.14033,34.05733],[125.12062,34.07416],[125.11895,34.08213],[125.12297,34.08521],[125.1156,34.08646],[125.10852,34.09562],[125.09698,34.09622],[125.09497,34.07416],[125.08607,34.07535],[125.09499,34.06994]]],[[[125.17729,34.68817],[125.1786,34.68637],[125.18106,34.68693],[125.17729,34.68817]]],[[[125.20005,34.70649],[125.19081,34.68538],[125.18697,34.68441],[125.18359,34.68821],[125.18362,34.68427],[125.17832,34.6829],[125.18234,34.6673],[125.18703,34.66859],[125.18766,34.67499],[125.19161,34.67481],[125.19325,34.68397],[125.20388,34.68223],[125.20808,34.68906],[125.21381,34.70445],[125.21011,34.70786],[125.20934,34.71609],[125.20099,34.71034],[125.20005,34.70649]]],[[[125.19884,34.7256],[125.20139,34.725],[125.19969,34.72567],[125.19884,34.7256]]],[[[125.28087,34.42998],[125.27673,34.42924],[125.28355,34.42299],[125.28176,34.41826],[125.28461,34.41824],[125.28958,34.42463],[125.2826,34.43151],[125.28087,34.42998]]],[[[125.28315,34.43834],[125.27782,34.43666],[125.28207,34.43399],[125.29432,34.43993],[125.29409,34.45163],[125.29057,34.45159],[125.28315,34.43834]]],[[[125.28226,34.40328],[125.29487,34.38102],[125.30011,34.38728],[125.30706,34.38146],[125.31237,34.38764],[125.30018,34.39397],[125.29186,34.3912],[125.28948,34.39842],[125.28226,34.40328]]],[[[125.29782,34.46035],[125.30113,34.46004],[125.30039,34.46281],[125.29782,34.46035]]],[[[125.30201,34.46761],[125.30311,34.4638],[125.30435,34.46769],[125.30201,34.46761]]],[[[125.3878,34.69758],[125.39184,34.69237],[125.38083,34.68519],[125.38073,34.68181],[125.36914,34.68062],[125.36152,34.67612],[125.36306,34.66992],[125.36995,34.66651],[125.37862,34.67907],[125.38576,34.68222],[125.39339,34.69126],[125.39337,34.69453],[125.3878,34.69758]]],[[[125.40673,34.71905],[125.40433,34.71721],[125.40629,34.71419],[125.4091,34.71561],[125.40673,34.71905]]],[[[125.42416,34.64464],[125.42764,34.64536],[125.42209,34.65262],[125.42266,34.6605],[125.438,34.66126],[125.43535,34.66383],[125.44257,34.66658],[125.43915,34.67142],[125.44406,34.67016],[125.4451,34.67307],[125.44366,34.68182],[125.45043,34.68557],[125.45752,34.68221],[125.46006,34.68695],[125.46409,34.68735],[125.46321,34.69179],[125.45266,34.69394],[125.45446,34.6912],[125.45147,34.68935],[125.44539,34.69248],[125.441,34.68354],[125.4293,34.6849],[125.42708,34.68907],[125.43045,34.69537],[125.41946,34.69845],[125.41149,34.69696],[125.40667,34.69038],[125.41001,34.68542],[125.39692,34.67393],[125.39731,34.66188],[125.38834,34.66077],[125.38671,34.65727],[125.38843,34.65352],[125.39919,34.64843],[125.39847,34.64625],[125.38864,34.64506],[125.38716,34.64009],[125.40296,34.625],[125.41169,34.62474],[125.40829,34.63208],[125.41123,34.64158],[125.41656,34.6451],[125.42416,34.64464]]],[[[125.43517,34.76637],[125.43339,34.76131],[125.43933,34.76204],[125.43517,34.76637]]],[[[125.42621,34.75618],[125.43288,34.7491],[125.43779,34.74871],[125.43381,34.75488],[125.42621,34.75618]]],[[[125.43965,34.76489],[125.44053,34.7623],[125.44381,34.76354],[125.44303,34.76627],[125.43965,34.76489]]],[[[125.45012,34.73012],[125.44665,34.72946],[125.44592,34.72813],[125.45012,34.73012]]],[[[125.44402,34.73337],[125.44809,34.73236],[125.4457,34.73769],[125.45127,34.73789],[125.4398,34.74222],[125.43729,34.74041],[125.44167,34.73709],[125.43791,34.73662],[125.44402,34.73337]]],[[[125.46006,34.76301],[125.46143,34.7622],[125.46111,34.76258],[125.46006,34.76301]]],[[[125.4572,34.73785],[125.46409,34.73128],[125.45402,34.73083],[125.45337,34.72631],[125.4503,34.72598],[125.45239,34.72187],[125.46589,34.71536],[125.46202,34.72694],[125.47602,34.72744],[125.47664,34.73173],[125.46805,34.7333],[125.45654,34.74175],[125.4572,34.73785]]],[[[125.46253,34.70239],[125.46521,34.69804],[125.46707,34.70015],[125.46253,34.70239]]],[[[125.46899,34.21453],[125.46464,34.20845],[125.46628,34.20271],[125.46885,34.20249],[125.47048,34.2073],[125.48218,34.20502],[125.47187,34.20815],[125.47244,34.21446],[125.46899,34.21453]]],[[[125.46394,34.65572],[125.46563,34.65093],[125.46112,34.65207],[125.45593,34.64699],[125.46024,34.6466],[125.45772,34.64326],[125.46268,34.63889],[125.47765,34.6495],[125.47661,34.65403],[125.46394,34.65572]]],[[[125.68321,34.52337],[125.68699,34.52],[125.68813,34.52266],[125.68321,34.52337]]]]}},{"type":"Feature","properties":{"name":"영광(낙월면제외)","parents":["영광","전북자치도","전라남도","전남북부서해앞바다중평수구역"]},"geometry":{"type":"MultiPolygon","coordinates":[[[[126.2992,35.24798],[126.29868,35.24838],[126.29863,35.24802],[126.2992,35.24798]]],[[[126.38805,35.34561],[126.37844,35.32868],[126.37919,35.31965],[126.37556,35.31171],[126.37807,35.30587],[126.37081,35.2936],[126.36586,35.29233],[126.36568,35.28711],[126.37042,35.28731],[126.37151,35.28431],[126.35263,35.28296],[126.35029,35.28647],[126.33852,35.28579],[126.32958,35.27998],[126.32491,35.27118],[126.3294,35.2699],[126.32176,35.26246],[126.32445,35.26141],[126.32398,35.25254],[126.32845,35.24398],[126.31638,35.24793],[126.31227,35.25345],[126.30683,35.24741],[126.29728,35.22189],[126.29852,35.22374],[126.2993,35.21122],[126.31424,35.20971],[126.31558,35.21383],[126.31615,35.20439],[126.32845,35.2027],[126.33822,35.20559],[126.33798,35.21472],[126.34211,35.21095],[126.3376,35.19243],[126.35414,35.19616],[126.35383,35.20172],[126.3768,35.2119],[126.3786,35.20815],[126.37219,35.19874],[126.36786,35.19779],[126.37247,35.19007],[126.35648,35.18464],[126.36035,35.17696],[126.35907,35.16986],[126.36582,35.1686],[126.37032,35.16369],[126.37176,35.16766],[126.37517,35.16707],[126.3764,35.17067],[126.39225,35.1797],[126.39979,35.17607],[126.40334,35.17755],[126.40805,35.18202],[126.40794,35.1864],[126.41958,35.18564],[126.43529,35.17284],[126.44784,35.18102],[126.45029,35.18696],[126.46807,35.18713],[126.47696,35.19387],[126.48882,35.19078],[126.4894,35.18752],[126.50075,35.18328],[126.51429,35.18763],[126.52754,35.18623],[126.53314,35.18224],[126.54387,35.18778],[126.54921,35.1854],[126.56117,35.18832],[126.56493,35.19062],[126.56233,35.19678],[126.56548,35.19866],[126.58054,35.19612],[126.59018,35.21312],[126.58998,35.22202],[126.59296,35.22448],[126.58938,35.22935],[126.59205,35.23203],[126.58332,35.23941],[126.58683,35.24455],[126.58427,35.25792],[126.59192,35.26054],[126.59743,35.2678],[126.60875,35.26996],[126.61579,35.27889],[126.61471,35.28833],[126.61852,35.29384],[126.61104,35.29737],[126.61146,35.30038],[126.61871,35.3048],[126.63154,35.30248],[126.63973,35.30873],[126.63979,35.31702],[126.6448,35.31978],[126.62642,35.32135],[126.60417,35.33566],[126.5954,35.32905],[126.58496,35.33018],[126.5804,35.32389],[126.58294,35.31571],[126.58945,35.31751],[126.58491,35.30079],[126.57733,35.30388],[126.57271,35.31015],[126.56358,35.30906],[126.55108,35.31368],[126.53232,35.30674],[126.52993,35.31231],[126.52438,35.31349],[126.52101,35.32512],[126.5138,35.32702],[126.52053,35.34835],[126.51276,35.36203],[126.50376,35.35866],[126.49695,35.35005],[126.49355,35.35038],[126.49214,35.35411],[126.49615,35.3576],[126.49765,35.37216],[126.48622,35.37758],[126.48289,35.38463],[126.47738,35.38618],[126.48972,35.39347],[126.49284,35.40751],[126.47603,35.42933],[126.46855,35.42515],[126.44758,35.42976],[126.42707,35.42641],[126.42354,35.43037],[126.40686,35.41716],[126.40855,35.41112],[126.404,35.40297],[126.40911,35.4],[126.40213,35.39612],[126.40703,35.39254],[126.40427,35.38547],[126.41321,35.38153],[126.41901,35.38314],[126.41488,35.3772],[126.41079,35.37934],[126.41077,35.37565],[126.41723,35.37383],[126.41753,35.36965],[126.42932,35.35899],[126.42168,35.36536],[126.41315,35.36294],[126.40859,35.36546],[126.40619,35.36267],[126.40322,35.36338],[126.40449,35.36717],[126.39719,35.36923],[126.3874,35.35249],[126.38805,35.34561]]],[[[126.34023,35.1723],[126.33991,35.17275],[126.33983,35.17211],[126.34023,35.1723]]],[[[126.34281,35.17386],[126.34213,35.17527],[126.34057,35.17357],[126.34281,35.17386]]],[[[126.39633,35.37489],[126.39304,35.37227],[126.3982,35.3728],[126.39633,35.37489]]],[[[126.40071,35.39013],[126.4012,35.39091],[126.40096,35.39111],[126.40071,35.39013]]]]}},{"type":"Feature","properties":{"name":"영광낙월면","parents":["영광","전라남도","전남북부서해앞바다중평수구역"]},"geometry":{"type":"MultiPolygon","coordinates":[[[[125.98628,35.338],[125.98961,35.33472],[125.99749,35.33492],[125.99662,35.33809],[125.98628,35.338]]],[[[126.02806,35.3602],[126.02551,35.35933],[126.02085,35.36428],[126.02199,35.35686],[126.00828,35.35904],[126.00104,35.35459],[125.99583,35.35681],[126.0058,35.34812],[126.00298,35.35211],[126.00792,35.35579],[126.01848,35.35213],[126.02195,35.34456],[126.00811,35.34486],[126.01324,35.3399],[126.01908,35.34069],[126.0205,35.33692],[126.01349,35.33255],[126.01929,35.33274],[126.02129,35.33599],[126.03114,35.33464],[126.04027,35.34331],[126.04111,35.34704],[126.02887,35.35481],[126.02806,35.3602]]],[[[125.9978,35.33188],[125.997,35.32418],[126.0025,35.32976],[126.01036,35.3281],[126.00751,35.33247],[125.9978,35.33188]]],[[[126.04541,35.37473],[126.04139,35.37238],[126.04585,35.36761],[126.04778,35.37082],[126.05773,35.3725],[126.05677,35.37511],[126.04541,35.37473]]],[[[126.05531,35.36888],[126.06063,35.36574],[126.06006,35.36821],[126.05531,35.36888]]],[[[126.08278,35.25791],[126.08316,35.25846],[126.08257,35.25819],[126.08278,35.25791]]],[[[126.08989,35.25844],[126.08362,35.25837],[126.08336,35.25638],[126.08989,35.25844]]],[[[126.09222,35.25982],[126.09137,35.26004],[126.09118,35.25983],[126.09222,35.25982]]],[[[126.10102,35.25293],[126.09236,35.25021],[126.0895,35.24598],[126.09154,35.2431],[126.09739,35.2432],[126.10231,35.24777],[126.10219,35.25589],[126.10102,35.25293]]],[[[126.12014,35.26012],[126.11215,35.2572],[126.11459,35.2555],[126.12014,35.26012]]],[[[126.13127,35.37047],[126.12963,35.371],[126.1298,35.37036],[126.13127,35.37047]]],[[[126.14034,35.29966],[126.14085,35.29604],[126.131,35.28537],[126.13268,35.28167],[126.14148,35.27843],[126.14269,35.27531],[126.13972,35.2743],[126.14197,35.27089],[126.14659,35.27059],[126.15447,35.27832],[126.15222,35.29083],[126.14034,35.29966]]],[[[126.15114,35.21121],[126.14746,35.20643],[126.13595,35.20476],[126.12952,35.20023],[126.12437,35.20228],[126.12212,35.19905],[126.12473,35.19583],[126.12161,35.19308],[126.13095,35.19177],[126.12736,35.19613],[126.12949,35.20008],[126.14409,35.20071],[126.1568,35.20899],[126.15586,35.21155],[126.15114,35.21121]]],[[[126.20233,35.29544],[126.2016,35.29508],[126.20428,35.2921],[126.20233,35.29544]]],[[[126.20562,35.18564],[126.20541,35.18339],[126.2142,35.18404],[126.21333,35.1871],[126.20562,35.18564]]],[[[126.22091,35.19492],[126.21917,35.19207],[126.22327,35.19119],[126.22091,35.19492]]],[[[126.2454,35.20286],[126.24798,35.20067],[126.24953,35.20324],[126.2454,35.20286]]]]}},{"type":"Feature","properties":{"name":"고흥","parents":["전라남도","전남동부남해앞바다중서부평수구역","전남동부남해앞바다중동부평수구역"]},"geometry":{"type":"MultiPolygon","coordinates":[[[[127.08176,34.46362],[127.08924,34.46158],[127.08838,34.45235],[127.09081,34.45155],[127.09326,34.46288],[127.08176,34.46362]]],[[[127.09244,34.60848],[127.08905,34.6045],[127.0901,34.59741],[127.09948,34.59484],[127.10113,34.59836],[127.11065,34.59621],[127.10633,34.60491],[127.09573,34.6124],[127.09571,34.60909],[127.09244,34.60848]]],[[[127.11487,34.55538],[127.11235,34.54641],[127.1219,34.54047],[127.12145,34.53026],[127.14716,34.5205],[127.15112,34.52121],[127.15112,34.52453],[127.16678,34.52614],[127.17173,34.51944],[127.17841,34.53115],[127.1948,34.53238],[127.20773,34.52104],[127.20838,34.51682],[127.21221,34.51667],[127.20885,34.52577],[127.21403,34.52638],[127.22088,34.53467],[127.22525,34.52626],[127.23379,34.52458],[127.23083,34.51834],[127.24052,34.51837],[127.24276,34.51505],[127.24502,34.51588],[127.24413,34.52153],[127.25527,34.52075],[127.25964,34.51295],[127.26814,34.51064],[127.27483,34.50185],[127.28113,34.50224],[127.28346,34.49742],[127.28264,34.49095],[127.2764,34.49262],[127.26747,34.4833],[127.27367,34.47912],[127.28354,34.47852],[127.2927,34.47154],[127.30106,34.47065],[127.29821,34.46522],[127.31019,34.46206],[127.316,34.45516],[127.31507,34.45311],[127.30883,34.45562],[127.30437,34.45356],[127.30444,34.4499],[127.31111,34.45041],[127.31495,34.44747],[127.31317,34.44439],[127.31852,34.44528],[127.32163,34.44151],[127.32576,34.4429],[127.32472,34.44533],[127.32891,34.44271],[127.33961,34.44882],[127.33699,34.4572],[127.3331,34.45548],[127.33314,34.45811],[127.32237,34.46309],[127.31966,34.46034],[127.31906,34.46772],[127.32375,34.47034],[127.32756,34.46595],[127.33129,34.46861],[127.33121,34.46558],[127.3368,34.46707],[127.33413,34.47182],[127.32551,34.47339],[127.33302,34.4793],[127.34151,34.48073],[127.34118,34.4846],[127.34869,34.48386],[127.34994,34.48117],[127.3466,34.47901],[127.34858,34.47754],[127.3542,34.48436],[127.35363,34.49013],[127.35866,34.49202],[127.37065,34.48024],[127.37824,34.48757],[127.37976,34.4831],[127.38397,34.48664],[127.38685,34.48346],[127.39139,34.48821],[127.38496,34.49791],[127.37715,34.50297],[127.38518,34.50449],[127.39021,34.51011],[127.39297,34.50877],[127.39135,34.50624],[127.40132,34.5043],[127.40728,34.51249],[127.40356,34.51404],[127.40726,34.51925],[127.4154,34.521],[127.41776,34.5156],[127.42604,34.51382],[127.42531,34.51172],[127.43078,34.51363],[127.42228,34.51769],[127.43082,34.51883],[127.4263,34.52102],[127.42344,34.52879],[127.42862,34.53606],[127.43245,34.53752],[127.43508,34.53509],[127.43459,34.54076],[127.42678,34.54244],[127.43847,34.5487],[127.4332,34.55227],[127.4265,34.54916],[127.4321,34.5556],[127.41968,34.55079],[127.41401,34.55843],[127.40949,34.55567],[127.39624,34.5593],[127.39626,34.56358],[127.40465,34.56856],[127.40388,34.57306],[127.40872,34.57874],[127.40599,34.58025],[127.39923,34.5758],[127.39405,34.58095],[127.3954,34.58681],[127.41286,34.5899],[127.41422,34.58504],[127.41962,34.58274],[127.43067,34.58752],[127.44512,34.57695],[127.44622,34.58061],[127.44952,34.57944],[127.45702,34.58432],[127.45577,34.59056],[127.45793,34.59163],[127.46174,34.59102],[127.45879,34.58844],[127.46406,34.57991],[127.47305,34.57443],[127.48009,34.57859],[127.48747,34.5736],[127.48605,34.57801],[127.48893,34.58222],[127.49654,34.5899],[127.50516,34.59306],[127.50651,34.60357],[127.4972,34.61507],[127.49863,34.61916],[127.49427,34.62657],[127.49728,34.63183],[127.48373,34.63663],[127.47424,34.63524],[127.46267,34.64043],[127.45836,34.64697],[127.4637,34.64944],[127.46904,34.64129],[127.47342,34.64102],[127.47617,34.64754],[127.4879,34.64217],[127.48976,34.64932],[127.48215,34.64985],[127.47761,34.65341],[127.47999,34.65556],[127.47412,34.65455],[127.47536,34.65825],[127.46709,34.66451],[127.46802,34.66209],[127.46472,34.6623],[127.45346,34.66766],[127.44686,34.66145],[127.44434,34.66343],[127.44762,34.66631],[127.44693,34.67398],[127.44172,34.67342],[127.4376,34.67813],[127.42816,34.67403],[127.43137,34.67821],[127.42326,34.68666],[127.42374,34.69195],[127.4068,34.69675],[127.40257,34.70092],[127.40775,34.7039],[127.40145,34.70813],[127.39671,34.70658],[127.39013,34.71183],[127.38878,34.71776],[127.39151,34.71874],[127.37881,34.72719],[127.37931,34.73311],[127.373,34.74176],[127.37997,34.75089],[127.39729,34.75716],[127.40281,34.76734],[127.39324,34.77614],[127.38532,34.77476],[127.38859,34.7852],[127.39193,34.78323],[127.38621,34.79032],[127.38388,34.80267],[127.37181,34.80753],[127.36398,34.81676],[127.35739,34.81627],[127.35256,34.82538],[127.34056,34.82774],[127.33794,34.82446],[127.32766,34.8223],[127.31862,34.81081],[127.29121,34.81071],[127.28035,34.79461],[127.26626,34.78653],[127.2485,34.78971],[127.24737,34.77813],[127.23998,34.7704],[127.24071,34.75981],[127.24362,34.75941],[127.25232,34.74792],[127.2521,34.74192],[127.26193,34.73192],[127.27069,34.7408],[127.27913,34.73787],[127.27791,34.73418],[127.28589,34.7362],[127.29091,34.73056],[127.30366,34.74973],[127.31536,34.75314],[127.3269,34.75182],[127.32698,34.73337],[127.33287,34.71483],[127.34271,34.71572],[127.3446,34.71001],[127.33339,34.70745],[127.32727,34.68938],[127.32404,34.68738],[127.32036,34.69042],[127.32334,34.68782],[127.31706,34.68143],[127.32029,34.67896],[127.31963,34.66988],[127.31443,34.66423],[127.30478,34.66941],[127.30573,34.66653],[127.28801,34.66718],[127.28532,34.67001],[127.28995,34.67487],[127.28522,34.67005],[127.27753,34.67457],[127.28146,34.68382],[127.27996,34.68684],[127.286,34.69169],[127.28219,34.69395],[127.28646,34.6969],[127.28234,34.69842],[127.28008,34.7102],[127.27702,34.71121],[127.28153,34.71793],[127.27509,34.71947],[127.26893,34.71218],[127.26274,34.71557],[127.25104,34.7099],[127.24764,34.7022],[127.24031,34.70019],[127.24226,34.69411],[127.2383,34.68998],[127.24353,34.6867],[127.24325,34.6832],[127.23254,34.67788],[127.22783,34.6546],[127.1953,34.64916],[127.19441,34.64457],[127.18933,34.64338],[127.18251,34.63255],[127.17292,34.62712],[127.1728,34.61137],[127.16768,34.60257],[127.17075,34.59368],[127.16283,34.59021],[127.15063,34.59404],[127.14866,34.60038],[127.14262,34.5903],[127.14443,34.58448],[127.1338,34.57884],[127.13675,34.57529],[127.13475,34.57262],[127.12386,34.56987],[127.11956,34.56266],[127.11328,34.5592],[127.11487,34.55538]]],[[[127.12354,34.42502],[127.12257,34.42082],[127.12448,34.42167],[127.12354,34.42502]]],[[[127.12928,34.49662],[127.12842,34.49751],[127.12804,34.49599],[127.12928,34.49662]]],[[[127.12527,34.52257],[127.12296,34.51934],[127.12615,34.51655],[127.1223,34.51263],[127.11851,34.51362],[127.11348,34.52186],[127.10993,34.51967],[127.11041,34.51556],[127.10739,34.51472],[127.10616,34.5176],[127.09761,34.50976],[127.1095,34.50924],[127.11366,34.50209],[127.11901,34.5041],[127.11983,34.50747],[127.1308,34.50618],[127.13547,34.52078],[127.12527,34.52257]]],[[[127.14034,34.59856],[127.1404,34.59804],[127.14076,34.59808],[127.14034,34.59856]]],[[[127.14953,34.49675],[127.14624,34.49715],[127.14606,34.49484],[127.14953,34.49675]]],[[[127.14924,34.50441],[127.14721,34.50489],[127.14839,34.50118],[127.14924,34.50441]]],[[[127.1519,34.51612],[127.15404,34.51747],[127.15441,34.51862],[127.1519,34.51612]]],[[[127.16408,34.52171],[127.16088,34.51794],[127.16423,34.5194],[127.16408,34.52171]]],[[[127.19154,34.52627],[127.18967,34.52373],[127.19199,34.52447],[127.19154,34.52627]]],[[[127.21899,34.43089],[127.21878,34.43125],[127.21839,34.43099],[127.21899,34.43089]]],[[[127.22139,34.43784],[127.21978,34.43862],[127.22033,34.43694],[127.22139,34.43784]]],[[[127.22359,34.42697],[127.22406,34.42695],[127.22376,34.42729],[127.22359,34.42697]]],[[[127.22412,34.42737],[127.22408,34.42782],[127.22386,34.42765],[127.22412,34.42737]]],[[[127.22678,34.43896],[127.22432,34.44158],[127.22369,34.44017],[127.22678,34.43896]]],[[[127.22876,34.46523],[127.2346,34.47781],[127.22964,34.48203],[127.22789,34.48868],[127.22302,34.48897],[127.22477,34.49062],[127.22129,34.49438],[127.21562,34.49534],[127.19892,34.48795],[127.1956,34.49257],[127.17914,34.49144],[127.16313,34.47998],[127.1517,34.48002],[127.14164,34.47277],[127.13634,34.47288],[127.13487,34.47928],[127.12847,34.47815],[127.12397,34.48501],[127.12463,34.48931],[127.11823,34.48697],[127.11375,34.48884],[127.11304,34.486],[127.11728,34.48281],[127.11309,34.4758],[127.10713,34.47525],[127.10748,34.47181],[127.10224,34.4687],[127.09292,34.47069],[127.10641,34.45478],[127.09973,34.4499],[127.10162,34.44735],[127.09926,34.44319],[127.10822,34.44264],[127.10796,34.44662],[127.11449,34.44845],[127.11775,34.44479],[127.11511,34.44379],[127.1156,34.43926],[127.12389,34.4363],[127.12472,34.43134],[127.13711,34.42828],[127.14147,34.42049],[127.1443,34.4289],[127.15438,34.43121],[127.15763,34.42654],[127.16335,34.42906],[127.16106,34.43383],[127.1672,34.43518],[127.18882,34.43031],[127.20903,34.43064],[127.21164,34.43539],[127.21792,34.43725],[127.22204,34.45523],[127.2301,34.4633],[127.22876,34.46523]]],[[[127.22776,34.49609],[127.2284,34.49695],[127.22742,34.49678],[127.22776,34.49609]]],[[[127.23632,34.49462],[127.23324,34.49603],[127.23149,34.49431],[127.23632,34.49462]]],[[[127.23886,34.47408],[127.23651,34.47665],[127.23542,34.47467],[127.23886,34.47408]]],[[[127.2402,34.49085],[127.23946,34.49113],[127.23928,34.49081],[127.2402,34.49085]]],[[[127.24362,34.41579],[127.23692,34.41174],[127.24486,34.41061],[127.24555,34.4082],[127.24207,34.40777],[127.24432,34.40455],[127.25391,34.40279],[127.25191,34.40012],[127.25426,34.39761],[127.24638,34.39344],[127.25078,34.39122],[127.25207,34.38603],[127.26072,34.38146],[127.2725,34.38136],[127.26853,34.38854],[127.27054,34.39094],[127.25869,34.39656],[127.26,34.40346],[127.24688,34.40975],[127.25102,34.41266],[127.24362,34.41579]]],[[[127.24691,34.40419],[127.24734,34.40431],[127.24694,34.40454],[127.24691,34.40419]]],[[[127.26169,34.39944],[127.26158,34.40088],[127.26137,34.40097],[127.26169,34.39944]]],[[[127.26048,34.39942],[127.26159,34.39711],[127.26385,34.39725],[127.26048,34.39942]]],[[[127.26964,34.49697],[127.27149,34.49665],[127.26893,34.49798],[127.26964,34.49697]]],[[[127.29067,34.44789],[127.28907,34.44285],[127.29658,34.4477],[127.29067,34.44789]]],[[[127.29416,34.70954],[127.29416,34.70994],[127.29377,34.70922],[127.29416,34.70954]]],[[[127.29588,34.43663],[127.29579,34.43951],[127.29173,34.43638],[127.29588,34.43663]]],[[[127.30343,34.72801],[127.30008,34.72579],[127.30388,34.7266],[127.30343,34.72801]]],[[[127.30752,34.73431],[127.30822,34.73222],[127.30929,34.73306],[127.30752,34.73431]]],[[[127.30794,34.72694],[127.30594,34.72028],[127.3149,34.72155],[127.31555,34.7255],[127.30794,34.72694]]],[[[127.30273,34.44436],[127.30658,34.4433],[127.29731,34.4373],[127.30403,34.43616],[127.30275,34.43284],[127.30915,34.4309],[127.31542,34.44105],[127.30273,34.44436]]],[[[127.31239,34.73882],[127.3141,34.73736],[127.31308,34.73896],[127.31239,34.73882]]],[[[127.31567,34.73624],[127.31593,34.73664],[127.31552,34.73641],[127.31567,34.73624]]],[[[127.32103,34.32334],[127.31596,34.32173],[127.31823,34.31786],[127.32136,34.3174],[127.32103,34.32334]]],[[[127.31992,34.43647],[127.31978,34.43222],[127.32378,34.43482],[127.31992,34.43647]]],[[[127.36566,34.4552],[127.36081,34.45597],[127.36366,34.45377],[127.36566,34.4552]]],[[[127.39715,34.72316],[127.3947,34.72232],[127.39528,34.7209],[127.39715,34.72316]]],[[[127.39552,34.49262],[127.39833,34.49123],[127.39389,34.49328],[127.39552,34.49262]]],[[[127.39952,34.49049],[127.39838,34.49105],[127.39782,34.48971],[127.39952,34.49049]]],[[[127.4005,34.48681],[127.40011,34.4872],[127.39982,34.48682],[127.4005,34.48681]]],[[[127.40062,34.48165],[127.39687,34.47889],[127.40479,34.47522],[127.40463,34.48142],[127.40062,34.48165]]],[[[127.41362,34.70599],[127.40922,34.70421],[127.42141,34.70121],[127.41362,34.70599]]],[[[127.4148,34.51154],[127.41204,34.51188],[127.41383,34.51101],[127.4148,34.51154]]],[[[127.41419,34.71321],[127.42018,34.71139],[127.41948,34.71385],[127.41419,34.71321]]],[[[127.41545,34.73288],[127.41423,34.73373],[127.41381,34.73266],[127.41545,34.73288]]],[[[127.42158,34.70682],[127.42169,34.70743],[127.42123,34.70715],[127.42158,34.70682]]],[[[127.42318,34.70508],[127.42582,34.70638],[127.42389,34.70706],[127.42318,34.70508]]],[[[127.42357,34.57529],[127.42431,34.58171],[127.41734,34.58176],[127.41667,34.57916],[127.42357,34.57529]]],[[[127.41751,34.57137],[127.40857,34.5684],[127.40284,34.56267],[127.40741,34.5603],[127.41876,34.563],[127.42062,34.56745],[127.42942,34.56529],[127.4265,34.5707],[127.41718,34.57461],[127.41751,34.57137]]],[[[127.42898,34.70464],[127.43196,34.70471],[127.42944,34.70548],[127.42898,34.70464]]],[[[127.42345,34.69973],[127.43076,34.69047],[127.43392,34.69151],[127.44335,34.68282],[127.45258,34.68991],[127.45023,34.69581],[127.44562,34.69669],[127.44721,34.6922],[127.44473,34.69008],[127.43963,34.6975],[127.42981,34.7029],[127.42152,34.70127],[127.42345,34.69973]]],[[[127.43784,34.54325],[127.43789,34.54371],[127.43694,34.54333],[127.43784,34.54325]]],[[[127.4384,34.67852],[127.43911,34.67939],[127.43803,34.67877],[127.4384,34.67852]]],[[[127.43984,34.5422],[127.44365,34.53895],[127.4524,34.5465],[127.44765,34.54756],[127.4446,34.54174],[127.43984,34.5422]]],[[[127.44476,34.53803],[127.44435,34.53733],[127.44507,34.53793],[127.44476,34.53803]]],[[[127.44758,34.71393],[127.44812,34.72009],[127.44324,34.72138],[127.44064,34.70861],[127.44531,34.70955],[127.44758,34.71393]]],[[[127.44711,34.46802],[127.44646,34.46616],[127.4474,34.4683],[127.44711,34.46802]]],[[[127.44825,34.68294],[127.44704,34.68417],[127.44662,34.68311],[127.44825,34.68294]]],[[[127.44183,34.48174],[127.43653,34.47476],[127.44075,34.4691],[127.44582,34.47169],[127.44719,34.4787],[127.44726,34.48216],[127.44183,34.48174]]],[[[127.44082,34.5702],[127.44417,34.57182],[127.44612,34.56657],[127.44818,34.56855],[127.44915,34.56252],[127.4524,34.56453],[127.44963,34.57492],[127.44656,34.57605],[127.44082,34.5702]]],[[[127.44924,34.67877],[127.45088,34.67999],[127.44757,34.68066],[127.44924,34.67877]]],[[[127.45451,34.68419],[127.45211,34.68551],[127.4505,34.68588],[127.45451,34.68419]]],[[[127.45011,34.46168],[127.44951,34.46438],[127.44376,34.46658],[127.45011,34.46168]]],[[[127.45312,34.67164],[127.45125,34.67152],[127.45312,34.67099],[127.45312,34.67164]]],[[[127.46371,34.6903],[127.46265,34.6921],[127.45491,34.687],[127.45741,34.68319],[127.46371,34.6903]]],[[[127.45572,34.56997],[127.45686,34.56471],[127.45809,34.56744],[127.45572,34.56997]]],[[[127.45992,34.55515],[127.45777,34.5565],[127.45845,34.55444],[127.45992,34.55515]]],[[[127.46632,34.56857],[127.46772,34.56486],[127.4712,34.56483],[127.4704,34.5697],[127.46632,34.56857]]],[[[127.50453,34.46876],[127.50535,34.4641],[127.50233,34.46189],[127.49803,34.46748],[127.49358,34.45864],[127.48964,34.45851],[127.48367,34.45886],[127.49067,34.46535],[127.48524,34.46718],[127.48165,34.46416],[127.47277,34.46436],[127.46803,34.47266],[127.46293,34.47169],[127.45714,34.47637],[127.45211,34.4689],[127.45824,34.45202],[127.44967,34.44899],[127.45179,34.44646],[127.46483,34.45281],[127.46546,34.45053],[127.47983,34.45057],[127.48198,34.44716],[127.48541,34.44777],[127.48241,34.44236],[127.47346,34.4424],[127.4641,34.44692],[127.46823,34.43741],[127.47525,34.43274],[127.47909,34.43253],[127.48312,34.43746],[127.48634,34.43313],[127.49299,34.43148],[127.49409,34.42558],[127.48674,34.41769],[127.48728,34.41346],[127.49203,34.41175],[127.49375,34.41594],[127.49709,34.41434],[127.51332,34.42082],[127.51925,34.42653],[127.53014,34.4223],[127.53819,34.43331],[127.53437,34.44363],[127.53713,34.44795],[127.52046,34.45368],[127.52174,34.45769],[127.51344,34.46217],[127.50391,34.47358],[127.50453,34.46876]]],[[[127.47145,34.67476],[127.46942,34.67526],[127.46922,34.67358],[127.47145,34.67476]]],[[[127.46624,34.51156],[127.46488,34.5082],[127.45774,34.51369],[127.46711,34.51795],[127.47254,34.51434],[127.47442,34.518],[127.47072,34.52329],[127.45916,34.52732],[127.46044,34.52965],[127.47314,34.52971],[127.47848,34.53543],[127.47262,34.54421],[127.45638,34.54546],[127.44783,34.5381],[127.44311,34.52723],[127.43386,34.51996],[127.4413,34.51606],[127.44874,34.51709],[127.45616,34.51073],[127.4518,34.50665],[127.45878,34.50384],[127.44074,34.49228],[127.44726,34.4887],[127.45262,34.47862],[127.46299,34.48015],[127.46092,34.48421],[127.46406,34.48555],[127.4854,34.48437],[127.4891,34.48988],[127.49143,34.48772],[127.48912,34.48475],[127.49694,34.48507],[127.50012,34.48945],[127.50698,34.4907],[127.49901,34.50283],[127.49561,34.50245],[127.49031,34.50866],[127.48454,34.50465],[127.47949,34.50973],[127.46624,34.51156]]],[[[127.47148,34.67275],[127.46278,34.67073],[127.46845,34.66608],[127.47678,34.66607],[127.47483,34.66793],[127.47802,34.67054],[127.47148,34.67275]]],[[[127.4895,34.51171],[127.48772,34.51189],[127.48876,34.51135],[127.4895,34.51171]]],[[[127.49572,34.58544],[127.4962,34.58542],[127.49573,34.58564],[127.49572,34.58544]]],[[[127.49848,34.39764],[127.49656,34.39764],[127.49856,34.39663],[127.49848,34.39764]]]]}},{"type":"Feature","properties":{"name":"고흥북부","parents":["고흥","전라남도","전남동부남해앞바다중서부평수구역","전남동부남해앞바다중동부평수구역"]},"geometry":{"type":"MultiPolygon","coordinates":[[[[127.30064,34.72546],[127.30395,34.72667],[127.30187,34.72835],[127.30064,34.72546]]],[[[127.28039,34.56882],[127.29138,34.57582],[127.30813,34.57855],[127.30861,34.58297],[127.31368,34.58695],[127.30775,34.60155],[127.31331,34.6045],[127.31532,34.61692],[127.33453,34.62368],[127.34322,34.63644],[127.35184,34.63474],[127.35589,34.63946],[127.36313,34.63901],[127.36424,34.62902],[127.36183,34.62517],[127.37405,34.61582],[127.36967,34.61262],[127.37018,34.60837],[127.38543,34.60669],[127.39792,34.58819],[127.40821,34.58912],[127.40935,34.59198],[127.40815,34.59859],[127.40578,34.59585],[127.40214,34.60209],[127.40469,34.60794],[127.39801,34.6189],[127.40457,34.62067],[127.40514,34.62345],[127.4215,34.62065],[127.43972,34.63024],[127.44742,34.6251],[127.4614,34.62383],[127.4762,34.62808],[127.47642,34.63184],[127.46267,34.64043],[127.45837,34.647],[127.46356,34.64944],[127.46907,34.64128],[127.4733,34.64101],[127.47617,34.64754],[127.4879,34.64217],[127.49055,34.64455],[127.48976,34.64932],[127.48173,34.64988],[127.47763,34.65334],[127.47999,34.65556],[127.47412,34.65455],[127.47536,34.65825],[127.46709,34.66451],[127.46802,34.66209],[127.46472,34.6623],[127.45346,34.66766],[127.44686,34.66145],[127.44434,34.66343],[127.44762,34.66631],[127.44693,34.67398],[127.44172,34.67342],[127.4372,34.67828],[127.42816,34.67403],[127.43137,34.67821],[127.42326,34.68666],[127.42374,34.69195],[127.4186,34.6917],[127.40652,34.69837],[127.40257,34.70092],[127.40781,34.70382],[127.40145,34.70813],[127.39671,34.70658],[127.39021,34.71169],[127.38878,34.71776],[127.39151,34.71874],[127.37881,34.72719],[127.37931,34.73311],[127.37293,34.74156],[127.37997,34.75089],[127.39729,34.75716],[127.4028,34.76737],[127.39324,34.77614],[127.38532,34.77476],[127.38859,34.7852],[127.39193,34.78323],[127.38621,34.79032],[127.38388,34.80267],[127.37181,34.80753],[127.36398,34.81676],[127.35739,34.81627],[127.35256,34.82538],[127.34056,34.82774],[127.33794,34.82446],[127.33078,34.82405],[127.31862,34.81081],[127.29121,34.81071],[127.28035,34.79461],[127.26626,34.78653],[127.2485,34.78971],[127.24737,34.77813],[127.23998,34.7704],[127.24071,34.75981],[127.24362,34.75941],[127.25231,34.74792],[127.2521,34.74192],[127.26193,34.73192],[127.27069,34.7408],[127.27913,34.73787],[127.27791,34.73418],[127.28589,34.7362],[127.29091,34.73056],[127.30366,34.74973],[127.31536,34.75314],[127.3269,34.75182],[127.32698,34.73337],[127.33287,34.71483],[127.34271,34.71572],[127.3446,34.71001],[127.33339,34.70745],[127.32727,34.68938],[127.32404,34.68738],[127.32036,34.69042],[127.32334,34.68782],[127.31706,34.68143],[127.32029,34.67896],[127.31963,34.66988],[127.31443,34.66423],[127.30478,34.66941],[127.30573,34.66653],[127.28801,34.66718],[127.28532,34.67001],[127.28995,34.67487],[127.28522,34.67005],[127.27946,34.67229],[127.27996,34.68684],[127.286,34.69169],[127.28219,34.69395],[127.28646,34.6969],[127.28234,34.69842],[127.28008,34.7102],[127.27702,34.71121],[127.28098,34.71833],[127.27509,34.71947],[127.26929,34.71222],[127.26274,34.71557],[127.25104,34.7099],[127.24764,34.7022],[127.2403,34.70017],[127.24226,34.69455],[127.24093,34.69199],[127.23676,34.69284],[127.23836,34.68851],[127.24353,34.6867],[127.24326,34.68322],[127.23254,34.67788],[127.22783,34.6546],[127.21323,34.65144],[127.21824,34.63165],[127.21372,34.61542],[127.20561,34.61647],[127.20371,34.60618],[127.21177,34.60514],[127.21094,34.6008],[127.2293,34.59571],[127.232,34.58844],[127.23824,34.58853],[127.25254,34.59803],[127.25594,34.59698],[127.26584,34.5881],[127.26199,34.58215],[127.26442,34.57643],[127.27308,34.56831],[127.28039,34.56882]]],[[[127.30794,34.72694],[127.30594,34.72028],[127.31569,34.72256],[127.31207,34.72756],[127.30794,34.72694]]],[[[127.39715,34.72316],[127.3947,34.72232],[127.39528,34.7209],[127.39715,34.72316]]],[[[127.41362,34.70599],[127.40922,34.70421],[127.42141,34.70121],[127.41362,34.70599]]],[[[127.41419,34.71321],[127.42018,34.71139],[127.41948,34.71384],[127.41419,34.71321]]],[[[127.42123,34.70715],[127.42158,34.70682],[127.42169,34.70743],[127.42123,34.70715]]],[[[127.42318,34.70508],[127.42582,34.70638],[127.42389,34.70706],[127.42318,34.70508]]],[[[127.43196,34.70471],[127.42944,34.70548],[127.42898,34.70464],[127.43196,34.70471]]],[[[127.42345,34.69973],[127.43076,34.69047],[127.43392,34.69151],[127.44335,34.68282],[127.45258,34.68991],[127.45023,34.69581],[127.44562,34.69669],[127.44721,34.6922],[127.44473,34.69008],[127.43963,34.6975],[127.42981,34.7029],[127.42152,34.70127],[127.42345,34.69973]]],[[[127.44567,34.7146],[127.44812,34.72009],[127.44324,34.72138],[127.44064,34.70861],[127.44525,34.70944],[127.44567,34.7146]]],[[[127.45088,34.67999],[127.44757,34.68066],[127.44924,34.67877],[127.45088,34.67999]]],[[[127.45211,34.68551],[127.4505,34.68588],[127.45451,34.68419],[127.45211,34.68551]]],[[[127.45312,34.67099],[127.45312,34.67164],[127.45125,34.67152],[127.45312,34.67099]]],[[[127.45848,34.69032],[127.45491,34.687],[127.45741,34.68319],[127.46371,34.6903],[127.45848,34.69032]]],[[[127.47191,34.68077],[127.4704,34.68111],[127.47262,34.68],[127.47191,34.68077]]],[[[127.47148,34.67275],[127.46278,34.67073],[127.46845,34.66608],[127.47678,34.66607],[127.47482,34.66783],[127.47797,34.67007],[127.47148,34.67275]]]]}},{"type":"Feature","properties":{"name":"고흥남부","parents":["고흥","전라남도","전남동부남해앞바다중서부평수구역","전남동부남해앞바다중동부평수구역"]},"geometry":{"type":"MultiPolygon","coordinates":[[[[127.08176,34.46362],[127.08924,34.46158],[127.08838,34.45235],[127.09081,34.45155],[127.09326,34.46288],[127.08176,34.46362]]],[[[127.09244,34.60848],[127.08905,34.6045],[127.0901,34.59741],[127.09948,34.59484],[127.10113,34.59836],[127.11065,34.59621],[127.10633,34.60491],[127.09573,34.6124],[127.09571,34.60909],[127.09244,34.60848]]],[[[127.11487,34.55538],[127.11235,34.54641],[127.1219,34.54047],[127.12145,34.53026],[127.14716,34.5205],[127.15112,34.52121],[127.15112,34.52453],[127.16678,34.52614],[127.17173,34.51944],[127.17841,34.53115],[127.1948,34.53238],[127.20773,34.52104],[127.20838,34.51682],[127.21221,34.51667],[127.20885,34.52577],[127.21403,34.52638],[127.22088,34.53467],[127.22525,34.52626],[127.23379,34.52458],[127.23083,34.51834],[127.24052,34.51837],[127.24276,34.51505],[127.24502,34.51588],[127.24413,34.52153],[127.25527,34.52075],[127.25964,34.51295],[127.26814,34.51064],[127.27483,34.50185],[127.28113,34.50224],[127.28346,34.49742],[127.28264,34.49095],[127.2764,34.49262],[127.26742,34.48299],[127.27666,34.47829],[127.27765,34.48051],[127.28354,34.47852],[127.2927,34.47154],[127.30106,34.47065],[127.29821,34.46522],[127.31019,34.46206],[127.316,34.45516],[127.31507,34.45311],[127.30883,34.45562],[127.30437,34.45356],[127.30444,34.4499],[127.31111,34.45041],[127.31495,34.44747],[127.31317,34.44439],[127.31852,34.44528],[127.32163,34.44151],[127.32576,34.4429],[127.32472,34.44533],[127.32891,34.44271],[127.33961,34.44882],[127.33608,34.45718],[127.3331,34.45548],[127.33314,34.45811],[127.32237,34.46309],[127.31966,34.46034],[127.31906,34.46772],[127.32375,34.47034],[127.32756,34.46595],[127.33129,34.46861],[127.33121,34.46558],[127.3368,34.46707],[127.33413,34.47182],[127.32551,34.47339],[127.33302,34.4793],[127.34151,34.48073],[127.34118,34.4846],[127.34869,34.48386],[127.34994,34.48117],[127.3466,34.47901],[127.34858,34.47754],[127.3542,34.48436],[127.35363,34.49013],[127.35866,34.49202],[127.37065,34.48024],[127.37824,34.48757],[127.37976,34.4831],[127.38397,34.48664],[127.38685,34.48346],[127.39139,34.48821],[127.38496,34.49791],[127.37715,34.50297],[127.38518,34.50449],[127.39021,34.51011],[127.39297,34.50877],[127.39135,34.50624],[127.40132,34.5043],[127.40728,34.51249],[127.40356,34.51404],[127.40726,34.51925],[127.4154,34.521],[127.41776,34.5156],[127.42916,34.51204],[127.43078,34.51363],[127.42228,34.51769],[127.43082,34.51883],[127.4263,34.52102],[127.42344,34.52879],[127.42862,34.53606],[127.43516,34.53515],[127.43621,34.53744],[127.43542,34.54023],[127.42674,34.54237],[127.43847,34.5487],[127.4332,34.55227],[127.42652,34.54914],[127.4321,34.5556],[127.41968,34.55079],[127.41401,34.55843],[127.40949,34.55567],[127.39624,34.5593],[127.3963,34.56363],[127.40469,34.56862],[127.40386,34.573],[127.40852,34.57975],[127.39612,34.57789],[127.39398,34.58166],[127.39792,34.58819],[127.38543,34.60669],[127.37018,34.60837],[127.36967,34.61262],[127.37405,34.61582],[127.3644,34.62003],[127.36183,34.62517],[127.36424,34.62902],[127.36313,34.63901],[127.35589,34.63946],[127.35329,34.63523],[127.34322,34.63644],[127.33453,34.62368],[127.31679,34.61733],[127.31331,34.6045],[127.30775,34.60155],[127.31368,34.58695],[127.30861,34.58297],[127.30813,34.57855],[127.29138,34.57582],[127.28039,34.56882],[127.27308,34.56831],[127.26199,34.58215],[127.26584,34.5881],[127.25594,34.59698],[127.25254,34.59803],[127.24851,34.59238],[127.232,34.58844],[127.23238,34.59157],[127.22374,34.59913],[127.21094,34.6008],[127.21177,34.60514],[127.20371,34.60618],[127.20561,34.61647],[127.21372,34.61542],[127.21824,34.63165],[127.21323,34.65144],[127.20114,34.64853],[127.19764,34.65099],[127.18251,34.63255],[127.17292,34.62712],[127.1728,34.61137],[127.16768,34.60257],[127.17211,34.59575],[127.17053,34.59346],[127.16283,34.59021],[127.15063,34.59404],[127.14866,34.60038],[127.14262,34.5903],[127.14443,34.58448],[127.1338,34.57884],[127.13675,34.57529],[127.13475,34.57262],[127.12386,34.56987],[127.11956,34.56266],[127.11328,34.5592],[127.11487,34.55538]]],[[[127.12257,34.42082],[127.12448,34.42167],[127.12354,34.42502],[127.12257,34.42082]]],[[[127.12527,34.52257],[127.12296,34.51934],[127.12615,34.51655],[127.1223,34.51263],[127.11851,34.51362],[127.11348,34.52186],[127.10993,34.51967],[127.11041,34.51556],[127.10739,34.51472],[127.10616,34.5176],[127.09761,34.50976],[127.1095,34.50924],[127.11366,34.50209],[127.11901,34.5041],[127.11983,34.50747],[127.1308,34.50618],[127.13547,34.52078],[127.12527,34.52257]]],[[[127.14076,34.59808],[127.14034,34.59856],[127.1404,34.59804],[127.14076,34.59808]]],[[[127.14624,34.49715],[127.14606,34.49484],[127.14953,34.49675],[127.14624,34.49715]]],[[[127.14924,34.50441],[127.14721,34.50489],[127.14839,34.50118],[127.14924,34.50441]]],[[[127.16088,34.51794],[127.16423,34.5194],[127.16408,34.52171],[127.16088,34.51794]]],[[[127.18967,34.52373],[127.19199,34.52447],[127.19154,34.52627],[127.18967,34.52373]]],[[[127.22139,34.43784],[127.21978,34.43862],[127.22033,34.43694],[127.22139,34.43784]]],[[[127.22382,34.42694],[127.22406,34.42695],[127.22376,34.42729],[127.22382,34.42694]]],[[[127.22748,34.43989],[127.22432,34.44158],[127.22369,34.44017],[127.22748,34.43989]]],[[[127.22876,34.46523],[127.2346,34.47781],[127.22964,34.48203],[127.22789,34.48868],[127.22302,34.48897],[127.22477,34.49062],[127.22129,34.49438],[127.21562,34.49534],[127.19892,34.48795],[127.1956,34.49257],[127.17914,34.49144],[127.16313,34.47998],[127.1517,34.48002],[127.14164,34.47277],[127.13634,34.47288],[127.13487,34.47928],[127.12847,34.47815],[127.12397,34.48501],[127.12463,34.48931],[127.11823,34.48697],[127.11375,34.48884],[127.11304,34.486],[127.11728,34.48281],[127.11309,34.4758],[127.10713,34.47525],[127.10748,34.47181],[127.10224,34.4687],[127.09292,34.47069],[127.10641,34.45478],[127.09973,34.4499],[127.10162,34.44735],[127.09926,34.44319],[127.10822,34.44264],[127.10796,34.44662],[127.11449,34.44845],[127.11775,34.44479],[127.11511,34.44379],[127.1156,34.43926],[127.12389,34.4363],[127.12472,34.43134],[127.13711,34.42828],[127.14147,34.42049],[127.1443,34.4289],[127.15438,34.43121],[127.15763,34.42654],[127.16335,34.42906],[127.16106,34.43383],[127.1672,34.43518],[127.18882,34.43031],[127.20903,34.43064],[127.21164,34.43539],[127.21792,34.43725],[127.22204,34.45523],[127.2301,34.4633],[127.22876,34.46523]]],[[[127.23324,34.49603],[127.23149,34.49431],[127.23632,34.49462],[127.23324,34.49603]]],[[[127.23869,34.47604],[127.23542,34.47465],[127.23832,34.47338],[127.23869,34.47604]]],[[[127.2402,34.49085],[127.23946,34.49113],[127.23928,34.49081],[127.2402,34.49085]]],[[[127.24362,34.41579],[127.23692,34.41174],[127.24486,34.41061],[127.24555,34.4082],[127.24207,34.40777],[127.24432,34.40455],[127.25391,34.40279],[127.25191,34.40012],[127.25426,34.39761],[127.24638,34.39344],[127.25078,34.39122],[127.25207,34.38603],[127.26072,34.38146],[127.2725,34.38136],[127.26853,34.38854],[127.27054,34.39094],[127.25869,34.39656],[127.26,34.40346],[127.24688,34.40975],[127.25102,34.41266],[127.24362,34.41579]]],[[[127.24734,34.40431],[127.24694,34.40454],[127.24691,34.40419],[127.24734,34.40431]]],[[[127.26169,34.39944],[127.26158,34.40088],[127.26137,34.40097],[127.26169,34.39944]]],[[[127.26048,34.39942],[127.26159,34.39711],[127.26385,34.39725],[127.26048,34.39942]]],[[[127.27149,34.49665],[127.26893,34.49798],[127.26964,34.49697],[127.27149,34.49665]]],[[[127.29067,34.44789],[127.28907,34.44285],[127.29658,34.4477],[127.29067,34.44789]]],[[[127.29588,34.43663],[127.29573,34.43949],[127.29173,34.43638],[127.29588,34.43663]]],[[[127.30273,34.44436],[127.30658,34.4433],[127.29731,34.4373],[127.30403,34.43616],[127.30275,34.43284],[127.30915,34.4309],[127.31542,34.44105],[127.30273,34.44436]]],[[[127.31779,34.32398],[127.31596,34.32173],[127.32136,34.3174],[127.32103,34.32334],[127.31779,34.32398]]],[[[127.31992,34.43647],[127.31978,34.43222],[127.32378,34.43482],[127.31992,34.43647]]],[[[127.36566,34.4552],[127.36081,34.45597],[127.36366,34.45377],[127.36566,34.4552]]],[[[127.39833,34.49123],[127.3975,34.493],[127.39389,34.49328],[127.39833,34.49123]]],[[[127.39838,34.49105],[127.39782,34.49101],[127.39782,34.48971],[127.39838,34.49105]]],[[[127.4005,34.48681],[127.40011,34.4872],[127.39982,34.48682],[127.4005,34.48681]]],[[[127.40062,34.48165],[127.39687,34.47889],[127.40479,34.47522],[127.40462,34.48143],[127.40062,34.48165]]],[[[127.4148,34.51154],[127.41204,34.51188],[127.41383,34.51101],[127.4148,34.51154]]],[[[127.41751,34.57137],[127.40857,34.5684],[127.40284,34.56267],[127.40741,34.5603],[127.41876,34.563],[127.42062,34.56745],[127.42942,34.56529],[127.4265,34.5707],[127.41718,34.57461],[127.41751,34.57137]]],[[[127.42375,34.57845],[127.42431,34.58171],[127.41734,34.58176],[127.41667,34.57916],[127.42357,34.57529],[127.42375,34.57845]]],[[[127.43789,34.54371],[127.43694,34.54333],[127.43784,34.54325],[127.43789,34.54371]]],[[[127.43984,34.5422],[127.44365,34.53895],[127.4524,34.5465],[127.44765,34.54756],[127.4446,34.54174],[127.43984,34.5422]]],[[[127.44476,34.53803],[127.44435,34.53733],[127.44507,34.53793],[127.44476,34.53803]]],[[[127.44711,34.46802],[127.44646,34.46616],[127.4474,34.4683],[127.44711,34.46802]]],[[[127.44183,34.48174],[127.43653,34.47476],[127.44075,34.4691],[127.44582,34.47169],[127.44719,34.4787],[127.44726,34.48216],[127.44183,34.48174]]],[[[127.44082,34.5702],[127.44417,34.57182],[127.44612,34.56657],[127.44818,34.56855],[127.44915,34.56252],[127.4524,34.56453],[127.44963,34.57492],[127.44654,34.57606],[127.44082,34.5702]]],[[[127.45011,34.46168],[127.44951,34.46438],[127.44378,34.46661],[127.45011,34.46168]]],[[[127.45572,34.56997],[127.45686,34.56471],[127.45809,34.56744],[127.45572,34.56997]]],[[[127.45992,34.55515],[127.45777,34.5565],[127.45845,34.55444],[127.45992,34.55515]]],[[[127.46632,34.56857],[127.46772,34.56486],[127.4712,34.56483],[127.4704,34.5697],[127.46632,34.56857]]],[[[127.50453,34.46876],[127.50535,34.4641],[127.50233,34.46189],[127.49803,34.46748],[127.49358,34.45864],[127.48964,34.45851],[127.48367,34.45886],[127.49067,34.46535],[127.48524,34.46718],[127.48165,34.46416],[127.47277,34.46436],[127.46803,34.47266],[127.46293,34.47169],[127.45714,34.47637],[127.45211,34.4689],[127.45824,34.45202],[127.44967,34.44899],[127.45179,34.44646],[127.46483,34.45281],[127.46546,34.45053],[127.47983,34.45057],[127.48198,34.44716],[127.48541,34.44777],[127.48241,34.44235],[127.47346,34.4424],[127.4641,34.44692],[127.46823,34.43741],[127.47525,34.43274],[127.47909,34.43253],[127.48312,34.43746],[127.48634,34.43313],[127.49299,34.43148],[127.49409,34.42558],[127.48674,34.41769],[127.48728,34.41346],[127.49203,34.41175],[127.49375,34.41594],[127.49709,34.41434],[127.51332,34.42082],[127.51925,34.42653],[127.53014,34.4223],[127.53819,34.43331],[127.53437,34.44363],[127.53713,34.44795],[127.52046,34.45368],[127.52174,34.45769],[127.51344,34.46217],[127.50391,34.47358],[127.50453,34.46876]]],[[[127.46624,34.51156],[127.46488,34.5082],[127.45774,34.51369],[127.46711,34.51795],[127.47254,34.51434],[127.47442,34.518],[127.47072,34.52329],[127.45916,34.52732],[127.46044,34.52965],[127.47314,34.52971],[127.47848,34.53543],[127.47262,34.54421],[127.45638,34.54546],[127.44783,34.5381],[127.44311,34.52723],[127.43386,34.51996],[127.4413,34.51606],[127.44874,34.51709],[127.45616,34.51073],[127.4518,34.50665],[127.45878,34.50384],[127.44074,34.49228],[127.44726,34.4887],[127.45262,34.47862],[127.46299,34.48015],[127.46092,34.48421],[127.46406,34.48555],[127.4854,34.48437],[127.4891,34.48988],[127.49143,34.48772],[127.48912,34.48475],[127.49694,34.48507],[127.50012,34.48945],[127.50698,34.4907],[127.49901,34.50283],[127.49561,34.50245],[127.49031,34.50866],[127.48454,34.50465],[127.47949,34.50973],[127.46624,34.51156]]],[[[127.48552,34.6361],[127.47656,34.63471],[127.47091,34.63759],[127.47642,34.63184],[127.4762,34.62808],[127.46616,34.62727],[127.46108,34.6237],[127.44742,34.6251],[127.43972,34.63024],[127.4215,34.62065],[127.40514,34.62345],[127.40457,34.62067],[127.39801,34.6189],[127.40446,34.61269],[127.40214,34.60209],[127.40578,34.59585],[127.40815,34.59859],[127.409,34.59001],[127.41534,34.58799],[127.41663,34.58325],[127.43067,34.58752],[127.44512,34.57695],[127.44622,34.58061],[127.44952,34.57944],[127.45702,34.58432],[127.45779,34.59162],[127.46167,34.59106],[127.46168,34.58071],[127.47314,34.5744],[127.47819,34.5788],[127.48798,34.57389],[127.48605,34.57801],[127.48893,34.58222],[127.50629,34.59424],[127.50641,34.60401],[127.49721,34.61503],[127.49863,34.61916],[127.49427,34.62657],[127.49728,34.63183],[127.48552,34.6361]]],[[[127.4895,34.51171],[127.48772,34.51189],[127.48876,34.51135],[127.4895,34.51171]]],[[[127.4962,34.58542],[127.49573,34.58564],[127.49572,34.58544],[127.4962,34.58542]]],[[[127.49848,34.39764],[127.49656,34.39764],[127.49856,34.39663],[127.49848,34.39764]]]]}},{"type":"Feature","properties":{"name":"해남북부","parents":["해남","전라남도","전남남부서해앞바다중평수구역"]},"geometry":{"type":"MultiPolygon","coordinates":[[[[126.23916,34.70105],[126.24428,34.6979],[126.24398,34.70034],[126.23916,34.70105]]],[[[126.24667,34.70159],[126.2465,34.70196],[126.24578,34.7016],[126.24667,34.70159]]],[[[126.26298,34.65353],[126.26847,34.64774],[126.26715,34.64292],[126.26112,34.64534],[126.26056,34.64066],[126.27911,34.62992],[126.28465,34.6303],[126.28862,34.63586],[126.29358,34.63129],[126.28755,34.62445],[126.29003,34.62139],[126.28195,34.62106],[126.28428,34.61789],[126.28157,34.61301],[126.27108,34.61507],[126.26162,34.60942],[126.28053,34.6118],[126.28788,34.60492],[126.28381,34.6042],[126.28206,34.59907],[126.27993,34.60021],[126.28015,34.59542],[126.29213,34.59185],[126.29534,34.60071],[126.2988,34.59858],[126.29701,34.5927],[126.29924,34.59025],[126.3127,34.58777],[126.31199,34.58398],[126.30453,34.57916],[126.30922,34.57655],[126.30564,34.57332],[126.31401,34.56672],[126.32152,34.57025],[126.3294,34.56917],[126.33402,34.57338],[126.36033,34.56428],[126.36283,34.56092],[126.38333,34.56184],[126.3846,34.55306],[126.38907,34.55248],[126.38494,34.54274],[126.37847,34.53908],[126.38847,34.53211],[126.40315,34.53902],[126.4003,34.54451],[126.40447,34.54733],[126.41546,34.54602],[126.41813,34.55316],[126.43018,34.55554],[126.43573,34.55037],[126.43232,34.54523],[126.43821,34.53778],[126.43464,34.53662],[126.43945,34.53588],[126.44331,34.53935],[126.46045,34.53201],[126.44499,34.52672],[126.44184,34.5219],[126.45609,34.52376],[126.46472,34.51625],[126.48035,34.53038],[126.51289,34.52222],[126.53973,34.52045],[126.54111,34.50877],[126.54569,34.50456],[126.56491,34.51283],[126.57276,34.51259],[126.58214,34.50598],[126.58614,34.51178],[126.59096,34.51134],[126.59575,34.49575],[126.60008,34.49619],[126.60656,34.49017],[126.60328,34.47374],[126.60926,34.47257],[126.61399,34.46161],[126.62078,34.45542],[126.63542,34.4656],[126.63393,34.48187],[126.65807,34.48767],[126.6694,34.50185],[126.68193,34.511],[126.68041,34.51591],[126.68573,34.52175],[126.68523,34.52858],[126.67413,34.53155],[126.66713,34.53862],[126.67494,34.53969],[126.6903,34.55132],[126.69509,34.56395],[126.67212,34.59132],[126.67436,34.597],[126.68712,34.60634],[126.69275,34.6233],[126.70081,34.63025],[126.6934,34.62838],[126.68277,34.63247],[126.69028,34.64494],[126.69733,34.65011],[126.69198,34.65813],[126.69523,34.66167],[126.70174,34.662],[126.69861,34.67182],[126.70569,34.68182],[126.68278,34.68771],[126.67748,34.6855],[126.66856,34.69191],[126.64751,34.68845],[126.63912,34.67426],[126.60522,34.68359],[126.58755,34.67947],[126.57801,34.6809],[126.57002,34.67851],[126.56281,34.66691],[126.55415,34.66117],[126.54977,34.66401],[126.54391,34.65784],[126.46594,34.70868],[126.38782,34.72586],[126.37378,34.71087],[126.36892,34.69884],[126.35492,34.69351],[126.34707,34.69994],[126.34996,34.70549],[126.34773,34.71044],[126.33937,34.71803],[126.33054,34.72084],[126.33009,34.73287],[126.33448,34.73848],[126.3251,34.74282],[126.31949,34.74956],[126.31386,34.74611],[126.30731,34.74783],[126.31057,34.75179],[126.30751,34.75642],[126.29628,34.76242],[126.28518,34.75638],[126.27449,34.7278],[126.27581,34.72169],[126.28084,34.71786],[126.27453,34.71744],[126.27148,34.70316],[126.25999,34.70443],[126.25822,34.69325],[126.26084,34.68397],[126.25508,34.67946],[126.26036,34.67258],[126.25534,34.66423],[126.26319,34.65848],[126.26298,34.65353]]],[[[126.27656,34.59673],[126.27573,34.59662],[126.27679,34.59647],[126.27656,34.59673]]],[[[126.29971,34.58126],[126.30679,34.58625],[126.30374,34.58879],[126.2993,34.58689],[126.29971,34.58126]]],[[[126.33059,34.56824],[126.32331,34.5668],[126.32013,34.56152],[126.32172,34.55953],[126.33132,34.56319],[126.33059,34.56824]]],[[[126.34007,34.72494],[126.34062,34.72411],[126.34095,34.72518],[126.34007,34.72494]]],[[[126.42305,34.53477],[126.42359,34.53454],[126.42362,34.53499],[126.42305,34.53477]]],[[[126.45112,34.53229],[126.45151,34.53342],[126.45099,34.53317],[126.45112,34.53229]]]]}},{"type":"Feature","properties":{"name":"완도","parents":["전라남도","전남남부서해앞바다중평수구역","전남서부남해앞바다중평수구역","전남동부남해앞바다중서부평수구역"]},"geometry":{"type":"MultiPolygon","coordinates":[[[[126.38364,34.22454],[126.38498,34.22656],[126.38132,34.22767],[126.38364,34.22454]]],[[[126.41778,34.23695],[126.42138,34.22832],[126.4183,34.22296],[126.42277,34.22537],[126.41978,34.2374],[126.41778,34.23695]]],[[[126.42887,34.26681],[126.4257,34.26738],[126.42347,34.26382],[126.42887,34.26681]]],[[[126.45442,34.27219],[126.45191,34.2741],[126.44974,34.27209],[126.45442,34.27219]]],[[[126.45323,34.26413],[126.44857,34.26128],[126.45538,34.26172],[126.45323,34.26413]]],[[[126.47582,34.17088],[126.47525,34.16628],[126.48065,34.16463],[126.48156,34.1688],[126.47582,34.17088]]],[[[126.47551,34.28942],[126.47058,34.28788],[126.47016,34.284],[126.47825,34.2855],[126.47551,34.28942]]],[[[126.47249,34.18694],[126.47778,34.1854],[126.47833,34.17776],[126.48062,34.17753],[126.48651,34.19041],[126.4823,34.19273],[126.47147,34.19067],[126.47249,34.18694]]],[[[126.49194,34.14499],[126.48811,34.14528],[126.49037,34.14368],[126.49194,34.14499]]],[[[126.4899,34.19814],[126.49485,34.19746],[126.49538,34.19946],[126.4899,34.19814]]],[[[126.49906,34.14215],[126.49696,34.14373],[126.49681,34.14105],[126.49906,34.14215]]],[[[126.50441,34.31857],[126.50048,34.31589],[126.50141,34.31374],[126.50441,34.31857]]],[[[126.50962,34.3025],[126.50595,34.29972],[126.50922,34.29784],[126.50962,34.3025]]],[[[126.51503,34.21711],[126.51091,34.20941],[126.5156,34.2082],[126.51503,34.21711]]],[[[126.50314,34.20272],[126.49531,34.19257],[126.49438,34.18483],[126.48611,34.18151],[126.49156,34.17566],[126.49839,34.186],[126.5102,34.1871],[126.51209,34.19548],[126.5183,34.19878],[126.50972,34.19988],[126.50559,34.20488],[126.50314,34.20272]]],[[[126.54322,34.20537],[126.54002,34.20437],[126.54,34.19774],[126.54644,34.19892],[126.54322,34.20537]]],[[[126.54893,34.21952],[126.54924,34.21883],[126.54964,34.21926],[126.54893,34.21952]]],[[[126.55912,34.23359],[126.55656,34.23296],[126.55771,34.23067],[126.55986,34.23315],[126.56286,34.2317],[126.56128,34.22558],[126.56743,34.22394],[126.56539,34.21802],[126.55655,34.2182],[126.55593,34.21327],[126.55811,34.21155],[126.55893,34.21498],[126.56507,34.21192],[126.56083,34.21143],[126.55992,34.20624],[126.55277,34.20458],[126.55867,34.20226],[126.55199,34.19741],[126.55651,34.19597],[126.55407,34.19334],[126.54701,34.1927],[126.54847,34.18926],[126.56236,34.18914],[126.56106,34.17881],[126.58735,34.17259],[126.59089,34.1734],[126.58246,34.18157],[126.58619,34.1843],[126.58551,34.18967],[126.59835,34.19085],[126.59662,34.1835],[126.601,34.1819],[126.61693,34.18361],[126.60999,34.19076],[126.61146,34.19228],[126.6031,34.1946],[126.60502,34.19704],[126.60285,34.19984],[126.61266,34.19798],[126.62222,34.19961],[126.62529,34.20318],[126.61723,34.20923],[126.615,34.21581],[126.59465,34.227],[126.58581,34.22398],[126.57924,34.2286],[126.57223,34.22275],[126.57012,34.22817],[126.56603,34.2291],[126.56699,34.2347],[126.55912,34.23359]]],[[[126.58946,34.16227],[126.59661,34.15868],[126.5973,34.15365],[126.60193,34.15031],[126.60319,34.16113],[126.61582,34.14849],[126.62125,34.15723],[126.62083,34.1646],[126.60867,34.16221],[126.60501,34.16613],[126.60188,34.16445],[126.59773,34.16812],[126.59217,34.1668],[126.58382,34.16996],[126.57679,34.16885],[126.57252,34.16223],[126.57011,34.16962],[126.55547,34.16774],[126.55518,34.17444],[126.54093,34.18169],[126.51619,34.17004],[126.51629,34.1656],[126.50447,34.15965],[126.50891,34.156],[126.50948,34.15088],[126.50644,34.14748],[126.50932,34.14451],[126.5041,34.13921],[126.51441,34.12883],[126.51082,34.12558],[126.51232,34.12308],[126.5209,34.12499],[126.52583,34.12152],[126.53584,34.12613],[126.54309,34.12564],[126.56409,34.13693],[126.56516,34.1437],[126.57629,34.14498],[126.57384,34.1478],[126.58024,34.15362],[126.57898,34.15746],[126.5869,34.15793],[126.58946,34.16227]]],[[[126.56446,34.1731],[126.55868,34.17541],[126.55805,34.1718],[126.56661,34.17118],[126.56446,34.1731]]],[[[126.56119,34.24801],[126.5649,34.24192],[126.56807,34.24346],[126.56119,34.24801]]],[[[126.56914,34.13659],[126.56526,34.12927],[126.57236,34.1294],[126.56914,34.13659]]],[[[126.57053,34.2766],[126.56975,34.28282],[126.56233,34.28389],[126.55048,34.28055],[126.54152,34.2827],[126.54,34.27899],[126.552,34.27476],[126.57053,34.2766]]],[[[126.5855,34.11326],[126.59043,34.11053],[126.59047,34.10482],[126.58473,34.10192],[126.604,34.09739],[126.60248,34.10387],[126.59449,34.10914],[126.59612,34.11202],[126.5855,34.11326]]],[[[126.59194,34.29338],[126.58954,34.29708],[126.59502,34.30393],[126.58083,34.29786],[126.57571,34.29098],[126.5769,34.28872],[126.58625,34.2944],[126.5901,34.29256],[126.58974,34.28898],[126.59349,34.29069],[126.59194,34.29338]]],[[[126.61397,34.24983],[126.60545,34.24689],[126.60568,34.24957],[126.59429,34.24225],[126.5941,34.23372],[126.60127,34.23273],[126.60857,34.23746],[126.61305,34.23308],[126.61989,34.23898],[126.62431,34.23736],[126.62235,34.24674],[126.61397,34.24983]]],[[[126.60912,34.29333],[126.60577,34.2832],[126.60913,34.28135],[126.61347,34.29281],[126.60912,34.29333]]],[[[126.62058,34.19622],[126.61725,34.19512],[126.62208,34.19473],[126.62058,34.19622]]],[[[126.61776,34.22304],[126.61894,34.22223],[126.62064,34.22337],[126.61776,34.22304]]],[[[126.62393,34.20789],[126.62626,34.20897],[126.62569,34.21083],[126.62393,34.20789]]],[[[126.64576,34.16543],[126.63522,34.14955],[126.62783,34.14711],[126.63351,34.14256],[126.63048,34.1367],[126.63582,34.13403],[126.63756,34.12249],[126.64448,34.13025],[126.64975,34.13036],[126.65242,34.12762],[126.65012,34.1216],[126.65336,34.11422],[126.66323,34.11188],[126.66304,34.11718],[126.67044,34.12023],[126.66639,34.1254],[126.6724,34.13198],[126.67008,34.14467],[126.67932,34.14275],[126.68249,34.14689],[126.6783,34.15061],[126.67188,34.14739],[126.66881,34.14977],[126.66853,34.16139],[126.65738,34.16404],[126.65553,34.16892],[126.6571,34.17283],[126.67902,34.17555],[126.68498,34.18133],[126.67031,34.1894],[126.66798,34.19392],[126.64921,34.19984],[126.6462,34.19814],[126.64824,34.19255],[126.64309,34.18661],[126.63324,34.1878],[126.64159,34.18383],[126.63612,34.1814],[126.63711,34.17924],[126.65175,34.17193],[126.65,34.16682],[126.64576,34.16543]]],[[[126.63085,34.20659],[126.63747,34.20428],[126.63811,34.20729],[126.63085,34.20659]]],[[[126.63666,34.34175],[126.63748,34.34138],[126.63694,34.34188],[126.63666,34.34175]]],[[[126.62526,34.40157],[126.62735,34.3948],[126.63847,34.39401],[126.63995,34.39142],[126.64466,34.39492],[126.63473,34.40116],[126.62526,34.40157]]],[[[126.69458,34.4207],[126.69203,34.422],[126.69351,34.4199],[126.69458,34.4207]]],[[[126.71072,34.41817],[126.70025,34.41356],[126.70496,34.41127],[126.71541,34.41336],[126.7188,34.40864],[126.72681,34.40635],[126.72498,34.41276],[126.71072,34.41817]]],[[[126.64702,34.32857],[126.65739,34.32864],[126.66868,34.32375],[126.6703,34.31594],[126.67735,34.3148],[126.68205,34.30745],[126.67942,34.30424],[126.68582,34.3019],[126.69479,34.2925],[126.70959,34.29784],[126.71732,34.29706],[126.73177,34.28703],[126.73798,34.28665],[126.73178,34.30156],[126.73545,34.30438],[126.73536,34.30114],[126.74371,34.29624],[126.73979,34.29666],[126.74825,34.29152],[126.76065,34.29267],[126.76818,34.29035],[126.76946,34.28707],[126.77471,34.28807],[126.77216,34.2945],[126.76159,34.30045],[126.77093,34.31134],[126.76852,34.31685],[126.76352,34.3183],[126.75546,34.31504],[126.75122,34.31824],[126.74835,34.32157],[126.75064,34.32635],[126.74577,34.32812],[126.74409,34.33585],[126.73569,34.34291],[126.73821,34.34658],[126.73256,34.35162],[126.73325,34.35911],[126.73052,34.36083],[126.73214,34.3764],[126.71944,34.38746],[126.71252,34.38903],[126.7044,34.39831],[126.6944,34.39849],[126.69496,34.40415],[126.69399,34.39722],[126.68521,34.4037],[126.67645,34.3995],[126.66956,34.40216],[126.67225,34.39734],[126.66711,34.39563],[126.64859,34.39408],[126.64608,34.38768],[126.63898,34.38214],[126.64576,34.36735],[126.64139,34.36164],[126.64561,34.34706],[126.64067,34.34119],[126.64689,34.33912],[126.64911,34.33374],[126.64419,34.32919],[126.64702,34.32857]]],[[[126.73787,34.36135],[126.73441,34.35851],[126.73878,34.35829],[126.73787,34.36135]]],[[[126.74347,34.39151],[126.74079,34.39472],[126.74511,34.39798],[126.74346,34.40167],[126.74039,34.39895],[126.7352,34.40325],[126.73256,34.40152],[126.73472,34.39336],[126.74347,34.39151]]],[[[126.74752,34.15377],[126.74423,34.14987],[126.74832,34.14883],[126.74783,34.15623],[126.74752,34.15377]]],[[[126.762,34.21103],[126.75255,34.20529],[126.74982,34.18849],[126.76077,34.17698],[126.76344,34.18767],[126.76825,34.18875],[126.77266,34.19754],[126.762,34.21103]]],[[[126.7691,34.22967],[126.7712,34.22272],[126.77785,34.22373],[126.7781,34.22711],[126.7691,34.22967]]],[[[126.82081,34.38453],[126.82533,34.386],[126.83129,34.37834],[126.8334,34.38423],[126.84714,34.39014],[126.85495,34.39251],[126.86565,34.38983],[126.86653,34.39672],[126.85889,34.39648],[126.86088,34.40269],[126.85731,34.40813],[126.8487,34.40654],[126.85005,34.41848],[126.84022,34.41053],[126.82378,34.4189],[126.82767,34.42256],[126.84354,34.42067],[126.84347,34.43068],[126.83861,34.43455],[126.83413,34.43152],[126.83438,34.44372],[126.80085,34.43143],[126.78831,34.43274],[126.77514,34.42285],[126.76421,34.40946],[126.76842,34.39933],[126.75819,34.39366],[126.75096,34.38155],[126.77954,34.38198],[126.76565,34.36505],[126.76832,34.35689],[126.77609,34.35408],[126.78184,34.36239],[126.78042,34.36904],[126.78517,34.37039],[126.7933,34.38233],[126.79847,34.38144],[126.80472,34.38551],[126.80791,34.38236],[126.82081,34.38453]]],[[[126.83583,34.2988],[126.83606,34.30206],[126.83346,34.30084],[126.83583,34.2988]]],[[[126.89486,34.33062],[126.89926,34.3422],[126.89638,34.34489],[126.88065,34.33634],[126.87203,34.34933],[126.86568,34.34951],[126.85951,34.34523],[126.85609,34.35128],[126.848,34.34427],[126.84252,34.34938],[126.84363,34.35267],[126.83951,34.35276],[126.83482,34.35869],[126.82061,34.35049],[126.81812,34.34119],[126.82043,34.3392],[126.8069,34.33397],[126.80165,34.33366],[126.78702,34.3461],[126.77811,34.33222],[126.76214,34.33838],[126.7516,34.33486],[126.76882,34.32843],[126.78017,34.32807],[126.79052,34.32176],[126.79396,34.31538],[126.79941,34.31969],[126.79811,34.32301],[126.80485,34.32627],[126.83031,34.32524],[126.83691,34.31329],[126.84033,34.31303],[126.83655,34.30658],[126.84184,34.29898],[126.84819,34.29994],[126.85632,34.31053],[126.86679,34.31414],[126.86185,34.31964],[126.86586,34.32234],[126.87229,34.31819],[126.87455,34.3091],[126.88187,34.31145],[126.88599,34.32335],[126.87982,34.32661],[126.88164,34.33128],[126.88445,34.33323],[126.89486,34.33062]]],[[[126.84549,34.17506],[126.84548,34.17495],[126.84607,34.17477],[126.84549,34.17506]]],[[[126.84873,34.20525],[126.84428,34.20326],[126.85928,34.20291],[126.84873,34.20525]]],[[[126.84686,34.19028],[126.85008,34.18937],[126.84956,34.1919],[126.84686,34.19028]]],[[[126.88935,34.21728],[126.87201,34.21009],[126.87105,34.20403],[126.85882,34.20067],[126.86147,34.19454],[126.85313,34.18619],[126.85756,34.17773],[126.85232,34.17815],[126.84706,34.17426],[126.85404,34.17094],[126.85779,34.17262],[126.85912,34.16944],[126.85077,34.16603],[126.85524,34.16023],[126.85341,34.15847],[126.85635,34.15051],[126.86044,34.15679],[126.85946,34.16153],[126.86491,34.16585],[126.87072,34.16577],[126.88124,34.15522],[126.87844,34.15173],[126.88128,34.14972],[126.8997,34.15574],[126.90548,34.15466],[126.90591,34.15119],[126.91501,34.15363],[126.92,34.16972],[126.92567,34.1736],[126.92017,34.18622],[126.93132,34.18867],[126.92357,34.19152],[126.9111,34.1828],[126.90701,34.1842],[126.91276,34.19125],[126.90364,34.20219],[126.91163,34.20597],[126.91147,34.20964],[126.90364,34.21353],[126.89514,34.21246],[126.88935,34.21728]]],[[[126.85168,34.431],[126.85451,34.42538],[126.85717,34.42549],[126.85168,34.431]]],[[[126.85693,34.42461],[126.85728,34.41899],[126.86225,34.42037],[126.85693,34.42461]]],[[[126.86411,34.41541],[126.86107,34.41422],[126.86141,34.41231],[126.86411,34.41541]]],[[[126.86544,34.28841],[126.86329,34.28802],[126.86408,34.28372],[126.86544,34.28841]]],[[[126.86462,34.29907],[126.86575,34.30066],[126.86536,34.30137],[126.86462,34.29907]]],[[[126.87285,34.42708],[126.86897,34.42221],[126.87785,34.41694],[126.87285,34.42708]]],[[[126.87649,34.30687],[126.87638,34.30721],[126.87591,34.30685],[126.87649,34.30687]]],[[[126.90059,34.28727],[126.89477,34.28614],[126.89755,34.28322],[126.90059,34.28727]]],[[[126.91076,34.20393],[126.90934,34.20425],[126.91035,34.20354],[126.91076,34.20393]]],[[[126.90846,34.40391],[126.91279,34.40691],[126.91114,34.40829],[126.90846,34.40391]]],[[[126.92392,33.98874],[126.92142,33.98628],[126.91715,33.98916],[126.90913,33.98246],[126.91267,33.97191],[126.9144,33.96962],[126.93455,33.96857],[126.93713,33.97272],[126.93394,33.98367],[126.92099,33.9897],[126.92392,33.98874]]],[[[126.91231,34.35833],[126.91285,34.35598],[126.91746,34.35663],[126.92454,34.36153],[126.92358,34.3664],[126.92864,34.37032],[126.93833,34.36605],[126.94785,34.36775],[126.94774,34.3774],[126.93499,34.38367],[126.94219,34.38688],[126.94308,34.39483],[126.95114,34.40346],[126.94839,34.41009],[126.9431,34.41279],[126.94401,34.40876],[126.94015,34.40749],[126.94299,34.40278],[126.93542,34.39495],[126.93619,34.39195],[126.93058,34.39057],[126.92662,34.39385],[126.92216,34.39204],[126.9224,34.39438],[126.91194,34.39195],[126.91391,34.39385],[126.90698,34.40182],[126.90132,34.40208],[126.90253,34.39805],[126.89769,34.39966],[126.89911,34.40463],[126.89393,34.40095],[126.89668,34.39734],[126.89433,34.39594],[126.882,34.40702],[126.87943,34.40099],[126.87176,34.40128],[126.87403,34.4071],[126.86451,34.4109],[126.86183,34.40635],[126.8711,34.40069],[126.87487,34.39272],[126.8679,34.39052],[126.86344,34.37293],[126.87011,34.36799],[126.88852,34.36532],[126.88657,34.36299],[126.88908,34.35865],[126.89668,34.35929],[126.90828,34.35333],[126.90716,34.35725],[126.91231,34.35833]]],[[[126.95337,34.41612],[126.94952,34.41351],[126.95203,34.41026],[126.95337,34.41612]]],[[[126.98868,34.21892],[126.99184,34.21675],[126.99094,34.21962],[126.98868,34.21892]]],[[[126.97441,34.33965],[126.96277,34.33391],[126.95718,34.32738],[126.95999,34.32023],[126.95728,34.31541],[126.95971,34.31165],[126.96847,34.30986],[126.97245,34.30106],[126.97698,34.30586],[127.0033,34.31425],[127.00583,34.32185],[127.01625,34.32379],[127.01478,34.33122],[127.00843,34.33112],[127.00037,34.33885],[126.99187,34.33586],[126.98273,34.34088],[126.97441,34.33965]]],[[[127.02947,34.38013],[127.03087,34.37764],[127.02652,34.37328],[127.01408,34.37728],[127.01048,34.37381],[127.01714,34.36866],[127.01396,34.36594],[127.00956,34.36753],[127.01145,34.36387],[127.00687,34.35693],[126.99626,34.35656],[126.98904,34.36228],[126.9851,34.35994],[127.00728,34.34932],[127.01291,34.35553],[127.02885,34.34822],[127.0331,34.3425],[127.02617,34.33649],[127.03135,34.33937],[127.03074,34.33223],[127.03552,34.33316],[127.03701,34.33974],[127.05083,34.34095],[127.054,34.33473],[127.05137,34.32911],[127.03736,34.32628],[127.04146,34.3084],[127.04394,34.31357],[127.0416,34.31443],[127.05031,34.32436],[127.05598,34.32313],[127.05661,34.33026],[127.06942,34.33431],[127.07708,34.33222],[127.07881,34.33735],[127.06201,34.34068],[127.0676,34.34736],[127.07346,34.3438],[127.0878,34.34236],[127.09383,34.33559],[127.0986,34.33706],[127.09523,34.34287],[127.08284,34.35108],[127.08577,34.35737],[127.07573,34.35835],[127.07612,34.36158],[127.06683,34.36069],[127.05748,34.35299],[127.04739,34.35064],[127.04275,34.35716],[127.04564,34.35973],[127.04182,34.36266],[127.04561,34.36653],[127.03453,34.3706],[127.03522,34.37456],[127.03174,34.37476],[127.02947,34.38013]]],[[[127.0045,34.28259],[127.00461,34.2803],[127.00766,34.28133],[127.0045,34.28259]]],[[[127.00705,34.43968],[127.00913,34.43576],[127.01216,34.43566],[127.00705,34.43968]]],[[[127.01417,34.25703],[127.01094,34.25781],[127.00858,34.2546],[127.01266,34.25151],[127.01259,34.24268],[127.01563,34.23979],[127.01978,34.24484],[127.01417,34.25703]]],[[[127.01127,34.3211],[127.01164,34.3199],[127.01384,34.31951],[127.01127,34.3211]]],[[[127.00517,34.22086],[127.01379,34.22329],[127.0052,34.2244],[127.00517,34.22086]]],[[[127.02457,34.44772],[127.0208,34.45048],[127.02215,34.44694],[127.02457,34.44772]]],[[[127.02711,34.38438],[127.02353,34.38433],[127.02299,34.38143],[127.02876,34.38109],[127.02711,34.38438]]],[[[127.03259,34.40712],[127.03188,34.40281],[127.03554,34.40576],[127.03259,34.40712]]],[[[127.03697,34.39477],[127.03774,34.39261],[127.03259,34.39126],[127.03583,34.38945],[127.03395,34.38753],[127.04786,34.38506],[127.05204,34.38998],[127.05163,34.39259],[127.03697,34.39477]]],[[[127.05165,34.45269],[127.04446,34.46],[127.02255,34.45366],[127.03305,34.45035],[127.03807,34.43617],[127.03848,34.42105],[127.05148,34.41502],[127.049,34.42758],[127.05162,34.42979],[127.06136,34.4258],[127.05915,34.41351],[127.06244,34.40436],[127.06656,34.40571],[127.06588,34.40888],[127.07207,34.41494],[127.06611,34.42112],[127.07581,34.4235],[127.07527,34.42868],[127.06804,34.43669],[127.07027,34.43861],[127.06318,34.45317],[127.05419,34.45699],[127.05724,34.45426],[127.05165,34.45269]]],[[[127.05852,34.36024],[127.05505,34.36075],[127.05527,34.35793],[127.05961,34.35636],[127.05852,34.36024]]],[[[127.06162,34.31436],[127.06109,34.3142],[127.06217,34.31389],[127.06162,34.31436]]],[[[127.06182,34.31285],[127.06164,34.30827],[127.06384,34.30817],[127.06182,34.31285]]],[[[127.06394,34.30749],[127.064,34.30817],[127.06358,34.30768],[127.06394,34.30749]]],[[[127.07988,34.19329],[127.07179,34.19323],[127.07171,34.19047],[127.07988,34.19329]]],[[[127.08315,34.40585],[127.08269,34.40641],[127.08247,34.40612],[127.08315,34.40585]]],[[[127.07863,34.42652],[127.07926,34.41675],[127.07562,34.41053],[127.08245,34.4064],[127.08226,34.41146],[127.0792,34.41095],[127.07821,34.41469],[127.08346,34.41428],[127.08588,34.41725],[127.08394,34.42473],[127.07863,34.42652]]],[[[127.07751,34.3287],[127.08075,34.32418],[127.09145,34.32367],[127.08901,34.32954],[127.07751,34.3287]]],[[[127.09,34.31039],[127.08886,34.31118],[127.08599,34.30833],[127.09,34.31039]]],[[[127.09027,34.25657],[127.09016,34.2571],[127.08947,34.25685],[127.09027,34.25657]]],[[[127.08494,34.3905],[127.07265,34.38538],[127.07896,34.38233],[127.07027,34.37511],[127.07534,34.37398],[127.07896,34.37756],[127.08237,34.37507],[127.08903,34.37982],[127.08859,34.38354],[127.0957,34.38566],[127.0941,34.39104],[127.08494,34.3905]]],[[[127.09519,34.37246],[127.09449,34.3734],[127.09397,34.3731],[127.09519,34.37246]]],[[[127.09691,34.30627],[127.09439,34.30406],[127.09933,34.3027],[127.10316,34.30662],[127.10226,34.30933],[127.09691,34.30627]]],[[[127.10067,34.35728],[127.10155,34.35977],[127.09839,34.35926],[127.10067,34.35728]]],[[[127.11687,34.41472],[127.11573,34.4087],[127.11788,34.40807],[127.11687,34.41472]]],[[[127.12609,34.30449],[127.12089,34.30248],[127.1326,34.3],[127.13276,34.30248],[127.12609,34.30449]]],[[[127.12455,34.3146],[127.13436,34.31081],[127.13357,34.31481],[127.12455,34.3146]]],[[[127.13226,34.2164],[127.13232,34.21678],[127.13192,34.21671],[127.13226,34.2164]]],[[[127.14664,34.27029],[127.14603,34.27096],[127.1457,34.27078],[127.14664,34.27029]]],[[[127.14719,34.20052],[127.14953,34.20295],[127.14394,34.20423],[127.14719,34.20052]]],[[[127.15679,34.28461],[127.15569,34.28248],[127.15932,34.28234],[127.15679,34.28461]]],[[[127.16705,34.20915],[127.15372,34.20774],[127.15311,34.20375],[127.17469,34.20396],[127.17683,34.20913],[127.16705,34.20915]]],[[[127.2012,34.2205],[127.19819,34.22408],[127.19376,34.2176],[127.1978,34.21679],[127.2012,34.2205]]],[[[127.1988,34.21038],[127.19862,34.20926],[127.19973,34.20936],[127.1988,34.21038]]],[[[127.19965,34.20867],[127.1994,34.20916],[127.19911,34.20881],[127.19965,34.20867]]]]}},{"type":"Feature","properties":{"name":"완도(여서도제외)","parents":["완도","전라남도","전남남부서해앞바다중평수구역","전남서부남해앞바다중평수구역","전남동부남해앞바다중서부평수구역"]},"geometry":{"type":"MultiPolygon","coordinates":[[[[126.38364,34.22454],[126.38498,34.22656],[126.38132,34.22767],[126.38364,34.22454]]],[[[126.41778,34.23695],[126.42138,34.22832],[126.4183,34.22296],[126.42277,34.22537],[126.41978,34.2374],[126.41778,34.23695]]],[[[126.42887,34.26681],[126.4257,34.26738],[126.42347,34.26382],[126.42887,34.26681]]],[[[126.45442,34.27219],[126.45191,34.2741],[126.44974,34.27209],[126.45442,34.27219]]],[[[126.45323,34.26413],[126.44857,34.26128],[126.45538,34.26172],[126.45323,34.26413]]],[[[126.47551,34.28942],[126.47058,34.28788],[126.47016,34.284],[126.47825,34.2855],[126.47551,34.28942]]],[[[126.47582,34.17088],[126.47525,34.16628],[126.48065,34.16463],[126.48156,34.1688],[126.47582,34.17088]]],[[[126.47249,34.18694],[126.47778,34.1854],[126.47833,34.17776],[126.48062,34.17753],[126.48651,34.19041],[126.4823,34.19273],[126.47147,34.19067],[126.47249,34.18694]]],[[[126.49194,34.14499],[126.48811,34.14528],[126.49037,34.14368],[126.49194,34.14499]]],[[[126.4899,34.19814],[126.49485,34.19746],[126.49538,34.19946],[126.4899,34.19814]]],[[[126.49906,34.14215],[126.49696,34.14373],[126.49681,34.14105],[126.49906,34.14215]]],[[[126.50441,34.31857],[126.50048,34.31589],[126.50141,34.31374],[126.50441,34.31857]]],[[[126.51008,34.30157],[126.50595,34.29972],[126.50922,34.29784],[126.51008,34.30157]]],[[[126.51503,34.21711],[126.51091,34.20941],[126.5156,34.2082],[126.51503,34.21711]]],[[[126.50314,34.20272],[126.49531,34.19257],[126.49438,34.18483],[126.48611,34.18151],[126.49156,34.17566],[126.49839,34.186],[126.5102,34.1871],[126.51209,34.19548],[126.5183,34.19878],[126.50972,34.19988],[126.50559,34.20488],[126.50314,34.20272]]],[[[126.54322,34.20537],[126.54002,34.20437],[126.54,34.19774],[126.54644,34.19892],[126.54322,34.20537]]],[[[126.55912,34.23359],[126.55656,34.23296],[126.55771,34.23067],[126.55986,34.23315],[126.56286,34.2317],[126.56128,34.22558],[126.56743,34.22394],[126.56539,34.21802],[126.55655,34.2182],[126.55593,34.21327],[126.55811,34.21155],[126.55893,34.21498],[126.56507,34.21192],[126.56083,34.21143],[126.55992,34.20624],[126.55277,34.20458],[126.55867,34.20226],[126.55199,34.19741],[126.55651,34.19597],[126.55407,34.19334],[126.54701,34.1927],[126.54847,34.18926],[126.56236,34.18914],[126.56106,34.17881],[126.58735,34.17259],[126.59089,34.1734],[126.58246,34.18157],[126.58619,34.1843],[126.58551,34.18967],[126.59835,34.19085],[126.59662,34.1835],[126.601,34.1819],[126.61693,34.18361],[126.60999,34.19076],[126.61146,34.19228],[126.6031,34.1946],[126.60502,34.19704],[126.60285,34.19984],[126.61266,34.19798],[126.62222,34.19961],[126.62529,34.20318],[126.61723,34.20923],[126.615,34.21581],[126.59465,34.227],[126.58581,34.22398],[126.57924,34.2286],[126.57223,34.22275],[126.57012,34.22817],[126.56603,34.2291],[126.56699,34.2347],[126.55912,34.23359]]],[[[126.58946,34.16227],[126.59661,34.15868],[126.5973,34.15365],[126.60193,34.15031],[126.60319,34.16113],[126.61582,34.14849],[126.62125,34.15723],[126.62083,34.1646],[126.60867,34.16221],[126.60501,34.16613],[126.60188,34.16445],[126.59773,34.16812],[126.59217,34.1668],[126.58382,34.16996],[126.57679,34.16885],[126.57252,34.16223],[126.57011,34.16962],[126.55547,34.16774],[126.55518,34.17444],[126.54091,34.18172],[126.51619,34.17004],[126.51629,34.1656],[126.50447,34.15965],[126.50891,34.156],[126.50948,34.15088],[126.50644,34.14748],[126.50932,34.14451],[126.5041,34.13921],[126.51441,34.12883],[126.51082,34.12558],[126.51232,34.12308],[126.5209,34.12499],[126.52583,34.12152],[126.53584,34.12613],[126.54309,34.12564],[126.56409,34.13693],[126.56516,34.1437],[126.57629,34.14498],[126.57384,34.1478],[126.58024,34.15362],[126.57898,34.15746],[126.5869,34.15793],[126.58946,34.16227]]],[[[126.56446,34.1731],[126.55868,34.17541],[126.55805,34.1718],[126.56661,34.17118],[126.56446,34.1731]]],[[[126.56119,34.24801],[126.5649,34.24192],[126.56807,34.24346],[126.56119,34.24801]]],[[[126.56914,34.13659],[126.56526,34.12927],[126.57236,34.1294],[126.56914,34.13659]]],[[[126.57053,34.2766],[126.56977,34.28282],[126.56233,34.28389],[126.55048,34.28055],[126.54152,34.2827],[126.54,34.27899],[126.552,34.27476],[126.57053,34.2766]]],[[[126.5855,34.11326],[126.59043,34.11053],[126.59047,34.10482],[126.58473,34.10192],[126.604,34.09739],[126.60248,34.10387],[126.59449,34.10914],[126.59612,34.11202],[126.5855,34.11326]]],[[[126.59194,34.29338],[126.58954,34.29708],[126.59502,34.30393],[126.58083,34.29786],[126.57571,34.29098],[126.5769,34.28872],[126.58625,34.2944],[126.5901,34.29256],[126.58974,34.28898],[126.59349,34.29069],[126.59194,34.29338]]],[[[126.61397,34.24983],[126.60545,34.24689],[126.60568,34.24957],[126.59429,34.24225],[126.5941,34.23372],[126.60127,34.23273],[126.60857,34.23746],[126.61305,34.23308],[126.61989,34.23898],[126.62431,34.23736],[126.62235,34.24674],[126.61397,34.24983]]],[[[126.60912,34.29333],[126.60577,34.2832],[126.60913,34.28135],[126.61347,34.29281],[126.60912,34.29333]]],[[[126.61171,34.30962],[126.60982,34.31064],[126.60961,34.30891],[126.61171,34.30962]]],[[[126.62058,34.19622],[126.61725,34.19512],[126.62208,34.19473],[126.62058,34.19622]]],[[[126.61776,34.22304],[126.62087,34.22247],[126.62064,34.22337],[126.61776,34.22304]]],[[[126.62309,34.18961],[126.62206,34.18941],[126.62334,34.18911],[126.62309,34.18961]]],[[[126.6262,34.20892],[126.62569,34.21083],[126.62393,34.20789],[126.6262,34.20892]]],[[[126.64576,34.16543],[126.63522,34.14955],[126.62783,34.14711],[126.63351,34.14256],[126.63048,34.1367],[126.63582,34.13403],[126.63756,34.12249],[126.64448,34.13025],[126.64975,34.13036],[126.65242,34.12762],[126.65012,34.1216],[126.65336,34.11422],[126.66323,34.11188],[126.66304,34.11718],[126.67044,34.12023],[126.66639,34.1254],[126.6724,34.13198],[126.67008,34.14467],[126.67932,34.14275],[126.68249,34.14689],[126.6783,34.15061],[126.67188,34.14739],[126.66881,34.14977],[126.66853,34.16139],[126.65738,34.16404],[126.65553,34.16892],[126.6571,34.17283],[126.67902,34.17555],[126.68498,34.18133],[126.67031,34.1894],[126.66798,34.19392],[126.64921,34.19984],[126.6462,34.19814],[126.64824,34.19255],[126.64309,34.18661],[126.63324,34.1878],[126.64159,34.18383],[126.63612,34.1814],[126.63711,34.17924],[126.65175,34.17193],[126.65,34.16682],[126.64576,34.16543]]],[[[126.63085,34.20659],[126.63747,34.20428],[126.63811,34.20729],[126.63085,34.20659]]],[[[126.62526,34.40157],[126.62735,34.3948],[126.63847,34.39401],[126.63995,34.39142],[126.64466,34.39492],[126.63473,34.40116],[126.62526,34.40157]]],[[[126.69203,34.422],[126.69351,34.4199],[126.69458,34.4207],[126.69203,34.422]]],[[[126.71072,34.41817],[126.70025,34.41356],[126.70496,34.41127],[126.71541,34.41336],[126.7188,34.40864],[126.72681,34.40635],[126.72498,34.41276],[126.71072,34.41817]]],[[[126.7305,34.40092],[126.7299,34.40156],[126.72965,34.40103],[126.7305,34.40092]]],[[[126.64702,34.32857],[126.65739,34.32864],[126.66868,34.32375],[126.6703,34.31594],[126.67735,34.3148],[126.68205,34.30745],[126.67942,34.30424],[126.68582,34.3019],[126.69479,34.2925],[126.70959,34.29784],[126.71732,34.29706],[126.73177,34.28703],[126.73798,34.28665],[126.73178,34.30156],[126.73545,34.30438],[126.73536,34.30114],[126.74371,34.29624],[126.73979,34.29666],[126.74825,34.29152],[126.76065,34.29267],[126.76818,34.29035],[126.76946,34.28707],[126.77471,34.28807],[126.77216,34.2945],[126.76159,34.30045],[126.77093,34.31134],[126.76852,34.31685],[126.76352,34.3183],[126.75546,34.31504],[126.75122,34.31824],[126.74835,34.32157],[126.75064,34.32635],[126.74577,34.32812],[126.74409,34.33585],[126.73569,34.34291],[126.73821,34.34658],[126.73256,34.35162],[126.73325,34.35911],[126.73052,34.36083],[126.73214,34.3764],[126.71944,34.38746],[126.71252,34.38903],[126.7044,34.39831],[126.6944,34.39849],[126.69496,34.40415],[126.69399,34.39722],[126.68521,34.4037],[126.67645,34.3995],[126.66956,34.40216],[126.67225,34.39734],[126.66711,34.39563],[126.64859,34.39408],[126.64608,34.38768],[126.63898,34.38214],[126.64576,34.36735],[126.64139,34.36164],[126.64561,34.34706],[126.64067,34.34119],[126.64689,34.33912],[126.64911,34.33374],[126.64419,34.32919],[126.64702,34.32857]]],[[[126.73654,34.36171],[126.73441,34.35851],[126.73878,34.35829],[126.73654,34.36171]]],[[[126.74347,34.39151],[126.74079,34.39472],[126.74511,34.39798],[126.74346,34.40167],[126.74039,34.39895],[126.7352,34.40325],[126.73256,34.40152],[126.73472,34.39336],[126.74347,34.39151]]],[[[126.74752,34.15377],[126.74423,34.14987],[126.74832,34.14883],[126.74752,34.15377]]],[[[126.762,34.21103],[126.75255,34.20529],[126.74982,34.18849],[126.76077,34.17698],[126.76344,34.18767],[126.76825,34.18875],[126.77266,34.19754],[126.762,34.21103]]],[[[126.76312,34.34943],[126.76381,34.34976],[126.76316,34.35003],[126.76312,34.34943]]],[[[126.76983,34.35141],[126.76954,34.35368],[126.76856,34.35301],[126.76983,34.35141]]],[[[126.7691,34.22967],[126.7712,34.22272],[126.77785,34.22373],[126.7781,34.22711],[126.7691,34.22967]]],[[[126.82081,34.38453],[126.82533,34.386],[126.83129,34.37834],[126.8334,34.38423],[126.84714,34.39014],[126.85495,34.39251],[126.86565,34.38983],[126.86653,34.39672],[126.85889,34.39648],[126.86088,34.40269],[126.85731,34.40813],[126.8487,34.40654],[126.85005,34.41848],[126.84022,34.41053],[126.82378,34.4189],[126.82767,34.42256],[126.84354,34.42067],[126.84347,34.43068],[126.83861,34.43455],[126.83413,34.43152],[126.83438,34.44372],[126.80085,34.43143],[126.78831,34.43274],[126.77514,34.42285],[126.76421,34.40946],[126.76842,34.39933],[126.75819,34.39366],[126.75096,34.38155],[126.77954,34.38198],[126.76565,34.36505],[126.76832,34.35689],[126.77609,34.35408],[126.78184,34.36239],[126.78042,34.36904],[126.78517,34.37039],[126.7933,34.38233],[126.79847,34.38144],[126.80472,34.38551],[126.80791,34.38236],[126.82081,34.38453]]],[[[126.83583,34.2988],[126.83606,34.30206],[126.83346,34.30084],[126.83583,34.2988]]],[[[126.89486,34.33062],[126.89926,34.3422],[126.89638,34.34489],[126.88065,34.33634],[126.87203,34.34933],[126.86568,34.34951],[126.85951,34.34523],[126.85609,34.35128],[126.848,34.34427],[126.84252,34.34938],[126.84363,34.35267],[126.83951,34.35276],[126.83482,34.35869],[126.82061,34.35049],[126.81812,34.34119],[126.82043,34.3392],[126.8069,34.33397],[126.80165,34.33366],[126.78702,34.3461],[126.77811,34.33222],[126.76214,34.33838],[126.7516,34.33486],[126.76882,34.32843],[126.78017,34.32807],[126.79052,34.32176],[126.79396,34.31538],[126.79941,34.31969],[126.79811,34.32301],[126.80485,34.32627],[126.83031,34.32524],[126.83691,34.31329],[126.84033,34.31303],[126.83655,34.30658],[126.84184,34.29898],[126.84819,34.29994],[126.85632,34.31053],[126.86679,34.31414],[126.86185,34.31964],[126.86586,34.32234],[126.87229,34.31819],[126.87455,34.3091],[126.88187,34.31145],[126.88599,34.32335],[126.87982,34.32661],[126.88164,34.33128],[126.88445,34.33323],[126.89486,34.33062]]],[[[126.84549,34.17506],[126.84548,34.17495],[126.84607,34.17477],[126.84549,34.17506]]],[[[126.84873,34.20525],[126.84428,34.20326],[126.85928,34.20291],[126.84873,34.20525]]],[[[126.88935,34.21728],[126.87201,34.21009],[126.87105,34.20403],[126.85882,34.20067],[126.86147,34.19454],[126.85313,34.18619],[126.85756,34.17773],[126.85232,34.17815],[126.84706,34.17426],[126.85404,34.17094],[126.85779,34.17262],[126.85912,34.16944],[126.85077,34.16603],[126.85524,34.16023],[126.85341,34.15847],[126.85635,34.15051],[126.86044,34.15679],[126.85946,34.16153],[126.86491,34.16585],[126.87072,34.16577],[126.88124,34.15522],[126.87844,34.15173],[126.88128,34.14972],[126.8997,34.15574],[126.90548,34.15466],[126.90591,34.15119],[126.91501,34.15363],[126.92,34.16972],[126.92567,34.1736],[126.92017,34.18622],[126.93132,34.18867],[126.92357,34.19152],[126.9111,34.1828],[126.90701,34.1842],[126.91276,34.19125],[126.90364,34.20219],[126.91163,34.20597],[126.91147,34.20964],[126.90364,34.21353],[126.89514,34.21246],[126.88935,34.21728]]],[[[126.84686,34.19028],[126.85008,34.18937],[126.84956,34.1919],[126.84686,34.19028]]],[[[126.85168,34.431],[126.85451,34.42538],[126.85717,34.42549],[126.85168,34.431]]],[[[126.85693,34.42461],[126.85728,34.41899],[126.86225,34.42037],[126.85693,34.42461]]],[[[126.86411,34.41541],[126.86107,34.41422],[126.86141,34.41231],[126.86411,34.41541]]],[[[126.86544,34.28841],[126.86329,34.28802],[126.86408,34.28372],[126.86544,34.28841]]],[[[126.86462,34.29907],[126.86575,34.30066],[126.86536,34.30137],[126.86462,34.29907]]],[[[126.87285,34.42708],[126.86897,34.42221],[126.87785,34.41694],[126.87285,34.42708]]],[[[126.87649,34.30687],[126.87638,34.30721],[126.87591,34.30685],[126.87649,34.30687]]],[[[126.90059,34.28727],[126.89477,34.28614],[126.89755,34.28322],[126.90059,34.28727]]],[[[126.91076,34.20393],[126.90934,34.20425],[126.91035,34.20354],[126.91076,34.20393]]],[[[126.90846,34.40391],[126.91279,34.40691],[126.91114,34.40829],[126.90846,34.40391]]],[[[126.91231,34.35833],[126.91285,34.35598],[126.91746,34.35663],[126.92454,34.36153],[126.92358,34.3664],[126.92864,34.37032],[126.93833,34.36605],[126.94785,34.36775],[126.94774,34.3774],[126.93499,34.38367],[126.94219,34.38688],[126.94308,34.39483],[126.95114,34.40346],[126.94839,34.41009],[126.9431,34.41279],[126.94401,34.40876],[126.94015,34.40749],[126.94299,34.40278],[126.93542,34.39495],[126.93619,34.39195],[126.93058,34.39057],[126.92662,34.39385],[126.92216,34.39204],[126.9224,34.39438],[126.91194,34.39195],[126.91391,34.39385],[126.90698,34.40182],[126.90132,34.40208],[126.90253,34.39805],[126.89769,34.39966],[126.89911,34.40463],[126.89393,34.40095],[126.89668,34.39734],[126.89433,34.39594],[126.882,34.40702],[126.87943,34.40099],[126.87176,34.40128],[126.87403,34.4071],[126.86451,34.4109],[126.86183,34.40635],[126.8711,34.40069],[126.87487,34.39272],[126.8679,34.39052],[126.86344,34.37293],[126.87011,34.36799],[126.88852,34.36532],[126.88657,34.36299],[126.88908,34.35865],[126.89668,34.35929],[126.90828,34.35333],[126.90716,34.35725],[126.91231,34.35833]]],[[[126.95337,34.41612],[126.94952,34.41351],[126.95203,34.41026],[126.95337,34.41612]]],[[[126.98868,34.21892],[126.99184,34.21675],[126.99092,34.21964],[126.98868,34.21892]]],[[[126.97441,34.33965],[126.96277,34.33391],[126.95718,34.32738],[126.95999,34.32023],[126.95728,34.31541],[126.95971,34.31165],[126.96847,34.30986],[126.97245,34.30106],[126.97698,34.30586],[127.0033,34.31425],[127.00583,34.32185],[127.01625,34.32379],[127.01478,34.33122],[127.00843,34.33112],[127.00037,34.33885],[126.99187,34.33586],[126.98273,34.34088],[126.97441,34.33965]]],[[[127.02947,34.38013],[127.03087,34.37764],[127.02652,34.37328],[127.01408,34.37728],[127.01048,34.37381],[127.01714,34.36866],[127.01396,34.36594],[127.00956,34.36753],[127.01145,34.36387],[127.00687,34.35693],[126.99626,34.35656],[126.98904,34.36228],[126.9851,34.35994],[127.00728,34.34932],[127.01291,34.35553],[127.02885,34.34822],[127.0331,34.3425],[127.02617,34.33649],[127.03135,34.33937],[127.03074,34.33223],[127.03552,34.33316],[127.03701,34.33974],[127.05083,34.34095],[127.054,34.33473],[127.05137,34.32911],[127.03736,34.32628],[127.04146,34.3084],[127.04394,34.31357],[127.0416,34.31443],[127.05031,34.32436],[127.05598,34.32313],[127.05661,34.33026],[127.06942,34.33431],[127.07708,34.33222],[127.07881,34.33735],[127.06201,34.34068],[127.0676,34.34736],[127.07346,34.3438],[127.0878,34.34236],[127.09383,34.33559],[127.0986,34.33706],[127.09523,34.34287],[127.08284,34.35108],[127.08577,34.35737],[127.07573,34.35835],[127.07612,34.36158],[127.06683,34.36069],[127.05748,34.35299],[127.04739,34.35064],[127.04275,34.35716],[127.04564,34.35973],[127.04182,34.36266],[127.04561,34.36653],[127.03453,34.3706],[127.03522,34.37456],[127.03174,34.37476],[127.02947,34.38013]]],[[[127.0045,34.28259],[127.00461,34.2803],[127.00766,34.28133],[127.0045,34.28259]]],[[[127.01216,34.43566],[127.00705,34.43968],[127.00913,34.43576],[127.01216,34.43566]]],[[[127.01417,34.25703],[127.01094,34.25781],[127.00858,34.2546],[127.01266,34.25151],[127.01259,34.24268],[127.01563,34.23979],[127.01978,34.24484],[127.01417,34.25703]]],[[[127.01127,34.3211],[127.01164,34.3199],[127.01384,34.31951],[127.01127,34.3211]]],[[[127.01254,34.22146],[127.01379,34.22329],[127.01001,34.22436],[127.00339,34.2229],[127.01254,34.22146]]],[[[127.0208,34.45048],[127.02215,34.44694],[127.02457,34.44772],[127.0208,34.45048]]],[[[127.02449,34.34348],[127.02402,34.34477],[127.02316,34.34465],[127.02449,34.34348]]],[[[127.02711,34.38438],[127.02353,34.38433],[127.02299,34.38143],[127.02876,34.38109],[127.02711,34.38438]]],[[[127.03259,34.40712],[127.03188,34.40281],[127.03554,34.40576],[127.03259,34.40712]]],[[[127.03697,34.39477],[127.03774,34.39261],[127.03259,34.39126],[127.03583,34.38945],[127.03395,34.38753],[127.04786,34.38506],[127.05204,34.38998],[127.05163,34.39259],[127.03697,34.39477]]],[[[127.05165,34.45269],[127.04446,34.46],[127.02255,34.45366],[127.03305,34.45035],[127.03807,34.43617],[127.03848,34.42105],[127.05148,34.41502],[127.049,34.42758],[127.05162,34.42979],[127.06136,34.4258],[127.05915,34.41351],[127.06244,34.40436],[127.06656,34.40571],[127.06588,34.40888],[127.07207,34.41494],[127.06611,34.42112],[127.07581,34.4235],[127.07527,34.42868],[127.06804,34.43669],[127.07027,34.43861],[127.06318,34.45317],[127.05419,34.45699],[127.05724,34.45426],[127.05165,34.45269]]],[[[127.05852,34.36024],[127.05505,34.36075],[127.05527,34.35793],[127.05961,34.35636],[127.05852,34.36024]]],[[[127.06162,34.31436],[127.06109,34.3142],[127.06217,34.31389],[127.06162,34.31436]]],[[[127.06472,34.31019],[127.06182,34.31285],[127.06164,34.30827],[127.06472,34.31019]]],[[[127.06394,34.30749],[127.064,34.30817],[127.06358,34.30768],[127.06394,34.30749]]],[[[127.07988,34.19329],[127.07179,34.19323],[127.07171,34.19047],[127.07988,34.19329]]],[[[127.08315,34.40585],[127.08269,34.40641],[127.08247,34.40612],[127.08315,34.40585]]],[[[127.07863,34.42652],[127.07926,34.41675],[127.07562,34.41053],[127.08245,34.4064],[127.08226,34.41146],[127.0792,34.41095],[127.07821,34.41469],[127.08346,34.41428],[127.08588,34.41725],[127.08394,34.42473],[127.07863,34.42652]]],[[[127.07751,34.3287],[127.08075,34.32418],[127.09145,34.32367],[127.08901,34.32954],[127.07751,34.3287]]],[[[127.09,34.31039],[127.08886,34.31117],[127.08599,34.30833],[127.09,34.31039]]],[[[127.09027,34.25657],[127.09016,34.2571],[127.08947,34.25685],[127.09027,34.25657]]],[[[127.08494,34.3905],[127.07265,34.38538],[127.07896,34.38233],[127.07027,34.37511],[127.07534,34.37398],[127.07896,34.37756],[127.08237,34.37507],[127.08903,34.37982],[127.08859,34.38354],[127.0957,34.38566],[127.0941,34.39104],[127.08494,34.3905]]],[[[127.09691,34.30627],[127.09439,34.30406],[127.09933,34.3027],[127.10316,34.30662],[127.10226,34.30933],[127.09691,34.30627]]],[[[127.10067,34.35728],[127.10155,34.35977],[127.09839,34.35926],[127.10067,34.35728]]],[[[127.11687,34.41472],[127.11573,34.4087],[127.11788,34.40807],[127.11687,34.41472]]],[[[127.12609,34.30449],[127.12089,34.30248],[127.1326,34.3],[127.13276,34.30248],[127.12609,34.30449]]],[[[127.12455,34.3146],[127.13436,34.31081],[127.13357,34.31481],[127.12455,34.3146]]],[[[127.13226,34.2164],[127.13232,34.21678],[127.13192,34.21671],[127.13226,34.2164]]],[[[127.14664,34.27029],[127.14603,34.27096],[127.1457,34.27078],[127.14664,34.27029]]],[[[127.14719,34.20052],[127.14953,34.20295],[127.14394,34.20423],[127.14719,34.20052]]],[[[127.15932,34.28234],[127.15677,34.28459],[127.15569,34.28248],[127.15932,34.28234]]],[[[127.16705,34.20915],[127.15372,34.20774],[127.15311,34.20375],[127.17469,34.20396],[127.17683,34.20913],[127.16705,34.20915]]],[[[127.2012,34.2205],[127.19819,34.22408],[127.19376,34.2176],[127.1978,34.21679],[127.2012,34.2205]]],[[[127.1988,34.21038],[127.19862,34.20926],[127.19973,34.20936],[127.1988,34.21038]]],[[[127.19965,34.20867],[127.1994,34.20916],[127.19911,34.20881],[127.19965,34.20867]]]]}},{"type":"Feature","properties":{"name":"김제","parents":["전북자치도","전북북부앞바다중평수구역"]},"geometry":{"type":"MultiPolygon","coordinates":[[[[126.49324,35.79351],[126.48478,35.81507],[126.48224,35.81517],[126.51861,35.73566],[126.52446,35.73265],[126.49324,35.79351]]],[[[126.85253,35.72622],[126.86728,35.72754],[126.87331,35.73203],[126.8818,35.74132],[126.88221,35.74837],[126.87271,35.75641],[126.88419,35.75767],[126.88347,35.75282],[126.89289,35.75424],[126.91203,35.74491],[126.91665,35.74559],[126.9286,35.73203],[126.93245,35.72239],[126.95274,35.72467],[126.98124,35.71452],[126.99219,35.7016],[126.99161,35.68945],[127.0163,35.67629],[127.02387,35.66833],[127.04156,35.66618],[127.04902,35.67042],[127.06064,35.67031],[127.06903,35.68989],[127.0685,35.69456],[127.05992,35.70176],[127.07073,35.71117],[127.07165,35.71738],[127.08668,35.72608],[127.071,35.74075],[127.0705,35.74725],[127.06321,35.7531],[127.05042,35.7556],[127.0535,35.76376],[127.07347,35.77375],[127.07086,35.78263],[127.06461,35.78639],[127.0662,35.79016],[127.04187,35.79547],[127.04276,35.79834],[127.01945,35.7997],[126.99796,35.81547],[126.99515,35.82806],[127.00954,35.84672],[127.00601,35.86204],[127.00743,35.87541],[126.99784,35.88418],[126.99453,35.88376],[126.99322,35.88822],[126.9967,35.88943],[126.99077,35.89206],[126.98952,35.89588],[126.97865,35.8991],[126.97465,35.89678],[126.96203,35.90199],[126.95668,35.90862],[126.95664,35.91577],[126.95227,35.91379],[126.95262,35.90925],[126.93213,35.91467],[126.93186,35.91078],[126.90995,35.90315],[126.89286,35.91415],[126.87302,35.91153],[126.86081,35.90566],[126.85312,35.9096],[126.85141,35.91691],[126.8432,35.91767],[126.82621,35.90585],[126.79035,35.89572],[126.7904,35.87778],[126.76826,35.87596],[126.75717,35.87954],[126.67649,35.86986],[126.68345,35.84202],[126.69001,35.84145],[126.69155,35.82532],[126.6982,35.81287],[126.76296,35.79664],[126.78304,35.75174],[126.79578,35.75341],[126.79893,35.74264],[126.8067,35.74542],[126.80654,35.73277],[126.80923,35.73086],[126.80476,35.7264],[126.81112,35.72864],[126.81126,35.72313],[126.81712,35.72716],[126.81815,35.72537],[126.81306,35.71563],[126.82841,35.71408],[126.8279,35.71896],[126.84284,35.72671],[126.85253,35.72622]]]]}},{"type":"Feature","properties":{"name":"인천북부","parents":["인천","경기도","인천경기남부앞바다중북부앞평수구역","서울"]},"geometry":{"type":"MultiPolygon","coordinates":[[[[126.55552,37.57891],[126.55863,37.57289],[126.56422,37.57092],[126.56685,37.57323],[126.55552,37.57891]]],[[[126.64777,37.49219],[126.67435,37.47561],[126.69776,37.46807],[126.70764,37.47058],[126.71184,37.4774],[126.72196,37.47011],[126.7389,37.47097],[126.74625,37.46444],[126.76605,37.46971],[126.76708,37.47365],[126.75916,37.47692],[126.75555,37.48287],[126.74231,37.48695],[126.74376,37.50162],[126.74147,37.50899],[126.74593,37.51521],[126.76028,37.51592],[126.76014,37.53549],[126.76672,37.55632],[126.77243,37.55701],[126.78241,37.57361],[126.79285,37.58017],[126.78705,37.58558],[126.78411,37.58259],[126.76752,37.5884],[126.75176,37.57957],[126.74432,37.5925],[126.72548,37.59178],[126.7163,37.59949],[126.71562,37.60381],[126.7096,37.60513],[126.70468,37.60247],[126.70474,37.61168],[126.69447,37.62034],[126.67471,37.62988],[126.67242,37.63384],[126.65255,37.63949],[126.64711,37.62748],[126.63646,37.62768],[126.63657,37.62049],[126.63166,37.61734],[126.62765,37.60576],[126.61691,37.60355],[126.61436,37.60629],[126.59172,37.59266],[126.57484,37.58835],[126.58876,37.56982],[126.58664,37.56668],[126.58863,37.56396],[126.59221,37.56089],[126.6011,37.5615],[126.6073,37.55444],[126.59768,37.55024],[126.59867,37.53971],[126.60504,37.53974],[126.59875,37.53883],[126.59929,37.53327],[126.60263,37.53328],[126.60456,37.49588],[126.62634,37.49673],[126.63078,37.50424],[126.63947,37.50422],[126.64005,37.49559],[126.64777,37.49219]]]]}},{"type":"Feature","properties":{"name":"익산","parents":["충청남도","전북자치도"]},"geometry":{"type":"MultiPolygon","coordinates":[[[[126.94199,35.91246],[126.95095,35.90854],[126.95602,35.91653],[126.95668,35.90862],[126.96203,35.90199],[126.97136,35.90021],[126.97311,35.89685],[126.97865,35.8991],[126.98837,35.89663],[126.9967,35.88943],[126.99322,35.88822],[126.99364,35.88503],[126.99784,35.88418],[127.0007,35.89321],[127.03831,35.89781],[127.03251,35.90612],[127.03462,35.91068],[127.03178,35.91041],[127.02911,35.91536],[127.03654,35.91893],[127.04076,35.9256],[127.06677,35.91569],[127.07684,35.92216],[127.08057,35.92144],[127.09176,35.93036],[127.10553,35.95737],[127.1041,35.96854],[127.10958,35.9861],[127.10746,35.99539],[127.12555,36.00536],[127.12115,36.02039],[127.1158,36.0241],[127.11824,36.02616],[127.1163,36.03049],[127.13972,36.05697],[127.13103,36.06578],[127.12319,36.06425],[127.10203,36.07578],[127.09442,36.07326],[127.09271,36.07599],[127.09038,36.0718],[127.06524,36.08983],[127.06019,36.09487],[127.06105,36.10548],[127.05781,36.10705],[127.05696,36.11312],[127.06301,36.12522],[127.04476,36.13446],[127.04484,36.14609],[127.03846,36.13906],[127.02406,36.1365],[127.01544,36.14876],[127.01126,36.14582],[127.00586,36.14721],[127.00671,36.1499],[126.99803,36.14685],[126.98081,36.14796],[126.95663,36.15657],[126.94135,36.15211],[126.91969,36.1363],[126.89525,36.14245],[126.88221,36.13129],[126.87381,36.11044],[126.87082,36.0674],[126.86505,36.06071],[126.86854,36.04586],[126.87424,36.04333],[126.87055,36.03283],[126.88419,36.02598],[126.90113,36.00786],[126.91394,36.00556],[126.91514,35.99671],[126.90821,35.98705],[126.91018,35.98199],[126.90229,35.97837],[126.90298,35.97213],[126.88509,35.96082],[126.89367,35.95513],[126.883,35.94799],[126.87866,35.93449],[126.85964,35.91749],[126.85141,35.91691],[126.85222,35.91095],[126.86081,35.90566],[126.87302,35.91153],[126.89286,35.91415],[126.90995,35.90315],[126.93186,35.91078],[126.93213,35.91467],[126.94199,35.91246]]]]}},{"type":"Feature","properties":{"name":"부안","parents":["전북자치도","전북북부앞바다중평수구역","전북남부앞바다중평수구역"]},"geometry":{"type":"MultiPolygon","coordinates":[[[[126.10911,35.66731],[126.10029,35.66108],[126.10673,35.65575],[126.11065,35.65594],[126.1091,35.66008],[126.11219,35.66465],[126.10911,35.66731]]],[[[126.11243,35.64434],[126.11153,35.6397],[126.1167,35.63784],[126.12001,35.64055],[126.12419,35.63396],[126.13022,35.63661],[126.12448,35.6442],[126.11243,35.64434]]],[[[126.24405,35.57783],[126.24397,35.57393],[126.24969,35.57436],[126.25062,35.57752],[126.24405,35.57783]]],[[[126.24903,35.58546],[126.25296,35.58461],[126.2503,35.581],[126.25367,35.58088],[126.25655,35.57459],[126.25426,35.57285],[126.26307,35.56837],[126.26525,35.57577],[126.2771,35.57824],[126.28947,35.59235],[126.30479,35.5972],[126.31551,35.60988],[126.30399,35.62184],[126.30077,35.6205],[126.30373,35.62135],[126.30506,35.61728],[126.30054,35.61845],[126.30152,35.61171],[126.2968,35.6124],[126.2953,35.6051],[126.2908,35.60578],[126.2919,35.60988],[126.28714,35.60866],[126.28395,35.61448],[126.2753,35.61464],[126.28194,35.6056],[126.2765,35.60432],[126.27085,35.60869],[126.2677,35.60483],[126.27286,35.59909],[126.26851,35.59639],[126.25807,35.5973],[126.25717,35.5945],[126.26911,35.59339],[126.27077,35.59012],[126.25667,35.58661],[126.25626,35.5892],[126.24952,35.58865],[126.24903,35.58546]]],[[[126.27225,35.62446],[126.27167,35.62426],[126.27231,35.62422],[126.27225,35.62446]]],[[[126.28379,35.6289],[126.28673,35.62901],[126.28238,35.62446],[126.28525,35.62364],[126.2936,35.62724],[126.29169,35.63303],[126.27951,35.6351],[126.27209,35.63204],[126.28379,35.6289]]],[[[126.29009,35.61944],[126.29247,35.61895],[126.28871,35.6144],[126.2915,35.61072],[126.29463,35.61826],[126.29009,35.61944]]],[[[126.29966,35.58725],[126.2975,35.58994],[126.29707,35.58695],[126.29966,35.58725]]],[[[126.38014,35.62105],[126.37965,35.62085],[126.37966,35.62046],[126.38014,35.62105]]],[[[126.46222,35.63763],[126.45734,35.63627],[126.46733,35.6341],[126.46924,35.62804],[126.4662,35.62619],[126.46823,35.62353],[126.4638,35.62342],[126.46835,35.62338],[126.46989,35.61877],[126.46385,35.61801],[126.46052,35.60949],[126.46345,35.61017],[126.46818,35.60438],[126.46707,35.59862],[126.46916,35.60262],[126.47532,35.6032],[126.48695,35.59596],[126.49184,35.5859],[126.4998,35.58488],[126.50857,35.57918],[126.51222,35.57923],[126.51054,35.5829],[126.51512,35.58769],[126.51668,35.58068],[126.52775,35.57926],[126.54607,35.58606],[126.55755,35.58492],[126.57347,35.58971],[126.60404,35.58646],[126.62063,35.58838],[126.65119,35.58061],[126.65754,35.58688],[126.6684,35.57045],[126.69214,35.56947],[126.70531,35.5748],[126.7165,35.57285],[126.71779,35.58379],[126.72425,35.58364],[126.72638,35.59443],[126.72157,35.59487],[126.71996,35.61039],[126.72319,35.61776],[126.72026,35.63023],[126.72683,35.6482],[126.73785,35.65031],[126.7444,35.66565],[126.75019,35.66349],[126.75155,35.66774],[126.76322,35.66197],[126.76499,35.67318],[126.77298,35.68358],[126.78822,35.67507],[126.798,35.68484],[126.80579,35.67579],[126.81406,35.68274],[126.8271,35.67999],[126.82835,35.68458],[126.83459,35.68703],[126.83796,35.69707],[126.84088,35.69411],[126.84091,35.69766],[126.83347,35.70086],[126.83482,35.70378],[126.82512,35.71547],[126.81306,35.71563],[126.81712,35.72716],[126.811,35.72362],[126.81112,35.72864],[126.80476,35.7264],[126.80923,35.73086],[126.80654,35.73277],[126.8067,35.74542],[126.79893,35.74264],[126.79578,35.75341],[126.78304,35.75174],[126.76296,35.79664],[126.6982,35.81287],[126.70696,35.79617],[126.69283,35.79739],[126.65337,35.8153],[126.63511,35.81654],[126.60706,35.8084],[126.57378,35.77665],[126.61263,35.7465],[126.59307,35.74101],[126.57953,35.71444],[126.56295,35.70839],[126.57159,35.6902],[126.56949,35.68473],[126.56625,35.69206],[126.56805,35.69385],[126.55817,35.69823],[126.53062,35.73143],[126.52446,35.73265],[126.55496,35.69948],[126.53945,35.69062],[126.53297,35.69039],[126.52668,35.67733],[126.52093,35.67639],[126.51308,35.66616],[126.49933,35.65693],[126.49138,35.65524],[126.48404,35.64783],[126.4805,35.64794],[126.48123,35.64549],[126.46468,35.64154],[126.46222,35.63763]]],[[[126.46097,35.64008],[126.46036,35.64003],[126.46105,35.63972],[126.46097,35.64008]]],[[[126.47573,35.59823],[126.47605,35.59898],[126.47525,35.59837],[126.47573,35.59823]]],[[[126.48725,35.59205],[126.48572,35.59157],[126.48735,35.592],[126.48725,35.59205]]],[[[126.48374,35.66242],[126.48387,35.66017],[126.48764,35.66109],[126.48712,35.66457],[126.48374,35.66242]]],[[[126.48905,35.58706],[126.48856,35.58736],[126.4883,35.58725],[126.48905,35.58706]]]]}},{"type":"Feature","properties":{"name":"부안(위도면제외)","parents":["부안","전북자치도","전북북부앞바다중평수구역","전북남부앞바다중평수구역"]},"geometry":{"type":"MultiPolygon","coordinates":[[[[126.46222,35.63763],[126.45734,35.63627],[126.46733,35.6341],[126.46924,35.62804],[126.4662,35.62619],[126.46823,35.62353],[126.4638,35.62342],[126.46835,35.62338],[126.46989,35.61877],[126.46385,35.61801],[126.46052,35.60949],[126.46345,35.61017],[126.46818,35.60438],[126.46707,35.59862],[126.46916,35.60262],[126.47532,35.6032],[126.48695,35.59596],[126.49184,35.5859],[126.4998,35.58488],[126.50857,35.57918],[126.51222,35.57923],[126.51054,35.5829],[126.51512,35.58769],[126.51668,35.58068],[126.52775,35.57926],[126.54607,35.58606],[126.55755,35.58492],[126.57347,35.58971],[126.60404,35.58646],[126.62063,35.58838],[126.65119,35.58061],[126.65754,35.58688],[126.6684,35.57045],[126.69214,35.56947],[126.70531,35.5748],[126.7165,35.57285],[126.71779,35.58379],[126.72425,35.58364],[126.72638,35.59443],[126.72157,35.59487],[126.71996,35.61039],[126.72319,35.61776],[126.72026,35.63023],[126.72683,35.6482],[126.73785,35.65031],[126.7444,35.66565],[126.75019,35.66349],[126.75155,35.66774],[126.76322,35.66197],[126.76499,35.67318],[126.77298,35.68358],[126.78822,35.67507],[126.798,35.68484],[126.80579,35.67579],[126.81406,35.68274],[126.8271,35.67999],[126.82835,35.68458],[126.83459,35.68703],[126.83796,35.69707],[126.84088,35.69411],[126.84091,35.69766],[126.83347,35.70086],[126.83482,35.70378],[126.82512,35.71547],[126.81306,35.71563],[126.81712,35.72716],[126.811,35.72362],[126.81112,35.72864],[126.80476,35.7264],[126.80923,35.73086],[126.80654,35.73277],[126.8067,35.74542],[126.79893,35.74264],[126.79578,35.75341],[126.78304,35.75174],[126.76296,35.79664],[126.6982,35.81287],[126.70696,35.79617],[126.69283,35.79739],[126.65337,35.8153],[126.63511,35.81654],[126.60706,35.8084],[126.57378,35.77665],[126.61263,35.7465],[126.59307,35.74101],[126.57953,35.71444],[126.56295,35.70839],[126.57159,35.6902],[126.56949,35.68473],[126.56625,35.69206],[126.56805,35.69385],[126.55817,35.69823],[126.53062,35.73143],[126.52446,35.73265],[126.55496,35.69948],[126.53945,35.69062],[126.53297,35.69039],[126.52668,35.67733],[126.52093,35.67639],[126.51308,35.66616],[126.49933,35.65693],[126.49138,35.65524],[126.48404,35.64783],[126.4805,35.64794],[126.48123,35.64549],[126.46468,35.64154],[126.46222,35.63763]]],[[[126.46105,35.63972],[126.46097,35.64008],[126.46036,35.64003],[126.46105,35.63972]]],[[[126.47525,35.59837],[126.47573,35.59823],[126.47605,35.59898],[126.47525,35.59837]]],[[[126.48374,35.66242],[126.48387,35.66017],[126.48764,35.66109],[126.48712,35.66457],[126.48374,35.66242]]],[[[126.48735,35.592],[126.48725,35.59205],[126.48572,35.59157],[126.48735,35.592]]],[[[126.53222,35.6906],[126.53131,35.69094],[126.5312,35.69043],[126.53222,35.6906]]]]}},{"type":"Feature","properties":{"name":"부안위도면","parents":["부안","전북자치도"]},"geometry":{"type":"MultiPolygon","coordinates":[[[[126.11243,35.64434],[126.11153,35.6397],[126.11671,35.63784],[126.12001,35.64055],[126.12419,35.63396],[126.13022,35.63661],[126.12448,35.6442],[126.11243,35.64434]]],[[[126.10911,35.66731],[126.10029,35.66108],[126.10673,35.65575],[126.11065,35.65594],[126.1091,35.66008],[126.11219,35.66465],[126.10911,35.66731]]],[[[126.24405,35.57783],[126.24397,35.57393],[126.24969,35.57436],[126.25062,35.57752],[126.24405,35.57783]]],[[[126.25957,35.58924],[126.25667,35.58661],[126.25626,35.5892],[126.24952,35.58865],[126.24945,35.58407],[126.25296,35.58461],[126.2503,35.581],[126.25367,35.58088],[126.25655,35.57459],[126.25426,35.57285],[126.26307,35.56837],[126.26525,35.57577],[126.2771,35.57824],[126.28947,35.59235],[126.30479,35.5972],[126.31551,35.60988],[126.304,35.62187],[126.30077,35.6205],[126.30373,35.62135],[126.30506,35.61728],[126.30054,35.61845],[126.30152,35.61171],[126.2968,35.6124],[126.2953,35.6051],[126.2908,35.60578],[126.2919,35.60988],[126.28714,35.60866],[126.28395,35.61448],[126.2753,35.61464],[126.28194,35.6056],[126.2765,35.60432],[126.27085,35.60869],[126.2677,35.60483],[126.27286,35.59909],[126.26851,35.59639],[126.25807,35.5973],[126.25717,35.5945],[126.26911,35.59339],[126.27077,35.59012],[126.25957,35.58924]]],[[[126.25117,35.59785],[126.25225,35.59749],[126.25206,35.59771],[126.25117,35.59785]]],[[[126.27189,35.62446],[126.27167,35.62426],[126.27225,35.62446],[126.27189,35.62446]]],[[[126.28379,35.6289],[126.28673,35.62901],[126.28238,35.62446],[126.28525,35.62364],[126.2936,35.62724],[126.29169,35.63303],[126.27951,35.6351],[126.27209,35.63204],[126.28379,35.6289]]],[[[126.29009,35.61944],[126.29247,35.61895],[126.28871,35.6144],[126.2915,35.61072],[126.29463,35.61826],[126.29009,35.61944]]],[[[126.29966,35.58725],[126.2975,35.58994],[126.29707,35.58695],[126.29966,35.58725]]]]}},{"type":"Feature","properties":{"name":"군산","parents":["충청남도","전북자치도","전북북부앞바다중평수구역","충남남부앞바다중평수구역"]},"geometry":{"type":"MultiPolygon","coordinates":[[[[125.96834,36.12584],[125.97327,36.1136],[125.98465,36.11387],[125.98149,36.11983],[125.98494,36.12143],[125.98979,36.11344],[125.99558,36.11853],[125.98055,36.12557],[125.96834,36.12584]]],[[[126.07141,35.88808],[126.07263,35.8872],[126.07774,35.88867],[126.07141,35.88808]]],[[[126.22311,36.0004],[126.22026,36.00083],[126.22231,35.99959],[126.22311,36.0004]]],[[[126.22098,35.98853],[126.22508,35.99044],[126.22298,35.99231],[126.22098,35.98853]]],[[[126.31782,35.85435],[126.32625,35.85211],[126.32764,35.85451],[126.31601,35.85904],[126.31782,35.85435]]],[[[126.3339,35.85313],[126.33257,35.85593],[126.33024,35.85233],[126.3339,35.85313]]],[[[126.33798,35.85421],[126.34242,35.85047],[126.35398,35.84929],[126.3505,35.85285],[126.33798,35.85421]]],[[[126.37166,35.8201],[126.36685,35.81491],[126.36763,35.80904],[126.37752,35.8037],[126.37936,35.8079],[126.37589,35.81461],[126.37216,35.81282],[126.37166,35.8201]]],[[[126.38046,35.80911],[126.38008,35.80943],[126.37983,35.80926],[126.38046,35.80911]]],[[[126.38354,35.85569],[126.36713,35.85333],[126.36451,35.8479],[126.35819,35.84855],[126.36831,35.84569],[126.37804,35.84939],[126.38016,35.84747],[126.38865,35.85295],[126.38354,35.85569]]],[[[126.38894,35.81917],[126.39736,35.8164],[126.39547,35.82029],[126.38894,35.81917]]],[[[126.39644,35.81334],[126.39433,35.80883],[126.39774,35.80746],[126.3995,35.81209],[126.39644,35.81334]]],[[[126.40857,35.82081],[126.408,35.82094],[126.40915,35.82129],[126.40857,35.82081]]],[[[126.41226,35.80653],[126.41621,35.80777],[126.41677,35.81257],[126.41029,35.81436],[126.41418,35.81971],[126.42199,35.81987],[126.42106,35.82209],[126.41662,35.82403],[126.41397,35.83049],[126.40178,35.8314],[126.39927,35.82817],[126.41239,35.82228],[126.40933,35.81472],[126.40158,35.80961],[126.40245,35.80672],[126.40617,35.80917],[126.41226,35.80653]]],[[[126.43894,35.80943],[126.43653,35.81053],[126.43185,35.80216],[126.41998,35.80665],[126.41451,35.79705],[126.42497,35.79329],[126.43776,35.80203],[126.44287,35.80936],[126.43894,35.80943]]],[[[126.4344,36.08557],[126.42884,36.08552],[126.42936,36.08207],[126.43688,36.07645],[126.44118,36.07803],[126.4431,36.08221],[126.43608,36.08794],[126.4344,36.08557]]],[[[126.40362,35.85825],[126.39731,35.85582],[126.40699,35.8583],[126.43338,35.85581],[126.40362,35.85825]]],[[[126.44014,35.80016],[126.43938,35.80008],[126.43913,35.79972],[126.44014,35.80016]]],[[[126.44768,35.74844],[126.44077,35.74125],[126.45104,35.73815],[126.44865,35.73139],[126.4538,35.72836],[126.45831,35.73647],[126.45484,35.74452],[126.44768,35.74844]]],[[[126.47225,35.73956],[126.47001,35.74052],[126.46875,35.73858],[126.47225,35.73956]]],[[[126.46381,35.75072],[126.4695,35.74679],[126.46777,35.75195],[126.46381,35.75072]]],[[[126.46264,35.81621],[126.4628,35.81275],[126.47323,35.81088],[126.49784,35.83469],[126.53443,35.93401],[126.54001,35.93255],[126.53936,35.92475],[126.54492,35.9225],[126.54176,35.91681],[126.56361,35.90867],[126.56632,35.90411],[126.58827,35.90272],[126.58804,35.94781],[126.61605,35.94252],[126.61058,35.91657],[126.61479,35.89118],[126.61188,35.88881],[126.61453,35.88595],[126.62038,35.88855],[126.6623,35.88355],[126.6675,35.88359],[126.67455,35.88915],[126.67649,35.86986],[126.75717,35.87954],[126.76826,35.87596],[126.7904,35.87778],[126.79035,35.89572],[126.82621,35.90585],[126.8432,35.91767],[126.85964,35.91749],[126.87816,35.93388],[126.883,35.94799],[126.89367,35.95513],[126.88571,35.9596],[126.90099,35.97214],[126.90229,35.97837],[126.91018,35.98199],[126.90821,35.98705],[126.91317,35.99088],[126.91495,36.00429],[126.90113,36.00786],[126.88419,36.02598],[126.87055,36.03283],[126.8743,36.04307],[126.86854,36.04586],[126.86505,36.06071],[126.8211,36.04992],[126.80582,36.03436],[126.74805,36.02575],[126.74156,36.01194],[126.75593,36.01054],[126.75157,35.99841],[126.74367,35.98889],[126.72934,35.98525],[126.72711,35.98166],[126.72859,35.98558],[126.70601,35.99471],[126.68285,35.98408],[126.65846,35.98376],[126.64096,35.97888],[126.62689,35.97873],[126.62438,35.97101],[126.6183,35.9707],[126.61724,35.97746],[126.52584,35.97363],[126.52592,35.96649],[126.52332,35.9663],[126.52225,35.97307],[126.51823,35.97244],[126.52129,35.97222],[126.52182,35.94804],[126.53008,35.94274],[126.52514,35.93815],[126.52556,35.93278],[126.52903,35.93821],[126.5323,35.93792],[126.53118,35.93163],[126.49654,35.84702],[126.48541,35.84554],[126.49074,35.83817],[126.4753,35.82233],[126.45956,35.82541],[126.45532,35.83096],[126.44364,35.83209],[126.4417,35.82754],[126.4526,35.82031],[126.4498,35.81579],[126.44322,35.81367],[126.44815,35.81344],[126.45016,35.80768],[126.45705,35.81017],[126.45468,35.8147],[126.46507,35.81889],[126.46264,35.81621]]],[[[126.48064,35.84536],[126.47589,35.8431],[126.48436,35.84226],[126.48064,35.84536]]],[[[126.48478,35.81507],[126.48548,35.81547],[126.48391,35.81514],[126.48478,35.81507]]],[[[126.51555,35.99694],[126.49097,35.97869],[126.51602,35.9969],[126.51555,35.99694]]],[[[126.52824,36.0403],[126.52507,36.03797],[126.5287,36.03686],[126.52824,36.0403]]],[[[126.54375,36.04601],[126.54228,36.03746],[126.55519,36.03129],[126.55834,36.0382],[126.55619,36.04479],[126.54375,36.04601]]],[[[126.69183,35.99447],[126.65794,35.99054],[126.65586,35.9873],[126.68427,35.98604],[126.70124,35.99557],[126.69183,35.99447]]]]}},{"type":"Feature","properties":{"name":"군산옥도면(어청도제외)","parents":["군산","전북자치도","전북북부앞바다중평수구역","충남남부앞바다중평수구역"]},"geometry":{"type":"MultiPolygon","coordinates":[[[[126.07141,35.88808],[126.07263,35.8872],[126.07774,35.88867],[126.07141,35.88808]]],[[[126.22311,36.0004],[126.22026,36.00083],[126.22231,35.99959],[126.22311,36.0004]]],[[[126.22098,35.98853],[126.22508,35.99044],[126.22301,35.9923],[126.22098,35.98853]]],[[[126.31782,35.85435],[126.32625,35.85211],[126.32764,35.85451],[126.31601,35.85904],[126.31782,35.85435]]],[[[126.3339,35.85313],[126.33256,35.85594],[126.33024,35.85233],[126.3339,35.85313]]],[[[126.33798,35.85421],[126.34242,35.85047],[126.35398,35.84929],[126.3505,35.85285],[126.33798,35.85421]]],[[[126.37166,35.8201],[126.36685,35.81491],[126.36763,35.80904],[126.37752,35.8037],[126.37936,35.8079],[126.37589,35.81461],[126.37216,35.81282],[126.37166,35.8201]]],[[[126.38005,35.80906],[126.38008,35.80943],[126.37983,35.80926],[126.38005,35.80906]]],[[[126.38354,35.85569],[126.36713,35.85333],[126.36451,35.8479],[126.35819,35.84855],[126.36831,35.84569],[126.37804,35.84939],[126.38016,35.84747],[126.38865,35.85295],[126.38354,35.85569]]],[[[126.38894,35.81917],[126.39736,35.8164],[126.39547,35.82029],[126.38894,35.81917]]],[[[126.39644,35.81334],[126.39433,35.80883],[126.39774,35.80746],[126.3995,35.81209],[126.39644,35.81334]]],[[[126.40362,35.85825],[126.39731,35.85582],[126.40699,35.8583],[126.43338,35.85581],[126.40362,35.85825]]],[[[126.40915,35.82129],[126.408,35.82094],[126.40839,35.82061],[126.40915,35.82129]]],[[[126.43894,35.80943],[126.43653,35.81053],[126.43185,35.80216],[126.41998,35.80665],[126.41451,35.79705],[126.42497,35.79329],[126.43776,35.80203],[126.44287,35.80936],[126.43894,35.80943]]],[[[126.41226,35.80653],[126.41621,35.80777],[126.41677,35.81257],[126.41029,35.81436],[126.41418,35.81971],[126.42199,35.81987],[126.42106,35.82209],[126.41662,35.82403],[126.41397,35.83049],[126.40178,35.8314],[126.39927,35.82817],[126.41239,35.82228],[126.40933,35.81472],[126.40158,35.80961],[126.40245,35.80672],[126.40617,35.80917],[126.41226,35.80653]]],[[[126.42168,35.81714],[126.42224,35.81741],[126.42095,35.81734],[126.42168,35.81714]]],[[[126.4344,36.08557],[126.42884,36.08552],[126.42936,36.08207],[126.43688,36.07645],[126.44118,36.07803],[126.4431,36.08221],[126.43608,36.08794],[126.4344,36.08557]]],[[[126.43991,35.79986],[126.43938,35.80008],[126.43913,35.79972],[126.43991,35.79986]]],[[[126.44768,35.74844],[126.44077,35.74125],[126.45104,35.73815],[126.44865,35.73139],[126.4538,35.72836],[126.45831,35.73647],[126.45484,35.74452],[126.44768,35.74844]]],[[[126.46381,35.75072],[126.4695,35.74679],[126.46777,35.75195],[126.46381,35.75072]]],[[[126.46875,35.73858],[126.47225,35.73956],[126.47001,35.74052],[126.46875,35.73858]]],[[[126.46264,35.81621],[126.4628,35.81275],[126.47323,35.81088],[126.49784,35.83469],[126.51652,35.89038],[126.51447,35.891],[126.49653,35.84702],[126.48552,35.84575],[126.49075,35.83819],[126.47622,35.82305],[126.45956,35.82541],[126.45552,35.83086],[126.44364,35.83209],[126.4417,35.82754],[126.4526,35.82031],[126.4498,35.81579],[126.44322,35.81367],[126.44815,35.81344],[126.45016,35.80768],[126.45705,35.81017],[126.45468,35.8147],[126.46507,35.81889],[126.46264,35.81621]]],[[[126.48064,35.84536],[126.47589,35.8431],[126.48436,35.84226],[126.48064,35.84536]]],[[[126.48478,35.81507],[126.48548,35.81547],[126.48391,35.81514],[126.48478,35.81507]]],[[[126.52824,36.0403],[126.52507,36.03797],[126.5287,36.03686],[126.52824,36.0403]]],[[[126.54375,36.04601],[126.54228,36.03746],[126.55519,36.03129],[126.55834,36.0382],[126.55619,36.04479],[126.54375,36.04601]]]]}},{"type":"Feature","properties":{"name":"군산어청도","parents":["군산","전북자치도"]},"geometry":{"type":"MultiPolygon","coordinates":[[[[125.97496,36.12585],[125.96676,36.12527],[125.97327,36.1136],[125.98465,36.11387],[125.98149,36.11983],[125.98494,36.12143],[125.98979,36.11344],[125.99558,36.11853],[125.97496,36.12585]]]]}},{"type":"Feature","properties":{"name":"울릉도독도","parents":["경상북도","울릉도울릉읍연안바다","울릉도서면연안바다","울릉도북면연안바다","울릉도독도"]},"geometry":{"type":"MultiPolygon","coordinates":[[[[130.91827,37.54214],[130.91045,37.54165],[130.90863,37.54744],[130.90267,37.54894],[130.89191,37.54107],[130.87397,37.54311],[130.86636,37.53648],[130.84305,37.53509],[130.82786,37.52646],[130.8225,37.52743],[130.80247,37.519],[130.79638,37.52005],[130.79635,37.52349],[130.79158,37.51831],[130.80487,37.50259],[130.8016,37.50082],[130.80423,37.49887],[130.80212,37.48388],[130.80844,37.48083],[130.81116,37.47415],[130.8278,37.47134],[130.83165,37.46664],[130.84247,37.46261],[130.86396,37.4603],[130.87275,37.45373],[130.87585,37.45491],[130.87795,37.46338],[130.88405,37.47055],[130.90444,37.47577],[130.90886,37.4823],[130.91595,37.48242],[130.92083,37.48634],[130.91357,37.48662],[130.91425,37.49167],[130.91066,37.49219],[130.90999,37.49672],[130.91545,37.50274],[130.91377,37.50745],[130.91792,37.5138],[130.9088,37.52649],[130.9122,37.53623],[130.91827,37.54214]]],[[[130.93776,37.53222],[130.93554,37.52851],[130.93793,37.52563],[130.94002,37.52881],[130.93776,37.53222]]],[[[131.86327,37.24186],[131.86548,37.24005],[131.86624,37.24323],[131.86327,37.24186]]]]}},{"type":"Feature","properties":{"name":"영덕","parents":["경상북도","경북북부앞바다중연안바다"]},"geometry":{"type":"MultiPolygon","coordinates":[[[[129.15215,36.5002],[129.15392,36.49268],[129.14994,36.48419],[129.15098,36.47862],[129.14771,36.47764],[129.15296,36.46687],[129.16183,36.45846],[129.16099,36.45377],[129.16911,36.44653],[129.1706,36.43591],[129.18813,36.42654],[129.1956,36.42993],[129.20219,36.42871],[129.2091,36.42097],[129.21032,36.4077],[129.22787,36.39622],[129.22134,36.3885],[129.22779,36.38022],[129.21862,36.3733],[129.21636,36.36437],[129.22405,36.34662],[129.22855,36.34432],[129.24353,36.34607],[129.25348,36.33904],[129.25181,36.32154],[129.25604,36.3238],[129.26665,36.32077],[129.26764,36.33071],[129.27474,36.32764],[129.2849,36.33331],[129.29773,36.32387],[129.29828,36.30998],[129.28518,36.29769],[129.28647,36.28637],[129.30412,36.26787],[129.31568,36.27183],[129.33922,36.26656],[129.35439,36.27319],[129.37603,36.2682],[129.38103,36.27743],[129.37844,36.27764],[129.37458,36.28817],[129.37836,36.29032],[129.37977,36.29896],[129.37734,36.30634],[129.38232,36.32194],[129.37922,36.33186],[129.38234,36.34197],[129.38654,36.34437],[129.38752,36.35429],[129.39391,36.35915],[129.39477,36.36747],[129.40638,36.38163],[129.40733,36.38849],[129.41426,36.39165],[129.42812,36.40804],[129.43619,36.42614],[129.43261,36.44063],[129.43684,36.44731],[129.43516,36.45359],[129.43809,36.46616],[129.43305,36.48059],[129.44529,36.48978],[129.44642,36.50368],[129.45306,36.50932],[129.444,36.51226],[129.43851,36.5546],[129.41833,36.57477],[129.41064,36.59104],[129.41013,36.59495],[129.41628,36.60341],[129.41201,36.62184],[129.41708,36.63031],[129.41764,36.63935],[129.42321,36.6435],[129.41619,36.65229],[129.4109,36.65296],[129.40678,36.65922],[129.39665,36.66126],[129.39693,36.66554],[129.38885,36.66453],[129.38352,36.66885],[129.37285,36.66239],[129.3615,36.66044],[129.35432,36.65097],[129.34901,36.65678],[129.33009,36.66154],[129.32509,36.66722],[129.31758,36.66563],[129.2942,36.67141],[129.28542,36.66803],[129.26582,36.67345],[129.26034,36.66858],[129.25381,36.6712],[129.23488,36.66296],[129.22992,36.64754],[129.23925,36.63459],[129.24017,36.629],[129.23738,36.62707],[129.23943,36.62451],[129.23648,36.62065],[129.23068,36.62029],[129.23139,36.60541],[129.22251,36.60391],[129.22388,36.59762],[129.21682,36.5893],[129.23104,36.58302],[129.23674,36.56748],[129.2464,36.56307],[129.2471,36.55998],[129.24106,36.55815],[129.24207,36.5447],[129.23643,36.54065],[129.23577,36.53367],[129.23943,36.52105],[129.24312,36.51982],[129.24796,36.51031],[129.24382,36.50849],[129.22657,36.51407],[129.22325,36.49982],[129.22676,36.49461],[129.22434,36.48892],[129.21803,36.49051],[129.21367,36.50036],[129.19276,36.50325],[129.18854,36.49968],[129.18494,36.50497],[129.17598,36.50809],[129.15215,36.5002]]]]}},{"type":"Feature","properties":{"name":"포항","parents":["경상북도","경북남부앞바다중평수구역","경북남부앞바다중연안바다"]},"geometry":{"type":"MultiPolygon","coordinates":[[[[129.05602,36.25575],[129.06298,36.25209],[129.07362,36.25228],[129.08186,36.23499],[129.06585,36.22707],[129.06491,36.21952],[129.05659,36.22397],[129.04204,36.222],[129.03588,36.21321],[129.03549,36.20345],[129.03262,36.2036],[129.03181,36.19817],[129.02815,36.19643],[129.02666,36.18338],[128.99717,36.1789],[128.99064,36.17522],[128.98952,36.16808],[129.0364,36.15553],[129.04434,36.15597],[129.04732,36.15026],[129.06328,36.14296],[129.06454,36.13501],[129.05937,36.1296],[129.06675,36.12373],[129.07098,36.11409],[129.07851,36.11141],[129.08101,36.11759],[129.09849,36.12188],[129.10518,36.11405],[129.09948,36.10632],[129.09355,36.10422],[129.09397,36.09621],[129.11092,36.08327],[129.11236,36.07905],[129.12801,36.08064],[129.13487,36.07411],[129.13359,36.06827],[129.14079,36.05863],[129.17004,36.05332],[129.17044,36.04894],[129.17728,36.04594],[129.17842,36.02743],[129.20386,36.0433],[129.22374,36.04379],[129.22736,36.04793],[129.2347,36.04929],[129.23903,36.05304],[129.24436,36.07061],[129.24779,36.07351],[129.2762,36.07916],[129.28647,36.07001],[129.2862,36.06186],[129.28021,36.05751],[129.28436,36.04722],[129.27682,36.02868],[129.29675,36.00753],[129.29821,35.99687],[129.30334,35.99511],[129.30498,35.99018],[129.3011,35.9849],[129.30225,35.98129],[129.31519,35.95977],[129.31993,35.95816],[129.31685,35.94633],[129.3314,35.93353],[129.32961,35.92658],[129.33662,35.91616],[129.33367,35.90007],[129.33878,35.8947],[129.33751,35.89259],[129.3437,35.88809],[129.34917,35.88822],[129.35086,35.89143],[129.35382,35.88687],[129.36184,35.8883],[129.364,35.87757],[129.35529,35.87266],[129.36171,35.86502],[129.37195,35.86076],[129.3794,35.8645],[129.3912,35.86335],[129.3938,35.85667],[129.40705,35.85784],[129.41053,35.86144],[129.41039,35.87052],[129.41479,35.87633],[129.42138,35.87791],[129.42127,35.88405],[129.42531,35.88422],[129.4367,35.87912],[129.44072,35.86878],[129.44626,35.86582],[129.4499,35.84918],[129.45852,35.84706],[129.48034,35.85315],[129.49014,35.84341],[129.49884,35.84026],[129.50783,35.83834],[129.5178,35.84217],[129.51967,35.85091],[129.52578,35.85342],[129.52665,35.86103],[129.5343,35.86836],[129.53166,35.87172],[129.51884,35.87367],[129.52041,35.88176],[129.52927,35.88354],[129.52502,35.89505],[129.53436,35.89911],[129.5285,35.90357],[129.5237,35.91659],[129.51861,35.92013],[129.51906,35.92903],[129.52335,35.93346],[129.52824,35.93214],[129.53372,35.93616],[129.53551,35.94438],[129.53954,35.94549],[129.55072,35.96068],[129.5476,35.96291],[129.54896,35.96665],[129.55432,35.96811],[129.55149,35.9778],[129.55649,35.98086],[129.55193,35.98559],[129.55643,35.99068],[129.56824,35.99154],[129.56662,35.99729],[129.58157,36.01366],[129.58276,36.01705],[129.57721,36.02457],[129.58249,36.03157],[129.57713,36.03388],[129.58138,36.03656],[129.58024,36.0412],[129.58361,36.04628],[129.57722,36.04917],[129.57462,36.06373],[129.56835,36.0679],[129.57029,36.07786],[129.56195,36.07833],[129.55561,36.08608],[129.54718,36.08489],[129.54545,36.07603],[129.53231,36.06144],[129.53348,36.05789],[129.52514,36.05794],[129.51537,36.04333],[129.50482,36.03707],[129.50323,36.02569],[129.45877,36.00339],[129.45611,35.99314],[129.44578,35.99163],[129.42125,36.00131],[129.41812,36.00616],[129.42342,36.01018],[129.42358,36.01982],[129.42247,36.01345],[129.41796,36.01284],[129.41829,36.01686],[129.41606,36.01665],[129.4157,36.01216],[129.4124,36.01182],[129.41275,36.0163],[129.4101,36.01605],[129.40702,36.0089],[129.40104,36.01381],[129.39231,36.01222],[129.40762,36.02979],[129.41837,36.02642],[129.43183,36.02728],[129.4316,36.03031],[129.40141,36.03909],[129.38579,36.02849],[129.3769,36.04258],[129.37878,36.0575],[129.38286,36.06282],[129.39604,36.06307],[129.40157,36.06971],[129.41798,36.07372],[129.41758,36.08523],[129.42762,36.09634],[129.42628,36.09282],[129.43964,36.09451],[129.43964,36.11065],[129.42362,36.11504],[129.40027,36.13238],[129.39522,36.14042],[129.39836,36.14372],[129.40022,36.15919],[129.39777,36.16086],[129.40072,36.1654],[129.39182,36.18395],[129.38151,36.18611],[129.37188,36.20009],[129.37256,36.20702],[129.38568,36.21431],[129.38617,36.22434],[129.38094,36.23027],[129.38517,36.2395],[129.37293,36.25493],[129.37603,36.2682],[129.35439,36.27319],[129.33922,36.26656],[129.31568,36.27183],[129.30412,36.26787],[129.28647,36.28637],[129.285,36.29653],[129.29189,36.30197],[129.29196,36.3062],[129.29781,36.30906],[129.29782,36.31863],[129.29773,36.32387],[129.28644,36.33337],[129.27474,36.32764],[129.26764,36.33071],[129.26665,36.32077],[129.25604,36.3238],[129.23211,36.3132],[129.23129,36.30861],[129.22349,36.30185],[129.22857,36.29593],[129.22107,36.28781],[129.22716,36.27877],[129.22263,36.27335],[129.21336,36.27143],[129.21361,36.26747],[129.20714,36.26672],[129.20604,36.25735],[129.19853,36.2496],[129.19789,36.24473],[129.17098,36.2248],[129.16588,36.23208],[129.14722,36.23916],[129.137,36.25033],[129.13343,36.26144],[129.12807,36.26383],[129.12168,36.26172],[129.11702,36.266],[129.11188,36.26427],[129.10642,36.26734],[129.10243,36.26476],[129.0932,36.27439],[129.08928,36.27173],[129.07844,36.27701],[129.07043,36.27117],[129.06019,36.27096],[129.05232,36.26563],[129.05602,36.25575]]],[[[129.41847,36.01908],[129.41471,36.02133],[129.41463,36.02124],[129.41847,36.01908]]],[[[129.43958,36.11813],[129.46351,36.09849],[129.46385,36.08929],[129.46439,36.09805],[129.43958,36.11813]]]]}},{"type":"Feature","properties":{"name":"경주동부","parents":["경주","경상북도","울산","경북남부앞바다중연안바다"]},"geometry":{"type":"MultiPolygon","coordinates":[[[[129.48086,35.71757],[129.48648,35.72961],[129.48387,35.74343],[129.49462,35.75198],[129.49087,35.75828],[129.49694,35.77194],[129.49161,35.78781],[129.50134,35.79366],[129.4999,35.80078],[129.50569,35.80338],[129.50361,35.80744],[129.51175,35.80717],[129.51018,35.8118],[129.51408,35.81617],[129.50954,35.82415],[129.51975,35.83719],[129.51802,35.84188],[129.50783,35.83834],[129.49884,35.84026],[129.49014,35.84341],[129.48034,35.85315],[129.45852,35.84706],[129.4499,35.84918],[129.44626,35.86582],[129.44072,35.86878],[129.43699,35.8788],[129.42531,35.88422],[129.42127,35.88405],[129.42138,35.87791],[129.41479,35.87633],[129.41039,35.87052],[129.40705,35.85784],[129.3938,35.85667],[129.3912,35.86335],[129.37528,35.86319],[129.37619,35.85853],[129.37141,35.85184],[129.37467,35.8483],[129.37062,35.84516],[129.37348,35.83483],[129.37797,35.83383],[129.37763,35.82912],[129.37294,35.82702],[129.36709,35.81469],[129.35844,35.81093],[129.35758,35.80303],[129.34823,35.80335],[129.347,35.80013],[129.34753,35.79685],[129.35338,35.79632],[129.34949,35.79245],[129.35382,35.77986],[129.35186,35.77148],[129.35415,35.75615],[129.36835,35.74617],[129.36807,35.74072],[129.36329,35.73811],[129.36422,35.73284],[129.37206,35.72883],[129.37461,35.7238],[129.3675,35.71702],[129.36418,35.67674],[129.37265,35.66923],[129.38185,35.67118],[129.4,35.66757],[129.40342,35.66297],[129.41097,35.66383],[129.4328,35.65665],[129.43508,35.65245],[129.43927,35.65524],[129.44866,35.65112],[129.45396,35.66467],[129.46578,35.66855],[129.4645,35.67663],[129.47509,35.68614],[129.47311,35.70449],[129.47869,35.71235],[129.48124,35.70711],[129.48086,35.71757]]]]}},{"type":"Feature","properties":{"name":"경주","parents":["경상북도","울산","경북남부앞바다중연안바다"]},"geometry":{"type":"MultiPolygon","coordinates":[[[[129.48086,35.71757],[129.48648,35.72961],[129.48387,35.74343],[129.49462,35.75198],[129.49087,35.75828],[129.49694,35.77194],[129.49161,35.78781],[129.50134,35.79366],[129.4999,35.80078],[129.50569,35.80338],[129.50361,35.80744],[129.51175,35.80717],[129.51018,35.8118],[129.51408,35.81617],[129.50957,35.82428],[129.51975,35.83719],[129.51798,35.84193],[129.50783,35.83834],[129.49884,35.84026],[129.49014,35.84341],[129.48034,35.85315],[129.45852,35.84706],[129.4499,35.84918],[129.44626,35.86582],[129.44072,35.86878],[129.43699,35.8788],[129.42531,35.88422],[129.42127,35.88405],[129.42138,35.87791],[129.41479,35.87633],[129.41039,35.87052],[129.40705,35.85784],[129.3938,35.85667],[129.3912,35.86335],[129.3794,35.8645],[129.37195,35.86076],[129.36171,35.86502],[129.35529,35.87266],[129.364,35.87757],[129.36184,35.8883],[129.35382,35.88687],[129.35086,35.89143],[129.34917,35.88822],[129.3437,35.88809],[129.33751,35.89259],[129.33878,35.8947],[129.33367,35.90007],[129.33662,35.91616],[129.32961,35.92658],[129.3314,35.93353],[129.31685,35.94633],[129.31993,35.95816],[129.31519,35.95977],[129.30225,35.98129],[129.3011,35.9849],[129.30498,35.99018],[129.30334,35.99511],[129.29714,35.99544],[129.29675,36.00753],[129.27682,36.02868],[129.28436,36.04722],[129.28021,36.05751],[129.2862,36.06186],[129.28647,36.07001],[129.2762,36.07916],[129.24779,36.07351],[129.24436,36.07061],[129.23903,36.05304],[129.2347,36.04929],[129.22736,36.04793],[129.22374,36.04379],[129.20386,36.0433],[129.18124,36.02754],[129.17629,36.03168],[129.17839,36.03429],[129.17634,36.04778],[129.17044,36.04894],[129.17004,36.05332],[129.1647,36.05516],[129.15111,36.05485],[129.14544,36.04395],[129.13414,36.03456],[129.1424,36.02223],[129.14497,36.01207],[129.12663,36.00534],[129.11663,36.01349],[129.11093,36.006],[129.11336,36.00069],[129.11118,35.99771],[129.11721,35.98547],[129.11653,35.97135],[129.11874,35.96926],[129.11614,35.96173],[129.12881,35.94799],[129.12962,35.94026],[129.13611,35.933],[129.13358,35.92761],[129.11567,35.91703],[129.10954,35.93024],[129.095,35.94052],[129.08164,35.93757],[129.07844,35.9416],[129.06498,35.94128],[129.05823,35.93303],[129.06168,35.93089],[129.0608,35.92711],[129.0548,35.91994],[129.0469,35.91835],[129.0456,35.9127],[129.0375,35.91253],[129.03503,35.9086],[129.02642,35.90656],[129.02597,35.89145],[129.03261,35.87066],[129.01881,35.85664],[129.01309,35.84691],[129.01696,35.84525],[129.01429,35.83497],[129.00886,35.83252],[129.00326,35.81675],[128.9903,35.79985],[128.99479,35.7937],[128.99707,35.77812],[128.99018,35.77268],[128.97466,35.7717],[128.97764,35.7653],[128.97369,35.76481],[128.97073,35.75467],[128.9756,35.74974],[128.97288,35.73742],[128.97809,35.73585],[128.99155,35.7192],[128.99756,35.71725],[128.99733,35.71106],[129.0022,35.70748],[129.00308,35.69393],[129.02183,35.68893],[129.03736,35.695],[129.03521,35.67529],[129.04315,35.65568],[129.0469,35.65052],[129.0693,35.64541],[129.07555,35.64036],[129.08085,35.64325],[129.08113,35.64684],[129.06789,35.6588],[129.06715,35.67135],[129.07303,35.67738],[129.06988,35.68237],[129.07711,35.69305],[129.10321,35.70641],[129.12421,35.70828],[129.12621,35.71357],[129.13416,35.71211],[129.14205,35.72435],[129.15405,35.72197],[129.16031,35.71481],[129.17239,35.71386],[129.17843,35.71721],[129.18129,35.72379],[129.19765,35.71579],[129.20863,35.72117],[129.22437,35.70956],[129.23298,35.70763],[129.23401,35.70387],[129.25685,35.7007],[129.26259,35.69113],[129.25864,35.68311],[129.25972,35.67228],[129.25474,35.66641],[129.2555,35.66046],[129.26044,35.65464],[129.26978,35.65108],[129.2829,35.65173],[129.29642,35.64344],[129.29699,35.64646],[129.30294,35.64778],[129.30449,35.65717],[129.31114,35.66052],[129.32564,35.65772],[129.33409,35.66976],[129.34006,35.66964],[129.35356,35.67938],[129.36407,35.67893],[129.37265,35.66923],[129.38185,35.67118],[129.4,35.66757],[129.40342,35.66297],[129.41097,35.66383],[129.4328,35.65665],[129.43508,35.65245],[129.43927,35.65524],[129.44866,35.65112],[129.45396,35.66467],[129.46578,35.66855],[129.4645,35.67663],[129.47509,35.68614],[129.47311,35.70449],[129.47869,35.71235],[129.48124,35.70711],[129.48086,35.71757]]]]}},{"type":"Feature","properties":{"name":"고성","parents":["경상남도","경남중부남해앞바다중평수구역","경남서부남해앞바다중서부평수구역"]},"geometry":{"type":"MultiPolygon","coordinates":[[[[128.11683,34.92072],[128.11191,34.92297],[128.10348,34.9191],[128.10208,34.91456],[128.11101,34.90284],[128.1145,34.90553],[128.11787,34.9039],[128.1163,34.90098],[128.12149,34.89662],[128.12599,34.89692],[128.13225,34.88851],[128.14086,34.89383],[128.14105,34.90284],[128.14805,34.89971],[128.1454,34.90456],[128.1547,34.90676],[128.15898,34.90707],[128.1623,34.89963],[128.16878,34.90174],[128.16923,34.89683],[128.17497,34.8984],[128.17184,34.90295],[128.17471,34.90688],[128.17893,34.90546],[128.17705,34.90157],[128.18386,34.89486],[128.18734,34.90608],[128.1875,34.89364],[128.20187,34.89383],[128.2034,34.89961],[128.19631,34.91171],[128.20433,34.92758],[128.19945,34.93316],[128.20261,34.93436],[128.1959,34.93582],[128.20335,34.94018],[128.20963,34.93843],[128.21398,34.94257],[128.21776,34.93887],[128.21912,34.94453],[128.2228,34.94629],[128.2265,34.94101],[128.23774,34.94008],[128.24421,34.94393],[128.24644,34.9433],[128.24458,34.93728],[128.25219,34.94116],[128.26819,34.9365],[128.26856,34.93002],[128.2643,34.92721],[128.25759,34.92976],[128.26784,34.91836],[128.26591,34.91479],[128.2763,34.90905],[128.27118,34.90427],[128.27196,34.90007],[128.27404,34.90325],[128.28286,34.90395],[128.27999,34.90836],[128.28118,34.91608],[128.2906,34.90993],[128.29707,34.91423],[128.30031,34.91266],[128.29979,34.91643],[128.3038,34.91923],[128.29992,34.92204],[128.30084,34.9275],[128.2984,34.92689],[128.30146,34.92975],[128.29934,34.93593],[128.30762,34.93682],[128.30779,34.9418],[128.31073,34.93968],[128.31717,34.94239],[128.3195,34.94646],[128.31585,34.9506],[128.31929,34.95388],[128.31648,34.96083],[128.3196,34.96221],[128.322,34.9568],[128.33202,34.95523],[128.3301,34.94789],[128.33485,34.94602],[128.33895,34.94823],[128.34233,34.94292],[128.3382,34.93762],[128.3476,34.94049],[128.35109,34.93828],[128.35369,34.94185],[128.36679,34.94569],[128.38103,34.94703],[128.39102,34.95201],[128.38911,34.96102],[128.39986,34.964],[128.40035,34.97046],[128.41564,34.96721],[128.4251,34.97605],[128.43207,34.97638],[128.44142,34.97182],[128.44355,34.97391],[128.44121,34.98278],[128.43427,34.98509],[128.41781,34.98679],[128.40952,34.98354],[128.40618,34.98611],[128.4073,34.99405],[128.41474,34.99684],[128.42197,34.99289],[128.44236,34.99389],[128.46664,34.98805],[128.47044,34.99021],[128.46413,34.99783],[128.47274,34.99462],[128.47972,34.99573],[128.47623,34.99847],[128.48424,35.0006],[128.48146,35.00355],[128.48428,35.00562],[128.4833,35.01037],[128.48717,35.01162],[128.49068,35.00573],[128.49619,35.00979],[128.49516,35.01201],[128.50017,35.01275],[128.50043,35.02079],[128.48255,35.02781],[128.48604,35.03838],[128.47647,35.04214],[128.47438,35.03484],[128.47083,35.04091],[128.46254,35.04348],[128.45951,35.04856],[128.47879,35.04801],[128.4823,35.05248],[128.47602,35.05366],[128.482,35.06554],[128.47689,35.06624],[128.46886,35.07561],[128.46851,35.0682],[128.46025,35.06315],[128.45263,35.07127],[128.44448,35.06605],[128.44248,35.06023],[128.45061,35.05228],[128.43907,35.04954],[128.43814,35.04558],[128.43517,35.04775],[128.41803,35.04262],[128.40665,35.04326],[128.38932,35.03306],[128.38364,35.03561],[128.38925,35.03205],[128.38889,35.01688],[128.38266,35.01869],[128.3692,35.01603],[128.36629,35.02169],[128.37513,35.0241],[128.36873,35.03088],[128.37413,35.02989],[128.38222,35.03592],[128.36585,35.04698],[128.37356,35.04458],[128.37338,35.04961],[128.38377,35.04857],[128.40119,35.05468],[128.40283,35.05794],[128.4098,35.05826],[128.41198,35.06188],[128.41736,35.05994],[128.41529,35.05517],[128.42313,35.05632],[128.42768,35.07151],[128.42509,35.07582],[128.42704,35.08646],[128.41107,35.09265],[128.39975,35.09044],[128.39956,35.08356],[128.39252,35.0878],[128.38602,35.10297],[128.37956,35.10431],[128.37192,35.11115],[128.35691,35.10797],[128.35012,35.11183],[128.35367,35.1184],[128.34826,35.1271],[128.33841,35.12792],[128.32809,35.124],[128.32264,35.12985],[128.31613,35.12957],[128.30635,35.12498],[128.2892,35.13138],[128.27375,35.13244],[128.26355,35.12712],[128.24728,35.12831],[128.24188,35.12085],[128.22891,35.11716],[128.22771,35.11393],[128.20947,35.11486],[128.20958,35.11216],[128.1999,35.1061],[128.20105,35.10053],[128.19772,35.09582],[128.19178,35.09773],[128.18807,35.09263],[128.19046,35.07713],[128.20592,35.0766],[128.21098,35.07326],[128.19521,35.06414],[128.19005,35.05412],[128.18214,35.04792],[128.18003,35.03852],[128.16265,35.02723],[128.15783,35.00698],[128.17053,34.98624],[128.16625,34.98355],[128.14828,34.99141],[128.13489,34.98048],[128.13242,34.95957],[128.12313,34.94911],[128.12263,34.93874],[128.11434,34.93386],[128.11575,34.92688],[128.12159,34.92285],[128.11683,34.92072]],[[128.12257,34.90242],[128.12656,34.89761],[128.12211,34.89692],[128.11669,34.90127],[128.12238,34.90469],[128.12257,34.90242]]],[[[128.17786,34.89164],[128.17882,34.88821],[128.18208,34.88912],[128.17786,34.89164]]],[[[128.20782,34.92105],[128.20631,34.92221],[128.20584,34.92087],[128.20782,34.92105]]],[[[128.22634,34.93331],[128.22115,34.93252],[128.22127,34.92824],[128.21836,34.9278],[128.22326,34.92243],[128.22825,34.93066],[128.22634,34.93331]]],[[[128.23799,34.93566],[128.23891,34.93761],[128.23781,34.94003],[128.23799,34.93566]]],[[[128.24239,34.8761],[128.24536,34.87771],[128.24339,34.8787],[128.24239,34.8761]]],[[[128.25195,34.89699],[128.24934,34.8939],[128.25259,34.89133],[128.25478,34.89458],[128.25195,34.89699]]],[[[128.24656,34.88124],[128.25116,34.88041],[128.25069,34.88227],[128.24656,34.88124]]],[[[128.26151,34.93385],[128.26087,34.93104],[128.26362,34.93163],[128.26151,34.93385]]],[[[128.31207,34.9224],[128.30875,34.92498],[128.31029,34.92215],[128.31207,34.9224]]]]}},{"type":"Feature","properties":{"name":"남해","parents":["경상남도","경남서부남해앞바다중서부평수구역","경남서부남해앞바다중남해군연안바다"]},"geometry":{"type":"MultiPolygon","coordinates":[[[[127.90934,34.85156],[127.90177,34.86291],[127.89831,34.87537],[127.90156,34.87829],[127.90138,34.88406],[127.91077,34.88376],[127.90962,34.88592],[127.92053,34.8923],[127.92605,34.89137],[127.92176,34.90058],[127.92715,34.90702],[127.92473,34.91062],[127.92875,34.91875],[127.92437,34.92016],[127.92674,34.92287],[127.92374,34.92621],[127.92834,34.93144],[127.92451,34.93048],[127.92081,34.9337],[127.92573,34.93967],[127.91845,34.94307],[127.91815,34.93938],[127.91363,34.94155],[127.91075,34.93845],[127.90741,34.94306],[127.90272,34.94124],[127.89091,34.94709],[127.87071,34.94197],[127.86691,34.93897],[127.86657,34.93185],[127.85421,34.92759],[127.85894,34.92374],[127.85353,34.92179],[127.85507,34.91832],[127.8524,34.91778],[127.86451,34.90405],[127.86199,34.90123],[127.85281,34.90311],[127.84724,34.90087],[127.844,34.90381],[127.8412,34.90297],[127.8433,34.89962],[127.82557,34.90299],[127.83114,34.89557],[127.82781,34.89324],[127.83306,34.89187],[127.83025,34.88563],[127.82669,34.88522],[127.82845,34.87578],[127.82601,34.87342],[127.81908,34.87585],[127.81735,34.86622],[127.81081,34.86475],[127.81054,34.85417],[127.80735,34.85349],[127.81257,34.84774],[127.8128,34.83439],[127.82182,34.82089],[127.82822,34.81669],[127.82737,34.81276],[127.83285,34.81113],[127.83118,34.80739],[127.83662,34.79909],[127.83603,34.7924],[127.84583,34.78647],[127.84552,34.78181],[127.85113,34.77586],[127.85237,34.76908],[127.84106,34.76729],[127.84373,34.76286],[127.8405,34.7602],[127.84221,34.75835],[127.83627,34.75723],[127.83747,34.74936],[127.84368,34.75034],[127.84573,34.74729],[127.84917,34.75009],[127.85346,34.74754],[127.85589,34.74093],[127.85132,34.73855],[127.85276,34.73573],[127.85874,34.73661],[127.86234,34.73319],[127.85724,34.72847],[127.87501,34.72749],[127.88989,34.72242],[127.90609,34.72774],[127.91301,34.74037],[127.90282,34.76409],[127.92913,34.77595],[127.94382,34.77802],[127.94954,34.77745],[127.95447,34.77254],[127.94849,34.76603],[127.94414,34.74693],[127.94629,34.73271],[127.9492,34.72966],[127.95453,34.73118],[127.95051,34.72464],[127.95739,34.72271],[127.95898,34.71759],[127.95463,34.71756],[127.95479,34.7122],[127.96559,34.70973],[127.96936,34.71301],[127.98432,34.70923],[127.98509,34.71798],[127.98907,34.72041],[127.99229,34.71948],[127.99251,34.7141],[128.00092,34.71698],[128.0072,34.71113],[128.01049,34.71511],[128.00746,34.72103],[128.01497,34.72417],[128.02615,34.71843],[128.01945,34.70444],[128.02493,34.70185],[128.02954,34.70854],[128.03666,34.70737],[128.03612,34.70286],[128.04229,34.70213],[128.04538,34.70365],[128.04269,34.70656],[128.0523,34.70839],[128.05354,34.71196],[128.05667,34.70839],[128.05968,34.71028],[128.05387,34.71469],[128.04558,34.71348],[128.03394,34.7238],[128.03539,34.73136],[128.04207,34.73819],[128.05638,34.74553],[128.05424,34.76925],[128.05003,34.77349],[128.04908,34.78097],[128.05653,34.78841],[128.05428,34.79395],[128.05112,34.79405],[128.05253,34.80029],[128.06491,34.80028],[128.06132,34.80545],[128.06589,34.81235],[128.06004,34.82154],[128.04945,34.82614],[128.04648,34.82367],[128.03652,34.82505],[128.03029,34.83438],[128.0199,34.83332],[128.0172,34.83005],[127.99016,34.83305],[127.98281,34.82655],[127.97702,34.82567],[127.97827,34.82032],[127.95842,34.81367],[127.96588,34.80915],[127.95364,34.80501],[127.94399,34.8095],[127.94115,34.8155],[127.94204,34.82609],[127.9458,34.82859],[127.94015,34.82786],[127.93263,34.83342],[127.92418,34.83074],[127.92206,34.83521],[127.91718,34.83548],[127.91382,34.84905],[127.90934,34.85156]]],[[[127.81947,34.884],[127.82361,34.88259],[127.82198,34.88464],[127.81947,34.884]]],[[[127.93977,34.91231],[127.93389,34.91503],[127.93788,34.91133],[127.93977,34.91231]]],[[[127.93851,34.72386],[127.94276,34.7235],[127.94285,34.72876],[127.93555,34.73083],[127.93851,34.72386]]],[[[127.96099,34.86651],[127.96483,34.8527],[127.97022,34.849],[127.96929,34.8434],[127.98694,34.83663],[128.01901,34.83871],[128.01921,34.84328],[128.02413,34.84729],[128.04591,34.8359],[128.05478,34.83856],[128.06508,34.83052],[128.06951,34.83194],[128.06981,34.83532],[128.07554,34.8347],[128.07774,34.82814],[128.08713,34.82803],[128.08382,34.83251],[128.08523,34.8354],[128.07782,34.83816],[128.07289,34.84527],[128.0607,34.84479],[128.05981,34.8472],[128.06595,34.84833],[128.0619,34.8512],[128.06266,34.8552],[128.05346,34.85352],[128.05741,34.85932],[128.06465,34.86128],[128.0669,34.86997],[128.06252,34.87557],[128.06413,34.87801],[128.0585,34.87946],[128.05876,34.88333],[128.04805,34.88173],[128.04642,34.88348],[128.05019,34.887],[128.046,34.88962],[128.03933,34.88844],[128.04774,34.89697],[128.03807,34.89397],[128.03553,34.89747],[128.03496,34.89337],[128.0314,34.89329],[128.02147,34.88184],[128.02465,34.86601],[128.02026,34.86351],[128.01004,34.8673],[128.01508,34.89246],[128.02522,34.90195],[128.03289,34.91668],[128.02924,34.92198],[128.01712,34.92105],[127.9961,34.91003],[127.99653,34.90714],[127.99082,34.90255],[127.99091,34.89527],[127.97941,34.88506],[127.97745,34.8791],[127.96387,34.87166],[127.96099,34.86651]]],[[[127.99613,34.70501],[127.99741,34.7047],[127.99755,34.70537],[127.99613,34.70501]]],[[[128.02654,34.84407],[128.02857,34.84181],[128.03121,34.84284],[128.02654,34.84407]]],[[[128.02347,34.69576],[128.02619,34.69732],[128.02285,34.69755],[128.02347,34.69576]]],[[[128.05051,34.6989],[128.0521,34.69387],[128.05726,34.69703],[128.05051,34.6989]]],[[[128.04733,34.68339],[128.05178,34.68476],[128.04826,34.69164],[128.04302,34.68456],[128.0456,34.68103],[128.04733,34.68339]]],[[[128.05504,34.72],[128.05229,34.72207],[128.05309,34.71864],[128.05504,34.72]]],[[[128.05953,34.6826],[128.05968,34.68091],[128.06311,34.68173],[128.05953,34.6826]]],[[[128.06019,34.69942],[128.06026,34.69828],[128.0655,34.69889],[128.06019,34.69942]]],[[[128.05905,34.74008],[128.06482,34.73954],[128.06277,34.74189],[128.05905,34.74008]]]]}},{"type":"Feature","properties":{"name":"부산중부","parents":["경상남도","부산"]},"geometry":{"type":"MultiPolygon","coordinates":[[[[128.99852,35.14099],[129.01649,35.13551],[129.03835,35.13971],[129.04119,35.14616],[129.06454,35.14142],[129.06301,35.14871],[129.07867,35.15054],[129.08276,35.15813],[129.09287,35.16],[129.09158,35.16549],[129.09514,35.16829],[129.09747,35.17942],[129.10625,35.18042],[129.11138,35.17588],[129.11519,35.18355],[129.11637,35.20093],[129.11024,35.21015],[129.11891,35.2135],[129.11682,35.22232],[129.12701,35.22714],[129.13102,35.23534],[129.14132,35.24207],[129.1446,35.25094],[129.13827,35.25431],[129.13925,35.26053],[129.13446,35.25929],[129.12128,35.26359],[129.12602,35.27849],[129.12423,35.28127],[129.13214,35.29189],[129.12953,35.29827],[129.10561,35.30658],[129.09055,35.30342],[129.07427,35.29076],[129.07055,35.29452],[129.05836,35.29484],[129.0475,35.27421],[129.02954,35.27689],[129.01348,35.27376],[129.01328,35.26692],[128.99676,35.23608],[128.99317,35.20675],[128.96329,35.18364],[128.95964,35.13665],[128.96223,35.13561],[128.95819,35.11887],[128.96369,35.12193],[128.98007,35.11711],[128.98695,35.12422],[128.99975,35.12327],[129.00356,35.12646],[129.00433,35.13641],[128.99603,35.14041],[128.99852,35.14099]]]]}},{"type":"Feature","properties":{"name":"부산서부","parents":["경상남도","부산앞바다중서부평수구역","경남중부남해앞바다중평수구역","부산앞바다중동부평수구역","부산"]},"geometry":{"type":"MultiPolygon","coordinates":[[[[128.7684,35.01612],[128.76837,35.01373],[128.77634,35.01067],[128.7684,35.01612]]],[[[128.81151,35.07758],[128.83238,35.07761],[128.83239,35.07131],[128.79385,35.06485],[128.79092,35.06159],[128.79095,35.05341],[128.79634,35.05339],[128.7995,35.04763],[128.80565,35.04746],[128.81242,35.0397],[128.80784,35.03125],[128.81351,35.02964],[128.81489,35.02509],[128.80734,35.02493],[128.80597,35.02126],[128.82338,35.01683],[128.82647,35.0104],[128.82011,35.00923],[128.82365,35.007],[128.81817,35.00434],[128.82181,34.9946],[128.83006,34.99483],[128.83012,34.99087],[128.83874,34.99745],[128.8374,35.00004],[128.84114,35.00532],[128.83473,35.0107],[128.83503,35.01585],[128.83851,35.01779],[128.84322,35.03075],[128.84895,35.03426],[128.8512,35.04204],[128.84577,35.05964],[128.85864,35.06408],[128.85503,35.06924],[128.84225,35.06955],[128.83751,35.0748],[128.83652,35.06698],[128.84777,35.0625],[128.84204,35.05411],[128.8338,35.05583],[128.83484,35.08697],[128.8287,35.08997],[128.81853,35.083],[128.8115,35.08299],[128.81151,35.07758]]],[[[128.86832,35.0722],[128.85783,35.06867],[128.8741,35.06378],[128.88587,35.06608],[128.88556,35.06855],[128.86832,35.0722]]],[[[128.89028,35.06259],[128.88597,35.06334],[128.89159,35.05869],[128.9175,35.05243],[128.89751,35.06261],[128.89028,35.06259]]],[[[128.90585,35.06259],[128.90836,35.05864],[128.91796,35.05654],[128.91989,35.06165],[128.90585,35.06259]]],[[[128.91345,35.07511],[128.92261,35.07636],[128.91539,35.07783],[128.91345,35.07511]]],[[[128.91691,35.08973],[128.93019,35.09272],[128.93273,35.11015],[128.93891,35.10892],[128.92857,35.07871],[128.92942,35.07388],[128.93254,35.07392],[128.94309,35.08637],[128.94882,35.10713],[128.95604,35.10644],[128.95033,35.08178],[128.9526,35.07222],[128.95822,35.07308],[128.9527,35.07204],[128.95534,35.06162],[128.95791,35.06205],[128.95544,35.06128],[128.95762,35.05273],[128.9677,35.04298],[128.96446,35.03651],[128.96701,35.03288],[128.96777,35.03681],[128.97457,35.04146],[128.96958,35.04507],[128.97026,35.04788],[128.98173,35.04752],[128.98261,35.0517],[128.97366,35.05331],[128.97469,35.057],[128.98458,35.05978],[128.98837,35.05797],[128.99244,35.04525],[129.00036,35.04677],[128.99306,35.08395],[129.00524,35.08444],[129.0055,35.0711],[129.01203,35.06518],[129.00829,35.06277],[129.01165,35.05246],[129.00851,35.05123],[129.01567,35.05324],[129.02234,35.06199],[129.02129,35.06967],[129.01694,35.07452],[129.02463,35.07616],[129.0256,35.09517],[129.03778,35.09694],[129.03827,35.10283],[129.042,35.10166],[129.04406,35.10826],[129.05251,35.11296],[129.04824,35.11565],[129.05008,35.11765],[129.05435,35.11497],[129.04865,35.12071],[129.04999,35.12354],[129.05537,35.12532],[129.05234,35.12051],[129.05607,35.11803],[129.06606,35.12902],[129.06454,35.14142],[129.04119,35.14616],[129.03835,35.13971],[129.02563,35.13566],[128.99603,35.14041],[129.00433,35.13641],[129.00356,35.12646],[128.99975,35.12327],[128.98695,35.12422],[128.98007,35.11711],[128.96369,35.12193],[128.95944,35.11771],[128.95746,35.1243],[128.96223,35.13561],[128.95964,35.13665],[128.96329,35.18364],[128.99317,35.20675],[128.99676,35.23608],[128.97631,35.22777],[128.9567,35.22525],[128.94068,35.22752],[128.92013,35.21642],[128.90953,35.22309],[128.90502,35.22007],[128.90969,35.21546],[128.8864,35.21448],[128.87899,35.20999],[128.87035,35.20156],[128.88168,35.1822],[128.88085,35.17145],[128.87235,35.17227],[128.87694,35.17015],[128.87604,35.16554],[128.88114,35.15913],[128.87536,35.15945],[128.87666,35.15128],[128.87166,35.15046],[128.86518,35.15819],[128.8721,35.16262],[128.86739,35.16771],[128.84629,35.16469],[128.84293,35.15799],[128.83601,35.15914],[128.82753,35.15559],[128.81597,35.16016],[128.79367,35.15716],[128.80213,35.1419],[128.80669,35.1425],[128.81536,35.13263],[128.82727,35.12816],[128.83298,35.12994],[128.83776,35.12399],[128.83593,35.119],[128.84296,35.11316],[128.8417,35.10599],[128.8348,35.1018],[128.82364,35.10198],[128.82035,35.09642],[128.8352,35.08842],[128.83727,35.08392],[128.86823,35.08322],[128.88416,35.07933],[128.88947,35.10784],[128.89393,35.11954],[128.89763,35.12029],[128.90563,35.11806],[128.90064,35.11138],[128.89523,35.07893],[128.91119,35.07893],[128.91228,35.08638],[128.91691,35.08973]]],[[[128.9531,35.06271],[128.94433,35.07455],[128.92422,35.05482],[128.93842,35.04826],[128.95634,35.04685],[128.95373,35.05316],[128.93956,35.05601],[128.94902,35.05426],[128.95076,35.05703],[128.9481,35.05973],[128.95292,35.05894],[128.95262,35.05626],[128.9531,35.06271]]],[[[128.97518,35.02919],[128.97191,35.02954],[128.97332,35.02517],[128.97518,35.02919]]],[[[129.0909,35.07382],[129.09606,35.08008],[129.08423,35.07388],[129.07754,35.08345],[129.07962,35.08474],[129.06841,35.09595],[129.05913,35.1004],[129.06362,35.1039],[129.031,35.09342],[129.03969,35.08054],[129.05325,35.07153],[129.06174,35.06977],[129.06475,35.06162],[129.07088,35.05852],[129.07721,35.06042],[129.08586,35.04935],[129.09301,35.05216],[129.0961,35.05842],[129.08792,35.06268],[129.0848,35.06969],[129.08112,35.06977],[129.08585,35.07411],[129.0909,35.07382]]]]}},{"type":"Feature","properties":{"name":"부산동부","parents":["경상남도","부산앞바다중서부평수구역","부산앞바다중동부평수구역","부산","울산","울산앞바다중연안바다","부산앞바다중연안바다"]},"geometry":{"type":"MultiPolygon","coordinates":[[[[129.1234,35.30016],[129.12953,35.29827],[129.13214,35.29189],[129.12423,35.28127],[129.12602,35.27849],[129.12128,35.26359],[129.13925,35.26053],[129.13827,35.25431],[129.1446,35.25094],[129.14371,35.24695],[129.13567,35.23636],[129.13102,35.23534],[129.12701,35.22714],[129.11751,35.22395],[129.11891,35.2135],[129.11024,35.21015],[129.11637,35.20093],[129.11519,35.18355],[129.11138,35.17588],[129.10625,35.18042],[129.09747,35.17942],[129.09514,35.16829],[129.09158,35.16549],[129.09287,35.16],[129.08276,35.15813],[129.07867,35.15054],[129.06301,35.14871],[129.0662,35.13836],[129.06533,35.12289],[129.07304,35.12218],[129.06738,35.10819],[129.06538,35.10909],[129.07499,35.10362],[129.09035,35.10362],[129.09037,35.10871],[129.09385,35.10848],[129.09521,35.09388],[129.09963,35.09118],[129.10497,35.09197],[129.10229,35.09449],[129.1106,35.10067],[129.114,35.09784],[129.11049,35.10114],[129.11289,35.10298],[129.12217,35.09986],[129.12822,35.11117],[129.12898,35.11817],[129.12429,35.12264],[129.12075,35.13368],[129.11831,35.1317],[129.11274,35.13527],[129.11781,35.13986],[129.11798,35.14613],[129.11564,35.14612],[129.12017,35.15386],[129.13504,35.15518],[129.13093,35.16127],[129.13378,35.1625],[129.14204,35.15856],[129.14178,35.15493],[129.14632,35.1534],[129.14817,35.15629],[129.14996,35.15137],[129.15483,35.15625],[129.16417,35.15898],[129.1814,35.15469],[129.18725,35.15948],[129.19439,35.16021],[129.2009,35.17945],[129.21385,35.18319],[129.21322,35.18558],[129.22335,35.18504],[129.22506,35.19595],[129.2298,35.19658],[129.22944,35.2025],[129.22201,35.21255],[129.2285,35.21799],[129.22726,35.22429],[129.2304,35.22405],[129.22938,35.22131],[129.23828,35.22037],[129.24557,35.23093],[129.24306,35.23825],[129.24847,35.24064],[129.24504,35.2425],[129.2536,35.24681],[129.25186,35.25566],[129.24776,35.25967],[129.23897,35.25738],[129.23396,35.26223],[129.24406,35.26511],[129.24561,35.27236],[129.25351,35.27175],[129.25609,35.28142],[129.2609,35.28308],[129.25721,35.28855],[129.26195,35.29702],[129.25788,35.30526],[129.26412,35.31836],[129.28054,35.32651],[129.2845,35.32601],[129.29145,35.31806],[129.29919,35.31836],[129.30556,35.32388],[129.30487,35.32976],[129.30337,35.33588],[129.27966,35.34137],[129.28493,35.35073],[129.28052,35.35622],[129.28203,35.36396],[129.26552,35.38714],[129.25797,35.38412],[129.25064,35.38737],[129.24681,35.38275],[129.23702,35.38356],[129.2354,35.38026],[129.21854,35.37895],[129.19937,35.38904],[129.19359,35.38209],[129.19918,35.37598],[129.19876,35.3665],[129.17819,35.35177],[129.15012,35.36393],[129.1212,35.36736],[129.13468,35.35301],[129.12714,35.3454],[129.12399,35.33786],[129.12576,35.33206],[129.11366,35.32022],[129.10856,35.30458],[129.1234,35.30016]],[[129.10158,35.09171],[129.09882,35.09539],[129.10326,35.09343],[129.10158,35.09171]]]]}},{"type":"Feature","properties":{"name":"울산동부","parents":["경상북도","울산앞바다중평수구역","울산","울산앞바다중연안바다"]},"geometry":{"type":"MultiPolygon","coordinates":[[[[129.29618,35.63791],[129.29814,35.63142],[129.294,35.62061],[129.30018,35.61427],[129.28939,35.59555],[129.29454,35.57613],[129.28366,35.57861],[129.28168,35.58415],[129.25412,35.58818],[129.25974,35.57427],[129.25683,35.56709],[129.25889,35.56153],[129.26564,35.5569],[129.26069,35.55233],[129.25592,35.55435],[129.23654,35.53617],[129.25721,35.53436],[129.2621,35.52912],[129.27485,35.52839],[129.27408,35.52376],[129.28826,35.51497],[129.28901,35.5091],[129.3009,35.4951],[129.30618,35.49761],[129.31048,35.4926],[129.31886,35.49111],[129.32008,35.48744],[129.32693,35.48921],[129.33775,35.48206],[129.33958,35.47538],[129.35054,35.46828],[129.35526,35.45894],[129.36869,35.45423],[129.37359,35.46229],[129.37756,35.46094],[129.38324,35.46825],[129.37817,35.47135],[129.37508,35.46923],[129.38457,35.47562],[129.38472,35.48428],[129.38893,35.48751],[129.39078,35.47693],[129.39087,35.48595],[129.38683,35.48969],[129.39005,35.48984],[129.38005,35.49957],[129.36753,35.49795],[129.3632,35.50418],[129.37136,35.50087],[129.3874,35.50188],[129.38583,35.51641],[129.37502,35.51757],[129.37599,35.52243],[129.37244,35.52361],[129.37763,35.52843],[129.37665,35.53799],[129.39644,35.51337],[129.39576,35.50125],[129.40322,35.49982],[129.40844,35.49326],[129.40425,35.48565],[129.40711,35.47325],[129.40485,35.47147],[129.41174,35.47188],[129.4162,35.47593],[129.41532,35.47992],[129.42516,35.48168],[129.42439,35.48422],[129.43063,35.4835],[129.43114,35.47839],[129.43429,35.48109],[129.44132,35.49155],[129.44427,35.49126],[129.44124,35.4958],[129.43212,35.49339],[129.43354,35.50014],[129.4427,35.50118],[129.4435,35.50571],[129.43373,35.50422],[129.43283,35.51097],[129.44769,35.50896],[129.44562,35.51162],[129.45069,35.52475],[129.44019,35.52227],[129.43875,35.52858],[129.44677,35.52935],[129.45429,35.52601],[129.45138,35.53706],[129.4578,35.552],[129.4581,35.56413],[129.45281,35.57191],[129.45284,35.57899],[129.46368,35.58691],[129.46441,35.59938],[129.45715,35.60893],[129.45868,35.61271],[129.45191,35.61409],[129.44145,35.63036],[129.44163,35.64472],[129.44813,35.648],[129.44841,35.65122],[129.43927,35.65524],[129.43508,35.65245],[129.4328,35.65665],[129.4284,35.65558],[129.41097,35.66383],[129.40342,35.66297],[129.4,35.66757],[129.38185,35.67118],[129.37265,35.66923],[129.36407,35.67893],[129.35356,35.67938],[129.33576,35.66913],[129.32564,35.65772],[129.31936,35.65636],[129.31114,35.66052],[129.30427,35.65701],[129.30294,35.64778],[129.29626,35.64474],[129.29618,35.63791]]],[[[129.39124,35.46753],[129.38427,35.46046],[129.38068,35.45544],[129.39124,35.46753]]]]}},{"type":"Feature","properties":{"name":"울산서부","parents":["경상북도","경상남도","울산앞바다중평수구역","부산","울산","울산앞바다중연안바다"]},"geometry":{"type":"MultiPolygon","coordinates":[[[[129.01036,35.58094],[128.99408,35.567],[128.97119,35.5603],[128.98092,35.54637],[128.98935,35.5516],[128.99699,35.54497],[128.99883,35.53854],[128.99459,35.52813],[129.0076,35.52911],[129.00903,35.52399],[129.01296,35.52314],[129.05582,35.53227],[129.05657,35.52711],[129.05211,35.5244],[129.05264,35.51445],[129.09062,35.49831],[129.10672,35.49514],[129.10832,35.48107],[129.1174,35.47589],[129.12177,35.46344],[129.14315,35.44565],[129.16761,35.4318],[129.19697,35.43785],[129.20211,35.43207],[129.20016,35.42415],[129.21146,35.41906],[129.21888,35.40697],[129.20282,35.39261],[129.20117,35.38778],[129.20509,35.38434],[129.21854,35.37895],[129.2354,35.38026],[129.24097,35.38507],[129.24681,35.38275],[129.25064,35.38737],[129.25797,35.38412],[129.26552,35.38714],[129.26798,35.3801],[129.28203,35.36396],[129.28052,35.35622],[129.28493,35.35073],[129.27966,35.34137],[129.30181,35.33673],[129.30414,35.33016],[129.31279,35.32987],[129.32099,35.34413],[129.3324,35.34756],[129.33517,35.3559],[129.3421,35.35627],[129.34676,35.35226],[129.36096,35.35727],[129.36039,35.36467],[129.35456,35.36783],[129.35533,35.37176],[129.34502,35.37517],[129.34547,35.38201],[129.34934,35.39218],[129.35402,35.39285],[129.3655,35.40788],[129.36282,35.41023],[129.36254,35.42605],[129.37146,35.43124],[129.37144,35.43529],[129.36649,35.43705],[129.37339,35.44718],[129.36912,35.4491],[129.36506,35.44141],[129.35523,35.43826],[129.35388,35.44092],[129.36011,35.44632],[129.34989,35.44824],[129.34826,35.4625],[129.33699,35.4734],[129.33891,35.47917],[129.33578,35.48251],[129.32693,35.48921],[129.32008,35.48744],[129.31886,35.49111],[129.31048,35.4926],[129.30784,35.49693],[129.3009,35.4951],[129.28901,35.5091],[129.28826,35.51497],[129.27408,35.52376],[129.27236,35.52985],[129.2621,35.52912],[129.25721,35.53436],[129.23654,35.53617],[129.24949,35.5447],[129.25461,35.55342],[129.26069,35.55233],[129.26564,35.5569],[129.25889,35.56153],[129.25925,35.57764],[129.25483,35.58196],[129.25412,35.58818],[129.28168,35.58415],[129.28366,35.57861],[129.29454,35.57613],[129.29032,35.59433],[129.29927,35.60966],[129.29827,35.61668],[129.294,35.62061],[129.29814,35.63142],[129.29713,35.64286],[129.2829,35.65173],[129.26978,35.65108],[129.26044,35.65464],[129.2555,35.66046],[129.25474,35.66641],[129.25972,35.67228],[129.25864,35.68311],[129.26259,35.69113],[129.25685,35.7007],[129.23401,35.70387],[129.23298,35.70763],[129.22437,35.70956],[129.20863,35.72117],[129.19765,35.71579],[129.18129,35.72379],[129.17843,35.71721],[129.17239,35.71386],[129.16031,35.71481],[129.15405,35.72197],[129.14613,35.72492],[129.13753,35.7207],[129.13951,35.71824],[129.13416,35.71211],[129.12621,35.71357],[129.12421,35.70828],[129.09029,35.70268],[129.07711,35.69305],[129.06988,35.68237],[129.07303,35.67738],[129.06715,35.67135],[129.06808,35.65856],[129.08069,35.64795],[129.08085,35.64325],[129.07555,35.64036],[129.0693,35.64541],[129.0469,35.65052],[129.03549,35.63202],[129.02661,35.6364],[129.02091,35.63508],[129.01802,35.62965],[129.00274,35.62026],[129.0085,35.61594],[129.02302,35.61344],[129.02275,35.59126],[129.0192,35.58426],[129.01036,35.58094]]]]}},{"type":"Feature","properties":{"name":"하동","parents":["전북자치도","전라남도","경상남도","경남서부남해앞바다중서부평수구역","전남동부남해앞바다중동부평수구역"]},"geometry":{"type":"MultiPolygon","coordinates":[[[[127.57955,35.30959],[127.57607,35.30608],[127.57737,35.29516],[127.58407,35.2911],[127.5957,35.26813],[127.61016,35.26205],[127.61408,35.25178],[127.61282,35.24162],[127.61929,35.2356],[127.62114,35.22465],[127.62073,35.21266],[127.61688,35.20691],[127.62149,35.19179],[127.61814,35.1909],[127.64837,35.16039],[127.65934,35.15896],[127.68868,35.13517],[127.69463,35.125],[127.69726,35.10178],[127.71612,35.08347],[127.73635,35.0736],[127.74326,35.06096],[127.76345,35.05483],[127.76966,35.04645],[127.77163,35.03372],[127.78552,35.01984],[127.78682,35.01021],[127.78034,34.98973],[127.76403,34.97672],[127.75939,34.96677],[127.77017,34.96713],[127.77333,34.95498],[127.78069,34.9495],[127.78013,34.94551],[127.79224,34.94041],[127.79857,34.92274],[127.80622,34.92405],[127.80243,34.93579],[127.81095,34.93984],[127.8166,34.93901],[127.82271,34.94598],[127.8291,34.948],[127.82321,34.95335],[127.8388,34.95005],[127.83897,34.95651],[127.83494,34.95682],[127.83935,34.95732],[127.84076,34.96288],[127.8457,34.95805],[127.8431,34.95619],[127.84441,34.95112],[127.84826,34.95005],[127.84693,34.94677],[127.85858,34.94939],[127.87228,34.94645],[127.88214,34.94961],[127.88134,34.95306],[127.88533,34.95624],[127.89675,34.9564],[127.89851,34.95935],[127.89618,34.9625],[127.8991,34.96257],[127.90164,34.97029],[127.90905,34.97424],[127.911,34.97998],[127.90755,34.98303],[127.91417,34.98506],[127.91644,34.98176],[127.91714,34.98857],[127.92127,34.98822],[127.91567,34.9906],[127.9188,34.99205],[127.91635,34.99707],[127.92221,35.00681],[127.91767,35.00989],[127.92435,35.018],[127.91976,35.02547],[127.9251,35.0293],[127.92392,35.04183],[127.93118,35.04774],[127.92473,35.05371],[127.92039,35.06417],[127.91447,35.06453],[127.91171,35.07345],[127.90832,35.07342],[127.90632,35.07882],[127.89772,35.07912],[127.89351,35.08657],[127.90228,35.08761],[127.90187,35.09527],[127.90932,35.09813],[127.89936,35.1074],[127.9105,35.12066],[127.89109,35.13101],[127.88544,35.13046],[127.87896,35.14564],[127.88004,35.14871],[127.89652,35.1528],[127.89857,35.15673],[127.90966,35.1484],[127.91299,35.15098],[127.92144,35.15033],[127.92989,35.14476],[127.93145,35.14946],[127.93861,35.15259],[127.93925,35.16594],[127.92508,35.17832],[127.90825,35.18429],[127.89371,35.19945],[127.89453,35.20789],[127.88782,35.21847],[127.89027,35.22787],[127.88782,35.23762],[127.89311,35.25044],[127.87447,35.25094],[127.87555,35.25721],[127.86864,35.25993],[127.8568,35.24893],[127.85781,35.24248],[127.8472,35.23549],[127.84324,35.22758],[127.83533,35.22963],[127.82655,35.22249],[127.77606,35.21948],[127.7564,35.2321],[127.74891,35.24945],[127.74345,35.25322],[127.70481,35.26487],[127.70032,35.27478],[127.69026,35.28356],[127.6927,35.28775],[127.68854,35.29412],[127.68878,35.31921],[127.68392,35.32266],[127.66613,35.32033],[127.6582,35.32878],[127.64018,35.3246],[127.62074,35.33256],[127.59429,35.31243],[127.57955,35.30959]],[[127.79788,34.92684],[127.79641,34.93087],[127.80327,34.93222],[127.80467,34.92669],[127.79788,34.92684]],[[127.80001,34.94289],[127.80319,34.9324],[127.79521,34.93078],[127.79223,34.94138],[127.80001,34.94289]]],[[[127.78254,34.93923],[127.78101,34.93828],[127.78194,34.93645],[127.78254,34.93923]]],[[[127.83058,34.93948],[127.83009,34.9284],[127.83462,34.92785],[127.83257,34.93449],[127.83457,34.93879],[127.83058,34.93948]]],[[[127.8383,34.94291],[127.83786,34.94309],[127.83785,34.94251],[127.8383,34.94291]]],[[[127.85968,34.94673],[127.85869,34.94761],[127.85953,34.94668],[127.85968,34.94673]]],[[[127.91882,34.97208],[127.91579,34.97194],[127.91691,34.96977],[127.91882,34.97208]]],[[[127.92215,34.97599],[127.91597,34.97589],[127.91688,34.97418],[127.92215,34.97599]]],[[[127.92381,34.9805],[127.9231,34.98454],[127.92004,34.98401],[127.92381,34.9805]]]]}},{"type":"Feature","properties":{"name":"하동남부","parents":["하동","전라남도","경상남도","경남서부남해앞바다중서부평수구역","전남동부남해앞바다중동부평수구역"]},"geometry":{"type":"MultiPolygon","coordinates":[[[[127.78254,34.93923],[127.78101,34.93828],[127.78194,34.93645],[127.78254,34.93923]]],[[[127.83058,34.93948],[127.83009,34.9284],[127.83462,34.92785],[127.83257,34.93449],[127.83457,34.93879],[127.83058,34.93948]]],[[[127.76403,34.97672],[127.75939,34.96677],[127.77017,34.96713],[127.77333,34.95498],[127.78069,34.9495],[127.78013,34.94551],[127.79224,34.94041],[127.79857,34.92274],[127.80622,34.92405],[127.80243,34.93579],[127.81095,34.93984],[127.8166,34.93901],[127.82271,34.94598],[127.8291,34.948],[127.82321,34.95335],[127.8388,34.95005],[127.83897,34.95651],[127.83494,34.95682],[127.83935,34.95732],[127.84076,34.96288],[127.8457,34.95805],[127.8431,34.95619],[127.84441,34.95112],[127.84826,34.95005],[127.84716,34.94673],[127.85903,34.94922],[127.87245,34.94646],[127.88223,34.95066],[127.88533,34.95624],[127.89675,34.9564],[127.89851,34.95935],[127.89618,34.9625],[127.8991,34.96257],[127.90164,34.97029],[127.90905,34.97424],[127.911,34.97998],[127.90755,34.98303],[127.91417,34.98506],[127.91644,34.98176],[127.91714,34.98857],[127.92127,34.98822],[127.91567,34.9906],[127.9188,34.99205],[127.91635,34.99707],[127.92221,35.00681],[127.91767,35.00989],[127.92435,35.018],[127.91976,35.02547],[127.9251,35.0293],[127.92392,35.04183],[127.93118,35.04774],[127.92473,35.05371],[127.92039,35.06417],[127.91447,35.06453],[127.91171,35.07345],[127.90832,35.07342],[127.90632,35.07882],[127.89772,35.07912],[127.89351,35.08657],[127.90228,35.08761],[127.90187,35.09527],[127.90932,35.09813],[127.89936,35.1074],[127.9105,35.12066],[127.89109,35.13101],[127.88544,35.13046],[127.87896,35.14564],[127.88004,35.14871],[127.89652,35.1528],[127.89857,35.15673],[127.90966,35.1484],[127.91299,35.15098],[127.92144,35.15033],[127.92989,35.14476],[127.93145,35.14946],[127.93861,35.15259],[127.93925,35.16594],[127.92508,35.17832],[127.90825,35.18429],[127.89371,35.19945],[127.89453,35.20789],[127.88782,35.21847],[127.89027,35.22787],[127.88782,35.23762],[127.89311,35.25044],[127.87447,35.25094],[127.87555,35.25721],[127.86916,35.26005],[127.8568,35.24893],[127.85781,35.24248],[127.8472,35.23549],[127.84324,35.22758],[127.83533,35.22963],[127.82655,35.22249],[127.79956,35.21927],[127.78273,35.22094],[127.7804,35.21106],[127.79177,35.20377],[127.796,35.18843],[127.8064,35.18707],[127.80658,35.1776],[127.80281,35.17615],[127.8033,35.17256],[127.80871,35.16904],[127.81537,35.1483],[127.80714,35.14265],[127.80958,35.13746],[127.79805,35.1307],[127.79344,35.12294],[127.7776,35.1265],[127.76814,35.1346],[127.76903,35.13855],[127.76305,35.1454],[127.76387,35.15093],[127.74731,35.16474],[127.73782,35.15517],[127.74145,35.14983],[127.7411,35.14195],[127.73494,35.13038],[127.72821,35.12823],[127.71933,35.1303],[127.71193,35.122],[127.70388,35.12569],[127.69484,35.12387],[127.69726,35.10178],[127.71612,35.08347],[127.73635,35.0736],[127.74326,35.06096],[127.76345,35.05483],[127.76966,35.04645],[127.77163,35.03372],[127.78552,35.01984],[127.78682,35.01021],[127.78034,34.98973],[127.76403,34.97672]],[[127.79521,34.93078],[127.79224,34.94138],[127.80001,34.94289],[127.80319,34.9324],[127.79521,34.93078]],[[127.79641,34.93087],[127.80327,34.93222],[127.80467,34.92669],[127.79788,34.92684],[127.79641,34.93087]]],[[[127.8383,34.94291],[127.83786,34.94309],[127.83785,34.94251],[127.8383,34.94291]]],[[[127.85869,34.94761],[127.85953,34.94668],[127.85968,34.94673],[127.85869,34.94761]]],[[[127.91882,34.97208],[127.91579,34.97194],[127.91691,34.96977],[127.91882,34.97208]]],[[[127.92215,34.97599],[127.91597,34.97589],[127.91688,34.97418],[127.92215,34.97599]]],[[[127.92381,34.9805],[127.9231,34.98454],[127.92004,34.98401],[127.92381,34.9805]]]]}},{"type":"Feature","properties":{"name":"사천","parents":["경상남도","경남서부남해앞바다중서부평수구역"]},"geometry":{"type":"MultiPolygon","coordinates":[[[[127.93389,35.14982],[127.93154,35.14547],[127.92144,35.15033],[127.90966,35.1484],[127.89857,35.15673],[127.89652,35.1528],[127.88004,35.14871],[127.87896,35.14564],[127.88544,35.13046],[127.89109,35.13101],[127.9105,35.12066],[127.89936,35.1074],[127.90932,35.09813],[127.90187,35.09527],[127.90228,35.08761],[127.89351,35.08657],[127.89772,35.07912],[127.90632,35.07882],[127.90832,35.07342],[127.91171,35.07345],[127.91447,35.06453],[127.92365,35.05911],[127.92473,35.05371],[127.93118,35.04774],[127.92392,35.04183],[127.92515,35.02954],[127.91976,35.02547],[127.92273,35.0142],[127.92979,35.01344],[127.93301,35.00612],[127.94116,35.00136],[127.93489,34.99838],[127.93163,34.99221],[127.93389,34.98526],[127.93715,34.98776],[127.93945,34.98441],[127.9345,34.98241],[127.9512,34.97657],[127.94839,34.97852],[127.94964,34.9811],[127.95363,34.98099],[127.94732,34.98239],[127.95006,34.98595],[127.95777,34.98421],[127.96167,34.99452],[127.96741,34.99168],[127.97208,34.99407],[127.97464,34.99018],[127.97268,34.98643],[127.97786,34.98544],[127.97675,34.98237],[127.9846,34.97663],[127.99163,34.98109],[127.98788,34.98534],[127.98926,34.98921],[127.99377,34.98448],[127.99653,34.98787],[127.99341,34.99165],[127.99747,34.99597],[128.00026,34.99515],[128.00097,34.98381],[128.00593,34.98693],[128.00408,34.9847],[128.00661,34.98205],[128.01148,34.98636],[128.00756,34.991],[128.0101,34.99478],[128.01548,34.99389],[128.01808,35.00115],[128.01617,35.00355],[128.01988,35.00475],[128.0161,35.00755],[128.01816,35.01028],[128.00754,35.01278],[128.009,35.01954],[128.00381,35.02697],[127.99434,35.03201],[127.99701,35.03714],[127.98818,35.03914],[127.98891,35.03377],[127.97683,35.03181],[127.98714,35.04653],[128.00634,35.04348],[128.00864,35.03848],[128.01411,35.03963],[128.00861,35.04745],[128.01175,35.049],[128.01854,35.04052],[128.00564,35.03342],[128.01992,35.02809],[128.0253,35.03309],[128.02892,35.04571],[128.02542,35.05345],[128.02895,35.06],[128.03472,35.06261],[128.03205,35.06866],[128.04119,35.07247],[128.03609,35.07822],[128.04603,35.07543],[128.05412,35.08171],[128.06186,35.07864],[128.04489,35.06709],[128.03983,35.05792],[128.03877,35.03769],[128.04217,35.03133],[128.03474,35.02322],[128.0376,35.02097],[128.04499,35.02431],[128.04966,35.01662],[128.03875,34.99795],[128.04581,34.98073],[128.05231,34.97783],[128.04935,34.96894],[128.03007,34.95876],[128.03433,34.94975],[128.03943,34.94646],[128.03935,34.94024],[128.05627,34.92804],[128.07036,34.92731],[128.07545,34.92307],[128.08605,34.92698],[128.08594,34.91899],[128.08931,34.91856],[128.09569,34.92639],[128.09941,34.9234],[128.10212,34.9256],[128.10286,34.92036],[128.11078,34.92416],[128.11966,34.92242],[128.11434,34.93386],[128.12276,34.93895],[128.12313,34.94911],[128.13303,34.96106],[128.13442,34.97965],[128.14828,34.99141],[128.16625,34.98355],[128.17019,34.98472],[128.15864,35.00457],[128.15839,35.01184],[128.16265,35.02723],[128.17356,35.03141],[128.18003,35.03852],[128.18435,35.05101],[128.17806,35.05355],[128.17243,35.05195],[128.16494,35.06364],[128.15604,35.06579],[128.14794,35.07764],[128.15183,35.08106],[128.16275,35.07986],[128.16932,35.08381],[128.17206,35.09532],[128.16269,35.10161],[128.1588,35.10079],[128.14735,35.11446],[128.13536,35.11728],[128.11811,35.11415],[128.10907,35.10548],[128.0893,35.10432],[128.09201,35.10935],[128.08829,35.11854],[128.0706,35.12831],[128.05639,35.12777],[128.05063,35.13153],[128.0487,35.12457],[128.04303,35.12065],[128.0281,35.12288],[128.02115,35.11693],[128.01711,35.11862],[128.00656,35.11347],[128.00099,35.11767],[127.99946,35.12365],[128.00313,35.13358],[127.99851,35.13646],[128.00032,35.13856],[127.99665,35.14484],[127.9993,35.14646],[127.99855,35.15537],[127.96872,35.15869],[127.96677,35.15472],[127.95801,35.15765],[127.95101,35.15201],[127.9386,35.1526],[127.93389,35.14982]]],[[[127.93974,34.97789],[127.93577,34.97921],[127.93455,34.97724],[127.93974,34.97789]]],[[[127.96297,34.96595],[127.96085,34.96135],[127.96519,34.96086],[127.96379,34.96408],[127.96709,34.9658],[127.96297,34.96595]]],[[[127.96882,34.98191],[127.96945,34.98885],[127.96565,34.98975],[127.96605,34.98306],[127.96248,34.98338],[127.96222,34.97989],[127.96463,34.974],[127.96212,34.97166],[127.96891,34.96721],[127.9833,34.96281],[127.98383,34.96567],[127.99604,34.96857],[127.99035,34.97122],[127.98635,34.96673],[127.98151,34.96835],[127.97635,34.97463],[127.97758,34.97721],[127.96882,34.98191]]],[[[127.99559,34.97705],[127.99385,34.97251],[127.99753,34.97325],[127.99559,34.97705]]],[[[128.00309,35.0381],[128.00293,35.0355],[128.00642,35.03686],[128.00309,35.0381]]],[[[128.03128,34.92876],[128.02824,34.92894],[128.02972,34.92631],[128.03128,34.92876]]],[[[128.03123,34.93398],[128.03372,34.936],[128.02807,34.93797],[128.03123,34.93398]]],[[[128.03502,34.92741],[128.03287,34.9247],[128.03713,34.91879],[128.04075,34.92168],[128.03502,34.92741]]],[[[128.04346,34.9245],[128.04603,34.92485],[128.04499,34.92721],[128.04231,34.92654],[128.04346,34.9245]]],[[[128.07541,34.91082],[128.07117,34.90477],[128.07496,34.90213],[128.07076,34.88992],[128.07463,34.88601],[128.07988,34.88913],[128.07599,34.8908],[128.07587,34.89442],[128.08239,34.89892],[128.07939,34.90056],[128.08207,34.90253],[128.07813,34.90364],[128.08082,34.90622],[128.07541,34.91082]]],[[[128.08176,34.90784],[128.08362,34.90718],[128.08073,34.90821],[128.08176,34.90784]]]]}},{"type":"Feature","properties":{"name":"추자도","parents":["제주도","남해서부서쪽먼바다중추자도연안바다"]},"geometry":{"type":"MultiPolygon","coordinates":[[[[126.24974,33.99017],[126.24593,33.98733],[126.25212,33.98573],[126.24974,33.99017]]],[[[126.28444,33.96891],[126.28149,33.97081],[126.28302,33.96552],[126.28916,33.96272],[126.28541,33.9613],[126.30175,33.95249],[126.30195,33.95869],[126.29608,33.96235],[126.30044,33.96269],[126.28444,33.96891]]],[[[126.29296,33.98224],[126.29633,33.98374],[126.29344,33.98435],[126.29296,33.98224]]],[[[126.33311,33.95603],[126.32591,33.95153],[126.31369,33.95492],[126.3037,33.9527],[126.30312,33.94997],[126.31658,33.94101],[126.32114,33.93024],[126.3292,33.93014],[126.33047,33.93388],[126.32541,33.93503],[126.32363,33.93882],[126.32728,33.9449],[126.33441,33.9439],[126.34273,33.94914],[126.33833,33.9526],[126.34252,33.95452],[126.33311,33.95603]]],[[[126.31712,33.98921],[126.32301,33.98488],[126.32293,33.98852],[126.31712,33.98921]]],[[[126.32651,33.91455],[126.32182,33.91485],[126.32385,33.91233],[126.32651,33.91455]]],[[[126.34464,33.90288],[126.34434,33.90625],[126.34294,33.90315],[126.34464,33.90288]]],[[[126.34893,33.98378],[126.3462,33.98459],[126.34584,33.98162],[126.35297,33.98295],[126.34893,33.98378]]],[[[126.33338,34.0127],[126.33425,34.00868],[126.34228,34.00788],[126.34758,34.00358],[126.35265,34.00685],[126.33338,34.0127]]],[[[126.63526,33.92116],[126.63859,33.91906],[126.64235,33.92026],[126.63526,33.92116]]]]}},{"type":"Feature","properties":{"name":"추자도","parents":["제주도","남해서부서쪽먼바다중추자도연안바다"]},"geometry":{"type":"MultiPolygon","coordinates":[[[[126.24974,33.99017],[126.24593,33.98733],[126.25212,33.98573],[126.24974,33.99017]]],[[[126.28444,33.96891],[126.28149,33.97081],[126.28302,33.96552],[126.28916,33.96272],[126.28541,33.9613],[126.30175,33.95249],[126.30195,33.95869],[126.29608,33.96235],[126.30044,33.96269],[126.28444,33.96891]]],[[[126.29296,33.98224],[126.29633,33.98374],[126.29344,33.98435],[126.29296,33.98224]]],[[[126.33311,33.95603],[126.32591,33.95153],[126.31369,33.95492],[126.3037,33.9527],[126.30312,33.94997],[126.31658,33.94101],[126.32114,33.93024],[126.3292,33.93014],[126.33047,33.93388],[126.32541,33.93503],[126.32363,33.93882],[126.32728,33.9449],[126.33441,33.9439],[126.34273,33.94914],[126.33833,33.9526],[126.34252,33.95452],[126.33311,33.95603]]],[[[126.31712,33.98921],[126.32301,33.98488],[126.32293,33.98852],[126.31712,33.98921]]],[[[126.32651,33.91455],[126.32182,33.91485],[126.32385,33.91233],[126.32651,33.91455]]],[[[126.34464,33.90288],[126.34434,33.90625],[126.34294,33.90315],[126.34464,33.90288]]],[[[126.34893,33.98378],[126.3462,33.98459],[126.34584,33.98162],[126.35297,33.98295],[126.34893,33.98378]]],[[[126.33338,34.0127],[126.33425,34.00868],[126.34228,34.00788],[126.34758,34.00358],[126.35265,34.00685],[126.33338,34.0127]]],[[[126.63526,33.92116],[126.63859,33.91906],[126.64235,33.92026],[126.63526,33.92116]]]]}},{"type":"Feature","properties":{"name":"제주도서부","parents":["제주도","제주도서부앞바다중가파도연안바다","제주도서부앞바다중북서연안바다","제주도서부앞바다중남서연안바다","제주도남부앞바다중연안바다"]},"geometry":{"type":"MultiPolygon","coordinates":[[[[126.14536,33.31015],[126.15357,33.31129],[126.14772,33.31331],[126.14536,33.31015]]],[[[126.16055,33.29262],[126.16227,33.28513],[126.16873963813354,33.28285868071925],[126.16953,33.27646],[126.17889,33.26796],[126.18225,33.25988],[126.20202,33.24556],[126.21255,33.24173],[126.21931,33.24292],[126.23373,33.23478],[126.2404,33.22382],[126.25654,33.20945],[126.26323,33.20942],[126.26461,33.20518],[126.26102,33.19979],[126.26511,33.19551],[126.27215,33.19407],[126.28503,33.20053],[126.2866,33.19671],[126.29481,33.19709],[126.29064,33.2037],[126.29517,33.2162],[126.28435,33.23183],[126.285,33.23936],[126.2935,33.25054],[126.29497,33.2661],[126.30465,33.27511],[126.29391,33.28578],[126.29365,33.29606],[126.28208331499312,33.3031689133425],[126.28635,33.30432],[126.29397,33.31513],[126.29053,33.31836],[126.2924,33.32567],[126.2894,33.33864],[126.29215,33.35651],[126.29101,33.3776],[126.29586,33.376],[126.30061,33.38658],[126.31219,33.3907],[126.31367,33.39497],[126.30984,33.39657],[126.30856,33.40717],[126.30213,33.41686],[126.30355,33.42757],[126.29995,33.43288],[126.29944,33.4458],[126.27797,33.44387],[126.2732,33.43575],[126.2614,33.4342],[126.26363,33.42455],[126.26212,33.42253],[126.25983,33.42504],[126.26003,33.41679],[126.25381,33.41356],[126.25856,33.40916],[126.25202,33.40846],[126.25089,33.40233],[126.24191,33.39536],[126.23662,33.39512],[126.23476,33.39061],[126.22195,33.391],[126.22213,33.3878],[126.2157,33.38345],[126.2165,33.37889],[126.20582,33.37217],[126.20572,33.36905],[126.18058,33.3573],[126.18032,33.34657],[126.16958,33.34411],[126.16328,33.33716],[126.16556,33.3314],[126.16214,33.32955],[126.16248,33.3244],[126.16839,33.31666],[126.16322,33.30765],[126.1674,33.30021],[126.16055,33.29262]],[[126.17097,33.28838],[126.17317,33.28894],[126.17123811325638,33.28768534292665],[126.17097,33.28838]],[[126.2387,33.27638],[126.24439010614346,33.27311894757157],[126.24444,33.27296],[126.2387,33.27638]],[[126.26941874619068,33.296857583804965],[126.27039,33.29747],[126.27237555640653,33.29758783717546],[126.26941874619068,33.296857583804965]],[[126.2762607758583,33.29854738289963],[126.27796614881113,33.29914570324143],[126.27781,33.29893],[126.2762607758583,33.29854738289963]]],[[[126.22218,33.41795],[126.22287,33.4153],[126.22604,33.41698],[126.22446,33.42102],[126.22218,33.41795]]],[[[126.22251,33.40583],[126.2294,33.40487],[126.23215,33.41003],[126.22312,33.41199],[126.22251,33.40583]]],[[[126.25698,33.42164],[126.25776,33.41748],[126.25875,33.42248],[126.25698,33.42164]]],[[[126.25875,33.42248],[126.25906,33.42262],[126.25882,33.42261],[126.25875,33.42248]]],[[[126.26242,33.16861],[126.27234,33.16187],[126.27228,33.16524],[126.27976,33.16746],[126.2715,33.1761],[126.26242,33.16861]]],[[[126.26475,33.11796],[126.26632,33.11293],[126.26944,33.11332],[126.26894,33.12416],[126.26475,33.11796]]],[[[126.29101,33.44504],[126.29301,33.44721],[126.29118,33.44726],[126.29101,33.44504]]],[[[126.3047,33.32574],[126.30497,33.32574],[126.30497,33.32594],[126.3047,33.32574]]],[[[126.30496,33.32655],[126.30497,33.32594],[126.30582,33.32656],[126.30496,33.32655]]],[[[126.31462,33.32697],[126.31945,33.32745],[126.31462,33.32742],[126.31462,33.32697]]],[[[126.32896,33.33237],[126.32908,33.33237],[126.32908,33.3325],[126.32896,33.33237]]],[[[126.33484,33.33808],[126.33485,33.33655],[126.33516,33.33752],[126.33484,33.33808]]],[[[126.35994,33.34184],[126.36284,33.34228],[126.35994,33.34227],[126.35994,33.34184]]]]}},{"type":"Feature","properties":{"name":"제주도동부","parents":["제주도","제주도동부앞바다중남동연안바다","제주도동부앞바다중우도연안바다","제주도동부앞바다중북동연안바다"]},"geometry":{"type":"MultiPolygon","coordinates":[[[[126.65333,33.39689],[126.6546,33.39456],[126.65652,33.39943],[126.65333,33.39689]]],[[[126.67006,33.40093],[126.67027,33.40109],[126.67006,33.40109],[126.67006,33.40093]]],[[[126.67488,33.40402],[126.67541,33.40435],[126.67488,33.40435],[126.67488,33.40402]]],[[[126.68164,33.40898],[126.68221,33.40924],[126.68164,33.40924],[126.68164,33.40898]]],[[[126.68453,33.41075],[126.68467,33.41087],[126.68453,33.41087],[126.68453,33.41075]]],[[[126.68467,33.41087],[126.6855,33.41087],[126.6855,33.41159],[126.68467,33.41087]]],[[[126.6855,33.41159],[126.6856,33.41168],[126.6855,33.41168],[126.6855,33.41159]]],[[[126.70461,33.54806],[126.70627,33.53505],[126.72571,33.51234],[126.73449,33.50656],[126.73304,33.49537],[126.75009,33.49297],[126.754,33.48243],[126.76173,33.4865],[126.76659,33.48083],[126.77337,33.48003],[126.77339,33.47192],[126.7763,33.46949],[126.7976,33.46872],[126.79955,33.46466],[126.81118,33.459],[126.82183,33.45739],[126.81895,33.44772],[126.82212,33.44671],[126.81821,33.44783],[126.81799,33.44197],[126.82186,33.44116],[126.82381,33.43468],[126.81607,33.43466],[126.80932,33.42248],[126.7919,33.42408],[126.78321,33.41595],[126.7687,33.4143],[126.76776,33.40618],[126.78228,33.40215],[126.78616,33.39648],[126.7707,33.38915],[126.76878,33.38346],[126.75525,33.38019],[126.7543,33.37532],[126.7485,33.37287],[126.75143,33.36477],[126.73789,33.36393],[126.73732,33.35988],[126.75608,33.33987],[126.76163,33.31801],[126.77649,33.30593],[126.80776,33.30182],[126.8162,33.30764],[126.82993,33.30633],[126.84856,33.32141],[126.84974,33.32575],[126.8448,33.3255],[126.84405,33.33284],[126.85658,33.33806],[126.85975,33.34701],[126.86846,33.35342],[126.86969,33.36177],[126.86743,33.3638],[126.87369,33.36813],[126.88181,33.3826],[126.90487,33.39012],[126.90783,33.39779],[126.90303,33.40268],[126.91131,33.41005],[126.9114,33.41915],[126.91718,33.42639],[126.91632,33.43317],[126.92389,33.43428],[126.92555,33.42986],[126.92256,33.42656],[126.92938,33.42259],[126.9365,33.42917],[126.925,33.43576],[126.92218,33.44016],[126.92314,33.44983],[126.93162,33.45985],[126.9444,33.45532],[126.94533,33.45961],[126.93939,33.46168],[126.93563,33.47349],[126.92888,33.47352],[126.92782,33.46869],[126.93185,33.4645],[126.92389,33.45555],[126.92079,33.4647],[126.925,33.47214],[126.92045,33.46942],[126.9116,33.47391],[126.90954,33.47981],[126.90223,33.48132],[126.90513,33.48866],[126.91097,33.48847],[126.90936,33.49521],[126.91347,33.50138],[126.91307,33.50727],[126.90667,33.51099],[126.89963,33.50969],[126.90121,33.51819],[126.90432,33.51964],[126.90203,33.5227],[126.87418,33.5301],[126.85812,33.52534],[126.85708,33.5292],[126.85099,33.53019],[126.85125,33.53299],[126.84089,33.53357],[126.8412,33.53696],[126.82932,33.5439],[126.8262,33.55795],[126.81984,33.56087],[126.8133,33.56155],[126.7981,33.5553],[126.78401,33.56218],[126.78424,33.56519],[126.76666,33.56558],[126.7588,33.55747],[126.74024,33.5602],[126.74395,33.55736],[126.73815,33.55475],[126.7376,33.56054],[126.72998,33.56063],[126.70566,33.55327],[126.70461,33.54806]],[[126.79195,33.40541],[126.79581,33.40867],[126.80065,33.40867],[126.80162,33.40543],[126.79389,33.40136],[126.79195,33.40541]],[[126.79268,33.50198],[126.79655,33.50442],[126.79656,33.50117],[126.79268,33.50198]],[[126.7966,33.48332],[126.80047,33.48414],[126.80145,33.47927],[126.7966,33.48332]],[[126.81502,33.47442],[126.81597,33.4801],[126.82372,33.48093],[126.8247,33.47363],[126.81502,33.47442]],[[126.82957,33.45984],[126.83344,33.46065],[126.83248,33.45741],[126.82957,33.45984]]],[[[126.72381,33.42394],[126.7261,33.42395],[126.7261,33.42436],[126.72381,33.42394]]],[[[126.74934,33.41913],[126.75127,33.41913],[126.75127,33.4196],[126.74934,33.41913]]],[[[126.76384,33.42291],[126.76432,33.4231],[126.76384,33.42322],[126.76384,33.42291]]],[[[126.77543,33.4304],[126.77558,33.43054],[126.77543,33.43054],[126.77543,33.4304]]],[[[126.78447,33.43624],[126.7851,33.43624],[126.7851,33.43694],[126.78447,33.43624]]],[[[126.78799,33.44096],[126.78821,33.44111],[126.78799,33.44111],[126.78799,33.44096]]],[[[126.79767,33.4395],[126.80057,33.43951],[126.80057,33.44004],[126.79767,33.4395]]],[[[126.9221,33.46018],[126.92299,33.46072],[126.92267,33.46106],[126.9221,33.46018]]],[[[126.92736,33.47697],[126.93397,33.47689],[126.92745,33.47713],[126.92736,33.47697]]],[[[126.94091,33.50659],[126.94309,33.49498],[126.94732,33.49299],[126.95665,33.49071],[126.95922,33.49273],[126.96545,33.48942],[126.96669,33.49697],[126.97045,33.49847],[126.96412,33.51435],[126.95879,33.51277],[126.95909,33.51744],[126.9617,33.51753],[126.95606,33.52474],[126.9481,33.52307],[126.94883,33.51475],[126.94447,33.51319],[126.94091,33.50659]]]]}},{"type":"Feature","properties":{"name":"제주도북부__pre20221217","parents":["제주도","제주도북부앞바다중연안바다"]},"geometry":{"type":"MultiPolygon","coordinates":[[[[126.28936,33.34351],[126.2924,33.32567],[126.29053,33.31836],[126.29442,33.31514],[126.29534,33.32082],[126.30497,33.32594],[126.32333,33.32584],[126.33963,33.34378],[126.35705,33.34063],[126.36961,33.34151],[126.37634,33.34722],[126.39956,33.3449],[126.39954,33.34815],[126.3918,33.34811],[126.38981,33.35702],[126.39648,33.37166],[126.39161,33.3757],[126.38388,33.37485],[126.38384,33.38134],[126.39835,33.37979],[126.41081,33.3977],[126.43012,33.40347],[126.43201,33.40997],[126.43587,33.4108],[126.43978,33.40595],[126.44752,33.40598],[126.47551,33.41665],[126.49003,33.41509],[126.50451,33.42083],[126.51808,33.41764],[126.52774,33.42092],[126.54903,33.42019],[126.55772,33.42346],[126.59255,33.42602],[126.5993,33.4301],[126.61864,33.4334],[126.61866,33.43016],[126.62252,33.43098],[126.62161,33.41881],[126.62548,33.41882],[126.62453,33.41557],[126.62937,33.41477],[126.63035,33.41072],[126.64393,33.40345],[126.64394,33.3994],[126.65651,33.40187],[126.66823,33.40028],[126.68791,33.41331],[126.71159,33.42229],[126.72996,33.42558],[126.75127,33.41913],[126.75998,33.42077],[126.78317,33.43461],[126.78799,33.44096],[126.80057,33.43951],[126.80347,33.44357],[126.81798,33.44684],[126.82183,33.45739],[126.81118,33.459],[126.79955,33.46466],[126.7976,33.46872],[126.7763,33.46949],[126.77339,33.47192],[126.77337,33.48003],[126.76659,33.48083],[126.76173,33.4865],[126.754,33.48243],[126.75009,33.49297],[126.73304,33.49537],[126.73449,33.50656],[126.72571,33.51234],[126.70627,33.53505],[126.70566,33.55327],[126.69086,33.55154],[126.68808,33.54847],[126.67654,33.55191],[126.6738,33.54669],[126.66554,33.5428],[126.66154,33.54841],[126.66015,33.54659],[126.65292,33.55149],[126.64809,33.54905],[126.64876,33.55319],[126.64386,33.55537],[126.63858,33.54529],[126.63501,33.5453],[126.63638,33.53971],[126.63277,33.53586],[126.62264,33.53944],[126.60315,33.535],[126.59751,33.53774],[126.58502,33.52545],[126.57446,33.52795],[126.57366,33.52529],[126.56839,33.52741],[126.56516,33.52495],[126.56152,33.52774],[126.55522,33.52114],[126.54786,33.52237],[126.55344,33.52422],[126.54318,33.52757],[126.54284,33.52289],[126.53099,33.51723],[126.51751,33.51947],[126.51431,33.51579],[126.49443,33.52062],[126.48578,33.51761],[126.48284,33.51074],[126.46812,33.50989],[126.46282,33.50304],[126.45358,33.50443],[126.45358,33.49838],[126.42356,33.49492],[126.42096,33.4908],[126.41137,33.49056],[126.40862,33.48619],[126.40065,33.48337],[126.39448,33.48415],[126.3913,33.48943],[126.38551,33.48936],[126.36888,33.47839],[126.35435,33.4782],[126.33901,33.46787],[126.33177,33.46964],[126.32141,33.46659],[126.32321,33.46866],[126.32052,33.47204],[126.32042,33.46761],[126.3124,33.46961],[126.30776,33.46588],[126.31023,33.46202],[126.30619,33.45252],[126.29985,33.44729],[126.29881,33.43992],[126.30355,33.42757],[126.30221,33.41659],[126.30856,33.40717],[126.30984,33.39657],[126.31584401752612,33.39314900353893],[126.30061,33.38658],[126.29586,33.376],[126.29101,33.3776],[126.29215,33.35651],[126.28936,33.34351]],[[126.62252,33.43098],[126.62251,33.43423],[126.62928,33.43587],[126.63414,33.4302],[126.62252,33.43098]],[[126.65637,33.54825],[126.65647,33.54764],[126.65582,33.54849],[126.65637,33.54825]],[[126.37722,33.36021],[126.38108,33.36023],[126.3811,33.35779],[126.37723,33.35777],[126.37722,33.36021]],[[126.37921,33.3521],[126.38209,33.35455],[126.38308,33.35131],[126.37922,33.34967],[126.37921,33.3521]],[[126.62615,33.48698],[126.62711,33.48942],[126.62904,33.49186],[126.62615,33.48698]]],[[[126.54385,33.52821],[126.54602,33.52831],[126.54649,33.52873],[126.54385,33.52821]]],[[[126.65652,33.39943],[126.65749,33.39943],[126.65748,33.40025],[126.65652,33.39943]]],[[[126.72319,33.42394],[126.7232,33.42362],[126.72381,33.42394],[126.72319,33.42394]]],[[[126.79268,33.50198],[126.79656,33.50117],[126.79655,33.50442],[126.79268,33.50198]]],[[[126.7966,33.48332],[126.80145,33.47927],[126.80047,33.48414],[126.7966,33.48332]]],[[[126.81502,33.47442],[126.8247,33.47363],[126.82469,33.48012],[126.81597,33.4801],[126.81502,33.47442]]],[[[126.82957,33.45984],[126.83248,33.45741],[126.83344,33.46065],[126.82957,33.45984]]]]}},{"type":"Feature","properties":{"name":"제주도북부__from20221217","parents":["제주도","제주도북부앞바다중연안바다"]},"geometry":{"type":"MultiPolygon","coordinates":[[[[126.39569,33.34488],[126.39859,33.3449],[126.3957,33.3444],[126.39569,33.34488]]],[[[126.72803,33.42498],[126.72803,33.42476],[126.72761,33.42476],[126.72803,33.42498]]],[[[126.70288,33.42037],[126.70288,33.42065],[126.70394,33.42065],[126.70288,33.42037]]],[[[126.72319,33.42394],[126.72381,33.42394],[126.7232,33.42362],[126.72319,33.42394]]],[[[126.54602,33.52831],[126.54385,33.52821],[126.54649,33.52873],[126.54602,33.52831]]],[[[126.65637,33.54825],[126.66154,33.54841],[126.66554,33.5428],[126.67421,33.54498],[126.67654,33.55191],[126.68808,33.54847],[126.69086,33.55154],[126.70566,33.55327],[126.70627,33.53505],[126.72571,33.51234],[126.73449,33.50656],[126.73304,33.49537],[126.72782,33.49293],[126.7065,33.49693],[126.70457,33.49287],[126.6862,33.48552],[126.65906,33.49194],[126.64552,33.48866],[126.63969,33.49189],[126.62904,33.49186],[126.62325,33.48616],[126.60776,33.48611],[126.59229,33.48119],[126.59037,33.47794],[126.58164,33.48035],[126.57681,33.47871],[126.57779,33.47465],[126.57488,33.47627],[126.57102,33.47301],[126.56424,33.4738],[126.56039,33.47054],[126.52944,33.46393],[126.49749,33.46381],[126.4984,33.47436],[126.49356,33.47434],[126.49359,33.46866],[126.48974,33.46459],[126.4772,33.45723],[126.45592,33.45389],[126.43559,33.45542],[126.42692,33.44889],[126.42207,33.44968],[126.41919,33.44561],[126.4124,33.44801],[126.3979,33.44551],[126.38055,33.43569],[126.36699,33.43724],[126.36221,33.4291],[126.35158,33.42743],[126.35164,33.4185],[126.33819,33.40545],[126.33535,33.39813],[126.32857,33.3989],[126.32571,33.39402],[126.31448,33.39336],[126.30984,33.39657],[126.30856,33.40717],[126.30221,33.41659],[126.30355,33.42757],[126.29881,33.43992],[126.29985,33.44729],[126.31046,33.46021],[126.30845,33.46466],[126.3124,33.46961],[126.32042,33.46761],[126.32052,33.47204],[126.32321,33.46866],[126.32141,33.46659],[126.33177,33.46964],[126.33901,33.46787],[126.34691,33.47411],[126.35146,33.47297],[126.35435,33.4782],[126.36888,33.47839],[126.38551,33.48936],[126.3913,33.48943],[126.39448,33.48415],[126.40065,33.48337],[126.40862,33.48619],[126.41137,33.49056],[126.42096,33.4908],[126.42356,33.49492],[126.45358,33.49838],[126.45358,33.50443],[126.46282,33.50304],[126.46812,33.50989],[126.48284,33.51074],[126.48578,33.51761],[126.49443,33.52062],[126.51431,33.51579],[126.51751,33.51947],[126.53099,33.51723],[126.54284,33.52289],[126.54318,33.52757],[126.55344,33.52422],[126.54786,33.52237],[126.55081,33.5205],[126.55896,33.52257],[126.56152,33.52774],[126.56516,33.52495],[126.56839,33.52741],[126.57366,33.52529],[126.57446,33.52795],[126.58502,33.52545],[126.59751,33.53774],[126.60315,33.535],[126.62264,33.53944],[126.63277,33.53586],[126.63638,33.53971],[126.63501,33.5453],[126.63858,33.54529],[126.64386,33.55537],[126.64876,33.55319],[126.64809,33.54905],[126.65292,33.55149],[126.65637,33.54825]],[[126.65637,33.54825],[126.65582,33.54849],[126.65647,33.54764],[126.65637,33.54825]],[[126.50905,33.4744],[126.50516,33.47763],[126.50614,33.47439],[126.50905,33.4744]]],[[[126.68779,33.41331],[126.68839,33.41357],[126.6884,33.41331],[126.68779,33.41331]]],[[[126.6777,33.40598],[126.67681,33.40531],[126.67681,33.40598],[126.6777,33.40598]]],[[[126.6777,33.40598],[126.67778,33.40604],[126.67778,33.40598],[126.6777,33.40598]]],[[[126.69709,33.41797],[126.69698,33.41784],[126.69617,33.41739],[126.69709,33.41797]]]]}},{"type":"Feature","properties":{"name":"제주도남부__pre20221219","parents":["제주도","제주도남부앞바다중연안바다"]},"geometry":{"type":"MultiPolygon","coordinates":[[[[126.28206,33.3032],[126.29348,33.29642],[126.29391,33.28578],[126.30465,33.27511],[126.29497,33.2661],[126.2968,33.2631],[126.2935,33.25054],[126.285,33.23936],[126.28435,33.23183],[126.28973,33.22602],[126.29161,33.2182],[126.29655,33.21772],[126.30164,33.2262],[126.30859,33.22759],[126.31254,33.23247],[126.31541,33.23159],[126.31527,33.23507],[126.32773,33.24079],[126.33376,33.23914],[126.33545,33.23481],[126.35767,33.23672],[126.36179,33.23598],[126.36503,33.22985],[126.37308,33.22948],[126.37678,33.23199],[126.37557,33.23402],[126.37917,33.2311],[126.3796,33.23397],[126.3843,33.23238],[126.40858,33.24455],[126.41813,33.24362],[126.42408,33.23697],[126.43406,33.2337],[126.44993,33.24111],[126.46006,33.23936],[126.46309,33.23146],[126.47126,33.22376],[126.49695,33.23205],[126.50862,33.22973],[126.5224,33.24001],[126.5339,33.23884],[126.54037,33.24165],[126.54346,33.23864],[126.55084,33.24127],[126.56426,33.23468],[126.55925,33.24099],[126.5656,33.23762],[126.56882,33.243],[126.57783,33.24484],[126.59198,33.24082],[126.59949,33.23427],[126.60513,33.23867],[126.61824,33.24129],[126.61977,33.24971],[126.6402,33.25701],[126.64391,33.26694],[126.65825,33.26856],[126.65819,33.27388],[126.66236,33.27397],[126.66119,33.27118],[126.66413,33.2698],[126.67108,33.27107],[126.67398,33.26779],[126.67844,33.27066],[126.6995,33.2707],[126.72588,33.27935],[126.73152,33.27853],[126.73329,33.28161],[126.73984,33.27745],[126.74538,33.2784],[126.75129,33.28667],[126.76554,33.29335],[126.7664,33.29785],[126.77313,33.30051],[126.77398,33.30975],[126.76163,33.31801],[126.75608,33.33987],[126.73402,33.36392],[126.74176,33.36312],[126.74465,33.36638],[126.75046,33.36395],[126.75141,33.36963],[126.74851,33.37125],[126.7543,33.37532],[126.75525,33.38019],[126.76878,33.38346],[126.7707,33.38915],[126.78616,33.39648],[126.78228,33.40215],[126.76873,33.40456],[126.7687,33.4143],[126.78321,33.41595],[126.7919,33.42408],[126.80932,33.42248],[126.81607,33.43466],[126.82381,33.43468],[126.82381,33.43711],[126.81508,33.44683],[126.80347,33.44357],[126.80057,33.43951],[126.78821,33.44111],[126.78413,33.43583],[126.75997,33.42158],[126.74159,33.41993],[126.72996,33.42639],[126.70868,33.42229],[126.68839,33.41412],[126.66823,33.40028],[126.65941,33.40187],[126.65459,33.39862],[126.6546,33.39456],[126.64301,33.39047],[126.64304,33.38479],[126.62957,33.3669],[126.62673,33.35309],[126.61128,33.34818],[126.60744,33.34086],[126.5862,33.33511],[126.57082,33.31721],[126.5486,33.31551],[126.54766,33.30982],[126.53899,33.30492],[126.51873,33.29998],[126.4994,33.2999],[126.47715,33.30387],[126.47233,33.30222],[126.46748,33.30545],[126.44622,33.30536],[126.44232,33.31102],[126.42005,33.31741],[126.41324,33.32387],[126.39875,33.32299],[126.39292,33.3262],[126.40058,33.3376],[126.39859,33.3449],[126.37635,33.34641],[126.37058,33.34232],[126.35125,33.3406],[126.33963,33.34378],[126.32085,33.32583],[126.30619,33.32656],[126.29726,33.32245],[126.29241,33.31049],[126.28206,33.3032]],[[126.41746,33.27033],[126.42036,33.27035],[126.42131,33.27197],[126.42036,33.27034],[126.41746,33.27033]]],[[[126.38698,33.34484],[126.38883,33.34485],[126.38768,33.34531],[126.38698,33.34484]]],[[[126.51429,33.2185],[126.51837,33.21607],[126.51891,33.2184],[126.51429,33.2185]]],[[[126.5637,33.22762],[126.56444,33.22533],[126.56839,33.22518],[126.5637,33.22762]]],[[[126.59645,33.2288],[126.60255,33.22989],[126.59839,33.23216],[126.59645,33.2288]]],[[[126.65219,33.22362],[126.65915,33.22588],[126.65262,33.22636],[126.65219,33.22362]]],[[[126.79195,33.40541],[126.79776,33.40137],[126.80162,33.40543],[126.80065,33.40867],[126.79581,33.40867],[126.79195,33.40541]]]]}},{"type":"Feature","properties":{"name":"제주도남부__from20221219","parents":["제주도","제주도남부앞바다중연안바다"]},"geometry":{"type":"MultiPolygon","coordinates":[[[[126.29241,33.31049],[126.28206,33.3032],[126.29348,33.29642],[126.29391,33.28578],[126.30465,33.27511],[126.29497,33.2661],[126.29558,33.25673],[126.285,33.23936],[126.28435,33.23183],[126.28973,33.22602],[126.29161,33.2182],[126.29655,33.21772],[126.30164,33.2262],[126.30859,33.22759],[126.31254,33.23247],[126.31541,33.23159],[126.31527,33.23507],[126.32773,33.24079],[126.33376,33.23914],[126.33545,33.23481],[126.35767,33.23672],[126.36179,33.23598],[126.36503,33.22985],[126.37308,33.22948],[126.37678,33.23199],[126.37557,33.23402],[126.37917,33.2311],[126.3796,33.23397],[126.3843,33.23238],[126.40858,33.24455],[126.41813,33.24362],[126.42408,33.23697],[126.43406,33.2337],[126.44993,33.24111],[126.46006,33.23936],[126.46309,33.23146],[126.47126,33.22376],[126.49695,33.23205],[126.50862,33.22973],[126.5224,33.24001],[126.5339,33.23884],[126.54037,33.24165],[126.54346,33.23864],[126.55084,33.24127],[126.56426,33.23468],[126.55925,33.24099],[126.5656,33.23762],[126.56882,33.243],[126.57783,33.24484],[126.59198,33.24082],[126.59949,33.23427],[126.60513,33.23867],[126.61824,33.24129],[126.61977,33.24971],[126.6402,33.25701],[126.64391,33.26694],[126.65825,33.26856],[126.65819,33.27388],[126.66236,33.27397],[126.66119,33.27118],[126.66413,33.2698],[126.67108,33.27107],[126.67398,33.26779],[126.67844,33.27066],[126.6995,33.2707],[126.72588,33.27935],[126.73152,33.27853],[126.73329,33.28161],[126.73984,33.27745],[126.74538,33.2784],[126.75129,33.28667],[126.76554,33.29335],[126.7664,33.29785],[126.77313,33.30051],[126.77515,33.30475],[126.77398,33.30975],[126.76163,33.31801],[126.75608,33.33987],[126.73402,33.36392],[126.73113,33.35986],[126.73309,33.35337],[126.72536,33.35173],[126.72152,33.34279],[126.67904,33.32727],[126.66654,33.30858],[126.65397,33.30935],[126.63854,33.30282],[126.63177,33.3028],[126.62789,33.30766],[126.61532,33.30762],[126.61341,33.30437],[126.5989,33.30594],[126.59893,33.30026],[126.59217,33.29943],[126.58741,33.28318],[126.58452,33.28155],[126.57196,33.28313],[126.56619,33.27662],[126.53723,33.27246],[126.51508,33.26101],[126.50059,33.26096],[126.49959,33.26744],[126.48509,33.2682],[126.48217,33.27224],[126.47347,33.27302],[126.46381,33.27297],[126.46095,33.26728],[126.45322,33.26725],[126.4503,33.27129],[126.42905,33.27039],[126.4271,33.27362],[126.42227,33.2736],[126.42036,33.27034],[126.40778,33.27272],[126.39815,33.26862],[126.39138,33.2694],[126.38171,33.27178],[126.37392,33.27986],[126.35171,33.27893],[126.33518,33.29264],[126.32745,33.29341],[126.32644,33.29908],[126.31775,33.29822],[126.30606,33.30952],[126.29371,33.31432],[126.29241,33.31049]],[[126.3095,33.24138],[126.31236,33.24545],[126.31719,33.24548],[126.31434,33.23897],[126.3095,33.24138]],[[126.31398,33.28522],[126.31492,33.28928],[126.31975,33.28931],[126.31786,33.28362],[126.31398,33.28522]],[[126.37118,33.25793],[126.37506,33.25633],[126.37508,33.25309],[126.36447,33.25141],[126.36444,33.25547],[126.37118,33.25793]],[[126.6009,33.29215],[126.59894,33.29702],[126.60184,33.29784],[126.6009,33.29215]],[[126.60094,33.28404],[126.60189,33.28648],[126.60576,33.28568],[126.60481,33.28243],[126.60094,33.28404]]],[[[126.30112,33.32329],[126.30112,33.32302],[126.30164,33.32329],[126.30112,33.32329]]],[[[126.3069,33.32629],[126.3069,33.32575],[126.30828,33.32576],[126.3069,33.32629]]],[[[126.31151,33.32659],[126.31463,33.32661],[126.31462,33.32697],[126.31151,33.32659]]],[[[126.35125,33.3406],[126.35705,33.34063],[126.35705,33.34105],[126.35125,33.3406]]],[[[126.37249,33.34526],[126.37171,33.34476],[126.37249,33.34477],[126.37249,33.34526]]],[[[126.37441,33.3464],[126.37442,33.34613],[126.3748,33.3464],[126.37441,33.3464]]],[[[126.38768,33.34531],[126.38698,33.34484],[126.38883,33.34485],[126.38768,33.34531]]],[[[126.51565,33.2203],[126.51565,33.21601],[126.51837,33.21607],[126.51565,33.2203]]],[[[126.5637,33.22762],[126.56444,33.22533],[126.56839,33.22518],[126.5637,33.22762]]],[[[126.60255,33.22989],[126.59839,33.23216],[126.59645,33.2288],[126.60255,33.22989]]],[[[126.65262,33.22636],[126.65394,33.2225],[126.65915,33.22588],[126.65262,33.22636]]]]}},{"type":"Feature","properties":{"name":"제주도남부중산간","parents":["제주도"]},"geometry":{"type":"MultiPolygon","coordinates":[[[[126.29442,33.31514],[126.29638,33.3119],[126.30606,33.30952],[126.31775,33.29822],[126.32644,33.29908],[126.32745,33.29341],[126.33518,33.29264],[126.35171,33.27893],[126.37392,33.27986],[126.37783,33.2742],[126.39138,33.2694],[126.39815,33.26862],[126.40778,33.27272],[126.42036,33.27035],[126.42227,33.2736],[126.4271,33.27362],[126.42905,33.27039],[126.4503,33.27129],[126.45322,33.26725],[126.46095,33.26728],[126.46381,33.27297],[126.47636,33.27384],[126.48509,33.2682],[126.49861,33.26906],[126.49962,33.26176],[126.52087,33.26185],[126.53627,33.27083],[126.56619,33.27662],[126.57582,33.28314],[126.58741,33.28318],[126.59217,33.29943],[126.59893,33.30026],[126.5989,33.30594],[126.61341,33.30437],[126.61532,33.30762],[126.62789,33.30766],[126.63177,33.3028],[126.63854,33.30282],[126.65397,33.30935],[126.66654,33.30858],[126.67904,33.32727],[126.70027,33.33706],[126.71573,33.33791],[126.72537,33.34686],[126.7244,33.3501],[126.73309,33.35337],[126.73113,33.35986],[126.73595,33.36555],[126.75046,33.36395],[126.75141,33.36963],[126.74851,33.37125],[126.7543,33.37532],[126.75525,33.38019],[126.76878,33.38346],[126.7707,33.38915],[126.78423,33.39404],[126.78518,33.40053],[126.76873,33.40456],[126.7687,33.4143],[126.78321,33.41595],[126.7919,33.42408],[126.80932,33.42248],[126.81607,33.43466],[126.82381,33.43468],[126.82381,33.43711],[126.81508,33.44683],[126.80347,33.44357],[126.80057,33.43951],[126.78821,33.44111],[126.78413,33.43583],[126.75997,33.42158],[126.74159,33.41993],[126.72996,33.42639],[126.70868,33.42229],[126.68839,33.41412],[126.66823,33.40028],[126.65941,33.40187],[126.65459,33.39862],[126.6546,33.39456],[126.64301,33.39047],[126.64304,33.38479],[126.62957,33.3669],[126.62673,33.35309],[126.61128,33.34818],[126.60744,33.34086],[126.5862,33.33511],[126.57082,33.31721],[126.5486,33.31551],[126.54766,33.30982],[126.53899,33.30492],[126.51873,33.29998],[126.44622,33.30536],[126.44232,33.31102],[126.42005,33.31741],[126.41324,33.32387],[126.39875,33.32299],[126.39292,33.3262],[126.40058,33.3376],[126.39859,33.3449],[126.37635,33.34641],[126.36961,33.34194],[126.35125,33.3406],[126.33963,33.34378],[126.32085,33.32583],[126.30496,33.32655],[126.29534,33.32082],[126.29442,33.31514]]],[[[126.3095,33.24138],[126.31434,33.23897],[126.31719,33.24548],[126.31236,33.24545],[126.3095,33.24138]]],[[[126.31398,33.28522],[126.31786,33.28362],[126.31975,33.28931],[126.31492,33.28928],[126.31398,33.28522]]],[[[126.36732,33.2571],[126.36349,33.25303],[126.37508,33.25309],[126.37506,33.25633],[126.36732,33.2571]]],[[[126.60094,33.28404],[126.60481,33.28243],[126.60576,33.28568],[126.60189,33.28648],[126.60094,33.28404]]],[[[126.6009,33.29215],[126.60184,33.29784],[126.59894,33.29702],[126.6009,33.29215]]],[[[126.79292,33.40298],[126.80066,33.40299],[126.80065,33.40867],[126.79387,33.40785],[126.79292,33.40298]]]]}}]}