model,subset,term,RR,lo,hi,p,n_events,n_strata,cases_with,ref_share
S일_A1_달력,전체,dow1,0.9848562479737072,0.8850481786667845,1.0959198070255851,0.7795508445145716,5926,5926,802.0,0.1431367947477777
S일_A1_달력,전체,dow2,0.9605071705036256,0.8570769111956382,1.076419178416407,0.48820052898619504,5926,5926,783.0,0.14322265278437613
S일_A1_달력,전체,dow3,0.9900072167349133,0.8896389478311734,1.1016989437980471,0.8539003705303314,5926,5926,805.0,0.14303948897296617
S일_A1_달력,전체,dow4,0.9902747632311301,0.8865305469878236,1.106159409875292,0.8625847251272116,5926,5926,809.0,0.14358898040719606
S일_A1_달력,전체,dow5,1.1796162126706085,1.0589813259088048,1.313993339779799,0.002689495387964147,5926,5926,961.0,0.1422209756907279
S일_A1_달력,전체,dow6,1.1694981694304383,1.0543335186810712,1.2972422331902305,0.003072982246017153,5926,5926,949.0,0.14185464806790798
S일_A1_달력,전체,hol,1.096718854928337,0.9602979042986874,1.252519912176348,0.17312163014305448,5926,5926,331.0,0.05132593427853492
S일_A2_특보유무(풍랑·태풍),전체,any_warn,1.0088766014390045,0.9226644506598577,1.1031442646383498,0.8462467144229664,5926,5926,1006.0,0.16896289215658217
S일_A2_특보유무(풍랑·태풍),전체,dow1,0.9847570977606837,0.8849659552226198,1.0958009580674748,0.7781186014350399,5926,5926,802.0,0.1431367947477777
S일_A2_특보유무(풍랑·태풍),전체,dow2,0.9606908768647855,0.8571533323473522,1.0767349621843672,0.49065572927296897,5926,5926,783.0,0.14322265278437613
S일_A2_특보유무(풍랑·태풍),전체,dow3,0.9902595374248256,0.8897349586943399,1.1021416455298687,0.8577608006526827,5926,5926,805.0,0.14303948897296617
S일_A2_특보유무(풍랑·태풍),전체,dow4,0.9903466494574081,0.8865943479721851,1.1062403999470167,0.8635961259630487,5926,5926,809.0,0.14358898040719606
S일_A2_특보유무(풍랑·태풍),전체,dow5,1.1798219488939001,1.0591263379172533,1.3142717551799308,0.002670782512860015,5926,5926,961.0,0.1422209756907279
S일_A2_특보유무(풍랑·태풍),전체,dow6,1.169791528002535,1.0546018786506997,1.2975628497242087,0.003024970221219725,5926,5926,949.0,0.14185464806790798
S일_A2_특보유무(풍랑·태풍),전체,hol,1.096776523562837,0.9603253687720158,1.252615813093405,0.17295454137696287,5926,5926,331.0,0.05132593427853492
S일_A3_특보종류·수준,전체,wv_주의보,0.9620791814302891,0.8774769159766904,1.0548384059896603,0.41040447344764286,5926,5926,838.0,0.14967345326747067
S일_A3_특보종류·수준,전체,wv_경보,1.9509766285755792,1.540579967152513,2.4706992732635733,2.9141808743915476e-08,5926,5926,146.0,0.013393853709353375
S일_A3_특보종류·수준,전체,ty_주의보,0.2723679756276341,0.13017309252606263,0.569889772977796,0.0005547601057873663,5926,5926,5.0,0.0029592403280921773
S일_A3_특보종류·수준,전체,ty_경보,1.1386842652902853,0.7822296146345152,1.6575719350966969,0.49781182127485013,5926,5926,57.0,0.008208028298808862
S일_A3_특보종류·수준,전체,dow1,0.9846286546949381,0.8850601584850938,1.095398519921843,0.7758005295161952,5926,5926,802.0,0.1431367947477777
S일_A3_특보종류·수준,전체,dow2,0.9645666128028723,0.860912044960252,1.080701281832991,0.5339610738461129,5926,5926,783.0,0.14322265278437613
S일_A3_특보종류·수준,전체,dow3,0.9907101335270153,0.8903611560782535,1.102369035275897,0.8639931159688152,5926,5926,805.0,0.14303948897296617
S일_A3_특보종류·수준,전체,dow4,0.9947964327699615,0.8909084059929692,1.1107987487769315,0.9261337293458569,5926,5926,809.0,0.14358898040719606
S일_A3_특보종류·수준,전체,dow5,1.1811832106437359,1.06072324184003,1.3153230947277164,0.002411977680800703,5926,5926,961.0,0.1422209756907279
S일_A3_특보종류·수준,전체,dow6,1.1706564800268704,1.0558806948275983,1.297908561963683,0.0027641948712111564,5926,5926,949.0,0.14185464806790798
S일_A3_특보종류·수준,전체,hol,1.0968991003751847,0.9604567927464904,1.2527243760370457,0.17235432184874533,5926,5926,331.0,0.05132593427853492
S일_A3b_특보최고수준,전체,warn_주의보,0.9304713589953959,0.8483366273978621,1.020558257122968,0.12641272156837058,5926,5926,813.0,0.14797918801192855
S일_A3b_특보최고수준,전체,warn_경보,1.6392675075699066,1.3317101956163668,2.017854913343751,3.1291019531032305e-06,5926,5926,193.0,0.02098370414465362
S일_A3b_특보최고수준,전체,dow1,0.9904348970254937,0.8900466122763934,1.1021459682173078,0.8600832190688601,5926,5926,802.0,0.1431367947477777
S일_A3b_특보최고수준,전체,dow2,0.9651445852409541,0.8611978156071064,1.081637753299762,0.5417230351066766,5926,5926,783.0,0.14322265278437613
S일_A3b_특보최고수준,전체,dow3,0.9931032040463271,0.8924875185491054,1.1050619234321721,0.8989541192242412,5926,5926,805.0,0.14303948897296617
S일_A3b_특보최고수준,전체,dow4,0.995939061747957,0.8918201403016315,1.112213741192167,0.9424196470814163,5926,5926,809.0,0.14358898040719606
S일_A3b_특보최고수준,전체,dow5,1.1841614786241474,1.0632063402085508,1.318877017966498,0.0021056584953580426,5926,5926,961.0,0.1422209756907279
S일_A3b_특보최고수준,전체,dow6,1.1724886359275268,1.0572784185128346,1.300253156886418,0.0025657730678028123,5926,5926,949.0,0.14185464806790798
S일_A3b_특보최고수준,전체,hol,1.1046279029364308,0.9671893207255537,1.2615966469009197,0.1421364815631465,5926,5926,331.0,0.05132593427853492
S일_B1_특보없는때_파고,전체,wh_max[0-0.5],1.0408027729851517,0.960592138527183,1.1277110948612312,0.32837292784173266,4862,4862,2302.0,0.4663219314489361
S일_B1_특보없는때_파고,전체,wh_max[1-1.5],0.8247926907266466,0.7411796271986387,0.917838210485221,0.0004122934225225805,4862,4862,646.0,0.14494252471961147
S일_B1_특보없는때_파고,전체,wh_max[1.5-2],0.7406290426138928,0.6214570083059971,0.8826537820506515,0.0007949204093633533,4862,4862,211.0,0.050780895146920094
S일_B1_특보없는때_파고,전체,wh_max[2-2.5],0.5699935986519349,0.3769851488022717,0.8618183064675285,0.0076981368452169185,4862,4862,26.0,0.007910275671709583
S일_B1_특보없는때_파고,전체,wh_max[2.5-3],0.2580378590492695,0.039776066009969746,1.6739598301662544,0.15561736008343519,4862,4862,1.0,0.0006708360993675972
S일_B1_특보없는때_파고,전체,wh_max[3-4],3.9513490230958044,1.2578325365537495,12.412748635917474,0.018633560844436126,4862,4862,4.0,0.0002236120331225324
S일_B1_특보없는때_파고,전체,wh_max[4+],9.074498807818917e-10,3.1551365733257977e-10,2.6099196246933392e-09,0.0,4862,4862,0.0,6.987876035079137e-05
S일_B1_특보없는때_파고,전체,dow1,0.9335156536401398,0.8275746411824627,1.0530185825244986,0.26296234831576704,4862,4862,607.0,0.13991824185038956
S일_B1_특보없는때_파고,전체,dow2,0.9495019882293328,0.8365434893622535,1.0777132774516767,0.4226352027161706,4862,4862,641.0,0.14457216728975228
S일_B1_특보없는때_파고,전체,dow3,0.9724356552032933,0.8629250544907155,1.0958438378739097,0.6465637472785586,4862,4862,659.0,0.1454037245379267
S일_B1_특보없는때_파고,전체,dow4,0.9979536330351974,0.883658799948283,1.127031670760746,0.9736679836074553,4862,4862,656.0,0.14188882289228189
S일_B1_특보없는때_파고,전체,dow5,1.2370178913286276,1.0998246531536666,1.3913247526133825,0.0003904101954308459,4862,4862,828.0,0.14295098004961393
S일_B1_특보없는때_파고,전체,dow6,1.211049805477238,1.0815566495334652,1.3560469828178667,0.0009039070855221265,4862,4862,815.0,0.144460361273191
S일_B1_특보없는때_파고,전체,hol,1.003951995636616,0.869409044203403,1.1593157631184425,0.9571521434336887,4862,4862,251.0,0.05125607071730547
S일_B2_특보없는때_풍속,전체,ws_max[0-4],1.0333414001194567,0.9337569605084965,1.143546441270274,0.525849813571521,4862,4862,770.0,0.15216100066384822
S일_B2_특보없는때_풍속,전체,ws_max[6-8],0.9497553170554434,0.8725696711077482,1.0337686400788264,0.2332447219496936,4862,4862,1292.0,0.27126235980573704
S일_B2_특보없는때_풍속,전체,ws_max[8-10],0.9918910355566285,0.9022608925023818,1.0904249919210631,0.8661915784780687,4862,4862,922.0,0.18446595157401907
S일_B2_특보없는때_풍속,전체,ws_max[10-12],0.8149939023761648,0.7114637287786115,0.9335894916956694,0.0031633440501233068,4862,4862,344.0,0.08167429509800496
S일_B2_특보없는때_풍속,전체,ws_max[12-14],0.8470032933488515,0.6612966141468354,1.0848605052505298,0.18851792499871634,4862,4862,88.0,0.019663883162712694
S일_B2_특보없는때_풍속,전체,ws_max[14-17],1.3042508994378543,0.7806542051246089,2.1790318908394597,0.310401323841613,4862,4862,16.0,0.00243178086020754
S일_B2_특보없는때_풍속,전체,ws_max[17+],7.417107244597731,1.2490925101017694,44.042758589099165,0.027473725688296202,4862,4862,1.0,2.795150414031655e-05
S일_B2_특보없는때_풍속,전체,dow1,0.9334766224128257,0.8277345814870686,1.05272707469317,0.26174036688216473,4862,4862,607.0,0.13991824185038956
S일_B2_특보없는때_풍속,전체,dow2,0.9479999660077201,0.8353077745955554,1.0758955715284448,0.4082135259796251,4862,4862,641.0,0.14457216728975228
S일_B2_특보없는때_풍속,전체,dow3,0.9728610592320547,0.8634084690472167,1.0961887385869005,0.6513914133485768,4862,4862,659.0,0.1454037245379267
S일_B2_특보없는때_풍속,전체,dow4,1.0001936070850674,0.8855248162188297,1.1297111422867494,0.9975137769360065,4862,4862,656.0,0.14188882289228189
S일_B2_특보없는때_풍속,전체,dow5,1.236985746504403,1.0999705588809876,1.3910679015006338,0.0003840016236904553,4862,4862,828.0,0.14295098004961393
S일_B2_특보없는때_풍속,전체,dow6,1.2087732737422743,1.0797147486775907,1.3532581907426724,0.000996942323836958,4862,4862,815.0,0.144460361273191
S일_B2_특보없는때_풍속,전체,hol,1.0088681627801797,0.8739112510370788,1.1646662846640372,0.9040842406723562,4862,4862,251.0,0.05125607071730547
S일_B3_특보없는때_파고+풍속,전체,wh_max[0-0.5],1.0679049887410619,0.9694811286096972,1.1763210559998112,0.18294698762242478,4862,4862,2302.0,0.4663219314489361
S일_B3_특보없는때_파고+풍속,전체,wh_max[1-1.5],0.8047393659859979,0.7190987362886365,0.9005793147543593,0.00015427647991783644,4862,4862,646.0,0.14494252471961147
S일_B3_특보없는때_파고+풍속,전체,wh_max[1.5-2],0.7169972928521271,0.5930511982542219,0.8668477856053622,0.000591105267856662,4862,4862,211.0,0.050780895146920094
S일_B3_특보없는때_파고+풍속,전체,wh_max[2-2.5],0.5266491800795282,0.34297379995646426,0.8086896401813964,0.0033852383356891558,4862,4862,26.0,0.007910275671709583
S일_B3_특보없는때_파고+풍속,전체,wh_max[2.5-3],0.21295227197929242,0.03118525966416816,1.4541700351223343,0.11456852908686344,4862,4862,1.0,0.0006708360993675972
S일_B3_특보없는때_파고+풍속,전체,wh_max[3-4],2.448587776011537,0.625528977271962,9.584819112586716,0.19838220106151327,4862,4862,4.0,0.0002236120331225324
S일_B3_특보없는때_파고+풍속,전체,wh_max[4+],1.4679470116197676e-10,4.5457653234191795e-11,4.740386437948764e-10,0.0,4862,4862,0.0,6.987876035079137e-05
S일_B3_특보없는때_파고+풍속,전체,ws_max[0-4],1.0242858875399172,0.9256965322599138,1.1333752940092643,0.6421336043289536,4862,4862,770.0,0.15216100066384822
S일_B3_특보없는때_파고+풍속,전체,ws_max[6-8],0.9838337829685186,0.8990373276498999,1.0766281696448914,0.7230243879530902,4862,4862,1292.0,0.27126235980573704
S일_B3_특보없는때_파고+풍속,전체,ws_max[8-10],1.105536294321855,0.9861364694867305,1.2393928587785035,0.08532557574543653,4862,4862,922.0,0.18446595157401907
S일_B3_특보없는때_파고+풍속,전체,ws_max[10-12],0.9896947819031975,0.8411746360572364,1.164438059993727,0.9006289212016436,4862,4862,344.0,0.08167429509800496
S일_B3_특보없는때_파고+풍속,전체,ws_max[12-14],1.1205629277005378,0.8574479447540962,1.4644169160576928,0.4044725537112219,4862,4862,88.0,0.019663883162712694
S일_B3_특보없는때_파고+풍속,전체,ws_max[14-17],1.8863998309528294,1.1389961737575582,3.124246072293049,0.01367824659403083,4862,4862,16.0,0.00243178086020754
S일_B3_특보없는때_파고+풍속,전체,ws_max[17+],13.322384496318579,4.880332792726798,36.36758725393858,4.3282384898368775e-07,4862,4862,1.0,2.795150414031655e-05
S일_B3_특보없는때_파고+풍속,전체,dow1,0.934741132475624,0.8287124671319626,1.0543355136983588,0.2719265601312326,4862,4862,607.0,0.13991824185038956
S일_B3_특보없는때_파고+풍속,전체,dow2,0.9518137345948692,0.8385561444481577,1.080368191636858,0.44483474826154934,4862,4862,641.0,0.14457216728975228
S일_B3_특보없는때_파고+풍속,전체,dow3,0.9764515972427368,0.8663854778508581,1.100500581015074,0.6961356563923766,4862,4862,659.0,0.1454037245379267
S일_B3_특보없는때_파고+풍속,전체,dow4,0.9995990696590601,0.8849194896663729,1.1291403474907873,0.9948536833841879,4862,4862,656.0,0.14188882289228189
S일_B3_특보없는때_파고+풍속,전체,dow5,1.239959687179763,1.1023849401329853,1.394703401559042,0.0003376480306438445,4862,4862,828.0,0.14295098004961393
S일_B3_특보없는때_파고+풍속,전체,dow6,1.211995905430333,1.082355277385406,1.3571644223219632,0.0008649757303667016,4862,4862,815.0,0.144460361273191
S일_B3_특보없는때_파고+풍속,전체,hol,1.0047048230151638,0.8701608096976534,1.1600519928502286,0.9489786341199229,4862,4862,251.0,0.05125607071730547
S일_B4_특보없는때_파고연속(1m당),전체,wh_per1m,0.8368702851465618,0.7624808241502153,0.9185173606717647,0.00017717588934962336,4862,4862,,
S일_B4_특보없는때_파고연속(1m당),전체,dow1,0.9324359485462455,0.8267012666534179,1.0516940438000257,0.2546173772771514,4862,4862,607.0,0.13991824185038956
S일_B4_특보없는때_파고연속(1m당),전체,dow2,0.9498911311842264,0.8369278129111983,1.078101536575636,0.42613177380903045,4862,4862,641.0,0.14457216728975228
S일_B4_특보없는때_파고연속(1m당),전체,dow3,0.9716605102674071,0.8622972087943658,1.0948941241885264,0.6369997060287864,4862,4862,659.0,0.1454037245379267
S일_B4_특보없는때_파고연속(1m당),전체,dow4,0.9977597014201331,0.8835331335716056,1.1267539200863612,0.9711584169799494,4862,4862,656.0,0.14188882289228189
S일_B4_특보없는때_파고연속(1m당),전체,dow5,1.2377538011386033,1.1005324973352089,1.3920847189362204,0.00037387178734871185,4862,4862,828.0,0.14295098004961393
S일_B4_특보없는때_파고연속(1m당),전체,dow6,1.209603338115005,1.0803211218470457,1.354356779655853,0.0009680509319425212,4862,4862,815.0,0.144460361273191
S일_B4_특보없는때_파고연속(1m당),전체,hol,1.006745905401433,0.8720457028643506,1.162252522675649,0.9269027002458483,4862,4862,251.0,0.05125607071730547
S일_B5_특보없는때_풍속연속(1m/s당),전체,ws_per1ms,0.9834687440362185,0.9689752695504928,0.9981790050687936,0.02776305758017905,4862,4862,,
S일_B5_특보없는때_풍속연속(1m/s당),전체,dow1,0.9321170018579974,0.8264156714988913,1.0513378861474163,0.25231497468096764,4862,4862,607.0,0.13991824185038956
S일_B5_특보없는때_풍속연속(1m/s당),전체,dow2,0.9477461269479696,0.8350320593819398,1.0756745337534805,0.4060980072653546,4862,4862,641.0,0.14457216728975228
S일_B5_특보없는때_풍속연속(1m/s당),전체,dow3,0.9703036421871448,0.8610631472530631,1.0934031505646806,0.620817635189177,4862,4862,659.0,0.1454037245379267
S일_B5_특보없는때_풍속연속(1m/s당),전체,dow4,0.9972417575962192,0.8830363609282592,1.1262176362116898,0.9644977916889366,4862,4862,656.0,0.14188882289228189
S일_B5_특보없는때_풍속연속(1m/s당),전체,dow5,1.235345475101172,1.0984340716772534,1.3893218375161072,0.00042100010268608656,4862,4862,828.0,0.14295098004961393
S일_B5_특보없는때_풍속연속(1m/s당),전체,dow6,1.2064586167673514,1.0775925693898385,1.3507353663327113,0.0011273419578348154,4862,4862,815.0,0.144460361273191
S일_B5_특보없는때_풍속연속(1m/s당),전체,hol,1.0077461742245037,0.8730512287212125,1.163221948787172,0.9160502013633378,4862,4862,251.0,0.05125607071730547
S일_C1_특보있는때만_파고,전체,wh_max[2-3],0.9824260995605755,0.7581520499355006,1.2730441620251722,0.8933226660893108,985,985,194.0,0.2565105970356005
S일_C1_특보있는때만_파고,전체,wh_max[3-4],1.3949659387152293,1.0045087601835636,1.937195619697794,0.04693884093403922,985,985,89.0,0.08595373320404488
S일_C1_특보있는때만_파고,전체,wh_max[4+],3.6697174598981834,2.411031137401055,5.585504901441462,1.308637642694066e-09,985,985,79.0,0.029782518354342705
S일_C1_특보있는때만_파고,전체,dow1,1.2948585868679943,0.9872582652886132,1.6982980228538558,0.0618554359544099,985,985,185.0,0.16411552846654662
S일_C1_특보있는때만_파고,전체,dow2,1.0841117069846853,0.7983547462056028,1.4721503176465989,0.6049086506095132,985,985,126.0,0.13890428037124256
S일_C1_특보있는때만_파고,전체,dow3,1.280214531772838,0.9458146952399982,1.7328439234563462,0.10974801963208636,985,985,140.0,0.13343260839451448
S일_C1_특보있는때만_파고,전체,dow4,1.2308629440275078,0.9157952039447074,1.6543257493097072,0.16853969279827918,985,985,145.0,0.14908574594819227
S일_C1_특보있는때만_파고,전체,dow5,1.0612295981426711,0.7764968318801275,1.450370708206463,0.70924966808813,985,985,122.0,0.13564898185344232
S일_C1_특보있는때만_파고,전체,dow6,1.1269742430874843,0.8354403994680026,1.5202412349119967,0.43379615736287147,985,985,125.0,0.12588308630004155
S일_C1_특보있는때만_파고,전체,hol,2.1838029984204086,1.483573045314696,3.2145336901145742,7.503118510454598e-05,985,985,77.0,0.05080343537886134
S일_C2_특보있는때만_풍속,전체,ws_max[10-14],0.8605909626619821,0.7058843119481067,1.049204228624256,0.13756111985102804,985,985,395.0,0.5004848316941405
S일_C2_특보있는때만_풍속,전체,ws_max[14-17],1.6567088676332602,1.2858676359424024,2.134499846932629,9.43048495025689e-05,985,985,228.0,0.16993350879623217
S일_C2_특보있는때만_풍속,전체,ws_max[17+],2.469024235951967,1.7403763716217133,3.5027369809886344,4.0746303997529765e-07,985,985,90.0,0.040171768943066906
S일_C2_특보있는때만_풍속,전체,dow1,1.2868579597311767,0.987164354417373,1.6775356617296662,0.06225233668737018,985,985,185.0,0.16411552846654662
S일_C2_특보있는때만_풍속,전체,dow2,1.0490496980024269,0.7741696073984867,1.4215299313765521,0.7574099535450978,985,985,126.0,0.13890428037124256
S일_C2_특보있는때만_풍속,전체,dow3,1.2289890508479846,0.9106050316667024,1.6586928850367568,0.1777070802442462,985,985,140.0,0.13343260839451448
S일_C2_특보있는때만_풍속,전체,dow4,1.2619330807759752,0.939951381318606,1.6942100751240436,0.12163338097241128,985,985,145.0,0.14908574594819227
S일_C2_특보있는때만_풍속,전체,dow5,1.111278057498695,0.803273964085881,1.5373819845927938,0.5240247812652579,985,985,122.0,0.13564898185344232
S일_C2_특보있는때만_풍속,전체,dow6,1.1983737232617664,0.8829151168451693,1.626543201271417,0.24562003324477688,985,985,125.0,0.12588308630004155
S일_C2_특보있는때만_풍속,전체,hol,2.079130099028382,1.4042383801825413,3.078381868556988,0.00025667168406351415,985,985,77.0,0.05080343537886134
S일_C3_축(특보없음 파고구간 vs 특보),전체,nw_wh_1.5-2,0.8302508199817686,0.7030526257674028,0.9804620576276063,0.028339274466670394,5847,5847,211.0,0.04225466766677714
S일_C3_축(특보없음 파고구간 vs 특보),전체,nw_wh_2-3,0.6264935658322826,0.4198585283569239,0.9348248553274289,0.022017912293309294,5847,5847,27.0,0.007140323640402137
S일_C3_축(특보없음 파고구간 vs 특보),전체,nw_wh_3+,3.044866662045998,1.0248566075286678,9.046351383727405,0.04504925690327588,5847,5847,4.0,0.0002442130235316692
S일_C3_축(특보없음 파고구간 vs 특보),전체,w_주의보,0.91420342476082,0.8316852949927231,1.0049088361622707,0.06309201944770892,5847,5847,794.0,0.14696972339967787
S일_C3_축(특보없음 파고구간 vs 특보),전체,w_경보,1.6236815815009453,1.316387766569233,2.002709190299025,5.953284117676816e-06,5847,5847,191.0,0.020932544874143075
S일_C3_축(특보없음 파고구간 vs 특보),전체,dow1,0.9938276578531325,0.8923929020406113,1.1067920993716005,0.9102514406647682,5847,5847,792.0,0.1439810211593141
S일_C3_축(특보없음 파고구간 vs 특보),전체,dow2,0.9616523663608476,0.8577688368527543,1.078117126661441,0.502595098925847,5847,5847,767.0,0.14362051621981498
S일_C3_축(특보없음 파고구간 vs 특보),전체,dow3,1.0044825768177637,0.9023998568664636,1.118113261491533,0.9348079670703673,5847,5847,799.0,0.14339374698367843
S일_C3_축(특보없음 파고구간 vs 특보),전체,dow4,1.01294439687832,0.9061748084344724,1.1322940580745355,0.8209546245015693,5847,5847,801.0,0.1430972025979614
S일_C3_축(특보없음 파고구간 vs 특보),전체,dow5,1.2017045517170837,1.078353917778157,1.3391650049298947,0.00088367834424119,5847,5847,950.0,0.14172495798954535
S일_C3_축(특보없음 파고구간 vs 특보),전체,dow6,1.19284565613093,1.0749161307089519,1.3237132820883246,0.0008995312558166546,5847,5847,940.0,0.14134119466685274
S일_C3_축(특보없음 파고구간 vs 특보),전체,hol,1.1126072121239088,0.9727124786774396,1.2726214946406933,0.11960227454441519,5847,5847,328.0,0.05118007221727982
S일_C4_축(특보없음 풍속구간 vs 특보),전체,nw_ws_10-12,0.8435114643716376,0.7451031684540232,0.9549168768167551,0.007169465182146562,5847,5847,344.0,0.06796099569138452
S일_C4_축(특보없음 풍속구간 vs 특보),전체,nw_ws_12-14,0.8872209073451979,0.6983414324391528,1.127186361664174,0.32721405956377003,5847,5847,88.0,0.016362272576621838
S일_C4_축(특보없음 풍속구간 vs 특보),전체,nw_ws_14+,1.3923583816054816,0.8611806870917569,2.251167370431841,0.1769154485939035,5847,5847,17.0,0.0020467377210273228
S일_C4_축(특보없음 풍속구간 vs 특보),전체,w_주의보,0.9151315128918779,0.8328273640138834,1.0055693677637334,0.06511153073552745,5847,5847,794.0,0.14696972339967787
S일_C4_축(특보없음 풍속구간 vs 특보),전체,w_경보,1.6288179121887767,1.3204969251812682,2.009128336821242,5.197802749323799e-06,5847,5847,191.0,0.020932544874143075
S일_C4_축(특보없음 풍속구간 vs 특보),전체,dow1,0.9936618489832971,0.892283856693718,1.1065580338789247,0.907805401502727,5847,5847,792.0,0.1439810211593141
S일_C4_축(특보없음 풍속구간 vs 특보),전체,dow2,0.9613691981026724,0.8574603997315129,1.0778698763814276,0.49962700334432153,5847,5847,767.0,0.14362051621981498
S일_C4_축(특보없음 풍속구간 vs 특보),전체,dow3,1.0050594924685576,0.9029924253020833,1.1186634074623882,0.9264048284312898,5847,5847,799.0,0.14339374698367843
S일_C4_축(특보없음 풍속구간 vs 특보),전체,dow4,1.0152968450221225,0.9082212513980723,1.1349962158725853,0.7894821388766391,5847,5847,801.0,0.1430972025979614
S일_C4_축(특보없음 풍속구간 vs 특보),전체,dow5,1.2021893393735663,1.078804191511076,1.3396863110803117,0.0008594767442784423,5847,5847,950.0,0.14172495798954535
S일_C4_축(특보없음 풍속구간 vs 특보),전체,dow6,1.1951693258911227,1.0770367843812108,1.3262589897258852,0.0007861056374833808,5847,5847,940.0,0.14134119466685274
S일_C4_축(특보없음 풍속구간 vs 특보),전체,hol,1.1142828299022853,0.9742067623248878,1.2744996986594268,0.11439341934119085,5847,5847,328.0,0.05118007221727982
"S일_C5_축세분(파고, 기준: 특보없음·1m미만)",전체,nw_wh_1.0-1.5,0.8633476574204786,0.7784440026071743,0.9575116194318775,0.005401799561801202,5847,5847,646.0,0.12060634604985435
"S일_C5_축세분(파고, 기준: 특보없음·1m미만)",전체,nw_wh_1.5-2.0,0.7911126091992768,0.6668687609691676,0.9385042411111294,0.0071855651323491365,5847,5847,211.0,0.04225466766677714
"S일_C5_축세분(파고, 기준: 특보없음·1m미만)",전체,nw_wh_2.0-2.5,0.6197524518754716,0.4106128392627523,0.935414251281793,0.022733799040665303,5847,5847,26.0,0.006582122443758322
"S일_C5_축세분(파고, 기준: 특보없음·1m미만)",전체,nw_wh_2.5-99,0.9647748455488903,0.3787241101879372,2.4577006785810163,0.9400827217699566,5847,5847,5.0,0.0008024142201754845
"S일_C5_축세분(파고, 기준: 특보없음·1m미만)",전체,w_주의보,0.8869434666294699,0.8048629793012493,0.977394579235905,0.015456954042395443,5847,5847,794.0,0.14696972339967787
"S일_C5_축세분(파고, 기준: 특보없음·1m미만)",전체,w_경보,1.572423263139323,1.273118589834855,1.9420931704268363,2.6520247534911334e-05,5847,5847,191.0,0.020932544874143075
"S일_C5_축세분(파고, 기준: 특보없음·1m미만)",전체,dow1,0.9952130366213429,0.8935507212619387,1.1084418205855047,0.9304472392672214,5847,5847,792.0,0.1439810211593141
"S일_C5_축세분(파고, 기준: 특보없음·1m미만)",전체,dow2,0.9629114472782846,0.858833752953502,1.0796017880188742,0.5172466872293917,5847,5847,767.0,0.14362051621981498
"S일_C5_축세분(파고, 기준: 특보없음·1m미만)",전체,dow3,1.005060185913025,0.9029762528968714,1.1186849865285358,0.9264075414472259,5847,5847,799.0,0.14339374698367843
"S일_C5_축세분(파고, 기준: 특보없음·1m미만)",전체,dow4,1.0134095747083018,0.9065992117897108,1.1328037271100975,0.8146623173128471,5847,5847,801.0,0.1430972025979614
"S일_C5_축세분(파고, 기준: 특보없음·1m미만)",전체,dow5,1.202235716862331,1.0787991582725998,1.3397959275513773,0.0008614323674382973,5847,5847,950.0,0.14172495798954535
"S일_C5_축세분(파고, 기준: 특보없음·1m미만)",전체,dow6,1.194961238510325,1.0767145919628793,1.3261939349581684,0.0008071362957089434,5847,5847,940.0,0.14134119466685274
"S일_C5_축세분(파고, 기준: 특보없음·1m미만)",전체,hol,1.1128206769101663,0.9728613313211246,1.272915079559305,0.11904537612987443,5847,5847,328.0,0.05118007221727982
"S일_C6_축세분(풍속, 기준: 특보없음·8m/s미만)",전체,nw_ws_8-10,1.0135191722040309,0.93292127121712,1.1010801705539388,0.7507631724427941,5847,5847,922.0,0.15349369988545247
"S일_C6_축세분(풍속, 기준: 특보없음·8m/s미만)",전체,nw_ws_10-12,0.8465914233700967,0.7459226559258006,0.9608463188911379,0.00992662201542216,5847,5847,344.0,0.06796099569138452
"S일_C6_축세분(풍속, 기준: 특보없음·8m/s미만)",전체,nw_ws_12-14,0.8906123133349975,0.699574541481751,1.1338181217742422,0.3469889572296585,5847,5847,88.0,0.016362272576621838
"S일_C6_축세분(풍속, 기준: 특보없음·8m/s미만)",전체,nw_ws_14-99,1.3986597804848042,0.8641266118383559,2.263845546179913,0.17206254286186562,5847,5847,17.0,0.0020467377210273228
"S일_C6_축세분(풍속, 기준: 특보없음·8m/s미만)",전체,w_주의보,0.9179872263614932,0.8345272921399881,1.009793874568105,0.0784771983246142,5847,5847,794.0,0.14696972339967787
"S일_C6_축세분(풍속, 기준: 특보없음·8m/s미만)",전체,w_경보,1.6340324881011332,1.323681222157733,2.0171489384864967,4.892585235616309e-06,5847,5847,191.0,0.020932544874143075
"S일_C6_축세분(풍속, 기준: 특보없음·8m/s미만)",전체,dow1,0.99355322586023,0.8921543795196561,1.1064766763222733,0.9062585463269619,5847,5847,792.0,0.1439810211593141
"S일_C6_축세분(풍속, 기준: 특보없음·8m/s미만)",전체,dow2,0.961558916657096,0.857680980496352,1.0780180174541025,0.5015534833142026,5847,5847,767.0,0.14362051621981498
"S일_C6_축세분(풍속, 기준: 특보없음·8m/s미만)",전체,dow3,1.0055005064710567,0.9034145292022445,1.1191222144792574,0.9200067031729622,5847,5847,799.0,0.14339374698367843
"S일_C6_축세분(풍속, 기준: 특보없음·8m/s미만)",전체,dow4,1.0154534563346322,0.9083992011742982,1.1351239858522297,0.7873167484195196,5847,5847,801.0,0.1430972025979614
"S일_C6_축세분(풍속, 기준: 특보없음·8m/s미만)",전체,dow5,1.2022156469504603,1.078840372118311,1.339700014131481,0.0008571479373955526,5847,5847,950.0,0.14172495798954535
"S일_C6_축세분(풍속, 기준: 특보없음·8m/s미만)",전체,dow6,1.1950583412390503,1.0769195525649884,1.326157033330348,0.0007925691363506182,5847,5847,940.0,0.14134119466685274
"S일_C6_축세분(풍속, 기준: 특보없음·8m/s미만)",전체,hol,1.1141645276579528,0.9740960317692221,1.274373936660658,0.11476953848143756,5847,5847,328.0,0.05118007221727982
S일_C7_축(특보없음 & (파고≥1.5 또는 풍속≥10)),전체,nw_or_1.5_10,0.8512031936791574,0.7689843570085836,0.9422127645718933,0.0018802427097965868,5847,5847,569.0,0.11043080340270146
S일_C7_축(특보없음 & (파고≥1.5 또는 풍속≥10)),전체,w_주의보,0.9081825495827125,0.8261345267164688,0.9983792187511703,0.04619832766498844,5847,5847,794.0,0.14696972339967787
S일_C7_축(특보없음 & (파고≥1.5 또는 풍속≥10)),전체,w_경보,1.6162257448753288,1.3096336562639503,1.9945926449765414,7.694985361794693e-06,5847,5847,191.0,0.020932544874143075
S일_C7_축(특보없음 & (파고≥1.5 또는 풍속≥10)),전체,dow1,0.9941596731759678,0.8927557909331563,1.1070815398870355,0.9150173600935714,5847,5847,792.0,0.1439810211593141
S일_C7_축(특보없음 & (파고≥1.5 또는 풍속≥10)),전체,dow2,0.9616044010778233,0.8577169819395039,1.0780747538439885,0.502089798677257,5847,5847,767.0,0.14362051621981498
S일_C7_축(특보없음 & (파고≥1.5 또는 풍속≥10)),전체,dow3,1.0047113851942575,0.9026916562181837,1.1182611034292949,0.9314351115502395,5847,5847,799.0,0.14339374698367843
S일_C7_축(특보없음 & (파고≥1.5 또는 풍속≥10)),전체,dow4,1.0150540986949932,0.9080717727124503,1.1346402941254847,0.7925862689156149,5847,5847,801.0,0.1430972025979614
S일_C7_축(특보없음 & (파고≥1.5 또는 풍속≥10)),전체,dow5,1.2025540141849438,1.0791184707149701,1.3401087983177458,0.0008437977873734237,5847,5847,950.0,0.14172495798954535
S일_C7_축(특보없음 & (파고≥1.5 또는 풍속≥10)),전체,dow6,1.1952428450926837,1.0771286896247343,1.3263089847165537,0.0007806429773071777,5847,5847,940.0,0.14134119466685274
S일_C7_축(특보없음 & (파고≥1.5 또는 풍속≥10)),전체,hol,1.1138048022084028,0.9737734501458316,1.2739730552693893,0.11587986086518565,5847,5847,328.0,0.05118007221727982
S일_C8_축(특보없음 & (파고≥2 또는 풍속≥12)),전체,nw_or_2.0_12,0.9175516073223039,0.7536531775673467,1.117093348982146,0.3914068233031722,5847,5847,125.0,0.02301998476575901
S일_C8_축(특보없음 & (파고≥2 또는 풍속≥12)),전체,w_주의보,0.9275050005903407,0.8444995475424487,1.018669019567292,0.11564750053521378,5847,5847,794.0,0.14696972339967787
S일_C8_축(특보없음 & (파고≥2 또는 풍속≥12)),전체,w_경보,1.6511845996349586,1.3396267931805796,2.035201591928852,2.5926579700907837e-06,5847,5847,191.0,0.020932544874143075
S일_C8_축(특보없음 & (파고≥2 또는 풍속≥12)),전체,dow1,0.9929734059644365,0.8917171759079479,1.1057274790615879,0.8977537596042642,5847,5847,792.0,0.1439810211593141
S일_C8_축(특보없음 & (파고≥2 또는 풍속≥12)),전체,dow2,0.9624181994813025,0.85840658413145,1.079032719244606,0.511528010553804,5847,5847,767.0,0.14362051621981498
S일_C8_축(특보없음 & (파고≥2 또는 풍속≥12)),전체,dow3,1.0050393705962346,0.9028991076846709,1.1187342282779673,0.9267527960411408,5847,5847,799.0,0.14339374698367843
S일_C8_축(특보없음 & (파고≥2 또는 풍속≥12)),전체,dow4,1.0129914304259795,0.9062169528202231,1.1323465478360368,0.8203191423943221,5847,5847,801.0,0.1430972025979614
S일_C8_축(특보없음 & (파고≥2 또는 풍속≥12)),전체,dow5,1.2019732156945149,1.0786010051128438,1.339456948768431,0.0008704068262532783,5847,5847,950.0,0.14172495798954535
S일_C8_축(특보없음 & (파고≥2 또는 풍속≥12)),전체,dow6,1.1927113604651873,1.0748506847522008,1.3234958209201673,0.0009010502641957352,5847,5847,940.0,0.14134119466685274
S일_C8_축(특보없음 & (파고≥2 또는 풍속≥12)),전체,hol,1.1129823711864757,0.9732297040650033,1.2728030735168905,0.11790554095407302,5847,5847,328.0,0.05118007221727982
S일_A1_달력,전복,dow1,0.9943262081408056,0.7096497813656273,1.393200750788762,0.9736235047822017,537,537,77.0,0.14284812921950912
S일_A1_달력,전복,dow2,0.7123185285688345,0.4853278694418307,1.0454740353691636,0.0831243834532236,537,537,55.0,0.14278503375607293
S일_A1_달력,전복,dow3,0.8582399084302887,0.5958963763306325,1.2360802476398047,0.41146879493955946,537,537,66.0,0.14316360653669002
S일_A1_달력,전복,dow4,0.8619721983471977,0.5993042807745335,1.239764331006049,0.4231365440525092,537,537,67.0,0.14373146570761564
S일_A1_달력,전복,dow5,1.2599557770055185,0.8949020376054331,1.7739243998788525,0.18555506417906242,537,537,98.0,0.1416493154142217
S일_A1_달력,전복,dow6,1.2158144675431022,0.8747738072521263,1.689813763549359,0.24464785855845372,537,537,95.0,0.14246955643889203
S일_A1_달력,전복,hol,1.2827036751842533,0.8884050520060434,1.8520028838377185,0.18398913726884558,537,537,39.0,0.05697520348286958
S일_A2_특보유무(풍랑·태풍),전복,any_warn,1.693055822148709,1.3078303692697357,2.19175061557272,6.402327378296491e-05,537,537,130.0,0.1686541737649063
S일_A2_특보유무(풍랑·태풍),전복,dow1,0.9854228707192348,0.7030442728591407,1.381219180105739,0.9320703748885046,537,537,77.0,0.14284812921950912
S일_A2_특보유무(풍랑·태풍),전복,dow2,0.7231880988910113,0.4927059766025598,1.0614870758904407,0.09787641209206965,537,537,55.0,0.14278503375607293
S일_A2_특보유무(풍랑·태풍),전복,dow3,0.8764525361702425,0.6074074868119888,1.264668389569953,0.48087937795516256,537,537,66.0,0.14316360653669002
S일_A2_특보유무(풍랑·태풍),전복,dow4,0.8703788915964475,0.6045927923315453,1.2530076847512792,0.4552072595319483,537,537,67.0,0.14373146570761564
S일_A2_특보유무(풍랑·태풍),전복,dow5,1.2904110219019886,0.9153512980206767,1.819149226146092,0.14561743474946454,537,537,98.0,0.1416493154142217
S일_A2_특보유무(풍랑·태풍),전복,dow6,1.250809472995316,0.899469119089756,1.7393863830679215,0.1834443028184638,537,537,95.0,0.14246955643889203
S일_A2_특보유무(풍랑·태풍),전복,hol,1.2818007185026867,0.8897773780714309,1.8465440035295029,0.1825410917829089,537,537,39.0,0.05697520348286958
S일_A3_특보종류·수준,전복,wv_주의보,1.485859120639444,1.1355482458624546,1.9442391236407612,0.003894079653957494,537,537,100.0,0.1497886301974888
S일_A3_특보종류·수준,전복,wv_경보,5.999191139674959,3.08666455347323,11.659930551849863,1.2619716405204429e-07,537,537,29.0,0.012240519906618714
S일_A3_특보종류·수준,전복,ty_주의보,0.2773910211240974,0.0334586707305247,2.2997261074711806,0.23472129704691103,537,537,1.0,0.005173828001766673
S일_A3_특보종류·수준,전복,ty_경보,2.7310590511709263,1.0188931458715818,7.320378560994572,0.04580269911362178,537,537,9.0,0.005741687172692284
S일_A3_특보종류·수준,전복,dow1,0.9946734650684429,0.7109021445305995,1.3917179878034212,0.9751374282280827,537,537,77.0,0.14284812921950912
S일_A3_특보종류·수준,전복,dow2,0.7424137344521116,0.5078552643811381,1.0853055816498913,0.12418455245175819,537,537,55.0,0.14278503375607293
S일_A3_특보종류·수준,전복,dow3,0.8821054777238524,0.6137303988824808,1.2678369447680249,0.4979097169798663,537,537,66.0,0.14316360653669002
S일_A3_특보종류·수준,전복,dow4,0.8964533588729405,0.6232552900086239,1.289405220489115,0.5555844398156637,537,537,67.0,0.14373146570761564
S일_A3_특보종류·수준,전복,dow5,1.299816511521575,0.9254914819525382,1.8255413437838215,0.13023359037246873,537,537,98.0,0.1416493154142217
S일_A3_특보종류·수준,전복,dow6,1.2639596857886441,0.9126489273535912,1.750502344786043,0.15857819283385477,537,537,95.0,0.14246955643889203
S일_A3_특보종류·수준,전복,hol,1.2901200766863945,0.8971926009002777,1.855131005983749,0.16925639205332832,537,537,39.0,0.05697520348286958
S일_A3b_특보최고수준,전복,warn_주의보,1.4220194929205352,1.0876239830888692,1.8592265982431433,0.010049942900761666,537,537,98.0,0.15111363492964855
S일_A3b_특보최고수준,전복,warn_경보,4.839036605260892,2.6108207113515283,8.968932705813067,5.49193701626649e-07,537,537,32.0,0.017540538835257746
S일_A3b_특보최고수준,전복,dow1,0.9971686805746427,0.7126508988739536,1.3952769569085235,0.9868012080204851,537,537,77.0,0.14284812921950912
S일_A3b_특보최고수준,전복,dow2,0.7354536744426721,0.5024658331092368,1.0764753971513068,0.11390977517580558,537,537,55.0,0.14278503375607293
S일_A3b_특보최고수준,전복,dow3,0.8871400598562114,0.6165247181884123,1.2765384137626203,0.5189337002480328,537,537,66.0,0.14316360653669002
S일_A3b_특보최고수준,전복,dow4,0.8875815872621716,0.6170140582194443,1.2767959879556752,0.5203327529386021,537,537,67.0,0.14373146570761564
S일_A3b_특보최고수준,전복,dow5,1.292085724422962,0.9177971167379105,1.819013689203335,0.1419808810213512,537,537,98.0,0.1416493154142217
S일_A3b_특보최고수준,전복,dow6,1.2608206363386223,0.9098601810545872,1.7471571018470098,0.16378606736070167,537,537,95.0,0.14246955643889203
S일_A3b_특보최고수준,전복,hol,1.301075324669049,0.9041454946879698,1.8722617216014261,0.1563795034623805,537,537,39.0,0.05697520348286958
S일_B1_특보없는때_파고,전복,wh_max[0-0.5],0.7292357940773093,0.5496728022912483,0.9674570783689487,0.028567864890594485,405,405,183.0,0.49586143470263644
S일_B1_특보없는때_파고,전복,wh_max[1-1.5],0.8962221920334119,0.6025264656473558,1.333077073436432,0.5886057742096353,405,405,54.0,0.1396382587369712
S일_B1_특보없는때_파고,전복,wh_max[1.5-2],1.1570324309075934,0.6152737769777903,2.1758184669395706,0.6507858172898335,405,405,21.0,0.048359901900674435
S일_B1_특보없는때_파고,전복,wh_max[2-2.5],1.4664275667093158,0.491750009809485,4.37297359533988,0.4922445590269191,405,405,4.0,0.007050889025137952
S일_B1_특보없는때_파고,전복,wh_max[2.5-3],2.577284635462616e-09,8.304059899270725e-10,7.998974203901173e-09,0.0,405,405,0.0,0.0007664009809932557
S일_B1_특보없는때_파고,전복,wh_max[3-4],3704219885808.1875,479612548983.42255,28609019908882.926,0.0,405,405,2.0,0.00038320049049662784
S일_B1_특보없는때_파고,전복,wh_max[4+],1.1031697582453477,0.6724201131138746,1.809855909680385,0.6974710380915341,405,405,0.0,0.00030656039239730225
S일_B1_특보없는때_파고,전복,dow1,1.0389744507899648,0.6897117596045278,1.5651000499299337,0.8548728640062055,405,405,55.0,0.1376456161863887
S일_B1_특보없는때_파고,전복,dow2,0.8148046260711806,0.5243229917318103,1.2662167960137496,0.36251546722702854,405,405,44.0,0.14331698344573882
S일_B1_특보없는때_파고,전복,dow3,0.8255411400388079,0.5270496333228142,1.2930815824686275,0.40238632967000365,405,405,45.0,0.14561618638871857
S일_B1_특보없는때_파고,전복,dow4,0.8309680163820948,0.5370285907435285,1.2857934496447747,0.40577091424262646,405,405,45.0,0.1423973022685469
S일_B1_특보없는때_파고,전복,dow5,1.3843482367546496,0.9246756185604025,2.072532250379132,0.11418987190349505,405,405,77.0,0.14393010423053343
S일_B1_특보없는때_파고,전복,dow6,1.4794071710243673,1.0113626875772979,2.1640560844905052,0.04356788060434047,405,405,85.0,0.1459993868792152
S일_B1_특보없는때_파고,전복,hol,1.0839911601659704,0.706250035112807,1.6637688876437107,0.7121612414757332,405,405,26.0,0.056483752299202945
S일_B2_특보없는때_풍속,전복,ws_max[0-4],0.9085952969913256,0.6159930241805899,1.3401863029421759,0.628818069580336,405,405,57.0,0.15695892090741875
S일_B2_특보없는때_풍속,전복,ws_max[6-8],0.9840784093176854,0.7325476451806693,1.3219758770044037,0.915129098197285,405,405,96.0,0.2644849785407725
S일_B2_특보없는때_풍속,전복,ws_max[8-10],1.342645350418549,0.9570319968471265,1.8836324625920584,0.08805530829339858,405,405,91.0,0.18293991416309013
S일_B2_특보없는때_풍속,전복,ws_max[10-12],1.2872949605689212,0.833332575512431,1.9885557869703374,0.25501732050194037,405,405,37.0,0.07755977927651747
S일_B2_특보없는때_풍속,전복,ws_max[12-14],1.0409145125623307,0.4217037310830085,2.5693465402363183,0.9306835409923899,405,405,7.0,0.018240343347639486
S일_B2_특보없는때_풍속,전복,ws_max[14-17],3.522222003249129,0.9264169508654309,13.391430099139438,0.0646268213209018,405,405,4.0,0.003218884120171674
S일_B2_특보없는때_풍속,전복,ws_max[17+],7.192683763696286e-09,1.1474022576672207e-09,4.5088546217193073e-08,0.0,405,405,0.0,0.00015328019619865113
S일_B2_특보없는때_풍속,전복,dow1,1.0361424014817229,0.6881201570381222,1.5601796650883955,0.8649936043766906,405,405,55.0,0.1376456161863887
S일_B2_특보없는때_풍속,전복,dow2,0.8194208359539262,0.5275196114881396,1.2728446332094852,0.3754415309176684,405,405,44.0,0.14331698344573882
S일_B2_특보없는때_풍속,전복,dow3,0.8373238846498104,0.534962068463966,1.310581308723713,0.4373179527264677,405,405,45.0,0.14561618638871857
S일_B2_특보없는때_풍속,전복,dow4,0.8314071467932305,0.5378238132643899,1.2852496053369307,0.4060880802933877,405,405,45.0,0.1423973022685469
S일_B2_특보없는때_풍속,전복,dow5,1.3868768757174195,0.9272105091852942,2.0744237142973665,0.11136173653716375,405,405,77.0,0.14393010423053343
S일_B2_특보없는때_풍속,전복,dow6,1.4958967197779063,1.0231431658794952,2.187090791266503,0.03770407476144788,405,405,85.0,0.1459993868792152
S일_B2_특보없는때_풍속,전복,hol,1.1017920616797432,0.7274240715242549,1.6688281220014887,0.6472217722021982,405,405,26.0,0.056483752299202945
S일_B3_특보없는때_파고+풍속,전복,wh_max[0-0.5],0.812702169368683,0.585937627878959,1.1272271734577939,0.2140521903039192,405,405,183.0,0.49586143470263644
S일_B3_특보없는때_파고+풍속,전복,wh_max[1-1.5],0.8356029511720608,0.5462171310374753,1.2783053703959217,0.40766258788842036,405,405,54.0,0.1396382587369712
S일_B3_특보없는때_파고+풍속,전복,wh_max[1.5-2],1.0370591553302109,0.4967864532095402,2.1648973813715844,0.9227998340627557,405,405,21.0,0.048359901900674435
S일_B3_특보없는때_파고+풍속,전복,wh_max[2-2.5],1.2809792076985522,0.38352086769792926,4.278535716727756,0.6873556179877574,405,405,4.0,0.007050889025137952
S일_B3_특보없는때_파고+풍속,전복,wh_max[2.5-3],1.0402573063875617e-09,2.732283826098675e-10,3.960552169420282e-09,0.0,405,405,0.0,0.0007664009809932557
S일_B3_특보없는때_파고+풍속,전복,wh_max[3-4],7263191755293.853,666028370712.388,79206767750362.98,0.0,405,405,2.0,0.00038320049049662784
S일_B3_특보없는때_파고+풍속,전복,wh_max[4+],0.5075189214292083,0.07614839373666166,3.3825461440384545,0.4834274322797478,405,405,0.0,0.00030656039239730225
S일_B3_특보없는때_파고+풍속,전복,ws_max[0-4],0.92200185771322,0.6240763592876896,1.3621529048094443,0.6833945225586846,405,405,57.0,0.15695892090741875
S일_B3_특보없는때_파고+풍속,전복,ws_max[6-8],0.9386570484797772,0.6835035354065104,1.2890599814333812,0.695690951011652,405,405,96.0,0.2644849785407725
S일_B3_특보없는때_파고+풍속,전복,ws_max[8-10],1.235018330180678,0.8356853270015802,1.825172976717092,0.28948961777035587,405,405,91.0,0.18293991416309013
S일_B3_특보없는때_파고+풍속,전복,ws_max[10-12],1.1726465084847753,0.6864165167174483,2.0033023687097127,0.5599692502429021,405,405,37.0,0.07755977927651747
S일_B3_특보없는때_파고+풍속,전복,ws_max[12-14],0.9448834338705022,0.34987254392277206,2.5517998457174795,0.9109443223180931,405,405,7.0,0.018240343347639486
S일_B3_특보없는때_파고+풍속,전복,ws_max[14-17],2.055189547794269,0.3822725502436596,11.04919533110753,0.40122506236620703,405,405,4.0,0.003218884120171674
S일_B3_특보없는때_파고+풍속,전복,ws_max[17+],2.697980368795959,0.43217591092571844,16.84290560021402,0.28815330890425495,405,405,0.0,0.00015328019619865113
S일_B3_특보없는때_파고+풍속,전복,dow1,1.0329923341763858,0.6882352543829312,1.550448274295264,0.8755050951324628,405,405,55.0,0.1376456161863887
S일_B3_특보없는때_파고+풍속,전복,dow2,0.8170279755523343,0.5254029326757753,1.2705195790124753,0.3696608557762069,405,405,44.0,0.14331698344573882
S일_B3_특보없는때_파고+풍속,전복,dow3,0.8298485331699502,0.5301622516691628,1.298939307421788,0.41456824478269194,405,405,45.0,0.14561618638871857
S일_B3_특보없는때_파고+풍속,전복,dow4,0.8309373595120055,0.5368280741831706,1.286178813362868,0.4060391881393759,405,405,45.0,0.1423973022685469
S일_B3_특보없는때_파고+풍속,전복,dow5,1.383813458588281,0.9248318359027494,2.0705814979875163,0.11412172200966308,405,405,77.0,0.14393010423053343
S일_B3_특보없는때_파고+풍속,전복,dow6,1.4778890543003045,1.009099208449396,2.1644611734230477,0.04479974115375862,405,405,85.0,0.1459993868792152
S일_B3_특보없는때_파고+풍속,전복,hol,1.0725655164814816,0.7003134381345635,1.6426884370654349,0.7473773776366937,405,405,26.0,0.056483752299202945
S일_B4_특보없는때_파고연속(1m당),전복,wh_per1m,1.4782112429824947,1.0888077444271504,2.006881830207309,0.012230451023363287,405,405,,
S일_B4_특보없는때_파고연속(1m당),전복,dow1,1.04342322219269,0.6910980607994262,1.5753654689055085,0.839739463831511,405,405,55.0,0.1376456161863887
S일_B4_특보없는때_파고연속(1m당),전복,dow2,0.8115446431090158,0.5223750145062744,1.260789068139914,0.3528834576867226,405,405,44.0,0.14331698344573882
S일_B4_특보없는때_파고연속(1m당),전복,dow3,0.8346634673228899,0.5332242638613509,1.3065105076775263,0.42922034676182275,405,405,45.0,0.14561618638871857
S일_B4_특보없는때_파고연속(1m당),전복,dow4,0.8297557839839597,0.5369530532693948,1.282225060203561,0.4006542218195248,405,405,45.0,0.1423973022685469
S일_B4_특보없는때_파고연속(1m당),전복,dow5,1.3854445914779943,0.9257783305493041,2.0733437505679464,0.11295394398522518,405,405,77.0,0.14393010423053343
S일_B4_특보없는때_파고연속(1m당),전복,dow6,1.4926637670116762,1.0219547996871794,2.1801797124799385,0.038232173578066186,405,405,85.0,0.1459993868792152
S일_B4_특보없는때_파고연속(1m당),전복,hol,1.1160834773742399,0.7357144891585972,1.6931056093408723,0.605483965819557,405,405,26.0,0.056483752299202945
S일_B5_특보없는때_풍속연속(1m/s당),전복,ws_per1ms,1.0642442096809128,1.0115204757710232,1.1197160759163314,0.016311921407742735,405,405,,
S일_B5_특보없는때_풍속연속(1m/s당),전복,dow1,1.030368327737885,0.6832011115507668,1.5539478388662964,0.8865211355686573,405,405,55.0,0.1376456161863887
S일_B5_특보없는때_풍속연속(1m/s당),전복,dow2,0.813015421400209,0.5237827803089401,1.261962210832301,0.35611152326074613,405,405,44.0,0.14331698344573882
S일_B5_특보없는때_풍속연속(1m/s당),전복,dow3,0.8359399015193215,0.5340672819936763,1.3084409820866112,0.43307964567375246,405,405,45.0,0.14561618638871857
S일_B5_특보없는때_풍속연속(1m/s당),전복,dow4,0.8255690151912144,0.5336963443265186,1.2770636450655668,0.3891245874259548,405,405,45.0,0.1423973022685469
S일_B5_특보없는때_풍속연속(1m/s당),전복,dow5,1.382522499339592,0.9230873253340612,2.070625832164336,0.11602661265505931,405,405,77.0,0.14393010423053343
S일_B5_특보없는때_풍속연속(1m/s당),전복,dow6,1.4904243192645383,1.0201066361573774,2.1775808260818534,0.039121344962695925,405,405,85.0,0.1459993868792152
S일_B5_특보없는때_풍속연속(1m/s당),전복,hol,1.1123060356063406,0.7339142718591707,1.6857891504305051,0.6158662871676297,405,405,26.0,0.056483752299202945
S일_C1_특보있는때만_파고,전복,wh_max[2-3],1.2825595814733788,0.605908665800725,2.714863102106833,0.515402194476192,129,129,28.0,0.2800908402725208
S일_C1_특보있는때만_파고,전복,wh_max[3-4],3.250801944998281,1.1380256042172705,9.28600661219133,0.027704836651281983,129,129,12.0,0.07872823618470856
S일_C1_특보있는때만_파고,전복,wh_max[4+],17.183633491679192,4.99185403460436,59.151821733858355,6.50455260386984e-06,129,129,22.0,0.023088569265707796
S일_C1_특보있는때만_파고,전복,dow1,0.9155063700084131,0.44660738425413626,1.8767085880717136,0.8095166660339455,129,129,21.0,0.17411052233156699
S일_C1_특보있는때만_파고,전복,dow2,0.5745595595799433,0.22997472840546734,1.4354563642430647,0.23553835964116376,129,129,11.0,0.1404239212717638
S일_C1_특보있는때만_파고,전복,dow3,1.4265754413512557,0.6190183471096166,3.287652941740916,0.40425515838247694,129,129,21.0,0.13096139288417866
S일_C1_특보있는때만_파고,전복,dow4,1.1892795054854965,0.5275734460993866,2.680926708167527,0.675942784950134,129,129,22.0,0.14723694171082513
S일_C1_특보있는때만_파고,전복,dow5,1.3565035295927639,0.6166668111944825,2.983948207352609,0.44840151453873056,129,129,21.0,0.1271763815291446
S일_C1_특보있는때만_파고,전복,dow6,0.7113755075291961,0.29531685328184687,1.7136005178459908,0.44770868637114924,129,129,10.0,0.12187736563209689
S일_C1_특보있는때만_파고,전복,hol,2.732224588080364,1.0002996278769796,7.462815132256545,0.049927527361584456,129,129,13.0,0.05677517032551098
S일_C2_특보있는때만_풍속,전복,ws_max[10-14],1.30069656963457,0.7218377218256795,2.3437561034912258,0.38154075525246167,129,129,49.0,0.508327024981075
S일_C2_특보있는때만_풍속,전복,ws_max[14-17],3.0720340867937903,1.5522667829377041,6.079749650097162,0.0012705660103917715,129,129,31.0,0.15972747918243754
S일_C2_특보있는때만_풍속,전복,ws_max[17+],8.946259069465464,3.8169926495045816,20.968222547764437,4.601714298502202e-07,129,129,20.0,0.03595760787282362
S일_C2_특보있는때만_풍속,전복,dow1,0.9452894143373967,0.4826314004958972,1.8514586409839997,0.8696951988166763,129,129,21.0,0.17411052233156699
S일_C2_특보있는때만_풍속,전복,dow2,0.5200563282305241,0.21880341033508457,1.236080297461649,0.13882589520404132,129,129,11.0,0.1404239212717638
S일_C2_특보있는때만_풍속,전복,dow3,1.2502978679655412,0.5912588973256812,2.6439259784670965,0.5587886010327665,129,129,21.0,0.13096139288417866
S일_C2_특보있는때만_풍속,전복,dow4,1.1969395299876269,0.5600482910180001,2.558108401407398,0.6427071588817046,129,129,22.0,0.14723694171082513
S일_C2_특보있는때만_풍속,전복,dow5,1.5073786529433233,0.6801473146269384,3.3407327419877073,0.31216235508744417,129,129,21.0,0.1271763815291446
S일_C2_특보있는때만_풍속,전복,dow6,0.8033318200633491,0.3388715019020103,1.9043856137330288,0.619000045423487,129,129,10.0,0.12187736563209689
S일_C2_특보있는때만_풍속,전복,hol,2.473771004426836,0.8998105018435415,6.80092416103743,0.07919164407463652,129,129,13.0,0.05677517032551098
S일_C3_축(특보없음 파고구간 vs 특보),전복,nw_wh_1.5-2,1.1912933651634838,0.6767215964802323,2.097139930606594,0.5440881093384609,534,534,21.0,0.04021669853409815
S일_C3_축(특보없음 파고구간 vs 특보),전복,nw_wh_2-3,1.511131578567993,0.5394842137965478,4.232781218333413,0.4320820848815141,534,534,4.0,0.00650095602294455
S일_C3_축(특보없음 파고구간 vs 특보),전복,nw_wh_3+,24.322718180086518,3.5126434927010957,168.41863425570597,0.0012268058697917361,534,534,2.0,0.0005736137667304016
S일_C3_축(특보없음 파고구간 vs 특보),전복,w_주의보,1.463887204978301,1.1183973708657018,1.9161040652665409,0.0055251706749230856,534,534,98.0,0.15092415551306565
S일_C3_축(특보없음 파고구간 vs 특보),전복,w_경보,4.822831158550953,2.564536510147373,9.069748194987984,1.0468024989052083e-06,534,534,31.0,0.017463352453792224
S일_C3_축(특보없음 파고구간 vs 특보),전복,dow1,1.0100108542343194,0.7209027193333205,1.4150618361025633,0.9538303420686838,534,534,76.0,0.14378585086042064
S일_C3_축(특보없음 파고구간 vs 특보),전복,dow2,0.7598543372100287,0.5189982091633475,1.1124867168764545,0.15796514223633173,534,534,55.0,0.14282982791586998
S일_C3_축(특보없음 파고구간 vs 특보),전복,dow3,0.9123923032222941,0.6328361133837204,1.3154428095580577,0.6232979311238775,534,534,66.0,0.1431485022307202
S일_C3_축(특보없음 파고구간 vs 특보),전복,dow4,0.9237995055030213,0.6404742223710085,1.3324588196670202,0.671476855463613,534,534,67.0,0.14321223709369024
S일_C3_축(특보없음 파고구간 vs 특보),전복,dow5,1.3452719655008258,0.9535494337890439,1.8979159307673947,0.0911960705370749,534,534,98.0,0.14110898661567878
S일_C3_축(특보없음 파고구간 vs 특보),전복,dow6,1.3032887399859678,0.9383454925267313,1.8101664613962256,0.11402884141704783,534,534,95.0,0.14193753983428936
S일_C3_축(특보없음 파고구간 vs 특보),전복,hol,1.2956573439562709,0.8946104328703658,1.87649047145762,0.17047795825755951,534,534,39.0,0.05653282345442957
S일_C4_축(특보없음 풍속구간 vs 특보),전복,nw_ws_10-12,1.2204809583661242,0.8278465991903381,1.7993354942704922,0.31439231520486244,534,534,37.0,0.06449968132568515
S일_C4_축(특보없음 풍속구간 vs 특보),전복,nw_ws_12-14,0.9587398629962266,0.40386016773981986,2.2759910442323963,0.9238984429937516,534,534,7.0,0.015168897386870618
S일_C4_축(특보없음 풍속구간 vs 특보),전복,nw_ws_14+,2.931329309206384,0.8459922123472899,10.156939264453863,0.0898443368364874,534,534,4.0,0.002804333970681963
S일_C4_축(특보없음 풍속구간 vs 특보),전복,w_주의보,1.4636563699284422,1.1181755979105832,1.9158797359155177,0.005551840792042295,534,534,98.0,0.15092415551306565
S일_C4_축(특보없음 풍속구간 vs 특보),전복,w_경보,4.821046387446874,2.571794320750322,9.03745998752091,9.280570298919599e-07,534,534,31.0,0.017463352453792224
S일_C4_축(특보없음 풍속구간 vs 특보),전복,dow1,1.0051953451635842,0.7181229503252432,1.4070260273410162,0.9759066822016418,534,534,76.0,0.14378585086042064
S일_C4_축(특보없음 풍속구간 vs 특보),전복,dow2,0.7562935411799401,0.5163480961671126,1.1077409303459043,0.15142688120285386,534,534,55.0,0.14282982791586998
S일_C4_축(특보없음 풍속구간 vs 특보),전복,dow3,0.91897655180955,0.6381148975378194,1.3234574306827211,0.6497961186289265,534,534,66.0,0.1431485022307202
S일_C4_축(특보없음 풍속구간 vs 특보),전복,dow4,0.9149121072771064,0.6340397505223525,1.3202077051992744,0.6345786423799726,534,534,67.0,0.14321223709369024
S일_C4_축(특보없음 풍속구간 vs 특보),전복,dow5,1.3379609168378808,0.9483662636717761,1.8876034329340283,0.0973008806382556,534,534,98.0,0.14110898661567878
S일_C4_축(특보없음 풍속구간 vs 특보),전복,dow6,1.3013782034311057,0.9362927901487033,1.808820110743985,0.11684898994174997,534,534,95.0,0.14193753983428936
S일_C4_축(특보없음 풍속구간 vs 특보),전복,hol,1.3004273670214783,0.9042177849838379,1.8702478152745492,0.15650579549003352,534,534,39.0,0.05653282345442957
"S일_C5_축세분(파고, 기준: 특보없음·1m미만)",전복,nw_wh_1.0-1.5,1.023141767003013,0.6916560877140215,1.5134965107382603,0.9088229264736325,534,534,54.0,0.11612492033142129
"S일_C5_축세분(파고, 기준: 특보없음·1m미만)",전복,nw_wh_1.5-2.0,1.1913351164216153,0.6581220862741448,2.1565593819443625,0.5631068308725673,534,534,21.0,0.04021669853409815
"S일_C5_축세분(파고, 기준: 특보없음·1m미만)",전복,nw_wh_2.0-2.5,1.6110099510483609,0.5686893959712603,4.563744428440165,0.3694022955711427,534,534,4.0,0.005863607393244105
"S일_C5_축세분(파고, 기준: 특보없음·1m미만)",전복,nw_wh_2.5-99,4.768416282373888,0.969823812347211,23.445283104543897,0.054569045705128216,534,534,2.0,0.0012109623964308477
"S일_C5_축세분(파고, 기준: 특보없음·1m미만)",전복,w_주의보,1.4720488453804803,1.1171036540379629,1.9397732657603195,0.006020746861024939,534,534,98.0,0.15092415551306565
"S일_C5_축세분(파고, 기준: 특보없음·1m미만)",전복,w_경보,4.852102034640102,2.573321965126007,9.148833482018565,1.0550936435649305e-06,534,534,31.0,0.017463352453792224
"S일_C5_축세분(파고, 기준: 특보없음·1m미만)",전복,dow1,1.0083127550143034,0.7201754931218366,1.4117317537664866,0.9615462288737897,534,534,76.0,0.14378585086042064
"S일_C5_축세분(파고, 기준: 특보없음·1m미만)",전복,dow2,0.7616288466551865,0.5200742034727831,1.1153764139498734,0.1618141712304053,534,534,55.0,0.14282982791586998
"S일_C5_축세분(파고, 기준: 특보없음·1m미만)",전복,dow3,0.9158366035787654,0.6355347486652156,1.3197652625860203,0.6371949937462915,534,534,66.0,0.1431485022307202
"S일_C5_축세분(파고, 기준: 특보없음·1m미만)",전복,dow4,0.9223626595395031,0.6393496870715731,1.330653463849348,0.6655856328316823,534,534,67.0,0.14321223709369024
"S일_C5_축세분(파고, 기준: 특보없음·1m미만)",전복,dow5,1.3449974464527241,0.9531578654370331,1.897920792097639,0.09161359061338414,534,534,98.0,0.14110898661567878
"S일_C5_축세분(파고, 기준: 특보없음·1m미만)",전복,dow6,1.3065489663467102,0.940227655987215,1.815592415933859,0.11119421346748881,534,534,95.0,0.14193753983428936
"S일_C5_축세분(파고, 기준: 특보없음·1m미만)",전복,hol,1.308752337143851,0.9069889099984269,1.888482495317901,0.1503783997896173,534,534,39.0,0.05653282345442957
"S일_C6_축세분(풍속, 기준: 특보없음·8m/s미만)",전복,nw_ws_8-10,1.36610322089645,1.034686413308344,1.8036749938336174,0.027769759845394315,534,534,91.0,0.1521351179094965
"S일_C6_축세분(풍속, 기준: 특보없음·8m/s미만)",전복,nw_ws_10-12,1.339954522789792,0.8983909995174174,1.998548654326773,0.15137719136851002,534,534,37.0,0.06449968132568515
"S일_C6_축세분(풍속, 기준: 특보없음·8m/s미만)",전복,nw_ws_12-14,1.05843891329282,0.4469576560162613,2.506485610197775,0.8972573884329189,534,534,7.0,0.015168897386870618
"S일_C6_축세분(풍속, 기준: 특보없음·8m/s미만)",전복,nw_ws_14-99,3.2873954478583283,0.9353980382705245,11.55333706983272,0.06347392250922601,534,534,4.0,0.002804333970681963
"S일_C6_축세분(풍속, 기준: 특보없음·8m/s미만)",전복,w_주의보,1.5790278084047025,1.1989525450768546,2.0795892464247046,0.0011478330866716568,534,534,98.0,0.15092415551306565
"S일_C6_축세분(풍속, 기준: 특보없음·8m/s미만)",전복,w_경보,5.236633190609816,2.783014140378895,9.85346311221506,2.8435974153140364e-07,534,534,31.0,0.017463352453792224
"S일_C6_축세분(풍속, 기준: 특보없음·8m/s미만)",전복,dow1,1.0032812113365017,0.7166282201659571,1.4045960802209765,0.9847755707443886,534,534,76.0,0.14378585086042064
"S일_C6_축세분(풍속, 기준: 특보없음·8m/s미만)",전복,dow2,0.7593448571089405,0.5186241171595969,1.1117967578826613,0.15700694084590983,534,534,55.0,0.14282982791586998
"S일_C6_축세분(풍속, 기준: 특보없음·8m/s미만)",전복,dow3,0.9260108949941066,0.6431798826334624,1.3332136169073237,0.6793228654697061,534,534,66.0,0.1431485022307202
"S일_C6_축세분(풍속, 기준: 특보없음·8m/s미만)",전복,dow4,0.9197137649594775,0.6380270524172247,1.3257641760663084,0.6537340599427597,534,534,67.0,0.14321223709369024
"S일_C6_축세분(풍속, 기준: 특보없음·8m/s미만)",전복,dow5,1.3340031540345862,0.9464599256722454,1.8802321859641828,0.09981415231802648,534,534,98.0,0.14110898661567878
"S일_C6_축세분(풍속, 기준: 특보없음·8m/s미만)",전복,dow6,1.301772000174059,0.9365164303417565,1.8094827656347339,0.11650004618021015,534,534,95.0,0.14193753983428936
"S일_C6_축세분(풍속, 기준: 특보없음·8m/s미만)",전복,hol,1.2939345258864647,0.8989699505509592,1.8624277221445598,0.16549901641707443,534,534,39.0,0.05653282345442957
S일_C7_축(특보없음 & (파고≥1.5 또는 풍속≥10)),전복,nw_or_1.5_10,1.3152009828169515,0.955082450045039,1.8111039786367187,0.09325672536235063,534,534,64.0,0.10624601657106438
S일_C7_축(특보없음 & (파고≥1.5 또는 풍속≥10)),전복,w_주의보,1.4970438713560235,1.1436999532391572,1.9595527187155433,0.0033086969004603173,534,534,98.0,0.15092415551306565
S일_C7_축(특보없음 & (파고≥1.5 또는 풍속≥10)),전복,w_경보,4.947001058411562,2.6337713770436864,9.2919300761006,6.657101803142496e-07,534,534,31.0,0.017463352453792224
S일_C7_축(특보없음 & (파고≥1.5 또는 풍속≥10)),전복,dow1,1.005721908612319,0.7180294665450633,1.4086839114412943,0.9735240244441037,534,534,76.0,0.14378585086042064
S일_C7_축(특보없음 & (파고≥1.5 또는 풍속≥10)),전복,dow2,0.7590172684699461,0.5185811881703876,1.1109296422188952,0.15597898199097449,534,534,55.0,0.14282982791586998
S일_C7_축(특보없음 & (파고≥1.5 또는 풍속≥10)),전복,dow3,0.9186530038043089,0.6380219751558066,1.3227182985234818,0.6482490504069367,534,534,66.0,0.1431485022307202
S일_C7_축(특보없음 & (파고≥1.5 또는 풍속≥10)),전복,dow4,0.9140454834175002,0.6336290767530749,1.3185618785634072,0.6306939730248824,534,534,67.0,0.14321223709369024
S일_C7_축(특보없음 & (파고≥1.5 또는 풍속≥10)),전복,dow5,1.3357778584875615,0.9469991995592277,1.8841647258583782,0.09900528334943814,534,534,98.0,0.14110898661567878
S일_C7_축(특보없음 & (파고≥1.5 또는 풍속≥10)),전복,dow6,1.2988552134961298,0.934839563633537,1.8046143223431237,0.11913403505581832,534,534,95.0,0.14193753983428936
S일_C7_축(특보없음 & (파고≥1.5 또는 풍속≥10)),전복,hol,1.3113927046626663,0.9117376861405879,1.8862342228302729,0.14380940871592074,534,534,39.0,0.05653282345442957
S일_C8_축(특보없음 & (파고≥2 또는 풍속≥12)),전복,nw_or_2.0_12,1.3437193293854206,0.7365161867649747,2.4515165703210444,0.3355087233237959,534,534,15.0,0.02307202039515615
S일_C8_축(특보없음 & (파고≥2 또는 풍속≥12)),전복,w_주의보,1.4461511924651649,1.1055734532683312,1.891645702314843,0.00709129135195985,534,534,98.0,0.15092415551306565
S일_C8_축(특보없음 & (파고≥2 또는 풍속≥12)),전복,w_경보,4.771515896834136,2.5481841824761893,8.934740318345733,1.0465428650352493e-06,534,534,31.0,0.017463352453792224
S일_C8_축(특보없음 & (파고≥2 또는 풍속≥12)),전복,dow1,1.0084035650823886,0.7198578446650862,1.412609111100225,0.9611894488570669,534,534,76.0,0.14378585086042064
S일_C8_축(특보없음 & (파고≥2 또는 풍속≥12)),전복,dow2,0.7581903284531998,0.517938218222076,1.1098863801425285,0.15451251515004438,534,534,55.0,0.14282982791586998
S일_C8_축(특보없음 & (파고≥2 또는 풍속≥12)),전복,dow3,0.9150684607395873,0.6352616233290695,1.3181187987591765,0.6336047061421404,534,534,66.0,0.1431485022307202
S일_C8_축(특보없음 & (파고≥2 또는 풍속≥12)),전복,dow4,0.9172982372861892,0.6360835452122605,1.322838898226118,0.6439777289778361,534,534,67.0,0.14321223709369024
S일_C8_축(특보없음 & (파고≥2 또는 풍속≥12)),전복,dow5,1.3363653008501848,0.947684153864237,1.8844593001100711,0.0982163884602183,534,534,98.0,0.14110898661567878
S일_C8_축(특보없음 & (파고≥2 또는 풍속≥12)),전복,dow6,1.3047152116664102,0.9398200306355718,1.8112848503585564,0.11202179923017774,534,534,95.0,0.14193753983428936
S일_C8_축(특보없음 & (파고≥2 또는 풍속≥12)),전복,hol,1.3101515757814939,0.9106461273603536,1.8849222545954922,0.1454921450450306,534,534,39.0,0.05653282345442957
S일_A1_달력,침수,dow1,1.014569904159428,0.830243445971129,1.2398195919776835,0.8875534829188871,1483,1483,202.0,0.14315779841698312
S일_A1_달력,침수,dow2,0.9707535468329296,0.7879842898627367,1.1959152749769517,0.7803178541859002,1483,1483,194.0,0.14361531774717481
S일_A1_달력,침수,dow3,1.0537880339758792,0.8572499248486489,1.2953856143490552,0.6188553305335891,1483,1483,209.0,0.1428604108523585
S일_A1_달력,침수,dow4,0.9518386797315946,0.7649683413320285,1.18435865026203,0.6580223616464007,1483,1483,190.0,0.14372969757972273
S일_A1_달력,침수,dow5,1.2235737466841627,1.0069318385750294,1.4868262738552422,0.042409369058039825,1483,1483,244.0,0.14219700782358055
S일_A1_달력,침수,dow6,1.2274434545000092,1.010759138301635,1.4905800767989745,0.038640877451359135,1483,1483,243.0,0.14137347302923547
S일_A1_달력,침수,hol,1.2337292222453893,0.9616317636128194,1.5828177181916063,0.09848510541596278,1483,1483,89.0,0.04968659925881869
S일_A2_특보유무(풍랑·태풍),침수,any_warn,1.2333552188441814,1.0597662262644836,1.4353779712456556,0.006727344451574968,1483,1483,291.0,0.1685272452761129
S일_A2_특보유무(풍랑·태풍),침수,dow1,1.0104816009684698,0.827043646926501,1.2346060207225609,0.9187412926819898,1483,1483,202.0,0.14315779841698312
S일_A2_특보유무(풍랑·태풍),침수,dow2,0.9750213942152954,0.7911746438999416,1.2015889620671003,0.812430475538465,1483,1483,194.0,0.14361531774717481
S일_A2_특보유무(풍랑·태풍),침수,dow3,1.060868932480509,0.862489300725708,1.3048775108924535,0.5758701701113571,1483,1483,209.0,0.1428604108523585
S일_A2_특보유무(풍랑·태풍),침수,dow4,0.9534448707360073,0.7663917705107526,1.1861519871579145,0.6687501827847044,1483,1483,190.0,0.14372969757972273
S일_A2_특보유무(풍랑·태풍),침수,dow5,1.2282747495252502,1.010413346304114,1.493110582752774,0.039018438250544296,1483,1483,244.0,0.14219700782358055
S일_A2_특보유무(풍랑·태풍),침수,dow6,1.2344216474436913,1.0161809075428472,1.499532998865506,0.03386215927119429,1483,1483,243.0,0.14137347302923547
S일_A2_특보유무(풍랑·태풍),침수,hol,1.2320414896303342,0.9609244991016315,1.5796519222786414,0.09983457122314698,1483,1483,89.0,0.04968659925881869
S일_A3_특보종류·수준,침수,wv_주의보,1.2098941536901513,1.0327915600490054,1.4173662138216436,0.01829574848008919,1483,1483,254.0,0.1499062085373107
S일_A3_특보종류·수준,침수,wv_경보,1.7839322583468926,1.1967497567619039,2.659214496923264,0.004485599041853305,1483,1483,32.0,0.013153680743011393
S일_A3_특보종류·수준,침수,ty_주의보,0.2703930846101326,0.03392651557324743,2.1550229656544735,0.21683458956347623,1483,1483,1.0,0.002333348583977673
S일_A3_특보종류·수준,침수,ty_경보,1.5654811021161341,0.8882368886394285,2.7590962641021286,0.12111688547529997,1483,1483,19.0,0.00805234021137393
S일_A3_특보종류·수준,침수,dow1,1.0170425601312456,0.8319214679455484,1.2433572265814168,0.8690583806942855,1483,1483,202.0,0.14315779841698312
S일_A3_특보종류·수준,침수,dow2,0.9815953193476592,0.7960963987456604,1.2103174596485828,0.8620027017331633,1483,1483,194.0,0.14361531774717481
S일_A3_특보종류·수준,침수,dow3,1.0632062537212477,0.8643425144311402,1.3078235989536375,0.5618397201110197,1483,1483,209.0,0.1428604108523585
S일_A3_특보종류·수준,침수,dow4,0.9596667131815398,0.771369345005456,1.1939289606876273,0.7118029715126262,1483,1483,190.0,0.14372969757972273
S일_A3_특보종류·수준,침수,dow5,1.234819619287144,1.0152943911026875,1.5018102193201517,0.03468792109326979,1483,1483,244.0,0.14219700782358055
S일_A3_특보종류·수준,침수,dow6,1.2363706797532437,1.017729856605416,1.5019825229969215,0.03259763946744609,1483,1483,243.0,0.14137347302923547
S일_A3_특보종류·수준,침수,hol,1.2385687242327204,0.9653783183773297,1.5890687158025294,0.09240222810648024,1483,1483,89.0,0.04968659925881869
S일_A3b_특보최고수준,침수,warn_주의보,1.1599758943682992,0.9868562052589839,1.3634651820043227,0.07193082314498067,1483,1483,241.0,0.14803037928352472
S일_A3b_특보최고수준,침수,warn_경보,1.8381868269199104,1.3143990899955766,2.5707038572837573,0.000374305975264555,1483,1483,50.0,0.020496865992588188
S일_A3b_특보최고수준,침수,dow1,1.0167139058045156,0.8320594878485387,1.2423476702719134,0.8712299876659941,1483,1483,202.0,0.14315779841698312
S일_A3b_특보최고수준,침수,dow2,0.9776406058414058,0.7932326535923772,1.2049190736934836,0.8320758127308796,1483,1483,194.0,0.14361531774717481
S일_A3b_특보최고수준,침수,dow3,1.062816313912986,0.8642266452097119,1.3070396792099428,0.56374498388156,1483,1483,209.0,0.1428604108523585
S일_A3b_특보최고수준,침수,dow4,0.9578884155760625,0.7700583080801905,1.191533429439047,0.6992364438051075,1483,1483,190.0,0.14372969757972273
S일_A3b_특보최고수준,침수,dow5,1.23242847874202,1.0136984998250382,1.49835474302914,0.03603908013230228,1483,1483,244.0,0.14219700782358055
S일_A3b_특보최고수준,침수,dow6,1.2350750576417933,1.0166529932396848,1.5004238497818005,0.033475531024497185,1483,1483,243.0,0.14137347302923547
S일_A3b_특보최고수준,침수,hol,1.2429491548194345,0.9686543469131741,1.5949162943309712,0.08733071172262163,1483,1483,89.0,0.04968659925881869
S일_B1_특보없는때_파고,침수,wh_max[0-0.5],0.9988962265227828,0.8482614163657859,1.1762808635530202,0.9894345916133351,1172,1172,562.0,0.4752649682597388
S일_B1_특보없는때_파고,침수,wh_max[1-1.5],0.8018302300976907,0.6480846282140293,0.9920490162994392,0.042002102571288,1172,1172,146.0,0.13803517995469672
S일_B1_특보없는때_파고,침수,wh_max[1.5-2],0.8044273567401525,0.57731236179218,1.1208895133703924,0.19853002008854426,1172,1172,54.0,0.050616627981766825
S일_B1_특보없는때_파고,침수,wh_max[2-2.5],0.42084829828660625,0.16904948736490855,1.047700841519959,0.06290478794715693,1172,1172,5.0,0.008361531362733857
S일_B1_특보없는때_파고,침수,wh_max[2.5-3],1.012959173536469,0.1420838692164736,7.221694432380497,0.9897488217487205,1172,1172,1.0,0.0007550546715512179
S일_B1_특보없는때_파고,침수,wh_max[3-4],5.099780031376592e-10,1.5935279579218572e-10,1.632086606271065e-09,0.0,1172,1172,0.0,0.0003076148661875332
S일_B1_특보없는때_파고,침수,wh_max[4+],5.355369912185209e-10,7.595308532589233e-11,3.776013413185421e-09,0.0,1172,1172,0.0,0.00011185995134092116
S일_B1_특보없는때_파고,침수,dow1,0.9075258193068235,0.722059484398178,1.140630558152668,0.40546342313817885,1172,1172,143.0,0.1391258144802707
S일_B1_특보없는때_파고,침수,dow2,0.9143618683711856,0.7230769609984105,1.156249848116905,0.4546839126376536,1172,1172,151.0,0.1447747420229872
S일_B1_특보없는때_파고,침수,dow3,1.0206128654303286,0.8116571381133408,1.2833628538069344,0.8614179887817706,1172,1172,171.0,0.14583741156072597
S일_B1_특보없는때_파고,침수,dow4,0.8736407700688841,0.6823617019106885,1.1185390284791383,0.2839613137353636,1172,1172,142.0,0.14236975306915742
S일_B1_특보없는때_파고,침수,dow5,1.2197030753226534,0.9835660885009243,1.5125324158124838,0.0704410494063481,1172,1172,201.0,0.1428171928745211
S일_B1_특보없는때_파고,침수,dow6,1.230838739083916,0.9887980624675733,1.532126790225548,0.06300424989444853,1172,1172,203.0,0.1439357923879303
S일_B1_특보없는때_파고,침수,hol,1.0300232597201586,0.7734518417231366,1.371705203003856,0.8396113244191346,1172,1172,59.0,0.04888279873598255
S일_B2_특보없는때_풍속,침수,ws_max[0-4],1.0297054412689164,0.8454633118563626,1.2540973462831335,0.7710282115720206,1172,1172,198.0,0.15422690791129506
S일_B2_특보없는때_풍속,침수,ws_max[6-8],0.8364126590031673,0.7134453645751587,0.9805742259708099,0.027679855363017758,1172,1172,291.0,0.2727704913448363
S일_B2_특보없는때_풍속,침수,ws_max[8-10],0.924240639535286,0.7706571695462433,1.1084316003594086,0.39549404201465377,1172,1172,220.0,0.18378590005313347
S일_B2_특보없는때_풍속,침수,ws_max[10-12],0.7251314560953683,0.5501886416680329,0.9557006248345093,0.022509198422388188,1172,1172,75.0,0.07810621102379821
S일_B2_특보없는때_풍속,침수,ws_max[12-14],0.7766035420441545,0.47000878509868665,1.283195294719635,0.3237526511195994,1172,1172,20.0,0.018876366788780446
S일_B2_특보없는때_풍속,침수,ws_max[14-17],0.7846571870637848,0.20335803073151304,3.027600626324529,0.7248281252731035,1172,1172,2.0,0.002013479124136581
S일_B2_특보없는때_풍속,침수,ws_max[17+],4.515488947927865e-09,1.1002346631551813e-09,1.8532083310651765e-08,0.0,1172,1172,0.0,5.592997567046058e-05
S일_B2_특보없는때_풍속,침수,dow1,0.9083913701698708,0.7228826543950451,1.141505991853761,0.4097114149580201,1172,1172,143.0,0.1391258144802707
S일_B2_특보없는때_풍속,침수,dow2,0.9153233347302312,0.7236709930039499,1.1577316421429342,0.4604353219874704,1172,1172,151.0,0.1447747420229872
S일_B2_특보없는때_풍속,침수,dow3,1.019582510938594,0.8104591666142227,1.2826660977315738,0.8684797171822172,1172,1172,171.0,0.14583741156072597
S일_B2_특보없는때_풍속,침수,dow4,0.8767138500396953,0.6852411542851018,1.121688576415581,0.2952958386986775,1172,1172,142.0,0.14236975306915742
S일_B2_특보없는때_풍속,침수,dow5,1.2209161670664062,0.9844721173282183,1.514147796333325,0.06914067117884093,1172,1172,201.0,0.1428171928745211
S일_B2_특보없는때_풍속,침수,dow6,1.2340641550649056,0.9917279096453531,1.535617102235896,0.05935840497095457,1172,1172,203.0,0.1439357923879303
S일_B2_특보없는때_풍속,침수,hol,1.0352584529773405,0.7782348576541996,1.3771678997926118,0.8118914208725296,1172,1172,59.0,0.04888279873598255
S일_B3_특보없는때_파고+풍속,침수,wh_max[0-0.5],0.9287428293707195,0.7656024584432619,1.1266463862477958,0.45321338386953025,1172,1172,562.0,0.4752649682597388
S일_B3_특보없는때_파고+풍속,침수,wh_max[1-1.5],0.8238701772466495,0.6581270715196615,1.0313541234356405,0.09091243770622515,1172,1172,146.0,0.13803517995469672
S일_B3_특보없는때_파고+풍속,침수,wh_max[1.5-2],0.8584952059449358,0.6029480337149543,1.2223508120417281,0.3973771633098786,1172,1172,54.0,0.050616627981766825
S일_B3_특보없는때_파고+풍속,침수,wh_max[2-2.5],0.4503463668584778,0.17647890052681597,1.1492130194442898,0.0951127894529793,1172,1172,5.0,0.008361531362733857
S일_B3_특보없는때_파고+풍속,침수,wh_max[2.5-3],1.0309873532014817,0.13542299997582363,7.848998491032966,0.9764925112009664,1172,1172,1.0,0.0007550546715512179
S일_B3_특보없는때_파고+풍속,침수,wh_max[3-4],5.33171203557733e-10,1.5278068570923098e-10,1.8606509781231193e-09,0.0,1172,1172,0.0,0.0003076148661875332
S일_B3_특보없는때_파고+풍속,침수,wh_max[4+],5.333247687721268e-10,4.643293494119833e-11,6.1257232467869054e-09,0.0,1172,1172,0.0,0.00011185995134092116
S일_B3_특보없는때_파고+풍속,침수,ws_max[0-4],1.0302286391380178,0.8458856829002497,1.2547452573746105,0.7671783775147336,1172,1172,198.0,0.15422690791129506
S일_B3_특보없는때_파고+풍속,침수,ws_max[6-8],0.8321463460182097,0.7031311090038393,0.9848341686552754,0.03253313845713124,1172,1172,291.0,0.2727704913448363
S일_B3_특보없는때_파고+풍속,침수,ws_max[8-10],0.9355657732973756,0.7552410663459712,1.1589456071295712,0.5420670039014563,1172,1172,220.0,0.18378590005313347
S일_B3_특보없는때_파고+풍속,침수,ws_max[10-12],0.766359574337813,0.5551333142969683,1.0579566782494596,0.10576263968331112,1172,1172,75.0,0.07810621102379821
S일_B3_특보없는때_파고+풍속,침수,ws_max[12-14],0.8899071227766997,0.5162709171029981,1.5339517701530918,0.6745834737961085,1172,1172,20.0,0.018876366788780446
S일_B3_특보없는때_파고+풍속,침수,ws_max[14-17],1.0083744951584506,0.258908089285467,3.9273362423409455,0.990407893059245,1172,1172,2.0,0.002013479124136581
S일_B3_특보없는때_파고+풍속,침수,ws_max[17+],0.8439448285944507,0.2075750999775592,3.431253911419612,0.8125822179387852,1172,1172,0.0,5.592997567046058e-05
S일_B3_특보없는때_파고+풍속,침수,dow1,0.9098457328398019,0.72393844666354,1.1434939826473065,0.4178381232128334,1172,1172,143.0,0.1391258144802707
S일_B3_특보없는때_파고+풍속,침수,dow2,0.9153623874816177,0.7235457169672156,1.158030903600819,0.4610632002313173,1172,1172,151.0,0.1447747420229872
S일_B3_특보없는때_파고+풍속,침수,dow3,1.0180763049611963,0.8092380224254859,1.2808090252814104,0.8784399854240936,1172,1172,171.0,0.14583741156072597
S일_B3_특보없는때_파고+풍속,침수,dow4,0.8745825894450663,0.6836804045863291,1.1187898623820411,0.28615264132215756,1172,1172,142.0,0.14236975306915742
S일_B3_특보없는때_파고+풍속,침수,dow5,1.221344955230788,0.9848102221629318,1.5146913243767124,0.06866294193398481,1172,1172,201.0,0.1428171928745211
S일_B3_특보없는때_파고+풍속,침수,dow6,1.2339919539984299,0.9913207766460895,1.5360680199649377,0.05983958236695197,1172,1172,203.0,0.1439357923879303
S일_B3_특보없는때_파고+풍속,침수,hol,1.0348156554746888,0.7775774193570972,1.37715346942673,0.8144375242622215,1172,1172,59.0,0.04888279873598255
S일_B4_특보없는때_파고연속(1m당),침수,wh_per1m,0.8304669852788539,0.6938825621620535,0.9939368003271384,0.042730118934221295,1172,1172,,
S일_B4_특보없는때_파고연속(1m당),침수,dow1,0.9076763294706214,0.7222124764805288,1.1407672200515802,0.4061719594244493,1172,1172,143.0,0.1391258144802707
S일_B4_특보없는때_파고연속(1m당),침수,dow2,0.9163501537578065,0.7246908828164544,1.158697624328509,0.4655928072885427,1172,1172,151.0,0.1447747420229872
S일_B4_특보없는때_파고연속(1m당),침수,dow3,1.02241729283833,0.813168651113652,1.2855108460751008,0.8494965983005001,1172,1172,171.0,0.14583741156072597
S일_B4_특보없는때_파고연속(1m당),침수,dow4,0.8751704592521414,0.6835170425870168,1.120562158697157,0.29035627903006755,1172,1172,142.0,0.14236975306915742
S일_B4_특보없는때_파고연속(1m당),침수,dow5,1.2213536471887096,0.9848409125473199,1.5146656810213386,0.06862215366839419,1172,1172,201.0,0.1428171928745211
S일_B4_특보없는때_파고연속(1m당),침수,dow6,1.2325890239309418,0.9904167339459896,1.53397620399847,0.060969247848376984,1172,1172,203.0,0.1439357923879303
S일_B4_특보없는때_파고연속(1m당),침수,hol,1.0311432027032392,0.7747331460183056,1.3724161796169887,0.8334780395361185,1172,1172,59.0,0.04888279873598255
S일_B5_특보없는때_풍속연속(1m/s당),침수,ws_per1ms,0.9738639421558538,0.9457331844128858,1.0028314470324067,0.07657200583415502,1172,1172,,
S일_B5_특보없는때_풍속연속(1m/s당),침수,dow1,0.9073801579472859,0.7219900704368687,1.1403740643389289,0.40455469117403364,1172,1172,143.0,0.1391258144802707
S일_B5_특보없는때_풍속연속(1m/s당),침수,dow2,0.9139184285741362,0.7227434157102209,1.1556617133158429,0.45219790930942194,1172,1172,151.0,0.1447747420229872
S일_B5_특보없는때_풍속연속(1m/s당),침수,dow3,1.0198073488198192,0.8107243390186446,1.2828121454523038,0.8669369808176852,1172,1172,171.0,0.14583741156072597
S일_B5_특보없는때_풍속연속(1m/s당),침수,dow4,0.8755941116971703,0.6838006288596786,1.1211821342095936,0.2922457079842866,1172,1172,142.0,0.14236975306915742
S일_B5_특보없는때_풍속연속(1m/s당),침수,dow5,1.22010590263402,0.9837967903312749,1.5131767335214612,0.07009961224806727,1172,1172,201.0,0.1428171928745211
S일_B5_특보없는때_풍속연속(1m/s당),침수,dow6,1.2312187792879834,0.9894177979479669,1.5321128097911096,0.062233055586071284,1172,1172,203.0,0.1439357923879303
S일_B5_특보없는때_풍속연속(1m/s당),침수,hol,1.0330752735809963,0.776293928794988,1.3747943675678282,0.8233908530122331,1172,1172,59.0,0.04888279873598255
S일_C1_특보있는때만_파고,침수,wh_max[2-3],0.8592982692965088,0.5371909411867021,1.3745457322582524,0.5269377963743727,285,285,47.0,0.24728789986091795
S일_C1_특보있는때만_파고,침수,wh_max[3-4],1.8934599094187423,1.1087771347291233,3.2334635304793706,0.019377636428886458,285,285,34.0,0.08762169680111266
S일_C1_특보있는때만_파고,침수,wh_max[4+],3.770756074109351,1.9474449811287071,7.301156904669879,8.247612467315868e-05,285,285,19.0,0.028372739916550763
S일_C1_특보있는때만_파고,침수,dow1,1.6262763885833937,1.012114259499013,2.613118891707923,0.04445603256538,285,285,54.0,0.16870653685674547
S일_C1_특보있는때만_파고,침수,dow2,1.203403304765195,0.7250337628018645,1.9973959672213883,0.47385659772105315,285,285,35.0,0.1407510431154381
S일_C1_특보있는때만_파고,침수,dow3,1.3629204578591727,0.7862279423520936,2.362612767099031,0.2699704692161018,285,285,37.0,0.1305980528511822
S일_C1_특보있는때만_파고,침수,dow4,1.5440032695361987,0.9421690364671605,2.530274296932453,0.0847759647447468,285,285,46.0,0.1474269819193324
S일_C1_특보있는때만_파고,침수,dow5,1.4223948046140298,0.8391653807981848,2.4109752695810456,0.1906340266240294,285,285,38.0,0.13630041724617525
S일_C1_특보있는때만_파고,침수,dow6,1.5112012455107355,0.9267063544015737,2.464350431596998,0.09794116986801127,285,285,40.0,0.12503477051460363
S일_C1_특보있는때만_파고,침수,hol,2.769903322446161,1.502055472531421,5.107910164441538,0.0011024692874594955,285,285,29.0,0.0525730180806676
S일_C2_특보있는때만_풍속,침수,ws_max[10-14],0.7456821886551255,0.5227091713421678,1.0637692180715739,0.10545675576899471,285,285,112.0,0.49944367176634213
S일_C2_특보있는때만_풍속,침수,ws_max[14-17],1.6915794805341162,1.068131904206815,2.678921140445618,0.02502665713548824,285,285,65.0,0.16620305980528513
S일_C2_특보있는때만_풍속,침수,ws_max[17+],3.081732902704858,1.5871936727741605,5.9835657402882285,0.0008854041102912547,285,285,25.0,0.03894297635605007
S일_C2_특보있는때만_풍속,침수,dow1,1.6696668012073121,1.043547816350212,2.671451354097112,0.03253611015066604,285,285,54.0,0.16870653685674547
S일_C2_특보있는때만_풍속,침수,dow2,1.1974847675487632,0.7307921262784337,1.9622129425693473,0.4744397790867947,285,285,35.0,0.1407510431154381
S일_C2_특보있는때만_풍속,침수,dow3,1.3678905684450573,0.7870158646705784,2.3774928705206464,0.26666651958330356,285,285,37.0,0.1305980528511822
S일_C2_특보있는때만_풍속,침수,dow4,1.6348630619719016,0.9915523410762084,2.695548304085663,0.054011124381923015,285,285,46.0,0.1474269819193324
S일_C2_특보있는때만_풍속,침수,dow5,1.5393015764266507,0.8943955144913454,2.6492187234828757,0.11944726447567788,285,285,38.0,0.13630041724617525
S일_C2_특보있는때만_풍속,침수,dow6,1.7446587964305686,1.0685937391119245,2.848448577372536,0.026063961038344186,285,285,40.0,0.12503477051460363
S일_C2_특보있는때만_풍속,침수,hol,2.656553670262533,1.3902076927395193,5.076419473034556,0.003105012862481882,285,285,29.0,0.0525730180806676
S일_C3_축(특보없음 파고구간 vs 특보),침수,nw_wh_1.5-2,0.9050002469755815,0.6596690780129432,1.241570166503687,0.5360800492555462,1457,1457,54.0,0.04214300682204475
S일_C3_축(특보없음 파고구간 vs 특보),침수,nw_wh_2-3,0.5435566542566677,0.2390343280597241,1.2360309867831274,0.14582556034181282,1457,1457,6.0,0.007590397913804745
S일_C3_축(특보없음 파고구간 vs 특보),침수,nw_wh_3+,5.95606051932137e-10,2.3007692676671985e-10,1.541860690176347e-09,0.0,1457,1457,0.0,0.0003492514377517521
S일_C3_축(특보없음 파고구간 vs 특보),침수,w_주의보,1.158780772616534,0.982115860508775,1.3672245128901204,0.0807809839452247,1457,1457,236.0,0.14670888728491932
S일_C3_축(특보없음 파고구간 vs 특보),침수,w_경보,1.7949764069532659,1.279025037342604,2.5190596020020024,0.0007161669146258376,1457,1457,49.0,0.020698968544087173
S일_C3_축(특보없음 파고구간 vs 특보),침수,dow1,1.005699495829781,0.8225870134584625,1.2295738436956842,0.9558009041434923,1457,1457,197.0,0.14407785978718946
S일_C3_축(특보없음 파고구간 vs 특보),침수,dow2,0.952912655581819,0.7729629125894525,1.174755624595261,0.6514937078052472,1457,1457,186.0,0.1441011432163729
S일_C3_축(특보없음 파고구간 vs 특보),침수,dow3,1.0762887792624043,0.8751451403903121,1.3236633364032786,0.48610994417076814,1457,1457,208.0,0.14328622319495216
S일_C3_축(특보없음 파고구간 vs 특보),침수,dow4,0.9722417325632464,0.7818506716961107,1.208995554722736,0.8001384849231057,1457,1457,188.0,0.1432163729074018
S일_C3_축(특보없음 파고구간 vs 특보),침수,dow5,1.2394718768970663,1.0197661348381002,1.5065126023847029,0.031034974582144326,1457,1457,239.0,0.14172623343966098
S일_C3_축(특보없음 파고구간 vs 특보),침수,dow6,1.2686940632215438,1.0446241158532117,1.5408266012880039,0.01638070885149645,1457,1457,243.0,0.14077161284313955
S일_C3_축(특보없음 파고구간 vs 특보),침수,hol,1.2564409206477138,0.9775958647646413,1.6148224884913327,0.07458290043868754,1457,1457,88.0,0.04950057044401499
S일_C4_축(특보없음 풍속구간 vs 특보),침수,nw_ws_10-12,0.7956409150582212,0.6135687265401004,1.0317417403008893,0.08465289837848111,1457,1457,75.0,0.06503061770937624
S일_C4_축(특보없음 풍속구간 vs 특보),침수,nw_ws_12-14,0.8596367348856354,0.5280369550310473,1.3994765118691097,0.543002376730999,1457,1457,20.0,0.015716314698828844
S일_C4_축(특보없음 풍속구간 vs 특보),침수,nw_ws_14+,0.7872365088628581,0.20117062288636417,3.080675060774932,0.7311004345966781,1457,1457,2.0,0.0017229737595753102
S일_C4_축(특보없음 풍속구간 vs 특보),침수,w_주의보,1.1494085249588868,0.9754823907615308,1.3543452652351708,0.09622027243823217,1457,1457,236.0,0.14670888728491932
S일_C4_축(특보없음 풍속구간 vs 특보),침수,w_경보,1.7830861437599657,1.270797284623808,2.501890926694871,0.0008175676970862966,1457,1457,49.0,0.020698968544087173
S일_C4_축(특보없음 풍속구간 vs 특보),침수,dow1,1.0056644985091225,0.8226146782910512,1.229446921203335,0.9560563191281353,1457,1457,197.0,0.14407785978718946
S일_C4_축(특보없음 풍속구간 vs 특보),침수,dow2,0.9526798132831278,0.7727096130573992,1.1745665011802513,0.6499757532897776,1457,1457,186.0,0.1441011432163729
S일_C4_축(특보없음 풍속구간 vs 특보),침수,dow3,1.0754772422996646,0.8743299022771022,1.3229003099311967,0.4909670144564058,1457,1457,208.0,0.14328622319495216
S일_C4_축(특보없음 풍속구간 vs 특보),침수,dow4,0.9749518559617071,0.7841287609267474,1.2122130558248647,0.8194395845069404,1457,1457,188.0,0.1432163729074018
S일_C4_축(특보없음 풍속구간 vs 특보),침수,dow5,1.2392610585897068,1.0194928895295619,1.5064038083144946,0.031253138003034975,1457,1457,239.0,0.14172623343966098
S일_C4_축(특보없음 풍속구간 vs 특보),침수,dow6,1.2722592643104809,1.0475795951394655,1.5451271131415596,0.015146307965685946,1457,1457,243.0,0.14077161284313955
S일_C4_축(특보없음 풍속구간 vs 특보),침수,hol,1.257059029501111,0.9777785855861509,1.616109645828448,0.07431102013828284,1457,1457,88.0,0.04950057044401499
"S일_C5_축세분(파고, 기준: 특보없음·1m미만)",침수,nw_wh_1.0-1.5,0.8579984034685032,0.7039071843433123,1.045821490004081,0.1294183828463913,1457,1457,146.0,0.11492700644950989
"S일_C5_축세분(파고, 기준: 특보없음·1m미만)",침수,nw_wh_1.5-2.0,0.8651239341378155,0.6270457175674261,1.1935962569389715,0.3776170708791411,1457,1457,54.0,0.04214300682204475
"S일_C5_축세분(파고, 기준: 특보없음·1m미만)",침수,nw_wh_2.0-2.5,0.47288609713698104,0.19266244805912078,1.1606893980544946,0.1021063474405075,1457,1457,5.0,0.0069617453258515915
"S일_C5_축세분(파고, 기준: 특보없음·1m미만)",침수,nw_wh_2.5-99,0.6528395603206602,0.08277907171444211,5.148638208820547,0.6856901710641135,1457,1457,1.0,0.0009779040257049058
"S일_C5_축세분(파고, 기준: 특보없음·1m미만)",침수,w_주의보,1.124944734743446,0.9478032309913323,1.335193439785367,0.17805463205278627,1457,1457,236.0,0.14670888728491932
"S일_C5_축세분(파고, 기준: 특보없음·1m미만)",침수,w_경보,1.742732992163476,1.24124708675675,2.4468281250196022,0.001335318296475041,1457,1457,49.0,0.020698968544087173
"S일_C5_축세분(파고, 기준: 특보없음·1m미만)",침수,dow1,1.0067986023103739,0.8235136673646422,1.230876263241534,0.9473088087427763,1457,1457,197.0,0.14407785978718946
"S일_C5_축세분(파고, 기준: 특보없음·1m미만)",침수,dow2,0.9534818536329714,0.7734302001859976,1.1754488575552604,0.6555168955886235,1457,1457,186.0,0.1441011432163729
"S일_C5_축세분(파고, 기준: 특보없음·1m미만)",침수,dow3,1.0738696087687485,0.8733265569907576,1.3204636082644046,0.4992017691777382,1457,1457,208.0,0.14328622319495216
"S일_C5_축세분(파고, 기준: 특보없음·1m미만)",침수,dow4,0.9705160410651628,0.7804921912149864,1.2068043685338425,0.7877826261432541,1457,1457,188.0,0.1432163729074018
"S일_C5_축세분(파고, 기준: 특보없음·1m미만)",침수,dow5,1.2388455014890947,1.0193099662864165,1.5056638582188842,0.031382665520788944,1457,1457,239.0,0.14172623343966098
"S일_C5_축세분(파고, 기준: 특보없음·1m미만)",침수,dow6,1.2703299470595155,1.0457768046028095,1.5430999877733338,0.015908289269604525,1457,1457,243.0,0.14077161284313955
"S일_C5_축세분(파고, 기준: 특보없음·1m미만)",침수,hol,1.2580873255307978,0.9786443519162905,1.6173226929292293,0.07320462159107755,1457,1457,88.0,0.04950057044401499
"S일_C6_축세분(풍속, 기준: 특보없음·8m/s미만)",침수,nw_ws_8-10,1.0001777578891555,0.8495349770194358,1.1775330909692396,0.9982972569746262,1457,1457,220.0,0.15301869659363432
"S일_C6_축세분(풍속, 기준: 특보없음·8m/s미만)",침수,nw_ws_10-12,0.7956784226625279,0.6111963334126782,1.0358441595284538,0.08944710598017425,1457,1457,75.0,0.06503061770937624
"S일_C6_축세분(풍속, 기준: 특보없음·8m/s미만)",침수,nw_ws_12-14,0.8596788507577079,0.5269433881491457,1.4025182648860068,0.544882925985096,1457,1457,20.0,0.015716314698828844
"S일_C6_축세분(풍속, 기준: 특보없음·8m/s미만)",침수,nw_ws_14-99,0.7872797250452845,0.20109440598141223,3.0821810405042775,0.7312418958274893,1457,1457,2.0,0.0017229737595753102
"S일_C6_축세분(풍속, 기준: 특보없음·8m/s미만)",침수,w_주의보,1.1494543197428286,0.9704345495631279,1.3614985511081088,0.10684150050780361,1457,1457,236.0,0.14670888728491932
"S일_C6_축세분(풍속, 기준: 특보없음·8m/s미만)",침수,w_경보,1.7831595671252372,1.268642992935982,2.506345803772326,0.0008686771397869997,1457,1457,49.0,0.020698968544087173
"S일_C6_축세분(풍속, 기준: 특보없음·8m/s미만)",침수,dow1,1.00566388119791,0.8226156210140677,1.2294440028981026,0.9560607052571231,1457,1457,197.0,0.14407785978718946
"S일_C6_축세분(풍속, 기준: 특보없음·8m/s미만)",침수,dow2,0.9526835242985268,0.7726135277238054,1.1747217268428587,0.6502019665966463,1457,1457,186.0,0.1441011432163729
"S일_C6_축세분(풍속, 기준: 특보없음·8m/s미만)",침수,dow3,1.0754837973056741,0.8741399424501775,1.3232039197579142,0.4913980169985299,1457,1457,208.0,0.14328622319495216
"S일_C6_축세분(풍속, 기준: 특보없음·8m/s미만)",침수,dow4,0.9749554162016025,0.7842648004959261,1.212011635585037,0.8193266922463998,1457,1457,188.0,0.1432163729074018
"S일_C6_축세분(풍속, 기준: 특보없음·8m/s미만)",침수,dow5,1.23926180313445,1.0194998049365216,1.5063954002459785,0.03124731376594858,1457,1457,239.0,0.14172623343966098
"S일_C6_축세분(풍속, 기준: 특보없음·8m/s미만)",침수,dow6,1.2722591839472068,1.0475807230142835,1.5451252543866665,0.015145739411902337,1457,1457,243.0,0.14077161284313955
"S일_C6_축세분(풍속, 기준: 특보없음·8m/s미만)",침수,hol,1.2570575649507079,0.9777612580962359,1.616134520073481,0.07433158261933093,1457,1457,88.0,0.04950057044401499
S일_C7_축(특보없음 & (파고≥1.5 또는 풍속≥10)),침수,nw_or_1.5_10,0.8402575996237801,0.6829562077370638,1.0337893202038766,0.09981099387272963,1457,1457,131.0,0.1077324268318238
S일_C7_축(특보없음 & (파고≥1.5 또는 풍속≥10)),침수,w_주의보,1.145402268278901,0.971094812042494,1.3509971837034611,0.10701308677540267,1457,1457,236.0,0.14670888728491932
S일_C7_축(특보없음 & (파고≥1.5 또는 풍속≥10)),침수,w_경보,1.776026715931852,1.2653990053407642,2.492708530977747,0.0008970267956140976,1457,1457,49.0,0.020698968544087173
S일_C7_축(특보없음 & (파고≥1.5 또는 풍속≥10)),침수,dow1,1.0064596947651743,0.8233069187089568,1.2303566193458588,0.9499021656912028,1457,1457,197.0,0.14407785978718946
S일_C7_축(특보없음 & (파고≥1.5 또는 풍속≥10)),침수,dow2,0.9527675312387762,0.7727734945686188,1.174685693755024,0.6506109239069797,1457,1457,186.0,0.1441011432163729
S일_C7_축(특보없음 & (파고≥1.5 또는 풍속≥10)),침수,dow3,1.0761072347801057,0.8748991701252513,1.3235888434781624,0.48734754153241444,1457,1457,208.0,0.14328622319495216
S일_C7_축(특보없음 & (파고≥1.5 또는 풍속≥10)),침수,dow4,0.9740906418856722,0.7834545318238264,1.2111137788690551,0.8132436805300851,1457,1457,188.0,0.1432163729074018
S일_C7_축(특보없음 & (파고≥1.5 또는 풍속≥10)),침수,dow5,1.2397017333064324,1.0198338428975466,1.5069713544673644,0.03099237093618945,1457,1457,239.0,0.14172623343966098
S일_C7_축(특보없음 & (파고≥1.5 또는 풍속≥10)),침수,dow6,1.2715869754673421,1.047039886551549,1.5442902003510028,0.015363492389905975,1457,1457,243.0,0.14077161284313955
S일_C7_축(특보없음 & (파고≥1.5 또는 풍속≥10)),침수,hol,1.2562121365884449,0.9772551589006447,1.614797238714341,0.07500766512030177,1457,1457,88.0,0.04950057044401499
S일_C8_축(특보없음 & (파고≥2 또는 풍속≥12)),침수,nw_or_2.0_12,0.8119955395985438,0.534352839704978,1.233897730742775,0.32930790401258037,1457,1457,26.0,0.022352092016112133
S일_C8_축(특보없음 & (파고≥2 또는 풍속≥12)),침수,w_주의보,1.1670654605798954,0.9908241591921237,1.3746554084723919,0.06436594852595845,1457,1457,236.0,0.14670888728491932
S일_C8_축(특보없음 & (파고≥2 또는 풍속≥12)),침수,w_경보,1.8109978545613759,1.2901567934377578,2.5421043751486723,0.0005981008105724328,1457,1457,49.0,0.020698968544087173
S일_C8_축(특보없음 & (파고≥2 또는 풍속≥12)),침수,dow1,1.0055866882829843,0.822513166445805,1.2294083899246218,0.9566675940175944,1457,1457,197.0,0.14407785978718946
S일_C8_축(특보없음 & (파고≥2 또는 풍속≥12)),침수,dow2,0.9536513577281299,0.7735472243157531,1.175688934701003,0.6567604240405891,1457,1457,186.0,0.1441011432163729
S일_C8_축(특보없음 & (파고≥2 또는 풍속≥12)),침수,dow3,1.076895983825865,0.8756715999610716,1.3243605936652885,0.4826919749023857,1457,1457,208.0,0.14328622319495216
S일_C8_축(특보없음 & (파고≥2 또는 풍속≥12)),침수,dow4,0.9729418157283785,0.7823983966310986,1.2098897196988556,0.8051618167934591,1457,1457,188.0,0.1432163729074018
S일_C8_축(특보없음 & (파고≥2 또는 풍속≥12)),침수,dow5,1.2400058414817046,1.020200923294632,1.507168295773724,0.030702948202109948,1457,1457,239.0,0.14172623343966098
S일_C8_축(특보없음 & (파고≥2 또는 풍속≥12)),침수,dow6,1.2708978111400506,1.0464492615971448,1.5434873965082634,0.015608170764351836,1457,1457,243.0,0.14077161284313955
S일_C8_축(특보없음 & (파고≥2 또는 풍속≥12)),침수,hol,1.256674369185536,0.9777419426330813,1.6151812674773482,0.07438899666266474,1457,1457,88.0,0.04950057044401499
S일_A1_달력,침몰,dow1,1.3602940904984897,0.7469281120862769,2.4773468593606442,0.3144078467839202,204,204,29.0,0.14219114219114218
S일_A1_달력,침몰,dow2,1.3005668611226033,0.708781316291958,2.386454215666087,0.396121285992896,204,204,28.0,0.14385614385614387
S일_A1_달력,침몰,dow3,1.3324164558339895,0.7409755959662797,2.3959407319779014,0.33774346974318314,204,204,29.0,0.14552114552114553
S일_A1_달력,침몰,dow4,1.474611460351218,0.8127762918685386,2.6753720313373255,0.20127518789079457,204,204,32.0,0.1445221445221445
S일_A1_달력,침몰,dow5,1.4959345551995087,0.8238622924892393,2.7162551482706445,0.18571346510670717,204,204,32.0,0.14202464202464202
S일_A1_달력,침몰,dow6,1.5531886998632298,0.8696793217875491,2.7738904179351587,0.1367255152122735,204,204,33.0,0.14102564102564102
S일_A1_달력,침몰,hol,1.0820328620479875,0.5049207401473311,2.31877009886766,0.8393362540610627,204,204,11.0,0.05111555111555111
S일_A2_특보유무(풍랑·태풍),침몰,any_warn,1.2761400482640761,0.8444123667588463,1.928599682918343,0.24713565520979253,204,204,45.0,0.1864801864801865
S일_A2_특보유무(풍랑·태풍),침몰,dow1,1.3583212934046909,0.745927152017714,2.4734811316705865,0.31660673854948973,204,204,29.0,0.14219114219114218
S일_A2_특보유무(풍랑·태풍),침몰,dow2,1.310345345282966,0.7141387414596141,2.404301607269455,0.38276536308292064,204,204,28.0,0.14385614385614387
S일_A2_특보유무(풍랑·태풍),침몰,dow3,1.3439322651933119,0.7464533057559476,2.4196475780872855,0.324478771547823,204,204,29.0,0.14552114552114553
S일_A2_특보유무(풍랑·태풍),침몰,dow4,1.48083309601608,0.8154234027682233,2.6892368440888017,0.19715333375301736,204,204,32.0,0.1445221445221445
S일_A2_특보유무(풍랑·태풍),침몰,dow5,1.501676235615438,0.8268911932949217,2.727120006716368,0.181682214442473,204,204,32.0,0.14202464202464202
S일_A2_특보유무(풍랑·태풍),침몰,dow6,1.5588050400425038,0.8719729490280226,2.786638227218472,0.13419162614577296,204,204,33.0,0.14102564102564102
S일_A2_특보유무(풍랑·태풍),침몰,hol,1.0850670805834217,0.5084938370257747,2.3154077466353846,0.8327927976577543,204,204,11.0,0.05111555111555111
S일_A3_특보종류·수준,침몰,wv_주의보,1.174101985268557,0.7499988348058595,1.8380234846210148,0.4827353694304115,204,204,36.0,0.1655011655011655
S일_A3_특보종류·수준,침몰,wv_경보,3.1367519248360836,1.2250527125439057,8.03166470896675,0.017165144804685895,204,204,8.0,0.016317016317016316
S일_A3_특보종류·수준,침몰,ty_주의보,7.012930952571572e-10,3.686510410536173e-10,1.3340854919322855e-09,0.0,204,204,0.0,0.002664002664002664
S일_A3_특보종류·수준,침몰,ty_경보,0.9630492909164469,0.21626646635689617,4.288524024820903,0.9605942158285015,204,204,2.0,0.008491508491508492
S일_A3_특보종류·수준,침몰,dow1,1.3559417364676802,0.7443883357159257,2.4699177895187066,0.3196370116966252,204,204,29.0,0.14219114219114218
S일_A3_특보종류·수준,침몰,dow2,1.3129240393594785,0.7121831252871191,2.420402101542445,0.38299354655139295,204,204,28.0,0.14385614385614387
S일_A3_특보종류·수준,침몰,dow3,1.3455938445683824,0.7486755534806431,2.4184345089439776,0.3210288697255099,204,204,29.0,0.14552114552114553
S일_A3_특보종류·수준,침몰,dow4,1.5107065763452623,0.837562810379649,2.72485159504436,0.17038234774980632,204,204,32.0,0.1445221445221445
S일_A3_특보종류·수준,침몰,dow5,1.5184387255730303,0.8395104149961508,2.7464294928734385,0.16714872301987316,204,204,32.0,0.14202464202464202
S일_A3_특보종류·수준,침몰,dow6,1.5784839258268968,0.8896621805809822,2.8006265282253295,0.11867708770672247,204,204,33.0,0.14102564102564102
S일_A3_특보종류·수준,침몰,hol,1.082897892409074,0.5079017054636927,2.30884801678982,0.8366552589301186,204,204,11.0,0.05111555111555111
S일_A3b_특보최고수준,침몰,warn_주의보,1.1667634744457707,0.7453200974589017,1.8265132121649696,0.49998805934931223,204,204,36.0,0.16283716283716285
S일_A3b_특보최고수준,침몰,warn_경보,2.319651047607595,0.9591546715609774,5.609920007906602,0.061839566223906406,204,204,9.0,0.023643023643023644
S일_A3b_특보최고수준,침몰,dow1,1.3769509292613433,0.760297868908938,2.493751382355595,0.2911433293932233,204,204,29.0,0.14219114219114218
S일_A3b_특보최고수준,침몰,dow2,1.3206395394312465,0.7214259751456669,2.4175575224568493,0.36730216934098214,204,204,28.0,0.14385614385614387
S일_A3b_특보최고수준,침몰,dow3,1.3612615183140941,0.7590997353715317,2.4410928299637065,0.30065924599350424,204,204,29.0,0.14552114552114553
S일_A3b_특보최고수준,침몰,dow4,1.5077166275941747,0.8352498338964346,2.721592195378771,0.17301447635819334,204,204,32.0,0.1445221445221445
S일_A3b_특보최고수준,침몰,dow5,1.5229646562393482,0.843309277329381,2.750380443458957,0.16304938535586522,204,204,32.0,0.14202464202464202
S일_A3b_특보최고수준,침몰,dow6,1.5783320236311382,0.8885972792041706,2.8034431739996166,0.11946325812776948,204,204,33.0,0.14102564102564102
S일_A3b_특보최고수준,침몰,hol,1.0959644862714317,0.5112355803211667,2.3494807509556126,0.8137988981992481,204,204,11.0,0.05111555111555111
S일_B1_특보없는때_파고,침몰,wh_max[0-0.5],0.8908657787614718,0.5805465949662494,1.3670596686807246,0.5968537170711403,159,159,70.0,0.4547320878669678
S일_B1_특보없는때_파고,침몰,wh_max[1-1.5],0.8940566640665265,0.5161161153979361,1.5487548144964636,0.6895347915115599,159,159,20.0,0.15520427017039623
S일_B1_특보없는때_파고,침몰,wh_max[1.5-2],1.96578521957934,0.8955417447127915,4.3150546050267184,0.09199588925868296,159,159,14.0,0.04803941695750359
S일_B1_특보없는때_파고,침몰,wh_max[2-2.5],2.0384487916659237,0.47049800105365314,8.83164958605301,0.34105778578655,159,159,2.0,0.008417162800246356
S일_B1_특보없는때_파고,침몰,wh_max[2.5-3],2.204587702259274e-09,4.3697296110577907e-10,1.11224431934046e-08,0.0,159,159,0.0,0.0006158899609936358
S일_B1_특보없는때_파고,침몰,wh_max[3-4],1.0000005484756664,1.0000005484756664,1.0000005484756664,,159,159,0.0,0.0
S일_B1_특보없는때_파고,침몰,wh_max[4+],0.9999991594245071,0.9999976326276581,1.0000006862236874,0.2805549646624905,159,159,0.0,0.0
S일_B1_특보없는때_파고,침몰,dow1,1.131638097084506,0.5696772239620315,2.2479480114486603,0.7239751776611709,159,159,21.0,0.13980702114555532
S일_B1_특보없는때_파고,침몰,dow2,1.2127388880530336,0.6279558688796295,2.342100270867965,0.5657007858488541,159,159,23.0,0.14576062410182714
S일_B1_특보없는때_파고,침몰,dow3,1.1377760049125862,0.5977289360361295,2.1657546745847984,0.6943006131171237,159,159,22.0,0.14904537056045986
S일_B1_특보없는때_파고,침몰,dow4,1.4145879825785062,0.7408538331874565,2.701017489301705,0.29323973983895213,159,159,26.0,0.1441182508725108
S일_B1_특보없는때_파고,침몰,dow5,1.3537711772041543,0.7013442325796105,2.613119656645483,0.366675976200753,159,159,24.0,0.1418599876822008
S일_B1_특보없는때_파고,침몰,dow6,1.4403556092429997,0.7659757114904865,2.708472670812017,0.25741327475276643,159,159,26.0,0.14042291110654898
S일_B1_특보없는때_파고,침몰,hol,0.7377994493097463,0.27249453474970176,1.99764750475371,0.5495966754696466,159,159,6.0,0.05050297680147814
S일_B2_특보없는때_풍속,침몰,ws_max[0-4],1.3050607477113476,0.7540823260885051,2.2586175226403626,0.3413984588076513,159,159,22.0,0.14042291110654898
S일_B2_특보없는때_풍속,침몰,ws_max[6-8],1.3580816753264287,0.821378996751896,2.245474798054217,0.2328610088031915,159,159,41.0,0.2623691233832888
S일_B2_특보없는때_풍속,침몰,ws_max[8-10],1.7541190245819476,1.0379479963247886,2.9644390309488173,0.03580592995643617,159,159,37.0,0.19133648121535618
S일_B2_특보없는때_풍속,침몰,ws_max[10-12],1.9732549037980034,1.082794559364636,3.596005245581987,0.026433190642492388,159,159,19.0,0.09012523095873537
S일_B2_특보없는때_풍속,침몰,ws_max[12-14],1.7613569718285982,0.6854182046576837,4.526256176342181,0.23976243014260645,159,159,5.0,0.024635598439745433
S일_B2_특보없는때_풍속,침몰,ws_max[14-17],2.684710552539781e-09,1.1638043039330997e-09,6.193198226334093e-09,0.0,159,159,0.0,0.0018476698829809075
S일_B2_특보없는때_풍속,침몰,ws_max[17+],0.9999998270144658,0.9999998270144658,0.9999998270144658,,159,159,0.0,0.0
S일_B2_특보없는때_풍속,침몰,dow1,1.1876147429688788,0.6011225387561063,2.3463248951463616,0.6206325467973981,159,159,21.0,0.13980702114555532
S일_B2_특보없는때_풍속,침몰,dow2,1.268063879829378,0.6577938158248445,2.4445137133306605,0.47820428210472743,159,159,23.0,0.14576062410182714
S일_B2_특보없는때_풍속,침몰,dow3,1.2105989083517457,0.63342051612791,2.3137073706758375,0.563061497457042,159,159,22.0,0.14904537056045986
S일_B2_특보없는때_풍속,침몰,dow4,1.4477285591150584,0.753800038566045,2.780469452965844,0.2664848741142194,159,159,26.0,0.1441182508725108
S일_B2_특보없는때_풍속,침몰,dow5,1.4226904837196521,0.7313871325718938,2.7674102022399167,0.29902405824317,159,159,24.0,0.1418599876822008
S일_B2_특보없는때_풍속,침몰,dow6,1.500618540949715,0.7988722372563495,2.8187936699062623,0.20699733409896326,159,159,26.0,0.14042291110654898
S일_B2_특보없는때_풍속,침몰,hol,0.7475393608343842,0.2791525648566991,2.0018268371760914,0.5626121880458994,159,159,6.0,0.05050297680147814
S일_B3_특보없는때_파고+풍속,침몰,wh_max[0-0.5],1.2206686675256502,0.6929802800852042,2.150179505390315,0.4899982758829129,159,159,70.0,0.4547320878669678
S일_B3_특보없는때_파고+풍속,침몰,wh_max[1-1.5],0.7902392493719615,0.443793934774458,1.4071352091941711,0.4238695136736137,159,159,20.0,0.15520427017039623
S일_B3_특보없는때_파고+풍속,침몰,wh_max[1.5-2],1.5676016480980497,0.6762567107456604,3.6337900801163925,0.2946235750197457,159,159,14.0,0.04803941695750359
S일_B3_특보없는때_파고+풍속,침몰,wh_max[2-2.5],1.5384217259680975,0.33696697956075455,7.023659736677375,0.5782186999130399,159,159,2.0,0.008417162800246356
S일_B3_특보없는때_파고+풍속,침몰,wh_max[2.5-3],6.234869446902653e-10,1.1362184049056035e-10,3.4213137942568176e-09,0.0,159,159,0.0,0.0006158899609936358
S일_B3_특보없는때_파고+풍속,침몰,wh_max[3-4],0.9999851228264763,0.999975401643419,0.9999948441040373,0.002704036841750801,159,159,0.0,0.0
S일_B3_특보없는때_파고+풍속,침몰,wh_max[4+],0.9999997051444993,0.9999997051444993,0.9999997051444993,,159,159,0.0,0.0
S일_B3_특보없는때_파고+풍속,침몰,ws_max[0-4],1.2725664687873464,0.7321732939981047,2.211806181346582,0.3927430475648386,159,159,22.0,0.14042291110654898
S일_B3_특보없는때_파고+풍속,침몰,ws_max[6-8],1.440431373114992,0.8404242731021712,2.4688036829246847,0.18431730959613235,159,159,41.0,0.2623691233832888
S일_B3_특보없는때_파고+풍속,침몰,ws_max[8-10],1.9675519714380778,1.0166768405484803,3.8077593645404435,0.04452673345288405,159,159,37.0,0.19133648121535618
S일_B3_특보없는때_파고+풍속,침몰,ws_max[10-12],2.087016390797601,0.9630920404143738,4.522555719164512,0.062225074831649074,159,159,19.0,0.09012523095873537
S일_B3_특보없는때_파고+풍속,침몰,ws_max[12-14],1.9094529058309728,0.637214341730955,5.72179588689447,0.2480204042221965,159,159,5.0,0.024635598439745433
S일_B3_특보없는때_파고+풍속,침몰,ws_max[14-17],7.983089797850469e-10,2.634104714243338e-10,2.4194073369953696e-09,0.0,159,159,0.0,0.0018476698829809075
S일_B3_특보없는때_파고+풍속,침몰,ws_max[17+],0.9999990976143097,0.9999988454282962,0.9999993498003868,2.326361325799553e-12,159,159,0.0,0.0
S일_B3_특보없는때_파고+풍속,침몰,dow1,1.1482472437262963,0.5750095842184025,2.2929560983182653,0.6952349508915503,159,159,21.0,0.13980702114555532
S일_B3_특보없는때_파고+풍속,침몰,dow2,1.2434264403850264,0.6414408441712832,2.410369290789536,0.5188337643813885,159,159,23.0,0.14576062410182714
S일_B3_특보없는때_파고+풍속,침몰,dow3,1.1911263513129813,0.621907124238825,2.2813406206411853,0.5978468755622746,159,159,22.0,0.14904537056045986
S일_B3_특보없는때_파고+풍속,침몰,dow4,1.4146730424596097,0.7368894225508961,2.71587534820898,0.2971899493961865,159,159,26.0,0.1441182508725108
S일_B3_특보없는때_파고+풍속,침몰,dow5,1.3818588175484838,0.7079698458516913,2.697196501835915,0.34319390470693945,159,159,24.0,0.1418599876822008
S일_B3_특보없는때_파고+풍속,침몰,dow6,1.485015596373026,0.7896976194491043,2.7925515629761413,0.21973589826795425,159,159,26.0,0.14042291110654898
S일_B3_특보없는때_파고+풍속,침몰,hol,0.7329240196035666,0.27023380489681453,1.9878253896360742,0.5416177136152838,159,159,6.0,0.05050297680147814
S일_B4_특보없는때_파고연속(1m당),침몰,wh_per1m,1.5650406697511732,0.9789076802679778,2.502127981368668,0.06135149614419477,159,159,,
S일_B4_특보없는때_파고연속(1m당),침몰,dow1,1.1504855152279962,0.5818644180534022,2.2747858086554267,0.6869105944356915,159,159,21.0,0.13980702114555532
S일_B4_특보없는때_파고연속(1m당),침몰,dow2,1.2225227476680487,0.6355006822661875,2.3517864107340474,0.5472425893678321,159,159,23.0,0.14576062410182714
S일_B4_특보없는때_파고연속(1m당),침몰,dow3,1.1640788577032704,0.6110079698153391,2.217777269519557,0.6440933765119732,159,159,22.0,0.14904537056045986
S일_B4_특보없는때_파고연속(1m당),침몰,dow4,1.4444785943670673,0.755410572235006,2.7620985014961494,0.2661769702639538,159,159,26.0,0.1441182508725108
S일_B4_특보없는때_파고연속(1m당),침몰,dow5,1.393698216013691,0.7237612132726099,2.6837507753929994,0.3207282548689405,159,159,24.0,0.1418599876822008
S일_B4_특보없는때_파고연속(1m당),침몰,dow6,1.4497361968984017,0.7709984061859916,2.725991420649487,0.2490108706929104,159,159,26.0,0.14042291110654898
S일_B4_특보없는때_파고연속(1m당),침몰,hol,0.7476945543062845,0.2786872885722809,2.006001599151795,0.5636333183417324,159,159,6.0,0.05050297680147814
S일_B5_특보없는때_풍속연속(1m/s당),침몰,ws_per1ms,1.0717234994512956,0.9978321834410284,1.151086603876826,0.05737295932536357,159,159,,
S일_B5_특보없는때_풍속연속(1m/s당),침몰,dow1,1.1662413497422388,0.5924785338559394,2.295642471629716,0.656261286987154,159,159,21.0,0.13980702114555532
S일_B5_특보없는때_풍속연속(1m/s당),침몰,dow2,1.236663908486246,0.6430246202757774,2.3783500263124964,0.5243772294156908,159,159,23.0,0.14576062410182714
S일_B5_특보없는때_풍속연속(1m/s당),침몰,dow3,1.1734945483039112,0.6139859190576423,2.242868137778444,0.6283285044663673,159,159,22.0,0.14904537056045986
S일_B5_특보없는때_풍속연속(1m/s당),침몰,dow4,1.4389888781093694,0.7513042198805758,2.7561258629049226,0.27237271237311766,159,159,26.0,0.1441182508725108
S일_B5_특보없는때_풍속연속(1m/s당),침몰,dow5,1.393687147072439,0.7227350381125478,2.6875186084619296,0.32178067061425963,159,159,24.0,0.1418599876822008
S일_B5_특보없는때_풍속연속(1m/s당),침몰,dow6,1.4497319532314017,0.7720442932450865,2.7222825874226624,0.24799560954131472,159,159,26.0,0.14042291110654898
S일_B5_특보없는때_풍속연속(1m/s당),침몰,hol,0.7424672868134665,0.2771356262285676,1.9891259723262742,0.5536857720580928,159,159,6.0,0.05050297680147814
S일_C1_특보있는때만_파고,침몰,wh_max[2-3],0.1678692657443819,0.028193395129979933,0.9995280898820208,0.04993521079115726,44,44,2.0,0.279027902790279
S일_C1_특보있는때만_파고,침몰,wh_max[3-4],1.2126405215307154,0.296643491052694,4.9571188271819375,0.7884052755089064,44,44,7.0,0.08730873087308731
S일_C1_특보있는때만_파고,침몰,wh_max[4+],3.1221406780445577,0.438980714277117,22.205445698343425,0.2553446032385458,44,44,8.0,0.050405040504050404
S일_C1_특보있는때만_파고,침몰,dow1,2.791988897329236,0.7376047374101293,10.56826455613634,0.13056961607718076,44,44,8.0,0.1557155715571557
S일_C1_특보있는때만_파고,침몰,dow2,2.304961357381303,0.4684278381185478,11.341868323539952,0.3043420610754941,44,44,5.0,0.1341134113411341
S일_C1_특보있는때만_파고,침몰,dow3,3.3908497892080582,0.8535841993909424,13.470097386029865,0.08273138226520915,44,44,7.0,0.13141314131413143
S일_C1_특보있는때만_파고,침몰,dow4,2.8935975714068567,0.5314226057289693,15.755646852407185,0.21913443834326696,44,44,6.0,0.14401440144014402
S일_C1_특보있는때만_파고,침몰,dow5,2.5686678035850963,0.6294915574312504,10.481561201708864,0.18854658060265628,44,44,8.0,0.1404140414041404
S일_C1_특보있는때만_파고,침몰,dow6,1.6823918950756467,0.3995791936705822,7.083558236892774,0.4781542075465628,44,44,6.0,0.1422142214221422
S일_C1_특보있는때만_파고,침몰,hol,8.627345016550501,2.204044322489932,33.77022924408035,0.001967610435743783,44,44,5.0,0.050405040504050404
S일_C2_특보있는때만_풍속,침몰,ws_max[10-14],0.6390558498338471,0.21892818958311377,1.8654170574585542,0.41264574839519663,44,44,14.0,0.4977497749774977
S일_C2_특보있는때만_풍속,침몰,ws_max[14-17],1.3697393870577996,0.35378085119471925,5.303243468722485,0.6487247677238397,44,44,9.0,0.1791179117911791
S일_C2_특보있는때만_풍속,침몰,ws_max[17+],3.0655206863130497,0.8968220863411979,10.478574537065947,0.07404310496459376,44,44,8.0,0.054005400540054004
S일_C2_특보있는때만_풍속,침몰,dow1,2.268557072154798,0.6429601525403164,8.004152620174782,0.2028765709899969,44,44,8.0,0.1557155715571557
S일_C2_특보있는때만_풍속,침몰,dow2,2.0722943791057182,0.47058981766709806,9.125577801411495,0.3353473533667417,44,44,5.0,0.1341134113411341
S일_C2_특보있는때만_풍속,침몰,dow3,2.9942114722680717,0.8033969298204652,11.159243965078641,0.10228679156543774,44,44,7.0,0.13141314131413143
S일_C2_특보있는때만_풍속,침몰,dow4,2.9571795732316346,0.6384643696691968,13.696787861269964,0.16565371446592003,44,44,6.0,0.14401440144014402
S일_C2_특보있는때만_풍속,침몰,dow5,2.2465972988422593,0.5758569891554465,8.764675115895654,0.2438621584745424,44,44,8.0,0.1404140414041404
S일_C2_특보있는때만_풍속,침몰,dow6,1.645959167200204,0.39415563153868577,6.873380368851808,0.49439493049114747,44,44,6.0,0.1422142214221422
S일_C2_특보있는때만_풍속,침몰,hol,7.9927755003299445,2.19669007544842,29.082145411720667,0.0016093322589967318,44,44,5.0,0.050405040504050404
S일_C3_축(특보없음 파고구간 vs 특보),침몰,nw_wh_1.5-2,2.1651453775766747,1.0882508170808578,4.307696748270239,0.027738831630870653,203,203,14.0,0.03911735205616851
S일_C3_축(특보없음 파고구간 vs 특보),침몰,nw_wh_2-3,1.8025940650710246,0.39380695253584835,8.251112232797597,0.4477135655881721,203,203,2.0,0.007355399531929121
S일_C3_축(특보없음 파고구간 vs 특보),침몰,nw_wh_3+,1.000000000000001,1.0000000000000007,1.0000000000000018,6.333925210988411e-07,203,203,0.0,0.0
S일_C3_축(특보없음 파고구간 vs 특보),침몰,w_주의보,1.242391233102372,0.7861922182643606,1.9633060977088075,0.35255907041498036,203,203,35.0,0.16198595787362086
S일_C3_축(특보없음 파고구간 vs 특보),침몰,w_경보,2.5678200347871663,1.0560155686013373,6.243941781831429,0.037504973528136976,203,203,9.0,0.023737880307589436
S일_C3_축(특보없음 파고구간 vs 특보),침몰,dow1,1.3399769891956028,0.7374970083895758,2.4346381221186415,0.33676963927354486,203,203,29.0,0.14276161818789704
S일_C3_축(특보없음 파고구간 vs 특보),침몰,dow2,1.3165086739121066,0.7194526397721202,2.409046812358332,0.37241231652009366,203,203,28.0,0.14359745904379806
S일_C3_축(특보없음 파고구간 vs 특보),침몰,dow3,1.3557007985277856,0.7561022894760805,2.4307883744174523,0.3070067597642092,203,203,29.0,0.14577064526914077
S일_C3_축(특보없음 파고구간 vs 특보),침몰,dow4,1.499414915103469,0.8337580438356953,2.696519816818456,0.17611615397835156,203,203,32.0,0.14409896355733867
S일_C3_축(특보없음 파고구간 vs 특보),침몰,dow5,1.5205540287088941,0.8407061203635149,2.750169765890512,0.16571612894167487,203,203,32.0,0.14159144098963558
S일_C3_축(특보없음 파고구간 vs 특보),침몰,dow6,1.5432746424601362,0.8649907704392485,2.753435878686912,0.14183766982950763,203,203,32.0,0.14075560013373453
S일_C3_축(특보없음 파고구간 vs 특보),침몰,hol,1.1053709111428494,0.5151540428152224,2.371804838264716,0.7970343915016587,203,203,11.0,0.0504847876964226
S일_C4_축(특보없음 풍속구간 vs 특보),침몰,nw_ws_10-12,1.4039104631744133,0.8220052334755807,2.3977518735215537,0.21413511492863746,203,203,19.0,0.073386827148111
S일_C4_축(특보없음 풍속구간 vs 특보),침몰,nw_ws_12-14,1.3831467234347408,0.5627160886275812,3.39975148607203,0.4796261801028483,203,203,5.0,0.020060180541624874
S일_C4_축(특보없음 풍속구간 vs 특보),침몰,nw_ws_14+,8.214713371196448e-10,4.2226380908464045e-10,1.5980890220546327e-09,0.0,203,203,0.0,0.0015045135406218655
S일_C4_축(특보없음 풍속구간 vs 특보),침몰,w_주의보,1.2011008168736292,0.7611632081499191,1.8953138523352744,0.43107584718057335,203,203,35.0,0.16198595787362086
S일_C4_축(특보없음 풍속구간 vs 특보),침몰,w_경보,2.404165516899174,0.9936365117206896,5.817028424849015,0.05167405766156885,203,203,9.0,0.023737880307589436
S일_C4_축(특보없음 풍속구간 vs 특보),침몰,dow1,1.3744094003080858,0.7590062073202717,2.4887822806146636,0.2938192868954228,203,203,29.0,0.14276161818789704
S일_C4_축(특보없음 풍속구간 vs 특보),침몰,dow2,1.3245557443809055,0.7257012258328428,2.417589853123071,0.35987662552838007,203,203,28.0,0.14359745904379806
S일_C4_축(특보없음 풍속구간 vs 특보),침몰,dow3,1.3759797182905456,0.7676506773583792,2.4663824848851514,0.2837503300315327,203,203,29.0,0.14577064526914077
S일_C4_축(특보없음 풍속구간 vs 특보),침몰,dow4,1.4993179380267576,0.8328451661355255,2.6991262850446898,0.1769444566430698,203,203,32.0,0.14409896355733867
S일_C4_축(특보없음 풍속구간 vs 특보),침몰,dow5,1.5282906316334743,0.8466330930606463,2.758777413596015,0.15927358813806025,203,203,32.0,0.14159144098963558
S일_C4_축(특보없음 풍속구간 vs 특보),침몰,dow6,1.5414433012627264,0.8652368920977386,2.746123602343264,0.14191523321510058,203,203,32.0,0.14075560013373453
S일_C4_축(특보없음 풍속구간 vs 특보),침몰,hol,1.113216182596771,0.5183959175010301,2.3905478946848864,0.7832736292781461,203,203,11.0,0.0504847876964226
"S일_C5_축세분(파고, 기준: 특보없음·1m미만)",침몰,nw_wh_1.0-1.5,0.8875870055536262,0.5313691696076218,1.4826051970786995,0.6487026834965066,203,203,20.0,0.12637913741223672
"S일_C5_축세분(파고, 기준: 특보없음·1m미만)",침몰,nw_wh_1.5-2.0,2.084303144751109,1.0140864120876636,4.283973779192907,0.04571067862914324,203,203,14.0,0.03911735205616851
"S일_C5_축세분(파고, 기준: 특보없음·1m미만)",침몰,nw_wh_2.0-2.5,1.8581613747449586,0.40083299567776487,8.613970735507507,0.4285038019073508,203,203,2.0,0.006853895018388499
"S일_C5_축세분(파고, 기준: 특보없음·1m미만)",침몰,nw_wh_2.5-99,6.484126771920672e-09,1.3774623957520494e-09,3.052272071019681e-08,0.0,203,203,0.0,0.0005015045135406219
"S일_C5_축세분(파고, 기준: 특보없음·1m미만)",침몰,w_주의보,1.2112244060909692,0.7531264747603494,1.9479657283024767,0.42924919841255216,203,203,35.0,0.16198595787362086
"S일_C5_축세분(파고, 기준: 특보없음·1m미만)",침몰,w_경보,2.4960076937357316,1.0190905147009564,6.113347457675163,0.0453517820098055,203,203,9.0,0.023737880307589436
"S일_C5_축세분(파고, 기준: 특보없음·1m미만)",침몰,dow1,1.3447202941112038,0.7407923234910215,2.440998120597343,0.3302186423784108,203,203,29.0,0.14276161818789704
"S일_C5_축세분(파고, 기준: 특보없음·1m미만)",침몰,dow2,1.3127034018753652,0.7173947524443951,2.4020111875974726,0.3774423569761045,203,203,28.0,0.14359745904379806
"S일_C5_축세분(파고, 기준: 특보없음·1m미만)",침몰,dow3,1.350389666107805,0.753812796654111,2.419104926879466,0.31254772389052166,203,203,29.0,0.14577064526914077
"S일_C5_축세분(파고, 기준: 특보없음·1m미만)",침몰,dow4,1.4955380802879064,0.8315025215396664,2.689870555593425,0.1789840532555469,203,203,32.0,0.14409896355733867
"S일_C5_축세분(파고, 기준: 특보없음·1m미만)",침몰,dow5,1.5153380672571226,0.8380615813840373,2.7399531360050586,0.1690079625999883,203,203,32.0,0.14159144098963558
"S일_C5_축세분(파고, 기준: 특보없음·1m미만)",침몰,dow6,1.5399674627987676,0.863048409791199,2.7478178043947974,0.14388930434903813,203,203,32.0,0.14075560013373453
"S일_C5_축세분(파고, 기준: 특보없음·1m미만)",침몰,hol,1.1022809540052814,0.5140825100299158,2.363479165031481,0.8024051529490661,203,203,11.0,0.0504847876964226
"S일_C6_축세분(풍속, 기준: 특보없음·8m/s미만)",침몰,nw_ws_8-10,1.4246073156578127,0.9302119603592355,2.1817672641426697,0.10366452194340203,203,203,37.0,0.1558007355399532
"S일_C6_축세분(풍속, 기준: 특보없음·8m/s미만)",침몰,nw_ws_10-12,1.5632367392280613,0.9080803891055322,2.6910713326597206,0.10694627688856695,203,203,19.0,0.073386827148111
"S일_C6_축세분(풍속, 기준: 특보없음·8m/s미만)",침몰,nw_ws_12-14,1.5376723132441636,0.62777608040417,3.7663686411807924,0.3465093065938949,203,203,5.0,0.020060180541624874
"S일_C6_축세분(풍속, 기준: 특보없음·8m/s미만)",침몰,nw_ws_14-99,9.232049666772519e-10,4.6377748423490373e-10,1.8377507306194517e-09,0.0,203,203,0.0,0.0015045135406218655
"S일_C6_축세분(풍속, 기준: 특보없음·8m/s미만)",침몰,w_주의보,1.3201175580841134,0.8215924771940943,2.1211372006638536,0.25104264146371147,203,203,35.0,0.16198595787362086
"S일_C6_축세분(풍속, 기준: 특보없음·8m/s미만)",침몰,w_경보,2.662535496753927,1.082115690079783,6.5511435944081065,0.03302352085211613,203,203,9.0,0.023737880307589436
"S일_C6_축세분(풍속, 기준: 특보없음·8m/s미만)",침몰,dow1,1.3705769577983693,0.7570943580519052,2.4811718344875677,0.29785860700912803,203,203,29.0,0.14276161818789704
"S일_C6_축세분(풍속, 기준: 특보없음·8m/s미만)",침몰,dow2,1.3411852012459364,0.7353959447296987,2.445998998134617,0.33831194421808375,203,203,28.0,0.14359745904379806
"S일_C6_축세분(풍속, 기준: 특보없음·8m/s미만)",침몰,dow3,1.3971290592458352,0.7796209694248951,2.50374179856792,0.2611892158170188,203,203,29.0,0.14577064526914077
"S일_C6_축세분(풍속, 기준: 특보없음·8m/s미만)",침몰,dow4,1.5060184020427323,0.8362604429625687,2.7121830840836094,0.1724927711008868,203,203,32.0,0.14409896355733867
"S일_C6_축세분(풍속, 기준: 특보없음·8m/s미만)",침몰,dow5,1.538063771058213,0.8510411684809249,2.7797012077152337,0.15392022210024403,203,203,32.0,0.14159144098963558
"S일_C6_축세분(풍속, 기준: 특보없음·8m/s미만)",침몰,dow6,1.5437055588954396,0.868164884540632,2.744901222105524,0.13925562901004795,203,203,32.0,0.14075560013373453
"S일_C6_축세분(풍속, 기준: 특보없음·8m/s미만)",침몰,hol,1.1235677601125718,0.522973366453258,2.4138982834362217,0.7652369349007757,203,203,11.0,0.0504847876964226
S일_C7_축(특보없음 & (파고≥1.5 또는 풍속≥10)),침몰,nw_or_1.5_10,1.5109270296423534,0.965247315706449,2.3650938487542406,0.07103013083043419,203,203,31.0,0.11651621531260448
S일_C7_축(특보없음 & (파고≥1.5 또는 풍속≥10)),침몰,w_주의보,1.2402367665184593,0.780782411921659,1.970058768663067,0.36182057586173677,203,203,35.0,0.16198595787362086
S일_C7_축(특보없음 & (파고≥1.5 또는 풍속≥10)),침몰,w_경보,2.4943180835763465,1.027964046193093,6.052373840405024,0.04328156006216677,203,203,9.0,0.023737880307589436
S일_C7_축(특보없음 & (파고≥1.5 또는 풍속≥10)),침몰,dow1,1.3685625184552097,0.7554356500481391,2.479315566853529,0.30070658772900427,203,203,29.0,0.14276161818789704
S일_C7_축(특보없음 & (파고≥1.5 또는 풍속≥10)),침몰,dow2,1.3304441131082003,0.7293834849711446,2.4268187785665214,0.35184463632688256,203,203,28.0,0.14359745904379806
S일_C7_축(특보없음 & (파고≥1.5 또는 풍속≥10)),침몰,dow3,1.3814321139058618,0.7708024652742765,2.4758025191984347,0.27770914000292146,203,203,29.0,0.14577064526914077
S일_C7_축(특보없음 & (파고≥1.5 또는 풍속≥10)),침몰,dow4,1.5012894778168204,0.8338558286411224,2.7029493814014334,0.17561819555358538,203,203,32.0,0.14409896355733867
S일_C7_축(특보없음 & (파고≥1.5 또는 풍속≥10)),침몰,dow5,1.5315607823239168,0.8484497160627886,2.764664052028581,0.15717813911134115,203,203,32.0,0.14159144098963558
S일_C7_축(특보없음 & (파고≥1.5 또는 풍속≥10)),침몰,dow6,1.54515980888572,0.8674256052326931,2.7524191361117194,0.13962949300891614,203,203,32.0,0.14075560013373453
S일_C7_축(특보없음 & (파고≥1.5 또는 풍속≥10)),침몰,hol,1.1141460319540635,0.52052737591117,2.38473793687812,0.7807151741644127,203,203,11.0,0.0504847876964226
S일_C8_축(특보없음 & (파고≥2 또는 풍속≥12)),침몰,nw_or_2.0_12,1.409217450991093,0.6540030747019624,3.0365206235197464,0.38112777574702994,203,203,7.0,0.02657973921765296
S일_C8_축(특보없음 & (파고≥2 또는 풍속≥12)),침몰,w_주의보,1.159200375572474,0.7372151677371488,1.8227317742958757,0.5223394236688668,203,203,35.0,0.16198595787362086
S일_C8_축(특보없음 & (파고≥2 또는 풍속≥12)),침몰,w_경보,2.335235167035938,0.9712761401078788,5.614596158776916,0.058107722711149945,203,203,9.0,0.023737880307589436
S일_C8_축(특보없음 & (파고≥2 또는 풍속≥12)),침몰,dow1,1.3809440068077374,0.7627129306210216,2.500293719139483,0.2865738476164208,203,203,29.0,0.14276161818789704
S일_C8_축(특보없음 & (파고≥2 또는 풍속≥12)),침몰,dow2,1.3297679786434244,0.7286592096485672,2.4267625436015043,0.353091172766959,203,203,28.0,0.14359745904379806
S일_C8_축(특보없음 & (파고≥2 또는 풍속≥12)),침몰,dow3,1.369610886278936,0.7638502849602944,2.455761314419461,0.2910752890623849,203,203,29.0,0.14577064526914077
S일_C8_축(특보없음 & (파고≥2 또는 풍속≥12)),침몰,dow4,1.5212818909357175,0.8422121643033283,2.7478807476063025,0.16429790218643792,203,203,32.0,0.14409896355733867
S일_C8_축(특보없음 & (파고≥2 또는 풍속≥12)),침몰,dow5,1.5396881254670074,0.8517682449456772,2.7831978214394435,0.15305326895678517,203,203,32.0,0.14159144098963558
S일_C8_축(특보없음 & (파고≥2 또는 풍속≥12)),침몰,dow6,1.5430119172357455,0.8661393926252673,2.7488482766210063,0.14096334560566937,203,203,32.0,0.14075560013373453
S일_C8_축(특보없음 & (파고≥2 또는 풍속≥12)),침몰,hol,1.1134085022351659,0.517814940955768,2.3940570168975666,0.7832910570982377,203,203,11.0,0.0504847876964226
S일_A1_달력,좌초좌주,dow1,1.0165935337362342,0.793797609954069,1.301921799555585,0.8962578097194938,1159,1159,155.0,0.14352176966292135
S일_A1_달력,좌초좌주,dow2,1.06702761012481,0.8382744726557498,1.358204213426198,0.5981918262317274,1159,1159,162.0,0.1428195224719101
S일_A1_달력,좌초좌주,dow3,1.1134373430621858,0.8723554808955428,1.4211439534404988,0.38808118130237834,1159,1159,169.0,0.14223431647940074
S일_A1_달력,좌초좌주,dow4,0.9830883743372106,0.7692704331944535,1.2563367965978753,0.8915782677670108,1159,1159,150.0,0.14381437265917604
S일_A1_달력,좌초좌주,dow5,1.1857001321268732,0.9320550052765001,1.508371067551555,0.1654329544280655,1159,1159,180.0,0.14235135767790263
S일_A1_달력,좌초좌주,dow6,1.2622375060723308,0.9981620693275812,1.59617718474215,0.05181846207553131,1159,1159,191.0,0.14144428838951312
S일_A1_달력,좌초좌주,hol,0.9096851704472207,0.6735640795575695,1.22857963250527,0.5369952523104797,1159,1159,54.0,0.05152738764044944
S일_A2_특보유무(풍랑·태풍),좌초좌주,any_warn,0.7967769386051342,0.6546853801512764,0.9697077545038135,0.023393423433399008,1159,1159,153.0,0.15832748127340823
S일_A2_특보유무(풍랑·태풍),좌초좌주,dow1,1.0168029411891508,0.7939171593651243,1.302262092480382,0.8949902983059972,1159,1159,155.0,0.14352176966292135
S일_A2_특보유무(풍랑·태풍),좌초좌주,dow2,1.0608003663255605,0.8329941042466837,1.3509068209001354,0.632271119888816,1159,1159,162.0,0.1428195224719101
S일_A2_특보유무(풍랑·태풍),좌초좌주,dow3,1.1045849313604796,0.8653219780596069,1.4100044856419784,0.4245136887219063,1159,1159,169.0,0.14223431647940074
S일_A2_특보유무(풍랑·태풍),좌초좌주,dow4,0.9785479476354384,0.7655224151714629,1.2508530995882776,0.8625550232746839,1159,1159,150.0,0.14381437265917604
S일_A2_특보유무(풍랑·태풍),좌초좌주,dow5,1.1779614696940797,0.9257186353773809,1.4989362545544593,0.18279627302426937,1159,1159,180.0,0.14235135767790263
S일_A2_특보유무(풍랑·태풍),좌초좌주,dow6,1.2530231848469413,0.991217086932802,1.5839790520786416,0.05926412481609278,1159,1159,191.0,0.14144428838951312
S일_A2_특보유무(풍랑·태풍),좌초좌주,hol,0.9058713121968026,0.6707420321914689,1.223425392889213,0.5190758461076388,1159,1159,54.0,0.05152738764044944
S일_A3_특보종류·수준,좌초좌주,wv_주의보,0.7649541320063081,0.6156261888929406,0.9505034623783437,0.015600186206524702,1159,1159,127.0,0.14039091760299627
S일_A3_특보종류·수준,좌초좌주,wv_경보,1.571155050287098,0.9574590886020423,2.5782074883709947,0.07378152843878683,1159,1159,21.0,0.011528558052434457
S일_A3_특보종류·수준,좌초좌주,ty_주의보,0.45906992190452056,0.21575217642133745,0.9767928958726385,0.04328488811394293,1159,1159,2.0,0.0038330992509363294
S일_A3_특보종류·수준,좌초좌주,ty_경보,0.43857136509966377,0.18889131600948764,1.018283139473291,0.05513097038426551,1159,1159,4.0,0.00749063670411985
S일_A3_특보종류·수준,좌초좌주,dow1,1.0129242615905079,0.7914714783867035,1.2963392715174717,0.9187387898181187,1159,1159,155.0,0.14352176966292135
S일_A3_특보종류·수준,좌초좌주,dow2,1.0631177429202343,0.8351829123192224,1.3532596496416616,0.6190948886267384,1159,1159,162.0,0.1428195224719101
S일_A3_특보종류·수준,좌초좌주,dow3,1.1064006884011885,0.8669459460591289,1.4119940105367703,0.4164612601001052,1159,1159,169.0,0.14223431647940074
S일_A3_특보종류·수준,좌초좌주,dow4,0.9835512899523136,0.7695936385876314,1.2569921208576986,0.8945747442615537,1159,1159,150.0,0.14381437265917604
S일_A3_특보종류·수준,좌초좌주,dow5,1.1803271653752039,0.9278265259429775,1.5015438536926304,0.17701099749654792,1159,1159,180.0,0.14235135767790263
S일_A3_특보종류·수준,좌초좌주,dow6,1.2556274045952116,0.9937962692593045,1.5864420384125386,0.056411418143549774,1159,1159,191.0,0.14144428838951312
S일_A3_특보종류·수준,좌초좌주,hol,0.9008992230281986,0.6667591493364018,1.2172602518624358,0.4967287387659698,1159,1159,54.0,0.05152738764044944
S일_A3b_특보최고수준,좌초좌주,warn_주의보,0.7572045898763501,0.6115844488448805,0.9374973350168289,0.010701809531027617,1159,1159,128.0,0.13951310861423222
S일_A3b_특보최고수준,좌초좌주,warn_경보,1.1128892467388647,0.7022083717261849,1.7637535030555571,0.6489214306091589,1159,1159,25.0,0.01881437265917603
S일_A3b_특보최고수준,좌초좌주,dow1,1.01977624679792,0.7963936693829404,1.305815997180161,0.8766294113348119,1159,1159,155.0,0.14352176966292135
S일_A3b_특보최고수준,좌초좌주,dow2,1.063799339777154,0.835338257726013,1.3547434525397863,0.6160938228058477,1159,1159,162.0,0.1428195224719101
S일_A3b_특보최고수준,좌초좌주,dow3,1.106034619379249,0.8666716416156216,1.4115064120304432,0.4179605590678559,1159,1159,169.0,0.14223431647940074
S일_A3b_특보최고수준,좌초좌주,dow4,0.9826885886275875,0.7687062374067473,1.2562365377398506,0.8891560540719714,1159,1159,150.0,0.14381437265917604
S일_A3b_특보최고수준,좌초좌주,dow5,1.1816229133103797,0.9287257862822031,1.5033853155401125,0.1743923075481444,1159,1159,180.0,0.14235135767790263
S일_A3b_특보최고수준,좌초좌주,dow6,1.2560501766382486,0.9937865176702267,1.5875261116759278,0.0564120599163056,1159,1159,191.0,0.14144428838951312
S일_A3b_특보최고수준,좌초좌주,hol,0.908890687232011,0.6729022860467011,1.227640771129354,0.5333927564827996,1159,1159,54.0,0.05152738764044944
S일_B1_특보없는때_파고,좌초좌주,wh_max[0-0.5],1.0869867603844021,0.9069867945424914,1.3027093937425827,0.36650762023541317,993,993,517.0,0.49673758865248224
S일_B1_특보없는때_파고,좌초좌주,wh_max[1-1.5],0.7613405057358149,0.5957596748764643,0.9729415905738492,0.029314432098596965,993,993,112.0,0.13085106382978723
S일_B1_특보없는때_파고,좌초좌주,wh_max[1.5-2],0.5610302960405879,0.3717261533347232,0.8467388970395272,0.00592016604851775,993,993,26.0,0.04
S일_B1_특보없는때_파고,좌초좌주,wh_max[2-2.5],0.36421644321006197,0.08736086436061748,1.5184558723801829,0.16557155377086819,993,993,2.0,0.004964539007092199
S일_B1_특보없는때_파고,좌초좌주,wh_max[2.5-3],1.4223153345712823e-09,5.225057640272178e-10,3.871691089806313e-09,0.0,993,993,0.0,0.0002127659574468085
S일_B1_특보없는때_파고,좌초좌주,wh_max[3-4],2005768025898.5808,277545193622.1831,14495316316641.627,0.0,993,993,1.0,0.00010638297872340425
S일_B1_특보없는때_파고,좌초좌주,wh_max[4+],0.9998476299221118,0.9998476299221118,0.9998476299221118,,993,993,0.0,0.0
S일_B1_특보없는때_파고,좌초좌주,dow1,0.9739923964128127,0.7423248115472801,1.2779596929982875,0.8491869848905791,993,993,126.0,0.14056737588652482
S일_B1_특보없는때_파고,좌초좌주,dow2,1.0310369103693755,0.7928992074998519,1.3406963968295125,0.8195601058353501,993,993,137.0,0.14390070921985815
S일_B1_특보없는때_파고,좌초좌주,dow3,1.0531861463596939,0.8095533788348734,1.370139496521364,0.6994587777169026,993,993,141.0,0.1450354609929078
S일_B1_특보없는때_파고,좌초좌주,dow4,0.9694430422305919,0.7419387285492133,1.266708120179989,0.8200938575228909,993,993,126.0,0.14319148936170212
S일_B1_특보없는때_파고,좌초좌주,dow5,1.2275086501035597,0.9453080965935763,1.593953856429185,0.12404814135443698,993,993,162.0,0.14390070921985815
S일_B1_특보없는때_파고,좌초좌주,dow6,1.3187282807611356,1.0261691644651443,1.6946955128842116,0.03062948661978071,993,993,173.0,0.14368794326241136
S일_B1_특보없는때_파고,좌초좌주,hol,0.8963247222573365,0.6474648813119769,1.2408364235937288,0.5095109182561617,993,993,46.0,0.05187943262411347
S일_B2_특보없는때_풍속,좌초좌주,ws_max[0-4],1.0880663448484624,0.8852822560981468,1.3373004628036298,0.4225109953521189,993,993,170.0,0.1554964539007092
S일_B2_특보없는때_풍속,좌초좌주,ws_max[6-8],0.9300818630340283,0.7651791186715372,1.1305225807085617,0.46665241334783847,993,993,261.0,0.27159574468085107
S일_B2_특보없는때_풍속,좌초좌주,ws_max[8-10],0.984845552572801,0.8001826545953674,1.212124202958249,0.8853893174364815,993,993,183.0,0.18
S일_B2_특보없는때_풍속,좌초좌주,ws_max[10-12],0.7422961177617241,0.5564355229285721,0.9902378689702345,0.042691310716594044,993,993,63.0,0.08124113475177305
S일_B2_특보없는때_풍속,좌초좌주,ws_max[12-14],0.9085561537149666,0.544694796583266,1.5154803931143224,0.713338205844392,993,993,19.0,0.019893617021276597
S일_B2_특보없는때_풍속,좌초좌주,ws_max[14-17],1.0377437479232965,0.3504977888295964,3.0725217695380644,0.9466618836475433,993,993,3.0,0.002801418439716312
S일_B2_특보없는때_풍속,좌초좌주,ws_max[17+],77304808560123.94,10578115443714.627,564943109036335.0,0.0,993,993,1.0,0.0
S일_B2_특보없는때_풍속,좌초좌주,dow1,0.9781612474767312,0.7452030072978394,1.2839446656752762,0.8735894374448465,993,993,126.0,0.14056737588652482
S일_B2_특보없는때_풍속,좌초좌주,dow2,1.034591308971624,0.7953817742332691,1.3457426499764105,0.7998891364152718,993,993,137.0,0.14390070921985815
S일_B2_특보없는때_풍속,좌초좌주,dow3,1.0575586421157017,0.812388241119713,1.3767189441000236,0.6774882421770041,993,993,141.0,0.1450354609929078
S일_B2_특보없는때_풍속,좌초좌주,dow4,0.9743133479759253,0.7445884556812512,1.2749143406682548,0.8495641586675213,993,993,126.0,0.14319148936170212
S일_B2_특보없는때_풍속,좌초좌주,dow5,1.2301547009144524,0.9466666142860749,1.5985359210361092,0.12116486381182945,993,993,162.0,0.14390070921985815
S일_B2_특보없는때_풍속,좌초좌주,dow6,1.3120192535990438,1.020730362637453,1.6864341307205766,0.03398983820204893,993,993,173.0,0.14368794326241136
S일_B2_특보없는때_풍속,좌초좌주,hol,0.9025391924186359,0.6518891683983185,1.2495636272851205,0.5367253033627866,993,993,46.0,0.05187943262411347
S일_B3_특보없는때_파고+풍속,좌초좌주,wh_max[0-0.5],1.1342972184664206,0.9140587678649373,1.407601157665142,0.25257270142556987,993,993,517.0,0.49673758865248224
S일_B3_특보없는때_파고+풍속,좌초좌주,wh_max[1-1.5],0.7263563650443647,0.5574588216016696,0.9464260831402768,0.017894720913780304,993,993,112.0,0.13085106382978723
S일_B3_특보없는때_파고+풍속,좌초좌주,wh_max[1.5-2],0.520105093743773,0.33631367594929723,0.8043363320705431,0.003294311440135367,993,993,26.0,0.04
S일_B3_특보없는때_파고+풍속,좌초좌주,wh_max[2-2.5],0.2891577474865529,0.07226044090154757,1.1570951116312158,0.07947123226012387,993,993,2.0,0.004964539007092199
S일_B3_특보없는때_파고+풍속,좌초좌주,wh_max[2.5-3],1.0156551729346887e-09,3.4113769170489107e-10,3.0238682367627756e-09,0.0,993,993,0.0,0.0002127659574468085
S일_B3_특보없는때_파고+풍속,좌초좌주,wh_max[3-4],1.7661284274217461,0.6573996520205746,4.744769201748206,0.25928628794148256,993,993,1.0,0.00010638297872340425
S일_B3_특보없는때_파고+풍속,좌초좌주,wh_max[4+],0.9982726478074416,0.9940733975911625,1.0024896368571123,0.42148393975573306,993,993,0.0,0.0
S일_B3_특보없는때_파고+풍속,좌초좌주,ws_max[0-4],1.0743787260251842,0.8742106667564236,1.3203792756478814,0.4952294985383707,993,993,170.0,0.1554964539007092
S일_B3_특보없는때_파고+풍속,좌초좌주,ws_max[6-8],0.9863168013716304,0.8047056821366465,1.2089150782245504,0.8944319544601254,993,993,261.0,0.27159574468085107
S일_B3_특보없는때_파고+풍속,좌초좌주,ws_max[8-10],1.1672012538222312,0.9084569273759727,1.4996404627121793,0.2266049518619151,993,993,183.0,0.18
S일_B3_특보없는때_파고+풍속,좌초좌주,ws_max[10-12],1.0105001298418244,0.7138817158420138,1.4303637279825245,0.953017578219755,993,993,63.0,0.08124113475177305
S일_B3_특보없는때_파고+풍속,좌초좌주,ws_max[12-14],1.4086565050898903,0.799092221128506,2.483209192713386,0.2361760068639207,993,993,19.0,0.019893617021276597
S일_B3_특보없는때_파고+풍속,좌초좌주,ws_max[14-17],2.0593706954744904,0.6956559686497347,6.096415257689609,0.1920222251759629,993,993,3.0,0.002801418439716312
S일_B3_특보없는때_파고+풍속,좌초좌주,ws_max[17+],39300245559379.55,12066175439013.48,128003219316178.72,0.0,993,993,1.0,0.0
S일_B3_특보없는때_파고+풍속,좌초좌주,dow1,0.9795771552798093,0.7465095956564268,1.2854106748652112,0.8816755745476839,993,993,126.0,0.14056737588652482
S일_B3_특보없는때_파고+풍속,좌초좌주,dow2,1.038593261181133,0.7984148906519893,1.3510218494171735,0.7777822410844883,993,993,137.0,0.14390070921985815
S일_B3_특보없는때_파고+풍속,좌초좌주,dow3,1.061375252294157,0.8153780058326542,1.3815891747436817,0.6579221302665901,993,993,141.0,0.1450354609929078
S일_B3_특보없는때_파고+풍속,좌초좌주,dow4,0.9723423354835172,0.7439443511100603,1.2708606711816668,0.8373219477541378,993,993,126.0,0.14319148936170212
S일_B3_특보없는때_파고+풍속,좌초좌주,dow5,1.232945510156012,0.9489172081340541,1.6019886856126182,0.1169960800845875,993,993,162.0,0.14390070921985815
S일_B3_특보없는때_파고+풍속,좌초좌주,dow6,1.3180261340512365,1.0253794741402664,1.6941951090825225,0.03111079351088364,993,993,173.0,0.14368794326241136
S일_B3_특보없는때_파고+풍속,좌초좌주,hol,0.8984859746987044,0.648803487089436,1.2442550984917866,0.5193119820673455,993,993,46.0,0.05187943262411347
S일_B4_특보없는때_파고연속(1m당),좌초좌주,wh_per1m,0.729158039984526,0.5920997319779546,0.8979423880128882,0.0029457906271423973,993,993,,
S일_B4_특보없는때_파고연속(1m당),좌초좌주,dow1,0.9711455086895494,0.7402283940656285,1.2740981116218388,0.8326097276187852,993,993,126.0,0.14056737588652482
S일_B4_특보없는때_파고연속(1m당),좌초좌주,dow2,1.0324029628619191,0.7940208878666728,1.3423524418730926,0.8118239955018876,993,993,137.0,0.14390070921985815
S일_B4_특보없는때_파고연속(1m당),좌초좌주,dow3,1.051511247692384,0.808053882689581,1.368319523870596,0.7085372717795575,993,993,141.0,0.1450354609929078
S일_B4_특보없는때_파고연속(1m당),좌초좌주,dow4,0.9673386903728225,0.7396617211497823,1.2650974291837365,0.808367745967995,993,993,126.0,0.14319148936170212
S일_B4_특보없는때_파고연속(1m당),좌초좌주,dow5,1.2261300607447914,0.9438250832279604,1.5928745194186722,0.12677049627632409,993,993,162.0,0.14390070921985815
S일_B4_특보없는때_파고연속(1m당),좌초좌주,dow6,1.3116486122214224,1.0205337930977123,1.685806088517893,0.03411198505199864,993,993,173.0,0.14368794326241136
S일_B4_특보없는때_파고연속(1m당),좌초좌주,hol,0.8965403481723281,0.6474181900537582,1.2415230344921528,0.5108480360837726,993,993,46.0,0.05187943262411347
S일_B5_특보없는때_풍속연속(1m/s당),좌초좌주,ws_per1ms,0.9730742275263661,0.9433486103559732,1.0037365210287752,0.08463895879034555,993,993,,
S일_B5_특보없는때_풍속연속(1m/s당),좌초좌주,dow1,0.9700576768295672,0.7392172440604844,1.2729842328989032,0.8264572577580731,993,993,126.0,0.14056737588652482
S일_B5_특보없는때_풍속연속(1m/s당),좌초좌주,dow2,1.0289720742804074,0.7913615431376356,1.3379264368230463,0.8311701079134228,993,993,137.0,0.14390070921985815
S일_B5_특보없는때_풍속연속(1m/s당),좌초좌주,dow3,1.0490035587700168,0.805913278078689,1.3654179627559344,0.7220702711451987,993,993,141.0,0.1450354609929078
S일_B5_특보없는때_풍속연속(1m/s당),좌초좌주,dow4,0.9660889703706098,0.7385809649816256,1.2636771632680304,0.801183927644155,993,993,126.0,0.14319148936170212
S일_B5_특보없는때_풍속연속(1m/s당),좌초좌주,dow5,1.2234831537798312,0.9419666831594145,1.589133728766616,0.130566031273184,993,993,162.0,0.14390070921985815
S일_B5_특보없는때_풍속연속(1m/s당),좌초좌주,dow6,1.306251457096305,1.0164237265515406,1.6787219981131536,0.03686350563477658,993,993,173.0,0.14368794326241136
S일_B5_특보없는때_풍속연속(1m/s당),좌초좌주,hol,0.898614346134719,0.64894549956642,1.2443383051714647,0.5197722427413203,993,993,46.0,0.05187943262411347
S일_C1_특보있는때만_파고,좌초좌주,wh_max[2-3],0.9695272726310553,0.4705131848612467,1.997782767028328,0.9331391603016024,148,148,28.0,0.2148807269973495
S일_C1_특보있는때만_파고,좌초좌주,wh_max[3-4],0.9575600039551754,0.40373710935435286,2.2710846734920027,0.921597698045415,148,148,11.0,0.0692919348731541
S일_C1_특보있는때만_파고,좌초좌주,wh_max[4+],1.4025351937605275,0.491610416469595,4.0013492469571,0.5270912605877407,148,148,7.0,0.02158273381294964
S일_C1_특보있는때만_파고,좌초좌주,dow1,1.4272170933825044,0.6938477595976628,2.9357284843354643,0.3336859682753195,148,148,28.0,0.16527830367285118
S일_C1_특보있는때만_파고,좌초좌주,dow2,1.8281825087487285,0.8831640716623053,3.7844058567780694,0.10409931243531423,148,148,23.0,0.13971980310488452
S일_C1_특보있는때만_파고,좌초좌주,dow3,1.9324511958011001,0.8990271485704767,4.153787380159807,0.09153258107336582,148,148,24.0,0.13082165846270352
S일_C1_특보있는때만_파고,좌초좌주,dow4,1.7505982182183495,0.8272257186102205,3.7046649453524334,0.1431754247712438,148,148,22.0,0.14388489208633093
S일_C1_특보있는때만_파고,좌초좌주,dow5,1.194248211070386,0.5437486977347769,2.622955780099148,0.6583290697723052,148,148,15.0,0.13082165846270352
S일_C1_특보있는때만_파고,좌초좌주,dow6,1.316759371402582,0.6200910683752009,2.796130005096949,0.47387032757206815,148,148,17.0,0.1257099583491102
S일_C1_특보있는때만_파고,좌초좌주,hol,1.4023428659181054,0.48490985885758453,4.0555280072558295,0.5325568202858231,148,148,8.0,0.048655812192351384
S일_C2_특보있는때만_풍속,좌초좌주,ws_max[10-14],0.8590207738805077,0.5181024590834181,1.4242678779477798,0.55581400344983,148,148,65.0,0.4992427110942825
S일_C2_특보있는때만_풍속,좌초좌주,ws_max[14-17],0.9451655756427036,0.5039665773307968,1.772613513601376,0.8604727553349723,148,148,30.0,0.17228322605073837
S일_C2_특보있는때만_풍속,좌초좌주,ws_max[17+],1.1708025624788618,0.4484450207681734,3.056737340865029,0.747404332126689,148,148,9.0,0.03256342294585384
S일_C2_특보있는때만_풍속,좌초좌주,dow1,1.4117947255390713,0.6919579514526059,2.8804703275332746,0.34318802185628283,148,148,28.0,0.16527830367285118
S일_C2_특보있는때만_풍속,좌초좌주,dow2,1.803147533588397,0.8716452871828287,3.730119436995185,0.11192635179460275,148,148,23.0,0.13971980310488452
S일_C2_특보있는때만_풍속,좌초좌주,dow3,1.9093069344174425,0.8826953411034875,4.129910740502184,0.10037996093351942,148,148,24.0,0.13082165846270352
S일_C2_특보있는때만_풍속,좌초좌주,dow4,1.7548955815172724,0.8282303332213358,3.718359951936027,0.14208965313047228,148,148,22.0,0.14388489208633093
S일_C2_특보있는때만_풍속,좌초좌주,dow5,1.1943579536716955,0.5505201654649005,2.5911692449888806,0.6530940816305679,148,148,15.0,0.13082165846270352
S일_C2_특보있는때만_풍속,좌초좌주,dow6,1.3264177763851852,0.6174263085001088,2.849545108929074,0.46903518303106395,148,148,17.0,0.1257099583491102
S일_C2_특보있는때만_풍속,좌초좌주,hol,1.3913131135757142,0.4798138457554112,4.03438166099632,0.5431836243446913,148,148,8.0,0.048655812192351384
S일_C3_축(특보없음 파고구간 vs 특보),좌초좌주,nw_wh_1.5-2,0.6062867881527529,0.40979076897301614,0.8970032936803068,0.012283758275735579,1141,1141,26.0,0.03368974374290663
S일_C3_축(특보없음 파고구간 vs 특보),좌초좌주,nw_wh_2-3,0.3689630966521646,0.08895182063724043,1.5304213642386204,0.16953332377417385,1141,1141,2.0,0.004360551938354937
S일_C3_축(특보없음 파고구간 vs 특보),좌초좌주,nw_wh_3+,14.078205605990949,1.704284737996157,116.29269960933135,0.014092516281249967,1141,1141,1.0,8.960038229496445e-05
S일_C3_축(특보없음 파고구간 vs 특보),좌초좌주,w_주의보,0.7238461338096541,0.5817820806860827,0.9006004874080983,0.0037411520185499647,1141,1141,123.0,0.13882085896899826
S일_C3_축(특보없음 파고구간 vs 특보),좌초좌주,w_경보,1.0887363692418566,0.6866768187591108,1.7262078015855742,0.7176996692094229,1141,1141,25.0,0.01893554745833582
S일_C3_축(특보없음 파고구간 vs 특보),좌초좌주,dow1,1.0353068427312493,0.8072113412528175,1.3278557966524438,0.7846464995715485,1141,1141,154.0,0.14446568305358104
S일_C3_축(특보없음 파고구간 vs 특보),좌초좌주,dow2,1.0746956140120532,0.8407098132300505,1.3738041885573893,0.5652792342374608,1141,1141,160.0,0.14324114449554984
S일_C3_축(특보없음 파고구간 vs 특보),좌초좌주,dow3,1.111156239388208,0.8699501893140745,1.4192400938550713,0.3985731589017343,1141,1141,165.0,0.14279314258407502
S일_C3_축(특보없음 파고구간 vs 특보),좌초좌주,dow4,1.0087634382113582,0.7860335717824853,1.294605867742245,0.945349131670826,1141,1141,148.0,0.1433008780837465
S일_C3_축(특보없음 파고구간 vs 특보),좌초좌주,dow5,1.2063004514615872,0.9454940079888711,1.5390481239449136,0.13128543409964344,1141,1141,177.0,0.14183740517292873
S일_C3_축(특보없음 파고구간 vs 특보),좌초좌주,dow6,1.2985838364137008,1.0254100903648096,1.6445322666904754,0.030140733269985898,1141,1141,190.0,0.14085180096768413
S일_C3_축(특보없음 파고구간 vs 특보),좌초좌주,hol,0.9279198395852492,0.6871026274811092,1.2531391880313938,0.6255447472566873,1141,1141,54.0,0.05137088584911296
S일_C4_축(특보없음 풍속구간 vs 특보),좌초좌주,nw_ws_10-12,0.7521400931613256,0.5787959176400495,0.9773992913553045,0.03308652809466084,1141,1141,63.0,0.06842482527925453
S일_C4_축(특보없음 풍속구간 vs 특보),좌초좌주,nw_ws_12-14,0.912718072847166,0.5599103754285814,1.487835048357849,0.7141248358162855,1141,1141,19.0,0.016755271489158355
S일_C4_축(특보없음 풍속구간 vs 특보),좌초좌주,nw_ws_14+,1.3896003564690524,0.5546199932336187,3.481643601487588,0.48261604909282596,1141,1141,4.0,0.002359476733767397
S일_C4_축(특보없음 풍속구간 vs 특보),좌초좌주,w_주의보,0.7272493107165039,0.5844107581204402,0.9049996985658358,0.004307210262728622,1141,1141,123.0,0.13882085896899826
S일_C4_축(특보없음 풍속구간 vs 특보),좌초좌주,w_경보,1.1002931179811888,0.6937637151961218,1.7450392964620902,0.684610725595606,1141,1141,25.0,0.01893554745833582
S일_C4_축(특보없음 풍속구간 vs 특보),좌초좌주,dow1,1.0346620714389771,0.8067330133116881,1.32698871176701,0.7883951571597108,1141,1141,154.0,0.14446568305358104
S일_C4_축(특보없음 풍속구간 vs 특보),좌초좌주,dow2,1.0716078203164114,0.8380046846980146,1.3703304307625799,0.5814453543633666,1141,1141,160.0,0.14324114449554984
S일_C4_축(특보없음 풍속구간 vs 특보),좌초좌주,dow3,1.1077065068501981,0.8670161257316188,1.4152143990203994,0.4131466048266863,1141,1141,165.0,0.14279314258407502
S일_C4_축(특보없음 풍속구간 vs 특보),좌초좌주,dow4,1.008623764851209,0.7859761851676951,1.2943418874778918,0.9462010188544618,1141,1141,148.0,0.1433008780837465
S일_C4_축(특보없음 풍속구간 vs 특보),좌초좌주,dow5,1.2007223133604419,0.9411877217366056,1.531824141459768,0.14097129122219232,1141,1141,177.0,0.14183740517292873
S일_C4_축(특보없음 풍속구간 vs 특보),좌초좌주,dow6,1.2967347830383456,1.0236234269114395,1.642714550423224,0.031279207542218135,1141,1141,190.0,0.14085180096768413
S일_C4_축(특보없음 풍속구간 vs 특보),좌초좌주,hol,0.9278227868197191,0.686948168440129,1.2531587728033047,0.6251999422569181,1141,1141,54.0,0.05137088584911296
"S일_C5_축세분(파고, 기준: 특보없음·1m미만)",좌초좌주,nw_wh_1.0-1.5,0.7689080384543414,0.6123528038338755,0.9654884698790311,0.023674824514261283,1141,1141,112.0,0.11020847022280629
"S일_C5_축세분(파고, 기준: 특보없음·1m미만)",좌초좌주,nw_wh_1.5-2.0,0.5585138306093407,0.37620161810040337,0.8291769199638772,0.003863061971533188,1141,1141,26.0,0.03368974374290663
"S일_C5_축세분(파고, 기준: 특보없음·1m미만)",좌초좌주,nw_wh_2.0-2.5,0.3490296717075609,0.08382337984173376,1.4533142419489444,0.14808808685391694,1141,1141,2.0,0.004181351173765008
"S일_C5_축세분(파고, 기준: 특보없음·1m미만)",좌초좌주,nw_wh_2.5-99,2.639060628346026,0.41661748847725955,16.71711148166618,0.30284753009757903,1141,1141,1.0,0.0002688011468848934
"S일_C5_축세분(파고, 기준: 특보없음·1m미만)",좌초좌주,w_주의보,0.6907859507038363,0.5524897154987056,0.8636997509701534,0.0011719951756377078,1141,1141,123.0,0.13882085896899826
"S일_C5_축세분(파고, 기준: 특보없음·1m미만)",좌초좌주,w_경보,1.0301133144368178,0.6488336601097607,1.6354475820513046,0.8998900594907226,1141,1141,25.0,0.01893554745833582
"S일_C5_축세분(파고, 기준: 특보없음·1m미만)",좌초좌주,dow1,1.039805086381678,0.8102798912810647,1.334347093268998,0.759036509836692,1141,1141,154.0,0.14446568305358104
"S일_C5_축세분(파고, 기준: 특보없음·1m미만)",좌초좌주,dow2,1.0767314115812399,0.8421133082484766,1.3767156050497276,0.555468762450229,1141,1141,160.0,0.14324114449554984
"S일_C5_축세분(파고, 기준: 특보없음·1m미만)",좌초좌주,dow3,1.1099616255617517,0.8689374830379091,1.417840563066074,0.4035753540644369,1141,1141,165.0,0.14279314258407502
"S일_C5_축세분(파고, 기준: 특보없음·1m미만)",좌초좌주,dow4,1.0076049711362838,0.7854557953691557,1.2925842343315916,0.9524584233428592,1141,1141,148.0,0.1433008780837465
"S일_C5_축세분(파고, 기준: 특보없음·1m미만)",좌초좌주,dow5,1.2025280454061313,0.9425565318030773,1.5342036803055228,0.13781515425526347,1141,1141,177.0,0.14183740517292873
"S일_C5_축세분(파고, 기준: 특보없음·1m미만)",좌초좌주,dow6,1.30114796419283,1.0270437653719584,1.6484068954062612,0.02917671927488641,1141,1141,190.0,0.14085180096768413
"S일_C5_축세분(파고, 기준: 특보없음·1m미만)",좌초좌주,hol,0.9238925831946357,0.6840812683460987,1.2477720773523715,0.6056575656534204,1141,1141,54.0,0.05137088584911296
"S일_C6_축세분(풍속, 기준: 특보없음·8m/s미만)",좌초좌주,nw_ws_8-10,1.000892667158801,0.8367014835054991,1.1973041173240304,0.9922125543242617,1141,1141,183.0,0.15160384684307987
"S일_C6_축세분(풍속, 기준: 특보없음·8m/s미만)",좌초좌주,nw_ws_10-12,0.752316035367192,0.5766267819115087,0.9815350844343322,0.03596268356865684,1141,1141,63.0,0.06842482527925453
"S일_C6_축세분(풍속, 기준: 특보없음·8m/s미만)",좌초좌주,nw_ws_12-14,0.9129467972493603,0.5590197685736104,1.4909523803327096,0.715899313237333,1141,1141,19.0,0.016755271489158355
"S일_C6_축세분(풍속, 기준: 특보없음·8m/s미만)",좌초좌주,nw_ws_14-99,1.3900155941149481,0.5537363883513278,3.4892836962284837,0.4831200277283747,1141,1141,4.0,0.002359476733767397
"S일_C6_축세분(풍속, 기준: 특보없음·8m/s미만)",좌초좌주,w_주의보,0.7273968746001186,0.582978812467022,0.9075908109575616,0.004822117032795337,1141,1141,123.0,0.13882085896899826
"S일_C6_축세분(풍속, 기준: 특보없음·8m/s미만)",좌초좌주,w_경보,1.1005176528809097,0.6913671287630968,1.7518031360115682,0.6863319082320292,1141,1141,25.0,0.01893554745833582
"S일_C6_축세분(풍속, 기준: 특보없음·8m/s미만)",좌초좌주,dow1,1.0346427942580425,0.8065217113044998,1.3272869120642081,0.7887098140082671,1141,1141,154.0,0.14446568305358104
"S일_C6_축세분(풍속, 기준: 특보없음·8m/s미만)",좌초좌주,dow2,1.0716108803561752,0.8380195395456213,1.3703139660924593,0.5814069007091487,1141,1141,160.0,0.14324114449554984
"S일_C6_축세분(풍속, 기준: 특보없음·8m/s미만)",좌초좌주,dow3,1.1077278839289195,0.8671300464628,1.41508308913879,0.41284466777829043,1141,1141,165.0,0.14279314258407502
"S일_C6_축세분(풍속, 기준: 특보없음·8m/s미만)",좌초좌주,dow4,1.0086232375764586,0.7859695435364158,1.29435147168916,0.9462059963841669,1141,1141,148.0,0.1433008780837465
"S일_C6_축세분(풍속, 기준: 특보없음·8m/s미만)",좌초좌주,dow5,1.2007242174009356,0.941200671799842,1.53180792306074,0.14094797955103933,1141,1141,177.0,0.14183740517292873
"S일_C6_축세분(풍속, 기준: 특보없음·8m/s미만)",좌초좌주,dow6,1.2967180497217714,1.0235376318020613,1.6428098471707293,0.03133832683658744,1141,1141,190.0,0.14085180096768413
"S일_C6_축세분(풍속, 기준: 특보없음·8m/s미만)",좌초좌주,hol,0.9278096879667145,0.6868796510419979,1.2532483904261975,0.6252332881826896,1141,1141,54.0,0.05137088584911296
S일_C7_축(특보없음 & (파고≥1.5 또는 풍속≥10)),좌초좌주,nw_or_1.5_10,0.7205539012487989,0.5776119994230614,0.8988696999429661,0.0036718241962745424,1141,1141,96.0,0.10569858431395975
S일_C7_축(특보없음 & (파고≥1.5 또는 풍속≥10)),좌초좌주,w_주의보,0.7141353499433355,0.5733429612055013,0.889501280291983,0.002654418063352093,1141,1141,123.0,0.13882085896899826
S일_C7_축(특보없음 & (파고≥1.5 또는 풍속≥10)),좌초좌주,w_경보,1.0778002698543927,0.6791115190905234,1.7105488407175096,0.7505411381869653,1141,1141,25.0,0.01893554745833582
S일_C7_축(특보없음 & (파고≥1.5 또는 풍속≥10)),좌초좌주,dow1,1.0361195346229093,0.807798693265157,1.3289742840358956,0.7799498465975692,1141,1141,154.0,0.14446568305358104
S일_C7_축(특보없음 & (파고≥1.5 또는 풍속≥10)),좌초좌주,dow2,1.0725771506991657,0.8386405090236865,1.3717698248814836,0.5767413014269585,1141,1141,160.0,0.14324114449554984
S일_C7_축(특보없음 & (파고≥1.5 또는 풍속≥10)),좌초좌주,dow3,1.1098911539013945,0.8689699887605112,1.4176075001918966,0.40366776096743795,1141,1141,165.0,0.14279314258407502
S일_C7_축(특보없음 & (파고≥1.5 또는 풍속≥10)),좌초좌주,dow4,1.0091007482796885,0.7864002465966204,1.294867752884811,0.9432285559499021,1141,1141,148.0,0.1433008780837465
S일_C7_축(특보없음 & (파고≥1.5 또는 풍속≥10)),좌초좌주,dow5,1.202051427839607,0.9420865655407037,1.5337525106749959,0.1388292163503122,1141,1141,177.0,0.14183740517292873
S일_C7_축(특보없음 & (파고≥1.5 또는 풍속≥10)),좌초좌주,dow6,1.3005085403409362,1.026853498016939,1.64709227437604,0.02926931486638562,1141,1141,190.0,0.14085180096768413
S일_C7_축(특보없음 & (파고≥1.5 또는 풍속≥10)),좌초좌주,hol,0.92635532608273,0.6858725535841823,1.2511569178230948,0.6178908711397508,1141,1141,54.0,0.05137088584911296
S일_C8_축(특보없음 & (파고≥2 또는 풍속≥12)),좌초좌주,nw_or_2.0_12,0.8950388944704823,0.5738745030423548,1.3959404336104797,0.6248393301039119,1141,1141,23.0,0.021384624574398183
S일_C8_축(특보없음 & (파고≥2 또는 풍속≥12)),좌초좌주,w_주의보,0.7421613743670653,0.5971838596110896,0.9223348835333843,0.007164877623434984,1141,1141,123.0,0.13882085896899826
S일_C8_축(특보없음 & (파고≥2 또는 풍속≥12)),좌초좌주,w_경보,1.1229157798170484,0.7094134441182183,1.777440023186259,0.6207635133780283,1141,1141,25.0,0.01893554745833582
S일_C8_축(특보없음 & (파고≥2 또는 풍속≥12)),좌초좌주,dow1,1.0341703728761173,0.8065500346607758,1.3260285340940425,0.7910744387603528,1141,1141,154.0,0.14446568305358104
S일_C8_축(특보없음 & (파고≥2 또는 풍속≥12)),좌초좌주,dow2,1.075436933466329,0.8410437095228359,1.3751539721040602,0.5620283403271635,1141,1141,160.0,0.14324114449554984
S일_C8_축(특보없음 & (파고≥2 또는 풍속≥12)),좌초좌주,dow3,1.1087885373942177,0.8677180274910237,1.4168335584908962,0.40902151899903005,1141,1141,165.0,0.14279314258407502
S일_C8_축(특보없음 & (파고≥2 또는 풍속≥12)),좌초좌주,dow4,1.0053353897605506,0.7831250287965915,1.290597553060096,0.9666945522448025,1141,1141,148.0,0.1433008780837465
S일_C8_축(특보없음 & (파고≥2 또는 풍속≥12)),좌초좌주,dow5,1.202764215091823,0.9427504574535401,1.534490644547623,0.1373813449806789,1141,1141,177.0,0.14183740517292873
S일_C8_축(특보없음 & (파고≥2 또는 풍속≥12)),좌초좌주,dow6,1.294247981953284,1.0215489428592124,1.6397431082467517,0.03262984935511115,1141,1141,190.0,0.14085180096768413
S일_C8_축(특보없음 & (파고≥2 또는 풍속≥12)),좌초좌주,hol,0.9259006960312154,0.6857780680965346,1.250101364849147,0.6152220364839751,1141,1141,54.0,0.05137088584911296
S일_A1_달력,표류,dow1,1.2807602923062698,0.9259127220665904,1.7715999437692895,0.1349241128541816,513,513,89.0,0.14298001852587006
S일_A1_달력,표류,dow2,0.8667887744940943,0.6042498940197234,1.2433974536443193,0.4373973590302913,513,513,61.0,0.14430329495831679
S일_A1_달력,표류,dow3,0.9710892897204825,0.6940255748929313,1.3587603147842384,0.8640840221679023,513,513,67.0,0.14403863967182745
S일_A1_달력,표류,dow4,0.9580946277883388,0.6770386624494203,1.3558240713697094,0.8090517347035953,513,513,66.0,0.14331083763398175
S일_A1_달력,표류,dow5,1.149086607124924,0.819196350746797,1.6118236238115122,0.4208794113873031,513,513,79.0,0.1414582506285563
S일_A1_달력,표류,dow6,1.1704428166117509,0.8344170447395388,1.6417885943181694,0.36201069311902545,513,513,80.0,0.14066428476908827
S일_A1_달력,표류,hol,1.669610911302367,1.1879631969924391,2.3465378407321675,0.0031583318472185873,513,513,40.0,0.049292047108641
S일_A2_특보유무(풍랑·태풍),표류,any_warn,2.8302332479243852,2.269493394822615,3.5295190794255205,0.0,513,513,168.0,0.16057959507741168
S일_A2_특보유무(풍랑·태풍),표류,dow1,1.262244212342259,0.909762486666886,1.7512927549131956,0.1633328412244226,513,513,89.0,0.14298001852587006
S일_A2_특보유무(풍랑·태풍),표류,dow2,0.9025044060293176,0.6278388541591754,1.2973300354167445,0.5795428954988084,513,513,61.0,0.14430329495831679
S일_A2_특보유무(풍랑·태풍),표류,dow3,1.0364977027694755,0.7362401396093692,1.4592079812660197,0.8372489984704536,513,513,67.0,0.14403863967182745
S일_A2_특보유무(풍랑·태풍),표류,dow4,0.9888374706516162,0.698640571092316,1.3995745220405795,0.9495010939429906,513,513,66.0,0.14331083763398175
S일_A2_특보유무(풍랑·태풍),표류,dow5,1.194685606985321,0.8505856035523233,1.6779894858049837,0.30474595652781566,513,513,79.0,0.1414582506285563
S일_A2_특보유무(풍랑·태풍),표류,dow6,1.230890963391997,0.8783489544445787,1.7249323928644544,0.22758585013852417,513,513,80.0,0.14066428476908827
S일_A2_특보유무(풍랑·태풍),표류,hol,1.6836013041469087,1.192538232741849,2.376874194471855,0.003068479437178029,513,513,40.0,0.049292047108641
S일_A3_특보종류·수준,표류,wv_주의보,2.3699208110380767,1.8514511224214845,3.033579759451391,7.37987448928834e-12,513,513,127.0,0.14483260553129548
S일_A3_특보종류·수준,표류,wv_경보,15.436427385706189,9.044733393804934,26.344976690787686,0.0,513,513,39.0,0.0098584094217282
S일_A3_특보종류·수준,표류,ty_주의보,0.571788762792984,0.09068802505065111,3.6051329717868184,0.5518391095052588,513,513,1.0,0.0019187508270477702
S일_A3_특보종류·수준,표류,ty_경보,2.093345645416166,0.9128848538092231,4.800272425265373,0.08102992652064689,513,513,10.0,0.008402805346036787
S일_A3_특보종류·수준,표류,dow1,1.2471421777433551,0.9048447539079888,1.7189286944405482,0.17728376963990278,513,513,89.0,0.14298001852587006
S일_A3_특보종류·수준,표류,dow2,0.9117170236520487,0.6398513777036651,1.299095321479354,0.608931267502496,513,513,61.0,0.14430329495831679
S일_A3_특보종류·수준,표류,dow3,1.0040192114480389,0.7172214771734886,1.405499708304055,0.9813536545810768,513,513,67.0,0.14403863967182745
S일_A3_특보종류·수준,표류,dow4,1.0280220298774152,0.7296605653683023,1.4483848299789062,0.8744490623123635,513,513,66.0,0.14331083763398175
S일_A3_특보종류·수준,표류,dow5,1.232428623969966,0.88348117389426,1.7191994103117043,0.2184931185131016,513,513,79.0,0.1414582506285563
S일_A3_특보종류·수준,표류,dow6,1.2663511644393641,0.9071329368776696,1.7678172696458836,0.1653299953697296,513,513,80.0,0.14066428476908827
S일_A3_특보종류·수준,표류,hol,1.6912411415227242,1.1966488217688658,2.3902556428802946,0.002909457109907976,513,513,40.0,0.049292047108641
S일_A3b_특보최고수준,표류,warn_주의보,2.2538110180704183,1.7629849677659832,2.8812861130701855,8.889444735871166e-11,513,513,120.0,0.14258303559613603
S일_A3b_특보최고수준,표류,warn_경보,10.98992312018297,6.77407682055888,17.829501109432005,0.0,513,513,48.0,0.01799655948127564
S일_A3b_특보최고수준,표류,dow1,1.2778463859329776,0.9224180460859647,1.770229228461772,0.140382352141446,513,513,89.0,0.14298001852587006
S일_A3b_특보최고수준,표류,dow2,0.9172123468620658,0.6417065546529525,1.3110018639145715,0.6353814475351984,513,513,61.0,0.14430329495831679
S일_A3b_특보최고수준,표류,dow3,1.0328904281911733,0.7360971160993319,1.449350382327783,0.8514738046647763,513,513,67.0,0.14403863967182745
S일_A3b_특보최고수준,표류,dow4,1.023337374198122,0.7245516447068813,1.4453343513620232,0.8958094148524787,513,513,66.0,0.14331083763398175
S일_A3b_특보최고수준,표류,dow5,1.2320717453883627,0.8806998238868332,1.7236301684322628,0.22308768436845505,513,513,79.0,0.1414582506285563
S일_A3b_특보최고수준,표류,dow6,1.2611654583674559,0.901521692504255,1.7642817988782764,0.1755053639955193,513,513,80.0,0.14066428476908827
S일_A3b_특보최고수준,표류,hol,1.7345295702361803,1.2328030705786401,2.440448845257634,0.0015701830988017473,513,513,40.0,0.049292047108641
S일_B1_특보없는때_파고,표류,wh_max[0-0.5],0.7649935620029887,0.5775626520115881,1.0132496411736107,0.06173336800742302,343,343,173.0,0.5490932332028441
S일_B1_특보없는때_파고,표류,wh_max[1-1.5],1.3553651625033503,0.9133375681747843,2.0113206636170973,0.1310752225983456,343,343,50.0,0.11168810417831748
S일_B1_특보없는때_파고,표류,wh_max[1.5-2],0.8505724086860561,0.42068107861727594,1.7197669664534532,0.6522986731942506,343,343,9.0,0.035871215147399535
S일_B1_특보없는때_파고,표류,wh_max[2-2.5],0.7337494118875716,0.09667133593101264,5.569264087025405,0.7646526169364083,343,343,1.0,0.005352720300391468
S일_B1_특보없는때_파고,표류,wh_max[2.5-3],5.791597556360114e-09,7.508519699637901e-10,4.46727232485706e-08,0.0,343,343,0.0,7.989134776703683e-05
S일_B1_특보없는때_파고,표류,wh_max[3-4],1.0000002096224643,0.9999885019316728,1.0000119174503272,0.9720056053064954,343,343,0.0,0.0
S일_B1_특보없는때_파고,표류,wh_max[4+],0.9999995317326352,0.9999995317326352,0.9999995317326352,,343,343,0.0,0.0
S일_B1_특보없는때_파고,표류,dow1,1.2492913280411329,0.8393896715971765,1.8593614802872773,0.27261889707783715,343,343,50.0,0.13917072781017817
S일_B1_특보없는때_파고,표류,dow2,1.0132559018836862,0.6571365546336575,1.56236556232134,0.9524702675441994,343,343,43.0,0.14524247024047296
S일_B1_특보없는때_파고,표류,dow3,1.1071584024628236,0.7272401281776057,1.6855501788876373,0.6349882222943319,343,343,46.0,0.14819845010785332
S일_B1_특보없는때_파고,표류,dow4,1.1190934435061728,0.7237043733662586,1.7304996092163913,0.6128950666121611,343,343,45.0,0.14188703363425742
S일_B1_특보없는때_파고,표류,dow5,1.4208123838499278,0.9584409862035999,2.106241134467182,0.0803485678620226,343,343,58.0,0.14196692498202446
S일_B1_특보없는때_파고,표류,dow6,1.4287391287940452,0.9558416121450793,2.135600158237656,0.08189808283979483,343,343,59.0,0.14332507789406407
S일_B1_특보없는때_파고,표류,hol,1.7794663586159631,1.1735005717523497,2.698337433885971,0.006663260300998175,343,343,27.0,0.04977230965886394
S일_B2_특보없는때_풍속,표류,ws_max[0-4],0.952278155374822,0.6722397696016915,1.3489735749216105,0.7831536198358622,343,343,50.0,0.17863705360709436
S일_B2_특보없는때_풍속,표류,ws_max[6-8],1.2335572293169443,0.9042276871443635,1.6828321667584116,0.1852836920199452,343,343,81.0,0.253814811855876
S일_B2_특보없는때_풍속,표류,ws_max[8-10],1.9672988633997215,1.4305654263650462,2.7054091666173377,3.1426947962209795e-05,343,343,80.0,0.17096748422145883
S일_B2_특보없는때_풍속,표류,ws_max[10-12],1.9968867541305908,1.3065569351148356,3.0519578608885745,0.0013958500611361835,343,343,35.0,0.07453862746664536
S일_B2_특보없는때_풍속,표류,ws_max[12-14],3.670644224011659,1.9482547966916168,6.915742767398842,5.730066339482143e-05,343,343,13.0,0.015498921466805145
S일_B2_특보없는때_풍속,표류,ws_max[14-17],5.479121928429658,0.6167065663521651,48.67919160350828,0.12694150048107034,343,343,1.0,0.0010385875209714787
S일_B2_특보없는때_풍속,표류,ws_max[17+],0.9999999999999843,0.9999999999999843,0.9999999999999843,,343,343,0.0,0.0
S일_B2_특보없는때_풍속,표류,dow1,1.249498306422117,0.8361816933926238,1.867113367930031,0.27705947617082183,343,343,50.0,0.13917072781017817
S일_B2_특보없는때_풍속,표류,dow2,1.0381423476616443,0.6696649644639487,1.609371239648375,0.8670937962592138,343,343,43.0,0.14524247024047296
S일_B2_특보없는때_풍속,표류,dow3,1.159476547675944,0.7572741977333313,1.7752960138276646,0.49599989227172747,343,343,46.0,0.14819845010785332
S일_B2_특보없는때_풍속,표류,dow4,1.1228474090946363,0.7243055429512849,1.740682942965321,0.6044509192363616,343,343,45.0,0.14188703363425742
S일_B2_특보없는때_풍속,표류,dow5,1.4322658403912543,0.9638560176322154,2.128311075539112,0.0754325730138754,343,343,58.0,0.14196692498202446
S일_B2_특보없는때_풍속,표류,dow6,1.4265713722700644,0.9563153097942462,2.1280699569876727,0.0816666182410577,343,343,59.0,0.14332507789406407
S일_B2_특보없는때_풍속,표류,hol,1.7886468709115095,1.1755673208901007,2.7214584583715395,0.006620345680979911,343,343,27.0,0.04977230965886394
S일_B3_특보없는때_파고+풍속,표류,wh_max[0-0.5],1.294691119215756,0.9190286212437874,1.8239095665025005,0.13965178090586705,343,343,173.0,0.5490932332028441
S일_B3_특보없는때_파고+풍속,표류,wh_max[1-1.5],0.925917472800641,0.6100211281484788,1.4053991359932927,0.71770662717709,343,343,50.0,0.11168810417831748
S일_B3_특보없는때_파고+풍속,표류,wh_max[1.5-2],0.4491395716735888,0.20364965640031715,0.9905558320540365,0.04730996807408627,343,343,9.0,0.035871215147399535
S일_B3_특보없는때_파고+풍속,표류,wh_max[2-2.5],0.24400593437386134,0.033622746216293464,1.7707921782072873,0.1630421212308315,343,343,1.0,0.005352720300391468
S일_B3_특보없는때_파고+풍속,표류,wh_max[2.5-3],7.1888141292928595e-09,8.683294267645508e-10,5.951548685627294e-08,0.0,343,343,0.0,7.989134776703683e-05
S일_B3_특보없는때_파고+풍속,표류,wh_max[3-4],1.0000016358549948,1.0000016358549948,1.0000016358549948,,343,343,0.0,0.0
S일_B3_특보없는때_파고+풍속,표류,wh_max[4+],1.0000009154227534,0.9999998846381895,1.0000019462083798,0.08174608051934906,343,343,0.0,0.0
S일_B3_특보없는때_파고+풍속,표류,ws_max[0-4],0.9373716177167727,0.6614746396800906,1.3283435176379688,0.7161353104384884,343,343,50.0,0.17863705360709436
S일_B3_특보없는때_파고+풍속,표류,ws_max[6-8],1.3219363478146038,0.9572375808617469,1.8255820107900727,0.09014410906528636,343,343,81.0,0.253814811855876
S일_B3_특보없는때_파고+풍속,표류,ws_max[8-10],2.4198905809143154,1.6222834474956207,3.609646903959815,1.48126430294937e-05,343,343,80.0,0.17096748422145883
S일_B3_특보없는때_파고+풍속,표류,ws_max[10-12],2.801852429015228,1.627332935736441,4.824075554290854,0.00020195254580768207,343,343,35.0,0.07453862746664536
S일_B3_특보없는때_파고+풍속,표류,ws_max[12-14],6.021228300258947,2.8239316112347614,12.838551082328337,3.362739286805194e-06,343,343,13.0,0.015498921466805145
S일_B3_특보없는때_파고+풍속,표류,ws_max[14-17],10.17298092502419,1.102315694307124,93.88375892257959,0.04076478052256727,343,343,1.0,0.0010385875209714787
S일_B3_특보없는때_파고+풍속,표류,ws_max[17+],1.0000007931212413,1.0000002194596918,1.00000136678312,0.006732034565958056,343,343,0.0,0.0
S일_B3_특보없는때_파고+풍속,표류,dow1,1.2492970320652654,0.8379505860096368,1.862571732015152,0.27468022624701116,343,343,50.0,0.13917072781017817
S일_B3_특보없는때_파고+풍속,표류,dow2,1.0350500883825107,0.6696312818802378,1.5998784920150255,0.876780442910071,343,343,43.0,0.14524247024047296
S일_B3_특보없는때_파고+풍속,표류,dow3,1.1690109591789903,0.763553312371626,1.7897723715399942,0.47239288940965496,343,343,46.0,0.14819845010785332
S일_B3_특보없는때_파고+풍속,표류,dow4,1.1287604724327154,0.7294459971758003,1.7466683058916865,0.5866142037650006,343,343,45.0,0.14188703363425742
S일_B3_특보없는때_파고+풍속,표류,dow5,1.4303201932946634,0.9646981540530338,2.120679765739466,0.07488979504048787,343,343,58.0,0.14196692498202446
S일_B3_특보없는때_파고+풍속,표류,dow6,1.4118093596621915,0.9478941790544342,2.1027723474555744,0.08974849059263268,343,343,59.0,0.14332507789406407
S일_B3_특보없는때_파고+풍속,표류,hol,1.7979083685027675,1.176463415082634,2.7476200790359773,0.006707219043480261,343,343,27.0,0.04977230965886394
S일_B4_특보없는때_파고연속(1m당),표류,wh_per1m,1.7463849345426739,1.2974752620102672,2.3506115522173903,0.00023519880289279982,343,343,,
S일_B4_특보없는때_파고연속(1m당),표류,dow1,1.237320945256778,0.8293282087100348,1.846028032680136,0.29684700788432794,343,343,50.0,0.13917072781017817
S일_B4_특보없는때_파고연속(1m당),표류,dow2,1.0147458065497474,0.656189911044252,1.5692241446864554,0.947526643446621,343,343,43.0,0.14524247024047296
S일_B4_특보없는때_파고연속(1m당),표류,dow3,1.1079177784379473,0.7268049441536822,1.6888737668236427,0.6337472311231922,343,343,46.0,0.14819845010785332
S일_B4_특보없는때_파고연속(1m당),표류,dow4,1.1097542733220682,0.7163313487864756,1.7192526185583623,0.6410197956010131,343,343,45.0,0.14188703363425742
S일_B4_특보없는때_파고연속(1m당),표류,dow5,1.41394298862516,0.9517731857056038,2.1005369820332795,0.08630181771380196,343,343,58.0,0.14196692498202446
S일_B4_특보없는때_파고연속(1m당),표류,dow6,1.4331052888946,0.9582723681096416,2.143222362874903,0.07970053307471536,343,343,59.0,0.14332507789406407
S일_B4_특보없는때_파고연속(1m당),표류,hol,1.7745130476983264,1.1723598200508447,2.685947183276067,0.0066894650735951355,343,343,27.0,0.04977230965886394
S일_B5_특보없는때_풍속연속(1m/s당),표류,ws_per1ms,1.1351447346823915,1.0770434276285619,1.1963803274992344,2.2592111839081497e-06,343,343,,
S일_B5_특보없는때_풍속연속(1m/s당),표류,dow1,1.2402684868409892,0.8314504366318226,1.850099358516546,0.2912697700035358,343,343,50.0,0.13917072781017817
S일_B5_특보없는때_풍속연속(1m/s당),표류,dow2,1.033826691339694,0.6667702468653153,1.6029473911757668,0.8818133327064834,343,343,43.0,0.14524247024047296
S일_B5_특보없는때_풍속연속(1m/s당),표류,dow3,1.1504171351591863,0.7531039632746487,1.7573398221318592,0.5168295761434019,343,343,46.0,0.14819845010785332
S일_B5_특보없는때_풍속연속(1m/s당),표류,dow4,1.1209125404129183,0.7230945371695732,1.7375942683415588,0.6097994183063573,343,343,45.0,0.14188703363425742
S일_B5_특보없는때_풍속연속(1m/s당),표류,dow5,1.4262353370528238,0.9596753136436871,2.119620258788307,0.07902361532760915,343,343,58.0,0.14196692498202446
S일_B5_특보없는때_풍속연속(1m/s당),표류,dow6,1.430326709109293,0.9579282753099075,2.135686509649749,0.08014394797801616,343,343,59.0,0.14332507789406407
S일_B5_특보없는때_풍속연속(1m/s당),표류,hol,1.7748650244987045,1.1658716507129294,2.701966252685255,0.007456146365703908,343,343,27.0,0.04977230965886394
S일_C1_특보있는때만_파고,표류,wh_max[2-3],3.2169955750060044,1.6092584687669973,6.430949863223397,0.0009455214102520593,162,162,35.0,0.21070375052675938
S일_C1_특보있는때만_파고,표류,wh_max[3-4],5.061084715270867,2.1025135587023702,12.182836295694186,0.000296788920406188,162,162,14.0,0.06026127265065318
S일_C1_특보있는때만_파고,표류,wh_max[4+],21.290509782545378,6.42191602018929,70.58420031897263,5.696726794734985e-07,162,162,18.0,0.022756005056890013
S일_C1_특보있는때만_파고,표류,dow1,1.2603973283620755,0.6876215224134242,2.310284616698094,0.4541107935527484,162,162,39.0,0.16898440792246103
S일_C1_특보있는때만_파고,표류,dow2,0.7611890567803361,0.3522827776163854,1.6447263873713371,0.48756704521534466,162,162,17.0,0.14369995785924988
S일_C1_특보있는때만_파고,표류,dow3,0.9270412032891376,0.47404916472550795,1.8129035056804705,0.8247877877035854,162,162,21.0,0.123472397808681
S일_C1_특보있는때만_파고,표류,dow4,0.9184429063191996,0.4654362456707236,1.8123585776016786,0.8062053472912896,162,162,20.0,0.146228402865571
S일_C1_특보있는때만_파고,표류,dow5,0.7225949789144291,0.33428245578082444,1.5619829713548976,0.40874221551288237,162,162,20.0,0.13400758533501897
S일_C1_특보있는때만_파고,표류,dow6,0.815172108792002,0.33606072898170797,1.9773377537027514,0.6512549617362762,162,162,17.0,0.12305099030762748
S일_C1_특보있는때만_파고,표류,hol,2.6070333877655005,1.0873165743825308,6.250822662924783,0.031743648280512016,162,162,13.0,0.04677623261694058
S일_C2_특보있는때만_풍속,표류,ws_max[10-14],1.6103560836029855,0.9815144810548252,2.6420870665201046,0.0592765196928271,162,162,56.0,0.5077960387694901
S일_C2_특보있는때만_풍속,표류,ws_max[14-17],7.671869102105737,4.433456922087284,13.275774763169316,3.275157922644212e-13,162,162,59.0,0.14285714285714285
S일_C2_특보있는때만_풍속,표류,ws_max[17+],8.756533260212912,3.9976136048939153,19.180661843692558,5.8348060605339924e-08,162,162,20.0,0.03750526759376317
S일_C2_특보있는때만_풍속,표류,dow1,1.1922125749717467,0.6431015660036223,2.2101809403971453,0.5766714795917365,162,162,39.0,0.16898440792246103
S일_C2_특보있는때만_풍속,표류,dow2,0.7019920314218988,0.3276466076798828,1.5040375838754676,0.36274952312717135,162,162,17.0,0.14369995785924988
S일_C2_특보있는때만_풍속,표류,dow3,0.8842590404038246,0.46612919557531973,1.677462081238691,0.7065195491132421,162,162,21.0,0.123472397808681
S일_C2_특보있는때만_풍속,표류,dow4,0.9331068265444206,0.47538990590660174,1.831524689367007,0.8405240873827813,162,162,20.0,0.146228402865571
S일_C2_특보있는때만_풍속,표류,dow5,0.967252127044307,0.4055374977336297,2.3070041179921996,0.9401534854887079,162,162,20.0,0.13400758533501897
S일_C2_특보있는때만_풍속,표류,dow6,1.027970175938657,0.39009581514487757,2.708879822837621,0.9554998960553145,162,162,17.0,0.12305099030762748
S일_C2_특보있는때만_풍속,표류,hol,2.0243150608581324,0.8937957518270225,4.584773934358694,0.09087298365046137,162,162,13.0,0.04677623261694058
S일_C3_축(특보없음 파고구간 vs 특보),표류,nw_wh_1.5-2,0.7603519840320875,0.39762724741015615,1.453962582763299,0.4074747973899351,505,505,9.0,0.03015446608462055
S일_C3_축(특보없음 파고구간 vs 특보),표류,nw_wh_2-3,0.6049009248829934,0.07956472685673942,4.598835983979846,0.627167956943419,505,505,1.0,0.004566823371390195
S일_C3_축(특보없음 파고구간 vs 특보),표류,nw_wh_3+,0.9999999999999971,0.9999999999999971,0.9999999999999971,,505,505,0.0,0.0
S일_C3_축(특보없음 파고구간 vs 특보),표류,w_주의보,2.1475990502405313,1.6620643602638203,2.7749717705648522,5.052463336596702e-09,505,505,114.0,0.14116856950973808
S일_C3_축(특보없음 파고구간 vs 특보),표류,w_경보,10.748770047297347,6.601000981246108,17.50280871915068,0.0,505,505,48.0,0.018200134318334452
S일_C3_축(특보없음 파고구간 vs 특보),표류,dow1,1.2875170076206668,0.9273830728578336,1.7875030215982806,0.1311326662464114,505,505,89.0,0.14392209536601747
S일_C3_축(특보없음 파고구간 vs 특보),표류,dow2,0.9061760333635005,0.6319207718562901,1.299458792959496,0.5921678626919293,505,505,60.0,0.14499664204163867
S일_C3_축(특보없음 파고구간 vs 특보),표류,dow3,1.0444650904676758,0.7439671426261648,1.4663380446545051,0.8015532376353445,505,505,67.0,0.1442578912021491
S일_C3_축(특보없음 파고구간 vs 특보),표류,dow4,1.0300675155129053,0.7273838498998507,1.4587058630199419,0.8674600589449812,505,505,65.0,0.14257891202149092
S일_C3_축(특보없음 파고구간 vs 특보),표류,dow5,1.2476083822850734,0.8914803300929413,1.7460022650030904,0.19701111014268458,505,505,78.0,0.1406984553391538
S일_C3_축(특보없음 파고구간 vs 특보),표류,dow6,1.2257741000337719,0.870917390057728,1.725217754825185,0.24304011140539217,505,505,76.0,0.14009402283411684
S일_C3_축(특보없음 파고구간 vs 특보),표류,hol,1.7701872770205087,1.2571843968138376,2.4925245681276915,0.0010721667280852998,505,505,40.0,0.049294828744123574
S일_C4_축(특보없음 풍속구간 vs 특보),표류,nw_ws_10-12,1.5302228704109573,1.0595963777539525,2.209881122934987,0.023285660411813236,505,505,35.0,0.06265950302216253
S일_C4_축(특보없음 풍속구간 vs 특보),표류,nw_ws_12-14,2.7272652199085474,1.5138245429037027,4.913367017723112,0.0008360328924952309,505,505,13.0,0.01302887844190732
S일_C4_축(특보없음 풍속구간 vs 특보),표류,nw_ws_14+,3.0684362104497285,0.3713969467654078,25.351045181171738,0.29803827364081115,505,505,1.0,0.0008730691739422431
S일_C4_축(특보없음 풍속구간 vs 특보),표류,w_주의보,2.31821772764873,1.7903441694229496,3.001732027042036,1.7964740806064583e-10,505,505,114.0,0.14116856950973808
S일_C4_축(특보없음 풍속구간 vs 특보),표류,w_경보,11.689113944396068,7.15364831430415,19.10009813200684,0.0,505,505,48.0,0.018200134318334452
S일_C4_축(특보없음 풍속구간 vs 특보),표류,dow1,1.2812224759149213,0.9220191354195526,1.7803654715285322,0.13985668983562194,505,505,89.0,0.14392209536601747
S일_C4_축(특보없음 풍속구간 vs 특보),표류,dow2,0.9066036035222884,0.6317897554000522,1.300955083387113,0.5946361389823909,505,505,60.0,0.14499664204163867
S일_C4_축(특보없음 풍속구간 vs 특보),표류,dow3,1.03980828088295,0.7405386415366453,1.4600200453405416,0.8216512121241752,505,505,67.0,0.1442578912021491
S일_C4_축(특보없음 풍속구간 vs 특보),표류,dow4,1.0065930022772624,0.7108510497212897,1.4253752211955228,0.970464572846133,505,505,65.0,0.14257891202149092
S일_C4_축(특보없음 풍속구간 vs 특보),표류,dow5,1.2348984502363918,0.8823311226725925,1.7283468113162272,0.21865177302774796,505,505,78.0,0.1406984553391538
S일_C4_축(특보없음 풍속구간 vs 특보),표류,dow6,1.2143838446040804,0.862320117437771,1.7101863823115668,0.26614606217042436,505,505,76.0,0.14009402283411684
S일_C4_축(특보없음 풍속구간 vs 특보),표류,hol,1.7424986368507964,1.2365314765595978,2.4554987535576425,0.0015078587701298218,505,505,40.0,0.049294828744123574
"S일_C5_축세분(파고, 기준: 특보없음·1m미만)",표류,nw_wh_1.0-1.5,1.463058123379961,1.015994580735699,2.1068410333823753,0.04082644157838056,505,505,50.0,0.0938885157824043
"S일_C5_축세분(파고, 기준: 특보없음·1m미만)",표류,nw_wh_1.5-2.0,0.8493446560771989,0.437038956943052,1.650622520822314,0.6300332212450168,505,505,9.0,0.03015446608462055
"S일_C5_축세분(파고, 기준: 특보없음·1m미만)",표류,nw_wh_2.0-2.5,0.6868382111358362,0.0898746877985496,5.248938714910213,0.7173175883829055,505,505,1.0,0.0044996642041638685
"S일_C5_축세분(파고, 기준: 특보없음·1m미만)",표류,nw_wh_2.5-99,1.7417116046303553e-08,2.288500170587247e-09,1.3255665665629456e-07,0.0,505,505,0.0,6.71591672263264e-05
"S일_C5_축세분(파고, 기준: 특보없음·1m미만)",표류,w_주의보,2.285156149193071,1.7404022563677484,3.000420510309604,2.7105322430998058e-09,505,505,114.0,0.14116856950973808
"S일_C5_축세분(파고, 기준: 특보없음·1m미만)",표류,w_경보,11.447933775444678,6.9955290758111675,18.7341352321905,0.0,505,505,48.0,0.018200134318334452
"S일_C5_축세분(파고, 기준: 특보없음·1m미만)",표류,dow1,1.2889315293731378,0.9282934131844128,1.789676048344573,0.12960288884741944,505,505,89.0,0.14392209536601747
"S일_C5_축세분(파고, 기준: 특보없음·1m미만)",표류,dow2,0.9054606525179961,0.63160521335929,1.298056089337465,0.5889028909649499,505,505,60.0,0.14499664204163867
"S일_C5_축세분(파고, 기준: 특보없음·1m미만)",표류,dow3,1.043419414919784,0.7425407657744506,1.4662145509223774,0.8065428543646314,505,505,67.0,0.1442578912021491
"S일_C5_축세분(파고, 기준: 특보없음·1m미만)",표류,dow4,1.02929903202515,0.7264789994057202,1.4583442855121418,0.8709526658861857,505,505,65.0,0.14257891202149092
"S일_C5_축세분(파고, 기준: 특보없음·1m미만)",표류,dow5,1.2510008139501634,0.8933760672739013,1.75178527143615,0.19235083552700782,505,505,78.0,0.1406984553391538
"S일_C5_축세분(파고, 기준: 특보없음·1m미만)",표류,dow6,1.2242512065884308,0.8693057950480159,1.7241240371007116,0.2467706971409136,505,505,76.0,0.14009402283411684
"S일_C5_축세분(파고, 기준: 특보없음·1m미만)",표류,hol,1.7532050134167414,1.2442244741360409,2.4703965264820225,0.0013325035357540926,505,505,40.0,0.049294828744123574
"S일_C6_축세분(풍속, 기준: 특보없음·8m/s미만)",표류,nw_ws_8-10,1.7440133453137316,1.3201951599860868,2.3038885770982893,9.019236399065989e-05,505,505,80.0,0.14372061786433848
"S일_C6_축세분(풍속, 기준: 특보없음·8m/s미만)",표류,nw_ws_10-12,1.8044562269220938,1.226073118971382,2.6556836003464483,0.0027558324094385522,505,505,35.0,0.06265950302216253
"S일_C6_축세분(풍속, 기준: 특보없음·8m/s미만)",표류,nw_ws_12-14,3.2103940838673632,1.7736347052878085,5.811021933097607,0.0001167557624581761,505,505,13.0,0.01302887844190732
"S일_C6_축세분(풍속, 기준: 특보없음·8m/s미만)",표류,nw_ws_14-99,3.7026543165579127,0.44754621016057866,30.632923878421295,0.22465285683796998,505,505,1.0,0.0008730691739422431
"S일_C6_축세분(풍속, 기준: 특보없음·8m/s미만)",표류,w_주의보,2.6476859441506826,2.0191012397994585,3.4719610491395487,1.9046986210469186e-12,505,505,114.0,0.14116856950973808
"S일_C6_축세분(풍속, 기준: 특보없음·8m/s미만)",표류,w_경보,13.528199966131563,8.263254840448559,22.147712718213523,0.0,505,505,48.0,0.018200134318334452
"S일_C6_축세분(풍속, 기준: 특보없음·8m/s미만)",표류,dow1,1.2932877913575733,0.9307091200207925,1.79711713928105,0.1254731553970796,505,505,89.0,0.14392209536601747
"S일_C6_축세분(풍속, 기준: 특보없음·8m/s미만)",표류,dow2,0.9196278892898986,0.6405411324009703,1.3203140469523933,0.6497708214768931,505,505,60.0,0.14499664204163867
"S일_C6_축세분(풍속, 기준: 특보없음·8m/s미만)",표류,dow3,1.070705576336362,0.7606052974080963,1.5072343502002776,0.6953710596057983,505,505,67.0,0.1442578912021491
"S일_C6_축세분(풍속, 기준: 특보없음·8m/s미만)",표류,dow4,1.030083814206557,0.7268159760126881,1.4598917735839714,0.8676901424839054,505,505,65.0,0.14257891202149092
"S일_C6_축세분(풍속, 기준: 특보없음·8m/s미만)",표류,dow5,1.249657786847203,0.8923176946707718,1.7500993127834716,0.19463989689194605,505,505,78.0,0.1406984553391538
"S일_C6_축세분(풍속, 기준: 특보없음·8m/s미만)",표류,dow6,1.211105927679268,0.8600302065690943,1.7054954080174158,0.27279516726930386,505,505,76.0,0.14009402283411684
"S일_C6_축세분(풍속, 기준: 특보없음·8m/s미만)",표류,hol,1.7453102814992105,1.2360889871003549,2.464311235271565,0.001555072645763378,505,505,40.0,0.049294828744123574
S일_C7_축(특보없음 & (파고≥1.5 또는 풍속≥10)),표류,nw_or_1.5_10,1.5151019198028293,1.1087427648995751,2.070393512419572,0.00910878551084049,505,505,53.0,0.09449294828744123
S일_C7_축(특보없음 & (파고≥1.5 또는 풍속≥10)),표류,w_주의보,2.308547445918011,1.7800352008949585,2.993980853510697,2.8418134512264714e-10,505,505,114.0,0.14116856950973808
S일_C7_축(특보없음 & (파고≥1.5 또는 풍속≥10)),표류,w_경보,11.657726643964114,7.132431648800375,19.05417355499631,0.0,505,505,48.0,0.018200134318334452
S일_C7_축(특보없음 & (파고≥1.5 또는 풍속≥10)),표류,dow1,1.2881944075541052,0.927624879853691,1.7889179858084516,0.13064320896893467,505,505,89.0,0.14392209536601747
S일_C7_축(특보없음 & (파고≥1.5 또는 풍속≥10)),표류,dow2,0.9124289210917454,0.635922155427434,1.3091642254311229,0.6188170743056589,505,505,60.0,0.14499664204163867
S일_C7_축(특보없음 & (파고≥1.5 또는 풍속≥10)),표류,dow3,1.0442209614427513,0.7435301770692956,1.4665140029882082,0.8027988359150662,505,505,67.0,0.1442578912021491
S일_C7_축(특보없음 & (파고≥1.5 또는 풍속≥10)),표류,dow4,1.016787969598612,0.718428967600649,1.4390535762683159,0.9251512578091736,505,505,65.0,0.14257891202149092
S일_C7_축(특보없음 & (파고≥1.5 또는 풍속≥10)),표류,dow5,1.239985688683391,0.885898236567392,1.7355994680577043,0.2099129431176867,505,505,78.0,0.1406984553391538
S일_C7_축(특보없음 & (파고≥1.5 또는 풍속≥10)),표류,dow6,1.2163544793187335,0.8637011169662882,1.7129979228873637,0.2622050397141067,505,505,76.0,0.14009402283411684
S일_C7_축(특보없음 & (파고≥1.5 또는 풍속≥10)),표류,hol,1.745681309532199,1.2400465616882563,2.4574909754204537,0.0014078747864301189,505,505,40.0,0.049294828744123574
S일_C8_축(특보없음 & (파고≥2 또는 풍속≥12)),표류,nw_or_2.0_12,2.1648374216903488,1.2418970385537333,3.773679231741033,0.006447690118720928,505,505,14.0,0.016453995970449966
S일_C8_축(특보없음 & (파고≥2 또는 풍속≥12)),표류,w_주의보,2.2257621635619445,1.7262054131730595,2.8698885839070685,6.838785093776778e-10,505,505,114.0,0.14116856950973808
S일_C8_축(특보없음 & (파고≥2 또는 풍속≥12)),표류,w_경보,11.196168407555092,6.875839200317415,18.23111090273139,0.0,505,505,48.0,0.018200134318334452
S일_C8_축(특보없음 & (파고≥2 또는 풍속≥12)),표류,dow1,1.2829220222713298,0.924178792456679,1.7809204546380126,0.13653728163199297,505,505,89.0,0.14392209536601747
S일_C8_축(특보없음 & (파고≥2 또는 풍속≥12)),표류,dow2,0.9077498764818135,0.6325349202646946,1.302710430450112,0.5994796713815171,505,505,60.0,0.14499664204163867
S일_C8_축(특보없음 & (파고≥2 또는 풍속≥12)),표류,dow3,1.0396206133463437,0.7408515293093598,1.4588766803278204,0.822151442002264,505,505,67.0,0.1442578912021491
S일_C8_축(특보없음 & (파고≥2 또는 풍속≥12)),표류,dow4,1.0186973207657204,0.7196152368666162,1.4420820713216882,0.9167999670160754,505,505,65.0,0.14257891202149092
S일_C8_축(특보없음 & (파고≥2 또는 풍속≥12)),표류,dow5,1.2411147575289012,0.8870039910801361,1.736594036606606,0.20753442839500957,505,505,78.0,0.1406984553391538
S일_C8_축(특보없음 & (파고≥2 또는 풍속≥12)),표류,dow6,1.2232894796471205,0.8688225715517902,1.7223737043831175,0.24829316283590197,505,505,76.0,0.14009402283411684
S일_C8_축(특보없음 & (파고≥2 또는 풍속≥12)),표류,hol,1.7630259757966422,1.251243242859799,2.484137763836844,0.0011903492354048417,505,505,40.0,0.049294828744123574
S일_A1_달력,접촉,dow1,0.6544133532382539,0.4367911708240374,0.9804612947844134,0.03981503083271698,352,352,43.0,0.14244382293374483
S일_A1_달력,접촉,dow2,0.5922219882332431,0.3867153625681206,0.9069380668453646,0.01598658220379967,352,352,39.0,0.1433117947728807
S일_A1_달력,접촉,dow3,0.7014877159524406,0.48302483388232964,1.018757175851645,0.06254881068961282,352,352,47.0,0.1444690905583952
S일_A1_달력,접촉,dow4,0.7907484927672415,0.5435682991255614,1.1503304733178104,0.21957214913700773,352,352,53.0,0.14437264924293566
S일_A1_달력,접촉,dow5,0.7662624233386062,0.5251065392647251,1.1181694713665444,0.16736070457181884,352,352,51.0,0.14369756003471887
S일_A1_달력,접촉,dow6,0.8189093665905406,0.5640987308190575,1.1888212365165358,0.2934824310917532,352,352,54.0,0.1419616163564471
S일_A1_달력,접촉,hol,0.8190654011478324,0.4601887644230458,1.45781075771928,0.4974268585353747,352,352,15.0,0.05014948403896229
S일_A2_특보유무(풍랑·태풍),접촉,any_warn,0.7740534183786306,0.5509583334700043,1.0874845847780668,0.1398087473142513,352,352,46.0,0.15989970103192208
S일_A2_특보유무(풍랑·태풍),접촉,dow1,0.6575678525878271,0.4387481998312943,0.9855208087992825,0.04229048435044769,352,352,43.0,0.14244382293374483
S일_A2_특보유무(풍랑·태풍),접촉,dow2,0.5913667413290519,0.38621094258859673,0.9055015904162718,0.01566357679705721,352,352,39.0,0.1433117947728807
S일_A2_특보유무(풍랑·태풍),접촉,dow3,0.6996536181923624,0.48211769726340237,1.0153437391496956,0.060127686204022535,352,352,47.0,0.1444690905583952
S일_A2_특보유무(풍랑·태풍),접촉,dow4,0.791641436003302,0.5441180232565792,1.151765125232492,0.221941719762627,352,352,53.0,0.14437264924293566
S일_A2_특보유무(풍랑·태풍),접촉,dow5,0.7675657044986008,0.5264287183500519,1.119158378306158,0.16916643977478008,352,352,51.0,0.14369756003471887
S일_A2_특보유무(풍랑·태풍),접촉,dow6,0.8174211598279022,0.5629753155979031,1.1868679390050358,0.2893351786027365,352,352,54.0,0.1419616163564471
S일_A2_특보유무(풍랑·태풍),접촉,hol,0.8192300561068022,0.4607955646948585,1.4564764425915986,0.4970262594757564,352,352,15.0,0.05014948403896229
S일_A3_특보종류·수준,접촉,wv_주의보,0.7772932346258392,0.544846917016466,1.108907389810633,0.16460331838064746,352,352,39.0,0.142829588195583
S일_A3_특보종류·수준,접촉,wv_경보,1.5091601403862758,0.6376863704214971,3.57160578455723,0.34908433544174633,352,352,7.0,0.013019577587038287
S일_A3_특보종류·수준,접촉,ty_주의보,1.0146260892233877e-10,4.4441541503709425e-11,2.3164500287345317e-10,0.0,352,352,0.0,0.002893239463786286
S일_A3_특보종류·수준,접촉,ty_경보,7.908203985839325e-11,3.784812703318263e-11,1.6523853406752336e-10,0.0,352,352,0.0,0.0069437747130870866
S일_A3_특보종류·수준,접촉,dow1,0.651692876435328,0.4349067133179469,0.9765395478870524,0.03798203298150549,352,352,43.0,0.14244382293374483
S일_A3_특보종류·수준,접촉,dow2,0.5923097139296636,0.3866940443964589,0.9072567894419131,0.01606689200328626,352,352,39.0,0.1433117947728807
S일_A3_특보종류·수준,접촉,dow3,0.6992244780747687,0.48099233036576183,1.0164712405437866,0.06087381307751105,352,352,47.0,0.1444690905583952
S일_A3_특보종류·수준,접촉,dow4,0.7913978516352866,0.5435051998701431,1.1523543099911249,0.22234215112668276,352,352,53.0,0.14437264924293566
S일_A3_특보종류·수준,접촉,dow5,0.762375409867034,0.5225062930522033,1.1123622304619,0.1592609031292187,352,352,51.0,0.14369756003471887
S일_A3_특보종류·수준,접촉,dow6,0.8148254347337901,0.5608825369297491,1.1837424868377902,0.2824953159329797,352,352,54.0,0.1419616163564471
S일_A3_특보종류·수준,접촉,hol,0.8089091247878104,0.4547238543238699,1.4389699725296188,0.47052362471373455,352,352,15.0,0.05014948403896229
S일_A3b_특보최고수준,접촉,warn_주의보,0.7519311746511832,0.5281242346181664,1.070582363676404,0.11373036771283762,352,352,39.0,0.1401292313627158
S일_A3b_특보최고수준,접촉,warn_경보,0.9357886676784087,0.38905213217597573,2.2508562686895526,0.8821804665701223,352,352,7.0,0.019770469669206286
S일_A3b_특보최고수준,접촉,dow1,0.6583021370998142,0.4392417869101416,0.9866131060951132,0.042838032562575235,352,352,43.0,0.14244382293374483
S일_A3b_특보최고수준,접촉,dow2,0.5923981475322785,0.3869880690876791,0.906838203118258,0.015945587812870032,352,352,39.0,0.1433117947728807
S일_A3b_특보최고수준,접촉,dow3,0.69972196214321,0.48214701433230345,1.0154803612827026,0.06022319642088547,352,352,47.0,0.1444690905583952
S일_A3b_특보최고수준,접촉,dow4,0.7926682344181932,0.5445875650044745,1.153759230346167,0.2250525316282439,352,352,53.0,0.14437264924293566
S일_A3b_특보최고수준,접촉,dow5,0.7681179465848986,0.5267546545910107,1.1200758735087029,0.1704421080457248,352,352,51.0,0.14369756003471887
S일_A3b_특보최고수준,접촉,dow6,0.8175707663733959,0.5630253043544207,1.1871970102566025,0.28989501899183456,352,352,54.0,0.1419616163564471
S일_A3b_특보최고수준,접촉,hol,0.820664913967022,0.4614672520615591,1.4594554608322605,0.5010284878982756,352,352,15.0,0.05014948403896229
S일_B1_특보없는때_파고,접촉,wh_max[0-0.5],0.9897160763813827,0.7331914208446256,1.3359920533703817,0.9461568943175429,304,304,139.0,0.46705403834979664
S일_B1_특보없는때_파고,접촉,wh_max[1-1.5],0.9263408585084828,0.6372149190966323,1.3466530058002344,0.6885435847127948,304,304,42.0,0.14445090063916327
S일_B1_특보없는때_파고,접촉,wh_max[1.5-2],0.9387986342338396,0.5193510364868489,1.6970080229379498,0.8343823306228428,304,304,15.0,0.04811156304474143
S일_B1_특보없는때_파고,접촉,wh_max[2-2.5],1.2293633328162124,0.37104836703054983,4.07314608650077,0.7354661905913491,304,304,3.0,0.007321324811156304
S일_B1_특보없는때_파고,접촉,wh_max[2.5-3],2.142112536285287e-09,8.65327683983827e-10,5.302784370638887e-09,0.0,304,304,0.0,0.0008134805345729227
S일_B1_특보없는때_파고,접촉,wh_max[3-4],1.5754699206932245e-09,1.969275385810845e-10,1.260415627440097e-08,0.0,304,304,0.0,0.00023242300987797793
S일_B1_특보없는때_파고,접촉,wh_max[4+],0.9999992152021994,0.9999992152021994,0.9999992152021994,,304,304,0.0,0.0
S일_B1_특보없는때_파고,접촉,dow1,0.7062685215429315,0.45412682465663984,1.09840510940878,0.12272585290529792,304,304,37.0,0.14015107495642068
S일_B1_특보없는때_파고,접촉,dow2,0.589836343928559,0.3642973875250536,0.9550079812062414,0.031773594813975015,304,304,32.0,0.14503195816385822
S일_B1_특보없는때_파고,접촉,dow3,0.7389803237638383,0.4879983789717519,1.1190445346576001,0.15307912525443212,304,304,40.0,0.1463102847181871
S일_B1_특보없는때_파고,접촉,dow4,0.9591896372747991,0.636843686241183,1.4446947973775228,0.8419515330396261,304,304,50.0,0.14201045903544451
S일_B1_특보없는때_파고,접촉,dow5,0.8937426335229747,0.5970915344186022,1.3377779602157036,0.5851449086821925,304,304,47.0,0.14224288204532248
S일_B1_특보없는때_파고,접촉,dow6,0.8664938519015984,0.5736001103569132,1.3089460441632224,0.4959624910405256,304,304,46.0,0.14386984311446832
S일_B1_특보없는때_파고,접촉,hol,0.8752887519794624,0.4796633625042852,1.5972251775533937,0.6642435849378994,304,304,14.0,0.0505520046484602
S일_B2_특보없는때_풍속,접촉,ws_max[0-4],1.1271856031831853,0.7552083088881028,1.6823800388187926,0.5579186102701048,304,304,48.0,0.14491574665891924
S일_B2_특보없는때_풍속,접촉,ws_max[6-8],0.9389218641100616,0.683414741908824,1.2899550051285342,0.697353231004973,304,304,77.0,0.2747239976757699
S일_B2_특보없는때_풍속,접촉,ws_max[8-10],1.0358616563428482,0.7260734562665092,1.4778248148593591,0.8459063029086793,304,304,59.0,0.1886112725159791
S일_B2_특보없는때_풍속,접촉,ws_max[10-12],0.863520230410805,0.5320015882727935,1.4016258687302547,0.5526638738244689,304,304,23.0,0.08855316676350959
S일_B2_특보없는때_풍속,접촉,ws_max[12-14],1.4986441377261832,0.8022591737135383,2.799512084286877,0.204463379520051,304,304,11.0,0.023707147007553747
S일_B2_특보없는때_풍속,접촉,ws_max[14-17],2.4806307287521268,0.5095822591875572,12.075633916769531,0.2605425175965199,304,304,2.0,0.002672864613596746
S일_B2_특보없는때_풍속,접촉,ws_max[17+],1.000000000000006,1.0000000000000044,1.0000000000000073,0.0,304,304,0.0,0.0
S일_B2_특보없는때_풍속,접촉,dow1,0.7027278408973494,0.45179931702031323,1.0930216132886443,0.11750338915320913,304,304,37.0,0.14015107495642068
S일_B2_특보없는때_풍속,접촉,dow2,0.5893109376168117,0.36440613634700764,0.953022868045503,0.031068422144417296,304,304,32.0,0.14503195816385822
S일_B2_특보없는때_풍속,접촉,dow3,0.7349632465973044,0.48384881902410026,1.1164044482703273,0.1488124141236371,304,304,40.0,0.1463102847181871
S일_B2_특보없는때_풍속,접촉,dow4,0.9511328416624079,0.6302111268857026,1.4354771661352757,0.8114317202991082,304,304,50.0,0.14201045903544451
S일_B2_특보없는때_풍속,접촉,dow5,0.8896777940657381,0.5939302759375228,1.3326927575871563,0.5707263892842127,304,304,47.0,0.14224288204532248
S일_B2_특보없는때_풍속,접촉,dow6,0.8596654202368468,0.5684882898304309,1.299982159652631,0.4735961444354393,304,304,46.0,0.14386984311446832
S일_B2_특보없는때_풍속,접촉,hol,0.8795102318830422,0.47905848819546426,1.6147052333855019,0.6787270943378036,304,304,14.0,0.0505520046484602
S일_B3_특보없는때_파고+풍속,접촉,wh_max[0-0.5],0.9978704399105122,0.6924493922519179,1.438004605085912,0.9908760104862322,304,304,139.0,0.46705403834979664
S일_B3_특보없는때_파고+풍속,접촉,wh_max[1-1.5],0.8744584437877746,0.5832945823622998,1.3109629217107572,0.5161040252077433,304,304,42.0,0.14445090063916327
S일_B3_특보없는때_파고+풍속,접촉,wh_max[1.5-2],0.8579909583010586,0.44138037843342187,1.667832374287137,0.6515305754142666,304,304,15.0,0.04811156304474143
S일_B3_특보없는때_파고+풍속,접촉,wh_max[2-2.5],0.7969145988927694,0.17673644216863665,3.5933329319963105,0.7676696522469808,304,304,3.0,0.007321324811156304
S일_B3_특보없는때_파고+풍속,접촉,wh_max[2.5-3],4.739020191467686e-10,1.032573434076386e-10,2.1749845225513556e-09,0.0,304,304,0.0,0.0008134805345729227
S일_B3_특보없는때_파고+풍속,접촉,wh_max[3-4],1.669383947327501e-10,1.076022029662493e-11,2.5899495426398234e-09,0.0,304,304,0.0,0.00023242300987797793
S일_B3_특보없는때_파고+풍속,접촉,wh_max[4+],1.0000060668026651,1.0000060668026651,1.0000060668026651,,304,304,0.0,0.0
S일_B3_특보없는때_파고+풍속,접촉,ws_max[0-4],1.124224271816607,0.7521924295710813,1.680261810215606,0.5679274289215193,304,304,48.0,0.14491574665891924
S일_B3_특보없는때_파고+풍속,접촉,ws_max[6-8],0.9492514377143446,0.6789557085142025,1.3271532748058503,0.7606640456656959,304,304,77.0,0.2747239976757699
S일_B3_특보없는때_파고+풍속,접촉,ws_max[8-10],1.0780529681679902,0.6994034615807717,1.6616992423072177,0.733518290662678,304,304,59.0,0.1886112725159791
S일_B3_특보없는때_파고+풍속,접촉,ws_max[10-12],0.9329644769687574,0.5149329081332971,1.6903614073549689,0.8190008798857191,304,304,23.0,0.08855316676350959
S일_B3_특보없는때_파고+풍속,접촉,ws_max[12-14],1.6900672172473212,0.7710522480529279,3.7044534997815544,0.18998016359368086,304,304,11.0,0.023707147007553747
S일_B3_특보없는때_파고+풍속,접촉,ws_max[14-17],3.4532493381030793,0.578774798586887,20.60374954166073,0.17385038915645268,304,304,2.0,0.002672864613596746
S일_B3_특보없는때_파고+풍속,접촉,ws_max[17+],1.0000000634374373,1.0000000634374373,1.0000000634374373,,304,304,0.0,0.0
S일_B3_특보없는때_파고+풍속,접촉,dow1,0.704248663916062,0.4527343975104717,1.0954903876418776,0.1198472668397026,304,304,37.0,0.14015107495642068
S일_B3_특보없는때_파고+풍속,접촉,dow2,0.5918224794783081,0.36635052288203734,0.956062091737841,0.03206327581517199,304,304,32.0,0.14503195816385822
S일_B3_특보없는때_파고+풍속,접촉,dow3,0.7394004890687728,0.48689587429110365,1.1228542119629328,0.15666011379912703,304,304,40.0,0.1463102847181871
S일_B3_특보없는때_파고+풍속,접촉,dow4,0.9554433507908318,0.6330878680343018,1.4419356974961828,0.8281580892992364,304,304,50.0,0.14201045903544451
S일_B3_특보없는때_파고+풍속,접촉,dow5,0.8957145579221677,0.5979901540994393,1.3416685271046949,0.593169838850641,304,304,47.0,0.14224288204532248
S일_B3_특보없는때_파고+풍속,접촉,dow6,0.8637565233132756,0.5717002001692392,1.3050114926413845,0.48666029291305923,304,304,46.0,0.14386984311446832
S일_B3_특보없는때_파고+풍속,접촉,hol,0.8816381697988893,0.4794930240566042,1.6210577077229313,0.6851855488892591,304,304,14.0,0.0505520046484602
S일_B4_특보없는때_파고연속(1m당),접촉,wh_per1m,0.9860369334128197,0.7159720341100002,1.3579704062921267,0.9313771425781345,304,304,,
S일_B4_특보없는때_파고연속(1m당),접촉,dow1,0.7043935468802438,0.45280875642043167,1.0957612056994708,0.12009939444181361,304,304,37.0,0.14015107495642068
S일_B4_특보없는때_파고연속(1m당),접촉,dow2,0.5873007752140686,0.36237059079193445,0.9518493203690831,0.03074875885256656,304,304,32.0,0.14503195816385822
S일_B4_특보없는때_파고연속(1m당),접촉,dow3,0.7358095505973934,0.48560577798980703,1.1149284446152172,0.14792340459402653,304,304,40.0,0.1463102847181871
S일_B4_특보없는때_파고연속(1m당),접촉,dow4,0.9548626971333312,0.633782703557415,1.438604690943798,0.8251901490606435,304,304,50.0,0.14201045903544451
S일_B4_특보없는때_파고연속(1m당),접촉,dow5,0.8900989237502396,0.5945764224542195,1.3325050643466063,0.5717023732274118,304,304,47.0,0.14224288204532248
S일_B4_특보없는때_파고연속(1m당),접촉,dow6,0.8619177857778223,0.5703146392365396,1.3026182712662635,0.4806566544059754,304,304,46.0,0.14386984311446832
S일_B4_특보없는때_파고연속(1m당),접촉,hol,0.8714442161652618,0.4778014479252909,1.589394559571594,0.6535838666345415,304,304,14.0,0.0505520046484602
S일_B5_특보없는때_풍속연속(1m/s당),접촉,ws_per1ms,1.0010750750641306,0.9495643096565193,1.055380131417489,0.9681994554117157,304,304,,
S일_B5_특보없는때_풍속연속(1m/s당),접촉,dow1,0.7041166980761299,0.4527079370339423,1.0951438752275733,0.1195415659522796,304,304,37.0,0.14015107495642068
S일_B5_특보없는때_풍속연속(1m/s당),접촉,dow2,0.5872700769385275,0.36225829419028965,0.9520448497618658,0.03082156221075749,304,304,32.0,0.14503195816385822
S일_B5_특보없는때_풍속연속(1m/s당),접촉,dow3,0.7364480747779334,0.4861511680501417,1.1156113622423425,0.1488232217441472,304,304,40.0,0.1463102847181871
S일_B5_특보없는때_풍속연속(1m/s당),접촉,dow4,0.9545704765629605,0.6335151546868243,1.4383314873913124,0.8240996382276151,304,304,50.0,0.14201045903544451
S일_B5_특보없는때_풍속연속(1m/s당),접촉,dow5,0.8899450117308761,0.5941896492005226,1.332911343996486,0.5715866800608631,304,304,47.0,0.14224288204532248
S일_B5_특보없는때_풍속연속(1m/s당),접촉,dow6,0.8614496016317122,0.5699378925721119,1.3020636560983554,0.4791786362065391,304,304,46.0,0.14386984311446832
S일_B5_특보없는때_풍속연속(1m/s당),접촉,hol,0.8709122355200475,0.47776993247432453,1.5875593469232976,0.6518529404545554,304,304,14.0,0.0505520046484602
S일_C1_특보있는때만_파고,접촉,wh_max[2-3],3.224896099067426,0.8469942721094241,12.278660189613088,0.08606099015486213,45,45,13.0,0.24084419615145872
S일_C1_특보있는때만_파고,접촉,wh_max[3-4],2.276085851557527,0.37540721783181064,13.799859346288173,0.3710700861176992,45,45,2.0,0.07324643078833024
S일_C1_특보있는때만_파고,접촉,wh_max[4+],13.914982994701587,1.4247418208467297,135.90304496555117,0.023546788545974362,45,45,3.0,0.02110490378646803
S일_C1_특보있는때만_파고,접촉,dow1,0.3337924106971919,0.1120793908525659,0.994093317170202,0.04876508187758599,45,45,6.0,0.15890751086281812
S일_C1_특보있는때만_파고,접촉,dow2,0.39171503388440054,0.1219695713166827,1.2580241622122506,0.11539484812731238,45,45,6.0,0.1378026070763501
S일_C1_특보있는때만_파고,접촉,dow3,0.5054649443081344,0.12279002252181723,2.0807456882665636,0.34462844163044104,45,45,6.0,0.1378026070763501
S일_C1_특보있는때만_파고,접촉,dow4,0.2396856612404139,0.05856643584687616,0.9809238922180151,0.04694576605982026,45,45,3.0,0.15394165114835506
S일_C1_특보있는때만_파고,접촉,dow5,0.21964420638376575,0.06663380458235851,0.724010548404539,0.01275027553682273,45,45,4.0,0.14835505896958412
S일_C1_특보있는때만_파고,접촉,dow6,0.4575097493160196,0.15385822982475963,1.3604418233435507,0.15960861094216305,45,45,8.0,0.12849162011173185
S일_C1_특보있는때만_파고,접촉,hol,0.861676644334905,0.16389917533831816,4.530142618836445,0.8604355981330285,45,45,1.0,0.048417132216014895
S일_C2_특보있는때만_풍속,접촉,ws_max[10-14],0.9150728360886965,0.2814958247537691,2.974673944382184,0.882692207864674,45,45,20.0,0.49906890130353815
S일_C2_특보있는때만_풍속,접촉,ws_max[14-17],2.4809957565903886,0.7707503194960957,7.986165932754692,0.12764976237543646,45,45,12.0,0.20235878336436997
S일_C2_특보있는때만_풍속,접촉,ws_max[17+],3.793646707379702,0.6065182202227933,23.728479805810785,0.15403092751914094,45,45,3.0,0.037243947858473
S일_C2_특보있는때만_풍속,접촉,dow1,0.2983091649162238,0.10464633824656813,0.8503724006409097,0.023619643134197066,45,45,6.0,0.15890751086281812
S일_C2_특보있는때만_풍속,접촉,dow2,0.3034353715694018,0.10092236694756135,0.9123153519308711,0.03372073932007602,45,45,6.0,0.1378026070763501
S일_C2_특보있는때만_풍속,접촉,dow3,0.4324126130780637,0.10203041764631329,1.8325973005144855,0.255172911360777,45,45,6.0,0.1378026070763501
S일_C2_특보있는때만_풍속,접촉,dow4,0.2519421550063482,0.06633916237239455,0.9568231976298862,0.04288502009071293,45,45,3.0,0.15394165114835506
S일_C2_특보있는때만_풍속,접촉,dow5,0.22033884825739547,0.06148913063597761,0.7895575616251949,0.020186955680991714,45,45,4.0,0.14835505896958412
S일_C2_특보있는때만_풍속,접촉,dow6,0.48469223188338817,0.17195555630275863,1.3662051096183818,0.17074362195552517,45,45,8.0,0.12849162011173185
S일_C2_특보있는때만_풍속,접촉,hol,0.6859550710491258,0.1438669467413083,3.2706217109347153,0.636204556936709,45,45,1.0,0.048417132216014895
S일_C3_축(특보없음 파고구간 vs 특보),접촉,nw_wh_1.5-2,1.0333155076266514,0.5941030921799545,1.7972317470758157,0.9076079487090991,349,349,15.0,0.04052466718872357
S일_C3_축(특보없음 파고구간 vs 특보),접촉,nw_wh_2-3,1.1661568683086467,0.3591935232301707,3.7860422127711777,0.7980746753330965,349,349,3.0,0.006851996867658575
S일_C3_축(특보없음 파고구간 vs 특보),접촉,nw_wh_3+,5.172730031605908e-09,6.559795449971033e-10,4.078958891926396e-08,0.0,349,349,0.0,0.00019577133907595928
S일_C3_축(특보없음 파고구간 vs 특보),접촉,w_주의보,0.7545635374333656,0.5248056498829194,1.084908541192298,0.12848502137960827,349,349,38.0,0.13831245105716522
S일_C3_축(특보없음 파고구간 vs 특보),접촉,w_경보,0.9777489207517214,0.4029042086325865,2.372754941616751,0.9603228892953173,349,349,7.0,0.01938136256851997
S일_C3_축(특보없음 파고구간 vs 특보),접촉,dow1,0.6566192933427606,0.4397313505818927,0.9804825055557458,0.03974832990743504,349,349,43.0,0.14310884886452624
S일_C3_축(특보없음 파고구간 vs 특보),접촉,dow2,0.5766786315269353,0.3734764746114586,0.8904396037414444,0.013008637049969796,349,349,38.0,0.14389193422083008
S일_C3_축(특보없음 파고구간 vs 특보),접촉,dow3,0.6898537722376755,0.4733219366800591,1.0054429980756059,0.05338953856951223,349,349,46.0,0.14496867658574786
S일_C3_축(특보없음 파고구간 vs 특보),접촉,dow4,0.8086867587441624,0.5543915669616726,1.1796252193232786,0.270295900985811,349,349,53.0,0.14389193422083008
S일_C3_축(특보없음 파고구간 vs 특보),접촉,dow5,0.7824531339006253,0.5361302451959924,1.1419480848857853,0.2034283167366513,349,349,51.0,0.1432067345340642
S일_C3_축(특보없음 파고구간 vs 특보),접촉,dow6,0.8321991932333629,0.5725474797357593,1.209603607962586,0.3357078748639004,349,349,54.0,0.14144479248238057
S일_C3_축(특보없음 파고구간 vs 특보),접촉,hol,0.8320990327919989,0.46748413152590695,1.4810958355171666,0.5320971976997391,349,349,15.0,0.050215348472983555
S일_C4_축(특보없음 풍속구간 vs 특보),접촉,nw_ws_10-12,0.858100052691386,0.5557239425479098,1.3250026569900375,0.4899366717661977,349,349,23.0,0.07458888018794048
S일_C4_축(특보없음 풍속구간 vs 특보),접촉,nw_ws_12-14,1.5302071865290137,0.8545062230724279,2.740218819338629,0.1524105426447555,349,349,11.0,0.019968676585747847
S일_C4_축(특보없음 풍속구간 vs 특보),접촉,nw_ws_14+,2.660527723382383,0.568501335171293,12.450995853428344,0.21395958524155878,349,349,2.0,0.0022513703993735316
S일_C4_축(특보없음 풍속구간 vs 특보),접촉,w_주의보,0.7537286914209828,0.5242123795259331,1.0837343078104138,0.1270154816773188,349,349,38.0,0.13831245105716522
S일_C4_축(특보없음 풍속구간 vs 특보),접촉,w_경보,0.9737880743607862,0.40078124373745716,2.3660369056304296,0.9532375925651695,349,349,7.0,0.01938136256851997
S일_C4_축(특보없음 풍속구간 vs 특보),접촉,dow1,0.6544198446843231,0.43856190060851463,0.9765219744862143,0.037862317409679935,349,349,43.0,0.14310884886452624
S일_C4_축(특보없음 풍속구간 vs 특보),접촉,dow2,0.5753973393253614,0.37278573113316843,0.8881297497527721,0.012570476802396424,349,349,38.0,0.14389193422083008
S일_C4_축(특보없음 풍속구간 vs 특보),접촉,dow3,0.6892154795101976,0.47212763759031867,1.0061219453724521,0.05380802291068054,349,349,46.0,0.14496867658574786
S일_C4_축(특보없음 풍속구간 vs 특보),접촉,dow4,0.8066493158972471,0.5527951833683015,1.1770781266087427,0.2651025437008401,349,349,53.0,0.14389193422083008
S일_C4_축(특보없음 풍속구간 vs 특보),접촉,dow5,0.7824211967117785,0.5366336306200732,1.1407837566134684,0.2021818818077903,349,349,51.0,0.1432067345340642
S일_C4_축(특보없음 풍속구간 vs 특보),접촉,dow6,0.8287230208638195,0.5702740856816455,1.2043013395720903,0.32454331308542184,349,349,54.0,0.14144479248238057
S일_C4_축(특보없음 풍속구간 vs 특보),접촉,hol,0.8323386376843919,0.46719980337133793,1.482850811971919,0.5333759478393192,349,349,15.0,0.050215348472983555
"S일_C5_축세분(파고, 기준: 특보없음·1m미만)",접촉,nw_wh_1.0-1.5,0.9473611451067756,0.6627288304517996,1.3542388651572266,0.7667562395863561,349,349,42.0,0.1216718872357087
"S일_C5_축세분(파고, 기준: 특보없음·1m미만)",접촉,nw_wh_1.5-2.0,1.016055184185701,0.5779001922851406,1.7864125174079548,0.9558804908341108,349,349,15.0,0.04052466718872357
"S일_C5_축세분(파고, 기준: 특보없음·1m미만)",접촉,nw_wh_2.0-2.5,1.2627566881483698,0.38503424630991073,4.141331501665949,0.7002435269711418,349,349,3.0,0.006166797180892717
"S일_C5_축세분(파고, 기준: 특보없음·1m미만)",접촉,nw_wh_2.5-99,6.884864364798967e-10,2.609680416475473e-10,1.8163663651083001e-09,0.0,349,349,0.0,0.0008809710258418168
"S일_C5_축세분(파고, 기준: 특보없음·1m미만)",접촉,w_주의보,0.7459379716774871,0.5142926946125862,1.081919816126251,0.1223507840056195,349,349,38.0,0.13831245105716522
"S일_C5_축세분(파고, 기준: 특보없음·1m미만)",접촉,w_경보,0.9683346580921098,0.39782192438070335,2.357014414230825,0.9434798354733589,349,349,7.0,0.01938136256851997
"S일_C5_축세분(파고, 기준: 특보없음·1m미만)",접촉,dow1,0.6580117352185872,0.44062655006464246,0.982644926007876,0.04079897446016467,349,349,43.0,0.14310884886452624
"S일_C5_축세분(파고, 기준: 특보없음·1m미만)",접촉,dow2,0.5778193802390874,0.3742433592674368,0.8921340296683623,0.013321951986162706,349,349,38.0,0.14389193422083008
"S일_C5_축세분(파고, 기준: 특보없음·1m미만)",접촉,dow3,0.6906595367415381,0.4738419889596172,1.0066870535035866,0.05418817775797202,349,349,46.0,0.14496867658574786
"S일_C5_축세분(파고, 기준: 특보없음·1m미만)",접촉,dow4,0.8094280206338038,0.55492632812564,1.1806499122146905,0.2723074446443565,349,349,53.0,0.14389193422083008
"S일_C5_축세분(파고, 기준: 특보없음·1m미만)",접촉,dow5,0.7829023632513146,0.5364875188895147,1.1424983598000953,0.204377391098006,349,349,51.0,0.1432067345340642
"S일_C5_축세분(파고, 기준: 특보없음·1m미만)",접촉,dow6,0.8342814886835795,0.5742549590502715,1.2120497897157179,0.3417057163416741,349,349,54.0,0.14144479248238057
"S일_C5_축세분(파고, 기준: 특보없음·1m미만)",접촉,hol,0.8320628759612915,0.46751614763265553,1.4808657049787364,0.5319205991595695,349,349,15.0,0.050215348472983555
"S일_C6_축세분(풍속, 기준: 특보없음·8m/s미만)",접촉,nw_ws_8-10,1.0229221230463035,0.7486622004926254,1.3976525983668435,0.8868329874146972,349,349,59.0,0.15886844166014097
"S일_C6_축세분(풍속, 기준: 특보없음·8m/s미만)",접촉,nw_ws_10-12,0.8636125364068936,0.5574403655566094,1.3379487011035402,0.5114999055073177,349,349,23.0,0.07458888018794048
"S일_C6_축세분(풍속, 기준: 특보없음·8m/s미만)",접촉,nw_ws_12-14,1.540364427011092,0.8545332512810443,2.77662989057971,0.15069400477924266,349,349,11.0,0.019968676585747847
"S일_C6_축세분(풍속, 기준: 특보없음·8m/s미만)",접촉,nw_ws_14-99,2.6820513927974163,0.5705994859836495,12.60674054272227,0.211502960100447,349,349,2.0,0.0022513703993735316
"S일_C6_축세분(풍속, 기준: 특보없음·8m/s미만)",접촉,w_주의보,0.7579370004851794,0.5235211702947842,1.0973166498328986,0.1420819454835356,349,349,38.0,0.13831245105716522
"S일_C6_축세분(풍속, 기준: 특보없음·8m/s미만)",접촉,w_경보,0.9787308939661103,0.4020254798376423,2.3827200285677277,0.9622271887701666,349,349,7.0,0.01938136256851997
"S일_C6_축세분(풍속, 기준: 특보없음·8m/s미만)",접촉,dow1,0.6543076257864234,0.4384222230364687,0.9764981031234236,0.03785520722881408,349,349,43.0,0.14310884886452624
"S일_C6_축세분(풍속, 기준: 특보없음·8m/s미만)",접촉,dow2,0.5757032682168362,0.3733810309572194,0.8876569122589437,0.012439022209621342,349,349,38.0,0.14389193422083008
"S일_C6_축세분(풍속, 기준: 특보없음·8m/s미만)",접촉,dow3,0.69006023366319,0.47317027698251085,1.0063673676208047,0.05397593021455349,349,349,46.0,0.14496867658574786
"S일_C6_축세분(풍속, 기준: 특보없음·8m/s미만)",접촉,dow4,0.8067844281751669,0.5530801469673434,1.176865807089553,0.26503507302676876,349,349,53.0,0.14389193422083008
"S일_C6_축세분(풍속, 기준: 특보없음·8m/s미만)",접촉,dow5,0.782506291622862,0.5367135676253763,1.1408619669118512,0.202333829867976,349,349,51.0,0.1432067345340642
"S일_C6_축세분(풍속, 기준: 특보없음·8m/s미만)",접촉,dow6,0.8288197015492145,0.570413897071111,1.2042870996014512,0.3246774952655347,349,349,54.0,0.14144479248238057
"S일_C6_축세분(풍속, 기준: 특보없음·8m/s미만)",접촉,hol,0.8319780721781233,0.4670504762122391,1.482040053141236,0.5323292471794661,349,349,15.0,0.050215348472983555
S일_C7_축(특보없음 & (파고≥1.5 또는 풍속≥10)),접촉,nw_or_1.5_10,0.999120530827924,0.7089825653799485,1.4079920774735948,0.9959889735635759,349,349,43.0,0.11844166014095536
S일_C7_축(특보없음 & (파고≥1.5 또는 풍속≥10)),접촉,w_주의보,0.7511061553952524,0.5210128074933775,1.0828149491887644,0.1251148089456433,349,349,38.0,0.13831245105716522
S일_C7_축(특보없음 & (파고≥1.5 또는 풍속≥10)),접촉,w_경보,0.9742112398643467,0.40081741350313993,2.367880006966296,0.9540194277323009,349,349,7.0,0.01938136256851997
S일_C7_축(특보없음 & (파고≥1.5 또는 풍속≥10)),접촉,dow1,0.6565198442856504,0.43960687015910876,0.980463080080742,0.03974205111789475,349,349,43.0,0.14310884886452624
S일_C7_축(특보없음 & (파고≥1.5 또는 풍속≥10)),접촉,dow2,0.5763065664369394,0.37317133985161255,0.8900181312166202,0.012938384166641725,349,349,38.0,0.14389193422083008
S일_C7_축(특보없음 & (파고≥1.5 또는 풍속≥10)),접촉,dow3,0.6891374271895457,0.47293009570071054,1.0041872950584416,0.05259313026206325,349,349,46.0,0.14496867658574786
S일_C7_축(특보없음 & (파고≥1.5 또는 풍속≥10)),접촉,dow4,0.8075735452822084,0.5537781527766555,1.1776828460452176,0.26685766018930845,349,349,53.0,0.14389193422083008
S일_C7_축(특보없음 & (파고≥1.5 또는 풍속≥10)),접촉,dow5,0.7811626222507424,0.5353003860647896,1.13994881806007,0.200282665272828,349,349,51.0,0.1432067345340642
S일_C7_축(특보없음 & (파고≥1.5 또는 풍속≥10)),접촉,dow6,0.831453620140495,0.5724598945594256,1.2076219295271013,0.3323932040755162,349,349,54.0,0.14144479248238057
S일_C7_축(특보없음 & (파고≥1.5 또는 풍속≥10)),접촉,hol,0.8299985185981946,0.46656354671571015,1.4765352881179152,0.5260732864659132,349,349,15.0,0.050215348472983555
S일_C8_축(특보없음 & (파고≥2 또는 풍속≥12)),접촉,nw_or_2.0_12,1.6692538227822333,0.9886945127572815,2.8182702431536057,0.055180677599242056,349,349,15.0,0.025548159749412686
S일_C8_축(특보없음 & (파고≥2 또는 풍속≥12)),접촉,w_주의보,0.7686479174251769,0.5367262767492869,1.1007838567926918,0.15101207057407717,349,349,38.0,0.13831245105716522
S일_C8_축(특보없음 & (파고≥2 또는 풍속≥12)),접촉,w_경보,0.9902336036919355,0.40782735651753504,2.4043570746548397,0.982699654038887,349,349,7.0,0.01938136256851997
S일_C8_축(특보없음 & (파고≥2 또는 풍속≥12)),접촉,dow1,0.6534921027498777,0.4376264473835478,0.9758366545479294,0.03756536238198738,349,349,43.0,0.14310884886452624
S일_C8_축(특보없음 & (파고≥2 또는 풍속≥12)),접촉,dow2,0.5780099636983848,0.3742366492754459,0.8927386421972445,0.01345181974155718,349,349,38.0,0.14389193422083008
S일_C8_축(특보없음 & (파고≥2 또는 풍속≥12)),접촉,dow3,0.690800317185512,0.4734840046229601,1.0078589214510152,0.05493618406191891,349,349,46.0,0.14496867658574786
S일_C8_축(특보없음 & (파고≥2 또는 풍속≥12)),접촉,dow4,0.8075319515413135,0.5532556835830447,1.1786735719313033,0.2678726661791271,349,349,53.0,0.14389193422083008
S일_C8_축(특보없음 & (파고≥2 또는 풍속≥12)),접촉,dow5,0.7824001235619532,0.536276345989097,1.1414822934633129,0.2028967701561204,349,349,51.0,0.1432067345340642
S일_C8_축(특보없음 & (파고≥2 또는 풍속≥12)),접촉,dow6,0.8276014974449084,0.5686985757369627,1.2043712922710912,0.3228928499482746,349,349,54.0,0.14144479248238057
S일_C8_축(특보없음 & (파고≥2 또는 풍속≥12)),접촉,hol,0.8333007323182658,0.4675885601985555,1.4850451221203833,0.5361841894346999,349,349,15.0,0.050215348472983555
S일_A1_달력,충돌,dow1,0.9064322925520082,0.7464536849152338,1.1006972268807156,0.32140098639620573,1734,1734,217.0,0.14320639949930566
S일_A1_달력,충돌,dow2,1.0380270251090122,0.8473333574960971,1.2716365941743641,0.7185637645155496,1734,1734,249.0,0.14289346554792778
S일_A1_달력,충돌,dow3,0.936816538224326,0.7677775335572116,1.143072293642743,0.5203024087166241,1734,1734,224.0,0.14277611531616108
S일_A1_달력,충돌,dow4,1.0941813693002342,0.9124962535033219,1.3120414076520666,0.33127226041751623,1734,1734,263.0,0.14295214066381115
S일_A1_달력,충돌,dow5,1.1757741060399245,0.9745855729038663,1.4184949858377895,0.09080936611891022,1734,1734,282.0,0.14238494787693873
S일_A1_달력,충돌,dow6,1.083164722665142,0.8978230244098615,1.3067673522824028,0.4040937048289508,1734,1734,260.0,0.14289346554792778
S일_A1_달력,충돌,hol,0.9581553423451622,0.7419596352721562,1.2373471768822344,0.7431885438640089,1734,1734,86.0,0.05155586848950693
S일_A2_특보유무(풍랑·태풍),충돌,any_warn,0.513393433232478,0.42748681488764206,0.6165636181211965,9.601208716958354e-13,1734,1734,184.0,0.1783136771695124
S일_A2_특보유무(풍랑·태풍),충돌,dow1,0.9109717074201665,0.7496574641362804,1.10699818439899,0.34838891257204074,1734,1734,217.0,0.14320639949930566
S일_A2_특보유무(풍랑·태풍),충돌,dow2,1.0271508043192914,0.8385845833461756,1.2581184960542466,0.7957365629063917,1734,1734,249.0,0.14289346554792778
S일_A2_특보유무(풍랑·태풍),충돌,dow3,0.9282057951486398,0.7603438539277526,1.1331268000614154,0.46416180925077466,1734,1734,224.0,0.14277611531616108
S일_A2_특보유무(풍랑·태풍),충돌,dow4,1.0984365797653584,0.9159931357832409,1.3172182985136884,0.310995187619459,1734,1734,263.0,0.14295214066381115
S일_A2_특보유무(풍랑·태풍),충돌,dow5,1.1702442084450175,0.9698031815669286,1.4121128218886907,0.10098072714321504,1734,1734,282.0,0.14238494787693873
S일_A2_특보유무(풍랑·태풍),충돌,dow6,1.0701832181503457,0.8869124516892013,1.2913248858208302,0.479088692372458,1734,1734,260.0,0.14289346554792778
S일_A2_특보유무(풍랑·태풍),충돌,hol,0.951620203614481,0.7367059262037076,1.2292299813492513,0.7041668987098693,1734,1734,86.0,0.05155586848950693
S일_A3_특보종류·수준,충돌,wv_주의보,0.5315305552289054,0.44047787563134405,0.6414050438674159,4.328604141790038e-11,1734,1734,164.0,0.15631050871325472
S일_A3_특보종류·수준,충돌,wv_경보,0.36222125336425015,0.19471567259554012,0.6738247344953243,0.0013431663745078204,1734,1734,12.0,0.015842281288505546
S일_A3_특보종류·수준,충돌,ty_주의보,1.259746464467843e-10,6.845135820922089e-11,2.3183778908939975e-10,0.0,1734,1734,0.0,0.0025425883549453345
S일_A3_특보종류·수준,충돌,ty_경보,0.8746869822453531,0.4338328031830594,1.763530353850748,0.7082224205295211,1734,1734,13.0,0.009700952492714507
S일_A3_특보종류·수준,충돌,dow1,0.9066231810061983,0.7458546062402642,1.1020453389450753,0.32495804458339217,1734,1734,217.0,0.14320639949930566
S일_A3_특보종류·수준,충돌,dow2,1.0214980180956188,0.8341512862103123,1.2509220068626647,0.8369768194233904,1734,1734,249.0,0.14289346554792778
S일_A3_특보종류·수준,충돌,dow3,0.9267816038137415,0.759196416951096,1.1313595823027955,0.4549470885924103,1734,1734,224.0,0.14277611531616108
S일_A3_특보종류·수준,충돌,dow4,1.090976285432008,0.9096696029913761,1.308419289224404,0.34772287305201166,1734,1734,263.0,0.14295214066381115
S일_A3_특보종류·수준,충돌,dow5,1.1620625301888494,0.9631637741568335,1.4020350020442367,0.11684740911677016,1734,1734,282.0,0.14238494787693873
S일_A3_특보종류·수준,충돌,dow6,1.0651362561501598,0.8826646042203526,1.285329941566744,0.510419192590783,1734,1734,260.0,0.14289346554792778
S일_A3_특보종류·수준,충돌,hol,0.9512839874340696,0.7365001751282901,1.2287046973082287,0.7020771504213146,1734,1734,86.0,0.05155586848950693
S일_A3b_특보최고수준,충돌,warn_주의보,0.5207897994271382,0.4309699397240525,0.6293293109051196,1.4312551144257668e-11,1734,1734,160.0,0.1537874787302705
S일_A3b_특보최고수준,충돌,warn_경보,0.4666845404192533,0.29064122418274174,0.7493584603448773,0.0016093398224179545,1734,1734,24.0,0.024526198439241916
S일_A3b_특보최고수준,충돌,dow1,0.9103873100912577,0.7490083977005761,1.1065363978823095,0.345636838938032,1734,1734,217.0,0.14320639949930566
S일_A3b_특보최고수준,충돌,dow2,1.0265667364547861,0.8381118891966498,1.25739686786398,0.7999757773929139,1734,1734,249.0,0.14289346554792778
S일_A3b_특보최고수준,충돌,dow3,0.9277798598452379,0.7600039502395147,1.1325934135778852,0.46138720786051834,1734,1734,224.0,0.14277611531616108
S일_A3b_특보최고수준,충돌,dow4,1.0979585499977695,0.9155005628211281,1.3167801599142648,0.3135170899394777,1734,1734,263.0,0.14295214066381115
S일_A3b_특보최고수준,충돌,dow5,1.1699356332555018,0.969514889618624,1.41178789579949,0.1016150953583641,1734,1734,282.0,0.14238494787693873
S일_A3b_특보최고수준,충돌,dow6,1.0699805806022997,0.8866904915108633,1.2911590389508625,0.48045916150791057,1734,1734,260.0,0.14289346554792778
S일_A3b_특보최고수준,충돌,hol,0.9509786647336902,0.7362634662727477,1.2283108726783591,0.7002551647104371,1734,1734,86.0,0.05155586848950693
S일_B1_특보없는때_파고,충돌,wh_max[0-0.5],1.2655433292575389,1.0979990450493764,1.4586532888616788,0.0011527990156663392,1529,1529,679.0,0.40405477074393714
S일_B1_특보없는때_파고,충돌,wh_max[1-1.5],0.7664819562280311,0.6408917607721769,0.9166830113642089,0.0035818315084656938,1529,1529,228.0,0.17178535268309147
S일_B1_특보없는때_파고,충돌,wh_max[1.5-2],0.5938573498141217,0.4431868680745497,0.7957513575716534,0.00048272791555481476,1529,1529,73.0,0.064919724217733
S일_B1_특보없는때_파고,충돌,wh_max[2-2.5],0.41396795597540104,0.19783558975645293,0.8662216378024669,0.019220159418275706,1529,1529,9.0,0.010727544477122607
S일_B1_특보없는때_파고,충돌,wh_max[2.5-3],2.11250697480065e-10,1.3465257925257228e-10,3.3142222327658405e-10,0.0,1529,1529,0.0,0.0010124873439082012
S일_B1_특보없는때_파고,충돌,wh_max[3-4],1.72477200030234,0.17753577787030167,16.7562757699476,0.6384312871631783,1529,1529,1.0,0.0002651752567378622
S일_B1_특보없는때_파고,충돌,wh_max[4+],1.9176778171887385e-10,2.400103321010422e-11,1.5322207916405762e-09,0.0,1529,1529,0.0,4.8213683043247675e-05
S일_B1_특보없는때_파고,충돌,dow1,0.873629157157266,0.7077885600375118,1.0783275505256327,0.20843931065387267,1529,1529,182.0,0.14114555710910756
S일_B1_특보없는때_파고,충돌,dow2,0.9986604725281781,0.8036213749797911,1.2410356051259634,0.9903529345531032,1529,1529,216.0,0.14488211754495925
S일_B1_특보없는때_파고,충돌,dow3,0.9238761563460446,0.7432228691920665,1.1484403772351683,0.4756996357770227,1529,1529,198.0,0.14379730967648618
S일_B1_특보없는때_파고,충돌,dow4,1.115521415148159,0.917494492185437,1.3562893709476838,0.27290188406369253,1529,1529,232.0,0.13981968082541826
S일_B1_특보없는때_파고,충돌,dow5,1.2308237982588595,1.007183483185535,1.504122384502306,0.0423603488832085,1529,1529,261.0,0.14266428812496987
S일_B1_특보없는때_파고,충돌,dow6,1.0706472380873462,0.8764882367064449,1.3078161924128349,0.5037110290114621,1529,1529,230.0,0.14599103225495397
S일_B1_특보없는때_파고,충돌,hol,0.908567515311944,0.6875041556578426,1.200712640187956,0.5002551719684707,1529,1529,74.0,0.051757388746926376
S일_B2_특보없는때_풍속,충돌,ws_max[0-4],1.0210272995601444,0.8544819673411489,1.2200336417759274,0.8188324885595744,1529,1529,232.0,0.14155537341497518
S일_B2_특보없는때_풍속,충돌,ws_max[6-8],0.946273657747746,0.8162251368367215,1.0970427090956179,0.4640943988795274,1529,1529,452.0,0.2770599296080228
S일_B2_특보없는때_풍속,충돌,ws_max[8-10],0.7647863386871397,0.6429899834983542,0.9096535853640985,0.0024462315683808633,1529,1529,258.0,0.19066100959452292
S일_B2_특보없는때_풍속,충돌,ws_max[10-12],0.5902256584474196,0.45911559274019453,0.7587769472400044,3.891174561543309e-05,1529,1529,95.0,0.08606142423219709
S일_B2_특보없는때_풍속,충돌,ws_max[12-14],0.378013765744727,0.20170545607793097,0.7084310453025158,0.002400463899798755,1529,1529,15.0,0.02041849476881539
S일_B2_특보없는때_풍속,충돌,ws_max[14-17],0.7896385062597899,0.2820764230036421,2.2104965878702365,0.6529317302520699,1529,1529,4.0,0.0026999662504218697
S일_B2_특보없는때_풍속,충돌,ws_max[17+],0.999999999999997,0.9999999999999962,0.9999999999999977,2.220446049250313e-16,1529,1529,0.0,0.0
S일_B2_특보없는때_풍속,충돌,dow1,0.8781974995788951,0.7116955222318059,1.0836528040082658,0.22590605752854653,1529,1529,182.0,0.14114555710910756
S일_B2_특보없는때_풍속,충돌,dow2,0.9906908737415188,0.7975732386863073,1.2305683788128632,0.9326247882126719,1529,1529,216.0,0.14488211754495925
S일_B2_특보없는때_풍속,충돌,dow3,0.9197448011306844,0.7404509839197481,1.1424530692481412,0.44953005881930075,1529,1529,198.0,0.14379730967648618
S일_B2_특보없는때_풍속,충돌,dow4,1.1237081391449637,0.9239344742898916,1.3666769853469594,0.24287091182292264,1529,1529,232.0,0.13981968082541826
S일_B2_특보없는때_풍속,충돌,dow5,1.223511999734578,1.0012038862093264,1.4951815850038812,0.048636978653834984,1529,1529,261.0,0.14266428812496987
S일_B2_특보없는때_풍속,충돌,dow6,1.068367080296823,0.8746580095541685,1.304976580325101,0.5170408095468269,1529,1529,230.0,0.14599103225495397
S일_B2_특보없는때_풍속,충돌,hol,0.9169823854378244,0.6940079175091679,1.2115952483959016,0.542055924433839,1529,1529,74.0,0.051757388746926376
S일_B3_특보없는때_파고+풍속,충돌,wh_max[0-0.5],1.212141633408548,1.0242427524641098,1.4345108480460813,0.025173086099106623,1529,1529,679.0,0.40405477074393714
S일_B3_특보없는때_파고+풍속,충돌,wh_max[1-1.5],0.8135645737818535,0.6753249367088087,0.98010199199596,0.029891205756435113,1529,1529,228.0,0.17178535268309147
S일_B3_특보없는때_파고+풍속,충돌,wh_max[1.5-2],0.6806292895740899,0.49814638921382376,0.9299600275277368,0.015692841983197425,1529,1529,73.0,0.064919724217733
S일_B3_특보없는때_파고+풍속,충돌,wh_max[2-2.5],0.5056392847864594,0.23412479110863002,1.092029105968257,0.08258230947706346,1529,1529,9.0,0.010727544477122607
S일_B3_특보없는때_파고+풍속,충돌,wh_max[2.5-3],2.3593414976601466e-10,1.2169699236749926e-10,4.574059057903083e-10,0.0,1529,1529,0.0,0.0010124873439082012
S일_B3_특보없는때_파고+풍속,충돌,wh_max[3-4],2.278301271735961,0.2684485916224437,19.33575681445197,0.45043532829264166,1529,1529,1.0,0.0002651752567378622
S일_B3_특보없는때_파고+풍속,충돌,wh_max[4+],2.1562527758750393e-10,2.5972919559142716e-11,1.7901052759516093e-09,0.0,1529,1529,0.0,4.8213683043247675e-05
S일_B3_특보없는때_파고+풍속,충돌,ws_max[0-4],0.9971904935763924,0.8345195275065793,1.191570535743143,0.9752976330177092,1529,1529,232.0,0.14155537341497518
S일_B3_특보없는때_파고+풍속,충돌,ws_max[6-8],1.0194850772520367,0.8725500100731796,1.1911636132494257,0.8079823731776785,1529,1529,452.0,0.2770599296080228
S일_B3_특보없는때_파고+풍속,충돌,ws_max[8-10],0.9222232516181693,0.7508660164906454,1.1326864009642992,0.4401006701044743,1529,1529,258.0,0.19066100959452292
S일_B3_특보없는때_파고+풍속,충돌,ws_max[10-12],0.7995948076178304,0.5962872013848863,1.0722213303999992,0.135139439513156,1529,1529,95.0,0.08606142423219709
S일_B3_특보없는때_파고+풍속,충돌,ws_max[12-14],0.5589418338287128,0.28951008048206717,1.0791195010674455,0.08307186703263425,1529,1529,15.0,0.02041849476881539
S일_B3_특보없는때_파고+풍속,충돌,ws_max[14-17],1.4415620941875307,0.5013525146532124,4.144990222769243,0.49732746225317026,1529,1529,4.0,0.0026999662504218697
S일_B3_특보없는때_파고+풍속,충돌,ws_max[17+],1.0000057289295579,0.9999620853196626,1.0000493744442902,0.7969650870672607,1529,1529,0.0,0.0
S일_B3_특보없는때_파고+풍속,충돌,dow1,0.8763293443813424,0.7101184868917318,1.0814436379275945,0.2185821389470919,1529,1529,182.0,0.14114555710910756
S일_B3_특보없는때_파고+풍속,충돌,dow2,0.9952733705647099,0.8008488517850256,1.236898922870829,0.96592044669057,1529,1529,216.0,0.14488211754495925
S일_B3_특보없는때_파고+풍속,충돌,dow3,0.9245990027614437,0.7438922095263453,1.1492032111100905,0.47983100511073307,1529,1529,198.0,0.14379730967648618
S일_B3_특보없는때_파고+풍속,충돌,dow4,1.120666811576278,0.9216432038450285,1.3626684353869716,0.25344162664596537,1529,1529,232.0,0.13981968082541826
S일_B3_특보없는때_파고+풍속,충돌,dow5,1.2301399040430676,1.0066352213122856,1.5032696566551373,0.042903926490140076,1529,1529,261.0,0.14266428812496987
S일_B3_특보없는때_파고+풍속,충돌,dow6,1.0737002594433467,0.8789653466826729,1.3115787231881728,0.48613686264526645,1529,1529,230.0,0.14599103225495397
S일_B3_특보없는때_파고+풍속,충돌,hol,0.9092081108190772,0.6875656835629651,1.2022987891068773,0.5043507341998312,1529,1529,74.0,0.051757388746926376
S일_B4_특보없는때_파고연속(1m당),충돌,wh_per1m,0.6139857361815616,0.522493671166864,0.721498661203921,3.1224112184702335e-09,1529,1529,,
S일_B4_특보없는때_파고연속(1m당),충돌,dow1,0.8741397580404113,0.7082417944442406,1.0788975214129468,0.21029277017429693,1529,1529,182.0,0.14114555710910756
S일_B4_특보없는때_파고연속(1m당),충돌,dow2,0.9997562141853679,0.8048839227070527,1.2418094828389856,0.9982413838716107,1529,1529,216.0,0.14488211754495925
S일_B4_특보없는때_파고연속(1m당),충돌,dow3,0.9232886499780055,0.7432240597587463,1.1469783842236225,0.4708604206787492,1529,1529,198.0,0.14379730967648618
S일_B4_특보없는때_파고연속(1m당),충돌,dow4,1.1179898281065066,0.9195407717291139,1.3592668146723816,0.26328005364152096,1529,1529,232.0,0.13981968082541826
S일_B4_특보없는때_파고연속(1m당),충돌,dow5,1.2326216579843792,1.0085347124500537,1.5064986192107928,0.041050694394071385,1529,1529,261.0,0.14266428812496987
S일_B4_특보없는때_파고연속(1m당),충돌,dow6,1.0713775127906517,0.8771540597752083,1.3086068087145915,0.4992928553032372,1529,1529,230.0,0.14599103225495397
S일_B4_특보없는때_파고연속(1m당),충돌,hol,0.911915635536019,0.6905589825363241,1.2042275133121145,0.5156984368669655,1529,1529,74.0,0.051757388746926376
S일_B5_특보없는때_풍속연속(1m/s당),충돌,ws_per1ms,0.9298679695677798,0.9065387921228616,0.9537975079955767,2.0354721019799626e-08,1529,1529,,
S일_B5_특보없는때_풍속연속(1m/s당),충돌,dow1,0.8778641502918774,0.7113788232454832,1.0833123522735857,0.22469655771191777,1529,1529,182.0,0.14114555710910756
S일_B5_특보없는때_풍속연속(1m/s당),충돌,dow2,0.9932026037780618,0.7995899140901558,1.23369666721471,0.9508398569217715,1529,1529,216.0,0.14488211754495925
S일_B5_특보없는때_풍속연속(1m/s당),충돌,dow3,0.9139435860106127,0.7356645877636926,1.1354262422078794,0.41633212545275655,1529,1529,198.0,0.14379730967648618
S일_B5_특보없는때_풍속연속(1m/s당),충돌,dow4,1.1206510654421082,0.9215093351857567,1.3628280935682302,0.25381866590127755,1529,1529,232.0,0.13981968082541826
S일_B5_특보없는때_풍속연속(1m/s당),충돌,dow5,1.2238571840989394,1.0015020510555115,1.4955799695986476,0.04830539443828985,1529,1529,261.0,0.14266428812496987
S일_B5_특보없는때_풍속연속(1m/s당),충돌,dow6,1.0647967072846503,0.8715445007424097,1.3008997554094284,0.538920799891693,1529,1529,230.0,0.14599103225495397
S일_B5_특보없는때_풍속연속(1m/s당),충돌,hol,0.9241490843619562,0.6998560118161212,1.220324632077939,0.5781096791038627,1529,1529,74.0,0.051757388746926376
S일_C1_특보있는때만_파고,충돌,wh_max[2-3],0.6003333903219544,0.3763270352015868,0.9576781517766768,0.0322351250910331,183,183,42.0,0.29592638312198405
S일_C1_특보있는때만_파고,충돌,wh_max[3-4],0.39828278616543095,0.2023673172831935,0.7838675725177114,0.007700526476578817,183,183,12.0,0.10571204129727303
S일_C1_특보있는때만_파고,충돌,wh_max[4+],0.4205396357448875,0.1597761025041777,1.1068838359467335,0.07937312797852902,183,183,4.0,0.03950173942318483
S일_C1_특보있는때만_파고,충돌,dow1,1.4978779377400309,0.783819358528531,2.8624431024264623,0.22139379249921154,183,183,32.0,0.15688474918639883
S일_C1_특보있는때만_파고,충돌,dow2,1.3817899488140777,0.6661744504029747,2.866131328646172,0.3849848960631368,183,183,29.0,0.1356750084165638
S일_C1_특보있는때만_파고,충돌,dow3,1.2385366212877778,0.6113344426780927,2.5092205758128374,0.5525925215073968,183,183,25.0,0.13971495903938952
S일_C1_특보있는때만_파고,충돌,dow4,1.210022025226852,0.5984890936074987,2.4464160118752543,0.5955809505082346,183,183,28.0,0.15531365727752217
S일_C1_특보있는때만_파고,충돌,dow5,0.9420716449755503,0.4657336255704681,1.9055935314523593,0.8681353419525939,183,183,19.0,0.1387049713836831
S일_C1_특보있는때만_파고,충돌,dow6,1.3084561501806458,0.681089255915543,2.5137050424384566,0.41962792419224626,183,183,27.0,0.12624845696330378
S일_C1_특보있는때만_파고,충돌,hol,1.7505157263478386,0.8110342051558246,3.7782688926200763,0.15374699093501976,183,183,10.0,0.05027494108405342
S일_C2_특보있는때만_풍속,충돌,ws_max[10-14],0.6294225901853303,0.40646540390272906,0.9746777788016078,0.03799060594062453,183,183,82.0,0.4988216810683425
S일_C2_특보있는때만_풍속,충돌,ws_max[14-17],0.4798577479098228,0.2611275314956217,0.8818045991176838,0.01802179400051429,183,183,25.0,0.17405453933340814
S일_C2_특보있는때만_풍속,충돌,ws_max[17+],0.4503449445456891,0.19299597718625125,1.0508538677059411,0.06499932361561633,183,183,8.0,0.04657165301312984
S일_C2_특보있는때만_풍속,충돌,dow1,1.4922095015831158,0.7841258016377791,2.8397091282599227,0.2227571352209221,183,183,32.0,0.15688474918639883
S일_C2_특보있는때만_풍속,충돌,dow2,1.42149678930732,0.6890040342451964,2.932715951691987,0.34116959479877096,183,183,29.0,0.1356750084165638
S일_C2_특보있는때만_풍속,충돌,dow3,1.313834600379731,0.6500867105813047,2.655278640616175,0.4470452775686904,183,183,25.0,0.13971495903938952
S일_C2_특보있는때만_풍속,충돌,dow4,1.2335008710973763,0.6173342675031245,2.4646686229681647,0.5523661445202601,183,183,28.0,0.15531365727752217
S일_C2_특보있는때만_풍속,충돌,dow5,0.9429018715508152,0.46956972771507094,1.8933587216114214,0.8687120770001655,183,183,19.0,0.1387049713836831
S일_C2_특보있는때만_풍속,충돌,dow6,1.3437924073473189,0.7134291394693525,2.531124584268366,0.36033835944833026,183,183,27.0,0.12624845696330378
S일_C2_특보있는때만_풍속,충돌,hol,1.7663040912277275,0.8143779072837356,3.8309366140513874,0.14981400693487368,183,183,10.0,0.05027494108405342
S일_C3_축(특보없음 파고구간 vs 특보),충돌,nw_wh_1.5-2,0.6565090319056097,0.4978421377065373,0.8657445329139748,0.0028696624332522624,1712,1712,73.0,0.053439961899470166
S일_C3_축(특보없음 파고구간 vs 특보),충돌,nw_wh_2-3,0.43376241621690237,0.20803376290918096,0.9044197013561868,0.025882370086493633,1712,1712,9.0,0.009664040640565159
S일_C3_축(특보없음 파고구간 vs 특보),충돌,nw_wh_3+,1.848142002394492,0.18005729521054148,18.969677718532974,0.6051931327791695,1712,1712,1.0,0.0002579723374278174
S일_C3_축(특보없음 파고구간 vs 특보),충돌,w_주의보,0.5064066462342158,0.41750358975772284,0.6142406859280005,4.907185768843192e-12,1712,1712,159.0,0.15269977973131188
S일_C3_축(특보없음 파고구간 vs 특보),충돌,w_경보,0.4616947536249208,0.2868416771554039,0.743134845810047,0.0014600660361714368,1712,1712,24.0,0.024130335562478917
S일_C3_축(특보없음 파고구간 vs 특보),충돌,dow1,0.9166877582970542,0.7531483822586021,1.1157382343326154,0.3855861211002036,1712,1712,214.0,0.1439287202587661
S일_C3_축(특보없음 파고구간 vs 특보),충돌,dow2,1.03189670499794,0.8410840276405038,1.2659981343038023,0.7634217637540013,1712,1712,245.0,0.14325402337626258
S일_C3_축(특보없음 파고구간 vs 특보),충돌,dow3,0.9461208550947856,0.7737129880146323,1.1569466795978867,0.5894607047715232,1712,1712,223.0,0.1430754271426587
S일_C3_축(특보없음 파고구간 vs 특보),충돌,dow4,1.1163015783275596,0.9299533357963395,1.3399911219303415,0.23773073539835776,1712,1712,260.0,0.14255948246780306
S일_C3_축(특보없음 파고구간 vs 특보),충돌,dow5,1.1917567557576456,0.9861424780346291,1.4402423549633507,0.0694348313471691,1712,1712,280.0,0.14196416168912349
S일_C3_축(특보없음 파고구간 vs 특보),충돌,dow6,1.0862778528273915,0.8988091172129282,1.3128478015468834,0.39187586812626307,1712,1712,257.0,0.1424999503899351
S일_C3_축(특보없음 파고구간 vs 특보),충돌,hol,0.94039744944378,0.7264582420251824,1.2173409450968984,0.6407647325558674,1712,1712,84.0,0.05149524735578354
S일_C4_축(특보없음 풍속구간 vs 특보),충돌,nw_ws_10-12,0.6616362111346453,0.5260911088546936,0.8321039236675617,0.00041327125013657096,1712,1712,95.0,0.07084317266286984
S일_C4_축(특보없음 풍속구간 vs 특보),충돌,nw_ws_12-14,0.4342458276041011,0.23301836701777914,0.8092471044447023,0.008629081493464863,1712,1712,15.0,0.0168078899847201
S일_C4_축(특보없음 풍속구간 vs 특보),충돌,nw_ws_14+,0.8834659377923171,0.3206776334822902,2.4339460621670166,0.810614033580138,1712,1712,4.0,0.0022225309070704265
S일_C4_축(특보없음 풍속구간 vs 특보),충돌,w_주의보,0.5049967633089375,0.4166305203971885,0.6121052550576033,3.3644198538240744e-12,1712,1712,159.0,0.15269977973131188
S일_C4_축(특보없음 풍속구간 vs 특보),충돌,w_경보,0.46240760672863346,0.28830197710779465,0.7416556657207939,0.001374658388134442,1712,1712,24.0,0.024130335562478917
S일_C4_축(특보없음 풍속구간 vs 특보),충돌,dow1,0.919009999233702,0.7550999636950042,1.1185000917741623,0.39941774122555485,1712,1712,214.0,0.1439287202587661
S일_C4_축(특보없음 풍속구간 vs 특보),충돌,dow2,1.0303761348701514,0.83933203308035,1.264904635432063,0.7748779430630368,1712,1712,245.0,0.14325402337626258
S일_C4_축(특보없음 풍속구간 vs 특보),충돌,dow3,0.9495240751315928,0.7766320760921893,1.1609048827742257,0.6135065689677262,1712,1712,223.0,0.1430754271426587
S일_C4_축(특보없음 풍속구간 vs 특보),충돌,dow4,1.1229528475171935,0.9349762530156701,1.3487220597097223,0.21472903270175792,1712,1712,260.0,0.14255948246780306
S일_C4_축(특보없음 풍속구간 vs 특보),충돌,dow5,1.1932942821110692,0.987009769384807,1.442692147420695,0.06800547973169113,1712,1712,280.0,0.14196416168912349
S일_C4_축(특보없음 풍속구간 vs 특보),충돌,dow6,1.091726888646373,0.9031926714223958,1.319616109723824,0.36423419869918705,1712,1712,257.0,0.1424999503899351
S일_C4_축(특보없음 풍속구간 vs 특보),충돌,hol,0.9402431860046383,0.7259197587847167,1.2178443114817243,0.64062067264982,1712,1712,84.0,0.05149524735578354
"S일_C5_축세분(파고, 기준: 특보없음·1m미만)",충돌,nw_wh_1.0-1.5,0.7316567964024316,0.6159821513234396,0.869053862310343,0.00037302180158826914,1712,1712,228.0,0.1414085289623559
"S일_C5_축세분(파고, 기준: 특보없음·1m미만)",충돌,nw_wh_1.5-2.0,0.5876188600968247,0.44217923353518307,0.7808958416723505,0.0002476951605432376,1712,1712,73.0,0.053439961899470166
"S일_C5_축세분(파고, 기준: 특보없음·1m미만)",충돌,nw_wh_2.0-2.5,0.4216445515319391,0.20257642681722862,0.8776150839948073,0.020940582098755156,1712,1712,9.0,0.008830591550413748
"S일_C5_축세분(파고, 기준: 특보없음·1m미만)",충돌,nw_wh_2.5-99,0.378891866093623,0.05263594900538007,2.7273954189984173,0.33519941168469436,1712,1712,1.0,0.0010914214275792272
"S일_C5_축세분(파고, 기준: 특보없음·1m미만)",충돌,w_주의보,0.4669838715140231,0.3832408276238702,0.5690258462447879,4.3076653355456074e-14,1712,1712,159.0,0.15269977973131188
"S일_C5_축세분(파고, 기준: 특보없음·1m미만)",충돌,w_경보,0.4245852110467888,0.2626736382196983,0.6862987951949234,0.0004714088946693451,1712,1712,24.0,0.024130335562478917
"S일_C5_축세분(파고, 기준: 특보없음·1m미만)",충돌,dow1,0.920021530887371,0.7555090494978652,1.1203566891209469,0.40691865411625305,1712,1712,214.0,0.1439287202587661
"S일_C5_축세분(파고, 기준: 특보없음·1m미만)",충돌,dow2,1.0380265605774126,0.8455480432187513,1.2743204234291081,0.7213394251574936,1712,1712,245.0,0.14325402337626258
"S일_C5_축세분(파고, 기준: 특보없음·1m미만)",충돌,dow3,0.9524795357818246,0.7787168572195264,1.1650155735968721,0.6356690019688165,1712,1712,223.0,0.1430754271426587
"S일_C5_축세분(파고, 기준: 특보없음·1m미만)",충돌,dow4,1.1208490187014941,0.933490788329472,1.345811376427525,0.22151614012396337,1712,1712,260.0,0.14255948246780306
"S일_C5_축세분(파고, 기준: 특보없음·1m미만)",충돌,dow5,1.1971047179210512,0.9903334774288071,1.44704762418966,0.06294270563170201,1712,1712,280.0,0.14196416168912349
"S일_C5_축세분(파고, 기준: 특보없음·1m미만)",충돌,dow6,1.0932033644876182,0.90433797065389,1.321512128107288,0.3571079024762249,1712,1712,257.0,0.1424999503899351
"S일_C5_축세분(파고, 기준: 특보없음·1m미만)",충돌,hol,0.9337642993413702,0.7212504555845695,1.2088945802020978,0.6029619451506723,1712,1712,84.0,0.05149524735578354
"S일_C6_축세분(풍속, 기준: 특보없음·8m/s미만)",충돌,nw_ws_8-10,0.7855152664116031,0.6754826885958927,0.9134715725258687,0.0017160623052223656,1712,1712,258.0,0.15694640128589288
"S일_C6_축세분(풍속, 기준: 특보없음·8m/s미만)",충돌,nw_ws_10-12,0.6204611954563944,0.49186640918609165,0.7826761248124358,5.628844642568964e-05,1712,1712,95.0,0.07084317266286984
"S일_C6_축세분(풍속, 기준: 특보없음·8m/s미만)",충돌,nw_ws_12-14,0.40582718127004835,0.21740687330414366,0.7575459715442846,0.004626468125437322,1712,1712,15.0,0.0168078899847201
"S일_C6_축세분(풍속, 기준: 특보없음·8m/s미만)",충돌,nw_ws_14-99,0.8156051149643151,0.29521735947200733,2.253294673272861,0.6942300125679894,1712,1712,4.0,0.0022225309070704265
"S일_C6_축세분(풍속, 기준: 특보없음·8m/s미만)",충돌,w_주의보,0.4770624894402201,0.39288174575615414,0.579280206548856,7.904787935331115e-14,1712,1712,159.0,0.15269977973131188
"S일_C6_축세분(풍속, 기준: 특보없음·8m/s미만)",충돌,w_경보,0.43752123263691844,0.27244184215245926,0.7026263935662518,0.0006255282097937798,1712,1712,24.0,0.024130335562478917
"S일_C6_축세분(풍속, 기준: 특보없음·8m/s미만)",충돌,dow1,0.9219701651920726,0.7572918903159239,1.1224588515660536,0.41836029024006205,1712,1712,214.0,0.1439287202587661
"S일_C6_축세분(풍속, 기준: 특보없음·8m/s미만)",충돌,dow2,1.0288305042257921,0.8381162116216201,1.2629420499783504,0.7858366852849903,1712,1712,245.0,0.14325402337626258
"S일_C6_축세분(풍속, 기준: 특보없음·8m/s미만)",충돌,dow3,0.943457903091028,0.7715964651135099,1.1535988760316245,0.5705085480716012,1712,1712,223.0,0.1430754271426587
"S일_C6_축세분(풍속, 기준: 특보없음·8m/s미만)",충돌,dow4,1.123778220152066,0.9355147835384471,1.349927879612439,0.21223434389574725,1712,1712,260.0,0.14255948246780306
"S일_C6_축세분(풍속, 기준: 특보없음·8m/s미만)",충돌,dow5,1.1954980073020571,0.988877376874104,1.4452909115799761,0.06511538382284487,1712,1712,280.0,0.14196416168912349
"S일_C6_축세분(풍속, 기준: 특보없음·8m/s미만)",충돌,dow6,1.0960405204534798,0.9066085844338236,1.3250534388290054,0.34350935862001997,1712,1712,257.0,0.1424999503899351
"S일_C6_축세분(풍속, 기준: 특보없음·8m/s미만)",충돌,hol,0.9410372711619103,0.7261782843755249,1.2194679526631425,0.6458262665086916,1712,1712,84.0,0.05149524735578354
S일_C7_축(특보없음 & (파고≥1.5 또는 풍속≥10)),충돌,nw_or_1.5_10,0.6257046897591646,0.5188326093963096,0.7545908867257817,9.265375187084146e-07,1712,1712,156.0,0.11987776080011113
S일_C7_축(특보없음 & (파고≥1.5 또는 풍속≥10)),충돌,w_주의보,0.49326429574243996,0.4063501996369015,0.5987684161880495,8.919531779838508e-13,1712,1712,159.0,0.15269977973131188
S일_C7_축(특보없음 & (파고≥1.5 또는 풍속≥10)),충돌,w_경보,0.4518622552386955,0.28128734258081534,0.725875170336675,0.001020675750181388,1712,1712,24.0,0.024130335562478917
S일_C7_축(특보없음 & (파고≥1.5 또는 풍속≥10)),충돌,dow1,0.919545839940185,0.7554465901420745,1.1192909767350698,0.40297590665206107,1712,1712,214.0,0.1439287202587661
S일_C7_축(특보없음 & (파고≥1.5 또는 풍속≥10)),충돌,dow2,1.0315332032457332,0.8406183111315941,1.2658072460568017,0.7662222539214887,1712,1712,245.0,0.14325402337626258
S일_C7_축(특보없음 & (파고≥1.5 또는 풍속≥10)),충돌,dow3,0.9492127852237217,0.7761647240980528,1.1608423877794674,0.6117480795995598,1712,1712,223.0,0.1430754271426587
S일_C7_축(특보없음 & (파고≥1.5 또는 풍속≥10)),충돌,dow4,1.1219363794323665,0.934283795706141,1.3472793227056212,0.2179172536839693,1712,1712,260.0,0.14255948246780306
S일_C7_축(특보없음 & (파고≥1.5 또는 풍속≥10)),충돌,dow5,1.1962468702952906,0.9895036253257693,1.4461862878169394,0.06416945336146807,1712,1712,280.0,0.14196416168912349
S일_C7_축(특보없음 & (파고≥1.5 또는 풍속≥10)),충돌,dow6,1.0924903358993585,0.9037520832421384,1.320644406983585,0.36062827969148503,1712,1712,257.0,0.1424999503899351
S일_C7_축(특보없음 & (파고≥1.5 또는 풍속≥10)),충돌,hol,0.9400542786614792,0.7260851728352162,1.2170776651161677,0.6389759523566962,1712,1712,84.0,0.05149524735578354
S일_C8_축(특보없음 & (파고≥2 또는 풍속≥12)),충돌,nw_or_2.0_12,0.5345579539503035,0.34356016466587874,0.8317384712207139,0.005489093822902413,1712,1712,27.0,0.025717857638957793
S일_C8_축(특보없음 & (파고≥2 또는 풍속≥12)),충돌,w_주의보,0.5214971415791747,0.43088195654729383,0.6311688492469965,2.301203672061547e-11,1712,1712,159.0,0.15269977973131188
S일_C8_축(특보없음 & (파고≥2 또는 풍속≥12)),충돌,w_경보,0.47696638093033394,0.29721282024697204,0.7654344397012871,0.0021572594079832808,1712,1712,24.0,0.024130335562478917
S일_C8_축(특보없음 & (파고≥2 또는 풍속≥12)),충돌,dow1,0.9148094809667097,0.7517771193817983,1.1131974688917925,0.37392634515389567,1712,1712,214.0,0.1439287202587661
S일_C8_축(특보없음 & (파고≥2 또는 풍속≥12)),충돌,dow2,1.030691049308325,0.8400260734052488,1.2646322212570242,0.7720788665187497,1712,1712,245.0,0.14325402337626258
S일_C8_축(특보없음 & (파고≥2 또는 풍속≥12)),충돌,dow3,0.9453622978822492,0.7733770304612694,1.1555940234275723,0.5833932583193109,1712,1712,223.0,0.1430754271426587
S일_C8_축(특보없음 & (파고≥2 또는 풍속≥12)),충돌,dow4,1.114714384485728,0.9286451577408642,1.3380656202442998,0.24381449424458035,1712,1712,260.0,0.14255948246780306
S일_C8_축(특보없음 & (파고≥2 또는 풍속≥12)),충돌,dow5,1.1909851299483896,0.9855320351393199,1.439268871211948,0.07042789004880867,1712,1712,280.0,0.14196416168912349
S일_C8_축(특보없음 & (파고≥2 또는 풍속≥12)),충돌,dow6,1.0836977473857625,0.8970745035902123,1.309145230400448,0.40451733020212677,1712,1712,257.0,0.1424999503899351
S일_C8_축(특보없음 & (파고≥2 또는 풍속≥12)),충돌,hol,0.937308285176491,0.7238769608008966,1.2136687158663968,0.6233539999358362,1712,1712,84.0,0.05149524735578354
S일_A1_달력,기상민감4종(전복·침몰·침수·표류),dow1,1.0753801166143744,0.9222094426475235,1.253991058570789,0.35392221745695873,2720,2720,392.0,0.1430085802653896
S일_A1_달력,기상민감4종(전복·침몰·침수·표류),dow2,0.9213401864168903,0.7821162179646352,1.0853473174559505,0.327009645143556,2720,2720,337.0,0.14356978948418636
S일_A1_달력,기상민감4종(전복·침몰·침수·표류),dow3,1.0212228431663128,0.8755276544951122,1.1911629404854052,0.7891570976615478,2720,2720,371.0,0.14332036316472113
S일_A1_달력,기상민감4종(전복·침몰·침수·표류),dow4,0.9580092271032925,0.8116614400182031,1.1307444631033166,0.6120178829807392,2720,2720,350.0,0.14375685922378528
S일_A1_달력,기상민감4종(전복·침몰·침수·표류),dow5,1.239437889248723,1.0644705499800342,1.4431646618444667,0.005697930969483789,2720,2720,452.0,0.1419111044597426
S일_A1_달력,기상민감4종(전복·침몰·침수·표류),dow6,1.2372668512769844,1.0660214944945974,1.4360210081829843,0.005091827508523883,2720,2720,449.0,0.1414247231367854
S일_A1_달력,기상민감4종(전복·침몰·침수·표류),hol,1.3091471302855946,1.0879422616294339,1.575328277226876,0.004336665849059784,2720,2720,178.0,0.051232166018158234
S일_A2_특보유무(풍랑·태풍),기상민감4종(전복·침몰·침수·표류),any_warn,1.562507259909832,1.3925230019463568,1.7532413711360588,3.086420008457935e-14,2720,2720,629.0,0.16842512221889655
S일_A2_특보유무(풍랑·태풍),기상민감4종(전복·침몰·침수·표류),dow1,1.067161103574368,0.9150741702460066,1.244525152180726,0.40731302631539057,2720,2720,392.0,0.1430085802653896
S일_A2_특보유무(풍랑·태풍),기상민감4종(전복·침몰·침수·표류),dow2,0.9320279120927109,0.7909028074368863,1.0983347394290517,0.40073191280336795,2720,2720,337.0,0.14356978948418636
S일_A2_특보유무(풍랑·태풍),기상민감4종(전복·침몰·침수·표류),dow3,1.0392181864991943,0.890162265150937,1.213233228851318,0.6262528888211101,2720,2720,371.0,0.14332036316472113
S일_A2_특보유무(풍랑·태풍),기상민감4종(전복·침몰·침수·표류),dow4,0.9641919560418079,0.8170939703720286,1.1377713724560272,0.6659193029907962,2720,2720,350.0,0.14375685922378528
S일_A2_특보유무(풍랑·태풍),기상민감4종(전복·침몰·침수·표류),dow5,1.2548419691968364,1.0774559758905036,1.4614317456046257,0.003506909446996387,2720,2720,452.0,0.1419111044597426
S일_A2_특보유무(풍랑·태풍),기상민감4종(전복·침몰·침수·표류),dow6,1.2573208818054433,1.0832229880001154,1.459400157988384,0.002601555187954796,2720,2720,449.0,0.1414247231367854
S일_A2_특보유무(풍랑·태풍),기상민감4종(전복·침몰·침수·표류),hol,1.3076291754819087,1.0883152853083224,1.5711385144122818,0.0041893360852192085,2720,2720,178.0,0.051232166018158234
S일_A3_특보종류·수준,기상민감4종(전복·침몰·침수·표류),wv_주의보,1.4324121149330715,1.269267480359377,1.616526460148567,5.714938078327236e-09,2720,2720,513.0,0.1501671156340417
S일_A3_특보종류·수준,기상민감4종(전복·침몰·침수·표류),wv_경보,4.012587819818767,3.023583495577261,5.325092240816046,0.0,2720,2720,107.0,0.012596029132994114
S일_A3_특보종류·수준,기상민감4종(전복·침몰·침수·표류),ty_주의보,0.32575200988783265,0.1046039894454844,1.0144390525493812,0.05295782090563206,2720,2720,3.0,0.00283098872593036
S일_A3_특보종류·수준,기상민감4종(전복·침몰·침수·표류),ty_경보,1.769532825615625,1.1129332515254953,2.8135078331420376,0.015854175603062126,2720,2720,40.0,0.007607502743689514
S일_A3_특보종류·수준,기상민감4종(전복·침몰·침수·표류),dow1,1.0758324456522517,0.9237382981439229,1.2529689993840378,0.34725209489807174,2720,2720,392.0,0.1430085802653896
S일_A3_특보종류·수준,기상민감4종(전복·침몰·침수·표류),dow2,0.9425985996267551,0.8005956827739691,1.1097887974361789,0.47795887917105717,2720,2720,337.0,0.14356978948418636
S일_A3_특보종류·수준,기상민감4종(전복·침몰·침수·표류),dow3,1.039305788908901,0.8911261932001776,1.21212520864249,0.6232557109384018,2720,2720,371.0,0.14332036316472113
S일_A3_특보종류·수준,기상민감4종(전복·침몰·침수·표류),dow4,0.9818997595773692,0.8329385822759892,1.157500875062884,0.827741324980797,2720,2720,350.0,0.14375685922378528
S일_A3_특보종류·수준,기상민감4종(전복·침몰·침수·표류),dow5,1.2700377084073018,1.091781432872953,1.4773980690731983,0.0019482038573306326,2720,2720,452.0,0.1419111044597426
S일_A3_특보종류·수준,기상민감4종(전복·침몰·침수·표류),dow6,1.2653836377907752,1.0911621036441816,1.4674224347061378,0.0018434825187385595,2720,2720,449.0,0.1414247231367854
S일_A3_특보종류·수준,기상민감4종(전복·침몰·침수·표류),hol,1.318916114712127,1.0974162349340293,1.585123002806592,0.003167376102287456,2720,2720,178.0,0.051232166018158234
S일_A3b_특보최고수준,기상민감4종(전복·침몰·침수·표류),warn_주의보,1.373888450680686,1.217831246132739,1.5499433775474325,2.4233714923660443e-07,2720,2720,491.0,0.1488077421929562
S일_A3b_특보최고수준,기상민감4종(전복·침몰·침수·표류),warn_경보,3.412578238070927,2.648224601334385,4.397546274997692,0.0,2720,2720,138.0,0.019617380025940337
S일_A3b_특보최고수준,기상민감4종(전복·침몰·침수·표류),dow1,1.0803303469458823,0.9268041408307035,1.2592883513512523,0.32314454401137915,2720,2720,392.0,0.1430085802653896
S일_A3b_특보최고수준,기상민감4종(전복·침몰·침수·표류),dow2,0.9391544734853955,0.7970422183201095,1.1066052773548258,0.4533084708771775,2720,2720,337.0,0.14356978948418636
S일_A3b_특보최고수준,기상민감4종(전복·침몰·침수·표류),dow3,1.0447049827334203,0.8956177218670834,1.2186097643007663,0.577727238572523,2720,2720,371.0,0.14332036316472113
S일_A3b_특보최고수준,기상민감4종(전복·침몰·침수·표류),dow4,0.9771221760667991,0.8284316191882671,1.1525003691880318,0.7834784968813941,2720,2720,350.0,0.14375685922378528
S일_A3b_특보최고수준,기상민감4종(전복·침몰·침수·표류),dow5,1.2656339791331768,1.0874111910543085,1.4730668419766872,0.002348633812902623,2720,2720,452.0,0.1419111044597426
S일_A3b_특보최고수준,기상민감4종(전복·침몰·침수·표류),dow6,1.2632893837195902,1.0889013648414645,1.4656057183388436,0.002044136194192525,2720,2720,449.0,0.1414247231367854
S일_A3b_특보최고수준,기상민감4종(전복·침몰·침수·표류),hol,1.330292772470265,1.1071459278783677,1.5984151826109076,0.002315083760713099,2720,2720,178.0,0.051232166018158234
S일_B1_특보없는때_파고,기상민감4종(전복·침몰·침수·표류),wh_max[0-0.5],0.8945936684011027,0.7936677277796325,1.0083537524982376,0.06818428641373608,2067,2067,983.0,0.49205673543228085
S일_B1_특보없는때_파고,기상민감4종(전복·침몰·침수·표류),wh_max[1-1.5],0.9020633499169965,0.7630419328161244,1.0664135904829246,0.22743095078044262,2067,2067,269.0,0.13438939479165082
S일_B1_특보없는때_파고,기상민감4종(전복·침몰·침수·표류),wh_max[1.5-2],0.9544704285978182,0.7364860097094266,1.2369736655651264,0.7246314238909415,2067,2067,97.0,0.04702108575685249
S일_B1_특보없는때_파고,기상민감4종(전복·침몰·침수·표류),wh_max[2-2.5],0.7259871771996141,0.39938736064199987,1.3196646499053934,0.293597857172482,2067,2067,12.0,0.007479590750847535
S일_B1_특보없는때_파고,기상민감4종(전복·침몰·침수·표류),wh_max[2.5-3],0.7375103449600162,0.1338737248707933,4.062944460894038,0.7265422362536849,2067,2067,1.0,0.0006232992292372946
S일_B1_특보없는때_파고,기상민감4종(전복·침몰·침수·표류),wh_max[3-4],5.489177046787726,0.6498409295633275,46.366831143166586,0.11779853522355888,2067,2067,2.0,0.00024323872360479788
S일_B1_특보없는때_파고,기상민감4종(전복·침몰·침수·표류),wh_max[4+],3.6219799333354456e-09,1.1920777272945194e-09,1.1004935615447055e-08,0.0,2067,2067,0.0,0.00012161936180239894
S일_B1_특보없는때_파고,기상민감4종(전복·침몰·침수·표류),dow1,0.9983050935535143,0.8346202680100028,1.194091610297375,0.9851873389701489,2067,2067,266.0,0.13888931117833958
S일_B1_특보없는때_파고,기상민감4종(전복·침몰·침수·표류),dow2,0.9373175176136922,0.7776115269268832,1.1298239524529363,0.4969912229397937,2067,2067,260.0,0.14460542118305234
S일_B1_특보없는때_파고,기상민감4종(전복·침몰·침수·표류),dow3,1.0138452825391406,0.8493949555991614,1.2101346377808468,0.8789665544526779,2067,2067,284.0,0.14644491403031362
S일_B1_특보없는때_파고,기상민감4종(전복·침몰·침수·표류),dow4,0.9329352246255193,0.7714369815809506,1.1282426875146327,0.4741070284949538,2067,2067,254.0,0.14246187993128506
S일_B1_특보없는때_파고,기상민감4종(전복·침몰·침수·표류),dow5,1.2995782548731039,1.0982023390577125,1.53788020701918,0.002284607203437705,2067,2067,360.0,0.14281153559646695
S일_B1_특보없는때_파고,기상민감4종(전복·침몰·침수·표류),dow6,1.3291497098323026,1.122097944387508,1.5744070827182612,0.0009899365707690677,2067,2067,371.0,0.14399732437404034
S일_B1_특보없는때_파고,기상민감4종(전복·침몰·침수·표류),hol,1.1463221644080783,0.931581471359342,1.410563160617379,0.1969336393128871,2067,2067,118.0,0.05077608355250156
S일_B2_특보없는때_풍속,기상민감4종(전복·침몰·침수·표류),ws_max[0-4],1.0095521427132559,0.8688539919695581,1.1730342937673186,0.9011962673433391,2067,2067,326.0,0.15863725505100412
S일_B2_특보없는때_풍속,기상민감4종(전복·침몰·침수·표류),ws_max[6-8],0.9518954082042015,0.8426709685042302,1.0752771865021178,0.4278805922753379,2067,2067,507.0,0.2666808555922103
S일_B2_특보없는때_풍속,기상민감4종(전복·침몰·침수·표류),ws_max[8-10],1.181639895635624,1.0274907653113539,1.3589152234712931,0.019270140290103654,2067,2067,427.0,0.18182094589458642
S일_B2_특보없는때_풍속,기상민감4종(전복·침몰·침수·표류),ws_max[10-12],1.0554952767241876,0.8721016303567406,1.277454645660219,0.5791353681734208,2067,2067,165.0,0.07815564237826662
S일_B2_특보없는때_풍속,기상민감4종(전복·침몰·침수·표류),ws_max[12-14],1.1567376331483865,0.828776338277176,1.614478949439114,0.3920220103807317,2067,2067,44.0,0.01856215509509114
S일_B2_특보없는때_풍속,기상민감4종(전복·침몰·침수·표류),ws_max[14-17],1.8057008079447605,0.7606234712533596,4.28668786993859,0.1803424969364822,2067,2067,7.0,0.002052326730415482
S일_B2_특보없는때_풍속,기상민감4종(전복·침몰·침수·표류),ws_max[17+],2.447841000734949e-09,7.867691871306725e-10,7.615862012506462e-09,0.0,2067,2067,0.0,6.080968090119947e-05
S일_B2_특보없는때_풍속,기상민감4종(전복·침몰·침수·표류),dow1,0.9979928727938868,0.834653759724355,1.1932969360568406,0.9824217070127714,2067,2067,266.0,0.13888931117833958
S일_B2_특보없는때_풍속,기상민감4종(전복·침몰·침수·표류),dow2,0.9425399991546703,0.782103152315386,1.1358880825073605,0.5342001492822726,2067,2067,260.0,0.14460542118305234
S일_B2_특보없는때_풍속,기상민감4종(전복·침몰·침수·표류),dow3,1.0208630415338047,0.8553431164968472,1.2184132068986986,0.8190423853672542,2067,2067,284.0,0.14644491403031362
S일_B2_특보없는때_풍속,기상민감4종(전복·침몰·침수·표류),dow4,0.9355731417568693,0.7739058220960418,1.131012428884654,0.491425634324691,2067,2067,254.0,0.14246187993128506
S일_B2_특보없는때_풍속,기상민감4종(전복·침몰·침수·표류),dow5,1.3033249370773308,1.1018121173569457,1.5416928756260244,0.0019920925674150602,2067,2067,360.0,0.14281153559646695
S일_B2_특보없는때_풍속,기상민감4종(전복·침몰·침수·표류),dow6,1.3289964298257189,1.122228380321008,1.573861026384206,0.0009788217147790323,2067,2067,371.0,0.14399732437404034
S일_B2_특보없는때_풍속,기상민감4종(전복·침몰·침수·표류),hol,1.1465726465002395,0.932433281710334,1.4098905085103561,0.19471747037678688,2067,2067,118.0,0.05077608355250156
S일_B3_특보없는때_파고+풍속,기상민감4종(전복·침몰·침수·표류),wh_max[0-0.5],0.9723279282564042,0.8406523322914619,1.1246285339985291,0.7054450029036581,2067,2067,983.0,0.49205673543228085
S일_B3_특보없는때_파고+풍속,기상민감4종(전복·침몰·침수·표류),wh_max[1-1.5],0.8421786381917916,0.7064482411514883,1.003987011802169,0.05541316788327255,2067,2067,269.0,0.13438939479165082
S일_B3_특보없는때_파고+풍속,기상민감4종(전복·침몰·침수·표류),wh_max[1.5-2],0.8552432868062791,0.6435781830808931,1.1365224907496134,0.28109235352355233,2067,2067,97.0,0.04702108575685249
S일_B3_특보없는때_파고+풍속,기상민감4종(전복·침몰·침수·표류),wh_max[2-2.5],0.6122312487377333,0.328968731637293,1.1394003924489478,0.12157249872435649,2067,2067,12.0,0.007479590750847535
S일_B3_특보없는때_파고+풍속,기상민감4종(전복·침몰·침수·표류),wh_max[2.5-3],0.6057260746258012,0.10280468537697528,3.568943148224989,0.5795676412450086,2067,2067,1.0,0.0006232992292372946
S일_B3_특보없는때_파고+풍속,기상민감4종(전복·침몰·침수·표류),wh_max[3-4],4.183779197295021,0.6090793870537722,28.738467831572226,0.1454732821625293,2067,2067,2.0,0.00024323872360479788
S일_B3_특보없는때_파고+풍속,기상민감4종(전복·침몰·침수·표류),wh_max[4+],7.291860096875102e-10,1.6001013041035544e-10,3.3229910841294004e-09,0.0,2067,2067,0.0,0.00012161936180239894
S일_B3_특보없는때_파고+풍속,기상민감4종(전복·침몰·침수·표류),ws_max[0-4],1.0092164599754623,0.8684858524642032,1.1727512430922236,0.9046934177119912,2067,2067,326.0,0.15863725505100412
S일_B3_특보없는때_파고+풍속,기상민감4종(전복·침몰·침수·표류),ws_max[6-8],0.9554872290164612,0.8390032080322863,1.0881434493614275,0.4924139026279719,2067,2067,507.0,0.2666808555922103
S일_B3_특보없는때_파고+풍속,기상민감4종(전복·침몰·침수·표류),ws_max[8-10],1.217838986074832,1.0292312769102987,1.4410092554280542,0.02169811677483069,2067,2067,427.0,0.18182094589458642
S일_B3_특보없는때_파고+풍속,기상민감4종(전복·침몰·침수·표류),ws_max[10-12],1.1343176236367236,0.8969302524527989,1.4345334743412228,0.29279409389201705,2067,2067,165.0,0.07815564237826662
S일_B3_특보없는때_파고+풍속,기상민감4종(전복·침몰·침수·표류),ws_max[12-14],1.3210596245523507,0.9155998259052135,1.9060712794445942,0.13659614788805152,2067,2067,44.0,0.01856215509509114
S일_B3_특보없는때_파고+풍속,기상민감4종(전복·침몰·침수·표류),ws_max[14-17],1.94336984964902,0.8336756882524252,4.530162538914446,0.12387309369614696,2067,2067,7.0,0.002052326730415482
S일_B3_특보없는때_파고+풍속,기상민감4종(전복·침몰·침수·표류),ws_max[17+],1.972428922562667e-09,2.488046743641072e-10,1.5636667054206147e-08,0.0,2067,2067,0.0,6.080968090119947e-05
S일_B3_특보없는때_파고+풍속,기상민감4종(전복·침몰·침수·표류),dow1,0.9983539084232594,0.8351268215677763,1.193484032272945,0.9855693147735272,2067,2067,266.0,0.13888931117833958
S일_B3_특보없는때_파고+풍속,기상민감4종(전복·침몰·침수·표류),dow2,0.9418386178940716,0.7813984309094458,1.135221094729091,0.5294162004122789,2067,2067,260.0,0.14460542118305234
S일_B3_특보없는때_파고+풍속,기상민감4종(전복·침몰·침수·표류),dow3,1.0188180865903516,0.8535277305675754,1.216117832367774,0.8364622281305025,2067,2067,284.0,0.14644491403031362
S일_B3_특보없는때_파고+풍속,기상민감4종(전복·침몰·침수·표류),dow4,0.9337289129371099,0.7723219218968114,1.128868232450876,0.4788538893601364,2067,2067,254.0,0.14246187993128506
S일_B3_특보없는때_파고+풍속,기상민감4종(전복·침몰·침수·표류),dow5,1.3018781310291545,1.1005258389505193,1.5400698539420372,0.0020881775661940605,2067,2067,360.0,0.14281153559646695
S일_B3_특보없는때_파고+풍속,기상민감4종(전복·침몰·침수·표류),dow6,1.3280594082026054,1.121352151044125,1.5728705653020603,0.0010129805800906944,2067,2067,371.0,0.14399732437404034
S일_B3_특보없는때_파고+풍속,기상민감4종(전복·침몰·침수·표류),hol,1.14546556460554,0.9309595173926121,1.409396794580212,0.19922356418014475,2067,2067,118.0,0.05077608355250156
S일_B4_특보없는때_파고연속(1m당),기상민감4종(전복·침몰·침수·표류),wh_per1m,1.0972047572945067,0.9580987230190185,1.2565075503245404,0.179869529155803,2067,2067,,
S일_B4_특보없는때_파고연속(1m당),기상민감4종(전복·침몰·침수·표류),dow1,0.9962612171165015,0.832796351624986,1.1918116725580938,0.9673238612715038,2067,2067,266.0,0.13888931117833958
S일_B4_특보없는때_파고연속(1m당),기상민감4종(전복·침몰·침수·표류),dow2,0.9369815710064187,0.7773439943550917,1.129402775066163,0.49457813404263606,2067,2067,260.0,0.14460542118305234
S일_B4_특보없는때_파고연속(1m당),기상민감4종(전복·침몰·침수·표류),dow3,1.0153610024698876,0.8506136965680684,1.212016652795756,0.865980284924331,2067,2067,284.0,0.14644491403031362
S일_B4_특보없는때_파고연속(1m당),기상민감4종(전복·침몰·침수·표류),dow4,0.9327689228508138,0.7712269030387644,1.128147708551261,0.47319155962146864,2067,2067,254.0,0.14246187993128506
S일_B4_특보없는때_파고연속(1m당),기상민감4종(전복·침몰·침수·표류),dow5,1.30031372233946,1.098868258331329,1.5386883401945444,0.0022295318134968323,2067,2067,360.0,0.14281153559646695
S일_B4_특보없는때_파고연속(1m당),기상민감4종(전복·침몰·침수·표류),dow6,1.32769867260009,1.1208154298737985,1.5727690021384937,0.0010390474142740747,2067,2067,371.0,0.14399732437404034
S일_B4_특보없는때_파고연속(1m당),기상민감4종(전복·침몰·침수·표류),hol,1.1471676228682874,0.9328346563700356,1.4107468520501139,0.19322037421567528,2067,2067,118.0,0.05077608355250156
S일_B5_특보없는때_풍속연속(1m/s당),기상민감4종(전복·침몰·침수·표류),ws_per1ms,1.0245813254309957,1.0022500990332353,1.0474101159326752,0.03077990391044505,2067,2067,,
S일_B5_특보없는때_풍속연속(1m/s당),기상민감4종(전복·침몰·침수·표류),dow1,0.9948301384293715,0.8317333545761963,1.1899090001406645,0.954755237896701,2067,2067,266.0,0.13888931117833958
S일_B5_특보없는때_풍속연속(1m/s당),기상민감4종(전복·침몰·침수·표류),dow2,0.9389486709780098,0.7790602810602141,1.1316513345175012,0.5083419743970332,2067,2067,260.0,0.14460542118305234
S일_B5_특보없는때_풍속연속(1m/s당),기상민감4종(전복·침몰·침수·표류),dow3,1.0195400330067361,0.8541147382562384,1.2170049670674727,0.8303609614196255,2067,2067,284.0,0.14644491403031362
S일_B5_특보없는때_풍속연속(1m/s당),기상민감4종(전복·침몰·침수·표류),dow4,0.9326242001175202,0.7710639995154672,1.128035933711618,0.4723361928290344,2067,2067,254.0,0.14246187993128506
S일_B5_특보없는때_풍속연속(1m/s당),기상민감4종(전복·침몰·침수·표류),dow5,1.3009178829817487,1.0993173742757794,1.5394893029655285,0.0021970745871850994,2067,2067,360.0,0.14281153559646695
S일_B5_특보없는때_풍속연속(1m/s당),기상민감4종(전복·침몰·침수·표류),dow6,1.3266954687126218,1.1200410707970412,1.5714788614403843,0.0010669919209336243,2067,2067,371.0,0.14399732437404034
S일_B5_특보없는때_풍속연속(1m/s당),기상민감4종(전복·침몰·침수·표류),hol,1.1451834788537014,0.9310823846299302,1.4085168207330174,0.19921871504434696,2067,2067,118.0,0.05077608355250156
S일_C1_특보있는때만_파고,기상민감4종(전복·침몰·침수·표류),wh_max[2-3],1.1134587833768315,0.7830727179959144,1.5832379723966863,0.5495613305640705,615,615,111.0,0.2492065890887109
S일_C1_특보있는때만_파고,기상민감4종(전복·침몰·침수·표류),wh_max[3-4],2.2951764982348792,1.5026829437701963,3.5056198514058114,0.00012077536339805128,615,615,65.0,0.08092791295148859
S일_C1_특보있는때만_파고,기상민감4종(전복·침몰·침수·표류),wh_max[4+],7.484063600506797,4.3453121676943915,12.890030868863933,3.9812597663058114e-13,615,615,66.0,0.027429348647423305
S일_C1_특보있는때만_파고,기상민감4종(전복·침몰·침수·표류),dow1,1.3675133415805936,0.9761879753276137,1.9157096652141286,0.0687784532137039,615,615,120.0,0.16888317968868066
S일_C1_특보있는때만_파고,기상민감4종(전복·침몰·침수·표류),dow2,0.9244444595979647,0.630787375426824,1.3548108160901402,0.6870525540624013,615,615,68.0,0.1407737645458667
S일_C1_특보있는때만_파고,기상민감4종(전복·침몰·침수·표류),dow3,1.2827844503919743,0.888994040231493,1.8510089738497504,0.18316207476446023,615,615,86.0,0.12951488589995466
S일_C1_특보있는때만_파고,기상민감4종(전복·침몰·침수·표류),dow4,1.2797128815677834,0.8856217175687002,1.849169941029005,0.1891012260940621,615,615,93.0,0.14689436300438266
S일_C1_특보있는때만_파고,기상민감4종(전복·침몰·침수·표류),dow5,1.2067875509335921,0.8190590352646759,1.778060103589099,0.341820787966165,615,615,86.0,0.134199788423757
S일_C1_특보있는때만_파고,기상민감4종(전복·침몰·침수·표류),dow6,1.073630242358578,0.7390341879837928,1.5597139023454993,0.7092478589817519,615,615,73.0,0.1252833610397461
S일_C1_특보있는때만_파고,기상민감4종(전복·침몰·침수·표류),hol,2.7770869805968275,1.7535538449698347,4.398046926202642,1.3346024854588023e-05,615,615,59.0,0.05221399425721626
S일_C2_특보있는때만_풍속,기상민감4종(전복·침몰·침수·표류),ws_max[10-14],0.9698559629870132,0.7497515026019059,1.2545764639046093,0.8157144266061966,615,615,230.0,0.5027958289254949
S일_C2_특보있는때만_풍속,기상민감4종(전복·침몰·침수·표류),ws_max[14-17],2.7378464345549633,1.9678327770973543,3.809166706869262,2.2636110763585293e-09,615,615,162.0,0.16200695179084176
S일_C2_특보있는때만_풍속,기상민감4종(전복·침몰·침수·표류),ws_max[17+],4.847214845883662,3.1968970181928347,7.349467820967431,1.0635936575909e-13,615,615,71.0,0.03899047906906453
S일_C2_특보있는때만_풍속,기상민감4종(전복·침몰·침수·표류),dow1,1.3600743873346737,0.9790167762659193,1.8894490716891936,0.06671848032010241,615,615,120.0,0.16888317968868066
S일_C2_특보있는때만_풍속,기상민감4종(전복·침몰·침수·표류),dow2,0.8999144796613292,0.6194766817715374,1.3073067873808875,0.5799168540892667,615,615,68.0,0.1407737645458667
S일_C2_특보있는때만_풍속,기상민감4종(전복·침몰·침수·표류),dow3,1.236265600791313,0.8609039945625538,1.7752881219659102,0.2506461599477974,615,615,86.0,0.12951488589995466
S일_C2_특보있는때만_풍속,기상민감4종(전복·침몰·침수·표류),dow4,1.3467839772324233,0.9342841008642876,1.9414084855474358,0.11056069207350117,615,615,93.0,0.14689436300438266
S일_C2_특보있는때만_풍속,기상민감4종(전복·침몰·침수·표류),dow5,1.3553970144721665,0.8938781858925191,2.0552029301461863,0.15220444955117873,615,615,86.0,0.134199788423757
S일_C2_특보있는때만_풍속,기상민감4종(전복·침몰·침수·표류),dow6,1.2598672555103971,0.8565835754942702,1.8530188377607033,0.24056966997876494,615,615,73.0,0.1252833610397461
S일_C2_특보있는때만_풍속,기상민감4종(전복·침몰·침수·표류),hol,2.4917380076299844,1.5308150461208294,4.05585136780644,0.0002396636582180367,615,615,59.0,0.05221399425721626
S일_C3_축(특보없음 파고구간 vs 특보),기상민감4종(전복·침몰·침수·표류),nw_wh_1.5-2,1.0381613395074254,0.8133998691187168,1.3250296782265019,0.7635229984969483,2682,2682,97.0,0.039145457076683585
S일_C3_축(특보없음 파고구간 vs 특보),기상민감4종(전복·침몰·침수·표류),nw_wh_2-3,0.8156945544345474,0.4657257699450955,1.4286467468025525,0.4761923312202945,2682,2682,13.0,0.006745725386961639
S일_C3_축(특보없음 파고구간 vs 특보),기상민감4종(전복·침몰·침수·표류),nw_wh_3+,2.9448349269534213,0.45043182019091127,19.252753376369363,0.2595518620637707,2682,2682,2.0,0.00030374748459114324
S일_C3_축(특보없음 파고구간 vs 특보),기상민감4종(전복·침몰·침수·표류),w_주의보,1.3725668733866694,1.2125566266386738,1.5536922404530693,5.511745073683016e-07,2682,2682,479.0,0.14773518281801729
S일_C3_축(특보없음 파고구간 vs 특보),기상민감4종(전복·침몰·침수·표류),w_경보,3.3869188504546166,2.621237264213286,4.376261338939757,0.0,2682,2682,136.0,0.01975624264361561
S일_C3_축(특보없음 파고구간 vs 특보),기상민감4종(전복·침몰·침수·표류),dow1,1.0795006007941856,0.924510017501561,1.2604747650698553,0.33334454471041997,2682,2682,386.0,0.1439130269702454
S일_C3_축(특보없음 파고구간 vs 특보),기상민감4종(전복·침몰·침수·표류),dow2,0.9307720745802145,0.788687007371636,1.0984543256335542,0.3959499599122325,2682,2682,328.0,0.1439636515510106
S일_C3_축(특보없음 파고구간 vs 특보),기상민감4종(전복·침몰·침수·표류),dow3,1.0614013833913076,0.9096230091501906,1.238505276727196,0.4491274046863476,2682,2682,370.0,0.14360927948565427
S일_C3_축(특보없음 파고구간 vs 특보),기상민감4종(전복·침몰·침수·표류),dow4,0.9941977212682014,0.8417224392904183,1.1742934046146394,0.9453813506519482,2682,2682,347.0,0.14320428283953274
S일_C3_축(특보없음 파고구간 vs 특보),기상민감4종(전복·침몰·침수·표류),dow5,1.2832755633032102,1.1019418813388846,1.4944492075845928,0.001332279592038077,2682,2682,446.0,0.14136914178679458
S일_C3_축(특보없음 파고구간 vs 특보),기상민감4종(전복·침몰·침수·표류),dow6,1.2836064872318793,1.1052179435416951,1.4907879696413977,0.0010737835792691275,2682,2682,444.0,0.14086289597914267
S일_C3_축(특보없음 파고구간 vs 특보),기상민감4종(전복·침몰·침수·표류),hol,1.3458708769028662,1.1180110040236704,1.6201704730778663,0.0016968900090388317,2682,2682,177.0,0.051016921266120764
S일_C4_축(특보없음 풍속구간 vs 특보),기상민감4종(전복·침몰·침수·표류),nw_ws_10-12,1.0352834368885477,0.8677042532420083,1.2352270842180932,0.7003199381687781,2682,2682,165.0,0.06506524242846114
S일_C4_축(특보없음 풍속구간 vs 특보),기상민감4종(전복·침몰·침수·표류),nw_ws_12-14,1.1442207511614904,0.8299638004104843,1.577467748281358,0.41086961245763476,2682,2682,44.0,0.015453153278574413
S일_C4_축(특보없음 풍속구간 vs 특보),기상민감4종(전복·침몰·침수·표류),nw_ws_14+,1.577949827592442,0.6802656266724056,3.66022559537333,0.2879968712316048,2682,2682,7.0,0.001759204181590371
S일_C4_축(특보없음 풍속구간 vs 특보),기상민감4종(전복·침몰·침수·표류),w_주의보,1.3800465321689395,1.2196018066755023,1.5615985648160415,3.2506125169362576e-07,2682,2682,479.0,0.14773518281801729
S일_C4_축(특보없음 풍속구간 vs 특보),기상민감4종(전복·침몰·침수·표류),w_경보,3.4046737413993258,2.6370736003068953,4.3957071520586535,0.0,2682,2682,136.0,0.01975624264361561
S일_C4_축(특보없음 풍속구간 vs 특보),기상민감4종(전복·침몰·침수·표류),dow1,1.0792314974943114,0.924476913043154,1.259891522168758,0.3342561780143294,2682,2682,386.0,0.1439130269702454
S일_C4_축(특보없음 풍속구간 vs 특보),기상민감4종(전복·침몰·침수·표류),dow2,0.93121702730675,0.7890962513413325,1.098934572901574,0.3989883809119801,2682,2682,328.0,0.1439636515510106
S일_C4_축(특보없음 풍속구간 vs 특보),기상민감4종(전복·침몰·침수·표류),dow3,1.063253896018077,0.9112622018234574,1.240596663765319,0.4357999087659432,2682,2682,370.0,0.14360927948565427
S일_C4_축(특보없음 풍속구간 vs 특보),기상민감4종(전복·침몰·침수·표류),dow4,0.9935787461498437,0.8411753192373781,1.1735944959675046,0.9395565366474872,2682,2682,347.0,0.14320428283953274
S일_C4_축(특보없음 풍속구간 vs 특보),기상민감4종(전복·침몰·침수·표류),dow5,1.2834730301092887,1.1021136678292267,1.4946761546497487,0.001322940278447149,2682,2682,446.0,0.14136914178679458
S일_C4_축(특보없음 풍속구간 vs 특보),기상민감4종(전복·침몰·침수·표류),dow6,1.2833407986108414,1.1050531184201287,1.4903931566056678,0.00107929167541565,2682,2682,444.0,0.14086289597914267
S일_C4_축(특보없음 풍속구간 vs 특보),기상민감4종(전복·침몰·침수·표류),hol,1.3467750411536534,1.1192291630004123,1.6205823359820342,0.001616523878898768,2682,2682,177.0,0.051016921266120764
"S일_C5_축세분(파고, 기준: 특보없음·1m미만)",기상민감4종(전복·침몰·침수·표류),nw_wh_1.0-1.5,0.9865655605424515,0.8408142225760628,1.1575822329294536,0.8682880263315935,2682,2682,269.0,0.11188032349107109
"S일_C5_축세분(파고, 기준: 특보없음·1m미만)",기상민감4종(전복·침몰·침수·표류),nw_wh_1.5-2.0,1.0328450208222384,0.8033920047021896,1.3278310349039781,0.8009434089969492,2682,2682,97.0,0.039145457076683585
"S일_C5_축세분(파고, 기준: 특보없음·1m미만)",기상민감4종(전복·침몰·침수·표류),nw_wh_2.0-2.5,0.808520098294101,0.4478612574871404,1.4596144194595193,0.48066439196788147,2682,2682,12.0,0.006226823434118436
"S일_C5_축세분(파고, 기준: 특보없음·1m미만)",기상민감4종(전복·침몰·침수·표류),nw_wh_2.5-99,1.4926369423681243,0.4166886515758066,5.346833980950732,0.5383729224050011,2682,2682,3.0,0.0008226494374343463
"S일_C5_축세분(파고, 기준: 특보없음·1m미만)",기상민감4종(전복·침몰·침수·표류),w_주의보,1.3693391071798267,1.2045525005546514,1.556669044801813,1.5483733870613747e-06,2682,2682,479.0,0.14773518281801729
"S일_C5_축세분(파고, 기준: 특보없음·1m미만)",기상민감4종(전복·침몰·침수·표류),w_경보,3.377670185592012,2.609758828783115,4.371536464140189,0.0,2682,2682,136.0,0.01975624264361561
"S일_C5_축세분(파고, 기준: 특보없음·1m미만)",기상민감4종(전복·침몰·침수·표류),dow1,1.0793099487866191,0.9244044125130927,1.2601735233855507,0.3342673024432652,2682,2682,386.0,0.1439130269702454
"S일_C5_축세분(파고, 기준: 특보없음·1m미만)",기상민감4종(전복·침몰·침수·표류),dow2,0.9308587910346267,0.7887436543530358,1.0985801078262731,0.3966245323229398,2682,2682,328.0,0.1439636515510106
"S일_C5_축세분(파고, 기준: 특보없음·1m미만)",기상민감4종(전복·침몰·침수·표류),dow3,1.0615452568320416,0.9097556554125712,1.2386604310709886,0.44806636322635063,2682,2682,370.0,0.14360927948565427
"S일_C5_축세분(파고, 기준: 특보없음·1m미만)",기상민감4종(전복·침몰·침수·표류),dow4,0.994208521474364,0.8417360210784557,1.1742999698478038,0.9454814293543987,2682,2682,347.0,0.14320428283953274
"S일_C5_축세분(파고, 기준: 특보없음·1m미만)",기상민감4종(전복·침몰·침수·표류),dow5,1.2832131024988025,1.1019086170083074,1.4943488425521476,0.0013333775084012345,2682,2682,446.0,0.14136914178679458
"S일_C5_축세분(파고, 기준: 특보없음·1m미만)",기상민감4종(전복·침몰·침수·표류),dow6,1.2836959576688778,1.1052569519539288,1.4909431773509507,0.0010731726829713573,2682,2682,444.0,0.14086289597914267
"S일_C5_축세분(파고, 기준: 특보없음·1m미만)",기상민감4종(전복·침몰·침수·표류),hol,1.3475060021404632,1.1195653794881977,1.621854747450875,0.0016075906220780478,2682,2682,177.0,0.051016921266120764
"S일_C6_축세분(풍속, 기준: 특보없음·8m/s미만)",기상민감4종(전복·침몰·침수·표류),nw_ws_8-10,1.205723255955335,1.0661536569249779,1.3635638357650282,0.0028771313521411823,2682,2682,427.0,0.15136749648791972
"S일_C6_축세분(풍속, 기준: 특보없음·8m/s미만)",기상민감4종(전복·침몰·침수·표류),nw_ws_10-12,1.0910544467062202,0.9102321635359506,1.307798002932688,0.3458738755633257,2682,2682,165.0,0.06506524242846114
"S일_C6_축세분(풍속, 기준: 특보없음·8m/s미만)",기상민감4종(전복·침몰·침수·표류),nw_ws_12-14,1.2079259822703865,0.8746161285698246,1.6682578001731794,0.2514894114504036,2682,2682,44.0,0.015453153278574413
"S일_C6_축세분(풍속, 기준: 특보없음·8m/s미만)",기상민감4종(전복·침몰·침수·표류),nw_ws_14-99,1.680569062935281,0.7210813544431923,3.9167735483551063,0.22916009235447454,2682,2682,7.0,0.001759204181590371
"S일_C6_축세분(풍속, 기준: 특보없음·8m/s미만)",기상민감4종(전복·침몰·침수·표류),w_주의보,1.4416515557586134,1.2696282083339236,1.6369825391234556,1.6774093891669395e-08,2682,2682,479.0,0.14773518281801729
"S일_C6_축세분(풍속, 기준: 특보없음·8m/s미만)",기상민감4종(전복·침몰·침수·표류),w_경보,3.567178241685769,2.758321358959734,4.613226289468808,0.0,2682,2682,136.0,0.01975624264361561
"S일_C6_축세분(풍속, 기준: 특보없음·8m/s미만)",기상민감4종(전복·침몰·침수·표류),dow1,1.0791002937562852,0.9244473125898042,1.2596255385531032,0.33474771973750106,2682,2682,386.0,0.1439130269702454
"S일_C6_축세분(풍속, 기준: 특보없음·8m/s미만)",기상민감4종(전복·침몰·침수·표류),dow2,0.934987185115833,0.7924218008333438,1.1032016476723414,0.42579818744486975,2682,2682,328.0,0.1439636515510106
"S일_C6_축세분(풍속, 기준: 특보없음·8m/s미만)",기상민감4종(전복·침몰·침수·표류),dow3,1.0704894819115314,0.9174081386830746,1.249114415453311,0.38696204010897195,2682,2682,370.0,0.14360927948565427
"S일_C6_축세분(풍속, 기준: 특보없음·8m/s미만)",기상민감4종(전복·침몰·침수·표류),dow4,0.9978649577290893,0.8450645050536975,1.178294044903005,0.9798916425796214,2682,2682,347.0,0.14320428283953274
"S일_C6_축세분(풍속, 기준: 특보없음·8m/s미만)",기상민감4종(전복·침몰·침수·표류),dow5,1.2848294819134918,1.1035017514515404,1.4959530380651007,0.0012429509733458133,2682,2682,446.0,0.14136914178679458
"S일_C6_축세분(풍속, 기준: 특보없음·8m/s미만)",기상민감4종(전복·침몰·침수·표류),dow6,1.2830247882203738,1.1048650506460653,1.4899128234940133,0.001085278178085236,2682,2682,444.0,0.14086289597914267
"S일_C6_축세분(풍속, 기준: 특보없음·8m/s미만)",기상민감4종(전복·침몰·침수·표류),hol,1.3458359685243984,1.1179583373962907,1.6201627498860454,0.001700554510861707,2682,2682,177.0,0.051016921266120764
S일_C7_축(특보없음 & (파고≥1.5 또는 풍속≥10)),기상민감4종(전복·침몰·침수·표류),nw_or_1.5_10,1.0807911983740461,0.9359227055997116,1.2480834234428757,0.2900043461331667,2682,2682,277.0,0.10555225089542228
S일_C7_축(특보없음 & (파고≥1.5 또는 풍속≥10)),기상민감4종(전복·침몰·침수·표류),w_주의보,1.3870660227179967,1.225085448614451,1.5704636387238757,2.4144088550670517e-07,2682,2682,479.0,0.14773518281801729
S일_C7_축(특보없음 & (파고≥1.5 또는 풍속≥10)),기상민감4종(전복·침몰·침수·표류),w_경보,3.4254489170538407,2.6507853238441283,4.426499640615671,0.0,2682,2682,136.0,0.01975624264361561
S일_C7_축(특보없음 & (파고≥1.5 또는 풍속≥10)),기상민감4종(전복·침몰·침수·표류),dow1,1.0794647438848661,0.9246224021914634,1.2602378338753792,0.33307151481773234,2682,2682,386.0,0.1439130269702454
S일_C7_축(특보없음 & (파고≥1.5 또는 풍속≥10)),기상민감4종(전복·침몰·침수·표류),dow2,0.9318685372324065,0.7896185586481527,1.0997448846318305,0.40373930048299034,2682,2682,328.0,0.1439636515510106
S일_C7_축(특보없음 & (파고≥1.5 또는 풍속≥10)),기상민감4종(전복·침몰·침수·표류),dow3,1.0633787998849658,0.9113257469995357,1.2408016296782693,0.43506353212972626,2682,2682,370.0,0.14360927948565427
S일_C7_축(특보없음 & (파고≥1.5 또는 풍속≥10)),기상민감4종(전복·침몰·침수·표류),dow4,0.9935377694230176,0.841149777296415,1.173533330107763,0.9391663504142276,2682,2682,347.0,0.14320428283953274
S일_C7_축(특보없음 & (파고≥1.5 또는 풍속≥10)),기상민감4종(전복·침몰·침수·표류),dow5,1.2834864809873034,1.1021264459272981,1.494690153715664,0.0013222116220235058,2682,2682,446.0,0.14136914178679458
S일_C7_축(특보없음 & (파고≥1.5 또는 풍속≥10)),기상민감4종(전복·침몰·침수·표류),dow6,1.2830825061979252,1.1047785781451427,1.4901635045053006,0.0010933662233552077,2682,2682,444.0,0.14086289597914267
S일_C7_축(특보없음 & (파고≥1.5 또는 풍속≥10)),기상민감4종(전복·침몰·침수·표류),hol,1.3474842698789937,1.1198174240791674,1.621437404462962,0.001586013338352732,2682,2682,177.0,0.051016921266120764
S일_C8_축(특보없음 & (파고≥2 또는 풍속≥12)),기상민감4종(전복·침몰·침수·표류),nw_or_2.0_12,1.13479880074452,0.8634991264255345,1.49133714066618,0.36432161956888365,2682,2682,61.0,0.02167997671269285
S일_C8_축(특보없음 & (파고≥2 또는 풍속≥12)),기상민감4종(전복·침몰·침수·표류),w_주의보,1.3762286156853485,1.217065536368721,1.556206421128504,3.529150311987195e-07,2682,2682,479.0,0.14773518281801729
S일_C8_축(특보없음 & (파고≥2 또는 풍속≥12)),기상민감4종(전복·침몰·침수·표류),w_경보,3.397008992142334,2.6313039340560453,4.385532945602357,0.0,2682,2682,136.0,0.01975624264361561
S일_C8_축(특보없음 & (파고≥2 또는 풍속≥12)),기상민감4종(전복·침몰·침수·표류),dow1,1.0797799807847124,0.9249107121963774,1.2605809312498095,0.331167004033609,2682,2682,386.0,0.1439130269702454
S일_C8_축(특보없음 & (파고≥2 또는 풍속≥12)),기상민감4종(전복·침몰·침수·표류),dow2,0.9315388269879419,0.7893055828008132,1.0994025699233614,0.4015066579673521,2682,2682,328.0,0.1439636515510106
S일_C8_축(특보없음 & (파고≥2 또는 풍속≥12)),기상민감4종(전복·침몰·침수·표류),dow3,1.0628592850045504,0.9108694134621942,1.2402105538120272,0.43876051073774747,2682,2682,370.0,0.14360927948565427
S일_C8_축(특보없음 & (파고≥2 또는 풍속≥12)),기상민감4종(전복·침몰·침수·표류),dow4,0.994377376944686,0.8418368368482417,1.1745582094997382,0.9470889660298227,2682,2682,347.0,0.14320428283953274
S일_C8_축(특보없음 & (파고≥2 또는 풍속≥12)),기상민감4종(전복·침몰·침수·표류),dow5,1.2837451493950773,1.1023360191601523,1.4950084002979134,0.0013114271716256898,2682,2682,446.0,0.14136914178679458
S일_C8_축(특보없음 & (파고≥2 또는 풍속≥12)),기상민감4종(전복·침몰·침수·표류),dow6,1.2837410410687702,1.1054000504449688,1.4908548808740745,0.0010636381372408632,2682,2682,444.0,0.14086289597914267
S일_C8_축(특보없음 & (파고≥2 또는 풍속≥12)),기상민감4종(전복·침몰·침수·표류),hol,1.347711430267878,1.1199247900498062,1.6218286401124424,0.0015830537370304931,2682,2682,177.0,0.051016921266120764
S일_A1_달력,충돌·접촉,dow1,0.8489798091115746,0.7106340418619405,1.0142586392155326,0.07123185769091034,2078,2078,259.0,0.14309266907167692
S일_A1_달력,충돌·접촉,dow2,0.9419490716493175,0.7814170393593715,1.1354603353779174,0.5304280460314503,2078,2078,288.0,0.14297840387848712
S일_A1_달력,충돌·접촉,dow3,0.8831810009583433,0.7370945560261413,1.0582206503586198,0.17811422884271022,2078,2078,270.0,0.14306002187362268
S일_A1_달력,충돌·접촉,dow4,1.0226407127285715,0.8662003346584981,1.2073350534346166,0.791549256830633,2078,2078,314.0,0.1431906106658396
S일_A1_달력,충돌·접촉,dow5,1.0813006891798391,0.9129877581045202,1.2806427797544928,0.36521800638899093,2078,2078,331.0,0.14261928469989063
S일_A1_달력,충돌·접촉,dow6,1.0202563401259086,0.8586627765923965,1.2122605380636355,0.8196870114825503,2078,2078,312.0,0.1427172262940533
S일_A1_달력,충돌·접촉,hol,0.9362277230295278,0.7382613780958881,1.1872791607083206,0.5866612487808891,2078,2078,101.0,0.05132139534124484
S일_A2_특보유무(풍랑·태풍),충돌·접촉,any_warn,0.5515789629500956,0.4683750659166098,0.6495635111867166,9.914291609902648e-13,2078,2078,229.0,0.1751032467638465
S일_A2_특보유무(풍랑·태풍),충돌·접촉,dow1,0.853696598362095,0.7141518155254416,1.0205083375987705,0.08237590369065195,2078,2078,259.0,0.14309266907167692
S일_A2_특보유무(풍랑·태풍),충돌·접촉,dow2,0.9340798156521443,0.7750987062276532,1.1256696663256738,0.4737469929949323,2078,2078,288.0,0.14297840387848712
S일_A2_특보유무(풍랑·태풍),충돌·접촉,dow3,0.8762114413608989,0.7311732942352314,1.0500198735715127,0.15233457529741745,2078,2078,270.0,0.14306002187362268
S일_A2_특보유무(풍랑·태풍),충돌·접촉,dow4,1.0260847919162932,0.8691369184526471,1.2113741550368449,0.7611038457913515,2078,2078,314.0,0.1431906106658396
S일_A2_특보유무(풍랑·태풍),충돌·접촉,dow5,1.0781321128143835,0.9104029918999464,1.2767629972918093,0.3832166819663976,2078,2078,331.0,0.14261928469989063
S일_A2_특보유무(풍랑·태풍),충돌·접촉,dow6,1.010408620362853,0.8502461159934975,1.2007412452694717,0.9063866851298548,2078,2078,312.0,0.1427172262940533
S일_A2_특보유무(풍랑·태풍),충돌·접촉,hol,0.9318241077622446,0.734723558336134,1.1817998183878298,0.5603234922093305,2078,2078,101.0,0.05132139534124484
S일_A3_특보종류·수준,충돌·접촉,wv_주의보,0.5670093273416689,0.4775348287933181,0.6732484374068558,9.460721095422286e-11,2078,2078,202.0,0.15386624442957184
S일_A3_특보종류·수준,충돌·접촉,wv_경보,0.5087376660272208,0.31685640862896136,0.8168179837507882,0.005148571009485847,2078,2078,19.0,0.015409477481595142
S일_A3_특보종류·수준,충돌·접촉,ty_주의보,1.187375074279766e-10,6.932238366339672e-11,2.0337724880705555e-10,0.0,2078,2078,0.0,0.0026117758443381595
S일_A3_특보종류·수준,충돌·접촉,ty_경보,0.7331716093414286,0.3780309459865849,1.4219486908444154,0.3584218456824968,2078,2078,13.0,0.009271804247400466
S일_A3_특보종류·수준,충돌·접촉,dow1,0.8495685451584797,0.710554329515351,1.0157797693175585,0.07373389718306789,2078,2078,259.0,0.14309266907167692
S일_A3_특보종류·수준,충돌·접촉,dow2,0.930614016943394,0.7724463821477499,1.1211683665648486,0.44927678900795565,2078,2078,288.0,0.14297840387848712
S일_A3_특보종류·수준,충돌·접촉,dow3,0.8755490901051476,0.7306390829850785,1.0491995665657643,0.14994492680891547,2078,2078,270.0,0.14306002187362268
S일_A3_특보종류·수준,충돌·접촉,dow4,1.0207554552325833,0.864643980060245,1.205052858072845,0.8083273357056524,2078,2078,314.0,0.1431906106658396
S일_A3_특보종류·수준,충돌·접촉,dow5,1.071701654248623,0.9050858529253687,1.2689894908941213,0.4218377466019949,2078,2078,331.0,0.14261928469989063
S일_A3_특보종류·수준,충돌·접촉,dow6,1.006441132732377,0.8469215128337642,1.1960066408827301,0.9418674888589202,2078,2078,312.0,0.1427172262940533
S일_A3_특보종류·수준,충돌·접촉,hol,0.9294394258762548,0.7328852486958847,1.1787079190232757,0.5460830010021982,2078,2078,101.0,0.05132139534124484
S일_A3b_특보최고수준,충돌·접촉,warn_주의보,0.5551155533961364,0.4669903412826865,0.6598707732924227,2.4995117087200924e-11,2078,2078,198.0,0.15130343938231502
S일_A3b_특보최고수준,충돌·접촉,warn_경보,0.5288052654957871,0.35583759265122084,0.7858501029433335,0.0016196986656975554,2078,2078,31.0,0.02379980738153148
S일_A3b_특보최고수준,충돌·접촉,dow1,0.8534516856728718,0.7138630893937569,1.0203353984815737,0.0820223876585291,2078,2078,259.0,0.14309266907167692
S일_A3b_특보최고수준,충돌·접촉,dow2,0.9338250874549142,0.7749269249811435,1.1253051943980363,0.47185872953462593,2078,2078,288.0,0.14297840387848712
S일_A3b_특보최고수준,충돌·접촉,dow3,0.876049332196616,0.7310797463730092,1.0497656873270353,0.15163215956642784,2078,2078,270.0,0.14306002187362268
S일_A3b_특보최고수준,충돌·접촉,dow4,1.0258695369612898,0.8689612704769534,1.211110716462113,0.7629811063273373,2078,2078,314.0,0.1431906106658396
S일_A3b_특보최고수준,충돌·접촉,dow5,1.07799623900299,0.9102667688284459,1.2766322259574907,0.38408052964823125,2078,2078,331.0,0.14261928469989063
S일_A3b_특보최고수준,충돌·접촉,dow6,1.0103221124754953,0.8501637565884869,1.2006519485763394,0.907163247137657,2078,2078,312.0,0.1427172262940533
S일_A3b_특보최고수준,충돌·접촉,hol,0.9315287637036112,0.7344984820535296,1.1814127037827393,0.5585465963179228,2078,2078,101.0,0.05132139534124484
S일_B1_특보없는때_파고,충돌·접촉,wh_max[0-0.5],1.2130346473133728,1.0633859961801586,1.3837431194959857,0.0040419625861178865,1826,1826,815.0,0.414906409074512
S일_B1_특보없는때_파고,충돌·접촉,wh_max[1-1.5],0.7916622294094147,0.6733227870127233,0.9308003494936549,0.004682656114953998,1826,1826,269.0,0.16694055873982924
S일_B1_특보없는때_파고,충돌·접촉,wh_max[1.5-2],0.6413116875191021,0.4889691658524036,0.841117823516799,0.0013255474481701501,1826,1826,88.0,0.06186620706240731
S일_B1_특보없는때_파고,충돌·접촉,wh_max[2-2.5],0.5070888787901185,0.2697362101771952,0.9532985238566957,0.034987508145353896,1826,1826,12.0,0.010120646118080886
S일_B1_특보없는때_파고,충돌·접촉,wh_max[2.5-3],2.189696409536513e-10,1.4293536969323736e-10,3.354502371405662e-10,0.0,1826,1826,0.0,0.000982003286704878
S일_B1_특보없는때_파고,충돌·접촉,wh_max[3-4],1.536984349118159,0.17380048892900832,13.592141794256403,0.6991232103072318,1826,1826,1.0,0.00026053148422782476
S일_B1_특보없는때_파고,충돌·접촉,wh_max[4+],1.9902458001251812e-10,2.566825147332437e-11,1.5431819923661175e-09,0.0,1826,1826,0.0,4.0081766804280735e-05
S일_B1_특보없는때_파고,충돌·접촉,dow1,0.8364747640916429,0.6888196850195588,1.0157811197603943,0.07154800760104174,1826,1826,218.0,0.14100765561745962
S일_B1_특보없는때_파고,충돌·접촉,dow2,0.9158932633910692,0.748625275319505,1.1205345285291446,0.3931655898318329,1826,1826,248.0,0.144915627880877
S일_B1_특보없는때_파고,충돌·접촉,dow3,0.8810074342580254,0.7230594721763405,1.0734581719560337,0.20882768213975877,1826,1826,237.0,0.14423423784520423
S일_B1_특보없는때_파고,충돌·접촉,dow4,1.0766334406490452,0.8998103766290959,1.2882042657323136,0.4198579959305113,1826,1826,280.0,0.14018597939797187
S일_B1_특보없는때_파고,충돌·접촉,dow5,1.1577705125836695,0.9663529251545891,1.3871045711315266,0.11210448706200671,1826,1826,307.0,0.14259088540622872
S일_B1_특보없는때_파고,충돌·접촉,dow6,1.021667818007717,0.8500306670534492,1.2279617322171459,0.8193006309500666,1826,1826,274.0,0.14559701791654975
S일_B1_특보없는때_파고,충돌·접촉,hol,0.9048909837414475,0.6993240941212675,1.1708844287503906,0.44718075705642013,1826,1826,88.0,0.05154515211030502
S일_B2_특보없는때_풍속,충돌·접촉,ws_max[0-4],1.0359502733175256,0.8755845768798897,1.2256873831776889,0.6806259432191657,1826,1826,279.0,0.14227023127179447
S일_B2_특보없는때_풍속,충돌·접촉,ws_max[6-8],0.9467227882604183,0.8264409938872164,1.0845106237964472,0.4296804164823582,1826,1826,528.0,0.27680468155036275
S일_B2_특보없는때_풍속,충돌·접촉,ws_max[8-10],0.8050457641235339,0.6859003045700908,0.9448875849959864,0.007960967696598154,1826,1826,315.0,0.19006773818589923
S일_B2_특보없는때_풍속,충돌·접촉,ws_max[10-12],0.6346529493010257,0.5063820766864384,0.795415921298301,7.91567382867342e-05,1826,1826,118.0,0.0863361256964207
S일_B2_특보없는때_풍속,충돌·접촉,ws_max[12-14],0.5382776815524731,0.333225428140847,0.869510061324125,0.011358131799690696,1826,1826,25.0,0.020922682271834542
S일_B2_특보없는때_풍속,충돌·접촉,ws_max[14-17],1.0313025179414208,0.4669208172448556,2.2778699176193835,0.9392298639869483,1826,1826,6.0,0.0027055192592889497
S일_B2_특보없는때_풍속,충돌·접촉,ws_max[17+],1.0,1.0,1.0,,1826,1826,0.0,0.0
S일_B2_특보없는때_풍속,충돌·접촉,dow1,0.8406555612843302,0.6925430833917368,1.0204444888211042,0.07920258305797678,1826,1826,218.0,0.14100765561745962
S일_B2_특보없는때_풍속,충돌·접촉,dow2,0.9096642120715673,0.7437275230146277,1.1126238482739468,0.3568374694582923,1826,1826,248.0,0.144915627880877
S일_B2_특보없는때_풍속,충돌·접촉,dow3,0.8772876003412713,0.7205738926319526,1.0680841223672417,0.1922442137803575,1826,1826,237.0,0.14423423784520423
S일_B2_특보없는때_풍속,충돌·접촉,dow4,1.082212273805146,0.9042576369776977,1.2951877403976964,0.38869499788101747,1826,1826,280.0,0.14018597939797187
S일_B2_특보없는때_풍속,충돌·접촉,dow5,1.1533695191831743,0.9627067952321267,1.3817927268915513,0.1216843468493356,1826,1826,307.0,0.14259088540622872
S일_B2_특보없는때_풍속,충돌·접촉,dow6,1.0208975654751715,0.8495172029127673,1.2268519526380373,0.8254139924284165,1826,1826,274.0,0.14559701791654975
S일_B2_특보없는때_풍속,충돌·접촉,hol,0.9128323989065705,0.7053770219504103,1.1813015771190016,0.4880936741565587,1826,1826,88.0,0.05154515211030502
S일_B3_특보없는때_파고+풍속,충돌·접촉,wh_max[0-0.5],1.1686373739882758,0.9990733717002476,1.3669799942300622,0.05136601682604902,1826,1826,815.0,0.414906409074512
S일_B3_특보없는때_파고+풍속,충돌·접촉,wh_max[1-1.5],0.8248756258763491,0.6959205749287721,0.9777262272128399,0.02643838219566863,1826,1826,269.0,0.16694055873982924
S일_B3_특보없는때_파고+풍속,충돌·접촉,wh_max[1.5-2],0.7038135555515964,0.5266701266429764,0.9405384811468043,0.01757707507422457,1826,1826,88.0,0.06186620706240731
S일_B3_특보없는때_파고+풍속,충돌·접촉,wh_max[2-2.5],0.5594623232014888,0.2859499732507091,1.0945903841983693,0.0898743579645025,1826,1826,12.0,0.010120646118080886
S일_B3_특보없는때_파고+풍속,충돌·접촉,wh_max[2.5-3],2.1287497565449355e-10,1.167218212744155e-10,3.88237218757604e-10,0.0,1826,1826,0.0,0.000982003286704878
S일_B3_특보없는때_파고+풍속,충돌·접촉,wh_max[3-4],1.6134244019676418,0.18430288903586262,14.124240344154943,0.6656258818056631,1826,1826,1.0,0.00026053148422782476
S일_B3_특보없는때_파고+풍속,충돌·접촉,wh_max[4+],2.1230815665446123e-10,2.7355878673100308e-11,1.6477172574368204e-09,0.0,1826,1826,0.0,4.0081766804280735e-05
S일_B3_특보없는때_파고+풍속,충돌·접촉,ws_max[0-4],1.0161030201098682,0.858821727309469,1.202188201165939,0.8522996271553969,1826,1826,279.0,0.14227023127179447
S일_B3_특보없는때_파고+풍속,충돌·접촉,ws_max[6-8],1.0076836657999517,0.8734686612152928,1.1625218114949016,0.916409102212898,1826,1826,528.0,0.27680468155036275
S일_B3_특보없는때_파고+풍속,충돌·접촉,ws_max[8-10],0.9459693438291177,0.7813791210563893,1.145228961652679,0.5689860838530003,1826,1826,315.0,0.19006773818589923
S일_B3_특보없는때_파고+풍속,충돌·접촉,ws_max[10-12],0.8253446587741359,0.6317305363196661,1.0782980505192792,0.15933256923060712,1826,1826,118.0,0.0863361256964207
S일_B3_특보없는때_파고+풍속,충돌·접촉,ws_max[12-14],0.761128217833848,0.45453190157349527,1.2745335629412524,0.29939221034720975,1826,1826,25.0,0.020922682271834542
S일_B3_특보없는때_파고+풍속,충돌·접촉,ws_max[14-17],1.7356878541307252,0.7621470742151268,3.952796551872046,0.1891310387751708,1826,1826,6.0,0.0027055192592889497
S일_B3_특보없는때_파고+풍속,충돌·접촉,ws_max[17+],0.9999899164397554,0.9999500959664892,1.0000297384987709,0.6196759628318551,1826,1826,0.0,0.0
S일_B3_특보없는때_파고+풍속,충돌·접촉,dow1,0.8390450765857391,0.6911327046464938,1.0186128305169044,0.07612657336594508,1826,1826,218.0,0.14100765561745962
S일_B3_특보없는때_파고+풍속,충돌·접촉,dow2,0.9133496109003555,0.7465026042381662,1.1174877448460756,0.37849858812749293,1826,1826,248.0,0.144915627880877
S일_B3_특보없는때_파고+풍속,충돌·접촉,dow3,0.8813735118685556,0.7235289483929018,1.0736533336350635,0.20978479321953802,1826,1826,237.0,0.14423423784520423
S일_B3_특보없는때_파고+풍속,충돌·접촉,dow4,1.0800254106481237,0.902484337905352,1.2924932197194323,0.4007978576363378,1826,1826,280.0,0.14018597939797187
S일_B3_특보없는때_파고+풍속,충돌·접촉,dow5,1.1581658339357679,0.9667257317467328,1.3875167018390127,0.1111830999230552,1826,1826,307.0,0.14259088540622872
S일_B3_특보없는때_파고+풍속,충돌·접촉,dow6,1.0245889834435442,0.8524915378308083,1.2314287455158561,0.7956957332260575,1826,1826,274.0,0.14559701791654975
S일_B3_특보없는때_파고+풍속,충돌·접촉,hol,0.9056790166836788,0.6996722861544112,1.1723409623231706,0.45180172854433254,1826,1826,88.0,0.05154515211030502
S일_B4_특보없는때_파고연속(1m당),충돌·접촉,wh_per1m,0.6655949283398414,0.5750386296619578,0.7704119093566815,4.877766546229623e-08,1826,1826,,
S일_B4_특보없는때_파고연속(1m당),충돌·접촉,dow1,0.8369984296849312,0.6892929085262518,1.01635511207114,0.07245777577650436,1826,1826,218.0,0.14100765561745962
S일_B4_특보없는때_파고연속(1m당),충돌·접촉,dow2,0.9169601600852377,0.7497052877032705,1.121528617944516,0.39881678900461415,1826,1826,248.0,0.144915627880877
S일_B4_특보없는때_파고연속(1m당),충돌·접촉,dow3,0.880467027246875,0.722893566513626,1.0723877234206054,0.20574858990064637,1826,1826,237.0,0.14423423784520423
S일_B4_특보없는때_파고연속(1m당),충돌·접촉,dow4,1.0784819824754621,0.9014078843300036,1.2903408176740394,0.40898721268773897,1826,1826,280.0,0.14018597939797187
S일_B4_특보없는때_파고연속(1m당),충돌·접촉,dow5,1.159772970850971,0.9680281671433396,1.389498146408086,0.10792678030101444,1826,1826,307.0,0.14259088540622872
S일_B4_특보없는때_파고연속(1m당),충돌·접촉,dow6,1.0221331396441875,0.8504710895857699,1.2284440564202392,0.8154689337918186,1826,1826,274.0,0.14559701791654975
S일_B4_특보없는때_파고연속(1m당),충돌·접촉,hol,0.9087263658219449,0.7025616861848278,1.1753894699613816,0.4659672360491358,1826,1826,88.0,0.05154515211030502
S일_B5_특보없는때_풍속연속(1m/s당),충돌·접촉,ws_per1ms,0.9425671772329698,0.9207890316274544,0.9648604111048785,7.074095937920077e-07,1826,1826,,
S일_B5_특보없는때_풍속연속(1m/s당),충돌·접촉,dow1,0.8396898918980685,0.6915692349488715,1.019535107873787,0.07762968714144636,1826,1826,218.0,0.14100765561745962
S일_B5_특보없는때_풍속연속(1m/s당),충돌·접촉,dow2,0.9116255557602092,0.745321159026875,1.1150376503468402,0.36791379951357506,1826,1826,248.0,0.144915627880877
S일_B5_특보없는때_풍속연속(1m/s당),충돌·접촉,dow3,0.8730135082863487,0.7168696754496456,1.0631675627405914,0.17677288034280947,1826,1826,237.0,0.14423423784520423
S일_B5_특보없는때_풍속연속(1m/s당),충돌·접촉,dow4,1.0795249746606355,0.9021799786586329,1.291731360131414,0.4033090199985665,1826,1826,280.0,0.14018597939797187
S일_B5_특보없는때_풍속연속(1m/s당),충돌·접촉,dow5,1.1524910862128648,0.9620179020461647,1.3806767015198125,0.1235919281801785,1826,1826,307.0,0.14259088540622872
S일_B5_특보없는때_풍속연속(1m/s당),충돌·접촉,dow6,1.0169572687542634,0.8460995203283568,1.2223173062085826,0.8577946178785079,1826,1826,274.0,0.14559701791654975
S일_B5_특보없는때_풍속연속(1m/s당),충돌·접촉,hol,0.9169600930711769,0.7087634394538155,1.1863137479735801,0.5094103454626917,1826,1826,88.0,0.05154515211030502
S일_C1_특보있는때만_파고,충돌·접촉,wh_max[2-3],0.8010922587116813,0.5083261924068867,1.2624744043370077,0.3392411972531486,227,227,55.0,0.2869963719686844
S일_C1_특보있는때만_파고,충돌·접촉,wh_max[3-4],0.5199021358870352,0.27212770013177706,0.9932771664516695,0.04765601319684731,227,227,14.0,0.1009165552797403
S일_C1_특보있는때만_파고,충돌·접촉,wh_max[4+],0.8405607036214701,0.3763336103092482,1.8774360756458266,0.6718369477130604,227,227,7.0,0.03675768569791866
S일_C1_특보있는때만_파고,충돌·접촉,dow1,1.0483729247262974,0.611047330760973,1.798691744435599,0.8638160797797303,227,227,38.0,0.15715104067214053
S일_C1_특보있는때만_파고,충돌·접촉,dow2,0.9804870008265342,0.5429669000732364,1.7705586816804897,0.9478931379434614,227,227,35.0,0.13605117433645217
S일_C1_특보있는때만_파고,충돌·접촉,dow3,0.9192011486969325,0.5041091181753553,1.676087024222104,0.7833997150702512,227,227,31.0,0.13939278212717204
S일_C1_특보있는때만_파고,충돌·접촉,dow4,0.8721491547161458,0.48899403384459467,1.5555284838379546,0.6430901933052358,227,227,31.0,0.1551460759977086
S일_C1_특보있는때만_파고,충돌·접촉,dow5,0.6269543044385678,0.3446251845064002,1.140577408517132,0.12621907767389584,227,227,22.0,0.1402520527019286
S일_C1_특보있는때만_파고,충돌·접촉,dow6,1.0536702562090297,0.6120358183792278,1.8139804493136547,0.8503888775116111,227,227,35.0,0.12659919801413022
S일_C1_특보있는때만_파고,충돌·접촉,hol,1.4555093591255028,0.7192624087290864,2.9453888716988104,0.2966181815382505,227,227,11.0,0.05002864235249189
S일_C2_특보있는때만_풍속,충돌·접촉,ws_max[10-14],0.6509615185444008,0.4315958989884841,0.9818232740829141,0.040610192022181746,227,227,101.0,0.49914072942524346
S일_C2_특보있는때만_풍속,충돌·접촉,ws_max[14-17],0.6500187306535972,0.3843753132191673,1.099249446229639,0.10805870909638715,227,227,37.0,0.17825090700782892
S일_C2_특보있는때만_풍속,충돌·접촉,ws_max[17+],0.6198824538089237,0.29377850436778463,1.3079726761053976,0.20937738019354635,227,227,11.0,0.045350391445484056
S일_C2_특보있는때만_풍속,충돌·접촉,dow1,1.0377625499045986,0.6048383648655536,1.7805601835853853,0.8929486042246186,227,227,38.0,0.15715104067214053
S일_C2_특보있는때만_풍속,충돌·접촉,dow2,0.9898435033531817,0.5492437608539315,1.7838894694173328,0.972901030642833,227,227,35.0,0.13605117433645217
S일_C2_특보있는때만_풍속,충돌·접촉,dow3,0.9436503669601239,0.5224438250800553,1.7044435637219502,0.847528399549738,227,227,31.0,0.13939278212717204
S일_C2_특보있는때만_풍속,충돌·접촉,dow4,0.8817191691154078,0.4986106188167386,1.5591900048789467,0.665145731916363,227,227,31.0,0.1551460759977086
S일_C2_특보있는때만_풍속,충돌·접촉,dow5,0.6226815482799248,0.34400721341993734,1.1271051752480865,0.11763698741541484,227,227,22.0,0.1402520527019286
S일_C2_특보있는때만_풍속,충돌·접촉,dow6,1.051285115007868,0.6180996513607138,1.788061828871875,0.8535699852828582,227,227,35.0,0.12659919801413022
S일_C2_특보있는때만_풍속,충돌·접촉,hol,1.434902407231561,0.7022292960072984,2.932012278589883,0.3219665072532849,227,227,11.0,0.05002864235249189
S일_C3_축(특보없음 파고구간 vs 특보),충돌·접촉,nw_wh_1.5-2,0.7100251510607278,0.5495229687676116,0.9174060845343915,0.008809387200082952,2053,2053,88.0,0.0511329755515802
S일_C3_축(특보없음 파고구간 vs 특보),충돌·접촉,nw_wh_2-3,0.5240386445731803,0.2803912423722227,0.9794047013834312,0.042844612508886826,2053,2053,12.0,0.00917643940899755
S일_C3_축(특보없음 파고구간 vs 특보),충돌·접촉,nw_wh_3+,1.6540810203478293,0.1782014952838631,15.353316859191763,0.6579867407621305,2053,2053,1.0,0.00024845955078513216
S일_C3_축(특보없음 파고구간 vs 특보),충돌·접촉,w_주의보,0.5430005052922997,0.4551197768092095,0.6478504423930946,1.2084777623044829e-11,2053,2053,196.0,0.15008613264427217
S일_C3_축(특보없음 파고구간 vs 특보),충돌·접촉,w_경보,0.5285652756775746,0.35497941034153985,0.7870350857344278,0.0016949927120719632,2053,2053,31.0,0.02340488968395945
S일_C3_축(특보없음 파고구간 vs 특보),충돌·접촉,dow1,0.8575485503580412,0.7160807140894644,1.026964561049889,0.0947745101665527,2053,2053,256.0,0.14380838799443452
S일_C3_축(특보없음 파고구간 vs 특보),충돌·접촉,dow2,0.9332530903497133,0.7731652086897361,1.1264880013461633,0.4718447233321508,2053,2053,283.0,0.14337772477307362
S일_C3_축(특보없음 파고구간 vs 특보),충돌·접촉,dow3,0.8871121581253304,0.7392045523296423,1.0646146301637482,0.19803361363017924,2053,2053,268.0,0.14339428874312596
S일_C3_축(특보없음 파고구간 vs 특보),충돌·접촉,dow4,1.0423526005808639,0.8823244045556905,1.231405295294779,0.625704676768303,2053,2053,311.0,0.1427814218511893
S일_C3_축(특보없음 파고구간 vs 특보),충돌·접촉,dow5,1.0961264437887397,0.9244396531136769,1.2996988789112482,0.2909571125445085,2053,2053,329.0,0.14218511892930497
S일_C3_축(특보없음 파고구간 vs 특보),충돌·접촉,dow6,1.0247599837638441,0.8612830109567721,1.2192659218450328,0.7826704141512739,2053,2053,309.0,0.14230106671967138
S일_C3_축(특보없음 파고구간 vs 특보),충돌·접촉,hol,0.9232486135207155,0.7265780916897691,1.1731540107210832,0.5135104756311519,2053,2053,99.0,0.05128205128205128
S일_C4_축(특보없음 풍속구간 vs 특보),충돌·접촉,nw_ws_10-12,0.6973358168721836,0.568013890290479,0.856100968312793,0.0005719435780282556,2053,2053,118.0,0.07135758298548996
S일_C4_축(특보없음 풍속구간 vs 특보),충돌·접촉,nw_ws_12-14,0.6044551549996693,0.37647606306205,0.9704894155394292,0.03716002890912784,2053,2053,25.0,0.0172927847346452
S일_C4_축(특보없음 풍속구간 vs 특보),충돌·접촉,nw_ws_14+,1.1414598149474937,0.5235124596216135,2.4888242585127855,0.7393770323270221,2053,2053,6.0,0.0022361359570661895
S일_C4_축(특보없음 풍속구간 vs 특보),충돌·접촉,w_주의보,0.5408985098832518,0.4535366032357537,0.6450883917782494,8.057998712729386e-12,2053,2053,196.0,0.15008613264427217
S일_C4_축(특보없음 풍속구간 vs 특보),충돌·접촉,w_경보,0.5282763688444985,0.3559058209502458,0.7841285684353619,0.0015411624324492834,2053,2053,31.0,0.02340488968395945
S일_C4_축(특보없음 풍속구간 vs 특보),충돌·접촉,dow1,0.8599182389489528,0.7182046567301589,1.029594239953383,0.10047113599793578,2053,2053,256.0,0.14380838799443452
S일_C4_축(특보없음 풍속구간 vs 특보),충돌·접촉,dow2,0.9323874027359744,0.7721702098835278,1.1258479771083971,0.46676327134470785,2053,2053,283.0,0.14337772477307362
S일_C4_축(특보없음 풍속구간 vs 특보),충돌·접촉,dow3,0.8895734227219988,0.7414185182146834,1.0673335706786233,0.2080593438539906,2053,2053,268.0,0.14339428874312596
S일_C4_축(특보없음 풍속구간 vs 특보),충돌·접촉,dow4,1.0479696753924896,0.8868360784754107,1.2383804258733608,0.5822670293873957,2053,2053,311.0,0.1427814218511893
S일_C4_축(특보없음 풍속구간 vs 특보),충돌·접촉,dow5,1.097733730813869,0.925746334239663,1.3016733625591361,0.2834726649963586,2053,2053,329.0,0.14218511892930497
S일_C4_축(특보없음 풍속구간 vs 특보),충돌·접촉,dow6,1.0309719502137877,0.866662428989472,1.2264327223310758,0.7305740153174398,2053,2053,309.0,0.14230106671967138
S일_C4_축(특보없음 풍속구간 vs 특보),충돌·접촉,hol,0.9244970048649794,0.7274005810554638,1.1749986654728115,0.5210443802196918,2053,2053,99.0,0.05128205128205128
"S일_C5_축세분(파고, 기준: 특보없음·1m미만)",충돌·접촉,nw_wh_1.0-1.5,0.7664805251872382,0.6564241567694152,0.8949889936754342,0.0007713285045718443,2053,2053,269.0,0.13797787053601007
"S일_C5_축세분(파고, 기준: 특보없음·1m미만)",충돌·접촉,nw_wh_1.5-2.0,0.6471056025019617,0.49707606558929396,0.8424176696035348,0.0012197052820019927,2053,2053,88.0,0.0511329755515802
"S일_C5_축세분(파고, 기준: 특보없음·1m미만)",충돌·접촉,nw_wh_2.0-2.5,0.5205770318335443,0.27877956437934676,0.9720958086578455,0.04047968329811624,2053,2053,12.0,0.008364804876432784
"S일_C5_축세분(파고, 기준: 특보없음·1m미만)",충돌·접촉,nw_wh_2.5-99,0.3427087116829452,0.04797356847097711,2.448207727854102,0.2857546831458284,2053,2053,1.0,0.0010600940833498972
"S일_C5_축세분(파고, 기준: 특보없음·1m미만)",충돌·접촉,w_주의보,0.508004774202767,0.4243547177812991,0.6081441770274038,1.6076029396572267e-13,2053,2053,196.0,0.15008613264427217
"S일_C5_축세분(파고, 기준: 특보없음·1m미만)",충돌·접촉,w_경보,0.4937942183335996,0.33084391390586426,0.7370023138133617,0.0005532765057572053,2053,2053,31.0,0.02340488968395945
"S일_C5_축세분(파고, 기준: 특보없음·1m미만)",충돌·접촉,dow1,0.8604591099690182,0.7182660813427241,1.0308016752574378,0.10293030139443715,2053,2053,256.0,0.14380838799443452
"S일_C5_축세분(파고, 기준: 특보없음·1m미만)",충돌·접촉,dow2,0.9379275717562835,0.7767646876122032,1.1325284785600722,0.5052846419070032,2053,2053,283.0,0.14337772477307362
"S일_C5_축세분(파고, 기준: 특보없음·1m미만)",충돌·접촉,dow3,0.8920914855658401,0.7432568514785264,1.0707297444160324,0.22014177446673444,2053,2053,268.0,0.14339428874312596
"S일_C5_축세분(파고, 기준: 특보없음·1m미만)",충돌·접촉,dow4,1.0468331081385052,0.8860496453406246,1.2367925003498437,0.5905945181344427,2053,2053,311.0,0.1427814218511893
"S일_C5_축세분(파고, 기준: 특보없음·1m미만)",충돌·접촉,dow5,1.1007429162163953,0.9282875366692057,1.3052367070962183,0.26956599066285536,2053,2053,329.0,0.14218511892930497
"S일_C5_축세분(파고, 기준: 특보없음·1m미만)",충돌·접촉,dow6,1.0312008227146874,0.8666549661624742,1.2269878767048965,0.7290361173485251,2053,2053,309.0,0.14230106671967138
"S일_C5_축세분(파고, 기준: 특보없음·1m미만)",충돌·접촉,hol,0.9193933755114156,0.7236222918787848,1.1681289927368215,0.4914976885735789,2053,2053,99.0,0.05128205128205128
"S일_C6_축세분(풍속, 기준: 특보없음·8m/s미만)",충돌·접촉,nw_ws_8-10,0.8214998809227619,0.7151471479350889,0.9436688048112954,0.005441544470315751,2053,2053,315.0,0.1570926919764129
"S일_C6_축세분(풍속, 기준: 특보없음·8m/s미만)",충돌·접촉,nw_ws_10-12,0.6615683816848121,0.5378497074445544,0.8137453968777697,9.182752631398117e-05,2053,2053,118.0,0.07135758298548996
"S일_C6_축세분(풍속, 기준: 특보없음·8m/s미만)",충돌·접촉,nw_ws_12-14,0.5720032123790081,0.35588543943257733,0.9193623529346177,0.021040375418484913,2053,2053,25.0,0.0172927847346452
"S일_C6_축세분(풍속, 기준: 특보없음·8m/s미만)",충돌·접촉,nw_ws_14-99,1.0688228767923584,0.488819118409434,2.3370246762685656,0.8675651889621503,2053,2053,6.0,0.0022361359570661895
"S일_C6_축세분(풍속, 기준: 특보없음·8m/s미만)",충돌·접촉,w_주의보,0.5163552501849581,0.4325463619937696,0.6164026976544335,2.580158309228864e-13,2053,2053,196.0,0.15008613264427217
"S일_C6_축세분(풍속, 기준: 특보없음·8m/s미만)",충돌·접촉,w_경보,0.5050602377584343,0.33960314659802165,0.7511292116104681,0.0007429383275139312,2053,2053,31.0,0.02340488968395945
"S일_C6_축세분(풍속, 기준: 특보없음·8m/s미만)",충돌·접촉,dow1,0.8619744584686916,0.7197370494809543,1.0323214118103496,0.10646752783261837,2053,2053,256.0,0.14380838799443452
"S일_C6_축세분(풍속, 기준: 특보없음·8m/s미만)",충돌·접촉,dow2,0.9306865227064797,0.7707912515026285,1.1237509531392558,0.45513065377063766,2053,2053,283.0,0.14337772477307362
"S일_C6_축세분(풍속, 기준: 특보없음·8m/s미만)",충돌·접촉,dow3,0.8840914659359628,0.7368380673451039,1.0607727189734386,0.18506773725447045,2053,2053,268.0,0.14339428874312596
"S일_C6_축세분(풍속, 기준: 특보없음·8m/s미만)",충돌·접촉,dow4,1.0481294249999769,0.886839407055692,1.2387533558054817,0.5813767771145244,2053,2053,311.0,0.1427814218511893
"S일_C6_축세분(풍속, 기준: 특보없음·8m/s미만)",충돌·접촉,dow5,1.098831950876927,0.9266679859540315,1.3029819466838577,0.2783552774590532,2053,2053,329.0,0.14218511892930497
"S일_C6_축세분(풍속, 기준: 특보없음·8m/s미만)",충돌·접촉,dow6,1.033476274695374,0.8685873183294731,1.2296670557111289,0.7104075014582616,2053,2053,309.0,0.14230106671967138
"S일_C6_축세분(풍속, 기준: 특보없음·8m/s미만)",충돌·접촉,hol,0.9255681621818407,0.7280169807358814,1.1767258807325336,0.5277451476519794,2053,2053,99.0,0.05128205128205128
S일_C7_축(특보없음 & (파고≥1.5 또는 풍속≥10)),충돌·접촉,nw_or_1.5_10,0.6844678891623395,0.5790093232245594,0.8091342790220493,8.9590477911905e-06,2053,2053,198.0,0.11934340422712515
S일_C7_축(특보없음 & (파고≥1.5 또는 풍속≥10)),충돌·접촉,w_주의보,0.5307394561183245,0.4444777750890026,0.6337423062927504,2.5566215811068105e-12,2053,2053,196.0,0.15008613264427217
S일_C7_축(특보없음 & (파고≥1.5 또는 풍속≥10)),충돌·접촉,w_경보,0.5187876215240594,0.3491201763411986,0.7709110343240574,0.0011641706198086688,2053,2053,31.0,0.02340488968395945
S일_C7_축(특보없음 & (파고≥1.5 또는 풍속≥10)),충돌·접촉,dow1,0.8601725056126615,0.7183200189393439,1.030037754627081,0.10139503917960346,2053,2053,256.0,0.14380838799443452
S일_C7_축(특보없음 & (파고≥1.5 또는 풍속≥10)),충돌·접촉,dow2,0.9333923564885642,0.7732913487646101,1.1266404215476031,0.4727697537112048,2053,2053,283.0,0.14337772477307362
S일_C7_축(특보없음 & (파고≥1.5 또는 풍속≥10)),충돌·접촉,dow3,0.8890024306536592,0.7408493727922832,1.06678273712962,0.20588791278100604,2053,2053,268.0,0.14339428874312596
S일_C7_축(특보없음 & (파고≥1.5 또는 풍속≥10)),충돌·접촉,dow4,1.047344257501487,0.8864787639898531,1.2374013211374537,0.5866482100497059,2053,2053,311.0,0.1427814218511893
S일_C7_축(특보없음 & (파고≥1.5 또는 풍속≥10)),충돌·접촉,dow5,1.0995430032068567,0.9272852334082781,1.3038003543499117,0.2750162211036997,2053,2053,329.0,0.14218511892930497
S일_C7_축(특보없음 & (파고≥1.5 또는 풍속≥10)),충돌·접촉,dow6,1.030853975049049,0.8664674115247658,1.2264280268826382,0.7317100701894605,2053,2053,309.0,0.14230106671967138
S일_C7_축(특보없음 & (파고≥1.5 또는 풍속≥10)),충돌·접촉,hol,0.9240249012957773,0.7271480475022605,1.1742065747787305,0.5180509861765594,2053,2053,99.0,0.05128205128205128
S일_C8_축(특보없음 & (파고≥2 또는 풍속≥12)),충돌·접촉,nw_or_2.0_12,0.6967824900541008,0.48921739032360856,0.9924132871172866,0.0452626385695265,2053,2053,41.0,0.0256244616709733
S일_C8_축(특보없음 & (파고≥2 또는 풍속≥12)),충돌·접촉,w_주의보,0.5572022816285307,0.4679263083712926,0.6635112775186892,5.2239546022292416e-11,2053,2053,196.0,0.15008613264427217
S일_C8_축(특보없음 & (파고≥2 또는 풍속≥12)),충돌·접촉,w_경보,0.5435689829309653,0.3658855829040605,0.8075399879368275,0.0025406637359961515,2053,2053,31.0,0.02340488968395945
S일_C8_축(특보없음 & (파고≥2 또는 풍속≥12)),충돌·접촉,dow1,0.8564790894145481,0.7153371449220453,1.025469508764729,0.09174692873426382,2053,2053,256.0,0.14380838799443452
S일_C8_축(특보없음 & (파고≥2 또는 풍속≥12)),충돌·접촉,dow2,0.9327042757192008,0.7726504413337014,1.1259131159535054,0.4682632431643874,2053,2053,283.0,0.14337772477307362
S일_C8_축(특보없음 & (파고≥2 또는 풍속≥12)),충돌·접촉,dow3,0.8867722453579476,0.7391342341979551,1.0639001398581838,0.19589513192654784,2053,2053,268.0,0.14339428874312596
S일_C8_축(특보없음 & (파고≥2 또는 풍속≥12)),충돌·접촉,dow4,1.0415092288641348,0.8816803810258109,1.2303114565701208,0.6323011174611095,2053,2053,311.0,0.1427814218511893
S일_C8_축(특보없음 & (파고≥2 또는 풍속≥12)),충돌·접촉,dow5,1.0959667357577232,0.9243245774592478,1.2994819300262475,0.29166360350336196,2053,2053,329.0,0.14218511892930497
S일_C8_축(특보없음 & (파고≥2 또는 풍속≥12)),충돌·접촉,dow6,1.023788086427557,0.8607946825979275,1.217644656850861,0.7904524548192986,2053,2053,309.0,0.14230106671967138
S일_C8_축(특보없음 & (파고≥2 또는 풍속≥12)),충돌·접촉,hol,0.9215347171863814,0.7251776554853897,1.1710595721697512,0.5038875489061296,2053,2053,99.0,0.05128205128205128
S시각_A1_달력,전체,dow1,0.9848562479737072,0.8850481786667845,1.0959198070255851,0.7795508445145716,5926,5926,802.0,0.1431367947477777
S시각_A1_달력,전체,dow2,0.9605071705036256,0.8570769111956382,1.076419178416407,0.48820052898619504,5926,5926,783.0,0.14322265278437613
S시각_A1_달력,전체,dow3,0.9900072167349133,0.8896389478311734,1.1016989437980471,0.8539003705303314,5926,5926,805.0,0.14303948897296617
S시각_A1_달력,전체,dow4,0.9902747632311301,0.8865305469878236,1.106159409875292,0.8625847251272116,5926,5926,809.0,0.14358898040719606
S시각_A1_달력,전체,dow5,1.1796162126706085,1.0589813259088048,1.313993339779799,0.002689495387964147,5926,5926,961.0,0.1422209756907279
S시각_A1_달력,전체,dow6,1.1694981694304383,1.0543335186810712,1.2972422331902305,0.003072982246017153,5926,5926,949.0,0.14185464806790798
S시각_A1_달력,전체,hol,1.096718854928337,0.9602979042986874,1.252519912176348,0.17312163014305448,5926,5926,331.0,0.05132593427853492
S시각_A2_특보유무(풍랑·태풍),전체,any_warn,1.0831112646728778,0.962023307608321,1.219440321646458,0.18686257415465812,5926,5926,586.0,0.09268661244254667
S시각_A2_특보유무(풍랑·태풍),전체,dow1,0.9844954308626067,0.884732069553251,1.0955082185262788,0.7743799339551978,5926,5926,802.0,0.1431367947477777
S시각_A2_특보유무(풍랑·태풍),전체,dow2,0.9614063650498491,0.8578223292846147,1.077498413370972,0.4986076481077002,5926,5926,783.0,0.14322265278437613
S시각_A2_특보유무(풍랑·태풍),전체,dow3,0.9909289596385665,0.8904091804666153,1.1027965845273406,0.8673865393296742,5926,5926,805.0,0.14303948897296617
S시각_A2_특보유무(풍랑·태풍),전체,dow4,0.990258427680057,0.8865346962244424,1.1061177388404424,0.8623290062835689,5926,5926,809.0,0.14358898040719606
S시각_A2_특보유무(풍랑·태풍),전체,dow5,1.1805168892877347,1.0597615738139883,1.3150317583964417,0.0025758645030817817,5926,5926,961.0,0.1422209756907279
S시각_A2_특보유무(풍랑·태풍),전체,dow6,1.1712230207451055,1.0559137936966863,1.2991243911312442,0.0027998722556399347,5926,5926,949.0,0.14185464806790798
S시각_A2_특보유무(풍랑·태풍),전체,hol,1.0976891010969165,0.9611075008056604,1.253680115550983,0.16917509857360047,5926,5926,331.0,0.05132593427853492
S시각_A3_특보종류·수준,전체,wv_주의보,0.9942560042367843,0.8784808799442108,1.1252891491772428,0.9273331822790454,5926,5926,465.0,0.0808267556537517
S시각_A3_특보종류·수준,전체,wv_경보,2.6659906012659165,1.9843052648301045,3.5818611238965516,7.603517815368832e-11,5926,5926,82.0,0.005414780174806962
S시각_A3_특보종류·수준,전체,ty_주의보,0.3140931338337843,0.13759642373630418,0.7169844538299437,0.005958289224184732,5926,5926,4.0,0.0020777644856817415
S시각_A3_특보종류·수준,전체,ty_경보,1.3062248693391336,0.8852113079261618,1.9274758399520562,0.17837845535733488,5926,5926,44.0,0.0057524884520940775
S시각_A3_특보종류·수준,전체,dow1,0.9849200611450943,0.8853596001957227,1.09567629540766,0.7798867682996058,5926,5926,802.0,0.1431367947477777
S시각_A3_특보종류·수준,전체,dow2,0.9615264153735349,0.8581596020301986,1.077343940770292,0.4989604733579456,5926,5926,783.0,0.14322265278437613
S시각_A3_특보종류·수준,전체,dow3,0.9906970887744588,0.890704137604961,1.101915529824885,0.8632982525532147,5926,5926,805.0,0.14303948897296617
S시각_A3_특보종류·수준,전체,dow4,0.9912502005106153,0.88763037918235,1.106966348895636,0.876026794384615,5926,5926,809.0,0.14358898040719606
S시각_A3_특보종류·수준,전체,dow5,1.1783275152609247,1.0582113222303255,1.3120779413837909,0.002776602423713026,5926,5926,961.0,0.1422209756907279
S시각_A3_특보종류·수준,전체,dow6,1.1704769271019504,1.0555469938863913,1.2979206466533497,0.0028340018032773084,5926,5926,949.0,0.14185464806790798
S시각_A3_특보종류·수준,전체,hol,1.0914603364565612,0.9559093417424712,1.2462328947286412,0.1958303036902116,5926,5926,331.0,0.05132593427853492
S시각_A3b_특보최고수준,전체,warn_주의보,0.9677218328708822,0.8541666985078924,1.0963732810596416,0.6063999812639749,5926,5926,460.0,0.08155941089939155
S시각_A3b_특보최고수준,전체,warn_경보,2.0627389540966488,1.599077649304559,2.6608413885330666,2.4937897080690163e-08,5926,5926,126.0,0.011127201543155111
S시각_A3b_특보최고수준,전체,dow1,0.9860043656785947,0.8861159264160424,1.0971528444019703,0.7959195204929921,5926,5926,802.0,0.1431367947477777
S시각_A3b_특보최고수준,전체,dow2,0.9607080838356321,0.8573119230857822,1.0765743453386931,0.49021343343703494,5926,5926,783.0,0.14322265278437613
S시각_A3b_특보최고수준,전체,dow3,0.9874400064207451,0.8877326109000749,1.0983462298310829,0.8159673445078948,5926,5926,805.0,0.14303948897296617
S시각_A3b_특보최고수준,전체,dow4,0.9878458647354408,0.8844347429189202,1.10334816704998,0.8284011518813543,5926,5926,809.0,0.14358898040719606
S시각_A3b_특보최고수준,전체,dow5,1.1753814610833093,1.055315222406469,1.3091079799910466,0.0032892787550311553,5926,5926,961.0,0.1422209756907279
S시각_A3b_특보최고수준,전체,dow6,1.1667890354195998,1.0520524739101162,1.2940387356493332,0.003491188216165231,5926,5926,949.0,0.14185464806790798
S시각_A3b_특보최고수준,전체,hol,1.0984047181630021,0.9618158111122798,1.2543908209280847,0.1659428874707669,5926,5926,331.0,0.05132593427853492
S시각_B1_특보없는때_파고,전체,wh[0-0.5],1.079395438930329,1.001714201668521,1.1631007243812055,0.04496879838985102,5277,5277,3227.0,0.5956112652288968
S시각_B1_특보없는때_파고,전체,wh[1-1.5],0.8282428854713034,0.7350310992141293,0.9332751744344753,0.0019772417293326683,5277,5277,461.0,0.09917159914603121
S시각_B1_특보없는때_파고,전체,wh[1.5-2],0.6453783157322067,0.5260285578130484,0.7918071447470151,2.6981526199953976e-05,5277,5277,111.0,0.029582092223514822
S시각_B1_특보없는때_파고,전체,wh[2-2.5],0.6375459273026431,0.366561439045925,1.108858614474347,0.11092096132577156,5277,5277,15.0,0.004103652378456464
S시각_B1_특보없는때_파고,전체,wh[2.5-3],0.3044678263579542,0.04473396153008288,2.0722657711590693,0.2242377058163616,5277,5277,1.0,0.0005433184613221175
S시각_B1_특보없는때_파고,전체,wh[3-4],2.114807136831159,0.46704603847989423,9.575949387234843,0.3310618199459976,5277,5277,2.0,0.0001661915293455889
S시각_B1_특보없는때_파고,전체,wh[4+],1.6673301029385669e-09,4.0842599833125857e-10,6.806593320512348e-09,0.0,5277,5277,0.0,1.9175945693721797e-05
S시각_B1_특보없는때_파고,전체,dow1,0.9328362791354916,0.8315866084392083,1.0464135843945137,0.23560328056183444,5277,5277,667.0,0.1422855170474157
S시각_B1_특보없는때_파고,전체,dow2,0.9653281538732,0.8559425439510987,1.0886927530891362,0.5652317735910597,5277,5277,702.0,0.14415197576160466
S시각_B1_특보없는때_파고,전체,dow3,0.9817094716353092,0.8782585651641422,1.0973459581556795,0.7452410722026035,5277,5277,716.0,0.1440433120693402
S시각_B1_특보없는때_파고,전체,dow4,0.9971055608014815,0.8882563910038889,1.1192933813373307,0.9608013217715772,5277,5277,716.0,0.14231108497500736
S시각_B1_특보없는때_파고,전체,dow5,1.2175753407069616,1.0877072184577117,1.3629492248840036,0.0006239994684502648,5277,5277,875.0,0.14187003822405175
S시각_B1_특보없는때_파고,전체,dow6,1.2183834156904882,1.0942160760367152,1.3566407770267592,0.00031598559397272297,5277,5277,884.0,0.1431484346036332
S시각_B1_특보없는때_파고,전체,hol,0.9993011832057094,0.8696531137862367,1.1482772141281499,0.9921330068582748,5277,5277,275.0,0.051922068956700713
S시각_B2_특보없는때_풍속,전체,ws[0-4],0.9711970189937413,0.9001317578732527,1.0478728713348482,0.4509462988820676,5277,5277,2287.0,0.4326093348503637
S시각_B2_특보없는때_풍속,전체,ws[6-8],0.9484502097799781,0.8653063549734238,1.0395830277466442,0.258190162232121,5277,5277,924.0,0.1763036447080782
S시각_B2_특보없는때_풍속,전체,ws[8-10],0.8616265205345247,0.7695851682104689,0.9646758949561739,0.009767630645909353,5277,5277,426.0,0.0881646063178349
S시각_B2_특보없는때_풍속,전체,ws[10-12],0.8458454278760205,0.7157385352330224,0.9996031408674092,0.04945382638225837,5277,5277,149.0,0.031001112204850235
S시각_B2_특보없는때_풍속,전체,ws[12-14],1.0706435536266292,0.7586827160718708,1.510878783237852,0.6976937644187744,5277,5277,40.0,0.0065645654091507615
S시각_B2_특보없는때_풍속,전체,ws[14-17],1.0408553343152558,0.4654835134565868,2.3274289972754625,0.9223060715439264,5277,5277,6.0,0.0010482850312567916
S시각_B2_특보없는때_풍속,전체,ws[17+],1.883496877807476e-09,8.874253290800263e-10,3.997587596905968e-09,0.0,5277,5277,0.0,4.4743873285350854e-05
S시각_B2_특보없는때_풍속,전체,dow1,0.9313001244914816,0.8303305211554525,1.0445478032903375,0.22413434826543766,5277,5277,667.0,0.1422855170474157
S시각_B2_특보없는때_풍속,전체,dow2,0.9647678557909073,0.8553756888021302,1.0881499530000052,0.5591178010705562,5277,5277,702.0,0.14415197576160466
S시각_B2_특보없는때_풍속,전체,dow3,0.9849089578936022,0.8810740357422385,1.1009808665192033,0.7890677763535776,5277,5277,716.0,0.1440433120693402
S시각_B2_특보없는때_풍속,전체,dow4,0.9997921701534682,0.8906395533923789,1.122322020948699,0.9971883464212492,5277,5277,716.0,0.14231108497500736
S시각_B2_특보없는때_풍속,전체,dow5,1.2175571387432162,1.087820976994735,1.3627659490443371,0.0006163136072454556,5277,5277,875.0,0.14187003822405175
S시각_B2_특보없는때_풍속,전체,dow6,1.2185466046900006,1.094486335915394,1.3566691324288138,0.0003084882719011084,5277,5277,884.0,0.1431484346036332
S시각_B2_특보없는때_풍속,전체,hol,1.0014483859712568,0.8716410413929769,1.150587021650213,0.9836969657765464,5277,5277,275.0,0.051922068956700713
S시각_B3_특보없는때_파고+풍속,전체,wh[0-0.5],1.1069196225721893,1.0179668068388374,1.2036453866705898,0.017471784249359246,5277,5277,3227.0,0.5956112652288968
S시각_B3_특보없는때_파고+풍속,전체,wh[1-1.5],0.8086319808377759,0.7144809455349026,0.9151898094974217,0.0007703572198503039,5277,5277,461.0,0.09917159914603121
S시각_B3_특보없는때_파고+풍속,전체,wh[1.5-2],0.6062182460707487,0.4855925152441161,0.7568085387072856,9.799645215746722e-06,5277,5277,111.0,0.029582092223514822
S시각_B3_특보없는때_파고+풍속,전체,wh[2-2.5],0.546518708190953,0.31150446124161,0.9588392320681498,0.03515681356768274,5277,5277,15.0,0.004103652378456464
S시각_B3_특보없는때_파고+풍속,전체,wh[2.5-3],0.23998851753943104,0.036440357736340474,1.5805138074519278,0.1378048142390913,5277,5277,1.0,0.0005433184613221175
S시각_B3_특보없는때_파고+풍속,전체,wh[3-4],1.6985669530502114,0.3539108982279951,8.152135773269217,0.5079570229274686,5277,5277,2.0,0.0001661915293455889
S시각_B3_특보없는때_파고+풍속,전체,wh[4+],9.90646344002092e-10,1.3181206330985396e-10,7.4452986641879374e-09,0.0,5277,5277,0.0,1.9175945693721797e-05
S시각_B3_특보없는때_파고+풍속,전체,ws[0-4],0.9526497127697733,0.8827433162257011,1.0280921515448664,0.21221320940110378,5277,5277,2287.0,0.4326093348503637
S시각_B3_특보없는때_파고+풍속,전체,ws[6-8],0.9983846162019229,0.9068947698244864,1.0991041905132706,0.973699389209219,5277,5277,924.0,0.1763036447080782
S시각_B3_특보없는때_파고+풍속,전체,ws[8-10],0.9930851100315234,0.8753053031922416,1.1267131961494834,0.9142096518746645,5277,5277,426.0,0.0881646063178349
S시각_B3_특보없는때_파고+풍속,전체,ws[10-12],1.0738111930302106,0.891589018394137,1.2932757744748673,0.4529093261522723,5277,5277,149.0,0.031001112204850235
S시각_B3_특보없는때_파고+풍속,전체,ws[12-14],1.5195645817921113,1.0599291229708592,2.178519740796402,0.022805182055346762,5277,5277,40.0,0.0065645654091507615
S시각_B3_특보없는때_파고+풍속,전체,ws[14-17],1.5350672916450985,0.6829781987206494,3.450229589015684,0.29963582669112565,5277,5277,6.0,0.0010482850312567916
S시각_B3_특보없는때_파고+풍속,전체,ws[17+],1.3886027225720158e-09,4.6013431649007e-10,4.19055361017836e-09,0.0,5277,5277,0.0,4.4743873285350854e-05
S시각_B3_특보없는때_파고+풍속,전체,dow1,0.9318855490463047,0.8308318592725937,1.0452303517605113,0.22835218528024193,5277,5277,667.0,0.1422855170474157
S시각_B3_특보없는때_파고+풍속,전체,dow2,0.964301600281116,0.8550142728745125,1.087557957574816,0.553633425468365,5277,5277,702.0,0.14415197576160466
S시각_B3_특보없는때_파고+풍속,전체,dow3,0.9817900780354266,0.8783902568780202,1.097361622332595,0.7461858263937593,5277,5277,716.0,0.1440433120693402
S시각_B3_특보없는때_파고+풍속,전체,dow4,0.9960076425700262,0.8873245603004455,1.1180026660391347,0.9458980503095387,5277,5277,716.0,0.14231108497500736
S시각_B3_특보없는때_파고+풍속,전체,dow5,1.2177243020479307,1.087896371647052,1.363045704025203,0.0006155838147821058,5277,5277,875.0,0.14187003822405175
S시각_B3_특보없는때_파고+풍속,전체,dow6,1.216891597074625,1.0929683787950577,1.354865509158981,0.00034058650620361064,5277,5277,884.0,0.1431484346036332
S시각_B3_특보없는때_파고+풍속,전체,hol,0.9976314453328139,0.8682191845843611,1.146333228277258,0.9733137850437201,5277,5277,275.0,0.051922068956700713
S시각_B4_특보없는때_파고연속(1m당),전체,wh_per1m,0.7821851956554873,0.7122449897859358,0.8589933085896366,2.741270566097853e-07,5277,5277,,
S시각_B4_특보없는때_파고연속(1m당),전체,dow1,0.933572899228832,0.8322436676162548,1.0472393988540387,0.24096130429632212,5277,5277,667.0,0.1422855170474157
S시각_B4_특보없는때_파고연속(1m당),전체,dow2,0.9668935778778341,0.8572646178858757,1.0905421400068287,0.5834653414216877,5277,5277,702.0,0.14415197576160466
S시각_B4_특보없는때_파고연속(1m당),전체,dow3,0.9827982180832185,0.8792357601365468,1.0985589773072297,0.7600456195850325,5277,5277,716.0,0.1440433120693402
S시각_B4_특보없는때_파고연속(1m당),전체,dow4,0.998351173460825,0.8893962911148298,1.1206534989045978,0.9776716336079747,5277,5277,716.0,0.14231108497500736
S시각_B4_특보없는때_파고연속(1m당),전체,dow5,1.219744323076696,1.08967534130153,1.3653389750939924,0.0005549079458930795,5277,5277,875.0,0.14187003822405175
S시각_B4_특보없는때_파고연속(1m당),전체,dow6,1.2199662799911715,1.0956979455437925,1.3583284794577657,0.00028633205346162427,5277,5277,884.0,0.1431484346036332
S시각_B4_특보없는때_파고연속(1m당),전체,hol,1.0020175388648893,0.8720529367798031,1.1513511460673793,0.977314155293542,5277,5277,275.0,0.051922068956700713
S시각_B5_특보없는때_풍속연속(1m/s당),전체,ws_per1ms,0.9885720969565754,0.976126972151778,1.0011758908032349,0.0753734150101022,5277,5277,,
S시각_B5_특보없는때_풍속연속(1m/s당),전체,dow1,0.9325035719324409,0.8313235261027174,1.0459981996940608,0.2330448588311551,5277,5277,667.0,0.1422855170474157
S시각_B5_특보없는때_풍속연속(1m/s당),전체,dow2,0.9670005445222598,0.8573716470344188,1.0906472780395176,0.5846584782936786,5277,5277,702.0,0.14415197576160466
S시각_B5_특보없는때_풍속연속(1m/s당),전체,dow3,0.9858616825196506,0.881872024108673,1.1021137200069588,0.802298867000909,5277,5277,716.0,0.1440433120693402
S시각_B5_특보없는때_풍속연속(1m/s당),전체,dow4,1.0000253633982914,0.8907894429568456,1.1226566899135697,0.9996570998192196,5277,5277,716.0,0.14231108497500736
S시각_B5_특보없는때_풍속연속(1m/s당),전체,dow5,1.2177018832559046,1.08791417913931,1.3629732058994526,0.0006139169838572656,5277,5277,875.0,0.14187003822405175
S시각_B5_특보없는때_풍속연속(1m/s당),전체,dow6,1.2187501356949564,1.0945895453807584,1.356994409022779,0.0003077702223963641,5277,5277,884.0,0.1431484346036332
S시각_B5_특보없는때_풍속연속(1m/s당),전체,hol,1.0029479522267022,0.8730127521248913,1.1522221095022822,0.9668317119065124,5277,5277,275.0,0.051922068956700713
S시각_C1_특보있는때만_파고,전체,wh[2-3],1.446255848040945,1.0508618722717926,1.990419514860514,0.023545395555367277,574,574,116.0,0.2473199172465676
S시각_C1_특보있는때만_파고,전체,wh[3-4],2.936925457255346,1.883326308731604,4.57994512235307,2.0095387642804496e-06,574,574,53.0,0.07184502539025767
S시각_C1_특보있는때만_파고,전체,wh[4+],9.93285120491044,5.510396148452943,17.90461709120319,2.220446049250313e-14,574,574,54.0,0.017929910350448247
S시각_C1_특보있는때만_파고,전체,dow1,1.7219696874222976,1.1562241237678255,2.5645370507739598,0.007488507344901585,574,574,125.0,0.156855369569306
S시각_C1_특보있는때만_파고,전체,dow2,1.1200834631720897,0.7007342829344848,1.790389017671167,0.6355756386097857,574,574,66.0,0.13817315528806973
S시각_C1_특보있는때만_파고,전체,dow3,1.7793612898961702,1.1710232599659134,2.7037264828310272,0.006941815168683085,574,574,84.0,0.13804777129960505
S시각_C1_특보있는때만_파고,전체,dow4,1.3869885333002627,0.8866130632735735,2.16975958419059,0.1518940077905384,574,574,86.0,0.1559776816500533
S시각_C1_특보있는때만_파고,전체,dow5,1.3772884130531664,0.8903186433666505,2.130611761152709,0.1504080346445964,574,574,75.0,0.1366058554322613
S시각_C1_특보있는때만_파고,전체,dow6,1.0543522819280846,0.6412430882284248,1.7335995581303827,0.8347526887979431,574,574,56.0,0.12275092470691493
S시각_C1_특보있는때만_파고,전체,hol,2.240091953044427,1.1220796591259734,4.472063919243576,0.02222164412928551,574,574,54.0,0.04607861576076735
S시각_C2_특보있는때만_풍속,전체,ws[10-14],1.4481027448865584,1.0931256438314754,1.9183536417624054,0.00986289691293507,574,574,219.0,0.4076860384928845
S시각_C2_특보있는때만_풍속,전체,ws[14-17],4.101338959243253,2.788650642992953,6.031942832592758,7.456257833382551e-13,574,574,110.0,0.09184377155037302
S시각_C2_특보있는때만_풍속,전체,ws[17+],6.120814693015432,3.429078519779559,10.925492749767077,8.866580802902035e-10,574,574,38.0,0.01661337847156918
S시각_C2_특보있는때만_풍속,전체,dow1,1.7340815319800384,1.1759972869473385,2.5570116469910644,0.005466479041053018,574,574,125.0,0.156855369569306
S시각_C2_특보있는때만_풍속,전체,dow2,1.1009192244900483,0.6917961420564909,1.751994648667465,0.6850372137738525,574,574,66.0,0.13817315528806973
S시각_C2_특보있는때만_풍속,전체,dow3,1.730971919771203,1.139283435141837,2.6299546667799825,0.010139709057609192,574,574,84.0,0.13804777129960505
S시각_C2_특보있는때만_풍속,전체,dow4,1.4916007289710917,0.9559904802167909,2.3272959100623636,0.07811968462313534,574,574,86.0,0.1559776816500533
S시각_C2_특보있는때만_풍속,전체,dow5,1.705506643890752,1.034948525424264,2.810529065842274,0.036189612536007054,574,574,75.0,0.1366058554322613
S시각_C2_특보있는때만_풍속,전체,dow6,1.2157327118052073,0.7312246223070843,2.0212749700495465,0.45136868278077724,574,574,56.0,0.12275092470691493
S시각_C2_특보있는때만_풍속,전체,hol,2.312743839368686,1.2003359280826336,4.456072622171473,0.012220362489516967,574,574,54.0,0.04607861576076735
S시각_C3_축(특보없음 파고구간 vs 특보),전체,nw_wh_1.5-2,0.6908843265782024,0.5669329729249576,0.8419357763736864,0.000246903400099141,5851,5851,111.0,0.02684501470443221
S시각_C3_축(특보없음 파고구간 vs 특보),전체,nw_wh_2-3,0.6385013763415689,0.3762985476374083,1.083405742992428,0.09630434676978394,5851,5851,16.0,0.004217010736845769
S시각_C3_축(특보없음 파고구간 vs 특보),전체,nw_wh_3+,1.9989693890168547,0.4537308859409812,8.806715041977942,0.3599366169959237,5851,5851,2.0,0.00016821638427582847
S시각_C3_축(특보없음 파고구간 vs 특보),전체,w_주의보,0.9447838371651914,0.8320736565310968,1.0727613979390818,0.38084412000298773,5851,5851,450.0,0.081422530554476
S시각_C3_축(특보없음 파고구간 vs 특보),전체,w_경보,2.0236646823384064,1.5650465572642496,2.6166753490722816,7.612371222265324e-08,5851,5851,124.0,0.011102281362204678
S시각_C3_축(특보없음 파고구간 vs 특보),전체,dow1,0.9937590025060052,0.892511282698474,1.1064924043042788,0.9090847136151352,5851,5851,792.0,0.1436335899116574
S시각_C3_축(특보없음 파고구간 vs 특보),전체,dow2,0.9605656247547707,0.8572365097580409,1.0763497692380783,0.4883791592231257,5851,5851,768.0,0.14359878652180721
S시각_C3_축(특보없음 파고구간 vs 특보),전체,dow3,0.9983227387266507,0.8972177375942477,1.1108209845817811,0.9754183706140458,5851,5851,800.0,0.1434885757872817
S시각_C3_축(특보없음 파고구간 vs 특보),전체,dow4,1.0010051154742423,0.8954366719530926,1.1190196611224914,0.9859039465547097,5851,5851,802.0,0.1435755842619071
S시각_C3_축(특보없음 파고구간 vs 특보),전체,dow5,1.195583546311682,1.0728928820462078,1.3323045013450416,0.001222290619340205,5851,5851,950.0,0.1413829707013463
S시각_C3_축(특보없음 파고구간 vs 특보),전체,dow6,1.1854083486339468,1.0681771725418112,1.3155055070754733,0.001367728224728637,5851,5851,940.0,0.1412611588368707
S시각_C3_축(특보없음 파고구간 vs 특보),전체,hol,1.1038667719293878,0.9659916006749714,1.261420750779183,0.14658335368777786,5851,5851,329.0,0.05138140454880305
S시각_C4_축(특보없음 풍속구간 vs 특보),전체,nw_ws_10-12,0.9044814256424802,0.7701370660526422,1.0622611031116553,0.22104532022668288,5851,5851,149.0,0.028132740128888552
S시각_C4_축(특보없음 풍속구간 vs 특보),전체,nw_ws_12-14,1.1465019299034587,0.8179898871546526,1.6069473423989122,0.42738259675073875,5851,5851,40.0,0.005957180229354339
S시각_C4_축(특보없음 풍속구간 vs 특보),전체,nw_ws_14+,1.0587490223267417,0.4758247350387255,2.3558033236473124,0.8887375973084917,5851,5851,6.0,0.000991896610729885
S시각_C4_축(특보없음 풍속구간 vs 특보),전체,w_주의보,0.9590689818494099,0.8447450914555777,1.0888649383694389,0.5187013241895286,5851,5851,450.0,0.081422530554476
S시각_C4_축(특보없음 풍속구간 vs 특보),전체,w_경보,2.057035715996786,1.588575304899765,2.663642021775858,4.492698701952236e-08,5851,5851,124.0,0.011102281362204678
S시각_C4_축(특보없음 풍속구간 vs 특보),전체,dow1,0.9929779148128975,0.891833523638685,1.1055932673210853,0.8977001229418706,5851,5851,792.0,0.1436335899116574
S시각_C4_축(특보없음 풍속구간 vs 특보),전체,dow2,0.9606886549251172,0.8572853194940702,1.0765642088056482,0.4900357365271475,5851,5851,768.0,0.14359878652180721
S시각_C4_축(특보없음 풍속구간 vs 특보),전체,dow3,0.9999603245585179,0.898681254011619,1.1126532863878438,0.9994189582618671,5851,5851,800.0,0.1434885757872817
S시각_C4_축(특보없음 풍속구간 vs 특보),전체,dow4,1.002122485479138,0.896398493705441,1.120315889590154,0.9702667666293201,5851,5851,802.0,0.1435755842619071
S시각_C4_축(특보없음 풍속구간 vs 특보),전체,dow5,1.1957133324864058,1.0730186248236637,1.3324376114354055,0.001212810658737018,5851,5851,950.0,0.1413829707013463
S시각_C4_축(특보없음 풍속구간 vs 특보),전체,dow6,1.1870380623852208,1.069672923380278,1.3172805731105963,0.0012464869134118928,5851,5851,940.0,0.1412611588368707
S시각_C4_축(특보없음 풍속구간 vs 특보),전체,hol,1.105245854931116,0.9673377299371357,1.262814797807793,0.1411191397106344,5851,5851,329.0,0.05138140454880305
"S시각_C5_축세분(파고, 기준: 특보없음·1m미만)",전체,nw_wh_1.0-1.5,0.8285258603673935,0.7396905221273365,0.9280301433676575,0.001150918404580148,5851,5851,461.0,0.08999576558756824
"S시각_C5_축세분(파고, 기준: 특보없음·1m미만)",전체,nw_wh_1.5-2.0,0.6593860810562137,0.539193643438332,0.8063707893848695,4.989124847165627e-05,5851,5851,111.0,0.02684501470443221
"S시각_C5_축세분(파고, 기준: 특보없음·1m미만)",전체,nw_wh_2.0-2.5,0.6454040308790481,0.37246618777448587,1.1183467835397887,0.1184750794382583,5851,5851,15.0,0.0037239627139683405
"S시각_C5_축세분(파고, 기준: 특보없음·1m미만)",전체,nw_wh_2.5-99,0.7175311549474703,0.23980681249301564,2.1469405016808927,0.552764467079194,5851,5851,3.0,0.0006612644071532567
"S시각_C5_축세분(파고, 기준: 특보없음·1m미만)",전체,w_주의보,0.9185585566225888,0.8073391938834947,1.0450995422208293,0.19701947537700182,5851,5851,450.0,0.081422530554476
"S시각_C5_축세분(파고, 기준: 특보없음·1m미만)",전체,w_경보,1.968199734812585,1.5217583719000278,2.5456145125586476,2.483412329112866e-07,5851,5851,124.0,0.011102281362204678
"S시각_C5_축세분(파고, 기준: 특보없음·1m미만)",전체,dow1,0.9949145467368925,0.8934930515723745,1.1078485205528164,0.9259499783071288,5851,5851,792.0,0.1436335899116574
"S시각_C5_축세분(파고, 기준: 특보없음·1m미만)",전체,dow2,0.9599480333668576,0.8567061281532533,1.0756316506703607,0.48136088891024675,5851,5851,768.0,0.14359878652180721
"S시각_C5_축세분(파고, 기준: 특보없음·1m미만)",전체,dow3,0.9975570140622412,0.8965832766949388,1.1099024732795264,0.9641685906876143,5851,5851,800.0,0.1434885757872817
"S시각_C5_축세분(파고, 기준: 특보없음·1m미만)",전체,dow4,1.0006350700069837,0.8951215550137614,1.1185861157287047,0.9910902342816594,5851,5851,802.0,0.1435755842619071
"S시각_C5_축세분(파고, 기준: 특보없음·1m미만)",전체,dow5,1.1952505894117917,1.0726354855228923,1.3318820706298047,0.0012390456798603289,5851,5851,950.0,0.1413829707013463
"S시각_C5_축세분(파고, 기준: 특보없음·1m미만)",전체,dow6,1.186492186832737,1.0691600675345414,1.3167006065437905,0.0012874705596259695,5851,5851,940.0,0.1412611588368707
"S시각_C5_축세분(파고, 기준: 특보없음·1m미만)",전체,hol,1.10412304784829,0.9661967814316835,1.2617385280288214,0.1456967154641724,5851,5851,329.0,0.05138140454880305
"S시각_C6_축세분(풍속, 기준: 특보없음·8m/s미만)",전체,nw_ws_8-10,0.8995569697274574,0.8105190218362287,0.9983760035045186,0.0465288319437116,5851,5851,426.0,0.08000719270056904
"S시각_C6_축세분(풍속, 기준: 특보없음·8m/s미만)",전체,nw_ws_10-12,0.892083469355444,0.7587533601226055,1.0488426913439324,0.1667799978407003,5851,5851,149.0,0.028132740128888552
"S시각_C6_축세분(풍속, 기준: 특보없음·8m/s미만)",전체,nw_ws_12-14,1.1292067888325936,0.805406101570261,1.5831863819501761,0.4809322272842269,5851,5851,40.0,0.005957180229354339
"S시각_C6_축세분(풍속, 기준: 특보없음·8m/s미만)",전체,nw_ws_14-99,1.0409946877396012,0.46789171308799576,2.31606995719171,0.9215587637397606,5851,5851,6.0,0.000991896610729885
"S시각_C6_축세분(풍속, 기준: 특보없음·8m/s미만)",전체,w_주의보,0.9487843947185154,0.8352016955012197,1.0778136975897281,0.41901060738621343,5851,5851,450.0,0.081422530554476
"S시각_C6_축세분(풍속, 기준: 특보없음·8m/s미만)",전체,w_경보,2.0343816915652213,1.571196187920617,2.634113358213465,7.130582124759144e-08,5851,5851,124.0,0.011102281362204678
"S시각_C6_축세분(풍속, 기준: 특보없음·8m/s미만)",전체,dow1,0.9931505547210995,0.8919728886922431,1.105804937400005,0.9002267406425102,5851,5851,792.0,0.1436335899116574
"S시각_C6_축세분(풍속, 기준: 특보없음·8m/s미만)",전체,dow2,0.9598980130813912,0.8566062312777993,1.0756449835102697,0.4810507368134813,5851,5851,768.0,0.14359878652180721
"S시각_C6_축세분(풍속, 기준: 특보없음·8m/s미만)",전체,dow3,0.9987840906860082,0.8976028140023691,1.11137091400077,0.9821881270937329,5851,5851,800.0,0.1434885757872817
"S시각_C6_축세분(풍속, 기준: 특보없음·8m/s미만)",전체,dow4,1.002428718497263,0.8966843568226983,1.1206433211667557,0.9659804169234287,5851,5851,802.0,0.1435755842619071
"S시각_C6_축세분(풍속, 기준: 특보없음·8m/s미만)",전체,dow5,1.1961100465754342,1.0733379802692689,1.3329252013981396,0.0011918085496838149,5851,5851,950.0,0.1413829707013463
"S시각_C6_축세분(풍속, 기준: 특보없음·8m/s미만)",전체,dow6,1.1876436147345166,1.0701990037486098,1.3179767040326975,0.001207697774324501,5851,5851,940.0,0.1412611588368707
"S시각_C6_축세분(풍속, 기준: 특보없음·8m/s미만)",전체,hol,1.1052026934521286,0.9672947087106534,1.2627723305154754,0.14129056252220273,5851,5851,329.0,0.05138140454880305
S시각_C7_축(특보없음 & (파고≥1.5 또는 풍속≥10)),전체,nw_or_1.5_10,0.8514377764209516,0.7522469276757455,0.9637078736320757,0.01092870829222603,5851,5851,280.0,0.05562161754554894
S시각_C7_축(특보없음 & (파고≥1.5 또는 풍속≥10)),전체,w_주의보,0.9497344598624301,0.8362168905470178,1.0786621921259383,0.42714502610451666,5851,5851,450.0,0.081422530554476
S시각_C7_축(특보없음 & (파고≥1.5 또는 풍속≥10)),전체,w_경보,2.0371822259479306,1.5741594417480613,2.6363983924713366,6.340143254845998e-08,5851,5851,124.0,0.011102281362204678
S시각_C7_축(특보없음 & (파고≥1.5 또는 풍속≥10)),전체,dow1,0.993608713485882,0.8923879774179195,1.106310596397379,0.9068869509122215,5851,5851,792.0,0.1436335899116574
S시각_C7_축(특보없음 & (파고≥1.5 또는 풍속≥10)),전체,dow2,0.9606401070107621,0.8572951403837475,1.076443072784206,0.489252518326142,5851,5851,768.0,0.14359878652180721
S시각_C7_축(특보없음 & (파고≥1.5 또는 풍속≥10)),전체,dow3,0.9994353098474874,0.8982423857309302,1.112028283721134,0.9917253168197979,5851,5851,800.0,0.1434885757872817
S시각_C7_축(특보없음 & (파고≥1.5 또는 풍속≥10)),전체,dow4,1.0020917006484544,0.8964048832785126,1.1202390741511736,0.9706874298822379,5851,5851,802.0,0.1435755842619071
S시각_C7_축(특보없음 & (파고≥1.5 또는 풍속≥10)),전체,dow5,1.1955141224518193,1.0728263203720885,1.3322324311413567,0.0012273058514646884,5851,5851,950.0,0.1413829707013463
S시각_C7_축(특보없음 & (파고≥1.5 또는 풍속≥10)),전체,dow6,1.1872080972342283,1.0698338158340208,1.3174598197195029,0.001233826917254266,5851,5851,940.0,0.1412611588368707
S시각_C7_축(특보없음 & (파고≥1.5 또는 풍속≥10)),전체,hol,1.1047208738164709,0.9667677766107842,1.2623592123893856,0.14335947029600948,5851,5851,329.0,0.05138140454880305
S시각_C8_축(특보없음 & (파고≥2 또는 풍속≥12)),전체,nw_or_2.0_12,0.9356443358025891,0.7002416605832951,1.2501831473297982,0.6527988697946641,5851,5851,55.0,0.010139387576349936
S시각_C8_축(특보없음 & (파고≥2 또는 풍속≥12)),전체,w_주의보,0.9604339038898307,0.8461831542913707,1.0901106681963493,0.5321286712131927,5851,5851,450.0,0.081422530554476
S시각_C8_축(특보없음 & (파고≥2 또는 풍속≥12)),전체,w_경보,2.0599469804890402,1.5914022284628735,2.6664418878717875,4.0478282725686654e-08,5851,5851,124.0,0.011102281362204678
S시각_C8_축(특보없음 & (파고≥2 또는 풍속≥12)),전체,dow1,0.9928911492411985,0.8917570172069189,1.1054948996412104,0.8964371522274939,5851,5851,792.0,0.1436335899116574
S시각_C8_축(특보없음 & (파고≥2 또는 풍속≥12)),전체,dow2,0.9613213106484375,0.8578532239941123,1.0772689738275931,0.4971729317747171,5851,5851,768.0,0.14359878652180721
S시각_C8_축(특보없음 & (파고≥2 또는 풍속≥12)),전체,dow3,1.0004049313409145,0.8990785677941827,1.1131507996087895,0.9940713442404829,5851,5851,800.0,0.1434885757872817
S시각_C8_축(특보없음 & (파고≥2 또는 풍속≥12)),전체,dow4,1.0016529186581653,0.8959859408389363,1.1197815989355766,0.976835510857381,5851,5851,802.0,0.1435755842619071
S시각_C8_축(특보없음 & (파고≥2 또는 풍속≥12)),전체,dow5,1.1956373545480825,1.072916976223066,1.3323945051397206,0.0012216862677170148,5851,5851,950.0,0.1413829707013463
S시각_C8_축(특보없음 & (파고≥2 또는 풍속≥12)),전체,dow6,1.1867943565864787,1.0694397419960588,1.3170268407985766,0.0012651715780154227,5851,5851,940.0,0.1412611588368707
S시각_C8_축(특보없음 & (파고≥2 또는 풍속≥12)),전체,hol,1.1048214798676472,0.9669602940652572,1.2623377711252346,0.14267007993052072,5851,5851,329.0,0.05138140454880305
S시각_A1_달력,전복,dow1,0.9943262081408056,0.7096497813656273,1.393200750788762,0.9736235047822017,537,537,77.0,0.14284812921950912
S시각_A1_달력,전복,dow2,0.7123185285688345,0.4853278694418307,1.0454740353691636,0.0831243834532236,537,537,55.0,0.14278503375607293
S시각_A1_달력,전복,dow3,0.8582399084302887,0.5958963763306325,1.2360802476398047,0.41146879493955946,537,537,66.0,0.14316360653669002
S시각_A1_달력,전복,dow4,0.8619721983471977,0.5993042807745335,1.239764331006049,0.4231365440525092,537,537,67.0,0.14373146570761564
S시각_A1_달력,전복,dow5,1.2599557770055185,0.8949020376054331,1.7739243998788525,0.18555506417906242,537,537,98.0,0.1416493154142217
S시각_A1_달력,전복,dow6,1.2158144675431022,0.8747738072521263,1.689813763549359,0.24464785855845372,537,537,95.0,0.14246955643889203
S시각_A1_달력,전복,hol,1.2827036751842533,0.8884050520060434,1.8520028838377185,0.18398913726884558,537,537,39.0,0.05697520348286958
S시각_A2_특보유무(풍랑·태풍),전복,any_warn,2.002877461657626,1.4603272880594476,2.746999360497325,1.638335352982523e-05,537,537,85.0,0.09161461290933182
S시각_A2_특보유무(풍랑·태풍),전복,dow1,0.9895101628047641,0.7063465227165064,1.386189824405615,0.9511103779182117,537,537,77.0,0.14284812921950912
S시각_A2_특보유무(풍랑·태풍),전복,dow2,0.7205720594681497,0.49084579335273154,1.0578151018461435,0.09431661394596791,537,537,55.0,0.14278503375607293
S시각_A2_특보유무(풍랑·태풍),전복,dow3,0.8733848075761766,0.606413086055889,1.2578901076593405,0.4670202453837482,537,537,66.0,0.14316360653669002
S시각_A2_특보유무(풍랑·태풍),전복,dow4,0.864047446541172,0.6001851403489562,1.2439128190348872,0.43186758886911525,537,537,67.0,0.14373146570761564
S시각_A2_특보유무(풍랑·태풍),전복,dow5,1.2818140053249483,0.909019710277186,1.8074934191978906,0.15678217475265477,537,537,98.0,0.1416493154142217
S시각_A2_특보유무(풍랑·태풍),전복,dow6,1.2542259069232313,0.902636679433248,1.7427639064979243,0.17712437011735815,537,537,95.0,0.14246955643889203
S시각_A2_특보유무(풍랑·태풍),전복,hol,1.2828298098056168,0.8919042726627755,1.8450997168259196,0.17923566396876867,537,537,39.0,0.05697520348286958
S시각_A3_특보종류·수준,전복,wv_주의보,1.6922429789877942,1.1999804007998267,2.3864442269429924,0.0027044766503623308,537,537,62.0,0.07994195217363871
S시각_A3_특보종류·수준,전복,wv_경보,8.780329179921042,4.080909919035409,18.891419324932173,2.7365667065737398e-08,537,537,18.0,0.00473215975771342
S시각_A3_특보종류·수준,전복,ty_주의보,0.37775700853954225,0.04027222828233241,3.5433936384232063,0.3940181994521681,537,537,1.0,0.004038109659915452
S시각_A3_특보종류·수준,전복,ty_경보,1.8204288198222804,0.5339260619049263,6.206779036438275,0.33842168324390975,537,537,4.0,0.004227396050223989
S시각_A3_특보종류·수준,전복,dow1,1.001274745540555,0.715678665953929,1.4008397396071623,0.994067183064953,537,537,77.0,0.14284812921950912
S시각_A3_특보종류·수준,전복,dow2,0.7309230279211393,0.5001846172661066,1.0681025651398182,0.10532273734391762,537,537,55.0,0.14278503375607293
S시각_A3_특보종류·수준,전복,dow3,0.8850577322074308,0.616926307961876,1.2697257018071066,0.5072563392752198,537,537,66.0,0.14316360653669002
S시각_A3_특보종류·수준,전복,dow4,0.8883530156573424,0.6196677568358184,1.2735390404322522,0.5194366618096797,537,537,67.0,0.14373146570761564
S시각_A3_특보종류·수준,전복,dow5,1.2951190023984456,0.920665792117817,1.8218698302183667,0.13747488797804297,537,537,98.0,0.1416493154142217
S시각_A3_특보종류·수준,전복,dow6,1.267835284119931,0.9157472101000086,1.7552947908887666,0.15279338101820406,537,537,95.0,0.14246955643889203
S시각_A3_특보종류·수준,전복,hol,1.2568507037271457,0.8745837078191696,1.8062006842071627,0.21658155590662043,537,537,39.0,0.05697520348286958
S시각_A3b_특보최고수준,전복,warn_주의보,1.6464094281762183,1.1697111414294052,2.317378974329567,0.004252561622978934,537,537,63.0,0.08271815256483059
S시각_A3b_특보최고수준,전복,warn_경보,6.671772572966838,3.1940227856988646,13.936202792508578,4.4179894187479363e-07,537,537,22.0,0.00889646034450123
S시각_A3b_특보최고수준,전복,dow1,1.0018219384276943,0.7156055945184986,1.4025144632782474,0.9915392183424039,537,537,77.0,0.14284812921950912
S시각_A3b_특보최고수준,전복,dow2,0.7285262382433952,0.497785220455695,1.0662238612130737,0.10310124537729037,537,537,55.0,0.14278503375607293
S시각_A3b_특보최고수준,전복,dow3,0.8761252244556846,0.6101114649810476,1.2581232331888212,0.4738111504443703,537,537,66.0,0.14316360653669002
S시각_A3b_특보최고수준,전복,dow4,0.8756624354421679,0.6101450448727868,1.256725277518858,0.4713311074711761,537,537,67.0,0.14373146570761564
S시각_A3b_특보최고수준,전복,dow5,1.2812148665971494,0.9091511476957256,1.8055430480949377,0.1568245285102714,537,537,98.0,0.1416493154142217
S시각_A3b_특보최고수준,전복,dow6,1.2569249224728343,0.9076211758088368,1.74066042402044,0.16866096295921484,537,537,95.0,0.14246955643889203
S시각_A3b_특보최고수준,전복,hol,1.275934730345793,0.888169778454916,1.8329935059654034,0.18737689567806903,537,537,39.0,0.05697520348286958
S시각_B1_특보없는때_파고,전복,wh[0-0.5],0.7971776538799439,0.6016315995013105,1.0562813063214898,0.11441203967201208,451,451,266.0,0.6212566470752868
S시각_B1_특보없는때_파고,전복,wh[1-1.5],1.1631939404489808,0.7934095510152891,1.705323740262303,0.43866592012659367,451,451,48.0,0.09746711446963337
S시각_B1_특보없는때_파고,전복,wh[1.5-2],1.1780500563457261,0.619353376887646,2.240727163271644,0.6174071736705322,451,451,14.0,0.028267562272600057
S시각_B1_특보없는때_파고,전복,wh[2-2.5],1.7260578122715013,0.42937110466697603,6.938696011261013,0.4419116425360128,451,451,2.0,0.003498460677301987
S시각_B1_특보없는때_파고,전복,wh[2.5-3],6.992497176472363e-10,3.288569135055683e-10,1.4868173590075996e-09,0.0,451,451,0.0,0.000559753708368318
S시각_B1_특보없는때_파고,전복,wh[3-4],7.853460113614063e-10,1.5164713502234827e-10,4.067128320428716e-09,0.0,451,451,0.0,0.0004897844948222781
S시각_B1_특보없는때_파고,전복,wh[4+],1.000001626769082,1.000001626769082,1.000001626769082,,451,451,0.0,0.0
S시각_B1_특보없는때_파고,전복,dow1,1.0015353148966237,0.6834069667158825,1.4677535287726933,0.9937227918919769,451,451,61.0,0.14098796529527008
S시각_B1_특보없는때_파고,전복,dow2,0.8346570673741093,0.5558081891064625,1.2534043826117642,0.38362966720945835,451,451,51.0,0.14266722642037505
S시각_B1_특보없는때_파고,전복,dow3,0.8548065777206482,0.567531679998557,1.2874951497268738,0.4528123117591867,451,451,52.0,0.14511614889448643
S시각_B1_특보없는때_파고,전복,dow4,0.8345847724261238,0.5594679523742512,1.2449895287292991,0.37554332101826304,451,451,51.0,0.14196753428491463
S시각_B1_특보없는때_파고,전복,dow5,1.292626472643186,0.8889099022533138,1.8796991613462886,0.17908323992020292,451,451,80.0,0.14210747271200672
S시각_B1_특보없는때_파고,전복,dow6,1.4533164678737074,1.026747469453631,2.057106366102707,0.03495307699058192,451,451,93.0,0.14497621046739434
S시각_B1_특보없는때_파고,전복,hol,1.1296037931329743,0.753575189747397,1.6932679669139952,0.555139153464018,451,451,29.0,0.05723481668066051
S시각_B2_특보없는때_풍속,전복,ws[0-4],0.7601200337334398,0.595875126464452,0.9696368249353238,0.027227210426435722,451,451,174.0,0.44129582983487264
S시각_B2_특보없는때_풍속,전복,ws[6-8],0.9222981966475049,0.679548951546107,1.251762601654937,0.6037267422298056,451,451,79.0,0.17387349566190877
S시각_B2_특보없는때_풍속,전복,ws[8-10],1.0700042720084282,0.7574245440729495,1.511581782073882,0.7010876859147859,451,451,47.0,0.08956059333893088
S시각_B2_특보없는때_풍속,전복,ws[10-12],1.1039364979797681,0.6542431670804568,1.8627260518595004,0.7110394652330725,451,451,17.0,0.03029666946543521
S시각_B2_특보없는때_풍속,전복,ws[12-14],1.456202151639758,0.5138401923375029,4.126817516539164,0.479467308273847,451,451,4.0,0.005947383151413378
S시각_B2_특보없는때_풍속,전복,ws[14-17],3.3916927732758673,0.7889587978840817,14.580710550593182,0.10070927912042649,451,451,2.0,0.001119507416736636
S시각_B2_특보없는때_풍속,전복,ws[17+],6.039121371267201e-09,1.4840477139196464e-09,2.457534659756294e-08,0.0,451,451,0.0,0.0001399384270920795
S시각_B2_특보없는때_풍속,전복,dow1,0.9815523334280313,0.6700761241036571,1.4378142252819224,0.9238374982362292,451,451,61.0,0.14098796529527008
S시각_B2_특보없는때_풍속,전복,dow2,0.8258200617583143,0.549267755163366,1.24161443665971,0.3576573311869713,451,451,51.0,0.14266722642037505
S시각_B2_특보없는때_풍속,전복,dow3,0.8459864046219644,0.5615051493971767,1.274597388062345,0.42384081971767684,451,451,52.0,0.14511614889448643
S시각_B2_특보없는때_풍속,전복,dow4,0.8268485136793475,0.5528030290495863,1.236748767005074,0.35465730138843554,451,451,51.0,0.14196753428491463
S시각_B2_특보없는때_풍속,전복,dow5,1.284449801585164,0.8836908556380029,1.8669552618613943,0.18953098365033982,451,451,80.0,0.14210747271200672
S시각_B2_특보없는때_풍속,전복,dow6,1.4432494095722965,1.0186957247516097,2.0447409443469255,0.038997473263248095,451,451,93.0,0.14497621046739434
S시각_B2_특보없는때_풍속,전복,hol,1.1188161782507564,0.7476468353872495,1.6742525768430154,0.5851321259324571,451,451,29.0,0.05723481668066051
S시각_B3_특보없는때_파고+풍속,전복,wh[0-0.5],0.8571542031263373,0.6334032982081762,1.1599455355151516,0.3179526040194385,451,451,266.0,0.6212566470752868
S시각_B3_특보없는때_파고+풍속,전복,wh[1-1.5],1.1119662818636031,0.7317915370813354,1.689646503610957,0.6190626667805921,451,451,48.0,0.09746711446963337
S시각_B3_특보없는때_파고+풍속,전복,wh[1.5-2],1.059393234386105,0.4976082965823773,2.255416625428507,0.8810370931636005,451,451,14.0,0.028267562272600057
S시각_B3_특보없는때_파고+풍속,전복,wh[2-2.5],1.4112020287563452,0.30455723856719663,6.538971706386243,0.659730581330797,451,451,2.0,0.003498460677301987
S시각_B3_특보없는때_파고+풍속,전복,wh[2.5-3],2.425105069429102e-10,5.8146846433960685e-11,1.0114279549880888e-09,0.0,451,451,0.0,0.000559753708368318
S시각_B3_특보없는때_파고+풍속,전복,wh[3-4],2.567015926652357e-10,3.313641515605683e-11,1.988619087687397e-09,0.0,451,451,0.0,0.0004897844948222781
S시각_B3_특보없는때_파고+풍속,전복,wh[4+],0.9999960689183792,0.9999780535899783,1.0000140845713392,0.6688825050786384,451,451,0.0,0.0
S시각_B3_특보없는때_파고+풍속,전복,ws[0-4],0.7745474988107589,0.6071700784272007,0.9880655342371799,0.03971955821244588,451,451,174.0,0.44129582983487264
S시각_B3_특보없는때_파고+풍속,전복,ws[6-8],0.8788276029781733,0.6452186231209145,1.1970174574635999,0.41260959814747267,451,451,79.0,0.17387349566190877
S시각_B3_특보없는때_파고+풍속,전복,ws[8-10],0.9557128880507966,0.6459477870608988,1.414026245901949,0.8207039468941508,451,451,47.0,0.08956059333893088
S시각_B3_특보없는때_파고+풍속,전복,ws[10-12],0.9615176909674664,0.5111796996514903,1.8085934763718523,0.9031041731024838,451,451,17.0,0.03029666946543521
S시각_B3_특보없는때_파고+풍속,전복,ws[12-14],1.3460822596733657,0.3913774848032978,4.629641510211081,0.6372411143051848,451,451,4.0,0.005947383151413378
S시각_B3_특보없는때_파고+풍속,전복,ws[14-17],3.675628546207299,0.7460568740078004,18.10886767535196,0.10961316531555365,451,451,2.0,0.001119507416736636
S시각_B3_특보없는때_파고+풍속,전복,ws[17+],2.463964077262343e-10,5.505304700954248e-11,1.1027761956548831e-09,0.0,451,451,0.0,0.0001399384270920795
S시각_B3_특보없는때_파고+풍속,전복,dow1,0.9887574645412692,0.6754102003225515,1.4474778782126672,0.9536343109139871,451,451,61.0,0.14098796529527008
S시각_B3_특보없는때_파고+풍속,전복,dow2,0.8288913192557129,0.5511055618959123,1.2466954911031034,0.36749552269221364,451,451,51.0,0.14266722642037505
S시각_B3_특보없는때_파고+풍속,전복,dow3,0.8509447480025969,0.5647548482962904,1.282161572118653,0.4402961695724219,451,451,52.0,0.14511614889448643
S시각_B3_특보없는때_파고+풍속,전복,dow4,0.8292135624594581,0.5548445219067982,1.2392573144701724,0.36094169366673423,451,451,51.0,0.14196753428491463
S시각_B3_특보없는때_파고+풍속,전복,dow5,1.2879311246229312,0.8847341019817702,1.8748758277282587,0.18658098976985427,451,451,80.0,0.14210747271200672
S시각_B3_특보없는때_파고+풍속,전복,dow6,1.4438938423456675,1.0192261665732512,2.045502260772168,0.03871859312714676,451,451,93.0,0.14497621046739434
S시각_B3_특보없는때_파고+풍속,전복,hol,1.1143571382169646,0.745868573770556,1.6648936222336441,0.5970828734070992,451,451,29.0,0.05723481668066051
S시각_B4_특보없는때_파고연속(1m당),전복,wh_per1m,1.539444306500939,1.1483976823286846,2.0636481676039016,0.003908803834018482,451,451,,
S시각_B4_특보없는때_파고연속(1m당),전복,dow1,0.9976692482812926,0.680410286356716,1.4628584383927647,0.99046544021215,451,451,61.0,0.14098796529527008
S시각_B4_특보없는때_파고연속(1m당),전복,dow2,0.834008930646128,0.5556555111883655,1.2518023890555845,0.38100038102399214,451,451,51.0,0.14266722642037505
S시각_B4_특보없는때_파고연속(1m당),전복,dow3,0.8575400892933681,0.5690182954269168,1.2923573998504716,0.46269143588301587,451,451,52.0,0.14511614889448643
S시각_B4_특보없는때_파고연속(1m당),전복,dow4,0.8362822771623388,0.560413502544008,1.2479500296139048,0.3813405716380194,451,451,51.0,0.14196753428491463
S시각_B4_특보없는때_파고연속(1m당),전복,dow5,1.2975723070717065,0.8933210403224203,1.8847579045845673,0.17140431610526252,451,451,80.0,0.14210747271200672
S시각_B4_특보없는때_파고연속(1m당),전복,dow6,1.4559516092146851,1.0288584117331137,2.060337033940397,0.0339555264771203,451,451,93.0,0.14497621046739434
S시각_B4_특보없는때_파고연속(1m당),전복,hol,1.1270888442560625,0.7513054573296716,1.690829276498984,0.5631563144546412,451,451,29.0,0.05723481668066051
S시각_B5_특보없는때_풍속연속(1m/s당),전복,ws_per1ms,1.0479569167986218,1.0070661084127055,1.090508051350304,0.02106904237778906,451,451,,
S시각_B5_특보없는때_풍속연속(1m/s당),전복,dow1,0.9879655043267909,0.6737950261724072,1.4486242845757322,0.9505587964491451,451,451,61.0,0.14098796529527008
S시각_B5_특보없는때_풍속연속(1m/s당),전복,dow2,0.8315024153103953,0.553497627720435,1.2491404335634062,0.3741893206855118,451,451,51.0,0.14266722642037505
S시각_B5_특보없는때_풍속연속(1m/s당),전복,dow3,0.8508874822414478,0.5647456925855964,1.2820097912043038,0.440048595036417,451,451,52.0,0.14511614889448643
S시각_B5_특보없는때_풍속연속(1m/s당),전복,dow4,0.8289179873139014,0.5547207112528761,1.2386503978563443,0.3598687591043679,451,451,51.0,0.14196753428491463
S시각_B5_특보없는때_풍속연속(1m/s당),전복,dow5,1.2898748234386774,0.8879337502169865,1.8737626086792827,0.18151276569019537,451,451,80.0,0.14210747271200672
S시각_B5_특보없는때_풍속연속(1m/s당),전복,dow6,1.448651766142135,1.0230749906779986,2.0512591536970093,0.0367480587048159,451,451,93.0,0.14497621046739434
S시각_B5_특보없는때_풍속연속(1m/s당),전복,hol,1.1280697453165012,0.7522127249289282,1.6917306875108638,0.559995740490054,451,451,29.0,0.05723481668066051
S시각_C1_특보있는때만_파고,전복,wh[2-3],2.658309964554205,1.2000127418151902,5.888780694910724,0.015982243072006685,84,84,19.0,0.2731063238359972
S시각_C1_특보있는때만_파고,전복,wh[3-4],12.256842512221635,4.081176089162395,36.81051370665955,7.946944604153572e-06,84,84,9.0,0.06949270326615706
S시각_C1_특보있는때만_파고,전복,wh[4+],51.68116534472023,13.147991007003661,203.14456025757514,1.614566724761346e-08,84,84,15.0,0.011118832522585128
S시각_C1_특보있는때만_파고,전복,dow1,1.3904576022043504,0.4755460818937795,4.06558358304321,0.5470624662340242,84,84,15.0,0.1674774148714385
S시각_C1_특보있는때만_파고,전복,dow2,0.2641235693712195,0.04439551074474903,1.571358426271614,0.14339279535640093,84,84,4.0,0.14662960389159138
S시각_C1_특보있는때만_파고,전복,dow3,2.666435149783431,0.9554121063464215,7.4416854891962485,0.06108286776847471,84,84,14.0,0.1292564280750521
S시각_C1_특보있는때만_파고,전복,dow4,2.0116687902418673,0.6513698519296562,6.212770378679128,0.2244048970804411,84,84,16.0,0.15705350938151494
S시각_C1_특보있는때만_파고,전복,dow5,2.428835835236722,0.8920194875467635,6.613357215719798,0.08249108640816982,84,84,18.0,0.1271716469770674
S시각_C1_특보있는때만_파고,전복,dow6,0.15351134904656638,0.013547595318655617,1.7394772822632012,0.13026963243124756,84,84,2.0,0.11257817929117443
S시각_C1_특보있는때만_파고,전복,hol,1.4650392346187293,0.3219490789432389,6.6667063189537545,0.6213256271765002,84,84,10.0,0.054204308547602505
S시각_C2_특보있는때만_풍속,전복,ws[10-14],2.112841599327241,1.111228854335755,4.017263956411698,0.022507021226721324,84,84,31.0,0.4044475330090341
S시각_C2_특보있는때만_풍속,전복,ws[14-17],10.25132213653284,4.129516289629194,25.448405618568135,5.247619523363056e-07,84,84,17.0,0.09520500347463516
S시각_C2_특보있는때만_풍속,전복,ws[17+],8.540772363339194,2.0634514316167634,35.350864791241825,0.0030812202439780556,84,84,6.0,0.011118832522585128
S시각_C2_특보있는때만_풍속,전복,dow1,1.7127486654418107,0.5554804594052587,5.281028236553181,0.34894451314928077,84,84,15.0,0.1674774148714385
S시각_C2_특보있는때만_풍속,전복,dow2,0.2528684919304928,0.05747537615506183,1.1125194559613218,0.06892131997362849,84,84,4.0,0.14662960389159138
S시각_C2_특보있는때만_풍속,전복,dow3,1.9831488101344408,0.7279277722394262,5.4028426351125205,0.180575263162982,84,84,14.0,0.1292564280750521
S시각_C2_특보있는때만_풍속,전복,dow4,1.6800914001076186,0.5118785774933368,5.514407589663824,0.3921966544991169,84,84,16.0,0.15705350938151494
S시각_C2_특보있는때만_풍속,전복,dow5,3.5413353166364647,1.1150568665085019,11.24701008669235,0.0319757637745397,84,84,18.0,0.1271716469770674
S시각_C2_특보있는때만_풍속,전복,dow6,0.1755110335175178,0.016657266531506947,1.8492903879590175,0.14753701579177436,84,84,2.0,0.11257817929117443
S시각_C2_특보있는때만_풍속,전복,hol,1.682804159994704,0.4796916748701834,5.903437539669299,0.4163413828787814,84,84,10.0,0.054204308547602505
S시각_C3_축(특보없음 파고구간 vs 특보),전복,nw_wh_1.5-2,1.163020264872543,0.6348777937525503,2.1305141710963587,0.6248568611981069,535,535,14.0,0.025681774839488906
S시각_C3_축(특보없음 파고구간 vs 특보),전복,nw_wh_2-3,1.196514106691121,0.2897583885568516,4.94082678552016,0.8041592237876485,535,535,2.0,0.0036869874769563282
S시각_C3_축(특보없음 파고구간 vs 특보),전복,nw_wh_3+,2.034069756041775e-09,3.7527914523459053e-10,1.1024965882016955e-08,0.0,535,535,0.0,0.00044498124721886723
S시각_C3_축(특보없음 파고구간 vs 특보),전복,w_주의보,1.6709541764863876,1.1861968994513055,2.353814835638861,0.003316762341218471,535,535,63.0,0.0826393744835039
S시각_C3_축(특보없음 파고구간 vs 특보),전복,w_경보,6.473104257861482,3.039731642737027,13.784466412770568,1.2802387616694944e-06,535,535,21.0,0.008836056194774648
S시각_C3_축(특보없음 파고구간 vs 특보),전복,dow1,1.0016366618857449,0.7156965762030006,1.401817524063505,0.9923918243315553,535,535,76.0,0.14341109910368063
S시각_C3_축(특보없음 파고구간 vs 특보),전복,dow2,0.739483658550065,0.5055515587925304,1.0816623383946506,0.1198432650074388,535,535,55.0,0.14302968660606447
S시각_C3_축(특보없음 파고구간 vs 특보),전복,dow3,0.8894515677489916,0.6192514069126007,1.2775491222788549,0.5259960810870195,535,535,66.0,0.1436653741020914
S시각_C3_축(특보없음 파고구간 vs 특보),전복,dow4,0.8921656622555827,0.6210821439404867,1.2815689143112974,0.536920711339713,535,535,67.0,0.14334753035407793
S시각_C3_축(특보없음 파고구간 vs 특보),전복,dow5,1.3146659701249057,0.9323513732489601,1.8537502733349327,0.11864849504281638,535,535,98.0,0.14074121162036743
S시각_C3_축(특보없음 파고구간 vs 특보),전복,dow6,1.2849605457456381,0.9275688277438128,1.7800550802672679,0.1315976155673919,535,535,95.0,0.14201258661242133
S시각_C3_축(특보없음 파고구간 vs 특보),전복,hol,1.2805819951174882,0.8914607691338494,1.8395540252572382,0.1808048817920307,535,535,39.0,0.056957599644015006
S시각_C4_축(특보없음 풍속구간 vs 특보),전복,nw_ws_10-12,1.2790113557139609,0.7799580594707404,2.097382068409324,0.3294661586863774,535,535,17.0,0.027525268577967072
S시각_C4_축(특보없음 풍속구간 vs 특보),전복,nw_ws_12-14,1.5146883787572898,0.5565687383958571,4.12218783856773,0.41630033245180686,535,535,4.0,0.005403343716229102
S시각_C4_축(특보없음 풍속구간 vs 특보),전복,nw_ws_14+,3.602539129002671,0.9054432794927846,14.333629140486375,0.06890826548326379,535,535,2.0,0.0011442374928485157
S시각_C4_축(특보없음 풍속구간 vs 특보),전복,w_주의보,1.6812192502062904,1.1940549535000413,2.3671424493312507,0.002920988451567741,535,535,63.0,0.0826393744835039
S시각_C4_축(특보없음 풍속구간 vs 특보),전복,w_경보,6.517995644098479,3.062569930789762,13.872097021971054,1.1479760644306225e-06,535,535,21.0,0.008836056194774648
S시각_C4_축(특보없음 풍속구간 vs 특보),전복,dow1,1.0003939994365383,0.7147507651364069,1.4001917912149935,0.9981677347781412,535,535,76.0,0.14341109910368063
S시각_C4_축(특보없음 풍속구간 vs 특보),전복,dow2,0.7369043115965223,0.5038376934238358,1.0777835234188027,0.11552291527978409,535,535,55.0,0.14302968660606447
S시각_C4_축(특보없음 풍속구간 vs 특보),전복,dow3,0.8879603323461258,0.6187313037364042,1.274339195477578,0.5191188159272395,535,535,66.0,0.1436653741020914
S시각_C4_축(특보없음 풍속구간 vs 특보),전복,dow4,0.8924544689760993,0.6213629798276004,1.2818191701996737,0.5379321366409733,535,535,67.0,0.14334753035407793
S시각_C4_축(특보없음 풍속구간 vs 특보),전복,dow5,1.3152459184226775,0.9332211805901334,1.853656841386313,0.11753000585110285,535,535,98.0,0.14074121162036743
S시각_C4_축(특보없음 풍속구간 vs 특보),전복,dow6,1.284048722487664,0.926816690794984,1.778972193851998,0.13281446231757776,535,535,95.0,0.14201258661242133
S시각_C4_축(특보없음 풍속구간 vs 특보),전복,hol,1.2750446428113105,0.889528898672907,1.8276402751920382,0.18592379085020583,535,535,39.0,0.056957599644015006
"S시각_C5_축세분(파고, 기준: 특보없음·1m미만)",전복,nw_wh_1.0-1.5,1.2068348713963728,0.8291572157652379,1.7565431249056018,0.3262418556990607,535,535,48.0,0.08855126819655458
"S시각_C5_축세분(파고, 기준: 특보없음·1m미만)",전복,nw_wh_1.5-2.0,1.2282925821193822,0.664683970610347,2.2698044995791467,0.5116186854381151,535,535,14.0,0.025681774839488906
"S시각_C5_축세분(파고, 기준: 특보없음·1m미만)",전복,nw_wh_2.0-2.5,1.4816707721405313,0.35785534877852204,6.134736519962504,0.5875557214332294,535,535,2.0,0.003178437480134766
"S시각_C5_축세분(파고, 기준: 특보없음·1m미만)",전복,nw_wh_2.5-99,7.589479510404743e-10,3.0893184972294806e-10,1.8644953341816205e-09,0.0,535,535,0.0,0.0009535312440404298
"S시각_C5_축세분(파고, 기준: 특보없음·1m미만)",전복,w_주의보,1.725608644585467,1.2229548065735427,2.4348611888701273,0.0018980471837566348,535,535,63.0,0.0826393744835039
"S시각_C5_축세분(파고, 기준: 특보없음·1m미만)",전복,w_경보,6.7065017029857,3.133250195223166,14.354795273202429,9.513437286834403e-07,535,535,21.0,0.008836056194774648
"S시각_C5_축세분(파고, 기준: 특보없음·1m미만)",전복,dow1,1.003524227169285,0.7171051036376741,1.4043420823630621,0.983629560239182,535,535,76.0,0.14341109910368063
"S시각_C5_축세분(파고, 기준: 특보없음·1m미만)",전복,dow2,0.7400607803754358,0.5060596318083086,1.0822636784776376,0.12058402509499677,535,535,55.0,0.14302968660606447
"S시각_C5_축세분(파고, 기준: 특보없음·1m미만)",전복,dow3,0.8901949332773303,0.6199534771193238,1.27823626849359,0.5286122357731213,535,535,66.0,0.1436653741020914
"S시각_C5_축세분(파고, 기준: 특보없음·1m미만)",전복,dow4,0.89241327016056,0.6213791996302497,1.2816673703151982,0.5376860247665771,535,535,67.0,0.14334753035407793
"S시각_C5_축세분(파고, 기준: 특보없음·1m미만)",전복,dow5,1.3149922395768887,0.9321962737069692,1.8549790842556055,0.11875867670610374,535,535,98.0,0.14074121162036743
"S시각_C5_축세분(파고, 기준: 특보없음·1m미만)",전복,dow6,1.2851059602888373,0.9276181626404204,1.7803632956786735,0.13149448245979345,535,535,95.0,0.14201258661242133
"S시각_C5_축세분(파고, 기준: 특보없음·1m미만)",전복,hol,1.2803906985492022,0.891293586603626,1.839349419284427,0.18111441832276665,535,535,39.0,0.056957599644015006
"S시각_C6_축세분(풍속, 기준: 특보없음·8m/s미만)",전복,nw_ws_8-10,1.2266614267572837,0.8877390071930937,1.6949781903262984,0.21561985293588104,535,535,47.0,0.08136799949145
"S시각_C6_축세분(풍속, 기준: 특보없음·8m/s미만)",전복,nw_ws_10-12,1.3184462653091893,0.8017281359494121,2.1681920298945747,0.27603159357112217,535,535,17.0,0.027525268577967072
"S시각_C6_축세분(풍속, 기준: 특보없음·8m/s미만)",전복,nw_ws_12-14,1.5657948284630705,0.5752786641103559,4.2617840670888905,0.38009819603104944,535,535,4.0,0.005403343716229102
"S시각_C6_축세분(풍속, 기준: 특보없음·8m/s미만)",전복,nw_ws_14-99,3.7235542444212277,0.9363021949137385,14.808099656783043,0.06196384756290696,535,535,2.0,0.0011442374928485157
"S시각_C6_축세분(풍속, 기준: 특보없음·8m/s미만)",전복,w_주의보,1.7201957045284753,1.2188876384651082,2.427683379908954,0.0020276293778433985,535,535,63.0,0.0826393744835039
"S시각_C6_축세분(풍속, 기준: 특보없음·8m/s미만)",전복,w_경보,6.668429585873929,3.1299740089730506,14.207131757093647,8.796791473031362e-07,535,535,21.0,0.008836056194774648
"S시각_C6_축세분(풍속, 기준: 특보없음·8m/s미만)",전복,dow1,0.9987048519039694,0.7136129874382191,1.3976923048963987,0.9939702349548165,535,535,76.0,0.14341109910368063
"S시각_C6_축세분(풍속, 기준: 특보없음·8m/s미만)",전복,dow2,0.7362533412334875,0.5033390897530111,1.076945926737913,0.11457450015814286,535,535,55.0,0.14302968660606447
"S시각_C6_축세분(풍속, 기준: 특보없음·8m/s미만)",전복,dow3,0.889594479458882,0.6199256436752556,1.2765697724520624,0.5255024241202939,535,535,66.0,0.1436653741020914
"S시각_C6_축세분(풍속, 기준: 특보없음·8m/s미만)",전복,dow4,0.8910902850148116,0.620325279057727,1.2800411701001875,0.5326406963530668,535,535,67.0,0.14334753035407793
"S시각_C6_축세분(풍속, 기준: 특보없음·8m/s미만)",전복,dow5,1.3142080657911797,0.9327906512846434,1.8515867818914833,0.11823859688342875,535,535,98.0,0.14074121162036743
"S시각_C6_축세분(풍속, 기준: 특보없음·8m/s미만)",전복,dow6,1.283300307126273,0.9260172728814798,1.7784330017364232,0.13405430841378285,535,535,95.0,0.14201258661242133
"S시각_C6_축세분(풍속, 기준: 특보없음·8m/s미만)",전복,hol,1.2762765978684396,0.8906825468224662,1.8288019228374,0.18377836690096805,535,535,39.0,0.056957599644015006
S시각_C7_축(특보없음 & (파고≥1.5 또는 풍속≥10)),전복,nw_or_1.5_10,1.4783943730604892,1.025339011380652,2.1316363642049168,0.036257398654851336,535,535,37.0,0.053969868412688325
S시각_C7_축(특보없음 & (파고≥1.5 또는 풍속≥10)),전복,w_주의보,1.7156167905493869,1.2184479709334008,2.415647645389578,0.001990317838167943,535,535,63.0,0.0826393744835039
S시각_C7_축(특보없음 & (파고≥1.5 또는 풍속≥10)),전복,w_경보,6.676080172899502,3.1197527827523897,14.286403307783926,1.00218314313949e-06,535,535,21.0,0.008836056194774648
S시각_C7_축(특보없음 & (파고≥1.5 또는 풍속≥10)),전복,dow1,0.999941147135054,0.7142384899114652,1.3999277718255005,0.9997264618498465,535,535,76.0,0.14341109910368063
S시각_C7_축(특보없음 & (파고≥1.5 또는 풍속≥10)),전복,dow2,0.7416652885131881,0.5072550166803483,1.0844001184752816,0.1230871752635947,535,535,55.0,0.14302968660606447
S시각_C7_축(특보없음 & (파고≥1.5 또는 풍속≥10)),전복,dow3,0.8939435452272487,0.6224562593878946,1.2838413141500225,0.5438042367725571,535,535,66.0,0.1436653741020914
S시각_C7_축(특보없음 & (파고≥1.5 또는 풍속≥10)),전복,dow4,0.8940424515042455,0.622677292804007,1.283669589896723,0.5439298653493274,535,535,67.0,0.14334753035407793
S시각_C7_축(특보없음 & (파고≥1.5 또는 풍속≥10)),전복,dow5,1.3180650500215203,0.9351177860927129,1.8578359880709057,0.11480788323218416,535,535,98.0,0.14074121162036743
S시각_C7_축(특보없음 & (파고≥1.5 또는 풍속≥10)),전복,dow6,1.2892016871062402,0.9305648148295753,1.786056128010776,0.1266819304759419,535,535,95.0,0.14201258661242133
S시각_C7_축(특보없음 & (파고≥1.5 또는 풍속≥10)),전복,hol,1.2751220435577129,0.8886356209422464,1.829699584001337,0.1871152748726117,535,535,39.0,0.056957599644015006
S시각_C8_축(특보없음 & (파고≥2 또는 풍속≥12)),전복,nw_or_2.0_12,1.8072575498101109,0.8131431398310971,4.016734190273171,0.14639848399399025,535,535,8.0,0.009281037441993515
S시각_C8_축(특보없음 & (파고≥2 또는 풍속≥12)),전복,w_주의보,1.672359499889881,1.1875089911301733,2.355170628401038,0.0032417827142838807,535,535,63.0,0.0826393744835039
S시각_C8_축(특보없음 & (파고≥2 또는 풍속≥12)),전복,w_경보,6.48517665699417,3.045177210027403,13.811188437221888,1.2524269861202697e-06,535,535,21.0,0.008836056194774648
S시각_C8_축(특보없음 & (파고≥2 또는 풍속≥12)),전복,dow1,1.0026373222363316,0.7160508673553001,1.4039248407787024,0.9877649087541795,535,535,76.0,0.14341109910368063
S시각_C8_축(특보없음 & (파고≥2 또는 풍속≥12)),전복,dow2,0.7386273677393574,0.505156240109426,1.0800032644462465,0.11806437502237888,535,535,55.0,0.14302968660606447
S시각_C8_축(특보없음 & (파고≥2 또는 풍속≥12)),전복,dow3,0.8877314317331343,0.6182748182856784,1.2746226622524812,0.5187682010301362,535,535,66.0,0.1436653741020914
S시각_C8_축(특보없음 & (파고≥2 또는 풍속≥12)),전복,dow4,0.8951296539026101,0.623206365002778,1.2857010812016256,0.5487134537645295,535,535,67.0,0.14334753035407793
S시각_C8_축(특보없음 & (파고≥2 또는 풍속≥12)),전복,dow5,1.3176986530636714,0.9347479997213087,1.8575377971426454,0.11529807801921765,535,535,98.0,0.14074121162036743
S시각_C8_축(특보없음 & (파고≥2 또는 풍속≥12)),전복,dow6,1.2863100282390114,0.9286005212616131,1.781814085674092,0.1299162783887513,535,535,95.0,0.14201258661242133
S시각_C8_축(특보없음 & (파고≥2 또는 풍속≥12)),전복,hol,1.277277100156359,0.8899444304883218,1.8331895056511014,0.18433369616638928,535,535,39.0,0.056957599644015006
S시각_A1_달력,침수,dow1,1.014569904159428,0.830243445971129,1.2398195919776835,0.8875534829188871,1483,1483,202.0,0.14315779841698312
S시각_A1_달력,침수,dow2,0.9707535468329296,0.7879842898627367,1.1959152749769517,0.7803178541859002,1483,1483,194.0,0.14361531774717481
S시각_A1_달력,침수,dow3,1.0537880339758792,0.8572499248486489,1.2953856143490552,0.6188553305335891,1483,1483,209.0,0.1428604108523585
S시각_A1_달력,침수,dow4,0.9518386797315946,0.7649683413320285,1.18435865026203,0.6580223616464007,1483,1483,190.0,0.14372969757972273
S시각_A1_달력,침수,dow5,1.2235737466841627,1.0069318385750294,1.4868262738552422,0.042409369058039825,1483,1483,244.0,0.14219700782358055
S시각_A1_달력,침수,dow6,1.2274434545000092,1.010759138301635,1.4905800767989745,0.038640877451359135,1483,1483,243.0,0.14137347302923547
S시각_A1_달력,침수,hol,1.2337292222453893,0.9616317636128194,1.5828177181916063,0.09848510541596278,1483,1483,89.0,0.04968659925881869
S시각_A2_특보유무(풍랑·태풍),침수,any_warn,1.4006822117709008,1.1618156197883143,1.688659220065304,0.0004120692404347981,1483,1483,179.0,0.09136661023928261
S시각_A2_특보유무(풍랑·태풍),침수,dow1,1.0134868271004847,0.8294816353984799,1.2383101745378196,0.8957297807555953,1483,1483,202.0,0.14315779841698312
S시각_A2_특보유무(풍랑·태풍),침수,dow2,0.974876942630867,0.7911747069229396,1.2012328566083375,0.8112210724932298,1483,1483,194.0,0.14361531774717481
S시각_A2_특보유무(풍랑·태풍),침수,dow3,1.0592665003895794,0.8614790453940607,1.3024640876021967,0.5850581078587684,1483,1483,209.0,0.1428604108523585
S시각_A2_특보유무(풍랑·태풍),침수,dow4,0.9542732420337847,0.7671662432744245,1.1870144554000202,0.6742353890533135,1483,1483,190.0,0.14372969757972273
S시각_A2_특보유무(풍랑·태풍),침수,dow5,1.2281616623532863,1.0105939122672114,1.4925689246340483,0.03883480319019772,1483,1483,244.0,0.14219700782358055
S시각_A2_특보유무(풍랑·태풍),침수,dow6,1.235820589079731,1.0173716191284508,1.5011746933747976,0.03288033752188535,1483,1483,243.0,0.14137347302923547
S시각_A2_특보유무(풍랑·태풍),침수,hol,1.2350113780162748,0.9631629014618571,1.5835878868617954,0.09609210552731251,1483,1483,89.0,0.04968659925881869
S시각_A3_특보종류·수준,침수,wv_주의보,1.3258618144177023,1.0817045469357653,1.6251291130381014,0.0066007260459612915,1483,1483,149.0,0.0803861463146818
S시각_A3_특보종류·수준,침수,wv_경보,2.8494644670085223,1.7229314752409335,4.712577293655132,4.514633093899434e-05,1483,1483,19.0,0.004941208766070367
S시각_A3_특보종류·수준,침수,ty_주의보,8.95596294950807e-11,4.894617835565969e-11,1.6387239013868099e-10,0.0,1483,1483,0.0,0.0018987052202955575
S시각_A3_특보종류·수준,침수,ty_경보,2.2371676488562597,1.1380245380362866,4.397900855218168,0.019547496663961494,1483,1483,16.0,0.005284348263714142
S시각_A3_특보종류·수준,침수,dow1,1.0166345503544714,0.8322007934566886,1.2419428305053983,0.8716737737201556,1483,1483,202.0,0.14315779841698312
S시각_A3_특보종류·수준,침수,dow2,0.9758648933708891,0.791550677513726,1.2030970564070589,0.8190605432849574,1483,1483,194.0,0.14361531774717481
S시각_A3_특보종류·수준,침수,dow3,1.0539286143490996,0.8579153632726129,1.2947262302270417,0.6168657569526201,1483,1483,209.0,0.1428604108523585
S시각_A3_특보종류·수준,침수,dow4,0.9521575443037164,0.7650337417486816,1.1850509849437578,0.6605598447320011,1483,1483,190.0,0.14372969757972273
S시각_A3_특보종류·수준,침수,dow5,1.2241298822461244,1.0071880469623462,1.4877995952467176,0.04215714050653485,1483,1483,244.0,0.14219700782358055
S시각_A3_특보종류·수준,침수,dow6,1.2313483855001206,1.0132841318849866,1.4963412519380621,0.036375713345598415,1483,1483,243.0,0.14137347302923547
S시각_A3_특보종류·수준,침수,hol,1.234313973104668,0.9623888995072993,1.5830720667927607,0.09730654484841184,1483,1483,89.0,0.04968659925881869
S시각_A3b_특보최고수준,침수,warn_주의보,1.2685537016900383,1.0311995079125897,1.5605404014679822,0.02440558485275579,1483,1483,144.0,0.08116392917600769
S시각_A3b_특보최고수준,침수,warn_경보,2.6680852742441328,1.7718228667786957,4.0177148427826035,2.6168331150877577e-06,1483,1483,35.0,0.010202681063274923
S시각_A3b_특보최고수준,침수,dow1,1.0168621357092678,0.8325065134208769,1.2420426583695283,0.8698556381944509,1483,1483,202.0,0.14315779841698312
S시각_A3b_특보최고수준,침수,dow2,0.973387614019356,0.7896742096404911,1.1998409414404558,0.8004568836408912,1483,1483,194.0,0.14361531774717481
S시각_A3b_특보최고수준,침수,dow3,1.0553325007636032,0.8588911947149798,1.2967028816002093,0.6083063382271177,1483,1483,209.0,0.1428604108523585
S시각_A3b_특보최고수준,침수,dow4,0.9511887668716841,0.7645636007858934,1.1833679621850608,0.6533692686202146,1483,1483,190.0,0.14372969757972273
S시각_A3b_특보최고수준,침수,dow5,1.22335161546969,1.006805207929528,1.4864734144055547,0.042536258897659884,1483,1483,244.0,0.14219700782358055
S시각_A3b_특보최고수준,침수,dow6,1.2300852853037774,1.01253801610021,1.4943733322217545,0.037025574503789516,1483,1483,243.0,0.14137347302923547
S시각_A3b_특보최고수준,침수,hol,1.2392463926787027,0.9660715763219356,1.5896665002960475,0.0913498481873849,1483,1483,89.0,0.04968659925881869
S시각_B1_특보없는때_파고,침수,wh[0-0.5],1.0725073979340047,0.9184232751653952,1.252442255904307,0.37637071089310314,1285,1285,799.0,0.6067266407687589
S시각_B1_특보없는때_파고,침수,wh[1-1.5],0.9347641667078193,0.747093653136921,1.169577660969399,0.5551835169081918,1285,1285,121.0,0.09675935391535473
S시각_B1_특보없는때_파고,침수,wh[1.5-2],0.6571666732697112,0.43443504349961115,0.9940911602743805,0.04680454980028248,1285,1285,25.0,0.02811286035575547
S시각_B1_특보없는때_파고,침수,wh[2-2.5],0.15598710096694787,0.021447972630348137,1.1344650651802815,0.0664503071414333,1285,1285,1.0,0.004702514823144551
S시각_B1_특보없는때_파고,침수,wh[2.5-3],2.3031101772786214e-10,1.4105934784555996e-10,3.760343833782529e-10,0.0,1285,1285,0.0,0.0006644857902269475
S시각_B1_특보없는때_파고,침수,wh[3-4],2.179677427342164e-10,6.597576649566017e-11,7.20111934975014e-10,0.0,1285,1285,0.0,0.0001533428746677571
S시각_B1_특보없는때_파고,침수,wh[4+],1.9550214576165042e-10,2.7670027946703603e-11,1.381317325411772e-09,0.0,1285,1285,0.0,5.1114291555919034e-05
S시각_B1_특보없는때_파고,침수,dow1,0.9308404399720559,0.7487813710968436,1.157165439917584,0.5186599184309113,1285,1285,164.0,0.14232774483745655
S시각_B1_특보없는때_파고,침수,dow2,0.9229708227654377,0.7396754483089458,1.1516877322667332,0.47791462386483974,1285,1285,166.0,0.14421897362502556
S시각_B1_특보없는때_파고,침수,dow3,1.0231251903801242,0.8223407096633594,1.2729336428192717,0.8374846586892495,1285,1285,185.0,0.1439889593130239
S시각_B1_특보없는때_파고,침수,dow4,0.8764953852461749,0.6940034101530842,1.1069746187390928,0.2684040954333762,1285,1285,157.0,0.1436822735636884
S시각_B1_특보없는때_파고,침수,dow5,1.2137245334683509,0.9888994227671174,1.4896633663926029,0.0638537862445192,1285,1285,216.0,0.14145880188100593
S시각_B1_특보없는때_파고,침수,dow6,1.2302799493483378,0.9998961544149899,1.5137459496022418,0.050110641850490856,1285,1285,220.0,0.1423533019832345
S시각_B1_특보없는때_파고,침수,hol,1.0624493704392484,0.807984883030629,1.3970541880843148,0.664536509016679,1285,1285,68.0,0.04996421999591086
S시각_B2_특보없는때_풍속,침수,ws[0-4],0.9664829841784105,0.8328942409484683,1.1214981600097274,0.6532977876367154,1285,1285,566.0,0.4381005929257821
S시각_B2_특보없는때_풍속,침수,ws[6-8],0.9188610336685333,0.7740816173417125,1.0907190925084236,0.3333794118112414,1285,1285,211.0,0.1714628910243304
S시각_B2_특보없는때_풍속,침수,ws[8-10],0.9188322481096448,0.7330938847717611,1.1516297130606548,0.4625216672329868,1285,1285,106.0,0.08502862400327131
S시각_B2_특보없는때_풍속,침수,ws[10-12],0.6787034474968114,0.46051425354931214,1.0002695162935529,0.05015517853766105,1285,1285,29.0,0.030924146391331016
S시각_B2_특보없는때_풍속,침수,ws[12-14],1.803203052407424,1.0150128089602533,3.2034484880463987,0.04434410053456084,1285,1285,16.0,0.006465957881823758
S시각_B2_특보없는때_풍속,침수,ws[14-17],6.72517220763788e-10,4.193826998934622e-10,1.0784407948605038e-09,0.0,1285,1285,0.0,0.0007156000817828664
S시각_B2_특보없는때_풍속,침수,ws[17+],6.716519865118635e-10,9.4210606226803e-11,4.7883822114392625e-09,0.0,1285,1285,0.0,2.5557145777959517e-05
S시각_B2_특보없는때_풍속,침수,dow1,0.9294800701009003,0.7472531611299718,1.1561452606080154,0.5112893129593314,1285,1285,164.0,0.14232774483745655
S시각_B2_특보없는때_풍속,침수,dow2,0.9209144853268396,0.7374898196520548,1.149959588167496,0.46721729827503733,1285,1285,166.0,0.14421897362502556
S시각_B2_특보없는때_풍속,침수,dow3,1.027736446058302,0.8256347363458166,1.2793093072020927,0.8065357052644644,1285,1285,185.0,0.1439889593130239
S시각_B2_특보없는때_풍속,침수,dow4,0.8789462580381996,0.6956663964193165,1.110512924723328,0.2794952994242379,1285,1285,157.0,0.1436822735636884
S시각_B2_특보없는때_풍속,침수,dow5,1.2155721812027416,0.9900190508978046,1.4925124181943832,0.06229251257888091,1285,1285,216.0,0.14145880188100593
S시각_B2_특보없는때_풍속,침수,dow6,1.2311108094385654,1.0003042252919567,1.5151728712073718,0.0496610897208658,1285,1285,220.0,0.1423533019832345
S시각_B2_특보없는때_풍속,침수,hol,1.0673198463383367,0.8119557879983279,1.402997147413692,0.640527362087661,1285,1285,68.0,0.04996421999591086
S시각_B3_특보없는때_파고+풍속,침수,wh[0-0.5],1.0973692598933373,0.9234368920637851,1.3040623597651015,0.2912795411823965,1285,1285,799.0,0.6067266407687589
S시각_B3_특보없는때_파고+풍속,침수,wh[1-1.5],0.8986803997419668,0.7114575581584321,1.1351716650124244,0.3701009046219572,1285,1285,121.0,0.09675935391535473
S시각_B3_특보없는때_파고+풍속,침수,wh[1.5-2],0.5955380323263539,0.37790470756317207,0.9385052391490997,0.0255158648832976,1285,1285,25.0,0.02811286035575547
S시각_B3_특보없는때_파고+풍속,침수,wh[2-2.5],0.12265258611359683,0.017205308256408716,0.8743613689542444,0.03626188030633548,1285,1285,1.0,0.004702514823144551
S시각_B3_특보없는때_파고+풍속,침수,wh[2.5-3],6.237714309005961e-11,3.311199666222444e-11,1.175075009752185e-10,0.0,1285,1285,0.0,0.0006644857902269475
S시각_B3_특보없는때_파고+풍속,침수,wh[3-4],1.0172185718869568e-10,2.46904736864909e-11,4.190821270301842e-10,0.0,1285,1285,0.0,0.0001533428746677571
S시각_B3_특보없는때_파고+풍속,침수,wh[4+],1.9922965034125746e-10,2.7075487847034115e-11,1.4659921844934614e-09,0.0,1285,1285,0.0,5.1114291555919034e-05
S시각_B3_특보없는때_파고+풍속,침수,ws[0-4],0.9496608648188003,0.8178585988722714,1.102703767389549,0.49806463443724436,1285,1285,566.0,0.4381005929257821
S시각_B3_특보없는때_파고+풍속,침수,ws[6-8],0.9567534105529052,0.8008485284551601,1.143009016162372,0.6261538520408696,1285,1285,211.0,0.1714628910243304
S시각_B3_특보없는때_파고+풍속,침수,ws[8-10],1.0338107532073124,0.8059606772458701,1.3260754570548712,0.7934988157186704,1285,1285,106.0,0.08502862400327131
S시각_B3_특보없는때_파고+풍속,침수,ws[10-12],0.867718754996674,0.5661266901308205,1.3299776373358931,0.5149099018553911,1285,1285,29.0,0.030924146391331016
S시각_B3_특보없는때_파고+풍속,침수,ws[12-14],2.7590097295722398,1.4741638541877362,5.163696468509987,0.0015056351106221832,1285,1285,16.0,0.006465957881823758
S시각_B3_특보없는때_파고+풍속,침수,ws[14-17],1.8447386352733444e-10,1.0473334257287834e-10,3.249261934041829e-10,0.0,1285,1285,0.0,0.0007156000817828664
S시각_B3_특보없는때_파고+풍속,침수,ws[17+],1.6538264890881574e-10,2.1697723605126692e-11,1.2605663643735457e-09,0.0,1285,1285,0.0,2.5557145777959517e-05
S시각_B3_특보없는때_파고+풍속,침수,dow1,0.9299237837080212,0.7478703123464168,1.1562943858443773,0.5133773247767481,1285,1285,164.0,0.14232774483745655
S시각_B3_특보없는때_파고+풍속,침수,dow2,0.9179010005847114,0.735120806922859,1.1461276009873949,0.449564160275004,1285,1285,166.0,0.14421897362502556
S시각_B3_특보없는때_파고+풍속,침수,dow3,1.0219732017012608,0.8213758877045714,1.2715606102271912,0.8454225512373796,1285,1285,185.0,0.1439889593130239
S시각_B3_특보없는때_파고+풍속,침수,dow4,0.8752917831338699,0.6930210159496119,1.105501403261014,0.2635332858989141,1285,1285,157.0,0.1436822735636884
S시각_B3_특보없는때_파고+풍속,침수,dow5,1.2136684281090302,0.9887759112891671,1.4897117097726995,0.06401924843055662,1285,1285,216.0,0.14145880188100593
S시각_B3_특보없는때_파고+풍속,침수,dow6,1.2280267303044872,0.9978856684800572,1.5112449231176308,0.05237850320870496,1285,1285,220.0,0.1423533019832345
S시각_B3_특보없는때_파고+풍속,침수,hol,1.0630063870790833,0.8084859160156448,1.3976527686959241,0.6617026066795983,1285,1285,68.0,0.04996421999591086
S시각_B4_특보없는때_파고연속(1m당),침수,wh_per1m,0.764226508359655,0.6392325823181586,0.9136614312768254,0.0031680375519036463,1285,1285,,
S시각_B4_특보없는때_파고연속(1m당),침수,dow1,0.9331554665439886,0.7505021400006444,1.1602620143630524,0.5336106233513793,1285,1285,164.0,0.14232774483745655
S시각_B4_특보없는때_파고연속(1m당),침수,dow2,0.9250618584479311,0.7412250814444643,1.154493369662445,0.4907628322220028,1285,1285,166.0,0.14421897362502556
S시각_B4_특보없는때_파고연속(1m당),침수,dow3,1.0240737898933845,0.8231225231502549,1.2740838668013978,0.8309764713125125,1285,1285,185.0,0.1439889593130239
S시각_B4_특보없는때_파고연속(1m당),침수,dow4,0.877097527442525,0.6943811353463718,1.107893105797075,0.2711982697201649,1285,1285,157.0,0.1436822735636884
S시각_B4_특보없는때_파고연속(1m당),침수,dow5,1.2175902071868099,0.991960504894854,1.4945412698607023,0.05972700639626405,1285,1285,216.0,0.14145880188100593
S시각_B4_특보없는때_파고연속(1m당),침수,dow6,1.2355298912667851,1.004096724857479,1.520305837498264,0.04564794854289955,1285,1285,220.0,0.1423533019832345
S시각_B4_특보없는때_파고연속(1m당),침수,hol,1.06827731622949,0.8125154968457166,1.4045472717761347,0.6361922311029524,1285,1285,68.0,0.04996421999591086
S시각_B5_특보없는때_풍속연속(1m/s당),침수,ws_per1ms,0.9898703527381179,0.9651704350878187,1.0152023721496732,0.42969828113038333,1285,1285,,
S시각_B5_특보없는때_풍속연속(1m/s당),침수,dow1,0.930763957359416,0.7484219308528499,1.1575309442524762,0.5189446464260792,1285,1285,164.0,0.14232774483745655
S시각_B5_특보없는때_풍속연속(1m/s당),침수,dow2,0.9260080748523374,0.7419010229755731,1.1558023619546414,0.49668695345223757,1285,1285,166.0,0.14421897362502556
S시각_B5_특보없는때_풍속연속(1m/s당),침수,dow3,1.0284661855623056,0.8263037771464407,1.2800893861309577,0.8015309453392476,1285,1285,185.0,0.1439889593130239
S시각_B5_특보없는때_풍속연속(1m/s당),침수,dow4,0.8794891446915705,0.696142869972169,1.1111241513702983,0.28166433413484215,1285,1285,157.0,0.1436822735636884
S시각_B5_특보없는때_풍속연속(1m/s당),침수,dow5,1.215579385714464,0.9900300311490526,1.4925135566433039,0.062277984298434674,1285,1285,216.0,0.14145880188100593
S시각_B5_특보없는때_풍속연속(1m/s당),침수,dow6,1.233218923687016,1.0021084874956623,1.5176290119450215,0.04771552080906982,1285,1285,220.0,0.1423533019832345
S시각_B5_특보없는때_풍속연속(1m/s당),침수,hol,1.066772421487153,0.8115194959958499,1.4023118419959484,0.6431901383335339,1285,1285,68.0,0.04996421999591086
S시각_C1_특보있는때만_파고,침수,wh[2-3],1.5478228114639108,0.9013577023871492,2.6579408478378164,0.11329811667798007,174,174,39.0,0.2448512585812357
S시각_C1_특보있는때만_파고,침수,wh[3-4],1.7355086382385996,0.7915073279561476,3.805385151870222,0.16873154549381653,174,174,13.0,0.07500635647088737
S시각_C1_특보있는때만_파고,침수,wh[4+],9.546108853014504,3.623230787546915,25.15108740707617,5.004827793309019e-06,174,174,13.0,0.01474701245868294
S시각_C1_특보있는때만_파고,침수,dow1,2.191962096686562,1.046145062818983,4.592764430167671,0.03756803720433055,174,174,33.0,0.1573862191711162
S시각_C1_특보있는때만_파고,침수,dow2,1.628328404257208,0.7284810799228368,3.6397011057468722,0.2348134073819801,174,174,21.0,0.14263920671243327
S시각_C1_특보있는때만_파고,침수,dow3,2.2858365749399288,1.0446533193144472,5.001706069112036,0.03851366619118002,174,174,24.0,0.13628273582506992
S시각_C1_특보있는때만_파고,침수,dow4,2.3519359961036064,1.0944358514480095,5.054296167700642,0.028437271551937204,174,174,31.0,0.14492753623188406
S시각_C1_특보있는때만_파고,침수,dow5,1.9561720776532818,0.8833837161947518,4.331763340481068,0.09806770715257818,174,174,23.0,0.14035087719298245
S시각_C1_특보있는때만_파고,침수,dow6,2.1760722189135273,0.9692094689721397,4.885724349091517,0.059536476452565434,174,174,23.0,0.12356979405034325
S시각_C1_특보있는때만_파고,침수,hol,3.80254103850797,1.292295148039862,11.188866855585577,0.015279820552029477,174,174,21.0,0.04729214340198322
S시각_C2_특보있는때만_풍속,침수,ws[10-14],1.3378223442022164,0.8344183471809741,2.1449296155739215,0.22689098416823317,174,174,68.0,0.40274599542334094
S시각_C2_특보있는때만_풍속,침수,ws[14-17],3.1121868815437352,1.6000610797318777,6.053335905949263,0.0008234332779053499,174,174,28.0,0.08924485125858124
S시각_C2_특보있는때만_풍속,침수,ws[17+],9.20069928069007,2.9993579548654363,28.22366270633698,0.00010416237678856355,174,174,13.0,0.016018306636155607
S시각_C2_특보있는때만_풍속,침수,dow1,2.091768041395852,0.9922740651284808,4.409561524152599,0.052426366071443686,174,174,33.0,0.1573862191711162
S시각_C2_특보있는때만_풍속,침수,dow2,1.464730477019598,0.6673668018672204,3.214776887773503,0.34127694361592775,174,174,21.0,0.14263920671243327
S시각_C2_특보있는때만_풍속,침수,dow3,2.0712771900545697,0.9421312511384851,4.553706495624709,0.0700344752445039,174,174,24.0,0.13628273582506992
S시각_C2_특보있는때만_풍속,침수,dow4,2.4701168414709134,1.1191611944423152,5.451830568123516,0.02517438326838528,174,174,31.0,0.14492753623188406
S시각_C2_특보있는때만_풍속,침수,dow5,2.0776385368021644,0.9073248605237517,4.757482217685184,0.08364479532775881,174,174,23.0,0.14035087719298245
S시각_C2_특보있는때만_풍속,침수,dow6,2.527509771381349,1.1008358626361587,5.80314092341632,0.028775710569035606,174,174,23.0,0.12356979405034325
S시각_C2_특보있는때만_풍속,침수,hol,4.309237618499146,1.4314020673352563,12.972964952648011,0.00938134273807334,174,174,21.0,0.04729214340198322
S시각_C3_축(특보없음 파고구간 vs 특보),침수,nw_wh_1.5-2,0.6757411027519319,0.4514601696640777,1.0114425781750869,0.05681790365117645,1459,1459,25.0,0.025545156870486054
S시각_C3_축(특보없음 파고구간 vs 특보),침수,nw_wh_2-3,0.1421050079355406,0.019885782481973598,1.0154910071386782,0.05181361952958863,1459,1459,1.0,0.00487680267527461
S시각_C3_축(특보없음 파고구간 vs 특보),침수,nw_wh_3+,1.6663599110497508e-09,6.48420934991443e-10,4.282334519613216e-09,0.0,1459,1459,0.0,0.0001857829590580804
S시각_C3_축(특보없음 파고구간 vs 특보),침수,w_주의보,1.2283303812672386,0.9941876033495239,1.5176165146908158,0.05665347828277989,1459,1459,140.0,0.08104781588908758
S시각_C3_축(특보없음 파고구간 vs 특보),침수,w_경보,2.5423414171098413,1.6798551832164617,3.8476530273140854,1.017232290156933e-05,1459,1459,34.0,0.010287731357841202
S시각_C3_축(특보없음 파고구간 vs 특보),침수,dow1,1.0147100799492932,0.830126303500331,1.2403372137578466,0.8866435601483842,1459,1459,197.0,0.1437031188314252
S시각_C3_축(특보없음 파고구간 vs 특보),침수,dow2,0.9565973145360319,0.7763157467123608,1.1787451511228992,0.6770590970227572,1459,1459,187.0,0.14407468474954135
S시각_C3_축(특보없음 파고구간 vs 특보),침수,dow3,1.0750941091552157,0.8754248192397148,1.3203045174616532,0.4897147601582845,1459,1459,209.0,0.1432851071735445
S시각_C3_축(특보없음 파고구간 vs 특보),침수,dow4,0.9627073927633623,0.7739265338744252,1.1975368248992109,0.7328954417550098,1459,1459,188.0,0.14379601031095424
S시각_C3_축(특보없음 파고구간 vs 특보),침수,dow5,1.2351223818420034,1.0167272377870533,1.5004292610940901,0.0334119092931624,1459,1459,239.0,0.14135760897331692
S시각_C3_축(특보없음 파고구간 vs 특보),침수,dow6,1.262437176842659,1.0394797772904907,1.5332165764963006,0.018746001637741205,1459,1459,243.0,0.14063770000696685
S시각_C3_축(특보없음 파고구간 vs 특보),침수,hol,1.2588513198488998,0.9811419812538391,1.6151654661236279,0.07025162892566916,1459,1459,89.0,0.049720164417918766
S시각_C4_축(특보없음 풍속구간 vs 특보),침수,nw_ws_10-12,0.7284338411211835,0.5005562895587823,1.0600523296955782,0.0978568842400902,1459,1459,29.0,0.02809967255753466
S시각_C4_축(특보없음 풍속구간 vs 특보),침수,nw_ws_12-14,1.9282588290570206,1.094571342743401,3.396929890853172,0.023039653161887275,1459,1459,16.0,0.005875386080211793
S시각_C4_축(특보없음 풍속구간 vs 특보),침수,nw_ws_14+,2.76062701446759e-10,1.7901031875713832e-10,4.2573308432279067e-10,0.0,1459,1459,0.0,0.0006734632265855415
S시각_C4_축(특보없음 풍속구간 vs 특보),침수,w_주의보,1.2497212265955864,1.0124703659382475,1.5425667720716623,0.03795126966999862,1459,1459,140.0,0.08104781588908758
S시각_C4_축(특보없음 풍속구간 vs 특보),침수,w_경보,2.588950024638493,1.7080983644261016,3.9240493227260123,7.351650805009768e-06,1459,1459,34.0,0.010287731357841202
S시각_C4_축(특보없음 풍속구간 vs 특보),침수,dow1,1.0125713983027251,0.8281360395364402,1.2380826189313794,0.9030735043952867,1459,1459,197.0,0.1437031188314252
S시각_C4_축(특보없음 풍속구간 vs 특보),침수,dow2,0.9558970618685584,0.77553288159705,1.1782081902282273,0.6724465020130281,1459,1459,187.0,0.14407468474954135
S시각_C4_축(특보없음 풍속구간 vs 특보),침수,dow3,1.077775961725713,0.8773172328566419,1.3240376230744773,0.4756122500665141,1459,1459,209.0,0.1432851071735445
S시각_C4_축(특보없음 풍속구간 vs 특보),침수,dow4,0.9643686080141723,0.7751507849459293,1.1997753600779302,0.7447414124423175,1459,1459,188.0,0.14379601031095424
S시각_C4_축(특보없음 풍속구간 vs 특보),침수,dow5,1.2362495580044306,1.0173288392382018,1.5022801976306737,0.0329434268260036,1459,1459,239.0,0.14135760897331692
S시각_C4_축(특보없음 풍속구간 vs 특보),침수,dow6,1.2656100542929507,1.0418606244886734,1.5374117918253465,0.017637268792570993,1459,1459,243.0,0.14063770000696685
S시각_C4_축(특보없음 풍속구간 vs 특보),침수,hol,1.2634537793401515,0.9846752254564073,1.6211593541301936,0.06597698273263952,1459,1459,89.0,0.049720164417918766
"S시각_C5_축세분(파고, 기준: 특보없음·1m미만)",침수,nw_wh_1.0-1.5,0.9423862729012911,0.7627805580943354,1.164282280045939,0.5822811301115514,1459,1459,121.0,0.08792178537423655
"S시각_C5_축세분(파고, 기준: 특보없음·1m미만)",침수,nw_wh_1.5-2.0,0.6659695620154457,0.4431399610808794,1.000847354071272,0.050474026153627616,1459,1459,25.0,0.025545156870486054
"S시각_C5_축세분(파고, 기준: 특보없음·1m미만)",침수,nw_wh_2.0-2.5,0.16135893515120364,0.02243776520595148,1.1603965775622016,0.0699537843475142,1459,1459,1.0,0.004273008058335849
"S시각_C5_축세분(파고, 기준: 특보없음·1m미만)",침수,nw_wh_2.5-99,2.3372157884482165e-10,1.3561595121736082e-10,4.027975760031632e-10,0.0,1459,1459,0.0,0.0007895775759968417
"S시각_C5_축세분(파고, 기준: 특보없음·1m미만)",침수,w_주의보,1.2176026750554598,0.9805511783683386,1.5119621565997423,0.07471453827455998,1459,1459,140.0,0.08104781588908758
"S시각_C5_축세분(파고, 기준: 특보없음·1m미만)",침수,w_경보,2.5226769699423355,1.6652283353145096,3.8216375254481254,1.2630047081518825e-05,1459,1459,34.0,0.010287731357841202
"S시각_C5_축세분(파고, 기준: 특보없음·1m미만)",침수,dow1,1.0152261455193434,0.8305436057719299,1.2409753315578382,0.8827281160658313,1459,1459,197.0,0.1437031188314252
"S시각_C5_축세분(파고, 기준: 특보없음·1m미만)",침수,dow2,0.9564606892432674,0.7762286604303078,1.1785406758371575,0.6760337151358615,1459,1459,187.0,0.14407468474954135
"S시각_C5_축세분(파고, 기준: 특보없음·1m미만)",침수,dow3,1.0743726115796353,0.874921600990899,1.3192913595974327,0.49354634242411155,1459,1459,209.0,0.1432851071735445
"S시각_C5_축세분(파고, 기준: 특보없음·1m미만)",침수,dow4,0.9622132879780445,0.7735651874426025,1.1968666979732931,0.7293728482794879,1459,1459,188.0,0.14379601031095424
"S시각_C5_축세분(파고, 기준: 특보없음·1m미만)",침수,dow5,1.234686985115481,1.0164497241327148,1.499780968029967,0.03363538323307136,1459,1459,239.0,0.14135760897331692
"S시각_C5_축세분(파고, 기준: 특보없음·1m미만)",침수,dow6,1.2628181876231788,1.0397458609399326,1.5337495775652992,0.018620998703300362,1459,1459,243.0,0.14063770000696685
"S시각_C5_축세분(파고, 기준: 특보없음·1m미만)",침수,hol,1.259030612118868,0.9813025828634414,1.6153611637573797,0.07005431835161247,1459,1459,89.0,0.049720164417918766
"S시각_C6_축세분(풍속, 기준: 특보없음·8m/s미만)",침수,nw_ws_8-10,0.9650168682153395,0.7856795224677152,1.185289331476001,0.7342515591954526,1459,1459,106.0,0.07726248809827918
"S시각_C6_축세분(풍속, 기준: 특보없음·8m/s미만)",침수,nw_ws_10-12,0.725247207341681,0.4973632960280982,1.057543883831734,0.09506352054893208,1459,1459,29.0,0.02809967255753466
"S시각_C6_축세분(풍속, 기준: 특보없음·8m/s미만)",침수,nw_ws_12-14,1.9190911070034418,1.0882184326915312,3.3843487358237594,0.02431696462047883,1459,1459,16.0,0.005875386080211793
"S시각_C6_축세분(풍속, 기준: 특보없음·8m/s미만)",침수,nw_ws_14-99,2.7452997182158024e-10,1.7784486764513098e-10,4.237777925576309e-10,0.0,1459,1459,0.0,0.0006734632265855415
"S시각_C6_축세분(풍속, 기준: 특보없음·8m/s미만)",침수,w_주의보,1.2453797283824102,1.0079014964317907,1.5388117522958826,0.04206137937014631,1459,1459,140.0,0.08104781588908758
"S시각_C6_축세분(풍속, 기준: 특보없음·8m/s미만)",침수,w_경보,2.579210873798239,1.7007276619169478,3.9114603004816244,8.21417558771742e-06,1459,1459,34.0,0.010287731357841202
"S시각_C6_축세분(풍속, 기준: 특보없음·8m/s미만)",침수,dow1,1.0126472904972255,0.8282083179350018,1.238160149741276,0.9024889772567455,1459,1459,197.0,0.1437031188314252
"S시각_C6_축세분(풍속, 기준: 특보없음·8m/s미만)",침수,dow2,0.955605444148919,0.7752343174257084,1.1779429062421043,0.6704794401581027,1459,1459,187.0,0.14407468474954135
"S시각_C6_축세분(풍속, 기준: 특보없음·8m/s미만)",침수,dow3,1.0774036358125676,0.8769897739779441,1.3236170237160982,0.47770995119583315,1459,1459,209.0,0.1432851071735445
"S시각_C6_축세분(풍속, 기준: 특보없음·8m/s미만)",침수,dow4,0.9641296207436928,0.7749108395255209,1.199552100941754,0.7431290974679208,1459,1459,188.0,0.14379601031095424
"S시각_C6_축세분(풍속, 기준: 특보없음·8m/s미만)",침수,dow5,1.2364376097462721,1.0174971309799479,1.5024887208504598,0.032806172071017325,1459,1459,239.0,0.14135760897331692
"S시각_C6_축세분(풍속, 기준: 특보없음·8m/s미만)",침수,dow6,1.2657038609917357,1.0419427236966905,1.5375185480883793,0.017598920070335033,1459,1459,243.0,0.14063770000696685
"S시각_C6_축세분(풍속, 기준: 특보없음·8m/s미만)",침수,hol,1.263125681554255,0.9844764973559159,1.6206445676326677,0.06621513248371258,1459,1459,89.0,0.049720164417918766
S시각_C7_축(특보없음 & (파고≥1.5 또는 풍속≥10)),침수,nw_or_1.5_10,0.8383160927096902,0.6463771741697014,1.087250446612358,0.18370880753572294,1459,1459,65.0,0.054457629873899814
S시각_C7_축(특보없음 & (파고≥1.5 또는 풍속≥10)),침수,w_주의보,1.23905649049646,1.0029574051175822,1.530733986117204,0.046880351825044464,1459,1459,140.0,0.08104781588908758
S시각_C7_축(특보없음 & (파고≥1.5 또는 풍속≥10)),침수,w_경보,2.5707754897651642,1.6971256116913593,3.894164682477975,8.331886751644646e-06,1459,1459,34.0,0.010287731357841202
S시각_C7_축(특보없음 & (파고≥1.5 또는 풍속≥10)),침수,dow1,1.0145455710267361,0.8299570319461271,1.2401879568107315,0.887916978048443,1459,1459,197.0,0.1437031188314252
S시각_C7_축(특보없음 & (파고≥1.5 또는 풍속≥10)),침수,dow2,0.958578413192964,0.7779460333009004,1.1811520785582972,0.6912814108771115,1459,1459,187.0,0.14407468474954135
S시각_C7_축(특보없음 & (파고≥1.5 또는 풍속≥10)),침수,dow3,1.0775555211698147,0.8773292347497418,1.3234779546982292,0.4763505904916232,1459,1459,209.0,0.1432851071735445
S시각_C7_축(특보없음 & (파고≥1.5 또는 풍속≥10)),침수,dow4,0.9645676986769852,0.7753875892286165,1.1999042262935906,0.7460323654918277,1459,1459,188.0,0.14379601031095424
S시각_C7_축(특보없음 & (파고≥1.5 또는 풍속≥10)),침수,dow5,1.2359841082984304,1.0172389911301531,1.5017677549589787,0.03300721952156005,1459,1459,239.0,0.14135760897331692
S시각_C7_축(특보없음 & (파고≥1.5 또는 풍속≥10)),침수,dow6,1.2668604737662517,1.0430556430946745,1.5386863305101526,0.017077142529856815,1459,1459,243.0,0.14063770000696685
S시각_C7_축(특보없음 & (파고≥1.5 또는 풍속≥10)),침수,hol,1.2614101673085403,0.9831563180394067,1.6184156893406478,0.06778964901012952,1459,1459,89.0,0.049720164417918766
S시각_C8_축(특보없음 & (파고≥2 또는 풍속≥12)),침수,nw_or_2.0_12,1.101232920042663,0.6265645487185701,1.9354972231765968,0.7375104313631957,1459,1459,16.0,0.010543182926546062
S시각_C8_축(특보없음 & (파고≥2 또는 풍속≥12)),침수,w_주의보,1.2562086608183343,1.0178379462133216,1.5504041732634106,0.033612269162610175,1459,1459,140.0,0.08104781588908758
S시각_C8_축(특보없음 & (파고≥2 또는 풍속≥12)),침수,w_경보,2.605319751346853,1.7185077999991722,3.949758625920288,6.4679534639289216e-06,1459,1459,34.0,0.010287731357841202
S시각_C8_축(특보없음 & (파고≥2 또는 풍속≥12)),침수,dow1,1.0137939027092586,0.8292179093035729,1.239454750843068,0.8937132576778382,1459,1459,197.0,0.1437031188314252
S시각_C8_축(특보없음 & (파고≥2 또는 풍속≥12)),침수,dow2,0.9595014688535832,0.7786336580306541,1.1823828307919602,0.698064172520299,1459,1459,187.0,0.14407468474954135
S시각_C8_축(특보없음 & (파고≥2 또는 풍속≥12)),침수,dow3,1.078934269768522,0.8784419717337933,1.3251861772762692,0.46885896830940177,1459,1459,209.0,0.1432851071735445
S시각_C8_축(특보없음 & (파고≥2 또는 풍속≥12)),침수,dow4,0.9645597606233505,0.7753165380830711,1.1999944359681518,0.7460700949414525,1459,1459,188.0,0.14379601031095424
S시각_C8_축(특보없음 & (파고≥2 또는 풍속≥12)),침수,dow5,1.2365335886278848,1.0176031593863102,1.502565417276283,0.03271861446401214,1459,1459,239.0,0.14135760897331692
S시각_C8_축(특보없음 & (파고≥2 또는 풍속≥12)),침수,dow6,1.2672532637204823,1.0433165743274602,1.5392555566803157,0.016966494250715503,1459,1459,243.0,0.14063770000696685
S시각_C8_축(특보없음 & (파고≥2 또는 풍속≥12)),침수,hol,1.26270020602871,0.9843376654362325,1.6197813680108906,0.06639348419471203,1459,1459,89.0,0.049720164417918766
S시각_A1_달력,침몰,dow1,1.3602940904984897,0.7469281120862769,2.4773468593606442,0.3144078467839202,204,204,29.0,0.14219114219114218
S시각_A1_달력,침몰,dow2,1.3005668611226033,0.708781316291958,2.386454215666087,0.396121285992896,204,204,28.0,0.14385614385614387
S시각_A1_달력,침몰,dow3,1.3324164558339895,0.7409755959662797,2.3959407319779014,0.33774346974318314,204,204,29.0,0.14552114552114553
S시각_A1_달력,침몰,dow4,1.474611460351218,0.8127762918685386,2.6753720313373255,0.20127518789079457,204,204,32.0,0.1445221445221445
S시각_A1_달력,침몰,dow5,1.4959345551995087,0.8238622924892393,2.7162551482706445,0.18571346510670717,204,204,32.0,0.14202464202464202
S시각_A1_달력,침몰,dow6,1.5531886998632298,0.8696793217875491,2.7738904179351587,0.1367255152122735,204,204,33.0,0.14102564102564102
S시각_A1_달력,침몰,hol,1.0820328620479875,0.5049207401473311,2.31877009886766,0.8393362540610627,204,204,11.0,0.05111555111555111
S시각_A2_특보유무(풍랑·태풍),침몰,any_warn,1.314083699234511,0.7802189543755178,2.21324534466865,0.3044586770602451,204,204,26.0,0.1023976023976024
S시각_A2_특보유무(풍랑·태풍),침몰,dow1,1.3614524941704997,0.7478069574125846,2.4786515764661723,0.3128088313588586,204,204,29.0,0.14219114219114218
S시각_A2_특보유무(풍랑·태풍),침몰,dow2,1.3040084002784007,0.7112982767491046,2.3906115951359563,0.390683990829531,204,204,28.0,0.14385614385614387
S시각_A2_특보유무(풍랑·태풍),침몰,dow3,1.3434956941759952,0.7483376430488893,2.4119870182068595,0.32266324748050135,204,204,29.0,0.14552114552114553
S시각_A2_특보유무(풍랑·태풍),침몰,dow4,1.4831904561661415,0.8190114714362078,2.6859867120111174,0.1932464546719661,204,204,32.0,0.1445221445221445
S시각_A2_특보유무(풍랑·태풍),침몰,dow5,1.4984823998001022,0.8261165072229807,2.7180784827297906,0.18310396156340514,204,204,32.0,0.14202464202464202
S시각_A2_특보유무(풍랑·태풍),침몰,dow6,1.5575980306258979,0.8724529959652577,2.7807935054718826,0.13398265577005786,204,204,33.0,0.14102564102564102
S시각_A2_특보유무(풍랑·태풍),침몰,hol,1.0835963134975022,0.5075071016919952,2.3136247093109343,0.8356559750858392,204,204,11.0,0.05111555111555111
S시각_A3_특보종류·수준,침몰,wv_주의보,1.012504737704228,0.546340606888239,1.876422566707033,0.9685070213830673,204,204,17.0,0.08907758907758907
S시각_A3_특보종류·수준,침몰,wv_경보,5.45393801296528,2.026069297292981,14.681353638303671,0.0007862475188833429,204,204,7.0,0.007659007659007659
S시각_A3_특보종류·수준,침몰,ty_주의보,1.3946642275036291e-09,6.00482805402581e-10,3.2392073344618944e-09,0.0,204,204,0.0,0.0021645021645021645
S시각_A3_특보종류·수준,침몰,ty_경보,1.8938481184742912,0.3129321849801022,11.46146311564811,0.4869114257126572,204,204,2.0,0.005161505161505162
S시각_A3_특보종류·수준,침몰,dow1,1.3536395526611031,0.7449193166611187,2.4597832242308812,0.3203946049723976,204,204,29.0,0.14219114219114218
S시각_A3_특보종류·수준,침몰,dow2,1.2810350832988322,0.6950730602716115,2.3609761022836615,0.42722100417468134,204,204,28.0,0.14385614385614387
S시각_A3_특보종류·수준,침몰,dow3,1.3282907814061764,0.742822198497202,2.375206884686654,0.33836759952477147,204,204,29.0,0.14552114552114553
S시각_A3_특보종류·수준,침몰,dow4,1.4707019638582248,0.8163575661137012,2.649530495311394,0.19900356111853057,204,204,32.0,0.1445221445221445
S시각_A3_특보종류·수준,침몰,dow5,1.49185706572227,0.8259311122624127,2.694701133668322,0.1848260658027665,204,204,32.0,0.14202464202464202
S시각_A3_특보종류·수준,침몰,dow6,1.55424895830463,0.8740200612392786,2.7638837270689254,0.13321949273491596,204,204,33.0,0.14102564102564102
S시각_A3_특보종류·수준,침몰,hol,1.0583258419925061,0.49716356881469737,2.252887496361611,0.8830830188502699,204,204,11.0,0.05111555111555111
S시각_A3b_특보최고수준,침몰,warn_주의보,0.9950302695445176,0.5354704532232473,1.8490006896740032,0.9874263389443716,204,204,17.0,0.08974358974358974
S시각_A3b_특보최고수준,침몰,warn_경보,4.505123069822782,1.764450158250326,11.502809404588461,0.0016477495175490908,204,204,9.0,0.012654012654012654
S시각_A3b_특보최고수준,침몰,dow1,1.361389482571153,0.749350425478986,2.4733172361524547,0.3111758824732831,204,204,29.0,0.14219114219114218
S시각_A3b_특보최고수준,침몰,dow2,1.2860943806347873,0.6989873705743219,2.366335681489264,0.4186265303145471,204,204,28.0,0.14385614385614387
S시각_A3b_특보최고수준,침몰,dow3,1.3303239030127518,0.7429169207241386,2.3821798071338223,0.33693581108423154,204,204,29.0,0.14552114552114553
S시각_A3b_특보최고수준,침몰,dow4,1.4627569079921652,0.8107406846751192,2.6391395082586797,0.2065290037805958,204,204,32.0,0.1445221445221445
S시각_A3b_특보최고수준,침몰,dow5,1.4836464388378214,0.8191437649136971,2.6872044319449384,0.1930087581255442,204,204,32.0,0.14202464202464202
S시각_A3b_특보최고수준,침몰,dow6,1.5456455660657793,0.867741257278412,2.753148125504299,0.13930984176465655,204,204,33.0,0.14102564102564102
S시각_A3b_특보최고수준,침몰,hol,1.0706047408935913,0.5016118472612993,2.2850228069409186,0.8600001012007021,204,204,11.0,0.05111555111555111
S시각_B1_특보없는때_파고,침몰,wh[0-0.5],0.8949526154376622,0.5906915233678248,1.3559364781674121,0.6005803020097977,177,177,97.0,0.5795243403939057
S시각_B1_특보없는때_파고,침몰,wh[1-1.5],1.357302027972898,0.7845536619895621,2.348174362563681,0.2746648591254548,177,177,22.0,0.10906726124117429
S시각_B1_특보없는때_파고,침몰,wh[1.5-2],2.935528356522096,1.3775854751122087,6.255384429952275,0.005272729072760773,177,177,12.0,0.029728725380899292
S시각_B1_특보없는때_파고,침몰,wh[2-2.5],6.827875634160642e-10,3.340005734493814e-10,1.3958025638728417e-09,0.0,177,177,0.0,0.005016722408026756
S시각_B1_특보없는때_파고,침몰,wh[2.5-3],7.296749205544876e-10,1.96639813763236e-10,2.7076179513029046e-09,0.0,177,177,0.0,0.0007432181345224824
S시각_B1_특보없는때_파고,침몰,wh[3-4],0.9999944005716931,0.9999944005716931,0.9999944005716931,,177,177,0.0,0.0
S시각_B1_특보없는때_파고,침몰,wh[4+],1.0000018180235812,1.0000018180235812,1.0000018180235812,,177,177,0.0,0.0
S시각_B1_특보없는때_파고,침몰,dow1,1.2443253414823885,0.6409930595537886,2.415541841487496,0.518345778080846,177,177,22.0,0.14195466369379414
S시각_B1_특보없는때_파고,침몰,dow2,1.5171825357295865,0.8003174774749835,2.8761621625273195,0.20145637774572744,177,177,27.0,0.14325529542920848
S시각_B1_특보없는때_파고,침몰,dow3,1.3662855517066321,0.7235400329010824,2.580004041127472,0.3359161058577993,177,177,25.0,0.14845782237086586
S시각_B1_특보없는때_파고,침몰,dow4,1.753238680619908,0.9240257744279229,3.326580227834982,0.08576069221666738,177,177,31.0,0.1451133407655147
S시각_B1_특보없는때_파고,침몰,dow5,1.5814562561675671,0.8342949407370462,2.997745483104645,0.16009539272621875,177,177,27.0,0.14102564102564102
S시각_B1_특보없는때_파고,침몰,dow6,1.6417630168563921,0.8747325420376761,3.081382793006125,0.12274381579640314,177,177,28.0,0.14028242289111853
S시각_B1_특보없는때_파고,침몰,hol,0.6643124839442066,0.24898240702565308,1.7724588720786718,0.4140067342321725,177,177,6.0,0.051839464882943144
S시각_B2_특보없는때_풍속,침몰,ws[0-4],0.8873725480170753,0.5737408588201108,1.3724489495024883,0.5912321688001305,177,177,61.0,0.41378669639539206
S시각_B2_특보없는때_풍속,침몰,ws[6-8],1.7077508395303391,1.1150155987510748,2.615580385766121,0.013873042737140073,177,177,46.0,0.17558528428093645
S시각_B2_특보없는때_풍속,침몰,ws[8-10],0.7776801856215646,0.3990757433461085,1.5154678809528013,0.46010003712781855,177,177,12.0,0.10219249349684133
S시각_B2_특보없는때_풍속,침몰,ws[10-12],2.862434357042894,1.4934016672603152,5.486488081542599,0.0015338870589762799,177,177,14.0,0.03288740245261984
S시각_B2_특보없는때_풍속,침몰,ws[12-14],0.8515401322468054,0.11517996872395361,6.295544310875524,0.8748893315688289,177,177,1.0,0.007432181345224823
S시각_B2_특보없는때_풍속,침몰,ws[14-17],6.648151237051878e-10,2.90346067619882e-10,1.5222494739821262e-09,0.0,177,177,0.0,0.002229654403567447
S시각_B2_특보없는때_풍속,침몰,ws[17+],6.021190678844781e-10,7.476438755949038e-11,4.849198712710541e-09,0.0,177,177,0.0,0.0001858045336306206
S시각_B2_특보없는때_풍속,침몰,dow1,1.2390008824350687,0.6417347122725631,2.3921460960691627,0.5231695567451606,177,177,22.0,0.14195466369379414
S시각_B2_특보없는때_풍속,침몰,dow2,1.4866986125395447,0.7830742701292093,2.822558279385564,0.22535851911078497,177,177,27.0,0.14325529542920848
S시각_B2_특보없는때_풍속,침몰,dow3,1.3727247877448254,0.7235716478340793,2.604266417195464,0.3322172662566787,177,177,25.0,0.14845782237086586
S시각_B2_특보없는때_풍속,침몰,dow4,1.686792387566813,0.897847161005211,3.1689898708014463,0.10414733387797992,177,177,31.0,0.1451133407655147
S시각_B2_특보없는때_풍속,침몰,dow5,1.5445604240154391,0.8155221670880266,2.925324411417558,0.18214810884490307,177,177,27.0,0.14102564102564102
S시각_B2_특보없는때_풍속,침몰,dow6,1.6070633467852529,0.8596355686153846,3.0043575380908187,0.13722967240831307,177,177,28.0,0.14028242289111853
S시각_B2_특보없는때_풍속,침몰,hol,0.644463188253499,0.24248959874300102,1.712786045945209,0.37833976585659124,177,177,6.0,0.051839464882943144
S시각_B3_특보없는때_파고+풍속,침몰,wh[0-0.5],1.0608384458950426,0.6440826496327549,1.747257450469565,0.8165510729766807,177,177,97.0,0.5795243403939057
S시각_B3_특보없는때_파고+풍속,침몰,wh[1-1.5],1.28747877391233,0.7470214925483181,2.2189476605555374,0.362911302363897,177,177,22.0,0.10906726124117429
S시각_B3_특보없는때_파고+풍속,침몰,wh[1.5-2],2.675424303520913,1.2817527524622758,5.5844586174048665,0.008763331601562285,177,177,12.0,0.029728725380899292
S시각_B3_특보없는때_파고+풍속,침몰,wh[2-2.5],2.8605148297896797e-10,1.0479395134861154e-10,7.808222694291119e-10,0.0,177,177,0.0,0.005016722408026756
S시각_B3_특보없는때_파고+풍속,침몰,wh[2.5-3],1.3916613124497847e-10,2.8326014245978602e-11,6.837252822621913e-10,0.0,177,177,0.0,0.0007432181345224824
S시각_B3_특보없는때_파고+풍속,침몰,wh[3-4],0.9999637064637481,0.9998681030958616,1.0000593189728442,0.45686550270506965,177,177,0.0,0.0
S시각_B3_특보없는때_파고+풍속,침몰,wh[4+],1.0000010887101844,0.999685282115136,1.0003169950704363,0.9946096673104412,177,177,0.0,0.0
S시각_B3_특보없는때_파고+풍속,침몰,ws[0-4],0.8950228543177303,0.5763757695338707,1.3898327308222878,0.6213517028107021,177,177,61.0,0.41378669639539206
S시각_B3_특보없는때_파고+풍속,침몰,ws[6-8],1.665563969580834,1.0650602305883876,2.604644561024802,0.025332308213588783,177,177,46.0,0.17558528428093645
S시각_B3_특보없는때_파고+풍속,침몰,ws[8-10],0.6914542828603004,0.34071897127905093,1.4032357032866192,0.3068819799762621,177,177,12.0,0.10219249349684133
S시각_B3_특보없는때_파고+풍속,침몰,ws[10-12],2.396454041269576,1.1862195778992712,4.841424032208101,0.014851859546840096,177,177,14.0,0.03288740245261984
S시각_B3_특보없는때_파고+풍속,침몰,ws[12-14],0.7951096166448943,0.10287327739264727,6.145418115417955,0.8260678575573712,177,177,1.0,0.007432181345224823
S시각_B3_특보없는때_파고+풍속,침몰,ws[14-17],3.0817431127999743e-10,1.0327657244648187e-10,9.195832499390424e-10,0.0,177,177,0.0,0.002229654403567447
S시각_B3_특보없는때_파고+풍속,침몰,ws[17+],1.21114788922849,0.08178444054682216,17.935920326346523,0.889204903908732,177,177,0.0,0.0001858045336306206
S시각_B3_특보없는때_파고+풍속,침몰,dow1,1.2510617003567135,0.6451494602392339,2.426035321364202,0.5073855215299752,177,177,22.0,0.14195466369379414
S시각_B3_특보없는때_파고+풍속,침몰,dow2,1.5136191940624664,0.794512039559932,2.88358508186142,0.20749125223164944,177,177,27.0,0.14325529542920848
S시각_B3_특보없는때_파고+풍속,침몰,dow3,1.4146681376678483,0.7434076250619549,2.6920438696950852,0.29062915204682005,177,177,25.0,0.14845782237086586
S시각_B3_특보없는때_파고+풍속,침몰,dow4,1.7321095746202488,0.9164337017185094,3.2737813688705635,0.09077488787300658,177,177,31.0,0.1451133407655147
S시각_B3_특보없는때_파고+풍속,침몰,dow5,1.5626385719320088,0.8243910591567486,2.961991495865338,0.1712731129715923,177,177,27.0,0.14102564102564102
S시각_B3_특보없는때_파고+풍속,침몰,dow6,1.6449974967369978,0.8726112643584908,3.101056420879858,0.12386743669735445,177,177,28.0,0.14028242289111853
S시각_B3_특보없는때_파고+풍속,침몰,hol,0.6281555145108337,0.23247753541417512,1.697279479960932,0.3592250648505688,177,177,6.0,0.051839464882943144
S시각_B4_특보없는때_파고연속(1m당),침몰,wh_per1m,1.616935097666366,1.0166073560331088,2.5717688294793253,0.04240063343793876,177,177,,
S시각_B4_특보없는때_파고연속(1m당),침몰,dow1,1.2375428630311514,0.6386226848068877,2.3981489763434434,0.5277634879707298,177,177,22.0,0.14195466369379414
S시각_B4_특보없는때_파고연속(1m당),침몰,dow2,1.502435235008991,0.795086892695511,2.839075396833373,0.20992393887046967,177,177,27.0,0.14325529542920848
S시각_B4_특보없는때_파고연속(1m당),침몰,dow3,1.3515269768383062,0.7171640593566694,2.547011587223518,0.3514787565537447,177,177,25.0,0.14845782237086586
S시각_B4_특보없는때_파고연속(1m당),침몰,dow4,1.7411304325316845,0.9214297793506074,3.2900338702147156,0.08764238388713785,177,177,31.0,0.1451133407655147
S시각_B4_특보없는때_파고연속(1m당),침몰,dow5,1.5632603437616863,0.8241042361004854,2.9653808284513277,0.17139076577443335,177,177,27.0,0.14102564102564102
S시각_B4_특보없는때_파고연속(1m당),침몰,dow6,1.614198419033089,0.8650093609352248,3.012263975030027,0.13247909362511057,177,177,28.0,0.14028242289111853
S시각_B4_특보없는때_파고연속(1m당),침몰,hol,0.6737699247381846,0.25398739519707403,1.7873560659553893,0.42760794721195694,177,177,6.0,0.051839464882943144
S시각_B5_특보없는때_풍속연속(1m/s당),침몰,ws_per1ms,1.0637599806727902,0.9997246292925972,1.1318969877552003,0.051020717519577596,177,177,,
S시각_B5_특보없는때_풍속연속(1m/s당),침몰,dow1,1.2367948767214871,0.6390027310747746,2.3938263370356725,0.5281868422707336,177,177,22.0,0.14195466369379414
S시각_B5_특보없는때_풍속연속(1m/s당),침몰,dow2,1.5037293683638808,0.7936921537888793,2.8489660663591643,0.21083186618776306,177,177,27.0,0.14325529542920848
S시각_B5_특보없는때_풍속연속(1m/s당),침몰,dow3,1.358612003088629,0.7189655944509888,2.5673364472273446,0.34524836488436517,177,177,25.0,0.14845782237086586
S시각_B5_특보없는때_풍속연속(1m/s당),침몰,dow4,1.7127189500045137,0.9077506107529001,3.2315111297711594,0.09667369332766684,177,177,31.0,0.1451133407655147
S시각_B5_특보없는때_풍속연속(1m/s당),침몰,dow5,1.5592151691914338,0.8205019023829037,2.9630058587019903,0.1750909725177745,177,177,27.0,0.14102564102564102
S시각_B5_특보없는때_풍속연속(1m/s당),침몰,dow6,1.5982340971907754,0.8571473741400805,2.9800618965738845,0.14019023770739336,177,177,28.0,0.14028242289111853
S시각_B5_특보없는때_풍속연속(1m/s당),침몰,hol,0.6609015210578174,0.2480560687266761,1.7608552081740059,0.40747622132486594,177,177,6.0,0.051839464882943144
S시각_C1_특보있는때만_파고,침몰,wh[2-3],1.4084621155690447,0.23519840945746617,8.434434295577061,0.7076135977191109,26,26,3.0,0.25040916530278234
S시각_C1_특보있는때만_파고,침몰,wh[3-4],6.917756586800357,0.9274762836485182,51.59739072352958,0.05921924650834387,26,26,6.0,0.07201309328968904
S시각_C1_특보있는때만_파고,침몰,wh[4+],23.85685780855811,0.829046247663344,686.5113569983592,0.06422388935737877,26,26,6.0,0.031096563011456628
S시각_C1_특보있는때만_파고,침몰,dow1,4.231775484224276,0.41313779018188634,43.34612851803641,0.2242473327767045,26,26,7.0,0.14729950900163666
S시각_C1_특보있는때만_파고,침몰,dow2,0.5800653149961595,0.04151818959020629,8.104297730288435,0.6856291889373405,26,26,1.0,0.15220949263502456
S시각_C1_특보있는때만_파고,침몰,dow3,3.2219005006201242,0.29635578122260064,35.02763736570751,0.3365440684661758,26,26,4.0,0.12111292962356793
S시각_C1_특보있는때만_파고,침몰,dow4,1.2017465501934586,0.055798130707877494,25.88249377855933,0.9065927928080006,26,26,1.0,0.13747954173486088
S시각_C1_특보있는때만_파고,침몰,dow5,6.548536409732428,0.6655615076970288,64.43180474480242,0.10718180178084502,26,26,5.0,0.14402618657937807
S시각_C1_특보있는때만_파고,침몰,dow6,2.091103032051222,0.18662975487353217,23.42987533588596,0.5495869557688513,26,26,4.0,0.14566284779050737
S시각_C1_특보있는때만_파고,침몰,hol,9.777287954146775,1.7003832599151258,56.21988994591447,0.010624114951163666,26,26,5.0,0.04582651391162029
S시각_C2_특보있는때만_풍속,침몰,ws[10-14],1.5221362878390114,0.19371792473108707,11.960167764405742,0.6895716554530922,26,26,8.0,0.41407528641571195
S시각_C2_특보있는때만_풍속,침몰,ws[14-17],7.876384433200506,0.5678742346083414,109.24501933487088,0.12398658732654066,26,26,9.0,0.09492635024549918
S시각_C2_특보있는때만_풍속,침몰,ws[17+],12.133503107956946,0.8623137334217461,170.72892610281153,0.0642860302414694,26,26,1.0,0.014729950900163666
S시각_C2_특보있는때만_풍속,침몰,dow1,4.847843980499589,0.37557868303897174,62.574348120890235,0.226434510440487,26,26,7.0,0.14729950900163666
S시각_C2_특보있는때만_풍속,침몰,dow2,0.9945581339202644,0.041653718507759896,23.74688064314558,0.9973105091711107,26,26,1.0,0.15220949263502456
S시각_C2_특보있는때만_풍속,침몰,dow3,5.966081019466373,0.33124068629716114,107.45697676433655,0.22593046091898694,26,26,4.0,0.12111292962356793
S시각_C2_특보있는때만_풍속,침몰,dow4,2.3214810871576343,0.05955106244935892,90.49837595447653,0.6522546977065597,26,26,1.0,0.13747954173486088
S시각_C2_특보있는때만_풍속,침몰,dow5,7.075951540964725,0.4303661284602253,116.34068505627879,0.17075590962405918,26,26,5.0,0.14402618657937807
S시각_C2_특보있는때만_풍속,침몰,dow6,2.6738112113944976,0.12050821722062854,59.32596597201259,0.5339939933095121,26,26,4.0,0.14566284779050737
S시각_C2_특보있는때만_풍속,침몰,hol,18.563478054809053,3.8409671445309463,89.7176946650138,0.0002788689711785697,26,26,5.0,0.04582651391162029
S시각_C3_축(특보없음 파고구간 vs 특보),침몰,nw_wh_1.5-2,2.711906128407463,1.3340190458203867,5.512990891948751,0.005847820981034868,203,203,12.0,0.026697814116469213
S시각_C3_축(특보없음 파고구간 vs 특보),침몰,nw_wh_2-3,2.5484048469831964e-10,1.4424328135764773e-10,4.5023707191081034e-10,0.0,203,203,0.0,0.00517270148506591
S시각_C3_축(특보없음 파고구간 vs 특보),침몰,nw_wh_3+,1.0000010197768652,1.0000010197768652,1.0000010197768652,,203,203,0.0,0.0
S시각_C3_축(특보없음 파고구간 vs 특보),침몰,w_주의보,1.0878417595302101,0.5876751861154523,2.013696888582424,0.788705018886658,203,203,17.0,0.08927081595194393
S시각_C3_축(특보없음 파고구간 vs 특보),침몰,w_경보,5.121104359510368,2.023199419830383,12.962493763068967,0.000566371947010591,203,203,9.0,0.012681461705322876
S시각_C3_축(특보없음 파고구간 vs 특보),침몰,dow1,1.3566427649647514,0.7444729335277088,2.4721914106534864,0.3191415368561197,203,203,29.0,0.14249958284665443
S시각_C3_축(특보없음 파고구간 vs 특보),침몰,dow2,1.2896588351422877,0.7001517052293711,2.3755136188887644,0.4143707691128471,203,203,28.0,0.14416819622893376
S시각_C3_축(특보없음 파고구간 vs 특보),침몰,dow3,1.3468365860035236,0.7504631915043061,2.417132259027282,0.3183181628112144,203,203,29.0,0.14566994827298516
S시각_C3_축(특보없음 파고구간 vs 특보),침몰,dow4,1.4731300700944545,0.8153858506217674,2.6614543308075396,0.19924918635347577,203,203,32.0,0.1443350575671617
S시각_C3_축(특보없음 파고구간 vs 특보),침몰,dow5,1.5012954670743377,0.8274506553044755,2.7238942467555294,0.18127358824982087,203,203,32.0,0.1413315534790589
S시각_C3_축(특보없음 파고구간 vs 특보),침몰,dow6,1.5208845161405304,0.8445139242986989,2.7389598263366124,0.16242545664490704,203,203,32.0,0.1408309694643751
S시각_C3_축(특보없음 파고구간 vs 특보),침몰,hol,1.076945790922595,0.5057077507294757,2.293443663682991,0.8475812963958136,203,203,11.0,0.051226430835975306
S시각_C4_축(특보없음 풍속구간 vs 특보),침몰,nw_ws_10-12,2.5592300212292445,1.4156847642121804,4.626494871692628,0.001866437757135353,203,203,14.0,0.029534456866344067
S시각_C4_축(특보없음 풍속구간 vs 특보),침몰,nw_ws_12-14,0.8182092292300941,0.11246840105938094,5.95248386650256,0.842915496884225,203,203,1.0,0.006674453529117303
S시각_C4_축(특보없음 풍속구간 vs 특보),침몰,nw_ws_14+,7.130918473560099e-10,3.901734107742215e-10,1.3032666212610176e-09,0.0,203,203,0.0,0.0021691973969631237
S시각_C4_축(특보없음 풍속구간 vs 특보),침몰,w_주의보,1.0645253736296236,0.5716048672837762,1.982513333880867,0.8437581245070129,203,203,17.0,0.08927081595194393
S시각_C4_축(특보없음 풍속구간 vs 특보),침몰,w_경보,4.6990679685332015,1.8192254678594233,12.137714737951892,0.0013935783876322105,203,203,9.0,0.012681461705322876
S시각_C4_축(특보없음 풍속구간 vs 특보),침몰,dow1,1.3465963445202553,0.7414332217578001,2.4456979561507457,0.32837667477658217,203,203,29.0,0.14249958284665443
S시각_C4_축(특보없음 풍속구간 vs 특보),침몰,dow2,1.2822615725965394,0.6968250307957424,2.3595517782708733,0.4242537753519495,203,203,28.0,0.14416819622893376
S시각_C4_축(특보없음 풍속구간 vs 특보),침몰,dow3,1.3407116446211556,0.7467467706729507,2.4071181618942816,0.3261187748073384,203,203,29.0,0.14566994827298516
S시각_C4_축(특보없음 풍속구간 vs 특보),침몰,dow4,1.4318040074792155,0.7980397084259038,2.5688730700846887,0.22876398476449977,203,203,32.0,0.1443350575671617
S시각_C4_축(특보없음 풍속구간 vs 특보),침몰,dow5,1.4794702145298197,0.8151394057307507,2.6852242699746323,0.19777547186037148,203,203,32.0,0.1413315534790589
S시각_C4_축(특보없음 풍속구간 vs 특보),침몰,dow6,1.499830048986424,0.8357928800830667,2.6914445306342523,0.174229758197451,203,203,32.0,0.1408309694643751
S시각_C4_축(특보없음 풍속구간 vs 특보),침몰,hol,1.0777396668110195,0.5037418111884434,2.3057899178105283,0.8470107801332509,203,203,11.0,0.051226430835975306
"S시각_C5_축세분(파고, 기준: 특보없음·1m미만)",침몰,nw_wh_1.0-1.5,1.3785735600248505,0.8287715987404431,2.2931107476268417,0.21623533475510603,203,203,22.0,0.09794760553979642
"S시각_C5_축세분(파고, 기준: 특보없음·1m미만)",침몰,nw_wh_1.5-2.0,2.968129938076965,1.4028443533764583,6.279952090269154,0.004437090664495713,203,203,12.0,0.026697814116469213
"S시각_C5_축세분(파고, 기준: 특보없음·1m미만)",침몰,nw_wh_2.0-2.5,2.82979485253707e-10,1.5198843850176835e-10,5.268650027845461e-10,0.0,203,203,0.0,0.00450525613215418
"S시각_C5_축세분(파고, 기준: 특보없음·1m미만)",침몰,nw_wh_2.5-99,2.632589875316666e-10,9.128574990690275e-11,7.592126327151697e-10,0.0,203,203,0.0,0.0006674453529117303
"S시각_C5_축세분(파고, 기준: 특보없음·1m미만)",침몰,w_주의보,1.1515027566749498,0.6140241643103719,2.159456704964096,0.6601376912140937,203,203,17.0,0.08927081595194393
"S시각_C5_축세분(파고, 기준: 특보없음·1m미만)",침몰,w_경보,5.548967491762026,2.12499123900548,14.489961021694521,0.00046667013887047304,203,203,9.0,0.012681461705322876
"S시각_C5_축세분(파고, 기준: 특보없음·1m미만)",침몰,dow1,1.350475990578613,0.7416522721665201,2.4590842225853775,0.32581056765933725,203,203,29.0,0.14249958284665443
"S시각_C5_축세분(파고, 기준: 특보없음·1m미만)",침몰,dow2,1.2879379259453296,0.6997246126900725,2.370624201300004,0.41627159209186404,203,203,28.0,0.14416819622893376
"S시각_C5_축세분(파고, 기준: 특보없음·1m미만)",침몰,dow3,1.3486140258635702,0.7513432316880257,2.420677679720066,0.31630092420229294,203,203,29.0,0.14566994827298516
"S시각_C5_축세분(파고, 기준: 특보없음·1m미만)",침몰,dow4,1.4761538709842341,0.8172802508022079,2.666197119877661,0.1966766321220219,203,203,32.0,0.1443350575671617
"S시각_C5_축세분(파고, 기준: 특보없음·1m미만)",침몰,dow5,1.503583350020617,0.8290682370454848,2.726871914084908,0.17932907431380962,203,203,32.0,0.1413315534790589
"S시각_C5_축세분(파고, 기준: 특보없음·1m미만)",침몰,dow6,1.5230267300319045,0.8459540272577196,2.742005293019318,0.16080890534548198,203,203,32.0,0.1408309694643751
"S시각_C5_축세분(파고, 기준: 특보없음·1m미만)",침몰,hol,1.081763043906422,0.507817587473096,2.304392978952673,0.8385904530996939,203,203,11.0,0.051226430835975306
"S시각_C6_축세분(풍속, 기준: 특보없음·8m/s미만)",침몰,nw_ws_8-10,0.6813269178585951,0.37259316832960837,1.2458799797103104,0.21273528500904293,203,203,12.0,0.09177373602536293
"S시각_C6_축세분(풍속, 기준: 특보없음·8m/s미만)",침몰,nw_ws_10-12,2.4373769051508565,1.3368329046294407,4.443940717788892,0.0036450903295257575,203,203,14.0,0.029534456866344067
"S시각_C6_축세분(풍속, 기준: 특보없음·8m/s미만)",침몰,nw_ws_12-14,0.7783502706632863,0.106708979813631,5.6773960813766715,0.8047806699697213,203,203,1.0,0.006674453529117303
"S시각_C6_축세분(풍속, 기준: 특보없음·8m/s미만)",침몰,nw_ws_14-99,6.75083690245839e-10,3.665501773258022e-10,1.2433167872426496e-09,0.0,203,203,0.0,0.0021691973969631237
"S시각_C6_축세분(풍속, 기준: 특보없음·8m/s미만)",침몰,w_주의보,1.0252631264219265,0.5497515086149996,1.9120720215005578,0.9374604417267554,203,203,17.0,0.08927081595194393
"S시각_C6_축세분(풍속, 기준: 특보없음·8m/s미만)",침몰,w_경보,4.486281567758533,1.7347529532684565,11.602068333297314,0.0019593145307532644,203,203,9.0,0.012681461705322876
"S시각_C6_축세분(풍속, 기준: 특보없음·8m/s미만)",침몰,dow1,1.3471012523590211,0.7427442549867757,2.4432121445887898,0.32663815587465717,203,203,29.0,0.14249958284665443
"S시각_C6_축세분(풍속, 기준: 특보없음·8m/s미만)",침몰,dow2,1.2811226506063706,0.6956825260555302,2.359230229919106,0.42648190380748496,203,203,28.0,0.14416819622893376
"S시각_C6_축세분(풍속, 기준: 특보없음·8m/s미만)",침몰,dow3,1.3365154364044123,0.7444611876686589,2.3994179163874727,0.3312604961074235,203,203,29.0,0.14566994827298516
"S시각_C6_축세분(풍속, 기준: 특보없음·8m/s미만)",침몰,dow4,1.4318808669505756,0.798860871064499,2.566508000832594,0.22791792151755907,203,203,32.0,0.1443350575671617
"S시각_C6_축세분(풍속, 기준: 특보없음·8m/s미만)",침몰,dow5,1.482072754612002,0.8174597175736719,2.687031058218779,0.1949571299033921,203,203,32.0,0.1413315534790589
"S시각_C6_축세분(풍속, 기준: 특보없음·8m/s미만)",침몰,dow6,1.4983342836211972,0.835573381253441,2.686784519280545,0.1747497003447358,203,203,32.0,0.1408309694643751
"S시각_C6_축세분(풍속, 기준: 특보없음·8m/s미만)",침몰,hol,1.0759809659133908,0.5037808989124549,2.2980923681449457,0.849974843095689,203,203,11.0,0.051226430835975306
S시각_C7_축(특보없음 & (파고≥1.5 또는 풍속≥10)),침몰,nw_or_1.5_10,1.9465851047507419,1.1837089903832743,3.2011191946853,0.008676545356800736,203,203,21.0,0.06123811112965126
S시각_C7_축(특보없음 & (파고≥1.5 또는 풍속≥10)),침몰,w_주의보,1.0969345203597696,0.5896586540810261,2.040613384759337,0.7701822205568678,203,203,17.0,0.08927081595194393
S시각_C7_축(특보없음 & (파고≥1.5 또는 풍속≥10)),침몰,w_경보,5.008973077166814,1.9718424564132704,12.724044563590384,0.0007054011156670814,203,203,9.0,0.012681461705322876
S시각_C7_축(특보없음 & (파고≥1.5 또는 풍속≥10)),침몰,dow1,1.347996692084494,0.7419824096972382,2.448973261525423,0.32693234785410064,203,203,29.0,0.14249958284665443
S시각_C7_축(특보없음 & (파고≥1.5 또는 풍속≥10)),침몰,dow2,1.2756292457492282,0.6948135163969493,2.3419664905901207,0.43224731592902277,203,203,28.0,0.14416819622893376
S시각_C7_축(특보없음 & (파고≥1.5 또는 풍속≥10)),침몰,dow3,1.3387825079180686,0.7454678422607574,2.404313777066256,0.32872686424997344,203,203,29.0,0.14566994827298516
S시각_C7_축(특보없음 & (파고≥1.5 또는 풍속≥10)),침몰,dow4,1.45300501411873,0.8076560204211664,2.6140132899068047,0.21238626128081872,203,203,32.0,0.1443350575671617
S시각_C7_축(특보없음 & (파고≥1.5 또는 풍속≥10)),침몰,dow5,1.489267607512033,0.8209579491105264,2.7016219395739287,0.18994395232164285,203,203,32.0,0.1413315534790589
S시각_C7_축(특보없음 & (파고≥1.5 또는 풍속≥10)),침몰,dow6,1.5024545143845638,0.8369476775268082,2.6971453872303144,0.17264921909963293,203,203,32.0,0.1408309694643751
S시각_C7_축(특보없음 & (파고≥1.5 또는 풍속≥10)),침몰,hol,1.0781310124008303,0.5074150959579906,2.29076054133926,0.8448880076566609,203,203,11.0,0.051226430835975306
S시각_C8_축(특보없음 & (파고≥2 또는 풍속≥12)),침몰,nw_or_2.0_12,0.4066470771651189,0.054950773266471895,3.0092724003181477,0.37823714800392727,203,203,1.0,0.012180877690639079
S시각_C8_축(특보없음 & (파고≥2 또는 풍속≥12)),침몰,w_주의보,1.0042986839424042,0.5405563389061724,1.8658847819811,0.9891711294135088,203,203,17.0,0.08927081595194393
S시각_C8_축(특보없음 & (파고≥2 또는 풍속≥12)),침몰,w_경보,4.477195193773745,1.7570003304235207,11.408806507349295,0.0016838584618157348,203,203,9.0,0.012681461705322876
S시각_C8_축(특보없음 & (파고≥2 또는 풍속≥12)),침몰,dow1,1.3600917627097815,0.7485534628575827,2.471232443343792,0.3127635055432667,203,203,29.0,0.14249958284665443
S시각_C8_축(특보없음 & (파고≥2 또는 풍속≥12)),침몰,dow2,1.2893259022208343,0.7004213641519377,2.373373182513267,0.41435296952456646,203,203,28.0,0.14416819622893376
S시각_C8_축(특보없음 & (파고≥2 또는 풍속≥12)),침몰,dow3,1.3348869663140834,0.745862496626785,2.38907737135744,0.33072890983060255,203,203,29.0,0.14566994827298516
S시각_C8_축(특보없음 & (파고≥2 또는 풍속≥12)),침몰,dow4,1.4667946673918781,0.8127856088093774,2.647053014928366,0.20344023671593892,203,203,32.0,0.1443350575671617
S시각_C8_축(특보없음 & (파고≥2 또는 풍속≥12)),침몰,dow5,1.4899082298519009,0.8226504413604542,2.6983836898080273,0.18825458554192798,203,203,32.0,0.1413315534790589
S시각_C8_축(특보없음 & (파고≥2 또는 풍속≥12)),침몰,dow6,1.5094884894789868,0.8445984247813736,2.697797477492766,0.16455674250092178,203,203,32.0,0.1408309694643751
S시각_C8_축(특보없음 & (파고≥2 또는 풍속≥12)),침몰,hol,1.0799468987651983,0.505455807350711,2.307393222496584,0.8426077509062835,203,203,11.0,0.051226430835975306
S시각_A1_달력,좌초좌주,dow1,1.0165935337362342,0.793797609954069,1.301921799555585,0.8962578097194938,1159,1159,155.0,0.14352176966292135
S시각_A1_달력,좌초좌주,dow2,1.06702761012481,0.8382744726557498,1.358204213426198,0.5981918262317274,1159,1159,162.0,0.1428195224719101
S시각_A1_달력,좌초좌주,dow3,1.1134373430621858,0.8723554808955428,1.4211439534404988,0.38808118130237834,1159,1159,169.0,0.14223431647940074
S시각_A1_달력,좌초좌주,dow4,0.9830883743372106,0.7692704331944535,1.2563367965978753,0.8915782677670108,1159,1159,150.0,0.14381437265917604
S시각_A1_달력,좌초좌주,dow5,1.1857001321268732,0.9320550052765001,1.508371067551555,0.1654329544280655,1159,1159,180.0,0.14235135767790263
S시각_A1_달력,좌초좌주,dow6,1.2622375060723308,0.9981620693275812,1.59617718474215,0.05181846207553131,1159,1159,191.0,0.14144428838951312
S시각_A1_달력,좌초좌주,hol,0.9096851704472207,0.6735640795575695,1.22857963250527,0.5369952523104797,1159,1159,54.0,0.05152738764044944
S시각_A2_특보유무(풍랑·태풍),좌초좌주,any_warn,0.7432503768128229,0.5730027137530148,0.9640811629218864,0.025377702629107546,1159,1159,75.0,0.08438670411985019
S시각_A2_특보유무(풍랑·태풍),좌초좌주,dow1,1.0154809163771559,0.793076825739357,1.3002542226156164,0.9030526973083262,1159,1159,155.0,0.14352176966292135
S시각_A2_특보유무(풍랑·태풍),좌초좌주,dow2,1.0634483676914148,0.835229349994244,1.3540262093918616,0.6176871132639379,1159,1159,162.0,0.1428195224719101
S시각_A2_특보유무(풍랑·태풍),좌초좌주,dow3,1.110158780083298,0.8699453265252196,1.4167011183550595,0.400884265348187,1159,1159,169.0,0.14223431647940074
S시각_A2_특보유무(풍랑·태풍),좌초좌주,dow4,0.9824989491882141,0.7689927029096881,1.2552839337791637,0.8876821008055962,1159,1159,150.0,0.14381437265917604
S시각_A2_특보유무(풍랑·태풍),좌초좌주,dow5,1.1808147714742363,0.9282000774660562,1.5021799269163956,0.17595351037205198,1159,1159,180.0,0.14235135767790263
S시각_A2_특보유무(풍랑·태풍),좌초좌주,dow6,1.2549885630494635,0.9929577196819823,1.586166522668645,0.05732118503825889,1159,1159,191.0,0.14144428838951312
S시각_A2_특보유무(풍랑·태풍),좌초좌주,hol,0.9048278922283796,0.6697457263914712,1.222424395248635,0.5146828966825607,1159,1159,54.0,0.05152738764044944
S시각_A3_특보종류·수준,좌초좌주,wv_주의보,0.6955075927231104,0.5218942190012672,0.9268752055947209,0.013202118851278755,1159,1159,60.0,0.07320926966292135
S시각_A3_특보종류·수준,좌초좌주,wv_경보,1.6923787743080123,0.9105897322940432,3.145374710642371,0.09615079252596193,1159,1159,9.0,0.004506086142322097
S시각_A3_특보종류·수준,좌초좌주,ty_주의보,0.6246924205510543,0.28807666838062995,1.3546415351427148,0.2335020146932294,1159,1159,2.0,0.0027797284644194755
S시각_A3_특보종류·수준,좌초좌주,ty_경보,0.6036269628455663,0.25603702410181434,1.423096958544835,0.24864562336481866,1159,1159,4.0,0.005354634831460674
S시각_A3_특보종류·수준,좌초좌주,dow1,1.0141377307319361,0.7921178078747086,1.298386839267724,0.9113288219107547,1159,1159,155.0,0.14352176966292135
S시각_A3_특보종류·수준,좌초좌주,dow2,1.064798627149322,0.8365821300107369,1.355271736876007,0.6099362579475294,1159,1159,162.0,0.1428195224719101
S시각_A3_특보종류·수준,좌초좌주,dow3,1.1115296146813551,0.8711397868636933,1.4182546853493667,0.3950781015790441,1159,1159,169.0,0.14223431647940074
S시각_A3_특보종류·수준,좌초좌주,dow4,0.9855946287070835,0.7718458928568684,1.2585372042866982,0.9073851505894126,1159,1159,150.0,0.14381437265917604
S시각_A3_특보종류·수준,좌초좌주,dow5,1.1829553760044411,0.9298423951245418,1.504968399973177,0.17136820732324365,1159,1159,180.0,0.14235135767790263
S시각_A3_특보종류·수준,좌초좌주,dow6,1.2570699387377708,0.994547065972494,1.5888889374310284,0.05558821667107017,1159,1159,191.0,0.14144428838951312
S시각_A3_특보종류·수준,좌초좌주,hol,0.8994498683857602,0.6651753659145785,1.2162357585609298,0.4912169562533806,1159,1159,54.0,0.05152738764044944
S시각_A3b_특보최고수준,좌초좌주,warn_주의보,0.6979107670018415,0.5278751913901508,0.9227170487296114,0.011583718180991687,1159,1159,62.0,0.07458450374531835
S시각_A3b_특보최고수준,좌초좌주,warn_경보,1.1107754021725438,0.6322788792579718,1.9513889116770147,0.7147894971366449,1159,1159,13.0,0.009802200374531835
S시각_A3b_특보최고수준,좌초좌주,dow1,1.0154074528904975,0.793020881135918,1.3001578141406507,0.9035063162171115,1159,1159,155.0,0.14352176966292135
S시각_A3b_특보최고수준,좌초좌주,dow2,1.064053890976342,0.83578044381475,1.3546747728795228,0.6143048783310778,1159,1159,162.0,0.1428195224719101
S시각_A3b_특보최고수준,좌초좌주,dow3,1.1079492579531862,0.8681755276901403,1.4139439768188677,0.41000830568075064,1159,1159,169.0,0.14223431647940074
S시각_A3b_특보최고수준,좌초좌주,dow4,0.9819432865040912,0.7686748929511011,1.254382869471182,0.8840367171982384,1159,1159,150.0,0.14381437265917604
S시각_A3b_특보최고수준,좌초좌주,dow5,1.1793409529586794,0.9270224008985879,1.5003360026438435,0.17926059361841018,1159,1159,180.0,0.14235135767790263
S시각_A3b_특보최고수준,좌초좌주,dow6,1.2530755073665325,0.9913876060204003,1.5838388715236589,0.059076031996617484,1159,1159,191.0,0.14144428838951312
S시각_A3b_특보최고수준,좌초좌주,hol,0.9044994459906591,0.6692367788872602,1.2224660592588708,0.5137133685803275,1159,1159,54.0,0.05152738764044944
S시각_B1_특보없는때_파고,좌초좌주,wh[0-0.5],1.1777117312292327,1.0010142043564314,1.3855996406831061,0.04858424886663637,1067,1067,711.0,0.629017566688354
S시각_B1_특보없는때_파고,좌초좌주,wh[1-1.5],0.7519519912954348,0.5644979228901827,1.001654345011945,0.051331146270729544,1067,1067,72.0,0.08441769681197138
S시각_B1_특보없는때_파고,좌초좌주,wh[1.5-2],0.3332014990782602,0.16906422780326225,0.6566926689967559,0.0014989950257104923,1067,1067,9.0,0.02358490566037736
S시각_B1_특보없는때_파고,좌초좌주,wh[2-2.5],0.2977885295799495,0.044176718633571546,2.007347107080034,0.21340208048260778,1067,1067,1.0,0.0027651268705270004
S시각_B1_특보없는때_파고,좌초좌주,wh[2.5-3],3.433853088121952,0.4611866718565009,25.56740632451227,0.22843066297054415,1067,1067,1.0,0.0002602472348731295
S시각_B1_특보없는때_파고,좌초좌주,wh[3-4],14.115840576279702,1.3105735251919155,152.03798287148064,0.029033412193695263,1067,1067,1.0,6.506180871828237e-05
S시각_B1_특보없는때_파고,좌초좌주,wh[4+],0.9999999999799508,0.9999999999799508,0.9999999999799508,,1067,1067,0.0,0.0
S시각_B1_특보없는때_파고,좌초좌주,dow1,1.0141235566846827,0.7765913253142427,1.3243086224361786,0.9179590103897546,1067,1067,139.0,0.14329863370201693
S시각_B1_특보없는때_파고,좌초좌주,dow2,1.064424956250954,0.8274151493841101,1.369325287714636,0.6270891059785875,1067,1067,147.0,0.14372153545868574
S시각_B1_특보없는때_파고,좌초좌주,dow3,1.093463419248517,0.8448246595628384,1.4152785855627885,0.49723533994527624,1067,1067,152.0,0.14287573194534808
S시각_B1_특보없는때_파고,좌초좌주,dow4,1.0194194294790504,0.7869542741286251,1.3205544557847286,0.8841967060954763,1067,1067,139.0,0.14255042290175668
S시각_B1_특보없는때_파고,좌초좌주,dow5,1.2529899455097997,0.971286376348643,1.616396401492515,0.0826035425959386,1067,1067,171.0,0.14235523747560183
S시각_B1_특보없는때_파고,좌초좌주,dow6,1.3274101999907162,1.0394615805301979,1.69512550732336,0.023194121911454424,1067,1067,183.0,0.14271307742355238
S시각_B1_특보없는때_파고,좌초좌주,hol,0.8812967409491347,0.6423563288109926,1.2091169819175211,0.43354794291843146,1067,1067,50.0,0.05253741054001301
S시각_B2_특보없는때_풍속,좌초좌주,ws[0-4],0.9181447191438917,0.7784812218620872,1.0828645593729642,0.3103971312665621,1067,1067,462.0,0.4391021470396877
S시각_B2_특보없는때_풍속,좌초좌주,ws[6-8],0.9063316818359147,0.7428490182484945,1.1057928291220203,0.3324958645549978,1067,1067,184.0,0.17407286922576448
S시각_B2_특보없는때_풍속,좌초좌주,ws[8-10],0.8299544196337932,0.6379854811537161,1.079686543060533,0.16491384483573301,1067,1067,84.0,0.085946649316851
S시각_B2_특보없는때_풍속,좌초좌주,ws[10-12],0.7265246448924917,0.4778725629490632,1.104558203506703,0.1349838524488387,1067,1067,25.0,0.029212752114508782
S시각_B2_특보없는때_풍속,좌초좌주,ws[12-14],0.7294381411408178,0.31873517009913804,1.669348260455461,0.4551434468462472,1067,1067,6.0,0.006636304489264801
S시각_B2_특보없는때_풍속,좌초좌주,ws[14-17],1.7168465528870305,0.3984791183727206,7.397030233847924,0.4682707926947216,1067,1067,2.0,0.0010084580351333767
S시각_B2_특보없는때_풍속,좌초좌주,ws[17+],0.999999999999999,0.9999999999999964,1.0000000000000018,0.48087919879395713,1067,1067,0.0,0.0
S시각_B2_특보없는때_풍속,좌초좌주,dow1,1.0093904661784057,0.7742692822451611,1.3159105450463278,0.9449239988925697,1067,1067,139.0,0.14329863370201693
S시각_B2_특보없는때_풍속,좌초좌주,dow2,1.0597107376372505,0.8234050405663892,1.3638328552023746,0.6523224977538764,1067,1067,147.0,0.14372153545868574
S시각_B2_특보없는때_풍속,좌초좌주,dow3,1.101775875564847,0.8519328178303043,1.4248894450013818,0.4600950163739279,1067,1067,152.0,0.14287573194534808
S시각_B2_특보없는때_풍속,좌초좌주,dow4,1.0197955590435654,0.7878167413241665,1.3200823588706294,0.8816619808669239,1067,1067,139.0,0.14255042290175668
S시각_B2_특보없는때_풍속,좌초좌주,dow5,1.2493357941466958,0.9690626961171425,1.6106697046436274,0.08588115556547571,1067,1067,171.0,0.14235523747560183
S시각_B2_특보없는때_풍속,좌초좌주,dow6,1.3284602971087123,1.0405547891704043,1.6960248315239441,0.02266783317037735,1067,1067,183.0,0.14271307742355238
S시각_B2_특보없는때_풍속,좌초좌주,hol,0.8851716281245529,0.646110318316999,1.212685804612474,0.4476117966478699,1067,1067,50.0,0.05253741054001301
S시각_B3_특보없는때_파고+풍속,좌초좌주,wh[0-0.5],1.2549909788661406,1.0452461946704887,1.5068242917946326,0.01492135606801015,1067,1067,711.0,0.629017566688354
S시각_B3_특보없는때_파고+풍속,좌초좌주,wh[1-1.5],0.7206092295216435,0.5348763970284681,0.9708367476236549,0.031191232234625277,1067,1067,72.0,0.08441769681197138
S시각_B3_특보없는때_파고+풍속,좌초좌주,wh[1.5-2],0.30678618336088925,0.1502189151713859,0.6265373584529051,0.001181293066970568,1067,1067,9.0,0.02358490566037736
S시각_B3_특보없는때_파고+풍속,좌초좌주,wh[2-2.5],0.24539237210528328,0.03458495414011475,1.741144893339969,0.15993251909258976,1067,1067,1.0,0.0027651268705270004
S시각_B3_특보없는때_파고+풍속,좌초좌주,wh[2.5-3],2.667787426964402,0.4783143829267568,14.879522777300991,0.2631444158942542,1067,1067,1.0,0.0002602472348731295
S시각_B3_특보없는때_파고+풍속,좌초좌주,wh[3-4],7.551296797714953,0.28539908292049837,199.79771043295304,0.22638309107356225,1067,1067,1.0,6.506180871828237e-05
S시각_B3_특보없는때_파고+풍속,좌초좌주,wh[4+],0.9999999999905538,0.9999999999905109,0.9999999999905966,0.0,1067,1067,0.0,0.0
S시각_B3_특보없는때_파고+풍속,좌초좌주,ws[0-4],0.8860907972886242,0.7514635055747266,1.0448370349523413,0.15033679317267112,1067,1067,462.0,0.4391021470396877
S시각_B3_특보없는때_파고+풍속,좌초좌주,ws[6-8],0.9942666485955889,0.8057247032904242,1.2269279624571405,0.9572553979075451,1067,1067,184.0,0.17407286922576448
S시각_B3_특보없는때_파고+풍속,좌초좌주,ws[8-10],1.0655533279831355,0.7991406290676174,1.4207810909334535,0.6653452462756222,1067,1067,84.0,0.085946649316851
S시각_B3_특보없는때_파고+풍속,좌초좌주,ws[10-12],1.1002829003945183,0.6939774075319541,1.744469557310236,0.6844343237823916,1067,1067,25.0,0.029212752114508782
S시각_B3_특보없는때_파고+풍속,좌초좌주,ws[12-14],1.2535978199682836,0.5213897398253972,3.0140744517824594,0.6135822950571843,1067,1067,6.0,0.006636304489264801
S시각_B3_특보없는때_파고+풍속,좌초좌주,ws[14-17],1.8458185276378758,0.31598047708756155,10.782457411212548,0.49609905161339407,1067,1067,2.0,0.0010084580351333767
S시각_B3_특보없는때_파고+풍속,좌초좌주,ws[17+],0.999999999999455,0.9999999999994451,0.999999999999465,0.0,1067,1067,0.0,0.0
S시각_B3_특보없는때_파고+풍속,좌초좌주,dow1,1.0110835671991525,0.7745833053484146,1.3197934590138474,0.9353774243673054,1067,1067,139.0,0.14329863370201693
S시각_B3_특보없는때_파고+풍속,좌초좌주,dow2,1.0641637519966562,0.827006579428868,1.3693294820528135,0.6287823921503999,1067,1067,147.0,0.14372153545868574
S시각_B3_특보없는때_파고+풍속,좌초좌주,dow3,1.095450272777656,0.8464277851032649,1.4177361864157596,0.48840078190833003,1067,1067,152.0,0.14287573194534808
S시각_B3_특보없는때_파고+풍속,좌초좌주,dow4,1.0171365060705482,0.7853476954478396,1.3173358475209471,0.8975380984573003,1067,1067,139.0,0.14255042290175668
S시각_B3_특보없는때_파고+풍속,좌초좌주,dow5,1.2539443184384784,0.9720377651175318,1.617608296889596,0.08155800136456692,1067,1067,171.0,0.14235523747560183
S시각_B3_특보없는때_파고+풍속,좌초좌주,dow6,1.3232876303240146,1.0360590388371147,1.6901451432092045,0.02484874156173067,1067,1067,183.0,0.14271307742355238
S시각_B3_특보없는때_파고+풍속,좌초좌주,hol,0.8781579526894222,0.639880178320363,1.2051653043792006,0.42110906719368346,1067,1067,50.0,0.05253741054001301
S시각_B4_특보없는때_파고연속(1m당),좌초좌주,wh_per1m,0.6133260238641125,0.49126757571632246,0.7657106435336509,1.5756048354242935e-05,1067,1067,,
S시각_B4_특보없는때_파고연속(1m당),좌초좌주,dow1,1.0185496198847819,0.780823630937945,1.328652575385341,0.8921862084951262,1067,1067,139.0,0.14329863370201693
S시각_B4_특보없는때_파고연속(1m당),좌초좌주,dow2,1.0645645159351924,0.8273798826857811,1.3697427654507401,0.6266037485061511,1067,1067,147.0,0.14372153545868574
S시각_B4_특보없는때_파고연속(1m당),좌초좌주,dow3,1.0933089239914626,0.8452778386859516,1.414120125446081,0.49678469996875974,1067,1067,152.0,0.14287573194534808
S시각_B4_특보없는때_파고연속(1m당),좌초좌주,dow4,1.0172114254558253,0.7856515918232737,1.3170202858961737,0.8969723218864101,1067,1067,139.0,0.14255042290175668
S시각_B4_특보없는때_파고연속(1m당),좌초좌주,dow5,1.2525689124996056,0.9710975154416529,1.6156244410190865,0.08289089897357282,1067,1067,171.0,0.14235523747560183
S시각_B4_특보없는때_파고연속(1m당),좌초좌주,dow6,1.3290826736515298,1.0409226568412948,1.6970144148471773,0.022508713377717537,1067,1067,183.0,0.14271307742355238
S시각_B4_특보없는때_파고연속(1m당),좌초좌주,hol,0.885097747989564,0.6453543053167596,1.2139037688943315,0.448866218054067,1067,1067,50.0,0.05253741054001301
S시각_B5_특보없는때_풍속연속(1m/s당),좌초좌주,ws_per1ms,0.9804886101218929,0.954460281849698,1.0072267362615615,0.15116367232159478,1067,1067,,
S시각_B5_특보없는때_풍속연속(1m/s당),좌초좌주,dow1,1.0144822785541576,0.7777524774525514,1.3232671361862978,0.9155381669788021,1067,1067,139.0,0.14329863370201693
S시각_B5_특보없는때_풍속연속(1m/s당),좌초좌주,dow2,1.0651914958800313,0.8278773092446836,1.3705326987767361,0.623345208549908,1067,1067,147.0,0.14372153545868574
S시각_B5_특보없는때_풍속연속(1m/s당),좌초좌주,dow3,1.100911577731921,0.8509825541654488,1.4242434184479742,0.46431094340128753,1067,1067,152.0,0.14287573194534808
S시각_B5_특보없는때_풍속연속(1m/s당),좌초좌주,dow4,1.0201689494281894,0.7879806218222155,1.3207744664718784,0.8795419382681366,1067,1067,139.0,0.14255042290175668
S시각_B5_특보없는때_풍속연속(1m/s당),좌초좌주,dow5,1.2499040018864442,0.9691889915329907,1.6119250503048763,0.08564167309344217,1067,1067,171.0,0.14235523747560183
S시각_B5_특보없는때_풍속연속(1m/s당),좌초좌주,dow6,1.3286807182358251,1.0408463944766153,1.696112375831774,0.02252562770644273,1067,1067,183.0,0.14271307742355238
S시각_B5_특보없는때_풍속연속(1m/s당),좌초좌주,hol,0.8867805967359242,0.6472725293323701,1.2149130252112417,0.45442933634404614,1067,1067,50.0,0.05253741054001301
S시각_C1_특보있는때만_파고,좌초좌주,wh[2-3],0.7917732887011323,0.3181526769309767,1.9704531382478787,0.615724763130693,75,75,13.0,0.21199294532627866
S시각_C1_특보있는때만_파고,좌초좌주,wh[3-4],1.4863454373456892,0.5092250384544064,4.338401673695689,0.4683498817656635,75,75,11.0,0.055379188712522044
S시각_C1_특보있는때만_파고,좌초좌주,wh[4+],0.683220056077408,0.05696320524908921,8.194581800396147,0.7637732684289538,75,75,2.0,0.012698412698412698
S시각_C1_특보있는때만_파고,좌초좌주,dow1,1.5425581063227594,0.5542099220446155,4.293473315316253,0.4065863523983939,75,75,15.0,0.1523809523809524
S시각_C1_특보있는때만_파고,좌초좌주,dow2,1.5458725173535592,0.5475543942478994,4.364355149028553,0.4107400285909162,75,75,13.0,0.1382716049382716
S시각_C1_특보있는때만_파고,좌초좌주,dow3,1.804335792662856,0.6689858971944438,4.8665116355031826,0.24365933114008098,75,75,14.0,0.14179894179894179
S시각_C1_특보있는때만_파고,좌초좌주,dow4,1.182875383776568,0.38965846078819716,3.5908220001544104,0.7668928298562561,75,75,9.0,0.15873015873015872
S시각_C1_특보있는때만_파고,좌초좌주,dow5,1.2431728553640335,0.3627706267603749,4.260209163336747,0.7290524876920532,75,75,6.0,0.13156966490299823
S시각_C1_특보있는때만_파고,좌초좌주,dow6,1.1716240401267821,0.3441378217994414,3.98881728321915,0.7999561355052351,75,75,7.0,0.11816578483245149
S시각_C1_특보있는때만_파고,좌초좌주,hol,1.2736537254473974,0.23568410686705366,6.882915585229059,0.7787040519690074,75,75,4.0,0.04197530864197531
S시각_C2_특보있는때만_풍속,좌초좌주,ws[10-14],1.5850234374663477,0.7819158524293203,3.2130046852384684,0.2013840712911561,75,75,31.0,0.4102292768959436
S시각_C2_특보있는때만_풍속,좌초좌주,ws[14-17],1.6625300480316545,0.6042902425228709,4.57397119150658,0.32487316886201145,75,75,13.0,0.08677248677248678
S시각_C2_특보있는때만_풍속,좌초좌주,ws[17+],4.062709557611327e-10,1.2087802910799116e-10,1.365476345975205e-09,0.0,75,75,3.0,0.012345679012345678
S시각_C2_특보있는때만_풍속,좌초좌주,dow1,1.5860029420795514,0.569732599291683,4.415063023271368,0.37725455931044616,75,75,15.0,0.1523809523809524
S시각_C2_특보있는때만_풍속,좌초좌주,dow2,1.6271843418154806,0.5729827478019583,4.620957423947815,0.36059604740433837,75,75,13.0,0.1382716049382716
S시각_C2_특보있는때만_풍속,좌초좌주,dow3,1.9164091796502116,0.7260859037147369,5.058112442423189,0.188985446859669,75,75,14.0,0.14179894179894179
S시각_C2_특보있는때만_풍속,좌초좌주,dow4,1.266642946895727,0.4222921721322387,3.799228261371339,0.6731919986414949,75,75,9.0,0.15873015873015872
S시각_C2_특보있는때만_풍속,좌초좌주,dow5,1.227268446053394,0.3573231442994112,4.215198099276311,0.7449536023073977,75,75,6.0,0.13156966490299823
S시각_C2_특보있는때만_풍속,좌초좌주,dow6,1.1871431138728286,0.34333929425656295,4.104711567801379,0.7863670936686566,75,75,7.0,0.11816578483245149
S시각_C2_특보있는때만_풍속,좌초좌주,hol,1.0943149973099071,0.19887561110456706,6.021478987223495,0.9174901023485103,75,75,4.0,0.04197530864197531
S시각_C3_축(특보없음 파고구간 vs 특보),좌초좌주,nw_wh_1.5-2,0.3365788661749002,0.1738379937575478,0.6516718854543424,0.0012365950371420187,1142,1142,9.0,0.021593447505584513
S시각_C3_축(특보없음 파고구간 vs 특보),좌초좌주,nw_wh_2-3,0.5767537544564281,0.1486536150025226,2.2377181562247297,0.4262669580356717,1142,1142,2.0,0.002769918093819806
S시각_C3_축(특보없음 파고구간 vs 특보),좌초좌주,nw_wh_3+,13.652828657253302,1.145320945252945,162.74890555079335,0.03870494779741129,1142,1142,1.0,5.956813104988831e-05
S시각_C3_축(특보없음 파고구간 vs 특보),좌초좌주,w_주의보,0.692202644202433,0.5225304085965133,0.9169696016884352,0.0103417843733431,1142,1142,62.0,0.07457930007446016
S시각_C3_축(특보없음 파고구간 vs 특보),좌초좌주,w_경보,1.0939960648226357,0.6243143416432413,1.9170269045834745,0.7535940542667006,1142,1142,13.0,0.009858525688756515
S시각_C3_축(특보없음 파고구간 vs 특보),좌초좌주,dow1,1.0352220100976666,0.806614383880321,1.328620753122673,0.7856952107268385,1142,1142,154.0,0.14406552494415487
S시각_C3_축(특보없음 파고구간 vs 특보),좌초좌주,dow2,1.0827384350075226,0.8484861714693646,1.3816636712091273,0.5227638172575719,1142,1142,160.0,0.1432613551749814
S시각_C3_축(특보없음 파고구간 vs 특보),좌초좌주,dow3,1.1169452517732754,0.8731070914394473,1.428881643146508,0.37878916489361836,1142,1142,166.0,0.14278481012658228
S시각_C3_축(특보없음 파고구간 vs 특보),좌초좌주,dow4,1.001930610030328,0.7808495877960939,1.2856060411699777,0.9879015344777666,1142,1142,148.0,0.14391660461653016
S시각_C3_축(특보없음 파고구간 vs 특보),좌초좌주,dow5,1.208404034218241,0.9470593428627243,1.5418678047153596,0.12787888013168702,1142,1142,177.0,0.1414445271779598
S시각_C3_축(특보없음 파고구간 vs 특보),좌초좌주,dow6,1.2907030480133206,1.0182013399933958,1.6361345175225182,0.0349378155748743,1142,1142,190.0,0.1406403574087863
S시각_C3_축(특보없음 파고구간 vs 특보),좌초좌주,hol,0.912966835125057,0.6751755561759916,1.2345062471737358,0.5541903198774523,1142,1142,54.0,0.051645569620253164
S시각_C4_축(특보없음 풍속구간 vs 특보),좌초좌주,nw_ws_10-12,0.7900370137317857,0.5291915518841274,1.1794566274612495,0.24903021477959375,1142,1142,25.0,0.026746090841399853
S시각_C4_축(특보없음 풍속구간 vs 특보),좌초좌주,nw_ws_12-14,0.8131849419756109,0.3600492818268144,1.8366089955817544,0.6188369095589255,1142,1142,6.0,0.0060759493670886075
S시각_C4_축(특보없음 풍속구간 vs 특보),좌초좌주,nw_ws_14+,1.8595890953129612,0.4318185557841079,8.00815888313928,0.4049879977574833,1142,1142,2.0,0.0009233060312732688
S시각_C4_축(특보없음 풍속구간 vs 특보),좌초좌주,w_주의보,0.7064591977050917,0.5337905292317655,0.9349821150637635,0.01509235465013159,1142,1142,62.0,0.07457930007446016
S시각_C4_축(특보없음 풍속구간 vs 특보),좌초좌주,w_경보,1.1170556924023995,0.6353018027010042,1.9641269938531398,0.7006449876175675,1142,1142,13.0,0.009858525688756515
S시각_C4_축(특보없음 풍속구간 vs 특보),좌초좌주,dow1,1.04015209498138,0.8111734551795204,1.3337669937124796,0.7563140940890845,1142,1142,154.0,0.14406552494415487
S시각_C4_축(특보없음 풍속구간 vs 특보),좌초좌주,dow2,1.0829639082072822,0.8484532375925086,1.382292829487514,0.5220970245189838,1142,1142,160.0,0.1432613551749814
S시각_C4_축(특보없음 풍속구간 vs 특보),좌초좌주,dow3,1.1242680557541938,0.8791695197720447,1.4376961811836306,0.35051492095554804,1142,1142,166.0,0.14278481012658228
S시각_C4_축(특보없음 풍속구간 vs 특보),좌초좌주,dow4,1.0041144262039705,0.7827153879788721,1.2881384426520879,0.974226229456969,1142,1142,148.0,0.14391660461653016
S시각_C4_축(특보없음 풍속구간 vs 특보),좌초좌주,dow5,1.2090954501329634,0.947800900579143,1.5424250036468086,0.12640285770805848,1142,1142,177.0,0.1414445271779598
S시각_C4_축(특보없음 풍속구간 vs 특보),좌초좌주,dow6,1.3011008868530682,1.0266492914380814,1.6489209430014395,0.029436754507777385,1142,1142,190.0,0.1406403574087863
S시각_C4_축(특보없음 풍속구간 vs 특보),좌초좌주,hol,0.9177757347755934,0.6790515515858528,1.2404246737611444,0.576682357474557,1142,1142,54.0,0.051645569620253164
"S시각_C5_축세분(파고, 기준: 특보없음·1m미만)",좌초좌주,nw_wh_1.0-1.5,0.7112954541996068,0.543269123921906,0.9312902222614681,0.013221869131466946,1142,1142,72.0,0.07728965003723008
"S시각_C5_축세분(파고, 기준: 특보없음·1m미만)",좌초좌주,nw_wh_1.5-2.0,0.3126444249606725,0.16037379763068166,0.6094919363578715,0.0006407895099989069,1142,1142,9.0,0.021593447505584513
"S시각_C5_축세분(파고, 기준: 특보없음·1m미만)",좌초좌주,nw_wh_2.0-2.5,0.2878372825088657,0.04328024129189964,1.914275399790687,0.1976480497484392,1142,1142,1.0,0.002531645569620253
"S시각_C5_축세분(파고, 기준: 특보없음·1m미만)",좌초좌주,nw_wh_2.5-99,5.4807232015834,1.3086898374909446,22.95297629113166,0.0199032635632439,1142,1142,2.0,0.0002978406552494416
"S시각_C5_축세분(파고, 기준: 특보없음·1m미만)",좌초좌주,w_주의보,0.6640718257504759,0.4996180336642352,0.8826570700847352,0.00480581812171943,1142,1142,62.0,0.07457930007446016
"S시각_C5_축세분(파고, 기준: 특보없음·1m미만)",좌초좌주,w_경보,1.048617327293701,0.5988161152022468,1.8362870857762428,0.8680998051788071,1142,1142,13.0,0.009858525688756515
"S시각_C5_축세분(파고, 기준: 특보없음·1m미만)",좌초좌주,dow1,1.0455969850267448,0.8148517917626772,1.3416833173208886,0.7259639424125408,1142,1142,154.0,0.14406552494415487
"S시각_C5_축세분(파고, 기준: 특보없음·1m미만)",좌초좌주,dow2,1.0851451983467486,0.8500857034819014,1.3852016292849871,0.5118016726911594,1142,1142,160.0,0.1432613551749814
"S시각_C5_축세분(파고, 기준: 특보없음·1m미만)",좌초좌주,dow3,1.1213478723811656,0.8768065316945319,1.4340917927055725,0.361492141098152,1142,1142,166.0,0.14278481012658228
"S시각_C5_축세분(파고, 기준: 특보없음·1m미만)",좌초좌주,dow4,1.0047832507840726,0.7826716024196549,1.289927190324818,0.9701348580928868,1142,1142,148.0,0.14391660461653016
"S시각_C5_축세분(파고, 기준: 특보없음·1m미만)",좌초좌주,dow5,1.2128964426827304,0.9504192424474891,1.5478619486744047,0.12083288963628758,1142,1142,177.0,0.1414445271779598
"S시각_C5_축세분(파고, 기준: 특보없음·1m미만)",좌초좌주,dow6,1.3018562218180811,1.0267432795890954,1.6506848946357096,0.029413828047009982,1142,1142,190.0,0.1406403574087863
"S시각_C5_축세분(파고, 기준: 특보없음·1m미만)",좌초좌주,hol,0.913645119052933,0.6754139026395188,1.2359049766477321,0.5579349039694748,1142,1142,54.0,0.051645569620253164
"S시각_C6_축세분(풍속, 기준: 특보없음·8m/s미만)",좌초좌주,nw_ws_8-10,0.8897192282608071,0.7012839945096639,1.128787069624327,0.3358904126403153,1142,1142,84.0,0.07868950111690245
"S시각_C6_축세분(풍속, 기준: 특보없음·8m/s미만)",좌초좌주,nw_ws_10-12,0.7785326952669436,0.5197994196356036,1.166052009108661,0.22450423832071387,1142,1142,25.0,0.026746090841399853
"S시각_C6_축세분(풍속, 기준: 특보없음·8m/s미만)",좌초좌주,nw_ws_12-14,0.7996801813676468,0.3538606759938275,1.8071756367846519,0.5909928458294256,1142,1142,6.0,0.0060759493670886075
"S시각_C6_축세분(풍속, 기준: 특보없음·8m/s미만)",좌초좌주,nw_ws_14-99,1.823206414105583,0.42400583732446934,7.839707230002104,0.41963665691989194,1142,1142,2.0,0.0009233060312732688
"S시각_C6_축세분(풍속, 기준: 특보없음·8m/s미만)",좌초좌주,w_주의보,0.6983801439052576,0.5269479002780164,0.9255845314950504,0.012485574587108417,1142,1142,62.0,0.07457930007446016
"S시각_C6_축세분(풍속, 기준: 특보없음·8m/s미만)",좌초좌주,w_경보,1.1042886769343643,0.6283480156248634,1.9407294233160868,0.7302248021458528,1142,1142,13.0,0.009858525688756515
"S시각_C6_축세분(풍속, 기준: 특보없음·8m/s미만)",좌초좌주,dow1,1.0398768943024113,0.8110129711180787,1.3333251055322406,0.7578377006229535,1142,1142,154.0,0.14406552494415487
"S시각_C6_축세분(풍속, 기준: 특보없음·8m/s미만)",좌초좌주,dow2,1.0809938376638826,0.8467535885965366,1.3800327424701133,0.5319577543358922,1142,1142,160.0,0.1432613551749814
"S시각_C6_축세분(풍속, 기준: 특보없음·8m/s미만)",좌초좌주,dow3,1.1225999715180133,0.8776589498392098,1.4359002392479707,0.35711464648785607,1142,1142,166.0,0.14278481012658228
"S시각_C6_축세분(풍속, 기준: 특보없음·8m/s미만)",좌초좌주,dow4,1.004903810359307,0.7833459153074321,1.289126104242639,0.969293260812905,1142,1142,148.0,0.14391660461653016
"S시각_C6_축세분(풍속, 기준: 특보없음·8m/s미만)",좌초좌주,dow5,1.2090729871129762,0.9477011876669151,1.542529973783349,0.12657492497415124,1142,1142,177.0,0.1414445271779598
"S시각_C6_축세분(풍속, 기준: 특보없음·8m/s미만)",좌초좌주,dow6,1.3021860607370612,1.0274101317224453,1.6504494986195009,0.0289895344072586,1142,1142,190.0,0.1406403574087863
"S시각_C6_축세분(풍속, 기준: 특보없음·8m/s미만)",좌초좌주,hol,0.9186266758013789,0.6796111187633643,1.2417027123238147,0.5809353591654423,1142,1142,54.0,0.051645569620253164
S시각_C7_축(특보없음 & (파고≥1.5 또는 풍속≥10)),좌초좌주,nw_or_1.5_10,0.6790786530021587,0.49612467790429204,0.9294998565908605,0.01567146813213638,1142,1142,41.0,0.049769173492181684
S시각_C7_축(특보없음 & (파고≥1.5 또는 풍속≥10)),좌초좌주,w_주의보,0.6955328996789693,0.5251121407634404,0.9212622923410345,0.011344789463324734,1142,1142,62.0,0.07457930007446016
S시각_C7_축(특보없음 & (파고≥1.5 또는 풍속≥10)),좌초좌주,w_경보,1.101386325502917,0.6272295899897465,1.93398375549318,0.7367309860293829,1142,1142,13.0,0.009858525688756515
S시각_C7_축(특보없음 & (파고≥1.5 또는 풍속≥10)),좌초좌주,dow1,1.0388290834027678,0.8099734218680497,1.3323472541043924,0.764145845782781,1142,1142,154.0,0.14406552494415487
S시각_C7_축(특보없음 & (파고≥1.5 또는 풍속≥10)),좌초좌주,dow2,1.0804965132089261,0.8465577265742164,1.3790822272464331,0.5340010667591331,1142,1142,160.0,0.1432613551749814
S시각_C7_축(특보없음 & (파고≥1.5 또는 풍속≥10)),좌초좌주,dow3,1.1206785083762,0.8762982543975099,1.4332110247096184,0.3639671251684522,1142,1142,166.0,0.14278481012658228
S시각_C7_축(특보없음 & (파고≥1.5 또는 풍속≥10)),좌초좌주,dow4,1.0014132432204126,0.7805046901509839,1.284846198045567,0.9911385923574385,1142,1142,148.0,0.14391660461653016
S시각_C7_축(특보없음 & (파고≥1.5 또는 풍속≥10)),좌초좌주,dow5,1.2058478682355365,0.9450698548377972,1.5385837077384616,0.13217526519034117,1142,1142,177.0,0.1414445271779598
S시각_C7_축(특보없음 & (파고≥1.5 또는 풍속≥10)),좌초좌주,dow6,1.2964357434725906,1.022858645024265,1.6431846620541168,0.03180124858995326,1142,1142,190.0,0.1406403574087863
S시각_C7_축(특보없음 & (파고≥1.5 또는 풍속≥10)),좌초좌주,hol,0.9149992872240736,0.6768372574479875,1.2369645530113278,0.5636043654274863,1142,1142,54.0,0.051645569620253164
S시각_C8_축(특보없음 & (파고≥2 또는 풍속≥12)),좌초좌주,nw_or_2.0_12,0.7485574096234427,0.37299883742950213,1.5022518551631256,0.41513493442504434,1142,1142,8.0,0.008935219657483246
S시각_C8_축(특보없음 & (파고≥2 또는 풍속≥12)),좌초좌주,w_주의보,0.7096859927769013,0.5364559125258588,0.9388547997771547,0.01630943364821036,1142,1142,62.0,0.07457930007446016
S시각_C8_축(특보없음 & (파고≥2 또는 풍속≥12)),좌초좌주,w_경보,1.123108086398166,0.6393099033397572,1.9730208575583443,0.6863228356497642,1142,1142,13.0,0.009858525688756515
S시각_C8_축(특보없음 & (파고≥2 또는 풍속≥12)),좌초좌주,dow1,1.040285332959102,0.8113020331853336,1.3338972783303917,0.7555175232524505,1142,1142,154.0,0.14406552494415487
S시각_C8_축(특보없음 & (파고≥2 또는 풍속≥12)),좌초좌주,dow2,1.084545711951095,0.8496273851466668,1.3844179482379322,0.5146373730851499,1142,1142,160.0,0.1432613551749814
S시각_C8_축(특보없음 & (파고≥2 또는 풍속≥12)),좌초좌주,dow3,1.123834816368724,0.8787535686469342,1.4372683532053725,0.3522743527550154,1142,1142,166.0,0.14278481012658228
S시각_C8_축(특보없음 & (파고≥2 또는 풍속≥12)),좌초좌주,dow4,1.002016956198817,0.781171043128241,1.2852985134845996,0.9873445040991649,1142,1142,148.0,0.14391660461653016
S시각_C8_축(특보없음 & (파고≥2 또는 풍속≥12)),좌초좌주,dow5,1.208612832283558,0.9473380558557668,1.5419468998750792,0.1273415673740934,1142,1142,177.0,0.1414445271779598
S시각_C8_축(특보없음 & (파고≥2 또는 풍속≥12)),좌초좌주,dow6,1.298562084790453,1.024612038283835,1.645758028453111,0.030685601489023107,1142,1142,190.0,0.1406403574087863
S시각_C8_축(특보없음 & (파고≥2 또는 풍속≥12)),좌초좌주,hol,0.9153862074574906,0.6773006952607089,1.2371638102052567,0.5651242719383238,1142,1142,54.0,0.051645569620253164
S시각_A1_달력,표류,dow1,1.2807602923062698,0.9259127220665904,1.7715999437692895,0.1349241128541816,513,513,89.0,0.14298001852587006
S시각_A1_달력,표류,dow2,0.8667887744940943,0.6042498940197234,1.2433974536443193,0.4373973590302913,513,513,61.0,0.14430329495831679
S시각_A1_달력,표류,dow3,0.9710892897204825,0.6940255748929313,1.3587603147842384,0.8640840221679023,513,513,67.0,0.14403863967182745
S시각_A1_달력,표류,dow4,0.9580946277883388,0.6770386624494203,1.3558240713697094,0.8090517347035953,513,513,66.0,0.14331083763398175
S시각_A1_달력,표류,dow5,1.149086607124924,0.819196350746797,1.6118236238115122,0.4208794113873031,513,513,79.0,0.1414582506285563
S시각_A1_달력,표류,dow6,1.1704428166117509,0.8344170447395388,1.6417885943181694,0.36201069311902545,513,513,80.0,0.14066428476908827
S시각_A1_달력,표류,hol,1.669610911302367,1.1879631969924391,2.3465378407321675,0.0031583318472185873,513,513,40.0,0.049292047108641
S시각_A2_특보유무(풍랑·태풍),표류,any_warn,4.28214090470264,3.43164822080464,5.3434179577497645,0.0,513,513,135.0,0.08502051078470292
S시각_A2_특보유무(풍랑·태풍),표류,dow1,1.2578976211537283,0.9071043451374596,1.7443488544467625,0.1689760078130118,513,513,89.0,0.14298001852587006
S시각_A2_특보유무(풍랑·태풍),표류,dow2,0.9069385593582348,0.6318329904311212,1.3018274811664154,0.5963313336558405,513,513,61.0,0.14430329495831679
S시각_A2_특보유무(풍랑·태풍),표류,dow3,1.0157604521600259,0.7222984128925196,1.4284529465328768,0.9283718452840728,513,513,67.0,0.14403863967182745
S시각_A2_특보유무(풍랑·태풍),표류,dow4,0.965219114528998,0.6799274070669366,1.3702167751570355,0.843020062043411,513,513,66.0,0.14331083763398175
S시각_A2_특보유무(풍랑·태풍),표류,dow5,1.1786531396650872,0.8418430662882318,1.6502163874409377,0.3384071233131041,513,513,79.0,0.1414582506285563
S시각_A2_특보유무(풍랑·태풍),표류,dow6,1.2194943045950872,0.8687021800093266,1.7119404016275046,0.2515244739011353,513,513,80.0,0.14066428476908827
S시각_A2_특보유무(풍랑·태풍),표류,hol,1.6880325923189576,1.1937639575092693,2.3869492916139867,0.003056682613834072,513,513,40.0,0.049292047108641
S시각_A3_특보종류·수준,표류,wv_주의보,3.902494559275054,3.0782136523149455,4.947500565374403,0.0,513,513,109.0,0.07463279078999603
S시각_A3_특보종류·수준,표류,wv_경보,17.3322887946875,8.92591954035903,33.6557184393314,0.0,513,513,21.0,0.0038375016540955404
S시각_A3_특보종류·수준,표류,ty_주의보,1.312852052624025,0.1824416241802844,9.447298662370573,0.7869016292283859,513,513,1.0,0.0015217678973137487
S시각_A3_특보종류·수준,표류,ty_경보,2.432653633668711,0.9041680051296781,6.545026662995928,0.07832321821648591,513,513,6.0,0.005491597194653963
S시각_A3_특보종류·수준,표류,dow1,1.2516879304076258,0.9002651249740027,1.7402903118938085,0.1818316225341059,513,513,89.0,0.14298001852587006
S시각_A3_특보종류·수준,표류,dow2,0.8837591256449518,0.620198611774554,1.2593227029741223,0.49404004270393886,513,513,61.0,0.14430329495831679
S시각_A3_특보종류·수준,표류,dow3,0.9872086239585638,0.7026327563708334,1.387041606559828,0.9408481218699118,513,513,67.0,0.14403863967182745
S시각_A3_특보종류·수준,표류,dow4,0.9732771453941872,0.6847015440097728,1.3834763628532687,0.8800098426890146,513,513,66.0,0.14331083763398175
S시각_A3_특보종류·수준,표류,dow5,1.176767571286623,0.8413365717447437,1.645930966676142,0.3416978948182847,513,513,79.0,0.1414582506285563
S시각_A3_특보종류·수준,표류,dow6,1.2316207315676382,0.8762833358257138,1.7310492672987476,0.23030758141581753,513,513,80.0,0.14066428476908827
S시각_A3_특보종류·수준,표류,hol,1.6617318657382225,1.169612151072767,2.3609132233083625,0.004591240152670206,513,513,40.0,0.049292047108641
S시각_A3b_특보최고수준,표류,warn_주의보,3.7922280597349056,2.988105570059963,4.812746176418453,0.0,513,513,108.0,0.07575757575757576
S시각_A3b_특보최고수준,표류,warn_경보,11.331154556743117,5.842794894660736,21.97493937466987,6.790124018607457e-13,513,513,27.0,0.009262935027127167
S시각_A3b_특보최고수준,표류,dow1,1.255585344305823,0.9015352194471623,1.748677725316496,0.17808225531496213,513,513,89.0,0.14298001852587006
S시각_A3b_특보최고수준,표류,dow2,0.8909223720824613,0.6239097561582149,1.272207503156526,0.5251423155545138,513,513,61.0,0.14430329495831679
S시각_A3b_특보최고수준,표류,dow3,0.9893975294831643,0.7052669235262666,1.3879957200501423,0.9507897042015281,513,513,67.0,0.14403863967182745
S시각_A3b_특보최고수준,표류,dow4,0.9579363269805481,0.6740626040588064,1.3613602075289242,0.8105972090531868,513,513,66.0,0.14331083763398175
S시각_A3b_특보최고수준,표류,dow5,1.162929713369073,0.8309320134017603,1.6275766204987683,0.37880225213947893,513,513,79.0,0.1414582506285563
S시각_A3b_특보최고수준,표류,dow6,1.2172251292533072,0.8669289723607688,1.7090639054904644,0.25625510944344465,513,513,80.0,0.14066428476908827
S시각_A3b_특보최고수준,표류,hol,1.688647127144983,1.1931643342889784,2.3898879962031945,0.00311006383901713,513,513,40.0,0.049292047108641
S시각_B1_특보없는때_파고,표류,wh[0-0.5],0.6826728088582971,0.5192292791188913,0.897565262007816,0.006257321981913311,375,375,234.0,0.6703015222482436
S시각_B1_특보없는때_파고,표류,wh[1-1.5],0.9603938375968626,0.6056612432195595,1.5228914407515812,0.8635887926295107,375,375,27.0,0.07501463700234191
S시각_B1_특보없는때_파고,표류,wh[1.5-2],1.3051605816084733,0.6612021879169685,2.576283283561186,0.44271221058730026,375,375,9.0,0.02071135831381733
S시각_B1_특보없는때_파고,표류,wh[2-2.5],1.7545807800750237,0.38383910313351677,8.020427540280641,0.46839413420961673,375,375,2.0,0.003439695550351288
S시각_B1_특보없는때_파고,표류,wh[2.5-3],2.017887555301817e-09,7.035736789961116e-10,5.787411194307124e-09,0.0,375,375,0.0,0.0002927400468384075
S시각_B1_특보없는때_파고,표류,wh[3-4],0.9999974063853004,0.9999942127170681,1.0000006000637323,0.11144450005476236,375,375,0.0,0.0
S시각_B1_특보없는때_파고,표류,wh[4+],1.0000040705402016,1.0000004972400371,1.0000076438531345,0.025565899846533124,375,375,0.0,0.0
S시각_B1_특보없는때_파고,표류,dow1,1.185849142652086,0.8093623199812099,1.737464364737581,0.38174758769753003,375,375,54.0,0.14212529274004684
S시각_B1_특보없는때_파고,표류,dow2,1.0108099051101747,0.6662352130309023,1.53359751073597,0.9596817728320535,375,375,47.0,0.14571135831381732
S시각_B1_특보없는때_파고,표류,dow3,1.1230818528142568,0.7508506221464589,1.6798452460690314,0.572028371794703,375,375,50.0,0.14615046838407494
S시각_B1_특보없는때_파고,표류,dow4,1.1127094738851506,0.7372800780486233,1.6793107668807985,0.6110466983828211,375,375,50.0,0.14146662763466042
S시각_B1_특보없는때_파고,표류,dow5,1.3410694905573786,0.9151432897313393,1.9652303619379725,0.13227539710823688,375,375,60.0,0.14102751756440282
S시각_B1_특보없는때_파고,표류,dow6,1.4853901716865738,1.0152747655225796,2.173189009585405,0.0415415836120796,375,375,67.0,0.141173887587822
S시각_B1_특보없는때_파고,표류,hol,1.7836483024567,1.1899281994970983,2.6736077590238043,0.005078079046111572,375,375,30.0,0.04998536299765808
S시각_B2_특보없는때_풍속,표류,ws[0-4],0.8203540404274905,0.6297322167614982,1.0686776596989482,0.14218856370778266,375,375,147.0,0.469115925058548
S시각_B2_특보없는때_풍속,표류,ws[6-8],1.2942456594383551,0.9301406107305356,1.8008802192384823,0.12593642535316119,375,375,72.0,0.1601288056206089
S시각_B2_특보없는때_풍속,표류,ws[8-10],1.5334054804696111,1.0310130310880437,2.280603927045269,0.03478905729107362,375,375,40.0,0.07647833723653395
S시각_B2_특보없는때_풍속,표류,ws[10-12],1.8646463833250901,1.078566560119256,3.223636132815856,0.02569509037820672,375,375,18.0,0.027590749414519906
S시각_B2_특보없는때_풍속,표류,ws[12-14],3.9476698284150964,1.5995879716188075,9.742569555838514,0.0028902502602772273,375,375,6.0,0.00504976580796253
S시각_B2_특보없는때_풍속,표류,ws[14-17],1.8359280320217868e-09,6.711829595229263e-10,5.0219268694771695e-09,0.0,375,375,0.0,0.00043911007025761124
S시각_B2_특보없는때_풍속,표류,ws[17+],0.9999992526901608,0.9999992526901608,0.9999992526901608,,375,375,0.0,0.0
S시각_B2_특보없는때_풍속,표류,dow1,1.1860208086333022,0.8073444664577389,1.7423112648345918,0.3846216526657418,375,375,54.0,0.14212529274004684
S시각_B2_특보없는때_풍속,표류,dow2,1.0155272472713062,0.6672945377787022,1.5454878341780312,0.9426692452948786,375,375,47.0,0.14571135831381732
S시각_B2_특보없는때_풍속,표류,dow3,1.1508707961772298,0.7677885676367203,1.725088970223246,0.4962223719396188,375,375,50.0,0.14615046838407494
S시각_B2_특보없는때_풍속,표류,dow4,1.1056790478764422,0.729818625519438,1.6751095603278696,0.6355129678536393,375,375,50.0,0.14146662763466042
S시각_B2_특보없는때_풍속,표류,dow5,1.3467582456679157,0.9182590871100739,1.9752135293131077,0.12761492693389154,375,375,60.0,0.14102751756440282
S시각_B2_특보없는때_풍속,표류,dow6,1.4949381994268849,1.0230950649378565,2.1843915552866457,0.03770942372001951,375,375,67.0,0.141173887587822
S시각_B2_특보없는때_풍속,표류,hol,1.8010753761602762,1.2008164341571446,2.7013891701838353,0.004443893445280844,375,375,30.0,0.04998536299765808
S시각_B3_특보없는때_파고+풍속,표류,wh[0-0.5],0.9266919715355794,0.6703900998998837,1.2809825357455997,0.6448679220339342,375,375,234.0,0.6703015222482436
S시각_B3_특보없는때_파고+풍속,표류,wh[1-1.5],0.7918042263500825,0.4837467351065515,1.2960375489206308,0.3531233219692653,375,375,27.0,0.07501463700234191
S시각_B3_특보없는때_파고+풍속,표류,wh[1.5-2],0.8608129611826467,0.400634942357642,1.8495614730443455,0.7009130082732453,375,375,9.0,0.02071135831381733
S시각_B3_특보없는때_파고+풍속,표류,wh[2-2.5],0.8315785964711673,0.1564749451003784,4.4193845964626846,0.8286756350087141,375,375,2.0,0.003439695550351288
S시각_B3_특보없는때_파고+풍속,표류,wh[2.5-3],4.1156026816921117e-10,1.0461796288966301e-10,1.619051352721848e-09,0.0,375,375,0.0,0.0002927400468384075
S시각_B3_특보없는때_파고+풍속,표류,wh[3-4],0.9999976895280561,0.9999976895280561,0.9999976895280561,,375,375,0.0,0.0
S시각_B3_특보없는때_파고+풍속,표류,wh[4+],1.0000024745489537,1.0000024745489537,1.0000024745489537,,375,375,0.0,0.0
S시각_B3_특보없는때_파고+풍속,표류,ws[0-4],0.823354244707436,0.6308407281491307,1.0746170658110932,0.1526024258362444,375,375,147.0,0.469115925058548
S시각_B3_특보없는때_파고+풍속,표류,ws[6-8],1.2857073812460327,0.9029960812991309,1.8306208680466423,0.16331652955670894,375,375,72.0,0.1601288056206089
S시각_B3_특보없는때_파고+풍속,표류,ws[8-10],1.5408852673758833,0.9756225884414388,2.433653582179811,0.06371595713726497,375,375,40.0,0.07647833723653395
S시각_B3_특보없는때_파고+풍속,표류,ws[10-12],1.9734825017672217,1.0487717011443523,3.713518567035932,0.035062210925951076,375,375,18.0,0.027590749414519906
S시각_B3_특보없는때_파고+풍속,표류,ws[12-14],4.365217725866343,1.456958342590968,13.078703238921186,0.008482679435465545,375,375,6.0,0.00504976580796253
S시각_B3_특보없는때_파고+풍속,표류,ws[14-17],7.269447403324767e-10,1.9714567819707887e-10,2.680498301204363e-09,0.0,375,375,0.0,0.00043911007025761124
S시각_B3_특보없는때_파고+풍속,표류,ws[17+],1.0000027057156062,1.0000027057156062,1.0000027057156062,,375,375,0.0,0.0
S시각_B3_특보없는때_파고+풍속,표류,dow1,1.1875613318332172,0.8087974033474354,1.7437023301862167,0.38039560856848587,375,375,54.0,0.14212529274004684
S시각_B3_특보없는때_파고+풍속,표류,dow2,1.0184811227360653,0.6693063445179056,1.5498191610851613,0.9318691240776946,375,375,47.0,0.14571135831381732
S시각_B3_특보없는때_파고+풍속,표류,dow3,1.1551619520973835,0.7705944546440282,1.7316490243754166,0.4849646054412,375,375,50.0,0.14615046838407494
S시각_B3_특보없는때_파고+풍속,표류,dow4,1.1073281040904435,0.7314761714218257,1.676302766944719,0.6298655433959741,375,375,50.0,0.14146662763466042
S시각_B3_특보없는때_파고+풍속,표류,dow5,1.347954048560876,0.9183042329100992,1.978625440148153,0.12731416191292588,375,375,60.0,0.14102751756440282
S시각_B3_특보없는때_파고+풍속,표류,dow6,1.4903973434837563,1.0191855169812747,2.1794699830926354,0.039589218791773906,375,375,67.0,0.141173887587822
S시각_B3_특보없는때_파고+풍속,표류,hol,1.8033707047449958,1.1999116536961554,2.71032112132147,0.0045571924845875245,375,375,30.0,0.04998536299765808
S시각_B4_특보없는때_파고연속(1m당),표류,wh_per1m,1.785593102568037,1.2911703370686636,2.469343227925313,0.00045668833888967697,375,375,,
S시각_B4_특보없는때_파고연속(1m당),표류,dow1,1.1803616040042924,0.8045448370369068,1.731728863414076,0.3964802060609567,375,375,54.0,0.14212529274004684
S시각_B4_특보없는때_파고연속(1m당),표류,dow2,1.0037361809083867,0.6613458401134646,1.5233880063291894,0.9860221757805032,375,375,47.0,0.14571135831381732
S시각_B4_특보없는때_파고연속(1m당),표류,dow3,1.1223025900991033,0.7500046524362374,1.679407053878561,0.5747402065369411,375,375,50.0,0.14615046838407494
S시각_B4_특보없는때_파고연속(1m당),표류,dow4,1.109028901758305,0.733096737319858,1.6777391609077557,0.6241534183879862,375,375,50.0,0.14146662763466042
S시각_B4_특보없는때_파고연속(1m당),표류,dow5,1.3411688537002753,0.915495247656795,1.9647659545361487,0.13186362042503053,375,375,60.0,0.14102751756440282
S시각_B4_특보없는때_파고연속(1m당),표류,dow6,1.4928945851196194,1.0204147093448104,2.1841455457953067,0.039008480288980074,375,375,67.0,0.141173887587822
S시각_B4_특보없는때_파고연속(1m당),표류,hol,1.7710539591145404,1.1815534008026363,2.6546681038407196,0.005642154683761946,375,375,30.0,0.04998536299765808
S시각_B5_특보없는때_풍속연속(1m/s당),표류,ws_per1ms,1.12534781478831,1.0755550701330887,1.1774457109779788,3.144818889744272e-07,375,375,,
S시각_B5_특보없는때_풍속연속(1m/s당),표류,dow1,1.1813818172932533,0.8041340308783432,1.7356099165541456,0.3957166045552991,375,375,54.0,0.14212529274004684
S시각_B5_특보없는때_풍속연속(1m/s당),표류,dow2,1.0159020922809385,0.6682500795898745,1.5444174159084179,0.9411499829914003,375,375,47.0,0.14571135831381732
S시각_B5_특보없는때_풍속연속(1m/s당),표류,dow3,1.1519213016932448,0.7676781008720936,1.728488390885784,0.49455561512762314,375,375,50.0,0.14615046838407494
S시각_B5_특보없는때_풍속연속(1m/s당),표류,dow4,1.0963759941207487,0.7234720443407394,1.6614882771035249,0.6644201131538974,375,375,50.0,0.14146662763466042
S시각_B5_특보없는때_풍속연속(1m/s당),표류,dow5,1.3457018189035213,0.9173511850378915,1.974067745195582,0.12882595348597237,375,375,60.0,0.14102751756440282
S시각_B5_특보없는때_풍속연속(1m/s당),표류,dow6,1.488584447375276,1.0180934310185388,2.176503245631104,0.04011957996477866,375,375,67.0,0.141173887587822
S시각_B5_특보없는때_풍속연속(1m/s당),표류,hol,1.7804867051284903,1.188446180812692,2.6674602168114028,0.005156426355786614,375,375,30.0,0.04998536299765808
S시각_C1_특보있는때만_파고,표류,wh[2-3],2.5731983631807034,1.0894006528357105,6.077974892928945,0.031141493214265514,131,131,25.0,0.20724980299448384
S시각_C1_특보있는때만_파고,표류,wh[3-4],7.655335214829941,3.085539031572288,18.99316672119771,1.1317874202720901e-05,131,131,11.0,0.038613081166272656
S시각_C1_특보있는때만_파고,표류,wh[4+],22.872174874698256,5.562689934629002,94.04377911523265,1.4313408936761363e-05,131,131,15.0,0.017336485421591805
S시각_C1_특보있는때만_파고,표류,dow1,1.1762235250554822,0.5661724383884974,2.4436049639431765,0.6634944625777033,131,131,35.0,0.15839243498817968
S시각_C1_특보있는때만_파고,표류,dow2,0.6604542113651847,0.23437279178207335,1.8611365337816144,0.43257229402540087,131,131,13.0,0.1355397951142632
S시각_C1_특보있는때만_파고,표류,dow3,1.0284422630864738,0.44740204959916285,2.3640783260828555,0.9473451726260034,131,131,17.0,0.1276595744680851
S시각_C1_특보있는때만_파고,표류,dow4,0.6312636782415293,0.277381669502813,1.436626407870776,0.27287172373610646,131,131,16.0,0.1607565011820331
S시각_C1_특보있는때만_파고,표류,dow5,0.6260551913700352,0.25483159578011144,1.5380553633528715,0.30715447809750707,131,131,18.0,0.13238770685579196
S시각_C1_특보있는때만_파고,표류,dow6,0.47156276306268646,0.14854385276974055,1.49700869716915,0.20215800037821463,131,131,9.0,0.1284475965327029
S시각_C1_특보있는때만_파고,표류,hol,2.2429869068519466,0.4946805877567963,10.170179280984213,0.2949148870738232,131,131,10.0,0.04334121355397951
S시각_C2_특보있는때만_풍속,표류,ws[10-14],1.726679787181574,0.8933168565046181,3.3374754609771458,0.10427432445888885,131,131,41.0,0.3987391646966115
S시각_C2_특보있는때만_풍속,표류,ws[14-17],9.00993319762736,3.8542357755768366,21.062254867778066,3.8927336998284545e-07,131,131,35.0,0.07171000788022065
S시각_C2_특보있는때만_풍속,표류,ws[17+],24.496027662171585,6.675056662020022,89.89517267173059,1.422143124152342e-06,131,131,12.0,0.015760441292356184
S시각_C2_특보있는때만_풍속,표류,dow1,1.102552688188032,0.556292835835022,2.1852203586370993,0.7796947353100685,131,131,35.0,0.15839243498817968
S시각_C2_특보있는때만_풍속,표류,dow2,0.766995462846554,0.28990866616936145,2.0291978428941877,0.5930562464560531,131,131,13.0,0.1355397951142632
S시각_C2_특보있는때만_풍속,표류,dow3,1.0304538286179128,0.4754484303769332,2.233333890852257,0.9394057790969443,131,131,17.0,0.1276595744680851
S시각_C2_특보있는때만_풍속,표류,dow4,0.714061902774773,0.3278812508998634,1.5550886169763047,0.39637642035816945,131,131,16.0,0.1607565011820331
S시각_C2_특보있는때만_풍속,표류,dow5,1.2947318955971612,0.45350556176724754,3.6963839538024477,0.6293777883784979,131,131,18.0,0.13238770685579196
S시각_C2_특보있는때만_풍속,표류,dow6,0.724583953361197,0.234610547295451,2.2378444256701204,0.5755197389159119,131,131,9.0,0.1284475965327029
S시각_C2_특보있는때만_풍속,표류,hol,1.6067793882210217,0.5680136630554823,4.545207572163177,0.37138573502863137,131,131,10.0,0.04334121355397951
S시각_C3_축(특보없음 파고구간 vs 특보),표류,nw_wh_1.5-2,1.3048088654396663,0.6711112463240474,2.536876240199201,0.4328571343517198,506,506,9.0,0.018951315877586552
S시각_C3_축(특보없음 파고구간 vs 특보),표류,nw_wh_2-3,1.6001648383419322,0.3619910267669174,7.073455750367429,0.5352849514540139,506,506,2.0,0.00341525480479475
S시각_C3_축(특보없음 파고구간 vs 특보),표류,nw_wh_3+,1.000000000000003,1.000000000000003,1.000000000000003,,506,506,0.0,0.0
S시각_C3_축(특보없음 파고구간 vs 특보),표류,w_주의보,3.7229268098298993,2.916151510980049,4.752902576962523,0.0,506,506,104.0,0.07567133194937387
S시각_C3_축(특보없음 파고구간 vs 특보),표류,w_경보,11.526578610703217,5.920116052837447,22.442467898081425,6.421529974431905e-13,506,506,27.0,0.009308243487577847
S시각_C3_축(특보없음 파고구간 vs 특보),표류,dow1,1.272680514508107,0.9124963837284081,1.7750379298935457,0.15545317880168819,506,506,89.0,0.14350766758186567
S시각_C3_축(특보없음 파고구간 vs 특보),표류,dow2,0.8849578360179368,0.6178720413385388,1.267496049558994,0.5049207005945489,506,506,60.0,0.1448469831915891
S시각_C3_축(특보없음 파고구간 vs 특보),표류,dow3,1.0006992219577036,0.7120907942052418,1.4062798465810886,0.9967873635484814,506,506,67.0,0.1445791200696444
S시각_C3_축(특보없음 파고구간 vs 특보),표류,dow4,0.9703158507349142,0.6825729045878798,1.3793586646336071,0.8666558530115458,506,506,66.0,0.14310587289894863
S시각_C3_축(특보없음 파고구간 vs 특보),표류,dow5,1.18348724594014,0.8447896508541473,1.6579772963445045,0.3273763976485544,506,506,78.0,0.14029331011852944
S시각_C3_축(특보없음 파고구간 vs 특보),표류,dow6,1.1837051867770914,0.8375884868085512,1.6728476946260284,0.33922739891854437,506,506,76.0,0.1400924127770709
S시각_C3_축(특보없음 파고구간 vs 특보),표류,hol,1.6976782515073896,1.1962993087550269,2.409189259367343,0.0030404166938824417,506,506,40.0,0.04942074599879462
S시각_C4_축(특보없음 풍속구간 vs 특보),표류,nw_ws_10-12,1.8386726778940832,1.117811684735924,3.0244067606368525,0.01645676081710823,506,506,18.0,0.02524609924328668
S시각_C4_축(특보없음 풍속구간 vs 특보),표류,nw_ws_12-14,3.555340237521063,1.5156901439309203,8.339728443277675,0.003544964670922912,506,506,6.0,0.004620638853545838
S시각_C4_축(특보없음 풍속구간 vs 특보),표류,nw_ws_14+,2.0409118369841273e-09,8.280065327193101e-10,5.030541380709066e-09,0.0,506,506,0.0,0.00040179468291702937
S시각_C4_축(특보없음 풍속구간 vs 특보),표류,w_주의보,3.8136254926038755,2.9860880622068495,4.870499159723271,0.0,506,506,104.0,0.07567133194937387
S시각_C4_축(특보없음 풍속구간 vs 특보),표류,w_경보,11.859501959804405,6.102851204877611,23.04624216008968,2.9620750296999176e-13,506,506,27.0,0.009308243487577847
S시각_C4_축(특보없음 풍속구간 vs 특보),표류,dow1,1.2687272608509337,0.9090161787592638,1.770781312851203,0.16174819780753746,506,506,89.0,0.14350766758186567
S시각_C4_축(특보없음 풍속구간 vs 특보),표류,dow2,0.8862442439886126,0.6181426969002458,1.2706270962054216,0.5111892011227019,506,506,60.0,0.1448469831915891
S시각_C4_축(특보없음 풍속구간 vs 특보),표류,dow3,1.0023409178999199,0.713484591431702,1.4081415741304444,0.9892435617330995,506,506,67.0,0.1445791200696444
S시각_C4_축(특보없음 풍속구간 vs 특보),표류,dow4,0.9674098513315321,0.6797720894307876,1.3767582326555434,0.853983105927056,506,506,66.0,0.14310587289894863
S시각_C4_축(특보없음 풍속구간 vs 특보),표류,dow5,1.1840717215046486,0.844481833346747,1.6602202514062911,0.3271905305457419,506,506,78.0,0.14029331011852944
S시각_C4_축(특보없음 풍속구간 vs 특보),표류,dow6,1.172973909710321,0.829899115268018,1.6578735505902742,0.3661105493204122,506,506,76.0,0.1400924127770709
S시각_C4_축(특보없음 풍속구간 vs 특보),표류,hol,1.6925069400174777,1.1918059333106672,2.4035622427637455,0.003276254730860906,506,506,40.0,0.04942074599879462
"S시각_C5_축세분(파고, 기준: 특보없음·1m미만)",표류,nw_wh_1.0-1.5,1.0520230562592565,0.6721514170501796,1.6465821284111675,0.8244035163586261,506,506,27.0,0.06863992499832586
"S시각_C5_축세분(파고, 기준: 특보없음·1m미만)",표류,nw_wh_1.5-2.0,1.315418756069622,0.6695042338153631,2.5844892629864145,0.42624969159864445,506,506,9.0,0.018951315877586552
"S시각_C5_축세분(파고, 기준: 특보없음·1m미만)",표류,nw_wh_2.0-2.5,1.7596946314378268,0.3938256148666751,7.8626810421140325,0.4593387769959165,506,506,2.0,0.0031473916828500636
"S시각_C5_축세분(파고, 기준: 특보없음·1m미만)",표류,nw_wh_2.5-99,2.275907901878658e-09,8.172392877757469e-10,6.338115231747224e-09,0.0,506,506,0.0,0.00026786312194468625
"S시각_C5_축세분(파고, 기준: 특보없음·1m미만)",표류,w_주의보,3.743099405167193,2.9153870207276738,4.805808991173301,0.0,506,506,104.0,0.07567133194937387
"S시각_C5_축세분(파고, 기준: 특보없음·1m미만)",표류,w_경보,11.596285669802027,5.938964769043613,22.642640016420064,7.061018436615996e-13,506,506,27.0,0.009308243487577847
"S시각_C5_축세분(파고, 기준: 특보없음·1m미만)",표류,dow1,1.2725083364665095,0.9123964414702007,1.7747520625656121,0.15565316358651837,506,506,89.0,0.14350766758186567
"S시각_C5_축세분(파고, 기준: 특보없음·1m미만)",표류,dow2,0.8854204541316741,0.6181848933656682,1.268179454089324,0.5067633721689151,506,506,60.0,0.1448469831915891
"S시각_C5_축세분(파고, 기준: 특보없음·1m미만)",표류,dow3,1.0019271515032748,0.7127923120101742,1.4083457411155937,0.9911574000015542,506,506,67.0,0.1445791200696444
"S시각_C5_축세분(파고, 기준: 특보없음·1m미만)",표류,dow4,0.9706393422731922,0.682869924575141,1.3796781771502147,0.8680794968211103,506,506,66.0,0.14310587289894863
"S시각_C5_축세분(파고, 기준: 특보없음·1m미만)",표류,dow5,1.1836395814469955,0.8448161894494375,1.6583520489599581,0.32714654215058614,506,506,78.0,0.14029331011852944
"S시각_C5_축세분(파고, 기준: 특보없음·1m미만)",표류,dow6,1.1837462579312252,0.8375225451180848,1.67309550212599,0.3392864075006914,506,506,76.0,0.1400924127770709
"S시각_C5_축세분(파고, 기준: 특보없음·1m미만)",표류,hol,1.6950864178553549,1.1940546517840904,2.4063538127878368,0.003156077559762327,506,506,40.0,0.04942074599879462
"S시각_C6_축세분(풍속, 기준: 특보없음·8m/s미만)",표류,nw_ws_8-10,1.5687204873512037,1.098610036052701,2.239997712270442,0.013231816836646981,506,506,40.0,0.06997924060804929
"S시각_C6_축세분(풍속, 기준: 특보없음·8m/s미만)",표류,nw_ws_10-12,1.9536477959353085,1.1845415659758984,3.2221239171277394,0.0087051760126029,506,506,18.0,0.02524609924328668
"S시각_C6_축세분(풍속, 기준: 특보없음·8m/s미만)",표류,nw_ws_12-14,3.7922036788469082,1.6155941376376288,8.901250881541378,0.002199134039047923,506,506,6.0,0.004620638853545838
"S시각_C6_축세분(풍속, 기준: 특보없음·8m/s미만)",표류,nw_ws_14-99,2.125441737385524e-09,8.619515399903452e-10,5.2410168895005345e-09,0.0,506,506,0.0,0.00040179468291702937
"S시각_C6_축세분(풍속, 기준: 특보없음·8m/s미만)",표류,w_주의보,3.996598207528797,3.1222900154866844,5.115731451337536,0.0,506,506,104.0,0.07567133194937387
"S시각_C6_축세분(풍속, 기준: 특보없음·8m/s미만)",표류,w_경보,12.458462226058664,6.429811559384073,24.139631403598838,7.771561172376096e-14,506,506,27.0,0.009308243487577847
"S시각_C6_축세분(풍속, 기준: 특보없음·8m/s미만)",표류,dow1,1.2698983188983737,0.910408394739966,1.7713388295387191,0.15936659291581234,506,506,89.0,0.14350766758186567
"S시각_C6_축세분(풍속, 기준: 특보없음·8m/s미만)",표류,dow2,0.8896126200329684,0.6209338996578684,1.274548891851429,0.5237283452442678,506,506,60.0,0.1448469831915891
"S시각_C6_축세분(풍속, 기준: 특보없음·8m/s미만)",표류,dow3,1.0146402476974579,0.7221979759545306,1.4255022397243267,0.9332255179138076,506,506,67.0,0.1445791200696444
"S시각_C6_축세분(풍속, 기준: 특보없음·8m/s미만)",표류,dow4,0.9692607720324936,0.6807909396856267,1.379963200795312,0.8624797812628509,506,506,66.0,0.14310587289894863
"S시각_C6_축세분(풍속, 기준: 특보없음·8m/s미만)",표류,dow5,1.184048178438337,0.8443001452852013,1.660511485982943,0.327526876443232,506,506,78.0,0.14029331011852944
"S시각_C6_축세분(풍속, 기준: 특보없음·8m/s미만)",표류,dow6,1.1717591400453846,0.8293285816508658,1.6555796009667962,0.3687494242619598,506,506,76.0,0.1400924127770709
"S시각_C6_축세분(풍속, 기준: 특보없음·8m/s미만)",표류,hol,1.6866274187162382,1.187765895963615,2.395010716533103,0.0034800336665143927,506,506,40.0,0.04942074599879462
S시각_C7_축(특보없음 & (파고≥1.5 또는 풍속≥10)),표류,nw_or_1.5_10,1.6744557544480654,1.1088825847275041,2.5284931986674164,0.014225546100328668,506,506,28.0,0.04453224402330409
S시각_C7_축(특보없음 & (파고≥1.5 또는 풍속≥10)),표류,w_주의보,3.8177084269051575,2.9873172090188147,4.878925341058703,0.0,506,506,104.0,0.07567133194937387
S시각_C7_축(특보없음 & (파고≥1.5 또는 풍속≥10)),표류,w_경보,11.847334962966853,6.080149100712433,23.084852591573846,3.7703173916270316e-13,506,506,27.0,0.009308243487577847
S시각_C7_축(특보없음 & (파고≥1.5 또는 풍속≥10)),표류,dow1,1.2697041045890756,0.9100915140523732,1.7714136307368884,0.15987859170013108,506,506,89.0,0.14350766758186567
S시각_C7_축(특보없음 & (파고≥1.5 또는 풍속≥10)),표류,dow2,0.88558102178649,0.6180612200541982,1.2688933081412745,0.5078471354609235,506,506,60.0,0.1448469831915891
S시각_C7_축(특보없음 & (파고≥1.5 또는 풍속≥10)),표류,dow3,1.0020510487029368,0.7131334203082287,1.4080202604621495,0.990579698549664,506,506,67.0,0.1445791200696444
S시각_C7_축(특보없음 & (파고≥1.5 또는 풍속≥10)),표류,dow4,0.9643839490203328,0.6781644515398534,1.371402465900849,0.8400126780957815,506,506,66.0,0.14310587289894863
S시각_C7_축(특보없음 & (파고≥1.5 또는 풍속≥10)),표류,dow5,1.1829116807112634,0.844416750676181,1.6570965026956759,0.32871065250089426,506,506,78.0,0.14029331011852944
S시각_C7_축(특보없음 & (파고≥1.5 또는 풍속≥10)),표류,dow6,1.175815914444267,0.8320774333514686,1.6615557750337682,0.35860526042984553,506,506,76.0,0.1400924127770709
S시각_C7_축(특보없음 & (파고≥1.5 또는 풍속≥10)),표류,hol,1.6851448814668795,1.18639924920295,2.3935561940399133,0.003561045679590924,506,506,40.0,0.04942074599879462
S시각_C8_축(특보없음 & (파고≥2 또는 풍속≥12)),표류,nw_or_2.0_12,2.477976937031947,1.1154724457563432,5.504725575089188,0.025857391814990915,506,506,7.0,0.007433201633965044
S시각_C8_축(특보없음 & (파고≥2 또는 풍속≥12)),표류,w_주의보,3.731003643528944,2.9234777316194402,4.761585161900704,0.0,506,506,104.0,0.07567133194937387
S시각_C8_축(특보없음 & (파고≥2 또는 풍속≥12)),표류,w_경보,11.588178535129275,5.95803523488195,22.538618263926992,5.262457136723242e-13,506,506,27.0,0.009308243487577847
S시각_C8_축(특보없음 & (파고≥2 또는 풍속≥12)),표류,dow1,1.2700438374749705,0.9102397598014982,1.7720730518955898,0.15954228851210495,506,506,89.0,0.14350766758186567
S시각_C8_축(특보없음 & (파고≥2 또는 풍속≥12)),표류,dow2,0.885274959120328,0.6177260219073939,1.2687044506002505,0.5068732631320509,506,506,60.0,0.1448469831915891
S시각_C8_축(특보없음 & (파고≥2 또는 풍속≥12)),표류,dow3,0.9984792314309767,0.7109123397935438,1.4023680836494152,0.9929933770989832,506,506,67.0,0.1445791200696444
S시각_C8_축(특보없음 & (파고≥2 또는 풍속≥12)),표류,dow4,0.9706905637850013,0.6822783199380783,1.3810202421597668,0.8686512818327283,506,506,66.0,0.14310587289894863
S시각_C8_축(특보없음 & (파고≥2 또는 풍속≥12)),표류,dow5,1.1832667459022639,0.8443190465472076,1.658283320367864,0.3284435592225905,506,506,78.0,0.14029331011852944
S시각_C8_축(특보없음 & (파고≥2 또는 풍속≥12)),표류,dow6,1.1820140660291842,0.8365147923861117,1.6702122484953694,0.3431324613281903,506,506,76.0,0.1400924127770709
S시각_C8_축(특보없음 & (파고≥2 또는 풍속≥12)),표류,hol,1.6973677011483395,1.1962674157274285,2.408372137386757,0.003037464570455617,506,506,40.0,0.04942074599879462
S시각_A1_달력,접촉,dow1,0.6544133532382539,0.4367911708240374,0.9804612947844134,0.03981503083271698,352,352,43.0,0.14244382293374483
S시각_A1_달력,접촉,dow2,0.5922219882332431,0.3867153625681206,0.9069380668453646,0.01598658220379967,352,352,39.0,0.1433117947728807
S시각_A1_달력,접촉,dow3,0.7014877159524406,0.48302483388232964,1.018757175851645,0.06254881068961282,352,352,47.0,0.1444690905583952
S시각_A1_달력,접촉,dow4,0.7907484927672415,0.5435682991255614,1.1503304733178104,0.21957214913700773,352,352,53.0,0.14437264924293566
S시각_A1_달력,접촉,dow5,0.7662624233386062,0.5251065392647251,1.1181694713665444,0.16736070457181884,352,352,51.0,0.14369756003471887
S시각_A1_달력,접촉,dow6,0.8189093665905406,0.5640987308190575,1.1888212365165358,0.2934824310917532,352,352,54.0,0.1419616163564471
S시각_A1_달력,접촉,hol,0.8190654011478324,0.4601887644230458,1.45781075771928,0.4974268585353747,352,352,15.0,0.05014948403896229
S시각_A2_특보유무(풍랑·태풍),접촉,any_warn,0.6730789374840964,0.43058837769822317,1.0521307112525662,0.08238151456328291,352,352,22.0,0.08911177548461761
S시각_A2_특보유무(풍랑·태풍),접촉,dow1,0.6582936565652359,0.439347788759375,0.9863496513723642,0.042701158357294045,352,352,43.0,0.14244382293374483
S시각_A2_특보유무(풍랑·태풍),접촉,dow2,0.5933932610400118,0.38744809307020983,0.908807059695329,0.016409911337464722,352,352,39.0,0.1433117947728807
S시각_A2_특보유무(풍랑·태풍),접촉,dow3,0.7035516552114365,0.48443106927558116,1.021786097020889,0.06477607276608244,352,352,47.0,0.1444690905583952
S시각_A2_특보유무(풍랑·태풍),접촉,dow4,0.7935133759103098,0.5455294230771294,1.1542245956173696,0.22636610490733777,352,352,53.0,0.14437264924293566
S시각_A2_특보유무(풍랑·태풍),접촉,dow5,0.7687949170485631,0.527400383100692,1.120677275592467,0.17148279349671025,352,352,51.0,0.14369756003471887
S시각_A2_특보유무(풍랑·태풍),접촉,dow6,0.8198404995128287,0.5648475233391406,1.1899466968856396,0.295990456979635,352,352,54.0,0.1419616163564471
S시각_A2_특보유무(풍랑·태풍),접촉,hol,0.8195632042839974,0.46094035932959976,1.4572033718053303,0.4979730790825563,352,352,15.0,0.05014948403896229
S시각_A3_특보종류·수준,접촉,wv_주의보,0.675483684762274,0.42301946269519614,1.0786222588268648,0.10037509574177061,352,352,19.0,0.0785032307840679
S시각_A3_특보종류·수준,접촉,wv_경보,1.4093707433207554,0.42228352736848596,4.7037730893898315,0.5768176224712613,352,352,3.0,0.005690037612113029
S시각_A3_특보종류·수준,접촉,ty_주의보,2.368744782275747e-10,8.731223838354941e-11,6.426306262943938e-10,0.0,352,352,0.0,0.001446619731893143
S시각_A3_특보종류·수준,접촉,ty_경보,1.9962095723003738e-10,7.807092535364722e-11,5.104144261763234e-10,0.0,352,352,0.0,0.004339859195679429
S시각_A3_특보종류·수준,접촉,dow1,0.6576615618790977,0.4389381388990292,0.9853751397819371,0.042212654911759184,352,352,43.0,0.14244382293374483
S시각_A3_특보종류·수준,접촉,dow2,0.5949796682829792,0.38833580426564096,0.9115842571857472,0.01706709964939135,352,352,39.0,0.1433117947728807
S시각_A3_특보종류·수준,접촉,dow3,0.7044804240037579,0.4848579071529249,1.0235837355293105,0.06610489649228812,352,352,47.0,0.1444690905583952
S시각_A3_특보종류·수준,접촉,dow4,0.7944524689512259,0.5457975032566779,1.1563899095483383,0.22960801815179543,352,352,53.0,0.14437264924293566
S시각_A3_특보종류·수준,접촉,dow5,0.7678913915743442,0.5267724314431248,1.1193774655947375,0.1695924761540093,352,352,51.0,0.14369756003471887
S시각_A3_특보종류·수준,접촉,dow6,0.818637746041028,0.5637202126051318,1.1888304592557977,0.2931210055742961,352,352,54.0,0.1419616163564471
S시각_A3_특보종류·수준,접촉,hol,0.8176584521990904,0.4598371321460442,1.453917697625767,0.4930132536977978,352,352,15.0,0.05014948403896229
S시각_A3b_특보최고수준,접촉,warn_주의보,0.658572328110704,0.4121384160068141,1.0523588544727698,0.08070792348155553,352,352,19.0,0.07908187867682515
S시각_A3b_특보최고수준,접촉,warn_경보,0.7889190776880781,0.2159397001417288,2.8822551422073355,0.7198515662485447,352,352,3.0,0.010029896807792458
S시각_A3b_특보최고수준,접촉,dow1,0.6582749514026155,0.4393186205101818,0.9863590829382404,0.042706542179067775,352,352,43.0,0.14244382293374483
S시각_A3b_특보최고수준,접촉,dow2,0.5936279340879378,0.3877048674731159,0.9089236522261319,0.01642401552138173,352,352,39.0,0.1433117947728807
S시각_A3b_특보최고수준,접촉,dow3,0.7032338105345448,0.484069636463806,1.0216253097211412,0.0646434970623746,352,352,47.0,0.1444690905583952
S시각_A3b_특보최고수준,접촉,dow4,0.7930146475967152,0.5451250392515846,1.153629325422909,0.22524603005384303,352,352,53.0,0.14437264924293566
S시각_A3b_특보최고수준,접촉,dow5,0.7681307189302466,0.5269595109090714,1.1196776776007527,0.17004723582378123,352,352,51.0,0.14369756003471887
S시각_A3b_특보최고수준,접촉,dow6,0.8190121743803698,0.5640455977256114,1.1892317651055808,0.29407037013075565,352,352,54.0,0.1419616163564471
S시각_A3b_특보최고수준,접촉,hol,0.8202124043636948,0.46146609176839604,1.457850100522049,0.49942532849901644,352,352,15.0,0.05014948403896229
S시각_B1_특보없는때_파고,접촉,wh[0-0.5],1.2058445932531543,0.9061605800233474,1.6046396357700765,0.19912960892858456,328,328,207.0,0.5990571091824708
S시각_B1_특보없는때_파고,접촉,wh[1-1.5],0.9708566340829617,0.6234267925877154,1.5119058326487957,0.8958757448745325,328,328,29.0,0.09611057537769206
S시각_B1_특보없는때_파고,접촉,wh[1.5-2],0.7006487352310675,0.2882218224648748,1.7032320661310125,0.4324731059749558,328,328,6.0,0.0273224043715847
S시각_B1_특보없는때_파고,접촉,wh[2-2.5],3.1312691553897047,0.8620992805777697,11.373222022553886,0.08282653947498542,328,328,4.0,0.003857280617164899
S시각_B1_특보없는때_파고,접촉,wh[2.5-3],2.047319059560648e-09,8.362376877163805e-10,5.012349231815411e-09,0.0,328,328,0.0,0.0006428801028608164
S시각_B1_특보없는때_파고,접촉,wh[3-4],1.8611895150294882e-09,5.796147135304574e-10,5.9764293935124105e-09,0.0,328,328,0.0,0.0003214400514304082
S시각_B1_특보없는때_파고,접촉,wh[4+],1.0000001491385273,1.0000001491385273,1.0000001491385273,,328,328,0.0,0.0
S시각_B1_특보없는때_파고,접촉,dow1,0.6677095388236542,0.4366148918207221,1.0211196104121003,0.06238203096417161,328,328,39.0,0.14186220936462016
S시각_B1_특보없는때_파고,접촉,dow2,0.6161118798598239,0.39487094712357645,0.9613111606957769,0.032855906893129116,328,328,37.0,0.1437908496732026
S시각_B1_특보없는때_파고,접촉,dow3,0.7131784939518951,0.4817840358406715,1.0557086295895821,0.09119992380474362,328,328,43.0,0.14454087645987357
S시각_B1_특보없는때_파고,접촉,dow4,0.8619596777097247,0.581102346564127,1.2785604642459698,0.46024957760827423,328,328,51.0,0.14325511625415194
S시각_B1_특보없는때_파고,접촉,dow5,0.8539776914764795,0.5796078392391459,1.2582264216730126,0.4246925559868102,328,328,50.0,0.14250508946748097
S시각_B1_특보없는때_파고,접촉,dow6,0.8277190814080814,0.559338683479567,1.2248730473369196,0.3443508621025435,328,328,49.0,0.14293367620272152
S시각_B1_특보없는때_파고,접촉,hol,0.8044395925264244,0.44181185981396265,1.4647027770974033,0.4766300548670428,328,328,14.0,0.05025179470695382
S시각_B2_특보없는때_풍속,접촉,ws[0-4],0.9388334079005451,0.7034979498853889,1.2528937261775202,0.6681453733951219,328,328,139.0,0.4207650273224044
S시각_B2_특보없는때_풍속,접촉,ws[6-8],0.8786367650452676,0.6255599213982993,1.234098506764266,0.45538719815658824,328,328,57.0,0.1835422693667631
S시각_B2_특보없는때_풍속,접촉,ws[8-10],0.7236184859166389,0.44999201518331083,1.1636288989416472,0.18196502680405535,328,328,23.0,0.08914604093003321
S시각_B2_특보없는때_풍속,접촉,ws[10-12],0.966848358897887,0.5156197931869465,1.8129555177192584,0.9162898314302228,328,328,12.0,0.034501232186863816
S시각_B2_특보없는때_풍속,접촉,ws[12-14],1.4464493286161564,0.4017276511579288,5.208044938464118,0.5722639757049919,328,328,4.0,0.007821707918139933
S시각_B2_특보없는때_풍속,접촉,ws[14-17],1.219488634896606,0.14826448724380611,10.030402817881226,0.8535655463402063,328,328,1.0,0.0024643737276331297
S시각_B2_특보없는때_풍속,접촉,ws[17+],5.729016262651107e-09,7.858555362942159e-10,4.1765471924387885e-08,0.0,328,328,0.0,0.00010714668381013607
S시각_B2_특보없는때_풍속,접촉,dow1,0.6581200697601681,0.4295497572980191,1.0083163099557544,0.05461161827349925,328,328,39.0,0.14186220936462016
S시각_B2_특보없는때_풍속,접촉,dow2,0.6145600234197005,0.3944709741376712,0.9574443929905229,0.0313777398335362,328,328,37.0,0.1437908496732026
S시각_B2_특보없는때_풍속,접촉,dow3,0.7042391457787844,0.4772612647904283,1.0391641036802168,0.07731832918899029,328,328,43.0,0.14454087645987357
S시각_B2_특보없는때_풍속,접촉,dow4,0.849212700526796,0.5733609175173479,1.257780550963685,0.41474302412351993,328,328,51.0,0.14325511625415194
S시각_B2_특보없는때_풍속,접촉,dow5,0.8463706050226244,0.5746489916468145,1.246575233680451,0.3984833629247806,328,328,50.0,0.14250508946748097
S시각_B2_특보없는때_풍속,접촉,dow6,0.8170980716689044,0.551378332305014,1.2108732237154884,0.31415330772544614,328,328,49.0,0.14293367620272152
S시각_B2_특보없는때_풍속,접촉,hol,0.80103642348444,0.4402225652788592,1.457579420860182,0.4676121752237339,328,328,14.0,0.05025179470695382
S시각_B3_특보없는때_파고+풍속,접촉,wh[0-0.5],1.2029721473220076,0.8782060754854549,1.6478387335598548,0.24971339952072347,328,328,207.0,0.5990571091824708
S시각_B3_특보없는때_파고+풍속,접촉,wh[1-1.5],0.9563115229892982,0.605236976430576,1.5110308269590877,0.8482161370357661,328,328,29.0,0.09611057537769206
S시각_B3_특보없는때_파고+풍속,접촉,wh[1.5-2],0.6584144296355768,0.26157889215615976,1.6572803622608105,0.3748829004343541,328,328,6.0,0.0273224043715847
S시각_B3_특보없는때_파고+풍속,접촉,wh[2-2.5],2.824553242369796,0.6612464328779137,12.065246211248345,0.1610197502948434,328,328,4.0,0.003857280617164899
S시각_B3_특보없는때_파고+풍속,접촉,wh[2.5-3],1.5487260952623668e-09,4.747661210605061e-10,5.05207177123099e-09,0.0,328,328,0.0,0.0006428801028608164
S시각_B3_특보없는때_파고+풍속,접촉,wh[3-4],1.6597762825091622e-09,6.10930728069861e-11,4.5092793362734755e-08,0.0,328,328,0.0,0.0003214400514304082
S시각_B3_특보없는때_파고+풍속,접촉,wh[4+],0.9999957731415128,0.9999036281565274,1.0000879266180147,0.928363151529277,328,328,0.0,0.0
S시각_B3_특보없는때_파고+풍속,접촉,ws[0-4],0.9180344051137307,0.6871924587620608,1.226420863946551,0.5627528467134195,328,328,139.0,0.4207650273224044
S시각_B3_특보없는때_파고+풍속,접촉,ws[6-8],0.9339699048775641,0.6529005038281654,1.336037846658767,0.7084242590290981,328,328,57.0,0.1835422693667631
S시각_B3_특보없는때_파고+풍속,접촉,ws[8-10],0.8068966533353793,0.48255229981852094,1.349246930143521,0.41335937338647644,328,328,23.0,0.08914604093003321
S시각_B3_특보없는때_파고+풍속,접촉,ws[10-12],1.1342814668092356,0.5726420006899658,2.2467692631639262,0.7178615951677938,328,328,12.0,0.034501232186863816
S시각_B3_특보없는때_파고+풍속,접촉,ws[12-14],1.5556590452048433,0.49818332159656936,4.857800251465323,0.4468762460489275,328,328,4.0,0.007821707918139933
S시각_B3_특보없는때_파고+풍속,접촉,ws[14-17],0.8609942963428779,0.050251716174171214,14.751957440928019,0.9177616541994595,328,328,1.0,0.0024643737276331297
S시각_B3_특보없는때_파고+풍속,접촉,ws[17+],1.2559436044735663,0.026367368530457277,59.82373006983938,0.9079620785150919,328,328,0.0,0.00010714668381013607
S시각_B3_특보없는때_파고+풍속,접촉,dow1,0.6626597357311781,0.4325284850825248,1.015234696682538,0.058686485496787455,328,328,39.0,0.14186220936462016
S시각_B3_특보없는때_파고+풍속,접촉,dow2,0.6162659022752444,0.39522304532600977,0.9609350132754704,0.032694300949339894,328,328,37.0,0.1437908496732026
S시각_B3_특보없는때_파고+풍속,접촉,dow3,0.7064363079086428,0.4787357350216645,1.0424378641987335,0.08000925540996429,328,328,43.0,0.14454087645987357
S시각_B3_특보없는때_파고+풍속,접촉,dow4,0.859555175832512,0.5796360816640902,1.274653396626591,0.4515506541280794,328,328,51.0,0.14325511625415194
S시각_B3_특보없는때_파고+풍속,접촉,dow5,0.8529908672423803,0.5785391652804698,1.257639004001014,0.4221328335642114,328,328,50.0,0.14250508946748097
S시각_B3_특보없는때_파고+풍속,접촉,dow6,0.8214861870317763,0.554591004419557,1.2168238397416915,0.32659864615551726,328,328,49.0,0.14293367620272152
S시각_B3_특보없는때_파고+풍속,접촉,hol,0.8063087131471733,0.44287921674902103,1.4679707611239756,0.4812766355802822,328,328,14.0,0.05025179470695382
S시각_B4_특보없는때_파고연속(1m당),접촉,wh_per1m,0.8753340384357668,0.6177705608390067,1.240281954846899,0.45393403254220477,328,328,,
S시각_B4_특보없는때_파고연속(1m당),접촉,dow1,0.6632852488481428,0.4337965666127629,1.0141788921355626,0.05809069716793602,328,328,39.0,0.14186220936462016
S시각_B4_특보없는때_파고연속(1m당),접촉,dow2,0.6189206650930537,0.3969915584778448,0.9649141940145454,0.03420526074959196,328,328,37.0,0.1437908496732026
S시각_B4_특보없는때_파고연속(1m당),접촉,dow3,0.7123057386933093,0.4814194589492012,1.0539238826841002,0.08965062849804473,328,328,43.0,0.14454087645987357
S시각_B4_특보없는때_파고연속(1m당),접촉,dow4,0.8533750584519885,0.5766610963555783,1.2628717196120423,0.42784009314376714,328,328,51.0,0.14325511625415194
S시각_B4_특보없는때_파고연속(1m당),접촉,dow5,0.8479390778487136,0.5764256623996966,1.247343285775448,0.4022364626349926,328,328,50.0,0.14250508946748097
S시각_B4_특보없는때_파고연속(1m당),접촉,dow6,0.8251441931709809,0.557665238517513,1.2209169453232953,0.3363119271258044,328,328,49.0,0.14293367620272152
S시각_B4_특보없는때_파고연속(1m당),접촉,hol,0.7962978894019704,0.43764310708478416,1.4488753927596785,0.45574849286715624,328,328,14.0,0.05025179470695382
S시각_B5_특보없는때_풍속연속(1m/s당),접촉,ws_per1ms,0.9918151096280314,0.9481964961304945,1.0374402517841446,0.720220769656744,328,328,,
S시각_B5_특보없는때_풍속연속(1m/s당),접촉,dow1,0.6630243835762157,0.43383846460453984,1.01328344322197,0.05756188272722751,328,328,39.0,0.14186220936462016
S시각_B5_특보없는때_풍속연속(1m/s당),접촉,dow2,0.6184477500234106,0.3965057713315242,0.9646205608170678,0.0341054741449458,328,328,37.0,0.1437908496732026
S시각_B5_특보없는때_풍속연속(1m/s당),접촉,dow3,0.7126310464225086,0.4813974171881395,1.0549350499044423,0.09049573361853769,328,328,43.0,0.14454087645987357
S시각_B5_특보없는때_풍속연속(1m/s당),접촉,dow4,0.8531356413949516,0.5763495067898367,1.2628455720771168,0.42732936387675924,328,328,51.0,0.14325511625415194
S시각_B5_특보없는때_풍속연속(1m/s당),접촉,dow5,0.8460834957405619,0.5749185498562157,1.2451455635647897,0.39653810930303557,328,328,50.0,0.14250508946748097
S시각_B5_특보없는때_풍속연속(1m/s당),접촉,dow6,0.8241651662588065,0.5567616992958846,1.219998110741859,0.33387123826350185,328,328,49.0,0.14293367620272152
S시각_B5_특보없는때_풍속연속(1m/s당),접촉,hol,0.7975273734649151,0.4380498228134684,1.452003581101072,0.4592666939925707,328,328,14.0,0.05025179470695382
S시각_C1_특보있는때만_파고,접촉,wh[2-3],1.3974519174660835,0.32987314711685856,5.920069210537538,0.6495913874170527,21,21,6.0,0.2073170731707317
S시각_C1_특보있는때만_파고,접촉,wh[3-4],9.914106759035937e-11,3.792158150491902e-12,2.59191491833779e-09,0.0,21,21,0.0,0.06651884700665188
S시각_C1_특보있는때만_파고,접촉,wh[4+],24.044004380001336,1.0193648521888787,567.1317246068874,0.048621749829550254,21,21,2.0,0.013303769401330377
S시각_C1_특보있는때만_파고,접촉,dow1,1.3258381484149713,0.30953669608121115,5.678960905272582,0.703938810341916,21,21,4.0,0.15299334811529933
S시각_C1_특보있는때만_파고,접촉,dow2,0.36517920190652564,0.034651012034180625,3.8485412597341018,0.40181655139250383,21,21,1.0,0.1419068736141907
S시각_C1_특보있는때만_파고,접촉,dow3,1.0844680190479625,0.1719751945269106,6.838607669978715,0.9312216543567124,21,21,3.0,0.14966740576496673
S시각_C1_특보있는때만_파고,접촉,dow4,0.5609928485937903,0.06745686807761,4.665395609699725,0.5927397031840074,21,21,2.0,0.1574279379157428
S시각_C1_특보있는때만_파고,접촉,dow5,0.10068694748452735,0.023428161689307704,0.4327211638793986,0.002028586025986545,21,21,1.0,0.14745011086474502
S시각_C1_특보있는때만_파고,접촉,dow6,1.1838906093129975,0.22885079191117141,6.124501309847034,0.8404519852690382,21,21,5.0,0.12638580931263857
S시각_C1_특보있는때만_파고,접촉,hol,10.993081245640004,0.5734445011736323,210.7402460498103,0.11162135347697943,21,21,1.0,0.04878048780487805
S시각_C2_특보있는때만_풍속,접촉,ws[10-14],2.9769568046032315,0.7830423851249828,11.317742161631466,0.1093637228776716,21,21,11.0,0.43237250554323725
S시각_C2_특보있는때만_풍속,접촉,ws[14-17],44.92982986371148,2.663057599508623,758.0345284137079,0.008304946284625636,21,21,5.0,0.11086474501108648
S시각_C2_특보있는때만_풍속,접촉,ws[17+],2.0229760421602577e-07,3.1745136069466586e-09,1.2891524730588894e-05,3.552713678800501e-13,21,21,0.0,0.022172949002217297
S시각_C2_특보있는때만_풍속,접촉,dow1,1.047565860526689,0.18810561640446613,5.833925924792151,0.9577008158132387,21,21,4.0,0.15299334811529933
S시각_C2_특보있는때만_풍속,접촉,dow2,0.12363861259557647,0.025163981488801,0.6074756703887326,0.010062307578325713,21,21,1.0,0.1419068736141907
S시각_C2_특보있는때만_풍속,접촉,dow3,0.6901071782627373,0.10689209967527181,4.455408013656333,0.6966872732093576,21,21,3.0,0.14966740576496673
S시각_C2_특보있는때만_풍속,접촉,dow4,0.5386361631340866,0.051692047836009905,5.6126411775410405,0.6048673941734002,21,21,2.0,0.1574279379157428
S시각_C2_특보있는때만_풍속,접촉,dow5,0.2578916701623872,0.01267724344102178,5.24625987096963,0.37795742707997615,21,21,1.0,0.14745011086474502
S시각_C2_특보있는때만_풍속,접촉,dow6,1.080763149405275,0.22160672971963605,5.270819106396976,0.9234632499391668,21,21,5.0,0.12638580931263857
S시각_C2_특보있는때만_풍속,접촉,hol,2.500655234243298,0.08342066653183211,74.96076045091591,0.5972899447404076,21,21,1.0,0.04878048780487805
S시각_C3_축(특보없음 파고구간 vs 특보),접촉,nw_wh_1.5-2,0.665177944790236,0.2817207141502498,1.5705685667095977,0.3523140468753081,349,349,6.0,0.024914509037616023
S시각_C3_축(특보없음 파고구간 vs 특보),접촉,nw_wh_2-3,2.769903787486515,0.7820463745280508,9.810629192625898,0.11433890808148739,349,349,4.0,0.0041035661944308745
S시각_C3_축(특보없음 파고구간 vs 특보),접촉,nw_wh_3+,4.7861715379769926e-09,1.4879351096637997e-09,1.5395454977950623e-08,0.0,349,349,0.0,0.00029311187103077673
S시각_C3_축(특보없음 파고구간 vs 특보),접촉,w_주의보,0.6330825403191037,0.3911952522523303,1.0245357032052327,0.06270062256382447,349,349,18.0,0.07835857352222765
S시각_C3_축(특보없음 파고구간 vs 특보),접촉,w_경보,0.8138051809764318,0.22033088104974205,3.0058377174762283,0.7572687262224824,349,349,3.0,0.009770395701025891
S시각_C3_축(특보없음 파고구간 vs 특보),접촉,dow1,0.6658396341266377,0.4448852787212803,0.9965320040442331,0.04805448864726114,349,349,43.0,0.14284318514899855
S시각_C3_축(특보없음 파고구간 vs 특보),접촉,dow2,0.5804043573440875,0.37641701068118305,0.894936223563297,0.013799949894200303,349,349,38.0,0.1436248168050806
S시각_C3_축(특보없음 파고구간 vs 특보),접촉,dow3,0.6990915531052256,0.479029620865791,1.0202479728492675,0.0634443521772865,349,349,46.0,0.14499267220322423
S시각_C3_축(특보없음 파고구간 vs 특보),접촉,dow4,0.8102344350220785,0.5551000227431817,1.182633422444064,0.2754395798891722,349,349,53.0,0.14450415241817294
S시각_C3_축(특보없음 파고구간 vs 특보),접촉,dow5,0.7902609969382538,0.5411151840439145,1.1541210849318175,0.22314986898138245,349,349,51.0,0.1429408891060088
S시각_C3_축(특보없음 파고구간 vs 특보),접촉,dow6,0.8343610785499246,0.5732589481996236,1.2143873402854815,0.34432050606373155,349,349,54.0,0.14147532975085492
S시각_C3_축(특보없음 파고구간 vs 특보),접촉,hol,0.8402481984427259,0.47181100049523284,1.4963979946317083,0.5544317706710862,349,349,15.0,0.050122129946262826
S시각_C4_축(특보없음 풍속구간 vs 특보),접촉,nw_ws_10-12,1.0654943851942713,0.5777618059765077,1.9649590421812686,0.8390103244754117,349,349,12.0,0.03146067415730337
S시각_C4_축(특보없음 풍속구간 vs 특보),접촉,nw_ws_12-14,1.607918758838063,0.4579147369855966,5.646035224904019,0.4586074727343661,349,349,4.0,0.0071323888617489005
S시각_C4_축(특보없음 풍속구간 vs 특보),접촉,nw_ws_14+,1.3067450124869766,0.163284051458874,10.457742274294764,0.8009419674612264,349,349,1.0,0.002344894968246214
S시각_C4_축(특보없음 풍속구간 vs 특보),접촉,w_주의보,0.640181049142616,0.39504430574662247,1.0374324340829826,0.07017213002818212,349,349,18.0,0.07835857352222765
S시각_C4_축(특보없음 풍속구간 vs 특보),접촉,w_경보,0.8222403441512848,0.2222719560124859,3.0416755927232013,0.769327134736391,349,349,3.0,0.009770395701025891
S시각_C4_축(특보없음 풍속구간 vs 특보),접촉,dow1,0.6605805101347103,0.4407032246438349,0.9901597854712648,0.04465524685342004,349,349,43.0,0.14284318514899855
S시각_C4_축(특보없음 풍속구간 vs 특보),접촉,dow2,0.5832946393067001,0.378867776335408,0.8980247397517617,0.014343144764151106,349,349,38.0,0.1436248168050806
S시각_C4_축(특보없음 풍속구간 vs 특보),접촉,dow3,0.6946814820790185,0.47745977291136493,1.010728838161383,0.05688170950796456,349,349,46.0,0.14499267220322423
S시각_C4_축(특보없음 풍속구간 vs 특보),접촉,dow4,0.8032678546898779,0.5508384852086198,1.1713764809546785,0.2550487582827361,349,349,53.0,0.14450415241817294
S시각_C4_축(특보없음 풍속구간 vs 특보),접촉,dow5,0.7855799839757485,0.5382552931535565,1.1465487085275672,0.21091232503578872,349,349,51.0,0.1429408891060088
S시각_C4_축(특보없음 풍속구간 vs 특보),접촉,dow6,0.8320451469489869,0.5717521896344206,1.210837735495195,0.33677544646932356,349,349,54.0,0.14147532975085492
S시각_C4_축(특보없음 풍속구간 vs 특보),접촉,hol,0.8346668595409614,0.4694191167547175,1.4841082127892902,0.538254983455281,349,349,15.0,0.050122129946262826
"S시각_C5_축세분(파고, 기준: 특보없음·1m미만)",접촉,nw_wh_1.0-1.5,0.8823093657101079,0.5836861087791255,1.3337131124262476,0.5525315431208506,349,349,29.0,0.08764044943820225
"S시각_C5_축세분(파고, 기준: 특보없음·1m미만)",접촉,nw_wh_1.5-2.0,0.6462790687120519,0.27128805636583986,1.5396056879557867,0.32430879385283395,349,349,6.0,0.024914509037616023
"S시각_C5_축세분(파고, 기준: 특보없음·1m미만)",접촉,nw_wh_2.0-2.5,3.1333325667774776,0.8720826032891676,11.257847521552874,0.08007569947405169,349,349,4.0,0.003517342452369321
"S시각_C5_축세분(파고, 기준: 특보없음·1m미만)",접촉,nw_wh_2.5-99,1.76264374752865e-09,8.364644863070196e-10,3.714339379091665e-09,0.0,349,349,0.0,0.0008793356130923302
"S시각_C5_축세분(파고, 기준: 특보없음·1m미만)",접촉,w_주의보,0.6219079957966389,0.3831678128997379,1.009399908381649,0.05458851976302448,349,349,18.0,0.07835857352222765
"S시각_C5_축세분(파고, 기준: 특보없음·1m미만)",접촉,w_경보,0.8034715114779668,0.21824025161045943,2.958054094021898,0.74211278127297,349,349,3.0,0.009770395701025891
"S시각_C5_축세분(파고, 기준: 특보없음·1m미만)",접촉,dow1,0.6686317600312497,0.4467130315239798,1.0007955868162035,0.05044922671299057,349,349,43.0,0.14284318514899855
"S시각_C5_축세분(파고, 기준: 특보없음·1m미만)",접촉,dow2,0.5806962393418932,0.3766840497868031,0.895201489356057,0.013842432290658513,349,349,38.0,0.1436248168050806
"S시각_C5_축세분(파고, 기준: 특보없음·1m미만)",접촉,dow3,0.6979212783203236,0.47815380689137277,1.0186975481781178,0.06232323015577679,349,349,46.0,0.14499267220322423
"S시각_C5_축세분(파고, 기준: 특보없음·1m미만)",접촉,dow4,0.8114104027237099,0.5559033840124383,1.1843548008218667,0.27876733957430044,349,349,53.0,0.14450415241817294
"S시각_C5_축세분(파고, 기준: 특보없음·1m미만)",접촉,dow5,0.790244227847494,0.5410882002343473,1.154129658299358,0.2231431568002682,349,349,51.0,0.1429408891060088
"S시각_C5_축세분(파고, 기준: 특보없음·1m미만)",접촉,dow6,0.8356539497203647,0.57436250512633,1.2158132145649934,0.34797990495648445,349,349,54.0,0.14147532975085492
"S시각_C5_축세분(파고, 기준: 특보없음·1m미만)",접촉,hol,0.8389509642849011,0.4711628574162444,1.4938332030972588,0.5508040222188395,349,349,15.0,0.050122129946262826
"S시각_C6_축세분(풍속, 기준: 특보없음·8m/s미만)",접촉,nw_ws_8-10,0.7555252739984571,0.4859188559495455,1.1747196731746374,0.2131627489561645,349,349,23.0,0.08128969223253542
"S시각_C6_축세분(풍속, 기준: 특보없음·8m/s미만)",접촉,nw_ws_10-12,1.0294871089865532,0.557371619670749,1.9015028217539363,0.9260385684533283,349,349,12.0,0.03146067415730337
"S시각_C6_축세분(풍속, 기준: 특보없음·8m/s미만)",접촉,nw_ws_12-14,1.548704093469209,0.4421085654966889,5.425102692669381,0.49404298980986816,349,349,4.0,0.0071323888617489005
"S시각_C6_축세분(풍속, 기준: 특보없음·8m/s미만)",접촉,nw_ws_14-99,1.2501381502033129,0.15612655566665457,10.010118957152864,0.8334027887508577,349,349,1.0,0.002344894968246214
"S시각_C6_축세분(풍속, 기준: 특보없음·8m/s미만)",접촉,w_주의보,0.622661393209701,0.38330773413563085,1.0114776615925478,0.055633461501428894,349,349,18.0,0.07835857352222765
"S시각_C6_축세분(풍속, 기준: 특보없음·8m/s미만)",접촉,w_경보,0.8010281526247213,0.21719491860080922,2.954240851631891,0.7389923496655477,349,349,3.0,0.009770395701025891
"S시각_C6_축세분(풍속, 기준: 특보없음·8m/s미만)",접촉,dow1,0.6592886348360815,0.4395936228529829,0.9887802766633664,0.04395046158727611,349,349,43.0,0.14284318514899855
"S시각_C6_축세분(풍속, 기준: 특보없음·8m/s미만)",접촉,dow2,0.5807695602983324,0.37747452510228163,0.8935524379498837,0.013435706575289474,349,349,38.0,0.1436248168050806
"S시각_C6_축세분(풍속, 기준: 특보없음·8m/s미만)",접촉,dow3,0.6883480855908594,0.473312861235666,1.0010779882456668,0.05065844452874346,349,349,46.0,0.14499267220322423
"S시각_C6_축세분(풍속, 기준: 특보없음·8m/s미만)",접촉,dow4,0.8011297401773599,0.549546198028233,1.1678888197197048,0.24891573515244403,349,349,53.0,0.14450415241817294
"S시각_C6_축세분(풍속, 기준: 특보없음·8m/s미만)",접촉,dow5,0.7836781918373797,0.5369359062911374,1.14380785707503,0.20640093334573217,349,349,51.0,0.1429408891060088
"S시각_C6_축세분(풍속, 기준: 특보없음·8m/s미만)",접촉,dow6,0.8287294337393617,0.5695642003941123,1.2058210011632302,0.32618284176954404,349,349,54.0,0.14147532975085492
"S시각_C6_축세분(풍속, 기준: 특보없음·8m/s미만)",접촉,hol,0.8334910954496862,0.4693941282720135,1.4800087268908817,0.534126126143291,349,349,15.0,0.050122129946262826
S시각_C7_축(특보없음 & (파고≥1.5 또는 풍속≥10)),접촉,nw_or_1.5_10,0.9844005822398947,0.6116521534553576,1.5843065390024347,0.9483675059020902,349,349,21.0,0.05872007816316561
S시각_C7_축(특보없음 & (파고≥1.5 또는 풍속≥10)),접촉,w_주의보,0.6343355569645694,0.39111232823422476,1.02881338628778,0.06505674811542006,349,349,18.0,0.07835857352222765
S시각_C7_축(특보없음 & (파고≥1.5 또는 풍속≥10)),접촉,w_경보,0.8170130080747101,0.22116319260875023,3.018179686635961,0.7617907187995823,349,349,3.0,0.009770395701025891
S시각_C7_축(특보없음 & (파고≥1.5 또는 풍속≥10)),접촉,dow1,0.6642226785128532,0.4435957099432862,0.9945807787618046,0.04699091189236926,349,349,43.0,0.14284318514899855
S시각_C7_축(특보없음 & (파고≥1.5 또는 풍속≥10)),접촉,dow2,0.5840667738452467,0.37914870534560985,0.8997366771938116,0.014717542690326324,349,349,38.0,0.1436248168050806
S시각_C7_축(특보없음 & (파고≥1.5 또는 풍속≥10)),접촉,dow3,0.6966633001793372,0.47791159899247393,1.0155429473566897,0.0601369174370916,349,349,46.0,0.14499267220322423
S시각_C7_축(특보없음 & (파고≥1.5 또는 풍속≥10)),접촉,dow4,0.8045519001577432,0.5520609364678719,1.1725223019562556,0.2577471970559162,349,349,53.0,0.14450415241817294
S시각_C7_축(특보없음 & (파고≥1.5 또는 풍속≥10)),접촉,dow5,0.7852237847941818,0.5380451571432413,1.1459565875106485,0.20997986156819515,349,349,51.0,0.1429408891060088
S시각_C7_축(특보없음 & (파고≥1.5 또는 풍속≥10)),접촉,dow6,0.8353318426547565,0.5742758559967808,1.2150594179897096,0.3466438391320068,349,349,54.0,0.14147532975085492
S시각_C7_축(특보없음 & (파고≥1.5 또는 풍속≥10)),접촉,hol,0.8318972498213738,0.4679308726421635,1.478964254597479,0.5307021477894804,349,349,15.0,0.050122129946262826
S시각_C8_축(특보없음 & (파고≥2 또는 풍속≥12)),접촉,nw_or_2.0_12,1.4630540000923695,0.5593317939311002,3.8269360519312055,0.4379472470975272,349,349,6.0,0.011822178798241328
S시각_C8_축(특보없음 & (파고≥2 또는 풍속≥12)),접촉,w_주의보,0.6392327756598843,0.3953673479382504,1.0335161555669472,0.06792367194105564,349,349,18.0,0.07835857352222765
S시각_C8_축(특보없음 & (파고≥2 또는 풍속≥12)),접촉,w_경보,0.8214014504078986,0.2221857796878986,3.036649526715625,0.7680494110996505,349,349,3.0,0.009770395701025891
S시각_C8_축(특보없음 & (파고≥2 또는 풍속≥12)),접촉,dow1,0.6617884483714248,0.44205952292397627,0.9907352464685563,0.04494026757675296,349,349,43.0,0.14284318514899855
S시각_C8_축(특보없음 & (파고≥2 또는 풍속≥12)),접촉,dow2,0.5827392519017132,0.37845016845706597,0.8973044908169809,0.014205444597638728,349,349,38.0,0.1436248168050806
S시각_C8_축(특보없음 & (파고≥2 또는 풍속≥12)),접촉,dow3,0.695668176971007,0.4773655709223238,1.0138020878110472,0.05893781470661108,349,349,46.0,0.14499267220322423
S시각_C8_축(특보없음 & (파고≥2 또는 풍속≥12)),접촉,dow4,0.8037530454558588,0.5516033727766548,1.1711657142842418,0.2553720987885586,349,349,53.0,0.14450415241817294
S시각_C8_축(특보없음 & (파고≥2 또는 풍속≥12)),접촉,dow5,0.7859998553861203,0.5385209308209337,1.1472084691772704,0.21197406771013716,349,349,51.0,0.1429408891060088
S시각_C8_축(특보없음 & (파고≥2 또는 풍속≥12)),접촉,dow6,0.8330645904430665,0.5726463574736054,1.211911335491315,0.33956753264746586,349,349,54.0,0.14147532975085492
S시각_C8_축(특보없음 & (파고≥2 또는 풍속≥12)),접촉,hol,0.8351047706014022,0.46964068143911836,1.4849650071713978,0.5394720346038313,349,349,15.0,0.050122129946262826
S시각_A1_달력,충돌,dow1,0.9064322925520082,0.7464536849152338,1.1006972268807156,0.32140098639620573,1734,1734,217.0,0.14320639949930566
S시각_A1_달력,충돌,dow2,1.0380270251090122,0.8473333574960971,1.2716365941743641,0.7185637645155496,1734,1734,249.0,0.14289346554792778
S시각_A1_달력,충돌,dow3,0.936816538224326,0.7677775335572116,1.143072293642743,0.5203024087166241,1734,1734,224.0,0.14277611531616108
S시각_A1_달력,충돌,dow4,1.0941813693002342,0.9124962535033219,1.3120414076520666,0.33127226041751623,1734,1734,263.0,0.14295214066381115
S시각_A1_달력,충돌,dow5,1.1757741060399245,0.9745855729038663,1.4184949858377895,0.09080936611891022,1734,1734,282.0,0.14238494787693873
S시각_A1_달력,충돌,dow6,1.083164722665142,0.8978230244098615,1.3067673522824028,0.4040937048289508,1734,1734,260.0,0.14289346554792778
S시각_A1_달력,충돌,hol,0.9581553423451622,0.7419596352721562,1.2373471768822344,0.7431885438640089,1734,1734,86.0,0.05155586848950693
S시각_A2_특보유무(풍랑·태풍),충돌,any_warn,0.37047194831733765,0.28847620888051384,0.47577394691460495,7.105427357601002e-15,1734,1734,73.0,0.1011950165268243
S시각_A2_특보유무(풍랑·태풍),충돌,dow1,0.9110741516575563,0.7501484367867218,1.1065224815692485,0.3476274739082652,1734,1734,217.0,0.14320639949930566
S시각_A2_특보유무(풍랑·태풍),충돌,dow2,1.0289055848312676,0.8399094353541338,1.2604295867334938,0.7831708079677471,1734,1734,249.0,0.14289346554792778
S시각_A2_특보유무(풍랑·태풍),충돌,dow3,0.9325028313727567,0.7639590569338536,1.1382305407938866,0.49204505314431257,1734,1734,224.0,0.14277611531616108
S시각_A2_특보유무(풍랑·태풍),충돌,dow4,1.102704695282584,0.9192063393728068,1.3228342679054292,0.2924313564918064,1734,1734,263.0,0.14295214066381115
S시각_A2_특보유무(풍랑·태풍),충돌,dow5,1.1722632729021205,0.9714501984517346,1.4145873696720102,0.09734503446177545,1734,1734,282.0,0.14238494787693873
S시각_A2_특보유무(풍랑·태풍),충돌,dow6,1.07233989575757,0.8886303406919583,1.2940283483207904,0.46632422997716594,1734,1734,260.0,0.14289346554792778
S시각_A2_특보유무(풍랑·태풍),충돌,hol,0.9438714266734646,0.7302459278845796,1.219990740203639,0.6590560212482477,1734,1734,86.0,0.05155586848950693
S시각_A3_특보종류·수준,충돌,wv_주의보,0.33922939033682337,0.2587415998727522,0.4447548416060153,5.10702591327572e-15,1734,1734,57.0,0.08766062312973068
S시각_A3_특보종류·수준,충돌,wv_경보,0.4392762920515092,0.19588590873235417,0.9850818877542429,0.04588187783975051,1734,1734,6.0,0.006708521582663459
S시각_A3_특보종류·수준,충돌,ty_주의보,1.1276041140976845e-10,5.1928430642953874e-11,2.4485450886672453e-10,0.0,1734,1734,0.0,0.0014082027812004929
S시각_A3_특보종류·수준,충돌,ty_경보,0.9700096350730529,0.4875146855083006,1.930031484392149,0.9308727414415785,1734,1734,12.0,0.007295272741496998
S시각_A3_특보종류·수준,충돌,dow1,0.9112188794736807,0.7501772919815697,1.1068314852826413,0.3487488225941613,1734,1734,217.0,0.14320639949930566
S시각_A3_특보종류·수준,충돌,dow2,1.0290722491057172,0.8401047821050109,1.2605447754100847,0.781895476626431,1734,1734,249.0,0.14289346554792778
S시각_A3_특보종류·수준,충돌,dow3,0.9312661668755645,0.7628951049982475,1.1367967468726896,0.48400659100966115,1734,1734,224.0,0.14277611531616108
S시각_A3_특보종류·수준,충돌,dow4,1.0981559360558826,0.9151718097026831,1.317726843319785,0.3140200291814854,1734,1734,263.0,0.14295214066381115
S시각_A3_특보종류·수준,충돌,dow5,1.166603664748212,0.9667354214985694,1.4077937772201232,0.10801862071469026,1734,1734,282.0,0.14238494787693873
S시각_A3_특보종류·수준,충돌,dow6,1.069093236919872,0.8861636259491562,1.2897847708470342,0.4853124011854817,1734,1734,260.0,0.14289346554792778
S시각_A3_특보종류·수준,충돌,hol,0.9461305856063156,0.7319570045371876,1.2229722230553097,0.6723871118669993,1734,1734,86.0,0.05155586848950693
S시각_A3b_특보최고수준,충돌,warn_주의보,0.3266640432101039,0.24919451745281532,0.42821727467008946,4.440892098500626e-16,1734,1734,55.0,0.08723033894658609
S시각_A3b_특보최고수준,충돌,warn_경보,0.642909069239952,0.3839029376402338,1.0766577454489976,0.09310716990510715,1734,1734,18.0,0.01396467758023822
S시각_A3b_특보최고수준,충돌,dow1,0.9119042695122812,0.750769271286783,1.1076231121306508,0.3525691380071323,1734,1734,217.0,0.14320639949930566
S시각_A3b_특보최고수준,충돌,dow2,1.0283088755092133,0.839409332037561,1.259718117362682,0.7874938234003361,1734,1734,249.0,0.14289346554792778
S시각_A3b_특보최고수준,충돌,dow3,0.931479066440263,0.763064477125056,1.1370641370771442,0.48542528753774117,1734,1734,224.0,0.14277611531616108
S시각_A3b_특보최고수준,충돌,dow4,1.1015249443436428,0.9182308244298774,1.3214076142179498,0.2977247346939642,1734,1734,263.0,0.14295214066381115
S시각_A3b_특보최고수준,충돌,dow5,1.1694124769747298,0.9691005472477741,1.411128644172081,0.10255728096450678,1734,1734,282.0,0.14238494787693873
S시각_A3b_특보최고수준,충돌,dow6,1.0705544957281614,0.8872463270532167,1.2917347678747122,0.47677432264269015,1734,1734,260.0,0.14289346554792778
S시각_A3b_특보최고수준,충돌,hol,0.9440196185989199,0.7302696586862264,1.2203342007976796,0.6600788178665251,1734,1734,86.0,0.05155586848950693
S시각_B1_특보없는때_파고,충돌,wh[0-0.5],1.2266879400075474,1.076060825023717,1.3983998554419954,0.002237759614273971,1640,1640,942.0,0.5327078102286242
S시각_B1_특보없는때_파고,충돌,wh[1-1.5],0.6557837172482275,0.5332975700816809,0.8064021063175585,6.338700489316729e-05,1640,1640,145.0,0.11922382273908638
S시각_B1_특보없는때_파고,충돌,wh[1.5-2],0.46468611696067585,0.32412969793603347,0.6661937757354311,3.045265853640622e-05,1640,1640,36.0,0.03872076119994714
S시각_B1_특보없는때_파고,충돌,wh[2-2.5],0.5055770836574468,0.20465889557631345,1.248947360923569,0.13935173297335224,1640,1640,5.0,0.004977754283952249
S시각_B1_특보없는때_파고,충돌,wh[2.5-3],2.2702859878030446e-10,1.481989661811266e-10,3.4778909726775426e-10,0.0,1640,1640,0.0,0.0006607638430025109
S시각_B1_특보없는때_파고,충돌,wh[3-4],2.7944256013177164,0.2763831153380943,28.253587169199925,0.3839883480158841,1640,1640,1.0,0.00017620369146733624
S시각_B1_특보없는때_파고,충돌,wh[4+],2.1765874382376633e-10,3.0338688988853264e-11,1.5615483180682626e-09,0.0,1640,1640,0.0,2.202546143341703e-05
S시각_B1_특보없는때_파고,충돌,dow1,0.868511573490977,0.7089648006082462,1.0639630523837307,0.1734191388869024,1640,1640,196.0,0.1421523280912735
S시각_B1_특보없는때_파고,충돌,dow2,1.0017355641321952,0.8124982325918283,1.235047782499435,0.9870486494914581,1640,1640,232.0,0.1445971543103828
S시각_B1_특보없는때_파고,충돌,dow3,0.9286342309831315,0.7563327595833026,1.140187997976903,0.47950899758082954,1640,1640,214.0,0.1432756266243778
S시각_B1_특보없는때_파고,충돌,dow4,1.0954866557294887,0.9068461405850365,1.3233678340486297,0.3442207718508352,1640,1640,247.0,0.14050041848376724
S시각_B1_특보없는때_파고,충돌,dow5,1.2085164167567783,0.9959978832152114,1.4663805558059215,0.054938765347251284,1640,1640,274.0,0.1421523280912735
S시각_B1_특보없는때_파고,충돌,dow6,1.0889913720744575,0.8974880635065552,1.321357081696661,0.3876168923900485,1640,1640,251.0,0.14455310338751598
S시각_B1_특보없는때_파고,충돌,hol,0.8872880363535857,0.6773141154642413,1.1623559017614573,0.3853986828444014,1640,1640,79.0,0.05226641998149861
S시각_B2_특보없는때_풍속,충돌,ws[0-4],1.121720026371811,0.9897947163501574,1.271229070815171,0.07196894140109777,1640,1640,756.0,0.41500374432844367
S시각_B2_특보없는때_풍속,충돌,ws[6-8],0.8726157805581408,0.7422866823076794,1.025827781406251,0.09873349978925994,1640,1640,280.0,0.18565261442227216
S시각_B2_특보없는때_풍속,충돌,ws[8-10],0.6965502330603709,0.559096598580862,0.8677967786031615,0.0012626483370894448,1640,1640,117.0,0.09347605832342187
S시각_B2_특보없는때_풍속,충돌,ws[10-12],0.608601816651438,0.4341390391616003,0.853174070562121,0.003959747398752933,1640,1640,36.0,0.032355402845689614
S시각_B2_특보없는때_풍속,충돌,ws[12-14],0.23685712631888425,0.07746977441323641,0.7241701516876299,0.011536817754867812,1640,1640,3.0,0.0067838421214924454
S시각_B2_특보없는때_풍속,충돌,ws[14-17],0.4442128016133443,0.05978834639105577,3.3003925518618424,0.4277519345009353,1640,1640,1.0,0.0011453239945376857
S시각_B2_특보없는때_풍속,충돌,ws[17+],4.697523638187598e-09,1.1382500619571543e-09,1.9386538221125864e-08,0.0,1640,1640,0.0,4.405092286683406e-05
S시각_B2_특보없는때_풍속,충돌,dow1,0.8668129001436524,0.707884613219935,1.0614224265134655,0.16661746040672787,1640,1640,196.0,0.1421523280912735
S시각_B2_특보없는때_풍속,충돌,dow2,1.000821744488542,0.8118121252230107,1.2338374029162593,0.9938628749576719,1640,1640,232.0,0.1445971543103828
S시각_B2_특보없는때_풍속,충돌,dow3,0.9276103897639462,0.7553253003076337,1.1391926562602444,0.4734821276094987,1640,1640,214.0,0.1432756266243778
S시각_B2_특보없는때_풍속,충돌,dow4,1.1067780125525533,0.9165516261278519,1.3364850753086848,0.2917027344307399,1640,1640,247.0,0.14050041848376724
S시각_B2_특보없는때_풍속,충돌,dow5,1.2051667178493952,0.9934487193194027,1.4620048217555912,0.05831587506352731,1640,1640,274.0,0.1421523280912735
S시각_B2_특보없는때_풍속,충돌,dow6,1.0917767255746544,0.8994989387397218,1.3251560031594696,0.3743358750448025,1640,1640,251.0,0.14455310338751598
S시각_B2_특보없는때_풍속,충돌,hol,0.9008083939687133,0.6877919157530875,1.179798343160229,0.4479324473467474,1640,1640,79.0,0.05226641998149861
S시각_B3_특보없는때_파고+풍속,충돌,wh[0-0.5],1.1431357746895743,0.9888256002989678,1.3215266665628793,0.07058849021064595,1640,1640,942.0,0.5327078102286242
S시각_B3_특보없는때_파고+풍속,충돌,wh[1-1.5],0.6941392186232783,0.5606943898901797,0.8593438128127316,0.0008033631455923729,1640,1640,145.0,0.11922382273908638
S시각_B3_특보없는때_파고+풍속,충돌,wh[1.5-2],0.5257871228752359,0.3570559173339655,0.7742543538995439,0.0011307782625262774,1640,1640,36.0,0.03872076119994714
S시각_B3_특보없는때_파고+풍속,충돌,wh[2-2.5],0.6329173181710281,0.2560084540966218,1.5647308720891666,0.3219277645174028,1640,1640,5.0,0.004977754283952249
S시각_B3_특보없는때_파고+풍속,충돌,wh[2.5-3],3.157788169994819e-10,1.6669814962395458e-10,5.981845718775934e-10,0.0,1640,1640,0.0,0.0006607638430025109
S시각_B3_특보없는때_파고+풍속,충돌,wh[3-4],3.5188251608069665,0.34805841712555735,35.574863020369044,0.28647731269066257,1640,1640,1.0,0.00017620369146733624
S시각_B3_특보없는때_파고+풍속,충돌,wh[4+],0.5689897277027683,0.03494964553718153,9.263307402841802,0.6919970760853105,1640,1640,0.0,2.202546143341703e-05
S시각_B3_특보없는때_파고+풍속,충돌,ws[0-4],1.0866991215630282,0.9579599660166863,1.2327393865071885,0.19621924257380252,1640,1640,756.0,0.41500374432844367
S시각_B3_특보없는때_파고+풍속,충돌,ws[6-8],0.94430525818467,0.7986577387216388,1.1165138424158068,0.5025420586756615,1640,1640,280.0,0.18565261442227216
S시각_B3_특보없는때_파고+풍속,충돌,ws[8-10],0.8687068336639487,0.6807776812220786,1.1085139593585858,0.2577696432330161,1640,1640,117.0,0.09347605832342187
S시각_B3_특보없는때_파고+풍속,충돌,ws[10-12],0.8531934375291411,0.586052742791868,1.2421049995858722,0.40735412360672796,1640,1640,36.0,0.032355402845689614
S시각_B3_특보없는때_파고+풍속,충돌,ws[12-14],0.3763263097716998,0.11898714751396383,1.1902251157820656,0.09619796259513747,1640,1640,3.0,0.0067838421214924454
S시각_B3_특보없는때_파고+풍속,충돌,ws[14-17],0.7561170287313104,0.10197937871067647,5.606162425831793,0.7844692837469736,1640,1640,1.0,0.0011453239945376857
S시각_B3_특보없는때_파고+풍속,충돌,ws[17+],3.711955523913113e-10,5.15114925189797e-11,2.674862081783452e-09,0.0,1640,1640,0.0,4.405092286683406e-05
S시각_B3_특보없는때_파고+풍속,충돌,dow1,0.8697333951704079,0.7100962518504945,1.065258655715179,0.1773436294139925,1640,1640,196.0,0.1421523280912735
S시각_B3_특보없는때_파고+풍속,충돌,dow2,1.0021001989574465,0.8128411322205087,1.2354256803014882,0.9843264545156789,1640,1640,232.0,0.1445971543103828
S시각_B3_특보없는때_파고+풍속,충돌,dow3,0.9267780018372093,0.7546870930384858,1.1381107118597151,0.46809987176896284,1640,1640,214.0,0.1432756266243778
S시각_B3_특보없는때_파고+풍속,충돌,dow4,1.0999101320485252,0.9106738162091538,1.3284694004040076,0.3228559012318031,1640,1640,247.0,0.14050041848376724
S시각_B3_특보없는때_파고+풍속,충돌,dow5,1.2091113621654852,0.9964773448098139,1.4671184384996738,0.05432456529143592,1640,1640,274.0,0.1421523280912735
S시각_B3_특보없는때_파고+풍속,충돌,dow6,1.0917666987612367,0.8995508857939559,1.3250551395677563,0.3742207588187698,1640,1640,251.0,0.14455310338751598
S시각_B3_특보없는때_파고+풍속,충돌,hol,0.8924810054546103,0.681210395032818,1.1692750887321661,0.40918346325987365,1640,1640,79.0,0.05226641998149861
S시각_B4_특보없는때_파고연속(1m당),충돌,wh_per1m,0.5600196198002007,0.4744981622807439,0.6609550879052766,7.0101702220881634e-12,1640,1640,,
S시각_B4_특보없는때_파고연속(1m당),충돌,dow1,0.8679455585561825,0.7086162377676735,1.0630993935315236,0.1711011043408277,1640,1640,196.0,0.1421523280912735
S시각_B4_특보없는때_파고연속(1m당),충돌,dow2,1.0032820235141808,0.8137390239020004,1.2369749872385776,0.9755320560241101,1640,1640,232.0,0.1445971543103828
S시각_B4_특보없는때_파고연속(1m당),충돌,dow3,0.9287378584120748,0.7564780427269097,1.1402234578264305,0.4799992068643768,1640,1640,214.0,0.1432756266243778
S시각_B4_특보없는때_파고연속(1m당),충돌,dow4,1.099505207943506,0.9103620730547923,1.3279460316687985,0.3246642017015371,1640,1640,247.0,0.14050041848376724
S시각_B4_특보없는때_파고연속(1m당),충돌,dow5,1.2128264781567675,0.9995092624636399,1.4716702699607631,0.050579933855199766,1640,1640,274.0,0.1421523280912735
S시각_B4_특보없는때_파고연속(1m당),충돌,dow6,1.0922411409708694,0.899996433748912,1.3255504858613434,0.3717113537471506,1640,1640,251.0,0.14455310338751598
S시각_B4_특보없는때_파고연속(1m당),충돌,hol,0.8922453626353132,0.6809492439160817,1.1691059124552474,0.4083039527537906,1640,1640,79.0,0.05226641998149861
S시각_B5_특보없는때_풍속연속(1m/s당),충돌,ws_per1ms,0.9370211013784323,0.9159867994384085,0.9585384254082673,1.958193562856536e-08,1640,1640,,
S시각_B5_특보없는때_풍속연속(1m/s당),충돌,dow1,0.868618557628378,0.7092338139971369,1.063821526506419,0.17325192690332214,1640,1640,196.0,0.1421523280912735
S시각_B5_특보없는때_풍속연속(1m/s당),충돌,dow2,1.0019750886390857,0.812794218885537,1.2351885076518818,0.9852543794084068,1640,1640,232.0,0.1445971543103828
S시각_B5_특보없는때_풍속연속(1m/s당),충돌,dow3,0.9285570488898321,0.7560948186342594,1.1403572300633222,0.4795114300550538,1640,1640,214.0,0.1432756266243778
S시각_B5_특보없는때_풍속연속(1m/s당),충돌,dow4,1.106509005226191,0.916075438257349,1.3365298615316659,0.29356787283869057,1640,1640,247.0,0.14050041848376724
S시각_B5_특보없는때_풍속연속(1m/s당),충돌,dow5,1.2034210444444702,0.9919587974584858,1.4599620608460087,0.060366028480511424,1640,1640,274.0,0.1421523280912735
S시각_B5_특보없는때_풍속연속(1m/s당),충돌,dow6,1.090504193598676,0.8983838631049883,1.3237096580811183,0.3808963562547174,1640,1640,251.0,0.14455310338751598
S시각_B5_특보없는때_풍속연속(1m/s당),충돌,hol,0.906862468430966,0.6925711160246679,1.187458612725935,0.4772059008176823,1640,1640,79.0,0.05226641998149861
S시각_C1_특보있는때만_파고,충돌,wh[2-3],0.431242220052153,0.15085271103966888,1.2327909195255107,0.11653638577262782,72,72,12.0,0.2800471327572663
S시각_C1_특보있는때만_파고,충돌,wh[3-4],0.8624850590479717,0.2395969106841229,3.104716479678204,0.8209080953765433,72,72,4.0,0.08915946582875098
S시각_C1_특보있는때만_파고,충돌,wh[4+],1.58662695616315,0.42889012711200675,5.869533801056967,0.4891744090843697,72,72,3.0,0.02513747054202671
S시각_C1_특보있는때만_파고,충돌,dow1,3.226504654688065,1.2080790653288846,8.617260728617676,0.01943129070003735,72,72,18.0,0.15691280439905733
S시각_C1_특보있는때만_파고,충돌,dow2,3.3079256969370454,1.1825038201355134,9.253562001349353,0.0226432939710135,72,72,13.0,0.13040062843676356
S시각_C1_특보있는때만_파고,충돌,dow3,2.2417181768113004,0.6628643697644947,7.581189476259817,0.1940965743137515,72,72,9.0,0.14198743126472899
S시각_C1_특보있는때만_파고,충돌,dow4,2.262954370293239,0.7512636539742724,6.816465105078328,0.14660275519293653,72,72,13.0,0.16476826394344068
S시각_C1_특보있는때만_파고,충돌,dow5,1.569165267041889,0.452052160844819,5.446892745051819,0.4779683785188198,72,72,6.0,0.13747054202670855
S시각_C1_특보있는때만_파고,충돌,dow6,1.5360292862974707,0.48338633556745025,4.880952966106953,0.46684467298196175,72,72,6.0,0.12352710133542812
S시각_C1_특보있는때만_파고,충돌,hol,4.401647139227721,1.5033104141821365,12.887888858810381,0.006855897338845729,72,72,5.0,0.04556166535742341
S시각_C2_특보있는때만_풍속,충돌,ws[10-14],1.0367025008418167,0.5121881380301498,2.0983540918872507,0.9201896457876941,72,72,34.0,0.4088766692851532
S시각_C2_특보있는때만_풍속,충돌,ws[14-17],0.5811416218611473,0.09845483226949094,3.4302591033315757,0.5490419559355861,72,72,4.0,0.09603299293008641
S시각_C2_특보있는때만_풍속,충돌,ws[17+],1.812571030113017,0.5787292431740712,5.676944405273073,0.30722916590528504,72,72,3.0,0.020816967792615867
S시각_C2_특보있는때만_풍속,충돌,dow1,2.784253326309367,1.0009063041573838,7.745047216573261,0.04979328569183439,72,72,18.0,0.15691280439905733
S시각_C2_특보있는때만_풍속,충돌,dow2,2.9408410123774473,1.1134292948412432,7.767485461494303,0.029493615298324727,72,72,13.0,0.13040062843676356
S시각_C2_특보있는때만_풍속,충돌,dow3,1.836056114944871,0.5514949913852443,6.11266123878827,0.32208473673494176,72,72,9.0,0.14198743126472899
S시각_C2_특보있는때만_풍속,충돌,dow4,1.9514926569482012,0.6526357256071261,5.835297457214724,0.2315434708271047,72,72,13.0,0.16476826394344068
S시각_C2_특보있는때만_풍속,충돌,dow5,1.3867034936209481,0.39771130926641657,4.835031175672227,0.6079143906053184,72,72,6.0,0.13747054202670855
S시각_C2_특보있는때만_풍속,충돌,dow6,1.2227149159943123,0.38953172440436623,3.838023123998525,0.7304462557412434,72,72,6.0,0.12352710133542812
S시각_C2_특보있는때만_풍속,충돌,hol,5.969668042992197,2.1448421305537484,16.615179287960768,0.0006237058302471787,72,72,5.0,0.04556166535742341
S시각_C3_축(특보없음 파고구간 vs 특보),충돌,nw_wh_1.5-2,0.5102072101035121,0.35811397720376426,0.7268953847436512,0.0001943611406698409,1712,1712,36.0,0.034816017744682536
S시각_C3_축(특보없음 파고구간 vs 특보),충돌,nw_wh_2-3,0.48967264744468825,0.19932922467043673,1.202930990435205,0.11945032116245313,1712,1712,5.0,0.005069909296153998
S시각_C3_축(특보없음 파고구간 vs 특보),충돌,nw_wh_3+,2.740287329635679,0.29742483182700175,25.247302327902403,0.37360645233900036,1712,1712,1.0,0.000178238998692914
S시각_C3_축(특보없음 파고구간 vs 특보),충돌,w_주의보,0.31363754196745786,0.2383760736904217,0.4126609949081542,0.0,1712,1712,54.0,0.08702024002851824
S시각_C3_축(특보없음 파고구간 vs 특보),충돌,w_경보,0.6341119630097917,0.37763614367911025,1.0647762094875306,0.08495237200446715,1712,1712,18.0,0.013823424565294886
S시각_C3_축(특보없음 파고구간 vs 특보),충돌,dow1,0.9208045320778265,0.757178897559945,1.1197895094903108,0.40848736963161425,1712,1712,214.0,0.1436408286133006
S시각_C3_축(특보없음 파고구간 vs 특보),충돌,dow2,1.0336288986476592,0.8426767118276818,1.2678512235164825,0.7509387262279876,1712,1712,245.0,0.14316552461678617
S시각_C3_축(특보없음 파고구간 vs 특보),충돌,dow3,0.9442745251494353,0.7727212428646545,1.1539146711440529,0.575125828937298,1712,1712,223.0,0.14314572028359804
S시각_C3_축(특보없음 파고구간 vs 특보),충돌,dow4,1.1119516467612682,0.9262162934862315,1.3349327510545206,0.2551134234060459,1712,1712,260.0,0.14294767695171703
S시각_C3_축(특보없음 파고구간 vs 특보),충돌,dow5,1.1926608427534413,0.987069674323627,1.4410734346712168,0.06797432754980015,1712,1712,280.0,0.14168019962767853
S시각_C3_축(특보없음 파고구간 vs 특보),충돌,dow6,1.0838552638596726,0.8973160159721955,1.309173370458063,0.40335998888879177,1712,1712,257.0,0.1424327642888264
S시각_C3_축(특보없음 파고구간 vs 특보),충돌,hol,0.9297811923670447,0.7181205879347332,1.2038271568925598,0.5806522423974327,1712,1712,84.0,0.05159028795500455
S시각_C4_축(특보없음 풍속구간 vs 특보),충돌,nw_ws_10-12,0.6431196253582094,0.4634342393660251,0.8924736616066383,0.00827917433579417,1712,1712,36.0,0.029092565453321187
S시각_C4_축(특보없음 풍속구간 vs 특보),충돌,nw_ws_12-14,0.2538329939053423,0.08278893244972726,0.7782584807948177,0.01645925917608526,1712,1712,3.0,0.006099734621935279
S시각_C4_축(특보없음 풍속구간 vs 특보),충돌,nw_ws_14+,0.4778827263614184,0.06458074110065057,3.5362229708497677,0.4696195594731778,1712,1712,1.0,0.001069433992157484
S시각_C4_축(특보없음 풍속구간 vs 특보),충돌,w_주의보,0.3188796009385025,0.24240257163091697,0.4194848231623686,4.440892098500626e-16,1712,1712,54.0,0.08702024002851824
S시각_C4_축(특보없음 풍속구간 vs 특보),충돌,w_경보,0.6467947778620036,0.38578491237683393,1.0843956599861053,0.09839499722842038,1712,1712,18.0,0.013823424565294886
S시각_C4_축(특보없음 풍속구간 vs 특보),충돌,dow1,0.9162731050110341,0.7534998587838486,1.1142091045930764,0.38088838882669673,1712,1712,214.0,0.1436408286133006
S시각_C4_축(특보없음 풍속구간 vs 특보),충돌,dow2,1.0324999686059664,0.8413850515423216,1.2670253449561069,0.759411561171687,1712,1712,245.0,0.14316552461678617
S시각_C4_축(특보없음 풍속구간 vs 특보),충돌,dow3,0.9449587631764972,0.7732903534751756,1.154737105009963,0.5799414495897,1712,1712,223.0,0.14314572028359804
S시각_C4_축(특보없음 풍속구간 vs 특보),충돌,dow4,1.116377320198599,0.9297741270211357,1.340431277698346,0.23811047301093247,1712,1712,260.0,0.14294767695171703
S시각_C4_축(특보없음 풍속구간 vs 특보),충돌,dow5,1.1907301686177527,0.9851386575715229,1.4392271824471818,0.0710484372969078,1712,1712,280.0,0.14168019962767853
S시각_C4_축(특보없음 풍속구간 vs 특보),충돌,dow6,1.085815321588883,0.8988839353350699,1.3116208514258125,0.39304429574124633,1712,1712,257.0,0.1424327642888264
S시각_C4_축(특보없음 풍속구간 vs 특보),충돌,hol,0.9316376787313154,0.7194302309824835,1.2064391056330328,0.5913103645126072,1712,1712,84.0,0.05159028795500455
"S시각_C5_축세분(파고, 기준: 특보없음·1m미만)",충돌,nw_wh_1.0-1.5,0.620490246775322,0.5096485472116417,0.7554385241549954,2.000924058886966e-06,1712,1712,145.0,0.10720085554719373
"S시각_C5_축세분(파고, 기준: 특보없음·1m미만)",충돌,nw_wh_1.5-2.0,0.45043078298041084,0.31540012522307254,0.6432714321620822,1.1516504514030856e-05,1712,1712,36.0,0.034816017744682536
"S시각_C5_축세분(파고, 기준: 특보없음·1m미만)",충돌,nw_wh_2.0-2.5,0.49021614819503273,0.1983437866690144,1.2115926391593703,0.12252908679751129,1712,1712,5.0,0.004475779300510952
"S시각_C5_축세분(파고, 기준: 특보없음·1m미만)",충돌,nw_wh_2.5-99,0.5597980922315514,0.07957186096758007,3.9382502841521134,0.5599736211819977,1712,1712,1.0,0.0007723689943359607
"S시각_C5_축세분(파고, 기준: 특보없음·1m미만)",충돌,w_주의보,0.28789008079939077,0.21772142969348068,0.38067313235708317,0.0,1712,1712,54.0,0.08702024002851824
"S시각_C5_축세분(파고, 기준: 특보없음·1m미만)",충돌,w_경보,0.5848849302166637,0.3464899217386319,0.9873025451303049,0.044660462080737595,1712,1712,18.0,0.013823424565294886
"S시각_C5_축세분(파고, 기준: 특보없음·1m미만)",충돌,dow1,0.9233446319944819,0.7590391504265674,1.1232165151875202,0.4250247996566858,1712,1712,214.0,0.1436408286133006
"S시각_C5_축세분(파고, 기준: 특보없음·1m미만)",충돌,dow2,1.0334338165050134,0.8423332425979739,1.2678894754315688,0.7525698661888973,1712,1712,245.0,0.14316552461678617
"S시각_C5_축세분(파고, 기준: 특보없음·1m미만)",충돌,dow3,0.9442051720886371,0.7727066331227789,1.1537669909678057,0.5745322352970781,1712,1712,223.0,0.14314572028359804
"S시각_C5_축세분(파고, 기준: 특보없음·1m미만)",충돌,dow4,1.11283774345651,0.9265682596943423,1.3365532763553811,0.25264368424666994,1712,1712,260.0,0.14294767695171703
"S시각_C5_축세분(파고, 기준: 특보없음·1m미만)",충돌,dow5,1.1953875691275841,0.9893270877846732,1.444367043082283,0.0644807576025146,1712,1712,280.0,0.14168019962767853
"S시각_C5_축세분(파고, 기준: 특보없음·1m미만)",충돌,dow6,1.0865977373636653,0.8996013289791374,1.3124643159250138,0.38872298041943965,1712,1712,257.0,0.1424327642888264
"S시각_C5_축세분(파고, 기준: 특보없음·1m미만)",충돌,hol,0.9271913353472907,0.7160823647571644,1.2005375563670324,0.5663201755498972,1712,1712,84.0,0.05159028795500455
"S시각_C6_축세분(풍속, 기준: 특보없음·8m/s미만)",충돌,nw_ws_8-10,0.701433731559845,0.5723054538492968,0.8596969965264875,0.000634620971994071,1712,1712,117.0,0.084049590050303
"S시각_C6_축세분(풍속, 기준: 특보없음·8m/s미만)",충돌,nw_ws_10-12,0.6128420346153491,0.44054892671520657,0.8525167957888864,0.0036437960946900105,1712,1712,36.0,0.029092565453321187
"S시각_C6_축세분(풍속, 기준: 특보없음·8m/s미만)",충돌,nw_ws_12-14,0.24038083162850482,0.07843088596180346,0.7367371094412014,0.012607641856361429,1712,1712,3.0,0.006099734621935279
"S시각_C6_축세분(풍속, 기준: 특보없음·8m/s미만)",충돌,nw_ws_14-99,0.451115394843703,0.060911812570331285,3.3409792103955978,0.4358519531018896,1712,1712,1.0,0.001069433992157484
"S시각_C6_축세분(풍속, 기준: 특보없음·8m/s미만)",충돌,w_주의보,0.30698266271139724,0.23300442540442848,0.4044487783517796,0.0,1712,1712,54.0,0.08702024002851824
"S시각_C6_축세분(풍속, 기준: 특보없음·8m/s미만)",충돌,w_경보,0.6242114703285867,0.37218593765810876,1.04689597393575,0.07405271396330315,1712,1712,18.0,0.013823424565294886
"S시각_C6_축세분(풍속, 기준: 특보없음·8m/s미만)",충돌,dow1,0.9178124098509387,0.7547791031321479,1.1160611312378932,0.39005508935433175,1712,1712,214.0,0.1436408286133006
"S시각_C6_축세분(풍속, 기준: 특보없음·8m/s미만)",충돌,dow2,1.0310160092944074,0.8403352605003014,1.264964189160053,0.7697111154817065,1712,1712,245.0,0.14316552461678617
"S시각_C6_축세분(풍속, 기준: 특보없음·8m/s미만)",충돌,dow3,0.9438355732116254,0.7723544563280321,1.1533895894055264,0.5720491776005125,1712,1712,223.0,0.14314572028359804
"S시각_C6_축세분(풍속, 기준: 특보없음·8m/s미만)",충돌,dow4,1.1214926279119188,0.9341303654023023,1.3464348885812183,0.2189207627778682,1712,1712,260.0,0.14294767695171703
"S시각_C6_축세분(풍속, 기준: 특보없음·8m/s미만)",충돌,dow5,1.1941056892457171,0.987969984889634,1.4432507251202327,0.06653246826000747,1712,1712,280.0,0.14168019962767853
"S시각_C6_축세분(풍속, 기준: 특보없음·8m/s미만)",충돌,dow6,1.090301901660982,0.9024809013904427,1.3172115165363023,0.37010819154872365,1712,1712,257.0,0.1424327642888264
"S시각_C6_축세분(풍속, 기준: 특보없음·8m/s미만)",충돌,hol,0.9301315407207873,0.7181663878377006,1.2046577195689379,0.583068151343253,1712,1712,84.0,0.05159028795500455
S시각_C7_축(특보없음 & (파고≥1.5 또는 풍속≥10)),충돌,nw_or_1.5_10,0.5463568774378336,0.42500918268858023,0.702351501290611,2.390801806306797e-06,1712,1712,69.0,0.06317582287004396
S시각_C7_축(특보없음 & (파고≥1.5 또는 풍속≥10)),충돌,w_주의보,0.31057811016503334,0.23582315811780638,0.40903006847825024,0.0,1712,1712,54.0,0.08702024002851824
S시각_C7_축(특보없음 & (파고≥1.5 또는 풍속≥10)),충돌,w_경보,0.6302480532120344,0.37546323246061114,1.057926780138798,0.08065268834105455,1712,1712,18.0,0.013823424565294886
S시각_C7_축(특보없음 & (파고≥1.5 또는 풍속≥10)),충돌,dow1,0.9202127871855544,0.756595700679492,1.1192127749857823,0.4051520340744068,1712,1712,214.0,0.1436408286133006
S시각_C7_축(특보없음 & (파고≥1.5 또는 풍속≥10)),충돌,dow2,1.0327037165762898,0.8418465435719297,1.2668306051426572,0.757570781884523,1712,1712,245.0,0.14316552461678617
S시각_C7_축(특보없음 & (파고≥1.5 또는 풍속≥10)),충돌,dow3,0.9435721738298395,0.7721976874912254,1.1529799449653049,0.5700484612434322,1712,1712,223.0,0.14314572028359804
S시각_C7_축(특보없음 & (파고≥1.5 또는 풍속≥10)),충돌,dow4,1.1154754427403197,0.9291789666929842,1.3391235789432634,0.24114165009317468,1712,1712,260.0,0.14294767695171703
S시각_C7_축(특보없음 & (파고≥1.5 또는 풍속≥10)),충돌,dow5,1.1928114315135439,0.9871154756057391,1.4413704843157233,0.0678933043585539,1712,1712,280.0,0.14168019962767853
S시각_C7_축(특보없음 & (파고≥1.5 또는 풍속≥10)),충돌,dow6,1.0869062054011522,0.8997579452958937,1.3129810139670721,0.3873797242832857,1712,1712,257.0,0.1424327642888264
S시각_C7_축(특보없음 & (파고≥1.5 또는 풍속≥10)),충돌,hol,0.9288838966668448,0.7173488859313362,1.2027972865208718,0.5758062948880447,1712,1712,84.0,0.05159028795500455
S시각_C8_축(특보없음 & (파고≥2 또는 풍속≥12)),충돌,nw_or_2.0_12,0.42610730954591297,0.22049781208214722,0.8234432692729527,0.01115061535736439,1712,1712,9.0,0.011110230918524974
S시각_C8_축(특보없음 & (파고≥2 또는 풍속≥12)),충돌,w_주의보,0.3228387395058525,0.245580064748753,0.42440273738162587,4.440892098500626e-16,1712,1712,54.0,0.08702024002851824
S시각_C8_축(특보없음 & (파고≥2 또는 풍속≥12)),충돌,w_경보,0.6526965019504267,0.38934969607110614,1.0941647777234207,0.10553502476476417,1712,1712,18.0,0.013823424565294886
S시각_C8_축(특보없음 & (파고≥2 또는 풍속≥12)),충돌,dow1,0.9147685910123413,0.7522469415750871,1.112402761453005,0.372053356195998,1712,1712,214.0,0.1436408286133006
S시각_C8_축(특보없음 & (파고≥2 또는 풍속≥12)),충돌,dow2,1.0330284734432287,0.8419166423958501,1.2675219531326223,0.7555451435849447,1712,1712,245.0,0.14316552461678617
S시각_C8_축(특보없음 & (파고≥2 또는 풍속≥12)),충돌,dow3,0.9442591422957226,0.7727683770036562,1.1538066959549447,0.5748698311264477,1712,1712,223.0,0.14314572028359804
S시각_C8_축(특보없음 & (파고≥2 또는 풍속≥12)),충돌,dow4,1.1132652389994682,0.9271144294130931,1.3367923667730162,0.2504122104907589,1712,1712,260.0,0.14294767695171703
S시각_C8_축(특보없음 & (파고≥2 또는 풍속≥12)),충돌,dow5,1.1896641794653127,0.9843513061467943,1.437800560699225,0.07236467654336831,1712,1712,280.0,0.14168019962767853
S시각_C8_축(특보없음 & (파고≥2 또는 풍속≥12)),충돌,dow6,1.0816817282704363,0.8955088124905802,1.3065592933921302,0.4152058868738542,1712,1712,257.0,0.1424327642888264
S시각_C8_축(특보없음 & (파고≥2 또는 풍속≥12)),충돌,hol,0.9332005302589531,0.7205969281196773,1.208530311040901,0.6001981482632008,1712,1712,84.0,0.05159028795500455
S시각_A1_달력,기상민감4종(전복·침몰·침수·표류),dow1,1.0753801166143744,0.9222094426475235,1.253991058570789,0.35392221745695873,2720,2720,392.0,0.1430085802653896
S시각_A1_달력,기상민감4종(전복·침몰·침수·표류),dow2,0.9213401864168903,0.7821162179646352,1.0853473174559505,0.327009645143556,2720,2720,337.0,0.14356978948418636
S시각_A1_달력,기상민감4종(전복·침몰·침수·표류),dow3,1.0212228431663128,0.8755276544951122,1.1911629404854052,0.7891570976615478,2720,2720,371.0,0.14332036316472113
S시각_A1_달력,기상민감4종(전복·침몰·침수·표류),dow4,0.9580092271032925,0.8116614400182031,1.1307444631033166,0.6120178829807392,2720,2720,350.0,0.14375685922378528
S시각_A1_달력,기상민감4종(전복·침몰·침수·표류),dow5,1.239437889248723,1.0644705499800342,1.4431646618444667,0.005697930969483789,2720,2720,452.0,0.1419111044597426
S시각_A1_달력,기상민감4종(전복·침몰·침수·표류),dow6,1.2372668512769844,1.0660214944945974,1.4360210081829843,0.005091827508523883,2720,2720,449.0,0.1414247231367854
S시각_A1_달력,기상민감4종(전복·침몰·침수·표류),hol,1.3091471302855946,1.0879422616294339,1.575328277226876,0.004336665849059784,2720,2720,178.0,0.051232166018158234
S시각_A2_특보유무(풍랑·태풍),기상민감4종(전복·침몰·침수·표류),any_warn,1.929214536850352,1.6777994645914167,2.2183036815434196,0.0,2720,2720,421.0,0.09097825002494263
S시각_A2_특보유무(풍랑·태풍),기상민감4종(전복·침몰·침수·표류),dow1,1.0718951950166717,0.9193281407918551,1.2497815068623732,0.3754679871217397,2720,2720,392.0,0.1430085802653896
S시각_A2_특보유무(풍랑·태풍),기상민감4종(전복·침몰·침수·표류),dow2,0.9310520553990185,0.7900727241066883,1.0971875163047395,0.39376623687055257,2720,2720,337.0,0.14356978948418636
S시각_A2_특보유무(풍랑·태풍),기상민감4종(전복·침몰·침수·표류),dow3,1.0357279551224912,0.8876227643376597,1.2085453867586256,0.6556849003651275,2720,2720,371.0,0.14332036316472113
S시각_A2_특보유무(풍랑·태풍),기상민감4종(전복·침몰·침수·표류),dow4,0.9629445111613598,0.8160426151084267,1.1362913093118132,0.6548007246987404,2720,2720,350.0,0.14375685922378528
S시각_A2_특보유무(풍랑·태풍),기상민감4종(전복·침몰·침수·표류),dow5,1.2518077193684292,1.0754239605722917,1.457120748394419,0.0037504797553196134,2720,2720,452.0,0.1419111044597426
S시각_A2_특보유무(풍랑·태풍),기상민감4종(전복·침몰·침수·표류),dow6,1.2594192436616125,1.084964048600687,1.4619257046819933,0.002429796542123386,2720,2720,449.0,0.1414247231367854
S시각_A2_특보유무(풍랑·태풍),기상민감4종(전복·침몰·침수·표류),hol,1.3109588386723645,1.0918234111948903,1.574076044781222,0.0037154347162629,2720,2720,178.0,0.051232166018158234
S시각_A3_특보종류·수준,기상민감4종(전복·침몰·침수·표류),wv_주의보,1.74527345620831,1.5058756432974647,2.0227297323671563,1.376676550535194e-13,2720,2720,334.0,0.07986630749276663
S시각_A3_특보종류·수준,기상민감4종(전복·침몰·침수·표류),wv_경보,5.931407908607445,4.216248100851339,8.344290690860227,0.0,2720,2720,64.0,0.004901227177491769
S시각_A3_특보종류·수준,기상민감4종(전복·침몰·침수·표류),ty_주의보,0.2967649976350245,0.07254929908502028,1.213925770917618,0.09097671965507281,2720,2720,2.0,0.002257308191160331
S시각_A3_특보종류·수준,기상민감4종(전복·침몰·침수·표류),ty_경보,2.2546432209704266,1.3586458806648054,3.7415312747870035,0.0016551475380515157,2720,2720,28.0,0.005038411653197646
S시각_A3_특보종류·수준,기상민감4종(전복·침몰·침수·표류),dow1,1.0757918691647774,0.9234074199086264,1.253323420203366,0.34851368332335775,2720,2720,392.0,0.1430085802653896
S시각_A3_특보종류·수준,기상민감4종(전복·침몰·침수·표류),dow2,0.927786713022909,0.7876845225426632,1.092808301073646,0.3695038254382883,2720,2720,337.0,0.14356978948418636
S시각_A3_특보종류·수준,기상민감4종(전복·침몰·침수·표류),dow3,1.0320229679545994,0.8855661573363409,1.2027011167515769,0.686456824615246,2720,2720,371.0,0.14332036316472113
S시각_A3_특보종류·수준,기상민감4종(전복·침몰·침수·표류),dow4,0.9673510411280068,0.8198728570227771,1.141357502881013,0.6940832039341291,2720,2720,350.0,0.14375685922378528
S시각_A3_특보종류·수준,기상민감4종(전복·침몰·침수·표류),dow5,1.2524373700152776,1.0766367495679598,1.4569439195162561,0.0035353055119993204,2720,2720,452.0,0.1419111044597426
S시각_A3_특보종류·수준,기상민감4종(전복·침몰·침수·표류),dow6,1.2602216179051025,1.0855671122841675,1.4629759028842277,0.002376275243052728,2720,2720,449.0,0.1414247231367854
S시각_A3_특보종류·수준,기상민감4종(전복·침몰·침수·표류),hol,1.300180001079538,1.082716975770803,1.5613203385896084,0.004937899909403853,2720,2720,178.0,0.051232166018158234
S시각_A3b_특보최고수준,기상민감4종(전복·침몰·침수·표류),warn_주의보,1.6879848448311687,1.45439287198899,1.9590943350011651,5.609512854221066e-12,2720,2720,329.0,0.081076025142173
S시각_A3b_특보최고수준,기상민감4종(전복·침몰·침수·표류),warn_경보,4.612485332591873,3.3727551123455464,6.307905624544343,0.0,2720,2720,92.0,0.00990222488276963
S시각_A3b_특보최고수준,기상민감4종(전복·침몰·침수·표류),dow1,1.076769505085785,0.9237494871188675,1.2551374406700933,0.3442501258248041,2720,2720,392.0,0.1430085802653896
S시각_A3b_특보최고수준,기상민감4종(전복·침몰·침수·표류),dow2,0.9280665776176564,0.7876717592620284,1.0934854047552887,0.3723605889460102,2720,2720,337.0,0.14356978948418636
S시각_A3b_특보최고수준,기상민감4종(전복·침몰·침수·표류),dow3,1.0290407105264106,0.8830912697690894,1.1991113718037179,0.7137412566421153,2720,2720,371.0,0.14332036316472113
S시각_A3b_특보최고수준,기상민감4종(전복·침몰·침수·표류),dow4,0.9600630944696962,0.8135920516946152,1.1329033309050816,0.6294109885768482,2720,2720,350.0,0.14375685922378528
S시각_A3b_특보최고수준,기상민감4종(전복·침몰·침수·표류),dow5,1.2446757421878705,1.0696250204324722,1.4483745925881057,0.004648973177566074,2720,2720,452.0,0.1419111044597426
S시각_A3b_특보최고수준,기상민감4종(전복·침몰·침수·표류),dow6,1.253406669177569,1.0801396856887895,1.454467694460264,0.0029240681541771174,2720,2720,449.0,0.1414247231367854
S시각_A3b_특보최고수준,기상민감4종(전복·침몰·침수·표류),hol,1.3130350851237447,1.0935548724963176,1.5765657290066393,0.003518850830283693,2720,2720,178.0,0.051232166018158234
S시각_B1_특보없는때_파고,기상민감4종(전복·침몰·침수·표류),wh[0-0.5],0.9263026809865513,0.8242178549171597,1.0410313871313939,0.19878701352224626,2275,2275,1388.0,0.620039434585798
S시각_B1_특보없는때_파고,기상민감4종(전복·침몰·침수·표류),wh[1-1.5],0.9978775181252156,0.8369817234411018,1.189702849287857,0.9811039067053513,2275,2275,215.0,0.09346274542475493
S시각_B1_특보없는때_파고,기상민감4종(전복·침몰·침수·표류),wh[1.5-2],0.9801345610430895,0.7388101674848372,1.3002849717425493,0.8893382887474386,2275,2275,60.0,0.026743314171457137
S시각_B1_특보없는때_파고,기상민감4종(전복·침몰·침수·표류),wh[2-2.5],0.5322554724827593,0.2138958073133589,1.3244574147861385,0.17514746216096855,2275,2275,5.0,0.004207281512955094
S시각_B1_특보없는때_파고,기상민감4종(전복·침몰·침수·표류),wh[2.5-3],2.4896364670661835e-10,1.6842545212338034e-10,3.6801383995129317e-10,0.0,2275,2275,0.0,0.0005831875364492211
S시각_B1_특보없는때_파고,기상민감4종(전복·침몰·침수·표류),wh[3-4],2.385736112277318e-10,7.959400092138841e-11,7.150962046807492e-10,0.0,2275,2275,0.0,0.00018051042794856842
S시각_B1_특보없는때_파고,기상민감4종(전복·침몰·침수·표류),wh[4+],2.1508844764428557e-10,3.0315476696028345e-11,1.526053532784775e-09,0.0,2275,2275,0.0,2.7770835069010526e-05
S시각_B1_특보없는때_파고,기상민감4종(전복·침몰·침수·표류),dow1,0.9926459143864186,0.8373687670573875,1.1767168183387955,0.9322241633838169,2275,2275,297.0,0.14200616512538533
S시각_B1_특보없는때_파고,기상민감4종(전복·침몰·침수·표류),dow2,0.957469795350956,0.8029006300609121,1.1417956029500844,0.6285101628527823,2275,2275,290.0,0.14408897775556112
S시각_B1_특보없는때_파고,기상민감4종(전복·침몰·침수·표류),dow3,1.0286478735087536,0.8713834821865368,1.2142948188769662,0.738634872318388,2275,2275,312.0,0.14493598822516593
S시각_B1_특보없는때_파고,기상민감4종(전복·침몰·침수·표류),dow4,0.9467743984002849,0.7920857532101264,1.131672622356114,0.5478847585363897,2275,2275,285.0,0.14308922769307672
S시각_B1_특보없는때_파고,기상민감4종(전복·침몰·침수·표류),dow5,1.274402834753995,1.0855170901410174,1.4961557031018595,0.0030510023613852244,2275,2275,383.0,0.1414229775889361
S시각_B1_특보없는때_파고,기상민감4종(전복·침몰·침수·표류),dow6,1.3368565842164888,1.1397125624847437,1.5681019807894776,0.0003616752539707946,2275,2275,406.0,0.1425338109916965
S시각_B1_특보없는때_파고,기상민감4종(전복·침몰·침수·표류),hol,1.1618093051437675,0.9523562425495399,1.4173276776189445,0.13922012539460038,2275,2275,133.0,0.05162598239329057
S시각_B2_특보없는때_풍속,기상민감4종(전복·침몰·침수·표류),ws[0-4],0.8980609874345101,0.8022185807173019,1.0053538481129485,0.06186430643772689,2275,2275,944.0,0.4429448193507179
S시각_B2_특보없는때_풍속,기상민감4종(전복·침몰·침수·표류),ws[6-8],1.036993699790881,0.9095173519420385,1.1823369077124652,0.5872612386716298,2275,2275,408.0,0.1701519064678275
S시각_B2_특보없는때_풍속,기상민감4종(전복·침몰·침수·표류),ws[8-10],1.0220766805160726,0.8675260604791142,1.2041606453618507,0.7940473193389401,2275,2275,203.0,0.08558971368269044
S시각_B2_특보없는때_풍속,기상민감4종(전복·침몰·침수·표류),ws[10-12],1.0745002792165501,0.847881073247796,1.3616896124523148,0.5521280674055842,2275,2275,77.0,0.030325751895359493
S시각_B2_특보없는때_풍속,기상민감4종(전복·침몰·침수·표류),ws[12-14],1.901659780291391,1.2360747676365542,2.925640110664579,0.0034523981221936673,2275,2275,27.0,0.006165125385320337
S시각_B2_특보없는때_풍속,기상민감4종(전복·침몰·침수·표류),ws[14-17],1.1050851801875958,0.2747977418345522,4.444043998751301,0.8880820459539398,2275,2275,2.0,0.000847010469604821
S시각_B2_특보없는때_풍속,기상민감4종(전복·침몰·침수·표류),ws[17+],1.9018908266819934e-09,7.03719202649668e-10,5.140102334848262e-09,0.0,2275,2275,0.0,5.554167013802105e-05
S시각_B2_특보없는때_풍속,기상민감4종(전복·침몰·침수·표류),dow1,0.990597453367867,0.8355206337072273,1.1744573084508076,0.9133954624103682,2275,2275,297.0,0.14200616512538533
S시각_B2_특보없는때_풍속,기상민감4종(전복·침몰·침수·표류),dow2,0.9568672115721542,0.8022482667775312,1.1412861809719188,0.6239055076476392,2275,2275,290.0,0.14408897775556112
S시각_B2_특보없는때_풍속,기상민감4종(전복·침몰·침수·표류),dow3,1.032961685937646,0.8750402704466885,1.2193837022728788,0.7016421415670642,2275,2275,312.0,0.14493598822516593
S시각_B2_특보없는때_풍속,기상민감4종(전복·침몰·침수·표류),dow4,0.9474886359535847,0.7925408745819222,1.1327298617055603,0.5538164346101973,2275,2275,285.0,0.14308922769307672
S시각_B2_특보없는때_풍속,기상민감4종(전복·침몰·침수·표류),dow5,1.2770200042544113,1.0876086083395984,1.4994181535171673,0.002833367433779932,2275,2275,383.0,0.1414229775889361
S시각_B2_특보없는때_풍속,기상민감4종(전복·침몰·침수·표류),dow6,1.3376560608740977,1.1404380793992668,1.5689792979692028,0.00035051675267028237,2275,2275,406.0,0.1425338109916965
S시각_B2_특보없는때_풍속,기상민감4종(전복·침몰·침수·표류),hol,1.158955397333431,0.9500695363290785,1.4137676892558,0.14570842481484592,2275,2275,133.0,0.05162598239329057
S시각_B3_특보없는때_파고+풍속,기상민감4종(전복·침몰·침수·표류),wh[0-0.5],1.0099927979416035,0.887115107875529,1.1498907445470277,0.8805814809785018,2275,2275,1388.0,0.620039434585798
S시각_B3_특보없는때_파고+풍속,기상민감4종(전복·침몰·침수·표류),wh[1-1.5],0.9324192423305643,0.7762169533514783,1.1200549533406396,0.4544588493373849,2275,2275,215.0,0.09346274542475493
S시각_B3_특보없는때_파고+풍속,기상민감4종(전복·침몰·침수·표류),wh[1.5-2],0.8406383498344767,0.613008954090054,1.1527936590443641,0.2812730481273229,2275,2275,60.0,0.026743314171457137
S시각_B3_특보없는때_파고+풍속,기상민감4종(전복·침몰·침수·표류),wh[2-2.5],0.386958282589604,0.1521661805995217,0.9840341124075406,0.046174076516262375,2275,2275,5.0,0.004207281512955094
S시각_B3_특보없는때_파고+풍속,기상민감4종(전복·침몰·침수·표류),wh[2.5-3],6.393743596572561e-11,3.888237348685968e-11,1.0513750451095282e-10,0.0,2275,2275,0.0,0.0005831875364492211
S시각_B3_특보없는때_파고+풍속,기상민감4종(전복·침몰·침수·표류),wh[3-4],6.0090739525187e-11,1.745125533592964e-11,2.0691330836524696e-10,0.0,2275,2275,0.0,0.00018051042794856842
S시각_B3_특보없는때_파고+풍속,기상민감4종(전복·침몰·침수·표류),wh[4+],5.499622020959079e-11,6.647183258171302e-12,4.55017429168019e-10,0.0,2275,2275,0.0,2.7770835069010526e-05
S시각_B3_특보없는때_파고+풍속,기상민감4종(전복·침몰·침수·표류),ws[0-4],0.8943551054282287,0.7985176769801162,1.0016948624488065,0.05351807403533604,2275,2275,944.0,0.4429448193507179
S시각_B3_특보없는때_파고+풍속,기상민감4종(전복·침몰·침수·표류),ws[6-8],1.0478412170246727,0.914715276736023,1.2003420561790945,0.5002391048156645,2275,2275,408.0,0.1701519064678275
S시각_B3_특보없는때_파고+풍속,기상민감4종(전복·침몰·침수·표류),ws[8-10],1.062160407517441,0.885082867312683,1.2746656533111378,0.5169276919140804,2275,2275,203.0,0.08558971368269044
S시각_B3_특보없는때_파고+풍속,기상민감4종(전복·침몰·침수·표류),ws[10-12],1.1821268272906835,0.9076656534748258,1.539579943837872,0.21450430578287172,2275,2275,77.0,0.030325751895359493
S시각_B3_특보없는때_파고+풍속,기상민감4종(전복·침몰·침수·표류),ws[12-14],2.352066075179662,1.463781780942402,3.779398605746647,0.0004083309686975234,2275,2275,27.0,0.006165125385320337
S시각_B3_특보없는때_파고+풍속,기상민감4종(전복·침몰·침수·표류),ws[14-17],1.5775398620289998,0.3874972592225521,6.422321595986242,0.5244933617780543,2275,2275,2.0,0.000847010469604821
S시각_B3_특보없는때_파고+풍속,기상민감4종(전복·침몰·침수·표류),ws[17+],1.859394652904167e-10,5.7766683260356154e-11,5.985021607811955e-10,0.0,2275,2275,0.0,5.554167013802105e-05
S시각_B3_특보없는때_파고+풍속,기상민감4종(전복·침몰·침수·표류),dow1,0.9893028311616568,0.8345540027244318,1.17274626752661,0.9013775447387724,2275,2275,297.0,0.14200616512538533
S시각_B3_특보없는때_파고+풍속,기상민감4종(전복·침몰·침수·표류),dow2,0.9548755910757685,0.8005324039325089,1.1389762487480382,0.6077232404826121,2275,2275,290.0,0.14408897775556112
S시각_B3_특보없는때_파고+풍속,기상민감4종(전복·침몰·침수·표류),dow3,1.0301940051638814,0.8727108485148032,1.2160954456813966,0.7252530663996741,2275,2275,312.0,0.14493598822516593
S시각_B3_특보없는때_파고+풍속,기상민감4종(전복·침몰·침수·표류),dow4,0.945005987813491,0.7904636293834328,1.1297626909158698,0.5347009716785458,2275,2275,285.0,0.14308922769307672
S시각_B3_특보없는때_파고+풍속,기상민감4종(전복·침몰·침수·표류),dow5,1.2740973406068283,1.085126714055173,1.4959764719780504,0.0031023358793795808,2275,2275,383.0,0.1414229775889361
S시각_B3_특보없는때_파고+풍속,기상민감4종(전복·침몰·침수·표류),dow6,1.3332809435288362,1.1365921138888146,1.564007045847793,0.0004120084729035689,2275,2275,406.0,0.1425338109916965
S시각_B3_특보없는때_파고+풍속,기상민감4종(전복·침몰·침수·표류),hol,1.1569586140660708,0.9484109704943238,1.411364140973625,0.1505229202512659,2275,2275,133.0,0.05162598239329057
S시각_B4_특보없는때_파고연속(1m당),기상민감4종(전복·침몰·침수·표류),wh_per1m,1.0733242128140803,0.9361805316098362,1.2305584520455342,0.31034092895985554,2275,2275,,
S시각_B4_특보없는때_파고연속(1m당),기상민감4종(전복·침몰·침수·표류),dow1,0.993170556753114,0.8377729238761176,1.1773927357756775,0.9370823778605,2275,2275,297.0,0.14200616512538533
S시각_B4_특보없는때_파고연속(1m당),기상민감4종(전복·침몰·침수·표류),dow2,0.95833480268608,0.8036234585227122,1.142830742805415,0.6356684935327126,2275,2275,290.0,0.14408897775556112
S시각_B4_특보없는때_파고연속(1m당),기상민감4종(전복·침몰·침수·표류),dow3,1.0297323878564788,0.8722775911811269,1.2156093442281566,0.7293044544053597,2275,2275,312.0,0.14493598822516593
S시각_B4_특보없는때_파고연속(1m당),기상민감4종(전복·침몰·침수·표류),dow4,0.9478756909267835,0.7929299165545917,1.1330992899775014,0.5566402396107155,2275,2275,285.0,0.14308922769307672
S시각_B4_특보없는때_파고연속(1m당),기상민감4종(전복·침몰·침수·표류),dow5,1.276067665176808,1.0868882603187267,1.4981748773625376,0.002904187114896928,2275,2275,383.0,0.1414229775889361
S시각_B4_특보없는때_파고연속(1m당),기상민감4종(전복·침몰·침수·표류),dow6,1.3398105318403306,1.1423270796620502,1.5714345682510964,0.0003236581048837728,2275,2275,406.0,0.1425338109916965
S시각_B4_특보없는때_파고연속(1m당),기상민감4종(전복·침몰·침수·표류),hol,1.1632631708691075,0.9536528600539051,1.4189452592046565,0.1357366862412619,2275,2275,133.0,0.05162598239329057
S시각_B5_특보없는때_풍속연속(1m/s당),기상민감4종(전복·침몰·침수·표류),ws_per1ms,1.0289815842808228,1.0102546407904238,1.0480556664017535,0.002298158013163798,2275,2275,,
S시각_B5_특보없는때_풍속연속(1m/s당),기상민감4종(전복·침몰·침수·표류),dow1,0.9908685065140312,0.8358900683320692,1.1745807665360426,0.9158111036502243,2275,2275,297.0,0.14200616512538533
S시각_B5_특보없는때_풍속연속(1m/s당),기상민감4종(전복·침몰·침수·표류),dow2,0.9587670909797498,0.803984749589812,1.1433479742181172,0.6392560636556643,2275,2275,290.0,0.14408897775556112
S시각_B5_특보없는때_풍속연속(1m/s당),기상민감4종(전복·침몰·침수·표류),dow3,1.033905098827591,0.8758852536317777,1.2204335544517362,0.6935713749569836,2275,2275,312.0,0.14493598822516593
S시각_B5_특보없는때_풍속연속(1m/s당),기상민감4종(전복·침몰·침수·표류),dow4,0.9467012576732138,0.7918957543013891,1.1317692592893254,0.5476845209639551,2275,2275,285.0,0.14308922769307672
S시각_B5_특보없는때_풍속연속(1m/s당),기상민감4종(전복·침몰·침수·표류),dow5,1.275877958698696,1.086716383092218,1.4979663422954135,0.0029231135676344167,2275,2275,383.0,0.1414229775889361
S시각_B5_특보없는때_풍속연속(1m/s당),기상민감4종(전복·침몰·침수·표류),dow6,1.3379279705805018,1.1407020935107663,1.5692539398716945,0.00034634614134243513,2275,2275,406.0,0.1425338109916965
S시각_B5_특보없는때_풍속연속(1m/s당),기상민감4종(전복·침몰·침수·표류),hol,1.1600110578162512,0.9510028173773846,1.4149544351160381,0.1430946125329673,2275,2275,133.0,0.05162598239329057
S시각_C1_특보있는때만_파고,기상민감4종(전복·침몰·침수·표류),wh[2-3],1.934118694497965,1.2986160127164894,2.880616816499396,0.0011717857369233364,411,411,85.0,0.2441327593389807
S시각_C1_특보있는때만_파고,기상민감4종(전복·침몰·침수·표류),wh[3-4],4.1966987175343755,2.520111399563485,6.988691106593678,3.542592930116939e-08,411,411,39.0,0.06651853909179281
S시각_C1_특보있는때만_파고,기상민감4종(전복·침몰·침수·표류),wh[4+],17.60778443629883,8.855440796299442,35.01057484170928,4.440892098500626e-16,411,411,48.0,0.015553395361755313
S시각_C1_특보있는때만_파고,기상민감4종(전복·침몰·침수·표류),dow1,1.6504726117388222,1.0309120468068353,2.642378513800007,0.036907044456894855,411,411,89.0,0.15886682405221497
S시각_C1_특보있는때만_파고,기상민감4종(전복·침몰·침수·표류),dow2,0.8166996205390529,0.4586990281034936,1.4541087495789113,0.491477848691972,411,411,39.0,0.14303568948757117
S시각_C1_특보있는때만_파고,기상민감4종(전복·침몰·침수·표류),dow3,1.724814170689158,1.068275974752985,2.784845857923582,0.025733503964581406,411,411,59.0,0.1320649909734759
S시각_C1_특보있는때만_파고,기상민감4종(전복·침몰·침수·표류),dow4,1.3411369497262118,0.8004577101168898,2.2470247899270945,0.2649706991285403,411,411,63.0,0.1494236911540064
S시각_C1_특보있는때만_파고,기상민감4종(전복·침몰·침수·표류),dow5,1.4426505787022075,0.8758826057280364,2.3761639729103656,0.15001641382140152,411,411,63.0,0.1367865574225802
S시각_C1_특보있는때만_파고,기상민감4종(전복·침몰·침수·표류),dow6,0.964461877347513,0.5502554876610598,1.690463309708335,0.899431616552625,411,411,38.0,0.12359394528537702
S시각_C1_특보있는때만_파고,기상민감4종(전복·침몰·침수·표류),hol,2.425234586252683,1.1336173654471304,5.188490382763579,0.022417613775798317,411,411,45.0,0.04791001249826413
S시각_C2_특보있는때만_풍속,기상민감4종(전복·침몰·침수·표류),ws[10-14],1.5112381441950835,1.0642376490112113,2.1459875344497807,0.02100012975337151,411,411,146.0,0.40355506179697265
S시각_C2_특보있는때만_풍속,기상민감4종(전복·침몰·침수·표류),ws[14-17],5.797298422484773,3.6406039090534708,9.231619214539172,1.3233858453531866e-13,411,411,88.0,0.08790445771420637
S시각_C2_특보있는때만_풍속,기상민감4종(전복·침몰·침수·표류),ws[17+],10.694444735332702,5.5171671970522995,20.73004933731051,2.2573054536678683e-12,411,411,32.0,0.014581308151645605
S시각_C2_특보있는때만_풍속,기상민감4종(전복·침몰·침수·표류),dow1,1.6560581342013998,1.0409361607685046,2.6346750619460293,0.033224678922429085,411,411,89.0,0.15886682405221497
S시각_C2_특보있는때만_풍속,기상민감4종(전복·침몰·침수·표류),dow2,0.8075187254902446,0.45684776371508945,1.4273605866309094,0.4619560413653996,411,411,39.0,0.14303568948757117
S시각_C2_특보있는때만_풍속,기상민감4종(전복·침몰·침수·표류),dow3,1.680055448510094,1.0351636784924803,2.7267053208232874,0.035739865207970345,411,411,59.0,0.1320649909734759
S시각_C2_특보있는때만_풍속,기상민감4종(전복·침몰·침수·표류),dow4,1.4633819445480514,0.8665241105340579,2.4713527178250017,0.15440657295086302,411,411,63.0,0.1494236911540064
S시각_C2_특보있는때만_풍속,기상민감4종(전복·침몰·침수·표류),dow5,1.983699940295427,1.1015358953551149,3.5723442783128623,0.02247694213636997,411,411,63.0,0.1367865574225802
S시각_C2_특보있는때만_풍속,기상민감4종(전복·침몰·침수·표류),dow6,1.2033143903715533,0.6707605287806435,2.158692200788079,0.5347913541187812,411,411,38.0,0.12359394528537702
S시각_C2_특보있는때만_풍속,기상민감4종(전복·침몰·침수·표류),hol,2.473594093141745,1.1910662448884777,5.137134700848344,0.015143518528302424,411,411,45.0,0.04791001249826413
S시각_C3_축(특보없음 파고구간 vs 특보),기상민감4종(전복·침몰·침수·표류),nw_wh_1.5-2,1.0209805200611815,0.7760479020172139,1.343217628235117,0.8820570354809765,2686,2686,60.0,0.024312349310140244
S시각_C3_축(특보없음 파고구간 vs 특보),기상민감4종(전복·침몰·침수·표류),nw_wh_2-3,0.47768891851914896,0.19396180789668885,1.176451721864413,0.10813892732766783,2686,2686,5.0,0.004355015842159078
S시각_C3_축(특보없음 파고구간 vs 특보),기상민감4종(전복·침몰·침수·표류),nw_wh_3+,6.775985523691221e-10,2.5437535673853817e-10,1.8049696482378225e-09,0.0,2686,2686,0.0,0.00018934851487648166
S시각_C3_축(특보없음 파고구간 vs 특보),기상민감4종(전복·침몰·침수·표류),w_주의보,1.6644801074995124,1.429587438886535,1.937967523287311,5.218936394157936e-11,2686,2686,321.0,0.08095280172685845
S시각_C3_축(특보없음 파고구간 vs 특보),기상민감4종(전복·침몰·침수·표류),w_경보,4.51668024704575,3.290790607633568,6.199239905064437,0.0,2686,2686,90.0,0.009947108648177836
S시각_C3_축(특보없음 파고구간 vs 특보),기상민감4종(전복·침몰·침수·표류),dow1,1.0791574204903542,0.924715134834419,1.2593940493987126,0.33367141145374424,2686,2686,386.0,0.1435387975106982
S시각_C3_축(특보없음 파고구간 vs 특보),기상민감4종(전복·침몰·침수·표류),dow2,0.9217886791792533,0.7815176115793911,1.0872363673876277,0.3335735320903681,2686,2686,329.0,0.14399323394640176
S시각_C3_축(특보없음 파고구간 vs 특보),기상민감4종(전복·침몰·침수·표류),dow3,1.0465996200287189,0.8980656440548307,1.2197001097810416,0.5597266095624636,2686,2686,371.0,0.14376601572854997
S시각_C3_축(특보없음 파고구간 vs 특보),기상민감4종(전복·침몰·침수·표류),dow4,0.9742119384297132,0.8246568868443784,1.1508894379221775,0.7586484635575796,2686,2686,348.0,0.1436650298539492
S시각_C3_축(특보없음 파고구간 vs 특보),기상민감4종(전복·침몰·침수·표류),dow5,1.2620183072593487,1.0840142679412303,1.4692520707154564,0.002700237159315666,2686,2686,446.0,0.14100152741135333
S시각_C3_축(특보없음 파고구간 vs 특보),기상민감4종(전복·침몰·침수·표류),dow6,1.2698052492663174,1.0932801799063574,1.4748327104973233,0.001761190539049995,2686,2686,444.0,0.14081217889647685
S시각_C3_축(특보없음 파고구간 vs 특보),기상민감4종(전복·침몰·침수·표류),hol,1.3304352593332802,1.1074563989259734,1.5983094061254597,0.002284298787258887,2686,2686,178.0,0.05128820106287633
S시각_C4_축(특보없음 풍속구간 vs 특보),기상민감4종(전복·침몰·침수·표류),nw_ws_10-12,1.1388243046625124,0.908333060826365,1.427803140524433,0.25986861329909106,2686,2686,77.0,0.027569143766015727
S시각_C4_축(특보없음 풍속구간 vs 특보),기상민감4종(전복·침몰·침수·표류),nw_ws_12-14,1.9759776252032013,1.297822353827541,3.008491542612561,0.0014960117473630241,2686,2686,27.0,0.005604716040343857
S시각_C4_축(특보없음 풍속구간 vs 특보),기상민감4종(전복·침몰·침수·표류),nw_ws_14+,1.0279306491078768,0.2640512123505264,4.001653353413335,0.9683118599556841,2686,2686,2.0,0.0008205102311314205
S시각_C4_축(특보없음 풍속구간 vs 특보),기상민감4종(전복·침몰·침수·표류),w_주의보,1.6877533680861962,1.4499663635892834,1.9645362147815775,1.4244383450545683e-11,2686,2686,321.0,0.08095280172685845
S시각_C4_축(특보없음 풍속구간 vs 특보),기상민감4종(전복·침몰·침수·표류),w_경보,4.580721507697237,3.33445552417421,6.292784347836388,0.0,2686,2686,90.0,0.009947108648177836
S시각_C4_축(특보없음 풍속구간 vs 특보),기상민감4종(전복·침몰·침수·표류),dow1,1.0779760348584198,0.9236931631738509,1.2580285077961237,0.3407011461741214,2686,2686,386.0,0.1435387975106982
S시각_C4_축(특보없음 풍속구간 vs 특보),기상민감4종(전복·침몰·침수·표류),dow2,0.9211145994384122,0.7809790482150474,1.0863954765979331,0.3291258991837138,2686,2686,329.0,0.14399323394640176
S시각_C4_축(특보없음 풍속구간 vs 특보),기상민감4종(전복·침몰·침수·표류),dow3,1.0473196800441666,0.8985742557128086,1.2206876674178684,0.5541285913540355,2686,2686,371.0,0.14376601572854997
S시각_C4_축(특보없음 풍속구간 vs 특보),기상민감4종(전복·침몰·침수·표류),dow4,0.9741951622925997,0.8246178634540748,1.1509042628048285,0.7585365876940673,2686,2686,348.0,0.1436650298539492
S시각_C4_축(특보없음 풍속구간 vs 특보),기상민감4종(전복·침몰·침수·표류),dow5,1.26439961211135,1.0859265652826944,1.4722048711379934,0.002512637548690133,2686,2686,446.0,0.14100152741135333
S시각_C4_축(특보없음 풍속구간 vs 특보),기상민감4종(전복·침몰·침수·표류),dow6,1.2694717916632907,1.0929993146549577,1.474436999384166,0.0017811872110709004,2686,2686,444.0,0.14081217889647685
S시각_C4_축(특보없음 풍속구간 vs 특보),기상민감4종(전복·침몰·침수·표류),hol,1.329062739243345,1.1065050304017423,1.5963847576939512,0.0023471770056069374,2686,2686,178.0,0.05128820106287633
"S시각_C5_축세분(파고, 기준: 특보없음·1m미만)",기상민감4종(전복·침몰·침수·표류),nw_wh_1.0-1.5,1.046191224416887,0.8830153382575961,1.2395210259955973,0.6017067513466889,2686,2686,215.0,0.08496699024223987
"S시각_C5_축세분(파고, 기준: 특보없음·1m미만)",기상민감4종(전복·침몰·침수·표류),nw_wh_1.5-2.0,1.032096247336122,0.7811066948679125,1.3637351603361147,0.8241375848157246,2686,2686,60.0,0.024312349310140244
"S시각_C5_축세분(파고, 기준: 특보없음·1m미만)",기상민감4종(전복·침몰·침수·표류),nw_wh_2.0-2.5,0.554381810942516,0.22433594752019276,1.3699952936710673,0.20125364190046735,2686,2686,5.0,0.0038248400005049294
"S시각_C5_축세분(파고, 기준: 특보없음·1m미만)",기상민감4종(전복·침몰·침수·표류),nw_wh_2.5-99,2.6143964756591545e-10,1.6960716921934546e-10,4.0299410475388074e-10,0.0,2686,2686,0.0,0.0007195243565306302
"S시각_C5_축세분(파고, 기준: 특보없음·1m미만)",기상민감4종(전복·침몰·침수·표류),w_주의보,1.6755961557840207,1.4348696206458127,1.9567091231707312,6.889600001613871e-11,2686,2686,321.0,0.08095280172685845
"S시각_C5_축세분(파고, 기준: 특보없음·1m미만)",기상민감4종(전복·침몰·침수·표류),w_경보,4.548377890247589,3.307306206271055,6.255163611178982,0.0,2686,2686,90.0,0.009947108648177836
"S시각_C5_축세분(파고, 기준: 특보없음·1m미만)",기상민감4종(전복·침몰·침수·표류),dow1,1.0787481968363097,0.9243530238081356,1.2589320770363315,0.33612246912703725,2686,2686,386.0,0.1435387975106982
"S시각_C5_축세분(파고, 기준: 특보없음·1m미만)",기상민감4종(전복·침몰·침수·표류),dow2,0.9219928136146709,0.781695130905963,1.0874709522264632,0.3348729044777048,2686,2686,329.0,0.14399323394640176
"S시각_C5_축세분(파고, 기준: 특보없음·1m미만)",기상민감4종(전복·침몰·침수·표류),dow3,1.0469421438909308,0.8983816816219294,1.2200692368037518,0.556846198661662,2686,2686,371.0,0.14376601572854997
"S시각_C5_축세분(파고, 기준: 특보없음·1m미만)",기상민감4종(전복·침몰·침수·표류),dow4,0.9743019213986952,0.8247577226826692,1.1509613161954284,0.7594334625633719,2686,2686,348.0,0.1436650298539492
"S시각_C5_축세분(파고, 기준: 특보없음·1m미만)",기상민감4종(전복·침몰·침수·표류),dow5,1.26235987956461,1.084333324231314,1.4696149513472248,0.002665372824068424,2686,2686,446.0,0.14100152741135333
"S시각_C5_축세분(파고, 기준: 특보없음·1m미만)",기상민감4종(전복·침몰·침수·표류),dow6,1.2696273574072636,1.0931294946603778,1.474622754715594,0.0017719295168192595,2686,2686,444.0,0.14081217889647685
"S시각_C5_축세분(파고, 기준: 특보없음·1m미만)",기상민감4종(전복·침몰·침수·표류),hol,1.3301265261768471,1.1071724070804088,1.597977482391137,0.002306340875667612,2686,2686,178.0,0.05128820106287633
"S시각_C6_축세분(풍속, 기준: 특보없음·8m/s미만)",기상민감4종(전복·침몰·침수·표류),nw_ws_8-10,1.0733028467198773,0.9228508921256613,1.2482829139641027,0.3585919880134081,2686,2686,203.0,0.07780961637990887
"S시각_C6_축세분(풍속, 기준: 특보없음·8m/s미만)",기상민감4종(전복·침몰·침수·표류),nw_ws_10-12,1.1493920338526766,0.9154148529505377,1.4431730523334376,0.23054283520811625,2686,2686,77.0,0.027569143766015727
"S시각_C6_축세분(풍속, 기준: 특보없음·8m/s미만)",기상민감4종(전복·침몰·침수·표류),nw_ws_12-14,1.9958524994871196,1.3105035731987615,3.0396156723067738,0.0012821704129590827,2686,2686,27.0,0.005604716040343857
"S시각_C6_축세분(풍속, 기준: 특보없음·8m/s미만)",기상민감4종(전복·침몰·침수·표류),nw_ws_14-99,1.0388624638061759,0.2669447711005628,4.042915747163562,0.9561434964830244,2686,2686,2.0,0.0008205102311314205
"S시각_C6_축세분(풍속, 기준: 특보없음·8m/s미만)",기상민감4종(전복·침몰·침수·표류),w_주의보,1.6998782823949048,1.4589013961226878,1.9806589963087875,1.0294654018139227e-11,2686,2686,321.0,0.08095280172685845
"S시각_C6_축세분(풍속, 기준: 특보없음·8m/s미만)",기상민감4종(전복·침몰·침수·표류),w_경보,4.616615480996565,3.3591281768529826,6.344842285638672,0.0,2686,2686,90.0,0.009947108648177836
"S시각_C6_축세분(풍속, 기준: 특보없음·8m/s미만)",기상민감4종(전복·침몰·침수·표류),dow1,1.0778059108174125,0.9235612177229293,1.2578111327120005,0.34167026078717155,2686,2686,386.0,0.1435387975106982
"S시각_C6_축세분(풍속, 기준: 특보없음·8m/s미만)",기상민감4종(전복·침몰·침수·표류),dow2,0.9214705535979096,0.7812814874615303,1.086814412954905,0.3314027329493383,2686,2686,329.0,0.14399323394640176
"S시각_C6_축세분(풍속, 기준: 특보없음·8m/s미만)",기상민감4종(전복·침몰·침수·표류),dow3,1.0482251398084392,0.8994395855995506,1.221622843066216,0.5464889994719024,2686,2686,371.0,0.14376601572854997
"S시각_C6_축세분(풍속, 기준: 특보없음·8m/s미만)",기상민감4종(전복·침몰·침수·표류),dow4,0.974395465570083,0.8247825919421673,1.151147626779825,0.760385169588206,2686,2686,348.0,0.1436650298539492
"S시각_C6_축세분(풍속, 기준: 특보없음·8m/s미만)",기상민감4종(전복·침몰·침수·표류),dow5,1.2640869501580914,1.0856479244283712,1.4718545318468135,0.0025407549933536,2686,2686,446.0,0.14100152741135333
"S시각_C6_축세분(풍속, 기준: 특보없음·8m/s미만)",기상민감4종(전복·침몰·침수·표류),dow6,1.2692891619080264,1.092839677103535,1.474228114417689,0.0017929058300214518,2686,2686,444.0,0.14081217889647685
"S시각_C6_축세분(풍속, 기준: 특보없음·8m/s미만)",기상민감4종(전복·침몰·침수·표류),hol,1.3293781830155644,1.1067248878656972,1.5968253473416254,0.002332432149613428,2686,2686,178.0,0.05128820106287633
S시각_C7_축(특보없음 & (파고≥1.5 또는 풍속≥10)),기상민감4종(전복·침몰·침수·표류),nw_or_1.5_10,1.1752687670308757,0.9898500182830196,1.3954201639094619,0.06524985311074505,2686,2686,150.0,0.05286610535351368
S시각_C7_축(특보없음 & (파고≥1.5 또는 풍속≥10)),기상민감4종(전복·침몰·침수·표류),w_주의보,1.6902252897079937,1.4514931269452618,1.968222568150134,1.4185763674845475e-11,2686,2686,321.0,0.08095280172685845
S시각_C7_축(특보없음 & (파고≥1.5 또는 풍속≥10)),기상민감4종(전복·침몰·침수·표류),w_경보,4.595033310713674,3.343713015731277,6.314636162622504,0.0,2686,2686,90.0,0.009947108648177836
S시각_C7_축(특보없음 & (파고≥1.5 또는 풍속≥10)),기상민감4종(전복·침몰·침수·표류),dow1,1.078386373352067,0.9240829648606796,1.2584553708408122,0.33813010403126675,2686,2686,386.0,0.1435387975106982
S시각_C7_축(특보없음 & (파고≥1.5 또는 풍속≥10)),기상민감4종(전복·침몰·침수·표류),dow2,0.9227655084220777,0.7823850194529661,1.0883339562518863,0.3397519437011385,2686,2686,329.0,0.14399323394640176
S시각_C7_축(특보없음 & (파고≥1.5 또는 풍속≥10)),기상민감4종(전복·침몰·침수·표류),dow3,1.048227260404646,0.8993694109881396,1.221723105134515,0.5466814494983103,2686,2686,371.0,0.14376601572854997
S시각_C7_축(특보없음 & (파고≥1.5 또는 풍속≥10)),기상민감4종(전복·침몰·침수·표류),dow4,0.9741542765079935,0.8246082571248043,1.1508210671424126,0.7581184159779126,2686,2686,348.0,0.1436650298539492
S시각_C7_축(특보없음 & (파고≥1.5 또는 풍속≥10)),기상민감4종(전복·침몰·침수·표류),dow5,1.2635108924838006,1.0851619176228473,1.4711719509309824,0.0025890621212856235,2686,2686,446.0,0.14100152741135333
S시각_C7_축(특보없음 & (파고≥1.5 또는 풍속≥10)),기상민감4종(전복·침몰·침수·표류),dow6,1.2710269534095409,1.0942946053424747,1.4763021844450592,0.0016913460202920838,2686,2686,444.0,0.14081217889647685
S시각_C7_축(특보없음 & (파고≥1.5 또는 풍속≥10)),기상민감4종(전복·침몰·침수·표류),hol,1.3296961321473793,1.107051066924342,1.597118558188911,0.002305588491984256,2686,2686,178.0,0.05128820106287633
S시각_C8_축(특보없음 & (파고≥2 또는 풍속≥12)),기상민감4종(전복·침몰·침수·표류),nw_or_2.0_12,1.3470751660867304,0.907252535247208,2.00011731308433,0.13958073527625925,2686,2686,32.0,0.00980825307060175
S시각_C8_축(특보없음 & (파고≥2 또는 풍속≥12)),기상민감4종(전복·침몰·침수·표류),w_주의보,1.6764612093287599,1.4405422309895721,1.9510168642910077,2.4353408178967584e-11,2686,2686,321.0,0.08095280172685845
S시각_C8_축(특보없음 & (파고≥2 또는 풍속≥12)),기상민감4종(전복·침몰·침수·표류),w_경보,4.556587474593176,3.317198010138076,6.259044335057704,0.0,2686,2686,90.0,0.009947108648177836
S시각_C8_축(특보없음 & (파고≥2 또는 풍속≥12)),기상민감4종(전복·침몰·침수·표류),dow1,1.0791444803625714,0.9247957646278787,1.2592540472604778,0.33343698294879665,2686,2686,386.0,0.1435387975106982
S시각_C8_축(특보없음 & (파고≥2 또는 풍속≥12)),기상민감4종(전복·침몰·침수·표류),dow2,0.921903989340884,0.7816476145824103,1.087327524202442,0.3341957614713238,2686,2686,329.0,0.14399323394640176
S시각_C8_축(특보없음 & (파고≥2 또는 풍속≥12)),기상민감4종(전복·침몰·침수·표류),dow3,1.0471917177377075,0.8985540833733433,1.220416794035998,0.554918573601163,2686,2686,371.0,0.14376601572854997
S시각_C8_축(특보없음 & (파고≥2 또는 풍속≥12)),기상민감4종(전복·침몰·침수·표류),dow4,0.9752931935505362,0.8255597416625718,1.1521841065922316,0.7686171376016904,2686,2686,348.0,0.1436650298539492
S시각_C8_축(특보없음 & (파고≥2 또는 풍속≥12)),기상민감4종(전복·침몰·침수·표류),dow5,1.264143893479982,1.0857384284919782,1.4718644394325542,0.002529537228446621,2686,2686,446.0,0.14100152741135333
S시각_C8_축(특보없음 & (파고≥2 또는 풍속≥12)),기상민감4종(전복·침몰·침수·표류),dow6,1.2714261394357498,1.0947322275284506,1.476639115384482,0.0016575201465656164,2686,2686,444.0,0.14081217889647685
S시각_C8_축(특보없음 & (파고≥2 또는 풍속≥12)),기상민감4종(전복·침몰·침수·표류),hol,1.3305249841778701,1.1076324759708116,1.5982708812956228,0.002267287233203241,2686,2686,178.0,0.05128820106287633
S시각_A1_달력,충돌·접촉,dow1,0.8489798091115746,0.7106340418619405,1.0142586392155326,0.07123185769091034,2078,2078,259.0,0.14309266907167692
S시각_A1_달력,충돌·접촉,dow2,0.9419490716493175,0.7814170393593715,1.1354603353779174,0.5304280460314503,2078,2078,288.0,0.14297840387848712
S시각_A1_달력,충돌·접촉,dow3,0.8831810009583433,0.7370945560261413,1.0582206503586198,0.17811422884271022,2078,2078,270.0,0.14306002187362268
S시각_A1_달력,충돌·접촉,dow4,1.0226407127285715,0.8662003346584981,1.2073350534346166,0.791549256830633,2078,2078,314.0,0.1431906106658396
S시각_A1_달력,충돌·접촉,dow5,1.0813006891798391,0.9129877581045202,1.2806427797544928,0.36521800638899093,2078,2078,331.0,0.14261928469989063
S시각_A1_달력,충돌·접촉,dow6,1.0202563401259086,0.8586627765923965,1.2122605380636355,0.8196870114825503,2078,2078,312.0,0.1427172262940533
S시각_A1_달력,충돌·접촉,hol,0.9362277230295278,0.7382613780958881,1.1872791607083206,0.5866612487808891,2078,2078,101.0,0.05132139534124484
S시각_A2_특보유무(풍랑·태풍),충돌·접촉,any_warn,0.4150770695075613,0.33277227669856013,0.5177383625230652,6.217248937900877e-15,2078,2078,95.0,0.09923115848582295
S시각_A2_특보유무(풍랑·태풍),충돌·접촉,dow1,0.85387920115784,0.7147167733566853,1.0201379306458263,0.08179925153755807,2078,2078,259.0,0.14309266907167692
S시각_A2_특보유무(풍랑·태풍),충돌·접촉,dow2,0.936059496622776,0.776660775981705,1.1281725668586162,0.4878275972188213,2078,2078,288.0,0.14297840387848712
S시각_A2_특보유무(풍랑·태풍),충돌·접촉,dow3,0.8808771358579665,0.7350465104206663,1.0556400411087759,0.1695648388706088,2078,2078,270.0,0.14306002187362268
S시각_A2_특보유무(풍랑·태풍),충돌·접촉,dow4,1.0298307049683597,0.8720953132365139,1.2160956088156447,0.7289348625235668,2078,2078,314.0,0.1431906106658396
S시각_A2_특보유무(풍랑·태풍),충돌·접촉,dow5,1.0798680699219336,0.9119367653426096,1.2787235834261153,0.3729156635320381,2078,2078,331.0,0.14261928469989063
S시각_A2_특보유무(풍랑·태풍),충돌·접촉,dow6,1.012789863204257,0.8522774176189674,1.203532190111228,0.8852181430578945,2078,2078,312.0,0.1427172262940533
S시각_A2_특보유무(풍랑·태풍),충돌·접촉,hol,0.9256850687437201,0.7295316128586041,1.1745794580955966,0.5250446965497957,2078,2078,101.0,0.05132139534124484
S시각_A3_특보종류·수준,충돌·접촉,wv_주의보,0.38909527536553173,0.3051549510700324,0.4961254365393997,2.6645352591003757e-14,2078,2078,76.0,0.08615595566510505
S시각_A3_특보종류·수준,충돌·접촉,wv_경보,0.574442123938733,0.2979561306996503,1.1074910691731237,0.09789120408951701,2078,2078,9.0,0.006545763209872513
S시각_A3_특보종류·수준,충돌·접촉,ty_주의보,1.0676095402375964e-10,5.3156719354075146e-11,2.144207062166925e-10,0.0,2078,2078,0.0,0.0014201531153588743
S시각_A3_특보종류·수준,충돌·접촉,ty_경보,0.8454608294373066,0.4426306765266402,1.6148994003803465,0.6111480817820032,2078,2078,12.0,0.006823264393333442
S시각_A3_특보종류·수준,충돌·접촉,dow1,0.8536472667139188,0.7145330245306758,1.019846012641309,0.08125052597111271,2078,2078,259.0,0.14309266907167692
S시각_A3_특보종류·수준,충돌·접촉,dow2,0.9365515107203795,0.7771371896718688,1.1286665261805005,0.4910910759711611,2078,2078,288.0,0.14297840387848712
S시각_A3_특보종류·수준,충돌·접촉,dow3,0.8803058257763737,0.7345679023314116,1.0549580841148678,0.16739891960507913,2078,2078,270.0,0.14306002187362268
S시각_A3_특보종류·수준,충돌·접촉,dow4,1.026837740242272,0.869439251507449,1.2127307836145256,0.7550652708062573,2078,2078,314.0,0.1431906106658396
S시각_A3_특보종류·수준,충돌·접촉,dow5,1.075744956297405,0.9084663065249052,1.273825129988551,0.3971466646613231,2078,2078,331.0,0.14261928469989063
S시각_A3_특보종류·수준,충돌·접촉,dow6,1.0105345713867564,0.8505616758200275,1.2005950291415313,0.9051302760991502,2078,2078,312.0,0.1427172262940533
S시각_A3_특보종류·수준,충돌·접촉,hol,0.9263403009210018,0.7300191992825935,1.1754572399653225,0.5289169377232363,2078,2078,101.0,0.05132139534124484
S시각_A3b_특보최고수준,충돌·접촉,warn_주의보,0.37648830784923765,0.29510731001943147,0.48031153798883935,3.774758283725532e-15,2078,2078,74.0,0.08589477808067122
S시각_A3b_특보최고수준,충돌·접촉,warn_경보,0.6640959922003105,0.4181930258841653,1.0545931174344196,0.08278870254611315,2078,2078,21.0,0.013336380405151728
S시각_A3b_특보최고수준,충돌·접촉,dow1,0.8544431538310104,0.7151772264876516,1.0208282312262489,0.08311191275149232,2078,2078,259.0,0.14309266907167692
S시각_A3b_특보최고수준,충돌·접촉,dow2,0.9357804871580288,0.7764291596301537,1.1278364668360006,0.48586684783888145,2078,2078,288.0,0.14297840387848712
S시각_A3b_특보최고수준,충돌·접촉,dow3,0.879990420905508,0.7342483934139769,1.05466099460547,0.16638777098846913,2078,2078,270.0,0.14306002187362268
S시각_A3b_특보최고수준,충돌·접촉,dow4,1.0287254064261333,0.8711469269865277,1.2148076622245596,0.7384896882545926,2078,2078,314.0,0.1431906106658396
S시각_A3b_특보최고수준,충돌·접촉,dow5,1.0775128310216056,0.90996782724126,1.275906538955437,0.38658947150754086,2078,2078,331.0,0.14261928469989063
S시각_A3b_특보최고수준,충돌·접촉,dow6,1.011164989645113,0.8509400795795621,1.2015589121024626,0.8996171458745874,2078,2078,312.0,0.1427172262940533
S시각_A3b_특보최고수준,충돌·접촉,hol,0.9260372487256922,0.7297512790887608,1.175119538122995,0.5272254671516867,2078,2078,101.0,0.05132139534124484
S시각_B1_특보없는때_파고,충돌·접촉,wh[0-0.5],1.2236165251136315,1.0841833572364468,1.3809817228218435,0.0010776069896283325,1960,1960,1145.0,0.5441238512757488
S시각_B1_특보없는때_파고,충돌·접촉,wh[1-1.5],0.7013891807605422,0.5781707082917493,0.8508677036604636,0.0003201256870122293,1960,1960,174.0,0.11523011170827448
S시각_B1_특보없는때_파고,충돌·접촉,wh[1.5-2],0.4964133951445241,0.3564631281775411,0.6913092530461596,3.400606636416725e-05,1960,1960,42.0,0.036667461525762605
S시각_B1_특보없는때_파고,충돌·접촉,wh[2-2.5],0.827874468711686,0.3890688031354534,1.7615808063286027,0.6239182611769534,1960,1960,9.0,0.004714125868994993
S시각_B1_특보없는때_파고,충돌·접촉,wh[2.5-3],2.359595540012214e-10,1.5651986546598332e-10,3.557178570189588e-10,0.0,1960,1960,0.0,0.0006603444797035787
S시각_B1_특보없는때_파고,충돌·접촉,wh[3-4],2.1132034629148952,0.24603103856480793,18.15067278391055,0.4952862700821641,1960,1960,1.0,0.00020177192435387128
S시각_B1_특보없는때_파고,충돌·접촉,wh[4+],2.1609627202743226e-10,3.0136142990657423e-11,1.5495545929228841e-09,0.0,1960,1960,0.0,1.8342902213988297e-05
S시각_B1_특보없는때_파고,충돌·접촉,dow1,0.8220559507923247,0.6819456392178432,0.9909528668709628,0.03984721408013181,1960,1960,234.0,0.14212080635398133
S시각_B1_특보없는때_파고,충돌·접촉,dow2,0.9215406505858234,0.7591398788183502,1.1186833867877346,0.4087473477989141,1960,1960,269.0,0.1445053836417998
S시각_B1_특보없는때_파고,충돌·접촉,dow3,0.8799114094563881,0.7303694228781944,1.0600718817614716,0.17825009385949997,1960,1960,256.0,0.14347818111781646
S시각_B1_특보없는때_파고,충돌·접촉,dow4,1.0389615864304784,0.8738473932572492,1.2352742440010498,0.6651207548000504,1960,1960,296.0,0.14096520351450006
S시각_B1_특보없는때_파고,충돌·접촉,dow5,1.1265307566283904,0.9463598786364574,1.3410031154937048,0.18026183260110518,1960,1960,322.0,0.14223086376726526
S시각_B1_특보없는때_파고,충돌·접촉,dow6,1.0278373271581136,0.8604108959080067,1.2278430876734137,0.7621406012339864,1960,1960,298.0,0.14424858301080398
S시각_B1_특보없는때_파고,충돌·접촉,hol,0.8740178822665593,0.6801263845059414,1.1231842726946109,0.2926939100456165,1960,1960,93.0,0.05192875616780087
S시각_B2_특보없는때_풍속,충돌·접촉,ws[0-4],1.0856322293022758,0.96695888723145,1.218870163833265,0.1641891609676991,1960,1960,892.0,0.41620045123539445
S시각_B2_특보없는때_풍속,충돌·접촉,ws[6-8],0.8665536236088431,0.7472273454770761,1.004935361553432,0.05810981712366203,1960,1960,334.0,0.18531834106792378
S시각_B2_특보없는때_풍속,충돌·접촉,ws[8-10],0.7034371124695139,0.575861446878596,0.8592757405129208,0.000570017411828605,1960,1960,140.0,0.0926316561806409
S시각_B2_특보없는때_풍속,충돌·접촉,ws[10-12],0.6594809907794918,0.4860274997360299,0.8948365626136594,0.0075040656634883796,1960,1960,47.0,0.03268705174532715
S시각_B2_특보없는때_풍속,충돌·접촉,ws[12-14],0.45401292248730135,0.19421573387152805,1.0613338563075019,0.06836360983700285,1960,1960,7.0,0.006988645743529541
S시각_B2_특보없는때_풍속,충돌·접촉,ws[14-17],0.657023568740294,0.15853057154608927,2.7230077181342307,0.56255921790205,1960,1960,2.0,0.0013390318616211456
S시각_B2_특보없는때_풍속,충돌·접촉,ws[17+],1.7831618723186482e-09,5.520278112658432e-10,5.7599747657635604e-09,0.0,1960,1960,0.0,5.502870664196489e-05
S시각_B2_특보없는때_풍속,충돌·접촉,dow1,0.8211013523262328,0.6814683856014626,0.9893451332990514,0.03820586158634631,1960,1960,234.0,0.14212080635398133
S시각_B2_특보없는때_풍속,충돌·접촉,dow2,0.9197848387469089,0.7578516694932812,1.1163189099449198,0.3973893571363969,1960,1960,269.0,0.1445053836417998
S시각_B2_특보없는때_풍속,충돌·접촉,dow3,0.8770237510736312,0.7279609305793684,1.0566098091762923,0.1673918249728299,1960,1960,256.0,0.14347818111781646
S시각_B2_특보없는때_풍속,충돌·접촉,dow4,1.0451115010216996,0.8792691727806011,1.2422339863385325,0.6167151897979604,1960,1960,296.0,0.14096520351450006
S시각_B2_특보없는때_풍속,충돌·접촉,dow5,1.1222874960492004,0.9431944131016874,1.3353866459476071,0.19337270268507778,1960,1960,322.0,0.14223086376726526
S시각_B2_특보없는때_풍속,충돌·접촉,dow6,1.027796786010072,0.8602649263308751,1.227954553300403,0.7626406322842425,1960,1960,298.0,0.14424858301080398
S시각_B2_특보없는때_풍속,충돌·접촉,hol,0.8850488490684976,0.6889792084336346,1.1369159702486495,0.33921825219005264,1960,1960,93.0,0.05192875616780087
S시각_B3_특보없는때_파고+풍속,충돌·접촉,wh[0-0.5],1.1505054403393422,1.0055699725532496,1.316330841591762,0.04126525351241228,1960,1960,1145.0,0.5441238512757488
S시각_B3_특보없는때_파고+풍속,충돌·접촉,wh[1-1.5],0.7345358561883365,0.6014952493935013,0.8970028018847425,0.0024766292549616153,1960,1960,174.0,0.11523011170827448
S시각_B3_특보없는때_파고+풍속,충돌·접촉,wh[1.5-2],0.5429962641863225,0.3807458493093195,0.7743878060789295,0.0007468588341406068,1960,1960,42.0,0.036667461525762605
S시각_B3_특보없는때_파고+풍속,충돌·접촉,wh[2-2.5],0.9487390185114359,0.44653654461199577,2.015749295565858,0.8911427352935966,1960,1960,9.0,0.004714125868994993
S시각_B3_특보없는때_파고+풍속,충돌·접촉,wh[2.5-3],2.768146611190025e-10,1.5664871332357157e-10,4.891604596339697e-10,0.0,1960,1960,0.0,0.0006603444797035787
S시각_B3_특보없는때_파고+풍속,충돌·접촉,wh[3-4],2.6119765760454925,0.2607830312790819,26.161294315615148,0.41410200281881293,1960,1960,1.0,0.00020177192435387128
S시각_B3_특보없는때_파고+풍속,충돌·접촉,wh[4+],0.9485734896588053,0.04491725162133443,20.032206620053035,0.972935839546903,1960,1960,0.0,1.8342902213988297e-05
S시각_B3_특보없는때_파고+풍속,충돌·접촉,ws[0-4],1.0540973329271417,0.9381786829253553,1.184338556723014,0.3754163270307127,1960,1960,892.0,0.41620045123539445
S시각_B3_특보없는때_파고+풍속,충돌·접촉,ws[6-8],0.934205818548849,0.8000132382200414,1.0909075871698013,0.38966195683882354,1960,1960,334.0,0.18531834106792378
S시각_B3_특보없는때_파고+풍속,충돌·접촉,ws[8-10],0.8590770798109182,0.6883006924078429,1.0722253183775023,0.1791778032730118,1960,1960,140.0,0.0926316561806409
S시각_B3_특보없는때_파고+풍속,충돌·접촉,ws[10-12],0.8841607578624581,0.6290088087243961,1.2428128746388356,0.4785101840342194,1960,1960,47.0,0.03268705174532715
S시각_B3_특보없는때_파고+풍속,충돌·접촉,ws[12-14],0.6700892675044732,0.29061689390435325,1.5450568629794148,0.3475896785856787,1960,1960,7.0,0.006988645743529541
S시각_B3_특보없는때_파고+풍속,충돌·접촉,ws[14-17],0.9124484024461658,0.1949088278605948,4.271546323812669,0.9073830088221471,1960,1960,2.0,0.0013390318616211456
S시각_B3_특보없는때_파고+풍속,충돌·접촉,ws[17+],2.1798017767119433e-10,2.1315467221304532e-11,2.2291492541188334e-09,0.0,1960,1960,0.0,5.502870664196489e-05
S시각_B3_특보없는때_파고+풍속,충돌·접촉,dow1,0.823248367916566,0.6830771991411334,0.9921834254304531,0.04111149154091143,1960,1960,234.0,0.14212080635398133
S시각_B3_특보없는때_파고+풍속,충돌·접촉,dow2,0.9209137375016361,0.758731454160853,1.1177632181562842,0.4045106615480041,1960,1960,269.0,0.1445053836417998
S시각_B3_특보없는때_파고+풍속,충돌·접촉,dow3,0.877436719441693,0.7283370654038736,1.057058926690326,0.16881599415055581,1960,1960,256.0,0.14347818111781646
S시각_B3_특보없는때_파고+풍속,충돌·접촉,dow4,1.0409318870816247,0.8755287051347646,1.237582716807132,0.6495534123218389,1960,1960,296.0,0.14096520351450006
S시각_B3_특보없는때_파고+풍속,충돌·접촉,dow5,1.1263342341744735,0.9463480797303349,1.3405519958733345,0.18049514635376207,1960,1960,322.0,0.14223086376726526
S시각_B3_특보없는때_파고+풍속,충돌·접촉,dow6,1.0287816329269959,0.8611071023757095,1.2291057004731907,0.7545834484941998,1960,1960,298.0,0.14424858301080398
S시각_B3_특보없는때_파고+풍속,충돌·접촉,hol,0.8776418357171205,0.6831480715340484,1.1275084039559164,0.3072076909492969,1960,1960,93.0,0.05192875616780087
S시각_B4_특보없는때_파고연속(1m당),충돌·접촉,wh_per1m,0.6050531776914044,0.5199497744376949,0.7040859825939483,8.215961244673053e-11,1960,1960,,
S시각_B4_특보없는때_파고연속(1m당),충돌·접촉,dow1,0.82181454335405,0.6818722762582113,0.9904774943694488,0.039354363287341876,1960,1960,234.0,0.14212080635398133
S시각_B4_특보없는때_파고연속(1m당),충돌·접촉,dow2,0.9233114106586294,0.7606799692298746,1.120713040354563,0.4195876056028651,1960,1960,269.0,0.1445053836417998
S시각_B4_특보없는때_파고연속(1m당),충돌·접촉,dow3,0.8792645066777071,0.7298320555442582,1.0592931165878463,0.17576915266420068,1960,1960,256.0,0.14347818111781646
S시각_B4_특보없는때_파고연속(1m당),충돌·접촉,dow4,1.0412890814758042,0.8760579362150993,1.2376840690299953,0.6462618103220656,1960,1960,296.0,0.14096520351450006
S시각_B4_특보없는때_파고연속(1m당),충돌·접촉,dow5,1.129650555782895,0.9490487856324528,1.3446204215204751,0.17018272880950147,1960,1960,322.0,0.14223086376726526
S시각_B4_특보없는때_파고연속(1m당),충돌·접촉,dow6,1.0294224897015103,0.8616723985383518,1.229830111885718,0.7493305776501069,1960,1960,298.0,0.14424858301080398
S시각_B4_특보없는때_파고연속(1m당),충돌·접촉,hol,0.8785794292378442,0.683662856653423,1.1290679403857171,0.31178888086472734,1960,1960,93.0,0.05192875616780087
S시각_B5_특보없는때_풍속연속(1m/s당),충돌·접촉,ws_per1ms,0.946076678166565,0.9265742461125148,0.965989595249331,1.8284338310081694e-07,1960,1960,,
S시각_B5_특보없는때_풍속연속(1m/s당),충돌·접촉,dow1,0.8222363314599365,0.6822529698871846,0.9909412118564875,0.03982390005765879,1960,1960,234.0,0.14212080635398133
S시각_B5_특보없는때_풍속연속(1m/s당),충돌·접촉,dow2,0.9218419401509517,0.759509997036828,1.1188694894559303,0.4102367701347962,1960,1960,269.0,0.1445053836417998
S시각_B5_특보없는때_풍속연속(1m/s당),충돌·접촉,dow3,0.8780096648157286,0.7287084372638466,1.0579004332712354,0.17128138620234745,1960,1960,256.0,0.14347818111781646
S시각_B5_특보없는때_풍속연속(1m/s당),충돌·접촉,dow4,1.0461736100531704,0.8800158347773467,1.243704009767731,0.6089736691379795,1960,1960,296.0,0.14096520351450006
S시각_B5_특보없는때_풍속연속(1m/s당),충돌·접촉,dow5,1.121487489803936,0.9423635922578747,1.334659148676617,0.1965726791687077,1960,1960,322.0,0.14223086376726526
S시각_B5_특보없는때_풍속연속(1m/s당),충돌·접촉,dow6,1.0272283567433231,0.8597127121669801,1.2273845459814943,0.7674031598667621,1960,1960,298.0,0.14424858301080398
S시각_B5_특보없는때_풍속연속(1m/s당),충돌·접촉,hol,0.8899544064830194,0.6927057275710441,1.143369852586232,0.36178668536441094,1960,1960,93.0,0.05192875616780087
S시각_C1_특보있는때만_파고,충돌·접촉,wh[2-3],0.6670293135200271,0.2905653233159047,1.5312498408878255,0.33955615865210453,93,93,18.0,0.26895397489539746
S시각_C1_특보있는때만_파고,충돌·접촉,wh[3-4],0.7921954799877328,0.2281070325235591,2.75122459649804,0.7138204557021546,93,93,4.0,0.08585774058577406
S시각_C1_특보있는때만_파고,충돌·접촉,wh[4+],2.8303993820212296,0.7868540047447371,10.181254226881716,0.11116523116271848,93,93,5.0,0.02326359832635983
S시각_C1_특보있는때만_파고,충돌·접촉,dow1,2.1114740212440752,0.9640249442623393,4.624696247668241,0.06170528155485666,93,93,22.0,0.15631799163179916
S시각_C1_특보있는때만_파고,충돌·접촉,dow2,1.6811922327602153,0.712648963149198,3.966058283454698,0.23547572271243622,93,93,14.0,0.13188284518828453
S시각_C1_특보있는때만_파고,충돌·접촉,dow3,1.5217086760284033,0.5747923025439706,4.028580905574978,0.39799677368913455,93,93,12.0,0.14326359832635982
S시각_C1_특보있는때만_파고,충돌·접촉,dow4,1.4254450344471334,0.5748053821054826,3.534924357853553,0.4442651284187531,93,93,15.0,0.16368200836820085
S시각_C1_특보있는때만_파고,충돌·접촉,dow5,0.8108461612239796,0.2755528482967246,2.386008713884446,0.7033724481624593,93,93,7.0,0.1389121338912134
S시각_C1_특보있는때만_파고,충돌·접촉,dow6,1.267825253554495,0.5141427622658121,3.1263318119404016,0.606323156075806,93,93,11.0,0.12401673640167364
S시각_C1_특보있는때만_파고,충돌·접촉,hol,3.400289697941404,1.1961286940332843,9.666158907149095,0.021677301631754187,93,93,6.0,0.04602510460251046
S시각_C2_특보있는때만_풍속,충돌·접촉,ws[10-14],1.248489463820898,0.6951118661409329,2.242410203591265,0.45760774950848804,93,93,45.0,0.4125523012552301
S시각_C2_특보있는때만_풍속,충돌·접촉,ws[14-17],1.748229008239036,0.6336023788025821,4.823695060969345,0.2806995503716587,93,93,9.0,0.09857740585774058
S시각_C2_특보있는때만_풍속,충돌·접촉,ws[17+],1.6269827039811535,0.5262419960322913,5.030143430231662,0.3980040966810976,93,93,3.0,0.021087866108786612
S시각_C2_특보있는때만_풍속,충돌·접촉,dow1,2.2368973952249402,0.9866695747014446,5.071312712037554,0.053872000409966425,93,93,22.0,0.15631799163179916
S시각_C2_특보있는때만_풍속,충돌·접촉,dow2,1.7157876236537342,0.7353991463945844,4.003169141433487,0.21167407113111691,93,93,14.0,0.13188284518828453
S시각_C2_특보있는때만_풍속,충돌·접촉,dow3,1.4498743733744643,0.5624357907237456,3.7375567722369794,0.4419646610125898,93,93,12.0,0.14326359832635982
S시각_C2_특보있는때만_풍속,충돌·접촉,dow4,1.5438022825159432,0.6174892348574149,3.8597037048779836,0.3529767019176189,93,93,15.0,0.16368200836820085
S시각_C2_특보있는때만_풍속,충돌·접촉,dow5,0.863327460613388,0.2907876444870389,2.563156717211836,0.791242539624128,93,93,7.0,0.1389121338912134
S시각_C2_특보있는때만_풍속,충돌·접촉,dow6,1.270556800963665,0.5006367523525341,3.2245227240893173,0.6143050843921796,93,93,11.0,0.12401673640167364
S시각_C2_특보있는때만_풍속,충돌·접촉,hol,3.6616946263941554,1.3380484881554597,10.020569251154102,0.011505153841673277,93,93,6.0,0.04602510460251046
S시각_C3_축(특보없음 파고구간 vs 특보),충돌·접촉,nw_wh_1.5-2,0.5345140676886013,0.3868272446476784,0.7385862617232004,0.000146704039420964,2053,2053,42.0,0.03304569199232956
S시각_C3_축(특보없음 파고구간 vs 특보),충돌·접촉,nw_wh_2-3,0.7879913417219124,0.37307904878410214,1.6643399211303,0.5322386953564537,2053,2053,9.0,0.00484361568471864
S시각_C3_축(특보없음 파고구간 vs 특보),충돌·접촉,nw_wh_3+,2.098660208635214,0.25502959504233885,17.270053189621407,0.4905968663134779,2053,2053,1.0,0.00019837333862328903
S시각_C3_축(특보없음 파고구간 vs 특보),충돌·접촉,w_주의보,0.36068985045616925,0.2814621536613542,0.46221904625451804,8.881784197001252e-16,2053,2053,72.0,0.08559809561594922
S시각_C3_축(특보없음 파고구간 vs 특보),충돌·접촉,w_경보,0.6603658660130037,0.41488498516126526,1.0510938997360906,0.08014175762634679,2053,2053,21.0,0.01317529590689678
S시각_C3_축(특보없음 파고구간 vs 특보),충돌·접촉,dow1,0.8626967433899679,0.7209044334966195,1.0323777139860608,0.10692426150449563,2053,2053,256.0,0.1435231104939496
S시각_C3_축(특보없음 파고구간 vs 특보),충돌·접촉,dow2,0.9372507674570891,0.7766230367311031,1.1311008810611063,0.4992720946049731,2053,2053,283.0,0.14325861270911855
S시각_C3_축(특보없음 파고구간 vs 특보),충돌·접촉,dow3,0.8888264057179949,0.7408328937570285,1.0663840471433907,0.20468881599023314,2053,2053,268.0,0.14345698604774185
S시각_C3_축(특보없음 파고구간 vs 특보),충돌·접촉,dow4,1.0398985620890184,0.8799808870722475,1.2288778487367584,0.6460690552876265,2053,2053,311.0,0.14320901937446273
S시각_C3_축(특보없음 파고구간 vs 특보),충돌·접촉,dow5,1.0991299371462244,0.9271360734487785,1.3030305403145404,0.2763152609694317,2053,2053,329.0,0.14190306156185942
S시각_C3_축(특보없음 파고구간 vs 특보),충돌·접촉,dow6,1.0250113999811954,0.8618209072724661,1.2191029031966218,0.7800788611245064,2053,2053,309.0,0.14225021490445017
S시각_C3_축(특보없음 파고구간 vs 특보),충돌·접촉,hol,0.916243580319525,0.7208729942224159,1.1645633907846524,0.4746699557641674,2053,2053,99.0,0.051345632480327974
S시각_C4_축(특보없음 풍속구간 vs 특보),충돌·접촉,nw_ws_10-12,0.7032808457585851,0.5227111622430931,0.9462280198655663,0.020067079780342167,2053,2053,47.0,0.02945844078555842
S시각_C4_축(특보없음 풍속구간 vs 특보),충돌·접촉,nw_ws_12-14,0.49041899648547044,0.21015880404813517,1.1444240616192733,0.09935731951776061,2053,2053,7.0,0.006298353501289427
S시각_C4_축(특보없음 풍속구간 vs 특보),충돌·접촉,nw_ws_14+,0.6970292782799256,0.16956004402310168,2.8653555593158457,0.6167720351657291,2053,2053,2.0,0.0012563644779474972
S시각_C4_축(특보없음 풍속구간 vs 특보),충돌·접촉,w_주의보,0.36601339607750755,0.28563498134163173,0.46901050242148584,1.9984014443252818e-15,2053,2053,72.0,0.08559809561594922
S시각_C4_축(특보없음 풍속구간 vs 특보),충돌·접촉,w_경보,0.6719488406747569,0.422711194310015,1.068141205063545,0.09271621519439166,2053,2053,21.0,0.01317529590689678
S시각_C4_축(특보없음 풍속구간 vs 특보),충돌·접촉,dow1,0.8603942237874672,0.7190411770549322,1.0295352254496595,0.10056519493169125,2053,2053,256.0,0.1435231104939496
S시각_C4_축(특보없음 풍속구간 vs 특보),충돌·접촉,dow2,0.936303275940771,0.7757476055962297,1.1300889854034768,0.49286709665260386,2053,2053,283.0,0.14325861270911855
S시각_C4_축(특보없음 풍속구간 vs 특보),충돌·접촉,dow3,0.88913027473415,0.7411924756545912,1.0665956164094095,0.20564777091076958,2053,2053,268.0,0.14345698604774185
S시각_C4_축(특보없음 풍속구간 vs 특보),충돌·접촉,dow4,1.042502820774698,0.8822377537723869,1.231881232327759,0.6250077764211239,2053,2053,311.0,0.14320901937446273
S시각_C4_축(특보없음 풍속구간 vs 특보),충돌·접촉,dow5,1.0969516052313741,0.9252169874398265,1.3005628307250983,0.2867705840789303,2053,2053,329.0,0.14190306156185942
S시각_C4_축(특보없음 풍속구간 vs 특보),충돌·접촉,dow6,1.0267886478567805,0.8632781863554082,1.2212690463297613,0.7651515685438333,2053,2053,309.0,0.14225021490445017
S시각_C4_축(특보없음 풍속구간 vs 특보),충돌·접촉,hol,0.9172221134363164,0.7217213974195023,1.1656802865823548,0.4798783838854752,2053,2053,99.0,0.051345632480327974
"S시각_C5_축세분(파고, 기준: 특보없음·1m미만)",충돌·접촉,nw_wh_1.0-1.5,0.6615636928170904,0.5511643098999552,0.7940763068153464,9.193310911870256e-06,2053,2053,174.0,0.10384844276929181
"S시각_C5_축세분(파고, 기준: 특보없음·1m미만)",충돌·접촉,nw_wh_1.5-2.0,0.48046399653407146,0.3466296303214727,0.6659720686641832,1.0808913659676733e-05,2053,2053,42.0,0.03304569199232956
"S시각_C5_축세분(파고, 기준: 특보없음·1m미만)",충돌·접촉,nw_wh_2.0-2.5,0.8091687944403028,0.3812386030061045,1.717439243385038,0.5813123355503929,2053,2053,9.0,0.004248495668848774
"S시각_C5_축세분(파고, 기준: 특보없음·1m미만)",충돌·접촉,nw_wh_2.5-99,0.4735149429131053,0.06723920381040066,3.334608211516615,0.4528550749651421,2053,2053,1.0,0.0007934933544931561
"S시각_C5_축세분(파고, 기준: 특보없음·1m미만)",충돌·접촉,w_주의보,0.33571365735520403,0.26108053573529544,0.43168158598033296,0.0,2053,2053,72.0,0.08559809561594922
"S시각_C5_축세분(파고, 기준: 특보없음·1m미만)",충돌·접촉,w_경보,0.6172848627591486,0.3864191697730223,0.9860810011454644,0.04352344174813716,2053,2053,21.0,0.01317529590689678
"S시각_C5_축세분(파고, 기준: 특보없음·1m미만)",충돌·접촉,dow1,0.8642821509838113,0.7220101543392319,1.0345888240212175,0.11195988545281832,2053,2053,256.0,0.1435231104939496
"S시각_C5_축세분(파고, 기준: 특보없음·1m미만)",충돌·접촉,dow2,0.9361104991061944,0.775579707204709,1.1298682242411404,0.49153922592359134,2053,2053,283.0,0.14325861270911855
"S시각_C5_축세분(파고, 기준: 특보없음·1m미만)",충돌·접촉,dow3,0.8877812633799402,0.7400373307921596,1.0650213696176867,0.19995280636895907,2053,2053,268.0,0.14345698604774185
"S시각_C5_축세분(파고, 기준: 특보없음·1m미만)",충돌·접촉,dow4,1.0398437345478222,0.8797811122430979,1.2290272855728093,0.6468570632479422,2053,2053,311.0,0.14320901937446273
"S시각_C5_축세분(파고, 기준: 특보없음·1m미만)",충돌·접촉,dow5,1.100385664626467,0.928180599703642,1.3045398829732513,0.27059965464116154,2053,2053,329.0,0.14190306156185942
"S시각_C5_축세분(파고, 기준: 특보없음·1m미만)",충돌·접촉,dow6,1.02653670994637,0.8631038122123084,1.2209164204320617,0.767211818900738,2053,2053,309.0,0.14225021490445017
"S시각_C5_축세분(파고, 기준: 특보없음·1m미만)",충돌·접촉,hol,0.9135935312250066,0.7188846928622601,1.1610389657526046,0.4599140800858439,2053,2053,99.0,0.051345632480327974
"S시각_C6_축세분(풍속, 기준: 특보없음·8m/s미만)",충돌·접촉,nw_ws_8-10,0.7156631004775689,0.594892230052427,0.8609520304879922,0.0003886832321648992,2053,2053,140.0,0.0834821133373008
"S시각_C6_축세분(풍속, 기준: 특보없음·8m/s미만)",충돌·접촉,nw_ws_10-12,0.6726321594465693,0.49923398887700177,0.9062564488837779,0.00913012904670718,2053,2053,47.0,0.02945844078555842
"S시각_C6_축세분(풍속, 기준: 특보없음·8m/s미만)",충돌·접촉,nw_ws_12-14,0.4665607938100041,0.19997545707234515,1.088528449978096,0.07777380974649617,2053,2053,7.0,0.006298353501289427
"S시각_C6_축세분(풍속, 기준: 특보없음·8m/s미만)",충돌·접촉,nw_ws_14-99,0.6605548969188146,0.1601311515529612,2.724846275142877,0.5662757918091974,2053,2053,2.0,0.0012563644779474972
"S시각_C6_축세분(풍속, 기준: 특보없음·8m/s미만)",충돌·접촉,w_주의보,0.353267419981771,0.2753025452733736,0.45331171891873917,4.440892098500626e-16,2053,2053,72.0,0.08559809561594922
"S시각_C6_축세분(풍속, 기준: 특보없음·8m/s미만)",충돌·접촉,w_경보,0.6498922839479593,0.40867349590711083,1.0334900231237285,0.06863455484686654,2053,2053,21.0,0.01317529590689678
"S시각_C6_축세분(풍속, 기준: 특보없음·8m/s미만)",충돌·접촉,dow1,0.8610684809095475,0.7195700271652021,1.0303916239213404,0.10244232919758423,2053,2053,256.0,0.1435231104939496
"S시각_C6_축세분(풍속, 기준: 특보없음·8m/s미만)",충돌·접촉,dow2,0.9343135543047983,0.7742688886218272,1.1274401316982694,0.47848106249926126,2053,2053,283.0,0.14325861270911855
"S시각_C6_축세분(풍속, 기준: 특보없음·8m/s미만)",충돌·접촉,dow3,0.8865132741819349,0.7390057354033194,1.063463715706968,0.19452075681198266,2053,2053,268.0,0.14345698604774185
"S시각_C6_축세분(풍속, 기준: 특보없음·8m/s미만)",충돌·접촉,dow4,1.0455004427905774,0.8847770361154104,1.235419920790884,0.6013294445587123,2053,2053,311.0,0.14320901937446273
"S시각_C6_축세분(풍속, 기준: 특보없음·8m/s미만)",충돌·접촉,dow5,1.098713237655576,0.9267427455919957,1.3025953365607057,0.2783740096540157,2053,2053,329.0,0.14190306156185942
"S시각_C6_축세분(풍속, 기준: 특보없음·8m/s미만)",충돌·접촉,dow6,1.029126814269497,0.8652152214055149,1.2240908084441764,0.745663373988982,2053,2053,309.0,0.14225021490445017
"S시각_C6_축세분(풍속, 기준: 특보없음·8m/s미만)",충돌·접촉,hol,0.9158319265217293,0.7207244485073113,1.1637569939158148,0.471953683862397,2053,2053,99.0,0.051345632480327974
S시각_C7_축(특보없음 & (파고≥1.5 또는 풍속≥10)),충돌·접촉,nw_or_1.5_10,0.6092823595035753,0.4872127312348759,0.7619361519173513,1.4021870566427452e-05,2053,2053,89.0,0.06227269721616081
S시각_C7_축(특보없음 & (파고≥1.5 또는 풍속≥10)),충돌·접촉,w_주의보,0.35778426346183784,0.2790031815587645,0.45881046397303543,4.440892098500626e-16,2053,2053,72.0,0.08559809561594922
S시각_C7_축(특보없음 & (파고≥1.5 또는 풍속≥10)),충돌·접촉,w_경보,0.6570462706189695,0.4130116584085331,1.0452726768000036,0.07621598709689525,2053,2053,21.0,0.01317529590689678
S시각_C7_축(특보없음 & (파고≥1.5 또는 풍속≥10)),충돌·접촉,dow1,0.8625317472924233,0.7206869727430014,1.032294245941114,0.10668608309441008,2053,2053,256.0,0.1435231104939496
S시각_C7_축(특보없음 & (파고≥1.5 또는 풍속≥10)),충돌·접촉,dow2,0.9363084665954832,0.7759267272399037,1.129840632938182,0.4923849939702496,2053,2053,283.0,0.14325861270911855
S시각_C7_축(특보없음 & (파고≥1.5 또는 풍속≥10)),충돌·접촉,dow3,0.8877391698434395,0.7400158069829749,1.0649513513600528,0.19972840766127598,2053,2053,268.0,0.14345698604774185
S시각_C7_축(특보없음 & (파고≥1.5 또는 풍속≥10)),충돌·접촉,dow4,1.042203612418848,0.882059497042593,1.231423020080522,0.6272209839967007,2053,2053,311.0,0.14320901937446273
S시각_C7_축(특보없음 & (파고≥1.5 또는 풍속≥10)),충돌·접촉,dow5,1.098566443976253,0.926650653842029,1.3023767121156833,0.27896003890908405,2053,2053,329.0,0.14190306156185942
S시각_C7_축(특보없음 & (파고≥1.5 또는 풍속≥10)),충돌·접촉,dow6,1.0274904443408859,0.8638082873666952,1.2221885673616608,0.759360344883925,2053,2053,309.0,0.14225021490445017
S시각_C7_축(특보없음 & (파고≥1.5 또는 풍속≥10)),충돌·접촉,hol,0.9155879087964433,0.7203688435913478,1.1637110991016113,0.4710320061878228,2053,2053,99.0,0.051345632480327974
S시각_C8_축(특보없음 & (파고≥2 또는 풍속≥12)),충돌·접촉,nw_or_2.0_12,0.6004077925914237,0.3478711817212907,1.036273012385731,0.06694503557593778,2053,2053,15.0,0.01117503140911195
S시각_C8_축(특보없음 & (파고≥2 또는 풍속≥12)),충돌·접촉,w_주의보,0.3698693680057081,0.28877734335501953,0.47373297295265115,3.3306690738754696e-15,2053,2053,72.0,0.08559809561594922
S시각_C8_축(특보없음 & (파고≥2 또는 풍속≥12)),충돌·접촉,w_경보,0.6771851918348165,0.42594440478022505,1.0766188706645203,0.09937191481228291,2053,2053,21.0,0.01317529590689678
S시각_C8_축(특보없음 & (파고≥2 또는 풍속≥12)),충돌·접촉,dow1,0.858691272147938,0.7175838709697829,1.0275463687144293,0.09624923951380926,2053,2053,256.0,0.1435231104939496
S시각_C8_축(특보없음 & (파고≥2 또는 풍속≥12)),충돌·접촉,dow2,0.9371461638682789,0.7764860750780558,1.1310478843612826,0.498681292878695,2053,2053,283.0,0.14325861270911855
S시각_C8_축(특보없음 & (파고≥2 또는 풍속≥12)),충돌·접촉,dow3,0.8888679341045044,0.740937729234024,1.0663328011329574,0.20463266899304466,2053,2053,268.0,0.14345698604774185
S시각_C8_축(특보없음 & (파고≥2 또는 풍속≥12)),충돌·접촉,dow4,1.040179238908368,0.8801701082340124,1.2292769760460052,0.6439050504089701,2053,2053,311.0,0.14320901937446273
S시각_C8_축(특보없음 & (파고≥2 또는 풍속≥12)),충돌·접촉,dow5,1.0964447641840287,0.9247861593083744,1.2999666017986908,0.28919454211444995,2053,2053,329.0,0.14190306156185942
S시각_C8_축(특보없음 & (파고≥2 또는 풍속≥12)),충돌·접촉,dow6,1.0234816273409875,0.8605591014035446,1.2172489254905243,0.793029956586484,2053,2053,309.0,0.14225021490445017
S시각_C8_축(특보없음 & (파고≥2 또는 풍속≥12)),충돌·접촉,hol,0.9181027542480361,0.7223410728330096,1.1669178163328584,0.4849545513012181,2053,2053,99.0,0.051345632480327974
