model,subset,term,RR,lo,hi,p,n_events,n_strata,cases_with,ref_share
A1_달력(요일+공휴일),전체,dow1,0.9500880320367437,0.8272363338130195,1.0911842622515693,0.46859965968806794,3331,3331,393.0,0.14330458835014645
A1_달력(요일+공휴일),전체,dow2,0.8668893925618842,0.7508623588503863,1.000845507939562,0.05135855205908291,3331,3331,360.0,0.1433147575658965
A1_달력(요일+공휴일),전체,dow3,0.8943092992388995,0.7761611007860864,1.0304421619366844,0.12230266937941581,3331,3331,369.0,0.14363000325414904
A1_달력(요일+공휴일),전체,dow4,1.0807852441735852,0.94613698829942,1.234595791591327,0.25246035724959404,3331,3331,448.0,0.1435486495281484
A1_달력(요일+공휴일),전체,dow5,1.6648957973540996,1.4660786369223344,1.8906748562043083,3.9968028886505635e-15,3331,3331,693.0,0.14124023755287993
A1_달력(요일+공휴일),전체,dow6,1.5624815939271728,1.3724226179480536,1.778860752827963,1.539390837024257e-11,3331,3331,646.0,0.14112837617962903
A1_달력(요일+공휴일),전체,hol,1.3815038067993202,1.184709453946267,1.610988045924361,3.75918594408553e-05,3331,3331,220.0,0.049544419134396354
A1b_주말·공휴일,전체,weekend_or_hol,1.699627853794244,1.5823455583233577,1.8256030272263104,0.0,3331,3331,1489.0,0.3190794825903026
A2_특보유무(풍랑·태풍·강풍 중 하나),전체,any_warn,0.7949702751993855,0.7195519835503589,0.8782933726793858,6.42641817938383e-06,3331,3331,491.0,0.17716807679791735
A2_특보유무(풍랑·태풍·강풍 중 하나),전체,dow1,0.954193927789968,0.8307668071657581,1.0959586300004673,0.5070352890936232,3331,3331,393.0,0.14330458835014645
A2_특보유무(풍랑·태풍·강풍 중 하나),전체,dow2,0.864767396463477,0.7489017763898891,0.9985590548217543,0.04774319633746216,3331,3331,360.0,0.1433147575658965
A2_특보유무(풍랑·태풍·강풍 중 하나),전체,dow3,0.8881213866277595,0.7707899432817974,1.0233132960029387,0.10075293982831912,3331,3331,369.0,0.14363000325414904
A2_특보유무(풍랑·태풍·강풍 중 하나),전체,dow4,1.075919573230965,0.9417209623545586,1.2292419669274213,0.28166700856072957,3331,3331,448.0,0.1435486495281484
A2_특보유무(풍랑·태풍·강풍 중 하나),전체,dow5,1.6558170125793568,1.457866017300913,1.8806460584239781,8.43769498715119e-15,3331,3331,693.0,0.14124023755287993
A2_특보유무(풍랑·태풍·강풍 중 하나),전체,dow6,1.5544302595147093,1.3656074910397027,1.7693615827014513,2.4597879288990043e-11,3331,3331,646.0,0.14112837617962903
A2_특보유무(풍랑·태풍·강풍 중 하나),전체,hol,1.3799736842044261,1.1836796808191332,1.6088198521570458,3.887664668900115e-05,3331,3331,220.0,0.049544419134396354
A3_특보종류·수준,전체,wv_주의보,0.8477624222882407,0.746266627180123,0.9630621261461765,0.011132792762787558,3331,3331,408.0,0.1438028799219004
A3_특보종류·수준,전체,wv_경보,0.5974352965885253,0.3871112972056693,0.9220318192372091,0.019983623636944392,3331,3331,22.0,0.010464123006833713
A3_특보종류·수준,전체,ty_주의보,0.6447556307195749,0.3229225367971713,1.2873360511400465,0.21347956892301,3331,3331,7.0,0.0038134559062805076
A3_특보종류·수준,전체,ty_경보,0.9028734463334073,0.6608515568862859,1.2335303618483173,0.5210381418820691,3331,3331,28.0,0.009650585746827204
A3_특보종류·수준,전체,gw_주의보,0.9401138917108037,0.7879764391977738,1.1216250707793114,0.4929388886607602,3331,3331,224.0,0.08061137325089489
A3_특보종류·수준,전체,gw_경보,2.0377400240141217,0.8173231171543318,5.08046856661341,0.1267066655685185,3331,3331,5.0,0.0010677676537585422
A3_특보종류·수준,전체,dow1,0.951768444810563,0.828438710369797,1.0934582862898334,0.48507813501032127,3331,3331,393.0,0.14330458835014645
A3_특보종류·수준,전체,dow2,0.8631274260876844,0.7475065351835841,0.9966320274133595,0.04485871064385538,3331,3331,360.0,0.1433147575658965
A3_특보종류·수준,전체,dow3,0.8882800815220481,0.7710137926062764,1.0233818263634433,0.10099774179330145,3331,3331,369.0,0.14363000325414904
A3_특보종류·수준,전체,dow4,1.0730237320295093,0.9391361836633695,1.2259989014662913,0.2999618470015313,3331,3331,448.0,0.1435486495281484
A3_특보종류·수준,전체,dow5,1.6519324143025442,1.4542624874621966,1.8764705305611962,1.1546319456101628e-14,3331,3331,693.0,0.14124023755287993
A3_특보종류·수준,전체,dow6,1.5501171205547766,1.3615777292080071,1.7647638000327106,3.480549182199866e-11,3331,3331,646.0,0.14112837617962903
A3_특보종류·수준,전체,hol,1.3754929048591862,1.1793393698844081,1.604271662281064,4.8787371395242474e-05,3331,3331,220.0,0.049544419134396354
A3b_특보최고수준,전체,warn_주의보,0.8063701044959379,0.7255207303840807,0.8962290368747501,6.539051725118483e-05,3331,3331,442.0,0.15752115196876018
A3b_특보최고수준,전체,warn_경보,0.7020313467332727,0.5413109832053727,0.9104711101144362,0.0076509139884077815,3331,3331,49.0,0.019646924829157177
A3b_특보최고수준,전체,dow1,0.9531222085393098,0.829829052955838,1.0947338384634713,0.49692558795942743,3331,3331,393.0,0.14330458835014645
A3b_특보최고수준,전체,dow2,0.8640369002106306,0.748348682344413,0.9976095135048364,0.04630158441256915,3331,3331,360.0,0.1433147575658965
A3b_특보최고수준,전체,dow3,0.8880538366577945,0.770759201335418,1.0231984456834653,0.10044794478782437,3331,3331,369.0,0.14363000325414904
A3b_특보최고수준,전체,dow4,1.0757766780021605,0.9416173435951612,1.2290507060062517,0.2824589940798816,3331,3331,448.0,0.1435486495281484
A3b_특보최고수준,전체,dow5,1.6552650706055028,1.4574147997417646,1.8799743590171556,8.43769498715119e-15,3331,3331,693.0,0.14124023755287993
A3b_특보최고수준,전체,dow6,1.5539888086295608,1.3652142596043628,1.7688660958212896,2.5364599309796176e-11,3331,3331,646.0,0.14112837617962903
A3b_특보최고수준,전체,hol,1.3777046992286524,1.1816139578327445,1.6063370153125593,4.307411144433004e-05,3331,3331,220.0,0.049544419134396354
A3c_특보_낮발효시간,전체,dh_0_<6h,0.857603597873063,0.739786216664252,0.9941844204683494,0.04161432368995488,3331,3331,221.0,0.07301496908558412
A3c_특보_낮발효시간,전체,dh_6h+,0.7489188186144241,0.661505167919304,0.847883620681321,4.973983326550524e-06,3331,3331,270.0,0.10415310771233323
A3c_특보_낮발효시간,전체,dow1,0.953782871563975,0.8303723415541018,1.0955347626177547,0.5032753509544283,3331,3331,393.0,0.14330458835014645
A3c_특보_낮발효시간,전체,dow2,0.8644681251704404,0.7487305446682907,0.9980962373677089,0.04703501255345932,3331,3331,360.0,0.1433147575658965
A3c_특보_낮발효시간,전체,dow3,0.889713500021551,0.7722360855789255,1.0250623182509837,0.10579405908935824,3331,3331,369.0,0.14363000325414904
A3c_특보_낮발효시간,전체,dow4,1.0772514881631585,0.9428953803751091,1.2307524173976474,0.27357847102424326,3331,3331,448.0,0.1435486495281484
A3c_특보_낮발효시간,전체,dow5,1.6546636614036918,1.456868115938657,1.8793134412210268,8.881784197001252e-15,3331,3331,693.0,0.14124023755287993
A3c_특보_낮발효시간,전체,dow6,1.553358174645927,1.3646718853385182,1.7681331642153535,2.6369573191686868e-11,3331,3331,646.0,0.14112837617962903
A3c_특보_낮발효시간,전체,hol,1.378903670291572,1.1827916721208902,1.6075318898163782,4.046267334212317e-05,3331,3331,220.0,0.049544419134396354
A1_달력(요일+공휴일),익수,dow1,0.9694140243934449,0.7932285516974026,1.184732380950896,0.7614773683139047,1416,1416,186.0,0.14265219262589068
A1_달력(요일+공휴일),익수,dow2,0.8603058551501049,0.7026420557828083,1.0533473741206456,0.1451705284658087,1416,1416,165.0,0.14267610348620344
A1_달력(요일+공휴일),익수,dow3,0.8534925575134641,0.6889346652218544,1.0573564991047366,0.1471573319557593,1416,1416,164.0,0.1435847161780881
A1_달력(요일+공휴일),익수,dow4,0.9388647509395007,0.7673039916282829,1.1487846149296637,0.5400465335123674,1416,1416,181.0,0.14379991392090288
A1_달력(요일+공휴일),익수,dow5,1.378808586268009,1.1414391377057873,1.665540504759185,0.0008609921946929333,1416,1416,267.0,0.14231744058151213
A1_달력(요일+공휴일),익수,dow6,1.3474336228498218,1.1134755126163185,1.6305498840474346,0.0021792847434989326,1416,1416,259.0,0.14157620391181674
A1_달력(요일+공휴일),익수,hol,1.1479274051848096,0.9158897866566241,1.4387509793996232,0.2311435060855973,1416,1416,80.0,0.05006934149490699
A1b_주말·공휴일,익수,weekend_or_hol,1.4525623036760187,1.3061020825341718,1.6154458937595173,5.788702850395566e-12,1416,1416,581.0,0.32162498206685475
A2_특보유무(풍랑·태풍·강풍 중 하나),익수,any_warn,0.8277396834644871,0.7123396159506091,0.9618347319734006,0.013588129568593343,1416,1416,214.0,0.17481229974654489
A2_특보유무(풍랑·태풍·강풍 중 하나),익수,dow1,0.9733746534199768,0.7962954817037577,1.189832465070973,0.792232283796312,1416,1416,186.0,0.14265219262589068
A2_특보유무(풍랑·태풍·강풍 중 하나),익수,dow2,0.8599237409954068,0.7022208546227399,1.053043120920706,0.14429431119831237,1416,1416,165.0,0.14267610348620344
A2_특보유무(풍랑·태풍·강풍 중 하나),익수,dow3,0.8498542249325804,0.6860153853808563,1.0528221655477639,0.1365096079320942,1416,1416,164.0,0.1435847161780881
A2_특보유무(풍랑·태풍·강풍 중 하나),익수,dow4,0.9367346078742697,0.7654830674549403,1.1462980213354146,0.5257698101467656,1416,1416,181.0,0.14379991392090288
A2_특보유무(풍랑·태풍·강풍 중 하나),익수,dow5,1.3753152507782784,1.1380187912773947,1.6620920968274797,0.0009738200069393521,1416,1416,267.0,0.14231744058151213
A2_특보유무(풍랑·태풍·강풍 중 하나),익수,dow6,1.343463621261745,1.1101174430373058,1.625859059304113,0.0024196567979277717,1416,1416,259.0,0.14157620391181674
A2_특보유무(풍랑·태풍·강풍 중 하나),익수,hol,1.1485823964357174,0.9168184352447981,1.4389343306014206,0.2283064596002884,1416,1416,80.0,0.05006934149490699
A3_특보종류·수준,익수,wv_주의보,0.9326897509901927,0.7768122214535305,1.119846145023848,0.45515874897950925,1416,1416,179.0,0.14069150208024483
A3_특보종류·수준,익수,wv_경보,0.77159929930115,0.4056841281096734,1.4675592103052981,0.42923286624283596,1416,1416,12.0,0.01037731337573526
A3_특보종류·수준,익수,ty_주의보,1.0156492814538207,0.4457106178422208,2.3143793789602367,0.970522407169742,1416,1416,5.0,0.003921381091291665
A3_특보종류·수준,익수,ty_경보,0.7372275209721951,0.4105020747825195,1.3239991977306143,0.3074877846924684,1416,1416,9.0,0.008655731433216967
A3_특보종류·수준,익수,gw_주의보,0.8514460865959025,0.6474425069817792,1.1197294440228642,0.24982325060789146,1416,1416,94.0,0.08091435129835972
A3_특보종류·수준,익수,gw_경보,2.610608619307803,0.8001740687474231,8.517243471626983,0.11172171251685792,1416,1416,3.0,0.0010281669934484243
A3_특보종류·수준,익수,dow1,0.9718813147738745,0.7947167889956355,1.1885407519832607,0.7811824955240736,1416,1416,186.0,0.14265219262589068
A3_특보종류·수준,익수,dow2,0.8594662140924799,0.7017566181346804,1.0526187485483653,0.14313927860349063,1416,1416,165.0,0.14267610348620344
A3_특보종류·수준,익수,dow3,0.850491659240431,0.6864767668753993,1.0536934348556508,0.1384685779405368,1416,1416,164.0,0.1435847161780881
A3_특보종류·수준,익수,dow4,0.9366535539458589,0.7652884568825021,1.1463911055097837,0.5255658336884976,1416,1416,181.0,0.14379991392090288
A3_특보종류·수준,익수,dow5,1.3763051187192787,1.1387368584351538,1.6634359077617893,0.0009535612084297096,1416,1416,267.0,0.14231744058151213
A3_특보종류·수준,익수,dow6,1.3442848100587899,1.1105086932651433,1.627273754374236,0.0024023769514205373,1416,1416,259.0,0.14157620391181674
A3_특보종류·수준,익수,hol,1.148632051771551,0.9164326820100406,1.4396644906455525,0.22911859171960147,1416,1416,80.0,0.05006934149490699
A3b_특보최고수준,익수,warn_주의보,0.83778420638848,0.7161538608758208,0.9800720415241605,0.027000548658774104,1416,1416,193.0,0.1561857395629095
A3b_특보최고수준,익수,warn_경보,0.7430070034736064,0.4783944268480203,1.1539837762077647,0.18603144705430052,1416,1416,21.0,0.018626560183635406
A3b_특보최고수준,익수,dow1,0.9721538860866036,0.7952053741973952,1.1884768500051477,0.7829284334493143,1416,1416,186.0,0.14265219262589068
A3b_특보최고수준,익수,dow2,0.8590967014278988,0.7016389276232635,1.0518902434680502,0.14149133229695132,1416,1416,165.0,0.14267610348620344
A3b_특보최고수준,익수,dow3,0.8494470848969221,0.6857867758176307,1.052164281207664,0.13509229011423374,1416,1416,164.0,0.1435847161780881
A3b_특보최고수준,익수,dow4,0.9363290419658569,0.7652606133628771,1.1456385700762224,0.5227373589965885,1416,1416,181.0,0.14379991392090288
A3b_특보최고수준,익수,dow5,1.3747498071657986,1.1376217163787121,1.6613053399845998,0.0009848815629420749,1416,1416,267.0,0.14231744058151213
A3b_특보최고수준,익수,dow6,1.3430492583914382,1.1097698622392194,1.6253651967320888,0.002445792421206905,1416,1416,259.0,0.14157620391181674
A3b_특보최고수준,익수,hol,1.1468853725521424,0.9152635131141945,1.4371227946130904,0.23376437576272036,1416,1416,80.0,0.05006934149490699
A3c_특보_낮발효시간,익수,dh_0_<6h,0.847665919458902,0.6771984310499662,1.061044264231453,0.1490945148901126,1416,1416,90.0,0.07137391803357085
A3c_특보_낮발효시간,익수,dh_6h+,0.8134206465767956,0.6726591336899786,0.9836380941529903,0.03315730017608809,1416,1416,124.0,0.10343838171297404
A3c_특보_낮발효시간,익수,dow1,0.973012133764982,0.7958369054997635,1.189631450754786,0.7896396441999656,1416,1416,186.0,0.14265219262589068
A3c_특보_낮발효시간,익수,dow2,0.8597681982954584,0.7020801316882587,1.0528731998478524,0.14385254937688674,1416,1416,165.0,0.14267610348620344
A3c_특보_낮발효시간,익수,dow3,0.8501896927533503,0.6862590698528027,1.0532793596725447,0.13753593332647185,1416,1416,164.0,0.1435847161780881
A3c_특보_낮발효시간,익수,dow4,0.9369102076354656,0.7656656742755689,1.1464543424936198,0.5268531303683535,1416,1416,181.0,0.14379991392090288
A3c_특보_낮발효시간,익수,dow5,1.3750369260146627,1.1377878203509502,1.6617567125306891,0.000981144900102482,1416,1416,267.0,0.14231744058151213
A3c_특보_낮발효시간,익수,dow6,1.343243330158252,1.1099397625614178,1.625586094736192,0.0024326986544336293,1416,1416,259.0,0.14157620391181674
A3c_특보_낮발효시간,익수,hol,1.148227519666574,0.9163548472405689,1.4387728082520073,0.2297524027228579,1416,1416,80.0,0.05006934149490699
A1_달력(요일+공휴일),추락,dow1,1.060503599567874,0.7045495839078182,1.5962934481607283,0.778287014174261,402,402,47.0,0.14378588314758528
A1_달력(요일+공휴일),추락,dow2,1.108292466758769,0.7392986127245407,1.6614561027614168,0.6186563732830903,402,402,50.0,0.14429246876055388
A1_달력(요일+공휴일),추락,dow3,1.0676166344532056,0.709980675757395,1.6054032413562038,0.7532507816019314,402,402,47.0,0.1430260047281324
A1_달력(요일+공휴일),추락,dow4,1.4664690524670283,1.0056158548204124,2.1385218535835393,0.04669072377835404,402,402,65.0,0.1422661263086795
A1_달력(요일+공휴일),추락,dow5,1.5320879449455378,1.0420385628594482,2.2525975090655526,0.03005292216533051,402,402,68.0,0.1420128335021952
A1_달력(요일+공휴일),추락,dow6,1.8021525873688946,1.2443046678634062,2.6100954469110165,0.0018294911946687975,402,402,80.0,0.14091523134076325
A1_달력(요일+공휴일),추락,hol,1.3742132174831474,0.916447489471093,2.060633030044381,0.12407598483734295,402,402,26.0,0.04930766632894292
A1b_주말·공휴일,추락,weekend_or_hol,1.4835783874321518,1.2172038798830085,1.808246644651949,9.357075410165727e-05,402,402,166.0,0.3193177980412023
A2_특보유무(풍랑·태풍·강풍 중 하나),추락,any_warn,0.887577461738753,0.677877408168659,1.1621478177225235,0.38580654728375974,402,402,67.0,0.18304626815265113
A2_특보유무(풍랑·태풍·강풍 중 하나),추락,dow1,1.0629084152733896,0.7064865412369038,1.5991448291159238,0.769711684620598,402,402,47.0,0.14378588314758528
A2_특보유무(풍랑·태풍·강풍 중 하나),추락,dow2,1.107211111926999,0.7382563848036101,1.6605565107313467,0.622365054180231,402,402,50.0,0.14429246876055388
A2_특보유무(풍랑·태풍·강풍 중 하나),추락,dow3,1.064829473379193,0.7079625811698201,1.6015843739981903,0.7629382352582335,402,402,47.0,0.1430260047281324
A2_특보유무(풍랑·태풍·강풍 중 하나),추락,dow4,1.4663984335028768,1.0054313718260175,2.1387082460679263,0.04679713044802902,402,402,65.0,0.1422661263086795
A2_특보유무(풍랑·태풍·강풍 중 하나),추락,dow5,1.5302855947709522,1.0407722748073958,2.250034957932419,0.03052666744068655,402,402,68.0,0.1420128335021952
A2_특보유무(풍랑·태풍·강풍 중 하나),추락,dow6,1.799033363314258,1.2423865673484278,2.6050837375241254,0.0018770525602680443,402,402,80.0,0.14091523134076325
A2_특보유무(풍랑·태풍·강풍 중 하나),추락,hol,1.3752918313940055,0.9173489846916381,2.0618408621609485,0.12296670227506867,402,402,26.0,0.04930766632894292
A3_특보종류·수준,추락,wv_주의보,0.9385113980806669,0.6602674412565688,1.3340104165231168,0.7235562032259646,402,402,56.0,0.14623438027693347
A3_특보종류·수준,추락,wv_경보,0.820327200069449,0.2803166888690676,2.4006302225127314,0.7177192672853971,402,402,4.0,0.0121580547112462
A3_특보종류·수준,추락,ty_주의보,8.260106794843352e-10,4.684323143245672e-10,1.4565469156541277e-09,0.0,402,402,0.0,0.0014353259034110097
A3_특보종류·수준,추락,ty_경보,0.6061997860457047,0.18298199972524715,2.0082750278914725,0.4127609633440019,402,402,3.0,0.011229314420803783
A3_특보종류·수준,추락,gw_주의보,1.0310345178158957,0.6724323928208847,1.5808759189431492,0.8885406356698593,402,402,32.0,0.08282674772036475
A3_특보종류·수준,추락,gw_경보,1.8243440174040657,0.18965925977948267,17.548476661291147,0.6026806533827502,402,402,1.0,0.0016041877744005404
A3_특보종류·수준,추락,dow1,1.0566024630823168,0.7018705862586315,1.5906191067825064,0.7919275474569176,402,402,47.0,0.14378588314758528
A3_특보종류·수준,추락,dow2,1.1050446338652173,0.7367489057825439,1.6574488719970148,0.6291469054798144,402,402,50.0,0.14429246876055388
A3_특보종류·수준,추락,dow3,1.0655655282178411,0.7087685020765756,1.6019756685004247,0.7601553489337103,402,402,47.0,0.1430260047281324
A3_특보종류·수준,추락,dow4,1.46362428258933,1.0037001768214953,2.1342987577914045,0.0477945992053177,402,402,65.0,0.1422661263086795
A3_특보종류·수준,추락,dow5,1.5267321635974191,1.038008607417679,2.245560472915166,0.0315943648705872,402,402,68.0,0.1420128335021952
A3_특보종류·수준,추락,dow6,1.7958037149383363,1.239918568655172,2.600905465980803,0.001948909705641988,402,402,80.0,0.14091523134076325
A3_특보종류·수준,추락,hol,1.3632772168774707,0.9085350986797981,2.0456279264915844,0.13446707349734743,402,402,26.0,0.04930766632894292
A3b_특보최고수준,추락,warn_주의보,0.9145746496669277,0.6902170422658261,1.2118605287802202,0.5340428860633077,402,402,60.0,0.1595744680851064
A3b_특보최고수준,추락,warn_경보,0.703154868558402,0.31620925980046766,1.5636062318016037,0.38773660872396754,402,402,7.0,0.02347180006754475
A3b_특보최고수준,추락,dow1,1.0602803435724157,0.7046560670596442,1.5953802990117232,0.77887049099711,402,402,47.0,0.14378588314758528
A3b_특보최고수준,추락,dow2,1.106357061862976,0.7377433421991564,1.6591487558333629,0.6249394719532861,402,402,50.0,0.14429246876055388
A3b_특보최고수준,추락,dow3,1.066291270408884,0.7090127257130147,1.6036060173769058,0.7578575646951595,402,402,47.0,0.1430260047281324
A3b_특보최고수준,추락,dow4,1.4675965430174034,1.0062824449366559,2.140392713709931,0.04631309770209402,402,402,65.0,0.1422661263086795
A3b_특보최고수준,추락,dow5,1.530434343930394,1.040808797163121,2.2503934319788126,0.030515470781875553,402,402,68.0,0.1420128335021952
A3b_특보최고수준,추락,dow6,1.7984058390458841,1.2417487782115657,2.6046037803012725,0.0018976636353396081,402,402,80.0,0.14091523134076325
A3b_특보최고수준,추락,hol,1.372571647599129,0.9156628915249488,2.057474366636661,0.12518036564184953,402,402,26.0,0.04930766632894292
A3c_특보_낮발효시간,추락,dh_0_<6h,0.9876250641899956,0.6817642500603581,1.4307046274866104,0.9474952611967649,402,402,31.0,0.07539682539682539
A3c_특보_낮발효시간,추락,dh_6h+,0.8137736190095954,0.575990057424482,1.149720371836104,0.24251281226890709,402,402,36.0,0.10764944275582573
A3c_특보_낮발효시간,추락,dow1,1.062029519493028,0.7059384456381508,1.5977408614641926,0.7727200724202266,402,402,47.0,0.14378588314758528
A3c_특보_낮발효시간,추락,dow2,1.106184842607531,0.7375673774873629,1.659027965937408,0.6255433678054376,402,402,50.0,0.14429246876055388
A3c_특보_낮발효시간,추락,dow3,1.0667627198514216,0.7096419760338606,1.6036011663584335,0.7559849712023718,402,402,47.0,0.1430260047281324
A3c_특보_낮발효시간,추락,dow4,1.4672179775444834,1.0062427311890647,2.1393730626862477,0.04633351629611915,402,402,65.0,0.1422661263086795
A3c_특보_낮발효시간,추락,dow5,1.5276470405503195,1.038945402068069,2.2462253318189775,0.03122131764691094,402,402,68.0,0.1420128335021952
A3c_특보_낮발효시간,추락,dow6,1.7958761402044308,1.2398651750263063,2.6012272752859076,0.0019520945651354538,402,402,80.0,0.14091523134076325
A3c_특보_낮발효시간,추락,hol,1.373609168957872,0.9163009911128974,2.0591510511775306,0.12433680871403752,402,402,26.0,0.04930766632894292
A1_달력(요일+공휴일),고립,dow1,0.9273446264707875,0.67637108371365,1.2714441479705874,0.639445166494506,755,755,81.0,0.14392405632788952
A1_달력(요일+공휴일),고립,dow2,0.920060110555348,0.6782616350271834,1.2480591018555733,0.5922524944648595,755,755,81.0,0.14356413371125207
A1_달력(요일+공휴일),고립,dow3,0.8815190096785643,0.6508480167810395,1.1939435081448564,0.41521159176798594,755,755,77.0,0.1445089305799253
A1_달력(요일+공휴일),고립,dow4,1.123792286694555,0.850237443308663,1.4853604879121998,0.41219220525430056,755,755,99.0,0.14365411436541142
A1_달력(요일+공휴일),고립,dow5,1.9517792899915847,1.5020822481349418,2.5361077275029666,5.588616072138564e-07,755,755,173.0,0.14000989787195753
A1_달력(요일+공휴일),고립,dow6,1.7586471770708967,1.3389384513013696,2.3099193920477634,4.94775625163868e-05,755,755,153.0,0.14032483016151528
A1_달력(요일+공휴일),고립,hol,1.8974564954573274,1.4673136017840407,2.453695752411557,1.0431648955755435e-06,755,755,72.0,0.052908624645701174
A1b_주말·공휴일,고립,weekend_or_hol,2.070456083106885,1.782300142962312,2.4052000494985943,0.0,755,755,375.0,0.31839654474288026
A2_특보유무(풍랑·태풍·강풍 중 하나),고립,any_warn,0.593244497434222,0.4615615600026799,0.7624964126864016,4.552656980316705e-05,755,755,86.0,0.17757682098348854
A2_특보유무(풍랑·태풍·강풍 중 하나),고립,dow1,0.9326068880488505,0.6809423779277658,1.2772822427104467,0.6636962652532681,755,755,81.0,0.14392405632788952
A2_특보유무(풍랑·태풍·강풍 중 하나),고립,dow2,0.9043106634467886,0.6672339314902019,1.225623784145905,0.5167117159918144,755,755,81.0,0.14356413371125207
A2_특보유무(풍랑·태풍·강풍 중 하나),고립,dow3,0.8597315811927265,0.6354245306687974,1.1632197940519977,0.32717699720259974,755,755,77.0,0.1445089305799253
A2_특보유무(풍랑·태풍·강풍 중 하나),고립,dow4,1.1039052000018175,0.8343613735036429,1.4605262531196643,0.4888619400256857,755,755,99.0,0.14365411436541142
A2_특보유무(풍랑·태풍·강풍 중 하나),고립,dow5,1.894910717117909,1.4587704626351505,2.4614473063582767,1.673575300564778e-06,755,755,173.0,0.14000989787195753
A2_특보유무(풍랑·태풍·강풍 중 하나),고립,dow6,1.7213753140046075,1.3125684443992616,2.2575073965157166,8.632311107659163e-05,755,755,153.0,0.14032483016151528
A2_특보유무(풍랑·태풍·강풍 중 하나),고립,hol,1.8819780191848456,1.4522356379854418,2.438888822208081,1.7433526346977146e-06,755,755,72.0,0.052908624645701174
A3_특보종류·수준,고립,wv_주의보,0.5652362764672385,0.4102375163647546,0.7787977342142409,0.0004851047976734968,755,755,69.0,0.1455886984298376
A3_특보종류·수준,고립,wv_경보,0.1462137323886902,0.019737545398260285,1.0831364846874965,0.059858317611328093,755,755,1.0,0.008593152472218472
A3_특보종류·수준,고립,ty_주의보,0.31881013977236994,0.03702631777378474,2.745071919996345,0.2980147770000623,755,755,1.0,0.004903945651684888
A3_특보종류·수준,고립,ty_경보,1.3722294650115618,0.7876540063077623,2.3906609876496483,0.2638923983831791,755,755,8.0,0.008863094434696541
A3_특보종류·수준,고립,gw_주의보,1.0915514789231038,0.7530743879355668,1.5821606075403518,0.6436839261787053,755,755,48.0,0.09043055743015252
A3_특보종류·수준,고립,gw_경보,3.81316477286074e-09,9.31516412414211e-10,1.5609199570947112e-08,0.0,755,755,0.0,0.0008548162145138795
A3_특보종류·수준,고립,dow1,0.9309459737547771,0.6795916445601957,1.2752664235757307,0.6558597901347312,755,755,81.0,0.14392405632788952
A3_특보종류·수준,고립,dow2,0.8963388489014147,0.6613631264310972,1.2147991019478408,0.48047226595494874,755,755,81.0,0.14356413371125207
A3_특보종류·수준,고립,dow3,0.8548060973040085,0.6320867517444567,1.1560018652052346,0.3083557080052892,755,755,77.0,0.1445089305799253
A3_특보종류·수준,고립,dow4,1.090057165607741,0.824374489268917,1.4413651074362328,0.5451838408773908,755,755,99.0,0.14365411436541142
A3_특보종류·수준,고립,dow5,1.8736967812453393,1.4437816007646131,2.431627904241119,2.338351597686028e-06,755,755,173.0,0.14000989787195753
A3_특보종류·수준,고립,dow6,1.7034466763155092,1.2994976666905511,2.2329632852979513,0.00011477968483353251,755,755,153.0,0.14032483016151528
A3_특보종류·수준,고립,hol,1.88738585921555,1.4556651643497895,2.447146135531779,1.6401270506172239e-06,755,755,72.0,0.052908624645701174
A3b_특보최고수준,고립,warn_주의보,0.5881103973930117,0.4508963770382466,0.767080546962186,8.995170959802401e-05,755,755,77.0,0.1602105547307329
A3b_특보최고수준,고립,warn_경보,0.6420586542420752,0.34302687681952826,1.201769725186957,0.16594904749026496,755,755,9.0,0.01736626625275566
A3b_특보최고수준,고립,dow1,0.933067857211278,0.6808776835801381,1.2786667079218144,0.666520167745446,755,755,81.0,0.14392405632788952
A3b_특보최고수준,고립,dow2,0.9046361659160508,0.6674821072194744,1.2260502324060139,0.5181964838551592,755,755,81.0,0.14356413371125207
A3b_특보최고수준,고립,dow3,0.8594480882830683,0.6353242910966042,1.1626361950972612,0.32584712821878226,755,755,77.0,0.1445089305799253
A3b_특보최고수준,고립,dow4,1.1039513904966445,0.8343352489974668,1.4606942161965102,0.48879157368680537,755,755,99.0,0.14365411436541142
A3b_특보최고수준,고립,dow5,1.8950776288764355,1.4587396470021023,2.4619329616827486,1.6847769082062314e-06,755,755,173.0,0.14000989787195753
A3b_특보최고수준,고립,dow6,1.7217444914643587,1.3125593381642222,2.25849148887543,8.691836549035159e-05,755,755,153.0,0.14032483016151528
A3b_특보최고수준,고립,hol,1.8827324247407964,1.453239973601099,2.439157639179654,1.67195045497337e-06,755,755,72.0,0.052908624645701174
A3c_특보_낮발효시간,고립,dh_0_<6h,0.7487246481106085,0.5351057942488531,1.0476219930962858,0.0913073186623885,755,755,47.0,0.07540378818554011
A3c_특보_낮발효시간,고립,dh_6h+,0.4721188075043366,0.33907205991552675,0.6573710864140415,8.832121877855315e-06,755,755,39.0,0.10217303279794844
A3c_특보_낮발효시간,고립,dow1,0.9317156518992202,0.6800289654459132,1.2765545294453104,0.6597680543394697,755,755,81.0,0.14392405632788952
A3c_특보_낮발효시간,고립,dow2,0.9039102247638542,0.6674794492473684,1.2240881653419127,0.5137438358889976,755,755,81.0,0.14356413371125207
A3c_특보_낮발효시간,고립,dow3,0.8650246745680285,0.6396819837223794,1.1697495109324043,0.34634303170599967,755,755,77.0,0.1445089305799253
A3c_특보_낮발효시간,고립,dow4,1.1116155862076145,0.8404704426367594,1.470235178792299,0.4582450652988701,755,755,99.0,0.14365411436541142
A3c_특보_낮발효시간,고립,dow5,1.8915767656811668,1.4565815197506133,2.4564795117525846,1.7455358995999148e-06,755,755,173.0,0.14000989787195753
A3c_특보_낮발효시간,고립,dow6,1.7141139036134585,1.3058736397245958,2.2499776281422013,0.00010322629260262062,755,755,153.0,0.14032483016151528
A3c_특보_낮발효시간,고립,hol,1.881896846189992,1.4528591157160444,2.437631908964818,1.6719288333799653e-06,755,755,72.0,0.052908624645701174
A1_달력(요일+공휴일),표류,dow1,0.9797546823071206,0.6657786281671988,1.4417994163394199,0.9173580708470728,502,502,45.0,0.14412416851441243
A1_달력(요일+공휴일),표류,dow2,0.8478566141769156,0.5464872311159079,1.3154211064285148,0.4614063788476408,502,502,39.0,0.1434522609688907
A1_달력(요일+공휴일),표류,dow3,0.974962594322826,0.6350978911285995,1.496701648055418,0.9076928789893612,502,502,44.0,0.1431163071961298
A1_달력(요일+공휴일),표류,dow4,1.2614963899953688,0.834990753263934,1.905857203508848,0.2698474210475954,502,502,57.0,0.14331787945978633
A1_달력(요일+공휴일),표류,dow5,3.302956339911694,2.3853582426983255,4.573535491684455,6.232792060245629e-13,502,502,152.0,0.13814419135926898
A1_달력(요일+공휴일),표류,dow6,2.532745742638092,1.785667584985175,3.5923825076908913,1.8744737984022208e-07,502,502,117.0,0.14123496606866895
A1_달력(요일+공휴일),표류,hol,1.7517446064598776,1.190875067698876,2.5767683357337687,0.004410649563834745,502,502,35.0,0.042934892158838944
A1b_주말·공휴일,표류,weekend_or_hol,2.983623042851024,2.483551989858477,3.5843849849661806,0.0,502,502,292.0,0.3109588120674595
A2_특보유무(풍랑·태풍·강풍 중 하나),표류,any_warn,1.014891998497917,0.7851746365616992,1.3118174233512168,0.9101115703846705,502,502,89.0,0.1767788752267688
A2_특보유무(풍랑·태풍·강풍 중 하나),표류,dow1,0.9794431333056809,0.6653264725480718,1.4418618392045672,0.9161558594711128,502,502,45.0,0.14412416851441243
A2_특보유무(풍랑·태풍·강풍 중 하나),표류,dow2,0.8479872495801087,0.5466855666733256,1.3153491134331126,0.46161174829785745,502,502,39.0,0.1434522609688907
A2_특보유무(풍랑·태풍·강풍 중 하나),표류,dow3,0.9755063993683603,0.6356686149384885,1.4970264581974169,0.9096425474590195,502,502,44.0,0.1431163071961298
A2_특보유무(풍랑·태풍·강풍 중 하나),표류,dow4,1.2621840875152373,0.8356559297148837,1.90641700026017,0.26843371622813805,502,502,57.0,0.14331787945978633
A2_특보유무(풍랑·태풍·강풍 중 하나),표류,dow5,3.30364976097909,2.3863849292330017,4.573487541561476,5.95967719618784e-13,502,502,152.0,0.13814419135926898
A2_특보유무(풍랑·태풍·강풍 중 하나),표류,dow6,2.5334166420713267,1.787145670079297,3.591313226324285,1.77707114801251e-07,502,502,117.0,0.14123496606866895
A2_특보유무(풍랑·태풍·강풍 중 하나),표류,hol,1.7515453233183087,1.1907702259931345,2.5764089096866005,0.004416028863645005,502,502,35.0,0.042934892158838944
A3_특보종류·수준,표류,wv_주의보,1.0425506170017815,0.7763592516174458,1.4000113822902902,0.781750840883048,502,502,74.0,0.1457367466236646
A3_특보종류·수준,표류,wv_경보,0.39911743545713574,0.09875202231464424,1.6130781279428907,0.1974017455560515,502,502,2.0,0.011624000537526036
A3_특보종류·수준,표류,ty_주의보,0.7106965018274078,0.10881947932140695,4.641535879967711,0.7213195978608848,502,502,1.0,0.004233017536786938
A3_특보종류·수준,표류,ty_경보,1.2405388048345556,0.5982098499755968,2.572569686646127,0.5624313163978039,502,502,8.0,0.014714775246926022
A3_특보종류·수준,표류,gw_주의보,0.9315710953700851,0.5688806276054943,1.5254952684569825,0.7781809353301326,502,502,29.0,0.06100920513337365
A3_특보종류·수준,표류,gw_경보,2.316840958678451e-09,7.968640651898438e-10,6.73609497817081e-09,0.0,502,502,0.0,0.00047033528186521536
A3_특보종류·수준,표류,dow1,0.9766278351166251,0.6624163333573875,1.439882865644845,0.9049567755291599,502,502,45.0,0.14412416851441243
A3_특보종류·수준,표류,dow2,0.8420899805895788,0.5423278790606936,1.3075402589251695,0.4439336359252035,502,502,39.0,0.1434522609688907
A3_특보종류·수준,표류,dow3,0.9776074740833401,0.6372019087985086,1.4998642662349877,0.9174030461954572,502,502,44.0,0.1431163071961298
A3_특보종류·수준,표류,dow4,1.2576131685597833,0.8306955399195917,1.903935684893734,0.27866466960855574,502,502,57.0,0.14331787945978633
A3_특보종류·수준,표류,dow5,3.2789549228407178,2.3636687801415963,4.548668356730295,1.1508571873264373e-12,502,502,152.0,0.13814419135926898
A3_특보종류·수준,표류,dow6,2.5181127167263826,1.7729214575629113,3.5765214680493647,2.4871073289745027e-07,502,502,117.0,0.14123496606866895
A3_특보종류·수준,표류,hol,1.7409055436303933,1.1815391038751337,2.5650882834964794,0.005053786143745187,502,502,35.0,0.042934892158838944
A3b_특보최고수준,표류,warn_주의보,1.0521395775118594,0.803567005436679,1.37760470885096,0.7116701455695547,502,502,80.0,0.1523214405697776
A3b_특보최고수준,표류,warn_경보,0.767578117641798,0.3896647630885464,1.5120078141339224,0.44443401741354904,502,502,9.0,0.024457434656991198
A3b_특보최고수준,표류,dow1,0.9778036919142097,0.6643742910329485,1.4390985214592575,0.9093648827910703,502,502,45.0,0.14412416851441243
A3b_특보최고수준,표류,dow2,0.8469327768204387,0.5462305447817216,1.3131728631898756,0.45781655375762065,502,502,39.0,0.1434522609688907
A3b_특보최고수준,표류,dow3,0.9751093464034976,0.6355140666027304,1.4961718196520108,0.9081306973488579,502,502,44.0,0.1431163071961298
A3b_특보최고수준,표류,dow4,1.264501029559847,0.8367014981741059,1.9110314218956865,0.26535760144547416,502,502,57.0,0.14331787945978633
A3b_특보최고수준,표류,dow5,3.2976698106342908,2.3830501952757754,4.5633223343456875,6.035172361862351e-13,502,502,152.0,0.13814419135926898
A3b_특보최고수준,표류,dow6,2.532387963572575,1.7869539931655047,3.5887822644426035,1.756147283149545e-07,502,502,117.0,0.14123496606866895
A3b_특보최고수준,표류,hol,1.7325715365605967,1.176705042449959,2.5510251261013037,0.005363679416313438,502,502,35.0,0.042934892158838944
A3c_특보_낮발효시간,표류,dh_0_<6h,1.1135225792020742,0.7763533085299074,1.5971240423265016,0.5589945954424129,502,502,41.0,0.07048310152523013
A3c_특보_낮발효시간,표류,dh_6h+,0.9429414137335936,0.6889443115475504,1.290581103335724,0.7136866016961174,502,502,48.0,0.10629577370153867
A3c_특보_낮발효시간,표류,dow1,0.9821580616399611,0.666368091510772,1.4476000131659545,0.9275210346361964,502,502,45.0,0.14412416851441243
A3c_특보_낮발효시간,표류,dow2,0.8492532676111894,0.5474900095288606,1.3173411386427558,0.46569645747326804,502,502,39.0,0.1434522609688907
A3c_특보_낮발효시간,표류,dow3,0.9801974927301258,0.6388067539226399,1.5040340742402003,0.9270462308202974,502,502,44.0,0.1431163071961298
A3c_특보_낮발효시간,표류,dow4,1.2657631489440393,0.838293979746161,1.9112106109957627,0.2622854628710303,502,502,57.0,0.14331787945978633
A3c_특보_낮발효시간,표류,dow5,3.3019880755291284,2.3855324779636007,4.570520565808419,5.950795411990839e-13,502,502,152.0,0.13814419135926898
A3c_특보_낮발효시간,표류,dow6,2.5350528400665264,1.788490054437802,3.593250566858466,1.727657217287515e-07,502,502,117.0,0.14123496606866895
A3c_특보_낮발효시간,표류,hol,1.7426099811388926,1.1823762256766603,2.5682938141174394,0.0050071033483884975,502,502,35.0,0.042934892158838944
A1_달력(요일+공휴일),변사,dow1,0.7514382332992022,0.4887678487628079,1.1552711985723259,0.19282907078237987,256,256,34.0,0.14272486772486773
A1_달력(요일+공휴일),변사,dow2,0.5504173652398183,0.34325102456745205,0.88261725173091,0.013202279829310104,256,256,25.0,0.1443121693121693
A1_달력(요일+공휴일),변사,dow3,0.8103865312154006,0.513453093829492,1.2790386071632394,0.36653556166502144,256,256,37.0,0.14325396825396824
A1_달력(요일+공휴일),변사,dow4,0.991967800899828,0.6499435919549302,1.5139777208393113,0.9701778266666188,256,256,46.0,0.1443121693121693
A1_달력(요일+공휴일),변사,dow5,0.7253574356400943,0.4497934412966825,1.1697445118843581,0.18785614543549478,256,256,33.0,0.1437830687830688
A1_달력(요일+공휴일),변사,dow6,0.8219898325039038,0.5231862456890878,1.2914469566184323,0.3950894964921363,256,256,37.0,0.14113756613756614
A1_달력(요일+공휴일),변사,hol,0.5151328695878258,0.21597457132794814,1.2286718371434906,0.13474110079894608,256,256,7.0,0.05013227513227513
A1b_주말·공휴일,변사,weekend_or_hol,0.873019231944028,0.6602523660964889,1.1543503946076865,0.3406684429662521,256,256,75.0,0.32261904761904764
A2_특보유무(풍랑·태풍·강풍 중 하나),변사,any_warn,0.6922593525787119,0.4706107727348175,1.0183001303770252,0.0617759818379886,256,256,35.0,0.18055555555555555
A2_특보유무(풍랑·태풍·강풍 중 하나),변사,dow1,0.7596883476493292,0.49318440323690627,1.170204048964905,0.21242739408629663,256,256,34.0,0.14272486772486773
A2_특보유무(풍랑·태풍·강풍 중 하나),변사,dow2,0.5516972183592382,0.3437306610707216,0.8854892950114154,0.01374753945969287,256,256,25.0,0.1443121693121693
A2_특보유무(풍랑·태풍·강풍 중 하나),변사,dow3,0.807658270455718,0.5118806402947882,1.274343724857147,0.35857734202403035,256,256,37.0,0.14325396825396824
A2_특보유무(풍랑·태풍·강풍 중 하나),변사,dow4,0.9906146973069317,0.648447965423616,1.5133326509543938,0.9652104116430449,256,256,46.0,0.1443121693121693
A2_특보유무(풍랑·태풍·강풍 중 하나),변사,dow5,0.7247378404762844,0.44977726285491504,1.1677889942330342,0.18592902038478876,256,256,33.0,0.1437830687830688
A2_특보유무(풍랑·태풍·강풍 중 하나),변사,dow6,0.8180770288159359,0.5205554282349192,1.2856460403180865,0.3839701054873532,256,256,37.0,0.14113756613756614
A2_특보유무(풍랑·태풍·강풍 중 하나),변사,hol,0.5133148565538318,0.21514495877515338,1.2247191078004986,0.13281464296404177,256,256,7.0,0.05013227513227513
A3_특보종류·수준,변사,wv_주의보,0.6851412680420398,0.44898815048137086,1.0455032202319359,0.07949346174540084,256,256,30.0,0.14814814814814814
A3_특보종류·수준,변사,wv_경보,0.7123370502060332,0.231392722277429,2.192912845754307,0.5543422388630135,256,256,3.0,0.011507936507936509
A3_특보종류·수준,변사,ty_주의보,2.514408632315764e-10,9.857851852664755e-11,6.413416294702192e-10,0.0,256,256,0.0,0.00291005291005291
A3_특보종류·수준,변사,ty_경보,1.809461201496595e-10,7.913722737698537e-11,4.1373067369728027e-10,0.0,256,256,0.0,0.0050264550264550265
A3_특보종류·수준,변사,gw_주의보,1.2964601527745285,0.7509616438867645,2.2382087572845446,0.3513535717907561,256,256,21.0,0.08518518518518518
A3_특보종류·수준,변사,gw_경보,3.0346254980091167,0.3609014577151457,25.516527340921883,0.30684960701813324,256,256,1.0,0.0022486772486772486
A3_특보종류·수준,변사,dow1,0.749346570836244,0.4864206593365664,1.154392340140118,0.19060493706770232,256,256,34.0,0.14272486772486773
A3_특보종류·수준,변사,dow2,0.5521729367424844,0.3436942565801865,0.8871109895887519,0.014080601186378772,256,256,25.0,0.1443121693121693
A3_특보종류·수준,변사,dow3,0.804080873865008,0.5090406585415631,1.2701265426771888,0.34986399970752546,256,256,37.0,0.14325396825396824
A3_특보종류·수준,변사,dow4,0.9853554192346143,0.6446807234202432,1.5060560475020015,0.9456602622943853,256,256,46.0,0.1443121693121693
A3_특보종류·수준,변사,dow5,0.7200078457819694,0.4465415088447102,1.1609476111836123,0.17774800059126994,256,256,33.0,0.1437830687830688
A3_특보종류·수준,변사,dow6,0.8096521409620892,0.515657424361618,1.2712637468102908,0.3589806078202362,256,256,37.0,0.14113756613756614
A3_특보종류·수준,변사,hol,0.5026709600991748,0.20936693218114982,1.2068672521236656,0.12374940069813345,256,256,7.0,0.05013227513227513
A3b_특보최고수준,변사,warn_주의보,0.701235640756537,0.4719662619189376,1.0418783365317925,0.07893255149428313,256,256,32.0,0.164021164021164
A3b_특보최고수준,변사,warn_경보,0.6016587491925162,0.18669399294573794,1.9389657094383073,0.39479295355792576,256,256,3.0,0.016534391534391533
A3b_특보최고수준,변사,dow1,0.759064874698135,0.49267523672030294,1.169491464267766,0.21128852552099397,256,256,34.0,0.14272486772486773
A3b_특보최고수준,변사,dow2,0.5509472323058295,0.34279685684141503,0.8854890198887646,0.013802969556295341,256,256,25.0,0.1443121693121693
A3b_특보최고수준,변사,dow3,0.8070954139880671,0.5114293976065913,1.27369097343452,0.3572058045930735,256,256,37.0,0.14325396825396824
A3b_특보최고수준,변사,dow4,0.9898472587214663,0.6477518622833017,1.51261254910893,0.9623796688236852,256,256,46.0,0.1443121693121693
A3b_특보최고수준,변사,dow5,0.7246296608229577,0.4496979627333387,1.16764626228863,0.1857500071245597,256,256,33.0,0.1437830687830688
A3b_특보최고수준,변사,dow6,0.8179432572939707,0.5203102134358963,1.285831326920699,0.38390648944191863,256,256,37.0,0.14113756613756614
A3b_특보최고수준,변사,hol,0.5126781115180323,0.21489120203797796,1.2231252072536882,0.13206766899927702,256,256,7.0,0.05013227513227513
A3c_특보_낮발효시간,변사,dh_0_<6h,0.5723026685552051,0.3021667074498752,1.0839392175252827,0.08677690045500053,256,256,12.0,0.07632275132275132
A3c_특보_낮발효시간,변사,dh_6h+,0.7819413116041153,0.49986271415082073,1.2232002857662239,0.2812680506241785,256,256,23.0,0.10423280423280423
A3c_특보_낮발효시간,변사,dow1,0.7609119942720971,0.4933645509745483,1.1735481640978471,0.2164373529509378,256,256,34.0,0.14272486772486773
A3c_특보_낮발효시간,변사,dow2,0.5537388683119838,0.34457322865745216,0.8898739332539992,0.014603622743273093,256,256,25.0,0.1443121693121693
A3c_특보_낮발효시간,변사,dow3,0.8060806803307077,0.5113536764121347,1.2706783840128801,0.3532178618972275,256,256,37.0,0.14325396825396824
A3c_특보_낮발효시간,변사,dow4,0.9903210534908138,0.6479958612748633,1.51349082239146,0.9641512445836762,256,256,46.0,0.1443121693121693
A3c_특보_낮발효시간,변사,dow5,0.7268171530497494,0.45096679289471125,1.171401491840394,0.1900831205336062,256,256,33.0,0.1437830687830688
A3c_특보_낮발효시간,변사,dow6,0.8203830513804442,0.5214409294104111,1.2907087131677142,0.3918386965408729,256,256,37.0,0.14113756613756614
A3c_특보_낮발효시간,변사,hol,0.5124750438927367,0.21486268117093382,1.22231868829714,0.13172153828489286,256,256,7.0,0.05013227513227513
A1_달력(요일+공휴일),사망·실종,dow1,0.9987056402034706,0.7610065033414197,1.3106497137603863,0.9925484339181421,745,745,102.0,0.1427338782924614
A1_달력(요일+공휴일),사망·실종,dow2,0.8285861615986642,0.6219150785925507,1.1039369374136143,0.19896428074153505,745,745,85.0,0.144141689373297
A1_달력(요일+공휴일),사망·실종,dow3,0.9737042202276665,0.7358375272517815,1.2884636531520042,0.8520774146514329,745,745,100.0,0.1435513169845595
A1_달력(요일+공휴일),사망·실종,dow4,1.0721414154220998,0.8186383229107093,1.4041453746951944,0.6127901315391275,745,745,110.0,0.14305177111716622
A1_달력(요일+공휴일),사망·실종,dow5,1.112850146047672,0.848840581544829,1.4589729502617106,0.43900451299643306,745,745,114.0,0.1427338782924614
A1_달력(요일+공휴일),사망·실종,dow6,1.2966277135590762,0.9922430354545366,1.6943867253240805,0.057046565813037464,745,745,132.0,0.1410535876475931
A1_달력(요일+공휴일),사망·실종,hol,0.9827217584157348,0.6966316651843454,1.3863022637768778,0.920911011986085,745,745,37.0,0.051498637602179834
A1b_주말·공휴일,사망·실종,weekend_or_hol,1.208798537920153,1.0404759809838002,1.4043514045334309,0.013188416753592058,745,745,273.0,0.32252497729336965
A2_특보유무(풍랑·태풍·강풍 중 하나),사망·실종,any_warn,0.9063226601266263,0.7384675938668642,1.1123314971179297,0.34657598390657274,745,745,121.0,0.17556766575840146
A2_특보유무(풍랑·태풍·강풍 중 하나),사망·실종,dow1,1.0018894554452784,0.7629847693355286,1.315599630916112,0.9891633616122684,745,745,102.0,0.1427338782924614
A2_특보유무(풍랑·태풍·강풍 중 하나),사망·실종,dow2,0.8289277365474463,0.6220116876438339,1.1046756935074196,0.20035310592382194,745,745,85.0,0.144141689373297
A2_특보유무(풍랑·태풍·강풍 중 하나),사망·실종,dow3,0.9721582170356914,0.7345624733881293,1.2866047929059472,0.8434478333059816,745,745,100.0,0.1435513169845595
A2_특보유무(풍랑·태풍·강풍 중 하나),사망·실종,dow4,1.0716362990107084,0.8181902278858374,1.4035908988118668,0.6152955196924599,745,745,110.0,0.14305177111716622
A2_특보유무(풍랑·태풍·강풍 중 하나),사망·실종,dow5,1.1117856675208972,0.8479281560499857,1.4577501191410143,0.443311293252191,745,745,114.0,0.1427338782924614
A2_특보유무(풍랑·태풍·강풍 중 하나),사망·실종,dow6,1.2950048424867342,0.99109638944771,1.6921033714981275,0.05816399759070823,745,745,132.0,0.1410535876475931
A2_특보유무(풍랑·태풍·강풍 중 하나),사망·실종,hol,0.9840632394673747,0.6975620537388598,1.3882355757177525,0.9270893073163913,745,745,37.0,0.051498637602179834
A3_특보종류·수준,사망·실종,wv_주의보,0.9184679600834534,0.7160608378246882,1.1780889962682097,0.5031048825004301,745,745,101.0,0.13969118982742962
A3_특보종류·수준,사망·실종,wv_경보,0.42020371165514336,0.1800792597620214,0.9805191309765569,0.04490896106394571,745,745,5.0,0.012306993642143505
A3_특보종류·수준,사망·실종,ty_주의보,0.925273543939294,0.1913869880701135,4.473298523305786,0.9230422473226261,745,745,2.0,0.0030881017257039056
A3_특보종류·수준,사망·실종,ty_경보,0.8294289335553877,0.3369230011097135,2.0418681822046554,0.6840931090629265,745,745,6.0,0.009355131698455948
A3_특보종류·수준,사망·실종,gw_주의보,1.1071842374098335,0.7856367780653485,1.5603354753675103,0.5607741758371736,745,745,58.0,0.07865576748410535
A3_특보종류·수준,사망·실종,gw_경보,4.063754147268302,0.8249908955879385,20.017309109419177,0.08479515605627519,745,745,2.0,0.0011807447774750228
A3_특보종류·수준,사망·실종,dow1,0.9981793805915581,0.7595260471772756,1.3118208118616277,0.9895706589745605,745,745,102.0,0.1427338782924614
A3_특보종류·수준,사망·실종,dow2,0.8287436496225182,0.6217489879766398,1.1046516360641927,0.20013453097230194,745,745,85.0,0.144141689373297
A3_특보종류·수준,사망·실종,dow3,0.9712259240241022,0.734199297315223,1.2847734926276848,0.837935527311326,745,745,100.0,0.1435513169845595
A3_특보종류·수준,사망·실종,dow4,1.0704929698568368,0.8174228786382544,1.4019123130269595,0.6205913456709751,745,745,110.0,0.14305177111716622
A3_특보종류·수준,사망·실종,dow5,1.113290538516841,0.8486709025544238,1.4604198393282801,0.43831930113389905,745,745,114.0,0.1427338782924614
A3_특보종류·수준,사망·실종,dow6,1.2941310530009258,0.9903079392611408,1.6911660665780572,0.05893741358093063,745,745,132.0,0.1410535876475931
A3_특보종류·수준,사망·실종,hol,0.9672311827792024,0.6825300263021591,1.3706886508847729,0.85141602167002,745,745,37.0,0.051498637602179834
A3b_특보최고수준,사망·실종,warn_주의보,0.9421139962589415,0.7639801912864873,1.1617824546633526,0.5770896607389311,745,745,110.0,0.15426884650317893
A3b_특보최고수준,사망·실종,warn_경보,0.645944253865634,0.350325541663152,1.1910178661857966,0.1615074683217208,745,745,11.0,0.021298819255222524
A3b_특보최고수준,사망·실종,dow1,0.9972239248149913,0.7587425485530643,1.3106626985923753,0.9840946913858284,745,745,102.0,0.1427338782924614
A3b_특보최고수준,사망·실종,dow2,0.8266445164718279,0.620141843349702,1.1019110610596252,0.19420820506486147,745,745,85.0,0.144141689373297
A3b_특보최고수준,사망·실종,dow3,0.9712478653494749,0.7339049300027433,1.2853468853825327,0.8383006299829803,745,745,100.0,0.1435513169845595
A3b_특보최고수준,사망·실종,dow4,1.0703229061614337,0.8171598746335403,1.4019179832680888,0.6216171258440439,745,745,110.0,0.14305177111716622
A3b_특보최고수준,사망·실종,dow5,1.1110939041860701,0.8474223096269855,1.4568057152789067,0.4459507658530897,745,745,114.0,0.1427338782924614
A3b_특보최고수준,사망·실종,dow6,1.2955369387918052,0.9915644079500073,1.6926948429341606,0.057708547747748806,745,745,132.0,0.1410535876475931
A3b_특보최고수준,사망·실종,hol,0.9814815297505859,0.6957206999541482,1.3846159720488949,0.9152127535607826,745,745,37.0,0.051498637602179834
A3c_특보_낮발효시간,사망·실종,dh_0_<6h,0.8666080859530317,0.6398292014869927,1.173765706369444,0.3550027943614886,745,745,48.0,0.0729336966394187
A3c_특보_낮발효시간,사망·실종,dh_6h+,0.9356052312228085,0.7266572967296417,1.2046354624539992,0.6057226136827591,745,745,73.0,0.10263396911898275
A3c_특보_낮발효시간,사망·실종,dow1,1.002732157558703,0.7634453942399063,1.3170185941109631,0.9843509316369863,745,745,102.0,0.1427338782924614
A3c_특보_낮발효시간,사망·실종,dow2,0.8295834789594839,0.6222879139097215,1.105933014572998,0.20280123046253973,745,745,85.0,0.144141689373297
A3c_특보_낮발효시간,사망·실종,dow3,0.9717135000181064,0.7342858857060495,1.2859121283660806,0.8408992629701748,745,745,100.0,0.1435513169845595
A3c_특보_낮발효시간,사망·실종,dow4,1.0715030229978821,0.8180856802118135,1.4034211282079114,0.6159354179718071,745,745,110.0,0.14305177111716622
A3c_특보_낮발효시간,사망·실종,dow5,1.1122918822378787,0.8481084582104547,1.4587677074967673,0.44176389982894815,745,745,114.0,0.1427338782924614
A3c_특보_낮발효시간,사망·실종,dow6,1.295707726092759,0.991298008413114,1.6935961710888654,0.05795586279563625,745,745,132.0,0.1410535876475931
A3c_특보_낮발효시간,사망·실종,hol,0.9843063176796607,0.6977189398673174,1.3886091829588825,0.928211778011802,745,745,37.0,0.051498637602179834
A1_달력(요일+공휴일),변사제외,dow1,0.9727610220051929,0.840894961538344,1.1253058339194706,0.7102039784883334,3075,3075,359.0,0.14335286859962987
A1_달력(요일+공휴일),변사제외,dow2,0.9029824627853856,0.7769972584838187,1.0493953732720165,0.18315014873832602,3075,3075,335.0,0.1432316911959108
A1_달력(요일+공휴일),변사제외,dow3,0.9030305589872166,0.7769191881638415,1.0496126275269633,0.18382699990494267,3075,3075,332.0,0.1436613201727329
A1_달력(요일+공휴일),변사제외,dow4,1.0889619492788802,0.9445886936523304,1.2554015678423138,0.24022020915544973,3075,3075,402.0,0.1434850621309597
A1_달력(요일+공휴일),변사제외,dow5,1.7765076075033785,1.5554884514181326,2.028931347346285,0.0,3075,3075,660.0,0.14102846567374636
A1_달력(요일+공휴일),변사제외,dow6,1.6497099781657414,1.4401952589060052,1.8897041878383471,5.044853423896711e-13,3075,3075,609.0,0.14112761082224376
A1_달력(요일+공휴일),변사제외,hol,1.4587230411721541,1.2509895814279899,1.7009517444722408,1.4572583801886196e-06,3075,3075,213.0,0.04949546135542434
A1b_주말·공휴일,변사제외,weekend_or_hol,1.7896533885732977,1.664204038894882,1.9245592345508018,0.0,3075,3075,1414.0,0.3187847008019741
A2_특보유무(풍랑·태풍·강풍 중 하나),변사제외,any_warn,0.8038272734089116,0.7247069203286653,0.891585642900956,3.617240882558548e-05,3075,3075,456.0,0.17688596104697277
A2_특보유무(풍랑·태풍·강풍 중 하나),변사제외,dow1,0.9765155058328502,0.8441014954250312,1.1297012720630581,0.749233712714481,3075,3075,359.0,0.14335286859962987
A2_특보유무(풍랑·태풍·강풍 중 하나),변사제외,dow2,0.9005522611558685,0.7747848928696209,1.0467348841421202,0.17230068881105698,3075,3075,335.0,0.1432316911959108
A2_특보유무(풍랑·태풍·강풍 중 하나),변사제외,dow3,0.8967272120963232,0.7714486378079352,1.0423502661161521,0.15567904135554933,3075,3075,332.0,0.1436613201727329
A2_특보유무(풍랑·태풍·강풍 중 하나),변사제외,dow4,1.0840744504932467,0.9401722529054706,1.2500022315914874,0.26657782703590627,3075,3075,402.0,0.1434850621309597
A2_특보유무(풍랑·태풍·강풍 중 하나),변사제외,dow5,1.766713905111292,1.5465717550188673,2.0181915338777885,0.0,3075,3075,660.0,0.14102846567374636
A2_특보유무(풍랑·태풍·강풍 중 하나),변사제외,dow6,1.641463789665387,1.4332913579385096,1.8798713589245322,7.918110611626616e-13,3075,3075,609.0,0.14112761082224376
A2_특보유무(풍랑·태풍·강풍 중 하나),변사제외,hol,1.457444670752868,1.250117537190411,1.6991562034077745,1.4984451675026378e-06,3075,3075,213.0,0.04949546135542434
A3_특보종류·수준,변사제외,wv_주의보,0.8627395777452849,0.7543543586483411,0.9866975254730297,0.031121670278348113,3075,3075,378.0,0.14344099762051643
A3_특보종류·수준,변사제외,wv_경보,0.5794521014579165,0.3599491510626339,0.9328115843383941,0.024683617473918673,3075,3075,19.0,0.010377192209394554
A3_특보종류·수준,변사제외,ty_주의보,0.6970668509062583,0.34952733629596033,1.3901693635227799,0.30553004918925875,3075,3075,7.0,0.003888693046620252
A3_특보종류·수준,변사제외,ty_경보,0.9577534811210225,0.7028336851856994,1.3051334190919923,0.7845606730475791,3075,3075,28.0,0.010035692253459063
A3_특보종류·수준,변사제외,gw_주의보,0.9138412194989899,0.7585874653086323,1.100869461526941,0.3429201947287881,3075,3075,203.0,0.0802304573896184
A3_특보종류·수준,변사제외,gw_경보,2.0369675013425588,0.7115948148064304,5.830897745726874,0.1848711881616696,3075,3075,4.0,0.0009694192297523574
A3_특보종류·수준,변사제외,dow1,0.9747679532242379,0.842313322184668,1.128051210407729,0.7316232892938084,3075,3075,359.0,0.14335286859962987
A3_특보종류·수준,변사제외,dow2,0.8988779864419286,0.7733605578442889,1.0447670576349433,0.16474510533770093,3075,3075,335.0,0.1432316911959108
A3_특보종류·수준,변사제외,dow3,0.8973065543010466,0.7720548586512823,1.042878033043099,0.15775753502319745,3075,3075,332.0,0.1436613201727329
A3_특보종류·수준,변사제외,dow4,1.0814837875590926,0.9379114948902817,1.2470336371023825,0.28106163872677103,3075,3075,402.0,0.1434850621309597
A3_특보종류·수준,변사제외,dow5,1.763050455665413,1.5432320805415916,2.0141798167720553,0.0,3075,3075,660.0,0.14102846567374636
A3_특보종류·수준,변사제외,dow6,1.6376559075575756,1.4297303812181503,1.8758200194873078,1.0764722446765518e-12,3075,3075,609.0,0.14112761082224376
A3_특보종류·수준,변사제외,hol,1.4551407549407092,1.2478769499026325,1.6968296568460803,1.713033820127663e-06,3075,3075,213.0,0.04949546135542434
A3b_특보최고수준,변사제외,warn_주의보,0.8152325113627057,0.7303841135342303,0.9099377098535383,0.000269319600825213,3075,3075,410.0,0.15697981845421696
A3b_특보최고수준,변사제외,warn_경보,0.7120361600857427,0.5434188474577406,0.9329737009334707,0.013771381140005978,3075,3075,46.0,0.019906142592755794
A3b_특보최고수준,변사제외,dow1,0.9754165506156623,0.8431125400346743,1.1284821444783963,0.7378594563049665,3075,3075,359.0,0.14335286859962987
A3b_특보최고수준,변사제외,dow2,0.8998396651945804,0.7742656863127149,1.0457798109504022,0.16873734931602002,3075,3075,335.0,0.1432316911959108
A3b_특보최고수준,변사제외,dow3,0.8967020450886374,0.7714544281408291,1.0422839358170886,0.15547489589160057,3075,3075,332.0,0.1436613201727329
A3b_특보최고수준,변사제외,dow4,1.0839956243971631,0.9401241345308528,1.2498844254206656,0.2669365017648009,3075,3075,402.0,0.1434850621309597
A3b_특보최고수준,변사제외,dow5,1.76610617744605,1.5460744162344073,2.0174520690989777,0.0,3075,3075,660.0,0.14102846567374636
A3b_특보최고수준,변사제외,dow6,1.6409714864492988,1.432868001739703,1.8792990115420252,8.15791878494565e-13,3075,3075,609.0,0.14112761082224376
A3b_특보최고수준,변사제외,hol,1.4549945752166396,1.2479414550013566,1.6964010654710948,1.6837715353101856e-06,3075,3075,213.0,0.04949546135542434
A3c_특보_낮발효시간,변사제외,dh_0_<6h,0.8825131228406123,0.7582622716265075,1.0271240455037605,0.1064579316833818,3075,3075,209.0,0.07273949061425927
A3c_특보_낮발효시간,변사제외,dh_6h+,0.7459986365186845,0.6550274572631967,0.8496040273073979,1.0034449497098308e-05,3075,3075,247.0,0.1041464704327135
A3c_특보_낮발효시간,변사제외,dow1,0.97603022610598,0.8436227783367496,1.129219156636174,0.7442891371012765,3075,3075,359.0,0.14335286859962987
A3c_특보_낮발효시간,변사제외,dow2,0.9002868701392936,0.7746626761381797,1.0462830771527067,0.17070673177439089,3075,3075,335.0,0.1432316911959108
A3c_특보_낮발효시간,변사제외,dow3,0.8988036950262382,0.7733102971011436,1.044662259407569,0.164368400682122,3075,3075,332.0,0.1436613201727329
A3c_특보_낮발효시간,변사제외,dow4,1.0858743308055034,0.9417500098447142,1.2520552694198819,0.25681536779367087,3075,3075,402.0,0.1434850621309597
A3c_특보_낮발효시간,변사제외,dow5,1.7653149669402384,1.5453808651790089,2.0165494492144074,0.0,3075,3075,660.0,0.14102846567374636
A3c_특보_낮발효시간,변사제외,dow6,1.6400996670183798,1.4320924278368532,1.878319349692311,8.659739592076221e-13,3075,3075,609.0,0.14112761082224376
A3c_특보_낮발효시간,변사제외,hol,1.4557039645155074,1.248665698533085,1.697070749036851,1.6089021630527611e-06,3075,3075,213.0,0.04949546135542434
B1_특보없는날_파고(일최대),전체,wh_max[0-0.5],1.0794772392166707,0.9737877440551803,1.1966376832124255,0.14574119372830552,2780,2780,1334.0,0.4709704991389821
B1_특보없는날_파고(일최대),전체,wh_max[1-1.5],1.0776990511841344,0.9527392466771489,1.2190483901801044,0.23403022482100644,2780,2780,429.0,0.14806993727767512
B1_특보없는날_파고(일최대),전체,wh_max[1.5-2],1.057111973016691,0.8629884673537975,1.2949022678388908,0.5915902185117039,2780,2780,146.0,0.05151023794260719
B1_특보없는날_파고(일최대),전체,wh_max[2+],0.9610592595269801,0.6314745801342302,1.4626636279265806,0.8529420983661853,2780,2780,23.0,0.009125532636977261
B1_특보없는날_파고(일최대),전체,dow1,0.9987307450752109,0.8571402307294602,1.1637105171339415,0.9870090645299701,2780,2780,328.0,0.13815251957715852
B1_특보없는날_파고(일최대),전체,dow2,0.8681156448434142,0.7428129324934987,1.0145552666835034,0.07535372675786967,2780,2780,295.0,0.14304209560440942
B1_특보없는날_파고(일최대),전체,dow3,0.9114872606784785,0.7812368272528848,1.0634534847782149,0.23879281500953464,2780,2780,316.0,0.1462850534836658
B1_특보없는날_파고(일최대),전체,dow4,1.0892402528870513,0.9402800886567195,1.2617988435811687,0.2545821015567289,2780,2780,372.0,0.14444989127292382
B1_특보없는날_파고(일최대),전체,dow5,1.6883512838763752,1.4689933574529397,1.9404649063284303,1.6298074001497298e-13,2780,2780,585.0,0.1429415387709441
B1_특보없는날_파고(일최대),전체,dow6,1.5801780478635428,1.3747291083529414,1.816330684916856,1.2058043452611855e-10,2780,2780,543.0,0.14310494362532525
B1_특보없는날_파고(일최대),전체,hol,1.3893776130523974,1.1722250464238444,1.6467572993259592,0.00014908933775492628,2780,2780,184.0,0.04946139246075141
B2_특보없는날_풍속(일최대),전체,ws_max[0-4],0.9878994239346754,0.8831598796497635,1.1050606965949314,0.831397303307041,2780,2780,516.0,0.18328996819890142
B2_특보없는날_풍속(일최대),전체,ws_max[6-8],0.9405302480899252,0.8430179325817704,1.0493218630154026,0.2722513568686087,2780,2780,726.0,0.264213079930113
B2_특보없는날_풍속(일최대),전체,ws_max[8-10],0.9174313453709302,0.8088722969056071,1.0405601436580494,0.17985124916020512,2780,2780,434.0,0.15973452995965157
B2_특보없는날_풍속(일최대),전체,ws_max[10-12],0.829991505512414,0.6873083934626858,1.0022951935042292,0.0528457898305521,2780,2780,158.0,0.06338851389569743
B2_특보없는날_풍속(일최대),전체,ws_max[12+],0.7833066758061411,0.54360851926957,1.1286970799995946,0.19005105328821448,2780,2780,31.0,0.013009540329575022
B2_특보없는날_풍속(일최대),전체,dow1,1.0020927918075575,0.8601311562814623,1.1674846981871936,0.9786005040185475,2780,2780,328.0,0.13815251957715852
B2_특보없는날_풍속(일최대),전체,dow2,0.8659478912297491,0.7408063806858919,1.0122290653476416,0.07070488039717615,2780,2780,295.0,0.14304209560440942
B2_특보없는날_풍속(일최대),전체,dow3,0.9099364572410468,0.7796507340793165,1.0619939416771635,0.2312689458170749,2780,2780,316.0,0.1462850534836658
B2_특보없는날_풍속(일최대),전체,dow4,1.0910835225523552,0.9418486426736367,1.2639645047487396,0.2453834162088322,2780,2780,372.0,0.14444989127292382
B2_특보없는날_풍속(일최대),전체,dow5,1.687599877802503,1.4680615012330145,1.9399686901175555,1.8429702208777599e-13,2780,2780,585.0,0.1429415387709441
B2_특보없는날_풍속(일최대),전체,dow6,1.5846203793599036,1.3784268885650994,1.8216575485527724,9.640932496779442e-11,2780,2780,543.0,0.14310494362532525
B2_특보없는날_풍속(일최대),전체,hol,1.3901896234535611,1.1725962317989786,1.6481608389555782,0.0001486313076572987,2780,2780,184.0,0.04946139246075141
B3_특보없는날_파고+풍속동시,전체,wh_max[0-0.5],1.012878906256677,0.9039287840856309,1.1349607367327008,0.8255619324998258,2780,2780,1334.0,0.4709704991389821
B3_특보없는날_파고+풍속동시,전체,wh_max[1-1.5],1.1389662401638165,0.9979188690313425,1.299949461314532,0.05371671484472973,2780,2780,429.0,0.14806993727767512
B3_특보없는날_파고+풍속동시,전체,wh_max[1.5-2],1.1786880087980458,0.9457115184819381,1.4690583702675246,0.1434096436436132,2780,2780,146.0,0.05151023794260719
B3_특보없는날_파고+풍속동시,전체,wh_max[2+],1.1358414830000645,0.7298983217812134,1.7675556115205093,0.5723873612003301,2780,2780,23.0,0.009125532636977261
B3_특보없는날_파고+풍속동시,전체,ws_max[0-4],0.9899116833560536,0.8851536070490852,1.1070678953810953,0.8589798980708989,2780,2780,516.0,0.18328996819890142
B3_특보없는날_파고+풍속동시,전체,ws_max[6-8],0.9312588891484918,0.8294997000600219,1.0455014252028418,0.22769941559939966,2780,2780,726.0,0.264213079930113
B3_특보없는날_파고+풍속동시,전체,ws_max[8-10],0.8833228051348513,0.7616706143553379,1.0244049899859895,0.10078495772662666,2780,2780,434.0,0.15973452995965157
B3_특보없는날_파고+풍속동시,전체,ws_max[10-12],0.7700490798214619,0.6193223462791608,0.9574587271013714,0.018714827781795673,2780,2780,158.0,0.06338851389569743
B3_특보없는날_파고+풍속동시,전체,ws_max[12+],0.7059164863247673,0.47337160594275557,1.0526995692372951,0.08761691813426253,2780,2780,31.0,0.013009540329575022
B3_특보없는날_파고+풍속동시,전체,dow1,1.0000310349938597,0.8581747159427731,1.1653362099490927,0.9996827436267797,2780,2780,328.0,0.13815251957715852
B3_특보없는날_파고+풍속동시,전체,dow2,0.8657358775055867,0.740557407600969,1.0120736109147355,0.07039121628692957,2780,2780,295.0,0.14304209560440942
B3_특보없는날_파고+풍속동시,전체,dow3,0.9098583882056216,0.7795239928032426,1.0619843574168024,0.23107676669425325,2780,2780,316.0,0.1462850534836658
B3_특보없는날_파고+풍속동시,전체,dow4,1.0909482587008503,0.9415712310705674,1.2640234364522749,0.2466030496551539,2780,2780,372.0,0.14444989127292382
B3_특보없는날_파고+풍속동시,전체,dow5,1.687543214346732,1.4679202978984909,1.9400250165929858,1.8962609260597674e-13,2780,2780,585.0,0.1429415387709441
B3_특보없는날_파고+풍속동시,전체,dow6,1.584955669581054,1.3787250353090785,1.822034423255378,9.439204973205051e-11,2780,2780,543.0,0.14310494362532525
B3_특보없는날_파고+풍속동시,전체,hol,1.3902602521911163,1.1730236753416976,1.6477276711908493,0.000144151697042183,2780,2780,184.0,0.04946139246075141
B4_특보없는날_파고연속(1m당),전체,wh_per1m,0.9635258007246099,0.8596839252024893,1.0799108154119903,0.5230639407830144,2780,2780,,
B4_특보없는날_파고연속(1m당),전체,dow1,1.0006619006263784,0.8588919811903016,1.1658325625272496,0.9932268429050102,2780,2780,328.0,0.13815251957715852
B4_특보없는날_파고연속(1m당),전체,dow2,0.8676979134358437,0.7423558031178737,1.0142032510808956,0.07461539230254566,2780,2780,295.0,0.14304209560440942
B4_특보없는날_파고연속(1m당),전체,dow3,0.9121233616220744,0.7816753357229631,1.064340895503981,0.2427631379473152,2780,2780,316.0,0.1462850534836658
B4_특보없는날_파고연속(1m당),전체,dow4,1.0899455482125116,0.9409721069152363,1.2625042648318234,0.25071765320535633,2780,2780,372.0,0.14444989127292382
B4_특보없는날_파고연속(1m당),전체,dow5,1.6883437097868772,1.4688931407610748,1.9405798851371783,1.674216321134736e-13,2780,2780,585.0,0.1429415387709441
B4_특보없는날_파고연속(1m당),전체,dow6,1.5806684078664373,1.3751053514990725,1.8169608698731787,1.184758957606391e-10,2780,2780,543.0,0.14310494362532525
B4_특보없는날_파고연속(1m당),전체,hol,1.389497658619183,1.1720852649150728,1.6472383034762295,0.0001512591922794293,2780,2780,184.0,0.04946139246075141
B5_특보없는날_풍속연속(1m/s당),전체,ws_per1ms,0.9803506972308447,0.9618081440208277,0.9992507295095135,0.041656458244534456,2780,2780,,
B5_특보없는날_풍속연속(1m/s당),전체,dow1,1.0023890390711045,0.8603120489187432,1.1679294587501405,0.9755894009843178,2780,2780,328.0,0.13815251957715852
B5_특보없는날_풍속연속(1m/s당),전체,dow2,0.8662402975125508,0.7410773751378357,1.012542385193001,0.07131698287968202,2780,2780,295.0,0.14304209560440942
B5_특보없는날_풍속연속(1m/s당),전체,dow3,0.9098170354096343,0.7795821114176856,1.0618086610738988,0.23049035121577255,2780,2780,316.0,0.1462850534836658
B5_특보없는날_풍속연속(1m/s당),전체,dow4,1.0903595085406539,0.9412460730119216,1.263095689802637,0.24891987308853158,2780,2780,372.0,0.14444989127292382
B5_특보없는날_풍속연속(1m/s당),전체,dow5,1.6883492065062522,1.4687302502603565,1.9408077436990145,1.7497114868092467e-13,2780,2780,585.0,0.1429415387709441
B5_특보없는날_풍속연속(1m/s당),전체,dow6,1.5828801598505802,1.3770282060936017,1.8195049232552103,1.0408074402334933e-10,2780,2780,543.0,0.14310494362532525
B5_특보없는날_풍속연속(1m/s당),전체,hol,1.3903647541120838,1.1729275151396887,1.6481104966208695,0.0001456989178061363,2780,2780,184.0,0.04946139246075141
B6_특보없는날_해안AWS풍속(일최대),전체,aws_ws[0-3],0.9025966272898457,0.7951557305086762,1.024554864333101,0.11300127247203995,2672,2672,423.0,0.1715016393442623
B6_특보없는날_해안AWS풍속(일최대),전체,aws_ws[5-7],0.9833610854725588,0.8856266677964882,1.0918811047410553,0.7533988796738567,2672,2672,622.0,0.22956065573770493
B6_특보없는날_해안AWS풍속(일최대),전체,aws_ws[7-9],1.0128019349465658,0.8520182779447227,1.2039269414570675,0.8853198140428205,2672,2672,200.0,0.07234098360655737
B6_특보없는날_해안AWS풍속(일최대),전체,aws_ws[9-11],0.9011298977410115,0.6617875205239167,1.2270329485207925,0.50862568686987,2672,2672,54.0,0.022334426229508198
B6_특보없는날_해안AWS풍속(일최대),전체,aws_ws[11+],1.0350324372806157,0.6437408196692005,1.664166871961851,0.8869908889004594,2672,2672,31.0,0.011068852459016393
B6_특보없는날_해안AWS풍속(일최대),전체,dow1,0.9625055741263004,0.82162802552085,1.127538194229586,0.6359923433791537,2672,2672,309.0,0.13735081967213114
B6_특보없는날_해안AWS풍속(일최대),전체,dow2,0.8452224324665213,0.719993773427685,0.9922321368746897,0.039848589324579464,2672,2672,283.0,0.14271475409836065
B6_특보없는날_해안AWS풍속(일최대),전체,dow3,0.8727608148539345,0.748006196681507,1.0183223659426879,0.08375688717804564,2672,2672,298.0,0.14634754098360656
B6_특보없는날_해안AWS풍속(일최대),전체,dow4,1.0538723250723565,0.9084299743731786,1.2226004302860733,0.4886173215316072,2672,2672,358.0,0.14528524590163935
B6_특보없는날_해안AWS풍속(일최대),전체,dow5,1.597009733283208,1.3838751500758764,1.8429697852884097,1.49996015608167e-10,2672,2672,548.0,0.143672131147541
B6_특보없는날_해안AWS풍속(일최대),전체,dow6,1.6008351377922478,1.3904574908698932,1.8430431388356034,5.92481619321461e-11,2672,2672,541.0,0.14271475409836065
B6_특보없는날_해안AWS풍속(일최대),전체,hol,1.349660901274984,1.1318557372512281,1.6093787295315718,0.0008396742133016666,2672,2672,174.0,0.049285245901639345
B7_특보없는날_파고(낮06~18최대),전체,wh_day_max[0-0.5],1.066563691479649,0.9628095976111422,1.1814985131069817,0.21714187455809109,2780,2780,1493.0,0.5269429465666127
B7_특보없는날_파고(낮06~18최대),전체,wh_day_max[1-1.5],0.9957999213574551,0.8666955335574326,1.1441359104567292,0.9526261197009325,2780,2780,338.0,0.12448935983005895
B7_특보없는날_파고(낮06~18최대),전체,wh_day_max[1.5-2],1.0871544431508438,0.880672248392286,1.3420484015707903,0.43681532649498145,2780,2780,111.0,0.0379602046331561
B7_특보없는날_파고(낮06~18최대),전체,wh_day_max[2+],1.1272309170689117,0.709336485645866,1.79132127855945,0.6123053440624031,2780,2780,19.0,0.006209384466483151
B7_특보없는날_파고(낮06~18최대),전체,dow1,1.0002722737252814,0.8584669134452956,1.1655016703766092,0.9972152066940039,2780,2780,328.0,0.13815251957715852
B7_특보없는날_파고(낮06~18최대),전체,dow2,0.8695241039913558,0.7440556725574892,1.0161499942916605,0.0786639093242929,2780,2780,295.0,0.14304209560440942
B7_특보없는날_파고(낮06~18최대),전체,dow3,0.9125620086225634,0.7821346925288543,1.0647391396086492,0.24490816022398354,2780,2780,316.0,0.1462850534836658
B7_특보없는날_파고(낮06~18최대),전체,dow4,1.0910756849063403,0.9419411436094542,1.2638222231509402,0.2450839819935935,2780,2780,372.0,0.14444989127292382
B7_특보없는날_파고(낮06~18최대),전체,dow5,1.6905792953886545,1.4711589165957275,1.9427257801695328,1.3322676295501878e-13,2780,2780,585.0,0.1429415387709441
B7_특보없는날_파고(낮06~18최대),전체,dow6,1.5828482467288412,1.377116044398536,1.819315505300658,1.0162537478208833e-10,2780,2780,543.0,0.14310494362532525
B7_특보없는날_파고(낮06~18최대),전체,hol,1.3908217632688635,1.1730660100650212,1.6489994259360485,0.0001462371836289389,2780,2780,184.0,0.04946139246075141
B1_특보없는날_파고(일최대),익수,wh_max[0-0.5],1.1029510486964265,0.946907542104936,1.2847093952977882,0.2080131001683263,1182,1182,538.0,0.445845828188393
B1_특보없는날_파고(일최대),익수,wh_max[1-1.5],1.1087256993197665,0.9177842033999349,1.3393918437234593,0.2844774114876887,1182,1182,193.0,0.15652378432410183
B1_특보없는날_파고(일최대),익수,wh_max[1.5-2],1.1723843746846914,0.8955651052464256,1.534768509796514,0.24713391484443603,1182,1182,75.0,0.057182336684894454
B1_특보없는날_파고(일최대),익수,wh_max[2+],0.9895534063887171,0.5553606104462295,1.7632074109626146,0.9715748343444861,1182,1182,11.0,0.010172282001528782
B1_특보없는날_파고(일최대),익수,dow1,1.0531028243089526,0.8433525535347207,1.3150200991498324,0.6479708666211068,1182,1182,156.0,0.1380901981537014
B1_특보없는날_파고(일최대),익수,dow2,0.9024707368405848,0.7193817512386058,1.1321574802965062,0.3750521894025609,1182,1182,137.0,0.1420297524548715
B1_특보없는날_파고(일최대),익수,dow3,0.9071479726129142,0.7182685098238674,1.1456961191539847,0.41328529042104867,1182,1182,142.0,0.14576350914329395
B1_특보없는날_파고(일최대),익수,dow4,0.961112007652539,0.7717193474191837,1.1969847514424665,0.723169212517607,1182,1182,149.0,0.14444052448991593
B1_특보없는날_파고(일최대),익수,dow5,1.4004438487104696,1.1394242558534884,1.7212578750326135,0.0013729986916686254,1182,1182,220.0,0.14382313165167285
B1_특보없는날_파고(일최대),익수,dow6,1.451100290812175,1.180671127050754,1.7834704396092687,0.0004025966852585494,1182,1182,225.0,0.14308814017757393
B1_특보없는날_파고(일최대),익수,hol,1.2115350840107961,0.9528504126149916,1.540448784359327,0.11737756379727027,1182,1182,69.0,0.049185629446698416
B2_특보없는날_풍속(일최대),익수,ws_max[0-4],0.9241068261395079,0.7722345660564953,1.1058471915839618,0.3888861772432992,1182,1182,195.0,0.17042982301405304
B2_특보없는날_풍속(일최대),익수,ws_max[6-8],0.9201298896419328,0.7829944373650144,1.0812835614281526,0.3120558234005504,1182,1182,319.0,0.27124125360145823
B2_특보없는날_풍속(일최대),익수,ws_max[8-10],0.8951349169826113,0.7458063096533262,1.0743627524067474,0.23416426211703012,1182,1182,202.0,0.17357558652319632
B2_특보없는날_풍속(일최대),익수,ws_max[10-12],0.7857895978898805,0.6020581628187375,1.0255907656181737,0.07605603449283782,1182,1182,73.0,0.07026518492385489
B2_특보없는날_풍속(일최대),익수,ws_max[12+],0.6744186157435063,0.3870184574371177,1.1752423186051508,0.16448728336791874,1182,1182,14.0,0.015082025048509437
B2_특보없는날_풍속(일최대),익수,dow1,1.0601998616240669,0.8493697136462834,1.3233621690633837,0.6053189646538344,1182,1182,156.0,0.1380901981537014
B2_특보없는날_풍속(일최대),익수,dow2,0.8991241387331246,0.7166600132851342,1.1280442634810979,0.3581698463896219,1182,1182,137.0,0.1420297524548715
B2_특보없는날_풍속(일최대),익수,dow3,0.9059560917236242,0.7170822914582626,1.1445777561485293,0.40769059573480115,1182,1182,142.0,0.14576350914329395
B2_특보없는날_풍속(일최대),익수,dow4,0.9641487427451092,0.7743732206779926,1.2004325218311271,0.7440704411227574,1182,1182,149.0,0.14444052448991593
B2_특보없는날_풍속(일최대),익수,dow5,1.4008288842820074,1.1393771016715952,1.7222757594125995,0.0013839559511634736,1182,1182,220.0,0.14382313165167285
B2_특보없는날_풍속(일최대),익수,dow6,1.457595108337387,1.1856911469373541,1.7918523768494758,0.00034762746359806584,1182,1182,225.0,0.14308814017757393
B2_특보없는날_풍속(일최대),익수,hol,1.2103058856355033,0.951755049373384,1.53909384328285,0.11953768978515544,1182,1182,69.0,0.049185629446698416
B3_특보없는날_파고+풍속동시,익수,wh_max[0-0.5],1.016214292209874,0.8584428196492199,1.2029822651596034,0.8517787548473039,1182,1182,538.0,0.445845828188393
B3_특보없는날_파고+풍속동시,익수,wh_max[1-1.5],1.196105692478162,0.9788576296163678,1.4615698793085656,0.07993851970190491,1182,1182,193.0,0.15652378432410183
B3_특보없는날_파고+풍속동시,익수,wh_max[1.5-2],1.3677795736650067,1.0166857353294874,1.840117252681756,0.03851434803900666,1182,1182,75.0,0.057182336684894454
B3_특보없는날_파고+풍속동시,익수,wh_max[2+],1.2628960117063832,0.6831420593913659,2.334662775418695,0.45656097528937734,1182,1182,11.0,0.010172282001528782
B3_특보없는날_파고+풍속동시,익수,ws_max[0-4],0.9285269415649003,0.7763909493498122,1.1104744097466421,0.41665167878881837,1182,1182,195.0,0.17042982301405304
B3_특보없는날_파고+풍속동시,익수,ws_max[6-8],0.9036437304633638,0.7620362587832042,1.071565797813376,0.24396299032484547,1182,1182,319.0,0.27124125360145823
B3_특보없는날_파고+풍속동시,익수,ws_max[8-10],0.8425696780173493,0.6807679799000496,1.0428276347816634,0.1153636115261536,1182,1182,202.0,0.17357558652319632
B3_특보없는날_파고+풍속동시,익수,ws_max[10-12],0.6937933710288996,0.5075154343888747,0.9484425675906024,0.02191452243905223,1182,1182,73.0,0.07026518492385489
B3_특보없는날_파고+풍속동시,익수,ws_max[12+],0.5635849139343341,0.31085831938176745,1.0217772387307076,0.05888769158953999,1182,1182,14.0,0.015082025048509437
B3_특보없는날_파고+풍속동시,익수,dow1,1.055606363957891,0.8454036076379715,1.318074332260929,0.6328967150248641,1182,1182,156.0,0.1380901981537014
B3_특보없는날_파고+풍속동시,익수,dow2,0.8999525300987172,0.7170692000743413,1.1294789350136858,0.36308816466262117,1182,1182,137.0,0.1420297524548715
B3_특보없는날_파고+풍속동시,익수,dow3,0.9043701064084264,0.7156688274716387,1.1428264833815196,0.39986759119627857,1182,1182,142.0,0.14576350914329395
B3_특보없는날_파고+풍속동시,익수,dow4,0.9631677180975595,0.7729650804064722,1.2001733023921635,0.738117374866081,1182,1182,149.0,0.14444052448991593
B3_특보없는날_파고+풍속동시,익수,dow5,1.4006955256704519,1.139303700776362,1.7220587928366091,0.001386005846568894,1182,1182,220.0,0.14382313165167285
B3_특보없는날_파고+풍속동시,익수,dow6,1.4588821660194469,1.1863880991861906,1.7939636918050152,0.00034331419249733486,1182,1182,225.0,0.14308814017757393
B3_특보없는날_파고+풍속동시,익수,hol,1.2103978613636357,0.9519031923554591,1.5390882124981677,0.11926807830494113,1182,1182,69.0,0.049185629446698416
B4_특보없는날_파고연속(1m당),익수,wh_per1m,0.993263294095245,0.8399587260105712,1.1745481543869585,0.9370097495253198,1182,1182,,
B4_특보없는날_파고연속(1m당),익수,dow1,1.0571353081351704,0.8468338446660345,1.3196627257461158,0.6234503884938092,1182,1182,156.0,0.1380901981537014
B4_특보없는날_파고연속(1m당),익수,dow2,0.9009670376495057,0.7181581175512719,1.1303104192413067,0.36741496284124775,1182,1182,137.0,0.1420297524548715
B4_특보없는날_파고연속(1m당),익수,dow3,0.9088932172686641,0.7196368769123396,1.1479218296057532,0.42259615101415937,1182,1182,142.0,0.14576350914329395
B4_특보없는날_파고연속(1m당),익수,dow4,0.9618286884725682,0.7727103203381444,1.1972331695583192,0.7275221868900192,1182,1182,149.0,0.14444052448991593
B4_특보없는날_파고연속(1m당),익수,dow5,1.400697229079449,1.13961545954052,1.7215918853381333,0.0013657964881228501,1182,1182,220.0,0.14382313165167285
B4_특보없는날_파고연속(1m당),익수,dow6,1.4512421655905963,1.1809314194305482,1.7834260216428646,0.0003979926167785308,1182,1182,225.0,0.14308814017757393
B4_특보없는날_파고연속(1m당),익수,hol,1.2108992510589172,0.9525392903766488,1.539334924058889,0.11808001554828573,1182,1182,69.0,0.049185629446698416
B5_특보없는날_풍속연속(1m/s당),익수,ws_per1ms,0.978813557888775,0.9515883910564774,1.0068176431232019,0.13677683640842364,1182,1182,,
B5_특보없는날_풍속연속(1m/s당),익수,dow1,1.0607100742890256,0.8495322550626959,1.324382747086156,0.6028266860179619,1182,1182,156.0,0.1380901981537014
B5_특보없는날_풍속연속(1m/s당),익수,dow2,0.8993249060369827,0.7167586434476649,1.1283927916489536,0.35936141391755694,1182,1182,137.0,0.1420297524548715
B5_특보없는날_풍속연속(1m/s당),익수,dow3,0.9054829577893895,0.7168198686929964,1.1438011453867392,0.4049006768334422,1182,1182,142.0,0.14576350914329395
B5_특보없는날_풍속연속(1m/s당),익수,dow4,0.9626827125520786,0.7733907908328419,1.1983049397945758,0.7335052142728911,1182,1182,149.0,0.14444052448991593
B5_특보없는날_풍속연속(1m/s당),익수,dow5,1.400800501402323,1.1395064763152027,1.7220104365481614,0.0013749591301148723,1182,1182,220.0,0.14382313165167285
B5_특보없는날_풍속연속(1m/s당),익수,dow6,1.453815674157271,1.1828158515525704,1.7869053848501133,0.0003776902000560689,1182,1182,225.0,0.14308814017757393
B5_특보없는날_풍속연속(1m/s당),익수,hol,1.2138656065818751,0.9548234404454671,1.5431855235507683,0.11352963970137386,1182,1182,69.0,0.049185629446698416
B6_특보없는날_해안AWS풍속(일최대),익수,aws_ws[0-3],1.03803664723182,0.8633164100963645,1.2481172237604103,0.6913682241497909,1113,1113,188.0,0.1665210608424337
B6_특보없는날_해안AWS풍속(일최대),익수,aws_ws[5-7],0.868869246344393,0.7331676350049027,1.029687797440793,0.1047308569068115,1113,1113,240.0,0.23213728549141965
B6_특보없는날_해안AWS풍속(일최대),익수,aws_ws[7-9],0.987071055348335,0.751908210490721,1.2957821908482796,0.9253252859214174,1113,1113,82.0,0.07014040561622464
B6_특보없는날_해안AWS풍속(일최대),익수,aws_ws[9-11],0.9025910197614562,0.573934834962546,1.4194478176380239,0.6572830588092451,1113,1113,22.0,0.020998439937597504
B6_특보없는날_해안AWS풍속(일최대),익수,aws_ws[11+],1.0302942046836985,0.5098837314310383,2.081859221563305,0.9337256015996245,1113,1113,13.0,0.011326053042121685
B6_특보없는날_해안AWS풍속(일최대),익수,dow1,1.0278712802419132,0.8175367389933742,1.292320354981273,0.8139470700088647,1113,1113,147.0,0.13722308892355695
B6_특보없는날_해안AWS풍속(일최대),익수,dow2,0.8578297108532033,0.6803485500299328,1.0816100259052728,0.1947495467074729,1113,1113,127.0,0.14171606864274572
B6_특보없는날_해안AWS풍속(일최대),익수,dow3,0.8753408788430377,0.6917597627019304,1.1076412585504132,0.2675628671263399,1113,1113,134.0,0.14583463338533542
B6_특보없는날_해안AWS풍속(일최대),익수,dow4,0.9158154631447335,0.7321508295890476,1.1455535234533172,0.4412592134939177,1113,1113,139.0,0.14514820592823713
B6_특보없는날_해안AWS풍속(일최대),익수,dow5,1.3165211047557819,1.0653041851250349,1.6269792642032617,0.01090902963743412,1113,1113,202.0,0.14452418096723868
B6_특보없는날_해안AWS풍속(일최대),익수,dow6,1.42334678304706,1.1548938925474372,1.7542010377608785,0.000931315113020359,1113,1113,215.0,0.1428393135725429
B6_특보없는날_해안AWS풍속(일최대),익수,hol,1.178681125736007,0.9166701799306608,1.5155824053002251,0.1999586243194973,1113,1113,63.0,0.048673946957878314
B7_특보없는날_파고(낮06~18최대),익수,wh_day_max[0-0.5],1.0791479000081194,0.9258521056302236,1.2578252865766535,0.32983740391218364,1182,1182,597.0,0.5003233962486036
B7_특보없는날_파고(낮06~18최대),익수,wh_day_max[1-1.5],1.1245600646194427,0.9259127387024098,1.365825618415367,0.23649986814690793,1182,1182,165.0,0.13306285647086494
B7_특보없는날_파고(낮06~18최대),익수,wh_day_max[1.5-2],1.2922101753652315,0.9579214998220626,1.7431565505394906,0.09324569615223233,1182,1182,59.0,0.04268830481566414
B7_특보없는날_파고(낮06~18최대),익수,wh_day_max[2+],1.3623300425890483,0.7452918251589076,2.490223402819376,0.3150299187253651,1182,1182,10.0,0.006703122243781972
B7_특보없는날_파고(낮06~18최대),익수,dow1,1.053829001896574,0.8438429496799301,1.3160690216817756,0.6437651747841069,1182,1182,156.0,0.1380901981537014
B7_특보없는날_파고(낮06~18최대),익수,dow2,0.9042830783486548,0.720754944755106,1.1345435667674295,0.3846678721347241,1182,1182,137.0,0.1420297524548715
B7_특보없는날_파고(낮06~18최대),익수,dow3,0.9103967050999204,0.7207926895948882,1.149875924966192,0.43076203559960113,1182,1182,142.0,0.14576350914329395
B7_특보없는날_파고(낮06~18최대),익수,dow4,0.9625437251285216,0.773021825369295,1.1985307430895362,0.7329226052267701,1182,1182,149.0,0.14444052448991593
B7_특보없는날_파고(낮06~18최대),익수,dow5,1.4051129473159543,1.1436107524532302,1.7264111853440027,0.0012070170523288404,1182,1182,220.0,0.14382313165167285
B7_특보없는날_파고(낮06~18최대),익수,dow6,1.453756788924525,1.182763786291242,1.786839287640942,0.00037833053108071724,1182,1182,225.0,0.14308814017757393
B7_특보없는날_파고(낮06~18최대),익수,hol,1.2145126150155223,0.955720650508932,1.5433807894036466,0.11193231854547792,1182,1182,69.0,0.049185629446698416
B1_특보없는날_파고(일최대),추락,wh_max[0-0.5],1.1285138909760508,0.8301280518763391,1.5341531938925739,0.44030001075249103,329,329,148.0,0.4312032845562691
B1_특보없는날_파고(일최대),추락,wh_max[1-1.5],1.053218868953838,0.741575552571126,1.4958286880877316,0.7720613728331527,329,329,52.0,0.15359511527529213
B1_특보없는날_파고(일최대),추락,wh_max[1.5-2],1.0193052730082568,0.604267652428906,1.7194089993170314,0.9428578334267035,329,329,20.0,0.05905884829982103
B1_특보없는날_파고(일최대),추락,wh_max[2+],0.5919866573600456,0.13819866962653113,2.535829060000167,0.479979343768997,329,329,2.0,0.011580166333298243
B1_특보없는날_파고(일최대),추락,dow1,0.8924751888315108,0.5610135284299247,1.41977318249168,0.6310419316126636,329,329,34.0,0.14085693230866406
B1_특보없는날_파고(일최대),추락,dow2,0.9498582109755643,0.6047527051762123,1.4919000993882425,0.8232865089509764,329,329,38.0,0.14538372460258975
B1_특보없는날_파고(일최대),추락,dow3,0.943521762534568,0.6027918608019283,1.476850260041683,0.7992503638533313,329,329,37.0,0.14548899884198338
B1_특보없는날_파고(일최대),추락,dow4,1.4021021463569763,0.9264942404599379,2.121859308961183,0.1098589247992523,329,329,53.0,0.14043583535108958
B1_특보없는날_파고(일최대),추락,dow5,1.529604302144941,1.0167175054889857,2.3012186851401255,0.04139398215816237,329,329,59.0,0.14222549742078114
B1_특보없는날_파고(일최대),추락,dow6,1.751778181986816,1.1741227661223659,2.6136336739468473,0.006026466138420394,329,329,69.0,0.1426465943783556
B1_특보없는날_파고(일최대),추락,hol,1.4228035209389327,0.9111486952243433,2.2217777074221488,0.12095218864289814,329,329,23.0,0.0490577955574271
B2_특보없는날_풍속(일최대),추락,ws_max[0-4],1.2566677887397517,0.8958522064338926,1.7628063199647785,0.18580786208099997,329,329,58.0,0.15212127592378144
B2_특보없는날_풍속(일최대),추락,ws_max[6-8],1.0620772851798381,0.7934989387730138,1.4215622788849758,0.6855411460660157,329,329,95.0,0.2893988840930624
B2_특보없는날_풍속(일최대),추락,ws_max[8-10],1.1618910154536035,0.8141502597316986,1.6581591857953746,0.4082918617290243,329,329,61.0,0.16612274976313296
B2_특보없는날_풍속(일최대),추락,ws_max[10-12],0.8575545358134009,0.48451406349528636,1.5178089498351415,0.5978169608966035,329,329,19.0,0.07011264343615117
B2_특보없는날_풍속(일최대),추락,ws_max[12+],0.7407818332637311,0.27094882088154126,2.0253187399309294,0.5587368007882925,329,329,4.0,0.017791346457521843
B2_특보없는날_풍속(일최대),추락,dow1,0.9026888249098941,0.5679066153994784,1.4348258895417578,0.6650172326975139,329,329,34.0,0.14085693230866406
B2_특보없는날_풍속(일최대),추락,dow2,0.9499342901626145,0.6051889509350702,1.4910635004695665,0.8233103818987102,329,329,38.0,0.14538372460258975
B2_특보없는날_풍속(일최대),추락,dow3,0.9476786509323029,0.6054853359276059,1.4832643701551993,0.8141160028781,329,329,37.0,0.14548899884198338
B2_특보없는날_풍속(일최대),추락,dow4,1.4096971093919006,0.9335364878039499,2.1287287280036313,0.10248245336726969,329,329,53.0,0.14043583535108958
B2_특보없는날_풍속(일최대),추락,dow5,1.5346995586324876,1.022099564371189,2.304377007259337,0.038884954978463115,329,329,59.0,0.14222549742078114
B2_특보없는날_풍속(일최대),추락,dow6,1.7661077464394672,1.185530933212426,2.6310039532933884,0.005159709421502345,329,329,69.0,0.1426465943783556
B2_특보없는날_풍속(일최대),추락,hol,1.4255595085909096,0.9127672569256841,2.2264382262995834,0.11905818672125079,329,329,23.0,0.0490577955574271
B3_특보없는날_파고+풍속동시,추락,wh_max[0-0.5],1.134599320538485,0.8103258637912633,1.5886394297516822,0.4621438493118144,329,329,148.0,0.4312032845562691
B3_특보없는날_파고+풍속동시,추락,wh_max[1-1.5],1.0687801475113166,0.7445616634408728,1.534179181930206,0.718343939178326,329,329,52.0,0.15359511527529213
B3_특보없는날_파고+풍속동시,추락,wh_max[1.5-2],1.0960738053260386,0.6081734897007,1.9753866406000957,0.7601778467464975,329,329,20.0,0.05905884829982103
B3_특보없는날_파고+풍속동시,추락,wh_max[2+],0.6692178609812091,0.15038833603686114,2.977973939059299,0.5979735775258415,329,329,2.0,0.011580166333298243
B3_특보없는날_파고+풍속동시,추락,ws_max[0-4],1.2459648436068824,0.8864749781414296,1.7512376883542964,0.20544823033353876,329,329,58.0,0.15212127592378144
B3_특보없는날_파고+풍속동시,추락,ws_max[6-8],1.0881442817361273,0.8112160513325888,1.459608665200811,0.5729284181920611,329,329,95.0,0.2893988840930624
B3_특보없는날_파고+풍속동시,추락,ws_max[8-10],1.216529867525456,0.8161001772761421,1.8134353597631163,0.33590548404602716,329,329,61.0,0.16612274976313296
B3_특보없는날_파고+풍속동시,추락,ws_max[10-12],0.8947900252667699,0.4708614863034893,1.7003921803042858,0.734329041737787,329,329,19.0,0.07011264343615117
B3_특보없는날_파고+풍속동시,추락,ws_max[12+],0.809814422032409,0.2788374430830933,2.3519057945752904,0.6981645884947205,329,329,4.0,0.017791346457521843
B3_특보없는날_파고+풍속동시,추락,dow1,0.898865820353021,0.5653466405094478,1.4291404690595435,0.652219840099967,329,329,34.0,0.14085693230866406
B3_특보없는날_파고+풍속동시,추락,dow2,0.948650347786439,0.60416921284411,1.4895454174483682,0.81886927084231,329,329,38.0,0.14538372460258975
B3_특보없는날_파고+풍속동시,추락,dow3,0.9461946093409825,0.604897951421827,1.4800583084163992,0.8085485581103256,329,329,37.0,0.14548899884198338
B3_특보없는날_파고+풍속동시,추락,dow4,1.4038244677593226,0.9281872922689918,2.123195558368648,0.10806430698512415,329,329,53.0,0.14043583535108958
B3_특보없는날_파고+풍속동시,추락,dow5,1.528542491204443,1.0164886243245481,2.2985423461773014,0.0414927897172912,329,329,59.0,0.14222549742078114
B3_특보없는날_파고+풍속동시,추락,dow6,1.758587621761841,1.1780195614313689,2.6252793456640267,0.005754798083333679,329,329,69.0,0.1426465943783556
B3_특보없는날_파고+풍속동시,추락,hol,1.4202439386131183,0.9109798642054215,2.2142013500228783,0.1215060860222068,329,329,23.0,0.0490577955574271
B4_특보없는날_파고연속(1m당),추락,wh_per1m,0.8513659020119726,0.6128327298486846,1.1827434531566663,0.33737673932339174,329,329,,
B4_특보없는날_파고연속(1m당),추락,dow1,0.8953992281912019,0.5631686611004996,1.423622856212744,0.6404870848918587,329,329,34.0,0.14085693230866406
B4_특보없는날_파고연속(1m당),추락,dow2,0.950676332811551,0.6058181124214841,1.491842966126491,0.8258550425812161,329,329,38.0,0.14538372460258975
B4_특보없는날_파고연속(1m당),추락,dow3,0.9448120871391649,0.6034784487288991,1.479207553947431,0.8039699374166311,329,329,37.0,0.14548899884198338
B4_특보없는날_파고연속(1m당),추락,dow4,1.4056135612014304,0.9301835699839237,2.12404255158744,0.1060065022882426,329,329,53.0,0.14043583535108958
B4_특보없는날_파고연속(1m당),추락,dow5,1.536490405643479,1.0225559185828614,2.308727301589774,0.03869981348811269,329,329,59.0,0.14222549742078114
B4_특보없는날_파고연속(1m당),추락,dow6,1.763006268685152,1.1836561978169768,2.6259239035419193,0.005279404582450464,329,329,69.0,0.1426465943783556
B4_특보없는날_파고연속(1m당),추락,hol,1.4236677124917672,0.9093119554573866,2.2289707546757587,0.12250037188955742,329,329,23.0,0.0490577955574271
B5_특보없는날_풍속연속(1m/s당),추락,ws_per1ms,0.9935061778023357,0.9405726622743086,1.0494186838736144,0.8155865784887586,329,329,,
B5_특보없는날_풍속연속(1m/s당),추락,dow1,0.8951666281428132,0.562956351386847,1.4234199332976847,0.6397862162667804,329,329,34.0,0.14085693230866406
B5_특보없는날_풍속연속(1m/s당),추락,dow2,0.9512081074163768,0.6059900569985033,1.4930886293681884,0.8278535261766644,329,329,38.0,0.14538372460258975
B5_특보없는날_풍속연속(1m/s당),추락,dow3,0.9454613748903068,0.6035899910419479,1.480967585076052,0.8065071335614082,329,329,37.0,0.14548899884198338
B5_특보없는날_풍속연속(1m/s당),추락,dow4,1.4074254605272734,0.9314920008844069,2.1265307968932516,0.10459287716437715,329,329,53.0,0.14043583535108958
B5_특보없는날_풍속연속(1m/s당),추락,dow5,1.534677764135859,1.0216920419356694,2.305230679169111,0.03907639607298341,329,329,59.0,0.14222549742078114
B5_특보없는날_풍속연속(1m/s당),추락,dow6,1.7570786377023226,1.1798647071303974,2.616677421073705,0.005536920230286846,329,329,69.0,0.1426465943783556
B5_특보없는날_풍속연속(1m/s당),추락,hol,1.4317994159091767,0.9156104404220348,2.2389975877218316,0.11560272338247746,329,329,23.0,0.0490577955574271
B6_특보없는날_해안AWS풍속(일최대),추락,aws_ws[0-3],0.7613651654159155,0.5234579937544478,1.107399107521756,0.1537768386461955,307,307,42.0,0.1744095797760284
B6_특보없는날_해안AWS풍속(일최대),추락,aws_ws[5-7],1.1960418236101278,0.8848045327331887,1.6167593981528683,0.24437321095649267,307,307,84.0,0.23073511475773367
B6_특보없는날_해안AWS풍속(일최대),추락,aws_ws[7-9],0.8849808576726067,0.5113889937384408,1.5314977992027727,0.662343231383776,307,307,19.0,0.06752411575562701
B6_특보없는날_해안AWS풍속(일최대),추락,aws_ws[9-11],0.9947202344799917,0.4170888786519598,2.3723201349360177,0.9904753583477035,307,307,6.0,0.017851203015855417
B6_특보없는날_해안AWS풍속(일최대),추락,aws_ws[11+],0.9082075179733569,0.17335194665990644,4.758186519367758,0.9092796830450429,307,307,2.0,0.005876482980374765
B6_특보없는날_해안AWS풍속(일최대),추락,dow1,0.8186828650110595,0.5078318757332281,1.3198100896974905,0.41158771265111627,307,307,30.0,0.13970506708060762
B6_특보없는날_해안AWS풍속(일최대),추락,dow2,0.9307868788293261,0.5850361995469483,1.4808728322653377,0.7620854336077729,307,307,36.0,0.14513804191152013
B6_특보없는날_해안AWS풍속(일최대),추락,dow3,0.8719752187216963,0.5483455365672849,1.3866088649587325,0.5626815249912687,307,307,33.0,0.14558155006098236
B6_특보없는날_해안AWS풍속(일최대),추락,dow4,1.280007185773144,0.8325639701373679,1.9679189280321072,0.2606067871539002,307,307,48.0,0.14170085375318772
B6_특보없는날_해안AWS풍속(일최대),추락,dow5,1.4432416020182348,0.9530452074097094,2.185569273736154,0.0831216483519297,307,307,54.0,0.1429205011642089
B6_특보없는날_해안AWS풍속(일최대),추락,dow6,1.787878284628219,1.1964835040571093,2.671586152091714,0.004576829200117594,307,307,68.0,0.1418117307905533
B6_특보없는날_해안AWS풍속(일최대),추락,hol,1.2710675110390646,0.7898850082085348,2.0453769863074935,0.3230459854026537,307,307,20.0,0.05000554385186828
B7_특보없는날_파고(낮06~18최대),추락,wh_day_max[0-0.5],1.14966889473695,0.8612440691074686,1.5346852476968984,0.3439444077062741,329,329,169.0,0.48520896936519636
B7_특보없는날_파고(낮06~18최대),추락,wh_day_max[1-1.5],0.9224666066887233,0.6323253656181937,1.345738581313879,0.6753208164123392,329,329,40.0,0.12822402358142962
B7_특보없는날_파고(낮06~18최대),추락,wh_day_max[1.5-2],0.8382174061312168,0.45681503941873297,1.5380588625877294,0.5687815523244957,329,329,13.0,0.04537319717865038
B7_특보없는날_파고(낮06~18최대),추락,wh_day_max[2+],0.3760469645804173,0.049038095613350575,2.883703329042953,0.3466962758947649,329,329,1.0,0.00831666491209601
B7_특보없는날_파고(낮06~18최대),추락,dow1,0.8950253620347548,0.5620506604578466,1.4252636907016387,0.6403555399824459,329,329,34.0,0.14085693230866406
B7_특보없는날_파고(낮06~18최대),추락,dow2,0.9488700302701946,0.6042762248922925,1.489971468769007,0.8196725382955936,329,329,38.0,0.14538372460258975
B7_특보없는날_파고(낮06~18최대),추락,dow3,0.9442406096726474,0.6033157924643207,1.4778169908550844,0.8017786403604925,329,329,37.0,0.14548899884198338
B7_특보없는날_파고(낮06~18최대),추락,dow4,1.402214649854588,0.9266467031232293,2.121850666105862,0.10970230932090552,329,329,53.0,0.14043583535108958
B7_특보없는날_파고(낮06~18최대),추락,dow5,1.5301586828888063,1.0166934700346406,2.302941509735703,0.04141277359347173,329,329,59.0,0.14222549742078114
B7_특보없는날_파고(낮06~18최대),추락,dow6,1.764999082055035,1.1829980729485028,2.633327839571828,0.005381691399181987,329,329,69.0,0.1426465943783556
B7_특보없는날_파고(낮06~18최대),추락,hol,1.4191982351175125,0.9065387438950546,2.2217733595221025,0.1257884310319155,329,329,23.0,0.0490577955574271
B1_특보없는날_파고(일최대),고립,wh_max[0-0.5],1.3019304840778037,1.0674935361917268,1.5878531606083934,0.009192913929320756,643,643,423.0,0.6151857472039566
B1_특보없는날_파고(일최대),고립,wh_max[1-1.5],0.8707146410662486,0.6120750274606838,1.2386455126464462,0.44138311452480283,643,643,53.0,0.0949249704940145
B1_특보없는날_파고(일최대),고립,wh_max[1.5-2],0.7960321871134726,0.4443368810545002,1.4260964370475835,0.44318117658597544,643,643,13.0,0.024447816557073006
B1_특보없는날_파고(일최대),고립,wh_max[2+],1.1407502544751178,0.3156163633613989,4.123078820203532,0.8407976672984032,643,643,3.0,0.00376552576856067
B1_특보없는날_파고(일최대),고립,dow1,0.9964738603392619,0.7052078712741643,1.4080389553017296,0.9840229719588272,643,643,72.0,0.13702017647389422
B1_특보없는날_파고(일최대),고립,dow2,0.8790726014595508,0.6281904466095505,1.2301502558780137,0.45217646010004575,643,643,67.0,0.1441578148710167
B1_특보없는날_파고(일최대),고립,dow3,0.8860083430620929,0.6352637278929415,1.2357242346881327,0.47582445461159395,643,643,69.0,0.14820435002529084
B1_특보없는날_파고(일최대),고립,dow4,1.0898773921763696,0.7998834913779839,1.4850071826471232,0.585554212936648,643,643,82.0,0.1443264205024448
B1_특보없는날_파고(일최대),고립,dow5,1.9864339145601113,1.5043147046970995,2.623067955524065,1.3056705121528012e-06,643,643,155.0,0.1439892092395886
B1_특보없는날_파고(일최대),고립,dow6,1.6270645123750396,1.2181929414143047,2.1731688285409887,0.0009784057998680762,643,643,123.0,0.14337098859101893
B1_특보없는날_파고(일최대),고립,hol,1.8016600599085695,1.3389833169418095,2.4242116614891445,0.0001011880607673099,643,643,59.0,0.054909233968414545
B2_특보없는날_풍속(일최대),고립,ws_max[0-4],1.1491398141716396,0.9126019693097692,1.4469860431193073,0.23711568069837252,643,643,149.0,0.19934805822514473
B2_특보없는날_풍속(일최대),고립,ws_max[6-8],0.934512358119624,0.7350863702270181,1.1880418177371366,0.580231284868451,643,643,156.0,0.24633282751643906
B2_특보없는날_풍속(일최대),고립,ws_max[8-10],0.7695769206788201,0.5904778319171481,1.0029989354868707,0.052642164600692265,643,643,78.0,0.14977800258528634
B2_특보없는날_풍속(일최대),고립,ws_max[10-12],0.7297540896454333,0.48118868322934494,1.1067197752454507,0.13813769699524947,643,643,29.0,0.057044905299837016
B2_특보없는날_풍속(일최대),고립,ws_max[12+],1.146486670659104,0.5621527135914955,2.3382110487403365,0.7069511652057439,643,643,9.0,0.010846962288540438
B2_특보없는날_풍속(일최대),고립,dow1,1.0009590146161198,0.707820042328968,1.415499546529681,0.9956740867036762,643,643,72.0,0.13702017647389422
B2_특보없는날_풍속(일최대),고립,dow2,0.8766777861198477,0.627441461479122,1.2249173633890804,0.4405726948794806,643,643,67.0,0.1441578148710167
B2_특보없는날_풍속(일최대),고립,dow3,0.8847003368752989,0.63457357913819,1.2334183328751878,0.4699341139068154,643,643,69.0,0.14820435002529084
B2_특보없는날_풍속(일최대),고립,dow4,1.0877961567299266,0.7978454381067565,1.4831199403788107,0.59467124722412,643,643,82.0,0.1443264205024448
B2_특보없는날_풍속(일최대),고립,dow5,1.9806059258771247,1.5013729012987282,2.612808470318236,1.3299113179598976e-06,643,643,155.0,0.1439892092395886
B2_특보없는날_풍속(일최대),고립,dow6,1.631151355979505,1.2215220863986727,2.178147064010933,0.0009125712254129947,643,643,123.0,0.14337098859101893
B2_특보없는날_풍속(일최대),고립,hol,1.7929010197577555,1.3306476567442722,2.4157364651386226,0.00012413677642486576,643,643,59.0,0.054909233968414545
B3_특보없는날_파고+풍속동시,고립,wh_max[0-0.5],1.227232735604873,0.9635684305928237,1.5630443459149137,0.09706175052782728,643,643,423.0,0.6151857472039566
B3_특보없는날_파고+풍속동시,고립,wh_max[1-1.5],0.8801844705395325,0.6089611110728401,1.2722071871126257,0.49711286618891437,643,643,53.0,0.0949249704940145
B3_특보없는날_파고+풍속동시,고립,wh_max[1.5-2],0.7771048729647388,0.4042327637997114,1.4939214177224842,0.4494997866655337,643,643,13.0,0.024447816557073006
B3_특보없는날_파고+풍속동시,고립,wh_max[2+],1.0175565809572231,0.27701320080145303,3.7378052470195584,0.9790833194626392,643,643,3.0,0.00376552576856067
B3_특보없는날_파고+풍속동시,고립,ws_max[0-4],1.1342283646527918,0.9005156647197946,1.4285970067863802,0.2846682300780554,643,643,149.0,0.19934805822514473
B3_특보없는날_파고+풍속동시,고립,ws_max[6-8],1.004383451055135,0.7780315449614101,1.2965876811633108,0.9732191600003779,643,643,156.0,0.24633282751643906
B3_특보없는날_파고+풍속동시,고립,ws_max[8-10],0.9117717741596003,0.6680905727573968,1.244333930237966,0.560449014705066,643,643,78.0,0.14977800258528634
B3_특보없는날_파고+풍속동시,고립,ws_max[10-12],0.9261510287280837,0.572864242639247,1.4973106439011015,0.7542718319884034,643,643,29.0,0.057044905299837016
B3_특보없는날_파고+풍속동시,고립,ws_max[12+],1.4979303264655255,0.6660723226932822,3.3686961407918377,0.32844447283552847,643,643,9.0,0.010846962288540438
B3_특보없는날_파고+풍속동시,고립,dow1,1.0007484898308903,0.7080316675668615,1.414481280675533,0.9966183882352471,643,643,72.0,0.13702017647389422
B3_특보없는날_파고+풍속동시,고립,dow2,0.8792075026236157,0.6291552716180419,1.2286407943172166,0.4508517371885925,643,643,67.0,0.1441578148710167
B3_특보없는날_파고+풍속동시,고립,dow3,0.8845536507782602,0.6346864609123777,1.2327900613798792,0.46887332246399205,643,643,69.0,0.14820435002529084
B3_특보없는날_파고+풍속동시,고립,dow4,1.0879950615637817,0.797963115968458,1.4834435706348708,0.5939129611239176,643,643,82.0,0.1443264205024448
B3_특보없는날_파고+풍속동시,고립,dow5,1.9877429957621886,1.5057991759965164,2.6239370297083897,1.2393126200826998e-06,643,643,155.0,0.1439892092395886
B3_특보없는날_파고+풍속동시,고립,dow6,1.6268350283211588,1.218425407958592,2.1721413490604498,0.0009686001247624088,643,643,123.0,0.14337098859101893
B3_특보없는날_파고+풍속동시,고립,hol,1.8002385947028312,1.3367848929741162,2.424368359405432,0.00010822334791882326,643,643,59.0,0.054909233968414545
B4_특보없는날_파고연속(1m당),고립,wh_per1m,0.681918435725222,0.5264166173432426,0.8833550037398016,0.003740512567306231,643,643,,
B4_특보없는날_파고연속(1m당),고립,dow1,0.9984688511279193,0.7065776559456489,1.4109419372148857,0.9930700746815639,643,643,72.0,0.13702017647389422
B4_특보없는날_파고연속(1m당),고립,dow2,0.8809294585309643,0.6290877402258818,1.233590580908495,0.4605239891626467,643,643,67.0,0.1441578148710167
B4_특보없는날_파고연속(1m당),고립,dow3,0.8893588737529018,0.6372257307914869,1.2412543437952408,0.49059293230260126,643,643,69.0,0.14820435002529084
B4_특보없는날_파고연속(1m당),고립,dow4,1.0915820049984553,0.8011426146658687,1.4873148074059277,0.5787513285538501,643,643,82.0,0.1443264205024448
B4_특보없는날_파고연속(1m당),고립,dow5,1.9837091383547905,1.5024126529023802,2.619188501900876,1.3579551945142043e-06,643,643,155.0,0.1439892092395886
B4_특보없는날_파고연속(1m당),고립,dow6,1.6278415836808118,1.2193195936051444,2.173235167759116,0.0009497589957117025,643,643,123.0,0.14337098859101893
B4_특보없는날_파고연속(1m당),고립,hol,1.8047133629709522,1.3390159003226965,2.432376136609733,0.00010570642475604686,643,643,59.0,0.054909233968414545
B5_특보없는날_풍속연속(1m/s당),고립,ws_per1ms,0.9449461608898044,0.9095860674119411,0.9816808754789176,0.0036121585503052778,643,643,,
B5_특보없는날_풍속연속(1m/s당),고립,dow1,1.001540631453243,0.7081681641250406,1.4164483625031286,0.9930543953925144,643,643,72.0,0.13702017647389422
B5_특보없는날_풍속연속(1m/s당),고립,dow2,0.8771662269222384,0.6269181982092333,1.2273061969660715,0.444401621581636,643,643,67.0,0.1441578148710167
B5_특보없는날_풍속연속(1m/s당),고립,dow3,0.8850716763150558,0.6345470024047254,1.2345056697872587,0.4720717612749148,643,643,69.0,0.14820435002529084
B5_특보없는날_풍속연속(1m/s당),고립,dow4,1.0900033426788531,0.7993040619489638,1.486427185361827,0.5860678913794826,643,643,82.0,0.1443264205024448
B5_특보없는날_풍속연속(1m/s당),고립,dow5,1.9816520564836766,1.5010657935441531,2.6161044305020837,1.3916028140936731e-06,643,643,155.0,0.1439892092395886
B5_특보없는날_풍속연속(1m/s당),고립,dow6,1.6344074558536479,1.2241110180205605,2.182226687306172,0.0008649972147707352,643,643,123.0,0.14337098859101893
B5_특보없는날_풍속연속(1m/s당),고립,hol,1.7897602434598536,1.3280010386112318,2.412077728809076,0.00013171104035292203,643,643,59.0,0.054909233968414545
B6_특보없는날_해안AWS풍속(일최대),고립,aws_ws[0-3],0.971288059436557,0.7524094886118396,1.2538391775794357,0.8230547258119361,652,652,112.0,0.16819966348850252
B6_특보없는날_해안AWS풍속(일최대),고립,aws_ws[5-7],0.9247737313529474,0.7485144000659316,1.142538412253824,0.4685199118773906,652,652,151.0,0.2297812675266405
B6_특보없는날_해안AWS풍속(일최대),고립,aws_ws[7-9],0.7766915876761018,0.5544886205948868,1.087939048631193,0.1416182500901031,652,652,43.0,0.0773415591699383
B6_특보없는날_해안AWS풍속(일최대),고립,aws_ws[9-11],0.37303690928281547,0.17141967417092083,0.8117885905472201,0.012933177187987477,652,652,7.0,0.026584408300616938
B6_특보없는날_해안AWS풍속(일최대),고립,aws_ws[11+],1.085609763807734,0.46887804186075344,2.513550335173698,0.8479255199996245,652,652,12.0,0.01514301738642737
B6_특보없는날_해안AWS풍속(일최대),고립,dow1,0.9525404598422833,0.6754373599625548,1.3433271261258775,0.7816112634383843,652,652,70.0,0.13639932697700505
B6_특보없는날_해안AWS풍속(일최대),고립,dow2,0.8936484356367279,0.6459156932094691,1.2363959180923387,0.4972256208582304,652,652,70.0,0.14363432417274258
B6_특보없는날_해안AWS풍속(일최대),고립,dow3,0.8631406826826041,0.6243356320919046,1.1932873919201896,0.3731239305585472,652,652,69.0,0.1471676948962423
B6_특보없는날_해안AWS풍속(일최대),고립,dow4,1.0376628830838177,0.7676687008374239,1.4026158129870823,0.809983618771914,652,652,82.0,0.14531688166012338
B6_특보없는날_해안AWS풍속(일최대),고립,dow5,1.8614053823752104,1.410695988286506,2.4561138801733886,1.1206234321825548e-05,652,652,153.0,0.14537296690970275
B6_특보없는날_해안AWS풍속(일최대),고립,dow6,1.6767443069435097,1.257583704294713,2.235613789576114,0.00042892840495856177,652,652,131.0,0.14335389792484576
B6_특보없는날_해안AWS풍속(일최대),고립,hol,1.7456409346858344,1.2931705503006516,2.3564272107359465,0.0002731026444982021,652,652,60.0,0.05485137408861469
B7_특보없는날_파고(낮06~18최대),고립,wh_day_max[0-0.5],1.2730605006311793,1.0250197708142166,1.5811236860143016,0.028998938829386756,643,643,459.0,0.6724554600123644
B7_특보없는날_파고(낮06~18최대),고립,wh_day_max[1-1.5],0.8121501968929863,0.550253634683762,1.1986980198547719,0.2948463372013983,643,643,39.0,0.07649075479121002
B7_특보없는날_파고(낮06~18최대),고립,wh_day_max[1.5-2],0.7981346372713324,0.4012547798422014,1.5875671299486005,0.520452341174086,643,643,9.0,0.016804361265666274
B7_특보없는날_파고(낮06~18최대),고립,wh_day_max[2+],0.992765405894434,0.22131498520377527,4.453305094696894,0.9924347093698436,643,643,2.0,0.0026414882257067385
B7_특보없는날_파고(낮06~18최대),고립,dow1,0.997338253589865,0.705748568314687,1.4094022102644372,0.9879479458264071,643,643,72.0,0.13702017647389422
B7_특보없는날_파고(낮06~18최대),고립,dow2,0.8806111751513117,0.6295380592897023,1.231817569022485,0.457807105074578,643,643,67.0,0.1441578148710167
B7_특보없는날_파고(낮06~18최대),고립,dow3,0.8884882028699504,0.637161549365949,1.2389499765399083,0.48582677225460724,643,643,69.0,0.14820435002529084
B7_특보없는날_파고(낮06~18최대),고립,dow4,1.0933805861681622,0.8029672870094103,1.4888291535037634,0.5708551423670034,643,643,82.0,0.1443264205024448
B7_특보없는날_파고(낮06~18최대),고립,dow5,1.9756375423056793,1.4981034776356696,2.605389919211473,1.4124835137074854e-06,643,643,155.0,0.1439892092395886
B7_특보없는날_파고(낮06~18최대),고립,dow6,1.6285426636224969,1.2201009113994545,2.1737146349613345,0.0009318679479537462,643,643,123.0,0.14337098859101893
B7_특보없는날_파고(낮06~18최대),고립,hol,1.7988472509340132,1.3346607852394123,2.42447479387986,0.00011539926350812024,643,643,59.0,0.054909233968414545
B1_특보없는날_파고(일최대),표류,wh_max[0-0.5],0.7288201166389193,0.5531054864712104,0.9603570664367588,0.02461567020145683,409,409,120.0,0.3471455638849988
B1_특보없는날_파고(일최대),표류,wh_max[1-1.5],1.1363179469492253,0.8783067197039874,1.4701225068550965,0.33079274088484123,409,409,96.0,0.2024054699728149
B1_특보없는날_파고(일최대),표류,wh_max[1.5-2],1.0437541144771432,0.6457457339593751,1.6870768077834526,0.8612357871595773,409,409,30.0,0.07356454403163358
B1_특보없는날_파고(일최대),표류,wh_max[2+],0.8738574513448804,0.35487045035549664,2.1518468063655223,0.7693174727528127,409,409,5.0,0.013098278276629047
B1_특보없는날_파고(일최대),표류,dow1,1.0682046147935433,0.6990722714377744,1.6322505493164734,0.7603564413352151,409,409,38.0,0.13823214432819836
B1_특보없는날_파고(일최대),표류,dow2,0.8205565005553432,0.49824918579101873,1.3513578944131772,0.43715586138985274,409,409,30.0,0.1427629953043908
B1_특보없는날_파고(일최대),표류,dow3,0.9654781680691624,0.5965706287093235,1.562510871570868,0.8862665407694255,409,409,35.0,0.14638767608534475
B1_특보없는날_파고(일최대),표류,dow4,1.2723028544737618,0.8080105852030979,2.003382855554051,0.29848838536977795,409,409,47.0,0.14770574182387347
B1_특보없는날_파고(일최대),표류,dow5,3.3667601169088126,2.284417301610019,4.961910276558959,8.523395322868055e-10,409,409,122.0,0.1383145234368564
B1_특보없는날_파고(일최대),표류,dow6,2.696939597149454,1.831915640626111,3.9704247452064605,4.959942396798311e-07,409,409,99.0,0.14210396243512646
B1_특보없는날_파고(일최대),표류,hol,1.6936118042999024,1.113839506081102,2.5751653878356158,0.013729348716616574,409,409,27.0,0.04217810363291869
B2_특보없는날_풍속(일최대),표류,ws_max[0-4],0.7729271145862916,0.5750477596001323,1.0388986210086484,0.08780678883478199,409,409,75.0,0.21888129170442375
B2_특보없는날_풍속(일최대),표류,ws_max[6-8],0.9173862480099835,0.697680412091706,1.206279427445373,0.5370184248184555,409,409,98.0,0.25479858307933106
B2_특보없는날_풍속(일최대),표류,ws_max[8-10],1.2112491983691718,0.8789421690973626,1.669193573971582,0.24145811948427953,409,409,62.0,0.12702858555070434
B2_특보없는날_풍속(일최대),표류,ws_max[10-12],1.3506526960488852,0.8632292064079508,2.1133004905327537,0.18815312358770475,409,409,28.0,0.04843891589093006
B2_특보없는날_풍속(일최대),표류,ws_max[12+],0.35848505771584366,0.04845469590841428,2.652199837316808,0.31503212610816655,409,409,1.0,0.0072493615619079
B2_특보없는날_풍속(일최대),표류,dow1,1.0649418277271405,0.6979858786419825,1.6248195431250787,0.770358323843295,409,409,38.0,0.13823214432819836
B2_특보없는날_풍속(일최대),표류,dow2,0.8257533568658607,0.501454030191722,1.359782882021184,0.451841032206846,409,409,30.0,0.1427629953043908
B2_특보없는날_풍속(일최대),표류,dow3,0.9585693324494498,0.5949358901952978,1.5444608070475527,0.8619671545907561,409,409,35.0,0.14638767608534475
B2_특보없는날_풍속(일최대),표류,dow4,1.2622318759362392,0.8027448080855736,1.9847270173308642,0.3132137329657534,409,409,47.0,0.14770574182387347
B2_특보없는날_풍속(일최대),표류,dow5,3.3558590204691954,2.271879587725538,4.957036379088672,1.1794065724046732e-09,409,409,122.0,0.1383145234368564
B2_특보없는날_풍속(일최대),표류,dow6,2.6918091885826003,1.8304213844261088,3.9585620936184056,4.844672183423882e-07,409,409,99.0,0.14210396243512646
B2_특보없는날_풍속(일최대),표류,hol,1.69402112956361,1.109178676814443,2.5872365268053645,0.014704368729810513,409,409,27.0,0.04217810363291869
B3_특보없는날_파고+풍속동시,표류,wh_max[0-0.5],0.7535445364135909,0.5630234314023304,1.0085359448442013,0.05706106952473311,409,409,120.0,0.3471455638849988
B3_특보없는날_파고+풍속동시,표류,wh_max[1-1.5],1.084969087222757,0.8130021340557113,1.4479149204155932,0.5796465157920632,409,409,96.0,0.2024054699728149
B3_특보없는날_파고+풍속동시,표류,wh_max[1.5-2],0.9561081825666773,0.5613370821370914,1.6285096528643372,0.8687926570747015,409,409,30.0,0.07356454403163358
B3_특보없는날_파고+풍속동시,표류,wh_max[2+],0.9042016354538461,0.32822120705596924,2.490943851224073,0.845569413772961,409,409,5.0,0.013098278276629047
B3_특보없는날_파고+풍속동시,표류,ws_max[0-4],0.8195202145553396,0.6095032272467025,1.1019029137855372,0.1876344231174345,409,409,75.0,0.21888129170442375
B3_특보없는날_파고+풍속동시,표류,ws_max[6-8],0.8560099338437791,0.6406347905212685,1.1437920913458481,0.2930616818904146,409,409,98.0,0.25479858307933106
B3_특보없는날_파고+풍속동시,표류,ws_max[8-10],1.0780228668400411,0.742176942088097,1.5658439861529336,0.6932379531330699,409,409,62.0,0.12702858555070434
B3_특보없는날_파고+풍속동시,표류,ws_max[10-12],1.2077534631951516,0.7040234877873168,2.071903073069831,0.4930222095208743,409,409,28.0,0.04843891589093006
B3_특보없는날_파고+풍속동시,표류,ws_max[12+],0.3311193448327586,0.03892599616589274,2.816627224007763,0.3115748156727476,409,409,1.0,0.0072493615619079
B3_특보없는날_파고+풍속동시,표류,dow1,1.0710115117127812,0.7012411788915446,1.635764830631409,0.7508651629726628,409,409,38.0,0.13823214432819836
B3_특보없는날_파고+풍속동시,표류,dow2,0.8209540687664081,0.4984472131716634,1.3521303063078998,0.4383593547302749,409,409,30.0,0.1427629953043908
B3_특보없는날_파고+풍속동시,표류,dow3,0.9653293408605069,0.5976124111877983,1.5593061972626028,0.8853216623886249,409,409,35.0,0.14638767608534475
B3_특보없는날_파고+풍속동시,표류,dow4,1.264696057753948,0.8060740485375352,1.9842545748747031,0.3068336246324064,409,409,47.0,0.14770574182387347
B3_특보없는날_파고+풍속동시,표류,dow5,3.3602628206684635,2.2787489855279803,4.955072408447215,9.5723429183181e-10,409,409,122.0,0.1383145234368564
B3_특보없는날_파고+풍속동시,표류,dow6,2.6923220529925356,1.8339276676444896,3.9524994169154426,4.2831363566975256e-07,409,409,99.0,0.14210396243512646
B3_특보없는날_파고+풍속동시,표류,hol,1.705101612424066,1.1178126348025856,2.6009470801916765,0.013250169756110708,409,409,27.0,0.04217810363291869
B4_특보없는날_파고연속(1m당),표류,wh_per1m,1.3251399486505289,1.0428057120260348,1.6839147151369707,0.02128606020290258,409,409,,
B4_특보없는날_파고연속(1m당),표류,dow1,1.0660930539112765,0.6977004116521932,1.629000614900668,0.7673251171855533,409,409,38.0,0.13823214432819836
B4_특보없는날_파고연속(1m당),표류,dow2,0.8290897204887046,0.5041208685711476,1.363541577971842,0.4602791898773593,409,409,30.0,0.1427629953043908
B4_특보없는날_파고연속(1m당),표류,dow3,0.9630033799364053,0.5977060575650606,1.551557823500886,0.8768869097670591,409,409,35.0,0.14638767608534475
B4_특보없는날_파고연속(1m당),표류,dow4,1.282745508358739,0.8158377646273302,2.016866723454687,0.28083211403865205,409,409,47.0,0.14770574182387347
B4_특보없는날_파고연속(1m당),표류,dow5,3.3901955924495573,2.3051836083841146,4.985904859492323,5.5147819644219e-10,409,409,122.0,0.1383145234368564
B4_특보없는날_파고연속(1m당),표류,dow6,2.6968146260534525,1.8326940432081444,3.9683705822302535,4.809682465634069e-07,409,409,99.0,0.14210396243512646
B4_특보없는날_파고연속(1m당),표류,hol,1.7002712109671503,1.1187584457418256,2.584045020484103,0.012937593424378946,409,409,27.0,0.04217810363291869
B5_특보없는날_풍속연속(1m/s당),표류,ws_per1ms,1.0437785740353565,0.9954868358275495,1.0944129770531834,0.0762549198284197,409,409,,
B5_특보없는날_풍속연속(1m/s당),표류,dow1,1.0634170311878068,0.6962693043211386,1.6241643502047978,0.7759771237359603,409,409,38.0,0.13823214432819836
B5_특보없는날_풍속연속(1m/s당),표류,dow2,0.8282628434312214,0.5024263278505503,1.3654127974217796,0.4600284531061858,409,409,30.0,0.1427629953043908
B5_특보없는날_풍속연속(1m/s당),표류,dow3,0.957988006252625,0.5931863700657185,1.5471377402387112,0.8606844468603745,409,409,35.0,0.14638767608534475
B5_특보없는날_풍속연속(1m/s당),표류,dow4,1.2703704182904854,0.8059239062450226,2.002473170434643,0.3026820933694867,409,409,47.0,0.14770574182387347
B5_특보없는날_풍속연속(1m/s당),표류,dow5,3.355496341224508,2.2727923787021314,4.953974591555374,1.126046811350534e-09,409,409,122.0,0.1383145234368564
B5_특보없는날_풍속연속(1m/s당),표류,dow6,2.6902269383099067,1.825292408578597,3.965020040402286,5.71471498345133e-07,409,409,99.0,0.14210396243512646
B5_특보없는날_풍속연속(1m/s당),표류,hol,1.6869399815479338,1.1079035952707446,2.568604807758122,0.014781715284325259,409,409,27.0,0.04217810363291869
B6_특보없는날_해안AWS풍속(일최대),표류,aws_ws[0-3],0.5593025442823165,0.39118386736316374,0.7996734071608842,0.0014446265517431556,398,398,45.0,0.18788291354663036
B6_특보없는날_해안AWS풍속(일최대),표류,aws_ws[5-7],1.2997834616929145,1.007270480885393,1.6772426863987886,0.043832308002215825,398,398,101.0,0.22353641933287952
B6_특보없는날_해안AWS풍속(일최대),표류,aws_ws[7-9],2.0643578107360394,1.3746102575353591,3.1002046924833686,0.00047665610203928566,398,398,46.0,0.07462559564329475
B6_특보없는날_해안AWS풍속(일최대),표류,aws_ws[9-11],2.091647008336009,0.9497623110161637,4.6064022089907075,0.06694574194400449,398,398,11.0,0.022208985704560927
B6_특보없는날_해안AWS풍속(일최대),표류,aws_ws[11+],1.6103158272377338,0.45655428428493433,5.679756280271789,0.45879482770717606,398,398,3.0,0.006977535738597686
B6_특보없는날_해안AWS풍속(일최대),표류,dow1,1.0529535825177754,0.6721321182061177,1.6495436193349973,0.8217506171965705,398,398,36.0,0.1378488767869299
B6_특보없는날_해안AWS풍속(일최대),표류,dow2,0.8682012047330238,0.5241506202567281,1.438085357088153,0.5830591294960203,398,398,30.0,0.14218856364874063
B6_특보없는날_해안AWS풍속(일최대),표류,dow3,1.005688677921202,0.6155150014912041,1.6431926345394663,0.9819330704116807,398,398,35.0,0.1474642614023145
B6_특보없는날_해안AWS풍속(일최대),표류,dow4,1.3694836390905443,0.8605834661177786,2.1793184642476073,0.18465498154793725,398,398,49.0,0.14857045609258
B6_특보없는날_해안AWS풍속(일최대),표류,dow5,3.336042451381847,2.23370833114716,4.982377995477243,3.934268022476317e-09,398,398,115.0,0.13801906058543226
B6_특보없는날_해안AWS풍속(일최대),표류,dow6,2.7196654414526553,1.8174964441341461,4.069653141442922,1.1422085837153872e-06,398,398,97.0,0.1417631041524847
B6_특보없는날_해안AWS풍속(일최대),표류,hol,1.7441645764507476,1.1297688059799211,2.692683718689682,0.012049436010059367,398,398,26.0,0.041354663036078966
B7_특보없는날_파고(낮06~18최대),표류,wh_day_max[0-0.5],0.748533418187109,0.5816405134903899,0.9633137051965944,0.024423558810472867,409,409,147.0,0.40703517587939697
B7_특보없는날_파고(낮06~18최대),표류,wh_day_max[1-1.5],0.9122678488097232,0.668443194865221,1.245031192425744,0.5627807677008296,409,409,71.0,0.17497322678968613
B7_특보없는날_파고(낮06~18최대),표류,wh_day_max[1.5-2],1.063446000908049,0.6655030594844823,1.699342145358976,0.7970044764526418,409,409,24.0,0.05362879973638685
B7_특보없는날_파고(낮06~18최대),표류,wh_day_max[2+],0.946333595587068,0.3297263924510494,2.7160315177672643,0.9183260587062865,409,409,4.0,0.009144081061042919
B7_특보없는날_파고(낮06~18최대),표류,dow1,1.0656000744776113,0.6963510215147416,1.630648169735833,0.769736165711518,409,409,38.0,0.13823214432819836
B7_특보없는날_파고(낮06~18최대),표류,dow2,0.8164854275084199,0.4962196581804958,1.343454339914763,0.42488650246922943,409,409,30.0,0.1427629953043908
B7_특보없는날_파고(낮06~18최대),표류,dow3,0.9582115443526819,0.5935980722152953,1.546786296498847,0.8613021868444046,409,409,35.0,0.14638767608534475
B7_특보없는날_파고(낮06~18최대),표류,dow4,1.2611813956649278,0.8029497479492479,1.9809191258029648,0.31378237738818493,409,409,47.0,0.14770574182387347
B7_특보없는날_파고(낮06~18최대),표류,dow5,3.351398004880353,2.2756815932554284,4.935606378504163,9.156315705638463e-10,409,409,122.0,0.1383145234368564
B7_특보없는날_파고(낮06~18최대),표류,dow6,2.6750093367697896,1.8157822369947556,3.9408222010413994,6.434007535638386e-07,409,409,99.0,0.14210396243512646
B7_특보없는날_파고(낮06~18최대),표류,hol,1.6978163305869731,1.1179475548264257,2.5784575313601072,0.013028598080334852,409,409,27.0,0.04217810363291869
B1_특보없는날_파고(일최대),변사,wh_max[0-0.5],0.9797023706500537,0.6829932449017793,1.4053092650943653,0.9112913303714856,217,217,105.0,0.4986910994764398
B1_특보없는날_파고(일최대),변사,wh_max[1-1.5],1.1624331317284995,0.7446735177474176,1.814554638424045,0.5076761142288948,217,217,35.0,0.13923429319371727
B1_특보없는날_파고(일최대),변사,wh_max[1.5-2],0.8039267396661014,0.3299107995767816,1.9590089308360203,0.6310396502530553,217,217,8.0,0.04319371727748691
B1_특보없는날_파고(일최대),변사,wh_max[2+],1.309867385970109,0.2859574808970709,6.000026869189495,0.7281090887811075,217,217,2.0,0.007198952879581152
B1_특보없는날_파고(일최대),변사,dow1,0.8099776468830411,0.5039948305480799,1.3017272175921684,0.38395038881706944,217,217,28.0,0.13743455497382198
B1_특보없는날_파고(일최대),변사,dow2,0.6387176166339738,0.38241235901580173,1.0668070322008771,0.08673103269445326,217,217,23.0,0.14234293193717276
B1_특보없는날_파고(일최대),변사,dow3,0.8894109200113077,0.5443818705361414,1.4531192669151223,0.6398444860929366,217,217,33.0,0.14463350785340315
B1_특보없는날_파고(일최대),변사,dow4,1.0828438276836656,0.678454245142572,1.728267990874181,0.7386326582953116,217,217,41.0,0.14463350785340315
B1_특보없는날_파고(일최대),변사,dow5,0.769617391538435,0.4583515153174733,1.292263491150816,0.322009518100697,217,217,29.0,0.14528795811518325
B1_특보없는날_파고(일최대),변사,dow6,0.710371322893354,0.42579684021722697,1.1851365926807025,0.190351326401347,217,217,27.0,0.14512434554973822
B1_특보없는날_파고(일최대),변사,hol,0.5365180142186243,0.20632413733789293,1.3951425329828822,0.20158864419679068,217,217,6.0,0.050229057591623036
B2_특보없는날_풍속(일최대),변사,ws_max[0-4],0.8774510154006709,0.6035322135798591,1.275690455461982,0.4935175254053261,217,217,39.0,0.18586387434554974
B2_특보없는날_풍속(일최대),변사,ws_max[6-8],0.9387465701810023,0.647280295362343,1.36145828838074,0.7389455612462301,217,217,58.0,0.2567081151832461
B2_특보없는날_풍속(일최대),변사,ws_max[8-10],0.7487183791074558,0.47392430323374757,1.182845461581675,0.21486376056823442,217,217,31.0,0.1667212041884817
B2_특보없는날_풍속(일최대),변사,ws_max[10-12],0.5689066952786705,0.2746007092023677,1.1786379899491808,0.12908106754359827,217,217,9.0,0.06282722513089005
B2_특보없는날_풍속(일최대),변사,ws_max[12+],1.004126396112454,0.30464402706227356,3.309665477746853,0.9946008253204357,217,217,3.0,0.011780104712041885
B2_특보없는날_풍속(일최대),변사,dow1,0.8029313047819925,0.4992463229846819,1.2913438727894127,0.36528218824337966,217,217,28.0,0.13743455497382198
B2_특보없는날_풍속(일최대),변사,dow2,0.6353203363224021,0.3810093031516248,1.0593755228705861,0.08205316967678478,217,217,23.0,0.14234293193717276
B2_특보없는날_풍속(일최대),변사,dow3,0.8777691861714945,0.5357871929387312,1.4380312824690347,0.6047135512097987,217,217,33.0,0.14463350785340315
B2_특보없는날_풍속(일최대),변사,dow4,1.0916694753595402,0.6854229876988363,1.7386960531230473,0.7118629976323736,217,217,41.0,0.14463350785340315
B2_특보없는날_풍속(일최대),변사,dow5,0.762476017305979,0.4556546339526858,1.2758998452919403,0.30188069680049057,217,217,29.0,0.14528795811518325
B2_특보없는날_풍속(일최대),변사,dow6,0.7062078427474366,0.4245042997414273,1.174851509070162,0.18041507660206046,217,217,27.0,0.14512434554973822
B2_특보없는날_풍속(일최대),변사,hol,0.532047569058517,0.20490877597128715,1.3814665301633704,0.19490251823906757,217,217,6.0,0.050229057591623036
B3_특보없는날_파고+풍속동시,변사,wh_max[0-0.5],0.7977345950465845,0.5284294122356405,1.2042866452905907,0.28219784976239337,217,217,105.0,0.4986910994764398
B3_특보없는날_파고+풍속동시,변사,wh_max[1-1.5],1.3245277265570727,0.8366877383895529,2.0968081853275944,0.23044612552726873,217,217,35.0,0.13923429319371727
B3_특보없는날_파고+풍속동시,변사,wh_max[1.5-2],1.0267142635490258,0.41036343244001433,2.568801446822652,0.9550668360159975,217,217,8.0,0.04319371727748691
B3_특보없는날_파고+풍속동시,변사,wh_max[2+],1.730661861920388,0.37056576860964013,8.082750037985633,0.48546519259987475,217,217,2.0,0.007198952879581152
B3_특보없는날_파고+풍속동시,변사,ws_max[0-4],0.8998345678984091,0.6160614507664083,1.3143205902229564,0.5850531354849542,217,217,39.0,0.18586387434554974
B3_특보없는날_파고+풍속동시,변사,ws_max[6-8],0.8656410198410662,0.5975211027840747,1.2540718172798446,0.4455129554749995,217,217,58.0,0.2567081151832461
B3_특보없는날_파고+풍속동시,변사,ws_max[8-10],0.6145342345294583,0.3672396264072994,1.0283539636048407,0.06380209074969168,217,217,31.0,0.1667212041884817
B3_특보없는날_파고+풍속동시,변사,ws_max[10-12],0.4488595288707374,0.21061032682345482,0.9566239210432814,0.037999330103148043,217,217,9.0,0.06282722513089005
B3_특보없는날_파고+풍속동시,변사,ws_max[12+],0.715057103440422,0.19786979005626906,2.5840562171476704,0.6088817915914582,217,217,3.0,0.011780104712041885
B3_특보없는날_파고+풍속동시,변사,dow1,0.8034892774276678,0.4999666717978823,1.2912761097048195,0.3660475213944654,217,217,28.0,0.13743455497382198
B3_특보없는날_파고+풍속동시,변사,dow2,0.6218062110190113,0.3719522686769249,1.039496184381805,0.06994746170447841,217,217,23.0,0.14234293193717276
B3_특보없는날_파고+풍속동시,변사,dow3,0.8734949786287405,0.5327987235088132,1.4320482464087638,0.5917915827072484,217,217,33.0,0.14463350785340315
B3_특보없는날_파고+풍속동시,변사,dow4,1.076185501062156,0.6747514141822293,1.7164472846641814,0.7578802670122755,217,217,41.0,0.14463350785340315
B3_특보없는날_파고+풍속동시,변사,dow5,0.7483315309232088,0.44625980177241065,1.2548745774316223,0.2716839979765133,217,217,29.0,0.14528795811518325
B3_특보없는날_파고+풍속동시,변사,dow6,0.6981061036237791,0.41944937602074167,1.1618854616979457,0.16675293939711144,217,217,27.0,0.14512434554973822
B3_특보없는날_파고+풍속동시,변사,hol,0.5391956309905349,0.2075675487583612,1.4006617615248482,0.2047282516858835,217,217,6.0,0.050229057591623036
B4_특보없는날_파고연속(1m당),변사,wh_per1m,0.9936321093126866,0.6608376376612324,1.4940201834619238,0.9755093628270619,217,217,,
B4_특보없는날_파고연속(1m당),변사,dow1,0.8060356789349808,0.5017364295566095,1.2948900606844864,0.37264838878119977,217,217,28.0,0.13743455497382198
B4_특보없는날_파고연속(1m당),변사,dow2,0.6422501217629129,0.38548861250843297,1.0700321761007996,0.08911201829732929,217,217,23.0,0.14234293193717276
B4_특보없는날_파고연속(1m당),변사,dow3,0.8857903401529614,0.5422394276306884,1.4470075149951944,0.6281472408286792,217,217,33.0,0.14463350785340315
B4_특보없는날_파고연속(1m당),변사,dow4,1.0862405502682617,0.6815730298059657,1.731169634724253,0.7279327770412163,217,217,41.0,0.14463350785340315
B4_특보없는날_파고연속(1m당),변사,dow5,0.7711150883870638,0.45920954340844644,1.2948739591182723,0.3256841615577146,217,217,29.0,0.14528795811518325
B4_특보없는날_파고연속(1m당),변사,dow6,0.7120867266937194,0.42738061320240195,1.1864541597567395,0.19236406973640552,217,217,27.0,0.14512434554973822
B4_특보없는날_파고연속(1m당),변사,hol,0.5357567551649761,0.20631073618401083,1.3912766054447805,0.1999240457948619,217,217,6.0,0.050229057591623036
B5_특보없는날_풍속연속(1m/s당),변사,ws_per1ms,0.9699875491735085,0.9104925487882024,1.0333701761797667,0.34539294814095234,217,217,,
B5_특보없는날_풍속연속(1m/s당),변사,dow1,0.8066394113802271,0.5019079402566187,1.2963874204882315,0.3747205547491377,217,217,28.0,0.13743455497382198
B5_특보없는날_풍속연속(1m/s당),변사,dow2,0.6412430392750397,0.3846830373656936,1.068912833366748,0.0883099459942378,217,217,23.0,0.14234293193717276
B5_특보없는날_풍속연속(1m/s당),변사,dow3,0.8844870973441655,0.541258527240851,1.4453673909883533,0.6242196692311084,217,217,33.0,0.14463350785340315
B5_특보없는날_풍속연속(1m/s당),변사,dow4,1.0908468516963183,0.6853468047382291,1.7362696457164841,0.7138525057539973,217,217,41.0,0.14463350785340315
B5_특보없는날_풍속연속(1m/s당),변사,dow5,0.7694923788605819,0.45889727190173213,1.2903073462840566,0.3204449622549279,217,217,29.0,0.14528795811518325
B5_특보없는날_풍속연속(1m/s당),변사,dow6,0.7146126916301406,0.42907075388612925,1.190179695105486,0.19668661747158023,217,217,27.0,0.14512434554973822
B5_특보없는날_풍속연속(1m/s당),변사,hol,0.5379247742993327,0.20758674388013343,1.3939380588390295,0.20184288436055287,217,217,6.0,0.050229057591623036
B6_특보없는날_해안AWS풍속(일최대),변사,aws_ws[0-3],1.0094685526693667,0.6578694400975004,1.5489802333383351,0.9655905308238504,202,202,36.0,0.171459189140918
B6_특보없는날_해안AWS풍속(일최대),변사,aws_ws[5-7],0.98540890168583,0.6616580443286991,1.467571824819051,0.9423400040845045,202,202,46.0,0.2248615824254331
B6_특보없는날_해안AWS풍속(일최대),변사,aws_ws[7-9],0.5988211904134064,0.28262406302307036,1.26877667192428,0.18070478582766336,202,202,10.0,0.07197713877478121
B6_특보없는날_해안AWS풍속(일최대),변사,aws_ws[9-11],1.4321965210409355,0.5728264677977184,3.5808172111315435,0.44231278731208756,202,202,8.0,0.023932845150919806
B6_특보없는날_해안AWS풍속(일최대),변사,aws_ws[11+],0.2600089853037943,0.02187351824269071,3.0907086682911458,0.2861720556714058,202,202,1.0,0.01357385247365601
B6_특보없는날_해안AWS풍속(일최대),변사,dow1,0.7638673686370036,0.4650421196359392,1.2547107718440877,0.28740123957548414,202,202,26.0,0.13627433470262548
B6_특보없는날_해안AWS풍속(일최대),변사,dow2,0.5552250756762301,0.32116370165607844,0.9598683882084376,0.03514788014696624,202,202,20.0,0.1427040542954099
B6_특보없는날_해안AWS풍속(일최대),변사,dow3,0.7261123053299524,0.43502371274591334,1.2119777945519155,0.22077638746560302,202,202,27.0,0.14556170744775854
B6_특보없는날_해안AWS풍속(일최대),변사,dow4,1.075156037727229,0.6699729733466175,1.7253837862848622,0.7639548395407005,202,202,40.0,0.14484729415967137
B6_특보없는날_해안AWS풍속(일최대),변사,dow5,0.6408275695356899,0.36698714217584577,1.1190037107083368,0.11766439426083286,202,202,24.0,0.14645472405786747
B6_특보없는날_해안AWS풍속(일최대),변사,dow6,0.814751550944553,0.4857774357365392,1.3665107535512961,0.43745869695338646,202,202,30.0,0.14341846758349705
B6_특보없는날_해안AWS풍속(일최대),변사,hol,0.4778212684721384,0.16435008638255327,1.3891879805458998,0.17500327977416985,202,202,5.0,0.050544740132166456
B7_특보없는날_파고(낮06~18최대),변사,wh_day_max[0-0.5],1.0412623555625216,0.7201947432735107,1.5054640473817658,0.8297954089407267,217,217,121.0,0.5544829842931938
B7_특보없는날_파고(낮06~18최대),변사,wh_day_max[1-1.5],0.9263141244480553,0.5659911355520949,1.516027024548673,0.7607242313729208,217,217,23.0,0.11043848167539266
B7_특보없는날_파고(낮06~18최대),변사,wh_day_max[1.5-2],0.7905960404556259,0.3275419749048349,1.9082809138148338,0.6012229243729084,217,217,6.0,0.030595549738219895
B7_특보없는날_파고(낮06~18최대),변사,wh_day_max[2+],2.0045238506946252,0.4118737448592871,9.755697997638476,0.389059966302185,217,217,2.0,0.004744764397905759
B7_특보없는날_파고(낮06~18최대),변사,dow1,0.8129816784870139,0.5072985644705666,1.3028603978908162,0.389522690626539,217,217,28.0,0.13743455497382198
B7_특보없는날_파고(낮06~18최대),변사,dow2,0.6444824711054905,0.38705491459763347,1.0731233215163496,0.09127434649633814,217,217,23.0,0.14234293193717276
B7_특보없는날_파고(낮06~18최대),변사,dow3,0.8898781948678886,0.5454080172839211,1.451909720074951,0.6404202375541708,217,217,33.0,0.14463350785340315
B7_특보없는날_파고(낮06~18최대),변사,dow4,1.0970974669543534,0.6883794883374666,1.7484873857943923,0.6967635195129835,217,217,41.0,0.14463350785340315
B7_특보없는날_파고(낮06~18최대),변사,dow5,0.7780987761573539,0.46427135588049184,1.3040600023866595,0.3409303437772353,217,217,29.0,0.14528795811518325
B7_특보없는날_파고(낮06~18최대),변사,dow6,0.7185165700550386,0.43211975612140274,1.1947291326773168,0.20259428970209337,217,217,27.0,0.14512434554973822
B7_특보없는날_파고(낮06~18최대),변사,hol,0.5287699355800797,0.20324905895830064,1.3756405378030556,0.19147390072205428,217,217,6.0,0.050229057591623036
B1_특보없는날_파고(일최대),사망·실종,wh_max[0-0.5],1.1587878573630983,0.929505969266418,1.4446268692947852,0.19015019954210466,610,610,299.0,0.4793254146122815
B1_특보없는날_파고(일최대),사망·실종,wh_max[1-1.5],1.3305356182655306,1.0227268759949006,1.7309851466952788,0.03338636630894776,610,610,98.0,0.13990363065889735
B1_특보없는날_파고(일최대),사망·실종,wh_max[1.5-2],1.2106371149917179,0.7905927320318294,1.8538523879782682,0.379288066076209,610,610,31.0,0.04796055580457194
B1_특보없는날_파고(일최대),사망·실종,wh_max[2+],1.3011096688685932,0.5531829097245723,3.060265132316221,0.5463764752247893,610,610,6.0,0.010029134917077544
B1_특보없는날_파고(일최대),사망·실종,dow1,1.1221873089365453,0.8427607137946418,1.4942608687441783,0.43007813633829284,610,610,87.0,0.13738233975795608
B1_특보없는날_파고(일최대),사망·실종,dow2,0.833448728211864,0.6097100688385952,1.1392903251231374,0.2533175655666655,610,610,67.0,0.1432653518601524
B1_특보없는날_파고(일최대),사망·실종,dow3,0.9698199466664911,0.7115776270769154,1.321782323055711,0.8461848048683684,610,610,80.0,0.14595472882115643
B1_특보없는날_파고(일최대),사망·실종,dow4,1.1625163902177567,0.8621630814331873,1.5675043232869539,0.32341583711956634,610,610,94.0,0.14276109367996415
B1_특보없는날_파고(일최대),사망·실종,dow5,1.0924927756212517,0.8078476892812769,1.4774325415803216,0.5656825310290639,610,610,90.0,0.1443859255939041
B1_특보없는날_파고(일최대),사망·실종,dow6,1.3469038040620833,1.0036073753756267,1.807629060834589,0.04725707098037901,610,610,111.0,0.1432653518601524
B1_특보없는날_파고(일최대),사망·실종,hol,1.1287355092739606,0.7840645963642623,1.6249220482645657,0.5147763679241946,610,610,33.0,0.0502017032720753
B2_특보없는날_풍속(일최대),사망·실종,ws_max[0-4],0.9303701413383535,0.724315867288978,1.195042990199477,0.5720517724083447,610,610,98.0,0.16909457642312864
B2_특보없는날_풍속(일최대),사망·실종,ws_max[6-8],1.0217198971028092,0.8219147575876016,1.270097097659805,0.8465367775902153,610,610,176.0,0.27235544598834605
B2_특보없는날_풍속(일최대),사망·실종,ws_max[8-10],0.8958182156824129,0.6918841685057999,1.1598621735795578,0.4038517579660681,610,610,104.0,0.17817122366651725
B2_특보없는날_풍속(일최대),사망·실종,ws_max[10-12],0.7600174761996125,0.5082726079784841,1.136450312414397,0.18126755978952058,610,610,33.0,0.06695428059166293
B2_특보없는날_풍속(일최대),사망·실종,ws_max[12+],0.8389899607940069,0.4040727740604874,1.7420232183417503,0.6376637525641773,610,610,8.0,0.013783056925145674
B2_특보없는날_풍속(일최대),사망·실종,dow1,1.1306281527528448,0.8487818760725706,1.5060642266683062,0.40132774888578315,610,610,87.0,0.13738233975795608
B2_특보없는날_풍속(일최대),사망·실종,dow2,0.8323672225026686,0.6089769348773146,1.1377035047089044,0.24980590561860883,610,610,67.0,0.1432653518601524
B2_특보없는날_풍속(일최대),사망·실종,dow3,0.9699532066936926,0.7105102352136807,1.324131837302014,0.8476621274676459,610,610,80.0,0.14595472882115643
B2_특보없는날_풍속(일최대),사망·실종,dow4,1.1691693774007663,0.866841640764735,1.576939741664642,0.30589490754637105,610,610,94.0,0.14276109367996415
B2_특보없는날_풍속(일최대),사망·실종,dow5,1.094269040847309,0.8090542337704054,1.4800302424431744,0.5587396352384675,610,610,90.0,0.1443859255939041
B2_특보없는날_풍속(일최대),사망·실종,dow6,1.3544727694139418,1.0090898197705396,1.8180705494591636,0.043357406099741036,610,610,111.0,0.1432653518601524
B2_특보없는날_풍속(일최대),사망·실종,hol,1.1229739213600203,0.7792407189177474,1.6183323040486712,0.5338822931834943,610,610,33.0,0.0502017032720753
B3_특보없는날_파고+풍속동시,사망·실종,wh_max[0-0.5],1.0563090998681053,0.8266092089593429,1.3498384755099522,0.6614717910303711,610,610,299.0,0.4793254146122815
B3_특보없는날_파고+풍속동시,사망·실종,wh_max[1-1.5],1.4498507130969789,1.0948620357578767,1.9199378749238865,0.009527605365972747,610,610,98.0,0.13990363065889735
B3_특보없는날_파고+풍속동시,사망·실종,wh_max[1.5-2],1.4558187572881656,0.9229828554774814,2.2962596125099606,0.10624534224807469,610,610,31.0,0.04796055580457194
B3_특보없는날_파고+풍속동시,사망·실종,wh_max[2+],1.716418823551129,0.7176960232970344,4.104932286382943,0.22460579954962068,610,610,6.0,0.010029134917077544
B3_특보없는날_파고+풍속동시,사망·실종,ws_max[0-4],0.933391902768279,0.7251765279323963,1.2013908484288491,0.5924754652538171,610,610,98.0,0.16909457642312864
B3_특보없는날_파고+풍속동시,사망·실종,ws_max[6-8],1.0027092489916878,0.8049289834081741,1.2490863899028346,0.9807437495895139,610,610,176.0,0.27235544598834605
B3_특보없는날_파고+풍속동시,사망·실종,ws_max[8-10],0.8229597682075898,0.6108786821057465,1.108669855287325,0.200013903493369,610,610,104.0,0.17817122366651725
B3_특보없는날_파고+풍속동시,사망·실종,ws_max[10-12],0.648847723152665,0.41463221493999775,1.015365793276149,0.058323696453650875,610,610,33.0,0.06695428059166293
B3_특보없는날_파고+풍속동시,사망·실종,ws_max[12+],0.6308906393350849,0.29158480805008485,1.365033389298748,0.24209866009251169,610,610,8.0,0.013783056925145674
B3_특보없는날_파고+풍속동시,사망·실종,dow1,1.122652144764135,0.8427513224566832,1.4955157050000283,0.4291084197509174,610,610,87.0,0.13738233975795608
B3_특보없는날_파고+풍속동시,사망·실종,dow2,0.8280305062742163,0.6052285102808812,1.1328523155700942,0.23800206505592958,610,610,67.0,0.1432653518601524
B3_특보없는날_파고+풍속동시,사망·실종,dow3,0.9698382888500949,0.7100502595769221,1.32467567447989,0.8473340776705869,610,610,80.0,0.14595472882115643
B3_특보없는날_파고+풍속동시,사망·실종,dow4,1.1669815965274692,0.8650899478339933,1.5742247959805593,0.3119697405493336,610,610,94.0,0.14276109367996415
B3_특보없는날_파고+풍속동시,사망·실종,dow5,1.089821482767047,0.805551441579154,1.4744072234198333,0.5769886457310585,610,610,90.0,0.1443859255939041
B3_특보없는날_파고+풍속동시,사망·실종,dow6,1.3522038561585985,1.006947988272162,1.8158388416343718,0.044852765256111704,610,610,111.0,0.1432653518601524
B3_특보없는날_파고+풍속동시,사망·실종,hol,1.1257542253736184,0.7813469670439025,1.6219715816409472,0.5249406255754874,610,610,33.0,0.0502017032720753
B4_특보없는날_파고연속(1m당),사망·실종,wh_per1m,1.0494633250501824,0.8317420451101882,1.3241765005152237,0.6840258278412401,610,610,,
B4_특보없는날_파고연속(1m당),사망·실종,dow1,1.1309546560848598,0.8491729197018137,1.506240253833299,0.3999387716936038,610,610,87.0,0.13738233975795608
B4_특보없는날_파고연속(1m당),사망·실종,dow2,0.836170644361204,0.6118110494525983,1.1428060135837774,0.26163782758744647,610,610,67.0,0.1432653518601524
B4_특보없는날_파고연속(1m당),사망·실종,dow3,0.97160020092231,0.7125372616997564,1.324852749707919,0.8555096028944651,610,610,80.0,0.14595472882115643
B4_특보없는날_파고연속(1m당),사망·실종,dow4,1.1657453707370395,0.8644538199574126,1.572047271954663,0.3147780626043084,610,610,94.0,0.14276109367996415
B4_특보없는날_파고연속(1m당),사망·실종,dow5,1.0953633461668333,0.809943827505528,1.4813630518316565,0.5542545551745075,610,610,90.0,0.1443859255939041
B4_특보없는날_파고연속(1m당),사망·실종,dow6,1.3496143697218226,1.0058392380402115,1.810884759783863,0.04562832208618861,610,610,111.0,0.1432653518601524
B4_특보없는날_파고연속(1m당),사망·실종,hol,1.1275852006333427,0.7835998845042502,1.622573471270642,0.5178319032656566,610,610,33.0,0.0502017032720753
B5_특보없는날_풍속연속(1m/s당),사망·실종,ws_per1ms,0.9838700551653234,0.9469245059060892,1.0222570853467992,0.4049948399292491,610,610,,
B5_특보없는날_풍속연속(1m/s당),사망·실종,dow1,1.1320513690206704,0.8501456654639614,1.5074361420194762,0.3959478464279018,610,610,87.0,0.13738233975795608
B5_특보없는날_풍속연속(1m/s당),사망·실종,dow2,0.835010063010378,0.6111101144633277,1.1409429967312974,0.2575833424699945,610,610,67.0,0.1432653518601524
B5_특보없는날_풍속연속(1m/s당),사망·실종,dow3,0.968008463235003,0.709651883310125,1.3204226000554362,0.8373639367893406,610,610,80.0,0.14595472882115643
B5_특보없는날_풍속연속(1m/s당),사망·실종,dow4,1.1653984543215796,0.8643369196000719,1.5713242446748008,0.3154552750370123,610,610,94.0,0.14276109367996415
B5_특보없는날_풍속연속(1m/s당),사망·실종,dow5,1.095945775822815,0.8103445391337875,1.4822055132595537,0.5519935966835354,610,610,90.0,0.1443859255939041
B5_특보없는날_풍속연속(1m/s당),사망·실종,dow6,1.353147554614804,1.0086741721487857,1.8152624059555464,0.0436310287521251,610,610,111.0,0.1432653518601524
B5_특보없는날_풍속연속(1m/s당),사망·실종,hol,1.1276432104193896,0.783538420135744,1.6228677207489755,0.5178019693206968,610,610,33.0,0.0502017032720753
B6_특보없는날_해안AWS풍속(일최대),사망·실종,aws_ws[0-3],0.944645212316135,0.7261508475648804,1.2288831998809522,0.6713440765457608,556,556,83.0,0.15876543209876542
B6_특보없는날_해안AWS풍속(일최대),사망·실종,aws_ws[5-7],0.979093197563417,0.7778481656750305,1.2324043840651675,0.8571711196958725,556,556,130.0,0.22950617283950617
B6_특보없는날_해안AWS풍속(일최대),사망·실종,aws_ws[7-9],0.9755139807072477,0.6696259978531709,1.421132885530475,0.8972434130280249,556,556,42.0,0.06987654320987655
B6_특보없는날_해안AWS풍속(일최대),사망·실종,aws_ws[9-11],0.6191499317954691,0.29978448228404275,1.2787407644372897,0.19513146188353514,556,556,9.0,0.02302469135802469
B6_특보없는날_해안AWS풍속(일최대),사망·실종,aws_ws[11+],0.5097765940820712,0.14407325488908151,1.8037502940707906,0.29598671921200226,556,556,4.0,0.011851851851851851
B6_특보없는날_해안AWS풍속(일최대),사망·실종,dow1,1.1069432770448244,0.8188289424580283,1.4964339376139513,0.5089084571742395,556,556,78.0,0.1361111111111111
B6_특보없는날_해안AWS풍속(일최대),사망·실종,dow2,0.795420826141293,0.5695347524369004,1.1108967239525813,0.17929001597550798,556,556,59.0,0.14320987654320988
B6_특보없는날_해안AWS풍속(일최대),사망·실종,dow3,0.9378266441607833,0.6788470323772993,1.2956067752374663,0.6970475802118727,556,556,71.0,0.14580246913580247
B6_특보없는날_해안AWS풍속(일최대),사망·실종,dow4,1.146245087953388,0.8346738540787376,1.5741211914532158,0.39901889597423423,556,556,85.0,0.14351851851851852
B6_특보없는날_해안AWS풍속(일최대),사망·실종,dow5,1.1010747259015634,0.8021868270663682,1.5113256801447066,0.5512416709576269,556,556,83.0,0.1456172839506173
B6_특보없는날_해안AWS풍속(일최대),사망·실종,dow6,1.425358891010062,1.0502385610235276,1.934463314888626,0.02293128003897338,556,556,106.0,0.14265432098765432
B6_특보없는날_해안AWS풍속(일최대),사망·실종,hol,1.051852590251222,0.7092431969930051,1.5599640240597425,0.8014957567171315,556,556,28.0,0.049506172839506174
B7_특보없는날_파고(낮06~18최대),사망·실종,wh_day_max[0-0.5],1.2253403370430969,0.9795007720647171,1.532881835733445,0.07528701596303211,610,610,338.0,0.5332250112057373
B7_특보없는날_파고(낮06~18최대),사망·실종,wh_day_max[1-1.5],1.2892024051985078,0.9694615149593517,1.7143979579625752,0.08068315911187485,610,610,80.0,0.11754818467055132
B7_특보없는날_파고(낮06~18최대),사망·실종,wh_day_max[1.5-2],1.0844359716699212,0.6730368704656828,1.7473060217904497,0.7390843319218874,610,610,21.0,0.036978933213805465
B7_특보없는날_파고(낮06~18최대),사망·실종,wh_day_max[2+],2.1759492729493246,0.9095949637068687,5.205344606519332,0.08062510059939987,610,610,6.0,0.0061631555356342444
B7_특보없는날_파고(낮06~18최대),사망·실종,dow1,1.1254041918583295,0.8455459141577991,1.497889793854452,0.41800527557389344,610,610,87.0,0.13738233975795608
B7_특보없는날_파고(낮06~18최대),사망·실종,dow2,0.8364999957899322,0.6121654343060928,1.1430443532796382,0.26240604444368687,610,610,67.0,0.1432653518601524
B7_특보없는날_파고(낮06~18최대),사망·실종,dow3,0.9712923970797045,0.7126089523055266,1.3238802537809793,0.8537436572633497,610,610,80.0,0.14595472882115643
B7_특보없는날_파고(낮06~18최대),사망·실종,dow4,1.1678262962399715,0.8660169456702735,1.5748170575738691,0.30914599758681716,610,610,94.0,0.14276109367996415
B7_특보없는날_파고(낮06~18최대),사망·실종,dow5,1.0996670503878603,0.8129564307722079,1.4874937646536388,0.537610281399379,610,610,90.0,0.1443859255939041
B7_특보없는날_파고(낮06~18최대),사망·실종,dow6,1.3536128231615554,1.0091018136857892,1.815741137492318,0.043335428518286534,610,610,111.0,0.1432653518601524
B7_특보없는날_파고(낮06~18최대),사망·실종,hol,1.1346579214228822,0.7878268055220213,1.6341771943068375,0.4973039179006862,610,610,33.0,0.0502017032720753
B1_특보없는날_파고(일최대),변사제외,wh_max[0-0.5],1.087860534959326,0.9782540103400855,1.2097477045972682,0.12012975034288509,2563,2563,1229.0,0.4686636258424672
B1_특보없는날_파고(일최대),변사제외,wh_max[1-1.5],1.0700001503186183,0.9402899921531713,1.2176034321711293,0.304798145343566,2563,2563,394.0,0.14880522840220572
B1_특보없는날_파고(일최대),변사제외,wh_max[1.5-2],1.0733219150679785,0.8738359001174758,1.3183481397483428,0.5000086659122434,2563,2563,138.0,0.05220232827285724
B1_특보없는날_파고(일최대),변사제외,wh_max[2+],0.9298294246121273,0.6001531857422023,1.440603464939206,0.7446490293773687,2563,2563,21.0,0.009285860167472258
B1_특보없는날_파고(일최대),변사제외,dow1,1.021116857174281,0.8687744982517709,1.2001729310697518,0.7998797788530103,2563,2563,300.0,0.13821226768330042
B1_특보없는날_파고(일최대),변사제외,dow2,0.893643179149521,0.7586693889331414,1.052629964105274,0.17829306316747173,2563,2563,272.0,0.14310027912043025
B1_특보없는날_파고(일최대),변사제외,dow3,0.9139688001660049,0.7751532213586083,1.0776436769659437,0.2844769421228066,2563,2563,283.0,0.14642249302198923
B1_특보없는날_파고(일최대),변사제외,dow4,1.0879520493274717,0.9292469984414427,1.2737621575545326,0.2947088594591869,2563,2563,331.0,0.1444346109333515
B1_특보없는날_파고(일최대),변사제외,dow5,1.7979154145725573,1.5540980603638108,2.0799844748541094,3.1086244689504383e-15,2563,2563,556.0,0.1427462727210838
B1_특보없는날_파고(일최대),변사제외,dow6,1.6852838570963697,1.4557817890526967,1.9509666217474626,2.786881836414068e-12,2563,2563,516.0,0.14293689155150113
B1_특보없는날_파고(일최대),변사제외,hol,1.465032049290493,1.235481645140431,1.7372325310460928,1.1227912059652567e-05,2563,2563,178.0,0.049397508339573834
B2_특보없는날_풍속(일최대),변사제외,ws_max[0-4],0.9942907837737239,0.8837995311524764,1.1185954821770625,0.9241045751735844,2563,2563,477.0,0.1830757709850909
B2_특보없는날_풍속(일최대),변사제외,ws_max[6-8],0.9396451892488751,0.8390349711018147,1.0523197626900973,0.2813006417795272,2563,2563,668.0,0.2648376336033767
B2_특보없는날_풍속(일최대),변사제외,ws_max[8-10],0.9321404301848975,0.817798043466014,1.062469870804227,0.29259092080541116,2563,2563,403.0,0.15915310776771735
B2_특보없는날_풍속(일최대),변사제외,ws_max[10-12],0.8494705789030658,0.6998074864474689,1.031141104370104,0.09896930429834616,2563,2563,149.0,0.06343522363673497
B2_특보없는날_풍속(일최대),변사제외,ws_max[12+],0.7611932946724396,0.5190007171221807,1.116405455212271,0.16257440143182178,2563,2563,28.0,0.013111852406562733
B2_특보없는날_풍속(일최대),변사제외,dow1,1.0247743779143443,0.8719029727034492,1.204448841794363,0.7665335772238571,2563,2563,300.0,0.13821226768330042
B2_특보없는날_풍속(일최대),변사제외,dow2,0.8914087268401917,0.7565309700924265,1.0503330989738238,0.16965276239482385,2563,2563,272.0,0.14310027912043025
B2_특보없는날_풍속(일최대),변사제외,dow3,0.9127351613965289,0.7738579768164835,1.0765353589514135,0.27824546669417183,2563,2563,283.0,0.14642249302198923
B2_특보없는날_풍속(일최대),변사제외,dow4,1.0894505808619004,0.9304881328276369,1.2755698071435728,0.2870227085586863,2563,2563,331.0,0.1444346109333515
B2_특보없는날_풍속(일최대),변사제외,dow5,1.797649954692617,1.5535707826128968,2.0800760388730692,3.3306690738754696e-15,2563,2563,556.0,0.1427462727210838
B2_특보없는날_풍속(일최대),변사제외,dow6,1.6896939156730633,1.4594201276350387,1.9563013244781993,2.2595258997171186e-12,2563,2563,516.0,0.14293689155150113
B2_특보없는날_풍속(일최대),변사제외,hol,1.4661109877222516,1.2361031799537119,1.7389174813063804,1.1101910603938947e-05,2563,2563,178.0,0.049397508339573834
B3_특보없는날_파고+풍속동시,변사제외,wh_max[0-0.5],1.0311190756433937,0.915878749857869,1.1608595005841995,0.6122969449274387,2563,2563,1229.0,0.4686636258424672
B3_특보없는날_파고+풍속동시,변사제외,wh_max[1-1.5],1.1230362852541789,0.9780816188797395,1.2894736734159793,0.09982874691914922,2563,2563,394.0,0.14880522840220572
B3_특보없는날_파고+풍속동시,변사제외,wh_max[1.5-2],1.1823609924487912,0.9421976135756569,1.4837413047132868,0.14816901049600872,2563,2563,138.0,0.05220232827285724
B3_특보없는날_파고+풍속동시,변사제외,wh_max[2+],1.0866571367752047,0.6829400871052198,1.7290297570752469,0.7258071058193802,2563,2563,21.0,0.009285860167472258
B3_특보없는날_파고+풍속동시,변사제외,ws_max[0-4],0.994277169094547,0.8838329705041237,1.1185225285483442,0.9238904276058619,2563,2563,477.0,0.1830757709850909
B3_특보없는날_파고+풍속동시,변사제외,ws_max[6-8],0.9355317831223937,0.8297204100497964,1.0548369144970635,0.2764992532145816,2563,2563,668.0,0.2648376336033767
B3_특보없는날_파고+풍속동시,변사제외,ws_max[8-10],0.9087238158943585,0.7781733446936321,1.0611761238091677,0.2264314436672621,2563,2563,403.0,0.15915310776771735
B3_특보없는날_파고+풍속동시,변사제외,ws_max[10-12],0.7998647239092067,0.6371727956327063,1.0040974456843417,0.054259912069728244,2563,2563,149.0,0.06343522363673497
B3_특보없는날_파고+풍속동시,변사제외,ws_max[12+],0.7010488364709502,0.4608098159423607,1.0665342927042756,0.09709419038760014,2563,2563,28.0,0.013111852406562733
B3_특보없는날_파고+풍속동시,변사제외,dow1,1.0227277131878103,0.8700277444927579,1.2022282989747515,0.7853162891467025,2563,2563,300.0,0.13821226768330042
B3_특보없는날_파고+풍속동시,변사제외,dow2,0.8919022868936181,0.7569326686672996,1.0509385078684104,0.17177632427557432,2563,2563,272.0,0.14310027912043025
B3_특보없는날_파고+풍속동시,변사제외,dow3,0.9126952065343464,0.77384365030331,1.0764610392606722,0.2779415609135327,2563,2563,283.0,0.14642249302198923
B3_특보없는날_파고+풍속동시,변사제외,dow4,1.0896330002642867,0.9305554235651136,1.2759047394686127,0.28637236955395284,2563,2563,331.0,0.1444346109333515
B3_특보없는날_파고+풍속동시,변사제외,dow5,1.798273184169255,1.5541296992192424,2.0807699939887954,3.1086244689504383e-15,2563,2563,556.0,0.1427462727210838
B3_특보없는날_파고+풍속동시,변사제외,dow6,1.6905733985256688,1.4602595441920632,1.957212625091202,2.1098678359976475e-12,2563,2563,516.0,0.14293689155150113
B3_특보없는날_파고+풍속동시,변사제외,hol,1.4651933782550586,1.2355620421865623,1.73750209409421,1.1222460553517166e-05,2563,2563,178.0,0.049397508339573834
B4_특보없는날_파고연속(1m당),변사제외,wh_per1m,0.9594303506872275,0.8529599051220146,1.0791909353443048,0.4901314618828505,2563,2563,,
B4_특보없는날_파고연속(1m당),변사제외,dow1,1.0230796832205507,0.870480299296777,1.202430473227526,0.7818802625485513,2563,2563,300.0,0.13821226768330042
B4_특보없는날_파고연속(1m당),변사제외,dow2,0.8928945269941945,0.7578970632580476,1.0519378883841066,0.17555490180165378,2563,2563,272.0,0.14310027912043025
B4_특보없는날_파고연속(1m당),변사제외,dow3,0.9147943435423506,0.7757231527983758,1.0787981355954086,0.28982943974801634,2563,2563,283.0,0.14642249302198923
B4_특보없는날_파고연속(1m당),변사제외,dow4,1.0886295810488795,0.9299012702394507,1.2744518183414146,0.29090852602701367,2563,2563,331.0,0.1444346109333515
B4_특보없는날_파고연속(1m당),변사제외,dow5,1.797763299406984,1.5538583779816966,2.0799533126646086,3.1086244689504383e-15,2563,2563,556.0,0.1427462727210838
B4_특보없는날_파고연속(1m당),변사제외,dow6,1.6854980149141643,1.4558629760256137,1.9513536679358532,2.8208546609675977e-12,2563,2563,516.0,0.14293689155150113
B4_특보없는날_파고연속(1m당),변사제외,hol,1.4656631926953176,1.2358141237044487,1.7382618900506894,1.118732388594168e-05,2563,2563,178.0,0.049397508339573834
B5_특보없는날_풍속연속(1m/s당),변사제외,ws_per1ms,0.9811465277619846,0.9619598123033639,1.0007159307771767,0.05889544752959752,2563,2563,,
B5_특보없는날_풍속연속(1m/s당),변사제외,dow1,1.024758761338895,0.8718188200549944,1.2045283891377614,0.7667886745610983,2563,2563,300.0,0.13821226768330042
B5_특보없는날_풍속연속(1m/s당),변사제외,dow2,0.8914095394615479,0.7565609216268145,1.0502934321989779,0.16955553598925932,2563,2563,272.0,0.14310027912043025
B5_특보없는날_풍속연속(1m/s당),변사제외,dow3,0.912538713937595,0.7736893290052627,1.0763065654602242,0.27712192086392884,2563,2563,283.0,0.14642249302198923
B5_특보없는날_풍속연속(1m/s당),변사제외,dow4,1.0889278840251273,0.9300208319571337,1.274986425962225,0.28979959017090806,2563,2563,331.0,0.1444346109333515
B5_특보없는날_풍속연속(1m/s당),변사제외,dow5,1.7979304490021146,1.5538200136359306,2.080391468175768,3.3306690738754696e-15,2563,2563,556.0,0.1427462727210838
B5_특보없는날_풍속연속(1m/s당),변사제외,dow6,1.6875612017559585,1.4575845356349983,1.9538234250209991,2.545963440070409e-12,2563,2563,516.0,0.14293689155150113
B5_특보없는날_풍속연속(1m/s당),변사제외,hol,1.4659980519564781,1.2361512497978053,1.7385819807177485,1.099499728951514e-05,2563,2563,178.0,0.049397508339573834
B6_특보없는날_해안AWS풍속(일최대),변사제외,aws_ws[0-3],0.8947802615959344,0.7858540794919668,1.0188045560052004,0.09321045533805927,2470,2470,387.0,0.17150500346774994
B6_특보없는날_해안AWS풍속(일최대),변사제외,aws_ws[5-7],0.9817552775166668,0.8793141893649186,1.0961308672022678,0.7432934599468108,2470,2470,576.0,0.22993305119531215
B6_특보없는날_해안AWS풍속(일최대),변사제외,aws_ws[7-9],1.0466653493871203,0.8757809708179514,1.250893077277636,0.6160093706098608,2470,2470,190.0,0.07236981783697329
B6_특보없는날_해안AWS풍속(일최대),변사제외,aws_ws[9-11],0.8486896954329838,0.6106759531279237,1.1794703810504368,0.3285637310831726,2470,2470,46.0,0.02220775360575222
B6_특보없는날_해안AWS풍속(일최대),변사제외,aws_ws[11+],1.1232174221424407,0.6895236104366415,1.8296942386140909,0.6406857493971236,2470,2470,30.0,0.010870334460941813
B6_특보없는날_해안AWS풍속(일최대),변사제외,dow1,0.9851171976305397,0.8337829559446561,1.1639190824762597,0.8601293677341777,2470,2470,283.0,0.13743612970800131
B6_특보없는날_해안AWS풍속(일최대),변사제외,dow2,0.8770137573989785,0.7422286199784465,1.0362752256702383,0.12320545089668755,2470,2470,263.0,0.14271560204384934
B6_특보없는날_해안AWS풍속(일최대),변사제외,dow3,0.8887019887858233,0.7535700910667548,1.0480660448636545,0.16087698749411627,2470,2470,271.0,0.14640981727081004
B6_특보없는날_해안AWS풍속(일최대),변사제외,dow4,1.0488416529052547,0.8945274213903501,1.2297765127861666,0.5570073779784612,2470,2470,318.0,0.14531995300845
B6_특보없는날_해안AWS풍속(일최대),변사제외,dow5,1.707248926892538,1.4703953132195655,1.9822552970423455,2.227107387398064e-12,2470,2470,524.0,0.14345161427297562
B6_특보없는날_해안AWS풍속(일최대),변사제외,dow6,1.6917707043404349,1.459160021444936,1.961462810110671,3.2378544290168065e-12,2470,2470,511.0,0.14265898571853194
B6_특보없는날_해안AWS풍속(일최대),변사제외,hol,1.4258705278769417,1.1958465616003955,1.700140158071092,7.73064882644281e-05,2470,2470,169.0,0.04918543261949583
B7_특보없는날_파고(낮06~18최대),변사제외,wh_day_max[0-0.5],1.0676514325492448,0.9601154015547071,1.1872318468995047,0.22683304774327318,2563,2563,1372.0,0.5246510994621826
B7_특보없는날_파고(낮06~18최대),변사제외,wh_day_max[1-1.5],0.998488622303449,0.8636531586740516,1.1543749002204557,0.983696336850058,2563,2563,315.0,0.12565865613724556
B7_특보없는날_파고(낮06~18최대),변사제외,wh_day_max[1.5-2],1.1068124204204146,0.8932530060470413,1.3714297357006404,0.353470443214845,2563,2563,105.0,0.038573081898018925
B7_특보없는날_파고(낮06~18최대),변사제외,wh_day_max[2+],1.0620464548962114,0.6526686370125053,1.7282011244183606,0.8085229248285206,2563,2563,17.0,0.006331268296003813
B7_특보없는날_파고(낮06~18최대),변사제외,dow1,1.0223777522525137,0.8697787498522533,1.2017496041130653,0.7884358645623872,2563,2563,300.0,0.13821226768330042
B7_특보없는날_파고(낮06~18최대),변사제외,dow2,0.8946614885529706,0.7595406169185126,1.0538201134616743,0.18270610352683736,2563,2563,272.0,0.14310027912043025
B7_특보없는날_파고(낮06~18최대),변사제외,dow3,0.9152064010707751,0.776133947345522,1.0791987123171582,0.29204382577976107,2563,2563,283.0,0.14642249302198923
B7_특보없는날_파고(낮06~18최대),변사제외,dow4,1.0894935882215953,0.9305848170414031,1.2755379811050105,0.2866037970051698,2563,2563,331.0,0.1444346109333515
B7_특보없는날_파고(낮06~18최대),변사제외,dow5,1.8000717143205436,1.5561140339919843,2.08227553117331,2.6645352591003757e-15,2563,2563,556.0,0.1427462727210838
B7_특보없는날_파고(낮06~18최대),변사제외,dow6,1.6876442089280919,1.457792689821476,1.9537366292303975,2.454036973631446e-12,2563,2563,516.0,0.14293689155150113
B7_특보없는날_파고(낮06~18최대),변사제외,hol,1.4666542301472862,1.2365097593217083,1.7396341715805852,1.0940385902546979e-05,2563,2563,178.0,0.049397508339573834
C1_특보있는날만_파고,전체,wh_max[2-3],1.0178410364265376,0.7627188109877885,1.3582992323109688,0.9043892473438797,480,480,117.0,0.233452751512304
C1_특보있는날만_파고,전체,wh_max[3-4],0.7696105200368127,0.4841291616367914,1.2234345697103355,0.2681673361306143,480,480,29.0,0.06959534856404534
C1_특보있는날만_파고,전체,wh_max[4+],0.5506226258716088,0.27995375373599973,1.082983428783218,0.08380811914431763,480,480,12.0,0.034650848652140714
C1_특보있는날만_파고,전체,dow1,0.8039304673297886,0.5599200517594716,1.1542794266255878,0.2369823216909972,480,480,65.0,0.1729605920009397
C1_특보있는날만_파고,전체,dow2,0.8581898914040775,0.5803911528877069,1.2689543698999783,0.44345989967632815,480,480,58.0,0.1488811887002995
C1_특보있는날만_파고,전체,dow3,0.7880251033418764,0.5221826609656898,1.1892075511442097,0.2565230132057863,480,480,47.0,0.13255417865742644
C1_특보있는날만_파고,전체,dow4,0.9764347685528284,0.6683223099156598,1.426594388804909,0.901883887213023,480,480,61.0,0.13566688201092383
C1_특보있는날만_파고,전체,dow5,1.6704854985531947,1.1981944079534272,2.328939095653817,0.0024739665050461657,480,480,98.0,0.12908909379221237
C1_특보있는날만_파고,전체,dow6,1.325734094014405,0.9189076336619554,1.9126741618502692,0.13161198650511374,480,480,78.0,0.12856052152463734
C1_특보있는날만_파고,전체,hol,1.1571533838933499,0.6871643203877874,1.9485935374237564,0.5830331272829001,480,480,31.0,0.05056674693134434
C2_특보있는날만_풍속,전체,ws_max[10-14],1.1135268501824411,0.8711645917095069,1.4233154766357767,0.39052919825667454,480,480,238.0,0.465554707229694
C2_특보있는날만_풍속,전체,ws_max[14-17],0.7128673244772705,0.48191048512184453,1.0545108230606264,0.09020805993041359,480,480,44.0,0.1272097257297234
C2_특보있는날만_풍속,전체,ws_max[17+],0.45423453071629744,0.21351203586834863,0.9663577421100386,0.04047693630053617,480,480,7.0,0.03183179655840723
C2_특보있는날만_풍속,전체,dow1,0.7978791356252569,0.5566985116899021,1.1435473630666335,0.21885693724987254,480,480,65.0,0.1729605920009397
C2_특보있는날만_풍속,전체,dow2,0.8747818277671116,0.5890256598405772,1.2991679282676503,0.5073457188830421,480,480,58.0,0.1488811887002995
C2_특보있는날만_풍속,전체,dow3,0.8132995822210868,0.5380653360843586,1.229323217984238,0.3268613926383541,480,480,47.0,0.13255417865742644
C2_특보있는날만_풍속,전체,dow4,0.9445330839288393,0.6461576743286798,1.3806889279199666,0.7682944458415117,480,480,61.0,0.13566688201092383
C2_특보있는날만_풍속,전체,dow5,1.638490675069097,1.1703161122038532,2.2939543122523083,0.004026687183165567,480,480,98.0,0.12908909379221237
C2_특보있는날만_풍속,전체,dow6,1.28815876490255,0.893733387400512,1.8566532558681863,0.1745796065816354,480,480,78.0,0.12856052152463734
C2_특보있는날만_풍속,전체,hol,1.1881256714838178,0.6969373967439457,2.025494137398842,0.5264967966019227,480,480,31.0,0.05056674693134434
C3_축(특보없음 파고구간 vs 특보),전체,nw_wh_1.5-2,1.0131359043517236,0.8366860907459869,1.2267974477398211,0.8936631633764334,3260,3260,146.0,0.042429387890333806
C3_축(특보없음 파고구간 vs 특보),전체,nw_wh_2-3,0.8487995544384517,0.5511348393476128,1.307231247561368,0.4568547166216277,3260,3260,21.0,0.007268284602004473
C3_축(특보없음 파고구간 vs 특보),전체,nw_wh_3+,2.567231848507279,0.5572587091847981,11.826965205499377,0.2263786114935229,3260,3260,2.0,0.00024848836246169135
C3_축(특보없음 파고구간 vs 특보),전체,w_주의보,0.8209111959672849,0.7380123781263357,0.9131218007146733,0.00027975300042637485,3260,3260,432.0,0.15667191253209642
C3_축(특보없음 파고구간 vs 특보),전체,w_경보,0.7075272489801725,0.5427466820442466,0.9223360079585725,0.010538147680289711,3260,3260,48.0,0.01962022695270438
C3_축(특보없음 파고구간 vs 특보),전체,dow1,0.9623286844357269,0.836923176979076,1.1065250937732722,0.5898608958284248,3260,3260,393.0,0.1442889091360888
C3_축(특보없음 파고구간 vs 특보),전체,dow2,0.858411574678271,0.7422634371892073,0.992734377880715,0.03956015375462041,3260,3260,353.0,0.1440714818189348
C3_축(특보없음 파고구간 vs 특보),전체,dow3,0.8888543162730579,0.7703083677945902,1.025643792263623,0.10668042074471584,3260,3260,363.0,0.14386440818355006
C3_축(특보없음 파고구간 vs 특보),전체,dow4,1.0645943386059826,0.9293677306106242,1.2194969423430007,0.36646255066980693,3260,3260,433.0,0.14290151577901103
C3_축(특보없음 파고구간 vs 특보),전체,dow5,1.668078243839471,1.466992639496768,1.896727326815401,5.773159728050814e-15,3260,3260,683.0,0.140499461608548
C3_축(특보없음 파고구간 vs 특보),전체,dow6,1.5275350889022876,1.340184938707435,1.741075713086414,2.2093438190040615e-10,3260,3260,621.0,0.14054087633562495
C3_축(특보없음 파고구간 vs 특보),전체,hol,1.3757857105825557,1.1782277061187467,1.606469031082507,5.4889551560854954e-05,3260,3260,215.0,0.04965625776526133
C3_축(특보없음 파고구간 vs 특보),익수,nw_wh_1.5-2,1.1145682438773772,0.8673021864453763,1.432329342269149,0.3966877760816425,1389,1389,75.0,0.04730518532931219
C3_축(특보없음 파고구간 vs 특보),익수,nw_wh_2-3,0.8637584465878521,0.4785729011171222,1.5589655250230516,0.6268588064090712,1389,1389,10.0,0.008147679735382819
C3_축(특보없음 파고구간 vs 특보),익수,nw_wh_3+,3.0758098750653744,0.31826597720428845,29.725471979925462,0.33164875976576913,1389,1389,1.0,0.0002675357525051075
C3_축(특보없음 파고구간 vs 특보),익수,w_주의보,0.8453491603608625,0.7183893089079306,0.9947464335307933,0.04302778637962312,1389,1389,186.0,0.15424652203521744
C3_축(특보없음 파고구간 vs 특보),익수,w_경보,0.7736806533253964,0.4959822949121289,1.206861130871739,0.2579942529155139,1389,1389,21.0,0.018484288354898338
C3_축(특보없음 파고구간 vs 특보),익수,dow1,0.9875949879785563,0.806861352368632,1.208812217138835,0.9036547160316839,1389,1389,186.0,0.14364237766319682
C3_축(특보없음 파고구간 vs 특보),익수,dow2,0.8665016606186572,0.7060376868162346,1.063434915550497,0.17025876691168396,1389,1389,163.0,0.1433991633427376
C3_축(특보없음 파고구간 vs 특보),익수,dow3,0.8581267478857777,0.6912665779281829,1.0652641671814271,0.16546863705454795,1389,1389,162.0,0.14371534195933455
C3_축(특보없음 파고구간 vs 특보),익수,dow4,0.9186747010743546,0.74697955629288,1.1298344101711248,0.4216469692886111,1389,1389,173.0,0.14320459188637027
C3_축(특보없음 파고구간 vs 특보),익수,dow5,1.3739806063499027,1.134366256487434,1.6642091527574971,0.0011563318998231154,1389,1389,260.0,0.14167234166747739
C3_축(특보없음 파고구간 vs 특보),익수,dow6,1.3574689731798812,1.1190691318193895,1.6466561008166964,0.0019239923079341636,1389,1389,255.0,0.14084541297791614
C3_축(특보없음 파고구간 vs 특보),익수,hol,1.1656595312413713,0.9300836538784037,1.4609031532893644,0.18326819181611542,1389,1389,80.0,0.05012647144663878
C3_축(특보없음 파고구간 vs 특보),추락,nw_wh_1.5-2,1.0136546080972515,0.6210467159306997,1.6544579307161924,0.9567290304034688,395,395,20.0,0.048332902558800725
C3_축(특보없음 파고구간 vs 특보),추락,nw_wh_2-3,0.5285344399095623,0.12638552551075083,2.210289928705105,0.38238670163770916,395,395,2.0,0.0091324200913242
C3_축(특보없음 파고구간 vs 특보),추락,nw_wh_3+,1.6634925209918397e-09,3.225704040206304e-10,8.578615188821865e-09,0.0,395,395,0.0,0.0003446196260877057
C3_축(특보없음 파고구간 vs 특보),추락,w_주의보,0.9329353332660107,0.7016144865725222,1.2405221852074702,0.6330123107941565,395,395,59.0,0.15774963384164728
C3_축(특보없음 파고구간 vs 특보),추락,w_경보,0.7093580494469758,0.31787155597827854,1.5829942404459842,0.4017645728972683,395,395,7.0,0.023864909106573618
C3_축(특보없음 파고구간 vs 특보),추락,dow1,1.0610440056832582,0.7023511692131543,1.602922343330939,0.7783331611610087,395,395,47.0,0.14491255276988024
C3_축(특보없음 파고구간 vs 특보),추락,dow2,1.0700380551369406,0.7086396480918734,1.6157456649854316,0.7474826557109377,395,395,48.0,0.1450848625829241
C3_축(특보없음 파고구간 vs 특보),추락,dow3,1.0818010757004923,0.7182429974634403,1.629383887514075,0.7067182031392498,395,395,47.0,0.14318945463944172
C3_축(특보없음 파고구간 vs 특보),추락,dow4,1.4607504407172014,0.9963708755998213,2.141563851684186,0.05221292164412361,395,395,63.0,0.14163866632204705
C3_축(특보없음 파고구간 vs 특보),추락,dow5,1.5687871473677306,1.0625606051783434,2.316190814671794,0.023496681236244488,395,395,68.0,0.1412078917894374
C3_축(특보없음 파고구간 vs 특보),추락,dow6,1.7984282891794094,1.2364573580633291,2.615815491111437,0.0021380078931443336,395,395,78.0,0.14026018781769622
C3_축(특보없음 파고구간 vs 특보),추락,hol,1.283535430431984,0.8384998466146755,1.9647746005269031,0.25050311422981175,395,395,24.0,0.04936676143706384
C3_축(특보없음 파고구간 vs 특보),고립,nw_wh_1.5-2,0.7925215675515074,0.45368859099623127,1.3844087056610952,0.41388744522492416,728,728,13.0,0.02007383479464698
C3_축(특보없음 파고구간 vs 특보),고립,nw_wh_2-3,1.1397644742363302,0.3270379666999169,3.9722087005366298,0.8372794058589357,728,728,3.0,0.0029533917858790954
C3_축(특보없음 파고구간 vs 특보),고립,nw_wh_3+,3.765431828953349e-09,5.204188316804735e-10,2.724435780448518e-08,0.0,728,728,0.0,0.0001384402399630826
C3_축(특보없음 파고구간 vs 특보),고립,w_주의보,0.6102336724698793,0.4695565972396984,0.7930569758899189,0.0002206016596941751,728,728,76.0,0.16160590678357176
C3_축(특보없음 파고구간 vs 특보),고립,w_경보,0.6668396205416229,0.3579929195699813,1.2421337272766075,0.20168014963351144,728,728,9.0,0.017305029995385326
C3_축(특보없음 파고구간 vs 특보),고립,dow1,0.9450352194214213,0.6855598333040497,1.3027186287193155,0.729943242266694,728,728,81.0,0.14513151822796494
C3_축(특보없음 파고구간 vs 특보),고립,dow2,0.8863983232456238,0.6470622755944004,1.2142602297914782,0.452659310386355,728,728,78.0,0.14443931702814952
C3_축(특보없음 파고구간 vs 특보),고립,dow3,0.8485171401657858,0.6210173171890937,1.1593579071417368,0.3023125135947571,728,728,74.0,0.145269958467928
C3_축(특보없음 파고구간 vs 특보),고립,dow4,1.1277116957216726,0.8468451656731911,1.5017310368141483,0.4108192712504981,728,728,97.0,0.1426857406552838
C3_축(특보없음 파고구간 vs 특보),고립,dow5,1.9368907213338078,1.4858333661804015,2.5248764442765292,1.0210800449605983e-06,728,728,170.0,0.13899400092293493
C3_축(특보없음 파고구간 vs 특보),고립,dow6,1.6288703055131344,1.24106160377133,2.137862024028355,0.00043695691018585947,728,728,140.0,0.13977849561605907
C3_축(특보없음 파고구간 vs 특보),고립,hol,1.9025680369923677,1.4631737518170402,2.4739133892265293,1.580127296119116e-06,728,728,69.0,0.05311490539916936
C3_축(특보없음 파고구간 vs 특보),표류,nw_wh_1.5-2,1.0376432881496087,0.661231380856793,1.6283310571963319,0.8723050853749093,497,497,30.0,0.06056701030927835
C3_축(특보없음 파고구간 vs 특보),표류,nw_wh_2-3,0.7612176012720389,0.300666957154006,1.9272228713498198,0.5648313485190595,497,497,4.0,0.010377102550189908
C3_축(특보없음 파고구간 vs 특보),표류,nw_wh_3+,6.453893433726072,0.37222266986518626,111.90275022469353,0.20017455759433744,497,497,1.0,0.00040694519804666303
C3_축(특보없음 파고구간 vs 특보),표류,w_주의보,1.0609524043202248,0.8078145086934463,1.3934139485232022,0.6705247539910175,497,497,79.0,0.15219750406945198
C3_축(특보없음 파고구간 vs 특보),표류,w_경보,0.7750629320602664,0.3921847441601907,1.5317335964717882,0.46346725415973267,497,497,9.0,0.024484536082474227
C3_축(특보없음 파고구간 vs 특보),표류,dow1,0.9783000004323666,0.6644522352954721,1.4403908061508337,0.9114943150997621,497,497,45.0,0.14487249050461204
C3_축(특보없음 파고구간 vs 특보),표류,dow2,0.8477342094695396,0.5472196708416152,1.3132811706122842,0.4594964999906943,497,497,39.0,0.1441942485078676
C3_축(특보없음 파고구간 vs 특보),표류,dow3,0.9565568399261557,0.6214392593495196,1.472390059436016,0.8400426654120223,497,497,43.0,0.14290558871405318
C3_축(특보없음 파고구간 vs 특보),표류,dow4,1.2256616769276,0.8110706535500766,1.8521771681833215,0.33406908509193833,497,497,55.0,0.14283776451437874
C3_축(특보없음 파고구간 vs 특보),표류,dow5,3.317259532773829,2.400053316911782,4.584985979369108,3.814726312612038e-13,497,497,152.0,0.13747965274009766
C3_축(특보없음 파고구간 vs 특보),표류,dow6,2.5036094212075297,1.764915084818075,3.551479721533007,2.6790135132515047e-07,497,497,115.0,0.14073521432447098
C3_축(특보없음 파고구간 vs 특보),표류,hol,1.719828011550856,1.1663949314226267,2.5358549747017474,0.006201949195122181,497,497,35.0,0.043136190992946286
C3_축(특보없음 파고구간 vs 특보),변사,nw_wh_1.5-2,0.8184296816759604,0.35053202797811156,1.910887138364544,0.6432571899885642,251,251,8.0,0.03545051698670606
C3_축(특보없음 파고구간 vs 특보),변사,nw_wh_2-3,1.2302941490867116,0.2741630404346936,5.520888923893975,0.7867148052534856,251,251,2.0,0.005908419497784343
C3_축(특보없음 파고구간 vs 특보),변사,nw_wh_3+,0.9999999999999993,0.9999999999999973,1.0000000000000013,0.5075839183344868,251,251,0.0,0.0
C3_축(특보없음 파고구간 vs 특보),변사,w_주의보,0.7117067533268594,0.4757237185926058,1.0647493133821055,0.0979781085579039,251,251,32.0,0.16288438297300928
C3_축(특보없음 파고구간 vs 특보),변사,w_경보,0.4105581777774041,0.09722941416474873,1.733611364296532,0.22576568498412097,251,251,2.0,0.016382435880220224
C3_축(특보없음 파고구간 vs 특보),변사,dow1,0.7640475215513021,0.4958808941012731,1.1772355461419837,0.22238892768831753,251,251,34.0,0.1432791728212703
C3_축(특보없음 파고구간 vs 특보),변사,dow2,0.5531890657431109,0.3438144632243415,0.8900676824001346,0.014689796839057134,251,251,25.0,0.14489055995702968
C3_축(특보없음 파고구간 vs 특보),변사,dow3,0.8099631290516471,0.5130231924717958,1.2787731238080469,0.365676331809512,251,251,37.0,0.14354773734389686
C3_축(특보없음 파고구간 vs 특보),변사,dow4,0.9711012644242262,0.6342721031804575,1.48680299990748,0.8926629967327087,251,251,45.0,0.1439505841278367
C3_축(특보없음 파고구간 vs 특보),변사,dow5,0.7262744296450871,0.45107105197819053,1.1693823951748523,0.18814111807849443,251,251,33.0,0.1432791728212703
C3_축(특보없음 파고구간 vs 특보),변사,dow6,0.7319000922951464,0.46256946281317024,1.1580482244631043,0.18246412572056414,251,251,33.0,0.1411306566402578
C3_축(특보없음 파고구간 vs 특보),변사,hol,0.5187617505235703,0.21706853777935506,1.2397639775867781,0.13981117268231458,251,251,7.0,0.05035584799248019
C3_축(특보없음 파고구간 vs 특보),사망·실종,nw_wh_1.5-2,1.054408059858703,0.7087394987119207,1.5686671318807008,0.7937848900698274,730,730,31.0,0.039571005917159764
C3_축(특보없음 파고구간 vs 특보),사망·실종,nw_wh_2-3,0.8401063755050969,0.32831406287064074,2.1497060345002508,0.716267055883028,730,730,5.0,0.008089866863905325
C3_축(특보없음 파고구간 vs 특보),사망·실종,nw_wh_3+,9.972821586374323,1.4728615681538828,67.52648894105877,0.018433587869291834,730,730,1.0,0.0001849112426035503
C3_축(특보없음 파고구간 vs 특보),사망·실종,w_주의보,0.9690900543321069,0.786193308883596,1.1945351388693322,0.7685823992823793,730,730,110.0,0.15356878698224852
C3_축(특보없음 파고구간 vs 특보),사망·실종,w_경보,0.5999284307251326,0.3166008507882272,1.1368071851236594,0.11716043239451635,730,730,10.0,0.02135724852071006
C3_축(특보없음 파고구간 vs 특보),사망·실종,dow1,0.989494115612381,0.7530106093583939,1.300245431688902,0.939582923722178,730,730,102.0,0.14376849112426035
C3_축(특보없음 파고구간 vs 특보),사망·실종,dow2,0.816294001395477,0.6113859018727252,1.089877759158655,0.16869898421866214,730,730,84.0,0.14483173076923078
C3_축(특보없음 파고구간 vs 특보),사망·실종,dow3,0.9656822592428388,0.7285449194966197,1.2800064908292592,0.8080875013986946,730,730,99.0,0.14353735207100593
C3_축(특보없음 파고구간 vs 특보),사망·실종,dow4,1.0391311142424107,0.7912210547817027,1.3647178194526028,0.7825281454019302,730,730,106.0,0.1424741124260355
C3_축(특보없음 파고구간 vs 특보),사망·실종,dow5,1.0893433409480069,0.8281144215061358,1.4329769940602022,0.5407076825803314,730,730,111.0,0.1421042899408284
C3_축(특보없음 파고구간 vs 특보),사망·실종,dow6,1.2464660488065071,0.952440267148051,1.6312598956778424,0.10849164457044935,730,730,126.0,0.14053254437869822
C3_축(특보없음 파고구간 vs 특보),사망·실종,hol,0.9674829401411021,0.6811116259421743,1.3742582035202828,0.8535353650862185,730,730,36.0,0.05154400887573964
C3_축(특보없음 파고구간 vs 특보),변사제외,nw_wh_1.5-2,1.0268751042840352,0.8451988026028143,1.2476029030697506,0.7894932173308113,3009,3009,138.0,0.043012441522600045
C3_축(특보없음 파고구간 vs 특보),변사제외,nw_wh_2-3,0.8177302980866703,0.519772711873543,1.2864908548173273,0.38410279956576243,3009,3009,19.0,0.00738189528478634
C3_축(특보없음 파고구간 vs 특보),변사제외,nw_wh_3+,2.575717584856604,0.556741505561627,11.916340008182075,0.22603987320274999,3009,3009,2.0,0.000269248460235368
C3_축(특보없음 파고구간 vs 특보),변사제외,w_주의보,0.8298927626240215,0.7428710177167283,0.9271084495563858,0.0009698121929531123,3009,3009,400.0,0.1561528882506703
C3_축(특보없음 파고구간 vs 특보),변사제외,w_경보,0.7332761837162394,0.5592104327683431,0.961523480425115,0.024846624175771437,3009,3009,46.0,0.019890729999887814
C3_축(특보없음 파고구간 vs 특보),변사제외,dow1,0.9860684613068645,0.8512810557899425,1.1421974021045462,0.8515971409725049,3009,3009,359.0,0.14437326811537296
C3_축(특보없음 파고구간 vs 특보),변사제외,dow2,0.8941967172380322,0.767982887814911,1.0411531061509527,0.14972282626982358,3009,3009,328.0,0.14400305148254933
C3_축(특보없음 파고구간 vs 특보),변사제외,dow3,0.8975197494489432,0.7708326657476113,1.0450279761686267,0.1637165669118228,3009,3009,326.0,0.14389086462411793
C3_축(특보없음 파고구간 vs 특보),변사제외,dow4,1.0737620838896318,0.9285509304023722,1.2416820392386942,0.33704273591602796,3009,3009,388.0,0.14281387078317645
C3_축(특보없음 파고구간 vs 특보),변사제외,dow5,1.7831120412646109,1.5589164446250103,2.03955033168417,0.0,3009,3009,650.0,0.1402672290967836
C3_축(특보없음 파고구간 vs 특보),변사제외,dow6,1.624339838023958,1.4166769743273306,1.8624428555031085,3.6290970228947117e-12,3009,3009,588.0,0.14049160281364642
C3_축(특보없음 파고구간 vs 특보),변사제외,hol,1.452493884167746,1.244003053237551,1.6959270944344187,2.3375630160415994e-06,3009,3009,208.0,0.04959781011252342
D1_외지인방문자(2배당),전체,log2_outsider,2.0471479813968627,1.8879385934956143,2.2197834570338135,0.0,3269,3269,,
D2_외지인방문자(2배당)+달력,전체,log2_outsider,1.8573126965018405,1.6453291889005344,2.09660806837815,0.0,3269,3269,,
D2_외지인방문자(2배당)+달력,전체,dow1,0.9642064554643447,0.8381504997600179,1.109220944240096,0.6101178020386806,3269,3269,386.0,0.14331008900539835
D2_외지인방문자(2배당)+달력,전체,dow2,0.8921948868886852,0.772124373122336,1.0309371700978454,0.12190196886082405,3269,3269,355.0,0.1432686429526168
D2_외지인방문자(2배당)+달력,전체,dow3,0.8797421164253437,0.7630043976731689,1.0143404071755575,0.07773674052658253,3269,3269,359.0,0.14363129591445534
D2_외지인방문자(2배당)+달력,전체,dow4,0.9503108647918218,0.8292093539784474,1.0890985918193745,0.46367652574308793,3269,3269,440.0,0.14353804229569686
D2_외지인방문자(2배당)+달력,전체,dow5,1.1000053378421915,0.9473248408333084,1.277293375118227,0.2112209788861743,3269,3269,677.0,0.14127923241910248
D2_외지인방문자(2배당)+달력,전체,dow6,1.1055839101415106,0.9523987775092898,1.2834075507324654,0.1871468076012892,3269,3269,640.0,0.14107200215519475
D2_외지인방문자(2배당)+달력,전체,hol,0.9274819179053392,0.7805022491115772,1.102139947733056,0.3924398905895812,3269,3269,215.0,0.04941405642880086
D3_전체방문자(2배당)+달력,전체,log2_total,3.0530571449573065,2.424382993244355,3.844754709280117,0.0,3269,3269,,
D3_전체방문자(2배당)+달력,전체,dow1,0.9581674827342328,0.833017868088829,1.1021191262986882,0.5495753314573029,3269,3269,386.0,0.14331008900539835
D3_전체방문자(2배당)+달력,전체,dow2,0.8807449275541804,0.7622795597853389,1.0176209206381739,0.08488912995594511,3269,3269,355.0,0.1432686429526168
D3_전체방문자(2배당)+달력,전체,dow3,0.8775742998152111,0.76131461006895,1.0115879053291899,0.07168672630873352,3269,3269,359.0,0.14363129591445534
D3_전체방문자(2배당)+달력,전체,dow4,0.9773307827124253,0.8539234523883444,1.1185726966108556,0.7391707305124171,3269,3269,440.0,0.14353804229569686
D3_전체방문자(2배당)+달력,전체,dow5,1.2645440652789748,1.1031905024282416,1.449497334787189,0.0007514362254181783,3269,3269,677.0,0.14127923241910248
D3_전체방문자(2배당)+달력,전체,dow6,1.3001980538269011,1.134683442632919,1.4898560388372206,0.00015758503230456355,3269,3269,640.0,0.14107200215519475
D3_전체방문자(2배당)+달력,전체,hol,1.0585476940862766,0.9001527022790511,1.2448145940331874,0.4914419933030174,3269,3269,215.0,0.04941405642880086
D4_외지인(같은달평균대비),전체,rel[<0.8],0.7733255780040822,0.6871496016152913,0.8703089519218891,2.0046119270311635e-05,3269,3269,583.0,0.2642082249691745
D4_외지인(같은달평균대비),전체,rel[1-1.2],1.1825902846358392,1.0696348343866302,1.307474042874679,0.0010592587459501424,3269,3269,639.0,0.18435204277232647
D4_외지인(같은달평균대비),전체,rel[1.2-1.5],1.5788153926184914,1.4149983094834957,1.7615978953918,4.440892098500626e-16,3269,3269,618.0,0.13433701857819316
D4_외지인(같은달평균대비),전체,rel[1.5+],2.048717802558226,1.7983790688443966,2.3339042959480585,0.0,3269,3269,421.0,0.06976406834454103
D4b_외지인(같은달평균대비)+달력,전체,rel[<0.8],0.7936067569377722,0.703602414519035,0.8951243936361583,0.00016723001139928861,3269,3269,583.0,0.2642082249691745
D4b_외지인(같은달평균대비)+달력,전체,rel[1-1.2],1.072742659447067,0.9561519661700522,1.203550119765062,0.231627837346857,3269,3269,639.0,0.18435204277232647
D4b_외지인(같은달평균대비)+달력,전체,rel[1.2-1.5],1.3258007172111468,1.1418907323475238,1.5393307712936557,0.00021431050395492868,3269,3269,618.0,0.13433701857819316
D4b_외지인(같은달평균대비)+달력,전체,rel[1.5+],1.7269538386686192,1.4574516952729055,2.046290501815798,2.764042328351479e-10,3269,3269,421.0,0.06976406834454103
D4b_외지인(같은달평균대비)+달력,전체,dow1,0.9612834817161999,0.835767087805035,1.1056500617262675,0.5801802155494147,3269,3269,386.0,0.14331008900539835
D4b_외지인(같은달평균대비)+달력,전체,dow2,0.8855748254916418,0.7666617541907843,1.0229319087037598,0.09857418150812958,3269,3269,355.0,0.1432686429526168
D4b_외지인(같은달평균대비)+달력,전체,dow3,0.8822180660429834,0.7654617447472756,1.0167832963482555,0.08359436169743617,3269,3269,359.0,0.14363129591445534
D4b_외지인(같은달평균대비)+달력,전체,dow4,0.9899849724320884,0.8621021368690985,1.1368377408281225,0.8865801345359321,3269,3269,440.0,0.14353804229569686
D4b_외지인(같은달평균대비)+달력,전체,dow5,1.177429115006842,1.0012125906165341,1.3846602947852515,0.048307770063414246,3269,3269,677.0,0.14127923241910248
D4b_외지인(같은달평균대비)+달력,전체,dow6,1.18756185262431,1.0133328745668218,1.3917471634494811,0.03370182322642323,3269,3269,640.0,0.14107200215519475
D4b_외지인(같은달평균대비)+달력,전체,hol,1.025283189712844,0.8673141845194696,1.2120240137547826,0.7699179381140207,3269,3269,215.0,0.04941405642880086
D1_외지인방문자(2배당),익수,log2_outsider,1.811394853472837,1.6171487820363781,2.0289730614990935,0.0,1386,1386,,
D2_외지인방문자(2배당)+달력,익수,log2_outsider,1.8715917750684867,1.5656032058032965,2.2373841338084937,5.914380096783134e-12,1386,1386,,
D2_외지인방문자(2배당)+달력,익수,dow1,0.9875794644190496,0.8066807719032743,1.2090448074534776,0.9036327253475738,1386,1386,183.0,0.1425709678995456
D2_외지인방문자(2배당)+달력,익수,dow2,0.8777565255545836,0.7144739682930951,1.0783549189263029,0.21437132138764792,1386,1386,161.0,0.14264425660819857
D2_외지인방문자(2배당)+달력,익수,dow3,0.8456421705927174,0.6810985959536037,1.0499370941787638,0.1288598231883218,1386,1386,160.0,0.14364586895978892
D2_외지인방문자(2배당)+달력,익수,dow4,0.8274061776451983,0.6711867353903158,1.019985864898419,0.07595712521433517,1386,1386,177.0,0.14389016465529877
D2_외지인방문자(2배당)+달력,익수,dow5,0.9270097057535662,0.7350171646715024,1.1691522808795591,0.5220999901063277,1386,1386,261.0,0.14237553134313774
D2_외지인방문자(2배당)+달력,익수,dow6,0.9635512175160773,0.7702326846054467,1.2053902247115178,0.7451950528053173,1386,1386,255.0,0.1414960668393023
D2_외지인방문자(2배당)+달력,익수,hol,0.7678020210051207,0.5798083168668267,1.0167497193644979,0.06517315379398858,1386,1386,78.0,0.049836321884008404
D3_전체방문자(2배당)+달력,익수,log2_total,2.926504668033228,2.0619254178617985,4.153607835583851,1.8502661625063865e-09,1386,1386,,
D3_전체방문자(2배당)+달력,익수,dow1,0.9818921308055719,0.8020778003144486,1.202018253291555,0.859454534486936,1386,1386,183.0,0.1425709678995456
D3_전체방문자(2배당)+달력,익수,dow2,0.8666458177689325,0.7054102440438056,1.0647349961219734,0.1729589027821179,1386,1386,161.0,0.14264425660819857
D3_전체방문자(2배당)+달력,익수,dow3,0.8452473964647068,0.6809764221699832,1.0491452243731694,0.12729171932920647,1386,1386,160.0,0.14364586895978892
D3_전체방문자(2배당)+달력,익수,dow4,0.8562979958703671,0.6956091023867405,1.0541067608456072,0.1434514852362787,1386,1386,177.0,0.14389016465529877
D3_전체방문자(2배당)+달력,익수,dow5,1.0871657360585758,0.8786039879588022,1.3452355712676383,0.441859979906571,1386,1386,261.0,0.14237553134313774
D3_전체방문자(2배당)+달력,익수,dow6,1.1520994109635456,0.9388158525937079,1.4138374944090126,0.17524602871873984,1386,1386,255.0,0.1414960668393023
D3_전체방문자(2배당)+달력,익수,hol,0.9001130273567965,0.6922934417829153,1.1703179795129062,0.43202979101945016,1386,1386,78.0,0.049836321884008404
D4_외지인(같은달평균대비),익수,rel[<0.8],0.7699805981295302,0.6484231113188438,0.9143260182229715,0.0028663633216032824,1386,1386,247.0,0.24725167342551424
D4_외지인(같은달평균대비),익수,rel[1-1.2],1.0497520317990263,0.8969099179401672,1.2286399182617769,0.5453194936693384,1386,1386,273.0,0.1968779010113842
D4_외지인(같은달평균대비),익수,rel[1.2-1.5],1.4020869834964758,1.1879408406421388,1.6548365390212634,6.424716278541354e-05,1386,1386,247.0,0.134069477695803
D4_외지인(같은달평균대비),익수,rel[1.5+],1.7779214038933526,1.4575889025448856,2.1686529808940884,1.3678794097415903e-08,1386,1386,149.0,0.06290614159378512
D4b_외지인(같은달평균대비)+달력,익수,rel[<0.8],0.7620320343166079,0.6380238448870498,0.9101428198620206,0.0027085978958041323,1386,1386,247.0,0.24725167342551424
D4b_외지인(같은달평균대비)+달력,익수,rel[1-1.2],1.017844123461436,0.8476210424192848,1.2222521714515282,0.8497608797186071,1386,1386,273.0,0.1968779010113842
D4b_외지인(같은달평균대비)+달력,익수,rel[1.2-1.5],1.3057408716156778,1.0357151307889638,1.6461661832717498,0.02401560527653057,1386,1386,247.0,0.134069477695803
D4b_외지인(같은달평균대비)+달력,익수,rel[1.5+],1.7023839713156153,1.3006571478636622,2.2281899504050644,0.00010697802892556396,1386,1386,149.0,0.06290614159378512
D4b_외지인(같은달평균대비)+달력,익수,dow1,0.9834692024316568,0.8036336295451231,1.203548030560923,0.8714758255147093,1386,1386,183.0,0.1425709678995456
D4b_외지인(같은달평균대비)+달력,익수,dow2,0.8719445448500414,0.7099468742985561,1.0709072985847388,0.19130759633102512,1386,1386,161.0,0.14264425660819857
D4b_외지인(같은달평균대비)+달력,익수,dow3,0.8465793479805771,0.6820761798862134,1.0507573986043335,0.13082374065710378,1386,1386,160.0,0.14364586895978892
D4b_외지인(같은달평균대비)+달력,익수,dow4,0.8599942208255041,0.6961061387941506,1.062467371907453,0.16203361237421943,1386,1386,177.0,0.14389016465529877
D4b_외지인(같은달평균대비)+달력,익수,dow5,0.9946201131855206,0.7707371393654631,1.2835363952587375,0.9669286011566944,1386,1386,261.0,0.14237553134313774
D4b_외지인(같은달평균대비)+달력,익수,dow6,1.0423145504936961,0.8189042356758327,1.3266748110959101,0.7363211621968926,1386,1386,255.0,0.1414960668393023
D4b_외지인(같은달평균대비)+달력,익수,hol,0.8516789554878358,0.6514832978786111,1.1133931531058292,0.24026516423416133,1386,1386,78.0,0.049836321884008404
D1_외지인방문자(2배당),추락,log2_outsider,1.8697756261810194,1.4589114192431571,2.3963489805805227,7.675783093574751e-07,389,389,,
D2_외지인방문자(2배당)+달력,추락,log2_outsider,1.621516921225306,1.1035819006840042,2.3825301268445367,0.013815483829043185,389,389,,
D2_외지인방문자(2배당)+달력,추락,dow1,1.0399748052870907,0.6831442664162889,1.583190621368485,0.8549471063364826,389,389,44.0,0.14392882065596652
D2_외지인방문자(2배당)+달력,추락,dow2,1.1465852195217614,0.7600933725176569,1.7296002217085855,0.514297333083845,389,389,49.0,0.14419050942079553
D2_외지인방문자(2배당)+달력,추락,dow3,1.054684688087561,0.6948010599567775,1.6009759561327588,0.8025667243645584,389,389,45.0,0.14288206559665037
D2_외지인방문자(2배당)+달력,추락,dow4,1.326290089186949,0.8868775328102739,1.9834140967598857,0.1690320250194699,389,389,62.0,0.1423586880669923
D2_외지인방문자(2배당)+달력,추락,dow5,1.178153591895202,0.7335047275665117,1.8923475663211764,0.4976976662590773,389,389,67.0,0.14192254012561062
D2_외지인방문자(2배당)+달력,추락,dow6,1.454667092180046,0.9254885509174633,2.2864208822182004,0.10429415586603263,389,389,79.0,0.14087578506629447
D2_외지인방문자(2배당)+달력,추락,hol,1.0764393474403338,0.6975870270469771,1.661042456054362,0.7392733771401008,389,389,26.0,0.04919748778785764
D3_전체방문자(2배당)+달력,추락,log2_total,3.3542561686801586,1.6239098057465773,6.928361664739342,0.0010753979789082102,389,389,,
D3_전체방문자(2배당)+달력,추락,dow1,1.0322205154595467,0.678210608662986,1.571015225839716,0.8823527057915426,389,389,44.0,0.14392882065596652
D3_전체방문자(2배당)+달력,추락,dow2,1.1339579768741122,0.7520139609211474,1.7098893905391988,0.5485532837002358,389,389,49.0,0.14419050942079553
D3_전체방문자(2배당)+달력,추락,dow3,1.0476661863919081,0.690775096901416,1.5889461606714652,0.8265516572544824,389,389,45.0,0.14288206559665037
D3_전체방문자(2배당)+달력,추락,dow4,1.3190777697225229,0.8874085890464642,1.9607272050924913,0.17088843945427756,389,389,62.0,0.1423586880669923
D3_전체방문자(2배당)+달력,추락,dow5,1.244538166437492,0.8109256889238733,1.9100088563910287,0.31681921403537183,389,389,67.0,0.14192254012561062
D3_전체방문자(2배당)+달력,추락,dow6,1.5999230473083155,1.0707584103607857,2.390598787307991,0.02180921572823946,389,389,79.0,0.14087578506629447
D3_전체방문자(2배당)+달력,추락,hol,1.137905586032557,0.7576429548739995,1.7090228509277627,0.5335804387993415,389,389,26.0,0.04919748778785764
D4_외지인(같은달평균대비),추락,rel[<0.8],0.6557155214460896,0.466899388743695,0.9208897150673843,0.014865501671185832,389,389,60.0,0.23543265875785066
D4_외지인(같은달평균대비),추락,rel[1-1.2],1.1742324067423122,0.895943197430867,1.5389611182914709,0.24449747223736806,389,389,89.0,0.20193649685973483
D4_외지인(같은달평균대비),추락,rel[1.2-1.5],1.1067548156437812,0.7962791361565674,1.538287475247693,0.5459497108416627,389,389,56.0,0.12997208653175157
D4_외지인(같은달평균대비),추락,rel[1.5+],1.809851599210837,1.2301504131887389,2.6627335779819497,0.002599727023590681,389,389,43.0,0.059228890439637125
D4b_외지인(같은달평균대비)+달력,추락,rel[<0.8],0.709792481690004,0.5035759303386376,1.000455614955351,0.050300589509037374,389,389,60.0,0.23543265875785066
D4b_외지인(같은달평균대비)+달력,추락,rel[1-1.2],1.0232335195181417,0.7524719087683959,1.391423152499029,0.8835559487519362,389,389,89.0,0.20193649685973483
D4b_외지인(같은달평균대비)+달력,추락,rel[1.2-1.5],0.906778887235187,0.6002934339382697,1.3697433685740408,0.6419387471022544,389,389,56.0,0.12997208653175157
D4b_외지인(같은달평균대비)+달력,추락,rel[1.5+],1.4829301797387644,0.9113738899359187,2.4129305680840467,0.1126557278524527,389,389,43.0,0.059228890439637125
D4b_외지인(같은달평균대비)+달력,추락,dow1,1.0396361651016044,0.6830545927730625,1.5823674523571631,0.8560732704602003,389,389,44.0,0.14392882065596652
D4b_외지인(같은달평균대비)+달력,추락,dow2,1.143363686849575,0.7577943244248285,1.725112577741313,0.5232057638495566,389,389,49.0,0.14419050942079553
D4b_외지인(같은달평균대비)+달력,추락,dow3,1.0494752876307214,0.6925531171887129,1.5903449887259216,0.8198737057818131,389,389,45.0,0.14288206559665037
D4b_외지인(같은달평균대비)+달력,추락,dow4,1.31777546050577,0.8851552888907167,1.96183899718594,0.17410231444041901,389,389,62.0,0.1423586880669923
D4b_외지인(같은달평균대비)+달력,추락,dow5,1.3407838499092155,0.8346595576823113,2.153813870135565,0.2252638209590503,389,389,67.0,0.14192254012561062
D4b_외지인(같은달평균대비)+달력,추락,dow6,1.5936108838697516,1.0201359709184274,2.489467798005138,0.04059943296466351,389,389,79.0,0.14087578506629447
D4b_외지인(같은달평균대비)+달력,추락,hol,1.1534962128736113,0.7578452728348902,1.7557060270845652,0.5052374379013855,389,389,26.0,0.04919748778785764
D1_외지인방문자(2배당),고립,log2_outsider,2.3354187556660215,1.984545134216555,2.7483279015822393,0.0,752,752,,
D2_외지인방문자(2배당)+달력,고립,log2_outsider,2.104453175636074,1.626107752907006,2.723511501945361,1.554431650063748e-08,752,752,,
D2_외지인방문자(2배당)+달력,고립,dow1,0.9373216662824665,0.6842315675407947,1.2840271448454588,0.6868731020435992,752,752,81.0,0.1439411047378167
D2_외지인방문자(2배당)+달력,고립,dow2,0.9393369932373477,0.693900012169863,1.2715866427282687,0.6854631501340378,752,752,81.0,0.143534619032564
D2_외지인방문자(2배당)+달력,고립,dow3,0.8553556970515954,0.6306290493770081,1.160164393317107,0.3150506676423972,752,752,77.0,0.14448308567815366
D2_외지인방문자(2배당)+달력,고립,dow4,0.9283592384197795,0.6933815482641059,1.242967710515247,0.617605043939784,752,752,99.0,0.14362494918928684
D2_외지인방문자(2배당)+달력,고립,dow5,1.0709171684578302,0.7637618263550575,1.501598459261805,0.6911527365155157,752,752,171.0,0.1401020730770968
D2_외지인방문자(2배당)+달력,고립,dow6,1.0388260780749279,0.7486956938401467,1.4413861724693535,0.8196800117995662,752,752,152.0,0.14032789846890384
D2_외지인방문자(2배당)+달력,고립,hol,1.1252119829450786,0.8149987136940157,1.553501846431801,0.4734454187819366,752,752,72.0,0.05284314168285082
D3_전체방문자(2배당)+달력,고립,log2_total,3.2067112635205612,1.9960582056283793,5.151651940105846,1.4530317442584817e-06,752,752,,
D3_전체방문자(2배당)+달력,고립,dow1,0.9294024055221637,0.6784520335144926,1.2731759781392604,0.648430121398605,752,752,81.0,0.1439411047378167
D3_전체방문자(2배당)+달력,고립,dow2,0.9225769753746581,0.6810648768568894,1.249731566571891,0.6027911076414947,752,752,81.0,0.143534619032564
D3_전체방문자(2배당)+달력,고립,dow3,0.8545316838426678,0.6298757593176981,1.1593149726574459,0.3124418422679609,752,752,77.0,0.14448308567815366
D3_전체방문자(2배당)+달력,고립,dow4,0.9797084822308826,0.73492267175036,1.3060268066967136,0.8888472612824316,752,752,99.0,0.14362494918928684
D3_전체방문자(2배당)+달력,고립,dow5,1.3235780750553319,0.9735808170557154,1.799397533391338,0.07359465542072563,752,752,171.0,0.1401020730770968
D3_전체방문자(2배당)+달력,고립,dow6,1.3087899489834243,0.9734799576446351,1.759595682590656,0.07474721310310573,752,752,152.0,0.14032789846890384
D3_전체방문자(2배당)+달력,고립,hol,1.370089206719641,1.0219143396872346,1.836890198589611,0.03529887917636709,752,752,72.0,0.05284314168285082
D4_외지인(같은달평균대비),고립,rel[<0.8],0.8117268742473523,0.6329152756611373,1.0410564315849318,0.10036986531855008,752,752,147.0,0.3140779549252518
D4_외지인(같은달평균대비),고립,rel[1-1.2],1.40498481642227,1.1177543083504873,1.7660252522669329,0.0035680073065553763,752,752,124.0,0.14466374599159929
D4_외지인(같은달평균대비),고립,rel[1.2-1.5],1.8747445053472322,1.4857056128968065,2.3656550327468935,1.1823152723522412e-07,752,752,149.0,0.13201752405040423
D4_외지인(같은달평균대비),고립,rel[1.5+],2.584282634584514,1.9945082616759569,3.348452780939204,6.790124018607457e-13,752,752,141.0,0.09127862336841154
D4b_외지인(같은달평균대비)+달력,고립,rel[<0.8],0.8231885921732538,0.6358118351880435,1.0657861662543122,0.13980685487685607,752,752,147.0,0.3140779549252518
D4b_외지인(같은달평균대비)+달력,고립,rel[1-1.2],1.2985230394795804,1.0025201374561488,1.6819234058857415,0.04780827961579437,752,752,124.0,0.14466374599159929
D4b_외지인(같은달평균대비)+달력,고립,rel[1.2-1.5],1.6265610590414048,1.1989001277369808,2.2067733730113672,0.001775000200380017,752,752,149.0,0.13201752405040423
D4b_외지인(같은달평균대비)+달력,고립,rel[1.5+],2.169463659443976,1.5571963425834041,3.02246572313405,4.697942864062554e-06,752,752,141.0,0.09127862336841154
D4b_외지인(같은달평균대비)+달력,고립,dow1,0.938269075117662,0.6841735252121524,1.2867332992009146,0.692522008255898,752,752,81.0,0.1439411047378167
D4b_외지인(같은달평균대비)+달력,고립,dow2,0.9302999768210632,0.6877477934340465,1.2583945090567075,0.6392385115480426,752,752,81.0,0.143534619032564
D4b_외지인(같은달평균대비)+달력,고립,dow3,0.864719690989179,0.6380533698369235,1.1719084630420993,0.348668441785001,752,752,77.0,0.14448308567815366
D4b_외지인(같은달평균대비)+달력,고립,dow4,0.9772162003231545,0.7228915213903627,1.3210163266783537,0.8808810398912079,752,752,99.0,0.14362494918928684
D4b_외지인(같은달평균대비)+달력,고립,dow5,1.103101243431634,0.775876490303379,1.5683325483732828,0.5846841415824948,752,752,171.0,0.1401020730770968
D4b_외지인(같은달평균대비)+달력,고립,dow6,1.0750216930440986,0.7618365651161669,1.516954808199814,0.6805308831635748,752,752,152.0,0.14032789846890384
D4b_외지인(같은달평균대비)+달력,고립,hol,1.2504727427815268,0.9287798753372243,1.6835873837940425,0.14072870096353407,752,752,72.0,0.05284314168285082
D1_외지인방문자(2배당),표류,log2_outsider,3.5390100004220133,2.8809574150697417,4.347371369522248,0.0,496,496,,
D2_외지인방문자(2배당)+달력,표류,log2_outsider,2.2423716320808187,1.6446910960274552,3.0572491992604904,3.2904236557662614e-07,496,496,,
D2_외지인방문자(2배당)+달력,표류,dow1,1.022656858614296,0.6916055674992403,1.5121726886214069,0.9106130380858455,496,496,45.0,0.14415884672922616
D2_외지인방문자(2배당)+달력,표류,dow2,0.9033246998363331,0.5790248058004025,1.409258299748363,0.6540924568777509,496,496,39.0,0.1434108527131783
D2_외지인방문자(2배당)+달력,표류,dow3,0.9969650955682334,0.6473340030000053,1.5354351805637632,0.9889934572192303,496,496,44.0,0.14307085543315654
D2_외지인방문자(2배당)+달력,표류,dow4,1.1030103842704162,0.7247343838778144,1.6787280069403845,0.6472814379030738,496,496,57.0,0.1431388548891609
D2_외지인방문자(2배당)+달력,표류,dow5,1.9866102087813304,1.3658487647242994,2.8895000849020342,0.00032934145642116164,496,496,147.0,0.1383108935128519
D2_외지인방문자(2배당)+달력,표류,dow6,1.669337383884822,1.1335532421931305,2.458364722105075,0.009465433607064977,496,496,117.0,0.14116687066503467
D2_외지인방문자(2배당)+달력,표류,hol,1.1265257956814296,0.7489597920853854,1.6944305712355228,0.5672953497471451,496,496,34.0,0.042839657282741736
D3_전체방문자(2배당)+달력,표류,log2_total,3.545086212626383,1.975561667932424,6.361550975073667,2.2126030527536145e-05,496,496,,
D3_전체방문자(2배당)+달력,표류,dow1,1.0107894249989036,0.6841095101986303,1.4934674148777234,0.9570288794442667,496,496,45.0,0.14415884672922616
D3_전체방문자(2배당)+달력,표류,dow2,0.8849971483443233,0.5670074730030373,1.3813220986831485,0.5906842749094494,496,496,39.0,0.1434108527131783
D3_전체방문자(2배당)+달력,표류,dow3,0.9882771609514457,0.6425853424091595,1.5199409049644197,0.9571804567696562,496,496,44.0,0.14307085543315654
D3_전체방문자(2배당)+달력,표류,dow4,1.1491168265539962,0.7585549763830299,1.7407696504290808,0.5118726069787944,496,496,57.0,0.1431388548891609
D3_전체방문자(2배당)+달력,표류,dow5,2.401813661464908,1.6980778190480295,3.397199350753843,7.301367732637232e-07,496,496,147.0,0.1383108935128519
D3_전체방문자(2배당)+달력,표류,dow6,2.0474223395223436,1.426562465195909,2.9384890873316722,0.00010140667546343352,496,496,117.0,0.14116687066503467
D3_전체방문자(2배당)+달력,표류,hol,1.3249635381250329,0.8949058332226132,1.9616906183738185,0.1598985825657282,496,496,34.0,0.042839657282741736
D4_외지인(같은달평균대비),표류,rel[<0.8],0.6662172484161928,0.46169833549412853,0.9613320819366211,0.029947922246002623,496,496,61.0,0.2707738338093295
D4_외지인(같은달평균대비),표류,rel[1-1.2],1.6290181548182168,1.229927819664558,2.1576064109608475,0.0006654790775502128,496,496,112.0,0.19332245342037263
D4_외지인(같은달평균대비),표류,rel[1.2-1.5],2.691810234486294,2.0630448023181356,3.512207941554824,2.9753977059954195e-13,496,496,132.0,0.13994288045695635
D4_외지인(같은달평균대비),표류,rel[1.5+],3.135121553283022,2.2783975836604187,4.313991212222378,2.275291066666796e-12,496,496,76.0,0.0675234598123215
D4b_외지인(같은달평균대비)+달력,표류,rel[<0.8],0.7155100011338575,0.4943218348820253,1.035670540114328,0.07602369316191249,496,496,61.0,0.2707738338093295
D4b_외지인(같은달평균대비)+달력,표류,rel[1-1.2],1.2706783630660201,0.9308564659203142,1.7345568962319053,0.131366685743449,496,496,112.0,0.19332245342037263
D4b_외지인(같은달평균대비)+달력,표류,rel[1.2-1.5],1.6895769469824298,1.1678985924019567,2.4442792193998755,0.005372726832377328,496,496,132.0,0.13994288045695635
D4b_외지인(같은달평균대비)+달력,표류,rel[1.5+],1.8541087680506225,1.2159504381387987,2.8271870431036326,0.004125630641904632,496,496,76.0,0.0675234598123215
D4b_외지인(같은달평균대비)+달력,표류,dow1,1.0246637789191126,0.6928503977283946,1.5153860967261552,0.9028682602288587,496,496,45.0,0.14415884672922616
D4b_외지인(같은달평균대비)+달력,표류,dow2,0.8958622997238425,0.5759397154902237,1.393495253897133,0.6256333392298796,496,496,39.0,0.1434108527131783
D4b_외지인(같은달평균대비)+달력,표류,dow3,1.0044704565161828,0.6509637568155978,1.5499494210699092,0.9839195442658439,496,496,44.0,0.14307085543315654
D4b_외지인(같은달평균대비)+달력,표류,dow4,1.1269510976113561,0.7364650032922196,1.7244794670895087,0.5818746533104839,496,496,57.0,0.1431388548891609
D4b_외지인(같은달평균대비)+달력,표류,dow5,2.0375610036651723,1.3741121698006231,3.0213362015849183,0.0003983251877852645,496,496,147.0,0.1383108935128519
D4b_외지인(같은달평균대비)+달력,표류,dow6,1.6945618552195638,1.1343376478258305,2.53146837422615,0.010008852060574336,496,496,117.0,0.14116687066503467
D4b_외지인(같은달평균대비)+달력,표류,hol,1.2504497122205294,0.8293676936529019,1.8853211847516165,0.28601408973738995,496,496,34.0,0.042839657282741736
D1_외지인방문자(2배당),변사,log2_outsider,0.8124563304846125,0.5802420826835405,1.1376032670566008,0.22653865737907042,246,246,,
D2_외지인방문자(2배당)+달력,변사,log2_outsider,0.7933965610549496,0.5063402886170012,1.2431918163438134,0.31249362478239906,246,246,,
D2_외지인방문자(2배당)+달력,변사,dow1,0.7592613407672868,0.4901403468270473,1.176148397730571,0.21742713374124678,246,246,33.0,0.14285714285714285
D2_외지인방문자(2배당)+달력,변사,dow2,0.572931479520789,0.35552352472573184,0.9232876515811682,0.02214691917909173,246,246,25.0,0.1442334159097165
D2_외지인방문자(2배당)+달력,변사,dow3,0.7593450445498033,0.4753319221728055,1.2130573811382266,0.2493739026044417,246,246,33.0,0.14327002477291495
D2_외지인방문자(2배당)+달력,변사,dow4,1.0645243828974789,0.6931080227888639,1.6349719300947405,0.7751758572163494,246,246,45.0,0.14395816129920175
D2_외지인방문자(2배당)+달력,변사,dow5,0.8278503504556128,0.4944505979920083,1.386055969054684,0.472467462452808,246,246,31.0,0.14368290668868702
D2_외지인방문자(2배당)+달력,변사,dow6,0.9721832065755237,0.5818458001876539,1.624382588724789,0.9142228731211153,246,246,37.0,0.14106798788879713
D2_외지인방문자(2배당)+달력,변사,hol,0.434676245162069,0.1738068899171712,1.087088309319828,0.07483834940218981,246,246,5.0,0.050233966418937515
D3_전체방문자(2배당)+달력,변사,log2_total,0.9119229105709387,0.37372675385014303,2.2251642042132964,0.839459728520402,246,246,,
D3_전체방문자(2배당)+달력,변사,dow1,0.7592441899577587,0.48984289823473043,1.176809426169082,0.21800341241524568,246,246,33.0,0.14285714285714285
D3_전체방문자(2배당)+달력,변사,dow2,0.5734936047900474,0.35591349220851237,0.9240866725625551,0.022350141110809574,246,246,25.0,0.1442334159097165
D3_전체방문자(2배당)+달력,변사,dow3,0.755475449490776,0.47229582198915093,1.2084442169729814,0.24199941456455498,246,246,33.0,0.14327002477291495
D3_전체방문자(2배당)+달력,변사,dow4,1.0206062682144124,0.662015997574304,1.5734319994308548,0.9264145534005195,246,246,45.0,0.14395816129920175
D3_전체방문자(2배당)+달력,변사,dow5,0.7253970713615407,0.44464919876819425,1.1834068578052712,0.19857200846114997,246,246,31.0,0.14368290668868702
D3_전체방문자(2배당)+달력,변사,dow6,0.8661656605260601,0.538222653848052,1.393926744091211,0.5539418691823217,246,246,37.0,0.14106798788879713
D3_전체방문자(2배당)+달력,변사,hol,0.38499775360009053,0.15725154049218673,0.9425870793582508,0.03666919045029049,246,246,5.0,0.050233966418937515
D4_외지인(같은달평균대비),변사,rel[<0.8],1.1970771450718964,0.813998137495279,1.7604385381800618,0.3606366820222182,246,246,68.0,0.2398843930635838
D4_외지인(같은달평균대비),변사,rel[1-1.2],0.8724604243327265,0.6077580052411843,1.2524511161720853,0.4595039791433009,246,246,41.0,0.18882466281310212
D4_외지인(같은달평균대비),변사,rel[1.2-1.5],1.0263596842477436,0.6637174669743637,1.5871425024434627,0.9068718822387418,246,246,34.0,0.13845306908890723
D4_외지인(같은달평균대비),변사,rel[1.5+],0.8008832230583856,0.4206716056737829,1.5247378913274774,0.49909241138094895,246,246,12.0,0.06399669694467382
D4b_외지인(같은달평균대비)+달력,변사,rel[<0.8],1.2993075403659344,0.8843052753112012,1.9090693356518427,0.182299889467187,246,246,68.0,0.2398843930635838
D4b_외지인(같은달평균대비)+달력,변사,rel[1-1.2],0.82297739524306,0.5520119159453991,1.2269513999912358,0.33898023644886277,246,246,41.0,0.18882466281310212
D4b_외지인(같은달평균대비)+달력,변사,rel[1.2-1.5],1.0444700065993082,0.5819265653073012,1.8746653954687083,0.8840828323929091,246,246,34.0,0.13845306908890723
D4b_외지인(같은달평균대비)+달력,변사,rel[1.5+],0.9333533889392264,0.42663906982287014,2.041886480312311,0.8629008071952102,246,246,12.0,0.06399669694467382
D4b_외지인(같은달평균대비)+달력,변사,dow1,0.7619197593365507,0.491602047880454,1.1808773420908052,0.22386782992131793,246,246,33.0,0.14285714285714285
D4b_외지인(같은달평균대비)+달력,변사,dow2,0.5753181630979652,0.35730708794335275,0.9263487906035942,0.02291783038207651,246,246,25.0,0.1442334159097165
D4b_외지인(같은달평균대비)+달력,변사,dow3,0.767780296039121,0.48087341137664097,1.2258664526664975,0.26832309369317553,246,246,33.0,0.14327002477291495
D4b_외지인(같은달평균대비)+달력,변사,dow4,1.1333609442134518,0.7385467920221808,1.7392358124681009,0.5666834440507789,246,246,45.0,0.14395816129920175
D4b_외지인(같은달평균대비)+달력,변사,dow5,0.8119662004356667,0.4554813941285165,1.4474556351777375,0.4800591118246853,246,246,31.0,0.14368290668868702
D4b_외지인(같은달평균대비)+달력,변사,dow6,1.0002532943411158,0.58911917801277,1.6983094256330038,0.9992518322240767,246,246,37.0,0.14106798788879713
D4b_외지인(같은달평균대비)+달력,변사,hol,0.42075436273740685,0.16226950814715607,1.090988909647866,0.07493580308755754,246,246,5.0,0.050233966418937515
D1_외지인방문자(2배당),사망·실종,log2_outsider,1.3247289449286845,1.1086588361706082,1.582909656494009,0.001965093720385891,707,707,,
D2_외지인방문자(2배당)+달력,사망·실종,log2_outsider,1.2617230665625556,0.9750873802085144,1.6326178853382298,0.07703989335848749,707,707,,
D2_외지인방문자(2배당)+달력,사망·실종,dow1,0.9912843979281165,0.7485083487656999,1.312804004385659,0.9512985636228275,707,707,95.0,0.14276828859863164
D2_외지인방문자(2배당)+달력,사망·실종,dow2,0.8754086099926478,0.6540002090445388,1.1717736842452147,0.3710812388439675,707,707,84.0,0.1438208698148414
D2_외지인방문자(2배당)+달력,사망·실종,dow3,0.9492084508089557,0.7116883003857892,1.265999009114986,0.7227645409821115,707,707,92.0,0.14348595760968375
D2_외지인방문자(2배당)+달력,사망·실종,dow4,1.0167670331552028,0.7653640513276102,1.3507496176727456,0.9086480842150118,707,707,103.0,0.1431988900052629
D2_외지인방문자(2배당)+달력,사망·실종,dow5,0.9831153718458894,0.7178094306160326,1.3464797105412865,0.9154888278348101,707,707,110.0,0.14281613319936845
D2_외지인방문자(2배당)+달력,사망·실종,dow6,1.1675358816161054,0.8535898518547202,1.5969496730768316,0.3323789737619878,707,707,127.0,0.1409980383713698
D2_외지인방문자(2배당)+달력,사망·실종,hol,0.8575152387375511,0.5826807158050046,1.261981673189953,0.43555489442119244,707,707,35.0,0.05090665518396249
D3_전체방문자(2배당)+달력,사망·실종,log2_total,1.8194260769531556,1.1207014752464686,2.953785037865802,0.015480833863725785,707,707,,
D3_전체방문자(2배당)+달력,사망·실종,dow1,0.989716050178383,0.7472601609865843,1.3108391308957865,0.942521011041821,707,707,95.0,0.14276828859863164
D3_전체방문자(2배당)+달력,사망·실종,dow2,0.8712009838912406,0.6510593553329407,1.1657787390904326,0.3534974380215976,707,707,84.0,0.1438208698148414
D3_전체방문자(2배당)+달력,사망·실종,dow3,0.9474227602047376,0.7102824012752651,1.2637366277727908,0.7132747874200223,707,707,92.0,0.14348595760968375
D3_전체방문자(2배당)+달력,사망·실종,dow4,1.0135622974102914,0.7635871503166639,1.3453716845622625,0.9257185954250373,707,707,103.0,0.1431988900052629
D3_전체방문자(2배당)+달력,사망·실종,dow5,1.0039297157609466,0.7478227507478171,1.3477456699197603,0.9791764843538979,707,707,110.0,0.14281613319936845
D3_전체방문자(2배당)+달력,사망·실종,dow6,1.2156372394962303,0.909745788133197,1.6243811373751065,0.18670501756667424,707,707,127.0,0.1409980383713698
D3_전체방문자(2배당)+달력,사망·실종,hol,0.8718295633082984,0.6047320801910839,1.256898405684324,0.4623944245754372,707,707,35.0,0.05090665518396249
D4_외지인(같은달평균대비),사망·실종,rel[<0.8],0.937523719919485,0.734013921333086,1.197457840874945,0.6053594484394913,707,707,154.0,0.24549064638055595
D4_외지인(같은달평균대비),사망·실종,rel[1-1.2],0.9949581314423468,0.8066190302194997,1.2272729085673322,0.9623455591483567,707,707,136.0,0.19731113343859147
D4_외지인(같은달평균대비),사망·실종,rel[1.2-1.5],1.117553466353237,0.8778174893433209,1.4227624367480236,0.3669632262008422,707,707,101.0,0.13238601023874455
D4_외지인(같은달평균대비),사망·실종,rel[1.5+],1.5708557602274897,1.1657095563145825,2.11681186456189,0.0030023565631975835,707,707,68.0,0.0642074541887948
D4b_외지인(같은달평균대비)+달력,사망·실종,rel[<0.8],0.9736576044777391,0.7613783511828895,1.2451222566080156,0.8315160509873263,707,707,154.0,0.24549064638055595
D4b_외지인(같은달평균대비)+달력,사망·실종,rel[1-1.2],0.9278422338921561,0.7275273980811175,1.1833110522911185,0.5461374923075915,707,707,136.0,0.19731113343859147
D4b_외지인(같은달평균대비)+달력,사망·실종,rel[1.2-1.5],1.0301405148567582,0.7408005239232935,1.4324901860615151,0.8598839950718107,707,707,101.0,0.13238601023874455
D4b_외지인(같은달평균대비)+달력,사망·실종,rel[1.5+],1.5055630776923605,1.0263236910568223,2.2085821468044005,0.03635763515375978,707,707,68.0,0.0642074541887948
D4b_외지인(같은달평균대비)+달력,사망·실종,dow1,0.9899817550018153,0.7476869719256571,1.310794372559861,0.9439508514075994,707,707,95.0,0.14276828859863164
D4b_외지인(같은달평균대비)+달력,사망·실종,dow2,0.875462394710354,0.6541572767250003,1.1716362896536079,0.37100889649372637,707,707,84.0,0.1438208698148414
D4b_외지인(같은달평균대비)+달력,사망·실종,dow3,0.9536319925405522,0.7158352672652514,1.2704235440524645,0.7456118911021636,707,707,92.0,0.14348595760968375
D4b_외지인(같은달평균대비)+달력,사망·실종,dow4,1.0657933973961258,0.8034652750225878,1.4137705775787783,0.6584708299806066,707,707,103.0,0.1431988900052629
D4b_외지인(같은달평균대비)+달력,사망·실종,dow5,1.0296473641246726,0.7277076957107171,1.4568675042160515,0.8689503589711687,707,707,110.0,0.14281613319936845
D4b_외지인(같은달평균대비)+달력,사망·실종,dow6,1.2448250270931447,0.8982071748027419,1.725202594176292,0.18842695957469635,707,707,127.0,0.1409980383713698
D4b_외지인(같은달평균대비)+달력,사망·실종,hol,0.8510358705458813,0.5756287003428521,1.2582104619252061,0.4187536833978682,707,707,35.0,0.05090665518396249
D1_외지인방문자(2배당),변사제외,log2_outsider,2.179173207751225,2.0065807671535203,2.366610877127699,0.0,3023,3023,,
D2_외지인방문자(2배당)+달력,변사제외,log2_outsider,1.9605599692464588,1.7281445820789605,2.224232528268893,0.0,3023,3023,,
D2_외지인방문자(2배당)+달력,변사제외,dow1,0.9867543408558666,0.8514588172392225,1.143548119396987,0.8593338065999163,3023,3023,353.0,0.14334696621659476
D2_외지인방문자(2배당)+달력,변사제외,dow2,0.9286703053255593,0.7982272154751532,1.0804298817099314,0.33793092957353066,3023,3023,330.0,0.14319009468317553
D2_외지인방문자(2배당)+달력,변사제외,dow3,0.8932139956524219,0.7676807958587175,1.039274717217488,0.1438897444028957,3023,3023,326.0,0.14366070928343325
D2_외지인방문자(2배당)+달력,변사제외,dow4,0.9444416974194574,0.8159769165386972,1.0931315601527125,0.44350967659909646,3023,3023,395.0,0.14350383775001402
D2_외지인방문자(2배당)+달력,변사제외,dow5,1.1310824356189177,0.9665004308442406,1.3236905389148246,0.12471115396816712,3023,3023,646.0,0.14108353409154575
D2_외지인방문자(2배당)+달력,변사제외,dow6,1.1273252865914138,0.9642412648016876,1.31799202977461,0.13277205218283883,3023,3023,603.0,0.1410723289820158
D2_외지인방문자(2배당)+달력,변사제외,hol,0.9541746785603723,0.7993714944388799,1.138956447083319,0.6034975305692316,3023,3023,210.0,0.04934730236988066
D3_전체방문자(2배당)+달력,변사제외,log2_total,3.245472706228383,2.548400539025961,4.133217257479978,0.0,3023,3023,,
D3_전체방문자(2배당)+달력,변사제외,dow1,0.9799258220917563,0.8456986181331768,1.1354572376172285,0.7873120442753079,3023,3023,353.0,0.14334696621659476
D3_전체방문자(2배당)+달력,변사제외,dow2,0.9154613348411733,0.7869408875426348,1.0649712943575804,0.2524520083177557,3023,3023,330.0,0.14319009468317553
D3_전체방문자(2배당)+달력,변사제외,dow3,0.8909860195387471,0.7659579406537451,1.0364225564865146,0.1345871162418022,3023,3023,326.0,0.14366070928343325
D3_전체방문자(2배당)+달력,변사제외,dow4,0.9764115009336589,0.8449355753062737,1.128345695244206,0.7463077149769339,3023,3023,395.0,0.14350383775001402
D3_전체방문자(2배당)+달력,변사제외,dow5,1.3245871613074933,1.1473032491615782,1.5292653874926376,0.00012585136320586443,3023,3023,646.0,0.14108353409154575
D3_전체방문자(2배당)+달력,변사제외,dow6,1.3502277916101564,1.17059198648053,1.5574300100223373,3.748709131601302e-05,3023,3023,603.0,0.1410723289820158
D3_전체방문자(2배당)+달력,변사제외,hol,1.1099377075659649,0.9405455579236751,1.309837364387151,0.21700863714705054,3023,3023,210.0,0.04934730236988066
D4_외지인(같은달평균대비),변사제외,rel[<0.8],0.7400836844655507,0.6556873874477925,0.8353429858458518,1.1025819852683583e-06,3023,3023,515.0,0.26618858199338896
D4_외지인(같은달평균대비),변사제외,rel[1-1.2],1.2126923076515586,1.0927269925845806,1.3458280458130365,0.0002850316378917306,3023,3023,598.0,0.18398789848170766
D4_외지인(같은달평균대비),변사제외,rel[1.2-1.5],1.631250944122053,1.4578735690681623,1.8252471950636455,0.0,3023,3023,584.0,0.1340019048686201
D4_외지인(같은달평균대비),변사제외,rel[1.5+],2.1504074070086405,1.8795455206959757,2.4603032835327734,0.0,3023,3023,409.0,0.07023362653369937
D4b_외지인(같은달평균대비)+달력,변사제외,rel[<0.8],0.7545316268714883,0.6668579488570026,0.8537320083312322,7.84722146107697e-06,3023,3023,515.0,0.26618858199338896
D4b_외지인(같은달평균대비)+달력,변사제외,rel[1-1.2],1.0974990358654695,0.9728202482148538,1.2381569318031016,0.13050301355802874,3023,3023,598.0,0.18398789848170766
D4b_외지인(같은달평균대비)+달력,변사제외,rel[1.2-1.5],1.3531703887456001,1.1609491987828162,1.577218109886016,0.0001092123599235606,3023,3023,584.0,0.1340019048686201
D4b_외지인(같은달평균대비)+달력,변사제외,rel[1.5+],1.77831297464517,1.4919456098168937,2.119646329586689,1.3100409645971922e-10,3023,3023,409.0,0.07023362653369937
D4b_외지인(같은달평균대비)+달력,변사제외,dow1,0.9837261940078892,0.8489069622232035,1.1399567536151327,0.8272901695358383,3023,3023,353.0,0.14334696621659476
D4b_외지인(같은달평균대비)+달력,변사제외,dow2,0.9201611506064732,0.7911667674806696,1.0701871942644705,0.2802559468412489,3023,3023,330.0,0.14319009468317553
D4b_외지인(같은달평균대비)+달력,변사제외,dow3,0.8944629241145337,0.7690177130941774,1.040371254124211,0.14799517494175096,3023,3023,326.0,0.14366070928343325
D4b_외지인(같은달평균대비)+달력,변사제외,dow4,0.976514997486886,0.842051838912596,1.1324499232116678,0.7532078440906644,3023,3023,395.0,0.14350383775001402
D4b_외지인(같은달평균대비)+달력,변사제외,dow5,1.209190942465198,1.0215660720034903,1.4312757396810634,0.027242736863309913,3023,3023,646.0,0.14108353409154575
D4b_외지인(같은달평균대비)+달력,변사제외,dow6,1.2056608408628549,1.0214780812876831,1.4230536022443911,0.027018605612579627,3023,3023,603.0,0.1410723289820158
D4b_외지인(같은달평균대비)+달력,변사제외,hol,1.0638490038008543,0.897779123337524,1.2606382499524604,0.47476176831600103,3023,3023,210.0,0.04934730236988066
D5_특보+외지인방문자,전체,any_warn,0.8766166222243578,0.792129394556976,0.970115119626165,0.010872123888641783,3269,3269,480.0,0.17614572432157993
D5_특보+외지인방문자,전체,log2_outsider,1.8089843604365399,1.5989412219988077,2.0466195825592624,0.0,3269,3269,,
D5_특보+외지인방문자,전체,dow1,0.9659607239419244,0.839683197533342,1.1112287621562846,0.6280249836896696,3269,3269,386.0,0.14331008900539835
D5_특보+외지인방문자,전체,dow2,0.8895203987900829,0.7697383175758234,1.0279422523171013,0.11261908876001869,3269,3269,355.0,0.1432686429526168
D5_특보+외지인방문자,전체,dow3,0.8765278483644533,0.7601894916077334,1.0106704676139753,0.06969158049764657,3269,3269,359.0,0.14363129591445534
D5_특보+외지인방문자,전체,dow4,0.9534098376551514,0.8318045711030898,1.0927931272752842,0.49313124625344407,3269,3269,440.0,0.14353804229569686
D5_특보+외지인방문자,전체,dow5,1.1159306942600566,0.9607423279981798,1.29618658208436,0.15106602024002092,3269,3269,677.0,0.14127923241910248
D5_특보+외지인방문자,전체,dow6,1.119373584642461,0.9637345380804642,1.300147678105418,0.1398403554102019,3269,3269,640.0,0.14107200215519475
D5_특보+외지인방문자,전체,hol,0.9436445638559585,0.7939632743915988,1.1215443983567768,0.5103653520242981,3269,3269,215.0,0.04941405642880086
D7_특보×방문자많은날(같은달평균 1.2배↑) 상호작용,전체,any_warn,0.8112797608675927,0.7248321500885098,0.9080376061037141,0.00027461993623711933,3269,3269,480.0,0.17614572432157993
D7_특보×방문자많은날(같은달평균 1.2배↑) 상호작용,전체,hiV,1.4138459934596772,1.256580258734291,1.5907941250290403,8.600514966872197e-09,3269,3269,1039.0,0.2041010869227342
D7_특보×방문자많은날(같은달평균 1.2배↑) 상호작용,전체,hiV_x_warn,1.0696524720822909,0.8441535687936986,1.3553889402692019,0.5772333572640931,3269,3269,107.0,0.022950751727782326
D7_특보×방문자많은날(같은달평균 1.2배↑) 상호작용,전체,dow1,0.9652828480558374,0.8394827780856683,1.1099345943410204,0.6199156214682655,3269,3269,386.0,0.14331008900539835
D7_특보×방문자많은날(같은달평균 1.2배↑) 상호작용,전체,dow2,0.8828233078287182,0.7643125279813805,1.019709823289232,0.09014937305467896,3269,3269,355.0,0.1432686429526168
D7_특보×방문자많은날(같은달평균 1.2배↑) 상호작용,전체,dow3,0.8897013005408442,0.7718746236367242,1.0255142220566302,0.10687376136295335,3269,3269,359.0,0.14363129591445534
D7_특보×방문자많은날(같은달평균 1.2배↑) 상호작용,전체,dow4,1.0715063504385134,0.9366533552775044,1.225774564902834,0.31422326745787243,3269,3269,440.0,0.14353804229569686
D7_특보×방문자많은날(같은달평균 1.2배↑) 상호작용,전체,dow5,1.318905579966706,1.1328939321870908,1.5354587745996005,0.0003588110465553296,3269,3269,677.0,0.14127923241910248
D7_특보×방문자많은날(같은달평균 1.2배↑) 상호작용,전체,dow6,1.3302092974679007,1.1492635735229695,1.5396440084200416,0.0001308191664870506,3269,3269,640.0,0.14107200215519475
D7_특보×방문자많은날(같은달평균 1.2배↑) 상호작용,전체,hol,1.1609023406227525,0.9884949374603306,1.363380016822261,0.06892297815092618,3269,3269,215.0,0.04941405642880086
D8_특보×방문자 4칸(기준: 방문자 보통·특보 없음),전체,cell_lowV_warn,0.8112797608675927,0.7248321500885099,0.9080376061037139,0.00027461993623711933,3269,3269,373.0,0.1531949725937976
D8_특보×방문자 4칸(기준: 방문자 보통·특보 없음),전체,cell_hiV_nowarn,1.4138459934596772,1.256580258734292,1.5907941250290394,8.600514966872197e-09,3269,3269,932.0,0.18115033519495188
D8_특보×방문자 4칸(기준: 방문자 보통·특보 없음),전체,cell_hiV_warn,1.2269177411564822,0.978201974268021,1.5388715042115373,0.07683990301689558,3269,3269,107.0,0.022950751727782326
D8_특보×방문자 4칸(기준: 방문자 보통·특보 없음),전체,dow1,0.9652828480558374,0.8394827780856682,1.1099345943410202,0.6199156214682651,3269,3269,386.0,0.14331008900539835
D8_특보×방문자 4칸(기준: 방문자 보통·특보 없음),전체,dow2,0.8828233078287182,0.7643125279813805,1.019709823289232,0.09014937305467896,3269,3269,355.0,0.1432686429526168
D8_특보×방문자 4칸(기준: 방문자 보통·특보 없음),전체,dow3,0.8897013005408442,0.7718746236367241,1.0255142220566305,0.10687376136295379,3269,3269,359.0,0.14363129591445534
D8_특보×방문자 4칸(기준: 방문자 보통·특보 없음),전체,dow4,1.0715063504385134,0.9366533552775043,1.225774564902834,0.3142232674578733,3269,3269,440.0,0.14353804229569686
D8_특보×방문자 4칸(기준: 방문자 보통·특보 없음),전체,dow5,1.318905579966706,1.132893932187091,1.5354587745996005,0.0003588110465553296,3269,3269,677.0,0.14127923241910248
D8_특보×방문자 4칸(기준: 방문자 보통·특보 없음),전체,dow6,1.3302092974679005,1.1492635735229693,1.5396440084200413,0.0001308191664870506,3269,3269,640.0,0.14107200215519475
D8_특보×방문자 4칸(기준: 방문자 보통·특보 없음),전체,hol,1.1609023406227525,0.9884949374603306,1.363380016822261,0.06892297815092596,3269,3269,215.0,0.04941405642880086
D6_특보없는날_파고+외지인방문자,전체,wh_max[0-0.5],1.0617474510703806,0.9574190689219853,1.1774443255279559,0.25620405266831314,2731,2731,1324.0,0.4748333951572673
D6_특보없는날_파고+외지인방문자,전체,wh_max[1-1.5],1.0958273706538246,0.9673973949022573,1.2413074839791185,0.1501969627811064,2731,2731,416.0,0.14603665946098057
D6_특보없는날_파고+외지인방문자,전체,wh_max[1.5-2],1.0933628200665129,0.8903908846232337,1.342603879878718,0.3942538792679653,2731,2731,141.0,0.05065298865424219
D6_특보없는날_파고+외지인방문자,전체,wh_max[2+],0.8960326557781738,0.5718490610505979,1.4039972693945688,0.6318658411652591,2731,2731,20.0,0.008864273014492384
D6_특보없는날_파고+외지인방문자,전체,log2_outsider,1.7443500582175373,1.5299892600996527,1.988744107527488,0.0,2731,2731,,
D6_특보없는날_파고+외지인방문자,전체,dow1,0.993609329409782,0.8520347794989993,1.1587079814637027,0.9348477678047069,2731,2731,321.0,0.13811893219406746
D6_특보없는날_파고+외지인방문자,전체,dow2,0.878317214949286,0.7513900852997473,1.02668526663953,0.10325064270476125,2731,2731,291.0,0.14310748410698526
D6_특보없는날_파고+외지인방문자,전체,dow3,0.8864647225344724,0.7598844440542482,1.0341305318812652,0.1252591750449652,2731,2731,307.0,0.14630527379475305
D6_특보없는날_파고+외지인방문자,전체,dow4,0.9658606952078337,0.8315592618292144,1.1218525550364875,0.6492983728260873,2731,2731,367.0,0.14439939114084344
D6_특보없는날_파고+외지인방문자,전체,dow5,1.1441454578345491,0.9728487976011351,1.3456035839396123,0.10366465474584707,2731,2731,571.0,0.14303073715447884
D6_특보없는날_파고+외지인방문자,전체,dow6,1.1388673564864045,0.9696001005206868,1.3376843246755197,0.1132045864027047,2731,2731,537.0,0.1429923636782256
D6_특보없는날_파고+외지인방문자,전체,hol,0.9634704117171442,0.7960579413544119,1.166090036957658,0.7023595656887132,2731,2731,180.0,0.04936108162038399
