group,season,model,subset,term,RR,lo,hi,p,n_events,n_strata,cases_with,ref_share,q
선박,봄,S일1_주말·공휴일(평일 대비),전체,weekend_or_hol,1.2107186750560257,0.9703843965494942,1.51057633999647,0.0903200550281431,1500,1500.0,545.0,0.319309043532953,0.31786917387633573
선박,봄,S일3_특보유무(풍랑·태풍)+달력,전체,any_warn,0.993782366969342,0.7655225755603589,1.2901035507362628,0.9626369006604594,1500,1500.0,250.0,0.1653937733051799,0.9831495721234941
선박,봄,S일4_특보최고수준+달력,전체,warn_주의보,0.9456665337832652,0.7327937530989881,1.2203777520423986,0.6676666969401706,1500,1500.0,225.0,0.15685790017521,0.8525990850393336
선박,봄,S일4_특보최고수준+달력,전체,warn_경보,2.023224497886816,0.8984927233873159,4.555893734361148,0.08883986479461,1500,1500.0,25.0,0.0085358731299699,0.31723908083020735
선박,봄,S일5_특보없는때_파고+달력,전체,wh_max[0-0.5],1.0748049533962127,0.880884240156019,1.3114160013129867,0.4773134632223621,1193,1193.0,536.0,0.4362479042937114,0.7265497703954635
선박,봄,S일5_특보없는때_파고+달력,전체,wh_max[1-1.5],0.8088012226348879,0.6521456962619396,1.0030878398574006,0.0533680237756195,1193,1193.0,170.0,0.1622005626438578,0.22386219296971274
선박,봄,S일5_특보없는때_파고+달력,전체,wh_max[1.5-2],0.8524065362448823,0.6064148846007426,1.1981844797747367,0.3579773035977154,1193,1193.0,59.0,0.0529680884317012,0.6640324544919312
선박,봄,S일5_특보없는때_파고+달력,전체,wh_max[2+],0.4877544589810876,0.2041829375690529,1.1651532448712876,0.106103595995874,1193,1193.0,5.0,0.0071893381830581,0.3497811159113816
선박,봄,S일6_특보없는때_풍속+달력,전체,ws_max[0-4],1.1565642606577804,0.9076693959300186,1.4737093649172794,0.2394124241952866,1193,1193.0,167.0,0.1258276263817453,0.565448097569148
선박,봄,S일6_특보없는때_풍속+달력,전체,ws_max[6-8],0.9646492137532734,0.7952739417786345,1.1700975685354815,0.7148468027546195,1193,1193.0,332.0,0.2787076241084368,0.868786584535936
선박,봄,S일6_특보없는때_풍속+달력,전체,ws_max[8-10],0.8892521797594832,0.7006560150859723,1.128612931568086,0.3344759175546015,1193,1193.0,224.0,0.2052513426728424,0.6440301000757229
선박,봄,S일6_특보없는때_풍속+달력,전체,ws_max[10-12],0.9861192912097846,0.7099887947306104,1.3696431038254,0.933539470649493,1193,1193.0,112.0,0.0927794038248415,0.9780320147029489
선박,봄,S일6_특보없는때_풍속+달력,전체,ws_max[12+],1.0256663628089298,0.6242375914979796,1.6852421291598938,0.9203209056465812,1193,1193.0,32.0,0.0255178880963882,0.9690301418900371
선박,봄,S일7_특보있는때만_파고+달력,전체,wh_max[2-3],0.9426999995818076,0.5505369815798897,1.6142117949302213,0.8297448907368015,236,236.0,60.0,0.2929528246942341,0.9335968595875371
선박,봄,S일7_특보있는때만_파고+달력,전체,wh_max[3+],1.6976049763574186,0.8169956306303793,3.5273905363849707,0.1560997454066668,236,236.0,30.0,0.0971170646476412,0.43797128568384797
선박,봄,S일8_특보있는때만_풍속+달력,전체,ws_max[10-14],1.018767173153533,0.6551621116177581,1.5841675437128695,0.9342098063048534,236,236.0,111.0,0.5313046010483401,0.9780320147029489
선박,봄,S일8_특보있는때만_풍속+달력,전체,ws_max[14+],1.4705700328127698,0.7970215400728126,2.713322178481383,0.2171907469675993,236,236.0,63.0,0.1946709376820035,0.5332032838054562
선박,봄,S일1_주말·공휴일(평일 대비),전복,weekend_or_hol,1.7592802120244049,1.1734051184370429,2.6376797031047685,0.0062590068349455,162,162.0,74.0,0.3198170097733416,0.060854898137786946
선박,봄,S일3_특보유무(풍랑·태풍)+달력,전복,any_warn,1.9981025685560687,1.1776647461833265,3.390110714793243,0.0102791994931734,162,162.0,45.0,0.1734248284466625,0.08273913034669082
선박,봄,S일4_특보최고수준+달력,전복,warn_주의보,1.7602488851291067,1.0764045522472003,2.878542394799058,0.0242332861936036,162,162.0,37.0,0.1624038261592846,0.13676486805815366
선박,봄,S일4_특보최고수준+달력,전복,warn_경보,6.4543317723294615,1.6115001233310031,25.85069527713893,0.0084383443550266,162,162.0,8.0,0.0110210022873778,0.073331452713594
선박,봄,S일5_특보없는때_파고+달력,전복,wh_max[0-0.5],0.6676910885973323,0.3808575761764647,1.170546203302335,0.1584724054903485,115,115.0,43.0,0.4651102464332036,0.43960424347887633
선박,봄,S일5_특보없는때_파고+달력,전복,wh_max[1-1.5],1.0511617115140723,0.5713236853186798,1.93400163890784,0.8725647944756467,115,115.0,21.0,0.1429312581063553,0.9560745241862061
선박,봄,S일5_특보없는때_파고+달력,전복,wh_max[1.5-2],0.6724014976359135,0.2434848198575337,1.85688690690271,0.4437819067450701,115,115.0,5.0,0.0568093385214007,0.7089687977522167
선박,봄,S일6_특보없는때_풍속+달력,전복,ws_max[0-4],1.6459964346329643,0.8625032104410743,3.141210641336538,0.1306877008642799,115,115.0,20.0,0.1219195849546044,0.40442497417704354
선박,봄,S일6_특보없는때_풍속+달력,전복,ws_max[6-8],0.7066239169223121,0.3850818722286214,1.2966524678943807,0.2621978708680745,115,115.0,20.0,0.2791180285343709,0.5826283223925663
선박,봄,S일6_특보없는때_풍속+달력,전복,ws_max[8-10],1.6767710343577296,0.9297987093864044,3.023838464474213,0.085786040175702,115,115.0,33.0,0.1989623865110246,0.3122674126034093
선박,봄,S일6_특보없는때_풍속+달력,전복,ws_max[10-12],1.3996736498834124,0.6233604624700487,3.1427824575449126,0.4152138230334885,115,115.0,14.0,0.0964980544747081,0.695938740293275
선박,봄,S일7_특보있는때만_파고+달력,전복,wh_max[2-3],0.500416363351914,0.1580811475244554,1.584101207714316,0.2389731180645347,44,44.0,11.0,0.2940461725394896,0.565448097569148
선박,봄,S일8_특보있는때만_풍속+달력,전복,ws_max[10-14],1.5184210866252337,0.4785793830298847,4.8175969923973545,0.4783132760393345,44,44.0,21.0,0.534629404617254,0.7265497703954635
선박,봄,S일8_특보있는때만_풍속+달력,전복,ws_max[14+],1.493987881337438,0.3074037667735072,7.260808197017465,0.6187154370478094,44,44.0,14.0,0.2065613608748481,0.8197614248016798
선박,봄,S일1_주말·공휴일(평일 대비),침수,weekend_or_hol,1.3743908616857357,1.0266855564931945,1.8398527462851089,0.0326003546495838,369,369.0,146.0,0.3207736520390475,0.16827389594942968
선박,봄,S일3_특보유무(풍랑·태풍)+달력,침수,any_warn,0.9573105445090656,0.638915268134392,1.4343740466622803,0.832519333011108,369,369.0,63.0,0.1725207554055287,0.9343245543050378
선박,봄,S일4_특보최고수준+달력,침수,warn_주의보,0.9067053483289352,0.5949553028881807,1.3818089942175185,0.6486785594748565,369,369.0,56.0,0.1618465468479153,0.8370595866022459
선박,봄,S일4_특보최고수준+달력,침수,warn_경보,1.8811289421736053,0.780757695896372,4.532323044245551,0.1590210280824178,369,369.0,7.0,0.0106742085576133,0.43988351993502617
선박,봄,S일5_특보없는때_파고+달력,침수,wh_max[0-0.5],0.8761359235469555,0.6282228650907763,1.2218819135444212,0.4358684079798907,287,287.0,120.0,0.4258412475085004,0.7025651293457503
선박,봄,S일5_특보없는때_파고+달력,침수,wh_max[1-1.5],0.6808347053105489,0.4540886515777151,1.020804845804366,0.0628353797233389,287,287.0,40.0,0.1688357368976433,0.25185446076864815
선박,봄,S일5_특보없는때_파고+달력,침수,wh_max[1.5-2],0.6642719892258646,0.3451818554744059,1.2783327648078102,0.2206588152325599,287,287.0,11.0,0.0526439207410012,0.5389555956602188
선박,봄,S일6_특보없는때_풍속+달력,침수,ws_max[0-4],1.0080181828495978,0.6635136332700469,1.5313937890735954,0.9701420805136348,287,287.0,36.0,0.1202954625395708,0.9883249800308697
선박,봄,S일6_특보없는때_풍속+달력,침수,ws_max[6-8],0.8522879744988646,0.5931191606404986,1.2247029596733257,0.3875224188250308,287,287.0,77.0,0.2836205885801383,0.6789448893296345
선박,봄,S일6_특보없는때_풍속+달력,침수,ws_max[8-10],0.8563880756181997,0.5784072320334445,1.2679657090086955,0.4387661969873282,287,287.0,58.0,0.2104584359244929,0.7051856062873262
선박,봄,S일6_특보없는때_풍속+달력,침수,ws_max[10-12],0.8924904053516217,0.543873983280289,1.4645655944792646,0.652644545958639,287,287.0,25.0,0.0893422441083362,0.841072105159296
선박,봄,S일6_특보없는때_풍속+달력,침수,ws_max[12+],1.0305894654723118,0.4112826068768181,2.582444841049686,0.9487397691488972,287,287.0,7.0,0.0232149138234259,0.9800008269201206
선박,봄,S일7_특보있는때만_파고+달력,침수,wh_max[2-3],0.5465618875891471,0.2124566203724265,1.4060747857202651,0.2101751722295985,60,60.0,9.0,0.2816820276497696,0.5198791413840447
선박,봄,S일7_특보있는때만_파고+달력,침수,wh_max[3+],2.857037796960079,1.0220719110265466,7.986390081946484,0.0453248827700281,60,60.0,11.0,0.1105990783410138,0.204169884771411
선박,봄,S일8_특보있는때만_풍속+달력,침수,ws_max[10-14],0.5874689980564446,0.2537922889427085,1.3598514955485927,0.2141633055872756,60,60.0,22.0,0.5305299539170507,0.5284129801173484
선박,봄,S일8_특보있는때만_풍속+달력,침수,ws_max[14+],1.8406557567338824,0.6346120821859293,5.338715902047633,0.2614384995276211,60,60.0,17.0,0.1987327188940092,0.5826283223925663
선박,봄,S일1_주말·공휴일(평일 대비),침몰,weekend_or_hol,0.915437781469362,0.4331131082349047,1.9348902533955,0.8170133289880397,55,55.0,17.0,0.3290282902829028,0.9320060271158747
선박,봄,S일3_특보유무(풍랑·태풍)+달력,침몰,any_warn,1.0609323273326527,0.4736893646615275,2.376193107024378,0.885681055954642,55,55.0,11.0,0.1869618696186961,0.9560745241862061
선박,봄,S일4_특보최고수준+달력,침몰,warn_주의보,1.0077015599849342,0.4319772870780529,2.3507310786286517,0.9858363974640874,55,55.0,10.0,0.1795817958179582,0.993933616334429
선박,봄,S일5_특보없는때_파고+달력,침몰,wh_max[0-0.5],0.7078229010853675,0.2974170666344302,1.6845477798916146,0.4347159676000371,44,44.0,16.0,0.406083650190114,0.7025651293457503
선박,봄,S일5_특보없는때_파고+달력,침몰,wh_max[1-1.5],0.562077502174829,0.2060007273662665,1.533640790934556,0.2606074424973683,44,44.0,5.0,0.1741444866920152,0.5826283223925663
선박,봄,S일6_특보없는때_풍속+달력,침몰,ws_max[6-8],1.314049816999844,0.4798342439147076,3.598590437126567,0.5951721129448133,44,44.0,14.0,0.2828897338403042,0.8006287875504201
선박,봄,S일6_특보없는때_풍속+달력,침몰,ws_max[8-10],1.0920461005466142,0.3524444638466065,3.383695328061961,0.8787092718152172,44,44.0,9.0,0.2220532319391635,0.9560745241862061
선박,봄,S일6_특보없는때_풍속+달력,침몰,ws_max[10-12],1.3258533861368924,0.3637683559988843,4.832435731534756,0.6690449930790807,44,44.0,6.0,0.1193916349809885,0.8532495885761783
선박,봄,S일1_주말·공휴일(평일 대비),좌초좌주,weekend_or_hol,1.2431436278437658,0.9083281495800424,1.7013742006818398,0.1740088931967855,285,285.0,105.0,0.318197942532813,0.4582361497858883
선박,봄,S일3_특보유무(풍랑·태풍)+달력,좌초좌주,any_warn,0.876353346097808,0.5769076846705163,1.3312271748563065,0.5360795269253649,285,285.0,39.0,0.1501714555989121,0.7707614867360297
선박,봄,S일4_특보최고수준+달력,좌초좌주,warn_주의보,0.8238026509033503,0.536685186929874,1.2645230838541164,0.3753315518316542,285,285.0,35.0,0.1435497221236845,0.6787573475078033
선박,봄,S일5_특보없는때_파고+달력,좌초좌주,wh_max[0-0.5],1.0889852885149889,0.7443196883242393,1.5932521700077324,0.6606049561090446,233,233.0,117.0,0.4622329220583809,0.844757437011729
선박,봄,S일5_특보없는때_파고+달력,좌초좌주,wh_max[1-1.5],0.5407054564083418,0.3257212798602347,0.8975845566958486,0.0174144707111265,233,233.0,21.0,0.1509178453204935,0.11325172343262398
선박,봄,S일5_특보없는때_파고+달력,좌초좌주,wh_max[1.5-2],1.145768706760053,0.5707174740569331,2.3002378393265124,0.7019519864353294,233,233.0,12.0,0.0413782726452001,0.8661708303762162
선박,봄,S일6_특보없는때_풍속+달력,좌초좌주,ws_max[0-4],1.3919297190081992,0.9087969024791124,2.1319046503932984,0.128427909052041,233,233.0,38.0,0.1316581402347276,0.40036891012414044
선박,봄,S일6_특보없는때_풍속+달력,좌초좌주,ws_max[6-8],1.1078492191016258,0.7558450500717977,1.6237850497896338,0.5995541064959478,233,233.0,70.0,0.2777610592837797,0.8031676899135543
선박,봄,S일6_특보없는때_풍속+달력,좌초좌주,ws_max[8-10],0.9168187920527044,0.5680694711554196,1.4796723642820258,0.7221348537976118,233,233.0,40.0,0.1990671080349082,0.8743975664972315
선박,봄,S일6_특보없는때_풍속+달력,좌초좌주,ws_max[10-12],1.0134268260699155,0.5843888380861096,1.757449603523758,0.9621270689391136,233,233.0,20.0,0.0914835991573879,0.9831495721234941
선박,봄,S일6_특보없는때_풍속+달력,좌초좌주,ws_max[12+],0.8286617758517337,0.311530330392561,2.20421664206005,0.7065201987080949,233,233.0,5.0,0.0267830273848931,0.8661708303762162
선박,봄,S일7_특보있는때만_파고+달력,좌초좌주,wh_max[2-3],0.7555281332617617,0.1683288251498174,3.391117116405665,0.7144073946620351,34,34.0,7.0,0.2425277540563621,0.868786584535936
선박,봄,S일8_특보있는때만_풍속+달력,좌초좌주,ws_max[10-14],1.459036918158499,0.4353614021967031,4.88970477816412,0.540364561517245,34,34.0,19.0,0.5311699402220325,0.7712486753405793
선박,봄,S일8_특보있는때만_풍속+달력,좌초좌주,ws_max[14+],1.7251602915196995,0.4891896976079897,6.083893520221442,0.3964063237641513,34,34.0,7.0,0.1742100768573868,0.6817355690654932
선박,봄,S일1_주말·공휴일(평일 대비),표류,weekend_or_hol,1.2043461336943844,0.7364489388740416,1.969518228870297,0.4587259156279732,115,115.0,41.0,0.3142269253380364,0.719818207492608
선박,봄,S일3_특보유무(풍랑·태풍)+달력,표류,any_warn,2.744105054237852,1.6584240394924346,4.540523032335164,8.534378787694585e-05,115,115.0,33.0,0.1390358612580834,0.002618987490473776
선박,봄,S일4_특보최고수준+달력,표류,warn_주의보,2.60610633541563,1.5772089757801946,4.3062082043590975,0.0001852331989726,115,115.0,31.0,0.13668430335097,0.0047868158260814
선박,봄,S일5_특보없는때_파고+달력,표류,wh_max[0-0.5],0.8535821150707756,0.4472630992137196,1.629024233051125,0.631147026424995,80,80.0,37.0,0.5478512098230408,0.825714850181501
선박,봄,S일5_특보없는때_파고+달력,표류,wh_max[1-1.5],2.491325442903885,1.204612701463884,5.152446470901108,0.0138117921898603,80,80.0,18.0,0.1119537739256049,0.09900131336089646
선박,봄,S일6_특보없는때_풍속+달력,표류,ws_max[0-4],0.4585463499392151,0.1883619618312369,1.116280341308847,0.0858576389031777,80,80.0,6.0,0.1802094618996027,0.3122674126034093
선박,봄,S일6_특보없는때_풍속+달력,표류,ws_max[6-8],1.2490191618008395,0.6134800479181174,2.5429496392585134,0.539875802871383,80,80.0,21.0,0.2654387865655471,0.7712486753405793
선박,봄,S일6_특보없는때_풍속+달력,표류,ws_max[8-10],1.647881844440565,0.8348394965617248,3.2527385017367383,0.1499537743517645,80,80.0,17.0,0.1686529433008306,0.4268645818996161
선박,봄,S일6_특보없는때_풍속+달력,표류,ws_max[10-12],2.546802869338773,1.130553845360522,5.737192334438367,0.0240616753453419,80,80.0,12.0,0.0798122065727699,0.13676486805815366
선박,봄,S일6_특보없는때_풍속+달력,표류,ws_max[12+],3.362567472288047,0.9826351433225164,11.506671710782213,0.0533482570493291,80,80.0,5.0,0.0245576020223907,0.22386219296971274
선박,봄,S일7_특보있는때만_파고+달력,표류,wh_max[2-3],3.633688388168717,1.3400900321156584,9.852838977890856,0.0112384570562591,30,30.0,9.0,0.2922374429223744,0.08708626495136539
선박,봄,S일8_특보있는때만_풍속+달력,표류,ws_max[10-14],1.211238333468197,0.4051401857159569,3.621211502063623,0.7316128534399293,30,30.0,12.0,0.5228310502283106,0.8836193118501494
선박,봄,S일8_특보있는때만_풍속+달력,표류,ws_max[14+],5.0962975124971495,1.140626896016633,22.770152471931446,0.0329837947365805,30,30.0,9.0,0.1278538812785388,0.16827389594942968
선박,봄,S일1_주말·공휴일(평일 대비),접촉,weekend_or_hol,0.9435171732095896,0.5895178274796421,1.5100894572559085,0.8085480767513344,95,95.0,29.0,0.3182948490230906,0.9320060271158747
선박,봄,S일3_특보유무(풍랑·태풍)+달력,접촉,any_warn,0.6317101867659832,0.3099051200969541,1.287677208879504,0.2061795549611833,95,95.0,11.0,0.1637655417406749,0.5167305037720542
선박,봄,S일4_특보최고수준+달력,접촉,warn_주의보,0.5971256228112826,0.2845759309471473,1.252948582935441,0.172681132383536,95,95.0,10.0,0.1595026642984014,0.4582361497858883
선박,봄,S일5_특보없는때_파고+달력,접촉,wh_max[0-0.5],1.2287707035790356,0.6717049314334892,2.2478284307841547,0.5037647257198179,82,82.0,36.0,0.4276198934280639,0.7461492619258842
선박,봄,S일5_특보없는때_파고+달력,접촉,wh_max[1-1.5],1.5409857948980852,0.7961008088229221,2.9828348291577704,0.1993922984086622,82,82.0,16.0,0.1603019538188277,0.5034908237596344
선박,봄,S일6_특보없는때_풍속+달력,접촉,ws_max[0-4],1.519347798168097,0.775826388645187,2.9754307994465057,0.2225440074725062,82,82.0,14.0,0.119449378330373,0.5409361765792106
선박,봄,S일6_특보없는때_풍속+달력,접촉,ws_max[6-8],0.4757478087394639,0.2431063914255749,0.9310161538459282,0.0301078065683353,82,82.0,12.0,0.2726465364120781,0.15810623556206024
선박,봄,S일6_특보없는때_풍속+달력,접촉,ws_max[8-10],1.0817367748877336,0.5556795704491235,2.1058079374750944,0.817178708986869,82,82.0,21.0,0.2171403197158081,0.9320060271158747
선박,봄,S일6_특보없는때_풍속+달력,접촉,ws_max[10-12],0.778974767641038,0.2839856051277395,2.136733967020841,0.6275565206134368,82,82.0,6.0,0.0910301953818827,0.8239329835295915
선박,봄,S일6_특보없는때_풍속+달력,접촉,ws_max[12+],2.1252679225775,0.7315693899307137,6.174074264048503,0.1658830116098451,82,82.0,5.0,0.0244227353463587,0.4529678896356337
선박,봄,S일1_주말·공휴일(평일 대비),충돌,weekend_or_hol,0.9915178555240056,0.7392378758644182,1.3298935159042529,0.9546544435747496,429,429.0,136.0,0.3190270694389956,0.9806178489439373
선박,봄,S일3_특보유무(풍랑·태풍)+달력,충돌,any_warn,0.5930857927582774,0.3959668758323768,0.8883337951748768,0.0112626839601053,429,429.0,49.0,0.1713613181639858,0.08708626495136539
선박,봄,S일4_특보최고수준+달력,충돌,warn_주의보,0.6034622613294779,0.398992687068216,0.9127152267495702,0.0167266749225492,429,429.0,47.0,0.1617889368379756,0.11198523771829023
선박,봄,S일5_특보없는때_파고+달력,충돌,wh_max[0-0.5],1.537042617906819,1.1332073284415465,2.084790620363264,0.0057076868894707,359,359.0,170.0,0.3914427860696517,0.057193352300614564
선박,봄,S일5_특보없는때_파고+달력,충돌,wh_max[1-1.5],0.7249679183367528,0.499480728251223,1.0522497723939717,0.0906347949952892,359,359.0,50.0,0.1860696517412935,0.31786917387633573
선박,봄,S일5_특보없는때_파고+달력,충돌,wh_max[1.5-2],0.7822076330468497,0.4258074836566937,1.436914109499439,0.4285491420945693,359,359.0,20.0,0.0624875621890547,0.7025429486225356
선박,봄,S일6_특보없는때_풍속+달력,충돌,ws_max[0-4],1.0896441433199957,0.7037187959062924,1.6872142196265456,0.7003464411933313,359,359.0,50.0,0.1186069651741293,0.8661708303762162
선박,봄,S일6_특보없는때_풍속+달력,충돌,ws_max[6-8],1.0224227198680174,0.7460017412509866,1.401267799119808,0.8903278628625368,359,359.0,118.0,0.2792039800995025,0.9560745241862061
선박,봄,S일6_특보없는때_풍속+달력,충돌,ws_max[8-10],0.5283214082738604,0.3476434169004394,0.8029017575799877,0.0028076870276805,359,359.0,47.0,0.2131343283582089,0.037546354351989476
선박,봄,S일6_특보없는때_풍속+달력,충돌,ws_max[10-12],0.7113904819359522,0.4353696423132068,1.1624063062830476,0.1740550752241714,359,359.0,29.0,0.0952238805970149,0.4582361497858883
선박,봄,S일6_특보없는때_풍속+달력,충돌,ws_max[12+],0.5547324519895344,0.2041784617492657,1.5071525696388863,0.2478630107054755,359,359.0,6.0,0.0251741293532338,0.5700268770791029
선박,봄,S일7_특보있는때만_파고+달력,충돌,wh_max[2-3],0.8213567769453349,0.3670214885719294,1.8381129607941589,0.6320523974756378,48,48.0,15.0,0.3222607833415964,0.825714850181501
선박,봄,S일8_특보있는때만_풍속+달력,충돌,ws_max[10-14],0.8576979746302003,0.3403372258418914,2.161520279966384,0.7448011904163705,48,48.0,24.0,0.5309866137828458,0.8908584275138561
선박,봄,S일8_특보있는때만_풍속+달력,충돌,ws_max[14+],0.7706886999481696,0.2757296807086029,2.1541426759040525,0.6194124004102306,48,48.0,13.0,0.2067426871591472,0.8197614248016798
선박,봄,S일1_주말·공휴일(평일 대비),기상민감4종(전복·침몰·침수·표류),weekend_or_hol,1.3820258016895983,1.0632452392311305,1.796382665129036,0.015589786058888,699,699.0,277.0,0.3201215101981773,0.1078110557030142
선박,봄,S일3_특보유무(풍랑·태풍)+달력,기상민감4종(전복·침몰·침수·표류),any_warn,1.3832370256421795,0.99952513018203,1.914253690408937,0.05033164304891,699,699.0,152.0,0.168619509137374,0.21600871395447924
선박,봄,S일4_특보최고수준+달력,기상민감4종(전복·침몰·침수·표류),warn_주의보,1.289903202001994,0.9354680130887988,1.778628715525153,0.1204150956236822,699,699.0,134.0,0.1594580259414629,0.38267839450632984
선박,봄,S일4_특보최고수준+달력,기상민감4종(전복·침몰·침수·표류),warn_경보,3.493340445055626,1.4133296051872537,8.634523341386169,0.0067423180435297,699,699.0,18.0,0.009161483195911,0.0634905254844286
선박,봄,S일5_특보없는때_파고+달력,기상민감4종(전복·침몰·침수·표류),wh_max[0-0.5],0.8078950371550521,0.6209339030259915,1.051149547285135,0.1121662659656292,524,524.0,215.0,0.4532715974168392,0.36569995769721614
선박,봄,S일5_특보없는때_파고+달력,기상민감4종(전복·침몰·침수·표류),wh_max[1-1.5],0.894933816853347,0.6635938971936008,1.2069226976541028,0.4669390977800685,524,524.0,83.0,0.1536493237480199,0.7223443257351831
선박,봄,S일5_특보없는때_파고+달력,기상민감4종(전복·침몰·침수·표류),wh_max[1.5-2],0.838913871783543,0.5204860001523823,1.3521525729122603,0.4707770326161378,524,524.0,24.0,0.0509930547093944,0.7223443257351831
선박,봄,S일6_특보없는때_풍속+달력,기상민감4종(전복·침몰·침수·표류),ws_max[0-4],1.0183156593180318,0.7261772789958312,1.427980208147315,0.9162062803335156,524,524.0,65.0,0.1283660289996344,0.9679090685848205
선박,봄,S일6_특보없는때_풍속+달력,기상민감4종(전복·침몰·침수·표류),ws_max[6-8],0.9052315690021898,0.6785400226341107,1.2076578627404493,0.4983994313832534,524,524.0,132.0,0.2796393322773242,0.7422266393135659
선박,봄,S일6_특보없는때_풍속+달력,기상민감4종(전복·침몰·침수·표류),ws_max[8-10],1.1112694245679549,0.8210806992491848,1.5040174919576512,0.4944296446283465,524,524.0,117.0,0.2017789691726574,0.7378874027736113
선박,봄,S일6_특보없는때_풍속+달력,기상민감4종(전복·침몰·침수·표류),ws_max[10-12],1.2053797792850736,0.7898847454967215,1.8394334370840983,0.3863714614535758,524,524.0,57.0,0.0918727915194346,0.6789448893296345
선박,봄,S일6_특보없는때_풍속+달력,기상민감4종(전복·침몰·침수·표류),ws_max[12+],1.285716263019714,0.6461804322849518,2.5582116486381183,0.4740122764149082,524,524.0,16.0,0.0254051419519922,0.7239192153023948
선박,봄,S일7_특보있는때만_파고+달력,기상민감4종(전복·침몰·침수·표류),wh_max[2-3],0.7803464209179722,0.3974617233450787,1.5320734070052906,0.4711840489880583,145,145.0,30.0,0.289226100151745,0.7223443257351831
선박,봄,S일7_특보있는때만_파고+달력,기상민감4종(전복·침몰·침수·표류),wh_max[3+],2.0578559493090283,0.8922489537737135,4.746176602612814,0.090531711395692,145,145.0,21.0,0.0998482549317147,0.31786917387633573
선박,봄,S일8_특보있는때만_풍속+달력,기상민감4종(전복·침몰·침수·표류),ws_max[10-14],0.823647537322068,0.4784802508636093,1.4178124687743563,0.4838407939922127,145,145.0,61.0,0.5298937784522003,0.7297627559530963
선박,봄,S일8_특보있는때만_풍속+달력,기상민감4종(전복·침몰·침수·표류),ws_max[14+],1.6261274612933552,0.6893718080478407,3.835797300531421,0.2668085289750537,145,145.0,42.0,0.1957511380880121,0.584834766637283
선박,봄,S일1_주말·공휴일(평일 대비),충돌·접촉,weekend_or_hol,0.9793423906992326,0.741655737184171,1.2932031266446171,0.8829970628747126,522,522.0,164.0,0.3189471646990516,0.9560745241862061
선박,봄,S일3_특보유무(풍랑·태풍)+달력,충돌·접촉,any_warn,0.6065207081288001,0.4187832566692107,0.8784194772133236,0.0081454716321633,522,522.0,60.0,0.1692148893619766,0.0727168467525851
선박,봄,S일4_특보최고수준+달력,충돌·접촉,warn_주의보,0.6091968497020208,0.4181392300567073,0.8875531760952827,0.0098436389524843,522,522.0,57.0,0.1605702857880137,0.08069446216633382
선박,봄,S일5_특보없는때_파고+달력,충돌·접촉,wh_max[0-0.5],1.4531244873643734,1.0940447757410223,1.9300588262923295,0.0098608304072913,439,439.0,205.0,0.3989400733795352,0.08069446216633382
선박,봄,S일5_특보없는때_파고+달력,충돌·접촉,wh_max[1-1.5],0.8457344181899225,0.6074580005365554,1.177475159565379,0.3210164988728583,439,439.0,66.0,0.1805951895637994,0.6304764037862938
선박,봄,S일5_특보없는때_파고+달력,충돌·접촉,wh_max[1.5-2],0.7840004900966643,0.4526583244614481,1.3578823922063068,0.385205694681191,439,439.0,23.0,0.0618834080717488,0.6789448893296345
선박,봄,S일6_특보없는때_풍속+달력,충돌·접촉,ws_max[0-4],1.1726824535504403,0.7880098479238448,1.7451357244941206,0.432235092941116,439,439.0,64.0,0.1190379127598858,0.7025429486225356
선박,봄,S일6_특보없는때_풍속+달력,충돌·접촉,ws_max[6-8],0.9450926440296564,0.7056811816077954,1.2657275396857484,0.7047577915330148,439,439.0,130.0,0.278189971463514,0.8661708303762162
선박,봄,S일6_특보없는때_풍속+달력,충돌·접촉,ws_max[8-10],0.6467286490346997,0.4481198388047592,0.933361813656454,0.0198890309004213,439,439.0,68.0,0.2135344476151651,0.12292390163456256
선박,봄,S일6_특보없는때_풍속+달력,충돌·접촉,ws_max[10-12],0.7389169360527286,0.4697101743712778,1.1624151831847975,0.1905578622115094,439,439.0,35.0,0.0944150020383204,0.4891760628916386
선박,봄,S일6_특보없는때_풍속+달력,충돌·접촉,ws_max[12+],0.8573509675393439,0.4190791902306886,1.7539660729420354,0.6734358128173035,439,439.0,11.0,0.0250305748063595,0.8566243111225285
선박,봄,S일7_특보있는때만_파고+달력,충돌·접촉,wh_max[2-3],1.4810860567617967,0.6564189133139958,3.3417926617310907,0.3441172326064965,58,58.0,23.0,0.3207937164117403,0.652678647705264
선박,봄,S일8_특보있는때만_풍속+달력,충돌·접촉,ws_max[10-14],1.2542546154326333,0.5364106778743678,2.932742962105072,0.6011489328782713,58,58.0,32.0,0.5341050020669699,0.8031676899135543
선박,봄,S일8_특보있는때만_풍속+달력,충돌·접촉,ws_max[14+],0.9860965722530416,0.3650329826928633,2.663831751958038,0.977969966056613,58,58.0,14.0,0.2017362546506821,0.9914220319252757
선박,여름,S일1_주말·공휴일(평일 대비),전체,weekend_or_hol,1.359162142913391,1.0979617489648708,1.682500991014056,0.0048278346457748,1839,1839.0,688.0,0.3034991668650321,0.049904564443693206
선박,여름,S일3_특보유무(풍랑·태풍)+달력,전체,any_warn,1.016771556376614,0.7457415540700465,1.3863038638710703,0.9162510881718824,1839,1839.0,189.0,0.1038763664329005,0.9679090685848205
선박,여름,S일4_특보최고수준+달력,전체,warn_주의보,1.0344397767942315,0.7621326689953559,1.4040411798967518,0.8280214432931929,1839,1839.0,174.0,0.0939886107703294,0.9335968595875371
선박,여름,S일4_특보최고수준+달력,전체,warn_경보,0.8351647981697481,0.3900952988497167,1.788025239367538,0.6428049864926524,1839,1839.0,15.0,0.0098877556625711,0.8341836134206237
선박,여름,S일5_특보없는때_파고+달력,전체,wh_max[0-0.5],1.0578365868884407,0.8769560545803032,1.27602545043757,0.5567526881736073,1650,1650.0,842.0,0.4994687372292603,0.7798803895105398
선박,여름,S일5_특보없는때_파고+달력,전체,wh_max[1-1.5],0.8772236100799226,0.6966539533556315,1.1045961318026465,0.2652793711255587,1650,1650.0,199.0,0.1311401716387413,0.5838205556828586
선박,여름,S일5_특보없는때_파고+달력,전체,wh_max[1.5-2],0.7831001994788639,0.5448944251668366,1.1254398909221208,0.1863871606462639,1650,1650.0,60.0,0.0435635472006538,0.48293454288820886
선박,여름,S일5_특보없는때_파고+달력,전체,wh_max[2+],0.8398957515250589,0.3901748871562044,1.8079709808371915,0.6555638830347801,1650,1650.0,11.0,0.0071924805884756,0.8426226873562226
선박,여름,S일6_특보없는때_풍속+달력,전체,ws_max[0-4],0.985730764210806,0.819333191791536,1.185921856024163,0.8789074867613405,1650,1650.0,361.0,0.2160604822231303,0.9560745241862061
선박,여름,S일6_특보없는때_풍속+달력,전체,ws_max[6-8],0.9186709545454624,0.7745533599492593,1.0896038496053495,0.3298916836964896,1650,1650.0,401.0,0.2587862689006947,0.639462522112631
선박,여름,S일6_특보없는때_풍속+달력,전체,ws_max[8-10],1.05694465008419,0.8470105527326615,1.3189115409925558,0.6239696482962429,1650,1650.0,244.0,0.1379035553739272,0.822467375338135
선박,여름,S일6_특보없는때_풍속+달력,전체,ws_max[10-12],0.9453940572730508,0.6396197533071634,1.3973457181488689,0.7781879076873581,1650,1650.0,65.0,0.041540662035145,0.9097387206535544
선박,여름,S일6_특보없는때_풍속+달력,전체,ws_max[12+],0.8711151918936297,0.4283838104198464,1.7714060594497187,0.70317570706325,1650,1650.0,11.0,0.0075398447078054,0.8661708303762162
선박,여름,S일7_특보있는때만_파고+달력,전체,wh_max[2-3],2.3253370262412147,0.9870921437044564,5.477900234638372,0.0535719097228946,189,189.0,45.0,0.205887537458135,0.22386219296971274
선박,여름,S일7_특보있는때만_파고+달력,전체,wh_max[3+],1.8424674387619495,0.6418487294153681,5.288919502871168,0.256017812421935,189,189.0,22.0,0.0803807509254362,0.5792845433141478
선박,여름,S일8_특보있는때만_풍속+달력,전체,ws_max[10-14],1.180589065620831,0.6895934528739212,2.021177167582963,0.545057617806886,189,189.0,90.0,0.4470297902344438,0.7712486753405793
선박,여름,S일8_특보있는때만_풍속+달력,전체,ws_max[14+],2.207996597838526,0.8644999105713433,5.639386327807113,0.0977923168370331,189,189.0,40.0,0.1196897585052,0.33844650811188154
선박,여름,S일1_주말·공휴일(평일 대비),전복,weekend_or_hol,1.463106641291473,0.9633038735370496,2.222228211261192,0.0743142354022956,149,149.0,58.0,0.3011068443641292,0.2796037515902463
선박,여름,S일3_특보유무(풍랑·태풍)+달력,전복,any_warn,1.642435435317662,0.8991335015032634,3.00021537922567,0.1065015821359502,149,149.0,23.0,0.1097808899932234,0.3497811159113816
선박,여름,S일4_특보최고수준+달력,전복,warn_주의보,1.6671902820769224,0.9227018508700762,3.0123744024472625,0.0903673563579703,149,149.0,22.0,0.1034560650553422,0.31786917387633573
선박,여름,S일5_특보없는때_파고+달력,전복,wh_max[0-0.5],0.6443388677900416,0.401054111677085,1.0352033914047871,0.0692208469891113,126,126.0,65.0,0.5678761735600102,0.2686753823846138
선박,여름,S일5_특보없는때_파고+달력,전복,wh_max[1-1.5],0.6780676388837136,0.2556515508459609,1.7984468366411954,0.4350051099923824,126,126.0,11.0,0.1169753869576249,0.7025651293457503
선박,여름,S일5_특보없는때_파고+달력,전복,wh_max[1.5-2],1.9748087887643808,0.7132273866784937,5.467919242897794,0.1903335633912246,126,126.0,8.0,0.0370464349149961,0.4891760628916386
선박,여름,S일6_특보없는때_풍속+달력,전복,ws_max[0-4],0.6198208811840145,0.3432381375626977,1.1192751699439347,0.1126698908356353,126,126.0,20.0,0.2306521187515859,0.36569995769721614
선박,여름,S일6_특보없는때_풍속+달력,전복,ws_max[6-8],1.0146997509017543,0.6174622373053753,1.6674956333740456,0.9540830480607738,126,126.0,33.0,0.249175336209084,0.9806178489439373
선박,여름,S일6_특보없는때_풍속+달력,전복,ws_max[8-10],1.033793315475911,0.4968159186514371,2.151156150599292,0.929164597334935,126,126.0,17.0,0.1210352702359807,0.9749642214626302
선박,여름,S일6_특보없는때_풍속+달력,전복,ws_max[10-12],1.602115487973242,0.654596699118196,3.921153345657607,0.3020229062114716,126,126.0,7.0,0.0342552651611266,0.6224980899924089
선박,여름,S일8_특보있는때만_풍속+달력,전복,ws_max[10-14],0.4674111248628744,0.078398892538989,2.786686808578671,0.4037613075622581,23,23.0,7.0,0.4876543209876543,0.6883569514342665
선박,여름,S일1_주말·공휴일(평일 대비),침수,weekend_or_hol,1.239560051074984,0.9387038960961742,1.6368411025148182,0.130013933431274,494,494.0,173.0,0.3016272894396405,0.4040306412326299
선박,여름,S일3_특보유무(풍랑·태풍)+달력,침수,any_warn,1.161918541219134,0.8011465827384501,1.6851531611282575,0.4288480360442228,494,494.0,55.0,0.1001566010757813,0.7025429486225356
선박,여름,S일4_특보최고수준+달력,침수,warn_주의보,1.184318486697491,0.8078267237696896,1.7362761550994663,0.386120199771262,494,494.0,52.0,0.0930755089534962,0.6789448893296345
선박,여름,S일5_특보없는때_파고+달력,침수,wh_max[0-0.5],1.2884724382983543,0.9536704104965276,1.7408123456301274,0.0987388520876764,439,439.0,252.0,0.5391192493946732,0.33844650811188154
선박,여름,S일5_특보없는때_파고+달력,침수,wh_max[1-1.5],0.9668614352624152,0.6523585236685473,1.432986618678205,0.86668177268554,439,439.0,45.0,0.1106234866828087,0.9560745241862061
선박,여름,S일5_특보없는때_파고+달력,침수,wh_max[1.5-2],1.1483124923929822,0.6196124387472377,2.128139297609705,0.6604124027456935,439,439.0,19.0,0.0389679176755447,0.844757437011729
선박,여름,S일6_특보없는때_풍속+달력,침수,ws_max[0-4],0.8591406686682592,0.6272125410920902,1.1768302452539274,0.3442846634534895,439,439.0,90.0,0.2194309927360774,0.652678647705264
선박,여름,S일6_특보없는때_풍속+달력,침수,ws_max[6-8],0.8717474132946401,0.6501220927621152,1.1689243621258776,0.359091654640612,439,439.0,105.0,0.2587015738498789,0.6640324544919312
선박,여름,S일6_특보없는때_풍속+달력,침수,ws_max[8-10],1.0022243239963808,0.7191111786305256,1.3967987502612356,0.9895332489567472,439,439.0,65.0,0.1363498789346247,0.9956164451593501
선박,여름,S일6_특보없는때_풍속+달력,침수,ws_max[10-12],0.826960467813319,0.3989323197922751,1.714234674398185,0.6094512818350406,439,439.0,15.0,0.0382869249394673,0.8099658345954739
선박,여름,S일7_특보있는때만_파고+달력,침수,wh_max[2-3],1.9685576188734597,0.4090452197121395,9.473815881656998,0.398174717858369,55,55.0,9.0,0.1842284160435078,0.6835796729666405
선박,여름,S일7_특보있는때만_파고+달력,침수,wh_max[3+],6.5600626623376295,1.158197046743115,37.15639083592067,0.0335038378143033,55,55.0,10.0,0.0747790618626784,0.16872189094177353
선박,여름,S일8_특보있는때만_풍속+달력,침수,ws_max[10-14],1.069443112622778,0.467507738761006,2.446394949883321,0.8736482311964882,55,55.0,29.0,0.4473147518694765,0.9560745241862061
선박,여름,S일8_특보있는때만_풍속+달력,침수,ws_max[14+],3.625932474572811,0.7760698099804804,16.940984098443916,0.1014869416878574,55,55.0,10.0,0.1033310673011556,0.3436352637906491
선박,여름,S일1_주말·공휴일(평일 대비),침몰,weekend_or_hol,1.120585009694629,0.6312025749311333,1.989394235423255,0.6974439918235829,64,64.0,21.0,0.3028391167192429,0.8661708303762162
선박,여름,S일3_특보유무(풍랑·태풍)+달력,침몰,any_warn,1.3526130387910098,0.4712684850093271,3.8822074696364215,0.57447690834046,64,64.0,6.0,0.0757097791798107,0.785236612180351
선박,여름,S일4_특보최고수준+달력,침몰,warn_주의보,1.4135392152755937,0.4915162858824359,4.065161563333953,0.5207697291820257,64,64.0,6.0,0.0725552050473186,0.7555778444421369
선박,여름,S일5_특보없는때_파고+달력,침몰,wh_max[0-0.5],0.867923282929482,0.4281648018186587,1.759347853563479,0.6943760002699695,58,58.0,28.0,0.5238907849829352,0.8661708303762162
선박,여름,S일5_특보없는때_파고+달력,침몰,wh_max[1-1.5],1.1885778974839365,0.5177027622808372,2.7288195492010545,0.683705442500564,58,58.0,9.0,0.1308304891922639,0.8656224398867933
선박,여름,S일6_특보없는때_풍속+달력,침몰,ws_max[0-4],1.097018399655495,0.5134227444383608,2.343973620606097,0.811078087679131,58,58.0,11.0,0.2133105802047781,0.9320060271158747
선박,여름,S일6_특보없는때_풍속+달력,침몰,ws_max[6-8],1.7607514423969564,0.9348282493717446,3.316379927528394,0.0798818302671968,58,58.0,19.0,0.2428896473265074,0.2943217239859128
선박,여름,S일6_특보없는때_풍속+달력,침몰,ws_max[8-10],1.1066914379048178,0.4365553619501498,2.805522610604629,0.8308582907817676,58,58.0,7.0,0.1405005688282138,0.9335968595875371
선박,여름,S일1_주말·공휴일(평일 대비),좌초좌주,weekend_or_hol,1.300558767715924,0.9789063447212026,1.7279008532368816,0.0698433218305123,387,387.0,140.0,0.3019212379379292,0.27002418125024835
선박,여름,S일3_특보유무(풍랑·태풍)+달력,좌초좌주,any_warn,0.9610382768282943,0.5883328473726904,1.5698504233676238,0.8738812249801633,387,387.0,38.0,0.1039728766408762,0.9560745241862061
선박,여름,S일4_특보최고수준+달력,좌초좌주,warn_주의보,0.9058416529855312,0.5482574881338459,1.4966491439570442,0.6994851898558783,387,387.0,32.0,0.092497609319308,0.8661708303762162
선박,여름,S일4_특보최고수준+달력,좌초좌주,warn_경보,1.4936824370609807,0.5759080000900001,3.874034086061952,0.4092694671855967,387,387.0,6.0,0.0114752673215682,0.6917428860176522
선박,여름,S일5_특보없는때_파고+달력,좌초좌주,wh_max[0-0.5],1.1214793111158476,0.804434231364236,1.5634787733086917,0.4988488614531094,349,349.0,189.0,0.5111089550790725,0.7422266393135659
선박,여름,S일5_특보없는때_파고+달력,좌초좌주,wh_max[1-1.5],0.8261857108996283,0.536880052692474,1.2713879487076216,0.3852838268635499,349,349.0,36.0,0.121858930823712,0.6789448893296345
선박,여름,S일5_특보없는때_파고+달력,좌초좌주,wh_max[1.5-2],0.6475272865689555,0.3119040918307171,1.3442965252245571,0.2435687833724538,349,349.0,9.0,0.0377413408363248,0.565448097569148
선박,여름,S일6_특보없는때_풍속+달력,좌초좌주,ws_max[0-4],1.024439953908313,0.7296977477227738,1.4382355193487364,0.8890596840035514,349,349.0,78.0,0.2115067429902008,0.9560745241862061
선박,여름,S일6_특보없는때_풍속+달력,좌초좌주,ws_max[6-8],0.8436612599734828,0.6063698905405146,1.1738121115241755,0.3130108929563908,349,349.0,79.0,0.2601144853012516,0.6304764037862938
선박,여름,S일6_특보없는때_풍속+달력,좌초좌주,ws_max[8-10],1.141504428509598,0.7716255720755485,1.68868478114596,0.5077108560588603,349,349.0,54.0,0.134762782574949,0.7465208781432957
선박,여름,S일6_특보없는때_풍속+달력,좌초좌주,ws_max[10-12],1.0183566787436558,0.5037286757132201,2.058747844111652,0.9596045078551618,349,349.0,15.0,0.0435626273406422,0.9831495721234941
선박,여름,S일7_특보있는때만_파고+달력,좌초좌주,wh_max[2-3],2.680667563020403,0.6512697458380987,11.03379763815427,0.1719523912151848,38,38.0,10.0,0.1688963210702341,0.4582361497858883
선박,여름,S일8_특보있는때만_풍속+달력,좌초좌주,ws_max[10-14],0.6892489428878702,0.2498526898810596,1.901376789252087,0.4722454756843051,38,38.0,14.0,0.4372909698996655,0.7223443257351831
선박,여름,S일8_특보있는때만_풍속+달력,좌초좌주,ws_max[14+],0.600248207264413,0.1244750794307192,2.894538504991897,0.524847521246828,38,38.0,11.0,0.1195652173913043,0.7590578289608029
선박,여름,S일1_주말·공휴일(평일 대비),표류,weekend_or_hol,1.7374363478717303,1.122800870201907,2.688531103794943,0.0131385944732351,126,126.0,55.0,0.304591564335291,0.09628432666206618
선박,여름,S일3_특보유무(풍랑·태풍)+달력,표류,any_warn,2.2956525988277963,1.3577435465470773,3.881455277697457,0.0019265737032694,126,126.0,28.0,0.1201281366791244,0.02998259318138124
선박,여름,S일4_특보최고수준+달력,표류,warn_주의보,2.279758787857009,1.318238256475719,3.942610605692879,0.0031919478720905,126,126.0,26.0,0.1113187399893219,0.039181160129910894
선박,여름,S일5_특보없는때_파고+달력,표류,wh_max[0-0.5],0.479523066088612,0.2559660689722452,0.8983314539864122,0.021746965759247,98,98.0,42.0,0.5767597087378641,0.12787736751844642
선박,여름,S일5_특보없는때_파고+달력,표류,wh_max[1-1.5],1.966962709353089,1.0268269152577942,3.767862180564591,0.0413677271950951,98,98.0,18.0,0.1016383495145631,0.19332229496335837
선박,여름,S일6_특보없는때_풍속+달력,표류,ws_max[0-4],1.0391351405657938,0.5198192797296941,2.077263930880341,0.9134982230168704,98,98.0,20.0,0.2363470873786407,0.9676971467125856
선박,여름,S일6_특보없는때_풍속+달력,표류,ws_max[6-8],1.0804678634279552,0.5693651617157102,2.050372735105052,0.8128216841978397,98,98.0,19.0,0.2360436893203883,0.9320060271158747
선박,여름,S일6_특보없는때_풍속+달력,표류,ws_max[8-10],2.738574832684047,1.4109702886296454,5.3153437564545465,0.0029058278317222,98,98.0,23.0,0.1265169902912621,0.037546354351989476
선박,여름,S일6_특보없는때_풍속+달력,표류,ws_max[10-12],3.507925378369192,1.262926758173881,9.743669124565647,0.0160465133692038,98,98.0,8.0,0.0385315533980582,0.10920100509479097
선박,여름,S일8_특보있는때만_풍속+달력,표류,ws_max[10-14],2.041807881582628,0.3588466084971168,11.61772001344256,0.4209963858834875,28,28.0,16.0,0.5355555555555556,0.7025429486225356
선박,여름,S일8_특보있는때만_풍속+달력,표류,ws_max[14+],7.745889451071213,1.4421417000829364,41.60395846314258,0.0169916501222253,28,28.0,8.0,0.1155555555555555,0.11198523771829023
선박,여름,S일1_주말·공휴일(평일 대비),접촉,weekend_or_hol,1.3034289982068223,0.817375451920247,2.0785150194750504,0.2656994442381855,94,94.0,34.0,0.3013600572655691,0.5838205556828586
선박,여름,S일3_특보유무(풍랑·태풍)+달력,접촉,any_warn,0.9702976860960876,0.4389712781197958,2.144736219818216,0.9406049738897836,94,94.0,8.0,0.0891195418754473,0.9782835898464297
선박,여름,S일4_특보최고수준+달력,접촉,warn_주의보,1.0298661965964946,0.4697532213044565,2.257833123415065,0.9414236175202404,94,94.0,8.0,0.0830350751610594,0.9782835898464297
선박,여름,S일5_특보없는때_파고+달력,접촉,wh_max[0-0.5],0.8006456570906418,0.4408011545189429,1.4542463458782933,0.4652896335134806,86,86.0,42.0,0.5202357563850688,0.7223443257351831
선박,여름,S일5_특보없는때_파고+달력,접촉,wh_max[1-1.5],0.5143066316720296,0.2042327440363555,1.2951464400573445,0.1582026276159867,86,86.0,7.0,0.1316306483300589,0.43960424347887633
선박,여름,S일6_특보없는때_풍속+달력,접촉,ws_max[0-4],1.3665335545469293,0.7084940696555027,2.6357510043953853,0.3514614892597962,86,86.0,25.0,0.237328094302554,0.660981082204557
선박,여름,S일6_특보없는때_풍속+달력,접촉,ws_max[6-8],0.9629097560401456,0.5069472702019935,1.8289775934839363,0.908073522079536,86,86.0,20.0,0.262082514734774,0.9676971467125856
선박,여름,S일6_특보없는때_풍속+달력,접촉,ws_max[8-10],0.8868673472605612,0.3924736438462142,2.004042064911696,0.7728470404861922,86,86.0,9.0,0.1261296660117878,0.907817935116556
선박,여름,S일6_특보없는때_풍속+달력,접촉,ws_max[10-12],1.6551902695890108,0.5771964580149084,4.746485863694231,0.3484868918715307,86,86.0,5.0,0.037328094302554,0.6593721152559598
선박,여름,S일8_특보있는때만_풍속+달력,접촉,ws_max[10-14],1.9588182373267768,0.3026922367422694,12.676139065142287,0.480381736192998,8,8.0,6.0,0.4136546184738955,0.7279859026875372
선박,여름,S일1_주말·공휴일(평일 대비),충돌,weekend_or_hol,1.4063479798019047,1.0674627842573154,1.8528183553199544,0.0153463725262457,541,541.0,209.0,0.3070301291248206,0.10688041007640622
선박,여름,S일3_특보유무(풍랑·태풍)+달력,충돌,any_warn,0.5787021048704466,0.3828244341433557,0.8748034250501295,0.00947424190998,541,541.0,35.0,0.1078535337783045,0.07951885090256719
선박,여름,S일4_특보최고수준+달력,충돌,warn_주의보,0.6107111171766667,0.3977983419045753,0.937580752241146,0.0241528943555966,541,541.0,32.0,0.0938806063252448,0.13676486805815366
선박,여름,S일5_특보없는때_파고+달력,충돌,wh_max[0-0.5],1.233205070984326,0.9121580076058814,1.6672492423687086,0.1730664656222482,506,506.0,233.0,0.4103621871066983,0.4582361497858883
선박,여름,S일5_특보없는때_파고+달력,충돌,wh_max[1-1.5],0.8137184136289684,0.5701674937931392,1.161303764046347,0.2559813868163085,506,506.0,74.0,0.1678786183750524,0.5792845433141478
선박,여름,S일5_특보없는때_파고+달력,충돌,wh_max[1.5-2],0.4285749020278235,0.2166272507515888,0.847891694193102,0.0149329693599105,506,506.0,14.0,0.0574045588029646,0.1047441136530865
선박,여름,S일6_특보없는때_풍속+달력,충돌,ws_max[0-4],1.0940435328650222,0.8303221176932,1.441526398368253,0.5230223010657056,506,506.0,120.0,0.2040274087540204,0.7575337752898568
선박,여름,S일6_특보없는때_풍속+달력,충돌,ws_max[6-8],0.8634771759119803,0.6572564424473054,1.1344017116739111,0.2917576396520605,506,506.0,127.0,0.2662564676269053,0.6108869981627364
선박,여름,S일6_특보없는때_풍속+달력,충돌,ws_max[8-10],0.841598094465198,0.6043284735187022,1.172023797726176,0.307443714420061,506,506.0,69.0,0.1504684659488183,0.6263687293786305
선박,여름,S일6_특보없는때_풍속+달력,충돌,ws_max[10-12],0.4733321656236461,0.2514795734385749,0.8909007437484555,0.0204483184103998,506,506.0,12.0,0.0467067543000978,0.12395215233958398
선박,여름,S일7_특보있는때만_파고+달력,충돌,wh_max[2-3],0.7387901993289011,0.1533018206115673,3.5603684055873086,0.7059369915089231,35,35.0,10.0,0.2579525737420474,0.8661708303762162
선박,여름,S일8_특보있는때만_풍속+달력,충돌,ws_max[10-14],2.05321921230346,0.4722488976393831,8.926879776416593,0.3373396079816606,35,35.0,16.0,0.4239444765760555,0.6472507964516282
선박,여름,S일1_주말·공휴일(평일 대비),기상민감4종(전복·침몰·침수·표류),weekend_or_hol,1.3512784553670842,1.051286640684164,1.736874980881471,0.0187483518872051,827,827.0,307.0,0.3021193507708579,0.11877988098861554
선박,여름,S일3_특보유무(풍랑·태풍)+달력,기상민감4종(전복·침몰·침수·표류),any_warn,1.4104628912062152,0.991070407900146,2.007330207431878,0.0561099499341972,827,827.0,110.0,0.1029980067526339,0.2295832118140902
선박,여름,S일4_특보최고수준+달력,기상민감4종(전복·침몰·침수·표류),warn_주의보,1.4284014152098463,0.9994144229505776,2.0415260737881,0.0503727041706474,827,827.0,104.0,0.0960826587479152,0.21600871395447924
선박,여름,S일4_특보최고수준+달력,기상민감4종(전복·침몰·침수·표류),warn_경보,1.1351023504325,0.4150132612132345,3.104617289073503,0.8050210402263416,827,827.0,6.0,0.0069153480047187,0.9311315212040842
선박,여름,S일5_특보없는때_파고+달력,기상민감4종(전복·침몰·침수·표류),wh_max[0-0.5],0.9726194053017748,0.7650256748603287,1.236544783601267,0.8206977029680276,717,717.0,385.0,0.5494535395220171,0.9327837318456055
선박,여름,S일5_특보없는때_파고+달력,기상민감4종(전복·침몰·침수·표류),wh_max[1-1.5],1.0553050789732967,0.7665121132306825,1.4529043840063576,0.7414137642159231,717,717.0,83.0,0.111514217042311,0.8908584275138561
선박,여름,S일5_특보없는때_파고+달력,기상민감4종(전복·침몰·침수·표류),wh_max[1.5-2],1.2972939207099397,0.8091150140778708,2.0800151862575555,0.2798710866202394,717,717.0,34.0,0.0380935104983901,0.5961679111953907
선박,여름,S일6_특보없는때_풍속+달력,기상민감4종(전복·침몰·침수·표류),ws_max[0-4],0.8514306326196389,0.6539714872710644,1.108510288710188,0.2321830844619565,717,717.0,141.0,0.2237086753435218,0.5561068022966861
선박,여름,S일6_특보없는때_풍속+달력,기상민감4종(전복·침몰·침수·표류),ws_max[6-8],0.9735414210082636,0.7736972044524552,1.225004941163687,0.8190643598788185,717,717.0,175.0,0.2523695070518343,0.9320060271158747
선박,여름,S일6_특보없는때_풍속+달력,기상민감4종(전복·침몰·침수·표류),ws_max[8-10],1.1853284416252194,0.8828749083365813,1.5913959058739464,0.2579753136050247,717,717.0,112.0,0.1325109972336855,0.5797065399545406
선박,여름,S일6_특보없는때_풍속+달력,기상민감4종(전복·침몰·침수·표류),ws_max[10-12],1.2535764304222816,0.7759321322203628,2.0252465411033915,0.3557828469217312,717,717.0,33.0,0.0377760645775701,0.6617021887824621
선박,여름,S일6_특보없는때_풍속+달력,기상민감4종(전복·침몰·침수·표류),ws_max[12+],1.2978703547498385,0.5516197040520134,3.0536752863701904,0.5503398984409757,717,717.0,7.0,0.007482653847898,0.776485316478503
선박,여름,S일7_특보있는때만_파고+달력,기상민감4종(전복·침몰·침수·표류),wh_max[2-3],3.518794491470419,1.0670221170517782,11.604178090904297,0.0387759368660693,110,110.0,23.0,0.188388625592417,0.18757620690876872
선박,여름,S일7_특보있는때만_파고+달력,기상민감4종(전복·침몰·침수·표류),wh_max[3+],6.002400280287892,1.7007041765841378,21.18464199762477,0.0053472572461521,110,110.0,15.0,0.0726698262243285,0.054134088821869715
선박,여름,S일8_특보있는때만_풍속+달력,기상민감4종(전복·침몰·침수·표류),ws_max[10-14],1.1123260101974737,0.5506151630371544,2.247066982567535,0.7666768280769132,110,110.0,54.0,0.4707740916271722,0.9038134996056767
선박,여름,S일8_특보있는때만_풍속+달력,기상민감4종(전복·침몰·침수·표류),ws_max[14+],5.808681204782677,1.8281517567006005,18.456223459090715,0.0028556582229568,110,110.0,27.0,0.1101895734597156,0.037546354351989476
선박,여름,S일1_주말·공휴일(평일 대비),충돌·접촉,weekend_or_hol,1.3943142164266282,1.0711694377585177,1.8149436173212397,0.0134698803280013,634,634.0,243.0,0.3061821664183869,0.09732056932099115
선박,여름,S일3_특보유무(풍랑·태풍)+달력,충돌·접촉,any_warn,0.6260410423760725,0.4274795898112982,0.9168329812245009,0.0161243846626728,634,634.0,43.0,0.1050755479889338,0.10920100509479097
선박,여름,S일4_특보최고수준+달력,충돌·접촉,warn_주의보,0.6650259700764733,0.4499507605064642,0.9829065304353468,0.040707619512434,634,634.0,40.0,0.0922536709938284,0.19324179517815263
선박,여름,S일5_특보없는때_파고+달력,충돌·접촉,wh_max[0-0.5],1.1589807121634563,0.8762867998102276,1.5328729035491686,0.3010175561661274,591,591.0,274.0,0.4267879436418762,0.6224980899924089
선박,여름,S일5_특보없는때_파고+달력,충돌·접촉,wh_max[1-1.5],0.7717683731512041,0.5539180536220618,1.0752970008860767,0.1257727325277118,591,591.0,81.0,0.1624160275845669,0.3945968796875814
선박,여름,S일5_특보없는때_파고+달력,충돌·접촉,wh_max[1.5-2],0.4630632791235421,0.2457693899595786,0.8724748045633922,0.0172143377740945,591,591.0,17.0,0.05451518934665,0.11269653129440532
선박,여름,S일5_특보없는때_파고+달력,충돌·접촉,wh_max[2+],0.9962036765125796,0.3191068139765242,3.1099986638649137,0.994775109870266,591,591.0,6.0,0.008620177159503,0.9958748412921122
선박,여름,S일6_특보없는때_풍속+달력,충돌·접촉,ws_max[0-4],1.126659810368032,0.8636012664272809,1.469847692037186,0.3793666048860684,591,591.0,144.0,0.2089055347482313,0.6789448893296345
선박,여름,S일6_특보없는때_풍속+달력,충돌·접촉,ws_max[6-8],0.8780783582051807,0.6813112923431723,1.1316730132221948,0.3151759141288286,591,591.0,147.0,0.2658581534986029,0.6304764037862938
선박,여름,S일6_특보없는때_풍속+달력,충돌·접촉,ws_max[8-10],0.8504526323637807,0.6185896647294277,1.169223673031853,0.3185783968095386,591,591.0,78.0,0.146780809702158,0.6304764037862938
선박,여름,S일6_특보없는때_풍속+달력,충돌·접촉,ws_max[10-12],0.5985935138152088,0.3416772226372368,1.0486920726409246,0.0728435856962756,591,591.0,17.0,0.0452410677129778,0.2761868770414774
선박,여름,S일7_특보있는때만_파고+달력,충돌·접촉,wh_max[2-3],1.1701829543190765,0.2814742424154888,4.864843528231739,0.8288450062296997,43,43.0,12.0,0.2526582278481012,0.9335968595875371
선박,여름,S일8_특보있는때만_풍속+달력,충돌·접촉,ws_max[10-14],2.090132468748273,0.6043826104326562,7.228291584677439,0.2441943524142511,43,43.0,22.0,0.4232911392405063,0.5655633350726288
선박,가을,S일1_주말·공휴일(평일 대비),전체,weekend_or_hol,1.172006810954982,0.951324674028842,1.4438813608267898,0.1359139304491816,2159,2159.0,813.0,0.3397725477807613,0.4119664780450794
선박,가을,S일3_특보유무(풍랑·태풍)+달력,전체,any_warn,1.0230173186418772,0.7890217571994451,1.3264075732916327,0.8636460521742231,2159,2159.0,373.0,0.1709050702890538,0.9560745241862061
선박,가을,S일4_특보최고수준+달력,전체,warn_주의보,0.9078903752911428,0.7133659467818474,1.1554587617543766,0.4321820908035265,2159,2159.0,275.0,0.142047069973148,0.7025429486225356
선박,가을,S일4_특보최고수준+달력,전체,warn_경보,1.6740298568049437,0.9236869831739928,3.0339021903770877,0.0894441151433373,2159,2159.0,98.0,0.0288580003159058,0.31786917387633573
선박,가을,S일5_특보없는때_파고+달력,전체,wh_max[0-0.5],1.0236051173106997,0.863318568275082,1.2136509912883024,0.7883043611470826,1786,1786.0,950.0,0.5259287483330158,0.9193763451857898
선박,가을,S일5_특보없는때_파고+달력,전체,wh_max[1-1.5],0.7833572299384729,0.6368701545762465,0.9635379288658612,0.0207965879486358,1786,1786.0,185.0,0.1201181177367117,0.12424562945406897
선박,가을,S일5_특보없는때_파고+달력,전체,wh_max[1.5-2],0.8810558674518034,0.6533436749363978,1.1881333995417005,0.4065040225765044,1786,1786.0,70.0,0.0398742617641455,0.6894420555615325
선박,가을,S일5_특보없는때_파고+달력,전체,wh_max[2+],0.6195408618299806,0.3229070265950668,1.1886730478564906,0.1498336659133767,1786,1786.0,10.0,0.0078681653648313,0.4268645818996161
선박,가을,S일6_특보없는때_풍속+달력,전체,ws_max[0-4],1.000175265588857,0.808515732429946,1.237267899400357,0.9987116762730066,1786,1786.0,284.0,0.1543341588874071,0.9987116762730066
선박,가을,S일6_특보없는때_풍속+달력,전체,ws_max[6-8],0.9090585150767396,0.7670053002852679,1.0774206951714325,0.271407860182562,1786,1786.0,475.0,0.2763955039055058,0.590959021506155
선박,가을,S일6_특보없는때_풍속+달력,전체,ws_max[8-10],0.9642720412048864,0.7753877624300682,1.199168486403986,0.7436018472768804,1786,1786.0,333.0,0.1819965707753857,0.8908584275138561
선박,가을,S일6_특보없는때_풍속+달력,전체,ws_max[10-12],0.7631352816428689,0.564968445851723,1.0308105919263786,0.0780386062846834,1786,1786.0,109.0,0.0737854829491331,0.29027996731651173
선박,가을,S일6_특보없는때_풍속+달력,전체,ws_max[12+],0.8884131334062145,0.5471666211464408,1.4424818055511652,0.6323193150066078,1786,1786.0,33.0,0.0198514002667174,0.825714850181501
선박,가을,S일7_특보있는때만_파고+달력,전체,wh_max[2-3],0.6573099106799735,0.4150673484211951,1.0409306352849512,0.0736198844256335,373,373.0,55.0,0.2372458410351201,0.278056640407585
선박,가을,S일7_특보있는때만_파고+달력,전체,wh_max[3+],1.6835737200197531,0.833066714195027,3.4023931366409053,0.1467265349220534,373,373.0,65.0,0.1193160813308687,0.42390171014260447
선박,가을,S일8_특보있는때만_풍속+달력,전체,ws_max[10-14],0.8691740240578623,0.5896962851127945,1.2811060594564128,0.4786941969917158,373,373.0,147.0,0.4948243992606285,0.7265497703954635
선박,가을,S일8_특보있는때만_풍속+달력,전체,ws_max[14+],2.0350058060494627,1.0758024794272132,3.8494507215301623,0.0289131348693243,373,373.0,132.0,0.2237523105360443,0.15347404563068356
선박,가을,S일1_주말·공휴일(평일 대비),전복,weekend_or_hol,1.3631327050209778,0.9581319521828155,1.9393265898967424,0.0850287283215367,200,200.0,84.0,0.3457546367194146,0.3115604895960785
선박,가을,S일3_특보유무(풍랑·태풍)+달력,전복,any_warn,1.569569838128678,1.0085548991382058,2.4426528281884785,0.045743746015912,200,200.0,45.0,0.1573932278373319,0.20511579263755975
선박,가을,S일4_특보최고수준+달력,전복,warn_주의보,1.2229750352597435,0.7710115710664484,1.939877419478662,0.3924585770740476,200,200.0,31.0,0.1374851114514207,0.679707800152936
선박,가을,S일4_특보최고수준+달력,전복,warn_경보,5.227243991236513,2.147129478058692,12.72586493881266,0.0002691904030869,200,200.0,14.0,0.0199081163859111,0.006352965922065838
선박,가을,S일5_특보없는때_파고+달력,전복,wh_max[0-0.5],0.890120966983824,0.5418015084215329,1.4623719638074173,0.6458496929574031,155,155.0,85.0,0.5793618739903069,0.8345057874791709
선박,가을,S일5_특보없는때_파고+달력,전복,wh_max[1-1.5],1.1624681550416949,0.6013715390622958,2.247083747250729,0.6543746463820379,155,155.0,17.0,0.1076332794830371,0.8421964649373017
선박,가을,S일5_특보없는때_파고+달력,전복,wh_max[1.5-2],3.3742304357133137,1.3562300670908922,8.394911239297148,0.0089163259187283,155,155.0,9.0,0.0264539579967689,0.07613767001905382
선박,가을,S일6_특보없는때_풍속+달력,전복,ws_max[0-4],0.7917418810176831,0.4109786580239016,1.5252743516451954,0.4851539326092147,155,155.0,20.0,0.1710420032310177,0.7297627559530963
선박,가을,S일6_특보없는때_풍속+달력,전복,ws_max[6-8],1.242361616250092,0.7523703806921098,2.0514661729661667,0.396392264494823,155,155.0,44.0,0.2643376413570275,0.6817355690654932
선박,가을,S일6_특보없는때_풍속+달력,전복,ws_max[8-10],1.1362886406108528,0.602750632995824,2.142099575016465,0.6928585873945132,155,155.0,27.0,0.1819466882067851,0.8661708303762162
선박,가을,S일6_특보없는때_풍속+달력,전복,ws_max[10-12],2.0336185858541964,1.0557493916316365,3.9172218194131663,0.0338210936731075,155,155.0,17.0,0.0654281098546042,0.16945058156628348
선박,가을,S일7_특보있는때만_파고+달력,전복,wh_max[2-3],2.6363669561689225,0.7117547764583133,9.765204193169849,0.1467684128803315,45,45.0,9.0,0.2194594594594594,0.42390171014260447
선박,가을,S일8_특보있는때만_풍속+달력,전복,ws_max[10-14],0.6234265031425296,0.1988657667674669,1.954386675686529,0.4176177424058651,45,45.0,14.0,0.52,0.6986381993910724
선박,가을,S일8_특보있는때만_풍속+달력,전복,ws_max[14+],3.303900737153924,1.1613701091289317,9.399036530355897,0.0250613862504864,45,45.0,22.0,0.1805405405405405,0.13983114373850936
선박,가을,S일1_주말·공휴일(평일 대비),침수,weekend_or_hol,1.2126896930631708,0.9366832974047896,1.57002510425476,0.1433117275711357,548,548.0,209.0,0.3365707881957415,0.4210030259698455
선박,가을,S일3_특보유무(풍랑·태풍)+달력,침수,any_warn,1.253664972298152,0.907120403901587,1.7325989537964754,0.1708468134198346,548,548.0,115.0,0.1796164861162993,0.4582361497858883
선박,가을,S일4_특보최고수준+달력,침수,warn_주의보,1.1741359948306809,0.8605997466302502,1.6019006974555094,0.311141749338212,548,548.0,89.0,0.1485493711866517,0.629848907840518
선박,가을,S일4_특보최고수준+달력,침수,warn_경보,1.6840640948856491,0.7813238617911118,3.629828825631399,0.1834478709711238,548,548.0,26.0,0.0310671149296476,0.4782068992682935
선박,가을,S일5_특보없는때_파고+달력,침수,wh_max[0-0.5],0.9592937192112456,0.7357068514244753,1.250830324519022,0.7588823775613891,433,433.0,217.0,0.5098277301358427,0.8987491076784241
선박,가을,S일5_특보없는때_파고+달력,침수,wh_max[1-1.5],0.8083757346085392,0.5617732532593359,1.1632296918953318,0.2519256523277731,433,433.0,49.0,0.1270395385899673,0.575327885083426
선박,가을,S일5_특보없는때_파고+달력,침수,wh_max[1.5-2],0.9168928093666412,0.5447711978037849,1.5432027744077832,0.7439373139736851,433,433.0,21.0,0.0486453669272216,0.8908584275138561
선박,가을,S일6_특보없는때_풍속+달력,침수,ws_max[0-4],0.97480269828336,0.6958536222207992,1.3655749862274935,0.8820398366759568,433,433.0,73.0,0.157623131213478,0.9560745241862061
선박,가을,S일6_특보없는때_풍속+달력,침수,ws_max[6-8],0.8553303053958862,0.661244295215287,1.106383732339694,0.234014577111308,433,433.0,114.0,0.2767701297715716,0.559129719521422
선박,가을,S일6_특보없는때_풍속+달력,침수,ws_max[8-10],0.783097346271394,0.569774765575907,1.0762874925102344,0.1318375214653215,433,433.0,71.0,0.1815284207330955,0.40442497417704354
선박,가을,S일6_특보없는때_풍속+달력,침수,ws_max[10-12],0.8274886149399922,0.5246777586996103,1.3050627675783264,0.4152954193603453,433,433.0,31.0,0.0728542156788343,0.695938740293275
선박,가을,S일7_특보있는때만_파고+달력,침수,wh_max[2-3],0.8978148865548716,0.3815134481841994,2.1128260992004546,0.8050130426516475,115,115.0,20.0,0.2454072790294627,0.9311315212040842
선박,가을,S일7_특보있는때만_파고+달력,침수,wh_max[3+],1.6018793986994082,0.5201802032416509,4.932939762003069,0.4116047022722076,115,115.0,21.0,0.1348353552859618,0.6921161260810066
선박,가을,S일8_특보있는때만_풍속+달력,침수,ws_max[10-14],1.0752119024643771,0.5525827867470053,2.0921401515360007,0.8309202192255676,115,115.0,47.0,0.4876949740034662,0.9335968595875371
선박,가을,S일8_특보있는때만_풍속+달력,침수,ws_max[14+],2.530467150930098,1.0154376126795004,6.305915717499952,0.0462740691042511,115,115.0,41.0,0.224263431542461,0.20655061754715717
선박,가을,S일1_주말·공휴일(평일 대비),침몰,weekend_or_hol,0.8596862201146223,0.5134654336517787,1.4393576443865974,0.5653150630926689,83,83.0,25.0,0.3352529823118058,0.7798803895105398
선박,가을,S일3_특보유무(풍랑·태풍)+달력,침몰,any_warn,1.6711091240296705,0.838874052901494,3.3289928264632334,0.1441985699574011,83,83.0,19.0,0.157959687371452,0.4210030259698455
선박,가을,S일4_특보최고수준+달력,침몰,warn_주의보,1.6807693296307231,0.828431675999162,3.410040467151534,0.1502786365050479,83,83.0,16.0,0.1287535993418346,0.4268645818996161
선박,가을,S일5_특보없는때_파고+달력,침몰,wh_max[0-0.5],1.327257012735133,0.7115312856709063,2.475802840058617,0.373437049714568,64,64.0,36.0,0.5109916951636542,0.6769534823280022
선박,가을,S일5_특보없는때_파고+달력,침몰,wh_max[1-1.5],1.3654198523841858,0.4807895420436134,3.8777286322832096,0.5586445434144793,64,64.0,7.0,0.1025891548607718,0.7798803895105398
선박,가을,S일6_특보없는때_풍속+달력,침몰,ws_max[0-4],1.519451260918123,0.6215113133028404,3.71470653049997,0.3590183797451418,64,64.0,9.0,0.126038104543234,0.6640324544919312
선박,가을,S일6_특보없는때_풍속+달력,침몰,ws_max[6-8],1.4789642488943755,0.7455142416894973,2.9339952574892845,0.2628353837269928,64,64.0,18.0,0.2745481191988275,0.5826283223925663
선박,가을,S일6_특보없는때_풍속+달력,침몰,ws_max[8-10],1.6338706878001763,0.7120952889546505,3.7488429791067337,0.2465929175175181,64,64.0,15.0,0.19247679531021,0.5696342923406624
선박,가을,S일6_특보없는때_풍속+달력,침몰,ws_max[10-12],1.8784207208548411,0.6589128155121352,5.354979173981232,0.2381965934814527,64,64.0,7.0,0.0952613580850024,0.565448097569148
선박,가을,S일8_특보있는때만_풍속+달력,침몰,ws_max[10-14],0.3833953997525972,0.1036562151596998,1.4180725422492786,0.1508370773107605,19,19.0,6.0,0.453125,0.4268645818996161
선박,가을,S일1_주말·공휴일(평일 대비),좌초좌주,weekend_or_hol,1.22111192129781,0.9252117758635944,1.611646504330125,0.1582568019715986,417,417.0,162.0,0.3416169377912205,0.43960424347887633
선박,가을,S일3_특보유무(풍랑·태풍)+달력,좌초좌주,any_warn,0.5769139608260475,0.3873879084264407,0.8591639309237702,0.0067887018084165,417,417.0,42.0,0.1613667947355513,0.0634905254844286
선박,가을,S일4_특보최고수준+달력,좌초좌주,warn_주의보,0.5720625908516977,0.3766287141282845,0.8689077480706622,0.0088211793932058,417,417.0,35.0,0.1365159813618899,0.07598594880814119
선박,가을,S일4_특보최고수준+달력,좌초좌주,warn_경보,0.6039856816201719,0.2384789422860689,1.5296893725928518,0.2875731691354906,417,417.0,7.0,0.0248508133736614,0.604704180066492
선박,가을,S일5_특보없는때_파고+달력,좌초좌주,wh_max[0-0.5],0.9530737466136788,0.6985722563555763,1.3002943621366507,0.7617048778763571,375,375.0,210.0,0.5532702992494395,0.9001133454567781
선박,가을,S일5_특보없는때_파고+달력,좌초좌주,wh_max[1-1.5],0.6484573572274955,0.4301074725900728,0.9776555185388172,0.0386511820476016,375,375.0,32.0,0.1073204015985963,0.18757620690876872
선박,가을,S일5_특보없는때_파고+달력,좌초좌주,wh_max[1.5-2],0.4328471127450132,0.1860965285289579,1.0067711874729584,0.0518555908660558,375,375.0,6.0,0.0289501900770055,0.22073951287117813
선박,가을,S일6_특보없는때_풍속+달력,좌초좌주,ws_max[0-4],1.0236937364822327,0.713270843523344,1.469215902526454,0.8989151167604437,375,375.0,64.0,0.1578126523052929,0.9636841098894713
선박,가을,S일6_특보없는때_풍속+달력,좌초좌주,ws_max[6-8],0.8798015887074027,0.638548566094961,1.2122035450267656,0.4335448338750067,375,375.0,97.0,0.2679598401403645,0.7025429486225356
선박,가을,S일6_특보없는때_풍속+달력,좌초좌주,ws_max[8-10],0.8928125517267548,0.6001913207107115,1.328100265723508,0.5757708869708891,375,375.0,68.0,0.1834486792084998,0.785236612180351
선박,가을,S일6_특보없는때_풍속+달력,좌초좌주,ws_max[10-12],0.532932474438312,0.29354107209488,0.9675546262880054,0.038602398583595,375,375.0,17.0,0.0747636221853981,0.18757620690876872
선박,가을,S일6_특보없는때_풍속+달력,좌초좌주,ws_max[12+],1.2247053067799958,0.56260185883963,2.6660116117437718,0.6095364070937426,375,375.0,10.0,0.0214445852422263,0.8099658345954739
선박,가을,S일8_특보있는때만_풍속+달력,좌초좌주,ws_max[10-14],0.8179346741249605,0.2733668401511954,2.447323643079318,0.719285052499709,42,42.0,21.0,0.4954407294832826,0.8731000266436516
선박,가을,S일8_특보있는때만_풍속+달력,좌초좌주,ws_max[14+],0.4131661169462133,0.0852031370724311,2.003520598628836,0.2725033413848516,42,42.0,6.0,0.2274569402228976,0.5920315956635493
선박,가을,S일1_주말·공휴일(평일 대비),표류,weekend_or_hol,0.990064827404403,0.6483652790192844,1.5118458593988888,0.9631261592492886,172,172.0,57.0,0.3340615690168818,0.9831495721234941
선박,가을,S일3_특보유무(풍랑·태풍)+달력,표류,any_warn,3.3657174647365817,2.1336058371069,5.309347141547623,1.8037865889830584e-07,172,172.0,67.0,0.1789473684210526,2.2141480379767042e-05
선박,가을,S일4_특보최고수준+달력,표류,warn_주의보,2.200336618493919,1.328642205169808,3.643931538413296,0.0021835142670771,172,172.0,35.0,0.1455809334657398,0.03248804561014716
선박,가을,S일4_특보최고수준+달력,표류,warn_경보,13.197159137725976,5.731600820589424,30.38680026020261,1.333862797991969e-09,172,172.0,32.0,0.0333664349553128,6.549266338140568e-07
선박,가을,S일5_특보없는때_파고+달력,표류,wh_max[0-0.5],0.8394028935574316,0.4918572377610413,1.4325238374450897,0.5209024446917787,105,105.0,62.0,0.5921625544267054,0.7555778444421369
선박,가을,S일5_특보없는때_파고+달력,표류,wh_max[1-1.5],0.8088323652422464,0.3787281717820021,1.7273861407910616,0.583661981205426,105,105.0,10.0,0.1025641025641025,0.791652024231669
선박,가을,S일6_특보없는때_풍속+달력,표류,ws_max[0-4],1.2215295433698763,0.6198756704641155,2.4071511375954198,0.5631418684489446,105,105.0,17.0,0.1717464925012095,0.7798803895105398
선박,가을,S일6_특보없는때_풍속+달력,표류,ws_max[6-8],1.3589310456220522,0.7530240784030706,2.4523699038571323,0.308560468382431,105,105.0,27.0,0.2561683599419448,0.6268501892289134
선박,가을,S일6_특보없는때_풍속+달력,표류,ws_max[8-10],1.8022541534252197,0.9661515664039164,3.361915610847876,0.0640619160495616,105,105.0,23.0,0.1736816642477019,0.2546915042942085
선박,가을,S일6_특보없는때_풍속+달력,표류,ws_max[10-12],1.6021753786413475,0.6837479494521189,3.754257612006634,0.277941420594531,105,105.0,9.0,0.0689404934687953,0.5941704455727892
선박,가을,S일7_특보있는때만_파고+달력,표류,wh_max[2-3],1.9948288043508344,0.6802369335897777,5.849935165483903,0.2083760483642907,67,67.0,12.0,0.1931187569367369,0.5167305037720542
선박,가을,S일7_특보있는때만_파고+달력,표류,wh_max[3+],8.178070885191124,1.8047131082082808,37.05898909861083,0.0064143081833958,67,67.0,16.0,0.099889012208657,0.061753437608771326
선박,가을,S일8_특보있는때만_풍속+달력,표류,ws_max[10-14],3.3725831220437312,1.2119653106895398,9.38501854366021,0.0199031571893029,67,67.0,21.0,0.4761376248612652,0.12292390163456256
선박,가을,S일8_특보있는때만_풍속+달력,표류,ws_max[14+],14.766171554175694,4.8589928758245335,44.87345998224946,2.058534550153368e-06,67,67.0,41.0,0.2130965593784683,0.00011230449601392263
선박,가을,S일1_주말·공휴일(평일 대비),접촉,weekend_or_hol,0.9557737176847864,0.6314281719778575,1.446725755924986,0.8306450658392497,128,128.0,43.0,0.3468192706947032,0.9335968595875371
선박,가을,S일3_특보유무(풍랑·태풍)+달력,접촉,any_warn,0.912111100675521,0.4841745498603939,1.718278377530154,0.7758715044437712,128,128.0,18.0,0.1495874367846686,0.9091954861142999
선박,가을,S일4_특보최고수준+달력,접촉,warn_주의보,1.004653080451581,0.5357999776059627,1.883777256898524,0.9884518243189406,128,128.0,16.0,0.1219057758850146,0.9955484015191792
선박,가을,S일5_특보없는때_파고+달력,접촉,wh_max[0-0.5],1.0302842342073515,0.6280878805800755,1.69002720172834,0.9059448916008086,110,110.0,58.0,0.5223787167449139,0.9676971467125856
선박,가을,S일5_특보없는때_파고+달력,접촉,wh_max[1-1.5],1.0220590655815978,0.4979419427676668,2.0978444348981613,0.9525761526459032,110,110.0,13.0,0.1205007824726134,0.9805343625768101
선박,가을,S일5_특보없는때_파고+달력,접촉,wh_max[1.5-2],1.1894347871357585,0.4399437890638336,3.215763349811521,0.7324502238757857,110,110.0,5.0,0.0400625978090766,0.8836193118501494
선박,가을,S일6_특보없는때_풍속+달력,접촉,ws_max[0-4],0.8568174968334312,0.3925560690080986,1.8701436070900768,0.697989689850679,110,110.0,15.0,0.1383411580594679,0.8661708303762162
선박,가을,S일6_특보없는때_풍속+달력,접촉,ws_max[6-8],0.8218606281362664,0.496916587496184,1.3592923019212464,0.444729917938254,110,110.0,30.0,0.2845070422535211,0.7089687977522167
선박,가을,S일6_특보없는때_풍속+달력,접촉,ws_max[8-10],0.8323041075563352,0.4569729654055774,1.5159105240292028,0.5484747869627795,110,110.0,20.0,0.1899843505477308,0.7749672529459705
선박,가을,S일6_특보없는때_풍속+달력,접촉,ws_max[10-12],0.4844540185739491,0.1846734547309152,1.270868606722171,0.1407885446552779,110,110.0,5.0,0.0823161189358372,0.41635687678264466
선박,가을,S일8_특보있는때만_풍속+달력,접촉,ws_max[10-14],0.4491299289902107,0.0939282329586109,2.1475725323571013,0.3160481102769132,18,18.0,9.0,0.4750889679715303,0.6304764037862938
선박,가을,S일8_특보있는때만_풍속+달력,접촉,ws_max[14+],1.5768102441063023,0.3095966541661249,8.030870206318344,0.5834773686093297,18,18.0,5.0,0.2597864768683274,0.791652024231669
선박,가을,S일1_주말·공휴일(평일 대비),충돌,weekend_or_hol,1.168313602354527,0.8949437125521686,1.5251871757991091,0.2526852512680053,629,629.0,237.0,0.3407427487123882,0.5757237047452
선박,가을,S일3_특보유무(풍랑·태풍)+달력,충돌,any_warn,0.5545934550115132,0.3958846119101465,0.776928153023076,0.0006091274294224,629,629.0,70.0,0.1766874491732177,0.011728688935152878
선박,가을,S일4_특보최고수준+달력,충돌,warn_주의보,0.53410963068457,0.3717644396370442,0.7673490715478907,0.0006927094036415,629,629.0,55.0,0.145188397939821,0.013046248256203876
선박,가을,S일4_특보최고수준+달력,충돌,warn_경보,0.6508648063054528,0.3245493479681618,1.305271444047369,0.2264263464178586,629,629.0,15.0,0.0314990512333965,0.5449771377018068
선박,가을,S일5_특보없는때_파고+달력,충돌,wh_max[0-0.5],1.1596887435302548,0.9051166558788332,1.4858614888320187,0.2413507791075255,559,559.0,289.0,0.4896615303569077,0.565448097569148
선박,가을,S일5_특보없는때_파고+달력,충돌,wh_max[1-1.5],0.6933901891277329,0.5030539529029291,0.95574232466347,0.0253199339281602,559,559.0,59.0,0.1338733043592782,0.14047556563532948
선박,가을,S일5_특보없는때_파고+달력,충돌,wh_max[1.5-2],0.7861997617112678,0.4898072872003857,1.2619454252055229,0.3190849915804077,559,559.0,26.0,0.0491900434610825,0.6304764037862938
선박,가을,S일6_특보없는때_풍속+달력,충돌,ws_max[0-4],1.0397266016232118,0.7499578323803556,1.441456251869221,0.8151979197924939,559,559.0,89.0,0.1471750296325563,0.9320060271158747
선박,가을,S일6_특보없는때_풍속+달력,충돌,ws_max[6-8],0.828630544024698,0.6228006102011449,1.102485397804777,0.1969465259485865,559,559.0,149.0,0.2899381008823917,0.5010401255997718
선박,가을,S일6_특보없는때_풍속+달력,충돌,ws_max[8-10],0.99901426499749,0.7400147295777814,1.3486616708803965,0.994860712125827,559,559.0,111.0,0.179244040563677,0.9958748412921122
선박,가을,S일6_특보없는때_풍속+달력,충돌,ws_max[10-12],0.531701157795239,0.3273145653133643,0.8637138433791985,0.0107136741433597,559,559.0,25.0,0.0726985381272224,0.08484538716757441
선박,가을,S일6_특보없는때_풍속+달력,충돌,ws_max[12+],0.6837557305071883,0.2848074397148339,1.6415368203496694,0.3948912724888234,559,559.0,8.0,0.0190306861583037,0.6817355690654932
선박,가을,S일7_특보있는때만_파고+달력,충돌,wh_max[2-3],0.1342726408313368,0.0461328407680601,0.3908092754674574,0.0002298899932102,70,70.0,5.0,0.2795335992635778,0.00564379933331041
선박,가을,S일7_특보있는때만_파고+달력,충돌,wh_max[3+],0.3868267465733924,0.1353129104872646,1.1058437168021669,0.0763503314258868,70,70.0,7.0,0.1420681190549248,0.2850799447156686
선박,가을,S일8_특보있는때만_풍속+달력,충돌,ws_max[10-14],0.4833521978547958,0.2379110571622559,0.9820028961988342,0.0444083242908206,70,70.0,30.0,0.5065971156796564,0.20096301591514207
선박,가을,S일8_특보있는때만_풍속+달력,충돌,ws_max[14+],0.5673687310272904,0.2387206236270889,1.3484686494886864,0.1994479943406291,70,70.0,12.0,0.2295182571340902,0.5034908237596344
선박,가을,S일1_주말·공휴일(평일 대비),기상민감4종(전복·침몰·침수·표류),weekend_or_hol,1.1746507061200246,0.9324558707074424,1.4797529027742968,0.1718199472737847,997,997.0,374.0,0.3378836087447398,0.4582361497858883
선박,가을,S일3_특보유무(풍랑·태풍)+달력,기상민감4종(전복·침몰·침수·표류),any_warn,1.6363551077675853,1.2124386066654815,2.208489587840918,0.0012853891150776,997,997.0,245.0,0.1733552293954634,0.021394103576376326
선박,가을,S일4_특보최고수준+달력,기상민감4종(전복·침몰·침수·표류),warn_주의보,1.3568614877870586,1.0366555650470843,1.775973774815061,0.0262743365028346,997,997.0,170.0,0.1445482226555818,0.14414189075856745
선박,가을,S일4_특보최고수준+달력,기상민감4종(전복·침몰·침수·표류),warn_경보,3.5137753416839304,1.8533509482555477,6.66178047036757,0.0001179024740791,997,997.0,75.0,0.0288070067398816,0.003356437426259856
선박,가을,S일5_특보없는때_파고+달력,기상민감4종(전복·침몰·침수·표류),wh_max[0-0.5],0.9556935177807964,0.7659296880984735,1.1924725129740714,0.6882099725309656,752,752.0,397.0,0.5375796705570731,0.8661708303762162
선박,가을,S일5_특보없는때_파고+달력,기상민감4종(전복·침몰·침수·표류),wh_max[1-1.5],0.9196299806525584,0.6772050839249772,1.2488377913723934,0.591502632776514,752,752.0,83.0,0.1170019038159092,0.7967923851745141
선박,가을,S일5_특보없는때_파고+달력,기상민감4종(전복·침몰·침수·표류),wh_max[1.5-2],1.1539511588111389,0.7534949693808501,1.7672357892657922,0.5102364962631196,752,752.0,33.0,0.0386971277212151,0.7482162360773857
선박,가을,S일5_특보없는때_파고+달력,기상민감4종(전복·침몰·침수·표류),wh_max[2+],0.9608350124888724,0.3975436468581227,2.3222705947404285,0.9292937996833216,752,752.0,5.0,0.0068702921943547,0.9749642214626302
선박,가을,S일6_특보없는때_풍속+달력,기상민감4종(전복·침몰·침수·표류),ws_max[0-4],1.0032261941711356,0.754323178590907,1.3342594066262112,0.9823367766363648,752,752.0,119.0,0.1605827332174489,0.9930912810173705
선박,가을,S일6_특보없는때_풍속+달력,기상민감4종(전복·침몰·침수·표류),ws_max[6-8],1.0217909033755668,0.8166432667292195,1.278473346633546,0.850461003302172,752,752.0,202.0,0.2702590845128714,0.946885153336432
선박,가을,S일6_특보없는때_풍속+달력,기상민감4종(전복·침몰·침수·표류),ws_max[8-10],1.0069847641676093,0.758607666153839,1.3366834537894874,0.9615827020613334,752,752.0,135.0,0.1813591590100157,0.9831495721234941
선박,가을,S일6_특보없는때_풍속+달력,기상민감4종(전복·침몰·침수·표류),ws_max[10-12],1.1921266891421385,0.8233507630438648,1.7260760622982296,0.3520296395040563,752,752.0,64.0,0.0725105537621057,0.660981082204557
선박,가을,S일6_특보없는때_풍속+달력,기상민감4종(전복·침몰·침수·표류),ws_max[12+],0.7875803462132188,0.3668759765165718,1.6907152319724468,0.5401083153109001,752,752.0,11.0,0.0185828987666583,0.7712486753405793
선박,가을,S일7_특보있는때만_파고+달력,기상민감4종(전복·침몰·침수·표류),wh_max[2-3],1.180839807138449,0.6762164878610218,2.0620358644809427,0.5589289039229048,245,245.0,43.0,0.2269587527136372,0.7798803895105398
선박,가을,S일7_특보있는때만_파고+달력,기상민감4종(전복·침몰·침수·표류),wh_max[3+],3.094783010907629,1.2958608370390194,7.390980274152773,0.0109740182435342,245,245.0,52.0,0.1188079731596605,0.08621188732120467
선박,가을,S일8_특보있는때만_풍속+달력,기상민감4종(전복·침몰·침수·표류),ws_max[10-14],1.1449557311556615,0.7118590138479691,1.841549521470509,0.5766538416009803,245,245.0,88.0,0.4898361949871719,0.785236612180351
선박,가을,S일8_특보있는때만_풍속+달력,기상민감4종(전복·침몰·침수·표류),ws_max[14+],3.920830945490356,1.9544966404037016,7.865408916711936,0.0001197233439329,245,245.0,110.0,0.2141306492993882,0.003356437426259856
선박,가을,S일1_주말·공휴일(평일 대비),충돌·접촉,weekend_or_hol,1.1287621751076935,0.8794603226937792,1.4487339736388356,0.3414848441181162,755,755.0,279.0,0.3416881181411733,0.6524087877898641
선박,가을,S일3_특보유무(풍랑·태풍)+달력,충돌·접촉,any_warn,0.5983394014819289,0.4308360224663381,0.8309658911905973,0.0021764652498323,755,755.0,87.0,0.1721988890394255,0.03248804561014716
선박,가을,S일4_특보최고수준+달력,충돌·접촉,warn_주의보,0.5906021515306076,0.4156999427616696,0.8390929743104729,0.003291338544259,755,755.0,70.0,0.1413087657498984,0.03919499890406956
선박,가을,S일4_특보최고수준+달력,충돌·접촉,warn_경보,0.6343636724927485,0.324340093416941,1.240726253541456,0.1835885957476035,755,755.0,17.0,0.0308901232895271,0.4782068992682935
선박,가을,S일5_특보없는때_파고+달력,충돌·접촉,wh_max[0-0.5],1.1319311208882183,0.9009495830288168,1.4221307013960596,0.2872188413231993,668,668.0,346.0,0.4950354609929078,0.604704180066492
선박,가을,S일5_특보없는때_파고+달력,충돌·접촉,wh_max[1-1.5],0.735364677136836,0.5423820466408535,0.9970116299565426,0.0477855172123513,668,668.0,72.0,0.1313147845062738,0.21233202670827592
선박,가을,S일5_특보없는때_파고+달력,충돌·접촉,wh_max[1.5-2],0.8360416971386776,0.5391900595563361,1.296325306756681,0.4235757862669866,668,668.0,31.0,0.0474086197490452,0.7025429486225356
선박,가을,S일5_특보없는때_파고+달력,충돌·접촉,wh_max[2+],0.5874176187951873,0.2250685938353773,1.533130202623454,0.2770528476961145,668,668.0,5.0,0.0108019639934533,0.5941704455727892
선박,가을,S일6_특보없는때_풍속+달력,충돌·접촉,ws_max[0-4],1.009751470236578,0.7406742886016077,1.376580836321362,0.9510598656363288,668,668.0,104.0,0.1454446262956901,0.9800008269201206
선박,가을,S일6_특보없는때_풍속+달력,충돌·접촉,ws_max[6-8],0.8236949904721282,0.639478054349462,1.0609800175536708,0.1331752183203769,668,668.0,178.0,0.2889252591380251,0.406143057113696
선박,가을,S일6_특보없는때_풍속+달력,충돌·접촉,ws_max[8-10],0.9684623741965896,0.7325173040875859,1.2804057528753612,0.8220228306618793,668,668.0,131.0,0.1810147299509001,0.9332097337687463
선박,가을,S일6_특보없는때_풍속+달력,충돌·접촉,ws_max[10-12],0.5230733151125921,0.3348527854265315,0.8170924803100008,0.0044041233545613,668,668.0,30.0,0.0745226404800872,0.04766995199121133
선박,가을,S일6_특보없는때_풍속+달력,충돌·접촉,ws_max[12+],0.7997899028650609,0.395107952767349,1.618959791228389,0.5346433385491207,668,668.0,12.0,0.0204037097654118,0.7698236927496137
선박,가을,S일7_특보있는때만_파고+달력,충돌·접촉,wh_max[2-3],0.2069799908411204,0.0881627170751417,0.485927816540373,0.0002975307859753,87,87.0,8.0,0.2696039863624442,0.006640346177903286
선박,가을,S일7_특보있는때만_파고+달력,충돌·접촉,wh_max[3+],0.5164531757872919,0.1938886834282276,1.3756547213830224,0.1861863331366173,87,87.0,9.0,0.1366378179910831,0.48293454288820886
선박,가을,S일8_특보있는때만_풍속+달력,충돌·접촉,ws_max[10-14],0.4879652747279649,0.2520757188590914,0.9445975614709652,0.0332435191590523,87,87.0,38.0,0.5017046944662995,0.16827389594942968
선박,가을,S일8_특보있는때만_풍속+달력,충돌·접촉,ws_max[14+],0.6232247474390142,0.2672481914093629,1.4533646935910205,0.2737166580873533,87,87.0,17.0,0.2339365329137162,0.5920479256426893
선박,겨울,S일1_주말·공휴일(평일 대비),전체,weekend_or_hol,1.0992306362885331,0.8716535123196902,1.3862251166058868,0.4240666213059507,1312,1312.0,458.0,0.3275153735444197,0.7025429486225356
선박,겨울,S일3_특보유무(풍랑·태풍)+달력,전체,any_warn,0.9870099539758712,0.7631619269635636,1.2765163130235178,0.9206335032457404,1312,1312.0,319.0,0.2457412010990448,0.9690301418900371
선박,겨울,S일4_특보최고수준+달력,전체,warn_주의보,0.8852617919830937,0.692088083368645,1.1323536110181538,0.3318768589399474,1312,1312.0,250.0,0.215151118670679,0.6402810913143976
선박,겨울,S일4_특보최고수준+달력,전체,warn_경보,1.802913040546454,1.0285463082828878,3.160281073974215,0.0395621199320577,1312,1312.0,69.0,0.0305900824283658,0.1904411851631405
선박,겨울,S일5_특보없는때_파고+달력,전체,wh_max[0-0.5],0.976808297908618,0.784646511806802,1.216030959808901,0.8337063808487175,992,992.0,329.0,0.3357603205016548,0.9344860645529024
선박,겨울,S일5_특보없는때_파고+달력,전체,wh_max[1-1.5],0.8576061544741201,0.6890192648528766,1.0674423107007525,0.1689585977824532,992,992.0,189.0,0.1886779306740985,0.4558168764350798
선박,겨울,S일5_특보없는때_파고+달력,전체,wh_max[1.5-2],0.61045181033233,0.4232753878015621,0.8803994361059415,0.0082463466465587,992,992.0,56.0,0.0745514718690123,0.07295416582811391
선박,겨울,S일5_특보없는때_파고+달력,전체,wh_max[2+],0.6446779205535684,0.3260636016683877,1.2746274626260037,0.2068454404570698,992,992.0,11.0,0.0140393659641177,0.5167305037720542
선박,겨울,S일6_특보없는때_풍속+달력,전체,ws_max[0-4],1.185205116854177,0.8786805447120623,1.5986596920472822,0.2657513120063521,992,992.0,75.0,0.0659466991813273,0.5838205556828586
선박,겨울,S일6_특보없는때_풍속+달력,전체,ws_max[6-8],1.1011565775305685,0.8612286852970371,1.407925477796445,0.4421805502854103,992,992.0,298.0,0.2856993555129768,0.7083544867541157
선박,겨울,S일6_특보없는때_풍속+달력,전체,ws_max[8-10],1.020478794402489,0.7707354090766874,1.3511471739344223,0.8874286431063376,992,992.0,244.0,0.2468907855774255,0.9560745241862061
선박,겨울,S일6_특보없는때_풍속+달력,전체,ws_max[10-12],0.911094531196725,0.648521745159548,1.2799775041812396,0.591391275729384,992,992.0,135.0,0.1504267549207455,0.7967923851745141
선박,겨울,S일6_특보없는때_풍속+달력,전체,ws_max[12+],0.9852618340747186,0.6380900401465157,1.5213227297222514,0.9465906610388596,992,992.0,48.0,0.047831388259885,0.9795068800212435
선박,겨울,S일7_특보있는때만_파고+달력,전체,wh_max[2-3],0.7892273039546216,0.4833162775566655,1.2887621754772212,0.3441159734154118,312,312.0,61.0,0.2931948501568754,0.652678647705264
선박,겨울,S일7_특보있는때만_파고+달력,전체,wh_max[3+],1.753749788621642,0.91863722662317,3.3480445076194343,0.088612071102033,312,312.0,68.0,0.1411879259980525,0.31723908083020735
선박,겨울,S일8_특보있는때만_풍속+달력,전체,ws_max[10-14],0.6227237745789369,0.4304286901365689,0.900927164736161,0.0119476375191285,312,312.0,109.0,0.5190955317537596,0.09166078159206395
선박,겨울,S일8_특보있는때만_풍속+달력,전체,ws_max[14+],1.33780811181374,0.7548920308950505,2.3708430752840504,0.3188261582355078,312,312.0,116.0,0.263118035269934,0.6304764037862938
선박,겨울,S일1_주말·공휴일(평일 대비),전복,weekend_or_hol,1.8364868680504165,1.1405266051237533,2.957128752078233,0.0123837698201281,121,121.0,58.0,0.3304027226318775,0.0920297916027834
선박,겨울,S일3_특보유무(풍랑·태풍)+달력,전복,any_warn,1.687013422229377,0.9576134834267872,2.9719864392444726,0.0702818289559528,121,121.0,42.0,0.2498581962563811,0.27065394523429664
선박,겨울,S일4_특보최고수준+달력,전복,warn_주의보,1.3276128077852951,0.7309718417769104,2.411249882226626,0.351989286248638,121,121.0,29.0,0.2206466250709018,0.660981082204557
선박,겨울,S일4_특보최고수준+달력,전복,warn_경보,5.089586316541559,1.6615168107898866,15.590506641465968,0.0043863324182977,121,121.0,13.0,0.0292115711854792,0.04766995199121133
선박,겨울,S일5_특보없는때_파고+달력,전복,wh_max[0-0.5],0.6737453556584377,0.3546104551075548,1.2800886091574344,0.2278414237666959,79,79.0,23.0,0.316647705726204,0.5470422448383749
선박,겨울,S일5_특보없는때_파고+달력,전복,wh_max[1-1.5],0.8056005276020474,0.4013055842777023,1.6172020412843204,0.5431931145354736,79,79.0,16.0,0.2100872203261281,0.7712486753405793
선박,겨울,S일6_특보없는때_풍속+달력,전복,ws_max[0-4],0.8152074442017391,0.2728876050835755,2.435299972229959,0.7144272670081162,79,79.0,5.0,0.0724307925673113,0.868786584535936
선박,겨울,S일6_특보없는때_풍속+달력,전복,ws_max[6-8],1.3143100864905852,0.637694652941101,2.708837208347171,0.4588657819657562,79,79.0,24.0,0.2897231702692454,0.719818207492608
선박,겨울,S일6_특보없는때_풍속+달력,전복,ws_max[8-10],1.4938150184107797,0.6985610523237724,3.1943998334956403,0.3007027528225616,79,79.0,25.0,0.2457337883959044,0.6224980899924089
선박,겨울,S일6_특보없는때_풍속+달력,전복,ws_max[10-12],0.7300618601525024,0.2414284421992515,2.2076533932545264,0.5773328248413578,79,79.0,7.0,0.1376564277588168,0.785236612180351
선박,겨울,S일6_특보없는때_풍속+달력,전복,ws_max[12+],1.6345617141264366,0.3879185466025305,6.887507753078714,0.5031192097320094,79,79.0,5.0,0.0436101630640879,0.7461492619258842
선박,겨울,S일7_특보있는때만_파고+달력,전복,wh_max[2-3],0.4253179992994448,0.1266554879976731,1.42824762975455,0.1665839237880728,42,42.0,5.0,0.3565621370499419,0.4529678896356337
선박,겨울,S일7_특보있는때만_파고+달력,전복,wh_max[3+],3.735490191797841,1.2358608661535928,11.290823550750478,0.0195305247559374,42,42.0,17.0,0.1347270615563298,0.12215907840974857
선박,겨울,S일8_특보있는때만_풍속+달력,전복,ws_max[10-14],1.3927941502664016,0.5284034469790869,3.671201533802795,0.5028560862368214,42,42.0,18.0,0.502903600464576,0.7461492619258842
선박,겨울,S일8_특보있는때만_풍속+달력,전복,ws_max[14+],3.5469823841053065,1.1434047935211047,11.003175869509896,0.0283784604704873,42,42.0,15.0,0.2508710801393728,0.1522822305028335
선박,겨울,S일1_주말·공휴일(평일 대비),침수,weekend_or_hol,1.252493452784426,0.9256644202729796,1.6947176697201234,0.144478635185171,348,348.0,132.0,0.3267650262402218,0.4210030259698455
선박,겨울,S일3_특보유무(풍랑·태풍)+달력,침수,any_warn,1.3934233035079382,0.9789004647768352,1.983478987520573,0.0655303200630317,348,348.0,101.0,0.2323992474502426,0.25706711603484916
선박,겨울,S일4_특보최고수준+달력,침수,warn_주의보,1.2746764703568034,0.8966075096572963,1.812164282119736,0.1763719901836768,348,348.0,82.0,0.2062580453510248,0.463094369947515
선박,겨울,S일4_특보최고수준+달력,침수,warn_경보,2.453550579766724,1.0739463125071498,5.6054109757312,0.0332343119425382,348,348.0,19.0,0.0261412020992177,0.16827389594942968
선박,겨울,S일5_특보없는때_파고+달력,침수,wh_max[0-0.5],0.8448985671798805,0.5890626823605636,1.2118465660767612,0.3597405965271969,246,246.0,88.0,0.3735236859182349,0.6640324544919312
선박,겨울,S일5_특보없는때_파고+달력,침수,wh_max[1-1.5],0.7075233936852592,0.4649440197259133,1.0766658594877851,0.106276612131654,246,246.0,39.0,0.1656067488643738,0.3497811159113816
선박,겨울,S일5_특보없는때_파고+달력,침수,wh_max[1.5-2],0.4840726409421677,0.2448502208484381,0.957019033500372,0.0369485194361431,246,246.0,11.0,0.0626865671641791,0.1814172304314626
선박,겨울,S일6_특보없는때_풍속+달력,침수,ws_max[0-4],1.718511342647982,1.0625264875537437,2.7794895180534405,0.0272975963990322,246,246.0,28.0,0.0744970798182998,0.14728703112005287
선박,겨울,S일6_특보없는때_풍속+달력,침수,ws_max[6-8],1.041227733201752,0.6707916009027166,1.6162325093657397,0.8570820000712596,246,246.0,68.0,0.2825438027255029,0.9510220610960191
선박,겨울,S일6_특보없는때_풍속+달력,침수,ws_max[8-10],1.144686602649705,0.7392932802282137,1.77237836908411,0.5446385245089038,246,246.0,63.0,0.2368591823491239,0.7712486753405793
선박,겨울,S일6_특보없는때_풍속+달력,침수,ws_max[10-12],0.7423387691720236,0.4245244321358527,1.2980804083367503,0.2960251164809957,246,246.0,25.0,0.1432835820895522,0.6185035412432719
선박,겨울,S일6_특보없는때_풍속+달력,침수,ws_max[12+],1.2686949903463496,0.6282820005810785,2.561886186523356,0.5068462828409313,246,246.0,13.0,0.0429591174561972,0.7465208781432957
선박,겨울,S일7_특보있는때만_파고+달력,침수,wh_max[2-3],0.7556160352878297,0.2897074421265332,1.9708005724434472,0.5666999437268458,98,98.0,15.0,0.2718279569892473,0.7798803895105398
선박,겨울,S일7_특보있는때만_파고+달력,침수,wh_max[3+],2.35423271432758,0.8525508832236971,6.500974642420206,0.0984977888895768,98,98.0,18.0,0.1165591397849462,0.33844650811188154
선박,겨울,S일8_특보있는때만_풍속+달력,침수,ws_max[10-14],0.4460556882794261,0.2232195637071258,0.891345156948181,0.0222745239861068,98,98.0,32.0,0.5148387096774194,0.13019989615688618
선박,겨울,S일8_특보있는때만_풍속+달력,침수,ws_max[14+],0.9390910348164296,0.3367379450570326,2.618926630092811,0.904406598755044,98,98.0,32.0,0.2516129032258064,0.9674589106508205
선박,겨울,S일1_주말·공휴일(평일 대비),침몰,weekend_or_hol,1.7146194978969558,0.8497729048130044,3.4596537568061776,0.1322000170171395,50,50.0,22.0,0.3104866346812885,0.40442497417704354
선박,겨울,S일3_특보유무(풍랑·태풍)+달력,침몰,any_warn,1.3409673057989782,0.6064654199527217,2.9650384936406637,0.4686374685715579,50,50.0,18.0,0.3008910212474297,0.7223443257351831
선박,겨울,S일4_특보최고수준+달력,침몰,warn_주의보,1.0454178431686003,0.4549880525730917,2.402037725242728,0.916655227885828,50,50.0,12.0,0.2590815627141878,0.9679090685848205
선박,겨울,S일4_특보최고수준+달력,침몰,warn_경보,3.8699782656374926,0.8005400556693544,18.70828532619033,0.0923216488477032,50,50.0,6.0,0.0418094585332419,0.3226329507773827
선박,겨울,S일5_특보없는때_파고+달력,침몰,wh_max[0-0.5],1.0606120422322691,0.3691696941796542,3.047102516439716,0.9129726443943688,32,32.0,9.0,0.2529644268774703,0.9676971467125856
선박,겨울,S일5_특보없는때_파고+달력,침몰,wh_max[1.5-2],2.447289705593507,0.4030141037192222,14.861085127870895,0.3308013861845382,32,32.0,5.0,0.0800395256916996,0.639462522112631
선박,겨울,S일6_특보없는때_풍속+달력,침몰,ws_max[6-8],0.7096642164037156,0.1424255500741608,3.536046023916801,0.6755321203143989,32,32.0,5.0,0.266798418972332,0.8581792265831044
선박,겨울,S일6_특보없는때_풍속+달력,침몰,ws_max[8-10],1.7312104045976724,0.5175431119777913,5.79099478985211,0.373008608882162,32,32.0,11.0,0.2598814229249012,0.6769534823280022
선박,겨울,S일6_특보없는때_풍속+달력,침몰,ws_max[10-12],1.5727058273000063,0.483070854394902,5.120167355825268,0.4521374929553818,32,32.0,7.0,0.16699604743083,0.71497426422252
선박,겨울,S일1_주말·공휴일(평일 대비),좌초좌주,weekend_or_hol,0.8287833620987857,0.5784635311730093,1.187424659077309,0.3060089397636349,234,234.0,68.0,0.3320117474302496,0.6260432892664364
선박,겨울,S일3_특보유무(풍랑·태풍)+달력,좌초좌주,any_warn,0.7917519025884484,0.490195779858476,1.278817772428419,0.3397825606225089,234,234.0,46.0,0.2315712187958884,0.6504219776438669
선박,겨울,S일4_특보최고수준+달력,좌초좌주,warn_주의보,0.7201013823964231,0.4327117805435677,1.1983634933115244,0.206363002498485,234,234.0,37.0,0.2045521292217327,0.5167305037720542
선박,겨울,S일4_특보최고수준+달력,좌초좌주,warn_경보,1.3833127577261335,0.5942339918852196,3.2202031721832176,0.4516449823701429,234,234.0,9.0,0.0270190895741556,0.71497426422252
선박,겨울,S일5_특보없는때_파고+달력,좌초좌주,wh_max[0-0.5],1.1421645382763983,0.7470043676933158,1.7463617201120838,0.5394905672360943,188,188.0,70.0,0.3641773852946823,0.7712486753405793
선박,겨울,S일5_특보없는때_파고+달력,좌초좌주,wh_max[1-1.5],1.1171918045672695,0.669759822520851,1.863530009152522,0.6711920145689008,188,188.0,39.0,0.1733538107122288,0.8548775075313366
선박,겨울,S일5_특보없는때_파고+달력,좌초좌주,wh_max[1.5-2],0.6915529259260287,0.2586472585075352,1.8490257817401865,0.4623241288060278,188,188.0,8.0,0.0606642349779228,0.7217842519674392
선박,겨울,S일6_특보없는때_풍속+달력,좌초좌주,ws_max[0-4],1.259763842168841,0.6598763043903779,2.405003676411966,0.48395379357448,188,188.0,17.0,0.0610481858322134,0.7297627559530963
선박,겨울,S일6_특보없는때_풍속+달력,좌초좌주,ws_max[6-8],0.8109899279347228,0.5111806746535671,1.2866383566970732,0.3736342030771662,188,188.0,50.0,0.3002495680552889,0.6769534823280022
선박,겨울,S일6_특보없는때_풍속+달력,좌초좌주,ws_max[8-10],0.9181019125291704,0.5503335882806814,1.531636701337987,0.7434867275679642,188,188.0,48.0,0.2474563255903244,0.8908584275138561
선박,겨울,S일6_특보없는때_풍속+달력,좌초좌주,ws_max[10-12],0.8321296990463414,0.4499049840665496,1.539080162607244,0.5580706681058727,188,188.0,26.0,0.1520445382990977,0.7798803895105398
선박,겨울,S일6_특보없는때_풍속+달력,좌초좌주,ws_max[12+],0.7731903476331076,0.3210865048796015,1.8618761753851123,0.5661748008622194,188,188.0,8.0,0.0474179305048953,0.7798803895105398
선박,겨울,S일7_특보있는때만_파고+달력,좌초좌주,wh_max[2-3],0.9046463922280288,0.2205841589130763,3.710080991326681,0.8893112773665088,46,46.0,12.0,0.2695539754363283,0.9560745241862061
선박,겨울,S일7_특보있는때만_파고+달력,좌초좌주,wh_max[3+],0.503304343572039,0.1018732096874572,2.4865738797829344,0.3995806741766725,46,46.0,6.0,0.1351001939237233,0.6847961990252921
선박,겨울,S일8_특보있는때만_풍속+달력,좌초좌주,ws_max[10-14],0.7835843694188716,0.2778708069810717,2.2096760385462004,0.6447508783974067,46,46.0,18.0,0.5268261150614092,0.8341836134206237
선박,겨울,S일8_특보있는때만_풍속+달력,좌초좌주,ws_max[14+],1.0343693387999484,0.3638207785409825,2.94078841054682,0.9494583692764608,46,46.0,18.0,0.2747252747252747,0.9800008269201206
선박,겨울,S일1_주말·공휴일(평일 대비),표류,weekend_or_hol,1.3267383142017364,0.7920392304133296,2.2224082934026868,0.2827392709747807,100,100.0,38.0,0.3138860457181849,0.5981645001241189
선박,겨울,S일3_특보유무(풍랑·태풍)+달력,표류,any_warn,2.8245059214281505,1.6718625199438886,4.771824001683129,0.0001040638034517,100,100.0,40.0,0.2057318321392016,0.003096686514835436
선박,겨울,S일4_특보최고수준+달력,표류,warn_주의보,2.1882801258138,1.210249192650013,3.956680936548614,0.0095563878667306,100,100.0,28.0,0.1842374616171955,0.07952858377228347
선박,겨울,S일4_특보최고수준+달력,표류,warn_경보,10.649762323416445,4.079725696315071,27.80026060274161,1.350891064788584e-06,100,100.0,12.0,0.0214943705220061,8.907673452410355e-05
선박,겨울,S일5_특보없는때_파고+달력,표류,wh_max[0-0.5],1.0732573682804525,0.5623753783834521,2.04824290472916,0.830228671140365,60,60.0,32.0,0.4344262295081967,0.9335968595875371
선박,겨울,S일6_특보없는때_풍속+달력,표류,ws_max[0-4],1.32660241823376,0.5321282170230994,3.307236714318543,0.5442521746269833,60,60.0,7.0,0.1069887834339948,0.7712486753405793
선박,겨울,S일6_특보없는때_풍속+달력,표류,ws_max[6-8],1.287573886267618,0.5715105087996466,2.900815447961404,0.5419046425447487,60,60.0,14.0,0.2610008628127696,0.7712486753405793
선박,겨울,S일6_특보없는때_풍속+달력,표류,ws_max[8-10],1.90676537988032,0.8082319770840132,4.498404315834458,0.140530299484648,60,60.0,17.0,0.2320966350301984,0.41635687678264466
선박,겨울,S일6_특보없는때_풍속+달력,표류,ws_max[10-12],1.1409233757551631,0.3926472657068869,3.3152049257266127,0.8085873909684922,60,60.0,6.0,0.1294219154443485,0.9320060271158747
선박,겨울,S일6_특보없는때_풍속+달력,표류,ws_max[12+],4.061948121178832,1.1581225427815294,14.246698367100796,0.0285757129621619,60,60.0,5.0,0.0263157894736842,0.15250733765675537
선박,겨울,S일8_특보있는때만_풍속+달력,표류,ws_max[10-14],0.5516897751483251,0.150887824414051,2.017138289223465,0.3685539950971725,37,37.0,7.0,0.523972602739726,0.6752239238534019
선박,겨울,S일8_특보있는때만_풍속+달력,표류,ws_max[14+],4.438879613627729,1.379676800373972,14.281353588709344,0.0124251491644151,37,37.0,21.0,0.2191780821917808,0.0920297916027834
선박,겨울,S일1_주말·공휴일(평일 대비),접촉,weekend_or_hol,1.0541771807763574,0.6800767969219511,1.6340647607730772,0.8134867100613028,97,97.0,33.0,0.3285917496443812,0.9320060271158747
선박,겨울,S일3_특보유무(풍랑·태풍)+달력,접촉,any_warn,0.9402189228558682,0.5580470493175526,1.584116651055364,0.8168476381716943,97,97.0,21.0,0.22475106685633,0.9320060271158747
선박,겨울,S일4_특보최고수준+달력,접촉,warn_주의보,0.7795053623955811,0.4331044258544715,1.4029609806103365,0.4061034786729769,97,97.0,15.0,0.1941678520625889,0.6894420555615325
선박,겨울,S일4_특보최고수준+달력,접촉,warn_경보,2.1051218304657007,0.8161052551550522,5.430105851066124,0.1236400115015929,97,97.0,6.0,0.0305832147937411,0.38914901055950074
선박,겨울,S일5_특보없는때_파고+달력,접촉,wh_max[0-0.5],1.235357118635146,0.7334597761403296,2.080696529253905,0.4268384710776887,76,76.0,31.0,0.3644301470588235,0.7025429486225356
선박,겨울,S일5_특보없는때_파고+달력,접촉,wh_max[1-1.5],0.9307243185249372,0.4460603168696843,1.94199691013263,0.848280153043151,76,76.0,11.0,0.1672794117647058,0.9455290695668266
선박,겨울,S일5_특보없는때_파고+달력,접촉,wh_max[1.5-2],1.5123387165320787,0.4715711247728165,4.850102717005327,0.4865955494160467,76,76.0,5.0,0.0473345588235294,0.7297627559530963
선박,겨울,S일6_특보없는때_풍속+달력,접촉,ws_max[6-8],0.8980692945963035,0.457266470487343,1.763804061638555,0.7549034721215659,76,76.0,23.0,0.2973345588235294,0.8979305997557132
선박,겨울,S일6_특보없는때_풍속+달력,접촉,ws_max[8-10],0.7842568154838884,0.4056046236505693,1.5163997567315857,0.4700516247242623,76,76.0,16.0,0.2408088235294117,0.7223443257351831
선박,겨울,S일6_특보없는때_풍속+달력,접촉,ws_max[10-12],1.0075939801245382,0.4750085387964782,2.137320797128237,0.9842680397712108,76,76.0,13.0,0.1521139705882352,0.9933722662439146
선박,겨울,S일6_특보없는때_풍속+달력,접촉,ws_max[12+],1.0495873539092848,0.3836691806177691,2.8713111950052563,0.9249044380206648,76,76.0,5.0,0.0556066176470588,0.9724370001459238
선박,겨울,S일7_특보있는때만_파고+달력,접촉,wh_max[2-3],1.978815169308476,0.3708761337261655,10.55799798963736,0.4243379751319436,21,21.0,6.0,0.2315112540192926,0.7025429486225356
선박,겨울,S일1_주말·공휴일(평일 대비),충돌,weekend_or_hol,0.8798964810795326,0.637506394032055,1.2144471407093291,0.4364202941964437,375,375.0,113.0,0.3300164323534781,0.7025651293457503
선박,겨울,S일3_특보유무(풍랑·태풍)+달력,충돌,any_warn,0.4096287204619283,0.2851818250094441,0.5883814251547055,1.3606425843804004e-06,375,375.0,54.0,0.2729596494431258,8.907673452410355e-05
선박,겨울,S일4_특보최고수준+달력,충돌,warn_주의보,0.4311333870842185,0.2978334877909634,0.6240936801209171,8.264057282936221e-06,375,375.0,49.0,0.235439109001278,0.00040576521259216847
선박,겨울,S일4_특보최고수준+달력,충돌,warn_경보,0.2694471754777257,0.0905786488454731,0.8015330466761842,0.0183860568368725,375,375.0,5.0,0.0375205404418477,0.11724095982992724
선박,겨울,S일5_특보없는때_파고+달력,충돌,wh_max[0-0.5],1.0049792882288406,0.7026500584294203,1.437391711069498,0.9782973003417434,321,321.0,79.0,0.2568911264946507,0.9914220319252757
선박,겨울,S일5_특보없는때_파고+달력,충돌,wh_max[1-1.5],0.913064695816366,0.6572055234864927,1.2685333719100544,0.5877260169394543,321,321.0,80.0,0.2271869100062932,0.7960647567373021
선박,겨울,S일5_특보없는때_파고+달력,충돌,wh_max[1.5-2],0.5967574027962178,0.3625894084858872,0.9821560957314848,0.0422723359482011,321,321.0,25.0,0.1048458149779735,0.1958086504770447
선박,겨울,S일6_특보없는때_풍속+달력,충돌,ws_max[0-4],0.8507207877055218,0.4624036233770502,1.565138813897588,0.6032237249953143,321,321.0,14.0,0.0483322844556324,0.8048446982953786
선박,겨울,S일6_특보없는때_풍속+달력,충돌,ws_max[6-8],1.2758013588585,0.8532097286077429,1.90770106421689,0.2353776897259827,321,321.0,116.0,0.2838263058527375,0.5610215808517355
선박,겨울,S일6_특보없는때_풍속+달력,충돌,ws_max[8-10],0.7683403708312387,0.4833396895863039,1.2213913696066847,0.2651400257402834,321,321.0,67.0,0.261296412838263,0.5838205556828586
선박,겨울,S일6_특보없는때_풍속+달력,충돌,ws_max[10-12],0.9201388862910724,0.5451843148996812,1.5529712556399706,0.7552858201611192,321,321.0,51.0,0.1658904971680302,0.8979305997557132
선박,겨울,S일6_특보없는때_풍속+달력,충돌,ws_max[12+],0.6231244600574868,0.2686298398571532,1.44542427947844,0.270533118706548,321,321.0,12.0,0.0581497797356828,0.590959021506155
선박,겨울,S일7_특보있는때만_파고+달력,충돌,wh_max[2-3],0.6529706057241091,0.2905212777406646,1.4676054547726172,0.3022880818093436,54,54.0,16.0,0.3300576075906472,0.6224980899924089
선박,겨울,S일7_특보있는때만_파고+달력,충돌,wh_max[3+],0.3221270433240152,0.1217772073238294,0.852095678009255,0.0224599658744004,54,54.0,5.0,0.1901050491358861,0.13050702064296565
선박,겨울,S일8_특보있는때만_풍속+달력,충돌,ws_max[10-14],0.4601581910909597,0.2162170635687251,0.9793193808720853,0.0439854224088898,54,54.0,23.0,0.515757370382921,0.1999707629885638
선박,겨울,S일8_특보있는때만_풍속+달력,충돌,ws_max[14+],0.365705556023464,0.1564030375198422,0.8551020224876635,0.0202756001157506,54,54.0,11.0,0.2694002033209082,0.1236685671656341
선박,겨울,S일1_주말·공휴일(평일 대비),기상민감4종(전복·침몰·침수·표류),weekend_or_hol,1.3974460315592974,1.0513323027933887,1.857505382391556,0.0211801127196027,615,615.0,248.0,0.3239664804469274,0.12529440175090273
선박,겨울,S일3_특보유무(풍랑·태풍)+달력,기상민감4종(전복·침몰·침수·표류),any_warn,1.6143063018897077,1.180154765755681,2.208172107538921,0.0027317937508621,615,615.0,199.0,0.2368715083798882,0.037546354351989476
선박,겨울,S일4_특보최고수준+달력,기상민감4종(전복·침몰·침수·표류),warn_주의보,1.3765964081901862,1.0102338514151226,1.8758207996966303,0.0429193873658881,615,615.0,150.0,0.2094972067039106,0.1978724807197282
선박,겨울,S일4_특보최고수준+달력,기상민감4종(전복·침몰·침수·표류),warn_경보,3.8636161349290057,1.990426109525311,7.49966530616088,6.492521196332923e-05,615,615.0,49.0,0.0273743016759776,0.002253151529218689
선박,겨울,S일5_특보없는때_파고+달력,기상민감4종(전복·침몰·침수·표류),wh_max[0-0.5],0.84787428979783,0.6319189527619671,1.1376313499667547,0.2712187249385343,415,415.0,152.0,0.3661318810715337,0.590959021506155
선박,겨울,S일5_특보없는때_파고+달력,기상민감4종(전복·침몰·침수·표류),wh_max[1-1.5],0.6860730835431513,0.4949578328182778,0.9509825782173704,0.0237159172074359,415,415.0,61.0,0.1750809537827495,0.13619316197486583
선박,겨울,S일5_특보없는때_파고+달력,기상민감4종(전복·침몰·침수·표류),wh_max[1.5-2],0.4997203483721326,0.2743119997884229,0.9103518138826414,0.0233944936666774,415,415.0,18.0,0.066823667942302,0.13513760459221885
선박,겨울,S일5_특보없는때_파고+달력,기상민감4종(전복·침몰·침수·표류),wh_max[2+],0.9271455352858596,0.3546243606114825,2.4239700908259314,0.877394995149644,415,415.0,6.0,0.0130997939358257,0.9560745241862061
선박,겨울,S일6_특보없는때_풍속+달력,기상민감4종(전복·침몰·침수·표류),ws_max[0-4],1.4490596995180136,0.9682520443922444,2.1686233712888554,0.0713633988322572,415,415.0,42.0,0.0788931410067706,0.2726803799738388
선박,겨울,S일6_특보없는때_풍속+달력,기상민감4종(전복·침몰·침수·표류),ws_max[6-8],1.1389967100326486,0.7996891352637777,1.622272265881514,0.4707592316346343,415,415.0,111.0,0.2787017957020901,0.7223443257351831
선박,겨울,S일6_특보없는때_풍속+달력,기상민감4종(전복·침몰·침수·표류),ws_max[8-10],1.3870202974418773,0.9672136291792856,1.9890386647551543,0.0752802413037141,415,415.0,116.0,0.2391816308507506,0.28215724030628714
선박,겨울,S일6_특보없는때_풍속+달력,기상민감4종(전복·침몰·침수·표류),ws_max[10-12],0.8799088399639848,0.5514529321768945,1.4039993650780078,0.5915088073240538,415,415.0,45.0,0.1409331763320577,0.7967923851745141
선박,겨울,S일6_특보없는때_풍속+달력,기상민감4종(전복·침몰·침수·표류),ws_max[12+],1.5465666870581365,0.888879140109529,2.6908815941200395,0.1227994715006746,415,415.0,24.0,0.0409184574624668,0.38774624120148704
선박,겨울,S일7_특보있는때만_파고+달력,기상민감4종(전복·침몰·침수·표류),wh_max[2-3],0.7106010471909694,0.3647650947484127,1.3843261198475725,0.3153081735475691,192,192.0,27.0,0.2865020378806042,0.6304764037862938
선박,겨울,S일7_특보있는때만_파고+달력,기상민감4종(전복·침몰·침수·표류),wh_max[3+],3.077806405042101,1.412297177859497,6.707435528034878,0.0046754445731274,192,192.0,54.0,0.118676576360585,0.0492250349006511
선박,겨울,S일8_특보있는때만_풍속+달력,기상민감4종(전복·침몰·침수·표류),ws_max[10-14],0.621312328794268,0.3860373804336837,0.9999783168098446,0.0499853532469218,192,192.0,61.0,0.5147446655478303,0.21600871395447924
선박,겨울,S일8_특보있는때만_풍속+달력,기상민감4종(전복·침몰·침수·표류),ws_max[14+],1.7982269069839103,0.8887236130900702,3.6384990354399434,0.1026958132350039,192,192.0,76.0,0.2493406856868856,0.3436352637906491
선박,겨울,S일1_주말·공휴일(평일 대비),충돌·접촉,weekend_or_hol,0.9046240754069118,0.6724023495077609,1.2170461902830765,0.5078166462318956,469,469.0,144.0,0.3297016671541386,0.7465208781432957
선박,겨울,S일3_특보유무(풍랑·태풍)+달력,충돌·접촉,any_warn,0.4967713279616927,0.3604800731995614,0.6845919390063083,1.903290159788185e-05,469,469.0,75.0,0.2637467095642,0.0008694772057282147
선박,겨울,S일4_특보최고수준+달력,충돌·접촉,warn_주의보,0.4926496980200368,0.3545107187431125,0.6846160415677099,2.477393989797072e-05,469,469.0,64.0,0.227405674173735,0.0010577395208611847
선박,겨울,S일4_특보최고수준+달력,충돌·접촉,warn_경보,0.5239793712853891,0.2352943079040155,1.1668551780038456,0.1135980995685321,469,469.0,11.0,0.036341035390465,0.36695175584308726
선박,겨울,S일5_특보없는때_파고+달력,충돌·접촉,wh_max[0-0.5],1.0752807242197309,0.7954684460142458,1.4535191705866892,0.6369346173091062,394,394.0,110.0,0.2793151503085805,0.8306331208870171
선박,겨울,S일5_특보없는때_파고+달력,충돌·접촉,wh_max[1-1.5],0.9193070548407042,0.6763821395316981,1.2494792687237763,0.5909977355774318,394,394.0,90.0,0.2151104917380051,0.7967923851745141
선박,겨울,S일5_특보없는때_파고+달력,충돌·접촉,wh_max[1.5-2],0.6783471876985285,0.4189741746379066,1.0982894290708636,0.1144183477927418,394,394.0,30.0,0.0923750746565797,0.3671856782106943
선박,겨울,S일6_특보없는때_풍속+달력,충돌·접촉,ws_max[0-4],0.7303714322148166,0.4119567774277798,1.294899023937142,0.2821764573768173,394,394.0,16.0,0.0513637268564602,0.5981645001241189
선박,겨울,S일6_특보없는때_풍속+달력,충돌·접촉,ws_max[6-8],1.1998918765700557,0.8472361969360955,1.6993378241692434,0.3047314549841864,394,394.0,139.0,0.2870794346008362,0.6247312918464949
선박,겨울,S일6_특보없는때_풍속+달력,충돌·접촉,ws_max[8-10],0.7526502196318994,0.5038389525587706,1.12433219034582,0.1652297845305843,394,394.0,81.0,0.2567190921759904,0.4529678896356337
선박,겨울,S일6_특보없는때_풍속+달력,충돌·접촉,ws_max[10-12],0.9382886165427624,0.5952174583755329,1.4790989671849992,0.7838454955422733,394,394.0,64.0,0.1624527174995023,0.9152631113228447
선박,겨울,S일6_특보없는때_풍속+달력,충돌·접촉,ws_max[12+],0.6699073825757441,0.3146476379510197,1.4262808522953034,0.2987744772203058,394,394.0,16.0,0.0574357953414294,0.6216028318439413
선박,겨울,S일7_특보있는때만_파고+달력,충돌·접촉,wh_max[2-3],0.7691446732881453,0.3455499747013469,1.7120057061466245,0.5202547852919479,75,75.0,22.0,0.3128161888701518,0.7555778444421369
선박,겨울,S일7_특보있는때만_파고+달력,충돌·접촉,wh_max[3+],0.6295591173767322,0.2500063568275073,1.585338418197219,0.3260722159198121,75,75.0,9.0,0.1708825182686902,0.6378544144088756
선박,겨울,S일8_특보있는때만_풍속+달력,충돌·접촉,ws_max[10-14],0.4996258272969221,0.2470191413369014,1.0105531334580953,0.053509101954321,75,75.0,30.0,0.5222034851039911,0.22386219296971274
선박,겨울,S일8_특보있는때만_풍속+달력,충돌·접촉,ws_max[14+],0.6543449698073726,0.312888610117963,1.3684337673742322,0.2598628949477384,75,75.0,22.0,0.273468240584598,0.5826149836499523
선박,봄,S시각3_특보유무(풍랑·태풍)+달력,전체,any_warn,1.0283607628277545,0.7264120253962402,1.4558209687495554,0.8747015856079958,1500,1500.0,118.0,0.0758569567366009,0.9560745241862061
선박,봄,S시각4_특보최고수준+달력,전체,warn_주의보,0.9762188561034838,0.6922480706512781,1.376678817053825,0.8908433702957013,1500,1500.0,107.0,0.0726672357248753,0.9560745241862061
선박,봄,S시각4_특보최고수준+달력,전체,warn_경보,2.333179845616274,0.9556491762656054,5.696366749629253,0.062830795446009,1500,1500.0,11.0,0.0031897210117255,0.25185446076864815
선박,봄,S시각5_특보없는때_파고+달력,전체,wh[0-0.5],1.1005656492575098,0.9190191687130652,1.317975499925374,0.2974848361538158,1320,1320.0,793.0,0.5865124355242327,0.6202337772888474
선박,봄,S시각5_특보없는때_파고+달력,전체,wh[1-1.5],0.9419563255783026,0.7397816619893802,1.1993832300613505,0.6276087273703554,1320,1320.0,126.0,0.1009907563454369,0.8239329835295915
선박,봄,S시각5_특보없는때_파고+달력,전체,wh[1.5-2],0.7622257359785165,0.4994121476354697,1.163343894093792,0.2081624016717067,1320,1320.0,29.0,0.0282671977937796,0.5167305037720542
선박,봄,S시각5_특보없는때_파고+달력,전체,wh[2+],1.672007197448251,0.7640600950136726,3.658885062265592,0.1982743193415257,1320,1320.0,9.0,0.003906848475563,0.5031146811198404
선박,봄,S시각6_특보없는때_풍속+달력,전체,ws[0-4],0.944411243663498,0.8102802653922335,1.1007457977842832,0.4642860258754004,1320,1320.0,584.0,0.4441039783463562,0.7223443257351831
선박,봄,S시각6_특보없는때_풍속+달력,전체,ws[6-8],0.8291459582394969,0.6822782407601705,1.0076285289399294,0.0596193334111496,1320,1320.0,198.0,0.1686583933404831,0.24093080415534526
선박,봄,S시각6_특보없는때_풍속+달력,전체,ws[8-10],0.8902387493668563,0.6903328750203378,1.14803315842508,0.3702241391410981,1320,1320.0,114.0,0.0912364026352076,0.6767805933874397
선박,봄,S시각6_특보없는때_풍속+달력,전체,ws[10-12],1.0945868487741228,0.7742471610556416,1.5474649824685132,0.6089270677354328,1320,1320.0,47.0,0.0302589244675961,0.8099658345954739
선박,봄,S시각6_특보없는때_풍속+달력,전체,ws[12+],1.1890223655109222,0.6216573481485604,2.274201680227437,0.6007882720256994,1320,1320.0,12.0,0.0071497880598539,0.8031676899135543
선박,봄,S시각7_특보있는때만_파고+달력,전체,wh[2-3],0.9373874676673508,0.5700440155828814,1.5414516081557754,0.7988813650545405,111,111.0,27.0,0.2851782363977486,0.9262119250101049
선박,봄,S시각7_특보있는때만_파고+달력,전체,wh[3+],1.610449025897497,0.555000619004881,4.673050761032374,0.3806405062787188,111,111.0,13.0,0.075046904315197,0.6789448893296345
선박,봄,S시각8_특보있는때만_풍속+달력,전체,ws[10-14],0.641451333430263,0.3448083232336415,1.1933001190364476,0.1609156990090354,111,111.0,44.0,0.4390243902439024,0.4438742034462718
선박,봄,S시각8_특보있는때만_풍속+달력,전체,ws[14+],1.0345890590645483,0.4191253543523306,2.553829087219275,0.9412016454315032,111,111.0,16.0,0.0891181988742964,0.9782835898464297
선박,봄,S시각3_특보유무(풍랑·태풍)+달력,전복,any_warn,2.412501819893329,1.1930298520095417,4.87847393020814,0.0142355487848391,162,162.0,28.0,0.0831773757537949,0.10129933990371012
선박,봄,S시각4_특보최고수준+달력,전복,warn_주의보,2.249208967283132,1.0742823318893242,4.709135418442345,0.0315505396950333,162,162.0,25.0,0.0794343938448741,0.16392925915620477
선박,봄,S시각5_특보없는때_파고+달력,전복,wh[0-0.5],0.8436663566484921,0.4988527219319355,1.4268197607181874,0.5260019169361074,133,133.0,70.0,0.6060324825986079,0.7596086506342021
선박,봄,S시각5_특보없는때_파고+달력,전복,wh[1-1.5],1.5928414180355803,0.8350449997378964,3.038331807035497,0.1576930080587995,133,133.0,21.0,0.0953596287703016,0.43960424347887633
선박,봄,S시각6_특보없는때_풍속+달력,전복,ws[0-4],0.8101105234569353,0.5148536636029679,1.274690473450263,0.362527368954004,133,133.0,49.0,0.4278422273781903,0.6669149766679993
선박,봄,S시각6_특보없는때_풍속+달력,전복,ws[6-8],0.7871268641733995,0.4609530293865723,1.3441037606976132,0.380608212613704,133,133.0,19.0,0.1728538283062645,0.6789448893296345
선박,봄,S시각6_특보없는때_풍속+달력,전복,ws[8-10],1.3605545819266367,0.7518277862308856,2.462144661720565,0.3089567124101773,133,133.0,19.0,0.1004640371229698,0.6268501892289134
선박,봄,S시각6_특보없는때_풍속+달력,전복,ws[10-12],1.7549289228906058,0.7556376375594641,4.075730709159682,0.1907886273803438,133,133.0,9.0,0.0345707656612529,0.4891760628916386
선박,봄,S시각7_특보있는때만_파고+달력,전복,wh[2-3],0.761572578850281,0.1858810036063925,3.120237041999278,0.7050306001194917,27,27.0,5.0,0.3088607594936708,0.8661708303762162
선박,봄,S시각8_특보있는때만_풍속+달력,전복,ws[10-14],0.1680071269548101,0.0515902481438383,0.54712655440059,0.0030649619465097,27,27.0,8.0,0.4379746835443038,0.03908821599314968
선박,봄,S시각3_특보유무(풍랑·태풍)+달력,침수,any_warn,1.1040099056777597,0.6605772455096203,1.8451102881909136,0.7057158299252935,369,369.0,32.0,0.0780038317671745,0.8661708303762162
선박,봄,S시각4_특보최고수준+달력,침수,warn_주의보,1.056293844963625,0.6216952759057117,1.7947002818745206,0.8395219398094735,369,369.0,29.0,0.0739895994890977,0.9389641741377027
선박,봄,S시각5_특보없는때_파고+달력,침수,wh[0-0.5],1.102213731983391,0.7939894087446755,1.5300898193258186,0.5608766400363479,318,318.0,191.0,0.5770117351215424,0.7798803895105398
선박,봄,S시각5_특보없는때_파고+달력,침수,wh[1-1.5],0.9351236195388916,0.5954460740104953,1.4685732629485846,0.7708446628111258,318,318.0,31.0,0.1043587594300083,0.9071106106755272
선박,봄,S시각5_특보없는때_파고+달력,침수,wh[1.5-2],0.6517484735839585,0.2843572480875933,1.493811308400945,0.311717483921071,318,318.0,6.0,0.0293378038558256,0.629848907840518
선박,봄,S시각6_특보없는때_풍속+달력,침수,ws[0-4],0.8788952807397709,0.6598614598924223,1.170634991521667,0.3773946148057643,318,318.0,138.0,0.4468776194467728,0.6787573475078033
선박,봄,S시각6_특보없는때_풍속+달력,침수,ws[6-8],0.7905459726347458,0.5497975697413582,1.1367146186968746,0.2046431403677884,318,318.0,46.0,0.1633487007544006,0.5152809329260724
선박,봄,S시각6_특보없는때_풍속+달력,침수,ws[8-10],0.8354022822555035,0.5222442799216331,1.336342014703213,0.4530538827927683,318,318.0,25.0,0.086441743503772,0.7152715641519268
선박,봄,S시각6_특보없는때_풍속+달력,침수,ws[10-12],0.952808319275796,0.4887031684064823,1.857658701582351,0.88714874621253,318,318.0,10.0,0.0297569153394803,0.9560745241862061
선박,봄,S시각7_특보있는때만_파고+달력,침수,wh[2-3],1.0470634635372704,0.2880697560290315,3.805820894867479,0.9443160490732684,30,30.0,7.0,0.3033707865168539,0.9795068800212435
선박,봄,S시각8_특보있는때만_풍속+달력,침수,ws[10-14],0.5101319864909405,0.1058313186619715,2.458956828010339,0.4015943191825073,30,30.0,13.0,0.4406991260923845,0.68585325467343
선박,봄,S시각8_특보있는때만_풍속+달력,침수,ws[14+],1.5027309102010806,0.2682020407003798,8.419772581061387,0.6432023957654831,30,30.0,5.0,0.0948813982521847,0.8341836134206237
선박,봄,S시각3_특보유무(풍랑·태풍)+달력,침몰,any_warn,1.010026316223155,0.4039243396077999,2.525604573504679,0.982978335182163,55,55.0,5.0,0.088560885608856,0.9930912810173705
선박,봄,S시각5_특보없는때_파고+달력,침몰,wh[0-0.5],0.5541157982268954,0.2571434176862639,1.1940586331447487,0.1317558536983698,50,50.0,24.0,0.5734597156398105,0.40442497417704354
선박,봄,S시각5_특보없는때_파고+달력,침몰,wh[1-1.5],0.8068581049028112,0.2662513349016981,2.4451332861400186,0.7043994598293108,50,50.0,5.0,0.1056194989844278,0.8661708303762162
선박,봄,S시각6_특보없는때_풍속+달력,침몰,ws[0-4],1.029469438038846,0.4528188059527473,2.3404666721518868,0.9447422785173084,50,50.0,17.0,0.3967501692620176,0.9795068800212435
선박,봄,S시각6_특보없는때_풍속+달력,침몰,ws[6-8],1.2394042171589688,0.5196153993465301,2.956268839305511,0.6284376829568881,50,50.0,9.0,0.1753554502369668,0.8239329835295915
선박,봄,S시각6_특보없는때_풍속+달력,침몰,ws[8-10],2.0568997087324443,0.7872693471427554,5.374064704968676,0.1410587174053148,50,50.0,8.0,0.1042654028436018,0.41635687678264466
선박,봄,S시각3_특보유무(풍랑·태풍)+달력,좌초좌주,any_warn,0.7203558964694994,0.3772886247300314,1.3753730792962116,0.3201890858804583,285,285.0,14.0,0.0659808442710181,0.6304764037862938
선박,봄,S시각4_특보최고수준+달력,좌초좌주,warn_주의보,0.6934220119675065,0.3679931070991156,1.3066388402529412,0.2573810856657568,285,285.0,13.0,0.0637341846990658,0.5797065399545406
선박,봄,S시각5_특보없는때_파고+달력,좌초좌주,wh[0-0.5],1.2973454418193775,0.9393253747127972,1.7918234093528376,0.1140897121351209,254,254.0,171.0,0.6192610703613148,0.3671856782106943
선박,봄,S시각5_특보없는때_파고+달력,좌초좌주,wh[1-1.5],0.7652244127725186,0.4253796297267138,1.376578380773066,0.3717561953309614,254,254.0,16.0,0.0846237435479489,0.6769534823280022
선박,봄,S시각6_특보없는때_풍속+달력,좌초좌주,ws[0-4],1.0443551771174429,0.7763236570984188,1.4049265741153811,0.7742587490713766,254,254.0,123.0,0.4550393914697093,0.9083895956846975
선박,봄,S시각6_특보없는때_풍속+달력,좌초좌주,ws[6-8],0.9181605121975902,0.5963788391100885,1.4135624386285852,0.698135593709607,254,254.0,41.0,0.1678891605541972,0.8661708303762162
선박,봄,S시각6_특보없는때_풍속+달력,좌초좌주,ws[8-10],0.7046764339482718,0.3919170351001083,1.2670254979736038,0.2422707843600813,254,254.0,16.0,0.0828579190437381,0.565448097569148
선박,봄,S시각6_특보없는때_풍속+달력,좌초좌주,ws[10-12],0.6529223273204824,0.2533839183843977,1.6824570723816117,0.3773866517918409,254,254.0,5.0,0.0290681879923933,0.6787573475078033
선박,봄,S시각3_특보유무(풍랑·태풍)+달력,표류,any_warn,3.9725587409268814,2.4621316248813194,6.409577290927843,1.5893119487131457e-08,115,115.0,21.0,0.0534979423868312,2.6011738893938485e-06
선박,봄,S시각4_특보최고수준+달력,표류,warn_주의보,3.879965146236838,2.4029899432153865,6.264749288076112,2.91366837323892e-08,115,115.0,20.0,0.0523221634332745,4.087460489315171e-06
선박,봄,S시각5_특보없는때_파고+달력,표류,wh[0-0.5],0.4994009231141313,0.2811947842874876,0.8869342389802787,0.0178148038930654,91,91.0,52.0,0.6790606653620352,0.11434076747052434
선박,봄,S시각5_특보없는때_파고+달력,표류,wh[1-1.5],0.9954247966747024,0.4164396504103919,2.3793856441344907,0.9917707036515528,91,91.0,8.0,0.0759947814742335,0.9958748412921122
선박,봄,S시각6_특보없는때_풍속+달력,표류,ws[0-4],0.7421544883190474,0.4035167210476219,1.364982554135852,0.3374668103698917,91,91.0,32.0,0.4928245270711024,0.6472507964516282
선박,봄,S시각6_특보없는때_풍속+달력,표류,ws[6-8],1.3257061750243713,0.6260602184741162,2.807232931651942,0.4613853745406964,91,91.0,17.0,0.1510110893672537,0.7214656652849742
선박,봄,S시각6_특보없는때_풍속+달력,표류,ws[8-10],1.7991605339587091,0.8178179056446362,3.9580676879446335,0.144279145734782,91,91.0,11.0,0.075668623613829,0.4210030259698455
선박,봄,S시각6_특보없는때_풍속+달력,표류,ws[10-12],3.9812342601476503,1.6824892289913849,9.420699973024655,0.0016669653208942,91,91.0,9.0,0.0287018917155903,0.026402579759969423
선박,봄,S시각8_특보있는때만_풍속+달력,표류,ws[10-14],0.2572588878601155,0.0865984516195371,0.7642415556549327,0.0145251232459491,19,19.0,5.0,0.4941860465116279,0.10261633832749653
선박,봄,S시각5_특보없는때_파고+달력,접촉,wh[0-0.5],1.5066466660840423,0.8976677713903108,2.528757574649695,0.1208068590173216,89,89.0,56.0,0.5680354267310789,0.3826849534032575
선박,봄,S시각5_특보없는때_파고+달력,접촉,wh[1-1.5],1.0525212470192582,0.4317663197159995,2.565741987831859,0.9103511213019092,89,89.0,8.0,0.1111111111111111,0.9676971467125856
선박,봄,S시각6_특보없는때_풍속+달력,접촉,ws[0-4],1.1809893840431307,0.6941970045772069,2.0091356142800154,0.5394630352852925,89,89.0,45.0,0.4488727858293075,0.7712486753405793
선박,봄,S시각6_특보없는때_풍속+달력,접촉,ws[6-8],0.7369041632353106,0.3467147421885207,1.5662089888819044,0.4273944242657421,89,89.0,11.0,0.1710950080515298,0.7025429486225356
선박,봄,S시각6_특보없는때_풍속+달력,접촉,ws[8-10],0.5833187788038647,0.2211720923749523,1.5384436347800563,0.2759821471396309,89,89.0,5.0,0.0974235104669887,0.5941704455727892
선박,봄,S시각3_특보유무(풍랑·태풍)+달력,충돌,any_warn,0.3910045690092058,0.2307516447719182,0.6625503065739378,0.0004831437910137,429,429.0,15.0,0.0813652412710867,0.009682595975009254
선박,봄,S시각4_특보최고수준+달력,충돌,warn_주의보,0.3577571330363004,0.2035432480973712,0.6288106701388844,0.0003538720112921,429,429.0,13.0,0.0776775205963122,0.007581869876060809
선박,봄,S시각5_특보없는때_파고+달력,충돌,wh[0-0.5],1.2798640105549624,0.9650770117873048,1.697327638630819,0.0866763503149015,393,393.0,233.0,0.5441202792196169,0.31292711768100473
선박,봄,S시각5_특보없는때_파고+달력,충돌,wh[1-1.5],0.8418269138802598,0.5694048615612471,1.2445846545638164,0.388058180263489,393,393.0,38.0,0.1160730266690531,0.6789448893296345
선박,봄,S시각5_특보없는때_파고+달력,충돌,wh[1.5-2],0.6537374965968417,0.3168603942020224,1.3487729052821391,0.2500213376247528,393,393.0,9.0,0.0332020762484338,0.5723099150291545
선박,봄,S시각6_특보없는때_풍속+달력,충돌,ws[0-4],0.9672745923368402,0.7492098004788721,1.2488092606134895,0.7985064868484908,393,393.0,183.0,0.431805978163594,0.9262119250101049
선박,봄,S시각6_특보없는때_풍속+달력,충돌,ws[6-8],0.6971435431955794,0.4973210889043194,0.9772541938449564,0.0363028881219065,393,393.0,55.0,0.1760336495435833,0.1800476572510716
선박,봄,S시각6_특보없는때_풍속+달력,충돌,ws[8-10],0.6978179347949751,0.4472841393894,1.0886812816262006,0.1128381743200168,393,393.0,31.0,0.0985323071415786,0.36569995769721614
선박,봄,S시각6_특보없는때_풍속+달력,충돌,ws[10-12],0.5846550028531713,0.2879574526425776,1.1870554806772855,0.1374291445644782,393,393.0,8.0,0.0301592983712189,0.4139736808660049
선박,봄,S시각3_특보유무(풍랑·태풍)+달력,기상민감4종(전복·침몰·침수·표류),any_warn,1.7105994454927975,1.150135821441856,2.5441781817141638,0.0080335956139998,699,699.0,86.0,0.0761367471912821,0.07237606323805325
선박,봄,S시각4_특보최고수준+달력,기상민감4종(전복·침몰·침수·표류),warn_주의보,1.6268528997624958,1.087848177589843,2.4329225456160315,0.0177842190503749,699,699.0,78.0,0.0726168089107478,0.11434076747052434
선박,봄,S시각4_특보최고수준+달력,기상민감4종(전복·침몰·침수·표류),warn_경보,3.8009756946157673,1.4866596521683049,9.718038832888311,0.0053045515927898,699,699.0,8.0,0.0035199382805342,0.054134088821869715
선박,봄,S시각5_특보없는때_파고+달력,기상민감4종(전복·침몰·침수·표류),wh[0-0.5],0.8771342391400097,0.6774556077599821,1.1356677318173507,0.3198827411460074,590,590.0,336.0,0.5998909487459105,0.6304764037862938
선박,봄,S시각5_특보없는때_파고+달력,기상민감4종(전복·침몰·침수·표류),wh[1-1.5],1.0448100469185857,0.7460571011539014,1.4631963591709436,0.7986410280461582,590,590.0,64.0,0.0978189749182115,0.9262119250101049
선박,봄,S시각5_특보없는때_파고+달력,기상민감4종(전복·침몰·침수·표류),wh[1.5-2],0.8944012669409377,0.4961717140071831,1.6122515728374909,0.7104703689145837,590,590.0,15.0,0.0274263904034896,0.8685244627814629
선박,봄,S시각6_특보없는때_풍속+달력,기상민감4종(전복·침몰·침수·표류),ws[0-4],0.8505274612283841,0.6737390719210129,1.0737049288844114,0.1732569117812561,590,590.0,236.0,0.4459651035986914,0.4582361497858883
선박,봄,S시각6_특보없는때_풍속+달력,기상민감4종(전복·침몰·침수·표류),ws[6-8],0.8858027436993087,0.6771993501280051,1.1586639895577395,0.3761089691340094,590,590.0,91.0,0.1643947655398037,0.6787573475078033
선박,봄,S시각6_특보없는때_풍속+달력,기상민감4종(전복·침몰·침수·표류),ws[8-10],1.1598294597408112,0.8269662699586043,1.62667381312904,0.3902655594750608,590,590.0,63.0,0.0895310796074154,0.6789448893296345
선박,봄,S시각6_특보없는때_풍속+달력,기상민감4종(전복·침몰·침수·표류),ws[10-12],1.530196382279329,0.9764470800244516,2.3979804090172627,0.0634523062397338,590,590.0,30.0,0.0310250817884405,0.2532933525504821
선박,봄,S시각6_특보없는때_풍속+달력,기상민감4종(전복·침몰·침수·표류),ws[12+],1.0668635370666,0.4242227220615959,2.6830194318469185,0.8905910246787234,590,590.0,5.0,0.0074700109051254,0.9560745241862061
선박,봄,S시각7_특보있는때만_파고+달력,기상민감4종(전복·침몰·침수·표류),wh[2-3],0.872601845538831,0.5238550955098257,1.4535202336759403,0.6006571271495371,81,81.0,17.0,0.3033112582781457,0.8031676899135543
선박,봄,S시각7_특보있는때만_파고+달력,기상민감4종(전복·침몰·침수·표류),wh[3+],1.5833840803844723,0.452824104226734,5.53659825661499,0.471801096164206,81,81.0,8.0,0.0748344370860927,0.7223443257351831
선박,봄,S시각8_특보있는때만_풍속+달력,기상민감4종(전복·침몰·침수·표류),ws[10-14],0.2813194099159797,0.1345847019087003,0.5880357074250717,0.0007475935769569,81,81.0,26.0,0.4470198675496689,0.013595127640216219
선박,봄,S시각8_특보있는때만_풍속+달력,기상민감4종(전복·침몰·침수·표류),ws[14+],1.0586997883020148,0.4021913585842092,2.7868456589826325,0.9080385273340356,81,81.0,12.0,0.095364238410596,0.9676971467125856
선박,봄,S시각3_특보유무(풍랑·태풍)+달력,충돌·접촉,any_warn,0.4140031025557958,0.2575278462890352,0.6655535368142536,0.0002717154467686,522,522.0,19.0,0.0807689826462808,0.006352965922065838
선박,봄,S시각4_특보최고수준+달력,충돌·접촉,warn_주의보,0.3884523574469683,0.2356051706705236,0.6404580747386186,0.0002100645725164,522,522.0,17.0,0.0775433842977872,0.005289318210541149
선박,봄,S시각5_특보없는때_파고+달력,충돌·접촉,wh[0-0.5],1.3063806242582157,1.0105106069341117,1.6888791901108295,0.041370146749593,480,480.0,288.0,0.5497905489821415,0.19332229496335837
선박,봄,S시각5_특보없는때_파고+달력,충돌·접촉,wh[1-1.5],0.8831559696862238,0.6198506943221711,1.258310225247603,0.491508237881906,480,480.0,46.0,0.1146468729330491,0.735227928711802
선박,봄,S시각5_특보없는때_파고+달력,충돌·접촉,wh[1.5-2],0.6448236014602717,0.3255778423342819,1.2771061876295675,0.2082225561493609,480,480.0,10.0,0.0324832806643639,0.5167305037720542
선박,봄,S시각5_특보없는때_파고+달력,충돌·접촉,wh[2+],2.779974224848375,0.998343465049904,7.741080060493022,0.0503678152866622,480,480.0,6.0,0.00462996986845,0.21600871395447924
선박,봄,S시각6_특보없는때_풍속+달력,충돌·접촉,ws[0-4],0.990829240181618,0.7876214358351015,1.246465038318768,0.9372919421714908,480,480.0,226.0,0.4354376423899463,0.9782835898464297
선박,봄,S시각6_특보없는때_풍속+달력,충돌·접촉,ws[6-8],0.7053568429703512,0.5187939466900104,0.9590094084547668,0.0259444459583395,480,480.0,66.0,0.1752774307341809,0.14313171871398533
선박,봄,S시각6_특보없는때_풍속+달력,충돌·접촉,ws[8-10],0.689723943119767,0.4609448355010654,1.0320521699642302,0.0708301920934002,480,480.0,36.0,0.0981847578452267,0.27170018998327733
선박,봄,S시각6_특보없는때_풍속+달력,충돌·접촉,ws[10-12],0.7557212815947049,0.4175310458355512,1.3678375803462586,0.3548372329240714,480,480.0,12.0,0.0297640920114646,0.6617021887824621
선박,봄,S시각6_특보없는때_풍속+달력,충돌·접촉,ws[12+],1.747570319713832,0.6303974880007137,4.844565659724278,0.2832449007716042,480,480.0,6.0,0.0066142426692143,0.5981645001241189
선박,여름,S시각3_특보유무(풍랑·태풍)+달력,전체,any_warn,1.174346348978609,0.8008036345157673,1.7221317285770084,0.4106440987226603,1839,1839.0,115.0,0.055810887517624,0.6920969684748369
선박,여름,S시각4_특보최고수준+달력,전체,warn_주의보,1.203948170833849,0.8290599965991741,1.7483550092876534,0.3294990766502497,1839,1839.0,104.0,0.0493655356783183,0.639462522112631
선박,여름,S시각4_특보최고수준+달력,전체,warn_경보,0.9265787146757084,0.3669944750949018,2.339403377307177,0.8717942360776514,1839,1839.0,11.0,0.0064453518393056,0.9560745241862061
선박,여름,S시각5_특보없는때_파고+달력,전체,wh[0-0.5],1.070575205887411,0.8997698806615482,1.2738048873320686,0.4418842768617574,1724,1724.0,1077.0,0.612004266459808,0.7083544867541157
선박,여름,S시각5_특보없는때_파고+달력,전체,wh[1-1.5],0.9006726381629495,0.7094730504248317,1.1433995986875825,0.3901826621338329,1724,1724.0,145.0,0.0904101619315427,0.6789448893296345
선박,여름,S시각5_특보없는때_파고+달력,전체,wh[1.5-2],0.667125086434955,0.4520673505069963,0.9844902102567532,0.0414770072277321,1724,1724.0,30.0,0.0248618248812178,0.19332229496335837
선박,여름,S시각5_특보없는때_파고+달력,전체,wh[2+],0.674663176907935,0.2694860248666443,1.6890315648121257,0.4006174797648549,1724,1724.0,5.0,0.0042082808106273,0.685376942733602
선박,여름,S시각6_특보없는때_풍속+달력,전체,ws[0-4],0.9899588150276486,0.85915727224213,1.1406741083543488,0.888991130592347,1724,1724.0,884.0,0.5122466789488994,0.9560745241862061
선박,여름,S시각6_특보없는때_풍속+달력,전체,ws[6-8],0.9850766549757872,0.8243690143896555,1.1771136460007916,0.8685749485672092,1724,1724.0,254.0,0.1468825753902841,0.9560745241862061
선박,여름,S시각6_특보없는때_풍속+달력,전체,ws[8-10],0.8392269704702296,0.6252308063869657,1.12646705947617,0.2431847047971973,1724,1724.0,87.0,0.0588577523514011,0.565448097569148
선박,여름,S시각6_특보없는때_풍속+달력,전체,ws[10-12],1.155116188991862,0.7094433672792703,1.8807609903918407,0.5620557035304186,1724,1724.0,29.0,0.0145641423446135,0.7798803895105398
선박,여름,S시각6_특보없는때_풍속+달력,전체,ws[12+],1.689929968959364,0.8226948169246271,3.471352002268228,0.1531196706053221,1724,1724.0,8.0,0.0028701638708426,0.4308410215886141
선박,여름,S시각7_특보있는때만_파고+달력,전체,wh[2-3],3.9709134712010714,0.9147989079881376,17.23674313346535,0.065605825007188,115,115.0,27.0,0.1948818897637795,0.25706711603484916
선박,여름,S시각7_특보있는때만_파고+달력,전체,wh[3+],6.078521877336349,1.1791059755677262,31.33596892804004,0.0310131835942197,115,115.0,13.0,0.0616797900262467,0.1619943951570412
선박,여름,S시각8_특보있는때만_풍속+달력,전체,ws[10-14],2.8023763206879435,1.310711465627248,5.991641370890313,0.0078633882898482,115,115.0,51.0,0.2782152230971129,0.07149858611695308
선박,여름,S시각8_특보있는때만_풍속+달력,전체,ws[14+],8.010458608949834,1.998146445765568,32.11348560646337,0.0033128155896515,115,115.0,17.0,0.0531496062992126,0.03919499890406956
선박,여름,S시각3_특보유무(풍랑·태풍)+달력,전복,any_warn,2.1082839525377954,0.985649036701532,4.50957801308576,0.054513008632345,149,149.0,16.0,0.0594081770950982,0.22492342217211256
선박,여름,S시각4_특보최고수준+달력,전복,warn_주의보,2.1210098805176565,1.0016616410609085,4.4912201174927215,0.0494909683904478,149,149.0,15.0,0.0553422182064603,0.21600871395447924
선박,여름,S시각5_특보없는때_파고+달력,전복,wh[0-0.5],0.7619264414641497,0.4280082223753138,1.3563568918850415,0.3554353282762144,133,133.0,86.0,0.6717098943323727,0.6617021887824621
선박,여름,S시각5_특보없는때_파고+달력,전복,wh[1-1.5],0.841742289820497,0.3643250742193225,1.9447744133189164,0.6867828367496083,133,133.0,9.0,0.0833333333333333,0.8661708303762162
선박,여름,S시각5_특보없는때_파고+달력,전복,wh[1.5-2],2.291464822288107,0.8415274749731466,6.239619249450436,0.104715258101864,133,133.0,6.0,0.0220941402497598,0.34739994410821096
선박,여름,S시각6_특보없는때_풍속+달력,전복,ws[0-4],0.528194634348207,0.3474717011497608,0.8029130741613721,0.0028140295634391,133,133.0,54.0,0.5329010566762729,0.037546354351989476
선박,여름,S시각6_특보없는때_풍속+달력,전복,ws[6-8],0.8852757959639411,0.4748253555510583,1.6505294541612072,0.7014255896505679,133,133.0,21.0,0.1342459173871277,0.8661708303762162
선박,여름,S시각6_특보없는때_풍속+달력,전복,ws[8-10],0.837338855239342,0.3790308070392374,1.8498136443588604,0.6606656941191527,133,133.0,8.0,0.0533141210374639,0.844757437011729
선박,여름,S시각8_특보있는때만_풍속+달력,전복,ws[10-14],7.962497132641457,1.6239511119386296,39.04142194997273,0.0105355857999538,16,16.0,10.0,0.2357414448669201,0.08411337606141976
선박,여름,S시각3_특보유무(풍랑·태풍)+달력,침수,any_warn,1.378824268917016,0.890224074744244,2.1355930697568857,0.1501301107779187,494,494.0,34.0,0.0531081909171376,0.4268645818996161
선박,여름,S시각4_특보최고수준+달력,침수,warn_주의보,1.4152648780057224,0.9053589800888528,2.212354125785529,0.1275600019502427,494,494.0,32.0,0.0488186831892149,0.39892968762782904
선박,여름,S시각5_특보없는때_파고+달력,침수,wh[0-0.5],1.2595503402471186,0.9276567286175782,1.710187627249611,0.1392017250299528,460,460.0,312.0,0.6524052635363486,0.41635687678264466
선박,여름,S시각5_특보없는때_파고+달력,침수,wh[1-1.5],1.4093079054095814,0.9027432406445882,2.200125886106626,0.1311032420101643,460,460.0,45.0,0.0780901704177752,0.40442497417704354
선박,여름,S시각5_특보없는때_파고+달력,침수,wh[1.5-2],0.6672956069883657,0.2772774162928076,1.6059130709575986,0.3666252620002801,460,460.0,6.0,0.0224347450923995,0.6729458080079908
선박,여름,S시각6_특보없는때_풍속+달력,침수,ws[0-4],1.004368776848037,0.7786159376272965,1.295576665154378,0.973228366282944,460,460.0,235.0,0.5125476378802042,0.9883249800308697
선박,여름,S시각6_특보없는때_풍속+달력,침수,ws[6-8],1.0472706081343277,0.7753900593218586,1.4144825736110975,0.7632782202164323,460,460.0,67.0,0.1405047817645789,0.900888476265068
선박,여름,S시각6_특보없는때_풍속+달력,침수,ws[8-10],0.9574036965838032,0.60315903023064,1.5197017573985867,0.8534991407787691,460,460.0,25.0,0.0563744876680808,0.9481178238062797
선박,여름,S시각6_특보없는때_풍속+달력,침수,ws[10-12],1.0276032310355037,0.4365522206568913,2.4188822103473986,0.9502908726062838,460,460.0,7.0,0.0148126842597253,0.9800008269201206
선박,여름,S시각8_특보있는때만_풍속+달력,침수,ws[10-14],1.9866640412684755,0.3580258392433775,11.02388034676521,0.4323598319732491,34,34.0,14.0,0.2794871794871795,0.7025429486225356
선박,여름,S시각5_특보없는때_파고+달력,침몰,wh[0-0.5],0.8496318324627727,0.4120659237214715,1.751841657312064,0.6589429783416463,60,60.0,34.0,0.6334246575342466,0.844757437011729
선박,여름,S시각5_특보없는때_파고+달력,침몰,wh[1-1.5],1.7819181589310014,0.7827171831677363,4.056678955580814,0.1687187586257095,60,60.0,10.0,0.0964383561643835,0.4558168764350798
선박,여름,S시각6_특보없는때_풍속+달력,침몰,ws[0-4],0.907742135683762,0.497710982549425,1.6555708308363295,0.7522288897620881,60,60.0,30.0,0.5205479452054794,0.8964669535756924
선박,여름,S시각6_특보없는때_풍속+달력,침몰,ws[6-8],1.1680979025109626,0.5365229297951798,2.543139601454493,0.6954823490088025,60,60.0,10.0,0.1326027397260274,0.8661708303762162
선박,여름,S시각3_특보유무(풍랑·태풍)+달력,좌초좌주,any_warn,1.0623521622549763,0.5825286058031109,1.937402052714433,0.8435910083433664,387,387.0,22.0,0.0551160566808658,0.9413708752195293
선박,여름,S시각4_특보최고수준+달력,좌초좌주,warn_주의보,1.0109130403255582,0.5551453934503525,1.8408604073045556,0.9716867285375588,387,387.0,18.0,0.0475528123098322,0.9883249800308697
선박,여름,S시각5_특보없는때_파고+달력,좌초좌주,wh[0-0.5],1.1109636073283349,0.8017001312091065,1.539528420615988,0.5272718961905747,365,365.0,237.0,0.6267365903026958,0.760324525784353
선박,여름,S시각5_특보없는때_파고+달력,좌초좌주,wh[1-1.5],0.945576120022986,0.5892309803386973,1.5174256422223025,0.8166154002789674,365,365.0,29.0,0.0843683871561321,0.9320060271158747
선박,여름,S시각6_특보없는때_풍속+달력,좌초좌주,ws[0-4],0.8609701018083148,0.6627068309378101,1.1185481748525723,0.2622762627340154,365,365.0,179.0,0.5150427822246757,0.5826283223925663
선박,여름,S시각6_특보없는때_풍속+달력,좌초좌주,ws[6-8],0.8553228171460975,0.5901442255638011,1.2396581883552549,0.4091663530222853,365,365.0,50.0,0.1445395160548348,0.6917428860176522
선박,여름,S시각6_특보없는때_풍속+달력,좌초좌주,ws[8-10],0.7631726768706919,0.4557547749381767,1.2779515799938348,0.3041626330831208,365,365.0,19.0,0.0616432054466832,0.6247312918464949
선박,여름,S시각6_특보없는때_풍속+달력,좌초좌주,ws[10-12],1.900388582364967,0.960415062053566,3.7603291604580265,0.0651831172919252,365,365.0,10.0,0.0135247032845707,0.25706711603484916
선박,여름,S시각3_특보유무(풍랑·태풍)+달력,표류,any_warn,3.938963547335658,2.244369904282805,6.913046640677136,1.7797635427641012e-06,126,126.0,23.0,0.0600640683395622,0.00010280751758790279
선박,여름,S시각4_특보최고수준+달력,표류,warn_주의보,4.2360691895571785,2.4112196519401032,7.441993998463549,5.131905322919295e-07,126,126.0,22.0,0.0531233315536572,5.039531027106747e-05
선박,여름,S시각5_특보없는때_파고+달력,표류,wh[0-0.5],0.45694995845534,0.2675424779195117,0.7804490193708752,0.0041354422096795,103,103.0,57.0,0.6748082930985515,0.04667820976902608
선박,여름,S시각5_특보없는때_파고+달력,표류,wh[1-1.5],0.8038709594112279,0.3373272429329978,1.9156724899123616,0.6221863562409471,103,103.0,8.0,0.0710025560920193,0.8212190884793146
선박,여름,S시각6_특보없는때_풍속+달력,표류,ws[0-4],0.8294893642620018,0.4904201714098542,1.402985940496237,0.4856773094262405,103,103.0,44.0,0.5180346492473729,0.7297627559530963
선박,여름,S시각6_특보없는때_풍속+달력,표류,ws[6-8],1.4580798118825968,0.7382666012340066,2.879714095512383,0.2774424523758911,103,103.0,20.0,0.1428571428571428,0.5941704455727892
선박,여름,S시각6_특보없는때_풍속+달력,표류,ws[8-10],1.892261221874013,0.8091321962048641,4.425299782412252,0.1411882280739518,103,103.0,10.0,0.0576540755467196,0.41635687678264466
선박,여름,S시각8_특보있는때만_풍속+달력,표류,ws[10-14],1.4379209471135506,0.2059525683117085,10.03928558452643,0.7141277779861372,23,23.0,8.0,0.2711111111111111,0.868786584535936
선박,여름,S시각5_특보없는때_파고+달력,접촉,wh[0-0.5],0.9021211881427024,0.4963830589637785,1.63950526392841,0.73539970490948,90,90.0,56.0,0.634009009009009,0.8860889695964532
선박,여름,S시각5_특보없는때_파고+달력,접촉,wh[1-1.5],0.7318866056593668,0.2888695308685232,1.8543250370956923,0.5104937659591124,90,90.0,6.0,0.0848348348348348,0.7482162360773857
선박,여름,S시각6_특보없는때_풍속+달력,접촉,ws[0-4],0.9894385211342204,0.5649069692295128,1.7330085136664783,0.9703812192742424,90,90.0,48.0,0.527027027027027,0.9883249800308697
선박,여름,S시각6_특보없는때_풍속+달력,접촉,ws[6-8],0.8092505138441936,0.38529293004359,1.6997103842081942,0.576169862104789,90,90.0,11.0,0.1493993993993994,0.785236612180351
선박,여름,S시각3_특보유무(풍랑·태풍)+달력,충돌,any_warn,0.4488612782152963,0.2475183043100398,0.8139860510223177,0.0083468449915455,541,541.0,15.0,0.0601958705009045,0.07318394447944357
선박,여름,S시각4_특보최고수준+달력,충돌,warn_주의보,0.4315925648610599,0.2232673555611479,0.8343008388986473,0.0124643200439615,541,541.0,12.0,0.0507766202981722,0.0920297916027834
선박,여름,S시각5_특보없는때_파고+달력,충돌,wh[0-0.5],1.2407679329254284,0.9578075147530314,1.6073219719653158,0.10234897610524,526,526.0,304.0,0.5254878534448427,0.3436352637906491
선박,여름,S시각5_특보없는때_파고+달력,충돌,wh[1-1.5],0.6191460596933945,0.4177767855227005,0.9175757402466466,0.0169137740613543,526,526.0,40.0,0.1133014735165272,0.11198523771829023
선박,여름,S시각5_특보없는때_파고+달력,충돌,wh[1.5-2],0.4178698490447561,0.2166064085415011,0.8061405565811387,0.0092466610910144,526,526.0,9.0,0.0347803000132749,0.07827776889117363
선박,여름,S시각6_특보없는때_풍속+달력,충돌,ws[0-4],1.2707099744900674,1.019680207117173,1.583539454819485,0.0328787045189293,526,526.0,298.0,0.5003982477100757,0.16827389594942968
선박,여름,S시각6_특보없는때_풍속+달력,충돌,ws[6-8],0.9731176120911066,0.7081487692376818,1.3372301528975226,0.8665542784904068,526,526.0,75.0,0.1590999601752289,0.9560745241862061
선박,여름,S시각6_특보없는때_풍속+달력,충돌,ws[8-10],0.7115395261644495,0.4114924653767503,1.230371245876365,0.2232171648965704,526,526.0,22.0,0.0627240143369175,0.5412327306874868
선박,여름,S시각6_특보없는때_풍속+달력,충돌,ws[10-12],0.7200362548047795,0.2855180333292265,1.815829992200436,0.4864479194971602,526,526.0,5.0,0.0144032921810699,0.7297627559530963
선박,여름,S시각8_특보있는때만_풍속+달력,충돌,ws[10-14],1.2190012808351431,0.2050065390521556,7.248374269172337,0.8276458728296812,15,15.0,5.0,0.2922279792746114,0.9335968595875371
선박,여름,S시각3_특보유무(풍랑·태풍)+달력,기상민감4종(전복·침몰·침수·표류),any_warn,1.8994889286312595,1.2552499624704747,2.874374266374532,0.002400410509769,827,827.0,76.0,0.0542651425782044,0.034664751773428794
선박,여름,S시각4_특보최고수준+달력,기상민감4종(전복·침몰·침수·표류),warn_주의보,1.9575489580667813,1.2932557941754037,2.9630626365541803,0.0014935755962772,827,827.0,72.0,0.0498718626693243,0.02444485392573684
선박,여름,S시각5_특보없는때_파고+달력,기상민감4종(전복·침몰·침수·표류),wh[0-0.5],0.9713492748655056,0.7577733378999628,1.2451208911579603,0.8185106514778016,751,751.0,487.0,0.6585659598262291,0.9320060271158747
선박,여름,S시각5_특보없는때_파고+달력,기상민감4종(전복·침몰·침수·표류),wh[1-1.5],1.2085817543153996,0.8586810795849421,1.7010621190933053,0.2773279444652721,751,751.0,70.0,0.0790571637489784,0.5941704455727892
선박,여름,S시각5_특보없는때_파고+달력,기상민감4종(전복·침몰·침수·표류),wh[1.5-2],0.9772565968307548,0.5588103840920894,1.709042070864316,0.9357012736092528,751,751.0,15.0,0.021549313948987,0.9782835898464297
선박,여름,S시각6_특보없는때_풍속+달력,기상민감4종(전복·침몰·침수·표류),ws[0-4],0.875816961363183,0.7164051356406973,1.070700517976388,0.1958147082486048,751,751.0,363.0,0.5174416103918448,0.49945465844189585
선박,여름,S시각6_특보없는때_풍속+달력,기상민감4종(전복·침몰·침수·표류),ws[6-8],1.0787215544035882,0.8342441398663061,1.394843711004521,0.5633356176492479,751,751.0,118.0,0.1394468579293733,0.7798803895105398
선박,여름,S시각6_특보없는때_풍속+달력,기상민감4종(전복·침몰·침수·표류),ws[8-10],0.941022968773616,0.6398358216095226,1.3839866382159598,0.757429258475828,751,751.0,42.0,0.0565615725407544,0.8987491076784241
선박,여름,S시각6_특보없는때_풍속+달력,기상민감4종(전복·침몰·침수·표류),ws[10-12],1.0463875052695122,0.5514683673232175,1.9854752802936624,0.8896447742027309,751,751.0,12.0,0.0148823605316357,0.9560745241862061
선박,여름,S시각6_특보없는때_풍속+달력,기상민감4종(전복·침몰·침수·표류),ws[12+],2.090975075657574,0.8603032951013531,5.08213416351742,0.1035421477387199,751,751.0,5.0,0.0033119704073293,0.3446725053539761
선박,여름,S시각8_특보있는때만_풍속+달력,기상민감4종(전복·침몰·침수·표류),ws[10-14],2.3484587156706,0.8580588057633352,6.427599486381113,0.0965133914408555,76,76.0,35.0,0.272863568215892,0.3360856396982982
선박,여름,S시각8_특보있는때만_풍속+달력,기상민감4종(전복·침몰·침수·표류),ws[14+],18.069145263561484,4.787269758103188,68.20046227874361,1.947912273525532e-05,76,76.0,11.0,0.0592203898050974,0.0008694772057282147
선박,여름,S시각3_특보유무(풍랑·태풍)+달력,충돌·접촉,any_warn,0.5044805638265568,0.2931761296334341,0.8680810391929573,0.0134782051198114,634,634.0,19.0,0.058203873164503,0.09732056932099115
선박,여름,S시각4_특보최고수준+달력,충돌·접촉,warn_주의보,0.5015511798988259,0.2800804558141784,0.8981475887942699,0.020266850278054,634,634.0,16.0,0.0498510321344967,0.1236685671656341
선박,여름,S시각5_특보없는때_파고+달력,충돌·접촉,wh[0-0.5],1.1879859888821105,0.9315321810327764,1.5150423555045682,0.1650254706367713,615,615.0,359.0,0.5415772229126652,0.4529678896356337
선박,여름,S시각5_특보없는때_파고+달력,충돌·접촉,wh[1-1.5],0.6335550806756615,0.4358361524332753,0.9209700434646602,0.0167862025161216,615,615.0,46.0,0.1091967009377471,0.11198523771829023
선박,여름,S시각5_특보없는때_파고+달력,충돌·접촉,wh[1.5-2],0.5121750688740555,0.2804658700276524,0.9353127393015052,0.0294318936067645,615,615.0,12.0,0.0330471133205287,0.1553877393647459
선박,여름,S시각6_특보없는때_풍속+달력,충돌·접촉,ws[0-4],1.22498394700561,0.9961776984764994,1.5063433689755934,0.054392666965191,615,615.0,345.0,0.5040108462320642,0.22492342217211256
선박,여름,S시각6_특보없는때_풍속+달력,충돌·접촉,ws[6-8],0.9437388632048688,0.7043172706536038,1.264548065244381,0.6981208798139811,615,615.0,86.0,0.1577787820585244,0.8661708303762162
선박,여름,S시각6_특보없는때_풍속+달력,충돌·접촉,ws[8-10],0.7366683898521118,0.4527680646418741,1.1985834668718225,0.2184679225133985,615,615.0,26.0,0.0604451474409671,0.5350012466537589
선박,여름,S시각6_특보없는때_풍속+달력,충돌·접촉,ws[10-12],0.8348533370855085,0.3473473844363148,2.006579365996634,0.6866333337172206,615,615.0,7.0,0.014687605920235,0.8661708303762162
선박,여름,S시각8_특보있는때만_풍속+달력,충돌·접촉,ws[10-14],1.4763890895619196,0.3994575521308659,5.456711813683213,0.5591264716264019,19,19.0,8.0,0.2961608775137112,0.7798803895105398
선박,가을,S시각3_특보유무(풍랑·태풍)+달력,전체,any_warn,1.0676602967123825,0.7598837427227092,1.5000959292689262,0.7059156695484852,2159,2159.0,229.0,0.1007739693571315,0.8661708303762162
선박,가을,S시각4_특보최고수준+달력,전체,warn_주의보,0.908224248383564,0.6533356996440061,1.2625535169765725,0.5667864691202964,2159,2159.0,163.0,0.0845522034433738,0.7798803895105398
선박,가을,S시각4_특보최고수준+달력,전체,warn_경보,2.0287710707843067,0.9800764515957208,4.199582645772115,0.0566781092156936,2159,2159.0,66.0,0.0162217659137577,0.2309456566382204
선박,가을,S시각5_특보없는때_파고+달력,전체,wh[0-0.5],1.112049997299824,0.9475106485262564,1.3051623202525615,0.1935941868826758,1930,1930.0,1292.0,0.6480238889864747,0.4950768008301761
선박,가을,S시각5_특보없는때_파고+달력,전체,wh[1-1.5],0.8179974934527695,0.6568918347159298,1.018615035128838,0.0726238882639718,1930,1930.0,137.0,0.0843140699104163,0.2761868770414774
선박,가을,S시각5_특보없는때_파고+달력,전체,wh[1.5-2],0.8129936983857821,0.5546995663772206,1.1915616915509006,0.2884929084612118,1930,1930.0,40.0,0.0239416827683119,0.605341957497671
선박,가을,S시각6_특보없는때_풍속+달력,전체,ws[0-4],0.9649322919706742,0.831680300960366,1.1195339447292625,0.6377773657319867,1930,1930.0,821.0,0.420604250834358,0.8306331208870171
선박,가을,S시각6_특보없는때_풍속+달력,전체,ws[6-8],0.9338971731130316,0.8016429648321366,1.0879705407645437,0.3800536198742259,1930,1930.0,355.0,0.1846302476725803,0.6789448893296345
선박,가을,S시각6_특보없는때_풍속+달력,전체,ws[8-10],0.7709214407302646,0.612245287681569,0.9707218327938112,0.0269164055359236,1930,1930.0,142.0,0.0889162128930265,0.14656091129581983
선박,가을,S시각6_특보없는때_풍속+달력,전체,ws[10-12],0.8773981917707715,0.6261063228914853,1.2295476962561254,0.4474282439412347,1930,1930.0,58.0,0.0320042157034955,0.7109620316347774
선박,가을,S시각6_특보없는때_풍속+달력,전체,ws[12+],0.9270381094157828,0.4876771833944253,1.762230601660362,0.8171817497176805,1930,1930.0,15.0,0.0079747057790268,0.9320060271158747
선박,가을,S시각7_특보있는때만_파고+달력,전체,wh[2-3],1.864238176955609,1.0034727494940214,3.463356610502035,0.0487272822948208,229,229.0,46.0,0.2286833855799373,0.2155414018626758
선박,가을,S시각7_특보있는때만_파고+달력,전체,wh[3+],5.252200732033084,2.110490551812816,13.070711217292144,0.000362879719119,229,229.0,39.0,0.0884012539184952,0.007581869876060809
선박,가을,S시각8_특보있는때만_풍속+달력,전체,ws[10-14],2.167660917833397,1.3034142001248474,3.604958311987284,0.002872509881455,229,229.0,95.0,0.4139498432601881,0.037546354351989476
선박,가을,S시각8_특보있는때만_풍속+달력,전체,ws[14+],6.219172958514114,2.9566971001467017,13.081526777292847,1.4532090486518712e-06,229,229.0,69.0,0.1105015673981191,8.919070536100859e-05
선박,가을,S시각3_특보유무(풍랑·태풍)+달력,전복,any_warn,1.581605970079217,0.912089834569694,2.7425779235554906,0.1026040512357646,200,200.0,27.0,0.0900119108388633,0.3436352637906491
선박,가을,S시각4_특보최고수준+달력,전복,warn_주의보,1.2027696319569698,0.6456539916598832,2.240603800556958,0.5607877622626345,200,200.0,18.0,0.0782712268164029,0.7798803895105398
선박,가을,S시각4_특보최고수준+달력,전복,warn_경보,5.829072007386146,1.769302011727494,19.204228697008915,0.0037555554635688,200,200.0,9.0,0.0117406840224604,0.04288320308400653
선박,가을,S시각5_특보없는때_파고+달력,전복,wh[0-0.5],0.7864572297028859,0.4961035831490414,1.2467456296644426,0.3068476523462968,173,173.0,116.0,0.6927823485415109,0.6263687293786305
선박,가을,S시각5_특보없는때_파고+달력,전복,wh[1-1.5],0.9734633110007656,0.4450570942141106,2.129234271701512,0.9463005374510808,173,173.0,11.0,0.0693717277486911,0.9795068800212435
선박,가을,S시각6_특보없는때_풍속+달력,전복,ws[0-4],0.927658317203393,0.6119089320846678,1.406336643174804,0.7235413078171287,173,173.0,72.0,0.4452131637995512,0.875021630882291
선박,가을,S시각6_특보없는때_풍속+달력,전복,ws[6-8],1.1470313583247675,0.7108723450990458,1.8507977501882529,0.5741384904145683,173,173.0,34.0,0.1783844427823485,0.785236612180351
선박,가을,S시각6_특보없는때_풍속+달력,전복,ws[8-10],1.1551419199197437,0.626173256530433,2.130964299800018,0.6443493461834042,173,173.0,16.0,0.0860134629768137,0.8341836134206237
선박,가을,S시각6_특보없는때_풍속+달력,전복,ws[10-12],1.2336678306424906,0.4328746291372751,3.515882460922665,0.6943227934708682,173,173.0,6.0,0.0299177262528047,0.8661708303762162
선박,가을,S시각8_특보있는때만_풍속+달력,전복,ws[10-14],2.8088392118247887,0.4964547843455962,15.891835403065317,0.2427956292030433,27,27.0,9.0,0.444234404536862,0.565448097569148
선박,가을,S시각8_특보있는때만_풍속+달력,전복,ws[14+],13.44759421100281,2.520824230358872,71.73756420059946,0.0023469100347721,27,27.0,13.0,0.0756143667296786,0.034397994838003015
선박,가을,S시각3_특보유무(풍랑·태풍)+달력,침수,any_warn,1.4572730135069254,0.9753917988808796,2.177222156606329,0.0660090309985883,548,548.0,78.0,0.1054040592703274,0.25722566841513383
선박,가을,S시각4_특보최고수준+달력,침수,warn_주의보,1.3185082194299669,0.8912842461922705,1.950515710483404,0.1663761371517416,548,548.0,59.0,0.0884696799900386,0.4529678896356337
선박,가을,S시각4_특보최고수준+달력,침수,warn_경보,2.300415732788325,0.8533650582212151,6.201229465254531,0.0996418387984241,548,548.0,19.0,0.0169343792802888,0.3397509920140711
선박,가을,S시각5_특보없는때_파고+달력,침수,wh[0-0.5],1.0160622703257782,0.788565089862396,1.3091912772346093,0.901936939105975,470,470.0,300.0,0.6280882455285685,0.9658692194133779
선박,가을,S시각5_특보없는때_파고+달력,침수,wh[1-1.5],0.7311229119284778,0.4822580079327824,1.1084123094982,0.1401676460982432,470,470.0,35.0,0.0930475328832904,0.41635687678264466
선박,가을,S시각5_특보없는때_파고+달력,침수,wh[1.5-2],0.8921173803548021,0.4900009933525258,1.6242281773468414,0.7088368924410129,470,470.0,13.0,0.0272809520495511,0.8679274668043324
선박,가을,S시각6_특보없는때_풍속+달력,침수,ws[0-4],0.8066941301716825,0.6250282916474661,1.0411615415650528,0.0989146108229226,470,470.0,196.0,0.4254993388544784,0.33844650811188154
선박,가을,S시각6_특보없는때_풍속+달력,침수,ws[6-8],0.7466229237180106,0.5622310780958051,0.99148875247028,0.0434805324553513,470,470.0,78.0,0.1810842786554388,0.19952281715492978
선박,가을,S시각6_특보없는때_풍속+달력,침수,ws[8-10],0.6732344320234249,0.4601700036692842,0.9849503375879368,0.0415387008526157,470,470.0,35.0,0.089707008142529,0.19332229496335837
선박,가을,S시각6_특보없는때_풍속+달력,침수,ws[10-12],0.5450258489524108,0.2905904000393695,1.0222401565435435,0.0585644437457202,470,470.0,11.0,0.0345883499199665,0.23764580065412083
선박,가을,S시각7_특보있는때만_파고+달력,침수,wh[2-3],2.265155971316433,0.772912011175214,6.6384420221247495,0.1361060886359686,78,78.0,18.0,0.2468989958653278,0.4119664780450794
선박,가을,S시각7_특보있는때만_파고+달력,침수,wh[3+],2.510031828043522,0.6345947019837964,9.928005635874934,0.1895950236501717,78,78.0,10.0,0.1027761370348493,0.4891760628916386
선박,가을,S시각8_특보있는때만_풍속+달력,침수,ws[10-14],2.638285782834092,1.1165641421978862,6.233902387553921,0.0270137728559505,78,78.0,36.0,0.4051978735971648,0.14656091129581983
선박,가을,S시각8_특보있는때만_풍속+달력,침수,ws[14+],6.265508818821817,2.054986447417267,19.10309472263048,0.0012537493150319,78,78.0,20.0,0.1104548139397519,0.021227272885540098
선박,가을,S시각3_특보유무(풍랑·태풍)+달력,침몰,any_warn,1.368957911568106,0.5849284450391526,3.203888919301008,0.4691313324787209,83,83.0,10.0,0.0933772110242698,0.7223443257351831
선박,가을,S시각4_특보최고수준+달력,침몰,warn_주의보,1.1432775402727342,0.4504558675368822,2.9016905501515144,0.7781170809611406,83,83.0,7.0,0.0777457836281365,0.9097387206535544
선박,가을,S시각5_특보없는때_파고+달력,침몰,wh[0-0.5],1.402751437093234,0.722713458090761,2.7226718587271974,0.3171968755496066,73,73.0,49.0,0.6438294010889292,0.6304764037862938
선박,가을,S시각5_특보없는때_파고+달력,침몰,wh[1-1.5],1.4788688818672877,0.4651896769758951,4.701422404669417,0.5072827175015946,73,73.0,5.0,0.073502722323049,0.7465208781432957
선박,가을,S시각5_특보없는때_파고+달력,침몰,wh[1.5-2],5.6012988566282536,1.3204423486970356,23.76063514792921,0.0194378183000543,73,73.0,5.0,0.0167876588021778,0.12215907840974857
선박,가을,S시각6_특보없는때_풍속+달력,침몰,ws[0-4],0.5576955950508735,0.2994448169260264,1.0386700959862731,0.0657065642818199,73,73.0,19.0,0.3874773139745917,0.25706711603484916
선박,가을,S시각6_특보없는때_풍속+달력,침몰,ws[6-8],1.2711331510436237,0.6464857729415883,2.49932721694725,0.4867562170562913,73,73.0,19.0,0.1973684210526315,0.7297627559530963
선박,가을,S시각6_특보없는때_풍속+달력,침몰,ws[10-12],3.464678413205749,1.479938432907185,8.11114586932735,0.0041932105613509,73,73.0,10.0,0.0390199637023593,0.04679241785507482
선박,가을,S시각3_특보유무(풍랑·태풍)+달력,좌초좌주,any_warn,0.4496090865517231,0.2645130978076612,0.7642280567023775,0.0031422536348588,417,417.0,19.0,0.0944984876972124,0.039181160129910894
선박,가을,S시각4_특보최고수준+달력,좌초좌주,warn_주의보,0.4154067830274211,0.2409151715793231,0.7162803166523423,0.0015752679861087,417,417.0,15.0,0.0818278427205101,0.02535923216981547
선박,가을,S시각5_특보없는때_파고+달력,좌초좌주,wh[0-0.5],1.136080658986283,0.838191340035626,1.539838461785884,0.4108885260904582,398,398.0,285.0,0.6825855376004333,0.6920969684748369
선박,가을,S시각5_특보없는때_파고+달력,좌초좌주,wh[1-1.5],0.7499814791469498,0.456721760875878,1.2315424121346128,0.2555529001725802,398,398.0,21.0,0.0683398031958111,0.5792845433141478
선박,가을,S시각6_특보없는때_풍속+달력,좌초좌주,ws[0-4],0.9852607072754688,0.7539480785751945,1.2875404671571704,0.9133877290225264,398,398.0,172.0,0.4258373205741627,0.9676971467125856
선박,가을,S시각6_특보없는때_풍속+달력,좌초좌주,ws[6-8],0.977400556897132,0.7135225012745612,1.3388671652489668,0.8867833886571594,398,398.0,74.0,0.1824501218741536,0.9560745241862061
선박,가을,S시각6_특보없는때_풍속+달력,좌초좌주,ws[8-10],0.7980280467722002,0.5129362047090602,1.2415749903953,0.3170846291429254,398,398.0,29.0,0.087207727724113,0.6304764037862938
선박,가을,S시각6_특보없는때_풍속+달력,좌초좌주,ws[10-12],0.7552922065702306,0.3769417434572015,1.5134071171676935,0.4286761917791279,398,398.0,9.0,0.0291595197255574,0.7025429486225356
선박,가을,S시각8_특보있는때만_풍속+달력,좌초좌주,ws[10-14],0.9701553021490652,0.2720941849046254,3.459101158732424,0.962742182349516,19,19.0,8.0,0.421280276816609,0.9831495721234941
선박,가을,S시각3_특보유무(풍랑·태풍)+달력,표류,any_warn,5.265816135462161,3.2318803254303003,8.57977919364999,2.5610624732053108e-11,172,172.0,59.0,0.1048659384309831,2.5149633486876152e-08
선박,가을,S시각4_특보최고수준+달력,표류,warn_주의보,4.413107583925396,2.64683155802008,7.358049849559825,1.2565400275832417e-08,172,172.0,42.0,0.0873882820258192,2.4678446141734865e-06
선박,가을,S시각4_특보최고수준+달력,표류,warn_경보,12.809190365032997,4.675934727536135,35.08931740245003,7.050775536754372e-07,172,172.0,17.0,0.0174776564051638,6.294419615538904e-05
선박,가을,S시각5_특보없는때_파고+달력,표류,wh[0-0.5],1.201443094864061,0.6638191439594544,2.174486113170456,0.5443078104876999,113,113.0,83.0,0.7053472376303528,0.7712486753405793
선박,가을,S시각5_특보없는때_파고+달력,표류,wh[1-1.5],1.529619877852232,0.6214548373352236,3.764934843460848,0.3550353294887687,113,113.0,8.0,0.0647881073885067,0.6617021887824621
선박,가을,S시각6_특보없는때_풍속+달력,표류,ws[0-4],0.9236956208225116,0.5658184652449034,1.507928164835321,0.7509250127509175,113,113.0,48.0,0.4597293099622809,0.896000440487729
선박,가을,S시각6_특보없는때_풍속+달력,표류,ws[6-8],1.2503017394063554,0.6802427196770965,2.298083308123631,0.4719527140981729,113,113.0,21.0,0.1646327934324384,0.7223443257351831
선박,가을,S시각6_특보없는때_풍속+달력,표류,ws[8-10],1.1143515004270812,0.4911926293311729,2.5280901877435387,0.7955940507229204,113,113.0,9.0,0.0787663634346572,0.9256793338979952
선박,가을,S시각6_특보없는때_풍속+달력,표류,ws[10-12],1.895824797737368,0.6475394423920687,5.550475273658721,0.2431743103525918,113,113.0,6.0,0.0301752828932771,0.565448097569148
선박,가을,S시각7_특보있는때만_파고+달력,표류,wh[2-3],5.339363301843525,1.2382468222578402,23.023519993445213,0.024665378190996,59,59.0,11.0,0.1818181818181818,0.13840800790604613
선박,가을,S시각7_특보있는때만_파고+달력,표류,wh[3+],29.73245054451624,6.066601140139981,145.71892810505523,2.8756101013716066e-05,59,59.0,13.0,0.0625,0.0011766037998112158
선박,가을,S시각8_특보있는때만_풍속+달력,표류,ws[10-14],3.650507263348159,1.0606444655811298,12.564250992868004,0.0400371755657169,59,59.0,19.0,0.3674242424242424,0.19178783612455605
선박,가을,S시각8_특보있는때만_풍속+달력,표류,ws[14+],20.59506064248736,4.901665697400253,86.53313976363103,3.621220008742654e-05,59,59.0,26.0,0.1022727272727272,0.0013677069417635716
선박,가을,S시각3_특보유무(풍랑·태풍)+달력,접촉,any_warn,0.6584429792495957,0.2575121395562801,1.683598907881119,0.3829780939057827,128,128.0,8.0,0.0889007186585041,0.6789448893296345
선박,가을,S시각4_특보최고수준+달력,접촉,warn_주의보,0.5945962320468102,0.2213865018810791,1.5969567979992554,0.30237432680894,128,128.0,6.0,0.0734628693106201,0.6224980899924089
선박,가을,S시각5_특보없는때_파고+달력,접촉,wh[0-0.5],1.1615642434304654,0.6879534522690206,1.9612249741114456,0.5751988218130142,120,120.0,81.0,0.6503067484662577,0.785236612180351
선박,가을,S시각5_특보없는때_파고+달력,접촉,wh[1-1.5],1.059961757917745,0.5218704154251194,2.1528695535132982,0.8720302979110703,120,120.0,10.0,0.0844288635699678,0.9560745241862061
선박,가을,S시각6_특보없는때_풍속+달력,접촉,ws[0-4],0.8780873218695647,0.5401429117702022,1.4274691531194137,0.5999922044521928,120,120.0,47.0,0.3897166228454572,0.8031676899135543
선박,가을,S시각6_특보없는때_풍속+달력,접촉,ws[6-8],0.7955993175688251,0.4691705635268036,1.3491431972155647,0.3961015231494322,120,120.0,22.0,0.1977797253870873,0.6817355690654932
선박,가을,S시각6_특보없는때_풍속+달력,접촉,ws[8-10],0.8894313653929254,0.4214350192320706,1.877129611075574,0.7584811068904993,120,120.0,11.0,0.0923166812737364,0.8987491076784241
선박,가을,S시각3_특보유무(풍랑·태풍)+달력,충돌,any_warn,0.3998529610155121,0.2483436511784994,0.6437949578101178,0.0001617951299195,629,629.0,30.0,0.1062618595825427,0.004294130204890514
선박,가을,S시각4_특보최고수준+달력,충돌,warn_주의보,0.2964824051069016,0.1673757038983922,0.525176680310393,3.076066188167914e-05,629,629.0,18.0,0.0869070208728652,0.0012082787987123566
선박,가을,S시각4_특보최고수준+달력,충돌,warn_경보,0.8698517810290907,0.4045302509322517,1.8704216043566024,0.7211214186003967,629,629.0,12.0,0.0193548387096774,0.8742484358834438
선박,가을,S시각5_특보없는때_파고+달력,충돌,wh[0-0.5],1.24778671774648,0.9981511321829524,1.5598556599133877,0.0519254862252975,599,599.0,389.0,0.6123142250530785,0.22073951287117813
선박,가을,S시각5_특보없는때_파고+달력,충돌,wh[1-1.5],0.7329147156853295,0.5053318524572337,1.0629925223515722,0.1014264625622884,599,599.0,47.0,0.0990597512890506,0.3436352637906491
선박,가을,S시각5_특보없는때_파고+달력,충돌,wh[1.5-2],0.5368516650772974,0.2839057127291418,1.0151599540768348,0.0556572439541835,599,599.0,11.0,0.0295420078859569,0.22868373875735648
선박,가을,S시각6_특보없는때_풍속+달력,충돌,ws[0-4],1.167235758719654,0.9325304654794984,1.4610131967466526,0.1769770801270915,599,599.0,272.0,0.4077039733090688,0.4634439804928103
선박,가을,S시각6_특보없는때_풍속+달력,충돌,ws[6-8],0.9587561500975784,0.744757422480032,1.2342453094176125,0.7437900393610533,599,599.0,111.0,0.1909614801334546,0.8908584275138561
선박,가을,S시각6_특보없는때_풍속+달력,충돌,ws[8-10],0.6755365533676675,0.4612189664438217,0.9894424733971834,0.0439560516500892,599,599.0,38.0,0.0899605702153472,0.1999707629885638
선박,가을,S시각6_특보없는때_풍속+달력,충돌,ws[10-12],0.7679185574426266,0.4390101971321168,1.3432465002340237,0.3546344908786256,599,599.0,15.0,0.0310585380649074,0.6617021887824621
선박,가을,S시각8_특보있는때만_풍속+달력,충돌,ws[10-14],1.6407593394777436,0.6079329728638201,4.428269776850025,0.3283210518276873,30,30.0,17.0,0.4214285714285714,0.639462522112631
선박,가을,S시각3_특보유무(풍랑·태풍)+달력,기상민감4종(전복·침몰·침수·표류),any_warn,1.973433385686008,1.3659615430765373,2.85106073994495,0.0002930536856773,997,997.0,173.0,0.1010640117691333,0.006640346177903286
선박,가을,S시각4_특보최고수준+달력,기상민감4종(전복·침몰·침수·표류),warn_주의보,1.6793339443346602,1.1747264415593164,2.4006972149627965,0.0044660240154699,997,997.0,125.0,0.0853604297102193,0.04766995199121133
선박,가을,S시각4_특보최고수준+달력,기상민감4종(전복·침몰·침수·표류),warn_경보,4.178703542776768,1.8619861698722229,9.377923198867473,0.0005257515552712,997,997.0,48.0,0.015703582058914,0.010325760545526369
선박,가을,S시각5_특보없는때_파고+달력,기상민감4종(전복·침몰·침수·표류),wh[0-0.5],0.9914920823873484,0.7966408173275793,1.2340022354548357,0.938991787776336,824,824.0,543.0,0.6553377735490009,0.9782835898464297
선박,가을,S시각5_특보없는때_파고+달력,기상민감4종(전복·침몰·침수·표류),wh[1-1.5],0.8771971105407063,0.6246525394531999,1.231844460945499,0.4494429211496045,824,824.0,59.0,0.0818648905803996,0.7130096099659314
선박,가을,S시각5_특보없는때_파고+달력,기상민감4종(전복·침몰·침수·표류),wh[1.5-2],1.2393281667453342,0.7612478126091339,2.017653488716142,0.3881832358959824,824,824.0,24.0,0.0228734538534728,0.6789448893296345
선박,가을,S시각6_특보없는때_풍속+달력,기상민감4종(전복·침몰·침수·표류),ws[0-4],0.8284719163462912,0.6716082806787212,1.0219732780555673,0.0789097020924152,824,824.0,333.0,0.432197906755471,0.2924125564330254
선박,가을,S시각6_특보없는때_풍속+달력,기상민감4종(전복·침몰·침수·표류),ws[6-8],0.9299135733177146,0.7450984566775842,1.160570453596721,0.5203769607520949,824,824.0,152.0,0.1791817316841103,0.7555778444421369
선박,가을,S시각6_특보없는때_풍속+달력,기상민감4종(전복·침몰·침수·표류),ws[8-10],0.7955768286362246,0.5820191024406397,1.0874943581897756,0.1515620338300167,824,824.0,64.0,0.0881826831588962,0.4276836701755069
선박,가을,S시각6_특보없는때_풍속+달력,기상민감4종(전복·침몰·침수·표류),ws[10-12],1.094129594831594,0.7096082041705137,1.6870148389641348,0.6838581175721474,824,824.0,33.0,0.0331493815413891,0.8656224398867933
선박,가을,S시각6_특보없는때_풍속+달력,기상민감4종(전복·침몰·침수·표류),ws[12+],1.1248275968533483,0.4650815564660664,2.720462906026233,0.7940519934686332,824,824.0,7.0,0.0072312083729781,0.924981088477103
선박,가을,S시각7_특보있는때만_파고+달력,기상민감4종(전복·침몰·침수·표류),wh[2-3],2.86007580760216,1.3862384518222628,5.900884955599223,0.0044573566218955,173,173.0,39.0,0.2234258632362897,0.04766995199121133
선박,가을,S시각7_특보있는때만_파고+달력,기상민감4종(전복·침몰·침수·표류),wh[3+],7.24493895893239,2.636670561192416,19.907356380130597,0.0001230465858914,173,173.0,33.0,0.0880162491536899,0.003356437426259856
선박,가을,S시각8_특보있는때만_풍속+달력,기상민감4종(전복·침몰·침수·표류),ws[10-14],2.605673062897136,1.4726094384628752,4.610545018504517,0.0010042521349085,173,173.0,65.0,0.4055517941773865,0.017610278508574054
선박,가을,S시각8_특보있는때만_풍속+달력,기상민감4종(전복·침몰·침수·표류),ws[14+],9.952344275429784,4.666291664906067,21.22652497733955,2.748955729714453e-09,173,173.0,63.0,0.1022342586323628,8.998248421931976e-07
선박,가을,S시각3_특보유무(풍랑·태풍)+달력,충돌·접촉,any_warn,0.438257271387088,0.2785982703989768,0.689413597753481,0.0003582935729311,755,755.0,38.0,0.1033283656234475,0.007581869876060809
선박,가을,S시각4_특보최고수준+달력,충돌·접촉,warn_주의보,0.3407914059538023,0.199344988055697,0.5826019680992436,8.33061822003156e-05,755,755.0,24.0,0.0846317120534706,0.002618987490473776
선박,가을,S시각4_특보최고수준+달력,충돌·접촉,warn_경보,0.8902603164652013,0.4370387585901356,1.813485452936689,0.7488025157982736,755,755.0,14.0,0.0186966535699769,0.8945548303088864
선박,가을,S시각5_특보없는때_파고+달력,충돌·접촉,wh[0-0.5],1.233330590102961,1.000018026593106,1.5210769246489144,0.0499761004507335,717,717.0,469.0,0.618836565096953,0.21600871395447924
선박,가을,S시각5_특보없는때_파고+달력,충돌·접촉,wh[1-1.5],0.7799064983162516,0.5605641391843169,1.0850750228171833,0.1401071975487275,717,717.0,57.0,0.096398891966759,0.41635687678264466
선박,가을,S시각5_특보없는때_파고+달력,충돌·접촉,wh[1.5-2],0.6155372399138589,0.3463594535364543,1.0939100690112784,0.0981172819519344,717,717.0,14.0,0.0285066733820196,0.33844650811188154
선박,가을,S시각6_특보없는때_풍속+달력,충돌·접촉,ws[0-4],1.112790461087476,0.9028066468372106,1.3716144144766829,0.3165033240990136,717,717.0,319.0,0.4045832284059431,0.6304764037862938
선박,가을,S시각6_특보없는때_풍속+달력,충돌·접촉,ws[6-8],0.9162173674420558,0.7274961561572341,1.1538951199915612,0.4571299063017955,717,717.0,131.0,0.1921934021657013,0.719818207492608
선박,가을,S시각6_특보없는때_풍속+달력,충돌·접촉,ws[8-10],0.7134376076889308,0.5057214961246914,1.006469418376091,0.0544461869373384,717,717.0,49.0,0.0904054394359103,0.22492342217211256
선박,가을,S시각6_특보없는때_풍속+달력,충돌·접촉,ws[10-12],0.6530519866527726,0.3835042111202392,1.1120527099959818,0.1166633430647519,717,717.0,16.0,0.0317804079576932,0.3731706934514214
선박,가을,S시각7_특보있는때만_파고+달력,충돌·접촉,wh[2-3],0.5879611697919271,0.1448649872271468,2.3863484462331805,0.4574354652142154,38,38.0,5.0,0.2543706293706294,0.719818207492608
선박,가을,S시각8_특보있는때만_풍속+달력,충돌·접촉,ws[10-14],1.6286259055614416,0.674298849344085,3.9336005731671246,0.2783283146267648,38,38.0,23.0,0.4204545454545454,0.5941704455727892
선박,겨울,S시각3_특보유무(풍랑·태풍)+달력,전체,any_warn,1.0675280797554585,0.7687740754968813,1.4823811538257303,0.6964482945470347,1312,1312.0,193.0,0.1397880413450216,0.8661708303762162
선박,겨울,S시각4_특보최고수준+달력,전체,warn_주의보,0.912213328826616,0.6659824804544547,1.2494820535235442,0.5670413422714109,1312,1312.0,148.0,0.1261284835797461,0.7798803895105398
선박,겨울,S시각4_특보최고수준+달력,전체,warn_경보,2.5991042562477595,1.340071748622022,5.041030781964958,0.0047119687175776,1312,1312.0,45.0,0.0136595577652754,0.0492250349006511
선박,겨울,S시각5_특보없는때_파고+달력,전체,wh[0-0.5],1.0143949136047703,0.8530967013691155,1.2061903874388626,0.8714941440077824,1118,1118.0,564.0,0.4927708638360176,0.9560745241862061
선박,겨울,S시각5_특보없는때_파고+달력,전체,wh[1-1.5],0.7104228266509401,0.5680069392942939,0.8885465259522436,0.0027423303912412,1118,1118.0,125.0,0.1336322596388482,0.037546354351989476
선박,겨울,S시각5_특보없는때_파고+달력,전체,wh[1.5-2],0.4905284452859668,0.3188053568142832,0.7547494121149204,0.0011959881457688,1118,1118.0,30.0,0.044869448511469,0.020604567704297572
선박,겨울,S시각5_특보없는때_파고+달력,전체,wh[2+],0.5081766753346831,0.2044901467502193,1.2628654116506222,0.1449786403031498,1118,1118.0,5.0,0.0070461200585651,0.421210132478382
선박,겨울,S시각6_특보없는때_풍속+달력,전체,ws[0-4],1.0199456316768898,0.8473902404578951,1.2276387453018578,0.8345664751658812,1118,1118.0,357.0,0.3118899463152757,0.9344860645529024
선박,겨울,S시각6_특보없는때_풍속+달력,전체,ws[6-8],1.013728605757839,0.8461165003737995,1.2145439613548916,0.8824454468795004,1118,1118.0,254.0,0.2192837969741337,0.9560745241862061
선박,겨울,S시각6_특보없는때_풍속+달력,전체,ws[8-10],0.8890300530965485,0.7047956462871768,1.1214235494678482,0.320823442979822,1118,1118.0,134.0,0.1273487066861884,0.6304764037862938
선박,겨울,S시각6_특보없는때_풍속+달력,전체,ws[10-12],0.6895595345285312,0.4870927029907241,0.9761845101347364,0.0360899056393009,1118,1118.0,45.0,0.053471205466081,0.17989993572484003
선박,겨울,S시각6_특보없는때_풍속+달력,전체,ws[12+],1.1104315149229282,0.6610467330333436,1.8653116152255955,0.6922324973645826,1118,1118.0,21.0,0.0154648609077598,0.8661708303762162
선박,겨울,S시각7_특보있는때만_파고+달력,전체,wh[2-3],0.784802843041814,0.4342580311631573,1.418316895134417,0.4222264683009959,188,188.0,33.0,0.2869861716234135,0.7025429486225356
선박,겨울,S시각7_특보있는때만_파고+달력,전체,wh[3+],3.639129048901717,1.6068424783965845,8.241791222606546,0.0019540590260778,188,188.0,49.0,0.1083538548967607,0.02998259318138124
선박,겨울,S시각8_특보있는때만_풍속+달력,전체,ws[10-14],0.8092580883429952,0.4782214860484365,1.3694463186085868,0.4303779898371518,188,188.0,58.0,0.4563364273536655,0.7025429486225356
선박,겨울,S시각8_특보있는때만_풍속+달력,전체,ws[14+],2.3520173343959705,1.2257276991719268,4.513225527200215,0.0101084238981676,188,188.0,54.0,0.1479446864936541,0.08203696089256679
선박,겨울,S시각3_특보유무(풍랑·태풍)+달력,전복,any_warn,2.252967180132162,1.191472022296612,4.260159718201971,0.0124546005644639,121,121.0,31.0,0.1406693136698809,0.0920297916027834
선박,겨울,S시각4_특보최고수준+달력,전복,warn_주의보,1.6882694873765869,0.8997645786003559,3.167777360652011,0.1028806186908868,121,121.0,21.0,0.128757799205899,0.3436352637906491
선박,겨울,S시각4_특보최고수준+달력,전복,warn_경보,9.018478778000173,2.489903345229651,32.66510711151235,0.0008103311474814,121,121.0,10.0,0.0119115144639818,0.014468094305940633
선박,겨울,S시각5_특보없는때_파고+달력,전복,wh[0-0.5],0.8631365165981121,0.4758580118942133,1.565602821983678,0.6280544446954937,90,90.0,43.0,0.4708994708994709,0.8239329835295915
선박,겨울,S시각5_특보없는때_파고+달력,전복,wh[1-1.5],0.9473013373437552,0.4657307698483207,1.92682099150444,0.8811989783589411,90,90.0,12.0,0.1574074074074074,0.9560745241862061
선박,겨울,S시각5_특보없는때_파고+달력,전복,wh[1.5-2],1.1838797471304403,0.3792736669608579,3.695408824178352,0.7713211404420217,90,90.0,5.0,0.0575396825396825,0.9071106106755272
선박,겨울,S시각6_특보없는때_풍속+달력,전복,ws[0-4],0.7855308336887299,0.4339068599978375,1.4220994124840207,0.4253609580961486,90,90.0,26.0,0.3210978835978836,0.7025429486225356
선박,겨울,S시각6_특보없는때_풍속+달력,전복,ws[6-8],0.9606555707931798,0.5416506131545662,1.7037904200297134,0.8907923914322682,90,90.0,21.0,0.22255291005291,0.9560745241862061
선박,겨울,S시각6_특보없는때_풍속+달력,전복,ws[8-10],0.5971195127116479,0.2589528236204471,1.3768983379907127,0.2264028794850232,90,90.0,8.0,0.1279761904761904,0.5449771377018068
선박,겨울,S시각7_특보있는때만_파고+달력,전복,wh[3+],14.27265327638733,2.134502481972588,95.43611837814024,0.0061041842321187,31,31.0,15.0,0.1004098360655737,0.060548574908490534
선박,겨울,S시각8_특보있는때만_풍속+달력,전복,ws[10-14],0.7282750878199094,0.3031994056023686,1.7492930188480336,0.4781959450783772,31,31.0,11.0,0.4364754098360656,0.7265497703954635
선박,겨울,S시각8_특보있는때만_풍속+달력,전복,ws[14+],1.987768807071013,0.4165897222248605,9.484691099104422,0.3888541707802919,31,31.0,6.0,0.1639344262295081,0.6789448893296345
선박,겨울,S시각3_특보유무(풍랑·태풍)+달력,침수,any_warn,1.4659318737949592,0.9552658542845018,2.249589733548654,0.0800243383953551,348,348.0,61.0,0.1274383602336865,0.2943217239859128
선박,겨울,S시각4_특보최고수준+달력,침수,warn_주의보,1.2673928492914155,0.8295558978286327,1.9363187443299148,0.2731497254451978,348,348.0,48.0,0.1168432518071096,0.5920479256426893
선박,겨울,S시각4_특보최고수준+달력,침수,warn_경보,3.754108627672877,1.4218811620511689,9.911750689514204,0.007572000128857,348,348.0,13.0,0.0105951084265768,0.06949256193025771
선박,겨울,S시각5_특보없는때_파고+달력,침수,wh[0-0.5],0.8689442054860945,0.6305614933935475,1.1974471009707022,0.3905476062507986,287,287.0,154.0,0.5427009792757914,0.6789448893296345
선박,겨울,S시각5_특보없는때_파고+달력,침수,wh[1-1.5],0.7209148439986285,0.4623531870872527,1.1240718714879074,0.1487605271365795,287,287.0,31.0,0.1205875654748348,0.4268645818996161
선박,겨울,S시각6_특보없는때_풍속+달력,침수,ws[0-4],1.2666027932087176,0.9176651501585752,1.748222252405358,0.1505998647596649,287,287.0,108.0,0.3408107492598496,0.4268645818996161
선박,겨울,S시각6_특보없는때_풍속+달력,침수,ws[6-8],1.182115904583662,0.8364444689787994,1.6706405071644606,0.3431214394637742,287,287.0,60.0,0.205306308358005,0.652678647705264
선박,겨울,S시각6_특보없는때_풍속+달력,침수,ws[8-10],1.1682479913821904,0.772836871540991,1.765965651518651,0.4607290248017466,287,287.0,35.0,0.1175130949669779,0.7214656652849742
선박,겨울,S시각6_특보없는때_풍속+달력,침수,ws[10-12],0.540622271516042,0.2501798244198119,1.1682494427237269,0.1177134953493834,287,287.0,7.0,0.0487360510134365,0.37530731309446264
선박,겨울,S시각6_특보없는때_풍속+달력,침수,ws[12+],2.786348991919035,1.2510659013420449,6.205700831938507,0.012131863482375,287,287.0,9.0,0.012753359143703,0.0920297916027834
선박,겨울,S시각7_특보있는때만_파고+달력,침수,wh[2-3],0.6135781068047429,0.2634694403980619,1.4289250874078292,0.2574363242106408,58,58.0,11.0,0.26953125,0.5797065399545406
선박,겨울,S시각7_특보있는때만_파고+달력,침수,wh[3+],1.8482812265518376,0.4084225543145166,8.364238106677314,0.4251803064076509,58,58.0,9.0,0.08203125,0.7025429486225356
선박,겨울,S시각8_특보있는때만_풍속+달력,침수,ws[10-14],0.5728934080939473,0.2255449707282057,1.455172580340998,0.2414926857359751,58,58.0,13.0,0.43671875,0.565448097569148
선박,겨울,S시각8_특보있는때만_풍속+달력,침수,ws[14+],1.5328858156478753,0.5105045320086188,4.602777794291513,0.4463894900975536,58,58.0,15.0,0.13984375,0.7104610685183105
선박,겨울,S시각3_특보유무(풍랑·태풍)+달력,침몰,any_warn,1.7035404751580894,0.6968733846625873,4.164386550516585,0.2427705287000494,50,50.0,13.0,0.1686086360520904,0.565448097569148
선박,겨울,S시각4_특보최고수준+달력,침몰,warn_주의보,1.0544626425760306,0.4081205070915215,2.724419491959228,0.91280483671272,50,50.0,7.0,0.1453050034270048,0.9676971467125856
선박,겨울,S시각4_특보최고수준+달력,침몰,warn_경보,6.775627947561156,1.697383259917356,27.04700533337832,0.0067455023181111,50,50.0,6.0,0.0233036326250856,0.0634905254844286
선박,겨울,S시각5_특보없는때_파고+달력,침몰,wh[0-0.5],1.4723590535639852,0.6124143045081041,3.539827803913008,0.3873713297185368,36,36.0,17.0,0.4061207609594706,0.6789448893296345
선박,겨울,S시각5_특보없는때_파고+달력,침몰,wh[1-1.5],1.5123481764686049,0.5241253272094768,4.363836067692627,0.4442045594286807,36,36.0,5.0,0.1645988420181968,0.7089687977522167
선박,겨울,S시각5_특보없는때_파고+달력,침몰,wh[1.5-2],4.53624646220718,1.2576249256076737,16.362217022650277,0.0208763023013456,36,36.0,5.0,0.0595533498759305,0.12424562945406897
선박,겨울,S시각6_특보없는때_풍속+달력,침몰,ws[0-4],1.4404023595599769,0.5399715681659203,3.842348523040061,0.4660131921347086,36,36.0,11.0,0.293631100082713,0.7223443257351831
선박,겨울,S시각6_특보없는때_풍속+달력,침몰,ws[6-8],2.101792391071769,0.8991212252420214,4.91316535651585,0.0864283840698894,36,36.0,12.0,0.2266335814722911,0.31292711768100473
선박,겨울,S시각3_특보유무(풍랑·태풍)+달력,좌초좌주,any_warn,0.7977270169407981,0.4092449492579381,1.554981667363658,0.5069304706898006,234,234.0,24.0,0.1240822320117474,0.7465208781432957
선박,겨울,S시각4_특보최고수준+달력,좌초좌주,warn_주의보,0.6989917880473316,0.3434226604964463,1.4227061168628437,0.3233187671478421,234,234.0,19.0,0.1120411160058737,0.6337305974833951
선박,겨울,S시각4_특보최고수준+달력,좌초좌주,warn_경보,1.7825192024067065,0.6661834238825118,4.769519314111608,0.2496906870938509,234,234.0,5.0,0.0120411160058737,0.5723099150291545
선박,겨울,S시각5_특보없는때_파고+달력,좌초좌주,wh[0-0.5],1.1775935232779775,0.8143896476844369,1.702780124979652,0.3849522855735905,210,210.0,118.0,0.5252100840336135,0.6789448893296345
선박,겨울,S시각5_특보없는때_파고+달력,좌초좌주,wh[1-1.5],0.5442756061918343,0.3039274446538254,0.9746929430242888,0.0407342684336839,210,210.0,18.0,0.1208403361344537,0.19324179517815263
선박,겨울,S시각6_특보없는때_풍속+달력,좌초좌주,ws[0-4],1.001833625884668,0.6924891651066266,1.4493665237328008,0.9922423682287198,210,210.0,66.0,0.3021848739495798,0.9958748412921122
선박,겨울,S시각6_특보없는때_풍속+달력,좌초좌주,ws[6-8],0.8801409140001482,0.5723304364046784,1.353497873297245,0.5609316470511301,210,210.0,45.0,0.2242016806722689,0.7798803895105398
선박,겨울,S시각6_특보없는때_풍속+달력,좌초좌주,ws[8-10],0.919999552734863,0.5392729036273635,1.569519201389744,0.7596351928442893,210,210.0,27.0,0.1289075630252101,0.8987491076784241
선박,겨울,S시각6_특보없는때_풍속+달력,좌초좌주,ws[10-12],0.6913862204912823,0.312334770207856,1.5304569054771116,0.3626604862940037,210,210.0,9.0,0.0552941176470588,0.6669149766679993
선박,겨울,S시각8_특보있는때만_풍속+달력,좌초좌주,ws[10-14],0.169875767687803,0.0513676878133539,0.5617885031612874,0.0036733198260052,24,24.0,6.0,0.516245487364621,0.04243764787220125
선박,겨울,S시각8_특보있는때만_풍속+달력,좌초좌주,ws[14+],1.9072733462038685,0.3794296228900576,9.587263085659886,0.4332037017845163,24,24.0,9.0,0.1492178098676293,0.7025429486225356
선박,겨울,S시각3_특보유무(풍랑·태풍)+달력,표류,any_warn,3.712794999971144,2.1398579229783268,6.441944843059724,3.0733637874647e-06,100,100.0,32.0,0.1194131695667007,0.00015884438101528082
선박,겨울,S시각4_특보최고수준+달력,표류,warn_주의보,2.9618284344958195,1.614071111252115,5.434969757052864,0.0004552502128336,100,100.0,24.0,0.1119071989082224,0.009313660604220734
선박,겨울,S시각4_특보최고수준+달력,표류,warn_경보,16.958995904614298,6.50353261172372,44.223279756337824,7.085905862069808e-09,100,100.0,8.0,0.0075059706584783,1.7395898891381378e-06
선박,겨울,S시각5_특보없는때_파고+달력,표류,wh[0-0.5],0.7635731249891677,0.4122938209374548,1.414146629411095,0.3909453456515379,68,68.0,42.0,0.5922178988326848,0.6789448893296345
선박,겨울,S시각6_특보없는때_풍속+달력,표류,ws[0-4],0.8265360478142224,0.4379133294927231,1.5600389216919393,0.5566462231625913,68,68.0,23.0,0.390272373540856,0.7798803895105398
선박,겨울,S시각6_특보없는때_풍속+달력,표류,ws[6-8],1.158953029313315,0.5695263811796505,2.358401943334776,0.6840356551447573,68,68.0,14.0,0.1867704280155642,0.8656224398867933
선박,겨울,S시각6_특보없는때_풍속+달력,표류,ws[8-10],1.57075791788842,0.6903385958290101,3.574014913140224,0.2816875030487953,68,68.0,10.0,0.0992217898832684,0.5981645001241189
선박,겨울,S시각7_특보있는때만_파고+달력,표류,wh[2-3],1.1759062351602108,0.2136747294172054,6.471310283907251,0.852259207053615,30,30.0,5.0,0.2354651162790697,0.947812617583975
선박,겨울,S시각7_특보있는때만_파고+달력,표류,wh[3+],5.696526762332203,1.0012484131842967,32.40995613742257,0.0498316216806746,30,30.0,8.0,0.0523255813953488,0.21600871395447924
선박,겨울,S시각8_특보있는때만_풍속+달력,표류,ws[10-14],1.0698478006961267,0.2832632363165874,4.040673726452495,0.9206773140360536,30,30.0,9.0,0.4825581395348837,0.9690301418900371
선박,겨울,S시각8_특보있는때만_풍속+달력,표류,ws[14+],8.519328133684837,2.0530621093488435,35.351561708190786,0.0031696791057718,30,30.0,12.0,0.0872093023255814,0.039181160129910894
선박,겨울,S시각3_특보유무(풍랑·태풍)+달력,접촉,any_warn,1.2233922836120743,0.68841150620532,2.1741192093834294,0.4918989299018879,97,97.0,15.0,0.1308677098150782,0.735227928711802
선박,겨울,S시각4_특보최고수준+달력,접촉,warn_주의보,1.1903458010025525,0.6494083633156786,2.181867690662368,0.5730133126188361,97,97.0,13.0,0.1162873399715505,0.785236612180351
선박,겨울,S시각5_특보없는때_파고+달력,접촉,wh[0-0.5],1.2836726128466218,0.760213614726025,2.167568884656628,0.3501497946474921,82,82.0,50.0,0.5413934426229509,0.660981082204557
선박,겨울,S시각5_특보없는때_파고+달력,접촉,wh[1-1.5],1.0520936949593716,0.4421016858357038,2.5037252252971856,0.9086020550140872,82,82.0,8.0,0.1004098360655737,0.9676971467125856
선박,겨울,S시각6_특보없는때_풍속+달력,접촉,ws[0-4],0.8527517418374353,0.4587815497251568,1.585036568367704,0.6145159709359671,82,82.0,23.0,0.3016393442622951,0.8154793019717833
선박,겨울,S시각6_특보없는때_풍속+달력,접촉,ws[6-8],1.0104280765559432,0.5597034516827644,1.824117565869896,0.9725415131344112,82,82.0,20.0,0.2282786885245901,0.9883249800308697
선박,겨울,S시각6_특보없는때_풍속+달력,접촉,ws[8-10],0.6500712350845671,0.2729422421376181,1.5482858474918748,0.3307084313001569,82,82.0,7.0,0.1217213114754098,0.639462522112631
선박,겨울,S시각6_특보없는때_풍속+달력,접촉,ws[10-12],1.3038729566554663,0.5394064028940515,3.151769571099052,0.555710523005942,82,82.0,7.0,0.0581967213114754,0.7798803895105398
선박,겨울,S시각7_특보있는때만_파고+달력,접촉,wh[2-3],1.3000031786677284,0.3243242467233615,5.210860062484697,0.7110933483465338,15,15.0,5.0,0.1906077348066298,0.8685244627814629
선박,겨울,S시각8_특보있는때만_풍속+달력,접촉,ws[10-14],2.462021476432598,0.5353696961062775,11.322175675053629,0.2471122286528739,15,15.0,7.0,0.494475138121547,0.5696342923406624
선박,겨울,S시각8_특보있는때만_풍속+달력,접촉,ws[14+],14.548801605279015,2.552839672862541,82.914579556194,0.0025653875342297,15,15.0,5.0,0.1685082872928177,0.036510297950921235
선박,겨울,S시각3_특보유무(풍랑·태풍)+달력,충돌,any_warn,0.2724970258368869,0.1659398952794923,0.4474790644219828,2.782995278671763e-07,375,375.0,20.0,0.1634106262552492,3.0365570707285237e-05
선박,겨울,S시각4_특보최고수준+달력,충돌,warn_주의보,0.2741904916264736,0.1629534237171888,0.4613614368044544,1.0948994844106608e-06,375,375.0,18.0,0.1455176191345627,8.270702259163606e-05
선박,겨울,S시각5_특보없는때_파고+달력,충돌,wh[0-0.5],1.0686570503269843,0.806095248646939,1.4167406309992618,0.644372084095667,355,355.0,146.0,0.3983597594313832,0.8341836134206237
선박,겨울,S시각5_특보없는때_파고+달력,충돌,wh[1-1.5],0.6385205902383083,0.4431566873679018,0.920009910218966,0.0160662355948599,355,355.0,48.0,0.1631492618917441,0.10920100509479097
선박,겨울,S시각5_특보없는때_파고+달력,충돌,wh[1.5-2],0.4289477793830247,0.2339060292760576,0.7866244320725673,0.0062244048021793,355,355.0,13.0,0.0636413340623291,0.060854898137786946
선박,겨울,S시각6_특보없는때_풍속+달력,충돌,ws[0-4],1.034816644192867,0.7561515255371501,1.41617843902105,0.8306970330139705,355,355.0,106.0,0.2680153089119738,0.9335968595875371
선박,겨울,S시각6_특보없는때_풍속+달력,충돌,ws[6-8],0.8999155291615656,0.6527102622876512,1.2407464788246862,0.5198608479555384,355,355.0,83.0,0.2347731000546747,0.7555778444421369
선박,겨울,S시각6_특보없는때_풍속+달력,충돌,ws[8-10],0.7449371504496626,0.4906273325162975,1.1310649067877394,0.1669800163422601,355,355.0,44.0,0.1429196282121377,0.4529678896356337
선박,겨울,S시각6_특보없는때_풍속+달력,충돌,ws[10-12],0.6189669376870469,0.3567179156448506,1.07401409670468,0.0879976261077359,355,355.0,16.0,0.0630945872061235,0.3165335854864346
선박,겨울,S시각7_특보있는때만_파고+달력,충돌,wh[2-3],0.8248081911538488,0.1218615449238353,5.582635216217582,0.8435049235525398,20,20.0,6.0,0.3098194130925508,0.9413708752195293
선박,겨울,S시각8_특보있는때만_풍속+달력,충돌,ws[10-14],0.5412642949259946,0.1271481617337131,2.3041389900335,0.406210644905177,20,20.0,9.0,0.4401805869074492,0.6894420555615325
선박,겨울,S시각3_특보유무(풍랑·태풍)+달력,기상민감4종(전복·침몰·침수·표류),any_warn,1.900741649465582,1.3108744219130948,2.75603731190405,0.0007041254150497,615,615.0,135.0,0.1320670391061452,0.013046248256203876
선박,겨울,S시각4_특보최고수준+달력,기상민감4종(전복·침몰·침수·표류),warn_주의보,1.5373363990803186,1.0675294956179815,2.2138996755017915,0.0208223872071346,615,615.0,99.0,0.1206703910614525,0.12424562945406897
선박,겨울,S시각4_특보최고수준+달력,기상민감4종(전복·침몰·침수·표류),warn_경보,6.217614889663074,2.993256941823709,12.91527445438956,9.606498090342086e-07,615,615.0,36.0,0.0113966480446927,7.86131760392994e-05
선박,겨울,S시각5_특보없는때_파고+달력,기상민감4종(전복·침몰·침수·표류),wh[0-0.5],0.8831118653362402,0.6885093205552683,1.1327175150928843,0.3277010371358035,479,479.0,255.0,0.5288989344526962,0.639462522112631
선박,겨울,S시각5_특보없는때_파고+달력,기상민감4종(전복·침몰·침수·표류),wh[1-1.5],0.8154127378586241,0.5862137712037943,1.1342243490744417,0.2255270994793718,479,479.0,51.0,0.1262512108492089,0.5449771377018068
선박,겨울,S시각5_특보없는때_파고+달력,기상민감4종(전복·침몰·침수·표류),wh[1.5-2],0.776438214728315,0.4131798482140645,1.459065111467292,0.431756718539233,479,479.0,15.0,0.0395221181788827,0.7025429486225356
선박,겨울,S시각6_특보없는때_풍속+달력,기상민감4종(전복·침몰·침수·표류),ws[0-4],1.0687037941241468,0.8213949328786776,1.3904733933196085,0.6207281481043783,479,479.0,166.0,0.342912495963836,0.8203970948028256
선박,겨울,S시각6_특보없는때_풍속+달력,기상민감4종(전복·침몰·침수·표류),ws[6-8],1.1820952201446675,0.9072958532632728,1.5401250920116318,0.2152380504418238,479,479.0,107.0,0.206716176945431,0.5297337482051904
선박,겨울,S시각6_특보없는때_풍속+달력,기상민감4종(전복·침몰·침수·표류),ws[8-10],1.0397347887726207,0.7462279675224146,1.4486838848633403,0.8178948535733845,479,479.0,56.0,0.1182434614142718,0.9320060271158747
선박,겨울,S시각6_특보없는때_풍속+달력,기상민감4종(전복·침몰·침수·표류),ws[10-12],0.625997215155507,0.33798315349279,1.1594439229670352,0.1363432844853878,479,479.0,14.0,0.0462382951243138,0.4119664780450794
선박,겨울,S시각6_특보없는때_풍속+달력,기상민감4종(전복·침몰·침수·표류),ws[12+],2.383817365780034,1.2630759955916784,4.499005010963331,0.007346725304052,479,479.0,15.0,0.0128511462705844,0.06806117215640627
선박,겨울,S시각7_특보있는때만_파고+달력,기상민감4종(전복·침몰·침수·표류),wh[2-3],0.6634865214512606,0.3438662886630336,1.2801905236452975,0.2211803513758332,130,130.0,19.0,0.2825994014536127,0.5389555956602188
선박,겨울,S시각7_특보있는때만_파고+달력,기상민감4종(전복·침몰·침수·표류),wh[3+],5.5090189219649615,2.356782177021347,12.877426593969483,8.184012489897974e-05,130,130.0,41.0,0.0833689610944848,0.002618987490473776
선박,겨울,S시각8_특보있는때만_풍속+달력,기상민감4종(전복·침몰·침수·표류),ws[10-14],0.8080675841445936,0.4277473611754258,1.526539447843573,0.5114148831387673,130,130.0,36.0,0.4420692603676785,0.7484492030436207
선박,겨울,S시각8_특보있는때만_풍속+달력,기상민감4종(전복·침몰·침수·표류),ws[14+],3.007925523899753,1.442854764932039,6.270635255346555,0.0033016724444832,130,130.0,38.0,0.1351004702864472,0.03919499890406956
선박,겨울,S시각3_특보유무(풍랑·태풍)+달력,충돌·접촉,any_warn,0.4153664399654276,0.272885404026908,0.6322407754448487,4.148663405167952e-05,469,469.0,35.0,0.1575021936238666,0.0015088842458796034
선박,겨울,S시각4_특보최고수준+달력,충돌·접촉,warn_주의보,0.4119882483848323,0.2664565466760962,0.6370056165800678,6.653909811338288e-05,469,469.0,31.0,0.140172565077508,0.002253151529218689
선박,겨울,S시각5_특보없는때_파고+달력,충돌·접촉,wh[0-0.5],1.120098857553286,0.8737533004162403,1.435898954652872,0.3707820358884344,434,434.0,195.0,0.4272545438733803,0.6767805933874397
선박,겨울,S시각5_특보없는때_파고+달력,충돌·접촉,wh[1-1.5],0.6887453481812763,0.4854442423457882,0.977187724689188,0.0366807584156059,434,434.0,56.0,0.1504478650317419,0.1810075616287688
선박,겨울,S시각5_특보없는때_파고+달력,충돌·접촉,wh[1.5-2],0.4126278889028421,0.2271849565235011,0.7494412363646246,0.0036459010401437,434,434.0,13.0,0.0558309418210279,0.04243764787220125
선박,겨울,S시각6_특보없는때_풍속+달력,충돌·접촉,ws[0-4],1.003144183401421,0.7560883045777959,1.3309268859197956,0.9826377417516472,434,434.0,129.0,0.275328289416471,0.9930912810173705
선박,겨울,S시각6_특보없는때_풍속+달력,충돌·접촉,ws[6-8],0.9138756955548036,0.6961069429873918,1.1997708043847262,0.5166545461239505,434,434.0,102.0,0.23332463692495,0.7549922087704157
선박,겨울,S시각6_특보없는때_풍속+달력,충돌·접촉,ws[8-10],0.7345299499672591,0.5041953844512627,1.0700896200906365,0.1080269047507531,434,434.0,51.0,0.1381859292112357,0.35360806821746515
선박,겨울,S시각6_특보없는때_풍속+달력,충돌·접촉,ws[10-12],0.7111471287604015,0.4371036674893164,1.157002963734053,0.1698383025005294,434,434.0,22.0,0.062092355857031,0.4569348302890955
선박,겨울,S시각7_특보있는때만_파고+달력,충돌·접촉,wh[2-3],0.9550956018673032,0.2963181669692107,3.0784734464189984,0.9386705547388678,35,35.0,11.0,0.2896713615023474,0.9782835898464297
선박,겨울,S시각8_특보있는때만_풍속+달력,충돌·접촉,ws[10-14],1.0045481819804998,0.3697365499279754,2.729286704592508,0.9928999955014488,35,35.0,16.0,0.4488262910798122,0.9958748412921122
선박,겨울,S시각8_특보있는때만_풍속+달력,충돌·접촉,ws[14+],1.691008862505004,0.5087395786664839,5.620775526382009,0.3913266877398911,35,35.0,7.0,0.1610328638497652,0.6789448893296345
